route;date;hour;prediction
1;2025-11-01;0;4
1;2025-11-01;1;0
1;2025-11-01;2;0
1;2025-11-01;3;0
1;2025-11-01;4;8
1;2025-11-01;5;103
1;2025-11-01;6;429
1;2025-11-01;7;1265
1;2025-11-01;8;1691
1;2025-11-01;9;1284
1;2025-11-01;10;1174
1;2025-11-01;11;1172
1;2025-11-01;12;1229
1;2025-11-01;13;1294
1;2025-11-01;14;1238
1;2025-11-01;15;1360
1;2025-11-01;16;1360
1;2025-11-01;17;1585
1;2025-11-01;18;1623
1;2025-11-01;19;1194
1;2025-11-01;20;777
1;2025-11-01;21;411
1;2025-11-01;22;161
1;2025-11-01;23;34
1;2025-11-02;0;0
1;2025-11-02;1;0
1;2025-11-02;2;0
1;2025-11-02;3;0
1;2025-11-02;4;0
1;2025-11-02;5;21
1;2025-11-02;6;117
1;2025-11-02;7;266
1;2025-11-02;8;358
1;2025-11-02;9;622
1;2025-11-02;10;704
1;2025-11-02;11;749
1;2025-11-02;12;868
1;2025-11-02;13;891
1;2025-11-02;14;832
1;2025-11-02;15;744
1;2025-11-02;16;684
1;2025-11-02;17;602
1;2025-11-02;18;516
1;2025-11-02;19;448
1;2025-11-02;20;344
1;2025-11-02;21;283
1;2025-11-02;22;103
1;2025-11-02;23;26
1;2025-11-03;0;0
1;2025-11-03;1;0
1;2025-11-03;2;0
1;2025-11-03;3;0
1;2025-11-03;4;0
1;2025-11-03;5;21
1;2025-11-03;6;117
1;2025-11-03;7;269
1;2025-11-03;8;361
1;2025-11-03;9;616
1;2025-11-03;10;685
1;2025-11-03;11;718
1;2025-11-03;12;815
1;2025-11-03;13;875
1;2025-11-03;14;809
1;2025-11-03;15;727
1;2025-11-03;16;670
1;2025-11-03;17;587
1;2025-11-03;18;515
1;2025-11-03;19;462
1;2025-11-03;20;352
1;2025-11-03;21;288
1;2025-11-03;22;105
1;2025-11-03;23;27
1;2025-11-04;0;0
1;2025-11-04;1;0
1;2025-11-04;2;0
1;2025-11-04;3;0
1;2025-11-04;4;0
1;2025-11-04;5;20
1;2025-11-04;6;114
1;2025-11-04;7;264
1;2025-11-04;8;353
1;2025-11-04;9;587
1;2025-11-04;10;675
1;2025-11-04;11;685
1;2025-11-04;12;781
1;2025-11-04;13;811
1;2025-11-04;14;772
1;2025-11-04;15;722
1;2025-11-04;16;665
1;2025-11-04;17;577
1;2025-11-04;18;503
1;2025-11-04;19;452
1;2025-11-04;20;347
1;2025-11-04;21;284
1;2025-11-04;22;104
1;2025-11-04;23;27
1;2025-11-05;0;4
1;2025-11-05;1;0
1;2025-11-05;2;0
1;2025-11-05;3;0
1;2025-11-05;4;10
1;2025-11-05;5;123
1;2025-11-05;6;509
1;2025-11-05;7;1505
1;2025-11-05;8;1996
1;2025-11-05;9;1488
1;2025-11-05;10;1352
1;2025-11-05;11;1351
1;2025-11-05;12;1419
1;2025-11-05;13;1482
1;2025-11-05;14;1418
1;2025-11-05;15;1546
1;2025-11-05;16;1568
1;2025-11-05;17;1836
1;2025-11-05;18;1907
1;2025-11-05;19;1402
1;2025-11-05;20;911
1;2025-11-05;21;479
1;2025-11-05;22;187
1;2025-11-05;23;40
1;2025-11-06;0;4
1;2025-11-06;1;0
1;2025-11-06;2;0
1;2025-11-06;3;0
1;2025-11-06;4;10
1;2025-11-06;5;122
1;2025-11-06;6;508
1;2025-11-06;7;1513
1;2025-11-06;8;2004
1;2025-11-06;9;1495
1;2025-11-06;10;1358
1;2025-11-06;11;1350
1;2025-11-06;12;1414
1;2025-11-06;13;1470
1;2025-11-06;14;1413
1;2025-11-06;15;1540
1;2025-11-06;16;1559
1;2025-11-06;17;1826
1;2025-11-06;18;1896
1;2025-11-06;19;1395
1;2025-11-06;20;905
1;2025-11-06;21;477
1;2025-11-06;22;186
1;2025-11-06;23;40
1;2025-11-07;0;4
1;2025-11-07;1;0
1;2025-11-07;2;0
1;2025-11-07;3;0
1;2025-11-07;4;7
1;2025-11-07;5;139
1;2025-11-07;6;488
1;2025-11-07;7;1536
1;2025-11-07;8;1861
1;2025-11-07;9;1442
1;2025-11-07;10;1284
1;2025-11-07;11;1371
1;2025-11-07;12;1371
1;2025-11-07;13;1421
1;2025-11-07;14;1335
1;2025-11-07;15;1507
1;2025-11-07;16;1626
1;2025-11-07;17;1850
1;2025-11-07;18;1498
1;2025-11-07;19;1258
1;2025-11-07;20;805
1;2025-11-07;21;490
1;2025-11-07;22;181
1;2025-11-07;23;40
1;2025-11-08;0;4
1;2025-11-08;1;0
1;2025-11-08;2;0
1;2025-11-08;3;0
1;2025-11-08;4;1
1;2025-11-08;5;31
1;2025-11-08;6;155
1;2025-11-08;7;359
1;2025-11-08;8;492
1;2025-11-08;9;754
1;2025-11-08;10;925
1;2025-11-08;11;907
1;2025-11-08;12;1102
1;2025-11-08;13;1150
1;2025-11-08;14;1069
1;2025-11-08;15;928
1;2025-11-08;16;788
1;2025-11-08;17;738
1;2025-11-08;18;648
1;2025-11-08;19;561
1;2025-11-08;20;431
1;2025-11-08;21;305
1;2025-11-08;22;121
1;2025-11-08;23;25
1;2025-11-09;0;0
1;2025-11-09;1;0
1;2025-11-09;2;0
1;2025-11-09;3;0
1;2025-11-09;4;0
1;2025-11-09;5;21
1;2025-11-09;6;119
1;2025-11-09;7;273
1;2025-11-09;8;368
1;2025-11-09;9;636
1;2025-11-09;10;708
1;2025-11-09;11;748
1;2025-11-09;12;844
1;2025-11-09;13;871
1;2025-11-09;14;820
1;2025-11-09;15;734
1;2025-11-09;16;672
1;2025-11-09;17;584
1;2025-11-09;18;506
1;2025-11-09;19;441
1;2025-11-09;20;337
1;2025-11-09;21;276
1;2025-11-09;22;101
1;2025-11-09;23;26
1;2025-11-10;0;4
1;2025-11-10;1;0
1;2025-11-10;2;0
1;2025-11-10;3;0
1;2025-11-10;4;10
1;2025-11-10;5;124
1;2025-11-10;6;511
1;2025-11-10;7;1510
1;2025-11-10;8;2010
1;2025-11-10;9;1492
1;2025-11-10;10;1340
1;2025-11-10;11;1328
1;2025-11-10;12;1393
1;2025-11-10;13;1450
1;2025-11-10;14;1389
1;2025-11-10;15;1528
1;2025-11-10;16;1549
1;2025-11-10;17;1816
1;2025-11-10;18;1891
1;2025-11-10;19;1390
1;2025-11-10;20;897
1;2025-11-10;21;470
1;2025-11-10;22;183
1;2025-11-10;23;39
1;2025-11-11;0;4
1;2025-11-11;1;0
1;2025-11-11;2;0
1;2025-11-11;3;0
1;2025-11-11;4;10
1;2025-11-11;5;124
1;2025-11-11;6;512
1;2025-11-11;7;1521
1;2025-11-11;8;2012
1;2025-11-11;9;1507
1;2025-11-11;10;1364
1;2025-11-11;11;1355
1;2025-11-11;12;1422
1;2025-11-11;13;1484
1;2025-11-11;14;1422
1;2025-11-11;15;1552
1;2025-11-11;16;1571
1;2025-11-11;17;1846
1;2025-11-11;18;1915
1;2025-11-11;19;1410
1;2025-11-11;20;912
1;2025-11-11;21;478
1;2025-11-11;22;187
1;2025-11-11;23;40
1;2025-11-12;0;4
1;2025-11-12;1;0
1;2025-11-12;2;0
1;2025-11-12;3;0
1;2025-11-12;4;10
1;2025-11-12;5;123
1;2025-11-12;6;508
1;2025-11-12;7;1505
1;2025-11-12;8;1993
1;2025-11-12;9;1495
1;2025-11-12;10;1359
1;2025-11-12;11;1346
1;2025-11-12;12;1410
1;2025-11-12;13;1473
1;2025-11-12;14;1412
1;2025-11-12;15;1537
1;2025-11-12;16;1560
1;2025-11-12;17;1827
1;2025-11-12;18;1895
1;2025-11-12;19;1398
1;2025-11-12;20;901
1;2025-11-12;21;475
1;2025-11-12;22;186
1;2025-11-12;23;40
1;2025-11-13;0;4
1;2025-11-13;1;0
1;2025-11-13;2;0
1;2025-11-13;3;0
1;2025-11-13;4;10
1;2025-11-13;5;123
1;2025-11-13;6;510
1;2025-11-13;7;1515
1;2025-11-13;8;2006
1;2025-11-13;9;1503
1;2025-11-13;10;1368
1;2025-11-13;11;1357
1;2025-11-13;12;1421
1;2025-11-13;13;1478
1;2025-11-13;14;1424
1;2025-11-13;15;1553
1;2025-11-13;16;1572
1;2025-11-13;17;1845
1;2025-11-13;18;1919
1;2025-11-13;19;1405
1;2025-11-13;20;908
1;2025-11-13;21;474
1;2025-11-13;22;186
1;2025-11-13;23;40
1;2025-11-14;0;4
1;2025-11-14;1;0
1;2025-11-14;2;0
1;2025-11-14;3;0
1;2025-11-14;4;7
1;2025-11-14;5;140
1;2025-11-14;6;490
1;2025-11-14;7;1543
1;2025-11-14;8;1870
1;2025-11-14;9;1453
1;2025-11-14;10;1295
1;2025-11-14;11;1393
1;2025-11-14;12;1391
1;2025-11-14;13;1435
1;2025-11-14;14;1349
1;2025-11-14;15;1525
1;2025-11-14;16;1640
1;2025-11-14;17;1872
1;2025-11-14;18;1513
1;2025-11-14;19;1270
1;2025-11-14;20;814
1;2025-11-14;21;495
1;2025-11-14;22;183
1;2025-11-14;23;41
1;2025-11-15;0;4
1;2025-11-15;1;0
1;2025-11-15;2;0
1;2025-11-15;3;0
1;2025-11-15;4;1
1;2025-11-15;5;32
1;2025-11-15;6;155
1;2025-11-15;7;359
1;2025-11-15;8;495
1;2025-11-15;9;756
1;2025-11-15;10;923
1;2025-11-15;11;910
1;2025-11-15;12;1115
1;2025-11-15;13;1181
1;2025-11-15;14;1103
1;2025-11-15;15;967
1;2025-11-15;16;820
1;2025-11-15;17;774
1;2025-11-15;18;687
1;2025-11-15;19;595
1;2025-11-15;20;454
1;2025-11-15;21;318
1;2025-11-15;22;127
1;2025-11-15;23;26
1;2025-11-16;0;0
1;2025-11-16;1;0
1;2025-11-16;2;0
1;2025-11-16;3;0
1;2025-11-16;4;0
1;2025-11-16;5;21
1;2025-11-16;6;115
1;2025-11-16;7;262
1;2025-11-16;8;355
1;2025-11-16;9;615
1;2025-11-16;10;686
1;2025-11-16;11;724
1;2025-11-16;12;836
1;2025-11-16;13;868
1;2025-11-16;14;809
1;2025-11-16;15;730
1;2025-11-16;16;665
1;2025-11-16;17;574
1;2025-11-16;18;506
1;2025-11-16;19;442
1;2025-11-16;20;341
1;2025-11-16;21;281
1;2025-11-16;22;102
1;2025-11-16;23;26
1;2025-11-17;0;4
1;2025-11-17;1;0
1;2025-11-17;2;0
1;2025-11-17;3;0
1;2025-11-17;4;10
1;2025-11-17;5;119
1;2025-11-17;6;490
1;2025-11-17;7;1452
1;2025-11-17;8;1921
1;2025-11-17;9;1443
1;2025-11-17;10;1300
1;2025-11-17;11;1285
1;2025-11-17;12;1347
1;2025-11-17;13;1397
1;2025-11-17;14;1340
1;2025-11-17;15;1477
1;2025-11-17;16;1507
1;2025-11-17;17;1768
1;2025-11-17;18;1865
1;2025-11-17;19;1375
1;2025-11-17;20;887
1;2025-11-17;21;465
1;2025-11-17;22;181
1;2025-11-17;23;39
1;2025-11-18;0;4
1;2025-11-18;1;0
1;2025-11-18;2;0
1;2025-11-18;3;0
1;2025-11-18;4;9
1;2025-11-18;5;119
1;2025-11-18;6;496
1;2025-11-18;7;1476
1;2025-11-18;8;1963
1;2025-11-18;9;1471
1;2025-11-18;10;1323
1;2025-11-18;11;1315
1;2025-11-18;12;1379
1;2025-11-18;13;1430
1;2025-11-18;14;1378
1;2025-11-18;15;1500
1;2025-11-18;16;1508
1;2025-11-18;17;1757
1;2025-11-18;18;1808
1;2025-11-18;19;1326
1;2025-11-18;20;862
1;2025-11-18;21;456
1;2025-11-18;22;179
1;2025-11-18;23;38
1;2025-11-19;0;4
1;2025-11-19;1;0
1;2025-11-19;2;0
1;2025-11-19;3;0
1;2025-11-19;4;10
1;2025-11-19;5;124
1;2025-11-19;6;511
1;2025-11-19;7;1518
1;2025-11-19;8;2012
1;2025-11-19;9;1509
1;2025-11-19;10;1369
1;2025-11-19;11;1359
1;2025-11-19;12;1429
1;2025-11-19;13;1483
1;2025-11-19;14;1425
1;2025-11-19;15;1554
1;2025-11-19;16;1573
1;2025-11-19;17;1846
1;2025-11-19;18;1916
1;2025-11-19;19;1414
1;2025-11-19;20;915
1;2025-11-19;21;483
1;2025-11-19;22;188
1;2025-11-19;23;40
1;2025-11-20;0;4
1;2025-11-20;1;0
1;2025-11-20;2;0
1;2025-11-20;3;0
1;2025-11-20;4;10
1;2025-11-20;5;124
1;2025-11-20;6;514
1;2025-11-20;7;1525
1;2025-11-20;8;2020
1;2025-11-20;9;1516
1;2025-11-20;10;1376
1;2025-11-20;11;1365
1;2025-11-20;12;1440
1;2025-11-20;13;1497
1;2025-11-20;14;1433
1;2025-11-20;15;1564
1;2025-11-20;16;1583
1;2025-11-20;17;1846
1;2025-11-20;18;1925
1;2025-11-20;19;1411
1;2025-11-20;20;912
1;2025-11-20;21;479
1;2025-11-20;22;187
1;2025-11-20;23;40
1;2025-11-21;0;4
1;2025-11-21;1;0
1;2025-11-21;2;0
1;2025-11-21;3;0
1;2025-11-21;4;7
1;2025-11-21;5;143
1;2025-11-21;6;501
1;2025-11-21;7;1562
1;2025-11-21;8;1890
1;2025-11-21;9;1445
1;2025-11-21;10;1288
1;2025-11-21;11;1381
1;2025-11-21;12;1378
1;2025-11-21;13;1424
1;2025-11-21;14;1338
1;2025-11-21;15;1519
1;2025-11-21;16;1638
1;2025-11-21;17;1870
1;2025-11-21;18;1537
1;2025-11-21;19;1286
1;2025-11-21;20;823
1;2025-11-21;21;501
1;2025-11-21;22;184
1;2025-11-21;23;41
1;2025-11-22;0;4
1;2025-11-22;1;0
1;2025-11-22;2;0
1;2025-11-22;3;0
1;2025-11-22;4;1
1;2025-11-22;5;31
1;2025-11-22;6;151
1;2025-11-22;7;348
1;2025-11-22;8;483
1;2025-11-22;9;761
1;2025-11-22;10;941
1;2025-11-22;11;924
1;2025-11-22;12;1109
1;2025-11-22;13;1157
1;2025-11-22;14;1073
1;2025-11-22;15;933
1;2025-11-22;16;794
1;2025-11-22;17;748
1;2025-11-22;18;655
1;2025-11-22;19;564
1;2025-11-22;20;433
1;2025-11-22;21;304
1;2025-11-22;22;121
1;2025-11-22;23;25
1;2025-11-23;0;0
1;2025-11-23;1;0
1;2025-11-23;2;0
1;2025-11-23;3;0
1;2025-11-23;4;0
1;2025-11-23;5;21
1;2025-11-23;6;119
1;2025-11-23;7;270
1;2025-11-23;8;367
1;2025-11-23;9;635
1;2025-11-23;10;704
1;2025-11-23;11;743
1;2025-11-23;12;858
1;2025-11-23;13;898
1;2025-11-23;14;836
1;2025-11-23;15;747
1;2025-11-23;16;688
1;2025-11-23;17;600
1;2025-11-23;18;522
1;2025-11-23;19;455
1;2025-11-23;20;346
1;2025-11-23;21;281
1;2025-11-23;22;103
1;2025-11-23;23;26
1;2025-11-24;0;4
1;2025-11-24;1;0
1;2025-11-24;2;0
1;2025-11-24;3;0
1;2025-11-24;4;9
1;2025-11-24;5;117
1;2025-11-24;6;486
1;2025-11-24;7;1441
1;2025-11-24;8;1911
1;2025-11-24;9;1385
1;2025-11-24;10;1287
1;2025-11-24;11;1276
1;2025-11-24;12;1338
1;2025-11-24;13;1394
1;2025-11-24;14;1341
1;2025-11-24;15;1481
1;2025-11-24;16;1502
1;2025-11-24;17;1751
1;2025-11-24;18;1815
1;2025-11-24;19;1331
1;2025-11-24;20;856
1;2025-11-24;21;449
1;2025-11-24;22;175
1;2025-11-24;23;37
1;2025-11-25;0;4
1;2025-11-25;1;0
1;2025-11-25;2;0
1;2025-11-25;3;0
1;2025-11-25;4;10
1;2025-11-25;5;124
1;2025-11-25;6;511
1;2025-11-25;7;1522
1;2025-11-25;8;2012
1;2025-11-25;9;1506
1;2025-11-25;10;1362
1;2025-11-25;11;1354
1;2025-11-25;12;1423
1;2025-11-25;13;1480
1;2025-11-25;14;1416
1;2025-11-25;15;1554
1;2025-11-25;16;1568
1;2025-11-25;17;1840
1;2025-11-25;18;1918
1;2025-11-25;19;1412
1;2025-11-25;20;913
1;2025-11-25;21;478
1;2025-11-25;22;188
1;2025-11-25;23;40
1;2025-11-26;0;4
1;2025-11-26;1;0
1;2025-11-26;2;0
1;2025-11-26;3;0
1;2025-11-26;4;10
1;2025-11-26;5;124
1;2025-11-26;6;512
1;2025-11-26;7;1523
1;2025-11-26;8;2026
1;2025-11-26;9;1493
1;2025-11-26;10;1353
1;2025-11-26;11;1343
1;2025-11-26;12;1406
1;2025-11-26;13;1459
1;2025-11-26;14;1405
1;2025-11-26;15;1529
1;2025-11-26;16;1542
1;2025-11-26;17;1816
1;2025-11-26;18;1893
1;2025-11-26;19;1394
1;2025-11-26;20;900
1;2025-11-26;21;474
1;2025-11-26;22;185
1;2025-11-26;23;40
1;2025-11-27;0;4
1;2025-11-27;1;0
1;2025-11-27;2;0
1;2025-11-27;3;0
1;2025-11-27;4;10
1;2025-11-27;5;121
1;2025-11-27;6;499
1;2025-11-27;7;1478
1;2025-11-27;8;1952
1;2025-11-27;9;1461
1;2025-11-27;10;1325
1;2025-11-27;11;1318
1;2025-11-27;12;1385
1;2025-11-27;13;1443
1;2025-11-27;14;1381
1;2025-11-27;15;1507
1;2025-11-27;16;1526
1;2025-11-27;17;1791
1;2025-11-27;18;1865
1;2025-11-27;19;1375
1;2025-11-27;20;885
1;2025-11-27;21;472
1;2025-11-27;22;185
1;2025-11-27;23;39
1;2025-11-28;0;4
1;2025-11-28;1;0
1;2025-11-28;2;0
1;2025-11-28;3;0
1;2025-11-28;4;7
1;2025-11-28;5;139
1;2025-11-28;6;494
1;2025-11-28;7;1533
1;2025-11-28;8;1868
1;2025-11-28;9;1440
1;2025-11-28;10;1288
1;2025-11-28;11;1377
1;2025-11-28;12;1371
1;2025-11-28;13;1423
1;2025-11-28;14;1333
1;2025-11-28;15;1508
1;2025-11-28;16;1619
1;2025-11-28;17;1843
1;2025-11-28;18;1490
1;2025-11-28;19;1244
1;2025-11-28;20;796
1;2025-11-28;21;483
1;2025-11-28;22;178
1;2025-11-28;23;40
1;2025-11-29;0;4
1;2025-11-29;1;0
1;2025-11-29;2;0
1;2025-11-29;3;0
1;2025-11-29;4;1
1;2025-11-29;5;32
1;2025-11-29;6;156
1;2025-11-29;7;359
1;2025-11-29;8;497
1;2025-11-29;9;767
1;2025-11-29;10;944
1;2025-11-29;11;922
1;2025-11-29;12;1111
1;2025-11-29;13;1159
1;2025-11-29;14;1078
1;2025-11-29;15;937
1;2025-11-29;16;800
1;2025-11-29;17;747
1;2025-11-29;18;657
1;2025-11-29;19;569
1;2025-11-29;20;436
1;2025-11-29;21;306
1;2025-11-29;22;121
1;2025-11-29;23;25
1;2025-11-30;0;0
1;2025-11-30;1;0
1;2025-11-30;2;0
1;2025-11-30;3;0
1;2025-11-30;4;0
1;2025-11-30;5;21
1;2025-11-30;6;116
1;2025-11-30;7;268
1;2025-11-30;8;360
1;2025-11-30;9;625
1;2025-11-30;10;697
1;2025-11-30;11;739
1;2025-11-30;12;855
1;2025-11-30;13;883
1;2025-11-30;14;814
1;2025-11-30;15;718
1;2025-11-30;16;676
1;2025-11-30;17;589
1;2025-11-30;18;517
1;2025-11-30;19;449
1;2025-11-30;20;343
1;2025-11-30;21;280
1;2025-11-30;22;102
1;2025-11-30;23;26
1;2025-12-01;0;4
1;2025-12-01;1;0
1;2025-12-01;2;0
1;2025-12-01;3;0
1;2025-12-01;4;10
1;2025-12-01;5;122
1;2025-12-01;6;501
1;2025-12-01;7;1481
1;2025-12-01;8;1962
1;2025-12-01;9;1462
1;2025-12-01;10;1313
1;2025-12-01;11;1306
1;2025-12-01;12;1368
1;2025-12-01;13;1425
1;2025-12-01;14;1366
1;2025-12-01;15;1498
1;2025-12-01;16;1520
1;2025-12-01;17;1785
1;2025-12-01;18;1861
1;2025-12-01;19;1370
1;2025-12-01;20;883
1;2025-12-01;21;463
1;2025-12-01;22;180
1;2025-12-01;23;38
1;2025-12-02;0;4
1;2025-12-02;1;0
1;2025-12-02;2;0
1;2025-12-02;3;0
1;2025-12-02;4;10
1;2025-12-02;5;122
1;2025-12-02;6;503
1;2025-12-02;7;1493
1;2025-12-02;8;1989
1;2025-12-02;9;1479
1;2025-12-02;10;1344
1;2025-12-02;11;1336
1;2025-12-02;12;1400
1;2025-12-02;13;1457
1;2025-12-02;14;1396
1;2025-12-02;15;1524
1;2025-12-02;16;1547
1;2025-12-02;17;1813
1;2025-12-02;18;1881
1;2025-12-02;19;1384
1;2025-12-02;20;896
1;2025-12-02;21;470
1;2025-12-02;22;184
1;2025-12-02;23;39
1;2025-12-03;0;4
1;2025-12-03;1;0
1;2025-12-03;2;0
1;2025-12-03;3;0
1;2025-12-03;4;10
1;2025-12-03;5;122
1;2025-12-03;6;505
1;2025-12-03;7;1496
1;2025-12-03;8;1982
1;2025-12-03;9;1483
1;2025-12-03;10;1348
1;2025-12-03;11;1335
1;2025-12-03;12;1397
1;2025-12-03;13;1456
1;2025-12-03;14;1396
1;2025-12-03;15;1520
1;2025-12-03;16;1543
1;2025-12-03;17;1814
1;2025-12-03;18;1876
1;2025-12-03;19;1385
1;2025-12-03;20;897
1;2025-12-03;21;472
1;2025-12-03;22;184
1;2025-12-03;23;40
1;2025-12-04;0;4
1;2025-12-04;1;0
1;2025-12-04;2;0
1;2025-12-04;3;0
1;2025-12-04;4;10
1;2025-12-04;5;122
1;2025-12-04;6;504
1;2025-12-04;7;1497
1;2025-12-04;8;1980
1;2025-12-04;9;1485
1;2025-12-04;10;1345
1;2025-12-04;11;1331
1;2025-12-04;12;1398
1;2025-12-04;13;1460
1;2025-12-04;14;1401
1;2025-12-04;15;1530
1;2025-12-04;16;1549
1;2025-12-04;17;1815
1;2025-12-04;18;1888
1;2025-12-04;19;1384
1;2025-12-04;20;895
1;2025-12-04;21;473
1;2025-12-04;22;184
1;2025-12-04;23;39
1;2025-12-05;0;3
1;2025-12-05;1;0
1;2025-12-05;2;0
1;2025-12-05;3;0
1;2025-12-05;4;7
1;2025-12-05;5;138
1;2025-12-05;6;484
1;2025-12-05;7;1522
1;2025-12-05;8;1844
1;2025-12-05;9;1435
1;2025-12-05;10;1278
1;2025-12-05;11;1366
1;2025-12-05;12;1367
1;2025-12-05;13;1415
1;2025-12-05;14;1331
1;2025-12-05;15;1506
1;2025-12-05;16;1622
1;2025-12-05;17;1852
1;2025-12-05;18;1496
1;2025-12-05;19;1251
1;2025-12-05;20;804
1;2025-12-05;21;489
1;2025-12-05;22;179
1;2025-12-05;23;40
1;2025-12-06;0;4
1;2025-12-06;1;0
1;2025-12-06;2;0
1;2025-12-06;3;0
1;2025-12-06;4;1
1;2025-12-06;5;31
1;2025-12-06;6;152
1;2025-12-06;7;354
1;2025-12-06;8;491
1;2025-12-06;9;751
1;2025-12-06;10;923
1;2025-12-06;11;906
1;2025-12-06;12;1094
1;2025-12-06;13;1145
1;2025-12-06;14;1063
1;2025-12-06;15;925
1;2025-12-06;16;787
1;2025-12-06;17;737
1;2025-12-06;18;646
1;2025-12-06;19;558
1;2025-12-06;20;428
1;2025-12-06;21;300
1;2025-12-06;22;119
1;2025-12-06;23;24
1;2025-12-07;0;0
1;2025-12-07;1;0
1;2025-12-07;2;0
1;2025-12-07;3;0
1;2025-12-07;4;0
1;2025-12-07;5;21
1;2025-12-07;6;114
1;2025-12-07;7;263
1;2025-12-07;8;354
1;2025-12-07;9;613
1;2025-12-07;10;684
1;2025-12-07;11;723
1;2025-12-07;12;835
1;2025-12-07;13;868
1;2025-12-07;14;805
1;2025-12-07;15;724
1;2025-12-07;16;670
1;2025-12-07;17;582
1;2025-12-07;18;505
1;2025-12-07;19;441
1;2025-12-07;20;337
1;2025-12-07;21;275
1;2025-12-07;22;101
1;2025-12-07;23;26
1;2025-12-08;0;4
1;2025-12-08;1;0
1;2025-12-08;2;0
1;2025-12-08;3;0
1;2025-12-08;4;10
1;2025-12-08;5;121
1;2025-12-08;6;500
1;2025-12-08;7;1480
1;2025-12-08;8;1960
1;2025-12-08;9;1461
1;2025-12-08;10;1317
1;2025-12-08;11;1305
1;2025-12-08;12;1370
1;2025-12-08;13;1424
1;2025-12-08;14;1365
1;2025-12-08;15;1499
1;2025-12-08;16;1521
1;2025-12-08;17;1788
1;2025-12-08;18;1867
1;2025-12-08;19;1373
1;2025-12-08;20;884
1;2025-12-08;21;464
1;2025-12-08;22;180
1;2025-12-08;23;39
1;2025-12-09;0;4
1;2025-12-09;1;0
1;2025-12-09;2;0
1;2025-12-09;3;0
1;2025-12-09;4;10
1;2025-12-09;5;122
1;2025-12-09;6;504
1;2025-12-09;7;1495
1;2025-12-09;8;1979
1;2025-12-09;9;1485
1;2025-12-09;10;1345
1;2025-12-09;11;1333
1;2025-12-09;12;1398
1;2025-12-09;13;1453
1;2025-12-09;14;1393
1;2025-12-09;15;1520
1;2025-12-09;16;1539
1;2025-12-09;17;1809
1;2025-12-09;18;1880
1;2025-12-09;19;1382
1;2025-12-09;20;893
1;2025-12-09;21;471
1;2025-12-09;22;184
1;2025-12-09;23;39
1;2025-12-10;0;4
1;2025-12-10;1;0
1;2025-12-10;2;0
1;2025-12-10;3;0
1;2025-12-10;4;10
1;2025-12-10;5;122
1;2025-12-10;6;502
1;2025-12-10;7;1504
1;2025-12-10;8;1991
1;2025-12-10;9;1492
1;2025-12-10;10;1349
1;2025-12-10;11;1341
1;2025-12-10;12;1396
1;2025-12-10;13;1453
1;2025-12-10;14;1392
1;2025-12-10;15;1520
1;2025-12-10;16;1537
1;2025-12-10;17;1805
1;2025-12-10;18;1891
1;2025-12-10;19;1400
1;2025-12-10;20;903
1;2025-12-10;21;476
1;2025-12-10;22;185
1;2025-12-10;23;40
1;2025-12-11;0;4
1;2025-12-11;1;0
1;2025-12-11;2;0
1;2025-12-11;3;0
1;2025-12-11;4;9
1;2025-12-11;5;116
1;2025-12-11;6;480
1;2025-12-11;7;1430
1;2025-12-11;8;1896
1;2025-12-11;9;1444
1;2025-12-11;10;1302
1;2025-12-11;11;1301
1;2025-12-11;12;1370
1;2025-12-11;13;1421
1;2025-12-11;14;1362
1;2025-12-11;15;1491
1;2025-12-11;16;1513
1;2025-12-11;17;1774
1;2025-12-11;18;1839
1;2025-12-11;19;1351
1;2025-12-11;20;876
1;2025-12-11;21;463
1;2025-12-11;22;181
1;2025-12-11;23;39
1;2025-12-12;0;3
1;2025-12-12;1;0
1;2025-12-12;2;0
1;2025-12-12;3;0
1;2025-12-12;4;7
1;2025-12-12;5;137
1;2025-12-12;6;483
1;2025-12-12;7;1520
1;2025-12-12;8;1841
1;2025-12-12;9;1428
1;2025-12-12;10;1271
1;2025-12-12;11;1363
1;2025-12-12;12;1360
1;2025-12-12;13;1397
1;2025-12-12;14;1301
1;2025-12-12;15;1459
1;2025-12-12;16;1583
1;2025-12-12;17;1807
1;2025-12-12;18;1463
1;2025-12-12;19;1224
1;2025-12-12;20;776
1;2025-12-12;21;472
1;2025-12-12;22;176
1;2025-12-12;23;39
1;2025-12-13;0;4
1;2025-12-13;1;0
1;2025-12-13;2;0
1;2025-12-13;3;0
1;2025-12-13;4;1
1;2025-12-13;5;31
1;2025-12-13;6;152
1;2025-12-13;7;353
1;2025-12-13;8;487
1;2025-12-13;9;728
1;2025-12-13;10;894
1;2025-12-13;11;880
1;2025-12-13;12;1051
1;2025-12-13;13;1106
1;2025-12-13;14;1022
1;2025-12-13;15;887
1;2025-12-13;16;756
1;2025-12-13;17;708
1;2025-12-13;18;627
1;2025-12-13;19;548
1;2025-12-13;20;423
1;2025-12-13;21;298
1;2025-12-13;22;119
1;2025-12-13;23;24
1;2025-12-14;0;0
1;2025-12-14;1;0
1;2025-12-14;2;0
1;2025-12-14;3;0
1;2025-12-14;4;0
1;2025-12-14;5;21
1;2025-12-14;6;115
1;2025-12-14;7;264
1;2025-12-14;8;355
1;2025-12-14;9;613
1;2025-12-14;10;684
1;2025-12-14;11;721
1;2025-12-14;12;832
1;2025-12-14;13;859
1;2025-12-14;14;797
1;2025-12-14;15;717
1;2025-12-14;16;665
1;2025-12-14;17;582
1;2025-12-14;18;506
1;2025-12-14;19;445
1;2025-12-14;20;340
1;2025-12-14;21;279
1;2025-12-14;22;102
1;2025-12-14;23;26
1;2025-12-15;0;4
1;2025-12-15;1;0
1;2025-12-15;2;0
1;2025-12-15;3;0
1;2025-12-15;4;10
1;2025-12-15;5;120
1;2025-12-15;6;493
1;2025-12-15;7;1463
1;2025-12-15;8;1934
1;2025-12-15;9;1438
1;2025-12-15;10;1292
1;2025-12-15;11;1283
1;2025-12-15;12;1353
1;2025-12-15;13;1415
1;2025-12-15;14;1359
1;2025-12-15;15;1490
1;2025-12-15;16;1507
1;2025-12-15;17;1765
1;2025-12-15;18;1861
1;2025-12-15;19;1371
1;2025-12-15;20;883
1;2025-12-15;21;464
1;2025-12-15;22;181
1;2025-12-15;23;39
1;2025-12-16;0;4
1;2025-12-16;1;0
1;2025-12-16;2;0
1;2025-12-16;3;0
1;2025-12-16;4;10
1;2025-12-16;5;121
1;2025-12-16;6;499
1;2025-12-16;7;1479
1;2025-12-16;8;1958
1;2025-12-16;9;1471
1;2025-12-16;10;1341
1;2025-12-16;11;1334
1;2025-12-16;12;1378
1;2025-12-16;13;1436
1;2025-12-16;14;1382
1;2025-12-16;15;1509
1;2025-12-16;16;1534
1;2025-12-16;17;1799
1;2025-12-16;18;1893
1;2025-12-16;19;1391
1;2025-12-16;20;899
1;2025-12-16;21;473
1;2025-12-16;22;185
1;2025-12-16;23;39
1;2025-12-17;0;4
1;2025-12-17;1;0
1;2025-12-17;2;0
1;2025-12-17;3;0
1;2025-12-17;4;10
1;2025-12-17;5;119
1;2025-12-17;6;489
1;2025-12-17;7;1454
1;2025-12-17;8;1925
1;2025-12-17;9;1472
1;2025-12-17;10;1334
1;2025-12-17;11;1326
1;2025-12-17;12;1395
1;2025-12-17;13;1451
1;2025-12-17;14;1392
1;2025-12-17;15;1518
1;2025-12-17;16;1532
1;2025-12-17;17;1798
1;2025-12-17;18;1868
1;2025-12-17;19;1376
1;2025-12-17;20;892
1;2025-12-17;21;469
1;2025-12-17;22;183
1;2025-12-17;23;39
1;2025-12-18;0;4
1;2025-12-18;1;0
1;2025-12-18;2;0
1;2025-12-18;3;0
1;2025-12-18;4;10
1;2025-12-18;5;121
1;2025-12-18;6;500
1;2025-12-18;7;1487
1;2025-12-18;8;1970
1;2025-12-18;9;1475
1;2025-12-18;10;1340
1;2025-12-18;11;1330
1;2025-12-18;12;1392
1;2025-12-18;13;1449
1;2025-12-18;14;1389
1;2025-12-18;15;1517
1;2025-12-18;16;1536
1;2025-12-18;17;1803
1;2025-12-18;18;1880
1;2025-12-18;19;1385
1;2025-12-18;20;896
1;2025-12-18;21;471
1;2025-12-18;22;184
1;2025-12-18;23;39
1;2025-12-19;0;4
1;2025-12-19;1;0
1;2025-12-19;2;0
1;2025-12-19;3;0
1;2025-12-19;4;7
1;2025-12-19;5;138
1;2025-12-19;6;486
1;2025-12-19;7;1527
1;2025-12-19;8;1852
1;2025-12-19;9;1438
1;2025-12-19;10;1281
1;2025-12-19;11;1369
1;2025-12-19;12;1369
1;2025-12-19;13;1412
1;2025-12-19;14;1326
1;2025-12-19;15;1502
1;2025-12-19;16;1617
1;2025-12-19;17;1846
1;2025-12-19;18;1494
1;2025-12-19;19;1254
1;2025-12-19;20;801
1;2025-12-19;21;488
1;2025-12-19;22;180
1;2025-12-19;23;40
1;2025-12-20;0;4
1;2025-12-20;1;0
1;2025-12-20;2;0
1;2025-12-20;3;0
1;2025-12-20;4;1
1;2025-12-20;5;31
1;2025-12-20;6;153
1;2025-12-20;7;355
1;2025-12-20;8;491
1;2025-12-20;9;754
1;2025-12-20;10;925
1;2025-12-20;11;910
1;2025-12-20;12;1100
1;2025-12-20;13;1148
1;2025-12-20;14;1065
1;2025-12-20;15;927
1;2025-12-20;16;787
1;2025-12-20;17;739
1;2025-12-20;18;649
1;2025-12-20;19;562
1;2025-12-20;20;428
1;2025-12-20;21;302
1;2025-12-20;22;120
1;2025-12-20;23;24
1;2025-12-21;0;0
1;2025-12-21;1;0
1;2025-12-21;2;0
1;2025-12-21;3;0
1;2025-12-21;4;0
1;2025-12-21;5;21
1;2025-12-21;6;115
1;2025-12-21;7;264
1;2025-12-21;8;356
1;2025-12-21;9;618
1;2025-12-21;10;689
1;2025-12-21;11;730
1;2025-12-21;12;841
1;2025-12-21;13;872
1;2025-12-21;14;812
1;2025-12-21;15;727
1;2025-12-21;16;668
1;2025-12-21;17;581
1;2025-12-21;18;506
1;2025-12-21;19;443
1;2025-12-21;20;338
1;2025-12-21;21;276
1;2025-12-21;22;101
1;2025-12-21;23;26
1;2025-12-22;0;4
1;2025-12-22;1;0
1;2025-12-22;2;0
1;2025-12-22;3;0
1;2025-12-22;4;10
1;2025-12-22;5;124
1;2025-12-22;6;509
1;2025-12-22;7;1519
1;2025-12-22;8;2001
1;2025-12-22;9;1496
1;2025-12-22;10;1350
1;2025-12-22;11;1338
1;2025-12-22;12;1404
1;2025-12-22;13;1454
1;2025-12-22;14;1396
1;2025-12-22;15;1528
1;2025-12-22;16;1548
1;2025-12-22;17;1822
1;2025-12-22;18;1887
1;2025-12-22;19;1390
1;2025-12-22;20;894
1;2025-12-22;21;471
1;2025-12-22;22;183
1;2025-12-22;23;39
1;2025-12-23;0;4
1;2025-12-23;1;0
1;2025-12-23;2;0
1;2025-12-23;3;0
1;2025-12-23;4;10
1;2025-12-23;5;126
1;2025-12-23;6;519
1;2025-12-23;7;1537
1;2025-12-23;8;2033
1;2025-12-23;9;1519
1;2025-12-23;10;1370
1;2025-12-23;11;1361
1;2025-12-23;12;1425
1;2025-12-23;13;1483
1;2025-12-23;14;1420
1;2025-12-23;15;1548
1;2025-12-23;16;1568
1;2025-12-23;17;1846
1;2025-12-23;18;1916
1;2025-12-23;19;1412
1;2025-12-23;20;914
1;2025-12-23;21;481
1;2025-12-23;22;188
1;2025-12-23;23;40
1;2025-12-24;0;4
1;2025-12-24;1;0
1;2025-12-24;2;0
1;2025-12-24;3;0
1;2025-12-24;4;10
1;2025-12-24;5;125
1;2025-12-24;6;518
1;2025-12-24;7;1535
1;2025-12-24;8;2037
1;2025-12-24;9;1526
1;2025-12-24;10;1380
1;2025-12-24;11;1377
1;2025-12-24;12;1437
1;2025-12-24;13;1508
1;2025-12-24;14;1446
1;2025-12-24;15;1575
1;2025-12-24;16;1599
1;2025-12-24;17;1879
1;2025-12-24;18;1953
1;2025-12-24;19;1440
1;2025-12-24;20;931
1;2025-12-24;21;489
1;2025-12-24;22;191
1;2025-12-24;23;41
1;2025-12-25;0;4
1;2025-12-25;1;0
1;2025-12-25;2;0
1;2025-12-25;3;0
1;2025-12-25;4;10
1;2025-12-25;5;126
1;2025-12-25;6;520
1;2025-12-25;7;1548
1;2025-12-25;8;2044
1;2025-12-25;9;1502
1;2025-12-25;10;1366
1;2025-12-25;11;1358
1;2025-12-25;12;1424
1;2025-12-25;13;1477
1;2025-12-25;14;1416
1;2025-12-25;15;1545
1;2025-12-25;16;1564
1;2025-12-25;17;1837
1;2025-12-25;18;1928
1;2025-12-25;19;1411
1;2025-12-25;20;914
1;2025-12-25;21;477
1;2025-12-25;22;187
1;2025-12-25;23;40
1;2025-12-26;0;4
1;2025-12-26;1;0
1;2025-12-26;2;0
1;2025-12-26;3;0
1;2025-12-26;4;7
1;2025-12-26;5;140
1;2025-12-26;6;493
1;2025-12-26;7;1537
1;2025-12-26;8;1875
1;2025-12-26;9;1460
1;2025-12-26;10;1306
1;2025-12-26;11;1395
1;2025-12-26;12;1393
1;2025-12-26;13;1442
1;2025-12-26;14;1357
1;2025-12-26;15;1540
1;2025-12-26;16;1654
1;2025-12-26;17;1880
1;2025-12-26;18;1528
1;2025-12-26;19;1290
1;2025-12-26;20;822
1;2025-12-26;21;500
1;2025-12-26;22;184
1;2025-12-26;23;41
1;2025-12-27;0;4
1;2025-12-27;1;0
1;2025-12-27;2;0
1;2025-12-27;3;0
1;2025-12-27;4;1
1;2025-12-27;5;30
1;2025-12-27;6;147
1;2025-12-27;7;341
1;2025-12-27;8;470
1;2025-12-27;9;728
1;2025-12-27;10;894
1;2025-12-27;11;880
1;2025-12-27;12;1069
1;2025-12-27;13;1113
1;2025-12-27;14;1025
1;2025-12-27;15;893
1;2025-12-27;16;761
1;2025-12-27;17;708
1;2025-12-27;18;627
1;2025-12-27;19;546
1;2025-12-27;20;419
1;2025-12-27;21;293
1;2025-12-27;22;116
1;2025-12-27;23;24
1;2025-12-28;0;0
1;2025-12-28;1;0
1;2025-12-28;2;0
1;2025-12-28;3;0
1;2025-12-28;4;0
1;2025-12-28;5;20
1;2025-12-28;6;113
1;2025-12-28;7;257
1;2025-12-28;8;347
1;2025-12-28;9;606
1;2025-12-28;10;672
1;2025-12-28;11;712
1;2025-12-28;12;823
1;2025-12-28;13;854
1;2025-12-28;14;795
1;2025-12-28;15;712
1;2025-12-28;16;657
1;2025-12-28;17;579
1;2025-12-28;18;504
1;2025-12-28;19;442
1;2025-12-28;20;336
1;2025-12-28;21;276
1;2025-12-28;22;101
1;2025-12-28;23;26
1;2025-12-29;0;4
1;2025-12-29;1;0
1;2025-12-29;2;0
1;2025-12-29;3;0
1;2025-12-29;4;9
1;2025-12-29;5;110
1;2025-12-29;6;455
1;2025-12-29;7;1352
1;2025-12-29;8;1795
1;2025-12-29;9;1344
1;2025-12-29;10;1214
1;2025-12-29;11;1200
1;2025-12-29;12;1257
1;2025-12-29;13;1305
1;2025-12-29;14;1250
1;2025-12-29;15;1375
1;2025-12-29;16;1392
1;2025-12-29;17;1635
1;2025-12-29;18;1710
1;2025-12-29;19;1267
1;2025-12-29;20;816
1;2025-12-29;21;429
1;2025-12-29;22;167
1;2025-12-29;23;36
1;2025-12-30;0;4
1;2025-12-30;1;0
1;2025-12-30;2;0
1;2025-12-30;3;0
1;2025-12-30;4;9
1;2025-12-30;5;115
1;2025-12-30;6;477
1;2025-12-30;7;1414
1;2025-12-30;8;1876
1;2025-12-30;9;1407
1;2025-12-30;10;1270
1;2025-12-30;11;1263
1;2025-12-30;12;1327
1;2025-12-30;13;1407
1;2025-12-30;14;1348
1;2025-12-30;15;1461
1;2025-12-30;16;1489
1;2025-12-30;17;1745
1;2025-12-30;18;1817
1;2025-12-30;19;1344
1;2025-12-30;20;874
1;2025-12-30;21;461
1;2025-12-30;22;180
1;2025-12-30;23;38
1;2025-12-31;0;0
1;2025-12-31;1;0
1;2025-12-31;2;0
1;2025-12-31;3;0
1;2025-12-31;4;0
1;2025-12-31;5;22
1;2025-12-31;6;123
1;2025-12-31;7;281
1;2025-12-31;8;380
1;2025-12-31;9;662
1;2025-12-31;10;735
1;2025-12-31;11;777
1;2025-12-31;12;900
1;2025-12-31;13;926
1;2025-12-31;14;858
1;2025-12-31;15;765
1;2025-12-31;16;708
1;2025-12-31;17;623
1;2025-12-31;18;535
1;2025-12-31;19;475
1;2025-12-31;20;364
1;2025-12-31;21;299
1;2025-12-31;22;109
1;2025-12-31;23;28
5;2025-11-01;0;0
5;2025-11-01;1;0
5;2025-11-01;2;0
5;2025-11-01;3;0
5;2025-11-01;4;0
5;2025-11-01;5;0
5;2025-11-01;6;0
5;2025-11-01;7;0
5;2025-11-01;8;0
5;2025-11-01;9;0
5;2025-11-01;10;0
5;2025-11-01;11;0
5;2025-11-01;12;0
5;2025-11-01;13;0
5;2025-11-01;14;0
5;2025-11-01;15;0
5;2025-11-01;16;0
5;2025-11-01;17;0
5;2025-11-01;18;0
5;2025-11-01;19;0
5;2025-11-01;20;0
5;2025-11-01;21;0
5;2025-11-01;22;0
5;2025-11-01;23;0
5;2025-11-02;0;0
5;2025-11-02;1;0
5;2025-11-02;2;0
5;2025-11-02;3;0
5;2025-11-02;4;0
5;2025-11-02;5;0
5;2025-11-02;6;0
5;2025-11-02;7;0
5;2025-11-02;8;0
5;2025-11-02;9;0
5;2025-11-02;10;0
5;2025-11-02;11;0
5;2025-11-02;12;0
5;2025-11-02;13;0
5;2025-11-02;14;0
5;2025-11-02;15;0
5;2025-11-02;16;0
5;2025-11-02;17;0
5;2025-11-02;18;0
5;2025-11-02;19;0
5;2025-11-02;20;0
5;2025-11-02;21;0
5;2025-11-02;22;0
5;2025-11-02;23;0
5;2025-11-03;0;0
5;2025-11-03;1;0
5;2025-11-03;2;0
5;2025-11-03;3;0
5;2025-11-03;4;0
5;2025-11-03;5;0
5;2025-11-03;6;0
5;2025-11-03;7;0
5;2025-11-03;8;0
5;2025-11-03;9;0
5;2025-11-03;10;0
5;2025-11-03;11;0
5;2025-11-03;12;0
5;2025-11-03;13;0
5;2025-11-03;14;0
5;2025-11-03;15;0
5;2025-11-03;16;0
5;2025-11-03;17;0
5;2025-11-03;18;0
5;2025-11-03;19;0
5;2025-11-03;20;0
5;2025-11-03;21;0
5;2025-11-03;22;0
5;2025-11-03;23;0
5;2025-11-04;0;0
5;2025-11-04;1;0
5;2025-11-04;2;0
5;2025-11-04;3;0
5;2025-11-04;4;0
5;2025-11-04;5;0
5;2025-11-04;6;0
5;2025-11-04;7;0
5;2025-11-04;8;0
5;2025-11-04;9;0
5;2025-11-04;10;0
5;2025-11-04;11;0
5;2025-11-04;12;0
5;2025-11-04;13;0
5;2025-11-04;14;0
5;2025-11-04;15;0
5;2025-11-04;16;0
5;2025-11-04;17;0
5;2025-11-04;18;0
5;2025-11-04;19;0
5;2025-11-04;20;0
5;2025-11-04;21;0
5;2025-11-04;22;0
5;2025-11-04;23;0
5;2025-11-05;0;0
5;2025-11-05;1;0
5;2025-11-05;2;0
5;2025-11-05;3;0
5;2025-11-05;4;0
5;2025-11-05;5;0
5;2025-11-05;6;0
5;2025-11-05;7;0
5;2025-11-05;8;0
5;2025-11-05;9;0
5;2025-11-05;10;0
5;2025-11-05;11;0
5;2025-11-05;12;0
5;2025-11-05;13;0
5;2025-11-05;14;0
5;2025-11-05;15;0
5;2025-11-05;16;0
5;2025-11-05;17;0
5;2025-11-05;18;0
5;2025-11-05;19;0
5;2025-11-05;20;0
5;2025-11-05;21;0
5;2025-11-05;22;0
5;2025-11-05;23;0
5;2025-11-06;0;0
5;2025-11-06;1;0
5;2025-11-06;2;0
5;2025-11-06;3;0
5;2025-11-06;4;0
5;2025-11-06;5;0
5;2025-11-06;6;0
5;2025-11-06;7;0
5;2025-11-06;8;0
5;2025-11-06;9;0
5;2025-11-06;10;0
5;2025-11-06;11;0
5;2025-11-06;12;0
5;2025-11-06;13;0
5;2025-11-06;14;0
5;2025-11-06;15;0
5;2025-11-06;16;0
5;2025-11-06;17;0
5;2025-11-06;18;0
5;2025-11-06;19;0
5;2025-11-06;20;0
5;2025-11-06;21;0
5;2025-11-06;22;0
5;2025-11-06;23;0
5;2025-11-07;0;0
5;2025-11-07;1;0
5;2025-11-07;2;0
5;2025-11-07;3;0
5;2025-11-07;4;0
5;2025-11-07;5;0
5;2025-11-07;6;0
5;2025-11-07;7;0
5;2025-11-07;8;0
5;2025-11-07;9;0
5;2025-11-07;10;0
5;2025-11-07;11;0
5;2025-11-07;12;0
5;2025-11-07;13;0
5;2025-11-07;14;0
5;2025-11-07;15;0
5;2025-11-07;16;0
5;2025-11-07;17;0
5;2025-11-07;18;0
5;2025-11-07;19;0
5;2025-11-07;20;0
5;2025-11-07;21;0
5;2025-11-07;22;0
5;2025-11-07;23;0
5;2025-11-08;0;0
5;2025-11-08;1;0
5;2025-11-08;2;0
5;2025-11-08;3;0
5;2025-11-08;4;0
5;2025-11-08;5;0
5;2025-11-08;6;0
5;2025-11-08;7;0
5;2025-11-08;8;0
5;2025-11-08;9;0
5;2025-11-08;10;0
5;2025-11-08;11;0
5;2025-11-08;12;0
5;2025-11-08;13;0
5;2025-11-08;14;0
5;2025-11-08;15;0
5;2025-11-08;16;0
5;2025-11-08;17;0
5;2025-11-08;18;0
5;2025-11-08;19;0
5;2025-11-08;20;0
5;2025-11-08;21;0
5;2025-11-08;22;0
5;2025-11-08;23;0
5;2025-11-09;0;0
5;2025-11-09;1;0
5;2025-11-09;2;0
5;2025-11-09;3;0
5;2025-11-09;4;0
5;2025-11-09;5;0
5;2025-11-09;6;0
5;2025-11-09;7;0
5;2025-11-09;8;0
5;2025-11-09;9;0
5;2025-11-09;10;0
5;2025-11-09;11;0
5;2025-11-09;12;0
5;2025-11-09;13;0
5;2025-11-09;14;0
5;2025-11-09;15;0
5;2025-11-09;16;0
5;2025-11-09;17;0
5;2025-11-09;18;0
5;2025-11-09;19;0
5;2025-11-09;20;0
5;2025-11-09;21;0
5;2025-11-09;22;0
5;2025-11-09;23;0
5;2025-11-10;0;0
5;2025-11-10;1;0
5;2025-11-10;2;0
5;2025-11-10;3;0
5;2025-11-10;4;0
5;2025-11-10;5;0
5;2025-11-10;6;0
5;2025-11-10;7;0
5;2025-11-10;8;0
5;2025-11-10;9;0
5;2025-11-10;10;0
5;2025-11-10;11;0
5;2025-11-10;12;0
5;2025-11-10;13;0
5;2025-11-10;14;0
5;2025-11-10;15;0
5;2025-11-10;16;0
5;2025-11-10;17;0
5;2025-11-10;18;0
5;2025-11-10;19;0
5;2025-11-10;20;0
5;2025-11-10;21;0
5;2025-11-10;22;0
5;2025-11-10;23;0
5;2025-11-11;0;0
5;2025-11-11;1;0
5;2025-11-11;2;0
5;2025-11-11;3;0
5;2025-11-11;4;0
5;2025-11-11;5;0
5;2025-11-11;6;0
5;2025-11-11;7;0
5;2025-11-11;8;0
5;2025-11-11;9;0
5;2025-11-11;10;0
5;2025-11-11;11;0
5;2025-11-11;12;0
5;2025-11-11;13;0
5;2025-11-11;14;0
5;2025-11-11;15;0
5;2025-11-11;16;0
5;2025-11-11;17;0
5;2025-11-11;18;0
5;2025-11-11;19;0
5;2025-11-11;20;0
5;2025-11-11;21;0
5;2025-11-11;22;0
5;2025-11-11;23;0
5;2025-11-12;0;0
5;2025-11-12;1;0
5;2025-11-12;2;0
5;2025-11-12;3;0
5;2025-11-12;4;0
5;2025-11-12;5;0
5;2025-11-12;6;0
5;2025-11-12;7;0
5;2025-11-12;8;0
5;2025-11-12;9;0
5;2025-11-12;10;0
5;2025-11-12;11;0
5;2025-11-12;12;0
5;2025-11-12;13;0
5;2025-11-12;14;0
5;2025-11-12;15;0
5;2025-11-12;16;0
5;2025-11-12;17;0
5;2025-11-12;18;0
5;2025-11-12;19;0
5;2025-11-12;20;0
5;2025-11-12;21;0
5;2025-11-12;22;0
5;2025-11-12;23;0
5;2025-11-13;0;0
5;2025-11-13;1;0
5;2025-11-13;2;0
5;2025-11-13;3;0
5;2025-11-13;4;0
5;2025-11-13;5;0
5;2025-11-13;6;0
5;2025-11-13;7;0
5;2025-11-13;8;0
5;2025-11-13;9;0
5;2025-11-13;10;0
5;2025-11-13;11;0
5;2025-11-13;12;0
5;2025-11-13;13;0
5;2025-11-13;14;0
5;2025-11-13;15;0
5;2025-11-13;16;0
5;2025-11-13;17;0
5;2025-11-13;18;0
5;2025-11-13;19;0
5;2025-11-13;20;0
5;2025-11-13;21;0
5;2025-11-13;22;0
5;2025-11-13;23;0
5;2025-11-14;0;0
5;2025-11-14;1;0
5;2025-11-14;2;0
5;2025-11-14;3;0
5;2025-11-14;4;0
5;2025-11-14;5;0
5;2025-11-14;6;0
5;2025-11-14;7;0
5;2025-11-14;8;0
5;2025-11-14;9;0
5;2025-11-14;10;0
5;2025-11-14;11;0
5;2025-11-14;12;0
5;2025-11-14;13;0
5;2025-11-14;14;0
5;2025-11-14;15;0
5;2025-11-14;16;0
5;2025-11-14;17;0
5;2025-11-14;18;0
5;2025-11-14;19;0
5;2025-11-14;20;0
5;2025-11-14;21;0
5;2025-11-14;22;0
5;2025-11-14;23;0
5;2025-11-15;0;0
5;2025-11-15;1;0
5;2025-11-15;2;0
5;2025-11-15;3;0
5;2025-11-15;4;0
5;2025-11-15;5;0
5;2025-11-15;6;0
5;2025-11-15;7;0
5;2025-11-15;8;0
5;2025-11-15;9;0
5;2025-11-15;10;0
5;2025-11-15;11;0
5;2025-11-15;12;0
5;2025-11-15;13;0
5;2025-11-15;14;0
5;2025-11-15;15;0
5;2025-11-15;16;0
5;2025-11-15;17;0
5;2025-11-15;18;0
5;2025-11-15;19;0
5;2025-11-15;20;0
5;2025-11-15;21;0
5;2025-11-15;22;0
5;2025-11-15;23;0
5;2025-11-16;0;0
5;2025-11-16;1;0
5;2025-11-16;2;0
5;2025-11-16;3;0
5;2025-11-16;4;0
5;2025-11-16;5;0
5;2025-11-16;6;0
5;2025-11-16;7;0
5;2025-11-16;8;0
5;2025-11-16;9;0
5;2025-11-16;10;0
5;2025-11-16;11;0
5;2025-11-16;12;0
5;2025-11-16;13;0
5;2025-11-16;14;0
5;2025-11-16;15;0
5;2025-11-16;16;0
5;2025-11-16;17;0
5;2025-11-16;18;0
5;2025-11-16;19;0
5;2025-11-16;20;0
5;2025-11-16;21;0
5;2025-11-16;22;0
5;2025-11-16;23;0
5;2025-11-17;0;0
5;2025-11-17;1;0
5;2025-11-17;2;0
5;2025-11-17;3;0
5;2025-11-17;4;0
5;2025-11-17;5;0
5;2025-11-17;6;0
5;2025-11-17;7;0
5;2025-11-17;8;0
5;2025-11-17;9;0
5;2025-11-17;10;0
5;2025-11-17;11;0
5;2025-11-17;12;0
5;2025-11-17;13;0
5;2025-11-17;14;0
5;2025-11-17;15;0
5;2025-11-17;16;0
5;2025-11-17;17;0
5;2025-11-17;18;0
5;2025-11-17;19;0
5;2025-11-17;20;0
5;2025-11-17;21;0
5;2025-11-17;22;0
5;2025-11-17;23;0
5;2025-11-18;0;0
5;2025-11-18;1;0
5;2025-11-18;2;0
5;2025-11-18;3;0
5;2025-11-18;4;0
5;2025-11-18;5;0
5;2025-11-18;6;0
5;2025-11-18;7;0
5;2025-11-18;8;0
5;2025-11-18;9;0
5;2025-11-18;10;0
5;2025-11-18;11;0
5;2025-11-18;12;0
5;2025-11-18;13;0
5;2025-11-18;14;0
5;2025-11-18;15;0
5;2025-11-18;16;0
5;2025-11-18;17;0
5;2025-11-18;18;0
5;2025-11-18;19;0
5;2025-11-18;20;0
5;2025-11-18;21;0
5;2025-11-18;22;0
5;2025-11-18;23;0
5;2025-11-19;0;0
5;2025-11-19;1;0
5;2025-11-19;2;0
5;2025-11-19;3;0
5;2025-11-19;4;0
5;2025-11-19;5;0
5;2025-11-19;6;0
5;2025-11-19;7;0
5;2025-11-19;8;0
5;2025-11-19;9;0
5;2025-11-19;10;0
5;2025-11-19;11;0
5;2025-11-19;12;0
5;2025-11-19;13;0
5;2025-11-19;14;0
5;2025-11-19;15;0
5;2025-11-19;16;0
5;2025-11-19;17;0
5;2025-11-19;18;0
5;2025-11-19;19;0
5;2025-11-19;20;0
5;2025-11-19;21;0
5;2025-11-19;22;0
5;2025-11-19;23;0
5;2025-11-20;0;0
5;2025-11-20;1;0
5;2025-11-20;2;0
5;2025-11-20;3;0
5;2025-11-20;4;0
5;2025-11-20;5;0
5;2025-11-20;6;0
5;2025-11-20;7;0
5;2025-11-20;8;0
5;2025-11-20;9;0
5;2025-11-20;10;0
5;2025-11-20;11;0
5;2025-11-20;12;0
5;2025-11-20;13;0
5;2025-11-20;14;0
5;2025-11-20;15;0
5;2025-11-20;16;0
5;2025-11-20;17;0
5;2025-11-20;18;0
5;2025-11-20;19;0
5;2025-11-20;20;0
5;2025-11-20;21;0
5;2025-11-20;22;0
5;2025-11-20;23;0
5;2025-11-21;0;0
5;2025-11-21;1;0
5;2025-11-21;2;0
5;2025-11-21;3;0
5;2025-11-21;4;0
5;2025-11-21;5;0
5;2025-11-21;6;0
5;2025-11-21;7;0
5;2025-11-21;8;0
5;2025-11-21;9;0
5;2025-11-21;10;0
5;2025-11-21;11;0
5;2025-11-21;12;0
5;2025-11-21;13;0
5;2025-11-21;14;0
5;2025-11-21;15;0
5;2025-11-21;16;0
5;2025-11-21;17;0
5;2025-11-21;18;0
5;2025-11-21;19;0
5;2025-11-21;20;0
5;2025-11-21;21;0
5;2025-11-21;22;0
5;2025-11-21;23;0
5;2025-11-22;0;0
5;2025-11-22;1;0
5;2025-11-22;2;0
5;2025-11-22;3;0
5;2025-11-22;4;0
5;2025-11-22;5;0
5;2025-11-22;6;0
5;2025-11-22;7;0
5;2025-11-22;8;0
5;2025-11-22;9;0
5;2025-11-22;10;0
5;2025-11-22;11;0
5;2025-11-22;12;0
5;2025-11-22;13;0
5;2025-11-22;14;0
5;2025-11-22;15;0
5;2025-11-22;16;0
5;2025-11-22;17;0
5;2025-11-22;18;0
5;2025-11-22;19;0
5;2025-11-22;20;0
5;2025-11-22;21;0
5;2025-11-22;22;0
5;2025-11-22;23;0
5;2025-11-23;0;0
5;2025-11-23;1;0
5;2025-11-23;2;0
5;2025-11-23;3;0
5;2025-11-23;4;0
5;2025-11-23;5;0
5;2025-11-23;6;0
5;2025-11-23;7;0
5;2025-11-23;8;0
5;2025-11-23;9;0
5;2025-11-23;10;0
5;2025-11-23;11;0
5;2025-11-23;12;0
5;2025-11-23;13;0
5;2025-11-23;14;0
5;2025-11-23;15;0
5;2025-11-23;16;0
5;2025-11-23;17;0
5;2025-11-23;18;0
5;2025-11-23;19;0
5;2025-11-23;20;0
5;2025-11-23;21;0
5;2025-11-23;22;0
5;2025-11-23;23;0
5;2025-11-24;0;0
5;2025-11-24;1;0
5;2025-11-24;2;0
5;2025-11-24;3;0
5;2025-11-24;4;0
5;2025-11-24;5;0
5;2025-11-24;6;0
5;2025-11-24;7;0
5;2025-11-24;8;0
5;2025-11-24;9;0
5;2025-11-24;10;0
5;2025-11-24;11;0
5;2025-11-24;12;0
5;2025-11-24;13;0
5;2025-11-24;14;0
5;2025-11-24;15;0
5;2025-11-24;16;0
5;2025-11-24;17;0
5;2025-11-24;18;0
5;2025-11-24;19;0
5;2025-11-24;20;0
5;2025-11-24;21;0
5;2025-11-24;22;0
5;2025-11-24;23;0
5;2025-11-25;0;0
5;2025-11-25;1;0
5;2025-11-25;2;0
5;2025-11-25;3;0
5;2025-11-25;4;0
5;2025-11-25;5;0
5;2025-11-25;6;0
5;2025-11-25;7;0
5;2025-11-25;8;0
5;2025-11-25;9;0
5;2025-11-25;10;0
5;2025-11-25;11;0
5;2025-11-25;12;0
5;2025-11-25;13;0
5;2025-11-25;14;0
5;2025-11-25;15;0
5;2025-11-25;16;0
5;2025-11-25;17;0
5;2025-11-25;18;0
5;2025-11-25;19;0
5;2025-11-25;20;0
5;2025-11-25;21;0
5;2025-11-25;22;0
5;2025-11-25;23;0
5;2025-11-26;0;0
5;2025-11-26;1;0
5;2025-11-26;2;0
5;2025-11-26;3;0
5;2025-11-26;4;0
5;2025-11-26;5;0
5;2025-11-26;6;0
5;2025-11-26;7;0
5;2025-11-26;8;0
5;2025-11-26;9;0
5;2025-11-26;10;0
5;2025-11-26;11;0
5;2025-11-26;12;0
5;2025-11-26;13;0
5;2025-11-26;14;0
5;2025-11-26;15;0
5;2025-11-26;16;0
5;2025-11-26;17;0
5;2025-11-26;18;0
5;2025-11-26;19;0
5;2025-11-26;20;0
5;2025-11-26;21;0
5;2025-11-26;22;0
5;2025-11-26;23;0
5;2025-11-27;0;0
5;2025-11-27;1;0
5;2025-11-27;2;0
5;2025-11-27;3;0
5;2025-11-27;4;0
5;2025-11-27;5;0
5;2025-11-27;6;0
5;2025-11-27;7;0
5;2025-11-27;8;0
5;2025-11-27;9;0
5;2025-11-27;10;0
5;2025-11-27;11;0
5;2025-11-27;12;0
5;2025-11-27;13;0
5;2025-11-27;14;0
5;2025-11-27;15;0
5;2025-11-27;16;0
5;2025-11-27;17;0
5;2025-11-27;18;0
5;2025-11-27;19;0
5;2025-11-27;20;0
5;2025-11-27;21;0
5;2025-11-27;22;0
5;2025-11-27;23;0
5;2025-11-28;0;0
5;2025-11-28;1;0
5;2025-11-28;2;0
5;2025-11-28;3;0
5;2025-11-28;4;0
5;2025-11-28;5;0
5;2025-11-28;6;0
5;2025-11-28;7;0
5;2025-11-28;8;0
5;2025-11-28;9;0
5;2025-11-28;10;0
5;2025-11-28;11;0
5;2025-11-28;12;0
5;2025-11-28;13;0
5;2025-11-28;14;0
5;2025-11-28;15;0
5;2025-11-28;16;0
5;2025-11-28;17;0
5;2025-11-28;18;0
5;2025-11-28;19;0
5;2025-11-28;20;0
5;2025-11-28;21;0
5;2025-11-28;22;0
5;2025-11-28;23;0
5;2025-11-29;0;0
5;2025-11-29;1;0
5;2025-11-29;2;0
5;2025-11-29;3;0
5;2025-11-29;4;0
5;2025-11-29;5;0
5;2025-11-29;6;0
5;2025-11-29;7;0
5;2025-11-29;8;0
5;2025-11-29;9;0
5;2025-11-29;10;0
5;2025-11-29;11;0
5;2025-11-29;12;0
5;2025-11-29;13;0
5;2025-11-29;14;0
5;2025-11-29;15;0
5;2025-11-29;16;0
5;2025-11-29;17;0
5;2025-11-29;18;0
5;2025-11-29;19;0
5;2025-11-29;20;0
5;2025-11-29;21;0
5;2025-11-29;22;0
5;2025-11-29;23;0
5;2025-11-30;0;0
5;2025-11-30;1;0
5;2025-11-30;2;0
5;2025-11-30;3;0
5;2025-11-30;4;0
5;2025-11-30;5;0
5;2025-11-30;6;0
5;2025-11-30;7;0
5;2025-11-30;8;0
5;2025-11-30;9;0
5;2025-11-30;10;0
5;2025-11-30;11;0
5;2025-11-30;12;0
5;2025-11-30;13;0
5;2025-11-30;14;0
5;2025-11-30;15;0
5;2025-11-30;16;0
5;2025-11-30;17;0
5;2025-11-30;18;0
5;2025-11-30;19;0
5;2025-11-30;20;0
5;2025-11-30;21;0
5;2025-11-30;22;0
5;2025-11-30;23;0
5;2025-12-01;0;0
5;2025-12-01;1;0
5;2025-12-01;2;0
5;2025-12-01;3;0
5;2025-12-01;4;0
5;2025-12-01;5;0
5;2025-12-01;6;0
5;2025-12-01;7;0
5;2025-12-01;8;0
5;2025-12-01;9;0
5;2025-12-01;10;0
5;2025-12-01;11;0
5;2025-12-01;12;0
5;2025-12-01;13;0
5;2025-12-01;14;0
5;2025-12-01;15;0
5;2025-12-01;16;0
5;2025-12-01;17;0
5;2025-12-01;18;0
5;2025-12-01;19;0
5;2025-12-01;20;0
5;2025-12-01;21;0
5;2025-12-01;22;0
5;2025-12-01;23;0
5;2025-12-02;0;0
5;2025-12-02;1;0
5;2025-12-02;2;0
5;2025-12-02;3;0
5;2025-12-02;4;0
5;2025-12-02;5;0
5;2025-12-02;6;0
5;2025-12-02;7;0
5;2025-12-02;8;0
5;2025-12-02;9;0
5;2025-12-02;10;0
5;2025-12-02;11;0
5;2025-12-02;12;0
5;2025-12-02;13;0
5;2025-12-02;14;0
5;2025-12-02;15;0
5;2025-12-02;16;0
5;2025-12-02;17;0
5;2025-12-02;18;0
5;2025-12-02;19;0
5;2025-12-02;20;0
5;2025-12-02;21;0
5;2025-12-02;22;0
5;2025-12-02;23;0
5;2025-12-03;0;0
5;2025-12-03;1;0
5;2025-12-03;2;0
5;2025-12-03;3;0
5;2025-12-03;4;0
5;2025-12-03;5;0
5;2025-12-03;6;0
5;2025-12-03;7;0
5;2025-12-03;8;0
5;2025-12-03;9;0
5;2025-12-03;10;0
5;2025-12-03;11;0
5;2025-12-03;12;0
5;2025-12-03;13;0
5;2025-12-03;14;0
5;2025-12-03;15;0
5;2025-12-03;16;0
5;2025-12-03;17;0
5;2025-12-03;18;0
5;2025-12-03;19;0
5;2025-12-03;20;0
5;2025-12-03;21;0
5;2025-12-03;22;0
5;2025-12-03;23;0
5;2025-12-04;0;0
5;2025-12-04;1;0
5;2025-12-04;2;0
5;2025-12-04;3;0
5;2025-12-04;4;0
5;2025-12-04;5;0
5;2025-12-04;6;0
5;2025-12-04;7;0
5;2025-12-04;8;0
5;2025-12-04;9;0
5;2025-12-04;10;0
5;2025-12-04;11;0
5;2025-12-04;12;0
5;2025-12-04;13;0
5;2025-12-04;14;0
5;2025-12-04;15;0
5;2025-12-04;16;0
5;2025-12-04;17;0
5;2025-12-04;18;0
5;2025-12-04;19;0
5;2025-12-04;20;0
5;2025-12-04;21;0
5;2025-12-04;22;0
5;2025-12-04;23;0
5;2025-12-05;0;0
5;2025-12-05;1;0
5;2025-12-05;2;0
5;2025-12-05;3;0
5;2025-12-05;4;0
5;2025-12-05;5;0
5;2025-12-05;6;0
5;2025-12-05;7;0
5;2025-12-05;8;0
5;2025-12-05;9;0
5;2025-12-05;10;0
5;2025-12-05;11;0
5;2025-12-05;12;0
5;2025-12-05;13;0
5;2025-12-05;14;0
5;2025-12-05;15;0
5;2025-12-05;16;0
5;2025-12-05;17;0
5;2025-12-05;18;0
5;2025-12-05;19;0
5;2025-12-05;20;0
5;2025-12-05;21;0
5;2025-12-05;22;0
5;2025-12-05;23;0
5;2025-12-06;0;0
5;2025-12-06;1;0
5;2025-12-06;2;0
5;2025-12-06;3;0
5;2025-12-06;4;0
5;2025-12-06;5;0
5;2025-12-06;6;0
5;2025-12-06;7;0
5;2025-12-06;8;0
5;2025-12-06;9;0
5;2025-12-06;10;0
5;2025-12-06;11;0
5;2025-12-06;12;0
5;2025-12-06;13;0
5;2025-12-06;14;0
5;2025-12-06;15;0
5;2025-12-06;16;0
5;2025-12-06;17;0
5;2025-12-06;18;0
5;2025-12-06;19;0
5;2025-12-06;20;0
5;2025-12-06;21;0
5;2025-12-06;22;0
5;2025-12-06;23;0
5;2025-12-07;0;0
5;2025-12-07;1;0
5;2025-12-07;2;0
5;2025-12-07;3;0
5;2025-12-07;4;0
5;2025-12-07;5;0
5;2025-12-07;6;0
5;2025-12-07;7;0
5;2025-12-07;8;0
5;2025-12-07;9;0
5;2025-12-07;10;0
5;2025-12-07;11;0
5;2025-12-07;12;0
5;2025-12-07;13;0
5;2025-12-07;14;0
5;2025-12-07;15;0
5;2025-12-07;16;0
5;2025-12-07;17;0
5;2025-12-07;18;0
5;2025-12-07;19;0
5;2025-12-07;20;0
5;2025-12-07;21;0
5;2025-12-07;22;0
5;2025-12-07;23;0
5;2025-12-08;0;0
5;2025-12-08;1;0
5;2025-12-08;2;0
5;2025-12-08;3;0
5;2025-12-08;4;0
5;2025-12-08;5;0
5;2025-12-08;6;0
5;2025-12-08;7;0
5;2025-12-08;8;0
5;2025-12-08;9;0
5;2025-12-08;10;0
5;2025-12-08;11;0
5;2025-12-08;12;0
5;2025-12-08;13;0
5;2025-12-08;14;0
5;2025-12-08;15;0
5;2025-12-08;16;0
5;2025-12-08;17;0
5;2025-12-08;18;0
5;2025-12-08;19;0
5;2025-12-08;20;0
5;2025-12-08;21;0
5;2025-12-08;22;0
5;2025-12-08;23;0
5;2025-12-09;0;0
5;2025-12-09;1;0
5;2025-12-09;2;0
5;2025-12-09;3;0
5;2025-12-09;4;0
5;2025-12-09;5;0
5;2025-12-09;6;0
5;2025-12-09;7;0
5;2025-12-09;8;0
5;2025-12-09;9;0
5;2025-12-09;10;0
5;2025-12-09;11;0
5;2025-12-09;12;0
5;2025-12-09;13;0
5;2025-12-09;14;0
5;2025-12-09;15;0
5;2025-12-09;16;0
5;2025-12-09;17;0
5;2025-12-09;18;0
5;2025-12-09;19;0
5;2025-12-09;20;0
5;2025-12-09;21;0
5;2025-12-09;22;0
5;2025-12-09;23;0
5;2025-12-10;0;0
5;2025-12-10;1;0
5;2025-12-10;2;0
5;2025-12-10;3;0
5;2025-12-10;4;0
5;2025-12-10;5;0
5;2025-12-10;6;0
5;2025-12-10;7;0
5;2025-12-10;8;0
5;2025-12-10;9;0
5;2025-12-10;10;0
5;2025-12-10;11;0
5;2025-12-10;12;0
5;2025-12-10;13;0
5;2025-12-10;14;0
5;2025-12-10;15;0
5;2025-12-10;16;0
5;2025-12-10;17;0
5;2025-12-10;18;0
5;2025-12-10;19;0
5;2025-12-10;20;0
5;2025-12-10;21;0
5;2025-12-10;22;0
5;2025-12-10;23;0
5;2025-12-11;0;0
5;2025-12-11;1;0
5;2025-12-11;2;0
5;2025-12-11;3;0
5;2025-12-11;4;0
5;2025-12-11;5;0
5;2025-12-11;6;0
5;2025-12-11;7;0
5;2025-12-11;8;0
5;2025-12-11;9;0
5;2025-12-11;10;0
5;2025-12-11;11;0
5;2025-12-11;12;0
5;2025-12-11;13;0
5;2025-12-11;14;0
5;2025-12-11;15;0
5;2025-12-11;16;0
5;2025-12-11;17;0
5;2025-12-11;18;0
5;2025-12-11;19;0
5;2025-12-11;20;0
5;2025-12-11;21;0
5;2025-12-11;22;0
5;2025-12-11;23;0
5;2025-12-12;0;0
5;2025-12-12;1;0
5;2025-12-12;2;0
5;2025-12-12;3;0
5;2025-12-12;4;0
5;2025-12-12;5;0
5;2025-12-12;6;0
5;2025-12-12;7;0
5;2025-12-12;8;0
5;2025-12-12;9;0
5;2025-12-12;10;0
5;2025-12-12;11;0
5;2025-12-12;12;0
5;2025-12-12;13;0
5;2025-12-12;14;0
5;2025-12-12;15;0
5;2025-12-12;16;0
5;2025-12-12;17;0
5;2025-12-12;18;0
5;2025-12-12;19;0
5;2025-12-12;20;0
5;2025-12-12;21;0
5;2025-12-12;22;0
5;2025-12-12;23;0
5;2025-12-13;0;0
5;2025-12-13;1;0
5;2025-12-13;2;0
5;2025-12-13;3;0
5;2025-12-13;4;0
5;2025-12-13;5;0
5;2025-12-13;6;0
5;2025-12-13;7;0
5;2025-12-13;8;0
5;2025-12-13;9;0
5;2025-12-13;10;0
5;2025-12-13;11;0
5;2025-12-13;12;0
5;2025-12-13;13;0
5;2025-12-13;14;0
5;2025-12-13;15;0
5;2025-12-13;16;0
5;2025-12-13;17;0
5;2025-12-13;18;0
5;2025-12-13;19;0
5;2025-12-13;20;0
5;2025-12-13;21;0
5;2025-12-13;22;0
5;2025-12-13;23;0
5;2025-12-14;0;0
5;2025-12-14;1;0
5;2025-12-14;2;0
5;2025-12-14;3;0
5;2025-12-14;4;0
5;2025-12-14;5;0
5;2025-12-14;6;0
5;2025-12-14;7;0
5;2025-12-14;8;0
5;2025-12-14;9;0
5;2025-12-14;10;0
5;2025-12-14;11;0
5;2025-12-14;12;0
5;2025-12-14;13;0
5;2025-12-14;14;0
5;2025-12-14;15;0
5;2025-12-14;16;0
5;2025-12-14;17;0
5;2025-12-14;18;0
5;2025-12-14;19;0
5;2025-12-14;20;0
5;2025-12-14;21;0
5;2025-12-14;22;0
5;2025-12-14;23;0
5;2025-12-15;0;0
5;2025-12-15;1;0
5;2025-12-15;2;0
5;2025-12-15;3;0
5;2025-12-15;4;0
5;2025-12-15;5;0
5;2025-12-15;6;0
5;2025-12-15;7;0
5;2025-12-15;8;0
5;2025-12-15;9;0
5;2025-12-15;10;0
5;2025-12-15;11;0
5;2025-12-15;12;0
5;2025-12-15;13;0
5;2025-12-15;14;0
5;2025-12-15;15;0
5;2025-12-15;16;0
5;2025-12-15;17;0
5;2025-12-15;18;0
5;2025-12-15;19;0
5;2025-12-15;20;0
5;2025-12-15;21;0
5;2025-12-15;22;0
5;2025-12-15;23;0
5;2025-12-16;0;0
5;2025-12-16;1;0
5;2025-12-16;2;0
5;2025-12-16;3;0
5;2025-12-16;4;0
5;2025-12-16;5;0
5;2025-12-16;6;0
5;2025-12-16;7;0
5;2025-12-16;8;0
5;2025-12-16;9;0
5;2025-12-16;10;0
5;2025-12-16;11;0
5;2025-12-16;12;0
5;2025-12-16;13;0
5;2025-12-16;14;0
5;2025-12-16;15;0
5;2025-12-16;16;0
5;2025-12-16;17;0
5;2025-12-16;18;0
5;2025-12-16;19;0
5;2025-12-16;20;0
5;2025-12-16;21;0
5;2025-12-16;22;0
5;2025-12-16;23;0
5;2025-12-17;0;0
5;2025-12-17;1;0
5;2025-12-17;2;0
5;2025-12-17;3;0
5;2025-12-17;4;0
5;2025-12-17;5;0
5;2025-12-17;6;0
5;2025-12-17;7;0
5;2025-12-17;8;0
5;2025-12-17;9;0
5;2025-12-17;10;0
5;2025-12-17;11;0
5;2025-12-17;12;0
5;2025-12-17;13;0
5;2025-12-17;14;0
5;2025-12-17;15;0
5;2025-12-17;16;0
5;2025-12-17;17;0
5;2025-12-17;18;0
5;2025-12-17;19;0
5;2025-12-17;20;0
5;2025-12-17;21;0
5;2025-12-17;22;0
5;2025-12-17;23;0
5;2025-12-18;0;0
5;2025-12-18;1;0
5;2025-12-18;2;0
5;2025-12-18;3;0
5;2025-12-18;4;0
5;2025-12-18;5;0
5;2025-12-18;6;0
5;2025-12-18;7;0
5;2025-12-18;8;0
5;2025-12-18;9;0
5;2025-12-18;10;0
5;2025-12-18;11;0
5;2025-12-18;12;0
5;2025-12-18;13;0
5;2025-12-18;14;0
5;2025-12-18;15;0
5;2025-12-18;16;0
5;2025-12-18;17;0
5;2025-12-18;18;0
5;2025-12-18;19;0
5;2025-12-18;20;0
5;2025-12-18;21;0
5;2025-12-18;22;0
5;2025-12-18;23;0
5;2025-12-19;0;0
5;2025-12-19;1;0
5;2025-12-19;2;0
5;2025-12-19;3;0
5;2025-12-19;4;0
5;2025-12-19;5;0
5;2025-12-19;6;0
5;2025-12-19;7;0
5;2025-12-19;8;0
5;2025-12-19;9;0
5;2025-12-19;10;0
5;2025-12-19;11;0
5;2025-12-19;12;0
5;2025-12-19;13;0
5;2025-12-19;14;0
5;2025-12-19;15;0
5;2025-12-19;16;0
5;2025-12-19;17;0
5;2025-12-19;18;0
5;2025-12-19;19;0
5;2025-12-19;20;0
5;2025-12-19;21;0
5;2025-12-19;22;0
5;2025-12-19;23;0
5;2025-12-20;0;0
5;2025-12-20;1;0
5;2025-12-20;2;0
5;2025-12-20;3;0
5;2025-12-20;4;0
5;2025-12-20;5;0
5;2025-12-20;6;0
5;2025-12-20;7;0
5;2025-12-20;8;0
5;2025-12-20;9;0
5;2025-12-20;10;0
5;2025-12-20;11;0
5;2025-12-20;12;0
5;2025-12-20;13;0
5;2025-12-20;14;0
5;2025-12-20;15;0
5;2025-12-20;16;0
5;2025-12-20;17;0
5;2025-12-20;18;0
5;2025-12-20;19;0
5;2025-12-20;20;0
5;2025-12-20;21;0
5;2025-12-20;22;0
5;2025-12-20;23;0
5;2025-12-21;0;0
5;2025-12-21;1;0
5;2025-12-21;2;0
5;2025-12-21;3;0
5;2025-12-21;4;0
5;2025-12-21;5;0
5;2025-12-21;6;0
5;2025-12-21;7;0
5;2025-12-21;8;0
5;2025-12-21;9;0
5;2025-12-21;10;0
5;2025-12-21;11;0
5;2025-12-21;12;0
5;2025-12-21;13;0
5;2025-12-21;14;0
5;2025-12-21;15;0
5;2025-12-21;16;0
5;2025-12-21;17;0
5;2025-12-21;18;0
5;2025-12-21;19;0
5;2025-12-21;20;0
5;2025-12-21;21;0
5;2025-12-21;22;0
5;2025-12-21;23;0
5;2025-12-22;0;0
5;2025-12-22;1;0
5;2025-12-22;2;0
5;2025-12-22;3;0
5;2025-12-22;4;0
5;2025-12-22;5;0
5;2025-12-22;6;0
5;2025-12-22;7;0
5;2025-12-22;8;0
5;2025-12-22;9;0
5;2025-12-22;10;0
5;2025-12-22;11;0
5;2025-12-22;12;0
5;2025-12-22;13;0
5;2025-12-22;14;0
5;2025-12-22;15;0
5;2025-12-22;16;0
5;2025-12-22;17;0
5;2025-12-22;18;0
5;2025-12-22;19;0
5;2025-12-22;20;0
5;2025-12-22;21;0
5;2025-12-22;22;0
5;2025-12-22;23;0
5;2025-12-23;0;0
5;2025-12-23;1;0
5;2025-12-23;2;0
5;2025-12-23;3;0
5;2025-12-23;4;0
5;2025-12-23;5;0
5;2025-12-23;6;0
5;2025-12-23;7;0
5;2025-12-23;8;0
5;2025-12-23;9;0
5;2025-12-23;10;0
5;2025-12-23;11;0
5;2025-12-23;12;0
5;2025-12-23;13;0
5;2025-12-23;14;0
5;2025-12-23;15;0
5;2025-12-23;16;0
5;2025-12-23;17;0
5;2025-12-23;18;0
5;2025-12-23;19;0
5;2025-12-23;20;0
5;2025-12-23;21;0
5;2025-12-23;22;0
5;2025-12-23;23;0
5;2025-12-24;0;0
5;2025-12-24;1;0
5;2025-12-24;2;0
5;2025-12-24;3;0
5;2025-12-24;4;0
5;2025-12-24;5;0
5;2025-12-24;6;0
5;2025-12-24;7;0
5;2025-12-24;8;0
5;2025-12-24;9;0
5;2025-12-24;10;0
5;2025-12-24;11;0
5;2025-12-24;12;0
5;2025-12-24;13;0
5;2025-12-24;14;0
5;2025-12-24;15;0
5;2025-12-24;16;0
5;2025-12-24;17;0
5;2025-12-24;18;0
5;2025-12-24;19;0
5;2025-12-24;20;0
5;2025-12-24;21;0
5;2025-12-24;22;0
5;2025-12-24;23;0
5;2025-12-25;0;0
5;2025-12-25;1;0
5;2025-12-25;2;0
5;2025-12-25;3;0
5;2025-12-25;4;0
5;2025-12-25;5;0
5;2025-12-25;6;0
5;2025-12-25;7;0
5;2025-12-25;8;0
5;2025-12-25;9;0
5;2025-12-25;10;0
5;2025-12-25;11;0
5;2025-12-25;12;0
5;2025-12-25;13;0
5;2025-12-25;14;0
5;2025-12-25;15;0
5;2025-12-25;16;0
5;2025-12-25;17;0
5;2025-12-25;18;0
5;2025-12-25;19;0
5;2025-12-25;20;0
5;2025-12-25;21;0
5;2025-12-25;22;0
5;2025-12-25;23;0
5;2025-12-26;0;0
5;2025-12-26;1;0
5;2025-12-26;2;0
5;2025-12-26;3;0
5;2025-12-26;4;0
5;2025-12-26;5;0
5;2025-12-26;6;0
5;2025-12-26;7;0
5;2025-12-26;8;0
5;2025-12-26;9;0
5;2025-12-26;10;0
5;2025-12-26;11;0
5;2025-12-26;12;0
5;2025-12-26;13;0
5;2025-12-26;14;0
5;2025-12-26;15;0
5;2025-12-26;16;0
5;2025-12-26;17;0
5;2025-12-26;18;0
5;2025-12-26;19;0
5;2025-12-26;20;0
5;2025-12-26;21;0
5;2025-12-26;22;0
5;2025-12-26;23;0
5;2025-12-27;0;0
5;2025-12-27;1;0
5;2025-12-27;2;0
5;2025-12-27;3;0
5;2025-12-27;4;0
5;2025-12-27;5;0
5;2025-12-27;6;0
5;2025-12-27;7;0
5;2025-12-27;8;0
5;2025-12-27;9;0
5;2025-12-27;10;0
5;2025-12-27;11;0
5;2025-12-27;12;0
5;2025-12-27;13;0
5;2025-12-27;14;0
5;2025-12-27;15;0
5;2025-12-27;16;0
5;2025-12-27;17;0
5;2025-12-27;18;0
5;2025-12-27;19;0
5;2025-12-27;20;0
5;2025-12-27;21;0
5;2025-12-27;22;0
5;2025-12-27;23;0
5;2025-12-28;0;0
5;2025-12-28;1;0
5;2025-12-28;2;0
5;2025-12-28;3;0
5;2025-12-28;4;0
5;2025-12-28;5;0
5;2025-12-28;6;0
5;2025-12-28;7;0
5;2025-12-28;8;0
5;2025-12-28;9;0
5;2025-12-28;10;0
5;2025-12-28;11;0
5;2025-12-28;12;0
5;2025-12-28;13;0
5;2025-12-28;14;0
5;2025-12-28;15;0
5;2025-12-28;16;0
5;2025-12-28;17;0
5;2025-12-28;18;0
5;2025-12-28;19;0
5;2025-12-28;20;0
5;2025-12-28;21;0
5;2025-12-28;22;0
5;2025-12-28;23;0
5;2025-12-29;0;0
5;2025-12-29;1;0
5;2025-12-29;2;0
5;2025-12-29;3;0
5;2025-12-29;4;0
5;2025-12-29;5;0
5;2025-12-29;6;0
5;2025-12-29;7;0
5;2025-12-29;8;0
5;2025-12-29;9;0
5;2025-12-29;10;0
5;2025-12-29;11;0
5;2025-12-29;12;0
5;2025-12-29;13;0
5;2025-12-29;14;0
5;2025-12-29;15;0
5;2025-12-29;16;0
5;2025-12-29;17;0
5;2025-12-29;18;0
5;2025-12-29;19;0
5;2025-12-29;20;0
5;2025-12-29;21;0
5;2025-12-29;22;0
5;2025-12-29;23;0
5;2025-12-30;0;0
5;2025-12-30;1;0
5;2025-12-30;2;0
5;2025-12-30;3;0
5;2025-12-30;4;0
5;2025-12-30;5;0
5;2025-12-30;6;0
5;2025-12-30;7;0
5;2025-12-30;8;0
5;2025-12-30;9;0
5;2025-12-30;10;0
5;2025-12-30;11;0
5;2025-12-30;12;0
5;2025-12-30;13;0
5;2025-12-30;14;0
5;2025-12-30;15;0
5;2025-12-30;16;0
5;2025-12-30;17;0
5;2025-12-30;18;0
5;2025-12-30;19;0
5;2025-12-30;20;0
5;2025-12-30;21;0
5;2025-12-30;22;0
5;2025-12-30;23;0
5;2025-12-31;0;0
5;2025-12-31;1;0
5;2025-12-31;2;0
5;2025-12-31;3;0
5;2025-12-31;4;0
5;2025-12-31;5;0
5;2025-12-31;6;0
5;2025-12-31;7;0
5;2025-12-31;8;0
5;2025-12-31;9;0
5;2025-12-31;10;0
5;2025-12-31;11;0
5;2025-12-31;12;0
5;2025-12-31;13;0
5;2025-12-31;14;0
5;2025-12-31;15;0
5;2025-12-31;16;0
5;2025-12-31;17;0
5;2025-12-31;18;0
5;2025-12-31;19;0
5;2025-12-31;20;0
5;2025-12-31;21;0
5;2025-12-31;22;0
5;2025-12-31;23;0
7;2025-11-01;0;54
7;2025-11-01;1;11
7;2025-11-01;2;0
7;2025-11-01;3;0
7;2025-11-01;4;1
7;2025-11-01;5;167
7;2025-11-01;6;534
7;2025-11-01;7;1438
7;2025-11-01;8;2222
7;2025-11-01;9;1678
7;2025-11-01;10;1506
7;2025-11-01;11;1430
7;2025-11-01;12;1550
7;2025-11-01;13;1457
7;2025-11-01;14;1514
7;2025-11-01;15;1651
7;2025-11-01;16;1716
7;2025-11-01;17;2218
7;2025-11-01;18;2391
7;2025-11-01;19;1554
7;2025-11-01;20;993
7;2025-11-01;21;587
7;2025-11-01;22;280
7;2025-11-01;23;180
7;2025-11-02;0;125
7;2025-11-02;1;29
7;2025-11-02;2;0
7;2025-11-02;3;0
7;2025-11-02;4;1
7;2025-11-02;5;36
7;2025-11-02;6;155
7;2025-11-02;7;213
7;2025-11-02;8;474
7;2025-11-02;9;630
7;2025-11-02;10;501
7;2025-11-02;11;747
7;2025-11-02;12;816
7;2025-11-02;13;802
7;2025-11-02;14;834
7;2025-11-02;15;906
7;2025-11-02;16;783
7;2025-11-02;17;801
7;2025-11-02;18;824
7;2025-11-02;19;613
7;2025-11-02;20;507
7;2025-11-02;21;370
7;2025-11-02;22;189
7;2025-11-02;23;149
7;2025-11-03;0;110
7;2025-11-03;1;26
7;2025-11-03;2;0
7;2025-11-03;3;0
7;2025-11-03;4;1
7;2025-11-03;5;32
7;2025-11-03;6;140
7;2025-11-03;7;188
7;2025-11-03;8;417
7;2025-11-03;9;544
7;2025-11-03;10;415
7;2025-11-03;11;612
7;2025-11-03;12;659
7;2025-11-03;13;672
7;2025-11-03;14;704
7;2025-11-03;15;762
7;2025-11-03;16;656
7;2025-11-03;17;667
7;2025-11-03;18;703
7;2025-11-03;19;535
7;2025-11-03;20;441
7;2025-11-03;21;323
7;2025-11-03;22;166
7;2025-11-03;23;132
7;2025-11-04;0;113
7;2025-11-04;1;27
7;2025-11-04;2;0
7;2025-11-04;3;0
7;2025-11-04;4;1
7;2025-11-04;5;32
7;2025-11-04;6;142
7;2025-11-04;7;190
7;2025-11-04;8;421
7;2025-11-04;9;542
7;2025-11-04;10;434
7;2025-11-04;11;625
7;2025-11-04;12;661
7;2025-11-04;13;655
7;2025-11-04;14;697
7;2025-11-04;15;774
7;2025-11-04;16;667
7;2025-11-04;17;686
7;2025-11-04;18;704
7;2025-11-04;19;538
7;2025-11-04;20;446
7;2025-11-04;21;326
7;2025-11-04;22;169
7;2025-11-04;23;134
7;2025-11-05;0;62
7;2025-11-05;1;13
7;2025-11-05;2;0
7;2025-11-05;3;0
7;2025-11-05;4;2
7;2025-11-05;5;196
7;2025-11-05;6;624
7;2025-11-05;7;1676
7;2025-11-05;8;2558
7;2025-11-05;9;1893
7;2025-11-05;10;1679
7;2025-11-05;11;1589
7;2025-11-05;12;1739
7;2025-11-05;13;1614
7;2025-11-05;14;1664
7;2025-11-05;15;1813
7;2025-11-05;16;1895
7;2025-11-05;17;2457
7;2025-11-05;18;2684
7;2025-11-05;19;1755
7;2025-11-05;20;1124
7;2025-11-05;21;663
7;2025-11-05;22;316
7;2025-11-05;23;202
7;2025-11-06;0;62
7;2025-11-06;1;13
7;2025-11-06;2;0
7;2025-11-06;3;0
7;2025-11-06;4;2
7;2025-11-06;5;195
7;2025-11-06;6;623
7;2025-11-06;7;1671
7;2025-11-06;8;2563
7;2025-11-06;9;1892
7;2025-11-06;10;1691
7;2025-11-06;11;1588
7;2025-11-06;12;1716
7;2025-11-06;13;1596
7;2025-11-06;14;1654
7;2025-11-06;15;1800
7;2025-11-06;16;1878
7;2025-11-06;17;2430
7;2025-11-06;18;2661
7;2025-11-06;19;1741
7;2025-11-06;20;1116
7;2025-11-06;21;661
7;2025-11-06;22;315
7;2025-11-06;23;201
7;2025-11-07;0;79
7;2025-11-07;1;15
7;2025-11-07;2;0
7;2025-11-07;3;0
7;2025-11-07;4;2
7;2025-11-07;5;181
7;2025-11-07;6;616
7;2025-11-07;7;1527
7;2025-11-07;8;2300
7;2025-11-07;9;1696
7;2025-11-07;10;1725
7;2025-11-07;11;1579
7;2025-11-07;12;1667
7;2025-11-07;13;1690
7;2025-11-07;14;1746
7;2025-11-07;15;1900
7;2025-11-07;16;2120
7;2025-11-07;17;2337
7;2025-11-07;18;2028
7;2025-11-07;19;1409
7;2025-11-07;20;1013
7;2025-11-07;21;612
7;2025-11-07;22;336
7;2025-11-07;23;253
7;2025-11-08;0;135
7;2025-11-08;1;30
7;2025-11-08;2;0
7;2025-11-08;3;0
7;2025-11-08;4;1
7;2025-11-08;5;56
7;2025-11-08;6;304
7;2025-11-08;7;339
7;2025-11-08;8;816
7;2025-11-08;9;658
7;2025-11-08;10;748
7;2025-11-08;11;790
7;2025-11-08;12;1090
7;2025-11-08;13;1026
7;2025-11-08;14;976
7;2025-11-08;15;950
7;2025-11-08;16;951
7;2025-11-08;17;939
7;2025-11-08;18;874
7;2025-11-08;19;686
7;2025-11-08;20;611
7;2025-11-08;21;429
7;2025-11-08;22;239
7;2025-11-08;23;192
7;2025-11-09;0;122
7;2025-11-09;1;29
7;2025-11-09;2;0
7;2025-11-09;3;0
7;2025-11-09;4;1
7;2025-11-09;5;36
7;2025-11-09;6;155
7;2025-11-09;7;209
7;2025-11-09;8;469
7;2025-11-09;9;623
7;2025-11-09;10;494
7;2025-11-09;11;736
7;2025-11-09;12;801
7;2025-11-09;13;794
7;2025-11-09;14;833
7;2025-11-09;15;902
7;2025-11-09;16;775
7;2025-11-09;17;803
7;2025-11-09;18;823
7;2025-11-09;19;603
7;2025-11-09;20;498
7;2025-11-09;21;366
7;2025-11-09;22;187
7;2025-11-09;23;148
7;2025-11-10;0;62
7;2025-11-10;1;13
7;2025-11-10;2;0
7;2025-11-10;3;0
7;2025-11-10;4;2
7;2025-11-10;5;196
7;2025-11-10;6;623
7;2025-11-10;7;1660
7;2025-11-10;8;2552
7;2025-11-10;9;1878
7;2025-11-10;10;1635
7;2025-11-10;11;1532
7;2025-11-10;12;1656
7;2025-11-10;13;1551
7;2025-11-10;14;1603
7;2025-11-10;15;1768
7;2025-11-10;16;1851
7;2025-11-10;17;2401
7;2025-11-10;18;2625
7;2025-11-10;19;1711
7;2025-11-10;20;1090
7;2025-11-10;21;641
7;2025-11-10;22;305
7;2025-11-10;23;194
7;2025-11-11;0;62
7;2025-11-11;1;13
7;2025-11-11;2;0
7;2025-11-11;3;0
7;2025-11-11;4;2
7;2025-11-11;5;197
7;2025-11-11;6;627
7;2025-11-11;7;1677
7;2025-11-11;8;2568
7;2025-11-11;9;1903
7;2025-11-11;10;1661
7;2025-11-11;11;1559
7;2025-11-11;12;1703
7;2025-11-11;13;1602
7;2025-11-11;14;1658
7;2025-11-11;15;1811
7;2025-11-11;16;1891
7;2025-11-11;17;2456
7;2025-11-11;18;2677
7;2025-11-11;19;1749
7;2025-11-11;20;1114
7;2025-11-11;21;657
7;2025-11-11;22;312
7;2025-11-11;23;197
7;2025-11-12;0;62
7;2025-11-12;1;13
7;2025-11-12;2;0
7;2025-11-12;3;0
7;2025-11-12;4;2
7;2025-11-12;5;196
7;2025-11-12;6;624
7;2025-11-12;7;1665
7;2025-11-12;8;2554
7;2025-11-12;9;1890
7;2025-11-12;10;1655
7;2025-11-12;11;1543
7;2025-11-12;12;1667
7;2025-11-12;13;1574
7;2025-11-12;14;1628
7;2025-11-12;15;1775
7;2025-11-12;16;1863
7;2025-11-12;17;2404
7;2025-11-12;18;2623
7;2025-11-12;19;1724
7;2025-11-12;20;1099
7;2025-11-12;21;650
7;2025-11-12;22;311
7;2025-11-12;23;198
7;2025-11-13;0;62
7;2025-11-13;1;13
7;2025-11-13;2;0
7;2025-11-13;3;0
7;2025-11-13;4;2
7;2025-11-13;5;196
7;2025-11-13;6;625
7;2025-11-13;7;1674
7;2025-11-13;8;2567
7;2025-11-13;9;1903
7;2025-11-13;10;1685
7;2025-11-13;11;1579
7;2025-11-13;12;1710
7;2025-11-13;13;1603
7;2025-11-13;14;1667
7;2025-11-13;15;1807
7;2025-11-13;16;1895
7;2025-11-13;17;2448
7;2025-11-13;18;2685
7;2025-11-13;19;1754
7;2025-11-13;20;1116
7;2025-11-13;21;653
7;2025-11-13;22;311
7;2025-11-13;23;199
7;2025-11-14;0;80
7;2025-11-14;1;15
7;2025-11-14;2;1
7;2025-11-14;3;0
7;2025-11-14;4;2
7;2025-11-14;5;183
7;2025-11-14;6;623
7;2025-11-14;7;1543
7;2025-11-14;8;2317
7;2025-11-14;9;1712
7;2025-11-14;10;1719
7;2025-11-14;11;1583
7;2025-11-14;12;1673
7;2025-11-14;13;1698
7;2025-11-14;14;1758
7;2025-11-14;15;1914
7;2025-11-14;16;2136
7;2025-11-14;17;2358
7;2025-11-14;18;2039
7;2025-11-14;19;1414
7;2025-11-14;20;1021
7;2025-11-14;21;616
7;2025-11-14;22;339
7;2025-11-14;23;254
7;2025-11-15;0;151
7;2025-11-15;1;33
7;2025-11-15;2;0
7;2025-11-15;3;0
7;2025-11-15;4;2
7;2025-11-15;5;62
7;2025-11-15;6;338
7;2025-11-15;7;374
7;2025-11-15;8;884
7;2025-11-15;9;701
7;2025-11-15;10;805
7;2025-11-15;11;852
7;2025-11-15;12;1191
7;2025-11-15;13;1132
7;2025-11-15;14;1066
7;2025-11-15;15;1070
7;2025-11-15;16;1079
7;2025-11-15;17;1071
7;2025-11-15;18;997
7;2025-11-15;19;780
7;2025-11-15;20;680
7;2025-11-15;21;473
7;2025-11-15;22;265
7;2025-11-15;23;213
7;2025-11-16;0;124
7;2025-11-16;1;30
7;2025-11-16;2;0
7;2025-11-16;3;0
7;2025-11-16;4;1
7;2025-11-16;5;36
7;2025-11-16;6;157
7;2025-11-16;7;215
7;2025-11-16;8;486
7;2025-11-16;9;625
7;2025-11-16;10;499
7;2025-11-16;11;746
7;2025-11-16;12;816
7;2025-11-16;13;811
7;2025-11-16;14;841
7;2025-11-16;15;946
7;2025-11-16;16;798
7;2025-11-16;17;821
7;2025-11-16;18;844
7;2025-11-16;19;618
7;2025-11-16;20;510
7;2025-11-16;21;369
7;2025-11-16;22;191
7;2025-11-16;23;151
7;2025-11-17;0;60
7;2025-11-17;1;13
7;2025-11-17;2;0
7;2025-11-17;3;0
7;2025-11-17;4;2
7;2025-11-17;5;189
7;2025-11-17;6;602
7;2025-11-17;7;1611
7;2025-11-17;8;2467
7;2025-11-17;9;1829
7;2025-11-17;10;1586
7;2025-11-17;11;1478
7;2025-11-17;12;1595
7;2025-11-17;13;1486
7;2025-11-17;14;1537
7;2025-11-17;15;1703
7;2025-11-17;16;1788
7;2025-11-17;17;2327
7;2025-11-17;18;2585
7;2025-11-17;19;1687
7;2025-11-17;20;1076
7;2025-11-17;21;632
7;2025-11-17;22;301
7;2025-11-17;23;192
7;2025-11-18;0;59
7;2025-11-18;1;13
7;2025-11-18;2;0
7;2025-11-18;3;0
7;2025-11-18;4;1
7;2025-11-18;5;190
7;2025-11-18;6;610
7;2025-11-18;7;1633
7;2025-11-18;8;2510
7;2025-11-18;9;1862
7;2025-11-18;10;1649
7;2025-11-18;11;1558
7;2025-11-18;12;1684
7;2025-11-18;13;1565
7;2025-11-18;14;1624
7;2025-11-18;15;1761
7;2025-11-18;16;1818
7;2025-11-18;17;2313
7;2025-11-18;18;2506
7;2025-11-18;19;1634
7;2025-11-18;20;1053
7;2025-11-18;21;619
7;2025-11-18;22;297
7;2025-11-18;23;189
7;2025-11-19;0;63
7;2025-11-19;1;13
7;2025-11-19;2;0
7;2025-11-19;3;0
7;2025-11-19;4;2
7;2025-11-19;5;198
7;2025-11-19;6;631
7;2025-11-19;7;1691
7;2025-11-19;8;2600
7;2025-11-19;9;1929
7;2025-11-19;10;1689
7;2025-11-19;11;1578
7;2025-11-19;12;1709
7;2025-11-19;13;1600
7;2025-11-19;14;1661
7;2025-11-19;15;1812
7;2025-11-19;16;1894
7;2025-11-19;17;2454
7;2025-11-19;18;2681
7;2025-11-19;19;1760
7;2025-11-19;20;1126
7;2025-11-19;21;665
7;2025-11-19;22;318
7;2025-11-19;23;202
7;2025-11-20;0;63
7;2025-11-20;1;13
7;2025-11-20;2;0
7;2025-11-20;3;0
7;2025-11-20;4;2
7;2025-11-20;5;199
7;2025-11-20;6;634
7;2025-11-20;7;1703
7;2025-11-20;8;2614
7;2025-11-20;9;1936
7;2025-11-20;10;1699
7;2025-11-20;11;1589
7;2025-11-20;12;1721
7;2025-11-20;13;1617
7;2025-11-20;14;1673
7;2025-11-20;15;1827
7;2025-11-20;16;1912
7;2025-11-20;17;2463
7;2025-11-20;18;2702
7;2025-11-20;19;1759
7;2025-11-20;20;1116
7;2025-11-20;21;655
7;2025-11-20;22;312
7;2025-11-20;23;199
7;2025-11-21;0;82
7;2025-11-21;1;16
7;2025-11-21;2;1
7;2025-11-21;3;0
7;2025-11-21;4;2
7;2025-11-21;5;186
7;2025-11-21;6;633
7;2025-11-21;7;1565
7;2025-11-21;8;2351
7;2025-11-21;9;1721
7;2025-11-21;10;1714
7;2025-11-21;11;1574
7;2025-11-21;12;1658
7;2025-11-21;13;1687
7;2025-11-21;14;1745
7;2025-11-21;15;1916
7;2025-11-21;16;2147
7;2025-11-21;17;2370
7;2025-11-21;18;2063
7;2025-11-21;19;1424
7;2025-11-21;20;1027
7;2025-11-21;21;620
7;2025-11-21;22;340
7;2025-11-21;23;253
7;2025-11-22;0;143
7;2025-11-22;1;32
7;2025-11-22;2;0
7;2025-11-22;3;0
7;2025-11-22;4;1
7;2025-11-22;5;59
7;2025-11-22;6;313
7;2025-11-22;7;348
7;2025-11-22;8;824
7;2025-11-22;9;681
7;2025-11-22;10;775
7;2025-11-22;11;823
7;2025-11-22;12;1148
7;2025-11-22;13;1082
7;2025-11-22;14;1034
7;2025-11-22;15;1018
7;2025-11-22;16;1017
7;2025-11-22;17;993
7;2025-11-22;18;923
7;2025-11-22;19;719
7;2025-11-22;20;637
7;2025-11-22;21;446
7;2025-11-22;22;249
7;2025-11-22;23;199
7;2025-11-23;0;126
7;2025-11-23;1;30
7;2025-11-23;2;0
7;2025-11-23;3;0
7;2025-11-23;4;1
7;2025-11-23;5;36
7;2025-11-23;6;158
7;2025-11-23;7;214
7;2025-11-23;8;473
7;2025-11-23;9;628
7;2025-11-23;10;510
7;2025-11-23;11;761
7;2025-11-23;12;823
7;2025-11-23;13;813
7;2025-11-23;14;844
7;2025-11-23;15;916
7;2025-11-23;16;793
7;2025-11-23;17;802
7;2025-11-23;18;828
7;2025-11-23;19;606
7;2025-11-23;20;504
7;2025-11-23;21;367
7;2025-11-23;22;187
7;2025-11-23;23;147
7;2025-11-24;0;59
7;2025-11-24;1;12
7;2025-11-24;2;0
7;2025-11-24;3;0
7;2025-11-24;4;1
7;2025-11-24;5;185
7;2025-11-24;6;593
7;2025-11-24;7;1583
7;2025-11-24;8;2433
7;2025-11-24;9;1750
7;2025-11-24;10;1569
7;2025-11-24;11;1467
7;2025-11-24;12;1588
7;2025-11-24;13;1492
7;2025-11-24;14;1560
7;2025-11-24;15;1721
7;2025-11-24;16;1802
7;2025-11-24;17;2313
7;2025-11-24;18;2512
7;2025-11-24;19;1634
7;2025-11-24;20;1035
7;2025-11-24;21;608
7;2025-11-24;22;290
7;2025-11-24;23;184
7;2025-11-25;0;63
7;2025-11-25;1;13
7;2025-11-25;2;0
7;2025-11-25;3;0
7;2025-11-25;4;2
7;2025-11-25;5;198
7;2025-11-25;6;628
7;2025-11-25;7;1691
7;2025-11-25;8;2584
7;2025-11-25;9;1921
7;2025-11-25;10;1669
7;2025-11-25;11;1566
7;2025-11-25;12;1695
7;2025-11-25;13;1582
7;2025-11-25;14;1643
7;2025-11-25;15;1804
7;2025-11-25;16;1879
7;2025-11-25;17;2443
7;2025-11-25;18;2672
7;2025-11-25;19;1751
7;2025-11-25;20;1118
7;2025-11-25;21;655
7;2025-11-25;22;313
7;2025-11-25;23;198
7;2025-11-26;0;63
7;2025-11-26;1;13
7;2025-11-26;2;0
7;2025-11-26;3;0
7;2025-11-26;4;2
7;2025-11-26;5;196
7;2025-11-26;6;626
7;2025-11-26;7;1671
7;2025-11-26;8;2590
7;2025-11-26;9;1898
7;2025-11-26;10;1659
7;2025-11-26;11;1554
7;2025-11-26;12;1675
7;2025-11-26;13;1564
7;2025-11-26;14;1627
7;2025-11-26;15;1779
7;2025-11-26;16;1856
7;2025-11-26;17;2419
7;2025-11-26;18;2643
7;2025-11-26;19;1730
7;2025-11-26;20;1104
7;2025-11-26;21;652
7;2025-11-26;22;312
7;2025-11-26;23;198
7;2025-11-27;0;61
7;2025-11-27;1;13
7;2025-11-27;2;0
7;2025-11-27;3;0
7;2025-11-27;4;2
7;2025-11-27;5;193
7;2025-11-27;6;615
7;2025-11-27;7;1647
7;2025-11-27;8;2521
7;2025-11-27;9;1865
7;2025-11-27;10;1625
7;2025-11-27;11;1522
7;2025-11-27;12;1657
7;2025-11-27;13;1555
7;2025-11-27;14;1601
7;2025-11-27;15;1756
7;2025-11-27;16;1838
7;2025-11-27;17;2389
7;2025-11-27;18;2618
7;2025-11-27;19;1722
7;2025-11-27;20;1099
7;2025-11-27;21;655
7;2025-11-27;22;313
7;2025-11-27;23;198
7;2025-11-28;0;79
7;2025-11-28;1;15
7;2025-11-28;2;1
7;2025-11-28;3;0
7;2025-11-28;4;2
7;2025-11-28;5;181
7;2025-11-28;6;620
7;2025-11-28;7;1531
7;2025-11-28;8;2307
7;2025-11-28;9;1698
7;2025-11-28;10;1702
7;2025-11-28;11;1559
7;2025-11-28;12;1637
7;2025-11-28;13;1676
7;2025-11-28;14;1725
7;2025-11-28;15;1892
7;2025-11-28;16;2107
7;2025-11-28;17;2320
7;2025-11-28;18;2005
7;2025-11-28;19;1376
7;2025-11-28;20;996
7;2025-11-28;21;597
7;2025-11-28;22;329
7;2025-11-28;23;248
7;2025-11-29;0;141
7;2025-11-29;1;31
7;2025-11-29;2;0
7;2025-11-29;3;0
7;2025-11-29;4;1
7;2025-11-29;5;58
7;2025-11-29;6;320
7;2025-11-29;7;353
7;2025-11-29;8;841
7;2025-11-29;9;684
7;2025-11-29;10;762
7;2025-11-29;11;824
7;2025-11-29;12;1152
7;2025-11-29;13;1084
7;2025-11-29;14;1038
7;2025-11-29;15;1022
7;2025-11-29;16;1019
7;2025-11-29;17;1007
7;2025-11-29;18;936
7;2025-11-29;19;734
7;2025-11-29;20;650
7;2025-11-29;21;453
7;2025-11-29;22;253
7;2025-11-29;23;203
7;2025-11-30;0;125
7;2025-11-30;1;30
7;2025-11-30;2;0
7;2025-11-30;3;0
7;2025-11-30;4;1
7;2025-11-30;5;36
7;2025-11-30;6;158
7;2025-11-30;7;213
7;2025-11-30;8;479
7;2025-11-30;9;634
7;2025-11-30;10;507
7;2025-11-30;11;754
7;2025-11-30;12;817
7;2025-11-30;13;815
7;2025-11-30;14;843
7;2025-11-30;15;899
7;2025-11-30;16;788
7;2025-11-30;17;801
7;2025-11-30;18;835
7;2025-11-30;19;610
7;2025-11-30;20;504
7;2025-11-30;21;369
7;2025-11-30;22;188
7;2025-11-30;23;148
7;2025-12-01;0;61
7;2025-12-01;1;13
7;2025-12-01;2;0
7;2025-12-01;3;0
7;2025-12-01;4;2
7;2025-12-01;5;193
7;2025-12-01;6;613
7;2025-12-01;7;1636
7;2025-12-01;8;2510
7;2025-12-01;9;1853
7;2025-12-01;10;1613
7;2025-12-01;11;1509
7;2025-12-01;12;1634
7;2025-12-01;13;1533
7;2025-12-01;14;1584
7;2025-12-01;15;1741
7;2025-12-01;16;1824
7;2025-12-01;17;2366
7;2025-12-01;18;2595
7;2025-12-01;19;1692
7;2025-12-01;20;1073
7;2025-12-01;21;631
7;2025-12-01;22;300
7;2025-12-01;23;191
7;2025-12-02;0;62
7;2025-12-02;1;13
7;2025-12-02;2;0
7;2025-12-02;3;0
7;2025-12-02;4;2
7;2025-12-02;5;195
7;2025-12-02;6;619
7;2025-12-02;7;1654
7;2025-12-02;8;2537
7;2025-12-02;9;1879
7;2025-12-02;10;1642
7;2025-12-02;11;1535
7;2025-12-02;12;1662
7;2025-12-02;13;1558
7;2025-12-02;14;1613
7;2025-12-02;15;1762
7;2025-12-02;16;1843
7;2025-12-02;17;2388
7;2025-12-02;18;2607
7;2025-12-02;19;1707
7;2025-12-02;20;1090
7;2025-12-02;21;642
7;2025-12-02;22;306
7;2025-12-02;23;194
7;2025-12-03;0;61
7;2025-12-03;1;13
7;2025-12-03;2;0
7;2025-12-03;3;0
7;2025-12-03;4;2
7;2025-12-03;5;195
7;2025-12-03;6;620
7;2025-12-03;7;1658
7;2025-12-03;8;2546
7;2025-12-03;9;1882
7;2025-12-03;10;1651
7;2025-12-03;11;1536
7;2025-12-03;12;1659
7;2025-12-03;13;1557
7;2025-12-03;14;1613
7;2025-12-03;15;1758
7;2025-12-03;16;1845
7;2025-12-03;17;2401
7;2025-12-03;18;2612
7;2025-12-03;19;1717
7;2025-12-03;20;1097
7;2025-12-03;21;648
7;2025-12-03;22;309
7;2025-12-03;23;197
7;2025-12-04;0;61
7;2025-12-04;1;13
7;2025-12-04;2;0
7;2025-12-04;3;0
7;2025-12-04;4;2
7;2025-12-04;5;194
7;2025-12-04;6;620
7;2025-12-04;7;1660
7;2025-12-04;8;2540
7;2025-12-04;9;1879
7;2025-12-04;10;1648
7;2025-12-04;11;1538
7;2025-12-04;12;1667
7;2025-12-04;13;1567
7;2025-12-04;14;1624
7;2025-12-04;15;1777
7;2025-12-04;16;1861
7;2025-12-04;17;2412
7;2025-12-04;18;2641
7;2025-12-04;19;1722
7;2025-12-04;20;1096
7;2025-12-04;21;651
7;2025-12-04;22;310
7;2025-12-04;23;197
7;2025-12-05;0;79
7;2025-12-05;1;15
7;2025-12-05;2;1
7;2025-12-05;3;0
7;2025-12-05;4;2
7;2025-12-05;5;180
7;2025-12-05;6;613
7;2025-12-05;7;1519
7;2025-12-05;8;2282
7;2025-12-05;9;1691
7;2025-12-05;10;1691
7;2025-12-05;11;1548
7;2025-12-05;12;1633
7;2025-12-05;13;1663
7;2025-12-05;14;1725
7;2025-12-05;15;1884
7;2025-12-05;16;2105
7;2025-12-05;17;2324
7;2025-12-05;18;2008
7;2025-12-05;19;1383
7;2025-12-05;20;1001
7;2025-12-05;21;603
7;2025-12-05;22;330
7;2025-12-05;23;247
7;2025-12-06;0;142
7;2025-12-06;1;32
7;2025-12-06;2;0
7;2025-12-06;3;0
7;2025-12-06;4;1
7;2025-12-06;5;58
7;2025-12-06;6;312
7;2025-12-06;7;346
7;2025-12-06;8;798
7;2025-12-06;9;662
7;2025-12-06;10;761
7;2025-12-06;11;810
7;2025-12-06;12;1129
7;2025-12-06;13;1061
7;2025-12-06;14;1015
7;2025-12-06;15;998
7;2025-12-06;16;998
7;2025-12-06;17;960
7;2025-12-06;18;916
7;2025-12-06;19;717
7;2025-12-06;20;620
7;2025-12-06;21;434
7;2025-12-06;22;242
7;2025-12-06;23;198
7;2025-12-07;0;124
7;2025-12-07;1;30
7;2025-12-07;2;0
7;2025-12-07;3;0
7;2025-12-07;4;1
7;2025-12-07;5;36
7;2025-12-07;6;156
7;2025-12-07;7;210
7;2025-12-07;8;471
7;2025-12-07;9;625
7;2025-12-07;10;500
7;2025-12-07;11;745
7;2025-12-07;12;812
7;2025-12-07;13;809
7;2025-12-07;14;843
7;2025-12-07;15;914
7;2025-12-07;16;779
7;2025-12-07;17;800
7;2025-12-07;18;826
7;2025-12-07;19;604
7;2025-12-07;20;499
7;2025-12-07;21;365
7;2025-12-07;22;186
7;2025-12-07;23;147
7;2025-12-08;0;61
7;2025-12-08;1;13
7;2025-12-08;2;0
7;2025-12-08;3;0
7;2025-12-08;4;2
7;2025-12-08;5;191
7;2025-12-08;6;613
7;2025-12-08;7;1635
7;2025-12-08;8;2512
7;2025-12-08;9;1855
7;2025-12-08;10;1618
7;2025-12-08;11;1508
7;2025-12-08;12;1632
7;2025-12-08;13;1523
7;2025-12-08;14;1575
7;2025-12-08;15;1731
7;2025-12-08;16;1814
7;2025-12-08;17;2360
7;2025-12-08;18;2585
7;2025-12-08;19;1689
7;2025-12-08;20;1075
7;2025-12-08;21;631
7;2025-12-08;22;300
7;2025-12-08;23;191
7;2025-12-09;0;62
7;2025-12-09;1;13
7;2025-12-09;2;0
7;2025-12-09;3;0
7;2025-12-09;4;2
7;2025-12-09;5;195
7;2025-12-09;6;620
7;2025-12-09;7;1657
7;2025-12-09;8;2540
7;2025-12-09;9;1885
7;2025-12-09;10;1645
7;2025-12-09;11;1536
7;2025-12-09;12;1665
7;2025-12-09;13;1553
7;2025-12-09;14;1611
7;2025-12-09;15;1759
7;2025-12-09;16;1841
7;2025-12-09;17;2392
7;2025-12-09;18;2614
7;2025-12-09;19;1706
7;2025-12-09;20;1088
7;2025-12-09;21;641
7;2025-12-09;22;306
7;2025-12-09;23;194
7;2025-12-10;0;62
7;2025-12-10;1;13
7;2025-12-10;2;0
7;2025-12-10;3;0
7;2025-12-10;4;2
7;2025-12-10;5;196
7;2025-12-10;6;623
7;2025-12-10;7;1674
7;2025-12-10;8;2564
7;2025-12-10;9;1904
7;2025-12-10;10;1660
7;2025-12-10;11;1562
7;2025-12-10;12;1678
7;2025-12-10;13;1571
7;2025-12-10;14;1626
7;2025-12-10;15;1783
7;2025-12-10;16;1862
7;2025-12-10;17;2420
7;2025-12-10;18;2656
7;2025-12-10;19;1747
7;2025-12-10;20;1111
7;2025-12-10;21;658
7;2025-12-10;22;313
7;2025-12-10;23;199
7;2025-12-11;0;59
7;2025-12-11;1;13
7;2025-12-11;2;0
7;2025-12-11;3;0
7;2025-12-11;4;1
7;2025-12-11;5;186
7;2025-12-11;6;593
7;2025-12-11;7;1592
7;2025-12-11;8;2441
7;2025-12-11;9;1830
7;2025-12-11;10;1593
7;2025-12-11;11;1504
7;2025-12-11;12;1631
7;2025-12-11;13;1519
7;2025-12-11;14;1574
7;2025-12-11;15;1724
7;2025-12-11;16;1809
7;2025-12-11;17;2355
7;2025-12-11;18;2574
7;2025-12-11;19;1672
7;2025-12-11;20;1072
7;2025-12-11;21;639
7;2025-12-11;22;304
7;2025-12-11;23;194
7;2025-12-12;0;79
7;2025-12-12;1;15
7;2025-12-12;2;0
7;2025-12-12;3;0
7;2025-12-12;4;2
7;2025-12-12;5;179
7;2025-12-12;6;613
7;2025-12-12;7;1516
7;2025-12-12;8;2271
7;2025-12-12;9;1677
7;2025-12-12;10;1675
7;2025-12-12;11;1539
7;2025-12-12;12;1632
7;2025-12-12;13;1642
7;2025-12-12;14;1680
7;2025-12-12;15;1822
7;2025-12-12;16;2049
7;2025-12-12;17;2253
7;2025-12-12;18;1965
7;2025-12-12;19;1370
7;2025-12-12;20;974
7;2025-12-12;21;587
7;2025-12-12;22;326
7;2025-12-12;23;243
7;2025-12-13;0;139
7;2025-12-13;1;31
7;2025-12-13;2;0
7;2025-12-13;3;0
7;2025-12-13;4;1
7;2025-12-13;5;57
7;2025-12-13;6;307
7;2025-12-13;7;341
7;2025-12-13;8;810
7;2025-12-13;9;670
7;2025-12-13;10;769
7;2025-12-13;11;814
7;2025-12-13;12;1129
7;2025-12-13;13;1068
7;2025-12-13;14;1022
7;2025-12-13;15;1007
7;2025-12-13;16;1008
7;2025-12-13;17;988
7;2025-12-13;18;921
7;2025-12-13;19;723
7;2025-12-13;20;642
7;2025-12-13;21;446
7;2025-12-13;22;250
7;2025-12-13;23;200
7;2025-12-14;0;123
7;2025-12-14;1;29
7;2025-12-14;2;0
7;2025-12-14;3;0
7;2025-12-14;4;1
7;2025-12-14;5;36
7;2025-12-14;6;157
7;2025-12-14;7;211
7;2025-12-14;8;475
7;2025-12-14;9;631
7;2025-12-14;10;506
7;2025-12-14;11;749
7;2025-12-14;12;814
7;2025-12-14;13;822
7;2025-12-14;14;863
7;2025-12-14;15;937
7;2025-12-14;16;797
7;2025-12-14;17;810
7;2025-12-14;18;845
7;2025-12-14;19;625
7;2025-12-14;20;503
7;2025-12-14;21;366
7;2025-12-14;22;186
7;2025-12-14;23;148
7;2025-12-15;0;61
7;2025-12-15;1;13
7;2025-12-15;2;0
7;2025-12-15;3;0
7;2025-12-15;4;2
7;2025-12-15;5;191
7;2025-12-15;6;609
7;2025-12-15;7;1631
7;2025-12-15;8;2504
7;2025-12-15;9;1847
7;2025-12-15;10;1608
7;2025-12-15;11;1502
7;2025-12-15;12;1634
7;2025-12-15;13;1538
7;2025-12-15;14;1595
7;2025-12-15;15;1757
7;2025-12-15;16;1836
7;2025-12-15;17;2379
7;2025-12-15;18;2619
7;2025-12-15;19;1707
7;2025-12-15;20;1081
7;2025-12-15;21;636
7;2025-12-15;22;304
7;2025-12-15;23;193
7;2025-12-16;0;62
7;2025-12-16;1;13
7;2025-12-16;2;0
7;2025-12-16;3;0
7;2025-12-16;4;2
7;2025-12-16;5;195
7;2025-12-16;6;624
7;2025-12-16;7;1667
7;2025-12-16;8;2555
7;2025-12-16;9;1899
7;2025-12-16;10;1655
7;2025-12-16;11;1551
7;2025-12-16;12;1652
7;2025-12-16;13;1549
7;2025-12-16;14;1608
7;2025-12-16;15;1754
7;2025-12-16;16;1836
7;2025-12-16;17;2378
7;2025-12-16;18;2623
7;2025-12-16;19;1710
7;2025-12-16;20;1090
7;2025-12-16;21;643
7;2025-12-16;22;309
7;2025-12-16;23;196
7;2025-12-17;0;60
7;2025-12-17;1;13
7;2025-12-17;2;0
7;2025-12-17;3;0
7;2025-12-17;4;2
7;2025-12-17;5;190
7;2025-12-17;6;604
7;2025-12-17;7;1623
7;2025-12-17;8;2486
7;2025-12-17;9;1874
7;2025-12-17;10;1631
7;2025-12-17;11;1531
7;2025-12-17;12;1663
7;2025-12-17;13;1555
7;2025-12-17;14;1610
7;2025-12-17;15;1764
7;2025-12-17;16;1841
7;2025-12-17;17;2385
7;2025-12-17;18;2599
7;2025-12-17;19;1702
7;2025-12-17;20;1088
7;2025-12-17;21;643
7;2025-12-17;22;307
7;2025-12-17;23;195
7;2025-12-18;0;61
7;2025-12-18;1;13
7;2025-12-18;2;0
7;2025-12-18;3;0
7;2025-12-18;4;2
7;2025-12-18;5;194
7;2025-12-18;6;617
7;2025-12-18;7;1652
7;2025-12-18;8;2534
7;2025-12-18;9;1879
7;2025-12-18;10;1643
7;2025-12-18;11;1534
7;2025-12-18;12;1659
7;2025-12-18;13;1553
7;2025-12-18;14;1610
7;2025-12-18;15;1761
7;2025-12-18;16;1843
7;2025-12-18;17;2403
7;2025-12-18;18;2631
7;2025-12-18;19;1715
7;2025-12-18;20;1095
7;2025-12-18;21;646
7;2025-12-18;22;308
7;2025-12-18;23;196
7;2025-12-19;0;80
7;2025-12-19;1;15
7;2025-12-19;2;1
7;2025-12-19;3;0
7;2025-12-19;4;2
7;2025-12-19;5;182
7;2025-12-19;6;620
7;2025-12-19;7;1533
7;2025-12-19;8;2309
7;2025-12-19;9;1708
7;2025-12-19;10;1700
7;2025-12-19;11;1550
7;2025-12-19;12;1637
7;2025-12-19;13;1661
7;2025-12-19;14;1720
7;2025-12-19;15;1880
7;2025-12-19;16;2105
7;2025-12-19;17;2318
7;2025-12-19;18;2021
7;2025-12-19;19;1395
7;2025-12-19;20;1002
7;2025-12-19;21;604
7;2025-12-19;22;332
7;2025-12-19;23;248
7;2025-12-20;0;143
7;2025-12-20;1;32
7;2025-12-20;2;0
7;2025-12-20;3;0
7;2025-12-20;4;1
7;2025-12-20;5;58
7;2025-12-20;6;315
7;2025-12-20;7;350
7;2025-12-20;8;832
7;2025-12-20;9;673
7;2025-12-20;10;767
7;2025-12-20;11;814
7;2025-12-20;12;1134
7;2025-12-20;13;1067
7;2025-12-20;14;1025
7;2025-12-20;15;1013
7;2025-12-20;16;1009
7;2025-12-20;17;995
7;2025-12-20;18;924
7;2025-12-20;19;725
7;2025-12-20;20;637
7;2025-12-20;21;447
7;2025-12-20;22;249
7;2025-12-20;23;199
7;2025-12-21;0;123
7;2025-12-21;1;29
7;2025-12-21;2;0
7;2025-12-21;3;0
7;2025-12-21;4;1
7;2025-12-21;5;36
7;2025-12-21;6;156
7;2025-12-21;7;209
7;2025-12-21;8;472
7;2025-12-21;9;628
7;2025-12-21;10;502
7;2025-12-21;11;746
7;2025-12-21;12;811
7;2025-12-21;13;807
7;2025-12-21;14;844
7;2025-12-21;15;920
7;2025-12-21;16;790
7;2025-12-21;17;805
7;2025-12-21;18;826
7;2025-12-21;19;608
7;2025-12-21;20;502
7;2025-12-21;21;366
7;2025-12-21;22;187
7;2025-12-21;23;147
7;2025-12-22;0;62
7;2025-12-22;1;13
7;2025-12-22;2;0
7;2025-12-22;3;0
7;2025-12-22;4;2
7;2025-12-22;5;196
7;2025-12-22;6;623
7;2025-12-22;7;1666
7;2025-12-22;8;2556
7;2025-12-22;9;1894
7;2025-12-22;10;1653
7;2025-12-22;11;1541
7;2025-12-22;12;1669
7;2025-12-22;13;1549
7;2025-12-22;14;1598
7;2025-12-22;15;1756
7;2025-12-22;16;1842
7;2025-12-22;17;2398
7;2025-12-22;18;2620
7;2025-12-22;19;1708
7;2025-12-22;20;1084
7;2025-12-22;21;638
7;2025-12-22;22;305
7;2025-12-22;23;194
7;2025-12-23;0;64
7;2025-12-23;1;14
7;2025-12-23;2;0
7;2025-12-23;3;0
7;2025-12-23;4;2
7;2025-12-23;5;198
7;2025-12-23;6;633
7;2025-12-23;7;1688
7;2025-12-23;8;2589
7;2025-12-23;9;1916
7;2025-12-23;10;1673
7;2025-12-23;11;1565
7;2025-12-23;12;1691
7;2025-12-23;13;1581
7;2025-12-23;14;1638
7;2025-12-23;15;1793
7;2025-12-23;16;1878
7;2025-12-23;17;2439
7;2025-12-23;18;2654
7;2025-12-23;19;1734
7;2025-12-23;20;1105
7;2025-12-23;21;647
7;2025-12-23;22;309
7;2025-12-23;23;197
7;2025-12-24;0;63
7;2025-12-24;1;13
7;2025-12-24;2;0
7;2025-12-24;3;0
7;2025-12-24;4;2
7;2025-12-24;5;199
7;2025-12-24;6;632
7;2025-12-24;7;1696
7;2025-12-24;8;2610
7;2025-12-24;9;1934
7;2025-12-24;10;1694
7;2025-12-24;11;1587
7;2025-12-24;12;1711
7;2025-12-24;13;1612
7;2025-12-24;14;1674
7;2025-12-24;15;1830
7;2025-12-24;16;1920
7;2025-12-24;17;2494
7;2025-12-24;18;2721
7;2025-12-24;19;1781
7;2025-12-24;20;1140
7;2025-12-24;21;674
7;2025-12-24;22;321
7;2025-12-24;23;205
7;2025-12-25;0;64
7;2025-12-25;1;14
7;2025-12-25;2;0
7;2025-12-25;3;0
7;2025-12-25;4;2
7;2025-12-25;5;202
7;2025-12-25;6;644
7;2025-12-25;7;1726
7;2025-12-25;8;2645
7;2025-12-25;9;1932
7;2025-12-25;10;1690
7;2025-12-25;11;1580
7;2025-12-25;12;1710
7;2025-12-25;13;1595
7;2025-12-25;14;1653
7;2025-12-25;15;1812
7;2025-12-25;16;1899
7;2025-12-25;17;2464
7;2025-12-25;18;2704
7;2025-12-25;19;1755
7;2025-12-25;20;1120
7;2025-12-25;21;659
7;2025-12-25;22;315
7;2025-12-25;23;200
7;2025-12-26;0;81
7;2025-12-26;1;15
7;2025-12-26;2;1
7;2025-12-26;3;0
7;2025-12-26;4;2
7;2025-12-26;5;182
7;2025-12-26;6;625
7;2025-12-26;7;1532
7;2025-12-26;8;2309
7;2025-12-26;9;1711
7;2025-12-26;10;1717
7;2025-12-26;11;1572
7;2025-12-26;12;1650
7;2025-12-26;13;1681
7;2025-12-26;14;1749
7;2025-12-26;15;1927
7;2025-12-26;16;2145
7;2025-12-26;17;2355
7;2025-12-26;18;2040
7;2025-12-26;19;1419
7;2025-12-26;20;1020
7;2025-12-26;21;614
7;2025-12-26;22;337
7;2025-12-26;23;252
7;2025-12-27;0;137
7;2025-12-27;1;31
7;2025-12-27;2;0
7;2025-12-27;3;0
7;2025-12-27;4;1
7;2025-12-27;5;58
7;2025-12-27;6;311
7;2025-12-27;7;345
7;2025-12-27;8;817
7;2025-12-27;9;654
7;2025-12-27;10;744
7;2025-12-27;11;794
7;2025-12-27;12;1109
7;2025-12-27;13;1047
7;2025-12-27;14;1012
7;2025-12-27;15;995
7;2025-12-27;16;997
7;2025-12-27;17;972
7;2025-12-27;18;911
7;2025-12-27;19;712
7;2025-12-27;20;632
7;2025-12-27;21;442
7;2025-12-27;22;246
7;2025-12-27;23;198
7;2025-12-28;0;123
7;2025-12-28;1;29
7;2025-12-28;2;0
7;2025-12-28;3;0
7;2025-12-28;4;1
7;2025-12-28;5;36
7;2025-12-28;6;154
7;2025-12-28;7;210
7;2025-12-28;8;470
7;2025-12-28;9;627
7;2025-12-28;10;503
7;2025-12-28;11;748
7;2025-12-28;12;813
7;2025-12-28;13;809
7;2025-12-28;14;848
7;2025-12-28;15;917
7;2025-12-28;16;785
7;2025-12-28;17;790
7;2025-12-28;18;822
7;2025-12-28;19;608
7;2025-12-28;20;501
7;2025-12-28;21;366
7;2025-12-28;22;187
7;2025-12-28;23;148
7;2025-12-29;0;56
7;2025-12-29;1;12
7;2025-12-29;2;0
7;2025-12-29;3;0
7;2025-12-29;4;1
7;2025-12-29;5;177
7;2025-12-29;6;561
7;2025-12-29;7;1501
7;2025-12-29;8;2304
7;2025-12-29;9;1708
7;2025-12-29;10;1493
7;2025-12-29;11;1394
7;2025-12-29;12;1507
7;2025-12-29;13;1412
7;2025-12-29;14;1461
7;2025-12-29;15;1609
7;2025-12-29;16;1684
7;2025-12-29;17;2183
7;2025-12-29;18;2395
7;2025-12-29;19;1568
7;2025-12-29;20;995
7;2025-12-29;21;584
7;2025-12-29;22;279
7;2025-12-29;23;177
7;2025-12-30;0;59
7;2025-12-30;1;12
7;2025-12-30;2;0
7;2025-12-30;3;0
7;2025-12-30;4;1
7;2025-12-30;5;186
7;2025-12-30;6;591
7;2025-12-30;7;1582
7;2025-12-30;8;2426
7;2025-12-30;9;1797
7;2025-12-30;10;1569
7;2025-12-30;11;1470
7;2025-12-30;12;1591
7;2025-12-30;13;1513
7;2025-12-30;14;1569
7;2025-12-30;15;1712
7;2025-12-30;16;1802
7;2025-12-30;17;2335
7;2025-12-30;18;2543
7;2025-12-30;19;1665
7;2025-12-30;20;1069
7;2025-12-30;21;631
7;2025-12-30;22;301
7;2025-12-30;23;191
7;2025-12-31;0;121
7;2025-12-31;1;29
7;2025-12-31;2;0
7;2025-12-31;3;0
7;2025-12-31;4;1
7;2025-12-31;5;35
7;2025-12-31;6;152
7;2025-12-31;7;202
7;2025-12-31;8;453
7;2025-12-31;9;598
7;2025-12-31;10;464
7;2025-12-31;11;690
7;2025-12-31;12;750
7;2025-12-31;13;742
7;2025-12-31;14;776
7;2025-12-31;15;843
7;2025-12-31;16;730
7;2025-12-31;17;745
7;2025-12-31;18;751
7;2025-12-31;19;569
7;2025-12-31;20;470
7;2025-12-31;21;342
7;2025-12-31;22;175
7;2025-12-31;23;139
11;2025-11-01;0;54
11;2025-11-01;1;3
11;2025-11-01;2;0
11;2025-11-01;3;0
11;2025-11-01;4;0
11;2025-11-01;5;217
11;2025-11-01;6;1142
11;2025-11-01;7;2122
11;2025-11-01;8;2768
11;2025-11-01;9;2134
11;2025-11-01;10;1772
11;2025-11-01;11;1681
11;2025-11-01;12;1724
11;2025-11-01;13;1863
11;2025-11-01;14;1829
11;2025-11-01;15;1777
11;2025-11-01;16;1972
11;2025-11-01;17;2462
11;2025-11-01;18;2752
11;2025-11-01;19;2035
11;2025-11-01;20;1272
11;2025-11-01;21;739
11;2025-11-01;22;341
11;2025-11-01;23;215
11;2025-11-02;0;117
11;2025-11-02;1;16
11;2025-11-02;2;0
11;2025-11-02;3;0
11;2025-11-02;4;0
11;2025-11-02;5;114
11;2025-11-02;6;513
11;2025-11-02;7;501
11;2025-11-02;8;695
11;2025-11-02;9;954
11;2025-11-02;10;1075
11;2025-11-02;11;1591
11;2025-11-02;12;1692
11;2025-11-02;13;1620
11;2025-11-02;14;1734
11;2025-11-02;15;1723
11;2025-11-02;16;1626
11;2025-11-02;17;1817
11;2025-11-02;18;1334
11;2025-11-02;19;1096
11;2025-11-02;20;849
11;2025-11-02;21;650
11;2025-11-02;22;374
11;2025-11-02;23;254
11;2025-11-03;0;117
11;2025-11-03;1;16
11;2025-11-03;2;0
11;2025-11-03;3;0
11;2025-11-03;4;0
11;2025-11-03;5;113
11;2025-11-03;6;504
11;2025-11-03;7;499
11;2025-11-03;8;697
11;2025-11-03;9;932
11;2025-11-03;10;1018
11;2025-11-03;11;1481
11;2025-11-03;12;1524
11;2025-11-03;13;1538
11;2025-11-03;14;1632
11;2025-11-03;15;1637
11;2025-11-03;16;1550
11;2025-11-03;17;1721
11;2025-11-03;18;1305
11;2025-11-03;19;1086
11;2025-11-03;20;838
11;2025-11-03;21;642
11;2025-11-03;22;374
11;2025-11-03;23;258
11;2025-11-04;0;116
11;2025-11-04;1;16
11;2025-11-04;2;0
11;2025-11-04;3;0
11;2025-11-04;4;0
11;2025-11-04;5;108
11;2025-11-04;6;495
11;2025-11-04;7;487
11;2025-11-04;8;678
11;2025-11-04;9;885
11;2025-11-04;10;1007
11;2025-11-04;11;1415
11;2025-11-04;12;1470
11;2025-11-04;13;1424
11;2025-11-04;14;1549
11;2025-11-04;15;1630
11;2025-11-04;16;1540
11;2025-11-04;17;1693
11;2025-11-04;18;1271
11;2025-11-04;19;1062
11;2025-11-04;20;825
11;2025-11-04;21;631
11;2025-11-04;22;369
11;2025-11-04;23;254
11;2025-11-05;0;62
11;2025-11-05;1;3
11;2025-11-05;2;0
11;2025-11-05;3;0
11;2025-11-05;4;0
11;2025-11-05;5;252
11;2025-11-05;6;1322
11;2025-11-05;7;2470
11;2025-11-05;8;3219
11;2025-11-05;9;2422
11;2025-11-05;10;1997
11;2025-11-05;11;1899
11;2025-11-05;12;1946
11;2025-11-05;13;2076
11;2025-11-05;14;2045
11;2025-11-05;15;1967
11;2025-11-05;16;2218
11;2025-11-05;17;2801
11;2025-11-05;18;3167
11;2025-11-05;19;2318
11;2025-11-05;20;1455
11;2025-11-05;21;839
11;2025-11-05;22;386
11;2025-11-05;23;243
11;2025-11-06;0;62
11;2025-11-06;1;3
11;2025-11-06;2;0
11;2025-11-06;3;0
11;2025-11-06;4;0
11;2025-11-06;5;253
11;2025-11-06;6;1327
11;2025-11-06;7;2482
11;2025-11-06;8;3225
11;2025-11-06;9;2428
11;2025-11-06;10;2010
11;2025-11-06;11;1895
11;2025-11-06;12;1946
11;2025-11-06;13;2060
11;2025-11-06;14;2037
11;2025-11-06;15;1958
11;2025-11-06;16;2206
11;2025-11-06;17;2773
11;2025-11-06;18;3143
11;2025-11-06;19;2295
11;2025-11-06;20;1442
11;2025-11-06;21;835
11;2025-11-06;22;385
11;2025-11-06;23;244
11;2025-11-07;0;70
11;2025-11-07;1;3
11;2025-11-07;2;0
11;2025-11-07;3;0
11;2025-11-07;4;0
11;2025-11-07;5;266
11;2025-11-07;6;1319
11;2025-11-07;7;2439
11;2025-11-07;8;3290
11;2025-11-07;9;2241
11;2025-11-07;10;1855
11;2025-11-07;11;1758
11;2025-11-07;12;1913
11;2025-11-07;13;1881
11;2025-11-07;14;2090
11;2025-11-07;15;2104
11;2025-11-07;16;2342
11;2025-11-07;17;2954
11;2025-11-07;18;2501
11;2025-11-07;19;1921
11;2025-11-07;20;1402
11;2025-11-07;21;875
11;2025-11-07;22;396
11;2025-11-07;23;352
11;2025-11-08;0;109
11;2025-11-08;1;1
11;2025-11-08;2;0
11;2025-11-08;3;0
11;2025-11-08;4;0
11;2025-11-08;5;174
11;2025-11-08;6;851
11;2025-11-08;7;766
11;2025-11-08;8;1033
11;2025-11-08;9;1158
11;2025-11-08;10;1376
11;2025-11-08;11;1697
11;2025-11-08;12;1950
11;2025-11-08;13;1805
11;2025-11-08;14;2052
11;2025-11-08;15;1920
11;2025-11-08;16;1805
11;2025-11-08;17;1911
11;2025-11-08;18;1538
11;2025-11-08;19;1536
11;2025-11-08;20;1033
11;2025-11-08;21;753
11;2025-11-08;22;437
11;2025-11-08;23;289
11;2025-11-09;0;119
11;2025-11-09;1;16
11;2025-11-09;2;0
11;2025-11-09;3;0
11;2025-11-09;4;0
11;2025-11-09;5;114
11;2025-11-09;6;517
11;2025-11-09;7;507
11;2025-11-09;8;713
11;2025-11-09;9;975
11;2025-11-09;10;1075
11;2025-11-09;11;1577
11;2025-11-09;12;1610
11;2025-11-09;13;1546
11;2025-11-09;14;1678
11;2025-11-09;15;1665
11;2025-11-09;16;1560
11;2025-11-09;17;1709
11;2025-11-09;18;1271
11;2025-11-09;19;1031
11;2025-11-09;20;798
11;2025-11-09;21;616
11;2025-11-09;22;359
11;2025-11-09;23;247
11;2025-11-10;0;62
11;2025-11-10;1;3
11;2025-11-10;2;0
11;2025-11-10;3;0
11;2025-11-10;4;0
11;2025-11-10;5;254
11;2025-11-10;6;1331
11;2025-11-10;7;2477
11;2025-11-10;8;3227
11;2025-11-10;9;2420
11;2025-11-10;10;1967
11;2025-11-10;11;1860
11;2025-11-10;12;1910
11;2025-11-10;13;2038
11;2025-11-10;14;2011
11;2025-11-10;15;1968
11;2025-11-10;16;2218
11;2025-11-10;17;2786
11;2025-11-10;18;3161
11;2025-11-10;19;2292
11;2025-11-10;20;1426
11;2025-11-10;21;823
11;2025-11-10;22;379
11;2025-11-10;23;239
11;2025-11-11;0;63
11;2025-11-11;1;3
11;2025-11-11;2;0
11;2025-11-11;3;0
11;2025-11-11;4;0
11;2025-11-11;5;255
11;2025-11-11;6;1339
11;2025-11-11;7;2497
11;2025-11-11;8;3232
11;2025-11-11;9;2436
11;2025-11-11;10;2014
11;2025-11-11;11;1903
11;2025-11-11;12;1954
11;2025-11-11;13;2074
11;2025-11-11;14;2049
11;2025-11-11;15;1986
11;2025-11-11;16;2231
11;2025-11-11;17;2809
11;2025-11-11;18;3183
11;2025-11-11;19;2316
11;2025-11-11;20;1447
11;2025-11-11;21;836
11;2025-11-11;22;385
11;2025-11-11;23;243
11;2025-11-12;0;62
11;2025-11-12;1;3
11;2025-11-12;2;0
11;2025-11-12;3;0
11;2025-11-12;4;0
11;2025-11-12;5;254
11;2025-11-12;6;1331
11;2025-11-12;7;2479
11;2025-11-12;8;3226
11;2025-11-12;9;2433
11;2025-11-12;10;2008
11;2025-11-12;11;1879
11;2025-11-12;12;1928
11;2025-11-12;13;2072
11;2025-11-12;14;2044
11;2025-11-12;15;1977
11;2025-11-12;16;2229
11;2025-11-12;17;2797
11;2025-11-12;18;3161
11;2025-11-12;19;2310
11;2025-11-12;20;1442
11;2025-11-12;21;835
11;2025-11-12;22;385
11;2025-11-12;23;244
11;2025-11-13;0;62
11;2025-11-13;1;3
11;2025-11-13;2;0
11;2025-11-13;3;0
11;2025-11-13;4;0
11;2025-11-13;5;253
11;2025-11-13;6;1324
11;2025-11-13;7;2474
11;2025-11-13;8;3208
11;2025-11-13;9;2425
11;2025-11-13;10;2008
11;2025-11-13;11;1894
11;2025-11-13;12;1956
11;2025-11-13;13;2089
11;2025-11-13;14;2069
11;2025-11-13;15;1994
11;2025-11-13;16;2249
11;2025-11-13;17;2814
11;2025-11-13;18;3198
11;2025-11-13;19;2315
11;2025-11-13;20;1441
11;2025-11-13;21;832
11;2025-11-13;22;383
11;2025-11-13;23;243
11;2025-11-14;0;71
11;2025-11-14;1;3
11;2025-11-14;2;0
11;2025-11-14;3;0
11;2025-11-14;4;0
11;2025-11-14;5;267
11;2025-11-14;6;1324
11;2025-11-14;7;2449
11;2025-11-14;8;3308
11;2025-11-14;9;2257
11;2025-11-14;10;1868
11;2025-11-14;11;1786
11;2025-11-14;12;1942
11;2025-11-14;13;1902
11;2025-11-14;14;2117
11;2025-11-14;15;2133
11;2025-11-14;16;2372
11;2025-11-14;17;2987
11;2025-11-14;18;2526
11;2025-11-14;19;1932
11;2025-11-14;20;1415
11;2025-11-14;21;882
11;2025-11-14;22;398
11;2025-11-14;23;354
11;2025-11-15;0;115
11;2025-11-15;1;1
11;2025-11-15;2;0
11;2025-11-15;3;0
11;2025-11-15;4;0
11;2025-11-15;5;173
11;2025-11-15;6;840
11;2025-11-15;7;757
11;2025-11-15;8;1033
11;2025-11-15;9;1154
11;2025-11-15;10;1367
11;2025-11-15;11;1691
11;2025-11-15;12;1957
11;2025-11-15;13;1868
11;2025-11-15;14;2134
11;2025-11-15;15;2048
11;2025-11-15;16;1910
11;2025-11-15;17;2034
11;2025-11-15;18;1639
11;2025-11-15;19;1624
11;2025-11-15;20;1084
11;2025-11-15;21;783
11;2025-11-15;22;459
11;2025-11-15;23;304
11;2025-11-16;0;113
11;2025-11-16;1;16
11;2025-11-16;2;0
11;2025-11-16;3;0
11;2025-11-16;4;0
11;2025-11-16;5;110
11;2025-11-16;6;492
11;2025-11-16;7;479
11;2025-11-16;8;675
11;2025-11-16;9;934
11;2025-11-16;10;1022
11;2025-11-16;11;1501
11;2025-11-16;12;1576
11;2025-11-16;13;1518
11;2025-11-16;14;1625
11;2025-11-16;15;1647
11;2025-11-16;16;1534
11;2025-11-16;17;1662
11;2025-11-16;18;1251
11;2025-11-16;19;1013
11;2025-11-16;20;794
11;2025-11-16;21;613
11;2025-11-16;22;351
11;2025-11-16;23;243
11;2025-11-17;0;61
11;2025-11-17;1;3
11;2025-11-17;2;0
11;2025-11-17;3;0
11;2025-11-17;4;0
11;2025-11-17;5;247
11;2025-11-17;6;1293
11;2025-11-17;7;2415
11;2025-11-17;8;3141
11;2025-11-17;9;2371
11;2025-11-17;10;1925
11;2025-11-17;11;1804
11;2025-11-17;12;1853
11;2025-11-17;13;1970
11;2025-11-17;14;1943
11;2025-11-17;15;1920
11;2025-11-17;16;2168
11;2025-11-17;17;2726
11;2025-11-17;18;3157
11;2025-11-17;19;2292
11;2025-11-17;20;1429
11;2025-11-17;21;824
11;2025-11-17;22;380
11;2025-11-17;23;241
11;2025-11-18;0;60
11;2025-11-18;1;3
11;2025-11-18;2;0
11;2025-11-18;3;0
11;2025-11-18;4;0
11;2025-11-18;5;246
11;2025-11-18;6;1304
11;2025-11-18;7;2437
11;2025-11-18;8;3177
11;2025-11-18;9;2398
11;2025-11-18;10;1955
11;2025-11-18;11;1848
11;2025-11-18;12;1899
11;2025-11-18;13;2011
11;2025-11-18;14;2002
11;2025-11-18;15;1947
11;2025-11-18;16;2190
11;2025-11-18;17;2734
11;2025-11-18;18;3068
11;2025-11-18;19;2216
11;2025-11-18;20;1383
11;2025-11-18;21;796
11;2025-11-18;22;368
11;2025-11-18;23;231
11;2025-11-19;0;63
11;2025-11-19;1;3
11;2025-11-19;2;0
11;2025-11-19;3;0
11;2025-11-19;4;0
11;2025-11-19;5;255
11;2025-11-19;6;1342
11;2025-11-19;7;2509
11;2025-11-19;8;3271
11;2025-11-19;9;2475
11;2025-11-19;10;2034
11;2025-11-19;11;1920
11;2025-11-19;12;1975
11;2025-11-19;13;2103
11;2025-11-19;14;2078
11;2025-11-19;15;2010
11;2025-11-19;16;2262
11;2025-11-19;17;2836
11;2025-11-19;18;3201
11;2025-11-19;19;2334
11;2025-11-19;20;1459
11;2025-11-19;21;845
11;2025-11-19;22;389
11;2025-11-19;23;245
11;2025-11-20;0;63
11;2025-11-20;1;3
11;2025-11-20;2;0
11;2025-11-20;3;0
11;2025-11-20;4;0
11;2025-11-20;5;257
11;2025-11-20;6;1351
11;2025-11-20;7;2526
11;2025-11-20;8;3283
11;2025-11-20;9;2485
11;2025-11-20;10;2044
11;2025-11-20;11;1924
11;2025-11-20;12;1989
11;2025-11-20;13;2125
11;2025-11-20;14;2090
11;2025-11-20;15;2021
11;2025-11-20;16;2269
11;2025-11-20;17;2839
11;2025-11-20;18;3221
11;2025-11-20;19;2333
11;2025-11-20;20;1452
11;2025-11-20;21;839
11;2025-11-20;22;385
11;2025-11-20;23;244
11;2025-11-21;0;72
11;2025-11-21;1;3
11;2025-11-21;2;0
11;2025-11-21;3;0
11;2025-11-21;4;0
11;2025-11-21;5;273
11;2025-11-21;6;1350
11;2025-11-21;7;2492
11;2025-11-21;8;3367
11;2025-11-21;9;2283
11;2025-11-21;10;1885
11;2025-11-21;11;1796
11;2025-11-21;12;1954
11;2025-11-21;13;1923
11;2025-11-21;14;2143
11;2025-11-21;15;2181
11;2025-11-21;16;2429
11;2025-11-21;17;3068
11;2025-11-21;18;2576
11;2025-11-21;19;1967
11;2025-11-21;20;1434
11;2025-11-21;21;893
11;2025-11-21;22;402
11;2025-11-21;23;355
11;2025-11-22;0;109
11;2025-11-22;1;1
11;2025-11-22;2;0
11;2025-11-22;3;0
11;2025-11-22;4;0
11;2025-11-22;5;173
11;2025-11-22;6;819
11;2025-11-22;7;737
11;2025-11-22;8;1011
11;2025-11-22;9;1177
11;2025-11-22;10;1408
11;2025-11-22;11;1741
11;2025-11-22;12;1970
11;2025-11-22;13;1838
11;2025-11-22;14;2077
11;2025-11-22;15;1949
11;2025-11-22;16;1833
11;2025-11-22;17;1935
11;2025-11-22;18;1544
11;2025-11-22;19;1523
11;2025-11-22;20;1023
11;2025-11-22;21;745
11;2025-11-22;22;433
11;2025-11-22;23;284
11;2025-11-23;0;117
11;2025-11-23;1;16
11;2025-11-23;2;0
11;2025-11-23;3;0
11;2025-11-23;4;0
11;2025-11-23;5;114
11;2025-11-23;6;514
11;2025-11-23;7;498
11;2025-11-23;8;707
11;2025-11-23;9;970
11;2025-11-23;10;1056
11;2025-11-23;11;1547
11;2025-11-23;12;1633
11;2025-11-23;13;1599
11;2025-11-23;14;1703
11;2025-11-23;15;1691
11;2025-11-23;16;1603
11;2025-11-23;17;1774
11;2025-11-23;18;1320
11;2025-11-23;19;1060
11;2025-11-23;20;811
11;2025-11-23;21;615
11;2025-11-23;22;357
11;2025-11-23;23;244
11;2025-11-24;0;59
11;2025-11-24;1;3
11;2025-11-24;2;0
11;2025-11-24;3;0
11;2025-11-24;4;0
11;2025-11-24;5;239
11;2025-11-24;6;1266
11;2025-11-24;7;2356
11;2025-11-24;8;3071
11;2025-11-24;9;2266
11;2025-11-24;10;1894
11;2025-11-24;11;1782
11;2025-11-24;12;1820
11;2025-11-24;13;1943
11;2025-11-24;14;1931
11;2025-11-24;15;1894
11;2025-11-24;16;2142
11;2025-11-24;17;2681
11;2025-11-24;18;3042
11;2025-11-24;19;2201
11;2025-11-24;20;1366
11;2025-11-24;21;790
11;2025-11-24;22;364
11;2025-11-24;23;229
11;2025-11-25;0;63
11;2025-11-25;1;3
11;2025-11-25;2;0
11;2025-11-25;3;0
11;2025-11-25;4;0
11;2025-11-25;5;256
11;2025-11-25;6;1338
11;2025-11-25;7;2509
11;2025-11-25;8;3258
11;2025-11-25;9;2464
11;2025-11-25;10;2016
11;2025-11-25;11;1904
11;2025-11-25;12;1965
11;2025-11-25;13;2096
11;2025-11-25;14;2067
11;2025-11-25;15;2007
11;2025-11-25;16;2257
11;2025-11-25;17;2828
11;2025-11-25;18;3203
11;2025-11-25;19;2330
11;2025-11-25;20;1457
11;2025-11-25;21;840
11;2025-11-25;22;388
11;2025-11-25;23;244
11;2025-11-26;0;63
11;2025-11-26;1;3
11;2025-11-26;2;0
11;2025-11-26;3;0
11;2025-11-26;4;0
11;2025-11-26;5;253
11;2025-11-26;6;1323
11;2025-11-26;7;2470
11;2025-11-26;8;3249
11;2025-11-26;9;2443
11;2025-11-26;10;2008
11;2025-11-26;11;1902
11;2025-11-26;12;1945
11;2025-11-26;13;2066
11;2025-11-26;14;2058
11;2025-11-26;15;2006
11;2025-11-26;16;2240
11;2025-11-26;17;2840
11;2025-11-26;18;3206
11;2025-11-26;19;2331
11;2025-11-26;20;1454
11;2025-11-26;21;842
11;2025-11-26;22;388
11;2025-11-26;23;245
11;2025-11-27;0;61
11;2025-11-27;1;3
11;2025-11-27;2;0
11;2025-11-27;3;0
11;2025-11-27;4;0
11;2025-11-27;5;251
11;2025-11-27;6;1315
11;2025-11-27;7;2457
11;2025-11-27;8;3194
11;2025-11-27;9;2414
11;2025-11-27;10;1983
11;2025-11-27;11;1876
11;2025-11-27;12;1916
11;2025-11-27;13;2057
11;2025-11-27;14;2034
11;2025-11-27;15;1977
11;2025-11-27;16;2223
11;2025-11-27;17;2783
11;2025-11-27;18;3164
11;2025-11-27;19;2307
11;2025-11-27;20;1436
11;2025-11-27;21;830
11;2025-11-27;22;382
11;2025-11-27;23;238
11;2025-11-28;0;70
11;2025-11-28;1;3
11;2025-11-28;2;0
11;2025-11-28;3;0
11;2025-11-28;4;0
11;2025-11-28;5;267
11;2025-11-28;6;1322
11;2025-11-28;7;2430
11;2025-11-28;8;3305
11;2025-11-28;9;2243
11;2025-11-28;10;1856
11;2025-11-28;11;1763
11;2025-11-28;12;1916
11;2025-11-28;13;1891
11;2025-11-28;14;2098
11;2025-11-28;15;2123
11;2025-11-28;16;2363
11;2025-11-28;17;2974
11;2025-11-28;18;2507
11;2025-11-28;19;1894
11;2025-11-28;20;1385
11;2025-11-28;21;859
11;2025-11-28;22;389
11;2025-11-28;23;347
11;2025-11-29;0;112
11;2025-11-29;1;1
11;2025-11-29;2;0
11;2025-11-29;3;0
11;2025-11-29;4;0
11;2025-11-29;5;177
11;2025-11-29;6;856
11;2025-11-29;7;769
11;2025-11-29;8;1052
11;2025-11-29;9;1195
11;2025-11-29;10;1425
11;2025-11-29;11;1738
11;2025-11-29;12;1981
11;2025-11-29;13;1845
11;2025-11-29;14;2087
11;2025-11-29;15;1964
11;2025-11-29;16;1855
11;2025-11-29;17;1947
11;2025-11-29;18;1562
11;2025-11-29;19;1550
11;2025-11-29;20;1040
11;2025-11-29;21;753
11;2025-11-29;22;437
11;2025-11-29;23;289
11;2025-11-30;0;116
11;2025-11-30;1;16
11;2025-11-30;2;0
11;2025-11-30;3;0
11;2025-11-30;4;0
11;2025-11-30;5;111
11;2025-11-30;6;502
11;2025-11-30;7;494
11;2025-11-30;8;691
11;2025-11-30;9;951
11;2025-11-30;10;1043
11;2025-11-30;11;1535
11;2025-11-30;12;1622
11;2025-11-30;13;1558
11;2025-11-30;14;1632
11;2025-11-30;15;1606
11;2025-11-30;16;1549
11;2025-11-30;17;1716
11;2025-11-30;18;1310
11;2025-11-30;19;1057
11;2025-11-30;20;819
11;2025-11-30;21;620
11;2025-11-30;22;362
11;2025-11-30;23;248
11;2025-12-01;0;62
11;2025-12-01;1;3
11;2025-12-01;2;0
11;2025-12-01;3;0
11;2025-12-01;4;0
11;2025-12-01;5;251
11;2025-12-01;6;1310
11;2025-12-01;7;2433
11;2025-12-01;8;3166
11;2025-12-01;9;2383
11;2025-12-01;10;1937
11;2025-12-01;11;1828
11;2025-12-01;12;1876
11;2025-12-01;13;2004
11;2025-12-01;14;1975
11;2025-12-01;15;1929
11;2025-12-01;16;2177
11;2025-12-01;17;2737
11;2025-12-01;18;3110
11;2025-12-01;19;2257
11;2025-12-01;20;1408
11;2025-12-01;21;813
11;2025-12-01;22;374
11;2025-12-01;23;235
11;2025-12-02;0;62
11;2025-12-02;1;3
11;2025-12-02;2;0
11;2025-12-02;3;0
11;2025-12-02;4;0
11;2025-12-02;5;252
11;2025-12-02;6;1320
11;2025-12-02;7;2459
11;2025-12-02;8;3203
11;2025-12-02;9;2422
11;2025-12-02;10;1988
11;2025-12-02;11;1880
11;2025-12-02;12;1931
11;2025-12-02;13;2061
11;2025-12-02;14;2036
11;2025-12-02;15;1972
11;2025-12-02;16;2209
11;2025-12-02;17;2778
11;2025-12-02;18;3136
11;2025-12-02;19;2277
11;2025-12-02;20;1422
11;2025-12-02;21;821
11;2025-12-02;22;378
11;2025-12-02;23;238
11;2025-12-03;0;61
11;2025-12-03;1;3
11;2025-12-03;2;0
11;2025-12-03;3;0
11;2025-12-03;4;0
11;2025-12-03;5;251
11;2025-12-03;6;1314
11;2025-12-03;7;2450
11;2025-12-03;8;3188
11;2025-12-03;9;2404
11;2025-12-03;10;1987
11;2025-12-03;11;1869
11;2025-12-03;12;1921
11;2025-12-03;13;2053
11;2025-12-03;14;2036
11;2025-12-03;15;1962
11;2025-12-03;16;2210
11;2025-12-03;17;2781
11;2025-12-03;18;3144
11;2025-12-03;19;2291
11;2025-12-03;20;1429
11;2025-12-03;21;828
11;2025-12-03;22;380
11;2025-12-03;23;241
11;2025-12-04;0;62
11;2025-12-04;1;3
11;2025-12-04;2;0
11;2025-12-04;3;0
11;2025-12-04;4;0
11;2025-12-04;5;251
11;2025-12-04;6;1313
11;2025-12-04;7;2469
11;2025-12-04;8;3202
11;2025-12-04;9;2405
11;2025-12-04;10;1997
11;2025-12-04;11;1879
11;2025-12-04;12;1933
11;2025-12-04;13;2068
11;2025-12-04;14;2040
11;2025-12-04;15;1973
11;2025-12-04;16;2225
11;2025-12-04;17;2794
11;2025-12-04;18;3158
11;2025-12-04;19;2295
11;2025-12-04;20;1429
11;2025-12-04;21;830
11;2025-12-04;22;381
11;2025-12-04;23;241
11;2025-12-05;0;71
11;2025-12-05;1;3
11;2025-12-05;2;0
11;2025-12-05;3;0
11;2025-12-05;4;0
11;2025-12-05;5;264
11;2025-12-05;6;1310
11;2025-12-05;7;2426
11;2025-12-05;8;3276
11;2025-12-05;9;2239
11;2025-12-05;10;1846
11;2025-12-05;11;1756
11;2025-12-05;12;1912
11;2025-12-05;13;1884
11;2025-12-05;14;2097
11;2025-12-05;15;2123
11;2025-12-05;16;2360
11;2025-12-05;17;2982
11;2025-12-05;18;2515
11;2025-12-05;19;1909
11;2025-12-05;20;1398
11;2025-12-05;21;870
11;2025-12-05;22;390
11;2025-12-05;23;346
11;2025-12-06;0;108
11;2025-12-06;1;1
11;2025-12-06;2;0
11;2025-12-06;3;0
11;2025-12-06;4;0
11;2025-12-06;5;171
11;2025-12-06;6;832
11;2025-12-06;7;754
11;2025-12-06;8;1035
11;2025-12-06;9;1156
11;2025-12-06;10;1373
11;2025-12-06;11;1695
11;2025-12-06;12;1935
11;2025-12-06;13;1810
11;2025-12-06;14;2055
11;2025-12-06;15;1928
11;2025-12-06;16;1812
11;2025-12-06;17;1924
11;2025-12-06;18;1534
11;2025-12-06;19;1523
11;2025-12-06;20;1025
11;2025-12-06;21;743
11;2025-12-06;22;432
11;2025-12-06;23;284
11;2025-12-07;0;115
11;2025-12-07;1;16
11;2025-12-07;2;0
11;2025-12-07;3;0
11;2025-12-07;4;0
11;2025-12-07;5;110
11;2025-12-07;6;494
11;2025-12-07;7;486
11;2025-12-07;8;680
11;2025-12-07;9;933
11;2025-12-07;10;1025
11;2025-12-07;11;1506
11;2025-12-07;12;1587
11;2025-12-07;13;1539
11;2025-12-07;14;1638
11;2025-12-07;15;1644
11;2025-12-07;16;1565
11;2025-12-07;17;1713
11;2025-12-07;18;1272
11;2025-12-07;19;1034
11;2025-12-07;20;799
11;2025-12-07;21;610
11;2025-12-07;22;356
11;2025-12-07;23;245
11;2025-12-08;0;61
11;2025-12-08;1;3
11;2025-12-08;2;0
11;2025-12-08;3;0
11;2025-12-08;4;0
11;2025-12-08;5;248
11;2025-12-08;6;1307
11;2025-12-08;7;2432
11;2025-12-08;8;3165
11;2025-12-08;9;2384
11;2025-12-08;10;1943
11;2025-12-08;11;1827
11;2025-12-08;12;1879
11;2025-12-08;13;2003
11;2025-12-08;14;1974
11;2025-12-08;15;1930
11;2025-12-08;16;2178
11;2025-12-08;17;2743
11;2025-12-08;18;3125
11;2025-12-08;19;2260
11;2025-12-08;20;1409
11;2025-12-08;21;814
11;2025-12-08;22;375
11;2025-12-08;23;237
11;2025-12-09;0;62
11;2025-12-09;1;3
11;2025-12-09;2;0
11;2025-12-09;3;0
11;2025-12-09;4;0
11;2025-12-09;5;252
11;2025-12-09;6;1320
11;2025-12-09;7;2464
11;2025-12-09;8;3200
11;2025-12-09;9;2426
11;2025-12-09;10;1992
11;2025-12-09;11;1870
11;2025-12-09;12;1921
11;2025-12-09;13;2047
11;2025-12-09;14;2020
11;2025-12-09;15;1962
11;2025-12-09;16;2209
11;2025-12-09;17;2771
11;2025-12-09;18;3138
11;2025-12-09;19;2274
11;2025-12-09;20;1420
11;2025-12-09;21;822
11;2025-12-09;22;379
11;2025-12-09;23;238
11;2025-12-10;0;62
11;2025-12-10;1;3
11;2025-12-10;2;0
11;2025-12-10;3;0
11;2025-12-10;4;0
11;2025-12-10;5;254
11;2025-12-10;6;1328
11;2025-12-10;7;2494
11;2025-12-10;8;3248
11;2025-12-10;9;2458
11;2025-12-10;10;2015
11;2025-12-10;11;1903
11;2025-12-10;12;1952
11;2025-12-10;13;2080
11;2025-12-10;14;2056
11;2025-12-10;15;1997
11;2025-12-10;16;2248
11;2025-12-10;17;2826
11;2025-12-10;18;3204
11;2025-12-10;19;2330
11;2025-12-10;20;1457
11;2025-12-10;21;845
11;2025-12-10;22;388
11;2025-12-10;23;245
11;2025-12-11;0;59
11;2025-12-11;1;3
11;2025-12-11;2;0
11;2025-12-11;3;0
11;2025-12-11;4;0
11;2025-12-11;5;242
11;2025-12-11;6;1268
11;2025-12-11;7;2373
11;2025-12-11;8;3097
11;2025-12-11;9;2343
11;2025-12-11;10;1916
11;2025-12-11;11;1819
11;2025-12-11;12;1885
11;2025-12-11;13;2005
11;2025-12-11;14;1980
11;2025-12-11;15;1922
11;2025-12-11;16;2172
11;2025-12-11;17;2715
11;2025-12-11;18;3061
11;2025-12-11;19;2219
11;2025-12-11;20;1400
11;2025-12-11;21;814
11;2025-12-11;22;375
11;2025-12-11;23;237
11;2025-12-12;0;70
11;2025-12-12;1;3
11;2025-12-12;2;0
11;2025-12-12;3;0
11;2025-12-12;4;0
11;2025-12-12;5;262
11;2025-12-12;6;1302
11;2025-12-12;7;2416
11;2025-12-12;8;3257
11;2025-12-12;9;2217
11;2025-12-12;10;1828
11;2025-12-12;11;1745
11;2025-12-12;12;1895
11;2025-12-12;13;1848
11;2025-12-12;14;2029
11;2025-12-12;15;2051
11;2025-12-12;16;2290
11;2025-12-12;17;2882
11;2025-12-12;18;2446
11;2025-12-12;19;1862
11;2025-12-12;20;1348
11;2025-12-12;21;841
11;2025-12-12;22;382
11;2025-12-12;23;337
11;2025-12-13;0;109
11;2025-12-13;1;1
11;2025-12-13;2;0
11;2025-12-13;3;0
11;2025-12-13;4;0
11;2025-12-13;5;173
11;2025-12-13;6;845
11;2025-12-13;7;763
11;2025-12-13;8;1044
11;2025-12-13;9;1145
11;2025-12-13;10;1358
11;2025-12-13;11;1678
11;2025-12-13;12;1891
11;2025-12-13;13;1785
11;2025-12-13;14;2006
11;2025-12-13;15;1882
11;2025-12-13;16;1773
11;2025-12-13;17;1872
11;2025-12-13;18;1511
11;2025-12-13;19;1510
11;2025-12-13;20;1015
11;2025-12-13;21;735
11;2025-12-13;22;430
11;2025-12-13;23;281
11;2025-12-14;0;112
11;2025-12-14;1;15
11;2025-12-14;2;0
11;2025-12-14;3;0
11;2025-12-14;4;0
11;2025-12-14;5;109
11;2025-12-14;6;489
11;2025-12-14;7;482
11;2025-12-14;8;675
11;2025-12-14;9;930
11;2025-12-14;10;1020
11;2025-12-14;11;1490
11;2025-12-14;12;1566
11;2025-12-14;13;1502
11;2025-12-14;14;1592
11;2025-12-14;15;1598
11;2025-12-14;16;1531
11;2025-12-14;17;1699
11;2025-12-14;18;1257
11;2025-12-14;19;1028
11;2025-12-14;20;800
11;2025-12-14;21;610
11;2025-12-14;22;356
11;2025-12-14;23;246
11;2025-12-15;0;62
11;2025-12-15;1;3
11;2025-12-15;2;0
11;2025-12-15;3;0
11;2025-12-15;4;0
11;2025-12-15;5;250
11;2025-12-15;6;1309
11;2025-12-15;7;2446
11;2025-12-15;8;3189
11;2025-12-15;9;2408
11;2025-12-15;10;1953
11;2025-12-15;11;1837
11;2025-12-15;12;1894
11;2025-12-15;13;2030
11;2025-12-15;14;2000
11;2025-12-15;15;1952
11;2025-12-15;16;2200
11;2025-12-15;17;2766
11;2025-12-15;18;3143
11;2025-12-15;19;2280
11;2025-12-15;20;1419
11;2025-12-15;21;822
11;2025-12-15;22;379
11;2025-12-15;23;240
11;2025-12-16;0;62
11;2025-12-16;1;3
11;2025-12-16;2;0
11;2025-12-16;3;0
11;2025-12-16;4;0
11;2025-12-16;5;254
11;2025-12-16;6;1332
11;2025-12-16;7;2483
11;2025-12-16;8;3227
11;2025-12-16;9;2447
11;2025-12-16;10;2004
11;2025-12-16;11;1883
11;2025-12-16;12;1898
11;2025-12-16;13;2030
11;2025-12-16;14;2014
11;2025-12-16;15;1973
11;2025-12-16;16;2243
11;2025-12-16;17;2816
11;2025-12-16;18;3213
11;2025-12-16;19;2322
11;2025-12-16;20;1449
11;2025-12-16;21;839
11;2025-12-16;22;387
11;2025-12-16;23;244
11;2025-12-17;0;61
11;2025-12-17;1;3
11;2025-12-17;2;0
11;2025-12-17;3;0
11;2025-12-17;4;0
11;2025-12-17;5;247
11;2025-12-17;6;1296
11;2025-12-17;7;2426
11;2025-12-17;8;3159
11;2025-12-17;9;2409
11;2025-12-17;10;1981
11;2025-12-17;11;1872
11;2025-12-17;12;1924
11;2025-12-17;13;2054
11;2025-12-17;14;2023
11;2025-12-17;15;1964
11;2025-12-17;16;2208
11;2025-12-17;17;2777
11;2025-12-17;18;3132
11;2025-12-17;19;2273
11;2025-12-17;20;1421
11;2025-12-17;21;822
11;2025-12-17;22;379
11;2025-12-17;23;239
11;2025-12-18;0;61
11;2025-12-18;1;3
11;2025-12-18;2;0
11;2025-12-18;3;0
11;2025-12-18;4;0
11;2025-12-18;5;250
11;2025-12-18;6;1310
11;2025-12-18;7;2448
11;2025-12-18;8;3186
11;2025-12-18;9;2409
11;2025-12-18;10;1984
11;2025-12-18;11;1867
11;2025-12-18;12;1914
11;2025-12-18;13;2042
11;2025-12-18;14;2015
11;2025-12-18;15;1955
11;2025-12-18;16;2197
11;2025-12-18;17;2778
11;2025-12-18;18;3151
11;2025-12-18;19;2283
11;2025-12-18;20;1426
11;2025-12-18;21;825
11;2025-12-18;22;380
11;2025-12-18;23;240
11;2025-12-19;0;71
11;2025-12-19;1;3
11;2025-12-19;2;0
11;2025-12-19;3;0
11;2025-12-19;4;0
11;2025-12-19;5;266
11;2025-12-19;6;1316
11;2025-12-19;7;2442
11;2025-12-19;8;3301
11;2025-12-19;9;2253
11;2025-12-19;10;1854
11;2025-12-19;11;1757
11;2025-12-19;12;1911
11;2025-12-19;13;1881
11;2025-12-19;14;2086
11;2025-12-19;15;2125
11;2025-12-19;16;2362
11;2025-12-19;17;2978
11;2025-12-19;18;2519
11;2025-12-19;19;1918
11;2025-12-19;20;1398
11;2025-12-19;21;872
11;2025-12-19;22;392
11;2025-12-19;23;348
11;2025-12-20;0;108
11;2025-12-20;1;1
11;2025-12-20;2;0
11;2025-12-20;3;0
11;2025-12-20;4;0
11;2025-12-20;5;173
11;2025-12-20;6;841
11;2025-12-20;7;762
11;2025-12-20;8;1040
11;2025-12-20;9;1173
11;2025-12-20;10;1386
11;2025-12-20;11;1716
11;2025-12-20;12;1961
11;2025-12-20;13;1826
11;2025-12-20;14;2063
11;2025-12-20;15;1945
11;2025-12-20;16;1821
11;2025-12-20;17;1924
11;2025-12-20;18;1542
11;2025-12-20;19;1528
11;2025-12-20;20;1019
11;2025-12-20;21;742
11;2025-12-20;22;431
11;2025-12-20;23;284
11;2025-12-21;0;113
11;2025-12-21;1;15
11;2025-12-21;2;0
11;2025-12-21;3;0
11;2025-12-21;4;0
11;2025-12-21;5;110
11;2025-12-21;6;497
11;2025-12-21;7;485
11;2025-12-21;8;682
11;2025-12-21;9;943
11;2025-12-21;10;1036
11;2025-12-21;11;1525
11;2025-12-21;12;1603
11;2025-12-21;13;1547
11;2025-12-21;14;1655
11;2025-12-21;15;1647
11;2025-12-21;16;1557
11;2025-12-21;17;1710
11;2025-12-21;18;1275
11;2025-12-21;19;1040
11;2025-12-21;20;805
11;2025-12-21;21;611
11;2025-12-21;22;359
11;2025-12-21;23;245
11;2025-12-22;0;62
11;2025-12-22;1;3
11;2025-12-22;2;0
11;2025-12-22;3;0
11;2025-12-22;4;0
11;2025-12-22;5;254
11;2025-12-22;6;1328
11;2025-12-22;7;2489
11;2025-12-22;8;3232
11;2025-12-22;9;2439
11;2025-12-22;10;1991
11;2025-12-22;11;1870
11;2025-12-22;12;1923
11;2025-12-22;13;2038
11;2025-12-22;14;1998
11;2025-12-22;15;1947
11;2025-12-22;16;2193
11;2025-12-22;17;2794
11;2025-12-22;18;3164
11;2025-12-22;19;2292
11;2025-12-22;20;1429
11;2025-12-22;21;827
11;2025-12-22;22;382
11;2025-12-22;23;241
11;2025-12-23;0;65
11;2025-12-23;1;3
11;2025-12-23;2;0
11;2025-12-23;3;0
11;2025-12-23;4;0
11;2025-12-23;5;260
11;2025-12-23;6;1366
11;2025-12-23;7;2544
11;2025-12-23;8;3307
11;2025-12-23;9;2499
11;2025-12-23;10;2041
11;2025-12-23;11;1919
11;2025-12-23;12;1970
11;2025-12-23;13;2102
11;2025-12-23;14;2069
11;2025-12-23;15;2003
11;2025-12-23;16;2254
11;2025-12-23;17;2842
11;2025-12-23;18;3211
11;2025-12-23;19;2331
11;2025-12-23;20;1457
11;2025-12-23;21;842
11;2025-12-23;22;388
11;2025-12-23;23;246
11;2025-12-24;0;64
11;2025-12-24;1;3
11;2025-12-24;2;0
11;2025-12-24;3;0
11;2025-12-24;4;0
11;2025-12-24;5;258
11;2025-12-24;6;1361
11;2025-12-24;7;2542
11;2025-12-24;8;3310
11;2025-12-24;9;2505
11;2025-12-24;10;2054
11;2025-12-24;11;1932
11;2025-12-24;12;1985
11;2025-12-24;13;2133
11;2025-12-24;14;2101
11;2025-12-24;15;2027
11;2025-12-24;16;2284
11;2025-12-24;17;2874
11;2025-12-24;18;3251
11;2025-12-24;19;2361
11;2025-12-24;20;1481
11;2025-12-24;21;859
11;2025-12-24;22;395
11;2025-12-24;23;251
11;2025-12-25;0;64
11;2025-12-25;1;3
11;2025-12-25;2;0
11;2025-12-25;3;0
11;2025-12-25;4;0
11;2025-12-25;5;262
11;2025-12-25;6;1368
11;2025-12-25;7;2559
11;2025-12-25;8;3321
11;2025-12-25;9;2487
11;2025-12-25;10;2049
11;2025-12-25;11;1930
11;2025-12-25;12;1983
11;2025-12-25;13;2110
11;2025-12-25;14;2080
11;2025-12-25;15;2020
11;2025-12-25;16;2274
11;2025-12-25;17;2861
11;2025-12-25;18;3239
11;2025-12-25;19;2322
11;2025-12-25;20;1462
11;2025-12-25;21;838
11;2025-12-25;22;386
11;2025-12-25;23;244
11;2025-12-26;0;72
11;2025-12-26;1;3
11;2025-12-26;2;0
11;2025-12-26;3;0
11;2025-12-26;4;0
11;2025-12-26;5;268
11;2025-12-26;6;1340
11;2025-12-26;7;2449
11;2025-12-26;8;3332
11;2025-12-26;9;2280
11;2025-12-26;10;1891
11;2025-12-26;11;1789
11;2025-12-26;12;1942
11;2025-12-26;13;1917
11;2025-12-26;14;2144
11;2025-12-26;15;2181
11;2025-12-26;16;2412
11;2025-12-26;17;3023
11;2025-12-26;18;2549
11;2025-12-26;19;1952
11;2025-12-26;20;1417
11;2025-12-26;21;883
11;2025-12-26;22;400
11;2025-12-26;23;354
11;2025-12-27;0;104
11;2025-12-27;1;1
11;2025-12-27;2;0
11;2025-12-27;3;0
11;2025-12-27;4;0
11;2025-12-27;5;166
11;2025-12-27;6;807
11;2025-12-27;7;727
11;2025-12-27;8;998
11;2025-12-27;9;1141
11;2025-12-27;10;1357
11;2025-12-27;11;1680
11;2025-12-27;12;1925
11;2025-12-27;13;1795
11;2025-12-27;14;1996
11;2025-12-27;15;1870
11;2025-12-27;16;1761
11;2025-12-27;17;1842
11;2025-12-27;18;1481
11;2025-12-27;19;1474
11;2025-12-27;20;987
11;2025-12-27;21;715
11;2025-12-27;22;417
11;2025-12-27;23;275
11;2025-12-28;0;109
11;2025-12-28;1;15
11;2025-12-28;2;0
11;2025-12-28;3;0
11;2025-12-28;4;0
11;2025-12-28;5;106
11;2025-12-28;6;475
11;2025-12-28;7;465
11;2025-12-28;8;651
11;2025-12-28;9;901
11;2025-12-28;10;995
11;2025-12-28;11;1466
11;2025-12-28;12;1538
11;2025-12-28;13;1491
11;2025-12-28;14;1592
11;2025-12-28;15;1572
11;2025-12-28;16;1486
11;2025-12-28;17;1670
11;2025-12-28;18;1232
11;2025-12-28;19;1011
11;2025-12-28;20;780
11;2025-12-28;21;597
11;2025-12-28;22;349
11;2025-12-28;23;240
11;2025-12-29;0;56
11;2025-12-29;1;3
11;2025-12-29;2;0
11;2025-12-29;3;0
11;2025-12-29;4;0
11;2025-12-29;5;229
11;2025-12-29;6;1196
11;2025-12-29;7;2232
11;2025-12-29;8;2907
11;2025-12-29;9;2203
11;2025-12-29;10;1786
11;2025-12-29;11;1683
11;2025-12-29;12;1727
11;2025-12-29;13;1847
11;2025-12-29;14;1817
11;2025-12-29;15;1764
11;2025-12-29;16;1992
11;2025-12-29;17;2492
11;2025-12-29;18;2837
11;2025-12-29;19;2072
11;2025-12-29;20;1291
11;2025-12-29;21;746
11;2025-12-29;22;344
11;2025-12-29;23;217
11;2025-12-30;0;59
11;2025-12-30;1;3
11;2025-12-30;2;0
11;2025-12-30;3;0
11;2025-12-30;4;0
11;2025-12-30;5;241
11;2025-12-30;6;1259
11;2025-12-30;7;2349
11;2025-12-30;8;3058
11;2025-12-30;9;2295
11;2025-12-30;10;1876
11;2025-12-30;11;1762
11;2025-12-30;12;1806
11;2025-12-30;13;1945
11;2025-12-30;14;1921
11;2025-12-30;15;1857
11;2025-12-30;16;2109
11;2025-12-30;17;2643
11;2025-12-30;18;2959
11;2025-12-30;19;2161
11;2025-12-30;20;1354
11;2025-12-30;21;789
11;2025-12-30;22;364
11;2025-12-30;23;229
11;2025-12-31;0;122
11;2025-12-31;1;17
11;2025-12-31;2;0
11;2025-12-31;3;0
11;2025-12-31;4;0
11;2025-12-31;5;117
11;2025-12-31;6;531
11;2025-12-31;7;520
11;2025-12-31;8;730
11;2025-12-31;9;999
11;2025-12-31;10;1090
11;2025-12-31;11;1603
11;2025-12-31;12;1704
11;2025-12-31;13;1623
11;2025-12-31;14;1734
11;2025-12-31;15;1714
11;2025-12-31;16;1642
11;2025-12-31;17;1825
11;2025-12-31;18;1347
11;2025-12-31;19;1122
11;2025-12-31;20;869
11;2025-12-31;21;666
11;2025-12-31;22;387
11;2025-12-31;23;268
12;2025-11-01;0;48
12;2025-11-01;1;1
12;2025-11-01;2;0
12;2025-11-01;3;0
12;2025-11-01;4;6
12;2025-11-01;5;281
12;2025-11-01;6;1263
12;2025-11-01;7;2369
12;2025-11-01;8;3210
12;2025-11-01;9;2294
12;2025-11-01;10;1878
12;2025-11-01;11;1776
12;2025-11-01;12;1877
12;2025-11-01;13;1913
12;2025-11-01;14;1819
12;2025-11-01;15;2040
12;2025-11-01;16;2465
12;2025-11-01;17;2724
12;2025-11-01;18;2844
12;2025-11-01;19;2173
12;2025-11-01;20;1421
12;2025-11-01;21;880
12;2025-11-01;22;442
12;2025-11-01;23;228
12;2025-11-02;0;86
12;2025-11-02;1;4
12;2025-11-02;2;0
12;2025-11-02;3;0
12;2025-11-02;4;3
12;2025-11-02;5;139
12;2025-11-02;6;540
12;2025-11-02;7;727
12;2025-11-02;8;744
12;2025-11-02;9;933
12;2025-11-02;10;1202
12;2025-11-02;11;1324
12;2025-11-02;12;1403
12;2025-11-02;13;1632
12;2025-11-02;14;1531
12;2025-11-02;15;1561
12;2025-11-02;16;1563
12;2025-11-02;17;1619
12;2025-11-02;18;1390
12;2025-11-02;19;1052
12;2025-11-02;20;816
12;2025-11-02;21;626
12;2025-11-02;22;406
12;2025-11-02;23;200
12;2025-11-03;0;84
12;2025-11-03;1;4
12;2025-11-03;2;0
12;2025-11-03;3;0
12;2025-11-03;4;3
12;2025-11-03;5;135
12;2025-11-03;6;523
12;2025-11-03;7;716
12;2025-11-03;8;727
12;2025-11-03;9;890
12;2025-11-03;10;1127
12;2025-11-03;11;1217
12;2025-11-03;12;1269
12;2025-11-03;13;1544
12;2025-11-03;14;1436
12;2025-11-03;15;1480
12;2025-11-03;16;1484
12;2025-11-03;17;1534
12;2025-11-03;18;1356
12;2025-11-03;19;1044
12;2025-11-03;20;807
12;2025-11-03;21;617
12;2025-11-03;22;402
12;2025-11-03;23;200
12;2025-11-04;0;84
12;2025-11-04;1;4
12;2025-11-04;2;0
12;2025-11-04;3;0
12;2025-11-04;4;3
12;2025-11-04;5;131
12;2025-11-04;6;517
12;2025-11-04;7;700
12;2025-11-04;8;704
12;2025-11-04;9;843
12;2025-11-04;10;1102
12;2025-11-04;11;1151
12;2025-11-04;12;1208
12;2025-11-04;13;1421
12;2025-11-04;14;1361
12;2025-11-04;15;1466
12;2025-11-04;16;1471
12;2025-11-04;17;1504
12;2025-11-04;18;1324
12;2025-11-04;19;1025
12;2025-11-04;20;799
12;2025-11-04;21;611
12;2025-11-04;22;400
12;2025-11-04;23;200
12;2025-11-05;0;55
12;2025-11-05;1;2
12;2025-11-05;2;0
12;2025-11-05;3;0
12;2025-11-05;4;7
12;2025-11-05;5;327
12;2025-11-05;6;1454
12;2025-11-05;7;2736
12;2025-11-05;8;3675
12;2025-11-05;9;2577
12;2025-11-05;10;2097
12;2025-11-05;11;1980
12;2025-11-05;12;2070
12;2025-11-05;13;2099
12;2025-11-05;14;1997
12;2025-11-05;15;2230
12;2025-11-05;16;2731
12;2025-11-05;17;3045
12;2025-11-05;18;3247
12;2025-11-05;19;2449
12;2025-11-05;20;1601
12;2025-11-05;21;987
12;2025-11-05;22;496
12;2025-11-05;23;255
12;2025-11-06;0;55
12;2025-11-06;1;2
12;2025-11-06;2;0
12;2025-11-06;3;0
12;2025-11-06;4;7
12;2025-11-06;5;327
12;2025-11-06;6;1464
12;2025-11-06;7;2763
12;2025-11-06;8;3686
12;2025-11-06;9;2580
12;2025-11-06;10;2094
12;2025-11-06;11;1975
12;2025-11-06;12;2077
12;2025-11-06;13;2087
12;2025-11-06;14;1989
12;2025-11-06;15;2226
12;2025-11-06;16;2718
12;2025-11-06;17;3020
12;2025-11-06;18;3219
12;2025-11-06;19;2427
12;2025-11-06;20;1589
12;2025-11-06;21;982
12;2025-11-06;22;495
12;2025-11-06;23;256
12;2025-11-07;0;56
12;2025-11-07;1;1
12;2025-11-07;2;0
12;2025-11-07;3;0
12;2025-11-07;4;5
12;2025-11-07;5;340
12;2025-11-07;6;1440
12;2025-11-07;7;2744
12;2025-11-07;8;3366
12;2025-11-07;9;2513
12;2025-11-07;10;1899
12;2025-11-07;11;1893
12;2025-11-07;12;1936
12;2025-11-07;13;2192
12;2025-11-07;14;1988
12;2025-11-07;15;2239
12;2025-11-07;16;2943
12;2025-11-07;17;2930
12;2025-11-07;18;2586
12;2025-11-07;19;2154
12;2025-11-07;20;1401
12;2025-11-07;21;1019
12;2025-11-07;22;512
12;2025-11-07;23;335
12;2025-11-08;0;69
12;2025-11-08;1;2
12;2025-11-08;2;0
12;2025-11-08;3;0
12;2025-11-08;4;2
12;2025-11-08;5;232
12;2025-11-08;6;807
12;2025-11-08;7;912
12;2025-11-08;8;1044
12;2025-11-08;9;1233
12;2025-11-08;10;1468
12;2025-11-08;11;1491
12;2025-11-08;12;1539
12;2025-11-08;13;1742
12;2025-11-08;14;1582
12;2025-11-08;15;1549
12;2025-11-08;16;1669
12;2025-11-08;17;1596
12;2025-11-08;18;1599
12;2025-11-08;19;1365
12;2025-11-08;20;957
12;2025-11-08;21;783
12;2025-11-08;22;398
12;2025-11-08;23;294
12;2025-11-09;0;87
12;2025-11-09;1;4
12;2025-11-09;2;0
12;2025-11-09;3;0
12;2025-11-09;4;3
12;2025-11-09;5;139
12;2025-11-09;6;540
12;2025-11-09;7;731
12;2025-11-09;8;743
12;2025-11-09;9;927
12;2025-11-09;10;1169
12;2025-11-09;11;1276
12;2025-11-09;12;1335
12;2025-11-09;13;1554
12;2025-11-09;14;1475
12;2025-11-09;15;1500
12;2025-11-09;16;1495
12;2025-11-09;17;1534
12;2025-11-09;18;1331
12;2025-11-09;19;998
12;2025-11-09;20;770
12;2025-11-09;21;595
12;2025-11-09;22;388
12;2025-11-09;23;193
12;2025-11-10;0;55
12;2025-11-10;1;2
12;2025-11-10;2;0
12;2025-11-10;3;0
12;2025-11-10;4;7
12;2025-11-10;5;326
12;2025-11-10;6;1455
12;2025-11-10;7;2753
12;2025-11-10;8;3697
12;2025-11-10;9;2578
12;2025-11-10;10;2077
12;2025-11-10;11;1954
12;2025-11-10;12;2065
12;2025-11-10;13;2079
12;2025-11-10;14;1980
12;2025-11-10;15;2230
12;2025-11-10;16;2722
12;2025-11-10;17;3025
12;2025-11-10;18;3225
12;2025-11-10;19;2418
12;2025-11-10;20;1560
12;2025-11-10;21;956
12;2025-11-10;22;481
12;2025-11-10;23;248
12;2025-11-11;0;55
12;2025-11-11;1;2
12;2025-11-11;2;0
12;2025-11-11;3;0
12;2025-11-11;4;7
12;2025-11-11;5;329
12;2025-11-11;6;1469
12;2025-11-11;7;2787
12;2025-11-11;8;3728
12;2025-11-11;9;2632
12;2025-11-11;10;2130
12;2025-11-11;11;2007
12;2025-11-11;12;2116
12;2025-11-11;13;2132
12;2025-11-11;14;2024
12;2025-11-11;15;2266
12;2025-11-11;16;2766
12;2025-11-11;17;3079
12;2025-11-11;18;3297
12;2025-11-11;19;2482
12;2025-11-11;20;1611
12;2025-11-11;21;989
12;2025-11-11;22;498
12;2025-11-11;23;254
12;2025-11-12;0;55
12;2025-11-12;1;2
12;2025-11-12;2;0
12;2025-11-12;3;0
12;2025-11-12;4;7
12;2025-11-12;5;327
12;2025-11-12;6;1457
12;2025-11-12;7;2757
12;2025-11-12;8;3695
12;2025-11-12;9;2592
12;2025-11-12;10;2116
12;2025-11-12;11;1984
12;2025-11-12;12;2094
12;2025-11-12;13;2114
12;2025-11-12;14;2011
12;2025-11-12;15;2246
12;2025-11-12;16;2750
12;2025-11-12;17;3056
12;2025-11-12;18;3252
12;2025-11-12;19;2451
12;2025-11-12;20;1590
12;2025-11-12;21;982
12;2025-11-12;22;495
12;2025-11-12;23;256
12;2025-11-13;0;55
12;2025-11-13;1;2
12;2025-11-13;2;0
12;2025-11-13;3;0
12;2025-11-13;4;7
12;2025-11-13;5;327
12;2025-11-13;6;1467
12;2025-11-13;7;2781
12;2025-11-13;8;3710
12;2025-11-13;9;2610
12;2025-11-13;10;2132
12;2025-11-13;11;2003
12;2025-11-13;12;2105
12;2025-11-13;13;2117
12;2025-11-13;14;2025
12;2025-11-13;15;2264
12;2025-11-13;16;2766
12;2025-11-13;17;3070
12;2025-11-13;18;3280
12;2025-11-13;19;2450
12;2025-11-13;20;1592
12;2025-11-13;21;979
12;2025-11-13;22;492
12;2025-11-13;23;255
12;2025-11-14;0;57
12;2025-11-14;1;1
12;2025-11-14;2;0
12;2025-11-14;3;0
12;2025-11-14;4;5
12;2025-11-14;5;339
12;2025-11-14;6;1439
12;2025-11-14;7;2750
12;2025-11-14;8;3396
12;2025-11-14;9;2542
12;2025-11-14;10;1935
12;2025-11-14;11;1945
12;2025-11-14;12;1986
12;2025-11-14;13;2240
12;2025-11-14;14;2034
12;2025-11-14;15;2283
12;2025-11-14;16;2995
12;2025-11-14;17;2982
12;2025-11-14;18;2628
12;2025-11-14;19;2180
12;2025-11-14;20;1420
12;2025-11-14;21;1030
12;2025-11-14;22;517
12;2025-11-14;23;339
12;2025-11-15;0;72
12;2025-11-15;1;2
12;2025-11-15;2;0
12;2025-11-15;3;0
12;2025-11-15;4;2
12;2025-11-15;5;232
12;2025-11-15;6;805
12;2025-11-15;7;913
12;2025-11-15;8;1062
12;2025-11-15;9;1258
12;2025-11-15;10;1492
12;2025-11-15;11;1524
12;2025-11-15;12;1585
12;2025-11-15;13;1822
12;2025-11-15;14;1659
12;2025-11-15;15;1658
12;2025-11-15;16;1775
12;2025-11-15;17;1713
12;2025-11-15;18;1709
12;2025-11-15;19;1441
12;2025-11-15;20;999
12;2025-11-15;21;805
12;2025-11-15;22;413
12;2025-11-15;23;307
12;2025-11-16;0;83
12;2025-11-16;1;4
12;2025-11-16;2;0
12;2025-11-16;3;0
12;2025-11-16;4;3
12;2025-11-16;5;134
12;2025-11-16;6;514
12;2025-11-16;7;697
12;2025-11-16;8;716
12;2025-11-16;9;897
12;2025-11-16;10;1136
12;2025-11-16;11;1241
12;2025-11-16;12;1316
12;2025-11-16;13;1539
12;2025-11-16;14;1444
12;2025-11-16;15;1501
12;2025-11-16;16;1478
12;2025-11-16;17;1507
12;2025-11-16;18;1320
12;2025-11-16;19;990
12;2025-11-16;20;770
12;2025-11-16;21;591
12;2025-11-16;22;384
12;2025-11-16;23;191
12;2025-11-17;0;53
12;2025-11-17;1;2
12;2025-11-17;2;0
12;2025-11-17;3;0
12;2025-11-17;4;7
12;2025-11-17;5;315
12;2025-11-17;6;1405
12;2025-11-17;7;2667
12;2025-11-17;8;3573
12;2025-11-17;9;2511
12;2025-11-17;10;2030
12;2025-11-17;11;1893
12;2025-11-17;12;2008
12;2025-11-17;13;2019
12;2025-11-17;14;1926
12;2025-11-17;15;2190
12;2025-11-17;16;2683
12;2025-11-17;17;2989
12;2025-11-17;18;3221
12;2025-11-17;19;2416
12;2025-11-17;20;1564
12;2025-11-17;21;958
12;2025-11-17;22;483
12;2025-11-17;23;249
12;2025-11-18;0;53
12;2025-11-18;1;2
12;2025-11-18;2;0
12;2025-11-18;3;0
12;2025-11-18;4;7
12;2025-11-18;5;319
12;2025-11-18;6;1442
12;2025-11-18;7;2713
12;2025-11-18;8;3632
12;2025-11-18;9;2553
12;2025-11-18;10;2049
12;2025-11-18;11;1927
12;2025-11-18;12;2036
12;2025-11-18;13;2043
12;2025-11-18;14;1963
12;2025-11-18;15;2217
12;2025-11-18;16;2703
12;2025-11-18;17;2988
12;2025-11-18;18;3160
12;2025-11-18;19;2358
12;2025-11-18;20;1529
12;2025-11-18;21;935
12;2025-11-18;22;472
12;2025-11-18;23;242
12;2025-11-19;0;56
12;2025-11-19;1;2
12;2025-11-19;2;0
12;2025-11-19;3;0
12;2025-11-19;4;7
12;2025-11-19;5;329
12;2025-11-19;6;1470
12;2025-11-19;7;2790
12;2025-11-19;8;3748
12;2025-11-19;9;2633
12;2025-11-19;10;2141
12;2025-11-19;11;2013
12;2025-11-19;12;2129
12;2025-11-19;13;2140
12;2025-11-19;14;2038
12;2025-11-19;15;2284
12;2025-11-19;16;2787
12;2025-11-19;17;3098
12;2025-11-19;18;3287
12;2025-11-19;19;2477
12;2025-11-19;20;1609
12;2025-11-19;21;992
12;2025-11-19;22;500
12;2025-11-19;23;257
12;2025-11-20;0;55
12;2025-11-20;1;2
12;2025-11-20;2;0
12;2025-11-20;3;0
12;2025-11-20;4;7
12;2025-11-20;5;331
12;2025-11-20;6;1477
12;2025-11-20;7;2803
12;2025-11-20;8;3757
12;2025-11-20;9;2641
12;2025-11-20;10;2150
12;2025-11-20;11;2019
12;2025-11-20;12;2143
12;2025-11-20;13;2156
12;2025-11-20;14;2045
12;2025-11-20;15;2292
12;2025-11-20;16;2796
12;2025-11-20;17;3102
12;2025-11-20;18;3307
12;2025-11-20;19;2478
12;2025-11-20;20;1605
12;2025-11-20;21;982
12;2025-11-20;22;494
12;2025-11-20;23;255
12;2025-11-21;0;57
12;2025-11-21;1;1
12;2025-11-21;2;0
12;2025-11-21;3;0
12;2025-11-21;4;5
12;2025-11-21;5;347
12;2025-11-21;6;1468
12;2025-11-21;7;2798
12;2025-11-21;8;3458
12;2025-11-21;9;2571
12;2025-11-21;10;1950
12;2025-11-21;11;1956
12;2025-11-21;12;2002
12;2025-11-21;13;2260
12;2025-11-21;14;2059
12;2025-11-21;15;2327
12;2025-11-21;16;3059
12;2025-11-21;17;3056
12;2025-11-21;18;2695
12;2025-11-21;19;2222
12;2025-11-21;20;1437
12;2025-11-21;21;1042
12;2025-11-21;22;520
12;2025-11-21;23;340
12;2025-11-22;0;69
12;2025-11-22;1;2
12;2025-11-22;2;0
12;2025-11-22;3;0
12;2025-11-22;4;2
12;2025-11-22;5;232
12;2025-11-22;6;778
12;2025-11-22;7;884
12;2025-11-22;8;1031
12;2025-11-22;9;1258
12;2025-11-22;10;1513
12;2025-11-22;11;1543
12;2025-11-22;12;1576
12;2025-11-22;13;1783
12;2025-11-22;14;1611
12;2025-11-22;15;1576
12;2025-11-22;16;1697
12;2025-11-22;17;1640
12;2025-11-22;18;1625
12;2025-11-22;19;1369
12;2025-11-22;20;955
12;2025-11-22;21;777
12;2025-11-22;22;396
12;2025-11-22;23;289
12;2025-11-23;0;85
12;2025-11-23;1;4
12;2025-11-23;2;0
12;2025-11-23;3;0
12;2025-11-23;4;3
12;2025-11-23;5;138
12;2025-11-23;6;532
12;2025-11-23;7;719
12;2025-11-23;8;740
12;2025-11-23;9;928
12;2025-11-23;10;1171
12;2025-11-23;11;1281
12;2025-11-23;12;1364
12;2025-11-23;13;1613
12;2025-11-23;14;1508
12;2025-11-23;15;1530
12;2025-11-23;16;1538
12;2025-11-23;17;1579
12;2025-11-23;18;1372
12;2025-11-23;19;1022
12;2025-11-23;20;783
12;2025-11-23;21;594
12;2025-11-23;22;389
12;2025-11-23;23;192
12;2025-11-24;0;52
12;2025-11-24;1;2
12;2025-11-24;2;0
12;2025-11-24;3;0
12;2025-11-24;4;7
12;2025-11-24;5;307
12;2025-11-24;6;1387
12;2025-11-24;7;2625
12;2025-11-24;8;3523
12;2025-11-24;9;2415
12;2025-11-24;10;2001
12;2025-11-24;11;1880
12;2025-11-24;12;1979
12;2025-11-24;13;1993
12;2025-11-24;14;1901
12;2025-11-24;15;2149
12;2025-11-24;16;2630
12;2025-11-24;17;2914
12;2025-11-24;18;3114
12;2025-11-24;19;2327
12;2025-11-24;20;1497
12;2025-11-24;21;918
12;2025-11-24;22;460
12;2025-11-24;23;237
12;2025-11-25;0;55
12;2025-11-25;1;2
12;2025-11-25;2;0
12;2025-11-25;3;0
12;2025-11-25;4;7
12;2025-11-25;5;329
12;2025-11-25;6;1465
12;2025-11-25;7;2792
12;2025-11-25;8;3735
12;2025-11-25;9;2627
12;2025-11-25;10;2127
12;2025-11-25;11;2004
12;2025-11-25;12;2123
12;2025-11-25;13;2139
12;2025-11-25;14;2032
12;2025-11-25;15;2280
12;2025-11-25;16;2777
12;2025-11-25;17;3085
12;2025-11-25;18;3295
12;2025-11-25;19;2473
12;2025-11-25;20;1605
12;2025-11-25;21;986
12;2025-11-25;22;497
12;2025-11-25;23;255
12;2025-11-26;0;56
12;2025-11-26;1;2
12;2025-11-26;2;0
12;2025-11-26;3;0
12;2025-11-26;4;7
12;2025-11-26;5;328
12;2025-11-26;6;1465
12;2025-11-26;7;2772
12;2025-11-26;8;3767
12;2025-11-26;9;2624
12;2025-11-26;10;2138
12;2025-11-26;11;2018
12;2025-11-26;12;2123
12;2025-11-26;13;2130
12;2025-11-26;14;2047
12;2025-11-26;15;2280
12;2025-11-26;16;2768
12;2025-11-26;17;3095
12;2025-11-26;18;3289
12;2025-11-26;19;2472
12;2025-11-26;20;1604
12;2025-11-26;21;988
12;2025-11-26;22;498
12;2025-11-26;23;257
12;2025-11-27;0;54
12;2025-11-27;1;2
12;2025-11-27;2;0
12;2025-11-27;3;0
12;2025-11-27;4;7
12;2025-11-27;5;323
12;2025-11-27;6;1440
12;2025-11-27;7;2727
12;2025-11-27;8;3659
12;2025-11-27;9;2570
12;2025-11-27;10;2087
12;2025-11-27;11;1971
12;2025-11-27;12;2085
12;2025-11-27;13;2104
12;2025-11-27;14;2003
12;2025-11-27;15;2246
12;2025-11-27;16;2741
12;2025-11-27;17;3040
12;2025-11-27;18;3250
12;2025-11-27;19;2447
12;2025-11-27;20;1586
12;2025-11-27;21;977
12;2025-11-27;22;491
12;2025-11-27;23;249
12;2025-11-28;0;56
12;2025-11-28;1;1
12;2025-11-28;2;0
12;2025-11-28;3;0
12;2025-11-28;4;5
12;2025-11-28;5;339
12;2025-11-28;6;1453
12;2025-11-28;7;2735
12;2025-11-28;8;3390
12;2025-11-28;9;2524
12;2025-11-28;10;1922
12;2025-11-28;11;1920
12;2025-11-28;12;1964
12;2025-11-28;13;2219
12;2025-11-28;14;2015
12;2025-11-28;15;2268
12;2025-11-28;16;2980
12;2025-11-28;17;2964
12;2025-11-28;18;2605
12;2025-11-28;19;2142
12;2025-11-28;20;1388
12;2025-11-28;21;1003
12;2025-11-28;22;502
12;2025-11-28;23;330
12;2025-11-29;0;70
12;2025-11-29;1;2
12;2025-11-29;2;0
12;2025-11-29;3;0
12;2025-11-29;4;2
12;2025-11-29;5;233
12;2025-11-29;6;807
12;2025-11-29;7;915
12;2025-11-29;8;1071
12;2025-11-29;9;1274
12;2025-11-29;10;1524
12;2025-11-29;11;1545
12;2025-11-29;12;1586
12;2025-11-29;13;1791
12;2025-11-29;14;1621
12;2025-11-29;15;1590
12;2025-11-29;16;1716
12;2025-11-29;17;1637
12;2025-11-29;18;1626
12;2025-11-29;19;1381
12;2025-11-29;20;963
12;2025-11-29;21;779
12;2025-11-29;22;396
12;2025-11-29;23;294
12;2025-11-30;0;84
12;2025-11-30;1;4
12;2025-11-30;2;0
12;2025-11-30;3;0
12;2025-11-30;4;3
12;2025-11-30;5;135
12;2025-11-30;6;523
12;2025-11-30;7;712
12;2025-11-30;8;727
12;2025-11-30;9;914
12;2025-11-30;10;1159
12;2025-11-30;11;1271
12;2025-11-30;12;1357
12;2025-11-30;13;1581
12;2025-11-30;14;1465
12;2025-11-30;15;1467
12;2025-11-30;16;1505
12;2025-11-30;17;1547
12;2025-11-30;18;1366
12;2025-11-30;19;1022
12;2025-11-30;20;790
12;2025-11-30;21;599
12;2025-11-30;22;391
12;2025-11-30;23;194
12;2025-12-01;0;54
12;2025-12-01;1;2
12;2025-12-01;2;0
12;2025-12-01;3;0
12;2025-12-01;4;7
12;2025-12-01;5;322
12;2025-12-01;6;1431
12;2025-12-01;7;2703
12;2025-12-01;8;3633
12;2025-12-01;9;2542
12;2025-12-01;10;2047
12;2025-12-01;11;1927
12;2025-12-01;12;2030
12;2025-12-01;13;2044
12;2025-12-01;14;1947
12;2025-12-01;15;2191
12;2025-12-01;16;2677
12;2025-12-01;17;2981
12;2025-12-01;18;3183
12;2025-12-01;19;2387
12;2025-12-01;20;1544
12;2025-12-01;21;943
12;2025-12-01;22;473
12;2025-12-01;23;243
12;2025-12-02;0;54
12;2025-12-02;1;2
12;2025-12-02;2;0
12;2025-12-02;3;0
12;2025-12-02;4;7
12;2025-12-02;5;323
12;2025-12-02;6;1444
12;2025-12-02;7;2740
12;2025-12-02;8;3684
12;2025-12-02;9;2582
12;2025-12-02;10;2101
12;2025-12-02;11;1979
12;2025-12-02;12;2089
12;2025-12-02;13;2102
12;2025-12-02;14;2003
12;2025-12-02;15;2243
12;2025-12-02;16;2751
12;2025-12-02;17;3060
12;2025-12-02;18;3252
12;2025-12-02;19;2441
12;2025-12-02;20;1585
12;2025-12-02;21;973
12;2025-12-02;22;490
12;2025-12-02;23;251
12;2025-12-03;0;55
12;2025-12-03;1;2
12;2025-12-03;2;0
12;2025-12-03;3;0
12;2025-12-03;4;7
12;2025-12-03;5;325
12;2025-12-03;6;1451
12;2025-12-03;7;2745
12;2025-12-03;8;3679
12;2025-12-03;9;2581
12;2025-12-03;10;2103
12;2025-12-03;11;1975
12;2025-12-03;12;2093
12;2025-12-03;13;2110
12;2025-12-03;14;2002
12;2025-12-03;15;2237
12;2025-12-03;16;2745
12;2025-12-03;17;3052
12;2025-12-03;18;3225
12;2025-12-03;19;2430
12;2025-12-03;20;1575
12;2025-12-03;21;973
12;2025-12-03;22;489
12;2025-12-03;23;253
12;2025-12-04;0;54
12;2025-12-04;1;2
12;2025-12-04;2;0
12;2025-12-04;3;0
12;2025-12-04;4;7
12;2025-12-04;5;323
12;2025-12-04;6;1450
12;2025-12-04;7;2742
12;2025-12-04;8;3666
12;2025-12-04;9;2590
12;2025-12-04;10;2098
12;2025-12-04;11;1972
12;2025-12-04;12;2086
12;2025-12-04;13;2104
12;2025-12-04;14;2004
12;2025-12-04;15;2243
12;2025-12-04;16;2740
12;2025-12-04;17;3049
12;2025-12-04;18;3241
12;2025-12-04;19;2430
12;2025-12-04;20;1574
12;2025-12-04;21;975
12;2025-12-04;22;489
12;2025-12-04;23;252
12;2025-12-05;0;56
12;2025-12-05;1;1
12;2025-12-05;2;0
12;2025-12-05;3;0
12;2025-12-05;4;5
12;2025-12-05;5;335
12;2025-12-05;6;1420
12;2025-12-05;7;2724
12;2025-12-05;8;3360
12;2025-12-05;9;2520
12;2025-12-05;10;1913
12;2025-12-05;11;1918
12;2025-12-05;12;1962
12;2025-12-05;13;2220
12;2025-12-05;14;2014
12;2025-12-05;15;2269
12;2025-12-05;16;2976
12;2025-12-05;17;2971
12;2025-12-05;18;2613
12;2025-12-05;19;2158
12;2025-12-05;20;1400
12;2025-12-05;21;1014
12;2025-12-05;22;506
12;2025-12-05;23;330
12;2025-12-06;0;67
12;2025-12-06;1;2
12;2025-12-06;2;0
12;2025-12-06;3;0
12;2025-12-06;4;2
12;2025-12-06;5;227
12;2025-12-06;6;786
12;2025-12-06;7;899
12;2025-12-06;8;1047
12;2025-12-06;9;1239
12;2025-12-06;10;1482
12;2025-12-06;11;1508
12;2025-12-06;12;1547
12;2025-12-06;13;1757
12;2025-12-06;14;1588
12;2025-12-06;15;1558
12;2025-12-06;16;1676
12;2025-12-06;17;1605
12;2025-12-06;18;1594
12;2025-12-06;19;1351
12;2025-12-06;20;942
12;2025-12-06;21;763
12;2025-12-06;22;389
12;2025-12-06;23;288
12;2025-12-07;0;83
12;2025-12-07;1;4
12;2025-12-07;2;0
12;2025-12-07;3;0
12;2025-12-07;4;3
12;2025-12-07;5;133
12;2025-12-07;6;515
12;2025-12-07;7;701
12;2025-12-07;8;716
12;2025-12-07;9;897
12;2025-12-07;10;1139
12;2025-12-07;11;1248
12;2025-12-07;12;1328
12;2025-12-07;13;1555
12;2025-12-07;14;1452
12;2025-12-07;15;1484
12;2025-12-07;16;1493
12;2025-12-07;17;1534
12;2025-12-07;18;1329
12;2025-12-07;19;999
12;2025-12-07;20;771
12;2025-12-07;21;588
12;2025-12-07;22;385
12;2025-12-07;23;191
12;2025-12-08;0;54
12;2025-12-08;1;2
12;2025-12-08;2;0
12;2025-12-08;3;0
12;2025-12-08;4;7
12;2025-12-08;5;318
12;2025-12-08;6;1426
12;2025-12-08;7;2700
12;2025-12-08;8;3624
12;2025-12-08;9;2537
12;2025-12-08;10;2053
12;2025-12-08;11;1925
12;2025-12-08;12;2036
12;2025-12-08;13;2045
12;2025-12-08;14;1946
12;2025-12-08;15;2193
12;2025-12-08;16;2680
12;2025-12-08;17;2991
12;2025-12-08;18;3191
12;2025-12-08;19;2389
12;2025-12-08;20;1546
12;2025-12-08;21;945
12;2025-12-08;22;475
12;2025-12-08;23;244
12;2025-12-09;0;54
12;2025-12-09;1;2
12;2025-12-09;2;0
12;2025-12-09;3;0
12;2025-12-09;4;7
12;2025-12-09;5;324
12;2025-12-09;6;1443
12;2025-12-09;7;2732
12;2025-12-09;8;3657
12;2025-12-09;9;2580
12;2025-12-09;10;2096
12;2025-12-09;11;1962
12;2025-12-09;12;2076
12;2025-12-09;13;2093
12;2025-12-09;14;1992
12;2025-12-09;15;2233
12;2025-12-09;16;2729
12;2025-12-09;17;3035
12;2025-12-09;18;3230
12;2025-12-09;19;2418
12;2025-12-09;20;1568
12;2025-12-09;21;964
12;2025-12-09;22;485
12;2025-12-09;23;250
12;2025-12-10;0;55
12;2025-12-10;1;2
12;2025-12-10;2;0
12;2025-12-10;3;0
12;2025-12-10;4;7
12;2025-12-10;5;326
12;2025-12-10;6;1450
12;2025-12-10;7;2772
12;2025-12-10;8;3716
12;2025-12-10;9;2614
12;2025-12-10;10;2119
12;2025-12-10;11;1997
12;2025-12-10;12;2099
12;2025-12-10;13;2113
12;2025-12-10;14;2017
12;2025-12-10;15;2267
12;2025-12-10;16;2768
12;2025-12-10;17;3076
12;2025-12-10;18;3282
12;2025-12-10;19;2471
12;2025-12-10;20;1600
12;2025-12-10;21;988
12;2025-12-10;22;497
12;2025-12-10;23;256
12;2025-12-11;0;52
12;2025-12-11;1;2
12;2025-12-11;2;0
12;2025-12-11;3;0
12;2025-12-11;4;7
12;2025-12-11;5;311
12;2025-12-11;6;1386
12;2025-12-11;7;2636
12;2025-12-11;8;3552
12;2025-12-11;9;2506
12;2025-12-11;10;2026
12;2025-12-11;11;1921
12;2025-12-11;12;2036
12;2025-12-11;13;2044
12;2025-12-11;14;1947
12;2025-12-11;15;2186
12;2025-12-11;16;2678
12;2025-12-11;17;2971
12;2025-12-11;18;3150
12;2025-12-11;19;2357
12;2025-12-11;20;1544
12;2025-12-11;21;957
12;2025-12-11;22;481
12;2025-12-11;23;249
12;2025-12-12;0;56
12;2025-12-12;1;1
12;2025-12-12;2;0
12;2025-12-12;3;0
12;2025-12-12;4;5
12;2025-12-12;5;332
12;2025-12-12;6;1412
12;2025-12-12;7;2709
12;2025-12-12;8;3339
12;2025-12-12;9;2491
12;2025-12-12;10;1890
12;2025-12-12;11;1900
12;2025-12-12;12;1942
12;2025-12-12;13;2183
12;2025-12-12;14;1964
12;2025-12-12;15;2197
12;2025-12-12;16;2912
12;2025-12-12;17;2906
12;2025-12-12;18;2554
12;2025-12-12;19;2102
12;2025-12-12;20;1351
12;2025-12-12;21;977
12;2025-12-12;22;494
12;2025-12-12;23;321
12;2025-12-13;0;68
12;2025-12-13;1;2
12;2025-12-13;2;0
12;2025-12-13;3;0
12;2025-12-13;4;1
12;2025-12-13;5;226
12;2025-12-13;6;790
12;2025-12-13;7;901
12;2025-12-13;8;1049
12;2025-12-13;9;1217
12;2025-12-13;10;1455
12;2025-12-13;11;1484
12;2025-12-13;12;1507
12;2025-12-13;13;1722
12;2025-12-13;14;1550
12;2025-12-13;15;1518
12;2025-12-13;16;1638
12;2025-12-13;17;1568
12;2025-12-13;18;1562
12;2025-12-13;19;1335
12;2025-12-13;20;933
12;2025-12-13;21;755
12;2025-12-13;22;390
12;2025-12-13;23;285
12;2025-12-14;0;82
12;2025-12-14;1;3
12;2025-12-14;2;0
12;2025-12-14;3;0
12;2025-12-14;4;3
12;2025-12-14;5;132
12;2025-12-14;6;512
12;2025-12-14;7;698
12;2025-12-14;8;713
12;2025-12-14;9;894
12;2025-12-14;10;1136
12;2025-12-14;11;1237
12;2025-12-14;12;1316
12;2025-12-14;13;1537
12;2025-12-14;14;1433
12;2025-12-14;15;1469
12;2025-12-14;16;1480
12;2025-12-14;17;1530
12;2025-12-14;18;1325
12;2025-12-14;19;1001
12;2025-12-14;20;773
12;2025-12-14;21;588
12;2025-12-14;22;386
12;2025-12-14;23;192
12;2025-12-15;0;54
12;2025-12-15;1;2
12;2025-12-15;2;0
12;2025-12-15;3;0
12;2025-12-15;4;7
12;2025-12-15;5;315
12;2025-12-15;6;1405
12;2025-12-15;7;2670
12;2025-12-15;8;3568
12;2025-12-15;9;2506
12;2025-12-15;10;2016
12;2025-12-15;11;1899
12;2025-12-15;12;2015
12;2025-12-15;13;2040
12;2025-12-15;14;1941
12;2025-12-15;15;2188
12;2025-12-15;16;2666
12;2025-12-15;17;2968
12;2025-12-15;18;3196
12;2025-12-15;19;2395
12;2025-12-15;20;1548
12;2025-12-15;21;946
12;2025-12-15;22;476
12;2025-12-15;23;244
12;2025-12-16;0;54
12;2025-12-16;1;2
12;2025-12-16;2;0
12;2025-12-16;3;0
12;2025-12-16;4;7
12;2025-12-16;5;323
12;2025-12-16;6;1441
12;2025-12-16;7;2732
12;2025-12-16;8;3675
12;2025-12-16;9;2592
12;2025-12-16;10;2113
12;2025-12-16;11;1986
12;2025-12-16;12;2067
12;2025-12-16;13;2083
12;2025-12-16;14;2001
12;2025-12-16;15;2249
12;2025-12-16;16;2766
12;2025-12-16;17;3075
12;2025-12-16;18;3300
12;2025-12-16;19;2463
12;2025-12-16;20;1597
12;2025-12-16;21;982
12;2025-12-16;22;495
12;2025-12-16;23;254
12;2025-12-17;0;53
12;2025-12-17;1;2
12;2025-12-17;2;0
12;2025-12-17;3;0
12;2025-12-17;4;7
12;2025-12-17;5;317
12;2025-12-17;6;1416
12;2025-12-17;7;2696
12;2025-12-17;8;3616
12;2025-12-17;9;2565
12;2025-12-17;10;2085
12;2025-12-17;11;1967
12;2025-12-17;12;2080
12;2025-12-17;13;2094
12;2025-12-17;14;1992
12;2025-12-17;15;2233
12;2025-12-17;16;2716
12;2025-12-17;17;3022
12;2025-12-17;18;3216
12;2025-12-17;19;2416
12;2025-12-17;20;1569
12;2025-12-17;21;969
12;2025-12-17;22;486
12;2025-12-17;23;250
12;2025-12-18;0;54
12;2025-12-18;1;2
12;2025-12-18;2;0
12;2025-12-18;3;0
12;2025-12-18;4;7
12;2025-12-18;5;322
12;2025-12-18;6;1436
12;2025-12-18;7;2721
12;2025-12-18;8;3651
12;2025-12-18;9;2566
12;2025-12-18;10;2090
12;2025-12-18;11;1964
12;2025-12-18;12;2070
12;2025-12-18;13;2083
12;2025-12-18;14;1984
12;2025-12-18;15;2226
12;2025-12-18;16;2716
12;2025-12-18;17;3033
12;2025-12-18;18;3236
12;2025-12-18;19;2425
12;2025-12-18;20;1577
12;2025-12-18;21;970
12;2025-12-18;22;487
12;2025-12-18;23;252
12;2025-12-19;0;57
12;2025-12-19;1;1
12;2025-12-19;2;0
12;2025-12-19;3;0
12;2025-12-19;4;5
12;2025-12-19;5;337
12;2025-12-19;6;1429
12;2025-12-19;7;2742
12;2025-12-19;8;3390
12;2025-12-19;9;2535
12;2025-12-19;10;1921
12;2025-12-19;11;1915
12;2025-12-19;12;1962
12;2025-12-19;13;2209
12;2025-12-19;14;2003
12;2025-12-19;15;2269
12;2025-12-19;16;2979
12;2025-12-19;17;2968
12;2025-12-19;18;2616
12;2025-12-19;19;2164
12;2025-12-19;20;1399
12;2025-12-19;21;1012
12;2025-12-19;22;508
12;2025-12-19;23;333
12;2025-12-20;0;68
12;2025-12-20;1;2
12;2025-12-20;2;0
12;2025-12-20;3;0
12;2025-12-20;4;2
12;2025-12-20;5;230
12;2025-12-20;6;796
12;2025-12-20;7;907
12;2025-12-20;8;1058
12;2025-12-20;9;1253
12;2025-12-20;10;1494
12;2025-12-20;11;1523
12;2025-12-20;12;1567
12;2025-12-20;13;1772
12;2025-12-20;14;1602
12;2025-12-20;15;1576
12;2025-12-20;16;1691
12;2025-12-20;17;1621
12;2025-12-20;18;1608
12;2025-12-20;19;1364
12;2025-12-20;20;943
12;2025-12-20;21;768
12;2025-12-20;22;390
12;2025-12-20;23;288
12;2025-12-21;0;82
12;2025-12-21;1;3
12;2025-12-21;2;0
12;2025-12-21;3;0
12;2025-12-21;4;3
12;2025-12-21;5;134
12;2025-12-21;6;519
12;2025-12-21;7;701
12;2025-12-21;8;718
12;2025-12-21;9;903
12;2025-12-21;10;1146
12;2025-12-21;11;1257
12;2025-12-21;12;1337
12;2025-12-21;13;1563
12;2025-12-21;14;1466
12;2025-12-21;15;1490
12;2025-12-21;16;1491
12;2025-12-21;17;1533
12;2025-12-21;18;1332
12;2025-12-21;19;1003
12;2025-12-21;20;774
12;2025-12-21;21;589
12;2025-12-21;22;387
12;2025-12-21;23;192
12;2025-12-22;0;55
12;2025-12-22;1;2
12;2025-12-22;2;0
12;2025-12-22;3;0
12;2025-12-22;4;7
12;2025-12-22;5;327
12;2025-12-22;6;1452
12;2025-12-22;7;2769
12;2025-12-22;8;3697
12;2025-12-22;9;2593
12;2025-12-22;10;2097
12;2025-12-22;11;1971
12;2025-12-22;12;2083
12;2025-12-22;13;2086
12;2025-12-22;14;1988
12;2025-12-22;15;2226
12;2025-12-22;16;2720
12;2025-12-22;17;3033
12;2025-12-22;18;3220
12;2025-12-22;19;2412
12;2025-12-22;20;1552
12;2025-12-22;21;955
12;2025-12-22;22;481
12;2025-12-22;23;247
12;2025-12-23;0;56
12;2025-12-23;1;2
12;2025-12-23;2;0
12;2025-12-23;3;0
12;2025-12-23;4;7
12;2025-12-23;5;327
12;2025-12-23;6;1459
12;2025-12-23;7;2761
12;2025-12-23;8;3694
12;2025-12-23;9;2598
12;2025-12-23;10;2096
12;2025-12-23;11;1965
12;2025-12-23;12;2073
12;2025-12-23;13;2086
12;2025-12-23;14;1979
12;2025-12-23;15;2216
12;2025-12-23;16;2705
12;2025-12-23;17;3021
12;2025-12-23;18;3204
12;2025-12-23;19;2405
12;2025-12-23;20;1566
12;2025-12-23;21;958
12;2025-12-23;22;483
12;2025-12-23;23;249
12;2025-12-24;0;55
12;2025-12-24;1;2
12;2025-12-24;2;0
12;2025-12-24;3;0
12;2025-12-24;4;7
12;2025-12-24;5;326
12;2025-12-24;6;1462
12;2025-12-24;7;2764
12;2025-12-24;8;3702
12;2025-12-24;9;2606
12;2025-12-24;10;2112
12;2025-12-24;11;1988
12;2025-12-24;12;2091
12;2025-12-24;13;2122
12;2025-12-24;14;2018
12;2025-12-24;15;2272
12;2025-12-24;16;2782
12;2025-12-24;17;3101
12;2025-12-24;18;3298
12;2025-12-24;19;2476
12;2025-12-24;20;1626
12;2025-12-24;21;1002
12;2025-12-24;22;506
12;2025-12-24;23;261
12;2025-12-25;0;56
12;2025-12-25;1;2
12;2025-12-25;2;0
12;2025-12-25;3;0
12;2025-12-25;4;7
12;2025-12-25;5;336
12;2025-12-25;6;1494
12;2025-12-25;7;2837
12;2025-12-25;8;3797
12;2025-12-25;9;2643
12;2025-12-25;10;2150
12;2025-12-25;11;2019
12;2025-12-25;12;2132
12;2025-12-25;13;2140
12;2025-12-25;14;2044
12;2025-12-25;15;2292
12;2025-12-25;16;2795
12;2025-12-25;17;3117
12;2025-12-25;18;3329
12;2025-12-25;19;2479
12;2025-12-25;20;1610
12;2025-12-25;21;984
12;2025-12-25;22;497
12;2025-12-25;23;256
12;2025-12-26;0;57
12;2025-12-26;1;1
12;2025-12-26;2;0
12;2025-12-26;3;0
12;2025-12-26;4;5
12;2025-12-26;5;341
12;2025-12-26;6;1454
12;2025-12-26;7;2769
12;2025-12-26;8;3444
12;2025-12-26;9;2584
12;2025-12-26;10;1971
12;2025-12-26;11;1969
12;2025-12-26;12;2015
12;2025-12-26;13;2282
12;2025-12-26;14;2080
12;2025-12-26;15;2357
12;2025-12-26;16;3084
12;2025-12-26;17;3060
12;2025-12-26;18;2688
12;2025-12-26;19;2235
12;2025-12-26;20;1440
12;2025-12-26;21;1043
12;2025-12-26;22;523
12;2025-12-26;23;342
12;2025-12-27;0;65
12;2025-12-27;1;2
12;2025-12-27;2;0
12;2025-12-27;3;0
12;2025-12-27;4;1
12;2025-12-27;5;221
12;2025-12-27;6;764
12;2025-12-27;7;868
12;2025-12-27;8;1015
12;2025-12-27;9;1213
12;2025-12-27;10;1452
12;2025-12-27;11;1485
12;2025-12-27;12;1532
12;2025-12-27;13;1731
12;2025-12-27;14;1549
12;2025-12-27;15;1517
12;2025-12-27;16;1641
12;2025-12-27;17;1560
12;2025-12-27;18;1555
12;2025-12-27;19;1321
12;2025-12-27;20;918
12;2025-12-27;21;743
12;2025-12-27;22;379
12;2025-12-27;23;280
12;2025-12-28;0;80
12;2025-12-28;1;3
12;2025-12-28;2;0
12;2025-12-28;3;0
12;2025-12-28;4;3
12;2025-12-28;5;129
12;2025-12-28;6;498
12;2025-12-28;7;676
12;2025-12-28;8;691
12;2025-12-28;9;871
12;2025-12-28;10;1113
12;2025-12-28;11;1219
12;2025-12-28;12;1296
12;2025-12-28;13;1516
12;2025-12-28;14;1424
12;2025-12-28;15;1441
12;2025-12-28;16;1447
12;2025-12-28;17;1509
12;2025-12-28;18;1305
12;2025-12-28;19;990
12;2025-12-28;20;762
12;2025-12-28;21;581
12;2025-12-28;22;383
12;2025-12-28;23;190
12;2025-12-29;0;49
12;2025-12-29;1;1
12;2025-12-29;2;0
12;2025-12-29;3;0
12;2025-12-29;4;6
12;2025-12-29;5;292
12;2025-12-29;6;1299
12;2025-12-29;7;2476
12;2025-12-29;8;3326
12;2025-12-29;9;2343
12;2025-12-29;10;1898
12;2025-12-29;11;1771
12;2025-12-29;12;1872
12;2025-12-29;13;1879
12;2025-12-29;14;1786
12;2025-12-29;15;2029
12;2025-12-29;16;2476
12;2025-12-29;17;2761
12;2025-12-29;18;2935
12;2025-12-29;19;2212
12;2025-12-29;20;1426
12;2025-12-29;21;873
12;2025-12-29;22;442
12;2025-12-29;23;228
12;2025-12-30;0;52
12;2025-12-30;1;2
12;2025-12-30;2;0
12;2025-12-30;3;0
12;2025-12-30;4;7
12;2025-12-30;5;307
12;2025-12-30;6;1369
12;2025-12-30;7;2602
12;2025-12-30;8;3487
12;2025-12-30;9;2449
12;2025-12-30;10;1982
12;2025-12-30;11;1863
12;2025-12-30;12;1960
12;2025-12-30;13;1990
12;2025-12-30;14;1900
12;2025-12-30;15;2127
12;2025-12-30;16;2613
12;2025-12-30;17;2904
12;2025-12-30;18;3072
12;2025-12-30;19;2316
12;2025-12-30;20;1505
12;2025-12-30;21;927
12;2025-12-30;22;468
12;2025-12-30;23;240
12;2025-12-31;0;88
12;2025-12-31;1;4
12;2025-12-31;2;0
12;2025-12-31;3;0
12;2025-12-31;4;3
12;2025-12-31;5;141
12;2025-12-31;6;550
12;2025-12-31;7;748
12;2025-12-31;8;764
12;2025-12-31;9;955
12;2025-12-31;10;1209
12;2025-12-31;11;1324
12;2025-12-31;12;1426
12;2025-12-31;13;1644
12;2025-12-31;14;1537
12;2025-12-31;15;1568
12;2025-12-31;16;1591
12;2025-12-31;17;1651
12;2025-12-31;18;1420
12;2025-12-31;19;1090
12;2025-12-31;20;844
12;2025-12-31;21;647
12;2025-12-31;22;418
12;2025-12-31;23;209
17;2025-11-01;0;103
17;2025-11-01;1;10
17;2025-11-01;2;0
17;2025-11-01;3;0
17;2025-11-01;4;21
17;2025-11-01;5;261
17;2025-11-01;6;1294
17;2025-11-01;7;3494
17;2025-11-01;8;4560
17;2025-11-01;9;3308
17;2025-11-01;10;2604
17;2025-11-01;11;2607
17;2025-11-01;12;2630
17;2025-11-01;13;2713
17;2025-11-01;14;2809
17;2025-11-01;15;2884
17;2025-11-01;16;3232
17;2025-11-01;17;3900
17;2025-11-01;18;4102
17;2025-11-01;19;2840
17;2025-11-01;20;2011
17;2025-11-01;21;1266
17;2025-11-01;22;613
17;2025-11-01;23;318
17;2025-11-02;0;185
17;2025-11-02;1;23
17;2025-11-02;2;0
17;2025-11-02;3;0
17;2025-11-02;4;3
17;2025-11-02;5;106
17;2025-11-02;6;434
17;2025-11-02;7;836
17;2025-11-02;8;1224
17;2025-11-02;9;1674
17;2025-11-02;10;1993
17;2025-11-02;11;2584
17;2025-11-02;12;2953
17;2025-11-02;13;3202
17;2025-11-02;14;3343
17;2025-11-02;15;3283
17;2025-11-02;16;3197
17;2025-11-02;17;3023
17;2025-11-02;18;2611
17;2025-11-02;19;2139
17;2025-11-02;20;1580
17;2025-11-02;21;1172
17;2025-11-02;22;718
17;2025-11-02;23;321
17;2025-11-03;0;184
17;2025-11-03;1;23
17;2025-11-03;2;0
17;2025-11-03;3;0
17;2025-11-03;4;3
17;2025-11-03;5;106
17;2025-11-03;6;430
17;2025-11-03;7;834
17;2025-11-03;8;1221
17;2025-11-03;9;1633
17;2025-11-03;10;1925
17;2025-11-03;11;2418
17;2025-11-03;12;2689
17;2025-11-03;13;3085
17;2025-11-03;14;3178
17;2025-11-03;15;3150
17;2025-11-03;16;3078
17;2025-11-03;17;2925
17;2025-11-03;18;2627
17;2025-11-03;19;2182
17;2025-11-03;20;1595
17;2025-11-03;21;1180
17;2025-11-03;22;723
17;2025-11-03;23;328
17;2025-11-04;0;181
17;2025-11-04;1;23
17;2025-11-04;2;0
17;2025-11-04;3;0
17;2025-11-04;4;3
17;2025-11-04;5;99
17;2025-11-04;6;412
17;2025-11-04;7;801
17;2025-11-04;8;1168
17;2025-11-04;9;1517
17;2025-11-04;10;1878
17;2025-11-04;11;2274
17;2025-11-04;12;2555
17;2025-11-04;13;2775
17;2025-11-04;14;2959
17;2025-11-04;15;3125
17;2025-11-04;16;3038
17;2025-11-04;17;2854
17;2025-11-04;18;2556
17;2025-11-04;19;2129
17;2025-11-04;20;1569
17;2025-11-04;21;1158
17;2025-11-04;22;715
17;2025-11-04;23;323
17;2025-11-05;0;120
17;2025-11-05;1;12
17;2025-11-05;2;0
17;2025-11-05;3;0
17;2025-11-05;4;25
17;2025-11-05;5;309
17;2025-11-05;6;1520
17;2025-11-05;7;4133
17;2025-11-05;8;5363
17;2025-11-05;9;3827
17;2025-11-05;10;2994
17;2025-11-05;11;3000
17;2025-11-05;12;3018
17;2025-11-05;13;3079
17;2025-11-05;14;3186
17;2025-11-05;15;3248
17;2025-11-05;16;3689
17;2025-11-05;17;4506
17;2025-11-05;18;4823
17;2025-11-05;19;3298
17;2025-11-05;20;2338
17;2025-11-05;21;1463
17;2025-11-05;22;705
17;2025-11-05;23;364
17;2025-11-06;0;120
17;2025-11-06;1;12
17;2025-11-06;2;0
17;2025-11-06;3;0
17;2025-11-06;4;25
17;2025-11-06;5;311
17;2025-11-06;6;1536
17;2025-11-06;7;4183
17;2025-11-06;8;5408
17;2025-11-06;9;3845
17;2025-11-06;10;2991
17;2025-11-06;11;2967
17;2025-11-06;12;2997
17;2025-11-06;13;3057
17;2025-11-06;14;3172
17;2025-11-06;15;3230
17;2025-11-06;16;3671
17;2025-11-06;17;4484
17;2025-11-06;18;4817
17;2025-11-06;19;3282
17;2025-11-06;20;2321
17;2025-11-06;21;1457
17;2025-11-06;22;704
17;2025-11-06;23;367
17;2025-11-07;0;142
17;2025-11-07;1;17
17;2025-11-07;2;0
17;2025-11-07;3;0
17;2025-11-07;4;25
17;2025-11-07;5;315
17;2025-11-07;6;1527
17;2025-11-07;7;4122
17;2025-11-07;8;5255
17;2025-11-07;9;3781
17;2025-11-07;10;2997
17;2025-11-07;11;3049
17;2025-11-07;12;3021
17;2025-11-07;13;3114
17;2025-11-07;14;3182
17;2025-11-07;15;3473
17;2025-11-07;16;4195
17;2025-11-07;17;4749
17;2025-11-07;18;4388
17;2025-11-07;19;3276
17;2025-11-07;20;2400
17;2025-11-07;21;1617
17;2025-11-07;22;787
17;2025-11-07;23;481
17;2025-11-08;0;194
17;2025-11-08;1;27
17;2025-11-08;2;0
17;2025-11-08;3;0
17;2025-11-08;4;5
17;2025-11-08;5;134
17;2025-11-08;6;567
17;2025-11-08;7;1232
17;2025-11-08;8;1723
17;2025-11-08;9;2179
17;2025-11-08;10;2427
17;2025-11-08;11;2900
17;2025-11-08;12;3201
17;2025-11-08;13;3479
17;2025-11-08;14;3520
17;2025-11-08;15;3522
17;2025-11-08;16;3531
17;2025-11-08;17;3252
17;2025-11-08;18;2967
17;2025-11-08;19;2370
17;2025-11-08;20;1861
17;2025-11-08;21;1345
17;2025-11-08;22;813
17;2025-11-08;23;448
17;2025-11-09;0;185
17;2025-11-09;1;23
17;2025-11-09;2;0
17;2025-11-09;3;0
17;2025-11-09;4;3
17;2025-11-09;5;106
17;2025-11-09;6;433
17;2025-11-09;7;839
17;2025-11-09;8;1228
17;2025-11-09;9;1671
17;2025-11-09;10;1964
17;2025-11-09;11;2528
17;2025-11-09;12;2824
17;2025-11-09;13;3043
17;2025-11-09;14;3204
17;2025-11-09;15;3157
17;2025-11-09;16;3054
17;2025-11-09;17;2880
17;2025-11-09;18;2548
17;2025-11-09;19;2054
17;2025-11-09;20;1502
17;2025-11-09;21;1118
17;2025-11-09;22;689
17;2025-11-09;23;312
17;2025-11-10;0;122
17;2025-11-10;1;12
17;2025-11-10;2;0
17;2025-11-10;3;0
17;2025-11-10;4;26
17;2025-11-10;5;315
17;2025-11-10;6;1551
17;2025-11-10;7;4200
17;2025-11-10;8;5435
17;2025-11-10;9;3855
17;2025-11-10;10;2983
17;2025-11-10;11;2981
17;2025-11-10;12;3010
17;2025-11-10;13;3064
17;2025-11-10;14;3168
17;2025-11-10;15;3260
17;2025-11-10;16;3700
17;2025-11-10;17;4509
17;2025-11-10;18;4849
17;2025-11-10;19;3293
17;2025-11-10;20;2301
17;2025-11-10;21;1434
17;2025-11-10;22;691
17;2025-11-10;23;358
17;2025-11-11;0;121
17;2025-11-11;1;12
17;2025-11-11;2;0
17;2025-11-11;3;0
17;2025-11-11;4;26
17;2025-11-11;5;315
17;2025-11-11;6;1553
17;2025-11-11;7;4211
17;2025-11-11;8;5450
17;2025-11-11;9;3887
17;2025-11-11;10;3041
17;2025-11-11;11;3026
17;2025-11-11;12;3045
17;2025-11-11;13;3089
17;2025-11-11;14;3188
17;2025-11-11;15;3254
17;2025-11-11;16;3683
17;2025-11-11;17;4505
17;2025-11-11;18;4849
17;2025-11-11;19;3312
17;2025-11-11;20;2334
17;2025-11-11;21;1456
17;2025-11-11;22;703
17;2025-11-11;23;362
17;2025-11-12;0;121
17;2025-11-12;1;12
17;2025-11-12;2;0
17;2025-11-12;3;0
17;2025-11-12;4;26
17;2025-11-12;5;313
17;2025-11-12;6;1546
17;2025-11-12;7;4188
17;2025-11-12;8;5425
17;2025-11-12;9;3866
17;2025-11-12;10;3014
17;2025-11-12;11;2967
17;2025-11-12;12;2994
17;2025-11-12;13;3078
17;2025-11-12;14;3178
17;2025-11-12;15;3256
17;2025-11-12;16;3684
17;2025-11-12;17;4509
17;2025-11-12;18;4837
17;2025-11-12;19;3293
17;2025-11-12;20;2320
17;2025-11-12;21;1456
17;2025-11-12;22;705
17;2025-11-12;23;365
17;2025-11-13;0;121
17;2025-11-13;1;12
17;2025-11-13;2;0
17;2025-11-13;3;0
17;2025-11-13;4;26
17;2025-11-13;5;313
17;2025-11-13;6;1542
17;2025-11-13;7;4186
17;2025-11-13;8;5392
17;2025-11-13;9;3851
17;2025-11-13;10;3033
17;2025-11-13;11;3006
17;2025-11-13;12;3036
17;2025-11-13;13;3100
17;2025-11-13;14;3222
17;2025-11-13;15;3281
17;2025-11-13;16;3719
17;2025-11-13;17;4530
17;2025-11-13;18;4874
17;2025-11-13;19;3292
17;2025-11-13;20;2316
17;2025-11-13;21;1446
17;2025-11-13;22;699
17;2025-11-13;23;364
17;2025-11-14;0;144
17;2025-11-14;1;18
17;2025-11-14;2;0
17;2025-11-14;3;0
17;2025-11-14;4;25
17;2025-11-14;5;314
17;2025-11-14;6;1520
17;2025-11-14;7;4112
17;2025-11-14;8;5238
17;2025-11-14;9;3780
17;2025-11-14;10;2988
17;2025-11-14;11;3057
17;2025-11-14;12;3029
17;2025-11-14;13;3118
17;2025-11-14;14;3197
17;2025-11-14;15;3488
17;2025-11-14;16;4216
17;2025-11-14;17;4768
17;2025-11-14;18;4419
17;2025-11-14;19;3300
17;2025-11-14;20;2420
17;2025-11-14;21;1629
17;2025-11-14;22;791
17;2025-11-14;23;484
17;2025-11-15;0;205
17;2025-11-15;1;28
17;2025-11-15;2;0
17;2025-11-15;3;0
17;2025-11-15;4;5
17;2025-11-15;5;135
17;2025-11-15;6;568
17;2025-11-15;7;1230
17;2025-11-15;8;1748
17;2025-11-15;9;2203
17;2025-11-15;10;2452
17;2025-11-15;11;2918
17;2025-11-15;12;3291
17;2025-11-15;13;3655
17;2025-11-15;14;3666
17;2025-11-15;15;3759
17;2025-11-15;16;3756
17;2025-11-15;17;3494
17;2025-11-15;18;3179
17;2025-11-15;19;2534
17;2025-11-15;20;1971
17;2025-11-15;21;1408
17;2025-11-15;22;856
17;2025-11-15;23;474
17;2025-11-16;0;181
17;2025-11-16;1;23
17;2025-11-16;2;0
17;2025-11-16;3;0
17;2025-11-16;4;3
17;2025-11-16;5;105
17;2025-11-16;6;424
17;2025-11-16;7;820
17;2025-11-16;8;1203
17;2025-11-16;9;1643
17;2025-11-16;10;1935
17;2025-11-16;11;2488
17;2025-11-16;12;2806
17;2025-11-16;13;3039
17;2025-11-16;14;3167
17;2025-11-16;15;3179
17;2025-11-16;16;3050
17;2025-11-16;17;2881
17;2025-11-16;18;2545
17;2025-11-16;19;2055
17;2025-11-16;20;1520
17;2025-11-16;21;1125
17;2025-11-16;22;691
17;2025-11-16;23;313
17;2025-11-17;0;117
17;2025-11-17;1;12
17;2025-11-17;2;0
17;2025-11-17;3;0
17;2025-11-17;4;25
17;2025-11-17;5;304
17;2025-11-17;6;1496
17;2025-11-17;7;4057
17;2025-11-17;8;5246
17;2025-11-17;9;3739
17;2025-11-17;10;2891
17;2025-11-17;11;2876
17;2025-11-17;12;2895
17;2025-11-17;13;2916
17;2025-11-17;14;3016
17;2025-11-17;15;3151
17;2025-11-17;16;3591
17;2025-11-17;17;4386
17;2025-11-17;18;4825
17;2025-11-17;19;3279
17;2025-11-17;20;2299
17;2025-11-17;21;1431
17;2025-11-17;22;692
17;2025-11-17;23;359
17;2025-11-18;0;116
17;2025-11-18;1;12
17;2025-11-18;2;0
17;2025-11-18;3;0
17;2025-11-18;4;24
17;2025-11-18;5;300
17;2025-11-18;6;1498
17;2025-11-18;7;4114
17;2025-11-18;8;5313
17;2025-11-18;9;3787
17;2025-11-18;10;2917
17;2025-11-18;11;2900
17;2025-11-18;12;2931
17;2025-11-18;13;2963
17;2025-11-18;14;3087
17;2025-11-18;15;3164
17;2025-11-18;16;3588
17;2025-11-18;17;4369
17;2025-11-18;18;4661
17;2025-11-18;19;3155
17;2025-11-18;20;2215
17;2025-11-18;21;1375
17;2025-11-18;22;668
17;2025-11-18;23;343
17;2025-11-19;0;121
17;2025-11-19;1;12
17;2025-11-19;2;0
17;2025-11-19;3;0
17;2025-11-19;4;26
17;2025-11-19;5;314
17;2025-11-19;6;1551
17;2025-11-19;7;4211
17;2025-11-19;8;5453
17;2025-11-19;9;3901
17;2025-11-19;10;3051
17;2025-11-19;11;3031
17;2025-11-19;12;3068
17;2025-11-19;13;3119
17;2025-11-19;14;3235
17;2025-11-19;15;3296
17;2025-11-19;16;3741
17;2025-11-19;17;4553
17;2025-11-19;18;4895
17;2025-11-19;19;3335
17;2025-11-19;20;2348
17;2025-11-19;21;1473
17;2025-11-19;22;713
17;2025-11-19;23;367
17;2025-11-20;0;122
17;2025-11-20;1;12
17;2025-11-20;2;0
17;2025-11-20;3;0
17;2025-11-20;4;26
17;2025-11-20;5;316
17;2025-11-20;6;1555
17;2025-11-20;7;4220
17;2025-11-20;8;5467
17;2025-11-20;9;3918
17;2025-11-20;10;3070
17;2025-11-20;11;3050
17;2025-11-20;12;3090
17;2025-11-20;13;3152
17;2025-11-20;14;3250
17;2025-11-20;15;3321
17;2025-11-20;16;3762
17;2025-11-20;17;4565
17;2025-11-20;18;4922
17;2025-11-20;19;3329
17;2025-11-20;20;2342
17;2025-11-20;21;1462
17;2025-11-20;22;707
17;2025-11-20;23;366
17;2025-11-21;0;147
17;2025-11-21;1;18
17;2025-11-21;2;0
17;2025-11-21;3;0
17;2025-11-21;4;25
17;2025-11-21;5;321
17;2025-11-21;6;1555
17;2025-11-21;7;4199
17;2025-11-21;8;5361
17;2025-11-21;9;3843
17;2025-11-21;10;3044
17;2025-11-21;11;3108
17;2025-11-21;12;3078
17;2025-11-21;13;3169
17;2025-11-21;14;3234
17;2025-11-21;15;3549
17;2025-11-21;16;4296
17;2025-11-21;17;4870
17;2025-11-21;18;4520
17;2025-11-21;19;3352
17;2025-11-21;20;2446
17;2025-11-21;21;1644
17;2025-11-21;22;797
17;2025-11-21;23;487
17;2025-11-22;0;198
17;2025-11-22;1;27
17;2025-11-22;2;0
17;2025-11-22;3;0
17;2025-11-22;4;5
17;2025-11-22;5;134
17;2025-11-22;6;544
17;2025-11-22;7;1178
17;2025-11-22;8;1688
17;2025-11-22;9;2227
17;2025-11-22;10;2504
17;2025-11-22;11;2991
17;2025-11-22;12;3303
17;2025-11-22;13;3563
17;2025-11-22;14;3570
17;2025-11-22;15;3581
17;2025-11-22;16;3598
17;2025-11-22;17;3316
17;2025-11-22;18;2995
17;2025-11-22;19;2371
17;2025-11-22;20;1856
17;2025-11-22;21;1338
17;2025-11-22;22;810
17;2025-11-22;23;440
17;2025-11-23;0;183
17;2025-11-23;1;23
17;2025-11-23;2;0
17;2025-11-23;3;0
17;2025-11-23;4;3
17;2025-11-23;5;107
17;2025-11-23;6;433
17;2025-11-23;7;832
17;2025-11-23;8;1225
17;2025-11-23;9;1677
17;2025-11-23;10;1976
17;2025-11-23;11;2546
17;2025-11-23;12;2896
17;2025-11-23;13;3157
17;2025-11-23;14;3276
17;2025-11-23;15;3219
17;2025-11-23;16;3141
17;2025-11-23;17;2974
17;2025-11-23;18;2633
17;2025-11-23;19;2109
17;2025-11-23;20;1533
17;2025-11-23;21;1120
17;2025-11-23;22;691
17;2025-11-23;23;312
17;2025-11-24;0;115
17;2025-11-24;1;12
17;2025-11-24;2;0
17;2025-11-24;3;0
17;2025-11-24;4;24
17;2025-11-24;5;292
17;2025-11-24;6;1455
17;2025-11-24;7;3949
17;2025-11-24;8;5100
17;2025-11-24;9;3555
17;2025-11-24;10;2862
17;2025-11-24;11;2842
17;2025-11-24;12;2842
17;2025-11-24;13;2893
17;2025-11-24;14;3017
17;2025-11-24;15;3105
17;2025-11-24;16;3562
17;2025-11-24;17;4308
17;2025-11-24;18;4648
17;2025-11-24;19;3142
17;2025-11-24;20;2189
17;2025-11-24;21;1364
17;2025-11-24;22;658
17;2025-11-24;23;341
17;2025-11-25;0;122
17;2025-11-25;1;12
17;2025-11-25;2;0
17;2025-11-25;3;0
17;2025-11-25;4;26
17;2025-11-25;5;315
17;2025-11-25;6;1552
17;2025-11-25;7;4219
17;2025-11-25;8;5447
17;2025-11-25;9;3890
17;2025-11-25;10;3038
17;2025-11-25;11;3019
17;2025-11-25;12;3056
17;2025-11-25;13;3115
17;2025-11-25;14;3221
17;2025-11-25;15;3298
17;2025-11-25;16;3735
17;2025-11-25;17;4542
17;2025-11-25;18;4890
17;2025-11-25;19;3327
17;2025-11-25;20;2341
17;2025-11-25;21;1460
17;2025-11-25;22;707
17;2025-11-25;23;363
17;2025-11-26;0;121
17;2025-11-26;1;12
17;2025-11-26;2;0
17;2025-11-26;3;0
17;2025-11-26;4;25
17;2025-11-26;5;310
17;2025-11-26;6;1525
17;2025-11-26;7;4151
17;2025-11-26;8;5457
17;2025-11-26;9;3855
17;2025-11-26;10;3014
17;2025-11-26;11;2995
17;2025-11-26;12;3014
17;2025-11-26;13;3040
17;2025-11-26;14;3192
17;2025-11-26;15;3253
17;2025-11-26;16;3645
17;2025-11-26;17;4493
17;2025-11-26;18;4848
17;2025-11-26;19;3301
17;2025-11-26;20;2331
17;2025-11-26;21;1459
17;2025-11-26;22;706
17;2025-11-26;23;365
17;2025-11-27;0;118
17;2025-11-27;1;12
17;2025-11-27;2;0
17;2025-11-27;3;0
17;2025-11-27;4;25
17;2025-11-27;5;308
17;2025-11-27;6;1519
17;2025-11-27;7;4134
17;2025-11-27;8;5359
17;2025-11-27;9;3817
17;2025-11-27;10;2986
17;2025-11-27;11;2973
17;2025-11-27;12;2972
17;2025-11-27;13;3048
17;2025-11-27;14;3178
17;2025-11-27;15;3244
17;2025-11-27;16;3678
17;2025-11-27;17;4421
17;2025-11-27;18;4793
17;2025-11-27;19;3274
17;2025-11-27;20;2298
17;2025-11-27;21;1443
17;2025-11-27;22;696
17;2025-11-27;23;355
17;2025-11-28;0;142
17;2025-11-28;1;17
17;2025-11-28;2;0
17;2025-11-28;3;0
17;2025-11-28;4;25
17;2025-11-28;5;315
17;2025-11-28;6;1531
17;2025-11-28;7;4087
17;2025-11-28;8;5267
17;2025-11-28;9;3786
17;2025-11-28;10;3008
17;2025-11-28;11;3061
17;2025-11-28;12;3029
17;2025-11-28;13;3121
17;2025-11-28;14;3189
17;2025-11-28;15;3477
17;2025-11-28;16;4202
17;2025-11-28;17;4742
17;2025-11-28;18;4371
17;2025-11-28;19;3239
17;2025-11-28;20;2361
17;2025-11-28;21;1583
17;2025-11-28;22;768
17;2025-11-28;23;473
17;2025-11-29;0;201
17;2025-11-29;1;28
17;2025-11-29;2;0
17;2025-11-29;3;0
17;2025-11-29;4;5
17;2025-11-29;5;136
17;2025-11-29;6;573
17;2025-11-29;7;1240
17;2025-11-29;8;1772
17;2025-11-29;9;2249
17;2025-11-29;10;2520
17;2025-11-29;11;2994
17;2025-11-29;12;3328
17;2025-11-29;13;3580
17;2025-11-29;14;3586
17;2025-11-29;15;3607
17;2025-11-29;16;3627
17;2025-11-29;17;3332
17;2025-11-29;18;3019
17;2025-11-29;19;2404
17;2025-11-29;20;1879
17;2025-11-29;21;1347
17;2025-11-29;22;814
17;2025-11-29;23;449
17;2025-11-30;0;182
17;2025-11-30;1;23
17;2025-11-30;2;0
17;2025-11-30;3;0
17;2025-11-30;4;3
17;2025-11-30;5;105
17;2025-11-30;6;426
17;2025-11-30;7;825
17;2025-11-30;8;1210
17;2025-11-30;9;1656
17;2025-11-30;10;1957
17;2025-11-30;11;2519
17;2025-11-30;12;2869
17;2025-11-30;13;3104
17;2025-11-30;14;3152
17;2025-11-30;15;3021
17;2025-11-30;16;3033
17;2025-11-30;17;2857
17;2025-11-30;18;2606
17;2025-11-30;19;2094
17;2025-11-30;20;1535
17;2025-11-30;21;1123
17;2025-11-30;22;693
17;2025-11-30;23;312
17;2025-12-01;0;120
17;2025-12-01;1;12
17;2025-12-01;2;0
17;2025-12-01;3;0
17;2025-12-01;4;25
17;2025-12-01;5;310
17;2025-12-01;6;1522
17;2025-12-01;7;4129
17;2025-12-01;8;5353
17;2025-12-01;9;3804
17;2025-12-01;10;2944
17;2025-12-01;11;2931
17;2025-12-01;12;2955
17;2025-12-01;13;3010
17;2025-12-01;14;3113
17;2025-12-01;15;3198
17;2025-12-01;16;3635
17;2025-12-01;17;4436
17;2025-12-01;18;4786
17;2025-12-01;19;3246
17;2025-12-01;20;2274
17;2025-12-01;21;1410
17;2025-12-01;22;679
17;2025-12-01;23;351
17;2025-12-02;0;120
17;2025-12-02;1;12
17;2025-12-02;2;0
17;2025-12-02;3;0
17;2025-12-02;4;25
17;2025-12-02;5;310
17;2025-12-02;6;1527
17;2025-12-02;7;4140
17;2025-12-02;8;5363
17;2025-12-02;9;3831
17;2025-12-02;10;3000
17;2025-12-02;11;2984
17;2025-12-02;12;3014
17;2025-12-02;13;3066
17;2025-12-02;14;3174
17;2025-12-02;15;3238
17;2025-12-02;16;3678
17;2025-12-02;17;4482
17;2025-12-02;18;4802
17;2025-12-02;19;3261
17;2025-12-02;20;2294
17;2025-12-02;21;1431
17;2025-12-02;22;692
17;2025-12-02;23;356
17;2025-12-03;0;119
17;2025-12-03;1;12
17;2025-12-03;2;0
17;2025-12-03;3;0
17;2025-12-03;4;25
17;2025-12-03;5;310
17;2025-12-03;6;1525
17;2025-12-03;7;4136
17;2025-12-03;8;5343
17;2025-12-03;9;3816
17;2025-12-03;10;2994
17;2025-12-03;11;2972
17;2025-12-03;12;3004
17;2025-12-03;13;3063
17;2025-12-03;14;3176
17;2025-12-03;15;3231
17;2025-12-03;16;3670
17;2025-12-03;17;4469
17;2025-12-03;18;4784
17;2025-12-03;19;3258
17;2025-12-03;20;2293
17;2025-12-03;21;1439
17;2025-12-03;22;693
17;2025-12-03;23;359
17;2025-12-04;0;119
17;2025-12-04;1;12
17;2025-12-04;2;0
17;2025-12-04;3;0
17;2025-12-04;4;25
17;2025-12-04;5;309
17;2025-12-04;6;1525
17;2025-12-04;7;4150
17;2025-12-04;8;5363
17;2025-12-04;9;3828
17;2025-12-04;10;3008
17;2025-12-04;11;2979
17;2025-12-04;12;3008
17;2025-12-04;13;3076
17;2025-12-04;14;3186
17;2025-12-04;15;3253
17;2025-12-04;16;3690
17;2025-12-04;17;4490
17;2025-12-04;18;4806
17;2025-12-04;19;3265
17;2025-12-04;20;2296
17;2025-12-04;21;1443
17;2025-12-04;22;696
17;2025-12-04;23;360
17;2025-12-05;0;143
17;2025-12-05;1;18
17;2025-12-05;2;0
17;2025-12-05;3;0
17;2025-12-05;4;24
17;2025-12-05;5;313
17;2025-12-05;6;1519
17;2025-12-05;7;4094
17;2025-12-05;8;5231
17;2025-12-05;9;3767
17;2025-12-05;10;2991
17;2025-12-05;11;3050
17;2025-12-05;12;3026
17;2025-12-05;13;3119
17;2025-12-05;14;3186
17;2025-12-05;15;3478
17;2025-12-05;16;4202
17;2025-12-05;17;4769
17;2025-12-05;18;4390
17;2025-12-05;19;3253
17;2025-12-05;20;2384
17;2025-12-05;21;1599
17;2025-12-05;22;774
17;2025-12-05;23;472
17;2025-12-06;0;195
17;2025-12-06;1;27
17;2025-12-06;2;0
17;2025-12-06;3;0
17;2025-12-06;4;5
17;2025-12-06;5;132
17;2025-12-06;6;555
17;2025-12-06;7;1213
17;2025-12-06;8;1727
17;2025-12-06;9;2186
17;2025-12-06;10;2453
17;2025-12-06;11;2932
17;2025-12-06;12;3251
17;2025-12-06;13;3517
17;2025-12-06;14;3528
17;2025-12-06;15;3534
17;2025-12-06;16;3553
17;2025-12-06;17;3275
17;2025-12-06;18;2961
17;2025-12-06;19;2355
17;2025-12-06;20;1845
17;2025-12-06;21;1321
17;2025-12-06;22;801
17;2025-12-06;23;441
17;2025-12-07;0;181
17;2025-12-07;1;23
17;2025-12-07;2;0
17;2025-12-07;3;0
17;2025-12-07;4;3
17;2025-12-07;5;104
17;2025-12-07;6;421
17;2025-12-07;7;814
17;2025-12-07;8;1194
17;2025-12-07;9;1630
17;2025-12-07;10;1929
17;2025-12-07;11;2483
17;2025-12-07;12;2825
17;2025-12-07;13;3066
17;2025-12-07;14;3181
17;2025-12-07;15;3142
17;2025-12-07;16;3069
17;2025-12-07;17;2901
17;2025-12-07;18;2553
17;2025-12-07;19;2061
17;2025-12-07;20;1505
17;2025-12-07;21;1108
17;2025-12-07;22;682
17;2025-12-07;23;309
17;2025-12-08;0;119
17;2025-12-08;1;12
17;2025-12-08;2;0
17;2025-12-08;3;0
17;2025-12-08;4;25
17;2025-12-08;5;307
17;2025-12-08;6;1523
17;2025-12-08;7;4132
17;2025-12-08;8;5349
17;2025-12-08;9;3805
17;2025-12-08;10;2952
17;2025-12-08;11;2927
17;2025-12-08;12;2960
17;2025-12-08;13;3008
17;2025-12-08;14;3109
17;2025-12-08;15;3202
17;2025-12-08;16;3640
17;2025-12-08;17;4448
17;2025-12-08;18;4797
17;2025-12-08;19;3253
17;2025-12-08;20;2276
17;2025-12-08;21;1415
17;2025-12-08;22;681
17;2025-12-08;23;353
17;2025-12-09;0;120
17;2025-12-09;1;12
17;2025-12-09;2;0
17;2025-12-09;3;0
17;2025-12-09;4;25
17;2025-12-09;5;310
17;2025-12-09;6;1526
17;2025-12-09;7;4136
17;2025-12-09;8;5339
17;2025-12-09;9;3817
17;2025-12-09;10;2979
17;2025-12-09;11;2952
17;2025-12-09;12;2999
17;2025-12-09;13;3049
17;2025-12-09;14;3156
17;2025-12-09;15;3228
17;2025-12-09;16;3660
17;2025-12-09;17;4468
17;2025-12-09;18;4813
17;2025-12-09;19;3262
17;2025-12-09;20;2289
17;2025-12-09;21;1428
17;2025-12-09;22;692
17;2025-12-09;23;355
17;2025-12-10;0;119
17;2025-12-10;1;12
17;2025-12-10;2;0
17;2025-12-10;3;0
17;2025-12-10;4;26
17;2025-12-10;5;312
17;2025-12-10;6;1534
17;2025-12-10;7;4166
17;2025-12-10;8;5406
17;2025-12-10;9;3851
17;2025-12-10;10;3012
17;2025-12-10;11;2987
17;2025-12-10;12;3027
17;2025-12-10;13;3081
17;2025-12-10;14;3188
17;2025-12-10;15;3263
17;2025-12-10;16;3709
17;2025-12-10;17;4509
17;2025-12-10;18;4870
17;2025-12-10;19;3322
17;2025-12-10;20;2337
17;2025-12-10;21;1465
17;2025-12-10;22;708
17;2025-12-10;23;366
17;2025-12-11;0;115
17;2025-12-11;1;12
17;2025-12-11;2;0
17;2025-12-11;3;0
17;2025-12-11;4;24
17;2025-12-11;5;298
17;2025-12-11;6;1467
17;2025-12-11;7;3980
17;2025-12-11;8;5170
17;2025-12-11;9;3660
17;2025-12-11;10;2848
17;2025-12-11;11;2858
17;2025-12-11;12;2918
17;2025-12-11;13;2976
17;2025-12-11;14;3096
17;2025-12-11;15;3172
17;2025-12-11;16;3605
17;2025-12-11;17;4325
17;2025-12-11;18;4648
17;2025-12-11;19;3164
17;2025-12-11;20;2246
17;2025-12-11;21;1417
17;2025-12-11;22;684
17;2025-12-11;23;355
17;2025-12-12;0;143
17;2025-12-12;1;17
17;2025-12-12;2;0
17;2025-12-12;3;0
17;2025-12-12;4;24
17;2025-12-12;5;311
17;2025-12-12;6;1508
17;2025-12-12;7;4077
17;2025-12-12;8;5200
17;2025-12-12;9;3743
17;2025-12-12;10;2965
17;2025-12-12;11;3033
17;2025-12-12;12;2976
17;2025-12-12;13;3039
17;2025-12-12;14;3064
17;2025-12-12;15;3334
17;2025-12-12;16;4035
17;2025-12-12;17;4571
17;2025-12-12;18;4264
17;2025-12-12;19;3168
17;2025-12-12;20;2291
17;2025-12-12;21;1535
17;2025-12-12;22;754
17;2025-12-12;23;458
17;2025-12-13;0;191
17;2025-12-13;1;27
17;2025-12-13;2;0
17;2025-12-13;3;0
17;2025-12-13;4;5
17;2025-12-13;5;128
17;2025-12-13;6;551
17;2025-12-13;7;1195
17;2025-12-13;8;1703
17;2025-12-13;9;2125
17;2025-12-13;10;2378
17;2025-12-13;11;2841
17;2025-12-13;12;3093
17;2025-12-13;13;3392
17;2025-12-13;14;3389
17;2025-12-13;15;3399
17;2025-12-13;16;3426
17;2025-12-13;17;3151
17;2025-12-13;18;2873
17;2025-12-13;19;2322
17;2025-12-13;20;1828
17;2025-12-13;21;1310
17;2025-12-13;22;804
17;2025-12-13;23;437
17;2025-12-14;0;178
17;2025-12-14;1;23
17;2025-12-14;2;0
17;2025-12-14;3;0
17;2025-12-14;4;3
17;2025-12-14;5;103
17;2025-12-14;6;420
17;2025-12-14;7;813
17;2025-12-14;8;1193
17;2025-12-14;9;1642
17;2025-12-14;10;1938
17;2025-12-14;11;2478
17;2025-12-14;12;2816
17;2025-12-14;13;3069
17;2025-12-14;14;3189
17;2025-12-14;15;3157
17;2025-12-14;16;3082
17;2025-12-14;17;2922
17;2025-12-14;18;2573
17;2025-12-14;19;2089
17;2025-12-14;20;1530
17;2025-12-14;21;1126
17;2025-12-14;22;693
17;2025-12-14;23;314
17;2025-12-15;0;120
17;2025-12-15;1;12
17;2025-12-15;2;0
17;2025-12-15;3;0
17;2025-12-15;4;25
17;2025-12-15;5;310
17;2025-12-15;6;1518
17;2025-12-15;7;4131
17;2025-12-15;8;5345
17;2025-12-15;9;3813
17;2025-12-15;10;2952
17;2025-12-15;11;2925
17;2025-12-15;12;2954
17;2025-12-15;13;3015
17;2025-12-15;14;3118
17;2025-12-15;15;3208
17;2025-12-15;16;3634
17;2025-12-15;17;4434
17;2025-12-15;18;4815
17;2025-12-15;19;3275
17;2025-12-15;20;2296
17;2025-12-15;21;1426
17;2025-12-15;22;688
17;2025-12-15;23;356
17;2025-12-16;0;119
17;2025-12-16;1;12
17;2025-12-16;2;0
17;2025-12-16;3;0
17;2025-12-16;4;25
17;2025-12-16;5;310
17;2025-12-16;6;1528
17;2025-12-16;7;4142
17;2025-12-16;8;5366
17;2025-12-16;9;3845
17;2025-12-16;10;2994
17;2025-12-16;11;2968
17;2025-12-16;12;2907
17;2025-12-16;13;2965
17;2025-12-16;14;3083
17;2025-12-16;15;3198
17;2025-12-16;16;3669
17;2025-12-16;17;4494
17;2025-12-16;18;4870
17;2025-12-16;19;3305
17;2025-12-16;20;2325
17;2025-12-16;21;1449
17;2025-12-16;22;702
17;2025-12-16;23;361
17;2025-12-17;0;117
17;2025-12-17;1;12
17;2025-12-17;2;0
17;2025-12-17;3;0
17;2025-12-17;4;25
17;2025-12-17;5;305
17;2025-12-17;6;1503
17;2025-12-17;7;4081
17;2025-12-17;8;5289
17;2025-12-17;9;3813
17;2025-12-17;10;2982
17;2025-12-17;11;2970
17;2025-12-17;12;2986
17;2025-12-17;13;3042
17;2025-12-17;14;3144
17;2025-12-17;15;3211
17;2025-12-17;16;3655
17;2025-12-17;17;4456
17;2025-12-17;18;4774
17;2025-12-17;19;3244
17;2025-12-17;20;2286
17;2025-12-17;21;1429
17;2025-12-17;22;693
17;2025-12-17;23;357
17;2025-12-18;0;119
17;2025-12-18;1;12
17;2025-12-18;2;0
17;2025-12-18;3;0
17;2025-12-18;4;25
17;2025-12-18;5;309
17;2025-12-18;6;1522
17;2025-12-18;7;4117
17;2025-12-18;8;5342
17;2025-12-18;9;3804
17;2025-12-18;10;2982
17;2025-12-18;11;2960
17;2025-12-18;12;2985
17;2025-12-18;13;3039
17;2025-12-18;14;3154
17;2025-12-18;15;3228
17;2025-12-18;16;3644
17;2025-12-18;17;4458
17;2025-12-18;18;4805
17;2025-12-18;19;3263
17;2025-12-18;20;2296
17;2025-12-18;21;1438
17;2025-12-18;22;695
17;2025-12-18;23;359
17;2025-12-19;0;144
17;2025-12-19;1;18
17;2025-12-19;2;0
17;2025-12-19;3;0
17;2025-12-19;4;25
17;2025-12-19;5;315
17;2025-12-19;6;1529
17;2025-12-19;7;4120
17;2025-12-19;8;5268
17;2025-12-19;9;3791
17;2025-12-19;10;3001
17;2025-12-19;11;3055
17;2025-12-19;12;3029
17;2025-12-19;13;3110
17;2025-12-19;14;3174
17;2025-12-19;15;3479
17;2025-12-19;16;4190
17;2025-12-19;17;4755
17;2025-12-19;18;4399
17;2025-12-19;19;3266
17;2025-12-19;20;2382
17;2025-12-19;21;1599
17;2025-12-19;22;777
17;2025-12-19;23;473
17;2025-12-20;0;195
17;2025-12-20;1;27
17;2025-12-20;2;0
17;2025-12-20;3;0
17;2025-12-20;4;5
17;2025-12-20;5;134
17;2025-12-20;6;565
17;2025-12-20;7;1229
17;2025-12-20;8;1755
17;2025-12-20;9;2220
17;2025-12-20;10;2481
17;2025-12-20;11;2965
17;2025-12-20;12;3291
17;2025-12-20;13;3547
17;2025-12-20;14;3556
17;2025-12-20;15;3577
17;2025-12-20;16;3584
17;2025-12-20;17;3303
17;2025-12-20;18;2989
17;2025-12-20;19;2382
17;2025-12-20;20;1851
17;2025-12-20;21;1331
17;2025-12-20;22;807
17;2025-12-20;23;442
17;2025-12-21;0;179
17;2025-12-21;1;23
17;2025-12-21;2;0
17;2025-12-21;3;0
17;2025-12-21;4;3
17;2025-12-21;5;104
17;2025-12-21;6;423
17;2025-12-21;7;804
17;2025-12-21;8;1188
17;2025-12-21;9;1640
17;2025-12-21;10;1936
17;2025-12-21;11;2499
17;2025-12-21;12;2842
17;2025-12-21;13;3076
17;2025-12-21;14;3201
17;2025-12-21;15;3151
17;2025-12-21;16;3071
17;2025-12-21;17;2896
17;2025-12-21;18;2553
17;2025-12-21;19;2069
17;2025-12-21;20;1514
17;2025-12-21;21;1111
17;2025-12-21;22;686
17;2025-12-21;23;307
17;2025-12-22;0;121
17;2025-12-22;1;12
17;2025-12-22;2;0
17;2025-12-22;3;0
17;2025-12-22;4;26
17;2025-12-22;5;314
17;2025-12-22;6;1548
17;2025-12-22;7;4197
17;2025-12-22;8;5432
17;2025-12-22;9;3880
17;2025-12-22;10;3017
17;2025-12-22;11;2967
17;2025-12-22;12;2997
17;2025-12-22;13;3042
17;2025-12-22;14;3106
17;2025-12-22;15;3185
17;2025-12-22;16;3618
17;2025-12-22;17;4478
17;2025-12-22;18;4843
17;2025-12-22;19;3289
17;2025-12-22;20;2305
17;2025-12-22;21;1428
17;2025-12-22;22;690
17;2025-12-22;23;358
17;2025-12-23;0;124
17;2025-12-23;1;13
17;2025-12-23;2;0
17;2025-12-23;3;0
17;2025-12-23;4;26
17;2025-12-23;5;319
17;2025-12-23;6;1574
17;2025-12-23;7;4268
17;2025-12-23;8;5511
17;2025-12-23;9;3937
17;2025-12-23;10;3060
17;2025-12-23;11;3031
17;2025-12-23;12;3059
17;2025-12-23;13;3115
17;2025-12-23;14;3221
17;2025-12-23;15;3294
17;2025-12-23;16;3736
17;2025-12-23;17;4570
17;2025-12-23;18;4921
17;2025-12-23;19;3346
17;2025-12-23;20;2361
17;2025-12-23;21;1469
17;2025-12-23;22;711
17;2025-12-23;23;368
17;2025-12-24;0;123
17;2025-12-24;1;13
17;2025-12-24;2;0
17;2025-12-24;3;0
17;2025-12-24;4;26
17;2025-12-24;5;319
17;2025-12-24;6;1575
17;2025-12-24;7;4273
17;2025-12-24;8;5523
17;2025-12-24;9;3953
17;2025-12-24;10;3087
17;2025-12-24;11;3046
17;2025-12-24;12;3090
17;2025-12-24;13;3159
17;2025-12-24;14;3264
17;2025-12-24;15;3330
17;2025-12-24;16;3779
17;2025-12-24;17;4610
17;2025-12-24;18;4972
17;2025-12-24;19;3386
17;2025-12-24;20;2392
17;2025-12-24;21;1495
17;2025-12-24;22;723
17;2025-12-24;23;374
17;2025-12-25;0;123
17;2025-12-25;1;13
17;2025-12-25;2;0
17;2025-12-25;3;0
17;2025-12-25;4;26
17;2025-12-25;5;320
17;2025-12-25;6;1577
17;2025-12-25;7;4276
17;2025-12-25;8;5545
17;2025-12-25;9;3918
17;2025-12-25;10;3067
17;2025-12-25;11;3049
17;2025-12-25;12;3076
17;2025-12-25;13;3125
17;2025-12-25;14;3226
17;2025-12-25;15;3306
17;2025-12-25;16;3748
17;2025-12-25;17;4580
17;2025-12-25;18;4928
17;2025-12-25;19;3305
17;2025-12-25;20;2347
17;2025-12-25;21;1444
17;2025-12-25;22;703
17;2025-12-25;23;363
17;2025-12-26;0;144
17;2025-12-26;1;17
17;2025-12-26;2;0
17;2025-12-26;3;0
17;2025-12-26;4;25
17;2025-12-26;5;316
17;2025-12-26;6;1547
17;2025-12-26;7;4103
17;2025-12-26;8;5237
17;2025-12-26;9;3816
17;2025-12-26;10;3039
17;2025-12-26;11;3085
17;2025-12-26;12;3055
17;2025-12-26;13;3122
17;2025-12-26;14;3210
17;2025-12-26;15;3520
17;2025-12-26;16;4256
17;2025-12-26;17;4812
17;2025-12-26;18;4468
17;2025-12-26;19;3347
17;2025-12-26;20;2430
17;2025-12-26;21;1631
17;2025-12-26;22;791
17;2025-12-26;23;483
17;2025-12-27;0;188
17;2025-12-27;1;26
17;2025-12-27;2;0
17;2025-12-27;3;0
17;2025-12-27;4;5
17;2025-12-27;5;129
17;2025-12-27;6;545
17;2025-12-27;7;1182
17;2025-12-27;8;1695
17;2025-12-27;9;2158
17;2025-12-27;10;2417
17;2025-12-27;11;2893
17;2025-12-27;12;3224
17;2025-12-27;13;3467
17;2025-12-27;14;3461
17;2025-12-27;15;3457
17;2025-12-27;16;3497
17;2025-12-27;17;3209
17;2025-12-27;18;2907
17;2025-12-27;19;2321
17;2025-12-27;20;1807
17;2025-12-27;21;1300
17;2025-12-27;22;786
17;2025-12-27;23;433
17;2025-12-28;0;174
17;2025-12-28;1;21
17;2025-12-28;2;0
17;2025-12-28;3;0
17;2025-12-28;4;3
17;2025-12-28;5;101
17;2025-12-28;6;409
17;2025-12-28;7;790
17;2025-12-28;8;1157
17;2025-12-28;9;1597
17;2025-12-28;10;1908
17;2025-12-28;11;2457
17;2025-12-28;12;2792
17;2025-12-28;13;3029
17;2025-12-28;14;3156
17;2025-12-28;15;3058
17;2025-12-28;16;2977
17;2025-12-28;17;2846
17;2025-12-28;18;2514
17;2025-12-28;19;2060
17;2025-12-28;20;1505
17;2025-12-28;21;1107
17;2025-12-28;22;687
17;2025-12-28;23;310
17;2025-12-29;0;109
17;2025-12-29;1;11
17;2025-12-29;2;0
17;2025-12-29;3;0
17;2025-12-29;4;23
17;2025-12-29;5;284
17;2025-12-29;6;1393
17;2025-12-29;7;3783
17;2025-12-29;8;4898
17;2025-12-29;9;3504
17;2025-12-29;10;2716
17;2025-12-29;11;2686
17;2025-12-29;12;2717
17;2025-12-29;13;2771
17;2025-12-29;14;2859
17;2025-12-29;15;2948
17;2025-12-29;16;3352
17;2025-12-29;17;4073
17;2025-12-29;18;4408
17;2025-12-29;19;3016
17;2025-12-29;20;2111
17;2025-12-29;21;1316
17;2025-12-29;22;636
17;2025-12-29;23;329
17;2025-12-30;0;114
17;2025-12-30;1;12
17;2025-12-30;2;0
17;2025-12-30;3;0
17;2025-12-30;4;24
17;2025-12-30;5;295
17;2025-12-30;6;1458
17;2025-12-30;7;3964
17;2025-12-30;8;5125
17;2025-12-30;9;3608
17;2025-12-30;10;2807
17;2025-12-30;11;2781
17;2025-12-30;12;2803
17;2025-12-30;13;2895
17;2025-12-30;14;2993
17;2025-12-30;15;3056
17;2025-12-30;16;3517
17;2025-12-30;17;4282
17;2025-12-30;18;4580
17;2025-12-30;19;3145
17;2025-12-30;20;2221
17;2025-12-30;21;1387
17;2025-12-30;22;671
17;2025-12-30;23;345
17;2025-12-31;0;193
17;2025-12-31;1;24
17;2025-12-31;2;0
17;2025-12-31;3;0
17;2025-12-31;4;3
17;2025-12-31;5;111
17;2025-12-31;6;452
17;2025-12-31;7;871
17;2025-12-31;8;1276
17;2025-12-31;9;1758
17;2025-12-31;10;2069
17;2025-12-31;11;2659
17;2025-12-31;12;3082
17;2025-12-31;13;3275
17;2025-12-31;14;3400
17;2025-12-31;15;3333
17;2025-12-31;16;3304
17;2025-12-31;17;3144
17;2025-12-31;18;2735
17;2025-12-31;19;2280
17;2025-12-31;20;1676
17;2025-12-31;21;1240
17;2025-12-31;22;761
17;2025-12-31;23;345
25;2025-11-01;0;3
25;2025-11-01;1;0
25;2025-11-01;2;0
25;2025-11-01;3;0
25;2025-11-01;4;0
25;2025-11-01;5;15
25;2025-11-01;6;196
25;2025-11-01;7;436
25;2025-11-01;8;755
25;2025-11-01;9;402
25;2025-11-01;10;316
25;2025-11-01;11;368
25;2025-11-01;12;359
25;2025-11-01;13;460
25;2025-11-01;14;387
25;2025-11-01;15;476
25;2025-11-01;16;569
25;2025-11-01;17;652
25;2025-11-01;18;647
25;2025-11-01;19;503
25;2025-11-01;20;266
25;2025-11-01;21;190
25;2025-11-01;22;76
25;2025-11-01;23;7
25;2025-11-02;0;14
25;2025-11-02;1;1
25;2025-11-02;2;0
25;2025-11-02;3;0
25;2025-11-02;4;0
25;2025-11-02;5;9
25;2025-11-02;6;96
25;2025-11-02;7;99
25;2025-11-02;8;186
25;2025-11-02;9;210
25;2025-11-02;10;215
25;2025-11-02;11;308
25;2025-11-02;12;374
25;2025-11-02;13;489
25;2025-11-02;14;577
25;2025-11-02;15;661
25;2025-11-02;16;563
25;2025-11-02;17;560
25;2025-11-02;18;425
25;2025-11-02;19;285
25;2025-11-02;20;228
25;2025-11-02;21;143
25;2025-11-02;22;91
25;2025-11-02;23;34
25;2025-11-03;0;13
25;2025-11-03;1;1
25;2025-11-03;2;0
25;2025-11-03;3;0
25;2025-11-03;4;0
25;2025-11-03;5;9
25;2025-11-03;6;94
25;2025-11-03;7;99
25;2025-11-03;8;186
25;2025-11-03;9;207
25;2025-11-03;10;207
25;2025-11-03;11;286
25;2025-11-03;12;340
25;2025-11-03;13;470
25;2025-11-03;14;547
25;2025-11-03;15;632
25;2025-11-03;16;540
25;2025-11-03;17;537
25;2025-11-03;18;424
25;2025-11-03;19;293
25;2025-11-03;20;234
25;2025-11-03;21;146
25;2025-11-03;22;94
25;2025-11-03;23;35
25;2025-11-04;0;13
25;2025-11-04;1;0
25;2025-11-04;2;0
25;2025-11-04;3;0
25;2025-11-04;4;0
25;2025-11-04;5;8
25;2025-11-04;6;90
25;2025-11-04;7;95
25;2025-11-04;8;178
25;2025-11-04;9;193
25;2025-11-04;10;203
25;2025-11-04;11;275
25;2025-11-04;12;327
25;2025-11-04;13;431
25;2025-11-04;14;519
25;2025-11-04;15;631
25;2025-11-04;16;536
25;2025-11-04;17;528
25;2025-11-04;18;413
25;2025-11-04;19;287
25;2025-11-04;20;231
25;2025-11-04;21;144
25;2025-11-04;22;93
25;2025-11-04;23;35
25;2025-11-05;0;3
25;2025-11-05;1;0
25;2025-11-05;2;0
25;2025-11-05;3;0
25;2025-11-05;4;0
25;2025-11-05;5;18
25;2025-11-05;6;231
25;2025-11-05;7;517
25;2025-11-05;8;888
25;2025-11-05;9;462
25;2025-11-05;10;365
25;2025-11-05;11;423
25;2025-11-05;12;420
25;2025-11-05;13;528
25;2025-11-05;14;444
25;2025-11-05;15;542
25;2025-11-05;16;656
25;2025-11-05;17;756
25;2025-11-05;18;758
25;2025-11-05;19;587
25;2025-11-05;20;309
25;2025-11-05;21;221
25;2025-11-05;22;88
25;2025-11-05;23;8
25;2025-11-06;0;3
25;2025-11-06;1;0
25;2025-11-06;2;0
25;2025-11-06;3;0
25;2025-11-06;4;0
25;2025-11-06;5;17
25;2025-11-06;6;230
25;2025-11-06;7;515
25;2025-11-06;8;886
25;2025-11-06;9;462
25;2025-11-06;10;363
25;2025-11-06;11;420
25;2025-11-06;12;412
25;2025-11-06;13;520
25;2025-11-06;14;441
25;2025-11-06;15;536
25;2025-11-06;16;649
25;2025-11-06;17;749
25;2025-11-06;18;752
25;2025-11-06;19;584
25;2025-11-06;20;308
25;2025-11-06;21;220
25;2025-11-06;22;88
25;2025-11-06;23;8
25;2025-11-07;0;0
25;2025-11-07;1;0
25;2025-11-07;2;0
25;2025-11-07;3;0
25;2025-11-07;4;0
25;2025-11-07;5;14
25;2025-11-07;6;237
25;2025-11-07;7;544
25;2025-11-07;8;835
25;2025-11-07;9;424
25;2025-11-07;10;386
25;2025-11-07;11;424
25;2025-11-07;12;406
25;2025-11-07;13;538
25;2025-11-07;14;446
25;2025-11-07;15;620
25;2025-11-07;16;789
25;2025-11-07;17;756
25;2025-11-07;18;670
25;2025-11-07;19;614
25;2025-11-07;20;333
25;2025-11-07;21;217
25;2025-11-07;22;108
25;2025-11-07;23;14
25;2025-11-08;0;5
25;2025-11-08;1;0
25;2025-11-08;2;0
25;2025-11-08;3;0
25;2025-11-08;4;0
25;2025-11-08;5;17
25;2025-11-08;6;117
25;2025-11-08;7;128
25;2025-11-08;8;291
25;2025-11-08;9;261
25;2025-11-08;10;267
25;2025-11-08;11;353
25;2025-11-08;12;372
25;2025-11-08;13;617
25;2025-11-08;14;626
25;2025-11-08;15;733
25;2025-11-08;16;689
25;2025-11-08;17;550
25;2025-11-08;18;491
25;2025-11-08;19;425
25;2025-11-08;20;245
25;2025-11-08;21;189
25;2025-11-08;22;111
25;2025-11-08;23;41
25;2025-11-09;0;13
25;2025-11-09;1;1
25;2025-11-09;2;0
25;2025-11-09;3;0
25;2025-11-09;4;0
25;2025-11-09;5;9
25;2025-11-09;6;95
25;2025-11-09;7;99
25;2025-11-09;8;188
25;2025-11-09;9;212
25;2025-11-09;10;213
25;2025-11-09;11;303
25;2025-11-09;12;352
25;2025-11-09;13;459
25;2025-11-09;14;549
25;2025-11-09;15;629
25;2025-11-09;16;530
25;2025-11-09;17;517
25;2025-11-09;18;402
25;2025-11-09;19;271
25;2025-11-09;20;218
25;2025-11-09;21;137
25;2025-11-09;22;89
25;2025-11-09;23;33
25;2025-11-10;0;3
25;2025-11-10;1;0
25;2025-11-10;2;0
25;2025-11-10;3;0
25;2025-11-10;4;0
25;2025-11-10;5;18
25;2025-11-10;6;233
25;2025-11-10;7;519
25;2025-11-10;8;896
25;2025-11-10;9;465
25;2025-11-10;10;361
25;2025-11-10;11;416
25;2025-11-10;12;408
25;2025-11-10;13;515
25;2025-11-10;14;433
25;2025-11-10;15;532
25;2025-11-10;16;646
25;2025-11-10;17;744
25;2025-11-10;18;749
25;2025-11-10;19;581
25;2025-11-10;20;303
25;2025-11-10;21;215
25;2025-11-10;22;86
25;2025-11-10;23;7
25;2025-11-11;0;3
25;2025-11-11;1;0
25;2025-11-11;2;0
25;2025-11-11;3;0
25;2025-11-11;4;0
25;2025-11-11;5;18
25;2025-11-11;6;232
25;2025-11-11;7;520
25;2025-11-11;8;891
25;2025-11-11;9;466
25;2025-11-11;10;366
25;2025-11-11;11;422
25;2025-11-11;12;414
25;2025-11-11;13;523
25;2025-11-11;14;442
25;2025-11-11;15;539
25;2025-11-11;16;652
25;2025-11-11;17;752
25;2025-11-11;18;753
25;2025-11-11;19;585
25;2025-11-11;20;307
25;2025-11-11;21;219
25;2025-11-11;22;87
25;2025-11-11;23;8
25;2025-11-12;0;3
25;2025-11-12;1;0
25;2025-11-12;2;0
25;2025-11-12;3;0
25;2025-11-12;4;0
25;2025-11-12;5;18
25;2025-11-12;6;230
25;2025-11-12;7;513
25;2025-11-12;8;883
25;2025-11-12;9;462
25;2025-11-12;10;362
25;2025-11-12;11;417
25;2025-11-12;12;409
25;2025-11-12;13;516
25;2025-11-12;14;435
25;2025-11-12;15;530
25;2025-11-12;16;642
25;2025-11-12;17;740
25;2025-11-12;18;742
25;2025-11-12;19;577
25;2025-11-12;20;303
25;2025-11-12;21;216
25;2025-11-12;22;87
25;2025-11-12;23;8
25;2025-11-13;0;3
25;2025-11-13;1;0
25;2025-11-13;2;0
25;2025-11-13;3;0
25;2025-11-13;4;0
25;2025-11-13;5;18
25;2025-11-13;6;230
25;2025-11-13;7;515
25;2025-11-13;8;882
25;2025-11-13;9;461
25;2025-11-13;10;366
25;2025-11-13;11;423
25;2025-11-13;12;415
25;2025-11-13;13;524
25;2025-11-13;14;444
25;2025-11-13;15;540
25;2025-11-13;16;654
25;2025-11-13;17;753
25;2025-11-13;18;757
25;2025-11-13;19;585
25;2025-11-13;20;307
25;2025-11-13;21;217
25;2025-11-13;22;87
25;2025-11-13;23;8
25;2025-11-14;0;0
25;2025-11-14;1;0
25;2025-11-14;2;0
25;2025-11-14;3;0
25;2025-11-14;4;0
25;2025-11-14;5;14
25;2025-11-14;6;238
25;2025-11-14;7;547
25;2025-11-14;8;838
25;2025-11-14;9;426
25;2025-11-14;10;386
25;2025-11-14;11;426
25;2025-11-14;12;407
25;2025-11-14;13;534
25;2025-11-14;14;444
25;2025-11-14;15;616
25;2025-11-14;16;785
25;2025-11-14;17;752
25;2025-11-14;18;670
25;2025-11-14;19;616
25;2025-11-14;20;336
25;2025-11-14;21;218
25;2025-11-14;22;109
25;2025-11-14;23;14
25;2025-11-15;0;5
25;2025-11-15;1;0
25;2025-11-15;2;0
25;2025-11-15;3;0
25;2025-11-15;4;0
25;2025-11-15;5;18
25;2025-11-15;6;119
25;2025-11-15;7;128
25;2025-11-15;8;295
25;2025-11-15;9;263
25;2025-11-15;10;266
25;2025-11-15;11;349
25;2025-11-15;12;369
25;2025-11-15;13;608
25;2025-11-15;14;621
25;2025-11-15;15;747
25;2025-11-15;16;698
25;2025-11-15;17;561
25;2025-11-15;18;501
25;2025-11-15;19;438
25;2025-11-15;20;250
25;2025-11-15;21;192
25;2025-11-15;22;114
25;2025-11-15;23;43
25;2025-11-16;0;13
25;2025-11-16;1;1
25;2025-11-16;2;0
25;2025-11-16;3;0
25;2025-11-16;4;0
25;2025-11-16;5;8
25;2025-11-16;6;90
25;2025-11-16;7;95
25;2025-11-16;8;181
25;2025-11-16;9;204
25;2025-11-16;10;201
25;2025-11-16;11;286
25;2025-11-16;12;340
25;2025-11-16;13;441
25;2025-11-16;14;520
25;2025-11-16;15;609
25;2025-11-16;16;509
25;2025-11-16;17;500
25;2025-11-16;18;391
25;2025-11-16;19;263
25;2025-11-16;20;215
25;2025-11-16;21;135
25;2025-11-16;22;87
25;2025-11-16;23;32
25;2025-11-17;0;3
25;2025-11-17;1;0
25;2025-11-17;2;0
25;2025-11-17;3;0
25;2025-11-17;4;0
25;2025-11-17;5;17
25;2025-11-17;6;224
25;2025-11-17;7;501
25;2025-11-17;8;860
25;2025-11-17;9;449
25;2025-11-17;10;347
25;2025-11-17;11;396
25;2025-11-17;12;387
25;2025-11-17;13;490
25;2025-11-17;14;414
25;2025-11-17;15;506
25;2025-11-17;16;614
25;2025-11-17;17;710
25;2025-11-17;18;728
25;2025-11-17;19;568
25;2025-11-17;20;297
25;2025-11-17;21;211
25;2025-11-17;22;84
25;2025-11-17;23;7
25;2025-11-18;0;3
25;2025-11-18;1;0
25;2025-11-18;2;0
25;2025-11-18;3;0
25;2025-11-18;4;0
25;2025-11-18;5;17
25;2025-11-18;6;224
25;2025-11-18;7;501
25;2025-11-18;8;865
25;2025-11-18;9;453
25;2025-11-18;10;354
25;2025-11-18;11;414
25;2025-11-18;12;405
25;2025-11-18;13;511
25;2025-11-18;14;434
25;2025-11-18;15;522
25;2025-11-18;16;623
25;2025-11-18;17;707
25;2025-11-18;18;703
25;2025-11-18;19;544
25;2025-11-18;20;289
25;2025-11-18;21;206
25;2025-11-18;22;83
25;2025-11-18;23;7
25;2025-11-19;0;3
25;2025-11-19;1;0
25;2025-11-19;2;0
25;2025-11-19;3;0
25;2025-11-19;4;0
25;2025-11-19;5;18
25;2025-11-19;6;233
25;2025-11-19;7;523
25;2025-11-19;8;899
25;2025-11-19;9;472
25;2025-11-19;10;370
25;2025-11-19;11;424
25;2025-11-19;12;416
25;2025-11-19;13;525
25;2025-11-19;14;444
25;2025-11-19;15;540
25;2025-11-19;16;656
25;2025-11-19;17;757
25;2025-11-19;18;758
25;2025-11-19;19;590
25;2025-11-19;20;310
25;2025-11-19;21;221
25;2025-11-19;22;88
25;2025-11-19;23;8
25;2025-11-20;0;3
25;2025-11-20;1;0
25;2025-11-20;2;0
25;2025-11-20;3;0
25;2025-11-20;4;0
25;2025-11-20;5;18
25;2025-11-20;6;234
25;2025-11-20;7;525
25;2025-11-20;8;905
25;2025-11-20;9;474
25;2025-11-20;10;372
25;2025-11-20;11;427
25;2025-11-20;12;421
25;2025-11-20;13;531
25;2025-11-20;14;447
25;2025-11-20;15;545
25;2025-11-20;16;660
25;2025-11-20;17;754
25;2025-11-20;18;760
25;2025-11-20;19;587
25;2025-11-20;20;307
25;2025-11-20;21;219
25;2025-11-20;22;87
25;2025-11-20;23;8
25;2025-11-21;0;0
25;2025-11-21;1;0
25;2025-11-21;2;0
25;2025-11-21;3;0
25;2025-11-21;4;0
25;2025-11-21;5;14
25;2025-11-21;6;243
25;2025-11-21;7;558
25;2025-11-21;8;855
25;2025-11-21;9;425
25;2025-11-21;10;384
25;2025-11-21;11;422
25;2025-11-21;12;403
25;2025-11-21;13;531
25;2025-11-21;14;441
25;2025-11-21;15;613
25;2025-11-21;16;782
25;2025-11-21;17;752
25;2025-11-21;18;677
25;2025-11-21;19;620
25;2025-11-21;20;337
25;2025-11-21;21;219
25;2025-11-21;22;109
25;2025-11-21;23;14
25;2025-11-22;0;5
25;2025-11-22;1;0
25;2025-11-22;2;0
25;2025-11-22;3;0
25;2025-11-22;4;0
25;2025-11-22;5;17
25;2025-11-22;6;114
25;2025-11-22;7;124
25;2025-11-22;8;288
25;2025-11-22;9;266
25;2025-11-22;10;272
25;2025-11-22;11;358
25;2025-11-22;12;374
25;2025-11-22;13;613
25;2025-11-22;14;619
25;2025-11-22;15;726
25;2025-11-22;16;680
25;2025-11-22;17;546
25;2025-11-22;18;485
25;2025-11-22;19;419
25;2025-11-22;20;241
25;2025-11-22;21;186
25;2025-11-22;22;110
25;2025-11-22;23;40
25;2025-11-23;0;13
25;2025-11-23;1;1
25;2025-11-23;2;0
25;2025-11-23;3;0
25;2025-11-23;4;0
25;2025-11-23;5;9
25;2025-11-23;6;95
25;2025-11-23;7;99
25;2025-11-23;8;189
25;2025-11-23;9;212
25;2025-11-23;10;211
25;2025-11-23;11;299
25;2025-11-23;12;360
25;2025-11-23;13;473
25;2025-11-23;14;556
25;2025-11-23;15;635
25;2025-11-23;16;543
25;2025-11-23;17;539
25;2025-11-23;18;419
25;2025-11-23;19;279
25;2025-11-23;20;223
25;2025-11-23;21;137
25;2025-11-23;22;88
25;2025-11-23;23;33
25;2025-11-24;0;3
25;2025-11-24;1;0
25;2025-11-24;2;0
25;2025-11-24;3;0
25;2025-11-24;4;0
25;2025-11-24;5;17
25;2025-11-24;6;225
25;2025-11-24;7;496
25;2025-11-24;8;852
25;2025-11-24;9;430
25;2025-11-24;10;345
25;2025-11-24;11;396
25;2025-11-24;12;390
25;2025-11-24;13;493
25;2025-11-24;14;417
25;2025-11-24;15;518
25;2025-11-24;16;626
25;2025-11-24;17;716
25;2025-11-24;18;715
25;2025-11-24;19;554
25;2025-11-24;20;287
25;2025-11-24;21;205
25;2025-11-24;22;82
25;2025-11-24;23;7
25;2025-11-25;0;3
25;2025-11-25;1;0
25;2025-11-25;2;0
25;2025-11-25;3;0
25;2025-11-25;4;0
25;2025-11-25;5;18
25;2025-11-25;6;232
25;2025-11-25;7;524
25;2025-11-25;8;895
25;2025-11-25;9;470
25;2025-11-25;10;366
25;2025-11-25;11;422
25;2025-11-25;12;413
25;2025-11-25;13;521
25;2025-11-25;14;440
25;2025-11-25;15;539
25;2025-11-25;16;650
25;2025-11-25;17;751
25;2025-11-25;18;755
25;2025-11-25;19;588
25;2025-11-25;20;309
25;2025-11-25;21;219
25;2025-11-25;22;88
25;2025-11-25;23;8
25;2025-11-26;0;3
25;2025-11-26;1;0
25;2025-11-26;2;0
25;2025-11-26;3;0
25;2025-11-26;4;0
25;2025-11-26;5;18
25;2025-11-26;6;236
25;2025-11-26;7;520
25;2025-11-26;8;897
25;2025-11-26;9;459
25;2025-11-26;10;359
25;2025-11-26;11;413
25;2025-11-26;12;404
25;2025-11-26;13;513
25;2025-11-26;14;433
25;2025-11-26;15;527
25;2025-11-26;16;637
25;2025-11-26;17;736
25;2025-11-26;18;739
25;2025-11-26;19;574
25;2025-11-26;20;302
25;2025-11-26;21;215
25;2025-11-26;22;86
25;2025-11-26;23;8
25;2025-11-27;0;3
25;2025-11-27;1;0
25;2025-11-27;2;0
25;2025-11-27;3;0
25;2025-11-27;4;0
25;2025-11-27;5;17
25;2025-11-27;6;225
25;2025-11-27;7;503
25;2025-11-27;8;863
25;2025-11-27;9;451
25;2025-11-27;10;353
25;2025-11-27;11;405
25;2025-11-27;12;401
25;2025-11-27;13;503
25;2025-11-27;14;425
25;2025-11-27;15;519
25;2025-11-27;16;628
25;2025-11-27;17;730
25;2025-11-27;18;727
25;2025-11-27;19;566
25;2025-11-27;20;298
25;2025-11-27;21;216
25;2025-11-27;22;86
25;2025-11-27;23;8
25;2025-11-28;0;0
25;2025-11-28;1;0
25;2025-11-28;2;0
25;2025-11-28;3;0
25;2025-11-28;4;0
25;2025-11-28;5;14
25;2025-11-28;6;239
25;2025-11-28;7;544
25;2025-11-28;8;837
25;2025-11-28;9;424
25;2025-11-28;10;386
25;2025-11-28;11;423
25;2025-11-28;12;401
25;2025-11-28;13;531
25;2025-11-28;14;438
25;2025-11-28;15;611
25;2025-11-28;16;772
25;2025-11-28;17;740
25;2025-11-28;18;655
25;2025-11-28;19;597
25;2025-11-28;20;324
25;2025-11-28;21;210
25;2025-11-28;22;105
25;2025-11-28;23;14
25;2025-11-29;0;5
25;2025-11-29;1;0
25;2025-11-29;2;0
25;2025-11-29;3;0
25;2025-11-29;4;0
25;2025-11-29;5;18
25;2025-11-29;6;119
25;2025-11-29;7;129
25;2025-11-29;8;300
25;2025-11-29;9;271
25;2025-11-29;10;276
25;2025-11-29;11;357
25;2025-11-29;12;376
25;2025-11-29;13;615
25;2025-11-29;14;620
25;2025-11-29;15;732
25;2025-11-29;16;692
25;2025-11-29;17;547
25;2025-11-29;18;489
25;2025-11-29;19;427
25;2025-11-29;20;245
25;2025-11-29;21;188
25;2025-11-29;22;111
25;2025-11-29;23;41
25;2025-11-30;0;13
25;2025-11-30;1;1
25;2025-11-30;2;0
25;2025-11-30;3;0
25;2025-11-30;4;0
25;2025-11-30;5;9
25;2025-11-30;6;92
25;2025-11-30;7;97
25;2025-11-30;8;184
25;2025-11-30;9;208
25;2025-11-30;10;208
25;2025-11-30;11;294
25;2025-11-30;12;355
25;2025-11-30;13;461
25;2025-11-30;14;530
25;2025-11-30;15;603
25;2025-11-30;16;520
25;2025-11-30;17;517
25;2025-11-30;18;415
25;2025-11-30;19;277
25;2025-11-30;20;222
25;2025-11-30;21;138
25;2025-11-30;22;89
25;2025-11-30;23;33
25;2025-12-01;0;3
25;2025-12-01;1;0
25;2025-12-01;2;0
25;2025-12-01;3;0
25;2025-12-01;4;0
25;2025-12-01;5;18
25;2025-12-01;6;230
25;2025-12-01;7;513
25;2025-12-01;8;882
25;2025-12-01;9;460
25;2025-12-01;10;357
25;2025-12-01;11;411
25;2025-12-01;12;402
25;2025-12-01;13;508
25;2025-12-01;14;429
25;2025-12-01;15;525
25;2025-12-01;16;637
25;2025-12-01;17;735
25;2025-12-01;18;739
25;2025-12-01;19;573
25;2025-12-01;20;298
25;2025-12-01;21;212
25;2025-12-01;22;84
25;2025-12-01;23;7
25;2025-12-02;0;3
25;2025-12-02;1;0
25;2025-12-02;2;0
25;2025-12-02;3;0
25;2025-12-02;4;0
25;2025-12-02;5;18
25;2025-12-02;6;229
25;2025-12-02;7;513
25;2025-12-02;8;885
25;2025-12-02;9;461
25;2025-12-02;10;363
25;2025-12-02;11;416
25;2025-12-02;12;408
25;2025-12-02;13;515
25;2025-12-02;14;434
25;2025-12-02;15;528
25;2025-12-02;16;640
25;2025-12-02;17;738
25;2025-12-02;18;739
25;2025-12-02;19;575
25;2025-12-02;20;302
25;2025-12-02;21;214
25;2025-12-02;22;86
25;2025-12-02;23;7
25;2025-12-03;0;3
25;2025-12-03;1;0
25;2025-12-03;2;0
25;2025-12-03;3;0
25;2025-12-03;4;0
25;2025-12-03;5;17
25;2025-12-03;6;228
25;2025-12-03;7;512
25;2025-12-03;8;884
25;2025-12-03;9;459
25;2025-12-03;10;360
25;2025-12-03;11;413
25;2025-12-03;12;405
25;2025-12-03;13;513
25;2025-12-03;14;434
25;2025-12-03;15;526
25;2025-12-03;16;638
25;2025-12-03;17;737
25;2025-12-03;18;738
25;2025-12-03;19;575
25;2025-12-03;20;302
25;2025-12-03;21;216
25;2025-12-03;22;86
25;2025-12-03;23;8
25;2025-12-04;0;3
25;2025-12-04;1;0
25;2025-12-04;2;0
25;2025-12-04;3;0
25;2025-12-04;4;0
25;2025-12-04;5;18
25;2025-12-04;6;228
25;2025-12-04;7;514
25;2025-12-04;8;885
25;2025-12-04;9;460
25;2025-12-04;10;361
25;2025-12-04;11;414
25;2025-12-04;12;407
25;2025-12-04;13;514
25;2025-12-04;14;435
25;2025-12-04;15;530
25;2025-12-04;16;641
25;2025-12-04;17;738
25;2025-12-04;18;743
25;2025-12-04;19;576
25;2025-12-04;20;301
25;2025-12-04;21;216
25;2025-12-04;22;86
25;2025-12-04;23;8
25;2025-12-05;0;0
25;2025-12-05;1;0
25;2025-12-05;2;0
25;2025-12-05;3;0
25;2025-12-05;4;0
25;2025-12-05;5;14
25;2025-12-05;6;236
25;2025-12-05;7;543
25;2025-12-05;8;833
25;2025-12-05;9;423
25;2025-12-05;10;383
25;2025-12-05;11;419
25;2025-12-05;12;400
25;2025-12-05;13;528
25;2025-12-05;14;438
25;2025-12-05;15;610
25;2025-12-05;16;775
25;2025-12-05;17;746
25;2025-12-05;18;660
25;2025-12-05;19;604
25;2025-12-05;20;329
25;2025-12-05;21;213
25;2025-12-05;22;106
25;2025-12-05;23;14
25;2025-12-06;0;5
25;2025-12-06;1;0
25;2025-12-06;2;0
25;2025-12-06;3;0
25;2025-12-06;4;0
25;2025-12-06;5;17
25;2025-12-06;6;114
25;2025-12-06;7;126
25;2025-12-06;8;294
25;2025-12-06;9;261
25;2025-12-06;10;265
25;2025-12-06;11;349
25;2025-12-06;12;368
25;2025-12-06;13;603
25;2025-12-06;14;614
25;2025-12-06;15;721
25;2025-12-06;16;674
25;2025-12-06;17;541
25;2025-12-06;18;480
25;2025-12-06;19;418
25;2025-12-06;20;241
25;2025-12-06;21;185
25;2025-12-06;22;109
25;2025-12-06;23;40
25;2025-12-07;0;13
25;2025-12-07;1;1
25;2025-12-07;2;0
25;2025-12-07;3;0
25;2025-12-07;4;0
25;2025-12-07;5;9
25;2025-12-07;6;92
25;2025-12-07;7;96
25;2025-12-07;8;182
25;2025-12-07;9;205
25;2025-12-07;10;205
25;2025-12-07;11;290
25;2025-12-07;12;349
25;2025-12-07;13;455
25;2025-12-07;14;536
25;2025-12-07;15;620
25;2025-12-07;16;531
25;2025-12-07;17;523
25;2025-12-07;18;405
25;2025-12-07;19;273
25;2025-12-07;20;219
25;2025-12-07;21;137
25;2025-12-07;22;89
25;2025-12-07;23;33
25;2025-12-08;0;3
25;2025-12-08;1;0
25;2025-12-08;2;0
25;2025-12-08;3;0
25;2025-12-08;4;0
25;2025-12-08;5;18
25;2025-12-08;6;230
25;2025-12-08;7;514
25;2025-12-08;8;883
25;2025-12-08;9;461
25;2025-12-08;10;358
25;2025-12-08;11;411
25;2025-12-08;12;403
25;2025-12-08;13;507
25;2025-12-08;14;428
25;2025-12-08;15;524
25;2025-12-08;16;636
25;2025-12-08;17;735
25;2025-12-08;18;740
25;2025-12-08;19;572
25;2025-12-08;20;298
25;2025-12-08;21;212
25;2025-12-08;22;84
25;2025-12-08;23;7
25;2025-12-09;0;3
25;2025-12-09;1;0
25;2025-12-09;2;0
25;2025-12-09;3;0
25;2025-12-09;4;0
25;2025-12-09;5;18
25;2025-12-09;6;229
25;2025-12-09;7;513
25;2025-12-09;8;881
25;2025-12-09;9;461
25;2025-12-09;10;360
25;2025-12-09;11;413
25;2025-12-09;12;406
25;2025-12-09;13;510
25;2025-12-09;14;431
25;2025-12-09;15;525
25;2025-12-09;16;636
25;2025-12-09;17;734
25;2025-12-09;18;739
25;2025-12-09;19;573
25;2025-12-09;20;300
25;2025-12-09;21;214
25;2025-12-09;22;86
25;2025-12-09;23;7
25;2025-12-10;0;3
25;2025-12-10;1;0
25;2025-12-10;2;0
25;2025-12-10;3;0
25;2025-12-10;4;0
25;2025-12-10;5;17
25;2025-12-10;6;227
25;2025-12-10;7;513
25;2025-12-10;8;882
25;2025-12-10;9;460
25;2025-12-10;10;358
25;2025-12-10;11;413
25;2025-12-10;12;402
25;2025-12-10;13;507
25;2025-12-10;14;428
25;2025-12-10;15;522
25;2025-12-10;16;632
25;2025-12-10;17;729
25;2025-12-10;18;736
25;2025-12-10;19;577
25;2025-12-10;20;302
25;2025-12-10;21;216
25;2025-12-10;22;86
25;2025-12-10;23;8
25;2025-12-11;0;3
25;2025-12-11;1;0
25;2025-12-11;2;0
25;2025-12-11;3;0
25;2025-12-11;4;0
25;2025-12-11;5;16
25;2025-12-11;6;216
25;2025-12-11;7;486
25;2025-12-11;8;837
25;2025-12-11;9;446
25;2025-12-11;10;348
25;2025-12-11;11;403
25;2025-12-11;12;394
25;2025-12-11;13;496
25;2025-12-11;14;420
25;2025-12-11;15;514
25;2025-12-11;16;623
25;2025-12-11;17;720
25;2025-12-11;18;723
25;2025-12-11;19;559
25;2025-12-11;20;294
25;2025-12-11;21;212
25;2025-12-11;22;84
25;2025-12-11;23;7
25;2025-12-12;0;0
25;2025-12-12;1;0
25;2025-12-12;2;0
25;2025-12-12;3;0
25;2025-12-12;4;0
25;2025-12-12;5;14
25;2025-12-12;6;235
25;2025-12-12;7;540
25;2025-12-12;8;825
25;2025-12-12;9;419
25;2025-12-12;10;380
25;2025-12-12;11;417
25;2025-12-12;12;398
25;2025-12-12;13;524
25;2025-12-12;14;428
25;2025-12-12;15;592
25;2025-12-12;16;758
25;2025-12-12;17;726
25;2025-12-12;18;641
25;2025-12-12;19;594
25;2025-12-12;20;318
25;2025-12-12;21;206
25;2025-12-12;22;105
25;2025-12-12;23;14
25;2025-12-13;0;5
25;2025-12-13;1;0
25;2025-12-13;2;0
25;2025-12-13;3;0
25;2025-12-13;4;0
25;2025-12-13;5;17
25;2025-12-13;6;116
25;2025-12-13;7;128
25;2025-12-13;8;295
25;2025-12-13;9;257
25;2025-12-13;10;261
25;2025-12-13;11;342
25;2025-12-13;12;354
25;2025-12-13;13;587
25;2025-12-13;14;591
25;2025-12-13;15;694
25;2025-12-13;16;653
25;2025-12-13;17;521
25;2025-12-13;18;464
25;2025-12-13;19;407
25;2025-12-13;20;235
25;2025-12-13;21;181
25;2025-12-13;22;108
25;2025-12-13;23;39
25;2025-12-14;0;13
25;2025-12-14;1;1
25;2025-12-14;2;0
25;2025-12-14;3;0
25;2025-12-14;4;0
25;2025-12-14;5;8
25;2025-12-14;6;90
25;2025-12-14;7;95
25;2025-12-14;8;179
25;2025-12-14;9;202
25;2025-12-14;10;202
25;2025-12-14;11;285
25;2025-12-14;12;342
25;2025-12-14;13;443
25;2025-12-14;14;520
25;2025-12-14;15;603
25;2025-12-14;16;518
25;2025-12-14;17;515
25;2025-12-14;18;398
25;2025-12-14;19;269
25;2025-12-14;20;217
25;2025-12-14;21;135
25;2025-12-14;22;87
25;2025-12-14;23;33
25;2025-12-15;0;3
25;2025-12-15;1;0
25;2025-12-15;2;0
25;2025-12-15;3;0
25;2025-12-15;4;0
25;2025-12-15;5;18
25;2025-12-15;6;230
25;2025-12-15;7;518
25;2025-12-15;8;888
25;2025-12-15;9;459
25;2025-12-15;10;356
25;2025-12-15;11;410
25;2025-12-15;12;402
25;2025-12-15;13;510
25;2025-12-15;14;432
25;2025-12-15;15;529
25;2025-12-15;16;641
25;2025-12-15;17;738
25;2025-12-15;18;744
25;2025-12-15;19;577
25;2025-12-15;20;300
25;2025-12-15;21;213
25;2025-12-15;22;85
25;2025-12-15;23;7
25;2025-12-16;0;3
25;2025-12-16;1;0
25;2025-12-16;2;0
25;2025-12-16;3;0
25;2025-12-16;4;0
25;2025-12-16;5;17
25;2025-12-16;6;229
25;2025-12-16;7;515
25;2025-12-16;8;879
25;2025-12-16;9;459
25;2025-12-16;10;358
25;2025-12-16;11;410
25;2025-12-16;12;397
25;2025-12-16;13;502
25;2025-12-16;14;425
25;2025-12-16;15;516
25;2025-12-16;16;625
25;2025-12-16;17;721
25;2025-12-16;18;731
25;2025-12-16;19;569
25;2025-12-16;20;298
25;2025-12-16;21;213
25;2025-12-16;22;85
25;2025-12-16;23;7
25;2025-12-17;0;3
25;2025-12-17;1;0
25;2025-12-17;2;0
25;2025-12-17;3;0
25;2025-12-17;4;0
25;2025-12-17;5;17
25;2025-12-17;6;219
25;2025-12-17;7;494
25;2025-12-17;8;847
25;2025-12-17;9;457
25;2025-12-17;10;357
25;2025-12-17;11;412
25;2025-12-17;12;404
25;2025-12-17;13;511
25;2025-12-17;14;429
25;2025-12-17;15;524
25;2025-12-17;16;635
25;2025-12-17;17;733
25;2025-12-17;18;736
25;2025-12-17;19;573
25;2025-12-17;20;301
25;2025-12-17;21;214
25;2025-12-17;22;86
25;2025-12-17;23;7
25;2025-12-18;0;3
25;2025-12-18;1;0
25;2025-12-18;2;0
25;2025-12-18;3;0
25;2025-12-18;4;0
25;2025-12-18;5;17
25;2025-12-18;6;228
25;2025-12-18;7;510
25;2025-12-18;8;878
25;2025-12-18;9;460
25;2025-12-18;10;360
25;2025-12-18;11;412
25;2025-12-18;12;404
25;2025-12-18;13;510
25;2025-12-18;14;431
25;2025-12-18;15;526
25;2025-12-18;16;635
25;2025-12-18;17;736
25;2025-12-18;18;740
25;2025-12-18;19;574
25;2025-12-18;20;301
25;2025-12-18;21;215
25;2025-12-18;22;86
25;2025-12-18;23;7
25;2025-12-19;0;0
25;2025-12-19;1;0
25;2025-12-19;2;0
25;2025-12-19;3;0
25;2025-12-19;4;0
25;2025-12-19;5;14
25;2025-12-19;6;238
25;2025-12-19;7;546
25;2025-12-19;8;838
25;2025-12-19;9;427
25;2025-12-19;10;385
25;2025-12-19;11;420
25;2025-12-19;12;402
25;2025-12-19;13;529
25;2025-12-19;14;438
25;2025-12-19;15;609
25;2025-12-19;16;777
25;2025-12-19;17;746
25;2025-12-19;18;662
25;2025-12-19;19;608
25;2025-12-19;20;329
25;2025-12-19;21;214
25;2025-12-19;22;107
25;2025-12-19;23;14
25;2025-12-20;0;5
25;2025-12-20;1;0
25;2025-12-20;2;0
25;2025-12-20;3;0
25;2025-12-20;4;0
25;2025-12-20;5;17
25;2025-12-20;6;116
25;2025-12-20;7;128
25;2025-12-20;8;296
25;2025-12-20;9;265
25;2025-12-20;10;268
25;2025-12-20;11;352
25;2025-12-20;12;372
25;2025-12-20;13;608
25;2025-12-20;14;614
25;2025-12-20;15;722
25;2025-12-20;16;676
25;2025-12-20;17;541
25;2025-12-20;18;481
25;2025-12-20;19;418
25;2025-12-20;20;239
25;2025-12-20;21;184
25;2025-12-20;22;109
25;2025-12-20;23;40
25;2025-12-21;0;13
25;2025-12-21;1;1
25;2025-12-21;2;0
25;2025-12-21;3;0
25;2025-12-21;4;0
25;2025-12-21;5;8
25;2025-12-21;6;92
25;2025-12-21;7;95
25;2025-12-21;8;180
25;2025-12-21;9;207
25;2025-12-21;10;207
25;2025-12-21;11;294
25;2025-12-21;12;352
25;2025-12-21;13;456
25;2025-12-21;14;541
25;2025-12-21;15;622
25;2025-12-21;16;530
25;2025-12-21;17;522
25;2025-12-21;18;405
25;2025-12-21;19;275
25;2025-12-21;20;221
25;2025-12-21;21;137
25;2025-12-21;22;89
25;2025-12-21;23;33
25;2025-12-22;0;3
25;2025-12-22;1;0
25;2025-12-22;2;0
25;2025-12-22;3;0
25;2025-12-22;4;0
25;2025-12-22;5;18
25;2025-12-22;6;234
25;2025-12-22;7;522
25;2025-12-22;8;898
25;2025-12-22;9;470
25;2025-12-22;10;365
25;2025-12-22;11;416
25;2025-12-22;12;408
25;2025-12-22;13;513
25;2025-12-22;14;434
25;2025-12-22;15;529
25;2025-12-22;16;641
25;2025-12-22;17;742
25;2025-12-22;18;748
25;2025-12-22;19;580
25;2025-12-22;20;302
25;2025-12-22;21;214
25;2025-12-22;22;86
25;2025-12-22;23;7
25;2025-12-23;0;3
25;2025-12-23;1;0
25;2025-12-23;2;0
25;2025-12-23;3;0
25;2025-12-23;4;0
25;2025-12-23;5;18
25;2025-12-23;6;238
25;2025-12-23;7;532
25;2025-12-23;8;913
25;2025-12-23;9;477
25;2025-12-23;10;372
25;2025-12-23;11;429
25;2025-12-23;12;419
25;2025-12-23;13;529
25;2025-12-23;14;446
25;2025-12-23;15;545
25;2025-12-23;16;660
25;2025-12-23;17;763
25;2025-12-23;18;764
25;2025-12-23;19;593
25;2025-12-23;20;311
25;2025-12-23;21;220
25;2025-12-23;22;88
25;2025-12-23;23;8
25;2025-12-24;0;3
25;2025-12-24;1;0
25;2025-12-24;2;0
25;2025-12-24;3;0
25;2025-12-24;4;0
25;2025-12-24;5;18
25;2025-12-24;6;240
25;2025-12-24;7;533
25;2025-12-24;8;919
25;2025-12-24;9;480
25;2025-12-24;10;375
25;2025-12-24;11;430
25;2025-12-24;12;422
25;2025-12-24;13;534
25;2025-12-24;14;452
25;2025-12-24;15;549
25;2025-12-24;16;664
25;2025-12-24;17;767
25;2025-12-24;18;772
25;2025-12-24;19;602
25;2025-12-24;20;314
25;2025-12-24;21;224
25;2025-12-24;22;89
25;2025-12-24;23;8
25;2025-12-25;0;3
25;2025-12-25;1;0
25;2025-12-25;2;0
25;2025-12-25;3;0
25;2025-12-25;4;0
25;2025-12-25;5;18
25;2025-12-25;6;238
25;2025-12-25;7;535
25;2025-12-25;8;917
25;2025-12-25;9;469
25;2025-12-25;10;367
25;2025-12-25;11;422
25;2025-12-25;12;414
25;2025-12-25;13;520
25;2025-12-25;14;438
25;2025-12-25;15;535
25;2025-12-25;16;649
25;2025-12-25;17;749
25;2025-12-25;18;753
25;2025-12-25;19;581
25;2025-12-25;20;304
25;2025-12-25;21;216
25;2025-12-25;22;87
25;2025-12-25;23;8
25;2025-12-26;0;0
25;2025-12-26;1;0
25;2025-12-26;2;0
25;2025-12-26;3;0
25;2025-12-26;4;0
25;2025-12-26;5;14
25;2025-12-26;6;236
25;2025-12-26;7;538
25;2025-12-26;8;830
25;2025-12-26;9;421
25;2025-12-26;10;383
25;2025-12-26;11;419
25;2025-12-26;12;397
25;2025-12-26;13;529
25;2025-12-26;14;436
25;2025-12-26;15;610
25;2025-12-26;16;774
25;2025-12-26;17;742
25;2025-12-26;18;661
25;2025-12-26;19;609
25;2025-12-26;20;330
25;2025-12-26;21;214
25;2025-12-26;22;107
25;2025-12-26;23;14
25;2025-12-27;0;5
25;2025-12-27;1;0
25;2025-12-27;2;0
25;2025-12-27;3;0
25;2025-12-27;4;0
25;2025-12-27;5;16
25;2025-12-27;6;109
25;2025-12-27;7;120
25;2025-12-27;8;280
25;2025-12-27;9;254
25;2025-12-27;10;258
25;2025-12-27;11;340
25;2025-12-27;12;359
25;2025-12-27;13;588
25;2025-12-27;14;584
25;2025-12-27;15;683
25;2025-12-27;16;649
25;2025-12-27;17;514
25;2025-12-27;18;457
25;2025-12-27;19;400
25;2025-12-27;20;228
25;2025-12-27;21;176
25;2025-12-27;22;104
25;2025-12-27;23;39
25;2025-12-28;0;12
25;2025-12-28;1;1
25;2025-12-28;2;0
25;2025-12-28;3;0
25;2025-12-28;4;0
25;2025-12-28;5;8
25;2025-12-28;6;86
25;2025-12-28;7;92
25;2025-12-28;8;173
25;2025-12-28;9;196
25;2025-12-28;10;197
25;2025-12-28;11;280
25;2025-12-28;12;336
25;2025-12-28;13;438
25;2025-12-28;14;518
25;2025-12-28;15;586
25;2025-12-28;16;499
25;2025-12-28;17;504
25;2025-12-28;18;390
25;2025-12-28;19;267
25;2025-12-28;20;213
25;2025-12-28;21;133
25;2025-12-28;22;87
25;2025-12-28;23;32
25;2025-12-29;0;3
25;2025-12-29;1;0
25;2025-12-29;2;0
25;2025-12-29;3;0
25;2025-12-29;4;0
25;2025-12-29;5;16
25;2025-12-29;6;211
25;2025-12-29;7;473
25;2025-12-29;8;812
25;2025-12-29;9;424
25;2025-12-29;10;328
25;2025-12-29;11;376
25;2025-12-29;12;369
25;2025-12-29;13;464
25;2025-12-29;14;392
25;2025-12-29;15;479
25;2025-12-29;16;584
25;2025-12-29;17;673
25;2025-12-29;18;677
25;2025-12-29;19;529
25;2025-12-29;20;275
25;2025-12-29;21;195
25;2025-12-29;22;78
25;2025-12-29;23;7
25;2025-12-30;0;3
25;2025-12-30;1;0
25;2025-12-30;2;0
25;2025-12-30;3;0
25;2025-12-30;4;0
25;2025-12-30;5;17
25;2025-12-30;6;217
25;2025-12-30;7;489
25;2025-12-30;8;840
25;2025-12-30;9;439
25;2025-12-30;10;343
25;2025-12-30;11;393
25;2025-12-30;12;382
25;2025-12-30;13;489
25;2025-12-30;14;412
25;2025-12-30;15;502
25;2025-12-30;16;610
25;2025-12-30;17;703
25;2025-12-30;18;706
25;2025-12-30;19;550
25;2025-12-30;20;289
25;2025-12-30;21;206
25;2025-12-30;22;82
25;2025-12-30;23;7
25;2025-12-31;0;14
25;2025-12-31;1;1
25;2025-12-31;2;0
25;2025-12-31;3;0
25;2025-12-31;4;0
25;2025-12-31;5;9
25;2025-12-31;6;100
25;2025-12-31;7;104
25;2025-12-31;8;196
25;2025-12-31;9;222
25;2025-12-31;10;221
25;2025-12-31;11;314
25;2025-12-31;12;382
25;2025-12-31;13;489
25;2025-12-31;14;578
25;2025-12-31;15;659
25;2025-12-31;16;570
25;2025-12-31;17;571
25;2025-12-31;18;435
25;2025-12-31;19;298
25;2025-12-31;20;239
25;2025-12-31;21;149
25;2025-12-31;22;96
25;2025-12-31;23;36
26;2025-11-01;0;28
26;2025-11-01;1;1
26;2025-11-01;2;0
26;2025-11-01;3;0
26;2025-11-01;4;2
26;2025-11-01;5;83
26;2025-11-01;6;405
26;2025-11-01;7;960
26;2025-11-01;8;1943
26;2025-11-01;9;1297
26;2025-11-01;10;1087
26;2025-11-01;11;985
26;2025-11-01;12;1036
26;2025-11-01;13;1059
26;2025-11-01;14;1193
26;2025-11-01;15;1251
26;2025-11-01;16;1323
26;2025-11-01;17;1543
26;2025-11-01;18;1678
26;2025-11-01;19;1094
26;2025-11-01;20;661
26;2025-11-01;21;440
26;2025-11-01;22;181
26;2025-11-01;23;107
26;2025-11-02;0;50
26;2025-11-02;1;4
26;2025-11-02;2;0
26;2025-11-02;3;0
26;2025-11-02;4;2
26;2025-11-02;5;21
26;2025-11-02;6;163
26;2025-11-02;7;262
26;2025-11-02;8;382
26;2025-11-02;9;533
26;2025-11-02;10;611
26;2025-11-02;11;859
26;2025-11-02;12;860
26;2025-11-02;13;913
26;2025-11-02;14;889
26;2025-11-02;15;817
26;2025-11-02;16;780
26;2025-11-02;17;814
26;2025-11-02;18;727
26;2025-11-02;19;532
26;2025-11-02;20;417
26;2025-11-02;21;289
26;2025-11-02;22;166
26;2025-11-02;23;108
26;2025-11-03;0;48
26;2025-11-03;1;4
26;2025-11-03;2;0
26;2025-11-03;3;0
26;2025-11-03;4;1
26;2025-11-03;5;20
26;2025-11-03;6;158
26;2025-11-03;7;255
26;2025-11-03;8;372
26;2025-11-03;9;508
26;2025-11-03;10;570
26;2025-11-03;11;778
26;2025-11-03;12;762
26;2025-11-03;13;853
26;2025-11-03;14;823
26;2025-11-03;15;760
26;2025-11-03;16;728
26;2025-11-03;17;752
26;2025-11-03;18;691
26;2025-11-03;19;523
26;2025-11-03;20;407
26;2025-11-03;21;283
26;2025-11-03;22;165
26;2025-11-03;23;107
26;2025-11-04;0;48
26;2025-11-04;1;4
26;2025-11-04;2;0
26;2025-11-04;3;0
26;2025-11-04;4;1
26;2025-11-04;5;19
26;2025-11-04;6;151
26;2025-11-04;7;246
26;2025-11-04;8;357
26;2025-11-04;9;479
26;2025-11-04;10;555
26;2025-11-04;11;748
26;2025-11-04;12;731
26;2025-11-04;13;787
26;2025-11-04;14;781
26;2025-11-04;15;753
26;2025-11-04;16;720
26;2025-11-04;17;734
26;2025-11-04;18;675
26;2025-11-04;19;512
26;2025-11-04;20;404
26;2025-11-04;21;280
26;2025-11-04;22;164
26;2025-11-04;23;107
26;2025-11-05;0;33
26;2025-11-05;1;1
26;2025-11-05;2;0
26;2025-11-05;3;0
26;2025-11-05;4;2
26;2025-11-05;5;97
26;2025-11-05;6;474
26;2025-11-05;7;1121
26;2025-11-05;8;2269
26;2025-11-05;9;1468
26;2025-11-05;10;1232
26;2025-11-05;11;1109
26;2025-11-05;12;1177
26;2025-11-05;13;1182
26;2025-11-05;14;1322
26;2025-11-05;15;1385
26;2025-11-05;16;1480
26;2025-11-05;17;1733
26;2025-11-05;18;1916
26;2025-11-05;19;1264
26;2025-11-05;20;760
26;2025-11-05;21;505
26;2025-11-05;22;208
26;2025-11-05;23;123
26;2025-11-06;0;32
26;2025-11-06;1;1
26;2025-11-06;2;0
26;2025-11-06;3;0
26;2025-11-06;4;2
26;2025-11-06;5;96
26;2025-11-06;6;472
26;2025-11-06;7;1117
26;2025-11-06;8;2265
26;2025-11-06;9;1470
26;2025-11-06;10;1227
26;2025-11-06;11;1098
26;2025-11-06;12;1153
26;2025-11-06;13;1171
26;2025-11-06;14;1320
26;2025-11-06;15;1378
26;2025-11-06;16;1471
26;2025-11-06;17;1720
26;2025-11-06;18;1906
26;2025-11-06;19;1255
26;2025-11-06;20;755
26;2025-11-06;21;502
26;2025-11-06;22;207
26;2025-11-06;23;123
26;2025-11-07;0;30
26;2025-11-07;1;1
26;2025-11-07;2;0
26;2025-11-07;3;0
26;2025-11-07;4;1
26;2025-11-07;5;82
26;2025-11-07;6;490
26;2025-11-07;7;1020
26;2025-11-07;8;2178
26;2025-11-07;9;1377
26;2025-11-07;10;1235
26;2025-11-07;11;1103
26;2025-11-07;12;1097
26;2025-11-07;13;1133
26;2025-11-07;14;1352
26;2025-11-07;15;1344
26;2025-11-07;16;1643
26;2025-11-07;17;1769
26;2025-11-07;18;1310
26;2025-11-07;19;1035
26;2025-11-07;20;656
26;2025-11-07;21;470
26;2025-11-07;22;201
26;2025-11-07;23;154
26;2025-11-08;0;50
26;2025-11-08;1;2
26;2025-11-08;2;0
26;2025-11-08;3;0
26;2025-11-08;4;2
26;2025-11-08;5;50
26;2025-11-08;6;232
26;2025-11-08;7;366
26;2025-11-08;8;595
26;2025-11-08;9;649
26;2025-11-08;10;798
26;2025-11-08;11;962
26;2025-11-08;12;1037
26;2025-11-08;13;1021
26;2025-11-08;14;1070
26;2025-11-08;15;967
26;2025-11-08;16;1014
26;2025-11-08;17;928
26;2025-11-08;18;870
26;2025-11-08;19;763
26;2025-11-08;20;538
26;2025-11-08;21;352
26;2025-11-08;22;204
26;2025-11-08;23;156
26;2025-11-09;0;49
26;2025-11-09;1;4
26;2025-11-09;2;0
26;2025-11-09;3;0
26;2025-11-09;4;2
26;2025-11-09;5;21
26;2025-11-09;6;159
26;2025-11-09;7;260
26;2025-11-09;8;382
26;2025-11-09;9;529
26;2025-11-09;10;597
26;2025-11-09;11;833
26;2025-11-09;12;807
26;2025-11-09;13;864
26;2025-11-09;14;850
26;2025-11-09;15;780
26;2025-11-09;16;741
26;2025-11-09;17;756
26;2025-11-09;18;690
26;2025-11-09;19;508
26;2025-11-09;20;397
26;2025-11-09;21;276
26;2025-11-09;22;162
26;2025-11-09;23;105
26;2025-11-10;0;33
26;2025-11-10;1;1
26;2025-11-10;2;0
26;2025-11-10;3;0
26;2025-11-10;4;2
26;2025-11-10;5;98
26;2025-11-10;6;476
26;2025-11-10;7;1121
26;2025-11-10;8;2266
26;2025-11-10;9;1461
26;2025-11-10;10;1212
26;2025-11-10;11;1098
26;2025-11-10;12;1153
26;2025-11-10;13;1166
26;2025-11-10;14;1308
26;2025-11-10;15;1377
26;2025-11-10;16;1473
26;2025-11-10;17;1722
26;2025-11-10;18;1907
26;2025-11-10;19;1254
26;2025-11-10;20;748
26;2025-11-10;21;494
26;2025-11-10;22;203
26;2025-11-10;23;120
26;2025-11-11;0;33
26;2025-11-11;1;1
26;2025-11-11;2;0
26;2025-11-11;3;0
26;2025-11-11;4;2
26;2025-11-11;5;98
26;2025-11-11;6;477
26;2025-11-11;7;1127
26;2025-11-11;8;2278
26;2025-11-11;9;1480
26;2025-11-11;10;1240
26;2025-11-11;11;1115
26;2025-11-11;12;1172
26;2025-11-11;13;1185
26;2025-11-11;14;1333
26;2025-11-11;15;1394
26;2025-11-11;16;1488
26;2025-11-11;17;1742
26;2025-11-11;18;1927
26;2025-11-11;19;1271
26;2025-11-11;20;761
26;2025-11-11;21;504
26;2025-11-11;22;208
26;2025-11-11;23;122
26;2025-11-12;0;33
26;2025-11-12;1;1
26;2025-11-12;2;0
26;2025-11-12;3;0
26;2025-11-12;4;2
26;2025-11-12;5;97
26;2025-11-12;6;472
26;2025-11-12;7;1114
26;2025-11-12;8;2257
26;2025-11-12;9;1466
26;2025-11-12;10;1222
26;2025-11-12;11;1088
26;2025-11-12;12;1145
26;2025-11-12;13;1167
26;2025-11-12;14;1308
26;2025-11-12;15;1373
26;2025-11-12;16;1462
26;2025-11-12;17;1716
26;2025-11-12;18;1901
26;2025-11-12;19;1255
26;2025-11-12;20;753
26;2025-11-12;21;501
26;2025-11-12;22;207
26;2025-11-12;23;122
26;2025-11-13;0;33
26;2025-11-13;1;1
26;2025-11-13;2;0
26;2025-11-13;3;0
26;2025-11-13;4;2
26;2025-11-13;5;97
26;2025-11-13;6;474
26;2025-11-13;7;1120
26;2025-11-13;8;2269
26;2025-11-13;9;1477
26;2025-11-13;10;1242
26;2025-11-13;11;1115
26;2025-11-13;12;1173
26;2025-11-13;13;1185
26;2025-11-13;14;1339
26;2025-11-13;15;1395
26;2025-11-13;16;1492
26;2025-11-13;17;1740
26;2025-11-13;18;1931
26;2025-11-13;19;1269
26;2025-11-13;20;759
26;2025-11-13;21;499
26;2025-11-13;22;207
26;2025-11-13;23;123
26;2025-11-14;0;31
26;2025-11-14;1;1
26;2025-11-14;2;0
26;2025-11-14;3;0
26;2025-11-14;4;1
26;2025-11-14;5;83
26;2025-11-14;6;492
26;2025-11-14;7;1025
26;2025-11-14;8;2187
26;2025-11-14;9;1384
26;2025-11-14;10;1241
26;2025-11-14;11;1118
26;2025-11-14;12;1110
26;2025-11-14;13;1141
26;2025-11-14;14;1362
26;2025-11-14;15;1350
26;2025-11-14;16;1648
26;2025-11-14;17;1774
26;2025-11-14;18;1314
26;2025-11-14;19;1039
26;2025-11-14;20;660
26;2025-11-14;21;471
26;2025-11-14;22;201
26;2025-11-14;23;155
26;2025-11-15;0;54
26;2025-11-15;1;2
26;2025-11-15;2;0
26;2025-11-15;3;0
26;2025-11-15;4;2
26;2025-11-15;5;51
26;2025-11-15;6;237
26;2025-11-15;7;375
26;2025-11-15;8;617
26;2025-11-15;9;667
26;2025-11-15;10;822
26;2025-11-15;11;989
26;2025-11-15;12;1071
26;2025-11-15;13;1051
26;2025-11-15;14;1107
26;2025-11-15;15;1021
26;2025-11-15;16;1068
26;2025-11-15;17;980
26;2025-11-15;18;926
26;2025-11-15;19;814
26;2025-11-15;20;569
26;2025-11-15;21;367
26;2025-11-15;22;215
26;2025-11-15;23;165
26;2025-11-16;0;48
26;2025-11-16;1;4
26;2025-11-16;2;0
26;2025-11-16;3;0
26;2025-11-16;4;1
26;2025-11-16;5;20
26;2025-11-16;6;157
26;2025-11-16;7;252
26;2025-11-16;8;371
26;2025-11-16;9;519
26;2025-11-16;10;579
26;2025-11-16;11;811
26;2025-11-16;12;806
26;2025-11-16;13;863
26;2025-11-16;14;840
26;2025-11-16;15;782
26;2025-11-16;16;738
26;2025-11-16;17;748
26;2025-11-16;18;688
26;2025-11-16;19;507
26;2025-11-16;20;399
26;2025-11-16;21;279
26;2025-11-16;22;161
26;2025-11-16;23;105
26;2025-11-17;0;31
26;2025-11-17;1;1
26;2025-11-17;2;0
26;2025-11-17;3;0
26;2025-11-17;4;2
26;2025-11-17;5;94
26;2025-11-17;6;459
26;2025-11-17;7;1082
26;2025-11-17;8;2189
26;2025-11-17;9;1424
26;2025-11-17;10;1177
26;2025-11-17;11;1053
26;2025-11-17;12;1099
26;2025-11-17;13;1106
26;2025-11-17;14;1243
26;2025-11-17;15;1310
26;2025-11-17;16;1404
26;2025-11-17;17;1646
26;2025-11-17;18;1875
26;2025-11-17;19;1234
26;2025-11-17;20;738
26;2025-11-17;21;488
26;2025-11-17;22;201
26;2025-11-17;23;118
26;2025-11-18;0;31
26;2025-11-18;1;1
26;2025-11-18;2;0
26;2025-11-18;3;0
26;2025-11-18;4;2
26;2025-11-18;5;93
26;2025-11-18;6;458
26;2025-11-18;7;1095
26;2025-11-18;8;2214
26;2025-11-18;9;1437
26;2025-11-18;10;1188
26;2025-11-18;11;1073
26;2025-11-18;12;1128
26;2025-11-18;13;1137
26;2025-11-18;14;1285
26;2025-11-18;15;1340
26;2025-11-18;16;1431
26;2025-11-18;17;1652
26;2025-11-18;18;1809
26;2025-11-18;19;1187
26;2025-11-18;20;716
26;2025-11-18;21;475
26;2025-11-18;22;198
26;2025-11-18;23;116
26;2025-11-19;0;33
26;2025-11-19;1;1
26;2025-11-19;2;0
26;2025-11-19;3;0
26;2025-11-19;4;2
26;2025-11-19;5;97
26;2025-11-19;6;476
26;2025-11-19;7;1127
26;2025-11-19;8;2285
26;2025-11-19;9;1491
26;2025-11-19;10;1246
26;2025-11-19;11;1116
26;2025-11-19;12;1175
26;2025-11-19;13;1186
26;2025-11-19;14;1339
26;2025-11-19;15;1394
26;2025-11-19;16;1494
26;2025-11-19;17;1744
26;2025-11-19;18;1937
26;2025-11-19;19;1280
26;2025-11-19;20;767
26;2025-11-19;21;509
26;2025-11-19;22;211
26;2025-11-19;23;124
26;2025-11-20;0;33
26;2025-11-20;1;1
26;2025-11-20;2;0
26;2025-11-20;3;0
26;2025-11-20;4;2
26;2025-11-20;5;98
26;2025-11-20;6;477
26;2025-11-20;7;1129
26;2025-11-20;8;2295
26;2025-11-20;9;1497
26;2025-11-20;10;1252
26;2025-11-20;11;1124
26;2025-11-20;12;1191
26;2025-11-20;13;1202
26;2025-11-20;14;1348
26;2025-11-20;15;1407
26;2025-11-20;16;1502
26;2025-11-20;17;1749
26;2025-11-20;18;1950
26;2025-11-20;19;1278
26;2025-11-20;20;762
26;2025-11-20;21;502
26;2025-11-20;22;208
26;2025-11-20;23;122
26;2025-11-21;0;31
26;2025-11-21;1;1
26;2025-11-21;2;0
26;2025-11-21;3;0
26;2025-11-21;4;1
26;2025-11-21;5;84
26;2025-11-21;6;499
26;2025-11-21;7;1038
26;2025-11-21;8;2214
26;2025-11-21;9;1380
26;2025-11-21;10;1240
26;2025-11-21;11;1114
26;2025-11-21;12;1106
26;2025-11-21;13;1139
26;2025-11-21;14;1358
26;2025-11-21;15;1355
26;2025-11-21;16;1661
26;2025-11-21;17;1790
26;2025-11-21;18;1343
26;2025-11-21;19;1059
26;2025-11-21;20;672
26;2025-11-21;21;479
26;2025-11-21;22;204
26;2025-11-21;23;156
26;2025-11-22;0;52
26;2025-11-22;1;2
26;2025-11-22;2;0
26;2025-11-22;3;0
26;2025-11-22;4;2
26;2025-11-22;5;50
26;2025-11-22;6;228
26;2025-11-22;7;361
26;2025-11-22;8;594
26;2025-11-22;9;664
26;2025-11-22;10;827
26;2025-11-22;11;993
26;2025-11-22;12;1066
26;2025-11-22;13;1040
26;2025-11-22;14;1085
26;2025-11-22;15;980
26;2025-11-22;16;1029
26;2025-11-22;17;946
26;2025-11-22;18;885
26;2025-11-22;19;772
26;2025-11-22;20;543
26;2025-11-22;21;354
26;2025-11-22;22;206
26;2025-11-22;23;155
26;2025-11-23;0;49
26;2025-11-23;1;4
26;2025-11-23;2;0
26;2025-11-23;3;0
26;2025-11-23;4;2
26;2025-11-23;5;21
26;2025-11-23;6;162
26;2025-11-23;7;259
26;2025-11-23;8;384
26;2025-11-23;9;534
26;2025-11-23;10;593
26;2025-11-23;11;829
26;2025-11-23;12;824
26;2025-11-23;13;895
26;2025-11-23;14;870
26;2025-11-23;15;797
26;2025-11-23;16;765
26;2025-11-23;17;787
26;2025-11-23;18;719
26;2025-11-23;19;528
26;2025-11-23;20;409
26;2025-11-23;21;280
26;2025-11-23;22;163
26;2025-11-23;23;106
26;2025-11-24;0;31
26;2025-11-24;1;1
26;2025-11-24;2;0
26;2025-11-24;3;0
26;2025-11-24;4;2
26;2025-11-24;5;91
26;2025-11-24;6;447
26;2025-11-24;7;1060
26;2025-11-24;8;2153
26;2025-11-24;9;1351
26;2025-11-24;10;1162
26;2025-11-24;11;1042
26;2025-11-24;12;1093
26;2025-11-24;13;1101
26;2025-11-24;14;1254
26;2025-11-24;15;1318
26;2025-11-24;16;1424
26;2025-11-24;17;1651
26;2025-11-24;18;1821
26;2025-11-24;19;1194
26;2025-11-24;20;709
26;2025-11-24;21;470
26;2025-11-24;22;193
26;2025-11-24;23;114
26;2025-11-25;0;33
26;2025-11-25;1;1
26;2025-11-25;2;0
26;2025-11-25;3;0
26;2025-11-25;4;2
26;2025-11-25;5;98
26;2025-11-25;6;475
26;2025-11-25;7;1127
26;2025-11-25;8;2281
26;2025-11-25;9;1484
26;2025-11-25;10;1237
26;2025-11-25;11;1111
26;2025-11-25;12;1171
26;2025-11-25;13;1182
26;2025-11-25;14;1332
26;2025-11-25;15;1398
26;2025-11-25;16;1489
26;2025-11-25;17;1737
26;2025-11-25;18;1938
26;2025-11-25;19;1276
26;2025-11-25;20;765
26;2025-11-25;21;505
26;2025-11-25;22;209
26;2025-11-25;23;123
26;2025-11-26;0;33
26;2025-11-26;1;1
26;2025-11-26;2;0
26;2025-11-26;3;0
26;2025-11-26;4;2
26;2025-11-26;5;97
26;2025-11-26;6;473
26;2025-11-26;7;1116
26;2025-11-26;8;2286
26;2025-11-26;9;1461
26;2025-11-26;10;1221
26;2025-11-26;11;1097
26;2025-11-26;12;1150
26;2025-11-26;13;1157
26;2025-11-26;14;1311
26;2025-11-26;15;1370
26;2025-11-26;16;1451
26;2025-11-26;17;1711
26;2025-11-26;18;1904
26;2025-11-26;19;1255
26;2025-11-26;20;753
26;2025-11-26;21;498
26;2025-11-26;22;207
26;2025-11-26;23;122
26;2025-11-27;0;32
26;2025-11-27;1;1
26;2025-11-27;2;0
26;2025-11-27;3;0
26;2025-11-27;4;2
26;2025-11-27;5;96
26;2025-11-27;6;465
26;2025-11-27;7;1096
26;2025-11-27;8;2218
26;2025-11-27;9;1440
26;2025-11-27;10;1203
26;2025-11-27;11;1081
26;2025-11-27;12;1133
26;2025-11-27;13;1145
26;2025-11-27;14;1295
26;2025-11-27;15;1358
26;2025-11-27;16;1450
26;2025-11-27;17;1685
26;2025-11-27;18;1877
26;2025-11-27;19;1241
26;2025-11-27;20;742
26;2025-11-27;21;499
26;2025-11-27;22;207
26;2025-11-27;23;121
26;2025-11-28;0;30
26;2025-11-28;1;1
26;2025-11-28;2;0
26;2025-11-28;3;0
26;2025-11-28;4;1
26;2025-11-28;5;83
26;2025-11-28;6;490
26;2025-11-28;7;1013
26;2025-11-28;8;2171
26;2025-11-28;9;1375
26;2025-11-28;10;1239
26;2025-11-28;11;1108
26;2025-11-28;12;1097
26;2025-11-28;13;1132
26;2025-11-28;14;1343
26;2025-11-28;15;1340
26;2025-11-28;16;1632
26;2025-11-28;17;1757
26;2025-11-28;18;1299
26;2025-11-28;19;1017
26;2025-11-28;20;647
26;2025-11-28;21;459
26;2025-11-28;22;197
26;2025-11-28;23;153
26;2025-11-29;0;52
26;2025-11-29;1;2
26;2025-11-29;2;0
26;2025-11-29;3;0
26;2025-11-29;4;2
26;2025-11-29;5;51
26;2025-11-29;6;236
26;2025-11-29;7;371
26;2025-11-29;8;612
26;2025-11-29;9;670
26;2025-11-29;10;834
26;2025-11-29;11;991
26;2025-11-29;12;1068
26;2025-11-29;13;1043
26;2025-11-29;14;1087
26;2025-11-29;15;984
26;2025-11-29;16;1038
26;2025-11-29;17;945
26;2025-11-29;18;888
26;2025-11-29;19;783
26;2025-11-29;20;550
26;2025-11-29;21;357
26;2025-11-29;22;207
26;2025-11-29;23;159
26;2025-11-30;0;49
26;2025-11-30;1;4
26;2025-11-30;2;0
26;2025-11-30;3;0
26;2025-11-30;4;1
26;2025-11-30;5;20
26;2025-11-30;6;158
26;2025-11-30;7;257
26;2025-11-30;8;376
26;2025-11-30;9;523
26;2025-11-30;10;587
26;2025-11-30;11;822
26;2025-11-30;12;818
26;2025-11-30;13;875
26;2025-11-30;14;834
26;2025-11-30;15;762
26;2025-11-30;16;737
26;2025-11-30;17;759
26;2025-11-30;18;708
26;2025-11-30;19;519
26;2025-11-30;20;405
26;2025-11-30;21;280
26;2025-11-30;22;164
26;2025-11-30;23;107
26;2025-12-01;0;32
26;2025-12-01;1;1
26;2025-12-01;2;0
26;2025-12-01;3;0
26;2025-12-01;4;2
26;2025-12-01;5;96
26;2025-12-01;6;468
26;2025-12-01;7;1103
26;2025-12-01;8;2233
26;2025-12-01;9;1446
26;2025-12-01;10;1202
26;2025-12-01;11;1078
26;2025-12-01;12;1133
26;2025-12-01;13;1146
26;2025-12-01;14;1287
26;2025-12-01;15;1354
26;2025-12-01;16;1449
26;2025-12-01;17;1694
26;2025-12-01;18;1880
26;2025-12-01;19;1236
26;2025-12-01;20;737
26;2025-12-01;21;486
26;2025-12-01;22;200
26;2025-12-01;23;118
26;2025-12-02;0;32
26;2025-12-02;1;1
26;2025-12-02;2;0
26;2025-12-02;3;0
26;2025-12-02;4;2
26;2025-12-02;5;96
26;2025-12-02;6;470
26;2025-12-02;7;1108
26;2025-12-02;8;2247
26;2025-12-02;9;1460
26;2025-12-02;10;1225
26;2025-12-02;11;1101
26;2025-12-02;12;1158
26;2025-12-02;13;1170
26;2025-12-02;14;1314
26;2025-12-02;15;1373
26;2025-12-02;16;1467
26;2025-12-02;17;1714
26;2025-12-02;18;1900
26;2025-12-02;19;1251
26;2025-12-02;20;749
26;2025-12-02;21;496
26;2025-12-02;22;205
26;2025-12-02;23;120
26;2025-12-03;0;32
26;2025-12-03;1;1
26;2025-12-03;2;0
26;2025-12-03;3;0
26;2025-12-03;4;2
26;2025-12-03;5;96
26;2025-12-03;6;470
26;2025-12-03;7;1109
26;2025-12-03;8;2254
26;2025-12-03;9;1460
26;2025-12-03;10;1224
26;2025-12-03;11;1096
26;2025-12-03;12;1153
26;2025-12-03;13;1165
26;2025-12-03;14;1311
26;2025-12-03;15;1366
26;2025-12-03;16;1465
26;2025-12-03;17;1713
26;2025-12-03;18;1898
26;2025-12-03;19;1252
26;2025-12-03;20;750
26;2025-12-03;21;499
26;2025-12-03;22;206
26;2025-12-03;23;121
26;2025-12-04;0;32
26;2025-12-04;1;1
26;2025-12-04;2;0
26;2025-12-04;3;0
26;2025-12-04;4;2
26;2025-12-04;5;96
26;2025-12-04;6;469
26;2025-12-04;7;1112
26;2025-12-04;8;2256
26;2025-12-04;9;1464
26;2025-12-04;10;1227
26;2025-12-04;11;1097
26;2025-12-04;12;1155
26;2025-12-04;13;1171
26;2025-12-04;14;1317
26;2025-12-04;15;1376
26;2025-12-04;16;1471
26;2025-12-04;17;1718
26;2025-12-04;18;1909
26;2025-12-04;19;1254
26;2025-12-04;20;750
26;2025-12-04;21;499
26;2025-12-04;22;206
26;2025-12-04;23;121
26;2025-12-05;0;31
26;2025-12-05;1;1
26;2025-12-05;2;0
26;2025-12-05;3;0
26;2025-12-05;4;1
26;2025-12-05;5;82
26;2025-12-05;6;489
26;2025-12-05;7;1017
26;2025-12-05;8;2174
26;2025-12-05;9;1377
26;2025-12-05;10;1232
26;2025-12-05;11;1102
26;2025-12-05;12;1097
26;2025-12-05;13;1131
26;2025-12-05;14;1349
26;2025-12-05;15;1340
26;2025-12-05;16;1640
26;2025-12-05;17;1768
26;2025-12-05;18;1308
26;2025-12-05;19;1029
26;2025-12-05;20;656
26;2025-12-05;21;467
26;2025-12-05;22;198
26;2025-12-05;23;152
26;2025-12-06;0;51
26;2025-12-06;1;2
26;2025-12-06;2;0
26;2025-12-06;3;0
26;2025-12-06;4;2
26;2025-12-06;5;50
26;2025-12-06;6;229
26;2025-12-06;7;364
26;2025-12-06;8;602
26;2025-12-06;9;653
26;2025-12-06;10;808
26;2025-12-06;11;970
26;2025-12-06;12;1048
26;2025-12-06;13;1024
26;2025-12-06;14;1072
26;2025-12-06;15;969
26;2025-12-06;16;1017
26;2025-12-06;17;933
26;2025-12-06;18;872
26;2025-12-06;19;766
26;2025-12-06;20;540
26;2025-12-06;21;351
26;2025-12-06;22;204
26;2025-12-06;23;155
26;2025-12-07;0;48
26;2025-12-07;1;4
26;2025-12-07;2;0
26;2025-12-07;3;0
26;2025-12-07;4;1
26;2025-12-07;5;20
26;2025-12-07;6;155
26;2025-12-07;7;253
26;2025-12-07;8;370
26;2025-12-07;9;514
26;2025-12-07;10;577
26;2025-12-07;11;808
26;2025-12-07;12;804
26;2025-12-07;13;864
26;2025-12-07;14;838
26;2025-12-07;15;773
26;2025-12-07;16;747
26;2025-12-07;17;761
26;2025-12-07;18;694
26;2025-12-07;19;512
26;2025-12-07;20;400
26;2025-12-07;21;277
26;2025-12-07;22;162
26;2025-12-07;23;105
26;2025-12-08;0;32
26;2025-12-08;1;1
26;2025-12-08;2;0
26;2025-12-08;3;0
26;2025-12-08;4;2
26;2025-12-08;5;96
26;2025-12-08;6;468
26;2025-12-08;7;1102
26;2025-12-08;8;2239
26;2025-12-08;9;1449
26;2025-12-08;10;1205
26;2025-12-08;11;1079
26;2025-12-08;12;1133
26;2025-12-08;13;1144
26;2025-12-08;14;1284
26;2025-12-08;15;1349
26;2025-12-08;16;1445
26;2025-12-08;17;1693
26;2025-12-08;18;1882
26;2025-12-08;19;1235
26;2025-12-08;20;737
26;2025-12-08;21;486
26;2025-12-08;22;200
26;2025-12-08;23;118
26;2025-12-09;0;32
26;2025-12-09;1;1
26;2025-12-09;2;0
26;2025-12-09;3;0
26;2025-12-09;4;2
26;2025-12-09;5;96
26;2025-12-09;6;469
26;2025-12-09;7;1107
26;2025-12-09;8;2241
26;2025-12-09;9;1460
26;2025-12-09;10;1220
26;2025-12-09;11;1091
26;2025-12-09;12;1149
26;2025-12-09;13;1159
26;2025-12-09;14;1302
26;2025-12-09;15;1361
26;2025-12-09;16;1452
26;2025-12-09;17;1700
26;2025-12-09;18;1890
26;2025-12-09;19;1243
26;2025-12-09;20;745
26;2025-12-09;21;492
26;2025-12-09;22;204
26;2025-12-09;23;120
26;2025-12-10;0;32
26;2025-12-10;1;1
26;2025-12-10;2;0
26;2025-12-10;3;0
26;2025-12-10;4;2
26;2025-12-10;5;96
26;2025-12-10;6;467
26;2025-12-10;7;1107
26;2025-12-10;8;2252
26;2025-12-10;9;1464
26;2025-12-10;10;1221
26;2025-12-10;11;1099
26;2025-12-10;12;1152
26;2025-12-10;13;1164
26;2025-12-10;14;1308
26;2025-12-10;15;1368
26;2025-12-10;16;1462
26;2025-12-10;17;1711
26;2025-12-10;18;1907
26;2025-12-10;19;1263
26;2025-12-10;20;754
26;2025-12-10;21;500
26;2025-12-10;22;207
26;2025-12-10;23;122
26;2025-12-11;0;31
26;2025-12-11;1;1
26;2025-12-11;2;0
26;2025-12-11;3;0
26;2025-12-11;4;2
26;2025-12-11;5;92
26;2025-12-11;6;446
26;2025-12-11;7;1057
26;2025-12-11;8;2137
26;2025-12-11;9;1404
26;2025-12-11;10;1168
26;2025-12-11;11;1056
26;2025-12-11;12;1116
26;2025-12-11;13;1132
26;2025-12-11;14;1272
26;2025-12-11;15;1336
26;2025-12-11;16;1430
26;2025-12-11;17;1660
26;2025-12-11;18;1855
26;2025-12-11;19;1217
26;2025-12-11;20;731
26;2025-12-11;21;488
26;2025-12-11;22;202
26;2025-12-11;23;119
26;2025-12-12;0;30
26;2025-12-12;1;1
26;2025-12-12;2;0
26;2025-12-12;3;0
26;2025-12-12;4;1
26;2025-12-12;5;81
26;2025-12-12;6;486
26;2025-12-12;7;1010
26;2025-12-12;8;2151
26;2025-12-12;9;1360
26;2025-12-12;10;1218
26;2025-12-12;11;1093
26;2025-12-12;12;1082
26;2025-12-12;13;1101
26;2025-12-12;14;1297
26;2025-12-12;15;1284
26;2025-12-12;16;1585
26;2025-12-12;17;1699
26;2025-12-12;18;1271
26;2025-12-12;19;1006
26;2025-12-12;20;629
26;2025-12-12;21;448
26;2025-12-12;22;193
26;2025-12-12;23;148
26;2025-12-13;0;51
26;2025-12-13;1;2
26;2025-12-13;2;0
26;2025-12-13;3;0
26;2025-12-13;4;2
26;2025-12-13;5;49
26;2025-12-13;6;230
26;2025-12-13;7;363
26;2025-12-13;8;598
26;2025-12-13;9;636
26;2025-12-13;10;787
26;2025-12-13;11;947
26;2025-12-13;12;1014
26;2025-12-13;13;995
26;2025-12-13;14;1031
26;2025-12-13;15;930
26;2025-12-13;16;978
26;2025-12-13;17;893
26;2025-12-13;18;845
26;2025-12-13;19;749
26;2025-12-13;20;528
26;2025-12-13;21;342
26;2025-12-13;22;202
26;2025-12-13;23;152
26;2025-12-14;0;47
26;2025-12-14;1;4
26;2025-12-14;2;0
26;2025-12-14;3;0
26;2025-12-14;4;1
26;2025-12-14;5;20
26;2025-12-14;6;155
26;2025-12-14;7;253
26;2025-12-14;8;369
26;2025-12-14;9;515
26;2025-12-14;10;578
26;2025-12-14;11;806
26;2025-12-14;12;800
26;2025-12-14;13;851
26;2025-12-14;14;824
26;2025-12-14;15;763
26;2025-12-14;16;738
26;2025-12-14;17;762
26;2025-12-14;18;689
26;2025-12-14;19;511
26;2025-12-14;20;402
26;2025-12-14;21;278
26;2025-12-14;22;163
26;2025-12-14;23;106
26;2025-12-15;0;32
26;2025-12-15;1;1
26;2025-12-15;2;0
26;2025-12-15;3;0
26;2025-12-15;4;2
26;2025-12-15;5;96
26;2025-12-15;6;466
26;2025-12-15;7;1102
26;2025-12-15;8;2242
26;2025-12-15;9;1449
26;2025-12-15;10;1200
26;2025-12-15;11;1074
26;2025-12-15;12;1130
26;2025-12-15;13;1149
26;2025-12-15;14;1294
26;2025-12-15;15;1356
26;2025-12-15;16;1450
26;2025-12-15;17;1692
26;2025-12-15;18;1893
26;2025-12-15;19;1245
26;2025-12-15;20;740
26;2025-12-15;21;487
26;2025-12-15;22;201
26;2025-12-15;23;118
26;2025-12-16;0;32
26;2025-12-16;1;1
26;2025-12-16;2;0
26;2025-12-16;3;0
26;2025-12-16;4;2
26;2025-12-16;5;96
26;2025-12-16;6;471
26;2025-12-16;7;1108
26;2025-12-16;8;2233
26;2025-12-16;9;1456
26;2025-12-16;10;1218
26;2025-12-16;11;1092
26;2025-12-16;12;1134
26;2025-12-16;13;1146
26;2025-12-16;14;1290
26;2025-12-16;15;1340
26;2025-12-16;16;1442
26;2025-12-16;17;1693
26;2025-12-16;18;1897
26;2025-12-16;19;1248
26;2025-12-16;20;746
26;2025-12-16;21;495
26;2025-12-16;22;205
26;2025-12-16;23;120
26;2025-12-17;0;31
26;2025-12-17;1;1
26;2025-12-17;2;0
26;2025-12-17;3;0
26;2025-12-17;4;2
26;2025-12-17;5;94
26;2025-12-17;6;456
26;2025-12-17;7;1079
26;2025-12-17;8;2185
26;2025-12-17;9;1448
26;2025-12-17;10;1211
26;2025-12-17;11;1091
26;2025-12-17;12;1143
26;2025-12-17;13;1156
26;2025-12-17;14;1295
26;2025-12-17;15;1357
26;2025-12-17;16;1455
26;2025-12-17;17;1703
26;2025-12-17;18;1891
26;2025-12-17;19;1246
26;2025-12-17;20;747
26;2025-12-17;21;495
26;2025-12-17;22;205
26;2025-12-17;23;120
26;2025-12-18;0;32
26;2025-12-18;1;1
26;2025-12-18;2;0
26;2025-12-18;3;0
26;2025-12-18;4;2
26;2025-12-18;5;96
26;2025-12-18;6;466
26;2025-12-18;7;1101
26;2025-12-18;8;2235
26;2025-12-18;9;1453
26;2025-12-18;10;1215
26;2025-12-18;11;1089
26;2025-12-18;12;1144
26;2025-12-18;13;1156
26;2025-12-18;14;1299
26;2025-12-18;15;1359
26;2025-12-18;16;1449
26;2025-12-18;17;1705
26;2025-12-18;18;1899
26;2025-12-18;19;1247
26;2025-12-18;20;748
26;2025-12-18;21;496
26;2025-12-18;22;205
26;2025-12-18;23;121
26;2025-12-19;0;31
26;2025-12-19;1;1
26;2025-12-19;2;0
26;2025-12-19;3;0
26;2025-12-19;4;1
26;2025-12-19;5;82
26;2025-12-19;6;491
26;2025-12-19;7;1018
26;2025-12-19;8;2180
26;2025-12-19;9;1380
26;2025-12-19;10;1233
26;2025-12-19;11;1100
26;2025-12-19;12;1094
26;2025-12-19;13;1125
26;2025-12-19;14;1337
26;2025-12-19;15;1332
26;2025-12-19;16;1628
26;2025-12-19;17;1751
26;2025-12-19;18;1307
26;2025-12-19;19;1033
26;2025-12-19;20;654
26;2025-12-19;21;464
26;2025-12-19;22;199
26;2025-12-19;23;153
26;2025-12-20;0;51
26;2025-12-20;1;2
26;2025-12-20;2;0
26;2025-12-20;3;0
26;2025-12-20;4;2
26;2025-12-20;5;50
26;2025-12-20;6;232
26;2025-12-20;7;367
26;2025-12-20;8;604
26;2025-12-20;9;658
26;2025-12-20;10;811
26;2025-12-20;11;977
26;2025-12-20;12;1055
26;2025-12-20;13;1030
26;2025-12-20;14;1074
26;2025-12-20;15;975
26;2025-12-20;16;1019
26;2025-12-20;17;932
26;2025-12-20;18;875
26;2025-12-20;19;768
26;2025-12-20;20;536
26;2025-12-20;21;349
26;2025-12-20;22;203
26;2025-12-20;23;155
26;2025-12-21;0;48
26;2025-12-21;1;4
26;2025-12-21;2;0
26;2025-12-21;3;0
26;2025-12-21;4;1
26;2025-12-21;5;20
26;2025-12-21;6;156
26;2025-12-21;7;251
26;2025-12-21;8;369
26;2025-12-21;9;517
26;2025-12-21;10;580
26;2025-12-21;11;814
26;2025-12-21;12;806
26;2025-12-21;13;865
26;2025-12-21;14;842
26;2025-12-21;15;776
26;2025-12-21;16;741
26;2025-12-21;17;761
26;2025-12-21;18;695
26;2025-12-21;19;514
26;2025-12-21;20;401
26;2025-12-21;21;276
26;2025-12-21;22;162
26;2025-12-21;23;105
26;2025-12-22;0;32
26;2025-12-22;1;1
26;2025-12-22;2;0
26;2025-12-22;3;0
26;2025-12-22;4;2
26;2025-12-22;5;97
26;2025-12-22;6;476
26;2025-12-22;7;1119
26;2025-12-22;8;2276
26;2025-12-22;9;1479
26;2025-12-22;10;1232
26;2025-12-22;11;1092
26;2025-12-22;12;1148
26;2025-12-22;13;1155
26;2025-12-22;14;1295
26;2025-12-22;15;1362
26;2025-12-22;16;1457
26;2025-12-22;17;1713
26;2025-12-22;18;1904
26;2025-12-22;19;1251
26;2025-12-22;20;746
26;2025-12-22;21;492
26;2025-12-22;22;203
26;2025-12-22;23;120
26;2025-12-23;0;33
26;2025-12-23;1;1
26;2025-12-23;2;0
26;2025-12-23;3;0
26;2025-12-23;4;2
26;2025-12-23;5;100
26;2025-12-23;6;485
26;2025-12-23;7;1143
26;2025-12-23;8;2316
26;2025-12-23;9;1505
26;2025-12-23;10;1254
26;2025-12-23;11;1125
26;2025-12-23;12;1181
26;2025-12-23;13;1193
26;2025-12-23;14;1340
26;2025-12-23;15;1402
26;2025-12-23;16;1499
26;2025-12-23;17;1756
26;2025-12-23;18;1956
26;2025-12-23;19;1288
26;2025-12-23;20;772
26;2025-12-23;21;508
26;2025-12-23;22;210
26;2025-12-23;23;124
26;2025-12-24;0;33
26;2025-12-24;1;1
26;2025-12-24;2;0
26;2025-12-24;3;0
26;2025-12-24;4;2
26;2025-12-24;5;99
26;2025-12-24;6;482
26;2025-12-24;7;1144
26;2025-12-24;8;2326
26;2025-12-24;9;1510
26;2025-12-24;10;1261
26;2025-12-24;11;1128
26;2025-12-24;12;1187
26;2025-12-24;13;1206
26;2025-12-24;14;1352
26;2025-12-24;15;1411
26;2025-12-24;16;1509
26;2025-12-24;17;1765
26;2025-12-24;18;1967
26;2025-12-24;19;1299
26;2025-12-24;20;778
26;2025-12-24;21;514
26;2025-12-24;22;213
26;2025-12-24;23;126
26;2025-12-25;0;33
26;2025-12-25;1;1
26;2025-12-25;2;0
26;2025-12-25;3;0
26;2025-12-25;4;2
26;2025-12-25;5;99
26;2025-12-25;6;483
26;2025-12-25;7;1146
26;2025-12-25;8;2317
26;2025-12-25;9;1480
26;2025-12-25;10;1238
26;2025-12-25;11;1111
26;2025-12-25;12;1168
26;2025-12-25;13;1178
26;2025-12-25;14;1321
26;2025-12-25;15;1382
26;2025-12-25;16;1479
26;2025-12-25;17;1730
26;2025-12-25;18;1931
26;2025-12-25;19;1268
26;2025-12-25;20;757
26;2025-12-25;21;503
26;2025-12-25;22;209
26;2025-12-25;23;123
26;2025-12-26;0;31
26;2025-12-26;1;1
26;2025-12-26;2;0
26;2025-12-26;3;0
26;2025-12-26;4;1
26;2025-12-26;5;82
26;2025-12-26;6;493
26;2025-12-26;7;1013
26;2025-12-26;8;2181
26;2025-12-26;9;1378
26;2025-12-26;10;1242
26;2025-12-26;11;1110
26;2025-12-26;12;1101
26;2025-12-26;13;1132
26;2025-12-26;14;1353
26;2025-12-26;15;1353
26;2025-12-26;16;1647
26;2025-12-26;17;1767
26;2025-12-26;18;1318
26;2025-12-26;19;1046
26;2025-12-26;20;662
26;2025-12-26;21;470
26;2025-12-26;22;201
26;2025-12-26;23;154
26;2025-12-27;0;49
26;2025-12-27;1;2
26;2025-12-27;2;0
26;2025-12-27;3;0
26;2025-12-27;4;2
26;2025-12-27;5;48
26;2025-12-27;6;222
26;2025-12-27;7;349
26;2025-12-27;8;579
26;2025-12-27;9;639
26;2025-12-27;10;791
26;2025-12-27;11;954
26;2025-12-27;12;1034
26;2025-12-27;13;1007
26;2025-12-27;14;1037
26;2025-12-27;15;936
26;2025-12-27;16;991
26;2025-12-27;17;896
26;2025-12-27;18;845
26;2025-12-27;19;745
26;2025-12-27;20;521
26;2025-12-27;21;338
26;2025-12-27;22;197
26;2025-12-27;23;150
26;2025-12-28;0;46
26;2025-12-28;1;4
26;2025-12-28;2;0
26;2025-12-28;3;0
26;2025-12-28;4;1
26;2025-12-28;5;19
26;2025-12-28;6;150
26;2025-12-28;7;244
26;2025-12-28;8;358
26;2025-12-28;9;502
26;2025-12-28;10;566
26;2025-12-28;11;795
26;2025-12-28;12;787
26;2025-12-28;13;846
26;2025-12-28;14;824
26;2025-12-28;15;751
26;2025-12-28;16;719
26;2025-12-28;17;753
26;2025-12-28;18;680
26;2025-12-28;19;508
26;2025-12-28;20;395
26;2025-12-28;21;274
26;2025-12-28;22;160
26;2025-12-28;23;104
26;2025-12-29;0;29
26;2025-12-29;1;1
26;2025-12-29;2;0
26;2025-12-29;3;0
26;2025-12-29;4;2
26;2025-12-29;5;88
26;2025-12-29;6;427
26;2025-12-29;7;1006
26;2025-12-29;8;2048
26;2025-12-29;9;1329
26;2025-12-29;10;1101
26;2025-12-29;11;985
26;2025-12-29;12;1038
26;2025-12-29;13;1050
26;2025-12-29;14;1177
26;2025-12-29;15;1236
26;2025-12-29;16;1324
26;2025-12-29;17;1543
26;2025-12-29;18;1720
26;2025-12-29;19;1138
26;2025-12-29;20;677
26;2025-12-29;21;446
26;2025-12-29;22;185
26;2025-12-29;23;109
26;2025-12-30;0;30
26;2025-12-30;1;1
26;2025-12-30;2;0
26;2025-12-30;3;0
26;2025-12-30;4;2
26;2025-12-30;5;91
26;2025-12-30;6;444
26;2025-12-30;7;1047
26;2025-12-30;8;2130
26;2025-12-30;9;1381
26;2025-12-30;10;1150
26;2025-12-30;11;1030
26;2025-12-30;12;1080
26;2025-12-30;13;1110
26;2025-12-30;14;1244
26;2025-12-30;15;1299
26;2025-12-30;16;1399
26;2025-12-30;17;1634
26;2025-12-30;18;1813
26;2025-12-30;19;1198
26;2025-12-30;20;721
26;2025-12-30;21;478
26;2025-12-30;22;198
26;2025-12-30;23;116
26;2025-12-31;0;52
26;2025-12-31;1;4
26;2025-12-31;2;0
26;2025-12-31;3;0
26;2025-12-31;4;2
26;2025-12-31;5;22
26;2025-12-31;6;169
26;2025-12-31;7;272
26;2025-12-31;8;399
26;2025-12-31;9;555
26;2025-12-31;10;622
26;2025-12-31;11;871
26;2025-12-31;12;870
26;2025-12-31;13;919
26;2025-12-31;14;893
26;2025-12-31;15;817
26;2025-12-31;16;790
26;2025-12-31;17;822
26;2025-12-31;18;733
26;2025-12-31;19;546
26;2025-12-31;20;429
26;2025-12-31;21;298
26;2025-12-31;22;173
26;2025-12-31;23;113
28;2025-11-01;0;2
28;2025-11-01;1;1
28;2025-11-01;2;0
28;2025-11-01;3;0
28;2025-11-01;4;1
28;2025-11-01;5;65
28;2025-11-01;6;210
28;2025-11-01;7;650
28;2025-11-01;8;1060
28;2025-11-01;9;701
28;2025-11-01;10;522
28;2025-11-01;11;481
28;2025-11-01;12;603
28;2025-11-01;13;611
28;2025-11-01;14;578
28;2025-11-01;15;606
28;2025-11-01;16;771
28;2025-11-01;17;903
28;2025-11-01;18;860
28;2025-11-01;19;640
28;2025-11-01;20;444
28;2025-11-01;21;275
28;2025-11-01;22;101
28;2025-11-01;23;10
28;2025-11-02;0;2
28;2025-11-02;1;0
28;2025-11-02;2;0
28;2025-11-02;3;0
28;2025-11-02;4;0
28;2025-11-02;5;29
28;2025-11-02;6;75
28;2025-11-02;7;159
28;2025-11-02;8;244
28;2025-11-02;9;342
28;2025-11-02;10;391
28;2025-11-02;11;433
28;2025-11-02;12;450
28;2025-11-02;13;546
28;2025-11-02;14;518
28;2025-11-02;15;514
28;2025-11-02;16;460
28;2025-11-02;17;497
28;2025-11-02;18;420
28;2025-11-02;19;382
28;2025-11-02;20;289
28;2025-11-02;21;233
28;2025-11-02;22;110
28;2025-11-02;23;12
28;2025-11-03;0;2
28;2025-11-03;1;0
28;2025-11-03;2;0
28;2025-11-03;3;0
28;2025-11-03;4;0
28;2025-11-03;5;29
28;2025-11-03;6;75
28;2025-11-03;7;159
28;2025-11-03;8;246
28;2025-11-03;9;338
28;2025-11-03;10;377
28;2025-11-03;11;404
28;2025-11-03;12;410
28;2025-11-03;13;526
28;2025-11-03;14;494
28;2025-11-03;15;493
28;2025-11-03;16;441
28;2025-11-03;17;477
28;2025-11-03;18;415
28;2025-11-03;19;388
28;2025-11-03;20;291
28;2025-11-03;21;234
28;2025-11-03;22;111
28;2025-11-03;23;13
28;2025-11-04;0;2
28;2025-11-04;1;0
28;2025-11-04;2;0
28;2025-11-04;3;0
28;2025-11-04;4;0
28;2025-11-04;5;28
28;2025-11-04;6;72
28;2025-11-04;7;153
28;2025-11-04;8;236
28;2025-11-04;9;314
28;2025-11-04;10;368
28;2025-11-04;11;384
28;2025-11-04;12;392
28;2025-11-04;13;478
28;2025-11-04;14;461
28;2025-11-04;15;485
28;2025-11-04;16;434
28;2025-11-04;17;463
28;2025-11-04;18;402
28;2025-11-04;19;377
28;2025-11-04;20;287
28;2025-11-04;21;230
28;2025-11-04;22;110
28;2025-11-04;23;13
28;2025-11-05;0;3
28;2025-11-05;1;1
28;2025-11-05;2;0
28;2025-11-05;3;0
28;2025-11-05;4;1
28;2025-11-05;5;78
28;2025-11-05;6;250
28;2025-11-05;7;775
28;2025-11-05;8;1260
28;2025-11-05;9;812
28;2025-11-05;10;602
28;2025-11-05;11;552
28;2025-11-05;12;696
28;2025-11-05;13;696
28;2025-11-05;14;656
28;2025-11-05;15;682
28;2025-11-05;16;878
28;2025-11-05;17;1032
28;2025-11-05;18;996
28;2025-11-05;19;742
28;2025-11-05;20;514
28;2025-11-05;21;318
28;2025-11-05;22;116
28;2025-11-05;23;12
28;2025-11-06;0;3
28;2025-11-06;1;1
28;2025-11-06;2;0
28;2025-11-06;3;0
28;2025-11-06;4;1
28;2025-11-06;5;78
28;2025-11-06;6;250
28;2025-11-06;7;779
28;2025-11-06;8;1266
28;2025-11-06;9;815
28;2025-11-06;10;602
28;2025-11-06;11;550
28;2025-11-06;12;687
28;2025-11-06;13;690
28;2025-11-06;14;653
28;2025-11-06;15;679
28;2025-11-06;16;874
28;2025-11-06;17;1029
28;2025-11-06;18;992
28;2025-11-06;19;738
28;2025-11-06;20;511
28;2025-11-06;21;317
28;2025-11-06;22;116
28;2025-11-06;23;12
28;2025-11-07;0;2
28;2025-11-07;1;0
28;2025-11-07;2;0
28;2025-11-07;3;0
28;2025-11-07;4;1
28;2025-11-07;5;76
28;2025-11-07;6;277
28;2025-11-07;7;840
28;2025-11-07;8;1285
28;2025-11-07;9;827
28;2025-11-07;10;621
28;2025-11-07;11;593
28;2025-11-07;12;784
28;2025-11-07;13;716
28;2025-11-07;14;703
28;2025-11-07;15;722
28;2025-11-07;16;948
28;2025-11-07;17;989
28;2025-11-07;18;861
28;2025-11-07;19;646
28;2025-11-07;20;421
28;2025-11-07;21;327
28;2025-11-07;22;129
28;2025-11-07;23;19
28;2025-11-08;0;2
28;2025-11-08;1;0
28;2025-11-08;2;0
28;2025-11-08;3;0
28;2025-11-08;4;1
28;2025-11-08;5;39
28;2025-11-08;6;104
28;2025-11-08;7;227
28;2025-11-08;8;387
28;2025-11-08;9;437
28;2025-11-08;10;475
28;2025-11-08;11;483
28;2025-11-08;12;570
28;2025-11-08;13;581
28;2025-11-08;14;541
28;2025-11-08;15;585
28;2025-11-08;16;588
28;2025-11-08;17;564
28;2025-11-08;18;489
28;2025-11-08;19;373
28;2025-11-08;20;276
28;2025-11-08;21;253
28;2025-11-08;22;102
28;2025-11-08;23;12
28;2025-11-09;0;2
28;2025-11-09;1;0
28;2025-11-09;2;0
28;2025-11-09;3;0
28;2025-11-09;4;0
28;2025-11-09;5;29
28;2025-11-09;6;75
28;2025-11-09;7;160
28;2025-11-09;8;248
28;2025-11-09;9;343
28;2025-11-09;10;384
28;2025-11-09;11;422
28;2025-11-09;12;429
28;2025-11-09;13;521
28;2025-11-09;14;498
28;2025-11-09;15;494
28;2025-11-09;16;440
28;2025-11-09;17;471
28;2025-11-09;18;407
28;2025-11-09;19;370
28;2025-11-09;20;279
28;2025-11-09;21;225
28;2025-11-09;22;107
28;2025-11-09;23;12
28;2025-11-10;0;3
28;2025-11-10;1;1
28;2025-11-10;2;0
28;2025-11-10;3;0
28;2025-11-10;4;1
28;2025-11-10;5;79
28;2025-11-10;6;252
28;2025-11-10;7;779
28;2025-11-10;8;1266
28;2025-11-10;9;813
28;2025-11-10;10;597
28;2025-11-10;11;548
28;2025-11-10;12;685
28;2025-11-10;13;688
28;2025-11-10;14;649
28;2025-11-10;15;679
28;2025-11-10;16;873
28;2025-11-10;17;1028
28;2025-11-10;18;995
28;2025-11-10;19;739
28;2025-11-10;20;506
28;2025-11-10;21;312
28;2025-11-10;22;114
28;2025-11-10;23;11
28;2025-11-11;0;3
28;2025-11-11;1;1
28;2025-11-11;2;0
28;2025-11-11;3;0
28;2025-11-11;4;1
28;2025-11-11;5;79
28;2025-11-11;6;252
28;2025-11-11;7;781
28;2025-11-11;8;1267
28;2025-11-11;9;818
28;2025-11-11;10;606
28;2025-11-11;11;554
28;2025-11-11;12;694
28;2025-11-11;13;696
28;2025-11-11;14;657
28;2025-11-11;15;684
28;2025-11-11;16;880
28;2025-11-11;17;1038
28;2025-11-11;18;999
28;2025-11-11;19;744
28;2025-11-11;20;513
28;2025-11-11;21;316
28;2025-11-11;22;116
28;2025-11-11;23;12
28;2025-11-12;0;3
28;2025-11-12;1;1
28;2025-11-12;2;0
28;2025-11-12;3;0
28;2025-11-12;4;1
28;2025-11-12;5;78
28;2025-11-12;6;250
28;2025-11-12;7;775
28;2025-11-12;8;1262
28;2025-11-12;9;814
28;2025-11-12;10;602
28;2025-11-12;11;546
28;2025-11-12;12;683
28;2025-11-12;13;689
28;2025-11-12;14;650
28;2025-11-12;15;677
28;2025-11-12;16;870
28;2025-11-12;17;1027
28;2025-11-12;18;989
28;2025-11-12;19;738
28;2025-11-12;20;510
28;2025-11-12;21;315
28;2025-11-12;22;116
28;2025-11-12;23;12
28;2025-11-13;0;3
28;2025-11-13;1;1
28;2025-11-13;2;0
28;2025-11-13;3;0
28;2025-11-13;4;1
28;2025-11-13;5;78
28;2025-11-13;6;250
28;2025-11-13;7;777
28;2025-11-13;8;1261
28;2025-11-13;9;815
28;2025-11-13;10;607
28;2025-11-13;11;555
28;2025-11-13;12;693
28;2025-11-13;13;696
28;2025-11-13;14;662
28;2025-11-13;15;687
28;2025-11-13;16;884
28;2025-11-13;17;1038
28;2025-11-13;18;1003
28;2025-11-13;19;744
28;2025-11-13;20;513
28;2025-11-13;21;315
28;2025-11-13;22;116
28;2025-11-13;23;12
28;2025-11-14;0;2
28;2025-11-14;1;0
28;2025-11-14;2;0
28;2025-11-14;3;0
28;2025-11-14;4;2
28;2025-11-14;5;76
28;2025-11-14;6;278
28;2025-11-14;7;845
28;2025-11-14;8;1294
28;2025-11-14;9;833
28;2025-11-14;10;624
28;2025-11-14;11;600
28;2025-11-14;12;792
28;2025-11-14;13;721
28;2025-11-14;14;710
28;2025-11-14;15;728
28;2025-11-14;16;954
28;2025-11-14;17;996
28;2025-11-14;18;871
28;2025-11-14;19;652
28;2025-11-14;20;427
28;2025-11-14;21;331
28;2025-11-14;22;130
28;2025-11-14;23;19
28;2025-11-15;0;2
28;2025-11-15;1;0
28;2025-11-15;2;0
28;2025-11-15;3;0
28;2025-11-15;4;1
28;2025-11-15;5;40
28;2025-11-15;6;106
28;2025-11-15;7;230
28;2025-11-15;8;398
28;2025-11-15;9;449
28;2025-11-15;10;490
28;2025-11-15;11;497
28;2025-11-15;12;593
28;2025-11-15;13;608
28;2025-11-15;14;568
28;2025-11-15;15;626
28;2025-11-15;16;627
28;2025-11-15;17;605
28;2025-11-15;18;523
28;2025-11-15;19;399
28;2025-11-15;20;295
28;2025-11-15;21;267
28;2025-11-15;22;109
28;2025-11-15;23;13
28;2025-11-16;0;2
28;2025-11-16;1;0
28;2025-11-16;2;0
28;2025-11-16;3;0
28;2025-11-16;4;0
28;2025-11-16;5;29
28;2025-11-16;6;74
28;2025-11-16;7;157
28;2025-11-16;8;243
28;2025-11-16;9;338
28;2025-11-16;10;381
28;2025-11-16;11;417
28;2025-11-16;12;432
28;2025-11-16;13;526
28;2025-11-16;14;498
28;2025-11-16;15;502
28;2025-11-16;16;442
28;2025-11-16;17;474
28;2025-11-16;18;409
28;2025-11-16;19;373
28;2025-11-16;20;283
28;2025-11-16;21;229
28;2025-11-16;22;109
28;2025-11-16;23;12
28;2025-11-17;0;3
28;2025-11-17;1;1
28;2025-11-17;2;0
28;2025-11-17;3;0
28;2025-11-17;4;1
28;2025-11-17;5;77
28;2025-11-17;6;245
28;2025-11-17;7;759
28;2025-11-17;8;1235
28;2025-11-17;9;797
28;2025-11-17;10;585
28;2025-11-17;11;533
28;2025-11-17;12;665
28;2025-11-17;13;662
28;2025-11-17;14;626
28;2025-11-17;15;658
28;2025-11-17;16;850
28;2025-11-17;17;1002
28;2025-11-17;18;982
28;2025-11-17;19;731
28;2025-11-17;20;503
28;2025-11-17;21;310
28;2025-11-17;22;113
28;2025-11-17;23;11
28;2025-11-18;0;3
28;2025-11-18;1;1
28;2025-11-18;2;0
28;2025-11-18;3;0
28;2025-11-18;4;1
28;2025-11-18;5;75
28;2025-11-18;6;244
28;2025-11-18;7;761
28;2025-11-18;8;1239
28;2025-11-18;9;797
28;2025-11-18;10;585
28;2025-11-18;11;536
28;2025-11-18;12;670
28;2025-11-18;13;670
28;2025-11-18;14;635
28;2025-11-18;15;661
28;2025-11-18;16;851
28;2025-11-18;17;993
28;2025-11-18;18;949
28;2025-11-18;19;703
28;2025-11-18;20;486
28;2025-11-18;21;301
28;2025-11-18;22;111
28;2025-11-18;23;11
28;2025-11-19;0;3
28;2025-11-19;1;1
28;2025-11-19;2;0
28;2025-11-19;3;0
28;2025-11-19;4;1
28;2025-11-19;5;79
28;2025-11-19;6;252
28;2025-11-19;7;784
28;2025-11-19;8;1277
28;2025-11-19;9;825
28;2025-11-19;10;611
28;2025-11-19;11;558
28;2025-11-19;12;699
28;2025-11-19;13;700
28;2025-11-19;14;662
28;2025-11-19;15;688
28;2025-11-19;16;886
28;2025-11-19;17;1042
28;2025-11-19;18;1005
28;2025-11-19;19;749
28;2025-11-19;20;517
28;2025-11-19;21;320
28;2025-11-19;22;117
28;2025-11-19;23;12
28;2025-11-20;0;3
28;2025-11-20;1;1
28;2025-11-20;2;0
28;2025-11-20;3;0
28;2025-11-20;4;1
28;2025-11-20;5;79
28;2025-11-20;6;252
28;2025-11-20;7;786
28;2025-11-20;8;1279
28;2025-11-20;9;829
28;2025-11-20;10;614
28;2025-11-20;11;560
28;2025-11-20;12;705
28;2025-11-20;13;707
28;2025-11-20;14;665
28;2025-11-20;15;693
28;2025-11-20;16;890
28;2025-11-20;17;1044
28;2025-11-20;18;1010
28;2025-11-20;19;749
28;2025-11-20;20;516
28;2025-11-20;21;319
28;2025-11-20;22;117
28;2025-11-20;23;12
28;2025-11-21;0;2
28;2025-11-21;1;0
28;2025-11-21;2;0
28;2025-11-21;3;0
28;2025-11-21;4;2
28;2025-11-21;5;78
28;2025-11-21;6;282
28;2025-11-21;7;858
28;2025-11-21;8;1311
28;2025-11-21;9;838
28;2025-11-21;10;629
28;2025-11-21;11;601
28;2025-11-21;12;793
28;2025-11-21;13;723
28;2025-11-21;14;709
28;2025-11-21;15;731
28;2025-11-21;16;960
28;2025-11-21;17;1004
28;2025-11-21;18;881
28;2025-11-21;19;658
28;2025-11-21;20;431
28;2025-11-21;21;333
28;2025-11-21;22;131
28;2025-11-21;23;19
28;2025-11-22;0;2
28;2025-11-22;1;0
28;2025-11-22;2;0
28;2025-11-22;3;0
28;2025-11-22;4;1
28;2025-11-22;5;39
28;2025-11-22;6;101
28;2025-11-22;7;220
28;2025-11-22;8;381
28;2025-11-22;9;446
28;2025-11-22;10;490
28;2025-11-22;11;495
28;2025-11-22;12;585
28;2025-11-22;13;590
28;2025-11-22;14;547
28;2025-11-22;15;592
28;2025-11-22;16;595
28;2025-11-22;17;571
28;2025-11-22;18;495
28;2025-11-22;19;375
28;2025-11-22;20;278
28;2025-11-22;21;253
28;2025-11-22;22;103
28;2025-11-22;23;12
28;2025-11-23;0;2
28;2025-11-23;1;0
28;2025-11-23;2;0
28;2025-11-23;3;0
28;2025-11-23;4;0
28;2025-11-23;5;30
28;2025-11-23;6;75
28;2025-11-23;7;160
28;2025-11-23;8;248
28;2025-11-23;9;345
28;2025-11-23;10;389
28;2025-11-23;11;426
28;2025-11-23;12;441
28;2025-11-23;13;541
28;2025-11-23;14;511
28;2025-11-23;15;506
28;2025-11-23;16;453
28;2025-11-23;17;488
28;2025-11-23;18;420
28;2025-11-23;19;383
28;2025-11-23;20;287
28;2025-11-23;21;229
28;2025-11-23;22;109
28;2025-11-23;23;12
28;2025-11-24;0;3
28;2025-11-24;1;1
28;2025-11-24;2;0
28;2025-11-24;3;0
28;2025-11-24;4;1
28;2025-11-24;5;74
28;2025-11-24;6;237
28;2025-11-24;7;737
28;2025-11-24;8;1201
28;2025-11-24;9;753
28;2025-11-24;10;573
28;2025-11-24;11;523
28;2025-11-24;12;651
28;2025-11-24;13;653
28;2025-11-24;14;623
28;2025-11-24;15;651
28;2025-11-24;16;845
28;2025-11-24;17;988
28;2025-11-24;18;955
28;2025-11-24;19;707
28;2025-11-24;20;484
28;2025-11-24;21;298
28;2025-11-24;22;109
28;2025-11-24;23;11
28;2025-11-25;0;3
28;2025-11-25;1;1
28;2025-11-25;2;0
28;2025-11-25;3;0
28;2025-11-25;4;1
28;2025-11-25;5;79
28;2025-11-25;6;252
28;2025-11-25;7;785
28;2025-11-25;8;1275
28;2025-11-25;9;824
28;2025-11-25;10;609
28;2025-11-25;11;556
28;2025-11-25;12;697
28;2025-11-25;13;699
28;2025-11-25;14;660
28;2025-11-25;15;688
28;2025-11-25;16;883
28;2025-11-25;17;1038
28;2025-11-25;18;1004
28;2025-11-25;19;747
28;2025-11-25;20;516
28;2025-11-25;21;318
28;2025-11-25;22;117
28;2025-11-25;23;12
28;2025-11-26;0;3
28;2025-11-26;1;1
28;2025-11-26;2;0
28;2025-11-26;3;0
28;2025-11-26;4;1
28;2025-11-26;5;78
28;2025-11-26;6;250
28;2025-11-26;7;773
28;2025-11-26;8;1269
28;2025-11-26;9;810
28;2025-11-26;10;601
28;2025-11-26;11;550
28;2025-11-26;12;687
28;2025-11-26;13;683
28;2025-11-26;14;652
28;2025-11-26;15;676
28;2025-11-26;16;862
28;2025-11-26;17;1024
28;2025-11-26;18;991
28;2025-11-26;19;738
28;2025-11-26;20;510
28;2025-11-26;21;315
28;2025-11-26;22;116
28;2025-11-26;23;12
28;2025-11-27;0;3
28;2025-11-27;1;1
28;2025-11-27;2;0
28;2025-11-27;3;0
28;2025-11-27;4;1
28;2025-11-27;5;77
28;2025-11-27;6;246
28;2025-11-27;7;765
28;2025-11-27;8;1243
28;2025-11-27;9;802
28;2025-11-27;10;593
28;2025-11-27;11;543
28;2025-11-27;12;677
28;2025-11-27;13;680
28;2025-11-27;14;645
28;2025-11-27;15;672
28;2025-11-27;16;862
28;2025-11-27;17;1007
28;2025-11-27;18;976
28;2025-11-27;19;729
28;2025-11-27;20;502
28;2025-11-27;21;314
28;2025-11-27;22;115
28;2025-11-27;23;11
28;2025-11-28;0;2
28;2025-11-28;1;0
28;2025-11-28;2;0
28;2025-11-28;3;0
28;2025-11-28;4;1
28;2025-11-28;5;76
28;2025-11-28;6;277
28;2025-11-28;7;831
28;2025-11-28;8;1284
28;2025-11-28;9;827
28;2025-11-28;10;621
28;2025-11-28;11;592
28;2025-11-28;12;781
28;2025-11-28;13;713
28;2025-11-28;14;699
28;2025-11-28;15;718
28;2025-11-28;16;941
28;2025-11-28;17;982
28;2025-11-28;18;854
28;2025-11-28;19;637
28;2025-11-28;20;416
28;2025-11-28;21;321
28;2025-11-28;22;127
28;2025-11-28;23;19
28;2025-11-29;0;2
28;2025-11-29;1;0
28;2025-11-29;2;0
28;2025-11-29;3;0
28;2025-11-29;4;1
28;2025-11-29;5;39
28;2025-11-29;6;105
28;2025-11-29;7;229
28;2025-11-29;8;398
28;2025-11-29;9;451
28;2025-11-29;10;494
28;2025-11-29;11;497
28;2025-11-29;12;590
28;2025-11-29;13;594
28;2025-11-29;14;551
28;2025-11-29;15;598
28;2025-11-29;16;602
28;2025-11-29;17;576
28;2025-11-29;18;500
28;2025-11-29;19;381
28;2025-11-29;20;282
28;2025-11-29;21;256
28;2025-11-29;22;104
28;2025-11-29;23;12
28;2025-11-30;0;2
28;2025-11-30;1;0
28;2025-11-30;2;0
28;2025-11-30;3;0
28;2025-11-30;4;0
28;2025-11-30;5;29
28;2025-11-30;6;74
28;2025-11-30;7;158
28;2025-11-30;8;244
28;2025-11-30;9;339
28;2025-11-30;10;383
28;2025-11-30;11;419
28;2025-11-30;12;435
28;2025-11-30;13;527
28;2025-11-30;14;489
28;2025-11-30;15;477
28;2025-11-30;16;436
28;2025-11-30;17;469
28;2025-11-30;18;415
28;2025-11-30;19;375
28;2025-11-30;20;284
28;2025-11-30;21;227
28;2025-11-30;22;109
28;2025-11-30;23;12
28;2025-12-01;0;3
28;2025-12-01;1;1
28;2025-12-01;2;0
28;2025-12-01;3;0
28;2025-12-01;4;1
28;2025-12-01;5;78
28;2025-12-01;6;248
28;2025-12-01;7;768
28;2025-12-01;8;1250
28;2025-12-01;9;805
28;2025-12-01;10;592
28;2025-12-01;11;540
28;2025-12-01;12;675
28;2025-12-01;13;677
28;2025-12-01;14;640
28;2025-12-01;15;669
28;2025-12-01;16;861
28;2025-12-01;17;1015
28;2025-12-01;18;981
28;2025-12-01;19;729
28;2025-12-01;20;500
28;2025-12-01;21;308
28;2025-12-01;22;112
28;2025-12-01;23;11
28;2025-12-02;0;3
28;2025-12-02;1;1
28;2025-12-02;2;0
28;2025-12-02;3;0
28;2025-12-02;4;1
28;2025-12-02;5;78
28;2025-12-02;6;249
28;2025-12-02;7;771
28;2025-12-02;8;1254
28;2025-12-02;9;810
28;2025-12-02;10;601
28;2025-12-02;11;549
28;2025-12-02;12;687
28;2025-12-02;13;688
28;2025-12-02;14;649
28;2025-12-02;15;675
28;2025-12-02;16;867
28;2025-12-02;17;1021
28;2025-12-02;18;983
28;2025-12-02;19;731
28;2025-12-02;20;505
28;2025-12-02;21;311
28;2025-12-02;22;114
28;2025-12-02;23;11
28;2025-12-03;0;3
28;2025-12-03;1;1
28;2025-12-03;2;0
28;2025-12-03;3;0
28;2025-12-03;4;1
28;2025-12-03;5;78
28;2025-12-03;6;248
28;2025-12-03;7;770
28;2025-12-03;8;1252
28;2025-12-03;9;806
28;2025-12-03;10;599
28;2025-12-03;11;545
28;2025-12-03;12;682
28;2025-12-03;13;685
28;2025-12-03;14;648
28;2025-12-03;15;672
28;2025-12-03;16;864
28;2025-12-03;17;1020
28;2025-12-03;18;982
28;2025-12-03;19;732
28;2025-12-03;20;506
28;2025-12-03;21;313
28;2025-12-03;22;115
28;2025-12-03;23;11
28;2025-12-04;0;3
28;2025-12-04;1;1
28;2025-12-04;2;0
28;2025-12-04;3;0
28;2025-12-04;4;1
28;2025-12-04;5;78
28;2025-12-04;6;248
28;2025-12-04;7;772
28;2025-12-04;8;1255
28;2025-12-04;9;808
28;2025-12-04;10;600
28;2025-12-04;11;546
28;2025-12-04;12;684
28;2025-12-04;13;688
28;2025-12-04;14;650
28;2025-12-04;15;676
28;2025-12-04;16;869
28;2025-12-04;17;1023
28;2025-12-04;18;987
28;2025-12-04;19;733
28;2025-12-04;20;506
28;2025-12-04;21;314
28;2025-12-04;22;115
28;2025-12-04;23;11
28;2025-12-05;0;2
28;2025-12-05;1;0
28;2025-12-05;2;0
28;2025-12-05;3;0
28;2025-12-05;4;1
28;2025-12-05;5;76
28;2025-12-05;6;275
28;2025-12-05;7;835
28;2025-12-05;8;1279
28;2025-12-05;9;824
28;2025-12-05;10;618
28;2025-12-05;11;590
28;2025-12-05;12;779
28;2025-12-05;13;711
28;2025-12-05;14;698
28;2025-12-05;15;718
28;2025-12-05;16;941
28;2025-12-05;17;986
28;2025-12-05;18;858
28;2025-12-05;19;640
28;2025-12-05;20;420
28;2025-12-05;21;325
28;2025-12-05;22;128
28;2025-12-05;23;18
28;2025-12-06;0;2
28;2025-12-06;1;0
28;2025-12-06;2;0
28;2025-12-06;3;0
28;2025-12-06;4;1
28;2025-12-06;5;38
28;2025-12-06;6;102
28;2025-12-06;7;223
28;2025-12-06;8;388
28;2025-12-06;9;438
28;2025-12-06;10;479
28;2025-12-06;11;484
28;2025-12-06;12;574
28;2025-12-06;13;580
28;2025-12-06;14;538
28;2025-12-06;15;584
28;2025-12-06;16;587
28;2025-12-06;17;564
28;2025-12-06;18;489
28;2025-12-06;19;372
28;2025-12-06;20;277
28;2025-12-06;21;251
28;2025-12-06;22;102
28;2025-12-06;23;12
28;2025-12-07;0;2
28;2025-12-07;1;0
28;2025-12-07;2;0
28;2025-12-07;3;0
28;2025-12-07;4;0
28;2025-12-07;5;29
28;2025-12-07;6;73
28;2025-12-07;7;156
28;2025-12-07;8;241
28;2025-12-07;9;335
28;2025-12-07;10;378
28;2025-12-07;11;415
28;2025-12-07;12;429
28;2025-12-07;13;522
28;2025-12-07;14;494
28;2025-12-07;15;492
28;2025-12-07;16;443
28;2025-12-07;17;474
28;2025-12-07;18;408
28;2025-12-07;19;372
28;2025-12-07;20;280
28;2025-12-07;21;225
28;2025-12-07;22;107
28;2025-12-07;23;12
28;2025-12-08;0;3
28;2025-12-08;1;1
28;2025-12-08;2;0
28;2025-12-08;3;0
28;2025-12-08;4;1
28;2025-12-08;5;77
28;2025-12-08;6;248
28;2025-12-08;7;768
28;2025-12-08;8;1251
28;2025-12-08;9;806
28;2025-12-08;10;593
28;2025-12-08;11;540
28;2025-12-08;12;675
28;2025-12-08;13;677
28;2025-12-08;14;639
28;2025-12-08;15;668
28;2025-12-08;16;860
28;2025-12-08;17;1015
28;2025-12-08;18;984
28;2025-12-08;19;730
28;2025-12-08;20;500
28;2025-12-08;21;308
28;2025-12-08;22;112
28;2025-12-08;23;11
28;2025-12-09;0;3
28;2025-12-09;1;1
28;2025-12-09;2;0
28;2025-12-09;3;0
28;2025-12-09;4;1
28;2025-12-09;5;78
28;2025-12-09;6;248
28;2025-12-09;7;772
28;2025-12-09;8;1253
28;2025-12-09;9;811
28;2025-12-09;10;601
28;2025-12-09;11;547
28;2025-12-09;12;685
28;2025-12-09;13;686
28;2025-12-09;14;647
28;2025-12-09;15;673
28;2025-12-09;16;866
28;2025-12-09;17;1021
28;2025-12-09;18;987
28;2025-12-09;19;732
28;2025-12-09;20;505
28;2025-12-09;21;312
28;2025-12-09;22;115
28;2025-12-09;23;11
28;2025-12-10;0;3
28;2025-12-10;1;1
28;2025-12-10;2;0
28;2025-12-10;3;0
28;2025-12-10;4;1
28;2025-12-10;5;78
28;2025-12-10;6;250
28;2025-12-10;7;776
28;2025-12-10;8;1262
28;2025-12-10;9;815
28;2025-12-10;10;603
28;2025-12-10;11;553
28;2025-12-10;12;689
28;2025-12-10;13;691
28;2025-12-10;14;652
28;2025-12-10;15;679
28;2025-12-10;16;874
28;2025-12-10;17;1028
28;2025-12-10;18;994
28;2025-12-10;19;743
28;2025-12-10;20;512
28;2025-12-10;21;317
28;2025-12-10;22;116
28;2025-12-10;23;12
28;2025-12-11;0;3
28;2025-12-11;1;1
28;2025-12-11;2;0
28;2025-12-11;3;0
28;2025-12-11;4;1
28;2025-12-11;5;75
28;2025-12-11;6;238
28;2025-12-11;7;741
28;2025-12-11;8;1203
28;2025-12-11;9;777
28;2025-12-11;10;573
28;2025-12-11;11;529
28;2025-12-11;12;666
28;2025-12-11;13;667
28;2025-12-11;14;631
28;2025-12-11;15;658
28;2025-12-11;16;848
28;2025-12-11;17;989
28;2025-12-11;18;961
28;2025-12-11;19;714
28;2025-12-11;20;496
28;2025-12-11;21;307
28;2025-12-11;22;113
28;2025-12-11;23;11
28;2025-12-12;0;2
28;2025-12-12;1;0
28;2025-12-12;2;0
28;2025-12-12;3;0
28;2025-12-12;4;1
28;2025-12-12;5;75
28;2025-12-12;6;274
28;2025-12-12;7;830
28;2025-12-12;8;1271
28;2025-12-12;9;819
28;2025-12-12;10;613
28;2025-12-12;11;586
28;2025-12-12;12;773
28;2025-12-12;13;696
28;2025-12-12;14;676
28;2025-12-12;15;691
28;2025-12-12;16;913
28;2025-12-12;17;955
28;2025-12-12;18;841
28;2025-12-12;19;630
28;2025-12-12;20;407
28;2025-12-12;21;316
28;2025-12-12;22;126
28;2025-12-12;23;18
28;2025-12-13;0;2
28;2025-12-13;1;0
28;2025-12-13;2;0
28;2025-12-13;3;0
28;2025-12-13;4;1
28;2025-12-13;5;38
28;2025-12-13;6;103
28;2025-12-13;7;224
28;2025-12-13;8;387
28;2025-12-13;9;432
28;2025-12-13;10;473
28;2025-12-13;11;480
28;2025-12-13;12;565
28;2025-12-13;13;574
28;2025-12-13;14;530
28;2025-12-13;15;573
28;2025-12-13;16;577
28;2025-12-13;17;553
28;2025-12-13;18;480
28;2025-12-13;19;370
28;2025-12-13;20;276
28;2025-12-13;21;251
28;2025-12-13;22;102
28;2025-12-13;23;12
28;2025-12-14;0;2
28;2025-12-14;1;0
28;2025-12-14;2;0
28;2025-12-14;3;0
28;2025-12-14;4;0
28;2025-12-14;5;29
28;2025-12-14;6;73
28;2025-12-14;7;156
28;2025-12-14;8;241
28;2025-12-14;9;338
28;2025-12-14;10;381
28;2025-12-14;11;417
28;2025-12-14;12;432
28;2025-12-14;13;525
28;2025-12-14;14;496
28;2025-12-14;15;495
28;2025-12-14;16;444
28;2025-12-14;17;480
28;2025-12-14;18;411
28;2025-12-14;19;377
28;2025-12-14;20;284
28;2025-12-14;21;228
28;2025-12-14;22;109
28;2025-12-14;23;12
28;2025-12-15;0;3
28;2025-12-15;1;1
28;2025-12-15;2;0
28;2025-12-15;3;0
28;2025-12-15;4;1
28;2025-12-15;5;78
28;2025-12-15;6;248
28;2025-12-15;7;770
28;2025-12-15;8;1255
28;2025-12-15;9;807
28;2025-12-15;10;595
28;2025-12-15;11;542
28;2025-12-15;12;677
28;2025-12-15;13;682
28;2025-12-15;14;644
28;2025-12-15;15;675
28;2025-12-15;16;866
28;2025-12-15;17;1018
28;2025-12-15;18;990
28;2025-12-15;19;737
28;2025-12-15;20;505
28;2025-12-15;21;312
28;2025-12-15;22;114
28;2025-12-15;23;11
28;2025-12-16;0;3
28;2025-12-16;1;1
28;2025-12-16;2;0
28;2025-12-16;3;0
28;2025-12-16;4;1
28;2025-12-16;5;78
28;2025-12-16;6;250
28;2025-12-16;7;774
28;2025-12-16;8;1257
28;2025-12-16;9;815
28;2025-12-16;10;603
28;2025-12-16;11;552
28;2025-12-16;12;677
28;2025-12-16;13;678
28;2025-12-16;14;642
28;2025-12-16;15;667
28;2025-12-16;16;863
28;2025-12-16;17;1021
28;2025-12-16;18;991
28;2025-12-16;19;737
28;2025-12-16;20;508
28;2025-12-16;21;314
28;2025-12-16;22;116
28;2025-12-16;23;12
28;2025-12-17;0;3
28;2025-12-17;1;1
28;2025-12-17;2;0
28;2025-12-17;3;0
28;2025-12-17;4;1
28;2025-12-17;5;76
28;2025-12-17;6;243
28;2025-12-17;7;756
28;2025-12-17;8;1229
28;2025-12-17;9;804
28;2025-12-17;10;596
28;2025-12-17;11;544
28;2025-12-17;12;680
28;2025-12-17;13;681
28;2025-12-17;14;643
28;2025-12-17;15;669
28;2025-12-17;16;862
28;2025-12-17;17;1016
28;2025-12-17;18;979
28;2025-12-17;19;729
28;2025-12-17;20;504
28;2025-12-17;21;311
28;2025-12-17;22;114
28;2025-12-17;23;11
28;2025-12-18;0;3
28;2025-12-18;1;1
28;2025-12-18;2;0
28;2025-12-18;3;0
28;2025-12-18;4;1
28;2025-12-18;5;77
28;2025-12-18;6;247
28;2025-12-18;7;767
28;2025-12-18;8;1251
28;2025-12-18;9;806
28;2025-12-18;10;598
28;2025-12-18;11;545
28;2025-12-18;12;681
28;2025-12-18;13;683
28;2025-12-18;14;646
28;2025-12-18;15;673
28;2025-12-18;16;862
28;2025-12-18;17;1020
28;2025-12-18;18;986
28;2025-12-18;19;734
28;2025-12-18;20;507
28;2025-12-18;21;313
28;2025-12-18;22;115
28;2025-12-18;23;11
28;2025-12-19;0;2
28;2025-12-19;1;0
28;2025-12-19;2;0
28;2025-12-19;3;0
28;2025-12-19;4;1
28;2025-12-19;5;76
28;2025-12-19;6;277
28;2025-12-19;7;840
28;2025-12-19;8;1288
28;2025-12-19;9;831
28;2025-12-19;10;622
28;2025-12-19;11;593
28;2025-12-19;12;783
28;2025-12-19;13;712
28;2025-12-19;14;699
28;2025-12-19;15;720
28;2025-12-19;16;942
28;2025-12-19;17;986
28;2025-12-19;18;860
28;2025-12-19;19;644
28;2025-12-19;20;421
28;2025-12-19;21;326
28;2025-12-19;22;128
28;2025-12-19;23;19
28;2025-12-20;0;2
28;2025-12-20;1;0
28;2025-12-20;2;0
28;2025-12-20;3;0
28;2025-12-20;4;1
28;2025-12-20;5;39
28;2025-12-20;6;104
28;2025-12-20;7;227
28;2025-12-20;8;393
28;2025-12-20;9;444
28;2025-12-20;10;485
28;2025-12-20;11;491
28;2025-12-20;12;583
28;2025-12-20;13;587
28;2025-12-20;14;545
28;2025-12-20;15;592
28;2025-12-20;16;594
28;2025-12-20;17;570
28;2025-12-20;18;493
28;2025-12-20;19;376
28;2025-12-20;20;278
28;2025-12-20;21;253
28;2025-12-20;22;102
28;2025-12-20;23;12
28;2025-12-21;0;2
28;2025-12-21;1;0
28;2025-12-21;2;0
28;2025-12-21;3;0
28;2025-12-21;4;0
28;2025-12-21;5;29
28;2025-12-21;6;74
28;2025-12-21;7;154
28;2025-12-21;8;239
28;2025-12-21;9;337
28;2025-12-21;10;380
28;2025-12-21;11;418
28;2025-12-21;12;432
28;2025-12-21;13;525
28;2025-12-21;14;497
28;2025-12-21;15;494
28;2025-12-21;16;442
28;2025-12-21;17;475
28;2025-12-21;18;409
28;2025-12-21;19;373
28;2025-12-21;20;281
28;2025-12-21;21;225
28;2025-12-21;22;108
28;2025-12-21;23;12
28;2025-12-22;0;3
28;2025-12-22;1;1
28;2025-12-22;2;0
28;2025-12-22;3;0
28;2025-12-22;4;1
28;2025-12-22;5;79
28;2025-12-22;6;252
28;2025-12-22;7;779
28;2025-12-22;8;1273
28;2025-12-22;9;823
28;2025-12-22;10;606
28;2025-12-22;11;548
28;2025-12-22;12;686
28;2025-12-22;13;685
28;2025-12-22;14;644
28;2025-12-22;15;673
28;2025-12-22;16;868
28;2025-12-22;17;1028
28;2025-12-22;18;998
28;2025-12-22;19;742
28;2025-12-22;20;509
28;2025-12-22;21;314
28;2025-12-22;22;115
28;2025-12-22;23;12
28;2025-12-23;0;3
28;2025-12-23;1;1
28;2025-12-23;2;0
28;2025-12-23;3;0
28;2025-12-23;4;1
28;2025-12-23;5;80
28;2025-12-23;6;257
28;2025-12-23;7;797
28;2025-12-23;8;1295
28;2025-12-23;9;836
28;2025-12-23;10;616
28;2025-12-23;11;563
28;2025-12-23;12;703
28;2025-12-23;13;705
28;2025-12-23;14;666
28;2025-12-23;15;694
28;2025-12-23;16;892
28;2025-12-23;17;1054
28;2025-12-23;18;1020
28;2025-12-23;19;758
28;2025-12-23;20;524
28;2025-12-23;21;323
28;2025-12-23;22;119
28;2025-12-23;23;12
28;2025-12-24;0;3
28;2025-12-24;1;1
28;2025-12-24;2;0
28;2025-12-24;3;0
28;2025-12-24;4;1
28;2025-12-24;5;80
28;2025-12-24;6;255
28;2025-12-24;7;795
28;2025-12-24;8;1295
28;2025-12-24;9;836
28;2025-12-24;10;620
28;2025-12-24;11;567
28;2025-12-24;12;707
28;2025-12-24;13;715
28;2025-12-24;14;675
28;2025-12-24;15;700
28;2025-12-24;16;901
28;2025-12-24;17;1063
28;2025-12-24;18;1030
28;2025-12-24;19;768
28;2025-12-24;20;529
28;2025-12-24;21;327
28;2025-12-24;22;120
28;2025-12-24;23;12
28;2025-12-25;0;3
28;2025-12-25;1;1
28;2025-12-25;2;0
28;2025-12-25;3;0
28;2025-12-25;4;1
28;2025-12-25;5;80
28;2025-12-25;6;257
28;2025-12-25;7;797
28;2025-12-25;8;1298
28;2025-12-25;9;828
28;2025-12-25;10;614
28;2025-12-25;11;561
28;2025-12-25;12;701
28;2025-12-25;13;701
28;2025-12-25;14;662
28;2025-12-25;15;691
28;2025-12-25;16;887
28;2025-12-25;17;1046
28;2025-12-25;18;1014
28;2025-12-25;19;752
28;2025-12-25;20;520
28;2025-12-25;21;320
28;2025-12-25;22;118
28;2025-12-25;23;12
28;2025-12-26;0;2
28;2025-12-26;1;0
28;2025-12-26;2;0
28;2025-12-26;3;0
28;2025-12-26;4;2
28;2025-12-26;5;77
28;2025-12-26;6;281
28;2025-12-26;7;845
28;2025-12-26;8;1292
28;2025-12-26;9;840
28;2025-12-26;10;632
28;2025-12-26;11;604
28;2025-12-26;12;796
28;2025-12-26;13;722
28;2025-12-26;14;712
28;2025-12-26;15;734
28;2025-12-26;16;962
28;2025-12-26;17;1002
28;2025-12-26;18;876
28;2025-12-26;19;659
28;2025-12-26;20;430
28;2025-12-26;21;333
28;2025-12-26;22;131
28;2025-12-26;23;19
28;2025-12-27;0;2
28;2025-12-27;1;0
28;2025-12-27;2;0
28;2025-12-27;3;0
28;2025-12-27;4;1
28;2025-12-27;5;38
28;2025-12-27;6;101
28;2025-12-27;7;218
28;2025-12-27;8;381
28;2025-12-27;9;434
28;2025-12-27;10;473
28;2025-12-27;11;481
28;2025-12-27;12;574
28;2025-12-27;13;578
28;2025-12-27;14;532
28;2025-12-27;15;574
28;2025-12-27;16;581
28;2025-12-27;17;554
28;2025-12-27;18;479
28;2025-12-27;19;366
28;2025-12-27;20;270
28;2025-12-27;21;247
28;2025-12-27;22;100
28;2025-12-27;23;11
28;2025-12-28;0;2
28;2025-12-28;1;0
28;2025-12-28;2;0
28;2025-12-28;3;0
28;2025-12-28;4;0
28;2025-12-28;5;28
28;2025-12-28;6;72
28;2025-12-28;7;153
28;2025-12-28;8;236
28;2025-12-28;9;333
28;2025-12-28;10;377
28;2025-12-28;11;414
28;2025-12-28;12;429
28;2025-12-28;13;522
28;2025-12-28;14;495
28;2025-12-28;15;488
28;2025-12-28;16;436
28;2025-12-28;17;473
28;2025-12-28;18;405
28;2025-12-28;19;372
28;2025-12-28;20;281
28;2025-12-28;21;226
28;2025-12-28;22;108
28;2025-12-28;23;12
28;2025-12-29;0;2
28;2025-12-29;1;1
28;2025-12-29;2;0
28;2025-12-29;3;0
28;2025-12-29;4;1
28;2025-12-29;5;72
28;2025-12-29;6;228
28;2025-12-29;7;708
28;2025-12-29;8;1151
28;2025-12-29;9;745
28;2025-12-29;10;548
28;2025-12-29;11;501
28;2025-12-29;12;627
28;2025-12-29;13;628
28;2025-12-29;14;592
28;2025-12-29;15;617
28;2025-12-29;16;795
28;2025-12-29;17;936
28;2025-12-29;18;909
28;2025-12-29;19;680
28;2025-12-29;20;467
28;2025-12-29;21;288
28;2025-12-29;22;105
28;2025-12-29;23;11
28;2025-12-30;0;3
28;2025-12-30;1;1
28;2025-12-30;2;0
28;2025-12-30;3;0
28;2025-12-30;4;1
28;2025-12-30;5;74
28;2025-12-30;6;236
28;2025-12-30;7;734
28;2025-12-30;8;1193
28;2025-12-30;9;766
28;2025-12-30;10;568
28;2025-12-30;11;520
28;2025-12-30;12;651
28;2025-12-30;13;660
28;2025-12-30;14;621
28;2025-12-30;15;643
28;2025-12-30;16;835
28;2025-12-30;17;982
28;2025-12-30;18;947
28;2025-12-30;19;708
28;2025-12-30;20;491
28;2025-12-30;21;304
28;2025-12-30;22;112
28;2025-12-30;23;11
28;2025-12-31;0;2
28;2025-12-31;1;0
28;2025-12-31;2;0
28;2025-12-31;3;0
28;2025-12-31;4;0
28;2025-12-31;5;31
28;2025-12-31;6;79
28;2025-12-31;7;167
28;2025-12-31;8;259
28;2025-12-31;9;361
28;2025-12-31;10;407
28;2025-12-31;11;447
28;2025-12-31;12;466
28;2025-12-31;13;561
28;2025-12-31;14;529
28;2025-12-31;15;523
28;2025-12-31;16;472
28;2025-12-31;17;512
28;2025-12-31;18;433
28;2025-12-31;19;402
28;2025-12-31;20;305
28;2025-12-31;21;245
28;2025-12-31;22;117
28;2025-12-31;23;13
50;2025-11-01;0;21
50;2025-11-01;1;2
50;2025-11-01;2;0
50;2025-11-01;3;0
50;2025-11-01;4;3
50;2025-11-01;5;64
50;2025-11-01;6;452
50;2025-11-01;7;1454
50;2025-11-01;8;2391
50;2025-11-01;9;1915
50;2025-11-01;10;1493
50;2025-11-01;11;1338
50;2025-11-01;12;1265
50;2025-11-01;13;1339
50;2025-11-01;14;1269
50;2025-11-01;15;1483
50;2025-11-01;16;1484
50;2025-11-01;17;2125
50;2025-11-01;18;2167
50;2025-11-01;19;1227
50;2025-11-01;20;817
50;2025-11-01;21;558
50;2025-11-01;22;216
50;2025-11-01;23;124
50;2025-11-02;0;0
50;2025-11-02;1;0
50;2025-11-02;2;0
50;2025-11-02;3;0
50;2025-11-02;4;0
50;2025-11-02;5;0
50;2025-11-02;6;0
50;2025-11-02;7;0
50;2025-11-02;8;0
50;2025-11-02;9;0
50;2025-11-02;10;0
50;2025-11-02;11;0
50;2025-11-02;12;0
50;2025-11-02;13;0
50;2025-11-02;14;0
50;2025-11-02;15;0
50;2025-11-02;16;0
50;2025-11-02;17;0
50;2025-11-02;18;0
50;2025-11-02;19;0
50;2025-11-02;20;0
50;2025-11-02;21;0
50;2025-11-02;22;0
50;2025-11-02;23;0
50;2025-11-03;0;0
50;2025-11-03;1;0
50;2025-11-03;2;0
50;2025-11-03;3;0
50;2025-11-03;4;0
50;2025-11-03;5;0
50;2025-11-03;6;0
50;2025-11-03;7;0
50;2025-11-03;8;0
50;2025-11-03;9;0
50;2025-11-03;10;0
50;2025-11-03;11;0
50;2025-11-03;12;0
50;2025-11-03;13;0
50;2025-11-03;14;0
50;2025-11-03;15;0
50;2025-11-03;16;0
50;2025-11-03;17;0
50;2025-11-03;18;0
50;2025-11-03;19;0
50;2025-11-03;20;0
50;2025-11-03;21;0
50;2025-11-03;22;0
50;2025-11-03;23;0
50;2025-11-04;0;0
50;2025-11-04;1;0
50;2025-11-04;2;0
50;2025-11-04;3;0
50;2025-11-04;4;0
50;2025-11-04;5;0
50;2025-11-04;6;0
50;2025-11-04;7;0
50;2025-11-04;8;0
50;2025-11-04;9;0
50;2025-11-04;10;0
50;2025-11-04;11;0
50;2025-11-04;12;0
50;2025-11-04;13;0
50;2025-11-04;14;0
50;2025-11-04;15;0
50;2025-11-04;16;0
50;2025-11-04;17;0
50;2025-11-04;18;0
50;2025-11-04;19;0
50;2025-11-04;20;0
50;2025-11-04;21;0
50;2025-11-04;22;0
50;2025-11-04;23;0
50;2025-11-05;0;25
50;2025-11-05;1;3
50;2025-11-05;2;1
50;2025-11-05;3;0
50;2025-11-05;4;3
50;2025-11-05;5;75
50;2025-11-05;6;530
50;2025-11-05;7;1713
50;2025-11-05;8;2774
50;2025-11-05;9;2184
50;2025-11-05;10;1695
50;2025-11-05;11;1519
50;2025-11-05;12;1432
50;2025-11-05;13;1501
50;2025-11-05;14;1421
50;2025-11-05;15;1650
50;2025-11-05;16;1671
50;2025-11-05;17;2410
50;2025-11-05;18;2490
50;2025-11-05;19;1430
50;2025-11-05;20;950
50;2025-11-05;21;645
50;2025-11-05;22;249
50;2025-11-05;23;142
50;2025-11-06;0;25
50;2025-11-06;1;3
50;2025-11-06;2;1
50;2025-11-06;3;0
50;2025-11-06;4;3
50;2025-11-06;5;75
50;2025-11-06;6;528
50;2025-11-06;7;1707
50;2025-11-06;8;2771
50;2025-11-06;9;2179
50;2025-11-06;10;1692
50;2025-11-06;11;1512
50;2025-11-06;12;1426
50;2025-11-06;13;1491
50;2025-11-06;14;1417
50;2025-11-06;15;1642
50;2025-11-06;16;1661
50;2025-11-06;17;2391
50;2025-11-06;18;2473
50;2025-11-06;19;1416
50;2025-11-06;20;941
50;2025-11-06;21;641
50;2025-11-06;22;248
50;2025-11-06;23;143
50;2025-11-07;0;36
50;2025-11-07;1;1
50;2025-11-07;2;0
50;2025-11-07;3;0
50;2025-11-07;4;4
50;2025-11-07;5;69
50;2025-11-07;6;513
50;2025-11-07;7;1752
50;2025-11-07;8;2742
50;2025-11-07;9;2133
50;2025-11-07;10;1487
50;2025-11-07;11;1504
50;2025-11-07;12;1398
50;2025-11-07;13;1511
50;2025-11-07;14;1442
50;2025-11-07;15;1729
50;2025-11-07;16;2266
50;2025-11-07;17;2144
50;2025-11-07;18;1605
50;2025-11-07;19;1199
50;2025-11-07;20;860
50;2025-11-07;21;546
50;2025-11-07;22;275
50;2025-11-07;23;163
50;2025-11-08;0;53
50;2025-11-08;1;4
50;2025-11-08;2;0
50;2025-11-08;3;0
50;2025-11-08;4;0
50;2025-11-08;5;0
50;2025-11-08;6;0
50;2025-11-08;7;0
50;2025-11-08;8;0
50;2025-11-08;9;2
50;2025-11-08;10;4
50;2025-11-08;11;25
50;2025-11-08;12;20
50;2025-11-08;13;8
50;2025-11-08;14;8
50;2025-11-08;15;32
50;2025-11-08;16;9
50;2025-11-08;17;12
50;2025-11-08;18;3
50;2025-11-08;19;0
50;2025-11-08;20;0
50;2025-11-08;21;0
50;2025-11-08;22;0
50;2025-11-08;23;0
50;2025-11-09;0;0
50;2025-11-09;1;0
50;2025-11-09;2;0
50;2025-11-09;3;0
50;2025-11-09;4;0
50;2025-11-09;5;0
50;2025-11-09;6;0
50;2025-11-09;7;0
50;2025-11-09;8;0
50;2025-11-09;9;0
50;2025-11-09;10;0
50;2025-11-09;11;0
50;2025-11-09;12;0
50;2025-11-09;13;0
50;2025-11-09;14;0
50;2025-11-09;15;0
50;2025-11-09;16;0
50;2025-11-09;17;0
50;2025-11-09;18;0
50;2025-11-09;19;0
50;2025-11-09;20;0
50;2025-11-09;21;0
50;2025-11-09;22;0
50;2025-11-09;23;0
50;2025-11-10;0;25
50;2025-11-10;1;3
50;2025-11-10;2;1
50;2025-11-10;3;0
50;2025-11-10;4;4
50;2025-11-10;5;76
50;2025-11-10;6;533
50;2025-11-10;7;1720
50;2025-11-10;8;2806
50;2025-11-10;9;2203
50;2025-11-10;10;1695
50;2025-11-10;11;1509
50;2025-11-10;12;1428
50;2025-11-10;13;1494
50;2025-11-10;14;1418
50;2025-11-10;15;1657
50;2025-11-10;16;1675
50;2025-11-10;17;2408
50;2025-11-10;18;2501
50;2025-11-10;19;1427
50;2025-11-10;20;936
50;2025-11-10;21;635
50;2025-11-10;22;244
50;2025-11-10;23;140
50;2025-11-11;0;25
50;2025-11-11;1;3
50;2025-11-11;2;1
50;2025-11-11;3;0
50;2025-11-11;4;4
50;2025-11-11;5;76
50;2025-11-11;6;536
50;2025-11-11;7;1736
50;2025-11-11;8;2798
50;2025-11-11;9;2203
50;2025-11-11;10;1720
50;2025-11-11;11;1540
50;2025-11-11;12;1455
50;2025-11-11;13;1511
50;2025-11-11;14;1434
50;2025-11-11;15;1666
50;2025-11-11;16;1682
50;2025-11-11;17;2429
50;2025-11-11;18;2515
50;2025-11-11;19;1438
50;2025-11-11;20;949
50;2025-11-11;21;644
50;2025-11-11;22;249
50;2025-11-11;23;143
50;2025-11-12;0;25
50;2025-11-12;1;3
50;2025-11-12;2;1
50;2025-11-12;3;0
50;2025-11-12;4;3
50;2025-11-12;5;76
50;2025-11-12;6;532
50;2025-11-12;7;1717
50;2025-11-12;8;2789
50;2025-11-12;9;2193
50;2025-11-12;10;1714
50;2025-11-12;11;1528
50;2025-11-12;12;1443
50;2025-11-12;13;1509
50;2025-11-12;14;1431
50;2025-11-12;15;1657
50;2025-11-12;16;1678
50;2025-11-12;17;2414
50;2025-11-12;18;2496
50;2025-11-12;19;1434
50;2025-11-12;20;946
50;2025-11-12;21;644
50;2025-11-12;22;249
50;2025-11-12;23;143
50;2025-11-13;0;25
50;2025-11-13;1;3
50;2025-11-13;2;1
50;2025-11-13;3;0
50;2025-11-13;4;4
50;2025-11-13;5;75
50;2025-11-13;6;529
50;2025-11-13;7;1709
50;2025-11-13;8;2768
50;2025-11-13;9;2182
50;2025-11-13;10;1706
50;2025-11-13;11;1526
50;2025-11-13;12;1448
50;2025-11-13;13;1513
50;2025-11-13;14;1443
50;2025-11-13;15;1672
50;2025-11-13;16;1693
50;2025-11-13;17;2423
50;2025-11-13;18;2516
50;2025-11-13;19;1427
50;2025-11-13;20;942
50;2025-11-13;21;640
50;2025-11-13;22;247
50;2025-11-13;23;143
50;2025-11-14;0;36
50;2025-11-14;1;1
50;2025-11-14;2;0
50;2025-11-14;3;0
50;2025-11-14;4;4
50;2025-11-14;5;69
50;2025-11-14;6;515
50;2025-11-14;7;1761
50;2025-11-14;8;2752
50;2025-11-14;9;2142
50;2025-11-14;10;1498
50;2025-11-14;11;1535
50;2025-11-14;12;1426
50;2025-11-14;13;1532
50;2025-11-14;14;1461
50;2025-11-14;15;1748
50;2025-11-14;16;2289
50;2025-11-14;17;2162
50;2025-11-14;18;1621
50;2025-11-14;19;1209
50;2025-11-14;20;870
50;2025-11-14;21;551
50;2025-11-14;22;277
50;2025-11-14;23;165
50;2025-11-15;0;56
50;2025-11-15;1;4
50;2025-11-15;2;0
50;2025-11-15;3;0
50;2025-11-15;4;0
50;2025-11-15;5;0
50;2025-11-15;6;0
50;2025-11-15;7;0
50;2025-11-15;8;0
50;2025-11-15;9;2
50;2025-11-15;10;4
50;2025-11-15;11;28
50;2025-11-15;12;22
50;2025-11-15;13;9
50;2025-11-15;14;9
50;2025-11-15;15;36
50;2025-11-15;16;10
50;2025-11-15;17;13
50;2025-11-15;18;3
50;2025-11-15;19;0
50;2025-11-15;20;0
50;2025-11-15;21;0
50;2025-11-15;22;0
50;2025-11-15;23;0
50;2025-11-16;0;0
50;2025-11-16;1;0
50;2025-11-16;2;0
50;2025-11-16;3;0
50;2025-11-16;4;0
50;2025-11-16;5;0
50;2025-11-16;6;0
50;2025-11-16;7;0
50;2025-11-16;8;0
50;2025-11-16;9;0
50;2025-11-16;10;0
50;2025-11-16;11;0
50;2025-11-16;12;0
50;2025-11-16;13;0
50;2025-11-16;14;0
50;2025-11-16;15;0
50;2025-11-16;16;0
50;2025-11-16;17;0
50;2025-11-16;18;0
50;2025-11-16;19;0
50;2025-11-16;20;0
50;2025-11-16;21;0
50;2025-11-16;22;0
50;2025-11-16;23;0
50;2025-11-17;0;24
50;2025-11-17;1;3
50;2025-11-17;2;1
50;2025-11-17;3;0
50;2025-11-17;4;3
50;2025-11-17;5;74
50;2025-11-17;6;519
50;2025-11-17;7;1678
50;2025-11-17;8;2724
50;2025-11-17;9;2148
50;2025-11-17;10;1668
50;2025-11-17;11;1469
50;2025-11-17;12;1394
50;2025-11-17;13;1466
50;2025-11-17;14;1395
50;2025-11-17;15;1636
50;2025-11-17;16;1659
50;2025-11-17;17;2399
50;2025-11-17;18;2506
50;2025-11-17;19;1430
50;2025-11-17;20;939
50;2025-11-17;21;637
50;2025-11-17;22;245
50;2025-11-17;23;141
50;2025-11-18;0;24
50;2025-11-18;1;3
50;2025-11-18;2;0
50;2025-11-18;3;0
50;2025-11-18;4;3
50;2025-11-18;5;74
50;2025-11-18;6;523
50;2025-11-18;7;1687
50;2025-11-18;8;2756
50;2025-11-18;9;2173
50;2025-11-18;10;1674
50;2025-11-18;11;1492
50;2025-11-18;12;1411
50;2025-11-18;13;1471
50;2025-11-18;14;1402
50;2025-11-18;15;1628
50;2025-11-18;16;1648
50;2025-11-18;17;2360
50;2025-11-18;18;2432
50;2025-11-18;19;1384
50;2025-11-18;20;910
50;2025-11-18;21;615
50;2025-11-18;22;238
50;2025-11-18;23;136
50;2025-11-19;0;25
50;2025-11-19;1;3
50;2025-11-19;2;1
50;2025-11-19;3;0
50;2025-11-19;4;4
50;2025-11-19;5;76
50;2025-11-19;6;536
50;2025-11-19;7;1732
50;2025-11-19;8;2822
50;2025-11-19;9;2227
50;2025-11-19;10;1733
50;2025-11-19;11;1548
50;2025-11-19;12;1462
50;2025-11-19;13;1527
50;2025-11-19;14;1454
50;2025-11-19;15;1688
50;2025-11-19;16;1713
50;2025-11-19;17;2459
50;2025-11-19;18;2538
50;2025-11-19;19;1455
50;2025-11-19;20;961
50;2025-11-19;21;654
50;2025-11-19;22;253
50;2025-11-19;23;145
50;2025-11-20;0;25
50;2025-11-20;1;3
50;2025-11-20;2;1
50;2025-11-20;3;0
50;2025-11-20;4;4
50;2025-11-20;5;76
50;2025-11-20;6;537
50;2025-11-20;7;1733
50;2025-11-20;8;2826
50;2025-11-20;9;2235
50;2025-11-20;10;1739
50;2025-11-20;11;1549
50;2025-11-20;12;1473
50;2025-11-20;13;1540
50;2025-11-20;14;1457
50;2025-11-20;15;1697
50;2025-11-20;16;1713
50;2025-11-20;17;2458
50;2025-11-20;18;2547
50;2025-11-20;19;1453
50;2025-11-20;20;957
50;2025-11-20;21;647
50;2025-11-20;22;250
50;2025-11-20;23;143
50;2025-11-21;0;37
50;2025-11-21;1;1
50;2025-11-21;2;0
50;2025-11-21;3;0
50;2025-11-21;4;4
50;2025-11-21;5;72
50;2025-11-21;6;530
50;2025-11-21;7;1798
50;2025-11-21;8;2813
50;2025-11-21;9;2183
50;2025-11-21;10;1526
50;2025-11-21;11;1558
50;2025-11-21;12;1449
50;2025-11-21;13;1556
50;2025-11-21;14;1484
50;2025-11-21;15;1791
50;2025-11-21;16;2351
50;2025-11-21;17;2229
50;2025-11-21;18;1659
50;2025-11-21;19;1238
50;2025-11-21;20;887
50;2025-11-21;21;561
50;2025-11-21;22;281
50;2025-11-21;23;166
50;2025-11-22;0;54
50;2025-11-22;1;4
50;2025-11-22;2;0
50;2025-11-22;3;0
50;2025-11-22;4;0
50;2025-11-22;5;0
50;2025-11-22;6;0
50;2025-11-22;7;0
50;2025-11-22;8;0
50;2025-11-22;9;2
50;2025-11-22;10;4
50;2025-11-22;11;26
50;2025-11-22;12;21
50;2025-11-22;13;8
50;2025-11-22;14;8
50;2025-11-22;15;33
50;2025-11-22;16;9
50;2025-11-22;17;12
50;2025-11-22;18;3
50;2025-11-22;19;0
50;2025-11-22;20;0
50;2025-11-22;21;0
50;2025-11-22;22;0
50;2025-11-22;23;0
50;2025-11-23;0;0
50;2025-11-23;1;0
50;2025-11-23;2;0
50;2025-11-23;3;0
50;2025-11-23;4;0
50;2025-11-23;5;0
50;2025-11-23;6;0
50;2025-11-23;7;0
50;2025-11-23;8;0
50;2025-11-23;9;0
50;2025-11-23;10;0
50;2025-11-23;11;0
50;2025-11-23;12;0
50;2025-11-23;13;0
50;2025-11-23;14;0
50;2025-11-23;15;0
50;2025-11-23;16;0
50;2025-11-23;17;0
50;2025-11-23;18;0
50;2025-11-23;19;0
50;2025-11-23;20;0
50;2025-11-23;21;0
50;2025-11-23;22;0
50;2025-11-23;23;0
50;2025-11-24;0;24
50;2025-11-24;1;3
50;2025-11-24;2;0
50;2025-11-24;3;0
50;2025-11-24;4;3
50;2025-11-24;5;72
50;2025-11-24;6;510
50;2025-11-24;7;1653
50;2025-11-24;8;2696
50;2025-11-24;9;2087
50;2025-11-24;10;1631
50;2025-11-24;11;1454
50;2025-11-24;12;1377
50;2025-11-24;13;1431
50;2025-11-24;14;1362
50;2025-11-24;15;1599
50;2025-11-24;16;1611
50;2025-11-24;17;2311
50;2025-11-24;18;2400
50;2025-11-24;19;1368
50;2025-11-24;20;895
50;2025-11-24;21;607
50;2025-11-24;22;233
50;2025-11-24;23;134
50;2025-11-25;0;25
50;2025-11-25;1;3
50;2025-11-25;2;1
50;2025-11-25;3;0
50;2025-11-25;4;4
50;2025-11-25;5;76
50;2025-11-25;6;535
50;2025-11-25;7;1736
50;2025-11-25;8;2817
50;2025-11-25;9;2222
50;2025-11-25;10;1722
50;2025-11-25;11;1540
50;2025-11-25;12;1461
50;2025-11-25;13;1532
50;2025-11-25;14;1453
50;2025-11-25;15;1690
50;2025-11-25;16;1708
50;2025-11-25;17;2446
50;2025-11-25;18;2546
50;2025-11-25;19;1454
50;2025-11-25;20;960
50;2025-11-25;21;652
50;2025-11-25;22;252
50;2025-11-25;23;144
50;2025-11-26;0;25
50;2025-11-26;1;3
50;2025-11-26;2;1
50;2025-11-26;3;0
50;2025-11-26;4;4
50;2025-11-26;5;77
50;2025-11-26;6;538
50;2025-11-26;7;1731
50;2025-11-26;8;2826
50;2025-11-26;9;2219
50;2025-11-26;10;1724
50;2025-11-26;11;1541
50;2025-11-26;12;1452
50;2025-11-26;13;1520
50;2025-11-26;14;1449
50;2025-11-26;15;1692
50;2025-11-26;16;1699
50;2025-11-26;17;2465
50;2025-11-26;18;2549
50;2025-11-26;19;1459
50;2025-11-26;20;961
50;2025-11-26;21;655
50;2025-11-26;22;252
50;2025-11-26;23;145
50;2025-11-27;0;25
50;2025-11-27;1;3
50;2025-11-27;2;1
50;2025-11-27;3;0
50;2025-11-27;4;3
50;2025-11-27;5;75
50;2025-11-27;6;528
50;2025-11-27;7;1702
50;2025-11-27;8;2759
50;2025-11-27;9;2174
50;2025-11-27;10;1691
50;2025-11-27;11;1515
50;2025-11-27;12;1443
50;2025-11-27;13;1501
50;2025-11-27;14;1422
50;2025-11-27;15;1655
50;2025-11-27;16;1673
50;2025-11-27;17;2410
50;2025-11-27;18;2498
50;2025-11-27;19;1429
50;2025-11-27;20;942
50;2025-11-27;21;641
50;2025-11-27;22;248
50;2025-11-27;23;142
50;2025-11-28;0;37
50;2025-11-28;1;1
50;2025-11-28;2;0
50;2025-11-28;3;0
50;2025-11-28;4;4
50;2025-11-28;5;70
50;2025-11-28;6;517
50;2025-11-28;7;1770
50;2025-11-28;8;2763
50;2025-11-28;9;2133
50;2025-11-28;10;1496
50;2025-11-28;11;1517
50;2025-11-28;12;1413
50;2025-11-28;13;1515
50;2025-11-28;14;1448
50;2025-11-28;15;1735
50;2025-11-28;16;2282
50;2025-11-28;17;2155
50;2025-11-28;18;1611
50;2025-11-28;19;1193
50;2025-11-28;20;856
50;2025-11-28;21;540
50;2025-11-28;22;272
50;2025-11-28;23;162
50;2025-11-29;0;55
50;2025-11-29;1;4
50;2025-11-29;2;0
50;2025-11-29;3;0
50;2025-11-29;4;0
50;2025-11-29;5;0
50;2025-11-29;6;0
50;2025-11-29;7;0
50;2025-11-29;8;0
50;2025-11-29;9;2
50;2025-11-29;10;4
50;2025-11-29;11;26
50;2025-11-29;12;21
50;2025-11-29;13;8
50;2025-11-29;14;8
50;2025-11-29;15;33
50;2025-11-29;16;9
50;2025-11-29;17;12
50;2025-11-29;18;3
50;2025-11-29;19;0
50;2025-11-29;20;0
50;2025-11-29;21;0
50;2025-11-29;22;0
50;2025-11-29;23;0
50;2025-11-30;0;0
50;2025-11-30;1;0
50;2025-11-30;2;0
50;2025-11-30;3;0
50;2025-11-30;4;0
50;2025-11-30;5;0
50;2025-11-30;6;0
50;2025-11-30;7;0
50;2025-11-30;8;0
50;2025-11-30;9;0
50;2025-11-30;10;0
50;2025-11-30;11;0
50;2025-11-30;12;0
50;2025-11-30;13;0
50;2025-11-30;14;0
50;2025-11-30;15;0
50;2025-11-30;16;0
50;2025-11-30;17;0
50;2025-11-30;18;0
50;2025-11-30;19;0
50;2025-11-30;20;0
50;2025-11-30;21;0
50;2025-11-30;22;0
50;2025-11-30;23;0
50;2025-12-01;0;25
50;2025-12-01;1;3
50;2025-12-01;2;1
50;2025-12-01;3;0
50;2025-12-01;4;3
50;2025-12-01;5;75
50;2025-12-01;6;525
50;2025-12-01;7;1689
50;2025-12-01;8;2744
50;2025-12-01;9;2157
50;2025-12-01;10;1661
50;2025-12-01;11;1485
50;2025-12-01;12;1402
50;2025-12-01;13;1468
50;2025-12-01;14;1393
50;2025-12-01;15;1626
50;2025-12-01;16;1646
50;2025-12-01;17;2373
50;2025-12-01;18;2464
50;2025-12-01;19;1407
50;2025-12-01;20;925
50;2025-12-01;21;625
50;2025-12-01;22;240
50;2025-12-01;23;138
50;2025-12-02;0;25
50;2025-12-02;1;3
50;2025-12-02;2;1
50;2025-12-02;3;0
50;2025-12-02;4;3
50;2025-12-02;5;75
50;2025-12-02;6;529
50;2025-12-02;7;1708
50;2025-12-02;8;2798
50;2025-12-02;9;2186
50;2025-12-02;10;1699
50;2025-12-02;11;1523
50;2025-12-02;12;1440
50;2025-12-02;13;1506
50;2025-12-02;14;1432
50;2025-12-02;15;1664
50;2025-12-02;16;1674
50;2025-12-02;17;2411
50;2025-12-02;18;2493
50;2025-12-02;19;1423
50;2025-12-02;20;939
50;2025-12-02;21;637
50;2025-12-02;22;246
50;2025-12-02;23;140
50;2025-12-03;0;25
50;2025-12-03;1;3
50;2025-12-03;2;1
50;2025-12-03;3;0
50;2025-12-03;4;3
50;2025-12-03;5;75
50;2025-12-03;6;525
50;2025-12-03;7;1694
50;2025-12-03;8;2754
50;2025-12-03;9;2169
50;2025-12-03;10;1691
50;2025-12-03;11;1508
50;2025-12-03;12;1428
50;2025-12-03;13;1497
50;2025-12-03;14;1431
50;2025-12-03;15;1652
50;2025-12-03;16;1672
50;2025-12-03;17;2408
50;2025-12-03;18;2497
50;2025-12-03;19;1430
50;2025-12-03;20;942
50;2025-12-03;21;642
50;2025-12-03;22;246
50;2025-12-03;23;142
50;2025-12-04;0;25
50;2025-12-04;1;3
50;2025-12-04;2;1
50;2025-12-04;3;0
50;2025-12-04;4;3
50;2025-12-04;5;75
50;2025-12-04;6;524
50;2025-12-04;7;1708
50;2025-12-04;8;2771
50;2025-12-04;9;2167
50;2025-12-04;10;1698
50;2025-12-04;11;1516
50;2025-12-04;12;1434
50;2025-12-04;13;1502
50;2025-12-04;14;1424
50;2025-12-04;15;1656
50;2025-12-04;16;1674
50;2025-12-04;17;2414
50;2025-12-04;18;2493
50;2025-12-04;19;1425
50;2025-12-04;20;941
50;2025-12-04;21;642
50;2025-12-04;22;247
50;2025-12-04;23;142
50;2025-12-05;0;36
50;2025-12-05;1;1
50;2025-12-05;2;0
50;2025-12-05;3;0
50;2025-12-05;4;4
50;2025-12-05;5;69
50;2025-12-05;6;514
50;2025-12-05;7;1754
50;2025-12-05;8;2741
50;2025-12-05;9;2136
50;2025-12-05;10;1490
50;2025-12-05;11;1520
50;2025-12-05;12;1414
50;2025-12-05;13;1518
50;2025-12-05;14;1447
50;2025-12-05;15;1739
50;2025-12-05;16;2277
50;2025-12-05;17;2159
50;2025-12-05;18;1615
50;2025-12-05;19;1201
50;2025-12-05;20;863
50;2025-12-05;21;545
50;2025-12-05;22;272
50;2025-12-05;23;161
50;2025-12-06;0;53
50;2025-12-06;1;4
50;2025-12-06;2;0
50;2025-12-06;3;0
50;2025-12-06;4;0
50;2025-12-06;5;0
50;2025-12-06;6;0
50;2025-12-06;7;0
50;2025-12-06;8;0
50;2025-12-06;9;2
50;2025-12-06;10;4
50;2025-12-06;11;26
50;2025-12-06;12;21
50;2025-12-06;13;8
50;2025-12-06;14;8
50;2025-12-06;15;32
50;2025-12-06;16;9
50;2025-12-06;17;12
50;2025-12-06;18;3
50;2025-12-06;19;0
50;2025-12-06;20;0
50;2025-12-06;21;0
50;2025-12-06;22;0
50;2025-12-06;23;0
50;2025-12-07;0;0
50;2025-12-07;1;0
50;2025-12-07;2;0
50;2025-12-07;3;0
50;2025-12-07;4;0
50;2025-12-07;5;0
50;2025-12-07;6;0
50;2025-12-07;7;0
50;2025-12-07;8;0
50;2025-12-07;9;0
50;2025-12-07;10;0
50;2025-12-07;11;0
50;2025-12-07;12;0
50;2025-12-07;13;0
50;2025-12-07;14;0
50;2025-12-07;15;0
50;2025-12-07;16;0
50;2025-12-07;17;0
50;2025-12-07;18;0
50;2025-12-07;19;0
50;2025-12-07;20;0
50;2025-12-07;21;0
50;2025-12-07;22;0
50;2025-12-07;23;0
50;2025-12-08;0;25
50;2025-12-08;1;3
50;2025-12-08;2;1
50;2025-12-08;3;0
50;2025-12-08;4;3
50;2025-12-08;5;74
50;2025-12-08;6;524
50;2025-12-08;7;1688
50;2025-12-08;8;2745
50;2025-12-08;9;2158
50;2025-12-08;10;1666
50;2025-12-08;11;1485
50;2025-12-08;12;1406
50;2025-12-08;13;1469
50;2025-12-08;14;1394
50;2025-12-08;15;1626
50;2025-12-08;16;1647
50;2025-12-08;17;2380
50;2025-12-08;18;2473
50;2025-12-08;19;1407
50;2025-12-08;20;925
50;2025-12-08;21;626
50;2025-12-08;22;241
50;2025-12-08;23;138
50;2025-12-09;0;25
50;2025-12-09;1;3
50;2025-12-09;2;1
50;2025-12-09;3;0
50;2025-12-09;4;3
50;2025-12-09;5;75
50;2025-12-09;6;527
50;2025-12-09;7;1701
50;2025-12-09;8;2760
50;2025-12-09;9;2182
50;2025-12-09;10;1696
50;2025-12-09;11;1508
50;2025-12-09;12;1430
50;2025-12-09;13;1496
50;2025-12-09;14;1419
50;2025-12-09;15;1649
50;2025-12-09;16;1668
50;2025-12-09;17;2399
50;2025-12-09;18;2489
50;2025-12-09;19;1417
50;2025-12-09;20;935
50;2025-12-09;21;636
50;2025-12-09;22;246
50;2025-12-09;23;141
50;2025-12-10;0;25
50;2025-12-10;1;3
50;2025-12-10;2;1
50;2025-12-10;3;0
50;2025-12-10;4;4
50;2025-12-10;5;76
50;2025-12-10;6;533
50;2025-12-10;7;1737
50;2025-12-10;8;2834
50;2025-12-10;9;2243
50;2025-12-10;10;1738
50;2025-12-10;11;1549
50;2025-12-10;12;1455
50;2025-12-10;13;1520
50;2025-12-10;14;1444
50;2025-12-10;15;1685
50;2025-12-10;16;1705
50;2025-12-10;17;2452
50;2025-12-10;18;2544
50;2025-12-10;19;1456
50;2025-12-10;20;962
50;2025-12-10;21;654
50;2025-12-10;22;252
50;2025-12-10;23;145
50;2025-12-11;0;24
50;2025-12-11;1;3
50;2025-12-11;2;0
50;2025-12-11;3;0
50;2025-12-11;4;3
50;2025-12-11;5;72
50;2025-12-11;6;510
50;2025-12-11;7;1647
50;2025-12-11;8;2698
50;2025-12-11;9;2136
50;2025-12-11;10;1653
50;2025-12-11;11;1486
50;2025-12-11;12;1399
50;2025-12-11;13;1458
50;2025-12-11;14;1388
50;2025-12-11;15;1613
50;2025-12-11;16;1637
50;2025-12-11;17;2367
50;2025-12-11;18;2447
50;2025-12-11;19;1387
50;2025-12-11;20;918
50;2025-12-11;21;628
50;2025-12-11;22;242
50;2025-12-11;23;139
50;2025-12-12;0;36
50;2025-12-12;1;1
50;2025-12-12;2;0
50;2025-12-12;3;0
50;2025-12-12;4;4
50;2025-12-12;5;68
50;2025-12-12;6;509
50;2025-12-12;7;1735
50;2025-12-12;8;2714
50;2025-12-12;9;2111
50;2025-12-12;10;1473
50;2025-12-12;11;1505
50;2025-12-12;12;1401
50;2025-12-12;13;1498
50;2025-12-12;14;1420
50;2025-12-12;15;1705
50;2025-12-12;16;2255
50;2025-12-12;17;2112
50;2025-12-12;18;1579
50;2025-12-12;19;1172
50;2025-12-12;20;832
50;2025-12-12;21;527
50;2025-12-12;22;266
50;2025-12-12;23;157
50;2025-12-13;0;53
50;2025-12-13;1;4
50;2025-12-13;2;0
50;2025-12-13;3;0
50;2025-12-13;4;0
50;2025-12-13;5;0
50;2025-12-13;6;0
50;2025-12-13;7;0
50;2025-12-13;8;0
50;2025-12-13;9;2
50;2025-12-13;10;4
50;2025-12-13;11;26
50;2025-12-13;12;21
50;2025-12-13;13;8
50;2025-12-13;14;8
50;2025-12-13;15;33
50;2025-12-13;16;9
50;2025-12-13;17;12
50;2025-12-13;18;3
50;2025-12-13;19;0
50;2025-12-13;20;0
50;2025-12-13;21;0
50;2025-12-13;22;0
50;2025-12-13;23;0
50;2025-12-14;0;0
50;2025-12-14;1;0
50;2025-12-14;2;0
50;2025-12-14;3;0
50;2025-12-14;4;0
50;2025-12-14;5;0
50;2025-12-14;6;0
50;2025-12-14;7;0
50;2025-12-14;8;0
50;2025-12-14;9;0
50;2025-12-14;10;0
50;2025-12-14;11;0
50;2025-12-14;12;0
50;2025-12-14;13;0
50;2025-12-14;14;0
50;2025-12-14;15;0
50;2025-12-14;16;0
50;2025-12-14;17;0
50;2025-12-14;18;0
50;2025-12-14;19;0
50;2025-12-14;20;0
50;2025-12-14;21;0
50;2025-12-14;22;0
50;2025-12-14;23;0
50;2025-12-15;0;25
50;2025-12-15;1;3
50;2025-12-15;2;1
50;2025-12-15;3;0
50;2025-12-15;4;3
50;2025-12-15;5;75
50;2025-12-15;6;528
50;2025-12-15;7;1704
50;2025-12-15;8;2772
50;2025-12-15;9;2185
50;2025-12-15;10;1676
50;2025-12-15;11;1496
50;2025-12-15;12;1413
50;2025-12-15;13;1482
50;2025-12-15;14;1407
50;2025-12-15;15;1648
50;2025-12-15;16;1664
50;2025-12-15;17;2396
50;2025-12-15;18;2484
50;2025-12-15;19;1417
50;2025-12-15;20;932
50;2025-12-15;21;630
50;2025-12-15;22;243
50;2025-12-15;23;139
50;2025-12-16;0;25
50;2025-12-16;1;3
50;2025-12-16;2;1
50;2025-12-16;3;0
50;2025-12-16;4;4
50;2025-12-16;5;76
50;2025-12-16;6;536
50;2025-12-16;7;1731
50;2025-12-16;8;2799
50;2025-12-16;9;2212
50;2025-12-16;10;1733
50;2025-12-16;11;1540
50;2025-12-16;12;1447
50;2025-12-16;13;1514
50;2025-12-16;14;1440
50;2025-12-16;15;1673
50;2025-12-16;16;1703
50;2025-12-16;17;2446
50;2025-12-16;18;2552
50;2025-12-16;19;1453
50;2025-12-16;20;957
50;2025-12-16;21;650
50;2025-12-16;22;251
50;2025-12-16;23;144
50;2025-12-17;0;24
50;2025-12-17;1;3
50;2025-12-17;2;1
50;2025-12-17;3;0
50;2025-12-17;4;3
50;2025-12-17;5;74
50;2025-12-17;6;523
50;2025-12-17;7;1691
50;2025-12-17;8;2745
50;2025-12-17;9;2171
50;2025-12-17;10;1689
50;2025-12-17;11;1512
50;2025-12-17;12;1432
50;2025-12-17;13;1499
50;2025-12-17;14;1420
50;2025-12-17;15;1652
50;2025-12-17;16;1670
50;2025-12-17;17;2408
50;2025-12-17;18;2491
50;2025-12-17;19;1421
50;2025-12-17;20;938
50;2025-12-17;21;640
50;2025-12-17;22;247
50;2025-12-17;23;141
50;2025-12-18;0;25
50;2025-12-18;1;3
50;2025-12-18;2;1
50;2025-12-18;3;0
50;2025-12-18;4;3
50;2025-12-18;5;74
50;2025-12-18;6;524
50;2025-12-18;7;1689
50;2025-12-18;8;2750
50;2025-12-18;9;2166
50;2025-12-18;10;1690
50;2025-12-18;11;1507
50;2025-12-18;12;1424
50;2025-12-18;13;1488
50;2025-12-18;14;1415
50;2025-12-18;15;1646
50;2025-12-18;16;1657
50;2025-12-18;17;2405
50;2025-12-18;18;2496
50;2025-12-18;19;1420
50;2025-12-18;20;939
50;2025-12-18;21;639
50;2025-12-18;22;246
50;2025-12-18;23;141
50;2025-12-19;0;37
50;2025-12-19;1;1
50;2025-12-19;2;0
50;2025-12-19;3;0
50;2025-12-19;4;4
50;2025-12-19;5;69
50;2025-12-19;6;516
50;2025-12-19;7;1762
50;2025-12-19;8;2756
50;2025-12-19;9;2146
50;2025-12-19;10;1497
50;2025-12-19;11;1522
50;2025-12-19;12;1418
50;2025-12-19;13;1521
50;2025-12-19;14;1447
50;2025-12-19;15;1746
50;2025-12-19;16;2286
50;2025-12-19;17;2164
50;2025-12-19;18;1621
50;2025-12-19;19;1207
50;2025-12-19;20;863
50;2025-12-19;21;546
50;2025-12-19;22;275
50;2025-12-19;23;163
50;2025-12-20;0;53
50;2025-12-20;1;4
50;2025-12-20;2;0
50;2025-12-20;3;0
50;2025-12-20;4;0
50;2025-12-20;5;0
50;2025-12-20;6;0
50;2025-12-20;7;0
50;2025-12-20;8;0
50;2025-12-20;9;2
50;2025-12-20;10;4
50;2025-12-20;11;26
50;2025-12-20;12;21
50;2025-12-20;13;8
50;2025-12-20;14;8
50;2025-12-20;15;33
50;2025-12-20;16;9
50;2025-12-20;17;12
50;2025-12-20;18;3
50;2025-12-20;19;0
50;2025-12-20;20;0
50;2025-12-20;21;0
50;2025-12-20;22;0
50;2025-12-20;23;0
50;2025-12-21;0;0
50;2025-12-21;1;0
50;2025-12-21;2;0
50;2025-12-21;3;0
50;2025-12-21;4;0
50;2025-12-21;5;0
50;2025-12-21;6;0
50;2025-12-21;7;0
50;2025-12-21;8;0
50;2025-12-21;9;0
50;2025-12-21;10;0
50;2025-12-21;11;0
50;2025-12-21;12;0
50;2025-12-21;13;0
50;2025-12-21;14;0
50;2025-12-21;15;0
50;2025-12-21;16;0
50;2025-12-21;17;0
50;2025-12-21;18;0
50;2025-12-21;19;0
50;2025-12-21;20;0
50;2025-12-21;21;0
50;2025-12-21;22;0
50;2025-12-21;23;0
50;2025-12-22;0;25
50;2025-12-22;1;3
50;2025-12-22;2;1
50;2025-12-22;3;0
50;2025-12-22;4;4
50;2025-12-22;5;76
50;2025-12-22;6;532
50;2025-12-22;7;1734
50;2025-12-22;8;2799
50;2025-12-22;9;2205
50;2025-12-22;10;1706
50;2025-12-22;11;1521
50;2025-12-22;12;1439
50;2025-12-22;13;1500
50;2025-12-22;14;1426
50;2025-12-22;15;1655
50;2025-12-22;16;1670
50;2025-12-22;17;2411
50;2025-12-22;18;2492
50;2025-12-22;19;1420
50;2025-12-22;20;933
50;2025-12-22;21;635
50;2025-12-22;22;244
50;2025-12-22;23;140
50;2025-12-23;0;26
50;2025-12-23;1;3
50;2025-12-23;2;1
50;2025-12-23;3;0
50;2025-12-23;4;4
50;2025-12-23;5;77
50;2025-12-23;6;545
50;2025-12-23;7;1758
50;2025-12-23;8;2862
50;2025-12-23;9;2257
50;2025-12-23;10;1746
50;2025-12-23;11;1553
50;2025-12-23;12;1468
50;2025-12-23;13;1536
50;2025-12-23;14;1458
50;2025-12-23;15;1694
50;2025-12-23;16;1711
50;2025-12-23;17;2472
50;2025-12-23;18;2555
50;2025-12-23;19;1459
50;2025-12-23;20;966
50;2025-12-23;21;654
50;2025-12-23;22;253
50;2025-12-23;23;145
50;2025-12-24;0;26
50;2025-12-24;1;3
50;2025-12-24;2;1
50;2025-12-24;3;0
50;2025-12-24;4;4
50;2025-12-24;5;77
50;2025-12-24;6;544
50;2025-12-24;7;1760
50;2025-12-24;8;2872
50;2025-12-24;9;2264
50;2025-12-24;10;1755
50;2025-12-24;11;1571
50;2025-12-24;12;1479
50;2025-12-24;13;1554
50;2025-12-24;14;1472
50;2025-12-24;15;1707
50;2025-12-24;16;1726
50;2025-12-24;17;2489
50;2025-12-24;18;2577
50;2025-12-24;19;1473
50;2025-12-24;20;975
50;2025-12-24;21;662
50;2025-12-24;22;256
50;2025-12-24;23;147
50;2025-12-25;0;25
50;2025-12-25;1;3
50;2025-12-25;2;1
50;2025-12-25;3;0
50;2025-12-25;4;4
50;2025-12-25;5;77
50;2025-12-25;6;543
50;2025-12-25;7;1754
50;2025-12-25;8;2857
50;2025-12-25;9;2238
50;2025-12-25;10;1745
50;2025-12-25;11;1558
50;2025-12-25;12;1473
50;2025-12-25;13;1539
50;2025-12-25;14;1458
50;2025-12-25;15;1699
50;2025-12-25;16;1716
50;2025-12-25;17;2472
50;2025-12-25;18;2574
50;2025-12-25;19;1462
50;2025-12-25;20;968
50;2025-12-25;21;657
50;2025-12-25;22;255
50;2025-12-25;23;146
50;2025-12-26;0;38
50;2025-12-26;1;1
50;2025-12-26;2;0
50;2025-12-26;3;0
50;2025-12-26;4;4
50;2025-12-26;5;71
50;2025-12-26;6;529
50;2025-12-26;7;1792
50;2025-12-26;8;2829
50;2025-12-26;9;2208
50;2025-12-26;10;1553
50;2025-12-26;11;1574
50;2025-12-26;12;1460
50;2025-12-26;13;1576
50;2025-12-26;14;1502
50;2025-12-26;15;1804
50;2025-12-26;16;2368
50;2025-12-26;17;2233
50;2025-12-26;18;1669
50;2025-12-26;19;1249
50;2025-12-26;20;890
50;2025-12-26;21;563
50;2025-12-26;22;282
50;2025-12-26;23;167
50;2025-12-27;0;54
50;2025-12-27;1;4
50;2025-12-27;2;0
50;2025-12-27;3;0
50;2025-12-27;4;0
50;2025-12-27;5;0
50;2025-12-27;6;0
50;2025-12-27;7;0
50;2025-12-27;8;0
50;2025-12-27;9;2
50;2025-12-27;10;4
50;2025-12-27;11;26
50;2025-12-27;12;22
50;2025-12-27;13;8
50;2025-12-27;14;8
50;2025-12-27;15;33
50;2025-12-27;16;9
50;2025-12-27;17;12
50;2025-12-27;18;3
50;2025-12-27;19;0
50;2025-12-27;20;0
50;2025-12-27;21;0
50;2025-12-27;22;0
50;2025-12-27;23;0
50;2025-12-28;0;0
50;2025-12-28;1;0
50;2025-12-28;2;0
50;2025-12-28;3;0
50;2025-12-28;4;0
50;2025-12-28;5;0
50;2025-12-28;6;0
50;2025-12-28;7;0
50;2025-12-28;8;0
50;2025-12-28;9;0
50;2025-12-28;10;0
50;2025-12-28;11;0
50;2025-12-28;12;0
50;2025-12-28;13;0
50;2025-12-28;14;0
50;2025-12-28;15;0
50;2025-12-28;16;0
50;2025-12-28;17;0
50;2025-12-28;18;0
50;2025-12-28;19;0
50;2025-12-28;20;0
50;2025-12-28;21;0
50;2025-12-28;22;0
50;2025-12-28;23;0
50;2025-12-29;0;23
50;2025-12-29;1;3
50;2025-12-29;2;0
50;2025-12-29;3;0
50;2025-12-29;4;3
50;2025-12-29;5;69
50;2025-12-29;6;483
50;2025-12-29;7;1571
50;2025-12-29;8;2566
50;2025-12-29;9;2017
50;2025-12-29;10;1550
50;2025-12-29;11;1377
50;2025-12-29;12;1304
50;2025-12-29;13;1358
50;2025-12-29;14;1287
50;2025-12-29;15;1499
50;2025-12-29;16;1521
50;2025-12-29;17;2197
50;2025-12-29;18;2282
50;2025-12-29;19;1311
50;2025-12-29;20;859
50;2025-12-29;21;580
50;2025-12-29;22;223
50;2025-12-29;23;128
50;2025-12-30;0;24
50;2025-12-30;1;3
50;2025-12-30;2;0
50;2025-12-30;3;0
50;2025-12-30;4;3
50;2025-12-30;5;73
50;2025-12-30;6;511
50;2025-12-30;7;1654
50;2025-12-30;8;2700
50;2025-12-30;9;2119
50;2025-12-30;10;1638
50;2025-12-30;11;1452
50;2025-12-30;12;1372
50;2025-12-30;13;1454
50;2025-12-30;14;1378
50;2025-12-30;15;1596
50;2025-12-30;16;1624
50;2025-12-30;17;2336
50;2025-12-30;18;2405
50;2025-12-30;19;1378
50;2025-12-30;20;910
50;2025-12-30;21;618
50;2025-12-30;22;239
50;2025-12-30;23;136
50;2025-12-31;0;0
50;2025-12-31;1;0
50;2025-12-31;2;0
50;2025-12-31;3;0
50;2025-12-31;4;0
50;2025-12-31;5;0
50;2025-12-31;6;0
50;2025-12-31;7;0
50;2025-12-31;8;0
50;2025-12-31;9;0
50;2025-12-31;10;0
50;2025-12-31;11;0
50;2025-12-31;12;0
50;2025-12-31;13;0
50;2025-12-31;14;0
50;2025-12-31;15;0
50;2025-12-31;16;0
50;2025-12-31;17;0
50;2025-12-31;18;0
50;2025-12-31;19;0
50;2025-12-31;20;0
50;2025-12-31;21;0
50;2025-12-31;22;0
50;2025-12-31;23;0
