route;date;hour;pred;model_version
1;2025-11-01;0;2.020841516665797;20260927_1334_g103
1;2025-11-01;1;0.0;20260927_1334_g103
1;2025-11-01;2;0.0;20260927_1334_g103
1;2025-11-01;3;0.0;20260927_1334_g103
1;2025-11-01;4;6.508263085729098;20260927_1334_g103
1;2025-11-01;5;107.94530389579346;20260927_1334_g103
1;2025-11-01;6;431.59271849652106;20260927_1334_g103
1;2025-11-01;7;1268.3230581699918;20260927_1334_g103
1;2025-11-01;8;1641.6353660199395;20260927_1334_g103
1;2025-11-01;9;1277.9146286562752;20260927_1334_g103
1;2025-11-01;10;1166.929812699246;20260927_1334_g103
1;2025-11-01;11;1150.801600674625;20260927_1334_g103
1;2025-11-01;12;1220.3345345937075;20260927_1334_g103
1;2025-11-01;13;1259.973762714134;20260927_1334_g103
1;2025-11-01;14;1200.4076103938892;20260927_1334_g103
1;2025-11-01;15;1291.7899917221405;20260927_1334_g103
1;2025-11-01;16;1326.169583029999;20260927_1334_g103
1;2025-11-01;17;1563.044387085717;20260927_1334_g103
1;2025-11-01;18;1607.8538841171903;20260927_1334_g103
1;2025-11-01;19;1228.2276328636494;20260927_1334_g103
1;2025-11-01;20;772.8529782372514;20260927_1334_g103
1;2025-11-01;21;398.48420212128946;20260927_1334_g103
1;2025-11-01;22;186.2914708241824;20260927_1334_g103
1;2025-11-01;23;32.01048018364767;20260927_1334_g103
1;2025-11-02;0;0.0;20260927_1334_g103
1;2025-11-02;1;0.0;20260927_1334_g103
1;2025-11-02;2;0.0;20260927_1334_g103
1;2025-11-02;3;0.0;20260927_1334_g103
1;2025-11-02;4;0.0;20260927_1334_g103
1;2025-11-02;5;24.00411409347222;20260927_1334_g103
1;2025-11-02;6;120.97195884251799;20260927_1334_g103
1;2025-11-02;7;264.19737961269675;20260927_1334_g103
1;2025-11-02;8;370.4907024853274;20260927_1334_g103
1;2025-11-02;9;600.705751062112;20260927_1334_g103
1;2025-11-02;10;685.4598965963044;20260927_1334_g103
1;2025-11-02;11;704.8301542454351;20260927_1334_g103
1;2025-11-02;12;795.1793315051524;20260927_1334_g103
1;2025-11-02;13;828.396580239368;20260927_1334_g103
1;2025-11-02;14;775.5298420741714;20260927_1334_g103
1;2025-11-02;15;700.2711497679576;20260927_1334_g103
1;2025-11-02;16;633.2079462441642;20260927_1334_g103
1;2025-11-02;17;574.6322864380647;20260927_1334_g103
1;2025-11-02;18;535.5521850717273;20260927_1334_g103
1;2025-11-02;19;467.22414032461336;20260927_1334_g103
1;2025-11-02;20;340.9982662449059;20260927_1334_g103
1;2025-11-02;21;262.0063930882538;20260927_1334_g103
1;2025-11-02;22;100.237021542563;20260927_1334_g103
1;2025-11-02;23;29.701189622996665;20260927_1334_g103
1;2025-11-03;0;0.0;20260927_1334_g103
1;2025-11-03;1;0.0;20260927_1334_g103
1;2025-11-03;2;0.0;20260927_1334_g103
1;2025-11-03;3;0.0;20260927_1334_g103
1;2025-11-03;4;0.0;20260927_1334_g103
1;2025-11-03;5;25.974306404069775;20260927_1334_g103
1;2025-11-03;6;128.4682816661396;20260927_1334_g103
1;2025-11-03;7;276.7416763504561;20260927_1334_g103
1;2025-11-03;8;381.4709103817928;20260927_1334_g103
1;2025-11-03;9;568.7210809258141;20260927_1334_g103
1;2025-11-03;10;650.7137200651454;20260927_1334_g103
1;2025-11-03;11;647.4880579739634;20260927_1334_g103
1;2025-11-03;12;754.7476273988236;20260927_1334_g103
1;2025-11-03;13;784.4233625710589;20260927_1334_g103
1;2025-11-03;14;706.3734628903296;20260927_1334_g103
1;2025-11-03;15;654.4074515549953;20260927_1334_g103
1;2025-11-03;16;600.284140604343;20260927_1334_g103
1;2025-11-03;17;561.3405846673481;20260927_1334_g103
1;2025-11-03;18;538.5185802505775;20260927_1334_g103
1;2025-11-03;19;479.8902001602839;20260927_1334_g103
1;2025-11-03;20;354.12194574744825;20260927_1334_g103
1;2025-11-03;21;264.3065255873857;20260927_1334_g103
1;2025-11-03;22;104.99151206324981;20260927_1334_g103
1;2025-11-03;23;30.022968434476564;20260927_1334_g103
1;2025-11-04;0;0.0;20260927_1334_g103
1;2025-11-04;1;0.0;20260927_1334_g103
1;2025-11-04;2;0.0;20260927_1334_g103
1;2025-11-04;3;0.0;20260927_1334_g103
1;2025-11-04;4;0.0;20260927_1334_g103
1;2025-11-04;5;25.63538097638125;20260927_1334_g103
1;2025-11-04;6;130.23287266776532;20260927_1334_g103
1;2025-11-04;7;276.81333488490446;20260927_1334_g103
1;2025-11-04;8;381.4471114637096;20260927_1334_g103
1;2025-11-04;9;564.4786154088154;20260927_1334_g103
1;2025-11-04;10;643.7107859230492;20260927_1334_g103
1;2025-11-04;11;640.9351344818892;20260927_1334_g103
1;2025-11-04;12;748.5383024482717;20260927_1334_g103
1;2025-11-04;13;779.6613951903228;20260927_1334_g103
1;2025-11-04;14;703.8575839428001;20260927_1334_g103
1;2025-11-04;15;649.6217925365029;20260927_1334_g103
1;2025-11-04;16;595.123701818546;20260927_1334_g103
1;2025-11-04;17;557.0928993246007;20260927_1334_g103
1;2025-11-04;18;536.3540085204406;20260927_1334_g103
1;2025-11-04;19;479.80806038340927;20260927_1334_g103
1;2025-11-04;20;351.88118015798085;20260927_1334_g103
1;2025-11-04;21;264.10006362781394;20260927_1334_g103
1;2025-11-04;22;105.55255254101358;20260927_1334_g103
1;2025-11-04;23;30.428640806691703;20260927_1334_g103
1;2025-11-05;0;2.252324648304234;20260927_1334_g103
1;2025-11-05;1;0.0;20260927_1334_g103
1;2025-11-05;2;0.0;20260927_1334_g103
1;2025-11-05;3;0.0;20260927_1334_g103
1;2025-11-05;4;8.389027871304988;20260927_1334_g103
1;2025-11-05;5;132.35653866149565;20260927_1334_g103
1;2025-11-05;6;535.8524560248524;20260927_1334_g103
1;2025-11-05;7;1609.4531089810828;20260927_1334_g103
1;2025-11-05;8;2090.445256691386;20260927_1334_g103
1;2025-11-05;9;1546.4216614308764;20260927_1334_g103
1;2025-11-05;10;1415.7329009238113;20260927_1334_g103
1;2025-11-05;11;1391.2361844260145;20260927_1334_g103
1;2025-11-05;12;1455.761126606844;20260927_1334_g103
1;2025-11-05;13;1504.12549727853;20260927_1334_g103
1;2025-11-05;14;1437.1714855291395;20260927_1334_g103
1;2025-11-05;15;1557.8556570372664;20260927_1334_g103
1;2025-11-05;16;1608.1840893303008;20260927_1334_g103
1;2025-11-05;17;1887.6343421077402;20260927_1334_g103
1;2025-11-05;18;1943.831202984708;20260927_1334_g103
1;2025-11-05;19;1482.7121492351077;20260927_1334_g103
1;2025-11-05;20;943.6599873282003;20260927_1334_g103
1;2025-11-05;21;489.9767225178537;20260927_1334_g103
1;2025-11-05;22;225.64795713000262;20260927_1334_g103
1;2025-11-05;23;38.471158079406656;20260927_1334_g103
1;2025-11-06;0;2.3282564048737218;20260927_1334_g103
1;2025-11-06;1;0.0;20260927_1334_g103
1;2025-11-06;2;0.0;20260927_1334_g103
1;2025-11-06;3;0.0;20260927_1334_g103
1;2025-11-06;4;8.745945907764494;20260927_1334_g103
1;2025-11-06;5;130.51042651685336;20260927_1334_g103
1;2025-11-06;6;523.1831008312828;20260927_1334_g103
1;2025-11-06;7;1615.9991580875576;20260927_1334_g103
1;2025-11-06;8;2096.670803667498;20260927_1334_g103
1;2025-11-06;9;1559.984711784763;20260927_1334_g103
1;2025-11-06;10;1414.6753761960538;20260927_1334_g103
1;2025-11-06;11;1393.4905462627491;20260927_1334_g103
1;2025-11-06;12;1462.6744628435351;20260927_1334_g103
1;2025-11-06;13;1502.6539088298223;20260927_1334_g103
1;2025-11-06;14;1446.3402468201657;20260927_1334_g103
1;2025-11-06;15;1564.2444982648726;20260927_1334_g103
1;2025-11-06;16;1609.6264215994788;20260927_1334_g103
1;2025-11-06;17;1900.8461908317388;20260927_1334_g103
1;2025-11-06;18;1954.0407083953205;20260927_1334_g103
1;2025-11-06;19;1485.616762272781;20260927_1334_g103
1;2025-11-06;20;950.2666277695822;20260927_1334_g103
1;2025-11-06;21;485.4869547772363;20260927_1334_g103
1;2025-11-06;22;224.70413074802326;20260927_1334_g103
1;2025-11-06;23;38.71004873069873;20260927_1334_g103
1;2025-11-07;0;4.34442815355892;20260927_1334_g103
1;2025-11-07;1;0.0;20260927_1334_g103
1;2025-11-07;2;0.0;20260927_1334_g103
1;2025-11-07;3;0.0;20260927_1334_g103
1;2025-11-07;4;8.020260277558368;20260927_1334_g103
1;2025-11-07;5;137.00219958357025;20260927_1334_g103
1;2025-11-07;6;497.92996661631486;20260927_1334_g103
1;2025-11-07;7;1533.6028322577574;20260927_1334_g103
1;2025-11-07;8;1872.864612893375;20260927_1334_g103
1;2025-11-07;9;1474.3171184581638;20260927_1334_g103
1;2025-11-07;10;1328.7412643033967;20260927_1334_g103
1;2025-11-07;11;1419.495219571391;20260927_1334_g103
1;2025-11-07;12;1404.14645558324;20260927_1334_g103
1;2025-11-07;13;1445.717680237211;20260927_1334_g103
1;2025-11-07;14;1393.9624697832364;20260927_1334_g103
1;2025-11-07;15;1545.1066842326866;20260927_1334_g103
1;2025-11-07;16;1690.1540913584965;20260927_1334_g103
1;2025-11-07;17;1840.4783336917048;20260927_1334_g103
1;2025-11-07;18;1563.3294706376018;20260927_1334_g103
1;2025-11-07;19;1273.6120302916852;20260927_1334_g103
1;2025-11-07;20;817.5347010685701;20260927_1334_g103
1;2025-11-07;21;488.08728270268256;20260927_1334_g103
1;2025-11-07;22;206.99061214683877;20260927_1334_g103
1;2025-11-07;23;42.255370512103944;20260927_1334_g103
1;2025-11-08;0;3.952841227706235;20260927_1334_g103
1;2025-11-08;1;0.0;20260927_1334_g103
1;2025-11-08;2;0.0;20260927_1334_g103
1;2025-11-08;3;0.0;20260927_1334_g103
1;2025-11-08;4;0.0;20260927_1334_g103
1;2025-11-08;5;34.70334904228791;20260927_1334_g103
1;2025-11-08;6;183.49708056215735;20260927_1334_g103
1;2025-11-08;7;403.72095673896155;20260927_1334_g103
1;2025-11-08;8;553.8160283984945;20260927_1334_g103
1;2025-11-08;9;861.7957843564512;20260927_1334_g103
1;2025-11-08;10;1007.8645510670041;20260927_1334_g103
1;2025-11-08;11;894.9735123796987;20260927_1334_g103
1;2025-11-08;12;1085.5602880593137;20260927_1334_g103
1;2025-11-08;13;1203.458726578268;20260927_1334_g103
1;2025-11-08;14;1073.678015178374;20260927_1334_g103
1;2025-11-08;15;942.391270158546;20260927_1334_g103
1;2025-11-08;16;870.596823506577;20260927_1334_g103
1;2025-11-08;17;816.7603836169516;20260927_1334_g103
1;2025-11-08;18;731.096827689141;20260927_1334_g103
1;2025-11-08;19;668.9795764424966;20260927_1334_g103
1;2025-11-08;20;478.6745383118301;20260927_1334_g103
1;2025-11-08;21;338.24089522910305;20260927_1334_g103
1;2025-11-08;22;139.60611607265258;20260927_1334_g103
1;2025-11-08;23;28.376357640085878;20260927_1334_g103
1;2025-11-09;0;0.0;20260927_1334_g103
1;2025-11-09;1;0.0;20260927_1334_g103
1;2025-11-09;2;0.0;20260927_1334_g103
1;2025-11-09;3;0.0;20260927_1334_g103
1;2025-11-09;4;0.0;20260927_1334_g103
1;2025-11-09;5;24.00411409347222;20260927_1334_g103
1;2025-11-09;6;120.97195884251799;20260927_1334_g103
1;2025-11-09;7;264.19737961269675;20260927_1334_g103
1;2025-11-09;8;370.4907024853274;20260927_1334_g103
1;2025-11-09;9;600.705751062112;20260927_1334_g103
1;2025-11-09;10;685.4598965963044;20260927_1334_g103
1;2025-11-09;11;704.8301542454351;20260927_1334_g103
1;2025-11-09;12;795.1793315051524;20260927_1334_g103
1;2025-11-09;13;828.396580239368;20260927_1334_g103
1;2025-11-09;14;775.5298420741714;20260927_1334_g103
1;2025-11-09;15;700.2711497679576;20260927_1334_g103
1;2025-11-09;16;633.2079462441642;20260927_1334_g103
1;2025-11-09;17;574.6322864380647;20260927_1334_g103
1;2025-11-09;18;535.5521850717273;20260927_1334_g103
1;2025-11-09;19;467.22414032461336;20260927_1334_g103
1;2025-11-09;20;340.9982662449059;20260927_1334_g103
1;2025-11-09;21;262.0063930882538;20260927_1334_g103
1;2025-11-09;22;100.237021542563;20260927_1334_g103
1;2025-11-09;23;29.701189622996665;20260927_1334_g103
1;2025-11-10;0;1.9864377080053446;20260927_1334_g103
1;2025-11-10;1;0.0;20260927_1334_g103
1;2025-11-10;2;0.0;20260927_1334_g103
1;2025-11-10;3;0.0;20260927_1334_g103
1;2025-11-10;4;8.853578588816621;20260927_1334_g103
1;2025-11-10;5;135.4689035927812;20260927_1334_g103
1;2025-11-10;6;520.3619784166992;20260927_1334_g103
1;2025-11-10;7;1600.3494195826693;20260927_1334_g103
1;2025-11-10;8;2082.898565091879;20260927_1334_g103
1;2025-11-10;9;1542.0561707482302;20260927_1334_g103
1;2025-11-10;10;1395.4882511403266;20260927_1334_g103
1;2025-11-10;11;1374.0358054224118;20260927_1334_g103
1;2025-11-10;12;1453.8691847123353;20260927_1334_g103
1;2025-11-10;13;1491.9179155044142;20260927_1334_g103
1;2025-11-10;14;1435.6029240252305;20260927_1334_g103
1;2025-11-10;15;1549.6983500389701;20260927_1334_g103
1;2025-11-10;16;1600.1892454647698;20260927_1334_g103
1;2025-11-10;17;1885.210536073266;20260927_1334_g103
1;2025-11-10;18;1952.7484525027332;20260927_1334_g103
1;2025-11-10;19;1487.1398570095182;20260927_1334_g103
1;2025-11-10;20;942.1866332614214;20260927_1334_g103
1;2025-11-10;21;479.4598319834065;20260927_1334_g103
1;2025-11-10;22;221.02265114890992;20260927_1334_g103
1;2025-11-10;23;39.70571653973487;20260927_1334_g103
1;2025-11-11;0;2.3342146115983633;20260927_1334_g103
1;2025-11-11;1;0.0;20260927_1334_g103
1;2025-11-11;2;0.0;20260927_1334_g103
1;2025-11-11;3;0.0;20260927_1334_g103
1;2025-11-11;4;9.02148049388505;20260927_1334_g103
1;2025-11-11;5;130.01685541034072;20260927_1334_g103
1;2025-11-11;6;533.0449893698053;20260927_1334_g103
1;2025-11-11;7;1610.9851820921876;20260927_1334_g103
1;2025-11-11;8;2088.99445896075;20260927_1334_g103
1;2025-11-11;9;1551.6516117017115;20260927_1334_g103
1;2025-11-11;10;1414.480304855919;20260927_1334_g103
1;2025-11-11;11;1390.3996837301597;20260927_1334_g103
1;2025-11-11;12;1460.1119834058807;20260927_1334_g103
1;2025-11-11;13;1496.1078470497264;20260927_1334_g103
1;2025-11-11;14;1433.3786545214416;20260927_1334_g103
1;2025-11-11;15;1554.2256158943349;20260927_1334_g103
1;2025-11-11;16;1603.411256037412;20260927_1334_g103
1;2025-11-11;17;1891.4935476468895;20260927_1334_g103
1;2025-11-11;18;1943.6173755319644;20260927_1334_g103
1;2025-11-11;19;1491.010271788241;20260927_1334_g103
1;2025-11-11;20;940.5301352953815;20260927_1334_g103
1;2025-11-11;21;489.37320990245644;20260927_1334_g103
1;2025-11-11;22;222.66643698003844;20260927_1334_g103
1;2025-11-11;23;39.7505039269041;20260927_1334_g103
1;2025-11-12;0;2.252324648304234;20260927_1334_g103
1;2025-11-12;1;0.0;20260927_1334_g103
1;2025-11-12;2;0.0;20260927_1334_g103
1;2025-11-12;3;0.0;20260927_1334_g103
1;2025-11-12;4;8.389027871304988;20260927_1334_g103
1;2025-11-12;5;132.35653866149565;20260927_1334_g103
1;2025-11-12;6;535.8524560248524;20260927_1334_g103
1;2025-11-12;7;1609.4531089810828;20260927_1334_g103
1;2025-11-12;8;2090.445256691386;20260927_1334_g103
1;2025-11-12;9;1546.4216614308764;20260927_1334_g103
1;2025-11-12;10;1415.7329009238113;20260927_1334_g103
1;2025-11-12;11;1391.2361844260145;20260927_1334_g103
1;2025-11-12;12;1455.761126606844;20260927_1334_g103
1;2025-11-12;13;1504.12549727853;20260927_1334_g103
1;2025-11-12;14;1437.1714855291395;20260927_1334_g103
1;2025-11-12;15;1557.8556570372664;20260927_1334_g103
1;2025-11-12;16;1608.1840893303008;20260927_1334_g103
1;2025-11-12;17;1887.6343421077402;20260927_1334_g103
1;2025-11-12;18;1943.831202984708;20260927_1334_g103
1;2025-11-12;19;1482.7121492351077;20260927_1334_g103
1;2025-11-12;20;943.6599873282003;20260927_1334_g103
1;2025-11-12;21;489.9767225178537;20260927_1334_g103
1;2025-11-12;22;225.64795713000262;20260927_1334_g103
1;2025-11-12;23;38.471158079406656;20260927_1334_g103
1;2025-11-13;0;2.3282564048737218;20260927_1334_g103
1;2025-11-13;1;0.0;20260927_1334_g103
1;2025-11-13;2;0.0;20260927_1334_g103
1;2025-11-13;3;0.0;20260927_1334_g103
1;2025-11-13;4;8.745945907764494;20260927_1334_g103
1;2025-11-13;5;130.51042651685336;20260927_1334_g103
1;2025-11-13;6;523.1831008312828;20260927_1334_g103
1;2025-11-13;7;1615.9991580875576;20260927_1334_g103
1;2025-11-13;8;2096.670803667498;20260927_1334_g103
1;2025-11-13;9;1559.984711784763;20260927_1334_g103
1;2025-11-13;10;1414.6753761960538;20260927_1334_g103
1;2025-11-13;11;1393.4905462627491;20260927_1334_g103
1;2025-11-13;12;1462.6744628435351;20260927_1334_g103
1;2025-11-13;13;1502.6539088298223;20260927_1334_g103
1;2025-11-13;14;1446.3402468201657;20260927_1334_g103
1;2025-11-13;15;1564.2444982648726;20260927_1334_g103
1;2025-11-13;16;1609.6264215994788;20260927_1334_g103
1;2025-11-13;17;1900.8461908317388;20260927_1334_g103
1;2025-11-13;18;1954.0407083953205;20260927_1334_g103
1;2025-11-13;19;1485.616762272781;20260927_1334_g103
1;2025-11-13;20;950.2666277695822;20260927_1334_g103
1;2025-11-13;21;485.4869547772363;20260927_1334_g103
1;2025-11-13;22;224.70413074802326;20260927_1334_g103
1;2025-11-13;23;38.71004873069873;20260927_1334_g103
1;2025-11-14;0;4.34442815355892;20260927_1334_g103
1;2025-11-14;1;0.0;20260927_1334_g103
1;2025-11-14;2;0.0;20260927_1334_g103
1;2025-11-14;3;0.0;20260927_1334_g103
1;2025-11-14;4;8.020260277558368;20260927_1334_g103
1;2025-11-14;5;137.00219958357025;20260927_1334_g103
1;2025-11-14;6;497.92996661631486;20260927_1334_g103
1;2025-11-14;7;1533.6028322577574;20260927_1334_g103
1;2025-11-14;8;1872.864612893375;20260927_1334_g103
1;2025-11-14;9;1474.3171184581638;20260927_1334_g103
1;2025-11-14;10;1328.7412643033967;20260927_1334_g103
1;2025-11-14;11;1419.495219571391;20260927_1334_g103
1;2025-11-14;12;1404.14645558324;20260927_1334_g103
1;2025-11-14;13;1445.717680237211;20260927_1334_g103
1;2025-11-14;14;1393.9624697832364;20260927_1334_g103
1;2025-11-14;15;1545.1066842326866;20260927_1334_g103
1;2025-11-14;16;1690.1540913584965;20260927_1334_g103
1;2025-11-14;17;1840.4783336917048;20260927_1334_g103
1;2025-11-14;18;1563.3294706376018;20260927_1334_g103
1;2025-11-14;19;1273.6120302916852;20260927_1334_g103
1;2025-11-14;20;817.5347010685701;20260927_1334_g103
1;2025-11-14;21;488.08728270268256;20260927_1334_g103
1;2025-11-14;22;206.99061214683877;20260927_1334_g103
1;2025-11-14;23;42.255370512103944;20260927_1334_g103
1;2025-11-15;0;3.952841227706235;20260927_1334_g103
1;2025-11-15;1;0.0;20260927_1334_g103
1;2025-11-15;2;0.0;20260927_1334_g103
1;2025-11-15;3;0.0;20260927_1334_g103
1;2025-11-15;4;0.0;20260927_1334_g103
1;2025-11-15;5;34.70334904228791;20260927_1334_g103
1;2025-11-15;6;183.49708056215735;20260927_1334_g103
1;2025-11-15;7;403.72095673896155;20260927_1334_g103
1;2025-11-15;8;553.8160283984945;20260927_1334_g103
1;2025-11-15;9;861.7957843564512;20260927_1334_g103
1;2025-11-15;10;1007.8645510670041;20260927_1334_g103
1;2025-11-15;11;894.9735123796987;20260927_1334_g103
1;2025-11-15;12;1085.5602880593137;20260927_1334_g103
1;2025-11-15;13;1203.458726578268;20260927_1334_g103
1;2025-11-15;14;1073.678015178374;20260927_1334_g103
1;2025-11-15;15;942.391270158546;20260927_1334_g103
1;2025-11-15;16;870.596823506577;20260927_1334_g103
1;2025-11-15;17;816.7603836169516;20260927_1334_g103
1;2025-11-15;18;731.096827689141;20260927_1334_g103
1;2025-11-15;19;668.9795764424966;20260927_1334_g103
1;2025-11-15;20;478.6745383118301;20260927_1334_g103
1;2025-11-15;21;338.24089522910305;20260927_1334_g103
1;2025-11-15;22;139.60611607265258;20260927_1334_g103
1;2025-11-15;23;28.376357640085878;20260927_1334_g103
1;2025-11-16;0;0.0;20260927_1334_g103
1;2025-11-16;1;0.0;20260927_1334_g103
1;2025-11-16;2;0.0;20260927_1334_g103
1;2025-11-16;3;0.0;20260927_1334_g103
1;2025-11-16;4;0.0;20260927_1334_g103
1;2025-11-16;5;24.00411409347222;20260927_1334_g103
1;2025-11-16;6;120.97195884251799;20260927_1334_g103
1;2025-11-16;7;264.19737961269675;20260927_1334_g103
1;2025-11-16;8;370.4907024853274;20260927_1334_g103
1;2025-11-16;9;600.705751062112;20260927_1334_g103
1;2025-11-16;10;685.4598965963044;20260927_1334_g103
1;2025-11-16;11;704.8301542454351;20260927_1334_g103
1;2025-11-16;12;795.1793315051524;20260927_1334_g103
1;2025-11-16;13;828.396580239368;20260927_1334_g103
1;2025-11-16;14;775.5298420741714;20260927_1334_g103
1;2025-11-16;15;700.2711497679576;20260927_1334_g103
1;2025-11-16;16;633.2079462441642;20260927_1334_g103
1;2025-11-16;17;574.6322864380647;20260927_1334_g103
1;2025-11-16;18;535.5521850717273;20260927_1334_g103
1;2025-11-16;19;467.22414032461336;20260927_1334_g103
1;2025-11-16;20;340.9982662449059;20260927_1334_g103
1;2025-11-16;21;262.0063930882538;20260927_1334_g103
1;2025-11-16;22;100.237021542563;20260927_1334_g103
1;2025-11-16;23;29.701189622996665;20260927_1334_g103
1;2025-11-17;0;1.9864377080053446;20260927_1334_g103
1;2025-11-17;1;0.0;20260927_1334_g103
1;2025-11-17;2;0.0;20260927_1334_g103
1;2025-11-17;3;0.0;20260927_1334_g103
1;2025-11-17;4;8.853578588816621;20260927_1334_g103
1;2025-11-17;5;135.4689035927812;20260927_1334_g103
1;2025-11-17;6;520.3619784166992;20260927_1334_g103
1;2025-11-17;7;1600.3494195826693;20260927_1334_g103
1;2025-11-17;8;2082.898565091879;20260927_1334_g103
1;2025-11-17;9;1542.0561707482302;20260927_1334_g103
1;2025-11-17;10;1395.4882511403266;20260927_1334_g103
1;2025-11-17;11;1374.0358054224118;20260927_1334_g103
1;2025-11-17;12;1453.8691847123353;20260927_1334_g103
1;2025-11-17;13;1491.9179155044142;20260927_1334_g103
1;2025-11-17;14;1435.6029240252305;20260927_1334_g103
1;2025-11-17;15;1549.6983500389701;20260927_1334_g103
1;2025-11-17;16;1600.1892454647698;20260927_1334_g103
1;2025-11-17;17;1885.210536073266;20260927_1334_g103
1;2025-11-17;18;1952.7484525027332;20260927_1334_g103
1;2025-11-17;19;1487.1398570095182;20260927_1334_g103
1;2025-11-17;20;942.1866332614214;20260927_1334_g103
1;2025-11-17;21;479.4598319834065;20260927_1334_g103
1;2025-11-17;22;221.02265114890992;20260927_1334_g103
1;2025-11-17;23;39.70571653973487;20260927_1334_g103
1;2025-11-18;0;2.3342146115983633;20260927_1334_g103
1;2025-11-18;1;0.0;20260927_1334_g103
1;2025-11-18;2;0.0;20260927_1334_g103
1;2025-11-18;3;0.0;20260927_1334_g103
1;2025-11-18;4;9.02148049388505;20260927_1334_g103
1;2025-11-18;5;130.01685541034072;20260927_1334_g103
1;2025-11-18;6;532.7549521625093;20260927_1334_g103
1;2025-11-18;7;1608.6112627197542;20260927_1334_g103
1;2025-11-18;8;1761.1233371030023;20260927_1334_g103
1;2025-11-18;9;1325.1047393361716;20260927_1334_g103
1;2025-11-18;10;1208.9742435976623;20260927_1334_g103
1;2025-11-18;11;1388.958053514317;20260927_1334_g103
1;2025-11-18;12;1458.9800748779771;20260927_1334_g103
1;2025-11-18;13;1495.1598894292374;20260927_1334_g103
1;2025-11-18;14;1431.5553958616504;20260927_1334_g103
1;2025-11-18;15;1553.2973956912692;20260927_1334_g103
1;2025-11-18;16;1600.7547210970147;20260927_1334_g103
1;2025-11-18;17;1884.2828221019267;20260927_1334_g103
1;2025-11-18;18;1942.268657143174;20260927_1334_g103
1;2025-11-18;19;1488.7091997786135;20260927_1334_g103
1;2025-11-18;20;940.7176368979234;20260927_1334_g103
1;2025-11-18;21;491.5551784069326;20260927_1334_g103
1;2025-11-18;22;222.66643698003844;20260927_1334_g103
1;2025-11-18;23;39.7505039269041;20260927_1334_g103
1;2025-11-19;0;2.252324648304234;20260927_1334_g103
1;2025-11-19;1;0.0;20260927_1334_g103
1;2025-11-19;2;0.0;20260927_1334_g103
1;2025-11-19;3;0.0;20260927_1334_g103
1;2025-11-19;4;8.389027871304988;20260927_1334_g103
1;2025-11-19;5;132.35653866149565;20260927_1334_g103
1;2025-11-19;6;535.8524560248524;20260927_1334_g103
1;2025-11-19;7;1609.4531089810828;20260927_1334_g103
1;2025-11-19;8;2090.445256691386;20260927_1334_g103
1;2025-11-19;9;1546.4216614308764;20260927_1334_g103
1;2025-11-19;10;1415.7329009238113;20260927_1334_g103
1;2025-11-19;11;1391.2361844260145;20260927_1334_g103
1;2025-11-19;12;1455.761126606844;20260927_1334_g103
1;2025-11-19;13;1504.12549727853;20260927_1334_g103
1;2025-11-19;14;1437.1714855291395;20260927_1334_g103
1;2025-11-19;15;1557.8556570372664;20260927_1334_g103
1;2025-11-19;16;1608.1840893303008;20260927_1334_g103
1;2025-11-19;17;1887.6343421077402;20260927_1334_g103
1;2025-11-19;18;1943.831202984708;20260927_1334_g103
1;2025-11-19;19;1482.7121492351077;20260927_1334_g103
1;2025-11-19;20;943.6599873282003;20260927_1334_g103
1;2025-11-19;21;489.9767225178537;20260927_1334_g103
1;2025-11-19;22;225.64795713000262;20260927_1334_g103
1;2025-11-19;23;38.471158079406656;20260927_1334_g103
1;2025-11-20;0;2.3282564048737218;20260927_1334_g103
1;2025-11-20;1;0.0;20260927_1334_g103
1;2025-11-20;2;0.0;20260927_1334_g103
1;2025-11-20;3;0.0;20260927_1334_g103
1;2025-11-20;4;8.745945907764494;20260927_1334_g103
1;2025-11-20;5;130.51042651685336;20260927_1334_g103
1;2025-11-20;6;523.1831008312828;20260927_1334_g103
1;2025-11-20;7;1615.9991580875576;20260927_1334_g103
1;2025-11-20;8;2096.670803667498;20260927_1334_g103
1;2025-11-20;9;1559.984711784763;20260927_1334_g103
1;2025-11-20;10;1414.6753761960538;20260927_1334_g103
1;2025-11-20;11;1393.4905462627491;20260927_1334_g103
1;2025-11-20;12;1462.6744628435351;20260927_1334_g103
1;2025-11-20;13;1502.6539088298223;20260927_1334_g103
1;2025-11-20;14;1446.3402468201657;20260927_1334_g103
1;2025-11-20;15;1564.2444982648726;20260927_1334_g103
1;2025-11-20;16;1609.6264215994788;20260927_1334_g103
1;2025-11-20;17;1900.8461908317388;20260927_1334_g103
1;2025-11-20;18;1954.0407083953205;20260927_1334_g103
1;2025-11-20;19;1485.616762272781;20260927_1334_g103
1;2025-11-20;20;950.2666277695822;20260927_1334_g103
1;2025-11-20;21;485.4869547772363;20260927_1334_g103
1;2025-11-20;22;224.70413074802326;20260927_1334_g103
1;2025-11-20;23;38.71004873069873;20260927_1334_g103
1;2025-11-21;0;4.34442815355892;20260927_1334_g103
1;2025-11-21;1;0.0;20260927_1334_g103
1;2025-11-21;2;0.0;20260927_1334_g103
1;2025-11-21;3;0.0;20260927_1334_g103
1;2025-11-21;4;8.020260277558368;20260927_1334_g103
1;2025-11-21;5;137.00219958357025;20260927_1334_g103
1;2025-11-21;6;497.92996661631486;20260927_1334_g103
1;2025-11-21;7;1533.6028322577574;20260927_1334_g103
1;2025-11-21;8;1872.864612893375;20260927_1334_g103
1;2025-11-21;9;1474.3171184581638;20260927_1334_g103
1;2025-11-21;10;1328.7412643033967;20260927_1334_g103
1;2025-11-21;11;1419.495219571391;20260927_1334_g103
1;2025-11-21;12;1404.14645558324;20260927_1334_g103
1;2025-11-21;13;1445.717680237211;20260927_1334_g103
1;2025-11-21;14;1393.9624697832364;20260927_1334_g103
1;2025-11-21;15;1545.1066842326866;20260927_1334_g103
1;2025-11-21;16;1690.1540913584965;20260927_1334_g103
1;2025-11-21;17;1840.4783336917048;20260927_1334_g103
1;2025-11-21;18;1563.3294706376018;20260927_1334_g103
1;2025-11-21;19;1273.6120302916852;20260927_1334_g103
1;2025-11-21;20;817.5347010685701;20260927_1334_g103
1;2025-11-21;21;488.08728270268256;20260927_1334_g103
1;2025-11-21;22;206.99061214683877;20260927_1334_g103
1;2025-11-21;23;42.255370512103944;20260927_1334_g103
1;2025-11-22;0;3.9130836498101083;20260927_1334_g103
1;2025-11-22;1;0.0;20260927_1334_g103
1;2025-11-22;2;0.0;20260927_1334_g103
1;2025-11-22;3;0.0;20260927_1334_g103
1;2025-11-22;4;0.0;20260927_1334_g103
1;2025-11-22;5;34.97766124031265;20260927_1334_g103
1;2025-11-22;6;191.68155099263015;20260927_1334_g103
1;2025-11-22;7;411.7423936159229;20260927_1334_g103
1;2025-11-22;8;562.8204333091434;20260927_1334_g103
1;2025-11-22;9;875.782320729069;20260927_1334_g103
1;2025-11-22;10;1017.6806110472907;20260927_1334_g103
1;2025-11-22;11;894.78551526276;20260927_1334_g103
1;2025-11-22;12;1093.3215740021947;20260927_1334_g103
1;2025-11-22;13;1216.907274983415;20260927_1334_g103
1;2025-11-22;14;1087.911723181031;20260927_1334_g103
1;2025-11-22;15;949.1871969233641;20260927_1334_g103
1;2025-11-22;16;885.4484974379787;20260927_1334_g103
1;2025-11-22;17;825.2422654589049;20260927_1334_g103
1;2025-11-22;18;743.2450366897398;20260927_1334_g103
1;2025-11-22;19;674.3381650231573;20260927_1334_g103
1;2025-11-22;20;487.4145575896522;20260927_1334_g103
1;2025-11-22;21;350.4948355040138;20260927_1334_g103
1;2025-11-22;22;145.39144374537435;20260927_1334_g103
1;2025-11-22;23;29.548500366269547;20260927_1334_g103
1;2025-11-23;0;0.0;20260927_1334_g103
1;2025-11-23;1;0.0;20260927_1334_g103
1;2025-11-23;2;0.0;20260927_1334_g103
1;2025-11-23;3;0.0;20260927_1334_g103
1;2025-11-23;4;0.0;20260927_1334_g103
1;2025-11-23;5;24.95761750413643;20260927_1334_g103
1;2025-11-23;6;125.31966581595191;20260927_1334_g103
1;2025-11-23;7;269.04324402770834;20260927_1334_g103
1;2025-11-23;8;376.87347101120343;20260927_1334_g103
1;2025-11-23;9;608.6456044142506;20260927_1334_g103
1;2025-11-23;10;695.6873780807946;20260927_1334_g103
1;2025-11-23;11;700.0211504156393;20260927_1334_g103
1;2025-11-23;12;808.3588726785841;20260927_1334_g103
1;2025-11-23;13;841.8516057685412;20260927_1334_g103
1;2025-11-23;14;767.3819123160054;20260927_1334_g103
1;2025-11-23;15;703.7682619788975;20260927_1334_g103
1;2025-11-23;16;642.5283501272003;20260927_1334_g103
1;2025-11-23;17;584.0082442808948;20260927_1334_g103
1;2025-11-23;18;547.190871170953;20260927_1334_g103
1;2025-11-23;19;474.9207266069319;20260927_1334_g103
1;2025-11-23;20;346.998388475847;20260927_1334_g103
1;2025-11-23;21;260.9274082102875;20260927_1334_g103
1;2025-11-23;22;102.75132315389314;20260927_1334_g103
1;2025-11-23;23;29.944666996214856;20260927_1334_g103
1;2025-11-24;0;2.1559617072908344;20260927_1334_g103
1;2025-11-24;1;0.0;20260927_1334_g103
1;2025-11-24;2;0.0;20260927_1334_g103
1;2025-11-24;3;0.0;20260927_1334_g103
1;2025-11-24;4;8.719283292007821;20260927_1334_g103
1;2025-11-24;5;134.73612796287517;20260927_1334_g103
1;2025-11-24;6;530.2658678414077;20260927_1334_g103
1;2025-11-24;7;1609.9589378776932;20260927_1334_g103
1;2025-11-24;8;2080.404607275014;20260927_1334_g103
1;2025-11-24;9;1535.6929048114307;20260927_1334_g103
1;2025-11-24;10;1391.1946290676683;20260927_1334_g103
1;2025-11-24;11;1368.0506603809915;20260927_1334_g103
1;2025-11-24;12;1439.8061515878137;20260927_1334_g103
1;2025-11-24;13;1480.4408427234705;20260927_1334_g103
1;2025-11-24;14;1420.365783574584;20260927_1334_g103
1;2025-11-24;15;1542.9016856703072;20260927_1334_g103
1;2025-11-24;16;1593.1847025408201;20260927_1334_g103
1;2025-11-24;17;1874.5533790585412;20260927_1334_g103
1;2025-11-24;18;1944.7317895468618;20260927_1334_g103
1;2025-11-24;19;1487.1348962725324;20260927_1334_g103
1;2025-11-24;20;941.7916383244341;20260927_1334_g103
1;2025-11-24;21;485.93232701356345;20260927_1334_g103
1;2025-11-24;22;227.00552486873204;20260927_1334_g103
1;2025-11-24;23;39.412434787471284;20260927_1334_g103
1;2025-11-25;0;2.271887341821841;20260927_1334_g103
1;2025-11-25;1;0.0;20260927_1334_g103
1;2025-11-25;2;0.0;20260927_1334_g103
1;2025-11-25;3;0.0;20260927_1334_g103
1;2025-11-25;4;8.775250593697296;20260927_1334_g103
1;2025-11-25;5;132.91877856872836;20260927_1334_g103
1;2025-11-25;6;534.4935381591098;20260927_1334_g103
1;2025-11-25;7;1613.5041920475328;20260927_1334_g103
1;2025-11-25;8;2082.4365718979707;20260927_1334_g103
1;2025-11-25;9;1538.8913851292575;20260927_1334_g103
1;2025-11-25;10;1397.5253136395327;20260927_1334_g103
1;2025-11-25;11;1373.5052864835739;20260927_1334_g103
1;2025-11-25;12;1441.8870844856624;20260927_1334_g103
1;2025-11-25;13;1481.8374865719081;20260927_1334_g103
1;2025-11-25;14;1419.6243604066542;20260927_1334_g103
1;2025-11-25;15;1544.4107742887622;20260927_1334_g103
1;2025-11-25;16;1594.2587060650344;20260927_1334_g103
1;2025-11-25;17;1876.647716249749;20260927_1334_g103
1;2025-11-25;18;1941.688097223272;20260927_1334_g103
1;2025-11-25;19;1488.4250345321066;20260927_1334_g103
1;2025-11-25;20;941.239472335754;20260927_1334_g103
1;2025-11-25;21;489.23678631991356;20260927_1334_g103
1;2025-11-25;22;227.55345347910827;20260927_1334_g103
1;2025-11-25;23;39.427363916527696;20260927_1334_g103
1;2025-11-26;0;2.244590687390464;20260927_1334_g103
1;2025-11-26;1;0.0;20260927_1334_g103
1;2025-11-26;2;0.0;20260927_1334_g103
1;2025-11-26;3;0.0;20260927_1334_g103
1;2025-11-26;4;8.564433052837275;20260927_1334_g103
1;2025-11-26;5;133.69867298578;20260927_1334_g103
1;2025-11-26;6;535.4293603774588;20260927_1334_g103
1;2025-11-26;7;1612.9935010104978;20260927_1334_g103
1;2025-11-26;8;2082.9201711415158;20260927_1334_g103
1;2025-11-26;9;1537.1480683723125;20260927_1334_g103
1;2025-11-26;10;1397.9428456621636;20260927_1334_g103
1;2025-11-26;11;1373.7841200488585;20260927_1334_g103
1;2025-11-26;12;1440.436798885983;20260927_1334_g103
1;2025-11-26;13;1484.5100366481756;20260927_1334_g103
1;2025-11-26;14;1420.88863740922;20260927_1334_g103
1;2025-11-26;15;1545.620788003073;20260927_1334_g103
1;2025-11-26;16;1595.8496504959971;20260927_1334_g103
1;2025-11-26;17;1875.3613144033657;20260927_1334_g103
1;2025-11-26;18;1941.7593730408532;20260927_1334_g103
1;2025-11-26;19;1485.6589936810622;20260927_1334_g103
1;2025-11-26;20;942.2827563466936;20260927_1334_g103
1;2025-11-26;21;489.4379571917126;20260927_1334_g103
1;2025-11-26;22;228.54729352909632;20260927_1334_g103
1;2025-11-26;23;39.00091530069522;20260927_1334_g103
1;2025-11-27;0;2.2699012729136268;20260927_1334_g103
1;2025-11-27;1;0.0;20260927_1334_g103
1;2025-11-27;2;0.0;20260927_1334_g103
1;2025-11-27;3;0.0;20260927_1334_g103
1;2025-11-27;4;8.68340573165711;20260927_1334_g103
1;2025-11-27;5;133.08330227089922;20260927_1334_g103
1;2025-11-27;6;531.2062419796023;20260927_1334_g103
1;2025-11-27;7;1615.1755173793226;20260927_1334_g103
1;2025-11-27;8;2084.9953534668866;20260927_1334_g103
1;2025-11-27;9;1541.6690851569415;20260927_1334_g103
1;2025-11-27;10;1397.5903374195777;20260927_1334_g103
1;2025-11-27;11;1374.535573994437;20260927_1334_g103
1;2025-11-27;12;1442.7412442982136;20260927_1334_g103
1;2025-11-27;13;1484.019507165273;20260927_1334_g103
1;2025-11-27;14;1423.9448911728955;20260927_1334_g103
1;2025-11-27;15;1547.7504017456083;20260927_1334_g103
1;2025-11-27;16;1596.330427919057;20260927_1334_g103
1;2025-11-27;17;1879.7652639780324;20260927_1334_g103
1;2025-11-27;18;1945.1625415110575;20260927_1334_g103
1;2025-11-27;19;1486.6271980269532;20260927_1334_g103
1;2025-11-27;20;944.4849698271543;20260927_1334_g103
1;2025-11-27;21;487.9413679448402;20260927_1334_g103
1;2025-11-27;22;228.2326847351032;20260927_1334_g103
1;2025-11-27;23;39.08054551779258;20260927_1334_g103
1;2025-11-28;0;4.35275710806221;20260927_1334_g103
1;2025-11-28;1;0.0;20260927_1334_g103
1;2025-11-28;2;0.0;20260927_1334_g103
1;2025-11-28;3;0.0;20260927_1334_g103
1;2025-11-28;4;8.311319430527254;20260927_1334_g103
1;2025-11-28;5;139.180010964383;20260927_1334_g103
1;2025-11-28;6;507.3655427449663;20260927_1334_g103
1;2025-11-28;7;1547.0330324892195;20260927_1334_g103
1;2025-11-28;8;1885.9219732188808;20260927_1334_g103
1;2025-11-28;9;1473.8776591791473;20260927_1334_g103
1;2025-11-28;10;1328.7403349131391;20260927_1334_g103
1;2025-11-28;11;1415.736790212643;20260927_1334_g103
1;2025-11-28;12;1400.2388444267544;20260927_1334_g103
1;2025-11-28;13;1440.4007921349332;20260927_1334_g103
1;2025-11-28;14;1393.204810796619;20260927_1334_g103
1;2025-11-28;15;1549.737274800824;20260927_1334_g103
1;2025-11-28;16;1692.2983151111146;20260927_1334_g103
1;2025-11-28;17;1846.9780297540851;20260927_1334_g103
1;2025-11-28;18;1575.7032472692943;20260927_1334_g103
1;2025-11-28;19;1278.9251570781391;20260927_1334_g103
1;2025-11-28;20;820.9842493655834;20260927_1334_g103
1;2025-11-28;21;490.55408900240883;20260927_1334_g103
1;2025-11-28;22;212.87844276603593;20260927_1334_g103
1;2025-11-28;23;42.37502202028836;20260927_1334_g103
1;2025-11-29;0;3.9130836498101083;20260927_1334_g103
1;2025-11-29;1;0.0;20260927_1334_g103
1;2025-11-29;2;0.0;20260927_1334_g103
1;2025-11-29;3;0.0;20260927_1334_g103
1;2025-11-29;4;0.0;20260927_1334_g103
1;2025-11-29;5;34.97766124031265;20260927_1334_g103
1;2025-11-29;6;191.68155099263015;20260927_1334_g103
1;2025-11-29;7;411.7423936159229;20260927_1334_g103
1;2025-11-29;8;562.8204333091434;20260927_1334_g103
1;2025-11-29;9;875.782320729069;20260927_1334_g103
1;2025-11-29;10;1017.6806110472907;20260927_1334_g103
1;2025-11-29;11;894.78551526276;20260927_1334_g103
1;2025-11-29;12;1093.3215740021947;20260927_1334_g103
1;2025-11-29;13;1216.907274983415;20260927_1334_g103
1;2025-11-29;14;1087.911723181031;20260927_1334_g103
1;2025-11-29;15;949.1871969233641;20260927_1334_g103
1;2025-11-29;16;885.4484974379787;20260927_1334_g103
1;2025-11-29;17;825.2422654589049;20260927_1334_g103
1;2025-11-29;18;743.2450366897398;20260927_1334_g103
1;2025-11-29;19;674.3381650231573;20260927_1334_g103
1;2025-11-29;20;487.4145575896522;20260927_1334_g103
1;2025-11-29;21;350.4948355040138;20260927_1334_g103
1;2025-11-29;22;145.39144374537435;20260927_1334_g103
1;2025-11-29;23;29.548500366269547;20260927_1334_g103
1;2025-11-30;0;0.0;20260927_1334_g103
1;2025-11-30;1;0.0;20260927_1334_g103
1;2025-11-30;2;0.0;20260927_1334_g103
1;2025-11-30;3;0.0;20260927_1334_g103
1;2025-11-30;4;0.0;20260927_1334_g103
1;2025-11-30;5;24.95761750413643;20260927_1334_g103
1;2025-11-30;6;125.31966581595191;20260927_1334_g103
1;2025-11-30;7;269.04324402770834;20260927_1334_g103
1;2025-11-30;8;376.87347101120343;20260927_1334_g103
1;2025-11-30;9;608.6456044142506;20260927_1334_g103
1;2025-11-30;10;695.6873780807946;20260927_1334_g103
1;2025-11-30;11;700.0211504156393;20260927_1334_g103
1;2025-11-30;12;808.3588726785841;20260927_1334_g103
1;2025-11-30;13;841.8516057685412;20260927_1334_g103
1;2025-11-30;14;767.3819123160054;20260927_1334_g103
1;2025-11-30;15;703.7682619788975;20260927_1334_g103
1;2025-11-30;16;642.5283501272003;20260927_1334_g103
1;2025-11-30;17;584.0082442808948;20260927_1334_g103
1;2025-11-30;18;547.190871170953;20260927_1334_g103
1;2025-11-30;19;474.9207266069319;20260927_1334_g103
1;2025-11-30;20;346.998388475847;20260927_1334_g103
1;2025-11-30;21;260.9274082102875;20260927_1334_g103
1;2025-11-30;22;102.75132315389314;20260927_1334_g103
1;2025-11-30;23;29.944666996214856;20260927_1334_g103
1;2025-12-01;0;2.1128424731450175;20260927_1334_g103
1;2025-12-01;1;0.0;20260927_1334_g103
1;2025-12-01;2;0.0;20260927_1334_g103
1;2025-12-01;3;0.0;20260927_1334_g103
1;2025-12-01;4;8.544897626167664;20260927_1334_g103
1;2025-12-01;5;132.0414054036177;20260927_1334_g103
1;2025-12-01;6;519.6605504845795;20260927_1334_g103
1;2025-12-01;7;1577.7597591201393;20260927_1334_g103
1;2025-12-01;8;2038.796515129513;20260927_1334_g103
1;2025-12-01;9;1504.9790467152022;20260927_1334_g103
1;2025-12-01;10;1363.370736486315;20260927_1334_g103
1;2025-12-01;11;1340.6896471733717;20260927_1334_g103
1;2025-12-01;12;1411.0100285560575;20260927_1334_g103
1;2025-12-01;13;1450.8320258690012;20260927_1334_g103
1;2025-12-01;14;1391.9584679030922;20260927_1334_g103
1;2025-12-01;15;1512.0436519569014;20260927_1334_g103
1;2025-12-01;16;1561.3210084900038;20260927_1334_g103
1;2025-12-01;17;1837.0623114773703;20260927_1334_g103
1;2025-12-01;18;1905.8371537559246;20260927_1334_g103
1;2025-12-01;19;1457.392198347082;20260927_1334_g103
1;2025-12-01;20;922.9558055579455;20260927_1334_g103
1;2025-12-01;21;476.21368047329224;20260927_1334_g103
1;2025-12-01;22;222.46541437135744;20260927_1334_g103
1;2025-12-01;23;38.62418609172186;20260927_1334_g103
1;2025-12-02;0;2.226449594985404;20260927_1334_g103
1;2025-12-02;1;0.0;20260927_1334_g103
1;2025-12-02;2;0.0;20260927_1334_g103
1;2025-12-02;3;0.0;20260927_1334_g103
1;2025-12-02;4;8.599745581823349;20260927_1334_g103
1;2025-12-02;5;130.2604029973538;20260927_1334_g103
1;2025-12-02;6;523.8036673959276;20260927_1334_g103
1;2025-12-02;7;1581.234108206582;20260927_1334_g103
1;2025-12-02;8;2040.7878404600112;20260927_1334_g103
1;2025-12-02;9;1508.1135574266727;20260927_1334_g103
1;2025-12-02;10;1369.5748073667419;20260927_1334_g103
1;2025-12-02;11;1346.0351807539025;20260927_1334_g103
1;2025-12-02;12;1413.0493427959489;20260927_1334_g103
1;2025-12-02;13;1452.2007368404695;20260927_1334_g103
1;2025-12-02;14;1391.231873198521;20260927_1334_g103
1;2025-12-02;15;1513.522558802987;20260927_1334_g103
1;2025-12-02;16;1562.3735319437337;20260927_1334_g103
1;2025-12-02;17;1839.1147619247536;20260927_1334_g103
1;2025-12-02;18;1902.8543352788063;20260927_1334_g103
1;2025-12-02;19;1458.6565338414644;20260927_1334_g103
1;2025-12-02;20;922.414682889039;20260927_1334_g103
1;2025-12-02;21;479.45205059351525;20260927_1334_g103
1;2025-12-02;22;223.00238440952606;20260927_1334_g103
1;2025-12-02;23;38.63881663819715;20260927_1334_g103
1;2025-12-03;0;2.199698873642655;20260927_1334_g103
1;2025-12-03;1;0.0;20260927_1334_g103
1;2025-12-03;2;0.0;20260927_1334_g103
1;2025-12-03;3;0.0;20260927_1334_g103
1;2025-12-03;4;8.39314439178053;20260927_1334_g103
1;2025-12-03;5;131.0246995260644;20260927_1334_g103
1;2025-12-03;6;524.7207731699095;20260927_1334_g103
1;2025-12-03;7;1580.7336309902876;20260927_1334_g103
1;2025-12-03;8;2041.2617677186856;20260927_1334_g103
1;2025-12-03;9;1506.4051070048663;20260927_1334_g103
1;2025-12-03;10;1369.9839887489204;20260927_1334_g103
1;2025-12-03;11;1346.3084376478814;20260927_1334_g103
1;2025-12-03;12;1411.6280629082637;20260927_1334_g103
1;2025-12-03;13;1454.8198359152125;20260927_1334_g103
1;2025-12-03;14;1392.4708646610359;20260927_1334_g103
1;2025-12-03;15;1514.7083722430116;20260927_1334_g103
1;2025-12-03;16;1563.932657486077;20260927_1334_g103
1;2025-12-03;17;1837.8540881152985;20260927_1334_g103
1;2025-12-03;18;1902.9241855800362;20260927_1334_g103
1;2025-12-03;19;1455.9458138074408;20260927_1334_g103
1;2025-12-03;20;923.4371012197597;20260927_1334_g103
1;2025-12-03;21;479.6491980478784;20260927_1334_g103
1;2025-12-03;22;223.97634765851438;20260927_1334_g103
1;2025-12-03;23;38.22089699468131;20260927_1334_g103
1;2025-12-04;0;2.2245032474553534;20260927_1334_g103
1;2025-12-04;1;0.0;20260927_1334_g103
1;2025-12-04;2;0.0;20260927_1334_g103
1;2025-12-04;3;0.0;20260927_1334_g103
1;2025-12-04;4;8.509737617023967;20260927_1334_g103
1;2025-12-04;5;130.42163622548125;20260927_1334_g103
1;2025-12-04;6;520.5821171400103;20260927_1334_g103
1;2025-12-04;7;1582.872007031736;20260927_1334_g103
1;2025-12-04;8;2043.295446397549;20260927_1334_g103
1;2025-12-04;9;1510.8357034538028;20260927_1334_g103
1;2025-12-04;10;1369.6385306711861;20260927_1334_g103
1;2025-12-04;11;1347.0448625145482;20260927_1334_g103
1;2025-12-04;12;1413.8864194122493;20260927_1334_g103
1;2025-12-04;13;1454.3391170219675;20260927_1334_g103
1;2025-12-04;14;1395.4659933494374;20260927_1334_g103
1;2025-12-04;15;1516.795393710696;20260927_1334_g103
1;2025-12-04;16;1564.4038193606757;20260927_1334_g103
1;2025-12-04;17;1842.1699586984714;20260927_1334_g103
1;2025-12-04;18;1906.259290680836;20260927_1334_g103
1;2025-12-04;19;1456.8946540664142;20260927_1334_g103
1;2025-12-04;20;925.5952704306113;20260927_1334_g103
1;2025-12-04;21;478.18254058594334;20260927_1334_g103
1;2025-12-04;22;223.66803104040108;20260927_1334_g103
1;2025-12-04;23;38.29893460743673;20260927_1334_g103
1;2025-12-05;0;4.265701965900965;20260927_1334_g103
1;2025-12-05;1;0.0;20260927_1334_g103
1;2025-12-05;2;0.0;20260927_1334_g103
1;2025-12-05;3;0.0;20260927_1334_g103
1;2025-12-05;4;8.14509304191671;20260927_1334_g103
1;2025-12-05;5;136.39641074509532;20260927_1334_g103
1;2025-12-05;6;497.21823189006705;20260927_1334_g103
1;2025-12-05;7;1516.092371839435;20260927_1334_g103
1;2025-12-05;8;1848.203533754503;20260927_1334_g103
1;2025-12-05;9;1444.4001059955642;20260927_1334_g103
1;2025-12-05;10;1302.1655282148763;20260927_1334_g103
1;2025-12-05;11;1387.4220544083905;20260927_1334_g103
1;2025-12-05;12;1372.2340675382193;20260927_1334_g103
1;2025-12-05;13;1411.5927762922345;20260927_1334_g103
1;2025-12-05;14;1365.3407145806864;20260927_1334_g103
1;2025-12-05;15;1518.7425293048075;20260927_1334_g103
1;2025-12-05;16;1658.4523488088919;20260927_1334_g103
1;2025-12-05;17;1810.0384691590034;20260927_1334_g103
1;2025-12-05;18;1544.1891823239084;20260927_1334_g103
1;2025-12-05;19;1253.3466539365763;20260927_1334_g103
1;2025-12-05;20;804.5645643782717;20260927_1334_g103
1;2025-12-05;21;480.74300722236063;20260927_1334_g103
1;2025-12-05;22;208.62087391071518;20260927_1334_g103
1;2025-12-05;23;41.5275215798826;20260927_1334_g103
1;2025-12-06;0;3.834821976813906;20260927_1334_g103
1;2025-12-06;1;0.0;20260927_1334_g103
1;2025-12-06;2;0.0;20260927_1334_g103
1;2025-12-06;3;0.0;20260927_1334_g103
1;2025-12-06;4;0.0;20260927_1334_g103
1;2025-12-06;5;34.2781080155064;20260927_1334_g103
1;2025-12-06;6;187.84791997277753;20260927_1334_g103
1;2025-12-06;7;403.5075457436044;20260927_1334_g103
1;2025-12-06;8;551.5640246429605;20260927_1334_g103
1;2025-12-06;9;858.2666743144877;20260927_1334_g103
1;2025-12-06;10;997.326998826345;20260927_1334_g103
1;2025-12-06;11;876.8898049575048;20260927_1334_g103
1;2025-12-06;12;1071.455142522151;20260927_1334_g103
1;2025-12-06;13;1192.5691294837466;20260927_1334_g103
1;2025-12-06;14;1066.1534887174107;20260927_1334_g103
1;2025-12-06;15;930.2034529848968;20260927_1334_g103
1;2025-12-06;16;867.7395274892192;20260927_1334_g103
1;2025-12-06;17;808.7374201497267;20260927_1334_g103
1;2025-12-06;18;728.3801359559449;20260927_1334_g103
1;2025-12-06;19;660.8514017226942;20260927_1334_g103
1;2025-12-06;20;477.6662664378592;20260927_1334_g103
1;2025-12-06;21;343.48493879393357;20260927_1334_g103
1;2025-12-06;22;142.48361487046685;20260927_1334_g103
1;2025-12-06;23;28.95753035894415;20260927_1334_g103
1;2025-12-07;0;0.0;20260927_1334_g103
1;2025-12-07;1;0.0;20260927_1334_g103
1;2025-12-07;2;0.0;20260927_1334_g103
1;2025-12-07;3;0.0;20260927_1334_g103
1;2025-12-07;4;0.0;20260927_1334_g103
1;2025-12-07;5;24.4584651540537;20260927_1334_g103
1;2025-12-07;6;122.81327249963289;20260927_1334_g103
1;2025-12-07;7;263.66237914715407;20260927_1334_g103
1;2025-12-07;8;369.3360015909794;20260927_1334_g103
1;2025-12-07;9;596.4726923259656;20260927_1334_g103
1;2025-12-07;10;681.7736305191787;20260927_1334_g103
1;2025-12-07;11;686.0207274073265;20260927_1334_g103
1;2025-12-07;12;792.1916952250125;20260927_1334_g103
1;2025-12-07;13;825.0145736531704;20260927_1334_g103
1;2025-12-07;14;752.0342740696852;20260927_1334_g103
1;2025-12-07;15;689.6928967393195;20260927_1334_g103
1;2025-12-07;16;629.6777831246563;20260927_1334_g103
1;2025-12-07;17;572.3280793952769;20260927_1334_g103
1;2025-12-07;18;536.247053747534;20260927_1334_g103
1;2025-12-07;19;465.42231207479324;20260927_1334_g103
1;2025-12-07;20;340.05842070633;20260927_1334_g103
1;2025-12-07;21;255.70886004608175;20260927_1334_g103
1;2025-12-07;22;100.69629669081527;20260927_1334_g103
1;2025-12-07;23;29.345773656290554;20260927_1334_g103
1;2025-12-08;0;2.1128424731450175;20260927_1334_g103
1;2025-12-08;1;0.0;20260927_1334_g103
1;2025-12-08;2;0.0;20260927_1334_g103
1;2025-12-08;3;0.0;20260927_1334_g103
1;2025-12-08;4;8.544897626167664;20260927_1334_g103
1;2025-12-08;5;132.0414054036177;20260927_1334_g103
1;2025-12-08;6;519.6605504845795;20260927_1334_g103
1;2025-12-08;7;1577.7597591201393;20260927_1334_g103
1;2025-12-08;8;2038.796515129513;20260927_1334_g103
1;2025-12-08;9;1504.9790467152022;20260927_1334_g103
1;2025-12-08;10;1363.370736486315;20260927_1334_g103
1;2025-12-08;11;1340.6896471733717;20260927_1334_g103
1;2025-12-08;12;1411.0100285560575;20260927_1334_g103
1;2025-12-08;13;1450.8320258690012;20260927_1334_g103
1;2025-12-08;14;1391.9584679030922;20260927_1334_g103
1;2025-12-08;15;1512.0436519569014;20260927_1334_g103
1;2025-12-08;16;1561.3210084900038;20260927_1334_g103
1;2025-12-08;17;1837.0623114773703;20260927_1334_g103
1;2025-12-08;18;1905.8371537559246;20260927_1334_g103
1;2025-12-08;19;1457.392198347082;20260927_1334_g103
1;2025-12-08;20;922.9558055579455;20260927_1334_g103
1;2025-12-08;21;476.21368047329224;20260927_1334_g103
1;2025-12-08;22;222.46541437135744;20260927_1334_g103
1;2025-12-08;23;38.62418609172186;20260927_1334_g103
1;2025-12-09;0;2.226449594985404;20260927_1334_g103
1;2025-12-09;1;0.0;20260927_1334_g103
1;2025-12-09;2;0.0;20260927_1334_g103
1;2025-12-09;3;0.0;20260927_1334_g103
1;2025-12-09;4;8.599745581823349;20260927_1334_g103
1;2025-12-09;5;130.2604029973538;20260927_1334_g103
1;2025-12-09;6;523.8036673959276;20260927_1334_g103
1;2025-12-09;7;1581.234108206582;20260927_1334_g103
1;2025-12-09;8;2040.7878404600112;20260927_1334_g103
1;2025-12-09;9;1508.1135574266727;20260927_1334_g103
1;2025-12-09;10;1369.5748073667419;20260927_1334_g103
1;2025-12-09;11;1346.0351807539025;20260927_1334_g103
1;2025-12-09;12;1413.0493427959489;20260927_1334_g103
1;2025-12-09;13;1452.2007368404695;20260927_1334_g103
1;2025-12-09;14;1391.231873198521;20260927_1334_g103
1;2025-12-09;15;1513.522558802987;20260927_1334_g103
1;2025-12-09;16;1562.3735319437337;20260927_1334_g103
1;2025-12-09;17;1839.1147619247536;20260927_1334_g103
1;2025-12-09;18;1902.8543352788063;20260927_1334_g103
1;2025-12-09;19;1458.6565338414644;20260927_1334_g103
1;2025-12-09;20;922.414682889039;20260927_1334_g103
1;2025-12-09;21;479.45205059351525;20260927_1334_g103
1;2025-12-09;22;223.00238440952606;20260927_1334_g103
1;2025-12-09;23;38.63881663819715;20260927_1334_g103
1;2025-12-10;0;2.199698873642655;20260927_1334_g103
1;2025-12-10;1;0.0;20260927_1334_g103
1;2025-12-10;2;0.0;20260927_1334_g103
1;2025-12-10;3;0.0;20260927_1334_g103
1;2025-12-10;4;8.39314439178053;20260927_1334_g103
1;2025-12-10;5;131.0246995260644;20260927_1334_g103
1;2025-12-10;6;524.7207731699095;20260927_1334_g103
1;2025-12-10;7;1580.7336309902876;20260927_1334_g103
1;2025-12-10;8;2041.2617677186856;20260927_1334_g103
1;2025-12-10;9;1506.4051070048663;20260927_1334_g103
1;2025-12-10;10;1369.9839887489204;20260927_1334_g103
1;2025-12-10;11;1346.3084376478814;20260927_1334_g103
1;2025-12-10;12;1411.6280629082637;20260927_1334_g103
1;2025-12-10;13;1454.8198359152125;20260927_1334_g103
1;2025-12-10;14;1392.4708646610359;20260927_1334_g103
1;2025-12-10;15;1514.7083722430116;20260927_1334_g103
1;2025-12-10;16;1563.932657486077;20260927_1334_g103
1;2025-12-10;17;1837.8540881152985;20260927_1334_g103
1;2025-12-10;18;1902.9241855800362;20260927_1334_g103
1;2025-12-10;19;1455.9458138074408;20260927_1334_g103
1;2025-12-10;20;923.4371012197597;20260927_1334_g103
1;2025-12-10;21;479.6491980478784;20260927_1334_g103
1;2025-12-10;22;223.97634765851438;20260927_1334_g103
1;2025-12-10;23;38.22089699468131;20260927_1334_g103
1;2025-12-11;0;2.2245032474553534;20260927_1334_g103
1;2025-12-11;1;0.0;20260927_1334_g103
1;2025-12-11;2;0.0;20260927_1334_g103
1;2025-12-11;3;0.0;20260927_1334_g103
1;2025-12-11;4;8.509737617023967;20260927_1334_g103
1;2025-12-11;5;130.42163622548125;20260927_1334_g103
1;2025-12-11;6;520.5821171400103;20260927_1334_g103
1;2025-12-11;7;1582.872007031736;20260927_1334_g103
1;2025-12-11;8;2043.295446397549;20260927_1334_g103
1;2025-12-11;9;1510.8357034538028;20260927_1334_g103
1;2025-12-11;10;1369.6385306711861;20260927_1334_g103
1;2025-12-11;11;1347.0448625145482;20260927_1334_g103
1;2025-12-11;12;1413.8864194122493;20260927_1334_g103
1;2025-12-11;13;1454.3391170219675;20260927_1334_g103
1;2025-12-11;14;1395.4659933494374;20260927_1334_g103
1;2025-12-11;15;1516.795393710696;20260927_1334_g103
1;2025-12-11;16;1564.4038193606757;20260927_1334_g103
1;2025-12-11;17;1842.1699586984714;20260927_1334_g103
1;2025-12-11;18;1906.259290680836;20260927_1334_g103
1;2025-12-11;19;1456.8946540664142;20260927_1334_g103
1;2025-12-11;20;925.5952704306113;20260927_1334_g103
1;2025-12-11;21;478.18254058594334;20260927_1334_g103
1;2025-12-11;22;223.66803104040108;20260927_1334_g103
1;2025-12-11;23;38.29893460743673;20260927_1334_g103
1;2025-12-12;0;4.265701965900965;20260927_1334_g103
1;2025-12-12;1;0.0;20260927_1334_g103
1;2025-12-12;2;0.0;20260927_1334_g103
1;2025-12-12;3;0.0;20260927_1334_g103
1;2025-12-12;4;8.14509304191671;20260927_1334_g103
1;2025-12-12;5;136.39641074509532;20260927_1334_g103
1;2025-12-12;6;497.21823189006705;20260927_1334_g103
1;2025-12-12;7;1516.092371839435;20260927_1334_g103
1;2025-12-12;8;1848.203533754503;20260927_1334_g103
1;2025-12-12;9;1444.4001059955642;20260927_1334_g103
1;2025-12-12;10;1302.1655282148763;20260927_1334_g103
1;2025-12-12;11;1387.4220544083905;20260927_1334_g103
1;2025-12-12;12;1372.2340675382193;20260927_1334_g103
1;2025-12-12;13;1411.5927762922345;20260927_1334_g103
1;2025-12-12;14;1365.3407145806864;20260927_1334_g103
1;2025-12-12;15;1518.7425293048075;20260927_1334_g103
1;2025-12-12;16;1658.4523488088919;20260927_1334_g103
1;2025-12-12;17;1810.0384691590034;20260927_1334_g103
1;2025-12-12;18;1544.1891823239084;20260927_1334_g103
1;2025-12-12;19;1253.3466539365763;20260927_1334_g103
1;2025-12-12;20;804.5645643782717;20260927_1334_g103
1;2025-12-12;21;480.74300722236063;20260927_1334_g103
1;2025-12-12;22;208.62087391071518;20260927_1334_g103
1;2025-12-12;23;41.5275215798826;20260927_1334_g103
1;2025-12-13;0;3.834821976813906;20260927_1334_g103
1;2025-12-13;1;0.0;20260927_1334_g103
1;2025-12-13;2;0.0;20260927_1334_g103
1;2025-12-13;3;0.0;20260927_1334_g103
1;2025-12-13;4;0.0;20260927_1334_g103
1;2025-12-13;5;34.2781080155064;20260927_1334_g103
1;2025-12-13;6;187.84791997277753;20260927_1334_g103
1;2025-12-13;7;403.5075457436044;20260927_1334_g103
1;2025-12-13;8;551.5640246429605;20260927_1334_g103
1;2025-12-13;9;858.2666743144877;20260927_1334_g103
1;2025-12-13;10;997.326998826345;20260927_1334_g103
1;2025-12-13;11;876.8898049575048;20260927_1334_g103
1;2025-12-13;12;1071.455142522151;20260927_1334_g103
1;2025-12-13;13;1192.5691294837466;20260927_1334_g103
1;2025-12-13;14;1066.1534887174107;20260927_1334_g103
1;2025-12-13;15;930.2034529848968;20260927_1334_g103
1;2025-12-13;16;867.7395274892192;20260927_1334_g103
1;2025-12-13;17;808.7374201497267;20260927_1334_g103
1;2025-12-13;18;728.3801359559449;20260927_1334_g103
1;2025-12-13;19;660.8514017226942;20260927_1334_g103
1;2025-12-13;20;477.6662664378592;20260927_1334_g103
1;2025-12-13;21;343.48493879393357;20260927_1334_g103
1;2025-12-13;22;142.48361487046685;20260927_1334_g103
1;2025-12-13;23;28.95753035894415;20260927_1334_g103
1;2025-12-14;0;0.0;20260927_1334_g103
1;2025-12-14;1;0.0;20260927_1334_g103
1;2025-12-14;2;0.0;20260927_1334_g103
1;2025-12-14;3;0.0;20260927_1334_g103
1;2025-12-14;4;0.0;20260927_1334_g103
1;2025-12-14;5;24.4584651540537;20260927_1334_g103
1;2025-12-14;6;122.81327249963289;20260927_1334_g103
1;2025-12-14;7;263.66237914715407;20260927_1334_g103
1;2025-12-14;8;369.3360015909794;20260927_1334_g103
1;2025-12-14;9;596.4726923259656;20260927_1334_g103
1;2025-12-14;10;681.7736305191787;20260927_1334_g103
1;2025-12-14;11;686.0207274073265;20260927_1334_g103
1;2025-12-14;12;792.1916952250125;20260927_1334_g103
1;2025-12-14;13;825.0145736531704;20260927_1334_g103
1;2025-12-14;14;752.0342740696852;20260927_1334_g103
1;2025-12-14;15;689.6928967393195;20260927_1334_g103
1;2025-12-14;16;629.6777831246563;20260927_1334_g103
1;2025-12-14;17;572.3280793952769;20260927_1334_g103
1;2025-12-14;18;536.247053747534;20260927_1334_g103
1;2025-12-14;19;465.42231207479324;20260927_1334_g103
1;2025-12-14;20;340.05842070633;20260927_1334_g103
1;2025-12-14;21;255.70886004608175;20260927_1334_g103
1;2025-12-14;22;100.69629669081527;20260927_1334_g103
1;2025-12-14;23;29.345773656290554;20260927_1334_g103
1;2025-12-15;0;2.1128424731450175;20260927_1334_g103
1;2025-12-15;1;0.0;20260927_1334_g103
1;2025-12-15;2;0.0;20260927_1334_g103
1;2025-12-15;3;0.0;20260927_1334_g103
1;2025-12-15;4;8.544897626167664;20260927_1334_g103
1;2025-12-15;5;132.0414054036177;20260927_1334_g103
1;2025-12-15;6;519.6605504845795;20260927_1334_g103
1;2025-12-15;7;1577.7597591201393;20260927_1334_g103
1;2025-12-15;8;2038.796515129513;20260927_1334_g103
1;2025-12-15;9;1504.9790467152022;20260927_1334_g103
1;2025-12-15;10;1363.370736486315;20260927_1334_g103
1;2025-12-15;11;1340.6896471733717;20260927_1334_g103
1;2025-12-15;12;1411.0100285560575;20260927_1334_g103
1;2025-12-15;13;1450.8320258690012;20260927_1334_g103
1;2025-12-15;14;1391.9584679030922;20260927_1334_g103
1;2025-12-15;15;1512.0436519569014;20260927_1334_g103
1;2025-12-15;16;1561.3210084900038;20260927_1334_g103
1;2025-12-15;17;1837.0623114773703;20260927_1334_g103
1;2025-12-15;18;1905.8371537559246;20260927_1334_g103
1;2025-12-15;19;1457.392198347082;20260927_1334_g103
1;2025-12-15;20;922.9558055579455;20260927_1334_g103
1;2025-12-15;21;476.21368047329224;20260927_1334_g103
1;2025-12-15;22;222.46541437135744;20260927_1334_g103
1;2025-12-15;23;38.62418609172186;20260927_1334_g103
1;2025-12-16;0;2.226449594985404;20260927_1334_g103
1;2025-12-16;1;0.0;20260927_1334_g103
1;2025-12-16;2;0.0;20260927_1334_g103
1;2025-12-16;3;0.0;20260927_1334_g103
1;2025-12-16;4;8.599745581823349;20260927_1334_g103
1;2025-12-16;5;130.2604029973538;20260927_1334_g103
1;2025-12-16;6;523.8036673959276;20260927_1334_g103
1;2025-12-16;7;1581.234108206582;20260927_1334_g103
1;2025-12-16;8;2040.7878404600112;20260927_1334_g103
1;2025-12-16;9;1508.1135574266727;20260927_1334_g103
1;2025-12-16;10;1369.5748073667419;20260927_1334_g103
1;2025-12-16;11;1346.0351807539025;20260927_1334_g103
1;2025-12-16;12;1413.0493427959489;20260927_1334_g103
1;2025-12-16;13;1452.2007368404695;20260927_1334_g103
1;2025-12-16;14;1391.231873198521;20260927_1334_g103
1;2025-12-16;15;1513.522558802987;20260927_1334_g103
1;2025-12-16;16;1562.3735319437337;20260927_1334_g103
1;2025-12-16;17;1839.1147619247536;20260927_1334_g103
1;2025-12-16;18;1902.8543352788063;20260927_1334_g103
1;2025-12-16;19;1458.6565338414644;20260927_1334_g103
1;2025-12-16;20;922.414682889039;20260927_1334_g103
1;2025-12-16;21;479.45205059351525;20260927_1334_g103
1;2025-12-16;22;223.00238440952606;20260927_1334_g103
1;2025-12-16;23;38.63881663819715;20260927_1334_g103
1;2025-12-17;0;2.199698873642655;20260927_1334_g103
1;2025-12-17;1;0.0;20260927_1334_g103
1;2025-12-17;2;0.0;20260927_1334_g103
1;2025-12-17;3;0.0;20260927_1334_g103
1;2025-12-17;4;8.39314439178053;20260927_1334_g103
1;2025-12-17;5;131.0246995260644;20260927_1334_g103
1;2025-12-17;6;524.7207731699095;20260927_1334_g103
1;2025-12-17;7;1580.7336309902876;20260927_1334_g103
1;2025-12-17;8;2041.2617677186856;20260927_1334_g103
1;2025-12-17;9;1506.4051070048663;20260927_1334_g103
1;2025-12-17;10;1369.9839887489204;20260927_1334_g103
1;2025-12-17;11;1346.3084376478814;20260927_1334_g103
1;2025-12-17;12;1411.6280629082637;20260927_1334_g103
1;2025-12-17;13;1454.8198359152125;20260927_1334_g103
1;2025-12-17;14;1392.4708646610359;20260927_1334_g103
1;2025-12-17;15;1514.7083722430116;20260927_1334_g103
1;2025-12-17;16;1563.932657486077;20260927_1334_g103
1;2025-12-17;17;1837.8540881152985;20260927_1334_g103
1;2025-12-17;18;1902.9241855800362;20260927_1334_g103
1;2025-12-17;19;1455.9458138074408;20260927_1334_g103
1;2025-12-17;20;923.4371012197597;20260927_1334_g103
1;2025-12-17;21;479.6491980478784;20260927_1334_g103
1;2025-12-17;22;223.97634765851438;20260927_1334_g103
1;2025-12-17;23;38.22089699468131;20260927_1334_g103
1;2025-12-18;0;2.2245032474553534;20260927_1334_g103
1;2025-12-18;1;0.0;20260927_1334_g103
1;2025-12-18;2;0.0;20260927_1334_g103
1;2025-12-18;3;0.0;20260927_1334_g103
1;2025-12-18;4;8.509737617023967;20260927_1334_g103
1;2025-12-18;5;130.42163622548125;20260927_1334_g103
1;2025-12-18;6;520.5821171400103;20260927_1334_g103
1;2025-12-18;7;1582.872007031736;20260927_1334_g103
1;2025-12-18;8;2043.295446397549;20260927_1334_g103
1;2025-12-18;9;1510.8357034538028;20260927_1334_g103
1;2025-12-18;10;1369.6385306711861;20260927_1334_g103
1;2025-12-18;11;1347.0448625145482;20260927_1334_g103
1;2025-12-18;12;1413.8864194122493;20260927_1334_g103
1;2025-12-18;13;1454.3391170219675;20260927_1334_g103
1;2025-12-18;14;1395.4659933494374;20260927_1334_g103
1;2025-12-18;15;1516.795393710696;20260927_1334_g103
1;2025-12-18;16;1564.4038193606757;20260927_1334_g103
1;2025-12-18;17;1842.1699586984714;20260927_1334_g103
1;2025-12-18;18;1906.259290680836;20260927_1334_g103
1;2025-12-18;19;1456.8946540664142;20260927_1334_g103
1;2025-12-18;20;925.5952704306113;20260927_1334_g103
1;2025-12-18;21;478.18254058594334;20260927_1334_g103
1;2025-12-18;22;223.66803104040108;20260927_1334_g103
1;2025-12-18;23;38.29893460743673;20260927_1334_g103
1;2025-12-19;0;4.265701965900965;20260927_1334_g103
1;2025-12-19;1;0.0;20260927_1334_g103
1;2025-12-19;2;0.0;20260927_1334_g103
1;2025-12-19;3;0.0;20260927_1334_g103
1;2025-12-19;4;8.14509304191671;20260927_1334_g103
1;2025-12-19;5;136.39641074509532;20260927_1334_g103
1;2025-12-19;6;497.21823189006705;20260927_1334_g103
1;2025-12-19;7;1516.092371839435;20260927_1334_g103
1;2025-12-19;8;1848.203533754503;20260927_1334_g103
1;2025-12-19;9;1444.4001059955642;20260927_1334_g103
1;2025-12-19;10;1302.1655282148763;20260927_1334_g103
1;2025-12-19;11;1387.4220544083905;20260927_1334_g103
1;2025-12-19;12;1372.2340675382193;20260927_1334_g103
1;2025-12-19;13;1411.5927762922345;20260927_1334_g103
1;2025-12-19;14;1365.3407145806864;20260927_1334_g103
1;2025-12-19;15;1518.7425293048075;20260927_1334_g103
1;2025-12-19;16;1658.4523488088919;20260927_1334_g103
1;2025-12-19;17;1810.0384691590034;20260927_1334_g103
1;2025-12-19;18;1544.1891823239084;20260927_1334_g103
1;2025-12-19;19;1253.3466539365763;20260927_1334_g103
1;2025-12-19;20;804.5645643782717;20260927_1334_g103
1;2025-12-19;21;480.74300722236063;20260927_1334_g103
1;2025-12-19;22;208.62087391071518;20260927_1334_g103
1;2025-12-19;23;41.5275215798826;20260927_1334_g103
1;2025-12-20;0;3.834821976813906;20260927_1334_g103
1;2025-12-20;1;0.0;20260927_1334_g103
1;2025-12-20;2;0.0;20260927_1334_g103
1;2025-12-20;3;0.0;20260927_1334_g103
1;2025-12-20;4;0.0;20260927_1334_g103
1;2025-12-20;5;34.2781080155064;20260927_1334_g103
1;2025-12-20;6;187.84791997277753;20260927_1334_g103
1;2025-12-20;7;403.5075457436044;20260927_1334_g103
1;2025-12-20;8;551.5640246429605;20260927_1334_g103
1;2025-12-20;9;858.2666743144877;20260927_1334_g103
1;2025-12-20;10;997.326998826345;20260927_1334_g103
1;2025-12-20;11;876.8898049575048;20260927_1334_g103
1;2025-12-20;12;1071.455142522151;20260927_1334_g103
1;2025-12-20;13;1192.5691294837466;20260927_1334_g103
1;2025-12-20;14;1066.1534887174107;20260927_1334_g103
1;2025-12-20;15;930.2034529848968;20260927_1334_g103
1;2025-12-20;16;867.7395274892192;20260927_1334_g103
1;2025-12-20;17;808.7374201497267;20260927_1334_g103
1;2025-12-20;18;728.3801359559449;20260927_1334_g103
1;2025-12-20;19;660.8514017226942;20260927_1334_g103
1;2025-12-20;20;477.6662664378592;20260927_1334_g103
1;2025-12-20;21;343.48493879393357;20260927_1334_g103
1;2025-12-20;22;142.48361487046685;20260927_1334_g103
1;2025-12-20;23;28.95753035894415;20260927_1334_g103
1;2025-12-21;0;0.0;20260927_1334_g103
1;2025-12-21;1;0.0;20260927_1334_g103
1;2025-12-21;2;0.0;20260927_1334_g103
1;2025-12-21;3;0.0;20260927_1334_g103
1;2025-12-21;4;0.0;20260927_1334_g103
1;2025-12-21;5;24.4584651540537;20260927_1334_g103
1;2025-12-21;6;122.81327249963289;20260927_1334_g103
1;2025-12-21;7;263.66237914715407;20260927_1334_g103
1;2025-12-21;8;369.3360015909794;20260927_1334_g103
1;2025-12-21;9;596.4726923259656;20260927_1334_g103
1;2025-12-21;10;681.7736305191787;20260927_1334_g103
1;2025-12-21;11;686.0207274073265;20260927_1334_g103
1;2025-12-21;12;792.1916952250125;20260927_1334_g103
1;2025-12-21;13;825.0145736531704;20260927_1334_g103
1;2025-12-21;14;752.0342740696852;20260927_1334_g103
1;2025-12-21;15;689.6928967393195;20260927_1334_g103
1;2025-12-21;16;629.6777831246563;20260927_1334_g103
1;2025-12-21;17;572.3280793952769;20260927_1334_g103
1;2025-12-21;18;536.247053747534;20260927_1334_g103
1;2025-12-21;19;465.42231207479324;20260927_1334_g103
1;2025-12-21;20;340.05842070633;20260927_1334_g103
1;2025-12-21;21;255.70886004608175;20260927_1334_g103
1;2025-12-21;22;100.69629669081527;20260927_1334_g103
1;2025-12-21;23;29.345773656290554;20260927_1334_g103
1;2025-12-22;0;2.1128424731450175;20260927_1334_g103
1;2025-12-22;1;0.0;20260927_1334_g103
1;2025-12-22;2;0.0;20260927_1334_g103
1;2025-12-22;3;0.0;20260927_1334_g103
1;2025-12-22;4;8.544897626167664;20260927_1334_g103
1;2025-12-22;5;132.0414054036177;20260927_1334_g103
1;2025-12-22;6;519.6605504845795;20260927_1334_g103
1;2025-12-22;7;1577.7597591201393;20260927_1334_g103
1;2025-12-22;8;2038.796515129513;20260927_1334_g103
1;2025-12-22;9;1504.9790467152022;20260927_1334_g103
1;2025-12-22;10;1363.370736486315;20260927_1334_g103
1;2025-12-22;11;1340.6896471733717;20260927_1334_g103
1;2025-12-22;12;1411.0100285560575;20260927_1334_g103
1;2025-12-22;13;1450.8320258690012;20260927_1334_g103
1;2025-12-22;14;1391.9584679030922;20260927_1334_g103
1;2025-12-22;15;1512.0436519569014;20260927_1334_g103
1;2025-12-22;16;1561.3210084900038;20260927_1334_g103
1;2025-12-22;17;1837.0623114773703;20260927_1334_g103
1;2025-12-22;18;1905.8371537559246;20260927_1334_g103
1;2025-12-22;19;1457.392198347082;20260927_1334_g103
1;2025-12-22;20;922.9558055579455;20260927_1334_g103
1;2025-12-22;21;476.21368047329224;20260927_1334_g103
1;2025-12-22;22;222.46541437135744;20260927_1334_g103
1;2025-12-22;23;38.62418609172186;20260927_1334_g103
1;2025-12-23;0;2.226449594985404;20260927_1334_g103
1;2025-12-23;1;0.0;20260927_1334_g103
1;2025-12-23;2;0.0;20260927_1334_g103
1;2025-12-23;3;0.0;20260927_1334_g103
1;2025-12-23;4;8.599745581823349;20260927_1334_g103
1;2025-12-23;5;130.2604029973538;20260927_1334_g103
1;2025-12-23;6;523.8036673959276;20260927_1334_g103
1;2025-12-23;7;1581.234108206582;20260927_1334_g103
1;2025-12-23;8;2040.7878404600112;20260927_1334_g103
1;2025-12-23;9;1508.1135574266727;20260927_1334_g103
1;2025-12-23;10;1369.5748073667419;20260927_1334_g103
1;2025-12-23;11;1346.0351807539025;20260927_1334_g103
1;2025-12-23;12;1413.0493427959489;20260927_1334_g103
1;2025-12-23;13;1452.2007368404695;20260927_1334_g103
1;2025-12-23;14;1391.231873198521;20260927_1334_g103
1;2025-12-23;15;1513.522558802987;20260927_1334_g103
1;2025-12-23;16;1562.3735319437337;20260927_1334_g103
1;2025-12-23;17;1839.1147619247536;20260927_1334_g103
1;2025-12-23;18;1902.8543352788063;20260927_1334_g103
1;2025-12-23;19;1458.6565338414644;20260927_1334_g103
1;2025-12-23;20;922.414682889039;20260927_1334_g103
1;2025-12-23;21;479.45205059351525;20260927_1334_g103
1;2025-12-23;22;223.00238440952606;20260927_1334_g103
1;2025-12-23;23;38.63881663819715;20260927_1334_g103
1;2025-12-24;0;2.199698873642655;20260927_1334_g103
1;2025-12-24;1;0.0;20260927_1334_g103
1;2025-12-24;2;0.0;20260927_1334_g103
1;2025-12-24;3;0.0;20260927_1334_g103
1;2025-12-24;4;8.39314439178053;20260927_1334_g103
1;2025-12-24;5;131.0246995260644;20260927_1334_g103
1;2025-12-24;6;524.7207731699095;20260927_1334_g103
1;2025-12-24;7;1580.7336309902876;20260927_1334_g103
1;2025-12-24;8;2041.2617677186856;20260927_1334_g103
1;2025-12-24;9;1506.4051070048663;20260927_1334_g103
1;2025-12-24;10;1369.9839887489204;20260927_1334_g103
1;2025-12-24;11;1346.3084376478814;20260927_1334_g103
1;2025-12-24;12;1411.6280629082637;20260927_1334_g103
1;2025-12-24;13;1454.8198359152125;20260927_1334_g103
1;2025-12-24;14;1392.4708646610359;20260927_1334_g103
1;2025-12-24;15;1514.7083722430116;20260927_1334_g103
1;2025-12-24;16;1563.932657486077;20260927_1334_g103
1;2025-12-24;17;1837.8540881152985;20260927_1334_g103
1;2025-12-24;18;1902.9241855800362;20260927_1334_g103
1;2025-12-24;19;1455.9458138074408;20260927_1334_g103
1;2025-12-24;20;923.4371012197597;20260927_1334_g103
1;2025-12-24;21;479.6491980478784;20260927_1334_g103
1;2025-12-24;22;223.97634765851438;20260927_1334_g103
1;2025-12-24;23;38.22089699468131;20260927_1334_g103
1;2025-12-25;0;2.2245032474553534;20260927_1334_g103
1;2025-12-25;1;0.0;20260927_1334_g103
1;2025-12-25;2;0.0;20260927_1334_g103
1;2025-12-25;3;0.0;20260927_1334_g103
1;2025-12-25;4;8.509737617023967;20260927_1334_g103
1;2025-12-25;5;130.42163622548125;20260927_1334_g103
1;2025-12-25;6;520.5821171400103;20260927_1334_g103
1;2025-12-25;7;1582.872007031736;20260927_1334_g103
1;2025-12-25;8;2043.295446397549;20260927_1334_g103
1;2025-12-25;9;1510.8357034538028;20260927_1334_g103
1;2025-12-25;10;1369.6385306711861;20260927_1334_g103
1;2025-12-25;11;1347.0448625145482;20260927_1334_g103
1;2025-12-25;12;1413.8864194122493;20260927_1334_g103
1;2025-12-25;13;1454.3391170219675;20260927_1334_g103
1;2025-12-25;14;1395.4659933494374;20260927_1334_g103
1;2025-12-25;15;1516.795393710696;20260927_1334_g103
1;2025-12-25;16;1564.4038193606757;20260927_1334_g103
1;2025-12-25;17;1842.1699586984714;20260927_1334_g103
1;2025-12-25;18;1906.259290680836;20260927_1334_g103
1;2025-12-25;19;1456.8946540664142;20260927_1334_g103
1;2025-12-25;20;925.5952704306113;20260927_1334_g103
1;2025-12-25;21;478.18254058594334;20260927_1334_g103
1;2025-12-25;22;223.66803104040108;20260927_1334_g103
1;2025-12-25;23;38.29893460743673;20260927_1334_g103
1;2025-12-26;0;4.265701965900965;20260927_1334_g103
1;2025-12-26;1;0.0;20260927_1334_g103
1;2025-12-26;2;0.0;20260927_1334_g103
1;2025-12-26;3;0.0;20260927_1334_g103
1;2025-12-26;4;8.14509304191671;20260927_1334_g103
1;2025-12-26;5;136.39641074509532;20260927_1334_g103
1;2025-12-26;6;497.21823189006705;20260927_1334_g103
1;2025-12-26;7;1516.092371839435;20260927_1334_g103
1;2025-12-26;8;1848.203533754503;20260927_1334_g103
1;2025-12-26;9;1444.4001059955642;20260927_1334_g103
1;2025-12-26;10;1302.1655282148763;20260927_1334_g103
1;2025-12-26;11;1387.4220544083905;20260927_1334_g103
1;2025-12-26;12;1372.2340675382193;20260927_1334_g103
1;2025-12-26;13;1411.5927762922345;20260927_1334_g103
1;2025-12-26;14;1365.3407145806864;20260927_1334_g103
1;2025-12-26;15;1518.7425293048075;20260927_1334_g103
1;2025-12-26;16;1658.4523488088919;20260927_1334_g103
1;2025-12-26;17;1810.0384691590034;20260927_1334_g103
1;2025-12-26;18;1544.1891823239084;20260927_1334_g103
1;2025-12-26;19;1253.3466539365763;20260927_1334_g103
1;2025-12-26;20;804.5645643782717;20260927_1334_g103
1;2025-12-26;21;480.74300722236063;20260927_1334_g103
1;2025-12-26;22;208.62087391071518;20260927_1334_g103
1;2025-12-26;23;41.5275215798826;20260927_1334_g103
1;2025-12-27;0;3.834821976813906;20260927_1334_g103
1;2025-12-27;1;0.0;20260927_1334_g103
1;2025-12-27;2;0.0;20260927_1334_g103
1;2025-12-27;3;0.0;20260927_1334_g103
1;2025-12-27;4;0.0;20260927_1334_g103
1;2025-12-27;5;34.2781080155064;20260927_1334_g103
1;2025-12-27;6;187.84791997277753;20260927_1334_g103
1;2025-12-27;7;403.5075457436044;20260927_1334_g103
1;2025-12-27;8;551.5640246429605;20260927_1334_g103
1;2025-12-27;9;858.2666743144877;20260927_1334_g103
1;2025-12-27;10;997.326998826345;20260927_1334_g103
1;2025-12-27;11;876.8898049575048;20260927_1334_g103
1;2025-12-27;12;1071.455142522151;20260927_1334_g103
1;2025-12-27;13;1192.5691294837466;20260927_1334_g103
1;2025-12-27;14;1066.1534887174107;20260927_1334_g103
1;2025-12-27;15;930.2034529848968;20260927_1334_g103
1;2025-12-27;16;867.7395274892192;20260927_1334_g103
1;2025-12-27;17;808.7374201497267;20260927_1334_g103
1;2025-12-27;18;728.3801359559449;20260927_1334_g103
1;2025-12-27;19;660.8514017226942;20260927_1334_g103
1;2025-12-27;20;477.6662664378592;20260927_1334_g103
1;2025-12-27;21;343.48493879393357;20260927_1334_g103
1;2025-12-27;22;142.48361487046685;20260927_1334_g103
1;2025-12-27;23;28.95753035894415;20260927_1334_g103
1;2025-12-28;0;0.0;20260927_1334_g103
1;2025-12-28;1;0.0;20260927_1334_g103
1;2025-12-28;2;0.0;20260927_1334_g103
1;2025-12-28;3;0.0;20260927_1334_g103
1;2025-12-28;4;0.0;20260927_1334_g103
1;2025-12-28;5;24.4584651540537;20260927_1334_g103
1;2025-12-28;6;122.81327249963289;20260927_1334_g103
1;2025-12-28;7;263.66237914715407;20260927_1334_g103
1;2025-12-28;8;369.3360015909794;20260927_1334_g103
1;2025-12-28;9;596.4726923259656;20260927_1334_g103
1;2025-12-28;10;681.7736305191787;20260927_1334_g103
1;2025-12-28;11;686.0207274073265;20260927_1334_g103
1;2025-12-28;12;792.1916952250125;20260927_1334_g103
1;2025-12-28;13;825.0145736531704;20260927_1334_g103
1;2025-12-28;14;752.0342740696852;20260927_1334_g103
1;2025-12-28;15;689.6928967393195;20260927_1334_g103
1;2025-12-28;16;629.6777831246563;20260927_1334_g103
1;2025-12-28;17;572.3280793952769;20260927_1334_g103
1;2025-12-28;18;536.247053747534;20260927_1334_g103
1;2025-12-28;19;465.42231207479324;20260927_1334_g103
1;2025-12-28;20;340.05842070633;20260927_1334_g103
1;2025-12-28;21;255.70886004608175;20260927_1334_g103
1;2025-12-28;22;100.69629669081527;20260927_1334_g103
1;2025-12-28;23;29.345773656290554;20260927_1334_g103
1;2025-12-29;0;1.897382588827382;20260927_1334_g103
1;2025-12-29;1;0.0;20260927_1334_g103
1;2025-12-29;2;0.0;20260927_1334_g103
1;2025-12-29;3;0.0;20260927_1334_g103
1;2025-12-29;4;7.673520475508803;20260927_1334_g103
1;2025-12-29;5;118.57630978243132;20260927_1334_g103
1;2025-12-29;6;466.66748379126267;20260927_1334_g103
1;2025-12-29;7;1416.865636864526;20260927_1334_g103
1;2025-12-29;8;1830.887564566281;20260927_1334_g103
1;2025-12-29;9;1351.5068331322127;20260927_1334_g103
1;2025-12-29;10;1224.33921620069;20260927_1334_g103
1;2025-12-29;11;1203.9710607395025;20260927_1334_g103
1;2025-12-29;12;1267.1204289347584;20260927_1334_g103
1;2025-12-29;13;1302.881525805099;20260927_1334_g103
1;2025-12-29;14;1250.0116761846689;20260927_1334_g103
1;2025-12-29;15;1357.8510159820519;20260927_1334_g103
1;2025-12-29;16;1402.1032494058595;20260927_1334_g103
1;2025-12-29;17;1649.7254711089422;20260927_1334_g103
1;2025-12-29;18;1711.4869085787395;20260927_1334_g103
1;2025-12-29;19;1308.7727160844609;20260927_1334_g103
1;2025-12-29;20;828.8361759010323;20260927_1334_g103
1;2025-12-29;21;427.65116537365907;20260927_1334_g103
1;2025-12-29;22;199.7792117536208;20260927_1334_g103
1;2025-12-29;23;34.685434020537976;20260927_1334_g103
1;2025-12-30;0;1.9994044753080527;20260927_1334_g103
1;2025-12-30;1;0.0;20260927_1334_g103
1;2025-12-30;2;0.0;20260927_1334_g103
1;2025-12-30;3;0.0;20260927_1334_g103
1;2025-12-30;4;7.7227752388982225;20260927_1334_g103
1;2025-12-30;5;116.97692743412277;20260927_1334_g103
1;2025-12-30;6;470.3881009177097;20260927_1334_g103
1;2025-12-30;7;1419.9856846427747;20260927_1334_g103
1;2025-12-30;8;1832.675821882575;20260927_1334_g103
1;2025-12-30;9;1354.3216979998167;20260927_1334_g103
1;2025-12-30;10;1229.9106188102046;20260927_1334_g103
1;2025-12-30;11;1208.7714765171131;20260927_1334_g103
1;2025-12-30;12;1268.9517814284245;20260927_1334_g103
1;2025-12-30;13;1304.1106606788107;20260927_1334_g103
1;2025-12-30;14;1249.3591769287564;20260927_1334_g103
1;2025-12-30;15;1359.179109361434;20260927_1334_g103
1;2025-12-30;16;1403.048440398952;20260927_1334_g103
1;2025-12-30;17;1651.5686202281;20260927_1334_g103
1;2025-12-30;18;1708.808266930793;20260927_1334_g103
1;2025-12-30;19;1309.908119307356;20260927_1334_g103
1;2025-12-30;20;828.3502349265144;20260927_1334_g103
1;2025-12-30;21;430.55929845049184;20260927_1334_g103
1;2025-12-30;22;200.26142356737077;20260927_1334_g103
1;2025-12-30;23;34.69857259783375;20260927_1334_g103
1;2025-12-31;0;0.0;20260927_1334_g103
1;2025-12-31;1;0.0;20260927_1334_g103
1;2025-12-31;2;0.0;20260927_1334_g103
1;2025-12-31;3;0.0;20260927_1334_g103
1;2025-12-31;4;0.0;20260927_1334_g103
1;2025-12-31;5;25.114642128097554;20260927_1334_g103
1;2025-12-31;6;125.32513449691517;20260927_1334_g103
1;2025-12-31;7;267.8963641917826;20260927_1334_g103
1;2025-12-31;8;373.01288932298684;20260927_1334_g103
1;2025-12-31;9;584.6537532170552;20260927_1334_g103
1;2025-12-31;10;668.1824573934767;20260927_1334_g103
1;2025-12-31;11;665.3188591971158;20260927_1334_g103
1;2025-12-31;12;776.0764630059336;20260927_1334_g103
1;2025-12-31;13;808.4472055021085;20260927_1334_g103
1;2025-12-31;14;727.788424319024;20260927_1334_g103
1;2025-12-31;15;673.1351351507595;20260927_1334_g103
1;2025-12-31;16;617.2585655493838;20260927_1334_g103
1;2025-12-31;17;566.7280509353842;20260927_1334_g103
1;2025-12-31;18;536.6284750095707;20260927_1334_g103
1;2025-12-31;19;469.3851796924943;20260927_1334_g103
1;2025-12-31;20;343.98584830645643;20260927_1334_g103
1;2025-12-31;21;256.50657799884635;20260927_1334_g103
1;2025-12-31;22;102.51661492279425;20260927_1334_g103
1;2025-12-31;23;29.50347382393058;20260927_1334_g103
5;2025-11-01;0;0.0;20260927_1334_g103
5;2025-11-01;1;0.0;20260927_1334_g103
5;2025-11-01;2;0.0;20260927_1334_g103
5;2025-11-01;3;0.0;20260927_1334_g103
5;2025-11-01;4;0.0;20260927_1334_g103
5;2025-11-01;5;0.0;20260927_1334_g103
5;2025-11-01;6;0.0;20260927_1334_g103
5;2025-11-01;7;0.0;20260927_1334_g103
5;2025-11-01;8;0.0;20260927_1334_g103
5;2025-11-01;9;0.0;20260927_1334_g103
5;2025-11-01;10;0.0;20260927_1334_g103
5;2025-11-01;11;0.0;20260927_1334_g103
5;2025-11-01;12;0.0;20260927_1334_g103
5;2025-11-01;13;0.0;20260927_1334_g103
5;2025-11-01;14;0.0;20260927_1334_g103
5;2025-11-01;15;0.0;20260927_1334_g103
5;2025-11-01;16;0.0;20260927_1334_g103
5;2025-11-01;17;0.0;20260927_1334_g103
5;2025-11-01;18;0.0;20260927_1334_g103
5;2025-11-01;19;0.0;20260927_1334_g103
5;2025-11-01;20;0.0;20260927_1334_g103
5;2025-11-01;21;0.0;20260927_1334_g103
5;2025-11-01;22;0.0;20260927_1334_g103
5;2025-11-01;23;0.0;20260927_1334_g103
5;2025-11-02;0;0.0;20260927_1334_g103
5;2025-11-02;1;0.0;20260927_1334_g103
5;2025-11-02;2;0.0;20260927_1334_g103
5;2025-11-02;3;0.0;20260927_1334_g103
5;2025-11-02;4;0.0;20260927_1334_g103
5;2025-11-02;5;0.0;20260927_1334_g103
5;2025-11-02;6;0.0;20260927_1334_g103
5;2025-11-02;7;0.0;20260927_1334_g103
5;2025-11-02;8;0.0;20260927_1334_g103
5;2025-11-02;9;0.0;20260927_1334_g103
5;2025-11-02;10;0.0;20260927_1334_g103
5;2025-11-02;11;0.0;20260927_1334_g103
5;2025-11-02;12;0.0;20260927_1334_g103
5;2025-11-02;13;0.0;20260927_1334_g103
5;2025-11-02;14;0.0;20260927_1334_g103
5;2025-11-02;15;0.0;20260927_1334_g103
5;2025-11-02;16;0.0;20260927_1334_g103
5;2025-11-02;17;0.0;20260927_1334_g103
5;2025-11-02;18;0.0;20260927_1334_g103
5;2025-11-02;19;0.0;20260927_1334_g103
5;2025-11-02;20;0.0;20260927_1334_g103
5;2025-11-02;21;0.0;20260927_1334_g103
5;2025-11-02;22;0.0;20260927_1334_g103
5;2025-11-02;23;0.0;20260927_1334_g103
5;2025-11-03;0;0.0;20260927_1334_g103
5;2025-11-03;1;0.0;20260927_1334_g103
5;2025-11-03;2;0.0;20260927_1334_g103
5;2025-11-03;3;0.0;20260927_1334_g103
5;2025-11-03;4;0.0;20260927_1334_g103
5;2025-11-03;5;0.0;20260927_1334_g103
5;2025-11-03;6;0.0;20260927_1334_g103
5;2025-11-03;7;0.0;20260927_1334_g103
5;2025-11-03;8;0.0;20260927_1334_g103
5;2025-11-03;9;0.0;20260927_1334_g103
5;2025-11-03;10;0.0;20260927_1334_g103
5;2025-11-03;11;0.0;20260927_1334_g103
5;2025-11-03;12;0.0;20260927_1334_g103
5;2025-11-03;13;0.0;20260927_1334_g103
5;2025-11-03;14;0.0;20260927_1334_g103
5;2025-11-03;15;0.0;20260927_1334_g103
5;2025-11-03;16;0.0;20260927_1334_g103
5;2025-11-03;17;0.0;20260927_1334_g103
5;2025-11-03;18;0.0;20260927_1334_g103
5;2025-11-03;19;0.0;20260927_1334_g103
5;2025-11-03;20;0.0;20260927_1334_g103
5;2025-11-03;21;0.0;20260927_1334_g103
5;2025-11-03;22;0.0;20260927_1334_g103
5;2025-11-03;23;0.0;20260927_1334_g103
5;2025-11-04;0;0.0;20260927_1334_g103
5;2025-11-04;1;0.0;20260927_1334_g103
5;2025-11-04;2;0.0;20260927_1334_g103
5;2025-11-04;3;0.0;20260927_1334_g103
5;2025-11-04;4;0.0;20260927_1334_g103
5;2025-11-04;5;0.0;20260927_1334_g103
5;2025-11-04;6;0.0;20260927_1334_g103
5;2025-11-04;7;0.0;20260927_1334_g103
5;2025-11-04;8;0.0;20260927_1334_g103
5;2025-11-04;9;0.0;20260927_1334_g103
5;2025-11-04;10;0.0;20260927_1334_g103
5;2025-11-04;11;0.0;20260927_1334_g103
5;2025-11-04;12;0.0;20260927_1334_g103
5;2025-11-04;13;0.0;20260927_1334_g103
5;2025-11-04;14;0.0;20260927_1334_g103
5;2025-11-04;15;0.0;20260927_1334_g103
5;2025-11-04;16;0.0;20260927_1334_g103
5;2025-11-04;17;0.0;20260927_1334_g103
5;2025-11-04;18;0.0;20260927_1334_g103
5;2025-11-04;19;0.0;20260927_1334_g103
5;2025-11-04;20;0.0;20260927_1334_g103
5;2025-11-04;21;0.0;20260927_1334_g103
5;2025-11-04;22;0.0;20260927_1334_g103
5;2025-11-04;23;0.0;20260927_1334_g103
5;2025-11-05;0;0.0;20260927_1334_g103
5;2025-11-05;1;0.0;20260927_1334_g103
5;2025-11-05;2;0.0;20260927_1334_g103
5;2025-11-05;3;0.0;20260927_1334_g103
5;2025-11-05;4;0.0;20260927_1334_g103
5;2025-11-05;5;0.0;20260927_1334_g103
5;2025-11-05;6;0.0;20260927_1334_g103
5;2025-11-05;7;0.0;20260927_1334_g103
5;2025-11-05;8;0.0;20260927_1334_g103
5;2025-11-05;9;0.0;20260927_1334_g103
5;2025-11-05;10;0.0;20260927_1334_g103
5;2025-11-05;11;0.0;20260927_1334_g103
5;2025-11-05;12;0.0;20260927_1334_g103
5;2025-11-05;13;0.0;20260927_1334_g103
5;2025-11-05;14;0.0;20260927_1334_g103
5;2025-11-05;15;0.0;20260927_1334_g103
5;2025-11-05;16;0.0;20260927_1334_g103
5;2025-11-05;17;0.0;20260927_1334_g103
5;2025-11-05;18;0.0;20260927_1334_g103
5;2025-11-05;19;0.0;20260927_1334_g103
5;2025-11-05;20;0.0;20260927_1334_g103
5;2025-11-05;21;0.0;20260927_1334_g103
5;2025-11-05;22;0.0;20260927_1334_g103
5;2025-11-05;23;0.0;20260927_1334_g103
5;2025-11-06;0;0.0;20260927_1334_g103
5;2025-11-06;1;0.0;20260927_1334_g103
5;2025-11-06;2;0.0;20260927_1334_g103
5;2025-11-06;3;0.0;20260927_1334_g103
5;2025-11-06;4;0.0;20260927_1334_g103
5;2025-11-06;5;0.0;20260927_1334_g103
5;2025-11-06;6;0.0;20260927_1334_g103
5;2025-11-06;7;0.0;20260927_1334_g103
5;2025-11-06;8;0.0;20260927_1334_g103
5;2025-11-06;9;0.0;20260927_1334_g103
5;2025-11-06;10;0.0;20260927_1334_g103
5;2025-11-06;11;0.0;20260927_1334_g103
5;2025-11-06;12;0.0;20260927_1334_g103
5;2025-11-06;13;0.0;20260927_1334_g103
5;2025-11-06;14;0.0;20260927_1334_g103
5;2025-11-06;15;0.0;20260927_1334_g103
5;2025-11-06;16;0.0;20260927_1334_g103
5;2025-11-06;17;0.0;20260927_1334_g103
5;2025-11-06;18;0.0;20260927_1334_g103
5;2025-11-06;19;0.0;20260927_1334_g103
5;2025-11-06;20;0.0;20260927_1334_g103
5;2025-11-06;21;0.0;20260927_1334_g103
5;2025-11-06;22;0.0;20260927_1334_g103
5;2025-11-06;23;0.0;20260927_1334_g103
5;2025-11-07;0;0.0;20260927_1334_g103
5;2025-11-07;1;0.0;20260927_1334_g103
5;2025-11-07;2;0.0;20260927_1334_g103
5;2025-11-07;3;0.0;20260927_1334_g103
5;2025-11-07;4;0.0;20260927_1334_g103
5;2025-11-07;5;0.0;20260927_1334_g103
5;2025-11-07;6;0.0;20260927_1334_g103
5;2025-11-07;7;0.0;20260927_1334_g103
5;2025-11-07;8;0.0;20260927_1334_g103
5;2025-11-07;9;0.0;20260927_1334_g103
5;2025-11-07;10;0.0;20260927_1334_g103
5;2025-11-07;11;0.0;20260927_1334_g103
5;2025-11-07;12;0.0;20260927_1334_g103
5;2025-11-07;13;0.0;20260927_1334_g103
5;2025-11-07;14;0.0;20260927_1334_g103
5;2025-11-07;15;0.0;20260927_1334_g103
5;2025-11-07;16;0.0;20260927_1334_g103
5;2025-11-07;17;0.0;20260927_1334_g103
5;2025-11-07;18;0.0;20260927_1334_g103
5;2025-11-07;19;0.0;20260927_1334_g103
5;2025-11-07;20;0.0;20260927_1334_g103
5;2025-11-07;21;0.0;20260927_1334_g103
5;2025-11-07;22;0.0;20260927_1334_g103
5;2025-11-07;23;0.0;20260927_1334_g103
5;2025-11-08;0;0.0;20260927_1334_g103
5;2025-11-08;1;0.0;20260927_1334_g103
5;2025-11-08;2;0.0;20260927_1334_g103
5;2025-11-08;3;0.0;20260927_1334_g103
5;2025-11-08;4;0.0;20260927_1334_g103
5;2025-11-08;5;0.0;20260927_1334_g103
5;2025-11-08;6;0.0;20260927_1334_g103
5;2025-11-08;7;0.0;20260927_1334_g103
5;2025-11-08;8;0.0;20260927_1334_g103
5;2025-11-08;9;0.0;20260927_1334_g103
5;2025-11-08;10;0.0;20260927_1334_g103
5;2025-11-08;11;0.0;20260927_1334_g103
5;2025-11-08;12;0.0;20260927_1334_g103
5;2025-11-08;13;0.0;20260927_1334_g103
5;2025-11-08;14;0.0;20260927_1334_g103
5;2025-11-08;15;0.0;20260927_1334_g103
5;2025-11-08;16;0.0;20260927_1334_g103
5;2025-11-08;17;0.0;20260927_1334_g103
5;2025-11-08;18;0.0;20260927_1334_g103
5;2025-11-08;19;0.0;20260927_1334_g103
5;2025-11-08;20;0.0;20260927_1334_g103
5;2025-11-08;21;0.0;20260927_1334_g103
5;2025-11-08;22;0.0;20260927_1334_g103
5;2025-11-08;23;0.0;20260927_1334_g103
5;2025-11-09;0;0.0;20260927_1334_g103
5;2025-11-09;1;0.0;20260927_1334_g103
5;2025-11-09;2;0.0;20260927_1334_g103
5;2025-11-09;3;0.0;20260927_1334_g103
5;2025-11-09;4;0.0;20260927_1334_g103
5;2025-11-09;5;0.0;20260927_1334_g103
5;2025-11-09;6;0.0;20260927_1334_g103
5;2025-11-09;7;0.0;20260927_1334_g103
5;2025-11-09;8;0.0;20260927_1334_g103
5;2025-11-09;9;0.0;20260927_1334_g103
5;2025-11-09;10;0.0;20260927_1334_g103
5;2025-11-09;11;0.0;20260927_1334_g103
5;2025-11-09;12;0.0;20260927_1334_g103
5;2025-11-09;13;0.0;20260927_1334_g103
5;2025-11-09;14;0.0;20260927_1334_g103
5;2025-11-09;15;0.0;20260927_1334_g103
5;2025-11-09;16;0.0;20260927_1334_g103
5;2025-11-09;17;0.0;20260927_1334_g103
5;2025-11-09;18;0.0;20260927_1334_g103
5;2025-11-09;19;0.0;20260927_1334_g103
5;2025-11-09;20;0.0;20260927_1334_g103
5;2025-11-09;21;0.0;20260927_1334_g103
5;2025-11-09;22;0.0;20260927_1334_g103
5;2025-11-09;23;0.0;20260927_1334_g103
5;2025-11-10;0;0.0;20260927_1334_g103
5;2025-11-10;1;0.0;20260927_1334_g103
5;2025-11-10;2;0.0;20260927_1334_g103
5;2025-11-10;3;0.0;20260927_1334_g103
5;2025-11-10;4;0.0;20260927_1334_g103
5;2025-11-10;5;0.0;20260927_1334_g103
5;2025-11-10;6;0.0;20260927_1334_g103
5;2025-11-10;7;0.0;20260927_1334_g103
5;2025-11-10;8;0.0;20260927_1334_g103
5;2025-11-10;9;0.0;20260927_1334_g103
5;2025-11-10;10;0.0;20260927_1334_g103
5;2025-11-10;11;0.0;20260927_1334_g103
5;2025-11-10;12;0.0;20260927_1334_g103
5;2025-11-10;13;0.0;20260927_1334_g103
5;2025-11-10;14;0.0;20260927_1334_g103
5;2025-11-10;15;0.0;20260927_1334_g103
5;2025-11-10;16;0.0;20260927_1334_g103
5;2025-11-10;17;0.0;20260927_1334_g103
5;2025-11-10;18;0.0;20260927_1334_g103
5;2025-11-10;19;0.0;20260927_1334_g103
5;2025-11-10;20;0.0;20260927_1334_g103
5;2025-11-10;21;0.0;20260927_1334_g103
5;2025-11-10;22;0.0;20260927_1334_g103
5;2025-11-10;23;0.0;20260927_1334_g103
5;2025-11-11;0;0.0;20260927_1334_g103
5;2025-11-11;1;0.0;20260927_1334_g103
5;2025-11-11;2;0.0;20260927_1334_g103
5;2025-11-11;3;0.0;20260927_1334_g103
5;2025-11-11;4;0.0;20260927_1334_g103
5;2025-11-11;5;0.0;20260927_1334_g103
5;2025-11-11;6;0.0;20260927_1334_g103
5;2025-11-11;7;0.0;20260927_1334_g103
5;2025-11-11;8;0.0;20260927_1334_g103
5;2025-11-11;9;0.0;20260927_1334_g103
5;2025-11-11;10;0.0;20260927_1334_g103
5;2025-11-11;11;0.0;20260927_1334_g103
5;2025-11-11;12;0.0;20260927_1334_g103
5;2025-11-11;13;0.0;20260927_1334_g103
5;2025-11-11;14;0.0;20260927_1334_g103
5;2025-11-11;15;0.0;20260927_1334_g103
5;2025-11-11;16;0.0;20260927_1334_g103
5;2025-11-11;17;0.0;20260927_1334_g103
5;2025-11-11;18;0.0;20260927_1334_g103
5;2025-11-11;19;0.0;20260927_1334_g103
5;2025-11-11;20;0.0;20260927_1334_g103
5;2025-11-11;21;0.0;20260927_1334_g103
5;2025-11-11;22;0.0;20260927_1334_g103
5;2025-11-11;23;0.0;20260927_1334_g103
5;2025-11-12;0;0.0;20260927_1334_g103
5;2025-11-12;1;0.0;20260927_1334_g103
5;2025-11-12;2;0.0;20260927_1334_g103
5;2025-11-12;3;0.0;20260927_1334_g103
5;2025-11-12;4;0.0;20260927_1334_g103
5;2025-11-12;5;0.0;20260927_1334_g103
5;2025-11-12;6;0.0;20260927_1334_g103
5;2025-11-12;7;0.0;20260927_1334_g103
5;2025-11-12;8;0.0;20260927_1334_g103
5;2025-11-12;9;0.0;20260927_1334_g103
5;2025-11-12;10;0.0;20260927_1334_g103
5;2025-11-12;11;0.0;20260927_1334_g103
5;2025-11-12;12;0.0;20260927_1334_g103
5;2025-11-12;13;0.0;20260927_1334_g103
5;2025-11-12;14;0.0;20260927_1334_g103
5;2025-11-12;15;0.0;20260927_1334_g103
5;2025-11-12;16;0.0;20260927_1334_g103
5;2025-11-12;17;0.0;20260927_1334_g103
5;2025-11-12;18;0.0;20260927_1334_g103
5;2025-11-12;19;0.0;20260927_1334_g103
5;2025-11-12;20;0.0;20260927_1334_g103
5;2025-11-12;21;0.0;20260927_1334_g103
5;2025-11-12;22;0.0;20260927_1334_g103
5;2025-11-12;23;0.0;20260927_1334_g103
5;2025-11-13;0;0.0;20260927_1334_g103
5;2025-11-13;1;0.0;20260927_1334_g103
5;2025-11-13;2;0.0;20260927_1334_g103
5;2025-11-13;3;0.0;20260927_1334_g103
5;2025-11-13;4;0.0;20260927_1334_g103
5;2025-11-13;5;0.0;20260927_1334_g103
5;2025-11-13;6;0.0;20260927_1334_g103
5;2025-11-13;7;0.0;20260927_1334_g103
5;2025-11-13;8;0.0;20260927_1334_g103
5;2025-11-13;9;0.0;20260927_1334_g103
5;2025-11-13;10;0.0;20260927_1334_g103
5;2025-11-13;11;0.0;20260927_1334_g103
5;2025-11-13;12;0.0;20260927_1334_g103
5;2025-11-13;13;0.0;20260927_1334_g103
5;2025-11-13;14;0.0;20260927_1334_g103
5;2025-11-13;15;0.0;20260927_1334_g103
5;2025-11-13;16;0.0;20260927_1334_g103
5;2025-11-13;17;0.0;20260927_1334_g103
5;2025-11-13;18;0.0;20260927_1334_g103
5;2025-11-13;19;0.0;20260927_1334_g103
5;2025-11-13;20;0.0;20260927_1334_g103
5;2025-11-13;21;0.0;20260927_1334_g103
5;2025-11-13;22;0.0;20260927_1334_g103
5;2025-11-13;23;0.0;20260927_1334_g103
5;2025-11-14;0;0.0;20260927_1334_g103
5;2025-11-14;1;0.0;20260927_1334_g103
5;2025-11-14;2;0.0;20260927_1334_g103
5;2025-11-14;3;0.0;20260927_1334_g103
5;2025-11-14;4;0.0;20260927_1334_g103
5;2025-11-14;5;0.0;20260927_1334_g103
5;2025-11-14;6;0.0;20260927_1334_g103
5;2025-11-14;7;0.0;20260927_1334_g103
5;2025-11-14;8;0.0;20260927_1334_g103
5;2025-11-14;9;0.0;20260927_1334_g103
5;2025-11-14;10;0.0;20260927_1334_g103
5;2025-11-14;11;0.0;20260927_1334_g103
5;2025-11-14;12;0.0;20260927_1334_g103
5;2025-11-14;13;0.0;20260927_1334_g103
5;2025-11-14;14;0.0;20260927_1334_g103
5;2025-11-14;15;0.0;20260927_1334_g103
5;2025-11-14;16;0.0;20260927_1334_g103
5;2025-11-14;17;0.0;20260927_1334_g103
5;2025-11-14;18;0.0;20260927_1334_g103
5;2025-11-14;19;0.0;20260927_1334_g103
5;2025-11-14;20;0.0;20260927_1334_g103
5;2025-11-14;21;0.0;20260927_1334_g103
5;2025-11-14;22;0.0;20260927_1334_g103
5;2025-11-14;23;0.0;20260927_1334_g103
5;2025-11-15;0;0.0;20260927_1334_g103
5;2025-11-15;1;0.0;20260927_1334_g103
5;2025-11-15;2;0.0;20260927_1334_g103
5;2025-11-15;3;0.0;20260927_1334_g103
5;2025-11-15;4;0.0;20260927_1334_g103
5;2025-11-15;5;0.0;20260927_1334_g103
5;2025-11-15;6;0.0;20260927_1334_g103
5;2025-11-15;7;0.0;20260927_1334_g103
5;2025-11-15;8;0.0;20260927_1334_g103
5;2025-11-15;9;0.0;20260927_1334_g103
5;2025-11-15;10;0.0;20260927_1334_g103
5;2025-11-15;11;0.0;20260927_1334_g103
5;2025-11-15;12;0.0;20260927_1334_g103
5;2025-11-15;13;0.0;20260927_1334_g103
5;2025-11-15;14;0.0;20260927_1334_g103
5;2025-11-15;15;0.0;20260927_1334_g103
5;2025-11-15;16;0.0;20260927_1334_g103
5;2025-11-15;17;0.0;20260927_1334_g103
5;2025-11-15;18;0.0;20260927_1334_g103
5;2025-11-15;19;0.0;20260927_1334_g103
5;2025-11-15;20;0.0;20260927_1334_g103
5;2025-11-15;21;0.0;20260927_1334_g103
5;2025-11-15;22;0.0;20260927_1334_g103
5;2025-11-15;23;0.0;20260927_1334_g103
5;2025-11-16;0;0.0;20260927_1334_g103
5;2025-11-16;1;0.0;20260927_1334_g103
5;2025-11-16;2;0.0;20260927_1334_g103
5;2025-11-16;3;0.0;20260927_1334_g103
5;2025-11-16;4;0.0;20260927_1334_g103
5;2025-11-16;5;0.0;20260927_1334_g103
5;2025-11-16;6;0.0;20260927_1334_g103
5;2025-11-16;7;0.0;20260927_1334_g103
5;2025-11-16;8;0.0;20260927_1334_g103
5;2025-11-16;9;0.0;20260927_1334_g103
5;2025-11-16;10;0.0;20260927_1334_g103
5;2025-11-16;11;0.0;20260927_1334_g103
5;2025-11-16;12;0.0;20260927_1334_g103
5;2025-11-16;13;0.0;20260927_1334_g103
5;2025-11-16;14;0.0;20260927_1334_g103
5;2025-11-16;15;0.0;20260927_1334_g103
5;2025-11-16;16;0.0;20260927_1334_g103
5;2025-11-16;17;0.0;20260927_1334_g103
5;2025-11-16;18;0.0;20260927_1334_g103
5;2025-11-16;19;0.0;20260927_1334_g103
5;2025-11-16;20;0.0;20260927_1334_g103
5;2025-11-16;21;0.0;20260927_1334_g103
5;2025-11-16;22;0.0;20260927_1334_g103
5;2025-11-16;23;0.0;20260927_1334_g103
5;2025-11-17;0;0.0;20260927_1334_g103
5;2025-11-17;1;0.0;20260927_1334_g103
5;2025-11-17;2;0.0;20260927_1334_g103
5;2025-11-17;3;0.0;20260927_1334_g103
5;2025-11-17;4;0.0;20260927_1334_g103
5;2025-11-17;5;0.0;20260927_1334_g103
5;2025-11-17;6;0.0;20260927_1334_g103
5;2025-11-17;7;0.0;20260927_1334_g103
5;2025-11-17;8;0.0;20260927_1334_g103
5;2025-11-17;9;0.0;20260927_1334_g103
5;2025-11-17;10;0.0;20260927_1334_g103
5;2025-11-17;11;0.0;20260927_1334_g103
5;2025-11-17;12;0.0;20260927_1334_g103
5;2025-11-17;13;0.0;20260927_1334_g103
5;2025-11-17;14;0.0;20260927_1334_g103
5;2025-11-17;15;0.0;20260927_1334_g103
5;2025-11-17;16;0.0;20260927_1334_g103
5;2025-11-17;17;0.0;20260927_1334_g103
5;2025-11-17;18;0.0;20260927_1334_g103
5;2025-11-17;19;0.0;20260927_1334_g103
5;2025-11-17;20;0.0;20260927_1334_g103
5;2025-11-17;21;0.0;20260927_1334_g103
5;2025-11-17;22;0.0;20260927_1334_g103
5;2025-11-17;23;0.0;20260927_1334_g103
5;2025-11-18;0;0.0;20260927_1334_g103
5;2025-11-18;1;0.0;20260927_1334_g103
5;2025-11-18;2;0.0;20260927_1334_g103
5;2025-11-18;3;0.0;20260927_1334_g103
5;2025-11-18;4;0.0;20260927_1334_g103
5;2025-11-18;5;0.0;20260927_1334_g103
5;2025-11-18;6;0.0;20260927_1334_g103
5;2025-11-18;7;0.0;20260927_1334_g103
5;2025-11-18;8;0.0;20260927_1334_g103
5;2025-11-18;9;0.0;20260927_1334_g103
5;2025-11-18;10;0.0;20260927_1334_g103
5;2025-11-18;11;0.0;20260927_1334_g103
5;2025-11-18;12;0.0;20260927_1334_g103
5;2025-11-18;13;0.0;20260927_1334_g103
5;2025-11-18;14;0.0;20260927_1334_g103
5;2025-11-18;15;0.0;20260927_1334_g103
5;2025-11-18;16;0.0;20260927_1334_g103
5;2025-11-18;17;0.0;20260927_1334_g103
5;2025-11-18;18;0.0;20260927_1334_g103
5;2025-11-18;19;0.0;20260927_1334_g103
5;2025-11-18;20;0.0;20260927_1334_g103
5;2025-11-18;21;0.0;20260927_1334_g103
5;2025-11-18;22;0.0;20260927_1334_g103
5;2025-11-18;23;0.0;20260927_1334_g103
5;2025-11-19;0;0.0;20260927_1334_g103
5;2025-11-19;1;0.0;20260927_1334_g103
5;2025-11-19;2;0.0;20260927_1334_g103
5;2025-11-19;3;0.0;20260927_1334_g103
5;2025-11-19;4;0.0;20260927_1334_g103
5;2025-11-19;5;0.0;20260927_1334_g103
5;2025-11-19;6;0.0;20260927_1334_g103
5;2025-11-19;7;0.0;20260927_1334_g103
5;2025-11-19;8;0.0;20260927_1334_g103
5;2025-11-19;9;0.0;20260927_1334_g103
5;2025-11-19;10;0.0;20260927_1334_g103
5;2025-11-19;11;0.0;20260927_1334_g103
5;2025-11-19;12;0.0;20260927_1334_g103
5;2025-11-19;13;0.0;20260927_1334_g103
5;2025-11-19;14;0.0;20260927_1334_g103
5;2025-11-19;15;0.0;20260927_1334_g103
5;2025-11-19;16;0.0;20260927_1334_g103
5;2025-11-19;17;0.0;20260927_1334_g103
5;2025-11-19;18;0.0;20260927_1334_g103
5;2025-11-19;19;0.0;20260927_1334_g103
5;2025-11-19;20;0.0;20260927_1334_g103
5;2025-11-19;21;0.0;20260927_1334_g103
5;2025-11-19;22;0.0;20260927_1334_g103
5;2025-11-19;23;0.0;20260927_1334_g103
5;2025-11-20;0;0.0;20260927_1334_g103
5;2025-11-20;1;0.0;20260927_1334_g103
5;2025-11-20;2;0.0;20260927_1334_g103
5;2025-11-20;3;0.0;20260927_1334_g103
5;2025-11-20;4;0.0;20260927_1334_g103
5;2025-11-20;5;0.0;20260927_1334_g103
5;2025-11-20;6;0.0;20260927_1334_g103
5;2025-11-20;7;0.0;20260927_1334_g103
5;2025-11-20;8;0.0;20260927_1334_g103
5;2025-11-20;9;0.0;20260927_1334_g103
5;2025-11-20;10;0.0;20260927_1334_g103
5;2025-11-20;11;0.0;20260927_1334_g103
5;2025-11-20;12;0.0;20260927_1334_g103
5;2025-11-20;13;0.0;20260927_1334_g103
5;2025-11-20;14;0.0;20260927_1334_g103
5;2025-11-20;15;0.0;20260927_1334_g103
5;2025-11-20;16;0.0;20260927_1334_g103
5;2025-11-20;17;0.0;20260927_1334_g103
5;2025-11-20;18;0.0;20260927_1334_g103
5;2025-11-20;19;0.0;20260927_1334_g103
5;2025-11-20;20;0.0;20260927_1334_g103
5;2025-11-20;21;0.0;20260927_1334_g103
5;2025-11-20;22;0.0;20260927_1334_g103
5;2025-11-20;23;0.0;20260927_1334_g103
5;2025-11-21;0;0.0;20260927_1334_g103
5;2025-11-21;1;0.0;20260927_1334_g103
5;2025-11-21;2;0.0;20260927_1334_g103
5;2025-11-21;3;0.0;20260927_1334_g103
5;2025-11-21;4;0.0;20260927_1334_g103
5;2025-11-21;5;0.0;20260927_1334_g103
5;2025-11-21;6;0.0;20260927_1334_g103
5;2025-11-21;7;0.0;20260927_1334_g103
5;2025-11-21;8;0.0;20260927_1334_g103
5;2025-11-21;9;0.0;20260927_1334_g103
5;2025-11-21;10;0.0;20260927_1334_g103
5;2025-11-21;11;0.0;20260927_1334_g103
5;2025-11-21;12;0.0;20260927_1334_g103
5;2025-11-21;13;0.0;20260927_1334_g103
5;2025-11-21;14;0.0;20260927_1334_g103
5;2025-11-21;15;0.0;20260927_1334_g103
5;2025-11-21;16;0.0;20260927_1334_g103
5;2025-11-21;17;0.0;20260927_1334_g103
5;2025-11-21;18;0.0;20260927_1334_g103
5;2025-11-21;19;0.0;20260927_1334_g103
5;2025-11-21;20;0.0;20260927_1334_g103
5;2025-11-21;21;0.0;20260927_1334_g103
5;2025-11-21;22;0.0;20260927_1334_g103
5;2025-11-21;23;0.0;20260927_1334_g103
5;2025-11-22;0;0.0;20260927_1334_g103
5;2025-11-22;1;0.0;20260927_1334_g103
5;2025-11-22;2;0.0;20260927_1334_g103
5;2025-11-22;3;0.0;20260927_1334_g103
5;2025-11-22;4;0.0;20260927_1334_g103
5;2025-11-22;5;0.0;20260927_1334_g103
5;2025-11-22;6;0.0;20260927_1334_g103
5;2025-11-22;7;0.0;20260927_1334_g103
5;2025-11-22;8;0.0;20260927_1334_g103
5;2025-11-22;9;0.0;20260927_1334_g103
5;2025-11-22;10;0.0;20260927_1334_g103
5;2025-11-22;11;0.0;20260927_1334_g103
5;2025-11-22;12;0.0;20260927_1334_g103
5;2025-11-22;13;0.0;20260927_1334_g103
5;2025-11-22;14;0.0;20260927_1334_g103
5;2025-11-22;15;0.0;20260927_1334_g103
5;2025-11-22;16;0.0;20260927_1334_g103
5;2025-11-22;17;0.0;20260927_1334_g103
5;2025-11-22;18;0.0;20260927_1334_g103
5;2025-11-22;19;0.0;20260927_1334_g103
5;2025-11-22;20;0.0;20260927_1334_g103
5;2025-11-22;21;0.0;20260927_1334_g103
5;2025-11-22;22;0.0;20260927_1334_g103
5;2025-11-22;23;0.0;20260927_1334_g103
5;2025-11-23;0;0.0;20260927_1334_g103
5;2025-11-23;1;0.0;20260927_1334_g103
5;2025-11-23;2;0.0;20260927_1334_g103
5;2025-11-23;3;0.0;20260927_1334_g103
5;2025-11-23;4;0.0;20260927_1334_g103
5;2025-11-23;5;0.0;20260927_1334_g103
5;2025-11-23;6;0.0;20260927_1334_g103
5;2025-11-23;7;0.0;20260927_1334_g103
5;2025-11-23;8;0.0;20260927_1334_g103
5;2025-11-23;9;0.0;20260927_1334_g103
5;2025-11-23;10;0.0;20260927_1334_g103
5;2025-11-23;11;0.0;20260927_1334_g103
5;2025-11-23;12;0.0;20260927_1334_g103
5;2025-11-23;13;0.0;20260927_1334_g103
5;2025-11-23;14;0.0;20260927_1334_g103
5;2025-11-23;15;0.0;20260927_1334_g103
5;2025-11-23;16;0.0;20260927_1334_g103
5;2025-11-23;17;0.0;20260927_1334_g103
5;2025-11-23;18;0.0;20260927_1334_g103
5;2025-11-23;19;0.0;20260927_1334_g103
5;2025-11-23;20;0.0;20260927_1334_g103
5;2025-11-23;21;0.0;20260927_1334_g103
5;2025-11-23;22;0.0;20260927_1334_g103
5;2025-11-23;23;0.0;20260927_1334_g103
5;2025-11-24;0;0.0;20260927_1334_g103
5;2025-11-24;1;0.0;20260927_1334_g103
5;2025-11-24;2;0.0;20260927_1334_g103
5;2025-11-24;3;0.0;20260927_1334_g103
5;2025-11-24;4;0.0;20260927_1334_g103
5;2025-11-24;5;0.0;20260927_1334_g103
5;2025-11-24;6;0.0;20260927_1334_g103
5;2025-11-24;7;0.0;20260927_1334_g103
5;2025-11-24;8;0.0;20260927_1334_g103
5;2025-11-24;9;0.0;20260927_1334_g103
5;2025-11-24;10;0.0;20260927_1334_g103
5;2025-11-24;11;0.0;20260927_1334_g103
5;2025-11-24;12;0.0;20260927_1334_g103
5;2025-11-24;13;0.0;20260927_1334_g103
5;2025-11-24;14;0.0;20260927_1334_g103
5;2025-11-24;15;0.0;20260927_1334_g103
5;2025-11-24;16;0.0;20260927_1334_g103
5;2025-11-24;17;0.0;20260927_1334_g103
5;2025-11-24;18;0.0;20260927_1334_g103
5;2025-11-24;19;0.0;20260927_1334_g103
5;2025-11-24;20;0.0;20260927_1334_g103
5;2025-11-24;21;0.0;20260927_1334_g103
5;2025-11-24;22;0.0;20260927_1334_g103
5;2025-11-24;23;0.0;20260927_1334_g103
5;2025-11-25;0;0.0;20260927_1334_g103
5;2025-11-25;1;0.0;20260927_1334_g103
5;2025-11-25;2;0.0;20260927_1334_g103
5;2025-11-25;3;0.0;20260927_1334_g103
5;2025-11-25;4;0.0;20260927_1334_g103
5;2025-11-25;5;0.0;20260927_1334_g103
5;2025-11-25;6;0.0;20260927_1334_g103
5;2025-11-25;7;0.0;20260927_1334_g103
5;2025-11-25;8;0.0;20260927_1334_g103
5;2025-11-25;9;0.0;20260927_1334_g103
5;2025-11-25;10;0.0;20260927_1334_g103
5;2025-11-25;11;0.0;20260927_1334_g103
5;2025-11-25;12;0.0;20260927_1334_g103
5;2025-11-25;13;0.0;20260927_1334_g103
5;2025-11-25;14;0.0;20260927_1334_g103
5;2025-11-25;15;0.0;20260927_1334_g103
5;2025-11-25;16;0.0;20260927_1334_g103
5;2025-11-25;17;0.0;20260927_1334_g103
5;2025-11-25;18;0.0;20260927_1334_g103
5;2025-11-25;19;0.0;20260927_1334_g103
5;2025-11-25;20;0.0;20260927_1334_g103
5;2025-11-25;21;0.0;20260927_1334_g103
5;2025-11-25;22;0.0;20260927_1334_g103
5;2025-11-25;23;0.0;20260927_1334_g103
5;2025-11-26;0;0.0;20260927_1334_g103
5;2025-11-26;1;0.0;20260927_1334_g103
5;2025-11-26;2;0.0;20260927_1334_g103
5;2025-11-26;3;0.0;20260927_1334_g103
5;2025-11-26;4;0.0;20260927_1334_g103
5;2025-11-26;5;0.0;20260927_1334_g103
5;2025-11-26;6;0.0;20260927_1334_g103
5;2025-11-26;7;0.0;20260927_1334_g103
5;2025-11-26;8;0.0;20260927_1334_g103
5;2025-11-26;9;0.0;20260927_1334_g103
5;2025-11-26;10;0.0;20260927_1334_g103
5;2025-11-26;11;0.0;20260927_1334_g103
5;2025-11-26;12;0.0;20260927_1334_g103
5;2025-11-26;13;0.0;20260927_1334_g103
5;2025-11-26;14;0.0;20260927_1334_g103
5;2025-11-26;15;0.0;20260927_1334_g103
5;2025-11-26;16;0.0;20260927_1334_g103
5;2025-11-26;17;0.0;20260927_1334_g103
5;2025-11-26;18;0.0;20260927_1334_g103
5;2025-11-26;19;0.0;20260927_1334_g103
5;2025-11-26;20;0.0;20260927_1334_g103
5;2025-11-26;21;0.0;20260927_1334_g103
5;2025-11-26;22;0.0;20260927_1334_g103
5;2025-11-26;23;0.0;20260927_1334_g103
5;2025-11-27;0;0.0;20260927_1334_g103
5;2025-11-27;1;0.0;20260927_1334_g103
5;2025-11-27;2;0.0;20260927_1334_g103
5;2025-11-27;3;0.0;20260927_1334_g103
5;2025-11-27;4;0.0;20260927_1334_g103
5;2025-11-27;5;0.0;20260927_1334_g103
5;2025-11-27;6;0.0;20260927_1334_g103
5;2025-11-27;7;0.0;20260927_1334_g103
5;2025-11-27;8;0.0;20260927_1334_g103
5;2025-11-27;9;0.0;20260927_1334_g103
5;2025-11-27;10;0.0;20260927_1334_g103
5;2025-11-27;11;0.0;20260927_1334_g103
5;2025-11-27;12;0.0;20260927_1334_g103
5;2025-11-27;13;0.0;20260927_1334_g103
5;2025-11-27;14;0.0;20260927_1334_g103
5;2025-11-27;15;0.0;20260927_1334_g103
5;2025-11-27;16;0.0;20260927_1334_g103
5;2025-11-27;17;0.0;20260927_1334_g103
5;2025-11-27;18;0.0;20260927_1334_g103
5;2025-11-27;19;0.0;20260927_1334_g103
5;2025-11-27;20;0.0;20260927_1334_g103
5;2025-11-27;21;0.0;20260927_1334_g103
5;2025-11-27;22;0.0;20260927_1334_g103
5;2025-11-27;23;0.0;20260927_1334_g103
5;2025-11-28;0;0.0;20260927_1334_g103
5;2025-11-28;1;0.0;20260927_1334_g103
5;2025-11-28;2;0.0;20260927_1334_g103
5;2025-11-28;3;0.0;20260927_1334_g103
5;2025-11-28;4;0.0;20260927_1334_g103
5;2025-11-28;5;0.0;20260927_1334_g103
5;2025-11-28;6;0.0;20260927_1334_g103
5;2025-11-28;7;0.0;20260927_1334_g103
5;2025-11-28;8;0.0;20260927_1334_g103
5;2025-11-28;9;0.0;20260927_1334_g103
5;2025-11-28;10;0.0;20260927_1334_g103
5;2025-11-28;11;0.0;20260927_1334_g103
5;2025-11-28;12;0.0;20260927_1334_g103
5;2025-11-28;13;0.0;20260927_1334_g103
5;2025-11-28;14;0.0;20260927_1334_g103
5;2025-11-28;15;0.0;20260927_1334_g103
5;2025-11-28;16;0.0;20260927_1334_g103
5;2025-11-28;17;0.0;20260927_1334_g103
5;2025-11-28;18;0.0;20260927_1334_g103
5;2025-11-28;19;0.0;20260927_1334_g103
5;2025-11-28;20;0.0;20260927_1334_g103
5;2025-11-28;21;0.0;20260927_1334_g103
5;2025-11-28;22;0.0;20260927_1334_g103
5;2025-11-28;23;0.0;20260927_1334_g103
5;2025-11-29;0;0.0;20260927_1334_g103
5;2025-11-29;1;0.0;20260927_1334_g103
5;2025-11-29;2;0.0;20260927_1334_g103
5;2025-11-29;3;0.0;20260927_1334_g103
5;2025-11-29;4;0.0;20260927_1334_g103
5;2025-11-29;5;0.0;20260927_1334_g103
5;2025-11-29;6;0.0;20260927_1334_g103
5;2025-11-29;7;0.0;20260927_1334_g103
5;2025-11-29;8;0.0;20260927_1334_g103
5;2025-11-29;9;0.0;20260927_1334_g103
5;2025-11-29;10;0.0;20260927_1334_g103
5;2025-11-29;11;0.0;20260927_1334_g103
5;2025-11-29;12;0.0;20260927_1334_g103
5;2025-11-29;13;0.0;20260927_1334_g103
5;2025-11-29;14;0.0;20260927_1334_g103
5;2025-11-29;15;0.0;20260927_1334_g103
5;2025-11-29;16;0.0;20260927_1334_g103
5;2025-11-29;17;0.0;20260927_1334_g103
5;2025-11-29;18;0.0;20260927_1334_g103
5;2025-11-29;19;0.0;20260927_1334_g103
5;2025-11-29;20;0.0;20260927_1334_g103
5;2025-11-29;21;0.0;20260927_1334_g103
5;2025-11-29;22;0.0;20260927_1334_g103
5;2025-11-29;23;0.0;20260927_1334_g103
5;2025-11-30;0;0.0;20260927_1334_g103
5;2025-11-30;1;0.0;20260927_1334_g103
5;2025-11-30;2;0.0;20260927_1334_g103
5;2025-11-30;3;0.0;20260927_1334_g103
5;2025-11-30;4;0.0;20260927_1334_g103
5;2025-11-30;5;0.0;20260927_1334_g103
5;2025-11-30;6;0.0;20260927_1334_g103
5;2025-11-30;7;0.0;20260927_1334_g103
5;2025-11-30;8;0.0;20260927_1334_g103
5;2025-11-30;9;0.0;20260927_1334_g103
5;2025-11-30;10;0.0;20260927_1334_g103
5;2025-11-30;11;0.0;20260927_1334_g103
5;2025-11-30;12;0.0;20260927_1334_g103
5;2025-11-30;13;0.0;20260927_1334_g103
5;2025-11-30;14;0.0;20260927_1334_g103
5;2025-11-30;15;0.0;20260927_1334_g103
5;2025-11-30;16;0.0;20260927_1334_g103
5;2025-11-30;17;0.0;20260927_1334_g103
5;2025-11-30;18;0.0;20260927_1334_g103
5;2025-11-30;19;0.0;20260927_1334_g103
5;2025-11-30;20;0.0;20260927_1334_g103
5;2025-11-30;21;0.0;20260927_1334_g103
5;2025-11-30;22;0.0;20260927_1334_g103
5;2025-11-30;23;0.0;20260927_1334_g103
5;2025-12-01;0;0.0;20260927_1334_g103
5;2025-12-01;1;0.0;20260927_1334_g103
5;2025-12-01;2;0.0;20260927_1334_g103
5;2025-12-01;3;0.0;20260927_1334_g103
5;2025-12-01;4;0.0;20260927_1334_g103
5;2025-12-01;5;0.0;20260927_1334_g103
5;2025-12-01;6;0.0;20260927_1334_g103
5;2025-12-01;7;0.0;20260927_1334_g103
5;2025-12-01;8;0.0;20260927_1334_g103
5;2025-12-01;9;0.0;20260927_1334_g103
5;2025-12-01;10;0.0;20260927_1334_g103
5;2025-12-01;11;0.0;20260927_1334_g103
5;2025-12-01;12;0.0;20260927_1334_g103
5;2025-12-01;13;0.0;20260927_1334_g103
5;2025-12-01;14;0.0;20260927_1334_g103
5;2025-12-01;15;0.0;20260927_1334_g103
5;2025-12-01;16;0.0;20260927_1334_g103
5;2025-12-01;17;0.0;20260927_1334_g103
5;2025-12-01;18;0.0;20260927_1334_g103
5;2025-12-01;19;0.0;20260927_1334_g103
5;2025-12-01;20;0.0;20260927_1334_g103
5;2025-12-01;21;0.0;20260927_1334_g103
5;2025-12-01;22;0.0;20260927_1334_g103
5;2025-12-01;23;0.0;20260927_1334_g103
5;2025-12-02;0;0.0;20260927_1334_g103
5;2025-12-02;1;0.0;20260927_1334_g103
5;2025-12-02;2;0.0;20260927_1334_g103
5;2025-12-02;3;0.0;20260927_1334_g103
5;2025-12-02;4;0.0;20260927_1334_g103
5;2025-12-02;5;0.0;20260927_1334_g103
5;2025-12-02;6;0.0;20260927_1334_g103
5;2025-12-02;7;0.0;20260927_1334_g103
5;2025-12-02;8;0.0;20260927_1334_g103
5;2025-12-02;9;0.0;20260927_1334_g103
5;2025-12-02;10;0.0;20260927_1334_g103
5;2025-12-02;11;0.0;20260927_1334_g103
5;2025-12-02;12;0.0;20260927_1334_g103
5;2025-12-02;13;0.0;20260927_1334_g103
5;2025-12-02;14;0.0;20260927_1334_g103
5;2025-12-02;15;0.0;20260927_1334_g103
5;2025-12-02;16;0.0;20260927_1334_g103
5;2025-12-02;17;0.0;20260927_1334_g103
5;2025-12-02;18;0.0;20260927_1334_g103
5;2025-12-02;19;0.0;20260927_1334_g103
5;2025-12-02;20;0.0;20260927_1334_g103
5;2025-12-02;21;0.0;20260927_1334_g103
5;2025-12-02;22;0.0;20260927_1334_g103
5;2025-12-02;23;0.0;20260927_1334_g103
5;2025-12-03;0;0.0;20260927_1334_g103
5;2025-12-03;1;0.0;20260927_1334_g103
5;2025-12-03;2;0.0;20260927_1334_g103
5;2025-12-03;3;0.0;20260927_1334_g103
5;2025-12-03;4;0.0;20260927_1334_g103
5;2025-12-03;5;0.0;20260927_1334_g103
5;2025-12-03;6;0.0;20260927_1334_g103
5;2025-12-03;7;0.0;20260927_1334_g103
5;2025-12-03;8;0.0;20260927_1334_g103
5;2025-12-03;9;0.0;20260927_1334_g103
5;2025-12-03;10;0.0;20260927_1334_g103
5;2025-12-03;11;0.0;20260927_1334_g103
5;2025-12-03;12;0.0;20260927_1334_g103
5;2025-12-03;13;0.0;20260927_1334_g103
5;2025-12-03;14;0.0;20260927_1334_g103
5;2025-12-03;15;0.0;20260927_1334_g103
5;2025-12-03;16;0.0;20260927_1334_g103
5;2025-12-03;17;0.0;20260927_1334_g103
5;2025-12-03;18;0.0;20260927_1334_g103
5;2025-12-03;19;0.0;20260927_1334_g103
5;2025-12-03;20;0.0;20260927_1334_g103
5;2025-12-03;21;0.0;20260927_1334_g103
5;2025-12-03;22;0.0;20260927_1334_g103
5;2025-12-03;23;0.0;20260927_1334_g103
5;2025-12-04;0;0.0;20260927_1334_g103
5;2025-12-04;1;0.0;20260927_1334_g103
5;2025-12-04;2;0.0;20260927_1334_g103
5;2025-12-04;3;0.0;20260927_1334_g103
5;2025-12-04;4;0.0;20260927_1334_g103
5;2025-12-04;5;0.0;20260927_1334_g103
5;2025-12-04;6;0.0;20260927_1334_g103
5;2025-12-04;7;0.0;20260927_1334_g103
5;2025-12-04;8;0.0;20260927_1334_g103
5;2025-12-04;9;0.0;20260927_1334_g103
5;2025-12-04;10;0.0;20260927_1334_g103
5;2025-12-04;11;0.0;20260927_1334_g103
5;2025-12-04;12;0.0;20260927_1334_g103
5;2025-12-04;13;0.0;20260927_1334_g103
5;2025-12-04;14;0.0;20260927_1334_g103
5;2025-12-04;15;0.0;20260927_1334_g103
5;2025-12-04;16;0.0;20260927_1334_g103
5;2025-12-04;17;0.0;20260927_1334_g103
5;2025-12-04;18;0.0;20260927_1334_g103
5;2025-12-04;19;0.0;20260927_1334_g103
5;2025-12-04;20;0.0;20260927_1334_g103
5;2025-12-04;21;0.0;20260927_1334_g103
5;2025-12-04;22;0.0;20260927_1334_g103
5;2025-12-04;23;0.0;20260927_1334_g103
5;2025-12-05;0;0.0;20260927_1334_g103
5;2025-12-05;1;0.0;20260927_1334_g103
5;2025-12-05;2;0.0;20260927_1334_g103
5;2025-12-05;3;0.0;20260927_1334_g103
5;2025-12-05;4;0.0;20260927_1334_g103
5;2025-12-05;5;0.0;20260927_1334_g103
5;2025-12-05;6;0.0;20260927_1334_g103
5;2025-12-05;7;0.0;20260927_1334_g103
5;2025-12-05;8;0.0;20260927_1334_g103
5;2025-12-05;9;0.0;20260927_1334_g103
5;2025-12-05;10;0.0;20260927_1334_g103
5;2025-12-05;11;0.0;20260927_1334_g103
5;2025-12-05;12;0.0;20260927_1334_g103
5;2025-12-05;13;0.0;20260927_1334_g103
5;2025-12-05;14;0.0;20260927_1334_g103
5;2025-12-05;15;0.0;20260927_1334_g103
5;2025-12-05;16;0.0;20260927_1334_g103
5;2025-12-05;17;0.0;20260927_1334_g103
5;2025-12-05;18;0.0;20260927_1334_g103
5;2025-12-05;19;0.0;20260927_1334_g103
5;2025-12-05;20;0.0;20260927_1334_g103
5;2025-12-05;21;0.0;20260927_1334_g103
5;2025-12-05;22;0.0;20260927_1334_g103
5;2025-12-05;23;0.0;20260927_1334_g103
5;2025-12-06;0;0.0;20260927_1334_g103
5;2025-12-06;1;0.0;20260927_1334_g103
5;2025-12-06;2;0.0;20260927_1334_g103
5;2025-12-06;3;0.0;20260927_1334_g103
5;2025-12-06;4;0.0;20260927_1334_g103
5;2025-12-06;5;0.0;20260927_1334_g103
5;2025-12-06;6;0.0;20260927_1334_g103
5;2025-12-06;7;0.0;20260927_1334_g103
5;2025-12-06;8;0.0;20260927_1334_g103
5;2025-12-06;9;0.0;20260927_1334_g103
5;2025-12-06;10;0.0;20260927_1334_g103
5;2025-12-06;11;0.0;20260927_1334_g103
5;2025-12-06;12;0.0;20260927_1334_g103
5;2025-12-06;13;0.0;20260927_1334_g103
5;2025-12-06;14;0.0;20260927_1334_g103
5;2025-12-06;15;0.0;20260927_1334_g103
5;2025-12-06;16;0.0;20260927_1334_g103
5;2025-12-06;17;0.0;20260927_1334_g103
5;2025-12-06;18;0.0;20260927_1334_g103
5;2025-12-06;19;0.0;20260927_1334_g103
5;2025-12-06;20;0.0;20260927_1334_g103
5;2025-12-06;21;0.0;20260927_1334_g103
5;2025-12-06;22;0.0;20260927_1334_g103
5;2025-12-06;23;0.0;20260927_1334_g103
5;2025-12-07;0;0.0;20260927_1334_g103
5;2025-12-07;1;0.0;20260927_1334_g103
5;2025-12-07;2;0.0;20260927_1334_g103
5;2025-12-07;3;0.0;20260927_1334_g103
5;2025-12-07;4;0.0;20260927_1334_g103
5;2025-12-07;5;0.0;20260927_1334_g103
5;2025-12-07;6;0.0;20260927_1334_g103
5;2025-12-07;7;0.0;20260927_1334_g103
5;2025-12-07;8;0.0;20260927_1334_g103
5;2025-12-07;9;0.0;20260927_1334_g103
5;2025-12-07;10;0.0;20260927_1334_g103
5;2025-12-07;11;0.0;20260927_1334_g103
5;2025-12-07;12;0.0;20260927_1334_g103
5;2025-12-07;13;0.0;20260927_1334_g103
5;2025-12-07;14;0.0;20260927_1334_g103
5;2025-12-07;15;0.0;20260927_1334_g103
5;2025-12-07;16;0.0;20260927_1334_g103
5;2025-12-07;17;0.0;20260927_1334_g103
5;2025-12-07;18;0.0;20260927_1334_g103
5;2025-12-07;19;0.0;20260927_1334_g103
5;2025-12-07;20;0.0;20260927_1334_g103
5;2025-12-07;21;0.0;20260927_1334_g103
5;2025-12-07;22;0.0;20260927_1334_g103
5;2025-12-07;23;0.0;20260927_1334_g103
5;2025-12-08;0;0.0;20260927_1334_g103
5;2025-12-08;1;0.0;20260927_1334_g103
5;2025-12-08;2;0.0;20260927_1334_g103
5;2025-12-08;3;0.0;20260927_1334_g103
5;2025-12-08;4;0.0;20260927_1334_g103
5;2025-12-08;5;0.0;20260927_1334_g103
5;2025-12-08;6;0.0;20260927_1334_g103
5;2025-12-08;7;0.0;20260927_1334_g103
5;2025-12-08;8;0.0;20260927_1334_g103
5;2025-12-08;9;0.0;20260927_1334_g103
5;2025-12-08;10;0.0;20260927_1334_g103
5;2025-12-08;11;0.0;20260927_1334_g103
5;2025-12-08;12;0.0;20260927_1334_g103
5;2025-12-08;13;0.0;20260927_1334_g103
5;2025-12-08;14;0.0;20260927_1334_g103
5;2025-12-08;15;0.0;20260927_1334_g103
5;2025-12-08;16;0.0;20260927_1334_g103
5;2025-12-08;17;0.0;20260927_1334_g103
5;2025-12-08;18;0.0;20260927_1334_g103
5;2025-12-08;19;0.0;20260927_1334_g103
5;2025-12-08;20;0.0;20260927_1334_g103
5;2025-12-08;21;0.0;20260927_1334_g103
5;2025-12-08;22;0.0;20260927_1334_g103
5;2025-12-08;23;0.0;20260927_1334_g103
5;2025-12-09;0;0.0;20260927_1334_g103
5;2025-12-09;1;0.0;20260927_1334_g103
5;2025-12-09;2;0.0;20260927_1334_g103
5;2025-12-09;3;0.0;20260927_1334_g103
5;2025-12-09;4;0.0;20260927_1334_g103
5;2025-12-09;5;0.0;20260927_1334_g103
5;2025-12-09;6;0.0;20260927_1334_g103
5;2025-12-09;7;0.0;20260927_1334_g103
5;2025-12-09;8;0.0;20260927_1334_g103
5;2025-12-09;9;0.0;20260927_1334_g103
5;2025-12-09;10;0.0;20260927_1334_g103
5;2025-12-09;11;0.0;20260927_1334_g103
5;2025-12-09;12;0.0;20260927_1334_g103
5;2025-12-09;13;0.0;20260927_1334_g103
5;2025-12-09;14;0.0;20260927_1334_g103
5;2025-12-09;15;0.0;20260927_1334_g103
5;2025-12-09;16;0.0;20260927_1334_g103
5;2025-12-09;17;0.0;20260927_1334_g103
5;2025-12-09;18;0.0;20260927_1334_g103
5;2025-12-09;19;0.0;20260927_1334_g103
5;2025-12-09;20;0.0;20260927_1334_g103
5;2025-12-09;21;0.0;20260927_1334_g103
5;2025-12-09;22;0.0;20260927_1334_g103
5;2025-12-09;23;0.0;20260927_1334_g103
5;2025-12-10;0;0.0;20260927_1334_g103
5;2025-12-10;1;0.0;20260927_1334_g103
5;2025-12-10;2;0.0;20260927_1334_g103
5;2025-12-10;3;0.0;20260927_1334_g103
5;2025-12-10;4;0.0;20260927_1334_g103
5;2025-12-10;5;0.0;20260927_1334_g103
5;2025-12-10;6;0.0;20260927_1334_g103
5;2025-12-10;7;0.0;20260927_1334_g103
5;2025-12-10;8;0.0;20260927_1334_g103
5;2025-12-10;9;0.0;20260927_1334_g103
5;2025-12-10;10;0.0;20260927_1334_g103
5;2025-12-10;11;0.0;20260927_1334_g103
5;2025-12-10;12;0.0;20260927_1334_g103
5;2025-12-10;13;0.0;20260927_1334_g103
5;2025-12-10;14;0.0;20260927_1334_g103
5;2025-12-10;15;0.0;20260927_1334_g103
5;2025-12-10;16;0.0;20260927_1334_g103
5;2025-12-10;17;0.0;20260927_1334_g103
5;2025-12-10;18;0.0;20260927_1334_g103
5;2025-12-10;19;0.0;20260927_1334_g103
5;2025-12-10;20;0.0;20260927_1334_g103
5;2025-12-10;21;0.0;20260927_1334_g103
5;2025-12-10;22;0.0;20260927_1334_g103
5;2025-12-10;23;0.0;20260927_1334_g103
5;2025-12-11;0;0.0;20260927_1334_g103
5;2025-12-11;1;0.0;20260927_1334_g103
5;2025-12-11;2;0.0;20260927_1334_g103
5;2025-12-11;3;0.0;20260927_1334_g103
5;2025-12-11;4;0.0;20260927_1334_g103
5;2025-12-11;5;0.0;20260927_1334_g103
5;2025-12-11;6;0.0;20260927_1334_g103
5;2025-12-11;7;0.0;20260927_1334_g103
5;2025-12-11;8;0.0;20260927_1334_g103
5;2025-12-11;9;0.0;20260927_1334_g103
5;2025-12-11;10;0.0;20260927_1334_g103
5;2025-12-11;11;0.0;20260927_1334_g103
5;2025-12-11;12;0.0;20260927_1334_g103
5;2025-12-11;13;0.0;20260927_1334_g103
5;2025-12-11;14;0.0;20260927_1334_g103
5;2025-12-11;15;0.0;20260927_1334_g103
5;2025-12-11;16;0.0;20260927_1334_g103
5;2025-12-11;17;0.0;20260927_1334_g103
5;2025-12-11;18;0.0;20260927_1334_g103
5;2025-12-11;19;0.0;20260927_1334_g103
5;2025-12-11;20;0.0;20260927_1334_g103
5;2025-12-11;21;0.0;20260927_1334_g103
5;2025-12-11;22;0.0;20260927_1334_g103
5;2025-12-11;23;0.0;20260927_1334_g103
5;2025-12-12;0;0.0;20260927_1334_g103
5;2025-12-12;1;0.0;20260927_1334_g103
5;2025-12-12;2;0.0;20260927_1334_g103
5;2025-12-12;3;0.0;20260927_1334_g103
5;2025-12-12;4;0.0;20260927_1334_g103
5;2025-12-12;5;0.0;20260927_1334_g103
5;2025-12-12;6;0.0;20260927_1334_g103
5;2025-12-12;7;0.0;20260927_1334_g103
5;2025-12-12;8;0.0;20260927_1334_g103
5;2025-12-12;9;0.0;20260927_1334_g103
5;2025-12-12;10;0.0;20260927_1334_g103
5;2025-12-12;11;0.0;20260927_1334_g103
5;2025-12-12;12;0.0;20260927_1334_g103
5;2025-12-12;13;0.0;20260927_1334_g103
5;2025-12-12;14;0.0;20260927_1334_g103
5;2025-12-12;15;0.0;20260927_1334_g103
5;2025-12-12;16;0.0;20260927_1334_g103
5;2025-12-12;17;0.0;20260927_1334_g103
5;2025-12-12;18;0.0;20260927_1334_g103
5;2025-12-12;19;0.0;20260927_1334_g103
5;2025-12-12;20;0.0;20260927_1334_g103
5;2025-12-12;21;0.0;20260927_1334_g103
5;2025-12-12;22;0.0;20260927_1334_g103
5;2025-12-12;23;0.0;20260927_1334_g103
5;2025-12-13;0;0.0;20260927_1334_g103
5;2025-12-13;1;0.0;20260927_1334_g103
5;2025-12-13;2;0.0;20260927_1334_g103
5;2025-12-13;3;0.0;20260927_1334_g103
5;2025-12-13;4;0.0;20260927_1334_g103
5;2025-12-13;5;0.0;20260927_1334_g103
5;2025-12-13;6;0.0;20260927_1334_g103
5;2025-12-13;7;0.0;20260927_1334_g103
5;2025-12-13;8;0.0;20260927_1334_g103
5;2025-12-13;9;0.0;20260927_1334_g103
5;2025-12-13;10;0.0;20260927_1334_g103
5;2025-12-13;11;0.0;20260927_1334_g103
5;2025-12-13;12;0.0;20260927_1334_g103
5;2025-12-13;13;0.0;20260927_1334_g103
5;2025-12-13;14;0.0;20260927_1334_g103
5;2025-12-13;15;0.0;20260927_1334_g103
5;2025-12-13;16;0.0;20260927_1334_g103
5;2025-12-13;17;0.0;20260927_1334_g103
5;2025-12-13;18;0.0;20260927_1334_g103
5;2025-12-13;19;0.0;20260927_1334_g103
5;2025-12-13;20;0.0;20260927_1334_g103
5;2025-12-13;21;0.0;20260927_1334_g103
5;2025-12-13;22;0.0;20260927_1334_g103
5;2025-12-13;23;0.0;20260927_1334_g103
5;2025-12-14;0;0.0;20260927_1334_g103
5;2025-12-14;1;0.0;20260927_1334_g103
5;2025-12-14;2;0.0;20260927_1334_g103
5;2025-12-14;3;0.0;20260927_1334_g103
5;2025-12-14;4;0.0;20260927_1334_g103
5;2025-12-14;5;0.0;20260927_1334_g103
5;2025-12-14;6;0.0;20260927_1334_g103
5;2025-12-14;7;0.0;20260927_1334_g103
5;2025-12-14;8;0.0;20260927_1334_g103
5;2025-12-14;9;0.0;20260927_1334_g103
5;2025-12-14;10;0.0;20260927_1334_g103
5;2025-12-14;11;0.0;20260927_1334_g103
5;2025-12-14;12;0.0;20260927_1334_g103
5;2025-12-14;13;0.0;20260927_1334_g103
5;2025-12-14;14;0.0;20260927_1334_g103
5;2025-12-14;15;0.0;20260927_1334_g103
5;2025-12-14;16;0.0;20260927_1334_g103
5;2025-12-14;17;0.0;20260927_1334_g103
5;2025-12-14;18;0.0;20260927_1334_g103
5;2025-12-14;19;0.0;20260927_1334_g103
5;2025-12-14;20;0.0;20260927_1334_g103
5;2025-12-14;21;0.0;20260927_1334_g103
5;2025-12-14;22;0.0;20260927_1334_g103
5;2025-12-14;23;0.0;20260927_1334_g103
5;2025-12-15;0;0.0;20260927_1334_g103
5;2025-12-15;1;0.0;20260927_1334_g103
5;2025-12-15;2;0.0;20260927_1334_g103
5;2025-12-15;3;0.0;20260927_1334_g103
5;2025-12-15;4;0.0;20260927_1334_g103
5;2025-12-15;5;0.0;20260927_1334_g103
5;2025-12-15;6;0.0;20260927_1334_g103
5;2025-12-15;7;0.0;20260927_1334_g103
5;2025-12-15;8;0.0;20260927_1334_g103
5;2025-12-15;9;0.0;20260927_1334_g103
5;2025-12-15;10;0.0;20260927_1334_g103
5;2025-12-15;11;0.0;20260927_1334_g103
5;2025-12-15;12;0.0;20260927_1334_g103
5;2025-12-15;13;0.0;20260927_1334_g103
5;2025-12-15;14;0.0;20260927_1334_g103
5;2025-12-15;15;0.0;20260927_1334_g103
5;2025-12-15;16;0.0;20260927_1334_g103
5;2025-12-15;17;0.0;20260927_1334_g103
5;2025-12-15;18;0.0;20260927_1334_g103
5;2025-12-15;19;0.0;20260927_1334_g103
5;2025-12-15;20;0.0;20260927_1334_g103
5;2025-12-15;21;0.0;20260927_1334_g103
5;2025-12-15;22;0.0;20260927_1334_g103
5;2025-12-15;23;0.0;20260927_1334_g103
5;2025-12-16;0;0.0;20260927_1334_g103
5;2025-12-16;1;0.0;20260927_1334_g103
5;2025-12-16;2;0.0;20260927_1334_g103
5;2025-12-16;3;0.0;20260927_1334_g103
5;2025-12-16;4;0.0;20260927_1334_g103
5;2025-12-16;5;0.0;20260927_1334_g103
5;2025-12-16;6;0.0;20260927_1334_g103
5;2025-12-16;7;0.0;20260927_1334_g103
5;2025-12-16;8;0.0;20260927_1334_g103
5;2025-12-16;9;0.0;20260927_1334_g103
5;2025-12-16;10;0.0;20260927_1334_g103
5;2025-12-16;11;0.0;20260927_1334_g103
5;2025-12-16;12;0.0;20260927_1334_g103
5;2025-12-16;13;0.0;20260927_1334_g103
5;2025-12-16;14;0.0;20260927_1334_g103
5;2025-12-16;15;0.0;20260927_1334_g103
5;2025-12-16;16;0.0;20260927_1334_g103
5;2025-12-16;17;0.0;20260927_1334_g103
5;2025-12-16;18;0.0;20260927_1334_g103
5;2025-12-16;19;0.0;20260927_1334_g103
5;2025-12-16;20;0.0;20260927_1334_g103
5;2025-12-16;21;0.0;20260927_1334_g103
5;2025-12-16;22;0.0;20260927_1334_g103
5;2025-12-16;23;0.0;20260927_1334_g103
5;2025-12-17;0;0.0;20260927_1334_g103
5;2025-12-17;1;0.0;20260927_1334_g103
5;2025-12-17;2;0.0;20260927_1334_g103
5;2025-12-17;3;0.0;20260927_1334_g103
5;2025-12-17;4;0.0;20260927_1334_g103
5;2025-12-17;5;0.0;20260927_1334_g103
5;2025-12-17;6;0.0;20260927_1334_g103
5;2025-12-17;7;0.0;20260927_1334_g103
5;2025-12-17;8;0.0;20260927_1334_g103
5;2025-12-17;9;0.0;20260927_1334_g103
5;2025-12-17;10;0.0;20260927_1334_g103
5;2025-12-17;11;0.0;20260927_1334_g103
5;2025-12-17;12;0.0;20260927_1334_g103
5;2025-12-17;13;0.0;20260927_1334_g103
5;2025-12-17;14;0.0;20260927_1334_g103
5;2025-12-17;15;0.0;20260927_1334_g103
5;2025-12-17;16;0.0;20260927_1334_g103
5;2025-12-17;17;0.0;20260927_1334_g103
5;2025-12-17;18;0.0;20260927_1334_g103
5;2025-12-17;19;0.0;20260927_1334_g103
5;2025-12-17;20;0.0;20260927_1334_g103
5;2025-12-17;21;0.0;20260927_1334_g103
5;2025-12-17;22;0.0;20260927_1334_g103
5;2025-12-17;23;0.0;20260927_1334_g103
5;2025-12-18;0;0.0;20260927_1334_g103
5;2025-12-18;1;0.0;20260927_1334_g103
5;2025-12-18;2;0.0;20260927_1334_g103
5;2025-12-18;3;0.0;20260927_1334_g103
5;2025-12-18;4;0.0;20260927_1334_g103
5;2025-12-18;5;0.0;20260927_1334_g103
5;2025-12-18;6;0.0;20260927_1334_g103
5;2025-12-18;7;0.0;20260927_1334_g103
5;2025-12-18;8;0.0;20260927_1334_g103
5;2025-12-18;9;0.0;20260927_1334_g103
5;2025-12-18;10;0.0;20260927_1334_g103
5;2025-12-18;11;0.0;20260927_1334_g103
5;2025-12-18;12;0.0;20260927_1334_g103
5;2025-12-18;13;0.0;20260927_1334_g103
5;2025-12-18;14;0.0;20260927_1334_g103
5;2025-12-18;15;0.0;20260927_1334_g103
5;2025-12-18;16;0.0;20260927_1334_g103
5;2025-12-18;17;0.0;20260927_1334_g103
5;2025-12-18;18;0.0;20260927_1334_g103
5;2025-12-18;19;0.0;20260927_1334_g103
5;2025-12-18;20;0.0;20260927_1334_g103
5;2025-12-18;21;0.0;20260927_1334_g103
5;2025-12-18;22;0.0;20260927_1334_g103
5;2025-12-18;23;0.0;20260927_1334_g103
5;2025-12-19;0;0.0;20260927_1334_g103
5;2025-12-19;1;0.0;20260927_1334_g103
5;2025-12-19;2;0.0;20260927_1334_g103
5;2025-12-19;3;0.0;20260927_1334_g103
5;2025-12-19;4;0.0;20260927_1334_g103
5;2025-12-19;5;0.0;20260927_1334_g103
5;2025-12-19;6;0.0;20260927_1334_g103
5;2025-12-19;7;0.0;20260927_1334_g103
5;2025-12-19;8;0.0;20260927_1334_g103
5;2025-12-19;9;0.0;20260927_1334_g103
5;2025-12-19;10;0.0;20260927_1334_g103
5;2025-12-19;11;0.0;20260927_1334_g103
5;2025-12-19;12;0.0;20260927_1334_g103
5;2025-12-19;13;0.0;20260927_1334_g103
5;2025-12-19;14;0.0;20260927_1334_g103
5;2025-12-19;15;0.0;20260927_1334_g103
5;2025-12-19;16;0.0;20260927_1334_g103
5;2025-12-19;17;0.0;20260927_1334_g103
5;2025-12-19;18;0.0;20260927_1334_g103
5;2025-12-19;19;0.0;20260927_1334_g103
5;2025-12-19;20;0.0;20260927_1334_g103
5;2025-12-19;21;0.0;20260927_1334_g103
5;2025-12-19;22;0.0;20260927_1334_g103
5;2025-12-19;23;0.0;20260927_1334_g103
5;2025-12-20;0;0.0;20260927_1334_g103
5;2025-12-20;1;0.0;20260927_1334_g103
5;2025-12-20;2;0.0;20260927_1334_g103
5;2025-12-20;3;0.0;20260927_1334_g103
5;2025-12-20;4;0.0;20260927_1334_g103
5;2025-12-20;5;0.0;20260927_1334_g103
5;2025-12-20;6;0.0;20260927_1334_g103
5;2025-12-20;7;0.0;20260927_1334_g103
5;2025-12-20;8;0.0;20260927_1334_g103
5;2025-12-20;9;0.0;20260927_1334_g103
5;2025-12-20;10;0.0;20260927_1334_g103
5;2025-12-20;11;0.0;20260927_1334_g103
5;2025-12-20;12;0.0;20260927_1334_g103
5;2025-12-20;13;0.0;20260927_1334_g103
5;2025-12-20;14;0.0;20260927_1334_g103
5;2025-12-20;15;0.0;20260927_1334_g103
5;2025-12-20;16;0.0;20260927_1334_g103
5;2025-12-20;17;0.0;20260927_1334_g103
5;2025-12-20;18;0.0;20260927_1334_g103
5;2025-12-20;19;0.0;20260927_1334_g103
5;2025-12-20;20;0.0;20260927_1334_g103
5;2025-12-20;21;0.0;20260927_1334_g103
5;2025-12-20;22;0.0;20260927_1334_g103
5;2025-12-20;23;0.0;20260927_1334_g103
5;2025-12-21;0;0.0;20260927_1334_g103
5;2025-12-21;1;0.0;20260927_1334_g103
5;2025-12-21;2;0.0;20260927_1334_g103
5;2025-12-21;3;0.0;20260927_1334_g103
5;2025-12-21;4;0.0;20260927_1334_g103
5;2025-12-21;5;0.0;20260927_1334_g103
5;2025-12-21;6;0.0;20260927_1334_g103
5;2025-12-21;7;0.0;20260927_1334_g103
5;2025-12-21;8;0.0;20260927_1334_g103
5;2025-12-21;9;0.0;20260927_1334_g103
5;2025-12-21;10;0.0;20260927_1334_g103
5;2025-12-21;11;0.0;20260927_1334_g103
5;2025-12-21;12;0.0;20260927_1334_g103
5;2025-12-21;13;0.0;20260927_1334_g103
5;2025-12-21;14;0.0;20260927_1334_g103
5;2025-12-21;15;0.0;20260927_1334_g103
5;2025-12-21;16;0.0;20260927_1334_g103
5;2025-12-21;17;0.0;20260927_1334_g103
5;2025-12-21;18;0.0;20260927_1334_g103
5;2025-12-21;19;0.0;20260927_1334_g103
5;2025-12-21;20;0.0;20260927_1334_g103
5;2025-12-21;21;0.0;20260927_1334_g103
5;2025-12-21;22;0.0;20260927_1334_g103
5;2025-12-21;23;0.0;20260927_1334_g103
5;2025-12-22;0;0.0;20260927_1334_g103
5;2025-12-22;1;0.0;20260927_1334_g103
5;2025-12-22;2;0.0;20260927_1334_g103
5;2025-12-22;3;0.0;20260927_1334_g103
5;2025-12-22;4;0.0;20260927_1334_g103
5;2025-12-22;5;0.0;20260927_1334_g103
5;2025-12-22;6;0.0;20260927_1334_g103
5;2025-12-22;7;0.0;20260927_1334_g103
5;2025-12-22;8;0.0;20260927_1334_g103
5;2025-12-22;9;0.0;20260927_1334_g103
5;2025-12-22;10;0.0;20260927_1334_g103
5;2025-12-22;11;0.0;20260927_1334_g103
5;2025-12-22;12;0.0;20260927_1334_g103
5;2025-12-22;13;0.0;20260927_1334_g103
5;2025-12-22;14;0.0;20260927_1334_g103
5;2025-12-22;15;0.0;20260927_1334_g103
5;2025-12-22;16;0.0;20260927_1334_g103
5;2025-12-22;17;0.0;20260927_1334_g103
5;2025-12-22;18;0.0;20260927_1334_g103
5;2025-12-22;19;0.0;20260927_1334_g103
5;2025-12-22;20;0.0;20260927_1334_g103
5;2025-12-22;21;0.0;20260927_1334_g103
5;2025-12-22;22;0.0;20260927_1334_g103
5;2025-12-22;23;0.0;20260927_1334_g103
5;2025-12-23;0;0.0;20260927_1334_g103
5;2025-12-23;1;0.0;20260927_1334_g103
5;2025-12-23;2;0.0;20260927_1334_g103
5;2025-12-23;3;0.0;20260927_1334_g103
5;2025-12-23;4;0.0;20260927_1334_g103
5;2025-12-23;5;0.0;20260927_1334_g103
5;2025-12-23;6;0.0;20260927_1334_g103
5;2025-12-23;7;0.0;20260927_1334_g103
5;2025-12-23;8;0.0;20260927_1334_g103
5;2025-12-23;9;0.0;20260927_1334_g103
5;2025-12-23;10;0.0;20260927_1334_g103
5;2025-12-23;11;0.0;20260927_1334_g103
5;2025-12-23;12;0.0;20260927_1334_g103
5;2025-12-23;13;0.0;20260927_1334_g103
5;2025-12-23;14;0.0;20260927_1334_g103
5;2025-12-23;15;0.0;20260927_1334_g103
5;2025-12-23;16;0.0;20260927_1334_g103
5;2025-12-23;17;0.0;20260927_1334_g103
5;2025-12-23;18;0.0;20260927_1334_g103
5;2025-12-23;19;0.0;20260927_1334_g103
5;2025-12-23;20;0.0;20260927_1334_g103
5;2025-12-23;21;0.0;20260927_1334_g103
5;2025-12-23;22;0.0;20260927_1334_g103
5;2025-12-23;23;0.0;20260927_1334_g103
5;2025-12-24;0;0.0;20260927_1334_g103
5;2025-12-24;1;0.0;20260927_1334_g103
5;2025-12-24;2;0.0;20260927_1334_g103
5;2025-12-24;3;0.0;20260927_1334_g103
5;2025-12-24;4;0.0;20260927_1334_g103
5;2025-12-24;5;0.0;20260927_1334_g103
5;2025-12-24;6;0.0;20260927_1334_g103
5;2025-12-24;7;0.0;20260927_1334_g103
5;2025-12-24;8;0.0;20260927_1334_g103
5;2025-12-24;9;0.0;20260927_1334_g103
5;2025-12-24;10;0.0;20260927_1334_g103
5;2025-12-24;11;0.0;20260927_1334_g103
5;2025-12-24;12;0.0;20260927_1334_g103
5;2025-12-24;13;0.0;20260927_1334_g103
5;2025-12-24;14;0.0;20260927_1334_g103
5;2025-12-24;15;0.0;20260927_1334_g103
5;2025-12-24;16;0.0;20260927_1334_g103
5;2025-12-24;17;0.0;20260927_1334_g103
5;2025-12-24;18;0.0;20260927_1334_g103
5;2025-12-24;19;0.0;20260927_1334_g103
5;2025-12-24;20;0.0;20260927_1334_g103
5;2025-12-24;21;0.0;20260927_1334_g103
5;2025-12-24;22;0.0;20260927_1334_g103
5;2025-12-24;23;0.0;20260927_1334_g103
5;2025-12-25;0;0.0;20260927_1334_g103
5;2025-12-25;1;0.0;20260927_1334_g103
5;2025-12-25;2;0.0;20260927_1334_g103
5;2025-12-25;3;0.0;20260927_1334_g103
5;2025-12-25;4;0.0;20260927_1334_g103
5;2025-12-25;5;0.0;20260927_1334_g103
5;2025-12-25;6;0.0;20260927_1334_g103
5;2025-12-25;7;0.0;20260927_1334_g103
5;2025-12-25;8;0.0;20260927_1334_g103
5;2025-12-25;9;0.0;20260927_1334_g103
5;2025-12-25;10;0.0;20260927_1334_g103
5;2025-12-25;11;0.0;20260927_1334_g103
5;2025-12-25;12;0.0;20260927_1334_g103
5;2025-12-25;13;0.0;20260927_1334_g103
5;2025-12-25;14;0.0;20260927_1334_g103
5;2025-12-25;15;0.0;20260927_1334_g103
5;2025-12-25;16;0.0;20260927_1334_g103
5;2025-12-25;17;0.0;20260927_1334_g103
5;2025-12-25;18;0.0;20260927_1334_g103
5;2025-12-25;19;0.0;20260927_1334_g103
5;2025-12-25;20;0.0;20260927_1334_g103
5;2025-12-25;21;0.0;20260927_1334_g103
5;2025-12-25;22;0.0;20260927_1334_g103
5;2025-12-25;23;0.0;20260927_1334_g103
5;2025-12-26;0;0.0;20260927_1334_g103
5;2025-12-26;1;0.0;20260927_1334_g103
5;2025-12-26;2;0.0;20260927_1334_g103
5;2025-12-26;3;0.0;20260927_1334_g103
5;2025-12-26;4;0.0;20260927_1334_g103
5;2025-12-26;5;0.0;20260927_1334_g103
5;2025-12-26;6;0.0;20260927_1334_g103
5;2025-12-26;7;0.0;20260927_1334_g103
5;2025-12-26;8;0.0;20260927_1334_g103
5;2025-12-26;9;0.0;20260927_1334_g103
5;2025-12-26;10;0.0;20260927_1334_g103
5;2025-12-26;11;0.0;20260927_1334_g103
5;2025-12-26;12;0.0;20260927_1334_g103
5;2025-12-26;13;0.0;20260927_1334_g103
5;2025-12-26;14;0.0;20260927_1334_g103
5;2025-12-26;15;0.0;20260927_1334_g103
5;2025-12-26;16;0.0;20260927_1334_g103
5;2025-12-26;17;0.0;20260927_1334_g103
5;2025-12-26;18;0.0;20260927_1334_g103
5;2025-12-26;19;0.0;20260927_1334_g103
5;2025-12-26;20;0.0;20260927_1334_g103
5;2025-12-26;21;0.0;20260927_1334_g103
5;2025-12-26;22;0.0;20260927_1334_g103
5;2025-12-26;23;0.0;20260927_1334_g103
5;2025-12-27;0;0.0;20260927_1334_g103
5;2025-12-27;1;0.0;20260927_1334_g103
5;2025-12-27;2;0.0;20260927_1334_g103
5;2025-12-27;3;0.0;20260927_1334_g103
5;2025-12-27;4;0.0;20260927_1334_g103
5;2025-12-27;5;0.0;20260927_1334_g103
5;2025-12-27;6;0.0;20260927_1334_g103
5;2025-12-27;7;0.0;20260927_1334_g103
5;2025-12-27;8;0.0;20260927_1334_g103
5;2025-12-27;9;0.0;20260927_1334_g103
5;2025-12-27;10;0.0;20260927_1334_g103
5;2025-12-27;11;0.0;20260927_1334_g103
5;2025-12-27;12;0.0;20260927_1334_g103
5;2025-12-27;13;0.0;20260927_1334_g103
5;2025-12-27;14;0.0;20260927_1334_g103
5;2025-12-27;15;0.0;20260927_1334_g103
5;2025-12-27;16;0.0;20260927_1334_g103
5;2025-12-27;17;0.0;20260927_1334_g103
5;2025-12-27;18;0.0;20260927_1334_g103
5;2025-12-27;19;0.0;20260927_1334_g103
5;2025-12-27;20;0.0;20260927_1334_g103
5;2025-12-27;21;0.0;20260927_1334_g103
5;2025-12-27;22;0.0;20260927_1334_g103
5;2025-12-27;23;0.0;20260927_1334_g103
5;2025-12-28;0;0.0;20260927_1334_g103
5;2025-12-28;1;0.0;20260927_1334_g103
5;2025-12-28;2;0.0;20260927_1334_g103
5;2025-12-28;3;0.0;20260927_1334_g103
5;2025-12-28;4;0.0;20260927_1334_g103
5;2025-12-28;5;0.0;20260927_1334_g103
5;2025-12-28;6;0.0;20260927_1334_g103
5;2025-12-28;7;0.0;20260927_1334_g103
5;2025-12-28;8;0.0;20260927_1334_g103
5;2025-12-28;9;0.0;20260927_1334_g103
5;2025-12-28;10;0.0;20260927_1334_g103
5;2025-12-28;11;0.0;20260927_1334_g103
5;2025-12-28;12;0.0;20260927_1334_g103
5;2025-12-28;13;0.0;20260927_1334_g103
5;2025-12-28;14;0.0;20260927_1334_g103
5;2025-12-28;15;0.0;20260927_1334_g103
5;2025-12-28;16;0.0;20260927_1334_g103
5;2025-12-28;17;0.0;20260927_1334_g103
5;2025-12-28;18;0.0;20260927_1334_g103
5;2025-12-28;19;0.0;20260927_1334_g103
5;2025-12-28;20;0.0;20260927_1334_g103
5;2025-12-28;21;0.0;20260927_1334_g103
5;2025-12-28;22;0.0;20260927_1334_g103
5;2025-12-28;23;0.0;20260927_1334_g103
5;2025-12-29;0;0.0;20260927_1334_g103
5;2025-12-29;1;0.0;20260927_1334_g103
5;2025-12-29;2;0.0;20260927_1334_g103
5;2025-12-29;3;0.0;20260927_1334_g103
5;2025-12-29;4;0.0;20260927_1334_g103
5;2025-12-29;5;0.0;20260927_1334_g103
5;2025-12-29;6;0.0;20260927_1334_g103
5;2025-12-29;7;0.0;20260927_1334_g103
5;2025-12-29;8;0.0;20260927_1334_g103
5;2025-12-29;9;0.0;20260927_1334_g103
5;2025-12-29;10;0.0;20260927_1334_g103
5;2025-12-29;11;0.0;20260927_1334_g103
5;2025-12-29;12;0.0;20260927_1334_g103
5;2025-12-29;13;0.0;20260927_1334_g103
5;2025-12-29;14;0.0;20260927_1334_g103
5;2025-12-29;15;0.0;20260927_1334_g103
5;2025-12-29;16;0.0;20260927_1334_g103
5;2025-12-29;17;0.0;20260927_1334_g103
5;2025-12-29;18;0.0;20260927_1334_g103
5;2025-12-29;19;0.0;20260927_1334_g103
5;2025-12-29;20;0.0;20260927_1334_g103
5;2025-12-29;21;0.0;20260927_1334_g103
5;2025-12-29;22;0.0;20260927_1334_g103
5;2025-12-29;23;0.0;20260927_1334_g103
5;2025-12-30;0;0.0;20260927_1334_g103
5;2025-12-30;1;0.0;20260927_1334_g103
5;2025-12-30;2;0.0;20260927_1334_g103
5;2025-12-30;3;0.0;20260927_1334_g103
5;2025-12-30;4;0.0;20260927_1334_g103
5;2025-12-30;5;0.0;20260927_1334_g103
5;2025-12-30;6;0.0;20260927_1334_g103
5;2025-12-30;7;0.0;20260927_1334_g103
5;2025-12-30;8;0.0;20260927_1334_g103
5;2025-12-30;9;0.0;20260927_1334_g103
5;2025-12-30;10;0.0;20260927_1334_g103
5;2025-12-30;11;0.0;20260927_1334_g103
5;2025-12-30;12;0.0;20260927_1334_g103
5;2025-12-30;13;0.0;20260927_1334_g103
5;2025-12-30;14;0.0;20260927_1334_g103
5;2025-12-30;15;0.0;20260927_1334_g103
5;2025-12-30;16;0.0;20260927_1334_g103
5;2025-12-30;17;0.0;20260927_1334_g103
5;2025-12-30;18;0.0;20260927_1334_g103
5;2025-12-30;19;0.0;20260927_1334_g103
5;2025-12-30;20;0.0;20260927_1334_g103
5;2025-12-30;21;0.0;20260927_1334_g103
5;2025-12-30;22;0.0;20260927_1334_g103
5;2025-12-30;23;0.0;20260927_1334_g103
5;2025-12-31;0;0.0;20260927_1334_g103
5;2025-12-31;1;0.0;20260927_1334_g103
5;2025-12-31;2;0.0;20260927_1334_g103
5;2025-12-31;3;0.0;20260927_1334_g103
5;2025-12-31;4;0.0;20260927_1334_g103
5;2025-12-31;5;0.0;20260927_1334_g103
5;2025-12-31;6;0.0;20260927_1334_g103
5;2025-12-31;7;0.0;20260927_1334_g103
5;2025-12-31;8;0.0;20260927_1334_g103
5;2025-12-31;9;0.0;20260927_1334_g103
5;2025-12-31;10;0.0;20260927_1334_g103
5;2025-12-31;11;0.0;20260927_1334_g103
5;2025-12-31;12;0.0;20260927_1334_g103
5;2025-12-31;13;0.0;20260927_1334_g103
5;2025-12-31;14;0.0;20260927_1334_g103
5;2025-12-31;15;0.0;20260927_1334_g103
5;2025-12-31;16;0.0;20260927_1334_g103
5;2025-12-31;17;0.0;20260927_1334_g103
5;2025-12-31;18;0.0;20260927_1334_g103
5;2025-12-31;19;0.0;20260927_1334_g103
5;2025-12-31;20;0.0;20260927_1334_g103
5;2025-12-31;21;0.0;20260927_1334_g103
5;2025-12-31;22;0.0;20260927_1334_g103
5;2025-12-31;23;0.0;20260927_1334_g103
7;2025-11-01;0;58.73969103287619;20260927_1334_g103
7;2025-11-01;1;11.210679601995446;20260927_1334_g103
7;2025-11-01;2;0.0;20260927_1334_g103
7;2025-11-01;3;0.0;20260927_1334_g103
7;2025-11-01;4;1.4619044527799832;20260927_1334_g103
7;2025-11-01;5;147.49518942666074;20260927_1334_g103
7;2025-11-01;6;525.0339341143629;20260927_1334_g103
7;2025-11-01;7;1279.0639743352306;20260927_1334_g103
7;2025-11-01;8;1991.5593771564725;20260927_1334_g103
7;2025-11-01;9;1417.8688681231476;20260927_1334_g103
7;2025-11-01;10;1416.4191217404468;20260927_1334_g103
7;2025-11-01;11;1300.2453244770143;20260927_1334_g103
7;2025-11-01;12;1412.661270505495;20260927_1334_g103
7;2025-11-01;13;1356.272540790511;20260927_1334_g103
7;2025-11-01;14;1425.9823720208924;20260927_1334_g103
7;2025-11-01;15;1522.9909883265207;20260927_1334_g103
7;2025-11-01;16;1547.4613456884053;20260927_1334_g103
7;2025-11-01;17;1971.6235500091784;20260927_1334_g103
7;2025-11-01;18;2209.6291128127746;20260927_1334_g103
7;2025-11-01;19;1459.3626592671947;20260927_1334_g103
7;2025-11-01;20;929.0253327114905;20260927_1334_g103
7;2025-11-01;21;535.9209305007873;20260927_1334_g103
7;2025-11-01;22;238.53643919659223;20260927_1334_g103
7;2025-11-01;23;150.53113469687327;20260927_1334_g103
7;2025-11-02;0;85.28726824258555;20260927_1334_g103
7;2025-11-02;1;15.706259699003741;20260927_1334_g103
7;2025-11-02;2;0.0;20260927_1334_g103
7;2025-11-02;3;0.0;20260927_1334_g103
7;2025-11-02;4;0.15299208085989807;20260927_1334_g103
7;2025-11-02;5;27.369163356800062;20260927_1334_g103
7;2025-11-02;6;126.35469934383723;20260927_1334_g103
7;2025-11-02;7;202.21615831455478;20260927_1334_g103
7;2025-11-02;8;381.4580501121249;20260927_1334_g103
7;2025-11-02;9;485.41770277802556;20260927_1334_g103
7;2025-11-02;10;418.70320801808646;20260927_1334_g103
7;2025-11-02;11;544.9358842062322;20260927_1334_g103
7;2025-11-02;12;614.5904648321409;20260927_1334_g103
7;2025-11-02;13;655.3256141431627;20260927_1334_g103
7;2025-11-02;14;684.9080609111475;20260927_1334_g103
7;2025-11-02;15;691.4808415768753;20260927_1334_g103
7;2025-11-02;16;589.5384577316379;20260927_1334_g103
7;2025-11-02;17;632.3238404181501;20260927_1334_g103
7;2025-11-02;18;619.9021584092817;20260927_1334_g103
7;2025-11-02;19;487.23955775423553;20260927_1334_g103
7;2025-11-02;20;419.32403413840854;20260927_1334_g103
7;2025-11-02;21;319.7873418802199;20260927_1334_g103
7;2025-11-02;22;161.99553305467245;20260927_1334_g103
7;2025-11-02;23;118.64297705496116;20260927_1334_g103
7;2025-11-03;0;74.88504602270663;20260927_1334_g103
7;2025-11-03;1;14.435521393341634;20260927_1334_g103
7;2025-11-03;2;0.0;20260927_1334_g103
7;2025-11-03;3;0.0;20260927_1334_g103
7;2025-11-03;4;0.15308703942683058;20260927_1334_g103
7;2025-11-03;5;29.09048592491183;20260927_1334_g103
7;2025-11-03;6;134.62842703738244;20260927_1334_g103
7;2025-11-03;7;228.55278958644612;20260927_1334_g103
7;2025-11-03;8;393.6803904367076;20260927_1334_g103
7;2025-11-03;9;481.55565841063736;20260927_1334_g103
7;2025-11-03;10;429.62397478696477;20260927_1334_g103
7;2025-11-03;11;531.1118438806536;20260927_1334_g103
7;2025-11-03;12;592.2997686830547;20260927_1334_g103
7;2025-11-03;13;637.7322787057825;20260927_1334_g103
7;2025-11-03;14;664.8661327246299;20260927_1334_g103
7;2025-11-03;15;660.0878122736947;20260927_1334_g103
7;2025-11-03;16;576.8068724418181;20260927_1334_g103
7;2025-11-03;17;629.2369783593822;20260927_1334_g103
7;2025-11-03;18;600.0328305137165;20260927_1334_g103
7;2025-11-03;19;504.75537256888873;20260927_1334_g103
7;2025-11-03;20;436.5350443763516;20260927_1334_g103
7;2025-11-03;21;333.7722896913644;20260927_1334_g103
7;2025-11-03;22;174.20108899045064;20260927_1334_g103
7;2025-11-03;23;118.35213891260368;20260927_1334_g103
7;2025-11-04;0;73.91686875792807;20260927_1334_g103
7;2025-11-04;1;14.7835028159804;20260927_1334_g103
7;2025-11-04;2;0.0;20260927_1334_g103
7;2025-11-04;3;0.0;20260927_1334_g103
7;2025-11-04;4;0.15308703942683058;20260927_1334_g103
7;2025-11-04;5;29.2034743858152;20260927_1334_g103
7;2025-11-04;6;136.91324217935298;20260927_1334_g103
7;2025-11-04;7;229.47608909798132;20260927_1334_g103
7;2025-11-04;8;395.3590758159519;20260927_1334_g103
7;2025-11-04;9;491.8118729276856;20260927_1334_g103
7;2025-11-04;10;431.8640286023038;20260927_1334_g103
7;2025-11-04;11;532.5499786797814;20260927_1334_g103
7;2025-11-04;12;603.1962091670537;20260927_1334_g103
7;2025-11-04;13;636.9160889323665;20260927_1334_g103
7;2025-11-04;14;659.5139890199254;20260927_1334_g103
7;2025-11-04;15;671.7194238495522;20260927_1334_g103
7;2025-11-04;16;576.5728512365375;20260927_1334_g103
7;2025-11-04;17;626.5703669843238;20260927_1334_g103
7;2025-11-04;18;599.1828873308152;20260927_1334_g103
7;2025-11-04;19;505.8254475105302;20260927_1334_g103
7;2025-11-04;20;442.261832687636;20260927_1334_g103
7;2025-11-04;21;336.36893608857974;20260927_1334_g103
7;2025-11-04;22;178.2374093547406;20260927_1334_g103
7;2025-11-04;23;121.30734824773242;20260927_1334_g103
7;2025-11-05;0;61.17629142777708;20260927_1334_g103
7;2025-11-05;1;11.511771803879396;20260927_1334_g103
7;2025-11-05;2;0.0;20260927_1334_g103
7;2025-11-05;3;0.0;20260927_1334_g103
7;2025-11-05;4;1.7633839699010503;20260927_1334_g103
7;2025-11-05;5;192.78616082664402;20260927_1334_g103
7;2025-11-05;6;641.8823028419752;20260927_1334_g103
7;2025-11-05;7;1649.5590507384152;20260927_1334_g103
7;2025-11-05;8;2528.525630363169;20260927_1334_g103
7;2025-11-05;9;1838.5908299695504;20260927_1334_g103
7;2025-11-05;10;1732.3551296682422;20260927_1334_g103
7;2025-11-05;11;1597.81803434577;20260927_1334_g103
7;2025-11-05;12;1734.354586827659;20260927_1334_g103
7;2025-11-05;13;1644.8338648592187;20260927_1334_g103
7;2025-11-05;14;1730.2647700274429;20260927_1334_g103
7;2025-11-05;15;1844.9232817275902;20260927_1334_g103
7;2025-11-05;16;1878.602482882969;20260927_1334_g103
7;2025-11-05;17;2386.1477845610398;20260927_1334_g103
7;2025-11-05;18;2655.769111126783;20260927_1334_g103
7;2025-11-05;19;1759.2804901870988;20260927_1334_g103
7;2025-11-05;20;1129.969410846497;20260927_1334_g103
7;2025-11-05;21;651.9047710074711;20260927_1334_g103
7;2025-11-05;22;326.1317946062109;20260927_1334_g103
7;2025-11-05;23;196.22864074423495;20260927_1334_g103
7;2025-11-06;0;61.94007490957372;20260927_1334_g103
7;2025-11-06;1;12.099239777411423;20260927_1334_g103
7;2025-11-06;2;0.0;20260927_1334_g103
7;2025-11-06;3;0.0;20260927_1334_g103
7;2025-11-06;4;1.6139160302986215;20260927_1334_g103
7;2025-11-06;5;191.5175686851221;20260927_1334_g103
7;2025-11-06;6;638.1644755898277;20260927_1334_g103
7;2025-11-06;7;1656.3550708710168;20260927_1334_g103
7;2025-11-06;8;2528.307696349595;20260927_1334_g103
7;2025-11-06;9;1841.4161956448147;20260927_1334_g103
7;2025-11-06;10;1722.6290299506595;20260927_1334_g103
7;2025-11-06;11;1603.7677164872046;20260927_1334_g103
7;2025-11-06;12;1728.7515221513593;20260927_1334_g103
7;2025-11-06;13;1651.1178693167742;20260927_1334_g103
7;2025-11-06;14;1744.3579237821339;20260927_1334_g103
7;2025-11-06;15;1852.745512110679;20260927_1334_g103
7;2025-11-06;16;1883.075684462365;20260927_1334_g103
7;2025-11-06;17;2380.38989981437;20260927_1334_g103
7;2025-11-06;18;2683.460642694413;20260927_1334_g103
7;2025-11-06;19;1757.7161122275188;20260927_1334_g103
7;2025-11-06;20;1136.9739150774951;20260927_1334_g103
7;2025-11-06;21;659.6102242398373;20260927_1334_g103
7;2025-11-06;22;328.181668463379;20260927_1334_g103
7;2025-11-06;23;201.4070183763778;20260927_1334_g103
7;2025-11-07;0;71.93155390305223;20260927_1334_g103
7;2025-11-07;1;13.911824319893594;20260927_1334_g103
7;2025-11-07;2;0.0;20260927_1334_g103
7;2025-11-07;3;0.0;20260927_1334_g103
7;2025-11-07;4;1.1635639536979272;20260927_1334_g103
7;2025-11-07;5;175.83706786311933;20260927_1334_g103
7;2025-11-07;6;591.1473881465054;20260927_1334_g103
7;2025-11-07;7;1521.0434115891362;20260927_1334_g103
7;2025-11-07;8;2370.875041701663;20260927_1334_g103
7;2025-11-07;9;1767.4525264201163;20260927_1334_g103
7;2025-11-07;10;1730.6616123657066;20260927_1334_g103
7;2025-11-07;11;1561.1264326427581;20260927_1334_g103
7;2025-11-07;12;1695.1555664344837;20260927_1334_g103
7;2025-11-07;13;1746.2750039613065;20260927_1334_g103
7;2025-11-07;14;1770.9673491498154;20260927_1334_g103
7;2025-11-07;15;1923.0881336805287;20260927_1334_g103
7;2025-11-07;16;2124.229663843843;20260927_1334_g103
7;2025-11-07;17;2381.5028637561413;20260927_1334_g103
7;2025-11-07;18;2020.9634917399105;20260927_1334_g103
7;2025-11-07;19;1437.5626797149027;20260927_1334_g103
7;2025-11-07;20;1042.524445669567;20260927_1334_g103
7;2025-11-07;21;613.199021182379;20260927_1334_g103
7;2025-11-07;22;349.0272374310605;20260927_1334_g103
7;2025-11-07;23;240.85022406675552;20260927_1334_g103
7;2025-11-08;0;110.46147553882109;20260927_1334_g103
7;2025-11-08;1;21.22187457318495;20260927_1334_g103
7;2025-11-08;2;0.0;20260927_1334_g103
7;2025-11-08;3;0.0;20260927_1334_g103
7;2025-11-08;4;0.1598580024052565;20260927_1334_g103
7;2025-11-08;5;48.977867738556185;20260927_1334_g103
7;2025-11-08;6;262.47913739898945;20260927_1334_g103
7;2025-11-08;7;365.83007318623436;20260927_1334_g103
7;2025-11-08;8;662.5247736781572;20260927_1334_g103
7;2025-11-08;9;586.1118671790894;20260927_1334_g103
7;2025-11-08;10;680.0807237209176;20260927_1334_g103
7;2025-11-08;11;742.7314871001554;20260927_1334_g103
7;2025-11-08;12;948.3565772478801;20260927_1334_g103
7;2025-11-08;13;925.4109246661818;20260927_1334_g103
7;2025-11-08;14;851.5796633317273;20260927_1334_g103
7;2025-11-08;15;891.9834781115627;20260927_1334_g103
7;2025-11-08;16;835.7961698008496;20260927_1334_g103
7;2025-11-08;17;832.915783114258;20260927_1334_g103
7;2025-11-08;18;824.7984696027994;20260927_1334_g103
7;2025-11-08;19;725.589657469752;20260927_1334_g103
7;2025-11-08;20;613.2173032733422;20260927_1334_g103
7;2025-11-08;21;434.7788104013282;20260927_1334_g103
7;2025-11-08;22;243.1598005392145;20260927_1334_g103
7;2025-11-08;23;177.47435304869552;20260927_1334_g103
7;2025-11-09;0;85.28726824258555;20260927_1334_g103
7;2025-11-09;1;15.706259699003741;20260927_1334_g103
7;2025-11-09;2;0.0;20260927_1334_g103
7;2025-11-09;3;0.0;20260927_1334_g103
7;2025-11-09;4;0.15299208085989807;20260927_1334_g103
7;2025-11-09;5;27.369163356800062;20260927_1334_g103
7;2025-11-09;6;126.35469934383723;20260927_1334_g103
7;2025-11-09;7;202.21615831455478;20260927_1334_g103
7;2025-11-09;8;381.4580501121249;20260927_1334_g103
7;2025-11-09;9;485.41770277802556;20260927_1334_g103
7;2025-11-09;10;418.70320801808646;20260927_1334_g103
7;2025-11-09;11;544.9358842062322;20260927_1334_g103
7;2025-11-09;12;614.5904648321409;20260927_1334_g103
7;2025-11-09;13;655.3256141431627;20260927_1334_g103
7;2025-11-09;14;684.9080609111475;20260927_1334_g103
7;2025-11-09;15;691.4808415768753;20260927_1334_g103
7;2025-11-09;16;589.5384577316379;20260927_1334_g103
7;2025-11-09;17;632.3238404181501;20260927_1334_g103
7;2025-11-09;18;619.9021584092817;20260927_1334_g103
7;2025-11-09;19;487.23955775423553;20260927_1334_g103
7;2025-11-09;20;419.32403413840854;20260927_1334_g103
7;2025-11-09;21;319.7873418802199;20260927_1334_g103
7;2025-11-09;22;161.99553305467245;20260927_1334_g103
7;2025-11-09;23;118.64297705496116;20260927_1334_g103
7;2025-11-10;0;61.9579559655425;20260927_1334_g103
7;2025-11-10;1;11.874119635003606;20260927_1334_g103
7;2025-11-10;2;0.0;20260927_1334_g103
7;2025-11-10;3;0.0;20260927_1334_g103
7;2025-11-10;4;1.4919366774589482;20260927_1334_g103
7;2025-11-10;5;187.50859434441628;20260927_1334_g103
7;2025-11-10;6;622.5749022478979;20260927_1334_g103
7;2025-11-10;7;1636.0282585289947;20260927_1334_g103
7;2025-11-10;8;2511.726329618656;20260927_1334_g103
7;2025-11-10;9;1818.5006065707992;20260927_1334_g103
7;2025-11-10;10;1695.7575173309108;20260927_1334_g103
7;2025-11-10;11;1590.2919592707171;20260927_1334_g103
7;2025-11-10;12;1684.093274946432;20260927_1334_g103
7;2025-11-10;13;1632.0093597671291;20260927_1334_g103
7;2025-11-10;14;1719.2461002988832;20260927_1334_g103
7;2025-11-10;15;1822.2307789170277;20260927_1334_g103
7;2025-11-10;16;1851.9270369662765;20260927_1334_g103
7;2025-11-10;17;2356.4027171523076;20260927_1334_g103
7;2025-11-10;18;2634.9738282830754;20260927_1334_g103
7;2025-11-10;19;1749.050138067135;20260927_1334_g103
7;2025-11-10;20;1117.0199321389475;20260927_1334_g103
7;2025-11-10;21;638.7415960471246;20260927_1334_g103
7;2025-11-10;22;320.712087717487;20260927_1334_g103
7;2025-11-10;23;189.2067082317085;20260927_1334_g103
7;2025-11-11;0;61.25609531323294;20260927_1334_g103
7;2025-11-11;1;12.228816894254619;20260927_1334_g103
7;2025-11-11;2;0.0;20260927_1334_g103
7;2025-11-11;3;0.0;20260927_1334_g103
7;2025-11-11;4;1.683141501309178;20260927_1334_g103
7;2025-11-11;5;193.05671195865847;20260927_1334_g103
7;2025-11-11;6;634.0452835407633;20260927_1334_g103
7;2025-11-11;7;1651.6506733289914;20260927_1334_g103
7;2025-11-11;8;2527.449653205589;20260927_1334_g103
7;2025-11-11;9;1853.6693043592618;20260927_1334_g103
7;2025-11-11;10;1717.52979910383;20260927_1334_g103
7;2025-11-11;11;1598.3163157350527;20260927_1334_g103
7;2025-11-11;12;1716.0580528143978;20260927_1334_g103
7;2025-11-11;13;1646.7506354705415;20260927_1334_g103
7;2025-11-11;14;1728.295784657162;20260927_1334_g103
7;2025-11-11;15;1844.7001044760104;20260927_1334_g103
7;2025-11-11;16;1871.7340805458448;20260927_1334_g103
7;2025-11-11;17;2368.026954314909;20260927_1334_g103
7;2025-11-11;18;2661.99575534092;20260927_1334_g103
7;2025-11-11;19;1767.283269647808;20260927_1334_g103
7;2025-11-11;20;1157.2520528968691;20260927_1334_g103
7;2025-11-11;21;660.629073480523;20260927_1334_g103
7;2025-11-11;22;331.80484219571014;20260927_1334_g103
7;2025-11-11;23;199.74211726498305;20260927_1334_g103
7;2025-11-12;0;61.17629142777708;20260927_1334_g103
7;2025-11-12;1;11.511771803879396;20260927_1334_g103
7;2025-11-12;2;0.0;20260927_1334_g103
7;2025-11-12;3;0.0;20260927_1334_g103
7;2025-11-12;4;1.7633839699010503;20260927_1334_g103
7;2025-11-12;5;192.78616082664402;20260927_1334_g103
7;2025-11-12;6;641.8823028419752;20260927_1334_g103
7;2025-11-12;7;1649.5590507384152;20260927_1334_g103
7;2025-11-12;8;2528.525630363169;20260927_1334_g103
7;2025-11-12;9;1838.5908299695504;20260927_1334_g103
7;2025-11-12;10;1732.3551296682422;20260927_1334_g103
7;2025-11-12;11;1597.81803434577;20260927_1334_g103
7;2025-11-12;12;1734.354586827659;20260927_1334_g103
7;2025-11-12;13;1644.8338648592187;20260927_1334_g103
7;2025-11-12;14;1730.2647700274429;20260927_1334_g103
7;2025-11-12;15;1844.9232817275902;20260927_1334_g103
7;2025-11-12;16;1878.602482882969;20260927_1334_g103
7;2025-11-12;17;2386.1477845610398;20260927_1334_g103
7;2025-11-12;18;2655.769111126783;20260927_1334_g103
7;2025-11-12;19;1759.2804901870988;20260927_1334_g103
7;2025-11-12;20;1129.969410846497;20260927_1334_g103
7;2025-11-12;21;651.9047710074711;20260927_1334_g103
7;2025-11-12;22;326.1317946062109;20260927_1334_g103
7;2025-11-12;23;196.22864074423495;20260927_1334_g103
7;2025-11-13;0;61.94007490957372;20260927_1334_g103
7;2025-11-13;1;12.099239777411423;20260927_1334_g103
7;2025-11-13;2;0.0;20260927_1334_g103
7;2025-11-13;3;0.0;20260927_1334_g103
7;2025-11-13;4;1.6139160302986215;20260927_1334_g103
7;2025-11-13;5;191.5175686851221;20260927_1334_g103
7;2025-11-13;6;638.1644755898277;20260927_1334_g103
7;2025-11-13;7;1656.3550708710168;20260927_1334_g103
7;2025-11-13;8;2528.307696349595;20260927_1334_g103
7;2025-11-13;9;1841.4161956448147;20260927_1334_g103
7;2025-11-13;10;1722.6290299506595;20260927_1334_g103
7;2025-11-13;11;1603.7677164872046;20260927_1334_g103
7;2025-11-13;12;1728.7515221513593;20260927_1334_g103
7;2025-11-13;13;1651.1178693167742;20260927_1334_g103
7;2025-11-13;14;1744.3579237821339;20260927_1334_g103
7;2025-11-13;15;1852.745512110679;20260927_1334_g103
7;2025-11-13;16;1883.075684462365;20260927_1334_g103
7;2025-11-13;17;2380.38989981437;20260927_1334_g103
7;2025-11-13;18;2683.460642694413;20260927_1334_g103
7;2025-11-13;19;1757.7161122275188;20260927_1334_g103
7;2025-11-13;20;1136.9739150774951;20260927_1334_g103
7;2025-11-13;21;659.6102242398373;20260927_1334_g103
7;2025-11-13;22;328.181668463379;20260927_1334_g103
7;2025-11-13;23;201.4070183763778;20260927_1334_g103
7;2025-11-14;0;71.93155390305223;20260927_1334_g103
7;2025-11-14;1;13.911824319893594;20260927_1334_g103
7;2025-11-14;2;0.0;20260927_1334_g103
7;2025-11-14;3;0.0;20260927_1334_g103
7;2025-11-14;4;1.1635639536979272;20260927_1334_g103
7;2025-11-14;5;175.83706786311933;20260927_1334_g103
7;2025-11-14;6;591.1473881465054;20260927_1334_g103
7;2025-11-14;7;1521.0434115891362;20260927_1334_g103
7;2025-11-14;8;2370.875041701663;20260927_1334_g103
7;2025-11-14;9;1767.4525264201163;20260927_1334_g103
7;2025-11-14;10;1730.6616123657066;20260927_1334_g103
7;2025-11-14;11;1561.1264326427581;20260927_1334_g103
7;2025-11-14;12;1695.1555664344837;20260927_1334_g103
7;2025-11-14;13;1746.2750039613065;20260927_1334_g103
7;2025-11-14;14;1770.9673491498154;20260927_1334_g103
7;2025-11-14;15;1923.0881336805287;20260927_1334_g103
7;2025-11-14;16;2124.229663843843;20260927_1334_g103
7;2025-11-14;17;2381.5028637561413;20260927_1334_g103
7;2025-11-14;18;2020.9634917399105;20260927_1334_g103
7;2025-11-14;19;1437.5626797149027;20260927_1334_g103
7;2025-11-14;20;1042.524445669567;20260927_1334_g103
7;2025-11-14;21;613.199021182379;20260927_1334_g103
7;2025-11-14;22;349.0272374310605;20260927_1334_g103
7;2025-11-14;23;240.85022406675552;20260927_1334_g103
7;2025-11-15;0;117.22251852179349;20260927_1334_g103
7;2025-11-15;1;24.219528620205267;20260927_1334_g103
7;2025-11-15;2;0.0;20260927_1334_g103
7;2025-11-15;3;0.0;20260927_1334_g103
7;2025-11-15;4;0.0;20260927_1334_g103
7;2025-11-15;5;63.939555557341926;20260927_1334_g103
7;2025-11-15;6;316.57261880536834;20260927_1334_g103
7;2025-11-15;7;489.3236314680629;20260927_1334_g103
7;2025-11-15;8;909.6409347158649;20260927_1334_g103
7;2025-11-15;9;1026.138628697401;20260927_1334_g103
7;2025-11-15;10;1069.5073728750042;20260927_1334_g103
7;2025-11-15;11;1303.7308061817662;20260927_1334_g103
7;2025-11-15;12;1334.434731254689;20260927_1334_g103
7;2025-11-15;13;1435.0663893643355;20260927_1334_g103
7;2025-11-15;14;1551.9576840512593;20260927_1334_g103
7;2025-11-15;15;1312.420518876049;20260927_1334_g103
7;2025-11-15;16;1354.7950766536005;20260927_1334_g103
7;2025-11-15;17;1343.1830229574155;20260927_1334_g103
7;2025-11-15;18;1168.0773226933131;20260927_1334_g103
7;2025-11-15;19;1154.386856700901;20260927_1334_g103
7;2025-11-15;20;916.0817140008526;20260927_1334_g103
7;2025-11-15;21;741.1325162072444;20260927_1334_g103
7;2025-11-15;22;397.35734914067183;20260927_1334_g103
7;2025-11-15;23;228.40626883635696;20260927_1334_g103
7;2025-11-16;0;96.8059486282122;20260927_1334_g103
7;2025-11-16;1;18.032480626823837;20260927_1334_g103
7;2025-11-16;2;0.0;20260927_1334_g103
7;2025-11-16;3;0.0;20260927_1334_g103
7;2025-11-16;4;0.0;20260927_1334_g103
7;2025-11-16;5;38.91219503683038;20260927_1334_g103
7;2025-11-16;6;217.18774924872272;20260927_1334_g103
7;2025-11-16;7;329.6771731065456;20260927_1334_g103
7;2025-11-16;8;540.6645397236408;20260927_1334_g103
7;2025-11-16;9;717.2279998513565;20260927_1334_g103
7;2025-11-16;10;809.5261281579711;20260927_1334_g103
7;2025-11-16;11;1017.1880881877455;20260927_1334_g103
7;2025-11-16;12;1097.8660252542272;20260927_1334_g103
7;2025-11-16;13;1151.9163173232973;20260927_1334_g103
7;2025-11-16;14;1249.9075709599701;20260927_1334_g103
7;2025-11-16;15;1174.1260567977324;20260927_1334_g103
7;2025-11-16;16;1148.644811857161;20260927_1334_g103
7;2025-11-16;17;1107.5448992139839;20260927_1334_g103
7;2025-11-16;18;950.0950509283593;20260927_1334_g103
7;2025-11-16;19;901.0110100762028;20260927_1334_g103
7;2025-11-16;20;697.9754773840267;20260927_1334_g103
7;2025-11-16;21;566.4601599030866;20260927_1334_g103
7;2025-11-16;22;322.5482297784686;20260927_1334_g103
7;2025-11-16;23;168.97973198026364;20260927_1334_g103
7;2025-11-17;0;61.9579559655425;20260927_1334_g103
7;2025-11-17;1;11.874119635003606;20260927_1334_g103
7;2025-11-17;2;0.0;20260927_1334_g103
7;2025-11-17;3;0.0;20260927_1334_g103
7;2025-11-17;4;1.4919366774589482;20260927_1334_g103
7;2025-11-17;5;187.50859434441628;20260927_1334_g103
7;2025-11-17;6;622.5749022478979;20260927_1334_g103
7;2025-11-17;7;1636.0282585289947;20260927_1334_g103
7;2025-11-17;8;2511.726329618656;20260927_1334_g103
7;2025-11-17;9;1818.5006065707992;20260927_1334_g103
7;2025-11-17;10;1695.7575173309108;20260927_1334_g103
7;2025-11-17;11;1590.2919592707171;20260927_1334_g103
7;2025-11-17;12;1684.093274946432;20260927_1334_g103
7;2025-11-17;13;1632.0093597671291;20260927_1334_g103
7;2025-11-17;14;1719.2461002988832;20260927_1334_g103
7;2025-11-17;15;1822.2307789170277;20260927_1334_g103
7;2025-11-17;16;1851.9270369662765;20260927_1334_g103
7;2025-11-17;17;2356.4027171523076;20260927_1334_g103
7;2025-11-17;18;2634.9738282830754;20260927_1334_g103
7;2025-11-17;19;1749.050138067135;20260927_1334_g103
7;2025-11-17;20;1117.0199321389475;20260927_1334_g103
7;2025-11-17;21;638.7415960471246;20260927_1334_g103
7;2025-11-17;22;320.712087717487;20260927_1334_g103
7;2025-11-17;23;189.2067082317085;20260927_1334_g103
7;2025-11-18;0;61.25609531323294;20260927_1334_g103
7;2025-11-18;1;12.228816894254619;20260927_1334_g103
7;2025-11-18;2;0.0;20260927_1334_g103
7;2025-11-18;3;0.0;20260927_1334_g103
7;2025-11-18;4;1.683141501309178;20260927_1334_g103
7;2025-11-18;5;193.05671195865847;20260927_1334_g103
7;2025-11-18;6;634.0452835407633;20260927_1334_g103
7;2025-11-18;7;1651.6506733289914;20260927_1334_g103
7;2025-11-18;8;2527.449653205589;20260927_1334_g103
7;2025-11-18;9;1853.6693043592618;20260927_1334_g103
7;2025-11-18;10;1717.52979910383;20260927_1334_g103
7;2025-11-18;11;1598.3163157350527;20260927_1334_g103
7;2025-11-18;12;1716.0580528143978;20260927_1334_g103
7;2025-11-18;13;1646.7506354705415;20260927_1334_g103
7;2025-11-18;14;1728.295784657162;20260927_1334_g103
7;2025-11-18;15;1844.7001044760104;20260927_1334_g103
7;2025-11-18;16;1871.7340805458448;20260927_1334_g103
7;2025-11-18;17;2368.026954314909;20260927_1334_g103
7;2025-11-18;18;2661.99575534092;20260927_1334_g103
7;2025-11-18;19;1767.283269647808;20260927_1334_g103
7;2025-11-18;20;1157.2520528968691;20260927_1334_g103
7;2025-11-18;21;660.629073480523;20260927_1334_g103
7;2025-11-18;22;331.80484219571014;20260927_1334_g103
7;2025-11-18;23;199.74211726498305;20260927_1334_g103
7;2025-11-19;0;61.17629142777708;20260927_1334_g103
7;2025-11-19;1;11.511771803879396;20260927_1334_g103
7;2025-11-19;2;0.0;20260927_1334_g103
7;2025-11-19;3;0.0;20260927_1334_g103
7;2025-11-19;4;1.7633839699010503;20260927_1334_g103
7;2025-11-19;5;192.78616082664402;20260927_1334_g103
7;2025-11-19;6;641.8823028419752;20260927_1334_g103
7;2025-11-19;7;1649.5590507384152;20260927_1334_g103
7;2025-11-19;8;2528.525630363169;20260927_1334_g103
7;2025-11-19;9;1838.5908299695504;20260927_1334_g103
7;2025-11-19;10;1732.3551296682422;20260927_1334_g103
7;2025-11-19;11;1597.81803434577;20260927_1334_g103
7;2025-11-19;12;1734.354586827659;20260927_1334_g103
7;2025-11-19;13;1644.8338648592187;20260927_1334_g103
7;2025-11-19;14;1730.2647700274429;20260927_1334_g103
7;2025-11-19;15;1844.9232817275902;20260927_1334_g103
7;2025-11-19;16;1878.602482882969;20260927_1334_g103
7;2025-11-19;17;2386.1477845610398;20260927_1334_g103
7;2025-11-19;18;2655.769111126783;20260927_1334_g103
7;2025-11-19;19;1759.2804901870988;20260927_1334_g103
7;2025-11-19;20;1129.969410846497;20260927_1334_g103
7;2025-11-19;21;651.9047710074711;20260927_1334_g103
7;2025-11-19;22;326.1317946062109;20260927_1334_g103
7;2025-11-19;23;196.22864074423495;20260927_1334_g103
7;2025-11-20;0;61.94007490957372;20260927_1334_g103
7;2025-11-20;1;12.099239777411423;20260927_1334_g103
7;2025-11-20;2;0.0;20260927_1334_g103
7;2025-11-20;3;0.0;20260927_1334_g103
7;2025-11-20;4;1.6139160302986215;20260927_1334_g103
7;2025-11-20;5;191.5175686851221;20260927_1334_g103
7;2025-11-20;6;638.1644755898277;20260927_1334_g103
7;2025-11-20;7;1656.3550708710168;20260927_1334_g103
7;2025-11-20;8;2528.307696349595;20260927_1334_g103
7;2025-11-20;9;1841.4161956448147;20260927_1334_g103
7;2025-11-20;10;1722.6290299506595;20260927_1334_g103
7;2025-11-20;11;1603.7677164872046;20260927_1334_g103
7;2025-11-20;12;1728.7515221513593;20260927_1334_g103
7;2025-11-20;13;1651.1178693167742;20260927_1334_g103
7;2025-11-20;14;1744.3579237821339;20260927_1334_g103
7;2025-11-20;15;1852.745512110679;20260927_1334_g103
7;2025-11-20;16;1883.075684462365;20260927_1334_g103
7;2025-11-20;17;2380.38989981437;20260927_1334_g103
7;2025-11-20;18;2683.460642694413;20260927_1334_g103
7;2025-11-20;19;1757.7161122275188;20260927_1334_g103
7;2025-11-20;20;1136.9739150774951;20260927_1334_g103
7;2025-11-20;21;659.6102242398373;20260927_1334_g103
7;2025-11-20;22;328.181668463379;20260927_1334_g103
7;2025-11-20;23;201.4070183763778;20260927_1334_g103
7;2025-11-21;0;71.93155390305223;20260927_1334_g103
7;2025-11-21;1;13.911824319893594;20260927_1334_g103
7;2025-11-21;2;0.0;20260927_1334_g103
7;2025-11-21;3;0.0;20260927_1334_g103
7;2025-11-21;4;1.1635639536979272;20260927_1334_g103
7;2025-11-21;5;175.83706786311933;20260927_1334_g103
7;2025-11-21;6;591.1473881465054;20260927_1334_g103
7;2025-11-21;7;1521.0434115891362;20260927_1334_g103
7;2025-11-21;8;2370.875041701663;20260927_1334_g103
7;2025-11-21;9;1767.4525264201163;20260927_1334_g103
7;2025-11-21;10;1730.6616123657066;20260927_1334_g103
7;2025-11-21;11;1561.1264326427581;20260927_1334_g103
7;2025-11-21;12;1695.1555664344837;20260927_1334_g103
7;2025-11-21;13;1746.2750039613065;20260927_1334_g103
7;2025-11-21;14;1770.9673491498154;20260927_1334_g103
7;2025-11-21;15;1923.0881336805287;20260927_1334_g103
7;2025-11-21;16;2124.229663843843;20260927_1334_g103
7;2025-11-21;17;2381.5028637561413;20260927_1334_g103
7;2025-11-21;18;2020.9634917399105;20260927_1334_g103
7;2025-11-21;19;1437.5626797149027;20260927_1334_g103
7;2025-11-21;20;1042.524445669567;20260927_1334_g103
7;2025-11-21;21;613.199021182379;20260927_1334_g103
7;2025-11-21;22;349.0272374310605;20260927_1334_g103
7;2025-11-21;23;240.85022406675552;20260927_1334_g103
7;2025-11-22;0;119.26579620503665;20260927_1334_g103
7;2025-11-22;1;24.641693430792692;20260927_1334_g103
7;2025-11-22;2;0.0;20260927_1334_g103
7;2025-11-22;3;0.0;20260927_1334_g103
7;2025-11-22;4;0.0;20260927_1334_g103
7;2025-11-22;5;65.05407065729273;20260927_1334_g103
7;2025-11-22;6;322.2404115591296;20260927_1334_g103
7;2025-11-22;7;495.1409623261354;20260927_1334_g103
7;2025-11-22;8;910.9468566837212;20260927_1334_g103
7;2025-11-22;9;1022.6808971300866;20260927_1334_g103
7;2025-11-22;10;1066.2977355036292;20260927_1334_g103
7;2025-11-22;11;1308.7319041352011;20260927_1334_g103
7;2025-11-22;12;1340.8369885619318;20260927_1334_g103
7;2025-11-22;13;1441.3176841836732;20260927_1334_g103
7;2025-11-22;14;1564.449516577527;20260927_1334_g103
7;2025-11-22;15;1320.2441039898054;20260927_1334_g103
7;2025-11-22;16;1365.517768963551;20260927_1334_g103
7;2025-11-22;17;1353.6941961306084;20260927_1334_g103
7;2025-11-22;18;1175.3695646737306;20260927_1334_g103
7;2025-11-22;19;1164.8414098089324;20260927_1334_g103
7;2025-11-22;20;919.0584493127112;20260927_1334_g103
7;2025-11-22;21;745.4251701687342;20260927_1334_g103
7;2025-11-22;22;401.5251694322528;20260927_1334_g103
7;2025-11-22;23;231.2167441626315;20260927_1334_g103
7;2025-11-23;0;98.92345208453845;20260927_1334_g103
7;2025-11-23;1;18.426917545159125;20260927_1334_g103
7;2025-11-23;2;0.0;20260927_1334_g103
7;2025-11-23;3;0.0;20260927_1334_g103
7;2025-11-23;4;0.0;20260927_1334_g103
7;2025-11-23;5;39.76334838692232;20260927_1334_g103
7;2025-11-23;6;222.04248290714722;20260927_1334_g103
7;2025-11-23;7;335.3424584563129;20260927_1334_g103
7;2025-11-23;8;545.5159703085351;20260927_1334_g103
7;2025-11-23;9;719.3826653251949;20260927_1334_g103
7;2025-11-23;10;810.9222045292382;20260927_1334_g103
7;2025-11-23;11;1027.8289889945258;20260927_1334_g103
7;2025-11-23;12;1110.2673034681873;20260927_1334_g103
7;2025-11-23;13;1164.8788610435722;20260927_1334_g103
7;2025-11-23;14;1269.425242447935;20260927_1334_g103
7;2025-11-23;15;1191.8864612238158;20260927_1334_g103
7;2025-11-23;16;1163.7883592215267;20260927_1334_g103
7;2025-11-23;17;1121.9888147199047;20260927_1334_g103
7;2025-11-23;18;964.9489789512832;20260927_1334_g103
7;2025-11-23;19;914.6067522733714;20260927_1334_g103
7;2025-11-23;20;706.4303732731635;20260927_1334_g103
7;2025-11-23;21;573.0653856008232;20260927_1334_g103
7;2025-11-23;22;327.73831636328316;20260927_1334_g103
7;2025-11-23;23;171.99226409046815;20260927_1334_g103
7;2025-11-24;0;62.80059273088881;20260927_1334_g103
7;2025-11-24;1;11.964968945944241;20260927_1334_g103
7;2025-11-24;2;0.0;20260927_1334_g103
7;2025-11-24;3;0.0;20260927_1334_g103
7;2025-11-24;4;1.6279795636693908;20260927_1334_g103
7;2025-11-24;5;192.47707557613754;20260927_1334_g103
7;2025-11-24;6;642.7397276000448;20260927_1334_g103
7;2025-11-24;7;1651.7782431117887;20260927_1334_g103
7;2025-11-24;8;2532.8348252651945;20260927_1334_g103
7;2025-11-24;9;1814.8055163858285;20260927_1334_g103
7;2025-11-24;10;1694.5159301353049;20260927_1334_g103
7;2025-11-24;11;1567.3464941238212;20260927_1334_g103
7;2025-11-24;12;1684.0551841352717;20260927_1334_g103
7;2025-11-24;13;1617.312433245679;20260927_1334_g103
7;2025-11-24;14;1707.4259428298128;20260927_1334_g103
7;2025-11-24;15;1824.1791868258936;20260927_1334_g103
7;2025-11-24;16;1855.4276156203612;20260927_1334_g103
7;2025-11-24;17;2360.1078407786326;20260927_1334_g103
7;2025-11-24;18;2660.8574939796263;20260927_1334_g103
7;2025-11-24;19;1757.7953911223092;20260927_1334_g103
7;2025-11-24;20;1127.7203371306928;20260927_1334_g103
7;2025-11-24;21;649.164900432734;20260927_1334_g103
7;2025-11-24;22;329.5446981506011;20260927_1334_g103
7;2025-11-24;23;195.37953521774176;20260927_1334_g103
7;2025-11-25;0;62.566639180118955;20260927_1334_g103
7;2025-11-25;1;12.083201365694578;20260927_1334_g103
7;2025-11-25;2;0.0;20260927_1334_g103
7;2025-11-25;3;0.0;20260927_1334_g103
7;2025-11-25;4;1.6917145049528004;20260927_1334_g103
7;2025-11-25;5;194.32644811421827;20260927_1334_g103
7;2025-11-25;6;646.5631880310001;20260927_1334_g103
7;2025-11-25;7;1656.9857147117878;20260927_1334_g103
7;2025-11-25;8;2538.075933127506;20260927_1334_g103
7;2025-11-25;9;1826.5284156486496;20260927_1334_g103
7;2025-11-25;10;1701.7733573929443;20260927_1334_g103
7;2025-11-25;11;1570.021279611933;20260927_1334_g103
7;2025-11-25;12;1694.71011009126;20260927_1334_g103
7;2025-11-25;13;1622.226191813483;20260927_1334_g103
7;2025-11-25;14;1710.4425042825724;20260927_1334_g103
7;2025-11-25;15;1831.6689620122215;20260927_1334_g103
7;2025-11-25;16;1862.029963480217;20260927_1334_g103
7;2025-11-25;17;2363.9825864995;20260927_1334_g103
7;2025-11-25;18;2669.864802998908;20260927_1334_g103
7;2025-11-25;19;1763.8731016492;20260927_1334_g103
7;2025-11-25;20;1141.1310440500004;20260927_1334_g103
7;2025-11-25;21;656.4607262438668;20260927_1334_g103
7;2025-11-25;22;333.2422829766755;20260927_1334_g103
7;2025-11-25;23;198.89133822883332;20260927_1334_g103
7;2025-11-26;0;62.540037884967006;20260927_1334_g103
7;2025-11-26;1;11.844186335569505;20260927_1334_g103
7;2025-11-26;2;0.0;20260927_1334_g103
7;2025-11-26;3;0.0;20260927_1334_g103
7;2025-11-26;4;1.7184619944834245;20260927_1334_g103
7;2025-11-26;5;194.2362644035468;20260927_1334_g103
7;2025-11-26;6;649.1755277980707;20260927_1334_g103
7;2025-11-26;7;1656.2885071815956;20260927_1334_g103
7;2025-11-26;8;2538.4345921800327;20260927_1334_g103
7;2025-11-26;9;1821.5022575187454;20260927_1334_g103
7;2025-11-26;10;1706.7151342477484;20260927_1334_g103
7;2025-11-26;11;1569.8551858155054;20260927_1334_g103
7;2025-11-26;12;1700.8089547623472;20260927_1334_g103
7;2025-11-26;13;1621.5872682763754;20260927_1334_g103
7;2025-11-26;14;1711.0988327393327;20260927_1334_g103
7;2025-11-26;15;1831.7433544294145;20260927_1334_g103
7;2025-11-26;16;1864.3194309259252;20260927_1334_g103
7;2025-11-26;17;2370.0228632482103;20260927_1334_g103
7;2025-11-26;18;2667.789254927529;20260927_1334_g103
7;2025-11-26;19;1761.2055084956303;20260927_1334_g103
7;2025-11-26;20;1132.0368300332093;20260927_1334_g103
7;2025-11-26;21;653.5526254195162;20260927_1334_g103
7;2025-11-26;22;331.35126711350904;20260927_1334_g103
7;2025-11-26;23;197.72017938858394;20260927_1334_g103
7;2025-11-27;0;62.79463237889922;20260927_1334_g103
7;2025-11-27;1;12.040008993413513;20260927_1334_g103
7;2025-11-27;2;0.0;20260927_1334_g103
7;2025-11-27;3;0.0;20260927_1334_g103
7;2025-11-27;4;1.6686393479492816;20260927_1334_g103
7;2025-11-27;5;193.81340035637282;20260927_1334_g103
7;2025-11-27;6;647.9362520473547;20260927_1334_g103
7;2025-11-27;7;1658.5538472257963;20260927_1334_g103
7;2025-11-27;8;2538.3619475088412;20260927_1334_g103
7;2025-11-27;9;1822.4440460771668;20260927_1334_g103
7;2025-11-27;10;1703.473101008554;20260927_1334_g103
7;2025-11-27;11;1571.8384131959835;20260927_1334_g103
7;2025-11-27;12;1698.9412665369139;20260927_1334_g103
7;2025-11-27;13;1623.681936428894;20260927_1334_g103
7;2025-11-27;14;1715.7965506575629;20260927_1334_g103
7;2025-11-27;15;1834.3507645571108;20260927_1334_g103
7;2025-11-27;16;1865.8104981190572;20260927_1334_g103
7;2025-11-27;17;2368.1035683326536;20260927_1334_g103
7;2025-11-27;18;2677.019765450072;20260927_1334_g103
7;2025-11-27;19;1760.6840491757703;20260927_1334_g103
7;2025-11-27;20;1134.371664776875;20260927_1334_g103
7;2025-11-27;21;656.1211098303048;20260927_1334_g103
7;2025-11-27;22;332.03455839923174;20260927_1334_g103
7;2025-11-27;23;199.44630526596487;20260927_1334_g103
7;2025-11-28;0;71.34700153252501;20260927_1334_g103
7;2025-11-28;1;14.835959324049574;20260927_1334_g103
7;2025-11-28;2;0.0;20260927_1334_g103
7;2025-11-28;3;0.0;20260927_1334_g103
7;2025-11-28;4;1.164466219858966;20260927_1334_g103
7;2025-11-28;5;180.010129692509;20260927_1334_g103
7;2025-11-28;6;595.6745559976973;20260927_1334_g103
7;2025-11-28;7;1532.344407754336;20260927_1334_g103
7;2025-11-28;8;2390.51693775736;20260927_1334_g103
7;2025-11-28;9;1765.9209074438038;20260927_1334_g103
7;2025-11-28;10;1715.256815962962;20260927_1334_g103
7;2025-11-28;11;1541.9007621156272;20260927_1334_g103
7;2025-11-28;12;1684.5154879115712;20260927_1334_g103
7;2025-11-28;13;1738.096072664152;20260927_1334_g103
7;2025-11-28;14;1762.5364519642296;20260927_1334_g103
7;2025-11-28;15;1923.156547951883;20260927_1334_g103
7;2025-11-28;16;2124.0316444941845;20260927_1334_g103
7;2025-11-28;17;2386.669570720873;20260927_1334_g103
7;2025-11-28;18;2034.5563281691982;20260927_1334_g103
7;2025-11-28;19;1441.470069591055;20260927_1334_g103
7;2025-11-28;20;1052.4902209799068;20260927_1334_g103
7;2025-11-28;21;620.5153861081506;20260927_1334_g103
7;2025-11-28;22;358.40661008491526;20260927_1334_g103
7;2025-11-28;23;242.0623667379329;20260927_1334_g103
7;2025-11-29;0;119.26579620503665;20260927_1334_g103
7;2025-11-29;1;24.641693430792692;20260927_1334_g103
7;2025-11-29;2;0.0;20260927_1334_g103
7;2025-11-29;3;0.0;20260927_1334_g103
7;2025-11-29;4;0.0;20260927_1334_g103
7;2025-11-29;5;65.05407065729273;20260927_1334_g103
7;2025-11-29;6;322.2404115591296;20260927_1334_g103
7;2025-11-29;7;495.1409623261354;20260927_1334_g103
7;2025-11-29;8;910.9468566837212;20260927_1334_g103
7;2025-11-29;9;1022.6808971300866;20260927_1334_g103
7;2025-11-29;10;1066.2977355036292;20260927_1334_g103
7;2025-11-29;11;1308.7319041352011;20260927_1334_g103
7;2025-11-29;12;1340.8369885619318;20260927_1334_g103
7;2025-11-29;13;1441.3176841836732;20260927_1334_g103
7;2025-11-29;14;1564.449516577527;20260927_1334_g103
7;2025-11-29;15;1320.2441039898054;20260927_1334_g103
7;2025-11-29;16;1365.517768963551;20260927_1334_g103
7;2025-11-29;17;1353.6941961306084;20260927_1334_g103
7;2025-11-29;18;1175.3695646737306;20260927_1334_g103
7;2025-11-29;19;1164.8414098089324;20260927_1334_g103
7;2025-11-29;20;919.0584493127112;20260927_1334_g103
7;2025-11-29;21;745.4251701687342;20260927_1334_g103
7;2025-11-29;22;401.5251694322528;20260927_1334_g103
7;2025-11-29;23;231.2167441626315;20260927_1334_g103
7;2025-11-30;0;98.92345208453845;20260927_1334_g103
7;2025-11-30;1;18.426917545159125;20260927_1334_g103
7;2025-11-30;2;0.0;20260927_1334_g103
7;2025-11-30;3;0.0;20260927_1334_g103
7;2025-11-30;4;0.0;20260927_1334_g103
7;2025-11-30;5;39.76334838692232;20260927_1334_g103
7;2025-11-30;6;222.04248290714722;20260927_1334_g103
7;2025-11-30;7;335.3424584563129;20260927_1334_g103
7;2025-11-30;8;545.5159703085351;20260927_1334_g103
7;2025-11-30;9;719.3826653251949;20260927_1334_g103
7;2025-11-30;10;810.9222045292382;20260927_1334_g103
7;2025-11-30;11;1027.8289889945258;20260927_1334_g103
7;2025-11-30;12;1110.2673034681873;20260927_1334_g103
7;2025-11-30;13;1164.8788610435722;20260927_1334_g103
7;2025-11-30;14;1269.425242447935;20260927_1334_g103
7;2025-11-30;15;1191.8864612238158;20260927_1334_g103
7;2025-11-30;16;1163.7883592215267;20260927_1334_g103
7;2025-11-30;17;1121.9888147199047;20260927_1334_g103
7;2025-11-30;18;964.9489789512832;20260927_1334_g103
7;2025-11-30;19;914.6067522733714;20260927_1334_g103
7;2025-11-30;20;706.4303732731635;20260927_1334_g103
7;2025-11-30;21;573.0653856008232;20260927_1334_g103
7;2025-11-30;22;327.73831636328316;20260927_1334_g103
7;2025-11-30;23;171.99226409046815;20260927_1334_g103
7;2025-12-01;0;61.54458087627103;20260927_1334_g103
7;2025-12-01;1;11.725669567025356;20260927_1334_g103
7;2025-12-01;2;0.0;20260927_1334_g103
7;2025-12-01;3;0.0;20260927_1334_g103
7;2025-12-01;4;1.5954199723960025;20260927_1334_g103
7;2025-12-01;5;188.6275340646148;20260927_1334_g103
7;2025-12-01;6;629.8849330480439;20260927_1334_g103
7;2025-12-01;7;1618.7426782495527;20260927_1334_g103
7;2025-12-01;8;2482.1781287598906;20260927_1334_g103
7;2025-12-01;9;1778.5094060581118;20260927_1334_g103
7;2025-12-01;10;1660.6256115325987;20260927_1334_g103
7;2025-12-01;11;1535.999564241345;20260927_1334_g103
7;2025-12-01;12;1650.374080452566;20260927_1334_g103
7;2025-12-01;13;1584.9661845807655;20260927_1334_g103
7;2025-12-01;14;1673.2774239732164;20260927_1334_g103
7;2025-12-01;15;1787.6956030893757;20260927_1334_g103
7;2025-12-01;16;1818.3190633079537;20260927_1334_g103
7;2025-12-01;17;2312.90568396306;20260927_1334_g103
7;2025-12-01;18;2607.640344100034;20260927_1334_g103
7;2025-12-01;19;1722.6394832998628;20260927_1334_g103
7;2025-12-01;20;1105.165930388079;20260927_1334_g103
7;2025-12-01;21;636.1816024240794;20260927_1334_g103
7;2025-12-01;22;322.95380418758907;20260927_1334_g103
7;2025-12-01;23;191.47194451338694;20260927_1334_g103
7;2025-12-02;0;61.315306396516576;20260927_1334_g103
7;2025-12-02;1;11.841537338380688;20260927_1334_g103
7;2025-12-02;2;0.0;20260927_1334_g103
7;2025-12-02;3;0.0;20260927_1334_g103
7;2025-12-02;4;1.6578802148537441;20260927_1334_g103
7;2025-12-02;5;190.43991915193385;20260927_1334_g103
7;2025-12-02;6;633.6319242703801;20260927_1334_g103
7;2025-12-02;7;1623.8460004175517;20260927_1334_g103
7;2025-12-02;8;2487.314414464955;20260927_1334_g103
7;2025-12-02;9;1789.9978473356764;20260927_1334_g103
7;2025-12-02;10;1667.7378902450853;20260927_1334_g103
7;2025-12-02;11;1538.6208540196947;20260927_1334_g103
7;2025-12-02;12;1660.8159078894348;20260927_1334_g103
7;2025-12-02;13;1589.7816679772134;20260927_1334_g103
7;2025-12-02;14;1676.233654196921;20260927_1334_g103
7;2025-12-02;15;1795.0355827719768;20260927_1334_g103
7;2025-12-02;16;1824.789364210613;20260927_1334_g103
7;2025-12-02;17;2316.70293476951;20260927_1334_g103
7;2025-12-02;18;2616.46750693893;20260927_1334_g103
7;2025-12-02;19;1728.595639616216;20260927_1334_g103
7;2025-12-02;20;1118.308423169;20260927_1334_g103
7;2025-12-02;21;643.3315117189894;20260927_1334_g103
7;2025-12-02;22;326.57743731714197;20260927_1334_g103
7;2025-12-02;23;194.9135114642566;20260927_1334_g103
7;2025-12-03;0;61.28923712726767;20260927_1334_g103
7;2025-12-03;1;11.607302608858117;20260927_1334_g103
7;2025-12-03;2;0.0;20260927_1334_g103
7;2025-12-03;3;0.0;20260927_1334_g103
7;2025-12-03;4;1.684092754593756;20260927_1334_g103
7;2025-12-03;5;190.35153911547584;20260927_1334_g103
7;2025-12-03;6;636.1920172421093;20260927_1334_g103
7;2025-12-03;7;1623.1627370379636;20260927_1334_g103
7;2025-12-03;8;2487.6659003364316;20260927_1334_g103
7;2025-12-03;9;1785.0722123683704;20260927_1334_g103
7;2025-12-03;10;1672.5808315627933;20260927_1334_g103
7;2025-12-03;11;1538.4580820991953;20260927_1334_g103
7;2025-12-03;12;1666.7927756671002;20260927_1334_g103
7;2025-12-03;13;1589.1555229108478;20260927_1334_g103
7;2025-12-03;14;1676.876856084546;20260927_1334_g103
7;2025-12-03;15;1795.108487340826;20260927_1334_g103
7;2025-12-03;16;1827.0330423074067;20260927_1334_g103
7;2025-12-03;17;2322.6224059832466;20260927_1334_g103
7;2025-12-03;18;2614.4334698289786;20260927_1334_g103
7;2025-12-03;19;1725.9813983257177;20260927_1334_g103
7;2025-12-03;20;1109.396093432545;20260927_1334_g103
7;2025-12-03;21;640.4815729111258;20260927_1334_g103
7;2025-12-03;22;324.72424177123884;20260927_1334_g103
7;2025-12-03;23;193.76577580081224;20260927_1334_g103
7;2025-12-04;0;61.53873973132123;20260927_1334_g103
7;2025-12-04;1;11.799208813545244;20260927_1334_g103
7;2025-12-04;2;0.0;20260927_1334_g103
7;2025-12-04;3;0.0;20260927_1334_g103
7;2025-12-04;4;1.6352665609902963;20260927_1334_g103
7;2025-12-04;5;189.93713234924536;20260927_1334_g103
7;2025-12-04;6;634.9775270064076;20260927_1334_g103
7;2025-12-04;7;1625.3827702812803;20260927_1334_g103
7;2025-12-04;8;2487.5947085586645;20260927_1334_g103
7;2025-12-04;9;1785.9951651556237;20260927_1334_g103
7;2025-12-04;10;1669.403638988383;20260927_1334_g103
7;2025-12-04;11;1540.4016449320638;20260927_1334_g103
7;2025-12-04;12;1664.9624412061755;20260927_1334_g103
7;2025-12-04;13;1591.208297700316;20260927_1334_g103
7;2025-12-04;14;1681.4806196444117;20260927_1334_g103
7;2025-12-04;15;1797.6637492659686;20260927_1334_g103
7;2025-12-04;16;1828.4942881566758;20260927_1334_g103
7;2025-12-04;17;2320.7414969660003;20260927_1334_g103
7;2025-12-04;18;2623.479370141071;20260927_1334_g103
7;2025-12-04;19;1725.470368192255;20260927_1334_g103
7;2025-12-04;20;1111.6842314813375;20260927_1334_g103
7;2025-12-04;21;642.9986876336988;20260927_1334_g103
7;2025-12-04;22;325.39386723124716;20260927_1334_g103
7;2025-12-04;23;195.4573791606456;20260927_1334_g103
7;2025-12-05;0;69.92006150187451;20260927_1334_g103
7;2025-12-05;1;14.539240137568582;20260927_1334_g103
7;2025-12-05;2;0.0;20260927_1334_g103
7;2025-12-05;3;0.0;20260927_1334_g103
7;2025-12-05;4;1.1411768954617867;20260927_1334_g103
7;2025-12-05;5;176.40992709865878;20260927_1334_g103
7;2025-12-05;6;583.7610648777434;20260927_1334_g103
7;2025-12-05;7;1501.6975195992493;20260927_1334_g103
7;2025-12-05;8;2342.706599002213;20260927_1334_g103
7;2025-12-05;9;1730.6024892949276;20260927_1334_g103
7;2025-12-05;10;1680.951679643703;20260927_1334_g103
7;2025-12-05;11;1511.0627468733144;20260927_1334_g103
7;2025-12-05;12;1650.8251781533397;20260927_1334_g103
7;2025-12-05;13;1703.3341512108689;20260927_1334_g103
7;2025-12-05;14;1727.285722924945;20260927_1334_g103
7;2025-12-05;15;1884.6934169928456;20260927_1334_g103
7;2025-12-05;16;2081.5510116043006;20260927_1334_g103
7;2025-12-05;17;2338.9361793064554;20260927_1334_g103
7;2025-12-05;18;1993.8652016058147;20260927_1334_g103
7;2025-12-05;19;1412.6406681992341;20260927_1334_g103
7;2025-12-05;20;1031.4404165603087;20260927_1334_g103
7;2025-12-05;21;608.1050783859876;20260927_1334_g103
7;2025-12-05;22;351.23847788321694;20260927_1334_g103
7;2025-12-05;23;237.22111940317427;20260927_1334_g103
7;2025-12-06;0;116.88048028093591;20260927_1334_g103
7;2025-12-06;1;24.148859562176842;20260927_1334_g103
7;2025-12-06;2;0.0;20260927_1334_g103
7;2025-12-06;3;0.0;20260927_1334_g103
7;2025-12-06;4;0.0;20260927_1334_g103
7;2025-12-06;5;63.75298924414687;20260927_1334_g103
7;2025-12-06;6;315.795603327947;20260927_1334_g103
7;2025-12-06;7;485.2381430796127;20260927_1334_g103
7;2025-12-06;8;892.7279195500467;20260927_1334_g103
7;2025-12-06;9;1002.2272791874849;20260927_1334_g103
7;2025-12-06;10;1044.9717807935565;20260927_1334_g103
7;2025-12-06;11;1282.5572660524972;20260927_1334_g103
7;2025-12-06;12;1314.0202487906931;20260927_1334_g103
7;2025-12-06;13;1412.4913304999998;20260927_1334_g103
7;2025-12-06;14;1533.1605262459761;20260927_1334_g103
7;2025-12-06;15;1293.8392219100094;20260927_1334_g103
7;2025-12-06;16;1338.20741358428;20260927_1334_g103
7;2025-12-06;17;1326.620312207996;20260927_1334_g103
7;2025-12-06;18;1151.862173380256;20260927_1334_g103
7;2025-12-06;19;1141.5445816127537;20260927_1334_g103
7;2025-12-06;20;900.6772803264571;20260927_1334_g103
7;2025-12-06;21;730.5166667653594;20260927_1334_g103
7;2025-12-06;22;393.4946660436078;20260927_1334_g103
7;2025-12-06;23;226.59240927937887;20260927_1334_g103
7;2025-12-07;0;96.94498304284767;20260927_1334_g103
7;2025-12-07;1;18.05837919425594;20260927_1334_g103
7;2025-12-07;2;0.0;20260927_1334_g103
7;2025-12-07;3;0.0;20260927_1334_g103
7;2025-12-07;4;0.0;20260927_1334_g103
7;2025-12-07;5;38.96808141918387;20260927_1334_g103
7;2025-12-07;6;217.60163324900427;20260927_1334_g103
7;2025-12-07;7;328.63560928718664;20260927_1334_g103
7;2025-12-07;8;534.6056509023643;20260927_1334_g103
7;2025-12-07;9;704.995012018691;20260927_1334_g103
7;2025-12-07;10;794.7037604386534;20260927_1334_g103
7;2025-12-07;11;1007.2724092146354;20260927_1334_g103
7;2025-12-07;12;1088.0619573988238;20260927_1334_g103
7;2025-12-07;13;1141.5812838227007;20260927_1334_g103
7;2025-12-07;14;1244.0367375989763;20260927_1334_g103
7;2025-12-07;15;1168.0487319993392;20260927_1334_g103
7;2025-12-07;16;1140.5125920370963;20260927_1334_g103
7;2025-12-07;17;1099.5490384255065;20260927_1334_g103
7;2025-12-07;18;945.6499993722573;20260927_1334_g103
7;2025-12-07;19;896.3146172279039;20260927_1334_g103
7;2025-12-07;20;692.3017658077001;20260927_1334_g103
7;2025-12-07;21;561.6040778888067;20260927_1334_g103
7;2025-12-07;22;321.18355003601744;20260927_1334_g103
7;2025-12-07;23;168.55241880865876;20260927_1334_g103
7;2025-12-08;0;61.54458087627103;20260927_1334_g103
7;2025-12-08;1;11.725669567025356;20260927_1334_g103
7;2025-12-08;2;0.0;20260927_1334_g103
7;2025-12-08;3;0.0;20260927_1334_g103
7;2025-12-08;4;1.5954199723960025;20260927_1334_g103
7;2025-12-08;5;188.6275340646148;20260927_1334_g103
7;2025-12-08;6;629.8849330480439;20260927_1334_g103
7;2025-12-08;7;1618.7426782495527;20260927_1334_g103
7;2025-12-08;8;2482.1781287598906;20260927_1334_g103
7;2025-12-08;9;1778.5094060581118;20260927_1334_g103
7;2025-12-08;10;1660.6256115325987;20260927_1334_g103
7;2025-12-08;11;1535.999564241345;20260927_1334_g103
7;2025-12-08;12;1650.374080452566;20260927_1334_g103
7;2025-12-08;13;1584.9661845807655;20260927_1334_g103
7;2025-12-08;14;1673.2774239732164;20260927_1334_g103
7;2025-12-08;15;1787.6956030893757;20260927_1334_g103
7;2025-12-08;16;1818.3190633079537;20260927_1334_g103
7;2025-12-08;17;2312.90568396306;20260927_1334_g103
7;2025-12-08;18;2607.640344100034;20260927_1334_g103
7;2025-12-08;19;1722.6394832998628;20260927_1334_g103
7;2025-12-08;20;1105.165930388079;20260927_1334_g103
7;2025-12-08;21;636.1816024240794;20260927_1334_g103
7;2025-12-08;22;322.95380418758907;20260927_1334_g103
7;2025-12-08;23;191.47194451338694;20260927_1334_g103
7;2025-12-09;0;61.315306396516576;20260927_1334_g103
7;2025-12-09;1;11.841537338380688;20260927_1334_g103
7;2025-12-09;2;0.0;20260927_1334_g103
7;2025-12-09;3;0.0;20260927_1334_g103
7;2025-12-09;4;1.6578802148537441;20260927_1334_g103
7;2025-12-09;5;190.43991915193385;20260927_1334_g103
7;2025-12-09;6;633.6319242703801;20260927_1334_g103
7;2025-12-09;7;1623.8460004175517;20260927_1334_g103
7;2025-12-09;8;2487.314414464955;20260927_1334_g103
7;2025-12-09;9;1789.9978473356764;20260927_1334_g103
7;2025-12-09;10;1667.7378902450853;20260927_1334_g103
7;2025-12-09;11;1538.6208540196947;20260927_1334_g103
7;2025-12-09;12;1660.8159078894348;20260927_1334_g103
7;2025-12-09;13;1589.7816679772134;20260927_1334_g103
7;2025-12-09;14;1676.233654196921;20260927_1334_g103
7;2025-12-09;15;1795.0355827719768;20260927_1334_g103
7;2025-12-09;16;1824.789364210613;20260927_1334_g103
7;2025-12-09;17;2316.70293476951;20260927_1334_g103
7;2025-12-09;18;2616.46750693893;20260927_1334_g103
7;2025-12-09;19;1728.595639616216;20260927_1334_g103
7;2025-12-09;20;1118.308423169;20260927_1334_g103
7;2025-12-09;21;643.3315117189894;20260927_1334_g103
7;2025-12-09;22;326.57743731714197;20260927_1334_g103
7;2025-12-09;23;194.9135114642566;20260927_1334_g103
7;2025-12-10;0;61.28923712726767;20260927_1334_g103
7;2025-12-10;1;11.607302608858117;20260927_1334_g103
7;2025-12-10;2;0.0;20260927_1334_g103
7;2025-12-10;3;0.0;20260927_1334_g103
7;2025-12-10;4;1.684092754593756;20260927_1334_g103
7;2025-12-10;5;190.35153911547584;20260927_1334_g103
7;2025-12-10;6;636.1920172421093;20260927_1334_g103
7;2025-12-10;7;1623.1627370379636;20260927_1334_g103
7;2025-12-10;8;2487.6659003364316;20260927_1334_g103
7;2025-12-10;9;1785.0722123683704;20260927_1334_g103
7;2025-12-10;10;1672.5808315627933;20260927_1334_g103
7;2025-12-10;11;1538.4580820991953;20260927_1334_g103
7;2025-12-10;12;1666.7927756671002;20260927_1334_g103
7;2025-12-10;13;1589.1555229108478;20260927_1334_g103
7;2025-12-10;14;1676.876856084546;20260927_1334_g103
7;2025-12-10;15;1795.108487340826;20260927_1334_g103
7;2025-12-10;16;1827.0330423074067;20260927_1334_g103
7;2025-12-10;17;2322.6224059832466;20260927_1334_g103
7;2025-12-10;18;2614.4334698289786;20260927_1334_g103
7;2025-12-10;19;1725.9813983257177;20260927_1334_g103
7;2025-12-10;20;1109.396093432545;20260927_1334_g103
7;2025-12-10;21;640.4815729111258;20260927_1334_g103
7;2025-12-10;22;324.72424177123884;20260927_1334_g103
7;2025-12-10;23;193.76577580081224;20260927_1334_g103
7;2025-12-11;0;61.53873973132123;20260927_1334_g103
7;2025-12-11;1;11.799208813545244;20260927_1334_g103
7;2025-12-11;2;0.0;20260927_1334_g103
7;2025-12-11;3;0.0;20260927_1334_g103
7;2025-12-11;4;1.6352665609902963;20260927_1334_g103
7;2025-12-11;5;189.93713234924536;20260927_1334_g103
7;2025-12-11;6;634.9775270064076;20260927_1334_g103
7;2025-12-11;7;1625.3827702812803;20260927_1334_g103
7;2025-12-11;8;2487.5947085586645;20260927_1334_g103
7;2025-12-11;9;1785.9951651556237;20260927_1334_g103
7;2025-12-11;10;1669.403638988383;20260927_1334_g103
7;2025-12-11;11;1540.4016449320638;20260927_1334_g103
7;2025-12-11;12;1664.9624412061755;20260927_1334_g103
7;2025-12-11;13;1591.208297700316;20260927_1334_g103
7;2025-12-11;14;1681.4806196444117;20260927_1334_g103
7;2025-12-11;15;1797.6637492659686;20260927_1334_g103
7;2025-12-11;16;1828.4942881566758;20260927_1334_g103
7;2025-12-11;17;2320.7414969660003;20260927_1334_g103
7;2025-12-11;18;2623.479370141071;20260927_1334_g103
7;2025-12-11;19;1725.470368192255;20260927_1334_g103
7;2025-12-11;20;1111.6842314813375;20260927_1334_g103
7;2025-12-11;21;642.9986876336988;20260927_1334_g103
7;2025-12-11;22;325.39386723124716;20260927_1334_g103
7;2025-12-11;23;195.4573791606456;20260927_1334_g103
7;2025-12-12;0;69.92006150187451;20260927_1334_g103
7;2025-12-12;1;14.539240137568582;20260927_1334_g103
7;2025-12-12;2;0.0;20260927_1334_g103
7;2025-12-12;3;0.0;20260927_1334_g103
7;2025-12-12;4;1.1411768954617867;20260927_1334_g103
7;2025-12-12;5;176.40992709865878;20260927_1334_g103
7;2025-12-12;6;583.7610648777434;20260927_1334_g103
7;2025-12-12;7;1501.6975195992493;20260927_1334_g103
7;2025-12-12;8;2342.706599002213;20260927_1334_g103
7;2025-12-12;9;1730.6024892949276;20260927_1334_g103
7;2025-12-12;10;1680.951679643703;20260927_1334_g103
7;2025-12-12;11;1511.0627468733144;20260927_1334_g103
7;2025-12-12;12;1650.8251781533397;20260927_1334_g103
7;2025-12-12;13;1703.3341512108689;20260927_1334_g103
7;2025-12-12;14;1727.285722924945;20260927_1334_g103
7;2025-12-12;15;1884.6934169928456;20260927_1334_g103
7;2025-12-12;16;2081.5510116043006;20260927_1334_g103
7;2025-12-12;17;2338.9361793064554;20260927_1334_g103
7;2025-12-12;18;1993.8652016058147;20260927_1334_g103
7;2025-12-12;19;1412.6406681992341;20260927_1334_g103
7;2025-12-12;20;1031.4404165603087;20260927_1334_g103
7;2025-12-12;21;608.1050783859876;20260927_1334_g103
7;2025-12-12;22;351.23847788321694;20260927_1334_g103
7;2025-12-12;23;237.22111940317427;20260927_1334_g103
7;2025-12-13;0;116.88048028093591;20260927_1334_g103
7;2025-12-13;1;24.148859562176842;20260927_1334_g103
7;2025-12-13;2;0.0;20260927_1334_g103
7;2025-12-13;3;0.0;20260927_1334_g103
7;2025-12-13;4;0.0;20260927_1334_g103
7;2025-12-13;5;63.75298924414687;20260927_1334_g103
7;2025-12-13;6;315.795603327947;20260927_1334_g103
7;2025-12-13;7;485.2381430796127;20260927_1334_g103
7;2025-12-13;8;892.7279195500467;20260927_1334_g103
7;2025-12-13;9;1002.2272791874849;20260927_1334_g103
7;2025-12-13;10;1044.9717807935565;20260927_1334_g103
7;2025-12-13;11;1282.5572660524972;20260927_1334_g103
7;2025-12-13;12;1314.0202487906931;20260927_1334_g103
7;2025-12-13;13;1412.4913304999998;20260927_1334_g103
7;2025-12-13;14;1533.1605262459761;20260927_1334_g103
7;2025-12-13;15;1293.8392219100094;20260927_1334_g103
7;2025-12-13;16;1338.20741358428;20260927_1334_g103
7;2025-12-13;17;1326.620312207996;20260927_1334_g103
7;2025-12-13;18;1151.862173380256;20260927_1334_g103
7;2025-12-13;19;1141.5445816127537;20260927_1334_g103
7;2025-12-13;20;900.6772803264571;20260927_1334_g103
7;2025-12-13;21;730.5166667653594;20260927_1334_g103
7;2025-12-13;22;393.4946660436078;20260927_1334_g103
7;2025-12-13;23;226.59240927937887;20260927_1334_g103
7;2025-12-14;0;96.94498304284767;20260927_1334_g103
7;2025-12-14;1;18.05837919425594;20260927_1334_g103
7;2025-12-14;2;0.0;20260927_1334_g103
7;2025-12-14;3;0.0;20260927_1334_g103
7;2025-12-14;4;0.0;20260927_1334_g103
7;2025-12-14;5;38.96808141918387;20260927_1334_g103
7;2025-12-14;6;217.60163324900427;20260927_1334_g103
7;2025-12-14;7;328.63560928718664;20260927_1334_g103
7;2025-12-14;8;534.6056509023643;20260927_1334_g103
7;2025-12-14;9;704.995012018691;20260927_1334_g103
7;2025-12-14;10;794.7037604386534;20260927_1334_g103
7;2025-12-14;11;1007.2724092146354;20260927_1334_g103
7;2025-12-14;12;1088.0619573988238;20260927_1334_g103
7;2025-12-14;13;1141.5812838227007;20260927_1334_g103
7;2025-12-14;14;1244.0367375989763;20260927_1334_g103
7;2025-12-14;15;1168.0487319993392;20260927_1334_g103
7;2025-12-14;16;1140.5125920370963;20260927_1334_g103
7;2025-12-14;17;1099.5490384255065;20260927_1334_g103
7;2025-12-14;18;945.6499993722573;20260927_1334_g103
7;2025-12-14;19;896.3146172279039;20260927_1334_g103
7;2025-12-14;20;692.3017658077001;20260927_1334_g103
7;2025-12-14;21;561.6040778888067;20260927_1334_g103
7;2025-12-14;22;321.18355003601744;20260927_1334_g103
7;2025-12-14;23;168.55241880865876;20260927_1334_g103
7;2025-12-15;0;61.54458087627103;20260927_1334_g103
7;2025-12-15;1;11.725669567025356;20260927_1334_g103
7;2025-12-15;2;0.0;20260927_1334_g103
7;2025-12-15;3;0.0;20260927_1334_g103
7;2025-12-15;4;1.5954199723960025;20260927_1334_g103
7;2025-12-15;5;188.6275340646148;20260927_1334_g103
7;2025-12-15;6;629.8849330480439;20260927_1334_g103
7;2025-12-15;7;1618.7426782495527;20260927_1334_g103
7;2025-12-15;8;2482.1781287598906;20260927_1334_g103
7;2025-12-15;9;1778.5094060581118;20260927_1334_g103
7;2025-12-15;10;1660.6256115325987;20260927_1334_g103
7;2025-12-15;11;1535.999564241345;20260927_1334_g103
7;2025-12-15;12;1650.374080452566;20260927_1334_g103
7;2025-12-15;13;1584.9661845807655;20260927_1334_g103
7;2025-12-15;14;1673.2774239732164;20260927_1334_g103
7;2025-12-15;15;1787.6956030893757;20260927_1334_g103
7;2025-12-15;16;1818.3190633079537;20260927_1334_g103
7;2025-12-15;17;2312.90568396306;20260927_1334_g103
7;2025-12-15;18;2607.640344100034;20260927_1334_g103
7;2025-12-15;19;1722.6394832998628;20260927_1334_g103
7;2025-12-15;20;1105.165930388079;20260927_1334_g103
7;2025-12-15;21;636.1816024240794;20260927_1334_g103
7;2025-12-15;22;322.95380418758907;20260927_1334_g103
7;2025-12-15;23;191.47194451338694;20260927_1334_g103
7;2025-12-16;0;61.315306396516576;20260927_1334_g103
7;2025-12-16;1;11.841537338380688;20260927_1334_g103
7;2025-12-16;2;0.0;20260927_1334_g103
7;2025-12-16;3;0.0;20260927_1334_g103
7;2025-12-16;4;1.6578802148537441;20260927_1334_g103
7;2025-12-16;5;190.43991915193385;20260927_1334_g103
7;2025-12-16;6;633.6319242703801;20260927_1334_g103
7;2025-12-16;7;1623.8460004175517;20260927_1334_g103
7;2025-12-16;8;2487.314414464955;20260927_1334_g103
7;2025-12-16;9;1789.9978473356764;20260927_1334_g103
7;2025-12-16;10;1667.7378902450853;20260927_1334_g103
7;2025-12-16;11;1538.6208540196947;20260927_1334_g103
7;2025-12-16;12;1660.8159078894348;20260927_1334_g103
7;2025-12-16;13;1589.7816679772134;20260927_1334_g103
7;2025-12-16;14;1676.233654196921;20260927_1334_g103
7;2025-12-16;15;1795.0355827719768;20260927_1334_g103
7;2025-12-16;16;1824.789364210613;20260927_1334_g103
7;2025-12-16;17;2316.70293476951;20260927_1334_g103
7;2025-12-16;18;2616.46750693893;20260927_1334_g103
7;2025-12-16;19;1728.595639616216;20260927_1334_g103
7;2025-12-16;20;1118.308423169;20260927_1334_g103
7;2025-12-16;21;643.3315117189894;20260927_1334_g103
7;2025-12-16;22;326.57743731714197;20260927_1334_g103
7;2025-12-16;23;194.9135114642566;20260927_1334_g103
7;2025-12-17;0;61.28923712726767;20260927_1334_g103
7;2025-12-17;1;11.607302608858117;20260927_1334_g103
7;2025-12-17;2;0.0;20260927_1334_g103
7;2025-12-17;3;0.0;20260927_1334_g103
7;2025-12-17;4;1.684092754593756;20260927_1334_g103
7;2025-12-17;5;190.35153911547584;20260927_1334_g103
7;2025-12-17;6;636.1920172421093;20260927_1334_g103
7;2025-12-17;7;1623.1627370379636;20260927_1334_g103
7;2025-12-17;8;2487.6659003364316;20260927_1334_g103
7;2025-12-17;9;1785.0722123683704;20260927_1334_g103
7;2025-12-17;10;1672.5808315627933;20260927_1334_g103
7;2025-12-17;11;1538.4580820991953;20260927_1334_g103
7;2025-12-17;12;1666.7927756671002;20260927_1334_g103
7;2025-12-17;13;1589.1555229108478;20260927_1334_g103
7;2025-12-17;14;1676.876856084546;20260927_1334_g103
7;2025-12-17;15;1795.108487340826;20260927_1334_g103
7;2025-12-17;16;1827.0330423074067;20260927_1334_g103
7;2025-12-17;17;2322.6224059832466;20260927_1334_g103
7;2025-12-17;18;2614.4334698289786;20260927_1334_g103
7;2025-12-17;19;1725.9813983257177;20260927_1334_g103
7;2025-12-17;20;1109.396093432545;20260927_1334_g103
7;2025-12-17;21;640.4815729111258;20260927_1334_g103
7;2025-12-17;22;324.72424177123884;20260927_1334_g103
7;2025-12-17;23;193.76577580081224;20260927_1334_g103
7;2025-12-18;0;61.53873973132123;20260927_1334_g103
7;2025-12-18;1;11.799208813545244;20260927_1334_g103
7;2025-12-18;2;0.0;20260927_1334_g103
7;2025-12-18;3;0.0;20260927_1334_g103
7;2025-12-18;4;1.6352665609902963;20260927_1334_g103
7;2025-12-18;5;189.93713234924536;20260927_1334_g103
7;2025-12-18;6;634.9144268024329;20260927_1334_g103
7;2025-12-18;7;1625.1094825937473;20260927_1334_g103
7;2025-12-18;8;2486.6126442412383;20260927_1334_g103
7;2025-12-18;9;1785.0232294490713;20260927_1334_g103
7;2025-12-18;10;1669.0360116782915;20260927_1334_g103
7;2025-12-18;11;1538.5245711836378;20260927_1334_g103
7;2025-12-18;12;1664.4838973597832;20260927_1334_g103
7;2025-12-18;13;1590.035112850472;20260927_1334_g103
7;2025-12-18;14;1680.4715955562017;20260927_1334_g103
7;2025-12-18;15;1797.1837683579088;20260927_1334_g103
7;2025-12-18;16;1827.0679713396435;20260927_1334_g103
7;2025-12-18;17;2320.3491982393693;20260927_1334_g103
7;2025-12-18;18;2623.1449720351484;20260927_1334_g103
7;2025-12-18;19;1454.1462206756757;20260927_1334_g103
7;2025-12-18;20;935.8560507628401;20260927_1334_g103
7;2025-12-18;21;541.6584894892645;20260927_1334_g103
7;2025-12-18;22;325.39386723124716;20260927_1334_g103
7;2025-12-18;23;195.4573791606456;20260927_1334_g103
7;2025-12-19;0;69.92006150187451;20260927_1334_g103
7;2025-12-19;1;14.539240137568582;20260927_1334_g103
7;2025-12-19;2;0.0;20260927_1334_g103
7;2025-12-19;3;0.0;20260927_1334_g103
7;2025-12-19;4;1.1411768954617867;20260927_1334_g103
7;2025-12-19;5;176.40992709865878;20260927_1334_g103
7;2025-12-19;6;583.7610648777434;20260927_1334_g103
7;2025-12-19;7;1501.6975195992493;20260927_1334_g103
7;2025-12-19;8;2342.706599002213;20260927_1334_g103
7;2025-12-19;9;1730.6024892949276;20260927_1334_g103
7;2025-12-19;10;1680.951679643703;20260927_1334_g103
7;2025-12-19;11;1511.0627468733144;20260927_1334_g103
7;2025-12-19;12;1650.8251781533397;20260927_1334_g103
7;2025-12-19;13;1703.3341512108689;20260927_1334_g103
7;2025-12-19;14;1727.285722924945;20260927_1334_g103
7;2025-12-19;15;1884.6934169928456;20260927_1334_g103
7;2025-12-19;16;2081.5510116043006;20260927_1334_g103
7;2025-12-19;17;2338.9361793064554;20260927_1334_g103
7;2025-12-19;18;1993.8652016058147;20260927_1334_g103
7;2025-12-19;19;1412.6406681992341;20260927_1334_g103
7;2025-12-19;20;1031.4404165603087;20260927_1334_g103
7;2025-12-19;21;608.1050783859876;20260927_1334_g103
7;2025-12-19;22;351.23847788321694;20260927_1334_g103
7;2025-12-19;23;237.22111940317427;20260927_1334_g103
7;2025-12-20;0;116.88048028093591;20260927_1334_g103
7;2025-12-20;1;24.148859562176842;20260927_1334_g103
7;2025-12-20;2;0.0;20260927_1334_g103
7;2025-12-20;3;0.0;20260927_1334_g103
7;2025-12-20;4;0.0;20260927_1334_g103
7;2025-12-20;5;63.75298924414687;20260927_1334_g103
7;2025-12-20;6;315.795603327947;20260927_1334_g103
7;2025-12-20;7;485.2381430796127;20260927_1334_g103
7;2025-12-20;8;892.7279195500467;20260927_1334_g103
7;2025-12-20;9;1002.2272791874849;20260927_1334_g103
7;2025-12-20;10;1044.9717807935565;20260927_1334_g103
7;2025-12-20;11;1282.5572660524972;20260927_1334_g103
7;2025-12-20;12;1314.0202487906931;20260927_1334_g103
7;2025-12-20;13;1412.4913304999998;20260927_1334_g103
7;2025-12-20;14;1533.1605262459761;20260927_1334_g103
7;2025-12-20;15;1293.8392219100094;20260927_1334_g103
7;2025-12-20;16;1338.20741358428;20260927_1334_g103
7;2025-12-20;17;1326.620312207996;20260927_1334_g103
7;2025-12-20;18;1151.862173380256;20260927_1334_g103
7;2025-12-20;19;1141.5445816127537;20260927_1334_g103
7;2025-12-20;20;900.6772803264571;20260927_1334_g103
7;2025-12-20;21;730.5166667653594;20260927_1334_g103
7;2025-12-20;22;393.4946660436078;20260927_1334_g103
7;2025-12-20;23;226.59240927937887;20260927_1334_g103
7;2025-12-21;0;96.94498304284767;20260927_1334_g103
7;2025-12-21;1;18.05837919425594;20260927_1334_g103
7;2025-12-21;2;0.0;20260927_1334_g103
7;2025-12-21;3;0.0;20260927_1334_g103
7;2025-12-21;4;0.0;20260927_1334_g103
7;2025-12-21;5;38.96808141918387;20260927_1334_g103
7;2025-12-21;6;217.60163324900427;20260927_1334_g103
7;2025-12-21;7;328.63560928718664;20260927_1334_g103
7;2025-12-21;8;534.6056509023643;20260927_1334_g103
7;2025-12-21;9;704.995012018691;20260927_1334_g103
7;2025-12-21;10;794.7037604386534;20260927_1334_g103
7;2025-12-21;11;1007.2724092146354;20260927_1334_g103
7;2025-12-21;12;1088.0619573988238;20260927_1334_g103
7;2025-12-21;13;1141.5812838227007;20260927_1334_g103
7;2025-12-21;14;1244.0367375989763;20260927_1334_g103
7;2025-12-21;15;1168.0487319993392;20260927_1334_g103
7;2025-12-21;16;1140.5125920370963;20260927_1334_g103
7;2025-12-21;17;1099.5490384255065;20260927_1334_g103
7;2025-12-21;18;945.6499993722573;20260927_1334_g103
7;2025-12-21;19;896.3146172279039;20260927_1334_g103
7;2025-12-21;20;692.3017658077001;20260927_1334_g103
7;2025-12-21;21;561.6040778888067;20260927_1334_g103
7;2025-12-21;22;321.18355003601744;20260927_1334_g103
7;2025-12-21;23;168.55241880865876;20260927_1334_g103
7;2025-12-22;0;61.54458087627103;20260927_1334_g103
7;2025-12-22;1;11.725669567025356;20260927_1334_g103
7;2025-12-22;2;0.0;20260927_1334_g103
7;2025-12-22;3;0.0;20260927_1334_g103
7;2025-12-22;4;1.5954199723960025;20260927_1334_g103
7;2025-12-22;5;188.6275340646148;20260927_1334_g103
7;2025-12-22;6;629.8849330480439;20260927_1334_g103
7;2025-12-22;7;1618.7426782495527;20260927_1334_g103
7;2025-12-22;8;2482.1781287598906;20260927_1334_g103
7;2025-12-22;9;1778.5094060581118;20260927_1334_g103
7;2025-12-22;10;1660.6256115325987;20260927_1334_g103
7;2025-12-22;11;1535.999564241345;20260927_1334_g103
7;2025-12-22;12;1650.374080452566;20260927_1334_g103
7;2025-12-22;13;1584.9661845807655;20260927_1334_g103
7;2025-12-22;14;1673.2774239732164;20260927_1334_g103
7;2025-12-22;15;1787.6956030893757;20260927_1334_g103
7;2025-12-22;16;1818.3190633079537;20260927_1334_g103
7;2025-12-22;17;2312.90568396306;20260927_1334_g103
7;2025-12-22;18;2607.640344100034;20260927_1334_g103
7;2025-12-22;19;1722.6394832998628;20260927_1334_g103
7;2025-12-22;20;1105.165930388079;20260927_1334_g103
7;2025-12-22;21;636.1816024240794;20260927_1334_g103
7;2025-12-22;22;322.95380418758907;20260927_1334_g103
7;2025-12-22;23;191.47194451338694;20260927_1334_g103
7;2025-12-23;0;61.315306396516576;20260927_1334_g103
7;2025-12-23;1;11.841537338380688;20260927_1334_g103
7;2025-12-23;2;0.0;20260927_1334_g103
7;2025-12-23;3;0.0;20260927_1334_g103
7;2025-12-23;4;1.6578802148537441;20260927_1334_g103
7;2025-12-23;5;190.43991915193385;20260927_1334_g103
7;2025-12-23;6;633.6319242703801;20260927_1334_g103
7;2025-12-23;7;1623.8460004175517;20260927_1334_g103
7;2025-12-23;8;2487.314414464955;20260927_1334_g103
7;2025-12-23;9;1789.9978473356764;20260927_1334_g103
7;2025-12-23;10;1667.7378902450853;20260927_1334_g103
7;2025-12-23;11;1538.6208540196947;20260927_1334_g103
7;2025-12-23;12;1660.8159078894348;20260927_1334_g103
7;2025-12-23;13;1589.7816679772134;20260927_1334_g103
7;2025-12-23;14;1676.233654196921;20260927_1334_g103
7;2025-12-23;15;1795.0355827719768;20260927_1334_g103
7;2025-12-23;16;1824.789364210613;20260927_1334_g103
7;2025-12-23;17;2316.70293476951;20260927_1334_g103
7;2025-12-23;18;2616.46750693893;20260927_1334_g103
7;2025-12-23;19;1728.595639616216;20260927_1334_g103
7;2025-12-23;20;1118.308423169;20260927_1334_g103
7;2025-12-23;21;643.3315117189894;20260927_1334_g103
7;2025-12-23;22;326.57743731714197;20260927_1334_g103
7;2025-12-23;23;194.9135114642566;20260927_1334_g103
7;2025-12-24;0;61.28923712726767;20260927_1334_g103
7;2025-12-24;1;11.607302608858117;20260927_1334_g103
7;2025-12-24;2;0.0;20260927_1334_g103
7;2025-12-24;3;0.0;20260927_1334_g103
7;2025-12-24;4;1.684092754593756;20260927_1334_g103
7;2025-12-24;5;190.35153911547584;20260927_1334_g103
7;2025-12-24;6;636.1920172421093;20260927_1334_g103
7;2025-12-24;7;1623.1627370379636;20260927_1334_g103
7;2025-12-24;8;2487.6659003364316;20260927_1334_g103
7;2025-12-24;9;1785.0722123683704;20260927_1334_g103
7;2025-12-24;10;1672.5808315627933;20260927_1334_g103
7;2025-12-24;11;1538.4580820991953;20260927_1334_g103
7;2025-12-24;12;1666.7927756671002;20260927_1334_g103
7;2025-12-24;13;1589.1555229108478;20260927_1334_g103
7;2025-12-24;14;1676.876856084546;20260927_1334_g103
7;2025-12-24;15;1795.108487340826;20260927_1334_g103
7;2025-12-24;16;1827.0330423074067;20260927_1334_g103
7;2025-12-24;17;2322.6224059832466;20260927_1334_g103
7;2025-12-24;18;2614.4334698289786;20260927_1334_g103
7;2025-12-24;19;1725.9813983257177;20260927_1334_g103
7;2025-12-24;20;1109.396093432545;20260927_1334_g103
7;2025-12-24;21;640.4815729111258;20260927_1334_g103
7;2025-12-24;22;324.72424177123884;20260927_1334_g103
7;2025-12-24;23;193.76577580081224;20260927_1334_g103
7;2025-12-25;0;61.53873973132123;20260927_1334_g103
7;2025-12-25;1;11.799208813545244;20260927_1334_g103
7;2025-12-25;2;0.0;20260927_1334_g103
7;2025-12-25;3;0.0;20260927_1334_g103
7;2025-12-25;4;1.6352665609902963;20260927_1334_g103
7;2025-12-25;5;189.93713234924536;20260927_1334_g103
7;2025-12-25;6;634.9775270064076;20260927_1334_g103
7;2025-12-25;7;1625.3827702812803;20260927_1334_g103
7;2025-12-25;8;2487.5947085586645;20260927_1334_g103
7;2025-12-25;9;1785.9951651556237;20260927_1334_g103
7;2025-12-25;10;1669.403638988383;20260927_1334_g103
7;2025-12-25;11;1540.4016449320638;20260927_1334_g103
7;2025-12-25;12;1664.9624412061755;20260927_1334_g103
7;2025-12-25;13;1591.208297700316;20260927_1334_g103
7;2025-12-25;14;1681.4806196444117;20260927_1334_g103
7;2025-12-25;15;1797.6637492659686;20260927_1334_g103
7;2025-12-25;16;1828.4942881566758;20260927_1334_g103
7;2025-12-25;17;2320.7414969660003;20260927_1334_g103
7;2025-12-25;18;2623.479370141071;20260927_1334_g103
7;2025-12-25;19;1725.470368192255;20260927_1334_g103
7;2025-12-25;20;1111.6842314813375;20260927_1334_g103
7;2025-12-25;21;642.9986876336988;20260927_1334_g103
7;2025-12-25;22;325.39386723124716;20260927_1334_g103
7;2025-12-25;23;195.4573791606456;20260927_1334_g103
7;2025-12-26;0;69.92006150187451;20260927_1334_g103
7;2025-12-26;1;14.539240137568582;20260927_1334_g103
7;2025-12-26;2;0.0;20260927_1334_g103
7;2025-12-26;3;0.0;20260927_1334_g103
7;2025-12-26;4;1.1411768954617867;20260927_1334_g103
7;2025-12-26;5;176.40992709865878;20260927_1334_g103
7;2025-12-26;6;583.7610648777434;20260927_1334_g103
7;2025-12-26;7;1501.6975195992493;20260927_1334_g103
7;2025-12-26;8;2342.706599002213;20260927_1334_g103
7;2025-12-26;9;1730.6024892949276;20260927_1334_g103
7;2025-12-26;10;1680.951679643703;20260927_1334_g103
7;2025-12-26;11;1511.0627468733144;20260927_1334_g103
7;2025-12-26;12;1650.8251781533397;20260927_1334_g103
7;2025-12-26;13;1703.3341512108689;20260927_1334_g103
7;2025-12-26;14;1727.285722924945;20260927_1334_g103
7;2025-12-26;15;1884.6934169928456;20260927_1334_g103
7;2025-12-26;16;2081.5510116043006;20260927_1334_g103
7;2025-12-26;17;2338.9361793064554;20260927_1334_g103
7;2025-12-26;18;1993.8652016058147;20260927_1334_g103
7;2025-12-26;19;1412.6406681992341;20260927_1334_g103
7;2025-12-26;20;1031.4404165603087;20260927_1334_g103
7;2025-12-26;21;608.1050783859876;20260927_1334_g103
7;2025-12-26;22;351.23847788321694;20260927_1334_g103
7;2025-12-26;23;237.22111940317427;20260927_1334_g103
7;2025-12-27;0;116.88048028093591;20260927_1334_g103
7;2025-12-27;1;24.148859562176842;20260927_1334_g103
7;2025-12-27;2;0.0;20260927_1334_g103
7;2025-12-27;3;0.0;20260927_1334_g103
7;2025-12-27;4;0.0;20260927_1334_g103
7;2025-12-27;5;63.75298924414687;20260927_1334_g103
7;2025-12-27;6;315.795603327947;20260927_1334_g103
7;2025-12-27;7;485.2381430796127;20260927_1334_g103
7;2025-12-27;8;892.7279195500467;20260927_1334_g103
7;2025-12-27;9;1002.2272791874849;20260927_1334_g103
7;2025-12-27;10;1044.9717807935565;20260927_1334_g103
7;2025-12-27;11;1282.5572660524972;20260927_1334_g103
7;2025-12-27;12;1314.0202487906931;20260927_1334_g103
7;2025-12-27;13;1412.4913304999998;20260927_1334_g103
7;2025-12-27;14;1533.1605262459761;20260927_1334_g103
7;2025-12-27;15;1293.8392219100094;20260927_1334_g103
7;2025-12-27;16;1338.20741358428;20260927_1334_g103
7;2025-12-27;17;1326.620312207996;20260927_1334_g103
7;2025-12-27;18;1151.862173380256;20260927_1334_g103
7;2025-12-27;19;1141.5445816127537;20260927_1334_g103
7;2025-12-27;20;900.6772803264571;20260927_1334_g103
7;2025-12-27;21;730.5166667653594;20260927_1334_g103
7;2025-12-27;22;393.4946660436078;20260927_1334_g103
7;2025-12-27;23;226.59240927937887;20260927_1334_g103
7;2025-12-28;0;96.94498304284767;20260927_1334_g103
7;2025-12-28;1;18.05837919425594;20260927_1334_g103
7;2025-12-28;2;0.0;20260927_1334_g103
7;2025-12-28;3;0.0;20260927_1334_g103
7;2025-12-28;4;0.0;20260927_1334_g103
7;2025-12-28;5;38.96808141918387;20260927_1334_g103
7;2025-12-28;6;217.60163324900427;20260927_1334_g103
7;2025-12-28;7;328.63560928718664;20260927_1334_g103
7;2025-12-28;8;534.6056509023643;20260927_1334_g103
7;2025-12-28;9;704.995012018691;20260927_1334_g103
7;2025-12-28;10;794.7037604386534;20260927_1334_g103
7;2025-12-28;11;1007.2724092146354;20260927_1334_g103
7;2025-12-28;12;1088.0619573988238;20260927_1334_g103
7;2025-12-28;13;1141.5812838227007;20260927_1334_g103
7;2025-12-28;14;1244.0367375989763;20260927_1334_g103
7;2025-12-28;15;1168.0487319993392;20260927_1334_g103
7;2025-12-28;16;1140.5125920370963;20260927_1334_g103
7;2025-12-28;17;1099.5490384255065;20260927_1334_g103
7;2025-12-28;18;945.6499993722573;20260927_1334_g103
7;2025-12-28;19;896.3146172279039;20260927_1334_g103
7;2025-12-28;20;692.3017658077001;20260927_1334_g103
7;2025-12-28;21;561.6040778888067;20260927_1334_g103
7;2025-12-28;22;321.18355003601744;20260927_1334_g103
7;2025-12-28;23;168.55241880865876;20260927_1334_g103
7;2025-12-29;0;55.268491463774346;20260927_1334_g103
7;2025-12-29;1;10.529929022914901;20260927_1334_g103
7;2025-12-29;2;0.0;20260927_1334_g103
7;2025-12-29;3;0.0;20260927_1334_g103
7;2025-12-29;4;1.4327249267124453;20260927_1334_g103
7;2025-12-29;5;169.39199370358315;20260927_1334_g103
7;2025-12-29;6;565.6515902726412;20260927_1334_g103
7;2025-12-29;7;1453.6692690253858;20260927_1334_g103
7;2025-12-29;8;2229.0547562056204;20260927_1334_g103
7;2025-12-29;9;1597.1435750708592;20260927_1334_g103
7;2025-12-29;10;1491.2811352152864;20260927_1334_g103
7;2025-12-29;11;1379.3639926690082;20260927_1334_g103
7;2025-12-29;12;1482.0750174723378;20260927_1334_g103
7;2025-12-29;13;1423.3371776303272;20260927_1334_g103
7;2025-12-29;14;1502.6427624766916;20260927_1334_g103
7;2025-12-29;15;1605.3929976029203;20260927_1334_g103
7;2025-12-29;16;1632.8935902722299;20260927_1334_g103
7;2025-12-29;17;2077.044091138066;20260927_1334_g103
7;2025-12-29;18;2341.7227974665275;20260927_1334_g103
7;2025-12-29;19;1546.9710610154982;20260927_1334_g103
7;2025-12-29;20;992.4651840997094;20260927_1334_g103
7;2025-12-29;21;571.3061485246384;20260927_1334_g103
7;2025-12-29;22;290.02016612671576;20260927_1334_g103
7;2025-12-29;23;171.9463416635357;20260927_1334_g103
7;2025-12-30;0;55.06259755001702;20260927_1334_g103
7;2025-12-30;1;10.633981026209112;20260927_1334_g103
7;2025-12-30;2;0.0;20260927_1334_g103
7;2025-12-30;3;0.0;20260927_1334_g103
7;2025-12-30;4;1.4888157039661087;20260927_1334_g103
7;2025-12-30;5;171.01955844285638;20260927_1334_g103
7;2025-12-30;6;569.0164771471309;20260927_1334_g103
7;2025-12-30;7;1458.2521732171613;20260927_1334_g103
7;2025-12-30;8;2233.6672624345047;20260927_1334_g103
7;2025-12-30;9;1607.4604674704947;20260927_1334_g103
7;2025-12-30;10;1497.6681299711584;20260927_1334_g103
7;2025-12-30;11;1381.7179729817517;20260927_1334_g103
7;2025-12-30;12;1491.4520258513696;20260927_1334_g103
7;2025-12-30;13;1427.6615957870713;20260927_1334_g103
7;2025-12-30;14;1505.297527243263;20260927_1334_g103
7;2025-12-30;15;1611.9844732236197;20260927_1334_g103
7;2025-12-30;16;1638.7040737480306;20260927_1334_g103
7;2025-12-30;17;2080.4541123096133;20260927_1334_g103
7;2025-12-30;18;2349.6497987892226;20260927_1334_g103
7;2025-12-30;19;1552.3198304739994;20260927_1334_g103
7;2025-12-30;20;1004.2674539296939;20260927_1334_g103
7;2025-12-30;21;577.7269364349003;20260927_1334_g103
7;2025-12-30;22;293.2742745118419;20260927_1334_g103
7;2025-12-30;23;175.03695030751277;20260927_1334_g103
7;2025-12-31;0;94.8050618258416;20260927_1334_g103
7;2025-12-31;1;17.228443184347828;20260927_1334_g103
7;2025-12-31;2;0.0;20260927_1334_g103
7;2025-12-31;3;0.0;20260927_1334_g103
7;2025-12-31;4;0.0;20260927_1334_g103
7;2025-12-31;5;40.11106223101692;20260927_1334_g103
7;2025-12-31;6;222.6427107284984;20260927_1334_g103
7;2025-12-31;7;337.6035003037049;20260927_1334_g103
7;2025-12-31;8;543.1021588091647;20260927_1334_g103
7;2025-12-31;9;710.2625413361186;20260927_1334_g103
7;2025-12-31;10;796.0861657951338;20260927_1334_g103
7;2025-12-31;11;991.9303061593444;20260927_1334_g103
7;2025-12-31;12;1072.1957123956665;20260927_1334_g103
7;2025-12-31;13;1132.5894049997798;20260927_1334_g103
7;2025-12-31;14;1242.2560074191713;20260927_1334_g103
7;2025-12-31;15;1151.2595721024709;20260927_1334_g103
7;2025-12-31;16;1125.1973669800846;20260927_1334_g103
7;2025-12-31;17;1087.4875415366992;20260927_1334_g103
7;2025-12-31;18;945.625440740521;20260927_1334_g103
7;2025-12-31;19;895.6593563144855;20260927_1334_g103
7;2025-12-31;20;697.9786803591055;20260927_1334_g103
7;2025-12-31;21;565.5526502387658;20260927_1334_g103
7;2025-12-31;22;319.7554922652876;20260927_1334_g103
7;2025-12-31;23;169.67603681709792;20260927_1334_g103
11;2025-11-01;0;60.130173655931415;20260927_1334_g103
11;2025-11-01;1;0.0;20260927_1334_g103
11;2025-11-01;2;0.0;20260927_1334_g103
11;2025-11-01;3;0.0;20260927_1334_g103
11;2025-11-01;4;0.0;20260927_1334_g103
11;2025-11-01;5;213.13840207631344;20260927_1334_g103
11;2025-11-01;6;1147.2659670829667;20260927_1334_g103
11;2025-11-01;7;2039.5052845910977;20260927_1334_g103
11;2025-11-01;8;2666.0637461488263;20260927_1334_g103
11;2025-11-01;9;2058.3085930475977;20260927_1334_g103
11;2025-11-01;10;1670.2258410725458;20260927_1334_g103
11;2025-11-01;11;1681.6051439087187;20260927_1334_g103
11;2025-11-01;12;1787.5607203829263;20260927_1334_g103
11;2025-11-01;13;1777.909456038899;20260927_1334_g103
11;2025-11-01;14;1841.8784871423475;20260927_1334_g103
11;2025-11-01;15;1797.0794604923217;20260927_1334_g103
11;2025-11-01;16;1910.6748399751639;20260927_1334_g103
11;2025-11-01;17;2374.195487205433;20260927_1334_g103
11;2025-11-01;18;2550.2897922589755;20260927_1334_g103
11;2025-11-01;19;1969.8392038562886;20260927_1334_g103
11;2025-11-01;20;1269.4066879234263;20260927_1334_g103
11;2025-11-01;21;720.3174921316727;20260927_1334_g103
11;2025-11-01;22;371.78589609613675;20260927_1334_g103
11;2025-11-01;23;224.19014397016244;20260927_1334_g103
11;2025-11-02;0;104.88628462947362;20260927_1334_g103
11;2025-11-02;1;10.9702673644714;20260927_1334_g103
11;2025-11-02;2;0.0;20260927_1334_g103
11;2025-11-02;3;0.0;20260927_1334_g103
11;2025-11-02;4;0.3271894851231585;20260927_1334_g103
11;2025-11-02;5;103.43026740416677;20260927_1334_g103
11;2025-11-02;6;473.27115048910116;20260927_1334_g103
11;2025-11-02;7;467.43520989587836;20260927_1334_g103
11;2025-11-02;8;631.597464874309;20260927_1334_g103
11;2025-11-02;9;886.3494994041017;20260927_1334_g103
11;2025-11-02;10;990.4644807301211;20260927_1334_g103
11;2025-11-02;11;1384.8923440339704;20260927_1334_g103
11;2025-11-02;12;1483.97036719067;20260927_1334_g103
11;2025-11-02;13;1441.736215436121;20260927_1334_g103
11;2025-11-02;14;1489.1907230404408;20260927_1334_g103
11;2025-11-02;15;1500.5600955550567;20260927_1334_g103
11;2025-11-02;16;1405.9265449092063;20260927_1334_g103
11;2025-11-02;17;1590.0195862170867;20260927_1334_g103
11;2025-11-02;18;1230.529966570574;20260927_1334_g103
11;2025-11-02;19;949.1709330088736;20260927_1334_g103
11;2025-11-02;20;771.0334630762791;20260927_1334_g103
11;2025-11-02;21;563.1072692301917;20260927_1334_g103
11;2025-11-02;22;324.4906962468068;20260927_1334_g103
11;2025-11-02;23;232.2023862450842;20260927_1334_g103
11;2025-11-03;0;98.4815815241931;20260927_1334_g103
11;2025-11-03;1;10.980062842144598;20260927_1334_g103
11;2025-11-03;2;0.0;20260927_1334_g103
11;2025-11-03;3;0.0;20260927_1334_g103
11;2025-11-03;4;0.32739256389983784;20260927_1334_g103
11;2025-11-03;5;111.0587760476998;20260927_1334_g103
11;2025-11-03;6;493.77110392818616;20260927_1334_g103
11;2025-11-03;7;507.90604383868475;20260927_1334_g103
11;2025-11-03;8;666.9796237794238;20260927_1334_g103
11;2025-11-03;9;895.7181536543197;20260927_1334_g103
11;2025-11-03;10;980.2101504098255;20260927_1334_g103
11;2025-11-03;11;1327.4884683974094;20260927_1334_g103
11;2025-11-03;12;1447.534289896081;20260927_1334_g103
11;2025-11-03;13;1430.9493440147567;20260927_1334_g103
11;2025-11-03;14;1445.905986668556;20260927_1334_g103
11;2025-11-03;15;1479.4901929626992;20260927_1334_g103
11;2025-11-03;16;1321.0011250222897;20260927_1334_g103
11;2025-11-03;17;1529.3561684422912;20260927_1334_g103
11;2025-11-03;18;1242.3416413198913;20260927_1334_g103
11;2025-11-03;19;992.0903885452706;20260927_1334_g103
11;2025-11-03;20;821.3470117966249;20260927_1334_g103
11;2025-11-03;21;579.4967017453687;20260927_1334_g103
11;2025-11-03;22;324.09808034118333;20260927_1334_g103
11;2025-11-03;23;224.11007064481387;20260927_1334_g103
11;2025-11-04;0;89.36595812763325;20260927_1334_g103
11;2025-11-04;1;9.06859819406563;20260927_1334_g103
11;2025-11-04;2;0.0;20260927_1334_g103
11;2025-11-04;3;0.0;20260927_1334_g103
11;2025-11-04;4;0.32739256389983784;20260927_1334_g103
11;2025-11-04;5;110.91211462141125;20260927_1334_g103
11;2025-11-04;6;493.9814570801321;20260927_1334_g103
11;2025-11-04;7;508.1303905534094;20260927_1334_g103
11;2025-11-04;8;667.0175219791266;20260927_1334_g103
11;2025-11-04;9;896.5884820680986;20260927_1334_g103
11;2025-11-04;10;981.2096837464699;20260927_1334_g103
11;2025-11-04;11;1313.4030564843126;20260927_1334_g103
11;2025-11-04;12;1433.840231210337;20260927_1334_g103
11;2025-11-04;13;1387.3393772606971;20260927_1334_g103
11;2025-11-04;14;1438.1234596156214;20260927_1334_g103
11;2025-11-04;15;1482.3490507143463;20260927_1334_g103
11;2025-11-04;16;1304.6994998434345;20260927_1334_g103
11;2025-11-04;17;1507.2123403480775;20260927_1334_g103
11;2025-11-04;18;1228.0441273918036;20260927_1334_g103
11;2025-11-04;19;991.2803047191024;20260927_1334_g103
11;2025-11-04;20;829.1268938008292;20260927_1334_g103
11;2025-11-04;21;578.5693775882321;20260927_1334_g103
11;2025-11-04;22;331.9988897257763;20260927_1334_g103
11;2025-11-04;23;226.99675511292494;20260927_1334_g103
11;2025-11-05;0;65.98269370638228;20260927_1334_g103
11;2025-11-05;1;0.0;20260927_1334_g103
11;2025-11-05;2;0.0;20260927_1334_g103
11;2025-11-05;3;0.0;20260927_1334_g103
11;2025-11-05;4;0.0;20260927_1334_g103
11;2025-11-05;5;261.33398345227045;20260927_1334_g103
11;2025-11-05;6;1382.9351806023742;20260927_1334_g103
11;2025-11-05;7;2513.821155027576;20260927_1334_g103
11;2025-11-05;8;3276.996931817049;20260927_1334_g103
11;2025-11-05;9;2515.3525460205697;20260927_1334_g103
11;2025-11-05;10;2033.0037309324755;20260927_1334_g103
11;2025-11-05;11;1990.4356217683262;20260927_1334_g103
11;2025-11-05;12;2006.8761527369188;20260927_1334_g103
11;2025-11-05;13;2120.768029528046;20260927_1334_g103
11;2025-11-05;14;2077.9853023859173;20260927_1334_g103
11;2025-11-05;15;2069.0818111846484;20260927_1334_g103
11;2025-11-05;16;2266.998563207883;20260927_1334_g103
11;2025-11-05;17;2876.8405030208505;20260927_1334_g103
11;2025-11-05;18;3135.2366390355987;20260927_1334_g103
11;2025-11-05;19;2385.9604823252657;20260927_1334_g103
11;2025-11-05;20;1548.3973685678843;20260927_1334_g103
11;2025-11-05;21;847.6629315081931;20260927_1334_g103
11;2025-11-05;22;417.0656283189117;20260927_1334_g103
11;2025-11-05;23;243.6405004483085;20260927_1334_g103
11;2025-11-06;0;62.6179829883199;20260927_1334_g103
11;2025-11-06;1;0.0;20260927_1334_g103
11;2025-11-06;2;0.0;20260927_1334_g103
11;2025-11-06;3;0.0;20260927_1334_g103
11;2025-11-06;4;0.0;20260927_1334_g103
11;2025-11-06;5;258.69059001073146;20260927_1334_g103
11;2025-11-06;6;1393.8524515992833;20260927_1334_g103
11;2025-11-06;7;2512.009326375851;20260927_1334_g103
11;2025-11-06;8;3289.570786974586;20260927_1334_g103
11;2025-11-06;9;2522.177767138002;20260927_1334_g103
11;2025-11-06;10;2077.4401197774832;20260927_1334_g103
11;2025-11-06;11;2001.550153769835;20260927_1334_g103
11;2025-11-06;12;2045.9916807630966;20260927_1334_g103
11;2025-11-06;13;2115.2586848050655;20260927_1334_g103
11;2025-11-06;14;2110.8042329355285;20260927_1334_g103
11;2025-11-06;15;2073.893491409205;20260927_1334_g103
11;2025-11-06;16;2311.9880139795496;20260927_1334_g103
11;2025-11-06;17;2891.7187847346745;20260927_1334_g103
11;2025-11-06;18;3149.4827186115863;20260927_1334_g103
11;2025-11-06;19;2395.61307218328;20260927_1334_g103
11;2025-11-06;20;1554.464187846406;20260927_1334_g103
11;2025-11-06;21;884.8066861916151;20260927_1334_g103
11;2025-11-06;22;418.6564733853315;20260927_1334_g103
11;2025-11-06;23;248.6389524902676;20260927_1334_g103
11;2025-11-07;0;67.97401441467872;20260927_1334_g103
11;2025-11-07;1;0.31461722628006034;20260927_1334_g103
11;2025-11-07;2;0.0;20260927_1334_g103
11;2025-11-07;3;0.0;20260927_1334_g103
11;2025-11-07;4;0.0;20260927_1334_g103
11;2025-11-07;5;266.50335649732574;20260927_1334_g103
11;2025-11-07;6;1299.4129430252658;20260927_1334_g103
11;2025-11-07;7;2321.426638372431;20260927_1334_g103
11;2025-11-07;8;3140.4264651927915;20260927_1334_g103
11;2025-11-07;9;2296.8309054523356;20260927_1334_g103
11;2025-11-07;10;1984.7605962097448;20260927_1334_g103
11;2025-11-07;11;1860.7509792631563;20260927_1334_g103
11;2025-11-07;12;1927.3807535254143;20260927_1334_g103
11;2025-11-07;13;1928.6196619992982;20260927_1334_g103
11;2025-11-07;14;2016.6242361294246;20260927_1334_g103
11;2025-11-07;15;2155.8891141242325;20260927_1334_g103
11;2025-11-07;16;2304.301566793374;20260927_1334_g103
11;2025-11-07;17;2813.2480711305675;20260927_1334_g103
11;2025-11-07;18;2468.057519502875;20260927_1334_g103
11;2025-11-07;19;1978.7297178576662;20260927_1334_g103
11;2025-11-07;20;1383.458669108889;20260927_1334_g103
11;2025-11-07;21;835.2800578547252;20260927_1334_g103
11;2025-11-07;22;416.3744476738404;20260927_1334_g103
11;2025-11-07;23;313.56114482512794;20260927_1334_g103
11;2025-11-08;0;101.75125728845723;20260927_1334_g103
11;2025-11-08;1;0.9052847271261345;20260927_1334_g103
11;2025-11-08;2;0.0;20260927_1334_g103
11;2025-11-08;3;0.0;20260927_1334_g103
11;2025-11-08;4;0.0;20260927_1334_g103
11;2025-11-08;5;207.40695867092634;20260927_1334_g103
11;2025-11-08;6;857.5720557549125;20260927_1334_g103
11;2025-11-08;7;765.693063504599;20260927_1334_g103
11;2025-11-08;8;1080.7520963982963;20260927_1334_g103
11;2025-11-08;9;1205.056530635725;20260927_1334_g103
11;2025-11-08;10;1405.256226226853;20260927_1334_g103
11;2025-11-08;11;1740.6568689012129;20260927_1334_g103
11;2025-11-08;12;1953.5037566908857;20260927_1334_g103
11;2025-11-08;13;1840.298386297086;20260927_1334_g103
11;2025-11-08;14;1978.345698553523;20260927_1334_g103
11;2025-11-08;15;1851.8372325463079;20260927_1334_g103
11;2025-11-08;16;1847.3171373915704;20260927_1334_g103
11;2025-11-08;17;1927.1657845050345;20260927_1334_g103
11;2025-11-08;18;1612.7338248949914;20260927_1334_g103
11;2025-11-08;19;1555.6278154825002;20260927_1334_g103
11;2025-11-08;20;1102.6154881088921;20260927_1334_g103
11;2025-11-08;21;755.7069931846966;20260927_1334_g103
11;2025-11-08;22;447.74450917266546;20260927_1334_g103
11;2025-11-08;23;296.99443626592534;20260927_1334_g103
11;2025-11-09;0;104.88628462947362;20260927_1334_g103
11;2025-11-09;1;10.9702673644714;20260927_1334_g103
11;2025-11-09;2;0.0;20260927_1334_g103
11;2025-11-09;3;0.0;20260927_1334_g103
11;2025-11-09;4;0.3271894851231585;20260927_1334_g103
11;2025-11-09;5;103.43026740416677;20260927_1334_g103
11;2025-11-09;6;473.27115048910116;20260927_1334_g103
11;2025-11-09;7;467.43520989587836;20260927_1334_g103
11;2025-11-09;8;631.597464874309;20260927_1334_g103
11;2025-11-09;9;886.3494994041017;20260927_1334_g103
11;2025-11-09;10;990.4644807301211;20260927_1334_g103
11;2025-11-09;11;1384.8923440339704;20260927_1334_g103
11;2025-11-09;12;1483.97036719067;20260927_1334_g103
11;2025-11-09;13;1441.736215436121;20260927_1334_g103
11;2025-11-09;14;1489.1907230404408;20260927_1334_g103
11;2025-11-09;15;1500.5600955550567;20260927_1334_g103
11;2025-11-09;16;1405.9265449092063;20260927_1334_g103
11;2025-11-09;17;1590.0195862170867;20260927_1334_g103
11;2025-11-09;18;1230.529966570574;20260927_1334_g103
11;2025-11-09;19;949.1709330088736;20260927_1334_g103
11;2025-11-09;20;771.0334630762791;20260927_1334_g103
11;2025-11-09;21;563.1072692301917;20260927_1334_g103
11;2025-11-09;22;324.4906962468068;20260927_1334_g103
11;2025-11-09;23;232.2023862450842;20260927_1334_g103
11;2025-11-10;0;66.60901104567874;20260927_1334_g103
11;2025-11-10;1;0.0;20260927_1334_g103
11;2025-11-10;2;0.0;20260927_1334_g103
11;2025-11-10;3;0.0;20260927_1334_g103
11;2025-11-10;4;0.0;20260927_1334_g103
11;2025-11-10;5;258.7055656450931;20260927_1334_g103
11;2025-11-10;6;1386.3833918431887;20260927_1334_g103
11;2025-11-10;7;2507.8712917105245;20260927_1334_g103
11;2025-11-10;8;3286.3433883337434;20260927_1334_g103
11;2025-11-10;9;2508.162682852986;20260927_1334_g103
11;2025-11-10;10;2012.917677900063;20260927_1334_g103
11;2025-11-10;11;1976.2924542825579;20260927_1334_g103
11;2025-11-10;12;1975.7505560318978;20260927_1334_g103
11;2025-11-10;13;2072.762574746555;20260927_1334_g103
11;2025-11-10;14;2078.779964234373;20260927_1334_g103
11;2025-11-10;15;2091.4147866763246;20260927_1334_g103
11;2025-11-10;16;2276.5671209585867;20260927_1334_g103
11;2025-11-10;17;2880.6893511760336;20260927_1334_g103
11;2025-11-10;18;3130.6106578416056;20260927_1334_g103
11;2025-11-10;19;2382.3667918129386;20260927_1334_g103
11;2025-11-10;20;1511.4812562870663;20260927_1334_g103
11;2025-11-10;21;854.2162672061935;20260927_1334_g103
11;2025-11-10;22;409.0191084972589;20260927_1334_g103
11;2025-11-10;23;237.717979147893;20260927_1334_g103
11;2025-11-11;0;61.252355900639515;20260927_1334_g103
11;2025-11-11;1;0.0;20260927_1334_g103
11;2025-11-11;2;0.0;20260927_1334_g103
11;2025-11-11;3;0.0;20260927_1334_g103
11;2025-11-11;4;0.0;20260927_1334_g103
11;2025-11-11;5;256.80150758127223;20260927_1334_g103
11;2025-11-11;6;1388.5621883316353;20260927_1334_g103
11;2025-11-11;7;2515.2507592944125;20260927_1334_g103
11;2025-11-11;8;3293.4014454614244;20260927_1334_g103
11;2025-11-11;9;2522.1583346110033;20260927_1334_g103
11;2025-11-11;10;2044.8005688896499;20260927_1334_g103
11;2025-11-11;11;1976.6965977237003;20260927_1334_g103
11;2025-11-11;12;2000.729425429993;20260927_1334_g103
11;2025-11-11;13;2125.386664675535;20260927_1334_g103
11;2025-11-11;14;2069.3131181859035;20260927_1334_g103
11;2025-11-11;15;2074.731973956997;20260927_1334_g103
11;2025-11-11;16;2281.8086248413533;20260927_1334_g103
11;2025-11-11;17;2878.775830545968;20260927_1334_g103
11;2025-11-11;18;3140.905847301236;20260927_1334_g103
11;2025-11-11;19;2393.787687267662;20260927_1334_g103
11;2025-11-11;20;1560.5771380222234;20260927_1334_g103
11;2025-11-11;21;850.1283364786368;20260927_1334_g103
11;2025-11-11;22;414.04940005807134;20260927_1334_g103
11;2025-11-11;23;240.91531466653225;20260927_1334_g103
11;2025-11-12;0;65.98269370638228;20260927_1334_g103
11;2025-11-12;1;0.0;20260927_1334_g103
11;2025-11-12;2;0.0;20260927_1334_g103
11;2025-11-12;3;0.0;20260927_1334_g103
11;2025-11-12;4;0.0;20260927_1334_g103
11;2025-11-12;5;261.33398345227045;20260927_1334_g103
11;2025-11-12;6;1382.9351806023742;20260927_1334_g103
11;2025-11-12;7;2513.821155027576;20260927_1334_g103
11;2025-11-12;8;3276.996931817049;20260927_1334_g103
11;2025-11-12;9;2515.3525460205697;20260927_1334_g103
11;2025-11-12;10;2033.0037309324755;20260927_1334_g103
11;2025-11-12;11;1990.4356217683262;20260927_1334_g103
11;2025-11-12;12;2006.8761527369188;20260927_1334_g103
11;2025-11-12;13;2120.768029528046;20260927_1334_g103
11;2025-11-12;14;2077.9853023859173;20260927_1334_g103
11;2025-11-12;15;2069.0818111846484;20260927_1334_g103
11;2025-11-12;16;2266.998563207883;20260927_1334_g103
11;2025-11-12;17;2876.8405030208505;20260927_1334_g103
11;2025-11-12;18;3135.2366390355987;20260927_1334_g103
11;2025-11-12;19;2385.9604823252657;20260927_1334_g103
11;2025-11-12;20;1548.3973685678843;20260927_1334_g103
11;2025-11-12;21;847.6629315081931;20260927_1334_g103
11;2025-11-12;22;417.0656283189117;20260927_1334_g103
11;2025-11-12;23;243.6405004483085;20260927_1334_g103
11;2025-11-13;0;62.6179829883199;20260927_1334_g103
11;2025-11-13;1;0.0;20260927_1334_g103
11;2025-11-13;2;0.0;20260927_1334_g103
11;2025-11-13;3;0.0;20260927_1334_g103
11;2025-11-13;4;0.0;20260927_1334_g103
11;2025-11-13;5;258.69059001073146;20260927_1334_g103
11;2025-11-13;6;1393.8524515992833;20260927_1334_g103
11;2025-11-13;7;2512.009326375851;20260927_1334_g103
11;2025-11-13;8;3289.570786974586;20260927_1334_g103
11;2025-11-13;9;2522.177767138002;20260927_1334_g103
11;2025-11-13;10;2077.4401197774832;20260927_1334_g103
11;2025-11-13;11;2001.550153769835;20260927_1334_g103
11;2025-11-13;12;2045.9916807630966;20260927_1334_g103
11;2025-11-13;13;2115.2586848050655;20260927_1334_g103
11;2025-11-13;14;2110.8042329355285;20260927_1334_g103
11;2025-11-13;15;2073.893491409205;20260927_1334_g103
11;2025-11-13;16;2311.9880139795496;20260927_1334_g103
11;2025-11-13;17;2891.7187847346745;20260927_1334_g103
11;2025-11-13;18;3149.4827186115863;20260927_1334_g103
11;2025-11-13;19;2395.61307218328;20260927_1334_g103
11;2025-11-13;20;1554.464187846406;20260927_1334_g103
11;2025-11-13;21;884.8066861916151;20260927_1334_g103
11;2025-11-13;22;418.6564733853315;20260927_1334_g103
11;2025-11-13;23;248.6389524902676;20260927_1334_g103
11;2025-11-14;0;67.97401441467872;20260927_1334_g103
11;2025-11-14;1;0.31461722628006034;20260927_1334_g103
11;2025-11-14;2;0.0;20260927_1334_g103
11;2025-11-14;3;0.0;20260927_1334_g103
11;2025-11-14;4;0.0;20260927_1334_g103
11;2025-11-14;5;266.50335649732574;20260927_1334_g103
11;2025-11-14;6;1299.4129430252658;20260927_1334_g103
11;2025-11-14;7;2321.426638372431;20260927_1334_g103
11;2025-11-14;8;3140.4264651927915;20260927_1334_g103
11;2025-11-14;9;2296.8309054523356;20260927_1334_g103
11;2025-11-14;10;1984.7605962097448;20260927_1334_g103
11;2025-11-14;11;1860.7509792631563;20260927_1334_g103
11;2025-11-14;12;1927.3807535254143;20260927_1334_g103
11;2025-11-14;13;1928.6196619992982;20260927_1334_g103
11;2025-11-14;14;2016.6242361294246;20260927_1334_g103
11;2025-11-14;15;2155.8891141242325;20260927_1334_g103
11;2025-11-14;16;2304.301566793374;20260927_1334_g103
11;2025-11-14;17;2813.2480711305675;20260927_1334_g103
11;2025-11-14;18;2468.057519502875;20260927_1334_g103
11;2025-11-14;19;1978.7297178576662;20260927_1334_g103
11;2025-11-14;20;1383.458669108889;20260927_1334_g103
11;2025-11-14;21;835.2800578547252;20260927_1334_g103
11;2025-11-14;22;416.3744476738404;20260927_1334_g103
11;2025-11-14;23;313.56114482512794;20260927_1334_g103
11;2025-11-15;0;101.75125728845723;20260927_1334_g103
11;2025-11-15;1;0.9052847271261345;20260927_1334_g103
11;2025-11-15;2;0.0;20260927_1334_g103
11;2025-11-15;3;0.0;20260927_1334_g103
11;2025-11-15;4;0.0;20260927_1334_g103
11;2025-11-15;5;207.40695867092634;20260927_1334_g103
11;2025-11-15;6;857.5720557549125;20260927_1334_g103
11;2025-11-15;7;765.693063504599;20260927_1334_g103
11;2025-11-15;8;1080.7520963982963;20260927_1334_g103
11;2025-11-15;9;1205.056530635725;20260927_1334_g103
11;2025-11-15;10;1405.256226226853;20260927_1334_g103
11;2025-11-15;11;1740.6568689012129;20260927_1334_g103
11;2025-11-15;12;1953.5037566908857;20260927_1334_g103
11;2025-11-15;13;1840.298386297086;20260927_1334_g103
11;2025-11-15;14;1978.345698553523;20260927_1334_g103
11;2025-11-15;15;1851.8372325463079;20260927_1334_g103
11;2025-11-15;16;1847.3171373915704;20260927_1334_g103
11;2025-11-15;17;1927.1657845050345;20260927_1334_g103
11;2025-11-15;18;1612.7338248949914;20260927_1334_g103
11;2025-11-15;19;1555.6278154825002;20260927_1334_g103
11;2025-11-15;20;1102.6154881088921;20260927_1334_g103
11;2025-11-15;21;755.7069931846966;20260927_1334_g103
11;2025-11-15;22;447.74450917266546;20260927_1334_g103
11;2025-11-15;23;296.99443626592534;20260927_1334_g103
11;2025-11-16;0;104.88628462947362;20260927_1334_g103
11;2025-11-16;1;10.9702673644714;20260927_1334_g103
11;2025-11-16;2;0.0;20260927_1334_g103
11;2025-11-16;3;0.0;20260927_1334_g103
11;2025-11-16;4;0.3271894851231585;20260927_1334_g103
11;2025-11-16;5;103.43026740416677;20260927_1334_g103
11;2025-11-16;6;473.27115048910116;20260927_1334_g103
11;2025-11-16;7;467.43520989587836;20260927_1334_g103
11;2025-11-16;8;631.597464874309;20260927_1334_g103
11;2025-11-16;9;886.3494994041017;20260927_1334_g103
11;2025-11-16;10;990.4644807301211;20260927_1334_g103
11;2025-11-16;11;1384.8923440339704;20260927_1334_g103
11;2025-11-16;12;1483.97036719067;20260927_1334_g103
11;2025-11-16;13;1441.736215436121;20260927_1334_g103
11;2025-11-16;14;1489.1907230404408;20260927_1334_g103
11;2025-11-16;15;1500.5600955550567;20260927_1334_g103
11;2025-11-16;16;1405.9265449092063;20260927_1334_g103
11;2025-11-16;17;1590.0195862170867;20260927_1334_g103
11;2025-11-16;18;1230.529966570574;20260927_1334_g103
11;2025-11-16;19;949.1709330088736;20260927_1334_g103
11;2025-11-16;20;771.0334630762791;20260927_1334_g103
11;2025-11-16;21;563.1072692301917;20260927_1334_g103
11;2025-11-16;22;324.4906962468068;20260927_1334_g103
11;2025-11-16;23;232.2023862450842;20260927_1334_g103
11;2025-11-17;0;66.60901104567874;20260927_1334_g103
11;2025-11-17;1;0.0;20260927_1334_g103
11;2025-11-17;2;0.0;20260927_1334_g103
11;2025-11-17;3;0.0;20260927_1334_g103
11;2025-11-17;4;0.0;20260927_1334_g103
11;2025-11-17;5;258.7055656450931;20260927_1334_g103
11;2025-11-17;6;1386.3833918431887;20260927_1334_g103
11;2025-11-17;7;2507.8712917105245;20260927_1334_g103
11;2025-11-17;8;3286.3433883337434;20260927_1334_g103
11;2025-11-17;9;2508.162682852986;20260927_1334_g103
11;2025-11-17;10;2012.917677900063;20260927_1334_g103
11;2025-11-17;11;1976.2924542825579;20260927_1334_g103
11;2025-11-17;12;1975.7505560318978;20260927_1334_g103
11;2025-11-17;13;2072.762574746555;20260927_1334_g103
11;2025-11-17;14;2078.779964234373;20260927_1334_g103
11;2025-11-17;15;2091.4147866763246;20260927_1334_g103
11;2025-11-17;16;2276.5671209585867;20260927_1334_g103
11;2025-11-17;17;2880.6893511760336;20260927_1334_g103
11;2025-11-17;18;3130.6106578416056;20260927_1334_g103
11;2025-11-17;19;2382.3667918129386;20260927_1334_g103
11;2025-11-17;20;1511.4812562870663;20260927_1334_g103
11;2025-11-17;21;854.2162672061935;20260927_1334_g103
11;2025-11-17;22;409.0191084972589;20260927_1334_g103
11;2025-11-17;23;237.717979147893;20260927_1334_g103
11;2025-11-18;0;61.252355900639515;20260927_1334_g103
11;2025-11-18;1;0.0;20260927_1334_g103
11;2025-11-18;2;0.0;20260927_1334_g103
11;2025-11-18;3;0.0;20260927_1334_g103
11;2025-11-18;4;0.0;20260927_1334_g103
11;2025-11-18;5;256.80150758127223;20260927_1334_g103
11;2025-11-18;6;1388.5621883316353;20260927_1334_g103
11;2025-11-18;7;2515.2507592944125;20260927_1334_g103
11;2025-11-18;8;3293.4014454614244;20260927_1334_g103
11;2025-11-18;9;2522.1583346110033;20260927_1334_g103
11;2025-11-18;10;2044.8005688896499;20260927_1334_g103
11;2025-11-18;11;1976.6965977237003;20260927_1334_g103
11;2025-11-18;12;2000.729425429993;20260927_1334_g103
11;2025-11-18;13;2125.386664675535;20260927_1334_g103
11;2025-11-18;14;2069.3131181859035;20260927_1334_g103
11;2025-11-18;15;2074.731973956997;20260927_1334_g103
11;2025-11-18;16;2281.8086248413533;20260927_1334_g103
11;2025-11-18;17;2878.775830545968;20260927_1334_g103
11;2025-11-18;18;3140.905847301236;20260927_1334_g103
11;2025-11-18;19;2393.787687267662;20260927_1334_g103
11;2025-11-18;20;1560.5771380222234;20260927_1334_g103
11;2025-11-18;21;850.1283364786368;20260927_1334_g103
11;2025-11-18;22;414.04940005807134;20260927_1334_g103
11;2025-11-18;23;240.91531466653225;20260927_1334_g103
11;2025-11-19;0;65.98269370638228;20260927_1334_g103
11;2025-11-19;1;0.0;20260927_1334_g103
11;2025-11-19;2;0.0;20260927_1334_g103
11;2025-11-19;3;0.0;20260927_1334_g103
11;2025-11-19;4;0.0;20260927_1334_g103
11;2025-11-19;5;261.33398345227045;20260927_1334_g103
11;2025-11-19;6;1382.9351806023742;20260927_1334_g103
11;2025-11-19;7;2513.821155027576;20260927_1334_g103
11;2025-11-19;8;3276.996931817049;20260927_1334_g103
11;2025-11-19;9;2515.3525460205697;20260927_1334_g103
11;2025-11-19;10;2033.0037309324755;20260927_1334_g103
11;2025-11-19;11;1990.4356217683262;20260927_1334_g103
11;2025-11-19;12;2006.8761527369188;20260927_1334_g103
11;2025-11-19;13;2120.768029528046;20260927_1334_g103
11;2025-11-19;14;2077.9853023859173;20260927_1334_g103
11;2025-11-19;15;2069.0818111846484;20260927_1334_g103
11;2025-11-19;16;2266.998563207883;20260927_1334_g103
11;2025-11-19;17;2876.8405030208505;20260927_1334_g103
11;2025-11-19;18;3135.2366390355987;20260927_1334_g103
11;2025-11-19;19;2385.9604823252657;20260927_1334_g103
11;2025-11-19;20;1548.3973685678843;20260927_1334_g103
11;2025-11-19;21;847.6629315081931;20260927_1334_g103
11;2025-11-19;22;417.0656283189117;20260927_1334_g103
11;2025-11-19;23;243.6405004483085;20260927_1334_g103
11;2025-11-20;0;62.6179829883199;20260927_1334_g103
11;2025-11-20;1;0.0;20260927_1334_g103
11;2025-11-20;2;0.0;20260927_1334_g103
11;2025-11-20;3;0.0;20260927_1334_g103
11;2025-11-20;4;0.0;20260927_1334_g103
11;2025-11-20;5;258.69059001073146;20260927_1334_g103
11;2025-11-20;6;1393.8524515992833;20260927_1334_g103
11;2025-11-20;7;2512.009326375851;20260927_1334_g103
11;2025-11-20;8;3289.570786974586;20260927_1334_g103
11;2025-11-20;9;2522.177767138002;20260927_1334_g103
11;2025-11-20;10;2077.4401197774832;20260927_1334_g103
11;2025-11-20;11;2001.550153769835;20260927_1334_g103
11;2025-11-20;12;2045.9916807630966;20260927_1334_g103
11;2025-11-20;13;2115.2586848050655;20260927_1334_g103
11;2025-11-20;14;2110.8042329355285;20260927_1334_g103
11;2025-11-20;15;2073.893491409205;20260927_1334_g103
11;2025-11-20;16;2311.9880139795496;20260927_1334_g103
11;2025-11-20;17;2891.7187847346745;20260927_1334_g103
11;2025-11-20;18;3149.4827186115863;20260927_1334_g103
11;2025-11-20;19;2395.61307218328;20260927_1334_g103
11;2025-11-20;20;1554.464187846406;20260927_1334_g103
11;2025-11-20;21;884.8066861916151;20260927_1334_g103
11;2025-11-20;22;418.6564733853315;20260927_1334_g103
11;2025-11-20;23;248.6389524902676;20260927_1334_g103
11;2025-11-21;0;67.97401441467872;20260927_1334_g103
11;2025-11-21;1;0.31461722628006034;20260927_1334_g103
11;2025-11-21;2;0.0;20260927_1334_g103
11;2025-11-21;3;0.0;20260927_1334_g103
11;2025-11-21;4;0.0;20260927_1334_g103
11;2025-11-21;5;266.50335649732574;20260927_1334_g103
11;2025-11-21;6;1299.4129430252658;20260927_1334_g103
11;2025-11-21;7;2321.426638372431;20260927_1334_g103
11;2025-11-21;8;3140.4264651927915;20260927_1334_g103
11;2025-11-21;9;2296.8309054523356;20260927_1334_g103
11;2025-11-21;10;1984.7605962097448;20260927_1334_g103
11;2025-11-21;11;1860.7509792631563;20260927_1334_g103
11;2025-11-21;12;1927.3807535254143;20260927_1334_g103
11;2025-11-21;13;1928.6196619992982;20260927_1334_g103
11;2025-11-21;14;2016.6242361294246;20260927_1334_g103
11;2025-11-21;15;2155.8891141242325;20260927_1334_g103
11;2025-11-21;16;2304.301566793374;20260927_1334_g103
11;2025-11-21;17;2813.2480711305675;20260927_1334_g103
11;2025-11-21;18;2468.057519502875;20260927_1334_g103
11;2025-11-21;19;1978.7297178576662;20260927_1334_g103
11;2025-11-21;20;1383.458669108889;20260927_1334_g103
11;2025-11-21;21;835.2800578547252;20260927_1334_g103
11;2025-11-21;22;416.3744476738404;20260927_1334_g103
11;2025-11-21;23;313.56114482512794;20260927_1334_g103
11;2025-11-22;0;102.989103619028;20260927_1334_g103
11;2025-11-22;1;0.8938743787095171;20260927_1334_g103
11;2025-11-22;2;0.0;20260927_1334_g103
11;2025-11-22;3;0.0;20260927_1334_g103
11;2025-11-22;4;0.0;20260927_1334_g103
11;2025-11-22;5;218.3835780577526;20260927_1334_g103
11;2025-11-22;6;876.0392839865709;20260927_1334_g103
11;2025-11-22;7;778.2029433868391;20260927_1334_g103
11;2025-11-22;8;1099.3956228112181;20260927_1334_g103
11;2025-11-22;9;1220.3109289249817;20260927_1334_g103
11;2025-11-22;10;1412.135209922913;20260927_1334_g103
11;2025-11-22;11;1766.927799505311;20260927_1334_g103
11;2025-11-22;12;1981.0234645375883;20260927_1334_g103
11;2025-11-22;13;1871.7061151523187;20260927_1334_g103
11;2025-11-22;14;2008.5353544223283;20260927_1334_g103
11;2025-11-22;15;1884.509464656165;20260927_1334_g103
11;2025-11-22;16;1883.2167018726952;20260927_1334_g103
11;2025-11-22;17;1961.7381610958998;20260927_1334_g103
11;2025-11-22;18;1653.963921505157;20260927_1334_g103
11;2025-11-22;19;1593.3433097250913;20260927_1334_g103
11;2025-11-22;20;1146.694459612679;20260927_1334_g103
11;2025-11-22;21;777.7815690783481;20260927_1334_g103
11;2025-11-22;22;468.6511402963764;20260927_1334_g103
11;2025-11-22;23;308.9384618527585;20260927_1334_g103
11;2025-11-23;0;106.10202271520555;20260927_1334_g103
11;2025-11-23;1;10.981942067284914;20260927_1334_g103
11;2025-11-23;2;0.0;20260927_1334_g103
11;2025-11-23;3;0.0;20260927_1334_g103
11;2025-11-23;4;0.32306553835631013;20260927_1334_g103
11;2025-11-23;5;106.73721542737577;20260927_1334_g103
11;2025-11-23;6;476.296459234822;20260927_1334_g103
11;2025-11-23;7;477.7632609695946;20260927_1334_g103
11;2025-11-23;8;635.6347763585189;20260927_1334_g103
11;2025-11-23;9;886.5314774903143;20260927_1334_g103
11;2025-11-23;10;984.6141141733207;20260927_1334_g103
11;2025-11-23;11;1383.7631944357554;20260927_1334_g103
11;2025-11-23;12;1494.8481352964075;20260927_1334_g103
11;2025-11-23;13;1465.5730871076;20260927_1334_g103
11;2025-11-23;14;1495.702741161527;20260927_1334_g103
11;2025-11-23;15;1524.4445218819965;20260927_1334_g103
11;2025-11-23;16;1388.4834148079528;20260927_1334_g103
11;2025-11-23;17;1594.5121578479464;20260927_1334_g103
11;2025-11-23;18;1266.9880236379279;20260927_1334_g103
11;2025-11-23;19;963.3823497326715;20260927_1334_g103
11;2025-11-23;20;796.7277812719775;20260927_1334_g103
11;2025-11-23;21;564.7184370524211;20260927_1334_g103
11;2025-11-23;22;331.67864334677427;20260927_1334_g103
11;2025-11-23;23;233.39398012328536;20260927_1334_g103
11;2025-11-24;0;64.96050591103952;20260927_1334_g103
11;2025-11-24;1;0.0;20260927_1334_g103
11;2025-11-24;2;0.0;20260927_1334_g103
11;2025-11-24;3;0.0;20260927_1334_g103
11;2025-11-24;4;0.0;20260927_1334_g103
11;2025-11-24;5;261.5947283270908;20260927_1334_g103
11;2025-11-24;6;1388.4242688271459;20260927_1334_g103
11;2025-11-24;7;2505.668323513788;20260927_1334_g103
11;2025-11-24;8;3276.3983594239985;20260927_1334_g103
11;2025-11-24;9;2491.5745101151333;20260927_1334_g103
11;2025-11-24;10;1996.0405072035312;20260927_1334_g103
11;2025-11-24;11;1950.7482827602169;20260927_1334_g103
11;2025-11-24;12;1962.3670413149798;20260927_1334_g103
11;2025-11-24;13;2066.8903103204434;20260927_1334_g103
11;2025-11-24;14;2050.0187296616823;20260927_1334_g103
11;2025-11-24;15;2061.473517439363;20260927_1334_g103
11;2025-11-24;16;2263.541856932003;20260927_1334_g103
11;2025-11-24;17;2863.234760380219;20260927_1334_g103
11;2025-11-24;18;3140.48499780267;20260927_1334_g103
11;2025-11-24;19;2388.2953360475367;20260927_1334_g103
11;2025-11-24;20;1536.9706118428428;20260927_1334_g103
11;2025-11-24;21;857.3994419208543;20260927_1334_g103
11;2025-11-24;22;418.5782131906421;20260927_1334_g103
11;2025-11-24;23;241.6196564750071;20260927_1334_g103
11;2025-11-25;0;63.17495419602645;20260927_1334_g103
11;2025-11-25;1;0.0;20260927_1334_g103
11;2025-11-25;2;0.0;20260927_1334_g103
11;2025-11-25;3;0.0;20260927_1334_g103
11;2025-11-25;4;0.0;20260927_1334_g103
11;2025-11-25;5;260.9600423058172;20260927_1334_g103
11;2025-11-25;6;1389.1505343232946;20260927_1334_g103
11;2025-11-25;7;2508.1281460417513;20260927_1334_g103
11;2025-11-25;8;3278.7510451332255;20260927_1334_g103
11;2025-11-25;9;2496.2397273678057;20260927_1334_g103
11;2025-11-25;10;2006.6681375333942;20260927_1334_g103
11;2025-11-25;11;1950.882997240598;20260927_1334_g103
11;2025-11-25;12;1970.6933311143457;20260927_1334_g103
11;2025-11-25;13;2084.431673630103;20260927_1334_g103
11;2025-11-25;14;2046.8631143121925;20260927_1334_g103
11;2025-11-25;15;2055.912579866254;20260927_1334_g103
11;2025-11-25;16;2265.289024892925;20260927_1334_g103
11;2025-11-25;17;2862.596920170198;20260927_1334_g103
11;2025-11-25;18;3143.9167276225467;20260927_1334_g103
11;2025-11-25;19;2392.1023011991115;20260927_1334_g103
11;2025-11-25;20;1553.3359057545617;20260927_1334_g103
11;2025-11-25;21;856.0367983450022;20260927_1334_g103
11;2025-11-25;22;420.2549770442462;20260927_1334_g103
11;2025-11-25;23;242.68543498122023;20260927_1334_g103
11;2025-11-26;0;64.75173346460737;20260927_1334_g103
11;2025-11-26;1;0.0;20260927_1334_g103
11;2025-11-26;2;0.0;20260927_1334_g103
11;2025-11-26;3;0.0;20260927_1334_g103
11;2025-11-26;4;0.0;20260927_1334_g103
11;2025-11-26;5;262.4708675961499;20260927_1334_g103
11;2025-11-26;6;1387.2748650802077;20260927_1334_g103
11;2025-11-26;7;2507.651611286139;20260927_1334_g103
11;2025-11-26;8;3273.282873918434;20260927_1334_g103
11;2025-11-26;9;2493.9711311709943;20260927_1334_g103
11;2025-11-26;10;2002.7358582143356;20260927_1334_g103
11;2025-11-26;11;1955.4626719221396;20260927_1334_g103
11;2025-11-26;12;1972.7422402166537;20260927_1334_g103
11;2025-11-26;13;2082.8921285809406;20260927_1334_g103
11;2025-11-26;14;2049.7538423788637;20260927_1334_g103
11;2025-11-26;15;2054.029192275471;20260927_1334_g103
11;2025-11-26;16;2260.352337681769;20260927_1334_g103
11;2025-11-26;17;2861.951810995158;20260927_1334_g103
11;2025-11-26;18;3142.026991534001;20260927_1334_g103
11;2025-11-26;19;2389.493232884979;20260927_1334_g103
11;2025-11-26;20;1549.2759826031154;20260927_1334_g103
11;2025-11-26;21;855.2149966881875;20260927_1334_g103
11;2025-11-26;22;421.2603864645264;20260927_1334_g103
11;2025-11-26;23;243.59383024181236;20260927_1334_g103
11;2025-11-27;0;63.63016322525325;20260927_1334_g103
11;2025-11-27;1;0.0;20260927_1334_g103
11;2025-11-27;2;0.0;20260927_1334_g103
11;2025-11-27;3;0.0;20260927_1334_g103
11;2025-11-27;4;0.0;20260927_1334_g103
11;2025-11-27;5;261.58973644897026;20260927_1334_g103
11;2025-11-27;6;1390.9139554125109;20260927_1334_g103
11;2025-11-27;7;2507.04766840223;20260927_1334_g103
11;2025-11-27;8;3277.474158970946;20260927_1334_g103
11;2025-11-27;9;2496.246204876805;20260927_1334_g103
11;2025-11-27;10;2017.5479878293381;20260927_1334_g103
11;2025-11-27;11;1959.1675159226427;20260927_1334_g103
11;2025-11-27;12;1985.780749558713;20260927_1334_g103
11;2025-11-27;13;2081.0556803399472;20260927_1334_g103
11;2025-11-27;14;2060.693485895401;20260927_1334_g103
11;2025-11-27;15;2055.633085683657;20260927_1334_g103
11;2025-11-27;16;2275.3488212723246;20260927_1334_g103
11;2025-11-27;17;2866.9112382330995;20260927_1334_g103
11;2025-11-27;18;3146.775684725997;20260927_1334_g103
11;2025-11-27;19;2392.7107628376502;20260927_1334_g103
11;2025-11-27;20;1551.298255695956;20260927_1334_g103
11;2025-11-27;21;867.5962482493283;20260927_1334_g103
11;2025-11-27;22;421.79066815333294;20260927_1334_g103
11;2025-11-27;23;245.25998092246533;20260927_1334_g103
11;2025-11-28;0;67.6290571438235;20260927_1334_g103
11;2025-11-28;1;0.3106517422039935;20260927_1334_g103
11;2025-11-28;2;0.0;20260927_1334_g103
11;2025-11-28;3;0.0;20260927_1334_g103
11;2025-11-28;4;0.0;20260927_1334_g103
11;2025-11-28;5;273.72776444546946;20260927_1334_g103
11;2025-11-28;6;1308.597371653805;20260927_1334_g103
11;2025-11-28;7;2332.2833107376823;20260927_1334_g103
11;2025-11-28;8;3148.028839524455;20260927_1334_g103
11;2025-11-28;9;2303.2303378271636;20260927_1334_g103
11;2025-11-28;10;1990.113996254527;20260927_1334_g103
11;2025-11-28;11;1863.8239343193627;20260927_1334_g103
11;2025-11-28;12;1923.1445380146802;20260927_1334_g103
11;2025-11-28;13;1935.4365626789945;20260927_1334_g103
11;2025-11-28;14;2022.1128884892644;20260927_1334_g103
11;2025-11-28;15;2171.6105878668286;20260927_1334_g103
11;2025-11-28;16;2324.11130264517;20260927_1334_g103
11;2025-11-28;17;2841.2844021244337;20260927_1334_g103
11;2025-11-28;18;2504.7316256992162;20260927_1334_g103
11;2025-11-28;19;1988.250202414968;20260927_1334_g103
11;2025-11-28;20;1402.943106957968;20260927_1334_g103
11;2025-11-28;21;846.6028397793992;20260927_1334_g103
11;2025-11-28;22;430.1388402419288;20260927_1334_g103
11;2025-11-28;23;313.9629981651387;20260927_1334_g103
11;2025-11-29;0;102.989103619028;20260927_1334_g103
11;2025-11-29;1;0.8938743787095171;20260927_1334_g103
11;2025-11-29;2;0.0;20260927_1334_g103
11;2025-11-29;3;0.0;20260927_1334_g103
11;2025-11-29;4;0.0;20260927_1334_g103
11;2025-11-29;5;218.3835780577526;20260927_1334_g103
11;2025-11-29;6;876.0392839865709;20260927_1334_g103
11;2025-11-29;7;778.2029433868391;20260927_1334_g103
11;2025-11-29;8;1099.3956228112181;20260927_1334_g103
11;2025-11-29;9;1220.3109289249817;20260927_1334_g103
11;2025-11-29;10;1412.135209922913;20260927_1334_g103
11;2025-11-29;11;1766.927799505311;20260927_1334_g103
11;2025-11-29;12;1981.0234645375883;20260927_1334_g103
11;2025-11-29;13;1871.7061151523187;20260927_1334_g103
11;2025-11-29;14;2008.5353544223283;20260927_1334_g103
11;2025-11-29;15;1884.509464656165;20260927_1334_g103
11;2025-11-29;16;1883.2167018726952;20260927_1334_g103
11;2025-11-29;17;1961.7381610958998;20260927_1334_g103
11;2025-11-29;18;1653.963921505157;20260927_1334_g103
11;2025-11-29;19;1593.3433097250913;20260927_1334_g103
11;2025-11-29;20;1146.694459612679;20260927_1334_g103
11;2025-11-29;21;777.7815690783481;20260927_1334_g103
11;2025-11-29;22;468.6511402963764;20260927_1334_g103
11;2025-11-29;23;308.9384618527585;20260927_1334_g103
11;2025-11-30;0;106.10202271520555;20260927_1334_g103
11;2025-11-30;1;10.981942067284914;20260927_1334_g103
11;2025-11-30;2;0.0;20260927_1334_g103
11;2025-11-30;3;0.0;20260927_1334_g103
11;2025-11-30;4;0.32306553835631013;20260927_1334_g103
11;2025-11-30;5;106.73721542737577;20260927_1334_g103
11;2025-11-30;6;476.296459234822;20260927_1334_g103
11;2025-11-30;7;477.7632609695946;20260927_1334_g103
11;2025-11-30;8;635.6347763585189;20260927_1334_g103
11;2025-11-30;9;886.5314774903143;20260927_1334_g103
11;2025-11-30;10;984.6141141733207;20260927_1334_g103
11;2025-11-30;11;1383.7631944357554;20260927_1334_g103
11;2025-11-30;12;1494.8481352964075;20260927_1334_g103
11;2025-11-30;13;1465.5730871076;20260927_1334_g103
11;2025-11-30;14;1495.702741161527;20260927_1334_g103
11;2025-11-30;15;1524.4445218819965;20260927_1334_g103
11;2025-11-30;16;1388.4834148079528;20260927_1334_g103
11;2025-11-30;17;1594.5121578479464;20260927_1334_g103
11;2025-11-30;18;1266.9880236379279;20260927_1334_g103
11;2025-11-30;19;963.3823497326715;20260927_1334_g103
11;2025-11-30;20;796.7277812719775;20260927_1334_g103
11;2025-11-30;21;564.7184370524211;20260927_1334_g103
11;2025-11-30;22;331.67864334677427;20260927_1334_g103
11;2025-11-30;23;233.39398012328536;20260927_1334_g103
11;2025-12-01;0;63.66129579281873;20260927_1334_g103
11;2025-12-01;1;0.0;20260927_1334_g103
11;2025-12-01;2;0.0;20260927_1334_g103
11;2025-12-01;3;0.0;20260927_1334_g103
11;2025-12-01;4;0.0;20260927_1334_g103
11;2025-12-01;5;256.362833760549;20260927_1334_g103
11;2025-12-01;6;1360.655783450603;20260927_1334_g103
11;2025-12-01;7;2455.5549570435123;20260927_1334_g103
11;2025-12-01;8;3210.8703922355185;20260927_1334_g103
11;2025-12-01;9;2441.7430199128303;20260927_1334_g103
11;2025-12-01;10;1956.1196970594608;20260927_1334_g103
11;2025-12-01;11;1911.7333171050127;20260927_1334_g103
11;2025-12-01;12;1923.1197004886806;20260927_1334_g103
11;2025-12-01;13;2025.5525041140347;20260927_1334_g103
11;2025-12-01;14;2009.0183550684487;20260927_1334_g103
11;2025-12-01;15;2020.2440470905758;20260927_1334_g103
11;2025-12-01;16;2218.271019793363;20260927_1334_g103
11;2025-12-01;17;2805.970065172615;20260927_1334_g103
11;2025-12-01;18;3077.675297846616;20260927_1334_g103
11;2025-12-01;19;2340.529429326586;20260927_1334_g103
11;2025-12-01;20;1506.2311996059857;20260927_1334_g103
11;2025-12-01;21;840.2514530824373;20260927_1334_g103
11;2025-12-01;22;410.2066489268292;20260927_1334_g103
11;2025-12-01;23;236.787263345507;20260927_1334_g103
11;2025-12-02;0;61.91145511210592;20260927_1334_g103
11;2025-12-02;1;0.0;20260927_1334_g103
11;2025-12-02;2;0.0;20260927_1334_g103
11;2025-12-02;3;0.0;20260927_1334_g103
11;2025-12-02;4;0.0;20260927_1334_g103
11;2025-12-02;5;255.74084145970082;20260927_1334_g103
11;2025-12-02;6;1361.3675236368285;20260927_1334_g103
11;2025-12-02;7;2457.9655831209157;20260927_1334_g103
11;2025-12-02;8;3213.1760242305613;20260927_1334_g103
11;2025-12-02;9;2446.31493282045;20260927_1334_g103
11;2025-12-02;10;1966.5347747827254;20260927_1334_g103
11;2025-12-02;11;1911.8653372957858;20260927_1334_g103
11;2025-12-02;12;1931.279464492058;20260927_1334_g103
11;2025-12-02;13;2042.7430401575011;20260927_1334_g103
11;2025-12-02;14;2005.9258520259486;20260927_1334_g103
11;2025-12-02;15;2014.794328268929;20260927_1334_g103
11;2025-12-02;16;2219.983244395067;20260927_1334_g103
11;2025-12-02;17;2805.3449817667934;20260927_1334_g103
11;2025-12-02;18;3081.038393070096;20260927_1334_g103
11;2025-12-02;19;2344.260255175129;20260927_1334_g103
11;2025-12-02;20;1522.2691876394704;20260927_1334_g103
11;2025-12-02;21;838.9160623781021;20260927_1334_g103
11;2025-12-02;22;411.8498775033613;20260927_1334_g103
11;2025-12-02;23;237.8317262815958;20260927_1334_g103
11;2025-12-03;0;63.45669879531522;20260927_1334_g103
11;2025-12-03;1;0.0;20260927_1334_g103
11;2025-12-03;2;0.0;20260927_1334_g103
11;2025-12-03;3;0.0;20260927_1334_g103
11;2025-12-03;4;0.0;20260927_1334_g103
11;2025-12-03;5;257.2214502442269;20260927_1334_g103
11;2025-12-03;6;1359.5293677786037;20260927_1334_g103
11;2025-12-03;7;2457.498579060416;20260927_1334_g103
11;2025-12-03;8;3207.8172164400653;20260927_1334_g103
11;2025-12-03;9;2444.0917085475744;20260927_1334_g103
11;2025-12-03;10;1962.6811410500486;20260927_1334_g103
11;2025-12-03;11;1916.353418483697;20260927_1334_g103
11;2025-12-03;12;1933.2873954123204;20260927_1334_g103
11;2025-12-03;13;2041.2342860093217;20260927_1334_g103
11;2025-12-03;14;2008.7587655312866;20260927_1334_g103
11;2025-12-03;15;2012.9486084299617;20260927_1334_g103
11;2025-12-03;16;2215.1452909281334;20260927_1334_g103
11;2025-12-03;17;2804.7127747752547;20260927_1334_g103
11;2025-12-03;18;3079.186451703321;20260927_1334_g103
11;2025-12-03;19;2341.7033682272795;20260927_1334_g103
11;2025-12-03;20;1518.2904629510533;20260927_1334_g103
11;2025-12-03;21;838.1106967544238;20260927_1334_g103
11;2025-12-03;22;412.83517873523584;20260927_1334_g103
11;2025-12-03;23;238.72195363697614;20260927_1334_g103
11;2025-12-04;0;62.35755996074818;20260927_1334_g103
11;2025-12-04;1;0.0;20260927_1334_g103
11;2025-12-04;2;0.0;20260927_1334_g103
11;2025-12-04;3;0.0;20260927_1334_g103
11;2025-12-04;4;0.0;20260927_1334_g103
11;2025-12-04;5;256.3579417199909;20260927_1334_g103
11;2025-12-04;6;1363.0956763042607;20260927_1334_g103
11;2025-12-04;7;2456.9067150341857;20260927_1334_g103
11;2025-12-04;8;3211.924675791527;20260927_1334_g103
11;2025-12-04;9;2446.321280779269;20260927_1334_g103
11;2025-12-04;10;1977.1970280727514;20260927_1334_g103
11;2025-12-04;11;1919.9841656041897;20260927_1334_g103
11;2025-12-04;12;1946.0651345675387;20260927_1334_g103
11;2025-12-04;13;2039.434566733148;20260927_1334_g103
11;2025-12-04;14;2019.4796161774927;20260927_1334_g103
11;2025-12-04;15;2014.520423969984;20260927_1334_g103
11;2025-12-04;16;2229.841844846878;20260927_1334_g103
11;2025-12-04;17;2809.573013468437;20260927_1334_g103
11;2025-12-04;18;3083.840171031477;20260927_1334_g103
11;2025-12-04;19;2344.8565475808973;20260927_1334_g103
11;2025-12-04;20;1520.2722905820367;20260927_1334_g103
11;2025-12-04;21;850.2443232843417;20260927_1334_g103
11;2025-12-04;22;413.3548547902663;20260927_1334_g103
11;2025-12-04;23;240.35478130401606;20260927_1334_g103
11;2025-12-05;0;66.27647600094703;20260927_1334_g103
11;2025-12-05;1;0.3044387073599137;20260927_1334_g103
11;2025-12-05;2;0.0;20260927_1334_g103
11;2025-12-05;3;0.0;20260927_1334_g103
11;2025-12-05;4;0.0;20260927_1334_g103
11;2025-12-05;5;268.2532091565601;20260927_1334_g103
11;2025-12-05;6;1282.4254242207287;20260927_1334_g103
11;2025-12-05;7;2285.6376445229284;20260927_1334_g103
11;2025-12-05;8;3085.068262733966;20260927_1334_g103
11;2025-12-05;9;2257.16573107062;20260927_1334_g103
11;2025-12-05;10;1950.3117163294362;20260927_1334_g103
11;2025-12-05;11;1826.5474556329755;20260927_1334_g103
11;2025-12-05;12;1884.681647254387;20260927_1334_g103
11;2025-12-05;13;1896.727831425415;20260927_1334_g103
11;2025-12-05;14;1981.670630719479;20260927_1334_g103
11;2025-12-05;15;2128.178376109492;20260927_1334_g103
11;2025-12-05;16;2277.6290765922668;20260927_1334_g103
11;2025-12-05;17;2784.4587140819453;20260927_1334_g103
11;2025-12-05;18;2454.636993185232;20260927_1334_g103
11;2025-12-05;19;1948.4851983666686;20260927_1334_g103
11;2025-12-05;20;1374.8842448188088;20260927_1334_g103
11;2025-12-05;21;829.6707829838113;20260927_1334_g103
11;2025-12-05;22;421.5360634370902;20260927_1334_g103
11;2025-12-05;23;307.6837382018359;20260927_1334_g103
11;2025-12-06;0;100.92932154664742;20260927_1334_g103
11;2025-12-06;1;0.8759968911353267;20260927_1334_g103
11;2025-12-06;2;0.0;20260927_1334_g103
11;2025-12-06;3;0.0;20260927_1334_g103
11;2025-12-06;4;0.0;20260927_1334_g103
11;2025-12-06;5;214.01590649659755;20260927_1334_g103
11;2025-12-06;6;858.5184983068395;20260927_1334_g103
11;2025-12-06;7;762.6388845191024;20260927_1334_g103
11;2025-12-06;8;1077.407710354994;20260927_1334_g103
11;2025-12-06;9;1195.904710346482;20260927_1334_g103
11;2025-12-06;10;1383.8925057244548;20260927_1334_g103
11;2025-12-06;11;1731.5892435152045;20260927_1334_g103
11;2025-12-06;12;1941.4029952468368;20260927_1334_g103
11;2025-12-06;13;1834.2719928492722;20260927_1334_g103
11;2025-12-06;14;1968.3646473338815;20260927_1334_g103
11;2025-12-06;15;1846.8192753630415;20260927_1334_g103
11;2025-12-06;16;1845.5523678352413;20260927_1334_g103
11;2025-12-06;17;1922.5033978739823;20260927_1334_g103
11;2025-12-06;18;1620.884643075054;20260927_1334_g103
11;2025-12-06;19;1561.4764435305894;20260927_1334_g103
11;2025-12-06;20;1123.7605704204257;20260927_1334_g103
11;2025-12-06;21;762.2259376967811;20260927_1334_g103
11;2025-12-06;22;459.2781174904488;20260927_1334_g103
11;2025-12-06;23;302.75969261570333;20260927_1334_g103
11;2025-12-07;0;103.97998226090144;20260927_1334_g103
11;2025-12-07;1;10.762303225939215;20260927_1334_g103
11;2025-12-07;2;0.0;20260927_1334_g103
11;2025-12-07;3;0.0;20260927_1334_g103
11;2025-12-07;4;0.316604227589184;20260927_1334_g103
11;2025-12-07;5;104.60247111882825;20260927_1334_g103
11;2025-12-07;6;466.77053005012556;20260927_1334_g103
11;2025-12-07;7;468.2079957502027;20260927_1334_g103
11;2025-12-07;8;622.9220808313486;20260927_1334_g103
11;2025-12-07;9;868.800847940508;20260927_1334_g103
11;2025-12-07;10;964.9218318898543;20260927_1334_g103
11;2025-12-07;11;1356.0879305470403;20260927_1334_g103
11;2025-12-07;12;1464.9511725904792;20260927_1334_g103
11;2025-12-07;13;1436.2616253654483;20260927_1334_g103
11;2025-12-07;14;1465.7886863382964;20260927_1334_g103
11;2025-12-07;15;1493.9556314443566;20260927_1334_g103
11;2025-12-07;16;1360.7137465117937;20260927_1334_g103
11;2025-12-07;17;1562.6219146909875;20260927_1334_g103
11;2025-12-07;18;1241.6482631651695;20260927_1334_g103
11;2025-12-07;19;944.1147027380183;20260927_1334_g103
11;2025-12-07;20;780.793225646538;20260927_1334_g103
11;2025-12-07;21;553.4240683113726;20260927_1334_g103
11;2025-12-07;22;325.0450704798387;20260927_1334_g103
11;2025-12-07;23;228.72610052081964;20260927_1334_g103
11;2025-12-08;0;63.66129579281873;20260927_1334_g103
11;2025-12-08;1;0.0;20260927_1334_g103
11;2025-12-08;2;0.0;20260927_1334_g103
11;2025-12-08;3;0.0;20260927_1334_g103
11;2025-12-08;4;0.0;20260927_1334_g103
11;2025-12-08;5;256.362833760549;20260927_1334_g103
11;2025-12-08;6;1360.655783450603;20260927_1334_g103
11;2025-12-08;7;2455.5549570435123;20260927_1334_g103
11;2025-12-08;8;3210.8703922355185;20260927_1334_g103
11;2025-12-08;9;2441.7430199128303;20260927_1334_g103
11;2025-12-08;10;1956.1196970594608;20260927_1334_g103
11;2025-12-08;11;1911.7333171050127;20260927_1334_g103
11;2025-12-08;12;1923.1197004886806;20260927_1334_g103
11;2025-12-08;13;2025.5525041140347;20260927_1334_g103
11;2025-12-08;14;2009.0183550684487;20260927_1334_g103
11;2025-12-08;15;2020.2440470905758;20260927_1334_g103
11;2025-12-08;16;2218.271019793363;20260927_1334_g103
11;2025-12-08;17;2805.970065172615;20260927_1334_g103
11;2025-12-08;18;3077.675297846616;20260927_1334_g103
11;2025-12-08;19;2340.529429326586;20260927_1334_g103
11;2025-12-08;20;1506.2311996059857;20260927_1334_g103
11;2025-12-08;21;840.2514530824373;20260927_1334_g103
11;2025-12-08;22;410.2066489268292;20260927_1334_g103
11;2025-12-08;23;236.787263345507;20260927_1334_g103
11;2025-12-09;0;61.91145511210592;20260927_1334_g103
11;2025-12-09;1;0.0;20260927_1334_g103
11;2025-12-09;2;0.0;20260927_1334_g103
11;2025-12-09;3;0.0;20260927_1334_g103
11;2025-12-09;4;0.0;20260927_1334_g103
11;2025-12-09;5;255.74084145970082;20260927_1334_g103
11;2025-12-09;6;1361.3675236368285;20260927_1334_g103
11;2025-12-09;7;2457.9655831209157;20260927_1334_g103
11;2025-12-09;8;3213.1760242305613;20260927_1334_g103
11;2025-12-09;9;2446.31493282045;20260927_1334_g103
11;2025-12-09;10;1966.5347747827254;20260927_1334_g103
11;2025-12-09;11;1911.8653372957858;20260927_1334_g103
11;2025-12-09;12;1931.279464492058;20260927_1334_g103
11;2025-12-09;13;2042.7430401575011;20260927_1334_g103
11;2025-12-09;14;2005.9258520259486;20260927_1334_g103
11;2025-12-09;15;2014.794328268929;20260927_1334_g103
11;2025-12-09;16;2219.983244395067;20260927_1334_g103
11;2025-12-09;17;2805.3449817667934;20260927_1334_g103
11;2025-12-09;18;3081.038393070096;20260927_1334_g103
11;2025-12-09;19;2344.260255175129;20260927_1334_g103
11;2025-12-09;20;1522.2691876394704;20260927_1334_g103
11;2025-12-09;21;838.9160623781021;20260927_1334_g103
11;2025-12-09;22;411.8498775033613;20260927_1334_g103
11;2025-12-09;23;237.8317262815958;20260927_1334_g103
11;2025-12-10;0;63.45669879531522;20260927_1334_g103
11;2025-12-10;1;0.0;20260927_1334_g103
11;2025-12-10;2;0.0;20260927_1334_g103
11;2025-12-10;3;0.0;20260927_1334_g103
11;2025-12-10;4;0.0;20260927_1334_g103
11;2025-12-10;5;257.2214502442269;20260927_1334_g103
11;2025-12-10;6;1359.5293677786037;20260927_1334_g103
11;2025-12-10;7;2457.498579060416;20260927_1334_g103
11;2025-12-10;8;3207.8172164400653;20260927_1334_g103
11;2025-12-10;9;2444.0917085475744;20260927_1334_g103
11;2025-12-10;10;1962.6811410500486;20260927_1334_g103
11;2025-12-10;11;1916.353418483697;20260927_1334_g103
11;2025-12-10;12;1933.2873954123204;20260927_1334_g103
11;2025-12-10;13;2041.2342860093217;20260927_1334_g103
11;2025-12-10;14;2008.7587655312866;20260927_1334_g103
11;2025-12-10;15;2012.9486084299617;20260927_1334_g103
11;2025-12-10;16;2215.1452909281334;20260927_1334_g103
11;2025-12-10;17;2804.7127747752547;20260927_1334_g103
11;2025-12-10;18;3079.186451703321;20260927_1334_g103
11;2025-12-10;19;2341.7033682272795;20260927_1334_g103
11;2025-12-10;20;1518.2904629510533;20260927_1334_g103
11;2025-12-10;21;838.1106967544238;20260927_1334_g103
11;2025-12-10;22;412.83517873523584;20260927_1334_g103
11;2025-12-10;23;238.72195363697614;20260927_1334_g103
11;2025-12-11;0;62.35755996074818;20260927_1334_g103
11;2025-12-11;1;0.0;20260927_1334_g103
11;2025-12-11;2;0.0;20260927_1334_g103
11;2025-12-11;3;0.0;20260927_1334_g103
11;2025-12-11;4;0.0;20260927_1334_g103
11;2025-12-11;5;256.3579417199909;20260927_1334_g103
11;2025-12-11;6;1363.0956763042607;20260927_1334_g103
11;2025-12-11;7;2456.9067150341857;20260927_1334_g103
11;2025-12-11;8;3211.924675791527;20260927_1334_g103
11;2025-12-11;9;2446.321280779269;20260927_1334_g103
11;2025-12-11;10;1977.1970280727514;20260927_1334_g103
11;2025-12-11;11;1919.9841656041897;20260927_1334_g103
11;2025-12-11;12;1946.0651345675387;20260927_1334_g103
11;2025-12-11;13;2039.434566733148;20260927_1334_g103
11;2025-12-11;14;2019.4796161774927;20260927_1334_g103
11;2025-12-11;15;2014.520423969984;20260927_1334_g103
11;2025-12-11;16;2229.841844846878;20260927_1334_g103
11;2025-12-11;17;2809.573013468437;20260927_1334_g103
11;2025-12-11;18;3083.840171031477;20260927_1334_g103
11;2025-12-11;19;2344.8565475808973;20260927_1334_g103
11;2025-12-11;20;1520.2722905820367;20260927_1334_g103
11;2025-12-11;21;850.2443232843417;20260927_1334_g103
11;2025-12-11;22;413.3548547902663;20260927_1334_g103
11;2025-12-11;23;240.35478130401606;20260927_1334_g103
11;2025-12-12;0;66.27647600094703;20260927_1334_g103
11;2025-12-12;1;0.3044387073599137;20260927_1334_g103
11;2025-12-12;2;0.0;20260927_1334_g103
11;2025-12-12;3;0.0;20260927_1334_g103
11;2025-12-12;4;0.0;20260927_1334_g103
11;2025-12-12;5;268.2532091565601;20260927_1334_g103
11;2025-12-12;6;1282.4254242207287;20260927_1334_g103
11;2025-12-12;7;2285.6376445229284;20260927_1334_g103
11;2025-12-12;8;3085.068262733966;20260927_1334_g103
11;2025-12-12;9;2257.16573107062;20260927_1334_g103
11;2025-12-12;10;1950.3117163294362;20260927_1334_g103
11;2025-12-12;11;1826.5474556329755;20260927_1334_g103
11;2025-12-12;12;1884.681647254387;20260927_1334_g103
11;2025-12-12;13;1896.727831425415;20260927_1334_g103
11;2025-12-12;14;1981.670630719479;20260927_1334_g103
11;2025-12-12;15;2128.178376109492;20260927_1334_g103
11;2025-12-12;16;2277.6290765922668;20260927_1334_g103
11;2025-12-12;17;2784.4587140819453;20260927_1334_g103
11;2025-12-12;18;2454.636993185232;20260927_1334_g103
11;2025-12-12;19;1948.4851983666686;20260927_1334_g103
11;2025-12-12;20;1374.8842448188088;20260927_1334_g103
11;2025-12-12;21;829.6707829838113;20260927_1334_g103
11;2025-12-12;22;421.5360634370902;20260927_1334_g103
11;2025-12-12;23;307.6837382018359;20260927_1334_g103
11;2025-12-13;0;100.92932154664742;20260927_1334_g103
11;2025-12-13;1;0.8759968911353267;20260927_1334_g103
11;2025-12-13;2;0.0;20260927_1334_g103
11;2025-12-13;3;0.0;20260927_1334_g103
11;2025-12-13;4;0.0;20260927_1334_g103
11;2025-12-13;5;213.98223724207938;20260927_1334_g103
11;2025-12-13;6;858.515828134904;20260927_1334_g103
11;2025-12-13;7;762.9242098564506;20260927_1334_g103
11;2025-12-13;8;1077.471030003892;20260927_1334_g103
11;2025-12-13;9;1197.9049170491967;20260927_1334_g103
11;2025-12-13;10;1382.6049830681825;20260927_1334_g103
11;2025-12-13;11;1729.9866187619884;20260927_1334_g103
11;2025-12-13;12;1939.0167341933611;20260927_1334_g103
11;2025-12-13;13;1552.3950427800062;20260927_1334_g103
11;2025-12-13;14;1679.0931336368399;20260927_1334_g103
11;2025-12-13;15;1578.7998946492412;20260927_1334_g103
11;2025-12-13;16;1559.4617128847347;20260927_1334_g103
11;2025-12-13;17;1920.0729937673893;20260927_1334_g103
11;2025-12-13;18;1618.9418189168418;20260927_1334_g103
11;2025-12-13;19;1560.3522214269497;20260927_1334_g103
11;2025-12-13;20;1123.857506349928;20260927_1334_g103
11;2025-12-13;21;762.290010233582;20260927_1334_g103
11;2025-12-13;22;459.2992233398896;20260927_1334_g103
11;2025-12-13;23;302.7292030893216;20260927_1334_g103
11;2025-12-14;0;103.97998226090144;20260927_1334_g103
11;2025-12-14;1;10.762303225939215;20260927_1334_g103
11;2025-12-14;2;0.0;20260927_1334_g103
11;2025-12-14;3;0.0;20260927_1334_g103
11;2025-12-14;4;0.316604227589184;20260927_1334_g103
11;2025-12-14;5;104.60247111882825;20260927_1334_g103
11;2025-12-14;6;466.77053005012556;20260927_1334_g103
11;2025-12-14;7;468.2079957502027;20260927_1334_g103
11;2025-12-14;8;622.9220808313486;20260927_1334_g103
11;2025-12-14;9;868.800847940508;20260927_1334_g103
11;2025-12-14;10;964.9218318898543;20260927_1334_g103
11;2025-12-14;11;1356.0879305470403;20260927_1334_g103
11;2025-12-14;12;1464.9511725904792;20260927_1334_g103
11;2025-12-14;13;1436.2616253654483;20260927_1334_g103
11;2025-12-14;14;1465.7886863382964;20260927_1334_g103
11;2025-12-14;15;1493.9556314443566;20260927_1334_g103
11;2025-12-14;16;1360.7137465117937;20260927_1334_g103
11;2025-12-14;17;1562.6219146909875;20260927_1334_g103
11;2025-12-14;18;1241.6482631651695;20260927_1334_g103
11;2025-12-14;19;944.1147027380183;20260927_1334_g103
11;2025-12-14;20;780.793225646538;20260927_1334_g103
11;2025-12-14;21;553.4240683113726;20260927_1334_g103
11;2025-12-14;22;325.0450704798387;20260927_1334_g103
11;2025-12-14;23;228.72610052081964;20260927_1334_g103
11;2025-12-15;0;63.66129579281873;20260927_1334_g103
11;2025-12-15;1;0.0;20260927_1334_g103
11;2025-12-15;2;0.0;20260927_1334_g103
11;2025-12-15;3;0.0;20260927_1334_g103
11;2025-12-15;4;0.0;20260927_1334_g103
11;2025-12-15;5;256.362833760549;20260927_1334_g103
11;2025-12-15;6;1360.655783450603;20260927_1334_g103
11;2025-12-15;7;2455.5549570435123;20260927_1334_g103
11;2025-12-15;8;3210.8703922355185;20260927_1334_g103
11;2025-12-15;9;2441.7430199128303;20260927_1334_g103
11;2025-12-15;10;1956.1196970594608;20260927_1334_g103
11;2025-12-15;11;1911.7333171050127;20260927_1334_g103
11;2025-12-15;12;1923.1197004886806;20260927_1334_g103
11;2025-12-15;13;2025.5525041140347;20260927_1334_g103
11;2025-12-15;14;2009.0183550684487;20260927_1334_g103
11;2025-12-15;15;2020.2440470905758;20260927_1334_g103
11;2025-12-15;16;2218.271019793363;20260927_1334_g103
11;2025-12-15;17;2805.970065172615;20260927_1334_g103
11;2025-12-15;18;3077.675297846616;20260927_1334_g103
11;2025-12-15;19;2340.529429326586;20260927_1334_g103
11;2025-12-15;20;1506.2311996059857;20260927_1334_g103
11;2025-12-15;21;840.2514530824373;20260927_1334_g103
11;2025-12-15;22;410.2066489268292;20260927_1334_g103
11;2025-12-15;23;236.787263345507;20260927_1334_g103
11;2025-12-16;0;61.91145511210592;20260927_1334_g103
11;2025-12-16;1;0.0;20260927_1334_g103
11;2025-12-16;2;0.0;20260927_1334_g103
11;2025-12-16;3;0.0;20260927_1334_g103
11;2025-12-16;4;0.0;20260927_1334_g103
11;2025-12-16;5;255.74084145970082;20260927_1334_g103
11;2025-12-16;6;1361.3675236368285;20260927_1334_g103
11;2025-12-16;7;2457.9655831209157;20260927_1334_g103
11;2025-12-16;8;3213.1760242305613;20260927_1334_g103
11;2025-12-16;9;2446.31493282045;20260927_1334_g103
11;2025-12-16;10;1966.5347747827254;20260927_1334_g103
11;2025-12-16;11;1911.8653372957858;20260927_1334_g103
11;2025-12-16;12;1931.279464492058;20260927_1334_g103
11;2025-12-16;13;2042.7430401575011;20260927_1334_g103
11;2025-12-16;14;2005.9258520259486;20260927_1334_g103
11;2025-12-16;15;2014.794328268929;20260927_1334_g103
11;2025-12-16;16;2219.983244395067;20260927_1334_g103
11;2025-12-16;17;2805.3449817667934;20260927_1334_g103
11;2025-12-16;18;3081.038393070096;20260927_1334_g103
11;2025-12-16;19;2344.260255175129;20260927_1334_g103
11;2025-12-16;20;1522.2691876394704;20260927_1334_g103
11;2025-12-16;21;838.9160623781021;20260927_1334_g103
11;2025-12-16;22;411.8498775033613;20260927_1334_g103
11;2025-12-16;23;237.8317262815958;20260927_1334_g103
11;2025-12-17;0;63.45669879531522;20260927_1334_g103
11;2025-12-17;1;0.0;20260927_1334_g103
11;2025-12-17;2;0.0;20260927_1334_g103
11;2025-12-17;3;0.0;20260927_1334_g103
11;2025-12-17;4;0.0;20260927_1334_g103
11;2025-12-17;5;257.2214502442269;20260927_1334_g103
11;2025-12-17;6;1359.5293677786037;20260927_1334_g103
11;2025-12-17;7;2457.498579060416;20260927_1334_g103
11;2025-12-17;8;3207.8172164400653;20260927_1334_g103
11;2025-12-17;9;2444.0917085475744;20260927_1334_g103
11;2025-12-17;10;1962.6811410500486;20260927_1334_g103
11;2025-12-17;11;1916.353418483697;20260927_1334_g103
11;2025-12-17;12;1933.2873954123204;20260927_1334_g103
11;2025-12-17;13;2041.2342860093217;20260927_1334_g103
11;2025-12-17;14;2008.7587655312866;20260927_1334_g103
11;2025-12-17;15;2012.9486084299617;20260927_1334_g103
11;2025-12-17;16;2215.1452909281334;20260927_1334_g103
11;2025-12-17;17;2804.7127747752547;20260927_1334_g103
11;2025-12-17;18;3079.186451703321;20260927_1334_g103
11;2025-12-17;19;2341.7033682272795;20260927_1334_g103
11;2025-12-17;20;1518.2904629510533;20260927_1334_g103
11;2025-12-17;21;838.1106967544238;20260927_1334_g103
11;2025-12-17;22;412.83517873523584;20260927_1334_g103
11;2025-12-17;23;238.72195363697614;20260927_1334_g103
11;2025-12-18;0;62.35755996074818;20260927_1334_g103
11;2025-12-18;1;0.0;20260927_1334_g103
11;2025-12-18;2;0.0;20260927_1334_g103
11;2025-12-18;3;0.0;20260927_1334_g103
11;2025-12-18;4;0.0;20260927_1334_g103
11;2025-12-18;5;256.3579417199909;20260927_1334_g103
11;2025-12-18;6;1363.0956763042607;20260927_1334_g103
11;2025-12-18;7;2456.9067150341857;20260927_1334_g103
11;2025-12-18;8;3211.924675791527;20260927_1334_g103
11;2025-12-18;9;2446.321280779269;20260927_1334_g103
11;2025-12-18;10;1977.1970280727514;20260927_1334_g103
11;2025-12-18;11;1919.9841656041897;20260927_1334_g103
11;2025-12-18;12;1946.0651345675387;20260927_1334_g103
11;2025-12-18;13;2039.434566733148;20260927_1334_g103
11;2025-12-18;14;2019.4796161774927;20260927_1334_g103
11;2025-12-18;15;2014.520423969984;20260927_1334_g103
11;2025-12-18;16;2229.841844846878;20260927_1334_g103
11;2025-12-18;17;2809.573013468437;20260927_1334_g103
11;2025-12-18;18;3083.840171031477;20260927_1334_g103
11;2025-12-18;19;2344.8565475808973;20260927_1334_g103
11;2025-12-18;20;1520.2722905820367;20260927_1334_g103
11;2025-12-18;21;850.2443232843417;20260927_1334_g103
11;2025-12-18;22;413.3548547902663;20260927_1334_g103
11;2025-12-18;23;240.35478130401606;20260927_1334_g103
11;2025-12-19;0;66.27647600094703;20260927_1334_g103
11;2025-12-19;1;0.3044387073599137;20260927_1334_g103
11;2025-12-19;2;0.0;20260927_1334_g103
11;2025-12-19;3;0.0;20260927_1334_g103
11;2025-12-19;4;0.0;20260927_1334_g103
11;2025-12-19;5;268.2532091565601;20260927_1334_g103
11;2025-12-19;6;1282.4254242207287;20260927_1334_g103
11;2025-12-19;7;2285.6376445229284;20260927_1334_g103
11;2025-12-19;8;3085.068262733966;20260927_1334_g103
11;2025-12-19;9;2257.16573107062;20260927_1334_g103
11;2025-12-19;10;1950.3117163294362;20260927_1334_g103
11;2025-12-19;11;1826.5474556329755;20260927_1334_g103
11;2025-12-19;12;1884.681647254387;20260927_1334_g103
11;2025-12-19;13;1896.727831425415;20260927_1334_g103
11;2025-12-19;14;1981.670630719479;20260927_1334_g103
11;2025-12-19;15;2128.178376109492;20260927_1334_g103
11;2025-12-19;16;2277.6290765922668;20260927_1334_g103
11;2025-12-19;17;2784.4587140819453;20260927_1334_g103
11;2025-12-19;18;2454.636993185232;20260927_1334_g103
11;2025-12-19;19;1948.4851983666686;20260927_1334_g103
11;2025-12-19;20;1374.8842448188088;20260927_1334_g103
11;2025-12-19;21;829.6707829838113;20260927_1334_g103
11;2025-12-19;22;421.5360634370902;20260927_1334_g103
11;2025-12-19;23;307.6837382018359;20260927_1334_g103
11;2025-12-20;0;100.92932154664742;20260927_1334_g103
11;2025-12-20;1;0.8759968911353267;20260927_1334_g103
11;2025-12-20;2;0.0;20260927_1334_g103
11;2025-12-20;3;0.0;20260927_1334_g103
11;2025-12-20;4;0.0;20260927_1334_g103
11;2025-12-20;5;214.01590649659755;20260927_1334_g103
11;2025-12-20;6;858.5184983068395;20260927_1334_g103
11;2025-12-20;7;762.6388845191024;20260927_1334_g103
11;2025-12-20;8;1077.407710354994;20260927_1334_g103
11;2025-12-20;9;1195.904710346482;20260927_1334_g103
11;2025-12-20;10;1383.8925057244548;20260927_1334_g103
11;2025-12-20;11;1731.5892435152045;20260927_1334_g103
11;2025-12-20;12;1941.4029952468368;20260927_1334_g103
11;2025-12-20;13;1834.2719928492722;20260927_1334_g103
11;2025-12-20;14;1968.3646473338815;20260927_1334_g103
11;2025-12-20;15;1846.8192753630415;20260927_1334_g103
11;2025-12-20;16;1845.5523678352413;20260927_1334_g103
11;2025-12-20;17;1922.5033978739823;20260927_1334_g103
11;2025-12-20;18;1620.884643075054;20260927_1334_g103
11;2025-12-20;19;1561.4764435305894;20260927_1334_g103
11;2025-12-20;20;1123.7605704204257;20260927_1334_g103
11;2025-12-20;21;762.2259376967811;20260927_1334_g103
11;2025-12-20;22;459.2781174904488;20260927_1334_g103
11;2025-12-20;23;302.75969261570333;20260927_1334_g103
11;2025-12-21;0;103.97998226090144;20260927_1334_g103
11;2025-12-21;1;10.762303225939215;20260927_1334_g103
11;2025-12-21;2;0.0;20260927_1334_g103
11;2025-12-21;3;0.0;20260927_1334_g103
11;2025-12-21;4;0.316604227589184;20260927_1334_g103
11;2025-12-21;5;104.60247111882825;20260927_1334_g103
11;2025-12-21;6;466.77053005012556;20260927_1334_g103
11;2025-12-21;7;468.2079957502027;20260927_1334_g103
11;2025-12-21;8;622.9220808313486;20260927_1334_g103
11;2025-12-21;9;868.800847940508;20260927_1334_g103
11;2025-12-21;10;964.9218318898543;20260927_1334_g103
11;2025-12-21;11;1356.0879305470403;20260927_1334_g103
11;2025-12-21;12;1464.9511725904792;20260927_1334_g103
11;2025-12-21;13;1436.2616253654483;20260927_1334_g103
11;2025-12-21;14;1465.7886863382964;20260927_1334_g103
11;2025-12-21;15;1493.9556314443566;20260927_1334_g103
11;2025-12-21;16;1360.7137465117937;20260927_1334_g103
11;2025-12-21;17;1562.6219146909875;20260927_1334_g103
11;2025-12-21;18;1241.6482631651695;20260927_1334_g103
11;2025-12-21;19;944.1147027380183;20260927_1334_g103
11;2025-12-21;20;780.793225646538;20260927_1334_g103
11;2025-12-21;21;553.4240683113726;20260927_1334_g103
11;2025-12-21;22;325.0450704798387;20260927_1334_g103
11;2025-12-21;23;228.72610052081964;20260927_1334_g103
11;2025-12-22;0;63.66129579281873;20260927_1334_g103
11;2025-12-22;1;0.0;20260927_1334_g103
11;2025-12-22;2;0.0;20260927_1334_g103
11;2025-12-22;3;0.0;20260927_1334_g103
11;2025-12-22;4;0.0;20260927_1334_g103
11;2025-12-22;5;256.362833760549;20260927_1334_g103
11;2025-12-22;6;1360.655783450603;20260927_1334_g103
11;2025-12-22;7;2455.5549570435123;20260927_1334_g103
11;2025-12-22;8;3210.8703922355185;20260927_1334_g103
11;2025-12-22;9;2441.7430199128303;20260927_1334_g103
11;2025-12-22;10;1956.1196970594608;20260927_1334_g103
11;2025-12-22;11;1911.7333171050127;20260927_1334_g103
11;2025-12-22;12;1923.1197004886806;20260927_1334_g103
11;2025-12-22;13;2025.5525041140347;20260927_1334_g103
11;2025-12-22;14;2009.0183550684487;20260927_1334_g103
11;2025-12-22;15;2020.2440470905758;20260927_1334_g103
11;2025-12-22;16;2218.271019793363;20260927_1334_g103
11;2025-12-22;17;2805.970065172615;20260927_1334_g103
11;2025-12-22;18;3077.675297846616;20260927_1334_g103
11;2025-12-22;19;2340.529429326586;20260927_1334_g103
11;2025-12-22;20;1506.2311996059857;20260927_1334_g103
11;2025-12-22;21;840.2514530824373;20260927_1334_g103
11;2025-12-22;22;410.2066489268292;20260927_1334_g103
11;2025-12-22;23;236.787263345507;20260927_1334_g103
11;2025-12-23;0;61.91145511210592;20260927_1334_g103
11;2025-12-23;1;0.0;20260927_1334_g103
11;2025-12-23;2;0.0;20260927_1334_g103
11;2025-12-23;3;0.0;20260927_1334_g103
11;2025-12-23;4;0.0;20260927_1334_g103
11;2025-12-23;5;255.74084145970082;20260927_1334_g103
11;2025-12-23;6;1361.3675236368285;20260927_1334_g103
11;2025-12-23;7;2457.9655831209157;20260927_1334_g103
11;2025-12-23;8;3213.1760242305613;20260927_1334_g103
11;2025-12-23;9;2446.31493282045;20260927_1334_g103
11;2025-12-23;10;1966.5347747827254;20260927_1334_g103
11;2025-12-23;11;1911.8653372957858;20260927_1334_g103
11;2025-12-23;12;1931.279464492058;20260927_1334_g103
11;2025-12-23;13;2042.7430401575011;20260927_1334_g103
11;2025-12-23;14;2005.9258520259486;20260927_1334_g103
11;2025-12-23;15;2014.794328268929;20260927_1334_g103
11;2025-12-23;16;2219.983244395067;20260927_1334_g103
11;2025-12-23;17;2805.3449817667934;20260927_1334_g103
11;2025-12-23;18;3081.038393070096;20260927_1334_g103
11;2025-12-23;19;2344.260255175129;20260927_1334_g103
11;2025-12-23;20;1522.2691876394704;20260927_1334_g103
11;2025-12-23;21;838.9160623781021;20260927_1334_g103
11;2025-12-23;22;411.8498775033613;20260927_1334_g103
11;2025-12-23;23;237.8317262815958;20260927_1334_g103
11;2025-12-24;0;63.45669879531522;20260927_1334_g103
11;2025-12-24;1;0.0;20260927_1334_g103
11;2025-12-24;2;0.0;20260927_1334_g103
11;2025-12-24;3;0.0;20260927_1334_g103
11;2025-12-24;4;0.0;20260927_1334_g103
11;2025-12-24;5;257.2214502442269;20260927_1334_g103
11;2025-12-24;6;1359.5293677786037;20260927_1334_g103
11;2025-12-24;7;2457.498579060416;20260927_1334_g103
11;2025-12-24;8;3207.8172164400653;20260927_1334_g103
11;2025-12-24;9;2444.0917085475744;20260927_1334_g103
11;2025-12-24;10;1962.6811410500486;20260927_1334_g103
11;2025-12-24;11;1916.353418483697;20260927_1334_g103
11;2025-12-24;12;1933.2873954123204;20260927_1334_g103
11;2025-12-24;13;2041.2342860093217;20260927_1334_g103
11;2025-12-24;14;2008.7587655312866;20260927_1334_g103
11;2025-12-24;15;2012.9486084299617;20260927_1334_g103
11;2025-12-24;16;2215.1452909281334;20260927_1334_g103
11;2025-12-24;17;2804.7127747752547;20260927_1334_g103
11;2025-12-24;18;3079.186451703321;20260927_1334_g103
11;2025-12-24;19;2341.7033682272795;20260927_1334_g103
11;2025-12-24;20;1518.2904629510533;20260927_1334_g103
11;2025-12-24;21;838.1106967544238;20260927_1334_g103
11;2025-12-24;22;412.83517873523584;20260927_1334_g103
11;2025-12-24;23;238.72195363697614;20260927_1334_g103
11;2025-12-25;0;62.35755996074818;20260927_1334_g103
11;2025-12-25;1;0.0;20260927_1334_g103
11;2025-12-25;2;0.0;20260927_1334_g103
11;2025-12-25;3;0.0;20260927_1334_g103
11;2025-12-25;4;0.0;20260927_1334_g103
11;2025-12-25;5;256.3579417199909;20260927_1334_g103
11;2025-12-25;6;1363.0956763042607;20260927_1334_g103
11;2025-12-25;7;2456.9067150341857;20260927_1334_g103
11;2025-12-25;8;3211.924675791527;20260927_1334_g103
11;2025-12-25;9;2446.321280779269;20260927_1334_g103
11;2025-12-25;10;1977.1970280727514;20260927_1334_g103
11;2025-12-25;11;1919.9841656041897;20260927_1334_g103
11;2025-12-25;12;1946.0651345675387;20260927_1334_g103
11;2025-12-25;13;2039.434566733148;20260927_1334_g103
11;2025-12-25;14;2019.4796161774927;20260927_1334_g103
11;2025-12-25;15;2014.520423969984;20260927_1334_g103
11;2025-12-25;16;2229.841844846878;20260927_1334_g103
11;2025-12-25;17;2809.573013468437;20260927_1334_g103
11;2025-12-25;18;3083.840171031477;20260927_1334_g103
11;2025-12-25;19;2344.8565475808973;20260927_1334_g103
11;2025-12-25;20;1520.2722905820367;20260927_1334_g103
11;2025-12-25;21;850.2443232843417;20260927_1334_g103
11;2025-12-25;22;413.3548547902663;20260927_1334_g103
11;2025-12-25;23;240.35478130401606;20260927_1334_g103
11;2025-12-26;0;66.27647600094703;20260927_1334_g103
11;2025-12-26;1;0.3044387073599137;20260927_1334_g103
11;2025-12-26;2;0.0;20260927_1334_g103
11;2025-12-26;3;0.0;20260927_1334_g103
11;2025-12-26;4;0.0;20260927_1334_g103
11;2025-12-26;5;268.2532091565601;20260927_1334_g103
11;2025-12-26;6;1282.4254242207287;20260927_1334_g103
11;2025-12-26;7;2285.6376445229284;20260927_1334_g103
11;2025-12-26;8;3085.068262733966;20260927_1334_g103
11;2025-12-26;9;2257.16573107062;20260927_1334_g103
11;2025-12-26;10;1950.3117163294362;20260927_1334_g103
11;2025-12-26;11;1826.5474556329755;20260927_1334_g103
11;2025-12-26;12;1884.681647254387;20260927_1334_g103
11;2025-12-26;13;1896.727831425415;20260927_1334_g103
11;2025-12-26;14;1981.670630719479;20260927_1334_g103
11;2025-12-26;15;2128.178376109492;20260927_1334_g103
11;2025-12-26;16;2277.6290765922668;20260927_1334_g103
11;2025-12-26;17;2784.4587140819453;20260927_1334_g103
11;2025-12-26;18;2454.636993185232;20260927_1334_g103
11;2025-12-26;19;1948.4851983666686;20260927_1334_g103
11;2025-12-26;20;1374.8842448188088;20260927_1334_g103
11;2025-12-26;21;829.6707829838113;20260927_1334_g103
11;2025-12-26;22;421.5360634370902;20260927_1334_g103
11;2025-12-26;23;307.6837382018359;20260927_1334_g103
11;2025-12-27;0;100.92932154664742;20260927_1334_g103
11;2025-12-27;1;0.8759968911353267;20260927_1334_g103
11;2025-12-27;2;0.0;20260927_1334_g103
11;2025-12-27;3;0.0;20260927_1334_g103
11;2025-12-27;4;0.0;20260927_1334_g103
11;2025-12-27;5;214.01590649659755;20260927_1334_g103
11;2025-12-27;6;858.5184983068395;20260927_1334_g103
11;2025-12-27;7;762.6388845191024;20260927_1334_g103
11;2025-12-27;8;1077.407710354994;20260927_1334_g103
11;2025-12-27;9;1195.904710346482;20260927_1334_g103
11;2025-12-27;10;1383.8925057244548;20260927_1334_g103
11;2025-12-27;11;1731.5892435152045;20260927_1334_g103
11;2025-12-27;12;1941.4029952468368;20260927_1334_g103
11;2025-12-27;13;1834.2719928492722;20260927_1334_g103
11;2025-12-27;14;1968.3646473338815;20260927_1334_g103
11;2025-12-27;15;1846.8192753630415;20260927_1334_g103
11;2025-12-27;16;1845.5523678352413;20260927_1334_g103
11;2025-12-27;17;1922.5033978739823;20260927_1334_g103
11;2025-12-27;18;1620.884643075054;20260927_1334_g103
11;2025-12-27;19;1561.4764435305894;20260927_1334_g103
11;2025-12-27;20;1123.7605704204257;20260927_1334_g103
11;2025-12-27;21;762.2259376967811;20260927_1334_g103
11;2025-12-27;22;459.2781174904488;20260927_1334_g103
11;2025-12-27;23;302.75969261570333;20260927_1334_g103
11;2025-12-28;0;103.97998226090144;20260927_1334_g103
11;2025-12-28;1;10.762303225939215;20260927_1334_g103
11;2025-12-28;2;0.0;20260927_1334_g103
11;2025-12-28;3;0.0;20260927_1334_g103
11;2025-12-28;4;0.316604227589184;20260927_1334_g103
11;2025-12-28;5;104.60247111882825;20260927_1334_g103
11;2025-12-28;6;466.77053005012556;20260927_1334_g103
11;2025-12-28;7;468.2079957502027;20260927_1334_g103
11;2025-12-28;8;622.9220808313486;20260927_1334_g103
11;2025-12-28;9;868.800847940508;20260927_1334_g103
11;2025-12-28;10;964.9218318898543;20260927_1334_g103
11;2025-12-28;11;1356.0879305470403;20260927_1334_g103
11;2025-12-28;12;1464.9511725904792;20260927_1334_g103
11;2025-12-28;13;1436.2616253654483;20260927_1334_g103
11;2025-12-28;14;1465.7886863382964;20260927_1334_g103
11;2025-12-28;15;1493.9556314443566;20260927_1334_g103
11;2025-12-28;16;1360.7137465117937;20260927_1334_g103
11;2025-12-28;17;1562.6219146909875;20260927_1334_g103
11;2025-12-28;18;1241.6482631651695;20260927_1334_g103
11;2025-12-28;19;944.1147027380183;20260927_1334_g103
11;2025-12-28;20;780.793225646538;20260927_1334_g103
11;2025-12-28;21;553.4240683113726;20260927_1334_g103
11;2025-12-28;22;325.0450704798387;20260927_1334_g103
11;2025-12-28;23;228.72610052081964;20260927_1334_g103
11;2025-12-29;0;57.16935159850582;20260927_1334_g103
11;2025-12-29;1;0.0;20260927_1334_g103
11;2025-12-29;2;0.0;20260927_1334_g103
11;2025-12-29;3;0.0;20260927_1334_g103
11;2025-12-29;4;0.0;20260927_1334_g103
11;2025-12-29;5;230.21989731002918;20260927_1334_g103
11;2025-12-29;6;1221.9011240641871;20260927_1334_g103
11;2025-12-29;7;2205.1465173680954;20260927_1334_g103
11;2025-12-29;8;2883.4376697002667;20260927_1334_g103
11;2025-12-29;9;2192.743070654567;20260927_1334_g103
11;2025-12-29;10;1756.641823532752;20260927_1334_g103
11;2025-12-29;11;1716.7818029315542;20260927_1334_g103
11;2025-12-29;12;1727.0070449249743;20260927_1334_g103
11;2025-12-29;13;1818.9941289569515;20260927_1334_g103
11;2025-12-29;14;1804.1460714614611;20260927_1334_g103
11;2025-12-29;15;1814.2270088058426;20260927_1334_g103
11;2025-12-29;16;1992.0599210556497;20260927_1334_g103
11;2025-12-29;17;2519.827584923759;20260927_1334_g103
11;2025-12-29;18;2763.82531988105;20260927_1334_g103
11;2025-12-29;19;2101.850868811812;20260927_1334_g103
11;2025-12-29;20;1352.6312960885007;20260927_1334_g103
11;2025-12-29;21;754.5657083191827;20260927_1334_g103
11;2025-12-29;22;368.37528750377936;20260927_1334_g103
11;2025-12-29;23;212.6405713811171;20260927_1334_g103
11;2025-12-30;0;55.5979532178853;20260927_1334_g103
11;2025-12-30;1;0.0;20260927_1334_g103
11;2025-12-30;2;0.0;20260927_1334_g103
11;2025-12-30;3;0.0;20260927_1334_g103
11;2025-12-30;4;0.0;20260927_1334_g103
11;2025-12-30;5;229.6613334904288;20260927_1334_g103
11;2025-12-30;6;1222.5402836107592;20260927_1334_g103
11;2025-12-30;7;2207.311316687294;20260927_1334_g103
11;2025-12-30;8;2885.508181846459;20260927_1334_g103
11;2025-12-30;9;2196.8487567427674;20260927_1334_g103
11;2025-12-30;10;1765.9948100353338;20260927_1334_g103
11;2025-12-30;11;1716.900360190096;20260927_1334_g103
11;2025-12-30;12;1734.3347062843675;20260927_1334_g103
11;2025-12-30;13;1834.431637524702;20260927_1334_g103
11;2025-12-30;14;1801.3689304756492;20260927_1334_g103
11;2025-12-30;15;1809.3330322138224;20260927_1334_g103
11;2025-12-30;16;1993.5975393062893;20260927_1334_g103
11;2025-12-30;17;2519.266245218673;20260927_1334_g103
11;2025-12-30;18;2766.8454590550314;20260927_1334_g103
11;2025-12-30;19;2105.2012387977175;20260927_1334_g103
11;2025-12-30;20;1367.033789242313;20260927_1334_g103
11;2025-12-30;21;753.3664958346307;20260927_1334_g103
11;2025-12-30;22;369.85094568947204;20260927_1334_g103
11;2025-12-30;23;213.57852383843422;20260927_1334_g103
11;2025-12-31;0;101.6095749093685;20260927_1334_g103
11;2025-12-31;1;10.144180768314198;20260927_1334_g103
11;2025-12-31;2;0.0;20260927_1334_g103
11;2025-12-31;3;0.0;20260927_1334_g103
11;2025-12-31;4;0.31680073634681155;20260927_1334_g103
11;2025-12-31;5;107.1359414808069;20260927_1334_g103
11;2025-12-31;6;473.6808704443658;20260927_1334_g103
11;2025-12-31;7;481.65065509442235;20260927_1334_g103
11;2025-12-31;8;634.5884158756571;20260927_1334_g103
11;2025-12-31;9;872.2574845044304;20260927_1334_g103
11;2025-12-31;10;962.1241110791719;20260927_1334_g103
11;2025-12-31;11;1325.4560809291124;20260927_1334_g103
11;2025-12-31;12;1448.1700833386394;20260927_1334_g103
11;2025-12-31;13;1418.6391003240512;20260927_1334_g103
11;2025-12-31;14;1449.0357562629706;20260927_1334_g103
11;2025-12-31;15;1486.416477734915;20260927_1334_g103
11;2025-12-31;16;1328.9403251350716;20260927_1334_g103
11;2025-12-31;17;1536.216321432546;20260927_1334_g103
11;2025-12-31;18;1240.7697151679333;20260927_1334_g103
11;2025-12-31;19;958.2975879815194;20260927_1334_g103
11;2025-12-31;20;799.2782650920736;20260927_1334_g103
11;2025-12-31;21;557.5600540565346;20260927_1334_g103
11;2025-12-31;22;329.55961614043974;20260927_1334_g103
11;2025-12-31;23;227.68639926586206;20260927_1334_g103
12;2025-11-01;0;51.44834737061193;20260927_1334_g103
12;2025-11-01;1;1.4260941111259466;20260927_1334_g103
12;2025-11-01;2;0.0;20260927_1334_g103
12;2025-11-01;3;0.0;20260927_1334_g103
12;2025-11-01;4;5.699684833139092;20260927_1334_g103
12;2025-11-01;5;287.69063769267314;20260927_1334_g103
12;2025-11-01;6;1260.9083536832873;20260927_1334_g103
12;2025-11-01;7;2340.223539654996;20260927_1334_g103
12;2025-11-01;8;2961.470064999579;20260927_1334_g103
12;2025-11-01;9;2167.073060507846;20260927_1334_g103
12;2025-11-01;10;1780.9778298523047;20260927_1334_g103
12;2025-11-01;11;1741.1164572322405;20260927_1334_g103
12;2025-11-01;12;1763.2774928643935;20260927_1334_g103
12;2025-11-01;13;1824.509556649717;20260927_1334_g103
12;2025-11-01;14;1710.8094654996519;20260927_1334_g103
12;2025-11-01;15;1885.0296402257131;20260927_1334_g103
12;2025-11-01;16;2316.236389921069;20260927_1334_g103
12;2025-11-01;17;2567.8912725068767;20260927_1334_g103
12;2025-11-01;18;2685.393153751394;20260927_1334_g103
12;2025-11-01;19;2082.1404209809866;20260927_1334_g103
12;2025-11-01;20;1331.0037209160528;20260927_1334_g103
12;2025-11-01;21;829.08911828438;20260927_1334_g103
12;2025-11-01;22;418.11316419275465;20260927_1334_g103
12;2025-11-01;23;239.79188412960488;20260927_1334_g103
12;2025-11-02;0;88.27060826268205;20260927_1334_g103
12;2025-11-02;1;5.55114040525603;20260927_1334_g103
12;2025-11-02;2;0.0;20260927_1334_g103
12;2025-11-02;3;0.0;20260927_1334_g103
12;2025-11-02;4;2.8143812777146655;20260927_1334_g103
12;2025-11-02;5;159.78034781626846;20260927_1334_g103
12;2025-11-02;6;537.4687740935785;20260927_1334_g103
12;2025-11-02;7;725.4978842190532;20260927_1334_g103
12;2025-11-02;8;768.5457527170587;20260927_1334_g103
12;2025-11-02;9;974.0142477433976;20260927_1334_g103
12;2025-11-02;10;1211.7081803784681;20260927_1334_g103
12;2025-11-02;11;1318.9302122578388;20260927_1334_g103
12;2025-11-02;12;1403.8015076749036;20260927_1334_g103
12;2025-11-02;13;1626.153937953998;20260927_1334_g103
12;2025-11-02;14;1486.1115416361547;20260927_1334_g103
12;2025-11-02;15;1476.0646945243398;20260927_1334_g103
12;2025-11-02;16;1561.7645455672239;20260927_1334_g103
12;2025-11-02;17;1583.6008550281817;20260927_1334_g103
12;2025-11-02;18;1381.9747855922897;20260927_1334_g103
12;2025-11-02;19;1037.195647230064;20260927_1334_g103
12;2025-11-02;20;825.9353001857314;20260927_1334_g103
12;2025-11-02;21;619.953091156718;20260927_1334_g103
12;2025-11-02;22;408.08106168979634;20260927_1334_g103
12;2025-11-02;23;206.32609871073615;20260927_1334_g103
12;2025-11-03;0;81.6101541911265;20260927_1334_g103
12;2025-11-03;1;5.043974603735143;20260927_1334_g103
12;2025-11-03;2;0.0;20260927_1334_g103
12;2025-11-03;3;0.0;20260927_1334_g103
12;2025-11-03;4;3.1482987510321094;20260927_1334_g103
12;2025-11-03;5;173.42479610699277;20260927_1334_g103
12;2025-11-03;6;561.495450784636;20260927_1334_g103
12;2025-11-03;7;740.3402517123737;20260927_1334_g103
12;2025-11-03;8;795.3642098151441;20260927_1334_g103
12;2025-11-03;9;972.2232857117377;20260927_1334_g103
12;2025-11-03;10;1171.670846548072;20260927_1334_g103
12;2025-11-03;11;1237.167903013072;20260927_1334_g103
12;2025-11-03;12;1316.7201295335951;20260927_1334_g103
12;2025-11-03;13;1572.2959806927968;20260927_1334_g103
12;2025-11-03;14;1442.1253685285876;20260927_1334_g103
12;2025-11-03;15;1367.946060770521;20260927_1334_g103
12;2025-11-03;16;1464.5519988554245;20260927_1334_g103
12;2025-11-03;17;1508.1759473634265;20260927_1334_g103
12;2025-11-03;18;1303.5999136063147;20260927_1334_g103
12;2025-11-03;19;1064.2297440588002;20260927_1334_g103
12;2025-11-03;20;858.0750462065279;20260927_1334_g103
12;2025-11-03;21;637.190813784016;20260927_1334_g103
12;2025-11-03;22;405.8221767472089;20260927_1334_g103
12;2025-11-03;23;214.09245216694623;20260927_1334_g103
12;2025-11-04;0;81.25813618406652;20260927_1334_g103
12;2025-11-04;1;5.0250623846092495;20260927_1334_g103
12;2025-11-04;2;0.0;20260927_1334_g103
12;2025-11-04;3;0.0;20260927_1334_g103
12;2025-11-04;4;3.1568495503636;20260927_1334_g103
12;2025-11-04;5;174.95536759076072;20260927_1334_g103
12;2025-11-04;6;565.6072121975631;20260927_1334_g103
12;2025-11-04;7;745.4009905582265;20260927_1334_g103
12;2025-11-04;8;793.9916749532662;20260927_1334_g103
12;2025-11-04;9;981.5201684214134;20260927_1334_g103
12;2025-11-04;10;1173.9996969256342;20260927_1334_g103
12;2025-11-04;11;1238.570947736652;20260927_1334_g103
12;2025-11-04;12;1316.2172178959925;20260927_1334_g103
12;2025-11-04;13;1582.6329040721414;20260927_1334_g103
12;2025-11-04;14;1433.1185744060044;20260927_1334_g103
12;2025-11-04;15;1361.3648204918443;20260927_1334_g103
12;2025-11-04;16;1460.1693301699963;20260927_1334_g103
12;2025-11-04;17;1503.1524251039573;20260927_1334_g103
12;2025-11-04;18;1298.9318587212422;20260927_1334_g103
12;2025-11-04;19;1067.0871092675288;20260927_1334_g103
12;2025-11-04;20;857.9316340505789;20260927_1334_g103
12;2025-11-04;21;639.6942576857454;20260927_1334_g103
12;2025-11-04;22;407.36392887971476;20260927_1334_g103
12;2025-11-04;23;217.14721788657081;20260927_1334_g103
12;2025-11-05;0;56.425732210380566;20260927_1334_g103
12;2025-11-05;1;1.5968835273947113;20260927_1334_g103
12;2025-11-05;2;0.0;20260927_1334_g103
12;2025-11-05;3;0.0;20260927_1334_g103
12;2025-11-05;4;7.355005412500608;20260927_1334_g103
12;2025-11-05;5;345.83749324983495;20260927_1334_g103
12;2025-11-05;6;1525.7195147993355;20260927_1334_g103
12;2025-11-05;7;2786.091543233407;20260927_1334_g103
12;2025-11-05;8;3717.0751237242184;20260927_1334_g103
12;2025-11-05;9;2644.9082984482843;20260927_1334_g103
12;2025-11-05;10;2161.281666094661;20260927_1334_g103
12;2025-11-05;11;2114.9563580065806;20260927_1334_g103
12;2025-11-05;12;2147.8316753432155;20260927_1334_g103
12;2025-11-05;13;2146.9590730270857;20260927_1334_g103
12;2025-11-05;14;2028.138213969478;20260927_1334_g103
12;2025-11-05;15;2309.9226773267214;20260927_1334_g103
12;2025-11-05;16;2825.271806627479;20260927_1334_g103
12;2025-11-05;17;3115.039279928271;20260927_1334_g103
12;2025-11-05;18;3238.05437881989;20260927_1334_g103
12;2025-11-05;19;2511.861846853501;20260927_1334_g103
12;2025-11-05;20;1606.5651230842204;20260927_1334_g103
12;2025-11-05;21;1005.2958128041689;20260927_1334_g103
12;2025-11-05;22;501.1015140573144;20260927_1334_g103
12;2025-11-05;23;258.7687530838009;20260927_1334_g103
12;2025-11-06;0;55.18035042184033;20260927_1334_g103
12;2025-11-06;1;1.8127292321301525;20260927_1334_g103
12;2025-11-06;2;0.0;20260927_1334_g103
12;2025-11-06;3;0.0;20260927_1334_g103
12;2025-11-06;4;7.014653072481681;20260927_1334_g103
12;2025-11-06;5;344.2579820558812;20260927_1334_g103
12;2025-11-06;6;1521.9234324415809;20260927_1334_g103
12;2025-11-06;7;2793.593527725792;20260927_1334_g103
12;2025-11-06;8;3722.684983300869;20260927_1334_g103
12;2025-11-06;9;2650.2652660145227;20260927_1334_g103
12;2025-11-06;10;2180.672703375893;20260927_1334_g103
12;2025-11-06;11;2109.8916687446604;20260927_1334_g103
12;2025-11-06;12;2131.685745379507;20260927_1334_g103
12;2025-11-06;13;2133.7638322591692;20260927_1334_g103
12;2025-11-06;14;2036.965310459396;20260927_1334_g103
12;2025-11-06;15;2276.3934193411365;20260927_1334_g103
12;2025-11-06;16;2807.2924718228373;20260927_1334_g103
12;2025-11-06;17;3144.9627694860956;20260927_1334_g103
12;2025-11-06;18;3286.027856573689;20260927_1334_g103
12;2025-11-06;19;2522.4479347123265;20260927_1334_g103
12;2025-11-06;20;1627.4179241039826;20260927_1334_g103
12;2025-11-06;21;987.5097763497903;20260927_1334_g103
12;2025-11-06;22;505.53469924838316;20260927_1334_g103
12;2025-11-06;23;259.1560748408563;20260927_1334_g103
12;2025-11-07;0;54.341850034853096;20260927_1334_g103
12;2025-11-07;1;0.856146359765377;20260927_1334_g103
12;2025-11-07;2;0.0;20260927_1334_g103
12;2025-11-07;3;0.0;20260927_1334_g103
12;2025-11-07;4;5.745590339118743;20260927_1334_g103
12;2025-11-07;5;329.01855229466156;20260927_1334_g103
12;2025-11-07;6;1402.6757948349862;20260927_1334_g103
12;2025-11-07;7;2684.873484980397;20260927_1334_g103
12;2025-11-07;8;3273.3920256365336;20260927_1334_g103
12;2025-11-07;9;2420.0202196192836;20260927_1334_g103
12;2025-11-07;10;1917.9751030335701;20260927_1334_g103
12;2025-11-07;11;1882.403825796298;20260927_1334_g103
12;2025-11-07;12;1933.745111485404;20260927_1334_g103
12;2025-11-07;13;2037.4794754940967;20260927_1334_g103
12;2025-11-07;14;1965.3671095709215;20260927_1334_g103
12;2025-11-07;15;2252.485436237924;20260927_1334_g103
12;2025-11-07;16;2803.020519965079;20260927_1334_g103
12;2025-11-07;17;2893.562340840273;20260927_1334_g103
12;2025-11-07;18;2518.8273544385866;20260927_1334_g103
12;2025-11-07;19;2181.2806315779344;20260927_1334_g103
12;2025-11-07;20;1374.2391313400146;20260927_1334_g103
12;2025-11-07;21;980.4900394368693;20260927_1334_g103
12;2025-11-07;22;512.191890883159;20260927_1334_g103
12;2025-11-07;23;309.78787428450187;20260927_1334_g103
12;2025-11-08;0;73.38319996336628;20260927_1334_g103
12;2025-11-08;1;1.8315425785748392;20260927_1334_g103
12;2025-11-08;2;0.0;20260927_1334_g103
12;2025-11-08;3;0.0;20260927_1334_g103
12;2025-11-08;4;2.165232057411449;20260927_1334_g103
12;2025-11-08;5;256.18739302146724;20260927_1334_g103
12;2025-11-08;6;904.2879783077251;20260927_1334_g103
12;2025-11-08;7;948.5184777040322;20260927_1334_g103
12;2025-11-08;8;1074.9013536361479;20260927_1334_g103
12;2025-11-08;9;1288.445028588111;20260927_1334_g103
12;2025-11-08;10;1344.6420191229981;20260927_1334_g103
12;2025-11-08;11;1343.6917617907186;20260927_1334_g103
12;2025-11-08;12;1344.068860298485;20260927_1334_g103
12;2025-11-08;13;1511.7616346430877;20260927_1334_g103
12;2025-11-08;14;1648.282204412557;20260927_1334_g103
12;2025-11-08;15;1507.4404187903012;20260927_1334_g103
12;2025-11-08;16;1678.0472567269264;20260927_1334_g103
12;2025-11-08;17;1626.6738077332884;20260927_1334_g103
12;2025-11-08;18;1547.6390326555338;20260927_1334_g103
12;2025-11-08;19;1450.0518794375357;20260927_1334_g103
12;2025-11-08;20;1054.8188530288933;20260927_1334_g103
12;2025-11-08;21;814.681831307956;20260927_1334_g103
12;2025-11-08;22;408.72385520717944;20260927_1334_g103
12;2025-11-08;23;297.5706650208178;20260927_1334_g103
12;2025-11-09;0;88.27060826268205;20260927_1334_g103
12;2025-11-09;1;5.55114040525603;20260927_1334_g103
12;2025-11-09;2;0.0;20260927_1334_g103
12;2025-11-09;3;0.0;20260927_1334_g103
12;2025-11-09;4;2.8143812777146655;20260927_1334_g103
12;2025-11-09;5;159.78034781626846;20260927_1334_g103
12;2025-11-09;6;537.4687740935785;20260927_1334_g103
12;2025-11-09;7;725.4978842190532;20260927_1334_g103
12;2025-11-09;8;768.5457527170587;20260927_1334_g103
12;2025-11-09;9;974.0142477433976;20260927_1334_g103
12;2025-11-09;10;1211.7081803784681;20260927_1334_g103
12;2025-11-09;11;1318.9302122578388;20260927_1334_g103
12;2025-11-09;12;1403.8015076749036;20260927_1334_g103
12;2025-11-09;13;1626.153937953998;20260927_1334_g103
12;2025-11-09;14;1486.1115416361547;20260927_1334_g103
12;2025-11-09;15;1476.0646945243398;20260927_1334_g103
12;2025-11-09;16;1561.7645455672239;20260927_1334_g103
12;2025-11-09;17;1583.6008550281817;20260927_1334_g103
12;2025-11-09;18;1381.9747855922897;20260927_1334_g103
12;2025-11-09;19;1037.195647230064;20260927_1334_g103
12;2025-11-09;20;825.9353001857314;20260927_1334_g103
12;2025-11-09;21;619.953091156718;20260927_1334_g103
12;2025-11-09;22;408.08106168979634;20260927_1334_g103
12;2025-11-09;23;206.32609871073615;20260927_1334_g103
12;2025-11-10;0;54.516909223376935;20260927_1334_g103
12;2025-11-10;1;1.7394587039018259;20260927_1334_g103
12;2025-11-10;2;0.0;20260927_1334_g103
12;2025-11-10;3;0.0;20260927_1334_g103
12;2025-11-10;4;7.102538844192107;20260927_1334_g103
12;2025-11-10;5;339.9075510564634;20260927_1334_g103
12;2025-11-10;6;1512.325859306378;20260927_1334_g103
12;2025-11-10;7;2769.022980173841;20260927_1334_g103
12;2025-11-10;8;3688.60249852047;20260927_1334_g103
12;2025-11-10;9;2629.7121982964104;20260927_1334_g103
12;2025-11-10;10;2152.294934587814;20260927_1334_g103
12;2025-11-10;11;2076.2171245598256;20260927_1334_g103
12;2025-11-10;12;2125.7765924165656;20260927_1334_g103
12;2025-11-10;13;2114.4056288977076;20260927_1334_g103
12;2025-11-10;14;2003.7700198954242;20260927_1334_g103
12;2025-11-10;15;2245.8951599624634;20260927_1334_g103
12;2025-11-10;16;2773.054668907749;20260927_1334_g103
12;2025-11-10;17;3090.720805551374;20260927_1334_g103
12;2025-11-10;18;3232.0570497335552;20260927_1334_g103
12;2025-11-10;19;2479.7441516511963;20260927_1334_g103
12;2025-11-10;20;1608.2270846739864;20260927_1334_g103
12;2025-11-10;21;972.9372503083091;20260927_1334_g103
12;2025-11-10;22;490.79240781339047;20260927_1334_g103
12;2025-11-10;23;250.98408063003475;20260927_1334_g103
12;2025-11-11;0;54.624682471850996;20260927_1334_g103
12;2025-11-11;1;1.666641344275043;20260927_1334_g103
12;2025-11-11;2;0.0;20260927_1334_g103
12;2025-11-11;3;0.0;20260927_1334_g103
12;2025-11-11;4;6.824116224752382;20260927_1334_g103
12;2025-11-11;5;345.8880250395205;20260927_1334_g103
12;2025-11-11;6;1524.7345965550608;20260927_1334_g103
12;2025-11-11;7;2797.1344686011826;20260927_1334_g103
12;2025-11-11;8;3723.3053200309178;20260927_1334_g103
12;2025-11-11;9;2637.4995357333964;20260927_1334_g103
12;2025-11-11;10;2168.6920521638185;20260927_1334_g103
12;2025-11-11;11;2096.6068258595183;20260927_1334_g103
12;2025-11-11;12;2121.9165813097093;20260927_1334_g103
12;2025-11-11;13;2124.4836275886414;20260927_1334_g103
12;2025-11-11;14;2031.5890800927884;20260927_1334_g103
12;2025-11-11;15;2268.482393391064;20260927_1334_g103
12;2025-11-11;16;2790.46171569633;20260927_1334_g103
12;2025-11-11;17;3110.828506501734;20260927_1334_g103
12;2025-11-11;18;3249.9372365156923;20260927_1334_g103
12;2025-11-11;19;2507.503522127364;20260927_1334_g103
12;2025-11-11;20;1602.3170585500247;20260927_1334_g103
12;2025-11-11;21;978.6004129610018;20260927_1334_g103
12;2025-11-11;22;497.60919680588967;20260927_1334_g103
12;2025-11-11;23;260.77813609394684;20260927_1334_g103
12;2025-11-12;0;56.425732210380566;20260927_1334_g103
12;2025-11-12;1;1.5968835273947113;20260927_1334_g103
12;2025-11-12;2;0.0;20260927_1334_g103
12;2025-11-12;3;0.0;20260927_1334_g103
12;2025-11-12;4;7.355005412500608;20260927_1334_g103
12;2025-11-12;5;345.83749324983495;20260927_1334_g103
12;2025-11-12;6;1525.7195147993355;20260927_1334_g103
12;2025-11-12;7;2786.091543233407;20260927_1334_g103
12;2025-11-12;8;3717.0751237242184;20260927_1334_g103
12;2025-11-12;9;2644.9082984482843;20260927_1334_g103
12;2025-11-12;10;2161.281666094661;20260927_1334_g103
12;2025-11-12;11;2114.9563580065806;20260927_1334_g103
12;2025-11-12;12;2147.8316753432155;20260927_1334_g103
12;2025-11-12;13;2146.9590730270857;20260927_1334_g103
12;2025-11-12;14;2028.138213969478;20260927_1334_g103
12;2025-11-12;15;2309.9226773267214;20260927_1334_g103
12;2025-11-12;16;2825.271806627479;20260927_1334_g103
12;2025-11-12;17;3115.039279928271;20260927_1334_g103
12;2025-11-12;18;3238.05437881989;20260927_1334_g103
12;2025-11-12;19;2511.861846853501;20260927_1334_g103
12;2025-11-12;20;1606.5651230842204;20260927_1334_g103
12;2025-11-12;21;1005.2958128041689;20260927_1334_g103
12;2025-11-12;22;501.1015140573144;20260927_1334_g103
12;2025-11-12;23;258.7687530838009;20260927_1334_g103
12;2025-11-13;0;55.18035042184033;20260927_1334_g103
12;2025-11-13;1;1.8127292321301525;20260927_1334_g103
12;2025-11-13;2;0.0;20260927_1334_g103
12;2025-11-13;3;0.0;20260927_1334_g103
12;2025-11-13;4;7.014653072481681;20260927_1334_g103
12;2025-11-13;5;344.2579820558812;20260927_1334_g103
12;2025-11-13;6;1521.9234324415809;20260927_1334_g103
12;2025-11-13;7;2793.593527725792;20260927_1334_g103
12;2025-11-13;8;3722.684983300869;20260927_1334_g103
12;2025-11-13;9;2650.2652660145227;20260927_1334_g103
12;2025-11-13;10;2180.672703375893;20260927_1334_g103
12;2025-11-13;11;2109.8916687446604;20260927_1334_g103
12;2025-11-13;12;2131.685745379507;20260927_1334_g103
12;2025-11-13;13;2133.7638322591692;20260927_1334_g103
12;2025-11-13;14;2036.965310459396;20260927_1334_g103
12;2025-11-13;15;2276.3934193411365;20260927_1334_g103
12;2025-11-13;16;2807.2924718228373;20260927_1334_g103
12;2025-11-13;17;3144.9627694860956;20260927_1334_g103
12;2025-11-13;18;3286.027856573689;20260927_1334_g103
12;2025-11-13;19;2522.4479347123265;20260927_1334_g103
12;2025-11-13;20;1627.4179241039826;20260927_1334_g103
12;2025-11-13;21;987.5097763497903;20260927_1334_g103
12;2025-11-13;22;505.53469924838316;20260927_1334_g103
12;2025-11-13;23;259.1560748408563;20260927_1334_g103
12;2025-11-14;0;54.341850034853096;20260927_1334_g103
12;2025-11-14;1;0.856146359765377;20260927_1334_g103
12;2025-11-14;2;0.0;20260927_1334_g103
12;2025-11-14;3;0.0;20260927_1334_g103
12;2025-11-14;4;5.745590339118743;20260927_1334_g103
12;2025-11-14;5;329.01855229466156;20260927_1334_g103
12;2025-11-14;6;1402.6757948349862;20260927_1334_g103
12;2025-11-14;7;2684.873484980397;20260927_1334_g103
12;2025-11-14;8;3273.3920256365336;20260927_1334_g103
12;2025-11-14;9;2420.0202196192836;20260927_1334_g103
12;2025-11-14;10;1917.9751030335701;20260927_1334_g103
12;2025-11-14;11;1882.403825796298;20260927_1334_g103
12;2025-11-14;12;1933.745111485404;20260927_1334_g103
12;2025-11-14;13;2037.4794754940967;20260927_1334_g103
12;2025-11-14;14;1965.3671095709215;20260927_1334_g103
12;2025-11-14;15;2252.485436237924;20260927_1334_g103
12;2025-11-14;16;2803.020519965079;20260927_1334_g103
12;2025-11-14;17;2893.562340840273;20260927_1334_g103
12;2025-11-14;18;2518.8273544385866;20260927_1334_g103
12;2025-11-14;19;2181.2806315779344;20260927_1334_g103
12;2025-11-14;20;1374.2391313400146;20260927_1334_g103
12;2025-11-14;21;980.4900394368693;20260927_1334_g103
12;2025-11-14;22;512.191890883159;20260927_1334_g103
12;2025-11-14;23;309.78787428450187;20260927_1334_g103
12;2025-11-15;0;73.38319996336628;20260927_1334_g103
12;2025-11-15;1;1.8315425785748392;20260927_1334_g103
12;2025-11-15;2;0.0;20260927_1334_g103
12;2025-11-15;3;0.0;20260927_1334_g103
12;2025-11-15;4;2.165232057411449;20260927_1334_g103
12;2025-11-15;5;256.18739302146724;20260927_1334_g103
12;2025-11-15;6;904.1237208649837;20260927_1334_g103
12;2025-11-15;7;948.4503514594484;20260927_1334_g103
12;2025-11-15;8;1073.2167507575575;20260927_1334_g103
12;2025-11-15;9;1288.9237154387633;20260927_1334_g103
12;2025-11-15;10;1531.0263056735134;20260927_1334_g103
12;2025-11-15;11;1530.0812503327197;20260927_1334_g103
12;2025-11-15;12;1535.4522663167118;20260927_1334_g103
12;2025-11-15;13;1744.6458766078672;20260927_1334_g103
12;2025-11-15;14;1650.9441777840455;20260927_1334_g103
12;2025-11-15;15;1510.7645139152132;20260927_1334_g103
12;2025-11-15;16;1679.2904433754015;20260927_1334_g103
12;2025-11-15;17;1627.2405834280066;20260927_1334_g103
12;2025-11-15;18;1550.1508897881595;20260927_1334_g103
12;2025-11-15;19;1450.244251982977;20260927_1334_g103
12;2025-11-15;20;1054.7797182571342;20260927_1334_g103
12;2025-11-15;21;814.687560980212;20260927_1334_g103
12;2025-11-15;22;408.72385520717944;20260927_1334_g103
12;2025-11-15;23;298.0476159561365;20260927_1334_g103
12;2025-11-16;0;88.27060826268205;20260927_1334_g103
12;2025-11-16;1;5.55114040525603;20260927_1334_g103
12;2025-11-16;2;0.0;20260927_1334_g103
12;2025-11-16;3;0.0;20260927_1334_g103
12;2025-11-16;4;2.8143812777146655;20260927_1334_g103
12;2025-11-16;5;159.78034781626846;20260927_1334_g103
12;2025-11-16;6;480.1426298133189;20260927_1334_g103
12;2025-11-16;7;641.6978679717658;20260927_1334_g103
12;2025-11-16;8;678.0414039038968;20260927_1334_g103
12;2025-11-16;9;854.7207388531275;20260927_1334_g103
12;2025-11-16;10;1213.0415337988584;20260927_1334_g103
12;2025-11-16;11;1317.7618635360445;20260927_1334_g103
12;2025-11-16;12;1402.3844353088548;20260927_1334_g103
12;2025-11-16;13;1624.5370257709706;20260927_1334_g103
12;2025-11-16;14;1487.5000574795497;20260927_1334_g103
12;2025-11-16;15;1478.2864203544425;20260927_1334_g103
12;2025-11-16;16;1555.6450308705296;20260927_1334_g103
12;2025-11-16;17;1581.5992419061138;20260927_1334_g103
12;2025-11-16;18;1382.3789763214104;20260927_1334_g103
12;2025-11-16;19;1036.985345912122;20260927_1334_g103
12;2025-11-16;20;825.7010957002658;20260927_1334_g103
12;2025-11-16;21;619.9598228991064;20260927_1334_g103
12;2025-11-16;22;408.08106168979634;20260927_1334_g103
12;2025-11-16;23;206.32609871073615;20260927_1334_g103
12;2025-11-17;0;54.516909223376935;20260927_1334_g103
12;2025-11-17;1;1.7394587039018259;20260927_1334_g103
12;2025-11-17;2;0.0;20260927_1334_g103
12;2025-11-17;3;0.0;20260927_1334_g103
12;2025-11-17;4;7.102538844192107;20260927_1334_g103
12;2025-11-17;5;339.9075510564634;20260927_1334_g103
12;2025-11-17;6;1512.325859306378;20260927_1334_g103
12;2025-11-17;7;2769.022980173841;20260927_1334_g103
12;2025-11-17;8;3688.60249852047;20260927_1334_g103
12;2025-11-17;9;2629.7121982964104;20260927_1334_g103
12;2025-11-17;10;2152.294934587814;20260927_1334_g103
12;2025-11-17;11;2076.2171245598256;20260927_1334_g103
12;2025-11-17;12;2125.7765924165656;20260927_1334_g103
12;2025-11-17;13;2114.4056288977076;20260927_1334_g103
12;2025-11-17;14;2003.7700198954242;20260927_1334_g103
12;2025-11-17;15;2245.8951599624634;20260927_1334_g103
12;2025-11-17;16;2773.054668907749;20260927_1334_g103
12;2025-11-17;17;3090.720805551374;20260927_1334_g103
12;2025-11-17;18;3232.0570497335552;20260927_1334_g103
12;2025-11-17;19;2479.7441516511963;20260927_1334_g103
12;2025-11-17;20;1608.2270846739864;20260927_1334_g103
12;2025-11-17;21;972.9372503083091;20260927_1334_g103
12;2025-11-17;22;490.79240781339047;20260927_1334_g103
12;2025-11-17;23;250.98408063003475;20260927_1334_g103
12;2025-11-18;0;54.624682471850996;20260927_1334_g103
12;2025-11-18;1;1.666641344275043;20260927_1334_g103
12;2025-11-18;2;0.0;20260927_1334_g103
12;2025-11-18;3;0.0;20260927_1334_g103
12;2025-11-18;4;6.824116224752382;20260927_1334_g103
12;2025-11-18;5;345.8880250395205;20260927_1334_g103
12;2025-11-18;6;1524.7345965550608;20260927_1334_g103
12;2025-11-18;7;2797.1344686011826;20260927_1334_g103
12;2025-11-18;8;3723.3053200309178;20260927_1334_g103
12;2025-11-18;9;2637.4995357333964;20260927_1334_g103
12;2025-11-18;10;2168.6920521638185;20260927_1334_g103
12;2025-11-18;11;2096.6068258595183;20260927_1334_g103
12;2025-11-18;12;2121.9165813097093;20260927_1334_g103
12;2025-11-18;13;2124.4836275886414;20260927_1334_g103
12;2025-11-18;14;2031.5890800927884;20260927_1334_g103
12;2025-11-18;15;2268.482393391064;20260927_1334_g103
12;2025-11-18;16;2790.46171569633;20260927_1334_g103
12;2025-11-18;17;3110.828506501734;20260927_1334_g103
12;2025-11-18;18;3249.9372365156923;20260927_1334_g103
12;2025-11-18;19;2507.503522127364;20260927_1334_g103
12;2025-11-18;20;1602.3170585500247;20260927_1334_g103
12;2025-11-18;21;978.6004129610018;20260927_1334_g103
12;2025-11-18;22;497.60919680588967;20260927_1334_g103
12;2025-11-18;23;260.77813609394684;20260927_1334_g103
12;2025-11-19;0;56.425732210380566;20260927_1334_g103
12;2025-11-19;1;1.5968835273947113;20260927_1334_g103
12;2025-11-19;2;0.0;20260927_1334_g103
12;2025-11-19;3;0.0;20260927_1334_g103
12;2025-11-19;4;7.355005412500608;20260927_1334_g103
12;2025-11-19;5;345.83749324983495;20260927_1334_g103
12;2025-11-19;6;1525.7195147993355;20260927_1334_g103
12;2025-11-19;7;2786.091543233407;20260927_1334_g103
12;2025-11-19;8;3717.0751237242184;20260927_1334_g103
12;2025-11-19;9;2644.9082984482843;20260927_1334_g103
12;2025-11-19;10;2161.281666094661;20260927_1334_g103
12;2025-11-19;11;2114.9563580065806;20260927_1334_g103
12;2025-11-19;12;2147.8316753432155;20260927_1334_g103
12;2025-11-19;13;2146.9590730270857;20260927_1334_g103
12;2025-11-19;14;2028.138213969478;20260927_1334_g103
12;2025-11-19;15;2309.9226773267214;20260927_1334_g103
12;2025-11-19;16;2825.271806627479;20260927_1334_g103
12;2025-11-19;17;3115.039279928271;20260927_1334_g103
12;2025-11-19;18;3238.05437881989;20260927_1334_g103
12;2025-11-19;19;2511.861846853501;20260927_1334_g103
12;2025-11-19;20;1606.5651230842204;20260927_1334_g103
12;2025-11-19;21;1005.2958128041689;20260927_1334_g103
12;2025-11-19;22;501.1015140573144;20260927_1334_g103
12;2025-11-19;23;258.7687530838009;20260927_1334_g103
12;2025-11-20;0;55.18035042184033;20260927_1334_g103
12;2025-11-20;1;1.8127292321301525;20260927_1334_g103
12;2025-11-20;2;0.0;20260927_1334_g103
12;2025-11-20;3;0.0;20260927_1334_g103
12;2025-11-20;4;7.014653072481681;20260927_1334_g103
12;2025-11-20;5;344.2579820558812;20260927_1334_g103
12;2025-11-20;6;1521.9234324415809;20260927_1334_g103
12;2025-11-20;7;2793.593527725792;20260927_1334_g103
12;2025-11-20;8;3722.684983300869;20260927_1334_g103
12;2025-11-20;9;2650.2652660145227;20260927_1334_g103
12;2025-11-20;10;2180.672703375893;20260927_1334_g103
12;2025-11-20;11;2109.8916687446604;20260927_1334_g103
12;2025-11-20;12;2131.685745379507;20260927_1334_g103
12;2025-11-20;13;2133.7638322591692;20260927_1334_g103
12;2025-11-20;14;2036.965310459396;20260927_1334_g103
12;2025-11-20;15;2276.3934193411365;20260927_1334_g103
12;2025-11-20;16;2807.2924718228373;20260927_1334_g103
12;2025-11-20;17;3144.9627694860956;20260927_1334_g103
12;2025-11-20;18;3286.027856573689;20260927_1334_g103
12;2025-11-20;19;2522.4479347123265;20260927_1334_g103
12;2025-11-20;20;1627.4179241039826;20260927_1334_g103
12;2025-11-20;21;987.5097763497903;20260927_1334_g103
12;2025-11-20;22;505.53469924838316;20260927_1334_g103
12;2025-11-20;23;259.1560748408563;20260927_1334_g103
12;2025-11-21;0;54.341850034853096;20260927_1334_g103
12;2025-11-21;1;0.856146359765377;20260927_1334_g103
12;2025-11-21;2;0.0;20260927_1334_g103
12;2025-11-21;3;0.0;20260927_1334_g103
12;2025-11-21;4;5.745590339118743;20260927_1334_g103
12;2025-11-21;5;329.01855229466156;20260927_1334_g103
12;2025-11-21;6;1402.6757948349862;20260927_1334_g103
12;2025-11-21;7;2684.873484980397;20260927_1334_g103
12;2025-11-21;8;3273.3920256365336;20260927_1334_g103
12;2025-11-21;9;2420.0202196192836;20260927_1334_g103
12;2025-11-21;10;1917.9751030335701;20260927_1334_g103
12;2025-11-21;11;1882.403825796298;20260927_1334_g103
12;2025-11-21;12;1933.745111485404;20260927_1334_g103
12;2025-11-21;13;2037.4794754940967;20260927_1334_g103
12;2025-11-21;14;1965.3671095709215;20260927_1334_g103
12;2025-11-21;15;2252.485436237924;20260927_1334_g103
12;2025-11-21;16;2803.020519965079;20260927_1334_g103
12;2025-11-21;17;2893.562340840273;20260927_1334_g103
12;2025-11-21;18;2518.8273544385866;20260927_1334_g103
12;2025-11-21;19;2181.2806315779344;20260927_1334_g103
12;2025-11-21;20;1374.2391313400146;20260927_1334_g103
12;2025-11-21;21;980.4900394368693;20260927_1334_g103
12;2025-11-21;22;512.191890883159;20260927_1334_g103
12;2025-11-21;23;309.78787428450187;20260927_1334_g103
12;2025-11-22;0;75.02442817761577;20260927_1334_g103
12;2025-11-22;1;2.000292104838418;20260927_1334_g103
12;2025-11-22;2;0.0;20260927_1334_g103
12;2025-11-22;3;0.0;20260927_1334_g103
12;2025-11-22;4;2.2545757122684313;20260927_1334_g103
12;2025-11-22;5;264.75837251872906;20260927_1334_g103
12;2025-11-22;6;924.3610304857638;20260927_1334_g103
12;2025-11-22;7;957.7774785287647;20260927_1334_g103
12;2025-11-22;8;1076.8466924872873;20260927_1334_g103
12;2025-11-22;9;1281.5756897226;20260927_1334_g103
12;2025-11-22;10;1520.302355173033;20260927_1334_g103
12;2025-11-22;11;1519.926196876805;20260927_1334_g103
12;2025-11-22;12;1515.075512955074;20260927_1334_g103
12;2025-11-22;13;1716.9379119051919;20260927_1334_g103
12;2025-11-22;14;1650.8964539844928;20260927_1334_g103
12;2025-11-22;15;1490.128265844479;20260927_1334_g103
12;2025-11-22;16;1659.7542891716057;20260927_1334_g103
12;2025-11-22;17;1610.2548419339987;20260927_1334_g103
12;2025-11-22;18;1553.6763802121582;20260927_1334_g103
12;2025-11-22;19;1474.6938321978;20260927_1334_g103
12;2025-11-22;20;1062.2583785692814;20260927_1334_g103
12;2025-11-22;21;827.0035668094122;20260927_1334_g103
12;2025-11-22;22;420.92078931198273;20260927_1334_g103
12;2025-11-22;23;300.2130705657692;20260927_1334_g103
12;2025-11-23;0;88.91607429989197;20260927_1334_g103
12;2025-11-23;1;5.830007944419624;20260927_1334_g103
12;2025-11-23;2;0.0;20260927_1334_g103
12;2025-11-23;3;0.0;20260927_1334_g103
12;2025-11-23;4;3.0007128827367326;20260927_1334_g103
12;2025-11-23;5;167.57042732634352;20260927_1334_g103
12;2025-11-23;6;547.2048118673555;20260927_1334_g103
12;2025-11-23;7;729.0495534295524;20260927_1334_g103
12;2025-11-23;8;773.9347995623891;20260927_1334_g103
12;2025-11-23;9;976.8662812572935;20260927_1334_g103
12;2025-11-23;10;1211.574360942933;20260927_1334_g103
12;2025-11-23;11;1317.4755367289122;20260927_1334_g103
12;2025-11-23;12;1407.0516114213897;20260927_1334_g103
12;2025-11-23;13;1631.414181693914;20260927_1334_g103
12;2025-11-23;14;1489.9884214829774;20260927_1334_g103
12;2025-11-23;15;1461.9365336833844;20260927_1334_g103
12;2025-11-23;16;1553.261011998864;20260927_1334_g103
12;2025-11-23;17;1585.3763615151565;20260927_1334_g103
12;2025-11-23;18;1369.7540699955441;20260927_1334_g103
12;2025-11-23;19;1050.4008951605122;20260927_1334_g103
12;2025-11-23;20;840.8816872847852;20260927_1334_g103
12;2025-11-23;21;628.9403520104809;20260927_1334_g103
12;2025-11-23;22;406.5205050172139;20260927_1334_g103
12;2025-11-23;23;211.88666786776844;20260927_1334_g103
12;2025-11-24;0;55.9123334790505;20260927_1334_g103
12;2025-11-24;1;1.7493522846952811;20260927_1334_g103
12;2025-11-24;2;0.0;20260927_1334_g103
12;2025-11-24;3;0.0;20260927_1334_g103
12;2025-11-24;4;7.085016748637975;20260927_1334_g103
12;2025-11-24;5;350.3190485929499;20260927_1334_g103
12;2025-11-24;6;1529.3925700714162;20260927_1334_g103
12;2025-11-24;7;2798.612300711371;20260927_1334_g103
12;2025-11-24;8;3720.751399573228;20260927_1334_g103
12;2025-11-24;9;2622.0028854591283;20260927_1334_g103
12;2025-11-24;10;2131.2609523686842;20260927_1334_g103
12;2025-11-24;11;2064.526193533746;20260927_1334_g103
12;2025-11-24;12;2099.565062306044;20260927_1334_g103
12;2025-11-24;13;2097.562585495281;20260927_1334_g103
12;2025-11-24;14;2002.7469791029232;20260927_1334_g103
12;2025-11-24;15;2246.836056594997;20260927_1334_g103
12;2025-11-24;16;2782.315010636314;20260927_1334_g103
12;2025-11-24;17;3096.0159553246453;20260927_1334_g103
12;2025-11-24;18;3261.160913478546;20260927_1334_g103
12;2025-11-24;19;2523.0132480375555;20260927_1334_g103
12;2025-11-24;20;1623.8907461360025;20260927_1334_g103
12;2025-11-24;21;992.7868320164355;20260927_1334_g103
12;2025-11-24;22;506.1956702899219;20260927_1334_g103
12;2025-11-24;23;258.5745389965703;20260927_1334_g103
12;2025-11-25;0;55.94825789520851;20260927_1334_g103
12;2025-11-25;1;1.7250798314863534;20260927_1334_g103
12;2025-11-25;2;0.0;20260927_1334_g103
12;2025-11-25;3;0.0;20260927_1334_g103
12;2025-11-25;4;6.9922092088247325;20260927_1334_g103
12;2025-11-25;5;352.31253992063563;20260927_1334_g103
12;2025-11-25;6;1533.5288158209771;20260927_1334_g103
12;2025-11-25;7;2807.9827968538184;20260927_1334_g103
12;2025-11-25;8;3732.319006743377;20260927_1334_g103
12;2025-11-25;9;2624.5986646047904;20260927_1334_g103
12;2025-11-25;10;2136.726658227353;20260927_1334_g103
12;2025-11-25;11;2071.3227606336436;20260927_1334_g103
12;2025-11-25;12;2098.278391937092;20260927_1334_g103
12;2025-11-25;13;2100.9219183922582;20260927_1334_g103
12;2025-11-25;14;2012.0199991687114;20260927_1334_g103
12;2025-11-25;15;2254.3651344045306;20260927_1334_g103
12;2025-11-25;16;2788.1173595658415;20260927_1334_g103
12;2025-11-25;17;3102.7185223080996;20260927_1334_g103
12;2025-11-25;18;3267.1209757392585;20260927_1334_g103
12;2025-11-25;19;2532.2663715296108;20260927_1334_g103
12;2025-11-25;20;1621.9207374280154;20260927_1334_g103
12;2025-11-25;21;994.6745529006662;20260927_1334_g103
12;2025-11-25;22;508.46793328742166;20260927_1334_g103
12;2025-11-25;23;261.8392241512077;20260927_1334_g103
12;2025-11-26;0;56.548607808051706;20260927_1334_g103
12;2025-11-26;1;1.7018272258595764;20260927_1334_g103
12;2025-11-26;2;0.0;20260927_1334_g103
12;2025-11-26;3;0.0;20260927_1334_g103
12;2025-11-26;4;7.169172271407475;20260927_1334_g103
12;2025-11-26;5;352.2956959907404;20260927_1334_g103
12;2025-11-26;6;1533.8571219024022;20260927_1334_g103
12;2025-11-26;7;2804.3018217312265;20260927_1334_g103
12;2025-11-26;8;3730.242274641144;20260927_1334_g103
12;2025-11-26;9;2627.0682521764197;20260927_1334_g103
12;2025-11-26;10;2134.2565295376335;20260927_1334_g103
12;2025-11-26;11;2077.439271349331;20260927_1334_g103
12;2025-11-26;12;2106.9167566149276;20260927_1334_g103
12;2025-11-26;13;2108.4137335384066;20260927_1334_g103
12;2025-11-26;14;2010.8697104609416;20260927_1334_g103
12;2025-11-26;15;2268.178562383083;20260927_1334_g103
12;2025-11-26;16;2799.7207232095575;20260927_1334_g103
12;2025-11-26;17;3104.1221134502775;20260927_1334_g103
12;2025-11-26;18;3263.160023173991;20260927_1334_g103
12;2025-11-26;19;2533.719146438323;20260927_1334_g103
12;2025-11-26;20;1623.3367589394138;20260927_1334_g103
12;2025-11-26;21;1003.5730195150553;20260927_1334_g103
12;2025-11-26;22;509.63203903789656;20260927_1334_g103
12;2025-11-26;23;261.1694298144924;20260927_1334_g103
12;2025-11-27;0;56.133480545204954;20260927_1334_g103
12;2025-11-27;1;1.7737757941047234;20260927_1334_g103
12;2025-11-27;2;0.0;20260927_1334_g103
12;2025-11-27;3;0.0;20260927_1334_g103
12;2025-11-27;4;7.055721491401166;20260927_1334_g103
12;2025-11-27;5;351.76919225942254;20260927_1334_g103
12;2025-11-27;6;1532.5917611164837;20260927_1334_g103
12;2025-11-27;7;2806.802483228688;20260927_1334_g103
12;2025-11-27;8;3732.112227833361;20260927_1334_g103
12;2025-11-27;9;2628.8539080318324;20260927_1334_g103
12;2025-11-27;10;2140.720208631378;20260927_1334_g103
12;2025-11-27;11;2075.7510415953575;20260927_1334_g103
12;2025-11-27;12;2101.5347799603583;20260927_1334_g103
12;2025-11-27;13;2104.0153199491015;20260927_1334_g103
12;2025-11-27;14;2013.8120759575806;20260927_1334_g103
12;2025-11-27;15;2257.002143054555;20260927_1334_g103
12;2025-11-27;16;2793.7276116080106;20260927_1334_g103
12;2025-11-27;17;3114.096609969553;20260927_1334_g103
12;2025-11-27;18;3279.1511824252566;20260927_1334_g103
12;2025-11-27;19;2537.2478423912653;20260927_1334_g103
12;2025-11-27;20;1630.287692612668;20260927_1334_g103
12;2025-11-27;21;997.644340696929;20260927_1334_g103
12;2025-11-27;22;511.10976743491955;20260927_1334_g103
12;2025-11-27;23;261.29853706684423;20260927_1334_g103
12;2025-11-28;0;54.40953135497074;20260927_1334_g103
12;2025-11-28;1;0.8471447377003515;20260927_1334_g103
12;2025-11-28;2;0.0;20260927_1334_g103
12;2025-11-28;3;0.0;20260927_1334_g103
12;2025-11-28;4;5.946875103878009;20260927_1334_g103
12;2025-11-28;5;333.54669643365736;20260927_1334_g103
12;2025-11-28;6;1412.924864878103;20260927_1334_g103
12;2025-11-28;7;2706.1076293366236;20260927_1334_g103
12;2025-11-28;8;3291.4712379302987;20260927_1334_g103
12;2025-11-28;9;2411.211364916477;20260927_1334_g103
12;2025-11-28;10;1890.360651893353;20260927_1334_g103
12;2025-11-28;11;1854.8339904892532;20260927_1334_g103
12;2025-11-28;12;1917.337859897025;20260927_1334_g103
12;2025-11-28;13;2014.722017973404;20260927_1334_g103
12;2025-11-28;14;1949.1709192077544;20260927_1334_g103
12;2025-11-28;15;2233.9180993213186;20260927_1334_g103
12;2025-11-28;16;2783.6295499408366;20260927_1334_g103
12;2025-11-28;17;2892.350599104639;20260927_1334_g103
12;2025-11-28;18;2538.420364168052;20260927_1334_g103
12;2025-11-28;19;2210.79188492312;20260927_1334_g103
12;2025-11-28;20;1387.3773420850562;20260927_1334_g103
12;2025-11-28;21;992.3889620657699;20260927_1334_g103
12;2025-11-28;22;526.1946820843541;20260927_1334_g103
12;2025-11-28;23;312.7775683157674;20260927_1334_g103
12;2025-11-29;0;75.02442817761577;20260927_1334_g103
12;2025-11-29;1;2.000292104838418;20260927_1334_g103
12;2025-11-29;2;0.0;20260927_1334_g103
12;2025-11-29;3;0.0;20260927_1334_g103
12;2025-11-29;4;2.2545757122684313;20260927_1334_g103
12;2025-11-29;5;264.75837251872906;20260927_1334_g103
12;2025-11-29;6;924.3610304857638;20260927_1334_g103
12;2025-11-29;7;957.7774785287647;20260927_1334_g103
12;2025-11-29;8;1076.8466924872873;20260927_1334_g103
12;2025-11-29;9;1281.5756897226;20260927_1334_g103
12;2025-11-29;10;1520.302355173033;20260927_1334_g103
12;2025-11-29;11;1519.926196876805;20260927_1334_g103
12;2025-11-29;12;1515.075512955074;20260927_1334_g103
12;2025-11-29;13;1716.9379119051919;20260927_1334_g103
12;2025-11-29;14;1650.8964539844928;20260927_1334_g103
12;2025-11-29;15;1490.128265844479;20260927_1334_g103
12;2025-11-29;16;1659.7542891716057;20260927_1334_g103
12;2025-11-29;17;1610.2548419339987;20260927_1334_g103
12;2025-11-29;18;1553.6763802121582;20260927_1334_g103
12;2025-11-29;19;1474.6938321978;20260927_1334_g103
12;2025-11-29;20;1062.2583785692814;20260927_1334_g103
12;2025-11-29;21;827.0035668094122;20260927_1334_g103
12;2025-11-29;22;420.92078931198273;20260927_1334_g103
12;2025-11-29;23;300.2130705657692;20260927_1334_g103
12;2025-11-30;0;88.91607429989197;20260927_1334_g103
12;2025-11-30;1;5.830007944419624;20260927_1334_g103
12;2025-11-30;2;0.0;20260927_1334_g103
12;2025-11-30;3;0.0;20260927_1334_g103
12;2025-11-30;4;3.0007128827367326;20260927_1334_g103
12;2025-11-30;5;167.57042732634352;20260927_1334_g103
12;2025-11-30;6;547.2048118673555;20260927_1334_g103
12;2025-11-30;7;729.0495534295524;20260927_1334_g103
12;2025-11-30;8;773.9347995623891;20260927_1334_g103
12;2025-11-30;9;976.8662812572935;20260927_1334_g103
12;2025-11-30;10;1211.574360942933;20260927_1334_g103
12;2025-11-30;11;1317.4755367289122;20260927_1334_g103
12;2025-11-30;12;1407.0516114213897;20260927_1334_g103
12;2025-11-30;13;1631.414181693914;20260927_1334_g103
12;2025-11-30;14;1489.9884214829774;20260927_1334_g103
12;2025-11-30;15;1461.9365336833844;20260927_1334_g103
12;2025-11-30;16;1553.261011998864;20260927_1334_g103
12;2025-11-30;17;1585.3763615151565;20260927_1334_g103
12;2025-11-30;18;1369.7540699955441;20260927_1334_g103
12;2025-11-30;19;1050.4008951605122;20260927_1334_g103
12;2025-11-30;20;840.8816872847852;20260927_1334_g103
12;2025-11-30;21;628.9403520104809;20260927_1334_g103
12;2025-11-30;22;406.5205050172139;20260927_1334_g103
12;2025-11-30;23;211.88666786776844;20260927_1334_g103
12;2025-12-01;0;54.79408680946949;20260927_1334_g103
12;2025-12-01;1;1.7143652390013755;20260927_1334_g103
12;2025-12-01;2;0.0;20260927_1334_g103
12;2025-12-01;3;0.0;20260927_1334_g103
12;2025-12-01;4;6.943316413665215;20260927_1334_g103
12;2025-12-01;5;343.3126676210909;20260927_1334_g103
12;2025-12-01;6;1498.804718669988;20260927_1334_g103
12;2025-12-01;7;2742.6400546971436;20260927_1334_g103
12;2025-12-01;8;3646.336371581763;20260927_1334_g103
12;2025-12-01;9;2569.5628277499454;20260927_1334_g103
12;2025-12-01;10;2088.635733321311;20260927_1334_g103
12;2025-12-01;11;2023.2356696630711;20260927_1334_g103
12;2025-12-01;12;2057.5737610599235;20260927_1334_g103
12;2025-12-01;13;2055.6113337853753;20260927_1334_g103
12;2025-12-01;14;1962.6920395208651;20260927_1334_g103
12;2025-12-01;15;2201.899335463097;20260927_1334_g103
12;2025-12-01;16;2726.668710423588;20260927_1334_g103
12;2025-12-01;17;3034.0956362181523;20260927_1334_g103
12;2025-12-01;18;3195.937695208974;20260927_1334_g103
12;2025-12-01;19;2472.5529830768037;20260927_1334_g103
12;2025-12-01;20;1591.4129312132825;20260927_1334_g103
12;2025-12-01;21;972.9310953761066;20260927_1334_g103
12;2025-12-01;22;496.07175688412343;20260927_1334_g103
12;2025-12-01;23;253.40304821663892;20260927_1334_g103
12;2025-12-02;0;54.82929273730435;20260927_1334_g103
12;2025-12-02;1;1.6905782348566265;20260927_1334_g103
12;2025-12-02;2;0.0;20260927_1334_g103
12;2025-12-02;3;0.0;20260927_1334_g103
12;2025-12-02;4;6.852365024648238;20260927_1334_g103
12;2025-12-02;5;345.26628912222293;20260927_1334_g103
12;2025-12-02;6;1502.8582395045573;20260927_1334_g103
12;2025-12-02;7;2751.823140916742;20260927_1334_g103
12;2025-12-02;8;3657.6726266085097;20260927_1334_g103
12;2025-12-02;9;2572.1066913126947;20260927_1334_g103
12;2025-12-02;10;2093.9921250628054;20260927_1334_g103
12;2025-12-02;11;2029.896305420971;20260927_1334_g103
12;2025-12-02;12;2056.31282409835;20260927_1334_g103
12;2025-12-02;13;2058.903480024413;20260927_1334_g103
12;2025-12-02;14;1971.779599185337;20260927_1334_g103
12;2025-12-02;15;2209.27783171644;20260927_1334_g103
12;2025-12-02;16;2732.355012374525;20260927_1334_g103
12;2025-12-02;17;3040.664151861937;20260927_1334_g103
12;2025-12-02;18;3201.7785562244726;20260927_1334_g103
12;2025-12-02;19;2481.6210440990185;20260927_1334_g103
12;2025-12-02;20;1589.4823226794547;20260927_1334_g103
12;2025-12-02;21;974.7810618426528;20260927_1334_g103
12;2025-12-02;22;498.29857462167314;20260927_1334_g103
12;2025-12-02;23;256.6024396681836;20260927_1334_g103
12;2025-12-03;0;55.41763565189067;20260927_1334_g103
12;2025-12-03;1;1.6677906813423846;20260927_1334_g103
12;2025-12-03;2;0.0;20260927_1334_g103
12;2025-12-03;3;0.0;20260927_1334_g103
12;2025-12-03;4;7.025788825979325;20260927_1334_g103
12;2025-12-03;5;345.2497820709256;20260927_1334_g103
12;2025-12-03;6;1503.1799794643541;20260927_1334_g103
12;2025-12-03;7;2748.215785296602;20260927_1334_g103
12;2025-12-03;8;3655.6374291483207;20260927_1334_g103
12;2025-12-03;9;2574.5268871328913;20260927_1334_g103
12;2025-12-03;10;2091.5713989468804;20260927_1334_g103
12;2025-12-03;11;2035.8904859223449;20260927_1334_g103
12;2025-12-03;12;2064.7784214826293;20260927_1334_g103
12;2025-12-03;13;2066.2454588676383;20260927_1334_g103
12;2025-12-03;14;1970.6523162517228;20260927_1334_g103
12;2025-12-03;15;2222.8149911354217;20260927_1334_g103
12;2025-12-03;16;2743.7263087453666;20260927_1334_g103
12;2025-12-03;17;3042.039671181272;20260927_1334_g103
12;2025-12-03;18;3197.8968227105106;20260927_1334_g103
12;2025-12-03;19;2483.044763509557;20260927_1334_g103
12;2025-12-03;20;1590.8700237606256;20260927_1334_g103
12;2025-12-03;21;983.5015591247542;20260927_1334_g103
12;2025-12-03;22;499.4393982571387;20260927_1334_g103
12;2025-12-03;23;255.94604121820254;20260927_1334_g103
12;2025-12-04;0;55.01081093430086;20260927_1334_g103
12;2025-12-04;1;1.7383002782226287;20260927_1334_g103
12;2025-12-04;2;0.0;20260927_1334_g103
12;2025-12-04;3;0.0;20260927_1334_g103
12;2025-12-04;4;6.914607061573143;20260927_1334_g103
12;2025-12-04;5;344.7338084142341;20260927_1334_g103
12;2025-12-04;6;1501.9399258941537;20260927_1334_g103
12;2025-12-04;7;2750.666433564114;20260927_1334_g103
12;2025-12-04;8;3657.469983276694;20260927_1334_g103
12;2025-12-04;9;2576.276829871196;20260927_1334_g103
12;2025-12-04;10;2097.90580445875;20260927_1334_g103
12;2025-12-04;11;2034.2360207634504;20260927_1334_g103
12;2025-12-04;12;2059.5040843611514;20260927_1334_g103
12;2025-12-04;13;2061.935013550119;20260927_1334_g103
12;2025-12-04;14;1973.5358344384288;20260927_1334_g103
12;2025-12-04;15;2211.8621001934634;20260927_1334_g103
12;2025-12-04;16;2737.8530593758505;20260927_1334_g103
12;2025-12-04;17;3051.8146777701622;20260927_1334_g103
12;2025-12-04;18;3213.5681587767513;20260927_1334_g103
12;2025-12-04;19;2486.50288554344;20260927_1334_g103
12;2025-12-04;20;1597.6819387604148;20260927_1334_g103
12;2025-12-04;21;977.6914538829905;20260927_1334_g103
12;2025-12-04;22;500.8875720862211;20260927_1334_g103
12;2025-12-04;23;256.0725663255073;20260927_1334_g103
12;2025-12-05;0;53.32134072787133;20260927_1334_g103
12;2025-12-05;1;0.8302018429463445;20260927_1334_g103
12;2025-12-05;2;0.0;20260927_1334_g103
12;2025-12-05;3;0.0;20260927_1334_g103
12;2025-12-05;4;5.827937601800449;20260927_1334_g103
12;2025-12-05;5;326.8757625049842;20260927_1334_g103
12;2025-12-05;6;1384.666367580541;20260927_1334_g103
12;2025-12-05;7;2651.9854767498914;20260927_1334_g103
12;2025-12-05;8;3225.641813171693;20260927_1334_g103
12;2025-12-05;9;2362.9871376181472;20260927_1334_g103
12;2025-12-05;10;1852.553438855486;20260927_1334_g103
12;2025-12-05;11;1817.737310679468;20260927_1334_g103
12;2025-12-05;12;1878.9911026990846;20260927_1334_g103
12;2025-12-05;13;1974.4275776139361;20260927_1334_g103
12;2025-12-05;14;1910.187500823599;20260927_1334_g103
12;2025-12-05;15;2189.239737334892;20260927_1334_g103
12;2025-12-05;16;2727.9569589420194;20260927_1334_g103
12;2025-12-05;17;2834.5035871225464;20260927_1334_g103
12;2025-12-05;18;2487.6519568846907;20260927_1334_g103
12;2025-12-05;19;2166.576047224658;20260927_1334_g103
12;2025-12-05;20;1359.6297952433551;20260927_1334_g103
12;2025-12-05;21;972.5411828244545;20260927_1334_g103
12;2025-12-05;22;515.670788442667;20260927_1334_g103
12;2025-12-05;23;306.52201694945205;20260927_1334_g103
12;2025-12-06;0;73.52393961406347;20260927_1334_g103
12;2025-12-06;1;1.9602862627416495;20260927_1334_g103
12;2025-12-06;2;0.0;20260927_1334_g103
12;2025-12-06;3;0.0;20260927_1334_g103
12;2025-12-06;4;2.2094841980230626;20260927_1334_g103
12;2025-12-06;5;259.46320506835445;20260927_1334_g103
12;2025-12-06;6;905.8738098760485;20260927_1334_g103
12;2025-12-06;7;938.6219289581894;20260927_1334_g103
12;2025-12-06;8;1055.3097586375416;20260927_1334_g103
12;2025-12-06;9;1255.944175928148;20260927_1334_g103
12;2025-12-06;10;1489.8963080695728;20260927_1334_g103
12;2025-12-06;11;1489.527672939269;20260927_1334_g103
12;2025-12-06;12;1484.7740026959725;20260927_1334_g103
12;2025-12-06;13;1682.599153667088;20260927_1334_g103
12;2025-12-06;14;1617.878524904803;20260927_1334_g103
12;2025-12-06;15;1460.3257005275896;20260927_1334_g103
12;2025-12-06;16;1626.5592033881735;20260927_1334_g103
12;2025-12-06;17;1578.0497450953187;20260927_1334_g103
12;2025-12-06;18;1522.602852607915;20260927_1334_g103
12;2025-12-06;19;1445.199955553844;20260927_1334_g103
12;2025-12-06;20;1041.0132109978958;20260927_1334_g103
12;2025-12-06;21;810.4634954732238;20260927_1334_g103
12;2025-12-06;22;412.5023735257431;20260927_1334_g103
12;2025-12-06;23;294.2088091544539;20260927_1334_g103
12;2025-12-07;0;87.13775281389414;20260927_1334_g103
12;2025-12-07;1;5.713407785531231;20260927_1334_g103
12;2025-12-07;2;0.0;20260927_1334_g103
12;2025-12-07;3;0.0;20260927_1334_g103
12;2025-12-07;4;2.940698625081998;20260927_1334_g103
12;2025-12-07;5;164.21901877981665;20260927_1334_g103
12;2025-12-07;6;536.2607156300083;20260927_1334_g103
12;2025-12-07;7;714.4685623609613;20260927_1334_g103
12;2025-12-07;8;758.4561035711413;20260927_1334_g103
12;2025-12-07;9;957.3289556321475;20260927_1334_g103
12;2025-12-07;10;1187.3428737240743;20260927_1334_g103
12;2025-12-07;11;1291.1260259943338;20260927_1334_g103
12;2025-12-07;12;1378.9105791929617;20260927_1334_g103
12;2025-12-07;13;1598.7858980600358;20260927_1334_g103
12;2025-12-07;14;1460.1886530533177;20260927_1334_g103
12;2025-12-07;15;1432.6978030097164;20260927_1334_g103
12;2025-12-07;16;1522.1957917588868;20260927_1334_g103
12;2025-12-07;17;1553.6688342848531;20260927_1334_g103
12;2025-12-07;18;1342.358988595633;20260927_1334_g103
12;2025-12-07;19;1029.392877257302;20260927_1334_g103
12;2025-12-07;20;824.0640535390895;20260927_1334_g103
12;2025-12-07;21;616.3615449702712;20260927_1334_g103
12;2025-12-07;22;398.39009491686966;20260927_1334_g103
12;2025-12-07;23;207.64893451041308;20260927_1334_g103
12;2025-12-08;0;54.79408680946949;20260927_1334_g103
12;2025-12-08;1;1.7143652390013755;20260927_1334_g103
12;2025-12-08;2;0.0;20260927_1334_g103
12;2025-12-08;3;0.0;20260927_1334_g103
12;2025-12-08;4;6.943316413665215;20260927_1334_g103
12;2025-12-08;5;343.3126676210909;20260927_1334_g103
12;2025-12-08;6;1498.804718669988;20260927_1334_g103
12;2025-12-08;7;2742.6400546971436;20260927_1334_g103
12;2025-12-08;8;3646.336371581763;20260927_1334_g103
12;2025-12-08;9;2569.5628277499454;20260927_1334_g103
12;2025-12-08;10;2088.635733321311;20260927_1334_g103
12;2025-12-08;11;2023.2356696630711;20260927_1334_g103
12;2025-12-08;12;2057.5737610599235;20260927_1334_g103
12;2025-12-08;13;2055.6113337853753;20260927_1334_g103
12;2025-12-08;14;1962.6920395208651;20260927_1334_g103
12;2025-12-08;15;2201.899335463097;20260927_1334_g103
12;2025-12-08;16;2726.668710423588;20260927_1334_g103
12;2025-12-08;17;3034.0956362181523;20260927_1334_g103
12;2025-12-08;18;3195.937695208974;20260927_1334_g103
12;2025-12-08;19;2472.5529830768037;20260927_1334_g103
12;2025-12-08;20;1591.4129312132825;20260927_1334_g103
12;2025-12-08;21;972.9310953761066;20260927_1334_g103
12;2025-12-08;22;496.07175688412343;20260927_1334_g103
12;2025-12-08;23;253.40304821663892;20260927_1334_g103
12;2025-12-09;0;54.82929273730435;20260927_1334_g103
12;2025-12-09;1;1.6905782348566265;20260927_1334_g103
12;2025-12-09;2;0.0;20260927_1334_g103
12;2025-12-09;3;0.0;20260927_1334_g103
12;2025-12-09;4;6.852365024648238;20260927_1334_g103
12;2025-12-09;5;345.26628912222293;20260927_1334_g103
12;2025-12-09;6;1502.8582395045573;20260927_1334_g103
12;2025-12-09;7;2751.823140916742;20260927_1334_g103
12;2025-12-09;8;3657.6726266085097;20260927_1334_g103
12;2025-12-09;9;2572.1066913126947;20260927_1334_g103
12;2025-12-09;10;2093.9921250628054;20260927_1334_g103
12;2025-12-09;11;2029.896305420971;20260927_1334_g103
12;2025-12-09;12;2056.31282409835;20260927_1334_g103
12;2025-12-09;13;2058.903480024413;20260927_1334_g103
12;2025-12-09;14;1971.779599185337;20260927_1334_g103
12;2025-12-09;15;2209.27783171644;20260927_1334_g103
12;2025-12-09;16;2732.355012374525;20260927_1334_g103
12;2025-12-09;17;3040.664151861937;20260927_1334_g103
12;2025-12-09;18;3201.7785562244726;20260927_1334_g103
12;2025-12-09;19;2481.6210440990185;20260927_1334_g103
12;2025-12-09;20;1589.4823226794547;20260927_1334_g103
12;2025-12-09;21;974.7810618426528;20260927_1334_g103
12;2025-12-09;22;498.29857462167314;20260927_1334_g103
12;2025-12-09;23;256.6024396681836;20260927_1334_g103
12;2025-12-10;0;55.41763565189067;20260927_1334_g103
12;2025-12-10;1;1.6677906813423846;20260927_1334_g103
12;2025-12-10;2;0.0;20260927_1334_g103
12;2025-12-10;3;0.0;20260927_1334_g103
12;2025-12-10;4;7.025788825979325;20260927_1334_g103
12;2025-12-10;5;345.2497820709256;20260927_1334_g103
12;2025-12-10;6;1503.1799794643541;20260927_1334_g103
12;2025-12-10;7;2748.215785296602;20260927_1334_g103
12;2025-12-10;8;3655.6374291483207;20260927_1334_g103
12;2025-12-10;9;2574.5268871328913;20260927_1334_g103
12;2025-12-10;10;2091.5713989468804;20260927_1334_g103
12;2025-12-10;11;2035.8904859223449;20260927_1334_g103
12;2025-12-10;12;2064.7784214826293;20260927_1334_g103
12;2025-12-10;13;2066.2454588676383;20260927_1334_g103
12;2025-12-10;14;1970.6523162517228;20260927_1334_g103
12;2025-12-10;15;2222.8149911354217;20260927_1334_g103
12;2025-12-10;16;2743.7263087453666;20260927_1334_g103
12;2025-12-10;17;3042.039671181272;20260927_1334_g103
12;2025-12-10;18;3197.8968227105106;20260927_1334_g103
12;2025-12-10;19;2483.044763509557;20260927_1334_g103
12;2025-12-10;20;1590.8700237606256;20260927_1334_g103
12;2025-12-10;21;983.5015591247542;20260927_1334_g103
12;2025-12-10;22;499.4393982571387;20260927_1334_g103
12;2025-12-10;23;255.94604121820254;20260927_1334_g103
12;2025-12-11;0;55.01081093430086;20260927_1334_g103
12;2025-12-11;1;1.7383002782226287;20260927_1334_g103
12;2025-12-11;2;0.0;20260927_1334_g103
12;2025-12-11;3;0.0;20260927_1334_g103
12;2025-12-11;4;6.914607061573143;20260927_1334_g103
12;2025-12-11;5;344.7338084142341;20260927_1334_g103
12;2025-12-11;6;1501.9399258941537;20260927_1334_g103
12;2025-12-11;7;2750.666433564114;20260927_1334_g103
12;2025-12-11;8;3657.469983276694;20260927_1334_g103
12;2025-12-11;9;2576.276829871196;20260927_1334_g103
12;2025-12-11;10;2097.90580445875;20260927_1334_g103
12;2025-12-11;11;2034.2360207634504;20260927_1334_g103
12;2025-12-11;12;2059.5040843611514;20260927_1334_g103
12;2025-12-11;13;2061.935013550119;20260927_1334_g103
12;2025-12-11;14;1973.5358344384288;20260927_1334_g103
12;2025-12-11;15;2211.8621001934634;20260927_1334_g103
12;2025-12-11;16;2737.8530593758505;20260927_1334_g103
12;2025-12-11;17;3051.8146777701622;20260927_1334_g103
12;2025-12-11;18;3213.5681587767513;20260927_1334_g103
12;2025-12-11;19;2486.50288554344;20260927_1334_g103
12;2025-12-11;20;1597.6819387604148;20260927_1334_g103
12;2025-12-11;21;977.6914538829905;20260927_1334_g103
12;2025-12-11;22;500.8875720862211;20260927_1334_g103
12;2025-12-11;23;256.0725663255073;20260927_1334_g103
12;2025-12-12;0;53.32134072787133;20260927_1334_g103
12;2025-12-12;1;0.8302018429463445;20260927_1334_g103
12;2025-12-12;2;0.0;20260927_1334_g103
12;2025-12-12;3;0.0;20260927_1334_g103
12;2025-12-12;4;5.827937601800449;20260927_1334_g103
12;2025-12-12;5;326.8757625049842;20260927_1334_g103
12;2025-12-12;6;1384.666367580541;20260927_1334_g103
12;2025-12-12;7;2651.9854767498914;20260927_1334_g103
12;2025-12-12;8;3225.641813171693;20260927_1334_g103
12;2025-12-12;9;2362.9871376181472;20260927_1334_g103
12;2025-12-12;10;1852.553438855486;20260927_1334_g103
12;2025-12-12;11;1817.737310679468;20260927_1334_g103
12;2025-12-12;12;1878.9911026990846;20260927_1334_g103
12;2025-12-12;13;1974.4275776139361;20260927_1334_g103
12;2025-12-12;14;1910.187500823599;20260927_1334_g103
12;2025-12-12;15;2189.239737334892;20260927_1334_g103
12;2025-12-12;16;2727.9569589420194;20260927_1334_g103
12;2025-12-12;17;2834.5035871225464;20260927_1334_g103
12;2025-12-12;18;2487.6519568846907;20260927_1334_g103
12;2025-12-12;19;2166.576047224658;20260927_1334_g103
12;2025-12-12;20;1359.6297952433551;20260927_1334_g103
12;2025-12-12;21;972.5411828244545;20260927_1334_g103
12;2025-12-12;22;515.670788442667;20260927_1334_g103
12;2025-12-12;23;306.52201694945205;20260927_1334_g103
12;2025-12-13;0;73.52393961406347;20260927_1334_g103
12;2025-12-13;1;1.9602862627416495;20260927_1334_g103
12;2025-12-13;2;0.0;20260927_1334_g103
12;2025-12-13;3;0.0;20260927_1334_g103
12;2025-12-13;4;2.2094841980230626;20260927_1334_g103
12;2025-12-13;5;259.46320506835445;20260927_1334_g103
12;2025-12-13;6;905.8738098760485;20260927_1334_g103
12;2025-12-13;7;938.6219289581894;20260927_1334_g103
12;2025-12-13;8;1055.3097586375416;20260927_1334_g103
12;2025-12-13;9;1255.944175928148;20260927_1334_g103
12;2025-12-13;10;1489.8963080695728;20260927_1334_g103
12;2025-12-13;11;1489.527672939269;20260927_1334_g103
12;2025-12-13;12;1484.7740026959725;20260927_1334_g103
12;2025-12-13;13;1682.599153667088;20260927_1334_g103
12;2025-12-13;14;1617.878524904803;20260927_1334_g103
12;2025-12-13;15;1460.3257005275896;20260927_1334_g103
12;2025-12-13;16;1626.5592033881735;20260927_1334_g103
12;2025-12-13;17;1578.0497450953187;20260927_1334_g103
12;2025-12-13;18;1522.602852607915;20260927_1334_g103
12;2025-12-13;19;1445.199955553844;20260927_1334_g103
12;2025-12-13;20;1041.0132109978958;20260927_1334_g103
12;2025-12-13;21;810.4634954732238;20260927_1334_g103
12;2025-12-13;22;412.5023735257431;20260927_1334_g103
12;2025-12-13;23;294.2088091544539;20260927_1334_g103
12;2025-12-14;0;87.13775281389414;20260927_1334_g103
12;2025-12-14;1;5.713407785531231;20260927_1334_g103
12;2025-12-14;2;0.0;20260927_1334_g103
12;2025-12-14;3;0.0;20260927_1334_g103
12;2025-12-14;4;2.940698625081998;20260927_1334_g103
12;2025-12-14;5;164.21901877981665;20260927_1334_g103
12;2025-12-14;6;536.2607156300083;20260927_1334_g103
12;2025-12-14;7;714.4685623609613;20260927_1334_g103
12;2025-12-14;8;758.4561035711413;20260927_1334_g103
12;2025-12-14;9;957.3289556321475;20260927_1334_g103
12;2025-12-14;10;1187.3428737240743;20260927_1334_g103
12;2025-12-14;11;1291.1260259943338;20260927_1334_g103
12;2025-12-14;12;1378.9105791929617;20260927_1334_g103
12;2025-12-14;13;1598.7858980600358;20260927_1334_g103
12;2025-12-14;14;1460.1886530533177;20260927_1334_g103
12;2025-12-14;15;1432.6978030097164;20260927_1334_g103
12;2025-12-14;16;1522.1957917588868;20260927_1334_g103
12;2025-12-14;17;1553.6688342848531;20260927_1334_g103
12;2025-12-14;18;1342.358988595633;20260927_1334_g103
12;2025-12-14;19;1029.392877257302;20260927_1334_g103
12;2025-12-14;20;824.0640535390895;20260927_1334_g103
12;2025-12-14;21;616.3615449702712;20260927_1334_g103
12;2025-12-14;22;398.39009491686966;20260927_1334_g103
12;2025-12-14;23;207.64893451041308;20260927_1334_g103
12;2025-12-15;0;54.79408680946949;20260927_1334_g103
12;2025-12-15;1;1.7143652390013755;20260927_1334_g103
12;2025-12-15;2;0.0;20260927_1334_g103
12;2025-12-15;3;0.0;20260927_1334_g103
12;2025-12-15;4;6.943316413665215;20260927_1334_g103
12;2025-12-15;5;343.3126676210909;20260927_1334_g103
12;2025-12-15;6;1498.804718669988;20260927_1334_g103
12;2025-12-15;7;2742.6400546971436;20260927_1334_g103
12;2025-12-15;8;3646.336371581763;20260927_1334_g103
12;2025-12-15;9;2569.5628277499454;20260927_1334_g103
12;2025-12-15;10;2088.635733321311;20260927_1334_g103
12;2025-12-15;11;2023.2356696630711;20260927_1334_g103
12;2025-12-15;12;2057.5737610599235;20260927_1334_g103
12;2025-12-15;13;2055.6113337853753;20260927_1334_g103
12;2025-12-15;14;1962.6920395208651;20260927_1334_g103
12;2025-12-15;15;2201.899335463097;20260927_1334_g103
12;2025-12-15;16;2726.668710423588;20260927_1334_g103
12;2025-12-15;17;3034.0956362181523;20260927_1334_g103
12;2025-12-15;18;3195.937695208974;20260927_1334_g103
12;2025-12-15;19;2472.5529830768037;20260927_1334_g103
12;2025-12-15;20;1591.4129312132825;20260927_1334_g103
12;2025-12-15;21;972.9310953761066;20260927_1334_g103
12;2025-12-15;22;496.07175688412343;20260927_1334_g103
12;2025-12-15;23;253.40304821663892;20260927_1334_g103
12;2025-12-16;0;54.82929273730435;20260927_1334_g103
12;2025-12-16;1;1.6905782348566265;20260927_1334_g103
12;2025-12-16;2;0.0;20260927_1334_g103
12;2025-12-16;3;0.0;20260927_1334_g103
12;2025-12-16;4;6.852365024648238;20260927_1334_g103
12;2025-12-16;5;345.26628912222293;20260927_1334_g103
12;2025-12-16;6;1502.8582395045573;20260927_1334_g103
12;2025-12-16;7;2751.823140916742;20260927_1334_g103
12;2025-12-16;8;3657.6726266085097;20260927_1334_g103
12;2025-12-16;9;2572.1066913126947;20260927_1334_g103
12;2025-12-16;10;2093.9921250628054;20260927_1334_g103
12;2025-12-16;11;2029.896305420971;20260927_1334_g103
12;2025-12-16;12;2056.31282409835;20260927_1334_g103
12;2025-12-16;13;2058.903480024413;20260927_1334_g103
12;2025-12-16;14;1971.779599185337;20260927_1334_g103
12;2025-12-16;15;2209.27783171644;20260927_1334_g103
12;2025-12-16;16;2732.355012374525;20260927_1334_g103
12;2025-12-16;17;3040.664151861937;20260927_1334_g103
12;2025-12-16;18;3201.7785562244726;20260927_1334_g103
12;2025-12-16;19;2481.6210440990185;20260927_1334_g103
12;2025-12-16;20;1589.4823226794547;20260927_1334_g103
12;2025-12-16;21;974.7810618426528;20260927_1334_g103
12;2025-12-16;22;498.29857462167314;20260927_1334_g103
12;2025-12-16;23;256.6024396681836;20260927_1334_g103
12;2025-12-17;0;55.41763565189067;20260927_1334_g103
12;2025-12-17;1;1.6677906813423846;20260927_1334_g103
12;2025-12-17;2;0.0;20260927_1334_g103
12;2025-12-17;3;0.0;20260927_1334_g103
12;2025-12-17;4;7.025788825979325;20260927_1334_g103
12;2025-12-17;5;345.2497820709256;20260927_1334_g103
12;2025-12-17;6;1503.1799794643541;20260927_1334_g103
12;2025-12-17;7;2748.215785296602;20260927_1334_g103
12;2025-12-17;8;3655.6374291483207;20260927_1334_g103
12;2025-12-17;9;2574.5268871328913;20260927_1334_g103
12;2025-12-17;10;2091.5713989468804;20260927_1334_g103
12;2025-12-17;11;2035.8904859223449;20260927_1334_g103
12;2025-12-17;12;2064.7784214826293;20260927_1334_g103
12;2025-12-17;13;2066.2454588676383;20260927_1334_g103
12;2025-12-17;14;1970.6523162517228;20260927_1334_g103
12;2025-12-17;15;2222.8149911354217;20260927_1334_g103
12;2025-12-17;16;2743.7263087453666;20260927_1334_g103
12;2025-12-17;17;3042.039671181272;20260927_1334_g103
12;2025-12-17;18;3197.8968227105106;20260927_1334_g103
12;2025-12-17;19;2483.044763509557;20260927_1334_g103
12;2025-12-17;20;1590.8700237606256;20260927_1334_g103
12;2025-12-17;21;983.5015591247542;20260927_1334_g103
12;2025-12-17;22;499.4393982571387;20260927_1334_g103
12;2025-12-17;23;255.94604121820254;20260927_1334_g103
12;2025-12-18;0;55.01081093430086;20260927_1334_g103
12;2025-12-18;1;1.7383002782226287;20260927_1334_g103
12;2025-12-18;2;0.0;20260927_1334_g103
12;2025-12-18;3;0.0;20260927_1334_g103
12;2025-12-18;4;6.914607061573143;20260927_1334_g103
12;2025-12-18;5;344.7338084142341;20260927_1334_g103
12;2025-12-18;6;1501.9399258941537;20260927_1334_g103
12;2025-12-18;7;2750.666433564114;20260927_1334_g103
12;2025-12-18;8;3657.469983276694;20260927_1334_g103
12;2025-12-18;9;2576.276829871196;20260927_1334_g103
12;2025-12-18;10;2097.90580445875;20260927_1334_g103
12;2025-12-18;11;2034.2360207634504;20260927_1334_g103
12;2025-12-18;12;2059.5040843611514;20260927_1334_g103
12;2025-12-18;13;2061.935013550119;20260927_1334_g103
12;2025-12-18;14;1973.5358344384288;20260927_1334_g103
12;2025-12-18;15;2211.8621001934634;20260927_1334_g103
12;2025-12-18;16;2737.8530593758505;20260927_1334_g103
12;2025-12-18;17;3051.8146777701622;20260927_1334_g103
12;2025-12-18;18;3213.5681587767513;20260927_1334_g103
12;2025-12-18;19;2486.50288554344;20260927_1334_g103
12;2025-12-18;20;1597.6819387604148;20260927_1334_g103
12;2025-12-18;21;977.6914538829905;20260927_1334_g103
12;2025-12-18;22;500.8875720862211;20260927_1334_g103
12;2025-12-18;23;256.0725663255073;20260927_1334_g103
12;2025-12-19;0;53.32134072787133;20260927_1334_g103
12;2025-12-19;1;0.8302018429463445;20260927_1334_g103
12;2025-12-19;2;0.0;20260927_1334_g103
12;2025-12-19;3;0.0;20260927_1334_g103
12;2025-12-19;4;5.827937601800449;20260927_1334_g103
12;2025-12-19;5;326.8757625049842;20260927_1334_g103
12;2025-12-19;6;1384.666367580541;20260927_1334_g103
12;2025-12-19;7;2651.9854767498914;20260927_1334_g103
12;2025-12-19;8;3225.641813171693;20260927_1334_g103
12;2025-12-19;9;2362.9871376181472;20260927_1334_g103
12;2025-12-19;10;1852.553438855486;20260927_1334_g103
12;2025-12-19;11;1817.737310679468;20260927_1334_g103
12;2025-12-19;12;1878.9911026990846;20260927_1334_g103
12;2025-12-19;13;1974.4275776139361;20260927_1334_g103
12;2025-12-19;14;1910.187500823599;20260927_1334_g103
12;2025-12-19;15;2189.239737334892;20260927_1334_g103
12;2025-12-19;16;2727.9569589420194;20260927_1334_g103
12;2025-12-19;17;2834.5035871225464;20260927_1334_g103
12;2025-12-19;18;2487.6519568846907;20260927_1334_g103
12;2025-12-19;19;2166.576047224658;20260927_1334_g103
12;2025-12-19;20;1359.6297952433551;20260927_1334_g103
12;2025-12-19;21;972.5411828244545;20260927_1334_g103
12;2025-12-19;22;515.670788442667;20260927_1334_g103
12;2025-12-19;23;306.52201694945205;20260927_1334_g103
12;2025-12-20;0;73.52393961406347;20260927_1334_g103
12;2025-12-20;1;1.9602862627416495;20260927_1334_g103
12;2025-12-20;2;0.0;20260927_1334_g103
12;2025-12-20;3;0.0;20260927_1334_g103
12;2025-12-20;4;2.2094841980230626;20260927_1334_g103
12;2025-12-20;5;259.46320506835445;20260927_1334_g103
12;2025-12-20;6;905.8738098760485;20260927_1334_g103
12;2025-12-20;7;938.6219289581894;20260927_1334_g103
12;2025-12-20;8;1055.3097586375416;20260927_1334_g103
12;2025-12-20;9;1255.944175928148;20260927_1334_g103
12;2025-12-20;10;1489.8963080695728;20260927_1334_g103
12;2025-12-20;11;1489.527672939269;20260927_1334_g103
12;2025-12-20;12;1484.7740026959725;20260927_1334_g103
12;2025-12-20;13;1682.599153667088;20260927_1334_g103
12;2025-12-20;14;1617.878524904803;20260927_1334_g103
12;2025-12-20;15;1460.3257005275896;20260927_1334_g103
12;2025-12-20;16;1626.5592033881735;20260927_1334_g103
12;2025-12-20;17;1578.0497450953187;20260927_1334_g103
12;2025-12-20;18;1522.602852607915;20260927_1334_g103
12;2025-12-20;19;1445.199955553844;20260927_1334_g103
12;2025-12-20;20;1041.0132109978958;20260927_1334_g103
12;2025-12-20;21;810.4634954732238;20260927_1334_g103
12;2025-12-20;22;412.5023735257431;20260927_1334_g103
12;2025-12-20;23;294.2088091544539;20260927_1334_g103
12;2025-12-21;0;87.13775281389414;20260927_1334_g103
12;2025-12-21;1;5.713407785531231;20260927_1334_g103
12;2025-12-21;2;0.0;20260927_1334_g103
12;2025-12-21;3;0.0;20260927_1334_g103
12;2025-12-21;4;2.940698625081998;20260927_1334_g103
12;2025-12-21;5;164.21901877981665;20260927_1334_g103
12;2025-12-21;6;536.2607156300083;20260927_1334_g103
12;2025-12-21;7;714.4685623609613;20260927_1334_g103
12;2025-12-21;8;758.4561035711413;20260927_1334_g103
12;2025-12-21;9;957.3289556321475;20260927_1334_g103
12;2025-12-21;10;1187.3428737240743;20260927_1334_g103
12;2025-12-21;11;1291.1260259943338;20260927_1334_g103
12;2025-12-21;12;1378.9105791929617;20260927_1334_g103
12;2025-12-21;13;1598.7858980600358;20260927_1334_g103
12;2025-12-21;14;1460.1886530533177;20260927_1334_g103
12;2025-12-21;15;1432.6978030097164;20260927_1334_g103
12;2025-12-21;16;1522.1957917588868;20260927_1334_g103
12;2025-12-21;17;1553.6688342848531;20260927_1334_g103
12;2025-12-21;18;1342.358988595633;20260927_1334_g103
12;2025-12-21;19;1029.392877257302;20260927_1334_g103
12;2025-12-21;20;824.0640535390895;20260927_1334_g103
12;2025-12-21;21;616.3615449702712;20260927_1334_g103
12;2025-12-21;22;398.39009491686966;20260927_1334_g103
12;2025-12-21;23;207.64893451041308;20260927_1334_g103
12;2025-12-22;0;54.79408680946949;20260927_1334_g103
12;2025-12-22;1;1.7143652390013755;20260927_1334_g103
12;2025-12-22;2;0.0;20260927_1334_g103
12;2025-12-22;3;0.0;20260927_1334_g103
12;2025-12-22;4;6.943316413665215;20260927_1334_g103
12;2025-12-22;5;343.3126676210909;20260927_1334_g103
12;2025-12-22;6;1498.804718669988;20260927_1334_g103
12;2025-12-22;7;2742.6400546971436;20260927_1334_g103
12;2025-12-22;8;3646.336371581763;20260927_1334_g103
12;2025-12-22;9;2569.5628277499454;20260927_1334_g103
12;2025-12-22;10;2088.635733321311;20260927_1334_g103
12;2025-12-22;11;2023.2356696630711;20260927_1334_g103
12;2025-12-22;12;2057.5737610599235;20260927_1334_g103
12;2025-12-22;13;2055.6113337853753;20260927_1334_g103
12;2025-12-22;14;1962.6920395208651;20260927_1334_g103
12;2025-12-22;15;2201.899335463097;20260927_1334_g103
12;2025-12-22;16;2726.668710423588;20260927_1334_g103
12;2025-12-22;17;3034.0956362181523;20260927_1334_g103
12;2025-12-22;18;3195.937695208974;20260927_1334_g103
12;2025-12-22;19;2472.5529830768037;20260927_1334_g103
12;2025-12-22;20;1591.4129312132825;20260927_1334_g103
12;2025-12-22;21;972.9310953761066;20260927_1334_g103
12;2025-12-22;22;496.07175688412343;20260927_1334_g103
12;2025-12-22;23;253.40304821663892;20260927_1334_g103
12;2025-12-23;0;54.82929273730435;20260927_1334_g103
12;2025-12-23;1;1.6905782348566265;20260927_1334_g103
12;2025-12-23;2;0.0;20260927_1334_g103
12;2025-12-23;3;0.0;20260927_1334_g103
12;2025-12-23;4;6.852365024648238;20260927_1334_g103
12;2025-12-23;5;345.26628912222293;20260927_1334_g103
12;2025-12-23;6;1502.8582395045573;20260927_1334_g103
12;2025-12-23;7;2751.823140916742;20260927_1334_g103
12;2025-12-23;8;3657.6726266085097;20260927_1334_g103
12;2025-12-23;9;2572.1066913126947;20260927_1334_g103
12;2025-12-23;10;2093.9921250628054;20260927_1334_g103
12;2025-12-23;11;2029.896305420971;20260927_1334_g103
12;2025-12-23;12;2056.31282409835;20260927_1334_g103
12;2025-12-23;13;2058.903480024413;20260927_1334_g103
12;2025-12-23;14;1971.779599185337;20260927_1334_g103
12;2025-12-23;15;2209.27783171644;20260927_1334_g103
12;2025-12-23;16;2732.355012374525;20260927_1334_g103
12;2025-12-23;17;3040.664151861937;20260927_1334_g103
12;2025-12-23;18;3201.7785562244726;20260927_1334_g103
12;2025-12-23;19;2481.6210440990185;20260927_1334_g103
12;2025-12-23;20;1589.4823226794547;20260927_1334_g103
12;2025-12-23;21;974.7810618426528;20260927_1334_g103
12;2025-12-23;22;498.29857462167314;20260927_1334_g103
12;2025-12-23;23;256.6024396681836;20260927_1334_g103
12;2025-12-24;0;55.41763565189067;20260927_1334_g103
12;2025-12-24;1;1.6677906813423846;20260927_1334_g103
12;2025-12-24;2;0.0;20260927_1334_g103
12;2025-12-24;3;0.0;20260927_1334_g103
12;2025-12-24;4;7.025788825979325;20260927_1334_g103
12;2025-12-24;5;345.2497820709256;20260927_1334_g103
12;2025-12-24;6;1503.1799794643541;20260927_1334_g103
12;2025-12-24;7;2748.215785296602;20260927_1334_g103
12;2025-12-24;8;3655.6374291483207;20260927_1334_g103
12;2025-12-24;9;2574.5268871328913;20260927_1334_g103
12;2025-12-24;10;2091.5713989468804;20260927_1334_g103
12;2025-12-24;11;2035.8904859223449;20260927_1334_g103
12;2025-12-24;12;2064.7784214826293;20260927_1334_g103
12;2025-12-24;13;2066.2454588676383;20260927_1334_g103
12;2025-12-24;14;1970.6523162517228;20260927_1334_g103
12;2025-12-24;15;2222.8149911354217;20260927_1334_g103
12;2025-12-24;16;2743.7263087453666;20260927_1334_g103
12;2025-12-24;17;3042.039671181272;20260927_1334_g103
12;2025-12-24;18;3197.8968227105106;20260927_1334_g103
12;2025-12-24;19;2483.044763509557;20260927_1334_g103
12;2025-12-24;20;1590.8700237606256;20260927_1334_g103
12;2025-12-24;21;983.5015591247542;20260927_1334_g103
12;2025-12-24;22;499.4393982571387;20260927_1334_g103
12;2025-12-24;23;255.94604121820254;20260927_1334_g103
12;2025-12-25;0;55.01081093430086;20260927_1334_g103
12;2025-12-25;1;1.7383002782226287;20260927_1334_g103
12;2025-12-25;2;0.0;20260927_1334_g103
12;2025-12-25;3;0.0;20260927_1334_g103
12;2025-12-25;4;6.914607061573143;20260927_1334_g103
12;2025-12-25;5;344.7338084142341;20260927_1334_g103
12;2025-12-25;6;1501.9399258941537;20260927_1334_g103
12;2025-12-25;7;2750.666433564114;20260927_1334_g103
12;2025-12-25;8;3657.469983276694;20260927_1334_g103
12;2025-12-25;9;2576.276829871196;20260927_1334_g103
12;2025-12-25;10;2097.90580445875;20260927_1334_g103
12;2025-12-25;11;2034.2360207634504;20260927_1334_g103
12;2025-12-25;12;2059.5040843611514;20260927_1334_g103
12;2025-12-25;13;2061.935013550119;20260927_1334_g103
12;2025-12-25;14;1973.5358344384288;20260927_1334_g103
12;2025-12-25;15;2211.8621001934634;20260927_1334_g103
12;2025-12-25;16;2737.8530593758505;20260927_1334_g103
12;2025-12-25;17;3051.8146777701622;20260927_1334_g103
12;2025-12-25;18;3213.5681587767513;20260927_1334_g103
12;2025-12-25;19;2486.50288554344;20260927_1334_g103
12;2025-12-25;20;1597.6819387604148;20260927_1334_g103
12;2025-12-25;21;977.6914538829905;20260927_1334_g103
12;2025-12-25;22;500.8875720862211;20260927_1334_g103
12;2025-12-25;23;256.0725663255073;20260927_1334_g103
12;2025-12-26;0;53.32134072787133;20260927_1334_g103
12;2025-12-26;1;0.8302018429463445;20260927_1334_g103
12;2025-12-26;2;0.0;20260927_1334_g103
12;2025-12-26;3;0.0;20260927_1334_g103
12;2025-12-26;4;5.827937601800449;20260927_1334_g103
12;2025-12-26;5;326.8757625049842;20260927_1334_g103
12;2025-12-26;6;1384.666367580541;20260927_1334_g103
12;2025-12-26;7;2651.9854767498914;20260927_1334_g103
12;2025-12-26;8;3225.641813171693;20260927_1334_g103
12;2025-12-26;9;2362.9871376181472;20260927_1334_g103
12;2025-12-26;10;1852.553438855486;20260927_1334_g103
12;2025-12-26;11;1817.737310679468;20260927_1334_g103
12;2025-12-26;12;1878.9911026990846;20260927_1334_g103
12;2025-12-26;13;1974.4275776139361;20260927_1334_g103
12;2025-12-26;14;1910.187500823599;20260927_1334_g103
12;2025-12-26;15;2189.239737334892;20260927_1334_g103
12;2025-12-26;16;2727.9569589420194;20260927_1334_g103
12;2025-12-26;17;2834.5035871225464;20260927_1334_g103
12;2025-12-26;18;2487.6519568846907;20260927_1334_g103
12;2025-12-26;19;2166.576047224658;20260927_1334_g103
12;2025-12-26;20;1359.6297952433551;20260927_1334_g103
12;2025-12-26;21;972.5411828244545;20260927_1334_g103
12;2025-12-26;22;515.670788442667;20260927_1334_g103
12;2025-12-26;23;306.52201694945205;20260927_1334_g103
12;2025-12-27;0;73.52393961406347;20260927_1334_g103
12;2025-12-27;1;1.9602862627416495;20260927_1334_g103
12;2025-12-27;2;0.0;20260927_1334_g103
12;2025-12-27;3;0.0;20260927_1334_g103
12;2025-12-27;4;2.2094841980230626;20260927_1334_g103
12;2025-12-27;5;259.46320506835445;20260927_1334_g103
12;2025-12-27;6;905.8738098760485;20260927_1334_g103
12;2025-12-27;7;938.6219289581894;20260927_1334_g103
12;2025-12-27;8;1055.3097586375416;20260927_1334_g103
12;2025-12-27;9;1255.944175928148;20260927_1334_g103
12;2025-12-27;10;1489.8963080695728;20260927_1334_g103
12;2025-12-27;11;1489.527672939269;20260927_1334_g103
12;2025-12-27;12;1484.7740026959725;20260927_1334_g103
12;2025-12-27;13;1682.599153667088;20260927_1334_g103
12;2025-12-27;14;1617.878524904803;20260927_1334_g103
12;2025-12-27;15;1460.3257005275896;20260927_1334_g103
12;2025-12-27;16;1626.5592033881735;20260927_1334_g103
12;2025-12-27;17;1578.0497450953187;20260927_1334_g103
12;2025-12-27;18;1522.602852607915;20260927_1334_g103
12;2025-12-27;19;1445.199955553844;20260927_1334_g103
12;2025-12-27;20;1041.0132109978958;20260927_1334_g103
12;2025-12-27;21;810.4634954732238;20260927_1334_g103
12;2025-12-27;22;412.5023735257431;20260927_1334_g103
12;2025-12-27;23;294.2088091544539;20260927_1334_g103
12;2025-12-28;0;87.13775281389414;20260927_1334_g103
12;2025-12-28;1;5.713407785531231;20260927_1334_g103
12;2025-12-28;2;0.0;20260927_1334_g103
12;2025-12-28;3;0.0;20260927_1334_g103
12;2025-12-28;4;2.940698625081998;20260927_1334_g103
12;2025-12-28;5;164.21901877981665;20260927_1334_g103
12;2025-12-28;6;536.2607156300083;20260927_1334_g103
12;2025-12-28;7;714.4685623609613;20260927_1334_g103
12;2025-12-28;8;758.4561035711413;20260927_1334_g103
12;2025-12-28;9;957.3289556321475;20260927_1334_g103
12;2025-12-28;10;1187.3428737240743;20260927_1334_g103
12;2025-12-28;11;1291.1260259943338;20260927_1334_g103
12;2025-12-28;12;1378.9105791929617;20260927_1334_g103
12;2025-12-28;13;1598.7858980600358;20260927_1334_g103
12;2025-12-28;14;1460.1886530533177;20260927_1334_g103
12;2025-12-28;15;1432.6978030097164;20260927_1334_g103
12;2025-12-28;16;1522.1957917588868;20260927_1334_g103
12;2025-12-28;17;1553.6688342848531;20260927_1334_g103
12;2025-12-28;18;1342.358988595633;20260927_1334_g103
12;2025-12-28;19;1029.392877257302;20260927_1334_g103
12;2025-12-28;20;824.0640535390895;20260927_1334_g103
12;2025-12-28;21;616.3615449702712;20260927_1334_g103
12;2025-12-28;22;398.39009491686966;20260927_1334_g103
12;2025-12-28;23;207.64893451041308;20260927_1334_g103
12;2025-12-29;0;49.20638788949965;20260927_1334_g103
12;2025-12-29;1;1.5395405936393454;20260927_1334_g103
12;2025-12-29;2;0.0;20260927_1334_g103
12;2025-12-29;3;0.0;20260927_1334_g103
12;2025-12-29;4;6.235262609236433;20260927_1334_g103
12;2025-12-29;5;308.3029077404534;20260927_1334_g103
12;2025-12-29;6;1345.962140293253;20260927_1334_g103
12;2025-12-29;7;2462.9557353875502;20260927_1334_g103
12;2025-12-29;8;3274.4964342509165;20260927_1334_g103
12;2025-12-29;9;2307.528285823212;20260927_1334_g103
12;2025-12-29;10;1875.6443630686913;20260927_1334_g103
12;2025-12-29;11;1816.9135567399846;20260927_1334_g103
12;2025-12-29;12;1847.7499761976876;20260927_1334_g103
12;2025-12-29;13;1845.9876700201594;20260927_1334_g103
12;2025-12-29;14;1762.5439427454148;20260927_1334_g103
12;2025-12-29;15;1977.3577607228988;20260927_1334_g103
12;2025-12-29;16;2448.613089908778;20260927_1334_g103
12;2025-12-29;17;2724.6897514457205;20260927_1334_g103
12;2025-12-29;18;2870.0277540522607;20260927_1334_g103
12;2025-12-29;19;2220.41114738663;20260927_1334_g103
12;2025-12-29;20;1429.1265088135992;20260927_1334_g103
12;2025-12-29;21;873.715169947113;20260927_1334_g103
12;2025-12-29;22;445.48418837864904;20260927_1334_g103
12;2025-12-29;23;227.56193978169603;20260927_1334_g103
12;2025-12-30;0;49.23800364663556;20260927_1334_g103
12;2025-12-30;1;1.5181793004628454;20260927_1334_g103
12;2025-12-30;2;0.0;20260927_1334_g103
12;2025-12-30;3;0.0;20260927_1334_g103
12;2025-12-30;4;6.1535861074887155;20260927_1334_g103
12;2025-12-30;5;310.05730612486735;20260927_1334_g103
12;2025-12-30;6;1349.6022980204464;20260927_1334_g103
12;2025-12-30;7;2471.2023643370485;20260927_1334_g103
12;2025-12-30;8;3284.6766597924066;20260927_1334_g103
12;2025-12-30;9;2309.8127355603137;20260927_1334_g103
12;2025-12-30;10;1880.4545297320508;20260927_1334_g103
12;2025-12-30;11;1822.8949654243472;20260927_1334_g103
12;2025-12-30;12;1846.6176249377584;20260927_1334_g103
12;2025-12-30;13;1848.9440953255098;20260927_1334_g103
12;2025-12-30;14;1770.7047865856248;20260927_1334_g103
12;2025-12-30;15;1983.9838251364852;20260927_1334_g103
12;2025-12-30;16;2453.7195237549618;20260927_1334_g103
12;2025-12-30;17;2730.5884340855137;20260927_1334_g103
12;2025-12-30;18;2875.272985599538;20260927_1334_g103
12;2025-12-30;19;2228.5544809842177;20260927_1334_g103
12;2025-12-30;20;1427.3927766189443;20260927_1334_g103
12;2025-12-30;21;875.3764836551409;20260927_1334_g103
12;2025-12-30;22;447.48392345470023;20260927_1334_g103
12;2025-12-30;23;230.4350690907485;20260927_1334_g103
12;2025-12-31;0;85.19401016332397;20260927_1334_g103
12;2025-12-31;1;5.54555083824025;20260927_1334_g103
12;2025-12-31;2;0.0;20260927_1334_g103
12;2025-12-31;3;0.0;20260927_1334_g103
12;2025-12-31;4;3.0567428919118402;20260927_1334_g103
12;2025-12-31;5;169.31104438200603;20260927_1334_g103
12;2025-12-31;6;545.8867942263091;20260927_1334_g103
12;2025-12-31;7;720.7837351857452;20260927_1334_g103
12;2025-12-31;8;765.2128566189203;20260927_1334_g103
12;2025-12-31;9;960.5128462530945;20260927_1334_g103
12;2025-12-31;10;1175.8622640320366;20260927_1334_g103
12;2025-12-31;11;1266.3594597476829;20260927_1334_g103
12;2025-12-31;12;1351.5407082127083;20260927_1334_g103
12;2025-12-31;13;1581.4064500486518;20260927_1334_g103
12;2025-12-31;14;1446.413121704214;20260927_1334_g103
12;2025-12-31;15;1397.3524171351264;20260927_1334_g103
12;2025-12-31;16;1490.1416198301476;20260927_1334_g103
12;2025-12-31;17;1527.9809918949375;20260927_1334_g103
12;2025-12-31;18;1315.55421482864;20260927_1334_g103
12;2025-12-31;19;1039.9694306113338;20260927_1334_g103
12;2025-12-31;20;835.0719826640965;20260927_1334_g103
12;2025-12-31;21;625.2043720064214;20260927_1334_g103
12;2025-12-31;22;399.39198024048477;20260927_1334_g103
12;2025-12-31;23;211.39551213012734;20260927_1334_g103
17;2025-11-01;0;134.45762045834087;20260927_1334_g103
17;2025-11-01;1;12.053278777828218;20260927_1334_g103
17;2025-11-01;2;0.0;20260927_1334_g103
17;2025-11-01;3;0.0;20260927_1334_g103
17;2025-11-01;4;19.924901895468828;20260927_1334_g103
17;2025-11-01;5;259.75028459595376;20260927_1334_g103
17;2025-11-01;6;1289.4447141194357;20260927_1334_g103
17;2025-11-01;7;3591.606091101911;20260927_1334_g103
17;2025-11-01;8;4615.969094121729;20260927_1334_g103
17;2025-11-01;9;3302.1566971807865;20260927_1334_g103
17;2025-11-01;10;2666.9076087111825;20260927_1334_g103
17;2025-11-01;11;2810.5515579270254;20260927_1334_g103
17;2025-11-01;12;2919.742115184527;20260927_1334_g103
17;2025-11-01;13;3032.33293965174;20260927_1334_g103
17;2025-11-01;14;3088.4988061431595;20260927_1334_g103
17;2025-11-01;15;3123.7008111891582;20260927_1334_g103
17;2025-11-01;16;3427.7937559744387;20260927_1334_g103
17;2025-11-01;17;3868.2281500471267;20260927_1334_g103
17;2025-11-01;18;4134.521752397034;20260927_1334_g103
17;2025-11-01;19;2931.7160162807377;20260927_1334_g103
17;2025-11-01;20;2049.1397526754545;20260927_1334_g103
17;2025-11-01;21;1295.5407092837488;20260927_1334_g103
17;2025-11-01;22;684.3305828659231;20260927_1334_g103
17;2025-11-01;23;369.8694832664544;20260927_1334_g103
17;2025-11-02;0;186.88461562053672;20260927_1334_g103
17;2025-11-02;1;23.46579386339883;20260927_1334_g103
17;2025-11-02;2;0.0;20260927_1334_g103
17;2025-11-02;3;0.0;20260927_1334_g103
17;2025-11-02;4;3.202795856770296;20260927_1334_g103
17;2025-11-02;5;109.46216473151972;20260927_1334_g103
17;2025-11-02;6;431.3841235518668;20260927_1334_g103
17;2025-11-02;7;848.2834518635319;20260927_1334_g103
17;2025-11-02;8;1265.3143723954975;20260927_1334_g103
17;2025-11-02;9;1764.2204918038399;20260927_1334_g103
17;2025-11-02;10;2082.8221230528193;20260927_1334_g103
17;2025-11-02;11;2578.3474684972166;20260927_1334_g103
17;2025-11-02;12;2974.1973873551087;20260927_1334_g103
17;2025-11-02;13;3187.5636009162713;20260927_1334_g103
17;2025-11-02;14;3301.0833108814186;20260927_1334_g103
17;2025-11-02;15;3253.192400749123;20260927_1334_g103
17;2025-11-02;16;3124.6068923498988;20260927_1334_g103
17;2025-11-02;17;3016.2387267351155;20260927_1334_g103
17;2025-11-02;18;2673.2277511874818;20260927_1334_g103
17;2025-11-02;19;2154.4708016865266;20260927_1334_g103
17;2025-11-02;20;1626.398888753767;20260927_1334_g103
17;2025-11-02;21;1174.7871405875724;20260927_1334_g103
17;2025-11-02;22;713.9762123638493;20260927_1334_g103
17;2025-11-02;23;319.95349946970686;20260927_1334_g103
17;2025-11-03;0;179.74591903698106;20260927_1334_g103
17;2025-11-03;1;22.436213125647267;20260927_1334_g103
17;2025-11-03;2;0.0;20260927_1334_g103
17;2025-11-03;3;0.0;20260927_1334_g103
17;2025-11-03;4;3.8329434657911956;20260927_1334_g103
17;2025-11-03;5;137.64258655126085;20260927_1334_g103
17;2025-11-03;6;544.451047220557;20260927_1334_g103
17;2025-11-03;7;1072.089685598229;20260927_1334_g103
17;2025-11-03;8;1587.472205401467;20260927_1334_g103
17;2025-11-03;9;2134.6545864153773;20260927_1334_g103
17;2025-11-03;10;2272.476261156653;20260927_1334_g103
17;2025-11-03;11;2655.7459856221544;20260927_1334_g103
17;2025-11-03;12;2963.1160869962478;20260927_1334_g103
17;2025-11-03;13;3186.688846591065;20260927_1334_g103
17;2025-11-03;14;3286.7006718973803;20260927_1334_g103
17;2025-11-03;15;3246.272176414189;20260927_1334_g103
17;2025-11-03;16;3253.5786408054614;20260927_1334_g103
17;2025-11-03;17;3201.38124385506;20260927_1334_g103
17;2025-11-03;18;2996.4239796492825;20260927_1334_g103
17;2025-11-03;19;2332.3576956546854;20260927_1334_g103
17;2025-11-03;20;1772.8758791543917;20260927_1334_g103
17;2025-11-03;21;1254.4229826853812;20260927_1334_g103
17;2025-11-03;22;709.9787819561332;20260927_1334_g103
17;2025-11-03;23;323.4840677146602;20260927_1334_g103
17;2025-11-04;0;177.23561803282965;20260927_1334_g103
17;2025-11-04;1;20.798818650685867;20260927_1334_g103
17;2025-11-04;2;0.0;20260927_1334_g103
17;2025-11-04;3;0.0;20260927_1334_g103
17;2025-11-04;4;3.8416937788863406;20260927_1334_g103
17;2025-11-04;5;138.14242537856558;20260927_1334_g103
17;2025-11-04;6;545.7023210533745;20260927_1334_g103
17;2025-11-04;7;1074.459801152729;20260927_1334_g103
17;2025-11-04;8;1579.9802323584743;20260927_1334_g103
17;2025-11-04;9;2140.39327347364;20260927_1334_g103
17;2025-11-04;10;2240.387243345607;20260927_1334_g103
17;2025-11-04;11;2646.995618310915;20260927_1334_g103
17;2025-11-04;12;2945.166317381945;20260927_1334_g103
17;2025-11-04;13;3158.2349476353766;20260927_1334_g103
17;2025-11-04;14;3286.279828578084;20260927_1334_g103
17;2025-11-04;15;3238.031565620862;20260927_1334_g103
17;2025-11-04;16;3242.859242362518;20260927_1334_g103
17;2025-11-04;17;3240.832382913208;20260927_1334_g103
17;2025-11-04;18;3091.073780953344;20260927_1334_g103
17;2025-11-04;19;2443.72343615643;20260927_1334_g103
17;2025-11-04;20;1806.10983021373;20260927_1334_g103
17;2025-11-04;21;1274.6879793219548;20260927_1334_g103
17;2025-11-04;22;713.1435396659627;20260927_1334_g103
17;2025-11-04;23;344.77704519183266;20260927_1334_g103
17;2025-11-05;0;125.27040743451666;20260927_1334_g103
17;2025-11-05;1;11.100714011709568;20260927_1334_g103
17;2025-11-05;2;0.0;20260927_1334_g103
17;2025-11-05;3;0.0;20260927_1334_g103
17;2025-11-05;4;26.03092418507596;20260927_1334_g103
17;2025-11-05;5;314.08848854698374;20260927_1334_g103
17;2025-11-05;6;1562.6278905809704;20260927_1334_g103
17;2025-11-05;7;4267.36731119923;20260927_1334_g103
17;2025-11-05;8;5505.702884421416;20260927_1334_g103
17;2025-11-05;9;3972.798989156406;20260927_1334_g103
17;2025-11-05;10;3200.1698359133156;20260927_1334_g103
17;2025-11-05;11;3130.2915659273285;20260927_1334_g103
17;2025-11-05;12;3193.1077837610433;20260927_1334_g103
17;2025-11-05;13;3221.6492481070422;20260927_1334_g103
17;2025-11-05;14;3334.931866077957;20260927_1334_g103
17;2025-11-05;15;3400.3338819337255;20260927_1334_g103
17;2025-11-05;16;3778.1649600107094;20260927_1334_g103
17;2025-11-05;17;4624.602200240575;20260927_1334_g103
17;2025-11-05;18;4961.795591878225;20260927_1334_g103
17;2025-11-05;19;3525.3321979408847;20260927_1334_g103
17;2025-11-05;20;2446.003201063163;20260927_1334_g103
17;2025-11-05;21;1499.1783175165376;20260927_1334_g103
17;2025-11-05;22;754.5138463226742;20260927_1334_g103
17;2025-11-05;23;380.4389213003898;20260927_1334_g103
17;2025-11-06;0;127.81059386436509;20260927_1334_g103
17;2025-11-06;1;11.237859937277156;20260927_1334_g103
17;2025-11-06;2;0.0;20260927_1334_g103
17;2025-11-06;3;0.0;20260927_1334_g103
17;2025-11-06;4;26.28107331711874;20260927_1334_g103
17;2025-11-06;5;317.71807013052296;20260927_1334_g103
17;2025-11-06;6;1566.548551921459;20260927_1334_g103
17;2025-11-06;7;4284.23946084219;20260927_1334_g103
17;2025-11-06;8;5512.974912727283;20260927_1334_g103
17;2025-11-06;9;3989.9719622211387;20260927_1334_g103
17;2025-11-06;10;3191.4928544045124;20260927_1334_g103
17;2025-11-06;11;3153.9266490813516;20260927_1334_g103
17;2025-11-06;12;3201.3041320120165;20260927_1334_g103
17;2025-11-06;13;3233.742787395485;20260927_1334_g103
17;2025-11-06;14;3285.7229005003283;20260927_1334_g103
17;2025-11-06;15;3376.355151593293;20260927_1334_g103
17;2025-11-06;16;3795.118430664775;20260927_1334_g103
17;2025-11-06;17;4646.788481141473;20260927_1334_g103
17;2025-11-06;18;4992.210383481873;20260927_1334_g103
17;2025-11-06;19;3545.598828675009;20260927_1334_g103
17;2025-11-06;20;2482.5209405984674;20260927_1334_g103
17;2025-11-06;21;1515.3685292618009;20260927_1334_g103
17;2025-11-06;22;759.8226985573936;20260927_1334_g103
17;2025-11-06;23;388.0506841369705;20260927_1334_g103
17;2025-11-07;0;158.03796392941652;20260927_1334_g103
17;2025-11-07;1;16.275802516886092;20260927_1334_g103
17;2025-11-07;2;0.0;20260927_1334_g103
17;2025-11-07;3;0.0;20260927_1334_g103
17;2025-11-07;4;25.289031877020395;20260927_1334_g103
17;2025-11-07;5;326.535425438743;20260927_1334_g103
17;2025-11-07;6;1620.5342324844435;20260927_1334_g103
17;2025-11-07;7;4422.454571605139;20260927_1334_g103
17;2025-11-07;8;5567.517439275048;20260927_1334_g103
17;2025-11-07;9;4058.3348171763155;20260927_1334_g103
17;2025-11-07;10;3240.745576456221;20260927_1334_g103
17;2025-11-07;11;3249.1503940500515;20260927_1334_g103
17;2025-11-07;12;3321.5341744897705;20260927_1334_g103
17;2025-11-07;13;3399.345680742529;20260927_1334_g103
17;2025-11-07;14;3491.2290537221716;20260927_1334_g103
17;2025-11-07;15;3739.4700689132887;20260927_1334_g103
17;2025-11-07;16;4440.365835209777;20260927_1334_g103
17;2025-11-07;17;4946.378070066361;20260927_1334_g103
17;2025-11-07;18;4695.856357396965;20260927_1334_g103
17;2025-11-07;19;3498.671022973583;20260927_1334_g103
17;2025-11-07;20;2512.2502027240794;20260927_1334_g103
17;2025-11-07;21;1718.429901898229;20260927_1334_g103
17;2025-11-07;22;866.1466613967641;20260927_1334_g103
17;2025-11-07;23;491.5999472724555;20260927_1334_g103
17;2025-11-08;0;222.41191680802345;20260927_1334_g103
17;2025-11-08;1;27.787248678643877;20260927_1334_g103
17;2025-11-08;2;0.0;20260927_1334_g103
17;2025-11-08;3;0.0;20260927_1334_g103
17;2025-11-08;4;5.913581093729768;20260927_1334_g103
17;2025-11-08;5;143.49908961684048;20260927_1334_g103
17;2025-11-08;6;618.2248743390381;20260927_1334_g103
17;2025-11-08;7;1365.9926434856063;20260927_1334_g103
17;2025-11-08;8;1963.7191970414985;20260927_1334_g103
17;2025-11-08;9;2485.9814986341744;20260927_1334_g103
17;2025-11-08;10;2711.3120872846916;20260927_1334_g103
17;2025-11-08;11;3133.2214967782525;20260927_1334_g103
17;2025-11-08;12;3435.7217506029256;20260927_1334_g103
17;2025-11-08;13;3621.881356398436;20260927_1334_g103
17;2025-11-08;14;3608.5790670446963;20260927_1334_g103
17;2025-11-08;15;3677.0786429151894;20260927_1334_g103
17;2025-11-08;16;3719.5795739964365;20260927_1334_g103
17;2025-11-08;17;3474.4837825489467;20260927_1334_g103
17;2025-11-08;18;3095.9550870575226;20260927_1334_g103
17;2025-11-08;19;2541.5127794691084;20260927_1334_g103
17;2025-11-08;20;2031.281156417229;20260927_1334_g103
17;2025-11-08;21;1470.2415288212746;20260927_1334_g103
17;2025-11-08;22;893.0067865028492;20260927_1334_g103
17;2025-11-08;23;467.41012859114005;20260927_1334_g103
17;2025-11-09;0;186.88461562053672;20260927_1334_g103
17;2025-11-09;1;23.46579386339883;20260927_1334_g103
17;2025-11-09;2;0.0;20260927_1334_g103
17;2025-11-09;3;0.0;20260927_1334_g103
17;2025-11-09;4;3.202795856770296;20260927_1334_g103
17;2025-11-09;5;109.46216473151972;20260927_1334_g103
17;2025-11-09;6;431.3841235518668;20260927_1334_g103
17;2025-11-09;7;848.2834518635319;20260927_1334_g103
17;2025-11-09;8;1265.3143723954975;20260927_1334_g103
17;2025-11-09;9;1764.2204918038399;20260927_1334_g103
17;2025-11-09;10;2082.8221230528193;20260927_1334_g103
17;2025-11-09;11;2578.3474684972166;20260927_1334_g103
17;2025-11-09;12;2974.1973873551087;20260927_1334_g103
17;2025-11-09;13;3187.5636009162713;20260927_1334_g103
17;2025-11-09;14;3301.0833108814186;20260927_1334_g103
17;2025-11-09;15;3253.192400749123;20260927_1334_g103
17;2025-11-09;16;3124.6068923498988;20260927_1334_g103
17;2025-11-09;17;3016.2387267351155;20260927_1334_g103
17;2025-11-09;18;2673.2277511874818;20260927_1334_g103
17;2025-11-09;19;2154.4708016865266;20260927_1334_g103
17;2025-11-09;20;1626.398888753767;20260927_1334_g103
17;2025-11-09;21;1174.7871405875724;20260927_1334_g103
17;2025-11-09;22;713.9762123638493;20260927_1334_g103
17;2025-11-09;23;319.95349946970686;20260927_1334_g103
17;2025-11-10;0;124.5826952490766;20260927_1334_g103
17;2025-11-10;1;11.63841363462888;20260927_1334_g103
17;2025-11-10;2;0.0;20260927_1334_g103
17;2025-11-10;3;0.0;20260927_1334_g103
17;2025-11-10;4;25.914267689470723;20260927_1334_g103
17;2025-11-10;5;312.87149066352066;20260927_1334_g103
17;2025-11-10;6;1560.9795022167978;20260927_1334_g103
17;2025-11-10;7;4284.173606627581;20260927_1334_g103
17;2025-11-10;8;5503.688120194411;20260927_1334_g103
17;2025-11-10;9;3975.2336149010525;20260927_1334_g103
17;2025-11-10;10;3163.552000577555;20260927_1334_g103
17;2025-11-10;11;3081.894422366106;20260927_1334_g103
17;2025-11-10;12;3126.592301829906;20260927_1334_g103
17;2025-11-10;13;3192.4348689325975;20260927_1334_g103
17;2025-11-10;14;3210.5882097660337;20260927_1334_g103
17;2025-11-10;15;3332.139642682687;20260927_1334_g103
17;2025-11-10;16;3750.0623192463036;20260927_1334_g103
17;2025-11-10;17;4629.206022197553;20260927_1334_g103
17;2025-11-10;18;4955.706004683337;20260927_1334_g103
17;2025-11-10;19;3488.36394061018;20260927_1334_g103
17;2025-11-10;20;2432.863594731622;20260927_1334_g103
17;2025-11-10;21;1487.454412828525;20260927_1334_g103
17;2025-11-10;22;744.9937621545096;20260927_1334_g103
17;2025-11-10;23;370.0351554322784;20260927_1334_g103
17;2025-11-11;0;123.18005827177856;20260927_1334_g103
17;2025-11-11;1;10.771215942260907;20260927_1334_g103
17;2025-11-11;2;0.0;20260927_1334_g103
17;2025-11-11;3;0.0;20260927_1334_g103
17;2025-11-11;4;25.388233518894506;20260927_1334_g103
17;2025-11-11;5;322.74226270326056;20260927_1334_g103
17;2025-11-11;6;1568.6164412428684;20260927_1334_g103
17;2025-11-11;7;4280.043638478577;20260927_1334_g103
17;2025-11-11;8;5514.867890480729;20260927_1334_g103
17;2025-11-11;9;3981.7214005834235;20260927_1334_g103
17;2025-11-11;10;3160.316404852934;20260927_1334_g103
17;2025-11-11;11;3086.1561204104955;20260927_1334_g103
17;2025-11-11;12;3135.4933141786673;20260927_1334_g103
17;2025-11-11;13;3179.19018401381;20260927_1334_g103
17;2025-11-11;14;3264.55753066165;20260927_1334_g103
17;2025-11-11;15;3365.603102542761;20260927_1334_g103
17;2025-11-11;16;3751.263989279338;20260927_1334_g103
17;2025-11-11;17;4635.150507470593;20260927_1334_g103
17;2025-11-11;18;4978.0615208338495;20260927_1334_g103
17;2025-11-11;19;3525.4474432577663;20260927_1334_g103
17;2025-11-11;20;2446.985466081931;20260927_1334_g103
17;2025-11-11;21;1502.0668312135056;20260927_1334_g103
17;2025-11-11;22;751.163590439858;20260927_1334_g103
17;2025-11-11;23;376.0073549322889;20260927_1334_g103
17;2025-11-12;0;125.27040743451666;20260927_1334_g103
17;2025-11-12;1;11.100714011709568;20260927_1334_g103
17;2025-11-12;2;0.0;20260927_1334_g103
17;2025-11-12;3;0.0;20260927_1334_g103
17;2025-11-12;4;26.03092418507596;20260927_1334_g103
17;2025-11-12;5;314.08848854698374;20260927_1334_g103
17;2025-11-12;6;1562.6278905809704;20260927_1334_g103
17;2025-11-12;7;4267.36731119923;20260927_1334_g103
17;2025-11-12;8;5505.702884421416;20260927_1334_g103
17;2025-11-12;9;3972.798989156406;20260927_1334_g103
17;2025-11-12;10;3200.1698359133156;20260927_1334_g103
17;2025-11-12;11;3130.2915659273285;20260927_1334_g103
17;2025-11-12;12;3193.1077837610433;20260927_1334_g103
17;2025-11-12;13;3221.6492481070422;20260927_1334_g103
17;2025-11-12;14;3334.931866077957;20260927_1334_g103
17;2025-11-12;15;3400.3338819337255;20260927_1334_g103
17;2025-11-12;16;3778.1649600107094;20260927_1334_g103
17;2025-11-12;17;4624.602200240575;20260927_1334_g103
17;2025-11-12;18;4961.795591878225;20260927_1334_g103
17;2025-11-12;19;3525.3321979408847;20260927_1334_g103
17;2025-11-12;20;2446.003201063163;20260927_1334_g103
17;2025-11-12;21;1499.1783175165376;20260927_1334_g103
17;2025-11-12;22;754.5138463226742;20260927_1334_g103
17;2025-11-12;23;380.4389213003898;20260927_1334_g103
17;2025-11-13;0;127.81059386436509;20260927_1334_g103
17;2025-11-13;1;11.237859937277156;20260927_1334_g103
17;2025-11-13;2;0.0;20260927_1334_g103
17;2025-11-13;3;0.0;20260927_1334_g103
17;2025-11-13;4;26.28107331711874;20260927_1334_g103
17;2025-11-13;5;317.71807013052296;20260927_1334_g103
17;2025-11-13;6;1566.548551921459;20260927_1334_g103
17;2025-11-13;7;4284.23946084219;20260927_1334_g103
17;2025-11-13;8;5512.974912727283;20260927_1334_g103
17;2025-11-13;9;3989.9719622211387;20260927_1334_g103
17;2025-11-13;10;3191.4928544045124;20260927_1334_g103
17;2025-11-13;11;3153.9266490813516;20260927_1334_g103
17;2025-11-13;12;3201.3041320120165;20260927_1334_g103
17;2025-11-13;13;3233.742787395485;20260927_1334_g103
17;2025-11-13;14;3285.7229005003283;20260927_1334_g103
17;2025-11-13;15;3376.355151593293;20260927_1334_g103
17;2025-11-13;16;3795.118430664775;20260927_1334_g103
17;2025-11-13;17;4646.788481141473;20260927_1334_g103
17;2025-11-13;18;4992.210383481873;20260927_1334_g103
17;2025-11-13;19;3545.598828675009;20260927_1334_g103
17;2025-11-13;20;2482.5209405984674;20260927_1334_g103
17;2025-11-13;21;1515.3685292618009;20260927_1334_g103
17;2025-11-13;22;759.8226985573936;20260927_1334_g103
17;2025-11-13;23;388.0506841369705;20260927_1334_g103
17;2025-11-14;0;158.03796392941652;20260927_1334_g103
17;2025-11-14;1;16.275802516886092;20260927_1334_g103
17;2025-11-14;2;0.0;20260927_1334_g103
17;2025-11-14;3;0.0;20260927_1334_g103
17;2025-11-14;4;25.289031877020395;20260927_1334_g103
17;2025-11-14;5;326.535425438743;20260927_1334_g103
17;2025-11-14;6;1620.5342324844435;20260927_1334_g103
17;2025-11-14;7;4422.454571605139;20260927_1334_g103
17;2025-11-14;8;5567.517439275048;20260927_1334_g103
17;2025-11-14;9;4058.3348171763155;20260927_1334_g103
17;2025-11-14;10;3240.745576456221;20260927_1334_g103
17;2025-11-14;11;3249.1503940500515;20260927_1334_g103
17;2025-11-14;12;3321.5341744897705;20260927_1334_g103
17;2025-11-14;13;3399.345680742529;20260927_1334_g103
17;2025-11-14;14;3491.2290537221716;20260927_1334_g103
17;2025-11-14;15;3739.4700689132887;20260927_1334_g103
17;2025-11-14;16;4440.365835209777;20260927_1334_g103
17;2025-11-14;17;4946.378070066361;20260927_1334_g103
17;2025-11-14;18;4695.856357396965;20260927_1334_g103
17;2025-11-14;19;3498.671022973583;20260927_1334_g103
17;2025-11-14;20;2512.2502027240794;20260927_1334_g103
17;2025-11-14;21;1718.429901898229;20260927_1334_g103
17;2025-11-14;22;866.1466613967641;20260927_1334_g103
17;2025-11-14;23;491.5999472724555;20260927_1334_g103
17;2025-11-15;0;222.41191680802345;20260927_1334_g103
17;2025-11-15;1;27.787248678643877;20260927_1334_g103
17;2025-11-15;2;0.0;20260927_1334_g103
17;2025-11-15;3;0.0;20260927_1334_g103
17;2025-11-15;4;5.913581093729768;20260927_1334_g103
17;2025-11-15;5;143.49908961684048;20260927_1334_g103
17;2025-11-15;6;618.2248743390381;20260927_1334_g103
17;2025-11-15;7;1365.9926434856063;20260927_1334_g103
17;2025-11-15;8;1963.7191970414985;20260927_1334_g103
17;2025-11-15;9;2485.9814986341744;20260927_1334_g103
17;2025-11-15;10;2711.3120872846916;20260927_1334_g103
17;2025-11-15;11;3133.2214967782525;20260927_1334_g103
17;2025-11-15;12;3435.7217506029256;20260927_1334_g103
17;2025-11-15;13;3621.881356398436;20260927_1334_g103
17;2025-11-15;14;3608.5790670446963;20260927_1334_g103
17;2025-11-15;15;3677.0786429151894;20260927_1334_g103
17;2025-11-15;16;3719.5795739964365;20260927_1334_g103
17;2025-11-15;17;3474.4837825489467;20260927_1334_g103
17;2025-11-15;18;3095.9550870575226;20260927_1334_g103
17;2025-11-15;19;2541.5127794691084;20260927_1334_g103
17;2025-11-15;20;2031.281156417229;20260927_1334_g103
17;2025-11-15;21;1470.2415288212746;20260927_1334_g103
17;2025-11-15;22;893.0067865028492;20260927_1334_g103
17;2025-11-15;23;467.41012859114005;20260927_1334_g103
17;2025-11-16;0;186.88461562053672;20260927_1334_g103
17;2025-11-16;1;23.46579386339883;20260927_1334_g103
17;2025-11-16;2;0.0;20260927_1334_g103
17;2025-11-16;3;0.0;20260927_1334_g103
17;2025-11-16;4;3.202795856770296;20260927_1334_g103
17;2025-11-16;5;109.46216473151972;20260927_1334_g103
17;2025-11-16;6;431.3841235518668;20260927_1334_g103
17;2025-11-16;7;848.2834518635319;20260927_1334_g103
17;2025-11-16;8;1265.3143723954975;20260927_1334_g103
17;2025-11-16;9;1764.2204918038399;20260927_1334_g103
17;2025-11-16;10;2082.8221230528193;20260927_1334_g103
17;2025-11-16;11;2578.3474684972166;20260927_1334_g103
17;2025-11-16;12;2974.1973873551087;20260927_1334_g103
17;2025-11-16;13;3187.5636009162713;20260927_1334_g103
17;2025-11-16;14;3301.0833108814186;20260927_1334_g103
17;2025-11-16;15;3253.192400749123;20260927_1334_g103
17;2025-11-16;16;3124.6068923498988;20260927_1334_g103
17;2025-11-16;17;3016.2387267351155;20260927_1334_g103
17;2025-11-16;18;2673.2277511874818;20260927_1334_g103
17;2025-11-16;19;2154.4708016865266;20260927_1334_g103
17;2025-11-16;20;1626.398888753767;20260927_1334_g103
17;2025-11-16;21;1174.7871405875724;20260927_1334_g103
17;2025-11-16;22;713.9762123638493;20260927_1334_g103
17;2025-11-16;23;319.95349946970686;20260927_1334_g103
17;2025-11-17;0;124.5826952490766;20260927_1334_g103
17;2025-11-17;1;11.63841363462888;20260927_1334_g103
17;2025-11-17;2;0.0;20260927_1334_g103
17;2025-11-17;3;0.0;20260927_1334_g103
17;2025-11-17;4;25.914267689470723;20260927_1334_g103
17;2025-11-17;5;312.87149066352066;20260927_1334_g103
17;2025-11-17;6;1560.9795022167978;20260927_1334_g103
17;2025-11-17;7;4284.173606627581;20260927_1334_g103
17;2025-11-17;8;5503.688120194411;20260927_1334_g103
17;2025-11-17;9;3975.2336149010525;20260927_1334_g103
17;2025-11-17;10;3163.552000577555;20260927_1334_g103
17;2025-11-17;11;3081.894422366106;20260927_1334_g103
17;2025-11-17;12;3126.592301829906;20260927_1334_g103
17;2025-11-17;13;3192.4348689325975;20260927_1334_g103
17;2025-11-17;14;3210.5882097660337;20260927_1334_g103
17;2025-11-17;15;3332.139642682687;20260927_1334_g103
17;2025-11-17;16;3750.0623192463036;20260927_1334_g103
17;2025-11-17;17;4629.206022197553;20260927_1334_g103
17;2025-11-17;18;4955.706004683337;20260927_1334_g103
17;2025-11-17;19;3488.36394061018;20260927_1334_g103
17;2025-11-17;20;2432.863594731622;20260927_1334_g103
17;2025-11-17;21;1487.454412828525;20260927_1334_g103
17;2025-11-17;22;744.9937621545096;20260927_1334_g103
17;2025-11-17;23;370.0351554322784;20260927_1334_g103
17;2025-11-18;0;123.18005827177856;20260927_1334_g103
17;2025-11-18;1;10.771215942260907;20260927_1334_g103
17;2025-11-18;2;0.0;20260927_1334_g103
17;2025-11-18;3;0.0;20260927_1334_g103
17;2025-11-18;4;25.388233518894506;20260927_1334_g103
17;2025-11-18;5;322.74226270326056;20260927_1334_g103
17;2025-11-18;6;1568.6164412428684;20260927_1334_g103
17;2025-11-18;7;4280.043638478577;20260927_1334_g103
17;2025-11-18;8;5514.867890480729;20260927_1334_g103
17;2025-11-18;9;3981.7214005834235;20260927_1334_g103
17;2025-11-18;10;3160.316404852934;20260927_1334_g103
17;2025-11-18;11;3086.1561204104955;20260927_1334_g103
17;2025-11-18;12;3135.4933141786673;20260927_1334_g103
17;2025-11-18;13;3179.19018401381;20260927_1334_g103
17;2025-11-18;14;3264.55753066165;20260927_1334_g103
17;2025-11-18;15;3365.603102542761;20260927_1334_g103
17;2025-11-18;16;3751.263989279338;20260927_1334_g103
17;2025-11-18;17;4635.150507470593;20260927_1334_g103
17;2025-11-18;18;4978.0615208338495;20260927_1334_g103
17;2025-11-18;19;3525.4474432577663;20260927_1334_g103
17;2025-11-18;20;2446.985466081931;20260927_1334_g103
17;2025-11-18;21;1502.0668312135056;20260927_1334_g103
17;2025-11-18;22;751.163590439858;20260927_1334_g103
17;2025-11-18;23;376.0073549322889;20260927_1334_g103
17;2025-11-19;0;125.27040743451666;20260927_1334_g103
17;2025-11-19;1;11.100714011709568;20260927_1334_g103
17;2025-11-19;2;0.0;20260927_1334_g103
17;2025-11-19;3;0.0;20260927_1334_g103
17;2025-11-19;4;26.03092418507596;20260927_1334_g103
17;2025-11-19;5;314.08848854698374;20260927_1334_g103
17;2025-11-19;6;1562.6278905809704;20260927_1334_g103
17;2025-11-19;7;4267.36731119923;20260927_1334_g103
17;2025-11-19;8;5505.702884421416;20260927_1334_g103
17;2025-11-19;9;3972.798989156406;20260927_1334_g103
17;2025-11-19;10;3200.1698359133156;20260927_1334_g103
17;2025-11-19;11;3130.2915659273285;20260927_1334_g103
17;2025-11-19;12;3193.1077837610433;20260927_1334_g103
17;2025-11-19;13;3221.6492481070422;20260927_1334_g103
17;2025-11-19;14;3334.931866077957;20260927_1334_g103
17;2025-11-19;15;3400.3338819337255;20260927_1334_g103
17;2025-11-19;16;3778.1649600107094;20260927_1334_g103
17;2025-11-19;17;4624.602200240575;20260927_1334_g103
17;2025-11-19;18;4961.795591878225;20260927_1334_g103
17;2025-11-19;19;3525.3321979408847;20260927_1334_g103
17;2025-11-19;20;2446.003201063163;20260927_1334_g103
17;2025-11-19;21;1499.1783175165376;20260927_1334_g103
17;2025-11-19;22;754.5138463226742;20260927_1334_g103
17;2025-11-19;23;380.4389213003898;20260927_1334_g103
17;2025-11-20;0;127.81059386436509;20260927_1334_g103
17;2025-11-20;1;11.237859937277156;20260927_1334_g103
17;2025-11-20;2;0.0;20260927_1334_g103
17;2025-11-20;3;0.0;20260927_1334_g103
17;2025-11-20;4;26.28107331711874;20260927_1334_g103
17;2025-11-20;5;317.71807013052296;20260927_1334_g103
17;2025-11-20;6;1388.8477035238038;20260927_1334_g103
17;2025-11-20;7;3737.955871307221;20260927_1334_g103
17;2025-11-20;8;4815.399911081143;20260927_1334_g103
17;2025-11-20;9;3508.8154183934444;20260927_1334_g103
17;2025-11-20;10;3183.7603658075163;20260927_1334_g103
17;2025-11-20;11;3147.3070362648355;20260927_1334_g103
17;2025-11-20;12;3191.261746502224;20260927_1334_g103
17;2025-11-20;13;3225.5175432217707;20260927_1334_g103
17;2025-11-20;14;3281.5993976621066;20260927_1334_g103
17;2025-11-20;15;3367.621221826338;20260927_1334_g103
17;2025-11-20;16;3788.4161162357987;20260927_1334_g103
17;2025-11-20;17;4642.463889338072;20260927_1334_g103
17;2025-11-20;18;4988.572816645353;20260927_1334_g103
17;2025-11-20;19;3542.698522461868;20260927_1334_g103
17;2025-11-20;20;2481.2508219977003;20260927_1334_g103
17;2025-11-20;21;1515.5276591444328;20260927_1334_g103
17;2025-11-20;22;759.7512333759826;20260927_1334_g103
17;2025-11-20;23;388.0506841369705;20260927_1334_g103
17;2025-11-21;0;158.03796392941652;20260927_1334_g103
17;2025-11-21;1;16.275802516886092;20260927_1334_g103
17;2025-11-21;2;0.0;20260927_1334_g103
17;2025-11-21;3;0.0;20260927_1334_g103
17;2025-11-21;4;25.289031877020395;20260927_1334_g103
17;2025-11-21;5;326.535425438743;20260927_1334_g103
17;2025-11-21;6;1620.6346543629816;20260927_1334_g103
17;2025-11-21;7;4422.454571605139;20260927_1334_g103
17;2025-11-21;8;5567.517439275048;20260927_1334_g103
17;2025-11-21;9;4058.085114468644;20260927_1334_g103
17;2025-11-21;10;3236.135927006183;20260927_1334_g103
17;2025-11-21;11;3245.586386663355;20260927_1334_g103
17;2025-11-21;12;3321.5341744897705;20260927_1334_g103
17;2025-11-21;13;3399.519570802992;20260927_1334_g103
17;2025-11-21;14;3491.0808319937114;20260927_1334_g103
17;2025-11-21;15;3739.139795088264;20260927_1334_g103
17;2025-11-21;16;4435.6122818928425;20260927_1334_g103
17;2025-11-21;17;4946.574426909899;20260927_1334_g103
17;2025-11-21;18;4696.996152669608;20260927_1334_g103
17;2025-11-21;19;3497.1069382415076;20260927_1334_g103
17;2025-11-21;20;2512.2502027240794;20260927_1334_g103
17;2025-11-21;21;1718.429901898229;20260927_1334_g103
17;2025-11-21;22;748.7816850134491;20260927_1334_g103
17;2025-11-21;23;441.2398755241032;20260927_1334_g103
17;2025-11-22;0;229.45571900167735;20260927_1334_g103
17;2025-11-22;1;28.331064212167913;20260927_1334_g103
17;2025-11-22;2;0.0;20260927_1334_g103
17;2025-11-22;3;0.0;20260927_1334_g103
17;2025-11-22;4;5.852952411857634;20260927_1334_g103
17;2025-11-22;5;145.46250495001252;20260927_1334_g103
17;2025-11-22;6;635.2054198321615;20260927_1334_g103
17;2025-11-22;7;1389.1017418522915;20260927_1334_g103
17;2025-11-22;8;1985.638860088947;20260927_1334_g103
17;2025-11-22;9;2486.4780087884756;20260927_1334_g103
17;2025-11-22;10;2711.4370650514857;20260927_1334_g103
17;2025-11-22;11;3131.305380436049;20260927_1334_g103
17;2025-11-22;12;3442.308014916582;20260927_1334_g103
17;2025-11-22;13;3617.171852688676;20260927_1334_g103
17;2025-11-22;14;3584.797753525943;20260927_1334_g103
17;2025-11-22;15;3695.026828617064;20260927_1334_g103
17;2025-11-22;16;3739.6196862602246;20260927_1334_g103
17;2025-11-22;17;3489.311465210673;20260927_1334_g103
17;2025-11-22;18;3146.0111817151364;20260927_1334_g103
17;2025-11-22;19;2581.0203575193277;20260927_1334_g103
17;2025-11-22;20;2084.7392978024245;20260927_1334_g103
17;2025-11-22;21;1515.5609046459024;20260927_1334_g103
17;2025-11-22;22;932.3561464173276;20260927_1334_g103
17;2025-11-22;23;479.5862187643463;20260927_1334_g103
17;2025-11-23;0;190.37995162579554;20260927_1334_g103
17;2025-11-23;1;23.934758757607487;20260927_1334_g103
17;2025-11-23;2;0.0;20260927_1334_g103
17;2025-11-23;3;0.0;20260927_1334_g103
17;2025-11-23;4;3.127244243301999;20260927_1334_g103
17;2025-11-23;5;111.08388430019507;20260927_1334_g103
17;2025-11-23;6;438.3191033367228;20260927_1334_g103
17;2025-11-23;7;858.7559785678377;20260927_1334_g103
17;2025-11-23;8;1277.0230357499245;20260927_1334_g103
17;2025-11-23;9;1772.257202227513;20260927_1334_g103
17;2025-11-23;10;2083.6867301134375;20260927_1334_g103
17;2025-11-23;11;2589.836884090844;20260927_1334_g103
17;2025-11-23;12;2980.038381134698;20260927_1334_g103
17;2025-11-23;13;3206.7022134146096;20260927_1334_g103
17;2025-11-23;14;3332.3920246919765;20260927_1334_g103
17;2025-11-23;15;3285.900015591869;20260927_1334_g103
17;2025-11-23;16;3155.1823481497954;20260927_1334_g103
17;2025-11-23;17;3048.975381209252;20260927_1334_g103
17;2025-11-23;18;2720.8380764189005;20260927_1334_g103
17;2025-11-23;19;2194.5970474852643;20260927_1334_g103
17;2025-11-23;20;1667.2662438875366;20260927_1334_g103
17;2025-11-23;21;1200.7185279692437;20260927_1334_g103
17;2025-11-23;22;736.5062991410344;20260927_1334_g103
17;2025-11-23;23;328.433339316923;20260927_1334_g103
17;2025-11-24;0;126.07697575843748;20260927_1334_g103
17;2025-11-24;1;11.246189942787865;20260927_1334_g103
17;2025-11-24;2;0.0;20260927_1334_g103
17;2025-11-24;3;0.0;20260927_1334_g103
17;2025-11-24;4;26.026979137901886;20260927_1334_g103
17;2025-11-24;5;318.86084558027653;20260927_1334_g103
17;2025-11-24;6;1578.283668292916;20260927_1334_g103
17;2025-11-24;7;4311.426767338745;20260927_1334_g103
17;2025-11-24;8;5535.134134986835;20260927_1334_g103
17;2025-11-24;9;3965.6945088356974;20260927_1334_g103
17;2025-11-24;10;3125.4499580915185;20260927_1334_g103
17;2025-11-24;11;3042.0448693836984;20260927_1334_g103
17;2025-11-24;12;3100.887576902261;20260927_1334_g103
17;2025-11-24;13;3145.8432661450906;20260927_1334_g103
17;2025-11-24;14;3197.4686977898514;20260927_1334_g103
17;2025-11-24;15;3329.1653311115365;20260927_1334_g103
17;2025-11-24;16;3746.369650872818;20260927_1334_g103
17;2025-11-24;17;4633.082806091611;20260927_1334_g103
17;2025-11-24;18;5003.208918297471;20260927_1334_g103
17;2025-11-24;19;3541.3245053168034;20260927_1334_g103
17;2025-11-24;20;2462.792924008545;20260927_1334_g103
17;2025-11-24;21;1513.635303816659;20260927_1334_g103
17;2025-11-24;22;766.1331472049284;20260927_1334_g103
17;2025-11-24;23;378.802431498856;20260927_1334_g103
17;2025-11-25;0;125.60943009933813;20260927_1334_g103
17;2025-11-25;1;10.957124045331877;20260927_1334_g103
17;2025-11-25;2;0.0;20260927_1334_g103
17;2025-11-25;3;0.0;20260927_1334_g103
17;2025-11-25;4;25.851634414376477;20260927_1334_g103
17;2025-11-25;5;322.15110292685654;20260927_1334_g103
17;2025-11-25;6;1580.82931463494;20260927_1334_g103
17;2025-11-25;7;4310.050111289077;20260927_1334_g103
17;2025-11-25;8;5538.860725082274;20260927_1334_g103
17;2025-11-25;9;3967.8571040631546;20260927_1334_g103
17;2025-11-25;10;3124.3714261833115;20260927_1334_g103
17;2025-11-25;11;3043.465435398495;20260927_1334_g103
17;2025-11-25;12;3103.8545810185146;20260927_1334_g103
17;2025-11-25;13;3141.4283711721614;20260927_1334_g103
17;2025-11-25;14;3215.4584714217244;20260927_1334_g103
17;2025-11-25;15;3340.319817731561;20260927_1334_g103
17;2025-11-25;16;3746.7702075504967;20260927_1334_g103
17;2025-11-25;17;4635.064301182625;20260927_1334_g103
17;2025-11-25;18;5010.66075701431;20260927_1334_g103
17;2025-11-25;19;3553.685672865999;20260927_1334_g103
17;2025-11-25;20;2467.500214458648;20260927_1334_g103
17;2025-11-25;21;1518.5061099449863;20260927_1334_g103
17;2025-11-25;22;768.1897566333778;20260927_1334_g103
17;2025-11-25;23;380.79316466552615;20260927_1334_g103
17;2025-11-26;0;126.30621315358417;20260927_1334_g103
17;2025-11-26;1;11.066956735148095;20260927_1334_g103
17;2025-11-26;2;0.0;20260927_1334_g103
17;2025-11-26;3;0.0;20260927_1334_g103
17;2025-11-26;4;26.06586463643696;20260927_1334_g103
17;2025-11-26;5;319.266511541431;20260927_1334_g103
17;2025-11-26;6;1578.833131080974;20260927_1334_g103
17;2025-11-26;7;4305.824668862628;20260927_1334_g103
17;2025-11-26;8;5535.805723062504;20260927_1334_g103
17;2025-11-26;9;3964.882966920815;20260927_1334_g103
17;2025-11-26;10;3137.655903203439;20260927_1334_g103
17;2025-11-26;11;3058.1772505707722;20260927_1334_g103
17;2025-11-26;12;3123.0594042126404;20260927_1334_g103
17;2025-11-26;13;3155.5813925365724;20260927_1334_g103
17;2025-11-26;14;3238.916583227159;20260927_1334_g103
17;2025-11-26;15;3351.8967441952163;20260927_1334_g103
17;2025-11-26;16;3755.737197794287;20260927_1334_g103
17;2025-11-26;17;4631.548198772619;20260927_1334_g103
17;2025-11-26;18;5005.238780695768;20260927_1334_g103
17;2025-11-26;19;3553.6472577603713;20260927_1334_g103
17;2025-11-26;20;2467.172792785725;20260927_1334_g103
17;2025-11-26;21;1517.5432720459967;20260927_1334_g103
17;2025-11-26;22;769.3065085943166;20260927_1334_g103
17;2025-11-26;23;382.27035345489315;20260927_1334_g103
17;2025-11-27;0;127.15294196353362;20260927_1334_g103
17;2025-11-27;1;11.112672043670623;20260927_1334_g103
17;2025-11-27;2;0.0;20260927_1334_g103
17;2025-11-27;3;0.0;20260927_1334_g103
17;2025-11-27;4;26.149247680451225;20260927_1334_g103
17;2025-11-27;5;320.4763720692773;20260927_1334_g103
17;2025-11-27;6;1580.14001819447;20260927_1334_g103
17;2025-11-27;7;4311.448718743614;20260927_1334_g103
17;2025-11-27;8;5538.229732497792;20260927_1334_g103
17;2025-11-27;9;3970.6072912757268;20260927_1334_g103
17;2025-11-27;10;3134.763576033838;20260927_1334_g103
17;2025-11-27;11;3066.0556116221132;20260927_1334_g103
17;2025-11-27;12;3125.7915202962977;20260927_1334_g103
17;2025-11-27;13;3159.6125722993866;20260927_1334_g103
17;2025-11-27;14;3222.5135947012836;20260927_1334_g103
17;2025-11-27;15;3343.9038340817383;20260927_1334_g103
17;2025-11-27;16;3761.3883546789752;20260927_1334_g103
17;2025-11-27;17;4638.943625739585;20260927_1334_g103
17;2025-11-27;18;5015.37704456365;20260927_1334_g103
17;2025-11-27;19;3560.402801338413;20260927_1334_g103
17;2025-11-27;20;2479.3453726308267;20260927_1334_g103
17;2025-11-27;21;1522.940009294418;20260927_1334_g103
17;2025-11-27;22;771.0761260058897;20260927_1334_g103
17;2025-11-27;23;384.80760773375334;20260927_1334_g103
17;2025-11-28;0;161.689533273703;20260927_1334_g103
17;2025-11-28;1;15.520927512746656;20260927_1334_g103
17;2025-11-28;2;0.0;20260927_1334_g103
17;2025-11-28;3;0.0;20260927_1334_g103
17;2025-11-28;4;25.85428528643982;20260927_1334_g103
17;2025-11-28;5;333.82544174159466;20260927_1334_g103
17;2025-11-28;6;1650.263112678419;20260927_1334_g103
17;2025-11-28;7;4482.706491431246;20260927_1334_g103
17;2025-11-28;8;5626.870897888579;20260927_1334_g103
17;2025-11-28;9;4057.80658332174;20260927_1334_g103
17;2025-11-28;10;3226.9356113974554;20260927_1334_g103
17;2025-11-28;11;2730.4440512601313;20260927_1334_g103
17;2025-11-28;12;2793.6172555720314;20260927_1334_g103
17;2025-11-28;13;2862.6717526582675;20260927_1334_g103
17;2025-11-28;14;2943.5583564389262;20260927_1334_g103
17;2025-11-28;15;3751.6550011150252;20260927_1334_g103
17;2025-11-28;16;4462.214342349217;20260927_1334_g103
17;2025-11-28;17;4974.6499898080365;20260927_1334_g103
17;2025-11-28;18;4758.084425624597;20260927_1334_g103
17;2025-11-28;19;3559.2995294854195;20260927_1334_g103
17;2025-11-28;20;2549.9597842832422;20260927_1334_g103
17;2025-11-28;21;1757.4444517727034;20260927_1334_g103
17;2025-11-28;22;898.3114507523857;20260927_1334_g103
17;2025-11-28;23;502.9393383150087;20260927_1334_g103
17;2025-11-29;0;229.45571900167735;20260927_1334_g103
17;2025-11-29;1;28.331064212167913;20260927_1334_g103
17;2025-11-29;2;0.0;20260927_1334_g103
17;2025-11-29;3;0.0;20260927_1334_g103
17;2025-11-29;4;5.852952411857634;20260927_1334_g103
17;2025-11-29;5;145.46250495001252;20260927_1334_g103
17;2025-11-29;6;635.2054198321615;20260927_1334_g103
17;2025-11-29;7;1389.1017418522915;20260927_1334_g103
17;2025-11-29;8;1985.638860088947;20260927_1334_g103
17;2025-11-29;9;2486.4780087884756;20260927_1334_g103
17;2025-11-29;10;2711.4370650514857;20260927_1334_g103
17;2025-11-29;11;3131.305380436049;20260927_1334_g103
17;2025-11-29;12;3442.308014916582;20260927_1334_g103
17;2025-11-29;13;3617.171852688676;20260927_1334_g103
17;2025-11-29;14;3584.797753525943;20260927_1334_g103
17;2025-11-29;15;3695.026828617064;20260927_1334_g103
17;2025-11-29;16;3739.6196862602246;20260927_1334_g103
17;2025-11-29;17;3489.311465210673;20260927_1334_g103
17;2025-11-29;18;3146.0111817151364;20260927_1334_g103
17;2025-11-29;19;2581.0203575193277;20260927_1334_g103
17;2025-11-29;20;2084.7392978024245;20260927_1334_g103
17;2025-11-29;21;1515.5609046459024;20260927_1334_g103
17;2025-11-29;22;932.3561464173276;20260927_1334_g103
17;2025-11-29;23;479.5862187643463;20260927_1334_g103
17;2025-11-30;0;190.37995162579554;20260927_1334_g103
17;2025-11-30;1;23.934758757607487;20260927_1334_g103
17;2025-11-30;2;0.0;20260927_1334_g103
17;2025-11-30;3;0.0;20260927_1334_g103
17;2025-11-30;4;3.127244243301999;20260927_1334_g103
17;2025-11-30;5;111.08388430019507;20260927_1334_g103
17;2025-11-30;6;438.3191033367228;20260927_1334_g103
17;2025-11-30;7;858.7559785678377;20260927_1334_g103
17;2025-11-30;8;1277.0230357499245;20260927_1334_g103
17;2025-11-30;9;1772.257202227513;20260927_1334_g103
17;2025-11-30;10;2083.6867301134375;20260927_1334_g103
17;2025-11-30;11;2589.836884090844;20260927_1334_g103
17;2025-11-30;12;2980.038381134698;20260927_1334_g103
17;2025-11-30;13;3206.7022134146096;20260927_1334_g103
17;2025-11-30;14;3332.3920246919765;20260927_1334_g103
17;2025-11-30;15;3285.900015591869;20260927_1334_g103
17;2025-11-30;16;3155.1823481497954;20260927_1334_g103
17;2025-11-30;17;3048.975381209252;20260927_1334_g103
17;2025-11-30;18;2720.8380764189005;20260927_1334_g103
17;2025-11-30;19;2194.5970474852643;20260927_1334_g103
17;2025-11-30;20;1667.2662438875366;20260927_1334_g103
17;2025-11-30;21;1200.7185279692437;20260927_1334_g103
17;2025-11-30;22;736.5062991410344;20260927_1334_g103
17;2025-11-30;23;328.433339316923;20260927_1334_g103
17;2025-12-01;0;123.55543624326872;20260927_1334_g103
17;2025-12-01;1;11.02126614393211;20260927_1334_g103
17;2025-12-01;2;0.0;20260927_1334_g103
17;2025-12-01;3;0.0;20260927_1334_g103
17;2025-12-01;4;25.506439555143846;20260927_1334_g103
17;2025-12-01;5;312.48362866867103;20260927_1334_g103
17;2025-12-01;6;1546.7179949270578;20260927_1334_g103
17;2025-12-01;7;4225.19823199197;20260927_1334_g103
17;2025-12-01;8;5424.431452287098;20260927_1334_g103
17;2025-12-01;9;3886.3806186589836;20260927_1334_g103
17;2025-12-01;10;3062.940958929688;20260927_1334_g103
17;2025-12-01;11;2981.2039719960244;20260927_1334_g103
17;2025-12-01;12;3038.8698253642156;20260927_1334_g103
17;2025-12-01;13;3082.9264008221894;20260927_1334_g103
17;2025-12-01;14;3133.519323834055;20260927_1334_g103
17;2025-12-01;15;3262.5820244893057;20260927_1334_g103
17;2025-12-01;16;3671.4422578553617;20260927_1334_g103
17;2025-12-01;17;4540.4211499697785;20260927_1334_g103
17;2025-12-01;18;4903.144739931522;20260927_1334_g103
17;2025-12-01;19;3470.4980152104677;20260927_1334_g103
17;2025-12-01;20;2413.5370655283737;20260927_1334_g103
17;2025-12-01;21;1483.3625977403258;20260927_1334_g103
17;2025-12-01;22;750.8104842608298;20260927_1334_g103
17;2025-12-01;23;371.2263828688789;20260927_1334_g103
17;2025-12-02;0;123.09724149735135;20260927_1334_g103
17;2025-12-02;1;10.737981564425239;20260927_1334_g103
17;2025-12-02;2;0.0;20260927_1334_g103
17;2025-12-02;3;0.0;20260927_1334_g103
17;2025-12-02;4;25.33460172608895;20260927_1334_g103
17;2025-12-02;5;315.7080808683195;20260927_1334_g103
17;2025-12-02;6;1549.2127283422412;20260927_1334_g103
17;2025-12-02;7;4223.849109063295;20260927_1334_g103
17;2025-12-02;8;5428.083510580629;20260927_1334_g103
17;2025-12-02;9;3888.4999619818914;20260927_1334_g103
17;2025-12-02;10;3061.883997659645;20260927_1334_g103
17;2025-12-02;11;2982.5961266905247;20260927_1334_g103
17;2025-12-02;12;3041.7774893981446;20260927_1334_g103
17;2025-12-02;13;3078.5998037487184;20260927_1334_g103
17;2025-12-02;14;3151.1493019932896;20260927_1334_g103
17;2025-12-02;15;3273.5134213769297;20260927_1334_g103
17;2025-12-02;16;3671.8348033994866;20260927_1334_g103
17;2025-12-02;17;4542.363015158972;20260927_1334_g103
17;2025-12-02;18;4910.447541874023;20260927_1334_g103
17;2025-12-02;19;3482.611959408679;20260927_1334_g103
17;2025-12-02;20;2418.1502101694755;20260927_1334_g103
17;2025-12-02;21;1488.1359877460861;20260927_1334_g103
17;2025-12-02;22;752.8259615007103;20260927_1334_g103
17;2025-12-02;23;373.17730137221554;20260927_1334_g103
17;2025-12-03;0;123.78008889051246;20260927_1334_g103
17;2025-12-03;1;10.845617600445133;20260927_1334_g103
17;2025-12-03;2;0.0;20260927_1334_g103
17;2025-12-03;3;0.0;20260927_1334_g103
17;2025-12-03;4;25.54454734370822;20260927_1334_g103
17;2025-12-03;5;312.8811813106024;20260927_1334_g103
17;2025-12-03;6;1547.2564684593544;20260927_1334_g103
17;2025-12-03;7;4219.708175485376;20260927_1334_g103
17;2025-12-03;8;5425.0896086012535;20260927_1334_g103
17;2025-12-03;9;3885.585307582399;20260927_1334_g103
17;2025-12-03;10;3074.90278513937;20260927_1334_g103
17;2025-12-03;11;2997.013705559357;20260927_1334_g103
17;2025-12-03;12;3060.5982161283873;20260927_1334_g103
17;2025-12-03;13;3092.469764685841;20260927_1334_g103
17;2025-12-03;14;3174.138251562616;20260927_1334_g103
17;2025-12-03;15;3284.8588093113117;20260927_1334_g103
17;2025-12-03;16;3680.622453838401;20260927_1334_g103
17;2025-12-03;17;4538.917234797166;20260927_1334_g103
17;2025-12-03;18;4905.134005081853;20260927_1334_g103
17;2025-12-03;19;3482.574312605164;20260927_1334_g103
17;2025-12-03;20;2417.8293369300104;20260927_1334_g103
17;2025-12-03;21;1487.1924066050767;20260927_1334_g103
17;2025-12-03;22;753.9203784224303;20260927_1334_g103
17;2025-12-03;23;374.6249463857953;20260927_1334_g103
17;2025-12-04;0;124.60988312426296;20260927_1334_g103
17;2025-12-04;1;10.890418602797212;20260927_1334_g103
17;2025-12-04;2;0.0;20260927_1334_g103
17;2025-12-04;3;0.0;20260927_1334_g103
17;2025-12-04;4;25.626262726842196;20260927_1334_g103
17;2025-12-04;5;314.0668446278918;20260927_1334_g103
17;2025-12-04;6;1548.5372178305806;20260927_1334_g103
17;2025-12-04;7;4225.219744368742;20260927_1334_g103
17;2025-12-04;8;5427.465137847836;20260927_1334_g103
17;2025-12-04;9;3891.1951454502123;20260927_1334_g103
17;2025-12-04;10;3072.068304513161;20260927_1334_g103
17;2025-12-04;11;3004.734499389671;20260927_1334_g103
17;2025-12-04;12;3063.2756898903717;20260927_1334_g103
17;2025-12-04;13;3096.4203208533986;20260927_1334_g103
17;2025-12-04;14;3158.0633228072575;20260927_1334_g103
17;2025-12-04;15;3277.0257574001034;20260927_1334_g103
17;2025-12-04;16;3686.1605875853957;20260927_1334_g103
17;2025-12-04;17;4546.164753224793;20260927_1334_g103
17;2025-12-04;18;4915.069503672377;20260927_1334_g103
17;2025-12-04;19;3489.194745311645;20260927_1334_g103
17;2025-12-04;20;2429.7584651782104;20260927_1334_g103
17;2025-12-04;21;1492.4812091085298;20260927_1334_g103
17;2025-12-04;22;755.654603485772;20260927_1334_g103
17;2025-12-04;23;377.1114555790783;20260927_1334_g103
17;2025-12-05;0;158.45574260822895;20260927_1334_g103
17;2025-12-05;1;15.210508962491724;20260927_1334_g103
17;2025-12-05;2;0.0;20260927_1334_g103
17;2025-12-05;3;0.0;20260927_1334_g103
17;2025-12-05;4;25.337199580711022;20260927_1334_g103
17;2025-12-05;5;327.14893290676275;20260927_1334_g103
17;2025-12-05;6;1616.8918287371723;20260927_1334_g103
17;2025-12-05;7;4386.739682224088;20260927_1334_g103
17;2025-12-05;8;5515.828209460705;20260927_1334_g103
17;2025-12-05;9;3979.7796246684043;20260927_1334_g103
17;2025-12-05;10;3164.9077429162026;20260927_1334_g103
17;2025-12-05;11;3166.238246442038;20260927_1334_g103
17;2025-12-05;12;3250.4565350957864;20260927_1334_g103
17;2025-12-05;13;3324.2718333325697;20260927_1334_g103
17;2025-12-05;14;3427.793843614416;20260927_1334_g103
17;2025-12-05;15;3676.6545298210285;20260927_1334_g103
17;2025-12-05;16;4370.223862497737;20260927_1334_g103
17;2025-12-05;17;4876.486461632477;20260927_1334_g103
17;2025-12-05;18;4668.976960806507;20260927_1334_g103
17;2025-12-05;19;3488.7174030985652;20260927_1334_g103
17;2025-12-05;20;2498.956496268794;20260927_1334_g103
17;2025-12-05;21;1722.1969777002562;20260927_1334_g103
17;2025-12-05;22;880.3452217373379;20260927_1334_g103
17;2025-12-05;23;492.8805515487085;20260927_1334_g103
17;2025-12-06;0;224.86660462164383;20260927_1334_g103
17;2025-12-06;1;27.764442927924545;20260927_1334_g103
17;2025-12-06;2;0.0;20260927_1334_g103
17;2025-12-06;3;0.0;20260927_1334_g103
17;2025-12-06;4;5.735893363620481;20260927_1334_g103
17;2025-12-06;5;142.55325485101224;20260927_1334_g103
17;2025-12-06;6;622.5013114355182;20260927_1334_g103
17;2025-12-06;7;1361.3197070152455;20260927_1334_g103
17;2025-12-06;8;1945.9260828871686;20260927_1334_g103
17;2025-12-06;9;2436.748448612705;20260927_1334_g103
17;2025-12-06;10;2657.208323750456;20260927_1334_g103
17;2025-12-06;11;3068.6792728273276;20260927_1334_g103
17;2025-12-06;12;3373.4618546182505;20260927_1334_g103
17;2025-12-06;13;3544.8284156349023;20260927_1334_g103
17;2025-12-06;14;3513.1017984554237;20260927_1334_g103
17;2025-12-06;15;3621.1262920447225;20260927_1334_g103
17;2025-12-06;16;3664.82729253502;20260927_1334_g103
17;2025-12-06;17;3419.5252359064593;20260927_1334_g103
17;2025-12-06;18;3083.090958080834;20260927_1334_g103
17;2025-12-06;19;2529.3999503689415;20260927_1334_g103
17;2025-12-06;20;2043.0445118463758;20260927_1334_g103
17;2025-12-06;21;1485.2496865529845;20260927_1334_g103
17;2025-12-06;22;913.7090234889812;20260927_1334_g103
17;2025-12-06;23;469.99449438905935;20260927_1334_g103
17;2025-12-07;0;186.57235259327967;20260927_1334_g103
17;2025-12-07;1;23.456063582455336;20260927_1334_g103
17;2025-12-07;2;0.0;20260927_1334_g103
17;2025-12-07;3;0.0;20260927_1334_g103
17;2025-12-07;4;3.064699358435959;20260927_1334_g103
17;2025-12-07;5;108.86220661419117;20260927_1334_g103
17;2025-12-07;6;429.5527212699882;20260927_1334_g103
17;2025-12-07;7;841.5808589964809;20260927_1334_g103
17;2025-12-07;8;1251.482575034926;20260927_1334_g103
17;2025-12-07;9;1736.8120581829628;20260927_1334_g103
17;2025-12-07;10;2042.0129955111686;20260927_1334_g103
17;2025-12-07;11;2538.0401464090264;20260927_1334_g103
17;2025-12-07;12;2920.437613512003;20260927_1334_g103
17;2025-12-07;13;3142.5681691463174;20260927_1334_g103
17;2025-12-07;14;3265.7441841981363;20260927_1334_g103
17;2025-12-07;15;3220.1820152800315;20260927_1334_g103
17;2025-12-07;16;3092.078701186799;20260927_1334_g103
17;2025-12-07;17;2987.995873585067;20260927_1334_g103
17;2025-12-07;18;2666.4213148905224;20260927_1334_g103
17;2025-12-07;19;2150.7051065355586;20260927_1334_g103
17;2025-12-07;20;1633.9209190097858;20260927_1334_g103
17;2025-12-07;21;1176.7041574098587;20260927_1334_g103
17;2025-12-07;22;721.7761731582137;20260927_1334_g103
17;2025-12-07;23;321.8646725305846;20260927_1334_g103
17;2025-12-08;0;123.55543624326872;20260927_1334_g103
17;2025-12-08;1;11.02126614393211;20260927_1334_g103
17;2025-12-08;2;0.0;20260927_1334_g103
17;2025-12-08;3;0.0;20260927_1334_g103
17;2025-12-08;4;25.506439555143846;20260927_1334_g103
17;2025-12-08;5;312.48362866867103;20260927_1334_g103
17;2025-12-08;6;1546.7179949270578;20260927_1334_g103
17;2025-12-08;7;4225.19823199197;20260927_1334_g103
17;2025-12-08;8;5424.431452287098;20260927_1334_g103
17;2025-12-08;9;3886.3806186589836;20260927_1334_g103
17;2025-12-08;10;3062.940958929688;20260927_1334_g103
17;2025-12-08;11;2981.2039719960244;20260927_1334_g103
17;2025-12-08;12;3038.8698253642156;20260927_1334_g103
17;2025-12-08;13;3082.9264008221894;20260927_1334_g103
17;2025-12-08;14;3133.519323834055;20260927_1334_g103
17;2025-12-08;15;3262.5820244893057;20260927_1334_g103
17;2025-12-08;16;3671.4422578553617;20260927_1334_g103
17;2025-12-08;17;4540.4211499697785;20260927_1334_g103
17;2025-12-08;18;4903.144739931522;20260927_1334_g103
17;2025-12-08;19;3470.4980152104677;20260927_1334_g103
17;2025-12-08;20;2413.5370655283737;20260927_1334_g103
17;2025-12-08;21;1483.3625977403258;20260927_1334_g103
17;2025-12-08;22;750.8104842608298;20260927_1334_g103
17;2025-12-08;23;371.2263828688789;20260927_1334_g103
17;2025-12-09;0;123.09724149735135;20260927_1334_g103
17;2025-12-09;1;10.737981564425239;20260927_1334_g103
17;2025-12-09;2;0.0;20260927_1334_g103
17;2025-12-09;3;0.0;20260927_1334_g103
17;2025-12-09;4;25.33460172608895;20260927_1334_g103
17;2025-12-09;5;315.7080808683195;20260927_1334_g103
17;2025-12-09;6;1549.2127283422412;20260927_1334_g103
17;2025-12-09;7;4223.849109063295;20260927_1334_g103
17;2025-12-09;8;5428.083510580629;20260927_1334_g103
17;2025-12-09;9;3888.4999619818914;20260927_1334_g103
17;2025-12-09;10;3061.883997659645;20260927_1334_g103
17;2025-12-09;11;2982.5961266905247;20260927_1334_g103
17;2025-12-09;12;3041.7774893981446;20260927_1334_g103
17;2025-12-09;13;3078.5998037487184;20260927_1334_g103
17;2025-12-09;14;3151.1493019932896;20260927_1334_g103
17;2025-12-09;15;3273.5134213769297;20260927_1334_g103
17;2025-12-09;16;3671.8348033994866;20260927_1334_g103
17;2025-12-09;17;4542.363015158972;20260927_1334_g103
17;2025-12-09;18;4910.447541874023;20260927_1334_g103
17;2025-12-09;19;3482.611959408679;20260927_1334_g103
17;2025-12-09;20;2418.1502101694755;20260927_1334_g103
17;2025-12-09;21;1488.1359877460861;20260927_1334_g103
17;2025-12-09;22;752.8259615007103;20260927_1334_g103
17;2025-12-09;23;373.17730137221554;20260927_1334_g103
17;2025-12-10;0;123.78008889051246;20260927_1334_g103
17;2025-12-10;1;10.845617600445133;20260927_1334_g103
17;2025-12-10;2;0.0;20260927_1334_g103
17;2025-12-10;3;0.0;20260927_1334_g103
17;2025-12-10;4;25.54454734370822;20260927_1334_g103
17;2025-12-10;5;312.8811813106024;20260927_1334_g103
17;2025-12-10;6;1547.2564684593544;20260927_1334_g103
17;2025-12-10;7;4219.708175485376;20260927_1334_g103
17;2025-12-10;8;5425.0896086012535;20260927_1334_g103
17;2025-12-10;9;3885.585307582399;20260927_1334_g103
17;2025-12-10;10;3074.90278513937;20260927_1334_g103
17;2025-12-10;11;2997.013705559357;20260927_1334_g103
17;2025-12-10;12;3060.5982161283873;20260927_1334_g103
17;2025-12-10;13;3092.469764685841;20260927_1334_g103
17;2025-12-10;14;3174.138251562616;20260927_1334_g103
17;2025-12-10;15;3284.8588093113117;20260927_1334_g103
17;2025-12-10;16;3680.622453838401;20260927_1334_g103
17;2025-12-10;17;4538.917234797166;20260927_1334_g103
17;2025-12-10;18;4905.134005081853;20260927_1334_g103
17;2025-12-10;19;3482.574312605164;20260927_1334_g103
17;2025-12-10;20;2417.8293369300104;20260927_1334_g103
17;2025-12-10;21;1487.1924066050767;20260927_1334_g103
17;2025-12-10;22;753.9203784224303;20260927_1334_g103
17;2025-12-10;23;374.6249463857953;20260927_1334_g103
17;2025-12-11;0;124.60988312426296;20260927_1334_g103
17;2025-12-11;1;10.890418602797212;20260927_1334_g103
17;2025-12-11;2;0.0;20260927_1334_g103
17;2025-12-11;3;0.0;20260927_1334_g103
17;2025-12-11;4;25.626262726842196;20260927_1334_g103
17;2025-12-11;5;314.0668446278918;20260927_1334_g103
17;2025-12-11;6;1548.5372178305806;20260927_1334_g103
17;2025-12-11;7;4225.219744368742;20260927_1334_g103
17;2025-12-11;8;5427.465137847836;20260927_1334_g103
17;2025-12-11;9;3891.1951454502123;20260927_1334_g103
17;2025-12-11;10;3072.068304513161;20260927_1334_g103
17;2025-12-11;11;3004.734499389671;20260927_1334_g103
17;2025-12-11;12;3063.2756898903717;20260927_1334_g103
17;2025-12-11;13;3096.4203208533986;20260927_1334_g103
17;2025-12-11;14;3158.0633228072575;20260927_1334_g103
17;2025-12-11;15;3277.0257574001034;20260927_1334_g103
17;2025-12-11;16;3686.1605875853957;20260927_1334_g103
17;2025-12-11;17;4546.164753224793;20260927_1334_g103
17;2025-12-11;18;4915.069503672377;20260927_1334_g103
17;2025-12-11;19;3489.194745311645;20260927_1334_g103
17;2025-12-11;20;2429.7584651782104;20260927_1334_g103
17;2025-12-11;21;1492.4812091085298;20260927_1334_g103
17;2025-12-11;22;755.654603485772;20260927_1334_g103
17;2025-12-11;23;377.1114555790783;20260927_1334_g103
17;2025-12-12;0;158.45574260822895;20260927_1334_g103
17;2025-12-12;1;15.210508962491724;20260927_1334_g103
17;2025-12-12;2;0.0;20260927_1334_g103
17;2025-12-12;3;0.0;20260927_1334_g103
17;2025-12-12;4;25.337199580711022;20260927_1334_g103
17;2025-12-12;5;327.14893290676275;20260927_1334_g103
17;2025-12-12;6;1616.8918287371723;20260927_1334_g103
17;2025-12-12;7;4386.739682224088;20260927_1334_g103
17;2025-12-12;8;5515.828209460705;20260927_1334_g103
17;2025-12-12;9;3979.7796246684043;20260927_1334_g103
17;2025-12-12;10;3164.9077429162026;20260927_1334_g103
17;2025-12-12;11;3166.238246442038;20260927_1334_g103
17;2025-12-12;12;3250.4565350957864;20260927_1334_g103
17;2025-12-12;13;3324.2718333325697;20260927_1334_g103
17;2025-12-12;14;3427.793843614416;20260927_1334_g103
17;2025-12-12;15;3676.6545298210285;20260927_1334_g103
17;2025-12-12;16;4370.223862497737;20260927_1334_g103
17;2025-12-12;17;4876.486461632477;20260927_1334_g103
17;2025-12-12;18;4668.976960806507;20260927_1334_g103
17;2025-12-12;19;3488.7174030985652;20260927_1334_g103
17;2025-12-12;20;2498.956496268794;20260927_1334_g103
17;2025-12-12;21;1722.1969777002562;20260927_1334_g103
17;2025-12-12;22;880.3452217373379;20260927_1334_g103
17;2025-12-12;23;492.8805515487085;20260927_1334_g103
17;2025-12-13;0;224.86660462164383;20260927_1334_g103
17;2025-12-13;1;27.764442927924545;20260927_1334_g103
17;2025-12-13;2;0.0;20260927_1334_g103
17;2025-12-13;3;0.0;20260927_1334_g103
17;2025-12-13;4;5.735893363620481;20260927_1334_g103
17;2025-12-13;5;142.55325485101224;20260927_1334_g103
17;2025-12-13;6;622.5013114355182;20260927_1334_g103
17;2025-12-13;7;1361.3197070152455;20260927_1334_g103
17;2025-12-13;8;1945.9260828871686;20260927_1334_g103
17;2025-12-13;9;2436.748448612705;20260927_1334_g103
17;2025-12-13;10;2657.208323750456;20260927_1334_g103
17;2025-12-13;11;3068.6792728273276;20260927_1334_g103
17;2025-12-13;12;3373.4618546182505;20260927_1334_g103
17;2025-12-13;13;3544.8284156349023;20260927_1334_g103
17;2025-12-13;14;3513.1017984554237;20260927_1334_g103
17;2025-12-13;15;3621.1262920447225;20260927_1334_g103
17;2025-12-13;16;3664.82729253502;20260927_1334_g103
17;2025-12-13;17;3419.5252359064593;20260927_1334_g103
17;2025-12-13;18;3083.090958080834;20260927_1334_g103
17;2025-12-13;19;2529.3999503689415;20260927_1334_g103
17;2025-12-13;20;2043.0445118463758;20260927_1334_g103
17;2025-12-13;21;1485.2496865529845;20260927_1334_g103
17;2025-12-13;22;913.7090234889812;20260927_1334_g103
17;2025-12-13;23;469.99449438905935;20260927_1334_g103
17;2025-12-14;0;186.57235259327967;20260927_1334_g103
17;2025-12-14;1;23.456063582455336;20260927_1334_g103
17;2025-12-14;2;0.0;20260927_1334_g103
17;2025-12-14;3;0.0;20260927_1334_g103
17;2025-12-14;4;3.064699358435959;20260927_1334_g103
17;2025-12-14;5;108.86220661419117;20260927_1334_g103
17;2025-12-14;6;429.5527212699882;20260927_1334_g103
17;2025-12-14;7;841.5808589964809;20260927_1334_g103
17;2025-12-14;8;1251.482575034926;20260927_1334_g103
17;2025-12-14;9;1736.8120581829628;20260927_1334_g103
17;2025-12-14;10;2042.0129955111686;20260927_1334_g103
17;2025-12-14;11;2538.0401464090264;20260927_1334_g103
17;2025-12-14;12;2920.437613512003;20260927_1334_g103
17;2025-12-14;13;3142.5681691463174;20260927_1334_g103
17;2025-12-14;14;3265.7441841981363;20260927_1334_g103
17;2025-12-14;15;3220.1820152800315;20260927_1334_g103
17;2025-12-14;16;3092.078701186799;20260927_1334_g103
17;2025-12-14;17;2987.995873585067;20260927_1334_g103
17;2025-12-14;18;2666.4213148905224;20260927_1334_g103
17;2025-12-14;19;2150.7051065355586;20260927_1334_g103
17;2025-12-14;20;1633.9209190097858;20260927_1334_g103
17;2025-12-14;21;1176.7041574098587;20260927_1334_g103
17;2025-12-14;22;721.7761731582137;20260927_1334_g103
17;2025-12-14;23;321.8646725305846;20260927_1334_g103
17;2025-12-15;0;123.55543624326872;20260927_1334_g103
17;2025-12-15;1;11.02126614393211;20260927_1334_g103
17;2025-12-15;2;0.0;20260927_1334_g103
17;2025-12-15;3;0.0;20260927_1334_g103
17;2025-12-15;4;25.506439555143846;20260927_1334_g103
17;2025-12-15;5;312.48362866867103;20260927_1334_g103
17;2025-12-15;6;1546.7179949270578;20260927_1334_g103
17;2025-12-15;7;4225.19823199197;20260927_1334_g103
17;2025-12-15;8;5424.431452287098;20260927_1334_g103
17;2025-12-15;9;3886.3806186589836;20260927_1334_g103
17;2025-12-15;10;3062.940958929688;20260927_1334_g103
17;2025-12-15;11;2981.2039719960244;20260927_1334_g103
17;2025-12-15;12;3038.8698253642156;20260927_1334_g103
17;2025-12-15;13;3082.9264008221894;20260927_1334_g103
17;2025-12-15;14;3133.519323834055;20260927_1334_g103
17;2025-12-15;15;3262.5820244893057;20260927_1334_g103
17;2025-12-15;16;3671.4422578553617;20260927_1334_g103
17;2025-12-15;17;4540.4211499697785;20260927_1334_g103
17;2025-12-15;18;4903.144739931522;20260927_1334_g103
17;2025-12-15;19;3470.4980152104677;20260927_1334_g103
17;2025-12-15;20;2413.5370655283737;20260927_1334_g103
17;2025-12-15;21;1483.3625977403258;20260927_1334_g103
17;2025-12-15;22;750.8104842608298;20260927_1334_g103
17;2025-12-15;23;371.2263828688789;20260927_1334_g103
17;2025-12-16;0;123.09724149735135;20260927_1334_g103
17;2025-12-16;1;10.737981564425239;20260927_1334_g103
17;2025-12-16;2;0.0;20260927_1334_g103
17;2025-12-16;3;0.0;20260927_1334_g103
17;2025-12-16;4;25.33460172608895;20260927_1334_g103
17;2025-12-16;5;315.7080808683195;20260927_1334_g103
17;2025-12-16;6;1549.1495412542868;20260927_1334_g103
17;2025-12-16;7;4227.176775473156;20260927_1334_g103
17;2025-12-16;8;5427.971523637222;20260927_1334_g103
17;2025-12-16;9;3888.218328096929;20260927_1334_g103
17;2025-12-16;10;3061.7048461827435;20260927_1334_g103
17;2025-12-16;11;2981.34261852218;20260927_1334_g103
17;2025-12-16;12;3041.4165162521313;20260927_1334_g103
17;2025-12-16;13;3078.3147977080507;20260927_1334_g103
17;2025-12-16;14;3151.0359941941824;20260927_1334_g103
17;2025-12-16;15;3272.17880885957;20260927_1334_g103
17;2025-12-16;16;3671.608677348306;20260927_1334_g103
17;2025-12-16;17;4542.095816086681;20260927_1334_g103
17;2025-12-16;18;4910.19073903096;20260927_1334_g103
17;2025-12-16;19;3482.5107347062635;20260927_1334_g103
17;2025-12-16;20;2418.1502101694755;20260927_1334_g103
17;2025-12-16;21;1270.2581570401858;20260927_1334_g103
17;2025-12-16;22;634.774334739212;20260927_1334_g103
17;2025-12-16;23;318.9951846306904;20260927_1334_g103
17;2025-12-17;0;123.78008889051246;20260927_1334_g103
17;2025-12-17;1;10.845617600445133;20260927_1334_g103
17;2025-12-17;2;0.0;20260927_1334_g103
17;2025-12-17;3;0.0;20260927_1334_g103
17;2025-12-17;4;25.54454734370822;20260927_1334_g103
17;2025-12-17;5;264.91856334824;20260927_1334_g103
17;2025-12-17;6;1313.8006838019642;20260927_1334_g103
17;2025-12-17;7;3573.5832884451665;20260927_1334_g103
17;2025-12-17;8;5424.977621657847;20260927_1334_g103
17;2025-12-17;9;3885.1034436411273;20260927_1334_g103
17;2025-12-17;10;3074.9067358513475;20260927_1334_g103
17;2025-12-17;11;2995.037586156661;20260927_1334_g103
17;2025-12-17;12;3059.657347913286;20260927_1334_g103
17;2025-12-17;13;3090.7198057038822;20260927_1334_g103
17;2025-12-17;14;3174.068521367424;20260927_1334_g103
17;2025-12-17;15;3281.751424620196;20260927_1334_g103
17;2025-12-17;16;3679.0188655866036;20260927_1334_g103
17;2025-12-17;17;4538.074328392954;20260927_1334_g103
17;2025-12-17;18;4904.5402550526405;20260927_1334_g103
17;2025-12-17;19;3482.0571093295775;20260927_1334_g103
17;2025-12-17;20;2417.583339900241;20260927_1334_g103
17;2025-12-17;21;1487.2468787392904;20260927_1334_g103
17;2025-12-17;22;753.9203784224303;20260927_1334_g103
17;2025-12-17;23;374.6249463857953;20260927_1334_g103
17;2025-12-18;0;124.60988312426296;20260927_1334_g103
17;2025-12-18;1;10.890418602797212;20260927_1334_g103
17;2025-12-18;2;0.0;20260927_1334_g103
17;2025-12-18;3;0.0;20260927_1334_g103
17;2025-12-18;4;25.626262726842196;20260927_1334_g103
17;2025-12-18;5;314.0668446278918;20260927_1334_g103
17;2025-12-18;6;1548.5372178305806;20260927_1334_g103
17;2025-12-18;7;4225.219744368742;20260927_1334_g103
17;2025-12-18;8;5427.465137847836;20260927_1334_g103
17;2025-12-18;9;3891.1951454502123;20260927_1334_g103
17;2025-12-18;10;3072.068304513161;20260927_1334_g103
17;2025-12-18;11;3004.734499389671;20260927_1334_g103
17;2025-12-18;12;3063.2756898903717;20260927_1334_g103
17;2025-12-18;13;3096.4203208533986;20260927_1334_g103
17;2025-12-18;14;3158.0633228072575;20260927_1334_g103
17;2025-12-18;15;3277.0257574001034;20260927_1334_g103
17;2025-12-18;16;3686.1605875853957;20260927_1334_g103
17;2025-12-18;17;4546.164753224793;20260927_1334_g103
17;2025-12-18;18;4915.069503672377;20260927_1334_g103
17;2025-12-18;19;3489.194745311645;20260927_1334_g103
17;2025-12-18;20;2429.7584651782104;20260927_1334_g103
17;2025-12-18;21;1492.4812091085298;20260927_1334_g103
17;2025-12-18;22;755.654603485772;20260927_1334_g103
17;2025-12-18;23;377.1114555790783;20260927_1334_g103
17;2025-12-19;0;158.45574260822895;20260927_1334_g103
17;2025-12-19;1;15.210508962491724;20260927_1334_g103
17;2025-12-19;2;0.0;20260927_1334_g103
17;2025-12-19;3;0.0;20260927_1334_g103
17;2025-12-19;4;25.337199580711022;20260927_1334_g103
17;2025-12-19;5;327.14893290676275;20260927_1334_g103
17;2025-12-19;6;1616.8918287371723;20260927_1334_g103
17;2025-12-19;7;4386.739682224088;20260927_1334_g103
17;2025-12-19;8;5515.828209460705;20260927_1334_g103
17;2025-12-19;9;3979.7796246684043;20260927_1334_g103
17;2025-12-19;10;3164.9077429162026;20260927_1334_g103
17;2025-12-19;11;3166.238246442038;20260927_1334_g103
17;2025-12-19;12;3250.4565350957864;20260927_1334_g103
17;2025-12-19;13;3324.2718333325697;20260927_1334_g103
17;2025-12-19;14;3427.793843614416;20260927_1334_g103
17;2025-12-19;15;3676.6545298210285;20260927_1334_g103
17;2025-12-19;16;4370.223862497737;20260927_1334_g103
17;2025-12-19;17;4876.486461632477;20260927_1334_g103
17;2025-12-19;18;4668.976960806507;20260927_1334_g103
17;2025-12-19;19;3488.7174030985652;20260927_1334_g103
17;2025-12-19;20;2498.956496268794;20260927_1334_g103
17;2025-12-19;21;1722.1969777002562;20260927_1334_g103
17;2025-12-19;22;880.3452217373379;20260927_1334_g103
17;2025-12-19;23;492.8805515487085;20260927_1334_g103
17;2025-12-20;0;224.86660462164383;20260927_1334_g103
17;2025-12-20;1;27.764442927924545;20260927_1334_g103
17;2025-12-20;2;0.0;20260927_1334_g103
17;2025-12-20;3;0.0;20260927_1334_g103
17;2025-12-20;4;5.735893363620481;20260927_1334_g103
17;2025-12-20;5;142.55325485101224;20260927_1334_g103
17;2025-12-20;6;622.5013114355182;20260927_1334_g103
17;2025-12-20;7;1361.3197070152455;20260927_1334_g103
17;2025-12-20;8;1945.9260828871686;20260927_1334_g103
17;2025-12-20;9;2436.748448612705;20260927_1334_g103
17;2025-12-20;10;2657.208323750456;20260927_1334_g103
17;2025-12-20;11;3068.6792728273276;20260927_1334_g103
17;2025-12-20;12;3373.4618546182505;20260927_1334_g103
17;2025-12-20;13;3544.8284156349023;20260927_1334_g103
17;2025-12-20;14;3513.1017984554237;20260927_1334_g103
17;2025-12-20;15;3621.1262920447225;20260927_1334_g103
17;2025-12-20;16;3664.82729253502;20260927_1334_g103
17;2025-12-20;17;3419.5252359064593;20260927_1334_g103
17;2025-12-20;18;3083.090958080834;20260927_1334_g103
17;2025-12-20;19;2529.3999503689415;20260927_1334_g103
17;2025-12-20;20;2043.0445118463758;20260927_1334_g103
17;2025-12-20;21;1485.2496865529845;20260927_1334_g103
17;2025-12-20;22;913.7090234889812;20260927_1334_g103
17;2025-12-20;23;469.99449438905935;20260927_1334_g103
17;2025-12-21;0;186.57235259327967;20260927_1334_g103
17;2025-12-21;1;23.456063582455336;20260927_1334_g103
17;2025-12-21;2;0.0;20260927_1334_g103
17;2025-12-21;3;0.0;20260927_1334_g103
17;2025-12-21;4;3.064699358435959;20260927_1334_g103
17;2025-12-21;5;108.86220661419117;20260927_1334_g103
17;2025-12-21;6;429.5527212699882;20260927_1334_g103
17;2025-12-21;7;841.5808589964809;20260927_1334_g103
17;2025-12-21;8;1251.482575034926;20260927_1334_g103
17;2025-12-21;9;1736.8120581829628;20260927_1334_g103
17;2025-12-21;10;2042.0129955111686;20260927_1334_g103
17;2025-12-21;11;2538.0401464090264;20260927_1334_g103
17;2025-12-21;12;2920.437613512003;20260927_1334_g103
17;2025-12-21;13;3142.5681691463174;20260927_1334_g103
17;2025-12-21;14;3265.7441841981363;20260927_1334_g103
17;2025-12-21;15;3220.1820152800315;20260927_1334_g103
17;2025-12-21;16;3092.078701186799;20260927_1334_g103
17;2025-12-21;17;2987.995873585067;20260927_1334_g103
17;2025-12-21;18;2666.4213148905224;20260927_1334_g103
17;2025-12-21;19;2150.7051065355586;20260927_1334_g103
17;2025-12-21;20;1633.9209190097858;20260927_1334_g103
17;2025-12-21;21;1176.7041574098587;20260927_1334_g103
17;2025-12-21;22;721.7761731582137;20260927_1334_g103
17;2025-12-21;23;321.8646725305846;20260927_1334_g103
17;2025-12-22;0;123.55543624326872;20260927_1334_g103
17;2025-12-22;1;11.02126614393211;20260927_1334_g103
17;2025-12-22;2;0.0;20260927_1334_g103
17;2025-12-22;3;0.0;20260927_1334_g103
17;2025-12-22;4;25.506439555143846;20260927_1334_g103
17;2025-12-22;5;312.48362866867103;20260927_1334_g103
17;2025-12-22;6;1546.7179949270578;20260927_1334_g103
17;2025-12-22;7;4225.19823199197;20260927_1334_g103
17;2025-12-22;8;5424.431452287098;20260927_1334_g103
17;2025-12-22;9;3886.3806186589836;20260927_1334_g103
17;2025-12-22;10;3062.940958929688;20260927_1334_g103
17;2025-12-22;11;2981.2039719960244;20260927_1334_g103
17;2025-12-22;12;3038.8698253642156;20260927_1334_g103
17;2025-12-22;13;3082.9264008221894;20260927_1334_g103
17;2025-12-22;14;3133.519323834055;20260927_1334_g103
17;2025-12-22;15;3262.5820244893057;20260927_1334_g103
17;2025-12-22;16;3671.4422578553617;20260927_1334_g103
17;2025-12-22;17;4540.4211499697785;20260927_1334_g103
17;2025-12-22;18;4903.144739931522;20260927_1334_g103
17;2025-12-22;19;3470.4980152104677;20260927_1334_g103
17;2025-12-22;20;2413.5370655283737;20260927_1334_g103
17;2025-12-22;21;1483.3625977403258;20260927_1334_g103
17;2025-12-22;22;750.8104842608298;20260927_1334_g103
17;2025-12-22;23;371.2263828688789;20260927_1334_g103
17;2025-12-23;0;123.09724149735135;20260927_1334_g103
17;2025-12-23;1;10.737981564425239;20260927_1334_g103
17;2025-12-23;2;0.0;20260927_1334_g103
17;2025-12-23;3;0.0;20260927_1334_g103
17;2025-12-23;4;25.33460172608895;20260927_1334_g103
17;2025-12-23;5;315.7080808683195;20260927_1334_g103
17;2025-12-23;6;1549.2127283422412;20260927_1334_g103
17;2025-12-23;7;4223.849109063295;20260927_1334_g103
17;2025-12-23;8;5427.971523637222;20260927_1334_g103
17;2025-12-23;9;3888.4788750408866;20260927_1334_g103
17;2025-12-23;10;3061.8458180964594;20260927_1334_g103
17;2025-12-23;11;2982.582170130408;20260927_1334_g103
17;2025-12-23;12;3041.5524139841177;20260927_1334_g103
17;2025-12-23;13;3078.477802594659;20260927_1334_g103
17;2025-12-23;14;3151.1841651640284;20260927_1334_g103
17;2025-12-23;15;3272.982927851956;20260927_1334_g103
17;2025-12-23;16;3671.8370061915616;20260927_1334_g103
17;2025-12-23;17;4542.015783872776;20260927_1334_g103
17;2025-12-23;18;4910.19073903096;20260927_1334_g103
17;2025-12-23;19;3482.611959408679;20260927_1334_g103
17;2025-12-23;20;2418.1502101694755;20260927_1334_g103
17;2025-12-23;21;1488.1359877460861;20260927_1334_g103
17;2025-12-23;22;634.774334739212;20260927_1334_g103
17;2025-12-23;23;318.9951846306904;20260927_1334_g103
17;2025-12-24;0;123.78008889051246;20260927_1334_g103
17;2025-12-24;1;10.845617600445133;20260927_1334_g103
17;2025-12-24;2;0.0;20260927_1334_g103
17;2025-12-24;3;0.0;20260927_1334_g103
17;2025-12-24;4;25.54454734370822;20260927_1334_g103
17;2025-12-24;5;312.8811813106024;20260927_1334_g103
17;2025-12-24;6;1547.2564684593544;20260927_1334_g103
17;2025-12-24;7;4219.708175485376;20260927_1334_g103
17;2025-12-24;8;5425.0896086012535;20260927_1334_g103
17;2025-12-24;9;3885.585307582399;20260927_1334_g103
17;2025-12-24;10;3074.90278513937;20260927_1334_g103
17;2025-12-24;11;2997.013705559357;20260927_1334_g103
17;2025-12-24;12;3060.5982161283873;20260927_1334_g103
17;2025-12-24;13;3092.469764685841;20260927_1334_g103
17;2025-12-24;14;3174.138251562616;20260927_1334_g103
17;2025-12-24;15;3284.8588093113117;20260927_1334_g103
17;2025-12-24;16;3680.622453838401;20260927_1334_g103
17;2025-12-24;17;4538.917234797166;20260927_1334_g103
17;2025-12-24;18;4905.134005081853;20260927_1334_g103
17;2025-12-24;19;3482.574312605164;20260927_1334_g103
17;2025-12-24;20;2417.8293369300104;20260927_1334_g103
17;2025-12-24;21;1487.1924066050767;20260927_1334_g103
17;2025-12-24;22;753.9203784224303;20260927_1334_g103
17;2025-12-24;23;374.6249463857953;20260927_1334_g103
17;2025-12-25;0;124.60988312426296;20260927_1334_g103
17;2025-12-25;1;10.890418602797212;20260927_1334_g103
17;2025-12-25;2;0.0;20260927_1334_g103
17;2025-12-25;3;0.0;20260927_1334_g103
17;2025-12-25;4;25.626262726842196;20260927_1334_g103
17;2025-12-25;5;314.0668446278918;20260927_1334_g103
17;2025-12-25;6;1548.5372178305806;20260927_1334_g103
17;2025-12-25;7;4225.219744368742;20260927_1334_g103
17;2025-12-25;8;5427.465137847836;20260927_1334_g103
17;2025-12-25;9;3891.1951454502123;20260927_1334_g103
17;2025-12-25;10;3072.068304513161;20260927_1334_g103
17;2025-12-25;11;3004.734499389671;20260927_1334_g103
17;2025-12-25;12;3063.2756898903717;20260927_1334_g103
17;2025-12-25;13;3096.4203208533986;20260927_1334_g103
17;2025-12-25;14;3158.0633228072575;20260927_1334_g103
17;2025-12-25;15;3277.0257574001034;20260927_1334_g103
17;2025-12-25;16;3686.1605875853957;20260927_1334_g103
17;2025-12-25;17;4546.164753224793;20260927_1334_g103
17;2025-12-25;18;4915.069503672377;20260927_1334_g103
17;2025-12-25;19;3489.194745311645;20260927_1334_g103
17;2025-12-25;20;2429.7584651782104;20260927_1334_g103
17;2025-12-25;21;1492.4812091085298;20260927_1334_g103
17;2025-12-25;22;755.654603485772;20260927_1334_g103
17;2025-12-25;23;377.1114555790783;20260927_1334_g103
17;2025-12-26;0;158.45574260822895;20260927_1334_g103
17;2025-12-26;1;15.210508962491724;20260927_1334_g103
17;2025-12-26;2;0.0;20260927_1334_g103
17;2025-12-26;3;0.0;20260927_1334_g103
17;2025-12-26;4;25.337199580711022;20260927_1334_g103
17;2025-12-26;5;327.14893290676275;20260927_1334_g103
17;2025-12-26;6;1616.8918287371723;20260927_1334_g103
17;2025-12-26;7;4386.739682224088;20260927_1334_g103
17;2025-12-26;8;5515.828209460705;20260927_1334_g103
17;2025-12-26;9;3979.7796246684043;20260927_1334_g103
17;2025-12-26;10;3164.9077429162026;20260927_1334_g103
17;2025-12-26;11;3166.238246442038;20260927_1334_g103
17;2025-12-26;12;3250.4565350957864;20260927_1334_g103
17;2025-12-26;13;3324.2718333325697;20260927_1334_g103
17;2025-12-26;14;3427.793843614416;20260927_1334_g103
17;2025-12-26;15;3676.6545298210285;20260927_1334_g103
17;2025-12-26;16;4370.223862497737;20260927_1334_g103
17;2025-12-26;17;4876.486461632477;20260927_1334_g103
17;2025-12-26;18;4668.976960806507;20260927_1334_g103
17;2025-12-26;19;3488.7174030985652;20260927_1334_g103
17;2025-12-26;20;2498.956496268794;20260927_1334_g103
17;2025-12-26;21;1722.1969777002562;20260927_1334_g103
17;2025-12-26;22;880.3452217373379;20260927_1334_g103
17;2025-12-26;23;492.8805515487085;20260927_1334_g103
17;2025-12-27;0;224.86660462164383;20260927_1334_g103
17;2025-12-27;1;27.764442927924545;20260927_1334_g103
17;2025-12-27;2;0.0;20260927_1334_g103
17;2025-12-27;3;0.0;20260927_1334_g103
17;2025-12-27;4;5.735893363620481;20260927_1334_g103
17;2025-12-27;5;142.55325485101224;20260927_1334_g103
17;2025-12-27;6;622.5013114355182;20260927_1334_g103
17;2025-12-27;7;1361.3197070152455;20260927_1334_g103
17;2025-12-27;8;1945.9260828871686;20260927_1334_g103
17;2025-12-27;9;2436.748448612705;20260927_1334_g103
17;2025-12-27;10;2657.208323750456;20260927_1334_g103
17;2025-12-27;11;3068.6792728273276;20260927_1334_g103
17;2025-12-27;12;3373.4618546182505;20260927_1334_g103
17;2025-12-27;13;3544.8284156349023;20260927_1334_g103
17;2025-12-27;14;3513.1017984554237;20260927_1334_g103
17;2025-12-27;15;3621.1262920447225;20260927_1334_g103
17;2025-12-27;16;3664.82729253502;20260927_1334_g103
17;2025-12-27;17;3419.5252359064593;20260927_1334_g103
17;2025-12-27;18;3083.090958080834;20260927_1334_g103
17;2025-12-27;19;2529.3999503689415;20260927_1334_g103
17;2025-12-27;20;2043.0445118463758;20260927_1334_g103
17;2025-12-27;21;1485.2496865529845;20260927_1334_g103
17;2025-12-27;22;913.7090234889812;20260927_1334_g103
17;2025-12-27;23;469.99449438905935;20260927_1334_g103
17;2025-12-28;0;186.57235259327967;20260927_1334_g103
17;2025-12-28;1;23.456063582455336;20260927_1334_g103
17;2025-12-28;2;0.0;20260927_1334_g103
17;2025-12-28;3;0.0;20260927_1334_g103
17;2025-12-28;4;3.064699358435959;20260927_1334_g103
17;2025-12-28;5;108.86220661419117;20260927_1334_g103
17;2025-12-28;6;429.5527212699882;20260927_1334_g103
17;2025-12-28;7;841.5808589964809;20260927_1334_g103
17;2025-12-28;8;1251.482575034926;20260927_1334_g103
17;2025-12-28;9;1736.8120581829628;20260927_1334_g103
17;2025-12-28;10;2042.0129955111686;20260927_1334_g103
17;2025-12-28;11;2538.0401464090264;20260927_1334_g103
17;2025-12-28;12;2920.437613512003;20260927_1334_g103
17;2025-12-28;13;3142.5681691463174;20260927_1334_g103
17;2025-12-28;14;3265.7441841981363;20260927_1334_g103
17;2025-12-28;15;3220.1820152800315;20260927_1334_g103
17;2025-12-28;16;3092.078701186799;20260927_1334_g103
17;2025-12-28;17;2987.995873585067;20260927_1334_g103
17;2025-12-28;18;2666.4213148905224;20260927_1334_g103
17;2025-12-28;19;2150.7051065355586;20260927_1334_g103
17;2025-12-28;20;1633.9209190097858;20260927_1334_g103
17;2025-12-28;21;1176.7041574098587;20260927_1334_g103
17;2025-12-28;22;721.7761731582137;20260927_1334_g103
17;2025-12-28;23;321.8646725305846;20260927_1334_g103
17;2025-12-29;0;110.9557084650954;20260927_1334_g103
17;2025-12-29;1;9.897358063425386;20260927_1334_g103
17;2025-12-29;2;0.0;20260927_1334_g103
17;2025-12-29;3;0.0;20260927_1334_g103
17;2025-12-29;4;22.905386904150085;20260927_1334_g103
17;2025-12-29;5;280.61770049850884;20260927_1334_g103
17;2025-12-29;6;1388.9893973175397;20260927_1334_g103
17;2025-12-29;7;3794.328096686058;20260927_1334_g103
17;2025-12-29;8;4871.267935340653;20260927_1334_g103
17;2025-12-29;9;3490.0618541728936;20260927_1334_g103
17;2025-12-29;10;2750.5935345140847;20260927_1334_g103
17;2025-12-29;11;2677.1917841032773;20260927_1334_g103
17;2025-12-29;12;2728.977086387462;20260927_1334_g103
17;2025-12-29;13;2768.5409347385835;20260927_1334_g103
17;2025-12-29;14;2813.974578022793;20260927_1334_g103
17;2025-12-29;15;2929.8759403831405;20260927_1334_g103
17;2025-12-29;16;3297.042114820135;20260927_1334_g103
17;2025-12-29;17;4077.4057438710715;20260927_1334_g103
17;2025-12-29;18;4403.140119669535;20260927_1334_g103
17;2025-12-29;19;3116.589425059502;20260927_1334_g103
17;2025-12-29;20;2167.413455488953;20260927_1334_g103
17;2025-12-29;21;1332.0947499132712;20260927_1334_g103
17;2025-12-29;22;674.2455996849776;20260927_1334_g103
17;2025-12-29;23;333.3700852389262;20260927_1334_g103
17;2025-12-30;0;110.54423872977637;20260927_1334_g103
17;2025-12-30;1;9.642961800726473;20260927_1334_g103
17;2025-12-30;2;0.0;20260927_1334_g103
17;2025-12-30;3;0.0;20260927_1334_g103
17;2025-12-30;4;22.751072463251266;20260927_1334_g103
17;2025-12-30;5;283.51333495298485;20260927_1334_g103
17;2025-12-30;6;1391.229727018357;20260927_1334_g103
17;2025-12-30;7;3793.1165523387676;20260927_1334_g103
17;2025-12-30;8;4874.547570196351;20260927_1334_g103
17;2025-12-30;9;3491.9650746787975;20260927_1334_g103
17;2025-12-30;10;2749.6443582568236;20260927_1334_g103
17;2025-12-30;11;2678.441971995594;20260927_1334_g103
17;2025-12-30;12;2731.588237565204;20260927_1334_g103
17;2025-12-30;13;2764.655548080365;20260927_1334_g103
17;2025-12-30;14;2829.8067160197857;20260927_1334_g103
17;2025-12-30;15;2939.692593725624;20260927_1334_g103
17;2025-12-30;16;3297.394630017179;20260927_1334_g103
17;2025-12-30;17;4079.1495848088875;20260927_1334_g103
17;2025-12-30;18;4409.698208798977;20260927_1334_g103
17;2025-12-30;19;3127.468033898475;20260927_1334_g103
17;2025-12-30;20;2171.5561686504975;20260927_1334_g103
17;2025-12-30;21;1336.3813672080905;20260927_1334_g103
17;2025-12-30;22;676.0555459879948;20260927_1334_g103
17;2025-12-30;23;335.1220562672927;20260927_1334_g103
17;2025-12-31;0;183.85277485950823;20260927_1334_g103
17;2025-12-31;1;22.595722442931724;20260927_1334_g103
17;2025-12-31;2;0.0;20260927_1334_g103
17;2025-12-31;3;0.0;20260927_1334_g103
17;2025-12-31;4;3.2751561648242666;20260927_1334_g103
17;2025-12-31;5;118.23472545651597;20260927_1334_g103
17;2025-12-31;6;467.14693331072334;20260927_1334_g103
17;2025-12-31;7;915.9581716105586;20260927_1334_g103
17;2025-12-31;8;1354.7732075840108;20260927_1334_g103
17;2025-12-31;9;1860.5668817696426;20260927_1334_g103
17;2025-12-31;10;2117.832273825674;20260927_1334_g103
17;2025-12-31;11;2565.1960170302386;20260927_1334_g103
17;2025-12-31;12;2930.949906351135;20260927_1334_g103
17;2025-12-31;13;3136.7041227448126;20260927_1334_g103
17;2025-12-31;14;3267.9719147757933;20260927_1334_g103
17;2025-12-31;15;3223.9865661501476;20260927_1334_g103
17;2025-12-31;16;3134.6288055318973;20260927_1334_g103
17;2025-12-31;17;3060.237427249802;20260927_1334_g103
17;2025-12-31;18;2803.3941587850204;20260927_1334_g103
17;2025-12-31;19;2224.151353303133;20260927_1334_g103
17;2025-12-31;20;1693.056834770647;20260927_1334_g103
17;2025-12-31;21;1208.2414977960261;20260927_1334_g103
17;2025-12-31;22;725.0297136575471;20260927_1334_g103
17;2025-12-31;23;331.20297087478565;20260927_1334_g103
25;2025-11-01;0;0.0;20260927_1334_g103
25;2025-11-01;1;0.0;20260927_1334_g103
25;2025-11-01;2;0.0;20260927_1334_g103
25;2025-11-01;3;0.0;20260927_1334_g103
25;2025-11-01;4;0.0;20260927_1334_g103
25;2025-11-01;5;10.400421660592675;20260927_1334_g103
25;2025-11-01;6;164.62592374307533;20260927_1334_g103
25;2025-11-01;7;437.566451518389;20260927_1334_g103
25;2025-11-01;8;806.5849663664344;20260927_1334_g103
25;2025-11-01;9;422.44237991659696;20260927_1334_g103
25;2025-11-01;10;331.70940678415474;20260927_1334_g103
25;2025-11-01;11;398.03415126016336;20260927_1334_g103
25;2025-11-01;12;385.09119821692883;20260927_1334_g103
25;2025-11-01;13;504.48373909455296;20260927_1334_g103
25;2025-11-01;14;454.20878953571514;20260927_1334_g103
25;2025-11-01;15;520.3833376273017;20260927_1334_g103
25;2025-11-01;16;617.8568332368311;20260927_1334_g103
25;2025-11-01;17;647.2880726079366;20260927_1334_g103
25;2025-11-01;18;687.5589974661816;20260927_1334_g103
25;2025-11-01;19;494.48276284034705;20260927_1334_g103
25;2025-11-01;20;295.7124764073096;20260927_1334_g103
25;2025-11-01;21;202.610240412087;20260927_1334_g103
25;2025-11-01;22;92.05042717961916;20260927_1334_g103
25;2025-11-01;23;6.904378901952954;20260927_1334_g103
25;2025-11-02;0;15.637386689868388;20260927_1334_g103
25;2025-11-02;1;0.0;20260927_1334_g103
25;2025-11-02;2;0.0;20260927_1334_g103
25;2025-11-02;3;0.0;20260927_1334_g103
25;2025-11-02;4;0.0;20260927_1334_g103
25;2025-11-02;5;5.737938233055164;20260927_1334_g103
25;2025-11-02;6;74.50639339120104;20260927_1334_g103
25;2025-11-02;7;103.00611047399796;20260927_1334_g103
25;2025-11-02;8;189.30906239233968;20260927_1334_g103
25;2025-11-02;9;227.84985353598094;20260927_1334_g103
25;2025-11-02;10;228.06568443717305;20260927_1334_g103
25;2025-11-02;11;316.48599245457905;20260927_1334_g103
25;2025-11-02;12;377.64956614165044;20260927_1334_g103
25;2025-11-02;13;484.88375687690495;20260927_1334_g103
25;2025-11-02;14;529.8249432176527;20260927_1334_g103
25;2025-11-02;15;656.7973619483039;20260927_1334_g103
25;2025-11-02;16;541.062642128587;20260927_1334_g103
25;2025-11-02;17;532.737312152378;20260927_1334_g103
25;2025-11-02;18;425.70698534959706;20260927_1334_g103
25;2025-11-02;19;326.97884587089226;20260927_1334_g103
25;2025-11-02;20;251.64441683098673;20260927_1334_g103
25;2025-11-02;21;159.29537719552914;20260927_1334_g103
25;2025-11-02;22;102.69572578421945;20260927_1334_g103
25;2025-11-02;23;36.904225380307054;20260927_1334_g103
25;2025-11-03;0;14.546899014992906;20260927_1334_g103
25;2025-11-03;1;0.0;20260927_1334_g103
25;2025-11-03;2;0.0;20260927_1334_g103
25;2025-11-03;3;0.0;20260927_1334_g103
25;2025-11-03;4;0.0;20260927_1334_g103
25;2025-11-03;5;5.611790220691356;20260927_1334_g103
25;2025-11-03;6;73.14357306376662;20260927_1334_g103
25;2025-11-03;7;114.13913999138266;20260927_1334_g103
25;2025-11-03;8;206.79496056110207;20260927_1334_g103
25;2025-11-03;9;242.53690424716686;20260927_1334_g103
25;2025-11-03;10;237.58457679283327;20260927_1334_g103
25;2025-11-03;11;317.61227735417555;20260927_1334_g103
25;2025-11-03;12;375.7290621932703;20260927_1334_g103
25;2025-11-03;13;480.01416412496485;20260927_1334_g103
25;2025-11-03;14;512.5877636632018;20260927_1334_g103
25;2025-11-03;15;635.1954816221499;20260927_1334_g103
25;2025-11-03;16;534.4778457856322;20260927_1334_g103
25;2025-11-03;17;510.8405237752289;20260927_1334_g103
25;2025-11-03;18;424.59188919329546;20260927_1334_g103
25;2025-11-03;19;351.8236220813382;20260927_1334_g103
25;2025-11-03;20;265.8270831698436;20260927_1334_g103
25;2025-11-03;21;171.1502128805209;20260927_1334_g103
25;2025-11-03;22;101.7627177235214;20260927_1334_g103
25;2025-11-03;23;32.85838139580521;20260927_1334_g103
25;2025-11-04;0;13.310589403100497;20260927_1334_g103
25;2025-11-04;1;0.0;20260927_1334_g103
25;2025-11-04;2;0.0;20260927_1334_g103
25;2025-11-04;3;0.0;20260927_1334_g103
25;2025-11-04;4;0.0;20260927_1334_g103
25;2025-11-04;5;5.593263719513057;20260927_1334_g103
25;2025-11-04;6;73.36526173105537;20260927_1334_g103
25;2025-11-04;7;114.14030831914454;20260927_1334_g103
25;2025-11-04;8;207.85767680804005;20260927_1334_g103
25;2025-11-04;9;239.76893214677594;20260927_1334_g103
25;2025-11-04;10;234.04632618310453;20260927_1334_g103
25;2025-11-04;11;324.3282611230943;20260927_1334_g103
25;2025-11-04;12;378.4069291273564;20260927_1334_g103
25;2025-11-04;13;475.56189802461415;20260927_1334_g103
25;2025-11-04;14;506.3809982381767;20260927_1334_g103
25;2025-11-04;15;639.1672826106591;20260927_1334_g103
25;2025-11-04;16;528.6446049660827;20260927_1334_g103
25;2025-11-04;17;507.49068379511283;20260927_1334_g103
25;2025-11-04;18;429.06204903537196;20260927_1334_g103
25;2025-11-04;19;351.13217952264256;20260927_1334_g103
25;2025-11-04;20;265.4509480506991;20260927_1334_g103
25;2025-11-04;21;171.4857970280513;20260927_1334_g103
25;2025-11-04;22;100.85043110900705;20260927_1334_g103
25;2025-11-04;23;32.57550766262509;20260927_1334_g103
25;2025-11-05;0;0.0;20260927_1334_g103
25;2025-11-05;1;0.0;20260927_1334_g103
25;2025-11-05;2;0.0;20260927_1334_g103
25;2025-11-05;3;0.0;20260927_1334_g103
25;2025-11-05;4;0.0;20260927_1334_g103
25;2025-11-05;5;11.767197544149763;20260927_1334_g103
25;2025-11-05;6;211.67680804966213;20260927_1334_g103
25;2025-11-05;7;557.3303084318215;20260927_1334_g103
25;2025-11-05;8;968.6573427328717;20260927_1334_g103
25;2025-11-05;9;512.9827222214329;20260927_1334_g103
25;2025-11-05;10;402.28914274873404;20260927_1334_g103
25;2025-11-05;11;471.98884985961485;20260927_1334_g103
25;2025-11-05;12;457.039333767967;20260927_1334_g103
25;2025-11-05;13;586.7247901199144;20260927_1334_g103
25;2025-11-05;14;464.91360377659265;20260927_1334_g103
25;2025-11-05;15;590.4433116954701;20260927_1334_g103
25;2025-11-05;16;707.6625727342775;20260927_1334_g103
25;2025-11-05;17;788.3564855148348;20260927_1334_g103
25;2025-11-05;18;847.073607020606;20260927_1334_g103
25;2025-11-05;19;603.7420402770541;20260927_1334_g103
25;2025-11-05;20;359.48287282580606;20260927_1334_g103
25;2025-11-05;21;247.6633381688132;20260927_1334_g103
25;2025-11-05;22;104.29112887501651;20260927_1334_g103
25;2025-11-05;23;7.5592352792613955;20260927_1334_g103
25;2025-11-06;0;0.0;20260927_1334_g103
25;2025-11-06;1;0.0;20260927_1334_g103
25;2025-11-06;2;0.0;20260927_1334_g103
25;2025-11-06;3;0.0;20260927_1334_g103
25;2025-11-06;4;0.0;20260927_1334_g103
25;2025-11-06;5;11.780204112151454;20260927_1334_g103
25;2025-11-06;6;210.91427270367447;20260927_1334_g103
25;2025-11-06;7;558.1130812333291;20260927_1334_g103
25;2025-11-06;8;971.2958425693196;20260927_1334_g103
25;2025-11-06;9;515.77799832966;20260927_1334_g103
25;2025-11-06;10;411.7604165209284;20260927_1334_g103
25;2025-11-06;11;465.65297976829726;20260927_1334_g103
25;2025-11-06;12;445.0810900152809;20260927_1334_g103
25;2025-11-06;13;574.1924239389933;20260927_1334_g103
25;2025-11-06;14;515.4296875998531;20260927_1334_g103
25;2025-11-06;15;604.2347294171716;20260927_1334_g103
25;2025-11-06;16;714.5748624238967;20260927_1334_g103
25;2025-11-06;17;773.9533805809336;20260927_1334_g103
25;2025-11-06;18;830.6523252172692;20260927_1334_g103
25;2025-11-06;19;602.7728773640433;20260927_1334_g103
25;2025-11-06;20;353.0623067850382;20260927_1334_g103
25;2025-11-06;21;232.9434899735909;20260927_1334_g103
25;2025-11-06;22;98.59478807731548;20260927_1334_g103
25;2025-11-06;23;6.7656667104857915;20260927_1334_g103
25;2025-11-07;0;0.0;20260927_1334_g103
25;2025-11-07;1;0.0;20260927_1334_g103
25;2025-11-07;2;0.0;20260927_1334_g103
25;2025-11-07;3;0.0;20260927_1334_g103
25;2025-11-07;4;0.0;20260927_1334_g103
25;2025-11-07;5;11.859049676717666;20260927_1334_g103
25;2025-11-07;6;228.07059787181353;20260927_1334_g103
25;2025-11-07;7;575.3654445045341;20260927_1334_g103
25;2025-11-07;8;873.7511334106041;20260927_1334_g103
25;2025-11-07;9;484.17861112823823;20260927_1334_g103
25;2025-11-07;10;401.37860995802515;20260927_1334_g103
25;2025-11-07;11;478.2886522981106;20260927_1334_g103
25;2025-11-07;12;471.6522244308216;20260927_1334_g103
25;2025-11-07;13;580.3110059900141;20260927_1334_g103
25;2025-11-07;14;526.7367505030679;20260927_1334_g103
25;2025-11-07;15;671.1288799909144;20260927_1334_g103
25;2025-11-07;16;794.5014586419645;20260927_1334_g103
25;2025-11-07;17;783.4219987627322;20260927_1334_g103
25;2025-11-07;18;716.7285608725902;20260927_1334_g103
25;2025-11-07;19;561.040742984016;20260927_1334_g103
25;2025-11-07;20;340.4291594507313;20260927_1334_g103
25;2025-11-07;21;231.90291737664364;20260927_1334_g103
25;2025-11-07;22;118.26449089618745;20260927_1334_g103
25;2025-11-07;23;13.774481717351499;20260927_1334_g103
25;2025-11-08;0;0.0;20260927_1334_g103
25;2025-11-08;1;0.0;20260927_1334_g103
25;2025-11-08;2;0.0;20260927_1334_g103
25;2025-11-08;3;0.0;20260927_1334_g103
25;2025-11-08;4;0.0;20260927_1334_g103
25;2025-11-08;5;9.451495931606823;20260927_1334_g103
25;2025-11-08;6;94.31492741890247;20260927_1334_g103
25;2025-11-08;7;139.2057559200647;20260927_1334_g103
25;2025-11-08;8;333.08527696535805;20260927_1334_g103
25;2025-11-08;9;312.04069288434397;20260927_1334_g103
25;2025-11-08;10;307.2905026204583;20260927_1334_g103
25;2025-11-08;11;424.21458618976686;20260927_1334_g103
25;2025-11-08;12;416.51101814014254;20260927_1334_g103
25;2025-11-08;13;634.8411177819204;20260927_1334_g103
25;2025-11-08;14;653.2688270301488;20260927_1334_g103
25;2025-11-08;15;735.1801313223473;20260927_1334_g103
25;2025-11-08;16;666.3794983766824;20260927_1334_g103
25;2025-11-08;17;556.3422567201428;20260927_1334_g103
25;2025-11-08;18;540.4606946159015;20260927_1334_g103
25;2025-11-08;19;475.51796288930916;20260927_1334_g103
25;2025-11-08;20;279.72385938289636;20260927_1334_g103
25;2025-11-08;21;220.72492478307677;20260927_1334_g103
25;2025-11-08;22;130.6967977148087;20260927_1334_g103
25;2025-11-08;23;49.40718165940331;20260927_1334_g103
25;2025-11-09;0;15.637386689868388;20260927_1334_g103
25;2025-11-09;1;0.0;20260927_1334_g103
25;2025-11-09;2;0.0;20260927_1334_g103
25;2025-11-09;3;0.0;20260927_1334_g103
25;2025-11-09;4;0.0;20260927_1334_g103
25;2025-11-09;5;5.737938233055164;20260927_1334_g103
25;2025-11-09;6;74.50639339120104;20260927_1334_g103
25;2025-11-09;7;103.00611047399796;20260927_1334_g103
25;2025-11-09;8;189.30906239233968;20260927_1334_g103
25;2025-11-09;9;227.84985353598094;20260927_1334_g103
25;2025-11-09;10;228.06568443717305;20260927_1334_g103
25;2025-11-09;11;316.48599245457905;20260927_1334_g103
25;2025-11-09;12;377.64956614165044;20260927_1334_g103
25;2025-11-09;13;484.88375687690495;20260927_1334_g103
25;2025-11-09;14;529.8249432176527;20260927_1334_g103
25;2025-11-09;15;656.7973619483039;20260927_1334_g103
25;2025-11-09;16;541.062642128587;20260927_1334_g103
25;2025-11-09;17;532.737312152378;20260927_1334_g103
25;2025-11-09;18;425.70698534959706;20260927_1334_g103
25;2025-11-09;19;326.97884587089226;20260927_1334_g103
25;2025-11-09;20;251.64441683098673;20260927_1334_g103
25;2025-11-09;21;159.29537719552914;20260927_1334_g103
25;2025-11-09;22;102.69572578421945;20260927_1334_g103
25;2025-11-09;23;36.904225380307054;20260927_1334_g103
25;2025-11-10;0;0.0;20260927_1334_g103
25;2025-11-10;1;0.0;20260927_1334_g103
25;2025-11-10;2;0.0;20260927_1334_g103
25;2025-11-10;3;0.0;20260927_1334_g103
25;2025-11-10;4;0.0;20260927_1334_g103
25;2025-11-10;5;11.740857801458626;20260927_1334_g103
25;2025-11-10;6;209.1722011554846;20260927_1334_g103
25;2025-11-10;7;555.5529566610035;20260927_1334_g103
25;2025-11-10;8;969.3563921839551;20260927_1334_g103
25;2025-11-10;9;520.4270946107797;20260927_1334_g103
25;2025-11-10;10;393.2562859447727;20260927_1334_g103
25;2025-11-10;11;454.5204235324481;20260927_1334_g103
25;2025-11-10;12;447.0637749757302;20260927_1334_g103
25;2025-11-10;13;579.2586871408515;20260927_1334_g103
25;2025-11-10;14;499.8102271171079;20260927_1334_g103
25;2025-11-10;15;582.6158986990474;20260927_1334_g103
25;2025-11-10;16;706.8234292074005;20260927_1334_g103
25;2025-11-10;17;769.097855049999;20260927_1334_g103
25;2025-11-10;18;821.190408877894;20260927_1334_g103
25;2025-11-10;19;584.3510591536078;20260927_1334_g103
25;2025-11-10;20;355.2433871936035;20260927_1334_g103
25;2025-11-10;21;231.3241615175062;20260927_1334_g103
25;2025-11-10;22;97.04328810513266;20260927_1334_g103
25;2025-11-10;23;7.0772759247836525;20260927_1334_g103
25;2025-11-11;0;0.0;20260927_1334_g103
25;2025-11-11;1;0.0;20260927_1334_g103
25;2025-11-11;2;0.0;20260927_1334_g103
25;2025-11-11;3;0.0;20260927_1334_g103
25;2025-11-11;4;0.0;20260927_1334_g103
25;2025-11-11;5;11.734840243503012;20260927_1334_g103
25;2025-11-11;6;210.63750124855025;20260927_1334_g103
25;2025-11-11;7;558.4671260851288;20260927_1334_g103
25;2025-11-11;8;966.6199401320998;20260927_1334_g103
25;2025-11-11;9;512.2525880644175;20260927_1334_g103
25;2025-11-11;10;398.8900255536175;20260927_1334_g103
25;2025-11-11;11;464.63749482545757;20260927_1334_g103
25;2025-11-11;12;444.1057848558159;20260927_1334_g103
25;2025-11-11;13;568.0609862313503;20260927_1334_g103
25;2025-11-11;14;501.7698822711771;20260927_1334_g103
25;2025-11-11;15;589.4620888631455;20260927_1334_g103
25;2025-11-11;16;710.806938336321;20260927_1334_g103
25;2025-11-11;17;768.371702413069;20260927_1334_g103
25;2025-11-11;18;825.1675603713628;20260927_1334_g103
25;2025-11-11;19;583.7755051405073;20260927_1334_g103
25;2025-11-11;20;354.2746921845571;20260927_1334_g103
25;2025-11-11;21;232.05860731617997;20260927_1334_g103
25;2025-11-11;22;97.89992783967055;20260927_1334_g103
25;2025-11-11;23;6.3101434599041735;20260927_1334_g103
25;2025-11-12;0;0.0;20260927_1334_g103
25;2025-11-12;1;0.0;20260927_1334_g103
25;2025-11-12;2;0.0;20260927_1334_g103
25;2025-11-12;3;0.0;20260927_1334_g103
25;2025-11-12;4;0.0;20260927_1334_g103
25;2025-11-12;5;11.767197544149763;20260927_1334_g103
25;2025-11-12;6;211.67680804966213;20260927_1334_g103
25;2025-11-12;7;557.3303084318215;20260927_1334_g103
25;2025-11-12;8;968.6573427328717;20260927_1334_g103
25;2025-11-12;9;512.9827222214329;20260927_1334_g103
25;2025-11-12;10;402.28914274873404;20260927_1334_g103
25;2025-11-12;11;471.98884985961485;20260927_1334_g103
25;2025-11-12;12;457.039333767967;20260927_1334_g103
25;2025-11-12;13;586.7247901199144;20260927_1334_g103
25;2025-11-12;14;464.91360377659265;20260927_1334_g103
25;2025-11-12;15;590.4433116954701;20260927_1334_g103
25;2025-11-12;16;707.6625727342775;20260927_1334_g103
25;2025-11-12;17;788.3564855148348;20260927_1334_g103
25;2025-11-12;18;847.073607020606;20260927_1334_g103
25;2025-11-12;19;603.7420402770541;20260927_1334_g103
25;2025-11-12;20;359.48287282580606;20260927_1334_g103
25;2025-11-12;21;247.6633381688132;20260927_1334_g103
25;2025-11-12;22;104.29112887501651;20260927_1334_g103
25;2025-11-12;23;7.5592352792613955;20260927_1334_g103
25;2025-11-13;0;0.0;20260927_1334_g103
25;2025-11-13;1;0.0;20260927_1334_g103
25;2025-11-13;2;0.0;20260927_1334_g103
25;2025-11-13;3;0.0;20260927_1334_g103
25;2025-11-13;4;0.0;20260927_1334_g103
25;2025-11-13;5;11.780204112151454;20260927_1334_g103
25;2025-11-13;6;210.91427270367447;20260927_1334_g103
25;2025-11-13;7;558.1130812333291;20260927_1334_g103
25;2025-11-13;8;971.2958425693196;20260927_1334_g103
25;2025-11-13;9;515.77799832966;20260927_1334_g103
25;2025-11-13;10;411.7604165209284;20260927_1334_g103
25;2025-11-13;11;465.65297976829726;20260927_1334_g103
25;2025-11-13;12;445.0810900152809;20260927_1334_g103
25;2025-11-13;13;574.1924239389933;20260927_1334_g103
25;2025-11-13;14;515.4296875998531;20260927_1334_g103
25;2025-11-13;15;604.2347294171716;20260927_1334_g103
25;2025-11-13;16;714.5748624238967;20260927_1334_g103
25;2025-11-13;17;773.9533805809336;20260927_1334_g103
25;2025-11-13;18;830.6523252172692;20260927_1334_g103
25;2025-11-13;19;602.7728773640433;20260927_1334_g103
25;2025-11-13;20;353.0623067850382;20260927_1334_g103
25;2025-11-13;21;232.9434899735909;20260927_1334_g103
25;2025-11-13;22;98.59478807731548;20260927_1334_g103
25;2025-11-13;23;6.7656667104857915;20260927_1334_g103
25;2025-11-14;0;0.0;20260927_1334_g103
25;2025-11-14;1;0.0;20260927_1334_g103
25;2025-11-14;2;0.0;20260927_1334_g103
25;2025-11-14;3;0.0;20260927_1334_g103
25;2025-11-14;4;0.0;20260927_1334_g103
25;2025-11-14;5;11.859049676717666;20260927_1334_g103
25;2025-11-14;6;228.07059787181353;20260927_1334_g103
25;2025-11-14;7;575.3654445045341;20260927_1334_g103
25;2025-11-14;8;873.7511334106041;20260927_1334_g103
25;2025-11-14;9;484.17861112823823;20260927_1334_g103
25;2025-11-14;10;401.37860995802515;20260927_1334_g103
25;2025-11-14;11;478.2886522981106;20260927_1334_g103
25;2025-11-14;12;471.6522244308216;20260927_1334_g103
25;2025-11-14;13;580.3110059900141;20260927_1334_g103
25;2025-11-14;14;526.7367505030679;20260927_1334_g103
25;2025-11-14;15;671.1288799909144;20260927_1334_g103
25;2025-11-14;16;794.5014586419645;20260927_1334_g103
25;2025-11-14;17;783.4219987627322;20260927_1334_g103
25;2025-11-14;18;716.7285608725902;20260927_1334_g103
25;2025-11-14;19;561.040742984016;20260927_1334_g103
25;2025-11-14;20;340.4291594507313;20260927_1334_g103
25;2025-11-14;21;231.90291737664364;20260927_1334_g103
25;2025-11-14;22;118.26449089618745;20260927_1334_g103
25;2025-11-14;23;13.774481717351499;20260927_1334_g103
25;2025-11-15;0;0.0;20260927_1334_g103
25;2025-11-15;1;0.0;20260927_1334_g103
25;2025-11-15;2;0.0;20260927_1334_g103
25;2025-11-15;3;0.0;20260927_1334_g103
25;2025-11-15;4;0.0;20260927_1334_g103
25;2025-11-15;5;9.451495931606823;20260927_1334_g103
25;2025-11-15;6;94.31492741890247;20260927_1334_g103
25;2025-11-15;7;139.2057559200647;20260927_1334_g103
25;2025-11-15;8;333.08527696535805;20260927_1334_g103
25;2025-11-15;9;312.04069288434397;20260927_1334_g103
25;2025-11-15;10;307.2905026204583;20260927_1334_g103
25;2025-11-15;11;424.21458618976686;20260927_1334_g103
25;2025-11-15;12;416.51101814014254;20260927_1334_g103
25;2025-11-15;13;634.8411177819204;20260927_1334_g103
25;2025-11-15;14;653.2688270301488;20260927_1334_g103
25;2025-11-15;15;735.1801313223473;20260927_1334_g103
25;2025-11-15;16;666.3794983766824;20260927_1334_g103
25;2025-11-15;17;556.3422567201428;20260927_1334_g103
25;2025-11-15;18;540.4606946159015;20260927_1334_g103
25;2025-11-15;19;475.51796288930916;20260927_1334_g103
25;2025-11-15;20;279.72385938289636;20260927_1334_g103
25;2025-11-15;21;220.72492478307677;20260927_1334_g103
25;2025-11-15;22;130.6967977148087;20260927_1334_g103
25;2025-11-15;23;49.40718165940331;20260927_1334_g103
25;2025-11-16;0;15.637386689868388;20260927_1334_g103
25;2025-11-16;1;0.0;20260927_1334_g103
25;2025-11-16;2;0.0;20260927_1334_g103
25;2025-11-16;3;0.0;20260927_1334_g103
25;2025-11-16;4;0.0;20260927_1334_g103
25;2025-11-16;5;5.737938233055164;20260927_1334_g103
25;2025-11-16;6;74.50639339120104;20260927_1334_g103
25;2025-11-16;7;103.00611047399796;20260927_1334_g103
25;2025-11-16;8;189.30906239233968;20260927_1334_g103
25;2025-11-16;9;227.84985353598094;20260927_1334_g103
25;2025-11-16;10;228.06568443717305;20260927_1334_g103
25;2025-11-16;11;316.48599245457905;20260927_1334_g103
25;2025-11-16;12;377.64956614165044;20260927_1334_g103
25;2025-11-16;13;484.88375687690495;20260927_1334_g103
25;2025-11-16;14;529.8249432176527;20260927_1334_g103
25;2025-11-16;15;656.7973619483039;20260927_1334_g103
25;2025-11-16;16;541.062642128587;20260927_1334_g103
25;2025-11-16;17;532.737312152378;20260927_1334_g103
25;2025-11-16;18;425.70698534959706;20260927_1334_g103
25;2025-11-16;19;326.97884587089226;20260927_1334_g103
25;2025-11-16;20;251.64441683098673;20260927_1334_g103
25;2025-11-16;21;159.29537719552914;20260927_1334_g103
25;2025-11-16;22;102.69572578421945;20260927_1334_g103
25;2025-11-16;23;36.904225380307054;20260927_1334_g103
25;2025-11-17;0;0.0;20260927_1334_g103
25;2025-11-17;1;0.0;20260927_1334_g103
25;2025-11-17;2;0.0;20260927_1334_g103
25;2025-11-17;3;0.0;20260927_1334_g103
25;2025-11-17;4;0.0;20260927_1334_g103
25;2025-11-17;5;11.740857801458626;20260927_1334_g103
25;2025-11-17;6;209.1722011554846;20260927_1334_g103
25;2025-11-17;7;555.5529566610035;20260927_1334_g103
25;2025-11-17;8;969.3563921839551;20260927_1334_g103
25;2025-11-17;9;520.4270946107797;20260927_1334_g103
25;2025-11-17;10;393.2562859447727;20260927_1334_g103
25;2025-11-17;11;454.5204235324481;20260927_1334_g103
25;2025-11-17;12;447.0637749757302;20260927_1334_g103
25;2025-11-17;13;579.2586871408515;20260927_1334_g103
25;2025-11-17;14;499.8102271171079;20260927_1334_g103
25;2025-11-17;15;582.6158986990474;20260927_1334_g103
25;2025-11-17;16;706.8234292074005;20260927_1334_g103
25;2025-11-17;17;769.097855049999;20260927_1334_g103
25;2025-11-17;18;821.190408877894;20260927_1334_g103
25;2025-11-17;19;584.3510591536078;20260927_1334_g103
25;2025-11-17;20;355.2433871936035;20260927_1334_g103
25;2025-11-17;21;231.3241615175062;20260927_1334_g103
25;2025-11-17;22;97.04328810513266;20260927_1334_g103
25;2025-11-17;23;7.0772759247836525;20260927_1334_g103
25;2025-11-18;0;0.0;20260927_1334_g103
25;2025-11-18;1;0.0;20260927_1334_g103
25;2025-11-18;2;0.0;20260927_1334_g103
25;2025-11-18;3;0.0;20260927_1334_g103
25;2025-11-18;4;0.0;20260927_1334_g103
25;2025-11-18;5;11.734840243503012;20260927_1334_g103
25;2025-11-18;6;210.63750124855025;20260927_1334_g103
25;2025-11-18;7;558.4671260851288;20260927_1334_g103
25;2025-11-18;8;966.6199401320998;20260927_1334_g103
25;2025-11-18;9;512.2525880644175;20260927_1334_g103
25;2025-11-18;10;398.8900255536175;20260927_1334_g103
25;2025-11-18;11;464.63749482545757;20260927_1334_g103
25;2025-11-18;12;444.1057848558159;20260927_1334_g103
25;2025-11-18;13;568.0609862313503;20260927_1334_g103
25;2025-11-18;14;501.7698822711771;20260927_1334_g103
25;2025-11-18;15;589.4620888631455;20260927_1334_g103
25;2025-11-18;16;710.806938336321;20260927_1334_g103
25;2025-11-18;17;768.371702413069;20260927_1334_g103
25;2025-11-18;18;825.1675603713628;20260927_1334_g103
25;2025-11-18;19;583.7755051405073;20260927_1334_g103
25;2025-11-18;20;354.2746921845571;20260927_1334_g103
25;2025-11-18;21;232.05860731617997;20260927_1334_g103
25;2025-11-18;22;97.89992783967055;20260927_1334_g103
25;2025-11-18;23;6.3101434599041735;20260927_1334_g103
25;2025-11-19;0;0.0;20260927_1334_g103
25;2025-11-19;1;0.0;20260927_1334_g103
25;2025-11-19;2;0.0;20260927_1334_g103
25;2025-11-19;3;0.0;20260927_1334_g103
25;2025-11-19;4;0.0;20260927_1334_g103
25;2025-11-19;5;11.767197544149763;20260927_1334_g103
25;2025-11-19;6;211.67680804966213;20260927_1334_g103
25;2025-11-19;7;557.3303084318215;20260927_1334_g103
25;2025-11-19;8;968.6573427328717;20260927_1334_g103
25;2025-11-19;9;512.9827222214329;20260927_1334_g103
25;2025-11-19;10;402.28914274873404;20260927_1334_g103
25;2025-11-19;11;471.98884985961485;20260927_1334_g103
25;2025-11-19;12;457.039333767967;20260927_1334_g103
25;2025-11-19;13;586.7247901199144;20260927_1334_g103
25;2025-11-19;14;464.91360377659265;20260927_1334_g103
25;2025-11-19;15;590.4433116954701;20260927_1334_g103
25;2025-11-19;16;707.6625727342775;20260927_1334_g103
25;2025-11-19;17;788.3564855148348;20260927_1334_g103
25;2025-11-19;18;847.073607020606;20260927_1334_g103
25;2025-11-19;19;603.7420402770541;20260927_1334_g103
25;2025-11-19;20;359.48287282580606;20260927_1334_g103
25;2025-11-19;21;247.6633381688132;20260927_1334_g103
25;2025-11-19;22;104.29112887501651;20260927_1334_g103
25;2025-11-19;23;7.5592352792613955;20260927_1334_g103
25;2025-11-20;0;0.0;20260927_1334_g103
25;2025-11-20;1;0.0;20260927_1334_g103
25;2025-11-20;2;0.0;20260927_1334_g103
25;2025-11-20;3;0.0;20260927_1334_g103
25;2025-11-20;4;0.0;20260927_1334_g103
25;2025-11-20;5;11.780204112151454;20260927_1334_g103
25;2025-11-20;6;210.91427270367447;20260927_1334_g103
25;2025-11-20;7;558.1130812333291;20260927_1334_g103
25;2025-11-20;8;971.2958425693196;20260927_1334_g103
25;2025-11-20;9;515.77799832966;20260927_1334_g103
25;2025-11-20;10;411.7604165209284;20260927_1334_g103
25;2025-11-20;11;465.65297976829726;20260927_1334_g103
25;2025-11-20;12;445.0810900152809;20260927_1334_g103
25;2025-11-20;13;574.1924239389933;20260927_1334_g103
25;2025-11-20;14;515.4296875998531;20260927_1334_g103
25;2025-11-20;15;604.2347294171716;20260927_1334_g103
25;2025-11-20;16;714.5748624238967;20260927_1334_g103
25;2025-11-20;17;773.9533805809336;20260927_1334_g103
25;2025-11-20;18;830.6523252172692;20260927_1334_g103
25;2025-11-20;19;602.7728773640433;20260927_1334_g103
25;2025-11-20;20;353.0623067850382;20260927_1334_g103
25;2025-11-20;21;232.9434899735909;20260927_1334_g103
25;2025-11-20;22;98.59478807731548;20260927_1334_g103
25;2025-11-20;23;6.7656667104857915;20260927_1334_g103
25;2025-11-21;0;0.0;20260927_1334_g103
25;2025-11-21;1;0.0;20260927_1334_g103
25;2025-11-21;2;0.0;20260927_1334_g103
25;2025-11-21;3;0.0;20260927_1334_g103
25;2025-11-21;4;0.0;20260927_1334_g103
25;2025-11-21;5;11.859049676717666;20260927_1334_g103
25;2025-11-21;6;228.07059787181353;20260927_1334_g103
25;2025-11-21;7;575.3654445045341;20260927_1334_g103
25;2025-11-21;8;873.7511334106041;20260927_1334_g103
25;2025-11-21;9;484.17861112823823;20260927_1334_g103
25;2025-11-21;10;401.37860995802515;20260927_1334_g103
25;2025-11-21;11;478.2886522981106;20260927_1334_g103
25;2025-11-21;12;471.6522244308216;20260927_1334_g103
25;2025-11-21;13;580.3110059900141;20260927_1334_g103
25;2025-11-21;14;526.7367505030679;20260927_1334_g103
25;2025-11-21;15;671.1288799909144;20260927_1334_g103
25;2025-11-21;16;794.5014586419645;20260927_1334_g103
25;2025-11-21;17;783.4219987627322;20260927_1334_g103
25;2025-11-21;18;716.7285608725902;20260927_1334_g103
25;2025-11-21;19;561.040742984016;20260927_1334_g103
25;2025-11-21;20;340.4291594507313;20260927_1334_g103
25;2025-11-21;21;231.90291737664364;20260927_1334_g103
25;2025-11-21;22;118.26449089618745;20260927_1334_g103
25;2025-11-21;23;13.774481717351499;20260927_1334_g103
25;2025-11-22;0;0.0;20260927_1334_g103
25;2025-11-22;1;0.0;20260927_1334_g103
25;2025-11-22;2;0.0;20260927_1334_g103
25;2025-11-22;3;0.0;20260927_1334_g103
25;2025-11-22;4;0.0;20260927_1334_g103
25;2025-11-22;5;8.759798617595607;20260927_1334_g103
25;2025-11-22;6;89.16039860554015;20260927_1334_g103
25;2025-11-22;7;142.97927056307023;20260927_1334_g103
25;2025-11-22;8;337.1080005726789;20260927_1334_g103
25;2025-11-22;9;317.5473052966757;20260927_1334_g103
25;2025-11-22;10;309.1560965032497;20260927_1334_g103
25;2025-11-22;11;423.92664877110104;20260927_1334_g103
25;2025-11-22;12;416.07057119923655;20260927_1334_g103
25;2025-11-22;13;630.9855785900937;20260927_1334_g103
25;2025-11-22;14;655.451967094637;20260927_1334_g103
25;2025-11-22;15;730.7285015693757;20260927_1334_g103
25;2025-11-22;16;661.2145251295963;20260927_1334_g103
25;2025-11-22;17;551.5079900122511;20260927_1334_g103
25;2025-11-22;18;547.9038899927185;20260927_1334_g103
25;2025-11-22;19;479.95553040931816;20260927_1334_g103
25;2025-11-22;20;287.32224591876957;20260927_1334_g103
25;2025-11-22;21;225.93462481869128;20260927_1334_g103
25;2025-11-22;22;136.19676322773887;20260927_1334_g103
25;2025-11-22;23;51.1961292234223;20260927_1334_g103
25;2025-11-23;0;15.904814330264047;20260927_1334_g103
25;2025-11-23;1;0.0;20260927_1334_g103
25;2025-11-23;2;0.0;20260927_1334_g103
25;2025-11-23;3;0.0;20260927_1334_g103
25;2025-11-23;4;0.0;20260927_1334_g103
25;2025-11-23;5;5.363363491100465;20260927_1334_g103
25;2025-11-23;6;70.52592973276109;20260927_1334_g103
25;2025-11-23;7;104.50141249841623;20260927_1334_g103
25;2025-11-23;8;191.31651565836256;20260927_1334_g103
25;2025-11-23;9;230.17570691941873;20260927_1334_g103
25;2025-11-23;10;229.16397005551084;20260927_1334_g103
25;2025-11-23;11;314.81583278632934;20260927_1334_g103
25;2025-11-23;12;379.4979960821564;20260927_1334_g103
25;2025-11-23;13;487.53819393918417;20260927_1334_g103
25;2025-11-23;14;527.7020687332252;20260927_1334_g103
25;2025-11-23;15;663.9345623192801;20260927_1334_g103
25;2025-11-23;16;541.6857455850903;20260927_1334_g103
25;2025-11-23;17;532.0115581280995;20260927_1334_g103
25;2025-11-23;18;430.4971758788844;20260927_1334_g103
25;2025-11-23;19;337.27353747027496;20260927_1334_g103
25;2025-11-23;20;258.5069110000262;20260927_1334_g103
25;2025-11-23;21;165.29042916924806;20260927_1334_g103
25;2025-11-23;22;107.30093469497882;20260927_1334_g103
25;2025-11-23;23;38.36653502245668;20260927_1334_g103
25;2025-11-24;0;0.0;20260927_1334_g103
25;2025-11-24;1;0.0;20260927_1334_g103
25;2025-11-24;2;0.0;20260927_1334_g103
25;2025-11-24;3;0.0;20260927_1334_g103
25;2025-11-24;4;0.0;20260927_1334_g103
25;2025-11-24;5;11.165988992599253;20260927_1334_g103
25;2025-11-24;6;204.87040756626487;20260927_1334_g103
25;2025-11-24;7;560.1684703352647;20260927_1334_g103
25;2025-11-24;8;975.4588228196003;20260927_1334_g103
25;2025-11-24;9;512.3252530297248;20260927_1334_g103
25;2025-11-24;10;395.2674746737056;20260927_1334_g103
25;2025-11-24;11;453.1827071007073;20260927_1334_g103
25;2025-11-24;12;439.99840991980113;20260927_1334_g103
25;2025-11-24;13;571.0343942906762;20260927_1334_g103
25;2025-11-24;14;496.8918248030257;20260927_1334_g103
25;2025-11-24;15;584.9569742462651;20260927_1334_g103
25;2025-11-24;16;705.5608497238903;20260927_1334_g103
25;2025-11-24;17;770.2868626370989;20260927_1334_g103
25;2025-11-24;18;831.6998182424646;20260927_1334_g103
25;2025-11-24;19;588.5806413090778;20260927_1334_g103
25;2025-11-24;20;357.45007794783896;20260927_1334_g103
25;2025-11-24;21;234.9253781210733;20260927_1334_g103
25;2025-11-24;22;100.05888962673686;20260927_1334_g103
25;2025-11-24;23;7.041976231706464;20260927_1334_g103
25;2025-11-25;0;0.0;20260927_1334_g103
25;2025-11-25;1;0.0;20260927_1334_g103
25;2025-11-25;2;0.0;20260927_1334_g103
25;2025-11-25;3;0.0;20260927_1334_g103
25;2025-11-25;4;0.0;20260927_1334_g103
25;2025-11-25;5;11.163983139947383;20260927_1334_g103
25;2025-11-25;6;205.3588409306201;20260927_1334_g103
25;2025-11-25;7;561.1398601433066;20260927_1334_g103
25;2025-11-25;8;974.5466721356485;20260927_1334_g103
25;2025-11-25;9;509.60041751427065;20260927_1334_g103
25;2025-11-25;10;397.1453878766538;20260927_1334_g103
25;2025-11-25;11;456.55506419837724;20260927_1334_g103
25;2025-11-25;12;439.012413213163;20260927_1334_g103
25;2025-11-25;13;567.3018273208424;20260927_1334_g103
25;2025-11-25;14;497.5450431877155;20260927_1334_g103
25;2025-11-25;15;587.2390376342977;20260927_1334_g103
25;2025-11-25;16;706.8886861001971;20260927_1334_g103
25;2025-11-25;17;770.0448117581223;20260927_1334_g103
25;2025-11-25;18;833.0255354069543;20260927_1334_g103
25;2025-11-25;19;588.3887899713776;20260927_1334_g103
25;2025-11-25;20;357.1271796114902;20260927_1334_g103
25;2025-11-25;21;235.17019338729787;20260927_1334_g103
25;2025-11-25;22;100.34443620491615;20260927_1334_g103
25;2025-11-25;23;6.786265410079971;20260927_1334_g103
25;2025-11-26;0;0.0;20260927_1334_g103
25;2025-11-26;1;0.0;20260927_1334_g103
25;2025-11-26;2;0.0;20260927_1334_g103
25;2025-11-26;3;0.0;20260927_1334_g103
25;2025-11-26;4;0.0;20260927_1334_g103
25;2025-11-26;5;11.174768906829632;20260927_1334_g103
25;2025-11-26;6;205.7052765309907;20260927_1334_g103
25;2025-11-26;7;560.7609209255374;20260927_1334_g103
25;2025-11-26;8;975.2258063359056;20260927_1334_g103
25;2025-11-26;9;509.84379556660923;20260927_1334_g103
25;2025-11-26;10;398.2784269416927;20260927_1334_g103
25;2025-11-26;11;459.0055158764296;20260927_1334_g103
25;2025-11-26;12;443.3235961838801;20260927_1334_g103
25;2025-11-26;13;573.5230952836972;20260927_1334_g103
25;2025-11-26;14;485.25961702285406;20260927_1334_g103
25;2025-11-26;15;587.5661119117393;20260927_1334_g103
25;2025-11-26;16;705.8405642328494;20260927_1334_g103
25;2025-11-26;17;776.7064061253776;20260927_1334_g103
25;2025-11-26;18;840.3275509567021;20260927_1334_g103
25;2025-11-26;19;595.0443016835599;20260927_1334_g103
25;2025-11-26;20;358.8632398252398;20260927_1334_g103
25;2025-11-26;21;240.37177033817562;20260927_1334_g103
25;2025-11-26;22;102.47483655003147;20260927_1334_g103
25;2025-11-26;23;7.2026293498657115;20260927_1334_g103
25;2025-11-27;0;0.0;20260927_1334_g103
25;2025-11-27;1;0.0;20260927_1334_g103
25;2025-11-27;2;0.0;20260927_1334_g103
25;2025-11-27;3;0.0;20260927_1334_g103
25;2025-11-27;4;0.0;20260927_1334_g103
25;2025-11-27;5;11.179104429496862;20260927_1334_g103
25;2025-11-27;6;205.45109808232814;20260927_1334_g103
25;2025-11-27;7;561.0218451927067;20260927_1334_g103
25;2025-11-27;8;976.1053062813884;20260927_1334_g103
25;2025-11-27;9;510.7755542693515;20260927_1334_g103
25;2025-11-27;10;401.4355181990908;20260927_1334_g103
25;2025-11-27;11;456.89355917932374;20260927_1334_g103
25;2025-11-27;12;439.3375149329847;20260927_1334_g103
25;2025-11-27;13;569.3456398900569;20260927_1334_g103
25;2025-11-27;14;502.09831163060744;20260927_1334_g103
25;2025-11-27;15;592.1632511523064;20260927_1334_g103
25;2025-11-27;16;708.1446607960557;20260927_1334_g103
25;2025-11-27;17;771.9053711474105;20260927_1334_g103
25;2025-11-27;18;834.8537903555898;20260927_1334_g103
25;2025-11-27;19;594.721247379223;20260927_1334_g103
25;2025-11-27;20;356.7230511449839;20260927_1334_g103
25;2025-11-27;21;235.46515427310152;20260927_1334_g103
25;2025-11-27;22;100.57605628413113;20260927_1334_g103
25;2025-11-27;23;6.938106493607177;20260927_1334_g103
25;2025-11-28;0;0.0;20260927_1334_g103
25;2025-11-28;1;0.0;20260927_1334_g103
25;2025-11-28;2;0.0;20260927_1334_g103
25;2025-11-28;3;0.0;20260927_1334_g103
25;2025-11-28;4;0.0;20260927_1334_g103
25;2025-11-28;5;11.583275304641269;20260927_1334_g103
25;2025-11-28;6;224.86134134717798;20260927_1334_g103
25;2025-11-28;7;582.0983250804184;20260927_1334_g103
25;2025-11-28;8;883.1197010522818;20260927_1334_g103
25;2025-11-28;9;485.566408695433;20260927_1334_g103
25;2025-11-28;10;399.48932298572396;20260927_1334_g103
25;2025-11-28;11;477.07479547193446;20260927_1334_g103
25;2025-11-28;12;471.02194868477704;20260927_1334_g103
25;2025-11-28;13;578.8218537246437;20260927_1334_g103
25;2025-11-28;14;531.2411876116649;20260927_1334_g103
25;2025-11-28;15;676.297393891298;20260927_1334_g103
25;2025-11-28;16;794.9889891093856;20260927_1334_g103
25;2025-11-28;17;787.8974213523145;20260927_1334_g103
25;2025-11-28;18;725.6130588478768;20260927_1334_g103
25;2025-11-28;19;557.6937878474557;20260927_1334_g103
25;2025-11-28;20;343.0144839863288;20260927_1334_g103
25;2025-11-28;21;236.87973798342432;20260927_1334_g103
25;2025-11-28;22;122.34489710336106;20260927_1334_g103
25;2025-11-28;23;13.2469934082183;20260927_1334_g103
25;2025-11-29;0;0.0;20260927_1334_g103
25;2025-11-29;1;0.0;20260927_1334_g103
25;2025-11-29;2;0.0;20260927_1334_g103
25;2025-11-29;3;0.0;20260927_1334_g103
25;2025-11-29;4;0.0;20260927_1334_g103
25;2025-11-29;5;8.759798617595607;20260927_1334_g103
25;2025-11-29;6;89.16039860554015;20260927_1334_g103
25;2025-11-29;7;142.97927056307023;20260927_1334_g103
25;2025-11-29;8;337.1080005726789;20260927_1334_g103
25;2025-11-29;9;317.5473052966757;20260927_1334_g103
25;2025-11-29;10;309.1560965032497;20260927_1334_g103
25;2025-11-29;11;423.92664877110104;20260927_1334_g103
25;2025-11-29;12;416.07057119923655;20260927_1334_g103
25;2025-11-29;13;630.9855785900937;20260927_1334_g103
25;2025-11-29;14;655.451967094637;20260927_1334_g103
25;2025-11-29;15;730.7285015693757;20260927_1334_g103
25;2025-11-29;16;661.2145251295963;20260927_1334_g103
25;2025-11-29;17;551.5079900122511;20260927_1334_g103
25;2025-11-29;18;547.9038899927185;20260927_1334_g103
25;2025-11-29;19;479.95553040931816;20260927_1334_g103
25;2025-11-29;20;287.32224591876957;20260927_1334_g103
25;2025-11-29;21;225.93462481869128;20260927_1334_g103
25;2025-11-29;22;136.19676322773887;20260927_1334_g103
25;2025-11-29;23;51.1961292234223;20260927_1334_g103
25;2025-11-30;0;15.904814330264047;20260927_1334_g103
25;2025-11-30;1;0.0;20260927_1334_g103
25;2025-11-30;2;0.0;20260927_1334_g103
25;2025-11-30;3;0.0;20260927_1334_g103
25;2025-11-30;4;0.0;20260927_1334_g103
25;2025-11-30;5;5.363363491100465;20260927_1334_g103
25;2025-11-30;6;70.52592973276109;20260927_1334_g103
25;2025-11-30;7;104.50141249841623;20260927_1334_g103
25;2025-11-30;8;191.31651565836256;20260927_1334_g103
25;2025-11-30;9;230.17570691941873;20260927_1334_g103
25;2025-11-30;10;229.16397005551084;20260927_1334_g103
25;2025-11-30;11;314.81583278632934;20260927_1334_g103
25;2025-11-30;12;379.4979960821564;20260927_1334_g103
25;2025-11-30;13;487.53819393918417;20260927_1334_g103
25;2025-11-30;14;527.7020687332252;20260927_1334_g103
25;2025-11-30;15;663.9345623192801;20260927_1334_g103
25;2025-11-30;16;541.6857455850903;20260927_1334_g103
25;2025-11-30;17;532.0115581280995;20260927_1334_g103
25;2025-11-30;18;430.4971758788844;20260927_1334_g103
25;2025-11-30;19;337.27353747027496;20260927_1334_g103
25;2025-11-30;20;258.5069110000262;20260927_1334_g103
25;2025-11-30;21;165.29042916924806;20260927_1334_g103
25;2025-11-30;22;107.30093469497882;20260927_1334_g103
25;2025-11-30;23;38.36653502245668;20260927_1334_g103
25;2025-12-01;0;0.0;20260927_1334_g103
25;2025-12-01;1;0.0;20260927_1334_g103
25;2025-12-01;2;0.0;20260927_1334_g103
25;2025-12-01;3;0.0;20260927_1334_g103
25;2025-12-01;4;0.0;20260927_1334_g103
25;2025-12-01;5;10.94266921274727;20260927_1334_g103
25;2025-12-01;6;200.77299941493956;20260927_1334_g103
25;2025-12-01;7;548.9651009285594;20260927_1334_g103
25;2025-12-01;8;955.949646363208;20260927_1334_g103
25;2025-12-01;9;502.07874796913023;20260927_1334_g103
25;2025-12-01;10;387.36212518023143;20260927_1334_g103
25;2025-12-01;11;444.11905295869315;20260927_1334_g103
25;2025-12-01;12;431.1984417214051;20260927_1334_g103
25;2025-12-01;13;559.6137064048627;20260927_1334_g103
25;2025-12-01;14;486.9539883069652;20260927_1334_g103
25;2025-12-01;15;573.2578347613398;20260927_1334_g103
25;2025-12-01;16;691.4496327294124;20260927_1334_g103
25;2025-12-01;17;754.8811253843569;20260927_1334_g103
25;2025-12-01;18;815.0658218776153;20260927_1334_g103
25;2025-12-01;19;576.8090284828962;20260927_1334_g103
25;2025-12-01;20;350.30107638888217;20260927_1334_g103
25;2025-12-01;21;230.22687055865185;20260927_1334_g103
25;2025-12-01;22;98.05771183420214;20260927_1334_g103
25;2025-12-01;23;6.901136707072334;20260927_1334_g103
25;2025-12-02;0;0.0;20260927_1334_g103
25;2025-12-02;1;0.0;20260927_1334_g103
25;2025-12-02;2;0.0;20260927_1334_g103
25;2025-12-02;3;0.0;20260927_1334_g103
25;2025-12-02;4;0.0;20260927_1334_g103
25;2025-12-02;5;10.940703477148435;20260927_1334_g103
25;2025-12-02;6;201.25166411200766;20260927_1334_g103
25;2025-12-02;7;549.9170629404404;20260927_1334_g103
25;2025-12-02;8;955.0557386929354;20260927_1334_g103
25;2025-12-02;9;499.40840916398525;20260927_1334_g103
25;2025-12-02;10;389.20248011912076;20260927_1334_g103
25;2025-12-02;11;447.4239629144096;20260927_1334_g103
25;2025-12-02;12;430.23216494889977;20260927_1334_g103
25;2025-12-02;13;555.9557907744256;20260927_1334_g103
25;2025-12-02;14;487.59414232396114;20260927_1334_g103
25;2025-12-02;15;575.4942568816118;20260927_1334_g103
25;2025-12-02;16;692.7509123781931;20260927_1334_g103
25;2025-12-02;17;754.6439155229598;20260927_1334_g103
25;2025-12-02;18;816.3650246988152;20260927_1334_g103
25;2025-12-02;19;576.6210141719502;20260927_1334_g103
25;2025-12-02;20;349.9846360192604;20260927_1334_g103
25;2025-12-02;21;230.46678951955192;20260927_1334_g103
25;2025-12-02;22;98.33754748081782;20260927_1334_g103
25;2025-12-02;23;6.650540101878372;20260927_1334_g103
25;2025-12-03;0;0.0;20260927_1334_g103
25;2025-12-03;1;0.0;20260927_1334_g103
25;2025-12-03;2;0.0;20260927_1334_g103
25;2025-12-03;3;0.0;20260927_1334_g103
25;2025-12-03;4;0.0;20260927_1334_g103
25;2025-12-03;5;10.95127352869304;20260927_1334_g103
25;2025-12-03;6;201.59117100037088;20260927_1334_g103
25;2025-12-03;7;549.5457025070267;20260927_1334_g103
25;2025-12-03;8;955.7212902091874;20260927_1334_g103
25;2025-12-03;9;499.64691965527703;20260927_1334_g103
25;2025-12-03;10;390.31285840285875;20260927_1334_g103
25;2025-12-03;11;449.825405558901;20260927_1334_g103
25;2025-12-03;12;434.45712426020253;20260927_1334_g103
25;2025-12-03;13;562.0526333780233;20260927_1334_g103
25;2025-12-03;14;475.5544246823969;20260927_1334_g103
25;2025-12-03;15;575.8147896735045;20260927_1334_g103
25;2025-12-03;16;691.7237529481923;20260927_1334_g103
25;2025-12-03;17;761.17227800287;20260927_1334_g103
25;2025-12-03;18;823.520999937568;20260927_1334_g103
25;2025-12-03;19;583.1434156498885;20260927_1334_g103
25;2025-12-03;20;351.685975028735;20260927_1334_g103
25;2025-12-03;21;235.5643349314121;20260927_1334_g103
25;2025-12-03;22;100.42533981903084;20260927_1334_g103
25;2025-12-03;23;7.058576762868397;20260927_1334_g103
25;2025-12-04;0;0.0;20260927_1334_g103
25;2025-12-04;1;0.0;20260927_1334_g103
25;2025-12-04;2;0.0;20260927_1334_g103
25;2025-12-04;3;0.0;20260927_1334_g103
25;2025-12-04;4;0.0;20260927_1334_g103
25;2025-12-04;5;10.955522340906926;20260927_1334_g103
25;2025-12-04;6;201.34207612068158;20260927_1334_g103
25;2025-12-04;7;549.8014082888526;20260927_1334_g103
25;2025-12-04;8;956.5832001557606;20260927_1334_g103
25;2025-12-04;9;500.5600431839644;20260927_1334_g103
25;2025-12-04;10;393.40680783510896;20260927_1334_g103
25;2025-12-04;11;447.7556879957373;20260927_1334_g103
25;2025-12-04;12;430.550764634325;20260927_1334_g103
25;2025-12-04;13;557.9587270922557;20260927_1334_g103
25;2025-12-04;14;492.0563453979953;20260927_1334_g103
25;2025-12-04;15;580.3199861292603;20260927_1334_g103
25;2025-12-04;16;693.9817675801347;20260927_1334_g103
25;2025-12-04;17;756.4672637244622;20260927_1334_g103
25;2025-12-04;18;818.1567145484779;20260927_1334_g103
25;2025-12-04;19;582.8268224316384;20260927_1334_g103
25;2025-12-04;20;349.58859012208416;20260927_1334_g103
25;2025-12-04;21;230.7558511876395;20260927_1334_g103
25;2025-12-04;22;98.56453515844849;20260927_1334_g103
25;2025-12-04;23;6.799344363735033;20260927_1334_g103
25;2025-12-05;0;0.0;20260927_1334_g103
25;2025-12-05;1;0.0;20260927_1334_g103
25;2025-12-05;2;0.0;20260927_1334_g103
25;2025-12-05;3;0.0;20260927_1334_g103
25;2025-12-05;4;0.0;20260927_1334_g103
25;2025-12-05;5;11.351609798548443;20260927_1334_g103
25;2025-12-05;6;220.3641145202345;20260927_1334_g103
25;2025-12-05;7;570.4563585788101;20260927_1334_g103
25;2025-12-05;8;865.4573070312362;20260927_1334_g103
25;2025-12-05;9;475.8550805215243;20260927_1334_g103
25;2025-12-05;10;391.4995365260095;20260927_1334_g103
25;2025-12-05;11;467.5332995624957;20260927_1334_g103
25;2025-12-05;12;461.6015097110815;20260927_1334_g103
25;2025-12-05;13;567.2454166501508;20260927_1334_g103
25;2025-12-05;14;520.6163638594317;20260927_1334_g103
25;2025-12-05;15;662.7714460134722;20260927_1334_g103
25;2025-12-05;16;779.0892093271979;20260927_1334_g103
25;2025-12-05;17;772.1394729252683;20260927_1334_g103
25;2025-12-05;18;711.1007976709193;20260927_1334_g103
25;2025-12-05;19;546.5399120905066;20260927_1334_g103
25;2025-12-05;20;336.1541943066022;20260927_1334_g103
25;2025-12-05;21;232.1421432237558;20260927_1334_g103
25;2025-12-05;22;119.89799916129384;20260927_1334_g103
25;2025-12-05;23;12.982053540053931;20260927_1334_g103
25;2025-12-06;0;0.0;20260927_1334_g103
25;2025-12-06;1;0.0;20260927_1334_g103
25;2025-12-06;2;0.0;20260927_1334_g103
25;2025-12-06;3;0.0;20260927_1334_g103
25;2025-12-06;4;0.0;20260927_1334_g103
25;2025-12-06;5;8.584602645243695;20260927_1334_g103
25;2025-12-06;6;87.37719063342935;20260927_1334_g103
25;2025-12-06;7;140.11968515180882;20260927_1334_g103
25;2025-12-06;8;330.36584056122535;20260927_1334_g103
25;2025-12-06;9;311.1963591907422;20260927_1334_g103
25;2025-12-06;10;302.9729745731848;20260927_1334_g103
25;2025-12-06;11;415.4481157956789;20260927_1334_g103
25;2025-12-06;12;407.7491597752518;20260927_1334_g103
25;2025-12-06;13;618.3658670182919;20260927_1334_g103
25;2025-12-06;14;642.3429277527443;20260927_1334_g103
25;2025-12-06;15;716.113931537988;20260927_1334_g103
25;2025-12-06;16;647.9902346270044;20260927_1334_g103
25;2025-12-06;17;540.477830212006;20260927_1334_g103
25;2025-12-06;18;536.9458121928642;20260927_1334_g103
25;2025-12-06;19;470.3564198011318;20260927_1334_g103
25;2025-12-06;20;281.5758010003942;20260927_1334_g103
25;2025-12-06;21;221.41593232231745;20260927_1334_g103
25;2025-12-06;22;133.4728279631841;20260927_1334_g103
25;2025-12-06;23;50.172206638953845;20260927_1334_g103
25;2025-12-07;0;15.586718043658767;20260927_1334_g103
25;2025-12-07;1;0.0;20260927_1334_g103
25;2025-12-07;2;0.0;20260927_1334_g103
25;2025-12-07;3;0.0;20260927_1334_g103
25;2025-12-07;4;0.0;20260927_1334_g103
25;2025-12-07;5;5.2560962212784545;20260927_1334_g103
25;2025-12-07;6;69.11541113810586;20260927_1334_g103
25;2025-12-07;7;102.4113842484479;20260927_1334_g103
25;2025-12-07;8;187.49018534519527;20260927_1334_g103
25;2025-12-07;9;225.5721927810304;20260927_1334_g103
25;2025-12-07;10;224.5806906544006;20260927_1334_g103
25;2025-12-07;11;308.5195161306027;20260927_1334_g103
25;2025-12-07;12;371.90803616051335;20260927_1334_g103
25;2025-12-07;13;477.7874300604005;20260927_1334_g103
25;2025-12-07;14;517.1480273585607;20260927_1334_g103
25;2025-12-07;15;650.6558710728945;20260927_1334_g103
25;2025-12-07;16;530.8520306733884;20260927_1334_g103
25;2025-12-07;17;521.3713269655376;20260927_1334_g103
25;2025-12-07;18;421.88723236130676;20260927_1334_g103
25;2025-12-07;19;330.52806672086945;20260927_1334_g103
25;2025-12-07;20;253.33677278002568;20260927_1334_g103
25;2025-12-07;21;161.98462058586307;20260927_1334_g103
25;2025-12-07;22;105.15491600107924;20260927_1334_g103
25;2025-12-07;23;37.59920432200755;20260927_1334_g103
25;2025-12-08;0;0.0;20260927_1334_g103
25;2025-12-08;1;0.0;20260927_1334_g103
25;2025-12-08;2;0.0;20260927_1334_g103
25;2025-12-08;3;0.0;20260927_1334_g103
25;2025-12-08;4;0.0;20260927_1334_g103
25;2025-12-08;5;10.94266921274727;20260927_1334_g103
25;2025-12-08;6;200.77299941493956;20260927_1334_g103
25;2025-12-08;7;548.9651009285594;20260927_1334_g103
25;2025-12-08;8;955.949646363208;20260927_1334_g103
25;2025-12-08;9;502.07874796913023;20260927_1334_g103
25;2025-12-08;10;387.36212518023143;20260927_1334_g103
25;2025-12-08;11;444.11905295869315;20260927_1334_g103
25;2025-12-08;12;431.1984417214051;20260927_1334_g103
25;2025-12-08;13;559.6137064048627;20260927_1334_g103
25;2025-12-08;14;486.9539883069652;20260927_1334_g103
25;2025-12-08;15;573.2578347613398;20260927_1334_g103
25;2025-12-08;16;691.4496327294124;20260927_1334_g103
25;2025-12-08;17;754.8811253843569;20260927_1334_g103
25;2025-12-08;18;815.0658218776153;20260927_1334_g103
25;2025-12-08;19;576.8090284828962;20260927_1334_g103
25;2025-12-08;20;350.30107638888217;20260927_1334_g103
25;2025-12-08;21;230.22687055865185;20260927_1334_g103
25;2025-12-08;22;98.05771183420214;20260927_1334_g103
25;2025-12-08;23;6.901136707072334;20260927_1334_g103
25;2025-12-09;0;0.0;20260927_1334_g103
25;2025-12-09;1;0.0;20260927_1334_g103
25;2025-12-09;2;0.0;20260927_1334_g103
25;2025-12-09;3;0.0;20260927_1334_g103
25;2025-12-09;4;0.0;20260927_1334_g103
25;2025-12-09;5;10.940703477148435;20260927_1334_g103
25;2025-12-09;6;201.25166411200766;20260927_1334_g103
25;2025-12-09;7;549.9170629404404;20260927_1334_g103
25;2025-12-09;8;955.0557386929354;20260927_1334_g103
25;2025-12-09;9;499.40840916398525;20260927_1334_g103
25;2025-12-09;10;389.20248011912076;20260927_1334_g103
25;2025-12-09;11;447.4239629144096;20260927_1334_g103
25;2025-12-09;12;430.23216494889977;20260927_1334_g103
25;2025-12-09;13;555.9557907744256;20260927_1334_g103
25;2025-12-09;14;487.59414232396114;20260927_1334_g103
25;2025-12-09;15;575.4942568816118;20260927_1334_g103
25;2025-12-09;16;692.7509123781931;20260927_1334_g103
25;2025-12-09;17;754.6439155229598;20260927_1334_g103
25;2025-12-09;18;816.3650246988152;20260927_1334_g103
25;2025-12-09;19;576.6210141719502;20260927_1334_g103
25;2025-12-09;20;349.9846360192604;20260927_1334_g103
25;2025-12-09;21;230.46678951955192;20260927_1334_g103
25;2025-12-09;22;98.33754748081782;20260927_1334_g103
25;2025-12-09;23;6.650540101878372;20260927_1334_g103
25;2025-12-10;0;0.0;20260927_1334_g103
25;2025-12-10;1;0.0;20260927_1334_g103
25;2025-12-10;2;0.0;20260927_1334_g103
25;2025-12-10;3;0.0;20260927_1334_g103
25;2025-12-10;4;0.0;20260927_1334_g103
25;2025-12-10;5;10.95127352869304;20260927_1334_g103
25;2025-12-10;6;201.59117100037088;20260927_1334_g103
25;2025-12-10;7;549.5457025070267;20260927_1334_g103
25;2025-12-10;8;955.7212902091874;20260927_1334_g103
25;2025-12-10;9;499.64691965527703;20260927_1334_g103
25;2025-12-10;10;390.31285840285875;20260927_1334_g103
25;2025-12-10;11;449.825405558901;20260927_1334_g103
25;2025-12-10;12;434.45712426020253;20260927_1334_g103
25;2025-12-10;13;562.0526333780233;20260927_1334_g103
25;2025-12-10;14;475.5544246823969;20260927_1334_g103
25;2025-12-10;15;575.8147896735045;20260927_1334_g103
25;2025-12-10;16;691.7237529481923;20260927_1334_g103
25;2025-12-10;17;761.17227800287;20260927_1334_g103
25;2025-12-10;18;823.520999937568;20260927_1334_g103
25;2025-12-10;19;583.1434156498885;20260927_1334_g103
25;2025-12-10;20;351.685975028735;20260927_1334_g103
25;2025-12-10;21;235.5643349314121;20260927_1334_g103
25;2025-12-10;22;100.42533981903084;20260927_1334_g103
25;2025-12-10;23;7.058576762868397;20260927_1334_g103
25;2025-12-11;0;0.0;20260927_1334_g103
25;2025-12-11;1;0.0;20260927_1334_g103
25;2025-12-11;2;0.0;20260927_1334_g103
25;2025-12-11;3;0.0;20260927_1334_g103
25;2025-12-11;4;0.0;20260927_1334_g103
25;2025-12-11;5;10.955522340906926;20260927_1334_g103
25;2025-12-11;6;201.34207612068158;20260927_1334_g103
25;2025-12-11;7;549.8014082888526;20260927_1334_g103
25;2025-12-11;8;956.5832001557606;20260927_1334_g103
25;2025-12-11;9;500.5600431839644;20260927_1334_g103
25;2025-12-11;10;393.40680783510896;20260927_1334_g103
25;2025-12-11;11;447.7556879957373;20260927_1334_g103
25;2025-12-11;12;430.550764634325;20260927_1334_g103
25;2025-12-11;13;557.9587270922557;20260927_1334_g103
25;2025-12-11;14;492.0563453979953;20260927_1334_g103
25;2025-12-11;15;580.3199861292603;20260927_1334_g103
25;2025-12-11;16;693.9817675801347;20260927_1334_g103
25;2025-12-11;17;756.4672637244622;20260927_1334_g103
25;2025-12-11;18;818.1567145484779;20260927_1334_g103
25;2025-12-11;19;582.8268224316384;20260927_1334_g103
25;2025-12-11;20;349.58859012208416;20260927_1334_g103
25;2025-12-11;21;230.7558511876395;20260927_1334_g103
25;2025-12-11;22;98.56453515844849;20260927_1334_g103
25;2025-12-11;23;6.799344363735033;20260927_1334_g103
25;2025-12-12;0;0.0;20260927_1334_g103
25;2025-12-12;1;0.0;20260927_1334_g103
25;2025-12-12;2;0.0;20260927_1334_g103
25;2025-12-12;3;0.0;20260927_1334_g103
25;2025-12-12;4;0.0;20260927_1334_g103
25;2025-12-12;5;11.351609798548443;20260927_1334_g103
25;2025-12-12;6;220.3641145202345;20260927_1334_g103
25;2025-12-12;7;570.4563585788101;20260927_1334_g103
25;2025-12-12;8;865.4573070312362;20260927_1334_g103
25;2025-12-12;9;475.8550805215243;20260927_1334_g103
25;2025-12-12;10;391.4995365260095;20260927_1334_g103
25;2025-12-12;11;467.5332995624957;20260927_1334_g103
25;2025-12-12;12;461.6015097110815;20260927_1334_g103
25;2025-12-12;13;567.2454166501508;20260927_1334_g103
25;2025-12-12;14;520.6163638594317;20260927_1334_g103
25;2025-12-12;15;662.7714460134722;20260927_1334_g103
25;2025-12-12;16;779.0892093271979;20260927_1334_g103
25;2025-12-12;17;772.1394729252683;20260927_1334_g103
25;2025-12-12;18;711.1007976709193;20260927_1334_g103
25;2025-12-12;19;546.5399120905066;20260927_1334_g103
25;2025-12-12;20;336.1541943066022;20260927_1334_g103
25;2025-12-12;21;232.1421432237558;20260927_1334_g103
25;2025-12-12;22;119.89799916129384;20260927_1334_g103
25;2025-12-12;23;12.982053540053931;20260927_1334_g103
25;2025-12-13;0;0.0;20260927_1334_g103
25;2025-12-13;1;0.0;20260927_1334_g103
25;2025-12-13;2;0.0;20260927_1334_g103
25;2025-12-13;3;0.0;20260927_1334_g103
25;2025-12-13;4;0.0;20260927_1334_g103
25;2025-12-13;5;8.584602645243695;20260927_1334_g103
25;2025-12-13;6;87.37719063342935;20260927_1334_g103
25;2025-12-13;7;140.33871317198472;20260927_1334_g103
25;2025-12-13;8;330.86372383281304;20260927_1334_g103
25;2025-12-13;9;311.26362525025337;20260927_1334_g103
25;2025-12-13;10;303.0208149004081;20260927_1334_g103
25;2025-12-13;11;415.3524120108821;20260927_1334_g103
25;2025-12-13;12;407.5494024977913;20260927_1334_g103
25;2025-12-13;13;523.8662953136163;20260927_1334_g103
25;2025-12-13;14;544.9895208331678;20260927_1334_g103
25;2025-12-13;15;603.4959020251022;20260927_1334_g103
25;2025-12-13;16;541.7196838100338;20260927_1334_g103
25;2025-12-13;17;539.6912392948518;20260927_1334_g103
25;2025-12-13;18;536.2612713558904;20260927_1334_g103
25;2025-12-13;19;470.19373653563827;20260927_1334_g103
25;2025-12-13;20;281.54773294042803;20260927_1334_g103
25;2025-12-13;21;221.5239793457355;20260927_1334_g103
25;2025-12-13;22;133.48622304104632;20260927_1334_g103
25;2025-12-13;23;50.172206638953845;20260927_1334_g103
25;2025-12-14;0;15.586718043658767;20260927_1334_g103
25;2025-12-14;1;0.0;20260927_1334_g103
25;2025-12-14;2;0.0;20260927_1334_g103
25;2025-12-14;3;0.0;20260927_1334_g103
25;2025-12-14;4;0.0;20260927_1334_g103
25;2025-12-14;5;5.2560962212784545;20260927_1334_g103
25;2025-12-14;6;69.11541113810586;20260927_1334_g103
25;2025-12-14;7;102.4113842484479;20260927_1334_g103
25;2025-12-14;8;187.49018534519527;20260927_1334_g103
25;2025-12-14;9;225.5721927810304;20260927_1334_g103
25;2025-12-14;10;224.5806906544006;20260927_1334_g103
25;2025-12-14;11;308.5195161306027;20260927_1334_g103
25;2025-12-14;12;371.90803616051335;20260927_1334_g103
25;2025-12-14;13;477.7874300604005;20260927_1334_g103
25;2025-12-14;14;517.1480273585607;20260927_1334_g103
25;2025-12-14;15;650.6558710728945;20260927_1334_g103
25;2025-12-14;16;530.8520306733884;20260927_1334_g103
25;2025-12-14;17;521.3713269655376;20260927_1334_g103
25;2025-12-14;18;421.88723236130676;20260927_1334_g103
25;2025-12-14;19;330.52806672086945;20260927_1334_g103
25;2025-12-14;20;253.33677278002568;20260927_1334_g103
25;2025-12-14;21;161.98462058586307;20260927_1334_g103
25;2025-12-14;22;105.15491600107924;20260927_1334_g103
25;2025-12-14;23;37.59920432200755;20260927_1334_g103
25;2025-12-15;0;0.0;20260927_1334_g103
25;2025-12-15;1;0.0;20260927_1334_g103
25;2025-12-15;2;0.0;20260927_1334_g103
25;2025-12-15;3;0.0;20260927_1334_g103
25;2025-12-15;4;0.0;20260927_1334_g103
25;2025-12-15;5;10.94266921274727;20260927_1334_g103
25;2025-12-15;6;200.77299941493956;20260927_1334_g103
25;2025-12-15;7;548.9651009285594;20260927_1334_g103
25;2025-12-15;8;955.949646363208;20260927_1334_g103
25;2025-12-15;9;502.07874796913023;20260927_1334_g103
25;2025-12-15;10;387.36212518023143;20260927_1334_g103
25;2025-12-15;11;444.11905295869315;20260927_1334_g103
25;2025-12-15;12;431.1984417214051;20260927_1334_g103
25;2025-12-15;13;559.6137064048627;20260927_1334_g103
25;2025-12-15;14;486.9539883069652;20260927_1334_g103
25;2025-12-15;15;573.2578347613398;20260927_1334_g103
25;2025-12-15;16;691.4496327294124;20260927_1334_g103
25;2025-12-15;17;754.8811253843569;20260927_1334_g103
25;2025-12-15;18;815.0658218776153;20260927_1334_g103
25;2025-12-15;19;576.8090284828962;20260927_1334_g103
25;2025-12-15;20;350.30107638888217;20260927_1334_g103
25;2025-12-15;21;230.22687055865185;20260927_1334_g103
25;2025-12-15;22;98.05771183420214;20260927_1334_g103
25;2025-12-15;23;6.901136707072334;20260927_1334_g103
25;2025-12-16;0;0.0;20260927_1334_g103
25;2025-12-16;1;0.0;20260927_1334_g103
25;2025-12-16;2;0.0;20260927_1334_g103
25;2025-12-16;3;0.0;20260927_1334_g103
25;2025-12-16;4;0.0;20260927_1334_g103
25;2025-12-16;5;10.940703477148435;20260927_1334_g103
25;2025-12-16;6;201.25166411200766;20260927_1334_g103
25;2025-12-16;7;549.9170629404404;20260927_1334_g103
25;2025-12-16;8;955.0557386929354;20260927_1334_g103
25;2025-12-16;9;499.40840916398525;20260927_1334_g103
25;2025-12-16;10;389.20248011912076;20260927_1334_g103
25;2025-12-16;11;447.4239629144096;20260927_1334_g103
25;2025-12-16;12;430.23216494889977;20260927_1334_g103
25;2025-12-16;13;555.9557907744256;20260927_1334_g103
25;2025-12-16;14;487.59414232396114;20260927_1334_g103
25;2025-12-16;15;575.4942568816118;20260927_1334_g103
25;2025-12-16;16;692.7509123781931;20260927_1334_g103
25;2025-12-16;17;754.6439155229598;20260927_1334_g103
25;2025-12-16;18;816.3650246988152;20260927_1334_g103
25;2025-12-16;19;576.6210141719502;20260927_1334_g103
25;2025-12-16;20;349.9846360192604;20260927_1334_g103
25;2025-12-16;21;230.46678951955192;20260927_1334_g103
25;2025-12-16;22;98.33754748081782;20260927_1334_g103
25;2025-12-16;23;6.650540101878372;20260927_1334_g103
25;2025-12-17;0;0.0;20260927_1334_g103
25;2025-12-17;1;0.0;20260927_1334_g103
25;2025-12-17;2;0.0;20260927_1334_g103
25;2025-12-17;3;0.0;20260927_1334_g103
25;2025-12-17;4;0.0;20260927_1334_g103
25;2025-12-17;5;10.95127352869304;20260927_1334_g103
25;2025-12-17;6;201.59117100037088;20260927_1334_g103
25;2025-12-17;7;549.5457025070267;20260927_1334_g103
25;2025-12-17;8;955.7212902091874;20260927_1334_g103
25;2025-12-17;9;499.64691965527703;20260927_1334_g103
25;2025-12-17;10;390.31285840285875;20260927_1334_g103
25;2025-12-17;11;449.825405558901;20260927_1334_g103
25;2025-12-17;12;434.45712426020253;20260927_1334_g103
25;2025-12-17;13;562.0526333780233;20260927_1334_g103
25;2025-12-17;14;475.5544246823969;20260927_1334_g103
25;2025-12-17;15;575.8147896735045;20260927_1334_g103
25;2025-12-17;16;691.7237529481923;20260927_1334_g103
25;2025-12-17;17;761.17227800287;20260927_1334_g103
25;2025-12-17;18;823.520999937568;20260927_1334_g103
25;2025-12-17;19;583.1434156498885;20260927_1334_g103
25;2025-12-17;20;351.685975028735;20260927_1334_g103
25;2025-12-17;21;235.5643349314121;20260927_1334_g103
25;2025-12-17;22;100.42533981903084;20260927_1334_g103
25;2025-12-17;23;7.058576762868397;20260927_1334_g103
25;2025-12-18;0;0.0;20260927_1334_g103
25;2025-12-18;1;0.0;20260927_1334_g103
25;2025-12-18;2;0.0;20260927_1334_g103
25;2025-12-18;3;0.0;20260927_1334_g103
25;2025-12-18;4;0.0;20260927_1334_g103
25;2025-12-18;5;10.955522340906926;20260927_1334_g103
25;2025-12-18;6;201.34207612068158;20260927_1334_g103
25;2025-12-18;7;549.8014082888526;20260927_1334_g103
25;2025-12-18;8;956.5832001557606;20260927_1334_g103
25;2025-12-18;9;500.5600431839644;20260927_1334_g103
25;2025-12-18;10;393.40680783510896;20260927_1334_g103
25;2025-12-18;11;447.7556879957373;20260927_1334_g103
25;2025-12-18;12;430.550764634325;20260927_1334_g103
25;2025-12-18;13;557.9587270922557;20260927_1334_g103
25;2025-12-18;14;492.0563453979953;20260927_1334_g103
25;2025-12-18;15;580.3199861292603;20260927_1334_g103
25;2025-12-18;16;693.9817675801347;20260927_1334_g103
25;2025-12-18;17;756.4672637244622;20260927_1334_g103
25;2025-12-18;18;818.1567145484779;20260927_1334_g103
25;2025-12-18;19;582.8268224316384;20260927_1334_g103
25;2025-12-18;20;349.58859012208416;20260927_1334_g103
25;2025-12-18;21;230.7558511876395;20260927_1334_g103
25;2025-12-18;22;98.56453515844849;20260927_1334_g103
25;2025-12-18;23;6.799344363735033;20260927_1334_g103
25;2025-12-19;0;0.0;20260927_1334_g103
25;2025-12-19;1;0.0;20260927_1334_g103
25;2025-12-19;2;0.0;20260927_1334_g103
25;2025-12-19;3;0.0;20260927_1334_g103
25;2025-12-19;4;0.0;20260927_1334_g103
25;2025-12-19;5;11.351609798548443;20260927_1334_g103
25;2025-12-19;6;220.3641145202345;20260927_1334_g103
25;2025-12-19;7;570.4563585788101;20260927_1334_g103
25;2025-12-19;8;865.4573070312362;20260927_1334_g103
25;2025-12-19;9;475.8550805215243;20260927_1334_g103
25;2025-12-19;10;391.4995365260095;20260927_1334_g103
25;2025-12-19;11;467.5332995624957;20260927_1334_g103
25;2025-12-19;12;461.6015097110815;20260927_1334_g103
25;2025-12-19;13;567.2454166501508;20260927_1334_g103
25;2025-12-19;14;520.6163638594317;20260927_1334_g103
25;2025-12-19;15;662.7714460134722;20260927_1334_g103
25;2025-12-19;16;779.0892093271979;20260927_1334_g103
25;2025-12-19;17;772.1394729252683;20260927_1334_g103
25;2025-12-19;18;711.1007976709193;20260927_1334_g103
25;2025-12-19;19;546.5399120905066;20260927_1334_g103
25;2025-12-19;20;336.1541943066022;20260927_1334_g103
25;2025-12-19;21;232.1421432237558;20260927_1334_g103
25;2025-12-19;22;119.89799916129384;20260927_1334_g103
25;2025-12-19;23;12.982053540053931;20260927_1334_g103
25;2025-12-20;0;0.0;20260927_1334_g103
25;2025-12-20;1;0.0;20260927_1334_g103
25;2025-12-20;2;0.0;20260927_1334_g103
25;2025-12-20;3;0.0;20260927_1334_g103
25;2025-12-20;4;0.0;20260927_1334_g103
25;2025-12-20;5;8.584602645243695;20260927_1334_g103
25;2025-12-20;6;87.37719063342935;20260927_1334_g103
25;2025-12-20;7;140.11968515180882;20260927_1334_g103
25;2025-12-20;8;330.36584056122535;20260927_1334_g103
25;2025-12-20;9;311.1963591907422;20260927_1334_g103
25;2025-12-20;10;302.9729745731848;20260927_1334_g103
25;2025-12-20;11;415.4481157956789;20260927_1334_g103
25;2025-12-20;12;407.7491597752518;20260927_1334_g103
25;2025-12-20;13;618.3658670182919;20260927_1334_g103
25;2025-12-20;14;642.3429277527443;20260927_1334_g103
25;2025-12-20;15;716.113931537988;20260927_1334_g103
25;2025-12-20;16;647.9902346270044;20260927_1334_g103
25;2025-12-20;17;540.477830212006;20260927_1334_g103
25;2025-12-20;18;536.9458121928642;20260927_1334_g103
25;2025-12-20;19;470.3564198011318;20260927_1334_g103
25;2025-12-20;20;281.5758010003942;20260927_1334_g103
25;2025-12-20;21;221.41593232231745;20260927_1334_g103
25;2025-12-20;22;133.4728279631841;20260927_1334_g103
25;2025-12-20;23;50.172206638953845;20260927_1334_g103
25;2025-12-21;0;15.586718043658767;20260927_1334_g103
25;2025-12-21;1;0.0;20260927_1334_g103
25;2025-12-21;2;0.0;20260927_1334_g103
25;2025-12-21;3;0.0;20260927_1334_g103
25;2025-12-21;4;0.0;20260927_1334_g103
25;2025-12-21;5;5.2560962212784545;20260927_1334_g103
25;2025-12-21;6;69.11541113810586;20260927_1334_g103
25;2025-12-21;7;102.4113842484479;20260927_1334_g103
25;2025-12-21;8;187.49018534519527;20260927_1334_g103
25;2025-12-21;9;225.5721927810304;20260927_1334_g103
25;2025-12-21;10;224.5806906544006;20260927_1334_g103
25;2025-12-21;11;308.5195161306027;20260927_1334_g103
25;2025-12-21;12;371.90803616051335;20260927_1334_g103
25;2025-12-21;13;477.7874300604005;20260927_1334_g103
25;2025-12-21;14;517.1480273585607;20260927_1334_g103
25;2025-12-21;15;650.6558710728945;20260927_1334_g103
25;2025-12-21;16;530.8520306733884;20260927_1334_g103
25;2025-12-21;17;521.3713269655376;20260927_1334_g103
25;2025-12-21;18;421.88723236130676;20260927_1334_g103
25;2025-12-21;19;330.52806672086945;20260927_1334_g103
25;2025-12-21;20;253.33677278002568;20260927_1334_g103
25;2025-12-21;21;161.98462058586307;20260927_1334_g103
25;2025-12-21;22;105.15491600107924;20260927_1334_g103
25;2025-12-21;23;37.59920432200755;20260927_1334_g103
25;2025-12-22;0;0.0;20260927_1334_g103
25;2025-12-22;1;0.0;20260927_1334_g103
25;2025-12-22;2;0.0;20260927_1334_g103
25;2025-12-22;3;0.0;20260927_1334_g103
25;2025-12-22;4;0.0;20260927_1334_g103
25;2025-12-22;5;10.94266921274727;20260927_1334_g103
25;2025-12-22;6;200.77299941493956;20260927_1334_g103
25;2025-12-22;7;548.9651009285594;20260927_1334_g103
25;2025-12-22;8;955.949646363208;20260927_1334_g103
25;2025-12-22;9;502.07874796913023;20260927_1334_g103
25;2025-12-22;10;387.36212518023143;20260927_1334_g103
25;2025-12-22;11;444.11905295869315;20260927_1334_g103
25;2025-12-22;12;431.1984417214051;20260927_1334_g103
25;2025-12-22;13;559.6137064048627;20260927_1334_g103
25;2025-12-22;14;486.9539883069652;20260927_1334_g103
25;2025-12-22;15;573.2578347613398;20260927_1334_g103
25;2025-12-22;16;691.4496327294124;20260927_1334_g103
25;2025-12-22;17;754.8811253843569;20260927_1334_g103
25;2025-12-22;18;815.0658218776153;20260927_1334_g103
25;2025-12-22;19;576.8090284828962;20260927_1334_g103
25;2025-12-22;20;350.30107638888217;20260927_1334_g103
25;2025-12-22;21;230.22687055865185;20260927_1334_g103
25;2025-12-22;22;98.05771183420214;20260927_1334_g103
25;2025-12-22;23;6.901136707072334;20260927_1334_g103
25;2025-12-23;0;0.0;20260927_1334_g103
25;2025-12-23;1;0.0;20260927_1334_g103
25;2025-12-23;2;0.0;20260927_1334_g103
25;2025-12-23;3;0.0;20260927_1334_g103
25;2025-12-23;4;0.0;20260927_1334_g103
25;2025-12-23;5;10.940703477148435;20260927_1334_g103
25;2025-12-23;6;201.25166411200766;20260927_1334_g103
25;2025-12-23;7;549.9170629404404;20260927_1334_g103
25;2025-12-23;8;955.0557386929354;20260927_1334_g103
25;2025-12-23;9;499.40840916398525;20260927_1334_g103
25;2025-12-23;10;389.20248011912076;20260927_1334_g103
25;2025-12-23;11;447.4239629144096;20260927_1334_g103
25;2025-12-23;12;430.23216494889977;20260927_1334_g103
25;2025-12-23;13;555.9557907744256;20260927_1334_g103
25;2025-12-23;14;487.59414232396114;20260927_1334_g103
25;2025-12-23;15;575.4942568816118;20260927_1334_g103
25;2025-12-23;16;692.7509123781931;20260927_1334_g103
25;2025-12-23;17;754.6439155229598;20260927_1334_g103
25;2025-12-23;18;816.3650246988152;20260927_1334_g103
25;2025-12-23;19;576.6210141719502;20260927_1334_g103
25;2025-12-23;20;349.9846360192604;20260927_1334_g103
25;2025-12-23;21;230.46678951955192;20260927_1334_g103
25;2025-12-23;22;98.33754748081782;20260927_1334_g103
25;2025-12-23;23;6.650540101878372;20260927_1334_g103
25;2025-12-24;0;0.0;20260927_1334_g103
25;2025-12-24;1;0.0;20260927_1334_g103
25;2025-12-24;2;0.0;20260927_1334_g103
25;2025-12-24;3;0.0;20260927_1334_g103
25;2025-12-24;4;0.0;20260927_1334_g103
25;2025-12-24;5;10.95127352869304;20260927_1334_g103
25;2025-12-24;6;201.59117100037088;20260927_1334_g103
25;2025-12-24;7;549.5457025070267;20260927_1334_g103
25;2025-12-24;8;955.7212902091874;20260927_1334_g103
25;2025-12-24;9;499.64691965527703;20260927_1334_g103
25;2025-12-24;10;390.31285840285875;20260927_1334_g103
25;2025-12-24;11;449.825405558901;20260927_1334_g103
25;2025-12-24;12;434.45712426020253;20260927_1334_g103
25;2025-12-24;13;562.0526333780233;20260927_1334_g103
25;2025-12-24;14;475.5544246823969;20260927_1334_g103
25;2025-12-24;15;575.8147896735045;20260927_1334_g103
25;2025-12-24;16;691.7237529481923;20260927_1334_g103
25;2025-12-24;17;761.17227800287;20260927_1334_g103
25;2025-12-24;18;823.520999937568;20260927_1334_g103
25;2025-12-24;19;583.1434156498885;20260927_1334_g103
25;2025-12-24;20;351.685975028735;20260927_1334_g103
25;2025-12-24;21;235.5643349314121;20260927_1334_g103
25;2025-12-24;22;100.42533981903084;20260927_1334_g103
25;2025-12-24;23;7.058576762868397;20260927_1334_g103
25;2025-12-25;0;0.0;20260927_1334_g103
25;2025-12-25;1;0.0;20260927_1334_g103
25;2025-12-25;2;0.0;20260927_1334_g103
25;2025-12-25;3;0.0;20260927_1334_g103
25;2025-12-25;4;0.0;20260927_1334_g103
25;2025-12-25;5;10.955522340906926;20260927_1334_g103
25;2025-12-25;6;201.34207612068158;20260927_1334_g103
25;2025-12-25;7;549.8014082888526;20260927_1334_g103
25;2025-12-25;8;956.5832001557606;20260927_1334_g103
25;2025-12-25;9;500.5600431839644;20260927_1334_g103
25;2025-12-25;10;393.40680783510896;20260927_1334_g103
25;2025-12-25;11;447.7556879957373;20260927_1334_g103
25;2025-12-25;12;430.550764634325;20260927_1334_g103
25;2025-12-25;13;557.9587270922557;20260927_1334_g103
25;2025-12-25;14;492.0563453979953;20260927_1334_g103
25;2025-12-25;15;580.3199861292603;20260927_1334_g103
25;2025-12-25;16;693.9817675801347;20260927_1334_g103
25;2025-12-25;17;756.4672637244622;20260927_1334_g103
25;2025-12-25;18;818.1567145484779;20260927_1334_g103
25;2025-12-25;19;582.8268224316384;20260927_1334_g103
25;2025-12-25;20;349.58859012208416;20260927_1334_g103
25;2025-12-25;21;230.7558511876395;20260927_1334_g103
25;2025-12-25;22;98.56453515844849;20260927_1334_g103
25;2025-12-25;23;6.799344363735033;20260927_1334_g103
25;2025-12-26;0;0.0;20260927_1334_g103
25;2025-12-26;1;0.0;20260927_1334_g103
25;2025-12-26;2;0.0;20260927_1334_g103
25;2025-12-26;3;0.0;20260927_1334_g103
25;2025-12-26;4;0.0;20260927_1334_g103
25;2025-12-26;5;11.351609798548443;20260927_1334_g103
25;2025-12-26;6;220.3641145202345;20260927_1334_g103
25;2025-12-26;7;570.4563585788101;20260927_1334_g103
25;2025-12-26;8;865.4573070312362;20260927_1334_g103
25;2025-12-26;9;475.8550805215243;20260927_1334_g103
25;2025-12-26;10;391.4995365260095;20260927_1334_g103
25;2025-12-26;11;467.5332995624957;20260927_1334_g103
25;2025-12-26;12;461.6015097110815;20260927_1334_g103
25;2025-12-26;13;567.2454166501508;20260927_1334_g103
25;2025-12-26;14;520.6163638594317;20260927_1334_g103
25;2025-12-26;15;662.7714460134722;20260927_1334_g103
25;2025-12-26;16;779.0892093271979;20260927_1334_g103
25;2025-12-26;17;772.1394729252683;20260927_1334_g103
25;2025-12-26;18;711.1007976709193;20260927_1334_g103
25;2025-12-26;19;546.5399120905066;20260927_1334_g103
25;2025-12-26;20;336.1541943066022;20260927_1334_g103
25;2025-12-26;21;232.1421432237558;20260927_1334_g103
25;2025-12-26;22;119.89799916129384;20260927_1334_g103
25;2025-12-26;23;12.982053540053931;20260927_1334_g103
25;2025-12-27;0;0.0;20260927_1334_g103
25;2025-12-27;1;0.0;20260927_1334_g103
25;2025-12-27;2;0.0;20260927_1334_g103
25;2025-12-27;3;0.0;20260927_1334_g103
25;2025-12-27;4;0.0;20260927_1334_g103
25;2025-12-27;5;8.584602645243695;20260927_1334_g103
25;2025-12-27;6;87.37719063342935;20260927_1334_g103
25;2025-12-27;7;140.11968515180882;20260927_1334_g103
25;2025-12-27;8;330.36584056122535;20260927_1334_g103
25;2025-12-27;9;311.1963591907422;20260927_1334_g103
25;2025-12-27;10;302.9729745731848;20260927_1334_g103
25;2025-12-27;11;415.4481157956789;20260927_1334_g103
25;2025-12-27;12;407.7491597752518;20260927_1334_g103
25;2025-12-27;13;618.3658670182919;20260927_1334_g103
25;2025-12-27;14;642.3429277527443;20260927_1334_g103
25;2025-12-27;15;716.113931537988;20260927_1334_g103
25;2025-12-27;16;647.9902346270044;20260927_1334_g103
25;2025-12-27;17;540.477830212006;20260927_1334_g103
25;2025-12-27;18;536.9458121928642;20260927_1334_g103
25;2025-12-27;19;470.3564198011318;20260927_1334_g103
25;2025-12-27;20;281.5758010003942;20260927_1334_g103
25;2025-12-27;21;221.41593232231745;20260927_1334_g103
25;2025-12-27;22;133.4728279631841;20260927_1334_g103
25;2025-12-27;23;50.172206638953845;20260927_1334_g103
25;2025-12-28;0;15.586718043658767;20260927_1334_g103
25;2025-12-28;1;0.0;20260927_1334_g103
25;2025-12-28;2;0.0;20260927_1334_g103
25;2025-12-28;3;0.0;20260927_1334_g103
25;2025-12-28;4;0.0;20260927_1334_g103
25;2025-12-28;5;5.2560962212784545;20260927_1334_g103
25;2025-12-28;6;69.11541113810586;20260927_1334_g103
25;2025-12-28;7;102.4113842484479;20260927_1334_g103
25;2025-12-28;8;187.49018534519527;20260927_1334_g103
25;2025-12-28;9;225.5721927810304;20260927_1334_g103
25;2025-12-28;10;224.5806906544006;20260927_1334_g103
25;2025-12-28;11;308.5195161306027;20260927_1334_g103
25;2025-12-28;12;371.90803616051335;20260927_1334_g103
25;2025-12-28;13;477.7874300604005;20260927_1334_g103
25;2025-12-28;14;517.1480273585607;20260927_1334_g103
25;2025-12-28;15;650.6558710728945;20260927_1334_g103
25;2025-12-28;16;530.8520306733884;20260927_1334_g103
25;2025-12-28;17;521.3713269655376;20260927_1334_g103
25;2025-12-28;18;421.88723236130676;20260927_1334_g103
25;2025-12-28;19;330.52806672086945;20260927_1334_g103
25;2025-12-28;20;253.33677278002568;20260927_1334_g103
25;2025-12-28;21;161.98462058586307;20260927_1334_g103
25;2025-12-28;22;105.15491600107924;20260927_1334_g103
25;2025-12-28;23;37.59920432200755;20260927_1334_g103
25;2025-12-29;0;0.0;20260927_1334_g103
25;2025-12-29;1;0.0;20260927_1334_g103
25;2025-12-29;2;0.0;20260927_1334_g103
25;2025-12-29;3;0.0;20260927_1334_g103
25;2025-12-29;4;0.0;20260927_1334_g103
25;2025-12-29;5;9.826776157457074;20260927_1334_g103
25;2025-12-29;6;180.29890928381099;20260927_1334_g103
25;2025-12-29;7;492.983664241316;20260927_1334_g103
25;2025-12-29;8;858.4654264855604;20260927_1334_g103
25;2025-12-29;9;450.8786086635497;20260927_1334_g103
25;2025-12-29;10;347.86036404981814;20260927_1334_g103
25;2025-12-29;11;398.82942962425625;20260927_1334_g103
25;2025-12-29;12;387.22641467627193;20260927_1334_g103
25;2025-12-29;13;502.5463641978133;20260927_1334_g103
25;2025-12-29;14;437.29621621927356;20260927_1334_g103
25;2025-12-29;15;514.7991146571367;20260927_1334_g103
25;2025-12-29;16;620.9381488999572;20260927_1334_g103
25;2025-12-29;17;677.9011318371915;20260927_1334_g103
25;2025-12-29;18;731.9484149127676;20260927_1334_g103
25;2025-12-29;19;517.988170737974;20260927_1334_g103
25;2025-12-29;20;314.57866435181995;20260927_1334_g103
25;2025-12-29;21;206.74918325925708;20260927_1334_g103
25;2025-12-29;22;88.05814796856265;20260927_1334_g103
25;2025-12-29;23;6.197384233584484;20260927_1334_g103
25;2025-12-30;0;0.0;20260927_1334_g103
25;2025-12-30;1;0.0;20260927_1334_g103
25;2025-12-30;2;0.0;20260927_1334_g103
25;2025-12-30;3;0.0;20260927_1334_g103
25;2025-12-30;4;0.0;20260927_1334_g103
25;2025-12-30;5;9.825010880325973;20260927_1334_g103
25;2025-12-30;6;180.72876152014524;20260927_1334_g103
25;2025-12-30;7;493.83854867757947;20260927_1334_g103
25;2025-12-30;8;857.662676223223;20260927_1334_g103
25;2025-12-30;9;448.48058116289536;20260927_1334_g103
25;2025-12-30;10;349.51304637833704;20260927_1334_g103
25;2025-12-30;11;401.797317049524;20260927_1334_g103
25;2025-12-30;12;386.3586752458869;20260927_1334_g103
25;2025-12-30;13;499.2614693148266;20260927_1334_g103
25;2025-12-30;14;437.8710896901802;20260927_1334_g103
25;2025-12-30;15;516.8074746963763;20260927_1334_g103
25;2025-12-30;16;622.1067288486162;20260927_1334_g103
25;2025-12-30;17;677.6881117627498;20260927_1334_g103
25;2025-12-30;18;733.1151298210639;20260927_1334_g103
25;2025-12-30;19;517.8193294331566;20260927_1334_g103
25;2025-12-30;20;314.29449340422025;20260927_1334_g103
25;2025-12-30;21;206.96463616922432;20260927_1334_g103
25;2025-12-30;22;88.30944700782872;20260927_1334_g103
25;2025-12-30;23;5.972342546114752;20260927_1334_g103
25;2025-12-31;0;14.836061288837666;20260927_1334_g103
25;2025-12-31;1;0.0;20260927_1334_g103
25;2025-12-31;2;0.0;20260927_1334_g103
25;2025-12-31;3;0.0;20260927_1334_g103
25;2025-12-31;4;0.0;20260927_1334_g103
25;2025-12-31;5;5.2181809844482006;20260927_1334_g103
25;2025-12-31;6;69.09320250638785;20260927_1334_g103
25;2025-12-31;7;106.12195748143156;20260927_1334_g103
25;2025-12-31;8;193.65543797931633;20260927_1334_g103
25;2025-12-31;9;229.62149098097916;20260927_1334_g103
25;2025-12-31;10;228.21047909737214;20260927_1334_g103
25;2025-12-31;11;311.4227552730158;20260927_1334_g103
25;2025-12-31;12;371.0212525281588;20260927_1334_g103
25;2025-12-31;13;475.61757399654675;20260927_1334_g103
25;2025-12-31;14;493.6368143374358;20260927_1334_g103
25;2025-12-31;15;647.2711771625011;20260927_1334_g103
25;2025-12-31;16;527.552932988644;20260927_1334_g103
25;2025-12-31;17;518.0268273886462;20260927_1334_g103
25;2025-12-31;18;423.194836727966;20260927_1334_g103
25;2025-12-31;19;338.6598945351063;20260927_1334_g103
25;2025-12-31;20;258.20036925150924;20260927_1334_g103
25;2025-12-31;21;168.05403351954757;20260927_1334_g103
25;2025-12-31;22;106.82787053997025;20260927_1334_g103
25;2025-12-31;23;37.15517577584461;20260927_1334_g103
26;2025-11-01;0;29.288906901210655;20260927_1334_g103
26;2025-11-01;1;0.8970700749232334;20260927_1334_g103
26;2025-11-01;2;0.0;20260927_1334_g103
26;2025-11-01;3;0.0;20260927_1334_g103
26;2025-11-01;4;1.7007092975603675;20260927_1334_g103
26;2025-11-01;5;76.12487387461897;20260927_1334_g103
26;2025-11-01;6;405.5533745791728;20260927_1334_g103
26;2025-11-01;7;941.6759473638256;20260927_1334_g103
26;2025-11-01;8;1795.72918227095;20260927_1334_g103
26;2025-11-01;9;1241.8643372305642;20260927_1334_g103
26;2025-11-01;10;1045.242341251858;20260927_1334_g103
26;2025-11-01;11;995.800640494877;20260927_1334_g103
26;2025-11-01;12;1048.8132659372213;20260927_1334_g103
26;2025-11-01;13;1043.2496444731673;20260927_1334_g103
26;2025-11-01;14;1116.8175222849916;20260927_1334_g103
26;2025-11-01;15;1171.6637765432708;20260927_1334_g103
26;2025-11-01;16;1279.1507991393717;20260927_1334_g103
26;2025-11-01;17;1453.6346242876432;20260927_1334_g103
26;2025-11-01;18;1566.528013963401;20260927_1334_g103
26;2025-11-01;19;1068.1355408675265;20260927_1334_g103
26;2025-11-01;20;658.5747128733213;20260927_1334_g103
26;2025-11-01;21;412.5349422170419;20260927_1334_g103
26;2025-11-01;22;202.6232357424998;20260927_1334_g103
26;2025-11-01;23;116.9844368719837;20260927_1334_g103
26;2025-11-02;0;49.04552150545111;20260927_1334_g103
26;2025-11-02;1;3.599570900885106;20260927_1334_g103
26;2025-11-02;2;0.0;20260927_1334_g103
26;2025-11-02;3;0.0;20260927_1334_g103
26;2025-11-02;4;1.5317584725042437;20260927_1334_g103
26;2025-11-02;5;23.891174187046285;20260927_1334_g103
26;2025-11-02;6;150.71231956821336;20260927_1334_g103
26;2025-11-02;7;255.37614443305284;20260927_1334_g103
26;2025-11-02;8;391.4248949507226;20260927_1334_g103
26;2025-11-02;9;524.6519433027346;20260927_1334_g103
26;2025-11-02;10;598.5231609602337;20260927_1334_g103
26;2025-11-02;11;816.3949534438161;20260927_1334_g103
26;2025-11-02;12;815.895518115414;20260927_1334_g103
26;2025-11-02;13;861.7378793734866;20260927_1334_g103
26;2025-11-02;14;856.262589110827;20260927_1334_g103
26;2025-11-02;15;780.9514387600433;20260927_1334_g103
26;2025-11-02;16;768.1140586232249;20260927_1334_g103
26;2025-11-02;17;766.664448301816;20260927_1334_g103
26;2025-11-02;18;679.4059159901498;20260927_1334_g103
26;2025-11-02;19;525.6968780538065;20260927_1334_g103
26;2025-11-02;20;405.69748060834553;20260927_1334_g103
26;2025-11-02;21;272.79860330215087;20260927_1334_g103
26;2025-11-02;22;172.99544744440544;20260927_1334_g103
26;2025-11-02;23;103.8439986175951;20260927_1334_g103
26;2025-11-03;0;45.39423098910291;20260927_1334_g103
26;2025-11-03;1;3.7588907398316365;20260927_1334_g103
26;2025-11-03;2;0.0;20260927_1334_g103
26;2025-11-03;3;0.0;20260927_1334_g103
26;2025-11-03;4;1.5077420198714353;20260927_1334_g103
26;2025-11-03;5;25.712213699765087;20260927_1334_g103
26;2025-11-03;6;159.58140701049004;20260927_1334_g103
26;2025-11-03;7;266.61488939899226;20260927_1334_g103
26;2025-11-03;8;406.0470050701887;20260927_1334_g103
26;2025-11-03;9;523.7586176323539;20260927_1334_g103
26;2025-11-03;10;593.3134155851475;20260927_1334_g103
26;2025-11-03;11;798.7624185006024;20260927_1334_g103
26;2025-11-03;12;798.7869535877829;20260927_1334_g103
26;2025-11-03;13;845.3937425535776;20260927_1334_g103
26;2025-11-03;14;816.7630776548687;20260927_1334_g103
26;2025-11-03;15;746.3187260045063;20260927_1334_g103
26;2025-11-03;16;741.6447009754;20260927_1334_g103
26;2025-11-03;17;733.2536277920117;20260927_1334_g103
26;2025-11-03;18;675.3196799363458;20260927_1334_g103
26;2025-11-03;19;537.5939375620335;20260927_1334_g103
26;2025-11-03;20;423.5163682220709;20260927_1334_g103
26;2025-11-03;21;286.04468284490486;20260927_1334_g103
26;2025-11-03;22;179.04484162210645;20260927_1334_g103
26;2025-11-03;23;100.31333150066035;20260927_1334_g103
26;2025-11-04;0;45.51737427194069;20260927_1334_g103
26;2025-11-04;1;3.4254400388490063;20260927_1334_g103
26;2025-11-04;2;0.0;20260927_1334_g103
26;2025-11-04;3;0.0;20260927_1334_g103
26;2025-11-04;4;1.3043033228195986;20260927_1334_g103
26;2025-11-04;5;25.70947196312513;20260927_1334_g103
26;2025-11-04;6;159.56439057636405;20260927_1334_g103
26;2025-11-04;7;266.5634209915153;20260927_1334_g103
26;2025-11-04;8;405.91829050960206;20260927_1334_g103
26;2025-11-04;9;523.7230902725025;20260927_1334_g103
26;2025-11-04;10;591.3734638944472;20260927_1334_g103
26;2025-11-04;11;766.6221780438456;20260927_1334_g103
26;2025-11-04;12;767.0873685064498;20260927_1334_g103
26;2025-11-04;13;834.3914796993457;20260927_1334_g103
26;2025-11-04;14;810.8627873882219;20260927_1334_g103
26;2025-11-04;15;740.1744703411113;20260927_1334_g103
26;2025-11-04;16;735.6081555806875;20260927_1334_g103
26;2025-11-04;17;727.8193696993428;20260927_1334_g103
26;2025-11-04;18;670.4682870423628;20260927_1334_g103
26;2025-11-04;19;537.7540457963387;20260927_1334_g103
26;2025-11-04;20;423.22784608095265;20260927_1334_g103
26;2025-11-04;21;285.9741622598132;20260927_1334_g103
26;2025-11-04;22;181.48588024782245;20260927_1334_g103
26;2025-11-04;23;100.44042294183738;20260927_1334_g103
26;2025-11-05;0;31.727126278488186;20260927_1334_g103
26;2025-11-05;1;1.032344855491027;20260927_1334_g103
26;2025-11-05;2;0.0;20260927_1334_g103
26;2025-11-05;3;0.0;20260927_1334_g103
26;2025-11-05;4;2.125376539120078;20260927_1334_g103
26;2025-11-05;5;94.63268791078069;20260927_1334_g103
26;2025-11-05;6;490.29082003777614;20260927_1334_g103
26;2025-11-05;7;1135.6556698893637;20260927_1334_g103
26;2025-11-05;8;2280.8703484381963;20260927_1334_g103
26;2025-11-05;9;1501.5823144752987;20260927_1334_g103
26;2025-11-05;10;1280.9465778051824;20260927_1334_g103
26;2025-11-05;11;1177.6925195810575;20260927_1334_g103
26;2025-11-05;12;1220.2315656458286;20260927_1334_g103
26;2025-11-05;13;1222.186859070673;20260927_1334_g103
26;2025-11-05;14;1348.5613528809051;20260927_1334_g103
26;2025-11-05;15;1406.547890614516;20260927_1334_g103
26;2025-11-05;16;1534.7842221504566;20260927_1334_g103
26;2025-11-05;17;1746.9017640441598;20260927_1334_g103
26;2025-11-05;18;1888.807274885909;20260927_1334_g103
26;2025-11-05;19;1286.0584738381012;20260927_1334_g103
26;2025-11-05;20;795.9072894182402;20260927_1334_g103
26;2025-11-05;21;511.4845370749015;20260927_1334_g103
26;2025-11-05;22;231.08090916743424;20260927_1334_g103
26;2025-11-05;23;130.58959238686248;20260927_1334_g103
26;2025-11-06;0;33.39748124746211;20260927_1334_g103
26;2025-11-06;1;1.005993340873132;20260927_1334_g103
26;2025-11-06;2;0.0;20260927_1334_g103
26;2025-11-06;3;0.0;20260927_1334_g103
26;2025-11-06;4;2.023350201112185;20260927_1334_g103
26;2025-11-06;5;95.01411337729382;20260927_1334_g103
26;2025-11-06;6;490.53178189828935;20260927_1334_g103
26;2025-11-06;7;1136.302223079848;20260927_1334_g103
26;2025-11-06;8;2284.1747494766837;20260927_1334_g103
26;2025-11-06;9;1513.539271159713;20260927_1334_g103
26;2025-11-06;10;1271.1746984943404;20260927_1334_g103
26;2025-11-06;11;1179.618876210607;20260927_1334_g103
26;2025-11-06;12;1217.7838977570739;20260927_1334_g103
26;2025-11-06;13;1221.1057768136243;20260927_1334_g103
26;2025-11-06;14;1350.4950190412194;20260927_1334_g103
26;2025-11-06;15;1411.6808852566414;20260927_1334_g103
26;2025-11-06;16;1546.5757348673817;20260927_1334_g103
26;2025-11-06;17;1771.5486946013236;20260927_1334_g103
26;2025-11-06;18;1893.4347358526247;20260927_1334_g103
26;2025-11-06;19;1294.8399711309519;20260927_1334_g103
26;2025-11-06;20;789.6194252794811;20260927_1334_g103
26;2025-11-06;21;500.7525111792403;20260927_1334_g103
26;2025-11-06;22;230.00447879745266;20260927_1334_g103
26;2025-11-06;23;132.6727518625466;20260927_1334_g103
26;2025-11-07;0;33.5656171272906;20260927_1334_g103
26;2025-11-07;1;1.4524908650041448;20260927_1334_g103
26;2025-11-07;2;0.0;20260927_1334_g103
26;2025-11-07;3;0.0;20260927_1334_g103
26;2025-11-07;4;1.661585702480648;20260927_1334_g103
26;2025-11-07;5;78.56914035182191;20260927_1334_g103
26;2025-11-07;6;479.5596923780348;20260927_1334_g103
26;2025-11-07;7;1051.8266330871534;20260927_1334_g103
26;2025-11-07;8;2126.4715902424523;20260927_1334_g103
26;2025-11-07;9;1370.5997734768955;20260927_1334_g103
26;2025-11-07;10;1223.4936986950033;20260927_1334_g103
26;2025-11-07;11;1120.0804711641836;20260927_1334_g103
26;2025-11-07;12;1104.7451185932612;20260927_1334_g103
26;2025-11-07;13;1189.5354268452195;20260927_1334_g103
26;2025-11-07;14;1309.103528546578;20260927_1334_g103
26;2025-11-07;15;1345.7687221759973;20260927_1334_g103
26;2025-11-07;16;1611.2300510533694;20260927_1334_g103
26;2025-11-07;17;1754.2388516549556;20260927_1334_g103
26;2025-11-07;18;1366.9417330012966;20260927_1334_g103
26;2025-11-07;19;1083.763491703959;20260927_1334_g103
26;2025-11-07;20;679.5855572885719;20260927_1334_g103
26;2025-11-07;21;477.77211342001846;20260927_1334_g103
26;2025-11-07;22;238.91696213154017;20260927_1334_g103
26;2025-11-07;23;160.95870031806768;20260927_1334_g103
26;2025-11-08;0;48.21776845154403;20260927_1334_g103
26;2025-11-08;1;1.0858899691618102;20260927_1334_g103
26;2025-11-08;2;0.0;20260927_1334_g103
26;2025-11-08;3;0.0;20260927_1334_g103
26;2025-11-08;4;1.82780575762402;20260927_1334_g103
26;2025-11-08;5;50.2709733203737;20260927_1334_g103
26;2025-11-08;6;251.41345855041882;20260927_1334_g103
26;2025-11-08;7;364.60413401084446;20260927_1334_g103
26;2025-11-08;8;627.567282201892;20260927_1334_g103
26;2025-11-08;9;698.1507650673644;20260927_1334_g103
26;2025-11-08;10;837.0819339420834;20260927_1334_g103
26;2025-11-08;11;997.764276270261;20260927_1334_g103
26;2025-11-08;12;1067.3150274799045;20260927_1334_g103
26;2025-11-08;13;1059.2340050101182;20260927_1334_g103
26;2025-11-08;14;1063.5479573015282;20260927_1334_g103
26;2025-11-08;15;970.8322470807587;20260927_1334_g103
26;2025-11-08;16;1032.1778978899342;20260927_1334_g103
26;2025-11-08;17;946.8831115952531;20260927_1334_g103
26;2025-11-08;18;871.0831026797963;20260927_1334_g103
26;2025-11-08;19;820.9965283747575;20260927_1334_g103
26;2025-11-08;20;561.6713857539679;20260927_1334_g103
26;2025-11-08;21;378.0613079796785;20260927_1334_g103
26;2025-11-08;22;217.5652269127734;20260927_1334_g103
26;2025-11-08;23;159.27700460015674;20260927_1334_g103
26;2025-11-09;0;49.04552150545111;20260927_1334_g103
26;2025-11-09;1;3.599570900885106;20260927_1334_g103
26;2025-11-09;2;0.0;20260927_1334_g103
26;2025-11-09;3;0.0;20260927_1334_g103
26;2025-11-09;4;1.5317584725042437;20260927_1334_g103
26;2025-11-09;5;23.891174187046285;20260927_1334_g103
26;2025-11-09;6;150.71231956821336;20260927_1334_g103
26;2025-11-09;7;255.37614443305284;20260927_1334_g103
26;2025-11-09;8;391.4248949507226;20260927_1334_g103
26;2025-11-09;9;524.6519433027346;20260927_1334_g103
26;2025-11-09;10;598.5231609602337;20260927_1334_g103
26;2025-11-09;11;816.3949534438161;20260927_1334_g103
26;2025-11-09;12;815.895518115414;20260927_1334_g103
26;2025-11-09;13;861.7378793734866;20260927_1334_g103
26;2025-11-09;14;856.262589110827;20260927_1334_g103
26;2025-11-09;15;780.9514387600433;20260927_1334_g103
26;2025-11-09;16;768.1140586232249;20260927_1334_g103
26;2025-11-09;17;766.664448301816;20260927_1334_g103
26;2025-11-09;18;679.4059159901498;20260927_1334_g103
26;2025-11-09;19;525.6968780538065;20260927_1334_g103
26;2025-11-09;20;405.69748060834553;20260927_1334_g103
26;2025-11-09;21;272.79860330215087;20260927_1334_g103
26;2025-11-09;22;172.99544744440544;20260927_1334_g103
26;2025-11-09;23;103.8439986175951;20260927_1334_g103
26;2025-11-10;0;30.911352875210632;20260927_1334_g103
26;2025-11-10;1;1.0595535653254453;20260927_1334_g103
26;2025-11-10;2;0.0;20260927_1334_g103
26;2025-11-10;3;0.0;20260927_1334_g103
26;2025-11-10;4;2.0763793310297523;20260927_1334_g103
26;2025-11-10;5;92.41123941584385;20260927_1334_g103
26;2025-11-10;6;490.6715084796474;20260927_1334_g103
26;2025-11-10;7;1131.1360281540037;20260927_1334_g103
26;2025-11-10;8;2274.2653519755086;20260927_1334_g103
26;2025-11-10;9;1498.7302170085843;20260927_1334_g103
26;2025-11-10;10;1259.360573687853;20260927_1334_g103
26;2025-11-10;11;1169.6688217157355;20260927_1334_g103
26;2025-11-10;12;1194.4781482109672;20260927_1334_g103
26;2025-11-10;13;1213.7578706540291;20260927_1334_g103
26;2025-11-10;14;1320.6676796403874;20260927_1334_g103
26;2025-11-10;15;1399.0184405220386;20260927_1334_g103
26;2025-11-10;16;1529.6562655998482;20260927_1334_g103
26;2025-11-10;17;1756.3453958960133;20260927_1334_g103
26;2025-11-10;18;1890.634582676435;20260927_1334_g103
26;2025-11-10;19;1280.0274668054117;20260927_1334_g103
26;2025-11-10;20;794.5396217403335;20260927_1334_g103
26;2025-11-10;21;490.6620500216546;20260927_1334_g103
26;2025-11-10;22;227.34168573585305;20260927_1334_g103
26;2025-11-10;23;126.26765493754709;20260927_1334_g103
26;2025-11-11;0;31.672883277464248;20260927_1334_g103
26;2025-11-11;1;0.9206155191774824;20260927_1334_g103
26;2025-11-11;2;0.0;20260927_1334_g103
26;2025-11-11;3;0.0;20260927_1334_g103
26;2025-11-11;4;1.8358194485554218;20260927_1334_g103
26;2025-11-11;5;91.50753597710747;20260927_1334_g103
26;2025-11-11;6;493.93148930402197;20260927_1334_g103
26;2025-11-11;7;1135.5907458137053;20260927_1334_g103
26;2025-11-11;8;2284.8429022742584;20260927_1334_g103
26;2025-11-11;9;1501.1912986050024;20260927_1334_g103
26;2025-11-11;10;1280.7098962591047;20260927_1334_g103
26;2025-11-11;11;1179.486956293973;20260927_1334_g103
26;2025-11-11;12;1200.9931813730107;20260927_1334_g103
26;2025-11-11;13;1215.0953921675534;20260927_1334_g103
26;2025-11-11;14;1336.6634743726593;20260927_1334_g103
26;2025-11-11;15;1399.8630602429644;20260927_1334_g103
26;2025-11-11;16;1527.8192694802553;20260927_1334_g103
26;2025-11-11;17;1749.3912028523293;20260927_1334_g103
26;2025-11-11;18;1895.4158807701322;20260927_1334_g103
26;2025-11-11;19;1288.1961933701941;20260927_1334_g103
26;2025-11-11;20;789.1438470515079;20260927_1334_g103
26;2025-11-11;21;490.9461987166488;20260927_1334_g103
26;2025-11-11;22;229.2788893205434;20260927_1334_g103
26;2025-11-11;23;127.18253455902034;20260927_1334_g103
26;2025-11-12;0;31.727126278488186;20260927_1334_g103
26;2025-11-12;1;1.032344855491027;20260927_1334_g103
26;2025-11-12;2;0.0;20260927_1334_g103
26;2025-11-12;3;0.0;20260927_1334_g103
26;2025-11-12;4;2.125376539120078;20260927_1334_g103
26;2025-11-12;5;94.63268791078069;20260927_1334_g103
26;2025-11-12;6;490.29082003777614;20260927_1334_g103
26;2025-11-12;7;1135.6556698893637;20260927_1334_g103
26;2025-11-12;8;2280.8703484381963;20260927_1334_g103
26;2025-11-12;9;1501.5823144752987;20260927_1334_g103
26;2025-11-12;10;1280.9465778051824;20260927_1334_g103
26;2025-11-12;11;1177.6925195810575;20260927_1334_g103
26;2025-11-12;12;1220.2315656458286;20260927_1334_g103
26;2025-11-12;13;1222.186859070673;20260927_1334_g103
26;2025-11-12;14;1348.5613528809051;20260927_1334_g103
26;2025-11-12;15;1406.547890614516;20260927_1334_g103
26;2025-11-12;16;1534.7842221504566;20260927_1334_g103
26;2025-11-12;17;1746.9017640441598;20260927_1334_g103
26;2025-11-12;18;1888.807274885909;20260927_1334_g103
26;2025-11-12;19;1286.0584738381012;20260927_1334_g103
26;2025-11-12;20;795.9072894182402;20260927_1334_g103
26;2025-11-12;21;511.4845370749015;20260927_1334_g103
26;2025-11-12;22;231.08090916743424;20260927_1334_g103
26;2025-11-12;23;130.58959238686248;20260927_1334_g103
26;2025-11-13;0;33.39748124746211;20260927_1334_g103
26;2025-11-13;1;1.005993340873132;20260927_1334_g103
26;2025-11-13;2;0.0;20260927_1334_g103
26;2025-11-13;3;0.0;20260927_1334_g103
26;2025-11-13;4;2.023350201112185;20260927_1334_g103
26;2025-11-13;5;95.01411337729382;20260927_1334_g103
26;2025-11-13;6;490.53178189828935;20260927_1334_g103
26;2025-11-13;7;1136.302223079848;20260927_1334_g103
26;2025-11-13;8;2284.1747494766837;20260927_1334_g103
26;2025-11-13;9;1513.539271159713;20260927_1334_g103
26;2025-11-13;10;1271.1746984943404;20260927_1334_g103
26;2025-11-13;11;1179.618876210607;20260927_1334_g103
26;2025-11-13;12;1217.7838977570739;20260927_1334_g103
26;2025-11-13;13;1221.1057768136243;20260927_1334_g103
26;2025-11-13;14;1350.4950190412194;20260927_1334_g103
26;2025-11-13;15;1411.6808852566414;20260927_1334_g103
26;2025-11-13;16;1546.5757348673817;20260927_1334_g103
26;2025-11-13;17;1771.5486946013236;20260927_1334_g103
26;2025-11-13;18;1893.4347358526247;20260927_1334_g103
26;2025-11-13;19;1294.8399711309519;20260927_1334_g103
26;2025-11-13;20;789.6194252794811;20260927_1334_g103
26;2025-11-13;21;500.7525111792403;20260927_1334_g103
26;2025-11-13;22;230.00447879745266;20260927_1334_g103
26;2025-11-13;23;132.6727518625466;20260927_1334_g103
26;2025-11-14;0;33.5656171272906;20260927_1334_g103
26;2025-11-14;1;1.4524908650041448;20260927_1334_g103
26;2025-11-14;2;0.0;20260927_1334_g103
26;2025-11-14;3;0.0;20260927_1334_g103
26;2025-11-14;4;1.661585702480648;20260927_1334_g103
26;2025-11-14;5;78.56914035182191;20260927_1334_g103
26;2025-11-14;6;479.5596923780348;20260927_1334_g103
26;2025-11-14;7;1051.8266330871534;20260927_1334_g103
26;2025-11-14;8;2126.4715902424523;20260927_1334_g103
26;2025-11-14;9;1370.5997734768955;20260927_1334_g103
26;2025-11-14;10;1223.4936986950033;20260927_1334_g103
26;2025-11-14;11;1120.0804711641836;20260927_1334_g103
26;2025-11-14;12;1104.7451185932612;20260927_1334_g103
26;2025-11-14;13;1189.5354268452195;20260927_1334_g103
26;2025-11-14;14;1309.103528546578;20260927_1334_g103
26;2025-11-14;15;1345.7687221759973;20260927_1334_g103
26;2025-11-14;16;1611.2300510533694;20260927_1334_g103
26;2025-11-14;17;1754.2388516549556;20260927_1334_g103
26;2025-11-14;18;1366.9417330012966;20260927_1334_g103
26;2025-11-14;19;1083.763491703959;20260927_1334_g103
26;2025-11-14;20;679.5855572885719;20260927_1334_g103
26;2025-11-14;21;477.77211342001846;20260927_1334_g103
26;2025-11-14;22;238.91696213154017;20260927_1334_g103
26;2025-11-14;23;160.95870031806768;20260927_1334_g103
26;2025-11-15;0;48.21776845154403;20260927_1334_g103
26;2025-11-15;1;1.0858899691618102;20260927_1334_g103
26;2025-11-15;2;0.0;20260927_1334_g103
26;2025-11-15;3;0.0;20260927_1334_g103
26;2025-11-15;4;1.82780575762402;20260927_1334_g103
26;2025-11-15;5;50.2709733203737;20260927_1334_g103
26;2025-11-15;6;251.41345855041882;20260927_1334_g103
26;2025-11-15;7;364.60413401084446;20260927_1334_g103
26;2025-11-15;8;627.567282201892;20260927_1334_g103
26;2025-11-15;9;698.1507650673644;20260927_1334_g103
26;2025-11-15;10;837.0819339420834;20260927_1334_g103
26;2025-11-15;11;997.764276270261;20260927_1334_g103
26;2025-11-15;12;1067.3150274799045;20260927_1334_g103
26;2025-11-15;13;1059.2340050101182;20260927_1334_g103
26;2025-11-15;14;1063.5479573015282;20260927_1334_g103
26;2025-11-15;15;970.8322470807587;20260927_1334_g103
26;2025-11-15;16;1032.1778978899342;20260927_1334_g103
26;2025-11-15;17;946.8831115952531;20260927_1334_g103
26;2025-11-15;18;871.0831026797963;20260927_1334_g103
26;2025-11-15;19;820.9965283747575;20260927_1334_g103
26;2025-11-15;20;561.6713857539679;20260927_1334_g103
26;2025-11-15;21;378.0613079796785;20260927_1334_g103
26;2025-11-15;22;217.5652269127734;20260927_1334_g103
26;2025-11-15;23;159.27700460015674;20260927_1334_g103
26;2025-11-16;0;49.04552150545111;20260927_1334_g103
26;2025-11-16;1;3.599570900885106;20260927_1334_g103
26;2025-11-16;2;0.0;20260927_1334_g103
26;2025-11-16;3;0.0;20260927_1334_g103
26;2025-11-16;4;1.5317584725042437;20260927_1334_g103
26;2025-11-16;5;23.891174187046285;20260927_1334_g103
26;2025-11-16;6;150.71231956821336;20260927_1334_g103
26;2025-11-16;7;255.37614443305284;20260927_1334_g103
26;2025-11-16;8;391.4248949507226;20260927_1334_g103
26;2025-11-16;9;524.6519433027346;20260927_1334_g103
26;2025-11-16;10;598.5231609602337;20260927_1334_g103
26;2025-11-16;11;816.3949534438161;20260927_1334_g103
26;2025-11-16;12;815.895518115414;20260927_1334_g103
26;2025-11-16;13;861.7378793734866;20260927_1334_g103
26;2025-11-16;14;856.262589110827;20260927_1334_g103
26;2025-11-16;15;780.9514387600433;20260927_1334_g103
26;2025-11-16;16;768.1140586232249;20260927_1334_g103
26;2025-11-16;17;766.664448301816;20260927_1334_g103
26;2025-11-16;18;679.4059159901498;20260927_1334_g103
26;2025-11-16;19;525.6968780538065;20260927_1334_g103
26;2025-11-16;20;405.69748060834553;20260927_1334_g103
26;2025-11-16;21;272.79860330215087;20260927_1334_g103
26;2025-11-16;22;172.99544744440544;20260927_1334_g103
26;2025-11-16;23;103.8439986175951;20260927_1334_g103
26;2025-11-17;0;30.911352875210632;20260927_1334_g103
26;2025-11-17;1;1.0595535653254453;20260927_1334_g103
26;2025-11-17;2;0.0;20260927_1334_g103
26;2025-11-17;3;0.0;20260927_1334_g103
26;2025-11-17;4;2.0763793310297523;20260927_1334_g103
26;2025-11-17;5;92.41123941584385;20260927_1334_g103
26;2025-11-17;6;490.6715084796474;20260927_1334_g103
26;2025-11-17;7;1131.1360281540037;20260927_1334_g103
26;2025-11-17;8;2274.2653519755086;20260927_1334_g103
26;2025-11-17;9;1498.7302170085843;20260927_1334_g103
26;2025-11-17;10;1259.360573687853;20260927_1334_g103
26;2025-11-17;11;1169.6688217157355;20260927_1334_g103
26;2025-11-17;12;1194.4781482109672;20260927_1334_g103
26;2025-11-17;13;1213.7578706540291;20260927_1334_g103
26;2025-11-17;14;1320.6676796403874;20260927_1334_g103
26;2025-11-17;15;1399.0184405220386;20260927_1334_g103
26;2025-11-17;16;1529.6562655998482;20260927_1334_g103
26;2025-11-17;17;1756.3453958960133;20260927_1334_g103
26;2025-11-17;18;1890.634582676435;20260927_1334_g103
26;2025-11-17;19;1280.0274668054117;20260927_1334_g103
26;2025-11-17;20;794.5396217403335;20260927_1334_g103
26;2025-11-17;21;490.6620500216546;20260927_1334_g103
26;2025-11-17;22;227.34168573585305;20260927_1334_g103
26;2025-11-17;23;126.26765493754709;20260927_1334_g103
26;2025-11-18;0;31.672883277464248;20260927_1334_g103
26;2025-11-18;1;0.9206155191774824;20260927_1334_g103
26;2025-11-18;2;0.0;20260927_1334_g103
26;2025-11-18;3;0.0;20260927_1334_g103
26;2025-11-18;4;1.8358194485554218;20260927_1334_g103
26;2025-11-18;5;91.50753597710747;20260927_1334_g103
26;2025-11-18;6;493.93148930402197;20260927_1334_g103
26;2025-11-18;7;1135.5907458137053;20260927_1334_g103
26;2025-11-18;8;2284.8429022742584;20260927_1334_g103
26;2025-11-18;9;1501.1912986050024;20260927_1334_g103
26;2025-11-18;10;1280.7098962591047;20260927_1334_g103
26;2025-11-18;11;1179.486956293973;20260927_1334_g103
26;2025-11-18;12;1200.9931813730107;20260927_1334_g103
26;2025-11-18;13;1215.0953921675534;20260927_1334_g103
26;2025-11-18;14;1336.6634743726593;20260927_1334_g103
26;2025-11-18;15;1399.8630602429644;20260927_1334_g103
26;2025-11-18;16;1527.8192694802553;20260927_1334_g103
26;2025-11-18;17;1749.3912028523293;20260927_1334_g103
26;2025-11-18;18;1895.4158807701322;20260927_1334_g103
26;2025-11-18;19;1288.1961933701941;20260927_1334_g103
26;2025-11-18;20;789.1438470515079;20260927_1334_g103
26;2025-11-18;21;490.9461987166488;20260927_1334_g103
26;2025-11-18;22;229.2788893205434;20260927_1334_g103
26;2025-11-18;23;127.18253455902034;20260927_1334_g103
26;2025-11-19;0;31.727126278488186;20260927_1334_g103
26;2025-11-19;1;1.032344855491027;20260927_1334_g103
26;2025-11-19;2;0.0;20260927_1334_g103
26;2025-11-19;3;0.0;20260927_1334_g103
26;2025-11-19;4;2.125376539120078;20260927_1334_g103
26;2025-11-19;5;94.63268791078069;20260927_1334_g103
26;2025-11-19;6;490.29082003777614;20260927_1334_g103
26;2025-11-19;7;1135.6556698893637;20260927_1334_g103
26;2025-11-19;8;2280.8703484381963;20260927_1334_g103
26;2025-11-19;9;1501.5823144752987;20260927_1334_g103
26;2025-11-19;10;1280.9465778051824;20260927_1334_g103
26;2025-11-19;11;1177.6925195810575;20260927_1334_g103
26;2025-11-19;12;1220.2315656458286;20260927_1334_g103
26;2025-11-19;13;1222.186859070673;20260927_1334_g103
26;2025-11-19;14;1348.5613528809051;20260927_1334_g103
26;2025-11-19;15;1406.547890614516;20260927_1334_g103
26;2025-11-19;16;1534.7842221504566;20260927_1334_g103
26;2025-11-19;17;1746.9017640441598;20260927_1334_g103
26;2025-11-19;18;1888.807274885909;20260927_1334_g103
26;2025-11-19;19;1286.0584738381012;20260927_1334_g103
26;2025-11-19;20;795.9072894182402;20260927_1334_g103
26;2025-11-19;21;511.4845370749015;20260927_1334_g103
26;2025-11-19;22;231.08090916743424;20260927_1334_g103
26;2025-11-19;23;130.58959238686248;20260927_1334_g103
26;2025-11-20;0;33.39748124746211;20260927_1334_g103
26;2025-11-20;1;1.005993340873132;20260927_1334_g103
26;2025-11-20;2;0.0;20260927_1334_g103
26;2025-11-20;3;0.0;20260927_1334_g103
26;2025-11-20;4;2.023350201112185;20260927_1334_g103
26;2025-11-20;5;95.01411337729382;20260927_1334_g103
26;2025-11-20;6;490.53178189828935;20260927_1334_g103
26;2025-11-20;7;1136.302223079848;20260927_1334_g103
26;2025-11-20;8;2284.1747494766837;20260927_1334_g103
26;2025-11-20;9;1513.539271159713;20260927_1334_g103
26;2025-11-20;10;1271.1746984943404;20260927_1334_g103
26;2025-11-20;11;1179.618876210607;20260927_1334_g103
26;2025-11-20;12;1217.7838977570739;20260927_1334_g103
26;2025-11-20;13;1221.1057768136243;20260927_1334_g103
26;2025-11-20;14;1350.4950190412194;20260927_1334_g103
26;2025-11-20;15;1411.6808852566414;20260927_1334_g103
26;2025-11-20;16;1546.5757348673817;20260927_1334_g103
26;2025-11-20;17;1771.5486946013236;20260927_1334_g103
26;2025-11-20;18;1893.4347358526247;20260927_1334_g103
26;2025-11-20;19;1294.8399711309519;20260927_1334_g103
26;2025-11-20;20;789.6194252794811;20260927_1334_g103
26;2025-11-20;21;500.7525111792403;20260927_1334_g103
26;2025-11-20;22;230.00447879745266;20260927_1334_g103
26;2025-11-20;23;132.6727518625466;20260927_1334_g103
26;2025-11-21;0;33.5656171272906;20260927_1334_g103
26;2025-11-21;1;1.4524908650041448;20260927_1334_g103
26;2025-11-21;2;0.0;20260927_1334_g103
26;2025-11-21;3;0.0;20260927_1334_g103
26;2025-11-21;4;1.661585702480648;20260927_1334_g103
26;2025-11-21;5;78.56914035182191;20260927_1334_g103
26;2025-11-21;6;479.5596923780348;20260927_1334_g103
26;2025-11-21;7;1051.8266330871534;20260927_1334_g103
26;2025-11-21;8;2126.4715902424523;20260927_1334_g103
26;2025-11-21;9;1370.5997734768955;20260927_1334_g103
26;2025-11-21;10;1223.4936986950033;20260927_1334_g103
26;2025-11-21;11;1120.0804711641836;20260927_1334_g103
26;2025-11-21;12;1104.7451185932612;20260927_1334_g103
26;2025-11-21;13;1189.5354268452195;20260927_1334_g103
26;2025-11-21;14;1309.103528546578;20260927_1334_g103
26;2025-11-21;15;1345.7687221759973;20260927_1334_g103
26;2025-11-21;16;1611.2300510533694;20260927_1334_g103
26;2025-11-21;17;1754.2388516549556;20260927_1334_g103
26;2025-11-21;18;1366.9417330012966;20260927_1334_g103
26;2025-11-21;19;1083.763491703959;20260927_1334_g103
26;2025-11-21;20;679.5855572885719;20260927_1334_g103
26;2025-11-21;21;477.77211342001846;20260927_1334_g103
26;2025-11-21;22;238.91696213154017;20260927_1334_g103
26;2025-11-21;23;160.95870031806768;20260927_1334_g103
26;2025-11-22;0;48.66129552604161;20260927_1334_g103
26;2025-11-22;1;1.150803562782545;20260927_1334_g103
26;2025-11-22;2;0.0;20260927_1334_g103
26;2025-11-22;3;0.0;20260927_1334_g103
26;2025-11-22;4;1.8786624119688191;20260927_1334_g103
26;2025-11-22;5;51.609455650382976;20260927_1334_g103
26;2025-11-22;6;262.2602560234643;20260927_1334_g103
26;2025-11-22;7;371.9909314130595;20260927_1334_g103
26;2025-11-22;8;635.7950988492221;20260927_1334_g103
26;2025-11-22;9;698.6726402249304;20260927_1334_g103
26;2025-11-22;10;832.0349699358771;20260927_1334_g103
26;2025-11-22;11;1003.1598538221195;20260927_1334_g103
26;2025-11-22;12;1065.8489748401748;20260927_1334_g103
26;2025-11-22;13;1054.242265818485;20260927_1334_g103
26;2025-11-22;14;1068.5315065592208;20260927_1334_g103
26;2025-11-22;15;979.5936362349836;20260927_1334_g103
26;2025-11-22;16;1039.4931676213462;20260927_1334_g103
26;2025-11-22;17;945.745150674969;20260927_1334_g103
26;2025-11-22;18;883.7112764226016;20260927_1334_g103
26;2025-11-22;19;829.4458824135205;20260927_1334_g103
26;2025-11-22;20;559.569100714907;20260927_1334_g103
26;2025-11-22;21;381.2216563479851;20260927_1334_g103
26;2025-11-22;22;223.60389598182724;20260927_1334_g103
26;2025-11-22;23;158.30254901686214;20260927_1334_g103
26;2025-11-23;0;49.479006797543896;20260927_1334_g103
26;2025-11-23;1;3.943420152607325;20260927_1334_g103
26;2025-11-23;2;0.0;20260927_1334_g103
26;2025-11-23;3;0.0;20260927_1334_g103
26;2025-11-23;4;1.5279328490965192;20260927_1334_g103
26;2025-11-23;5;24.908593316729977;20260927_1334_g103
26;2025-11-23;6;155.4048129344945;20260927_1334_g103
26;2025-11-23;7;260.54004402008337;20260927_1334_g103
26;2025-11-23;8;397.2669977211807;20260927_1334_g103
26;2025-11-23;9;527.1419553961576;20260927_1334_g103
26;2025-11-23;10;605.6217017785278;20260927_1334_g103
26;2025-11-23;11;824.4018915942264;20260927_1334_g103
26;2025-11-23;12;824.476342265456;20260927_1334_g103
26;2025-11-23;13;872.014656198921;20260927_1334_g103
26;2025-11-23;14;866.4110106401586;20260927_1334_g103
26;2025-11-23;15;786.9657070776332;20260927_1334_g103
26;2025-11-23;16;779.4906252767053;20260927_1334_g103
26;2025-11-23;17;772.5507674792706;20260927_1334_g103
26;2025-11-23;18;693.3258543339367;20260927_1334_g103
26;2025-11-23;19;533.631715125909;20260927_1334_g103
26;2025-11-23;20;416.20192232282983;20260927_1334_g103
26;2025-11-23;21;278.6476066331;20260927_1334_g103
26;2025-11-23;22;179.7119331810499;20260927_1334_g103
26;2025-11-23;23;102.67406891302383;20260927_1334_g103
26;2025-11-24;0;31.819239946583664;20260927_1334_g103
26;2025-11-24;1;1.0415818994608368;20260927_1334_g103
26;2025-11-24;2;0.0;20260927_1334_g103
26;2025-11-24;3;0.0;20260927_1334_g103
26;2025-11-24;4;2.0689211990479603;20260927_1334_g103
26;2025-11-24;5;93.61089437925989;20260927_1334_g103
26;2025-11-24;6;498.19706390901234;20260927_1334_g103
26;2025-11-24;7;1135.4417983465153;20260927_1334_g103
26;2025-11-24;8;2281.4209282077027;20260927_1334_g103
26;2025-11-24;9;1496.8592350969852;20260927_1334_g103
26;2025-11-24;10;1251.4915590436528;20260927_1334_g103
26;2025-11-24;11;1156.9876069700447;20260927_1334_g103
26;2025-11-24;12;1183.1737311054549;20260927_1334_g103
26;2025-11-24;13;1192.2453762691707;20260927_1334_g103
26;2025-11-24;14;1311.61841994363;20260927_1334_g103
26;2025-11-24;15;1393.4171765611873;20260927_1334_g103
26;2025-11-24;16;1526.503378987635;20260927_1334_g103
26;2025-11-24;17;1748.0485665318945;20260927_1334_g103
26;2025-11-24;18;1899.2840349352111;20260927_1334_g103
26;2025-11-24;19;1286.743919213533;20260927_1334_g103
26;2025-11-24;20;792.4551553290147;20260927_1334_g103
26;2025-11-24;21;494.46785116826277;20260927_1334_g103
26;2025-11-24;22;232.6811135727734;20260927_1334_g103
26;2025-11-24;23;129.10507693372193;20260927_1334_g103
26;2025-11-25;0;32.07308341400154;20260927_1334_g103
26;2025-11-25;1;0.9952692174115156;20260927_1334_g103
26;2025-11-25;2;0.0;20260927_1334_g103
26;2025-11-25;3;0.0;20260927_1334_g103
26;2025-11-25;4;1.9887345715565172;20260927_1334_g103
26;2025-11-25;5;93.3096598996811;20260927_1334_g103
26;2025-11-25;6;499.2837241838039;20260927_1334_g103
26;2025-11-25;7;1136.9267042330823;20260927_1334_g103
26;2025-11-25;8;2284.946778307286;20260927_1334_g103
26;2025-11-25;9;1497.679595629125;20260927_1334_g103
26;2025-11-25;10;1258.607999900737;20260927_1334_g103
26;2025-11-25;11;1160.2603184961242;20260927_1334_g103
26;2025-11-25;12;1185.3454088261358;20260927_1334_g103
26;2025-11-25;13;1192.6912167736784;20260927_1334_g103
26;2025-11-25;14;1316.9503515210538;20260927_1334_g103
26;2025-11-25;15;1393.6987164681627;20260927_1334_g103
26;2025-11-25;16;1525.8910469477705;20260927_1334_g103
26;2025-11-25;17;1745.7305021839993;20260927_1334_g103
26;2025-11-25;18;1900.8778009664438;20260927_1334_g103
26;2025-11-25;19;1289.4668280684605;20260927_1334_g103
26;2025-11-25;20;790.6565637660728;20260927_1334_g103
26;2025-11-25;21;494.56256739992756;20260927_1334_g103
26;2025-11-25;22;233.32684810100352;20260927_1334_g103
26;2025-11-25;23;129.41003680754633;20260927_1334_g103
26;2025-11-26;0;32.09116441434285;20260927_1334_g103
26;2025-11-26;1;1.0325123295160303;20260927_1334_g103
26;2025-11-26;2;0.0;20260927_1334_g103
26;2025-11-26;3;0.0;20260927_1334_g103
26;2025-11-26;4;2.0852536017447356;20260927_1334_g103
26;2025-11-26;5;94.3513772109055;20260927_1334_g103
26;2025-11-26;6;498.070167761722;20260927_1334_g103
26;2025-11-26;7;1136.948345591635;20260927_1334_g103
26;2025-11-26;8;2283.6225936952656;20260927_1334_g103
26;2025-11-26;9;1497.8099342525568;20260927_1334_g103
26;2025-11-26;10;1258.6868937494294;20260927_1334_g103
26;2025-11-26;11;1159.662172925152;20260927_1334_g103
26;2025-11-26;12;1191.7582035837422;20260927_1334_g103
26;2025-11-26;13;1195.0550390747185;20260927_1334_g103
26;2025-11-26;14;1320.916311023802;20260927_1334_g103
26;2025-11-26;15;1395.9269932586799;20260927_1334_g103
26;2025-11-26;16;1528.2126978378376;20260927_1334_g103
26;2025-11-26;17;1744.9006892479429;20260927_1334_g103
26;2025-11-26;18;1898.6749323383694;20260927_1334_g103
26;2025-11-26;19;1288.7542548910965;20260927_1334_g103
26;2025-11-26;20;792.9110445549836;20260927_1334_g103
26;2025-11-26;21;501.40868018601174;20260927_1334_g103
26;2025-11-26;22;233.92752138330047;20260927_1334_g103
26;2025-11-26;23;130.54572275016037;20260927_1334_g103
26;2025-11-27;0;32.647949404000826;20260927_1334_g103
26;2025-11-27;1;1.0237284913100655;20260927_1334_g103
26;2025-11-27;2;0.0;20260927_1334_g103
26;2025-11-27;3;0.0;20260927_1334_g103
26;2025-11-27;4;2.0512448224087723;20260927_1334_g103
26;2025-11-27;5;94.47851903307655;20260927_1334_g103
26;2025-11-27;6;498.15048838189307;20260927_1334_g103
26;2025-11-27;7;1137.1638633217967;20260927_1334_g103
26;2025-11-27;8;2284.7240607080944;20260927_1334_g103
26;2025-11-27;9;1501.795586480695;20260927_1334_g103
26;2025-11-27;10;1255.4296006458155;20260927_1334_g103
26;2025-11-27;11;1160.3042918016686;20260927_1334_g103
26;2025-11-27;12;1190.9423142874903;20260927_1334_g103
26;2025-11-27;13;1194.6946783223686;20260927_1334_g103
26;2025-11-27;14;1321.560866410574;20260927_1334_g103
26;2025-11-27;15;1397.6379914727222;20260927_1334_g103
26;2025-11-27;16;1532.1432020768127;20260927_1334_g103
26;2025-11-27;17;1753.1163327669974;20260927_1334_g103
26;2025-11-27;18;1900.2174193272745;20260927_1334_g103
26;2025-11-27;19;1291.68142065538;20260927_1334_g103
26;2025-11-27;20;790.8150898420639;20260927_1334_g103
26;2025-11-27;21;497.83133822079134;20260927_1334_g103
26;2025-11-27;22;233.56871125997327;20260927_1334_g103
26;2025-11-27;23;131.2401092420551;20260927_1334_g103
26;2025-11-28;0;33.98913073132709;20260927_1334_g103
26;2025-11-28;1;1.5108561189478662;20260927_1334_g103
26;2025-11-28;2;0.0;20260927_1334_g103
26;2025-11-28;3;0.0;20260927_1334_g103
26;2025-11-28;4;1.6810224617778673;20260927_1334_g103
26;2025-11-28;5;80.2177935553805;20260927_1334_g103
26;2025-11-28;6;489.82881349103286;20260927_1334_g103
26;2025-11-28;7;1061.4516013628258;20260927_1334_g103
26;2025-11-28;8;2139.7408151295886;20260927_1334_g103
26;2025-11-28;9;1375.385147279017;20260927_1334_g103
26;2025-11-28;10;1219.2762975849835;20260927_1334_g103
26;2025-11-28;11;1115.254274253167;20260927_1334_g103
26;2025-11-28;12;1098.9685231347917;20260927_1334_g103
26;2025-11-28;13;1189.5568311244776;20260927_1334_g103
26;2025-11-28;14;1303.919213877638;20260927_1334_g103
26;2025-11-28;15;1351.817802022361;20260927_1334_g103
26;2025-11-28;16;1614.555378905852;20260927_1334_g103
26;2025-11-28;17;1758.573228969766;20260927_1334_g103
26;2025-11-28;18;1383.2606779996552;20260927_1334_g103
26;2025-11-28;19;1093.824266990013;20260927_1334_g103
26;2025-11-28;20;689.0659813931693;20260927_1334_g103
26;2025-11-28;21;486.7040360055981;20260927_1334_g103
26;2025-11-28;22;247.44424855629822;20260927_1334_g103
26;2025-11-28;23;163.86770899338458;20260927_1334_g103
26;2025-11-29;0;48.66129552604161;20260927_1334_g103
26;2025-11-29;1;1.150803562782545;20260927_1334_g103
26;2025-11-29;2;0.0;20260927_1334_g103
26;2025-11-29;3;0.0;20260927_1334_g103
26;2025-11-29;4;1.8786624119688191;20260927_1334_g103
26;2025-11-29;5;51.609455650382976;20260927_1334_g103
26;2025-11-29;6;262.2602560234643;20260927_1334_g103
26;2025-11-29;7;371.9909314130595;20260927_1334_g103
26;2025-11-29;8;635.7950988492221;20260927_1334_g103
26;2025-11-29;9;698.6726402249304;20260927_1334_g103
26;2025-11-29;10;832.0349699358771;20260927_1334_g103
26;2025-11-29;11;1003.1598538221195;20260927_1334_g103
26;2025-11-29;12;1065.8489748401748;20260927_1334_g103
26;2025-11-29;13;1054.242265818485;20260927_1334_g103
26;2025-11-29;14;1068.5315065592208;20260927_1334_g103
26;2025-11-29;15;979.5936362349836;20260927_1334_g103
26;2025-11-29;16;1039.4931676213462;20260927_1334_g103
26;2025-11-29;17;945.745150674969;20260927_1334_g103
26;2025-11-29;18;883.7112764226016;20260927_1334_g103
26;2025-11-29;19;829.4458824135205;20260927_1334_g103
26;2025-11-29;20;559.569100714907;20260927_1334_g103
26;2025-11-29;21;381.2216563479851;20260927_1334_g103
26;2025-11-29;22;223.60389598182724;20260927_1334_g103
26;2025-11-29;23;158.30254901686214;20260927_1334_g103
26;2025-11-30;0;49.479006797543896;20260927_1334_g103
26;2025-11-30;1;3.943420152607325;20260927_1334_g103
26;2025-11-30;2;0.0;20260927_1334_g103
26;2025-11-30;3;0.0;20260927_1334_g103
26;2025-11-30;4;1.5279328490965192;20260927_1334_g103
26;2025-11-30;5;24.908593316729977;20260927_1334_g103
26;2025-11-30;6;155.4048129344945;20260927_1334_g103
26;2025-11-30;7;260.54004402008337;20260927_1334_g103
26;2025-11-30;8;397.2669977211807;20260927_1334_g103
26;2025-11-30;9;527.1419553961576;20260927_1334_g103
26;2025-11-30;10;605.6217017785278;20260927_1334_g103
26;2025-11-30;11;824.4018915942264;20260927_1334_g103
26;2025-11-30;12;824.476342265456;20260927_1334_g103
26;2025-11-30;13;872.014656198921;20260927_1334_g103
26;2025-11-30;14;866.4110106401586;20260927_1334_g103
26;2025-11-30;15;786.9657070776332;20260927_1334_g103
26;2025-11-30;16;779.4906252767053;20260927_1334_g103
26;2025-11-30;17;772.5507674792706;20260927_1334_g103
26;2025-11-30;18;693.3258543339367;20260927_1334_g103
26;2025-11-30;19;533.631715125909;20260927_1334_g103
26;2025-11-30;20;416.20192232282983;20260927_1334_g103
26;2025-11-30;21;278.6476066331;20260927_1334_g103
26;2025-11-30;22;179.7119331810499;20260927_1334_g103
26;2025-11-30;23;102.67406891302383;20260927_1334_g103
26;2025-12-01;0;31.182855147651985;20260927_1334_g103
26;2025-12-01;1;1.0207502614716202;20260927_1334_g103
26;2025-12-01;2;0.0;20260927_1334_g103
26;2025-12-01;3;0.0;20260927_1334_g103
26;2025-12-01;4;2.027542775067001;20260927_1334_g103
26;2025-12-01;5;91.7386764916747;20260927_1334_g103
26;2025-12-01;6;488.23312263083216;20260927_1334_g103
26;2025-12-01;7;1112.732962379585;20260927_1334_g103
26;2025-12-01;8;2235.792509643549;20260927_1334_g103
26;2025-12-01;9;1466.9220503950457;20260927_1334_g103
26;2025-12-01;10;1226.4617278627798;20260927_1334_g103
26;2025-12-01;11;1133.8478548306439;20260927_1334_g103
26;2025-12-01;12;1159.5102564833458;20260927_1334_g103
26;2025-12-01;13;1168.4004687437866;20260927_1334_g103
26;2025-12-01;14;1285.3860515447573;20260927_1334_g103
26;2025-12-01;15;1365.5488330299636;20260927_1334_g103
26;2025-12-01;16;1495.973311407882;20260927_1334_g103
26;2025-12-01;17;1713.0875952012561;20260927_1334_g103
26;2025-12-01;18;1861.2983542365068;20260927_1334_g103
26;2025-12-01;19;1261.0090408292624;20260927_1334_g103
26;2025-12-01;20;776.6060522224344;20260927_1334_g103
26;2025-12-01;21;484.57849414489755;20260927_1334_g103
26;2025-12-01;22;228.02749130131792;20260927_1334_g103
26;2025-12-01;23;126.52297539504747;20260927_1334_g103
26;2025-12-02;0;31.431621745721504;20260927_1334_g103
26;2025-12-02;1;0.9753638330632853;20260927_1334_g103
26;2025-12-02;2;0.0;20260927_1334_g103
26;2025-12-02;3;0.0;20260927_1334_g103
26;2025-12-02;4;1.9489598801253865;20260927_1334_g103
26;2025-12-02;5;91.44346670168746;20260927_1334_g103
26;2025-12-02;6;489.2980497001278;20260927_1334_g103
26;2025-12-02;7;1114.188170148421;20260927_1334_g103
26;2025-12-02;8;2239.24784274114;20260927_1334_g103
26;2025-12-02;9;1467.7260037165422;20260927_1334_g103
26;2025-12-02;10;1233.4358399027221;20260927_1334_g103
26;2025-12-02;11;1137.0551121262015;20260927_1334_g103
26;2025-12-02;12;1161.6385006496132;20260927_1334_g103
26;2025-12-02;13;1168.837392438205;20260927_1334_g103
26;2025-12-02;14;1290.6113444906327;20260927_1334_g103
26;2025-12-02;15;1365.8247421387996;20260927_1334_g103
26;2025-12-02;16;1495.3732260088148;20260927_1334_g103
26;2025-12-02;17;1710.8158921403192;20260927_1334_g103
26;2025-12-02;18;1862.8602449471143;20260927_1334_g103
26;2025-12-02;19;1263.6774915070912;20260927_1334_g103
26;2025-12-02;20;774.8434324907514;20260927_1334_g103
26;2025-12-02;21;484.671316051929;20260927_1334_g103
26;2025-12-02;22;228.66031113898342;20260927_1334_g103
26;2025-12-02;23;126.82183607139541;20260927_1334_g103
26;2025-12-03;0;31.44934112605599;20260927_1334_g103
26;2025-12-03;1;1.0118620829257101;20260927_1334_g103
26;2025-12-03;2;0.0;20260927_1334_g103
26;2025-12-03;3;0.0;20260927_1334_g103
26;2025-12-03;4;2.043548529709841;20260927_1334_g103
26;2025-12-03;5;92.46434966668738;20260927_1334_g103
26;2025-12-03;6;488.10876440648764;20260927_1334_g103
26;2025-12-03;7;1114.2093786798025;20260927_1334_g103
26;2025-12-03;8;2237.9501418213595;20260927_1334_g103
26;2025-12-03;9;1467.853735567506;20260927_1334_g103
26;2025-12-03;10;1233.5131558744408;20260927_1334_g103
26;2025-12-03;11;1136.468929466649;20260927_1334_g103
26;2025-12-03;12;1167.923039512067;20260927_1334_g103
26;2025-12-03;13;1171.1539382932242;20260927_1334_g103
26;2025-12-03;14;1294.4979848033263;20260927_1334_g103
26;2025-12-03;15;1368.0084533935064;20260927_1334_g103
26;2025-12-03;16;1497.648443881081;20260927_1334_g103
26;2025-12-03;17;1710.002675462984;20260927_1334_g103
26;2025-12-03;18;1860.7014336916018;20260927_1334_g103
26;2025-12-03;19;1262.9791697932744;20260927_1334_g103
26;2025-12-03;20;777.0528236638839;20260927_1334_g103
26;2025-12-03;21;491.38050658229145;20260927_1334_g103
26;2025-12-03;22;229.24897095563446;20260927_1334_g103
26;2025-12-03;23;127.93480829515717;20260927_1334_g103
26;2025-12-04;0;31.994990415920807;20260927_1334_g103
26;2025-12-04;1;1.0032539214838643;20260927_1334_g103
26;2025-12-04;2;0.0;20260927_1334_g103
26;2025-12-04;3;0.0;20260927_1334_g103
26;2025-12-04;4;2.010219925960596;20260927_1334_g103
26;2025-12-04;5;92.58894865241503;20260927_1334_g103
26;2025-12-04;6;488.1874786142552;20260927_1334_g103
26;2025-12-04;7;1114.420586055361;20260927_1334_g103
26;2025-12-04;8;2239.0295794939325;20260927_1334_g103
26;2025-12-04;9;1471.759674751081;20260927_1334_g103
26;2025-12-04;10;1230.321008632899;20260927_1334_g103
26;2025-12-04;11;1137.098205965635;20260927_1334_g103
26;2025-12-04;12;1167.1234680017403;20260927_1334_g103
26;2025-12-04;13;1170.8007847559215;20260927_1334_g103
26;2025-12-04;14;1295.1296490823622;20260927_1334_g103
26;2025-12-04;15;1369.6852316432673;20260927_1334_g103
26;2025-12-04;16;1501.5003380352762;20260927_1334_g103
26;2025-12-04;17;1718.0540061116574;20260927_1334_g103
26;2025-12-04;18;1862.2130709407288;20260927_1334_g103
26;2025-12-04;19;1265.8477922422724;20260927_1334_g103
26;2025-12-04;20;774.9987880452226;20260927_1334_g103
26;2025-12-04;21;487.87471145637545;20260927_1334_g103
26;2025-12-04;22;228.89733703477376;20260927_1334_g103
26;2025-12-04;23;128.61530705721398;20260927_1334_g103
26;2025-12-05;0;33.30934811670055;20260927_1334_g103
26;2025-12-05;1;1.4806389965689086;20260927_1334_g103
26;2025-12-05;2;0.0;20260927_1334_g103
26;2025-12-05;3;0.0;20260927_1334_g103
26;2025-12-05;4;1.6474020125423097;20260927_1334_g103
26;2025-12-05;5;78.6134376842729;20260927_1334_g103
26;2025-12-05;6;480.03223722121226;20260927_1334_g103
26;2025-12-05;7;1040.2225693355692;20260927_1334_g103
26;2025-12-05;8;2096.945998826997;20260927_1334_g103
26;2025-12-05;9;1347.8774443334364;20260927_1334_g103
26;2025-12-05;10;1194.8907716332837;20260927_1334_g103
26;2025-12-05;11;1092.9491887681036;20260927_1334_g103
26;2025-12-05;12;1076.989152672096;20260927_1334_g103
26;2025-12-05;13;1165.765694501988;20260927_1334_g103
26;2025-12-05;14;1277.8408296000853;20260927_1334_g103
26;2025-12-05;15;1324.7814459819137;20260927_1334_g103
26;2025-12-05;16;1582.264271327735;20260927_1334_g103
26;2025-12-05;17;1723.401764390371;20260927_1334_g103
26;2025-12-05;18;1355.595464439662;20260927_1334_g103
26;2025-12-05;19;1071.9477816502124;20260927_1334_g103
26;2025-12-05;20;675.2846617653059;20260927_1334_g103
26;2025-12-05;21;476.9699552854862;20260927_1334_g103
26;2025-12-05;22;242.49536358517227;20260927_1334_g103
26;2025-12-05;23;160.59035481351685;20260927_1334_g103
26;2025-12-06;0;47.68806961552078;20260927_1334_g103
26;2025-12-06;1;1.127787491526894;20260927_1334_g103
26;2025-12-06;2;0.0;20260927_1334_g103
26;2025-12-06;3;0.0;20260927_1334_g103
26;2025-12-06;4;1.8410891637294424;20260927_1334_g103
26;2025-12-06;5;50.5772665373753;20260927_1334_g103
26;2025-12-06;6;257.015050902995;20260927_1334_g103
26;2025-12-06;7;364.5511127847983;20260927_1334_g103
26;2025-12-06;8;623.0791968722376;20260927_1334_g103
26;2025-12-06;9;684.6991874204318;20260927_1334_g103
26;2025-12-06;10;815.3942705371596;20260927_1334_g103
26;2025-12-06;11;983.096656745677;20260927_1334_g103
26;2025-12-06;12;1044.5319953433711;20260927_1334_g103
26;2025-12-06;13;1033.1574205021157;20260927_1334_g103
26;2025-12-06;14;1047.1608764280365;20260927_1334_g103
26;2025-12-06;15;960.0017635102841;20260927_1334_g103
26;2025-12-06;16;1018.7033042689193;20260927_1334_g103
26;2025-12-06;17;926.8302476614696;20260927_1334_g103
26;2025-12-06;18;866.0370508941496;20260927_1334_g103
26;2025-12-06;19;812.85696476525;20260927_1334_g103
26;2025-12-06;20;548.377718700609;20260927_1334_g103
26;2025-12-06;21;373.59722322102533;20260927_1334_g103
26;2025-12-06;22;219.1318180621907;20260927_1334_g103
26;2025-12-06;23;155.1364980365249;20260927_1334_g103
26;2025-12-07;0;48.489426661593;20260927_1334_g103
26;2025-12-07;1;3.864551749555179;20260927_1334_g103
26;2025-12-07;2;0.0;20260927_1334_g103
26;2025-12-07;3;0.0;20260927_1334_g103
26;2025-12-07;4;1.4973741921145887;20260927_1334_g103
26;2025-12-07;5;24.410421450395372;20260927_1334_g103
26;2025-12-07;6;152.2967166758046;20260927_1334_g103
26;2025-12-07;7;255.3292431396817;20260927_1334_g103
26;2025-12-07;8;389.32165776675697;20260927_1334_g103
26;2025-12-07;9;516.5991162882345;20260927_1334_g103
26;2025-12-07;10;593.5092677429573;20260927_1334_g103
26;2025-12-07;11;807.9138537623419;20260927_1334_g103
26;2025-12-07;12;807.9868154201469;20260927_1334_g103
26;2025-12-07;13;854.5743630749425;20260927_1334_g103
26;2025-12-07;14;849.0827904273555;20260927_1334_g103
26;2025-12-07;15;771.2263929360805;20260927_1334_g103
26;2025-12-07;16;763.9008127711712;20260927_1334_g103
26;2025-12-07;17;757.0997521296852;20260927_1334_g103
26;2025-12-07;18;679.4593372472581;20260927_1334_g103
26;2025-12-07;19;522.9590808233908;20260927_1334_g103
26;2025-12-07;20;407.8778838763733;20260927_1334_g103
26;2025-12-07;21;273.074654500438;20260927_1334_g103
26;2025-12-07;22;176.1176945174289;20260927_1334_g103
26;2025-12-07;23;100.62058753476333;20260927_1334_g103
26;2025-12-08;0;31.182855147651985;20260927_1334_g103
26;2025-12-08;1;1.0207502614716202;20260927_1334_g103
26;2025-12-08;2;0.0;20260927_1334_g103
26;2025-12-08;3;0.0;20260927_1334_g103
26;2025-12-08;4;2.027542775067001;20260927_1334_g103
26;2025-12-08;5;91.7386764916747;20260927_1334_g103
26;2025-12-08;6;488.23312263083216;20260927_1334_g103
26;2025-12-08;7;1112.732962379585;20260927_1334_g103
26;2025-12-08;8;2235.792509643549;20260927_1334_g103
26;2025-12-08;9;1466.9220503950457;20260927_1334_g103
26;2025-12-08;10;1226.4617278627798;20260927_1334_g103
26;2025-12-08;11;1133.8478548306439;20260927_1334_g103
26;2025-12-08;12;1159.5102564833458;20260927_1334_g103
26;2025-12-08;13;1168.4004687437866;20260927_1334_g103
26;2025-12-08;14;1285.3860515447573;20260927_1334_g103
26;2025-12-08;15;1365.5488330299636;20260927_1334_g103
26;2025-12-08;16;1495.973311407882;20260927_1334_g103
26;2025-12-08;17;1713.0875952012561;20260927_1334_g103
26;2025-12-08;18;1861.2983542365068;20260927_1334_g103
26;2025-12-08;19;1261.0090408292624;20260927_1334_g103
26;2025-12-08;20;776.6060522224344;20260927_1334_g103
26;2025-12-08;21;484.57849414489755;20260927_1334_g103
26;2025-12-08;22;228.02749130131792;20260927_1334_g103
26;2025-12-08;23;126.52297539504747;20260927_1334_g103
26;2025-12-09;0;31.431621745721504;20260927_1334_g103
26;2025-12-09;1;0.9753638330632853;20260927_1334_g103
26;2025-12-09;2;0.0;20260927_1334_g103
26;2025-12-09;3;0.0;20260927_1334_g103
26;2025-12-09;4;1.9489598801253865;20260927_1334_g103
26;2025-12-09;5;91.44346670168746;20260927_1334_g103
26;2025-12-09;6;489.2980497001278;20260927_1334_g103
26;2025-12-09;7;1114.188170148421;20260927_1334_g103
26;2025-12-09;8;2239.24784274114;20260927_1334_g103
26;2025-12-09;9;1467.7260037165422;20260927_1334_g103
26;2025-12-09;10;1233.4358399027221;20260927_1334_g103
26;2025-12-09;11;1137.0551121262015;20260927_1334_g103
26;2025-12-09;12;1161.6385006496132;20260927_1334_g103
26;2025-12-09;13;1168.837392438205;20260927_1334_g103
26;2025-12-09;14;1290.6113444906327;20260927_1334_g103
26;2025-12-09;15;1365.8247421387996;20260927_1334_g103
26;2025-12-09;16;1495.3732260088148;20260927_1334_g103
26;2025-12-09;17;1710.8158921403192;20260927_1334_g103
26;2025-12-09;18;1862.8602449471143;20260927_1334_g103
26;2025-12-09;19;1263.6774915070912;20260927_1334_g103
26;2025-12-09;20;774.8434324907514;20260927_1334_g103
26;2025-12-09;21;484.671316051929;20260927_1334_g103
26;2025-12-09;22;228.66031113898342;20260927_1334_g103
26;2025-12-09;23;126.82183607139541;20260927_1334_g103
26;2025-12-10;0;31.44934112605599;20260927_1334_g103
26;2025-12-10;1;1.0118620829257101;20260927_1334_g103
26;2025-12-10;2;0.0;20260927_1334_g103
26;2025-12-10;3;0.0;20260927_1334_g103
26;2025-12-10;4;2.043548529709841;20260927_1334_g103
26;2025-12-10;5;92.46434966668738;20260927_1334_g103
26;2025-12-10;6;488.10876440648764;20260927_1334_g103
26;2025-12-10;7;1114.2093786798025;20260927_1334_g103
26;2025-12-10;8;2237.9501418213595;20260927_1334_g103
26;2025-12-10;9;1467.853735567506;20260927_1334_g103
26;2025-12-10;10;1233.5131558744408;20260927_1334_g103
26;2025-12-10;11;1136.468929466649;20260927_1334_g103
26;2025-12-10;12;1167.923039512067;20260927_1334_g103
26;2025-12-10;13;1171.1539382932242;20260927_1334_g103
26;2025-12-10;14;1294.4979848033263;20260927_1334_g103
26;2025-12-10;15;1368.0084533935064;20260927_1334_g103
26;2025-12-10;16;1497.648443881081;20260927_1334_g103
26;2025-12-10;17;1710.002675462984;20260927_1334_g103
26;2025-12-10;18;1860.7014336916018;20260927_1334_g103
26;2025-12-10;19;1262.9791697932744;20260927_1334_g103
26;2025-12-10;20;777.0528236638839;20260927_1334_g103
26;2025-12-10;21;491.38050658229145;20260927_1334_g103
26;2025-12-10;22;229.24897095563446;20260927_1334_g103
26;2025-12-10;23;127.93480829515717;20260927_1334_g103
26;2025-12-11;0;31.994990415920807;20260927_1334_g103
26;2025-12-11;1;1.0032539214838643;20260927_1334_g103
26;2025-12-11;2;0.0;20260927_1334_g103
26;2025-12-11;3;0.0;20260927_1334_g103
26;2025-12-11;4;2.010219925960596;20260927_1334_g103
26;2025-12-11;5;92.58894865241503;20260927_1334_g103
26;2025-12-11;6;488.1874786142552;20260927_1334_g103
26;2025-12-11;7;1114.420586055361;20260927_1334_g103
26;2025-12-11;8;2239.0295794939325;20260927_1334_g103
26;2025-12-11;9;1471.759674751081;20260927_1334_g103
26;2025-12-11;10;1230.321008632899;20260927_1334_g103
26;2025-12-11;11;1137.098205965635;20260927_1334_g103
26;2025-12-11;12;1167.1234680017403;20260927_1334_g103
26;2025-12-11;13;1170.8007847559215;20260927_1334_g103
26;2025-12-11;14;1295.1296490823622;20260927_1334_g103
26;2025-12-11;15;1369.6852316432673;20260927_1334_g103
26;2025-12-11;16;1501.5003380352762;20260927_1334_g103
26;2025-12-11;17;1718.0540061116574;20260927_1334_g103
26;2025-12-11;18;1862.2130709407288;20260927_1334_g103
26;2025-12-11;19;1265.8477922422724;20260927_1334_g103
26;2025-12-11;20;774.9987880452226;20260927_1334_g103
26;2025-12-11;21;487.87471145637545;20260927_1334_g103
26;2025-12-11;22;228.89733703477376;20260927_1334_g103
26;2025-12-11;23;128.61530705721398;20260927_1334_g103
26;2025-12-12;0;33.30934811670055;20260927_1334_g103
26;2025-12-12;1;1.4806389965689086;20260927_1334_g103
26;2025-12-12;2;0.0;20260927_1334_g103
26;2025-12-12;3;0.0;20260927_1334_g103
26;2025-12-12;4;1.6474020125423097;20260927_1334_g103
26;2025-12-12;5;78.6134376842729;20260927_1334_g103
26;2025-12-12;6;480.03223722121226;20260927_1334_g103
26;2025-12-12;7;1040.2225693355692;20260927_1334_g103
26;2025-12-12;8;2096.945998826997;20260927_1334_g103
26;2025-12-12;9;1347.8774443334364;20260927_1334_g103
26;2025-12-12;10;1194.8907716332837;20260927_1334_g103
26;2025-12-12;11;1092.9491887681036;20260927_1334_g103
26;2025-12-12;12;1076.989152672096;20260927_1334_g103
26;2025-12-12;13;1165.765694501988;20260927_1334_g103
26;2025-12-12;14;1277.8408296000853;20260927_1334_g103
26;2025-12-12;15;1324.7814459819137;20260927_1334_g103
26;2025-12-12;16;1582.264271327735;20260927_1334_g103
26;2025-12-12;17;1723.401764390371;20260927_1334_g103
26;2025-12-12;18;1355.595464439662;20260927_1334_g103
26;2025-12-12;19;1071.9477816502124;20260927_1334_g103
26;2025-12-12;20;675.2846617653059;20260927_1334_g103
26;2025-12-12;21;476.9699552854862;20260927_1334_g103
26;2025-12-12;22;242.49536358517227;20260927_1334_g103
26;2025-12-12;23;160.59035481351685;20260927_1334_g103
26;2025-12-13;0;47.68806961552078;20260927_1334_g103
26;2025-12-13;1;1.127787491526894;20260927_1334_g103
26;2025-12-13;2;0.0;20260927_1334_g103
26;2025-12-13;3;0.0;20260927_1334_g103
26;2025-12-13;4;1.8410891637294424;20260927_1334_g103
26;2025-12-13;5;50.5772665373753;20260927_1334_g103
26;2025-12-13;6;257.015050902995;20260927_1334_g103
26;2025-12-13;7;364.5511127847983;20260927_1334_g103
26;2025-12-13;8;623.0791968722376;20260927_1334_g103
26;2025-12-13;9;684.6991874204318;20260927_1334_g103
26;2025-12-13;10;815.3942705371596;20260927_1334_g103
26;2025-12-13;11;983.096656745677;20260927_1334_g103
26;2025-12-13;12;1044.5319953433711;20260927_1334_g103
26;2025-12-13;13;1033.1574205021157;20260927_1334_g103
26;2025-12-13;14;1047.1608764280365;20260927_1334_g103
26;2025-12-13;15;960.0017635102841;20260927_1334_g103
26;2025-12-13;16;1018.7033042689193;20260927_1334_g103
26;2025-12-13;17;926.8302476614696;20260927_1334_g103
26;2025-12-13;18;866.0370508941496;20260927_1334_g103
26;2025-12-13;19;812.85696476525;20260927_1334_g103
26;2025-12-13;20;548.377718700609;20260927_1334_g103
26;2025-12-13;21;373.59722322102533;20260927_1334_g103
26;2025-12-13;22;219.1318180621907;20260927_1334_g103
26;2025-12-13;23;155.1364980365249;20260927_1334_g103
26;2025-12-14;0;48.489426661593;20260927_1334_g103
26;2025-12-14;1;3.864551749555179;20260927_1334_g103
26;2025-12-14;2;0.0;20260927_1334_g103
26;2025-12-14;3;0.0;20260927_1334_g103
26;2025-12-14;4;1.4973741921145887;20260927_1334_g103
26;2025-12-14;5;24.410421450395372;20260927_1334_g103
26;2025-12-14;6;152.2967166758046;20260927_1334_g103
26;2025-12-14;7;255.34204683544993;20260927_1334_g103
26;2025-12-14;8;389.31871900597065;20260927_1334_g103
26;2025-12-14;9;516.3340689914256;20260927_1334_g103
26;2025-12-14;10;593.4442336447617;20260927_1334_g103
26;2025-12-14;11;807.7375739158829;20260927_1334_g103
26;2025-12-14;12;807.750057262175;20260927_1334_g103
26;2025-12-14;13;854.1665361429065;20260927_1334_g103
26;2025-12-14;14;848.494155275697;20260927_1334_g103
26;2025-12-14;15;770.19224567208;20260927_1334_g103
26;2025-12-14;16;646.3249088401581;20260927_1334_g103
26;2025-12-14;17;641.840165188707;20260927_1334_g103
26;2025-12-14;18;576.3835946427504;20260927_1334_g103
26;2025-12-14;19;522.8227398099418;20260927_1334_g103
26;2025-12-14;20;407.89025831422657;20260927_1334_g103
26;2025-12-14;21;273.12414972872995;20260927_1334_g103
26;2025-12-14;22;176.1416186738804;20260927_1334_g103
26;2025-12-14;23;100.62058753476333;20260927_1334_g103
26;2025-12-15;0;31.182855147651985;20260927_1334_g103
26;2025-12-15;1;1.0207502614716202;20260927_1334_g103
26;2025-12-15;2;0.0;20260927_1334_g103
26;2025-12-15;3;0.0;20260927_1334_g103
26;2025-12-15;4;2.027542775067001;20260927_1334_g103
26;2025-12-15;5;91.7386764916747;20260927_1334_g103
26;2025-12-15;6;488.23312263083216;20260927_1334_g103
26;2025-12-15;7;1112.732962379585;20260927_1334_g103
26;2025-12-15;8;2235.792509643549;20260927_1334_g103
26;2025-12-15;9;1466.9220503950457;20260927_1334_g103
26;2025-12-15;10;1226.4617278627798;20260927_1334_g103
26;2025-12-15;11;1133.8478548306439;20260927_1334_g103
26;2025-12-15;12;1159.5102564833458;20260927_1334_g103
26;2025-12-15;13;1168.4004687437866;20260927_1334_g103
26;2025-12-15;14;1285.3860515447573;20260927_1334_g103
26;2025-12-15;15;1365.5488330299636;20260927_1334_g103
26;2025-12-15;16;1495.973311407882;20260927_1334_g103
26;2025-12-15;17;1713.0875952012561;20260927_1334_g103
26;2025-12-15;18;1861.2983542365068;20260927_1334_g103
26;2025-12-15;19;1261.0090408292624;20260927_1334_g103
26;2025-12-15;20;776.6060522224344;20260927_1334_g103
26;2025-12-15;21;484.57849414489755;20260927_1334_g103
26;2025-12-15;22;228.02749130131792;20260927_1334_g103
26;2025-12-15;23;126.52297539504747;20260927_1334_g103
26;2025-12-16;0;31.431621745721504;20260927_1334_g103
26;2025-12-16;1;0.9753638330632853;20260927_1334_g103
26;2025-12-16;2;0.0;20260927_1334_g103
26;2025-12-16;3;0.0;20260927_1334_g103
26;2025-12-16;4;1.9489598801253865;20260927_1334_g103
26;2025-12-16;5;91.44346670168746;20260927_1334_g103
26;2025-12-16;6;489.2980497001278;20260927_1334_g103
26;2025-12-16;7;1114.188170148421;20260927_1334_g103
26;2025-12-16;8;2239.24784274114;20260927_1334_g103
26;2025-12-16;9;1467.7260037165422;20260927_1334_g103
26;2025-12-16;10;1233.4358399027221;20260927_1334_g103
26;2025-12-16;11;1137.0551121262015;20260927_1334_g103
26;2025-12-16;12;1161.6385006496132;20260927_1334_g103
26;2025-12-16;13;1168.837392438205;20260927_1334_g103
26;2025-12-16;14;1290.6113444906327;20260927_1334_g103
26;2025-12-16;15;1365.8247421387996;20260927_1334_g103
26;2025-12-16;16;1495.3732260088148;20260927_1334_g103
26;2025-12-16;17;1710.8158921403192;20260927_1334_g103
26;2025-12-16;18;1862.8602449471143;20260927_1334_g103
26;2025-12-16;19;1263.6774915070912;20260927_1334_g103
26;2025-12-16;20;774.8434324907514;20260927_1334_g103
26;2025-12-16;21;484.671316051929;20260927_1334_g103
26;2025-12-16;22;228.66031113898342;20260927_1334_g103
26;2025-12-16;23;126.82183607139541;20260927_1334_g103
26;2025-12-17;0;31.44934112605599;20260927_1334_g103
26;2025-12-17;1;1.0118620829257101;20260927_1334_g103
26;2025-12-17;2;0.0;20260927_1334_g103
26;2025-12-17;3;0.0;20260927_1334_g103
26;2025-12-17;4;2.043548529709841;20260927_1334_g103
26;2025-12-17;5;92.46434966668738;20260927_1334_g103
26;2025-12-17;6;488.10876440648764;20260927_1334_g103
26;2025-12-17;7;1114.2093786798025;20260927_1334_g103
26;2025-12-17;8;2237.9501418213595;20260927_1334_g103
26;2025-12-17;9;1467.853735567506;20260927_1334_g103
26;2025-12-17;10;1233.5131558744408;20260927_1334_g103
26;2025-12-17;11;1136.468929466649;20260927_1334_g103
26;2025-12-17;12;1167.923039512067;20260927_1334_g103
26;2025-12-17;13;1171.1539382932242;20260927_1334_g103
26;2025-12-17;14;1294.4979848033263;20260927_1334_g103
26;2025-12-17;15;1368.0084533935064;20260927_1334_g103
26;2025-12-17;16;1497.648443881081;20260927_1334_g103
26;2025-12-17;17;1710.002675462984;20260927_1334_g103
26;2025-12-17;18;1860.7014336916018;20260927_1334_g103
26;2025-12-17;19;1262.9791697932744;20260927_1334_g103
26;2025-12-17;20;777.0528236638839;20260927_1334_g103
26;2025-12-17;21;491.38050658229145;20260927_1334_g103
26;2025-12-17;22;229.24897095563446;20260927_1334_g103
26;2025-12-17;23;127.93480829515717;20260927_1334_g103
26;2025-12-18;0;31.994990415920807;20260927_1334_g103
26;2025-12-18;1;1.0032539214838643;20260927_1334_g103
26;2025-12-18;2;0.0;20260927_1334_g103
26;2025-12-18;3;0.0;20260927_1334_g103
26;2025-12-18;4;2.010219925960596;20260927_1334_g103
26;2025-12-18;5;92.58894865241503;20260927_1334_g103
26;2025-12-18;6;488.1874786142552;20260927_1334_g103
26;2025-12-18;7;1114.420586055361;20260927_1334_g103
26;2025-12-18;8;2239.0295794939325;20260927_1334_g103
26;2025-12-18;9;1471.759674751081;20260927_1334_g103
26;2025-12-18;10;1230.321008632899;20260927_1334_g103
26;2025-12-18;11;1137.098205965635;20260927_1334_g103
26;2025-12-18;12;1167.1234680017403;20260927_1334_g103
26;2025-12-18;13;1170.8007847559215;20260927_1334_g103
26;2025-12-18;14;1295.1296490823622;20260927_1334_g103
26;2025-12-18;15;1369.6852316432673;20260927_1334_g103
26;2025-12-18;16;1501.5003380352762;20260927_1334_g103
26;2025-12-18;17;1718.0540061116574;20260927_1334_g103
26;2025-12-18;18;1862.2130709407288;20260927_1334_g103
26;2025-12-18;19;1265.8477922422724;20260927_1334_g103
26;2025-12-18;20;774.9987880452226;20260927_1334_g103
26;2025-12-18;21;487.87471145637545;20260927_1334_g103
26;2025-12-18;22;228.89733703477376;20260927_1334_g103
26;2025-12-18;23;128.61530705721398;20260927_1334_g103
26;2025-12-19;0;33.30934811670055;20260927_1334_g103
26;2025-12-19;1;1.4806389965689086;20260927_1334_g103
26;2025-12-19;2;0.0;20260927_1334_g103
26;2025-12-19;3;0.0;20260927_1334_g103
26;2025-12-19;4;1.6474020125423097;20260927_1334_g103
26;2025-12-19;5;78.6134376842729;20260927_1334_g103
26;2025-12-19;6;480.03223722121226;20260927_1334_g103
26;2025-12-19;7;1040.2225693355692;20260927_1334_g103
26;2025-12-19;8;2096.945998826997;20260927_1334_g103
26;2025-12-19;9;1347.8774443334364;20260927_1334_g103
26;2025-12-19;10;1194.8907716332837;20260927_1334_g103
26;2025-12-19;11;1092.9491887681036;20260927_1334_g103
26;2025-12-19;12;1076.989152672096;20260927_1334_g103
26;2025-12-19;13;1165.765694501988;20260927_1334_g103
26;2025-12-19;14;1277.8408296000853;20260927_1334_g103
26;2025-12-19;15;1324.7814459819137;20260927_1334_g103
26;2025-12-19;16;1582.264271327735;20260927_1334_g103
26;2025-12-19;17;1723.401764390371;20260927_1334_g103
26;2025-12-19;18;1355.595464439662;20260927_1334_g103
26;2025-12-19;19;1071.9477816502124;20260927_1334_g103
26;2025-12-19;20;675.2846617653059;20260927_1334_g103
26;2025-12-19;21;476.9699552854862;20260927_1334_g103
26;2025-12-19;22;242.49536358517227;20260927_1334_g103
26;2025-12-19;23;160.59035481351685;20260927_1334_g103
26;2025-12-20;0;47.68806961552078;20260927_1334_g103
26;2025-12-20;1;1.127787491526894;20260927_1334_g103
26;2025-12-20;2;0.0;20260927_1334_g103
26;2025-12-20;3;0.0;20260927_1334_g103
26;2025-12-20;4;1.8410891637294424;20260927_1334_g103
26;2025-12-20;5;50.5772665373753;20260927_1334_g103
26;2025-12-20;6;257.015050902995;20260927_1334_g103
26;2025-12-20;7;364.5511127847983;20260927_1334_g103
26;2025-12-20;8;623.0791968722376;20260927_1334_g103
26;2025-12-20;9;684.6991874204318;20260927_1334_g103
26;2025-12-20;10;815.3942705371596;20260927_1334_g103
26;2025-12-20;11;983.096656745677;20260927_1334_g103
26;2025-12-20;12;1044.5319953433711;20260927_1334_g103
26;2025-12-20;13;1033.1574205021157;20260927_1334_g103
26;2025-12-20;14;1047.1608764280365;20260927_1334_g103
26;2025-12-20;15;960.0017635102841;20260927_1334_g103
26;2025-12-20;16;1018.7033042689193;20260927_1334_g103
26;2025-12-20;17;926.8302476614696;20260927_1334_g103
26;2025-12-20;18;866.0370508941496;20260927_1334_g103
26;2025-12-20;19;812.85696476525;20260927_1334_g103
26;2025-12-20;20;548.377718700609;20260927_1334_g103
26;2025-12-20;21;373.59722322102533;20260927_1334_g103
26;2025-12-20;22;219.1318180621907;20260927_1334_g103
26;2025-12-20;23;155.1364980365249;20260927_1334_g103
26;2025-12-21;0;48.489426661593;20260927_1334_g103
26;2025-12-21;1;3.864551749555179;20260927_1334_g103
26;2025-12-21;2;0.0;20260927_1334_g103
26;2025-12-21;3;0.0;20260927_1334_g103
26;2025-12-21;4;1.4973741921145887;20260927_1334_g103
26;2025-12-21;5;24.410421450395372;20260927_1334_g103
26;2025-12-21;6;152.2967166758046;20260927_1334_g103
26;2025-12-21;7;255.3292431396817;20260927_1334_g103
26;2025-12-21;8;389.32165776675697;20260927_1334_g103
26;2025-12-21;9;516.5991162882345;20260927_1334_g103
26;2025-12-21;10;593.5092677429573;20260927_1334_g103
26;2025-12-21;11;807.9138537623419;20260927_1334_g103
26;2025-12-21;12;807.9868154201469;20260927_1334_g103
26;2025-12-21;13;854.5743630749425;20260927_1334_g103
26;2025-12-21;14;849.0827904273555;20260927_1334_g103
26;2025-12-21;15;771.2263929360805;20260927_1334_g103
26;2025-12-21;16;763.9008127711712;20260927_1334_g103
26;2025-12-21;17;757.0997521296852;20260927_1334_g103
26;2025-12-21;18;679.4593372472581;20260927_1334_g103
26;2025-12-21;19;522.9590808233908;20260927_1334_g103
26;2025-12-21;20;407.8778838763733;20260927_1334_g103
26;2025-12-21;21;273.074654500438;20260927_1334_g103
26;2025-12-21;22;176.1176945174289;20260927_1334_g103
26;2025-12-21;23;100.62058753476333;20260927_1334_g103
26;2025-12-22;0;31.182855147651985;20260927_1334_g103
26;2025-12-22;1;1.0207502614716202;20260927_1334_g103
26;2025-12-22;2;0.0;20260927_1334_g103
26;2025-12-22;3;0.0;20260927_1334_g103
26;2025-12-22;4;2.027542775067001;20260927_1334_g103
26;2025-12-22;5;91.7386764916747;20260927_1334_g103
26;2025-12-22;6;488.23312263083216;20260927_1334_g103
26;2025-12-22;7;1112.732962379585;20260927_1334_g103
26;2025-12-22;8;2235.792509643549;20260927_1334_g103
26;2025-12-22;9;1466.9220503950457;20260927_1334_g103
26;2025-12-22;10;1226.4617278627798;20260927_1334_g103
26;2025-12-22;11;1133.8478548306439;20260927_1334_g103
26;2025-12-22;12;1159.5102564833458;20260927_1334_g103
26;2025-12-22;13;1168.4004687437866;20260927_1334_g103
26;2025-12-22;14;1285.3860515447573;20260927_1334_g103
26;2025-12-22;15;1365.5488330299636;20260927_1334_g103
26;2025-12-22;16;1495.973311407882;20260927_1334_g103
26;2025-12-22;17;1713.0875952012561;20260927_1334_g103
26;2025-12-22;18;1861.2983542365068;20260927_1334_g103
26;2025-12-22;19;1261.0090408292624;20260927_1334_g103
26;2025-12-22;20;776.6060522224344;20260927_1334_g103
26;2025-12-22;21;484.57849414489755;20260927_1334_g103
26;2025-12-22;22;228.02749130131792;20260927_1334_g103
26;2025-12-22;23;126.52297539504747;20260927_1334_g103
26;2025-12-23;0;31.431621745721504;20260927_1334_g103
26;2025-12-23;1;0.9753638330632853;20260927_1334_g103
26;2025-12-23;2;0.0;20260927_1334_g103
26;2025-12-23;3;0.0;20260927_1334_g103
26;2025-12-23;4;1.9489598801253865;20260927_1334_g103
26;2025-12-23;5;91.44346670168746;20260927_1334_g103
26;2025-12-23;6;489.2980497001278;20260927_1334_g103
26;2025-12-23;7;1114.188170148421;20260927_1334_g103
26;2025-12-23;8;2239.24784274114;20260927_1334_g103
26;2025-12-23;9;1467.7260037165422;20260927_1334_g103
26;2025-12-23;10;1233.4358399027221;20260927_1334_g103
26;2025-12-23;11;1137.0551121262015;20260927_1334_g103
26;2025-12-23;12;1161.6385006496132;20260927_1334_g103
26;2025-12-23;13;1168.837392438205;20260927_1334_g103
26;2025-12-23;14;1290.6113444906327;20260927_1334_g103
26;2025-12-23;15;1365.8247421387996;20260927_1334_g103
26;2025-12-23;16;1495.3732260088148;20260927_1334_g103
26;2025-12-23;17;1710.8158921403192;20260927_1334_g103
26;2025-12-23;18;1862.8602449471143;20260927_1334_g103
26;2025-12-23;19;1263.6774915070912;20260927_1334_g103
26;2025-12-23;20;774.8434324907514;20260927_1334_g103
26;2025-12-23;21;484.671316051929;20260927_1334_g103
26;2025-12-23;22;228.66031113898342;20260927_1334_g103
26;2025-12-23;23;126.82183607139541;20260927_1334_g103
26;2025-12-24;0;31.44934112605599;20260927_1334_g103
26;2025-12-24;1;1.0118620829257101;20260927_1334_g103
26;2025-12-24;2;0.0;20260927_1334_g103
26;2025-12-24;3;0.0;20260927_1334_g103
26;2025-12-24;4;2.043548529709841;20260927_1334_g103
26;2025-12-24;5;92.46434966668738;20260927_1334_g103
26;2025-12-24;6;488.10876440648764;20260927_1334_g103
26;2025-12-24;7;1114.2093786798025;20260927_1334_g103
26;2025-12-24;8;2237.9501418213595;20260927_1334_g103
26;2025-12-24;9;1467.853735567506;20260927_1334_g103
26;2025-12-24;10;1233.5131558744408;20260927_1334_g103
26;2025-12-24;11;1136.468929466649;20260927_1334_g103
26;2025-12-24;12;1167.923039512067;20260927_1334_g103
26;2025-12-24;13;1171.1539382932242;20260927_1334_g103
26;2025-12-24;14;1294.4979848033263;20260927_1334_g103
26;2025-12-24;15;1368.0084533935064;20260927_1334_g103
26;2025-12-24;16;1497.648443881081;20260927_1334_g103
26;2025-12-24;17;1710.002675462984;20260927_1334_g103
26;2025-12-24;18;1860.7014336916018;20260927_1334_g103
26;2025-12-24;19;1262.9791697932744;20260927_1334_g103
26;2025-12-24;20;777.0528236638839;20260927_1334_g103
26;2025-12-24;21;491.38050658229145;20260927_1334_g103
26;2025-12-24;22;229.24897095563446;20260927_1334_g103
26;2025-12-24;23;127.93480829515717;20260927_1334_g103
26;2025-12-25;0;31.994990415920807;20260927_1334_g103
26;2025-12-25;1;1.0032539214838643;20260927_1334_g103
26;2025-12-25;2;0.0;20260927_1334_g103
26;2025-12-25;3;0.0;20260927_1334_g103
26;2025-12-25;4;2.010219925960596;20260927_1334_g103
26;2025-12-25;5;92.58894865241503;20260927_1334_g103
26;2025-12-25;6;488.1874786142552;20260927_1334_g103
26;2025-12-25;7;1114.420586055361;20260927_1334_g103
26;2025-12-25;8;2239.0295794939325;20260927_1334_g103
26;2025-12-25;9;1471.759674751081;20260927_1334_g103
26;2025-12-25;10;1230.321008632899;20260927_1334_g103
26;2025-12-25;11;1137.098205965635;20260927_1334_g103
26;2025-12-25;12;1167.1234680017403;20260927_1334_g103
26;2025-12-25;13;1170.8007847559215;20260927_1334_g103
26;2025-12-25;14;1295.1296490823622;20260927_1334_g103
26;2025-12-25;15;1369.6852316432673;20260927_1334_g103
26;2025-12-25;16;1501.5003380352762;20260927_1334_g103
26;2025-12-25;17;1718.0540061116574;20260927_1334_g103
26;2025-12-25;18;1862.2130709407288;20260927_1334_g103
26;2025-12-25;19;1265.8477922422724;20260927_1334_g103
26;2025-12-25;20;774.9987880452226;20260927_1334_g103
26;2025-12-25;21;487.87471145637545;20260927_1334_g103
26;2025-12-25;22;228.89733703477376;20260927_1334_g103
26;2025-12-25;23;128.61530705721398;20260927_1334_g103
26;2025-12-26;0;33.30934811670055;20260927_1334_g103
26;2025-12-26;1;1.4806389965689086;20260927_1334_g103
26;2025-12-26;2;0.0;20260927_1334_g103
26;2025-12-26;3;0.0;20260927_1334_g103
26;2025-12-26;4;1.6474020125423097;20260927_1334_g103
26;2025-12-26;5;78.6134376842729;20260927_1334_g103
26;2025-12-26;6;480.03223722121226;20260927_1334_g103
26;2025-12-26;7;1040.2225693355692;20260927_1334_g103
26;2025-12-26;8;2096.945998826997;20260927_1334_g103
26;2025-12-26;9;1347.8774443334364;20260927_1334_g103
26;2025-12-26;10;1194.8907716332837;20260927_1334_g103
26;2025-12-26;11;1092.9491887681036;20260927_1334_g103
26;2025-12-26;12;1076.989152672096;20260927_1334_g103
26;2025-12-26;13;1165.765694501988;20260927_1334_g103
26;2025-12-26;14;1277.8408296000853;20260927_1334_g103
26;2025-12-26;15;1324.7814459819137;20260927_1334_g103
26;2025-12-26;16;1582.264271327735;20260927_1334_g103
26;2025-12-26;17;1723.401764390371;20260927_1334_g103
26;2025-12-26;18;1355.595464439662;20260927_1334_g103
26;2025-12-26;19;1071.9477816502124;20260927_1334_g103
26;2025-12-26;20;675.2846617653059;20260927_1334_g103
26;2025-12-26;21;476.9699552854862;20260927_1334_g103
26;2025-12-26;22;242.49536358517227;20260927_1334_g103
26;2025-12-26;23;160.59035481351685;20260927_1334_g103
26;2025-12-27;0;47.68806961552078;20260927_1334_g103
26;2025-12-27;1;1.127787491526894;20260927_1334_g103
26;2025-12-27;2;0.0;20260927_1334_g103
26;2025-12-27;3;0.0;20260927_1334_g103
26;2025-12-27;4;1.8410891637294424;20260927_1334_g103
26;2025-12-27;5;50.5772665373753;20260927_1334_g103
26;2025-12-27;6;257.015050902995;20260927_1334_g103
26;2025-12-27;7;364.5511127847983;20260927_1334_g103
26;2025-12-27;8;623.0791968722376;20260927_1334_g103
26;2025-12-27;9;684.6991874204318;20260927_1334_g103
26;2025-12-27;10;815.3942705371596;20260927_1334_g103
26;2025-12-27;11;983.096656745677;20260927_1334_g103
26;2025-12-27;12;1044.5319953433711;20260927_1334_g103
26;2025-12-27;13;1033.1574205021157;20260927_1334_g103
26;2025-12-27;14;1047.1608764280365;20260927_1334_g103
26;2025-12-27;15;960.0017635102841;20260927_1334_g103
26;2025-12-27;16;1018.7033042689193;20260927_1334_g103
26;2025-12-27;17;926.8302476614696;20260927_1334_g103
26;2025-12-27;18;866.0370508941496;20260927_1334_g103
26;2025-12-27;19;812.85696476525;20260927_1334_g103
26;2025-12-27;20;548.377718700609;20260927_1334_g103
26;2025-12-27;21;373.59722322102533;20260927_1334_g103
26;2025-12-27;22;219.1318180621907;20260927_1334_g103
26;2025-12-27;23;155.1364980365249;20260927_1334_g103
26;2025-12-28;0;48.489426661593;20260927_1334_g103
26;2025-12-28;1;3.864551749555179;20260927_1334_g103
26;2025-12-28;2;0.0;20260927_1334_g103
26;2025-12-28;3;0.0;20260927_1334_g103
26;2025-12-28;4;1.4973741921145887;20260927_1334_g103
26;2025-12-28;5;24.410421450395372;20260927_1334_g103
26;2025-12-28;6;152.2967166758046;20260927_1334_g103
26;2025-12-28;7;255.3292431396817;20260927_1334_g103
26;2025-12-28;8;389.32165776675697;20260927_1334_g103
26;2025-12-28;9;516.5991162882345;20260927_1334_g103
26;2025-12-28;10;593.5092677429573;20260927_1334_g103
26;2025-12-28;11;807.9138537623419;20260927_1334_g103
26;2025-12-28;12;807.9868154201469;20260927_1334_g103
26;2025-12-28;13;854.5743630749425;20260927_1334_g103
26;2025-12-28;14;849.0827904273555;20260927_1334_g103
26;2025-12-28;15;771.2263929360805;20260927_1334_g103
26;2025-12-28;16;763.9008127711712;20260927_1334_g103
26;2025-12-28;17;757.0997521296852;20260927_1334_g103
26;2025-12-28;18;679.4593372472581;20260927_1334_g103
26;2025-12-28;19;522.9590808233908;20260927_1334_g103
26;2025-12-28;20;407.8778838763733;20260927_1334_g103
26;2025-12-28;21;273.074654500438;20260927_1334_g103
26;2025-12-28;22;176.1176945174289;20260927_1334_g103
26;2025-12-28;23;100.62058753476333;20260927_1334_g103
26;2025-12-29;0;28.002942566282012;20260927_1334_g103
26;2025-12-29;1;0.9166579138170883;20260927_1334_g103
26;2025-12-29;2;0.0;20260927_1334_g103
26;2025-12-29;3;0.0;20260927_1334_g103
26;2025-12-29;4;1.8207814394172468;20260927_1334_g103
26;2025-12-29;5;82.383504548862;20260927_1334_g103
26;2025-12-29;6;438.44490914159246;20260927_1334_g103
26;2025-12-29;7;999.2605580721057;20260927_1334_g103
26;2025-12-29;8;2007.7946339812997;20260927_1334_g103
26;2025-12-29;9;1317.3307489618448;20260927_1334_g103
26;2025-12-29;10;1101.3916834254512;20260927_1334_g103
26;2025-12-29;11;1018.2222316520423;20260927_1334_g103
26;2025-12-29;12;1041.2676762141507;20260927_1334_g103
26;2025-12-29;13;1049.2512974108756;20260927_1334_g103
26;2025-12-29;14;1154.3071218614239;20260927_1334_g103
26;2025-12-29;15;1226.295198490535;20260927_1334_g103
26;2025-12-29;16;1343.4194695029394;20260927_1334_g103
26;2025-12-29;17;1538.3932392426586;20260927_1334_g103
26;2025-12-29;18;1671.4900115977614;20260927_1334_g103
26;2025-12-29;19;1132.4159888086172;20260927_1334_g103
26;2025-12-29;20;697.4106307468567;20260927_1334_g103
26;2025-12-29;21;435.1629661922333;20260927_1334_g103
26;2025-12-29;22;204.77408858838857;20260927_1334_g103
26;2025-12-29;23;113.62062891695822;20260927_1334_g103
26;2025-12-30;0;28.22634086400571;20260927_1334_g103
26;2025-12-30;1;0.8758998260156585;20260927_1334_g103
26;2025-12-30;2;0.0;20260927_1334_g103
26;2025-12-30;3;0.0;20260927_1334_g103
26;2025-12-30;4;1.7502121383278333;20260927_1334_g103
26;2025-12-30;5;82.11839916467338;20260927_1334_g103
26;2025-12-30;6;439.4012388752735;20260927_1334_g103
26;2025-12-30;7;1000.5673691187454;20260927_1334_g103
26;2025-12-30;8;2010.8976049511184;20260927_1334_g103
26;2025-12-30;9;1318.0527180881884;20260927_1334_g103
26;2025-12-30;10;1107.654601236556;20260927_1334_g103
26;2025-12-30;11;1021.1024246753407;20260927_1334_g103
26;2025-12-30;12;1043.1788898882296;20260927_1334_g103
26;2025-12-30;13;1049.6436652380903;20260927_1334_g103
26;2025-12-30;14;1158.9995587009148;20260927_1334_g103
26;2025-12-30;15;1226.5429714058653;20260927_1334_g103
26;2025-12-30;16;1342.8805786000582;20260927_1334_g103
26;2025-12-30;17;1536.3531960829848;20260927_1334_g103
26;2025-12-30;18;1672.8926264531638;20260927_1334_g103
26;2025-12-30;19;1134.8123207262167;20260927_1334_g103
26;2025-12-30;20;695.8277564757612;20260927_1334_g103
26;2025-12-30;21;435.24632246346584;20260927_1334_g103
26;2025-12-30;22;205.34237579252826;20260927_1334_g103
26;2025-12-30;23;113.8890128835791;20260927_1334_g103
26;2025-12-31;0;47.43982648264954;20260927_1334_g103
26;2025-12-31;1;3.8104740362110165;20260927_1334_g103
26;2025-12-31;2;0.0;20260927_1334_g103
26;2025-12-31;3;0.0;20260927_1334_g103
26;2025-12-31;4;1.5015111522675675;20260927_1334_g103
26;2025-12-31;5;25.046179228611596;20260927_1334_g103
26;2025-12-31;6;155.16556099399813;20260927_1334_g103
26;2025-12-31;7;259.1394953895761;20260927_1334_g103
26;2025-12-31;8;394.2342286417299;20260927_1334_g103
26;2025-12-31;9;516.5859224340228;20260927_1334_g103
26;2025-12-31;10;591.5426055212121;20260927_1334_g103
26;2025-12-31;11;801.0707847260425;20260927_1334_g103
26;2025-12-31;12;793.3629876919473;20260927_1334_g103
26;2025-12-31;13;838.4655449191306;20260927_1334_g103
26;2025-12-31;14;835.4754920974812;20260927_1334_g103
26;2025-12-31;15;758.1028322230604;20260927_1334_g103
26;2025-12-31;16;753.4893759259032;20260927_1334_g103
26;2025-12-31;17;744.5004697322139;20260927_1334_g103
26;2025-12-31;18;676.7255188162237;20260927_1334_g103
26;2025-12-31;19;527.1840221747261;20260927_1334_g103
26;2025-12-31;20;413.7357109622445;20260927_1334_g103
26;2025-12-31;21;277.8587011737651;20260927_1334_g103
26;2025-12-31;22;180.26989842203227;20260927_1334_g103
26;2025-12-31;23;100.45182301977277;20260927_1334_g103
28;2025-11-01;0;0.0;20260927_1334_g103
28;2025-11-01;1;0.0;20260927_1334_g103
28;2025-11-01;2;0.0;20260927_1334_g103
28;2025-11-01;3;0.0;20260927_1334_g103
28;2025-11-01;4;1.362710675199406;20260927_1334_g103
28;2025-11-01;5;67.23874708238047;20260927_1334_g103
28;2025-11-01;6;230.1794810506953;20260927_1334_g103
28;2025-11-01;7;644.2057627929123;20260927_1334_g103
28;2025-11-01;8;1030.4517772902143;20260927_1334_g103
28;2025-11-01;9;720.7410896909432;20260927_1334_g103
28;2025-11-01;10;559.8388500641116;20260927_1334_g103
28;2025-11-01;11;517.3444532273327;20260927_1334_g103
28;2025-11-01;12;620.0168730786685;20260927_1334_g103
28;2025-11-01;13;647.4562283004734;20260927_1334_g103
28;2025-11-01;14;598.0944280007042;20260927_1334_g103
28;2025-11-01;15;615.1252996851242;20260927_1334_g103
28;2025-11-01;16;761.6226237174096;20260927_1334_g103
28;2025-11-01;17;876.061558190997;20260927_1334_g103
28;2025-11-01;18;848.4679668981263;20260927_1334_g103
28;2025-11-01;19;634.1047710718669;20260927_1334_g103
28;2025-11-01;20;439.56765389461054;20260927_1334_g103
28;2025-11-01;21;277.15764627048094;20260927_1334_g103
28;2025-11-01;22;108.68322502079106;20260927_1334_g103
28;2025-11-01;23;8.542864375351677;20260927_1334_g103
28;2025-11-02;0;1.906505966010353;20260927_1334_g103
28;2025-11-02;1;0.0;20260927_1334_g103
28;2025-11-02;2;0.0;20260927_1334_g103
28;2025-11-02;3;0.0;20260927_1334_g103
28;2025-11-02;4;0.7792677884877421;20260927_1334_g103
28;2025-11-02;5;31.413928884287948;20260927_1334_g103
28;2025-11-02;6;82.96820987838032;20260927_1334_g103
28;2025-11-02;7;168.48839851464766;20260927_1334_g103
28;2025-11-02;8;272.94094469866275;20260927_1334_g103
28;2025-11-02;9;363.22235155050794;20260927_1334_g103
28;2025-11-02;10;407.228591653716;20260927_1334_g103
28;2025-11-02;11;447.54266163877134;20260927_1334_g103
28;2025-11-02;12;478.3427981971942;20260927_1334_g103
28;2025-11-02;13;539.3409436857356;20260927_1334_g103
28;2025-11-02;14;536.0225999576952;20260927_1334_g103
28;2025-11-02;15;525.4889739593175;20260927_1334_g103
28;2025-11-02;16;490.6458366975744;20260927_1334_g103
28;2025-11-02;17;488.82708578285497;20260927_1334_g103
28;2025-11-02;18;439.2581428392991;20260927_1334_g103
28;2025-11-02;19;380.4522468069179;20260927_1334_g103
28;2025-11-02;20;299.2378854285047;20260927_1334_g103
28;2025-11-02;21;248.69300867197944;20260927_1334_g103
28;2025-11-02;22;115.98364184807208;20260927_1334_g103
28;2025-11-02;23;10.805097433199036;20260927_1334_g103
28;2025-11-03;0;1.593081141812991;20260927_1334_g103
28;2025-11-03;1;0.0;20260927_1334_g103
28;2025-11-03;2;0.0;20260927_1334_g103
28;2025-11-03;3;0.0;20260927_1334_g103
28;2025-11-03;4;0.7797514615774571;20260927_1334_g103
28;2025-11-03;5;33.188991461651035;20260927_1334_g103
28;2025-11-03;6;89.75236664977723;20260927_1334_g103
28;2025-11-03;7;176.3333214821075;20260927_1334_g103
28;2025-11-03;8;285.38742744600165;20260927_1334_g103
28;2025-11-03;9;359.355171503014;20260927_1334_g103
28;2025-11-03;10;390.0472410570403;20260927_1334_g103
28;2025-11-03;11;440.2330050524017;20260927_1334_g103
28;2025-11-03;12;454.69222103054136;20260927_1334_g103
28;2025-11-03;13;532.7044287120453;20260927_1334_g103
28;2025-11-03;14;533.0888886728045;20260927_1334_g103
28;2025-11-03;15;522.0477327602143;20260927_1334_g103
28;2025-11-03;16;468.2460415688855;20260927_1334_g103
28;2025-11-03;17;454.2415338872249;20260927_1334_g103
28;2025-11-03;18;413.3388296910176;20260927_1334_g103
28;2025-11-03;19;378.9549905970421;20260927_1334_g103
28;2025-11-03;20;304.4985463881703;20260927_1334_g103
28;2025-11-03;21;259.072987937039;20260927_1334_g103
28;2025-11-03;22;113.64933447225962;20260927_1334_g103
28;2025-11-03;23;8.991170484696298;20260927_1334_g103
28;2025-11-04;0;1.7338982817610618;20260927_1334_g103
28;2025-11-04;1;0.0;20260927_1334_g103
28;2025-11-04;2;0.0;20260927_1334_g103
28;2025-11-04;3;0.0;20260927_1334_g103
28;2025-11-04;4;0.7797514615774571;20260927_1334_g103
28;2025-11-04;5;33.336127355830534;20260927_1334_g103
28;2025-11-04;6;90.0999336977244;20260927_1334_g103
28;2025-11-04;7;178.73793701459846;20260927_1334_g103
28;2025-11-04;8;286.9461534396098;20260927_1334_g103
28;2025-11-04;9;356.4621939428977;20260927_1334_g103
28;2025-11-04;10;391.45300265716185;20260927_1334_g103
28;2025-11-04;11;437.06432216390147;20260927_1334_g103
28;2025-11-04;12;453.77944691888314;20260927_1334_g103
28;2025-11-04;13;526.8153853098199;20260927_1334_g103
28;2025-11-04;14;527.0406487540596;20260927_1334_g103
28;2025-11-04;15;516.2361140940802;20260927_1334_g103
28;2025-11-04;16;468.0754175622465;20260927_1334_g103
28;2025-11-04;17;453.5541494728292;20260927_1334_g103
28;2025-11-04;18;412.79190720407763;20260927_1334_g103
28;2025-11-04;19;379.6043067946964;20260927_1334_g103
28;2025-11-04;20;306.82732491096067;20260927_1334_g103
28;2025-11-04;21;260.3965730834009;20260927_1334_g103
28;2025-11-04;22;116.66502040111804;20260927_1334_g103
28;2025-11-04;23;10.523298457546705;20260927_1334_g103
28;2025-11-05;0;0.0;20260927_1334_g103
28;2025-11-05;1;0.0;20260927_1334_g103
28;2025-11-05;2;0.0;20260927_1334_g103
28;2025-11-05;3;0.0;20260927_1334_g103
28;2025-11-05;4;1.774778503856489;20260927_1334_g103
28;2025-11-05;5;81.309113861742;20260927_1334_g103
28;2025-11-05;6;276.08533239065736;20260927_1334_g103
28;2025-11-05;7;819.2667304875938;20260927_1334_g103
28;2025-11-05;8;1306.5507279899032;20260927_1334_g103
28;2025-11-05;9;875.6961651337643;20260927_1334_g103
28;2025-11-05;10;671.3952895198246;20260927_1334_g103
28;2025-11-05;11;606.6625763036808;20260927_1334_g103
28;2025-11-05;12;738.4677361205181;20260927_1334_g103
28;2025-11-05;13;771.2575130511383;20260927_1334_g103
28;2025-11-05;14;714.458259090465;20260927_1334_g103
28;2025-11-05;15;723.646185123488;20260927_1334_g103
28;2025-11-05;16;911.539349451474;20260927_1334_g103
28;2025-11-05;17;1058.9559640195575;20260927_1334_g103
28;2025-11-05;18;1035.1337390873098;20260927_1334_g103
28;2025-11-05;19;776.6636358969093;20260927_1334_g103
28;2025-11-05;20;551.5756981296702;20260927_1334_g103
28;2025-11-05;21;335.53135689469804;20260927_1334_g103
28;2025-11-05;22;124.83435948921249;20260927_1334_g103
28;2025-11-05;23;9.695138899657831;20260927_1334_g103
28;2025-11-06;0;0.0;20260927_1334_g103
28;2025-11-06;1;0.0;20260927_1334_g103
28;2025-11-06;2;0.0;20260927_1334_g103
28;2025-11-06;3;0.0;20260927_1334_g103
28;2025-11-06;4;1.7761680110922848;20260927_1334_g103
28;2025-11-06;5;82.4832690982005;20260927_1334_g103
28;2025-11-06;6;276.12196944871624;20260927_1334_g103
28;2025-11-06;7;821.7453777488275;20260927_1334_g103
28;2025-11-06;8;1309.5793703849479;20260927_1334_g103
28;2025-11-06;9;874.6719982024115;20260927_1334_g103
28;2025-11-06;10;662.0131003067576;20260927_1334_g103
28;2025-11-06;11;605.7570322556463;20260927_1334_g103
28;2025-11-06;12;728.4422795787461;20260927_1334_g103
28;2025-11-06;13;762.1116263431378;20260927_1334_g103
28;2025-11-06;14;712.2521015307838;20260927_1334_g103
28;2025-11-06;15;735.3936485739857;20260927_1334_g103
28;2025-11-06;16;909.0652099524598;20260927_1334_g103
28;2025-11-06;17;1078.6457967368385;20260927_1334_g103
28;2025-11-06;18;1036.4681215847802;20260927_1334_g103
28;2025-11-06;19;773.6129658010734;20260927_1334_g103
28;2025-11-06;20;542.2074487888428;20260927_1334_g103
28;2025-11-06;21;326.5204499599784;20260927_1334_g103
28;2025-11-06;22;126.58821192221671;20260927_1334_g103
28;2025-11-06;23;9.660792347492915;20260927_1334_g103
28;2025-11-07;0;0.0;20260927_1334_g103
28;2025-11-07;1;0.0;20260927_1334_g103
28;2025-11-07;2;0.0;20260927_1334_g103
28;2025-11-07;3;0.0;20260927_1334_g103
28;2025-11-07;4;1.9322725416634623;20260927_1334_g103
28;2025-11-07;5;82.97493002234187;20260927_1334_g103
28;2025-11-07;6;287.02758577829036;20260927_1334_g103
28;2025-11-07;7;875.2964920191811;20260927_1334_g103
28;2025-11-07;8;1271.5506001220065;20260927_1334_g103
28;2025-11-07;9;883.6854078226366;20260927_1334_g103
28;2025-11-07;10;676.0997617260039;20260927_1334_g103
28;2025-11-07;11;597.0704345237344;20260927_1334_g103
28;2025-11-07;12;806.784657013428;20260927_1334_g103
28;2025-11-07;13;762.0675943130767;20260927_1334_g103
28;2025-11-07;14;759.2859224961603;20260927_1334_g103
28;2025-11-07;15;780.4413304525772;20260927_1334_g103
28;2025-11-07;16;1028.2582150703724;20260927_1334_g103
28;2025-11-07;17;1036.4299472192079;20260927_1334_g103
28;2025-11-07;18;888.2227716263701;20260927_1334_g103
28;2025-11-07;19;665.027404280898;20260927_1334_g103
28;2025-11-07;20;470.6986178617625;20260927_1334_g103
28;2025-11-07;21;361.5323804006801;20260927_1334_g103
28;2025-11-07;22;134.53667159448008;20260927_1334_g103
28;2025-11-07;23;15.886646309961382;20260927_1334_g103
28;2025-11-08;0;0.1635003143434129;20260927_1334_g103
28;2025-11-08;1;0.0;20260927_1334_g103
28;2025-11-08;2;0.0;20260927_1334_g103
28;2025-11-08;3;0.0;20260927_1334_g103
28;2025-11-08;4;0.3270006286868258;20260927_1334_g103
28;2025-11-08;5;39.48892518397207;20260927_1334_g103
28;2025-11-08;6;108.5898467180534;20260927_1334_g103
28;2025-11-08;7;242.01159775027077;20260927_1334_g103
28;2025-11-08;8;425.7962322095862;20260927_1334_g103
28;2025-11-08;9;494.7498075123603;20260927_1334_g103
28;2025-11-08;10;524.41766168875;20260927_1334_g103
28;2025-11-08;11;535.8748520497919;20260927_1334_g103
28;2025-11-08;12;619.0950758996702;20260927_1334_g103
28;2025-11-08;13;625.6113994444811;20260927_1334_g103
28;2025-11-08;14;606.5527419539907;20260927_1334_g103
28;2025-11-08;15;626.7966040268304;20260927_1334_g103
28;2025-11-08;16;596.3495266696824;20260927_1334_g103
28;2025-11-08;17;607.7755328710218;20260927_1334_g103
28;2025-11-08;18;523.6458873358306;20260927_1334_g103
28;2025-11-08;19;418.82656077276965;20260927_1334_g103
28;2025-11-08;20;319.80478292726633;20260927_1334_g103
28;2025-11-08;21;275.9474700750966;20260927_1334_g103
28;2025-11-08;22;135.95652351131244;20260927_1334_g103
28;2025-11-08;23;19.03524618031702;20260927_1334_g103
28;2025-11-09;0;1.906505966010353;20260927_1334_g103
28;2025-11-09;1;0.0;20260927_1334_g103
28;2025-11-09;2;0.0;20260927_1334_g103
28;2025-11-09;3;0.0;20260927_1334_g103
28;2025-11-09;4;0.7792677884877421;20260927_1334_g103
28;2025-11-09;5;31.413928884287948;20260927_1334_g103
28;2025-11-09;6;82.96820987838032;20260927_1334_g103
28;2025-11-09;7;168.48839851464766;20260927_1334_g103
28;2025-11-09;8;272.94094469866275;20260927_1334_g103
28;2025-11-09;9;363.22235155050794;20260927_1334_g103
28;2025-11-09;10;407.228591653716;20260927_1334_g103
28;2025-11-09;11;447.54266163877134;20260927_1334_g103
28;2025-11-09;12;478.3427981971942;20260927_1334_g103
28;2025-11-09;13;539.3409436857356;20260927_1334_g103
28;2025-11-09;14;536.0225999576952;20260927_1334_g103
28;2025-11-09;15;525.4889739593175;20260927_1334_g103
28;2025-11-09;16;490.6458366975744;20260927_1334_g103
28;2025-11-09;17;488.82708578285497;20260927_1334_g103
28;2025-11-09;18;439.2581428392991;20260927_1334_g103
28;2025-11-09;19;380.4522468069179;20260927_1334_g103
28;2025-11-09;20;299.2378854285047;20260927_1334_g103
28;2025-11-09;21;248.69300867197944;20260927_1334_g103
28;2025-11-09;22;115.98364184807208;20260927_1334_g103
28;2025-11-09;23;10.805097433199036;20260927_1334_g103
28;2025-11-10;0;0.0;20260927_1334_g103
28;2025-11-10;1;0.0;20260927_1334_g103
28;2025-11-10;2;0.0;20260927_1334_g103
28;2025-11-10;3;0.0;20260927_1334_g103
28;2025-11-10;4;1.7871777911581321;20260927_1334_g103
28;2025-11-10;5;81.70025306839364;20260927_1334_g103
28;2025-11-10;6;274.1066202740757;20260927_1334_g103
28;2025-11-10;7;808.7001768225365;20260927_1334_g103
28;2025-11-10;8;1298.3800843018626;20260927_1334_g103
28;2025-11-10;9;863.7059305791314;20260927_1334_g103
28;2025-11-10;10;658.9290318786353;20260927_1334_g103
28;2025-11-10;11;589.5447933280343;20260927_1334_g103
28;2025-11-10;12;715.808058693261;20260927_1334_g103
28;2025-11-10;13;744.7914713112435;20260927_1334_g103
28;2025-11-10;14;693.5642127264272;20260927_1334_g103
28;2025-11-10;15;701.7655050886016;20260927_1334_g103
28;2025-11-10;16;897.734638752042;20260927_1334_g103
28;2025-11-10;17;1046.0075576254683;20260927_1334_g103
28;2025-11-10;18;1011.6547959164222;20260927_1334_g103
28;2025-11-10;19;757.6832554045378;20260927_1334_g103
28;2025-11-10;20;522.4584380007567;20260927_1334_g103
28;2025-11-10;21;316.5607822559343;20260927_1334_g103
28;2025-11-10;22;122.15581742467695;20260927_1334_g103
28;2025-11-10;23;8.396423469338808;20260927_1334_g103
28;2025-11-11;0;0.0;20260927_1334_g103
28;2025-11-11;1;0.0;20260927_1334_g103
28;2025-11-11;2;0.0;20260927_1334_g103
28;2025-11-11;3;0.0;20260927_1334_g103
28;2025-11-11;4;1.6223158779869866;20260927_1334_g103
28;2025-11-11;5;80.82104557497567;20260927_1334_g103
28;2025-11-11;6;276.43498710510255;20260927_1334_g103
28;2025-11-11;7;820.0609704665427;20260927_1334_g103
28;2025-11-11;8;1310.4304667024514;20260927_1334_g103
28;2025-11-11;9;872.0856586223464;20260927_1334_g103
28;2025-11-11;10;677.4732523770427;20260927_1334_g103
28;2025-11-11;11;603.7666328038873;20260927_1334_g103
28;2025-11-11;12;725.9534251590449;20260927_1334_g103
28;2025-11-11;13;755.9702184708134;20260927_1334_g103
28;2025-11-11;14;707.8071124857505;20260927_1334_g103
28;2025-11-11;15;720.6714872789142;20260927_1334_g103
28;2025-11-11;16;896.2255116286113;20260927_1334_g103
28;2025-11-11;17;1060.1420720603348;20260927_1334_g103
28;2025-11-11;18;1035.630864082316;20260927_1334_g103
28;2025-11-11;19;762.1351827651428;20260927_1334_g103
28;2025-11-11;20;530.8946231921497;20260927_1334_g103
28;2025-11-11;21;331.16990415769715;20260927_1334_g103
28;2025-11-11;22;127.1560054884731;20260927_1334_g103
28;2025-11-11;23;9.718421504313062;20260927_1334_g103
28;2025-11-12;0;0.0;20260927_1334_g103
28;2025-11-12;1;0.0;20260927_1334_g103
28;2025-11-12;2;0.0;20260927_1334_g103
28;2025-11-12;3;0.0;20260927_1334_g103
28;2025-11-12;4;1.774778503856489;20260927_1334_g103
28;2025-11-12;5;81.309113861742;20260927_1334_g103
28;2025-11-12;6;276.08533239065736;20260927_1334_g103
28;2025-11-12;7;819.2667304875938;20260927_1334_g103
28;2025-11-12;8;1306.5507279899032;20260927_1334_g103
28;2025-11-12;9;875.6961651337643;20260927_1334_g103
28;2025-11-12;10;671.3952895198246;20260927_1334_g103
28;2025-11-12;11;606.6625763036808;20260927_1334_g103
28;2025-11-12;12;738.4677361205181;20260927_1334_g103
28;2025-11-12;13;771.2575130511383;20260927_1334_g103
28;2025-11-12;14;714.458259090465;20260927_1334_g103
28;2025-11-12;15;723.646185123488;20260927_1334_g103
28;2025-11-12;16;911.539349451474;20260927_1334_g103
28;2025-11-12;17;1058.9559640195575;20260927_1334_g103
28;2025-11-12;18;1035.1337390873098;20260927_1334_g103
28;2025-11-12;19;776.6636358969093;20260927_1334_g103
28;2025-11-12;20;551.5756981296702;20260927_1334_g103
28;2025-11-12;21;335.53135689469804;20260927_1334_g103
28;2025-11-12;22;124.83435948921249;20260927_1334_g103
28;2025-11-12;23;9.695138899657831;20260927_1334_g103
28;2025-11-13;0;0.0;20260927_1334_g103
28;2025-11-13;1;0.0;20260927_1334_g103
28;2025-11-13;2;0.0;20260927_1334_g103
28;2025-11-13;3;0.0;20260927_1334_g103
28;2025-11-13;4;1.7761680110922848;20260927_1334_g103
28;2025-11-13;5;82.4832690982005;20260927_1334_g103
28;2025-11-13;6;276.12196944871624;20260927_1334_g103
28;2025-11-13;7;821.7453777488275;20260927_1334_g103
28;2025-11-13;8;1309.5793703849479;20260927_1334_g103
28;2025-11-13;9;874.6719982024115;20260927_1334_g103
28;2025-11-13;10;662.0131003067576;20260927_1334_g103
28;2025-11-13;11;605.7570322556463;20260927_1334_g103
28;2025-11-13;12;728.4422795787461;20260927_1334_g103
28;2025-11-13;13;762.1116263431378;20260927_1334_g103
28;2025-11-13;14;712.2521015307838;20260927_1334_g103
28;2025-11-13;15;735.3936485739857;20260927_1334_g103
28;2025-11-13;16;909.0652099524598;20260927_1334_g103
28;2025-11-13;17;1078.6457967368385;20260927_1334_g103
28;2025-11-13;18;1036.4681215847802;20260927_1334_g103
28;2025-11-13;19;773.6129658010734;20260927_1334_g103
28;2025-11-13;20;542.2074487888428;20260927_1334_g103
28;2025-11-13;21;326.5204499599784;20260927_1334_g103
28;2025-11-13;22;126.58821192221671;20260927_1334_g103
28;2025-11-13;23;9.660792347492915;20260927_1334_g103
28;2025-11-14;0;0.0;20260927_1334_g103
28;2025-11-14;1;0.0;20260927_1334_g103
28;2025-11-14;2;0.0;20260927_1334_g103
28;2025-11-14;3;0.0;20260927_1334_g103
28;2025-11-14;4;1.9322725416634623;20260927_1334_g103
28;2025-11-14;5;82.97493002234187;20260927_1334_g103
28;2025-11-14;6;287.02758577829036;20260927_1334_g103
28;2025-11-14;7;875.2964920191811;20260927_1334_g103
28;2025-11-14;8;1271.5506001220065;20260927_1334_g103
28;2025-11-14;9;883.6854078226366;20260927_1334_g103
28;2025-11-14;10;676.0997617260039;20260927_1334_g103
28;2025-11-14;11;597.0704345237344;20260927_1334_g103
28;2025-11-14;12;806.784657013428;20260927_1334_g103
28;2025-11-14;13;762.0675943130767;20260927_1334_g103
28;2025-11-14;14;759.2859224961603;20260927_1334_g103
28;2025-11-14;15;780.4413304525772;20260927_1334_g103
28;2025-11-14;16;1028.2582150703724;20260927_1334_g103
28;2025-11-14;17;1036.4299472192079;20260927_1334_g103
28;2025-11-14;18;888.2227716263701;20260927_1334_g103
28;2025-11-14;19;665.027404280898;20260927_1334_g103
28;2025-11-14;20;470.6986178617625;20260927_1334_g103
28;2025-11-14;21;361.5323804006801;20260927_1334_g103
28;2025-11-14;22;134.53667159448008;20260927_1334_g103
28;2025-11-14;23;15.886646309961382;20260927_1334_g103
28;2025-11-15;0;0.1635003143434129;20260927_1334_g103
28;2025-11-15;1;0.0;20260927_1334_g103
28;2025-11-15;2;0.0;20260927_1334_g103
28;2025-11-15;3;0.0;20260927_1334_g103
28;2025-11-15;4;0.3270006286868258;20260927_1334_g103
28;2025-11-15;5;39.48892518397207;20260927_1334_g103
28;2025-11-15;6;108.5898467180534;20260927_1334_g103
28;2025-11-15;7;242.01159775027077;20260927_1334_g103
28;2025-11-15;8;425.7962322095862;20260927_1334_g103
28;2025-11-15;9;494.7498075123603;20260927_1334_g103
28;2025-11-15;10;524.41766168875;20260927_1334_g103
28;2025-11-15;11;535.8748520497919;20260927_1334_g103
28;2025-11-15;12;619.0950758996702;20260927_1334_g103
28;2025-11-15;13;625.6113994444811;20260927_1334_g103
28;2025-11-15;14;606.5527419539907;20260927_1334_g103
28;2025-11-15;15;626.7966040268304;20260927_1334_g103
28;2025-11-15;16;596.3495266696824;20260927_1334_g103
28;2025-11-15;17;607.7755328710218;20260927_1334_g103
28;2025-11-15;18;523.6458873358306;20260927_1334_g103
28;2025-11-15;19;418.82656077276965;20260927_1334_g103
28;2025-11-15;20;319.80478292726633;20260927_1334_g103
28;2025-11-15;21;275.9474700750966;20260927_1334_g103
28;2025-11-15;22;135.95652351131244;20260927_1334_g103
28;2025-11-15;23;19.03524618031702;20260927_1334_g103
28;2025-11-16;0;1.906505966010353;20260927_1334_g103
28;2025-11-16;1;0.0;20260927_1334_g103
28;2025-11-16;2;0.0;20260927_1334_g103
28;2025-11-16;3;0.0;20260927_1334_g103
28;2025-11-16;4;0.7792677884877421;20260927_1334_g103
28;2025-11-16;5;31.413928884287948;20260927_1334_g103
28;2025-11-16;6;82.96820987838032;20260927_1334_g103
28;2025-11-16;7;168.48839851464766;20260927_1334_g103
28;2025-11-16;8;272.94094469866275;20260927_1334_g103
28;2025-11-16;9;363.22235155050794;20260927_1334_g103
28;2025-11-16;10;407.228591653716;20260927_1334_g103
28;2025-11-16;11;447.54266163877134;20260927_1334_g103
28;2025-11-16;12;478.3427981971942;20260927_1334_g103
28;2025-11-16;13;539.3409436857356;20260927_1334_g103
28;2025-11-16;14;536.0225999576952;20260927_1334_g103
28;2025-11-16;15;525.4889739593175;20260927_1334_g103
28;2025-11-16;16;490.6458366975744;20260927_1334_g103
28;2025-11-16;17;488.82708578285497;20260927_1334_g103
28;2025-11-16;18;439.2581428392991;20260927_1334_g103
28;2025-11-16;19;380.4522468069179;20260927_1334_g103
28;2025-11-16;20;299.2378854285047;20260927_1334_g103
28;2025-11-16;21;248.69300867197944;20260927_1334_g103
28;2025-11-16;22;115.98364184807208;20260927_1334_g103
28;2025-11-16;23;10.805097433199036;20260927_1334_g103
28;2025-11-17;0;0.0;20260927_1334_g103
28;2025-11-17;1;0.0;20260927_1334_g103
28;2025-11-17;2;0.0;20260927_1334_g103
28;2025-11-17;3;0.0;20260927_1334_g103
28;2025-11-17;4;1.7871777911581321;20260927_1334_g103
28;2025-11-17;5;81.70025306839364;20260927_1334_g103
28;2025-11-17;6;274.1066202740757;20260927_1334_g103
28;2025-11-17;7;808.7001768225365;20260927_1334_g103
28;2025-11-17;8;1298.3800843018626;20260927_1334_g103
28;2025-11-17;9;863.7059305791314;20260927_1334_g103
28;2025-11-17;10;658.9290318786353;20260927_1334_g103
28;2025-11-17;11;589.5447933280343;20260927_1334_g103
28;2025-11-17;12;715.808058693261;20260927_1334_g103
28;2025-11-17;13;744.7914713112435;20260927_1334_g103
28;2025-11-17;14;693.5642127264272;20260927_1334_g103
28;2025-11-17;15;701.7655050886016;20260927_1334_g103
28;2025-11-17;16;897.734638752042;20260927_1334_g103
28;2025-11-17;17;1046.0075576254683;20260927_1334_g103
28;2025-11-17;18;1011.6547959164222;20260927_1334_g103
28;2025-11-17;19;757.6832554045378;20260927_1334_g103
28;2025-11-17;20;522.4584380007567;20260927_1334_g103
28;2025-11-17;21;316.5607822559343;20260927_1334_g103
28;2025-11-17;22;122.15581742467695;20260927_1334_g103
28;2025-11-17;23;8.396423469338808;20260927_1334_g103
28;2025-11-18;0;0.0;20260927_1334_g103
28;2025-11-18;1;0.0;20260927_1334_g103
28;2025-11-18;2;0.0;20260927_1334_g103
28;2025-11-18;3;0.0;20260927_1334_g103
28;2025-11-18;4;1.6223158779869866;20260927_1334_g103
28;2025-11-18;5;80.82104557497567;20260927_1334_g103
28;2025-11-18;6;276.43498710510255;20260927_1334_g103
28;2025-11-18;7;820.0609704665427;20260927_1334_g103
28;2025-11-18;8;1310.4304667024514;20260927_1334_g103
28;2025-11-18;9;872.0856586223464;20260927_1334_g103
28;2025-11-18;10;677.4732523770427;20260927_1334_g103
28;2025-11-18;11;603.7666328038873;20260927_1334_g103
28;2025-11-18;12;725.9534251590449;20260927_1334_g103
28;2025-11-18;13;755.9702184708134;20260927_1334_g103
28;2025-11-18;14;707.8071124857505;20260927_1334_g103
28;2025-11-18;15;720.6714872789142;20260927_1334_g103
28;2025-11-18;16;896.2255116286113;20260927_1334_g103
28;2025-11-18;17;1060.1420720603348;20260927_1334_g103
28;2025-11-18;18;1035.630864082316;20260927_1334_g103
28;2025-11-18;19;762.1351827651428;20260927_1334_g103
28;2025-11-18;20;530.8946231921497;20260927_1334_g103
28;2025-11-18;21;331.16990415769715;20260927_1334_g103
28;2025-11-18;22;127.1560054884731;20260927_1334_g103
28;2025-11-18;23;9.718421504313062;20260927_1334_g103
28;2025-11-19;0;0.0;20260927_1334_g103
28;2025-11-19;1;0.0;20260927_1334_g103
28;2025-11-19;2;0.0;20260927_1334_g103
28;2025-11-19;3;0.0;20260927_1334_g103
28;2025-11-19;4;1.774778503856489;20260927_1334_g103
28;2025-11-19;5;81.309113861742;20260927_1334_g103
28;2025-11-19;6;276.08533239065736;20260927_1334_g103
28;2025-11-19;7;819.2667304875938;20260927_1334_g103
28;2025-11-19;8;1306.5507279899032;20260927_1334_g103
28;2025-11-19;9;875.6961651337643;20260927_1334_g103
28;2025-11-19;10;671.3952895198246;20260927_1334_g103
28;2025-11-19;11;606.6625763036808;20260927_1334_g103
28;2025-11-19;12;738.4677361205181;20260927_1334_g103
28;2025-11-19;13;771.2575130511383;20260927_1334_g103
28;2025-11-19;14;714.458259090465;20260927_1334_g103
28;2025-11-19;15;723.646185123488;20260927_1334_g103
28;2025-11-19;16;911.539349451474;20260927_1334_g103
28;2025-11-19;17;1058.9559640195575;20260927_1334_g103
28;2025-11-19;18;1035.1337390873098;20260927_1334_g103
28;2025-11-19;19;776.6636358969093;20260927_1334_g103
28;2025-11-19;20;551.5756981296702;20260927_1334_g103
28;2025-11-19;21;335.53135689469804;20260927_1334_g103
28;2025-11-19;22;124.83435948921249;20260927_1334_g103
28;2025-11-19;23;9.695138899657831;20260927_1334_g103
28;2025-11-20;0;0.0;20260927_1334_g103
28;2025-11-20;1;0.0;20260927_1334_g103
28;2025-11-20;2;0.0;20260927_1334_g103
28;2025-11-20;3;0.0;20260927_1334_g103
28;2025-11-20;4;1.7761680110922848;20260927_1334_g103
28;2025-11-20;5;82.4832690982005;20260927_1334_g103
28;2025-11-20;6;276.12196944871624;20260927_1334_g103
28;2025-11-20;7;821.7453777488275;20260927_1334_g103
28;2025-11-20;8;1309.5793703849479;20260927_1334_g103
28;2025-11-20;9;874.6719982024115;20260927_1334_g103
28;2025-11-20;10;662.0131003067576;20260927_1334_g103
28;2025-11-20;11;605.7570322556463;20260927_1334_g103
28;2025-11-20;12;728.4422795787461;20260927_1334_g103
28;2025-11-20;13;762.1116263431378;20260927_1334_g103
28;2025-11-20;14;712.2521015307838;20260927_1334_g103
28;2025-11-20;15;735.3936485739857;20260927_1334_g103
28;2025-11-20;16;909.0652099524598;20260927_1334_g103
28;2025-11-20;17;1078.6457967368385;20260927_1334_g103
28;2025-11-20;18;1036.4681215847802;20260927_1334_g103
28;2025-11-20;19;773.6129658010734;20260927_1334_g103
28;2025-11-20;20;542.2074487888428;20260927_1334_g103
28;2025-11-20;21;326.5204499599784;20260927_1334_g103
28;2025-11-20;22;126.58821192221671;20260927_1334_g103
28;2025-11-20;23;9.660792347492915;20260927_1334_g103
28;2025-11-21;0;0.0;20260927_1334_g103
28;2025-11-21;1;0.0;20260927_1334_g103
28;2025-11-21;2;0.0;20260927_1334_g103
28;2025-11-21;3;0.0;20260927_1334_g103
28;2025-11-21;4;1.9322725416634623;20260927_1334_g103
28;2025-11-21;5;82.97493002234187;20260927_1334_g103
28;2025-11-21;6;287.02758577829036;20260927_1334_g103
28;2025-11-21;7;875.2964920191811;20260927_1334_g103
28;2025-11-21;8;1271.5506001220065;20260927_1334_g103
28;2025-11-21;9;883.6854078226366;20260927_1334_g103
28;2025-11-21;10;676.0997617260039;20260927_1334_g103
28;2025-11-21;11;597.0704345237344;20260927_1334_g103
28;2025-11-21;12;806.784657013428;20260927_1334_g103
28;2025-11-21;13;762.0675943130767;20260927_1334_g103
28;2025-11-21;14;759.2859224961603;20260927_1334_g103
28;2025-11-21;15;780.4413304525772;20260927_1334_g103
28;2025-11-21;16;1028.2582150703724;20260927_1334_g103
28;2025-11-21;17;1036.4299472192079;20260927_1334_g103
28;2025-11-21;18;888.2227716263701;20260927_1334_g103
28;2025-11-21;19;665.027404280898;20260927_1334_g103
28;2025-11-21;20;470.6986178617625;20260927_1334_g103
28;2025-11-21;21;361.5323804006801;20260927_1334_g103
28;2025-11-21;22;134.53667159448008;20260927_1334_g103
28;2025-11-21;23;15.886646309961382;20260927_1334_g103
28;2025-11-22;0;0.16061831717902325;20260927_1334_g103
28;2025-11-22;1;0.0;20260927_1334_g103
28;2025-11-22;2;0.0;20260927_1334_g103
28;2025-11-22;3;0.0;20260927_1334_g103
28;2025-11-22;4;0.3212366343580465;20260927_1334_g103
28;2025-11-22;5;40.33647950653737;20260927_1334_g103
28;2025-11-22;6;110.76799205098169;20260927_1334_g103
28;2025-11-22;7;244.26819805337695;20260927_1334_g103
28;2025-11-22;8;426.19952509907137;20260927_1334_g103
28;2025-11-22;9;494.0747991624439;20260927_1334_g103
28;2025-11-22;10;522.7965332681508;20260927_1334_g103
28;2025-11-22;11;533.9091359530518;20260927_1334_g103
28;2025-11-22;12;616.9655920838024;20260927_1334_g103
28;2025-11-22;13;616.9769065009765;20260927_1334_g103
28;2025-11-22;14;610.3141929487491;20260927_1334_g103
28;2025-11-22;15;628.0059891402406;20260927_1334_g103
28;2025-11-22;16;582.5044720614319;20260927_1334_g103
28;2025-11-22;17;598.4972871337519;20260927_1334_g103
28;2025-11-22;18;522.4207754916587;20260927_1334_g103
28;2025-11-22;19;424.7096534300904;20260927_1334_g103
28;2025-11-22;20;324.9147915143678;20260927_1334_g103
28;2025-11-22;21;275.43214570663235;20260927_1334_g103
28;2025-11-22;22;141.92904902816127;20260927_1334_g103
28;2025-11-22;23;19.51355215634803;20260927_1334_g103
28;2025-11-23;0;1.8999415254633454;20260927_1334_g103
28;2025-11-23;1;0.0;20260927_1334_g103
28;2025-11-23;2;0.0;20260927_1334_g103
28;2025-11-23;3;0.0;20260927_1334_g103
28;2025-11-23;4;0.7655317442132051;20260927_1334_g103
28;2025-11-23;5;32.50934614152563;20260927_1334_g103
28;2025-11-23;6;86.08048240868175;20260927_1334_g103
28;2025-11-23;7;170.6693619400176;20260927_1334_g103
28;2025-11-23;8;276.6359153606417;20260927_1334_g103
28;2025-11-23;9;362.56119741059274;20260927_1334_g103
28;2025-11-23;10;406.53434979768804;20260927_1334_g103
28;2025-11-23;11;448.0981137026908;20260927_1334_g103
28;2025-11-23;12;481.7965180020437;20260927_1334_g103
28;2025-11-23;13;540.5732832453316;20260927_1334_g103
28;2025-11-23;14;539.4303800960907;20260927_1334_g103
28;2025-11-23;15;528.9424787379546;20260927_1334_g103
28;2025-11-23;16;493.77717106802106;20260927_1334_g103
28;2025-11-23;17;484.4240127195938;20260927_1334_g103
28;2025-11-23;18;437.30935685407985;20260927_1334_g103
28;2025-11-23;19;383.7045019855921;20260927_1334_g103
28;2025-11-23;20;304.25844238983603;20260927_1334_g103
28;2025-11-23;21;254.67170015009356;20260927_1334_g103
28;2025-11-23;22;117.66928023376548;20260927_1334_g103
28;2025-11-23;23;10.765008446688102;20260927_1334_g103
28;2025-11-24;0;0.0;20260927_1334_g103
28;2025-11-24;1;0.0;20260927_1334_g103
28;2025-11-24;2;0.0;20260927_1334_g103
28;2025-11-24;3;0.0;20260927_1334_g103
28;2025-11-24;4;1.802115060049449;20260927_1334_g103
28;2025-11-24;5;82.66534299820552;20260927_1334_g103
28;2025-11-24;6;280.2742056885831;20260927_1334_g103
28;2025-11-24;7;818.1044311114179;20260927_1334_g103
28;2025-11-24;8;1307.4755449230925;20260927_1334_g103
28;2025-11-24;9;865.9338843214925;20260927_1334_g103
28;2025-11-24;10;658.668576298645;20260927_1334_g103
28;2025-11-24;11;593.4411836182117;20260927_1334_g103
28;2025-11-24;12;714.4236559529064;20260927_1334_g103
28;2025-11-24;13;748.1292290849316;20260927_1334_g103
28;2025-11-24;14;696.1095079002711;20260927_1334_g103
28;2025-11-24;15;707.8913690250222;20260927_1334_g103
28;2025-11-24;16;899.7203635085262;20260927_1334_g103
28;2025-11-24;17;1050.6284636632479;20260927_1334_g103
28;2025-11-24;18;1024.2633017846097;20260927_1334_g103
28;2025-11-24;19;767.8604007910294;20260927_1334_g103
28;2025-11-24;20;533.2646242164692;20260927_1334_g103
28;2025-11-24;21;323.337794222158;20260927_1334_g103
28;2025-11-24;22;125.624074856251;20260927_1334_g103
28;2025-11-24;23;9.163605879059752;20260927_1334_g103
28;2025-11-25;0;0.0;20260927_1334_g103
28;2025-11-25;1;0.0;20260927_1334_g103
28;2025-11-25;2;0.0;20260927_1334_g103
28;2025-11-25;3;0.0;20260927_1334_g103
28;2025-11-25;4;1.7471610889924005;20260927_1334_g103
28;2025-11-25;5;82.37227383373286;20260927_1334_g103
28;2025-11-25;6;281.05032796559203;20260927_1334_g103
28;2025-11-25;7;821.8913623260866;20260927_1334_g103
28;2025-11-25;8;1311.4923390566223;20260927_1334_g103
28;2025-11-25;9;868.7271270025642;20260927_1334_g103
28;2025-11-25;10;664.8499831314474;20260927_1334_g103
28;2025-11-25;11;598.1817967768293;20260927_1334_g103
28;2025-11-25;12;717.8054447748343;20260927_1334_g103
28;2025-11-25;13;751.8554781381215;20260927_1334_g103
28;2025-11-25;14;700.8571411533787;20260927_1334_g103
28;2025-11-25;15;714.1933630884597;20260927_1334_g103
28;2025-11-25;16;899.2173211340493;20260927_1334_g103
28;2025-11-25;17;1055.33996847487;20260927_1334_g103
28;2025-11-25;18;1032.2553245065742;20260927_1334_g103
28;2025-11-25;19;769.3443765778977;20260927_1334_g103
28;2025-11-25;20;536.0766859469336;20260927_1334_g103
28;2025-11-25;21;328.2075015227456;20260927_1334_g103
28;2025-11-25;22;127.29080421084973;20260927_1334_g103
28;2025-11-25;23;9.604271890717834;20260927_1334_g103
28;2025-11-26;0;0.0;20260927_1334_g103
28;2025-11-26;1;0.0;20260927_1334_g103
28;2025-11-26;2;0.0;20260927_1334_g103
28;2025-11-26;3;0.0;20260927_1334_g103
28;2025-11-26;4;1.7979819642822346;20260927_1334_g103
28;2025-11-26;5;82.53496326265497;20260927_1334_g103
28;2025-11-26;6;280.9337763941103;20260927_1334_g103
28;2025-11-26;7;821.6266156664369;20260927_1334_g103
28;2025-11-26;8;1310.1990928191062;20260927_1334_g103
28;2025-11-26;9;869.9306291730368;20260927_1334_g103
28;2025-11-26;10;662.8239955123748;20260927_1334_g103
28;2025-11-26;11;599.1471112767605;20260927_1334_g103
28;2025-11-26;12;721.9768817619921;20260927_1334_g103
28;2025-11-26;13;756.9512429982298;20260927_1334_g103
28;2025-11-26;14;703.074190021617;20260927_1334_g103
28;2025-11-26;15;715.1849290366509;20260927_1334_g103
28;2025-11-26;16;904.3219337416703;20260927_1334_g103
28;2025-11-26;17;1054.9445991279442;20260927_1334_g103
28;2025-11-26;18;1032.0896161749056;20260927_1334_g103
28;2025-11-26;19;774.1871942884866;20260927_1334_g103
28;2025-11-26;20;542.9703775927736;20260927_1334_g103
28;2025-11-26;21;329.66131910174585;20260927_1334_g103
28;2025-11-26;22;126.51692221109619;20260927_1334_g103
28;2025-11-26;23;9.596511022499426;20260927_1334_g103
28;2025-11-27;0;0.0;20260927_1334_g103
28;2025-11-27;1;0.0;20260927_1334_g103
28;2025-11-27;2;0.0;20260927_1334_g103
28;2025-11-27;3;0.0;20260927_1334_g103
28;2025-11-27;4;1.7984451333608333;20260927_1334_g103
28;2025-11-27;5;82.92634834147447;20260927_1334_g103
28;2025-11-27;6;280.9459887467966;20260927_1334_g103
28;2025-11-27;7;822.4528314201815;20260927_1334_g103
28;2025-11-27;8;1311.2086402841212;20260927_1334_g103
28;2025-11-27;9;869.5892401959192;20260927_1334_g103
28;2025-11-27;10;659.6965991080191;20260927_1334_g103
28;2025-11-27;11;598.8452632607489;20260927_1334_g103
28;2025-11-27;12;718.6350629147347;20260927_1334_g103
28;2025-11-27;13;753.902614095563;20260927_1334_g103
28;2025-11-27;14;702.3388041683899;20260927_1334_g103
28;2025-11-27;15;719.1007501868168;20260927_1334_g103
28;2025-11-27;16;903.4972205753321;20260927_1334_g103
28;2025-11-27;17;1061.5078767003715;20260927_1334_g103
28;2025-11-27;18;1032.534410340729;20260927_1334_g103
28;2025-11-27;19;773.1703042565413;20260927_1334_g103
28;2025-11-27;20;539.847627812498;20260927_1334_g103
28;2025-11-27;21;326.65768345683927;20260927_1334_g103
28;2025-11-27;22;127.10153968876428;20260927_1334_g103
28;2025-11-27;23;9.585062171777787;20260927_1334_g103
28;2025-11-28;0;0.0;20260927_1334_g103
28;2025-11-28;1;0.0;20260927_1334_g103
28;2025-11-28;2;0.0;20260927_1334_g103
28;2025-11-28;3;0.0;20260927_1334_g103
28;2025-11-28;4;1.9946330808816621;20260927_1334_g103
28;2025-11-28;5;85.44828949708582;20260927_1334_g103
28;2025-11-28;6;291.10897726269377;20260927_1334_g103
28;2025-11-28;7;883.5716870103605;20260927_1334_g103
28;2025-11-28;8;1273.832616236533;20260927_1334_g103
28;2025-11-28;9;884.1442500106032;20260927_1334_g103
28;2025-11-28;10;671.6357371161142;20260927_1334_g103
28;2025-11-28;11;590.8345133303097;20260927_1334_g103
28;2025-11-28;12;800.9429975239755;20260927_1334_g103
28;2025-11-28;13;758.1658771137521;20260927_1334_g103
28;2025-11-28;14;757.0702205501631;20260927_1334_g103
28;2025-11-28;15;779.8000417717527;20260927_1334_g103
28;2025-11-28;16;1029.990542831467;20260927_1334_g103
28;2025-11-28;17;1037.991489342295;20260927_1334_g103
28;2025-11-28;18;893.2904623642717;20260927_1334_g103
28;2025-11-28;19;665.9152146754852;20260927_1334_g103
28;2025-11-28;20;481.61715618518826;20260927_1334_g103
28;2025-11-28;21;370.73412345762534;20260927_1334_g103
28;2025-11-28;22;137.6347308298252;20260927_1334_g103
28;2025-11-28;23;15.806320874561804;20260927_1334_g103
28;2025-11-29;0;0.16061831717902325;20260927_1334_g103
28;2025-11-29;1;0.0;20260927_1334_g103
28;2025-11-29;2;0.0;20260927_1334_g103
28;2025-11-29;3;0.0;20260927_1334_g103
28;2025-11-29;4;0.3212366343580465;20260927_1334_g103
28;2025-11-29;5;40.33647950653737;20260927_1334_g103
28;2025-11-29;6;110.76799205098169;20260927_1334_g103
28;2025-11-29;7;244.26819805337695;20260927_1334_g103
28;2025-11-29;8;426.19952509907137;20260927_1334_g103
28;2025-11-29;9;494.0747991624439;20260927_1334_g103
28;2025-11-29;10;522.7965332681508;20260927_1334_g103
28;2025-11-29;11;533.9091359530518;20260927_1334_g103
28;2025-11-29;12;616.9655920838024;20260927_1334_g103
28;2025-11-29;13;616.9769065009765;20260927_1334_g103
28;2025-11-29;14;610.3141929487491;20260927_1334_g103
28;2025-11-29;15;628.0059891402406;20260927_1334_g103
28;2025-11-29;16;582.5044720614319;20260927_1334_g103
28;2025-11-29;17;598.4972871337519;20260927_1334_g103
28;2025-11-29;18;522.4207754916587;20260927_1334_g103
28;2025-11-29;19;424.7096534300904;20260927_1334_g103
28;2025-11-29;20;324.9147915143678;20260927_1334_g103
28;2025-11-29;21;275.43214570663235;20260927_1334_g103
28;2025-11-29;22;141.92904902816127;20260927_1334_g103
28;2025-11-29;23;19.51355215634803;20260927_1334_g103
28;2025-11-30;0;1.8999415254633454;20260927_1334_g103
28;2025-11-30;1;0.0;20260927_1334_g103
28;2025-11-30;2;0.0;20260927_1334_g103
28;2025-11-30;3;0.0;20260927_1334_g103
28;2025-11-30;4;0.7655317442132051;20260927_1334_g103
28;2025-11-30;5;32.50934614152563;20260927_1334_g103
28;2025-11-30;6;86.08048240868175;20260927_1334_g103
28;2025-11-30;7;170.6693619400176;20260927_1334_g103
28;2025-11-30;8;276.6359153606417;20260927_1334_g103
28;2025-11-30;9;362.56119741059274;20260927_1334_g103
28;2025-11-30;10;406.53434979768804;20260927_1334_g103
28;2025-11-30;11;448.0981137026908;20260927_1334_g103
28;2025-11-30;12;481.7965180020437;20260927_1334_g103
28;2025-11-30;13;540.5732832453316;20260927_1334_g103
28;2025-11-30;14;539.4303800960907;20260927_1334_g103
28;2025-11-30;15;528.9424787379546;20260927_1334_g103
28;2025-11-30;16;493.77717106802106;20260927_1334_g103
28;2025-11-30;17;484.4240127195938;20260927_1334_g103
28;2025-11-30;18;437.30935685407985;20260927_1334_g103
28;2025-11-30;19;383.7045019855921;20260927_1334_g103
28;2025-11-30;20;304.25844238983603;20260927_1334_g103
28;2025-11-30;21;254.67170015009356;20260927_1334_g103
28;2025-11-30;22;117.66928023376548;20260927_1334_g103
28;2025-11-30;23;10.765008446688102;20260927_1334_g103
28;2025-12-01;0;0.0;20260927_1334_g103
28;2025-12-01;1;0.0;20260927_1334_g103
28;2025-12-01;2;0.0;20260927_1334_g103
28;2025-12-01;3;0.0;20260927_1334_g103
28;2025-12-01;4;1.7660727588484602;20260927_1334_g103
28;2025-12-01;5;81.0120361382414;20260927_1334_g103
28;2025-12-01;6;274.66872157481146;20260927_1334_g103
28;2025-12-01;7;801.7423424891895;20260927_1334_g103
28;2025-12-01;8;1281.3260340246306;20260927_1334_g103
28;2025-12-01;9;848.6152066350626;20260927_1334_g103
28;2025-12-01;10;645.4952047726721;20260927_1334_g103
28;2025-12-01;11;581.5723599458474;20260927_1334_g103
28;2025-12-01;12;700.1351828338483;20260927_1334_g103
28;2025-12-01;13;733.166644503233;20260927_1334_g103
28;2025-12-01;14;682.1873177422657;20260927_1334_g103
28;2025-12-01;15;693.7335416445218;20260927_1334_g103
28;2025-12-01;16;881.7259562383557;20260927_1334_g103
28;2025-12-01;17;1029.615894389983;20260927_1334_g103
28;2025-12-01;18;1003.7780357489174;20260927_1334_g103
28;2025-12-01;19;752.5031927752088;20260927_1334_g103
28;2025-12-01;20;522.5993317321397;20260927_1334_g103
28;2025-12-01;21;316.87103833771477;20260927_1334_g103
28;2025-12-01;22;123.111593359126;20260927_1334_g103
28;2025-12-01;23;8.980333761478557;20260927_1334_g103
28;2025-12-02;0;0.0;20260927_1334_g103
28;2025-12-02;1;0.0;20260927_1334_g103
28;2025-12-02;2;0.0;20260927_1334_g103
28;2025-12-02;3;0.0;20260927_1334_g103
28;2025-12-02;4;1.7122178672125525;20260927_1334_g103
28;2025-12-02;5;80.7248283570582;20260927_1334_g103
28;2025-12-02;6;275.42932140628017;20260927_1334_g103
28;2025-12-02;7;805.4535350795649;20260927_1334_g103
28;2025-12-02;8;1285.26249227549;20260927_1334_g103
28;2025-12-02;9;851.3525844625128;20260927_1334_g103
28;2025-12-02;10;651.5529834688185;20260927_1334_g103
28;2025-12-02;11;586.2181608412927;20260927_1334_g103
28;2025-12-02;12;703.4493358793377;20260927_1334_g103
28;2025-12-02;13;736.818368575359;20260927_1334_g103
28;2025-12-02;14;686.8399983303111;20260927_1334_g103
28;2025-12-02;15;699.9094958266905;20260927_1334_g103
28;2025-12-02;16;881.2329747113683;20260927_1334_g103
28;2025-12-02;17;1034.2331691053726;20260927_1334_g103
28;2025-12-02;18;1011.6102180164428;20260927_1334_g103
28;2025-12-02;19;753.9574890463398;20260927_1334_g103
28;2025-12-02;20;525.3551522279948;20260927_1334_g103
28;2025-12-02;21;321.64335149229066;20260927_1334_g103
28;2025-12-02;22;124.74498812663272;20260927_1334_g103
28;2025-12-02;23;9.412186452903478;20260927_1334_g103
28;2025-12-03;0;0.0;20260927_1334_g103
28;2025-12-03;1;0.0;20260927_1334_g103
28;2025-12-03;2;0.0;20260927_1334_g103
28;2025-12-03;3;0.0;20260927_1334_g103
28;2025-12-03;4;1.7620223249965898;20260927_1334_g103
28;2025-12-03;5;80.88426399740187;20260927_1334_g103
28;2025-12-03;6;275.3151008662281;20260927_1334_g103
28;2025-12-03;7;805.1940833531082;20260927_1334_g103
28;2025-12-03;8;1283.995110962724;20260927_1334_g103
28;2025-12-03;9;852.5320165895761;20260927_1334_g103
28;2025-12-03;10;649.5675156021274;20260927_1334_g103
28;2025-12-03;11;587.1641690512253;20260927_1334_g103
28;2025-12-03;12;707.5373441267521;20260927_1334_g103
28;2025-12-03;13;741.8122181382652;20260927_1334_g103
28;2025-12-03;14;689.0127062211848;20260927_1334_g103
28;2025-12-03;15;700.881230455918;20260927_1334_g103
28;2025-12-03;16;886.2354950668367;20260927_1334_g103
28;2025-12-03;17;1033.8457071453854;20260927_1334_g103
28;2025-12-03;18;1011.4478238514074;20260927_1334_g103
28;2025-12-03;19;758.7034504027168;20260927_1334_g103
28;2025-12-03;20;532.1109700409181;20260927_1334_g103
28;2025-12-03;21;323.06809271971093;20260927_1334_g103
28;2025-12-03;22;123.98658376687428;20260927_1334_g103
28;2025-12-03;23;9.404580802049434;20260927_1334_g103
28;2025-12-04;0;0.0;20260927_1334_g103
28;2025-12-04;1;0.0;20260927_1334_g103
28;2025-12-04;2;0.0;20260927_1334_g103
28;2025-12-04;3;0.0;20260927_1334_g103
28;2025-12-04;4;1.7624762306936166;20260927_1334_g103
28;2025-12-04;5;81.26782137464498;20260927_1334_g103
28;2025-12-04;6;275.3236033145905;20260927_1334_g103
28;2025-12-04;7;805.9010760047717;20260927_1334_g103
28;2025-12-04;8;1284.9844674784385;20260927_1334_g103
28;2025-12-04;9;851.9303819338554;20260927_1334_g103
28;2025-12-04;10;646.3272791059383;20260927_1334_g103
28;2025-12-04;11;587.040296134417;20260927_1334_g103
28;2025-12-04;12;703.7056174744632;20260927_1334_g103
28;2025-12-04;13;738.6879400721278;20260927_1334_g103
28;2025-12-04;14;688.3118430297861;20260927_1334_g103
28;2025-12-04;15;704.1136016770022;20260927_1334_g103
28;2025-12-04;16;885.1329710171199;20260927_1334_g103
28;2025-12-04;17;1040.0262713603624;20260927_1334_g103
28;2025-12-04;18;1011.7093438794594;20260927_1334_g103
28;2025-12-04;19;637.5121932068031;20260927_1334_g103
28;2025-12-04;20;443.4278536669808;20260927_1334_g103
28;2025-12-04;21;269.6136403747242;20260927_1334_g103
28;2025-12-04;22;124.55950889498898;20260927_1334_g103
28;2025-12-04;23;9.393360928342231;20260927_1334_g103
28;2025-12-05;0;0.0;20260927_1334_g103
28;2025-12-05;1;0.0;20260927_1334_g103
28;2025-12-05;2;0.0;20260927_1334_g103
28;2025-12-05;3;0.0;20260927_1334_g103
28;2025-12-05;4;1.954740419264029;20260927_1334_g103
28;2025-12-05;5;83.7393237071441;20260927_1334_g103
28;2025-12-05;6;285.28679771743987;20260927_1334_g103
28;2025-12-05;7;865.9002532701533;20260927_1334_g103
28;2025-12-05;8;1248.3559639118023;20260927_1334_g103
28;2025-12-05;9;866.4613650103911;20260927_1334_g103
28;2025-12-05;10;658.2030223737919;20260927_1334_g103
28;2025-12-05;11;579.0178230637035;20260927_1334_g103
28;2025-12-05;12;784.9241375734958;20260927_1334_g103
28;2025-12-05;13;743.0025595714771;20260927_1334_g103
28;2025-12-05;14;741.9288161391597;20260927_1334_g103
28;2025-12-05;15;764.2040409363176;20260927_1334_g103
28;2025-12-05;16;1009.3907319748378;20260927_1334_g103
28;2025-12-05;17;1017.2316595554493;20260927_1334_g103
28;2025-12-05;18;875.4246531169862;20260927_1334_g103
28;2025-12-05;19;652.5969103819755;20260927_1334_g103
28;2025-12-05;20;471.9848130614845;20260927_1334_g103
28;2025-12-05;21;363.3194409884728;20260927_1334_g103
28;2025-12-05;22;134.88203621322867;20260927_1334_g103
28;2025-12-05;23;15.490194457070567;20260927_1334_g103
28;2025-12-06;0;0.15740595083544273;20260927_1334_g103
28;2025-12-06;1;0.0;20260927_1334_g103
28;2025-12-06;2;0.0;20260927_1334_g103
28;2025-12-06;3;0.0;20260927_1334_g103
28;2025-12-06;4;0.3148119016708856;20260927_1334_g103
28;2025-12-06;5;39.52974991640662;20260927_1334_g103
28;2025-12-06;6;108.55263220996206;20260927_1334_g103
28;2025-12-06;7;239.38283409230942;20260927_1334_g103
28;2025-12-06;8;417.67553459708995;20260927_1334_g103
28;2025-12-06;9;484.193303179195;20260927_1334_g103
28;2025-12-06;10;512.3406026027878;20260927_1334_g103
28;2025-12-06;11;523.2309532339907;20260927_1334_g103
28;2025-12-06;12;604.6262802421263;20260927_1334_g103
28;2025-12-06;13;604.637368370957;20260927_1334_g103
28;2025-12-06;14;598.1079090897741;20260927_1334_g103
28;2025-12-06;15;615.4458693574358;20260927_1334_g103
28;2025-12-06;16;570.8543826202033;20260927_1334_g103
28;2025-12-06;17;586.5273413910769;20260927_1334_g103
28;2025-12-06;18;511.97235998182543;20260927_1334_g103
28;2025-12-06;19;416.2154603614885;20260927_1334_g103
28;2025-12-06;20;318.4164956840805;20260927_1334_g103
28;2025-12-06;21;269.9235027924997;20260927_1334_g103
28;2025-12-06;22;139.09046804759805;20260927_1334_g103
28;2025-12-06;23;19.12328111322107;20260927_1334_g103
28;2025-12-07;0;1.8619426949540785;20260927_1334_g103
28;2025-12-07;1;0.0;20260927_1334_g103
28;2025-12-07;2;0.0;20260927_1334_g103
28;2025-12-07;3;0.0;20260927_1334_g103
28;2025-12-07;4;0.750221109328941;20260927_1334_g103
28;2025-12-07;5;31.859159218695122;20260927_1334_g103
28;2025-12-07;6;84.3588727605081;20260927_1334_g103
28;2025-12-07;7;167.25597470121724;20260927_1334_g103
28;2025-12-07;8;271.1031970534289;20260927_1334_g103
28;2025-12-07;9;355.30997346238087;20260927_1334_g103
28;2025-12-07;10;398.4036628017343;20260927_1334_g103
28;2025-12-07;11;439.136151428637;20260927_1334_g103
28;2025-12-07;12;472.16058764200284;20260927_1334_g103
28;2025-12-07;13;529.7618175804249;20260927_1334_g103
28;2025-12-07;14;528.6417724941689;20260927_1334_g103
28;2025-12-07;15;518.3636291631955;20260927_1334_g103
28;2025-12-07;16;483.90162764666064;20260927_1334_g103
28;2025-12-07;17;474.73553246520197;20260927_1334_g103
28;2025-12-07;18;428.56316971699823;20260927_1334_g103
28;2025-12-07;19;376.03041194588036;20260927_1334_g103
28;2025-12-07;20;298.1732735420393;20260927_1334_g103
28;2025-12-07;21;249.5782661470917;20260927_1334_g103
28;2025-12-07;22;115.31589462909015;20260927_1334_g103
28;2025-12-07;23;10.549708277754343;20260927_1334_g103
28;2025-12-08;0;0.0;20260927_1334_g103
28;2025-12-08;1;0.0;20260927_1334_g103
28;2025-12-08;2;0.0;20260927_1334_g103
28;2025-12-08;3;0.0;20260927_1334_g103
28;2025-12-08;4;1.7660727588484602;20260927_1334_g103
28;2025-12-08;5;81.0120361382414;20260927_1334_g103
28;2025-12-08;6;274.66872157481146;20260927_1334_g103
28;2025-12-08;7;801.7423424891895;20260927_1334_g103
28;2025-12-08;8;1281.3260340246306;20260927_1334_g103
28;2025-12-08;9;848.6152066350626;20260927_1334_g103
28;2025-12-08;10;645.4952047726721;20260927_1334_g103
28;2025-12-08;11;581.5723599458474;20260927_1334_g103
28;2025-12-08;12;700.1351828338483;20260927_1334_g103
28;2025-12-08;13;733.166644503233;20260927_1334_g103
28;2025-12-08;14;682.1873177422657;20260927_1334_g103
28;2025-12-08;15;693.7335416445218;20260927_1334_g103
28;2025-12-08;16;881.7259562383557;20260927_1334_g103
28;2025-12-08;17;1029.615894389983;20260927_1334_g103
28;2025-12-08;18;1003.7780357489174;20260927_1334_g103
28;2025-12-08;19;752.5031927752088;20260927_1334_g103
28;2025-12-08;20;522.5993317321397;20260927_1334_g103
28;2025-12-08;21;316.87103833771477;20260927_1334_g103
28;2025-12-08;22;123.111593359126;20260927_1334_g103
28;2025-12-08;23;8.980333761478557;20260927_1334_g103
28;2025-12-09;0;0.0;20260927_1334_g103
28;2025-12-09;1;0.0;20260927_1334_g103
28;2025-12-09;2;0.0;20260927_1334_g103
28;2025-12-09;3;0.0;20260927_1334_g103
28;2025-12-09;4;1.7122178672125525;20260927_1334_g103
28;2025-12-09;5;80.7248283570582;20260927_1334_g103
28;2025-12-09;6;275.42932140628017;20260927_1334_g103
28;2025-12-09;7;805.4535350795649;20260927_1334_g103
28;2025-12-09;8;1285.26249227549;20260927_1334_g103
28;2025-12-09;9;851.3525844625128;20260927_1334_g103
28;2025-12-09;10;651.5529834688185;20260927_1334_g103
28;2025-12-09;11;586.2181608412927;20260927_1334_g103
28;2025-12-09;12;703.4493358793377;20260927_1334_g103
28;2025-12-09;13;736.818368575359;20260927_1334_g103
28;2025-12-09;14;686.8399983303111;20260927_1334_g103
28;2025-12-09;15;699.9094958266905;20260927_1334_g103
28;2025-12-09;16;881.2329747113683;20260927_1334_g103
28;2025-12-09;17;1034.2331691053726;20260927_1334_g103
28;2025-12-09;18;1011.6102180164428;20260927_1334_g103
28;2025-12-09;19;753.9574890463398;20260927_1334_g103
28;2025-12-09;20;525.3551522279948;20260927_1334_g103
28;2025-12-09;21;321.64335149229066;20260927_1334_g103
28;2025-12-09;22;124.74498812663272;20260927_1334_g103
28;2025-12-09;23;9.412186452903478;20260927_1334_g103
28;2025-12-10;0;0.0;20260927_1334_g103
28;2025-12-10;1;0.0;20260927_1334_g103
28;2025-12-10;2;0.0;20260927_1334_g103
28;2025-12-10;3;0.0;20260927_1334_g103
28;2025-12-10;4;1.7620223249965898;20260927_1334_g103
28;2025-12-10;5;80.88426399740187;20260927_1334_g103
28;2025-12-10;6;275.3151008662281;20260927_1334_g103
28;2025-12-10;7;805.1940833531082;20260927_1334_g103
28;2025-12-10;8;1283.995110962724;20260927_1334_g103
28;2025-12-10;9;852.5320165895761;20260927_1334_g103
28;2025-12-10;10;649.5675156021274;20260927_1334_g103
28;2025-12-10;11;587.1641690512253;20260927_1334_g103
28;2025-12-10;12;707.5373441267521;20260927_1334_g103
28;2025-12-10;13;741.8122181382652;20260927_1334_g103
28;2025-12-10;14;689.0127062211848;20260927_1334_g103
28;2025-12-10;15;700.881230455918;20260927_1334_g103
28;2025-12-10;16;886.2354950668367;20260927_1334_g103
28;2025-12-10;17;1033.8457071453854;20260927_1334_g103
28;2025-12-10;18;1011.4478238514074;20260927_1334_g103
28;2025-12-10;19;758.7034504027168;20260927_1334_g103
28;2025-12-10;20;532.1109700409181;20260927_1334_g103
28;2025-12-10;21;323.06809271971093;20260927_1334_g103
28;2025-12-10;22;123.98658376687428;20260927_1334_g103
28;2025-12-10;23;9.404580802049434;20260927_1334_g103
28;2025-12-11;0;0.0;20260927_1334_g103
28;2025-12-11;1;0.0;20260927_1334_g103
28;2025-12-11;2;0.0;20260927_1334_g103
28;2025-12-11;3;0.0;20260927_1334_g103
28;2025-12-11;4;1.7624762306936166;20260927_1334_g103
28;2025-12-11;5;81.26782137464498;20260927_1334_g103
28;2025-12-11;6;275.3270689718607;20260927_1334_g103
28;2025-12-11;7;806.0037747917778;20260927_1334_g103
28;2025-12-11;8;1284.9844674784385;20260927_1334_g103
28;2025-12-11;9;852.1974553920007;20260927_1334_g103
28;2025-12-11;10;646.5026671258587;20260927_1334_g103
28;2025-12-11;11;586.8683579955339;20260927_1334_g103
28;2025-12-11;12;704.26236165644;20260927_1334_g103
28;2025-12-11;13;738.8245618136517;20260927_1334_g103
28;2025-12-11;14;688.292028085022;20260927_1334_g103
28;2025-12-11;15;704.7187351830804;20260927_1334_g103
28;2025-12-11;16;885.4272761638255;20260927_1334_g103
28;2025-12-11;17;1040.2777191663642;20260927_1334_g103
28;2025-12-11;18;1011.8837221339146;20260927_1334_g103
28;2025-12-11;19;757.7068981714106;20260927_1334_g103
28;2025-12-11;20;529.050675256248;20260927_1334_g103
28;2025-12-11;21;320.1245297877025;20260927_1334_g103
28;2025-12-11;22;124.55950889498898;20260927_1334_g103
28;2025-12-11;23;9.393360928342231;20260927_1334_g103
28;2025-12-12;0;0.0;20260927_1334_g103
28;2025-12-12;1;0.0;20260927_1334_g103
28;2025-12-12;2;0.0;20260927_1334_g103
28;2025-12-12;3;0.0;20260927_1334_g103
28;2025-12-12;4;1.954740419264029;20260927_1334_g103
28;2025-12-12;5;83.7393237071441;20260927_1334_g103
28;2025-12-12;6;285.28679771743987;20260927_1334_g103
28;2025-12-12;7;865.9002532701533;20260927_1334_g103
28;2025-12-12;8;1248.3559639118023;20260927_1334_g103
28;2025-12-12;9;866.4613650103911;20260927_1334_g103
28;2025-12-12;10;658.2030223737919;20260927_1334_g103
28;2025-12-12;11;579.0178230637035;20260927_1334_g103
28;2025-12-12;12;784.9241375734958;20260927_1334_g103
28;2025-12-12;13;743.0025595714771;20260927_1334_g103
28;2025-12-12;14;741.9288161391597;20260927_1334_g103
28;2025-12-12;15;764.2040409363176;20260927_1334_g103
28;2025-12-12;16;1009.3907319748378;20260927_1334_g103
28;2025-12-12;17;1017.2316595554493;20260927_1334_g103
28;2025-12-12;18;875.4246531169862;20260927_1334_g103
28;2025-12-12;19;652.5969103819755;20260927_1334_g103
28;2025-12-12;20;471.9848130614845;20260927_1334_g103
28;2025-12-12;21;363.3194409884728;20260927_1334_g103
28;2025-12-12;22;134.88203621322867;20260927_1334_g103
28;2025-12-12;23;15.490194457070567;20260927_1334_g103
28;2025-12-13;0;0.15740595083544273;20260927_1334_g103
28;2025-12-13;1;0.0;20260927_1334_g103
28;2025-12-13;2;0.0;20260927_1334_g103
28;2025-12-13;3;0.0;20260927_1334_g103
28;2025-12-13;4;0.3148119016708856;20260927_1334_g103
28;2025-12-13;5;39.52974991640662;20260927_1334_g103
28;2025-12-13;6;108.55263220996206;20260927_1334_g103
28;2025-12-13;7;239.38283409230942;20260927_1334_g103
28;2025-12-13;8;417.67553459708995;20260927_1334_g103
28;2025-12-13;9;484.193303179195;20260927_1334_g103
28;2025-12-13;10;512.3406026027878;20260927_1334_g103
28;2025-12-13;11;523.2309532339907;20260927_1334_g103
28;2025-12-13;12;604.6262802421263;20260927_1334_g103
28;2025-12-13;13;604.637368370957;20260927_1334_g103
28;2025-12-13;14;598.1079090897741;20260927_1334_g103
28;2025-12-13;15;615.4458693574358;20260927_1334_g103
28;2025-12-13;16;570.8543826202033;20260927_1334_g103
28;2025-12-13;17;586.5273413910769;20260927_1334_g103
28;2025-12-13;18;511.97235998182543;20260927_1334_g103
28;2025-12-13;19;416.2154603614885;20260927_1334_g103
28;2025-12-13;20;318.4164956840805;20260927_1334_g103
28;2025-12-13;21;269.9235027924997;20260927_1334_g103
28;2025-12-13;22;139.09046804759805;20260927_1334_g103
28;2025-12-13;23;19.12328111322107;20260927_1334_g103
28;2025-12-14;0;1.8619426949540785;20260927_1334_g103
28;2025-12-14;1;0.0;20260927_1334_g103
28;2025-12-14;2;0.0;20260927_1334_g103
28;2025-12-14;3;0.0;20260927_1334_g103
28;2025-12-14;4;0.750221109328941;20260927_1334_g103
28;2025-12-14;5;31.859159218695122;20260927_1334_g103
28;2025-12-14;6;84.3588727605081;20260927_1334_g103
28;2025-12-14;7;167.25597470121724;20260927_1334_g103
28;2025-12-14;8;271.1031970534289;20260927_1334_g103
28;2025-12-14;9;355.30997346238087;20260927_1334_g103
28;2025-12-14;10;398.4036628017343;20260927_1334_g103
28;2025-12-14;11;439.136151428637;20260927_1334_g103
28;2025-12-14;12;472.16058764200284;20260927_1334_g103
28;2025-12-14;13;529.7618175804249;20260927_1334_g103
28;2025-12-14;14;528.6417724941689;20260927_1334_g103
28;2025-12-14;15;518.3636291631955;20260927_1334_g103
28;2025-12-14;16;483.90162764666064;20260927_1334_g103
28;2025-12-14;17;474.73553246520197;20260927_1334_g103
28;2025-12-14;18;428.56316971699823;20260927_1334_g103
28;2025-12-14;19;376.03041194588036;20260927_1334_g103
28;2025-12-14;20;298.1732735420393;20260927_1334_g103
28;2025-12-14;21;249.5782661470917;20260927_1334_g103
28;2025-12-14;22;115.31589462909015;20260927_1334_g103
28;2025-12-14;23;10.549708277754343;20260927_1334_g103
28;2025-12-15;0;0.0;20260927_1334_g103
28;2025-12-15;1;0.0;20260927_1334_g103
28;2025-12-15;2;0.0;20260927_1334_g103
28;2025-12-15;3;0.0;20260927_1334_g103
28;2025-12-15;4;1.7660727588484602;20260927_1334_g103
28;2025-12-15;5;81.0120361382414;20260927_1334_g103
28;2025-12-15;6;274.66872157481146;20260927_1334_g103
28;2025-12-15;7;801.7423424891895;20260927_1334_g103
28;2025-12-15;8;1281.3260340246306;20260927_1334_g103
28;2025-12-15;9;848.6152066350626;20260927_1334_g103
28;2025-12-15;10;645.4952047726721;20260927_1334_g103
28;2025-12-15;11;581.5723599458474;20260927_1334_g103
28;2025-12-15;12;700.1351828338483;20260927_1334_g103
28;2025-12-15;13;733.166644503233;20260927_1334_g103
28;2025-12-15;14;682.1873177422657;20260927_1334_g103
28;2025-12-15;15;693.7335416445218;20260927_1334_g103
28;2025-12-15;16;881.7259562383557;20260927_1334_g103
28;2025-12-15;17;1029.615894389983;20260927_1334_g103
28;2025-12-15;18;1003.7780357489174;20260927_1334_g103
28;2025-12-15;19;752.5031927752088;20260927_1334_g103
28;2025-12-15;20;522.5993317321397;20260927_1334_g103
28;2025-12-15;21;316.87103833771477;20260927_1334_g103
28;2025-12-15;22;123.111593359126;20260927_1334_g103
28;2025-12-15;23;8.980333761478557;20260927_1334_g103
28;2025-12-16;0;0.0;20260927_1334_g103
28;2025-12-16;1;0.0;20260927_1334_g103
28;2025-12-16;2;0.0;20260927_1334_g103
28;2025-12-16;3;0.0;20260927_1334_g103
28;2025-12-16;4;1.7122178672125525;20260927_1334_g103
28;2025-12-16;5;80.7248283570582;20260927_1334_g103
28;2025-12-16;6;275.42932140628017;20260927_1334_g103
28;2025-12-16;7;805.4535350795649;20260927_1334_g103
28;2025-12-16;8;1285.26249227549;20260927_1334_g103
28;2025-12-16;9;851.3525844625128;20260927_1334_g103
28;2025-12-16;10;651.5529834688185;20260927_1334_g103
28;2025-12-16;11;586.2181608412927;20260927_1334_g103
28;2025-12-16;12;703.4493358793377;20260927_1334_g103
28;2025-12-16;13;736.818368575359;20260927_1334_g103
28;2025-12-16;14;686.8399983303111;20260927_1334_g103
28;2025-12-16;15;699.9094958266905;20260927_1334_g103
28;2025-12-16;16;881.2329747113683;20260927_1334_g103
28;2025-12-16;17;1034.2331691053726;20260927_1334_g103
28;2025-12-16;18;1011.6102180164428;20260927_1334_g103
28;2025-12-16;19;753.9574890463398;20260927_1334_g103
28;2025-12-16;20;525.3551522279948;20260927_1334_g103
28;2025-12-16;21;321.64335149229066;20260927_1334_g103
28;2025-12-16;22;124.74498812663272;20260927_1334_g103
28;2025-12-16;23;9.412186452903478;20260927_1334_g103
28;2025-12-17;0;0.0;20260927_1334_g103
28;2025-12-17;1;0.0;20260927_1334_g103
28;2025-12-17;2;0.0;20260927_1334_g103
28;2025-12-17;3;0.0;20260927_1334_g103
28;2025-12-17;4;1.7620223249965898;20260927_1334_g103
28;2025-12-17;5;80.88426399740187;20260927_1334_g103
28;2025-12-17;6;275.3151008662281;20260927_1334_g103
28;2025-12-17;7;805.1940833531082;20260927_1334_g103
28;2025-12-17;8;1283.995110962724;20260927_1334_g103
28;2025-12-17;9;852.5320165895761;20260927_1334_g103
28;2025-12-17;10;649.5675156021274;20260927_1334_g103
28;2025-12-17;11;587.1641690512253;20260927_1334_g103
28;2025-12-17;12;707.5373441267521;20260927_1334_g103
28;2025-12-17;13;741.8122181382652;20260927_1334_g103
28;2025-12-17;14;689.0127062211848;20260927_1334_g103
28;2025-12-17;15;700.881230455918;20260927_1334_g103
28;2025-12-17;16;886.2354950668367;20260927_1334_g103
28;2025-12-17;17;1033.8457071453854;20260927_1334_g103
28;2025-12-17;18;1011.4478238514074;20260927_1334_g103
28;2025-12-17;19;758.7034504027168;20260927_1334_g103
28;2025-12-17;20;532.1109700409181;20260927_1334_g103
28;2025-12-17;21;323.06809271971093;20260927_1334_g103
28;2025-12-17;22;123.98658376687428;20260927_1334_g103
28;2025-12-17;23;9.404580802049434;20260927_1334_g103
28;2025-12-18;0;0.0;20260927_1334_g103
28;2025-12-18;1;0.0;20260927_1334_g103
28;2025-12-18;2;0.0;20260927_1334_g103
28;2025-12-18;3;0.0;20260927_1334_g103
28;2025-12-18;4;1.7624762306936166;20260927_1334_g103
28;2025-12-18;5;81.26782137464498;20260927_1334_g103
28;2025-12-18;6;275.3270689718607;20260927_1334_g103
28;2025-12-18;7;806.0037747917778;20260927_1334_g103
28;2025-12-18;8;1284.9844674784385;20260927_1334_g103
28;2025-12-18;9;852.1974553920007;20260927_1334_g103
28;2025-12-18;10;646.5026671258587;20260927_1334_g103
28;2025-12-18;11;586.8683579955339;20260927_1334_g103
28;2025-12-18;12;704.26236165644;20260927_1334_g103
28;2025-12-18;13;738.8245618136517;20260927_1334_g103
28;2025-12-18;14;688.292028085022;20260927_1334_g103
28;2025-12-18;15;704.7187351830804;20260927_1334_g103
28;2025-12-18;16;885.4272761638255;20260927_1334_g103
28;2025-12-18;17;1040.2777191663642;20260927_1334_g103
28;2025-12-18;18;1011.8837221339146;20260927_1334_g103
28;2025-12-18;19;757.7068981714106;20260927_1334_g103
28;2025-12-18;20;529.050675256248;20260927_1334_g103
28;2025-12-18;21;320.1245297877025;20260927_1334_g103
28;2025-12-18;22;124.55950889498898;20260927_1334_g103
28;2025-12-18;23;9.393360928342231;20260927_1334_g103
28;2025-12-19;0;0.0;20260927_1334_g103
28;2025-12-19;1;0.0;20260927_1334_g103
28;2025-12-19;2;0.0;20260927_1334_g103
28;2025-12-19;3;0.0;20260927_1334_g103
28;2025-12-19;4;1.954740419264029;20260927_1334_g103
28;2025-12-19;5;83.7393237071441;20260927_1334_g103
28;2025-12-19;6;285.28679771743987;20260927_1334_g103
28;2025-12-19;7;865.9002532701533;20260927_1334_g103
28;2025-12-19;8;1248.3559639118023;20260927_1334_g103
28;2025-12-19;9;866.4613650103911;20260927_1334_g103
28;2025-12-19;10;658.2030223737919;20260927_1334_g103
28;2025-12-19;11;579.0178230637035;20260927_1334_g103
28;2025-12-19;12;784.9241375734958;20260927_1334_g103
28;2025-12-19;13;743.0025595714771;20260927_1334_g103
28;2025-12-19;14;741.9288161391597;20260927_1334_g103
28;2025-12-19;15;764.2040409363176;20260927_1334_g103
28;2025-12-19;16;1009.3907319748378;20260927_1334_g103
28;2025-12-19;17;1017.2316595554493;20260927_1334_g103
28;2025-12-19;18;875.4246531169862;20260927_1334_g103
28;2025-12-19;19;652.5969103819755;20260927_1334_g103
28;2025-12-19;20;471.9848130614845;20260927_1334_g103
28;2025-12-19;21;363.3194409884728;20260927_1334_g103
28;2025-12-19;22;134.88203621322867;20260927_1334_g103
28;2025-12-19;23;15.490194457070567;20260927_1334_g103
28;2025-12-20;0;0.15740595083544273;20260927_1334_g103
28;2025-12-20;1;0.0;20260927_1334_g103
28;2025-12-20;2;0.0;20260927_1334_g103
28;2025-12-20;3;0.0;20260927_1334_g103
28;2025-12-20;4;0.3148119016708856;20260927_1334_g103
28;2025-12-20;5;39.52974991640662;20260927_1334_g103
28;2025-12-20;6;108.55263220996206;20260927_1334_g103
28;2025-12-20;7;239.38283409230942;20260927_1334_g103
28;2025-12-20;8;417.67553459708995;20260927_1334_g103
28;2025-12-20;9;484.193303179195;20260927_1334_g103
28;2025-12-20;10;512.3406026027878;20260927_1334_g103
28;2025-12-20;11;523.2309532339907;20260927_1334_g103
28;2025-12-20;12;604.6262802421263;20260927_1334_g103
28;2025-12-20;13;604.637368370957;20260927_1334_g103
28;2025-12-20;14;598.1079090897741;20260927_1334_g103
28;2025-12-20;15;615.4458693574358;20260927_1334_g103
28;2025-12-20;16;570.8543826202033;20260927_1334_g103
28;2025-12-20;17;586.5273413910769;20260927_1334_g103
28;2025-12-20;18;511.97235998182543;20260927_1334_g103
28;2025-12-20;19;416.2154603614885;20260927_1334_g103
28;2025-12-20;20;318.4164956840805;20260927_1334_g103
28;2025-12-20;21;269.9235027924997;20260927_1334_g103
28;2025-12-20;22;139.09046804759805;20260927_1334_g103
28;2025-12-20;23;19.12328111322107;20260927_1334_g103
28;2025-12-21;0;1.8619426949540785;20260927_1334_g103
28;2025-12-21;1;0.0;20260927_1334_g103
28;2025-12-21;2;0.0;20260927_1334_g103
28;2025-12-21;3;0.0;20260927_1334_g103
28;2025-12-21;4;0.750221109328941;20260927_1334_g103
28;2025-12-21;5;31.859159218695122;20260927_1334_g103
28;2025-12-21;6;84.3588727605081;20260927_1334_g103
28;2025-12-21;7;167.25597470121724;20260927_1334_g103
28;2025-12-21;8;271.1031970534289;20260927_1334_g103
28;2025-12-21;9;355.30997346238087;20260927_1334_g103
28;2025-12-21;10;398.4036628017343;20260927_1334_g103
28;2025-12-21;11;439.136151428637;20260927_1334_g103
28;2025-12-21;12;472.16058764200284;20260927_1334_g103
28;2025-12-21;13;529.7618175804249;20260927_1334_g103
28;2025-12-21;14;528.6417724941689;20260927_1334_g103
28;2025-12-21;15;518.3636291631955;20260927_1334_g103
28;2025-12-21;16;483.90162764666064;20260927_1334_g103
28;2025-12-21;17;474.73553246520197;20260927_1334_g103
28;2025-12-21;18;428.56316971699823;20260927_1334_g103
28;2025-12-21;19;376.03041194588036;20260927_1334_g103
28;2025-12-21;20;298.1732735420393;20260927_1334_g103
28;2025-12-21;21;249.5782661470917;20260927_1334_g103
28;2025-12-21;22;115.31589462909015;20260927_1334_g103
28;2025-12-21;23;10.549708277754343;20260927_1334_g103
28;2025-12-22;0;0.0;20260927_1334_g103
28;2025-12-22;1;0.0;20260927_1334_g103
28;2025-12-22;2;0.0;20260927_1334_g103
28;2025-12-22;3;0.0;20260927_1334_g103
28;2025-12-22;4;1.7660727588484602;20260927_1334_g103
28;2025-12-22;5;81.0120361382414;20260927_1334_g103
28;2025-12-22;6;274.66872157481146;20260927_1334_g103
28;2025-12-22;7;801.7423424891895;20260927_1334_g103
28;2025-12-22;8;1281.3260340246306;20260927_1334_g103
28;2025-12-22;9;848.6152066350626;20260927_1334_g103
28;2025-12-22;10;645.4952047726721;20260927_1334_g103
28;2025-12-22;11;581.5723599458474;20260927_1334_g103
28;2025-12-22;12;700.1351828338483;20260927_1334_g103
28;2025-12-22;13;733.166644503233;20260927_1334_g103
28;2025-12-22;14;682.1873177422657;20260927_1334_g103
28;2025-12-22;15;693.7335416445218;20260927_1334_g103
28;2025-12-22;16;881.7259562383557;20260927_1334_g103
28;2025-12-22;17;1029.615894389983;20260927_1334_g103
28;2025-12-22;18;1003.7780357489174;20260927_1334_g103
28;2025-12-22;19;752.5031927752088;20260927_1334_g103
28;2025-12-22;20;522.5993317321397;20260927_1334_g103
28;2025-12-22;21;316.87103833771477;20260927_1334_g103
28;2025-12-22;22;123.111593359126;20260927_1334_g103
28;2025-12-22;23;8.980333761478557;20260927_1334_g103
28;2025-12-23;0;0.0;20260927_1334_g103
28;2025-12-23;1;0.0;20260927_1334_g103
28;2025-12-23;2;0.0;20260927_1334_g103
28;2025-12-23;3;0.0;20260927_1334_g103
28;2025-12-23;4;1.7122178672125525;20260927_1334_g103
28;2025-12-23;5;80.7248283570582;20260927_1334_g103
28;2025-12-23;6;275.42932140628017;20260927_1334_g103
28;2025-12-23;7;805.4535350795649;20260927_1334_g103
28;2025-12-23;8;1285.26249227549;20260927_1334_g103
28;2025-12-23;9;851.3525844625128;20260927_1334_g103
28;2025-12-23;10;651.5529834688185;20260927_1334_g103
28;2025-12-23;11;586.2181608412927;20260927_1334_g103
28;2025-12-23;12;703.4493358793377;20260927_1334_g103
28;2025-12-23;13;736.818368575359;20260927_1334_g103
28;2025-12-23;14;686.8399983303111;20260927_1334_g103
28;2025-12-23;15;699.9094958266905;20260927_1334_g103
28;2025-12-23;16;881.2329747113683;20260927_1334_g103
28;2025-12-23;17;1034.2331691053726;20260927_1334_g103
28;2025-12-23;18;1011.6102180164428;20260927_1334_g103
28;2025-12-23;19;753.9574890463398;20260927_1334_g103
28;2025-12-23;20;525.3551522279948;20260927_1334_g103
28;2025-12-23;21;321.64335149229066;20260927_1334_g103
28;2025-12-23;22;124.74498812663272;20260927_1334_g103
28;2025-12-23;23;9.412186452903478;20260927_1334_g103
28;2025-12-24;0;0.0;20260927_1334_g103
28;2025-12-24;1;0.0;20260927_1334_g103
28;2025-12-24;2;0.0;20260927_1334_g103
28;2025-12-24;3;0.0;20260927_1334_g103
28;2025-12-24;4;1.7620223249965898;20260927_1334_g103
28;2025-12-24;5;80.88426399740187;20260927_1334_g103
28;2025-12-24;6;275.3151008662281;20260927_1334_g103
28;2025-12-24;7;805.1940833531082;20260927_1334_g103
28;2025-12-24;8;1283.995110962724;20260927_1334_g103
28;2025-12-24;9;852.5320165895761;20260927_1334_g103
28;2025-12-24;10;649.5675156021274;20260927_1334_g103
28;2025-12-24;11;587.1641690512253;20260927_1334_g103
28;2025-12-24;12;707.5373441267521;20260927_1334_g103
28;2025-12-24;13;741.8122181382652;20260927_1334_g103
28;2025-12-24;14;689.0127062211848;20260927_1334_g103
28;2025-12-24;15;700.881230455918;20260927_1334_g103
28;2025-12-24;16;886.2354950668367;20260927_1334_g103
28;2025-12-24;17;1033.8457071453854;20260927_1334_g103
28;2025-12-24;18;1011.4478238514074;20260927_1334_g103
28;2025-12-24;19;758.7034504027168;20260927_1334_g103
28;2025-12-24;20;532.1109700409181;20260927_1334_g103
28;2025-12-24;21;323.06809271971093;20260927_1334_g103
28;2025-12-24;22;123.98658376687428;20260927_1334_g103
28;2025-12-24;23;9.404580802049434;20260927_1334_g103
28;2025-12-25;0;0.0;20260927_1334_g103
28;2025-12-25;1;0.0;20260927_1334_g103
28;2025-12-25;2;0.0;20260927_1334_g103
28;2025-12-25;3;0.0;20260927_1334_g103
28;2025-12-25;4;1.7624762306936166;20260927_1334_g103
28;2025-12-25;5;81.26782137464498;20260927_1334_g103
28;2025-12-25;6;275.3270689718607;20260927_1334_g103
28;2025-12-25;7;806.0037747917778;20260927_1334_g103
28;2025-12-25;8;1284.9844674784385;20260927_1334_g103
28;2025-12-25;9;852.1974553920007;20260927_1334_g103
28;2025-12-25;10;646.5026671258587;20260927_1334_g103
28;2025-12-25;11;586.8683579955339;20260927_1334_g103
28;2025-12-25;12;704.26236165644;20260927_1334_g103
28;2025-12-25;13;738.8245618136517;20260927_1334_g103
28;2025-12-25;14;688.292028085022;20260927_1334_g103
28;2025-12-25;15;704.7187351830804;20260927_1334_g103
28;2025-12-25;16;885.4272761638255;20260927_1334_g103
28;2025-12-25;17;1040.2777191663642;20260927_1334_g103
28;2025-12-25;18;1011.8837221339146;20260927_1334_g103
28;2025-12-25;19;757.7068981714106;20260927_1334_g103
28;2025-12-25;20;529.050675256248;20260927_1334_g103
28;2025-12-25;21;320.1245297877025;20260927_1334_g103
28;2025-12-25;22;124.55950889498898;20260927_1334_g103
28;2025-12-25;23;9.393360928342231;20260927_1334_g103
28;2025-12-26;0;0.0;20260927_1334_g103
28;2025-12-26;1;0.0;20260927_1334_g103
28;2025-12-26;2;0.0;20260927_1334_g103
28;2025-12-26;3;0.0;20260927_1334_g103
28;2025-12-26;4;1.954740419264029;20260927_1334_g103
28;2025-12-26;5;83.7393237071441;20260927_1334_g103
28;2025-12-26;6;285.28679771743987;20260927_1334_g103
28;2025-12-26;7;865.9002532701533;20260927_1334_g103
28;2025-12-26;8;1248.3559639118023;20260927_1334_g103
28;2025-12-26;9;866.4613650103911;20260927_1334_g103
28;2025-12-26;10;658.2030223737919;20260927_1334_g103
28;2025-12-26;11;579.0178230637035;20260927_1334_g103
28;2025-12-26;12;784.9241375734958;20260927_1334_g103
28;2025-12-26;13;743.0025595714771;20260927_1334_g103
28;2025-12-26;14;741.9288161391597;20260927_1334_g103
28;2025-12-26;15;764.2040409363176;20260927_1334_g103
28;2025-12-26;16;1009.3907319748378;20260927_1334_g103
28;2025-12-26;17;1017.2316595554493;20260927_1334_g103
28;2025-12-26;18;875.4246531169862;20260927_1334_g103
28;2025-12-26;19;652.5969103819755;20260927_1334_g103
28;2025-12-26;20;471.9848130614845;20260927_1334_g103
28;2025-12-26;21;363.3194409884728;20260927_1334_g103
28;2025-12-26;22;134.88203621322867;20260927_1334_g103
28;2025-12-26;23;15.490194457070567;20260927_1334_g103
28;2025-12-27;0;0.15740595083544273;20260927_1334_g103
28;2025-12-27;1;0.0;20260927_1334_g103
28;2025-12-27;2;0.0;20260927_1334_g103
28;2025-12-27;3;0.0;20260927_1334_g103
28;2025-12-27;4;0.3148119016708856;20260927_1334_g103
28;2025-12-27;5;39.52974991640662;20260927_1334_g103
28;2025-12-27;6;108.55263220996206;20260927_1334_g103
28;2025-12-27;7;239.38283409230942;20260927_1334_g103
28;2025-12-27;8;417.67553459708995;20260927_1334_g103
28;2025-12-27;9;484.193303179195;20260927_1334_g103
28;2025-12-27;10;512.3406026027878;20260927_1334_g103
28;2025-12-27;11;523.2309532339907;20260927_1334_g103
28;2025-12-27;12;604.6262802421263;20260927_1334_g103
28;2025-12-27;13;604.637368370957;20260927_1334_g103
28;2025-12-27;14;598.1079090897741;20260927_1334_g103
28;2025-12-27;15;615.4458693574358;20260927_1334_g103
28;2025-12-27;16;570.8543826202033;20260927_1334_g103
28;2025-12-27;17;586.5273413910769;20260927_1334_g103
28;2025-12-27;18;511.97235998182543;20260927_1334_g103
28;2025-12-27;19;416.2154603614885;20260927_1334_g103
28;2025-12-27;20;318.4164956840805;20260927_1334_g103
28;2025-12-27;21;269.9235027924997;20260927_1334_g103
28;2025-12-27;22;139.09046804759805;20260927_1334_g103
28;2025-12-27;23;19.12328111322107;20260927_1334_g103
28;2025-12-28;0;1.8619426949540785;20260927_1334_g103
28;2025-12-28;1;0.0;20260927_1334_g103
28;2025-12-28;2;0.0;20260927_1334_g103
28;2025-12-28;3;0.0;20260927_1334_g103
28;2025-12-28;4;0.750221109328941;20260927_1334_g103
28;2025-12-28;5;31.859159218695122;20260927_1334_g103
28;2025-12-28;6;84.3588727605081;20260927_1334_g103
28;2025-12-28;7;167.25597470121724;20260927_1334_g103
28;2025-12-28;8;271.1031970534289;20260927_1334_g103
28;2025-12-28;9;355.30997346238087;20260927_1334_g103
28;2025-12-28;10;398.4036628017343;20260927_1334_g103
28;2025-12-28;11;439.136151428637;20260927_1334_g103
28;2025-12-28;12;472.16058764200284;20260927_1334_g103
28;2025-12-28;13;529.7618175804249;20260927_1334_g103
28;2025-12-28;14;528.6417724941689;20260927_1334_g103
28;2025-12-28;15;518.3636291631955;20260927_1334_g103
28;2025-12-28;16;483.90162764666064;20260927_1334_g103
28;2025-12-28;17;474.73553246520197;20260927_1334_g103
28;2025-12-28;18;428.56316971699823;20260927_1334_g103
28;2025-12-28;19;376.03041194588036;20260927_1334_g103
28;2025-12-28;20;298.1732735420393;20260927_1334_g103
28;2025-12-28;21;249.5782661470917;20260927_1334_g103
28;2025-12-28;22;115.31589462909015;20260927_1334_g103
28;2025-12-28;23;10.549708277754343;20260927_1334_g103
28;2025-12-29;0;0.0;20260927_1334_g103
28;2025-12-29;1;0.0;20260927_1334_g103
28;2025-12-29;2;0.0;20260927_1334_g103
28;2025-12-29;3;0.0;20260927_1334_g103
28;2025-12-29;4;1.585975171283587;20260927_1334_g103
28;2025-12-29;5;72.75072742425115;20260927_1334_g103
28;2025-12-29;6;246.6590181878425;20260927_1334_g103
28;2025-12-29;7;719.9836148221247;20260927_1334_g103
28;2025-12-29;8;1150.6611299567098;20260927_1334_g103
28;2025-12-29;9;762.0765571258015;20260927_1334_g103
28;2025-12-29;10;579.6699840495734;20260927_1334_g103
28;2025-12-29;11;522.265755223089;20260927_1334_g103
28;2025-12-29;12;628.7379786326557;20260927_1334_g103
28;2025-12-29;13;658.4010136443092;20260927_1334_g103
28;2025-12-29;14;612.6203706404699;20260927_1334_g103
28;2025-12-29;15;622.9891532058037;20260927_1334_g103
28;2025-12-29;16;791.8107945802374;20260927_1334_g103
28;2025-12-29;17;924.6194621824037;20260927_1334_g103
28;2025-12-29;18;901.4164530886084;20260927_1334_g103
28;2025-12-29;19;675.7656920269125;20260927_1334_g103
28;2025-12-29;20;469.3065789639346;20260927_1334_g103
28;2025-12-29;21;284.55769830804985;20260927_1334_g103
28;2025-12-29;22;110.5571270416096;20260927_1334_g103
28;2025-12-29;23;8.064552439408775;20260927_1334_g103
28;2025-12-30;0;0.0;20260927_1334_g103
28;2025-12-30;1;0.0;20260927_1334_g103
28;2025-12-30;2;0.0;20260927_1334_g103
28;2025-12-30;3;0.0;20260927_1334_g103
28;2025-12-30;4;1.537612202907126;20260927_1334_g103
28;2025-12-30;5;72.4928080335161;20260927_1334_g103
28;2025-12-30;6;247.3420548532053;20260927_1334_g103
28;2025-12-30;7;723.3163536771336;20260927_1334_g103
28;2025-12-30;8;1154.1961627108121;20260927_1334_g103
28;2025-12-30;9;764.5347872564722;20260927_1334_g103
28;2025-12-30;10;585.1100128123087;20260927_1334_g103
28;2025-12-30;11;526.4377944745792;20260927_1334_g103
28;2025-12-30;12;631.7141665714851;20260927_1334_g103
28;2025-12-30;13;661.68034836127;20260927_1334_g103
28;2025-12-30;14;616.7985880188777;20260927_1334_g103
28;2025-12-30;15;628.5353063542683;20260927_1334_g103
28;2025-12-30;16;791.3680854915057;20260927_1334_g103
28;2025-12-30;17;928.7658842484901;20260927_1334_g103
28;2025-12-30;18;908.4499382896156;20260927_1334_g103
28;2025-12-30;19;677.0716845270221;20260927_1334_g103
28;2025-12-30;20;471.7813710476936;20260927_1334_g103
28;2025-12-30;21;288.84334856499765;20260927_1334_g103
28;2025-12-30;22;112.0239542338592;20260927_1334_g103
28;2025-12-30;23;8.45236638581634;20260927_1334_g103
28;2025-12-31;0;1.7583980770159424;20260927_1334_g103
28;2025-12-31;1;0.0;20260927_1334_g103
28;2025-12-31;2;0.0;20260927_1334_g103
28;2025-12-31;3;0.0;20260927_1334_g103
28;2025-12-31;4;0.7506867538317412;20260927_1334_g103
28;2025-12-31;5;32.63484650672517;20260927_1334_g103
28;2025-12-31;6;86.69724673712186;20260927_1334_g103
28;2025-12-31;7;170.93349664296855;20260927_1334_g103
28;2025-12-31;8;275.6532567051882;20260927_1334_g103
28;2025-12-31;9;354.93323947875683;20260927_1334_g103
28;2025-12-31;10;393.3306849199779;20260927_1334_g103
28;2025-12-31;11;435.84732447027335;20260927_1334_g103
28;2025-12-31;12;464.8286081671581;20260927_1334_g103
28;2025-12-31;13;523.1793662300826;20260927_1334_g103
28;2025-12-31;14;525.7371945082012;20260927_1334_g103
28;2025-12-31;15;514.1680168187225;20260927_1334_g103
28;2025-12-31;16;476.10265292208226;20260927_1334_g103
28;2025-12-31;17;465.3447550601946;20260927_1334_g103
28;2025-12-31;18;421.9546310116973;20260927_1334_g103
28;2025-12-31;19;375.7611666657456;20260927_1334_g103
28;2025-12-31;20;300.8714180044399;20260927_1334_g103
28;2025-12-31;21;253.42175100100945;20260927_1334_g103
28;2025-12-31;22;115.35215251312646;20260927_1334_g103
28;2025-12-31;23;10.530964681317496;20260927_1334_g103
50;2025-11-01;0;25.015174501314405;20260927_1334_g103
50;2025-11-01;1;1.9585236115035263;20260927_1334_g103
50;2025-11-01;2;0.0;20260927_1334_g103
50;2025-11-01;3;0.0;20260927_1334_g103
50;2025-11-01;4;2.379479460381581;20260927_1334_g103
50;2025-11-01;5;53.58186295659136;20260927_1334_g103
50;2025-11-01;6;426.5886988841699;20260927_1334_g103
50;2025-11-01;7;1408.5753314808258;20260927_1334_g103
50;2025-11-01;8;2244.8616239247617;20260927_1334_g103
50;2025-11-01;9;1743.0051906012168;20260927_1334_g103
50;2025-11-01;10;1328.1469213771784;20260927_1334_g103
50;2025-11-01;11;1208.5992669996008;20260927_1334_g103
50;2025-11-01;12;1140.7168026160043;20260927_1334_g103
50;2025-11-01;13;1178.5167267752697;20260927_1334_g103
50;2025-11-01;14;1112.133739776393;20260927_1334_g103
50;2025-11-01;15;1275.0002093111416;20260927_1334_g103
50;2025-11-01;16;1345.5110670552788;20260927_1334_g103
50;2025-11-01;17;1865.217908332472;20260927_1334_g103
50;2025-11-01;18;1934.1522854894704;20260927_1334_g103
50;2025-11-01;19;1156.0506570603;20260927_1334_g103
50;2025-11-01;20;715.43731903817;20260927_1334_g103
50;2025-11-01;21;498.11769486721164;20260927_1334_g103
50;2025-11-01;22;168.24946067505016;20260927_1334_g103
50;2025-11-01;23;93.28160896813347;20260927_1334_g103
50;2025-11-02;0;2.5992750557348145;20260927_1334_g103
50;2025-11-02;1;0.21421505700249607;20260927_1334_g103
50;2025-11-02;2;0.0;20260927_1334_g103
50;2025-11-02;3;0.0;20260927_1334_g103
50;2025-11-02;4;0.0;20260927_1334_g103
50;2025-11-02;5;1.2361608806301476;20260927_1334_g103
50;2025-11-02;6;8.333442142211387;20260927_1334_g103
50;2025-11-02;7;16.459464897799073;20260927_1334_g103
50;2025-11-02;8;27.15995983011297;20260927_1334_g103
50;2025-11-02;9;27.634617337085423;20260927_1334_g103
50;2025-11-02;10;38.13347096638375;20260927_1334_g103
50;2025-11-02;11;67.24589166327007;20260927_1334_g103
50;2025-11-02;12;55.21981931274666;20260927_1334_g103
50;2025-11-02;13;68.94792278963725;20260927_1334_g103
50;2025-11-02;14;114.59086811442309;20260927_1334_g103
50;2025-11-02;15;94.93468642476365;20260927_1334_g103
50;2025-11-02;16;125.74759365782585;20260927_1334_g103
50;2025-11-02;17;102.85368786479823;20260927_1334_g103
50;2025-11-02;18;64.55965040461206;20260927_1334_g103
50;2025-11-02;19;60.984419617246765;20260927_1334_g103
50;2025-11-02;20;53.86603244005871;20260927_1334_g103
50;2025-11-02;21;37.7963514786122;20260927_1334_g103
50;2025-11-02;22;37.23557340888851;20260927_1334_g103
50;2025-11-02;23;11.499951893151675;20260927_1334_g103
50;2025-11-03;0;3.197499785458141;20260927_1334_g103
50;2025-11-03;1;0.21434801522303915;20260927_1334_g103
50;2025-11-03;2;0.0;20260927_1334_g103
50;2025-11-03;3;0.0;20260927_1334_g103
50;2025-11-03;4;0.0;20260927_1334_g103
50;2025-11-03;5;1.3038831243861806;20260927_1334_g103
50;2025-11-03;6;8.837430065284114;20260927_1334_g103
50;2025-11-03;7;17.45999390999096;20260927_1334_g103
50;2025-11-03;8;28.41110751296452;20260927_1334_g103
50;2025-11-03;9;29.41470862999762;20260927_1334_g103
50;2025-11-03;10;43.97680311245082;20260927_1334_g103
50;2025-11-03;11;68.71437582482221;20260927_1334_g103
50;2025-11-03;12;62.395458089859964;20260927_1334_g103
50;2025-11-03;13;71.8122140876144;20260927_1334_g103
50;2025-11-03;14;112.47107486916963;20260927_1334_g103
50;2025-11-03;15;91.74016793792681;20260927_1334_g103
50;2025-11-03;16;121.9139631347319;20260927_1334_g103
50;2025-11-03;17;99.52076018027677;20260927_1334_g103
50;2025-11-03;18;66.10849457965058;20260927_1334_g103
50;2025-11-03;19;62.82997187421406;20260927_1334_g103
50;2025-11-03;20;57.61961253139537;20260927_1334_g103
50;2025-11-03;21;42.57981656834636;20260927_1334_g103
50;2025-11-03;22;38.68954620074959;20260927_1334_g103
50;2025-11-03;23;13.087242338665263;20260927_1334_g103
50;2025-11-04;0;3.2613488132500263;20260927_1334_g103
50;2025-11-04;1;0.21434801522303915;20260927_1334_g103
50;2025-11-04;2;0.0;20260927_1334_g103
50;2025-11-04;3;0.0;20260927_1334_g103
50;2025-11-04;4;0.0;20260927_1334_g103
50;2025-11-04;5;1.3045395253000103;20260927_1334_g103
50;2025-11-04;6;8.841879004811181;20260927_1334_g103
50;2025-11-04;7;17.467530273317752;20260927_1334_g103
50;2025-11-04;8;28.421087615548295;20260927_1334_g103
50;2025-11-04;9;29.44204187425275;20260927_1334_g103
50;2025-11-04;10;44.03022670501706;20260927_1334_g103
50;2025-11-04;11;68.35647831157945;20260927_1334_g103
50;2025-11-04;12;62.283880007542486;20260927_1334_g103
50;2025-11-04;13;71.40855747201708;20260927_1334_g103
50;2025-11-04;14;111.73857425090554;20260927_1334_g103
50;2025-11-04;15;91.15765974109529;20260927_1334_g103
50;2025-11-04;16;121.14594931187989;20260927_1334_g103
50;2025-11-04;17;98.88522814039005;20260927_1334_g103
50;2025-11-04;18;65.86032723988814;20260927_1334_g103
50;2025-11-04;19;62.64601546544636;20260927_1334_g103
50;2025-11-04;20;57.564881690782926;20260927_1334_g103
50;2025-11-04;21;42.568307102150385;20260927_1334_g103
50;2025-11-04;22;38.67912710025503;20260927_1334_g103
50;2025-11-04;23;13.085734147721528;20260927_1334_g103
50;2025-11-05;0;24.30748749146827;20260927_1334_g103
50;2025-11-05;1;1.978634425773793;20260927_1334_g103
50;2025-11-05;2;0.0;20260927_1334_g103
50;2025-11-05;3;0.0;20260927_1334_g103
50;2025-11-05;4;3.2317018364437193;20260927_1334_g103
50;2025-11-05;5;73.90587463544736;20260927_1334_g103
50;2025-11-05;6;558.9496378071901;20260927_1334_g103
50;2025-11-05;7;1831.9053629935956;20260927_1334_g103
50;2025-11-05;8;2917.4849586861437;20260927_1334_g103
50;2025-11-05;9;2295.293862049833;20260927_1334_g103
50;2025-11-05;10;1760.3494148943346;20260927_1334_g103
50;2025-11-05;11;1613.6349100444609;20260927_1334_g103
50;2025-11-05;12;1541.3824825599422;20260927_1334_g103
50;2025-11-05;13;1565.1693323029517;20260927_1334_g103
50;2025-11-05;14;1488.86642868924;20260927_1334_g103
50;2025-11-05;15;1689.6999130343554;20260927_1334_g103
50;2025-11-05;16;1784.2755895386022;20260927_1334_g103
50;2025-11-05;17;2459.852985832029;20260927_1334_g103
50;2025-11-05;18;2552.3531683608153;20260927_1334_g103
50;2025-11-05;19;1529.5946538720552;20260927_1334_g103
50;2025-11-05;20;950.5763964242486;20260927_1334_g103
50;2025-11-05;21;668.6867715368941;20260927_1334_g103
50;2025-11-05;22;268.3841388441043;20260927_1334_g103
50;2025-11-05;23;150.0263351573968;20260927_1334_g103
50;2025-11-06;0;26.642989703508505;20260927_1334_g103
50;2025-11-06;1;1.8992804415385915;20260927_1334_g103
50;2025-11-06;2;0.0;20260927_1334_g103
50;2025-11-06;3;0.0;20260927_1334_g103
50;2025-11-06;4;3.300163166514858;20260927_1334_g103
50;2025-11-06;5;73.326926870123;20260927_1334_g103
50;2025-11-06;6;554.8949417436086;20260927_1334_g103
50;2025-11-06;7;1832.6747934437794;20260927_1334_g103
50;2025-11-06;8;2928.7988073437473;20260927_1334_g103
50;2025-11-06;9;2303.9699595647935;20260927_1334_g103
50;2025-11-06;10;1776.5998342626772;20260927_1334_g103
50;2025-11-06;11;1610.0436539212442;20260927_1334_g103
50;2025-11-06;12;1530.8249180481694;20260927_1334_g103
50;2025-11-06;13;1569.9410719438056;20260927_1334_g103
50;2025-11-06;14;1489.4067640406438;20260927_1334_g103
50;2025-11-06;15;1692.7534847935515;20260927_1334_g103
50;2025-11-06;16;1783.6206990444152;20260927_1334_g103
50;2025-11-06;17;2467.7658244516;20260927_1334_g103
50;2025-11-06;18;2570.1439171753523;20260927_1334_g103
50;2025-11-06;19;1546.669401464668;20260927_1334_g103
50;2025-11-06;20;979.1362278375849;20260927_1334_g103
50;2025-11-06;21;677.1654878801935;20260927_1334_g103
50;2025-11-06;22;271.57450562250773;20260927_1334_g103
50;2025-11-06;23;153.82057289449884;20260927_1334_g103
50;2025-11-07;0;35.93642265253638;20260927_1334_g103
50;2025-11-07;1;1.3657723104407806;20260927_1334_g103
50;2025-11-07;2;0.0;20260927_1334_g103
50;2025-11-07;3;0.0;20260927_1334_g103
50;2025-11-07;4;2.5612006500531557;20260927_1334_g103
50;2025-11-07;5;69.77043529953193;20260927_1334_g103
50;2025-11-07;6;532.793953932502;20260927_1334_g103
50;2025-11-07;7;1768.1411591996916;20260927_1334_g103
50;2025-11-07;8;2743.607888128341;20260927_1334_g103
50;2025-11-07;9;2154.1663775113575;20260927_1334_g103
50;2025-11-07;10;1541.9983870863805;20260927_1334_g103
50;2025-11-07;11;1607.552944137219;20260927_1334_g103
50;2025-11-07;12;1505.0685375385008;20260927_1334_g103
50;2025-11-07;13;1516.6352581316735;20260927_1334_g103
50;2025-11-07;14;1451.2673506099939;20260927_1334_g103
50;2025-11-07;15;1755.040970449767;20260927_1334_g103
50;2025-11-07;16;2159.3414265740603;20260927_1334_g103
50;2025-11-07;17;2164.5688938513913;20260927_1334_g103
50;2025-11-07;18;1658.270303994568;20260927_1334_g103
50;2025-11-07;19;1223.928695036192;20260927_1334_g103
50;2025-11-07;20;848.5003142036226;20260927_1334_g103
50;2025-11-07;21;546.879031936521;20260927_1334_g103
50;2025-11-07;22;278.1085419243754;20260927_1334_g103
50;2025-11-07;23;167.75879709909526;20260927_1334_g103
50;2025-11-08;0;35.88762322112091;20260927_1334_g103
50;2025-11-08;1;3.5933992113463518;20260927_1334_g103
50;2025-11-08;2;0.0;20260927_1334_g103
50;2025-11-08;3;0.0;20260927_1334_g103
50;2025-11-08;4;0.0;20260927_1334_g103
50;2025-11-08;5;2.4652100683393523;20260927_1334_g103
50;2025-11-08;6;12.74740739662599;20260927_1334_g103
50;2025-11-08;7;26.81245604022859;20260927_1334_g103
50;2025-11-08;8;34.013661051353616;20260927_1334_g103
50;2025-11-08;9;41.53945249595418;20260927_1334_g103
50;2025-11-08;10;34.795970514538304;20260927_1334_g103
50;2025-11-08;11;35.46168093082684;20260927_1334_g103
50;2025-11-08;12;64.30911660166375;20260927_1334_g103
50;2025-11-08;13;53.02530358174647;20260927_1334_g103
50;2025-11-08;14;53.73773562245038;20260927_1334_g103
50;2025-11-08;15;66.37154952195377;20260927_1334_g103
50;2025-11-08;16;52.92061681424267;20260927_1334_g103
50;2025-11-08;17;47.71547832677195;20260927_1334_g103
50;2025-11-08;18;23.041069089840533;20260927_1334_g103
50;2025-11-08;19;22.1869059622849;20260927_1334_g103
50;2025-11-08;20;13.823359591274519;20260927_1334_g103
50;2025-11-08;21;13.593311398767222;20260927_1334_g103
50;2025-11-08;22;7.406129005668762;20260927_1334_g103
50;2025-11-08;23;5.097334398867202;20260927_1334_g103
50;2025-11-09;0;2.5992750557348145;20260927_1334_g103
50;2025-11-09;1;0.21421505700249607;20260927_1334_g103
50;2025-11-09;2;0.0;20260927_1334_g103
50;2025-11-09;3;0.0;20260927_1334_g103
50;2025-11-09;4;0.0;20260927_1334_g103
50;2025-11-09;5;1.2361608806301476;20260927_1334_g103
50;2025-11-09;6;8.333442142211387;20260927_1334_g103
50;2025-11-09;7;16.459464897799073;20260927_1334_g103
50;2025-11-09;8;27.15995983011297;20260927_1334_g103
50;2025-11-09;9;27.634617337085423;20260927_1334_g103
50;2025-11-09;10;38.13347096638375;20260927_1334_g103
50;2025-11-09;11;67.24589166327007;20260927_1334_g103
50;2025-11-09;12;55.21981931274666;20260927_1334_g103
50;2025-11-09;13;68.94792278963725;20260927_1334_g103
50;2025-11-09;14;114.59086811442309;20260927_1334_g103
50;2025-11-09;15;94.93468642476365;20260927_1334_g103
50;2025-11-09;16;125.74759365782585;20260927_1334_g103
50;2025-11-09;17;102.85368786479823;20260927_1334_g103
50;2025-11-09;18;64.55965040461206;20260927_1334_g103
50;2025-11-09;19;60.984419617246765;20260927_1334_g103
50;2025-11-09;20;53.86603244005871;20260927_1334_g103
50;2025-11-09;21;37.7963514786122;20260927_1334_g103
50;2025-11-09;22;37.23557340888851;20260927_1334_g103
50;2025-11-09;23;11.499951893151675;20260927_1334_g103
50;2025-11-10;0;24.441773608754723;20260927_1334_g103
50;2025-11-10;1;2.225841202884114;20260927_1334_g103
50;2025-11-10;2;0.0;20260927_1334_g103
50;2025-11-10;3;0.0;20260927_1334_g103
50;2025-11-10;4;3.209375823615387;20260927_1334_g103
50;2025-11-10;5;72.58925436420876;20260927_1334_g103
50;2025-11-10;6;572.2066380948839;20260927_1334_g103
50;2025-11-10;7;1835.217770787965;20260927_1334_g103
50;2025-11-10;8;2939.372820518519;20260927_1334_g103
50;2025-11-10;9;2313.7731856300484;20260927_1334_g103
50;2025-11-10;10;1752.8147997264978;20260927_1334_g103
50;2025-11-10;11;1598.1886594261296;20260927_1334_g103
50;2025-11-10;12;1506.7874291928606;20260927_1334_g103
50;2025-11-10;13;1558.772544906527;20260927_1334_g103
50;2025-11-10;14;1484.9343638522323;20260927_1334_g103
50;2025-11-10;15;1688.4304668718407;20260927_1334_g103
50;2025-11-10;16;1773.0530505701274;20260927_1334_g103
50;2025-11-10;17;2096.794386336402;20260927_1334_g103
50;2025-11-10;18;2185.39836667711;20260927_1334_g103
50;2025-11-10;19;1290.5281592350193;20260927_1334_g103
50;2025-11-10;20;941.0457127387323;20260927_1334_g103
50;2025-11-10;21;659.8135182850915;20260927_1334_g103
50;2025-11-10;22;262.48864007604794;20260927_1334_g103
50;2025-11-10;23;145.6610087346223;20260927_1334_g103
50;2025-11-11;0;28.003745222381294;20260927_1334_g103
50;2025-11-11;1;2.059260129103608;20260927_1334_g103
50;2025-11-11;2;0.0;20260927_1334_g103
50;2025-11-11;3;0.0;20260927_1334_g103
50;2025-11-11;4;3.169359956119815;20260927_1334_g103
50;2025-11-11;5;74.27121390435298;20260927_1334_g103
50;2025-11-11;6;576.0038282721574;20260927_1334_g103
50;2025-11-11;7;1853.9238127642468;20260927_1334_g103
50;2025-11-11;8;2945.876005274354;20260927_1334_g103
50;2025-11-11;9;2332.1511840191442;20260927_1334_g103
50;2025-11-11;10;1789.4063081870513;20260927_1334_g103
50;2025-11-11;11;1608.5200517916298;20260927_1334_g103
50;2025-11-11;12;1529.785287386905;20260927_1334_g103
50;2025-11-11;13;1578.643945383116;20260927_1334_g103
50;2025-11-11;14;1506.6923386291626;20260927_1334_g103
50;2025-11-11;15;1708.0649422358742;20260927_1334_g103
50;2025-11-11;16;1801.4480836805965;20260927_1334_g103
50;2025-11-11;17;2483.076531152168;20260927_1334_g103
50;2025-11-11;18;2558.555081038894;20260927_1334_g103
50;2025-11-11;19;1549.9779091110313;20260927_1334_g103
50;2025-11-11;20;964.1219475780481;20260927_1334_g103
50;2025-11-11;21;659.4281571242858;20260927_1334_g103
50;2025-11-11;22;264.67233829798147;20260927_1334_g103
50;2025-11-11;23;149.04632188563926;20260927_1334_g103
50;2025-11-12;0;24.30748749146827;20260927_1334_g103
50;2025-11-12;1;1.978634425773793;20260927_1334_g103
50;2025-11-12;2;0.0;20260927_1334_g103
50;2025-11-12;3;0.0;20260927_1334_g103
50;2025-11-12;4;3.2317018364437193;20260927_1334_g103
50;2025-11-12;5;73.90587463544736;20260927_1334_g103
50;2025-11-12;6;558.9496378071901;20260927_1334_g103
50;2025-11-12;7;1831.9053629935956;20260927_1334_g103
50;2025-11-12;8;2917.4849586861437;20260927_1334_g103
50;2025-11-12;9;2295.293862049833;20260927_1334_g103
50;2025-11-12;10;1760.3494148943346;20260927_1334_g103
50;2025-11-12;11;1613.6349100444609;20260927_1334_g103
50;2025-11-12;12;1541.3824825599422;20260927_1334_g103
50;2025-11-12;13;1565.1693323029517;20260927_1334_g103
50;2025-11-12;14;1488.86642868924;20260927_1334_g103
50;2025-11-12;15;1689.6999130343554;20260927_1334_g103
50;2025-11-12;16;1784.2755895386022;20260927_1334_g103
50;2025-11-12;17;2459.852985832029;20260927_1334_g103
50;2025-11-12;18;2552.3531683608153;20260927_1334_g103
50;2025-11-12;19;1529.5946538720552;20260927_1334_g103
50;2025-11-12;20;950.5763964242486;20260927_1334_g103
50;2025-11-12;21;668.6867715368941;20260927_1334_g103
50;2025-11-12;22;268.3841388441043;20260927_1334_g103
50;2025-11-12;23;150.0263351573968;20260927_1334_g103
50;2025-11-13;0;26.642989703508505;20260927_1334_g103
50;2025-11-13;1;1.8992804415385915;20260927_1334_g103
50;2025-11-13;2;0.0;20260927_1334_g103
50;2025-11-13;3;0.0;20260927_1334_g103
50;2025-11-13;4;3.300163166514858;20260927_1334_g103
50;2025-11-13;5;73.326926870123;20260927_1334_g103
50;2025-11-13;6;554.8949417436086;20260927_1334_g103
50;2025-11-13;7;1832.6747934437794;20260927_1334_g103
50;2025-11-13;8;2928.7988073437473;20260927_1334_g103
50;2025-11-13;9;2303.9699595647935;20260927_1334_g103
50;2025-11-13;10;1776.5998342626772;20260927_1334_g103
50;2025-11-13;11;1610.0436539212442;20260927_1334_g103
50;2025-11-13;12;1530.8249180481694;20260927_1334_g103
50;2025-11-13;13;1569.9410719438056;20260927_1334_g103
50;2025-11-13;14;1489.4067640406438;20260927_1334_g103
50;2025-11-13;15;1692.7534847935515;20260927_1334_g103
50;2025-11-13;16;1783.6206990444152;20260927_1334_g103
50;2025-11-13;17;2467.7658244516;20260927_1334_g103
50;2025-11-13;18;2570.1439171753523;20260927_1334_g103
50;2025-11-13;19;1546.669401464668;20260927_1334_g103
50;2025-11-13;20;979.1362278375849;20260927_1334_g103
50;2025-11-13;21;677.1654878801935;20260927_1334_g103
50;2025-11-13;22;271.57450562250773;20260927_1334_g103
50;2025-11-13;23;153.82057289449884;20260927_1334_g103
50;2025-11-14;0;35.93642265253638;20260927_1334_g103
50;2025-11-14;1;1.3657723104407806;20260927_1334_g103
50;2025-11-14;2;0.0;20260927_1334_g103
50;2025-11-14;3;0.0;20260927_1334_g103
50;2025-11-14;4;2.5612006500531557;20260927_1334_g103
50;2025-11-14;5;69.77043529953193;20260927_1334_g103
50;2025-11-14;6;532.793953932502;20260927_1334_g103
50;2025-11-14;7;1768.1411591996916;20260927_1334_g103
50;2025-11-14;8;2743.607888128341;20260927_1334_g103
50;2025-11-14;9;2154.1663775113575;20260927_1334_g103
50;2025-11-14;10;1541.9983870863805;20260927_1334_g103
50;2025-11-14;11;1607.552944137219;20260927_1334_g103
50;2025-11-14;12;1505.0685375385008;20260927_1334_g103
50;2025-11-14;13;1516.6352581316735;20260927_1334_g103
50;2025-11-14;14;1451.2673506099939;20260927_1334_g103
50;2025-11-14;15;1755.040970449767;20260927_1334_g103
50;2025-11-14;16;2159.3414265740603;20260927_1334_g103
50;2025-11-14;17;2164.5688938513913;20260927_1334_g103
50;2025-11-14;18;1658.270303994568;20260927_1334_g103
50;2025-11-14;19;1223.928695036192;20260927_1334_g103
50;2025-11-14;20;848.5003142036226;20260927_1334_g103
50;2025-11-14;21;546.879031936521;20260927_1334_g103
50;2025-11-14;22;278.1085419243754;20260927_1334_g103
50;2025-11-14;23;167.75879709909526;20260927_1334_g103
50;2025-11-15;0;65.33964934554297;20260927_1334_g103
50;2025-11-15;1;6.125592126144654;20260927_1334_g103
50;2025-11-15;2;0.0;20260927_1334_g103
50;2025-11-15;3;0.0;20260927_1334_g103
50;2025-11-15;4;1.0209320210241088;20260927_1334_g103
50;2025-11-15;5;30.62796063072327;20260927_1334_g103
50;2025-11-15;6;176.4984536058968;20260927_1334_g103
50;2025-11-15;7;443.9682677404723;20260927_1334_g103
50;2025-11-15;8;667.447209256466;20260927_1334_g103
50;2025-11-15;9;770.182851771777;20260927_1334_g103
50;2025-11-15;10;693.1365999372675;20260927_1334_g103
50;2025-11-15;11;884.0096916030673;20260927_1334_g103
50;2025-11-15;12;883.8870753010228;20260927_1334_g103
50;2025-11-15;13;898.1040310362652;20260927_1334_g103
50;2025-11-15;14;924.5770246767739;20260927_1334_g103
50;2025-11-15;15;870.9665231356231;20260927_1334_g103
50;2025-11-15;16;884.4493543121467;20260927_1334_g103
50;2025-11-15;17;829.1034865785406;20260927_1334_g103
50;2025-11-15;18;760.6787106452955;20260927_1334_g103
50;2025-11-15;19;707.0600325209729;20260927_1334_g103
50;2025-11-15;20;522.7145642484825;20260927_1334_g103
50;2025-11-15;21;445.06032934487865;20260927_1334_g103
50;2025-11-15;22;263.88473716347903;20260927_1334_g103
50;2025-11-15;23;162.78257055311224;20260927_1334_g103
50;2025-11-16;0;51.80866932654903;20260927_1334_g103
50;2025-11-16;1;5.9779233838325805;20260927_1334_g103
50;2025-11-16;2;0.0;20260927_1334_g103
50;2025-11-16;3;0.0;20260927_1334_g103
50;2025-11-16;4;1.0492231289231457;20260927_1334_g103
50;2025-11-16;5;27.89697579121871;20260927_1334_g103
50;2025-11-16;6;114.46606518286443;20260927_1334_g103
50;2025-11-16;7;219.70580231415428;20260927_1334_g103
50;2025-11-16;8;325.2572569815949;20260927_1334_g103
50;2025-11-16;9;401.27309611861483;20260927_1334_g103
50;2025-11-16;10;561.8993783678881;20260927_1334_g103
50;2025-11-16;11;677.5136714755555;20260927_1334_g103
50;2025-11-16;12;741.8550210530581;20260927_1334_g103
50;2025-11-16;13;817.7180671964808;20260927_1334_g103
50;2025-11-16;14;840.2853191023746;20260927_1334_g103
50;2025-11-16;15;707.674197905065;20260927_1334_g103
50;2025-11-16;16;739.6137871143412;20260927_1334_g103
50;2025-11-16;17;736.2088937330818;20260927_1334_g103
50;2025-11-16;18;697.8720538445239;20260927_1334_g103
50;2025-11-16;19;581.6565263079216;20260927_1334_g103
50;2025-11-16;20;503.2000260796249;20260927_1334_g103
50;2025-11-16;21;401.61661933535805;20260927_1334_g103
50;2025-11-16;22;207.09400164915925;20260927_1334_g103
50;2025-11-16;23;116.13408468451668;20260927_1334_g103
50;2025-11-17;0;24.441773608754723;20260927_1334_g103
50;2025-11-17;1;2.225841202884114;20260927_1334_g103
50;2025-11-17;2;0.0;20260927_1334_g103
50;2025-11-17;3;0.0;20260927_1334_g103
50;2025-11-17;4;3.209375823615387;20260927_1334_g103
50;2025-11-17;5;72.58925436420876;20260927_1334_g103
50;2025-11-17;6;569.3952415627716;20260927_1334_g103
50;2025-11-17;7;1835.7807972051862;20260927_1334_g103
50;2025-11-17;8;2939.372820518519;20260927_1334_g103
50;2025-11-17;9;2314.8681190620464;20260927_1334_g103
50;2025-11-17;10;1752.9510856775287;20260927_1334_g103
50;2025-11-17;11;1599.2682188866663;20260927_1334_g103
50;2025-11-17;12;1511.0758565827377;20260927_1334_g103
50;2025-11-17;13;1558.5236881600645;20260927_1334_g103
50;2025-11-17;14;1486.301454102831;20260927_1334_g103
50;2025-11-17;15;1689.1026921117077;20260927_1334_g103
50;2025-11-17;16;1773.4685710219308;20260927_1334_g103
50;2025-11-17;17;2465.75376511034;20260927_1334_g103
50;2025-11-17;18;2558.6520978410445;20260927_1334_g103
50;2025-11-17;19;1510.8059472770956;20260927_1334_g103
50;2025-11-17;20;940.9199849076892;20260927_1334_g103
50;2025-11-17;21;659.8135182850915;20260927_1334_g103
50;2025-11-17;22;262.48864007604794;20260927_1334_g103
50;2025-11-17;23;145.6610087346223;20260927_1334_g103
50;2025-11-18;0;28.003745222381294;20260927_1334_g103
50;2025-11-18;1;2.059260129103608;20260927_1334_g103
50;2025-11-18;2;0.0;20260927_1334_g103
50;2025-11-18;3;0.0;20260927_1334_g103
50;2025-11-18;4;3.169359956119815;20260927_1334_g103
50;2025-11-18;5;74.27121390435298;20260927_1334_g103
50;2025-11-18;6;576.0038282721574;20260927_1334_g103
50;2025-11-18;7;1853.9238127642468;20260927_1334_g103
50;2025-11-18;8;2945.876005274354;20260927_1334_g103
50;2025-11-18;9;2332.1511840191442;20260927_1334_g103
50;2025-11-18;10;1789.4063081870513;20260927_1334_g103
50;2025-11-18;11;1608.5200517916298;20260927_1334_g103
50;2025-11-18;12;1529.785287386905;20260927_1334_g103
50;2025-11-18;13;1578.643945383116;20260927_1334_g103
50;2025-11-18;14;1506.6923386291626;20260927_1334_g103
50;2025-11-18;15;1708.0649422358742;20260927_1334_g103
50;2025-11-18;16;1801.4480836805965;20260927_1334_g103
50;2025-11-18;17;2483.076531152168;20260927_1334_g103
50;2025-11-18;18;2558.555081038894;20260927_1334_g103
50;2025-11-18;19;1549.9779091110313;20260927_1334_g103
50;2025-11-18;20;964.1219475780481;20260927_1334_g103
50;2025-11-18;21;659.4281571242858;20260927_1334_g103
50;2025-11-18;22;264.67233829798147;20260927_1334_g103
50;2025-11-18;23;149.04632188563926;20260927_1334_g103
50;2025-11-19;0;24.30748749146827;20260927_1334_g103
50;2025-11-19;1;1.978634425773793;20260927_1334_g103
50;2025-11-19;2;0.0;20260927_1334_g103
50;2025-11-19;3;0.0;20260927_1334_g103
50;2025-11-19;4;3.2317018364437193;20260927_1334_g103
50;2025-11-19;5;73.90587463544736;20260927_1334_g103
50;2025-11-19;6;558.9496378071901;20260927_1334_g103
50;2025-11-19;7;1831.9053629935956;20260927_1334_g103
50;2025-11-19;8;2917.4849586861437;20260927_1334_g103
50;2025-11-19;9;2295.293862049833;20260927_1334_g103
50;2025-11-19;10;1760.3494148943346;20260927_1334_g103
50;2025-11-19;11;1613.6349100444609;20260927_1334_g103
50;2025-11-19;12;1541.3824825599422;20260927_1334_g103
50;2025-11-19;13;1565.1693323029517;20260927_1334_g103
50;2025-11-19;14;1488.86642868924;20260927_1334_g103
50;2025-11-19;15;1689.6999130343554;20260927_1334_g103
50;2025-11-19;16;1784.2755895386022;20260927_1334_g103
50;2025-11-19;17;2459.852985832029;20260927_1334_g103
50;2025-11-19;18;2552.3531683608153;20260927_1334_g103
50;2025-11-19;19;1529.5946538720552;20260927_1334_g103
50;2025-11-19;20;950.5763964242486;20260927_1334_g103
50;2025-11-19;21;668.6867715368941;20260927_1334_g103
50;2025-11-19;22;268.3841388441043;20260927_1334_g103
50;2025-11-19;23;150.0263351573968;20260927_1334_g103
50;2025-11-20;0;26.642989703508505;20260927_1334_g103
50;2025-11-20;1;1.8992804415385915;20260927_1334_g103
50;2025-11-20;2;0.0;20260927_1334_g103
50;2025-11-20;3;0.0;20260927_1334_g103
50;2025-11-20;4;3.300163166514858;20260927_1334_g103
50;2025-11-20;5;73.326926870123;20260927_1334_g103
50;2025-11-20;6;554.8949417436086;20260927_1334_g103
50;2025-11-20;7;1832.6747934437794;20260927_1334_g103
50;2025-11-20;8;2928.7988073437473;20260927_1334_g103
50;2025-11-20;9;2303.9699595647935;20260927_1334_g103
50;2025-11-20;10;1776.5998342626772;20260927_1334_g103
50;2025-11-20;11;1610.0436539212442;20260927_1334_g103
50;2025-11-20;12;1530.8249180481694;20260927_1334_g103
50;2025-11-20;13;1569.9410719438056;20260927_1334_g103
50;2025-11-20;14;1489.4067640406438;20260927_1334_g103
50;2025-11-20;15;1692.7534847935515;20260927_1334_g103
50;2025-11-20;16;1783.6206990444152;20260927_1334_g103
50;2025-11-20;17;2467.7658244516;20260927_1334_g103
50;2025-11-20;18;2570.1439171753523;20260927_1334_g103
50;2025-11-20;19;1546.669401464668;20260927_1334_g103
50;2025-11-20;20;979.1362278375849;20260927_1334_g103
50;2025-11-20;21;677.1654878801935;20260927_1334_g103
50;2025-11-20;22;271.57450562250773;20260927_1334_g103
50;2025-11-20;23;153.82057289449884;20260927_1334_g103
50;2025-11-21;0;35.93642265253638;20260927_1334_g103
50;2025-11-21;1;1.3657723104407806;20260927_1334_g103
50;2025-11-21;2;0.0;20260927_1334_g103
50;2025-11-21;3;0.0;20260927_1334_g103
50;2025-11-21;4;2.5612006500531557;20260927_1334_g103
50;2025-11-21;5;69.77043529953193;20260927_1334_g103
50;2025-11-21;6;532.793953932502;20260927_1334_g103
50;2025-11-21;7;1768.1411591996916;20260927_1334_g103
50;2025-11-21;8;2743.607888128341;20260927_1334_g103
50;2025-11-21;9;2154.1663775113575;20260927_1334_g103
50;2025-11-21;10;1541.9983870863805;20260927_1334_g103
50;2025-11-21;11;1607.552944137219;20260927_1334_g103
50;2025-11-21;12;1505.0685375385008;20260927_1334_g103
50;2025-11-21;13;1516.6352581316735;20260927_1334_g103
50;2025-11-21;14;1451.2673506099939;20260927_1334_g103
50;2025-11-21;15;1755.040970449767;20260927_1334_g103
50;2025-11-21;16;2159.3414265740603;20260927_1334_g103
50;2025-11-21;17;2164.5688938513913;20260927_1334_g103
50;2025-11-21;18;1658.270303994568;20260927_1334_g103
50;2025-11-21;19;1223.928695036192;20260927_1334_g103
50;2025-11-21;20;848.5003142036226;20260927_1334_g103
50;2025-11-21;21;546.879031936521;20260927_1334_g103
50;2025-11-21;22;278.1085419243754;20260927_1334_g103
50;2025-11-21;23;167.75879709909526;20260927_1334_g103
50;2025-11-22;0;66.57667772448336;20260927_1334_g103
50;2025-11-22;1;6.241563536670315;20260927_1334_g103
50;2025-11-22;2;0.0;20260927_1334_g103
50;2025-11-22;3;0.0;20260927_1334_g103
50;2025-11-22;4;1.0402605894450525;20260927_1334_g103
50;2025-11-22;5;31.20781768335158;20260927_1334_g103
50;2025-11-22;6;179.92415329690274;20260927_1334_g103
50;2025-11-22;7;448.2679364456374;20260927_1334_g103
50;2025-11-22;8;670.4503491785123;20260927_1334_g103
50;2025-11-22;9;771.8907552642363;20260927_1334_g103
50;2025-11-22;10;693.7124276366235;20260927_1334_g103
50;2025-11-22;11;888.2274257742789;20260927_1334_g103
50;2025-11-22;12;888.1865536735975;20260927_1334_g103
50;2025-11-22;13;903.4247876552334;20260927_1334_g103
50;2025-11-22;14;929.0479168472247;20260927_1334_g103
50;2025-11-22;15;876.880203794094;20260927_1334_g103
50;2025-11-22;16;891.1737796737201;20260927_1334_g103
50;2025-11-22;17;834.9278616442524;20260927_1334_g103
50;2025-11-22;18;768.7227082220757;20260927_1334_g103
50;2025-11-22;19;715.8523197254508;20260927_1334_g103
50;2025-11-22;20;529.8127452941651;20260927_1334_g103
50;2025-11-22;21;450.73180672775055;20260927_1334_g103
50;2025-11-22;22;268.5486573232432;20260927_1334_g103
50;2025-11-22;23;166.25284337429332;20260927_1334_g103
50;2025-11-23;0;52.891144367212725;20260927_1334_g103
50;2025-11-23;1;6.102824350063008;20260927_1334_g103
50;2025-11-23;2;0.0;20260927_1334_g103
50;2025-11-23;3;0.0;20260927_1334_g103
50;2025-11-23;4;1.0347715799941843;20260927_1334_g103
50;2025-11-23;5;28.4798469669607;20260927_1334_g103
50;2025-11-23;6;140.3330076387546;20260927_1334_g103
50;2025-11-23;7;268.1702115087593;20260927_1334_g103
50;2025-11-23;8;394.5611489188418;20260927_1334_g103
50;2025-11-23;9;485.5803901278248;20260927_1334_g103
50;2025-11-23;10;564.8406573338839;20260927_1334_g103
50;2025-11-23;11;682.8670819356229;20260927_1334_g103
50;2025-11-23;12;746.7857169072661;20260927_1334_g103
50;2025-11-23;13;826.1235846136756;20260927_1334_g103
50;2025-11-23;14;850.3401349949222;20260927_1334_g103
50;2025-11-23;15;715.5708376806114;20260927_1334_g103
50;2025-11-23;16;746.0143686115069;20260927_1334_g103
50;2025-11-23;17;742.6710288801743;20260927_1334_g103
50;2025-11-23;18;710.2376731047801;20260927_1334_g103
50;2025-11-23;19;591.2729599178757;20260927_1334_g103
50;2025-11-23;20;510.1734882212745;20260927_1334_g103
50;2025-11-23;21;408.5752767875537;20260927_1334_g103
50;2025-11-23;22;211.51385134958207;20260927_1334_g103
50;2025-11-23;23;118.85993439282244;20260927_1334_g103
50;2025-11-24;0;26.588391333966808;20260927_1334_g103
50;2025-11-24;1;2.1625981722430407;20260927_1334_g103
50;2025-11-24;2;0.0;20260927_1334_g103
50;2025-11-24;3;0.0;20260927_1334_g103
50;2025-11-24;4;3.2007685981276337;20260927_1334_g103
50;2025-11-24;5;72.18241720063276;20260927_1334_g103
50;2025-11-24;6;571.9203192881627;20260927_1334_g103
50;2025-11-24;7;1839.9868923795234;20260927_1334_g103
50;2025-11-24;8;2930.337296363088;20260927_1334_g103
50;2025-11-24;9;2292.995009936883;20260927_1334_g103
50;2025-11-24;10;1747.1271424313613;20260927_1334_g103
50;2025-11-24;11;1591.2515117280818;20260927_1334_g103
50;2025-11-24;12;1500.3251254541378;20260927_1334_g103
50;2025-11-24;13;1549.8190425574;20260927_1334_g103
50;2025-11-24;14;1470.3380720977084;20260927_1334_g103
50;2025-11-24;15;1679.760628861702;20260927_1334_g103
50;2025-11-24;16;1771.44862135085;20260927_1334_g103
50;2025-11-24;17;2461.345794550841;20260927_1334_g103
50;2025-11-24;18;2564.8405892477526;20260927_1334_g103
50;2025-11-24;19;1282.2553417699457;20260927_1334_g103
50;2025-11-24;20;801.3585152500815;20260927_1334_g103
50;2025-11-24;21;561.3470074400183;20260927_1334_g103
50;2025-11-24;22;269.1442943902186;20260927_1334_g103
50;2025-11-24;23;149.2638008119788;20260927_1334_g103
50;2025-11-25;0;27.77571520517566;20260927_1334_g103
50;2025-11-25;1;2.107071147649539;20260927_1334_g103
50;2025-11-25;2;0.0;20260927_1334_g103
50;2025-11-25;3;0.0;20260927_1334_g103
50;2025-11-25;4;3.1874299756291093;20260927_1334_g103
50;2025-11-25;5;72.74307038068083;20260927_1334_g103
50;2025-11-25;6;574.0665423655306;20260927_1334_g103
50;2025-11-25;7;1846.1390387304623;20260927_1334_g103
50;2025-11-25;8;2932.505024615034;20260927_1334_g103
50;2025-11-25;9;2298.8895065130064;20260927_1334_g103
50;2025-11-25;10;1759.2601439870205;20260927_1334_g103
50;2025-11-25;11;1594.4569881327195;20260927_1334_g103
50;2025-11-25;12;1507.0499646589783;20260927_1334_g103
50;2025-11-25;13;1556.460008263047;20260927_1334_g103
50;2025-11-25;14;1476.9340917870118;20260927_1334_g103
50;2025-11-25;15;1686.3851578708375;20260927_1334_g103
50;2025-11-25;16;1780.903163927308;20260927_1334_g103
50;2025-11-25;17;2467.955310914508;20260927_1334_g103
50;2025-11-25;18;2565.111296833143;20260927_1334_g103
50;2025-11-25;19;1539.7543559708686;20260927_1334_g103
50;2025-11-25;20;958.005161393152;20260927_1334_g103
50;2025-11-25;21;665.6557426764728;20260927_1334_g103
50;2025-11-25;22;269.87219379752975;20260927_1334_g103
50;2025-11-25;23;150.3922385289844;20260927_1334_g103
50;2025-11-26;0;26.543629294871327;20260927_1334_g103
50;2025-11-26;1;2.0801959132062677;20260927_1334_g103
50;2025-11-26;2;0.0;20260927_1334_g103
50;2025-11-26;3;0.0;20260927_1334_g103
50;2025-11-26;4;3.208210602403744;20260927_1334_g103
50;2025-11-26;5;72.62129062437894;20260927_1334_g103
50;2025-11-26;6;568.3818122105415;20260927_1334_g103
50;2025-11-26;7;1838.7995554735785;20260927_1334_g103
50;2025-11-26;8;2923.0413424189633;20260927_1334_g103
50;2025-11-26;9;2286.6037325232364;20260927_1334_g103
50;2025-11-26;10;1749.574512889448;20260927_1334_g103
50;2025-11-26;11;1596.1619408836634;20260927_1334_g103
50;2025-11-26;12;1510.9156963833236;20260927_1334_g103
50;2025-11-26;13;1551.968470569659;20260927_1334_g103
50;2025-11-26;14;1470.9921218070376;20260927_1334_g103
50;2025-11-26;15;1680.2634814703315;20260927_1334_g103
50;2025-11-26;16;1775.1789992133097;20260927_1334_g103
50;2025-11-26;17;2460.214129141128;20260927_1334_g103
50;2025-11-26;18;2563.0439926071163;20260927_1334_g103
50;2025-11-26;19;1532.9599375578766;20260927_1334_g103
50;2025-11-26;20;953.4899776752187;20260927_1334_g103
50;2025-11-26;21;668.7419474806755;20260927_1334_g103
50;2025-11-26;22;271.1094606462374;20260927_1334_g103
50;2025-11-26;23;150.71890961957027;20260927_1334_g103
50;2025-11-27;0;27.32213003221807;20260927_1334_g103
50;2025-11-27;1;2.053744585127867;20260927_1334_g103
50;2025-11-27;2;0.0;20260927_1334_g103
50;2025-11-27;3;0.0;20260927_1334_g103
50;2025-11-27;4;3.23103104576079;20260927_1334_g103
50;2025-11-27;5;72.4283080359375;20260927_1334_g103
50;2025-11-27;6;567.0302468560143;20260927_1334_g103
50;2025-11-27;7;1839.0560322903066;20260927_1334_g103
50;2025-11-27;8;2926.812625304831;20260927_1334_g103
50;2025-11-27;9;2289.495765028223;20260927_1334_g103
50;2025-11-27;10;1754.9913193455627;20260927_1334_g103
50;2025-11-27;11;1594.9648555092576;20260927_1334_g103
50;2025-11-27;12;1507.396508212733;20260927_1334_g103
50;2025-11-27;13;1553.5590504499437;20260927_1334_g103
50;2025-11-27;14;1471.172233590839;20260927_1334_g103
50;2025-11-27;15;1681.2813387233966;20260927_1334_g103
50;2025-11-27;16;1774.9607023819144;20260927_1334_g103
50;2025-11-27;17;2462.851742014318;20260927_1334_g103
50;2025-11-27;18;2568.9742422119625;20260927_1334_g103
50;2025-11-27;19;1538.6515200887477;20260927_1334_g103
50;2025-11-27;20;963.0099214796643;20260927_1334_g103
50;2025-11-27;21;671.5681862617754;20260927_1334_g103
50;2025-11-27;22;272.1729162390385;20260927_1334_g103
50;2025-11-27;23;151.98365553193761;20260927_1334_g103
50;2025-11-28;0;36.40438230250228;20260927_1334_g103
50;2025-11-28;1;1.515752576081523;20260927_1334_g103
50;2025-11-28;2;0.0;20260927_1334_g103
50;2025-11-28;3;0.0;20260927_1334_g103
50;2025-11-28;4;2.5213547535214538;20260927_1334_g103
50;2025-11-28;5;69.63478959362892;20260927_1334_g103
50;2025-11-28;6;543.6859447794806;20260927_1334_g103
50;2025-11-28;7;1778.9981917519465;20260927_1334_g103
50;2025-11-28;8;2746.989201020751;20260927_1334_g103
50;2025-11-28;9;2140.4436071522423;20260927_1334_g103
50;2025-11-28;10;1537.6357851486891;20260927_1334_g103
50;2025-11-28;11;1609.850945915139;20260927_1334_g103
50;2025-11-28;12;1504.7545011905463;20260927_1334_g103
50;2025-11-28;13;1511.857354258218;20260927_1334_g103
50;2025-11-28;14;1448.984647727634;20260927_1334_g103
50;2025-11-28;15;1761.6005854971945;20260927_1334_g103
50;2025-11-28;16;2166.0028759790553;20260927_1334_g103
50;2025-11-28;17;2173.1844220037733;20260927_1334_g103
50;2025-11-28;18;1675.8851604137703;20260927_1334_g103
50;2025-11-28;19;1238.9491326437467;20260927_1334_g103
50;2025-11-28;20;852.2988609873648;20260927_1334_g103
50;2025-11-28;21;553.9988623481462;20260927_1334_g103
50;2025-11-28;22;284.5474938500009;20260927_1334_g103
50;2025-11-28;23;171.28370219250715;20260927_1334_g103
50;2025-11-29;0;66.57667772448336;20260927_1334_g103
50;2025-11-29;1;6.241563536670315;20260927_1334_g103
50;2025-11-29;2;0.0;20260927_1334_g103
50;2025-11-29;3;0.0;20260927_1334_g103
50;2025-11-29;4;1.0402605894450525;20260927_1334_g103
50;2025-11-29;5;31.20781768335158;20260927_1334_g103
50;2025-11-29;6;179.92415329690274;20260927_1334_g103
50;2025-11-29;7;448.2679364456374;20260927_1334_g103
50;2025-11-29;8;670.4503491785123;20260927_1334_g103
50;2025-11-29;9;771.8907552642363;20260927_1334_g103
50;2025-11-29;10;693.7124276366235;20260927_1334_g103
50;2025-11-29;11;888.2274257742789;20260927_1334_g103
50;2025-11-29;12;888.1865536735975;20260927_1334_g103
50;2025-11-29;13;903.4247876552334;20260927_1334_g103
50;2025-11-29;14;929.0479168472247;20260927_1334_g103
50;2025-11-29;15;876.880203794094;20260927_1334_g103
50;2025-11-29;16;891.1737796737201;20260927_1334_g103
50;2025-11-29;17;834.9278616442524;20260927_1334_g103
50;2025-11-29;18;768.7227082220757;20260927_1334_g103
50;2025-11-29;19;715.8523197254508;20260927_1334_g103
50;2025-11-29;20;529.8127452941651;20260927_1334_g103
50;2025-11-29;21;450.73180672775055;20260927_1334_g103
50;2025-11-29;22;268.5486573232432;20260927_1334_g103
50;2025-11-29;23;166.25284337429332;20260927_1334_g103
50;2025-11-30;0;52.891144367212725;20260927_1334_g103
50;2025-11-30;1;6.102824350063008;20260927_1334_g103
50;2025-11-30;2;0.0;20260927_1334_g103
50;2025-11-30;3;0.0;20260927_1334_g103
50;2025-11-30;4;1.0347715799941843;20260927_1334_g103
50;2025-11-30;5;28.4798469669607;20260927_1334_g103
50;2025-11-30;6;140.3330076387546;20260927_1334_g103
50;2025-11-30;7;268.1702115087593;20260927_1334_g103
50;2025-11-30;8;394.5611489188418;20260927_1334_g103
50;2025-11-30;9;485.5803901278248;20260927_1334_g103
50;2025-11-30;10;564.8406573338839;20260927_1334_g103
50;2025-11-30;11;682.8670819356229;20260927_1334_g103
50;2025-11-30;12;746.7857169072661;20260927_1334_g103
50;2025-11-30;13;826.1235846136756;20260927_1334_g103
50;2025-11-30;14;850.3401349949222;20260927_1334_g103
50;2025-11-30;15;715.5708376806114;20260927_1334_g103
50;2025-11-30;16;746.0143686115069;20260927_1334_g103
50;2025-11-30;17;742.6710288801743;20260927_1334_g103
50;2025-11-30;18;710.2376731047801;20260927_1334_g103
50;2025-11-30;19;591.2729599178757;20260927_1334_g103
50;2025-11-30;20;510.1734882212745;20260927_1334_g103
50;2025-11-30;21;408.5752767875537;20260927_1334_g103
50;2025-11-30;22;211.51385134958207;20260927_1334_g103
50;2025-11-30;23;118.85993439282244;20260927_1334_g103
50;2025-12-01;0;26.056623507287473;20260927_1334_g103
50;2025-12-01;1;2.1193462087981803;20260927_1334_g103
50;2025-12-01;2;0.0;20260927_1334_g103
50;2025-12-01;3;0.0;20260927_1334_g103
50;2025-12-01;4;3.136753226165081;20260927_1334_g103
50;2025-12-01;5;70.7387688566201;20260927_1334_g103
50;2025-12-01;6;560.4264065264873;20260927_1334_g103
50;2025-12-01;7;1803.2895395398934;20260927_1334_g103
50;2025-12-01;8;2871.7305504358264;20260927_1334_g103
50;2025-12-01;9;2247.265915163428;20260927_1334_g103
50;2025-12-01;10;1712.1662350875024;20260927_1334_g103
50;2025-12-01;11;1559.5455829544437;20260927_1334_g103
50;2025-12-01;12;1470.7972179697704;20260927_1334_g103
50;2025-12-01;13;1518.758190738256;20260927_1334_g103
50;2025-12-01;14;1440.73438767267;20260927_1334_g103
50;2025-12-01;15;1646.4631196728599;20260927_1334_g103
50;2025-12-01;16;1736.1451265135977;20260927_1334_g103
50;2025-12-01;17;2412.937434455887;20260927_1334_g103
50;2025-12-01;18;2513.8407630518495;20260927_1334_g103
50;2025-12-01;19;1496.1630946523655;20260927_1334_g103
50;2025-12-01;20;931.2657503596383;20260927_1334_g103
50;2025-12-01;21;652.4685124688066;20260927_1334_g103
50;2025-12-01;22;263.7614085024142;20260927_1334_g103
50;2025-12-01;23;146.27852479573917;20260927_1334_g103
50;2025-12-02;0;27.22020090107215;20260927_1334_g103
50;2025-12-02;1;2.0649297246965483;20260927_1334_g103
50;2025-12-02;2;0.0;20260927_1334_g103
50;2025-12-02;3;0.0;20260927_1334_g103
50;2025-12-02;4;3.1236813761165276;20260927_1334_g103
50;2025-12-02;5;71.28820897306721;20260927_1334_g103
50;2025-12-02;6;562.58521151822;20260927_1334_g103
50;2025-12-02;7;1809.2162579558533;20260927_1334_g103
50;2025-12-02;8;2873.8549241227324;20260927_1334_g103
50;2025-12-02;9;2252.911716382746;20260927_1334_g103
50;2025-12-02;10;1724.07494110728;20260927_1334_g103
50;2025-12-02;11;1562.5678483700651;20260927_1334_g103
50;2025-12-02;12;1476.9089653657986;20260927_1334_g103
50;2025-12-02;13;1525.330808097786;20260927_1334_g103
50;2025-12-02;14;1447.3954099512714;20260927_1334_g103
50;2025-12-02;15;1652.657454713421;20260927_1334_g103
50;2025-12-02;16;1745.2851006487617;20260927_1334_g103
50;2025-12-02;17;2418.5962046962177;20260927_1334_g103
50;2025-12-02;18;2513.80907089648;20260927_1334_g103
50;2025-12-02;19;1508.9592688514513;20260927_1334_g103
50;2025-12-02;20;938.8450581652891;20260927_1334_g103
50;2025-12-02;21;652.3426278229433;20260927_1334_g103
50;2025-12-02;22;264.47474992157913;20260927_1334_g103
50;2025-12-02;23;147.3843937584047;20260927_1334_g103
50;2025-12-03;0;26.012756708973896;20260927_1334_g103
50;2025-12-03;1;2.0385919949421423;20260927_1334_g103
50;2025-12-03;2;0.0;20260927_1334_g103
50;2025-12-03;3;0.0;20260927_1334_g103
50;2025-12-03;4;3.144046390355669;20260927_1334_g103
50;2025-12-03;5;71.16886481189135;20260927_1334_g103
50;2025-12-03;6;557.0141759663308;20260927_1334_g103
50;2025-12-03;7;1802.0235643641072;20260927_1334_g103
50;2025-12-03;8;2864.580515570584;20260927_1334_g103
50;2025-12-03;9;2240.8716578727717;20260927_1334_g103
50;2025-12-03;10;1714.583022631659;20260927_1334_g103
50;2025-12-03;11;1564.2387020659899;20260927_1334_g103
50;2025-12-03;12;1480.6973824556574;20260927_1334_g103
50;2025-12-03;13;1520.929101158266;20260927_1334_g103
50;2025-12-03;14;1441.5722793708967;20260927_1334_g103
50;2025-12-03;15;1646.6582118409247;20260927_1334_g103
50;2025-12-03;16;1739.6754192290437;20260927_1334_g103
50;2025-12-03;17;2411.0098465583055;20260927_1334_g103
50;2025-12-03;18;2511.783112754975;20260927_1334_g103
50;2025-12-03;19;1502.3007388067192;20260927_1334_g103
50;2025-12-03;20;934.4201781217145;20260927_1334_g103
50;2025-12-03;21;655.367108531062;20260927_1334_g103
50;2025-12-03;22;265.6872714333126;20260927_1334_g103
50;2025-12-03;23;147.70453142717886;20260927_1334_g103
50;2025-12-04;0;26.775687431573704;20260927_1334_g103
50;2025-12-04;1;2.0126696934253094;20260927_1334_g103
50;2025-12-04;2;0.0;20260927_1334_g103
50;2025-12-04;3;0.0;20260927_1334_g103
50;2025-12-04;4;3.1664104248455742;20260927_1334_g103
50;2025-12-04;5;70.97974187521876;20260927_1334_g103
50;2025-12-04;6;555.689641918894;20260927_1334_g103
50;2025-12-04;7;1802.2749116445007;20260927_1334_g103
50;2025-12-04;8;2868.2763727987344;20260927_1334_g103
50;2025-12-04;9;2243.7058497276585;20260927_1334_g103
50;2025-12-04;10;1719.891492958651;20260927_1334_g103
50;2025-12-04;11;1563.0655583990726;20260927_1334_g103
50;2025-12-04;12;1477.2485780484783;20260927_1334_g103
50;2025-12-04;13;1522.4878694409447;20260927_1334_g103
50;2025-12-04;14;1441.748788919022;20260927_1334_g103
50;2025-12-04;15;1647.655711948929;20260927_1334_g103
50;2025-12-04;16;1739.461488334276;20260927_1334_g103
50;2025-12-04;17;2413.594707174032;20260927_1334_g103
50;2025-12-04;18;2517.594757367723;20260927_1334_g103
50;2025-12-04;19;1507.8784896869727;20260927_1334_g103
50;2025-12-04;20;943.7497230500709;20260927_1334_g103
50;2025-12-04;21;658.1368225365399;20260927_1334_g103
50;2025-12-04;22;266.72945791425775;20260927_1334_g103
50;2025-12-04;23;148.94398242129887;20260927_1334_g103
50;2025-12-05;0;35.67629465645223;20260927_1334_g103
50;2025-12-05;1;1.4854375245598925;20260927_1334_g103
50;2025-12-05;2;0.0;20260927_1334_g103
50;2025-12-05;3;0.0;20260927_1334_g103
50;2025-12-05;4;2.4709276584510245;20260927_1334_g103
50;2025-12-05;5;68.24209380175634;20260927_1334_g103
50;2025-12-05;6;532.812225883891;20260927_1334_g103
50;2025-12-05;7;1743.4182279169074;20260927_1334_g103
50;2025-12-05;8;2692.0494170003362;20260927_1334_g103
50;2025-12-05;9;2097.634735009197;20260927_1334_g103
50;2025-12-05;10;1506.8830694457154;20260927_1334_g103
50;2025-12-05;11;1577.653926996836;20260927_1334_g103
50;2025-12-05;12;1474.6594111667353;20260927_1334_g103
50;2025-12-05;13;1481.6202071730534;20260927_1334_g103
50;2025-12-05;14;1420.0049547730812;20260927_1334_g103
50;2025-12-05;15;1726.3685737872504;20260927_1334_g103
50;2025-12-05;16;2122.682818459474;20260927_1334_g103
50;2025-12-05;17;2129.7207335636976;20260927_1334_g103
50;2025-12-05;18;1642.3674572054952;20260927_1334_g103
50;2025-12-05;19;1214.1701499908716;20260927_1334_g103
50;2025-12-05;20;835.2528837676176;20260927_1334_g103
50;2025-12-05;21;542.9188851011833;20260927_1334_g103
50;2025-12-05;22;278.85654397300084;20260927_1334_g103
50;2025-12-05;23;167.858028148657;20260927_1334_g103
50;2025-12-06;0;65.2451441699937;20260927_1334_g103
50;2025-12-06;1;6.116732265936908;20260927_1334_g103
50;2025-12-06;2;0.0;20260927_1334_g103
50;2025-12-06;3;0.0;20260927_1334_g103
50;2025-12-06;4;1.0194553776561512;20260927_1334_g103
50;2025-12-06;5;30.583661329684546;20260927_1334_g103
50;2025-12-06;6;176.32567023096468;20260927_1334_g103
50;2025-12-06;7;439.30257771672467;20260927_1334_g103
50;2025-12-06;8;657.041342194942;20260927_1334_g103
50;2025-12-06;9;756.4529401589516;20260927_1334_g103
50;2025-12-06;10;679.8381790838911;20260927_1334_g103
50;2025-12-06;11;870.4628772587932;20260927_1334_g103
50;2025-12-06;12;870.4228226001254;20260927_1334_g103
50;2025-12-06;13;885.3562919021288;20260927_1334_g103
50;2025-12-06;14;910.4669585102802;20260927_1334_g103
50;2025-12-06;15;859.342599718212;20260927_1334_g103
50;2025-12-06;16;873.3503040802457;20260927_1334_g103
50;2025-12-06;17;818.2293044113674;20260927_1334_g103
50;2025-12-06;18;753.3482540576341;20260927_1334_g103
50;2025-12-06;19;701.5352733309417;20260927_1334_g103
50;2025-12-06;20;519.2164903882818;20260927_1334_g103
50;2025-12-06;21;441.71717059319553;20260927_1334_g103
50;2025-12-06;22;263.1776841767783;20260927_1334_g103
50;2025-12-06;23;162.92778650680748;20260927_1334_g103
50;2025-12-07;0;51.833321479868474;20260927_1334_g103
50;2025-12-07;1;5.980767863061748;20260927_1334_g103
50;2025-12-07;2;0.0;20260927_1334_g103
50;2025-12-07;3;0.0;20260927_1334_g103
50;2025-12-07;4;1.0140761483943008;20260927_1334_g103
50;2025-12-07;5;27.91025002762149;20260927_1334_g103
50;2025-12-07;6;137.5263474859795;20260927_1334_g103
50;2025-12-07;7;262.80680727858413;20260927_1334_g103
50;2025-12-07;8;386.66992594046496;20260927_1334_g103
50;2025-12-07;9;475.8687823252683;20260927_1334_g103
50;2025-12-07;10;553.5438441872062;20260927_1334_g103
50;2025-12-07;11;669.2097402969105;20260927_1334_g103
50;2025-12-07;12;731.8500025691206;20260927_1334_g103
50;2025-12-07;13;809.601112921402;20260927_1334_g103
50;2025-12-07;14;833.3333322950238;20260927_1334_g103
50;2025-12-07;15;701.2594209269992;20260927_1334_g103
50;2025-12-07;16;731.0940812392769;20260927_1334_g103
50;2025-12-07;17;727.8176083025708;20260927_1334_g103
50;2025-12-07;18;696.0329196426845;20260927_1334_g103
50;2025-12-07;19;579.4475007195182;20260927_1334_g103
50;2025-12-07;20;499.97001845684906;20260927_1334_g103
50;2025-12-07;21;400.40377125180265;20260927_1334_g103
50;2025-12-07;22;207.28357432259048;20260927_1334_g103
50;2025-12-07;23;116.48273570496599;20260927_1334_g103
50;2025-12-08;0;26.056623507287473;20260927_1334_g103
50;2025-12-08;1;2.1193462087981803;20260927_1334_g103
50;2025-12-08;2;0.0;20260927_1334_g103
50;2025-12-08;3;0.0;20260927_1334_g103
50;2025-12-08;4;3.136753226165081;20260927_1334_g103
50;2025-12-08;5;70.7387688566201;20260927_1334_g103
50;2025-12-08;6;560.4264065264873;20260927_1334_g103
50;2025-12-08;7;1803.2895395398934;20260927_1334_g103
50;2025-12-08;8;2871.7305504358264;20260927_1334_g103
50;2025-12-08;9;2247.265915163428;20260927_1334_g103
50;2025-12-08;10;1712.1662350875024;20260927_1334_g103
50;2025-12-08;11;1559.5455829544437;20260927_1334_g103
50;2025-12-08;12;1470.7972179697704;20260927_1334_g103
50;2025-12-08;13;1518.758190738256;20260927_1334_g103
50;2025-12-08;14;1440.73438767267;20260927_1334_g103
50;2025-12-08;15;1646.4631196728599;20260927_1334_g103
50;2025-12-08;16;1736.1451265135977;20260927_1334_g103
50;2025-12-08;17;2412.937434455887;20260927_1334_g103
50;2025-12-08;18;2513.8407630518495;20260927_1334_g103
50;2025-12-08;19;1496.1630946523655;20260927_1334_g103
50;2025-12-08;20;931.2657503596383;20260927_1334_g103
50;2025-12-08;21;652.4685124688066;20260927_1334_g103
50;2025-12-08;22;263.7614085024142;20260927_1334_g103
50;2025-12-08;23;146.27852479573917;20260927_1334_g103
50;2025-12-09;0;27.22020090107215;20260927_1334_g103
50;2025-12-09;1;2.0649297246965483;20260927_1334_g103
50;2025-12-09;2;0.0;20260927_1334_g103
50;2025-12-09;3;0.0;20260927_1334_g103
50;2025-12-09;4;3.1236813761165276;20260927_1334_g103
50;2025-12-09;5;71.28820897306721;20260927_1334_g103
50;2025-12-09;6;562.58521151822;20260927_1334_g103
50;2025-12-09;7;1809.2162579558533;20260927_1334_g103
50;2025-12-09;8;2873.8549241227324;20260927_1334_g103
50;2025-12-09;9;2252.911716382746;20260927_1334_g103
50;2025-12-09;10;1724.07494110728;20260927_1334_g103
50;2025-12-09;11;1562.5678483700651;20260927_1334_g103
50;2025-12-09;12;1476.9089653657986;20260927_1334_g103
50;2025-12-09;13;1525.330808097786;20260927_1334_g103
50;2025-12-09;14;1447.3954099512714;20260927_1334_g103
50;2025-12-09;15;1652.657454713421;20260927_1334_g103
50;2025-12-09;16;1745.2851006487617;20260927_1334_g103
50;2025-12-09;17;2418.5962046962177;20260927_1334_g103
50;2025-12-09;18;2513.80907089648;20260927_1334_g103
50;2025-12-09;19;1508.9592688514513;20260927_1334_g103
50;2025-12-09;20;938.8450581652891;20260927_1334_g103
50;2025-12-09;21;652.3426278229433;20260927_1334_g103
50;2025-12-09;22;264.47474992157913;20260927_1334_g103
50;2025-12-09;23;147.3843937584047;20260927_1334_g103
50;2025-12-10;0;26.012756708973896;20260927_1334_g103
50;2025-12-10;1;2.0385919949421423;20260927_1334_g103
50;2025-12-10;2;0.0;20260927_1334_g103
50;2025-12-10;3;0.0;20260927_1334_g103
50;2025-12-10;4;3.144046390355669;20260927_1334_g103
50;2025-12-10;5;71.16886481189135;20260927_1334_g103
50;2025-12-10;6;557.0141759663308;20260927_1334_g103
50;2025-12-10;7;1802.0235643641072;20260927_1334_g103
50;2025-12-10;8;2864.580515570584;20260927_1334_g103
50;2025-12-10;9;2240.8716578727717;20260927_1334_g103
50;2025-12-10;10;1714.583022631659;20260927_1334_g103
50;2025-12-10;11;1564.2387020659899;20260927_1334_g103
50;2025-12-10;12;1480.6973824556574;20260927_1334_g103
50;2025-12-10;13;1520.929101158266;20260927_1334_g103
50;2025-12-10;14;1441.5722793708967;20260927_1334_g103
50;2025-12-10;15;1646.6582118409247;20260927_1334_g103
50;2025-12-10;16;1739.6754192290437;20260927_1334_g103
50;2025-12-10;17;2411.0098465583055;20260927_1334_g103
50;2025-12-10;18;2511.783112754975;20260927_1334_g103
50;2025-12-10;19;1502.3007388067192;20260927_1334_g103
50;2025-12-10;20;934.4201781217145;20260927_1334_g103
50;2025-12-10;21;655.367108531062;20260927_1334_g103
50;2025-12-10;22;265.6872714333126;20260927_1334_g103
50;2025-12-10;23;147.70453142717886;20260927_1334_g103
50;2025-12-11;0;26.775687431573704;20260927_1334_g103
50;2025-12-11;1;2.0126696934253094;20260927_1334_g103
50;2025-12-11;2;0.0;20260927_1334_g103
50;2025-12-11;3;0.0;20260927_1334_g103
50;2025-12-11;4;3.1664104248455742;20260927_1334_g103
50;2025-12-11;5;70.97974187521876;20260927_1334_g103
50;2025-12-11;6;555.689641918894;20260927_1334_g103
50;2025-12-11;7;1802.2749116445007;20260927_1334_g103
50;2025-12-11;8;2868.2763727987344;20260927_1334_g103
50;2025-12-11;9;2243.7058497276585;20260927_1334_g103
50;2025-12-11;10;1719.891492958651;20260927_1334_g103
50;2025-12-11;11;1563.0655583990726;20260927_1334_g103
50;2025-12-11;12;1477.2485780484783;20260927_1334_g103
50;2025-12-11;13;1522.4878694409447;20260927_1334_g103
50;2025-12-11;14;1441.748788919022;20260927_1334_g103
50;2025-12-11;15;1647.655711948929;20260927_1334_g103
50;2025-12-11;16;1739.461488334276;20260927_1334_g103
50;2025-12-11;17;2413.594707174032;20260927_1334_g103
50;2025-12-11;18;2517.594757367723;20260927_1334_g103
50;2025-12-11;19;1507.8784896869727;20260927_1334_g103
50;2025-12-11;20;943.7497230500709;20260927_1334_g103
50;2025-12-11;21;658.1368225365399;20260927_1334_g103
50;2025-12-11;22;266.72945791425775;20260927_1334_g103
50;2025-12-11;23;148.94398242129887;20260927_1334_g103
50;2025-12-12;0;35.67629465645223;20260927_1334_g103
50;2025-12-12;1;1.4854375245598925;20260927_1334_g103
50;2025-12-12;2;0.0;20260927_1334_g103
50;2025-12-12;3;0.0;20260927_1334_g103
50;2025-12-12;4;2.4709276584510245;20260927_1334_g103
50;2025-12-12;5;68.24209380175634;20260927_1334_g103
50;2025-12-12;6;532.812225883891;20260927_1334_g103
50;2025-12-12;7;1743.4182279169074;20260927_1334_g103
50;2025-12-12;8;2692.0494170003362;20260927_1334_g103
50;2025-12-12;9;2097.634735009197;20260927_1334_g103
50;2025-12-12;10;1506.8830694457154;20260927_1334_g103
50;2025-12-12;11;1577.653926996836;20260927_1334_g103
50;2025-12-12;12;1474.6594111667353;20260927_1334_g103
50;2025-12-12;13;1481.6202071730534;20260927_1334_g103
50;2025-12-12;14;1420.0049547730812;20260927_1334_g103
50;2025-12-12;15;1726.3685737872504;20260927_1334_g103
50;2025-12-12;16;2122.682818459474;20260927_1334_g103
50;2025-12-12;17;2129.7207335636976;20260927_1334_g103
50;2025-12-12;18;1642.3674572054952;20260927_1334_g103
50;2025-12-12;19;1214.1701499908716;20260927_1334_g103
50;2025-12-12;20;835.2528837676176;20260927_1334_g103
50;2025-12-12;21;542.9188851011833;20260927_1334_g103
50;2025-12-12;22;278.85654397300084;20260927_1334_g103
50;2025-12-12;23;167.858028148657;20260927_1334_g103
50;2025-12-13;0;65.2451441699937;20260927_1334_g103
50;2025-12-13;1;6.116732265936908;20260927_1334_g103
50;2025-12-13;2;0.0;20260927_1334_g103
50;2025-12-13;3;0.0;20260927_1334_g103
50;2025-12-13;4;1.0194553776561512;20260927_1334_g103
50;2025-12-13;5;30.583661329684546;20260927_1334_g103
50;2025-12-13;6;176.32567023096468;20260927_1334_g103
50;2025-12-13;7;439.30257771672467;20260927_1334_g103
50;2025-12-13;8;657.041342194942;20260927_1334_g103
50;2025-12-13;9;756.4529401589516;20260927_1334_g103
50;2025-12-13;10;679.8381790838911;20260927_1334_g103
50;2025-12-13;11;870.4628772587932;20260927_1334_g103
50;2025-12-13;12;870.4228226001254;20260927_1334_g103
50;2025-12-13;13;885.3562919021288;20260927_1334_g103
50;2025-12-13;14;910.4669585102802;20260927_1334_g103
50;2025-12-13;15;859.342599718212;20260927_1334_g103
50;2025-12-13;16;873.3503040802457;20260927_1334_g103
50;2025-12-13;17;818.2293044113674;20260927_1334_g103
50;2025-12-13;18;753.3482540576341;20260927_1334_g103
50;2025-12-13;19;701.5352733309417;20260927_1334_g103
50;2025-12-13;20;519.2164903882818;20260927_1334_g103
50;2025-12-13;21;441.71717059319553;20260927_1334_g103
50;2025-12-13;22;263.1776841767783;20260927_1334_g103
50;2025-12-13;23;162.92778650680748;20260927_1334_g103
50;2025-12-14;0;51.833321479868474;20260927_1334_g103
50;2025-12-14;1;5.980767863061748;20260927_1334_g103
50;2025-12-14;2;0.0;20260927_1334_g103
50;2025-12-14;3;0.0;20260927_1334_g103
50;2025-12-14;4;1.0140761483943008;20260927_1334_g103
50;2025-12-14;5;27.91025002762149;20260927_1334_g103
50;2025-12-14;6;137.5263474859795;20260927_1334_g103
50;2025-12-14;7;262.80680727858413;20260927_1334_g103
50;2025-12-14;8;386.66992594046496;20260927_1334_g103
50;2025-12-14;9;475.8687823252683;20260927_1334_g103
50;2025-12-14;10;553.5438441872062;20260927_1334_g103
50;2025-12-14;11;669.2097402969105;20260927_1334_g103
50;2025-12-14;12;731.8500025691206;20260927_1334_g103
50;2025-12-14;13;809.601112921402;20260927_1334_g103
50;2025-12-14;14;833.3333322950238;20260927_1334_g103
50;2025-12-14;15;701.2594209269992;20260927_1334_g103
50;2025-12-14;16;731.0940812392769;20260927_1334_g103
50;2025-12-14;17;727.8176083025708;20260927_1334_g103
50;2025-12-14;18;696.0329196426845;20260927_1334_g103
50;2025-12-14;19;579.4475007195182;20260927_1334_g103
50;2025-12-14;20;499.97001845684906;20260927_1334_g103
50;2025-12-14;21;400.40377125180265;20260927_1334_g103
50;2025-12-14;22;207.28357432259048;20260927_1334_g103
50;2025-12-14;23;116.48273570496599;20260927_1334_g103
50;2025-12-15;0;26.056623507287473;20260927_1334_g103
50;2025-12-15;1;2.1193462087981803;20260927_1334_g103
50;2025-12-15;2;0.0;20260927_1334_g103
50;2025-12-15;3;0.0;20260927_1334_g103
50;2025-12-15;4;3.136753226165081;20260927_1334_g103
50;2025-12-15;5;70.7387688566201;20260927_1334_g103
50;2025-12-15;6;560.4264065264873;20260927_1334_g103
50;2025-12-15;7;1803.2895395398934;20260927_1334_g103
50;2025-12-15;8;2871.7305504358264;20260927_1334_g103
50;2025-12-15;9;2247.265915163428;20260927_1334_g103
50;2025-12-15;10;1712.1662350875024;20260927_1334_g103
50;2025-12-15;11;1559.5455829544437;20260927_1334_g103
50;2025-12-15;12;1470.7972179697704;20260927_1334_g103
50;2025-12-15;13;1518.758190738256;20260927_1334_g103
50;2025-12-15;14;1440.73438767267;20260927_1334_g103
50;2025-12-15;15;1646.4631196728599;20260927_1334_g103
50;2025-12-15;16;1736.1451265135977;20260927_1334_g103
50;2025-12-15;17;2412.937434455887;20260927_1334_g103
50;2025-12-15;18;2513.8407630518495;20260927_1334_g103
50;2025-12-15;19;1496.1630946523655;20260927_1334_g103
50;2025-12-15;20;931.2657503596383;20260927_1334_g103
50;2025-12-15;21;652.4685124688066;20260927_1334_g103
50;2025-12-15;22;263.7614085024142;20260927_1334_g103
50;2025-12-15;23;146.27852479573917;20260927_1334_g103
50;2025-12-16;0;27.22020090107215;20260927_1334_g103
50;2025-12-16;1;2.0649297246965483;20260927_1334_g103
50;2025-12-16;2;0.0;20260927_1334_g103
50;2025-12-16;3;0.0;20260927_1334_g103
50;2025-12-16;4;3.1236813761165276;20260927_1334_g103
50;2025-12-16;5;71.28820897306721;20260927_1334_g103
50;2025-12-16;6;562.58521151822;20260927_1334_g103
50;2025-12-16;7;1809.2162579558533;20260927_1334_g103
50;2025-12-16;8;2873.8549241227324;20260927_1334_g103
50;2025-12-16;9;2252.911716382746;20260927_1334_g103
50;2025-12-16;10;1724.07494110728;20260927_1334_g103
50;2025-12-16;11;1562.5678483700651;20260927_1334_g103
50;2025-12-16;12;1476.9089653657986;20260927_1334_g103
50;2025-12-16;13;1525.330808097786;20260927_1334_g103
50;2025-12-16;14;1447.3954099512714;20260927_1334_g103
50;2025-12-16;15;1652.657454713421;20260927_1334_g103
50;2025-12-16;16;1745.2851006487617;20260927_1334_g103
50;2025-12-16;17;2418.5962046962177;20260927_1334_g103
50;2025-12-16;18;2513.80907089648;20260927_1334_g103
50;2025-12-16;19;1508.9592688514513;20260927_1334_g103
50;2025-12-16;20;938.8450581652891;20260927_1334_g103
50;2025-12-16;21;652.3426278229433;20260927_1334_g103
50;2025-12-16;22;264.47474992157913;20260927_1334_g103
50;2025-12-16;23;147.3843937584047;20260927_1334_g103
50;2025-12-17;0;26.012756708973896;20260927_1334_g103
50;2025-12-17;1;2.0385919949421423;20260927_1334_g103
50;2025-12-17;2;0.0;20260927_1334_g103
50;2025-12-17;3;0.0;20260927_1334_g103
50;2025-12-17;4;3.144046390355669;20260927_1334_g103
50;2025-12-17;5;71.16886481189135;20260927_1334_g103
50;2025-12-17;6;557.0141759663308;20260927_1334_g103
50;2025-12-17;7;1802.0235643641072;20260927_1334_g103
50;2025-12-17;8;2864.580515570584;20260927_1334_g103
50;2025-12-17;9;2240.8716578727717;20260927_1334_g103
50;2025-12-17;10;1714.583022631659;20260927_1334_g103
50;2025-12-17;11;1564.2387020659899;20260927_1334_g103
50;2025-12-17;12;1480.6973824556574;20260927_1334_g103
50;2025-12-17;13;1520.929101158266;20260927_1334_g103
50;2025-12-17;14;1441.5722793708967;20260927_1334_g103
50;2025-12-17;15;1646.6582118409247;20260927_1334_g103
50;2025-12-17;16;1739.6754192290437;20260927_1334_g103
50;2025-12-17;17;2411.0098465583055;20260927_1334_g103
50;2025-12-17;18;2511.783112754975;20260927_1334_g103
50;2025-12-17;19;1502.3007388067192;20260927_1334_g103
50;2025-12-17;20;934.4201781217145;20260927_1334_g103
50;2025-12-17;21;655.367108531062;20260927_1334_g103
50;2025-12-17;22;265.6872714333126;20260927_1334_g103
50;2025-12-17;23;147.70453142717886;20260927_1334_g103
50;2025-12-18;0;26.775687431573704;20260927_1334_g103
50;2025-12-18;1;2.0126696934253094;20260927_1334_g103
50;2025-12-18;2;0.0;20260927_1334_g103
50;2025-12-18;3;0.0;20260927_1334_g103
50;2025-12-18;4;3.1664104248455742;20260927_1334_g103
50;2025-12-18;5;70.97974187521876;20260927_1334_g103
50;2025-12-18;6;555.689641918894;20260927_1334_g103
50;2025-12-18;7;1802.2749116445007;20260927_1334_g103
50;2025-12-18;8;2868.2763727987344;20260927_1334_g103
50;2025-12-18;9;2243.7058497276585;20260927_1334_g103
50;2025-12-18;10;1719.891492958651;20260927_1334_g103
50;2025-12-18;11;1563.0655583990726;20260927_1334_g103
50;2025-12-18;12;1477.2485780484783;20260927_1334_g103
50;2025-12-18;13;1522.4878694409447;20260927_1334_g103
50;2025-12-18;14;1441.748788919022;20260927_1334_g103
50;2025-12-18;15;1647.655711948929;20260927_1334_g103
50;2025-12-18;16;1739.461488334276;20260927_1334_g103
50;2025-12-18;17;2413.594707174032;20260927_1334_g103
50;2025-12-18;18;2517.594757367723;20260927_1334_g103
50;2025-12-18;19;1507.8784896869727;20260927_1334_g103
50;2025-12-18;20;943.7497230500709;20260927_1334_g103
50;2025-12-18;21;658.1368225365399;20260927_1334_g103
50;2025-12-18;22;266.72945791425775;20260927_1334_g103
50;2025-12-18;23;148.94398242129887;20260927_1334_g103
50;2025-12-19;0;35.67629465645223;20260927_1334_g103
50;2025-12-19;1;1.4854375245598925;20260927_1334_g103
50;2025-12-19;2;0.0;20260927_1334_g103
50;2025-12-19;3;0.0;20260927_1334_g103
50;2025-12-19;4;2.4709276584510245;20260927_1334_g103
50;2025-12-19;5;68.24209380175634;20260927_1334_g103
50;2025-12-19;6;532.812225883891;20260927_1334_g103
50;2025-12-19;7;1743.4182279169074;20260927_1334_g103
50;2025-12-19;8;2692.0494170003362;20260927_1334_g103
50;2025-12-19;9;2097.634735009197;20260927_1334_g103
50;2025-12-19;10;1506.8830694457154;20260927_1334_g103
50;2025-12-19;11;1577.653926996836;20260927_1334_g103
50;2025-12-19;12;1474.6594111667353;20260927_1334_g103
50;2025-12-19;13;1481.6202071730534;20260927_1334_g103
50;2025-12-19;14;1420.0049547730812;20260927_1334_g103
50;2025-12-19;15;1726.3685737872504;20260927_1334_g103
50;2025-12-19;16;2122.682818459474;20260927_1334_g103
50;2025-12-19;17;2129.7207335636976;20260927_1334_g103
50;2025-12-19;18;1642.3674572054952;20260927_1334_g103
50;2025-12-19;19;1214.1701499908716;20260927_1334_g103
50;2025-12-19;20;835.2528837676176;20260927_1334_g103
50;2025-12-19;21;542.9188851011833;20260927_1334_g103
50;2025-12-19;22;278.85654397300084;20260927_1334_g103
50;2025-12-19;23;167.858028148657;20260927_1334_g103
50;2025-12-20;0;65.2451441699937;20260927_1334_g103
50;2025-12-20;1;6.116732265936908;20260927_1334_g103
50;2025-12-20;2;0.0;20260927_1334_g103
50;2025-12-20;3;0.0;20260927_1334_g103
50;2025-12-20;4;1.0194553776561512;20260927_1334_g103
50;2025-12-20;5;30.583661329684546;20260927_1334_g103
50;2025-12-20;6;176.32567023096468;20260927_1334_g103
50;2025-12-20;7;439.30257771672467;20260927_1334_g103
50;2025-12-20;8;657.041342194942;20260927_1334_g103
50;2025-12-20;9;756.4529401589516;20260927_1334_g103
50;2025-12-20;10;679.8381790838911;20260927_1334_g103
50;2025-12-20;11;870.4628772587932;20260927_1334_g103
50;2025-12-20;12;870.4228226001254;20260927_1334_g103
50;2025-12-20;13;885.3562919021288;20260927_1334_g103
50;2025-12-20;14;910.4669585102802;20260927_1334_g103
50;2025-12-20;15;859.342599718212;20260927_1334_g103
50;2025-12-20;16;873.3503040802457;20260927_1334_g103
50;2025-12-20;17;818.2293044113674;20260927_1334_g103
50;2025-12-20;18;753.3482540576341;20260927_1334_g103
50;2025-12-20;19;701.5352733309417;20260927_1334_g103
50;2025-12-20;20;519.2164903882818;20260927_1334_g103
50;2025-12-20;21;441.71717059319553;20260927_1334_g103
50;2025-12-20;22;263.1776841767783;20260927_1334_g103
50;2025-12-20;23;162.92778650680748;20260927_1334_g103
50;2025-12-21;0;51.833321479868474;20260927_1334_g103
50;2025-12-21;1;5.980767863061748;20260927_1334_g103
50;2025-12-21;2;0.0;20260927_1334_g103
50;2025-12-21;3;0.0;20260927_1334_g103
50;2025-12-21;4;1.0140761483943008;20260927_1334_g103
50;2025-12-21;5;27.91025002762149;20260927_1334_g103
50;2025-12-21;6;137.5263474859795;20260927_1334_g103
50;2025-12-21;7;262.80680727858413;20260927_1334_g103
50;2025-12-21;8;386.66992594046496;20260927_1334_g103
50;2025-12-21;9;475.8687823252683;20260927_1334_g103
50;2025-12-21;10;553.5438441872062;20260927_1334_g103
50;2025-12-21;11;669.2097402969105;20260927_1334_g103
50;2025-12-21;12;731.8500025691206;20260927_1334_g103
50;2025-12-21;13;809.601112921402;20260927_1334_g103
50;2025-12-21;14;833.3333322950238;20260927_1334_g103
50;2025-12-21;15;701.2594209269992;20260927_1334_g103
50;2025-12-21;16;731.0940812392769;20260927_1334_g103
50;2025-12-21;17;727.8176083025708;20260927_1334_g103
50;2025-12-21;18;696.0329196426845;20260927_1334_g103
50;2025-12-21;19;579.4475007195182;20260927_1334_g103
50;2025-12-21;20;499.97001845684906;20260927_1334_g103
50;2025-12-21;21;400.40377125180265;20260927_1334_g103
50;2025-12-21;22;207.28357432259048;20260927_1334_g103
50;2025-12-21;23;116.48273570496599;20260927_1334_g103
50;2025-12-22;0;26.056623507287473;20260927_1334_g103
50;2025-12-22;1;2.1193462087981803;20260927_1334_g103
50;2025-12-22;2;0.0;20260927_1334_g103
50;2025-12-22;3;0.0;20260927_1334_g103
50;2025-12-22;4;3.136753226165081;20260927_1334_g103
50;2025-12-22;5;70.7387688566201;20260927_1334_g103
50;2025-12-22;6;560.4264065264873;20260927_1334_g103
50;2025-12-22;7;1803.2895395398934;20260927_1334_g103
50;2025-12-22;8;2871.7305504358264;20260927_1334_g103
50;2025-12-22;9;2247.265915163428;20260927_1334_g103
50;2025-12-22;10;1712.1662350875024;20260927_1334_g103
50;2025-12-22;11;1559.5455829544437;20260927_1334_g103
50;2025-12-22;12;1470.7972179697704;20260927_1334_g103
50;2025-12-22;13;1518.758190738256;20260927_1334_g103
50;2025-12-22;14;1440.73438767267;20260927_1334_g103
50;2025-12-22;15;1646.4631196728599;20260927_1334_g103
50;2025-12-22;16;1736.1451265135977;20260927_1334_g103
50;2025-12-22;17;2412.937434455887;20260927_1334_g103
50;2025-12-22;18;2513.8407630518495;20260927_1334_g103
50;2025-12-22;19;1496.1630946523655;20260927_1334_g103
50;2025-12-22;20;931.2657503596383;20260927_1334_g103
50;2025-12-22;21;652.4685124688066;20260927_1334_g103
50;2025-12-22;22;263.7614085024142;20260927_1334_g103
50;2025-12-22;23;146.27852479573917;20260927_1334_g103
50;2025-12-23;0;27.22020090107215;20260927_1334_g103
50;2025-12-23;1;2.0649297246965483;20260927_1334_g103
50;2025-12-23;2;0.0;20260927_1334_g103
50;2025-12-23;3;0.0;20260927_1334_g103
50;2025-12-23;4;3.1236813761165276;20260927_1334_g103
50;2025-12-23;5;71.28820897306721;20260927_1334_g103
50;2025-12-23;6;562.58521151822;20260927_1334_g103
50;2025-12-23;7;1809.2162579558533;20260927_1334_g103
50;2025-12-23;8;2873.8549241227324;20260927_1334_g103
50;2025-12-23;9;2252.911716382746;20260927_1334_g103
50;2025-12-23;10;1724.07494110728;20260927_1334_g103
50;2025-12-23;11;1562.5678483700651;20260927_1334_g103
50;2025-12-23;12;1476.9089653657986;20260927_1334_g103
50;2025-12-23;13;1525.330808097786;20260927_1334_g103
50;2025-12-23;14;1447.3954099512714;20260927_1334_g103
50;2025-12-23;15;1652.657454713421;20260927_1334_g103
50;2025-12-23;16;1745.2851006487617;20260927_1334_g103
50;2025-12-23;17;2418.5962046962177;20260927_1334_g103
50;2025-12-23;18;2513.80907089648;20260927_1334_g103
50;2025-12-23;19;1508.9592688514513;20260927_1334_g103
50;2025-12-23;20;938.8450581652891;20260927_1334_g103
50;2025-12-23;21;652.3426278229433;20260927_1334_g103
50;2025-12-23;22;264.47474992157913;20260927_1334_g103
50;2025-12-23;23;147.3843937584047;20260927_1334_g103
50;2025-12-24;0;26.012756708973896;20260927_1334_g103
50;2025-12-24;1;2.0385919949421423;20260927_1334_g103
50;2025-12-24;2;0.0;20260927_1334_g103
50;2025-12-24;3;0.0;20260927_1334_g103
50;2025-12-24;4;3.144046390355669;20260927_1334_g103
50;2025-12-24;5;71.16886481189135;20260927_1334_g103
50;2025-12-24;6;557.0141759663308;20260927_1334_g103
50;2025-12-24;7;1802.0235643641072;20260927_1334_g103
50;2025-12-24;8;2864.580515570584;20260927_1334_g103
50;2025-12-24;9;2240.8716578727717;20260927_1334_g103
50;2025-12-24;10;1714.583022631659;20260927_1334_g103
50;2025-12-24;11;1564.2387020659899;20260927_1334_g103
50;2025-12-24;12;1480.6973824556574;20260927_1334_g103
50;2025-12-24;13;1520.929101158266;20260927_1334_g103
50;2025-12-24;14;1441.5722793708967;20260927_1334_g103
50;2025-12-24;15;1646.6582118409247;20260927_1334_g103
50;2025-12-24;16;1739.6754192290437;20260927_1334_g103
50;2025-12-24;17;2411.0098465583055;20260927_1334_g103
50;2025-12-24;18;2511.783112754975;20260927_1334_g103
50;2025-12-24;19;1502.3007388067192;20260927_1334_g103
50;2025-12-24;20;934.4201781217145;20260927_1334_g103
50;2025-12-24;21;655.367108531062;20260927_1334_g103
50;2025-12-24;22;265.6872714333126;20260927_1334_g103
50;2025-12-24;23;147.70453142717886;20260927_1334_g103
50;2025-12-25;0;26.775687431573704;20260927_1334_g103
50;2025-12-25;1;2.0126696934253094;20260927_1334_g103
50;2025-12-25;2;0.0;20260927_1334_g103
50;2025-12-25;3;0.0;20260927_1334_g103
50;2025-12-25;4;3.1664104248455742;20260927_1334_g103
50;2025-12-25;5;70.97974187521876;20260927_1334_g103
50;2025-12-25;6;555.689641918894;20260927_1334_g103
50;2025-12-25;7;1802.2749116445007;20260927_1334_g103
50;2025-12-25;8;2868.2763727987344;20260927_1334_g103
50;2025-12-25;9;2243.7058497276585;20260927_1334_g103
50;2025-12-25;10;1719.891492958651;20260927_1334_g103
50;2025-12-25;11;1563.0655583990726;20260927_1334_g103
50;2025-12-25;12;1477.2485780484783;20260927_1334_g103
50;2025-12-25;13;1522.4878694409447;20260927_1334_g103
50;2025-12-25;14;1441.748788919022;20260927_1334_g103
50;2025-12-25;15;1647.655711948929;20260927_1334_g103
50;2025-12-25;16;1739.461488334276;20260927_1334_g103
50;2025-12-25;17;2413.594707174032;20260927_1334_g103
50;2025-12-25;18;2517.594757367723;20260927_1334_g103
50;2025-12-25;19;1507.8784896869727;20260927_1334_g103
50;2025-12-25;20;943.7497230500709;20260927_1334_g103
50;2025-12-25;21;658.1368225365399;20260927_1334_g103
50;2025-12-25;22;266.72945791425775;20260927_1334_g103
50;2025-12-25;23;148.94398242129887;20260927_1334_g103
50;2025-12-26;0;35.67629465645223;20260927_1334_g103
50;2025-12-26;1;1.4854375245598925;20260927_1334_g103
50;2025-12-26;2;0.0;20260927_1334_g103
50;2025-12-26;3;0.0;20260927_1334_g103
50;2025-12-26;4;2.4709276584510245;20260927_1334_g103
50;2025-12-26;5;68.24209380175634;20260927_1334_g103
50;2025-12-26;6;532.812225883891;20260927_1334_g103
50;2025-12-26;7;1743.4182279169074;20260927_1334_g103
50;2025-12-26;8;2692.0494170003362;20260927_1334_g103
50;2025-12-26;9;2097.634735009197;20260927_1334_g103
50;2025-12-26;10;1506.8830694457154;20260927_1334_g103
50;2025-12-26;11;1577.653926996836;20260927_1334_g103
50;2025-12-26;12;1474.6594111667353;20260927_1334_g103
50;2025-12-26;13;1481.6202071730534;20260927_1334_g103
50;2025-12-26;14;1420.0049547730812;20260927_1334_g103
50;2025-12-26;15;1726.3685737872504;20260927_1334_g103
50;2025-12-26;16;2122.682818459474;20260927_1334_g103
50;2025-12-26;17;2129.7207335636976;20260927_1334_g103
50;2025-12-26;18;1642.3674572054952;20260927_1334_g103
50;2025-12-26;19;1214.1701499908716;20260927_1334_g103
50;2025-12-26;20;835.2528837676176;20260927_1334_g103
50;2025-12-26;21;542.9188851011833;20260927_1334_g103
50;2025-12-26;22;278.85654397300084;20260927_1334_g103
50;2025-12-26;23;167.858028148657;20260927_1334_g103
50;2025-12-27;0;65.2451441699937;20260927_1334_g103
50;2025-12-27;1;6.116732265936908;20260927_1334_g103
50;2025-12-27;2;0.0;20260927_1334_g103
50;2025-12-27;3;0.0;20260927_1334_g103
50;2025-12-27;4;1.0194553776561512;20260927_1334_g103
50;2025-12-27;5;30.583661329684546;20260927_1334_g103
50;2025-12-27;6;176.32567023096468;20260927_1334_g103
50;2025-12-27;7;439.30257771672467;20260927_1334_g103
50;2025-12-27;8;657.041342194942;20260927_1334_g103
50;2025-12-27;9;756.4529401589516;20260927_1334_g103
50;2025-12-27;10;679.8381790838911;20260927_1334_g103
50;2025-12-27;11;870.4628772587932;20260927_1334_g103
50;2025-12-27;12;870.4228226001254;20260927_1334_g103
50;2025-12-27;13;885.3562919021288;20260927_1334_g103
50;2025-12-27;14;910.4669585102802;20260927_1334_g103
50;2025-12-27;15;859.342599718212;20260927_1334_g103
50;2025-12-27;16;873.3503040802457;20260927_1334_g103
50;2025-12-27;17;818.2293044113674;20260927_1334_g103
50;2025-12-27;18;753.3482540576341;20260927_1334_g103
50;2025-12-27;19;701.5352733309417;20260927_1334_g103
50;2025-12-27;20;519.2164903882818;20260927_1334_g103
50;2025-12-27;21;441.71717059319553;20260927_1334_g103
50;2025-12-27;22;263.1776841767783;20260927_1334_g103
50;2025-12-27;23;162.92778650680748;20260927_1334_g103
50;2025-12-28;0;51.833321479868474;20260927_1334_g103
50;2025-12-28;1;5.980767863061748;20260927_1334_g103
50;2025-12-28;2;0.0;20260927_1334_g103
50;2025-12-28;3;0.0;20260927_1334_g103
50;2025-12-28;4;1.0140761483943008;20260927_1334_g103
50;2025-12-28;5;27.91025002762149;20260927_1334_g103
50;2025-12-28;6;137.5263474859795;20260927_1334_g103
50;2025-12-28;7;262.82284871773595;20260927_1334_g103
50;2025-12-28;8;386.667017807506;20260927_1334_g103
50;2025-12-28;9;396.12158665037305;20260927_1334_g103
50;2025-12-28;10;461.0920793986124;20260927_1334_g103
50;2025-12-28;11;557.9749444830052;20260927_1334_g103
50;2025-12-28;12;610.4266841698541;20260927_1334_g103
50;2025-12-28;13;809.326567768428;20260927_1334_g103
50;2025-12-28;14;832.773506416312;20260927_1334_g103
50;2025-12-28;15;701.1738764161079;20260927_1334_g103
50;2025-12-28;16;731.6738047871124;20260927_1334_g103
50;2025-12-28;17;728.5774102542082;20260927_1334_g103
50;2025-12-28;18;695.9258124428603;20260927_1334_g103
50;2025-12-28;19;579.4002675791209;20260927_1334_g103
50;2025-12-28;20;499.8715723338166;20260927_1334_g103
50;2025-12-28;21;400.4033874344902;20260927_1334_g103
50;2025-12-28;22;207.28733187150854;20260927_1334_g103
50;2025-12-28;23;116.48273570496599;20260927_1334_g103
50;2025-12-29;0;23.399465125654057;20260927_1334_g103
50;2025-12-29;1;1.9032230975011202;20260927_1334_g103
50;2025-12-29;2;0.0;20260927_1334_g103
50;2025-12-29;3;0.0;20260927_1334_g103
50;2025-12-29;4;2.816878698919096;20260927_1334_g103
50;2025-12-29;5;63.525090057399346;20260927_1334_g103
50;2025-12-29;6;503.27618815786144;20260927_1334_g103
50;2025-12-29;7;1619.3967219167594;20260927_1334_g103
50;2025-12-29;8;2578.882058391216;20260927_1334_g103
50;2025-12-29;9;2018.0980239143746;20260927_1334_g103
50;2025-12-29;10;1537.5658360357954;20260927_1334_g103
50;2025-12-29;11;1400.508875219545;20260927_1334_g103
50;2025-12-29;12;1320.8107412369561;20260927_1334_g103
50;2025-12-29;13;1363.880830858305;20260927_1334_g103
50;2025-12-29;14;1293.8136075170512;20260927_1334_g103
50;2025-12-29;15;1478.562882051302;20260927_1334_g103
50;2025-12-29;16;1559.099448536273;20260927_1334_g103
50;2025-12-29;17;2166.8749725821026;20260927_1334_g103
50;2025-12-29;18;2257.488551808255;20260927_1334_g103
50;2025-12-29;19;1343.589899351975;20260927_1334_g103
50;2025-12-29;20;836.2987031747192;20260927_1334_g103
50;2025-12-29;21;585.9321795408856;20260927_1334_g103
50;2025-12-29;22;236.8639926819181;20260927_1334_g103
50;2025-12-29;23;131.36158023823495;20260927_1334_g103
50;2025-12-30;0;24.444385187505095;20260927_1334_g103
50;2025-12-30;1;1.85435580578772;20260927_1334_g103
50;2025-12-30;2;0.0;20260927_1334_g103
50;2025-12-30;3;0.0;20260927_1334_g103
50;2025-12-30;4;2.805139867936127;20260927_1334_g103
50;2025-12-30;5;64.01850029682825;20260927_1334_g103
50;2025-12-30;6;505.21484617711747;20260927_1334_g103
50;2025-12-30;7;1624.7190554433973;20260927_1334_g103
50;2025-12-30;8;2580.7897962831466;20260927_1334_g103
50;2025-12-30;9;2023.1680871442043;20260927_1334_g103
50;2025-12-30;10;1548.260136128957;20260927_1334_g103
50;2025-12-30;11;1403.2229411526669;20260927_1334_g103
50;2025-12-30;12;1326.2992351705682;20260927_1334_g103
50;2025-12-30;13;1369.7831969359966;20260927_1334_g103
50;2025-12-30;14;1299.7953633061597;20260927_1334_g103
50;2025-12-30;15;1484.125541645999;20260927_1334_g103
50;2025-12-30;16;1567.3073618127319;20260927_1334_g103
50;2025-12-30;17;2171.956682300005;20260927_1334_g103
50;2025-12-30;18;2257.460091502026;20260927_1334_g103
50;2025-12-30;19;1355.081166892052;20260927_1334_g103
50;2025-12-30;20;843.1051011190008;20260927_1334_g103
50;2025-12-30;21;585.8191321470085;20260927_1334_g103
50;2025-12-30;22;237.50459017359876;20260927_1334_g103
50;2025-12-30;23;132.35467676197285;20260927_1334_g103
50;2025-12-31;0;49.33444198564587;20260927_1334_g103
50;2025-12-31;1;5.693580544589218;20260927_1334_g103
50;2025-12-31;2;0.0;20260927_1334_g103
50;2025-12-31;3;0.0;20260927_1334_g103
50;2025-12-31;4;1.014705561480721;20260927_1334_g103
50;2025-12-31;5;28.338528999987208;20260927_1334_g103
50;2025-12-31;6;139.7429234783593;20260927_1334_g103
50;2025-12-31;7;267.595909907207;20260927_1334_g103
50;2025-12-31;8;390.668117000121;20260927_1334_g103
50;2025-12-31;9;478.71825526894605;20260927_1334_g103
50;2025-12-31;10;552.0377826056886;20260927_1334_g103
50;2025-12-31;11;656.4954257461458;20260927_1334_g103
50;2025-12-31;12;717.8615746676048;20260927_1334_g103
50;2025-12-31;13;795.0089828364466;20260927_1334_g103
50;2025-12-31;14;818.9162151892176;20260927_1334_g103
50;2025-12-31;15;688.9563202283124;20260927_1334_g103
50;2025-12-31;16;718.4723184919497;20260927_1334_g103
50;2025-12-31;17;720.2685709845111;20260927_1334_g103
50;2025-12-31;18;691.0656668430894;20260927_1334_g103
50;2025-12-31;19;580.0342834095048;20260927_1334_g103
50;2025-12-31;20;503.14605666917663;20260927_1334_g103
50;2025-12-31;21;404.01407216512644;20260927_1334_g103
50;2025-12-31;22;209.17895865286752;20260927_1334_g103
50;2025-12-31;23;118.23827997193943;20260927_1334_g103
