route;date;hour;prediction
1;2025-11-01;0;2
1;2025-11-01;1;0
1;2025-11-01;2;0
1;2025-11-01;3;0
1;2025-11-01;4;4
1;2025-11-01;5;84
1;2025-11-01;6;335
1;2025-11-01;7;877
1;2025-11-01;8;1168
1;2025-11-01;9;1201
1;2025-11-01;10;1121
1;2025-11-01;11;1113
1;2025-11-01;12;1191
1;2025-11-01;13;1236
1;2025-11-01;14;1157
1;2025-11-01;15;1212
1;2025-11-01;16;1235
1;2025-11-01;17;1407
1;2025-11-01;18;1443
1;2025-11-01;19;1116
1;2025-11-01;20;702
1;2025-11-01;21;361
1;2025-11-01;22;179
1;2025-11-01;23;30
1;2025-11-02;0;0
1;2025-11-02;1;0
1;2025-11-02;2;0
1;2025-11-02;3;0
1;2025-11-02;4;0
1;2025-11-02;5;23
1;2025-11-02;6;119
1;2025-11-02;7;256
1;2025-11-02;8;362
1;2025-11-02;9;602
1;2025-11-02;10;687
1;2025-11-02;11;686
1;2025-11-02;12;775
1;2025-11-02;13;809
1;2025-11-02;14;742
1;2025-11-02;15;660
1;2025-11-02;16;609
1;2025-11-02;17;554
1;2025-11-02;18;514
1;2025-11-02;19;443
1;2025-11-02;20;327
1;2025-11-02;21;253
1;2025-11-02;22;94
1;2025-11-02;23;29
1;2025-11-03;0;0
1;2025-11-03;1;0
1;2025-11-03;2;0
1;2025-11-03;3;0
1;2025-11-03;4;0
1;2025-11-03;5;24
1;2025-11-03;6;114
1;2025-11-03;7;230
1;2025-11-03;8;311
1;2025-11-03;9;498
1;2025-11-03;10;544
1;2025-11-03;11;520
1;2025-11-03;12;609
1;2025-11-03;13;640
1;2025-11-03;14;556
1;2025-11-03;15;525
1;2025-11-03;16;510
1;2025-11-03;17;474
1;2025-11-03;18;489
1;2025-11-03;19;427
1;2025-11-03;20;320
1;2025-11-03;21;225
1;2025-11-03;22;94
1;2025-11-03;23;27
1;2025-11-04;0;0
1;2025-11-04;1;0
1;2025-11-04;2;0
1;2025-11-04;3;0
1;2025-11-04;4;0
1;2025-11-04;5;23
1;2025-11-04;6;115
1;2025-11-04;7;234
1;2025-11-04;8;310
1;2025-11-04;9;491
1;2025-11-04;10;539
1;2025-11-04;11;512
1;2025-11-04;12;597
1;2025-11-04;13;628
1;2025-11-04;14;541
1;2025-11-04;15;510
1;2025-11-04;16;490
1;2025-11-04;17;470
1;2025-11-04;18;468
1;2025-11-04;19;425
1;2025-11-04;20;319
1;2025-11-04;21;224
1;2025-11-04;22;92
1;2025-11-04;23;27
1;2025-11-05;0;2
1;2025-11-05;1;0
1;2025-11-05;2;0
1;2025-11-05;3;0
1;2025-11-05;4;7
1;2025-11-05;5;129
1;2025-11-05;6;501
1;2025-11-05;7;1515
1;2025-11-05;8;2039
1;2025-11-05;9;1545
1;2025-11-05;10;1423
1;2025-11-05;11;1394
1;2025-11-05;12;1449
1;2025-11-05;13;1471
1;2025-11-05;14;1388
1;2025-11-05;15;1499
1;2025-11-05;16;1540
1;2025-11-05;17;1807
1;2025-11-05;18;1848
1;2025-11-05;19;1408
1;2025-11-05;20;905
1;2025-11-05;21;483
1;2025-11-05;22;220
1;2025-11-05;23;37
1;2025-11-06;0;2
1;2025-11-06;1;0
1;2025-11-06;2;0
1;2025-11-06;3;0
1;2025-11-06;4;7
1;2025-11-06;5;122
1;2025-11-06;6;495
1;2025-11-06;7;1539
1;2025-11-06;8;2033
1;2025-11-06;9;1555
1;2025-11-06;10;1426
1;2025-11-06;11;1398
1;2025-11-06;12;1453
1;2025-11-06;13;1480
1;2025-11-06;14;1404
1;2025-11-06;15;1505
1;2025-11-06;16;1559
1;2025-11-06;17;1834
1;2025-11-06;18;1876
1;2025-11-06;19;1408
1;2025-11-06;20;915
1;2025-11-06;21;467
1;2025-11-06;22;224
1;2025-11-06;23;38
1;2025-11-07;0;5
1;2025-11-07;1;0
1;2025-11-07;2;0
1;2025-11-07;3;0
1;2025-11-07;4;7
1;2025-11-07;5;135
1;2025-11-07;6;481
1;2025-11-07;7;1471
1;2025-11-07;8;1879
1;2025-11-07;9;1476
1;2025-11-07;10;1333
1;2025-11-07;11;1403
1;2025-11-07;12;1390
1;2025-11-07;13;1423
1;2025-11-07;14;1355
1;2025-11-07;15;1484
1;2025-11-07;16;1609
1;2025-11-07;17;1777
1;2025-11-07;18;1499
1;2025-11-07;19;1215
1;2025-11-07;20;786
1;2025-11-07;21;475
1;2025-11-07;22;192
1;2025-11-07;23;41
1;2025-11-08;0;4
1;2025-11-08;1;0
1;2025-11-08;2;0
1;2025-11-08;3;0
1;2025-11-08;4;0
1;2025-11-08;5;34
1;2025-11-08;6;177
1;2025-11-08;7;388
1;2025-11-08;8;541
1;2025-11-08;9;866
1;2025-11-08;10;993
1;2025-11-08;11;869
1;2025-11-08;12;1062
1;2025-11-08;13;1150
1;2025-11-08;14;1026
1;2025-11-08;15;898
1;2025-11-08;16;829
1;2025-11-08;17;788
1;2025-11-08;18;715
1;2025-11-08;19;662
1;2025-11-08;20;461
1;2025-11-08;21;320
1;2025-11-08;22;128
1;2025-11-08;23;26
1;2025-11-09;0;0
1;2025-11-09;1;0
1;2025-11-09;2;0
1;2025-11-09;3;0
1;2025-11-09;4;0
1;2025-11-09;5;23
1;2025-11-09;6;119
1;2025-11-09;7;256
1;2025-11-09;8;362
1;2025-11-09;9;602
1;2025-11-09;10;687
1;2025-11-09;11;686
1;2025-11-09;12;775
1;2025-11-09;13;809
1;2025-11-09;14;742
1;2025-11-09;15;660
1;2025-11-09;16;609
1;2025-11-09;17;554
1;2025-11-09;18;514
1;2025-11-09;19;443
1;2025-11-09;20;327
1;2025-11-09;21;253
1;2025-11-09;22;94
1;2025-11-09;23;29
1;2025-11-10;0;1
1;2025-11-10;1;0
1;2025-11-10;2;0
1;2025-11-10;3;0
1;2025-11-10;4;8
1;2025-11-10;5;133
1;2025-11-10;6;500
1;2025-11-10;7;1512
1;2025-11-10;8;2013
1;2025-11-10;9;1548
1;2025-11-10;10;1382
1;2025-11-10;11;1363
1;2025-11-10;12;1440
1;2025-11-10;13;1475
1;2025-11-10;14;1396
1;2025-11-10;15;1507
1;2025-11-10;16;1570
1;2025-11-10;17;1840
1;2025-11-10;18;1922
1;2025-11-10;19;1453
1;2025-11-10;20;913
1;2025-11-10;21;460
1;2025-11-10;22;218
1;2025-11-10;23;40
1;2025-11-11;0;2
1;2025-11-11;1;0
1;2025-11-11;2;0
1;2025-11-11;3;0
1;2025-11-11;4;8
1;2025-11-11;5;121
1;2025-11-11;6;513
1;2025-11-11;7;1584
1;2025-11-11;8;2021
1;2025-11-11;9;1565
1;2025-11-11;10;1426
1;2025-11-11;11;1402
1;2025-11-11;12;1436
1;2025-11-11;13;1466
1;2025-11-11;14;1366
1;2025-11-11;15;1472
1;2025-11-11;16;1530
1;2025-11-11;17;1819
1;2025-11-11;18;1853
1;2025-11-11;19;1433
1;2025-11-11;20;895
1;2025-11-11;21;478
1;2025-11-11;22;216
1;2025-11-11;23;39
1;2025-11-12;0;2
1;2025-11-12;1;0
1;2025-11-12;2;0
1;2025-11-12;3;0
1;2025-11-12;4;7
1;2025-11-12;5;129
1;2025-11-12;6;501
1;2025-11-12;7;1515
1;2025-11-12;8;2039
1;2025-11-12;9;1545
1;2025-11-12;10;1423
1;2025-11-12;11;1394
1;2025-11-12;12;1449
1;2025-11-12;13;1471
1;2025-11-12;14;1388
1;2025-11-12;15;1499
1;2025-11-12;16;1540
1;2025-11-12;17;1807
1;2025-11-12;18;1848
1;2025-11-12;19;1408
1;2025-11-12;20;905
1;2025-11-12;21;483
1;2025-11-12;22;220
1;2025-11-12;23;37
1;2025-11-13;0;2
1;2025-11-13;1;0
1;2025-11-13;2;0
1;2025-11-13;3;0
1;2025-11-13;4;7
1;2025-11-13;5;122
1;2025-11-13;6;495
1;2025-11-13;7;1539
1;2025-11-13;8;2033
1;2025-11-13;9;1555
1;2025-11-13;10;1426
1;2025-11-13;11;1398
1;2025-11-13;12;1453
1;2025-11-13;13;1480
1;2025-11-13;14;1404
1;2025-11-13;15;1505
1;2025-11-13;16;1559
1;2025-11-13;17;1834
1;2025-11-13;18;1876
1;2025-11-13;19;1408
1;2025-11-13;20;915
1;2025-11-13;21;467
1;2025-11-13;22;224
1;2025-11-13;23;38
1;2025-11-14;0;5
1;2025-11-14;1;0
1;2025-11-14;2;0
1;2025-11-14;3;0
1;2025-11-14;4;7
1;2025-11-14;5;135
1;2025-11-14;6;481
1;2025-11-14;7;1471
1;2025-11-14;8;1879
1;2025-11-14;9;1476
1;2025-11-14;10;1333
1;2025-11-14;11;1403
1;2025-11-14;12;1390
1;2025-11-14;13;1423
1;2025-11-14;14;1355
1;2025-11-14;15;1484
1;2025-11-14;16;1609
1;2025-11-14;17;1777
1;2025-11-14;18;1499
1;2025-11-14;19;1215
1;2025-11-14;20;786
1;2025-11-14;21;475
1;2025-11-14;22;192
1;2025-11-14;23;41
1;2025-11-15;0;4
1;2025-11-15;1;0
1;2025-11-15;2;0
1;2025-11-15;3;0
1;2025-11-15;4;0
1;2025-11-15;5;34
1;2025-11-15;6;177
1;2025-11-15;7;388
1;2025-11-15;8;541
1;2025-11-15;9;866
1;2025-11-15;10;993
1;2025-11-15;11;869
1;2025-11-15;12;1062
1;2025-11-15;13;1150
1;2025-11-15;14;1026
1;2025-11-15;15;898
1;2025-11-15;16;829
1;2025-11-15;17;788
1;2025-11-15;18;715
1;2025-11-15;19;662
1;2025-11-15;20;461
1;2025-11-15;21;320
1;2025-11-15;22;128
1;2025-11-15;23;26
1;2025-11-16;0;0
1;2025-11-16;1;0
1;2025-11-16;2;0
1;2025-11-16;3;0
1;2025-11-16;4;0
1;2025-11-16;5;23
1;2025-11-16;6;119
1;2025-11-16;7;256
1;2025-11-16;8;362
1;2025-11-16;9;602
1;2025-11-16;10;687
1;2025-11-16;11;686
1;2025-11-16;12;775
1;2025-11-16;13;809
1;2025-11-16;14;742
1;2025-11-16;15;660
1;2025-11-16;16;609
1;2025-11-16;17;554
1;2025-11-16;18;514
1;2025-11-16;19;443
1;2025-11-16;20;327
1;2025-11-16;21;253
1;2025-11-16;22;94
1;2025-11-16;23;29
1;2025-11-17;0;1
1;2025-11-17;1;0
1;2025-11-17;2;0
1;2025-11-17;3;0
1;2025-11-17;4;8
1;2025-11-17;5;133
1;2025-11-17;6;500
1;2025-11-17;7;1512
1;2025-11-17;8;2013
1;2025-11-17;9;1548
1;2025-11-17;10;1382
1;2025-11-17;11;1363
1;2025-11-17;12;1440
1;2025-11-17;13;1475
1;2025-11-17;14;1396
1;2025-11-17;15;1507
1;2025-11-17;16;1570
1;2025-11-17;17;1840
1;2025-11-17;18;1922
1;2025-11-17;19;1453
1;2025-11-17;20;913
1;2025-11-17;21;460
1;2025-11-17;22;218
1;2025-11-17;23;40
1;2025-11-18;0;2
1;2025-11-18;1;0
1;2025-11-18;2;0
1;2025-11-18;3;0
1;2025-11-18;4;8
1;2025-11-18;5;121
1;2025-11-18;6;513
1;2025-11-18;7;1584
1;2025-11-18;8;1703
1;2025-11-18;9;1294
1;2025-11-18;10;1186
1;2025-11-18;11;1402
1;2025-11-18;12;1436
1;2025-11-18;13;1466
1;2025-11-18;14;1366
1;2025-11-18;15;1472
1;2025-11-18;16;1530
1;2025-11-18;17;1819
1;2025-11-18;18;1853
1;2025-11-18;19;1433
1;2025-11-18;20;895
1;2025-11-18;21;478
1;2025-11-18;22;216
1;2025-11-18;23;39
1;2025-11-19;0;2
1;2025-11-19;1;0
1;2025-11-19;2;0
1;2025-11-19;3;0
1;2025-11-19;4;7
1;2025-11-19;5;129
1;2025-11-19;6;501
1;2025-11-19;7;1515
1;2025-11-19;8;2039
1;2025-11-19;9;1545
1;2025-11-19;10;1423
1;2025-11-19;11;1394
1;2025-11-19;12;1449
1;2025-11-19;13;1471
1;2025-11-19;14;1388
1;2025-11-19;15;1499
1;2025-11-19;16;1540
1;2025-11-19;17;1807
1;2025-11-19;18;1848
1;2025-11-19;19;1408
1;2025-11-19;20;905
1;2025-11-19;21;483
1;2025-11-19;22;220
1;2025-11-19;23;37
1;2025-11-20;0;2
1;2025-11-20;1;0
1;2025-11-20;2;0
1;2025-11-20;3;0
1;2025-11-20;4;7
1;2025-11-20;5;122
1;2025-11-20;6;495
1;2025-11-20;7;1539
1;2025-11-20;8;2033
1;2025-11-20;9;1555
1;2025-11-20;10;1426
1;2025-11-20;11;1398
1;2025-11-20;12;1453
1;2025-11-20;13;1480
1;2025-11-20;14;1404
1;2025-11-20;15;1505
1;2025-11-20;16;1559
1;2025-11-20;17;1834
1;2025-11-20;18;1876
1;2025-11-20;19;1408
1;2025-11-20;20;915
1;2025-11-20;21;467
1;2025-11-20;22;224
1;2025-11-20;23;38
1;2025-11-21;0;5
1;2025-11-21;1;0
1;2025-11-21;2;0
1;2025-11-21;3;0
1;2025-11-21;4;7
1;2025-11-21;5;135
1;2025-11-21;6;481
1;2025-11-21;7;1471
1;2025-11-21;8;1879
1;2025-11-21;9;1476
1;2025-11-21;10;1333
1;2025-11-21;11;1403
1;2025-11-21;12;1390
1;2025-11-21;13;1423
1;2025-11-21;14;1355
1;2025-11-21;15;1484
1;2025-11-21;16;1609
1;2025-11-21;17;1777
1;2025-11-21;18;1499
1;2025-11-21;19;1215
1;2025-11-21;20;786
1;2025-11-21;21;475
1;2025-11-21;22;192
1;2025-11-21;23;41
1;2025-11-22;0;4
1;2025-11-22;1;0
1;2025-11-22;2;0
1;2025-11-22;3;0
1;2025-11-22;4;0
1;2025-11-22;5;34
1;2025-11-22;6;177
1;2025-11-22;7;388
1;2025-11-22;8;541
1;2025-11-22;9;866
1;2025-11-22;10;993
1;2025-11-22;11;869
1;2025-11-22;12;1062
1;2025-11-22;13;1150
1;2025-11-22;14;1026
1;2025-11-22;15;898
1;2025-11-22;16;829
1;2025-11-22;17;788
1;2025-11-22;18;715
1;2025-11-22;19;662
1;2025-11-22;20;461
1;2025-11-22;21;320
1;2025-11-22;22;128
1;2025-11-22;23;26
1;2025-11-23;0;0
1;2025-11-23;1;0
1;2025-11-23;2;0
1;2025-11-23;3;0
1;2025-11-23;4;0
1;2025-11-23;5;23
1;2025-11-23;6;119
1;2025-11-23;7;256
1;2025-11-23;8;362
1;2025-11-23;9;602
1;2025-11-23;10;687
1;2025-11-23;11;686
1;2025-11-23;12;775
1;2025-11-23;13;809
1;2025-11-23;14;742
1;2025-11-23;15;660
1;2025-11-23;16;609
1;2025-11-23;17;554
1;2025-11-23;18;514
1;2025-11-23;19;443
1;2025-11-23;20;327
1;2025-11-23;21;253
1;2025-11-23;22;94
1;2025-11-23;23;29
1;2025-11-24;0;1
1;2025-11-24;1;0
1;2025-11-24;2;0
1;2025-11-24;3;0
1;2025-11-24;4;8
1;2025-11-24;5;133
1;2025-11-24;6;500
1;2025-11-24;7;1512
1;2025-11-24;8;2013
1;2025-11-24;9;1548
1;2025-11-24;10;1382
1;2025-11-24;11;1363
1;2025-11-24;12;1440
1;2025-11-24;13;1475
1;2025-11-24;14;1396
1;2025-11-24;15;1507
1;2025-11-24;16;1570
1;2025-11-24;17;1840
1;2025-11-24;18;1922
1;2025-11-24;19;1453
1;2025-11-24;20;913
1;2025-11-24;21;460
1;2025-11-24;22;218
1;2025-11-24;23;40
1;2025-11-25;0;2
1;2025-11-25;1;0
1;2025-11-25;2;0
1;2025-11-25;3;0
1;2025-11-25;4;8
1;2025-11-25;5;121
1;2025-11-25;6;513
1;2025-11-25;7;1584
1;2025-11-25;8;2021
1;2025-11-25;9;1565
1;2025-11-25;10;1426
1;2025-11-25;11;1402
1;2025-11-25;12;1436
1;2025-11-25;13;1466
1;2025-11-25;14;1366
1;2025-11-25;15;1472
1;2025-11-25;16;1530
1;2025-11-25;17;1819
1;2025-11-25;18;1853
1;2025-11-25;19;1433
1;2025-11-25;20;895
1;2025-11-25;21;478
1;2025-11-25;22;216
1;2025-11-25;23;39
1;2025-11-26;0;2
1;2025-11-26;1;0
1;2025-11-26;2;0
1;2025-11-26;3;0
1;2025-11-26;4;7
1;2025-11-26;5;129
1;2025-11-26;6;501
1;2025-11-26;7;1515
1;2025-11-26;8;2039
1;2025-11-26;9;1545
1;2025-11-26;10;1423
1;2025-11-26;11;1394
1;2025-11-26;12;1449
1;2025-11-26;13;1471
1;2025-11-26;14;1388
1;2025-11-26;15;1499
1;2025-11-26;16;1540
1;2025-11-26;17;1807
1;2025-11-26;18;1848
1;2025-11-26;19;1408
1;2025-11-26;20;905
1;2025-11-26;21;483
1;2025-11-26;22;220
1;2025-11-26;23;37
1;2025-11-27;0;2
1;2025-11-27;1;0
1;2025-11-27;2;0
1;2025-11-27;3;0
1;2025-11-27;4;7
1;2025-11-27;5;122
1;2025-11-27;6;495
1;2025-11-27;7;1539
1;2025-11-27;8;2033
1;2025-11-27;9;1555
1;2025-11-27;10;1426
1;2025-11-27;11;1398
1;2025-11-27;12;1453
1;2025-11-27;13;1480
1;2025-11-27;14;1404
1;2025-11-27;15;1505
1;2025-11-27;16;1559
1;2025-11-27;17;1834
1;2025-11-27;18;1876
1;2025-11-27;19;1408
1;2025-11-27;20;915
1;2025-11-27;21;467
1;2025-11-27;22;224
1;2025-11-27;23;38
1;2025-11-28;0;5
1;2025-11-28;1;0
1;2025-11-28;2;0
1;2025-11-28;3;0
1;2025-11-28;4;7
1;2025-11-28;5;135
1;2025-11-28;6;481
1;2025-11-28;7;1471
1;2025-11-28;8;1879
1;2025-11-28;9;1476
1;2025-11-28;10;1333
1;2025-11-28;11;1403
1;2025-11-28;12;1390
1;2025-11-28;13;1423
1;2025-11-28;14;1355
1;2025-11-28;15;1484
1;2025-11-28;16;1609
1;2025-11-28;17;1777
1;2025-11-28;18;1499
1;2025-11-28;19;1215
1;2025-11-28;20;786
1;2025-11-28;21;475
1;2025-11-28;22;192
1;2025-11-28;23;41
1;2025-11-29;0;4
1;2025-11-29;1;0
1;2025-11-29;2;0
1;2025-11-29;3;0
1;2025-11-29;4;0
1;2025-11-29;5;34
1;2025-11-29;6;177
1;2025-11-29;7;388
1;2025-11-29;8;541
1;2025-11-29;9;866
1;2025-11-29;10;993
1;2025-11-29;11;869
1;2025-11-29;12;1062
1;2025-11-29;13;1150
1;2025-11-29;14;1026
1;2025-11-29;15;898
1;2025-11-29;16;829
1;2025-11-29;17;788
1;2025-11-29;18;715
1;2025-11-29;19;662
1;2025-11-29;20;461
1;2025-11-29;21;320
1;2025-11-29;22;128
1;2025-11-29;23;26
1;2025-11-30;0;0
1;2025-11-30;1;0
1;2025-11-30;2;0
1;2025-11-30;3;0
1;2025-11-30;4;0
1;2025-11-30;5;23
1;2025-11-30;6;119
1;2025-11-30;7;256
1;2025-11-30;8;362
1;2025-11-30;9;602
1;2025-11-30;10;687
1;2025-11-30;11;686
1;2025-11-30;12;775
1;2025-11-30;13;809
1;2025-11-30;14;742
1;2025-11-30;15;660
1;2025-11-30;16;609
1;2025-11-30;17;554
1;2025-11-30;18;514
1;2025-11-30;19;443
1;2025-11-30;20;327
1;2025-11-30;21;253
1;2025-11-30;22;94
1;2025-11-30;23;29
1;2025-12-01;0;1
1;2025-12-01;1;0
1;2025-12-01;2;0
1;2025-12-01;3;0
1;2025-12-01;4;8
1;2025-12-01;5;131
1;2025-12-01;6;490
1;2025-12-01;7;1481
1;2025-12-01;8;1973
1;2025-12-01;9;1517
1;2025-12-01;10;1354
1;2025-12-01;11;1336
1;2025-12-01;12;1411
1;2025-12-01;13;1445
1;2025-12-01;14;1368
1;2025-12-01;15;1476
1;2025-12-01;16;1539
1;2025-12-01;17;1803
1;2025-12-01;18;1884
1;2025-12-01;19;1424
1;2025-12-01;20;894
1;2025-12-01;21;451
1;2025-12-01;22;214
1;2025-12-01;23;39
1;2025-12-02;0;2
1;2025-12-02;1;0
1;2025-12-02;2;0
1;2025-12-02;3;0
1;2025-12-02;4;8
1;2025-12-02;5;119
1;2025-12-02;6;503
1;2025-12-02;7;1553
1;2025-12-02;8;1980
1;2025-12-02;9;1534
1;2025-12-02;10;1397
1;2025-12-02;11;1374
1;2025-12-02;12;1408
1;2025-12-02;13;1437
1;2025-12-02;14;1339
1;2025-12-02;15;1443
1;2025-12-02;16;1499
1;2025-12-02;17;1783
1;2025-12-02;18;1816
1;2025-12-02;19;1404
1;2025-12-02;20;877
1;2025-12-02;21;468
1;2025-12-02;22;212
1;2025-12-02;23;39
1;2025-12-03;0;2
1;2025-12-03;1;0
1;2025-12-03;2;0
1;2025-12-03;3;0
1;2025-12-03;4;7
1;2025-12-03;5;127
1;2025-12-03;6;491
1;2025-12-03;7;1485
1;2025-12-03;8;1999
1;2025-12-03;9;1514
1;2025-12-03;10;1394
1;2025-12-03;11;1366
1;2025-12-03;12;1421
1;2025-12-03;13;1442
1;2025-12-03;14;1361
1;2025-12-03;15;1469
1;2025-12-03;16;1509
1;2025-12-03;17;1771
1;2025-12-03;18;1811
1;2025-12-03;19;1380
1;2025-12-03;20;887
1;2025-12-03;21;474
1;2025-12-03;22;215
1;2025-12-03;23;36
1;2025-12-04;0;2
1;2025-12-04;1;0
1;2025-12-04;2;0
1;2025-12-04;3;0
1;2025-12-04;4;7
1;2025-12-04;5;120
1;2025-12-04;6;485
1;2025-12-04;7;1508
1;2025-12-04;8;1992
1;2025-12-04;9;1524
1;2025-12-04;10;1398
1;2025-12-04;11;1370
1;2025-12-04;12;1423
1;2025-12-04;13;1451
1;2025-12-04;14;1376
1;2025-12-04;15;1475
1;2025-12-04;16;1528
1;2025-12-04;17;1797
1;2025-12-04;18;1838
1;2025-12-04;19;1380
1;2025-12-04;20;897
1;2025-12-04;21;457
1;2025-12-04;22;219
1;2025-12-04;23;37
1;2025-12-05;0;5
1;2025-12-05;1;0
1;2025-12-05;2;0
1;2025-12-05;3;0
1;2025-12-05;4;7
1;2025-12-05;5;132
1;2025-12-05;6;471
1;2025-12-05;7;1442
1;2025-12-05;8;1841
1;2025-12-05;9;1446
1;2025-12-05;10;1307
1;2025-12-05;11;1375
1;2025-12-05;12;1362
1;2025-12-05;13;1394
1;2025-12-05;14;1328
1;2025-12-05;15;1454
1;2025-12-05;16;1577
1;2025-12-05;17;1742
1;2025-12-05;18;1469
1;2025-12-05;19;1191
1;2025-12-05;20;771
1;2025-12-05;21;465
1;2025-12-05;22;188
1;2025-12-05;23;40
1;2025-12-06;0;4
1;2025-12-06;1;0
1;2025-12-06;2;0
1;2025-12-06;3;0
1;2025-12-06;4;0
1;2025-12-06;5;33
1;2025-12-06;6;173
1;2025-12-06;7;381
1;2025-12-06;8;531
1;2025-12-06;9;849
1;2025-12-06;10;973
1;2025-12-06;11;852
1;2025-12-06;12;1041
1;2025-12-06;13;1127
1;2025-12-06;14;1005
1;2025-12-06;15;880
1;2025-12-06;16;813
1;2025-12-06;17;772
1;2025-12-06;18;701
1;2025-12-06;19;648
1;2025-12-06;20;452
1;2025-12-06;21;314
1;2025-12-06;22;125
1;2025-12-06;23;26
1;2025-12-07;0;0
1;2025-12-07;1;0
1;2025-12-07;2;0
1;2025-12-07;3;0
1;2025-12-07;4;0
1;2025-12-07;5;23
1;2025-12-07;6;116
1;2025-12-07;7;251
1;2025-12-07;8;355
1;2025-12-07;9;590
1;2025-12-07;10;673
1;2025-12-07;11;672
1;2025-12-07;12;760
1;2025-12-07;13;793
1;2025-12-07;14;728
1;2025-12-07;15;647
1;2025-12-07;16;597
1;2025-12-07;17;543
1;2025-12-07;18;504
1;2025-12-07;19;434
1;2025-12-07;20;321
1;2025-12-07;21;248
1;2025-12-07;22;92
1;2025-12-07;23;29
1;2025-12-08;0;1
1;2025-12-08;1;0
1;2025-12-08;2;0
1;2025-12-08;3;0
1;2025-12-08;4;8
1;2025-12-08;5;131
1;2025-12-08;6;490
1;2025-12-08;7;1481
1;2025-12-08;8;1973
1;2025-12-08;9;1517
1;2025-12-08;10;1354
1;2025-12-08;11;1336
1;2025-12-08;12;1411
1;2025-12-08;13;1445
1;2025-12-08;14;1368
1;2025-12-08;15;1476
1;2025-12-08;16;1539
1;2025-12-08;17;1803
1;2025-12-08;18;1884
1;2025-12-08;19;1424
1;2025-12-08;20;894
1;2025-12-08;21;451
1;2025-12-08;22;214
1;2025-12-08;23;39
1;2025-12-09;0;2
1;2025-12-09;1;0
1;2025-12-09;2;0
1;2025-12-09;3;0
1;2025-12-09;4;8
1;2025-12-09;5;119
1;2025-12-09;6;503
1;2025-12-09;7;1553
1;2025-12-09;8;1980
1;2025-12-09;9;1534
1;2025-12-09;10;1397
1;2025-12-09;11;1374
1;2025-12-09;12;1408
1;2025-12-09;13;1437
1;2025-12-09;14;1339
1;2025-12-09;15;1443
1;2025-12-09;16;1499
1;2025-12-09;17;1783
1;2025-12-09;18;1816
1;2025-12-09;19;1404
1;2025-12-09;20;877
1;2025-12-09;21;468
1;2025-12-09;22;212
1;2025-12-09;23;39
1;2025-12-10;0;2
1;2025-12-10;1;0
1;2025-12-10;2;0
1;2025-12-10;3;0
1;2025-12-10;4;7
1;2025-12-10;5;127
1;2025-12-10;6;491
1;2025-12-10;7;1485
1;2025-12-10;8;1999
1;2025-12-10;9;1514
1;2025-12-10;10;1394
1;2025-12-10;11;1366
1;2025-12-10;12;1421
1;2025-12-10;13;1442
1;2025-12-10;14;1361
1;2025-12-10;15;1469
1;2025-12-10;16;1509
1;2025-12-10;17;1771
1;2025-12-10;18;1811
1;2025-12-10;19;1380
1;2025-12-10;20;887
1;2025-12-10;21;474
1;2025-12-10;22;215
1;2025-12-10;23;36
1;2025-12-11;0;2
1;2025-12-11;1;0
1;2025-12-11;2;0
1;2025-12-11;3;0
1;2025-12-11;4;7
1;2025-12-11;5;120
1;2025-12-11;6;485
1;2025-12-11;7;1508
1;2025-12-11;8;1992
1;2025-12-11;9;1524
1;2025-12-11;10;1398
1;2025-12-11;11;1370
1;2025-12-11;12;1423
1;2025-12-11;13;1451
1;2025-12-11;14;1376
1;2025-12-11;15;1475
1;2025-12-11;16;1528
1;2025-12-11;17;1797
1;2025-12-11;18;1838
1;2025-12-11;19;1380
1;2025-12-11;20;897
1;2025-12-11;21;457
1;2025-12-11;22;219
1;2025-12-11;23;37
1;2025-12-12;0;5
1;2025-12-12;1;0
1;2025-12-12;2;0
1;2025-12-12;3;0
1;2025-12-12;4;7
1;2025-12-12;5;132
1;2025-12-12;6;471
1;2025-12-12;7;1442
1;2025-12-12;8;1841
1;2025-12-12;9;1446
1;2025-12-12;10;1307
1;2025-12-12;11;1375
1;2025-12-12;12;1362
1;2025-12-12;13;1394
1;2025-12-12;14;1328
1;2025-12-12;15;1454
1;2025-12-12;16;1577
1;2025-12-12;17;1742
1;2025-12-12;18;1469
1;2025-12-12;19;1191
1;2025-12-12;20;771
1;2025-12-12;21;465
1;2025-12-12;22;188
1;2025-12-12;23;40
1;2025-12-13;0;4
1;2025-12-13;1;0
1;2025-12-13;2;0
1;2025-12-13;3;0
1;2025-12-13;4;0
1;2025-12-13;5;33
1;2025-12-13;6;173
1;2025-12-13;7;381
1;2025-12-13;8;531
1;2025-12-13;9;849
1;2025-12-13;10;973
1;2025-12-13;11;852
1;2025-12-13;12;1041
1;2025-12-13;13;1127
1;2025-12-13;14;1005
1;2025-12-13;15;880
1;2025-12-13;16;813
1;2025-12-13;17;772
1;2025-12-13;18;701
1;2025-12-13;19;648
1;2025-12-13;20;452
1;2025-12-13;21;314
1;2025-12-13;22;125
1;2025-12-13;23;26
1;2025-12-14;0;0
1;2025-12-14;1;0
1;2025-12-14;2;0
1;2025-12-14;3;0
1;2025-12-14;4;0
1;2025-12-14;5;23
1;2025-12-14;6;116
1;2025-12-14;7;251
1;2025-12-14;8;355
1;2025-12-14;9;590
1;2025-12-14;10;673
1;2025-12-14;11;672
1;2025-12-14;12;760
1;2025-12-14;13;793
1;2025-12-14;14;728
1;2025-12-14;15;647
1;2025-12-14;16;597
1;2025-12-14;17;543
1;2025-12-14;18;504
1;2025-12-14;19;434
1;2025-12-14;20;321
1;2025-12-14;21;248
1;2025-12-14;22;92
1;2025-12-14;23;29
1;2025-12-15;0;1
1;2025-12-15;1;0
1;2025-12-15;2;0
1;2025-12-15;3;0
1;2025-12-15;4;8
1;2025-12-15;5;131
1;2025-12-15;6;490
1;2025-12-15;7;1481
1;2025-12-15;8;1973
1;2025-12-15;9;1517
1;2025-12-15;10;1354
1;2025-12-15;11;1336
1;2025-12-15;12;1411
1;2025-12-15;13;1445
1;2025-12-15;14;1368
1;2025-12-15;15;1476
1;2025-12-15;16;1539
1;2025-12-15;17;1803
1;2025-12-15;18;1884
1;2025-12-15;19;1424
1;2025-12-15;20;894
1;2025-12-15;21;451
1;2025-12-15;22;214
1;2025-12-15;23;39
1;2025-12-16;0;2
1;2025-12-16;1;0
1;2025-12-16;2;0
1;2025-12-16;3;0
1;2025-12-16;4;8
1;2025-12-16;5;119
1;2025-12-16;6;503
1;2025-12-16;7;1553
1;2025-12-16;8;1980
1;2025-12-16;9;1534
1;2025-12-16;10;1397
1;2025-12-16;11;1374
1;2025-12-16;12;1408
1;2025-12-16;13;1437
1;2025-12-16;14;1339
1;2025-12-16;15;1443
1;2025-12-16;16;1499
1;2025-12-16;17;1783
1;2025-12-16;18;1816
1;2025-12-16;19;1404
1;2025-12-16;20;877
1;2025-12-16;21;468
1;2025-12-16;22;212
1;2025-12-16;23;39
1;2025-12-17;0;2
1;2025-12-17;1;0
1;2025-12-17;2;0
1;2025-12-17;3;0
1;2025-12-17;4;7
1;2025-12-17;5;127
1;2025-12-17;6;491
1;2025-12-17;7;1485
1;2025-12-17;8;1999
1;2025-12-17;9;1514
1;2025-12-17;10;1394
1;2025-12-17;11;1366
1;2025-12-17;12;1421
1;2025-12-17;13;1442
1;2025-12-17;14;1361
1;2025-12-17;15;1469
1;2025-12-17;16;1509
1;2025-12-17;17;1771
1;2025-12-17;18;1811
1;2025-12-17;19;1380
1;2025-12-17;20;887
1;2025-12-17;21;474
1;2025-12-17;22;215
1;2025-12-17;23;36
1;2025-12-18;0;2
1;2025-12-18;1;0
1;2025-12-18;2;0
1;2025-12-18;3;0
1;2025-12-18;4;7
1;2025-12-18;5;120
1;2025-12-18;6;485
1;2025-12-18;7;1508
1;2025-12-18;8;1992
1;2025-12-18;9;1524
1;2025-12-18;10;1398
1;2025-12-18;11;1370
1;2025-12-18;12;1423
1;2025-12-18;13;1451
1;2025-12-18;14;1376
1;2025-12-18;15;1475
1;2025-12-18;16;1528
1;2025-12-18;17;1797
1;2025-12-18;18;1838
1;2025-12-18;19;1380
1;2025-12-18;20;897
1;2025-12-18;21;457
1;2025-12-18;22;219
1;2025-12-18;23;37
1;2025-12-19;0;5
1;2025-12-19;1;0
1;2025-12-19;2;0
1;2025-12-19;3;0
1;2025-12-19;4;7
1;2025-12-19;5;132
1;2025-12-19;6;471
1;2025-12-19;7;1442
1;2025-12-19;8;1841
1;2025-12-19;9;1446
1;2025-12-19;10;1307
1;2025-12-19;11;1375
1;2025-12-19;12;1362
1;2025-12-19;13;1394
1;2025-12-19;14;1328
1;2025-12-19;15;1454
1;2025-12-19;16;1577
1;2025-12-19;17;1742
1;2025-12-19;18;1469
1;2025-12-19;19;1191
1;2025-12-19;20;771
1;2025-12-19;21;465
1;2025-12-19;22;188
1;2025-12-19;23;40
1;2025-12-20;0;4
1;2025-12-20;1;0
1;2025-12-20;2;0
1;2025-12-20;3;0
1;2025-12-20;4;0
1;2025-12-20;5;33
1;2025-12-20;6;173
1;2025-12-20;7;381
1;2025-12-20;8;531
1;2025-12-20;9;849
1;2025-12-20;10;973
1;2025-12-20;11;852
1;2025-12-20;12;1041
1;2025-12-20;13;1127
1;2025-12-20;14;1005
1;2025-12-20;15;880
1;2025-12-20;16;813
1;2025-12-20;17;772
1;2025-12-20;18;701
1;2025-12-20;19;648
1;2025-12-20;20;452
1;2025-12-20;21;314
1;2025-12-20;22;125
1;2025-12-20;23;26
1;2025-12-21;0;0
1;2025-12-21;1;0
1;2025-12-21;2;0
1;2025-12-21;3;0
1;2025-12-21;4;0
1;2025-12-21;5;23
1;2025-12-21;6;116
1;2025-12-21;7;251
1;2025-12-21;8;355
1;2025-12-21;9;590
1;2025-12-21;10;673
1;2025-12-21;11;672
1;2025-12-21;12;760
1;2025-12-21;13;793
1;2025-12-21;14;728
1;2025-12-21;15;647
1;2025-12-21;16;597
1;2025-12-21;17;543
1;2025-12-21;18;504
1;2025-12-21;19;434
1;2025-12-21;20;321
1;2025-12-21;21;248
1;2025-12-21;22;92
1;2025-12-21;23;29
1;2025-12-22;0;1
1;2025-12-22;1;0
1;2025-12-22;2;0
1;2025-12-22;3;0
1;2025-12-22;4;8
1;2025-12-22;5;131
1;2025-12-22;6;490
1;2025-12-22;7;1481
1;2025-12-22;8;1973
1;2025-12-22;9;1517
1;2025-12-22;10;1354
1;2025-12-22;11;1336
1;2025-12-22;12;1411
1;2025-12-22;13;1445
1;2025-12-22;14;1368
1;2025-12-22;15;1476
1;2025-12-22;16;1539
1;2025-12-22;17;1803
1;2025-12-22;18;1884
1;2025-12-22;19;1424
1;2025-12-22;20;894
1;2025-12-22;21;451
1;2025-12-22;22;214
1;2025-12-22;23;39
1;2025-12-23;0;2
1;2025-12-23;1;0
1;2025-12-23;2;0
1;2025-12-23;3;0
1;2025-12-23;4;8
1;2025-12-23;5;119
1;2025-12-23;6;503
1;2025-12-23;7;1553
1;2025-12-23;8;1980
1;2025-12-23;9;1534
1;2025-12-23;10;1397
1;2025-12-23;11;1374
1;2025-12-23;12;1408
1;2025-12-23;13;1437
1;2025-12-23;14;1339
1;2025-12-23;15;1443
1;2025-12-23;16;1499
1;2025-12-23;17;1783
1;2025-12-23;18;1816
1;2025-12-23;19;1404
1;2025-12-23;20;877
1;2025-12-23;21;468
1;2025-12-23;22;212
1;2025-12-23;23;39
1;2025-12-24;0;2
1;2025-12-24;1;0
1;2025-12-24;2;0
1;2025-12-24;3;0
1;2025-12-24;4;7
1;2025-12-24;5;127
1;2025-12-24;6;491
1;2025-12-24;7;1485
1;2025-12-24;8;1999
1;2025-12-24;9;1514
1;2025-12-24;10;1394
1;2025-12-24;11;1366
1;2025-12-24;12;1421
1;2025-12-24;13;1442
1;2025-12-24;14;1361
1;2025-12-24;15;1469
1;2025-12-24;16;1509
1;2025-12-24;17;1771
1;2025-12-24;18;1811
1;2025-12-24;19;1380
1;2025-12-24;20;887
1;2025-12-24;21;474
1;2025-12-24;22;215
1;2025-12-24;23;36
1;2025-12-25;0;2
1;2025-12-25;1;0
1;2025-12-25;2;0
1;2025-12-25;3;0
1;2025-12-25;4;7
1;2025-12-25;5;120
1;2025-12-25;6;485
1;2025-12-25;7;1508
1;2025-12-25;8;1992
1;2025-12-25;9;1524
1;2025-12-25;10;1398
1;2025-12-25;11;1370
1;2025-12-25;12;1423
1;2025-12-25;13;1451
1;2025-12-25;14;1376
1;2025-12-25;15;1475
1;2025-12-25;16;1528
1;2025-12-25;17;1797
1;2025-12-25;18;1838
1;2025-12-25;19;1380
1;2025-12-25;20;897
1;2025-12-25;21;457
1;2025-12-25;22;219
1;2025-12-25;23;37
1;2025-12-26;0;5
1;2025-12-26;1;0
1;2025-12-26;2;0
1;2025-12-26;3;0
1;2025-12-26;4;7
1;2025-12-26;5;132
1;2025-12-26;6;471
1;2025-12-26;7;1442
1;2025-12-26;8;1841
1;2025-12-26;9;1446
1;2025-12-26;10;1307
1;2025-12-26;11;1375
1;2025-12-26;12;1362
1;2025-12-26;13;1394
1;2025-12-26;14;1328
1;2025-12-26;15;1454
1;2025-12-26;16;1577
1;2025-12-26;17;1742
1;2025-12-26;18;1469
1;2025-12-26;19;1191
1;2025-12-26;20;771
1;2025-12-26;21;465
1;2025-12-26;22;188
1;2025-12-26;23;40
1;2025-12-27;0;4
1;2025-12-27;1;0
1;2025-12-27;2;0
1;2025-12-27;3;0
1;2025-12-27;4;0
1;2025-12-27;5;33
1;2025-12-27;6;173
1;2025-12-27;7;381
1;2025-12-27;8;531
1;2025-12-27;9;849
1;2025-12-27;10;973
1;2025-12-27;11;852
1;2025-12-27;12;1041
1;2025-12-27;13;1127
1;2025-12-27;14;1005
1;2025-12-27;15;880
1;2025-12-27;16;813
1;2025-12-27;17;772
1;2025-12-27;18;701
1;2025-12-27;19;648
1;2025-12-27;20;452
1;2025-12-27;21;314
1;2025-12-27;22;125
1;2025-12-27;23;26
1;2025-12-28;0;0
1;2025-12-28;1;0
1;2025-12-28;2;0
1;2025-12-28;3;0
1;2025-12-28;4;0
1;2025-12-28;5;23
1;2025-12-28;6;116
1;2025-12-28;7;251
1;2025-12-28;8;355
1;2025-12-28;9;590
1;2025-12-28;10;673
1;2025-12-28;11;672
1;2025-12-28;12;760
1;2025-12-28;13;793
1;2025-12-28;14;728
1;2025-12-28;15;647
1;2025-12-28;16;597
1;2025-12-28;17;543
1;2025-12-28;18;504
1;2025-12-28;19;434
1;2025-12-28;20;321
1;2025-12-28;21;248
1;2025-12-28;22;92
1;2025-12-28;23;29
1;2025-12-29;0;1
1;2025-12-29;1;0
1;2025-12-29;2;0
1;2025-12-29;3;0
1;2025-12-29;4;7
1;2025-12-29;5;120
1;2025-12-29;6;451
1;2025-12-29;7;1363
1;2025-12-29;8;1815
1;2025-12-29;9;1396
1;2025-12-29;10;1246
1;2025-12-29;11;1229
1;2025-12-29;12;1298
1;2025-12-29;13;1330
1;2025-12-29;14;1259
1;2025-12-29;15;1358
1;2025-12-29;16;1416
1;2025-12-29;17;1659
1;2025-12-29;18;1733
1;2025-12-29;19;1310
1;2025-12-29;20;823
1;2025-12-29;21;415
1;2025-12-29;22;197
1;2025-12-29;23;36
1;2025-12-30;0;2
1;2025-12-30;1;0
1;2025-12-30;2;0
1;2025-12-30;3;0
1;2025-12-30;4;7
1;2025-12-30;5;109
1;2025-12-30;6;462
1;2025-12-30;7;1428
1;2025-12-30;8;1822
1;2025-12-30;9;1411
1;2025-12-30;10;1286
1;2025-12-30;11;1264
1;2025-12-30;12;1295
1;2025-12-30;13;1322
1;2025-12-30;14;1232
1;2025-12-30;15;1327
1;2025-12-30;16;1379
1;2025-12-30;17;1640
1;2025-12-30;18;1670
1;2025-12-30;19;1292
1;2025-12-30;20;807
1;2025-12-30;21;431
1;2025-12-30;22;195
1;2025-12-30;23;35
1;2025-12-31;0;0
1;2025-12-31;1;0
1;2025-12-31;2;0
1;2025-12-31;3;0
1;2025-12-31;4;0
1;2025-12-31;5;22
1;2025-12-31;6;110
1;2025-12-31;7;219
1;2025-12-31;8;296
1;2025-12-31;9;480
1;2025-12-31;10;531
1;2025-12-31;11;504
1;2025-12-31;12;590
1;2025-12-31;13;618
1;2025-12-31;14;536
1;2025-12-31;15;506
1;2025-12-31;16;486
1;2025-12-31;17;463
1;2025-12-31;18;461
1;2025-12-31;19;416
1;2025-12-31;20;313
1;2025-12-31;21;220
1;2025-12-31;22;91
1;2025-12-31;23;27
5;2025-11-01;0;0
5;2025-11-01;1;0
5;2025-11-01;2;0
5;2025-11-01;3;0
5;2025-11-01;4;0
5;2025-11-01;5;0
5;2025-11-01;6;0
5;2025-11-01;7;0
5;2025-11-01;8;0
5;2025-11-01;9;0
5;2025-11-01;10;0
5;2025-11-01;11;0
5;2025-11-01;12;0
5;2025-11-01;13;0
5;2025-11-01;14;0
5;2025-11-01;15;0
5;2025-11-01;16;0
5;2025-11-01;17;0
5;2025-11-01;18;0
5;2025-11-01;19;0
5;2025-11-01;20;0
5;2025-11-01;21;0
5;2025-11-01;22;0
5;2025-11-01;23;0
5;2025-11-02;0;0
5;2025-11-02;1;0
5;2025-11-02;2;0
5;2025-11-02;3;0
5;2025-11-02;4;0
5;2025-11-02;5;0
5;2025-11-02;6;0
5;2025-11-02;7;0
5;2025-11-02;8;0
5;2025-11-02;9;0
5;2025-11-02;10;0
5;2025-11-02;11;0
5;2025-11-02;12;0
5;2025-11-02;13;0
5;2025-11-02;14;0
5;2025-11-02;15;0
5;2025-11-02;16;0
5;2025-11-02;17;0
5;2025-11-02;18;0
5;2025-11-02;19;0
5;2025-11-02;20;0
5;2025-11-02;21;0
5;2025-11-02;22;0
5;2025-11-02;23;0
5;2025-11-03;0;0
5;2025-11-03;1;0
5;2025-11-03;2;0
5;2025-11-03;3;0
5;2025-11-03;4;0
5;2025-11-03;5;0
5;2025-11-03;6;0
5;2025-11-03;7;0
5;2025-11-03;8;0
5;2025-11-03;9;0
5;2025-11-03;10;0
5;2025-11-03;11;0
5;2025-11-03;12;0
5;2025-11-03;13;0
5;2025-11-03;14;0
5;2025-11-03;15;0
5;2025-11-03;16;0
5;2025-11-03;17;0
5;2025-11-03;18;0
5;2025-11-03;19;0
5;2025-11-03;20;0
5;2025-11-03;21;0
5;2025-11-03;22;0
5;2025-11-03;23;0
5;2025-11-04;0;0
5;2025-11-04;1;0
5;2025-11-04;2;0
5;2025-11-04;3;0
5;2025-11-04;4;0
5;2025-11-04;5;0
5;2025-11-04;6;0
5;2025-11-04;7;0
5;2025-11-04;8;0
5;2025-11-04;9;0
5;2025-11-04;10;0
5;2025-11-04;11;0
5;2025-11-04;12;0
5;2025-11-04;13;0
5;2025-11-04;14;0
5;2025-11-04;15;0
5;2025-11-04;16;0
5;2025-11-04;17;0
5;2025-11-04;18;0
5;2025-11-04;19;0
5;2025-11-04;20;0
5;2025-11-04;21;0
5;2025-11-04;22;0
5;2025-11-04;23;0
5;2025-11-05;0;0
5;2025-11-05;1;0
5;2025-11-05;2;0
5;2025-11-05;3;0
5;2025-11-05;4;0
5;2025-11-05;5;0
5;2025-11-05;6;0
5;2025-11-05;7;0
5;2025-11-05;8;0
5;2025-11-05;9;0
5;2025-11-05;10;0
5;2025-11-05;11;0
5;2025-11-05;12;0
5;2025-11-05;13;0
5;2025-11-05;14;0
5;2025-11-05;15;0
5;2025-11-05;16;0
5;2025-11-05;17;0
5;2025-11-05;18;0
5;2025-11-05;19;0
5;2025-11-05;20;0
5;2025-11-05;21;0
5;2025-11-05;22;0
5;2025-11-05;23;0
5;2025-11-06;0;0
5;2025-11-06;1;0
5;2025-11-06;2;0
5;2025-11-06;3;0
5;2025-11-06;4;0
5;2025-11-06;5;0
5;2025-11-06;6;0
5;2025-11-06;7;0
5;2025-11-06;8;0
5;2025-11-06;9;0
5;2025-11-06;10;0
5;2025-11-06;11;0
5;2025-11-06;12;0
5;2025-11-06;13;0
5;2025-11-06;14;0
5;2025-11-06;15;0
5;2025-11-06;16;0
5;2025-11-06;17;0
5;2025-11-06;18;0
5;2025-11-06;19;0
5;2025-11-06;20;0
5;2025-11-06;21;0
5;2025-11-06;22;0
5;2025-11-06;23;0
5;2025-11-07;0;0
5;2025-11-07;1;0
5;2025-11-07;2;0
5;2025-11-07;3;0
5;2025-11-07;4;0
5;2025-11-07;5;0
5;2025-11-07;6;0
5;2025-11-07;7;0
5;2025-11-07;8;0
5;2025-11-07;9;0
5;2025-11-07;10;0
5;2025-11-07;11;0
5;2025-11-07;12;0
5;2025-11-07;13;0
5;2025-11-07;14;0
5;2025-11-07;15;0
5;2025-11-07;16;0
5;2025-11-07;17;0
5;2025-11-07;18;0
5;2025-11-07;19;0
5;2025-11-07;20;0
5;2025-11-07;21;0
5;2025-11-07;22;0
5;2025-11-07;23;0
5;2025-11-08;0;0
5;2025-11-08;1;0
5;2025-11-08;2;0
5;2025-11-08;3;0
5;2025-11-08;4;0
5;2025-11-08;5;0
5;2025-11-08;6;0
5;2025-11-08;7;0
5;2025-11-08;8;0
5;2025-11-08;9;0
5;2025-11-08;10;0
5;2025-11-08;11;0
5;2025-11-08;12;0
5;2025-11-08;13;0
5;2025-11-08;14;0
5;2025-11-08;15;0
5;2025-11-08;16;0
5;2025-11-08;17;0
5;2025-11-08;18;0
5;2025-11-08;19;0
5;2025-11-08;20;0
5;2025-11-08;21;0
5;2025-11-08;22;0
5;2025-11-08;23;0
5;2025-11-09;0;0
5;2025-11-09;1;0
5;2025-11-09;2;0
5;2025-11-09;3;0
5;2025-11-09;4;0
5;2025-11-09;5;0
5;2025-11-09;6;0
5;2025-11-09;7;0
5;2025-11-09;8;0
5;2025-11-09;9;0
5;2025-11-09;10;0
5;2025-11-09;11;0
5;2025-11-09;12;0
5;2025-11-09;13;0
5;2025-11-09;14;0
5;2025-11-09;15;0
5;2025-11-09;16;0
5;2025-11-09;17;0
5;2025-11-09;18;0
5;2025-11-09;19;0
5;2025-11-09;20;0
5;2025-11-09;21;0
5;2025-11-09;22;0
5;2025-11-09;23;0
5;2025-11-10;0;0
5;2025-11-10;1;0
5;2025-11-10;2;0
5;2025-11-10;3;0
5;2025-11-10;4;0
5;2025-11-10;5;0
5;2025-11-10;6;0
5;2025-11-10;7;0
5;2025-11-10;8;0
5;2025-11-10;9;0
5;2025-11-10;10;0
5;2025-11-10;11;0
5;2025-11-10;12;0
5;2025-11-10;13;0
5;2025-11-10;14;0
5;2025-11-10;15;0
5;2025-11-10;16;0
5;2025-11-10;17;0
5;2025-11-10;18;0
5;2025-11-10;19;0
5;2025-11-10;20;0
5;2025-11-10;21;0
5;2025-11-10;22;0
5;2025-11-10;23;0
5;2025-11-11;0;0
5;2025-11-11;1;0
5;2025-11-11;2;0
5;2025-11-11;3;0
5;2025-11-11;4;0
5;2025-11-11;5;0
5;2025-11-11;6;0
5;2025-11-11;7;0
5;2025-11-11;8;0
5;2025-11-11;9;0
5;2025-11-11;10;0
5;2025-11-11;11;0
5;2025-11-11;12;0
5;2025-11-11;13;0
5;2025-11-11;14;0
5;2025-11-11;15;0
5;2025-11-11;16;0
5;2025-11-11;17;0
5;2025-11-11;18;0
5;2025-11-11;19;0
5;2025-11-11;20;0
5;2025-11-11;21;0
5;2025-11-11;22;0
5;2025-11-11;23;0
5;2025-11-12;0;0
5;2025-11-12;1;0
5;2025-11-12;2;0
5;2025-11-12;3;0
5;2025-11-12;4;0
5;2025-11-12;5;0
5;2025-11-12;6;0
5;2025-11-12;7;0
5;2025-11-12;8;0
5;2025-11-12;9;0
5;2025-11-12;10;0
5;2025-11-12;11;0
5;2025-11-12;12;0
5;2025-11-12;13;0
5;2025-11-12;14;0
5;2025-11-12;15;0
5;2025-11-12;16;0
5;2025-11-12;17;0
5;2025-11-12;18;0
5;2025-11-12;19;0
5;2025-11-12;20;0
5;2025-11-12;21;0
5;2025-11-12;22;0
5;2025-11-12;23;0
5;2025-11-13;0;0
5;2025-11-13;1;0
5;2025-11-13;2;0
5;2025-11-13;3;0
5;2025-11-13;4;0
5;2025-11-13;5;0
5;2025-11-13;6;0
5;2025-11-13;7;0
5;2025-11-13;8;0
5;2025-11-13;9;0
5;2025-11-13;10;0
5;2025-11-13;11;0
5;2025-11-13;12;0
5;2025-11-13;13;0
5;2025-11-13;14;0
5;2025-11-13;15;0
5;2025-11-13;16;0
5;2025-11-13;17;0
5;2025-11-13;18;0
5;2025-11-13;19;0
5;2025-11-13;20;0
5;2025-11-13;21;0
5;2025-11-13;22;0
5;2025-11-13;23;0
5;2025-11-14;0;0
5;2025-11-14;1;0
5;2025-11-14;2;0
5;2025-11-14;3;0
5;2025-11-14;4;0
5;2025-11-14;5;0
5;2025-11-14;6;0
5;2025-11-14;7;0
5;2025-11-14;8;0
5;2025-11-14;9;0
5;2025-11-14;10;0
5;2025-11-14;11;0
5;2025-11-14;12;0
5;2025-11-14;13;0
5;2025-11-14;14;0
5;2025-11-14;15;0
5;2025-11-14;16;0
5;2025-11-14;17;0
5;2025-11-14;18;0
5;2025-11-14;19;0
5;2025-11-14;20;0
5;2025-11-14;21;0
5;2025-11-14;22;0
5;2025-11-14;23;0
5;2025-11-15;0;0
5;2025-11-15;1;0
5;2025-11-15;2;0
5;2025-11-15;3;0
5;2025-11-15;4;0
5;2025-11-15;5;0
5;2025-11-15;6;0
5;2025-11-15;7;0
5;2025-11-15;8;0
5;2025-11-15;9;0
5;2025-11-15;10;0
5;2025-11-15;11;0
5;2025-11-15;12;0
5;2025-11-15;13;0
5;2025-11-15;14;0
5;2025-11-15;15;0
5;2025-11-15;16;0
5;2025-11-15;17;0
5;2025-11-15;18;0
5;2025-11-15;19;0
5;2025-11-15;20;0
5;2025-11-15;21;0
5;2025-11-15;22;0
5;2025-11-15;23;0
5;2025-11-16;0;0
5;2025-11-16;1;0
5;2025-11-16;2;0
5;2025-11-16;3;0
5;2025-11-16;4;0
5;2025-11-16;5;0
5;2025-11-16;6;0
5;2025-11-16;7;0
5;2025-11-16;8;0
5;2025-11-16;9;0
5;2025-11-16;10;0
5;2025-11-16;11;0
5;2025-11-16;12;0
5;2025-11-16;13;0
5;2025-11-16;14;0
5;2025-11-16;15;0
5;2025-11-16;16;0
5;2025-11-16;17;0
5;2025-11-16;18;0
5;2025-11-16;19;0
5;2025-11-16;20;0
5;2025-11-16;21;0
5;2025-11-16;22;0
5;2025-11-16;23;0
5;2025-11-17;0;0
5;2025-11-17;1;0
5;2025-11-17;2;0
5;2025-11-17;3;0
5;2025-11-17;4;0
5;2025-11-17;5;0
5;2025-11-17;6;0
5;2025-11-17;7;0
5;2025-11-17;8;0
5;2025-11-17;9;0
5;2025-11-17;10;0
5;2025-11-17;11;0
5;2025-11-17;12;0
5;2025-11-17;13;0
5;2025-11-17;14;0
5;2025-11-17;15;0
5;2025-11-17;16;0
5;2025-11-17;17;0
5;2025-11-17;18;0
5;2025-11-17;19;0
5;2025-11-17;20;0
5;2025-11-17;21;0
5;2025-11-17;22;0
5;2025-11-17;23;0
5;2025-11-18;0;0
5;2025-11-18;1;0
5;2025-11-18;2;0
5;2025-11-18;3;0
5;2025-11-18;4;0
5;2025-11-18;5;0
5;2025-11-18;6;0
5;2025-11-18;7;0
5;2025-11-18;8;0
5;2025-11-18;9;0
5;2025-11-18;10;0
5;2025-11-18;11;0
5;2025-11-18;12;0
5;2025-11-18;13;0
5;2025-11-18;14;0
5;2025-11-18;15;0
5;2025-11-18;16;0
5;2025-11-18;17;0
5;2025-11-18;18;0
5;2025-11-18;19;0
5;2025-11-18;20;0
5;2025-11-18;21;0
5;2025-11-18;22;0
5;2025-11-18;23;0
5;2025-11-19;0;0
5;2025-11-19;1;0
5;2025-11-19;2;0
5;2025-11-19;3;0
5;2025-11-19;4;0
5;2025-11-19;5;0
5;2025-11-19;6;0
5;2025-11-19;7;0
5;2025-11-19;8;0
5;2025-11-19;9;0
5;2025-11-19;10;0
5;2025-11-19;11;0
5;2025-11-19;12;0
5;2025-11-19;13;0
5;2025-11-19;14;0
5;2025-11-19;15;0
5;2025-11-19;16;0
5;2025-11-19;17;0
5;2025-11-19;18;0
5;2025-11-19;19;0
5;2025-11-19;20;0
5;2025-11-19;21;0
5;2025-11-19;22;0
5;2025-11-19;23;0
5;2025-11-20;0;0
5;2025-11-20;1;0
5;2025-11-20;2;0
5;2025-11-20;3;0
5;2025-11-20;4;0
5;2025-11-20;5;0
5;2025-11-20;6;0
5;2025-11-20;7;0
5;2025-11-20;8;0
5;2025-11-20;9;0
5;2025-11-20;10;0
5;2025-11-20;11;0
5;2025-11-20;12;0
5;2025-11-20;13;0
5;2025-11-20;14;0
5;2025-11-20;15;0
5;2025-11-20;16;0
5;2025-11-20;17;0
5;2025-11-20;18;0
5;2025-11-20;19;0
5;2025-11-20;20;0
5;2025-11-20;21;0
5;2025-11-20;22;0
5;2025-11-20;23;0
5;2025-11-21;0;0
5;2025-11-21;1;0
5;2025-11-21;2;0
5;2025-11-21;3;0
5;2025-11-21;4;0
5;2025-11-21;5;0
5;2025-11-21;6;0
5;2025-11-21;7;0
5;2025-11-21;8;0
5;2025-11-21;9;0
5;2025-11-21;10;0
5;2025-11-21;11;0
5;2025-11-21;12;0
5;2025-11-21;13;0
5;2025-11-21;14;0
5;2025-11-21;15;0
5;2025-11-21;16;0
5;2025-11-21;17;0
5;2025-11-21;18;0
5;2025-11-21;19;0
5;2025-11-21;20;0
5;2025-11-21;21;0
5;2025-11-21;22;0
5;2025-11-21;23;0
5;2025-11-22;0;0
5;2025-11-22;1;0
5;2025-11-22;2;0
5;2025-11-22;3;0
5;2025-11-22;4;0
5;2025-11-22;5;0
5;2025-11-22;6;0
5;2025-11-22;7;0
5;2025-11-22;8;0
5;2025-11-22;9;0
5;2025-11-22;10;0
5;2025-11-22;11;0
5;2025-11-22;12;0
5;2025-11-22;13;0
5;2025-11-22;14;0
5;2025-11-22;15;0
5;2025-11-22;16;0
5;2025-11-22;17;0
5;2025-11-22;18;0
5;2025-11-22;19;0
5;2025-11-22;20;0
5;2025-11-22;21;0
5;2025-11-22;22;0
5;2025-11-22;23;0
5;2025-11-23;0;0
5;2025-11-23;1;0
5;2025-11-23;2;0
5;2025-11-23;3;0
5;2025-11-23;4;0
5;2025-11-23;5;0
5;2025-11-23;6;0
5;2025-11-23;7;0
5;2025-11-23;8;0
5;2025-11-23;9;0
5;2025-11-23;10;0
5;2025-11-23;11;0
5;2025-11-23;12;0
5;2025-11-23;13;0
5;2025-11-23;14;0
5;2025-11-23;15;0
5;2025-11-23;16;0
5;2025-11-23;17;0
5;2025-11-23;18;0
5;2025-11-23;19;0
5;2025-11-23;20;0
5;2025-11-23;21;0
5;2025-11-23;22;0
5;2025-11-23;23;0
5;2025-11-24;0;0
5;2025-11-24;1;0
5;2025-11-24;2;0
5;2025-11-24;3;0
5;2025-11-24;4;0
5;2025-11-24;5;0
5;2025-11-24;6;0
5;2025-11-24;7;0
5;2025-11-24;8;0
5;2025-11-24;9;0
5;2025-11-24;10;0
5;2025-11-24;11;0
5;2025-11-24;12;0
5;2025-11-24;13;0
5;2025-11-24;14;0
5;2025-11-24;15;0
5;2025-11-24;16;0
5;2025-11-24;17;0
5;2025-11-24;18;0
5;2025-11-24;19;0
5;2025-11-24;20;0
5;2025-11-24;21;0
5;2025-11-24;22;0
5;2025-11-24;23;0
5;2025-11-25;0;0
5;2025-11-25;1;0
5;2025-11-25;2;0
5;2025-11-25;3;0
5;2025-11-25;4;0
5;2025-11-25;5;0
5;2025-11-25;6;0
5;2025-11-25;7;0
5;2025-11-25;8;0
5;2025-11-25;9;0
5;2025-11-25;10;0
5;2025-11-25;11;0
5;2025-11-25;12;0
5;2025-11-25;13;0
5;2025-11-25;14;0
5;2025-11-25;15;0
5;2025-11-25;16;0
5;2025-11-25;17;0
5;2025-11-25;18;0
5;2025-11-25;19;0
5;2025-11-25;20;0
5;2025-11-25;21;0
5;2025-11-25;22;0
5;2025-11-25;23;0
5;2025-11-26;0;0
5;2025-11-26;1;0
5;2025-11-26;2;0
5;2025-11-26;3;0
5;2025-11-26;4;0
5;2025-11-26;5;0
5;2025-11-26;6;0
5;2025-11-26;7;0
5;2025-11-26;8;0
5;2025-11-26;9;0
5;2025-11-26;10;0
5;2025-11-26;11;0
5;2025-11-26;12;0
5;2025-11-26;13;0
5;2025-11-26;14;0
5;2025-11-26;15;0
5;2025-11-26;16;0
5;2025-11-26;17;0
5;2025-11-26;18;0
5;2025-11-26;19;0
5;2025-11-26;20;0
5;2025-11-26;21;0
5;2025-11-26;22;0
5;2025-11-26;23;0
5;2025-11-27;0;0
5;2025-11-27;1;0
5;2025-11-27;2;0
5;2025-11-27;3;0
5;2025-11-27;4;0
5;2025-11-27;5;0
5;2025-11-27;6;0
5;2025-11-27;7;0
5;2025-11-27;8;0
5;2025-11-27;9;0
5;2025-11-27;10;0
5;2025-11-27;11;0
5;2025-11-27;12;0
5;2025-11-27;13;0
5;2025-11-27;14;0
5;2025-11-27;15;0
5;2025-11-27;16;0
5;2025-11-27;17;0
5;2025-11-27;18;0
5;2025-11-27;19;0
5;2025-11-27;20;0
5;2025-11-27;21;0
5;2025-11-27;22;0
5;2025-11-27;23;0
5;2025-11-28;0;0
5;2025-11-28;1;0
5;2025-11-28;2;0
5;2025-11-28;3;0
5;2025-11-28;4;0
5;2025-11-28;5;0
5;2025-11-28;6;0
5;2025-11-28;7;0
5;2025-11-28;8;0
5;2025-11-28;9;0
5;2025-11-28;10;0
5;2025-11-28;11;0
5;2025-11-28;12;0
5;2025-11-28;13;0
5;2025-11-28;14;0
5;2025-11-28;15;0
5;2025-11-28;16;0
5;2025-11-28;17;0
5;2025-11-28;18;0
5;2025-11-28;19;0
5;2025-11-28;20;0
5;2025-11-28;21;0
5;2025-11-28;22;0
5;2025-11-28;23;0
5;2025-11-29;0;0
5;2025-11-29;1;0
5;2025-11-29;2;0
5;2025-11-29;3;0
5;2025-11-29;4;0
5;2025-11-29;5;0
5;2025-11-29;6;0
5;2025-11-29;7;0
5;2025-11-29;8;0
5;2025-11-29;9;0
5;2025-11-29;10;0
5;2025-11-29;11;0
5;2025-11-29;12;0
5;2025-11-29;13;0
5;2025-11-29;14;0
5;2025-11-29;15;0
5;2025-11-29;16;0
5;2025-11-29;17;0
5;2025-11-29;18;0
5;2025-11-29;19;0
5;2025-11-29;20;0
5;2025-11-29;21;0
5;2025-11-29;22;0
5;2025-11-29;23;0
5;2025-11-30;0;0
5;2025-11-30;1;0
5;2025-11-30;2;0
5;2025-11-30;3;0
5;2025-11-30;4;0
5;2025-11-30;5;0
5;2025-11-30;6;0
5;2025-11-30;7;0
5;2025-11-30;8;0
5;2025-11-30;9;0
5;2025-11-30;10;0
5;2025-11-30;11;0
5;2025-11-30;12;0
5;2025-11-30;13;0
5;2025-11-30;14;0
5;2025-11-30;15;0
5;2025-11-30;16;0
5;2025-11-30;17;0
5;2025-11-30;18;0
5;2025-11-30;19;0
5;2025-11-30;20;0
5;2025-11-30;21;0
5;2025-11-30;22;0
5;2025-11-30;23;0
5;2025-12-01;0;0
5;2025-12-01;1;0
5;2025-12-01;2;0
5;2025-12-01;3;0
5;2025-12-01;4;0
5;2025-12-01;5;0
5;2025-12-01;6;0
5;2025-12-01;7;0
5;2025-12-01;8;0
5;2025-12-01;9;0
5;2025-12-01;10;0
5;2025-12-01;11;0
5;2025-12-01;12;0
5;2025-12-01;13;0
5;2025-12-01;14;0
5;2025-12-01;15;0
5;2025-12-01;16;0
5;2025-12-01;17;0
5;2025-12-01;18;0
5;2025-12-01;19;0
5;2025-12-01;20;0
5;2025-12-01;21;0
5;2025-12-01;22;0
5;2025-12-01;23;0
5;2025-12-02;0;0
5;2025-12-02;1;0
5;2025-12-02;2;0
5;2025-12-02;3;0
5;2025-12-02;4;0
5;2025-12-02;5;0
5;2025-12-02;6;0
5;2025-12-02;7;0
5;2025-12-02;8;0
5;2025-12-02;9;0
5;2025-12-02;10;0
5;2025-12-02;11;0
5;2025-12-02;12;0
5;2025-12-02;13;0
5;2025-12-02;14;0
5;2025-12-02;15;0
5;2025-12-02;16;0
5;2025-12-02;17;0
5;2025-12-02;18;0
5;2025-12-02;19;0
5;2025-12-02;20;0
5;2025-12-02;21;0
5;2025-12-02;22;0
5;2025-12-02;23;0
5;2025-12-03;0;0
5;2025-12-03;1;0
5;2025-12-03;2;0
5;2025-12-03;3;0
5;2025-12-03;4;0
5;2025-12-03;5;0
5;2025-12-03;6;0
5;2025-12-03;7;0
5;2025-12-03;8;0
5;2025-12-03;9;0
5;2025-12-03;10;0
5;2025-12-03;11;0
5;2025-12-03;12;0
5;2025-12-03;13;0
5;2025-12-03;14;0
5;2025-12-03;15;0
5;2025-12-03;16;0
5;2025-12-03;17;0
5;2025-12-03;18;0
5;2025-12-03;19;0
5;2025-12-03;20;0
5;2025-12-03;21;0
5;2025-12-03;22;0
5;2025-12-03;23;0
5;2025-12-04;0;0
5;2025-12-04;1;0
5;2025-12-04;2;0
5;2025-12-04;3;0
5;2025-12-04;4;0
5;2025-12-04;5;0
5;2025-12-04;6;0
5;2025-12-04;7;0
5;2025-12-04;8;0
5;2025-12-04;9;0
5;2025-12-04;10;0
5;2025-12-04;11;0
5;2025-12-04;12;0
5;2025-12-04;13;0
5;2025-12-04;14;0
5;2025-12-04;15;0
5;2025-12-04;16;0
5;2025-12-04;17;0
5;2025-12-04;18;0
5;2025-12-04;19;0
5;2025-12-04;20;0
5;2025-12-04;21;0
5;2025-12-04;22;0
5;2025-12-04;23;0
5;2025-12-05;0;0
5;2025-12-05;1;0
5;2025-12-05;2;0
5;2025-12-05;3;0
5;2025-12-05;4;0
5;2025-12-05;5;0
5;2025-12-05;6;0
5;2025-12-05;7;0
5;2025-12-05;8;0
5;2025-12-05;9;0
5;2025-12-05;10;0
5;2025-12-05;11;0
5;2025-12-05;12;0
5;2025-12-05;13;0
5;2025-12-05;14;0
5;2025-12-05;15;0
5;2025-12-05;16;0
5;2025-12-05;17;0
5;2025-12-05;18;0
5;2025-12-05;19;0
5;2025-12-05;20;0
5;2025-12-05;21;0
5;2025-12-05;22;0
5;2025-12-05;23;0
5;2025-12-06;0;0
5;2025-12-06;1;0
5;2025-12-06;2;0
5;2025-12-06;3;0
5;2025-12-06;4;0
5;2025-12-06;5;0
5;2025-12-06;6;0
5;2025-12-06;7;0
5;2025-12-06;8;0
5;2025-12-06;9;0
5;2025-12-06;10;0
5;2025-12-06;11;0
5;2025-12-06;12;0
5;2025-12-06;13;0
5;2025-12-06;14;0
5;2025-12-06;15;0
5;2025-12-06;16;0
5;2025-12-06;17;0
5;2025-12-06;18;0
5;2025-12-06;19;0
5;2025-12-06;20;0
5;2025-12-06;21;0
5;2025-12-06;22;0
5;2025-12-06;23;0
5;2025-12-07;0;0
5;2025-12-07;1;0
5;2025-12-07;2;0
5;2025-12-07;3;0
5;2025-12-07;4;0
5;2025-12-07;5;0
5;2025-12-07;6;0
5;2025-12-07;7;0
5;2025-12-07;8;0
5;2025-12-07;9;0
5;2025-12-07;10;0
5;2025-12-07;11;0
5;2025-12-07;12;0
5;2025-12-07;13;0
5;2025-12-07;14;0
5;2025-12-07;15;0
5;2025-12-07;16;0
5;2025-12-07;17;0
5;2025-12-07;18;0
5;2025-12-07;19;0
5;2025-12-07;20;0
5;2025-12-07;21;0
5;2025-12-07;22;0
5;2025-12-07;23;0
5;2025-12-08;0;0
5;2025-12-08;1;0
5;2025-12-08;2;0
5;2025-12-08;3;0
5;2025-12-08;4;0
5;2025-12-08;5;0
5;2025-12-08;6;0
5;2025-12-08;7;0
5;2025-12-08;8;0
5;2025-12-08;9;0
5;2025-12-08;10;0
5;2025-12-08;11;0
5;2025-12-08;12;0
5;2025-12-08;13;0
5;2025-12-08;14;0
5;2025-12-08;15;0
5;2025-12-08;16;0
5;2025-12-08;17;0
5;2025-12-08;18;0
5;2025-12-08;19;0
5;2025-12-08;20;0
5;2025-12-08;21;0
5;2025-12-08;22;0
5;2025-12-08;23;0
5;2025-12-09;0;0
5;2025-12-09;1;0
5;2025-12-09;2;0
5;2025-12-09;3;0
5;2025-12-09;4;0
5;2025-12-09;5;0
5;2025-12-09;6;0
5;2025-12-09;7;0
5;2025-12-09;8;0
5;2025-12-09;9;0
5;2025-12-09;10;0
5;2025-12-09;11;0
5;2025-12-09;12;0
5;2025-12-09;13;0
5;2025-12-09;14;0
5;2025-12-09;15;0
5;2025-12-09;16;0
5;2025-12-09;17;0
5;2025-12-09;18;0
5;2025-12-09;19;0
5;2025-12-09;20;0
5;2025-12-09;21;0
5;2025-12-09;22;0
5;2025-12-09;23;0
5;2025-12-10;0;0
5;2025-12-10;1;0
5;2025-12-10;2;0
5;2025-12-10;3;0
5;2025-12-10;4;0
5;2025-12-10;5;0
5;2025-12-10;6;0
5;2025-12-10;7;0
5;2025-12-10;8;0
5;2025-12-10;9;0
5;2025-12-10;10;0
5;2025-12-10;11;0
5;2025-12-10;12;0
5;2025-12-10;13;0
5;2025-12-10;14;0
5;2025-12-10;15;0
5;2025-12-10;16;0
5;2025-12-10;17;0
5;2025-12-10;18;0
5;2025-12-10;19;0
5;2025-12-10;20;0
5;2025-12-10;21;0
5;2025-12-10;22;0
5;2025-12-10;23;0
5;2025-12-11;0;0
5;2025-12-11;1;0
5;2025-12-11;2;0
5;2025-12-11;3;0
5;2025-12-11;4;0
5;2025-12-11;5;0
5;2025-12-11;6;0
5;2025-12-11;7;0
5;2025-12-11;8;0
5;2025-12-11;9;0
5;2025-12-11;10;0
5;2025-12-11;11;0
5;2025-12-11;12;0
5;2025-12-11;13;0
5;2025-12-11;14;0
5;2025-12-11;15;0
5;2025-12-11;16;0
5;2025-12-11;17;0
5;2025-12-11;18;0
5;2025-12-11;19;0
5;2025-12-11;20;0
5;2025-12-11;21;0
5;2025-12-11;22;0
5;2025-12-11;23;0
5;2025-12-12;0;0
5;2025-12-12;1;0
5;2025-12-12;2;0
5;2025-12-12;3;0
5;2025-12-12;4;0
5;2025-12-12;5;0
5;2025-12-12;6;0
5;2025-12-12;7;0
5;2025-12-12;8;0
5;2025-12-12;9;0
5;2025-12-12;10;0
5;2025-12-12;11;0
5;2025-12-12;12;0
5;2025-12-12;13;0
5;2025-12-12;14;0
5;2025-12-12;15;0
5;2025-12-12;16;0
5;2025-12-12;17;0
5;2025-12-12;18;0
5;2025-12-12;19;0
5;2025-12-12;20;0
5;2025-12-12;21;0
5;2025-12-12;22;0
5;2025-12-12;23;0
5;2025-12-13;0;0
5;2025-12-13;1;0
5;2025-12-13;2;0
5;2025-12-13;3;0
5;2025-12-13;4;0
5;2025-12-13;5;0
5;2025-12-13;6;0
5;2025-12-13;7;0
5;2025-12-13;8;0
5;2025-12-13;9;0
5;2025-12-13;10;0
5;2025-12-13;11;0
5;2025-12-13;12;0
5;2025-12-13;13;0
5;2025-12-13;14;0
5;2025-12-13;15;0
5;2025-12-13;16;0
5;2025-12-13;17;0
5;2025-12-13;18;0
5;2025-12-13;19;0
5;2025-12-13;20;0
5;2025-12-13;21;0
5;2025-12-13;22;0
5;2025-12-13;23;0
5;2025-12-14;0;0
5;2025-12-14;1;0
5;2025-12-14;2;0
5;2025-12-14;3;0
5;2025-12-14;4;0
5;2025-12-14;5;0
5;2025-12-14;6;0
5;2025-12-14;7;0
5;2025-12-14;8;0
5;2025-12-14;9;0
5;2025-12-14;10;0
5;2025-12-14;11;0
5;2025-12-14;12;0
5;2025-12-14;13;0
5;2025-12-14;14;0
5;2025-12-14;15;0
5;2025-12-14;16;0
5;2025-12-14;17;0
5;2025-12-14;18;0
5;2025-12-14;19;0
5;2025-12-14;20;0
5;2025-12-14;21;0
5;2025-12-14;22;0
5;2025-12-14;23;0
5;2025-12-15;0;0
5;2025-12-15;1;0
5;2025-12-15;2;0
5;2025-12-15;3;0
5;2025-12-15;4;0
5;2025-12-15;5;0
5;2025-12-15;6;0
5;2025-12-15;7;0
5;2025-12-15;8;0
5;2025-12-15;9;0
5;2025-12-15;10;0
5;2025-12-15;11;0
5;2025-12-15;12;0
5;2025-12-15;13;0
5;2025-12-15;14;0
5;2025-12-15;15;0
5;2025-12-15;16;0
5;2025-12-15;17;0
5;2025-12-15;18;0
5;2025-12-15;19;0
5;2025-12-15;20;0
5;2025-12-15;21;0
5;2025-12-15;22;0
5;2025-12-15;23;0
5;2025-12-16;0;0
5;2025-12-16;1;0
5;2025-12-16;2;0
5;2025-12-16;3;0
5;2025-12-16;4;0
5;2025-12-16;5;0
5;2025-12-16;6;0
5;2025-12-16;7;0
5;2025-12-16;8;0
5;2025-12-16;9;0
5;2025-12-16;10;0
5;2025-12-16;11;0
5;2025-12-16;12;0
5;2025-12-16;13;0
5;2025-12-16;14;0
5;2025-12-16;15;0
5;2025-12-16;16;0
5;2025-12-16;17;0
5;2025-12-16;18;0
5;2025-12-16;19;0
5;2025-12-16;20;0
5;2025-12-16;21;0
5;2025-12-16;22;0
5;2025-12-16;23;0
5;2025-12-17;0;0
5;2025-12-17;1;0
5;2025-12-17;2;0
5;2025-12-17;3;0
5;2025-12-17;4;0
5;2025-12-17;5;0
5;2025-12-17;6;0
5;2025-12-17;7;0
5;2025-12-17;8;0
5;2025-12-17;9;0
5;2025-12-17;10;0
5;2025-12-17;11;0
5;2025-12-17;12;0
5;2025-12-17;13;0
5;2025-12-17;14;0
5;2025-12-17;15;0
5;2025-12-17;16;0
5;2025-12-17;17;0
5;2025-12-17;18;0
5;2025-12-17;19;0
5;2025-12-17;20;0
5;2025-12-17;21;0
5;2025-12-17;22;0
5;2025-12-17;23;0
5;2025-12-18;0;0
5;2025-12-18;1;0
5;2025-12-18;2;0
5;2025-12-18;3;0
5;2025-12-18;4;0
5;2025-12-18;5;0
5;2025-12-18;6;0
5;2025-12-18;7;0
5;2025-12-18;8;0
5;2025-12-18;9;0
5;2025-12-18;10;0
5;2025-12-18;11;0
5;2025-12-18;12;0
5;2025-12-18;13;0
5;2025-12-18;14;0
5;2025-12-18;15;0
5;2025-12-18;16;0
5;2025-12-18;17;0
5;2025-12-18;18;0
5;2025-12-18;19;0
5;2025-12-18;20;0
5;2025-12-18;21;0
5;2025-12-18;22;0
5;2025-12-18;23;0
5;2025-12-19;0;0
5;2025-12-19;1;0
5;2025-12-19;2;0
5;2025-12-19;3;0
5;2025-12-19;4;0
5;2025-12-19;5;0
5;2025-12-19;6;0
5;2025-12-19;7;0
5;2025-12-19;8;0
5;2025-12-19;9;0
5;2025-12-19;10;0
5;2025-12-19;11;0
5;2025-12-19;12;0
5;2025-12-19;13;0
5;2025-12-19;14;0
5;2025-12-19;15;0
5;2025-12-19;16;0
5;2025-12-19;17;0
5;2025-12-19;18;0
5;2025-12-19;19;0
5;2025-12-19;20;0
5;2025-12-19;21;0
5;2025-12-19;22;0
5;2025-12-19;23;0
5;2025-12-20;0;0
5;2025-12-20;1;0
5;2025-12-20;2;0
5;2025-12-20;3;0
5;2025-12-20;4;0
5;2025-12-20;5;0
5;2025-12-20;6;0
5;2025-12-20;7;0
5;2025-12-20;8;0
5;2025-12-20;9;0
5;2025-12-20;10;0
5;2025-12-20;11;0
5;2025-12-20;12;0
5;2025-12-20;13;0
5;2025-12-20;14;0
5;2025-12-20;15;0
5;2025-12-20;16;0
5;2025-12-20;17;0
5;2025-12-20;18;0
5;2025-12-20;19;0
5;2025-12-20;20;0
5;2025-12-20;21;0
5;2025-12-20;22;0
5;2025-12-20;23;0
5;2025-12-21;0;0
5;2025-12-21;1;0
5;2025-12-21;2;0
5;2025-12-21;3;0
5;2025-12-21;4;0
5;2025-12-21;5;0
5;2025-12-21;6;0
5;2025-12-21;7;0
5;2025-12-21;8;0
5;2025-12-21;9;0
5;2025-12-21;10;0
5;2025-12-21;11;0
5;2025-12-21;12;0
5;2025-12-21;13;0
5;2025-12-21;14;0
5;2025-12-21;15;0
5;2025-12-21;16;0
5;2025-12-21;17;0
5;2025-12-21;18;0
5;2025-12-21;19;0
5;2025-12-21;20;0
5;2025-12-21;21;0
5;2025-12-21;22;0
5;2025-12-21;23;0
5;2025-12-22;0;0
5;2025-12-22;1;0
5;2025-12-22;2;0
5;2025-12-22;3;0
5;2025-12-22;4;0
5;2025-12-22;5;0
5;2025-12-22;6;0
5;2025-12-22;7;0
5;2025-12-22;8;0
5;2025-12-22;9;0
5;2025-12-22;10;0
5;2025-12-22;11;0
5;2025-12-22;12;0
5;2025-12-22;13;0
5;2025-12-22;14;0
5;2025-12-22;15;0
5;2025-12-22;16;0
5;2025-12-22;17;0
5;2025-12-22;18;0
5;2025-12-22;19;0
5;2025-12-22;20;0
5;2025-12-22;21;0
5;2025-12-22;22;0
5;2025-12-22;23;0
5;2025-12-23;0;0
5;2025-12-23;1;0
5;2025-12-23;2;0
5;2025-12-23;3;0
5;2025-12-23;4;0
5;2025-12-23;5;0
5;2025-12-23;6;0
5;2025-12-23;7;0
5;2025-12-23;8;0
5;2025-12-23;9;0
5;2025-12-23;10;0
5;2025-12-23;11;0
5;2025-12-23;12;0
5;2025-12-23;13;0
5;2025-12-23;14;0
5;2025-12-23;15;0
5;2025-12-23;16;0
5;2025-12-23;17;0
5;2025-12-23;18;0
5;2025-12-23;19;0
5;2025-12-23;20;0
5;2025-12-23;21;0
5;2025-12-23;22;0
5;2025-12-23;23;0
5;2025-12-24;0;0
5;2025-12-24;1;0
5;2025-12-24;2;0
5;2025-12-24;3;0
5;2025-12-24;4;0
5;2025-12-24;5;0
5;2025-12-24;6;0
5;2025-12-24;7;0
5;2025-12-24;8;0
5;2025-12-24;9;0
5;2025-12-24;10;0
5;2025-12-24;11;0
5;2025-12-24;12;0
5;2025-12-24;13;0
5;2025-12-24;14;0
5;2025-12-24;15;0
5;2025-12-24;16;0
5;2025-12-24;17;0
5;2025-12-24;18;0
5;2025-12-24;19;0
5;2025-12-24;20;0
5;2025-12-24;21;0
5;2025-12-24;22;0
5;2025-12-24;23;0
5;2025-12-25;0;0
5;2025-12-25;1;0
5;2025-12-25;2;0
5;2025-12-25;3;0
5;2025-12-25;4;0
5;2025-12-25;5;0
5;2025-12-25;6;0
5;2025-12-25;7;0
5;2025-12-25;8;0
5;2025-12-25;9;0
5;2025-12-25;10;0
5;2025-12-25;11;0
5;2025-12-25;12;0
5;2025-12-25;13;0
5;2025-12-25;14;0
5;2025-12-25;15;0
5;2025-12-25;16;0
5;2025-12-25;17;0
5;2025-12-25;18;0
5;2025-12-25;19;0
5;2025-12-25;20;0
5;2025-12-25;21;0
5;2025-12-25;22;0
5;2025-12-25;23;0
5;2025-12-26;0;0
5;2025-12-26;1;0
5;2025-12-26;2;0
5;2025-12-26;3;0
5;2025-12-26;4;0
5;2025-12-26;5;0
5;2025-12-26;6;0
5;2025-12-26;7;0
5;2025-12-26;8;0
5;2025-12-26;9;0
5;2025-12-26;10;0
5;2025-12-26;11;0
5;2025-12-26;12;0
5;2025-12-26;13;0
5;2025-12-26;14;0
5;2025-12-26;15;0
5;2025-12-26;16;0
5;2025-12-26;17;0
5;2025-12-26;18;0
5;2025-12-26;19;0
5;2025-12-26;20;0
5;2025-12-26;21;0
5;2025-12-26;22;0
5;2025-12-26;23;0
5;2025-12-27;0;0
5;2025-12-27;1;0
5;2025-12-27;2;0
5;2025-12-27;3;0
5;2025-12-27;4;0
5;2025-12-27;5;0
5;2025-12-27;6;0
5;2025-12-27;7;0
5;2025-12-27;8;0
5;2025-12-27;9;0
5;2025-12-27;10;0
5;2025-12-27;11;0
5;2025-12-27;12;0
5;2025-12-27;13;0
5;2025-12-27;14;0
5;2025-12-27;15;0
5;2025-12-27;16;0
5;2025-12-27;17;0
5;2025-12-27;18;0
5;2025-12-27;19;0
5;2025-12-27;20;0
5;2025-12-27;21;0
5;2025-12-27;22;0
5;2025-12-27;23;0
5;2025-12-28;0;0
5;2025-12-28;1;0
5;2025-12-28;2;0
5;2025-12-28;3;0
5;2025-12-28;4;0
5;2025-12-28;5;0
5;2025-12-28;6;0
5;2025-12-28;7;0
5;2025-12-28;8;0
5;2025-12-28;9;0
5;2025-12-28;10;0
5;2025-12-28;11;0
5;2025-12-28;12;0
5;2025-12-28;13;0
5;2025-12-28;14;0
5;2025-12-28;15;0
5;2025-12-28;16;0
5;2025-12-28;17;0
5;2025-12-28;18;0
5;2025-12-28;19;0
5;2025-12-28;20;0
5;2025-12-28;21;0
5;2025-12-28;22;0
5;2025-12-28;23;0
5;2025-12-29;0;0
5;2025-12-29;1;0
5;2025-12-29;2;0
5;2025-12-29;3;0
5;2025-12-29;4;0
5;2025-12-29;5;0
5;2025-12-29;6;0
5;2025-12-29;7;0
5;2025-12-29;8;0
5;2025-12-29;9;0
5;2025-12-29;10;0
5;2025-12-29;11;0
5;2025-12-29;12;0
5;2025-12-29;13;0
5;2025-12-29;14;0
5;2025-12-29;15;0
5;2025-12-29;16;0
5;2025-12-29;17;0
5;2025-12-29;18;0
5;2025-12-29;19;0
5;2025-12-29;20;0
5;2025-12-29;21;0
5;2025-12-29;22;0
5;2025-12-29;23;0
5;2025-12-30;0;0
5;2025-12-30;1;0
5;2025-12-30;2;0
5;2025-12-30;3;0
5;2025-12-30;4;0
5;2025-12-30;5;0
5;2025-12-30;6;0
5;2025-12-30;7;0
5;2025-12-30;8;0
5;2025-12-30;9;0
5;2025-12-30;10;0
5;2025-12-30;11;0
5;2025-12-30;12;0
5;2025-12-30;13;0
5;2025-12-30;14;0
5;2025-12-30;15;0
5;2025-12-30;16;0
5;2025-12-30;17;0
5;2025-12-30;18;0
5;2025-12-30;19;0
5;2025-12-30;20;0
5;2025-12-30;21;0
5;2025-12-30;22;0
5;2025-12-30;23;0
5;2025-12-31;0;0
5;2025-12-31;1;0
5;2025-12-31;2;0
5;2025-12-31;3;0
5;2025-12-31;4;0
5;2025-12-31;5;0
5;2025-12-31;6;0
5;2025-12-31;7;0
5;2025-12-31;8;0
5;2025-12-31;9;0
5;2025-12-31;10;0
5;2025-12-31;11;0
5;2025-12-31;12;0
5;2025-12-31;13;0
5;2025-12-31;14;0
5;2025-12-31;15;0
5;2025-12-31;16;0
5;2025-12-31;17;0
5;2025-12-31;18;0
5;2025-12-31;19;0
5;2025-12-31;20;0
5;2025-12-31;21;0
5;2025-12-31;22;0
5;2025-12-31;23;0
7;2025-11-01;0;61
7;2025-11-01;1;12
7;2025-11-01;2;0
7;2025-11-01;3;0
7;2025-11-01;4;2
7;2025-11-01;5;98
7;2025-11-01;6;403
7;2025-11-01;7;842
7;2025-11-01;8;1389
7;2025-11-01;9;1059
7;2025-11-01;10;1295
7;2025-11-01;11;1254
7;2025-11-01;12;1385
7;2025-11-01;13;1353
7;2025-11-01;14;1395
7;2025-11-01;15;1481
7;2025-11-01;16;1486
7;2025-11-01;17;1825
7;2025-11-01;18;2045
7;2025-11-01;19;1343
7;2025-11-01;20;876
7;2025-11-01;21;517
7;2025-11-01;22;235
7;2025-11-01;23;163
7;2025-11-02;0;75
7;2025-11-02;1;13
7;2025-11-02;2;0
7;2025-11-02;3;0
7;2025-11-02;4;0
7;2025-11-02;5;26
7;2025-11-02;6;125
7;2025-11-02;7;199
7;2025-11-02;8;367
7;2025-11-02;9;478
7;2025-11-02;10;431
7;2025-11-02;11;534
7;2025-11-02;12;616
7;2025-11-02;13;670
7;2025-11-02;14;690
7;2025-11-02;15;681
7;2025-11-02;16;585
7;2025-11-02;17;627
7;2025-11-02;18;606
7;2025-11-02;19;485
7;2025-11-02;20;414
7;2025-11-02;21;314
7;2025-11-02;22;155
7;2025-11-02;23;117
7;2025-11-03;0;60
7;2025-11-03;1;9
7;2025-11-03;2;0
7;2025-11-03;3;0
7;2025-11-03;4;0
7;2025-11-03;5;26
7;2025-11-03;6;120
7;2025-11-03;7;224
7;2025-11-03;8;350
7;2025-11-03;9;424
7;2025-11-03;10;407
7;2025-11-03;11;438
7;2025-11-03;12;497
7;2025-11-03;13;533
7;2025-11-03;14;546
7;2025-11-03;15;547
7;2025-11-03;16;486
7;2025-11-03;17;586
7;2025-11-03;18;566
7;2025-11-03;19;465
7;2025-11-03;20;398
7;2025-11-03;21;296
7;2025-11-03;22;159
7;2025-11-03;23;101
7;2025-11-04;0;58
7;2025-11-04;1;9
7;2025-11-04;2;0
7;2025-11-04;3;0
7;2025-11-04;4;0
7;2025-11-04;5;26
7;2025-11-04;6;121
7;2025-11-04;7;226
7;2025-11-04;8;353
7;2025-11-04;9;428
7;2025-11-04;10;412
7;2025-11-04;11;441
7;2025-11-04;12;500
7;2025-11-04;13;552
7;2025-11-04;14;556
7;2025-11-04;15;545
7;2025-11-04;16;488
7;2025-11-04;17;590
7;2025-11-04;18;573
7;2025-11-04;19;467
7;2025-11-04;20;409
7;2025-11-04;21;300
7;2025-11-04;22;156
7;2025-11-04;23;103
7;2025-11-05;0;57
7;2025-11-05;1;9
7;2025-11-05;2;0
7;2025-11-05;3;0
7;2025-11-05;4;2
7;2025-11-05;5;189
7;2025-11-05;6;631
7;2025-11-05;7;1592
7;2025-11-05;8;2502
7;2025-11-05;9;1868
7;2025-11-05;10;1784
7;2025-11-05;11;1630
7;2025-11-05;12;1774
7;2025-11-05;13;1655
7;2025-11-05;14;1729
7;2025-11-05;15;1822
7;2025-11-05;16;1859
7;2025-11-05;17;2392
7;2025-11-05;18;2623
7;2025-11-05;19;1699
7;2025-11-05;20;1105
7;2025-11-05;21;646
7;2025-11-05;22;310
7;2025-11-05;23;197
7;2025-11-06;0;58
7;2025-11-06;1;8
7;2025-11-06;2;0
7;2025-11-06;3;0
7;2025-11-06;4;1
7;2025-11-06;5;187
7;2025-11-06;6;635
7;2025-11-06;7;1639
7;2025-11-06;8;2502
7;2025-11-06;9;1858
7;2025-11-06;10;1738
7;2025-11-06;11;1634
7;2025-11-06;12;1772
7;2025-11-06;13;1666
7;2025-11-06;14;1764
7;2025-11-06;15;1833
7;2025-11-06;16;1870
7;2025-11-06;17;2354
7;2025-11-06;18;2668
7;2025-11-06;19;1707
7;2025-11-06;20;1116
7;2025-11-06;21;655
7;2025-11-06;22;320
7;2025-11-06;23;211
7;2025-11-07;0;66
7;2025-11-07;1;10
7;2025-11-07;2;0
7;2025-11-07;3;0
7;2025-11-07;4;1
7;2025-11-07;5;176
7;2025-11-07;6;583
7;2025-11-07;7;1504
7;2025-11-07;8;2363
7;2025-11-07;9;1772
7;2025-11-07;10;1752
7;2025-11-07;11;1586
7;2025-11-07;12;1727
7;2025-11-07;13;1758
7;2025-11-07;14;1778
7;2025-11-07;15;1892
7;2025-11-07;16;2089
7;2025-11-07;17;2372
7;2025-11-07;18;1994
7;2025-11-07;19;1385
7;2025-11-07;20;1021
7;2025-11-07;21;605
7;2025-11-07;22;335
7;2025-11-07;23;240
7;2025-11-08;0;100
7;2025-11-08;1;18
7;2025-11-08;2;0
7;2025-11-08;3;0
7;2025-11-08;4;0
7;2025-11-08;5;49
7;2025-11-08;6;237
7;2025-11-08;7;375
7;2025-11-08;8;600
7;2025-11-08;9;582
7;2025-11-08;10;699
7;2025-11-08;11;769
7;2025-11-08;12;964
7;2025-11-08;13;945
7;2025-11-08;14;849
7;2025-11-08;15;902
7;2025-11-08;16;818
7;2025-11-08;17;814
7;2025-11-08;18;831
7;2025-11-08;19;708
7;2025-11-08;20;630
7;2025-11-08;21;444
7;2025-11-08;22;247
7;2025-11-08;23;175
7;2025-11-09;0;75
7;2025-11-09;1;13
7;2025-11-09;2;0
7;2025-11-09;3;0
7;2025-11-09;4;0
7;2025-11-09;5;26
7;2025-11-09;6;125
7;2025-11-09;7;199
7;2025-11-09;8;367
7;2025-11-09;9;478
7;2025-11-09;10;431
7;2025-11-09;11;534
7;2025-11-09;12;616
7;2025-11-09;13;670
7;2025-11-09;14;690
7;2025-11-09;15;681
7;2025-11-09;16;585
7;2025-11-09;17;627
7;2025-11-09;18;606
7;2025-11-09;19;485
7;2025-11-09;20;414
7;2025-11-09;21;314
7;2025-11-09;22;155
7;2025-11-09;23;117
7;2025-11-10;0;61
7;2025-11-10;1;11
7;2025-11-10;2;0
7;2025-11-10;3;0
7;2025-11-10;4;1
7;2025-11-10;5;185
7;2025-11-10;6;579
7;2025-11-10;7;1613
7;2025-11-10;8;2467
7;2025-11-10;9;1832
7;2025-11-10;10;1723
7;2025-11-10;11;1606
7;2025-11-10;12;1684
7;2025-11-10;13;1623
7;2025-11-10;14;1698
7;2025-11-10;15;1794
7;2025-11-10;16;1812
7;2025-11-10;17;2323
7;2025-11-10;18;2607
7;2025-11-10;19;1707
7;2025-11-10;20;1093
7;2025-11-10;21;629
7;2025-11-10;22;304
7;2025-11-10;23;185
7;2025-11-11;0;60
7;2025-11-11;1;11
7;2025-11-11;2;0
7;2025-11-11;3;0
7;2025-11-11;4;2
7;2025-11-11;5;187
7;2025-11-11;6;608
7;2025-11-11;7;1607
7;2025-11-11;8;2503
7;2025-11-11;9;1879
7;2025-11-11;10;1764
7;2025-11-11;11;1634
7;2025-11-11;12;1744
7;2025-11-11;13;1663
7;2025-11-11;14;1666
7;2025-11-11;15;1825
7;2025-11-11;16;1836
7;2025-11-11;17;2334
7;2025-11-11;18;2640
7;2025-11-11;19;1720
7;2025-11-11;20;1146
7;2025-11-11;21;662
7;2025-11-11;22;323
7;2025-11-11;23;205
7;2025-11-12;0;57
7;2025-11-12;1;9
7;2025-11-12;2;0
7;2025-11-12;3;0
7;2025-11-12;4;2
7;2025-11-12;5;189
7;2025-11-12;6;631
7;2025-11-12;7;1592
7;2025-11-12;8;2502
7;2025-11-12;9;1868
7;2025-11-12;10;1784
7;2025-11-12;11;1630
7;2025-11-12;12;1774
7;2025-11-12;13;1655
7;2025-11-12;14;1729
7;2025-11-12;15;1822
7;2025-11-12;16;1859
7;2025-11-12;17;2392
7;2025-11-12;18;2623
7;2025-11-12;19;1699
7;2025-11-12;20;1105
7;2025-11-12;21;646
7;2025-11-12;22;310
7;2025-11-12;23;197
7;2025-11-13;0;58
7;2025-11-13;1;8
7;2025-11-13;2;0
7;2025-11-13;3;0
7;2025-11-13;4;1
7;2025-11-13;5;187
7;2025-11-13;6;635
7;2025-11-13;7;1639
7;2025-11-13;8;2502
7;2025-11-13;9;1858
7;2025-11-13;10;1738
7;2025-11-13;11;1634
7;2025-11-13;12;1772
7;2025-11-13;13;1666
7;2025-11-13;14;1764
7;2025-11-13;15;1833
7;2025-11-13;16;1870
7;2025-11-13;17;2354
7;2025-11-13;18;2668
7;2025-11-13;19;1707
7;2025-11-13;20;1116
7;2025-11-13;21;655
7;2025-11-13;22;320
7;2025-11-13;23;211
7;2025-11-14;0;66
7;2025-11-14;1;10
7;2025-11-14;2;0
7;2025-11-14;3;0
7;2025-11-14;4;1
7;2025-11-14;5;176
7;2025-11-14;6;583
7;2025-11-14;7;1504
7;2025-11-14;8;2363
7;2025-11-14;9;1772
7;2025-11-14;10;1752
7;2025-11-14;11;1586
7;2025-11-14;12;1727
7;2025-11-14;13;1758
7;2025-11-14;14;1778
7;2025-11-14;15;1892
7;2025-11-14;16;2089
7;2025-11-14;17;2372
7;2025-11-14;18;1994
7;2025-11-14;19;1385
7;2025-11-14;20;1021
7;2025-11-14;21;605
7;2025-11-14;22;335
7;2025-11-14;23;240
7;2025-11-15;0;117
7;2025-11-15;1;24
7;2025-11-15;2;0
7;2025-11-15;3;0
7;2025-11-15;4;0
7;2025-11-15;5;54
7;2025-11-15;6;296
7;2025-11-15;7;390
7;2025-11-15;8;852
7;2025-11-15;9;827
7;2025-11-15;10;912
7;2025-11-15;11;1131
7;2025-11-15;12;1244
7;2025-11-15;13;1274
7;2025-11-15;14;1358
7;2025-11-15;15;1132
7;2025-11-15;16;1167
7;2025-11-15;17;1163
7;2025-11-15;18;996
7;2025-11-15;19;964
7;2025-11-15;20;791
7;2025-11-15;21;610
7;2025-11-15;22;316
7;2025-11-15;23;217
7;2025-11-16;0;99
7;2025-11-16;1;17
7;2025-11-16;2;0
7;2025-11-16;3;0
7;2025-11-16;4;0
7;2025-11-16;5;31
7;2025-11-16;6;153
7;2025-11-16;7;238
7;2025-11-16;8;476
7;2025-11-16;9;637
7;2025-11-16;10;669
7;2025-11-16;11;860
7;2025-11-16;12;969
7;2025-11-16;13;1015
7;2025-11-16;14;1093
7;2025-11-16;15;1014
7;2025-11-16;16;1000
7;2025-11-16;17;954
7;2025-11-16;18;824
7;2025-11-16;19;774
7;2025-11-16;20;586
7;2025-11-16;21;475
7;2025-11-16;22;258
7;2025-11-16;23;146
7;2025-11-17;0;61
7;2025-11-17;1;11
7;2025-11-17;2;0
7;2025-11-17;3;0
7;2025-11-17;4;1
7;2025-11-17;5;185
7;2025-11-17;6;579
7;2025-11-17;7;1613
7;2025-11-17;8;2467
7;2025-11-17;9;1832
7;2025-11-17;10;1723
7;2025-11-17;11;1606
7;2025-11-17;12;1684
7;2025-11-17;13;1623
7;2025-11-17;14;1698
7;2025-11-17;15;1794
7;2025-11-17;16;1812
7;2025-11-17;17;2323
7;2025-11-17;18;2607
7;2025-11-17;19;1707
7;2025-11-17;20;1093
7;2025-11-17;21;629
7;2025-11-17;22;304
7;2025-11-17;23;185
7;2025-11-18;0;60
7;2025-11-18;1;11
7;2025-11-18;2;0
7;2025-11-18;3;0
7;2025-11-18;4;2
7;2025-11-18;5;187
7;2025-11-18;6;608
7;2025-11-18;7;1607
7;2025-11-18;8;2503
7;2025-11-18;9;1879
7;2025-11-18;10;1764
7;2025-11-18;11;1634
7;2025-11-18;12;1744
7;2025-11-18;13;1663
7;2025-11-18;14;1666
7;2025-11-18;15;1825
7;2025-11-18;16;1836
7;2025-11-18;17;2334
7;2025-11-18;18;2640
7;2025-11-18;19;1720
7;2025-11-18;20;1146
7;2025-11-18;21;662
7;2025-11-18;22;323
7;2025-11-18;23;205
7;2025-11-19;0;57
7;2025-11-19;1;9
7;2025-11-19;2;0
7;2025-11-19;3;0
7;2025-11-19;4;2
7;2025-11-19;5;189
7;2025-11-19;6;631
7;2025-11-19;7;1592
7;2025-11-19;8;2502
7;2025-11-19;9;1868
7;2025-11-19;10;1784
7;2025-11-19;11;1630
7;2025-11-19;12;1774
7;2025-11-19;13;1655
7;2025-11-19;14;1729
7;2025-11-19;15;1822
7;2025-11-19;16;1859
7;2025-11-19;17;2392
7;2025-11-19;18;2623
7;2025-11-19;19;1699
7;2025-11-19;20;1105
7;2025-11-19;21;646
7;2025-11-19;22;310
7;2025-11-19;23;197
7;2025-11-20;0;58
7;2025-11-20;1;8
7;2025-11-20;2;0
7;2025-11-20;3;0
7;2025-11-20;4;1
7;2025-11-20;5;187
7;2025-11-20;6;635
7;2025-11-20;7;1639
7;2025-11-20;8;2502
7;2025-11-20;9;1858
7;2025-11-20;10;1738
7;2025-11-20;11;1634
7;2025-11-20;12;1772
7;2025-11-20;13;1666
7;2025-11-20;14;1764
7;2025-11-20;15;1833
7;2025-11-20;16;1870
7;2025-11-20;17;2354
7;2025-11-20;18;2668
7;2025-11-20;19;1707
7;2025-11-20;20;1116
7;2025-11-20;21;655
7;2025-11-20;22;320
7;2025-11-20;23;211
7;2025-11-21;0;66
7;2025-11-21;1;10
7;2025-11-21;2;0
7;2025-11-21;3;0
7;2025-11-21;4;1
7;2025-11-21;5;176
7;2025-11-21;6;583
7;2025-11-21;7;1504
7;2025-11-21;8;2363
7;2025-11-21;9;1772
7;2025-11-21;10;1752
7;2025-11-21;11;1586
7;2025-11-21;12;1727
7;2025-11-21;13;1758
7;2025-11-21;14;1778
7;2025-11-21;15;1892
7;2025-11-21;16;2089
7;2025-11-21;17;2372
7;2025-11-21;18;1994
7;2025-11-21;19;1385
7;2025-11-21;20;1021
7;2025-11-21;21;605
7;2025-11-21;22;335
7;2025-11-21;23;240
7;2025-11-22;0;117
7;2025-11-22;1;24
7;2025-11-22;2;0
7;2025-11-22;3;0
7;2025-11-22;4;0
7;2025-11-22;5;54
7;2025-11-22;6;296
7;2025-11-22;7;390
7;2025-11-22;8;852
7;2025-11-22;9;827
7;2025-11-22;10;912
7;2025-11-22;11;1131
7;2025-11-22;12;1244
7;2025-11-22;13;1274
7;2025-11-22;14;1358
7;2025-11-22;15;1132
7;2025-11-22;16;1167
7;2025-11-22;17;1163
7;2025-11-22;18;996
7;2025-11-22;19;964
7;2025-11-22;20;791
7;2025-11-22;21;610
7;2025-11-22;22;316
7;2025-11-22;23;217
7;2025-11-23;0;99
7;2025-11-23;1;17
7;2025-11-23;2;0
7;2025-11-23;3;0
7;2025-11-23;4;0
7;2025-11-23;5;31
7;2025-11-23;6;153
7;2025-11-23;7;238
7;2025-11-23;8;476
7;2025-11-23;9;637
7;2025-11-23;10;669
7;2025-11-23;11;860
7;2025-11-23;12;969
7;2025-11-23;13;1015
7;2025-11-23;14;1093
7;2025-11-23;15;1014
7;2025-11-23;16;1000
7;2025-11-23;17;954
7;2025-11-23;18;824
7;2025-11-23;19;774
7;2025-11-23;20;586
7;2025-11-23;21;475
7;2025-11-23;22;258
7;2025-11-23;23;146
7;2025-11-24;0;61
7;2025-11-24;1;11
7;2025-11-24;2;0
7;2025-11-24;3;0
7;2025-11-24;4;1
7;2025-11-24;5;185
7;2025-11-24;6;579
7;2025-11-24;7;1613
7;2025-11-24;8;2467
7;2025-11-24;9;1832
7;2025-11-24;10;1723
7;2025-11-24;11;1606
7;2025-11-24;12;1684
7;2025-11-24;13;1623
7;2025-11-24;14;1698
7;2025-11-24;15;1794
7;2025-11-24;16;1812
7;2025-11-24;17;2323
7;2025-11-24;18;2607
7;2025-11-24;19;1707
7;2025-11-24;20;1093
7;2025-11-24;21;629
7;2025-11-24;22;304
7;2025-11-24;23;185
7;2025-11-25;0;60
7;2025-11-25;1;11
7;2025-11-25;2;0
7;2025-11-25;3;0
7;2025-11-25;4;2
7;2025-11-25;5;187
7;2025-11-25;6;608
7;2025-11-25;7;1607
7;2025-11-25;8;2503
7;2025-11-25;9;1879
7;2025-11-25;10;1764
7;2025-11-25;11;1634
7;2025-11-25;12;1744
7;2025-11-25;13;1663
7;2025-11-25;14;1666
7;2025-11-25;15;1825
7;2025-11-25;16;1836
7;2025-11-25;17;2334
7;2025-11-25;18;2640
7;2025-11-25;19;1720
7;2025-11-25;20;1146
7;2025-11-25;21;662
7;2025-11-25;22;323
7;2025-11-25;23;205
7;2025-11-26;0;57
7;2025-11-26;1;9
7;2025-11-26;2;0
7;2025-11-26;3;0
7;2025-11-26;4;2
7;2025-11-26;5;189
7;2025-11-26;6;631
7;2025-11-26;7;1592
7;2025-11-26;8;2502
7;2025-11-26;9;1868
7;2025-11-26;10;1784
7;2025-11-26;11;1630
7;2025-11-26;12;1774
7;2025-11-26;13;1655
7;2025-11-26;14;1729
7;2025-11-26;15;1822
7;2025-11-26;16;1859
7;2025-11-26;17;2392
7;2025-11-26;18;2623
7;2025-11-26;19;1699
7;2025-11-26;20;1105
7;2025-11-26;21;646
7;2025-11-26;22;310
7;2025-11-26;23;197
7;2025-11-27;0;58
7;2025-11-27;1;8
7;2025-11-27;2;0
7;2025-11-27;3;0
7;2025-11-27;4;1
7;2025-11-27;5;187
7;2025-11-27;6;635
7;2025-11-27;7;1639
7;2025-11-27;8;2502
7;2025-11-27;9;1858
7;2025-11-27;10;1738
7;2025-11-27;11;1634
7;2025-11-27;12;1772
7;2025-11-27;13;1666
7;2025-11-27;14;1764
7;2025-11-27;15;1833
7;2025-11-27;16;1870
7;2025-11-27;17;2354
7;2025-11-27;18;2668
7;2025-11-27;19;1707
7;2025-11-27;20;1116
7;2025-11-27;21;655
7;2025-11-27;22;320
7;2025-11-27;23;211
7;2025-11-28;0;66
7;2025-11-28;1;10
7;2025-11-28;2;0
7;2025-11-28;3;0
7;2025-11-28;4;1
7;2025-11-28;5;176
7;2025-11-28;6;583
7;2025-11-28;7;1504
7;2025-11-28;8;2363
7;2025-11-28;9;1772
7;2025-11-28;10;1752
7;2025-11-28;11;1586
7;2025-11-28;12;1727
7;2025-11-28;13;1758
7;2025-11-28;14;1778
7;2025-11-28;15;1892
7;2025-11-28;16;2089
7;2025-11-28;17;2372
7;2025-11-28;18;1994
7;2025-11-28;19;1385
7;2025-11-28;20;1021
7;2025-11-28;21;605
7;2025-11-28;22;335
7;2025-11-28;23;240
7;2025-11-29;0;117
7;2025-11-29;1;24
7;2025-11-29;2;0
7;2025-11-29;3;0
7;2025-11-29;4;0
7;2025-11-29;5;54
7;2025-11-29;6;296
7;2025-11-29;7;390
7;2025-11-29;8;852
7;2025-11-29;9;827
7;2025-11-29;10;912
7;2025-11-29;11;1131
7;2025-11-29;12;1244
7;2025-11-29;13;1274
7;2025-11-29;14;1358
7;2025-11-29;15;1132
7;2025-11-29;16;1167
7;2025-11-29;17;1163
7;2025-11-29;18;996
7;2025-11-29;19;964
7;2025-11-29;20;791
7;2025-11-29;21;610
7;2025-11-29;22;316
7;2025-11-29;23;217
7;2025-11-30;0;99
7;2025-11-30;1;17
7;2025-11-30;2;0
7;2025-11-30;3;0
7;2025-11-30;4;0
7;2025-11-30;5;31
7;2025-11-30;6;153
7;2025-11-30;7;238
7;2025-11-30;8;476
7;2025-11-30;9;637
7;2025-11-30;10;669
7;2025-11-30;11;860
7;2025-11-30;12;969
7;2025-11-30;13;1015
7;2025-11-30;14;1093
7;2025-11-30;15;1014
7;2025-11-30;16;1000
7;2025-11-30;17;954
7;2025-11-30;18;824
7;2025-11-30;19;774
7;2025-11-30;20;586
7;2025-11-30;21;475
7;2025-11-30;22;258
7;2025-11-30;23;146
7;2025-12-01;0;60
7;2025-12-01;1;11
7;2025-12-01;2;0
7;2025-12-01;3;0
7;2025-12-01;4;1
7;2025-12-01;5;182
7;2025-12-01;6;567
7;2025-12-01;7;1580
7;2025-12-01;8;2417
7;2025-12-01;9;1795
7;2025-12-01;10;1688
7;2025-12-01;11;1573
7;2025-12-01;12;1651
7;2025-12-01;13;1591
7;2025-12-01;14;1664
7;2025-12-01;15;1758
7;2025-12-01;16;1776
7;2025-12-01;17;2277
7;2025-12-01;18;2555
7;2025-12-01;19;1673
7;2025-12-01;20;1072
7;2025-12-01;21;616
7;2025-12-01;22;298
7;2025-12-01;23;181
7;2025-12-02;0;58
7;2025-12-02;1;11
7;2025-12-02;2;0
7;2025-12-02;3;0
7;2025-12-02;4;2
7;2025-12-02;5;183
7;2025-12-02;6;596
7;2025-12-02;7;1575
7;2025-12-02;8;2453
7;2025-12-02;9;1841
7;2025-12-02;10;1729
7;2025-12-02;11;1602
7;2025-12-02;12;1709
7;2025-12-02;13;1629
7;2025-12-02;14;1632
7;2025-12-02;15;1789
7;2025-12-02;16;1799
7;2025-12-02;17;2288
7;2025-12-02;18;2587
7;2025-12-02;19;1686
7;2025-12-02;20;1123
7;2025-12-02;21;649
7;2025-12-02;22;316
7;2025-12-02;23;201
7;2025-12-03;0;56
7;2025-12-03;1;9
7;2025-12-03;2;0
7;2025-12-03;3;0
7;2025-12-03;4;2
7;2025-12-03;5;185
7;2025-12-03;6;619
7;2025-12-03;7;1561
7;2025-12-03;8;2452
7;2025-12-03;9;1831
7;2025-12-03;10;1748
7;2025-12-03;11;1598
7;2025-12-03;12;1739
7;2025-12-03;13;1621
7;2025-12-03;14;1694
7;2025-12-03;15;1786
7;2025-12-03;16;1822
7;2025-12-03;17;2344
7;2025-12-03;18;2570
7;2025-12-03;19;1665
7;2025-12-03;20;1083
7;2025-12-03;21;633
7;2025-12-03;22;304
7;2025-12-03;23;193
7;2025-12-04;0;57
7;2025-12-04;1;8
7;2025-12-04;2;0
7;2025-12-04;3;0
7;2025-12-04;4;1
7;2025-12-04;5;183
7;2025-12-04;6;623
7;2025-12-04;7;1606
7;2025-12-04;8;2452
7;2025-12-04;9;1821
7;2025-12-04;10;1704
7;2025-12-04;11;1602
7;2025-12-04;12;1737
7;2025-12-04;13;1633
7;2025-12-04;14;1729
7;2025-12-04;15;1796
7;2025-12-04;16;1832
7;2025-12-04;17;2307
7;2025-12-04;18;2614
7;2025-12-04;19;1673
7;2025-12-04;20;1093
7;2025-12-04;21;642
7;2025-12-04;22;314
7;2025-12-04;23;207
7;2025-12-05;0;65
7;2025-12-05;1;10
7;2025-12-05;2;0
7;2025-12-05;3;0
7;2025-12-05;4;1
7;2025-12-05;5;173
7;2025-12-05;6;571
7;2025-12-05;7;1474
7;2025-12-05;8;2316
7;2025-12-05;9;1736
7;2025-12-05;10;1717
7;2025-12-05;11;1554
7;2025-12-05;12;1693
7;2025-12-05;13;1723
7;2025-12-05;14;1743
7;2025-12-05;15;1854
7;2025-12-05;16;2047
7;2025-12-05;17;2325
7;2025-12-05;18;1954
7;2025-12-05;19;1357
7;2025-12-05;20;1000
7;2025-12-05;21;593
7;2025-12-05;22;328
7;2025-12-05;23;235
7;2025-12-06;0;115
7;2025-12-06;1;24
7;2025-12-06;2;0
7;2025-12-06;3;0
7;2025-12-06;4;0
7;2025-12-06;5;53
7;2025-12-06;6;290
7;2025-12-06;7;382
7;2025-12-06;8;835
7;2025-12-06;9;811
7;2025-12-06;10;894
7;2025-12-06;11;1108
7;2025-12-06;12;1219
7;2025-12-06;13;1248
7;2025-12-06;14;1330
7;2025-12-06;15;1109
7;2025-12-06;16;1144
7;2025-12-06;17;1139
7;2025-12-06;18;976
7;2025-12-06;19;945
7;2025-12-06;20;775
7;2025-12-06;21;598
7;2025-12-06;22;310
7;2025-12-06;23;212
7;2025-12-07;0;97
7;2025-12-07;1;17
7;2025-12-07;2;0
7;2025-12-07;3;0
7;2025-12-07;4;0
7;2025-12-07;5;30
7;2025-12-07;6;150
7;2025-12-07;7;233
7;2025-12-07;8;467
7;2025-12-07;9;624
7;2025-12-07;10;656
7;2025-12-07;11;842
7;2025-12-07;12;950
7;2025-12-07;13;994
7;2025-12-07;14;1071
7;2025-12-07;15;994
7;2025-12-07;16;980
7;2025-12-07;17;935
7;2025-12-07;18;807
7;2025-12-07;19;758
7;2025-12-07;20;574
7;2025-12-07;21;466
7;2025-12-07;22;252
7;2025-12-07;23;143
7;2025-12-08;0;60
7;2025-12-08;1;11
7;2025-12-08;2;0
7;2025-12-08;3;0
7;2025-12-08;4;1
7;2025-12-08;5;182
7;2025-12-08;6;567
7;2025-12-08;7;1580
7;2025-12-08;8;2417
7;2025-12-08;9;1795
7;2025-12-08;10;1688
7;2025-12-08;11;1573
7;2025-12-08;12;1651
7;2025-12-08;13;1591
7;2025-12-08;14;1664
7;2025-12-08;15;1758
7;2025-12-08;16;1776
7;2025-12-08;17;2277
7;2025-12-08;18;2555
7;2025-12-08;19;1673
7;2025-12-08;20;1072
7;2025-12-08;21;616
7;2025-12-08;22;298
7;2025-12-08;23;181
7;2025-12-09;0;58
7;2025-12-09;1;11
7;2025-12-09;2;0
7;2025-12-09;3;0
7;2025-12-09;4;2
7;2025-12-09;5;183
7;2025-12-09;6;596
7;2025-12-09;7;1575
7;2025-12-09;8;2453
7;2025-12-09;9;1841
7;2025-12-09;10;1729
7;2025-12-09;11;1602
7;2025-12-09;12;1709
7;2025-12-09;13;1629
7;2025-12-09;14;1632
7;2025-12-09;15;1789
7;2025-12-09;16;1799
7;2025-12-09;17;2288
7;2025-12-09;18;2587
7;2025-12-09;19;1686
7;2025-12-09;20;1123
7;2025-12-09;21;649
7;2025-12-09;22;316
7;2025-12-09;23;201
7;2025-12-10;0;56
7;2025-12-10;1;9
7;2025-12-10;2;0
7;2025-12-10;3;0
7;2025-12-10;4;2
7;2025-12-10;5;185
7;2025-12-10;6;619
7;2025-12-10;7;1561
7;2025-12-10;8;2452
7;2025-12-10;9;1831
7;2025-12-10;10;1748
7;2025-12-10;11;1598
7;2025-12-10;12;1739
7;2025-12-10;13;1621
7;2025-12-10;14;1694
7;2025-12-10;15;1786
7;2025-12-10;16;1822
7;2025-12-10;17;2344
7;2025-12-10;18;2570
7;2025-12-10;19;1665
7;2025-12-10;20;1083
7;2025-12-10;21;633
7;2025-12-10;22;304
7;2025-12-10;23;193
7;2025-12-11;0;57
7;2025-12-11;1;8
7;2025-12-11;2;0
7;2025-12-11;3;0
7;2025-12-11;4;1
7;2025-12-11;5;183
7;2025-12-11;6;623
7;2025-12-11;7;1606
7;2025-12-11;8;2452
7;2025-12-11;9;1821
7;2025-12-11;10;1704
7;2025-12-11;11;1602
7;2025-12-11;12;1737
7;2025-12-11;13;1633
7;2025-12-11;14;1729
7;2025-12-11;15;1796
7;2025-12-11;16;1832
7;2025-12-11;17;2307
7;2025-12-11;18;2614
7;2025-12-11;19;1673
7;2025-12-11;20;1093
7;2025-12-11;21;642
7;2025-12-11;22;314
7;2025-12-11;23;207
7;2025-12-12;0;65
7;2025-12-12;1;10
7;2025-12-12;2;0
7;2025-12-12;3;0
7;2025-12-12;4;1
7;2025-12-12;5;173
7;2025-12-12;6;571
7;2025-12-12;7;1474
7;2025-12-12;8;2316
7;2025-12-12;9;1736
7;2025-12-12;10;1717
7;2025-12-12;11;1554
7;2025-12-12;12;1693
7;2025-12-12;13;1723
7;2025-12-12;14;1743
7;2025-12-12;15;1854
7;2025-12-12;16;2047
7;2025-12-12;17;2325
7;2025-12-12;18;1954
7;2025-12-12;19;1357
7;2025-12-12;20;1000
7;2025-12-12;21;593
7;2025-12-12;22;328
7;2025-12-12;23;235
7;2025-12-13;0;115
7;2025-12-13;1;24
7;2025-12-13;2;0
7;2025-12-13;3;0
7;2025-12-13;4;0
7;2025-12-13;5;53
7;2025-12-13;6;290
7;2025-12-13;7;382
7;2025-12-13;8;835
7;2025-12-13;9;811
7;2025-12-13;10;894
7;2025-12-13;11;1108
7;2025-12-13;12;1219
7;2025-12-13;13;1248
7;2025-12-13;14;1330
7;2025-12-13;15;1109
7;2025-12-13;16;1144
7;2025-12-13;17;1139
7;2025-12-13;18;976
7;2025-12-13;19;945
7;2025-12-13;20;775
7;2025-12-13;21;598
7;2025-12-13;22;310
7;2025-12-13;23;212
7;2025-12-14;0;97
7;2025-12-14;1;17
7;2025-12-14;2;0
7;2025-12-14;3;0
7;2025-12-14;4;0
7;2025-12-14;5;30
7;2025-12-14;6;150
7;2025-12-14;7;233
7;2025-12-14;8;467
7;2025-12-14;9;624
7;2025-12-14;10;656
7;2025-12-14;11;842
7;2025-12-14;12;950
7;2025-12-14;13;994
7;2025-12-14;14;1071
7;2025-12-14;15;994
7;2025-12-14;16;980
7;2025-12-14;17;935
7;2025-12-14;18;807
7;2025-12-14;19;758
7;2025-12-14;20;574
7;2025-12-14;21;466
7;2025-12-14;22;252
7;2025-12-14;23;143
7;2025-12-15;0;60
7;2025-12-15;1;11
7;2025-12-15;2;0
7;2025-12-15;3;0
7;2025-12-15;4;1
7;2025-12-15;5;182
7;2025-12-15;6;567
7;2025-12-15;7;1580
7;2025-12-15;8;2417
7;2025-12-15;9;1795
7;2025-12-15;10;1688
7;2025-12-15;11;1573
7;2025-12-15;12;1651
7;2025-12-15;13;1591
7;2025-12-15;14;1664
7;2025-12-15;15;1758
7;2025-12-15;16;1776
7;2025-12-15;17;2277
7;2025-12-15;18;2555
7;2025-12-15;19;1673
7;2025-12-15;20;1072
7;2025-12-15;21;616
7;2025-12-15;22;298
7;2025-12-15;23;181
7;2025-12-16;0;58
7;2025-12-16;1;11
7;2025-12-16;2;0
7;2025-12-16;3;0
7;2025-12-16;4;2
7;2025-12-16;5;183
7;2025-12-16;6;596
7;2025-12-16;7;1575
7;2025-12-16;8;2453
7;2025-12-16;9;1841
7;2025-12-16;10;1729
7;2025-12-16;11;1602
7;2025-12-16;12;1709
7;2025-12-16;13;1629
7;2025-12-16;14;1632
7;2025-12-16;15;1789
7;2025-12-16;16;1799
7;2025-12-16;17;2288
7;2025-12-16;18;2587
7;2025-12-16;19;1686
7;2025-12-16;20;1123
7;2025-12-16;21;649
7;2025-12-16;22;316
7;2025-12-16;23;201
7;2025-12-17;0;56
7;2025-12-17;1;9
7;2025-12-17;2;0
7;2025-12-17;3;0
7;2025-12-17;4;2
7;2025-12-17;5;185
7;2025-12-17;6;619
7;2025-12-17;7;1561
7;2025-12-17;8;2452
7;2025-12-17;9;1831
7;2025-12-17;10;1748
7;2025-12-17;11;1598
7;2025-12-17;12;1739
7;2025-12-17;13;1621
7;2025-12-17;14;1694
7;2025-12-17;15;1786
7;2025-12-17;16;1822
7;2025-12-17;17;2344
7;2025-12-17;18;2570
7;2025-12-17;19;1665
7;2025-12-17;20;1083
7;2025-12-17;21;633
7;2025-12-17;22;304
7;2025-12-17;23;193
7;2025-12-18;0;57
7;2025-12-18;1;8
7;2025-12-18;2;0
7;2025-12-18;3;0
7;2025-12-18;4;1
7;2025-12-18;5;183
7;2025-12-18;6;623
7;2025-12-18;7;1606
7;2025-12-18;8;2452
7;2025-12-18;9;1821
7;2025-12-18;10;1704
7;2025-12-18;11;1602
7;2025-12-18;12;1737
7;2025-12-18;13;1633
7;2025-12-18;14;1729
7;2025-12-18;15;1796
7;2025-12-18;16;1832
7;2025-12-18;17;2307
7;2025-12-18;18;2614
7;2025-12-18;19;1460
7;2025-12-18;20;972
7;2025-12-18;21;580
7;2025-12-18;22;314
7;2025-12-18;23;207
7;2025-12-19;0;65
7;2025-12-19;1;10
7;2025-12-19;2;0
7;2025-12-19;3;0
7;2025-12-19;4;1
7;2025-12-19;5;173
7;2025-12-19;6;571
7;2025-12-19;7;1474
7;2025-12-19;8;2316
7;2025-12-19;9;1736
7;2025-12-19;10;1717
7;2025-12-19;11;1554
7;2025-12-19;12;1693
7;2025-12-19;13;1723
7;2025-12-19;14;1743
7;2025-12-19;15;1854
7;2025-12-19;16;2047
7;2025-12-19;17;2325
7;2025-12-19;18;1954
7;2025-12-19;19;1357
7;2025-12-19;20;1000
7;2025-12-19;21;593
7;2025-12-19;22;328
7;2025-12-19;23;235
7;2025-12-20;0;115
7;2025-12-20;1;24
7;2025-12-20;2;0
7;2025-12-20;3;0
7;2025-12-20;4;0
7;2025-12-20;5;53
7;2025-12-20;6;290
7;2025-12-20;7;382
7;2025-12-20;8;835
7;2025-12-20;9;811
7;2025-12-20;10;894
7;2025-12-20;11;1108
7;2025-12-20;12;1219
7;2025-12-20;13;1248
7;2025-12-20;14;1330
7;2025-12-20;15;1109
7;2025-12-20;16;1144
7;2025-12-20;17;1139
7;2025-12-20;18;976
7;2025-12-20;19;945
7;2025-12-20;20;775
7;2025-12-20;21;598
7;2025-12-20;22;310
7;2025-12-20;23;212
7;2025-12-21;0;97
7;2025-12-21;1;17
7;2025-12-21;2;0
7;2025-12-21;3;0
7;2025-12-21;4;0
7;2025-12-21;5;30
7;2025-12-21;6;150
7;2025-12-21;7;233
7;2025-12-21;8;467
7;2025-12-21;9;624
7;2025-12-21;10;656
7;2025-12-21;11;842
7;2025-12-21;12;950
7;2025-12-21;13;994
7;2025-12-21;14;1071
7;2025-12-21;15;994
7;2025-12-21;16;980
7;2025-12-21;17;935
7;2025-12-21;18;807
7;2025-12-21;19;758
7;2025-12-21;20;574
7;2025-12-21;21;466
7;2025-12-21;22;252
7;2025-12-21;23;143
7;2025-12-22;0;60
7;2025-12-22;1;11
7;2025-12-22;2;0
7;2025-12-22;3;0
7;2025-12-22;4;1
7;2025-12-22;5;182
7;2025-12-22;6;567
7;2025-12-22;7;1580
7;2025-12-22;8;2417
7;2025-12-22;9;1795
7;2025-12-22;10;1688
7;2025-12-22;11;1573
7;2025-12-22;12;1651
7;2025-12-22;13;1591
7;2025-12-22;14;1664
7;2025-12-22;15;1758
7;2025-12-22;16;1776
7;2025-12-22;17;2277
7;2025-12-22;18;2555
7;2025-12-22;19;1673
7;2025-12-22;20;1072
7;2025-12-22;21;616
7;2025-12-22;22;298
7;2025-12-22;23;181
7;2025-12-23;0;58
7;2025-12-23;1;11
7;2025-12-23;2;0
7;2025-12-23;3;0
7;2025-12-23;4;2
7;2025-12-23;5;183
7;2025-12-23;6;596
7;2025-12-23;7;1575
7;2025-12-23;8;2453
7;2025-12-23;9;1841
7;2025-12-23;10;1729
7;2025-12-23;11;1602
7;2025-12-23;12;1709
7;2025-12-23;13;1629
7;2025-12-23;14;1632
7;2025-12-23;15;1789
7;2025-12-23;16;1799
7;2025-12-23;17;2288
7;2025-12-23;18;2587
7;2025-12-23;19;1686
7;2025-12-23;20;1123
7;2025-12-23;21;649
7;2025-12-23;22;316
7;2025-12-23;23;201
7;2025-12-24;0;56
7;2025-12-24;1;9
7;2025-12-24;2;0
7;2025-12-24;3;0
7;2025-12-24;4;2
7;2025-12-24;5;185
7;2025-12-24;6;619
7;2025-12-24;7;1561
7;2025-12-24;8;2452
7;2025-12-24;9;1831
7;2025-12-24;10;1748
7;2025-12-24;11;1598
7;2025-12-24;12;1739
7;2025-12-24;13;1621
7;2025-12-24;14;1694
7;2025-12-24;15;1786
7;2025-12-24;16;1822
7;2025-12-24;17;2344
7;2025-12-24;18;2570
7;2025-12-24;19;1665
7;2025-12-24;20;1083
7;2025-12-24;21;633
7;2025-12-24;22;304
7;2025-12-24;23;193
7;2025-12-25;0;57
7;2025-12-25;1;8
7;2025-12-25;2;0
7;2025-12-25;3;0
7;2025-12-25;4;1
7;2025-12-25;5;183
7;2025-12-25;6;623
7;2025-12-25;7;1606
7;2025-12-25;8;2452
7;2025-12-25;9;1821
7;2025-12-25;10;1704
7;2025-12-25;11;1602
7;2025-12-25;12;1737
7;2025-12-25;13;1633
7;2025-12-25;14;1729
7;2025-12-25;15;1796
7;2025-12-25;16;1832
7;2025-12-25;17;2307
7;2025-12-25;18;2614
7;2025-12-25;19;1673
7;2025-12-25;20;1093
7;2025-12-25;21;642
7;2025-12-25;22;314
7;2025-12-25;23;207
7;2025-12-26;0;65
7;2025-12-26;1;10
7;2025-12-26;2;0
7;2025-12-26;3;0
7;2025-12-26;4;1
7;2025-12-26;5;173
7;2025-12-26;6;571
7;2025-12-26;7;1474
7;2025-12-26;8;2316
7;2025-12-26;9;1736
7;2025-12-26;10;1717
7;2025-12-26;11;1554
7;2025-12-26;12;1693
7;2025-12-26;13;1723
7;2025-12-26;14;1743
7;2025-12-26;15;1854
7;2025-12-26;16;2047
7;2025-12-26;17;2325
7;2025-12-26;18;1954
7;2025-12-26;19;1357
7;2025-12-26;20;1000
7;2025-12-26;21;593
7;2025-12-26;22;328
7;2025-12-26;23;235
7;2025-12-27;0;115
7;2025-12-27;1;24
7;2025-12-27;2;0
7;2025-12-27;3;0
7;2025-12-27;4;0
7;2025-12-27;5;53
7;2025-12-27;6;290
7;2025-12-27;7;382
7;2025-12-27;8;835
7;2025-12-27;9;811
7;2025-12-27;10;894
7;2025-12-27;11;1108
7;2025-12-27;12;1219
7;2025-12-27;13;1248
7;2025-12-27;14;1330
7;2025-12-27;15;1109
7;2025-12-27;16;1144
7;2025-12-27;17;1139
7;2025-12-27;18;976
7;2025-12-27;19;945
7;2025-12-27;20;775
7;2025-12-27;21;598
7;2025-12-27;22;310
7;2025-12-27;23;212
7;2025-12-28;0;97
7;2025-12-28;1;17
7;2025-12-28;2;0
7;2025-12-28;3;0
7;2025-12-28;4;0
7;2025-12-28;5;30
7;2025-12-28;6;150
7;2025-12-28;7;233
7;2025-12-28;8;467
7;2025-12-28;9;624
7;2025-12-28;10;656
7;2025-12-28;11;842
7;2025-12-28;12;950
7;2025-12-28;13;994
7;2025-12-28;14;1071
7;2025-12-28;15;994
7;2025-12-28;16;980
7;2025-12-28;17;935
7;2025-12-28;18;807
7;2025-12-28;19;758
7;2025-12-28;20;574
7;2025-12-28;21;466
7;2025-12-28;22;252
7;2025-12-28;23;143
7;2025-12-29;0;55
7;2025-12-29;1;10
7;2025-12-29;2;0
7;2025-12-29;3;0
7;2025-12-29;4;1
7;2025-12-29;5;167
7;2025-12-29;6;522
7;2025-12-29;7;1454
7;2025-12-29;8;2224
7;2025-12-29;9;1652
7;2025-12-29;10;1553
7;2025-12-29;11;1448
7;2025-12-29;12;1519
7;2025-12-29;13;1464
7;2025-12-29;14;1531
7;2025-12-29;15;1617
7;2025-12-29;16;1634
7;2025-12-29;17;2094
7;2025-12-29;18;2351
7;2025-12-29;19;1539
7;2025-12-29;20;986
7;2025-12-29;21;567
7;2025-12-29;22;274
7;2025-12-29;23;166
7;2025-12-30;0;54
7;2025-12-30;1;10
7;2025-12-30;2;0
7;2025-12-30;3;0
7;2025-12-30;4;1
7;2025-12-30;5;169
7;2025-12-30;6;548
7;2025-12-30;7;1449
7;2025-12-30;8;2257
7;2025-12-30;9;1694
7;2025-12-30;10;1591
7;2025-12-30;11;1473
7;2025-12-30;12;1573
7;2025-12-30;13;1499
7;2025-12-30;14;1502
7;2025-12-30;15;1646
7;2025-12-30;16;1655
7;2025-12-30;17;2105
7;2025-12-30;18;2380
7;2025-12-30;19;1551
7;2025-12-30;20;1033
7;2025-12-30;21;597
7;2025-12-30;22;291
7;2025-12-30;23;185
7;2025-12-31;0;58
7;2025-12-31;1;9
7;2025-12-31;2;0
7;2025-12-31;3;0
7;2025-12-31;4;0
7;2025-12-31;5;36
7;2025-12-31;6;186
7;2025-12-31;7;292
7;2025-12-31;8;468
7;2025-12-31;9;586
7;2025-12-31;10;637
7;2025-12-31;11;793
7;2025-12-31;12;833
7;2025-12-31;13;871
7;2025-12-31;14;956
7;2025-12-31;15;866
7;2025-12-31;16;877
7;2025-12-31;17;864
7;2025-12-31;18;804
7;2025-12-31;19;763
7;2025-12-31;20;610
7;2025-12-31;21;511
7;2025-12-31;22;269
7;2025-12-31;23;153
11;2025-11-01;0;62
11;2025-11-01;1;0
11;2025-11-01;2;0
11;2025-11-01;3;0
11;2025-11-01;4;0
11;2025-11-01;5;194
11;2025-11-01;6;1029
11;2025-11-01;7;1582
11;2025-11-01;8;2120
11;2025-11-01;9;1921
11;2025-11-01;10;1611
11;2025-11-01;11;1686
11;2025-11-01;12;1773
11;2025-11-01;13;1776
11;2025-11-01;14;1835
11;2025-11-01;15;1804
11;2025-11-01;16;1866
11;2025-11-01;17;2214
11;2025-11-01;18;2325
11;2025-11-01;19;1833
11;2025-11-01;20;1205
11;2025-11-01;21;702
11;2025-11-01;22;373
11;2025-11-01;23;233
11;2025-11-02;0;93
11;2025-11-02;1;9
11;2025-11-02;2;0
11;2025-11-02;3;0
11;2025-11-02;4;0
11;2025-11-02;5;100
11;2025-11-02;6;432
11;2025-11-02;7;465
11;2025-11-02;8;584
11;2025-11-02;9;872
11;2025-11-02;10;977
11;2025-11-02;11;1362
11;2025-11-02;12;1497
11;2025-11-02;13;1403
11;2025-11-02;14;1477
11;2025-11-02;15;1448
11;2025-11-02;16;1375
11;2025-11-02;17;1547
11;2025-11-02;18;1195
11;2025-11-02;19;895
11;2025-11-02;20;747
11;2025-11-02;21;536
11;2025-11-02;22;303
11;2025-11-02;23;224
11;2025-11-03;0;79
11;2025-11-03;1;8
11;2025-11-03;2;0
11;2025-11-03;3;0
11;2025-11-03;4;0
11;2025-11-03;5;93
11;2025-11-03;6;434
11;2025-11-03;7;478
11;2025-11-03;8;585
11;2025-11-03;9;697
11;2025-11-03;10;744
11;2025-11-03;11;1003
11;2025-11-03;12;1120
11;2025-11-03;13;1087
11;2025-11-03;14;1104
11;2025-11-03;15;1137
11;2025-11-03;16;1006
11;2025-11-03;17;1176
11;2025-11-03;18;1042
11;2025-11-03;19;862
11;2025-11-03;20;723
11;2025-11-03;21;487
11;2025-11-03;22;278
11;2025-11-03;23;190
11;2025-11-04;0;51
11;2025-11-04;1;4
11;2025-11-04;2;0
11;2025-11-04;3;0
11;2025-11-04;4;0
11;2025-11-04;5;91
11;2025-11-04;6;426
11;2025-11-04;7;480
11;2025-11-04;8;587
11;2025-11-04;9;694
11;2025-11-04;10;734
11;2025-11-04;11;968
11;2025-11-04;12;1077
11;2025-11-04;13;1074
11;2025-11-04;14;1078
11;2025-11-04;15;1170
11;2025-11-04;16;1019
11;2025-11-04;17;1158
11;2025-11-04;18;1038
11;2025-11-04;19;855
11;2025-11-04;20;724
11;2025-11-04;21;489
11;2025-11-04;22;287
11;2025-11-04;23;199
11;2025-11-05;0;64
11;2025-11-05;1;0
11;2025-11-05;2;0
11;2025-11-05;3;0
11;2025-11-05;4;0
11;2025-11-05;5;258
11;2025-11-05;6;1327
11;2025-11-05;7;2434
11;2025-11-05;8;3245
11;2025-11-05;9;2484
11;2025-11-05;10;2005
11;2025-11-05;11;1986
11;2025-11-05;12;2000
11;2025-11-05;13;2081
11;2025-11-05;14;2027
11;2025-11-05;15;1981
11;2025-11-05;16;2178
11;2025-11-05;17;2765
11;2025-11-05;18;3025
11;2025-11-05;19;2328
11;2025-11-05;20;1507
11;2025-11-05;21;827
11;2025-11-05;22;400
11;2025-11-05;23;242
11;2025-11-06;0;59
11;2025-11-06;1;0
11;2025-11-06;2;0
11;2025-11-06;3;0
11;2025-11-06;4;0
11;2025-11-06;5;258
11;2025-11-06;6;1352
11;2025-11-06;7;2441
11;2025-11-06;8;3278
11;2025-11-06;9;2536
11;2025-11-06;10;2070
11;2025-11-06;11;1969
11;2025-11-06;12;2045
11;2025-11-06;13;2101
11;2025-11-06;14;2061
11;2025-11-06;15;2006
11;2025-11-06;16;2241
11;2025-11-06;17;2822
11;2025-11-06;18;3053
11;2025-11-06;19;2356
11;2025-11-06;20;1535
11;2025-11-06;21;872
11;2025-11-06;22;409
11;2025-11-06;23;245
11;2025-11-07;0;66
11;2025-11-07;1;0
11;2025-11-07;2;0
11;2025-11-07;3;0
11;2025-11-07;4;0
11;2025-11-07;5;260
11;2025-11-07;6;1267
11;2025-11-07;7;2099
11;2025-11-07;8;2988
11;2025-11-07;9;2278
11;2025-11-07;10;1958
11;2025-11-07;11;1817
11;2025-11-07;12;1913
11;2025-11-07;13;1862
11;2025-11-07;14;1947
11;2025-11-07;15;2050
11;2025-11-07;16;2209
11;2025-11-07;17;2724
11;2025-11-07;18;2353
11;2025-11-07;19;1920
11;2025-11-07;20;1319
11;2025-11-07;21;796
11;2025-11-07;22;394
11;2025-11-07;23;308
11;2025-11-08;0;89
11;2025-11-08;1;1
11;2025-11-08;2;0
11;2025-11-08;3;0
11;2025-11-08;4;0
11;2025-11-08;5;198
11;2025-11-08;6;823
11;2025-11-08;7;737
11;2025-11-08;8;1064
11;2025-11-08;9;1197
11;2025-11-08;10;1371
11;2025-11-08;11;1701
11;2025-11-08;12;1917
11;2025-11-08;13;1785
11;2025-11-08;14;1920
11;2025-11-08;15;1742
11;2025-11-08;16;1774
11;2025-11-08;17;1819
11;2025-11-08;18;1534
11;2025-11-08;19;1482
11;2025-11-08;20;1040
11;2025-11-08;21;722
11;2025-11-08;22;422
11;2025-11-08;23;286
11;2025-11-09;0;93
11;2025-11-09;1;9
11;2025-11-09;2;0
11;2025-11-09;3;0
11;2025-11-09;4;0
11;2025-11-09;5;100
11;2025-11-09;6;432
11;2025-11-09;7;465
11;2025-11-09;8;584
11;2025-11-09;9;872
11;2025-11-09;10;977
11;2025-11-09;11;1362
11;2025-11-09;12;1497
11;2025-11-09;13;1403
11;2025-11-09;14;1477
11;2025-11-09;15;1448
11;2025-11-09;16;1375
11;2025-11-09;17;1547
11;2025-11-09;18;1195
11;2025-11-09;19;895
11;2025-11-09;20;747
11;2025-11-09;21;536
11;2025-11-09;22;303
11;2025-11-09;23;224
11;2025-11-10;0;63
11;2025-11-10;1;0
11;2025-11-10;2;0
11;2025-11-10;3;0
11;2025-11-10;4;0
11;2025-11-10;5;245
11;2025-11-10;6;1349
11;2025-11-10;7;2413
11;2025-11-10;8;3271
11;2025-11-10;9;2484
11;2025-11-10;10;1993
11;2025-11-10;11;1969
11;2025-11-10;12;1941
11;2025-11-10;13;2037
11;2025-11-10;14;2010
11;2025-11-10;15;2019
11;2025-11-10;16;2207
11;2025-11-10;17;2796
11;2025-11-10;18;3024
11;2025-11-10;19;2319
11;2025-11-10;20;1446
11;2025-11-10;21;834
11;2025-11-10;22;385
11;2025-11-10;23;228
11;2025-11-11;0;50
11;2025-11-11;1;0
11;2025-11-11;2;0
11;2025-11-11;3;0
11;2025-11-11;4;0
11;2025-11-11;5;245
11;2025-11-11;6;1333
11;2025-11-11;7;2444
11;2025-11-11;8;3263
11;2025-11-11;9;2524
11;2025-11-11;10;2020
11;2025-11-11;11;1946
11;2025-11-11;12;1976
11;2025-11-11;13;2082
11;2025-11-11;14;2005
11;2025-11-11;15;1995
11;2025-11-11;16;2204
11;2025-11-11;17;2770
11;2025-11-11;18;3032
11;2025-11-11;19;2334
11;2025-11-11;20;1538
11;2025-11-11;21;834
11;2025-11-11;22;397
11;2025-11-11;23;234
11;2025-11-12;0;64
11;2025-11-12;1;0
11;2025-11-12;2;0
11;2025-11-12;3;0
11;2025-11-12;4;0
11;2025-11-12;5;258
11;2025-11-12;6;1327
11;2025-11-12;7;2434
11;2025-11-12;8;3245
11;2025-11-12;9;2484
11;2025-11-12;10;2005
11;2025-11-12;11;1986
11;2025-11-12;12;2000
11;2025-11-12;13;2081
11;2025-11-12;14;2027
11;2025-11-12;15;1981
11;2025-11-12;16;2178
11;2025-11-12;17;2765
11;2025-11-12;18;3025
11;2025-11-12;19;2328
11;2025-11-12;20;1507
11;2025-11-12;21;827
11;2025-11-12;22;400
11;2025-11-12;23;242
11;2025-11-13;0;59
11;2025-11-13;1;0
11;2025-11-13;2;0
11;2025-11-13;3;0
11;2025-11-13;4;0
11;2025-11-13;5;258
11;2025-11-13;6;1352
11;2025-11-13;7;2441
11;2025-11-13;8;3278
11;2025-11-13;9;2536
11;2025-11-13;10;2070
11;2025-11-13;11;1969
11;2025-11-13;12;2045
11;2025-11-13;13;2101
11;2025-11-13;14;2061
11;2025-11-13;15;2006
11;2025-11-13;16;2241
11;2025-11-13;17;2822
11;2025-11-13;18;3053
11;2025-11-13;19;2356
11;2025-11-13;20;1535
11;2025-11-13;21;872
11;2025-11-13;22;409
11;2025-11-13;23;245
11;2025-11-14;0;66
11;2025-11-14;1;0
11;2025-11-14;2;0
11;2025-11-14;3;0
11;2025-11-14;4;0
11;2025-11-14;5;260
11;2025-11-14;6;1267
11;2025-11-14;7;2099
11;2025-11-14;8;2988
11;2025-11-14;9;2278
11;2025-11-14;10;1958
11;2025-11-14;11;1817
11;2025-11-14;12;1913
11;2025-11-14;13;1862
11;2025-11-14;14;1947
11;2025-11-14;15;2050
11;2025-11-14;16;2209
11;2025-11-14;17;2724
11;2025-11-14;18;2353
11;2025-11-14;19;1920
11;2025-11-14;20;1319
11;2025-11-14;21;796
11;2025-11-14;22;394
11;2025-11-14;23;308
11;2025-11-15;0;89
11;2025-11-15;1;1
11;2025-11-15;2;0
11;2025-11-15;3;0
11;2025-11-15;4;0
11;2025-11-15;5;198
11;2025-11-15;6;823
11;2025-11-15;7;737
11;2025-11-15;8;1064
11;2025-11-15;9;1197
11;2025-11-15;10;1371
11;2025-11-15;11;1701
11;2025-11-15;12;1917
11;2025-11-15;13;1785
11;2025-11-15;14;1920
11;2025-11-15;15;1742
11;2025-11-15;16;1774
11;2025-11-15;17;1819
11;2025-11-15;18;1534
11;2025-11-15;19;1482
11;2025-11-15;20;1040
11;2025-11-15;21;722
11;2025-11-15;22;422
11;2025-11-15;23;286
11;2025-11-16;0;93
11;2025-11-16;1;9
11;2025-11-16;2;0
11;2025-11-16;3;0
11;2025-11-16;4;0
11;2025-11-16;5;100
11;2025-11-16;6;432
11;2025-11-16;7;465
11;2025-11-16;8;584
11;2025-11-16;9;872
11;2025-11-16;10;977
11;2025-11-16;11;1362
11;2025-11-16;12;1497
11;2025-11-16;13;1403
11;2025-11-16;14;1477
11;2025-11-16;15;1448
11;2025-11-16;16;1375
11;2025-11-16;17;1547
11;2025-11-16;18;1195
11;2025-11-16;19;895
11;2025-11-16;20;747
11;2025-11-16;21;536
11;2025-11-16;22;303
11;2025-11-16;23;224
11;2025-11-17;0;63
11;2025-11-17;1;0
11;2025-11-17;2;0
11;2025-11-17;3;0
11;2025-11-17;4;0
11;2025-11-17;5;245
11;2025-11-17;6;1349
11;2025-11-17;7;2413
11;2025-11-17;8;3271
11;2025-11-17;9;2484
11;2025-11-17;10;1993
11;2025-11-17;11;1969
11;2025-11-17;12;1941
11;2025-11-17;13;2037
11;2025-11-17;14;2010
11;2025-11-17;15;2019
11;2025-11-17;16;2207
11;2025-11-17;17;2796
11;2025-11-17;18;3024
11;2025-11-17;19;2319
11;2025-11-17;20;1446
11;2025-11-17;21;834
11;2025-11-17;22;385
11;2025-11-17;23;228
11;2025-11-18;0;50
11;2025-11-18;1;0
11;2025-11-18;2;0
11;2025-11-18;3;0
11;2025-11-18;4;0
11;2025-11-18;5;245
11;2025-11-18;6;1333
11;2025-11-18;7;2444
11;2025-11-18;8;3263
11;2025-11-18;9;2524
11;2025-11-18;10;2020
11;2025-11-18;11;1946
11;2025-11-18;12;1976
11;2025-11-18;13;2082
11;2025-11-18;14;2005
11;2025-11-18;15;1995
11;2025-11-18;16;2204
11;2025-11-18;17;2770
11;2025-11-18;18;3032
11;2025-11-18;19;2334
11;2025-11-18;20;1538
11;2025-11-18;21;834
11;2025-11-18;22;397
11;2025-11-18;23;234
11;2025-11-19;0;64
11;2025-11-19;1;0
11;2025-11-19;2;0
11;2025-11-19;3;0
11;2025-11-19;4;0
11;2025-11-19;5;258
11;2025-11-19;6;1327
11;2025-11-19;7;2434
11;2025-11-19;8;3245
11;2025-11-19;9;2484
11;2025-11-19;10;2005
11;2025-11-19;11;1986
11;2025-11-19;12;2000
11;2025-11-19;13;2081
11;2025-11-19;14;2027
11;2025-11-19;15;1981
11;2025-11-19;16;2178
11;2025-11-19;17;2765
11;2025-11-19;18;3025
11;2025-11-19;19;2328
11;2025-11-19;20;1507
11;2025-11-19;21;827
11;2025-11-19;22;400
11;2025-11-19;23;242
11;2025-11-20;0;59
11;2025-11-20;1;0
11;2025-11-20;2;0
11;2025-11-20;3;0
11;2025-11-20;4;0
11;2025-11-20;5;258
11;2025-11-20;6;1352
11;2025-11-20;7;2441
11;2025-11-20;8;3278
11;2025-11-20;9;2536
11;2025-11-20;10;2070
11;2025-11-20;11;1969
11;2025-11-20;12;2045
11;2025-11-20;13;2101
11;2025-11-20;14;2061
11;2025-11-20;15;2006
11;2025-11-20;16;2241
11;2025-11-20;17;2822
11;2025-11-20;18;3053
11;2025-11-20;19;2356
11;2025-11-20;20;1535
11;2025-11-20;21;872
11;2025-11-20;22;409
11;2025-11-20;23;245
11;2025-11-21;0;66
11;2025-11-21;1;0
11;2025-11-21;2;0
11;2025-11-21;3;0
11;2025-11-21;4;0
11;2025-11-21;5;260
11;2025-11-21;6;1267
11;2025-11-21;7;2099
11;2025-11-21;8;2988
11;2025-11-21;9;2278
11;2025-11-21;10;1958
11;2025-11-21;11;1817
11;2025-11-21;12;1913
11;2025-11-21;13;1862
11;2025-11-21;14;1947
11;2025-11-21;15;2050
11;2025-11-21;16;2209
11;2025-11-21;17;2724
11;2025-11-21;18;2353
11;2025-11-21;19;1920
11;2025-11-21;20;1319
11;2025-11-21;21;796
11;2025-11-21;22;394
11;2025-11-21;23;308
11;2025-11-22;0;89
11;2025-11-22;1;1
11;2025-11-22;2;0
11;2025-11-22;3;0
11;2025-11-22;4;0
11;2025-11-22;5;198
11;2025-11-22;6;823
11;2025-11-22;7;737
11;2025-11-22;8;1064
11;2025-11-22;9;1197
11;2025-11-22;10;1371
11;2025-11-22;11;1701
11;2025-11-22;12;1917
11;2025-11-22;13;1785
11;2025-11-22;14;1920
11;2025-11-22;15;1742
11;2025-11-22;16;1774
11;2025-11-22;17;1819
11;2025-11-22;18;1534
11;2025-11-22;19;1482
11;2025-11-22;20;1040
11;2025-11-22;21;722
11;2025-11-22;22;422
11;2025-11-22;23;286
11;2025-11-23;0;93
11;2025-11-23;1;9
11;2025-11-23;2;0
11;2025-11-23;3;0
11;2025-11-23;4;0
11;2025-11-23;5;100
11;2025-11-23;6;432
11;2025-11-23;7;465
11;2025-11-23;8;584
11;2025-11-23;9;872
11;2025-11-23;10;977
11;2025-11-23;11;1362
11;2025-11-23;12;1497
11;2025-11-23;13;1403
11;2025-11-23;14;1477
11;2025-11-23;15;1448
11;2025-11-23;16;1375
11;2025-11-23;17;1547
11;2025-11-23;18;1195
11;2025-11-23;19;895
11;2025-11-23;20;747
11;2025-11-23;21;536
11;2025-11-23;22;303
11;2025-11-23;23;224
11;2025-11-24;0;63
11;2025-11-24;1;0
11;2025-11-24;2;0
11;2025-11-24;3;0
11;2025-11-24;4;0
11;2025-11-24;5;245
11;2025-11-24;6;1349
11;2025-11-24;7;2413
11;2025-11-24;8;3271
11;2025-11-24;9;2484
11;2025-11-24;10;1993
11;2025-11-24;11;1969
11;2025-11-24;12;1941
11;2025-11-24;13;2037
11;2025-11-24;14;2010
11;2025-11-24;15;2019
11;2025-11-24;16;2207
11;2025-11-24;17;2796
11;2025-11-24;18;3024
11;2025-11-24;19;2319
11;2025-11-24;20;1446
11;2025-11-24;21;834
11;2025-11-24;22;385
11;2025-11-24;23;228
11;2025-11-25;0;50
11;2025-11-25;1;0
11;2025-11-25;2;0
11;2025-11-25;3;0
11;2025-11-25;4;0
11;2025-11-25;5;245
11;2025-11-25;6;1333
11;2025-11-25;7;2444
11;2025-11-25;8;3263
11;2025-11-25;9;2524
11;2025-11-25;10;2020
11;2025-11-25;11;1946
11;2025-11-25;12;1976
11;2025-11-25;13;2082
11;2025-11-25;14;2005
11;2025-11-25;15;1995
11;2025-11-25;16;2204
11;2025-11-25;17;2770
11;2025-11-25;18;3032
11;2025-11-25;19;2334
11;2025-11-25;20;1538
11;2025-11-25;21;834
11;2025-11-25;22;397
11;2025-11-25;23;234
11;2025-11-26;0;64
11;2025-11-26;1;0
11;2025-11-26;2;0
11;2025-11-26;3;0
11;2025-11-26;4;0
11;2025-11-26;5;258
11;2025-11-26;6;1327
11;2025-11-26;7;2434
11;2025-11-26;8;3245
11;2025-11-26;9;2484
11;2025-11-26;10;2005
11;2025-11-26;11;1986
11;2025-11-26;12;2000
11;2025-11-26;13;2081
11;2025-11-26;14;2027
11;2025-11-26;15;1981
11;2025-11-26;16;2178
11;2025-11-26;17;2765
11;2025-11-26;18;3025
11;2025-11-26;19;2328
11;2025-11-26;20;1507
11;2025-11-26;21;827
11;2025-11-26;22;400
11;2025-11-26;23;242
11;2025-11-27;0;59
11;2025-11-27;1;0
11;2025-11-27;2;0
11;2025-11-27;3;0
11;2025-11-27;4;0
11;2025-11-27;5;258
11;2025-11-27;6;1352
11;2025-11-27;7;2441
11;2025-11-27;8;3278
11;2025-11-27;9;2536
11;2025-11-27;10;2070
11;2025-11-27;11;1969
11;2025-11-27;12;2045
11;2025-11-27;13;2101
11;2025-11-27;14;2061
11;2025-11-27;15;2006
11;2025-11-27;16;2241
11;2025-11-27;17;2822
11;2025-11-27;18;3053
11;2025-11-27;19;2356
11;2025-11-27;20;1535
11;2025-11-27;21;872
11;2025-11-27;22;409
11;2025-11-27;23;245
11;2025-11-28;0;66
11;2025-11-28;1;0
11;2025-11-28;2;0
11;2025-11-28;3;0
11;2025-11-28;4;0
11;2025-11-28;5;260
11;2025-11-28;6;1267
11;2025-11-28;7;2099
11;2025-11-28;8;2988
11;2025-11-28;9;2278
11;2025-11-28;10;1958
11;2025-11-28;11;1817
11;2025-11-28;12;1913
11;2025-11-28;13;1862
11;2025-11-28;14;1947
11;2025-11-28;15;2050
11;2025-11-28;16;2209
11;2025-11-28;17;2724
11;2025-11-28;18;2353
11;2025-11-28;19;1920
11;2025-11-28;20;1319
11;2025-11-28;21;796
11;2025-11-28;22;394
11;2025-11-28;23;308
11;2025-11-29;0;89
11;2025-11-29;1;1
11;2025-11-29;2;0
11;2025-11-29;3;0
11;2025-11-29;4;0
11;2025-11-29;5;198
11;2025-11-29;6;823
11;2025-11-29;7;737
11;2025-11-29;8;1064
11;2025-11-29;9;1197
11;2025-11-29;10;1371
11;2025-11-29;11;1701
11;2025-11-29;12;1917
11;2025-11-29;13;1785
11;2025-11-29;14;1920
11;2025-11-29;15;1742
11;2025-11-29;16;1774
11;2025-11-29;17;1819
11;2025-11-29;18;1534
11;2025-11-29;19;1482
11;2025-11-29;20;1040
11;2025-11-29;21;722
11;2025-11-29;22;422
11;2025-11-29;23;286
11;2025-11-30;0;93
11;2025-11-30;1;9
11;2025-11-30;2;0
11;2025-11-30;3;0
11;2025-11-30;4;0
11;2025-11-30;5;100
11;2025-11-30;6;432
11;2025-11-30;7;465
11;2025-11-30;8;584
11;2025-11-30;9;872
11;2025-11-30;10;977
11;2025-11-30;11;1362
11;2025-11-30;12;1497
11;2025-11-30;13;1403
11;2025-11-30;14;1477
11;2025-11-30;15;1448
11;2025-11-30;16;1375
11;2025-11-30;17;1547
11;2025-11-30;18;1195
11;2025-11-30;19;895
11;2025-11-30;20;747
11;2025-11-30;21;536
11;2025-11-30;22;303
11;2025-11-30;23;224
11;2025-12-01;0;62
11;2025-12-01;1;0
11;2025-12-01;2;0
11;2025-12-01;3;0
11;2025-12-01;4;0
11;2025-12-01;5;240
11;2025-12-01;6;1322
11;2025-12-01;7;2364
11;2025-12-01;8;3206
11;2025-12-01;9;2434
11;2025-12-01;10;1954
11;2025-12-01;11;1929
11;2025-12-01;12;1902
11;2025-12-01;13;1997
11;2025-12-01;14;1970
11;2025-12-01;15;1978
11;2025-12-01;16;2163
11;2025-12-01;17;2740
11;2025-12-01;18;2964
11;2025-12-01;19;2272
11;2025-12-01;20;1417
11;2025-12-01;21;817
11;2025-12-01;22;378
11;2025-12-01;23;223
11;2025-12-02;0;49
11;2025-12-02;1;0
11;2025-12-02;2;0
11;2025-12-02;3;0
11;2025-12-02;4;0
11;2025-12-02;5;240
11;2025-12-02;6;1306
11;2025-12-02;7;2395
11;2025-12-02;8;3198
11;2025-12-02;9;2473
11;2025-12-02;10;1979
11;2025-12-02;11;1907
11;2025-12-02;12;1936
11;2025-12-02;13;2040
11;2025-12-02;14;1965
11;2025-12-02;15;1955
11;2025-12-02;16;2160
11;2025-12-02;17;2715
11;2025-12-02;18;2972
11;2025-12-02;19;2287
11;2025-12-02;20;1507
11;2025-12-02;21;817
11;2025-12-02;22;389
11;2025-12-02;23;230
11;2025-12-03;0;62
11;2025-12-03;1;0
11;2025-12-03;2;0
11;2025-12-03;3;0
11;2025-12-03;4;0
11;2025-12-03;5;253
11;2025-12-03;6;1301
11;2025-12-03;7;2386
11;2025-12-03;8;3180
11;2025-12-03;9;2435
11;2025-12-03;10;1965
11;2025-12-03;11;1946
11;2025-12-03;12;1960
11;2025-12-03;13;2039
11;2025-12-03;14;1986
11;2025-12-03;15;1942
11;2025-12-03;16;2135
11;2025-12-03;17;2709
11;2025-12-03;18;2965
11;2025-12-03;19;2281
11;2025-12-03;20;1477
11;2025-12-03;21;810
11;2025-12-03;22;392
11;2025-12-03;23;237
11;2025-12-04;0;58
11;2025-12-04;1;0
11;2025-12-04;2;0
11;2025-12-04;3;0
11;2025-12-04;4;0
11;2025-12-04;5;253
11;2025-12-04;6;1325
11;2025-12-04;7;2392
11;2025-12-04;8;3212
11;2025-12-04;9;2485
11;2025-12-04;10;2029
11;2025-12-04;11;1930
11;2025-12-04;12;2004
11;2025-12-04;13;2059
11;2025-12-04;14;2019
11;2025-12-04;15;1966
11;2025-12-04;16;2196
11;2025-12-04;17;2765
11;2025-12-04;18;2992
11;2025-12-04;19;2309
11;2025-12-04;20;1505
11;2025-12-04;21;855
11;2025-12-04;22;400
11;2025-12-04;23;241
11;2025-12-05;0;65
11;2025-12-05;1;0
11;2025-12-05;2;0
11;2025-12-05;3;0
11;2025-12-05;4;0
11;2025-12-05;5;255
11;2025-12-05;6;1242
11;2025-12-05;7;2057
11;2025-12-05;8;2928
11;2025-12-05;9;2233
11;2025-12-05;10;1919
11;2025-12-05;11;1780
11;2025-12-05;12;1875
11;2025-12-05;13;1824
11;2025-12-05;14;1908
11;2025-12-05;15;2009
11;2025-12-05;16;2164
11;2025-12-05;17;2670
11;2025-12-05;18;2306
11;2025-12-05;19;1882
11;2025-12-05;20;1293
11;2025-12-05;21;780
11;2025-12-05;22;386
11;2025-12-05;23;302
11;2025-12-06;0;87
11;2025-12-06;1;1
11;2025-12-06;2;0
11;2025-12-06;3;0
11;2025-12-06;4;0
11;2025-12-06;5;194
11;2025-12-06;6;806
11;2025-12-06;7;722
11;2025-12-06;8;1043
11;2025-12-06;9;1173
11;2025-12-06;10;1343
11;2025-12-06;11;1667
11;2025-12-06;12;1879
11;2025-12-06;13;1750
11;2025-12-06;14;1882
11;2025-12-06;15;1707
11;2025-12-06;16;1739
11;2025-12-06;17;1782
11;2025-12-06;18;1503
11;2025-12-06;19;1452
11;2025-12-06;20;1019
11;2025-12-06;21;708
11;2025-12-06;22;414
11;2025-12-06;23;280
11;2025-12-07;0;91
11;2025-12-07;1;9
11;2025-12-07;2;0
11;2025-12-07;3;0
11;2025-12-07;4;0
11;2025-12-07;5;98
11;2025-12-07;6;423
11;2025-12-07;7;456
11;2025-12-07;8;572
11;2025-12-07;9;855
11;2025-12-07;10;957
11;2025-12-07;11;1335
11;2025-12-07;12;1467
11;2025-12-07;13;1375
11;2025-12-07;14;1447
11;2025-12-07;15;1419
11;2025-12-07;16;1348
11;2025-12-07;17;1516
11;2025-12-07;18;1171
11;2025-12-07;19;877
11;2025-12-07;20;732
11;2025-12-07;21;525
11;2025-12-07;22;297
11;2025-12-07;23;220
11;2025-12-08;0;62
11;2025-12-08;1;0
11;2025-12-08;2;0
11;2025-12-08;3;0
11;2025-12-08;4;0
11;2025-12-08;5;240
11;2025-12-08;6;1322
11;2025-12-08;7;2364
11;2025-12-08;8;3206
11;2025-12-08;9;2434
11;2025-12-08;10;1954
11;2025-12-08;11;1929
11;2025-12-08;12;1902
11;2025-12-08;13;1997
11;2025-12-08;14;1970
11;2025-12-08;15;1978
11;2025-12-08;16;2163
11;2025-12-08;17;2740
11;2025-12-08;18;2964
11;2025-12-08;19;2272
11;2025-12-08;20;1417
11;2025-12-08;21;817
11;2025-12-08;22;378
11;2025-12-08;23;223
11;2025-12-09;0;49
11;2025-12-09;1;0
11;2025-12-09;2;0
11;2025-12-09;3;0
11;2025-12-09;4;0
11;2025-12-09;5;240
11;2025-12-09;6;1306
11;2025-12-09;7;2395
11;2025-12-09;8;3198
11;2025-12-09;9;2473
11;2025-12-09;10;1979
11;2025-12-09;11;1907
11;2025-12-09;12;1936
11;2025-12-09;13;2040
11;2025-12-09;14;1965
11;2025-12-09;15;1955
11;2025-12-09;16;2160
11;2025-12-09;17;2715
11;2025-12-09;18;2972
11;2025-12-09;19;2287
11;2025-12-09;20;1507
11;2025-12-09;21;817
11;2025-12-09;22;389
11;2025-12-09;23;230
11;2025-12-10;0;62
11;2025-12-10;1;0
11;2025-12-10;2;0
11;2025-12-10;3;0
11;2025-12-10;4;0
11;2025-12-10;5;253
11;2025-12-10;6;1301
11;2025-12-10;7;2386
11;2025-12-10;8;3180
11;2025-12-10;9;2435
11;2025-12-10;10;1965
11;2025-12-10;11;1946
11;2025-12-10;12;1960
11;2025-12-10;13;2039
11;2025-12-10;14;1986
11;2025-12-10;15;1942
11;2025-12-10;16;2135
11;2025-12-10;17;2709
11;2025-12-10;18;2965
11;2025-12-10;19;2281
11;2025-12-10;20;1477
11;2025-12-10;21;810
11;2025-12-10;22;392
11;2025-12-10;23;237
11;2025-12-11;0;58
11;2025-12-11;1;0
11;2025-12-11;2;0
11;2025-12-11;3;0
11;2025-12-11;4;0
11;2025-12-11;5;253
11;2025-12-11;6;1325
11;2025-12-11;7;2392
11;2025-12-11;8;3212
11;2025-12-11;9;2485
11;2025-12-11;10;2029
11;2025-12-11;11;1930
11;2025-12-11;12;2004
11;2025-12-11;13;2059
11;2025-12-11;14;2019
11;2025-12-11;15;1966
11;2025-12-11;16;2196
11;2025-12-11;17;2765
11;2025-12-11;18;2992
11;2025-12-11;19;2309
11;2025-12-11;20;1505
11;2025-12-11;21;855
11;2025-12-11;22;400
11;2025-12-11;23;241
11;2025-12-12;0;65
11;2025-12-12;1;0
11;2025-12-12;2;0
11;2025-12-12;3;0
11;2025-12-12;4;0
11;2025-12-12;5;255
11;2025-12-12;6;1242
11;2025-12-12;7;2057
11;2025-12-12;8;2928
11;2025-12-12;9;2233
11;2025-12-12;10;1919
11;2025-12-12;11;1780
11;2025-12-12;12;1875
11;2025-12-12;13;1824
11;2025-12-12;14;1908
11;2025-12-12;15;2009
11;2025-12-12;16;2164
11;2025-12-12;17;2670
11;2025-12-12;18;2306
11;2025-12-12;19;1882
11;2025-12-12;20;1293
11;2025-12-12;21;780
11;2025-12-12;22;386
11;2025-12-12;23;302
11;2025-12-13;0;87
11;2025-12-13;1;1
11;2025-12-13;2;0
11;2025-12-13;3;0
11;2025-12-13;4;0
11;2025-12-13;5;194
11;2025-12-13;6;806
11;2025-12-13;7;722
11;2025-12-13;8;1043
11;2025-12-13;9;1173
11;2025-12-13;10;1343
11;2025-12-13;11;1667
11;2025-12-13;12;1879
11;2025-12-13;13;1555
11;2025-12-13;14;1684
11;2025-12-13;15;1582
11;2025-12-13;16;1555
11;2025-12-13;17;1782
11;2025-12-13;18;1503
11;2025-12-13;19;1452
11;2025-12-13;20;1019
11;2025-12-13;21;708
11;2025-12-13;22;414
11;2025-12-13;23;280
11;2025-12-14;0;91
11;2025-12-14;1;9
11;2025-12-14;2;0
11;2025-12-14;3;0
11;2025-12-14;4;0
11;2025-12-14;5;98
11;2025-12-14;6;423
11;2025-12-14;7;456
11;2025-12-14;8;572
11;2025-12-14;9;855
11;2025-12-14;10;957
11;2025-12-14;11;1335
11;2025-12-14;12;1467
11;2025-12-14;13;1375
11;2025-12-14;14;1447
11;2025-12-14;15;1419
11;2025-12-14;16;1348
11;2025-12-14;17;1516
11;2025-12-14;18;1171
11;2025-12-14;19;877
11;2025-12-14;20;732
11;2025-12-14;21;525
11;2025-12-14;22;297
11;2025-12-14;23;220
11;2025-12-15;0;62
11;2025-12-15;1;0
11;2025-12-15;2;0
11;2025-12-15;3;0
11;2025-12-15;4;0
11;2025-12-15;5;240
11;2025-12-15;6;1322
11;2025-12-15;7;2364
11;2025-12-15;8;3206
11;2025-12-15;9;2434
11;2025-12-15;10;1954
11;2025-12-15;11;1929
11;2025-12-15;12;1902
11;2025-12-15;13;1997
11;2025-12-15;14;1970
11;2025-12-15;15;1978
11;2025-12-15;16;2163
11;2025-12-15;17;2740
11;2025-12-15;18;2964
11;2025-12-15;19;2272
11;2025-12-15;20;1417
11;2025-12-15;21;817
11;2025-12-15;22;378
11;2025-12-15;23;223
11;2025-12-16;0;49
11;2025-12-16;1;0
11;2025-12-16;2;0
11;2025-12-16;3;0
11;2025-12-16;4;0
11;2025-12-16;5;240
11;2025-12-16;6;1306
11;2025-12-16;7;2395
11;2025-12-16;8;3198
11;2025-12-16;9;2473
11;2025-12-16;10;1979
11;2025-12-16;11;1907
11;2025-12-16;12;1936
11;2025-12-16;13;2040
11;2025-12-16;14;1965
11;2025-12-16;15;1955
11;2025-12-16;16;2160
11;2025-12-16;17;2715
11;2025-12-16;18;2972
11;2025-12-16;19;2287
11;2025-12-16;20;1507
11;2025-12-16;21;817
11;2025-12-16;22;389
11;2025-12-16;23;230
11;2025-12-17;0;62
11;2025-12-17;1;0
11;2025-12-17;2;0
11;2025-12-17;3;0
11;2025-12-17;4;0
11;2025-12-17;5;253
11;2025-12-17;6;1301
11;2025-12-17;7;2386
11;2025-12-17;8;3180
11;2025-12-17;9;2435
11;2025-12-17;10;1965
11;2025-12-17;11;1946
11;2025-12-17;12;1960
11;2025-12-17;13;2039
11;2025-12-17;14;1986
11;2025-12-17;15;1942
11;2025-12-17;16;2135
11;2025-12-17;17;2709
11;2025-12-17;18;2965
11;2025-12-17;19;2281
11;2025-12-17;20;1477
11;2025-12-17;21;810
11;2025-12-17;22;392
11;2025-12-17;23;237
11;2025-12-18;0;58
11;2025-12-18;1;0
11;2025-12-18;2;0
11;2025-12-18;3;0
11;2025-12-18;4;0
11;2025-12-18;5;253
11;2025-12-18;6;1325
11;2025-12-18;7;2392
11;2025-12-18;8;3212
11;2025-12-18;9;2485
11;2025-12-18;10;2029
11;2025-12-18;11;1930
11;2025-12-18;12;2004
11;2025-12-18;13;2059
11;2025-12-18;14;2019
11;2025-12-18;15;1966
11;2025-12-18;16;2196
11;2025-12-18;17;2765
11;2025-12-18;18;2992
11;2025-12-18;19;2309
11;2025-12-18;20;1505
11;2025-12-18;21;855
11;2025-12-18;22;400
11;2025-12-18;23;241
11;2025-12-19;0;65
11;2025-12-19;1;0
11;2025-12-19;2;0
11;2025-12-19;3;0
11;2025-12-19;4;0
11;2025-12-19;5;255
11;2025-12-19;6;1242
11;2025-12-19;7;2057
11;2025-12-19;8;2928
11;2025-12-19;9;2233
11;2025-12-19;10;1919
11;2025-12-19;11;1780
11;2025-12-19;12;1875
11;2025-12-19;13;1824
11;2025-12-19;14;1908
11;2025-12-19;15;2009
11;2025-12-19;16;2164
11;2025-12-19;17;2670
11;2025-12-19;18;2306
11;2025-12-19;19;1882
11;2025-12-19;20;1293
11;2025-12-19;21;780
11;2025-12-19;22;386
11;2025-12-19;23;302
11;2025-12-20;0;87
11;2025-12-20;1;1
11;2025-12-20;2;0
11;2025-12-20;3;0
11;2025-12-20;4;0
11;2025-12-20;5;194
11;2025-12-20;6;806
11;2025-12-20;7;722
11;2025-12-20;8;1043
11;2025-12-20;9;1173
11;2025-12-20;10;1343
11;2025-12-20;11;1667
11;2025-12-20;12;1879
11;2025-12-20;13;1750
11;2025-12-20;14;1882
11;2025-12-20;15;1707
11;2025-12-20;16;1739
11;2025-12-20;17;1782
11;2025-12-20;18;1503
11;2025-12-20;19;1452
11;2025-12-20;20;1019
11;2025-12-20;21;708
11;2025-12-20;22;414
11;2025-12-20;23;280
11;2025-12-21;0;91
11;2025-12-21;1;9
11;2025-12-21;2;0
11;2025-12-21;3;0
11;2025-12-21;4;0
11;2025-12-21;5;98
11;2025-12-21;6;423
11;2025-12-21;7;456
11;2025-12-21;8;572
11;2025-12-21;9;855
11;2025-12-21;10;957
11;2025-12-21;11;1335
11;2025-12-21;12;1467
11;2025-12-21;13;1375
11;2025-12-21;14;1447
11;2025-12-21;15;1419
11;2025-12-21;16;1348
11;2025-12-21;17;1516
11;2025-12-21;18;1171
11;2025-12-21;19;877
11;2025-12-21;20;732
11;2025-12-21;21;525
11;2025-12-21;22;297
11;2025-12-21;23;220
11;2025-12-22;0;62
11;2025-12-22;1;0
11;2025-12-22;2;0
11;2025-12-22;3;0
11;2025-12-22;4;0
11;2025-12-22;5;240
11;2025-12-22;6;1322
11;2025-12-22;7;2364
11;2025-12-22;8;3206
11;2025-12-22;9;2434
11;2025-12-22;10;1954
11;2025-12-22;11;1929
11;2025-12-22;12;1902
11;2025-12-22;13;1997
11;2025-12-22;14;1970
11;2025-12-22;15;1978
11;2025-12-22;16;2163
11;2025-12-22;17;2740
11;2025-12-22;18;2964
11;2025-12-22;19;2272
11;2025-12-22;20;1417
11;2025-12-22;21;817
11;2025-12-22;22;378
11;2025-12-22;23;223
11;2025-12-23;0;49
11;2025-12-23;1;0
11;2025-12-23;2;0
11;2025-12-23;3;0
11;2025-12-23;4;0
11;2025-12-23;5;240
11;2025-12-23;6;1306
11;2025-12-23;7;2395
11;2025-12-23;8;3198
11;2025-12-23;9;2473
11;2025-12-23;10;1979
11;2025-12-23;11;1907
11;2025-12-23;12;1936
11;2025-12-23;13;2040
11;2025-12-23;14;1965
11;2025-12-23;15;1955
11;2025-12-23;16;2160
11;2025-12-23;17;2715
11;2025-12-23;18;2972
11;2025-12-23;19;2287
11;2025-12-23;20;1507
11;2025-12-23;21;817
11;2025-12-23;22;389
11;2025-12-23;23;230
11;2025-12-24;0;62
11;2025-12-24;1;0
11;2025-12-24;2;0
11;2025-12-24;3;0
11;2025-12-24;4;0
11;2025-12-24;5;253
11;2025-12-24;6;1301
11;2025-12-24;7;2386
11;2025-12-24;8;3180
11;2025-12-24;9;2435
11;2025-12-24;10;1965
11;2025-12-24;11;1946
11;2025-12-24;12;1960
11;2025-12-24;13;2039
11;2025-12-24;14;1986
11;2025-12-24;15;1942
11;2025-12-24;16;2135
11;2025-12-24;17;2709
11;2025-12-24;18;2965
11;2025-12-24;19;2281
11;2025-12-24;20;1477
11;2025-12-24;21;810
11;2025-12-24;22;392
11;2025-12-24;23;237
11;2025-12-25;0;58
11;2025-12-25;1;0
11;2025-12-25;2;0
11;2025-12-25;3;0
11;2025-12-25;4;0
11;2025-12-25;5;253
11;2025-12-25;6;1325
11;2025-12-25;7;2392
11;2025-12-25;8;3212
11;2025-12-25;9;2485
11;2025-12-25;10;2029
11;2025-12-25;11;1930
11;2025-12-25;12;2004
11;2025-12-25;13;2059
11;2025-12-25;14;2019
11;2025-12-25;15;1966
11;2025-12-25;16;2196
11;2025-12-25;17;2765
11;2025-12-25;18;2992
11;2025-12-25;19;2309
11;2025-12-25;20;1505
11;2025-12-25;21;855
11;2025-12-25;22;400
11;2025-12-25;23;241
11;2025-12-26;0;65
11;2025-12-26;1;0
11;2025-12-26;2;0
11;2025-12-26;3;0
11;2025-12-26;4;0
11;2025-12-26;5;255
11;2025-12-26;6;1242
11;2025-12-26;7;2057
11;2025-12-26;8;2928
11;2025-12-26;9;2233
11;2025-12-26;10;1919
11;2025-12-26;11;1780
11;2025-12-26;12;1875
11;2025-12-26;13;1824
11;2025-12-26;14;1908
11;2025-12-26;15;2009
11;2025-12-26;16;2164
11;2025-12-26;17;2670
11;2025-12-26;18;2306
11;2025-12-26;19;1882
11;2025-12-26;20;1293
11;2025-12-26;21;780
11;2025-12-26;22;386
11;2025-12-26;23;302
11;2025-12-27;0;87
11;2025-12-27;1;1
11;2025-12-27;2;0
11;2025-12-27;3;0
11;2025-12-27;4;0
11;2025-12-27;5;194
11;2025-12-27;6;806
11;2025-12-27;7;722
11;2025-12-27;8;1043
11;2025-12-27;9;1173
11;2025-12-27;10;1343
11;2025-12-27;11;1667
11;2025-12-27;12;1879
11;2025-12-27;13;1750
11;2025-12-27;14;1882
11;2025-12-27;15;1707
11;2025-12-27;16;1739
11;2025-12-27;17;1782
11;2025-12-27;18;1503
11;2025-12-27;19;1452
11;2025-12-27;20;1019
11;2025-12-27;21;708
11;2025-12-27;22;414
11;2025-12-27;23;280
11;2025-12-28;0;91
11;2025-12-28;1;9
11;2025-12-28;2;0
11;2025-12-28;3;0
11;2025-12-28;4;0
11;2025-12-28;5;98
11;2025-12-28;6;423
11;2025-12-28;7;456
11;2025-12-28;8;572
11;2025-12-28;9;855
11;2025-12-28;10;957
11;2025-12-28;11;1335
11;2025-12-28;12;1467
11;2025-12-28;13;1375
11;2025-12-28;14;1447
11;2025-12-28;15;1419
11;2025-12-28;16;1348
11;2025-12-28;17;1516
11;2025-12-28;18;1171
11;2025-12-28;19;877
11;2025-12-28;20;732
11;2025-12-28;21;525
11;2025-12-28;22;297
11;2025-12-28;23;220
11;2025-12-29;0;57
11;2025-12-29;1;0
11;2025-12-29;2;0
11;2025-12-29;3;0
11;2025-12-29;4;0
11;2025-12-29;5;221
11;2025-12-29;6;1216
11;2025-12-29;7;2175
11;2025-12-29;8;2949
11;2025-12-29;9;2240
11;2025-12-29;10;1797
11;2025-12-29;11;1775
11;2025-12-29;12;1750
11;2025-12-29;13;1837
11;2025-12-29;14;1812
11;2025-12-29;15;1820
11;2025-12-29;16;1990
11;2025-12-29;17;2521
11;2025-12-29;18;2727
11;2025-12-29;19;2090
11;2025-12-29;20;1303
11;2025-12-29;21;752
11;2025-12-29;22;347
11;2025-12-29;23;206
11;2025-12-30;0;45
11;2025-12-30;1;0
11;2025-12-30;2;0
11;2025-12-30;3;0
11;2025-12-30;4;0
11;2025-12-30;5;221
11;2025-12-30;6;1202
11;2025-12-30;7;2203
11;2025-12-30;8;2942
11;2025-12-30;9;2275
11;2025-12-30;10;1821
11;2025-12-30;11;1754
11;2025-12-30;12;1781
11;2025-12-30;13;1877
11;2025-12-30;14;1808
11;2025-12-30;15;1799
11;2025-12-30;16;1987
11;2025-12-30;17;2498
11;2025-12-30;18;2734
11;2025-12-30;19;2104
11;2025-12-30;20;1386
11;2025-12-30;21;752
11;2025-12-30;22;358
11;2025-12-30;23;211
11;2025-12-31;0;75
11;2025-12-31;1;4
11;2025-12-31;2;0
11;2025-12-31;3;0
11;2025-12-31;4;0
11;2025-12-31;5;90
11;2025-12-31;6;408
11;2025-12-31;7;463
11;2025-12-31;8;565
11;2025-12-31;9;683
11;2025-12-31;10;721
11;2025-12-31;11;958
11;2025-12-31;12;1064
11;2025-12-31;13;1060
11;2025-12-31;14;1075
11;2025-12-31;15;1136
11;2025-12-31;16;1027
11;2025-12-31;17;1176
11;2025-12-31;18;1026
11;2025-12-31;19;849
11;2025-12-31;20;703
11;2025-12-31;21;481
11;2025-12-31;22;283
11;2025-12-31;23;200
12;2025-11-01;0;51
12;2025-11-01;1;1
12;2025-11-01;2;0
12;2025-11-01;3;0
12;2025-11-01;4;4
12;2025-11-01;5;231
12;2025-11-01;6;877
12;2025-11-01;7;1606
12;2025-11-01;8;1810
12;2025-11-01;9;1924
12;2025-11-01;10;1751
12;2025-11-01;11;1730
12;2025-11-01;12;1747
12;2025-11-01;13;1845
12;2025-11-01;14;1706
12;2025-11-01;15;1870
12;2025-11-01;16;2237
12;2025-11-01;17;2357
12;2025-11-01;18;2441
12;2025-11-01;19;1922
12;2025-11-01;20;1246
12;2025-11-01;21;784
12;2025-11-01;22;390
12;2025-11-01;23;250
12;2025-11-02;0;86
12;2025-11-02;1;4
12;2025-11-02;2;0
12;2025-11-02;3;0
12;2025-11-02;4;2
12;2025-11-02;5;127
12;2025-11-02;6;527
12;2025-11-02;7;692
12;2025-11-02;8;749
12;2025-11-02;9;959
12;2025-11-02;10;1205
12;2025-11-02;11;1308
12;2025-11-02;12;1371
12;2025-11-02;13;1586
12;2025-11-02;14;1474
12;2025-11-02;15;1429
12;2025-11-02;16;1517
12;2025-11-02;17;1531
12;2025-11-02;18;1338
12;2025-11-02;19;989
12;2025-11-02;20;799
12;2025-11-02;21;595
12;2025-11-02;22;393
12;2025-11-02;23;199
12;2025-11-03;0;54
12;2025-11-03;1;3
12;2025-11-03;2;0
12;2025-11-03;3;0
12;2025-11-03;4;3
12;2025-11-03;5;161
12;2025-11-03;6;509
12;2025-11-03;7;691
12;2025-11-03;8;740
12;2025-11-03;9;839
12;2025-11-03;10;932
12;2025-11-03;11;993
12;2025-11-03;12;1047
12;2025-11-03;13;1201
12;2025-11-03;14;1126
12;2025-11-03;15;1054
12;2025-11-03;16;1217
12;2025-11-03;17;1240
12;2025-11-03;18;1175
12;2025-11-03;19;973
12;2025-11-03;20;791
12;2025-11-03;21;575
12;2025-11-03;22;358
12;2025-11-03;23;187
12;2025-11-04;0;47
12;2025-11-04;1;3
12;2025-11-04;2;0
12;2025-11-04;3;0
12;2025-11-04;4;3
12;2025-11-04;5;159
12;2025-11-04;6;510
12;2025-11-04;7;724
12;2025-11-04;8;746
12;2025-11-04;9;822
12;2025-11-04;10;943
12;2025-11-04;11;1009
12;2025-11-04;12;1045
12;2025-11-04;13;1194
12;2025-11-04;14;1116
12;2025-11-04;15;1039
12;2025-11-04;16;1216
12;2025-11-04;17;1242
12;2025-11-04;18;1194
12;2025-11-04;19;978
12;2025-11-04;20;786
12;2025-11-04;21;572
12;2025-11-04;22;361
12;2025-11-04;23;192
12;2025-11-05;0;51
12;2025-11-05;1;1
12;2025-11-05;2;0
12;2025-11-05;3;0
12;2025-11-05;4;7
12;2025-11-05;5;341
12;2025-11-05;6;1488
12;2025-11-05;7;2710
12;2025-11-05;8;3556
12;2025-11-05;9;2630
12;2025-11-05;10;2176
12;2025-11-05;11;2111
12;2025-11-05;12;2117
12;2025-11-05;13;2109
12;2025-11-05;14;1988
12;2025-11-05;15;2266
12;2025-11-05;16;2766
12;2025-11-05;17;3003
12;2025-11-05;18;3127
12;2025-11-05;19;2411
12;2025-11-05;20;1536
12;2025-11-05;21;965
12;2025-11-05;22;472
12;2025-11-05;23;249
12;2025-11-06;0;52
12;2025-11-06;1;2
12;2025-11-06;2;0
12;2025-11-06;3;0
12;2025-11-06;4;7
12;2025-11-06;5;309
12;2025-11-06;6;1479
12;2025-11-06;7;2677
12;2025-11-06;8;3465
12;2025-11-06;9;2645
12;2025-11-06;10;2170
12;2025-11-06;11;2091
12;2025-11-06;12;2110
12;2025-11-06;13;2105
12;2025-11-06;14;2004
12;2025-11-06;15;2220
12;2025-11-06;16;2743
12;2025-11-06;17;3009
12;2025-11-06;18;3167
12;2025-11-06;19;2430
12;2025-11-06;20;1564
12;2025-11-06;21;948
12;2025-11-06;22;478
12;2025-11-06;23;251
12;2025-11-07;0;51
12;2025-11-07;1;1
12;2025-11-07;2;0
12;2025-11-07;3;0
12;2025-11-07;4;4
12;2025-11-07;5;322
12;2025-11-07;6;1320
12;2025-11-07;7;2600
12;2025-11-07;8;3224
12;2025-11-07;9;2406
12;2025-11-07;10;1924
12;2025-11-07;11;1867
12;2025-11-07;12;1922
12;2025-11-07;13;1978
12;2025-11-07;14;1928
12;2025-11-07;15;2178
12;2025-11-07;16;2723
12;2025-11-07;17;2851
12;2025-11-07;18;2410
12;2025-11-07;19;2090
12;2025-11-07;20;1307
12;2025-11-07;21;946
12;2025-11-07;22;486
12;2025-11-07;23;295
12;2025-11-08;0;67
12;2025-11-08;1;1
12;2025-11-08;2;0
12;2025-11-08;3;0
12;2025-11-08;4;2
12;2025-11-08;5;231
12;2025-11-08;6;806
12;2025-11-08;7;932
12;2025-11-08;8;1054
12;2025-11-08;9;1277
12;2025-11-08;10;1330
12;2025-11-08;11;1317
12;2025-11-08;12;1323
12;2025-11-08;13;1497
12;2025-11-08;14;1634
12;2025-11-08;15;1473
12;2025-11-08;16;1637
12;2025-11-08;17;1585
12;2025-11-08;18;1503
12;2025-11-08;19;1384
12;2025-11-08;20;1053
12;2025-11-08;21;781
12;2025-11-08;22;385
12;2025-11-08;23;287
12;2025-11-09;0;86
12;2025-11-09;1;4
12;2025-11-09;2;0
12;2025-11-09;3;0
12;2025-11-09;4;2
12;2025-11-09;5;127
12;2025-11-09;6;527
12;2025-11-09;7;692
12;2025-11-09;8;749
12;2025-11-09;9;959
12;2025-11-09;10;1205
12;2025-11-09;11;1308
12;2025-11-09;12;1371
12;2025-11-09;13;1586
12;2025-11-09;14;1474
12;2025-11-09;15;1429
12;2025-11-09;16;1517
12;2025-11-09;17;1531
12;2025-11-09;18;1338
12;2025-11-09;19;989
12;2025-11-09;20;799
12;2025-11-09;21;595
12;2025-11-09;22;393
12;2025-11-09;23;199
12;2025-11-10;0;54
12;2025-11-10;1;1
12;2025-11-10;2;0
12;2025-11-10;3;0
12;2025-11-10;4;7
12;2025-11-10;5;300
12;2025-11-10;6;1479
12;2025-11-10;7;2704
12;2025-11-10;8;3587
12;2025-11-10;9;2617
12;2025-11-10;10;2121
12;2025-11-10;11;2076
12;2025-11-10;12;2083
12;2025-11-10;13;2065
12;2025-11-10;14;1969
12;2025-11-10;15;2195
12;2025-11-10;16;2689
12;2025-11-10;17;2961
12;2025-11-10;18;3128
12;2025-11-10;19;2392
12;2025-11-10;20;1538
12;2025-11-10;21;937
12;2025-11-10;22;457
12;2025-11-10;23;237
12;2025-11-11;0;49
12;2025-11-11;1;1
12;2025-11-11;2;0
12;2025-11-11;3;0
12;2025-11-11;4;6
12;2025-11-11;5;343
12;2025-11-11;6;1475
12;2025-11-11;7;2697
12;2025-11-11;8;3536
12;2025-11-11;9;2624
12;2025-11-11;10;2154
12;2025-11-11;11;2096
12;2025-11-11;12;2089
12;2025-11-11;13;2081
12;2025-11-11;14;1988
12;2025-11-11;15;2204
12;2025-11-11;16;2701
12;2025-11-11;17;2991
12;2025-11-11;18;3126
12;2025-11-11;19;2398
12;2025-11-11;20;1523
12;2025-11-11;21;933
12;2025-11-11;22;466
12;2025-11-11;23;250
12;2025-11-12;0;51
12;2025-11-12;1;1
12;2025-11-12;2;0
12;2025-11-12;3;0
12;2025-11-12;4;7
12;2025-11-12;5;341
12;2025-11-12;6;1488
12;2025-11-12;7;2710
12;2025-11-12;8;3556
12;2025-11-12;9;2630
12;2025-11-12;10;2176
12;2025-11-12;11;2111
12;2025-11-12;12;2117
12;2025-11-12;13;2109
12;2025-11-12;14;1988
12;2025-11-12;15;2266
12;2025-11-12;16;2766
12;2025-11-12;17;3003
12;2025-11-12;18;3127
12;2025-11-12;19;2411
12;2025-11-12;20;1536
12;2025-11-12;21;965
12;2025-11-12;22;472
12;2025-11-12;23;249
12;2025-11-13;0;52
12;2025-11-13;1;2
12;2025-11-13;2;0
12;2025-11-13;3;0
12;2025-11-13;4;7
12;2025-11-13;5;309
12;2025-11-13;6;1479
12;2025-11-13;7;2677
12;2025-11-13;8;3465
12;2025-11-13;9;2645
12;2025-11-13;10;2170
12;2025-11-13;11;2091
12;2025-11-13;12;2110
12;2025-11-13;13;2105
12;2025-11-13;14;2004
12;2025-11-13;15;2220
12;2025-11-13;16;2743
12;2025-11-13;17;3009
12;2025-11-13;18;3167
12;2025-11-13;19;2430
12;2025-11-13;20;1564
12;2025-11-13;21;948
12;2025-11-13;22;478
12;2025-11-13;23;251
12;2025-11-14;0;51
12;2025-11-14;1;1
12;2025-11-14;2;0
12;2025-11-14;3;0
12;2025-11-14;4;4
12;2025-11-14;5;322
12;2025-11-14;6;1320
12;2025-11-14;7;2600
12;2025-11-14;8;3224
12;2025-11-14;9;2406
12;2025-11-14;10;1924
12;2025-11-14;11;1867
12;2025-11-14;12;1922
12;2025-11-14;13;1978
12;2025-11-14;14;1928
12;2025-11-14;15;2178
12;2025-11-14;16;2723
12;2025-11-14;17;2851
12;2025-11-14;18;2410
12;2025-11-14;19;2090
12;2025-11-14;20;1307
12;2025-11-14;21;946
12;2025-11-14;22;486
12;2025-11-14;23;295
12;2025-11-15;0;67
12;2025-11-15;1;1
12;2025-11-15;2;0
12;2025-11-15;3;0
12;2025-11-15;4;2
12;2025-11-15;5;231
12;2025-11-15;6;806
12;2025-11-15;7;932
12;2025-11-15;8;1054
12;2025-11-15;9;1277
12;2025-11-15;10;1541
12;2025-11-15;11;1534
12;2025-11-15;12;1521
12;2025-11-15;13;1723
12;2025-11-15;14;1634
12;2025-11-15;15;1473
12;2025-11-15;16;1637
12;2025-11-15;17;1585
12;2025-11-15;18;1503
12;2025-11-15;19;1384
12;2025-11-15;20;1053
12;2025-11-15;21;781
12;2025-11-15;22;385
12;2025-11-15;23;287
12;2025-11-16;0;86
12;2025-11-16;1;4
12;2025-11-16;2;0
12;2025-11-16;3;0
12;2025-11-16;4;2
12;2025-11-16;5;127
12;2025-11-16;6;454
12;2025-11-16;7;605
12;2025-11-16;8;642
12;2025-11-16;9;846
12;2025-11-16;10;1205
12;2025-11-16;11;1308
12;2025-11-16;12;1371
12;2025-11-16;13;1586
12;2025-11-16;14;1474
12;2025-11-16;15;1429
12;2025-11-16;16;1517
12;2025-11-16;17;1531
12;2025-11-16;18;1338
12;2025-11-16;19;989
12;2025-11-16;20;799
12;2025-11-16;21;595
12;2025-11-16;22;393
12;2025-11-16;23;199
12;2025-11-17;0;54
12;2025-11-17;1;1
12;2025-11-17;2;0
12;2025-11-17;3;0
12;2025-11-17;4;7
12;2025-11-17;5;300
12;2025-11-17;6;1479
12;2025-11-17;7;2704
12;2025-11-17;8;3587
12;2025-11-17;9;2617
12;2025-11-17;10;2121
12;2025-11-17;11;2076
12;2025-11-17;12;2083
12;2025-11-17;13;2065
12;2025-11-17;14;1969
12;2025-11-17;15;2195
12;2025-11-17;16;2689
12;2025-11-17;17;2961
12;2025-11-17;18;3128
12;2025-11-17;19;2392
12;2025-11-17;20;1538
12;2025-11-17;21;937
12;2025-11-17;22;457
12;2025-11-17;23;237
12;2025-11-18;0;49
12;2025-11-18;1;1
12;2025-11-18;2;0
12;2025-11-18;3;0
12;2025-11-18;4;6
12;2025-11-18;5;343
12;2025-11-18;6;1475
12;2025-11-18;7;2697
12;2025-11-18;8;3536
12;2025-11-18;9;2624
12;2025-11-18;10;2154
12;2025-11-18;11;2096
12;2025-11-18;12;2089
12;2025-11-18;13;2081
12;2025-11-18;14;1988
12;2025-11-18;15;2204
12;2025-11-18;16;2701
12;2025-11-18;17;2991
12;2025-11-18;18;3126
12;2025-11-18;19;2398
12;2025-11-18;20;1523
12;2025-11-18;21;933
12;2025-11-18;22;466
12;2025-11-18;23;250
12;2025-11-19;0;51
12;2025-11-19;1;1
12;2025-11-19;2;0
12;2025-11-19;3;0
12;2025-11-19;4;7
12;2025-11-19;5;341
12;2025-11-19;6;1488
12;2025-11-19;7;2710
12;2025-11-19;8;3556
12;2025-11-19;9;2630
12;2025-11-19;10;2176
12;2025-11-19;11;2111
12;2025-11-19;12;2117
12;2025-11-19;13;2109
12;2025-11-19;14;1988
12;2025-11-19;15;2266
12;2025-11-19;16;2766
12;2025-11-19;17;3003
12;2025-11-19;18;3127
12;2025-11-19;19;2411
12;2025-11-19;20;1536
12;2025-11-19;21;965
12;2025-11-19;22;472
12;2025-11-19;23;249
12;2025-11-20;0;52
12;2025-11-20;1;2
12;2025-11-20;2;0
12;2025-11-20;3;0
12;2025-11-20;4;7
12;2025-11-20;5;309
12;2025-11-20;6;1479
12;2025-11-20;7;2677
12;2025-11-20;8;3465
12;2025-11-20;9;2645
12;2025-11-20;10;2170
12;2025-11-20;11;2091
12;2025-11-20;12;2110
12;2025-11-20;13;2105
12;2025-11-20;14;2004
12;2025-11-20;15;2220
12;2025-11-20;16;2743
12;2025-11-20;17;3009
12;2025-11-20;18;3167
12;2025-11-20;19;2430
12;2025-11-20;20;1564
12;2025-11-20;21;948
12;2025-11-20;22;478
12;2025-11-20;23;251
12;2025-11-21;0;51
12;2025-11-21;1;1
12;2025-11-21;2;0
12;2025-11-21;3;0
12;2025-11-21;4;4
12;2025-11-21;5;322
12;2025-11-21;6;1320
12;2025-11-21;7;2600
12;2025-11-21;8;3224
12;2025-11-21;9;2406
12;2025-11-21;10;1924
12;2025-11-21;11;1867
12;2025-11-21;12;1922
12;2025-11-21;13;1978
12;2025-11-21;14;1928
12;2025-11-21;15;2178
12;2025-11-21;16;2723
12;2025-11-21;17;2851
12;2025-11-21;18;2410
12;2025-11-21;19;2090
12;2025-11-21;20;1307
12;2025-11-21;21;946
12;2025-11-21;22;486
12;2025-11-21;23;295
12;2025-11-22;0;67
12;2025-11-22;1;1
12;2025-11-22;2;0
12;2025-11-22;3;0
12;2025-11-22;4;2
12;2025-11-22;5;231
12;2025-11-22;6;806
12;2025-11-22;7;932
12;2025-11-22;8;1054
12;2025-11-22;9;1277
12;2025-11-22;10;1541
12;2025-11-22;11;1534
12;2025-11-22;12;1521
12;2025-11-22;13;1723
12;2025-11-22;14;1634
12;2025-11-22;15;1473
12;2025-11-22;16;1637
12;2025-11-22;17;1585
12;2025-11-22;18;1503
12;2025-11-22;19;1384
12;2025-11-22;20;1053
12;2025-11-22;21;781
12;2025-11-22;22;385
12;2025-11-22;23;287
12;2025-11-23;0;86
12;2025-11-23;1;4
12;2025-11-23;2;0
12;2025-11-23;3;0
12;2025-11-23;4;2
12;2025-11-23;5;127
12;2025-11-23;6;527
12;2025-11-23;7;692
12;2025-11-23;8;749
12;2025-11-23;9;959
12;2025-11-23;10;1205
12;2025-11-23;11;1308
12;2025-11-23;12;1371
12;2025-11-23;13;1586
12;2025-11-23;14;1474
12;2025-11-23;15;1429
12;2025-11-23;16;1517
12;2025-11-23;17;1531
12;2025-11-23;18;1338
12;2025-11-23;19;989
12;2025-11-23;20;799
12;2025-11-23;21;595
12;2025-11-23;22;393
12;2025-11-23;23;199
12;2025-11-24;0;54
12;2025-11-24;1;1
12;2025-11-24;2;0
12;2025-11-24;3;0
12;2025-11-24;4;7
12;2025-11-24;5;300
12;2025-11-24;6;1479
12;2025-11-24;7;2704
12;2025-11-24;8;3587
12;2025-11-24;9;2617
12;2025-11-24;10;2121
12;2025-11-24;11;2076
12;2025-11-24;12;2083
12;2025-11-24;13;2065
12;2025-11-24;14;1969
12;2025-11-24;15;2195
12;2025-11-24;16;2689
12;2025-11-24;17;2961
12;2025-11-24;18;3128
12;2025-11-24;19;2392
12;2025-11-24;20;1538
12;2025-11-24;21;937
12;2025-11-24;22;457
12;2025-11-24;23;237
12;2025-11-25;0;49
12;2025-11-25;1;1
12;2025-11-25;2;0
12;2025-11-25;3;0
12;2025-11-25;4;6
12;2025-11-25;5;343
12;2025-11-25;6;1475
12;2025-11-25;7;2697
12;2025-11-25;8;3536
12;2025-11-25;9;2624
12;2025-11-25;10;2154
12;2025-11-25;11;2096
12;2025-11-25;12;2089
12;2025-11-25;13;2081
12;2025-11-25;14;1988
12;2025-11-25;15;2204
12;2025-11-25;16;2701
12;2025-11-25;17;2991
12;2025-11-25;18;3126
12;2025-11-25;19;2398
12;2025-11-25;20;1523
12;2025-11-25;21;933
12;2025-11-25;22;466
12;2025-11-25;23;250
12;2025-11-26;0;51
12;2025-11-26;1;1
12;2025-11-26;2;0
12;2025-11-26;3;0
12;2025-11-26;4;7
12;2025-11-26;5;341
12;2025-11-26;6;1488
12;2025-11-26;7;2710
12;2025-11-26;8;3556
12;2025-11-26;9;2630
12;2025-11-26;10;2176
12;2025-11-26;11;2111
12;2025-11-26;12;2117
12;2025-11-26;13;2109
12;2025-11-26;14;1988
12;2025-11-26;15;2266
12;2025-11-26;16;2766
12;2025-11-26;17;3003
12;2025-11-26;18;3127
12;2025-11-26;19;2411
12;2025-11-26;20;1536
12;2025-11-26;21;965
12;2025-11-26;22;472
12;2025-11-26;23;249
12;2025-11-27;0;52
12;2025-11-27;1;2
12;2025-11-27;2;0
12;2025-11-27;3;0
12;2025-11-27;4;7
12;2025-11-27;5;309
12;2025-11-27;6;1479
12;2025-11-27;7;2677
12;2025-11-27;8;3465
12;2025-11-27;9;2645
12;2025-11-27;10;2170
12;2025-11-27;11;2091
12;2025-11-27;12;2110
12;2025-11-27;13;2105
12;2025-11-27;14;2004
12;2025-11-27;15;2220
12;2025-11-27;16;2743
12;2025-11-27;17;3009
12;2025-11-27;18;3167
12;2025-11-27;19;2430
12;2025-11-27;20;1564
12;2025-11-27;21;948
12;2025-11-27;22;478
12;2025-11-27;23;251
12;2025-11-28;0;51
12;2025-11-28;1;1
12;2025-11-28;2;0
12;2025-11-28;3;0
12;2025-11-28;4;4
12;2025-11-28;5;322
12;2025-11-28;6;1320
12;2025-11-28;7;2600
12;2025-11-28;8;3224
12;2025-11-28;9;2406
12;2025-11-28;10;1924
12;2025-11-28;11;1867
12;2025-11-28;12;1922
12;2025-11-28;13;1978
12;2025-11-28;14;1928
12;2025-11-28;15;2178
12;2025-11-28;16;2723
12;2025-11-28;17;2851
12;2025-11-28;18;2410
12;2025-11-28;19;2090
12;2025-11-28;20;1307
12;2025-11-28;21;946
12;2025-11-28;22;486
12;2025-11-28;23;295
12;2025-11-29;0;67
12;2025-11-29;1;1
12;2025-11-29;2;0
12;2025-11-29;3;0
12;2025-11-29;4;2
12;2025-11-29;5;231
12;2025-11-29;6;806
12;2025-11-29;7;932
12;2025-11-29;8;1054
12;2025-11-29;9;1277
12;2025-11-29;10;1541
12;2025-11-29;11;1534
12;2025-11-29;12;1521
12;2025-11-29;13;1723
12;2025-11-29;14;1634
12;2025-11-29;15;1473
12;2025-11-29;16;1637
12;2025-11-29;17;1585
12;2025-11-29;18;1503
12;2025-11-29;19;1384
12;2025-11-29;20;1053
12;2025-11-29;21;781
12;2025-11-29;22;385
12;2025-11-29;23;287
12;2025-11-30;0;86
12;2025-11-30;1;4
12;2025-11-30;2;0
12;2025-11-30;3;0
12;2025-11-30;4;2
12;2025-11-30;5;127
12;2025-11-30;6;527
12;2025-11-30;7;692
12;2025-11-30;8;749
12;2025-11-30;9;959
12;2025-11-30;10;1205
12;2025-11-30;11;1308
12;2025-11-30;12;1371
12;2025-11-30;13;1586
12;2025-11-30;14;1474
12;2025-11-30;15;1429
12;2025-11-30;16;1517
12;2025-11-30;17;1531
12;2025-11-30;18;1338
12;2025-11-30;19;989
12;2025-11-30;20;799
12;2025-11-30;21;595
12;2025-11-30;22;393
12;2025-11-30;23;199
12;2025-12-01;0;52
12;2025-12-01;1;1
12;2025-12-01;2;0
12;2025-12-01;3;0
12;2025-12-01;4;7
12;2025-12-01;5;294
12;2025-12-01;6;1449
12;2025-12-01;7;2650
12;2025-12-01;8;3515
12;2025-12-01;9;2565
12;2025-12-01;10;2078
12;2025-12-01;11;2035
12;2025-12-01;12;2042
12;2025-12-01;13;2024
12;2025-12-01;14;1930
12;2025-12-01;15;2151
12;2025-12-01;16;2635
12;2025-12-01;17;2902
12;2025-12-01;18;3065
12;2025-12-01;19;2344
12;2025-12-01;20;1507
12;2025-12-01;21;918
12;2025-12-01;22;448
12;2025-12-01;23;233
12;2025-12-02;0;48
12;2025-12-02;1;1
12;2025-12-02;2;0
12;2025-12-02;3;0
12;2025-12-02;4;6
12;2025-12-02;5;336
12;2025-12-02;6;1446
12;2025-12-02;7;2643
12;2025-12-02;8;3465
12;2025-12-02;9;2572
12;2025-12-02;10;2111
12;2025-12-02;11;2054
12;2025-12-02;12;2048
12;2025-12-02;13;2039
12;2025-12-02;14;1948
12;2025-12-02;15;2160
12;2025-12-02;16;2647
12;2025-12-02;17;2931
12;2025-12-02;18;3063
12;2025-12-02;19;2350
12;2025-12-02;20;1492
12;2025-12-02;21;914
12;2025-12-02;22;457
12;2025-12-02;23;245
12;2025-12-03;0;50
12;2025-12-03;1;1
12;2025-12-03;2;0
12;2025-12-03;3;0
12;2025-12-03;4;7
12;2025-12-03;5;334
12;2025-12-03;6;1458
12;2025-12-03;7;2656
12;2025-12-03;8;3485
12;2025-12-03;9;2577
12;2025-12-03;10;2132
12;2025-12-03;11;2069
12;2025-12-03;12;2075
12;2025-12-03;13;2067
12;2025-12-03;14;1949
12;2025-12-03;15;2221
12;2025-12-03;16;2711
12;2025-12-03;17;2943
12;2025-12-03;18;3064
12;2025-12-03;19;2363
12;2025-12-03;20;1505
12;2025-12-03;21;946
12;2025-12-03;22;462
12;2025-12-03;23;244
12;2025-12-04;0;51
12;2025-12-04;1;2
12;2025-12-04;2;0
12;2025-12-04;3;0
12;2025-12-04;4;7
12;2025-12-04;5;303
12;2025-12-04;6;1450
12;2025-12-04;7;2623
12;2025-12-04;8;3395
12;2025-12-04;9;2592
12;2025-12-04;10;2126
12;2025-12-04;11;2049
12;2025-12-04;12;2068
12;2025-12-04;13;2063
12;2025-12-04;14;1964
12;2025-12-04;15;2176
12;2025-12-04;16;2688
12;2025-12-04;17;2949
12;2025-12-04;18;3104
12;2025-12-04;19;2382
12;2025-12-04;20;1533
12;2025-12-04;21;929
12;2025-12-04;22;468
12;2025-12-04;23;246
12;2025-12-05;0;50
12;2025-12-05;1;1
12;2025-12-05;2;0
12;2025-12-05;3;0
12;2025-12-05;4;4
12;2025-12-05;5;315
12;2025-12-05;6;1293
12;2025-12-05;7;2548
12;2025-12-05;8;3159
12;2025-12-05;9;2358
12;2025-12-05;10;1886
12;2025-12-05;11;1829
12;2025-12-05;12;1883
12;2025-12-05;13;1939
12;2025-12-05;14;1890
12;2025-12-05;15;2134
12;2025-12-05;16;2669
12;2025-12-05;17;2794
12;2025-12-05;18;2362
12;2025-12-05;19;2048
12;2025-12-05;20;1281
12;2025-12-05;21;927
12;2025-12-05;22;476
12;2025-12-05;23;289
12;2025-12-06;0;66
12;2025-12-06;1;1
12;2025-12-06;2;0
12;2025-12-06;3;0
12;2025-12-06;4;2
12;2025-12-06;5;226
12;2025-12-06;6;790
12;2025-12-06;7;913
12;2025-12-06;8;1033
12;2025-12-06;9;1252
12;2025-12-06;10;1510
12;2025-12-06;11;1503
12;2025-12-06;12;1490
12;2025-12-06;13;1688
12;2025-12-06;14;1601
12;2025-12-06;15;1444
12;2025-12-06;16;1604
12;2025-12-06;17;1554
12;2025-12-06;18;1472
12;2025-12-06;19;1356
12;2025-12-06;20;1032
12;2025-12-06;21;766
12;2025-12-06;22;377
12;2025-12-06;23;282
12;2025-12-07;0;84
12;2025-12-07;1;4
12;2025-12-07;2;0
12;2025-12-07;3;0
12;2025-12-07;4;2
12;2025-12-07;5;125
12;2025-12-07;6;516
12;2025-12-07;7;678
12;2025-12-07;8;734
12;2025-12-07;9;940
12;2025-12-07;10;1181
12;2025-12-07;11;1282
12;2025-12-07;12;1344
12;2025-12-07;13;1554
12;2025-12-07;14;1445
12;2025-12-07;15;1401
12;2025-12-07;16;1487
12;2025-12-07;17;1500
12;2025-12-07;18;1311
12;2025-12-07;19;969
12;2025-12-07;20;783
12;2025-12-07;21;584
12;2025-12-07;22;385
12;2025-12-07;23;195
12;2025-12-08;0;52
12;2025-12-08;1;1
12;2025-12-08;2;0
12;2025-12-08;3;0
12;2025-12-08;4;7
12;2025-12-08;5;294
12;2025-12-08;6;1449
12;2025-12-08;7;2650
12;2025-12-08;8;3515
12;2025-12-08;9;2565
12;2025-12-08;10;2078
12;2025-12-08;11;2035
12;2025-12-08;12;2042
12;2025-12-08;13;2024
12;2025-12-08;14;1930
12;2025-12-08;15;2151
12;2025-12-08;16;2635
12;2025-12-08;17;2902
12;2025-12-08;18;3065
12;2025-12-08;19;2344
12;2025-12-08;20;1507
12;2025-12-08;21;918
12;2025-12-08;22;448
12;2025-12-08;23;233
12;2025-12-09;0;48
12;2025-12-09;1;1
12;2025-12-09;2;0
12;2025-12-09;3;0
12;2025-12-09;4;6
12;2025-12-09;5;336
12;2025-12-09;6;1446
12;2025-12-09;7;2643
12;2025-12-09;8;3465
12;2025-12-09;9;2572
12;2025-12-09;10;2111
12;2025-12-09;11;2054
12;2025-12-09;12;2048
12;2025-12-09;13;2039
12;2025-12-09;14;1948
12;2025-12-09;15;2160
12;2025-12-09;16;2647
12;2025-12-09;17;2931
12;2025-12-09;18;3063
12;2025-12-09;19;2350
12;2025-12-09;20;1492
12;2025-12-09;21;914
12;2025-12-09;22;457
12;2025-12-09;23;245
12;2025-12-10;0;50
12;2025-12-10;1;1
12;2025-12-10;2;0
12;2025-12-10;3;0
12;2025-12-10;4;7
12;2025-12-10;5;334
12;2025-12-10;6;1458
12;2025-12-10;7;2656
12;2025-12-10;8;3485
12;2025-12-10;9;2577
12;2025-12-10;10;2132
12;2025-12-10;11;2069
12;2025-12-10;12;2075
12;2025-12-10;13;2067
12;2025-12-10;14;1949
12;2025-12-10;15;2221
12;2025-12-10;16;2711
12;2025-12-10;17;2943
12;2025-12-10;18;3064
12;2025-12-10;19;2363
12;2025-12-10;20;1505
12;2025-12-10;21;946
12;2025-12-10;22;462
12;2025-12-10;23;244
12;2025-12-11;0;51
12;2025-12-11;1;2
12;2025-12-11;2;0
12;2025-12-11;3;0
12;2025-12-11;4;7
12;2025-12-11;5;303
12;2025-12-11;6;1450
12;2025-12-11;7;2623
12;2025-12-11;8;3395
12;2025-12-11;9;2592
12;2025-12-11;10;2126
12;2025-12-11;11;2049
12;2025-12-11;12;2068
12;2025-12-11;13;2063
12;2025-12-11;14;1964
12;2025-12-11;15;2176
12;2025-12-11;16;2688
12;2025-12-11;17;2949
12;2025-12-11;18;3104
12;2025-12-11;19;2382
12;2025-12-11;20;1533
12;2025-12-11;21;929
12;2025-12-11;22;468
12;2025-12-11;23;246
12;2025-12-12;0;50
12;2025-12-12;1;1
12;2025-12-12;2;0
12;2025-12-12;3;0
12;2025-12-12;4;4
12;2025-12-12;5;315
12;2025-12-12;6;1293
12;2025-12-12;7;2548
12;2025-12-12;8;3159
12;2025-12-12;9;2358
12;2025-12-12;10;1886
12;2025-12-12;11;1829
12;2025-12-12;12;1883
12;2025-12-12;13;1939
12;2025-12-12;14;1890
12;2025-12-12;15;2134
12;2025-12-12;16;2669
12;2025-12-12;17;2794
12;2025-12-12;18;2362
12;2025-12-12;19;2048
12;2025-12-12;20;1281
12;2025-12-12;21;927
12;2025-12-12;22;476
12;2025-12-12;23;289
12;2025-12-13;0;66
12;2025-12-13;1;1
12;2025-12-13;2;0
12;2025-12-13;3;0
12;2025-12-13;4;2
12;2025-12-13;5;226
12;2025-12-13;6;790
12;2025-12-13;7;913
12;2025-12-13;8;1033
12;2025-12-13;9;1252
12;2025-12-13;10;1510
12;2025-12-13;11;1503
12;2025-12-13;12;1490
12;2025-12-13;13;1688
12;2025-12-13;14;1601
12;2025-12-13;15;1444
12;2025-12-13;16;1604
12;2025-12-13;17;1554
12;2025-12-13;18;1472
12;2025-12-13;19;1356
12;2025-12-13;20;1032
12;2025-12-13;21;766
12;2025-12-13;22;377
12;2025-12-13;23;282
12;2025-12-14;0;84
12;2025-12-14;1;4
12;2025-12-14;2;0
12;2025-12-14;3;0
12;2025-12-14;4;2
12;2025-12-14;5;125
12;2025-12-14;6;516
12;2025-12-14;7;678
12;2025-12-14;8;734
12;2025-12-14;9;940
12;2025-12-14;10;1181
12;2025-12-14;11;1282
12;2025-12-14;12;1344
12;2025-12-14;13;1554
12;2025-12-14;14;1445
12;2025-12-14;15;1401
12;2025-12-14;16;1487
12;2025-12-14;17;1500
12;2025-12-14;18;1311
12;2025-12-14;19;969
12;2025-12-14;20;783
12;2025-12-14;21;584
12;2025-12-14;22;385
12;2025-12-14;23;195
12;2025-12-15;0;52
12;2025-12-15;1;1
12;2025-12-15;2;0
12;2025-12-15;3;0
12;2025-12-15;4;7
12;2025-12-15;5;294
12;2025-12-15;6;1449
12;2025-12-15;7;2650
12;2025-12-15;8;3515
12;2025-12-15;9;2565
12;2025-12-15;10;2078
12;2025-12-15;11;2035
12;2025-12-15;12;2042
12;2025-12-15;13;2024
12;2025-12-15;14;1930
12;2025-12-15;15;2151
12;2025-12-15;16;2635
12;2025-12-15;17;2902
12;2025-12-15;18;3065
12;2025-12-15;19;2344
12;2025-12-15;20;1507
12;2025-12-15;21;918
12;2025-12-15;22;448
12;2025-12-15;23;233
12;2025-12-16;0;48
12;2025-12-16;1;1
12;2025-12-16;2;0
12;2025-12-16;3;0
12;2025-12-16;4;6
12;2025-12-16;5;336
12;2025-12-16;6;1446
12;2025-12-16;7;2643
12;2025-12-16;8;3465
12;2025-12-16;9;2572
12;2025-12-16;10;2111
12;2025-12-16;11;2054
12;2025-12-16;12;2048
12;2025-12-16;13;2039
12;2025-12-16;14;1948
12;2025-12-16;15;2160
12;2025-12-16;16;2647
12;2025-12-16;17;2931
12;2025-12-16;18;3063
12;2025-12-16;19;2350
12;2025-12-16;20;1492
12;2025-12-16;21;914
12;2025-12-16;22;457
12;2025-12-16;23;245
12;2025-12-17;0;50
12;2025-12-17;1;1
12;2025-12-17;2;0
12;2025-12-17;3;0
12;2025-12-17;4;7
12;2025-12-17;5;334
12;2025-12-17;6;1458
12;2025-12-17;7;2656
12;2025-12-17;8;3485
12;2025-12-17;9;2577
12;2025-12-17;10;2132
12;2025-12-17;11;2069
12;2025-12-17;12;2075
12;2025-12-17;13;2067
12;2025-12-17;14;1949
12;2025-12-17;15;2221
12;2025-12-17;16;2711
12;2025-12-17;17;2943
12;2025-12-17;18;3064
12;2025-12-17;19;2363
12;2025-12-17;20;1505
12;2025-12-17;21;946
12;2025-12-17;22;462
12;2025-12-17;23;244
12;2025-12-18;0;51
12;2025-12-18;1;2
12;2025-12-18;2;0
12;2025-12-18;3;0
12;2025-12-18;4;7
12;2025-12-18;5;303
12;2025-12-18;6;1450
12;2025-12-18;7;2623
12;2025-12-18;8;3395
12;2025-12-18;9;2592
12;2025-12-18;10;2126
12;2025-12-18;11;2049
12;2025-12-18;12;2068
12;2025-12-18;13;2063
12;2025-12-18;14;1964
12;2025-12-18;15;2176
12;2025-12-18;16;2688
12;2025-12-18;17;2949
12;2025-12-18;18;3104
12;2025-12-18;19;2382
12;2025-12-18;20;1533
12;2025-12-18;21;929
12;2025-12-18;22;468
12;2025-12-18;23;246
12;2025-12-19;0;50
12;2025-12-19;1;1
12;2025-12-19;2;0
12;2025-12-19;3;0
12;2025-12-19;4;4
12;2025-12-19;5;315
12;2025-12-19;6;1293
12;2025-12-19;7;2548
12;2025-12-19;8;3159
12;2025-12-19;9;2358
12;2025-12-19;10;1886
12;2025-12-19;11;1829
12;2025-12-19;12;1883
12;2025-12-19;13;1939
12;2025-12-19;14;1890
12;2025-12-19;15;2134
12;2025-12-19;16;2669
12;2025-12-19;17;2794
12;2025-12-19;18;2362
12;2025-12-19;19;2048
12;2025-12-19;20;1281
12;2025-12-19;21;927
12;2025-12-19;22;476
12;2025-12-19;23;289
12;2025-12-20;0;66
12;2025-12-20;1;1
12;2025-12-20;2;0
12;2025-12-20;3;0
12;2025-12-20;4;2
12;2025-12-20;5;226
12;2025-12-20;6;790
12;2025-12-20;7;913
12;2025-12-20;8;1033
12;2025-12-20;9;1252
12;2025-12-20;10;1510
12;2025-12-20;11;1503
12;2025-12-20;12;1490
12;2025-12-20;13;1688
12;2025-12-20;14;1601
12;2025-12-20;15;1444
12;2025-12-20;16;1604
12;2025-12-20;17;1554
12;2025-12-20;18;1472
12;2025-12-20;19;1356
12;2025-12-20;20;1032
12;2025-12-20;21;766
12;2025-12-20;22;377
12;2025-12-20;23;282
12;2025-12-21;0;84
12;2025-12-21;1;4
12;2025-12-21;2;0
12;2025-12-21;3;0
12;2025-12-21;4;2
12;2025-12-21;5;125
12;2025-12-21;6;516
12;2025-12-21;7;678
12;2025-12-21;8;734
12;2025-12-21;9;940
12;2025-12-21;10;1181
12;2025-12-21;11;1282
12;2025-12-21;12;1344
12;2025-12-21;13;1554
12;2025-12-21;14;1445
12;2025-12-21;15;1401
12;2025-12-21;16;1487
12;2025-12-21;17;1500
12;2025-12-21;18;1311
12;2025-12-21;19;969
12;2025-12-21;20;783
12;2025-12-21;21;584
12;2025-12-21;22;385
12;2025-12-21;23;195
12;2025-12-22;0;52
12;2025-12-22;1;1
12;2025-12-22;2;0
12;2025-12-22;3;0
12;2025-12-22;4;7
12;2025-12-22;5;294
12;2025-12-22;6;1449
12;2025-12-22;7;2650
12;2025-12-22;8;3515
12;2025-12-22;9;2565
12;2025-12-22;10;2078
12;2025-12-22;11;2035
12;2025-12-22;12;2042
12;2025-12-22;13;2024
12;2025-12-22;14;1930
12;2025-12-22;15;2151
12;2025-12-22;16;2635
12;2025-12-22;17;2902
12;2025-12-22;18;3065
12;2025-12-22;19;2344
12;2025-12-22;20;1507
12;2025-12-22;21;918
12;2025-12-22;22;448
12;2025-12-22;23;233
12;2025-12-23;0;48
12;2025-12-23;1;1
12;2025-12-23;2;0
12;2025-12-23;3;0
12;2025-12-23;4;6
12;2025-12-23;5;336
12;2025-12-23;6;1446
12;2025-12-23;7;2643
12;2025-12-23;8;3465
12;2025-12-23;9;2572
12;2025-12-23;10;2111
12;2025-12-23;11;2054
12;2025-12-23;12;2048
12;2025-12-23;13;2039
12;2025-12-23;14;1948
12;2025-12-23;15;2160
12;2025-12-23;16;2647
12;2025-12-23;17;2931
12;2025-12-23;18;3063
12;2025-12-23;19;2350
12;2025-12-23;20;1492
12;2025-12-23;21;914
12;2025-12-23;22;457
12;2025-12-23;23;245
12;2025-12-24;0;50
12;2025-12-24;1;1
12;2025-12-24;2;0
12;2025-12-24;3;0
12;2025-12-24;4;7
12;2025-12-24;5;334
12;2025-12-24;6;1458
12;2025-12-24;7;2656
12;2025-12-24;8;3485
12;2025-12-24;9;2577
12;2025-12-24;10;2132
12;2025-12-24;11;2069
12;2025-12-24;12;2075
12;2025-12-24;13;2067
12;2025-12-24;14;1949
12;2025-12-24;15;2221
12;2025-12-24;16;2711
12;2025-12-24;17;2943
12;2025-12-24;18;3064
12;2025-12-24;19;2363
12;2025-12-24;20;1505
12;2025-12-24;21;946
12;2025-12-24;22;462
12;2025-12-24;23;244
12;2025-12-25;0;51
12;2025-12-25;1;2
12;2025-12-25;2;0
12;2025-12-25;3;0
12;2025-12-25;4;7
12;2025-12-25;5;303
12;2025-12-25;6;1450
12;2025-12-25;7;2623
12;2025-12-25;8;3395
12;2025-12-25;9;2592
12;2025-12-25;10;2126
12;2025-12-25;11;2049
12;2025-12-25;12;2068
12;2025-12-25;13;2063
12;2025-12-25;14;1964
12;2025-12-25;15;2176
12;2025-12-25;16;2688
12;2025-12-25;17;2949
12;2025-12-25;18;3104
12;2025-12-25;19;2382
12;2025-12-25;20;1533
12;2025-12-25;21;929
12;2025-12-25;22;468
12;2025-12-25;23;246
12;2025-12-26;0;50
12;2025-12-26;1;1
12;2025-12-26;2;0
12;2025-12-26;3;0
12;2025-12-26;4;4
12;2025-12-26;5;315
12;2025-12-26;6;1293
12;2025-12-26;7;2548
12;2025-12-26;8;3159
12;2025-12-26;9;2358
12;2025-12-26;10;1886
12;2025-12-26;11;1829
12;2025-12-26;12;1883
12;2025-12-26;13;1939
12;2025-12-26;14;1890
12;2025-12-26;15;2134
12;2025-12-26;16;2669
12;2025-12-26;17;2794
12;2025-12-26;18;2362
12;2025-12-26;19;2048
12;2025-12-26;20;1281
12;2025-12-26;21;927
12;2025-12-26;22;476
12;2025-12-26;23;289
12;2025-12-27;0;66
12;2025-12-27;1;1
12;2025-12-27;2;0
12;2025-12-27;3;0
12;2025-12-27;4;2
12;2025-12-27;5;226
12;2025-12-27;6;790
12;2025-12-27;7;913
12;2025-12-27;8;1033
12;2025-12-27;9;1252
12;2025-12-27;10;1510
12;2025-12-27;11;1503
12;2025-12-27;12;1490
12;2025-12-27;13;1688
12;2025-12-27;14;1601
12;2025-12-27;15;1444
12;2025-12-27;16;1604
12;2025-12-27;17;1554
12;2025-12-27;18;1472
12;2025-12-27;19;1356
12;2025-12-27;20;1032
12;2025-12-27;21;766
12;2025-12-27;22;377
12;2025-12-27;23;282
12;2025-12-28;0;84
12;2025-12-28;1;4
12;2025-12-28;2;0
12;2025-12-28;3;0
12;2025-12-28;4;2
12;2025-12-28;5;125
12;2025-12-28;6;516
12;2025-12-28;7;678
12;2025-12-28;8;734
12;2025-12-28;9;940
12;2025-12-28;10;1181
12;2025-12-28;11;1282
12;2025-12-28;12;1344
12;2025-12-28;13;1554
12;2025-12-28;14;1445
12;2025-12-28;15;1401
12;2025-12-28;16;1487
12;2025-12-28;17;1500
12;2025-12-28;18;1311
12;2025-12-28;19;969
12;2025-12-28;20;783
12;2025-12-28;21;584
12;2025-12-28;22;385
12;2025-12-28;23;195
12;2025-12-29;0;48
12;2025-12-29;1;1
12;2025-12-29;2;0
12;2025-12-29;3;0
12;2025-12-29;4;6
12;2025-12-29;5;271
12;2025-12-29;6;1333
12;2025-12-29;7;2438
12;2025-12-29;8;3234
12;2025-12-29;9;2360
12;2025-12-29;10;1912
12;2025-12-29;11;1872
12;2025-12-29;12;1878
12;2025-12-29;13;1862
12;2025-12-29;14;1775
12;2025-12-29;15;1979
12;2025-12-29;16;2424
12;2025-12-29;17;2670
12;2025-12-29;18;2820
12;2025-12-29;19;2157
12;2025-12-29;20;1387
12;2025-12-29;21;845
12;2025-12-29;22;412
12;2025-12-29;23;214
12;2025-12-30;0;44
12;2025-12-30;1;1
12;2025-12-30;2;0
12;2025-12-30;3;0
12;2025-12-30;4;5
12;2025-12-30;5;309
12;2025-12-30;6;1330
12;2025-12-30;7;2431
12;2025-12-30;8;3188
12;2025-12-30;9;2366
12;2025-12-30;10;1942
12;2025-12-30;11;1890
12;2025-12-30;12;1884
12;2025-12-30;13;1876
12;2025-12-30;14;1792
12;2025-12-30;15;1987
12;2025-12-30;16;2435
12;2025-12-30;17;2697
12;2025-12-30;18;2818
12;2025-12-30;19;2162
12;2025-12-30;20;1373
12;2025-12-30;21;841
12;2025-12-30;22;420
12;2025-12-30;23;225
12;2025-12-31;0;55
12;2025-12-31;1;3
12;2025-12-31;2;0
12;2025-12-31;3;0
12;2025-12-31;4;3
12;2025-12-31;5;152
12;2025-12-31;6;488
12;2025-12-31;7;666
12;2025-12-31;8;712
12;2025-12-31;9;812
12;2025-12-31;10;934
12;2025-12-31;11;988
12;2025-12-31;12;1033
12;2025-12-31;13;1173
12;2025-12-31;14;1093
12;2025-12-31;15;1032
12;2025-12-31;16;1194
12;2025-12-31;17;1236
12;2025-12-31;18;1152
12;2025-12-31;19;966
12;2025-12-31;20;770
12;2025-12-31;21;560
12;2025-12-31;22;365
12;2025-12-31;23;192
17;2025-11-01;0;147
17;2025-11-01;1;14
17;2025-11-01;2;0
17;2025-11-01;3;0
17;2025-11-01;4;13
17;2025-11-01;5;183
17;2025-11-01;6;934
17;2025-11-01;7;2700
17;2025-11-01;8;3658
17;2025-11-01;9;3159
17;2025-11-01;10;2689
17;2025-11-01;11;2815
17;2025-11-01;12;3028
17;2025-11-01;13;3142
17;2025-11-01;14;3203
17;2025-11-01;15;3235
17;2025-11-01;16;3489
17;2025-11-01;17;3679
17;2025-11-01;18;3803
17;2025-11-01;19;2741
17;2025-11-01;20;1951
17;2025-11-01;21;1245
17;2025-11-01;22;698
17;2025-11-01;23;398
17;2025-11-02;0;176
17;2025-11-02;1;22
17;2025-11-02;2;0
17;2025-11-02;3;0
17;2025-11-02;4;3
17;2025-11-02;5;104
17;2025-11-02;6;408
17;2025-11-02;7;761
17;2025-11-02;8;1175
17;2025-11-02;9;1686
17;2025-11-02;10;1970
17;2025-11-02;11;2415
17;2025-11-02;12;2796
17;2025-11-02;13;2982
17;2025-11-02;14;3057
17;2025-11-02;15;2972
17;2025-11-02;16;2827
17;2025-11-02;17;2751
17;2025-11-02;18;2482
17;2025-11-02;19;1991
17;2025-11-02;20;1532
17;2025-11-02;21;1096
17;2025-11-02;22;640
17;2025-11-02;23;293
17;2025-11-03;0;142
17;2025-11-03;1;17
17;2025-11-03;2;0
17;2025-11-03;3;0
17;2025-11-03;4;5
17;2025-11-03;5;139
17;2025-11-03;6;584
17;2025-11-03;7;1185
17;2025-11-03;8;1785
17;2025-11-03;9;2197
17;2025-11-03;10;2153
17;2025-11-03;11;2391
17;2025-11-03;12;2695
17;2025-11-03;13;2840
17;2025-11-03;14;2825
17;2025-11-03;15;2908
17;2025-11-03;16;2966
17;2025-11-03;17;3156
17;2025-11-03;18;2999
17;2025-11-03;19;2324
17;2025-11-03;20;1774
17;2025-11-03;21;1216
17;2025-11-03;22;594
17;2025-11-03;23;299
17;2025-11-04;0;123
17;2025-11-04;1;12
17;2025-11-04;2;0
17;2025-11-04;3;0
17;2025-11-04;4;5
17;2025-11-04;5;152
17;2025-11-04;6;609
17;2025-11-04;7;1193
17;2025-11-04;8;1799
17;2025-11-04;9;2270
17;2025-11-04;10;2199
17;2025-11-04;11;2443
17;2025-11-04;12;2695
17;2025-11-04;13;2843
17;2025-11-04;14;2960
17;2025-11-04;15;2953
17;2025-11-04;16;2999
17;2025-11-04;17;3285
17;2025-11-04;18;3080
17;2025-11-04;19;2551
17;2025-11-04;20;1826
17;2025-11-04;21;1265
17;2025-11-04;22;600
17;2025-11-04;23;340
17;2025-11-05;0;124
17;2025-11-05;1;9
17;2025-11-05;2;0
17;2025-11-05;3;0
17;2025-11-05;4;26
17;2025-11-05;5;315
17;2025-11-05;6;1533
17;2025-11-05;7;4167
17;2025-11-05;8;5341
17;2025-11-05;9;4002
17;2025-11-05;10;3232
17;2025-11-05;11;3131
17;2025-11-05;12;3175
17;2025-11-05;13;3175
17;2025-11-05;14;3278
17;2025-11-05;15;3273
17;2025-11-05;16;3666
17;2025-11-05;17;4463
17;2025-11-05;18;4786
17;2025-11-05;19;3409
17;2025-11-05;20;2356
17;2025-11-05;21;1454
17;2025-11-05;22;723
17;2025-11-05;23;375
17;2025-11-06;0;114
17;2025-11-06;1;9
17;2025-11-06;2;0
17;2025-11-06;3;0
17;2025-11-06;4;26
17;2025-11-06;5;319
17;2025-11-06;6;1517
17;2025-11-06;7;4195
17;2025-11-06;8;5418
17;2025-11-06;9;4078
17;2025-11-06;10;3264
17;2025-11-06;11;3167
17;2025-11-06;12;3212
17;2025-11-06;13;3212
17;2025-11-06;14;3256
17;2025-11-06;15;3267
17;2025-11-06;16;3761
17;2025-11-06;17;4524
17;2025-11-06;18;4854
17;2025-11-06;19;3446
17;2025-11-06;20;2419
17;2025-11-06;21;1467
17;2025-11-06;22;734
17;2025-11-06;23;386
17;2025-11-07;0;153
17;2025-11-07;1;14
17;2025-11-07;2;0
17;2025-11-07;3;0
17;2025-11-07;4;25
17;2025-11-07;5;323
17;2025-11-07;6;1590
17;2025-11-07;7;4273
17;2025-11-07;8;5457
17;2025-11-07;9;4022
17;2025-11-07;10;3200
17;2025-11-07;11;3164
17;2025-11-07;12;3268
17;2025-11-07;13;3269
17;2025-11-07;14;3348
17;2025-11-07;15;3538
17;2025-11-07;16;4172
17;2025-11-07;17;4688
17;2025-11-07;18;4401
17;2025-11-07;19;3294
17;2025-11-07;20;2364
17;2025-11-07;21;1648
17;2025-11-07;22;796
17;2025-11-07;23;465
17;2025-11-08;0;221
17;2025-11-08;1;26
17;2025-11-08;2;0
17;2025-11-08;3;0
17;2025-11-08;4;6
17;2025-11-08;5;139
17;2025-11-08;6;618
17;2025-11-08;7;1346
17;2025-11-08;8;1960
17;2025-11-08;9;2435
17;2025-11-08;10;2645
17;2025-11-08;11;2988
17;2025-11-08;12;3265
17;2025-11-08;13;3401
17;2025-11-08;14;3332
17;2025-11-08;15;3333
17;2025-11-08;16;3370
17;2025-11-08;17;3170
17;2025-11-08;18;2826
17;2025-11-08;19;2381
17;2025-11-08;20;1944
17;2025-11-08;21;1389
17;2025-11-08;22;798
17;2025-11-08;23;435
17;2025-11-09;0;176
17;2025-11-09;1;22
17;2025-11-09;2;0
17;2025-11-09;3;0
17;2025-11-09;4;3
17;2025-11-09;5;104
17;2025-11-09;6;408
17;2025-11-09;7;761
17;2025-11-09;8;1175
17;2025-11-09;9;1686
17;2025-11-09;10;1970
17;2025-11-09;11;2415
17;2025-11-09;12;2796
17;2025-11-09;13;2982
17;2025-11-09;14;3057
17;2025-11-09;15;2972
17;2025-11-09;16;2827
17;2025-11-09;17;2751
17;2025-11-09;18;2482
17;2025-11-09;19;1991
17;2025-11-09;20;1532
17;2025-11-09;21;1096
17;2025-11-09;22;640
17;2025-11-09;23;293
17;2025-11-10;0;125
17;2025-11-10;1;10
17;2025-11-10;2;0
17;2025-11-10;3;0
17;2025-11-10;4;24
17;2025-11-10;5;319
17;2025-11-10;6;1563
17;2025-11-10;7;4190
17;2025-11-10;8;5471
17;2025-11-10;9;4003
17;2025-11-10;10;3191
17;2025-11-10;11;3027
17;2025-11-10;12;3127
17;2025-11-10;13;3128
17;2025-11-10;14;3146
17;2025-11-10;15;3245
17;2025-11-10;16;3631
17;2025-11-10;17;4508
17;2025-11-10;18;4840
17;2025-11-10;19;3400
17;2025-11-10;20;2396
17;2025-11-10;21;1451
17;2025-11-10;22;705
17;2025-11-10;23;362
17;2025-11-11;0;120
17;2025-11-11;1;10
17;2025-11-11;2;0
17;2025-11-11;3;0
17;2025-11-11;4;25
17;2025-11-11;5;320
17;2025-11-11;6;1557
17;2025-11-11;7;4180
17;2025-11-11;8;5450
17;2025-11-11;9;4047
17;2025-11-11;10;3174
17;2025-11-11;11;3080
17;2025-11-11;12;3099
17;2025-11-11;13;3127
17;2025-11-11;14;3203
17;2025-11-11;15;3223
17;2025-11-11;16;3557
17;2025-11-11;17;4529
17;2025-11-11;18;4757
17;2025-11-11;19;3403
17;2025-11-11;20;2361
17;2025-11-11;21;1460
17;2025-11-11;22;723
17;2025-11-11;23;368
17;2025-11-12;0;124
17;2025-11-12;1;9
17;2025-11-12;2;0
17;2025-11-12;3;0
17;2025-11-12;4;26
17;2025-11-12;5;315
17;2025-11-12;6;1533
17;2025-11-12;7;4167
17;2025-11-12;8;5341
17;2025-11-12;9;4002
17;2025-11-12;10;3232
17;2025-11-12;11;3131
17;2025-11-12;12;3175
17;2025-11-12;13;3175
17;2025-11-12;14;3278
17;2025-11-12;15;3273
17;2025-11-12;16;3666
17;2025-11-12;17;4463
17;2025-11-12;18;4786
17;2025-11-12;19;3409
17;2025-11-12;20;2356
17;2025-11-12;21;1454
17;2025-11-12;22;723
17;2025-11-12;23;375
17;2025-11-13;0;114
17;2025-11-13;1;9
17;2025-11-13;2;0
17;2025-11-13;3;0
17;2025-11-13;4;26
17;2025-11-13;5;319
17;2025-11-13;6;1517
17;2025-11-13;7;4195
17;2025-11-13;8;5418
17;2025-11-13;9;4078
17;2025-11-13;10;3264
17;2025-11-13;11;3167
17;2025-11-13;12;3212
17;2025-11-13;13;3212
17;2025-11-13;14;3256
17;2025-11-13;15;3267
17;2025-11-13;16;3761
17;2025-11-13;17;4524
17;2025-11-13;18;4854
17;2025-11-13;19;3446
17;2025-11-13;20;2419
17;2025-11-13;21;1467
17;2025-11-13;22;734
17;2025-11-13;23;386
17;2025-11-14;0;153
17;2025-11-14;1;14
17;2025-11-14;2;0
17;2025-11-14;3;0
17;2025-11-14;4;25
17;2025-11-14;5;323
17;2025-11-14;6;1590
17;2025-11-14;7;4273
17;2025-11-14;8;5457
17;2025-11-14;9;4022
17;2025-11-14;10;3200
17;2025-11-14;11;3164
17;2025-11-14;12;3268
17;2025-11-14;13;3269
17;2025-11-14;14;3348
17;2025-11-14;15;3538
17;2025-11-14;16;4172
17;2025-11-14;17;4688
17;2025-11-14;18;4401
17;2025-11-14;19;3294
17;2025-11-14;20;2364
17;2025-11-14;21;1648
17;2025-11-14;22;796
17;2025-11-14;23;465
17;2025-11-15;0;221
17;2025-11-15;1;26
17;2025-11-15;2;0
17;2025-11-15;3;0
17;2025-11-15;4;6
17;2025-11-15;5;139
17;2025-11-15;6;618
17;2025-11-15;7;1346
17;2025-11-15;8;1960
17;2025-11-15;9;2435
17;2025-11-15;10;2645
17;2025-11-15;11;2988
17;2025-11-15;12;3265
17;2025-11-15;13;3401
17;2025-11-15;14;3332
17;2025-11-15;15;3333
17;2025-11-15;16;3370
17;2025-11-15;17;3170
17;2025-11-15;18;2826
17;2025-11-15;19;2381
17;2025-11-15;20;1944
17;2025-11-15;21;1389
17;2025-11-15;22;798
17;2025-11-15;23;435
17;2025-11-16;0;176
17;2025-11-16;1;22
17;2025-11-16;2;0
17;2025-11-16;3;0
17;2025-11-16;4;3
17;2025-11-16;5;104
17;2025-11-16;6;408
17;2025-11-16;7;761
17;2025-11-16;8;1175
17;2025-11-16;9;1686
17;2025-11-16;10;1970
17;2025-11-16;11;2415
17;2025-11-16;12;2796
17;2025-11-16;13;2982
17;2025-11-16;14;3057
17;2025-11-16;15;2972
17;2025-11-16;16;2827
17;2025-11-16;17;2751
17;2025-11-16;18;2482
17;2025-11-16;19;1991
17;2025-11-16;20;1532
17;2025-11-16;21;1096
17;2025-11-16;22;640
17;2025-11-16;23;293
17;2025-11-17;0;125
17;2025-11-17;1;10
17;2025-11-17;2;0
17;2025-11-17;3;0
17;2025-11-17;4;24
17;2025-11-17;5;319
17;2025-11-17;6;1563
17;2025-11-17;7;4190
17;2025-11-17;8;5471
17;2025-11-17;9;4003
17;2025-11-17;10;3191
17;2025-11-17;11;3027
17;2025-11-17;12;3127
17;2025-11-17;13;3128
17;2025-11-17;14;3146
17;2025-11-17;15;3245
17;2025-11-17;16;3631
17;2025-11-17;17;4508
17;2025-11-17;18;4840
17;2025-11-17;19;3400
17;2025-11-17;20;2396
17;2025-11-17;21;1451
17;2025-11-17;22;705
17;2025-11-17;23;362
17;2025-11-18;0;120
17;2025-11-18;1;10
17;2025-11-18;2;0
17;2025-11-18;3;0
17;2025-11-18;4;25
17;2025-11-18;5;320
17;2025-11-18;6;1557
17;2025-11-18;7;4180
17;2025-11-18;8;5450
17;2025-11-18;9;4047
17;2025-11-18;10;3174
17;2025-11-18;11;3080
17;2025-11-18;12;3099
17;2025-11-18;13;3127
17;2025-11-18;14;3203
17;2025-11-18;15;3223
17;2025-11-18;16;3557
17;2025-11-18;17;4529
17;2025-11-18;18;4757
17;2025-11-18;19;3403
17;2025-11-18;20;2361
17;2025-11-18;21;1460
17;2025-11-18;22;723
17;2025-11-18;23;368
17;2025-11-19;0;124
17;2025-11-19;1;9
17;2025-11-19;2;0
17;2025-11-19;3;0
17;2025-11-19;4;26
17;2025-11-19;5;315
17;2025-11-19;6;1533
17;2025-11-19;7;4167
17;2025-11-19;8;5341
17;2025-11-19;9;4002
17;2025-11-19;10;3232
17;2025-11-19;11;3131
17;2025-11-19;12;3175
17;2025-11-19;13;3175
17;2025-11-19;14;3278
17;2025-11-19;15;3273
17;2025-11-19;16;3666
17;2025-11-19;17;4463
17;2025-11-19;18;4786
17;2025-11-19;19;3409
17;2025-11-19;20;2356
17;2025-11-19;21;1454
17;2025-11-19;22;723
17;2025-11-19;23;375
17;2025-11-20;0;114
17;2025-11-20;1;9
17;2025-11-20;2;0
17;2025-11-20;3;0
17;2025-11-20;4;26
17;2025-11-20;5;319
17;2025-11-20;6;1310
17;2025-11-20;7;3561
17;2025-11-20;8;4535
17;2025-11-20;9;3611
17;2025-11-20;10;3264
17;2025-11-20;11;3167
17;2025-11-20;12;3212
17;2025-11-20;13;3212
17;2025-11-20;14;3256
17;2025-11-20;15;3267
17;2025-11-20;16;3761
17;2025-11-20;17;4524
17;2025-11-20;18;4854
17;2025-11-20;19;3446
17;2025-11-20;20;2419
17;2025-11-20;21;1467
17;2025-11-20;22;734
17;2025-11-20;23;386
17;2025-11-21;0;153
17;2025-11-21;1;14
17;2025-11-21;2;0
17;2025-11-21;3;0
17;2025-11-21;4;25
17;2025-11-21;5;323
17;2025-11-21;6;1590
17;2025-11-21;7;4273
17;2025-11-21;8;5457
17;2025-11-21;9;4022
17;2025-11-21;10;3200
17;2025-11-21;11;3164
17;2025-11-21;12;3268
17;2025-11-21;13;3269
17;2025-11-21;14;3348
17;2025-11-21;15;3538
17;2025-11-21;16;4172
17;2025-11-21;17;4688
17;2025-11-21;18;4401
17;2025-11-21;19;3294
17;2025-11-21;20;2364
17;2025-11-21;21;1648
17;2025-11-21;22;721
17;2025-11-21;23;441
17;2025-11-22;0;221
17;2025-11-22;1;26
17;2025-11-22;2;0
17;2025-11-22;3;0
17;2025-11-22;4;6
17;2025-11-22;5;139
17;2025-11-22;6;618
17;2025-11-22;7;1346
17;2025-11-22;8;1960
17;2025-11-22;9;2435
17;2025-11-22;10;2645
17;2025-11-22;11;2988
17;2025-11-22;12;3265
17;2025-11-22;13;3401
17;2025-11-22;14;3332
17;2025-11-22;15;3333
17;2025-11-22;16;3370
17;2025-11-22;17;3170
17;2025-11-22;18;2826
17;2025-11-22;19;2381
17;2025-11-22;20;1944
17;2025-11-22;21;1389
17;2025-11-22;22;798
17;2025-11-22;23;435
17;2025-11-23;0;176
17;2025-11-23;1;22
17;2025-11-23;2;0
17;2025-11-23;3;0
17;2025-11-23;4;3
17;2025-11-23;5;104
17;2025-11-23;6;408
17;2025-11-23;7;761
17;2025-11-23;8;1175
17;2025-11-23;9;1686
17;2025-11-23;10;1970
17;2025-11-23;11;2415
17;2025-11-23;12;2796
17;2025-11-23;13;2982
17;2025-11-23;14;3057
17;2025-11-23;15;2972
17;2025-11-23;16;2827
17;2025-11-23;17;2751
17;2025-11-23;18;2482
17;2025-11-23;19;1991
17;2025-11-23;20;1532
17;2025-11-23;21;1096
17;2025-11-23;22;640
17;2025-11-23;23;293
17;2025-11-24;0;125
17;2025-11-24;1;10
17;2025-11-24;2;0
17;2025-11-24;3;0
17;2025-11-24;4;24
17;2025-11-24;5;319
17;2025-11-24;6;1563
17;2025-11-24;7;4190
17;2025-11-24;8;5471
17;2025-11-24;9;4003
17;2025-11-24;10;3191
17;2025-11-24;11;3027
17;2025-11-24;12;3127
17;2025-11-24;13;3128
17;2025-11-24;14;3146
17;2025-11-24;15;3245
17;2025-11-24;16;3631
17;2025-11-24;17;4508
17;2025-11-24;18;4840
17;2025-11-24;19;3400
17;2025-11-24;20;2396
17;2025-11-24;21;1451
17;2025-11-24;22;705
17;2025-11-24;23;362
17;2025-11-25;0;120
17;2025-11-25;1;10
17;2025-11-25;2;0
17;2025-11-25;3;0
17;2025-11-25;4;25
17;2025-11-25;5;320
17;2025-11-25;6;1557
17;2025-11-25;7;4180
17;2025-11-25;8;5450
17;2025-11-25;9;4047
17;2025-11-25;10;3174
17;2025-11-25;11;3080
17;2025-11-25;12;3099
17;2025-11-25;13;3127
17;2025-11-25;14;3203
17;2025-11-25;15;3223
17;2025-11-25;16;3557
17;2025-11-25;17;4529
17;2025-11-25;18;4757
17;2025-11-25;19;3403
17;2025-11-25;20;2361
17;2025-11-25;21;1460
17;2025-11-25;22;723
17;2025-11-25;23;368
17;2025-11-26;0;124
17;2025-11-26;1;9
17;2025-11-26;2;0
17;2025-11-26;3;0
17;2025-11-26;4;26
17;2025-11-26;5;315
17;2025-11-26;6;1533
17;2025-11-26;7;4167
17;2025-11-26;8;5341
17;2025-11-26;9;4002
17;2025-11-26;10;3232
17;2025-11-26;11;3131
17;2025-11-26;12;3175
17;2025-11-26;13;3175
17;2025-11-26;14;3278
17;2025-11-26;15;3273
17;2025-11-26;16;3666
17;2025-11-26;17;4463
17;2025-11-26;18;4786
17;2025-11-26;19;3409
17;2025-11-26;20;2356
17;2025-11-26;21;1454
17;2025-11-26;22;723
17;2025-11-26;23;375
17;2025-11-27;0;114
17;2025-11-27;1;9
17;2025-11-27;2;0
17;2025-11-27;3;0
17;2025-11-27;4;26
17;2025-11-27;5;319
17;2025-11-27;6;1517
17;2025-11-27;7;4195
17;2025-11-27;8;5418
17;2025-11-27;9;4078
17;2025-11-27;10;3264
17;2025-11-27;11;3167
17;2025-11-27;12;3212
17;2025-11-27;13;3212
17;2025-11-27;14;3256
17;2025-11-27;15;3267
17;2025-11-27;16;3761
17;2025-11-27;17;4524
17;2025-11-27;18;4854
17;2025-11-27;19;3446
17;2025-11-27;20;2419
17;2025-11-27;21;1467
17;2025-11-27;22;734
17;2025-11-27;23;386
17;2025-11-28;0;153
17;2025-11-28;1;14
17;2025-11-28;2;0
17;2025-11-28;3;0
17;2025-11-28;4;25
17;2025-11-28;5;323
17;2025-11-28;6;1590
17;2025-11-28;7;4273
17;2025-11-28;8;5457
17;2025-11-28;9;4022
17;2025-11-28;10;3200
17;2025-11-28;11;2817
17;2025-11-28;12;2870
17;2025-11-28;13;2901
17;2025-11-28;14;2928
17;2025-11-28;15;3538
17;2025-11-28;16;4172
17;2025-11-28;17;4688
17;2025-11-28;18;4401
17;2025-11-28;19;3294
17;2025-11-28;20;2364
17;2025-11-28;21;1648
17;2025-11-28;22;796
17;2025-11-28;23;465
17;2025-11-29;0;221
17;2025-11-29;1;26
17;2025-11-29;2;0
17;2025-11-29;3;0
17;2025-11-29;4;6
17;2025-11-29;5;139
17;2025-11-29;6;618
17;2025-11-29;7;1346
17;2025-11-29;8;1960
17;2025-11-29;9;2435
17;2025-11-29;10;2645
17;2025-11-29;11;2988
17;2025-11-29;12;3265
17;2025-11-29;13;3401
17;2025-11-29;14;3332
17;2025-11-29;15;3333
17;2025-11-29;16;3370
17;2025-11-29;17;3170
17;2025-11-29;18;2826
17;2025-11-29;19;2381
17;2025-11-29;20;1944
17;2025-11-29;21;1389
17;2025-11-29;22;798
17;2025-11-29;23;435
17;2025-11-30;0;176
17;2025-11-30;1;22
17;2025-11-30;2;0
17;2025-11-30;3;0
17;2025-11-30;4;3
17;2025-11-30;5;104
17;2025-11-30;6;408
17;2025-11-30;7;761
17;2025-11-30;8;1175
17;2025-11-30;9;1686
17;2025-11-30;10;1970
17;2025-11-30;11;2415
17;2025-11-30;12;2796
17;2025-11-30;13;2982
17;2025-11-30;14;3057
17;2025-11-30;15;2972
17;2025-11-30;16;2827
17;2025-11-30;17;2751
17;2025-11-30;18;2482
17;2025-11-30;19;1991
17;2025-11-30;20;1532
17;2025-11-30;21;1096
17;2025-11-30;22;640
17;2025-11-30;23;293
17;2025-12-01;0;123
17;2025-12-01;1;10
17;2025-12-01;2;0
17;2025-12-01;3;0
17;2025-12-01;4;24
17;2025-12-01;5;313
17;2025-12-01;6;1532
17;2025-12-01;7;4106
17;2025-12-01;8;5361
17;2025-12-01;9;3923
17;2025-12-01;10;3127
17;2025-12-01;11;2966
17;2025-12-01;12;3065
17;2025-12-01;13;3065
17;2025-12-01;14;3083
17;2025-12-01;15;3181
17;2025-12-01;16;3558
17;2025-12-01;17;4418
17;2025-12-01;18;4744
17;2025-12-01;19;3332
17;2025-12-01;20;2348
17;2025-12-01;21;1422
17;2025-12-01;22;691
17;2025-12-01;23;355
17;2025-12-02;0;118
17;2025-12-02;1;10
17;2025-12-02;2;0
17;2025-12-02;3;0
17;2025-12-02;4;24
17;2025-12-02;5;314
17;2025-12-02;6;1526
17;2025-12-02;7;4097
17;2025-12-02;8;5341
17;2025-12-02;9;3966
17;2025-12-02;10;3110
17;2025-12-02;11;3019
17;2025-12-02;12;3037
17;2025-12-02;13;3064
17;2025-12-02;14;3139
17;2025-12-02;15;3158
17;2025-12-02;16;3486
17;2025-12-02;17;4439
17;2025-12-02;18;4662
17;2025-12-02;19;3335
17;2025-12-02;20;2314
17;2025-12-02;21;1430
17;2025-12-02;22;709
17;2025-12-02;23;361
17;2025-12-03;0;122
17;2025-12-03;1;9
17;2025-12-03;2;0
17;2025-12-03;3;0
17;2025-12-03;4;25
17;2025-12-03;5;308
17;2025-12-03;6;1502
17;2025-12-03;7;4084
17;2025-12-03;8;5234
17;2025-12-03;9;3922
17;2025-12-03;10;3167
17;2025-12-03;11;3069
17;2025-12-03;12;3112
17;2025-12-03;13;3112
17;2025-12-03;14;3212
17;2025-12-03;15;3208
17;2025-12-03;16;3593
17;2025-12-03;17;4374
17;2025-12-03;18;4690
17;2025-12-03;19;3340
17;2025-12-03;20;2309
17;2025-12-03;21;1425
17;2025-12-03;22;709
17;2025-12-03;23;367
17;2025-12-04;0;112
17;2025-12-04;1;9
17;2025-12-04;2;0
17;2025-12-04;3;0
17;2025-12-04;4;25
17;2025-12-04;5;312
17;2025-12-04;6;1487
17;2025-12-04;7;4111
17;2025-12-04;8;5310
17;2025-12-04;9;3996
17;2025-12-04;10;3198
17;2025-12-04;11;3104
17;2025-12-04;12;3148
17;2025-12-04;13;3148
17;2025-12-04;14;3191
17;2025-12-04;15;3201
17;2025-12-04;16;3686
17;2025-12-04;17;4434
17;2025-12-04;18;4757
17;2025-12-04;19;3377
17;2025-12-04;20;2370
17;2025-12-04;21;1438
17;2025-12-04;22;720
17;2025-12-04;23;378
17;2025-12-05;0;150
17;2025-12-05;1;14
17;2025-12-05;2;0
17;2025-12-05;3;0
17;2025-12-05;4;24
17;2025-12-05;5;316
17;2025-12-05;6;1558
17;2025-12-05;7;4188
17;2025-12-05;8;5348
17;2025-12-05;9;3941
17;2025-12-05;10;3136
17;2025-12-05;11;3100
17;2025-12-05;12;3203
17;2025-12-05;13;3203
17;2025-12-05;14;3281
17;2025-12-05;15;3467
17;2025-12-05;16;4089
17;2025-12-05;17;4594
17;2025-12-05;18;4313
17;2025-12-05;19;3228
17;2025-12-05;20;2317
17;2025-12-05;21;1615
17;2025-12-05;22;780
17;2025-12-05;23;456
17;2025-12-06;0;216
17;2025-12-06;1;25
17;2025-12-06;2;0
17;2025-12-06;3;0
17;2025-12-06;4;6
17;2025-12-06;5;137
17;2025-12-06;6;606
17;2025-12-06;7;1319
17;2025-12-06;8;1920
17;2025-12-06;9;2386
17;2025-12-06;10;2592
17;2025-12-06;11;2929
17;2025-12-06;12;3200
17;2025-12-06;13;3333
17;2025-12-06;14;3266
17;2025-12-06;15;3267
17;2025-12-06;16;3302
17;2025-12-06;17;3107
17;2025-12-06;18;2770
17;2025-12-06;19;2333
17;2025-12-06;20;1905
17;2025-12-06;21;1361
17;2025-12-06;22;782
17;2025-12-06;23;426
17;2025-12-07;0;172
17;2025-12-07;1;21
17;2025-12-07;2;0
17;2025-12-07;3;0
17;2025-12-07;4;3
17;2025-12-07;5;102
17;2025-12-07;6;400
17;2025-12-07;7;746
17;2025-12-07;8;1151
17;2025-12-07;9;1653
17;2025-12-07;10;1930
17;2025-12-07;11;2367
17;2025-12-07;12;2740
17;2025-12-07;13;2922
17;2025-12-07;14;2996
17;2025-12-07;15;2913
17;2025-12-07;16;2771
17;2025-12-07;17;2696
17;2025-12-07;18;2432
17;2025-12-07;19;1951
17;2025-12-07;20;1501
17;2025-12-07;21;1074
17;2025-12-07;22;627
17;2025-12-07;23;287
17;2025-12-08;0;123
17;2025-12-08;1;10
17;2025-12-08;2;0
17;2025-12-08;3;0
17;2025-12-08;4;24
17;2025-12-08;5;313
17;2025-12-08;6;1532
17;2025-12-08;7;4106
17;2025-12-08;8;5361
17;2025-12-08;9;3923
17;2025-12-08;10;3127
17;2025-12-08;11;2966
17;2025-12-08;12;3065
17;2025-12-08;13;3065
17;2025-12-08;14;3083
17;2025-12-08;15;3181
17;2025-12-08;16;3558
17;2025-12-08;17;4418
17;2025-12-08;18;4744
17;2025-12-08;19;3332
17;2025-12-08;20;2348
17;2025-12-08;21;1422
17;2025-12-08;22;691
17;2025-12-08;23;355
17;2025-12-09;0;118
17;2025-12-09;1;10
17;2025-12-09;2;0
17;2025-12-09;3;0
17;2025-12-09;4;24
17;2025-12-09;5;314
17;2025-12-09;6;1526
17;2025-12-09;7;4097
17;2025-12-09;8;5341
17;2025-12-09;9;3966
17;2025-12-09;10;3110
17;2025-12-09;11;3019
17;2025-12-09;12;3037
17;2025-12-09;13;3064
17;2025-12-09;14;3139
17;2025-12-09;15;3158
17;2025-12-09;16;3486
17;2025-12-09;17;4439
17;2025-12-09;18;4662
17;2025-12-09;19;3335
17;2025-12-09;20;2314
17;2025-12-09;21;1430
17;2025-12-09;22;709
17;2025-12-09;23;361
17;2025-12-10;0;122
17;2025-12-10;1;9
17;2025-12-10;2;0
17;2025-12-10;3;0
17;2025-12-10;4;25
17;2025-12-10;5;308
17;2025-12-10;6;1502
17;2025-12-10;7;4084
17;2025-12-10;8;5234
17;2025-12-10;9;3922
17;2025-12-10;10;3167
17;2025-12-10;11;3069
17;2025-12-10;12;3112
17;2025-12-10;13;3112
17;2025-12-10;14;3212
17;2025-12-10;15;3208
17;2025-12-10;16;3593
17;2025-12-10;17;4374
17;2025-12-10;18;4690
17;2025-12-10;19;3340
17;2025-12-10;20;2309
17;2025-12-10;21;1425
17;2025-12-10;22;709
17;2025-12-10;23;367
17;2025-12-11;0;112
17;2025-12-11;1;9
17;2025-12-11;2;0
17;2025-12-11;3;0
17;2025-12-11;4;25
17;2025-12-11;5;312
17;2025-12-11;6;1487
17;2025-12-11;7;4111
17;2025-12-11;8;5310
17;2025-12-11;9;3996
17;2025-12-11;10;3198
17;2025-12-11;11;3104
17;2025-12-11;12;3148
17;2025-12-11;13;3148
17;2025-12-11;14;3191
17;2025-12-11;15;3201
17;2025-12-11;16;3686
17;2025-12-11;17;4434
17;2025-12-11;18;4757
17;2025-12-11;19;3377
17;2025-12-11;20;2370
17;2025-12-11;21;1438
17;2025-12-11;22;720
17;2025-12-11;23;378
17;2025-12-12;0;150
17;2025-12-12;1;14
17;2025-12-12;2;0
17;2025-12-12;3;0
17;2025-12-12;4;24
17;2025-12-12;5;316
17;2025-12-12;6;1558
17;2025-12-12;7;4188
17;2025-12-12;8;5348
17;2025-12-12;9;3941
17;2025-12-12;10;3136
17;2025-12-12;11;3100
17;2025-12-12;12;3203
17;2025-12-12;13;3203
17;2025-12-12;14;3281
17;2025-12-12;15;3467
17;2025-12-12;16;4089
17;2025-12-12;17;4594
17;2025-12-12;18;4313
17;2025-12-12;19;3228
17;2025-12-12;20;2317
17;2025-12-12;21;1615
17;2025-12-12;22;780
17;2025-12-12;23;456
17;2025-12-13;0;216
17;2025-12-13;1;25
17;2025-12-13;2;0
17;2025-12-13;3;0
17;2025-12-13;4;6
17;2025-12-13;5;137
17;2025-12-13;6;606
17;2025-12-13;7;1319
17;2025-12-13;8;1920
17;2025-12-13;9;2386
17;2025-12-13;10;2592
17;2025-12-13;11;2929
17;2025-12-13;12;3200
17;2025-12-13;13;3333
17;2025-12-13;14;3266
17;2025-12-13;15;3267
17;2025-12-13;16;3302
17;2025-12-13;17;3107
17;2025-12-13;18;2770
17;2025-12-13;19;2333
17;2025-12-13;20;1905
17;2025-12-13;21;1361
17;2025-12-13;22;782
17;2025-12-13;23;426
17;2025-12-14;0;172
17;2025-12-14;1;21
17;2025-12-14;2;0
17;2025-12-14;3;0
17;2025-12-14;4;3
17;2025-12-14;5;102
17;2025-12-14;6;400
17;2025-12-14;7;746
17;2025-12-14;8;1151
17;2025-12-14;9;1653
17;2025-12-14;10;1930
17;2025-12-14;11;2367
17;2025-12-14;12;2740
17;2025-12-14;13;2922
17;2025-12-14;14;2996
17;2025-12-14;15;2913
17;2025-12-14;16;2771
17;2025-12-14;17;2696
17;2025-12-14;18;2432
17;2025-12-14;19;1951
17;2025-12-14;20;1501
17;2025-12-14;21;1074
17;2025-12-14;22;627
17;2025-12-14;23;287
17;2025-12-15;0;123
17;2025-12-15;1;10
17;2025-12-15;2;0
17;2025-12-15;3;0
17;2025-12-15;4;24
17;2025-12-15;5;313
17;2025-12-15;6;1532
17;2025-12-15;7;4106
17;2025-12-15;8;5361
17;2025-12-15;9;3923
17;2025-12-15;10;3127
17;2025-12-15;11;2966
17;2025-12-15;12;3065
17;2025-12-15;13;3065
17;2025-12-15;14;3083
17;2025-12-15;15;3181
17;2025-12-15;16;3558
17;2025-12-15;17;4418
17;2025-12-15;18;4744
17;2025-12-15;19;3332
17;2025-12-15;20;2348
17;2025-12-15;21;1422
17;2025-12-15;22;691
17;2025-12-15;23;355
17;2025-12-16;0;118
17;2025-12-16;1;10
17;2025-12-16;2;0
17;2025-12-16;3;0
17;2025-12-16;4;24
17;2025-12-16;5;314
17;2025-12-16;6;1526
17;2025-12-16;7;4097
17;2025-12-16;8;5341
17;2025-12-16;9;3966
17;2025-12-16;10;3110
17;2025-12-16;11;3019
17;2025-12-16;12;3037
17;2025-12-16;13;3064
17;2025-12-16;14;3139
17;2025-12-16;15;3158
17;2025-12-16;16;3486
17;2025-12-16;17;4439
17;2025-12-16;18;4662
17;2025-12-16;19;3335
17;2025-12-16;20;2314
17;2025-12-16;21;1308
17;2025-12-16;22;617
17;2025-12-16;23;339
17;2025-12-17;0;122
17;2025-12-17;1;9
17;2025-12-17;2;0
17;2025-12-17;3;0
17;2025-12-17;4;25
17;2025-12-17;5;244
17;2025-12-17;6;1265
17;2025-12-17;7;3441
17;2025-12-17;8;5234
17;2025-12-17;9;3922
17;2025-12-17;10;3167
17;2025-12-17;11;3069
17;2025-12-17;12;3112
17;2025-12-17;13;3112
17;2025-12-17;14;3212
17;2025-12-17;15;3208
17;2025-12-17;16;3593
17;2025-12-17;17;4374
17;2025-12-17;18;4690
17;2025-12-17;19;3340
17;2025-12-17;20;2309
17;2025-12-17;21;1425
17;2025-12-17;22;709
17;2025-12-17;23;367
17;2025-12-18;0;112
17;2025-12-18;1;9
17;2025-12-18;2;0
17;2025-12-18;3;0
17;2025-12-18;4;25
17;2025-12-18;5;312
17;2025-12-18;6;1487
17;2025-12-18;7;4111
17;2025-12-18;8;5310
17;2025-12-18;9;3996
17;2025-12-18;10;3198
17;2025-12-18;11;3104
17;2025-12-18;12;3148
17;2025-12-18;13;3148
17;2025-12-18;14;3191
17;2025-12-18;15;3201
17;2025-12-18;16;3686
17;2025-12-18;17;4434
17;2025-12-18;18;4757
17;2025-12-18;19;3377
17;2025-12-18;20;2370
17;2025-12-18;21;1438
17;2025-12-18;22;720
17;2025-12-18;23;378
17;2025-12-19;0;150
17;2025-12-19;1;14
17;2025-12-19;2;0
17;2025-12-19;3;0
17;2025-12-19;4;24
17;2025-12-19;5;316
17;2025-12-19;6;1558
17;2025-12-19;7;4188
17;2025-12-19;8;5348
17;2025-12-19;9;3941
17;2025-12-19;10;3136
17;2025-12-19;11;3100
17;2025-12-19;12;3203
17;2025-12-19;13;3203
17;2025-12-19;14;3281
17;2025-12-19;15;3467
17;2025-12-19;16;4089
17;2025-12-19;17;4594
17;2025-12-19;18;4313
17;2025-12-19;19;3228
17;2025-12-19;20;2317
17;2025-12-19;21;1615
17;2025-12-19;22;780
17;2025-12-19;23;456
17;2025-12-20;0;216
17;2025-12-20;1;25
17;2025-12-20;2;0
17;2025-12-20;3;0
17;2025-12-20;4;6
17;2025-12-20;5;137
17;2025-12-20;6;606
17;2025-12-20;7;1319
17;2025-12-20;8;1920
17;2025-12-20;9;2386
17;2025-12-20;10;2592
17;2025-12-20;11;2929
17;2025-12-20;12;3200
17;2025-12-20;13;3333
17;2025-12-20;14;3266
17;2025-12-20;15;3267
17;2025-12-20;16;3302
17;2025-12-20;17;3107
17;2025-12-20;18;2770
17;2025-12-20;19;2333
17;2025-12-20;20;1905
17;2025-12-20;21;1361
17;2025-12-20;22;782
17;2025-12-20;23;426
17;2025-12-21;0;172
17;2025-12-21;1;21
17;2025-12-21;2;0
17;2025-12-21;3;0
17;2025-12-21;4;3
17;2025-12-21;5;102
17;2025-12-21;6;400
17;2025-12-21;7;746
17;2025-12-21;8;1151
17;2025-12-21;9;1653
17;2025-12-21;10;1930
17;2025-12-21;11;2367
17;2025-12-21;12;2740
17;2025-12-21;13;2922
17;2025-12-21;14;2996
17;2025-12-21;15;2913
17;2025-12-21;16;2771
17;2025-12-21;17;2696
17;2025-12-21;18;2432
17;2025-12-21;19;1951
17;2025-12-21;20;1501
17;2025-12-21;21;1074
17;2025-12-21;22;627
17;2025-12-21;23;287
17;2025-12-22;0;123
17;2025-12-22;1;10
17;2025-12-22;2;0
17;2025-12-22;3;0
17;2025-12-22;4;24
17;2025-12-22;5;313
17;2025-12-22;6;1532
17;2025-12-22;7;4106
17;2025-12-22;8;5361
17;2025-12-22;9;3923
17;2025-12-22;10;3127
17;2025-12-22;11;2966
17;2025-12-22;12;3065
17;2025-12-22;13;3065
17;2025-12-22;14;3083
17;2025-12-22;15;3181
17;2025-12-22;16;3558
17;2025-12-22;17;4418
17;2025-12-22;18;4744
17;2025-12-22;19;3332
17;2025-12-22;20;2348
17;2025-12-22;21;1422
17;2025-12-22;22;691
17;2025-12-22;23;355
17;2025-12-23;0;118
17;2025-12-23;1;10
17;2025-12-23;2;0
17;2025-12-23;3;0
17;2025-12-23;4;24
17;2025-12-23;5;314
17;2025-12-23;6;1526
17;2025-12-23;7;4097
17;2025-12-23;8;5341
17;2025-12-23;9;3966
17;2025-12-23;10;3110
17;2025-12-23;11;3019
17;2025-12-23;12;3037
17;2025-12-23;13;3064
17;2025-12-23;14;3139
17;2025-12-23;15;3158
17;2025-12-23;16;3486
17;2025-12-23;17;4439
17;2025-12-23;18;4662
17;2025-12-23;19;3335
17;2025-12-23;20;2314
17;2025-12-23;21;1430
17;2025-12-23;22;617
17;2025-12-23;23;339
17;2025-12-24;0;122
17;2025-12-24;1;9
17;2025-12-24;2;0
17;2025-12-24;3;0
17;2025-12-24;4;25
17;2025-12-24;5;308
17;2025-12-24;6;1502
17;2025-12-24;7;4084
17;2025-12-24;8;5234
17;2025-12-24;9;3922
17;2025-12-24;10;3167
17;2025-12-24;11;3069
17;2025-12-24;12;3112
17;2025-12-24;13;3112
17;2025-12-24;14;3212
17;2025-12-24;15;3208
17;2025-12-24;16;3593
17;2025-12-24;17;4374
17;2025-12-24;18;4690
17;2025-12-24;19;3340
17;2025-12-24;20;2309
17;2025-12-24;21;1425
17;2025-12-24;22;709
17;2025-12-24;23;367
17;2025-12-25;0;112
17;2025-12-25;1;9
17;2025-12-25;2;0
17;2025-12-25;3;0
17;2025-12-25;4;25
17;2025-12-25;5;312
17;2025-12-25;6;1487
17;2025-12-25;7;4111
17;2025-12-25;8;5310
17;2025-12-25;9;3996
17;2025-12-25;10;3198
17;2025-12-25;11;3104
17;2025-12-25;12;3148
17;2025-12-25;13;3148
17;2025-12-25;14;3191
17;2025-12-25;15;3201
17;2025-12-25;16;3686
17;2025-12-25;17;4434
17;2025-12-25;18;4757
17;2025-12-25;19;3377
17;2025-12-25;20;2370
17;2025-12-25;21;1438
17;2025-12-25;22;720
17;2025-12-25;23;378
17;2025-12-26;0;150
17;2025-12-26;1;14
17;2025-12-26;2;0
17;2025-12-26;3;0
17;2025-12-26;4;24
17;2025-12-26;5;316
17;2025-12-26;6;1558
17;2025-12-26;7;4188
17;2025-12-26;8;5348
17;2025-12-26;9;3941
17;2025-12-26;10;3136
17;2025-12-26;11;3100
17;2025-12-26;12;3203
17;2025-12-26;13;3203
17;2025-12-26;14;3281
17;2025-12-26;15;3467
17;2025-12-26;16;4089
17;2025-12-26;17;4594
17;2025-12-26;18;4313
17;2025-12-26;19;3228
17;2025-12-26;20;2317
17;2025-12-26;21;1615
17;2025-12-26;22;780
17;2025-12-26;23;456
17;2025-12-27;0;216
17;2025-12-27;1;25
17;2025-12-27;2;0
17;2025-12-27;3;0
17;2025-12-27;4;6
17;2025-12-27;5;137
17;2025-12-27;6;606
17;2025-12-27;7;1319
17;2025-12-27;8;1920
17;2025-12-27;9;2386
17;2025-12-27;10;2592
17;2025-12-27;11;2929
17;2025-12-27;12;3200
17;2025-12-27;13;3333
17;2025-12-27;14;3266
17;2025-12-27;15;3267
17;2025-12-27;16;3302
17;2025-12-27;17;3107
17;2025-12-27;18;2770
17;2025-12-27;19;2333
17;2025-12-27;20;1905
17;2025-12-27;21;1361
17;2025-12-27;22;782
17;2025-12-27;23;426
17;2025-12-28;0;172
17;2025-12-28;1;21
17;2025-12-28;2;0
17;2025-12-28;3;0
17;2025-12-28;4;3
17;2025-12-28;5;102
17;2025-12-28;6;400
17;2025-12-28;7;746
17;2025-12-28;8;1151
17;2025-12-28;9;1653
17;2025-12-28;10;1930
17;2025-12-28;11;2367
17;2025-12-28;12;2740
17;2025-12-28;13;2922
17;2025-12-28;14;2996
17;2025-12-28;15;2913
17;2025-12-28;16;2771
17;2025-12-28;17;2696
17;2025-12-28;18;2432
17;2025-12-28;19;1951
17;2025-12-28;20;1501
17;2025-12-28;21;1074
17;2025-12-28;22;627
17;2025-12-28;23;287
17;2025-12-29;0;113
17;2025-12-29;1;9
17;2025-12-29;2;0
17;2025-12-29;3;0
17;2025-12-29;4;22
17;2025-12-29;5;288
17;2025-12-29;6;1409
17;2025-12-29;7;3778
17;2025-12-29;8;4932
17;2025-12-29;9;3609
17;2025-12-29;10;2877
17;2025-12-29;11;2729
17;2025-12-29;12;2820
17;2025-12-29;13;2820
17;2025-12-29;14;2836
17;2025-12-29;15;2926
17;2025-12-29;16;3274
17;2025-12-29;17;4064
17;2025-12-29;18;4364
17;2025-12-29;19;3065
17;2025-12-29;20;2160
17;2025-12-29;21;1308
17;2025-12-29;22;635
17;2025-12-29;23;327
17;2025-12-30;0;108
17;2025-12-30;1;9
17;2025-12-30;2;0
17;2025-12-30;3;0
17;2025-12-30;4;22
17;2025-12-30;5;288
17;2025-12-30;6;1404
17;2025-12-30;7;3769
17;2025-12-30;8;4914
17;2025-12-30;9;3648
17;2025-12-30;10;2861
17;2025-12-30;11;2777
17;2025-12-30;12;2794
17;2025-12-30;13;2819
17;2025-12-30;14;2888
17;2025-12-30;15;2906
17;2025-12-30;16;3207
17;2025-12-30;17;4084
17;2025-12-30;18;4289
17;2025-12-30;19;3068
17;2025-12-30;20;2128
17;2025-12-30;21;1316
17;2025-12-30;22;652
17;2025-12-30;23;332
17;2025-12-31;0;136
17;2025-12-31;1;12
17;2025-12-31;2;0
17;2025-12-31;3;0
17;2025-12-31;4;5
17;2025-12-31;5;143
17;2025-12-31;6;589
17;2025-12-31;7;1171
17;2025-12-31;8;1759
17;2025-12-31;9;2237
17;2025-12-31;10;2187
17;2025-12-31;11;2363
17;2025-12-31;12;2773
17;2025-12-31;13;2859
17;2025-12-31;14;3038
17;2025-12-31;15;2912
17;2025-12-31;16;2964
17;2025-12-31;17;3230
17;2025-12-31;18;3022
17;2025-12-31;19;2454
17;2025-12-31;20;1796
17;2025-12-31;21;1254
17;2025-12-31;22;652
17;2025-12-31;23;336
25;2025-11-01;0;0
25;2025-11-01;1;0
25;2025-11-01;2;0
25;2025-11-01;3;0
25;2025-11-01;4;0
25;2025-11-01;5;6
25;2025-11-01;6;136
25;2025-11-01;7;283
25;2025-11-01;8;639
25;2025-11-01;9;386
25;2025-11-01;10;333
25;2025-11-01;11;399
25;2025-11-01;12;392
25;2025-11-01;13;549
25;2025-11-01;14;467
25;2025-11-01;15;546
25;2025-11-01;16;637
25;2025-11-01;17;603
25;2025-11-01;18;644
25;2025-11-01;19;457
25;2025-11-01;20;279
25;2025-11-01;21;196
25;2025-11-01;22;102
25;2025-11-01;23;9
25;2025-11-02;0;15
25;2025-11-02;1;0
25;2025-11-02;2;0
25;2025-11-02;3;0
25;2025-11-02;4;0
25;2025-11-02;5;4
25;2025-11-02;6;54
25;2025-11-02;7;100
25;2025-11-02;8;179
25;2025-11-02;9;225
25;2025-11-02;10;226
25;2025-11-02;11;305
25;2025-11-02;12;371
25;2025-11-02;13;472
25;2025-11-02;14;500
25;2025-11-02;15;632
25;2025-11-02;16;528
25;2025-11-02;17;521
25;2025-11-02;18;407
25;2025-11-02;19;315
25;2025-11-02;20;241
25;2025-11-02;21;156
25;2025-11-02;22;97
25;2025-11-02;23;36
25;2025-11-03;0;9
25;2025-11-03;1;0
25;2025-11-03;2;0
25;2025-11-03;3;0
25;2025-11-03;4;0
25;2025-11-03;5;3
25;2025-11-03;6;54
25;2025-11-03;7;107
25;2025-11-03;8;191
25;2025-11-03;9;195
25;2025-11-03;10;191
25;2025-11-03;11;256
25;2025-11-03;12;300
25;2025-11-03;13;383
25;2025-11-03;14;413
25;2025-11-03;15;535
25;2025-11-03;16;447
25;2025-11-03;17;434
25;2025-11-03;18;381
25;2025-11-03;19;314
25;2025-11-03;20;233
25;2025-11-03;21;156
25;2025-11-03;22;84
25;2025-11-03;23;22
25;2025-11-04;0;7
25;2025-11-04;1;0
25;2025-11-04;2;0
25;2025-11-04;3;0
25;2025-11-04;4;0
25;2025-11-04;5;3
25;2025-11-04;6;54
25;2025-11-04;7;108
25;2025-11-04;8;193
25;2025-11-04;9;191
25;2025-11-04;10;192
25;2025-11-04;11;245
25;2025-11-04;12;306
25;2025-11-04;13;395
25;2025-11-04;14;406
25;2025-11-04;15;534
25;2025-11-04;16;442
25;2025-11-04;17;439
25;2025-11-04;18;373
25;2025-11-04;19;324
25;2025-11-04;20;241
25;2025-11-04;21;162
25;2025-11-04;22;83
25;2025-11-04;23;21
25;2025-11-05;0;0
25;2025-11-05;1;0
25;2025-11-05;2;0
25;2025-11-05;3;0
25;2025-11-05;4;0
25;2025-11-05;5;7
25;2025-11-05;6;162
25;2025-11-05;7;527
25;2025-11-05;8;953
25;2025-11-05;9;514
25;2025-11-05;10;407
25;2025-11-05;11;475
25;2025-11-05;12;465
25;2025-11-05;13;599
25;2025-11-05;14;353
25;2025-11-05;15;568
25;2025-11-05;16;665
25;2025-11-05;17;822
25;2025-11-05;18;885
25;2025-11-05;19;623
25;2025-11-05;20;347
25;2025-11-05;21;258
25;2025-11-05;22;103
25;2025-11-05;23;8
25;2025-11-06;0;0
25;2025-11-06;1;0
25;2025-11-06;2;0
25;2025-11-06;3;0
25;2025-11-06;4;0
25;2025-11-06;5;7
25;2025-11-06;6;166
25;2025-11-06;7;531
25;2025-11-06;8;934
25;2025-11-06;9;516
25;2025-11-06;10;423
25;2025-11-06;11;465
25;2025-11-06;12;439
25;2025-11-06;13;575
25;2025-11-06;14;518
25;2025-11-06;15;602
25;2025-11-06;16;699
25;2025-11-06;17;754
25;2025-11-06;18;824
25;2025-11-06;19;598
25;2025-11-06;20;344
25;2025-11-06;21;226
25;2025-11-06;22;95
25;2025-11-06;23;7
25;2025-11-07;0;0
25;2025-11-07;1;0
25;2025-11-07;2;0
25;2025-11-07;3;0
25;2025-11-07;4;0
25;2025-11-07;5;9
25;2025-11-07;6;195
25;2025-11-07;7;553
25;2025-11-07;8;851
25;2025-11-07;9;485
25;2025-11-07;10;391
25;2025-11-07;11;465
25;2025-11-07;12;462
25;2025-11-07;13;566
25;2025-11-07;14;513
25;2025-11-07;15;664
25;2025-11-07;16;771
25;2025-11-07;17;761
25;2025-11-07;18;685
25;2025-11-07;19;565
25;2025-11-07;20;332
25;2025-11-07;21;222
25;2025-11-07;22;109
25;2025-11-07;23;12
25;2025-11-08;0;0
25;2025-11-08;1;0
25;2025-11-08;2;0
25;2025-11-08;3;0
25;2025-11-08;4;0
25;2025-11-08;5;4
25;2025-11-08;6;69
25;2025-11-08;7;137
25;2025-11-08;8;327
25;2025-11-08;9;320
25;2025-11-08;10;306
25;2025-11-08;11;415
25;2025-11-08;12;410
25;2025-11-08;13;623
25;2025-11-08;14;640
25;2025-11-08;15;714
25;2025-11-08;16;651
25;2025-11-08;17;534
25;2025-11-08;18;515
25;2025-11-08;19;460
25;2025-11-08;20;274
25;2025-11-08;21;216
25;2025-11-08;22;123
25;2025-11-08;23;48
25;2025-11-09;0;15
25;2025-11-09;1;0
25;2025-11-09;2;0
25;2025-11-09;3;0
25;2025-11-09;4;0
25;2025-11-09;5;4
25;2025-11-09;6;54
25;2025-11-09;7;100
25;2025-11-09;8;179
25;2025-11-09;9;225
25;2025-11-09;10;226
25;2025-11-09;11;305
25;2025-11-09;12;371
25;2025-11-09;13;472
25;2025-11-09;14;500
25;2025-11-09;15;632
25;2025-11-09;16;528
25;2025-11-09;17;521
25;2025-11-09;18;407
25;2025-11-09;19;315
25;2025-11-09;20;241
25;2025-11-09;21;156
25;2025-11-09;22;97
25;2025-11-09;23;36
25;2025-11-10;0;0
25;2025-11-10;1;0
25;2025-11-10;2;0
25;2025-11-10;3;0
25;2025-11-10;4;0
25;2025-11-10;5;7
25;2025-11-10;6;167
25;2025-11-10;7;529
25;2025-11-10;8;947
25;2025-11-10;9;526
25;2025-11-10;10;395
25;2025-11-10;11;449
25;2025-11-10;12;440
25;2025-11-10;13;581
25;2025-11-10;14;487
25;2025-11-10;15;550
25;2025-11-10;16;679
25;2025-11-10;17;738
25;2025-11-10;18;801
25;2025-11-10;19;551
25;2025-11-10;20;346
25;2025-11-10;21;222
25;2025-11-10;22;92
25;2025-11-10;23;8
25;2025-11-11;0;0
25;2025-11-11;1;0
25;2025-11-11;2;0
25;2025-11-11;3;0
25;2025-11-11;4;0
25;2025-11-11;5;6
25;2025-11-11;6;168
25;2025-11-11;7;529
25;2025-11-11;8;949
25;2025-11-11;9;514
25;2025-11-11;10;401
25;2025-11-11;11;457
25;2025-11-11;12;441
25;2025-11-11;13;564
25;2025-11-11;14;487
25;2025-11-11;15;562
25;2025-11-11;16;675
25;2025-11-11;17;733
25;2025-11-11;18;805
25;2025-11-11;19;546
25;2025-11-11;20;342
25;2025-11-11;21;224
25;2025-11-11;22;94
25;2025-11-11;23;5
25;2025-11-12;0;0
25;2025-11-12;1;0
25;2025-11-12;2;0
25;2025-11-12;3;0
25;2025-11-12;4;0
25;2025-11-12;5;7
25;2025-11-12;6;162
25;2025-11-12;7;527
25;2025-11-12;8;953
25;2025-11-12;9;514
25;2025-11-12;10;407
25;2025-11-12;11;475
25;2025-11-12;12;465
25;2025-11-12;13;599
25;2025-11-12;14;353
25;2025-11-12;15;568
25;2025-11-12;16;665
25;2025-11-12;17;822
25;2025-11-12;18;885
25;2025-11-12;19;623
25;2025-11-12;20;347
25;2025-11-12;21;258
25;2025-11-12;22;103
25;2025-11-12;23;8
25;2025-11-13;0;0
25;2025-11-13;1;0
25;2025-11-13;2;0
25;2025-11-13;3;0
25;2025-11-13;4;0
25;2025-11-13;5;7
25;2025-11-13;6;166
25;2025-11-13;7;531
25;2025-11-13;8;934
25;2025-11-13;9;516
25;2025-11-13;10;423
25;2025-11-13;11;465
25;2025-11-13;12;439
25;2025-11-13;13;575
25;2025-11-13;14;518
25;2025-11-13;15;602
25;2025-11-13;16;699
25;2025-11-13;17;754
25;2025-11-13;18;824
25;2025-11-13;19;598
25;2025-11-13;20;344
25;2025-11-13;21;226
25;2025-11-13;22;95
25;2025-11-13;23;7
25;2025-11-14;0;0
25;2025-11-14;1;0
25;2025-11-14;2;0
25;2025-11-14;3;0
25;2025-11-14;4;0
25;2025-11-14;5;9
25;2025-11-14;6;195
25;2025-11-14;7;553
25;2025-11-14;8;851
25;2025-11-14;9;485
25;2025-11-14;10;391
25;2025-11-14;11;465
25;2025-11-14;12;462
25;2025-11-14;13;566
25;2025-11-14;14;513
25;2025-11-14;15;664
25;2025-11-14;16;771
25;2025-11-14;17;761
25;2025-11-14;18;685
25;2025-11-14;19;565
25;2025-11-14;20;332
25;2025-11-14;21;222
25;2025-11-14;22;109
25;2025-11-14;23;12
25;2025-11-15;0;0
25;2025-11-15;1;0
25;2025-11-15;2;0
25;2025-11-15;3;0
25;2025-11-15;4;0
25;2025-11-15;5;4
25;2025-11-15;6;69
25;2025-11-15;7;137
25;2025-11-15;8;327
25;2025-11-15;9;320
25;2025-11-15;10;306
25;2025-11-15;11;415
25;2025-11-15;12;410
25;2025-11-15;13;623
25;2025-11-15;14;640
25;2025-11-15;15;714
25;2025-11-15;16;651
25;2025-11-15;17;534
25;2025-11-15;18;515
25;2025-11-15;19;460
25;2025-11-15;20;274
25;2025-11-15;21;216
25;2025-11-15;22;123
25;2025-11-15;23;48
25;2025-11-16;0;15
25;2025-11-16;1;0
25;2025-11-16;2;0
25;2025-11-16;3;0
25;2025-11-16;4;0
25;2025-11-16;5;4
25;2025-11-16;6;54
25;2025-11-16;7;100
25;2025-11-16;8;179
25;2025-11-16;9;225
25;2025-11-16;10;226
25;2025-11-16;11;305
25;2025-11-16;12;371
25;2025-11-16;13;472
25;2025-11-16;14;500
25;2025-11-16;15;632
25;2025-11-16;16;528
25;2025-11-16;17;521
25;2025-11-16;18;407
25;2025-11-16;19;315
25;2025-11-16;20;241
25;2025-11-16;21;156
25;2025-11-16;22;97
25;2025-11-16;23;36
25;2025-11-17;0;0
25;2025-11-17;1;0
25;2025-11-17;2;0
25;2025-11-17;3;0
25;2025-11-17;4;0
25;2025-11-17;5;7
25;2025-11-17;6;167
25;2025-11-17;7;529
25;2025-11-17;8;947
25;2025-11-17;9;526
25;2025-11-17;10;395
25;2025-11-17;11;449
25;2025-11-17;12;440
25;2025-11-17;13;581
25;2025-11-17;14;487
25;2025-11-17;15;550
25;2025-11-17;16;679
25;2025-11-17;17;738
25;2025-11-17;18;801
25;2025-11-17;19;551
25;2025-11-17;20;346
25;2025-11-17;21;222
25;2025-11-17;22;92
25;2025-11-17;23;8
25;2025-11-18;0;0
25;2025-11-18;1;0
25;2025-11-18;2;0
25;2025-11-18;3;0
25;2025-11-18;4;0
25;2025-11-18;5;6
25;2025-11-18;6;168
25;2025-11-18;7;529
25;2025-11-18;8;949
25;2025-11-18;9;514
25;2025-11-18;10;401
25;2025-11-18;11;457
25;2025-11-18;12;441
25;2025-11-18;13;564
25;2025-11-18;14;487
25;2025-11-18;15;562
25;2025-11-18;16;675
25;2025-11-18;17;733
25;2025-11-18;18;805
25;2025-11-18;19;546
25;2025-11-18;20;342
25;2025-11-18;21;224
25;2025-11-18;22;94
25;2025-11-18;23;5
25;2025-11-19;0;0
25;2025-11-19;1;0
25;2025-11-19;2;0
25;2025-11-19;3;0
25;2025-11-19;4;0
25;2025-11-19;5;7
25;2025-11-19;6;162
25;2025-11-19;7;527
25;2025-11-19;8;953
25;2025-11-19;9;514
25;2025-11-19;10;407
25;2025-11-19;11;475
25;2025-11-19;12;465
25;2025-11-19;13;599
25;2025-11-19;14;353
25;2025-11-19;15;568
25;2025-11-19;16;665
25;2025-11-19;17;822
25;2025-11-19;18;885
25;2025-11-19;19;623
25;2025-11-19;20;347
25;2025-11-19;21;258
25;2025-11-19;22;103
25;2025-11-19;23;8
25;2025-11-20;0;0
25;2025-11-20;1;0
25;2025-11-20;2;0
25;2025-11-20;3;0
25;2025-11-20;4;0
25;2025-11-20;5;7
25;2025-11-20;6;166
25;2025-11-20;7;531
25;2025-11-20;8;934
25;2025-11-20;9;516
25;2025-11-20;10;423
25;2025-11-20;11;465
25;2025-11-20;12;439
25;2025-11-20;13;575
25;2025-11-20;14;518
25;2025-11-20;15;602
25;2025-11-20;16;699
25;2025-11-20;17;754
25;2025-11-20;18;824
25;2025-11-20;19;598
25;2025-11-20;20;344
25;2025-11-20;21;226
25;2025-11-20;22;95
25;2025-11-20;23;7
25;2025-11-21;0;0
25;2025-11-21;1;0
25;2025-11-21;2;0
25;2025-11-21;3;0
25;2025-11-21;4;0
25;2025-11-21;5;9
25;2025-11-21;6;195
25;2025-11-21;7;553
25;2025-11-21;8;851
25;2025-11-21;9;485
25;2025-11-21;10;391
25;2025-11-21;11;465
25;2025-11-21;12;462
25;2025-11-21;13;566
25;2025-11-21;14;513
25;2025-11-21;15;664
25;2025-11-21;16;771
25;2025-11-21;17;761
25;2025-11-21;18;685
25;2025-11-21;19;565
25;2025-11-21;20;332
25;2025-11-21;21;222
25;2025-11-21;22;109
25;2025-11-21;23;12
25;2025-11-22;0;0
25;2025-11-22;1;0
25;2025-11-22;2;0
25;2025-11-22;3;0
25;2025-11-22;4;0
25;2025-11-22;5;4
25;2025-11-22;6;69
25;2025-11-22;7;137
25;2025-11-22;8;327
25;2025-11-22;9;320
25;2025-11-22;10;306
25;2025-11-22;11;415
25;2025-11-22;12;410
25;2025-11-22;13;623
25;2025-11-22;14;640
25;2025-11-22;15;714
25;2025-11-22;16;651
25;2025-11-22;17;534
25;2025-11-22;18;515
25;2025-11-22;19;460
25;2025-11-22;20;274
25;2025-11-22;21;216
25;2025-11-22;22;123
25;2025-11-22;23;48
25;2025-11-23;0;15
25;2025-11-23;1;0
25;2025-11-23;2;0
25;2025-11-23;3;0
25;2025-11-23;4;0
25;2025-11-23;5;4
25;2025-11-23;6;54
25;2025-11-23;7;100
25;2025-11-23;8;179
25;2025-11-23;9;225
25;2025-11-23;10;226
25;2025-11-23;11;305
25;2025-11-23;12;371
25;2025-11-23;13;472
25;2025-11-23;14;500
25;2025-11-23;15;632
25;2025-11-23;16;528
25;2025-11-23;17;521
25;2025-11-23;18;407
25;2025-11-23;19;315
25;2025-11-23;20;241
25;2025-11-23;21;156
25;2025-11-23;22;97
25;2025-11-23;23;36
25;2025-11-24;0;0
25;2025-11-24;1;0
25;2025-11-24;2;0
25;2025-11-24;3;0
25;2025-11-24;4;0
25;2025-11-24;5;7
25;2025-11-24;6;167
25;2025-11-24;7;529
25;2025-11-24;8;947
25;2025-11-24;9;526
25;2025-11-24;10;395
25;2025-11-24;11;449
25;2025-11-24;12;440
25;2025-11-24;13;581
25;2025-11-24;14;487
25;2025-11-24;15;550
25;2025-11-24;16;679
25;2025-11-24;17;738
25;2025-11-24;18;801
25;2025-11-24;19;551
25;2025-11-24;20;346
25;2025-11-24;21;222
25;2025-11-24;22;92
25;2025-11-24;23;8
25;2025-11-25;0;0
25;2025-11-25;1;0
25;2025-11-25;2;0
25;2025-11-25;3;0
25;2025-11-25;4;0
25;2025-11-25;5;6
25;2025-11-25;6;168
25;2025-11-25;7;529
25;2025-11-25;8;949
25;2025-11-25;9;514
25;2025-11-25;10;401
25;2025-11-25;11;457
25;2025-11-25;12;441
25;2025-11-25;13;564
25;2025-11-25;14;487
25;2025-11-25;15;562
25;2025-11-25;16;675
25;2025-11-25;17;733
25;2025-11-25;18;805
25;2025-11-25;19;546
25;2025-11-25;20;342
25;2025-11-25;21;224
25;2025-11-25;22;94
25;2025-11-25;23;5
25;2025-11-26;0;0
25;2025-11-26;1;0
25;2025-11-26;2;0
25;2025-11-26;3;0
25;2025-11-26;4;0
25;2025-11-26;5;7
25;2025-11-26;6;162
25;2025-11-26;7;527
25;2025-11-26;8;953
25;2025-11-26;9;514
25;2025-11-26;10;407
25;2025-11-26;11;475
25;2025-11-26;12;465
25;2025-11-26;13;599
25;2025-11-26;14;353
25;2025-11-26;15;568
25;2025-11-26;16;665
25;2025-11-26;17;822
25;2025-11-26;18;885
25;2025-11-26;19;623
25;2025-11-26;20;347
25;2025-11-26;21;258
25;2025-11-26;22;103
25;2025-11-26;23;8
25;2025-11-27;0;0
25;2025-11-27;1;0
25;2025-11-27;2;0
25;2025-11-27;3;0
25;2025-11-27;4;0
25;2025-11-27;5;7
25;2025-11-27;6;166
25;2025-11-27;7;531
25;2025-11-27;8;934
25;2025-11-27;9;516
25;2025-11-27;10;423
25;2025-11-27;11;465
25;2025-11-27;12;439
25;2025-11-27;13;575
25;2025-11-27;14;518
25;2025-11-27;15;602
25;2025-11-27;16;699
25;2025-11-27;17;754
25;2025-11-27;18;824
25;2025-11-27;19;598
25;2025-11-27;20;344
25;2025-11-27;21;226
25;2025-11-27;22;95
25;2025-11-27;23;7
25;2025-11-28;0;0
25;2025-11-28;1;0
25;2025-11-28;2;0
25;2025-11-28;3;0
25;2025-11-28;4;0
25;2025-11-28;5;9
25;2025-11-28;6;195
25;2025-11-28;7;553
25;2025-11-28;8;851
25;2025-11-28;9;485
25;2025-11-28;10;391
25;2025-11-28;11;465
25;2025-11-28;12;462
25;2025-11-28;13;566
25;2025-11-28;14;513
25;2025-11-28;15;664
25;2025-11-28;16;771
25;2025-11-28;17;761
25;2025-11-28;18;685
25;2025-11-28;19;565
25;2025-11-28;20;332
25;2025-11-28;21;222
25;2025-11-28;22;109
25;2025-11-28;23;12
25;2025-11-29;0;0
25;2025-11-29;1;0
25;2025-11-29;2;0
25;2025-11-29;3;0
25;2025-11-29;4;0
25;2025-11-29;5;4
25;2025-11-29;6;69
25;2025-11-29;7;137
25;2025-11-29;8;327
25;2025-11-29;9;320
25;2025-11-29;10;306
25;2025-11-29;11;415
25;2025-11-29;12;410
25;2025-11-29;13;623
25;2025-11-29;14;640
25;2025-11-29;15;714
25;2025-11-29;16;651
25;2025-11-29;17;534
25;2025-11-29;18;515
25;2025-11-29;19;460
25;2025-11-29;20;274
25;2025-11-29;21;216
25;2025-11-29;22;123
25;2025-11-29;23;48
25;2025-11-30;0;15
25;2025-11-30;1;0
25;2025-11-30;2;0
25;2025-11-30;3;0
25;2025-11-30;4;0
25;2025-11-30;5;4
25;2025-11-30;6;54
25;2025-11-30;7;100
25;2025-11-30;8;179
25;2025-11-30;9;225
25;2025-11-30;10;226
25;2025-11-30;11;305
25;2025-11-30;12;371
25;2025-11-30;13;472
25;2025-11-30;14;500
25;2025-11-30;15;632
25;2025-11-30;16;528
25;2025-11-30;17;521
25;2025-11-30;18;407
25;2025-11-30;19;315
25;2025-11-30;20;241
25;2025-11-30;21;156
25;2025-11-30;22;97
25;2025-11-30;23;36
25;2025-12-01;0;0
25;2025-12-01;1;0
25;2025-12-01;2;0
25;2025-12-01;3;0
25;2025-12-01;4;0
25;2025-12-01;5;6
25;2025-12-01;6;164
25;2025-12-01;7;519
25;2025-12-01;8;928
25;2025-12-01;9;516
25;2025-12-01;10;387
25;2025-12-01;11;440
25;2025-12-01;12;431
25;2025-12-01;13;570
25;2025-12-01;14;477
25;2025-12-01;15;539
25;2025-12-01;16;665
25;2025-12-01;17;723
25;2025-12-01;18;785
25;2025-12-01;19;540
25;2025-12-01;20;339
25;2025-12-01;21;217
25;2025-12-01;22;90
25;2025-12-01;23;8
25;2025-12-02;0;0
25;2025-12-02;1;0
25;2025-12-02;2;0
25;2025-12-02;3;0
25;2025-12-02;4;0
25;2025-12-02;5;6
25;2025-12-02;6;165
25;2025-12-02;7;518
25;2025-12-02;8;930
25;2025-12-02;9;504
25;2025-12-02;10;393
25;2025-12-02;11;448
25;2025-12-02;12;432
25;2025-12-02;13;553
25;2025-12-02;14;477
25;2025-12-02;15;551
25;2025-12-02;16;662
25;2025-12-02;17;719
25;2025-12-02;18;789
25;2025-12-02;19;535
25;2025-12-02;20;336
25;2025-12-02;21;219
25;2025-12-02;22;92
25;2025-12-02;23;5
25;2025-12-03;0;0
25;2025-12-03;1;0
25;2025-12-03;2;0
25;2025-12-03;3;0
25;2025-12-03;4;0
25;2025-12-03;5;6
25;2025-12-03;6;158
25;2025-12-03;7;516
25;2025-12-03;8;934
25;2025-12-03;9;504
25;2025-12-03;10;399
25;2025-12-03;11;466
25;2025-12-03;12;456
25;2025-12-03;13;587
25;2025-12-03;14;346
25;2025-12-03;15;556
25;2025-12-03;16;652
25;2025-12-03;17;805
25;2025-12-03;18;867
25;2025-12-03;19;611
25;2025-12-03;20;340
25;2025-12-03;21;253
25;2025-12-03;22;101
25;2025-12-03;23;8
25;2025-12-04;0;0
25;2025-12-04;1;0
25;2025-12-04;2;0
25;2025-12-04;3;0
25;2025-12-04;4;0
25;2025-12-04;5;7
25;2025-12-04;6;163
25;2025-12-04;7;520
25;2025-12-04;8;915
25;2025-12-04;9;505
25;2025-12-04;10;414
25;2025-12-04;11;456
25;2025-12-04;12;430
25;2025-12-04;13;563
25;2025-12-04;14;508
25;2025-12-04;15;590
25;2025-12-04;16;685
25;2025-12-04;17;739
25;2025-12-04;18;808
25;2025-12-04;19;586
25;2025-12-04;20;337
25;2025-12-04;21;222
25;2025-12-04;22;93
25;2025-12-04;23;7
25;2025-12-05;0;0
25;2025-12-05;1;0
25;2025-12-05;2;0
25;2025-12-05;3;0
25;2025-12-05;4;0
25;2025-12-05;5;8
25;2025-12-05;6;191
25;2025-12-05;7;542
25;2025-12-05;8;834
25;2025-12-05;9;476
25;2025-12-05;10;383
25;2025-12-05;11;456
25;2025-12-05;12;453
25;2025-12-05;13;555
25;2025-12-05;14;503
25;2025-12-05;15;651
25;2025-12-05;16;756
25;2025-12-05;17;746
25;2025-12-05;18;671
25;2025-12-05;19;554
25;2025-12-05;20;325
25;2025-12-05;21;218
25;2025-12-05;22;107
25;2025-12-05;23;11
25;2025-12-06;0;0
25;2025-12-06;1;0
25;2025-12-06;2;0
25;2025-12-06;3;0
25;2025-12-06;4;0
25;2025-12-06;5;4
25;2025-12-06;6;68
25;2025-12-06;7;134
25;2025-12-06;8;320
25;2025-12-06;9;314
25;2025-12-06;10;300
25;2025-12-06;11;407
25;2025-12-06;12;402
25;2025-12-06;13;610
25;2025-12-06;14;628
25;2025-12-06;15;699
25;2025-12-06;16;638
25;2025-12-06;17;523
25;2025-12-06;18;504
25;2025-12-06;19;451
25;2025-12-06;20;268
25;2025-12-06;21;211
25;2025-12-06;22;121
25;2025-12-06;23;47
25;2025-12-07;0;15
25;2025-12-07;1;0
25;2025-12-07;2;0
25;2025-12-07;3;0
25;2025-12-07;4;0
25;2025-12-07;5;4
25;2025-12-07;6;53
25;2025-12-07;7;98
25;2025-12-07;8;176
25;2025-12-07;9;221
25;2025-12-07;10;221
25;2025-12-07;11;299
25;2025-12-07;12;364
25;2025-12-07;13;463
25;2025-12-07;14;490
25;2025-12-07;15;619
25;2025-12-07;16;518
25;2025-12-07;17;511
25;2025-12-07;18;399
25;2025-12-07;19;308
25;2025-12-07;20;236
25;2025-12-07;21;153
25;2025-12-07;22;95
25;2025-12-07;23;35
25;2025-12-08;0;0
25;2025-12-08;1;0
25;2025-12-08;2;0
25;2025-12-08;3;0
25;2025-12-08;4;0
25;2025-12-08;5;6
25;2025-12-08;6;164
25;2025-12-08;7;519
25;2025-12-08;8;928
25;2025-12-08;9;516
25;2025-12-08;10;387
25;2025-12-08;11;440
25;2025-12-08;12;431
25;2025-12-08;13;570
25;2025-12-08;14;477
25;2025-12-08;15;539
25;2025-12-08;16;665
25;2025-12-08;17;723
25;2025-12-08;18;785
25;2025-12-08;19;540
25;2025-12-08;20;339
25;2025-12-08;21;217
25;2025-12-08;22;90
25;2025-12-08;23;8
25;2025-12-09;0;0
25;2025-12-09;1;0
25;2025-12-09;2;0
25;2025-12-09;3;0
25;2025-12-09;4;0
25;2025-12-09;5;6
25;2025-12-09;6;165
25;2025-12-09;7;518
25;2025-12-09;8;930
25;2025-12-09;9;504
25;2025-12-09;10;393
25;2025-12-09;11;448
25;2025-12-09;12;432
25;2025-12-09;13;553
25;2025-12-09;14;477
25;2025-12-09;15;551
25;2025-12-09;16;662
25;2025-12-09;17;719
25;2025-12-09;18;789
25;2025-12-09;19;535
25;2025-12-09;20;336
25;2025-12-09;21;219
25;2025-12-09;22;92
25;2025-12-09;23;5
25;2025-12-10;0;0
25;2025-12-10;1;0
25;2025-12-10;2;0
25;2025-12-10;3;0
25;2025-12-10;4;0
25;2025-12-10;5;6
25;2025-12-10;6;158
25;2025-12-10;7;516
25;2025-12-10;8;934
25;2025-12-10;9;504
25;2025-12-10;10;399
25;2025-12-10;11;466
25;2025-12-10;12;456
25;2025-12-10;13;587
25;2025-12-10;14;346
25;2025-12-10;15;556
25;2025-12-10;16;652
25;2025-12-10;17;805
25;2025-12-10;18;867
25;2025-12-10;19;611
25;2025-12-10;20;340
25;2025-12-10;21;253
25;2025-12-10;22;101
25;2025-12-10;23;8
25;2025-12-11;0;0
25;2025-12-11;1;0
25;2025-12-11;2;0
25;2025-12-11;3;0
25;2025-12-11;4;0
25;2025-12-11;5;7
25;2025-12-11;6;163
25;2025-12-11;7;520
25;2025-12-11;8;915
25;2025-12-11;9;505
25;2025-12-11;10;414
25;2025-12-11;11;456
25;2025-12-11;12;430
25;2025-12-11;13;563
25;2025-12-11;14;508
25;2025-12-11;15;590
25;2025-12-11;16;685
25;2025-12-11;17;739
25;2025-12-11;18;808
25;2025-12-11;19;586
25;2025-12-11;20;337
25;2025-12-11;21;222
25;2025-12-11;22;93
25;2025-12-11;23;7
25;2025-12-12;0;0
25;2025-12-12;1;0
25;2025-12-12;2;0
25;2025-12-12;3;0
25;2025-12-12;4;0
25;2025-12-12;5;8
25;2025-12-12;6;191
25;2025-12-12;7;542
25;2025-12-12;8;834
25;2025-12-12;9;476
25;2025-12-12;10;383
25;2025-12-12;11;456
25;2025-12-12;12;453
25;2025-12-12;13;555
25;2025-12-12;14;503
25;2025-12-12;15;651
25;2025-12-12;16;756
25;2025-12-12;17;746
25;2025-12-12;18;671
25;2025-12-12;19;554
25;2025-12-12;20;325
25;2025-12-12;21;218
25;2025-12-12;22;107
25;2025-12-12;23;11
25;2025-12-13;0;0
25;2025-12-13;1;0
25;2025-12-13;2;0
25;2025-12-13;3;0
25;2025-12-13;4;0
25;2025-12-13;5;4
25;2025-12-13;6;68
25;2025-12-13;7;134
25;2025-12-13;8;320
25;2025-12-13;9;314
25;2025-12-13;10;300
25;2025-12-13;11;407
25;2025-12-13;12;402
25;2025-12-13;13;544
25;2025-12-13;14;557
25;2025-12-13;15;615
25;2025-12-13;16;569
25;2025-12-13;17;523
25;2025-12-13;18;504
25;2025-12-13;19;451
25;2025-12-13;20;268
25;2025-12-13;21;211
25;2025-12-13;22;121
25;2025-12-13;23;47
25;2025-12-14;0;15
25;2025-12-14;1;0
25;2025-12-14;2;0
25;2025-12-14;3;0
25;2025-12-14;4;0
25;2025-12-14;5;4
25;2025-12-14;6;53
25;2025-12-14;7;98
25;2025-12-14;8;176
25;2025-12-14;9;221
25;2025-12-14;10;221
25;2025-12-14;11;299
25;2025-12-14;12;364
25;2025-12-14;13;463
25;2025-12-14;14;490
25;2025-12-14;15;619
25;2025-12-14;16;518
25;2025-12-14;17;511
25;2025-12-14;18;399
25;2025-12-14;19;308
25;2025-12-14;20;236
25;2025-12-14;21;153
25;2025-12-14;22;95
25;2025-12-14;23;35
25;2025-12-15;0;0
25;2025-12-15;1;0
25;2025-12-15;2;0
25;2025-12-15;3;0
25;2025-12-15;4;0
25;2025-12-15;5;6
25;2025-12-15;6;164
25;2025-12-15;7;519
25;2025-12-15;8;928
25;2025-12-15;9;516
25;2025-12-15;10;387
25;2025-12-15;11;440
25;2025-12-15;12;431
25;2025-12-15;13;570
25;2025-12-15;14;477
25;2025-12-15;15;539
25;2025-12-15;16;665
25;2025-12-15;17;723
25;2025-12-15;18;785
25;2025-12-15;19;540
25;2025-12-15;20;339
25;2025-12-15;21;217
25;2025-12-15;22;90
25;2025-12-15;23;8
25;2025-12-16;0;0
25;2025-12-16;1;0
25;2025-12-16;2;0
25;2025-12-16;3;0
25;2025-12-16;4;0
25;2025-12-16;5;6
25;2025-12-16;6;165
25;2025-12-16;7;518
25;2025-12-16;8;930
25;2025-12-16;9;504
25;2025-12-16;10;393
25;2025-12-16;11;448
25;2025-12-16;12;432
25;2025-12-16;13;553
25;2025-12-16;14;477
25;2025-12-16;15;551
25;2025-12-16;16;662
25;2025-12-16;17;719
25;2025-12-16;18;789
25;2025-12-16;19;535
25;2025-12-16;20;336
25;2025-12-16;21;219
25;2025-12-16;22;92
25;2025-12-16;23;5
25;2025-12-17;0;0
25;2025-12-17;1;0
25;2025-12-17;2;0
25;2025-12-17;3;0
25;2025-12-17;4;0
25;2025-12-17;5;6
25;2025-12-17;6;158
25;2025-12-17;7;516
25;2025-12-17;8;934
25;2025-12-17;9;504
25;2025-12-17;10;399
25;2025-12-17;11;466
25;2025-12-17;12;456
25;2025-12-17;13;587
25;2025-12-17;14;346
25;2025-12-17;15;556
25;2025-12-17;16;652
25;2025-12-17;17;805
25;2025-12-17;18;867
25;2025-12-17;19;611
25;2025-12-17;20;340
25;2025-12-17;21;253
25;2025-12-17;22;101
25;2025-12-17;23;8
25;2025-12-18;0;0
25;2025-12-18;1;0
25;2025-12-18;2;0
25;2025-12-18;3;0
25;2025-12-18;4;0
25;2025-12-18;5;7
25;2025-12-18;6;163
25;2025-12-18;7;520
25;2025-12-18;8;915
25;2025-12-18;9;505
25;2025-12-18;10;414
25;2025-12-18;11;456
25;2025-12-18;12;430
25;2025-12-18;13;563
25;2025-12-18;14;508
25;2025-12-18;15;590
25;2025-12-18;16;685
25;2025-12-18;17;739
25;2025-12-18;18;808
25;2025-12-18;19;586
25;2025-12-18;20;337
25;2025-12-18;21;222
25;2025-12-18;22;93
25;2025-12-18;23;7
25;2025-12-19;0;0
25;2025-12-19;1;0
25;2025-12-19;2;0
25;2025-12-19;3;0
25;2025-12-19;4;0
25;2025-12-19;5;8
25;2025-12-19;6;191
25;2025-12-19;7;542
25;2025-12-19;8;834
25;2025-12-19;9;476
25;2025-12-19;10;383
25;2025-12-19;11;456
25;2025-12-19;12;453
25;2025-12-19;13;555
25;2025-12-19;14;503
25;2025-12-19;15;651
25;2025-12-19;16;756
25;2025-12-19;17;746
25;2025-12-19;18;671
25;2025-12-19;19;554
25;2025-12-19;20;325
25;2025-12-19;21;218
25;2025-12-19;22;107
25;2025-12-19;23;11
25;2025-12-20;0;0
25;2025-12-20;1;0
25;2025-12-20;2;0
25;2025-12-20;3;0
25;2025-12-20;4;0
25;2025-12-20;5;4
25;2025-12-20;6;68
25;2025-12-20;7;134
25;2025-12-20;8;320
25;2025-12-20;9;314
25;2025-12-20;10;300
25;2025-12-20;11;407
25;2025-12-20;12;402
25;2025-12-20;13;610
25;2025-12-20;14;628
25;2025-12-20;15;699
25;2025-12-20;16;638
25;2025-12-20;17;523
25;2025-12-20;18;504
25;2025-12-20;19;451
25;2025-12-20;20;268
25;2025-12-20;21;211
25;2025-12-20;22;121
25;2025-12-20;23;47
25;2025-12-21;0;15
25;2025-12-21;1;0
25;2025-12-21;2;0
25;2025-12-21;3;0
25;2025-12-21;4;0
25;2025-12-21;5;4
25;2025-12-21;6;53
25;2025-12-21;7;98
25;2025-12-21;8;176
25;2025-12-21;9;221
25;2025-12-21;10;221
25;2025-12-21;11;299
25;2025-12-21;12;364
25;2025-12-21;13;463
25;2025-12-21;14;490
25;2025-12-21;15;619
25;2025-12-21;16;518
25;2025-12-21;17;511
25;2025-12-21;18;399
25;2025-12-21;19;308
25;2025-12-21;20;236
25;2025-12-21;21;153
25;2025-12-21;22;95
25;2025-12-21;23;35
25;2025-12-22;0;0
25;2025-12-22;1;0
25;2025-12-22;2;0
25;2025-12-22;3;0
25;2025-12-22;4;0
25;2025-12-22;5;6
25;2025-12-22;6;164
25;2025-12-22;7;519
25;2025-12-22;8;928
25;2025-12-22;9;516
25;2025-12-22;10;387
25;2025-12-22;11;440
25;2025-12-22;12;431
25;2025-12-22;13;570
25;2025-12-22;14;477
25;2025-12-22;15;539
25;2025-12-22;16;665
25;2025-12-22;17;723
25;2025-12-22;18;785
25;2025-12-22;19;540
25;2025-12-22;20;339
25;2025-12-22;21;217
25;2025-12-22;22;90
25;2025-12-22;23;8
25;2025-12-23;0;0
25;2025-12-23;1;0
25;2025-12-23;2;0
25;2025-12-23;3;0
25;2025-12-23;4;0
25;2025-12-23;5;6
25;2025-12-23;6;165
25;2025-12-23;7;518
25;2025-12-23;8;930
25;2025-12-23;9;504
25;2025-12-23;10;393
25;2025-12-23;11;448
25;2025-12-23;12;432
25;2025-12-23;13;553
25;2025-12-23;14;477
25;2025-12-23;15;551
25;2025-12-23;16;662
25;2025-12-23;17;719
25;2025-12-23;18;789
25;2025-12-23;19;535
25;2025-12-23;20;336
25;2025-12-23;21;219
25;2025-12-23;22;92
25;2025-12-23;23;5
25;2025-12-24;0;0
25;2025-12-24;1;0
25;2025-12-24;2;0
25;2025-12-24;3;0
25;2025-12-24;4;0
25;2025-12-24;5;6
25;2025-12-24;6;158
25;2025-12-24;7;516
25;2025-12-24;8;934
25;2025-12-24;9;504
25;2025-12-24;10;399
25;2025-12-24;11;466
25;2025-12-24;12;456
25;2025-12-24;13;587
25;2025-12-24;14;346
25;2025-12-24;15;556
25;2025-12-24;16;652
25;2025-12-24;17;805
25;2025-12-24;18;867
25;2025-12-24;19;611
25;2025-12-24;20;340
25;2025-12-24;21;253
25;2025-12-24;22;101
25;2025-12-24;23;8
25;2025-12-25;0;0
25;2025-12-25;1;0
25;2025-12-25;2;0
25;2025-12-25;3;0
25;2025-12-25;4;0
25;2025-12-25;5;7
25;2025-12-25;6;163
25;2025-12-25;7;520
25;2025-12-25;8;915
25;2025-12-25;9;505
25;2025-12-25;10;414
25;2025-12-25;11;456
25;2025-12-25;12;430
25;2025-12-25;13;563
25;2025-12-25;14;508
25;2025-12-25;15;590
25;2025-12-25;16;685
25;2025-12-25;17;739
25;2025-12-25;18;808
25;2025-12-25;19;586
25;2025-12-25;20;337
25;2025-12-25;21;222
25;2025-12-25;22;93
25;2025-12-25;23;7
25;2025-12-26;0;0
25;2025-12-26;1;0
25;2025-12-26;2;0
25;2025-12-26;3;0
25;2025-12-26;4;0
25;2025-12-26;5;8
25;2025-12-26;6;191
25;2025-12-26;7;542
25;2025-12-26;8;834
25;2025-12-26;9;476
25;2025-12-26;10;383
25;2025-12-26;11;456
25;2025-12-26;12;453
25;2025-12-26;13;555
25;2025-12-26;14;503
25;2025-12-26;15;651
25;2025-12-26;16;756
25;2025-12-26;17;746
25;2025-12-26;18;671
25;2025-12-26;19;554
25;2025-12-26;20;325
25;2025-12-26;21;218
25;2025-12-26;22;107
25;2025-12-26;23;11
25;2025-12-27;0;0
25;2025-12-27;1;0
25;2025-12-27;2;0
25;2025-12-27;3;0
25;2025-12-27;4;0
25;2025-12-27;5;4
25;2025-12-27;6;68
25;2025-12-27;7;134
25;2025-12-27;8;320
25;2025-12-27;9;314
25;2025-12-27;10;300
25;2025-12-27;11;407
25;2025-12-27;12;402
25;2025-12-27;13;610
25;2025-12-27;14;628
25;2025-12-27;15;699
25;2025-12-27;16;638
25;2025-12-27;17;523
25;2025-12-27;18;504
25;2025-12-27;19;451
25;2025-12-27;20;268
25;2025-12-27;21;211
25;2025-12-27;22;121
25;2025-12-27;23;47
25;2025-12-28;0;15
25;2025-12-28;1;0
25;2025-12-28;2;0
25;2025-12-28;3;0
25;2025-12-28;4;0
25;2025-12-28;5;4
25;2025-12-28;6;53
25;2025-12-28;7;98
25;2025-12-28;8;176
25;2025-12-28;9;221
25;2025-12-28;10;221
25;2025-12-28;11;299
25;2025-12-28;12;364
25;2025-12-28;13;463
25;2025-12-28;14;490
25;2025-12-28;15;619
25;2025-12-28;16;518
25;2025-12-28;17;511
25;2025-12-28;18;399
25;2025-12-28;19;308
25;2025-12-28;20;236
25;2025-12-28;21;153
25;2025-12-28;22;95
25;2025-12-28;23;35
25;2025-12-29;0;0
25;2025-12-29;1;0
25;2025-12-29;2;0
25;2025-12-29;3;0
25;2025-12-29;4;0
25;2025-12-29;5;6
25;2025-12-29;6;151
25;2025-12-29;7;477
25;2025-12-29;8;853
25;2025-12-29;9;474
25;2025-12-29;10;356
25;2025-12-29;11;405
25;2025-12-29;12;397
25;2025-12-29;13;524
25;2025-12-29;14;439
25;2025-12-29;15;496
25;2025-12-29;16;612
25;2025-12-29;17;665
25;2025-12-29;18;722
25;2025-12-29;19;497
25;2025-12-29;20;312
25;2025-12-29;21;200
25;2025-12-29;22;83
25;2025-12-29;23;7
25;2025-12-30;0;0
25;2025-12-30;1;0
25;2025-12-30;2;0
25;2025-12-30;3;0
25;2025-12-30;4;0
25;2025-12-30;5;6
25;2025-12-30;6;152
25;2025-12-30;7;477
25;2025-12-30;8;856
25;2025-12-30;9;464
25;2025-12-30;10;362
25;2025-12-30;11;412
25;2025-12-30;12;397
25;2025-12-30;13;509
25;2025-12-30;14;439
25;2025-12-30;15;507
25;2025-12-30;16;609
25;2025-12-30;17;661
25;2025-12-30;18;725
25;2025-12-30;19;492
25;2025-12-30;20;309
25;2025-12-30;21;202
25;2025-12-30;22;84
25;2025-12-30;23;5
25;2025-12-31;0;7
25;2025-12-31;1;0
25;2025-12-31;2;0
25;2025-12-31;3;0
25;2025-12-31;4;0
25;2025-12-31;5;3
25;2025-12-31;6;52
25;2025-12-31;7;103
25;2025-12-31;8;184
25;2025-12-31;9;188
25;2025-12-31;10;187
25;2025-12-31;11;246
25;2025-12-31;12;293
25;2025-12-31;13;376
25;2025-12-31;14;283
25;2025-12-31;15;529
25;2025-12-31;16;443
25;2025-12-31;17;425
25;2025-12-31;18;376
25;2025-12-31;19;313
25;2025-12-31;20;237
25;2025-12-31;21;157
25;2025-12-31;22;95
25;2025-12-31;23;28
26;2025-11-01;0;31
26;2025-11-01;1;1
26;2025-11-01;2;0
26;2025-11-01;3;0
26;2025-11-01;4;2
26;2025-11-01;5;65
26;2025-11-01;6;301
26;2025-11-01;7;709
26;2025-11-01;8;1252
26;2025-11-01;9;1163
26;2025-11-01;10;1024
26;2025-11-01;11;998
26;2025-11-01;12;1054
26;2025-11-01;13;1053
26;2025-11-01;14;1114
26;2025-11-01;15;1137
26;2025-11-01;16;1246
26;2025-11-01;17;1340
26;2025-11-01;18;1433
26;2025-11-01;19;983
26;2025-11-01;20;628
26;2025-11-01;21;391
26;2025-11-01;22;195
26;2025-11-01;23;120
26;2025-11-02;0;47
26;2025-11-02;1;3
26;2025-11-02;2;0
26;2025-11-02;3;0
26;2025-11-02;4;1
26;2025-11-02;5;23
26;2025-11-02;6;145
26;2025-11-02;7;245
26;2025-11-02;8;375
26;2025-11-02;9;507
26;2025-11-02;10;583
26;2025-11-02;11;796
26;2025-11-02;12;802
26;2025-11-02;13;846
26;2025-11-02;14;829
26;2025-11-02;15;747
26;2025-11-02;16;744
26;2025-11-02;17;737
26;2025-11-02;18;642
26;2025-11-02;19;499
26;2025-11-02;20;387
26;2025-11-02;21;260
26;2025-11-02;22;164
26;2025-11-02;23;100
26;2025-11-03;0;28
26;2025-11-03;1;2
26;2025-11-03;2;0
26;2025-11-03;3;0
26;2025-11-03;4;1
26;2025-11-03;5;23
26;2025-11-03;6;131
26;2025-11-03;7;232
26;2025-11-03;8;335
26;2025-11-03;9;412
26;2025-11-03;10;447
26;2025-11-03;11;572
26;2025-11-03;12;584
26;2025-11-03;13;630
26;2025-11-03;14;625
26;2025-11-03;15;549
26;2025-11-03;16;579
26;2025-11-03;17;569
26;2025-11-03;18;567
26;2025-11-03;19;450
26;2025-11-03;20;355
26;2025-11-03;21;235
26;2025-11-03;22;160
26;2025-11-03;23;88
26;2025-11-04;0;34
26;2025-11-04;1;2
26;2025-11-04;2;0
26;2025-11-04;3;0
26;2025-11-04;4;1
26;2025-11-04;5;23
26;2025-11-04;6;131
26;2025-11-04;7;233
26;2025-11-04;8;354
26;2025-11-04;9;413
26;2025-11-04;10;444
26;2025-11-04;11;572
26;2025-11-04;12;583
26;2025-11-04;13;617
26;2025-11-04;14;614
26;2025-11-04;15;548
26;2025-11-04;16;576
26;2025-11-04;17;566
26;2025-11-04;18;575
26;2025-11-04;19;470
26;2025-11-04;20;356
26;2025-11-04;21;236
26;2025-11-04;22;164
26;2025-11-04;23;87
26;2025-11-05;0;32
26;2025-11-05;1;1
26;2025-11-05;2;0
26;2025-11-05;3;0
26;2025-11-05;4;2
26;2025-11-05;5;83
26;2025-11-05;6;470
26;2025-11-05;7;1080
26;2025-11-05;8;2091
26;2025-11-05;9;1507
26;2025-11-05;10;1297
26;2025-11-05;11;1172
26;2025-11-05;12;1216
26;2025-11-05;13;1220
26;2025-11-05;14;1330
26;2025-11-05;15;1376
26;2025-11-05;16;1511
26;2025-11-05;17;1693
26;2025-11-05;18;1817
26;2025-11-05;19;1235
26;2025-11-05;20;782
26;2025-11-05;21;510
26;2025-11-05;22;227
26;2025-11-05;23;128
26;2025-11-06;0;30
26;2025-11-06;1;1
26;2025-11-06;2;0
26;2025-11-06;3;0
26;2025-11-06;4;2
26;2025-11-06;5;86
26;2025-11-06;6;486
26;2025-11-06;7;1086
26;2025-11-06;8;2238
26;2025-11-06;9;1527
26;2025-11-06;10;1278
26;2025-11-06;11;1182
26;2025-11-06;12;1214
26;2025-11-06;13;1223
26;2025-11-06;14;1334
26;2025-11-06;15;1379
26;2025-11-06;16;1520
26;2025-11-06;17;1717
26;2025-11-06;18;1824
26;2025-11-06;19;1257
26;2025-11-06;20;777
26;2025-11-06;21;487
26;2025-11-06;22;223
26;2025-11-06;23;130
26;2025-11-07;0;33
26;2025-11-07;1;1
26;2025-11-07;2;0
26;2025-11-07;3;0
26;2025-11-07;4;2
26;2025-11-07;5;71
26;2025-11-07;6;471
26;2025-11-07;7;1017
26;2025-11-07;8;1911
26;2025-11-07;9;1345
26;2025-11-07;10;1220
26;2025-11-07;11;1087
26;2025-11-07;12;1085
26;2025-11-07;13;1158
26;2025-11-07;14;1283
26;2025-11-07;15;1294
26;2025-11-07;16;1561
26;2025-11-07;17;1702
26;2025-11-07;18;1320
26;2025-11-07;19;1036
26;2025-11-07;20;654
26;2025-11-07;21;461
26;2025-11-07;22;229
26;2025-11-07;23;155
26;2025-11-08;0;43
26;2025-11-08;1;1
26;2025-11-08;2;0
26;2025-11-08;3;0
26;2025-11-08;4;2
26;2025-11-08;5;49
26;2025-11-08;6;240
26;2025-11-08;7;356
26;2025-11-08;8;609
26;2025-11-08;9;679
26;2025-11-08;10;828
26;2025-11-08;11;985
26;2025-11-08;12;1051
26;2025-11-08;13;1034
26;2025-11-08;14;1036
26;2025-11-08;15;929
26;2025-11-08;16;992
26;2025-11-08;17;905
26;2025-11-08;18;820
26;2025-11-08;19;799
26;2025-11-08;20;545
26;2025-11-08;21;371
26;2025-11-08;22;208
26;2025-11-08;23;155
26;2025-11-09;0;47
26;2025-11-09;1;3
26;2025-11-09;2;0
26;2025-11-09;3;0
26;2025-11-09;4;1
26;2025-11-09;5;23
26;2025-11-09;6;145
26;2025-11-09;7;245
26;2025-11-09;8;375
26;2025-11-09;9;507
26;2025-11-09;10;583
26;2025-11-09;11;796
26;2025-11-09;12;802
26;2025-11-09;13;846
26;2025-11-09;14;829
26;2025-11-09;15;747
26;2025-11-09;16;744
26;2025-11-09;17;737
26;2025-11-09;18;642
26;2025-11-09;19;499
26;2025-11-09;20;387
26;2025-11-09;21;260
26;2025-11-09;22;164
26;2025-11-09;23;100
26;2025-11-10;0;28
26;2025-11-10;1;1
26;2025-11-10;2;0
26;2025-11-10;3;0
26;2025-11-10;4;2
26;2025-11-10;5;88
26;2025-11-10;6;486
26;2025-11-10;7;1084
26;2025-11-10;8;2229
26;2025-11-10;9;1503
26;2025-11-10;10;1265
26;2025-11-10;11;1165
26;2025-11-10;12;1189
26;2025-11-10;13;1197
26;2025-11-10;14;1302
26;2025-11-10;15;1362
26;2025-11-10;16;1501
26;2025-11-10;17;1713
26;2025-11-10;18;1835
26;2025-11-10;19;1235
26;2025-11-10;20;777
26;2025-11-10;21;478
26;2025-11-10;22;216
26;2025-11-10;23;119
26;2025-11-11;0;31
26;2025-11-11;1;1
26;2025-11-11;2;0
26;2025-11-11;3;0
26;2025-11-11;4;1
26;2025-11-11;5;87
26;2025-11-11;6;487
26;2025-11-11;7;1084
26;2025-11-11;8;2089
26;2025-11-11;9;1511
26;2025-11-11;10;1294
26;2025-11-11;11;1182
26;2025-11-11;12;1191
26;2025-11-11;13;1204
26;2025-11-11;14;1304
26;2025-11-11;15;1352
26;2025-11-11;16;1491
26;2025-11-11;17;1704
26;2025-11-11;18;1836
26;2025-11-11;19;1236
26;2025-11-11;20;774
26;2025-11-11;21;475
26;2025-11-11;22;221
26;2025-11-11;23;122
26;2025-11-12;0;32
26;2025-11-12;1;1
26;2025-11-12;2;0
26;2025-11-12;3;0
26;2025-11-12;4;2
26;2025-11-12;5;83
26;2025-11-12;6;470
26;2025-11-12;7;1080
26;2025-11-12;8;2091
26;2025-11-12;9;1507
26;2025-11-12;10;1297
26;2025-11-12;11;1172
26;2025-11-12;12;1216
26;2025-11-12;13;1220
26;2025-11-12;14;1330
26;2025-11-12;15;1376
26;2025-11-12;16;1511
26;2025-11-12;17;1693
26;2025-11-12;18;1817
26;2025-11-12;19;1235
26;2025-11-12;20;782
26;2025-11-12;21;510
26;2025-11-12;22;227
26;2025-11-12;23;128
26;2025-11-13;0;30
26;2025-11-13;1;1
26;2025-11-13;2;0
26;2025-11-13;3;0
26;2025-11-13;4;2
26;2025-11-13;5;86
26;2025-11-13;6;486
26;2025-11-13;7;1086
26;2025-11-13;8;2238
26;2025-11-13;9;1527
26;2025-11-13;10;1278
26;2025-11-13;11;1182
26;2025-11-13;12;1214
26;2025-11-13;13;1223
26;2025-11-13;14;1334
26;2025-11-13;15;1379
26;2025-11-13;16;1520
26;2025-11-13;17;1717
26;2025-11-13;18;1824
26;2025-11-13;19;1257
26;2025-11-13;20;777
26;2025-11-13;21;487
26;2025-11-13;22;223
26;2025-11-13;23;130
26;2025-11-14;0;33
26;2025-11-14;1;1
26;2025-11-14;2;0
26;2025-11-14;3;0
26;2025-11-14;4;2
26;2025-11-14;5;71
26;2025-11-14;6;471
26;2025-11-14;7;1017
26;2025-11-14;8;1911
26;2025-11-14;9;1345
26;2025-11-14;10;1220
26;2025-11-14;11;1087
26;2025-11-14;12;1085
26;2025-11-14;13;1158
26;2025-11-14;14;1283
26;2025-11-14;15;1294
26;2025-11-14;16;1561
26;2025-11-14;17;1702
26;2025-11-14;18;1320
26;2025-11-14;19;1036
26;2025-11-14;20;654
26;2025-11-14;21;461
26;2025-11-14;22;229
26;2025-11-14;23;155
26;2025-11-15;0;43
26;2025-11-15;1;1
26;2025-11-15;2;0
26;2025-11-15;3;0
26;2025-11-15;4;2
26;2025-11-15;5;49
26;2025-11-15;6;240
26;2025-11-15;7;356
26;2025-11-15;8;609
26;2025-11-15;9;679
26;2025-11-15;10;828
26;2025-11-15;11;985
26;2025-11-15;12;1051
26;2025-11-15;13;1034
26;2025-11-15;14;1036
26;2025-11-15;15;929
26;2025-11-15;16;992
26;2025-11-15;17;905
26;2025-11-15;18;820
26;2025-11-15;19;799
26;2025-11-15;20;545
26;2025-11-15;21;371
26;2025-11-15;22;208
26;2025-11-15;23;155
26;2025-11-16;0;47
26;2025-11-16;1;3
26;2025-11-16;2;0
26;2025-11-16;3;0
26;2025-11-16;4;1
26;2025-11-16;5;23
26;2025-11-16;6;145
26;2025-11-16;7;245
26;2025-11-16;8;375
26;2025-11-16;9;507
26;2025-11-16;10;583
26;2025-11-16;11;796
26;2025-11-16;12;802
26;2025-11-16;13;846
26;2025-11-16;14;829
26;2025-11-16;15;747
26;2025-11-16;16;744
26;2025-11-16;17;737
26;2025-11-16;18;642
26;2025-11-16;19;499
26;2025-11-16;20;387
26;2025-11-16;21;260
26;2025-11-16;22;164
26;2025-11-16;23;100
26;2025-11-17;0;28
26;2025-11-17;1;1
26;2025-11-17;2;0
26;2025-11-17;3;0
26;2025-11-17;4;2
26;2025-11-17;5;88
26;2025-11-17;6;486
26;2025-11-17;7;1084
26;2025-11-17;8;2229
26;2025-11-17;9;1503
26;2025-11-17;10;1265
26;2025-11-17;11;1165
26;2025-11-17;12;1189
26;2025-11-17;13;1197
26;2025-11-17;14;1302
26;2025-11-17;15;1362
26;2025-11-17;16;1501
26;2025-11-17;17;1713
26;2025-11-17;18;1835
26;2025-11-17;19;1235
26;2025-11-17;20;777
26;2025-11-17;21;478
26;2025-11-17;22;216
26;2025-11-17;23;119
26;2025-11-18;0;31
26;2025-11-18;1;1
26;2025-11-18;2;0
26;2025-11-18;3;0
26;2025-11-18;4;1
26;2025-11-18;5;87
26;2025-11-18;6;487
26;2025-11-18;7;1084
26;2025-11-18;8;2089
26;2025-11-18;9;1511
26;2025-11-18;10;1294
26;2025-11-18;11;1182
26;2025-11-18;12;1191
26;2025-11-18;13;1204
26;2025-11-18;14;1304
26;2025-11-18;15;1352
26;2025-11-18;16;1491
26;2025-11-18;17;1704
26;2025-11-18;18;1836
26;2025-11-18;19;1236
26;2025-11-18;20;774
26;2025-11-18;21;475
26;2025-11-18;22;221
26;2025-11-18;23;122
26;2025-11-19;0;32
26;2025-11-19;1;1
26;2025-11-19;2;0
26;2025-11-19;3;0
26;2025-11-19;4;2
26;2025-11-19;5;83
26;2025-11-19;6;470
26;2025-11-19;7;1080
26;2025-11-19;8;2091
26;2025-11-19;9;1507
26;2025-11-19;10;1297
26;2025-11-19;11;1172
26;2025-11-19;12;1216
26;2025-11-19;13;1220
26;2025-11-19;14;1330
26;2025-11-19;15;1376
26;2025-11-19;16;1511
26;2025-11-19;17;1693
26;2025-11-19;18;1817
26;2025-11-19;19;1235
26;2025-11-19;20;782
26;2025-11-19;21;510
26;2025-11-19;22;227
26;2025-11-19;23;128
26;2025-11-20;0;30
26;2025-11-20;1;1
26;2025-11-20;2;0
26;2025-11-20;3;0
26;2025-11-20;4;2
26;2025-11-20;5;86
26;2025-11-20;6;486
26;2025-11-20;7;1086
26;2025-11-20;8;2238
26;2025-11-20;9;1527
26;2025-11-20;10;1278
26;2025-11-20;11;1182
26;2025-11-20;12;1214
26;2025-11-20;13;1223
26;2025-11-20;14;1334
26;2025-11-20;15;1379
26;2025-11-20;16;1520
26;2025-11-20;17;1717
26;2025-11-20;18;1824
26;2025-11-20;19;1257
26;2025-11-20;20;777
26;2025-11-20;21;487
26;2025-11-20;22;223
26;2025-11-20;23;130
26;2025-11-21;0;33
26;2025-11-21;1;1
26;2025-11-21;2;0
26;2025-11-21;3;0
26;2025-11-21;4;2
26;2025-11-21;5;71
26;2025-11-21;6;471
26;2025-11-21;7;1017
26;2025-11-21;8;1911
26;2025-11-21;9;1345
26;2025-11-21;10;1220
26;2025-11-21;11;1087
26;2025-11-21;12;1085
26;2025-11-21;13;1158
26;2025-11-21;14;1283
26;2025-11-21;15;1294
26;2025-11-21;16;1561
26;2025-11-21;17;1702
26;2025-11-21;18;1320
26;2025-11-21;19;1036
26;2025-11-21;20;654
26;2025-11-21;21;461
26;2025-11-21;22;229
26;2025-11-21;23;155
26;2025-11-22;0;43
26;2025-11-22;1;1
26;2025-11-22;2;0
26;2025-11-22;3;0
26;2025-11-22;4;2
26;2025-11-22;5;49
26;2025-11-22;6;240
26;2025-11-22;7;356
26;2025-11-22;8;609
26;2025-11-22;9;679
26;2025-11-22;10;828
26;2025-11-22;11;985
26;2025-11-22;12;1051
26;2025-11-22;13;1034
26;2025-11-22;14;1036
26;2025-11-22;15;929
26;2025-11-22;16;992
26;2025-11-22;17;905
26;2025-11-22;18;820
26;2025-11-22;19;799
26;2025-11-22;20;545
26;2025-11-22;21;371
26;2025-11-22;22;208
26;2025-11-22;23;155
26;2025-11-23;0;47
26;2025-11-23;1;3
26;2025-11-23;2;0
26;2025-11-23;3;0
26;2025-11-23;4;1
26;2025-11-23;5;23
26;2025-11-23;6;145
26;2025-11-23;7;245
26;2025-11-23;8;375
26;2025-11-23;9;507
26;2025-11-23;10;583
26;2025-11-23;11;796
26;2025-11-23;12;802
26;2025-11-23;13;846
26;2025-11-23;14;829
26;2025-11-23;15;747
26;2025-11-23;16;744
26;2025-11-23;17;737
26;2025-11-23;18;642
26;2025-11-23;19;499
26;2025-11-23;20;387
26;2025-11-23;21;260
26;2025-11-23;22;164
26;2025-11-23;23;100
26;2025-11-24;0;28
26;2025-11-24;1;1
26;2025-11-24;2;0
26;2025-11-24;3;0
26;2025-11-24;4;2
26;2025-11-24;5;88
26;2025-11-24;6;486
26;2025-11-24;7;1084
26;2025-11-24;8;2229
26;2025-11-24;9;1503
26;2025-11-24;10;1265
26;2025-11-24;11;1165
26;2025-11-24;12;1189
26;2025-11-24;13;1197
26;2025-11-24;14;1302
26;2025-11-24;15;1362
26;2025-11-24;16;1501
26;2025-11-24;17;1713
26;2025-11-24;18;1835
26;2025-11-24;19;1235
26;2025-11-24;20;777
26;2025-11-24;21;478
26;2025-11-24;22;216
26;2025-11-24;23;119
26;2025-11-25;0;31
26;2025-11-25;1;1
26;2025-11-25;2;0
26;2025-11-25;3;0
26;2025-11-25;4;1
26;2025-11-25;5;87
26;2025-11-25;6;487
26;2025-11-25;7;1084
26;2025-11-25;8;2089
26;2025-11-25;9;1511
26;2025-11-25;10;1294
26;2025-11-25;11;1182
26;2025-11-25;12;1191
26;2025-11-25;13;1204
26;2025-11-25;14;1304
26;2025-11-25;15;1352
26;2025-11-25;16;1491
26;2025-11-25;17;1704
26;2025-11-25;18;1836
26;2025-11-25;19;1236
26;2025-11-25;20;774
26;2025-11-25;21;475
26;2025-11-25;22;221
26;2025-11-25;23;122
26;2025-11-26;0;32
26;2025-11-26;1;1
26;2025-11-26;2;0
26;2025-11-26;3;0
26;2025-11-26;4;2
26;2025-11-26;5;83
26;2025-11-26;6;470
26;2025-11-26;7;1080
26;2025-11-26;8;2091
26;2025-11-26;9;1507
26;2025-11-26;10;1297
26;2025-11-26;11;1172
26;2025-11-26;12;1216
26;2025-11-26;13;1220
26;2025-11-26;14;1330
26;2025-11-26;15;1376
26;2025-11-26;16;1511
26;2025-11-26;17;1693
26;2025-11-26;18;1817
26;2025-11-26;19;1235
26;2025-11-26;20;782
26;2025-11-26;21;510
26;2025-11-26;22;227
26;2025-11-26;23;128
26;2025-11-27;0;30
26;2025-11-27;1;1
26;2025-11-27;2;0
26;2025-11-27;3;0
26;2025-11-27;4;2
26;2025-11-27;5;86
26;2025-11-27;6;486
26;2025-11-27;7;1086
26;2025-11-27;8;2238
26;2025-11-27;9;1527
26;2025-11-27;10;1278
26;2025-11-27;11;1182
26;2025-11-27;12;1214
26;2025-11-27;13;1223
26;2025-11-27;14;1334
26;2025-11-27;15;1379
26;2025-11-27;16;1520
26;2025-11-27;17;1717
26;2025-11-27;18;1824
26;2025-11-27;19;1257
26;2025-11-27;20;777
26;2025-11-27;21;487
26;2025-11-27;22;223
26;2025-11-27;23;130
26;2025-11-28;0;33
26;2025-11-28;1;1
26;2025-11-28;2;0
26;2025-11-28;3;0
26;2025-11-28;4;2
26;2025-11-28;5;71
26;2025-11-28;6;471
26;2025-11-28;7;1017
26;2025-11-28;8;1911
26;2025-11-28;9;1345
26;2025-11-28;10;1220
26;2025-11-28;11;1087
26;2025-11-28;12;1085
26;2025-11-28;13;1158
26;2025-11-28;14;1283
26;2025-11-28;15;1294
26;2025-11-28;16;1561
26;2025-11-28;17;1702
26;2025-11-28;18;1320
26;2025-11-28;19;1036
26;2025-11-28;20;654
26;2025-11-28;21;461
26;2025-11-28;22;229
26;2025-11-28;23;155
26;2025-11-29;0;43
26;2025-11-29;1;1
26;2025-11-29;2;0
26;2025-11-29;3;0
26;2025-11-29;4;2
26;2025-11-29;5;49
26;2025-11-29;6;240
26;2025-11-29;7;356
26;2025-11-29;8;609
26;2025-11-29;9;679
26;2025-11-29;10;828
26;2025-11-29;11;985
26;2025-11-29;12;1051
26;2025-11-29;13;1034
26;2025-11-29;14;1036
26;2025-11-29;15;929
26;2025-11-29;16;992
26;2025-11-29;17;905
26;2025-11-29;18;820
26;2025-11-29;19;799
26;2025-11-29;20;545
26;2025-11-29;21;371
26;2025-11-29;22;208
26;2025-11-29;23;155
26;2025-11-30;0;47
26;2025-11-30;1;3
26;2025-11-30;2;0
26;2025-11-30;3;0
26;2025-11-30;4;1
26;2025-11-30;5;23
26;2025-11-30;6;145
26;2025-11-30;7;245
26;2025-11-30;8;375
26;2025-11-30;9;507
26;2025-11-30;10;583
26;2025-11-30;11;796
26;2025-11-30;12;802
26;2025-11-30;13;846
26;2025-11-30;14;829
26;2025-11-30;15;747
26;2025-11-30;16;744
26;2025-11-30;17;737
26;2025-11-30;18;642
26;2025-11-30;19;499
26;2025-11-30;20;387
26;2025-11-30;21;260
26;2025-11-30;22;164
26;2025-11-30;23;100
26;2025-12-01;0;28
26;2025-12-01;1;1
26;2025-12-01;2;0
26;2025-12-01;3;0
26;2025-12-01;4;2
26;2025-12-01;5;86
26;2025-12-01;6;476
26;2025-12-01;7;1062
26;2025-12-01;8;2184
26;2025-12-01;9;1472
26;2025-12-01;10;1239
26;2025-12-01;11;1142
26;2025-12-01;12;1165
26;2025-12-01;13;1173
26;2025-12-01;14;1276
26;2025-12-01;15;1335
26;2025-12-01;16;1471
26;2025-12-01;17;1679
26;2025-12-01;18;1798
26;2025-12-01;19;1210
26;2025-12-01;20;762
26;2025-12-01;21;468
26;2025-12-01;22;211
26;2025-12-01;23;116
26;2025-12-02;0;31
26;2025-12-02;1;1
26;2025-12-02;2;0
26;2025-12-02;3;0
26;2025-12-02;4;1
26;2025-12-02;5;85
26;2025-12-02;6;477
26;2025-12-02;7;1062
26;2025-12-02;8;2047
26;2025-12-02;9;1480
26;2025-12-02;10;1268
26;2025-12-02;11;1159
26;2025-12-02;12;1167
26;2025-12-02;13;1180
26;2025-12-02;14;1277
26;2025-12-02;15;1325
26;2025-12-02;16;1461
26;2025-12-02;17;1670
26;2025-12-02;18;1800
26;2025-12-02;19;1211
26;2025-12-02;20;758
26;2025-12-02;21;466
26;2025-12-02;22;217
26;2025-12-02;23;120
26;2025-12-03;0;31
26;2025-12-03;1;1
26;2025-12-03;2;0
26;2025-12-03;3;0
26;2025-12-03;4;2
26;2025-12-03;5;81
26;2025-12-03;6;460
26;2025-12-03;7;1058
26;2025-12-03;8;2049
26;2025-12-03;9;1477
26;2025-12-03;10;1271
26;2025-12-03;11;1148
26;2025-12-03;12;1191
26;2025-12-03;13;1196
26;2025-12-03;14;1303
26;2025-12-03;15;1348
26;2025-12-03;16;1481
26;2025-12-03;17;1659
26;2025-12-03;18;1780
26;2025-12-03;19;1211
26;2025-12-03;20;766
26;2025-12-03;21;500
26;2025-12-03;22;222
26;2025-12-03;23;126
26;2025-12-04;0;29
26;2025-12-04;1;1
26;2025-12-04;2;0
26;2025-12-04;3;0
26;2025-12-04;4;2
26;2025-12-04;5;84
26;2025-12-04;6;476
26;2025-12-04;7;1064
26;2025-12-04;8;2193
26;2025-12-04;9;1496
26;2025-12-04;10;1252
26;2025-12-04;11;1158
26;2025-12-04;12;1190
26;2025-12-04;13;1199
26;2025-12-04;14;1308
26;2025-12-04;15;1352
26;2025-12-04;16;1490
26;2025-12-04;17;1683
26;2025-12-04;18;1788
26;2025-12-04;19;1232
26;2025-12-04;20;762
26;2025-12-04;21;477
26;2025-12-04;22;219
26;2025-12-04;23;127
26;2025-12-05;0;33
26;2025-12-05;1;1
26;2025-12-05;2;0
26;2025-12-05;3;0
26;2025-12-05;4;1
26;2025-12-05;5;69
26;2025-12-05;6;461
26;2025-12-05;7;997
26;2025-12-05;8;1873
26;2025-12-05;9;1318
26;2025-12-05;10;1196
26;2025-12-05;11;1065
26;2025-12-05;12;1063
26;2025-12-05;13;1134
26;2025-12-05;14;1257
26;2025-12-05;15;1268
26;2025-12-05;16;1530
26;2025-12-05;17;1668
26;2025-12-05;18;1294
26;2025-12-05;19;1015
26;2025-12-05;20;641
26;2025-12-05;21;452
26;2025-12-05;22;224
26;2025-12-05;23;152
26;2025-12-06;0;42
26;2025-12-06;1;1
26;2025-12-06;2;0
26;2025-12-06;3;0
26;2025-12-06;4;2
26;2025-12-06;5;48
26;2025-12-06;6;235
26;2025-12-06;7;349
26;2025-12-06;8;597
26;2025-12-06;9;665
26;2025-12-06;10;812
26;2025-12-06;11;965
26;2025-12-06;12;1030
26;2025-12-06;13;1014
26;2025-12-06;14;1015
26;2025-12-06;15;911
26;2025-12-06;16;972
26;2025-12-06;17;887
26;2025-12-06;18;803
26;2025-12-06;19;783
26;2025-12-06;20;534
26;2025-12-06;21;364
26;2025-12-06;22;204
26;2025-12-06;23;151
26;2025-12-07;0;46
26;2025-12-07;1;3
26;2025-12-07;2;0
26;2025-12-07;3;0
26;2025-12-07;4;1
26;2025-12-07;5;22
26;2025-12-07;6;142
26;2025-12-07;7;241
26;2025-12-07;8;367
26;2025-12-07;9;497
26;2025-12-07;10;571
26;2025-12-07;11;780
26;2025-12-07;12;786
26;2025-12-07;13;829
26;2025-12-07;14;812
26;2025-12-07;15;732
26;2025-12-07;16;729
26;2025-12-07;17;722
26;2025-12-07;18;629
26;2025-12-07;19;489
26;2025-12-07;20;379
26;2025-12-07;21;255
26;2025-12-07;22;161
26;2025-12-07;23;98
26;2025-12-08;0;28
26;2025-12-08;1;1
26;2025-12-08;2;0
26;2025-12-08;3;0
26;2025-12-08;4;2
26;2025-12-08;5;86
26;2025-12-08;6;476
26;2025-12-08;7;1062
26;2025-12-08;8;2184
26;2025-12-08;9;1472
26;2025-12-08;10;1239
26;2025-12-08;11;1142
26;2025-12-08;12;1165
26;2025-12-08;13;1173
26;2025-12-08;14;1276
26;2025-12-08;15;1335
26;2025-12-08;16;1471
26;2025-12-08;17;1679
26;2025-12-08;18;1798
26;2025-12-08;19;1210
26;2025-12-08;20;762
26;2025-12-08;21;468
26;2025-12-08;22;211
26;2025-12-08;23;116
26;2025-12-09;0;31
26;2025-12-09;1;1
26;2025-12-09;2;0
26;2025-12-09;3;0
26;2025-12-09;4;1
26;2025-12-09;5;85
26;2025-12-09;6;477
26;2025-12-09;7;1062
26;2025-12-09;8;2047
26;2025-12-09;9;1480
26;2025-12-09;10;1268
26;2025-12-09;11;1159
26;2025-12-09;12;1167
26;2025-12-09;13;1180
26;2025-12-09;14;1277
26;2025-12-09;15;1325
26;2025-12-09;16;1461
26;2025-12-09;17;1670
26;2025-12-09;18;1800
26;2025-12-09;19;1211
26;2025-12-09;20;758
26;2025-12-09;21;466
26;2025-12-09;22;217
26;2025-12-09;23;120
26;2025-12-10;0;31
26;2025-12-10;1;1
26;2025-12-10;2;0
26;2025-12-10;3;0
26;2025-12-10;4;2
26;2025-12-10;5;81
26;2025-12-10;6;460
26;2025-12-10;7;1058
26;2025-12-10;8;2049
26;2025-12-10;9;1477
26;2025-12-10;10;1271
26;2025-12-10;11;1148
26;2025-12-10;12;1191
26;2025-12-10;13;1196
26;2025-12-10;14;1303
26;2025-12-10;15;1348
26;2025-12-10;16;1481
26;2025-12-10;17;1659
26;2025-12-10;18;1780
26;2025-12-10;19;1211
26;2025-12-10;20;766
26;2025-12-10;21;500
26;2025-12-10;22;222
26;2025-12-10;23;126
26;2025-12-11;0;29
26;2025-12-11;1;1
26;2025-12-11;2;0
26;2025-12-11;3;0
26;2025-12-11;4;2
26;2025-12-11;5;84
26;2025-12-11;6;476
26;2025-12-11;7;1064
26;2025-12-11;8;2193
26;2025-12-11;9;1496
26;2025-12-11;10;1252
26;2025-12-11;11;1158
26;2025-12-11;12;1190
26;2025-12-11;13;1199
26;2025-12-11;14;1308
26;2025-12-11;15;1352
26;2025-12-11;16;1490
26;2025-12-11;17;1683
26;2025-12-11;18;1788
26;2025-12-11;19;1232
26;2025-12-11;20;762
26;2025-12-11;21;477
26;2025-12-11;22;219
26;2025-12-11;23;127
26;2025-12-12;0;33
26;2025-12-12;1;1
26;2025-12-12;2;0
26;2025-12-12;3;0
26;2025-12-12;4;1
26;2025-12-12;5;69
26;2025-12-12;6;461
26;2025-12-12;7;997
26;2025-12-12;8;1873
26;2025-12-12;9;1318
26;2025-12-12;10;1196
26;2025-12-12;11;1065
26;2025-12-12;12;1063
26;2025-12-12;13;1134
26;2025-12-12;14;1257
26;2025-12-12;15;1268
26;2025-12-12;16;1530
26;2025-12-12;17;1668
26;2025-12-12;18;1294
26;2025-12-12;19;1015
26;2025-12-12;20;641
26;2025-12-12;21;452
26;2025-12-12;22;224
26;2025-12-12;23;152
26;2025-12-13;0;42
26;2025-12-13;1;1
26;2025-12-13;2;0
26;2025-12-13;3;0
26;2025-12-13;4;2
26;2025-12-13;5;48
26;2025-12-13;6;235
26;2025-12-13;7;349
26;2025-12-13;8;597
26;2025-12-13;9;665
26;2025-12-13;10;812
26;2025-12-13;11;965
26;2025-12-13;12;1030
26;2025-12-13;13;1014
26;2025-12-13;14;1015
26;2025-12-13;15;911
26;2025-12-13;16;972
26;2025-12-13;17;887
26;2025-12-13;18;803
26;2025-12-13;19;783
26;2025-12-13;20;534
26;2025-12-13;21;364
26;2025-12-13;22;204
26;2025-12-13;23;151
26;2025-12-14;0;46
26;2025-12-14;1;3
26;2025-12-14;2;0
26;2025-12-14;3;0
26;2025-12-14;4;1
26;2025-12-14;5;22
26;2025-12-14;6;142
26;2025-12-14;7;241
26;2025-12-14;8;367
26;2025-12-14;9;497
26;2025-12-14;10;571
26;2025-12-14;11;780
26;2025-12-14;12;786
26;2025-12-14;13;829
26;2025-12-14;14;812
26;2025-12-14;15;732
26;2025-12-14;16;647
26;2025-12-14;17;663
26;2025-12-14;18;588
26;2025-12-14;19;489
26;2025-12-14;20;379
26;2025-12-14;21;255
26;2025-12-14;22;161
26;2025-12-14;23;98
26;2025-12-15;0;28
26;2025-12-15;1;1
26;2025-12-15;2;0
26;2025-12-15;3;0
26;2025-12-15;4;2
26;2025-12-15;5;86
26;2025-12-15;6;476
26;2025-12-15;7;1062
26;2025-12-15;8;2184
26;2025-12-15;9;1472
26;2025-12-15;10;1239
26;2025-12-15;11;1142
26;2025-12-15;12;1165
26;2025-12-15;13;1173
26;2025-12-15;14;1276
26;2025-12-15;15;1335
26;2025-12-15;16;1471
26;2025-12-15;17;1679
26;2025-12-15;18;1798
26;2025-12-15;19;1210
26;2025-12-15;20;762
26;2025-12-15;21;468
26;2025-12-15;22;211
26;2025-12-15;23;116
26;2025-12-16;0;31
26;2025-12-16;1;1
26;2025-12-16;2;0
26;2025-12-16;3;0
26;2025-12-16;4;1
26;2025-12-16;5;85
26;2025-12-16;6;477
26;2025-12-16;7;1062
26;2025-12-16;8;2047
26;2025-12-16;9;1480
26;2025-12-16;10;1268
26;2025-12-16;11;1159
26;2025-12-16;12;1167
26;2025-12-16;13;1180
26;2025-12-16;14;1277
26;2025-12-16;15;1325
26;2025-12-16;16;1461
26;2025-12-16;17;1670
26;2025-12-16;18;1800
26;2025-12-16;19;1211
26;2025-12-16;20;758
26;2025-12-16;21;466
26;2025-12-16;22;217
26;2025-12-16;23;120
26;2025-12-17;0;31
26;2025-12-17;1;1
26;2025-12-17;2;0
26;2025-12-17;3;0
26;2025-12-17;4;2
26;2025-12-17;5;81
26;2025-12-17;6;460
26;2025-12-17;7;1058
26;2025-12-17;8;2049
26;2025-12-17;9;1477
26;2025-12-17;10;1271
26;2025-12-17;11;1148
26;2025-12-17;12;1191
26;2025-12-17;13;1196
26;2025-12-17;14;1303
26;2025-12-17;15;1348
26;2025-12-17;16;1481
26;2025-12-17;17;1659
26;2025-12-17;18;1780
26;2025-12-17;19;1211
26;2025-12-17;20;766
26;2025-12-17;21;500
26;2025-12-17;22;222
26;2025-12-17;23;126
26;2025-12-18;0;29
26;2025-12-18;1;1
26;2025-12-18;2;0
26;2025-12-18;3;0
26;2025-12-18;4;2
26;2025-12-18;5;84
26;2025-12-18;6;476
26;2025-12-18;7;1064
26;2025-12-18;8;2193
26;2025-12-18;9;1496
26;2025-12-18;10;1252
26;2025-12-18;11;1158
26;2025-12-18;12;1190
26;2025-12-18;13;1199
26;2025-12-18;14;1308
26;2025-12-18;15;1352
26;2025-12-18;16;1490
26;2025-12-18;17;1683
26;2025-12-18;18;1788
26;2025-12-18;19;1232
26;2025-12-18;20;762
26;2025-12-18;21;477
26;2025-12-18;22;219
26;2025-12-18;23;127
26;2025-12-19;0;33
26;2025-12-19;1;1
26;2025-12-19;2;0
26;2025-12-19;3;0
26;2025-12-19;4;1
26;2025-12-19;5;69
26;2025-12-19;6;461
26;2025-12-19;7;997
26;2025-12-19;8;1873
26;2025-12-19;9;1318
26;2025-12-19;10;1196
26;2025-12-19;11;1065
26;2025-12-19;12;1063
26;2025-12-19;13;1134
26;2025-12-19;14;1257
26;2025-12-19;15;1268
26;2025-12-19;16;1530
26;2025-12-19;17;1668
26;2025-12-19;18;1294
26;2025-12-19;19;1015
26;2025-12-19;20;641
26;2025-12-19;21;452
26;2025-12-19;22;224
26;2025-12-19;23;152
26;2025-12-20;0;42
26;2025-12-20;1;1
26;2025-12-20;2;0
26;2025-12-20;3;0
26;2025-12-20;4;2
26;2025-12-20;5;48
26;2025-12-20;6;235
26;2025-12-20;7;349
26;2025-12-20;8;597
26;2025-12-20;9;665
26;2025-12-20;10;812
26;2025-12-20;11;965
26;2025-12-20;12;1030
26;2025-12-20;13;1014
26;2025-12-20;14;1015
26;2025-12-20;15;911
26;2025-12-20;16;972
26;2025-12-20;17;887
26;2025-12-20;18;803
26;2025-12-20;19;783
26;2025-12-20;20;534
26;2025-12-20;21;364
26;2025-12-20;22;204
26;2025-12-20;23;151
26;2025-12-21;0;46
26;2025-12-21;1;3
26;2025-12-21;2;0
26;2025-12-21;3;0
26;2025-12-21;4;1
26;2025-12-21;5;22
26;2025-12-21;6;142
26;2025-12-21;7;241
26;2025-12-21;8;367
26;2025-12-21;9;497
26;2025-12-21;10;571
26;2025-12-21;11;780
26;2025-12-21;12;786
26;2025-12-21;13;829
26;2025-12-21;14;812
26;2025-12-21;15;732
26;2025-12-21;16;729
26;2025-12-21;17;722
26;2025-12-21;18;629
26;2025-12-21;19;489
26;2025-12-21;20;379
26;2025-12-21;21;255
26;2025-12-21;22;161
26;2025-12-21;23;98
26;2025-12-22;0;28
26;2025-12-22;1;1
26;2025-12-22;2;0
26;2025-12-22;3;0
26;2025-12-22;4;2
26;2025-12-22;5;86
26;2025-12-22;6;476
26;2025-12-22;7;1062
26;2025-12-22;8;2184
26;2025-12-22;9;1472
26;2025-12-22;10;1239
26;2025-12-22;11;1142
26;2025-12-22;12;1165
26;2025-12-22;13;1173
26;2025-12-22;14;1276
26;2025-12-22;15;1335
26;2025-12-22;16;1471
26;2025-12-22;17;1679
26;2025-12-22;18;1798
26;2025-12-22;19;1210
26;2025-12-22;20;762
26;2025-12-22;21;468
26;2025-12-22;22;211
26;2025-12-22;23;116
26;2025-12-23;0;31
26;2025-12-23;1;1
26;2025-12-23;2;0
26;2025-12-23;3;0
26;2025-12-23;4;1
26;2025-12-23;5;85
26;2025-12-23;6;477
26;2025-12-23;7;1062
26;2025-12-23;8;2047
26;2025-12-23;9;1480
26;2025-12-23;10;1268
26;2025-12-23;11;1159
26;2025-12-23;12;1167
26;2025-12-23;13;1180
26;2025-12-23;14;1277
26;2025-12-23;15;1325
26;2025-12-23;16;1461
26;2025-12-23;17;1670
26;2025-12-23;18;1800
26;2025-12-23;19;1211
26;2025-12-23;20;758
26;2025-12-23;21;466
26;2025-12-23;22;217
26;2025-12-23;23;120
26;2025-12-24;0;31
26;2025-12-24;1;1
26;2025-12-24;2;0
26;2025-12-24;3;0
26;2025-12-24;4;2
26;2025-12-24;5;81
26;2025-12-24;6;460
26;2025-12-24;7;1058
26;2025-12-24;8;2049
26;2025-12-24;9;1477
26;2025-12-24;10;1271
26;2025-12-24;11;1148
26;2025-12-24;12;1191
26;2025-12-24;13;1196
26;2025-12-24;14;1303
26;2025-12-24;15;1348
26;2025-12-24;16;1481
26;2025-12-24;17;1659
26;2025-12-24;18;1780
26;2025-12-24;19;1211
26;2025-12-24;20;766
26;2025-12-24;21;500
26;2025-12-24;22;222
26;2025-12-24;23;126
26;2025-12-25;0;29
26;2025-12-25;1;1
26;2025-12-25;2;0
26;2025-12-25;3;0
26;2025-12-25;4;2
26;2025-12-25;5;84
26;2025-12-25;6;476
26;2025-12-25;7;1064
26;2025-12-25;8;2193
26;2025-12-25;9;1496
26;2025-12-25;10;1252
26;2025-12-25;11;1158
26;2025-12-25;12;1190
26;2025-12-25;13;1199
26;2025-12-25;14;1308
26;2025-12-25;15;1352
26;2025-12-25;16;1490
26;2025-12-25;17;1683
26;2025-12-25;18;1788
26;2025-12-25;19;1232
26;2025-12-25;20;762
26;2025-12-25;21;477
26;2025-12-25;22;219
26;2025-12-25;23;127
26;2025-12-26;0;33
26;2025-12-26;1;1
26;2025-12-26;2;0
26;2025-12-26;3;0
26;2025-12-26;4;1
26;2025-12-26;5;69
26;2025-12-26;6;461
26;2025-12-26;7;997
26;2025-12-26;8;1873
26;2025-12-26;9;1318
26;2025-12-26;10;1196
26;2025-12-26;11;1065
26;2025-12-26;12;1063
26;2025-12-26;13;1134
26;2025-12-26;14;1257
26;2025-12-26;15;1268
26;2025-12-26;16;1530
26;2025-12-26;17;1668
26;2025-12-26;18;1294
26;2025-12-26;19;1015
26;2025-12-26;20;641
26;2025-12-26;21;452
26;2025-12-26;22;224
26;2025-12-26;23;152
26;2025-12-27;0;42
26;2025-12-27;1;1
26;2025-12-27;2;0
26;2025-12-27;3;0
26;2025-12-27;4;2
26;2025-12-27;5;48
26;2025-12-27;6;235
26;2025-12-27;7;349
26;2025-12-27;8;597
26;2025-12-27;9;665
26;2025-12-27;10;812
26;2025-12-27;11;965
26;2025-12-27;12;1030
26;2025-12-27;13;1014
26;2025-12-27;14;1015
26;2025-12-27;15;911
26;2025-12-27;16;972
26;2025-12-27;17;887
26;2025-12-27;18;803
26;2025-12-27;19;783
26;2025-12-27;20;534
26;2025-12-27;21;364
26;2025-12-27;22;204
26;2025-12-27;23;151
26;2025-12-28;0;46
26;2025-12-28;1;3
26;2025-12-28;2;0
26;2025-12-28;3;0
26;2025-12-28;4;1
26;2025-12-28;5;22
26;2025-12-28;6;142
26;2025-12-28;7;241
26;2025-12-28;8;367
26;2025-12-28;9;497
26;2025-12-28;10;571
26;2025-12-28;11;780
26;2025-12-28;12;786
26;2025-12-28;13;829
26;2025-12-28;14;812
26;2025-12-28;15;732
26;2025-12-28;16;729
26;2025-12-28;17;722
26;2025-12-28;18;629
26;2025-12-28;19;489
26;2025-12-28;20;379
26;2025-12-28;21;255
26;2025-12-28;22;161
26;2025-12-28;23;98
26;2025-12-29;0;25
26;2025-12-29;1;1
26;2025-12-29;2;0
26;2025-12-29;3;0
26;2025-12-29;4;2
26;2025-12-29;5;79
26;2025-12-29;6;438
26;2025-12-29;7;977
26;2025-12-29;8;2009
26;2025-12-29;9;1355
26;2025-12-29;10;1140
26;2025-12-29;11;1050
26;2025-12-29;12;1072
26;2025-12-29;13;1079
26;2025-12-29;14;1174
26;2025-12-29;15;1228
26;2025-12-29;16;1353
26;2025-12-29;17;1545
26;2025-12-29;18;1654
26;2025-12-29;19;1113
26;2025-12-29;20;701
26;2025-12-29;21;431
26;2025-12-29;22;195
26;2025-12-29;23;107
26;2025-12-30;0;28
26;2025-12-30;1;1
26;2025-12-30;2;0
26;2025-12-30;3;0
26;2025-12-30;4;1
26;2025-12-30;5;79
26;2025-12-30;6;439
26;2025-12-30;7;977
26;2025-12-30;8;1884
26;2025-12-30;9;1362
26;2025-12-30;10;1167
26;2025-12-30;11;1066
26;2025-12-30;12;1074
26;2025-12-30;13;1086
26;2025-12-30;14;1175
26;2025-12-30;15;1219
26;2025-12-30;16;1344
26;2025-12-30;17;1536
26;2025-12-30;18;1656
26;2025-12-30;19;1114
26;2025-12-30;20;698
26;2025-12-30;21;429
26;2025-12-30;22;199
26;2025-12-30;23;110
26;2025-12-31;0;34
26;2025-12-31;1;2
26;2025-12-31;2;0
26;2025-12-31;3;0
26;2025-12-31;4;1
26;2025-12-31;5;23
26;2025-12-31;6;129
26;2025-12-31;7;229
26;2025-12-31;8;347
26;2025-12-31;9;407
26;2025-12-31;10;437
26;2025-12-31;11;558
26;2025-12-31;12;570
26;2025-12-31;13;626
26;2025-12-31;14;600
26;2025-12-31;15;538
26;2025-12-31;16;568
26;2025-12-31;17;556
26;2025-12-31;18;562
26;2025-12-31;19;457
26;2025-12-31;20;350
26;2025-12-31;21;233
26;2025-12-31;22;158
26;2025-12-31;23;84
28;2025-11-01;0;0
28;2025-11-01;1;0
28;2025-11-01;2;0
28;2025-11-01;3;0
28;2025-11-01;4;1
28;2025-11-01;5;49
28;2025-11-01;6;170
28;2025-11-01;7;427
28;2025-11-01;8;798
28;2025-11-01;9;690
28;2025-11-01;10;558
28;2025-11-01;11;535
28;2025-11-01;12;636
28;2025-11-01;13;652
28;2025-11-01;14;604
28;2025-11-01;15;625
28;2025-11-01;16;747
28;2025-11-01;17;815
28;2025-11-01;18;792
28;2025-11-01;19;594
28;2025-11-01;20;422
28;2025-11-01;21;269
28;2025-11-01;22;105
28;2025-11-01;23;8
28;2025-11-02;0;2
28;2025-11-02;1;0
28;2025-11-02;2;0
28;2025-11-02;3;0
28;2025-11-02;4;1
28;2025-11-02;5;31
28;2025-11-02;6;83
28;2025-11-02;7;164
28;2025-11-02;8;269
28;2025-11-02;9;360
28;2025-11-02;10;403
28;2025-11-02;11;440
28;2025-11-02;12;470
28;2025-11-02;13;528
28;2025-11-02;14;521
28;2025-11-02;15;506
28;2025-11-02;16;474
28;2025-11-02;17;478
28;2025-11-02;18;419
28;2025-11-02;19;365
28;2025-11-02;20;288
28;2025-11-02;21;243
28;2025-11-02;22;110
28;2025-11-02;23;10
28;2025-11-03;0;1
28;2025-11-03;1;0
28;2025-11-03;2;0
28;2025-11-03;3;0
28;2025-11-03;4;1
28;2025-11-03;5;28
28;2025-11-03;6;77
28;2025-11-03;7;148
28;2025-11-03;8;231
28;2025-11-03;9;275
28;2025-11-03;10;297
28;2025-11-03;11;337
28;2025-11-03;12;357
28;2025-11-03;13;405
28;2025-11-03;14;406
28;2025-11-03;15;397
28;2025-11-03;16;379
28;2025-11-03;17;354
28;2025-11-03;18;331
28;2025-11-03;19;313
28;2025-11-03;20;257
28;2025-11-03;21;229
28;2025-11-03;22;97
28;2025-11-03;23;6
28;2025-11-04;0;1
28;2025-11-04;1;0
28;2025-11-04;2;0
28;2025-11-04;3;0
28;2025-11-04;4;1
28;2025-11-04;5;28
28;2025-11-04;6;76
28;2025-11-04;7;148
28;2025-11-04;8;231
28;2025-11-04;9;274
28;2025-11-04;10;296
28;2025-11-04;11;323
28;2025-11-04;12;352
28;2025-11-04;13;389
28;2025-11-04;14;393
28;2025-11-04;15;371
28;2025-11-04;16;371
28;2025-11-04;17;351
28;2025-11-04;18;339
28;2025-11-04;19;320
28;2025-11-04;20;257
28;2025-11-04;21;219
28;2025-11-04;22;99
28;2025-11-04;23;9
28;2025-11-05;0;0
28;2025-11-05;1;0
28;2025-11-05;2;0
28;2025-11-05;3;0
28;2025-11-05;4;2
28;2025-11-05;5;81
28;2025-11-05;6;267
28;2025-11-05;7;793
28;2025-11-05;8;1259
28;2025-11-05;9;892
28;2025-11-05;10;666
28;2025-11-05;11;607
28;2025-11-05;12;734
28;2025-11-05;13;769
28;2025-11-05;14;700
28;2025-11-05;15;697
28;2025-11-05;16;893
28;2025-11-05;17;1015
28;2025-11-05;18;1005
28;2025-11-05;19;745
28;2025-11-05;20;536
28;2025-11-05;21;329
28;2025-11-05;22;119
28;2025-11-05;23;10
28;2025-11-06;0;0
28;2025-11-06;1;0
28;2025-11-06;2;0
28;2025-11-06;3;0
28;2025-11-06;4;2
28;2025-11-06;5;82
28;2025-11-06;6;268
28;2025-11-06;7;783
28;2025-11-06;8;1274
28;2025-11-06;9;831
28;2025-11-06;10;668
28;2025-11-06;11;604
28;2025-11-06;12;723
28;2025-11-06;13;751
28;2025-11-06;14;702
28;2025-11-06;15;714
28;2025-11-06;16;887
28;2025-11-06;17;1055
28;2025-11-06;18;1007
28;2025-11-06;19;746
28;2025-11-06;20;521
28;2025-11-06;21;319
28;2025-11-06;22;121
28;2025-11-06;23;10
28;2025-11-07;0;0
28;2025-11-07;1;0
28;2025-11-07;2;0
28;2025-11-07;3;0
28;2025-11-07;4;2
28;2025-11-07;5;81
28;2025-11-07;6;282
28;2025-11-07;7;869
28;2025-11-07;8;1152
28;2025-11-07;9;892
28;2025-11-07;10;670
28;2025-11-07;11;575
28;2025-11-07;12;792
28;2025-11-07;13;750
28;2025-11-07;14;733
28;2025-11-07;15;760
28;2025-11-07;16;995
28;2025-11-07;17;1015
28;2025-11-07;18;843
28;2025-11-07;19;645
28;2025-11-07;20;462
28;2025-11-07;21;351
28;2025-11-07;22;131
28;2025-11-07;23;13
28;2025-11-08;0;0
28;2025-11-08;1;0
28;2025-11-08;2;0
28;2025-11-08;3;0
28;2025-11-08;4;0
28;2025-11-08;5;39
28;2025-11-08;6;106
28;2025-11-08;7;240
28;2025-11-08;8;418
28;2025-11-08;9;489
28;2025-11-08;10;521
28;2025-11-08;11;526
28;2025-11-08;12;618
28;2025-11-08;13;615
28;2025-11-08;14;603
28;2025-11-08;15;606
28;2025-11-08;16;573
28;2025-11-08;17;595
28;2025-11-08;18;500
28;2025-11-08;19;408
28;2025-11-08;20;319
28;2025-11-08;21;270
28;2025-11-08;22;133
28;2025-11-08;23;19
28;2025-11-09;0;2
28;2025-11-09;1;0
28;2025-11-09;2;0
28;2025-11-09;3;0
28;2025-11-09;4;1
28;2025-11-09;5;31
28;2025-11-09;6;83
28;2025-11-09;7;164
28;2025-11-09;8;269
28;2025-11-09;9;360
28;2025-11-09;10;403
28;2025-11-09;11;440
28;2025-11-09;12;470
28;2025-11-09;13;528
28;2025-11-09;14;521
28;2025-11-09;15;506
28;2025-11-09;16;474
28;2025-11-09;17;478
28;2025-11-09;18;419
28;2025-11-09;19;365
28;2025-11-09;20;288
28;2025-11-09;21;243
28;2025-11-09;22;110
28;2025-11-09;23;10
28;2025-11-10;0;0
28;2025-11-10;1;0
28;2025-11-10;2;0
28;2025-11-10;3;0
28;2025-11-10;4;2
28;2025-11-10;5;79
28;2025-11-10;6;273
28;2025-11-10;7;783
28;2025-11-10;8;1236
28;2025-11-10;9;867
28;2025-11-10;10;659
28;2025-11-10;11;588
28;2025-11-10;12;710
28;2025-11-10;13;738
28;2025-11-10;14;684
28;2025-11-10;15;682
28;2025-11-10;16;867
28;2025-11-10;17;993
28;2025-11-10;18;976
28;2025-11-10;19;732
28;2025-11-10;20;510
28;2025-11-10;21;308
28;2025-11-10;22;117
28;2025-11-10;23;7
28;2025-11-11;0;0
28;2025-11-11;1;0
28;2025-11-11;2;0
28;2025-11-11;3;0
28;2025-11-11;4;1
28;2025-11-11;5;80
28;2025-11-11;6;269
28;2025-11-11;7;788
28;2025-11-11;8;1189
28;2025-11-11;9;873
28;2025-11-11;10;685
28;2025-11-11;11;599
28;2025-11-11;12;710
28;2025-11-11;13;750
28;2025-11-11;14;693
28;2025-11-11;15;691
28;2025-11-11;16;866
28;2025-11-11;17;1002
28;2025-11-11;18;1003
28;2025-11-11;19;733
28;2025-11-11;20;518
28;2025-11-11;21;321
28;2025-11-11;22;122
28;2025-11-11;23;10
28;2025-11-12;0;0
28;2025-11-12;1;0
28;2025-11-12;2;0
28;2025-11-12;3;0
28;2025-11-12;4;2
28;2025-11-12;5;81
28;2025-11-12;6;267
28;2025-11-12;7;793
28;2025-11-12;8;1259
28;2025-11-12;9;892
28;2025-11-12;10;666
28;2025-11-12;11;607
28;2025-11-12;12;734
28;2025-11-12;13;769
28;2025-11-12;14;700
28;2025-11-12;15;697
28;2025-11-12;16;893
28;2025-11-12;17;1015
28;2025-11-12;18;1005
28;2025-11-12;19;745
28;2025-11-12;20;536
28;2025-11-12;21;329
28;2025-11-12;22;119
28;2025-11-12;23;10
28;2025-11-13;0;0
28;2025-11-13;1;0
28;2025-11-13;2;0
28;2025-11-13;3;0
28;2025-11-13;4;2
28;2025-11-13;5;82
28;2025-11-13;6;268
28;2025-11-13;7;783
28;2025-11-13;8;1274
28;2025-11-13;9;831
28;2025-11-13;10;668
28;2025-11-13;11;604
28;2025-11-13;12;723
28;2025-11-13;13;751
28;2025-11-13;14;702
28;2025-11-13;15;714
28;2025-11-13;16;887
28;2025-11-13;17;1055
28;2025-11-13;18;1007
28;2025-11-13;19;746
28;2025-11-13;20;521
28;2025-11-13;21;319
28;2025-11-13;22;121
28;2025-11-13;23;10
28;2025-11-14;0;0
28;2025-11-14;1;0
28;2025-11-14;2;0
28;2025-11-14;3;0
28;2025-11-14;4;2
28;2025-11-14;5;81
28;2025-11-14;6;282
28;2025-11-14;7;869
28;2025-11-14;8;1152
28;2025-11-14;9;892
28;2025-11-14;10;670
28;2025-11-14;11;575
28;2025-11-14;12;792
28;2025-11-14;13;750
28;2025-11-14;14;733
28;2025-11-14;15;760
28;2025-11-14;16;995
28;2025-11-14;17;1015
28;2025-11-14;18;843
28;2025-11-14;19;645
28;2025-11-14;20;462
28;2025-11-14;21;351
28;2025-11-14;22;131
28;2025-11-14;23;13
28;2025-11-15;0;0
28;2025-11-15;1;0
28;2025-11-15;2;0
28;2025-11-15;3;0
28;2025-11-15;4;0
28;2025-11-15;5;39
28;2025-11-15;6;106
28;2025-11-15;7;240
28;2025-11-15;8;418
28;2025-11-15;9;489
28;2025-11-15;10;521
28;2025-11-15;11;526
28;2025-11-15;12;618
28;2025-11-15;13;615
28;2025-11-15;14;603
28;2025-11-15;15;606
28;2025-11-15;16;573
28;2025-11-15;17;595
28;2025-11-15;18;500
28;2025-11-15;19;408
28;2025-11-15;20;319
28;2025-11-15;21;270
28;2025-11-15;22;133
28;2025-11-15;23;19
28;2025-11-16;0;2
28;2025-11-16;1;0
28;2025-11-16;2;0
28;2025-11-16;3;0
28;2025-11-16;4;1
28;2025-11-16;5;31
28;2025-11-16;6;83
28;2025-11-16;7;164
28;2025-11-16;8;269
28;2025-11-16;9;360
28;2025-11-16;10;403
28;2025-11-16;11;440
28;2025-11-16;12;470
28;2025-11-16;13;528
28;2025-11-16;14;521
28;2025-11-16;15;506
28;2025-11-16;16;474
28;2025-11-16;17;478
28;2025-11-16;18;419
28;2025-11-16;19;365
28;2025-11-16;20;288
28;2025-11-16;21;243
28;2025-11-16;22;110
28;2025-11-16;23;10
28;2025-11-17;0;0
28;2025-11-17;1;0
28;2025-11-17;2;0
28;2025-11-17;3;0
28;2025-11-17;4;2
28;2025-11-17;5;79
28;2025-11-17;6;273
28;2025-11-17;7;783
28;2025-11-17;8;1236
28;2025-11-17;9;867
28;2025-11-17;10;659
28;2025-11-17;11;588
28;2025-11-17;12;710
28;2025-11-17;13;738
28;2025-11-17;14;684
28;2025-11-17;15;682
28;2025-11-17;16;867
28;2025-11-17;17;993
28;2025-11-17;18;976
28;2025-11-17;19;732
28;2025-11-17;20;510
28;2025-11-17;21;308
28;2025-11-17;22;117
28;2025-11-17;23;7
28;2025-11-18;0;0
28;2025-11-18;1;0
28;2025-11-18;2;0
28;2025-11-18;3;0
28;2025-11-18;4;1
28;2025-11-18;5;80
28;2025-11-18;6;269
28;2025-11-18;7;788
28;2025-11-18;8;1189
28;2025-11-18;9;873
28;2025-11-18;10;685
28;2025-11-18;11;599
28;2025-11-18;12;710
28;2025-11-18;13;750
28;2025-11-18;14;693
28;2025-11-18;15;691
28;2025-11-18;16;866
28;2025-11-18;17;1002
28;2025-11-18;18;1003
28;2025-11-18;19;733
28;2025-11-18;20;518
28;2025-11-18;21;321
28;2025-11-18;22;122
28;2025-11-18;23;10
28;2025-11-19;0;0
28;2025-11-19;1;0
28;2025-11-19;2;0
28;2025-11-19;3;0
28;2025-11-19;4;2
28;2025-11-19;5;81
28;2025-11-19;6;267
28;2025-11-19;7;793
28;2025-11-19;8;1259
28;2025-11-19;9;892
28;2025-11-19;10;666
28;2025-11-19;11;607
28;2025-11-19;12;734
28;2025-11-19;13;769
28;2025-11-19;14;700
28;2025-11-19;15;697
28;2025-11-19;16;893
28;2025-11-19;17;1015
28;2025-11-19;18;1005
28;2025-11-19;19;745
28;2025-11-19;20;536
28;2025-11-19;21;329
28;2025-11-19;22;119
28;2025-11-19;23;10
28;2025-11-20;0;0
28;2025-11-20;1;0
28;2025-11-20;2;0
28;2025-11-20;3;0
28;2025-11-20;4;2
28;2025-11-20;5;82
28;2025-11-20;6;268
28;2025-11-20;7;783
28;2025-11-20;8;1274
28;2025-11-20;9;831
28;2025-11-20;10;668
28;2025-11-20;11;604
28;2025-11-20;12;723
28;2025-11-20;13;751
28;2025-11-20;14;702
28;2025-11-20;15;714
28;2025-11-20;16;887
28;2025-11-20;17;1055
28;2025-11-20;18;1007
28;2025-11-20;19;746
28;2025-11-20;20;521
28;2025-11-20;21;319
28;2025-11-20;22;121
28;2025-11-20;23;10
28;2025-11-21;0;0
28;2025-11-21;1;0
28;2025-11-21;2;0
28;2025-11-21;3;0
28;2025-11-21;4;2
28;2025-11-21;5;81
28;2025-11-21;6;282
28;2025-11-21;7;869
28;2025-11-21;8;1152
28;2025-11-21;9;892
28;2025-11-21;10;670
28;2025-11-21;11;575
28;2025-11-21;12;792
28;2025-11-21;13;750
28;2025-11-21;14;733
28;2025-11-21;15;760
28;2025-11-21;16;995
28;2025-11-21;17;1015
28;2025-11-21;18;843
28;2025-11-21;19;645
28;2025-11-21;20;462
28;2025-11-21;21;351
28;2025-11-21;22;131
28;2025-11-21;23;13
28;2025-11-22;0;0
28;2025-11-22;1;0
28;2025-11-22;2;0
28;2025-11-22;3;0
28;2025-11-22;4;0
28;2025-11-22;5;39
28;2025-11-22;6;106
28;2025-11-22;7;240
28;2025-11-22;8;418
28;2025-11-22;9;489
28;2025-11-22;10;521
28;2025-11-22;11;526
28;2025-11-22;12;618
28;2025-11-22;13;615
28;2025-11-22;14;603
28;2025-11-22;15;606
28;2025-11-22;16;573
28;2025-11-22;17;595
28;2025-11-22;18;500
28;2025-11-22;19;408
28;2025-11-22;20;319
28;2025-11-22;21;270
28;2025-11-22;22;133
28;2025-11-22;23;19
28;2025-11-23;0;2
28;2025-11-23;1;0
28;2025-11-23;2;0
28;2025-11-23;3;0
28;2025-11-23;4;1
28;2025-11-23;5;31
28;2025-11-23;6;83
28;2025-11-23;7;164
28;2025-11-23;8;269
28;2025-11-23;9;360
28;2025-11-23;10;403
28;2025-11-23;11;440
28;2025-11-23;12;470
28;2025-11-23;13;528
28;2025-11-23;14;521
28;2025-11-23;15;506
28;2025-11-23;16;474
28;2025-11-23;17;478
28;2025-11-23;18;419
28;2025-11-23;19;365
28;2025-11-23;20;288
28;2025-11-23;21;243
28;2025-11-23;22;110
28;2025-11-23;23;10
28;2025-11-24;0;0
28;2025-11-24;1;0
28;2025-11-24;2;0
28;2025-11-24;3;0
28;2025-11-24;4;2
28;2025-11-24;5;79
28;2025-11-24;6;273
28;2025-11-24;7;783
28;2025-11-24;8;1236
28;2025-11-24;9;867
28;2025-11-24;10;659
28;2025-11-24;11;588
28;2025-11-24;12;710
28;2025-11-24;13;738
28;2025-11-24;14;684
28;2025-11-24;15;682
28;2025-11-24;16;867
28;2025-11-24;17;993
28;2025-11-24;18;976
28;2025-11-24;19;732
28;2025-11-24;20;510
28;2025-11-24;21;308
28;2025-11-24;22;117
28;2025-11-24;23;7
28;2025-11-25;0;0
28;2025-11-25;1;0
28;2025-11-25;2;0
28;2025-11-25;3;0
28;2025-11-25;4;1
28;2025-11-25;5;80
28;2025-11-25;6;269
28;2025-11-25;7;788
28;2025-11-25;8;1189
28;2025-11-25;9;873
28;2025-11-25;10;685
28;2025-11-25;11;599
28;2025-11-25;12;710
28;2025-11-25;13;750
28;2025-11-25;14;693
28;2025-11-25;15;691
28;2025-11-25;16;866
28;2025-11-25;17;1002
28;2025-11-25;18;1003
28;2025-11-25;19;733
28;2025-11-25;20;518
28;2025-11-25;21;321
28;2025-11-25;22;122
28;2025-11-25;23;10
28;2025-11-26;0;0
28;2025-11-26;1;0
28;2025-11-26;2;0
28;2025-11-26;3;0
28;2025-11-26;4;2
28;2025-11-26;5;81
28;2025-11-26;6;267
28;2025-11-26;7;793
28;2025-11-26;8;1259
28;2025-11-26;9;892
28;2025-11-26;10;666
28;2025-11-26;11;607
28;2025-11-26;12;734
28;2025-11-26;13;769
28;2025-11-26;14;700
28;2025-11-26;15;697
28;2025-11-26;16;893
28;2025-11-26;17;1015
28;2025-11-26;18;1005
28;2025-11-26;19;745
28;2025-11-26;20;536
28;2025-11-26;21;329
28;2025-11-26;22;119
28;2025-11-26;23;10
28;2025-11-27;0;0
28;2025-11-27;1;0
28;2025-11-27;2;0
28;2025-11-27;3;0
28;2025-11-27;4;2
28;2025-11-27;5;82
28;2025-11-27;6;268
28;2025-11-27;7;783
28;2025-11-27;8;1274
28;2025-11-27;9;831
28;2025-11-27;10;668
28;2025-11-27;11;604
28;2025-11-27;12;723
28;2025-11-27;13;751
28;2025-11-27;14;702
28;2025-11-27;15;714
28;2025-11-27;16;887
28;2025-11-27;17;1055
28;2025-11-27;18;1007
28;2025-11-27;19;746
28;2025-11-27;20;521
28;2025-11-27;21;319
28;2025-11-27;22;121
28;2025-11-27;23;10
28;2025-11-28;0;0
28;2025-11-28;1;0
28;2025-11-28;2;0
28;2025-11-28;3;0
28;2025-11-28;4;2
28;2025-11-28;5;81
28;2025-11-28;6;282
28;2025-11-28;7;869
28;2025-11-28;8;1152
28;2025-11-28;9;892
28;2025-11-28;10;670
28;2025-11-28;11;575
28;2025-11-28;12;792
28;2025-11-28;13;750
28;2025-11-28;14;733
28;2025-11-28;15;760
28;2025-11-28;16;995
28;2025-11-28;17;1015
28;2025-11-28;18;843
28;2025-11-28;19;645
28;2025-11-28;20;462
28;2025-11-28;21;351
28;2025-11-28;22;131
28;2025-11-28;23;13
28;2025-11-29;0;0
28;2025-11-29;1;0
28;2025-11-29;2;0
28;2025-11-29;3;0
28;2025-11-29;4;0
28;2025-11-29;5;39
28;2025-11-29;6;106
28;2025-11-29;7;240
28;2025-11-29;8;418
28;2025-11-29;9;489
28;2025-11-29;10;521
28;2025-11-29;11;526
28;2025-11-29;12;618
28;2025-11-29;13;615
28;2025-11-29;14;603
28;2025-11-29;15;606
28;2025-11-29;16;573
28;2025-11-29;17;595
28;2025-11-29;18;500
28;2025-11-29;19;408
28;2025-11-29;20;319
28;2025-11-29;21;270
28;2025-11-29;22;133
28;2025-11-29;23;19
28;2025-11-30;0;2
28;2025-11-30;1;0
28;2025-11-30;2;0
28;2025-11-30;3;0
28;2025-11-30;4;1
28;2025-11-30;5;31
28;2025-11-30;6;83
28;2025-11-30;7;164
28;2025-11-30;8;269
28;2025-11-30;9;360
28;2025-11-30;10;403
28;2025-11-30;11;440
28;2025-11-30;12;470
28;2025-11-30;13;528
28;2025-11-30;14;521
28;2025-11-30;15;506
28;2025-11-30;16;474
28;2025-11-30;17;478
28;2025-11-30;18;419
28;2025-11-30;19;365
28;2025-11-30;20;288
28;2025-11-30;21;243
28;2025-11-30;22;110
28;2025-11-30;23;10
28;2025-12-01;0;0
28;2025-12-01;1;0
28;2025-12-01;2;0
28;2025-12-01;3;0
28;2025-12-01;4;2
28;2025-12-01;5;78
28;2025-12-01;6;268
28;2025-12-01;7;767
28;2025-12-01;8;1211
28;2025-12-01;9;850
28;2025-12-01;10;646
28;2025-12-01;11;576
28;2025-12-01;12;696
28;2025-12-01;13;724
28;2025-12-01;14;671
28;2025-12-01;15;668
28;2025-12-01;16;850
28;2025-12-01;17;973
28;2025-12-01;18;957
28;2025-12-01;19;717
28;2025-12-01;20;500
28;2025-12-01;21;302
28;2025-12-01;22;114
28;2025-12-01;23;7
28;2025-12-02;0;0
28;2025-12-02;1;0
28;2025-12-02;2;0
28;2025-12-02;3;0
28;2025-12-02;4;1
28;2025-12-02;5;78
28;2025-12-02;6;264
28;2025-12-02;7;772
28;2025-12-02;8;1165
28;2025-12-02;9;855
28;2025-12-02;10;671
28;2025-12-02;11;587
28;2025-12-02;12;696
28;2025-12-02;13;735
28;2025-12-02;14;679
28;2025-12-02;15;677
28;2025-12-02;16;848
28;2025-12-02;17;982
28;2025-12-02;18;983
28;2025-12-02;19;719
28;2025-12-02;20;507
28;2025-12-02;21;314
28;2025-12-02;22;120
28;2025-12-02;23;9
28;2025-12-03;0;0
28;2025-12-03;1;0
28;2025-12-03;2;0
28;2025-12-03;3;0
28;2025-12-03;4;2
28;2025-12-03;5;79
28;2025-12-03;6;262
28;2025-12-03;7;777
28;2025-12-03;8;1234
28;2025-12-03;9;874
28;2025-12-03;10;653
28;2025-12-03;11;595
28;2025-12-03;12;719
28;2025-12-03;13;754
28;2025-12-03;14;686
28;2025-12-03;15;683
28;2025-12-03;16;875
28;2025-12-03;17;994
28;2025-12-03;18;985
28;2025-12-03;19;731
28;2025-12-03;20;525
28;2025-12-03;21;323
28;2025-12-03;22;117
28;2025-12-03;23;10
28;2025-12-04;0;0
28;2025-12-04;1;0
28;2025-12-04;2;0
28;2025-12-04;3;0
28;2025-12-04;4;2
28;2025-12-04;5;80
28;2025-12-04;6;263
28;2025-12-04;7;768
28;2025-12-04;8;1249
28;2025-12-04;9;815
28;2025-12-04;10;655
28;2025-12-04;11;592
28;2025-12-04;12;709
28;2025-12-04;13;736
28;2025-12-04;14;687
28;2025-12-04;15;699
28;2025-12-04;16;870
28;2025-12-04;17;1033
28;2025-12-04;18;986
28;2025-12-04;19;654
28;2025-12-04;20;455
28;2025-12-04;21;281
28;2025-12-04;22;118
28;2025-12-04;23;9
28;2025-12-05;0;0
28;2025-12-05;1;0
28;2025-12-05;2;0
28;2025-12-05;3;0
28;2025-12-05;4;2
28;2025-12-05;5;79
28;2025-12-05;6;276
28;2025-12-05;7;852
28;2025-12-05;8;1129
28;2025-12-05;9;874
28;2025-12-05;10;656
28;2025-12-05;11;563
28;2025-12-05;12;777
28;2025-12-05;13;735
28;2025-12-05;14;718
28;2025-12-05;15;745
28;2025-12-05;16;976
28;2025-12-05;17;995
28;2025-12-05;18;826
28;2025-12-05;19;632
28;2025-12-05;20;453
28;2025-12-05;21;344
28;2025-12-05;22;128
28;2025-12-05;23;12
28;2025-12-06;0;0
28;2025-12-06;1;0
28;2025-12-06;2;0
28;2025-12-06;3;0
28;2025-12-06;4;0
28;2025-12-06;5;38
28;2025-12-06;6;104
28;2025-12-06;7;235
28;2025-12-06;8;410
28;2025-12-06;9;480
28;2025-12-06;10;511
28;2025-12-06;11;515
28;2025-12-06;12;606
28;2025-12-06;13;603
28;2025-12-06;14;591
28;2025-12-06;15;594
28;2025-12-06;16;562
28;2025-12-06;17;583
28;2025-12-06;18;490
28;2025-12-06;19;399
28;2025-12-06;20;313
28;2025-12-06;21;265
28;2025-12-06;22;131
28;2025-12-06;23;19
28;2025-12-07;0;2
28;2025-12-07;1;0
28;2025-12-07;2;0
28;2025-12-07;3;0
28;2025-12-07;4;1
28;2025-12-07;5;30
28;2025-12-07;6;82
28;2025-12-07;7;160
28;2025-12-07;8;264
28;2025-12-07;9;353
28;2025-12-07;10;395
28;2025-12-07;11;431
28;2025-12-07;12;461
28;2025-12-07;13;518
28;2025-12-07;14;511
28;2025-12-07;15;496
28;2025-12-07;16;465
28;2025-12-07;17;468
28;2025-12-07;18;410
28;2025-12-07;19;357
28;2025-12-07;20;282
28;2025-12-07;21;238
28;2025-12-07;22;108
28;2025-12-07;23;10
28;2025-12-08;0;0
28;2025-12-08;1;0
28;2025-12-08;2;0
28;2025-12-08;3;0
28;2025-12-08;4;2
28;2025-12-08;5;78
28;2025-12-08;6;268
28;2025-12-08;7;767
28;2025-12-08;8;1211
28;2025-12-08;9;850
28;2025-12-08;10;646
28;2025-12-08;11;576
28;2025-12-08;12;696
28;2025-12-08;13;724
28;2025-12-08;14;671
28;2025-12-08;15;668
28;2025-12-08;16;850
28;2025-12-08;17;973
28;2025-12-08;18;957
28;2025-12-08;19;717
28;2025-12-08;20;500
28;2025-12-08;21;302
28;2025-12-08;22;114
28;2025-12-08;23;7
28;2025-12-09;0;0
28;2025-12-09;1;0
28;2025-12-09;2;0
28;2025-12-09;3;0
28;2025-12-09;4;1
28;2025-12-09;5;78
28;2025-12-09;6;264
28;2025-12-09;7;772
28;2025-12-09;8;1165
28;2025-12-09;9;855
28;2025-12-09;10;671
28;2025-12-09;11;587
28;2025-12-09;12;696
28;2025-12-09;13;735
28;2025-12-09;14;679
28;2025-12-09;15;677
28;2025-12-09;16;848
28;2025-12-09;17;982
28;2025-12-09;18;983
28;2025-12-09;19;719
28;2025-12-09;20;507
28;2025-12-09;21;314
28;2025-12-09;22;120
28;2025-12-09;23;9
28;2025-12-10;0;0
28;2025-12-10;1;0
28;2025-12-10;2;0
28;2025-12-10;3;0
28;2025-12-10;4;2
28;2025-12-10;5;79
28;2025-12-10;6;262
28;2025-12-10;7;777
28;2025-12-10;8;1234
28;2025-12-10;9;874
28;2025-12-10;10;653
28;2025-12-10;11;595
28;2025-12-10;12;719
28;2025-12-10;13;754
28;2025-12-10;14;686
28;2025-12-10;15;683
28;2025-12-10;16;875
28;2025-12-10;17;994
28;2025-12-10;18;985
28;2025-12-10;19;731
28;2025-12-10;20;525
28;2025-12-10;21;323
28;2025-12-10;22;117
28;2025-12-10;23;10
28;2025-12-11;0;0
28;2025-12-11;1;0
28;2025-12-11;2;0
28;2025-12-11;3;0
28;2025-12-11;4;2
28;2025-12-11;5;80
28;2025-12-11;6;263
28;2025-12-11;7;768
28;2025-12-11;8;1249
28;2025-12-11;9;815
28;2025-12-11;10;655
28;2025-12-11;11;592
28;2025-12-11;12;709
28;2025-12-11;13;736
28;2025-12-11;14;687
28;2025-12-11;15;699
28;2025-12-11;16;870
28;2025-12-11;17;1033
28;2025-12-11;18;986
28;2025-12-11;19;731
28;2025-12-11;20;510
28;2025-12-11;21;312
28;2025-12-11;22;118
28;2025-12-11;23;9
28;2025-12-12;0;0
28;2025-12-12;1;0
28;2025-12-12;2;0
28;2025-12-12;3;0
28;2025-12-12;4;2
28;2025-12-12;5;79
28;2025-12-12;6;276
28;2025-12-12;7;852
28;2025-12-12;8;1129
28;2025-12-12;9;874
28;2025-12-12;10;656
28;2025-12-12;11;563
28;2025-12-12;12;777
28;2025-12-12;13;735
28;2025-12-12;14;718
28;2025-12-12;15;745
28;2025-12-12;16;976
28;2025-12-12;17;995
28;2025-12-12;18;826
28;2025-12-12;19;632
28;2025-12-12;20;453
28;2025-12-12;21;344
28;2025-12-12;22;128
28;2025-12-12;23;12
28;2025-12-13;0;0
28;2025-12-13;1;0
28;2025-12-13;2;0
28;2025-12-13;3;0
28;2025-12-13;4;0
28;2025-12-13;5;38
28;2025-12-13;6;104
28;2025-12-13;7;235
28;2025-12-13;8;410
28;2025-12-13;9;480
28;2025-12-13;10;511
28;2025-12-13;11;515
28;2025-12-13;12;606
28;2025-12-13;13;603
28;2025-12-13;14;591
28;2025-12-13;15;594
28;2025-12-13;16;562
28;2025-12-13;17;583
28;2025-12-13;18;490
28;2025-12-13;19;399
28;2025-12-13;20;313
28;2025-12-13;21;265
28;2025-12-13;22;131
28;2025-12-13;23;19
28;2025-12-14;0;2
28;2025-12-14;1;0
28;2025-12-14;2;0
28;2025-12-14;3;0
28;2025-12-14;4;1
28;2025-12-14;5;30
28;2025-12-14;6;82
28;2025-12-14;7;160
28;2025-12-14;8;264
28;2025-12-14;9;353
28;2025-12-14;10;395
28;2025-12-14;11;431
28;2025-12-14;12;461
28;2025-12-14;13;518
28;2025-12-14;14;511
28;2025-12-14;15;496
28;2025-12-14;16;465
28;2025-12-14;17;468
28;2025-12-14;18;410
28;2025-12-14;19;357
28;2025-12-14;20;282
28;2025-12-14;21;238
28;2025-12-14;22;108
28;2025-12-14;23;10
28;2025-12-15;0;0
28;2025-12-15;1;0
28;2025-12-15;2;0
28;2025-12-15;3;0
28;2025-12-15;4;2
28;2025-12-15;5;78
28;2025-12-15;6;268
28;2025-12-15;7;767
28;2025-12-15;8;1211
28;2025-12-15;9;850
28;2025-12-15;10;646
28;2025-12-15;11;576
28;2025-12-15;12;696
28;2025-12-15;13;724
28;2025-12-15;14;671
28;2025-12-15;15;668
28;2025-12-15;16;850
28;2025-12-15;17;973
28;2025-12-15;18;957
28;2025-12-15;19;717
28;2025-12-15;20;500
28;2025-12-15;21;302
28;2025-12-15;22;114
28;2025-12-15;23;7
28;2025-12-16;0;0
28;2025-12-16;1;0
28;2025-12-16;2;0
28;2025-12-16;3;0
28;2025-12-16;4;1
28;2025-12-16;5;78
28;2025-12-16;6;264
28;2025-12-16;7;772
28;2025-12-16;8;1165
28;2025-12-16;9;855
28;2025-12-16;10;671
28;2025-12-16;11;587
28;2025-12-16;12;696
28;2025-12-16;13;735
28;2025-12-16;14;679
28;2025-12-16;15;677
28;2025-12-16;16;848
28;2025-12-16;17;982
28;2025-12-16;18;983
28;2025-12-16;19;719
28;2025-12-16;20;507
28;2025-12-16;21;314
28;2025-12-16;22;120
28;2025-12-16;23;9
28;2025-12-17;0;0
28;2025-12-17;1;0
28;2025-12-17;2;0
28;2025-12-17;3;0
28;2025-12-17;4;2
28;2025-12-17;5;79
28;2025-12-17;6;262
28;2025-12-17;7;777
28;2025-12-17;8;1234
28;2025-12-17;9;874
28;2025-12-17;10;653
28;2025-12-17;11;595
28;2025-12-17;12;719
28;2025-12-17;13;754
28;2025-12-17;14;686
28;2025-12-17;15;683
28;2025-12-17;16;875
28;2025-12-17;17;994
28;2025-12-17;18;985
28;2025-12-17;19;731
28;2025-12-17;20;525
28;2025-12-17;21;323
28;2025-12-17;22;117
28;2025-12-17;23;10
28;2025-12-18;0;0
28;2025-12-18;1;0
28;2025-12-18;2;0
28;2025-12-18;3;0
28;2025-12-18;4;2
28;2025-12-18;5;80
28;2025-12-18;6;263
28;2025-12-18;7;768
28;2025-12-18;8;1249
28;2025-12-18;9;815
28;2025-12-18;10;655
28;2025-12-18;11;592
28;2025-12-18;12;709
28;2025-12-18;13;736
28;2025-12-18;14;687
28;2025-12-18;15;699
28;2025-12-18;16;870
28;2025-12-18;17;1033
28;2025-12-18;18;986
28;2025-12-18;19;731
28;2025-12-18;20;510
28;2025-12-18;21;312
28;2025-12-18;22;118
28;2025-12-18;23;9
28;2025-12-19;0;0
28;2025-12-19;1;0
28;2025-12-19;2;0
28;2025-12-19;3;0
28;2025-12-19;4;2
28;2025-12-19;5;79
28;2025-12-19;6;276
28;2025-12-19;7;852
28;2025-12-19;8;1129
28;2025-12-19;9;874
28;2025-12-19;10;656
28;2025-12-19;11;563
28;2025-12-19;12;777
28;2025-12-19;13;735
28;2025-12-19;14;718
28;2025-12-19;15;745
28;2025-12-19;16;976
28;2025-12-19;17;995
28;2025-12-19;18;826
28;2025-12-19;19;632
28;2025-12-19;20;453
28;2025-12-19;21;344
28;2025-12-19;22;128
28;2025-12-19;23;12
28;2025-12-20;0;0
28;2025-12-20;1;0
28;2025-12-20;2;0
28;2025-12-20;3;0
28;2025-12-20;4;0
28;2025-12-20;5;38
28;2025-12-20;6;104
28;2025-12-20;7;235
28;2025-12-20;8;410
28;2025-12-20;9;480
28;2025-12-20;10;511
28;2025-12-20;11;515
28;2025-12-20;12;606
28;2025-12-20;13;603
28;2025-12-20;14;591
28;2025-12-20;15;594
28;2025-12-20;16;562
28;2025-12-20;17;583
28;2025-12-20;18;490
28;2025-12-20;19;399
28;2025-12-20;20;313
28;2025-12-20;21;265
28;2025-12-20;22;131
28;2025-12-20;23;19
28;2025-12-21;0;2
28;2025-12-21;1;0
28;2025-12-21;2;0
28;2025-12-21;3;0
28;2025-12-21;4;1
28;2025-12-21;5;30
28;2025-12-21;6;82
28;2025-12-21;7;160
28;2025-12-21;8;264
28;2025-12-21;9;353
28;2025-12-21;10;395
28;2025-12-21;11;431
28;2025-12-21;12;461
28;2025-12-21;13;518
28;2025-12-21;14;511
28;2025-12-21;15;496
28;2025-12-21;16;465
28;2025-12-21;17;468
28;2025-12-21;18;410
28;2025-12-21;19;357
28;2025-12-21;20;282
28;2025-12-21;21;238
28;2025-12-21;22;108
28;2025-12-21;23;10
28;2025-12-22;0;0
28;2025-12-22;1;0
28;2025-12-22;2;0
28;2025-12-22;3;0
28;2025-12-22;4;2
28;2025-12-22;5;78
28;2025-12-22;6;268
28;2025-12-22;7;767
28;2025-12-22;8;1211
28;2025-12-22;9;850
28;2025-12-22;10;646
28;2025-12-22;11;576
28;2025-12-22;12;696
28;2025-12-22;13;724
28;2025-12-22;14;671
28;2025-12-22;15;668
28;2025-12-22;16;850
28;2025-12-22;17;973
28;2025-12-22;18;957
28;2025-12-22;19;717
28;2025-12-22;20;500
28;2025-12-22;21;302
28;2025-12-22;22;114
28;2025-12-22;23;7
28;2025-12-23;0;0
28;2025-12-23;1;0
28;2025-12-23;2;0
28;2025-12-23;3;0
28;2025-12-23;4;1
28;2025-12-23;5;78
28;2025-12-23;6;264
28;2025-12-23;7;772
28;2025-12-23;8;1165
28;2025-12-23;9;855
28;2025-12-23;10;671
28;2025-12-23;11;587
28;2025-12-23;12;696
28;2025-12-23;13;735
28;2025-12-23;14;679
28;2025-12-23;15;677
28;2025-12-23;16;848
28;2025-12-23;17;982
28;2025-12-23;18;983
28;2025-12-23;19;719
28;2025-12-23;20;507
28;2025-12-23;21;314
28;2025-12-23;22;120
28;2025-12-23;23;9
28;2025-12-24;0;0
28;2025-12-24;1;0
28;2025-12-24;2;0
28;2025-12-24;3;0
28;2025-12-24;4;2
28;2025-12-24;5;79
28;2025-12-24;6;262
28;2025-12-24;7;777
28;2025-12-24;8;1234
28;2025-12-24;9;874
28;2025-12-24;10;653
28;2025-12-24;11;595
28;2025-12-24;12;719
28;2025-12-24;13;754
28;2025-12-24;14;686
28;2025-12-24;15;683
28;2025-12-24;16;875
28;2025-12-24;17;994
28;2025-12-24;18;985
28;2025-12-24;19;731
28;2025-12-24;20;525
28;2025-12-24;21;323
28;2025-12-24;22;117
28;2025-12-24;23;10
28;2025-12-25;0;0
28;2025-12-25;1;0
28;2025-12-25;2;0
28;2025-12-25;3;0
28;2025-12-25;4;2
28;2025-12-25;5;80
28;2025-12-25;6;263
28;2025-12-25;7;768
28;2025-12-25;8;1249
28;2025-12-25;9;815
28;2025-12-25;10;655
28;2025-12-25;11;592
28;2025-12-25;12;709
28;2025-12-25;13;736
28;2025-12-25;14;687
28;2025-12-25;15;699
28;2025-12-25;16;870
28;2025-12-25;17;1033
28;2025-12-25;18;986
28;2025-12-25;19;731
28;2025-12-25;20;510
28;2025-12-25;21;312
28;2025-12-25;22;118
28;2025-12-25;23;9
28;2025-12-26;0;0
28;2025-12-26;1;0
28;2025-12-26;2;0
28;2025-12-26;3;0
28;2025-12-26;4;2
28;2025-12-26;5;79
28;2025-12-26;6;276
28;2025-12-26;7;852
28;2025-12-26;8;1129
28;2025-12-26;9;874
28;2025-12-26;10;656
28;2025-12-26;11;563
28;2025-12-26;12;777
28;2025-12-26;13;735
28;2025-12-26;14;718
28;2025-12-26;15;745
28;2025-12-26;16;976
28;2025-12-26;17;995
28;2025-12-26;18;826
28;2025-12-26;19;632
28;2025-12-26;20;453
28;2025-12-26;21;344
28;2025-12-26;22;128
28;2025-12-26;23;12
28;2025-12-27;0;0
28;2025-12-27;1;0
28;2025-12-27;2;0
28;2025-12-27;3;0
28;2025-12-27;4;0
28;2025-12-27;5;38
28;2025-12-27;6;104
28;2025-12-27;7;235
28;2025-12-27;8;410
28;2025-12-27;9;480
28;2025-12-27;10;511
28;2025-12-27;11;515
28;2025-12-27;12;606
28;2025-12-27;13;603
28;2025-12-27;14;591
28;2025-12-27;15;594
28;2025-12-27;16;562
28;2025-12-27;17;583
28;2025-12-27;18;490
28;2025-12-27;19;399
28;2025-12-27;20;313
28;2025-12-27;21;265
28;2025-12-27;22;131
28;2025-12-27;23;19
28;2025-12-28;0;2
28;2025-12-28;1;0
28;2025-12-28;2;0
28;2025-12-28;3;0
28;2025-12-28;4;1
28;2025-12-28;5;30
28;2025-12-28;6;82
28;2025-12-28;7;160
28;2025-12-28;8;264
28;2025-12-28;9;353
28;2025-12-28;10;395
28;2025-12-28;11;431
28;2025-12-28;12;461
28;2025-12-28;13;518
28;2025-12-28;14;511
28;2025-12-28;15;496
28;2025-12-28;16;465
28;2025-12-28;17;468
28;2025-12-28;18;410
28;2025-12-28;19;357
28;2025-12-28;20;282
28;2025-12-28;21;238
28;2025-12-28;22;108
28;2025-12-28;23;10
28;2025-12-29;0;0
28;2025-12-29;1;0
28;2025-12-29;2;0
28;2025-12-29;3;0
28;2025-12-29;4;1
28;2025-12-29;5;72
28;2025-12-29;6;246
28;2025-12-29;7;706
28;2025-12-29;8;1114
28;2025-12-29;9;782
28;2025-12-29;10;594
28;2025-12-29;11;530
28;2025-12-29;12;640
28;2025-12-29;13;666
28;2025-12-29;14;617
28;2025-12-29;15;615
28;2025-12-29;16;782
28;2025-12-29;17;895
28;2025-12-29;18;880
28;2025-12-29;19;660
28;2025-12-29;20;460
28;2025-12-29;21;278
28;2025-12-29;22;105
28;2025-12-29;23;6
28;2025-12-30;0;0
28;2025-12-30;1;0
28;2025-12-30;2;0
28;2025-12-30;3;0
28;2025-12-30;4;1
28;2025-12-30;5;72
28;2025-12-30;6;243
28;2025-12-30;7;710
28;2025-12-30;8;1072
28;2025-12-30;9;787
28;2025-12-30;10;617
28;2025-12-30;11;540
28;2025-12-30;12;640
28;2025-12-30;13;676
28;2025-12-30;14;624
28;2025-12-30;15;623
28;2025-12-30;16;781
28;2025-12-30;17;903
28;2025-12-30;18;905
28;2025-12-30;19;661
28;2025-12-30;20;467
28;2025-12-30;21;289
28;2025-12-30;22;110
28;2025-12-30;23;9
28;2025-12-31;0;1
28;2025-12-31;1;0
28;2025-12-31;2;0
28;2025-12-31;3;0
28;2025-12-31;4;1
28;2025-12-31;5;26
28;2025-12-31;6;74
28;2025-12-31;7;142
28;2025-12-31;8;221
28;2025-12-31;9;282
28;2025-12-31;10;290
28;2025-12-31;11;318
28;2025-12-31;12;348
28;2025-12-31;13;376
28;2025-12-31;14;384
28;2025-12-31;15;372
28;2025-12-31;16;360
28;2025-12-31;17;347
28;2025-12-31;18;340
28;2025-12-31;19;307
28;2025-12-31;20;248
28;2025-12-31;21;210
28;2025-12-31;22;100
28;2025-12-31;23;9
50;2025-11-01;0;26
50;2025-11-01;1;2
50;2025-11-01;2;0
50;2025-11-01;3;0
50;2025-11-01;4;1
50;2025-11-01;5;34
50;2025-11-01;6;274
50;2025-11-01;7;896
50;2025-11-01;8;1441
50;2025-11-01;9;1356
50;2025-11-01;10;1037
50;2025-11-01;11;990
50;2025-11-01;12;948
50;2025-11-01;13;988
50;2025-11-01;14;926
50;2025-11-01;15;1026
50;2025-11-01;16;1100
50;2025-11-01;17;1452
50;2025-11-01;18;1503
50;2025-11-01;19;913
50;2025-11-01;20;569
50;2025-11-01;21;394
50;2025-11-01;22;136
50;2025-11-01;23;73
50;2025-11-02;0;2
50;2025-11-02;1;0
50;2025-11-02;2;0
50;2025-11-02;3;0
50;2025-11-02;4;0
50;2025-11-02;5;1
50;2025-11-02;6;9
50;2025-11-02;7;17
50;2025-11-02;8;30
50;2025-11-02;9;33
50;2025-11-02;10;33
50;2025-11-02;11;61
50;2025-11-02;12;46
50;2025-11-02;13;62
50;2025-11-02;14;109
50;2025-11-02;15;90
50;2025-11-02;16;90
50;2025-11-02;17;82
50;2025-11-02;18;57
50;2025-11-02;19;58
50;2025-11-02;20;47
50;2025-11-02;21;31
50;2025-11-02;22;28
50;2025-11-02;23;10
50;2025-11-03;0;4
50;2025-11-03;1;0
50;2025-11-03;2;0
50;2025-11-03;3;0
50;2025-11-03;4;0
50;2025-11-03;5;2
50;2025-11-03;6;12
50;2025-11-03;7;23
50;2025-11-03;8;35
50;2025-11-03;9;38
50;2025-11-03;10;49
50;2025-11-03;11;83
50;2025-11-03;12;78
50;2025-11-03;13;86
50;2025-11-03;14;108
50;2025-11-03;15;82
50;2025-11-03;16;86
50;2025-11-03;17;77
50;2025-11-03;18;59
50;2025-11-03;19;65
50;2025-11-03;20;56
50;2025-11-03;21;43
50;2025-11-03;22;28
50;2025-11-03;23;15
50;2025-11-04;0;4
50;2025-11-04;1;0
50;2025-11-04;2;0
50;2025-11-04;3;0
50;2025-11-04;4;0
50;2025-11-04;5;2
50;2025-11-04;6;12
50;2025-11-04;7;22
50;2025-11-04;8;34
50;2025-11-04;9;37
50;2025-11-04;10;48
50;2025-11-04;11;82
50;2025-11-04;12;76
50;2025-11-04;13;84
50;2025-11-04;14;106
50;2025-11-04;15;81
50;2025-11-04;16;85
50;2025-11-04;17;76
50;2025-11-04;18;58
50;2025-11-04;19;64
50;2025-11-04;20;55
50;2025-11-04;21;43
50;2025-11-04;22;28
50;2025-11-04;23;15
50;2025-11-05;0;19
50;2025-11-05;1;1
50;2025-11-05;2;0
50;2025-11-05;3;0
50;2025-11-05;4;3
50;2025-11-05;5;70
50;2025-11-05;6;577
50;2025-11-05;7;1878
50;2025-11-05;8;3021
50;2025-11-05;9;2421
50;2025-11-05;10;1861
50;2025-11-05;11;1713
50;2025-11-05;12;1605
50;2025-11-05;13;1610
50;2025-11-05;14;1534
50;2025-11-05;15;1692
50;2025-11-05;16;1840
50;2025-11-05;17;2487
50;2025-11-05;18;2575
50;2025-11-05;19;1564
50;2025-11-05;20;975
50;2025-11-05;21;684
50;2025-11-05;22;272
50;2025-11-05;23;155
50;2025-11-06;0;20
50;2025-11-06;1;1
50;2025-11-06;2;0
50;2025-11-06;3;0
50;2025-11-06;4;3
50;2025-11-06;5;71
50;2025-11-06;6;536
50;2025-11-06;7;1843
50;2025-11-06;8;3070
50;2025-11-06;9;2413
50;2025-11-06;10;1865
50;2025-11-06;11;1669
50;2025-11-06;12;1578
50;2025-11-06;13;1620
50;2025-11-06;14;1533
50;2025-11-06;15;1705
50;2025-11-06;16;1850
50;2025-11-06;17;2487
50;2025-11-06;18;2583
50;2025-11-06;19;1572
50;2025-11-06;20;1000
50;2025-11-06;21;699
50;2025-11-06;22;279
50;2025-11-06;23;160
50;2025-11-07;0;37
50;2025-11-07;1;1
50;2025-11-07;2;0
50;2025-11-07;3;0
50;2025-11-07;4;2
50;2025-11-07;5;70
50;2025-11-07;6;549
50;2025-11-07;7;1787
50;2025-11-07;8;2778
50;2025-11-07;9;2239
50;2025-11-07;10;1614
50;2025-11-07;11;1651
50;2025-11-07;12;1545
50;2025-11-07;13;1536
50;2025-11-07;14;1475
50;2025-11-07;15;1762
50;2025-11-07;16;2210
50;2025-11-07;17;2195
50;2025-11-07;18;1667
50;2025-11-07;19;1224
50;2025-11-07;20;844
50;2025-11-07;21;551
50;2025-11-07;22;272
50;2025-11-07;23;167
50;2025-11-08;0;7
50;2025-11-08;1;0
50;2025-11-08;2;0
50;2025-11-08;3;0
50;2025-11-08;4;0
50;2025-11-08;5;2
50;2025-11-08;6;10
50;2025-11-08;7;20
50;2025-11-08;8;27
50;2025-11-08;9;40
50;2025-11-08;10;28
50;2025-11-08;11;26
50;2025-11-08;12;34
50;2025-11-08;13;31
50;2025-11-08;14;37
50;2025-11-08;15;32
50;2025-11-08;16;33
50;2025-11-08;17;34
50;2025-11-08;18;19
50;2025-11-08;19;20
50;2025-11-08;20;12
50;2025-11-08;21;12
50;2025-11-08;22;6
50;2025-11-08;23;5
50;2025-11-09;0;2
50;2025-11-09;1;0
50;2025-11-09;2;0
50;2025-11-09;3;0
50;2025-11-09;4;0
50;2025-11-09;5;1
50;2025-11-09;6;9
50;2025-11-09;7;17
50;2025-11-09;8;30
50;2025-11-09;9;33
50;2025-11-09;10;33
50;2025-11-09;11;61
50;2025-11-09;12;46
50;2025-11-09;13;62
50;2025-11-09;14;109
50;2025-11-09;15;90
50;2025-11-09;16;90
50;2025-11-09;17;82
50;2025-11-09;18;57
50;2025-11-09;19;58
50;2025-11-09;20;47
50;2025-11-09;21;31
50;2025-11-09;22;28
50;2025-11-09;23;10
50;2025-11-10;0;16
50;2025-11-10;1;2
50;2025-11-10;2;0
50;2025-11-10;3;0
50;2025-11-10;4;3
50;2025-11-10;5;73
50;2025-11-10;6;580
50;2025-11-10;7;1925
50;2025-11-10;8;3044
50;2025-11-10;9;2461
50;2025-11-10;10;1864
50;2025-11-10;11;1693
50;2025-11-10;12;1582
50;2025-11-10;13;1626
50;2025-11-10;14;1529
50;2025-11-10;15;1726
50;2025-11-10;16;1853
50;2025-11-10;17;2163
50;2025-11-10;18;2352
50;2025-11-10;19;1322
50;2025-11-10;20;973
50;2025-11-10;21;682
50;2025-11-10;22;260
50;2025-11-10;23;146
50;2025-11-11;0;28
50;2025-11-11;1;2
50;2025-11-11;2;0
50;2025-11-11;3;0
50;2025-11-11;4;3
50;2025-11-11;5;71
50;2025-11-11;6;586
50;2025-11-11;7;1865
50;2025-11-11;8;3081
50;2025-11-11;9;2472
50;2025-11-11;10;1905
50;2025-11-11;11;1681
50;2025-11-11;12;1582
50;2025-11-11;13;1632
50;2025-11-11;14;1553
50;2025-11-11;15;1747
50;2025-11-11;16;1865
50;2025-11-11;17;2579
50;2025-11-11;18;2592
50;2025-11-11;19;1576
50;2025-11-11;20;993
50;2025-11-11;21;676
50;2025-11-11;22;268
50;2025-11-11;23;152
50;2025-11-12;0;19
50;2025-11-12;1;1
50;2025-11-12;2;0
50;2025-11-12;3;0
50;2025-11-12;4;3
50;2025-11-12;5;70
50;2025-11-12;6;577
50;2025-11-12;7;1878
50;2025-11-12;8;3021
50;2025-11-12;9;2421
50;2025-11-12;10;1861
50;2025-11-12;11;1713
50;2025-11-12;12;1605
50;2025-11-12;13;1610
50;2025-11-12;14;1534
50;2025-11-12;15;1692
50;2025-11-12;16;1840
50;2025-11-12;17;2487
50;2025-11-12;18;2575
50;2025-11-12;19;1564
50;2025-11-12;20;975
50;2025-11-12;21;684
50;2025-11-12;22;272
50;2025-11-12;23;155
50;2025-11-13;0;20
50;2025-11-13;1;1
50;2025-11-13;2;0
50;2025-11-13;3;0
50;2025-11-13;4;3
50;2025-11-13;5;71
50;2025-11-13;6;536
50;2025-11-13;7;1843
50;2025-11-13;8;3070
50;2025-11-13;9;2413
50;2025-11-13;10;1865
50;2025-11-13;11;1669
50;2025-11-13;12;1578
50;2025-11-13;13;1620
50;2025-11-13;14;1533
50;2025-11-13;15;1705
50;2025-11-13;16;1850
50;2025-11-13;17;2487
50;2025-11-13;18;2583
50;2025-11-13;19;1572
50;2025-11-13;20;1000
50;2025-11-13;21;699
50;2025-11-13;22;279
50;2025-11-13;23;160
50;2025-11-14;0;37
50;2025-11-14;1;1
50;2025-11-14;2;0
50;2025-11-14;3;0
50;2025-11-14;4;2
50;2025-11-14;5;70
50;2025-11-14;6;549
50;2025-11-14;7;1787
50;2025-11-14;8;2778
50;2025-11-14;9;2239
50;2025-11-14;10;1614
50;2025-11-14;11;1651
50;2025-11-14;12;1545
50;2025-11-14;13;1536
50;2025-11-14;14;1475
50;2025-11-14;15;1762
50;2025-11-14;16;2210
50;2025-11-14;17;2195
50;2025-11-14;18;1667
50;2025-11-14;19;1224
50;2025-11-14;20;844
50;2025-11-14;21;551
50;2025-11-14;22;272
50;2025-11-14;23;167
50;2025-11-15;0;54
50;2025-11-15;1;6
50;2025-11-15;2;0
50;2025-11-15;3;0
50;2025-11-15;4;1
50;2025-11-15;5;15
50;2025-11-15;6;89
50;2025-11-15;7;227
50;2025-11-15;8;347
50;2025-11-15;9;442
50;2025-11-15;10;395
50;2025-11-15;11;508
50;2025-11-15;12;515
50;2025-11-15;13;521
50;2025-11-15;14;529
50;2025-11-15;15;497
50;2025-11-15;16;505
50;2025-11-15;17;474
50;2025-11-15;18;432
50;2025-11-15;19;398
50;2025-11-15;20;296
50;2025-11-15;21;249
50;2025-11-15;22;145
50;2025-11-15;23;92
50;2025-11-16;0;27
50;2025-11-16;1;3
50;2025-11-16;2;0
50;2025-11-16;3;0
50;2025-11-16;4;1
50;2025-11-16;5;14
50;2025-11-16;6;59
50;2025-11-16;7;116
50;2025-11-16;8;174
50;2025-11-16;9;234
50;2025-11-16;10;326
50;2025-11-16;11;401
50;2025-11-16;12;449
50;2025-11-16;13;495
50;2025-11-16;14;503
50;2025-11-16;15;424
50;2025-11-16;16;457
50;2025-11-16;17;451
50;2025-11-16;18;418
50;2025-11-16;19;345
50;2025-11-16;20;298
50;2025-11-16;21;238
50;2025-11-16;22;123
50;2025-11-16;23;69
50;2025-11-17;0;16
50;2025-11-17;1;2
50;2025-11-17;2;0
50;2025-11-17;3;0
50;2025-11-17;4;3
50;2025-11-17;5;73
50;2025-11-17;6;580
50;2025-11-17;7;1925
50;2025-11-17;8;3044
50;2025-11-17;9;2461
50;2025-11-17;10;1864
50;2025-11-17;11;1693
50;2025-11-17;12;1582
50;2025-11-17;13;1626
50;2025-11-17;14;1529
50;2025-11-17;15;1726
50;2025-11-17;16;1853
50;2025-11-17;17;2516
50;2025-11-17;18;2617
50;2025-11-17;19;1546
50;2025-11-17;20;973
50;2025-11-17;21;682
50;2025-11-17;22;260
50;2025-11-17;23;146
50;2025-11-18;0;28
50;2025-11-18;1;2
50;2025-11-18;2;0
50;2025-11-18;3;0
50;2025-11-18;4;3
50;2025-11-18;5;71
50;2025-11-18;6;586
50;2025-11-18;7;1865
50;2025-11-18;8;3081
50;2025-11-18;9;2472
50;2025-11-18;10;1905
50;2025-11-18;11;1681
50;2025-11-18;12;1582
50;2025-11-18;13;1632
50;2025-11-18;14;1553
50;2025-11-18;15;1747
50;2025-11-18;16;1865
50;2025-11-18;17;2579
50;2025-11-18;18;2592
50;2025-11-18;19;1576
50;2025-11-18;20;993
50;2025-11-18;21;676
50;2025-11-18;22;268
50;2025-11-18;23;152
50;2025-11-19;0;19
50;2025-11-19;1;1
50;2025-11-19;2;0
50;2025-11-19;3;0
50;2025-11-19;4;3
50;2025-11-19;5;70
50;2025-11-19;6;577
50;2025-11-19;7;1878
50;2025-11-19;8;3021
50;2025-11-19;9;2421
50;2025-11-19;10;1861
50;2025-11-19;11;1713
50;2025-11-19;12;1605
50;2025-11-19;13;1610
50;2025-11-19;14;1534
50;2025-11-19;15;1692
50;2025-11-19;16;1840
50;2025-11-19;17;2487
50;2025-11-19;18;2575
50;2025-11-19;19;1564
50;2025-11-19;20;975
50;2025-11-19;21;684
50;2025-11-19;22;272
50;2025-11-19;23;155
50;2025-11-20;0;20
50;2025-11-20;1;1
50;2025-11-20;2;0
50;2025-11-20;3;0
50;2025-11-20;4;3
50;2025-11-20;5;71
50;2025-11-20;6;536
50;2025-11-20;7;1843
50;2025-11-20;8;3070
50;2025-11-20;9;2413
50;2025-11-20;10;1865
50;2025-11-20;11;1669
50;2025-11-20;12;1578
50;2025-11-20;13;1620
50;2025-11-20;14;1533
50;2025-11-20;15;1705
50;2025-11-20;16;1850
50;2025-11-20;17;2487
50;2025-11-20;18;2583
50;2025-11-20;19;1572
50;2025-11-20;20;1000
50;2025-11-20;21;699
50;2025-11-20;22;279
50;2025-11-20;23;160
50;2025-11-21;0;37
50;2025-11-21;1;1
50;2025-11-21;2;0
50;2025-11-21;3;0
50;2025-11-21;4;2
50;2025-11-21;5;70
50;2025-11-21;6;549
50;2025-11-21;7;1787
50;2025-11-21;8;2778
50;2025-11-21;9;2239
50;2025-11-21;10;1614
50;2025-11-21;11;1651
50;2025-11-21;12;1545
50;2025-11-21;13;1536
50;2025-11-21;14;1475
50;2025-11-21;15;1762
50;2025-11-21;16;2210
50;2025-11-21;17;2195
50;2025-11-21;18;1667
50;2025-11-21;19;1224
50;2025-11-21;20;844
50;2025-11-21;21;551
50;2025-11-21;22;272
50;2025-11-21;23;167
50;2025-11-22;0;54
50;2025-11-22;1;6
50;2025-11-22;2;0
50;2025-11-22;3;0
50;2025-11-22;4;1
50;2025-11-22;5;15
50;2025-11-22;6;89
50;2025-11-22;7;227
50;2025-11-22;8;347
50;2025-11-22;9;442
50;2025-11-22;10;395
50;2025-11-22;11;508
50;2025-11-22;12;515
50;2025-11-22;13;521
50;2025-11-22;14;529
50;2025-11-22;15;497
50;2025-11-22;16;505
50;2025-11-22;17;474
50;2025-11-22;18;432
50;2025-11-22;19;398
50;2025-11-22;20;296
50;2025-11-22;21;249
50;2025-11-22;22;145
50;2025-11-22;23;92
50;2025-11-23;0;27
50;2025-11-23;1;3
50;2025-11-23;2;0
50;2025-11-23;3;0
50;2025-11-23;4;1
50;2025-11-23;5;14
50;2025-11-23;6;71
50;2025-11-23;7;140
50;2025-11-23;8;210
50;2025-11-23;9;282
50;2025-11-23;10;326
50;2025-11-23;11;401
50;2025-11-23;12;449
50;2025-11-23;13;495
50;2025-11-23;14;503
50;2025-11-23;15;424
50;2025-11-23;16;457
50;2025-11-23;17;451
50;2025-11-23;18;418
50;2025-11-23;19;345
50;2025-11-23;20;298
50;2025-11-23;21;238
50;2025-11-23;22;123
50;2025-11-23;23;69
50;2025-11-24;0;16
50;2025-11-24;1;2
50;2025-11-24;2;0
50;2025-11-24;3;0
50;2025-11-24;4;3
50;2025-11-24;5;73
50;2025-11-24;6;580
50;2025-11-24;7;1925
50;2025-11-24;8;3044
50;2025-11-24;9;2461
50;2025-11-24;10;1864
50;2025-11-24;11;1693
50;2025-11-24;12;1582
50;2025-11-24;13;1626
50;2025-11-24;14;1529
50;2025-11-24;15;1726
50;2025-11-24;16;1853
50;2025-11-24;17;2516
50;2025-11-24;18;2617
50;2025-11-24;19;1322
50;2025-11-24;20;849
50;2025-11-24;21;596
50;2025-11-24;22;260
50;2025-11-24;23;146
50;2025-11-25;0;28
50;2025-11-25;1;2
50;2025-11-25;2;0
50;2025-11-25;3;0
50;2025-11-25;4;3
50;2025-11-25;5;71
50;2025-11-25;6;586
50;2025-11-25;7;1865
50;2025-11-25;8;3081
50;2025-11-25;9;2472
50;2025-11-25;10;1905
50;2025-11-25;11;1681
50;2025-11-25;12;1582
50;2025-11-25;13;1632
50;2025-11-25;14;1553
50;2025-11-25;15;1747
50;2025-11-25;16;1865
50;2025-11-25;17;2579
50;2025-11-25;18;2592
50;2025-11-25;19;1576
50;2025-11-25;20;993
50;2025-11-25;21;676
50;2025-11-25;22;268
50;2025-11-25;23;152
50;2025-11-26;0;19
50;2025-11-26;1;1
50;2025-11-26;2;0
50;2025-11-26;3;0
50;2025-11-26;4;3
50;2025-11-26;5;70
50;2025-11-26;6;577
50;2025-11-26;7;1878
50;2025-11-26;8;3021
50;2025-11-26;9;2421
50;2025-11-26;10;1861
50;2025-11-26;11;1713
50;2025-11-26;12;1605
50;2025-11-26;13;1610
50;2025-11-26;14;1534
50;2025-11-26;15;1692
50;2025-11-26;16;1840
50;2025-11-26;17;2487
50;2025-11-26;18;2575
50;2025-11-26;19;1564
50;2025-11-26;20;975
50;2025-11-26;21;684
50;2025-11-26;22;272
50;2025-11-26;23;155
50;2025-11-27;0;20
50;2025-11-27;1;1
50;2025-11-27;2;0
50;2025-11-27;3;0
50;2025-11-27;4;3
50;2025-11-27;5;71
50;2025-11-27;6;536
50;2025-11-27;7;1843
50;2025-11-27;8;3070
50;2025-11-27;9;2413
50;2025-11-27;10;1865
50;2025-11-27;11;1669
50;2025-11-27;12;1578
50;2025-11-27;13;1620
50;2025-11-27;14;1533
50;2025-11-27;15;1705
50;2025-11-27;16;1850
50;2025-11-27;17;2487
50;2025-11-27;18;2583
50;2025-11-27;19;1572
50;2025-11-27;20;1000
50;2025-11-27;21;699
50;2025-11-27;22;279
50;2025-11-27;23;160
50;2025-11-28;0;37
50;2025-11-28;1;1
50;2025-11-28;2;0
50;2025-11-28;3;0
50;2025-11-28;4;2
50;2025-11-28;5;70
50;2025-11-28;6;549
50;2025-11-28;7;1787
50;2025-11-28;8;2778
50;2025-11-28;9;2239
50;2025-11-28;10;1614
50;2025-11-28;11;1651
50;2025-11-28;12;1545
50;2025-11-28;13;1536
50;2025-11-28;14;1475
50;2025-11-28;15;1762
50;2025-11-28;16;2210
50;2025-11-28;17;2195
50;2025-11-28;18;1667
50;2025-11-28;19;1224
50;2025-11-28;20;844
50;2025-11-28;21;551
50;2025-11-28;22;272
50;2025-11-28;23;167
50;2025-11-29;0;54
50;2025-11-29;1;6
50;2025-11-29;2;0
50;2025-11-29;3;0
50;2025-11-29;4;1
50;2025-11-29;5;15
50;2025-11-29;6;89
50;2025-11-29;7;227
50;2025-11-29;8;347
50;2025-11-29;9;442
50;2025-11-29;10;395
50;2025-11-29;11;508
50;2025-11-29;12;515
50;2025-11-29;13;521
50;2025-11-29;14;529
50;2025-11-29;15;497
50;2025-11-29;16;505
50;2025-11-29;17;474
50;2025-11-29;18;432
50;2025-11-29;19;398
50;2025-11-29;20;296
50;2025-11-29;21;249
50;2025-11-29;22;145
50;2025-11-29;23;92
50;2025-11-30;0;27
50;2025-11-30;1;3
50;2025-11-30;2;0
50;2025-11-30;3;0
50;2025-11-30;4;1
50;2025-11-30;5;14
50;2025-11-30;6;71
50;2025-11-30;7;140
50;2025-11-30;8;210
50;2025-11-30;9;282
50;2025-11-30;10;326
50;2025-11-30;11;401
50;2025-11-30;12;449
50;2025-11-30;13;495
50;2025-11-30;14;503
50;2025-11-30;15;424
50;2025-11-30;16;457
50;2025-11-30;17;451
50;2025-11-30;18;418
50;2025-11-30;19;345
50;2025-11-30;20;298
50;2025-11-30;21;238
50;2025-11-30;22;123
50;2025-11-30;23;69
50;2025-12-01;0;16
50;2025-12-01;1;2
50;2025-12-01;2;0
50;2025-12-01;3;0
50;2025-12-01;4;3
50;2025-12-01;5;72
50;2025-12-01;6;569
50;2025-12-01;7;1886
50;2025-12-01;8;2983
50;2025-12-01;9;2412
50;2025-12-01;10;1827
50;2025-12-01;11;1659
50;2025-12-01;12;1551
50;2025-12-01;13;1593
50;2025-12-01;14;1499
50;2025-12-01;15;1691
50;2025-12-01;16;1816
50;2025-12-01;17;2466
50;2025-12-01;18;2565
50;2025-12-01;19;1516
50;2025-12-01;20;953
50;2025-12-01;21;669
50;2025-12-01;22;255
50;2025-12-01;23;143
50;2025-12-02;0;27
50;2025-12-02;1;2
50;2025-12-02;2;0
50;2025-12-02;3;0
50;2025-12-02;4;3
50;2025-12-02;5;70
50;2025-12-02;6;574
50;2025-12-02;7;1828
50;2025-12-02;8;3020
50;2025-12-02;9;2423
50;2025-12-02;10;1867
50;2025-12-02;11;1647
50;2025-12-02;12;1550
50;2025-12-02;13;1599
50;2025-12-02;14;1522
50;2025-12-02;15;1712
50;2025-12-02;16;1828
50;2025-12-02;17;2527
50;2025-12-02;18;2540
50;2025-12-02;19;1544
50;2025-12-02;20;973
50;2025-12-02;21;662
50;2025-12-02;22;262
50;2025-12-02;23;149
50;2025-12-03;0;19
50;2025-12-03;1;1
50;2025-12-03;2;0
50;2025-12-03;3;0
50;2025-12-03;4;3
50;2025-12-03;5;69
50;2025-12-03;6;565
50;2025-12-03;7;1840
50;2025-12-03;8;2960
50;2025-12-03;9;2373
50;2025-12-03;10;1824
50;2025-12-03;11;1679
50;2025-12-03;12;1573
50;2025-12-03;13;1578
50;2025-12-03;14;1503
50;2025-12-03;15;1658
50;2025-12-03;16;1803
50;2025-12-03;17;2437
50;2025-12-03;18;2523
50;2025-12-03;19;1533
50;2025-12-03;20;955
50;2025-12-03;21;671
50;2025-12-03;22;267
50;2025-12-03;23;152
50;2025-12-04;0;20
50;2025-12-04;1;1
50;2025-12-04;2;0
50;2025-12-04;3;0
50;2025-12-04;4;3
50;2025-12-04;5;70
50;2025-12-04;6;525
50;2025-12-04;7;1806
50;2025-12-04;8;3008
50;2025-12-04;9;2365
50;2025-12-04;10;1828
50;2025-12-04;11;1636
50;2025-12-04;12;1547
50;2025-12-04;13;1587
50;2025-12-04;14;1502
50;2025-12-04;15;1671
50;2025-12-04;16;1813
50;2025-12-04;17;2437
50;2025-12-04;18;2531
50;2025-12-04;19;1541
50;2025-12-04;20;980
50;2025-12-04;21;685
50;2025-12-04;22;274
50;2025-12-04;23;156
50;2025-12-05;0;37
50;2025-12-05;1;1
50;2025-12-05;2;0
50;2025-12-05;3;0
50;2025-12-05;4;2
50;2025-12-05;5;69
50;2025-12-05;6;538
50;2025-12-05;7;1752
50;2025-12-05;8;2722
50;2025-12-05;9;2194
50;2025-12-05;10;1582
50;2025-12-05;11;1618
50;2025-12-05;12;1514
50;2025-12-05;13;1505
50;2025-12-05;14;1445
50;2025-12-05;15;1727
50;2025-12-05;16;2166
50;2025-12-05;17;2151
50;2025-12-05;18;1634
50;2025-12-05;19;1200
50;2025-12-05;20;827
50;2025-12-05;21;540
50;2025-12-05;22;266
50;2025-12-05;23;163
50;2025-12-06;0;53
50;2025-12-06;1;6
50;2025-12-06;2;0
50;2025-12-06;3;0
50;2025-12-06;4;1
50;2025-12-06;5;15
50;2025-12-06;6;87
50;2025-12-06;7;223
50;2025-12-06;8;340
50;2025-12-06;9;434
50;2025-12-06;10;387
50;2025-12-06;11;498
50;2025-12-06;12;505
50;2025-12-06;13;511
50;2025-12-06;14;519
50;2025-12-06;15;487
50;2025-12-06;16;495
50;2025-12-06;17;464
50;2025-12-06;18;423
50;2025-12-06;19;390
50;2025-12-06;20;290
50;2025-12-06;21;244
50;2025-12-06;22;142
50;2025-12-06;23;90
50;2025-12-07;0;26
50;2025-12-07;1;3
50;2025-12-07;2;0
50;2025-12-07;3;0
50;2025-12-07;4;1
50;2025-12-07;5;14
50;2025-12-07;6;70
50;2025-12-07;7;137
50;2025-12-07;8;205
50;2025-12-07;9;277
50;2025-12-07;10;319
50;2025-12-07;11;393
50;2025-12-07;12;440
50;2025-12-07;13;485
50;2025-12-07;14;493
50;2025-12-07;15;416
50;2025-12-07;16;448
50;2025-12-07;17;442
50;2025-12-07;18;409
50;2025-12-07;19;338
50;2025-12-07;20;292
50;2025-12-07;21;233
50;2025-12-07;22;121
50;2025-12-07;23;68
50;2025-12-08;0;16
50;2025-12-08;1;2
50;2025-12-08;2;0
50;2025-12-08;3;0
50;2025-12-08;4;3
50;2025-12-08;5;72
50;2025-12-08;6;569
50;2025-12-08;7;1886
50;2025-12-08;8;2983
50;2025-12-08;9;2412
50;2025-12-08;10;1827
50;2025-12-08;11;1659
50;2025-12-08;12;1551
50;2025-12-08;13;1593
50;2025-12-08;14;1499
50;2025-12-08;15;1691
50;2025-12-08;16;1816
50;2025-12-08;17;2466
50;2025-12-08;18;2565
50;2025-12-08;19;1516
50;2025-12-08;20;953
50;2025-12-08;21;669
50;2025-12-08;22;255
50;2025-12-08;23;143
50;2025-12-09;0;27
50;2025-12-09;1;2
50;2025-12-09;2;0
50;2025-12-09;3;0
50;2025-12-09;4;3
50;2025-12-09;5;70
50;2025-12-09;6;574
50;2025-12-09;7;1828
50;2025-12-09;8;3020
50;2025-12-09;9;2423
50;2025-12-09;10;1867
50;2025-12-09;11;1647
50;2025-12-09;12;1550
50;2025-12-09;13;1599
50;2025-12-09;14;1522
50;2025-12-09;15;1712
50;2025-12-09;16;1828
50;2025-12-09;17;2527
50;2025-12-09;18;2540
50;2025-12-09;19;1544
50;2025-12-09;20;973
50;2025-12-09;21;662
50;2025-12-09;22;262
50;2025-12-09;23;149
50;2025-12-10;0;19
50;2025-12-10;1;1
50;2025-12-10;2;0
50;2025-12-10;3;0
50;2025-12-10;4;3
50;2025-12-10;5;69
50;2025-12-10;6;565
50;2025-12-10;7;1840
50;2025-12-10;8;2960
50;2025-12-10;9;2373
50;2025-12-10;10;1824
50;2025-12-10;11;1679
50;2025-12-10;12;1573
50;2025-12-10;13;1578
50;2025-12-10;14;1503
50;2025-12-10;15;1658
50;2025-12-10;16;1803
50;2025-12-10;17;2437
50;2025-12-10;18;2523
50;2025-12-10;19;1533
50;2025-12-10;20;955
50;2025-12-10;21;671
50;2025-12-10;22;267
50;2025-12-10;23;152
50;2025-12-11;0;20
50;2025-12-11;1;1
50;2025-12-11;2;0
50;2025-12-11;3;0
50;2025-12-11;4;3
50;2025-12-11;5;70
50;2025-12-11;6;525
50;2025-12-11;7;1806
50;2025-12-11;8;3008
50;2025-12-11;9;2365
50;2025-12-11;10;1828
50;2025-12-11;11;1636
50;2025-12-11;12;1547
50;2025-12-11;13;1587
50;2025-12-11;14;1502
50;2025-12-11;15;1671
50;2025-12-11;16;1813
50;2025-12-11;17;2437
50;2025-12-11;18;2531
50;2025-12-11;19;1541
50;2025-12-11;20;980
50;2025-12-11;21;685
50;2025-12-11;22;274
50;2025-12-11;23;156
50;2025-12-12;0;37
50;2025-12-12;1;1
50;2025-12-12;2;0
50;2025-12-12;3;0
50;2025-12-12;4;2
50;2025-12-12;5;69
50;2025-12-12;6;538
50;2025-12-12;7;1752
50;2025-12-12;8;2722
50;2025-12-12;9;2194
50;2025-12-12;10;1582
50;2025-12-12;11;1618
50;2025-12-12;12;1514
50;2025-12-12;13;1505
50;2025-12-12;14;1445
50;2025-12-12;15;1727
50;2025-12-12;16;2166
50;2025-12-12;17;2151
50;2025-12-12;18;1634
50;2025-12-12;19;1200
50;2025-12-12;20;827
50;2025-12-12;21;540
50;2025-12-12;22;266
50;2025-12-12;23;163
50;2025-12-13;0;53
50;2025-12-13;1;6
50;2025-12-13;2;0
50;2025-12-13;3;0
50;2025-12-13;4;1
50;2025-12-13;5;15
50;2025-12-13;6;87
50;2025-12-13;7;223
50;2025-12-13;8;340
50;2025-12-13;9;434
50;2025-12-13;10;387
50;2025-12-13;11;498
50;2025-12-13;12;505
50;2025-12-13;13;511
50;2025-12-13;14;519
50;2025-12-13;15;487
50;2025-12-13;16;495
50;2025-12-13;17;464
50;2025-12-13;18;423
50;2025-12-13;19;390
50;2025-12-13;20;290
50;2025-12-13;21;244
50;2025-12-13;22;142
50;2025-12-13;23;90
50;2025-12-14;0;26
50;2025-12-14;1;3
50;2025-12-14;2;0
50;2025-12-14;3;0
50;2025-12-14;4;1
50;2025-12-14;5;14
50;2025-12-14;6;70
50;2025-12-14;7;137
50;2025-12-14;8;205
50;2025-12-14;9;277
50;2025-12-14;10;319
50;2025-12-14;11;393
50;2025-12-14;12;440
50;2025-12-14;13;485
50;2025-12-14;14;493
50;2025-12-14;15;416
50;2025-12-14;16;448
50;2025-12-14;17;442
50;2025-12-14;18;409
50;2025-12-14;19;338
50;2025-12-14;20;292
50;2025-12-14;21;233
50;2025-12-14;22;121
50;2025-12-14;23;68
50;2025-12-15;0;16
50;2025-12-15;1;2
50;2025-12-15;2;0
50;2025-12-15;3;0
50;2025-12-15;4;3
50;2025-12-15;5;72
50;2025-12-15;6;569
50;2025-12-15;7;1886
50;2025-12-15;8;2983
50;2025-12-15;9;2412
50;2025-12-15;10;1827
50;2025-12-15;11;1659
50;2025-12-15;12;1551
50;2025-12-15;13;1593
50;2025-12-15;14;1499
50;2025-12-15;15;1691
50;2025-12-15;16;1816
50;2025-12-15;17;2466
50;2025-12-15;18;2565
50;2025-12-15;19;1516
50;2025-12-15;20;953
50;2025-12-15;21;669
50;2025-12-15;22;255
50;2025-12-15;23;143
50;2025-12-16;0;27
50;2025-12-16;1;2
50;2025-12-16;2;0
50;2025-12-16;3;0
50;2025-12-16;4;3
50;2025-12-16;5;70
50;2025-12-16;6;574
50;2025-12-16;7;1828
50;2025-12-16;8;3020
50;2025-12-16;9;2423
50;2025-12-16;10;1867
50;2025-12-16;11;1647
50;2025-12-16;12;1550
50;2025-12-16;13;1599
50;2025-12-16;14;1522
50;2025-12-16;15;1712
50;2025-12-16;16;1828
50;2025-12-16;17;2527
50;2025-12-16;18;2540
50;2025-12-16;19;1544
50;2025-12-16;20;973
50;2025-12-16;21;662
50;2025-12-16;22;262
50;2025-12-16;23;149
50;2025-12-17;0;19
50;2025-12-17;1;1
50;2025-12-17;2;0
50;2025-12-17;3;0
50;2025-12-17;4;3
50;2025-12-17;5;69
50;2025-12-17;6;565
50;2025-12-17;7;1840
50;2025-12-17;8;2960
50;2025-12-17;9;2373
50;2025-12-17;10;1824
50;2025-12-17;11;1679
50;2025-12-17;12;1573
50;2025-12-17;13;1578
50;2025-12-17;14;1503
50;2025-12-17;15;1658
50;2025-12-17;16;1803
50;2025-12-17;17;2437
50;2025-12-17;18;2523
50;2025-12-17;19;1533
50;2025-12-17;20;955
50;2025-12-17;21;671
50;2025-12-17;22;267
50;2025-12-17;23;152
50;2025-12-18;0;20
50;2025-12-18;1;1
50;2025-12-18;2;0
50;2025-12-18;3;0
50;2025-12-18;4;3
50;2025-12-18;5;70
50;2025-12-18;6;525
50;2025-12-18;7;1806
50;2025-12-18;8;3008
50;2025-12-18;9;2365
50;2025-12-18;10;1828
50;2025-12-18;11;1636
50;2025-12-18;12;1547
50;2025-12-18;13;1587
50;2025-12-18;14;1502
50;2025-12-18;15;1671
50;2025-12-18;16;1813
50;2025-12-18;17;2437
50;2025-12-18;18;2531
50;2025-12-18;19;1541
50;2025-12-18;20;980
50;2025-12-18;21;685
50;2025-12-18;22;274
50;2025-12-18;23;156
50;2025-12-19;0;37
50;2025-12-19;1;1
50;2025-12-19;2;0
50;2025-12-19;3;0
50;2025-12-19;4;2
50;2025-12-19;5;69
50;2025-12-19;6;538
50;2025-12-19;7;1752
50;2025-12-19;8;2722
50;2025-12-19;9;2194
50;2025-12-19;10;1582
50;2025-12-19;11;1618
50;2025-12-19;12;1514
50;2025-12-19;13;1505
50;2025-12-19;14;1445
50;2025-12-19;15;1727
50;2025-12-19;16;2166
50;2025-12-19;17;2151
50;2025-12-19;18;1634
50;2025-12-19;19;1200
50;2025-12-19;20;827
50;2025-12-19;21;540
50;2025-12-19;22;266
50;2025-12-19;23;163
50;2025-12-20;0;53
50;2025-12-20;1;6
50;2025-12-20;2;0
50;2025-12-20;3;0
50;2025-12-20;4;1
50;2025-12-20;5;15
50;2025-12-20;6;87
50;2025-12-20;7;223
50;2025-12-20;8;340
50;2025-12-20;9;434
50;2025-12-20;10;387
50;2025-12-20;11;498
50;2025-12-20;12;505
50;2025-12-20;13;511
50;2025-12-20;14;519
50;2025-12-20;15;487
50;2025-12-20;16;495
50;2025-12-20;17;464
50;2025-12-20;18;423
50;2025-12-20;19;390
50;2025-12-20;20;290
50;2025-12-20;21;244
50;2025-12-20;22;142
50;2025-12-20;23;90
50;2025-12-21;0;26
50;2025-12-21;1;3
50;2025-12-21;2;0
50;2025-12-21;3;0
50;2025-12-21;4;1
50;2025-12-21;5;14
50;2025-12-21;6;70
50;2025-12-21;7;137
50;2025-12-21;8;205
50;2025-12-21;9;277
50;2025-12-21;10;319
50;2025-12-21;11;393
50;2025-12-21;12;440
50;2025-12-21;13;485
50;2025-12-21;14;493
50;2025-12-21;15;416
50;2025-12-21;16;448
50;2025-12-21;17;442
50;2025-12-21;18;409
50;2025-12-21;19;338
50;2025-12-21;20;292
50;2025-12-21;21;233
50;2025-12-21;22;121
50;2025-12-21;23;68
50;2025-12-22;0;16
50;2025-12-22;1;2
50;2025-12-22;2;0
50;2025-12-22;3;0
50;2025-12-22;4;3
50;2025-12-22;5;72
50;2025-12-22;6;569
50;2025-12-22;7;1886
50;2025-12-22;8;2983
50;2025-12-22;9;2412
50;2025-12-22;10;1827
50;2025-12-22;11;1659
50;2025-12-22;12;1551
50;2025-12-22;13;1593
50;2025-12-22;14;1499
50;2025-12-22;15;1691
50;2025-12-22;16;1816
50;2025-12-22;17;2466
50;2025-12-22;18;2565
50;2025-12-22;19;1516
50;2025-12-22;20;953
50;2025-12-22;21;669
50;2025-12-22;22;255
50;2025-12-22;23;143
50;2025-12-23;0;27
50;2025-12-23;1;2
50;2025-12-23;2;0
50;2025-12-23;3;0
50;2025-12-23;4;3
50;2025-12-23;5;70
50;2025-12-23;6;574
50;2025-12-23;7;1828
50;2025-12-23;8;3020
50;2025-12-23;9;2423
50;2025-12-23;10;1867
50;2025-12-23;11;1647
50;2025-12-23;12;1550
50;2025-12-23;13;1599
50;2025-12-23;14;1522
50;2025-12-23;15;1712
50;2025-12-23;16;1828
50;2025-12-23;17;2527
50;2025-12-23;18;2540
50;2025-12-23;19;1544
50;2025-12-23;20;973
50;2025-12-23;21;662
50;2025-12-23;22;262
50;2025-12-23;23;149
50;2025-12-24;0;19
50;2025-12-24;1;1
50;2025-12-24;2;0
50;2025-12-24;3;0
50;2025-12-24;4;3
50;2025-12-24;5;69
50;2025-12-24;6;565
50;2025-12-24;7;1840
50;2025-12-24;8;2960
50;2025-12-24;9;2373
50;2025-12-24;10;1824
50;2025-12-24;11;1679
50;2025-12-24;12;1573
50;2025-12-24;13;1578
50;2025-12-24;14;1503
50;2025-12-24;15;1658
50;2025-12-24;16;1803
50;2025-12-24;17;2437
50;2025-12-24;18;2523
50;2025-12-24;19;1533
50;2025-12-24;20;955
50;2025-12-24;21;671
50;2025-12-24;22;267
50;2025-12-24;23;152
50;2025-12-25;0;20
50;2025-12-25;1;1
50;2025-12-25;2;0
50;2025-12-25;3;0
50;2025-12-25;4;3
50;2025-12-25;5;70
50;2025-12-25;6;525
50;2025-12-25;7;1806
50;2025-12-25;8;3008
50;2025-12-25;9;2365
50;2025-12-25;10;1828
50;2025-12-25;11;1636
50;2025-12-25;12;1547
50;2025-12-25;13;1587
50;2025-12-25;14;1502
50;2025-12-25;15;1671
50;2025-12-25;16;1813
50;2025-12-25;17;2437
50;2025-12-25;18;2531
50;2025-12-25;19;1541
50;2025-12-25;20;980
50;2025-12-25;21;685
50;2025-12-25;22;274
50;2025-12-25;23;156
50;2025-12-26;0;37
50;2025-12-26;1;1
50;2025-12-26;2;0
50;2025-12-26;3;0
50;2025-12-26;4;2
50;2025-12-26;5;69
50;2025-12-26;6;538
50;2025-12-26;7;1752
50;2025-12-26;8;2722
50;2025-12-26;9;2194
50;2025-12-26;10;1582
50;2025-12-26;11;1618
50;2025-12-26;12;1514
50;2025-12-26;13;1505
50;2025-12-26;14;1445
50;2025-12-26;15;1727
50;2025-12-26;16;2166
50;2025-12-26;17;2151
50;2025-12-26;18;1634
50;2025-12-26;19;1200
50;2025-12-26;20;827
50;2025-12-26;21;540
50;2025-12-26;22;266
50;2025-12-26;23;163
50;2025-12-27;0;53
50;2025-12-27;1;6
50;2025-12-27;2;0
50;2025-12-27;3;0
50;2025-12-27;4;1
50;2025-12-27;5;15
50;2025-12-27;6;87
50;2025-12-27;7;223
50;2025-12-27;8;340
50;2025-12-27;9;434
50;2025-12-27;10;387
50;2025-12-27;11;498
50;2025-12-27;12;505
50;2025-12-27;13;511
50;2025-12-27;14;519
50;2025-12-27;15;487
50;2025-12-27;16;495
50;2025-12-27;17;464
50;2025-12-27;18;423
50;2025-12-27;19;390
50;2025-12-27;20;290
50;2025-12-27;21;244
50;2025-12-27;22;142
50;2025-12-27;23;90
50;2025-12-28;0;26
50;2025-12-28;1;3
50;2025-12-28;2;0
50;2025-12-28;3;0
50;2025-12-28;4;1
50;2025-12-28;5;14
50;2025-12-28;6;70
50;2025-12-28;7;137
50;2025-12-28;8;205
50;2025-12-28;9;229
50;2025-12-28;10;265
50;2025-12-28;11;326
50;2025-12-28;12;365
50;2025-12-28;13;485
50;2025-12-28;14;493
50;2025-12-28;15;416
50;2025-12-28;16;448
50;2025-12-28;17;442
50;2025-12-28;18;409
50;2025-12-28;19;338
50;2025-12-28;20;292
50;2025-12-28;21;233
50;2025-12-28;22;121
50;2025-12-28;23;68
50;2025-12-29;0;15
50;2025-12-29;1;2
50;2025-12-29;2;0
50;2025-12-29;3;0
50;2025-12-29;4;3
50;2025-12-29;5;66
50;2025-12-29;6;523
50;2025-12-29;7;1735
50;2025-12-29;8;2744
50;2025-12-29;9;2219
50;2025-12-29;10;1681
50;2025-12-29;11;1526
50;2025-12-29;12;1427
50;2025-12-29;13;1466
50;2025-12-29;14;1379
50;2025-12-29;15;1556
50;2025-12-29;16;1671
50;2025-12-29;17;2269
50;2025-12-29;18;2359
50;2025-12-29;19;1394
50;2025-12-29;20;877
50;2025-12-29;21;615
50;2025-12-29;22;234
50;2025-12-29;23;132
50;2025-12-30;0;25
50;2025-12-30;1;1
50;2025-12-30;2;0
50;2025-12-30;3;0
50;2025-12-30;4;3
50;2025-12-30;5;64
50;2025-12-30;6;528
50;2025-12-30;7;1682
50;2025-12-30;8;2778
50;2025-12-30;9;2229
50;2025-12-30;10;1718
50;2025-12-30;11;1515
50;2025-12-30;12;1426
50;2025-12-30;13;1471
50;2025-12-30;14;1400
50;2025-12-30;15;1575
50;2025-12-30;16;1682
50;2025-12-30;17;2325
50;2025-12-30;18;2337
50;2025-12-30;19;1421
50;2025-12-30;20;895
50;2025-12-30;21;609
50;2025-12-30;22;241
50;2025-12-30;23;137
50;2025-12-31;0;23
50;2025-12-31;1;3
50;2025-12-31;2;0
50;2025-12-31;3;0
50;2025-12-31;4;1
50;2025-12-31;5;23
50;2025-12-31;6;121
50;2025-12-31;7;249
50;2025-12-31;8;346
50;2025-12-31;9;427
50;2025-12-31;10;446
50;2025-12-31;11;489
50;2025-12-31;12;531
50;2025-12-31;13;584
50;2025-12-31;14;595
50;2025-12-31;15;516
50;2025-12-31;16;533
50;2025-12-31;17;598
50;2025-12-31;18;592
50;2025-12-31;19;515
50;2025-12-31;20;431
50;2025-12-31;21;341
50;2025-12-31;22;187
50;2025-12-31;23;104
