route;date;hour;prediction
1;2025-11-01;0;2
1;2025-11-01;1;0
1;2025-11-01;2;0
1;2025-11-01;3;0
1;2025-11-01;4;7
1;2025-11-01;5;108
1;2025-11-01;6;432
1;2025-11-01;7;1268
1;2025-11-01;8;1642
1;2025-11-01;9;1278
1;2025-11-01;10;1167
1;2025-11-01;11;1151
1;2025-11-01;12;1220
1;2025-11-01;13;1260
1;2025-11-01;14;1200
1;2025-11-01;15;1292
1;2025-11-01;16;1326
1;2025-11-01;17;1563
1;2025-11-01;18;1608
1;2025-11-01;19;1228
1;2025-11-01;20;773
1;2025-11-01;21;398
1;2025-11-01;22;186
1;2025-11-01;23;32
1;2025-11-02;0;0
1;2025-11-02;1;0
1;2025-11-02;2;0
1;2025-11-02;3;0
1;2025-11-02;4;0
1;2025-11-02;5;24
1;2025-11-02;6;121
1;2025-11-02;7;264
1;2025-11-02;8;370
1;2025-11-02;9;601
1;2025-11-02;10;685
1;2025-11-02;11;705
1;2025-11-02;12;795
1;2025-11-02;13;828
1;2025-11-02;14;776
1;2025-11-02;15;700
1;2025-11-02;16;633
1;2025-11-02;17;575
1;2025-11-02;18;536
1;2025-11-02;19;467
1;2025-11-02;20;341
1;2025-11-02;21;262
1;2025-11-02;22;100
1;2025-11-02;23;30
1;2025-11-03;0;0
1;2025-11-03;1;0
1;2025-11-03;2;0
1;2025-11-03;3;0
1;2025-11-03;4;0
1;2025-11-03;5;26
1;2025-11-03;6;128
1;2025-11-03;7;277
1;2025-11-03;8;381
1;2025-11-03;9;569
1;2025-11-03;10;651
1;2025-11-03;11;647
1;2025-11-03;12;755
1;2025-11-03;13;784
1;2025-11-03;14;706
1;2025-11-03;15;654
1;2025-11-03;16;600
1;2025-11-03;17;561
1;2025-11-03;18;539
1;2025-11-03;19;480
1;2025-11-03;20;354
1;2025-11-03;21;264
1;2025-11-03;22;105
1;2025-11-03;23;30
1;2025-11-04;0;0
1;2025-11-04;1;0
1;2025-11-04;2;0
1;2025-11-04;3;0
1;2025-11-04;4;0
1;2025-11-04;5;26
1;2025-11-04;6;130
1;2025-11-04;7;277
1;2025-11-04;8;381
1;2025-11-04;9;564
1;2025-11-04;10;644
1;2025-11-04;11;641
1;2025-11-04;12;749
1;2025-11-04;13;780
1;2025-11-04;14;704
1;2025-11-04;15;650
1;2025-11-04;16;595
1;2025-11-04;17;557
1;2025-11-04;18;536
1;2025-11-04;19;480
1;2025-11-04;20;352
1;2025-11-04;21;264
1;2025-11-04;22;106
1;2025-11-04;23;30
1;2025-11-05;0;2
1;2025-11-05;1;0
1;2025-11-05;2;0
1;2025-11-05;3;0
1;2025-11-05;4;8
1;2025-11-05;5;132
1;2025-11-05;6;536
1;2025-11-05;7;1609
1;2025-11-05;8;2090
1;2025-11-05;9;1546
1;2025-11-05;10;1416
1;2025-11-05;11;1391
1;2025-11-05;12;1456
1;2025-11-05;13;1504
1;2025-11-05;14;1437
1;2025-11-05;15;1558
1;2025-11-05;16;1608
1;2025-11-05;17;1888
1;2025-11-05;18;1944
1;2025-11-05;19;1483
1;2025-11-05;20;944
1;2025-11-05;21;490
1;2025-11-05;22;226
1;2025-11-05;23;38
1;2025-11-06;0;2
1;2025-11-06;1;0
1;2025-11-06;2;0
1;2025-11-06;3;0
1;2025-11-06;4;9
1;2025-11-06;5;131
1;2025-11-06;6;523
1;2025-11-06;7;1616
1;2025-11-06;8;2097
1;2025-11-06;9;1560
1;2025-11-06;10;1415
1;2025-11-06;11;1393
1;2025-11-06;12;1463
1;2025-11-06;13;1503
1;2025-11-06;14;1446
1;2025-11-06;15;1564
1;2025-11-06;16;1610
1;2025-11-06;17;1901
1;2025-11-06;18;1954
1;2025-11-06;19;1486
1;2025-11-06;20;950
1;2025-11-06;21;485
1;2025-11-06;22;225
1;2025-11-06;23;39
1;2025-11-07;0;4
1;2025-11-07;1;0
1;2025-11-07;2;0
1;2025-11-07;3;0
1;2025-11-07;4;8
1;2025-11-07;5;137
1;2025-11-07;6;498
1;2025-11-07;7;1534
1;2025-11-07;8;1873
1;2025-11-07;9;1474
1;2025-11-07;10;1329
1;2025-11-07;11;1419
1;2025-11-07;12;1404
1;2025-11-07;13;1446
1;2025-11-07;14;1394
1;2025-11-07;15;1545
1;2025-11-07;16;1690
1;2025-11-07;17;1840
1;2025-11-07;18;1563
1;2025-11-07;19;1274
1;2025-11-07;20;818
1;2025-11-07;21;488
1;2025-11-07;22;207
1;2025-11-07;23;42
1;2025-11-08;0;4
1;2025-11-08;1;0
1;2025-11-08;2;0
1;2025-11-08;3;0
1;2025-11-08;4;0
1;2025-11-08;5;35
1;2025-11-08;6;183
1;2025-11-08;7;404
1;2025-11-08;8;554
1;2025-11-08;9;862
1;2025-11-08;10;1008
1;2025-11-08;11;895
1;2025-11-08;12;1086
1;2025-11-08;13;1203
1;2025-11-08;14;1074
1;2025-11-08;15;942
1;2025-11-08;16;871
1;2025-11-08;17;817
1;2025-11-08;18;731
1;2025-11-08;19;669
1;2025-11-08;20;479
1;2025-11-08;21;338
1;2025-11-08;22;140
1;2025-11-08;23;28
1;2025-11-09;0;0
1;2025-11-09;1;0
1;2025-11-09;2;0
1;2025-11-09;3;0
1;2025-11-09;4;0
1;2025-11-09;5;24
1;2025-11-09;6;121
1;2025-11-09;7;264
1;2025-11-09;8;370
1;2025-11-09;9;601
1;2025-11-09;10;685
1;2025-11-09;11;705
1;2025-11-09;12;795
1;2025-11-09;13;828
1;2025-11-09;14;776
1;2025-11-09;15;700
1;2025-11-09;16;633
1;2025-11-09;17;575
1;2025-11-09;18;536
1;2025-11-09;19;467
1;2025-11-09;20;341
1;2025-11-09;21;262
1;2025-11-09;22;100
1;2025-11-09;23;30
1;2025-11-10;0;2
1;2025-11-10;1;0
1;2025-11-10;2;0
1;2025-11-10;3;0
1;2025-11-10;4;9
1;2025-11-10;5;135
1;2025-11-10;6;520
1;2025-11-10;7;1600
1;2025-11-10;8;2083
1;2025-11-10;9;1542
1;2025-11-10;10;1395
1;2025-11-10;11;1374
1;2025-11-10;12;1454
1;2025-11-10;13;1492
1;2025-11-10;14;1436
1;2025-11-10;15;1550
1;2025-11-10;16;1600
1;2025-11-10;17;1885
1;2025-11-10;18;1953
1;2025-11-10;19;1487
1;2025-11-10;20;942
1;2025-11-10;21;479
1;2025-11-10;22;221
1;2025-11-10;23;40
1;2025-11-11;0;2
1;2025-11-11;1;0
1;2025-11-11;2;0
1;2025-11-11;3;0
1;2025-11-11;4;9
1;2025-11-11;5;130
1;2025-11-11;6;533
1;2025-11-11;7;1611
1;2025-11-11;8;2089
1;2025-11-11;9;1552
1;2025-11-11;10;1414
1;2025-11-11;11;1390
1;2025-11-11;12;1460
1;2025-11-11;13;1496
1;2025-11-11;14;1433
1;2025-11-11;15;1554
1;2025-11-11;16;1603
1;2025-11-11;17;1891
1;2025-11-11;18;1944
1;2025-11-11;19;1491
1;2025-11-11;20;941
1;2025-11-11;21;489
1;2025-11-11;22;223
1;2025-11-11;23;40
1;2025-11-12;0;2
1;2025-11-12;1;0
1;2025-11-12;2;0
1;2025-11-12;3;0
1;2025-11-12;4;8
1;2025-11-12;5;132
1;2025-11-12;6;536
1;2025-11-12;7;1609
1;2025-11-12;8;2090
1;2025-11-12;9;1546
1;2025-11-12;10;1416
1;2025-11-12;11;1391
1;2025-11-12;12;1456
1;2025-11-12;13;1504
1;2025-11-12;14;1437
1;2025-11-12;15;1558
1;2025-11-12;16;1608
1;2025-11-12;17;1888
1;2025-11-12;18;1944
1;2025-11-12;19;1483
1;2025-11-12;20;944
1;2025-11-12;21;490
1;2025-11-12;22;226
1;2025-11-12;23;38
1;2025-11-13;0;2
1;2025-11-13;1;0
1;2025-11-13;2;0
1;2025-11-13;3;0
1;2025-11-13;4;9
1;2025-11-13;5;131
1;2025-11-13;6;523
1;2025-11-13;7;1616
1;2025-11-13;8;2097
1;2025-11-13;9;1560
1;2025-11-13;10;1415
1;2025-11-13;11;1393
1;2025-11-13;12;1463
1;2025-11-13;13;1503
1;2025-11-13;14;1446
1;2025-11-13;15;1564
1;2025-11-13;16;1610
1;2025-11-13;17;1901
1;2025-11-13;18;1954
1;2025-11-13;19;1486
1;2025-11-13;20;950
1;2025-11-13;21;485
1;2025-11-13;22;225
1;2025-11-13;23;39
1;2025-11-14;0;4
1;2025-11-14;1;0
1;2025-11-14;2;0
1;2025-11-14;3;0
1;2025-11-14;4;8
1;2025-11-14;5;137
1;2025-11-14;6;498
1;2025-11-14;7;1534
1;2025-11-14;8;1873
1;2025-11-14;9;1474
1;2025-11-14;10;1329
1;2025-11-14;11;1419
1;2025-11-14;12;1404
1;2025-11-14;13;1446
1;2025-11-14;14;1394
1;2025-11-14;15;1545
1;2025-11-14;16;1690
1;2025-11-14;17;1840
1;2025-11-14;18;1563
1;2025-11-14;19;1274
1;2025-11-14;20;818
1;2025-11-14;21;488
1;2025-11-14;22;207
1;2025-11-14;23;42
1;2025-11-15;0;4
1;2025-11-15;1;0
1;2025-11-15;2;0
1;2025-11-15;3;0
1;2025-11-15;4;0
1;2025-11-15;5;35
1;2025-11-15;6;183
1;2025-11-15;7;404
1;2025-11-15;8;554
1;2025-11-15;9;862
1;2025-11-15;10;1008
1;2025-11-15;11;895
1;2025-11-15;12;1086
1;2025-11-15;13;1203
1;2025-11-15;14;1074
1;2025-11-15;15;942
1;2025-11-15;16;871
1;2025-11-15;17;817
1;2025-11-15;18;731
1;2025-11-15;19;669
1;2025-11-15;20;479
1;2025-11-15;21;338
1;2025-11-15;22;140
1;2025-11-15;23;28
1;2025-11-16;0;0
1;2025-11-16;1;0
1;2025-11-16;2;0
1;2025-11-16;3;0
1;2025-11-16;4;0
1;2025-11-16;5;24
1;2025-11-16;6;121
1;2025-11-16;7;264
1;2025-11-16;8;370
1;2025-11-16;9;601
1;2025-11-16;10;685
1;2025-11-16;11;705
1;2025-11-16;12;795
1;2025-11-16;13;828
1;2025-11-16;14;776
1;2025-11-16;15;700
1;2025-11-16;16;633
1;2025-11-16;17;575
1;2025-11-16;18;536
1;2025-11-16;19;467
1;2025-11-16;20;341
1;2025-11-16;21;262
1;2025-11-16;22;100
1;2025-11-16;23;30
1;2025-11-17;0;2
1;2025-11-17;1;0
1;2025-11-17;2;0
1;2025-11-17;3;0
1;2025-11-17;4;9
1;2025-11-17;5;135
1;2025-11-17;6;520
1;2025-11-17;7;1600
1;2025-11-17;8;2083
1;2025-11-17;9;1542
1;2025-11-17;10;1395
1;2025-11-17;11;1374
1;2025-11-17;12;1454
1;2025-11-17;13;1492
1;2025-11-17;14;1436
1;2025-11-17;15;1550
1;2025-11-17;16;1600
1;2025-11-17;17;1885
1;2025-11-17;18;1953
1;2025-11-17;19;1487
1;2025-11-17;20;942
1;2025-11-17;21;479
1;2025-11-17;22;221
1;2025-11-17;23;40
1;2025-11-18;0;2
1;2025-11-18;1;0
1;2025-11-18;2;0
1;2025-11-18;3;0
1;2025-11-18;4;9
1;2025-11-18;5;130
1;2025-11-18;6;533
1;2025-11-18;7;1609
1;2025-11-18;8;1761
1;2025-11-18;9;1325
1;2025-11-18;10;1209
1;2025-11-18;11;1389
1;2025-11-18;12;1459
1;2025-11-18;13;1495
1;2025-11-18;14;1432
1;2025-11-18;15;1553
1;2025-11-18;16;1601
1;2025-11-18;17;1884
1;2025-11-18;18;1942
1;2025-11-18;19;1489
1;2025-11-18;20;941
1;2025-11-18;21;492
1;2025-11-18;22;223
1;2025-11-18;23;40
1;2025-11-19;0;2
1;2025-11-19;1;0
1;2025-11-19;2;0
1;2025-11-19;3;0
1;2025-11-19;4;8
1;2025-11-19;5;132
1;2025-11-19;6;536
1;2025-11-19;7;1609
1;2025-11-19;8;2090
1;2025-11-19;9;1546
1;2025-11-19;10;1416
1;2025-11-19;11;1391
1;2025-11-19;12;1456
1;2025-11-19;13;1504
1;2025-11-19;14;1437
1;2025-11-19;15;1558
1;2025-11-19;16;1608
1;2025-11-19;17;1888
1;2025-11-19;18;1944
1;2025-11-19;19;1483
1;2025-11-19;20;944
1;2025-11-19;21;490
1;2025-11-19;22;226
1;2025-11-19;23;38
1;2025-11-20;0;2
1;2025-11-20;1;0
1;2025-11-20;2;0
1;2025-11-20;3;0
1;2025-11-20;4;9
1;2025-11-20;5;131
1;2025-11-20;6;523
1;2025-11-20;7;1616
1;2025-11-20;8;2097
1;2025-11-20;9;1560
1;2025-11-20;10;1415
1;2025-11-20;11;1393
1;2025-11-20;12;1463
1;2025-11-20;13;1503
1;2025-11-20;14;1446
1;2025-11-20;15;1564
1;2025-11-20;16;1610
1;2025-11-20;17;1901
1;2025-11-20;18;1954
1;2025-11-20;19;1486
1;2025-11-20;20;950
1;2025-11-20;21;485
1;2025-11-20;22;225
1;2025-11-20;23;39
1;2025-11-21;0;4
1;2025-11-21;1;0
1;2025-11-21;2;0
1;2025-11-21;3;0
1;2025-11-21;4;8
1;2025-11-21;5;137
1;2025-11-21;6;498
1;2025-11-21;7;1534
1;2025-11-21;8;1873
1;2025-11-21;9;1474
1;2025-11-21;10;1329
1;2025-11-21;11;1419
1;2025-11-21;12;1404
1;2025-11-21;13;1446
1;2025-11-21;14;1394
1;2025-11-21;15;1545
1;2025-11-21;16;1690
1;2025-11-21;17;1840
1;2025-11-21;18;1563
1;2025-11-21;19;1274
1;2025-11-21;20;818
1;2025-11-21;21;488
1;2025-11-21;22;207
1;2025-11-21;23;42
1;2025-11-22;0;4
1;2025-11-22;1;0
1;2025-11-22;2;0
1;2025-11-22;3;0
1;2025-11-22;4;0
1;2025-11-22;5;35
1;2025-11-22;6;192
1;2025-11-22;7;412
1;2025-11-22;8;563
1;2025-11-22;9;876
1;2025-11-22;10;1018
1;2025-11-22;11;895
1;2025-11-22;12;1093
1;2025-11-22;13;1217
1;2025-11-22;14;1088
1;2025-11-22;15;949
1;2025-11-22;16;885
1;2025-11-22;17;825
1;2025-11-22;18;743
1;2025-11-22;19;674
1;2025-11-22;20;487
1;2025-11-22;21;350
1;2025-11-22;22;145
1;2025-11-22;23;30
1;2025-11-23;0;0
1;2025-11-23;1;0
1;2025-11-23;2;0
1;2025-11-23;3;0
1;2025-11-23;4;0
1;2025-11-23;5;25
1;2025-11-23;6;125
1;2025-11-23;7;269
1;2025-11-23;8;377
1;2025-11-23;9;609
1;2025-11-23;10;696
1;2025-11-23;11;700
1;2025-11-23;12;808
1;2025-11-23;13;842
1;2025-11-23;14;767
1;2025-11-23;15;704
1;2025-11-23;16;643
1;2025-11-23;17;584
1;2025-11-23;18;547
1;2025-11-23;19;475
1;2025-11-23;20;347
1;2025-11-23;21;261
1;2025-11-23;22;103
1;2025-11-23;23;30
1;2025-11-24;0;2
1;2025-11-24;1;0
1;2025-11-24;2;0
1;2025-11-24;3;0
1;2025-11-24;4;9
1;2025-11-24;5;135
1;2025-11-24;6;530
1;2025-11-24;7;1610
1;2025-11-24;8;2080
1;2025-11-24;9;1536
1;2025-11-24;10;1391
1;2025-11-24;11;1368
1;2025-11-24;12;1440
1;2025-11-24;13;1480
1;2025-11-24;14;1420
1;2025-11-24;15;1543
1;2025-11-24;16;1593
1;2025-11-24;17;1875
1;2025-11-24;18;1945
1;2025-11-24;19;1487
1;2025-11-24;20;942
1;2025-11-24;21;486
1;2025-11-24;22;227
1;2025-11-24;23;39
1;2025-11-25;0;2
1;2025-11-25;1;0
1;2025-11-25;2;0
1;2025-11-25;3;0
1;2025-11-25;4;9
1;2025-11-25;5;133
1;2025-11-25;6;534
1;2025-11-25;7;1614
1;2025-11-25;8;2082
1;2025-11-25;9;1539
1;2025-11-25;10;1398
1;2025-11-25;11;1374
1;2025-11-25;12;1442
1;2025-11-25;13;1482
1;2025-11-25;14;1420
1;2025-11-25;15;1544
1;2025-11-25;16;1594
1;2025-11-25;17;1877
1;2025-11-25;18;1942
1;2025-11-25;19;1488
1;2025-11-25;20;941
1;2025-11-25;21;489
1;2025-11-25;22;228
1;2025-11-25;23;39
1;2025-11-26;0;2
1;2025-11-26;1;0
1;2025-11-26;2;0
1;2025-11-26;3;0
1;2025-11-26;4;9
1;2025-11-26;5;134
1;2025-11-26;6;535
1;2025-11-26;7;1613
1;2025-11-26;8;2083
1;2025-11-26;9;1537
1;2025-11-26;10;1398
1;2025-11-26;11;1374
1;2025-11-26;12;1440
1;2025-11-26;13;1485
1;2025-11-26;14;1421
1;2025-11-26;15;1546
1;2025-11-26;16;1596
1;2025-11-26;17;1875
1;2025-11-26;18;1942
1;2025-11-26;19;1486
1;2025-11-26;20;942
1;2025-11-26;21;489
1;2025-11-26;22;229
1;2025-11-26;23;39
1;2025-11-27;0;2
1;2025-11-27;1;0
1;2025-11-27;2;0
1;2025-11-27;3;0
1;2025-11-27;4;9
1;2025-11-27;5;133
1;2025-11-27;6;531
1;2025-11-27;7;1615
1;2025-11-27;8;2085
1;2025-11-27;9;1542
1;2025-11-27;10;1398
1;2025-11-27;11;1375
1;2025-11-27;12;1443
1;2025-11-27;13;1484
1;2025-11-27;14;1424
1;2025-11-27;15;1548
1;2025-11-27;16;1596
1;2025-11-27;17;1880
1;2025-11-27;18;1945
1;2025-11-27;19;1487
1;2025-11-27;20;944
1;2025-11-27;21;488
1;2025-11-27;22;228
1;2025-11-27;23;39
1;2025-11-28;0;4
1;2025-11-28;1;0
1;2025-11-28;2;0
1;2025-11-28;3;0
1;2025-11-28;4;8
1;2025-11-28;5;139
1;2025-11-28;6;507
1;2025-11-28;7;1547
1;2025-11-28;8;1886
1;2025-11-28;9;1474
1;2025-11-28;10;1329
1;2025-11-28;11;1416
1;2025-11-28;12;1400
1;2025-11-28;13;1440
1;2025-11-28;14;1393
1;2025-11-28;15;1550
1;2025-11-28;16;1692
1;2025-11-28;17;1847
1;2025-11-28;18;1576
1;2025-11-28;19;1279
1;2025-11-28;20;821
1;2025-11-28;21;491
1;2025-11-28;22;213
1;2025-11-28;23;42
1;2025-11-29;0;4
1;2025-11-29;1;0
1;2025-11-29;2;0
1;2025-11-29;3;0
1;2025-11-29;4;0
1;2025-11-29;5;35
1;2025-11-29;6;192
1;2025-11-29;7;412
1;2025-11-29;8;563
1;2025-11-29;9;876
1;2025-11-29;10;1018
1;2025-11-29;11;895
1;2025-11-29;12;1093
1;2025-11-29;13;1217
1;2025-11-29;14;1088
1;2025-11-29;15;949
1;2025-11-29;16;885
1;2025-11-29;17;825
1;2025-11-29;18;743
1;2025-11-29;19;674
1;2025-11-29;20;487
1;2025-11-29;21;350
1;2025-11-29;22;145
1;2025-11-29;23;30
1;2025-11-30;0;0
1;2025-11-30;1;0
1;2025-11-30;2;0
1;2025-11-30;3;0
1;2025-11-30;4;0
1;2025-11-30;5;25
1;2025-11-30;6;125
1;2025-11-30;7;269
1;2025-11-30;8;377
1;2025-11-30;9;609
1;2025-11-30;10;696
1;2025-11-30;11;700
1;2025-11-30;12;808
1;2025-11-30;13;842
1;2025-11-30;14;767
1;2025-11-30;15;704
1;2025-11-30;16;643
1;2025-11-30;17;584
1;2025-11-30;18;547
1;2025-11-30;19;475
1;2025-11-30;20;347
1;2025-11-30;21;261
1;2025-11-30;22;103
1;2025-11-30;23;30
1;2025-12-01;0;2
1;2025-12-01;1;0
1;2025-12-01;2;0
1;2025-12-01;3;0
1;2025-12-01;4;9
1;2025-12-01;5;132
1;2025-12-01;6;520
1;2025-12-01;7;1578
1;2025-12-01;8;2039
1;2025-12-01;9;1505
1;2025-12-01;10;1363
1;2025-12-01;11;1341
1;2025-12-01;12;1411
1;2025-12-01;13;1451
1;2025-12-01;14;1392
1;2025-12-01;15;1512
1;2025-12-01;16;1561
1;2025-12-01;17;1837
1;2025-12-01;18;1906
1;2025-12-01;19;1457
1;2025-12-01;20;923
1;2025-12-01;21;476
1;2025-12-01;22;222
1;2025-12-01;23;39
1;2025-12-02;0;2
1;2025-12-02;1;0
1;2025-12-02;2;0
1;2025-12-02;3;0
1;2025-12-02;4;9
1;2025-12-02;5;130
1;2025-12-02;6;524
1;2025-12-02;7;1581
1;2025-12-02;8;2041
1;2025-12-02;9;1508
1;2025-12-02;10;1370
1;2025-12-02;11;1346
1;2025-12-02;12;1413
1;2025-12-02;13;1452
1;2025-12-02;14;1391
1;2025-12-02;15;1514
1;2025-12-02;16;1562
1;2025-12-02;17;1839
1;2025-12-02;18;1903
1;2025-12-02;19;1459
1;2025-12-02;20;922
1;2025-12-02;21;479
1;2025-12-02;22;223
1;2025-12-02;23;39
1;2025-12-03;0;2
1;2025-12-03;1;0
1;2025-12-03;2;0
1;2025-12-03;3;0
1;2025-12-03;4;8
1;2025-12-03;5;131
1;2025-12-03;6;525
1;2025-12-03;7;1581
1;2025-12-03;8;2041
1;2025-12-03;9;1506
1;2025-12-03;10;1370
1;2025-12-03;11;1346
1;2025-12-03;12;1412
1;2025-12-03;13;1455
1;2025-12-03;14;1392
1;2025-12-03;15;1515
1;2025-12-03;16;1564
1;2025-12-03;17;1838
1;2025-12-03;18;1903
1;2025-12-03;19;1456
1;2025-12-03;20;923
1;2025-12-03;21;480
1;2025-12-03;22;224
1;2025-12-03;23;38
1;2025-12-04;0;2
1;2025-12-04;1;0
1;2025-12-04;2;0
1;2025-12-04;3;0
1;2025-12-04;4;9
1;2025-12-04;5;130
1;2025-12-04;6;521
1;2025-12-04;7;1583
1;2025-12-04;8;2043
1;2025-12-04;9;1511
1;2025-12-04;10;1370
1;2025-12-04;11;1347
1;2025-12-04;12;1414
1;2025-12-04;13;1454
1;2025-12-04;14;1395
1;2025-12-04;15;1517
1;2025-12-04;16;1564
1;2025-12-04;17;1842
1;2025-12-04;18;1906
1;2025-12-04;19;1457
1;2025-12-04;20;926
1;2025-12-04;21;478
1;2025-12-04;22;224
1;2025-12-04;23;38
1;2025-12-05;0;4
1;2025-12-05;1;0
1;2025-12-05;2;0
1;2025-12-05;3;0
1;2025-12-05;4;8
1;2025-12-05;5;136
1;2025-12-05;6;497
1;2025-12-05;7;1516
1;2025-12-05;8;1848
1;2025-12-05;9;1444
1;2025-12-05;10;1302
1;2025-12-05;11;1387
1;2025-12-05;12;1372
1;2025-12-05;13;1412
1;2025-12-05;14;1365
1;2025-12-05;15;1519
1;2025-12-05;16;1658
1;2025-12-05;17;1810
1;2025-12-05;18;1544
1;2025-12-05;19;1253
1;2025-12-05;20;805
1;2025-12-05;21;481
1;2025-12-05;22;209
1;2025-12-05;23;42
1;2025-12-06;0;4
1;2025-12-06;1;0
1;2025-12-06;2;0
1;2025-12-06;3;0
1;2025-12-06;4;0
1;2025-12-06;5;34
1;2025-12-06;6;188
1;2025-12-06;7;404
1;2025-12-06;8;552
1;2025-12-06;9;858
1;2025-12-06;10;997
1;2025-12-06;11;877
1;2025-12-06;12;1071
1;2025-12-06;13;1193
1;2025-12-06;14;1066
1;2025-12-06;15;930
1;2025-12-06;16;868
1;2025-12-06;17;809
1;2025-12-06;18;728
1;2025-12-06;19;661
1;2025-12-06;20;478
1;2025-12-06;21;343
1;2025-12-06;22;142
1;2025-12-06;23;29
1;2025-12-07;0;0
1;2025-12-07;1;0
1;2025-12-07;2;0
1;2025-12-07;3;0
1;2025-12-07;4;0
1;2025-12-07;5;24
1;2025-12-07;6;123
1;2025-12-07;7;264
1;2025-12-07;8;369
1;2025-12-07;9;596
1;2025-12-07;10;682
1;2025-12-07;11;686
1;2025-12-07;12;792
1;2025-12-07;13;825
1;2025-12-07;14;752
1;2025-12-07;15;690
1;2025-12-07;16;630
1;2025-12-07;17;572
1;2025-12-07;18;536
1;2025-12-07;19;465
1;2025-12-07;20;340
1;2025-12-07;21;256
1;2025-12-07;22;101
1;2025-12-07;23;29
1;2025-12-08;0;2
1;2025-12-08;1;0
1;2025-12-08;2;0
1;2025-12-08;3;0
1;2025-12-08;4;9
1;2025-12-08;5;132
1;2025-12-08;6;520
1;2025-12-08;7;1578
1;2025-12-08;8;2039
1;2025-12-08;9;1505
1;2025-12-08;10;1363
1;2025-12-08;11;1341
1;2025-12-08;12;1411
1;2025-12-08;13;1451
1;2025-12-08;14;1392
1;2025-12-08;15;1512
1;2025-12-08;16;1561
1;2025-12-08;17;1837
1;2025-12-08;18;1906
1;2025-12-08;19;1457
1;2025-12-08;20;923
1;2025-12-08;21;476
1;2025-12-08;22;222
1;2025-12-08;23;39
1;2025-12-09;0;2
1;2025-12-09;1;0
1;2025-12-09;2;0
1;2025-12-09;3;0
1;2025-12-09;4;9
1;2025-12-09;5;130
1;2025-12-09;6;524
1;2025-12-09;7;1581
1;2025-12-09;8;2041
1;2025-12-09;9;1508
1;2025-12-09;10;1370
1;2025-12-09;11;1346
1;2025-12-09;12;1413
1;2025-12-09;13;1452
1;2025-12-09;14;1391
1;2025-12-09;15;1514
1;2025-12-09;16;1562
1;2025-12-09;17;1839
1;2025-12-09;18;1903
1;2025-12-09;19;1459
1;2025-12-09;20;922
1;2025-12-09;21;479
1;2025-12-09;22;223
1;2025-12-09;23;39
1;2025-12-10;0;2
1;2025-12-10;1;0
1;2025-12-10;2;0
1;2025-12-10;3;0
1;2025-12-10;4;8
1;2025-12-10;5;131
1;2025-12-10;6;525
1;2025-12-10;7;1581
1;2025-12-10;8;2041
1;2025-12-10;9;1506
1;2025-12-10;10;1370
1;2025-12-10;11;1346
1;2025-12-10;12;1412
1;2025-12-10;13;1455
1;2025-12-10;14;1392
1;2025-12-10;15;1515
1;2025-12-10;16;1564
1;2025-12-10;17;1838
1;2025-12-10;18;1903
1;2025-12-10;19;1456
1;2025-12-10;20;923
1;2025-12-10;21;480
1;2025-12-10;22;224
1;2025-12-10;23;38
1;2025-12-11;0;2
1;2025-12-11;1;0
1;2025-12-11;2;0
1;2025-12-11;3;0
1;2025-12-11;4;9
1;2025-12-11;5;130
1;2025-12-11;6;521
1;2025-12-11;7;1583
1;2025-12-11;8;2043
1;2025-12-11;9;1511
1;2025-12-11;10;1370
1;2025-12-11;11;1347
1;2025-12-11;12;1414
1;2025-12-11;13;1454
1;2025-12-11;14;1395
1;2025-12-11;15;1517
1;2025-12-11;16;1564
1;2025-12-11;17;1842
1;2025-12-11;18;1906
1;2025-12-11;19;1457
1;2025-12-11;20;926
1;2025-12-11;21;478
1;2025-12-11;22;224
1;2025-12-11;23;38
1;2025-12-12;0;4
1;2025-12-12;1;0
1;2025-12-12;2;0
1;2025-12-12;3;0
1;2025-12-12;4;8
1;2025-12-12;5;136
1;2025-12-12;6;497
1;2025-12-12;7;1516
1;2025-12-12;8;1848
1;2025-12-12;9;1444
1;2025-12-12;10;1302
1;2025-12-12;11;1387
1;2025-12-12;12;1372
1;2025-12-12;13;1412
1;2025-12-12;14;1365
1;2025-12-12;15;1519
1;2025-12-12;16;1658
1;2025-12-12;17;1810
1;2025-12-12;18;1544
1;2025-12-12;19;1253
1;2025-12-12;20;805
1;2025-12-12;21;481
1;2025-12-12;22;209
1;2025-12-12;23;42
1;2025-12-13;0;4
1;2025-12-13;1;0
1;2025-12-13;2;0
1;2025-12-13;3;0
1;2025-12-13;4;0
1;2025-12-13;5;34
1;2025-12-13;6;188
1;2025-12-13;7;404
1;2025-12-13;8;552
1;2025-12-13;9;858
1;2025-12-13;10;997
1;2025-12-13;11;877
1;2025-12-13;12;1071
1;2025-12-13;13;1193
1;2025-12-13;14;1066
1;2025-12-13;15;930
1;2025-12-13;16;868
1;2025-12-13;17;809
1;2025-12-13;18;728
1;2025-12-13;19;661
1;2025-12-13;20;478
1;2025-12-13;21;343
1;2025-12-13;22;142
1;2025-12-13;23;29
1;2025-12-14;0;0
1;2025-12-14;1;0
1;2025-12-14;2;0
1;2025-12-14;3;0
1;2025-12-14;4;0
1;2025-12-14;5;24
1;2025-12-14;6;123
1;2025-12-14;7;264
1;2025-12-14;8;369
1;2025-12-14;9;596
1;2025-12-14;10;682
1;2025-12-14;11;686
1;2025-12-14;12;792
1;2025-12-14;13;825
1;2025-12-14;14;752
1;2025-12-14;15;690
1;2025-12-14;16;630
1;2025-12-14;17;572
1;2025-12-14;18;536
1;2025-12-14;19;465
1;2025-12-14;20;340
1;2025-12-14;21;256
1;2025-12-14;22;101
1;2025-12-14;23;29
1;2025-12-15;0;2
1;2025-12-15;1;0
1;2025-12-15;2;0
1;2025-12-15;3;0
1;2025-12-15;4;9
1;2025-12-15;5;132
1;2025-12-15;6;520
1;2025-12-15;7;1578
1;2025-12-15;8;2039
1;2025-12-15;9;1505
1;2025-12-15;10;1363
1;2025-12-15;11;1341
1;2025-12-15;12;1411
1;2025-12-15;13;1451
1;2025-12-15;14;1392
1;2025-12-15;15;1512
1;2025-12-15;16;1561
1;2025-12-15;17;1837
1;2025-12-15;18;1906
1;2025-12-15;19;1457
1;2025-12-15;20;923
1;2025-12-15;21;476
1;2025-12-15;22;222
1;2025-12-15;23;39
1;2025-12-16;0;2
1;2025-12-16;1;0
1;2025-12-16;2;0
1;2025-12-16;3;0
1;2025-12-16;4;9
1;2025-12-16;5;130
1;2025-12-16;6;524
1;2025-12-16;7;1581
1;2025-12-16;8;2041
1;2025-12-16;9;1508
1;2025-12-16;10;1370
1;2025-12-16;11;1346
1;2025-12-16;12;1413
1;2025-12-16;13;1452
1;2025-12-16;14;1391
1;2025-12-16;15;1514
1;2025-12-16;16;1562
1;2025-12-16;17;1839
1;2025-12-16;18;1903
1;2025-12-16;19;1459
1;2025-12-16;20;922
1;2025-12-16;21;479
1;2025-12-16;22;223
1;2025-12-16;23;39
1;2025-12-17;0;2
1;2025-12-17;1;0
1;2025-12-17;2;0
1;2025-12-17;3;0
1;2025-12-17;4;8
1;2025-12-17;5;131
1;2025-12-17;6;525
1;2025-12-17;7;1581
1;2025-12-17;8;2041
1;2025-12-17;9;1506
1;2025-12-17;10;1370
1;2025-12-17;11;1346
1;2025-12-17;12;1412
1;2025-12-17;13;1455
1;2025-12-17;14;1392
1;2025-12-17;15;1515
1;2025-12-17;16;1564
1;2025-12-17;17;1838
1;2025-12-17;18;1903
1;2025-12-17;19;1456
1;2025-12-17;20;923
1;2025-12-17;21;480
1;2025-12-17;22;224
1;2025-12-17;23;38
1;2025-12-18;0;2
1;2025-12-18;1;0
1;2025-12-18;2;0
1;2025-12-18;3;0
1;2025-12-18;4;9
1;2025-12-18;5;130
1;2025-12-18;6;521
1;2025-12-18;7;1583
1;2025-12-18;8;2043
1;2025-12-18;9;1511
1;2025-12-18;10;1370
1;2025-12-18;11;1347
1;2025-12-18;12;1414
1;2025-12-18;13;1454
1;2025-12-18;14;1395
1;2025-12-18;15;1517
1;2025-12-18;16;1564
1;2025-12-18;17;1842
1;2025-12-18;18;1906
1;2025-12-18;19;1457
1;2025-12-18;20;926
1;2025-12-18;21;478
1;2025-12-18;22;224
1;2025-12-18;23;38
1;2025-12-19;0;4
1;2025-12-19;1;0
1;2025-12-19;2;0
1;2025-12-19;3;0
1;2025-12-19;4;8
1;2025-12-19;5;136
1;2025-12-19;6;497
1;2025-12-19;7;1516
1;2025-12-19;8;1848
1;2025-12-19;9;1444
1;2025-12-19;10;1302
1;2025-12-19;11;1387
1;2025-12-19;12;1372
1;2025-12-19;13;1412
1;2025-12-19;14;1365
1;2025-12-19;15;1519
1;2025-12-19;16;1658
1;2025-12-19;17;1810
1;2025-12-19;18;1544
1;2025-12-19;19;1253
1;2025-12-19;20;805
1;2025-12-19;21;481
1;2025-12-19;22;209
1;2025-12-19;23;42
1;2025-12-20;0;4
1;2025-12-20;1;0
1;2025-12-20;2;0
1;2025-12-20;3;0
1;2025-12-20;4;0
1;2025-12-20;5;34
1;2025-12-20;6;188
1;2025-12-20;7;404
1;2025-12-20;8;552
1;2025-12-20;9;858
1;2025-12-20;10;997
1;2025-12-20;11;877
1;2025-12-20;12;1071
1;2025-12-20;13;1193
1;2025-12-20;14;1066
1;2025-12-20;15;930
1;2025-12-20;16;868
1;2025-12-20;17;809
1;2025-12-20;18;728
1;2025-12-20;19;661
1;2025-12-20;20;478
1;2025-12-20;21;343
1;2025-12-20;22;142
1;2025-12-20;23;29
1;2025-12-21;0;0
1;2025-12-21;1;0
1;2025-12-21;2;0
1;2025-12-21;3;0
1;2025-12-21;4;0
1;2025-12-21;5;24
1;2025-12-21;6;123
1;2025-12-21;7;264
1;2025-12-21;8;369
1;2025-12-21;9;596
1;2025-12-21;10;682
1;2025-12-21;11;686
1;2025-12-21;12;792
1;2025-12-21;13;825
1;2025-12-21;14;752
1;2025-12-21;15;690
1;2025-12-21;16;630
1;2025-12-21;17;572
1;2025-12-21;18;536
1;2025-12-21;19;465
1;2025-12-21;20;340
1;2025-12-21;21;256
1;2025-12-21;22;101
1;2025-12-21;23;29
1;2025-12-22;0;2
1;2025-12-22;1;0
1;2025-12-22;2;0
1;2025-12-22;3;0
1;2025-12-22;4;9
1;2025-12-22;5;132
1;2025-12-22;6;520
1;2025-12-22;7;1578
1;2025-12-22;8;2039
1;2025-12-22;9;1505
1;2025-12-22;10;1363
1;2025-12-22;11;1341
1;2025-12-22;12;1411
1;2025-12-22;13;1451
1;2025-12-22;14;1392
1;2025-12-22;15;1512
1;2025-12-22;16;1561
1;2025-12-22;17;1837
1;2025-12-22;18;1906
1;2025-12-22;19;1457
1;2025-12-22;20;923
1;2025-12-22;21;476
1;2025-12-22;22;222
1;2025-12-22;23;39
1;2025-12-23;0;2
1;2025-12-23;1;0
1;2025-12-23;2;0
1;2025-12-23;3;0
1;2025-12-23;4;9
1;2025-12-23;5;130
1;2025-12-23;6;524
1;2025-12-23;7;1581
1;2025-12-23;8;2041
1;2025-12-23;9;1508
1;2025-12-23;10;1370
1;2025-12-23;11;1346
1;2025-12-23;12;1413
1;2025-12-23;13;1452
1;2025-12-23;14;1391
1;2025-12-23;15;1514
1;2025-12-23;16;1562
1;2025-12-23;17;1839
1;2025-12-23;18;1903
1;2025-12-23;19;1459
1;2025-12-23;20;922
1;2025-12-23;21;479
1;2025-12-23;22;223
1;2025-12-23;23;39
1;2025-12-24;0;2
1;2025-12-24;1;0
1;2025-12-24;2;0
1;2025-12-24;3;0
1;2025-12-24;4;8
1;2025-12-24;5;131
1;2025-12-24;6;525
1;2025-12-24;7;1581
1;2025-12-24;8;2041
1;2025-12-24;9;1506
1;2025-12-24;10;1370
1;2025-12-24;11;1346
1;2025-12-24;12;1412
1;2025-12-24;13;1455
1;2025-12-24;14;1392
1;2025-12-24;15;1515
1;2025-12-24;16;1564
1;2025-12-24;17;1838
1;2025-12-24;18;1903
1;2025-12-24;19;1456
1;2025-12-24;20;923
1;2025-12-24;21;480
1;2025-12-24;22;224
1;2025-12-24;23;38
1;2025-12-25;0;2
1;2025-12-25;1;0
1;2025-12-25;2;0
1;2025-12-25;3;0
1;2025-12-25;4;9
1;2025-12-25;5;130
1;2025-12-25;6;521
1;2025-12-25;7;1583
1;2025-12-25;8;2043
1;2025-12-25;9;1511
1;2025-12-25;10;1370
1;2025-12-25;11;1347
1;2025-12-25;12;1414
1;2025-12-25;13;1454
1;2025-12-25;14;1395
1;2025-12-25;15;1517
1;2025-12-25;16;1564
1;2025-12-25;17;1842
1;2025-12-25;18;1906
1;2025-12-25;19;1457
1;2025-12-25;20;926
1;2025-12-25;21;478
1;2025-12-25;22;224
1;2025-12-25;23;38
1;2025-12-26;0;4
1;2025-12-26;1;0
1;2025-12-26;2;0
1;2025-12-26;3;0
1;2025-12-26;4;8
1;2025-12-26;5;136
1;2025-12-26;6;497
1;2025-12-26;7;1516
1;2025-12-26;8;1848
1;2025-12-26;9;1444
1;2025-12-26;10;1302
1;2025-12-26;11;1387
1;2025-12-26;12;1372
1;2025-12-26;13;1412
1;2025-12-26;14;1365
1;2025-12-26;15;1519
1;2025-12-26;16;1658
1;2025-12-26;17;1810
1;2025-12-26;18;1544
1;2025-12-26;19;1253
1;2025-12-26;20;805
1;2025-12-26;21;481
1;2025-12-26;22;209
1;2025-12-26;23;42
1;2025-12-27;0;4
1;2025-12-27;1;0
1;2025-12-27;2;0
1;2025-12-27;3;0
1;2025-12-27;4;0
1;2025-12-27;5;34
1;2025-12-27;6;188
1;2025-12-27;7;404
1;2025-12-27;8;552
1;2025-12-27;9;858
1;2025-12-27;10;997
1;2025-12-27;11;877
1;2025-12-27;12;1071
1;2025-12-27;13;1193
1;2025-12-27;14;1066
1;2025-12-27;15;930
1;2025-12-27;16;868
1;2025-12-27;17;809
1;2025-12-27;18;728
1;2025-12-27;19;661
1;2025-12-27;20;478
1;2025-12-27;21;343
1;2025-12-27;22;142
1;2025-12-27;23;29
1;2025-12-28;0;0
1;2025-12-28;1;0
1;2025-12-28;2;0
1;2025-12-28;3;0
1;2025-12-28;4;0
1;2025-12-28;5;24
1;2025-12-28;6;123
1;2025-12-28;7;264
1;2025-12-28;8;369
1;2025-12-28;9;596
1;2025-12-28;10;682
1;2025-12-28;11;686
1;2025-12-28;12;792
1;2025-12-28;13;825
1;2025-12-28;14;752
1;2025-12-28;15;690
1;2025-12-28;16;630
1;2025-12-28;17;572
1;2025-12-28;18;536
1;2025-12-28;19;465
1;2025-12-28;20;340
1;2025-12-28;21;256
1;2025-12-28;22;101
1;2025-12-28;23;29
1;2025-12-29;0;2
1;2025-12-29;1;0
1;2025-12-29;2;0
1;2025-12-29;3;0
1;2025-12-29;4;8
1;2025-12-29;5;119
1;2025-12-29;6;467
1;2025-12-29;7;1417
1;2025-12-29;8;1831
1;2025-12-29;9;1352
1;2025-12-29;10;1224
1;2025-12-29;11;1204
1;2025-12-29;12;1267
1;2025-12-29;13;1303
1;2025-12-29;14;1250
1;2025-12-29;15;1358
1;2025-12-29;16;1402
1;2025-12-29;17;1650
1;2025-12-29;18;1711
1;2025-12-29;19;1309
1;2025-12-29;20;829
1;2025-12-29;21;428
1;2025-12-29;22;200
1;2025-12-29;23;35
1;2025-12-30;0;2
1;2025-12-30;1;0
1;2025-12-30;2;0
1;2025-12-30;3;0
1;2025-12-30;4;8
1;2025-12-30;5;117
1;2025-12-30;6;470
1;2025-12-30;7;1420
1;2025-12-30;8;1833
1;2025-12-30;9;1354
1;2025-12-30;10;1230
1;2025-12-30;11;1209
1;2025-12-30;12;1269
1;2025-12-30;13;1304
1;2025-12-30;14;1249
1;2025-12-30;15;1359
1;2025-12-30;16;1403
1;2025-12-30;17;1652
1;2025-12-30;18;1709
1;2025-12-30;19;1310
1;2025-12-30;20;828
1;2025-12-30;21;431
1;2025-12-30;22;200
1;2025-12-30;23;35
1;2025-12-31;0;0
1;2025-12-31;1;0
1;2025-12-31;2;0
1;2025-12-31;3;0
1;2025-12-31;4;0
1;2025-12-31;5;25
1;2025-12-31;6;125
1;2025-12-31;7;268
1;2025-12-31;8;373
1;2025-12-31;9;585
1;2025-12-31;10;668
1;2025-12-31;11;665
1;2025-12-31;12;776
1;2025-12-31;13;808
1;2025-12-31;14;728
1;2025-12-31;15;673
1;2025-12-31;16;617
1;2025-12-31;17;567
1;2025-12-31;18;537
1;2025-12-31;19;469
1;2025-12-31;20;344
1;2025-12-31;21;257
1;2025-12-31;22;103
1;2025-12-31;23;30
5;2025-11-01;0;0
5;2025-11-01;1;0
5;2025-11-01;2;0
5;2025-11-01;3;0
5;2025-11-01;4;0
5;2025-11-01;5;0
5;2025-11-01;6;0
5;2025-11-01;7;0
5;2025-11-01;8;0
5;2025-11-01;9;0
5;2025-11-01;10;0
5;2025-11-01;11;0
5;2025-11-01;12;0
5;2025-11-01;13;0
5;2025-11-01;14;0
5;2025-11-01;15;0
5;2025-11-01;16;0
5;2025-11-01;17;0
5;2025-11-01;18;0
5;2025-11-01;19;0
5;2025-11-01;20;0
5;2025-11-01;21;0
5;2025-11-01;22;0
5;2025-11-01;23;0
5;2025-11-02;0;0
5;2025-11-02;1;0
5;2025-11-02;2;0
5;2025-11-02;3;0
5;2025-11-02;4;0
5;2025-11-02;5;0
5;2025-11-02;6;0
5;2025-11-02;7;0
5;2025-11-02;8;0
5;2025-11-02;9;0
5;2025-11-02;10;0
5;2025-11-02;11;0
5;2025-11-02;12;0
5;2025-11-02;13;0
5;2025-11-02;14;0
5;2025-11-02;15;0
5;2025-11-02;16;0
5;2025-11-02;17;0
5;2025-11-02;18;0
5;2025-11-02;19;0
5;2025-11-02;20;0
5;2025-11-02;21;0
5;2025-11-02;22;0
5;2025-11-02;23;0
5;2025-11-03;0;0
5;2025-11-03;1;0
5;2025-11-03;2;0
5;2025-11-03;3;0
5;2025-11-03;4;0
5;2025-11-03;5;0
5;2025-11-03;6;0
5;2025-11-03;7;0
5;2025-11-03;8;0
5;2025-11-03;9;0
5;2025-11-03;10;0
5;2025-11-03;11;0
5;2025-11-03;12;0
5;2025-11-03;13;0
5;2025-11-03;14;0
5;2025-11-03;15;0
5;2025-11-03;16;0
5;2025-11-03;17;0
5;2025-11-03;18;0
5;2025-11-03;19;0
5;2025-11-03;20;0
5;2025-11-03;21;0
5;2025-11-03;22;0
5;2025-11-03;23;0
5;2025-11-04;0;0
5;2025-11-04;1;0
5;2025-11-04;2;0
5;2025-11-04;3;0
5;2025-11-04;4;0
5;2025-11-04;5;0
5;2025-11-04;6;0
5;2025-11-04;7;0
5;2025-11-04;8;0
5;2025-11-04;9;0
5;2025-11-04;10;0
5;2025-11-04;11;0
5;2025-11-04;12;0
5;2025-11-04;13;0
5;2025-11-04;14;0
5;2025-11-04;15;0
5;2025-11-04;16;0
5;2025-11-04;17;0
5;2025-11-04;18;0
5;2025-11-04;19;0
5;2025-11-04;20;0
5;2025-11-04;21;0
5;2025-11-04;22;0
5;2025-11-04;23;0
5;2025-11-05;0;0
5;2025-11-05;1;0
5;2025-11-05;2;0
5;2025-11-05;3;0
5;2025-11-05;4;0
5;2025-11-05;5;0
5;2025-11-05;6;0
5;2025-11-05;7;0
5;2025-11-05;8;0
5;2025-11-05;9;0
5;2025-11-05;10;0
5;2025-11-05;11;0
5;2025-11-05;12;0
5;2025-11-05;13;0
5;2025-11-05;14;0
5;2025-11-05;15;0
5;2025-11-05;16;0
5;2025-11-05;17;0
5;2025-11-05;18;0
5;2025-11-05;19;0
5;2025-11-05;20;0
5;2025-11-05;21;0
5;2025-11-05;22;0
5;2025-11-05;23;0
5;2025-11-06;0;0
5;2025-11-06;1;0
5;2025-11-06;2;0
5;2025-11-06;3;0
5;2025-11-06;4;0
5;2025-11-06;5;0
5;2025-11-06;6;0
5;2025-11-06;7;0
5;2025-11-06;8;0
5;2025-11-06;9;0
5;2025-11-06;10;0
5;2025-11-06;11;0
5;2025-11-06;12;0
5;2025-11-06;13;0
5;2025-11-06;14;0
5;2025-11-06;15;0
5;2025-11-06;16;0
5;2025-11-06;17;0
5;2025-11-06;18;0
5;2025-11-06;19;0
5;2025-11-06;20;0
5;2025-11-06;21;0
5;2025-11-06;22;0
5;2025-11-06;23;0
5;2025-11-07;0;0
5;2025-11-07;1;0
5;2025-11-07;2;0
5;2025-11-07;3;0
5;2025-11-07;4;0
5;2025-11-07;5;0
5;2025-11-07;6;0
5;2025-11-07;7;0
5;2025-11-07;8;0
5;2025-11-07;9;0
5;2025-11-07;10;0
5;2025-11-07;11;0
5;2025-11-07;12;0
5;2025-11-07;13;0
5;2025-11-07;14;0
5;2025-11-07;15;0
5;2025-11-07;16;0
5;2025-11-07;17;0
5;2025-11-07;18;0
5;2025-11-07;19;0
5;2025-11-07;20;0
5;2025-11-07;21;0
5;2025-11-07;22;0
5;2025-11-07;23;0
5;2025-11-08;0;0
5;2025-11-08;1;0
5;2025-11-08;2;0
5;2025-11-08;3;0
5;2025-11-08;4;0
5;2025-11-08;5;0
5;2025-11-08;6;0
5;2025-11-08;7;0
5;2025-11-08;8;0
5;2025-11-08;9;0
5;2025-11-08;10;0
5;2025-11-08;11;0
5;2025-11-08;12;0
5;2025-11-08;13;0
5;2025-11-08;14;0
5;2025-11-08;15;0
5;2025-11-08;16;0
5;2025-11-08;17;0
5;2025-11-08;18;0
5;2025-11-08;19;0
5;2025-11-08;20;0
5;2025-11-08;21;0
5;2025-11-08;22;0
5;2025-11-08;23;0
5;2025-11-09;0;0
5;2025-11-09;1;0
5;2025-11-09;2;0
5;2025-11-09;3;0
5;2025-11-09;4;0
5;2025-11-09;5;0
5;2025-11-09;6;0
5;2025-11-09;7;0
5;2025-11-09;8;0
5;2025-11-09;9;0
5;2025-11-09;10;0
5;2025-11-09;11;0
5;2025-11-09;12;0
5;2025-11-09;13;0
5;2025-11-09;14;0
5;2025-11-09;15;0
5;2025-11-09;16;0
5;2025-11-09;17;0
5;2025-11-09;18;0
5;2025-11-09;19;0
5;2025-11-09;20;0
5;2025-11-09;21;0
5;2025-11-09;22;0
5;2025-11-09;23;0
5;2025-11-10;0;0
5;2025-11-10;1;0
5;2025-11-10;2;0
5;2025-11-10;3;0
5;2025-11-10;4;0
5;2025-11-10;5;0
5;2025-11-10;6;0
5;2025-11-10;7;0
5;2025-11-10;8;0
5;2025-11-10;9;0
5;2025-11-10;10;0
5;2025-11-10;11;0
5;2025-11-10;12;0
5;2025-11-10;13;0
5;2025-11-10;14;0
5;2025-11-10;15;0
5;2025-11-10;16;0
5;2025-11-10;17;0
5;2025-11-10;18;0
5;2025-11-10;19;0
5;2025-11-10;20;0
5;2025-11-10;21;0
5;2025-11-10;22;0
5;2025-11-10;23;0
5;2025-11-11;0;0
5;2025-11-11;1;0
5;2025-11-11;2;0
5;2025-11-11;3;0
5;2025-11-11;4;0
5;2025-11-11;5;0
5;2025-11-11;6;0
5;2025-11-11;7;0
5;2025-11-11;8;0
5;2025-11-11;9;0
5;2025-11-11;10;0
5;2025-11-11;11;0
5;2025-11-11;12;0
5;2025-11-11;13;0
5;2025-11-11;14;0
5;2025-11-11;15;0
5;2025-11-11;16;0
5;2025-11-11;17;0
5;2025-11-11;18;0
5;2025-11-11;19;0
5;2025-11-11;20;0
5;2025-11-11;21;0
5;2025-11-11;22;0
5;2025-11-11;23;0
5;2025-11-12;0;0
5;2025-11-12;1;0
5;2025-11-12;2;0
5;2025-11-12;3;0
5;2025-11-12;4;0
5;2025-11-12;5;0
5;2025-11-12;6;0
5;2025-11-12;7;0
5;2025-11-12;8;0
5;2025-11-12;9;0
5;2025-11-12;10;0
5;2025-11-12;11;0
5;2025-11-12;12;0
5;2025-11-12;13;0
5;2025-11-12;14;0
5;2025-11-12;15;0
5;2025-11-12;16;0
5;2025-11-12;17;0
5;2025-11-12;18;0
5;2025-11-12;19;0
5;2025-11-12;20;0
5;2025-11-12;21;0
5;2025-11-12;22;0
5;2025-11-12;23;0
5;2025-11-13;0;0
5;2025-11-13;1;0
5;2025-11-13;2;0
5;2025-11-13;3;0
5;2025-11-13;4;0
5;2025-11-13;5;0
5;2025-11-13;6;0
5;2025-11-13;7;0
5;2025-11-13;8;0
5;2025-11-13;9;0
5;2025-11-13;10;0
5;2025-11-13;11;0
5;2025-11-13;12;0
5;2025-11-13;13;0
5;2025-11-13;14;0
5;2025-11-13;15;0
5;2025-11-13;16;0
5;2025-11-13;17;0
5;2025-11-13;18;0
5;2025-11-13;19;0
5;2025-11-13;20;0
5;2025-11-13;21;0
5;2025-11-13;22;0
5;2025-11-13;23;0
5;2025-11-14;0;0
5;2025-11-14;1;0
5;2025-11-14;2;0
5;2025-11-14;3;0
5;2025-11-14;4;0
5;2025-11-14;5;0
5;2025-11-14;6;0
5;2025-11-14;7;0
5;2025-11-14;8;0
5;2025-11-14;9;0
5;2025-11-14;10;0
5;2025-11-14;11;0
5;2025-11-14;12;0
5;2025-11-14;13;0
5;2025-11-14;14;0
5;2025-11-14;15;0
5;2025-11-14;16;0
5;2025-11-14;17;0
5;2025-11-14;18;0
5;2025-11-14;19;0
5;2025-11-14;20;0
5;2025-11-14;21;0
5;2025-11-14;22;0
5;2025-11-14;23;0
5;2025-11-15;0;0
5;2025-11-15;1;0
5;2025-11-15;2;0
5;2025-11-15;3;0
5;2025-11-15;4;0
5;2025-11-15;5;0
5;2025-11-15;6;0
5;2025-11-15;7;0
5;2025-11-15;8;0
5;2025-11-15;9;0
5;2025-11-15;10;0
5;2025-11-15;11;0
5;2025-11-15;12;0
5;2025-11-15;13;0
5;2025-11-15;14;0
5;2025-11-15;15;0
5;2025-11-15;16;0
5;2025-11-15;17;0
5;2025-11-15;18;0
5;2025-11-15;19;0
5;2025-11-15;20;0
5;2025-11-15;21;0
5;2025-11-15;22;0
5;2025-11-15;23;0
5;2025-11-16;0;0
5;2025-11-16;1;0
5;2025-11-16;2;0
5;2025-11-16;3;0
5;2025-11-16;4;0
5;2025-11-16;5;0
5;2025-11-16;6;0
5;2025-11-16;7;0
5;2025-11-16;8;0
5;2025-11-16;9;0
5;2025-11-16;10;0
5;2025-11-16;11;0
5;2025-11-16;12;0
5;2025-11-16;13;0
5;2025-11-16;14;0
5;2025-11-16;15;0
5;2025-11-16;16;0
5;2025-11-16;17;0
5;2025-11-16;18;0
5;2025-11-16;19;0
5;2025-11-16;20;0
5;2025-11-16;21;0
5;2025-11-16;22;0
5;2025-11-16;23;0
5;2025-11-17;0;0
5;2025-11-17;1;0
5;2025-11-17;2;0
5;2025-11-17;3;0
5;2025-11-17;4;0
5;2025-11-17;5;0
5;2025-11-17;6;0
5;2025-11-17;7;0
5;2025-11-17;8;0
5;2025-11-17;9;0
5;2025-11-17;10;0
5;2025-11-17;11;0
5;2025-11-17;12;0
5;2025-11-17;13;0
5;2025-11-17;14;0
5;2025-11-17;15;0
5;2025-11-17;16;0
5;2025-11-17;17;0
5;2025-11-17;18;0
5;2025-11-17;19;0
5;2025-11-17;20;0
5;2025-11-17;21;0
5;2025-11-17;22;0
5;2025-11-17;23;0
5;2025-11-18;0;0
5;2025-11-18;1;0
5;2025-11-18;2;0
5;2025-11-18;3;0
5;2025-11-18;4;0
5;2025-11-18;5;0
5;2025-11-18;6;0
5;2025-11-18;7;0
5;2025-11-18;8;0
5;2025-11-18;9;0
5;2025-11-18;10;0
5;2025-11-18;11;0
5;2025-11-18;12;0
5;2025-11-18;13;0
5;2025-11-18;14;0
5;2025-11-18;15;0
5;2025-11-18;16;0
5;2025-11-18;17;0
5;2025-11-18;18;0
5;2025-11-18;19;0
5;2025-11-18;20;0
5;2025-11-18;21;0
5;2025-11-18;22;0
5;2025-11-18;23;0
5;2025-11-19;0;0
5;2025-11-19;1;0
5;2025-11-19;2;0
5;2025-11-19;3;0
5;2025-11-19;4;0
5;2025-11-19;5;0
5;2025-11-19;6;0
5;2025-11-19;7;0
5;2025-11-19;8;0
5;2025-11-19;9;0
5;2025-11-19;10;0
5;2025-11-19;11;0
5;2025-11-19;12;0
5;2025-11-19;13;0
5;2025-11-19;14;0
5;2025-11-19;15;0
5;2025-11-19;16;0
5;2025-11-19;17;0
5;2025-11-19;18;0
5;2025-11-19;19;0
5;2025-11-19;20;0
5;2025-11-19;21;0
5;2025-11-19;22;0
5;2025-11-19;23;0
5;2025-11-20;0;0
5;2025-11-20;1;0
5;2025-11-20;2;0
5;2025-11-20;3;0
5;2025-11-20;4;0
5;2025-11-20;5;0
5;2025-11-20;6;0
5;2025-11-20;7;0
5;2025-11-20;8;0
5;2025-11-20;9;0
5;2025-11-20;10;0
5;2025-11-20;11;0
5;2025-11-20;12;0
5;2025-11-20;13;0
5;2025-11-20;14;0
5;2025-11-20;15;0
5;2025-11-20;16;0
5;2025-11-20;17;0
5;2025-11-20;18;0
5;2025-11-20;19;0
5;2025-11-20;20;0
5;2025-11-20;21;0
5;2025-11-20;22;0
5;2025-11-20;23;0
5;2025-11-21;0;0
5;2025-11-21;1;0
5;2025-11-21;2;0
5;2025-11-21;3;0
5;2025-11-21;4;0
5;2025-11-21;5;0
5;2025-11-21;6;0
5;2025-11-21;7;0
5;2025-11-21;8;0
5;2025-11-21;9;0
5;2025-11-21;10;0
5;2025-11-21;11;0
5;2025-11-21;12;0
5;2025-11-21;13;0
5;2025-11-21;14;0
5;2025-11-21;15;0
5;2025-11-21;16;0
5;2025-11-21;17;0
5;2025-11-21;18;0
5;2025-11-21;19;0
5;2025-11-21;20;0
5;2025-11-21;21;0
5;2025-11-21;22;0
5;2025-11-21;23;0
5;2025-11-22;0;0
5;2025-11-22;1;0
5;2025-11-22;2;0
5;2025-11-22;3;0
5;2025-11-22;4;0
5;2025-11-22;5;0
5;2025-11-22;6;0
5;2025-11-22;7;0
5;2025-11-22;8;0
5;2025-11-22;9;0
5;2025-11-22;10;0
5;2025-11-22;11;0
5;2025-11-22;12;0
5;2025-11-22;13;0
5;2025-11-22;14;0
5;2025-11-22;15;0
5;2025-11-22;16;0
5;2025-11-22;17;0
5;2025-11-22;18;0
5;2025-11-22;19;0
5;2025-11-22;20;0
5;2025-11-22;21;0
5;2025-11-22;22;0
5;2025-11-22;23;0
5;2025-11-23;0;0
5;2025-11-23;1;0
5;2025-11-23;2;0
5;2025-11-23;3;0
5;2025-11-23;4;0
5;2025-11-23;5;0
5;2025-11-23;6;0
5;2025-11-23;7;0
5;2025-11-23;8;0
5;2025-11-23;9;0
5;2025-11-23;10;0
5;2025-11-23;11;0
5;2025-11-23;12;0
5;2025-11-23;13;0
5;2025-11-23;14;0
5;2025-11-23;15;0
5;2025-11-23;16;0
5;2025-11-23;17;0
5;2025-11-23;18;0
5;2025-11-23;19;0
5;2025-11-23;20;0
5;2025-11-23;21;0
5;2025-11-23;22;0
5;2025-11-23;23;0
5;2025-11-24;0;0
5;2025-11-24;1;0
5;2025-11-24;2;0
5;2025-11-24;3;0
5;2025-11-24;4;0
5;2025-11-24;5;0
5;2025-11-24;6;0
5;2025-11-24;7;0
5;2025-11-24;8;0
5;2025-11-24;9;0
5;2025-11-24;10;0
5;2025-11-24;11;0
5;2025-11-24;12;0
5;2025-11-24;13;0
5;2025-11-24;14;0
5;2025-11-24;15;0
5;2025-11-24;16;0
5;2025-11-24;17;0
5;2025-11-24;18;0
5;2025-11-24;19;0
5;2025-11-24;20;0
5;2025-11-24;21;0
5;2025-11-24;22;0
5;2025-11-24;23;0
5;2025-11-25;0;0
5;2025-11-25;1;0
5;2025-11-25;2;0
5;2025-11-25;3;0
5;2025-11-25;4;0
5;2025-11-25;5;0
5;2025-11-25;6;0
5;2025-11-25;7;0
5;2025-11-25;8;0
5;2025-11-25;9;0
5;2025-11-25;10;0
5;2025-11-25;11;0
5;2025-11-25;12;0
5;2025-11-25;13;0
5;2025-11-25;14;0
5;2025-11-25;15;0
5;2025-11-25;16;0
5;2025-11-25;17;0
5;2025-11-25;18;0
5;2025-11-25;19;0
5;2025-11-25;20;0
5;2025-11-25;21;0
5;2025-11-25;22;0
5;2025-11-25;23;0
5;2025-11-26;0;0
5;2025-11-26;1;0
5;2025-11-26;2;0
5;2025-11-26;3;0
5;2025-11-26;4;0
5;2025-11-26;5;0
5;2025-11-26;6;0
5;2025-11-26;7;0
5;2025-11-26;8;0
5;2025-11-26;9;0
5;2025-11-26;10;0
5;2025-11-26;11;0
5;2025-11-26;12;0
5;2025-11-26;13;0
5;2025-11-26;14;0
5;2025-11-26;15;0
5;2025-11-26;16;0
5;2025-11-26;17;0
5;2025-11-26;18;0
5;2025-11-26;19;0
5;2025-11-26;20;0
5;2025-11-26;21;0
5;2025-11-26;22;0
5;2025-11-26;23;0
5;2025-11-27;0;0
5;2025-11-27;1;0
5;2025-11-27;2;0
5;2025-11-27;3;0
5;2025-11-27;4;0
5;2025-11-27;5;0
5;2025-11-27;6;0
5;2025-11-27;7;0
5;2025-11-27;8;0
5;2025-11-27;9;0
5;2025-11-27;10;0
5;2025-11-27;11;0
5;2025-11-27;12;0
5;2025-11-27;13;0
5;2025-11-27;14;0
5;2025-11-27;15;0
5;2025-11-27;16;0
5;2025-11-27;17;0
5;2025-11-27;18;0
5;2025-11-27;19;0
5;2025-11-27;20;0
5;2025-11-27;21;0
5;2025-11-27;22;0
5;2025-11-27;23;0
5;2025-11-28;0;0
5;2025-11-28;1;0
5;2025-11-28;2;0
5;2025-11-28;3;0
5;2025-11-28;4;0
5;2025-11-28;5;0
5;2025-11-28;6;0
5;2025-11-28;7;0
5;2025-11-28;8;0
5;2025-11-28;9;0
5;2025-11-28;10;0
5;2025-11-28;11;0
5;2025-11-28;12;0
5;2025-11-28;13;0
5;2025-11-28;14;0
5;2025-11-28;15;0
5;2025-11-28;16;0
5;2025-11-28;17;0
5;2025-11-28;18;0
5;2025-11-28;19;0
5;2025-11-28;20;0
5;2025-11-28;21;0
5;2025-11-28;22;0
5;2025-11-28;23;0
5;2025-11-29;0;0
5;2025-11-29;1;0
5;2025-11-29;2;0
5;2025-11-29;3;0
5;2025-11-29;4;0
5;2025-11-29;5;0
5;2025-11-29;6;0
5;2025-11-29;7;0
5;2025-11-29;8;0
5;2025-11-29;9;0
5;2025-11-29;10;0
5;2025-11-29;11;0
5;2025-11-29;12;0
5;2025-11-29;13;0
5;2025-11-29;14;0
5;2025-11-29;15;0
5;2025-11-29;16;0
5;2025-11-29;17;0
5;2025-11-29;18;0
5;2025-11-29;19;0
5;2025-11-29;20;0
5;2025-11-29;21;0
5;2025-11-29;22;0
5;2025-11-29;23;0
5;2025-11-30;0;0
5;2025-11-30;1;0
5;2025-11-30;2;0
5;2025-11-30;3;0
5;2025-11-30;4;0
5;2025-11-30;5;0
5;2025-11-30;6;0
5;2025-11-30;7;0
5;2025-11-30;8;0
5;2025-11-30;9;0
5;2025-11-30;10;0
5;2025-11-30;11;0
5;2025-11-30;12;0
5;2025-11-30;13;0
5;2025-11-30;14;0
5;2025-11-30;15;0
5;2025-11-30;16;0
5;2025-11-30;17;0
5;2025-11-30;18;0
5;2025-11-30;19;0
5;2025-11-30;20;0
5;2025-11-30;21;0
5;2025-11-30;22;0
5;2025-11-30;23;0
5;2025-12-01;0;0
5;2025-12-01;1;0
5;2025-12-01;2;0
5;2025-12-01;3;0
5;2025-12-01;4;0
5;2025-12-01;5;0
5;2025-12-01;6;0
5;2025-12-01;7;0
5;2025-12-01;8;0
5;2025-12-01;9;0
5;2025-12-01;10;0
5;2025-12-01;11;0
5;2025-12-01;12;0
5;2025-12-01;13;0
5;2025-12-01;14;0
5;2025-12-01;15;0
5;2025-12-01;16;0
5;2025-12-01;17;0
5;2025-12-01;18;0
5;2025-12-01;19;0
5;2025-12-01;20;0
5;2025-12-01;21;0
5;2025-12-01;22;0
5;2025-12-01;23;0
5;2025-12-02;0;0
5;2025-12-02;1;0
5;2025-12-02;2;0
5;2025-12-02;3;0
5;2025-12-02;4;0
5;2025-12-02;5;0
5;2025-12-02;6;0
5;2025-12-02;7;0
5;2025-12-02;8;0
5;2025-12-02;9;0
5;2025-12-02;10;0
5;2025-12-02;11;0
5;2025-12-02;12;0
5;2025-12-02;13;0
5;2025-12-02;14;0
5;2025-12-02;15;0
5;2025-12-02;16;0
5;2025-12-02;17;0
5;2025-12-02;18;0
5;2025-12-02;19;0
5;2025-12-02;20;0
5;2025-12-02;21;0
5;2025-12-02;22;0
5;2025-12-02;23;0
5;2025-12-03;0;0
5;2025-12-03;1;0
5;2025-12-03;2;0
5;2025-12-03;3;0
5;2025-12-03;4;0
5;2025-12-03;5;0
5;2025-12-03;6;0
5;2025-12-03;7;0
5;2025-12-03;8;0
5;2025-12-03;9;0
5;2025-12-03;10;0
5;2025-12-03;11;0
5;2025-12-03;12;0
5;2025-12-03;13;0
5;2025-12-03;14;0
5;2025-12-03;15;0
5;2025-12-03;16;0
5;2025-12-03;17;0
5;2025-12-03;18;0
5;2025-12-03;19;0
5;2025-12-03;20;0
5;2025-12-03;21;0
5;2025-12-03;22;0
5;2025-12-03;23;0
5;2025-12-04;0;0
5;2025-12-04;1;0
5;2025-12-04;2;0
5;2025-12-04;3;0
5;2025-12-04;4;0
5;2025-12-04;5;0
5;2025-12-04;6;0
5;2025-12-04;7;0
5;2025-12-04;8;0
5;2025-12-04;9;0
5;2025-12-04;10;0
5;2025-12-04;11;0
5;2025-12-04;12;0
5;2025-12-04;13;0
5;2025-12-04;14;0
5;2025-12-04;15;0
5;2025-12-04;16;0
5;2025-12-04;17;0
5;2025-12-04;18;0
5;2025-12-04;19;0
5;2025-12-04;20;0
5;2025-12-04;21;0
5;2025-12-04;22;0
5;2025-12-04;23;0
5;2025-12-05;0;0
5;2025-12-05;1;0
5;2025-12-05;2;0
5;2025-12-05;3;0
5;2025-12-05;4;0
5;2025-12-05;5;0
5;2025-12-05;6;0
5;2025-12-05;7;0
5;2025-12-05;8;0
5;2025-12-05;9;0
5;2025-12-05;10;0
5;2025-12-05;11;0
5;2025-12-05;12;0
5;2025-12-05;13;0
5;2025-12-05;14;0
5;2025-12-05;15;0
5;2025-12-05;16;0
5;2025-12-05;17;0
5;2025-12-05;18;0
5;2025-12-05;19;0
5;2025-12-05;20;0
5;2025-12-05;21;0
5;2025-12-05;22;0
5;2025-12-05;23;0
5;2025-12-06;0;0
5;2025-12-06;1;0
5;2025-12-06;2;0
5;2025-12-06;3;0
5;2025-12-06;4;0
5;2025-12-06;5;0
5;2025-12-06;6;0
5;2025-12-06;7;0
5;2025-12-06;8;0
5;2025-12-06;9;0
5;2025-12-06;10;0
5;2025-12-06;11;0
5;2025-12-06;12;0
5;2025-12-06;13;0
5;2025-12-06;14;0
5;2025-12-06;15;0
5;2025-12-06;16;0
5;2025-12-06;17;0
5;2025-12-06;18;0
5;2025-12-06;19;0
5;2025-12-06;20;0
5;2025-12-06;21;0
5;2025-12-06;22;0
5;2025-12-06;23;0
5;2025-12-07;0;0
5;2025-12-07;1;0
5;2025-12-07;2;0
5;2025-12-07;3;0
5;2025-12-07;4;0
5;2025-12-07;5;0
5;2025-12-07;6;0
5;2025-12-07;7;0
5;2025-12-07;8;0
5;2025-12-07;9;0
5;2025-12-07;10;0
5;2025-12-07;11;0
5;2025-12-07;12;0
5;2025-12-07;13;0
5;2025-12-07;14;0
5;2025-12-07;15;0
5;2025-12-07;16;0
5;2025-12-07;17;0
5;2025-12-07;18;0
5;2025-12-07;19;0
5;2025-12-07;20;0
5;2025-12-07;21;0
5;2025-12-07;22;0
5;2025-12-07;23;0
5;2025-12-08;0;0
5;2025-12-08;1;0
5;2025-12-08;2;0
5;2025-12-08;3;0
5;2025-12-08;4;0
5;2025-12-08;5;0
5;2025-12-08;6;0
5;2025-12-08;7;0
5;2025-12-08;8;0
5;2025-12-08;9;0
5;2025-12-08;10;0
5;2025-12-08;11;0
5;2025-12-08;12;0
5;2025-12-08;13;0
5;2025-12-08;14;0
5;2025-12-08;15;0
5;2025-12-08;16;0
5;2025-12-08;17;0
5;2025-12-08;18;0
5;2025-12-08;19;0
5;2025-12-08;20;0
5;2025-12-08;21;0
5;2025-12-08;22;0
5;2025-12-08;23;0
5;2025-12-09;0;0
5;2025-12-09;1;0
5;2025-12-09;2;0
5;2025-12-09;3;0
5;2025-12-09;4;0
5;2025-12-09;5;0
5;2025-12-09;6;0
5;2025-12-09;7;0
5;2025-12-09;8;0
5;2025-12-09;9;0
5;2025-12-09;10;0
5;2025-12-09;11;0
5;2025-12-09;12;0
5;2025-12-09;13;0
5;2025-12-09;14;0
5;2025-12-09;15;0
5;2025-12-09;16;0
5;2025-12-09;17;0
5;2025-12-09;18;0
5;2025-12-09;19;0
5;2025-12-09;20;0
5;2025-12-09;21;0
5;2025-12-09;22;0
5;2025-12-09;23;0
5;2025-12-10;0;0
5;2025-12-10;1;0
5;2025-12-10;2;0
5;2025-12-10;3;0
5;2025-12-10;4;0
5;2025-12-10;5;0
5;2025-12-10;6;0
5;2025-12-10;7;0
5;2025-12-10;8;0
5;2025-12-10;9;0
5;2025-12-10;10;0
5;2025-12-10;11;0
5;2025-12-10;12;0
5;2025-12-10;13;0
5;2025-12-10;14;0
5;2025-12-10;15;0
5;2025-12-10;16;0
5;2025-12-10;17;0
5;2025-12-10;18;0
5;2025-12-10;19;0
5;2025-12-10;20;0
5;2025-12-10;21;0
5;2025-12-10;22;0
5;2025-12-10;23;0
5;2025-12-11;0;0
5;2025-12-11;1;0
5;2025-12-11;2;0
5;2025-12-11;3;0
5;2025-12-11;4;0
5;2025-12-11;5;0
5;2025-12-11;6;0
5;2025-12-11;7;0
5;2025-12-11;8;0
5;2025-12-11;9;0
5;2025-12-11;10;0
5;2025-12-11;11;0
5;2025-12-11;12;0
5;2025-12-11;13;0
5;2025-12-11;14;0
5;2025-12-11;15;0
5;2025-12-11;16;0
5;2025-12-11;17;0
5;2025-12-11;18;0
5;2025-12-11;19;0
5;2025-12-11;20;0
5;2025-12-11;21;0
5;2025-12-11;22;0
5;2025-12-11;23;0
5;2025-12-12;0;0
5;2025-12-12;1;0
5;2025-12-12;2;0
5;2025-12-12;3;0
5;2025-12-12;4;0
5;2025-12-12;5;0
5;2025-12-12;6;0
5;2025-12-12;7;0
5;2025-12-12;8;0
5;2025-12-12;9;0
5;2025-12-12;10;0
5;2025-12-12;11;0
5;2025-12-12;12;0
5;2025-12-12;13;0
5;2025-12-12;14;0
5;2025-12-12;15;0
5;2025-12-12;16;0
5;2025-12-12;17;0
5;2025-12-12;18;0
5;2025-12-12;19;0
5;2025-12-12;20;0
5;2025-12-12;21;0
5;2025-12-12;22;0
5;2025-12-12;23;0
5;2025-12-13;0;0
5;2025-12-13;1;0
5;2025-12-13;2;0
5;2025-12-13;3;0
5;2025-12-13;4;0
5;2025-12-13;5;0
5;2025-12-13;6;0
5;2025-12-13;7;0
5;2025-12-13;8;0
5;2025-12-13;9;0
5;2025-12-13;10;0
5;2025-12-13;11;0
5;2025-12-13;12;0
5;2025-12-13;13;0
5;2025-12-13;14;0
5;2025-12-13;15;0
5;2025-12-13;16;0
5;2025-12-13;17;0
5;2025-12-13;18;0
5;2025-12-13;19;0
5;2025-12-13;20;0
5;2025-12-13;21;0
5;2025-12-13;22;0
5;2025-12-13;23;0
5;2025-12-14;0;0
5;2025-12-14;1;0
5;2025-12-14;2;0
5;2025-12-14;3;0
5;2025-12-14;4;0
5;2025-12-14;5;0
5;2025-12-14;6;0
5;2025-12-14;7;0
5;2025-12-14;8;0
5;2025-12-14;9;0
5;2025-12-14;10;0
5;2025-12-14;11;0
5;2025-12-14;12;0
5;2025-12-14;13;0
5;2025-12-14;14;0
5;2025-12-14;15;0
5;2025-12-14;16;0
5;2025-12-14;17;0
5;2025-12-14;18;0
5;2025-12-14;19;0
5;2025-12-14;20;0
5;2025-12-14;21;0
5;2025-12-14;22;0
5;2025-12-14;23;0
5;2025-12-15;0;0
5;2025-12-15;1;0
5;2025-12-15;2;0
5;2025-12-15;3;0
5;2025-12-15;4;0
5;2025-12-15;5;0
5;2025-12-15;6;0
5;2025-12-15;7;0
5;2025-12-15;8;0
5;2025-12-15;9;0
5;2025-12-15;10;0
5;2025-12-15;11;0
5;2025-12-15;12;0
5;2025-12-15;13;0
5;2025-12-15;14;0
5;2025-12-15;15;0
5;2025-12-15;16;0
5;2025-12-15;17;0
5;2025-12-15;18;0
5;2025-12-15;19;0
5;2025-12-15;20;0
5;2025-12-15;21;0
5;2025-12-15;22;0
5;2025-12-15;23;0
5;2025-12-16;0;0
5;2025-12-16;1;0
5;2025-12-16;2;0
5;2025-12-16;3;0
5;2025-12-16;4;0
5;2025-12-16;5;0
5;2025-12-16;6;0
5;2025-12-16;7;0
5;2025-12-16;8;0
5;2025-12-16;9;0
5;2025-12-16;10;0
5;2025-12-16;11;0
5;2025-12-16;12;0
5;2025-12-16;13;0
5;2025-12-16;14;0
5;2025-12-16;15;0
5;2025-12-16;16;0
5;2025-12-16;17;0
5;2025-12-16;18;0
5;2025-12-16;19;0
5;2025-12-16;20;0
5;2025-12-16;21;0
5;2025-12-16;22;0
5;2025-12-16;23;0
5;2025-12-17;0;0
5;2025-12-17;1;0
5;2025-12-17;2;0
5;2025-12-17;3;0
5;2025-12-17;4;0
5;2025-12-17;5;0
5;2025-12-17;6;0
5;2025-12-17;7;0
5;2025-12-17;8;0
5;2025-12-17;9;0
5;2025-12-17;10;0
5;2025-12-17;11;0
5;2025-12-17;12;0
5;2025-12-17;13;0
5;2025-12-17;14;0
5;2025-12-17;15;0
5;2025-12-17;16;0
5;2025-12-17;17;0
5;2025-12-17;18;0
5;2025-12-17;19;0
5;2025-12-17;20;0
5;2025-12-17;21;0
5;2025-12-17;22;0
5;2025-12-17;23;0
5;2025-12-18;0;0
5;2025-12-18;1;0
5;2025-12-18;2;0
5;2025-12-18;3;0
5;2025-12-18;4;0
5;2025-12-18;5;0
5;2025-12-18;6;0
5;2025-12-18;7;0
5;2025-12-18;8;0
5;2025-12-18;9;0
5;2025-12-18;10;0
5;2025-12-18;11;0
5;2025-12-18;12;0
5;2025-12-18;13;0
5;2025-12-18;14;0
5;2025-12-18;15;0
5;2025-12-18;16;0
5;2025-12-18;17;0
5;2025-12-18;18;0
5;2025-12-18;19;0
5;2025-12-18;20;0
5;2025-12-18;21;0
5;2025-12-18;22;0
5;2025-12-18;23;0
5;2025-12-19;0;0
5;2025-12-19;1;0
5;2025-12-19;2;0
5;2025-12-19;3;0
5;2025-12-19;4;0
5;2025-12-19;5;0
5;2025-12-19;6;0
5;2025-12-19;7;0
5;2025-12-19;8;0
5;2025-12-19;9;0
5;2025-12-19;10;0
5;2025-12-19;11;0
5;2025-12-19;12;0
5;2025-12-19;13;0
5;2025-12-19;14;0
5;2025-12-19;15;0
5;2025-12-19;16;0
5;2025-12-19;17;0
5;2025-12-19;18;0
5;2025-12-19;19;0
5;2025-12-19;20;0
5;2025-12-19;21;0
5;2025-12-19;22;0
5;2025-12-19;23;0
5;2025-12-20;0;0
5;2025-12-20;1;0
5;2025-12-20;2;0
5;2025-12-20;3;0
5;2025-12-20;4;0
5;2025-12-20;5;0
5;2025-12-20;6;0
5;2025-12-20;7;0
5;2025-12-20;8;0
5;2025-12-20;9;0
5;2025-12-20;10;0
5;2025-12-20;11;0
5;2025-12-20;12;0
5;2025-12-20;13;0
5;2025-12-20;14;0
5;2025-12-20;15;0
5;2025-12-20;16;0
5;2025-12-20;17;0
5;2025-12-20;18;0
5;2025-12-20;19;0
5;2025-12-20;20;0
5;2025-12-20;21;0
5;2025-12-20;22;0
5;2025-12-20;23;0
5;2025-12-21;0;0
5;2025-12-21;1;0
5;2025-12-21;2;0
5;2025-12-21;3;0
5;2025-12-21;4;0
5;2025-12-21;5;0
5;2025-12-21;6;0
5;2025-12-21;7;0
5;2025-12-21;8;0
5;2025-12-21;9;0
5;2025-12-21;10;0
5;2025-12-21;11;0
5;2025-12-21;12;0
5;2025-12-21;13;0
5;2025-12-21;14;0
5;2025-12-21;15;0
5;2025-12-21;16;0
5;2025-12-21;17;0
5;2025-12-21;18;0
5;2025-12-21;19;0
5;2025-12-21;20;0
5;2025-12-21;21;0
5;2025-12-21;22;0
5;2025-12-21;23;0
5;2025-12-22;0;0
5;2025-12-22;1;0
5;2025-12-22;2;0
5;2025-12-22;3;0
5;2025-12-22;4;0
5;2025-12-22;5;0
5;2025-12-22;6;0
5;2025-12-22;7;0
5;2025-12-22;8;0
5;2025-12-22;9;0
5;2025-12-22;10;0
5;2025-12-22;11;0
5;2025-12-22;12;0
5;2025-12-22;13;0
5;2025-12-22;14;0
5;2025-12-22;15;0
5;2025-12-22;16;0
5;2025-12-22;17;0
5;2025-12-22;18;0
5;2025-12-22;19;0
5;2025-12-22;20;0
5;2025-12-22;21;0
5;2025-12-22;22;0
5;2025-12-22;23;0
5;2025-12-23;0;0
5;2025-12-23;1;0
5;2025-12-23;2;0
5;2025-12-23;3;0
5;2025-12-23;4;0
5;2025-12-23;5;0
5;2025-12-23;6;0
5;2025-12-23;7;0
5;2025-12-23;8;0
5;2025-12-23;9;0
5;2025-12-23;10;0
5;2025-12-23;11;0
5;2025-12-23;12;0
5;2025-12-23;13;0
5;2025-12-23;14;0
5;2025-12-23;15;0
5;2025-12-23;16;0
5;2025-12-23;17;0
5;2025-12-23;18;0
5;2025-12-23;19;0
5;2025-12-23;20;0
5;2025-12-23;21;0
5;2025-12-23;22;0
5;2025-12-23;23;0
5;2025-12-24;0;0
5;2025-12-24;1;0
5;2025-12-24;2;0
5;2025-12-24;3;0
5;2025-12-24;4;0
5;2025-12-24;5;0
5;2025-12-24;6;0
5;2025-12-24;7;0
5;2025-12-24;8;0
5;2025-12-24;9;0
5;2025-12-24;10;0
5;2025-12-24;11;0
5;2025-12-24;12;0
5;2025-12-24;13;0
5;2025-12-24;14;0
5;2025-12-24;15;0
5;2025-12-24;16;0
5;2025-12-24;17;0
5;2025-12-24;18;0
5;2025-12-24;19;0
5;2025-12-24;20;0
5;2025-12-24;21;0
5;2025-12-24;22;0
5;2025-12-24;23;0
5;2025-12-25;0;0
5;2025-12-25;1;0
5;2025-12-25;2;0
5;2025-12-25;3;0
5;2025-12-25;4;0
5;2025-12-25;5;0
5;2025-12-25;6;0
5;2025-12-25;7;0
5;2025-12-25;8;0
5;2025-12-25;9;0
5;2025-12-25;10;0
5;2025-12-25;11;0
5;2025-12-25;12;0
5;2025-12-25;13;0
5;2025-12-25;14;0
5;2025-12-25;15;0
5;2025-12-25;16;0
5;2025-12-25;17;0
5;2025-12-25;18;0
5;2025-12-25;19;0
5;2025-12-25;20;0
5;2025-12-25;21;0
5;2025-12-25;22;0
5;2025-12-25;23;0
5;2025-12-26;0;0
5;2025-12-26;1;0
5;2025-12-26;2;0
5;2025-12-26;3;0
5;2025-12-26;4;0
5;2025-12-26;5;0
5;2025-12-26;6;0
5;2025-12-26;7;0
5;2025-12-26;8;0
5;2025-12-26;9;0
5;2025-12-26;10;0
5;2025-12-26;11;0
5;2025-12-26;12;0
5;2025-12-26;13;0
5;2025-12-26;14;0
5;2025-12-26;15;0
5;2025-12-26;16;0
5;2025-12-26;17;0
5;2025-12-26;18;0
5;2025-12-26;19;0
5;2025-12-26;20;0
5;2025-12-26;21;0
5;2025-12-26;22;0
5;2025-12-26;23;0
5;2025-12-27;0;0
5;2025-12-27;1;0
5;2025-12-27;2;0
5;2025-12-27;3;0
5;2025-12-27;4;0
5;2025-12-27;5;0
5;2025-12-27;6;0
5;2025-12-27;7;0
5;2025-12-27;8;0
5;2025-12-27;9;0
5;2025-12-27;10;0
5;2025-12-27;11;0
5;2025-12-27;12;0
5;2025-12-27;13;0
5;2025-12-27;14;0
5;2025-12-27;15;0
5;2025-12-27;16;0
5;2025-12-27;17;0
5;2025-12-27;18;0
5;2025-12-27;19;0
5;2025-12-27;20;0
5;2025-12-27;21;0
5;2025-12-27;22;0
5;2025-12-27;23;0
5;2025-12-28;0;0
5;2025-12-28;1;0
5;2025-12-28;2;0
5;2025-12-28;3;0
5;2025-12-28;4;0
5;2025-12-28;5;0
5;2025-12-28;6;0
5;2025-12-28;7;0
5;2025-12-28;8;0
5;2025-12-28;9;0
5;2025-12-28;10;0
5;2025-12-28;11;0
5;2025-12-28;12;0
5;2025-12-28;13;0
5;2025-12-28;14;0
5;2025-12-28;15;0
5;2025-12-28;16;0
5;2025-12-28;17;0
5;2025-12-28;18;0
5;2025-12-28;19;0
5;2025-12-28;20;0
5;2025-12-28;21;0
5;2025-12-28;22;0
5;2025-12-28;23;0
5;2025-12-29;0;0
5;2025-12-29;1;0
5;2025-12-29;2;0
5;2025-12-29;3;0
5;2025-12-29;4;0
5;2025-12-29;5;0
5;2025-12-29;6;0
5;2025-12-29;7;0
5;2025-12-29;8;0
5;2025-12-29;9;0
5;2025-12-29;10;0
5;2025-12-29;11;0
5;2025-12-29;12;0
5;2025-12-29;13;0
5;2025-12-29;14;0
5;2025-12-29;15;0
5;2025-12-29;16;0
5;2025-12-29;17;0
5;2025-12-29;18;0
5;2025-12-29;19;0
5;2025-12-29;20;0
5;2025-12-29;21;0
5;2025-12-29;22;0
5;2025-12-29;23;0
5;2025-12-30;0;0
5;2025-12-30;1;0
5;2025-12-30;2;0
5;2025-12-30;3;0
5;2025-12-30;4;0
5;2025-12-30;5;0
5;2025-12-30;6;0
5;2025-12-30;7;0
5;2025-12-30;8;0
5;2025-12-30;9;0
5;2025-12-30;10;0
5;2025-12-30;11;0
5;2025-12-30;12;0
5;2025-12-30;13;0
5;2025-12-30;14;0
5;2025-12-30;15;0
5;2025-12-30;16;0
5;2025-12-30;17;0
5;2025-12-30;18;0
5;2025-12-30;19;0
5;2025-12-30;20;0
5;2025-12-30;21;0
5;2025-12-30;22;0
5;2025-12-30;23;0
5;2025-12-31;0;0
5;2025-12-31;1;0
5;2025-12-31;2;0
5;2025-12-31;3;0
5;2025-12-31;4;0
5;2025-12-31;5;0
5;2025-12-31;6;0
5;2025-12-31;7;0
5;2025-12-31;8;0
5;2025-12-31;9;0
5;2025-12-31;10;0
5;2025-12-31;11;0
5;2025-12-31;12;0
5;2025-12-31;13;0
5;2025-12-31;14;0
5;2025-12-31;15;0
5;2025-12-31;16;0
5;2025-12-31;17;0
5;2025-12-31;18;0
5;2025-12-31;19;0
5;2025-12-31;20;0
5;2025-12-31;21;0
5;2025-12-31;22;0
5;2025-12-31;23;0
7;2025-11-01;0;59
7;2025-11-01;1;11
7;2025-11-01;2;0
7;2025-11-01;3;0
7;2025-11-01;4;1
7;2025-11-01;5;147
7;2025-11-01;6;525
7;2025-11-01;7;1279
7;2025-11-01;8;1992
7;2025-11-01;9;1418
7;2025-11-01;10;1416
7;2025-11-01;11;1300
7;2025-11-01;12;1413
7;2025-11-01;13;1356
7;2025-11-01;14;1426
7;2025-11-01;15;1523
7;2025-11-01;16;1547
7;2025-11-01;17;1972
7;2025-11-01;18;2210
7;2025-11-01;19;1459
7;2025-11-01;20;929
7;2025-11-01;21;536
7;2025-11-01;22;239
7;2025-11-01;23;151
7;2025-11-02;0;85
7;2025-11-02;1;16
7;2025-11-02;2;0
7;2025-11-02;3;0
7;2025-11-02;4;0
7;2025-11-02;5;27
7;2025-11-02;6;126
7;2025-11-02;7;202
7;2025-11-02;8;381
7;2025-11-02;9;485
7;2025-11-02;10;419
7;2025-11-02;11;545
7;2025-11-02;12;615
7;2025-11-02;13;655
7;2025-11-02;14;685
7;2025-11-02;15;691
7;2025-11-02;16;590
7;2025-11-02;17;632
7;2025-11-02;18;620
7;2025-11-02;19;487
7;2025-11-02;20;419
7;2025-11-02;21;320
7;2025-11-02;22;162
7;2025-11-02;23;119
7;2025-11-03;0;75
7;2025-11-03;1;14
7;2025-11-03;2;0
7;2025-11-03;3;0
7;2025-11-03;4;0
7;2025-11-03;5;29
7;2025-11-03;6;135
7;2025-11-03;7;229
7;2025-11-03;8;394
7;2025-11-03;9;482
7;2025-11-03;10;430
7;2025-11-03;11;531
7;2025-11-03;12;592
7;2025-11-03;13;638
7;2025-11-03;14;665
7;2025-11-03;15;660
7;2025-11-03;16;577
7;2025-11-03;17;629
7;2025-11-03;18;600
7;2025-11-03;19;505
7;2025-11-03;20;437
7;2025-11-03;21;334
7;2025-11-03;22;174
7;2025-11-03;23;118
7;2025-11-04;0;74
7;2025-11-04;1;15
7;2025-11-04;2;0
7;2025-11-04;3;0
7;2025-11-04;4;0
7;2025-11-04;5;29
7;2025-11-04;6;137
7;2025-11-04;7;229
7;2025-11-04;8;395
7;2025-11-04;9;492
7;2025-11-04;10;432
7;2025-11-04;11;533
7;2025-11-04;12;603
7;2025-11-04;13;637
7;2025-11-04;14;660
7;2025-11-04;15;672
7;2025-11-04;16;577
7;2025-11-04;17;627
7;2025-11-04;18;599
7;2025-11-04;19;506
7;2025-11-04;20;442
7;2025-11-04;21;336
7;2025-11-04;22;178
7;2025-11-04;23;121
7;2025-11-05;0;61
7;2025-11-05;1;12
7;2025-11-05;2;0
7;2025-11-05;3;0
7;2025-11-05;4;2
7;2025-11-05;5;193
7;2025-11-05;6;642
7;2025-11-05;7;1650
7;2025-11-05;8;2529
7;2025-11-05;9;1839
7;2025-11-05;10;1732
7;2025-11-05;11;1598
7;2025-11-05;12;1734
7;2025-11-05;13;1645
7;2025-11-05;14;1730
7;2025-11-05;15;1845
7;2025-11-05;16;1879
7;2025-11-05;17;2386
7;2025-11-05;18;2656
7;2025-11-05;19;1759
7;2025-11-05;20;1130
7;2025-11-05;21;652
7;2025-11-05;22;326
7;2025-11-05;23;196
7;2025-11-06;0;62
7;2025-11-06;1;12
7;2025-11-06;2;0
7;2025-11-06;3;0
7;2025-11-06;4;2
7;2025-11-06;5;192
7;2025-11-06;6;638
7;2025-11-06;7;1656
7;2025-11-06;8;2528
7;2025-11-06;9;1841
7;2025-11-06;10;1723
7;2025-11-06;11;1604
7;2025-11-06;12;1729
7;2025-11-06;13;1651
7;2025-11-06;14;1744
7;2025-11-06;15;1853
7;2025-11-06;16;1883
7;2025-11-06;17;2380
7;2025-11-06;18;2683
7;2025-11-06;19;1758
7;2025-11-06;20;1137
7;2025-11-06;21;660
7;2025-11-06;22;328
7;2025-11-06;23;201
7;2025-11-07;0;72
7;2025-11-07;1;14
7;2025-11-07;2;0
7;2025-11-07;3;0
7;2025-11-07;4;1
7;2025-11-07;5;176
7;2025-11-07;6;591
7;2025-11-07;7;1521
7;2025-11-07;8;2371
7;2025-11-07;9;1767
7;2025-11-07;10;1731
7;2025-11-07;11;1561
7;2025-11-07;12;1695
7;2025-11-07;13;1746
7;2025-11-07;14;1771
7;2025-11-07;15;1923
7;2025-11-07;16;2124
7;2025-11-07;17;2382
7;2025-11-07;18;2021
7;2025-11-07;19;1438
7;2025-11-07;20;1043
7;2025-11-07;21;613
7;2025-11-07;22;349
7;2025-11-07;23;241
7;2025-11-08;0;110
7;2025-11-08;1;21
7;2025-11-08;2;0
7;2025-11-08;3;0
7;2025-11-08;4;0
7;2025-11-08;5;49
7;2025-11-08;6;262
7;2025-11-08;7;366
7;2025-11-08;8;663
7;2025-11-08;9;586
7;2025-11-08;10;680
7;2025-11-08;11;743
7;2025-11-08;12;948
7;2025-11-08;13;925
7;2025-11-08;14;852
7;2025-11-08;15;892
7;2025-11-08;16;836
7;2025-11-08;17;833
7;2025-11-08;18;825
7;2025-11-08;19;726
7;2025-11-08;20;613
7;2025-11-08;21;435
7;2025-11-08;22;243
7;2025-11-08;23;177
7;2025-11-09;0;85
7;2025-11-09;1;16
7;2025-11-09;2;0
7;2025-11-09;3;0
7;2025-11-09;4;0
7;2025-11-09;5;27
7;2025-11-09;6;126
7;2025-11-09;7;202
7;2025-11-09;8;381
7;2025-11-09;9;485
7;2025-11-09;10;419
7;2025-11-09;11;545
7;2025-11-09;12;615
7;2025-11-09;13;655
7;2025-11-09;14;685
7;2025-11-09;15;691
7;2025-11-09;16;590
7;2025-11-09;17;632
7;2025-11-09;18;620
7;2025-11-09;19;487
7;2025-11-09;20;419
7;2025-11-09;21;320
7;2025-11-09;22;162
7;2025-11-09;23;119
7;2025-11-10;0;62
7;2025-11-10;1;12
7;2025-11-10;2;0
7;2025-11-10;3;0
7;2025-11-10;4;1
7;2025-11-10;5;188
7;2025-11-10;6;623
7;2025-11-10;7;1636
7;2025-11-10;8;2512
7;2025-11-10;9;1819
7;2025-11-10;10;1696
7;2025-11-10;11;1590
7;2025-11-10;12;1684
7;2025-11-10;13;1632
7;2025-11-10;14;1719
7;2025-11-10;15;1822
7;2025-11-10;16;1852
7;2025-11-10;17;2356
7;2025-11-10;18;2635
7;2025-11-10;19;1749
7;2025-11-10;20;1117
7;2025-11-10;21;639
7;2025-11-10;22;321
7;2025-11-10;23;189
7;2025-11-11;0;61
7;2025-11-11;1;12
7;2025-11-11;2;0
7;2025-11-11;3;0
7;2025-11-11;4;2
7;2025-11-11;5;193
7;2025-11-11;6;634
7;2025-11-11;7;1652
7;2025-11-11;8;2527
7;2025-11-11;9;1854
7;2025-11-11;10;1718
7;2025-11-11;11;1598
7;2025-11-11;12;1716
7;2025-11-11;13;1647
7;2025-11-11;14;1728
7;2025-11-11;15;1845
7;2025-11-11;16;1872
7;2025-11-11;17;2368
7;2025-11-11;18;2662
7;2025-11-11;19;1767
7;2025-11-11;20;1157
7;2025-11-11;21;661
7;2025-11-11;22;332
7;2025-11-11;23;200
7;2025-11-12;0;61
7;2025-11-12;1;12
7;2025-11-12;2;0
7;2025-11-12;3;0
7;2025-11-12;4;2
7;2025-11-12;5;193
7;2025-11-12;6;642
7;2025-11-12;7;1650
7;2025-11-12;8;2529
7;2025-11-12;9;1839
7;2025-11-12;10;1732
7;2025-11-12;11;1598
7;2025-11-12;12;1734
7;2025-11-12;13;1645
7;2025-11-12;14;1730
7;2025-11-12;15;1845
7;2025-11-12;16;1879
7;2025-11-12;17;2386
7;2025-11-12;18;2656
7;2025-11-12;19;1759
7;2025-11-12;20;1130
7;2025-11-12;21;652
7;2025-11-12;22;326
7;2025-11-12;23;196
7;2025-11-13;0;62
7;2025-11-13;1;12
7;2025-11-13;2;0
7;2025-11-13;3;0
7;2025-11-13;4;2
7;2025-11-13;5;192
7;2025-11-13;6;638
7;2025-11-13;7;1656
7;2025-11-13;8;2528
7;2025-11-13;9;1841
7;2025-11-13;10;1723
7;2025-11-13;11;1604
7;2025-11-13;12;1729
7;2025-11-13;13;1651
7;2025-11-13;14;1744
7;2025-11-13;15;1853
7;2025-11-13;16;1883
7;2025-11-13;17;2380
7;2025-11-13;18;2683
7;2025-11-13;19;1758
7;2025-11-13;20;1137
7;2025-11-13;21;660
7;2025-11-13;22;328
7;2025-11-13;23;201
7;2025-11-14;0;72
7;2025-11-14;1;14
7;2025-11-14;2;0
7;2025-11-14;3;0
7;2025-11-14;4;1
7;2025-11-14;5;176
7;2025-11-14;6;591
7;2025-11-14;7;1521
7;2025-11-14;8;2371
7;2025-11-14;9;1767
7;2025-11-14;10;1731
7;2025-11-14;11;1561
7;2025-11-14;12;1695
7;2025-11-14;13;1746
7;2025-11-14;14;1771
7;2025-11-14;15;1923
7;2025-11-14;16;2124
7;2025-11-14;17;2382
7;2025-11-14;18;2021
7;2025-11-14;19;1438
7;2025-11-14;20;1043
7;2025-11-14;21;613
7;2025-11-14;22;349
7;2025-11-14;23;241
7;2025-11-15;0;117
7;2025-11-15;1;24
7;2025-11-15;2;0
7;2025-11-15;3;0
7;2025-11-15;4;0
7;2025-11-15;5;64
7;2025-11-15;6;317
7;2025-11-15;7;489
7;2025-11-15;8;910
7;2025-11-15;9;1026
7;2025-11-15;10;1070
7;2025-11-15;11;1304
7;2025-11-15;12;1334
7;2025-11-15;13;1435
7;2025-11-15;14;1552
7;2025-11-15;15;1312
7;2025-11-15;16;1355
7;2025-11-15;17;1343
7;2025-11-15;18;1168
7;2025-11-15;19;1154
7;2025-11-15;20;916
7;2025-11-15;21;741
7;2025-11-15;22;397
7;2025-11-15;23;228
7;2025-11-16;0;97
7;2025-11-16;1;18
7;2025-11-16;2;0
7;2025-11-16;3;0
7;2025-11-16;4;0
7;2025-11-16;5;39
7;2025-11-16;6;217
7;2025-11-16;7;330
7;2025-11-16;8;541
7;2025-11-16;9;717
7;2025-11-16;10;810
7;2025-11-16;11;1017
7;2025-11-16;12;1098
7;2025-11-16;13;1152
7;2025-11-16;14;1250
7;2025-11-16;15;1174
7;2025-11-16;16;1149
7;2025-11-16;17;1108
7;2025-11-16;18;950
7;2025-11-16;19;901
7;2025-11-16;20;698
7;2025-11-16;21;566
7;2025-11-16;22;323
7;2025-11-16;23;169
7;2025-11-17;0;62
7;2025-11-17;1;12
7;2025-11-17;2;0
7;2025-11-17;3;0
7;2025-11-17;4;1
7;2025-11-17;5;188
7;2025-11-17;6;623
7;2025-11-17;7;1636
7;2025-11-17;8;2512
7;2025-11-17;9;1819
7;2025-11-17;10;1696
7;2025-11-17;11;1590
7;2025-11-17;12;1684
7;2025-11-17;13;1632
7;2025-11-17;14;1719
7;2025-11-17;15;1822
7;2025-11-17;16;1852
7;2025-11-17;17;2356
7;2025-11-17;18;2635
7;2025-11-17;19;1749
7;2025-11-17;20;1117
7;2025-11-17;21;639
7;2025-11-17;22;321
7;2025-11-17;23;189
7;2025-11-18;0;61
7;2025-11-18;1;12
7;2025-11-18;2;0
7;2025-11-18;3;0
7;2025-11-18;4;2
7;2025-11-18;5;193
7;2025-11-18;6;634
7;2025-11-18;7;1652
7;2025-11-18;8;2527
7;2025-11-18;9;1854
7;2025-11-18;10;1718
7;2025-11-18;11;1598
7;2025-11-18;12;1716
7;2025-11-18;13;1647
7;2025-11-18;14;1728
7;2025-11-18;15;1845
7;2025-11-18;16;1872
7;2025-11-18;17;2368
7;2025-11-18;18;2662
7;2025-11-18;19;1767
7;2025-11-18;20;1157
7;2025-11-18;21;661
7;2025-11-18;22;332
7;2025-11-18;23;200
7;2025-11-19;0;61
7;2025-11-19;1;12
7;2025-11-19;2;0
7;2025-11-19;3;0
7;2025-11-19;4;2
7;2025-11-19;5;193
7;2025-11-19;6;642
7;2025-11-19;7;1650
7;2025-11-19;8;2529
7;2025-11-19;9;1839
7;2025-11-19;10;1732
7;2025-11-19;11;1598
7;2025-11-19;12;1734
7;2025-11-19;13;1645
7;2025-11-19;14;1730
7;2025-11-19;15;1845
7;2025-11-19;16;1879
7;2025-11-19;17;2386
7;2025-11-19;18;2656
7;2025-11-19;19;1759
7;2025-11-19;20;1130
7;2025-11-19;21;652
7;2025-11-19;22;326
7;2025-11-19;23;196
7;2025-11-20;0;62
7;2025-11-20;1;12
7;2025-11-20;2;0
7;2025-11-20;3;0
7;2025-11-20;4;2
7;2025-11-20;5;192
7;2025-11-20;6;638
7;2025-11-20;7;1656
7;2025-11-20;8;2528
7;2025-11-20;9;1841
7;2025-11-20;10;1723
7;2025-11-20;11;1604
7;2025-11-20;12;1729
7;2025-11-20;13;1651
7;2025-11-20;14;1744
7;2025-11-20;15;1853
7;2025-11-20;16;1883
7;2025-11-20;17;2380
7;2025-11-20;18;2683
7;2025-11-20;19;1758
7;2025-11-20;20;1137
7;2025-11-20;21;660
7;2025-11-20;22;328
7;2025-11-20;23;201
7;2025-11-21;0;72
7;2025-11-21;1;14
7;2025-11-21;2;0
7;2025-11-21;3;0
7;2025-11-21;4;1
7;2025-11-21;5;176
7;2025-11-21;6;591
7;2025-11-21;7;1521
7;2025-11-21;8;2371
7;2025-11-21;9;1767
7;2025-11-21;10;1731
7;2025-11-21;11;1561
7;2025-11-21;12;1695
7;2025-11-21;13;1746
7;2025-11-21;14;1771
7;2025-11-21;15;1923
7;2025-11-21;16;2124
7;2025-11-21;17;2382
7;2025-11-21;18;2021
7;2025-11-21;19;1438
7;2025-11-21;20;1043
7;2025-11-21;21;613
7;2025-11-21;22;349
7;2025-11-21;23;241
7;2025-11-22;0;119
7;2025-11-22;1;25
7;2025-11-22;2;0
7;2025-11-22;3;0
7;2025-11-22;4;0
7;2025-11-22;5;65
7;2025-11-22;6;322
7;2025-11-22;7;495
7;2025-11-22;8;911
7;2025-11-22;9;1023
7;2025-11-22;10;1066
7;2025-11-22;11;1309
7;2025-11-22;12;1341
7;2025-11-22;13;1441
7;2025-11-22;14;1564
7;2025-11-22;15;1320
7;2025-11-22;16;1366
7;2025-11-22;17;1354
7;2025-11-22;18;1175
7;2025-11-22;19;1165
7;2025-11-22;20;919
7;2025-11-22;21;745
7;2025-11-22;22;402
7;2025-11-22;23;231
7;2025-11-23;0;99
7;2025-11-23;1;18
7;2025-11-23;2;0
7;2025-11-23;3;0
7;2025-11-23;4;0
7;2025-11-23;5;40
7;2025-11-23;6;222
7;2025-11-23;7;335
7;2025-11-23;8;546
7;2025-11-23;9;719
7;2025-11-23;10;811
7;2025-11-23;11;1028
7;2025-11-23;12;1110
7;2025-11-23;13;1165
7;2025-11-23;14;1269
7;2025-11-23;15;1192
7;2025-11-23;16;1164
7;2025-11-23;17;1122
7;2025-11-23;18;965
7;2025-11-23;19;915
7;2025-11-23;20;706
7;2025-11-23;21;573
7;2025-11-23;22;328
7;2025-11-23;23;172
7;2025-11-24;0;63
7;2025-11-24;1;12
7;2025-11-24;2;0
7;2025-11-24;3;0
7;2025-11-24;4;2
7;2025-11-24;5;192
7;2025-11-24;6;643
7;2025-11-24;7;1652
7;2025-11-24;8;2533
7;2025-11-24;9;1815
7;2025-11-24;10;1695
7;2025-11-24;11;1567
7;2025-11-24;12;1684
7;2025-11-24;13;1617
7;2025-11-24;14;1707
7;2025-11-24;15;1824
7;2025-11-24;16;1855
7;2025-11-24;17;2360
7;2025-11-24;18;2661
7;2025-11-24;19;1758
7;2025-11-24;20;1128
7;2025-11-24;21;649
7;2025-11-24;22;330
7;2025-11-24;23;195
7;2025-11-25;0;63
7;2025-11-25;1;12
7;2025-11-25;2;0
7;2025-11-25;3;0
7;2025-11-25;4;2
7;2025-11-25;5;194
7;2025-11-25;6;647
7;2025-11-25;7;1657
7;2025-11-25;8;2538
7;2025-11-25;9;1827
7;2025-11-25;10;1702
7;2025-11-25;11;1570
7;2025-11-25;12;1695
7;2025-11-25;13;1622
7;2025-11-25;14;1710
7;2025-11-25;15;1832
7;2025-11-25;16;1862
7;2025-11-25;17;2364
7;2025-11-25;18;2670
7;2025-11-25;19;1764
7;2025-11-25;20;1141
7;2025-11-25;21;656
7;2025-11-25;22;333
7;2025-11-25;23;199
7;2025-11-26;0;63
7;2025-11-26;1;12
7;2025-11-26;2;0
7;2025-11-26;3;0
7;2025-11-26;4;2
7;2025-11-26;5;194
7;2025-11-26;6;649
7;2025-11-26;7;1656
7;2025-11-26;8;2538
7;2025-11-26;9;1822
7;2025-11-26;10;1707
7;2025-11-26;11;1570
7;2025-11-26;12;1701
7;2025-11-26;13;1622
7;2025-11-26;14;1711
7;2025-11-26;15;1832
7;2025-11-26;16;1864
7;2025-11-26;17;2370
7;2025-11-26;18;2668
7;2025-11-26;19;1761
7;2025-11-26;20;1132
7;2025-11-26;21;654
7;2025-11-26;22;331
7;2025-11-26;23;198
7;2025-11-27;0;63
7;2025-11-27;1;12
7;2025-11-27;2;0
7;2025-11-27;3;0
7;2025-11-27;4;2
7;2025-11-27;5;194
7;2025-11-27;6;648
7;2025-11-27;7;1659
7;2025-11-27;8;2538
7;2025-11-27;9;1822
7;2025-11-27;10;1703
7;2025-11-27;11;1572
7;2025-11-27;12;1699
7;2025-11-27;13;1624
7;2025-11-27;14;1716
7;2025-11-27;15;1834
7;2025-11-27;16;1866
7;2025-11-27;17;2368
7;2025-11-27;18;2677
7;2025-11-27;19;1761
7;2025-11-27;20;1134
7;2025-11-27;21;656
7;2025-11-27;22;332
7;2025-11-27;23;199
7;2025-11-28;0;71
7;2025-11-28;1;15
7;2025-11-28;2;0
7;2025-11-28;3;0
7;2025-11-28;4;1
7;2025-11-28;5;180
7;2025-11-28;6;596
7;2025-11-28;7;1532
7;2025-11-28;8;2391
7;2025-11-28;9;1766
7;2025-11-28;10;1715
7;2025-11-28;11;1542
7;2025-11-28;12;1685
7;2025-11-28;13;1738
7;2025-11-28;14;1763
7;2025-11-28;15;1923
7;2025-11-28;16;2124
7;2025-11-28;17;2387
7;2025-11-28;18;2035
7;2025-11-28;19;1441
7;2025-11-28;20;1052
7;2025-11-28;21;621
7;2025-11-28;22;358
7;2025-11-28;23;242
7;2025-11-29;0;119
7;2025-11-29;1;25
7;2025-11-29;2;0
7;2025-11-29;3;0
7;2025-11-29;4;0
7;2025-11-29;5;65
7;2025-11-29;6;322
7;2025-11-29;7;495
7;2025-11-29;8;911
7;2025-11-29;9;1023
7;2025-11-29;10;1066
7;2025-11-29;11;1309
7;2025-11-29;12;1341
7;2025-11-29;13;1441
7;2025-11-29;14;1564
7;2025-11-29;15;1320
7;2025-11-29;16;1366
7;2025-11-29;17;1354
7;2025-11-29;18;1175
7;2025-11-29;19;1165
7;2025-11-29;20;919
7;2025-11-29;21;745
7;2025-11-29;22;402
7;2025-11-29;23;231
7;2025-11-30;0;99
7;2025-11-30;1;18
7;2025-11-30;2;0
7;2025-11-30;3;0
7;2025-11-30;4;0
7;2025-11-30;5;40
7;2025-11-30;6;222
7;2025-11-30;7;335
7;2025-11-30;8;546
7;2025-11-30;9;719
7;2025-11-30;10;811
7;2025-11-30;11;1028
7;2025-11-30;12;1110
7;2025-11-30;13;1165
7;2025-11-30;14;1269
7;2025-11-30;15;1192
7;2025-11-30;16;1164
7;2025-11-30;17;1122
7;2025-11-30;18;965
7;2025-11-30;19;915
7;2025-11-30;20;706
7;2025-11-30;21;573
7;2025-11-30;22;328
7;2025-11-30;23;172
7;2025-12-01;0;62
7;2025-12-01;1;12
7;2025-12-01;2;0
7;2025-12-01;3;0
7;2025-12-01;4;2
7;2025-12-01;5;189
7;2025-12-01;6;630
7;2025-12-01;7;1619
7;2025-12-01;8;2482
7;2025-12-01;9;1779
7;2025-12-01;10;1661
7;2025-12-01;11;1536
7;2025-12-01;12;1650
7;2025-12-01;13;1585
7;2025-12-01;14;1673
7;2025-12-01;15;1788
7;2025-12-01;16;1818
7;2025-12-01;17;2313
7;2025-12-01;18;2608
7;2025-12-01;19;1723
7;2025-12-01;20;1105
7;2025-12-01;21;636
7;2025-12-01;22;323
7;2025-12-01;23;191
7;2025-12-02;0;61
7;2025-12-02;1;12
7;2025-12-02;2;0
7;2025-12-02;3;0
7;2025-12-02;4;2
7;2025-12-02;5;190
7;2025-12-02;6;634
7;2025-12-02;7;1624
7;2025-12-02;8;2487
7;2025-12-02;9;1790
7;2025-12-02;10;1668
7;2025-12-02;11;1539
7;2025-12-02;12;1661
7;2025-12-02;13;1590
7;2025-12-02;14;1676
7;2025-12-02;15;1795
7;2025-12-02;16;1825
7;2025-12-02;17;2317
7;2025-12-02;18;2616
7;2025-12-02;19;1729
7;2025-12-02;20;1118
7;2025-12-02;21;643
7;2025-12-02;22;327
7;2025-12-02;23;195
7;2025-12-03;0;61
7;2025-12-03;1;12
7;2025-12-03;2;0
7;2025-12-03;3;0
7;2025-12-03;4;2
7;2025-12-03;5;190
7;2025-12-03;6;636
7;2025-12-03;7;1623
7;2025-12-03;8;2488
7;2025-12-03;9;1785
7;2025-12-03;10;1673
7;2025-12-03;11;1538
7;2025-12-03;12;1667
7;2025-12-03;13;1589
7;2025-12-03;14;1677
7;2025-12-03;15;1795
7;2025-12-03;16;1827
7;2025-12-03;17;2323
7;2025-12-03;18;2614
7;2025-12-03;19;1726
7;2025-12-03;20;1109
7;2025-12-03;21;640
7;2025-12-03;22;325
7;2025-12-03;23;194
7;2025-12-04;0;62
7;2025-12-04;1;12
7;2025-12-04;2;0
7;2025-12-04;3;0
7;2025-12-04;4;2
7;2025-12-04;5;190
7;2025-12-04;6;635
7;2025-12-04;7;1625
7;2025-12-04;8;2488
7;2025-12-04;9;1786
7;2025-12-04;10;1669
7;2025-12-04;11;1540
7;2025-12-04;12;1665
7;2025-12-04;13;1591
7;2025-12-04;14;1681
7;2025-12-04;15;1798
7;2025-12-04;16;1828
7;2025-12-04;17;2321
7;2025-12-04;18;2623
7;2025-12-04;19;1725
7;2025-12-04;20;1112
7;2025-12-04;21;643
7;2025-12-04;22;325
7;2025-12-04;23;195
7;2025-12-05;0;70
7;2025-12-05;1;15
7;2025-12-05;2;0
7;2025-12-05;3;0
7;2025-12-05;4;1
7;2025-12-05;5;176
7;2025-12-05;6;584
7;2025-12-05;7;1502
7;2025-12-05;8;2343
7;2025-12-05;9;1731
7;2025-12-05;10;1681
7;2025-12-05;11;1511
7;2025-12-05;12;1651
7;2025-12-05;13;1703
7;2025-12-05;14;1727
7;2025-12-05;15;1885
7;2025-12-05;16;2082
7;2025-12-05;17;2339
7;2025-12-05;18;1994
7;2025-12-05;19;1413
7;2025-12-05;20;1031
7;2025-12-05;21;608
7;2025-12-05;22;351
7;2025-12-05;23;237
7;2025-12-06;0;117
7;2025-12-06;1;24
7;2025-12-06;2;0
7;2025-12-06;3;0
7;2025-12-06;4;0
7;2025-12-06;5;64
7;2025-12-06;6;316
7;2025-12-06;7;485
7;2025-12-06;8;893
7;2025-12-06;9;1002
7;2025-12-06;10;1045
7;2025-12-06;11;1283
7;2025-12-06;12;1314
7;2025-12-06;13;1412
7;2025-12-06;14;1533
7;2025-12-06;15;1294
7;2025-12-06;16;1338
7;2025-12-06;17;1327
7;2025-12-06;18;1152
7;2025-12-06;19;1142
7;2025-12-06;20;901
7;2025-12-06;21;731
7;2025-12-06;22;393
7;2025-12-06;23;227
7;2025-12-07;0;97
7;2025-12-07;1;18
7;2025-12-07;2;0
7;2025-12-07;3;0
7;2025-12-07;4;0
7;2025-12-07;5;39
7;2025-12-07;6;218
7;2025-12-07;7;329
7;2025-12-07;8;535
7;2025-12-07;9;705
7;2025-12-07;10;795
7;2025-12-07;11;1007
7;2025-12-07;12;1088
7;2025-12-07;13;1142
7;2025-12-07;14;1244
7;2025-12-07;15;1168
7;2025-12-07;16;1141
7;2025-12-07;17;1100
7;2025-12-07;18;946
7;2025-12-07;19;896
7;2025-12-07;20;692
7;2025-12-07;21;562
7;2025-12-07;22;321
7;2025-12-07;23;169
7;2025-12-08;0;62
7;2025-12-08;1;12
7;2025-12-08;2;0
7;2025-12-08;3;0
7;2025-12-08;4;2
7;2025-12-08;5;189
7;2025-12-08;6;630
7;2025-12-08;7;1619
7;2025-12-08;8;2482
7;2025-12-08;9;1779
7;2025-12-08;10;1661
7;2025-12-08;11;1536
7;2025-12-08;12;1650
7;2025-12-08;13;1585
7;2025-12-08;14;1673
7;2025-12-08;15;1788
7;2025-12-08;16;1818
7;2025-12-08;17;2313
7;2025-12-08;18;2608
7;2025-12-08;19;1723
7;2025-12-08;20;1105
7;2025-12-08;21;636
7;2025-12-08;22;323
7;2025-12-08;23;191
7;2025-12-09;0;61
7;2025-12-09;1;12
7;2025-12-09;2;0
7;2025-12-09;3;0
7;2025-12-09;4;2
7;2025-12-09;5;190
7;2025-12-09;6;634
7;2025-12-09;7;1624
7;2025-12-09;8;2487
7;2025-12-09;9;1790
7;2025-12-09;10;1668
7;2025-12-09;11;1539
7;2025-12-09;12;1661
7;2025-12-09;13;1590
7;2025-12-09;14;1676
7;2025-12-09;15;1795
7;2025-12-09;16;1825
7;2025-12-09;17;2317
7;2025-12-09;18;2616
7;2025-12-09;19;1729
7;2025-12-09;20;1118
7;2025-12-09;21;643
7;2025-12-09;22;327
7;2025-12-09;23;195
7;2025-12-10;0;61
7;2025-12-10;1;12
7;2025-12-10;2;0
7;2025-12-10;3;0
7;2025-12-10;4;2
7;2025-12-10;5;190
7;2025-12-10;6;636
7;2025-12-10;7;1623
7;2025-12-10;8;2488
7;2025-12-10;9;1785
7;2025-12-10;10;1673
7;2025-12-10;11;1538
7;2025-12-10;12;1667
7;2025-12-10;13;1589
7;2025-12-10;14;1677
7;2025-12-10;15;1795
7;2025-12-10;16;1827
7;2025-12-10;17;2323
7;2025-12-10;18;2614
7;2025-12-10;19;1726
7;2025-12-10;20;1109
7;2025-12-10;21;640
7;2025-12-10;22;325
7;2025-12-10;23;194
7;2025-12-11;0;62
7;2025-12-11;1;12
7;2025-12-11;2;0
7;2025-12-11;3;0
7;2025-12-11;4;2
7;2025-12-11;5;190
7;2025-12-11;6;635
7;2025-12-11;7;1625
7;2025-12-11;8;2488
7;2025-12-11;9;1786
7;2025-12-11;10;1669
7;2025-12-11;11;1540
7;2025-12-11;12;1665
7;2025-12-11;13;1591
7;2025-12-11;14;1681
7;2025-12-11;15;1798
7;2025-12-11;16;1828
7;2025-12-11;17;2321
7;2025-12-11;18;2623
7;2025-12-11;19;1725
7;2025-12-11;20;1112
7;2025-12-11;21;643
7;2025-12-11;22;325
7;2025-12-11;23;195
7;2025-12-12;0;70
7;2025-12-12;1;15
7;2025-12-12;2;0
7;2025-12-12;3;0
7;2025-12-12;4;1
7;2025-12-12;5;176
7;2025-12-12;6;584
7;2025-12-12;7;1502
7;2025-12-12;8;2343
7;2025-12-12;9;1731
7;2025-12-12;10;1681
7;2025-12-12;11;1511
7;2025-12-12;12;1651
7;2025-12-12;13;1703
7;2025-12-12;14;1727
7;2025-12-12;15;1885
7;2025-12-12;16;2082
7;2025-12-12;17;2339
7;2025-12-12;18;1994
7;2025-12-12;19;1413
7;2025-12-12;20;1031
7;2025-12-12;21;608
7;2025-12-12;22;351
7;2025-12-12;23;237
7;2025-12-13;0;117
7;2025-12-13;1;24
7;2025-12-13;2;0
7;2025-12-13;3;0
7;2025-12-13;4;0
7;2025-12-13;5;64
7;2025-12-13;6;316
7;2025-12-13;7;485
7;2025-12-13;8;893
7;2025-12-13;9;1002
7;2025-12-13;10;1045
7;2025-12-13;11;1283
7;2025-12-13;12;1314
7;2025-12-13;13;1412
7;2025-12-13;14;1533
7;2025-12-13;15;1294
7;2025-12-13;16;1338
7;2025-12-13;17;1327
7;2025-12-13;18;1152
7;2025-12-13;19;1142
7;2025-12-13;20;901
7;2025-12-13;21;731
7;2025-12-13;22;393
7;2025-12-13;23;227
7;2025-12-14;0;97
7;2025-12-14;1;18
7;2025-12-14;2;0
7;2025-12-14;3;0
7;2025-12-14;4;0
7;2025-12-14;5;39
7;2025-12-14;6;218
7;2025-12-14;7;329
7;2025-12-14;8;535
7;2025-12-14;9;705
7;2025-12-14;10;795
7;2025-12-14;11;1007
7;2025-12-14;12;1088
7;2025-12-14;13;1142
7;2025-12-14;14;1244
7;2025-12-14;15;1168
7;2025-12-14;16;1141
7;2025-12-14;17;1100
7;2025-12-14;18;946
7;2025-12-14;19;896
7;2025-12-14;20;692
7;2025-12-14;21;562
7;2025-12-14;22;321
7;2025-12-14;23;169
7;2025-12-15;0;62
7;2025-12-15;1;12
7;2025-12-15;2;0
7;2025-12-15;3;0
7;2025-12-15;4;2
7;2025-12-15;5;189
7;2025-12-15;6;630
7;2025-12-15;7;1619
7;2025-12-15;8;2482
7;2025-12-15;9;1779
7;2025-12-15;10;1661
7;2025-12-15;11;1536
7;2025-12-15;12;1650
7;2025-12-15;13;1585
7;2025-12-15;14;1673
7;2025-12-15;15;1788
7;2025-12-15;16;1818
7;2025-12-15;17;2313
7;2025-12-15;18;2608
7;2025-12-15;19;1723
7;2025-12-15;20;1105
7;2025-12-15;21;636
7;2025-12-15;22;323
7;2025-12-15;23;191
7;2025-12-16;0;61
7;2025-12-16;1;12
7;2025-12-16;2;0
7;2025-12-16;3;0
7;2025-12-16;4;2
7;2025-12-16;5;190
7;2025-12-16;6;634
7;2025-12-16;7;1624
7;2025-12-16;8;2487
7;2025-12-16;9;1790
7;2025-12-16;10;1668
7;2025-12-16;11;1539
7;2025-12-16;12;1661
7;2025-12-16;13;1590
7;2025-12-16;14;1676
7;2025-12-16;15;1795
7;2025-12-16;16;1825
7;2025-12-16;17;2317
7;2025-12-16;18;2616
7;2025-12-16;19;1729
7;2025-12-16;20;1118
7;2025-12-16;21;643
7;2025-12-16;22;327
7;2025-12-16;23;195
7;2025-12-17;0;61
7;2025-12-17;1;12
7;2025-12-17;2;0
7;2025-12-17;3;0
7;2025-12-17;4;2
7;2025-12-17;5;190
7;2025-12-17;6;636
7;2025-12-17;7;1623
7;2025-12-17;8;2488
7;2025-12-17;9;1785
7;2025-12-17;10;1673
7;2025-12-17;11;1538
7;2025-12-17;12;1667
7;2025-12-17;13;1589
7;2025-12-17;14;1677
7;2025-12-17;15;1795
7;2025-12-17;16;1827
7;2025-12-17;17;2323
7;2025-12-17;18;2614
7;2025-12-17;19;1726
7;2025-12-17;20;1109
7;2025-12-17;21;640
7;2025-12-17;22;325
7;2025-12-17;23;194
7;2025-12-18;0;62
7;2025-12-18;1;12
7;2025-12-18;2;0
7;2025-12-18;3;0
7;2025-12-18;4;2
7;2025-12-18;5;190
7;2025-12-18;6;635
7;2025-12-18;7;1625
7;2025-12-18;8;2487
7;2025-12-18;9;1785
7;2025-12-18;10;1669
7;2025-12-18;11;1539
7;2025-12-18;12;1664
7;2025-12-18;13;1590
7;2025-12-18;14;1680
7;2025-12-18;15;1797
7;2025-12-18;16;1827
7;2025-12-18;17;2320
7;2025-12-18;18;2623
7;2025-12-18;19;1454
7;2025-12-18;20;936
7;2025-12-18;21;542
7;2025-12-18;22;325
7;2025-12-18;23;195
7;2025-12-19;0;70
7;2025-12-19;1;15
7;2025-12-19;2;0
7;2025-12-19;3;0
7;2025-12-19;4;1
7;2025-12-19;5;176
7;2025-12-19;6;584
7;2025-12-19;7;1502
7;2025-12-19;8;2343
7;2025-12-19;9;1731
7;2025-12-19;10;1681
7;2025-12-19;11;1511
7;2025-12-19;12;1651
7;2025-12-19;13;1703
7;2025-12-19;14;1727
7;2025-12-19;15;1885
7;2025-12-19;16;2082
7;2025-12-19;17;2339
7;2025-12-19;18;1994
7;2025-12-19;19;1413
7;2025-12-19;20;1031
7;2025-12-19;21;608
7;2025-12-19;22;351
7;2025-12-19;23;237
7;2025-12-20;0;117
7;2025-12-20;1;24
7;2025-12-20;2;0
7;2025-12-20;3;0
7;2025-12-20;4;0
7;2025-12-20;5;64
7;2025-12-20;6;316
7;2025-12-20;7;485
7;2025-12-20;8;893
7;2025-12-20;9;1002
7;2025-12-20;10;1045
7;2025-12-20;11;1283
7;2025-12-20;12;1314
7;2025-12-20;13;1412
7;2025-12-20;14;1533
7;2025-12-20;15;1294
7;2025-12-20;16;1338
7;2025-12-20;17;1327
7;2025-12-20;18;1152
7;2025-12-20;19;1142
7;2025-12-20;20;901
7;2025-12-20;21;731
7;2025-12-20;22;393
7;2025-12-20;23;227
7;2025-12-21;0;97
7;2025-12-21;1;18
7;2025-12-21;2;0
7;2025-12-21;3;0
7;2025-12-21;4;0
7;2025-12-21;5;39
7;2025-12-21;6;218
7;2025-12-21;7;329
7;2025-12-21;8;535
7;2025-12-21;9;705
7;2025-12-21;10;795
7;2025-12-21;11;1007
7;2025-12-21;12;1088
7;2025-12-21;13;1142
7;2025-12-21;14;1244
7;2025-12-21;15;1168
7;2025-12-21;16;1141
7;2025-12-21;17;1100
7;2025-12-21;18;946
7;2025-12-21;19;896
7;2025-12-21;20;692
7;2025-12-21;21;562
7;2025-12-21;22;321
7;2025-12-21;23;169
7;2025-12-22;0;62
7;2025-12-22;1;12
7;2025-12-22;2;0
7;2025-12-22;3;0
7;2025-12-22;4;2
7;2025-12-22;5;189
7;2025-12-22;6;630
7;2025-12-22;7;1619
7;2025-12-22;8;2482
7;2025-12-22;9;1779
7;2025-12-22;10;1661
7;2025-12-22;11;1536
7;2025-12-22;12;1650
7;2025-12-22;13;1585
7;2025-12-22;14;1673
7;2025-12-22;15;1788
7;2025-12-22;16;1818
7;2025-12-22;17;2313
7;2025-12-22;18;2608
7;2025-12-22;19;1723
7;2025-12-22;20;1105
7;2025-12-22;21;636
7;2025-12-22;22;323
7;2025-12-22;23;191
7;2025-12-23;0;61
7;2025-12-23;1;12
7;2025-12-23;2;0
7;2025-12-23;3;0
7;2025-12-23;4;2
7;2025-12-23;5;190
7;2025-12-23;6;634
7;2025-12-23;7;1624
7;2025-12-23;8;2487
7;2025-12-23;9;1790
7;2025-12-23;10;1668
7;2025-12-23;11;1539
7;2025-12-23;12;1661
7;2025-12-23;13;1590
7;2025-12-23;14;1676
7;2025-12-23;15;1795
7;2025-12-23;16;1825
7;2025-12-23;17;2317
7;2025-12-23;18;2616
7;2025-12-23;19;1729
7;2025-12-23;20;1118
7;2025-12-23;21;643
7;2025-12-23;22;327
7;2025-12-23;23;195
7;2025-12-24;0;61
7;2025-12-24;1;12
7;2025-12-24;2;0
7;2025-12-24;3;0
7;2025-12-24;4;2
7;2025-12-24;5;190
7;2025-12-24;6;636
7;2025-12-24;7;1623
7;2025-12-24;8;2488
7;2025-12-24;9;1785
7;2025-12-24;10;1673
7;2025-12-24;11;1538
7;2025-12-24;12;1667
7;2025-12-24;13;1589
7;2025-12-24;14;1677
7;2025-12-24;15;1795
7;2025-12-24;16;1827
7;2025-12-24;17;2323
7;2025-12-24;18;2614
7;2025-12-24;19;1726
7;2025-12-24;20;1109
7;2025-12-24;21;640
7;2025-12-24;22;325
7;2025-12-24;23;194
7;2025-12-25;0;62
7;2025-12-25;1;12
7;2025-12-25;2;0
7;2025-12-25;3;0
7;2025-12-25;4;2
7;2025-12-25;5;190
7;2025-12-25;6;635
7;2025-12-25;7;1625
7;2025-12-25;8;2488
7;2025-12-25;9;1786
7;2025-12-25;10;1669
7;2025-12-25;11;1540
7;2025-12-25;12;1665
7;2025-12-25;13;1591
7;2025-12-25;14;1681
7;2025-12-25;15;1798
7;2025-12-25;16;1828
7;2025-12-25;17;2321
7;2025-12-25;18;2623
7;2025-12-25;19;1725
7;2025-12-25;20;1112
7;2025-12-25;21;643
7;2025-12-25;22;325
7;2025-12-25;23;195
7;2025-12-26;0;70
7;2025-12-26;1;15
7;2025-12-26;2;0
7;2025-12-26;3;0
7;2025-12-26;4;1
7;2025-12-26;5;176
7;2025-12-26;6;584
7;2025-12-26;7;1502
7;2025-12-26;8;2343
7;2025-12-26;9;1731
7;2025-12-26;10;1681
7;2025-12-26;11;1511
7;2025-12-26;12;1651
7;2025-12-26;13;1703
7;2025-12-26;14;1727
7;2025-12-26;15;1885
7;2025-12-26;16;2082
7;2025-12-26;17;2339
7;2025-12-26;18;1994
7;2025-12-26;19;1413
7;2025-12-26;20;1031
7;2025-12-26;21;608
7;2025-12-26;22;351
7;2025-12-26;23;237
7;2025-12-27;0;117
7;2025-12-27;1;24
7;2025-12-27;2;0
7;2025-12-27;3;0
7;2025-12-27;4;0
7;2025-12-27;5;64
7;2025-12-27;6;316
7;2025-12-27;7;485
7;2025-12-27;8;893
7;2025-12-27;9;1002
7;2025-12-27;10;1045
7;2025-12-27;11;1283
7;2025-12-27;12;1314
7;2025-12-27;13;1412
7;2025-12-27;14;1533
7;2025-12-27;15;1294
7;2025-12-27;16;1338
7;2025-12-27;17;1327
7;2025-12-27;18;1152
7;2025-12-27;19;1142
7;2025-12-27;20;901
7;2025-12-27;21;731
7;2025-12-27;22;393
7;2025-12-27;23;227
7;2025-12-28;0;97
7;2025-12-28;1;18
7;2025-12-28;2;0
7;2025-12-28;3;0
7;2025-12-28;4;0
7;2025-12-28;5;39
7;2025-12-28;6;218
7;2025-12-28;7;329
7;2025-12-28;8;535
7;2025-12-28;9;705
7;2025-12-28;10;795
7;2025-12-28;11;1007
7;2025-12-28;12;1088
7;2025-12-28;13;1142
7;2025-12-28;14;1244
7;2025-12-28;15;1168
7;2025-12-28;16;1141
7;2025-12-28;17;1100
7;2025-12-28;18;946
7;2025-12-28;19;896
7;2025-12-28;20;692
7;2025-12-28;21;562
7;2025-12-28;22;321
7;2025-12-28;23;169
7;2025-12-29;0;55
7;2025-12-29;1;11
7;2025-12-29;2;0
7;2025-12-29;3;0
7;2025-12-29;4;1
7;2025-12-29;5;169
7;2025-12-29;6;566
7;2025-12-29;7;1454
7;2025-12-29;8;2229
7;2025-12-29;9;1597
7;2025-12-29;10;1491
7;2025-12-29;11;1379
7;2025-12-29;12;1482
7;2025-12-29;13;1423
7;2025-12-29;14;1503
7;2025-12-29;15;1605
7;2025-12-29;16;1633
7;2025-12-29;17;2077
7;2025-12-29;18;2342
7;2025-12-29;19;1547
7;2025-12-29;20;992
7;2025-12-29;21;571
7;2025-12-29;22;290
7;2025-12-29;23;172
7;2025-12-30;0;55
7;2025-12-30;1;11
7;2025-12-30;2;0
7;2025-12-30;3;0
7;2025-12-30;4;1
7;2025-12-30;5;171
7;2025-12-30;6;569
7;2025-12-30;7;1458
7;2025-12-30;8;2234
7;2025-12-30;9;1607
7;2025-12-30;10;1498
7;2025-12-30;11;1382
7;2025-12-30;12;1491
7;2025-12-30;13;1428
7;2025-12-30;14;1505
7;2025-12-30;15;1612
7;2025-12-30;16;1639
7;2025-12-30;17;2080
7;2025-12-30;18;2350
7;2025-12-30;19;1552
7;2025-12-30;20;1004
7;2025-12-30;21;578
7;2025-12-30;22;293
7;2025-12-30;23;175
7;2025-12-31;0;95
7;2025-12-31;1;17
7;2025-12-31;2;0
7;2025-12-31;3;0
7;2025-12-31;4;0
7;2025-12-31;5;40
7;2025-12-31;6;223
7;2025-12-31;7;338
7;2025-12-31;8;543
7;2025-12-31;9;710
7;2025-12-31;10;796
7;2025-12-31;11;992
7;2025-12-31;12;1072
7;2025-12-31;13;1133
7;2025-12-31;14;1242
7;2025-12-31;15;1151
7;2025-12-31;16;1125
7;2025-12-31;17;1087
7;2025-12-31;18;946
7;2025-12-31;19;896
7;2025-12-31;20;698
7;2025-12-31;21;566
7;2025-12-31;22;320
7;2025-12-31;23;170
11;2025-11-01;0;60
11;2025-11-01;1;0
11;2025-11-01;2;0
11;2025-11-01;3;0
11;2025-11-01;4;0
11;2025-11-01;5;213
11;2025-11-01;6;1147
11;2025-11-01;7;2040
11;2025-11-01;8;2666
11;2025-11-01;9;2058
11;2025-11-01;10;1670
11;2025-11-01;11;1682
11;2025-11-01;12;1788
11;2025-11-01;13;1778
11;2025-11-01;14;1842
11;2025-11-01;15;1797
11;2025-11-01;16;1911
11;2025-11-01;17;2374
11;2025-11-01;18;2550
11;2025-11-01;19;1970
11;2025-11-01;20;1269
11;2025-11-01;21;720
11;2025-11-01;22;372
11;2025-11-01;23;224
11;2025-11-02;0;105
11;2025-11-02;1;11
11;2025-11-02;2;0
11;2025-11-02;3;0
11;2025-11-02;4;0
11;2025-11-02;5;103
11;2025-11-02;6;473
11;2025-11-02;7;467
11;2025-11-02;8;632
11;2025-11-02;9;886
11;2025-11-02;10;990
11;2025-11-02;11;1385
11;2025-11-02;12;1484
11;2025-11-02;13;1442
11;2025-11-02;14;1489
11;2025-11-02;15;1501
11;2025-11-02;16;1406
11;2025-11-02;17;1590
11;2025-11-02;18;1231
11;2025-11-02;19;949
11;2025-11-02;20;771
11;2025-11-02;21;563
11;2025-11-02;22;324
11;2025-11-02;23;232
11;2025-11-03;0;98
11;2025-11-03;1;11
11;2025-11-03;2;0
11;2025-11-03;3;0
11;2025-11-03;4;0
11;2025-11-03;5;111
11;2025-11-03;6;494
11;2025-11-03;7;508
11;2025-11-03;8;667
11;2025-11-03;9;896
11;2025-11-03;10;980
11;2025-11-03;11;1327
11;2025-11-03;12;1448
11;2025-11-03;13;1431
11;2025-11-03;14;1446
11;2025-11-03;15;1479
11;2025-11-03;16;1321
11;2025-11-03;17;1529
11;2025-11-03;18;1242
11;2025-11-03;19;992
11;2025-11-03;20;821
11;2025-11-03;21;579
11;2025-11-03;22;324
11;2025-11-03;23;224
11;2025-11-04;0;89
11;2025-11-04;1;9
11;2025-11-04;2;0
11;2025-11-04;3;0
11;2025-11-04;4;0
11;2025-11-04;5;111
11;2025-11-04;6;494
11;2025-11-04;7;508
11;2025-11-04;8;667
11;2025-11-04;9;897
11;2025-11-04;10;981
11;2025-11-04;11;1313
11;2025-11-04;12;1434
11;2025-11-04;13;1387
11;2025-11-04;14;1438
11;2025-11-04;15;1482
11;2025-11-04;16;1305
11;2025-11-04;17;1507
11;2025-11-04;18;1228
11;2025-11-04;19;991
11;2025-11-04;20;829
11;2025-11-04;21;579
11;2025-11-04;22;332
11;2025-11-04;23;227
11;2025-11-05;0;66
11;2025-11-05;1;0
11;2025-11-05;2;0
11;2025-11-05;3;0
11;2025-11-05;4;0
11;2025-11-05;5;261
11;2025-11-05;6;1383
11;2025-11-05;7;2514
11;2025-11-05;8;3277
11;2025-11-05;9;2515
11;2025-11-05;10;2033
11;2025-11-05;11;1990
11;2025-11-05;12;2007
11;2025-11-05;13;2121
11;2025-11-05;14;2078
11;2025-11-05;15;2069
11;2025-11-05;16;2267
11;2025-11-05;17;2877
11;2025-11-05;18;3135
11;2025-11-05;19;2386
11;2025-11-05;20;1548
11;2025-11-05;21;848
11;2025-11-05;22;417
11;2025-11-05;23;244
11;2025-11-06;0;63
11;2025-11-06;1;0
11;2025-11-06;2;0
11;2025-11-06;3;0
11;2025-11-06;4;0
11;2025-11-06;5;259
11;2025-11-06;6;1394
11;2025-11-06;7;2512
11;2025-11-06;8;3290
11;2025-11-06;9;2522
11;2025-11-06;10;2077
11;2025-11-06;11;2002
11;2025-11-06;12;2046
11;2025-11-06;13;2115
11;2025-11-06;14;2111
11;2025-11-06;15;2074
11;2025-11-06;16;2312
11;2025-11-06;17;2892
11;2025-11-06;18;3149
11;2025-11-06;19;2396
11;2025-11-06;20;1554
11;2025-11-06;21;885
11;2025-11-06;22;419
11;2025-11-06;23;249
11;2025-11-07;0;68
11;2025-11-07;1;0
11;2025-11-07;2;0
11;2025-11-07;3;0
11;2025-11-07;4;0
11;2025-11-07;5;267
11;2025-11-07;6;1299
11;2025-11-07;7;2321
11;2025-11-07;8;3140
11;2025-11-07;9;2297
11;2025-11-07;10;1985
11;2025-11-07;11;1861
11;2025-11-07;12;1927
11;2025-11-07;13;1929
11;2025-11-07;14;2017
11;2025-11-07;15;2156
11;2025-11-07;16;2304
11;2025-11-07;17;2813
11;2025-11-07;18;2468
11;2025-11-07;19;1979
11;2025-11-07;20;1383
11;2025-11-07;21;835
11;2025-11-07;22;416
11;2025-11-07;23;314
11;2025-11-08;0;102
11;2025-11-08;1;1
11;2025-11-08;2;0
11;2025-11-08;3;0
11;2025-11-08;4;0
11;2025-11-08;5;207
11;2025-11-08;6;858
11;2025-11-08;7;766
11;2025-11-08;8;1081
11;2025-11-08;9;1205
11;2025-11-08;10;1405
11;2025-11-08;11;1741
11;2025-11-08;12;1954
11;2025-11-08;13;1840
11;2025-11-08;14;1978
11;2025-11-08;15;1852
11;2025-11-08;16;1847
11;2025-11-08;17;1927
11;2025-11-08;18;1613
11;2025-11-08;19;1556
11;2025-11-08;20;1103
11;2025-11-08;21;756
11;2025-11-08;22;448
11;2025-11-08;23;297
11;2025-11-09;0;105
11;2025-11-09;1;11
11;2025-11-09;2;0
11;2025-11-09;3;0
11;2025-11-09;4;0
11;2025-11-09;5;103
11;2025-11-09;6;473
11;2025-11-09;7;467
11;2025-11-09;8;632
11;2025-11-09;9;886
11;2025-11-09;10;990
11;2025-11-09;11;1385
11;2025-11-09;12;1484
11;2025-11-09;13;1442
11;2025-11-09;14;1489
11;2025-11-09;15;1501
11;2025-11-09;16;1406
11;2025-11-09;17;1590
11;2025-11-09;18;1231
11;2025-11-09;19;949
11;2025-11-09;20;771
11;2025-11-09;21;563
11;2025-11-09;22;324
11;2025-11-09;23;232
11;2025-11-10;0;67
11;2025-11-10;1;0
11;2025-11-10;2;0
11;2025-11-10;3;0
11;2025-11-10;4;0
11;2025-11-10;5;259
11;2025-11-10;6;1386
11;2025-11-10;7;2508
11;2025-11-10;8;3286
11;2025-11-10;9;2508
11;2025-11-10;10;2013
11;2025-11-10;11;1976
11;2025-11-10;12;1976
11;2025-11-10;13;2073
11;2025-11-10;14;2079
11;2025-11-10;15;2091
11;2025-11-10;16;2277
11;2025-11-10;17;2881
11;2025-11-10;18;3131
11;2025-11-10;19;2382
11;2025-11-10;20;1511
11;2025-11-10;21;854
11;2025-11-10;22;409
11;2025-11-10;23;238
11;2025-11-11;0;61
11;2025-11-11;1;0
11;2025-11-11;2;0
11;2025-11-11;3;0
11;2025-11-11;4;0
11;2025-11-11;5;257
11;2025-11-11;6;1389
11;2025-11-11;7;2515
11;2025-11-11;8;3293
11;2025-11-11;9;2522
11;2025-11-11;10;2045
11;2025-11-11;11;1977
11;2025-11-11;12;2001
11;2025-11-11;13;2125
11;2025-11-11;14;2069
11;2025-11-11;15;2075
11;2025-11-11;16;2282
11;2025-11-11;17;2879
11;2025-11-11;18;3141
11;2025-11-11;19;2394
11;2025-11-11;20;1561
11;2025-11-11;21;850
11;2025-11-11;22;414
11;2025-11-11;23;241
11;2025-11-12;0;66
11;2025-11-12;1;0
11;2025-11-12;2;0
11;2025-11-12;3;0
11;2025-11-12;4;0
11;2025-11-12;5;261
11;2025-11-12;6;1383
11;2025-11-12;7;2514
11;2025-11-12;8;3277
11;2025-11-12;9;2515
11;2025-11-12;10;2033
11;2025-11-12;11;1990
11;2025-11-12;12;2007
11;2025-11-12;13;2121
11;2025-11-12;14;2078
11;2025-11-12;15;2069
11;2025-11-12;16;2267
11;2025-11-12;17;2877
11;2025-11-12;18;3135
11;2025-11-12;19;2386
11;2025-11-12;20;1548
11;2025-11-12;21;848
11;2025-11-12;22;417
11;2025-11-12;23;244
11;2025-11-13;0;63
11;2025-11-13;1;0
11;2025-11-13;2;0
11;2025-11-13;3;0
11;2025-11-13;4;0
11;2025-11-13;5;259
11;2025-11-13;6;1394
11;2025-11-13;7;2512
11;2025-11-13;8;3290
11;2025-11-13;9;2522
11;2025-11-13;10;2077
11;2025-11-13;11;2002
11;2025-11-13;12;2046
11;2025-11-13;13;2115
11;2025-11-13;14;2111
11;2025-11-13;15;2074
11;2025-11-13;16;2312
11;2025-11-13;17;2892
11;2025-11-13;18;3149
11;2025-11-13;19;2396
11;2025-11-13;20;1554
11;2025-11-13;21;885
11;2025-11-13;22;419
11;2025-11-13;23;249
11;2025-11-14;0;68
11;2025-11-14;1;0
11;2025-11-14;2;0
11;2025-11-14;3;0
11;2025-11-14;4;0
11;2025-11-14;5;267
11;2025-11-14;6;1299
11;2025-11-14;7;2321
11;2025-11-14;8;3140
11;2025-11-14;9;2297
11;2025-11-14;10;1985
11;2025-11-14;11;1861
11;2025-11-14;12;1927
11;2025-11-14;13;1929
11;2025-11-14;14;2017
11;2025-11-14;15;2156
11;2025-11-14;16;2304
11;2025-11-14;17;2813
11;2025-11-14;18;2468
11;2025-11-14;19;1979
11;2025-11-14;20;1383
11;2025-11-14;21;835
11;2025-11-14;22;416
11;2025-11-14;23;314
11;2025-11-15;0;102
11;2025-11-15;1;1
11;2025-11-15;2;0
11;2025-11-15;3;0
11;2025-11-15;4;0
11;2025-11-15;5;207
11;2025-11-15;6;858
11;2025-11-15;7;766
11;2025-11-15;8;1081
11;2025-11-15;9;1205
11;2025-11-15;10;1405
11;2025-11-15;11;1741
11;2025-11-15;12;1954
11;2025-11-15;13;1840
11;2025-11-15;14;1978
11;2025-11-15;15;1852
11;2025-11-15;16;1847
11;2025-11-15;17;1927
11;2025-11-15;18;1613
11;2025-11-15;19;1556
11;2025-11-15;20;1103
11;2025-11-15;21;756
11;2025-11-15;22;448
11;2025-11-15;23;297
11;2025-11-16;0;105
11;2025-11-16;1;11
11;2025-11-16;2;0
11;2025-11-16;3;0
11;2025-11-16;4;0
11;2025-11-16;5;103
11;2025-11-16;6;473
11;2025-11-16;7;467
11;2025-11-16;8;632
11;2025-11-16;9;886
11;2025-11-16;10;990
11;2025-11-16;11;1385
11;2025-11-16;12;1484
11;2025-11-16;13;1442
11;2025-11-16;14;1489
11;2025-11-16;15;1501
11;2025-11-16;16;1406
11;2025-11-16;17;1590
11;2025-11-16;18;1231
11;2025-11-16;19;949
11;2025-11-16;20;771
11;2025-11-16;21;563
11;2025-11-16;22;324
11;2025-11-16;23;232
11;2025-11-17;0;67
11;2025-11-17;1;0
11;2025-11-17;2;0
11;2025-11-17;3;0
11;2025-11-17;4;0
11;2025-11-17;5;259
11;2025-11-17;6;1386
11;2025-11-17;7;2508
11;2025-11-17;8;3286
11;2025-11-17;9;2508
11;2025-11-17;10;2013
11;2025-11-17;11;1976
11;2025-11-17;12;1976
11;2025-11-17;13;2073
11;2025-11-17;14;2079
11;2025-11-17;15;2091
11;2025-11-17;16;2277
11;2025-11-17;17;2881
11;2025-11-17;18;3131
11;2025-11-17;19;2382
11;2025-11-17;20;1511
11;2025-11-17;21;854
11;2025-11-17;22;409
11;2025-11-17;23;238
11;2025-11-18;0;61
11;2025-11-18;1;0
11;2025-11-18;2;0
11;2025-11-18;3;0
11;2025-11-18;4;0
11;2025-11-18;5;257
11;2025-11-18;6;1389
11;2025-11-18;7;2515
11;2025-11-18;8;3293
11;2025-11-18;9;2522
11;2025-11-18;10;2045
11;2025-11-18;11;1977
11;2025-11-18;12;2001
11;2025-11-18;13;2125
11;2025-11-18;14;2069
11;2025-11-18;15;2075
11;2025-11-18;16;2282
11;2025-11-18;17;2879
11;2025-11-18;18;3141
11;2025-11-18;19;2394
11;2025-11-18;20;1561
11;2025-11-18;21;850
11;2025-11-18;22;414
11;2025-11-18;23;241
11;2025-11-19;0;66
11;2025-11-19;1;0
11;2025-11-19;2;0
11;2025-11-19;3;0
11;2025-11-19;4;0
11;2025-11-19;5;261
11;2025-11-19;6;1383
11;2025-11-19;7;2514
11;2025-11-19;8;3277
11;2025-11-19;9;2515
11;2025-11-19;10;2033
11;2025-11-19;11;1990
11;2025-11-19;12;2007
11;2025-11-19;13;2121
11;2025-11-19;14;2078
11;2025-11-19;15;2069
11;2025-11-19;16;2267
11;2025-11-19;17;2877
11;2025-11-19;18;3135
11;2025-11-19;19;2386
11;2025-11-19;20;1548
11;2025-11-19;21;848
11;2025-11-19;22;417
11;2025-11-19;23;244
11;2025-11-20;0;63
11;2025-11-20;1;0
11;2025-11-20;2;0
11;2025-11-20;3;0
11;2025-11-20;4;0
11;2025-11-20;5;259
11;2025-11-20;6;1394
11;2025-11-20;7;2512
11;2025-11-20;8;3290
11;2025-11-20;9;2522
11;2025-11-20;10;2077
11;2025-11-20;11;2002
11;2025-11-20;12;2046
11;2025-11-20;13;2115
11;2025-11-20;14;2111
11;2025-11-20;15;2074
11;2025-11-20;16;2312
11;2025-11-20;17;2892
11;2025-11-20;18;3149
11;2025-11-20;19;2396
11;2025-11-20;20;1554
11;2025-11-20;21;885
11;2025-11-20;22;419
11;2025-11-20;23;249
11;2025-11-21;0;68
11;2025-11-21;1;0
11;2025-11-21;2;0
11;2025-11-21;3;0
11;2025-11-21;4;0
11;2025-11-21;5;267
11;2025-11-21;6;1299
11;2025-11-21;7;2321
11;2025-11-21;8;3140
11;2025-11-21;9;2297
11;2025-11-21;10;1985
11;2025-11-21;11;1861
11;2025-11-21;12;1927
11;2025-11-21;13;1929
11;2025-11-21;14;2017
11;2025-11-21;15;2156
11;2025-11-21;16;2304
11;2025-11-21;17;2813
11;2025-11-21;18;2468
11;2025-11-21;19;1979
11;2025-11-21;20;1383
11;2025-11-21;21;835
11;2025-11-21;22;416
11;2025-11-21;23;314
11;2025-11-22;0;103
11;2025-11-22;1;1
11;2025-11-22;2;0
11;2025-11-22;3;0
11;2025-11-22;4;0
11;2025-11-22;5;218
11;2025-11-22;6;876
11;2025-11-22;7;778
11;2025-11-22;8;1099
11;2025-11-22;9;1220
11;2025-11-22;10;1412
11;2025-11-22;11;1767
11;2025-11-22;12;1981
11;2025-11-22;13;1872
11;2025-11-22;14;2009
11;2025-11-22;15;1885
11;2025-11-22;16;1883
11;2025-11-22;17;1962
11;2025-11-22;18;1654
11;2025-11-22;19;1593
11;2025-11-22;20;1147
11;2025-11-22;21;778
11;2025-11-22;22;469
11;2025-11-22;23;309
11;2025-11-23;0;106
11;2025-11-23;1;11
11;2025-11-23;2;0
11;2025-11-23;3;0
11;2025-11-23;4;0
11;2025-11-23;5;107
11;2025-11-23;6;476
11;2025-11-23;7;478
11;2025-11-23;8;636
11;2025-11-23;9;887
11;2025-11-23;10;985
11;2025-11-23;11;1384
11;2025-11-23;12;1495
11;2025-11-23;13;1466
11;2025-11-23;14;1496
11;2025-11-23;15;1524
11;2025-11-23;16;1388
11;2025-11-23;17;1595
11;2025-11-23;18;1267
11;2025-11-23;19;963
11;2025-11-23;20;797
11;2025-11-23;21;565
11;2025-11-23;22;332
11;2025-11-23;23;233
11;2025-11-24;0;65
11;2025-11-24;1;0
11;2025-11-24;2;0
11;2025-11-24;3;0
11;2025-11-24;4;0
11;2025-11-24;5;262
11;2025-11-24;6;1388
11;2025-11-24;7;2506
11;2025-11-24;8;3276
11;2025-11-24;9;2492
11;2025-11-24;10;1996
11;2025-11-24;11;1951
11;2025-11-24;12;1962
11;2025-11-24;13;2067
11;2025-11-24;14;2050
11;2025-11-24;15;2061
11;2025-11-24;16;2264
11;2025-11-24;17;2863
11;2025-11-24;18;3140
11;2025-11-24;19;2388
11;2025-11-24;20;1537
11;2025-11-24;21;857
11;2025-11-24;22;419
11;2025-11-24;23;242
11;2025-11-25;0;63
11;2025-11-25;1;0
11;2025-11-25;2;0
11;2025-11-25;3;0
11;2025-11-25;4;0
11;2025-11-25;5;261
11;2025-11-25;6;1389
11;2025-11-25;7;2508
11;2025-11-25;8;3279
11;2025-11-25;9;2496
11;2025-11-25;10;2007
11;2025-11-25;11;1951
11;2025-11-25;12;1971
11;2025-11-25;13;2084
11;2025-11-25;14;2047
11;2025-11-25;15;2056
11;2025-11-25;16;2265
11;2025-11-25;17;2863
11;2025-11-25;18;3144
11;2025-11-25;19;2392
11;2025-11-25;20;1553
11;2025-11-25;21;856
11;2025-11-25;22;420
11;2025-11-25;23;243
11;2025-11-26;0;65
11;2025-11-26;1;0
11;2025-11-26;2;0
11;2025-11-26;3;0
11;2025-11-26;4;0
11;2025-11-26;5;262
11;2025-11-26;6;1387
11;2025-11-26;7;2508
11;2025-11-26;8;3273
11;2025-11-26;9;2494
11;2025-11-26;10;2003
11;2025-11-26;11;1955
11;2025-11-26;12;1973
11;2025-11-26;13;2083
11;2025-11-26;14;2050
11;2025-11-26;15;2054
11;2025-11-26;16;2260
11;2025-11-26;17;2862
11;2025-11-26;18;3142
11;2025-11-26;19;2389
11;2025-11-26;20;1549
11;2025-11-26;21;855
11;2025-11-26;22;421
11;2025-11-26;23;244
11;2025-11-27;0;64
11;2025-11-27;1;0
11;2025-11-27;2;0
11;2025-11-27;3;0
11;2025-11-27;4;0
11;2025-11-27;5;262
11;2025-11-27;6;1391
11;2025-11-27;7;2507
11;2025-11-27;8;3277
11;2025-11-27;9;2496
11;2025-11-27;10;2018
11;2025-11-27;11;1959
11;2025-11-27;12;1986
11;2025-11-27;13;2081
11;2025-11-27;14;2061
11;2025-11-27;15;2056
11;2025-11-27;16;2275
11;2025-11-27;17;2867
11;2025-11-27;18;3147
11;2025-11-27;19;2393
11;2025-11-27;20;1551
11;2025-11-27;21;868
11;2025-11-27;22;422
11;2025-11-27;23;245
11;2025-11-28;0;68
11;2025-11-28;1;0
11;2025-11-28;2;0
11;2025-11-28;3;0
11;2025-11-28;4;0
11;2025-11-28;5;274
11;2025-11-28;6;1309
11;2025-11-28;7;2332
11;2025-11-28;8;3148
11;2025-11-28;9;2303
11;2025-11-28;10;1990
11;2025-11-28;11;1864
11;2025-11-28;12;1923
11;2025-11-28;13;1935
11;2025-11-28;14;2022
11;2025-11-28;15;2172
11;2025-11-28;16;2324
11;2025-11-28;17;2841
11;2025-11-28;18;2505
11;2025-11-28;19;1988
11;2025-11-28;20;1403
11;2025-11-28;21;847
11;2025-11-28;22;430
11;2025-11-28;23;314
11;2025-11-29;0;103
11;2025-11-29;1;1
11;2025-11-29;2;0
11;2025-11-29;3;0
11;2025-11-29;4;0
11;2025-11-29;5;218
11;2025-11-29;6;876
11;2025-11-29;7;778
11;2025-11-29;8;1099
11;2025-11-29;9;1220
11;2025-11-29;10;1412
11;2025-11-29;11;1767
11;2025-11-29;12;1981
11;2025-11-29;13;1872
11;2025-11-29;14;2009
11;2025-11-29;15;1885
11;2025-11-29;16;1883
11;2025-11-29;17;1962
11;2025-11-29;18;1654
11;2025-11-29;19;1593
11;2025-11-29;20;1147
11;2025-11-29;21;778
11;2025-11-29;22;469
11;2025-11-29;23;309
11;2025-11-30;0;106
11;2025-11-30;1;11
11;2025-11-30;2;0
11;2025-11-30;3;0
11;2025-11-30;4;0
11;2025-11-30;5;107
11;2025-11-30;6;476
11;2025-11-30;7;478
11;2025-11-30;8;636
11;2025-11-30;9;887
11;2025-11-30;10;985
11;2025-11-30;11;1384
11;2025-11-30;12;1495
11;2025-11-30;13;1466
11;2025-11-30;14;1496
11;2025-11-30;15;1524
11;2025-11-30;16;1388
11;2025-11-30;17;1595
11;2025-11-30;18;1267
11;2025-11-30;19;963
11;2025-11-30;20;797
11;2025-11-30;21;565
11;2025-11-30;22;332
11;2025-11-30;23;233
11;2025-12-01;0;64
11;2025-12-01;1;0
11;2025-12-01;2;0
11;2025-12-01;3;0
11;2025-12-01;4;0
11;2025-12-01;5;256
11;2025-12-01;6;1361
11;2025-12-01;7;2456
11;2025-12-01;8;3211
11;2025-12-01;9;2442
11;2025-12-01;10;1956
11;2025-12-01;11;1912
11;2025-12-01;12;1923
11;2025-12-01;13;2026
11;2025-12-01;14;2009
11;2025-12-01;15;2020
11;2025-12-01;16;2218
11;2025-12-01;17;2806
11;2025-12-01;18;3078
11;2025-12-01;19;2341
11;2025-12-01;20;1506
11;2025-12-01;21;840
11;2025-12-01;22;410
11;2025-12-01;23;237
11;2025-12-02;0;62
11;2025-12-02;1;0
11;2025-12-02;2;0
11;2025-12-02;3;0
11;2025-12-02;4;0
11;2025-12-02;5;256
11;2025-12-02;6;1361
11;2025-12-02;7;2458
11;2025-12-02;8;3213
11;2025-12-02;9;2446
11;2025-12-02;10;1967
11;2025-12-02;11;1912
11;2025-12-02;12;1931
11;2025-12-02;13;2043
11;2025-12-02;14;2006
11;2025-12-02;15;2015
11;2025-12-02;16;2220
11;2025-12-02;17;2805
11;2025-12-02;18;3081
11;2025-12-02;19;2344
11;2025-12-02;20;1522
11;2025-12-02;21;839
11;2025-12-02;22;412
11;2025-12-02;23;238
11;2025-12-03;0;63
11;2025-12-03;1;0
11;2025-12-03;2;0
11;2025-12-03;3;0
11;2025-12-03;4;0
11;2025-12-03;5;257
11;2025-12-03;6;1360
11;2025-12-03;7;2457
11;2025-12-03;8;3208
11;2025-12-03;9;2444
11;2025-12-03;10;1963
11;2025-12-03;11;1916
11;2025-12-03;12;1933
11;2025-12-03;13;2041
11;2025-12-03;14;2009
11;2025-12-03;15;2013
11;2025-12-03;16;2215
11;2025-12-03;17;2805
11;2025-12-03;18;3079
11;2025-12-03;19;2342
11;2025-12-03;20;1518
11;2025-12-03;21;838
11;2025-12-03;22;413
11;2025-12-03;23;239
11;2025-12-04;0;62
11;2025-12-04;1;0
11;2025-12-04;2;0
11;2025-12-04;3;0
11;2025-12-04;4;0
11;2025-12-04;5;256
11;2025-12-04;6;1363
11;2025-12-04;7;2457
11;2025-12-04;8;3212
11;2025-12-04;9;2446
11;2025-12-04;10;1977
11;2025-12-04;11;1920
11;2025-12-04;12;1946
11;2025-12-04;13;2039
11;2025-12-04;14;2019
11;2025-12-04;15;2015
11;2025-12-04;16;2230
11;2025-12-04;17;2810
11;2025-12-04;18;3084
11;2025-12-04;19;2345
11;2025-12-04;20;1520
11;2025-12-04;21;850
11;2025-12-04;22;413
11;2025-12-04;23;240
11;2025-12-05;0;66
11;2025-12-05;1;0
11;2025-12-05;2;0
11;2025-12-05;3;0
11;2025-12-05;4;0
11;2025-12-05;5;268
11;2025-12-05;6;1282
11;2025-12-05;7;2286
11;2025-12-05;8;3085
11;2025-12-05;9;2257
11;2025-12-05;10;1950
11;2025-12-05;11;1827
11;2025-12-05;12;1885
11;2025-12-05;13;1897
11;2025-12-05;14;1982
11;2025-12-05;15;2128
11;2025-12-05;16;2278
11;2025-12-05;17;2784
11;2025-12-05;18;2455
11;2025-12-05;19;1948
11;2025-12-05;20;1375
11;2025-12-05;21;830
11;2025-12-05;22;422
11;2025-12-05;23;308
11;2025-12-06;0;101
11;2025-12-06;1;1
11;2025-12-06;2;0
11;2025-12-06;3;0
11;2025-12-06;4;0
11;2025-12-06;5;214
11;2025-12-06;6;859
11;2025-12-06;7;763
11;2025-12-06;8;1077
11;2025-12-06;9;1196
11;2025-12-06;10;1384
11;2025-12-06;11;1732
11;2025-12-06;12;1941
11;2025-12-06;13;1834
11;2025-12-06;14;1968
11;2025-12-06;15;1847
11;2025-12-06;16;1846
11;2025-12-06;17;1923
11;2025-12-06;18;1621
11;2025-12-06;19;1561
11;2025-12-06;20;1124
11;2025-12-06;21;762
11;2025-12-06;22;459
11;2025-12-06;23;303
11;2025-12-07;0;104
11;2025-12-07;1;11
11;2025-12-07;2;0
11;2025-12-07;3;0
11;2025-12-07;4;0
11;2025-12-07;5;105
11;2025-12-07;6;467
11;2025-12-07;7;468
11;2025-12-07;8;623
11;2025-12-07;9;869
11;2025-12-07;10;965
11;2025-12-07;11;1356
11;2025-12-07;12;1465
11;2025-12-07;13;1436
11;2025-12-07;14;1466
11;2025-12-07;15;1494
11;2025-12-07;16;1361
11;2025-12-07;17;1563
11;2025-12-07;18;1242
11;2025-12-07;19;944
11;2025-12-07;20;781
11;2025-12-07;21;553
11;2025-12-07;22;325
11;2025-12-07;23;229
11;2025-12-08;0;64
11;2025-12-08;1;0
11;2025-12-08;2;0
11;2025-12-08;3;0
11;2025-12-08;4;0
11;2025-12-08;5;256
11;2025-12-08;6;1361
11;2025-12-08;7;2456
11;2025-12-08;8;3211
11;2025-12-08;9;2442
11;2025-12-08;10;1956
11;2025-12-08;11;1912
11;2025-12-08;12;1923
11;2025-12-08;13;2026
11;2025-12-08;14;2009
11;2025-12-08;15;2020
11;2025-12-08;16;2218
11;2025-12-08;17;2806
11;2025-12-08;18;3078
11;2025-12-08;19;2341
11;2025-12-08;20;1506
11;2025-12-08;21;840
11;2025-12-08;22;410
11;2025-12-08;23;237
11;2025-12-09;0;62
11;2025-12-09;1;0
11;2025-12-09;2;0
11;2025-12-09;3;0
11;2025-12-09;4;0
11;2025-12-09;5;256
11;2025-12-09;6;1361
11;2025-12-09;7;2458
11;2025-12-09;8;3213
11;2025-12-09;9;2446
11;2025-12-09;10;1967
11;2025-12-09;11;1912
11;2025-12-09;12;1931
11;2025-12-09;13;2043
11;2025-12-09;14;2006
11;2025-12-09;15;2015
11;2025-12-09;16;2220
11;2025-12-09;17;2805
11;2025-12-09;18;3081
11;2025-12-09;19;2344
11;2025-12-09;20;1522
11;2025-12-09;21;839
11;2025-12-09;22;412
11;2025-12-09;23;238
11;2025-12-10;0;63
11;2025-12-10;1;0
11;2025-12-10;2;0
11;2025-12-10;3;0
11;2025-12-10;4;0
11;2025-12-10;5;257
11;2025-12-10;6;1360
11;2025-12-10;7;2457
11;2025-12-10;8;3208
11;2025-12-10;9;2444
11;2025-12-10;10;1963
11;2025-12-10;11;1916
11;2025-12-10;12;1933
11;2025-12-10;13;2041
11;2025-12-10;14;2009
11;2025-12-10;15;2013
11;2025-12-10;16;2215
11;2025-12-10;17;2805
11;2025-12-10;18;3079
11;2025-12-10;19;2342
11;2025-12-10;20;1518
11;2025-12-10;21;838
11;2025-12-10;22;413
11;2025-12-10;23;239
11;2025-12-11;0;62
11;2025-12-11;1;0
11;2025-12-11;2;0
11;2025-12-11;3;0
11;2025-12-11;4;0
11;2025-12-11;5;256
11;2025-12-11;6;1363
11;2025-12-11;7;2457
11;2025-12-11;8;3212
11;2025-12-11;9;2446
11;2025-12-11;10;1977
11;2025-12-11;11;1920
11;2025-12-11;12;1946
11;2025-12-11;13;2039
11;2025-12-11;14;2019
11;2025-12-11;15;2015
11;2025-12-11;16;2230
11;2025-12-11;17;2810
11;2025-12-11;18;3084
11;2025-12-11;19;2345
11;2025-12-11;20;1520
11;2025-12-11;21;850
11;2025-12-11;22;413
11;2025-12-11;23;240
11;2025-12-12;0;66
11;2025-12-12;1;0
11;2025-12-12;2;0
11;2025-12-12;3;0
11;2025-12-12;4;0
11;2025-12-12;5;268
11;2025-12-12;6;1282
11;2025-12-12;7;2286
11;2025-12-12;8;3085
11;2025-12-12;9;2257
11;2025-12-12;10;1950
11;2025-12-12;11;1827
11;2025-12-12;12;1885
11;2025-12-12;13;1897
11;2025-12-12;14;1982
11;2025-12-12;15;2128
11;2025-12-12;16;2278
11;2025-12-12;17;2784
11;2025-12-12;18;2455
11;2025-12-12;19;1948
11;2025-12-12;20;1375
11;2025-12-12;21;830
11;2025-12-12;22;422
11;2025-12-12;23;308
11;2025-12-13;0;101
11;2025-12-13;1;1
11;2025-12-13;2;0
11;2025-12-13;3;0
11;2025-12-13;4;0
11;2025-12-13;5;214
11;2025-12-13;6;859
11;2025-12-13;7;763
11;2025-12-13;8;1077
11;2025-12-13;9;1198
11;2025-12-13;10;1383
11;2025-12-13;11;1730
11;2025-12-13;12;1939
11;2025-12-13;13;1552
11;2025-12-13;14;1679
11;2025-12-13;15;1579
11;2025-12-13;16;1559
11;2025-12-13;17;1920
11;2025-12-13;18;1619
11;2025-12-13;19;1560
11;2025-12-13;20;1124
11;2025-12-13;21;762
11;2025-12-13;22;459
11;2025-12-13;23;303
11;2025-12-14;0;104
11;2025-12-14;1;11
11;2025-12-14;2;0
11;2025-12-14;3;0
11;2025-12-14;4;0
11;2025-12-14;5;105
11;2025-12-14;6;467
11;2025-12-14;7;468
11;2025-12-14;8;623
11;2025-12-14;9;869
11;2025-12-14;10;965
11;2025-12-14;11;1356
11;2025-12-14;12;1465
11;2025-12-14;13;1436
11;2025-12-14;14;1466
11;2025-12-14;15;1494
11;2025-12-14;16;1361
11;2025-12-14;17;1563
11;2025-12-14;18;1242
11;2025-12-14;19;944
11;2025-12-14;20;781
11;2025-12-14;21;553
11;2025-12-14;22;325
11;2025-12-14;23;229
11;2025-12-15;0;64
11;2025-12-15;1;0
11;2025-12-15;2;0
11;2025-12-15;3;0
11;2025-12-15;4;0
11;2025-12-15;5;256
11;2025-12-15;6;1361
11;2025-12-15;7;2456
11;2025-12-15;8;3211
11;2025-12-15;9;2442
11;2025-12-15;10;1956
11;2025-12-15;11;1912
11;2025-12-15;12;1923
11;2025-12-15;13;2026
11;2025-12-15;14;2009
11;2025-12-15;15;2020
11;2025-12-15;16;2218
11;2025-12-15;17;2806
11;2025-12-15;18;3078
11;2025-12-15;19;2341
11;2025-12-15;20;1506
11;2025-12-15;21;840
11;2025-12-15;22;410
11;2025-12-15;23;237
11;2025-12-16;0;62
11;2025-12-16;1;0
11;2025-12-16;2;0
11;2025-12-16;3;0
11;2025-12-16;4;0
11;2025-12-16;5;256
11;2025-12-16;6;1361
11;2025-12-16;7;2458
11;2025-12-16;8;3213
11;2025-12-16;9;2446
11;2025-12-16;10;1967
11;2025-12-16;11;1912
11;2025-12-16;12;1931
11;2025-12-16;13;2043
11;2025-12-16;14;2006
11;2025-12-16;15;2015
11;2025-12-16;16;2220
11;2025-12-16;17;2805
11;2025-12-16;18;3081
11;2025-12-16;19;2344
11;2025-12-16;20;1522
11;2025-12-16;21;839
11;2025-12-16;22;412
11;2025-12-16;23;238
11;2025-12-17;0;63
11;2025-12-17;1;0
11;2025-12-17;2;0
11;2025-12-17;3;0
11;2025-12-17;4;0
11;2025-12-17;5;257
11;2025-12-17;6;1360
11;2025-12-17;7;2457
11;2025-12-17;8;3208
11;2025-12-17;9;2444
11;2025-12-17;10;1963
11;2025-12-17;11;1916
11;2025-12-17;12;1933
11;2025-12-17;13;2041
11;2025-12-17;14;2009
11;2025-12-17;15;2013
11;2025-12-17;16;2215
11;2025-12-17;17;2805
11;2025-12-17;18;3079
11;2025-12-17;19;2342
11;2025-12-17;20;1518
11;2025-12-17;21;838
11;2025-12-17;22;413
11;2025-12-17;23;239
11;2025-12-18;0;62
11;2025-12-18;1;0
11;2025-12-18;2;0
11;2025-12-18;3;0
11;2025-12-18;4;0
11;2025-12-18;5;256
11;2025-12-18;6;1363
11;2025-12-18;7;2457
11;2025-12-18;8;3212
11;2025-12-18;9;2446
11;2025-12-18;10;1977
11;2025-12-18;11;1920
11;2025-12-18;12;1946
11;2025-12-18;13;2039
11;2025-12-18;14;2019
11;2025-12-18;15;2015
11;2025-12-18;16;2230
11;2025-12-18;17;2810
11;2025-12-18;18;3084
11;2025-12-18;19;2345
11;2025-12-18;20;1520
11;2025-12-18;21;850
11;2025-12-18;22;413
11;2025-12-18;23;240
11;2025-12-19;0;66
11;2025-12-19;1;0
11;2025-12-19;2;0
11;2025-12-19;3;0
11;2025-12-19;4;0
11;2025-12-19;5;268
11;2025-12-19;6;1282
11;2025-12-19;7;2286
11;2025-12-19;8;3085
11;2025-12-19;9;2257
11;2025-12-19;10;1950
11;2025-12-19;11;1827
11;2025-12-19;12;1885
11;2025-12-19;13;1897
11;2025-12-19;14;1982
11;2025-12-19;15;2128
11;2025-12-19;16;2278
11;2025-12-19;17;2784
11;2025-12-19;18;2455
11;2025-12-19;19;1948
11;2025-12-19;20;1375
11;2025-12-19;21;830
11;2025-12-19;22;422
11;2025-12-19;23;308
11;2025-12-20;0;101
11;2025-12-20;1;1
11;2025-12-20;2;0
11;2025-12-20;3;0
11;2025-12-20;4;0
11;2025-12-20;5;214
11;2025-12-20;6;859
11;2025-12-20;7;763
11;2025-12-20;8;1077
11;2025-12-20;9;1196
11;2025-12-20;10;1384
11;2025-12-20;11;1732
11;2025-12-20;12;1941
11;2025-12-20;13;1834
11;2025-12-20;14;1968
11;2025-12-20;15;1847
11;2025-12-20;16;1846
11;2025-12-20;17;1923
11;2025-12-20;18;1621
11;2025-12-20;19;1561
11;2025-12-20;20;1124
11;2025-12-20;21;762
11;2025-12-20;22;459
11;2025-12-20;23;303
11;2025-12-21;0;104
11;2025-12-21;1;11
11;2025-12-21;2;0
11;2025-12-21;3;0
11;2025-12-21;4;0
11;2025-12-21;5;105
11;2025-12-21;6;467
11;2025-12-21;7;468
11;2025-12-21;8;623
11;2025-12-21;9;869
11;2025-12-21;10;965
11;2025-12-21;11;1356
11;2025-12-21;12;1465
11;2025-12-21;13;1436
11;2025-12-21;14;1466
11;2025-12-21;15;1494
11;2025-12-21;16;1361
11;2025-12-21;17;1563
11;2025-12-21;18;1242
11;2025-12-21;19;944
11;2025-12-21;20;781
11;2025-12-21;21;553
11;2025-12-21;22;325
11;2025-12-21;23;229
11;2025-12-22;0;64
11;2025-12-22;1;0
11;2025-12-22;2;0
11;2025-12-22;3;0
11;2025-12-22;4;0
11;2025-12-22;5;256
11;2025-12-22;6;1361
11;2025-12-22;7;2456
11;2025-12-22;8;3211
11;2025-12-22;9;2442
11;2025-12-22;10;1956
11;2025-12-22;11;1912
11;2025-12-22;12;1923
11;2025-12-22;13;2026
11;2025-12-22;14;2009
11;2025-12-22;15;2020
11;2025-12-22;16;2218
11;2025-12-22;17;2806
11;2025-12-22;18;3078
11;2025-12-22;19;2341
11;2025-12-22;20;1506
11;2025-12-22;21;840
11;2025-12-22;22;410
11;2025-12-22;23;237
11;2025-12-23;0;62
11;2025-12-23;1;0
11;2025-12-23;2;0
11;2025-12-23;3;0
11;2025-12-23;4;0
11;2025-12-23;5;256
11;2025-12-23;6;1361
11;2025-12-23;7;2458
11;2025-12-23;8;3213
11;2025-12-23;9;2446
11;2025-12-23;10;1967
11;2025-12-23;11;1912
11;2025-12-23;12;1931
11;2025-12-23;13;2043
11;2025-12-23;14;2006
11;2025-12-23;15;2015
11;2025-12-23;16;2220
11;2025-12-23;17;2805
11;2025-12-23;18;3081
11;2025-12-23;19;2344
11;2025-12-23;20;1522
11;2025-12-23;21;839
11;2025-12-23;22;412
11;2025-12-23;23;238
11;2025-12-24;0;63
11;2025-12-24;1;0
11;2025-12-24;2;0
11;2025-12-24;3;0
11;2025-12-24;4;0
11;2025-12-24;5;257
11;2025-12-24;6;1360
11;2025-12-24;7;2457
11;2025-12-24;8;3208
11;2025-12-24;9;2444
11;2025-12-24;10;1963
11;2025-12-24;11;1916
11;2025-12-24;12;1933
11;2025-12-24;13;2041
11;2025-12-24;14;2009
11;2025-12-24;15;2013
11;2025-12-24;16;2215
11;2025-12-24;17;2805
11;2025-12-24;18;3079
11;2025-12-24;19;2342
11;2025-12-24;20;1518
11;2025-12-24;21;838
11;2025-12-24;22;413
11;2025-12-24;23;239
11;2025-12-25;0;62
11;2025-12-25;1;0
11;2025-12-25;2;0
11;2025-12-25;3;0
11;2025-12-25;4;0
11;2025-12-25;5;256
11;2025-12-25;6;1363
11;2025-12-25;7;2457
11;2025-12-25;8;3212
11;2025-12-25;9;2446
11;2025-12-25;10;1977
11;2025-12-25;11;1920
11;2025-12-25;12;1946
11;2025-12-25;13;2039
11;2025-12-25;14;2019
11;2025-12-25;15;2015
11;2025-12-25;16;2230
11;2025-12-25;17;2810
11;2025-12-25;18;3084
11;2025-12-25;19;2345
11;2025-12-25;20;1520
11;2025-12-25;21;850
11;2025-12-25;22;413
11;2025-12-25;23;240
11;2025-12-26;0;66
11;2025-12-26;1;0
11;2025-12-26;2;0
11;2025-12-26;3;0
11;2025-12-26;4;0
11;2025-12-26;5;268
11;2025-12-26;6;1282
11;2025-12-26;7;2286
11;2025-12-26;8;3085
11;2025-12-26;9;2257
11;2025-12-26;10;1950
11;2025-12-26;11;1827
11;2025-12-26;12;1885
11;2025-12-26;13;1897
11;2025-12-26;14;1982
11;2025-12-26;15;2128
11;2025-12-26;16;2278
11;2025-12-26;17;2784
11;2025-12-26;18;2455
11;2025-12-26;19;1948
11;2025-12-26;20;1375
11;2025-12-26;21;830
11;2025-12-26;22;422
11;2025-12-26;23;308
11;2025-12-27;0;101
11;2025-12-27;1;1
11;2025-12-27;2;0
11;2025-12-27;3;0
11;2025-12-27;4;0
11;2025-12-27;5;214
11;2025-12-27;6;859
11;2025-12-27;7;763
11;2025-12-27;8;1077
11;2025-12-27;9;1196
11;2025-12-27;10;1384
11;2025-12-27;11;1732
11;2025-12-27;12;1941
11;2025-12-27;13;1834
11;2025-12-27;14;1968
11;2025-12-27;15;1847
11;2025-12-27;16;1846
11;2025-12-27;17;1923
11;2025-12-27;18;1621
11;2025-12-27;19;1561
11;2025-12-27;20;1124
11;2025-12-27;21;762
11;2025-12-27;22;459
11;2025-12-27;23;303
11;2025-12-28;0;104
11;2025-12-28;1;11
11;2025-12-28;2;0
11;2025-12-28;3;0
11;2025-12-28;4;0
11;2025-12-28;5;105
11;2025-12-28;6;467
11;2025-12-28;7;468
11;2025-12-28;8;623
11;2025-12-28;9;869
11;2025-12-28;10;965
11;2025-12-28;11;1356
11;2025-12-28;12;1465
11;2025-12-28;13;1436
11;2025-12-28;14;1466
11;2025-12-28;15;1494
11;2025-12-28;16;1361
11;2025-12-28;17;1563
11;2025-12-28;18;1242
11;2025-12-28;19;944
11;2025-12-28;20;781
11;2025-12-28;21;553
11;2025-12-28;22;325
11;2025-12-28;23;229
11;2025-12-29;0;57
11;2025-12-29;1;0
11;2025-12-29;2;0
11;2025-12-29;3;0
11;2025-12-29;4;0
11;2025-12-29;5;230
11;2025-12-29;6;1222
11;2025-12-29;7;2205
11;2025-12-29;8;2883
11;2025-12-29;9;2193
11;2025-12-29;10;1757
11;2025-12-29;11;1717
11;2025-12-29;12;1727
11;2025-12-29;13;1819
11;2025-12-29;14;1804
11;2025-12-29;15;1814
11;2025-12-29;16;1992
11;2025-12-29;17;2520
11;2025-12-29;18;2764
11;2025-12-29;19;2102
11;2025-12-29;20;1353
11;2025-12-29;21;755
11;2025-12-29;22;368
11;2025-12-29;23;213
11;2025-12-30;0;56
11;2025-12-30;1;0
11;2025-12-30;2;0
11;2025-12-30;3;0
11;2025-12-30;4;0
11;2025-12-30;5;230
11;2025-12-30;6;1223
11;2025-12-30;7;2207
11;2025-12-30;8;2886
11;2025-12-30;9;2197
11;2025-12-30;10;1766
11;2025-12-30;11;1717
11;2025-12-30;12;1734
11;2025-12-30;13;1834
11;2025-12-30;14;1801
11;2025-12-30;15;1809
11;2025-12-30;16;1994
11;2025-12-30;17;2519
11;2025-12-30;18;2767
11;2025-12-30;19;2105
11;2025-12-30;20;1367
11;2025-12-30;21;753
11;2025-12-30;22;370
11;2025-12-30;23;214
11;2025-12-31;0;102
11;2025-12-31;1;10
11;2025-12-31;2;0
11;2025-12-31;3;0
11;2025-12-31;4;0
11;2025-12-31;5;107
11;2025-12-31;6;474
11;2025-12-31;7;482
11;2025-12-31;8;635
11;2025-12-31;9;872
11;2025-12-31;10;962
11;2025-12-31;11;1325
11;2025-12-31;12;1448
11;2025-12-31;13;1419
11;2025-12-31;14;1449
11;2025-12-31;15;1486
11;2025-12-31;16;1329
11;2025-12-31;17;1536
11;2025-12-31;18;1241
11;2025-12-31;19;958
11;2025-12-31;20;799
11;2025-12-31;21;558
11;2025-12-31;22;330
11;2025-12-31;23;228
12;2025-11-01;0;51
12;2025-11-01;1;1
12;2025-11-01;2;0
12;2025-11-01;3;0
12;2025-11-01;4;6
12;2025-11-01;5;288
12;2025-11-01;6;1261
12;2025-11-01;7;2340
12;2025-11-01;8;2961
12;2025-11-01;9;2167
12;2025-11-01;10;1781
12;2025-11-01;11;1741
12;2025-11-01;12;1763
12;2025-11-01;13;1825
12;2025-11-01;14;1711
12;2025-11-01;15;1885
12;2025-11-01;16;2316
12;2025-11-01;17;2568
12;2025-11-01;18;2685
12;2025-11-01;19;2082
12;2025-11-01;20;1331
12;2025-11-01;21;829
12;2025-11-01;22;418
12;2025-11-01;23;240
12;2025-11-02;0;88
12;2025-11-02;1;6
12;2025-11-02;2;0
12;2025-11-02;3;0
12;2025-11-02;4;3
12;2025-11-02;5;160
12;2025-11-02;6;537
12;2025-11-02;7;725
12;2025-11-02;8;769
12;2025-11-02;9;974
12;2025-11-02;10;1212
12;2025-11-02;11;1319
12;2025-11-02;12;1404
12;2025-11-02;13;1626
12;2025-11-02;14;1486
12;2025-11-02;15;1476
12;2025-11-02;16;1562
12;2025-11-02;17;1584
12;2025-11-02;18;1382
12;2025-11-02;19;1037
12;2025-11-02;20;826
12;2025-11-02;21;620
12;2025-11-02;22;408
12;2025-11-02;23;206
12;2025-11-03;0;82
12;2025-11-03;1;5
12;2025-11-03;2;0
12;2025-11-03;3;0
12;2025-11-03;4;3
12;2025-11-03;5;173
12;2025-11-03;6;561
12;2025-11-03;7;740
12;2025-11-03;8;795
12;2025-11-03;9;972
12;2025-11-03;10;1172
12;2025-11-03;11;1237
12;2025-11-03;12;1317
12;2025-11-03;13;1572
12;2025-11-03;14;1442
12;2025-11-03;15;1368
12;2025-11-03;16;1465
12;2025-11-03;17;1508
12;2025-11-03;18;1304
12;2025-11-03;19;1064
12;2025-11-03;20;858
12;2025-11-03;21;637
12;2025-11-03;22;406
12;2025-11-03;23;214
12;2025-11-04;0;81
12;2025-11-04;1;5
12;2025-11-04;2;0
12;2025-11-04;3;0
12;2025-11-04;4;3
12;2025-11-04;5;175
12;2025-11-04;6;566
12;2025-11-04;7;745
12;2025-11-04;8;794
12;2025-11-04;9;982
12;2025-11-04;10;1174
12;2025-11-04;11;1239
12;2025-11-04;12;1316
12;2025-11-04;13;1583
12;2025-11-04;14;1433
12;2025-11-04;15;1361
12;2025-11-04;16;1460
12;2025-11-04;17;1503
12;2025-11-04;18;1299
12;2025-11-04;19;1067
12;2025-11-04;20;858
12;2025-11-04;21;640
12;2025-11-04;22;407
12;2025-11-04;23;217
12;2025-11-05;0;56
12;2025-11-05;1;2
12;2025-11-05;2;0
12;2025-11-05;3;0
12;2025-11-05;4;7
12;2025-11-05;5;346
12;2025-11-05;6;1526
12;2025-11-05;7;2786
12;2025-11-05;8;3717
12;2025-11-05;9;2645
12;2025-11-05;10;2161
12;2025-11-05;11;2115
12;2025-11-05;12;2148
12;2025-11-05;13;2147
12;2025-11-05;14;2028
12;2025-11-05;15;2310
12;2025-11-05;16;2825
12;2025-11-05;17;3115
12;2025-11-05;18;3238
12;2025-11-05;19;2512
12;2025-11-05;20;1607
12;2025-11-05;21;1005
12;2025-11-05;22;501
12;2025-11-05;23;259
12;2025-11-06;0;55
12;2025-11-06;1;2
12;2025-11-06;2;0
12;2025-11-06;3;0
12;2025-11-06;4;7
12;2025-11-06;5;344
12;2025-11-06;6;1522
12;2025-11-06;7;2794
12;2025-11-06;8;3723
12;2025-11-06;9;2650
12;2025-11-06;10;2181
12;2025-11-06;11;2110
12;2025-11-06;12;2132
12;2025-11-06;13;2134
12;2025-11-06;14;2037
12;2025-11-06;15;2276
12;2025-11-06;16;2807
12;2025-11-06;17;3145
12;2025-11-06;18;3286
12;2025-11-06;19;2522
12;2025-11-06;20;1627
12;2025-11-06;21;988
12;2025-11-06;22;506
12;2025-11-06;23;259
12;2025-11-07;0;54
12;2025-11-07;1;1
12;2025-11-07;2;0
12;2025-11-07;3;0
12;2025-11-07;4;6
12;2025-11-07;5;329
12;2025-11-07;6;1403
12;2025-11-07;7;2685
12;2025-11-07;8;3273
12;2025-11-07;9;2420
12;2025-11-07;10;1918
12;2025-11-07;11;1882
12;2025-11-07;12;1934
12;2025-11-07;13;2037
12;2025-11-07;14;1965
12;2025-11-07;15;2252
12;2025-11-07;16;2803
12;2025-11-07;17;2894
12;2025-11-07;18;2519
12;2025-11-07;19;2181
12;2025-11-07;20;1374
12;2025-11-07;21;980
12;2025-11-07;22;512
12;2025-11-07;23;310
12;2025-11-08;0;73
12;2025-11-08;1;2
12;2025-11-08;2;0
12;2025-11-08;3;0
12;2025-11-08;4;2
12;2025-11-08;5;256
12;2025-11-08;6;904
12;2025-11-08;7;949
12;2025-11-08;8;1075
12;2025-11-08;9;1288
12;2025-11-08;10;1345
12;2025-11-08;11;1344
12;2025-11-08;12;1344
12;2025-11-08;13;1512
12;2025-11-08;14;1648
12;2025-11-08;15;1507
12;2025-11-08;16;1678
12;2025-11-08;17;1627
12;2025-11-08;18;1548
12;2025-11-08;19;1450
12;2025-11-08;20;1055
12;2025-11-08;21;815
12;2025-11-08;22;409
12;2025-11-08;23;298
12;2025-11-09;0;88
12;2025-11-09;1;6
12;2025-11-09;2;0
12;2025-11-09;3;0
12;2025-11-09;4;3
12;2025-11-09;5;160
12;2025-11-09;6;537
12;2025-11-09;7;725
12;2025-11-09;8;769
12;2025-11-09;9;974
12;2025-11-09;10;1212
12;2025-11-09;11;1319
12;2025-11-09;12;1404
12;2025-11-09;13;1626
12;2025-11-09;14;1486
12;2025-11-09;15;1476
12;2025-11-09;16;1562
12;2025-11-09;17;1584
12;2025-11-09;18;1382
12;2025-11-09;19;1037
12;2025-11-09;20;826
12;2025-11-09;21;620
12;2025-11-09;22;408
12;2025-11-09;23;206
12;2025-11-10;0;55
12;2025-11-10;1;2
12;2025-11-10;2;0
12;2025-11-10;3;0
12;2025-11-10;4;7
12;2025-11-10;5;340
12;2025-11-10;6;1512
12;2025-11-10;7;2769
12;2025-11-10;8;3689
12;2025-11-10;9;2630
12;2025-11-10;10;2152
12;2025-11-10;11;2076
12;2025-11-10;12;2126
12;2025-11-10;13;2114
12;2025-11-10;14;2004
12;2025-11-10;15;2246
12;2025-11-10;16;2773
12;2025-11-10;17;3091
12;2025-11-10;18;3232
12;2025-11-10;19;2480
12;2025-11-10;20;1608
12;2025-11-10;21;973
12;2025-11-10;22;491
12;2025-11-10;23;251
12;2025-11-11;0;55
12;2025-11-11;1;2
12;2025-11-11;2;0
12;2025-11-11;3;0
12;2025-11-11;4;7
12;2025-11-11;5;346
12;2025-11-11;6;1525
12;2025-11-11;7;2797
12;2025-11-11;8;3723
12;2025-11-11;9;2637
12;2025-11-11;10;2169
12;2025-11-11;11;2097
12;2025-11-11;12;2122
12;2025-11-11;13;2124
12;2025-11-11;14;2032
12;2025-11-11;15;2268
12;2025-11-11;16;2790
12;2025-11-11;17;3111
12;2025-11-11;18;3250
12;2025-11-11;19;2508
12;2025-11-11;20;1602
12;2025-11-11;21;979
12;2025-11-11;22;498
12;2025-11-11;23;261
12;2025-11-12;0;56
12;2025-11-12;1;2
12;2025-11-12;2;0
12;2025-11-12;3;0
12;2025-11-12;4;7
12;2025-11-12;5;346
12;2025-11-12;6;1526
12;2025-11-12;7;2786
12;2025-11-12;8;3717
12;2025-11-12;9;2645
12;2025-11-12;10;2161
12;2025-11-12;11;2115
12;2025-11-12;12;2148
12;2025-11-12;13;2147
12;2025-11-12;14;2028
12;2025-11-12;15;2310
12;2025-11-12;16;2825
12;2025-11-12;17;3115
12;2025-11-12;18;3238
12;2025-11-12;19;2512
12;2025-11-12;20;1607
12;2025-11-12;21;1005
12;2025-11-12;22;501
12;2025-11-12;23;259
12;2025-11-13;0;55
12;2025-11-13;1;2
12;2025-11-13;2;0
12;2025-11-13;3;0
12;2025-11-13;4;7
12;2025-11-13;5;344
12;2025-11-13;6;1522
12;2025-11-13;7;2794
12;2025-11-13;8;3723
12;2025-11-13;9;2650
12;2025-11-13;10;2181
12;2025-11-13;11;2110
12;2025-11-13;12;2132
12;2025-11-13;13;2134
12;2025-11-13;14;2037
12;2025-11-13;15;2276
12;2025-11-13;16;2807
12;2025-11-13;17;3145
12;2025-11-13;18;3286
12;2025-11-13;19;2522
12;2025-11-13;20;1627
12;2025-11-13;21;988
12;2025-11-13;22;506
12;2025-11-13;23;259
12;2025-11-14;0;54
12;2025-11-14;1;1
12;2025-11-14;2;0
12;2025-11-14;3;0
12;2025-11-14;4;6
12;2025-11-14;5;329
12;2025-11-14;6;1403
12;2025-11-14;7;2685
12;2025-11-14;8;3273
12;2025-11-14;9;2420
12;2025-11-14;10;1918
12;2025-11-14;11;1882
12;2025-11-14;12;1934
12;2025-11-14;13;2037
12;2025-11-14;14;1965
12;2025-11-14;15;2252
12;2025-11-14;16;2803
12;2025-11-14;17;2894
12;2025-11-14;18;2519
12;2025-11-14;19;2181
12;2025-11-14;20;1374
12;2025-11-14;21;980
12;2025-11-14;22;512
12;2025-11-14;23;310
12;2025-11-15;0;73
12;2025-11-15;1;2
12;2025-11-15;2;0
12;2025-11-15;3;0
12;2025-11-15;4;2
12;2025-11-15;5;256
12;2025-11-15;6;904
12;2025-11-15;7;948
12;2025-11-15;8;1073
12;2025-11-15;9;1289
12;2025-11-15;10;1531
12;2025-11-15;11;1530
12;2025-11-15;12;1535
12;2025-11-15;13;1745
12;2025-11-15;14;1651
12;2025-11-15;15;1511
12;2025-11-15;16;1679
12;2025-11-15;17;1627
12;2025-11-15;18;1550
12;2025-11-15;19;1450
12;2025-11-15;20;1055
12;2025-11-15;21;815
12;2025-11-15;22;409
12;2025-11-15;23;298
12;2025-11-16;0;88
12;2025-11-16;1;6
12;2025-11-16;2;0
12;2025-11-16;3;0
12;2025-11-16;4;3
12;2025-11-16;5;160
12;2025-11-16;6;480
12;2025-11-16;7;642
12;2025-11-16;8;678
12;2025-11-16;9;855
12;2025-11-16;10;1213
12;2025-11-16;11;1318
12;2025-11-16;12;1402
12;2025-11-16;13;1625
12;2025-11-16;14;1488
12;2025-11-16;15;1478
12;2025-11-16;16;1556
12;2025-11-16;17;1582
12;2025-11-16;18;1382
12;2025-11-16;19;1037
12;2025-11-16;20;826
12;2025-11-16;21;620
12;2025-11-16;22;408
12;2025-11-16;23;206
12;2025-11-17;0;55
12;2025-11-17;1;2
12;2025-11-17;2;0
12;2025-11-17;3;0
12;2025-11-17;4;7
12;2025-11-17;5;340
12;2025-11-17;6;1512
12;2025-11-17;7;2769
12;2025-11-17;8;3689
12;2025-11-17;9;2630
12;2025-11-17;10;2152
12;2025-11-17;11;2076
12;2025-11-17;12;2126
12;2025-11-17;13;2114
12;2025-11-17;14;2004
12;2025-11-17;15;2246
12;2025-11-17;16;2773
12;2025-11-17;17;3091
12;2025-11-17;18;3232
12;2025-11-17;19;2480
12;2025-11-17;20;1608
12;2025-11-17;21;973
12;2025-11-17;22;491
12;2025-11-17;23;251
12;2025-11-18;0;55
12;2025-11-18;1;2
12;2025-11-18;2;0
12;2025-11-18;3;0
12;2025-11-18;4;7
12;2025-11-18;5;346
12;2025-11-18;6;1525
12;2025-11-18;7;2797
12;2025-11-18;8;3723
12;2025-11-18;9;2637
12;2025-11-18;10;2169
12;2025-11-18;11;2097
12;2025-11-18;12;2122
12;2025-11-18;13;2124
12;2025-11-18;14;2032
12;2025-11-18;15;2268
12;2025-11-18;16;2790
12;2025-11-18;17;3111
12;2025-11-18;18;3250
12;2025-11-18;19;2508
12;2025-11-18;20;1602
12;2025-11-18;21;979
12;2025-11-18;22;498
12;2025-11-18;23;261
12;2025-11-19;0;56
12;2025-11-19;1;2
12;2025-11-19;2;0
12;2025-11-19;3;0
12;2025-11-19;4;7
12;2025-11-19;5;346
12;2025-11-19;6;1526
12;2025-11-19;7;2786
12;2025-11-19;8;3717
12;2025-11-19;9;2645
12;2025-11-19;10;2161
12;2025-11-19;11;2115
12;2025-11-19;12;2148
12;2025-11-19;13;2147
12;2025-11-19;14;2028
12;2025-11-19;15;2310
12;2025-11-19;16;2825
12;2025-11-19;17;3115
12;2025-11-19;18;3238
12;2025-11-19;19;2512
12;2025-11-19;20;1607
12;2025-11-19;21;1005
12;2025-11-19;22;501
12;2025-11-19;23;259
12;2025-11-20;0;55
12;2025-11-20;1;2
12;2025-11-20;2;0
12;2025-11-20;3;0
12;2025-11-20;4;7
12;2025-11-20;5;344
12;2025-11-20;6;1522
12;2025-11-20;7;2794
12;2025-11-20;8;3723
12;2025-11-20;9;2650
12;2025-11-20;10;2181
12;2025-11-20;11;2110
12;2025-11-20;12;2132
12;2025-11-20;13;2134
12;2025-11-20;14;2037
12;2025-11-20;15;2276
12;2025-11-20;16;2807
12;2025-11-20;17;3145
12;2025-11-20;18;3286
12;2025-11-20;19;2522
12;2025-11-20;20;1627
12;2025-11-20;21;988
12;2025-11-20;22;506
12;2025-11-20;23;259
12;2025-11-21;0;54
12;2025-11-21;1;1
12;2025-11-21;2;0
12;2025-11-21;3;0
12;2025-11-21;4;6
12;2025-11-21;5;329
12;2025-11-21;6;1403
12;2025-11-21;7;2685
12;2025-11-21;8;3273
12;2025-11-21;9;2420
12;2025-11-21;10;1918
12;2025-11-21;11;1882
12;2025-11-21;12;1934
12;2025-11-21;13;2037
12;2025-11-21;14;1965
12;2025-11-21;15;2252
12;2025-11-21;16;2803
12;2025-11-21;17;2894
12;2025-11-21;18;2519
12;2025-11-21;19;2181
12;2025-11-21;20;1374
12;2025-11-21;21;980
12;2025-11-21;22;512
12;2025-11-21;23;310
12;2025-11-22;0;75
12;2025-11-22;1;2
12;2025-11-22;2;0
12;2025-11-22;3;0
12;2025-11-22;4;2
12;2025-11-22;5;265
12;2025-11-22;6;924
12;2025-11-22;7;958
12;2025-11-22;8;1077
12;2025-11-22;9;1282
12;2025-11-22;10;1520
12;2025-11-22;11;1520
12;2025-11-22;12;1515
12;2025-11-22;13;1717
12;2025-11-22;14;1651
12;2025-11-22;15;1490
12;2025-11-22;16;1660
12;2025-11-22;17;1610
12;2025-11-22;18;1554
12;2025-11-22;19;1475
12;2025-11-22;20;1062
12;2025-11-22;21;827
12;2025-11-22;22;421
12;2025-11-22;23;300
12;2025-11-23;0;89
12;2025-11-23;1;6
12;2025-11-23;2;0
12;2025-11-23;3;0
12;2025-11-23;4;3
12;2025-11-23;5;168
12;2025-11-23;6;547
12;2025-11-23;7;729
12;2025-11-23;8;774
12;2025-11-23;9;977
12;2025-11-23;10;1212
12;2025-11-23;11;1317
12;2025-11-23;12;1407
12;2025-11-23;13;1631
12;2025-11-23;14;1490
12;2025-11-23;15;1462
12;2025-11-23;16;1553
12;2025-11-23;17;1585
12;2025-11-23;18;1370
12;2025-11-23;19;1050
12;2025-11-23;20;841
12;2025-11-23;21;629
12;2025-11-23;22;407
12;2025-11-23;23;212
12;2025-11-24;0;56
12;2025-11-24;1;2
12;2025-11-24;2;0
12;2025-11-24;3;0
12;2025-11-24;4;7
12;2025-11-24;5;350
12;2025-11-24;6;1529
12;2025-11-24;7;2799
12;2025-11-24;8;3721
12;2025-11-24;9;2622
12;2025-11-24;10;2131
12;2025-11-24;11;2065
12;2025-11-24;12;2100
12;2025-11-24;13;2098
12;2025-11-24;14;2003
12;2025-11-24;15;2247
12;2025-11-24;16;2782
12;2025-11-24;17;3096
12;2025-11-24;18;3261
12;2025-11-24;19;2523
12;2025-11-24;20;1624
12;2025-11-24;21;993
12;2025-11-24;22;506
12;2025-11-24;23;259
12;2025-11-25;0;56
12;2025-11-25;1;2
12;2025-11-25;2;0
12;2025-11-25;3;0
12;2025-11-25;4;7
12;2025-11-25;5;352
12;2025-11-25;6;1534
12;2025-11-25;7;2808
12;2025-11-25;8;3732
12;2025-11-25;9;2625
12;2025-11-25;10;2137
12;2025-11-25;11;2071
12;2025-11-25;12;2098
12;2025-11-25;13;2101
12;2025-11-25;14;2012
12;2025-11-25;15;2254
12;2025-11-25;16;2788
12;2025-11-25;17;3103
12;2025-11-25;18;3267
12;2025-11-25;19;2532
12;2025-11-25;20;1622
12;2025-11-25;21;995
12;2025-11-25;22;508
12;2025-11-25;23;262
12;2025-11-26;0;57
12;2025-11-26;1;2
12;2025-11-26;2;0
12;2025-11-26;3;0
12;2025-11-26;4;7
12;2025-11-26;5;352
12;2025-11-26;6;1534
12;2025-11-26;7;2804
12;2025-11-26;8;3730
12;2025-11-26;9;2627
12;2025-11-26;10;2134
12;2025-11-26;11;2077
12;2025-11-26;12;2107
12;2025-11-26;13;2108
12;2025-11-26;14;2011
12;2025-11-26;15;2268
12;2025-11-26;16;2800
12;2025-11-26;17;3104
12;2025-11-26;18;3263
12;2025-11-26;19;2534
12;2025-11-26;20;1623
12;2025-11-26;21;1004
12;2025-11-26;22;510
12;2025-11-26;23;261
12;2025-11-27;0;56
12;2025-11-27;1;2
12;2025-11-27;2;0
12;2025-11-27;3;0
12;2025-11-27;4;7
12;2025-11-27;5;352
12;2025-11-27;6;1533
12;2025-11-27;7;2807
12;2025-11-27;8;3732
12;2025-11-27;9;2629
12;2025-11-27;10;2141
12;2025-11-27;11;2076
12;2025-11-27;12;2102
12;2025-11-27;13;2104
12;2025-11-27;14;2014
12;2025-11-27;15;2257
12;2025-11-27;16;2794
12;2025-11-27;17;3114
12;2025-11-27;18;3279
12;2025-11-27;19;2537
12;2025-11-27;20;1630
12;2025-11-27;21;998
12;2025-11-27;22;511
12;2025-11-27;23;261
12;2025-11-28;0;54
12;2025-11-28;1;1
12;2025-11-28;2;0
12;2025-11-28;3;0
12;2025-11-28;4;6
12;2025-11-28;5;334
12;2025-11-28;6;1413
12;2025-11-28;7;2706
12;2025-11-28;8;3291
12;2025-11-28;9;2411
12;2025-11-28;10;1890
12;2025-11-28;11;1855
12;2025-11-28;12;1917
12;2025-11-28;13;2015
12;2025-11-28;14;1949
12;2025-11-28;15;2234
12;2025-11-28;16;2784
12;2025-11-28;17;2892
12;2025-11-28;18;2538
12;2025-11-28;19;2211
12;2025-11-28;20;1387
12;2025-11-28;21;992
12;2025-11-28;22;526
12;2025-11-28;23;313
12;2025-11-29;0;75
12;2025-11-29;1;2
12;2025-11-29;2;0
12;2025-11-29;3;0
12;2025-11-29;4;2
12;2025-11-29;5;265
12;2025-11-29;6;924
12;2025-11-29;7;958
12;2025-11-29;8;1077
12;2025-11-29;9;1282
12;2025-11-29;10;1520
12;2025-11-29;11;1520
12;2025-11-29;12;1515
12;2025-11-29;13;1717
12;2025-11-29;14;1651
12;2025-11-29;15;1490
12;2025-11-29;16;1660
12;2025-11-29;17;1610
12;2025-11-29;18;1554
12;2025-11-29;19;1475
12;2025-11-29;20;1062
12;2025-11-29;21;827
12;2025-11-29;22;421
12;2025-11-29;23;300
12;2025-11-30;0;89
12;2025-11-30;1;6
12;2025-11-30;2;0
12;2025-11-30;3;0
12;2025-11-30;4;3
12;2025-11-30;5;168
12;2025-11-30;6;547
12;2025-11-30;7;729
12;2025-11-30;8;774
12;2025-11-30;9;977
12;2025-11-30;10;1212
12;2025-11-30;11;1317
12;2025-11-30;12;1407
12;2025-11-30;13;1631
12;2025-11-30;14;1490
12;2025-11-30;15;1462
12;2025-11-30;16;1553
12;2025-11-30;17;1585
12;2025-11-30;18;1370
12;2025-11-30;19;1050
12;2025-11-30;20;841
12;2025-11-30;21;629
12;2025-11-30;22;407
12;2025-11-30;23;212
12;2025-12-01;0;55
12;2025-12-01;1;2
12;2025-12-01;2;0
12;2025-12-01;3;0
12;2025-12-01;4;7
12;2025-12-01;5;343
12;2025-12-01;6;1499
12;2025-12-01;7;2743
12;2025-12-01;8;3646
12;2025-12-01;9;2570
12;2025-12-01;10;2089
12;2025-12-01;11;2023
12;2025-12-01;12;2058
12;2025-12-01;13;2056
12;2025-12-01;14;1963
12;2025-12-01;15;2202
12;2025-12-01;16;2727
12;2025-12-01;17;3034
12;2025-12-01;18;3196
12;2025-12-01;19;2473
12;2025-12-01;20;1591
12;2025-12-01;21;973
12;2025-12-01;22;496
12;2025-12-01;23;253
12;2025-12-02;0;55
12;2025-12-02;1;2
12;2025-12-02;2;0
12;2025-12-02;3;0
12;2025-12-02;4;7
12;2025-12-02;5;345
12;2025-12-02;6;1503
12;2025-12-02;7;2752
12;2025-12-02;8;3658
12;2025-12-02;9;2572
12;2025-12-02;10;2094
12;2025-12-02;11;2030
12;2025-12-02;12;2056
12;2025-12-02;13;2059
12;2025-12-02;14;1972
12;2025-12-02;15;2209
12;2025-12-02;16;2732
12;2025-12-02;17;3041
12;2025-12-02;18;3202
12;2025-12-02;19;2482
12;2025-12-02;20;1589
12;2025-12-02;21;975
12;2025-12-02;22;498
12;2025-12-02;23;257
12;2025-12-03;0;55
12;2025-12-03;1;2
12;2025-12-03;2;0
12;2025-12-03;3;0
12;2025-12-03;4;7
12;2025-12-03;5;345
12;2025-12-03;6;1503
12;2025-12-03;7;2748
12;2025-12-03;8;3656
12;2025-12-03;9;2575
12;2025-12-03;10;2092
12;2025-12-03;11;2036
12;2025-12-03;12;2065
12;2025-12-03;13;2066
12;2025-12-03;14;1971
12;2025-12-03;15;2223
12;2025-12-03;16;2744
12;2025-12-03;17;3042
12;2025-12-03;18;3198
12;2025-12-03;19;2483
12;2025-12-03;20;1591
12;2025-12-03;21;984
12;2025-12-03;22;499
12;2025-12-03;23;256
12;2025-12-04;0;55
12;2025-12-04;1;2
12;2025-12-04;2;0
12;2025-12-04;3;0
12;2025-12-04;4;7
12;2025-12-04;5;345
12;2025-12-04;6;1502
12;2025-12-04;7;2751
12;2025-12-04;8;3657
12;2025-12-04;9;2576
12;2025-12-04;10;2098
12;2025-12-04;11;2034
12;2025-12-04;12;2060
12;2025-12-04;13;2062
12;2025-12-04;14;1974
12;2025-12-04;15;2212
12;2025-12-04;16;2738
12;2025-12-04;17;3052
12;2025-12-04;18;3214
12;2025-12-04;19;2487
12;2025-12-04;20;1598
12;2025-12-04;21;978
12;2025-12-04;22;501
12;2025-12-04;23;256
12;2025-12-05;0;53
12;2025-12-05;1;1
12;2025-12-05;2;0
12;2025-12-05;3;0
12;2025-12-05;4;6
12;2025-12-05;5;327
12;2025-12-05;6;1385
12;2025-12-05;7;2652
12;2025-12-05;8;3226
12;2025-12-05;9;2363
12;2025-12-05;10;1853
12;2025-12-05;11;1818
12;2025-12-05;12;1879
12;2025-12-05;13;1974
12;2025-12-05;14;1910
12;2025-12-05;15;2189
12;2025-12-05;16;2728
12;2025-12-05;17;2835
12;2025-12-05;18;2488
12;2025-12-05;19;2167
12;2025-12-05;20;1360
12;2025-12-05;21;973
12;2025-12-05;22;516
12;2025-12-05;23;307
12;2025-12-06;0;74
12;2025-12-06;1;2
12;2025-12-06;2;0
12;2025-12-06;3;0
12;2025-12-06;4;2
12;2025-12-06;5;259
12;2025-12-06;6;906
12;2025-12-06;7;939
12;2025-12-06;8;1055
12;2025-12-06;9;1256
12;2025-12-06;10;1490
12;2025-12-06;11;1490
12;2025-12-06;12;1485
12;2025-12-06;13;1683
12;2025-12-06;14;1618
12;2025-12-06;15;1460
12;2025-12-06;16;1627
12;2025-12-06;17;1578
12;2025-12-06;18;1523
12;2025-12-06;19;1445
12;2025-12-06;20;1041
12;2025-12-06;21;810
12;2025-12-06;22;413
12;2025-12-06;23;294
12;2025-12-07;0;87
12;2025-12-07;1;6
12;2025-12-07;2;0
12;2025-12-07;3;0
12;2025-12-07;4;3
12;2025-12-07;5;164
12;2025-12-07;6;536
12;2025-12-07;7;714
12;2025-12-07;8;758
12;2025-12-07;9;957
12;2025-12-07;10;1187
12;2025-12-07;11;1291
12;2025-12-07;12;1379
12;2025-12-07;13;1599
12;2025-12-07;14;1460
12;2025-12-07;15;1433
12;2025-12-07;16;1522
12;2025-12-07;17;1554
12;2025-12-07;18;1342
12;2025-12-07;19;1029
12;2025-12-07;20;824
12;2025-12-07;21;616
12;2025-12-07;22;398
12;2025-12-07;23;208
12;2025-12-08;0;55
12;2025-12-08;1;2
12;2025-12-08;2;0
12;2025-12-08;3;0
12;2025-12-08;4;7
12;2025-12-08;5;343
12;2025-12-08;6;1499
12;2025-12-08;7;2743
12;2025-12-08;8;3646
12;2025-12-08;9;2570
12;2025-12-08;10;2089
12;2025-12-08;11;2023
12;2025-12-08;12;2058
12;2025-12-08;13;2056
12;2025-12-08;14;1963
12;2025-12-08;15;2202
12;2025-12-08;16;2727
12;2025-12-08;17;3034
12;2025-12-08;18;3196
12;2025-12-08;19;2473
12;2025-12-08;20;1591
12;2025-12-08;21;973
12;2025-12-08;22;496
12;2025-12-08;23;253
12;2025-12-09;0;55
12;2025-12-09;1;2
12;2025-12-09;2;0
12;2025-12-09;3;0
12;2025-12-09;4;7
12;2025-12-09;5;345
12;2025-12-09;6;1503
12;2025-12-09;7;2752
12;2025-12-09;8;3658
12;2025-12-09;9;2572
12;2025-12-09;10;2094
12;2025-12-09;11;2030
12;2025-12-09;12;2056
12;2025-12-09;13;2059
12;2025-12-09;14;1972
12;2025-12-09;15;2209
12;2025-12-09;16;2732
12;2025-12-09;17;3041
12;2025-12-09;18;3202
12;2025-12-09;19;2482
12;2025-12-09;20;1589
12;2025-12-09;21;975
12;2025-12-09;22;498
12;2025-12-09;23;257
12;2025-12-10;0;55
12;2025-12-10;1;2
12;2025-12-10;2;0
12;2025-12-10;3;0
12;2025-12-10;4;7
12;2025-12-10;5;345
12;2025-12-10;6;1503
12;2025-12-10;7;2748
12;2025-12-10;8;3656
12;2025-12-10;9;2575
12;2025-12-10;10;2092
12;2025-12-10;11;2036
12;2025-12-10;12;2065
12;2025-12-10;13;2066
12;2025-12-10;14;1971
12;2025-12-10;15;2223
12;2025-12-10;16;2744
12;2025-12-10;17;3042
12;2025-12-10;18;3198
12;2025-12-10;19;2483
12;2025-12-10;20;1591
12;2025-12-10;21;984
12;2025-12-10;22;499
12;2025-12-10;23;256
12;2025-12-11;0;55
12;2025-12-11;1;2
12;2025-12-11;2;0
12;2025-12-11;3;0
12;2025-12-11;4;7
12;2025-12-11;5;345
12;2025-12-11;6;1502
12;2025-12-11;7;2751
12;2025-12-11;8;3657
12;2025-12-11;9;2576
12;2025-12-11;10;2098
12;2025-12-11;11;2034
12;2025-12-11;12;2060
12;2025-12-11;13;2062
12;2025-12-11;14;1974
12;2025-12-11;15;2212
12;2025-12-11;16;2738
12;2025-12-11;17;3052
12;2025-12-11;18;3214
12;2025-12-11;19;2487
12;2025-12-11;20;1598
12;2025-12-11;21;978
12;2025-12-11;22;501
12;2025-12-11;23;256
12;2025-12-12;0;53
12;2025-12-12;1;1
12;2025-12-12;2;0
12;2025-12-12;3;0
12;2025-12-12;4;6
12;2025-12-12;5;327
12;2025-12-12;6;1385
12;2025-12-12;7;2652
12;2025-12-12;8;3226
12;2025-12-12;9;2363
12;2025-12-12;10;1853
12;2025-12-12;11;1818
12;2025-12-12;12;1879
12;2025-12-12;13;1974
12;2025-12-12;14;1910
12;2025-12-12;15;2189
12;2025-12-12;16;2728
12;2025-12-12;17;2835
12;2025-12-12;18;2488
12;2025-12-12;19;2167
12;2025-12-12;20;1360
12;2025-12-12;21;973
12;2025-12-12;22;516
12;2025-12-12;23;307
12;2025-12-13;0;74
12;2025-12-13;1;2
12;2025-12-13;2;0
12;2025-12-13;3;0
12;2025-12-13;4;2
12;2025-12-13;5;259
12;2025-12-13;6;906
12;2025-12-13;7;939
12;2025-12-13;8;1055
12;2025-12-13;9;1256
12;2025-12-13;10;1490
12;2025-12-13;11;1490
12;2025-12-13;12;1485
12;2025-12-13;13;1683
12;2025-12-13;14;1618
12;2025-12-13;15;1460
12;2025-12-13;16;1627
12;2025-12-13;17;1578
12;2025-12-13;18;1523
12;2025-12-13;19;1445
12;2025-12-13;20;1041
12;2025-12-13;21;810
12;2025-12-13;22;413
12;2025-12-13;23;294
12;2025-12-14;0;87
12;2025-12-14;1;6
12;2025-12-14;2;0
12;2025-12-14;3;0
12;2025-12-14;4;3
12;2025-12-14;5;164
12;2025-12-14;6;536
12;2025-12-14;7;714
12;2025-12-14;8;758
12;2025-12-14;9;957
12;2025-12-14;10;1187
12;2025-12-14;11;1291
12;2025-12-14;12;1379
12;2025-12-14;13;1599
12;2025-12-14;14;1460
12;2025-12-14;15;1433
12;2025-12-14;16;1522
12;2025-12-14;17;1554
12;2025-12-14;18;1342
12;2025-12-14;19;1029
12;2025-12-14;20;824
12;2025-12-14;21;616
12;2025-12-14;22;398
12;2025-12-14;23;208
12;2025-12-15;0;55
12;2025-12-15;1;2
12;2025-12-15;2;0
12;2025-12-15;3;0
12;2025-12-15;4;7
12;2025-12-15;5;343
12;2025-12-15;6;1499
12;2025-12-15;7;2743
12;2025-12-15;8;3646
12;2025-12-15;9;2570
12;2025-12-15;10;2089
12;2025-12-15;11;2023
12;2025-12-15;12;2058
12;2025-12-15;13;2056
12;2025-12-15;14;1963
12;2025-12-15;15;2202
12;2025-12-15;16;2727
12;2025-12-15;17;3034
12;2025-12-15;18;3196
12;2025-12-15;19;2473
12;2025-12-15;20;1591
12;2025-12-15;21;973
12;2025-12-15;22;496
12;2025-12-15;23;253
12;2025-12-16;0;55
12;2025-12-16;1;2
12;2025-12-16;2;0
12;2025-12-16;3;0
12;2025-12-16;4;7
12;2025-12-16;5;345
12;2025-12-16;6;1503
12;2025-12-16;7;2752
12;2025-12-16;8;3658
12;2025-12-16;9;2572
12;2025-12-16;10;2094
12;2025-12-16;11;2030
12;2025-12-16;12;2056
12;2025-12-16;13;2059
12;2025-12-16;14;1972
12;2025-12-16;15;2209
12;2025-12-16;16;2732
12;2025-12-16;17;3041
12;2025-12-16;18;3202
12;2025-12-16;19;2482
12;2025-12-16;20;1589
12;2025-12-16;21;975
12;2025-12-16;22;498
12;2025-12-16;23;257
12;2025-12-17;0;55
12;2025-12-17;1;2
12;2025-12-17;2;0
12;2025-12-17;3;0
12;2025-12-17;4;7
12;2025-12-17;5;345
12;2025-12-17;6;1503
12;2025-12-17;7;2748
12;2025-12-17;8;3656
12;2025-12-17;9;2575
12;2025-12-17;10;2092
12;2025-12-17;11;2036
12;2025-12-17;12;2065
12;2025-12-17;13;2066
12;2025-12-17;14;1971
12;2025-12-17;15;2223
12;2025-12-17;16;2744
12;2025-12-17;17;3042
12;2025-12-17;18;3198
12;2025-12-17;19;2483
12;2025-12-17;20;1591
12;2025-12-17;21;984
12;2025-12-17;22;499
12;2025-12-17;23;256
12;2025-12-18;0;55
12;2025-12-18;1;2
12;2025-12-18;2;0
12;2025-12-18;3;0
12;2025-12-18;4;7
12;2025-12-18;5;345
12;2025-12-18;6;1502
12;2025-12-18;7;2751
12;2025-12-18;8;3657
12;2025-12-18;9;2576
12;2025-12-18;10;2098
12;2025-12-18;11;2034
12;2025-12-18;12;2060
12;2025-12-18;13;2062
12;2025-12-18;14;1974
12;2025-12-18;15;2212
12;2025-12-18;16;2738
12;2025-12-18;17;3052
12;2025-12-18;18;3214
12;2025-12-18;19;2487
12;2025-12-18;20;1598
12;2025-12-18;21;978
12;2025-12-18;22;501
12;2025-12-18;23;256
12;2025-12-19;0;53
12;2025-12-19;1;1
12;2025-12-19;2;0
12;2025-12-19;3;0
12;2025-12-19;4;6
12;2025-12-19;5;327
12;2025-12-19;6;1385
12;2025-12-19;7;2652
12;2025-12-19;8;3226
12;2025-12-19;9;2363
12;2025-12-19;10;1853
12;2025-12-19;11;1818
12;2025-12-19;12;1879
12;2025-12-19;13;1974
12;2025-12-19;14;1910
12;2025-12-19;15;2189
12;2025-12-19;16;2728
12;2025-12-19;17;2835
12;2025-12-19;18;2488
12;2025-12-19;19;2167
12;2025-12-19;20;1360
12;2025-12-19;21;973
12;2025-12-19;22;516
12;2025-12-19;23;307
12;2025-12-20;0;74
12;2025-12-20;1;2
12;2025-12-20;2;0
12;2025-12-20;3;0
12;2025-12-20;4;2
12;2025-12-20;5;259
12;2025-12-20;6;906
12;2025-12-20;7;939
12;2025-12-20;8;1055
12;2025-12-20;9;1256
12;2025-12-20;10;1490
12;2025-12-20;11;1490
12;2025-12-20;12;1485
12;2025-12-20;13;1683
12;2025-12-20;14;1618
12;2025-12-20;15;1460
12;2025-12-20;16;1627
12;2025-12-20;17;1578
12;2025-12-20;18;1523
12;2025-12-20;19;1445
12;2025-12-20;20;1041
12;2025-12-20;21;810
12;2025-12-20;22;413
12;2025-12-20;23;294
12;2025-12-21;0;87
12;2025-12-21;1;6
12;2025-12-21;2;0
12;2025-12-21;3;0
12;2025-12-21;4;3
12;2025-12-21;5;164
12;2025-12-21;6;536
12;2025-12-21;7;714
12;2025-12-21;8;758
12;2025-12-21;9;957
12;2025-12-21;10;1187
12;2025-12-21;11;1291
12;2025-12-21;12;1379
12;2025-12-21;13;1599
12;2025-12-21;14;1460
12;2025-12-21;15;1433
12;2025-12-21;16;1522
12;2025-12-21;17;1554
12;2025-12-21;18;1342
12;2025-12-21;19;1029
12;2025-12-21;20;824
12;2025-12-21;21;616
12;2025-12-21;22;398
12;2025-12-21;23;208
12;2025-12-22;0;55
12;2025-12-22;1;2
12;2025-12-22;2;0
12;2025-12-22;3;0
12;2025-12-22;4;7
12;2025-12-22;5;343
12;2025-12-22;6;1499
12;2025-12-22;7;2743
12;2025-12-22;8;3646
12;2025-12-22;9;2570
12;2025-12-22;10;2089
12;2025-12-22;11;2023
12;2025-12-22;12;2058
12;2025-12-22;13;2056
12;2025-12-22;14;1963
12;2025-12-22;15;2202
12;2025-12-22;16;2727
12;2025-12-22;17;3034
12;2025-12-22;18;3196
12;2025-12-22;19;2473
12;2025-12-22;20;1591
12;2025-12-22;21;973
12;2025-12-22;22;496
12;2025-12-22;23;253
12;2025-12-23;0;55
12;2025-12-23;1;2
12;2025-12-23;2;0
12;2025-12-23;3;0
12;2025-12-23;4;7
12;2025-12-23;5;345
12;2025-12-23;6;1503
12;2025-12-23;7;2752
12;2025-12-23;8;3658
12;2025-12-23;9;2572
12;2025-12-23;10;2094
12;2025-12-23;11;2030
12;2025-12-23;12;2056
12;2025-12-23;13;2059
12;2025-12-23;14;1972
12;2025-12-23;15;2209
12;2025-12-23;16;2732
12;2025-12-23;17;3041
12;2025-12-23;18;3202
12;2025-12-23;19;2482
12;2025-12-23;20;1589
12;2025-12-23;21;975
12;2025-12-23;22;498
12;2025-12-23;23;257
12;2025-12-24;0;55
12;2025-12-24;1;2
12;2025-12-24;2;0
12;2025-12-24;3;0
12;2025-12-24;4;7
12;2025-12-24;5;345
12;2025-12-24;6;1503
12;2025-12-24;7;2748
12;2025-12-24;8;3656
12;2025-12-24;9;2575
12;2025-12-24;10;2092
12;2025-12-24;11;2036
12;2025-12-24;12;2065
12;2025-12-24;13;2066
12;2025-12-24;14;1971
12;2025-12-24;15;2223
12;2025-12-24;16;2744
12;2025-12-24;17;3042
12;2025-12-24;18;3198
12;2025-12-24;19;2483
12;2025-12-24;20;1591
12;2025-12-24;21;984
12;2025-12-24;22;499
12;2025-12-24;23;256
12;2025-12-25;0;55
12;2025-12-25;1;2
12;2025-12-25;2;0
12;2025-12-25;3;0
12;2025-12-25;4;7
12;2025-12-25;5;345
12;2025-12-25;6;1502
12;2025-12-25;7;2751
12;2025-12-25;8;3657
12;2025-12-25;9;2576
12;2025-12-25;10;2098
12;2025-12-25;11;2034
12;2025-12-25;12;2060
12;2025-12-25;13;2062
12;2025-12-25;14;1974
12;2025-12-25;15;2212
12;2025-12-25;16;2738
12;2025-12-25;17;3052
12;2025-12-25;18;3214
12;2025-12-25;19;2487
12;2025-12-25;20;1598
12;2025-12-25;21;978
12;2025-12-25;22;501
12;2025-12-25;23;256
12;2025-12-26;0;53
12;2025-12-26;1;1
12;2025-12-26;2;0
12;2025-12-26;3;0
12;2025-12-26;4;6
12;2025-12-26;5;327
12;2025-12-26;6;1385
12;2025-12-26;7;2652
12;2025-12-26;8;3226
12;2025-12-26;9;2363
12;2025-12-26;10;1853
12;2025-12-26;11;1818
12;2025-12-26;12;1879
12;2025-12-26;13;1974
12;2025-12-26;14;1910
12;2025-12-26;15;2189
12;2025-12-26;16;2728
12;2025-12-26;17;2835
12;2025-12-26;18;2488
12;2025-12-26;19;2167
12;2025-12-26;20;1360
12;2025-12-26;21;973
12;2025-12-26;22;516
12;2025-12-26;23;307
12;2025-12-27;0;74
12;2025-12-27;1;2
12;2025-12-27;2;0
12;2025-12-27;3;0
12;2025-12-27;4;2
12;2025-12-27;5;259
12;2025-12-27;6;906
12;2025-12-27;7;939
12;2025-12-27;8;1055
12;2025-12-27;9;1256
12;2025-12-27;10;1490
12;2025-12-27;11;1490
12;2025-12-27;12;1485
12;2025-12-27;13;1683
12;2025-12-27;14;1618
12;2025-12-27;15;1460
12;2025-12-27;16;1627
12;2025-12-27;17;1578
12;2025-12-27;18;1523
12;2025-12-27;19;1445
12;2025-12-27;20;1041
12;2025-12-27;21;810
12;2025-12-27;22;413
12;2025-12-27;23;294
12;2025-12-28;0;87
12;2025-12-28;1;6
12;2025-12-28;2;0
12;2025-12-28;3;0
12;2025-12-28;4;3
12;2025-12-28;5;164
12;2025-12-28;6;536
12;2025-12-28;7;714
12;2025-12-28;8;758
12;2025-12-28;9;957
12;2025-12-28;10;1187
12;2025-12-28;11;1291
12;2025-12-28;12;1379
12;2025-12-28;13;1599
12;2025-12-28;14;1460
12;2025-12-28;15;1433
12;2025-12-28;16;1522
12;2025-12-28;17;1554
12;2025-12-28;18;1342
12;2025-12-28;19;1029
12;2025-12-28;20;824
12;2025-12-28;21;616
12;2025-12-28;22;398
12;2025-12-28;23;208
12;2025-12-29;0;49
12;2025-12-29;1;2
12;2025-12-29;2;0
12;2025-12-29;3;0
12;2025-12-29;4;6
12;2025-12-29;5;308
12;2025-12-29;6;1346
12;2025-12-29;7;2463
12;2025-12-29;8;3274
12;2025-12-29;9;2308
12;2025-12-29;10;1876
12;2025-12-29;11;1817
12;2025-12-29;12;1848
12;2025-12-29;13;1846
12;2025-12-29;14;1763
12;2025-12-29;15;1977
12;2025-12-29;16;2449
12;2025-12-29;17;2725
12;2025-12-29;18;2870
12;2025-12-29;19;2220
12;2025-12-29;20;1429
12;2025-12-29;21;874
12;2025-12-29;22;445
12;2025-12-29;23;228
12;2025-12-30;0;49
12;2025-12-30;1;2
12;2025-12-30;2;0
12;2025-12-30;3;0
12;2025-12-30;4;6
12;2025-12-30;5;310
12;2025-12-30;6;1350
12;2025-12-30;7;2471
12;2025-12-30;8;3285
12;2025-12-30;9;2310
12;2025-12-30;10;1880
12;2025-12-30;11;1823
12;2025-12-30;12;1847
12;2025-12-30;13;1849
12;2025-12-30;14;1771
12;2025-12-30;15;1984
12;2025-12-30;16;2454
12;2025-12-30;17;2731
12;2025-12-30;18;2875
12;2025-12-30;19;2229
12;2025-12-30;20;1427
12;2025-12-30;21;875
12;2025-12-30;22;447
12;2025-12-30;23;230
12;2025-12-31;0;85
12;2025-12-31;1;6
12;2025-12-31;2;0
12;2025-12-31;3;0
12;2025-12-31;4;3
12;2025-12-31;5;169
12;2025-12-31;6;546
12;2025-12-31;7;721
12;2025-12-31;8;765
12;2025-12-31;9;961
12;2025-12-31;10;1176
12;2025-12-31;11;1266
12;2025-12-31;12;1352
12;2025-12-31;13;1581
12;2025-12-31;14;1446
12;2025-12-31;15;1397
12;2025-12-31;16;1490
12;2025-12-31;17;1528
12;2025-12-31;18;1316
12;2025-12-31;19;1040
12;2025-12-31;20;835
12;2025-12-31;21;625
12;2025-12-31;22;399
12;2025-12-31;23;211
17;2025-11-01;0;134
17;2025-11-01;1;12
17;2025-11-01;2;0
17;2025-11-01;3;0
17;2025-11-01;4;20
17;2025-11-01;5;260
17;2025-11-01;6;1289
17;2025-11-01;7;3592
17;2025-11-01;8;4616
17;2025-11-01;9;3302
17;2025-11-01;10;2667
17;2025-11-01;11;2811
17;2025-11-01;12;2920
17;2025-11-01;13;3032
17;2025-11-01;14;3088
17;2025-11-01;15;3124
17;2025-11-01;16;3428
17;2025-11-01;17;3868
17;2025-11-01;18;4135
17;2025-11-01;19;2932
17;2025-11-01;20;2049
17;2025-11-01;21;1296
17;2025-11-01;22;684
17;2025-11-01;23;370
17;2025-11-02;0;187
17;2025-11-02;1;23
17;2025-11-02;2;0
17;2025-11-02;3;0
17;2025-11-02;4;3
17;2025-11-02;5;109
17;2025-11-02;6;431
17;2025-11-02;7;848
17;2025-11-02;8;1265
17;2025-11-02;9;1764
17;2025-11-02;10;2083
17;2025-11-02;11;2578
17;2025-11-02;12;2974
17;2025-11-02;13;3188
17;2025-11-02;14;3301
17;2025-11-02;15;3253
17;2025-11-02;16;3125
17;2025-11-02;17;3016
17;2025-11-02;18;2673
17;2025-11-02;19;2154
17;2025-11-02;20;1626
17;2025-11-02;21;1175
17;2025-11-02;22;714
17;2025-11-02;23;320
17;2025-11-03;0;180
17;2025-11-03;1;22
17;2025-11-03;2;0
17;2025-11-03;3;0
17;2025-11-03;4;4
17;2025-11-03;5;138
17;2025-11-03;6;544
17;2025-11-03;7;1072
17;2025-11-03;8;1587
17;2025-11-03;9;2135
17;2025-11-03;10;2272
17;2025-11-03;11;2656
17;2025-11-03;12;2963
17;2025-11-03;13;3187
17;2025-11-03;14;3287
17;2025-11-03;15;3246
17;2025-11-03;16;3254
17;2025-11-03;17;3201
17;2025-11-03;18;2996
17;2025-11-03;19;2332
17;2025-11-03;20;1773
17;2025-11-03;21;1254
17;2025-11-03;22;710
17;2025-11-03;23;323
17;2025-11-04;0;177
17;2025-11-04;1;21
17;2025-11-04;2;0
17;2025-11-04;3;0
17;2025-11-04;4;4
17;2025-11-04;5;138
17;2025-11-04;6;546
17;2025-11-04;7;1074
17;2025-11-04;8;1580
17;2025-11-04;9;2140
17;2025-11-04;10;2240
17;2025-11-04;11;2647
17;2025-11-04;12;2945
17;2025-11-04;13;3158
17;2025-11-04;14;3286
17;2025-11-04;15;3238
17;2025-11-04;16;3243
17;2025-11-04;17;3241
17;2025-11-04;18;3091
17;2025-11-04;19;2444
17;2025-11-04;20;1806
17;2025-11-04;21;1275
17;2025-11-04;22;713
17;2025-11-04;23;345
17;2025-11-05;0;125
17;2025-11-05;1;11
17;2025-11-05;2;0
17;2025-11-05;3;0
17;2025-11-05;4;26
17;2025-11-05;5;314
17;2025-11-05;6;1563
17;2025-11-05;7;4267
17;2025-11-05;8;5506
17;2025-11-05;9;3973
17;2025-11-05;10;3200
17;2025-11-05;11;3130
17;2025-11-05;12;3193
17;2025-11-05;13;3222
17;2025-11-05;14;3335
17;2025-11-05;15;3400
17;2025-11-05;16;3778
17;2025-11-05;17;4625
17;2025-11-05;18;4962
17;2025-11-05;19;3525
17;2025-11-05;20;2446
17;2025-11-05;21;1499
17;2025-11-05;22;755
17;2025-11-05;23;380
17;2025-11-06;0;128
17;2025-11-06;1;11
17;2025-11-06;2;0
17;2025-11-06;3;0
17;2025-11-06;4;26
17;2025-11-06;5;318
17;2025-11-06;6;1567
17;2025-11-06;7;4284
17;2025-11-06;8;5513
17;2025-11-06;9;3990
17;2025-11-06;10;3191
17;2025-11-06;11;3154
17;2025-11-06;12;3201
17;2025-11-06;13;3234
17;2025-11-06;14;3286
17;2025-11-06;15;3376
17;2025-11-06;16;3795
17;2025-11-06;17;4647
17;2025-11-06;18;4992
17;2025-11-06;19;3546
17;2025-11-06;20;2483
17;2025-11-06;21;1515
17;2025-11-06;22;760
17;2025-11-06;23;388
17;2025-11-07;0;158
17;2025-11-07;1;16
17;2025-11-07;2;0
17;2025-11-07;3;0
17;2025-11-07;4;25
17;2025-11-07;5;327
17;2025-11-07;6;1621
17;2025-11-07;7;4422
17;2025-11-07;8;5568
17;2025-11-07;9;4058
17;2025-11-07;10;3241
17;2025-11-07;11;3249
17;2025-11-07;12;3322
17;2025-11-07;13;3399
17;2025-11-07;14;3491
17;2025-11-07;15;3739
17;2025-11-07;16;4440
17;2025-11-07;17;4946
17;2025-11-07;18;4696
17;2025-11-07;19;3499
17;2025-11-07;20;2512
17;2025-11-07;21;1718
17;2025-11-07;22;866
17;2025-11-07;23;492
17;2025-11-08;0;222
17;2025-11-08;1;28
17;2025-11-08;2;0
17;2025-11-08;3;0
17;2025-11-08;4;6
17;2025-11-08;5;143
17;2025-11-08;6;618
17;2025-11-08;7;1366
17;2025-11-08;8;1964
17;2025-11-08;9;2486
17;2025-11-08;10;2711
17;2025-11-08;11;3133
17;2025-11-08;12;3436
17;2025-11-08;13;3622
17;2025-11-08;14;3609
17;2025-11-08;15;3677
17;2025-11-08;16;3720
17;2025-11-08;17;3474
17;2025-11-08;18;3096
17;2025-11-08;19;2542
17;2025-11-08;20;2031
17;2025-11-08;21;1470
17;2025-11-08;22;893
17;2025-11-08;23;467
17;2025-11-09;0;187
17;2025-11-09;1;23
17;2025-11-09;2;0
17;2025-11-09;3;0
17;2025-11-09;4;3
17;2025-11-09;5;109
17;2025-11-09;6;431
17;2025-11-09;7;848
17;2025-11-09;8;1265
17;2025-11-09;9;1764
17;2025-11-09;10;2083
17;2025-11-09;11;2578
17;2025-11-09;12;2974
17;2025-11-09;13;3188
17;2025-11-09;14;3301
17;2025-11-09;15;3253
17;2025-11-09;16;3125
17;2025-11-09;17;3016
17;2025-11-09;18;2673
17;2025-11-09;19;2154
17;2025-11-09;20;1626
17;2025-11-09;21;1175
17;2025-11-09;22;714
17;2025-11-09;23;320
17;2025-11-10;0;125
17;2025-11-10;1;12
17;2025-11-10;2;0
17;2025-11-10;3;0
17;2025-11-10;4;26
17;2025-11-10;5;313
17;2025-11-10;6;1561
17;2025-11-10;7;4284
17;2025-11-10;8;5504
17;2025-11-10;9;3975
17;2025-11-10;10;3164
17;2025-11-10;11;3082
17;2025-11-10;12;3127
17;2025-11-10;13;3192
17;2025-11-10;14;3211
17;2025-11-10;15;3332
17;2025-11-10;16;3750
17;2025-11-10;17;4629
17;2025-11-10;18;4956
17;2025-11-10;19;3488
17;2025-11-10;20;2433
17;2025-11-10;21;1487
17;2025-11-10;22;745
17;2025-11-10;23;370
17;2025-11-11;0;123
17;2025-11-11;1;11
17;2025-11-11;2;0
17;2025-11-11;3;0
17;2025-11-11;4;25
17;2025-11-11;5;323
17;2025-11-11;6;1569
17;2025-11-11;7;4280
17;2025-11-11;8;5515
17;2025-11-11;9;3982
17;2025-11-11;10;3160
17;2025-11-11;11;3086
17;2025-11-11;12;3135
17;2025-11-11;13;3179
17;2025-11-11;14;3265
17;2025-11-11;15;3366
17;2025-11-11;16;3751
17;2025-11-11;17;4635
17;2025-11-11;18;4978
17;2025-11-11;19;3525
17;2025-11-11;20;2447
17;2025-11-11;21;1502
17;2025-11-11;22;751
17;2025-11-11;23;376
17;2025-11-12;0;125
17;2025-11-12;1;11
17;2025-11-12;2;0
17;2025-11-12;3;0
17;2025-11-12;4;26
17;2025-11-12;5;314
17;2025-11-12;6;1563
17;2025-11-12;7;4267
17;2025-11-12;8;5506
17;2025-11-12;9;3973
17;2025-11-12;10;3200
17;2025-11-12;11;3130
17;2025-11-12;12;3193
17;2025-11-12;13;3222
17;2025-11-12;14;3335
17;2025-11-12;15;3400
17;2025-11-12;16;3778
17;2025-11-12;17;4625
17;2025-11-12;18;4962
17;2025-11-12;19;3525
17;2025-11-12;20;2446
17;2025-11-12;21;1499
17;2025-11-12;22;755
17;2025-11-12;23;380
17;2025-11-13;0;128
17;2025-11-13;1;11
17;2025-11-13;2;0
17;2025-11-13;3;0
17;2025-11-13;4;26
17;2025-11-13;5;318
17;2025-11-13;6;1567
17;2025-11-13;7;4284
17;2025-11-13;8;5513
17;2025-11-13;9;3990
17;2025-11-13;10;3191
17;2025-11-13;11;3154
17;2025-11-13;12;3201
17;2025-11-13;13;3234
17;2025-11-13;14;3286
17;2025-11-13;15;3376
17;2025-11-13;16;3795
17;2025-11-13;17;4647
17;2025-11-13;18;4992
17;2025-11-13;19;3546
17;2025-11-13;20;2483
17;2025-11-13;21;1515
17;2025-11-13;22;760
17;2025-11-13;23;388
17;2025-11-14;0;158
17;2025-11-14;1;16
17;2025-11-14;2;0
17;2025-11-14;3;0
17;2025-11-14;4;25
17;2025-11-14;5;327
17;2025-11-14;6;1621
17;2025-11-14;7;4422
17;2025-11-14;8;5568
17;2025-11-14;9;4058
17;2025-11-14;10;3241
17;2025-11-14;11;3249
17;2025-11-14;12;3322
17;2025-11-14;13;3399
17;2025-11-14;14;3491
17;2025-11-14;15;3739
17;2025-11-14;16;4440
17;2025-11-14;17;4946
17;2025-11-14;18;4696
17;2025-11-14;19;3499
17;2025-11-14;20;2512
17;2025-11-14;21;1718
17;2025-11-14;22;866
17;2025-11-14;23;492
17;2025-11-15;0;222
17;2025-11-15;1;28
17;2025-11-15;2;0
17;2025-11-15;3;0
17;2025-11-15;4;6
17;2025-11-15;5;143
17;2025-11-15;6;618
17;2025-11-15;7;1366
17;2025-11-15;8;1964
17;2025-11-15;9;2486
17;2025-11-15;10;2711
17;2025-11-15;11;3133
17;2025-11-15;12;3436
17;2025-11-15;13;3622
17;2025-11-15;14;3609
17;2025-11-15;15;3677
17;2025-11-15;16;3720
17;2025-11-15;17;3474
17;2025-11-15;18;3096
17;2025-11-15;19;2542
17;2025-11-15;20;2031
17;2025-11-15;21;1470
17;2025-11-15;22;893
17;2025-11-15;23;467
17;2025-11-16;0;187
17;2025-11-16;1;23
17;2025-11-16;2;0
17;2025-11-16;3;0
17;2025-11-16;4;3
17;2025-11-16;5;109
17;2025-11-16;6;431
17;2025-11-16;7;848
17;2025-11-16;8;1265
17;2025-11-16;9;1764
17;2025-11-16;10;2083
17;2025-11-16;11;2578
17;2025-11-16;12;2974
17;2025-11-16;13;3188
17;2025-11-16;14;3301
17;2025-11-16;15;3253
17;2025-11-16;16;3125
17;2025-11-16;17;3016
17;2025-11-16;18;2673
17;2025-11-16;19;2154
17;2025-11-16;20;1626
17;2025-11-16;21;1175
17;2025-11-16;22;714
17;2025-11-16;23;320
17;2025-11-17;0;125
17;2025-11-17;1;12
17;2025-11-17;2;0
17;2025-11-17;3;0
17;2025-11-17;4;26
17;2025-11-17;5;313
17;2025-11-17;6;1561
17;2025-11-17;7;4284
17;2025-11-17;8;5504
17;2025-11-17;9;3975
17;2025-11-17;10;3164
17;2025-11-17;11;3082
17;2025-11-17;12;3127
17;2025-11-17;13;3192
17;2025-11-17;14;3211
17;2025-11-17;15;3332
17;2025-11-17;16;3750
17;2025-11-17;17;4629
17;2025-11-17;18;4956
17;2025-11-17;19;3488
17;2025-11-17;20;2433
17;2025-11-17;21;1487
17;2025-11-17;22;745
17;2025-11-17;23;370
17;2025-11-18;0;123
17;2025-11-18;1;11
17;2025-11-18;2;0
17;2025-11-18;3;0
17;2025-11-18;4;25
17;2025-11-18;5;323
17;2025-11-18;6;1569
17;2025-11-18;7;4280
17;2025-11-18;8;5515
17;2025-11-18;9;3982
17;2025-11-18;10;3160
17;2025-11-18;11;3086
17;2025-11-18;12;3135
17;2025-11-18;13;3179
17;2025-11-18;14;3265
17;2025-11-18;15;3366
17;2025-11-18;16;3751
17;2025-11-18;17;4635
17;2025-11-18;18;4978
17;2025-11-18;19;3525
17;2025-11-18;20;2447
17;2025-11-18;21;1502
17;2025-11-18;22;751
17;2025-11-18;23;376
17;2025-11-19;0;125
17;2025-11-19;1;11
17;2025-11-19;2;0
17;2025-11-19;3;0
17;2025-11-19;4;26
17;2025-11-19;5;314
17;2025-11-19;6;1563
17;2025-11-19;7;4267
17;2025-11-19;8;5506
17;2025-11-19;9;3973
17;2025-11-19;10;3200
17;2025-11-19;11;3130
17;2025-11-19;12;3193
17;2025-11-19;13;3222
17;2025-11-19;14;3335
17;2025-11-19;15;3400
17;2025-11-19;16;3778
17;2025-11-19;17;4625
17;2025-11-19;18;4962
17;2025-11-19;19;3525
17;2025-11-19;20;2446
17;2025-11-19;21;1499
17;2025-11-19;22;755
17;2025-11-19;23;380
17;2025-11-20;0;128
17;2025-11-20;1;11
17;2025-11-20;2;0
17;2025-11-20;3;0
17;2025-11-20;4;26
17;2025-11-20;5;318
17;2025-11-20;6;1389
17;2025-11-20;7;3738
17;2025-11-20;8;4815
17;2025-11-20;9;3509
17;2025-11-20;10;3184
17;2025-11-20;11;3147
17;2025-11-20;12;3191
17;2025-11-20;13;3226
17;2025-11-20;14;3282
17;2025-11-20;15;3368
17;2025-11-20;16;3788
17;2025-11-20;17;4642
17;2025-11-20;18;4989
17;2025-11-20;19;3543
17;2025-11-20;20;2481
17;2025-11-20;21;1516
17;2025-11-20;22;760
17;2025-11-20;23;388
17;2025-11-21;0;158
17;2025-11-21;1;16
17;2025-11-21;2;0
17;2025-11-21;3;0
17;2025-11-21;4;25
17;2025-11-21;5;327
17;2025-11-21;6;1621
17;2025-11-21;7;4422
17;2025-11-21;8;5568
17;2025-11-21;9;4058
17;2025-11-21;10;3236
17;2025-11-21;11;3246
17;2025-11-21;12;3322
17;2025-11-21;13;3400
17;2025-11-21;14;3491
17;2025-11-21;15;3739
17;2025-11-21;16;4436
17;2025-11-21;17;4947
17;2025-11-21;18;4697
17;2025-11-21;19;3497
17;2025-11-21;20;2512
17;2025-11-21;21;1718
17;2025-11-21;22;749
17;2025-11-21;23;441
17;2025-11-22;0;229
17;2025-11-22;1;28
17;2025-11-22;2;0
17;2025-11-22;3;0
17;2025-11-22;4;6
17;2025-11-22;5;145
17;2025-11-22;6;635
17;2025-11-22;7;1389
17;2025-11-22;8;1986
17;2025-11-22;9;2486
17;2025-11-22;10;2711
17;2025-11-22;11;3131
17;2025-11-22;12;3442
17;2025-11-22;13;3617
17;2025-11-22;14;3585
17;2025-11-22;15;3695
17;2025-11-22;16;3740
17;2025-11-22;17;3489
17;2025-11-22;18;3146
17;2025-11-22;19;2581
17;2025-11-22;20;2085
17;2025-11-22;21;1516
17;2025-11-22;22;932
17;2025-11-22;23;480
17;2025-11-23;0;190
17;2025-11-23;1;24
17;2025-11-23;2;0
17;2025-11-23;3;0
17;2025-11-23;4;3
17;2025-11-23;5;111
17;2025-11-23;6;438
17;2025-11-23;7;859
17;2025-11-23;8;1277
17;2025-11-23;9;1772
17;2025-11-23;10;2084
17;2025-11-23;11;2590
17;2025-11-23;12;2980
17;2025-11-23;13;3207
17;2025-11-23;14;3332
17;2025-11-23;15;3286
17;2025-11-23;16;3155
17;2025-11-23;17;3049
17;2025-11-23;18;2721
17;2025-11-23;19;2195
17;2025-11-23;20;1667
17;2025-11-23;21;1201
17;2025-11-23;22;737
17;2025-11-23;23;328
17;2025-11-24;0;126
17;2025-11-24;1;11
17;2025-11-24;2;0
17;2025-11-24;3;0
17;2025-11-24;4;26
17;2025-11-24;5;319
17;2025-11-24;6;1578
17;2025-11-24;7;4311
17;2025-11-24;8;5535
17;2025-11-24;9;3966
17;2025-11-24;10;3125
17;2025-11-24;11;3042
17;2025-11-24;12;3101
17;2025-11-24;13;3146
17;2025-11-24;14;3197
17;2025-11-24;15;3329
17;2025-11-24;16;3746
17;2025-11-24;17;4633
17;2025-11-24;18;5003
17;2025-11-24;19;3541
17;2025-11-24;20;2463
17;2025-11-24;21;1514
17;2025-11-24;22;766
17;2025-11-24;23;379
17;2025-11-25;0;126
17;2025-11-25;1;11
17;2025-11-25;2;0
17;2025-11-25;3;0
17;2025-11-25;4;26
17;2025-11-25;5;322
17;2025-11-25;6;1581
17;2025-11-25;7;4310
17;2025-11-25;8;5539
17;2025-11-25;9;3968
17;2025-11-25;10;3124
17;2025-11-25;11;3043
17;2025-11-25;12;3104
17;2025-11-25;13;3141
17;2025-11-25;14;3215
17;2025-11-25;15;3340
17;2025-11-25;16;3747
17;2025-11-25;17;4635
17;2025-11-25;18;5011
17;2025-11-25;19;3554
17;2025-11-25;20;2468
17;2025-11-25;21;1519
17;2025-11-25;22;768
17;2025-11-25;23;381
17;2025-11-26;0;126
17;2025-11-26;1;11
17;2025-11-26;2;0
17;2025-11-26;3;0
17;2025-11-26;4;26
17;2025-11-26;5;319
17;2025-11-26;6;1579
17;2025-11-26;7;4306
17;2025-11-26;8;5536
17;2025-11-26;9;3965
17;2025-11-26;10;3138
17;2025-11-26;11;3058
17;2025-11-26;12;3123
17;2025-11-26;13;3156
17;2025-11-26;14;3239
17;2025-11-26;15;3352
17;2025-11-26;16;3756
17;2025-11-26;17;4632
17;2025-11-26;18;5005
17;2025-11-26;19;3554
17;2025-11-26;20;2467
17;2025-11-26;21;1518
17;2025-11-26;22;769
17;2025-11-26;23;382
17;2025-11-27;0;127
17;2025-11-27;1;11
17;2025-11-27;2;0
17;2025-11-27;3;0
17;2025-11-27;4;26
17;2025-11-27;5;320
17;2025-11-27;6;1580
17;2025-11-27;7;4311
17;2025-11-27;8;5538
17;2025-11-27;9;3971
17;2025-11-27;10;3135
17;2025-11-27;11;3066
17;2025-11-27;12;3126
17;2025-11-27;13;3160
17;2025-11-27;14;3223
17;2025-11-27;15;3344
17;2025-11-27;16;3761
17;2025-11-27;17;4639
17;2025-11-27;18;5015
17;2025-11-27;19;3560
17;2025-11-27;20;2479
17;2025-11-27;21;1523
17;2025-11-27;22;771
17;2025-11-27;23;385
17;2025-11-28;0;162
17;2025-11-28;1;16
17;2025-11-28;2;0
17;2025-11-28;3;0
17;2025-11-28;4;26
17;2025-11-28;5;334
17;2025-11-28;6;1650
17;2025-11-28;7;4483
17;2025-11-28;8;5627
17;2025-11-28;9;4058
17;2025-11-28;10;3227
17;2025-11-28;11;2730
17;2025-11-28;12;2794
17;2025-11-28;13;2863
17;2025-11-28;14;2944
17;2025-11-28;15;3752
17;2025-11-28;16;4462
17;2025-11-28;17;4975
17;2025-11-28;18;4758
17;2025-11-28;19;3559
17;2025-11-28;20;2550
17;2025-11-28;21;1757
17;2025-11-28;22;898
17;2025-11-28;23;503
17;2025-11-29;0;229
17;2025-11-29;1;28
17;2025-11-29;2;0
17;2025-11-29;3;0
17;2025-11-29;4;6
17;2025-11-29;5;145
17;2025-11-29;6;635
17;2025-11-29;7;1389
17;2025-11-29;8;1986
17;2025-11-29;9;2486
17;2025-11-29;10;2711
17;2025-11-29;11;3131
17;2025-11-29;12;3442
17;2025-11-29;13;3617
17;2025-11-29;14;3585
17;2025-11-29;15;3695
17;2025-11-29;16;3740
17;2025-11-29;17;3489
17;2025-11-29;18;3146
17;2025-11-29;19;2581
17;2025-11-29;20;2085
17;2025-11-29;21;1516
17;2025-11-29;22;932
17;2025-11-29;23;480
17;2025-11-30;0;190
17;2025-11-30;1;24
17;2025-11-30;2;0
17;2025-11-30;3;0
17;2025-11-30;4;3
17;2025-11-30;5;111
17;2025-11-30;6;438
17;2025-11-30;7;859
17;2025-11-30;8;1277
17;2025-11-30;9;1772
17;2025-11-30;10;2084
17;2025-11-30;11;2590
17;2025-11-30;12;2980
17;2025-11-30;13;3207
17;2025-11-30;14;3332
17;2025-11-30;15;3286
17;2025-11-30;16;3155
17;2025-11-30;17;3049
17;2025-11-30;18;2721
17;2025-11-30;19;2195
17;2025-11-30;20;1667
17;2025-11-30;21;1201
17;2025-11-30;22;737
17;2025-11-30;23;328
17;2025-12-01;0;124
17;2025-12-01;1;11
17;2025-12-01;2;0
17;2025-12-01;3;0
17;2025-12-01;4;26
17;2025-12-01;5;312
17;2025-12-01;6;1547
17;2025-12-01;7;4225
17;2025-12-01;8;5424
17;2025-12-01;9;3886
17;2025-12-01;10;3063
17;2025-12-01;11;2981
17;2025-12-01;12;3039
17;2025-12-01;13;3083
17;2025-12-01;14;3134
17;2025-12-01;15;3263
17;2025-12-01;16;3671
17;2025-12-01;17;4540
17;2025-12-01;18;4903
17;2025-12-01;19;3470
17;2025-12-01;20;2414
17;2025-12-01;21;1483
17;2025-12-01;22;751
17;2025-12-01;23;371
17;2025-12-02;0;123
17;2025-12-02;1;11
17;2025-12-02;2;0
17;2025-12-02;3;0
17;2025-12-02;4;25
17;2025-12-02;5;316
17;2025-12-02;6;1549
17;2025-12-02;7;4224
17;2025-12-02;8;5428
17;2025-12-02;9;3888
17;2025-12-02;10;3062
17;2025-12-02;11;2983
17;2025-12-02;12;3042
17;2025-12-02;13;3079
17;2025-12-02;14;3151
17;2025-12-02;15;3274
17;2025-12-02;16;3672
17;2025-12-02;17;4542
17;2025-12-02;18;4910
17;2025-12-02;19;3483
17;2025-12-02;20;2418
17;2025-12-02;21;1488
17;2025-12-02;22;753
17;2025-12-02;23;373
17;2025-12-03;0;124
17;2025-12-03;1;11
17;2025-12-03;2;0
17;2025-12-03;3;0
17;2025-12-03;4;26
17;2025-12-03;5;313
17;2025-12-03;6;1547
17;2025-12-03;7;4220
17;2025-12-03;8;5425
17;2025-12-03;9;3886
17;2025-12-03;10;3075
17;2025-12-03;11;2997
17;2025-12-03;12;3061
17;2025-12-03;13;3092
17;2025-12-03;14;3174
17;2025-12-03;15;3285
17;2025-12-03;16;3681
17;2025-12-03;17;4539
17;2025-12-03;18;4905
17;2025-12-03;19;3483
17;2025-12-03;20;2418
17;2025-12-03;21;1487
17;2025-12-03;22;754
17;2025-12-03;23;375
17;2025-12-04;0;125
17;2025-12-04;1;11
17;2025-12-04;2;0
17;2025-12-04;3;0
17;2025-12-04;4;26
17;2025-12-04;5;314
17;2025-12-04;6;1549
17;2025-12-04;7;4225
17;2025-12-04;8;5427
17;2025-12-04;9;3891
17;2025-12-04;10;3072
17;2025-12-04;11;3005
17;2025-12-04;12;3063
17;2025-12-04;13;3096
17;2025-12-04;14;3158
17;2025-12-04;15;3277
17;2025-12-04;16;3686
17;2025-12-04;17;4546
17;2025-12-04;18;4915
17;2025-12-04;19;3489
17;2025-12-04;20;2430
17;2025-12-04;21;1492
17;2025-12-04;22;756
17;2025-12-04;23;377
17;2025-12-05;0;158
17;2025-12-05;1;15
17;2025-12-05;2;0
17;2025-12-05;3;0
17;2025-12-05;4;25
17;2025-12-05;5;327
17;2025-12-05;6;1617
17;2025-12-05;7;4387
17;2025-12-05;8;5516
17;2025-12-05;9;3980
17;2025-12-05;10;3165
17;2025-12-05;11;3166
17;2025-12-05;12;3250
17;2025-12-05;13;3324
17;2025-12-05;14;3428
17;2025-12-05;15;3677
17;2025-12-05;16;4370
17;2025-12-05;17;4876
17;2025-12-05;18;4669
17;2025-12-05;19;3489
17;2025-12-05;20;2499
17;2025-12-05;21;1722
17;2025-12-05;22;880
17;2025-12-05;23;493
17;2025-12-06;0;225
17;2025-12-06;1;28
17;2025-12-06;2;0
17;2025-12-06;3;0
17;2025-12-06;4;6
17;2025-12-06;5;143
17;2025-12-06;6;623
17;2025-12-06;7;1361
17;2025-12-06;8;1946
17;2025-12-06;9;2437
17;2025-12-06;10;2657
17;2025-12-06;11;3069
17;2025-12-06;12;3373
17;2025-12-06;13;3545
17;2025-12-06;14;3513
17;2025-12-06;15;3621
17;2025-12-06;16;3665
17;2025-12-06;17;3420
17;2025-12-06;18;3083
17;2025-12-06;19;2529
17;2025-12-06;20;2043
17;2025-12-06;21;1485
17;2025-12-06;22;914
17;2025-12-06;23;470
17;2025-12-07;0;187
17;2025-12-07;1;23
17;2025-12-07;2;0
17;2025-12-07;3;0
17;2025-12-07;4;3
17;2025-12-07;5;109
17;2025-12-07;6;430
17;2025-12-07;7;842
17;2025-12-07;8;1251
17;2025-12-07;9;1737
17;2025-12-07;10;2042
17;2025-12-07;11;2538
17;2025-12-07;12;2920
17;2025-12-07;13;3143
17;2025-12-07;14;3266
17;2025-12-07;15;3220
17;2025-12-07;16;3092
17;2025-12-07;17;2988
17;2025-12-07;18;2666
17;2025-12-07;19;2151
17;2025-12-07;20;1634
17;2025-12-07;21;1177
17;2025-12-07;22;722
17;2025-12-07;23;322
17;2025-12-08;0;124
17;2025-12-08;1;11
17;2025-12-08;2;0
17;2025-12-08;3;0
17;2025-12-08;4;26
17;2025-12-08;5;312
17;2025-12-08;6;1547
17;2025-12-08;7;4225
17;2025-12-08;8;5424
17;2025-12-08;9;3886
17;2025-12-08;10;3063
17;2025-12-08;11;2981
17;2025-12-08;12;3039
17;2025-12-08;13;3083
17;2025-12-08;14;3134
17;2025-12-08;15;3263
17;2025-12-08;16;3671
17;2025-12-08;17;4540
17;2025-12-08;18;4903
17;2025-12-08;19;3470
17;2025-12-08;20;2414
17;2025-12-08;21;1483
17;2025-12-08;22;751
17;2025-12-08;23;371
17;2025-12-09;0;123
17;2025-12-09;1;11
17;2025-12-09;2;0
17;2025-12-09;3;0
17;2025-12-09;4;25
17;2025-12-09;5;316
17;2025-12-09;6;1549
17;2025-12-09;7;4224
17;2025-12-09;8;5428
17;2025-12-09;9;3888
17;2025-12-09;10;3062
17;2025-12-09;11;2983
17;2025-12-09;12;3042
17;2025-12-09;13;3079
17;2025-12-09;14;3151
17;2025-12-09;15;3274
17;2025-12-09;16;3672
17;2025-12-09;17;4542
17;2025-12-09;18;4910
17;2025-12-09;19;3483
17;2025-12-09;20;2418
17;2025-12-09;21;1488
17;2025-12-09;22;753
17;2025-12-09;23;373
17;2025-12-10;0;124
17;2025-12-10;1;11
17;2025-12-10;2;0
17;2025-12-10;3;0
17;2025-12-10;4;26
17;2025-12-10;5;313
17;2025-12-10;6;1547
17;2025-12-10;7;4220
17;2025-12-10;8;5425
17;2025-12-10;9;3886
17;2025-12-10;10;3075
17;2025-12-10;11;2997
17;2025-12-10;12;3061
17;2025-12-10;13;3092
17;2025-12-10;14;3174
17;2025-12-10;15;3285
17;2025-12-10;16;3681
17;2025-12-10;17;4539
17;2025-12-10;18;4905
17;2025-12-10;19;3483
17;2025-12-10;20;2418
17;2025-12-10;21;1487
17;2025-12-10;22;754
17;2025-12-10;23;375
17;2025-12-11;0;125
17;2025-12-11;1;11
17;2025-12-11;2;0
17;2025-12-11;3;0
17;2025-12-11;4;26
17;2025-12-11;5;314
17;2025-12-11;6;1549
17;2025-12-11;7;4225
17;2025-12-11;8;5427
17;2025-12-11;9;3891
17;2025-12-11;10;3072
17;2025-12-11;11;3005
17;2025-12-11;12;3063
17;2025-12-11;13;3096
17;2025-12-11;14;3158
17;2025-12-11;15;3277
17;2025-12-11;16;3686
17;2025-12-11;17;4546
17;2025-12-11;18;4915
17;2025-12-11;19;3489
17;2025-12-11;20;2430
17;2025-12-11;21;1492
17;2025-12-11;22;756
17;2025-12-11;23;377
17;2025-12-12;0;158
17;2025-12-12;1;15
17;2025-12-12;2;0
17;2025-12-12;3;0
17;2025-12-12;4;25
17;2025-12-12;5;327
17;2025-12-12;6;1617
17;2025-12-12;7;4387
17;2025-12-12;8;5516
17;2025-12-12;9;3980
17;2025-12-12;10;3165
17;2025-12-12;11;3166
17;2025-12-12;12;3250
17;2025-12-12;13;3324
17;2025-12-12;14;3428
17;2025-12-12;15;3677
17;2025-12-12;16;4370
17;2025-12-12;17;4876
17;2025-12-12;18;4669
17;2025-12-12;19;3489
17;2025-12-12;20;2499
17;2025-12-12;21;1722
17;2025-12-12;22;880
17;2025-12-12;23;493
17;2025-12-13;0;225
17;2025-12-13;1;28
17;2025-12-13;2;0
17;2025-12-13;3;0
17;2025-12-13;4;6
17;2025-12-13;5;143
17;2025-12-13;6;623
17;2025-12-13;7;1361
17;2025-12-13;8;1946
17;2025-12-13;9;2437
17;2025-12-13;10;2657
17;2025-12-13;11;3069
17;2025-12-13;12;3373
17;2025-12-13;13;3545
17;2025-12-13;14;3513
17;2025-12-13;15;3621
17;2025-12-13;16;3665
17;2025-12-13;17;3420
17;2025-12-13;18;3083
17;2025-12-13;19;2529
17;2025-12-13;20;2043
17;2025-12-13;21;1485
17;2025-12-13;22;914
17;2025-12-13;23;470
17;2025-12-14;0;187
17;2025-12-14;1;23
17;2025-12-14;2;0
17;2025-12-14;3;0
17;2025-12-14;4;3
17;2025-12-14;5;109
17;2025-12-14;6;430
17;2025-12-14;7;842
17;2025-12-14;8;1251
17;2025-12-14;9;1737
17;2025-12-14;10;2042
17;2025-12-14;11;2538
17;2025-12-14;12;2920
17;2025-12-14;13;3143
17;2025-12-14;14;3266
17;2025-12-14;15;3220
17;2025-12-14;16;3092
17;2025-12-14;17;2988
17;2025-12-14;18;2666
17;2025-12-14;19;2151
17;2025-12-14;20;1634
17;2025-12-14;21;1177
17;2025-12-14;22;722
17;2025-12-14;23;322
17;2025-12-15;0;124
17;2025-12-15;1;11
17;2025-12-15;2;0
17;2025-12-15;3;0
17;2025-12-15;4;26
17;2025-12-15;5;312
17;2025-12-15;6;1547
17;2025-12-15;7;4225
17;2025-12-15;8;5424
17;2025-12-15;9;3886
17;2025-12-15;10;3063
17;2025-12-15;11;2981
17;2025-12-15;12;3039
17;2025-12-15;13;3083
17;2025-12-15;14;3134
17;2025-12-15;15;3263
17;2025-12-15;16;3671
17;2025-12-15;17;4540
17;2025-12-15;18;4903
17;2025-12-15;19;3470
17;2025-12-15;20;2414
17;2025-12-15;21;1483
17;2025-12-15;22;751
17;2025-12-15;23;371
17;2025-12-16;0;123
17;2025-12-16;1;11
17;2025-12-16;2;0
17;2025-12-16;3;0
17;2025-12-16;4;25
17;2025-12-16;5;316
17;2025-12-16;6;1549
17;2025-12-16;7;4227
17;2025-12-16;8;5428
17;2025-12-16;9;3888
17;2025-12-16;10;3062
17;2025-12-16;11;2981
17;2025-12-16;12;3041
17;2025-12-16;13;3078
17;2025-12-16;14;3151
17;2025-12-16;15;3272
17;2025-12-16;16;3672
17;2025-12-16;17;4542
17;2025-12-16;18;4910
17;2025-12-16;19;3483
17;2025-12-16;20;2418
17;2025-12-16;21;1270
17;2025-12-16;22;635
17;2025-12-16;23;319
17;2025-12-17;0;124
17;2025-12-17;1;11
17;2025-12-17;2;0
17;2025-12-17;3;0
17;2025-12-17;4;26
17;2025-12-17;5;265
17;2025-12-17;6;1314
17;2025-12-17;7;3574
17;2025-12-17;8;5425
17;2025-12-17;9;3885
17;2025-12-17;10;3075
17;2025-12-17;11;2995
17;2025-12-17;12;3060
17;2025-12-17;13;3091
17;2025-12-17;14;3174
17;2025-12-17;15;3282
17;2025-12-17;16;3679
17;2025-12-17;17;4538
17;2025-12-17;18;4905
17;2025-12-17;19;3482
17;2025-12-17;20;2418
17;2025-12-17;21;1487
17;2025-12-17;22;754
17;2025-12-17;23;375
17;2025-12-18;0;125
17;2025-12-18;1;11
17;2025-12-18;2;0
17;2025-12-18;3;0
17;2025-12-18;4;26
17;2025-12-18;5;314
17;2025-12-18;6;1549
17;2025-12-18;7;4225
17;2025-12-18;8;5427
17;2025-12-18;9;3891
17;2025-12-18;10;3072
17;2025-12-18;11;3005
17;2025-12-18;12;3063
17;2025-12-18;13;3096
17;2025-12-18;14;3158
17;2025-12-18;15;3277
17;2025-12-18;16;3686
17;2025-12-18;17;4546
17;2025-12-18;18;4915
17;2025-12-18;19;3489
17;2025-12-18;20;2430
17;2025-12-18;21;1492
17;2025-12-18;22;756
17;2025-12-18;23;377
17;2025-12-19;0;158
17;2025-12-19;1;15
17;2025-12-19;2;0
17;2025-12-19;3;0
17;2025-12-19;4;25
17;2025-12-19;5;327
17;2025-12-19;6;1617
17;2025-12-19;7;4387
17;2025-12-19;8;5516
17;2025-12-19;9;3980
17;2025-12-19;10;3165
17;2025-12-19;11;3166
17;2025-12-19;12;3250
17;2025-12-19;13;3324
17;2025-12-19;14;3428
17;2025-12-19;15;3677
17;2025-12-19;16;4370
17;2025-12-19;17;4876
17;2025-12-19;18;4669
17;2025-12-19;19;3489
17;2025-12-19;20;2499
17;2025-12-19;21;1722
17;2025-12-19;22;880
17;2025-12-19;23;493
17;2025-12-20;0;225
17;2025-12-20;1;28
17;2025-12-20;2;0
17;2025-12-20;3;0
17;2025-12-20;4;6
17;2025-12-20;5;143
17;2025-12-20;6;623
17;2025-12-20;7;1361
17;2025-12-20;8;1946
17;2025-12-20;9;2437
17;2025-12-20;10;2657
17;2025-12-20;11;3069
17;2025-12-20;12;3373
17;2025-12-20;13;3545
17;2025-12-20;14;3513
17;2025-12-20;15;3621
17;2025-12-20;16;3665
17;2025-12-20;17;3420
17;2025-12-20;18;3083
17;2025-12-20;19;2529
17;2025-12-20;20;2043
17;2025-12-20;21;1485
17;2025-12-20;22;914
17;2025-12-20;23;470
17;2025-12-21;0;187
17;2025-12-21;1;23
17;2025-12-21;2;0
17;2025-12-21;3;0
17;2025-12-21;4;3
17;2025-12-21;5;109
17;2025-12-21;6;430
17;2025-12-21;7;842
17;2025-12-21;8;1251
17;2025-12-21;9;1737
17;2025-12-21;10;2042
17;2025-12-21;11;2538
17;2025-12-21;12;2920
17;2025-12-21;13;3143
17;2025-12-21;14;3266
17;2025-12-21;15;3220
17;2025-12-21;16;3092
17;2025-12-21;17;2988
17;2025-12-21;18;2666
17;2025-12-21;19;2151
17;2025-12-21;20;1634
17;2025-12-21;21;1177
17;2025-12-21;22;722
17;2025-12-21;23;322
17;2025-12-22;0;124
17;2025-12-22;1;11
17;2025-12-22;2;0
17;2025-12-22;3;0
17;2025-12-22;4;26
17;2025-12-22;5;312
17;2025-12-22;6;1547
17;2025-12-22;7;4225
17;2025-12-22;8;5424
17;2025-12-22;9;3886
17;2025-12-22;10;3063
17;2025-12-22;11;2981
17;2025-12-22;12;3039
17;2025-12-22;13;3083
17;2025-12-22;14;3134
17;2025-12-22;15;3263
17;2025-12-22;16;3671
17;2025-12-22;17;4540
17;2025-12-22;18;4903
17;2025-12-22;19;3470
17;2025-12-22;20;2414
17;2025-12-22;21;1483
17;2025-12-22;22;751
17;2025-12-22;23;371
17;2025-12-23;0;123
17;2025-12-23;1;11
17;2025-12-23;2;0
17;2025-12-23;3;0
17;2025-12-23;4;25
17;2025-12-23;5;316
17;2025-12-23;6;1549
17;2025-12-23;7;4224
17;2025-12-23;8;5428
17;2025-12-23;9;3888
17;2025-12-23;10;3062
17;2025-12-23;11;2983
17;2025-12-23;12;3042
17;2025-12-23;13;3078
17;2025-12-23;14;3151
17;2025-12-23;15;3273
17;2025-12-23;16;3672
17;2025-12-23;17;4542
17;2025-12-23;18;4910
17;2025-12-23;19;3483
17;2025-12-23;20;2418
17;2025-12-23;21;1488
17;2025-12-23;22;635
17;2025-12-23;23;319
17;2025-12-24;0;124
17;2025-12-24;1;11
17;2025-12-24;2;0
17;2025-12-24;3;0
17;2025-12-24;4;26
17;2025-12-24;5;313
17;2025-12-24;6;1547
17;2025-12-24;7;4220
17;2025-12-24;8;5425
17;2025-12-24;9;3886
17;2025-12-24;10;3075
17;2025-12-24;11;2997
17;2025-12-24;12;3061
17;2025-12-24;13;3092
17;2025-12-24;14;3174
17;2025-12-24;15;3285
17;2025-12-24;16;3681
17;2025-12-24;17;4539
17;2025-12-24;18;4905
17;2025-12-24;19;3483
17;2025-12-24;20;2418
17;2025-12-24;21;1487
17;2025-12-24;22;754
17;2025-12-24;23;375
17;2025-12-25;0;125
17;2025-12-25;1;11
17;2025-12-25;2;0
17;2025-12-25;3;0
17;2025-12-25;4;26
17;2025-12-25;5;314
17;2025-12-25;6;1549
17;2025-12-25;7;4225
17;2025-12-25;8;5427
17;2025-12-25;9;3891
17;2025-12-25;10;3072
17;2025-12-25;11;3005
17;2025-12-25;12;3063
17;2025-12-25;13;3096
17;2025-12-25;14;3158
17;2025-12-25;15;3277
17;2025-12-25;16;3686
17;2025-12-25;17;4546
17;2025-12-25;18;4915
17;2025-12-25;19;3489
17;2025-12-25;20;2430
17;2025-12-25;21;1492
17;2025-12-25;22;756
17;2025-12-25;23;377
17;2025-12-26;0;158
17;2025-12-26;1;15
17;2025-12-26;2;0
17;2025-12-26;3;0
17;2025-12-26;4;25
17;2025-12-26;5;327
17;2025-12-26;6;1617
17;2025-12-26;7;4387
17;2025-12-26;8;5516
17;2025-12-26;9;3980
17;2025-12-26;10;3165
17;2025-12-26;11;3166
17;2025-12-26;12;3250
17;2025-12-26;13;3324
17;2025-12-26;14;3428
17;2025-12-26;15;3677
17;2025-12-26;16;4370
17;2025-12-26;17;4876
17;2025-12-26;18;4669
17;2025-12-26;19;3489
17;2025-12-26;20;2499
17;2025-12-26;21;1722
17;2025-12-26;22;880
17;2025-12-26;23;493
17;2025-12-27;0;225
17;2025-12-27;1;28
17;2025-12-27;2;0
17;2025-12-27;3;0
17;2025-12-27;4;6
17;2025-12-27;5;143
17;2025-12-27;6;623
17;2025-12-27;7;1361
17;2025-12-27;8;1946
17;2025-12-27;9;2437
17;2025-12-27;10;2657
17;2025-12-27;11;3069
17;2025-12-27;12;3373
17;2025-12-27;13;3545
17;2025-12-27;14;3513
17;2025-12-27;15;3621
17;2025-12-27;16;3665
17;2025-12-27;17;3420
17;2025-12-27;18;3083
17;2025-12-27;19;2529
17;2025-12-27;20;2043
17;2025-12-27;21;1485
17;2025-12-27;22;914
17;2025-12-27;23;470
17;2025-12-28;0;187
17;2025-12-28;1;23
17;2025-12-28;2;0
17;2025-12-28;3;0
17;2025-12-28;4;3
17;2025-12-28;5;109
17;2025-12-28;6;430
17;2025-12-28;7;842
17;2025-12-28;8;1251
17;2025-12-28;9;1737
17;2025-12-28;10;2042
17;2025-12-28;11;2538
17;2025-12-28;12;2920
17;2025-12-28;13;3143
17;2025-12-28;14;3266
17;2025-12-28;15;3220
17;2025-12-28;16;3092
17;2025-12-28;17;2988
17;2025-12-28;18;2666
17;2025-12-28;19;2151
17;2025-12-28;20;1634
17;2025-12-28;21;1177
17;2025-12-28;22;722
17;2025-12-28;23;322
17;2025-12-29;0;111
17;2025-12-29;1;10
17;2025-12-29;2;0
17;2025-12-29;3;0
17;2025-12-29;4;23
17;2025-12-29;5;281
17;2025-12-29;6;1389
17;2025-12-29;7;3794
17;2025-12-29;8;4871
17;2025-12-29;9;3490
17;2025-12-29;10;2751
17;2025-12-29;11;2677
17;2025-12-29;12;2729
17;2025-12-29;13;2769
17;2025-12-29;14;2814
17;2025-12-29;15;2930
17;2025-12-29;16;3297
17;2025-12-29;17;4077
17;2025-12-29;18;4403
17;2025-12-29;19;3117
17;2025-12-29;20;2167
17;2025-12-29;21;1332
17;2025-12-29;22;674
17;2025-12-29;23;333
17;2025-12-30;0;111
17;2025-12-30;1;10
17;2025-12-30;2;0
17;2025-12-30;3;0
17;2025-12-30;4;23
17;2025-12-30;5;284
17;2025-12-30;6;1391
17;2025-12-30;7;3793
17;2025-12-30;8;4875
17;2025-12-30;9;3492
17;2025-12-30;10;2750
17;2025-12-30;11;2678
17;2025-12-30;12;2732
17;2025-12-30;13;2765
17;2025-12-30;14;2830
17;2025-12-30;15;2940
17;2025-12-30;16;3297
17;2025-12-30;17;4079
17;2025-12-30;18;4410
17;2025-12-30;19;3127
17;2025-12-30;20;2172
17;2025-12-30;21;1336
17;2025-12-30;22;676
17;2025-12-30;23;335
17;2025-12-31;0;184
17;2025-12-31;1;23
17;2025-12-31;2;0
17;2025-12-31;3;0
17;2025-12-31;4;3
17;2025-12-31;5;118
17;2025-12-31;6;467
17;2025-12-31;7;916
17;2025-12-31;8;1355
17;2025-12-31;9;1861
17;2025-12-31;10;2118
17;2025-12-31;11;2565
17;2025-12-31;12;2931
17;2025-12-31;13;3137
17;2025-12-31;14;3268
17;2025-12-31;15;3224
17;2025-12-31;16;3135
17;2025-12-31;17;3060
17;2025-12-31;18;2803
17;2025-12-31;19;2224
17;2025-12-31;20;1693
17;2025-12-31;21;1208
17;2025-12-31;22;725
17;2025-12-31;23;331
25;2025-11-01;0;0
25;2025-11-01;1;0
25;2025-11-01;2;0
25;2025-11-01;3;0
25;2025-11-01;4;0
25;2025-11-01;5;10
25;2025-11-01;6;165
25;2025-11-01;7;438
25;2025-11-01;8;807
25;2025-11-01;9;422
25;2025-11-01;10;332
25;2025-11-01;11;398
25;2025-11-01;12;385
25;2025-11-01;13;504
25;2025-11-01;14;454
25;2025-11-01;15;520
25;2025-11-01;16;618
25;2025-11-01;17;647
25;2025-11-01;18;688
25;2025-11-01;19;494
25;2025-11-01;20;296
25;2025-11-01;21;203
25;2025-11-01;22;92
25;2025-11-01;23;7
25;2025-11-02;0;16
25;2025-11-02;1;0
25;2025-11-02;2;0
25;2025-11-02;3;0
25;2025-11-02;4;0
25;2025-11-02;5;6
25;2025-11-02;6;75
25;2025-11-02;7;103
25;2025-11-02;8;189
25;2025-11-02;9;228
25;2025-11-02;10;228
25;2025-11-02;11;316
25;2025-11-02;12;378
25;2025-11-02;13;485
25;2025-11-02;14;530
25;2025-11-02;15;657
25;2025-11-02;16;541
25;2025-11-02;17;533
25;2025-11-02;18;426
25;2025-11-02;19;327
25;2025-11-02;20;252
25;2025-11-02;21;159
25;2025-11-02;22;103
25;2025-11-02;23;37
25;2025-11-03;0;15
25;2025-11-03;1;0
25;2025-11-03;2;0
25;2025-11-03;3;0
25;2025-11-03;4;0
25;2025-11-03;5;6
25;2025-11-03;6;73
25;2025-11-03;7;114
25;2025-11-03;8;207
25;2025-11-03;9;243
25;2025-11-03;10;238
25;2025-11-03;11;318
25;2025-11-03;12;376
25;2025-11-03;13;480
25;2025-11-03;14;513
25;2025-11-03;15;635
25;2025-11-03;16;534
25;2025-11-03;17;511
25;2025-11-03;18;425
25;2025-11-03;19;352
25;2025-11-03;20;266
25;2025-11-03;21;171
25;2025-11-03;22;102
25;2025-11-03;23;33
25;2025-11-04;0;13
25;2025-11-04;1;0
25;2025-11-04;2;0
25;2025-11-04;3;0
25;2025-11-04;4;0
25;2025-11-04;5;6
25;2025-11-04;6;73
25;2025-11-04;7;114
25;2025-11-04;8;208
25;2025-11-04;9;240
25;2025-11-04;10;234
25;2025-11-04;11;324
25;2025-11-04;12;378
25;2025-11-04;13;476
25;2025-11-04;14;506
25;2025-11-04;15;639
25;2025-11-04;16;529
25;2025-11-04;17;507
25;2025-11-04;18;429
25;2025-11-04;19;351
25;2025-11-04;20;265
25;2025-11-04;21;171
25;2025-11-04;22;101
25;2025-11-04;23;33
25;2025-11-05;0;0
25;2025-11-05;1;0
25;2025-11-05;2;0
25;2025-11-05;3;0
25;2025-11-05;4;0
25;2025-11-05;5;12
25;2025-11-05;6;212
25;2025-11-05;7;557
25;2025-11-05;8;969
25;2025-11-05;9;513
25;2025-11-05;10;402
25;2025-11-05;11;472
25;2025-11-05;12;457
25;2025-11-05;13;587
25;2025-11-05;14;465
25;2025-11-05;15;590
25;2025-11-05;16;708
25;2025-11-05;17;788
25;2025-11-05;18;847
25;2025-11-05;19;604
25;2025-11-05;20;359
25;2025-11-05;21;248
25;2025-11-05;22;104
25;2025-11-05;23;8
25;2025-11-06;0;0
25;2025-11-06;1;0
25;2025-11-06;2;0
25;2025-11-06;3;0
25;2025-11-06;4;0
25;2025-11-06;5;12
25;2025-11-06;6;211
25;2025-11-06;7;558
25;2025-11-06;8;971
25;2025-11-06;9;516
25;2025-11-06;10;412
25;2025-11-06;11;466
25;2025-11-06;12;445
25;2025-11-06;13;574
25;2025-11-06;14;515
25;2025-11-06;15;604
25;2025-11-06;16;715
25;2025-11-06;17;774
25;2025-11-06;18;831
25;2025-11-06;19;603
25;2025-11-06;20;353
25;2025-11-06;21;233
25;2025-11-06;22;99
25;2025-11-06;23;7
25;2025-11-07;0;0
25;2025-11-07;1;0
25;2025-11-07;2;0
25;2025-11-07;3;0
25;2025-11-07;4;0
25;2025-11-07;5;12
25;2025-11-07;6;228
25;2025-11-07;7;575
25;2025-11-07;8;874
25;2025-11-07;9;484
25;2025-11-07;10;401
25;2025-11-07;11;478
25;2025-11-07;12;472
25;2025-11-07;13;580
25;2025-11-07;14;527
25;2025-11-07;15;671
25;2025-11-07;16;795
25;2025-11-07;17;783
25;2025-11-07;18;717
25;2025-11-07;19;561
25;2025-11-07;20;340
25;2025-11-07;21;232
25;2025-11-07;22;118
25;2025-11-07;23;14
25;2025-11-08;0;0
25;2025-11-08;1;0
25;2025-11-08;2;0
25;2025-11-08;3;0
25;2025-11-08;4;0
25;2025-11-08;5;9
25;2025-11-08;6;94
25;2025-11-08;7;139
25;2025-11-08;8;333
25;2025-11-08;9;312
25;2025-11-08;10;307
25;2025-11-08;11;424
25;2025-11-08;12;417
25;2025-11-08;13;635
25;2025-11-08;14;653
25;2025-11-08;15;735
25;2025-11-08;16;666
25;2025-11-08;17;556
25;2025-11-08;18;540
25;2025-11-08;19;476
25;2025-11-08;20;280
25;2025-11-08;21;221
25;2025-11-08;22;131
25;2025-11-08;23;49
25;2025-11-09;0;16
25;2025-11-09;1;0
25;2025-11-09;2;0
25;2025-11-09;3;0
25;2025-11-09;4;0
25;2025-11-09;5;6
25;2025-11-09;6;75
25;2025-11-09;7;103
25;2025-11-09;8;189
25;2025-11-09;9;228
25;2025-11-09;10;228
25;2025-11-09;11;316
25;2025-11-09;12;378
25;2025-11-09;13;485
25;2025-11-09;14;530
25;2025-11-09;15;657
25;2025-11-09;16;541
25;2025-11-09;17;533
25;2025-11-09;18;426
25;2025-11-09;19;327
25;2025-11-09;20;252
25;2025-11-09;21;159
25;2025-11-09;22;103
25;2025-11-09;23;37
25;2025-11-10;0;0
25;2025-11-10;1;0
25;2025-11-10;2;0
25;2025-11-10;3;0
25;2025-11-10;4;0
25;2025-11-10;5;12
25;2025-11-10;6;209
25;2025-11-10;7;556
25;2025-11-10;8;969
25;2025-11-10;9;520
25;2025-11-10;10;393
25;2025-11-10;11;455
25;2025-11-10;12;447
25;2025-11-10;13;579
25;2025-11-10;14;500
25;2025-11-10;15;583
25;2025-11-10;16;707
25;2025-11-10;17;769
25;2025-11-10;18;821
25;2025-11-10;19;584
25;2025-11-10;20;355
25;2025-11-10;21;231
25;2025-11-10;22;97
25;2025-11-10;23;7
25;2025-11-11;0;0
25;2025-11-11;1;0
25;2025-11-11;2;0
25;2025-11-11;3;0
25;2025-11-11;4;0
25;2025-11-11;5;12
25;2025-11-11;6;211
25;2025-11-11;7;558
25;2025-11-11;8;967
25;2025-11-11;9;512
25;2025-11-11;10;399
25;2025-11-11;11;465
25;2025-11-11;12;444
25;2025-11-11;13;568
25;2025-11-11;14;502
25;2025-11-11;15;589
25;2025-11-11;16;711
25;2025-11-11;17;768
25;2025-11-11;18;825
25;2025-11-11;19;584
25;2025-11-11;20;354
25;2025-11-11;21;232
25;2025-11-11;22;98
25;2025-11-11;23;6
25;2025-11-12;0;0
25;2025-11-12;1;0
25;2025-11-12;2;0
25;2025-11-12;3;0
25;2025-11-12;4;0
25;2025-11-12;5;12
25;2025-11-12;6;212
25;2025-11-12;7;557
25;2025-11-12;8;969
25;2025-11-12;9;513
25;2025-11-12;10;402
25;2025-11-12;11;472
25;2025-11-12;12;457
25;2025-11-12;13;587
25;2025-11-12;14;465
25;2025-11-12;15;590
25;2025-11-12;16;708
25;2025-11-12;17;788
25;2025-11-12;18;847
25;2025-11-12;19;604
25;2025-11-12;20;359
25;2025-11-12;21;248
25;2025-11-12;22;104
25;2025-11-12;23;8
25;2025-11-13;0;0
25;2025-11-13;1;0
25;2025-11-13;2;0
25;2025-11-13;3;0
25;2025-11-13;4;0
25;2025-11-13;5;12
25;2025-11-13;6;211
25;2025-11-13;7;558
25;2025-11-13;8;971
25;2025-11-13;9;516
25;2025-11-13;10;412
25;2025-11-13;11;466
25;2025-11-13;12;445
25;2025-11-13;13;574
25;2025-11-13;14;515
25;2025-11-13;15;604
25;2025-11-13;16;715
25;2025-11-13;17;774
25;2025-11-13;18;831
25;2025-11-13;19;603
25;2025-11-13;20;353
25;2025-11-13;21;233
25;2025-11-13;22;99
25;2025-11-13;23;7
25;2025-11-14;0;0
25;2025-11-14;1;0
25;2025-11-14;2;0
25;2025-11-14;3;0
25;2025-11-14;4;0
25;2025-11-14;5;12
25;2025-11-14;6;228
25;2025-11-14;7;575
25;2025-11-14;8;874
25;2025-11-14;9;484
25;2025-11-14;10;401
25;2025-11-14;11;478
25;2025-11-14;12;472
25;2025-11-14;13;580
25;2025-11-14;14;527
25;2025-11-14;15;671
25;2025-11-14;16;795
25;2025-11-14;17;783
25;2025-11-14;18;717
25;2025-11-14;19;561
25;2025-11-14;20;340
25;2025-11-14;21;232
25;2025-11-14;22;118
25;2025-11-14;23;14
25;2025-11-15;0;0
25;2025-11-15;1;0
25;2025-11-15;2;0
25;2025-11-15;3;0
25;2025-11-15;4;0
25;2025-11-15;5;9
25;2025-11-15;6;94
25;2025-11-15;7;139
25;2025-11-15;8;333
25;2025-11-15;9;312
25;2025-11-15;10;307
25;2025-11-15;11;424
25;2025-11-15;12;417
25;2025-11-15;13;635
25;2025-11-15;14;653
25;2025-11-15;15;735
25;2025-11-15;16;666
25;2025-11-15;17;556
25;2025-11-15;18;540
25;2025-11-15;19;476
25;2025-11-15;20;280
25;2025-11-15;21;221
25;2025-11-15;22;131
25;2025-11-15;23;49
25;2025-11-16;0;16
25;2025-11-16;1;0
25;2025-11-16;2;0
25;2025-11-16;3;0
25;2025-11-16;4;0
25;2025-11-16;5;6
25;2025-11-16;6;75
25;2025-11-16;7;103
25;2025-11-16;8;189
25;2025-11-16;9;228
25;2025-11-16;10;228
25;2025-11-16;11;316
25;2025-11-16;12;378
25;2025-11-16;13;485
25;2025-11-16;14;530
25;2025-11-16;15;657
25;2025-11-16;16;541
25;2025-11-16;17;533
25;2025-11-16;18;426
25;2025-11-16;19;327
25;2025-11-16;20;252
25;2025-11-16;21;159
25;2025-11-16;22;103
25;2025-11-16;23;37
25;2025-11-17;0;0
25;2025-11-17;1;0
25;2025-11-17;2;0
25;2025-11-17;3;0
25;2025-11-17;4;0
25;2025-11-17;5;12
25;2025-11-17;6;209
25;2025-11-17;7;556
25;2025-11-17;8;969
25;2025-11-17;9;520
25;2025-11-17;10;393
25;2025-11-17;11;455
25;2025-11-17;12;447
25;2025-11-17;13;579
25;2025-11-17;14;500
25;2025-11-17;15;583
25;2025-11-17;16;707
25;2025-11-17;17;769
25;2025-11-17;18;821
25;2025-11-17;19;584
25;2025-11-17;20;355
25;2025-11-17;21;231
25;2025-11-17;22;97
25;2025-11-17;23;7
25;2025-11-18;0;0
25;2025-11-18;1;0
25;2025-11-18;2;0
25;2025-11-18;3;0
25;2025-11-18;4;0
25;2025-11-18;5;12
25;2025-11-18;6;211
25;2025-11-18;7;558
25;2025-11-18;8;967
25;2025-11-18;9;512
25;2025-11-18;10;399
25;2025-11-18;11;465
25;2025-11-18;12;444
25;2025-11-18;13;568
25;2025-11-18;14;502
25;2025-11-18;15;589
25;2025-11-18;16;711
25;2025-11-18;17;768
25;2025-11-18;18;825
25;2025-11-18;19;584
25;2025-11-18;20;354
25;2025-11-18;21;232
25;2025-11-18;22;98
25;2025-11-18;23;6
25;2025-11-19;0;0
25;2025-11-19;1;0
25;2025-11-19;2;0
25;2025-11-19;3;0
25;2025-11-19;4;0
25;2025-11-19;5;12
25;2025-11-19;6;212
25;2025-11-19;7;557
25;2025-11-19;8;969
25;2025-11-19;9;513
25;2025-11-19;10;402
25;2025-11-19;11;472
25;2025-11-19;12;457
25;2025-11-19;13;587
25;2025-11-19;14;465
25;2025-11-19;15;590
25;2025-11-19;16;708
25;2025-11-19;17;788
25;2025-11-19;18;847
25;2025-11-19;19;604
25;2025-11-19;20;359
25;2025-11-19;21;248
25;2025-11-19;22;104
25;2025-11-19;23;8
25;2025-11-20;0;0
25;2025-11-20;1;0
25;2025-11-20;2;0
25;2025-11-20;3;0
25;2025-11-20;4;0
25;2025-11-20;5;12
25;2025-11-20;6;211
25;2025-11-20;7;558
25;2025-11-20;8;971
25;2025-11-20;9;516
25;2025-11-20;10;412
25;2025-11-20;11;466
25;2025-11-20;12;445
25;2025-11-20;13;574
25;2025-11-20;14;515
25;2025-11-20;15;604
25;2025-11-20;16;715
25;2025-11-20;17;774
25;2025-11-20;18;831
25;2025-11-20;19;603
25;2025-11-20;20;353
25;2025-11-20;21;233
25;2025-11-20;22;99
25;2025-11-20;23;7
25;2025-11-21;0;0
25;2025-11-21;1;0
25;2025-11-21;2;0
25;2025-11-21;3;0
25;2025-11-21;4;0
25;2025-11-21;5;12
25;2025-11-21;6;228
25;2025-11-21;7;575
25;2025-11-21;8;874
25;2025-11-21;9;484
25;2025-11-21;10;401
25;2025-11-21;11;478
25;2025-11-21;12;472
25;2025-11-21;13;580
25;2025-11-21;14;527
25;2025-11-21;15;671
25;2025-11-21;16;795
25;2025-11-21;17;783
25;2025-11-21;18;717
25;2025-11-21;19;561
25;2025-11-21;20;340
25;2025-11-21;21;232
25;2025-11-21;22;118
25;2025-11-21;23;14
25;2025-11-22;0;0
25;2025-11-22;1;0
25;2025-11-22;2;0
25;2025-11-22;3;0
25;2025-11-22;4;0
25;2025-11-22;5;9
25;2025-11-22;6;89
25;2025-11-22;7;143
25;2025-11-22;8;337
25;2025-11-22;9;318
25;2025-11-22;10;309
25;2025-11-22;11;424
25;2025-11-22;12;416
25;2025-11-22;13;631
25;2025-11-22;14;655
25;2025-11-22;15;731
25;2025-11-22;16;661
25;2025-11-22;17;552
25;2025-11-22;18;548
25;2025-11-22;19;480
25;2025-11-22;20;287
25;2025-11-22;21;226
25;2025-11-22;22;136
25;2025-11-22;23;51
25;2025-11-23;0;16
25;2025-11-23;1;0
25;2025-11-23;2;0
25;2025-11-23;3;0
25;2025-11-23;4;0
25;2025-11-23;5;5
25;2025-11-23;6;71
25;2025-11-23;7;105
25;2025-11-23;8;191
25;2025-11-23;9;230
25;2025-11-23;10;229
25;2025-11-23;11;315
25;2025-11-23;12;379
25;2025-11-23;13;488
25;2025-11-23;14;528
25;2025-11-23;15;664
25;2025-11-23;16;542
25;2025-11-23;17;532
25;2025-11-23;18;430
25;2025-11-23;19;337
25;2025-11-23;20;259
25;2025-11-23;21;165
25;2025-11-23;22;107
25;2025-11-23;23;38
25;2025-11-24;0;0
25;2025-11-24;1;0
25;2025-11-24;2;0
25;2025-11-24;3;0
25;2025-11-24;4;0
25;2025-11-24;5;11
25;2025-11-24;6;205
25;2025-11-24;7;560
25;2025-11-24;8;975
25;2025-11-24;9;512
25;2025-11-24;10;395
25;2025-11-24;11;453
25;2025-11-24;12;440
25;2025-11-24;13;571
25;2025-11-24;14;497
25;2025-11-24;15;585
25;2025-11-24;16;706
25;2025-11-24;17;770
25;2025-11-24;18;832
25;2025-11-24;19;589
25;2025-11-24;20;357
25;2025-11-24;21;235
25;2025-11-24;22;100
25;2025-11-24;23;7
25;2025-11-25;0;0
25;2025-11-25;1;0
25;2025-11-25;2;0
25;2025-11-25;3;0
25;2025-11-25;4;0
25;2025-11-25;5;11
25;2025-11-25;6;205
25;2025-11-25;7;561
25;2025-11-25;8;975
25;2025-11-25;9;510
25;2025-11-25;10;397
25;2025-11-25;11;457
25;2025-11-25;12;439
25;2025-11-25;13;567
25;2025-11-25;14;498
25;2025-11-25;15;587
25;2025-11-25;16;707
25;2025-11-25;17;770
25;2025-11-25;18;833
25;2025-11-25;19;588
25;2025-11-25;20;357
25;2025-11-25;21;235
25;2025-11-25;22;100
25;2025-11-25;23;7
25;2025-11-26;0;0
25;2025-11-26;1;0
25;2025-11-26;2;0
25;2025-11-26;3;0
25;2025-11-26;4;0
25;2025-11-26;5;11
25;2025-11-26;6;206
25;2025-11-26;7;561
25;2025-11-26;8;975
25;2025-11-26;9;510
25;2025-11-26;10;398
25;2025-11-26;11;459
25;2025-11-26;12;443
25;2025-11-26;13;574
25;2025-11-26;14;485
25;2025-11-26;15;588
25;2025-11-26;16;706
25;2025-11-26;17;777
25;2025-11-26;18;840
25;2025-11-26;19;595
25;2025-11-26;20;359
25;2025-11-26;21;240
25;2025-11-26;22;102
25;2025-11-26;23;7
25;2025-11-27;0;0
25;2025-11-27;1;0
25;2025-11-27;2;0
25;2025-11-27;3;0
25;2025-11-27;4;0
25;2025-11-27;5;11
25;2025-11-27;6;205
25;2025-11-27;7;561
25;2025-11-27;8;976
25;2025-11-27;9;511
25;2025-11-27;10;401
25;2025-11-27;11;457
25;2025-11-27;12;439
25;2025-11-27;13;569
25;2025-11-27;14;502
25;2025-11-27;15;592
25;2025-11-27;16;708
25;2025-11-27;17;772
25;2025-11-27;18;835
25;2025-11-27;19;595
25;2025-11-27;20;357
25;2025-11-27;21;235
25;2025-11-27;22;101
25;2025-11-27;23;7
25;2025-11-28;0;0
25;2025-11-28;1;0
25;2025-11-28;2;0
25;2025-11-28;3;0
25;2025-11-28;4;0
25;2025-11-28;5;12
25;2025-11-28;6;225
25;2025-11-28;7;582
25;2025-11-28;8;883
25;2025-11-28;9;486
25;2025-11-28;10;399
25;2025-11-28;11;477
25;2025-11-28;12;471
25;2025-11-28;13;579
25;2025-11-28;14;531
25;2025-11-28;15;676
25;2025-11-28;16;795
25;2025-11-28;17;788
25;2025-11-28;18;726
25;2025-11-28;19;558
25;2025-11-28;20;343
25;2025-11-28;21;237
25;2025-11-28;22;122
25;2025-11-28;23;13
25;2025-11-29;0;0
25;2025-11-29;1;0
25;2025-11-29;2;0
25;2025-11-29;3;0
25;2025-11-29;4;0
25;2025-11-29;5;9
25;2025-11-29;6;89
25;2025-11-29;7;143
25;2025-11-29;8;337
25;2025-11-29;9;318
25;2025-11-29;10;309
25;2025-11-29;11;424
25;2025-11-29;12;416
25;2025-11-29;13;631
25;2025-11-29;14;655
25;2025-11-29;15;731
25;2025-11-29;16;661
25;2025-11-29;17;552
25;2025-11-29;18;548
25;2025-11-29;19;480
25;2025-11-29;20;287
25;2025-11-29;21;226
25;2025-11-29;22;136
25;2025-11-29;23;51
25;2025-11-30;0;16
25;2025-11-30;1;0
25;2025-11-30;2;0
25;2025-11-30;3;0
25;2025-11-30;4;0
25;2025-11-30;5;5
25;2025-11-30;6;71
25;2025-11-30;7;105
25;2025-11-30;8;191
25;2025-11-30;9;230
25;2025-11-30;10;229
25;2025-11-30;11;315
25;2025-11-30;12;379
25;2025-11-30;13;488
25;2025-11-30;14;528
25;2025-11-30;15;664
25;2025-11-30;16;542
25;2025-11-30;17;532
25;2025-11-30;18;430
25;2025-11-30;19;337
25;2025-11-30;20;259
25;2025-11-30;21;165
25;2025-11-30;22;107
25;2025-11-30;23;38
25;2025-12-01;0;0
25;2025-12-01;1;0
25;2025-12-01;2;0
25;2025-12-01;3;0
25;2025-12-01;4;0
25;2025-12-01;5;11
25;2025-12-01;6;201
25;2025-12-01;7;549
25;2025-12-01;8;956
25;2025-12-01;9;502
25;2025-12-01;10;387
25;2025-12-01;11;444
25;2025-12-01;12;431
25;2025-12-01;13;560
25;2025-12-01;14;487
25;2025-12-01;15;573
25;2025-12-01;16;691
25;2025-12-01;17;755
25;2025-12-01;18;815
25;2025-12-01;19;577
25;2025-12-01;20;350
25;2025-12-01;21;230
25;2025-12-01;22;98
25;2025-12-01;23;7
25;2025-12-02;0;0
25;2025-12-02;1;0
25;2025-12-02;2;0
25;2025-12-02;3;0
25;2025-12-02;4;0
25;2025-12-02;5;11
25;2025-12-02;6;201
25;2025-12-02;7;550
25;2025-12-02;8;955
25;2025-12-02;9;499
25;2025-12-02;10;389
25;2025-12-02;11;447
25;2025-12-02;12;430
25;2025-12-02;13;556
25;2025-12-02;14;488
25;2025-12-02;15;575
25;2025-12-02;16;693
25;2025-12-02;17;755
25;2025-12-02;18;816
25;2025-12-02;19;577
25;2025-12-02;20;350
25;2025-12-02;21;230
25;2025-12-02;22;98
25;2025-12-02;23;7
25;2025-12-03;0;0
25;2025-12-03;1;0
25;2025-12-03;2;0
25;2025-12-03;3;0
25;2025-12-03;4;0
25;2025-12-03;5;11
25;2025-12-03;6;202
25;2025-12-03;7;550
25;2025-12-03;8;956
25;2025-12-03;9;500
25;2025-12-03;10;390
25;2025-12-03;11;450
25;2025-12-03;12;434
25;2025-12-03;13;562
25;2025-12-03;14;476
25;2025-12-03;15;576
25;2025-12-03;16;692
25;2025-12-03;17;761
25;2025-12-03;18;824
25;2025-12-03;19;583
25;2025-12-03;20;352
25;2025-12-03;21;236
25;2025-12-03;22;100
25;2025-12-03;23;7
25;2025-12-04;0;0
25;2025-12-04;1;0
25;2025-12-04;2;0
25;2025-12-04;3;0
25;2025-12-04;4;0
25;2025-12-04;5;11
25;2025-12-04;6;201
25;2025-12-04;7;550
25;2025-12-04;8;957
25;2025-12-04;9;501
25;2025-12-04;10;393
25;2025-12-04;11;448
25;2025-12-04;12;431
25;2025-12-04;13;558
25;2025-12-04;14;492
25;2025-12-04;15;580
25;2025-12-04;16;694
25;2025-12-04;17;756
25;2025-12-04;18;818
25;2025-12-04;19;583
25;2025-12-04;20;350
25;2025-12-04;21;231
25;2025-12-04;22;99
25;2025-12-04;23;7
25;2025-12-05;0;0
25;2025-12-05;1;0
25;2025-12-05;2;0
25;2025-12-05;3;0
25;2025-12-05;4;0
25;2025-12-05;5;11
25;2025-12-05;6;220
25;2025-12-05;7;570
25;2025-12-05;8;865
25;2025-12-05;9;476
25;2025-12-05;10;391
25;2025-12-05;11;468
25;2025-12-05;12;462
25;2025-12-05;13;567
25;2025-12-05;14;521
25;2025-12-05;15;663
25;2025-12-05;16;779
25;2025-12-05;17;772
25;2025-12-05;18;711
25;2025-12-05;19;547
25;2025-12-05;20;336
25;2025-12-05;21;232
25;2025-12-05;22;120
25;2025-12-05;23;13
25;2025-12-06;0;0
25;2025-12-06;1;0
25;2025-12-06;2;0
25;2025-12-06;3;0
25;2025-12-06;4;0
25;2025-12-06;5;9
25;2025-12-06;6;87
25;2025-12-06;7;140
25;2025-12-06;8;330
25;2025-12-06;9;311
25;2025-12-06;10;303
25;2025-12-06;11;415
25;2025-12-06;12;408
25;2025-12-06;13;618
25;2025-12-06;14;642
25;2025-12-06;15;716
25;2025-12-06;16;648
25;2025-12-06;17;540
25;2025-12-06;18;537
25;2025-12-06;19;470
25;2025-12-06;20;282
25;2025-12-06;21;221
25;2025-12-06;22;133
25;2025-12-06;23;50
25;2025-12-07;0;16
25;2025-12-07;1;0
25;2025-12-07;2;0
25;2025-12-07;3;0
25;2025-12-07;4;0
25;2025-12-07;5;5
25;2025-12-07;6;69
25;2025-12-07;7;102
25;2025-12-07;8;187
25;2025-12-07;9;226
25;2025-12-07;10;225
25;2025-12-07;11;309
25;2025-12-07;12;372
25;2025-12-07;13;478
25;2025-12-07;14;517
25;2025-12-07;15;651
25;2025-12-07;16;531
25;2025-12-07;17;521
25;2025-12-07;18;422
25;2025-12-07;19;331
25;2025-12-07;20;253
25;2025-12-07;21;162
25;2025-12-07;22;105
25;2025-12-07;23;38
25;2025-12-08;0;0
25;2025-12-08;1;0
25;2025-12-08;2;0
25;2025-12-08;3;0
25;2025-12-08;4;0
25;2025-12-08;5;11
25;2025-12-08;6;201
25;2025-12-08;7;549
25;2025-12-08;8;956
25;2025-12-08;9;502
25;2025-12-08;10;387
25;2025-12-08;11;444
25;2025-12-08;12;431
25;2025-12-08;13;560
25;2025-12-08;14;487
25;2025-12-08;15;573
25;2025-12-08;16;691
25;2025-12-08;17;755
25;2025-12-08;18;815
25;2025-12-08;19;577
25;2025-12-08;20;350
25;2025-12-08;21;230
25;2025-12-08;22;98
25;2025-12-08;23;7
25;2025-12-09;0;0
25;2025-12-09;1;0
25;2025-12-09;2;0
25;2025-12-09;3;0
25;2025-12-09;4;0
25;2025-12-09;5;11
25;2025-12-09;6;201
25;2025-12-09;7;550
25;2025-12-09;8;955
25;2025-12-09;9;499
25;2025-12-09;10;389
25;2025-12-09;11;447
25;2025-12-09;12;430
25;2025-12-09;13;556
25;2025-12-09;14;488
25;2025-12-09;15;575
25;2025-12-09;16;693
25;2025-12-09;17;755
25;2025-12-09;18;816
25;2025-12-09;19;577
25;2025-12-09;20;350
25;2025-12-09;21;230
25;2025-12-09;22;98
25;2025-12-09;23;7
25;2025-12-10;0;0
25;2025-12-10;1;0
25;2025-12-10;2;0
25;2025-12-10;3;0
25;2025-12-10;4;0
25;2025-12-10;5;11
25;2025-12-10;6;202
25;2025-12-10;7;550
25;2025-12-10;8;956
25;2025-12-10;9;500
25;2025-12-10;10;390
25;2025-12-10;11;450
25;2025-12-10;12;434
25;2025-12-10;13;562
25;2025-12-10;14;476
25;2025-12-10;15;576
25;2025-12-10;16;692
25;2025-12-10;17;761
25;2025-12-10;18;824
25;2025-12-10;19;583
25;2025-12-10;20;352
25;2025-12-10;21;236
25;2025-12-10;22;100
25;2025-12-10;23;7
25;2025-12-11;0;0
25;2025-12-11;1;0
25;2025-12-11;2;0
25;2025-12-11;3;0
25;2025-12-11;4;0
25;2025-12-11;5;11
25;2025-12-11;6;201
25;2025-12-11;7;550
25;2025-12-11;8;957
25;2025-12-11;9;501
25;2025-12-11;10;393
25;2025-12-11;11;448
25;2025-12-11;12;431
25;2025-12-11;13;558
25;2025-12-11;14;492
25;2025-12-11;15;580
25;2025-12-11;16;694
25;2025-12-11;17;756
25;2025-12-11;18;818
25;2025-12-11;19;583
25;2025-12-11;20;350
25;2025-12-11;21;231
25;2025-12-11;22;99
25;2025-12-11;23;7
25;2025-12-12;0;0
25;2025-12-12;1;0
25;2025-12-12;2;0
25;2025-12-12;3;0
25;2025-12-12;4;0
25;2025-12-12;5;11
25;2025-12-12;6;220
25;2025-12-12;7;570
25;2025-12-12;8;865
25;2025-12-12;9;476
25;2025-12-12;10;391
25;2025-12-12;11;468
25;2025-12-12;12;462
25;2025-12-12;13;567
25;2025-12-12;14;521
25;2025-12-12;15;663
25;2025-12-12;16;779
25;2025-12-12;17;772
25;2025-12-12;18;711
25;2025-12-12;19;547
25;2025-12-12;20;336
25;2025-12-12;21;232
25;2025-12-12;22;120
25;2025-12-12;23;13
25;2025-12-13;0;0
25;2025-12-13;1;0
25;2025-12-13;2;0
25;2025-12-13;3;0
25;2025-12-13;4;0
25;2025-12-13;5;9
25;2025-12-13;6;87
25;2025-12-13;7;140
25;2025-12-13;8;331
25;2025-12-13;9;311
25;2025-12-13;10;303
25;2025-12-13;11;415
25;2025-12-13;12;408
25;2025-12-13;13;524
25;2025-12-13;14;545
25;2025-12-13;15;603
25;2025-12-13;16;542
25;2025-12-13;17;540
25;2025-12-13;18;536
25;2025-12-13;19;470
25;2025-12-13;20;282
25;2025-12-13;21;222
25;2025-12-13;22;133
25;2025-12-13;23;50
25;2025-12-14;0;16
25;2025-12-14;1;0
25;2025-12-14;2;0
25;2025-12-14;3;0
25;2025-12-14;4;0
25;2025-12-14;5;5
25;2025-12-14;6;69
25;2025-12-14;7;102
25;2025-12-14;8;187
25;2025-12-14;9;226
25;2025-12-14;10;225
25;2025-12-14;11;309
25;2025-12-14;12;372
25;2025-12-14;13;478
25;2025-12-14;14;517
25;2025-12-14;15;651
25;2025-12-14;16;531
25;2025-12-14;17;521
25;2025-12-14;18;422
25;2025-12-14;19;331
25;2025-12-14;20;253
25;2025-12-14;21;162
25;2025-12-14;22;105
25;2025-12-14;23;38
25;2025-12-15;0;0
25;2025-12-15;1;0
25;2025-12-15;2;0
25;2025-12-15;3;0
25;2025-12-15;4;0
25;2025-12-15;5;11
25;2025-12-15;6;201
25;2025-12-15;7;549
25;2025-12-15;8;956
25;2025-12-15;9;502
25;2025-12-15;10;387
25;2025-12-15;11;444
25;2025-12-15;12;431
25;2025-12-15;13;560
25;2025-12-15;14;487
25;2025-12-15;15;573
25;2025-12-15;16;691
25;2025-12-15;17;755
25;2025-12-15;18;815
25;2025-12-15;19;577
25;2025-12-15;20;350
25;2025-12-15;21;230
25;2025-12-15;22;98
25;2025-12-15;23;7
25;2025-12-16;0;0
25;2025-12-16;1;0
25;2025-12-16;2;0
25;2025-12-16;3;0
25;2025-12-16;4;0
25;2025-12-16;5;11
25;2025-12-16;6;201
25;2025-12-16;7;550
25;2025-12-16;8;955
25;2025-12-16;9;499
25;2025-12-16;10;389
25;2025-12-16;11;447
25;2025-12-16;12;430
25;2025-12-16;13;556
25;2025-12-16;14;488
25;2025-12-16;15;575
25;2025-12-16;16;693
25;2025-12-16;17;755
25;2025-12-16;18;816
25;2025-12-16;19;577
25;2025-12-16;20;350
25;2025-12-16;21;230
25;2025-12-16;22;98
25;2025-12-16;23;7
25;2025-12-17;0;0
25;2025-12-17;1;0
25;2025-12-17;2;0
25;2025-12-17;3;0
25;2025-12-17;4;0
25;2025-12-17;5;11
25;2025-12-17;6;202
25;2025-12-17;7;550
25;2025-12-17;8;956
25;2025-12-17;9;500
25;2025-12-17;10;390
25;2025-12-17;11;450
25;2025-12-17;12;434
25;2025-12-17;13;562
25;2025-12-17;14;476
25;2025-12-17;15;576
25;2025-12-17;16;692
25;2025-12-17;17;761
25;2025-12-17;18;824
25;2025-12-17;19;583
25;2025-12-17;20;352
25;2025-12-17;21;236
25;2025-12-17;22;100
25;2025-12-17;23;7
25;2025-12-18;0;0
25;2025-12-18;1;0
25;2025-12-18;2;0
25;2025-12-18;3;0
25;2025-12-18;4;0
25;2025-12-18;5;11
25;2025-12-18;6;201
25;2025-12-18;7;550
25;2025-12-18;8;957
25;2025-12-18;9;501
25;2025-12-18;10;393
25;2025-12-18;11;448
25;2025-12-18;12;431
25;2025-12-18;13;558
25;2025-12-18;14;492
25;2025-12-18;15;580
25;2025-12-18;16;694
25;2025-12-18;17;756
25;2025-12-18;18;818
25;2025-12-18;19;583
25;2025-12-18;20;350
25;2025-12-18;21;231
25;2025-12-18;22;99
25;2025-12-18;23;7
25;2025-12-19;0;0
25;2025-12-19;1;0
25;2025-12-19;2;0
25;2025-12-19;3;0
25;2025-12-19;4;0
25;2025-12-19;5;11
25;2025-12-19;6;220
25;2025-12-19;7;570
25;2025-12-19;8;865
25;2025-12-19;9;476
25;2025-12-19;10;391
25;2025-12-19;11;468
25;2025-12-19;12;462
25;2025-12-19;13;567
25;2025-12-19;14;521
25;2025-12-19;15;663
25;2025-12-19;16;779
25;2025-12-19;17;772
25;2025-12-19;18;711
25;2025-12-19;19;547
25;2025-12-19;20;336
25;2025-12-19;21;232
25;2025-12-19;22;120
25;2025-12-19;23;13
25;2025-12-20;0;0
25;2025-12-20;1;0
25;2025-12-20;2;0
25;2025-12-20;3;0
25;2025-12-20;4;0
25;2025-12-20;5;9
25;2025-12-20;6;87
25;2025-12-20;7;140
25;2025-12-20;8;330
25;2025-12-20;9;311
25;2025-12-20;10;303
25;2025-12-20;11;415
25;2025-12-20;12;408
25;2025-12-20;13;618
25;2025-12-20;14;642
25;2025-12-20;15;716
25;2025-12-20;16;648
25;2025-12-20;17;540
25;2025-12-20;18;537
25;2025-12-20;19;470
25;2025-12-20;20;282
25;2025-12-20;21;221
25;2025-12-20;22;133
25;2025-12-20;23;50
25;2025-12-21;0;16
25;2025-12-21;1;0
25;2025-12-21;2;0
25;2025-12-21;3;0
25;2025-12-21;4;0
25;2025-12-21;5;5
25;2025-12-21;6;69
25;2025-12-21;7;102
25;2025-12-21;8;187
25;2025-12-21;9;226
25;2025-12-21;10;225
25;2025-12-21;11;309
25;2025-12-21;12;372
25;2025-12-21;13;478
25;2025-12-21;14;517
25;2025-12-21;15;651
25;2025-12-21;16;531
25;2025-12-21;17;521
25;2025-12-21;18;422
25;2025-12-21;19;331
25;2025-12-21;20;253
25;2025-12-21;21;162
25;2025-12-21;22;105
25;2025-12-21;23;38
25;2025-12-22;0;0
25;2025-12-22;1;0
25;2025-12-22;2;0
25;2025-12-22;3;0
25;2025-12-22;4;0
25;2025-12-22;5;11
25;2025-12-22;6;201
25;2025-12-22;7;549
25;2025-12-22;8;956
25;2025-12-22;9;502
25;2025-12-22;10;387
25;2025-12-22;11;444
25;2025-12-22;12;431
25;2025-12-22;13;560
25;2025-12-22;14;487
25;2025-12-22;15;573
25;2025-12-22;16;691
25;2025-12-22;17;755
25;2025-12-22;18;815
25;2025-12-22;19;577
25;2025-12-22;20;350
25;2025-12-22;21;230
25;2025-12-22;22;98
25;2025-12-22;23;7
25;2025-12-23;0;0
25;2025-12-23;1;0
25;2025-12-23;2;0
25;2025-12-23;3;0
25;2025-12-23;4;0
25;2025-12-23;5;11
25;2025-12-23;6;201
25;2025-12-23;7;550
25;2025-12-23;8;955
25;2025-12-23;9;499
25;2025-12-23;10;389
25;2025-12-23;11;447
25;2025-12-23;12;430
25;2025-12-23;13;556
25;2025-12-23;14;488
25;2025-12-23;15;575
25;2025-12-23;16;693
25;2025-12-23;17;755
25;2025-12-23;18;816
25;2025-12-23;19;577
25;2025-12-23;20;350
25;2025-12-23;21;230
25;2025-12-23;22;98
25;2025-12-23;23;7
25;2025-12-24;0;0
25;2025-12-24;1;0
25;2025-12-24;2;0
25;2025-12-24;3;0
25;2025-12-24;4;0
25;2025-12-24;5;11
25;2025-12-24;6;202
25;2025-12-24;7;550
25;2025-12-24;8;956
25;2025-12-24;9;500
25;2025-12-24;10;390
25;2025-12-24;11;450
25;2025-12-24;12;434
25;2025-12-24;13;562
25;2025-12-24;14;476
25;2025-12-24;15;576
25;2025-12-24;16;692
25;2025-12-24;17;761
25;2025-12-24;18;824
25;2025-12-24;19;583
25;2025-12-24;20;352
25;2025-12-24;21;236
25;2025-12-24;22;100
25;2025-12-24;23;7
25;2025-12-25;0;0
25;2025-12-25;1;0
25;2025-12-25;2;0
25;2025-12-25;3;0
25;2025-12-25;4;0
25;2025-12-25;5;11
25;2025-12-25;6;201
25;2025-12-25;7;550
25;2025-12-25;8;957
25;2025-12-25;9;501
25;2025-12-25;10;393
25;2025-12-25;11;448
25;2025-12-25;12;431
25;2025-12-25;13;558
25;2025-12-25;14;492
25;2025-12-25;15;580
25;2025-12-25;16;694
25;2025-12-25;17;756
25;2025-12-25;18;818
25;2025-12-25;19;583
25;2025-12-25;20;350
25;2025-12-25;21;231
25;2025-12-25;22;99
25;2025-12-25;23;7
25;2025-12-26;0;0
25;2025-12-26;1;0
25;2025-12-26;2;0
25;2025-12-26;3;0
25;2025-12-26;4;0
25;2025-12-26;5;11
25;2025-12-26;6;220
25;2025-12-26;7;570
25;2025-12-26;8;865
25;2025-12-26;9;476
25;2025-12-26;10;391
25;2025-12-26;11;468
25;2025-12-26;12;462
25;2025-12-26;13;567
25;2025-12-26;14;521
25;2025-12-26;15;663
25;2025-12-26;16;779
25;2025-12-26;17;772
25;2025-12-26;18;711
25;2025-12-26;19;547
25;2025-12-26;20;336
25;2025-12-26;21;232
25;2025-12-26;22;120
25;2025-12-26;23;13
25;2025-12-27;0;0
25;2025-12-27;1;0
25;2025-12-27;2;0
25;2025-12-27;3;0
25;2025-12-27;4;0
25;2025-12-27;5;9
25;2025-12-27;6;87
25;2025-12-27;7;140
25;2025-12-27;8;330
25;2025-12-27;9;311
25;2025-12-27;10;303
25;2025-12-27;11;415
25;2025-12-27;12;408
25;2025-12-27;13;618
25;2025-12-27;14;642
25;2025-12-27;15;716
25;2025-12-27;16;648
25;2025-12-27;17;540
25;2025-12-27;18;537
25;2025-12-27;19;470
25;2025-12-27;20;282
25;2025-12-27;21;221
25;2025-12-27;22;133
25;2025-12-27;23;50
25;2025-12-28;0;16
25;2025-12-28;1;0
25;2025-12-28;2;0
25;2025-12-28;3;0
25;2025-12-28;4;0
25;2025-12-28;5;5
25;2025-12-28;6;69
25;2025-12-28;7;102
25;2025-12-28;8;187
25;2025-12-28;9;226
25;2025-12-28;10;225
25;2025-12-28;11;309
25;2025-12-28;12;372
25;2025-12-28;13;478
25;2025-12-28;14;517
25;2025-12-28;15;651
25;2025-12-28;16;531
25;2025-12-28;17;521
25;2025-12-28;18;422
25;2025-12-28;19;331
25;2025-12-28;20;253
25;2025-12-28;21;162
25;2025-12-28;22;105
25;2025-12-28;23;38
25;2025-12-29;0;0
25;2025-12-29;1;0
25;2025-12-29;2;0
25;2025-12-29;3;0
25;2025-12-29;4;0
25;2025-12-29;5;10
25;2025-12-29;6;180
25;2025-12-29;7;493
25;2025-12-29;8;858
25;2025-12-29;9;451
25;2025-12-29;10;348
25;2025-12-29;11;399
25;2025-12-29;12;387
25;2025-12-29;13;503
25;2025-12-29;14;437
25;2025-12-29;15;515
25;2025-12-29;16;621
25;2025-12-29;17;678
25;2025-12-29;18;732
25;2025-12-29;19;518
25;2025-12-29;20;315
25;2025-12-29;21;207
25;2025-12-29;22;88
25;2025-12-29;23;6
25;2025-12-30;0;0
25;2025-12-30;1;0
25;2025-12-30;2;0
25;2025-12-30;3;0
25;2025-12-30;4;0
25;2025-12-30;5;10
25;2025-12-30;6;181
25;2025-12-30;7;494
25;2025-12-30;8;858
25;2025-12-30;9;448
25;2025-12-30;10;350
25;2025-12-30;11;402
25;2025-12-30;12;386
25;2025-12-30;13;499
25;2025-12-30;14;438
25;2025-12-30;15;517
25;2025-12-30;16;622
25;2025-12-30;17;678
25;2025-12-30;18;733
25;2025-12-30;19;518
25;2025-12-30;20;314
25;2025-12-30;21;207
25;2025-12-30;22;88
25;2025-12-30;23;6
25;2025-12-31;0;15
25;2025-12-31;1;0
25;2025-12-31;2;0
25;2025-12-31;3;0
25;2025-12-31;4;0
25;2025-12-31;5;5
25;2025-12-31;6;69
25;2025-12-31;7;106
25;2025-12-31;8;194
25;2025-12-31;9;230
25;2025-12-31;10;228
25;2025-12-31;11;311
25;2025-12-31;12;371
25;2025-12-31;13;476
25;2025-12-31;14;494
25;2025-12-31;15;647
25;2025-12-31;16;528
25;2025-12-31;17;518
25;2025-12-31;18;423
25;2025-12-31;19;339
25;2025-12-31;20;258
25;2025-12-31;21;168
25;2025-12-31;22;107
25;2025-12-31;23;37
26;2025-11-01;0;29
26;2025-11-01;1;1
26;2025-11-01;2;0
26;2025-11-01;3;0
26;2025-11-01;4;2
26;2025-11-01;5;76
26;2025-11-01;6;406
26;2025-11-01;7;942
26;2025-11-01;8;1796
26;2025-11-01;9;1242
26;2025-11-01;10;1045
26;2025-11-01;11;996
26;2025-11-01;12;1049
26;2025-11-01;13;1043
26;2025-11-01;14;1117
26;2025-11-01;15;1172
26;2025-11-01;16;1279
26;2025-11-01;17;1454
26;2025-11-01;18;1567
26;2025-11-01;19;1068
26;2025-11-01;20;659
26;2025-11-01;21;413
26;2025-11-01;22;203
26;2025-11-01;23;117
26;2025-11-02;0;49
26;2025-11-02;1;4
26;2025-11-02;2;0
26;2025-11-02;3;0
26;2025-11-02;4;2
26;2025-11-02;5;24
26;2025-11-02;6;151
26;2025-11-02;7;255
26;2025-11-02;8;391
26;2025-11-02;9;525
26;2025-11-02;10;599
26;2025-11-02;11;816
26;2025-11-02;12;816
26;2025-11-02;13;862
26;2025-11-02;14;856
26;2025-11-02;15;781
26;2025-11-02;16;768
26;2025-11-02;17;767
26;2025-11-02;18;679
26;2025-11-02;19;526
26;2025-11-02;20;406
26;2025-11-02;21;273
26;2025-11-02;22;173
26;2025-11-02;23;104
26;2025-11-03;0;45
26;2025-11-03;1;4
26;2025-11-03;2;0
26;2025-11-03;3;0
26;2025-11-03;4;2
26;2025-11-03;5;26
26;2025-11-03;6;160
26;2025-11-03;7;267
26;2025-11-03;8;406
26;2025-11-03;9;524
26;2025-11-03;10;593
26;2025-11-03;11;799
26;2025-11-03;12;799
26;2025-11-03;13;845
26;2025-11-03;14;817
26;2025-11-03;15;746
26;2025-11-03;16;742
26;2025-11-03;17;733
26;2025-11-03;18;675
26;2025-11-03;19;538
26;2025-11-03;20;424
26;2025-11-03;21;286
26;2025-11-03;22;179
26;2025-11-03;23;100
26;2025-11-04;0;46
26;2025-11-04;1;3
26;2025-11-04;2;0
26;2025-11-04;3;0
26;2025-11-04;4;1
26;2025-11-04;5;26
26;2025-11-04;6;160
26;2025-11-04;7;267
26;2025-11-04;8;406
26;2025-11-04;9;524
26;2025-11-04;10;591
26;2025-11-04;11;767
26;2025-11-04;12;767
26;2025-11-04;13;834
26;2025-11-04;14;811
26;2025-11-04;15;740
26;2025-11-04;16;736
26;2025-11-04;17;728
26;2025-11-04;18;670
26;2025-11-04;19;538
26;2025-11-04;20;423
26;2025-11-04;21;286
26;2025-11-04;22;181
26;2025-11-04;23;100
26;2025-11-05;0;32
26;2025-11-05;1;1
26;2025-11-05;2;0
26;2025-11-05;3;0
26;2025-11-05;4;2
26;2025-11-05;5;95
26;2025-11-05;6;490
26;2025-11-05;7;1136
26;2025-11-05;8;2281
26;2025-11-05;9;1502
26;2025-11-05;10;1281
26;2025-11-05;11;1178
26;2025-11-05;12;1220
26;2025-11-05;13;1222
26;2025-11-05;14;1349
26;2025-11-05;15;1407
26;2025-11-05;16;1535
26;2025-11-05;17;1747
26;2025-11-05;18;1889
26;2025-11-05;19;1286
26;2025-11-05;20;796
26;2025-11-05;21;511
26;2025-11-05;22;231
26;2025-11-05;23;131
26;2025-11-06;0;33
26;2025-11-06;1;1
26;2025-11-06;2;0
26;2025-11-06;3;0
26;2025-11-06;4;2
26;2025-11-06;5;95
26;2025-11-06;6;491
26;2025-11-06;7;1136
26;2025-11-06;8;2284
26;2025-11-06;9;1514
26;2025-11-06;10;1271
26;2025-11-06;11;1180
26;2025-11-06;12;1218
26;2025-11-06;13;1221
26;2025-11-06;14;1350
26;2025-11-06;15;1412
26;2025-11-06;16;1547
26;2025-11-06;17;1772
26;2025-11-06;18;1893
26;2025-11-06;19;1295
26;2025-11-06;20;790
26;2025-11-06;21;501
26;2025-11-06;22;230
26;2025-11-06;23;133
26;2025-11-07;0;34
26;2025-11-07;1;1
26;2025-11-07;2;0
26;2025-11-07;3;0
26;2025-11-07;4;2
26;2025-11-07;5;79
26;2025-11-07;6;480
26;2025-11-07;7;1052
26;2025-11-07;8;2126
26;2025-11-07;9;1371
26;2025-11-07;10;1223
26;2025-11-07;11;1120
26;2025-11-07;12;1105
26;2025-11-07;13;1190
26;2025-11-07;14;1309
26;2025-11-07;15;1346
26;2025-11-07;16;1611
26;2025-11-07;17;1754
26;2025-11-07;18;1367
26;2025-11-07;19;1084
26;2025-11-07;20;680
26;2025-11-07;21;478
26;2025-11-07;22;239
26;2025-11-07;23;161
26;2025-11-08;0;48
26;2025-11-08;1;1
26;2025-11-08;2;0
26;2025-11-08;3;0
26;2025-11-08;4;2
26;2025-11-08;5;50
26;2025-11-08;6;251
26;2025-11-08;7;365
26;2025-11-08;8;628
26;2025-11-08;9;698
26;2025-11-08;10;837
26;2025-11-08;11;998
26;2025-11-08;12;1067
26;2025-11-08;13;1059
26;2025-11-08;14;1064
26;2025-11-08;15;971
26;2025-11-08;16;1032
26;2025-11-08;17;947
26;2025-11-08;18;871
26;2025-11-08;19;821
26;2025-11-08;20;562
26;2025-11-08;21;378
26;2025-11-08;22;218
26;2025-11-08;23;159
26;2025-11-09;0;49
26;2025-11-09;1;4
26;2025-11-09;2;0
26;2025-11-09;3;0
26;2025-11-09;4;2
26;2025-11-09;5;24
26;2025-11-09;6;151
26;2025-11-09;7;255
26;2025-11-09;8;391
26;2025-11-09;9;525
26;2025-11-09;10;599
26;2025-11-09;11;816
26;2025-11-09;12;816
26;2025-11-09;13;862
26;2025-11-09;14;856
26;2025-11-09;15;781
26;2025-11-09;16;768
26;2025-11-09;17;767
26;2025-11-09;18;679
26;2025-11-09;19;526
26;2025-11-09;20;406
26;2025-11-09;21;273
26;2025-11-09;22;173
26;2025-11-09;23;104
26;2025-11-10;0;31
26;2025-11-10;1;1
26;2025-11-10;2;0
26;2025-11-10;3;0
26;2025-11-10;4;2
26;2025-11-10;5;92
26;2025-11-10;6;491
26;2025-11-10;7;1131
26;2025-11-10;8;2274
26;2025-11-10;9;1499
26;2025-11-10;10;1259
26;2025-11-10;11;1170
26;2025-11-10;12;1194
26;2025-11-10;13;1214
26;2025-11-10;14;1321
26;2025-11-10;15;1399
26;2025-11-10;16;1530
26;2025-11-10;17;1756
26;2025-11-10;18;1891
26;2025-11-10;19;1280
26;2025-11-10;20;795
26;2025-11-10;21;491
26;2025-11-10;22;227
26;2025-11-10;23;126
26;2025-11-11;0;32
26;2025-11-11;1;1
26;2025-11-11;2;0
26;2025-11-11;3;0
26;2025-11-11;4;2
26;2025-11-11;5;92
26;2025-11-11;6;494
26;2025-11-11;7;1136
26;2025-11-11;8;2285
26;2025-11-11;9;1501
26;2025-11-11;10;1281
26;2025-11-11;11;1179
26;2025-11-11;12;1201
26;2025-11-11;13;1215
26;2025-11-11;14;1337
26;2025-11-11;15;1400
26;2025-11-11;16;1528
26;2025-11-11;17;1749
26;2025-11-11;18;1895
26;2025-11-11;19;1288
26;2025-11-11;20;789
26;2025-11-11;21;491
26;2025-11-11;22;229
26;2025-11-11;23;127
26;2025-11-12;0;32
26;2025-11-12;1;1
26;2025-11-12;2;0
26;2025-11-12;3;0
26;2025-11-12;4;2
26;2025-11-12;5;95
26;2025-11-12;6;490
26;2025-11-12;7;1136
26;2025-11-12;8;2281
26;2025-11-12;9;1502
26;2025-11-12;10;1281
26;2025-11-12;11;1178
26;2025-11-12;12;1220
26;2025-11-12;13;1222
26;2025-11-12;14;1349
26;2025-11-12;15;1407
26;2025-11-12;16;1535
26;2025-11-12;17;1747
26;2025-11-12;18;1889
26;2025-11-12;19;1286
26;2025-11-12;20;796
26;2025-11-12;21;511
26;2025-11-12;22;231
26;2025-11-12;23;131
26;2025-11-13;0;33
26;2025-11-13;1;1
26;2025-11-13;2;0
26;2025-11-13;3;0
26;2025-11-13;4;2
26;2025-11-13;5;95
26;2025-11-13;6;491
26;2025-11-13;7;1136
26;2025-11-13;8;2284
26;2025-11-13;9;1514
26;2025-11-13;10;1271
26;2025-11-13;11;1180
26;2025-11-13;12;1218
26;2025-11-13;13;1221
26;2025-11-13;14;1350
26;2025-11-13;15;1412
26;2025-11-13;16;1547
26;2025-11-13;17;1772
26;2025-11-13;18;1893
26;2025-11-13;19;1295
26;2025-11-13;20;790
26;2025-11-13;21;501
26;2025-11-13;22;230
26;2025-11-13;23;133
26;2025-11-14;0;34
26;2025-11-14;1;1
26;2025-11-14;2;0
26;2025-11-14;3;0
26;2025-11-14;4;2
26;2025-11-14;5;79
26;2025-11-14;6;480
26;2025-11-14;7;1052
26;2025-11-14;8;2126
26;2025-11-14;9;1371
26;2025-11-14;10;1223
26;2025-11-14;11;1120
26;2025-11-14;12;1105
26;2025-11-14;13;1190
26;2025-11-14;14;1309
26;2025-11-14;15;1346
26;2025-11-14;16;1611
26;2025-11-14;17;1754
26;2025-11-14;18;1367
26;2025-11-14;19;1084
26;2025-11-14;20;680
26;2025-11-14;21;478
26;2025-11-14;22;239
26;2025-11-14;23;161
26;2025-11-15;0;48
26;2025-11-15;1;1
26;2025-11-15;2;0
26;2025-11-15;3;0
26;2025-11-15;4;2
26;2025-11-15;5;50
26;2025-11-15;6;251
26;2025-11-15;7;365
26;2025-11-15;8;628
26;2025-11-15;9;698
26;2025-11-15;10;837
26;2025-11-15;11;998
26;2025-11-15;12;1067
26;2025-11-15;13;1059
26;2025-11-15;14;1064
26;2025-11-15;15;971
26;2025-11-15;16;1032
26;2025-11-15;17;947
26;2025-11-15;18;871
26;2025-11-15;19;821
26;2025-11-15;20;562
26;2025-11-15;21;378
26;2025-11-15;22;218
26;2025-11-15;23;159
26;2025-11-16;0;49
26;2025-11-16;1;4
26;2025-11-16;2;0
26;2025-11-16;3;0
26;2025-11-16;4;2
26;2025-11-16;5;24
26;2025-11-16;6;151
26;2025-11-16;7;255
26;2025-11-16;8;391
26;2025-11-16;9;525
26;2025-11-16;10;599
26;2025-11-16;11;816
26;2025-11-16;12;816
26;2025-11-16;13;862
26;2025-11-16;14;856
26;2025-11-16;15;781
26;2025-11-16;16;768
26;2025-11-16;17;767
26;2025-11-16;18;679
26;2025-11-16;19;526
26;2025-11-16;20;406
26;2025-11-16;21;273
26;2025-11-16;22;173
26;2025-11-16;23;104
26;2025-11-17;0;31
26;2025-11-17;1;1
26;2025-11-17;2;0
26;2025-11-17;3;0
26;2025-11-17;4;2
26;2025-11-17;5;92
26;2025-11-17;6;491
26;2025-11-17;7;1131
26;2025-11-17;8;2274
26;2025-11-17;9;1499
26;2025-11-17;10;1259
26;2025-11-17;11;1170
26;2025-11-17;12;1194
26;2025-11-17;13;1214
26;2025-11-17;14;1321
26;2025-11-17;15;1399
26;2025-11-17;16;1530
26;2025-11-17;17;1756
26;2025-11-17;18;1891
26;2025-11-17;19;1280
26;2025-11-17;20;795
26;2025-11-17;21;491
26;2025-11-17;22;227
26;2025-11-17;23;126
26;2025-11-18;0;32
26;2025-11-18;1;1
26;2025-11-18;2;0
26;2025-11-18;3;0
26;2025-11-18;4;2
26;2025-11-18;5;92
26;2025-11-18;6;494
26;2025-11-18;7;1136
26;2025-11-18;8;2285
26;2025-11-18;9;1501
26;2025-11-18;10;1281
26;2025-11-18;11;1179
26;2025-11-18;12;1201
26;2025-11-18;13;1215
26;2025-11-18;14;1337
26;2025-11-18;15;1400
26;2025-11-18;16;1528
26;2025-11-18;17;1749
26;2025-11-18;18;1895
26;2025-11-18;19;1288
26;2025-11-18;20;789
26;2025-11-18;21;491
26;2025-11-18;22;229
26;2025-11-18;23;127
26;2025-11-19;0;32
26;2025-11-19;1;1
26;2025-11-19;2;0
26;2025-11-19;3;0
26;2025-11-19;4;2
26;2025-11-19;5;95
26;2025-11-19;6;490
26;2025-11-19;7;1136
26;2025-11-19;8;2281
26;2025-11-19;9;1502
26;2025-11-19;10;1281
26;2025-11-19;11;1178
26;2025-11-19;12;1220
26;2025-11-19;13;1222
26;2025-11-19;14;1349
26;2025-11-19;15;1407
26;2025-11-19;16;1535
26;2025-11-19;17;1747
26;2025-11-19;18;1889
26;2025-11-19;19;1286
26;2025-11-19;20;796
26;2025-11-19;21;511
26;2025-11-19;22;231
26;2025-11-19;23;131
26;2025-11-20;0;33
26;2025-11-20;1;1
26;2025-11-20;2;0
26;2025-11-20;3;0
26;2025-11-20;4;2
26;2025-11-20;5;95
26;2025-11-20;6;491
26;2025-11-20;7;1136
26;2025-11-20;8;2284
26;2025-11-20;9;1514
26;2025-11-20;10;1271
26;2025-11-20;11;1180
26;2025-11-20;12;1218
26;2025-11-20;13;1221
26;2025-11-20;14;1350
26;2025-11-20;15;1412
26;2025-11-20;16;1547
26;2025-11-20;17;1772
26;2025-11-20;18;1893
26;2025-11-20;19;1295
26;2025-11-20;20;790
26;2025-11-20;21;501
26;2025-11-20;22;230
26;2025-11-20;23;133
26;2025-11-21;0;34
26;2025-11-21;1;1
26;2025-11-21;2;0
26;2025-11-21;3;0
26;2025-11-21;4;2
26;2025-11-21;5;79
26;2025-11-21;6;480
26;2025-11-21;7;1052
26;2025-11-21;8;2126
26;2025-11-21;9;1371
26;2025-11-21;10;1223
26;2025-11-21;11;1120
26;2025-11-21;12;1105
26;2025-11-21;13;1190
26;2025-11-21;14;1309
26;2025-11-21;15;1346
26;2025-11-21;16;1611
26;2025-11-21;17;1754
26;2025-11-21;18;1367
26;2025-11-21;19;1084
26;2025-11-21;20;680
26;2025-11-21;21;478
26;2025-11-21;22;239
26;2025-11-21;23;161
26;2025-11-22;0;49
26;2025-11-22;1;1
26;2025-11-22;2;0
26;2025-11-22;3;0
26;2025-11-22;4;2
26;2025-11-22;5;52
26;2025-11-22;6;262
26;2025-11-22;7;372
26;2025-11-22;8;636
26;2025-11-22;9;699
26;2025-11-22;10;832
26;2025-11-22;11;1003
26;2025-11-22;12;1066
26;2025-11-22;13;1054
26;2025-11-22;14;1069
26;2025-11-22;15;980
26;2025-11-22;16;1039
26;2025-11-22;17;946
26;2025-11-22;18;884
26;2025-11-22;19;829
26;2025-11-22;20;560
26;2025-11-22;21;381
26;2025-11-22;22;224
26;2025-11-22;23;158
26;2025-11-23;0;49
26;2025-11-23;1;4
26;2025-11-23;2;0
26;2025-11-23;3;0
26;2025-11-23;4;2
26;2025-11-23;5;25
26;2025-11-23;6;155
26;2025-11-23;7;261
26;2025-11-23;8;397
26;2025-11-23;9;527
26;2025-11-23;10;606
26;2025-11-23;11;824
26;2025-11-23;12;824
26;2025-11-23;13;872
26;2025-11-23;14;866
26;2025-11-23;15;787
26;2025-11-23;16;779
26;2025-11-23;17;773
26;2025-11-23;18;693
26;2025-11-23;19;534
26;2025-11-23;20;416
26;2025-11-23;21;279
26;2025-11-23;22;180
26;2025-11-23;23;103
26;2025-11-24;0;32
26;2025-11-24;1;1
26;2025-11-24;2;0
26;2025-11-24;3;0
26;2025-11-24;4;2
26;2025-11-24;5;94
26;2025-11-24;6;498
26;2025-11-24;7;1135
26;2025-11-24;8;2281
26;2025-11-24;9;1497
26;2025-11-24;10;1251
26;2025-11-24;11;1157
26;2025-11-24;12;1183
26;2025-11-24;13;1192
26;2025-11-24;14;1312
26;2025-11-24;15;1393
26;2025-11-24;16;1527
26;2025-11-24;17;1748
26;2025-11-24;18;1899
26;2025-11-24;19;1287
26;2025-11-24;20;792
26;2025-11-24;21;494
26;2025-11-24;22;233
26;2025-11-24;23;129
26;2025-11-25;0;32
26;2025-11-25;1;1
26;2025-11-25;2;0
26;2025-11-25;3;0
26;2025-11-25;4;2
26;2025-11-25;5;93
26;2025-11-25;6;499
26;2025-11-25;7;1137
26;2025-11-25;8;2285
26;2025-11-25;9;1498
26;2025-11-25;10;1259
26;2025-11-25;11;1160
26;2025-11-25;12;1185
26;2025-11-25;13;1193
26;2025-11-25;14;1317
26;2025-11-25;15;1394
26;2025-11-25;16;1526
26;2025-11-25;17;1746
26;2025-11-25;18;1901
26;2025-11-25;19;1289
26;2025-11-25;20;791
26;2025-11-25;21;495
26;2025-11-25;22;233
26;2025-11-25;23;129
26;2025-11-26;0;32
26;2025-11-26;1;1
26;2025-11-26;2;0
26;2025-11-26;3;0
26;2025-11-26;4;2
26;2025-11-26;5;94
26;2025-11-26;6;498
26;2025-11-26;7;1137
26;2025-11-26;8;2284
26;2025-11-26;9;1498
26;2025-11-26;10;1259
26;2025-11-26;11;1160
26;2025-11-26;12;1192
26;2025-11-26;13;1195
26;2025-11-26;14;1321
26;2025-11-26;15;1396
26;2025-11-26;16;1528
26;2025-11-26;17;1745
26;2025-11-26;18;1899
26;2025-11-26;19;1289
26;2025-11-26;20;793
26;2025-11-26;21;501
26;2025-11-26;22;234
26;2025-11-26;23;131
26;2025-11-27;0;33
26;2025-11-27;1;1
26;2025-11-27;2;0
26;2025-11-27;3;0
26;2025-11-27;4;2
26;2025-11-27;5;94
26;2025-11-27;6;498
26;2025-11-27;7;1137
26;2025-11-27;8;2285
26;2025-11-27;9;1502
26;2025-11-27;10;1255
26;2025-11-27;11;1160
26;2025-11-27;12;1191
26;2025-11-27;13;1195
26;2025-11-27;14;1322
26;2025-11-27;15;1398
26;2025-11-27;16;1532
26;2025-11-27;17;1753
26;2025-11-27;18;1900
26;2025-11-27;19;1292
26;2025-11-27;20;791
26;2025-11-27;21;498
26;2025-11-27;22;234
26;2025-11-27;23;131
26;2025-11-28;0;34
26;2025-11-28;1;2
26;2025-11-28;2;0
26;2025-11-28;3;0
26;2025-11-28;4;2
26;2025-11-28;5;80
26;2025-11-28;6;490
26;2025-11-28;7;1061
26;2025-11-28;8;2140
26;2025-11-28;9;1375
26;2025-11-28;10;1219
26;2025-11-28;11;1115
26;2025-11-28;12;1099
26;2025-11-28;13;1190
26;2025-11-28;14;1304
26;2025-11-28;15;1352
26;2025-11-28;16;1615
26;2025-11-28;17;1759
26;2025-11-28;18;1383
26;2025-11-28;19;1094
26;2025-11-28;20;689
26;2025-11-28;21;487
26;2025-11-28;22;247
26;2025-11-28;23;164
26;2025-11-29;0;49
26;2025-11-29;1;1
26;2025-11-29;2;0
26;2025-11-29;3;0
26;2025-11-29;4;2
26;2025-11-29;5;52
26;2025-11-29;6;262
26;2025-11-29;7;372
26;2025-11-29;8;636
26;2025-11-29;9;699
26;2025-11-29;10;832
26;2025-11-29;11;1003
26;2025-11-29;12;1066
26;2025-11-29;13;1054
26;2025-11-29;14;1069
26;2025-11-29;15;980
26;2025-11-29;16;1039
26;2025-11-29;17;946
26;2025-11-29;18;884
26;2025-11-29;19;829
26;2025-11-29;20;560
26;2025-11-29;21;381
26;2025-11-29;22;224
26;2025-11-29;23;158
26;2025-11-30;0;49
26;2025-11-30;1;4
26;2025-11-30;2;0
26;2025-11-30;3;0
26;2025-11-30;4;2
26;2025-11-30;5;25
26;2025-11-30;6;155
26;2025-11-30;7;261
26;2025-11-30;8;397
26;2025-11-30;9;527
26;2025-11-30;10;606
26;2025-11-30;11;824
26;2025-11-30;12;824
26;2025-11-30;13;872
26;2025-11-30;14;866
26;2025-11-30;15;787
26;2025-11-30;16;779
26;2025-11-30;17;773
26;2025-11-30;18;693
26;2025-11-30;19;534
26;2025-11-30;20;416
26;2025-11-30;21;279
26;2025-11-30;22;180
26;2025-11-30;23;103
26;2025-12-01;0;31
26;2025-12-01;1;1
26;2025-12-01;2;0
26;2025-12-01;3;0
26;2025-12-01;4;2
26;2025-12-01;5;92
26;2025-12-01;6;488
26;2025-12-01;7;1113
26;2025-12-01;8;2236
26;2025-12-01;9;1467
26;2025-12-01;10;1226
26;2025-12-01;11;1134
26;2025-12-01;12;1160
26;2025-12-01;13;1168
26;2025-12-01;14;1285
26;2025-12-01;15;1366
26;2025-12-01;16;1496
26;2025-12-01;17;1713
26;2025-12-01;18;1861
26;2025-12-01;19;1261
26;2025-12-01;20;777
26;2025-12-01;21;485
26;2025-12-01;22;228
26;2025-12-01;23;127
26;2025-12-02;0;31
26;2025-12-02;1;1
26;2025-12-02;2;0
26;2025-12-02;3;0
26;2025-12-02;4;2
26;2025-12-02;5;91
26;2025-12-02;6;489
26;2025-12-02;7;1114
26;2025-12-02;8;2239
26;2025-12-02;9;1468
26;2025-12-02;10;1233
26;2025-12-02;11;1137
26;2025-12-02;12;1162
26;2025-12-02;13;1169
26;2025-12-02;14;1291
26;2025-12-02;15;1366
26;2025-12-02;16;1495
26;2025-12-02;17;1711
26;2025-12-02;18;1863
26;2025-12-02;19;1264
26;2025-12-02;20;775
26;2025-12-02;21;485
26;2025-12-02;22;229
26;2025-12-02;23;127
26;2025-12-03;0;31
26;2025-12-03;1;1
26;2025-12-03;2;0
26;2025-12-03;3;0
26;2025-12-03;4;2
26;2025-12-03;5;92
26;2025-12-03;6;488
26;2025-12-03;7;1114
26;2025-12-03;8;2238
26;2025-12-03;9;1468
26;2025-12-03;10;1234
26;2025-12-03;11;1136
26;2025-12-03;12;1168
26;2025-12-03;13;1171
26;2025-12-03;14;1294
26;2025-12-03;15;1368
26;2025-12-03;16;1498
26;2025-12-03;17;1710
26;2025-12-03;18;1861
26;2025-12-03;19;1263
26;2025-12-03;20;777
26;2025-12-03;21;491
26;2025-12-03;22;229
26;2025-12-03;23;128
26;2025-12-04;0;32
26;2025-12-04;1;1
26;2025-12-04;2;0
26;2025-12-04;3;0
26;2025-12-04;4;2
26;2025-12-04;5;93
26;2025-12-04;6;488
26;2025-12-04;7;1114
26;2025-12-04;8;2239
26;2025-12-04;9;1472
26;2025-12-04;10;1230
26;2025-12-04;11;1137
26;2025-12-04;12;1167
26;2025-12-04;13;1171
26;2025-12-04;14;1295
26;2025-12-04;15;1370
26;2025-12-04;16;1502
26;2025-12-04;17;1718
26;2025-12-04;18;1862
26;2025-12-04;19;1266
26;2025-12-04;20;775
26;2025-12-04;21;488
26;2025-12-04;22;229
26;2025-12-04;23;129
26;2025-12-05;0;33
26;2025-12-05;1;1
26;2025-12-05;2;0
26;2025-12-05;3;0
26;2025-12-05;4;2
26;2025-12-05;5;79
26;2025-12-05;6;480
26;2025-12-05;7;1040
26;2025-12-05;8;2097
26;2025-12-05;9;1348
26;2025-12-05;10;1195
26;2025-12-05;11;1093
26;2025-12-05;12;1077
26;2025-12-05;13;1166
26;2025-12-05;14;1278
26;2025-12-05;15;1325
26;2025-12-05;16;1582
26;2025-12-05;17;1723
26;2025-12-05;18;1356
26;2025-12-05;19;1072
26;2025-12-05;20;675
26;2025-12-05;21;477
26;2025-12-05;22;242
26;2025-12-05;23;161
26;2025-12-06;0;48
26;2025-12-06;1;1
26;2025-12-06;2;0
26;2025-12-06;3;0
26;2025-12-06;4;2
26;2025-12-06;5;51
26;2025-12-06;6;257
26;2025-12-06;7;365
26;2025-12-06;8;623
26;2025-12-06;9;685
26;2025-12-06;10;815
26;2025-12-06;11;983
26;2025-12-06;12;1045
26;2025-12-06;13;1033
26;2025-12-06;14;1047
26;2025-12-06;15;960
26;2025-12-06;16;1019
26;2025-12-06;17;927
26;2025-12-06;18;866
26;2025-12-06;19;813
26;2025-12-06;20;548
26;2025-12-06;21;374
26;2025-12-06;22;219
26;2025-12-06;23;155
26;2025-12-07;0;48
26;2025-12-07;1;4
26;2025-12-07;2;0
26;2025-12-07;3;0
26;2025-12-07;4;1
26;2025-12-07;5;24
26;2025-12-07;6;152
26;2025-12-07;7;255
26;2025-12-07;8;389
26;2025-12-07;9;517
26;2025-12-07;10;594
26;2025-12-07;11;808
26;2025-12-07;12;808
26;2025-12-07;13;855
26;2025-12-07;14;849
26;2025-12-07;15;771
26;2025-12-07;16;764
26;2025-12-07;17;757
26;2025-12-07;18;679
26;2025-12-07;19;523
26;2025-12-07;20;408
26;2025-12-07;21;273
26;2025-12-07;22;176
26;2025-12-07;23;101
26;2025-12-08;0;31
26;2025-12-08;1;1
26;2025-12-08;2;0
26;2025-12-08;3;0
26;2025-12-08;4;2
26;2025-12-08;5;92
26;2025-12-08;6;488
26;2025-12-08;7;1113
26;2025-12-08;8;2236
26;2025-12-08;9;1467
26;2025-12-08;10;1226
26;2025-12-08;11;1134
26;2025-12-08;12;1160
26;2025-12-08;13;1168
26;2025-12-08;14;1285
26;2025-12-08;15;1366
26;2025-12-08;16;1496
26;2025-12-08;17;1713
26;2025-12-08;18;1861
26;2025-12-08;19;1261
26;2025-12-08;20;777
26;2025-12-08;21;485
26;2025-12-08;22;228
26;2025-12-08;23;127
26;2025-12-09;0;31
26;2025-12-09;1;1
26;2025-12-09;2;0
26;2025-12-09;3;0
26;2025-12-09;4;2
26;2025-12-09;5;91
26;2025-12-09;6;489
26;2025-12-09;7;1114
26;2025-12-09;8;2239
26;2025-12-09;9;1468
26;2025-12-09;10;1233
26;2025-12-09;11;1137
26;2025-12-09;12;1162
26;2025-12-09;13;1169
26;2025-12-09;14;1291
26;2025-12-09;15;1366
26;2025-12-09;16;1495
26;2025-12-09;17;1711
26;2025-12-09;18;1863
26;2025-12-09;19;1264
26;2025-12-09;20;775
26;2025-12-09;21;485
26;2025-12-09;22;229
26;2025-12-09;23;127
26;2025-12-10;0;31
26;2025-12-10;1;1
26;2025-12-10;2;0
26;2025-12-10;3;0
26;2025-12-10;4;2
26;2025-12-10;5;92
26;2025-12-10;6;488
26;2025-12-10;7;1114
26;2025-12-10;8;2238
26;2025-12-10;9;1468
26;2025-12-10;10;1234
26;2025-12-10;11;1136
26;2025-12-10;12;1168
26;2025-12-10;13;1171
26;2025-12-10;14;1294
26;2025-12-10;15;1368
26;2025-12-10;16;1498
26;2025-12-10;17;1710
26;2025-12-10;18;1861
26;2025-12-10;19;1263
26;2025-12-10;20;777
26;2025-12-10;21;491
26;2025-12-10;22;229
26;2025-12-10;23;128
26;2025-12-11;0;32
26;2025-12-11;1;1
26;2025-12-11;2;0
26;2025-12-11;3;0
26;2025-12-11;4;2
26;2025-12-11;5;93
26;2025-12-11;6;488
26;2025-12-11;7;1114
26;2025-12-11;8;2239
26;2025-12-11;9;1472
26;2025-12-11;10;1230
26;2025-12-11;11;1137
26;2025-12-11;12;1167
26;2025-12-11;13;1171
26;2025-12-11;14;1295
26;2025-12-11;15;1370
26;2025-12-11;16;1502
26;2025-12-11;17;1718
26;2025-12-11;18;1862
26;2025-12-11;19;1266
26;2025-12-11;20;775
26;2025-12-11;21;488
26;2025-12-11;22;229
26;2025-12-11;23;129
26;2025-12-12;0;33
26;2025-12-12;1;1
26;2025-12-12;2;0
26;2025-12-12;3;0
26;2025-12-12;4;2
26;2025-12-12;5;79
26;2025-12-12;6;480
26;2025-12-12;7;1040
26;2025-12-12;8;2097
26;2025-12-12;9;1348
26;2025-12-12;10;1195
26;2025-12-12;11;1093
26;2025-12-12;12;1077
26;2025-12-12;13;1166
26;2025-12-12;14;1278
26;2025-12-12;15;1325
26;2025-12-12;16;1582
26;2025-12-12;17;1723
26;2025-12-12;18;1356
26;2025-12-12;19;1072
26;2025-12-12;20;675
26;2025-12-12;21;477
26;2025-12-12;22;242
26;2025-12-12;23;161
26;2025-12-13;0;48
26;2025-12-13;1;1
26;2025-12-13;2;0
26;2025-12-13;3;0
26;2025-12-13;4;2
26;2025-12-13;5;51
26;2025-12-13;6;257
26;2025-12-13;7;365
26;2025-12-13;8;623
26;2025-12-13;9;685
26;2025-12-13;10;815
26;2025-12-13;11;983
26;2025-12-13;12;1045
26;2025-12-13;13;1033
26;2025-12-13;14;1047
26;2025-12-13;15;960
26;2025-12-13;16;1019
26;2025-12-13;17;927
26;2025-12-13;18;866
26;2025-12-13;19;813
26;2025-12-13;20;548
26;2025-12-13;21;374
26;2025-12-13;22;219
26;2025-12-13;23;155
26;2025-12-14;0;48
26;2025-12-14;1;4
26;2025-12-14;2;0
26;2025-12-14;3;0
26;2025-12-14;4;1
26;2025-12-14;5;24
26;2025-12-14;6;152
26;2025-12-14;7;255
26;2025-12-14;8;389
26;2025-12-14;9;516
26;2025-12-14;10;593
26;2025-12-14;11;808
26;2025-12-14;12;808
26;2025-12-14;13;854
26;2025-12-14;14;848
26;2025-12-14;15;770
26;2025-12-14;16;646
26;2025-12-14;17;642
26;2025-12-14;18;576
26;2025-12-14;19;523
26;2025-12-14;20;408
26;2025-12-14;21;273
26;2025-12-14;22;176
26;2025-12-14;23;101
26;2025-12-15;0;31
26;2025-12-15;1;1
26;2025-12-15;2;0
26;2025-12-15;3;0
26;2025-12-15;4;2
26;2025-12-15;5;92
26;2025-12-15;6;488
26;2025-12-15;7;1113
26;2025-12-15;8;2236
26;2025-12-15;9;1467
26;2025-12-15;10;1226
26;2025-12-15;11;1134
26;2025-12-15;12;1160
26;2025-12-15;13;1168
26;2025-12-15;14;1285
26;2025-12-15;15;1366
26;2025-12-15;16;1496
26;2025-12-15;17;1713
26;2025-12-15;18;1861
26;2025-12-15;19;1261
26;2025-12-15;20;777
26;2025-12-15;21;485
26;2025-12-15;22;228
26;2025-12-15;23;127
26;2025-12-16;0;31
26;2025-12-16;1;1
26;2025-12-16;2;0
26;2025-12-16;3;0
26;2025-12-16;4;2
26;2025-12-16;5;91
26;2025-12-16;6;489
26;2025-12-16;7;1114
26;2025-12-16;8;2239
26;2025-12-16;9;1468
26;2025-12-16;10;1233
26;2025-12-16;11;1137
26;2025-12-16;12;1162
26;2025-12-16;13;1169
26;2025-12-16;14;1291
26;2025-12-16;15;1366
26;2025-12-16;16;1495
26;2025-12-16;17;1711
26;2025-12-16;18;1863
26;2025-12-16;19;1264
26;2025-12-16;20;775
26;2025-12-16;21;485
26;2025-12-16;22;229
26;2025-12-16;23;127
26;2025-12-17;0;31
26;2025-12-17;1;1
26;2025-12-17;2;0
26;2025-12-17;3;0
26;2025-12-17;4;2
26;2025-12-17;5;92
26;2025-12-17;6;488
26;2025-12-17;7;1114
26;2025-12-17;8;2238
26;2025-12-17;9;1468
26;2025-12-17;10;1234
26;2025-12-17;11;1136
26;2025-12-17;12;1168
26;2025-12-17;13;1171
26;2025-12-17;14;1294
26;2025-12-17;15;1368
26;2025-12-17;16;1498
26;2025-12-17;17;1710
26;2025-12-17;18;1861
26;2025-12-17;19;1263
26;2025-12-17;20;777
26;2025-12-17;21;491
26;2025-12-17;22;229
26;2025-12-17;23;128
26;2025-12-18;0;32
26;2025-12-18;1;1
26;2025-12-18;2;0
26;2025-12-18;3;0
26;2025-12-18;4;2
26;2025-12-18;5;93
26;2025-12-18;6;488
26;2025-12-18;7;1114
26;2025-12-18;8;2239
26;2025-12-18;9;1472
26;2025-12-18;10;1230
26;2025-12-18;11;1137
26;2025-12-18;12;1167
26;2025-12-18;13;1171
26;2025-12-18;14;1295
26;2025-12-18;15;1370
26;2025-12-18;16;1502
26;2025-12-18;17;1718
26;2025-12-18;18;1862
26;2025-12-18;19;1266
26;2025-12-18;20;775
26;2025-12-18;21;488
26;2025-12-18;22;229
26;2025-12-18;23;129
26;2025-12-19;0;33
26;2025-12-19;1;1
26;2025-12-19;2;0
26;2025-12-19;3;0
26;2025-12-19;4;2
26;2025-12-19;5;79
26;2025-12-19;6;480
26;2025-12-19;7;1040
26;2025-12-19;8;2097
26;2025-12-19;9;1348
26;2025-12-19;10;1195
26;2025-12-19;11;1093
26;2025-12-19;12;1077
26;2025-12-19;13;1166
26;2025-12-19;14;1278
26;2025-12-19;15;1325
26;2025-12-19;16;1582
26;2025-12-19;17;1723
26;2025-12-19;18;1356
26;2025-12-19;19;1072
26;2025-12-19;20;675
26;2025-12-19;21;477
26;2025-12-19;22;242
26;2025-12-19;23;161
26;2025-12-20;0;48
26;2025-12-20;1;1
26;2025-12-20;2;0
26;2025-12-20;3;0
26;2025-12-20;4;2
26;2025-12-20;5;51
26;2025-12-20;6;257
26;2025-12-20;7;365
26;2025-12-20;8;623
26;2025-12-20;9;685
26;2025-12-20;10;815
26;2025-12-20;11;983
26;2025-12-20;12;1045
26;2025-12-20;13;1033
26;2025-12-20;14;1047
26;2025-12-20;15;960
26;2025-12-20;16;1019
26;2025-12-20;17;927
26;2025-12-20;18;866
26;2025-12-20;19;813
26;2025-12-20;20;548
26;2025-12-20;21;374
26;2025-12-20;22;219
26;2025-12-20;23;155
26;2025-12-21;0;48
26;2025-12-21;1;4
26;2025-12-21;2;0
26;2025-12-21;3;0
26;2025-12-21;4;1
26;2025-12-21;5;24
26;2025-12-21;6;152
26;2025-12-21;7;255
26;2025-12-21;8;389
26;2025-12-21;9;517
26;2025-12-21;10;594
26;2025-12-21;11;808
26;2025-12-21;12;808
26;2025-12-21;13;855
26;2025-12-21;14;849
26;2025-12-21;15;771
26;2025-12-21;16;764
26;2025-12-21;17;757
26;2025-12-21;18;679
26;2025-12-21;19;523
26;2025-12-21;20;408
26;2025-12-21;21;273
26;2025-12-21;22;176
26;2025-12-21;23;101
26;2025-12-22;0;31
26;2025-12-22;1;1
26;2025-12-22;2;0
26;2025-12-22;3;0
26;2025-12-22;4;2
26;2025-12-22;5;92
26;2025-12-22;6;488
26;2025-12-22;7;1113
26;2025-12-22;8;2236
26;2025-12-22;9;1467
26;2025-12-22;10;1226
26;2025-12-22;11;1134
26;2025-12-22;12;1160
26;2025-12-22;13;1168
26;2025-12-22;14;1285
26;2025-12-22;15;1366
26;2025-12-22;16;1496
26;2025-12-22;17;1713
26;2025-12-22;18;1861
26;2025-12-22;19;1261
26;2025-12-22;20;777
26;2025-12-22;21;485
26;2025-12-22;22;228
26;2025-12-22;23;127
26;2025-12-23;0;31
26;2025-12-23;1;1
26;2025-12-23;2;0
26;2025-12-23;3;0
26;2025-12-23;4;2
26;2025-12-23;5;91
26;2025-12-23;6;489
26;2025-12-23;7;1114
26;2025-12-23;8;2239
26;2025-12-23;9;1468
26;2025-12-23;10;1233
26;2025-12-23;11;1137
26;2025-12-23;12;1162
26;2025-12-23;13;1169
26;2025-12-23;14;1291
26;2025-12-23;15;1366
26;2025-12-23;16;1495
26;2025-12-23;17;1711
26;2025-12-23;18;1863
26;2025-12-23;19;1264
26;2025-12-23;20;775
26;2025-12-23;21;485
26;2025-12-23;22;229
26;2025-12-23;23;127
26;2025-12-24;0;31
26;2025-12-24;1;1
26;2025-12-24;2;0
26;2025-12-24;3;0
26;2025-12-24;4;2
26;2025-12-24;5;92
26;2025-12-24;6;488
26;2025-12-24;7;1114
26;2025-12-24;8;2238
26;2025-12-24;9;1468
26;2025-12-24;10;1234
26;2025-12-24;11;1136
26;2025-12-24;12;1168
26;2025-12-24;13;1171
26;2025-12-24;14;1294
26;2025-12-24;15;1368
26;2025-12-24;16;1498
26;2025-12-24;17;1710
26;2025-12-24;18;1861
26;2025-12-24;19;1263
26;2025-12-24;20;777
26;2025-12-24;21;491
26;2025-12-24;22;229
26;2025-12-24;23;128
26;2025-12-25;0;32
26;2025-12-25;1;1
26;2025-12-25;2;0
26;2025-12-25;3;0
26;2025-12-25;4;2
26;2025-12-25;5;93
26;2025-12-25;6;488
26;2025-12-25;7;1114
26;2025-12-25;8;2239
26;2025-12-25;9;1472
26;2025-12-25;10;1230
26;2025-12-25;11;1137
26;2025-12-25;12;1167
26;2025-12-25;13;1171
26;2025-12-25;14;1295
26;2025-12-25;15;1370
26;2025-12-25;16;1502
26;2025-12-25;17;1718
26;2025-12-25;18;1862
26;2025-12-25;19;1266
26;2025-12-25;20;775
26;2025-12-25;21;488
26;2025-12-25;22;229
26;2025-12-25;23;129
26;2025-12-26;0;33
26;2025-12-26;1;1
26;2025-12-26;2;0
26;2025-12-26;3;0
26;2025-12-26;4;2
26;2025-12-26;5;79
26;2025-12-26;6;480
26;2025-12-26;7;1040
26;2025-12-26;8;2097
26;2025-12-26;9;1348
26;2025-12-26;10;1195
26;2025-12-26;11;1093
26;2025-12-26;12;1077
26;2025-12-26;13;1166
26;2025-12-26;14;1278
26;2025-12-26;15;1325
26;2025-12-26;16;1582
26;2025-12-26;17;1723
26;2025-12-26;18;1356
26;2025-12-26;19;1072
26;2025-12-26;20;675
26;2025-12-26;21;477
26;2025-12-26;22;242
26;2025-12-26;23;161
26;2025-12-27;0;48
26;2025-12-27;1;1
26;2025-12-27;2;0
26;2025-12-27;3;0
26;2025-12-27;4;2
26;2025-12-27;5;51
26;2025-12-27;6;257
26;2025-12-27;7;365
26;2025-12-27;8;623
26;2025-12-27;9;685
26;2025-12-27;10;815
26;2025-12-27;11;983
26;2025-12-27;12;1045
26;2025-12-27;13;1033
26;2025-12-27;14;1047
26;2025-12-27;15;960
26;2025-12-27;16;1019
26;2025-12-27;17;927
26;2025-12-27;18;866
26;2025-12-27;19;813
26;2025-12-27;20;548
26;2025-12-27;21;374
26;2025-12-27;22;219
26;2025-12-27;23;155
26;2025-12-28;0;48
26;2025-12-28;1;4
26;2025-12-28;2;0
26;2025-12-28;3;0
26;2025-12-28;4;1
26;2025-12-28;5;24
26;2025-12-28;6;152
26;2025-12-28;7;255
26;2025-12-28;8;389
26;2025-12-28;9;517
26;2025-12-28;10;594
26;2025-12-28;11;808
26;2025-12-28;12;808
26;2025-12-28;13;855
26;2025-12-28;14;849
26;2025-12-28;15;771
26;2025-12-28;16;764
26;2025-12-28;17;757
26;2025-12-28;18;679
26;2025-12-28;19;523
26;2025-12-28;20;408
26;2025-12-28;21;273
26;2025-12-28;22;176
26;2025-12-28;23;101
26;2025-12-29;0;28
26;2025-12-29;1;1
26;2025-12-29;2;0
26;2025-12-29;3;0
26;2025-12-29;4;2
26;2025-12-29;5;82
26;2025-12-29;6;438
26;2025-12-29;7;999
26;2025-12-29;8;2008
26;2025-12-29;9;1317
26;2025-12-29;10;1101
26;2025-12-29;11;1018
26;2025-12-29;12;1041
26;2025-12-29;13;1049
26;2025-12-29;14;1154
26;2025-12-29;15;1226
26;2025-12-29;16;1343
26;2025-12-29;17;1538
26;2025-12-29;18;1671
26;2025-12-29;19;1132
26;2025-12-29;20;697
26;2025-12-29;21;435
26;2025-12-29;22;205
26;2025-12-29;23;114
26;2025-12-30;0;28
26;2025-12-30;1;1
26;2025-12-30;2;0
26;2025-12-30;3;0
26;2025-12-30;4;2
26;2025-12-30;5;82
26;2025-12-30;6;439
26;2025-12-30;7;1001
26;2025-12-30;8;2011
26;2025-12-30;9;1318
26;2025-12-30;10;1108
26;2025-12-30;11;1021
26;2025-12-30;12;1043
26;2025-12-30;13;1050
26;2025-12-30;14;1159
26;2025-12-30;15;1227
26;2025-12-30;16;1343
26;2025-12-30;17;1536
26;2025-12-30;18;1673
26;2025-12-30;19;1135
26;2025-12-30;20;696
26;2025-12-30;21;435
26;2025-12-30;22;205
26;2025-12-30;23;114
26;2025-12-31;0;47
26;2025-12-31;1;4
26;2025-12-31;2;0
26;2025-12-31;3;0
26;2025-12-31;4;2
26;2025-12-31;5;25
26;2025-12-31;6;155
26;2025-12-31;7;259
26;2025-12-31;8;394
26;2025-12-31;9;517
26;2025-12-31;10;592
26;2025-12-31;11;801
26;2025-12-31;12;793
26;2025-12-31;13;838
26;2025-12-31;14;835
26;2025-12-31;15;758
26;2025-12-31;16;753
26;2025-12-31;17;745
26;2025-12-31;18;677
26;2025-12-31;19;527
26;2025-12-31;20;414
26;2025-12-31;21;278
26;2025-12-31;22;180
26;2025-12-31;23;100
28;2025-11-01;0;0
28;2025-11-01;1;0
28;2025-11-01;2;0
28;2025-11-01;3;0
28;2025-11-01;4;1
28;2025-11-01;5;67
28;2025-11-01;6;230
28;2025-11-01;7;644
28;2025-11-01;8;1030
28;2025-11-01;9;721
28;2025-11-01;10;560
28;2025-11-01;11;517
28;2025-11-01;12;620
28;2025-11-01;13;647
28;2025-11-01;14;598
28;2025-11-01;15;615
28;2025-11-01;16;762
28;2025-11-01;17;876
28;2025-11-01;18;848
28;2025-11-01;19;634
28;2025-11-01;20;440
28;2025-11-01;21;277
28;2025-11-01;22;109
28;2025-11-01;23;9
28;2025-11-02;0;2
28;2025-11-02;1;0
28;2025-11-02;2;0
28;2025-11-02;3;0
28;2025-11-02;4;1
28;2025-11-02;5;31
28;2025-11-02;6;83
28;2025-11-02;7;168
28;2025-11-02;8;273
28;2025-11-02;9;363
28;2025-11-02;10;407
28;2025-11-02;11;448
28;2025-11-02;12;478
28;2025-11-02;13;539
28;2025-11-02;14;536
28;2025-11-02;15;525
28;2025-11-02;16;491
28;2025-11-02;17;489
28;2025-11-02;18;439
28;2025-11-02;19;380
28;2025-11-02;20;299
28;2025-11-02;21;249
28;2025-11-02;22;116
28;2025-11-02;23;11
28;2025-11-03;0;2
28;2025-11-03;1;0
28;2025-11-03;2;0
28;2025-11-03;3;0
28;2025-11-03;4;1
28;2025-11-03;5;33
28;2025-11-03;6;90
28;2025-11-03;7;176
28;2025-11-03;8;285
28;2025-11-03;9;359
28;2025-11-03;10;390
28;2025-11-03;11;440
28;2025-11-03;12;455
28;2025-11-03;13;533
28;2025-11-03;14;533
28;2025-11-03;15;522
28;2025-11-03;16;468
28;2025-11-03;17;454
28;2025-11-03;18;413
28;2025-11-03;19;379
28;2025-11-03;20;304
28;2025-11-03;21;259
28;2025-11-03;22;114
28;2025-11-03;23;9
28;2025-11-04;0;2
28;2025-11-04;1;0
28;2025-11-04;2;0
28;2025-11-04;3;0
28;2025-11-04;4;1
28;2025-11-04;5;33
28;2025-11-04;6;90
28;2025-11-04;7;179
28;2025-11-04;8;287
28;2025-11-04;9;356
28;2025-11-04;10;391
28;2025-11-04;11;437
28;2025-11-04;12;454
28;2025-11-04;13;527
28;2025-11-04;14;527
28;2025-11-04;15;516
28;2025-11-04;16;468
28;2025-11-04;17;454
28;2025-11-04;18;413
28;2025-11-04;19;380
28;2025-11-04;20;307
28;2025-11-04;21;260
28;2025-11-04;22;117
28;2025-11-04;23;11
28;2025-11-05;0;0
28;2025-11-05;1;0
28;2025-11-05;2;0
28;2025-11-05;3;0
28;2025-11-05;4;2
28;2025-11-05;5;81
28;2025-11-05;6;276
28;2025-11-05;7;819
28;2025-11-05;8;1307
28;2025-11-05;9;876
28;2025-11-05;10;671
28;2025-11-05;11;607
28;2025-11-05;12;738
28;2025-11-05;13;771
28;2025-11-05;14;714
28;2025-11-05;15;724
28;2025-11-05;16;912
28;2025-11-05;17;1059
28;2025-11-05;18;1035
28;2025-11-05;19;777
28;2025-11-05;20;552
28;2025-11-05;21;336
28;2025-11-05;22;125
28;2025-11-05;23;10
28;2025-11-06;0;0
28;2025-11-06;1;0
28;2025-11-06;2;0
28;2025-11-06;3;0
28;2025-11-06;4;2
28;2025-11-06;5;82
28;2025-11-06;6;276
28;2025-11-06;7;822
28;2025-11-06;8;1310
28;2025-11-06;9;875
28;2025-11-06;10;662
28;2025-11-06;11;606
28;2025-11-06;12;728
28;2025-11-06;13;762
28;2025-11-06;14;712
28;2025-11-06;15;735
28;2025-11-06;16;909
28;2025-11-06;17;1079
28;2025-11-06;18;1036
28;2025-11-06;19;774
28;2025-11-06;20;542
28;2025-11-06;21;327
28;2025-11-06;22;127
28;2025-11-06;23;10
28;2025-11-07;0;0
28;2025-11-07;1;0
28;2025-11-07;2;0
28;2025-11-07;3;0
28;2025-11-07;4;2
28;2025-11-07;5;83
28;2025-11-07;6;287
28;2025-11-07;7;875
28;2025-11-07;8;1272
28;2025-11-07;9;884
28;2025-11-07;10;676
28;2025-11-07;11;597
28;2025-11-07;12;807
28;2025-11-07;13;762
28;2025-11-07;14;759
28;2025-11-07;15;780
28;2025-11-07;16;1028
28;2025-11-07;17;1036
28;2025-11-07;18;888
28;2025-11-07;19;665
28;2025-11-07;20;471
28;2025-11-07;21;362
28;2025-11-07;22;135
28;2025-11-07;23;16
28;2025-11-08;0;0
28;2025-11-08;1;0
28;2025-11-08;2;0
28;2025-11-08;3;0
28;2025-11-08;4;0
28;2025-11-08;5;39
28;2025-11-08;6;109
28;2025-11-08;7;242
28;2025-11-08;8;426
28;2025-11-08;9;495
28;2025-11-08;10;524
28;2025-11-08;11;536
28;2025-11-08;12;619
28;2025-11-08;13;626
28;2025-11-08;14;607
28;2025-11-08;15;627
28;2025-11-08;16;596
28;2025-11-08;17;608
28;2025-11-08;18;524
28;2025-11-08;19;419
28;2025-11-08;20;320
28;2025-11-08;21;276
28;2025-11-08;22;136
28;2025-11-08;23;19
28;2025-11-09;0;2
28;2025-11-09;1;0
28;2025-11-09;2;0
28;2025-11-09;3;0
28;2025-11-09;4;1
28;2025-11-09;5;31
28;2025-11-09;6;83
28;2025-11-09;7;168
28;2025-11-09;8;273
28;2025-11-09;9;363
28;2025-11-09;10;407
28;2025-11-09;11;448
28;2025-11-09;12;478
28;2025-11-09;13;539
28;2025-11-09;14;536
28;2025-11-09;15;525
28;2025-11-09;16;491
28;2025-11-09;17;489
28;2025-11-09;18;439
28;2025-11-09;19;380
28;2025-11-09;20;299
28;2025-11-09;21;249
28;2025-11-09;22;116
28;2025-11-09;23;11
28;2025-11-10;0;0
28;2025-11-10;1;0
28;2025-11-10;2;0
28;2025-11-10;3;0
28;2025-11-10;4;2
28;2025-11-10;5;82
28;2025-11-10;6;274
28;2025-11-10;7;809
28;2025-11-10;8;1298
28;2025-11-10;9;864
28;2025-11-10;10;659
28;2025-11-10;11;590
28;2025-11-10;12;716
28;2025-11-10;13;745
28;2025-11-10;14;694
28;2025-11-10;15;702
28;2025-11-10;16;898
28;2025-11-10;17;1046
28;2025-11-10;18;1012
28;2025-11-10;19;758
28;2025-11-10;20;522
28;2025-11-10;21;317
28;2025-11-10;22;122
28;2025-11-10;23;8
28;2025-11-11;0;0
28;2025-11-11;1;0
28;2025-11-11;2;0
28;2025-11-11;3;0
28;2025-11-11;4;2
28;2025-11-11;5;81
28;2025-11-11;6;276
28;2025-11-11;7;820
28;2025-11-11;8;1310
28;2025-11-11;9;872
28;2025-11-11;10;677
28;2025-11-11;11;604
28;2025-11-11;12;726
28;2025-11-11;13;756
28;2025-11-11;14;708
28;2025-11-11;15;721
28;2025-11-11;16;896
28;2025-11-11;17;1060
28;2025-11-11;18;1036
28;2025-11-11;19;762
28;2025-11-11;20;531
28;2025-11-11;21;331
28;2025-11-11;22;127
28;2025-11-11;23;10
28;2025-11-12;0;0
28;2025-11-12;1;0
28;2025-11-12;2;0
28;2025-11-12;3;0
28;2025-11-12;4;2
28;2025-11-12;5;81
28;2025-11-12;6;276
28;2025-11-12;7;819
28;2025-11-12;8;1307
28;2025-11-12;9;876
28;2025-11-12;10;671
28;2025-11-12;11;607
28;2025-11-12;12;738
28;2025-11-12;13;771
28;2025-11-12;14;714
28;2025-11-12;15;724
28;2025-11-12;16;912
28;2025-11-12;17;1059
28;2025-11-12;18;1035
28;2025-11-12;19;777
28;2025-11-12;20;552
28;2025-11-12;21;336
28;2025-11-12;22;125
28;2025-11-12;23;10
28;2025-11-13;0;0
28;2025-11-13;1;0
28;2025-11-13;2;0
28;2025-11-13;3;0
28;2025-11-13;4;2
28;2025-11-13;5;82
28;2025-11-13;6;276
28;2025-11-13;7;822
28;2025-11-13;8;1310
28;2025-11-13;9;875
28;2025-11-13;10;662
28;2025-11-13;11;606
28;2025-11-13;12;728
28;2025-11-13;13;762
28;2025-11-13;14;712
28;2025-11-13;15;735
28;2025-11-13;16;909
28;2025-11-13;17;1079
28;2025-11-13;18;1036
28;2025-11-13;19;774
28;2025-11-13;20;542
28;2025-11-13;21;327
28;2025-11-13;22;127
28;2025-11-13;23;10
28;2025-11-14;0;0
28;2025-11-14;1;0
28;2025-11-14;2;0
28;2025-11-14;3;0
28;2025-11-14;4;2
28;2025-11-14;5;83
28;2025-11-14;6;287
28;2025-11-14;7;875
28;2025-11-14;8;1272
28;2025-11-14;9;884
28;2025-11-14;10;676
28;2025-11-14;11;597
28;2025-11-14;12;807
28;2025-11-14;13;762
28;2025-11-14;14;759
28;2025-11-14;15;780
28;2025-11-14;16;1028
28;2025-11-14;17;1036
28;2025-11-14;18;888
28;2025-11-14;19;665
28;2025-11-14;20;471
28;2025-11-14;21;362
28;2025-11-14;22;135
28;2025-11-14;23;16
28;2025-11-15;0;0
28;2025-11-15;1;0
28;2025-11-15;2;0
28;2025-11-15;3;0
28;2025-11-15;4;0
28;2025-11-15;5;39
28;2025-11-15;6;109
28;2025-11-15;7;242
28;2025-11-15;8;426
28;2025-11-15;9;495
28;2025-11-15;10;524
28;2025-11-15;11;536
28;2025-11-15;12;619
28;2025-11-15;13;626
28;2025-11-15;14;607
28;2025-11-15;15;627
28;2025-11-15;16;596
28;2025-11-15;17;608
28;2025-11-15;18;524
28;2025-11-15;19;419
28;2025-11-15;20;320
28;2025-11-15;21;276
28;2025-11-15;22;136
28;2025-11-15;23;19
28;2025-11-16;0;2
28;2025-11-16;1;0
28;2025-11-16;2;0
28;2025-11-16;3;0
28;2025-11-16;4;1
28;2025-11-16;5;31
28;2025-11-16;6;83
28;2025-11-16;7;168
28;2025-11-16;8;273
28;2025-11-16;9;363
28;2025-11-16;10;407
28;2025-11-16;11;448
28;2025-11-16;12;478
28;2025-11-16;13;539
28;2025-11-16;14;536
28;2025-11-16;15;525
28;2025-11-16;16;491
28;2025-11-16;17;489
28;2025-11-16;18;439
28;2025-11-16;19;380
28;2025-11-16;20;299
28;2025-11-16;21;249
28;2025-11-16;22;116
28;2025-11-16;23;11
28;2025-11-17;0;0
28;2025-11-17;1;0
28;2025-11-17;2;0
28;2025-11-17;3;0
28;2025-11-17;4;2
28;2025-11-17;5;82
28;2025-11-17;6;274
28;2025-11-17;7;809
28;2025-11-17;8;1298
28;2025-11-17;9;864
28;2025-11-17;10;659
28;2025-11-17;11;590
28;2025-11-17;12;716
28;2025-11-17;13;745
28;2025-11-17;14;694
28;2025-11-17;15;702
28;2025-11-17;16;898
28;2025-11-17;17;1046
28;2025-11-17;18;1012
28;2025-11-17;19;758
28;2025-11-17;20;522
28;2025-11-17;21;317
28;2025-11-17;22;122
28;2025-11-17;23;8
28;2025-11-18;0;0
28;2025-11-18;1;0
28;2025-11-18;2;0
28;2025-11-18;3;0
28;2025-11-18;4;2
28;2025-11-18;5;81
28;2025-11-18;6;276
28;2025-11-18;7;820
28;2025-11-18;8;1310
28;2025-11-18;9;872
28;2025-11-18;10;677
28;2025-11-18;11;604
28;2025-11-18;12;726
28;2025-11-18;13;756
28;2025-11-18;14;708
28;2025-11-18;15;721
28;2025-11-18;16;896
28;2025-11-18;17;1060
28;2025-11-18;18;1036
28;2025-11-18;19;762
28;2025-11-18;20;531
28;2025-11-18;21;331
28;2025-11-18;22;127
28;2025-11-18;23;10
28;2025-11-19;0;0
28;2025-11-19;1;0
28;2025-11-19;2;0
28;2025-11-19;3;0
28;2025-11-19;4;2
28;2025-11-19;5;81
28;2025-11-19;6;276
28;2025-11-19;7;819
28;2025-11-19;8;1307
28;2025-11-19;9;876
28;2025-11-19;10;671
28;2025-11-19;11;607
28;2025-11-19;12;738
28;2025-11-19;13;771
28;2025-11-19;14;714
28;2025-11-19;15;724
28;2025-11-19;16;912
28;2025-11-19;17;1059
28;2025-11-19;18;1035
28;2025-11-19;19;777
28;2025-11-19;20;552
28;2025-11-19;21;336
28;2025-11-19;22;125
28;2025-11-19;23;10
28;2025-11-20;0;0
28;2025-11-20;1;0
28;2025-11-20;2;0
28;2025-11-20;3;0
28;2025-11-20;4;2
28;2025-11-20;5;82
28;2025-11-20;6;276
28;2025-11-20;7;822
28;2025-11-20;8;1310
28;2025-11-20;9;875
28;2025-11-20;10;662
28;2025-11-20;11;606
28;2025-11-20;12;728
28;2025-11-20;13;762
28;2025-11-20;14;712
28;2025-11-20;15;735
28;2025-11-20;16;909
28;2025-11-20;17;1079
28;2025-11-20;18;1036
28;2025-11-20;19;774
28;2025-11-20;20;542
28;2025-11-20;21;327
28;2025-11-20;22;127
28;2025-11-20;23;10
28;2025-11-21;0;0
28;2025-11-21;1;0
28;2025-11-21;2;0
28;2025-11-21;3;0
28;2025-11-21;4;2
28;2025-11-21;5;83
28;2025-11-21;6;287
28;2025-11-21;7;875
28;2025-11-21;8;1272
28;2025-11-21;9;884
28;2025-11-21;10;676
28;2025-11-21;11;597
28;2025-11-21;12;807
28;2025-11-21;13;762
28;2025-11-21;14;759
28;2025-11-21;15;780
28;2025-11-21;16;1028
28;2025-11-21;17;1036
28;2025-11-21;18;888
28;2025-11-21;19;665
28;2025-11-21;20;471
28;2025-11-21;21;362
28;2025-11-21;22;135
28;2025-11-21;23;16
28;2025-11-22;0;0
28;2025-11-22;1;0
28;2025-11-22;2;0
28;2025-11-22;3;0
28;2025-11-22;4;0
28;2025-11-22;5;40
28;2025-11-22;6;111
28;2025-11-22;7;244
28;2025-11-22;8;426
28;2025-11-22;9;494
28;2025-11-22;10;523
28;2025-11-22;11;534
28;2025-11-22;12;617
28;2025-11-22;13;617
28;2025-11-22;14;610
28;2025-11-22;15;628
28;2025-11-22;16;583
28;2025-11-22;17;598
28;2025-11-22;18;522
28;2025-11-22;19;425
28;2025-11-22;20;325
28;2025-11-22;21;275
28;2025-11-22;22;142
28;2025-11-22;23;20
28;2025-11-23;0;2
28;2025-11-23;1;0
28;2025-11-23;2;0
28;2025-11-23;3;0
28;2025-11-23;4;1
28;2025-11-23;5;33
28;2025-11-23;6;86
28;2025-11-23;7;171
28;2025-11-23;8;277
28;2025-11-23;9;363
28;2025-11-23;10;407
28;2025-11-23;11;448
28;2025-11-23;12;482
28;2025-11-23;13;541
28;2025-11-23;14;539
28;2025-11-23;15;529
28;2025-11-23;16;494
28;2025-11-23;17;484
28;2025-11-23;18;437
28;2025-11-23;19;384
28;2025-11-23;20;304
28;2025-11-23;21;255
28;2025-11-23;22;118
28;2025-11-23;23;11
28;2025-11-24;0;0
28;2025-11-24;1;0
28;2025-11-24;2;0
28;2025-11-24;3;0
28;2025-11-24;4;2
28;2025-11-24;5;83
28;2025-11-24;6;280
28;2025-11-24;7;818
28;2025-11-24;8;1307
28;2025-11-24;9;866
28;2025-11-24;10;659
28;2025-11-24;11;593
28;2025-11-24;12;714
28;2025-11-24;13;748
28;2025-11-24;14;696
28;2025-11-24;15;708
28;2025-11-24;16;900
28;2025-11-24;17;1051
28;2025-11-24;18;1024
28;2025-11-24;19;768
28;2025-11-24;20;533
28;2025-11-24;21;323
28;2025-11-24;22;126
28;2025-11-24;23;9
28;2025-11-25;0;0
28;2025-11-25;1;0
28;2025-11-25;2;0
28;2025-11-25;3;0
28;2025-11-25;4;2
28;2025-11-25;5;82
28;2025-11-25;6;281
28;2025-11-25;7;822
28;2025-11-25;8;1311
28;2025-11-25;9;869
28;2025-11-25;10;665
28;2025-11-25;11;598
28;2025-11-25;12;718
28;2025-11-25;13;752
28;2025-11-25;14;701
28;2025-11-25;15;714
28;2025-11-25;16;899
28;2025-11-25;17;1055
28;2025-11-25;18;1032
28;2025-11-25;19;769
28;2025-11-25;20;536
28;2025-11-25;21;328
28;2025-11-25;22;127
28;2025-11-25;23;10
28;2025-11-26;0;0
28;2025-11-26;1;0
28;2025-11-26;2;0
28;2025-11-26;3;0
28;2025-11-26;4;2
28;2025-11-26;5;83
28;2025-11-26;6;281
28;2025-11-26;7;822
28;2025-11-26;8;1310
28;2025-11-26;9;870
28;2025-11-26;10;663
28;2025-11-26;11;599
28;2025-11-26;12;722
28;2025-11-26;13;757
28;2025-11-26;14;703
28;2025-11-26;15;715
28;2025-11-26;16;904
28;2025-11-26;17;1055
28;2025-11-26;18;1032
28;2025-11-26;19;774
28;2025-11-26;20;543
28;2025-11-26;21;330
28;2025-11-26;22;127
28;2025-11-26;23;10
28;2025-11-27;0;0
28;2025-11-27;1;0
28;2025-11-27;2;0
28;2025-11-27;3;0
28;2025-11-27;4;2
28;2025-11-27;5;83
28;2025-11-27;6;281
28;2025-11-27;7;822
28;2025-11-27;8;1311
28;2025-11-27;9;870
28;2025-11-27;10;660
28;2025-11-27;11;599
28;2025-11-27;12;719
28;2025-11-27;13;754
28;2025-11-27;14;702
28;2025-11-27;15;719
28;2025-11-27;16;903
28;2025-11-27;17;1062
28;2025-11-27;18;1033
28;2025-11-27;19;773
28;2025-11-27;20;540
28;2025-11-27;21;327
28;2025-11-27;22;127
28;2025-11-27;23;10
28;2025-11-28;0;0
28;2025-11-28;1;0
28;2025-11-28;2;0
28;2025-11-28;3;0
28;2025-11-28;4;2
28;2025-11-28;5;85
28;2025-11-28;6;291
28;2025-11-28;7;884
28;2025-11-28;8;1274
28;2025-11-28;9;884
28;2025-11-28;10;672
28;2025-11-28;11;591
28;2025-11-28;12;801
28;2025-11-28;13;758
28;2025-11-28;14;757
28;2025-11-28;15;780
28;2025-11-28;16;1030
28;2025-11-28;17;1038
28;2025-11-28;18;893
28;2025-11-28;19;666
28;2025-11-28;20;482
28;2025-11-28;21;371
28;2025-11-28;22;138
28;2025-11-28;23;16
28;2025-11-29;0;0
28;2025-11-29;1;0
28;2025-11-29;2;0
28;2025-11-29;3;0
28;2025-11-29;4;0
28;2025-11-29;5;40
28;2025-11-29;6;111
28;2025-11-29;7;244
28;2025-11-29;8;426
28;2025-11-29;9;494
28;2025-11-29;10;523
28;2025-11-29;11;534
28;2025-11-29;12;617
28;2025-11-29;13;617
28;2025-11-29;14;610
28;2025-11-29;15;628
28;2025-11-29;16;583
28;2025-11-29;17;598
28;2025-11-29;18;522
28;2025-11-29;19;425
28;2025-11-29;20;325
28;2025-11-29;21;275
28;2025-11-29;22;142
28;2025-11-29;23;20
28;2025-11-30;0;2
28;2025-11-30;1;0
28;2025-11-30;2;0
28;2025-11-30;3;0
28;2025-11-30;4;1
28;2025-11-30;5;33
28;2025-11-30;6;86
28;2025-11-30;7;171
28;2025-11-30;8;277
28;2025-11-30;9;363
28;2025-11-30;10;407
28;2025-11-30;11;448
28;2025-11-30;12;482
28;2025-11-30;13;541
28;2025-11-30;14;539
28;2025-11-30;15;529
28;2025-11-30;16;494
28;2025-11-30;17;484
28;2025-11-30;18;437
28;2025-11-30;19;384
28;2025-11-30;20;304
28;2025-11-30;21;255
28;2025-11-30;22;118
28;2025-11-30;23;11
28;2025-12-01;0;0
28;2025-12-01;1;0
28;2025-12-01;2;0
28;2025-12-01;3;0
28;2025-12-01;4;2
28;2025-12-01;5;81
28;2025-12-01;6;275
28;2025-12-01;7;802
28;2025-12-01;8;1281
28;2025-12-01;9;849
28;2025-12-01;10;645
28;2025-12-01;11;582
28;2025-12-01;12;700
28;2025-12-01;13;733
28;2025-12-01;14;682
28;2025-12-01;15;694
28;2025-12-01;16;882
28;2025-12-01;17;1030
28;2025-12-01;18;1004
28;2025-12-01;19;753
28;2025-12-01;20;523
28;2025-12-01;21;317
28;2025-12-01;22;123
28;2025-12-01;23;9
28;2025-12-02;0;0
28;2025-12-02;1;0
28;2025-12-02;2;0
28;2025-12-02;3;0
28;2025-12-02;4;2
28;2025-12-02;5;81
28;2025-12-02;6;275
28;2025-12-02;7;805
28;2025-12-02;8;1285
28;2025-12-02;9;851
28;2025-12-02;10;652
28;2025-12-02;11;586
28;2025-12-02;12;703
28;2025-12-02;13;737
28;2025-12-02;14;687
28;2025-12-02;15;700
28;2025-12-02;16;881
28;2025-12-02;17;1034
28;2025-12-02;18;1012
28;2025-12-02;19;754
28;2025-12-02;20;525
28;2025-12-02;21;322
28;2025-12-02;22;125
28;2025-12-02;23;9
28;2025-12-03;0;0
28;2025-12-03;1;0
28;2025-12-03;2;0
28;2025-12-03;3;0
28;2025-12-03;4;2
28;2025-12-03;5;81
28;2025-12-03;6;275
28;2025-12-03;7;805
28;2025-12-03;8;1284
28;2025-12-03;9;853
28;2025-12-03;10;650
28;2025-12-03;11;587
28;2025-12-03;12;708
28;2025-12-03;13;742
28;2025-12-03;14;689
28;2025-12-03;15;701
28;2025-12-03;16;886
28;2025-12-03;17;1034
28;2025-12-03;18;1011
28;2025-12-03;19;759
28;2025-12-03;20;532
28;2025-12-03;21;323
28;2025-12-03;22;124
28;2025-12-03;23;9
28;2025-12-04;0;0
28;2025-12-04;1;0
28;2025-12-04;2;0
28;2025-12-04;3;0
28;2025-12-04;4;2
28;2025-12-04;5;81
28;2025-12-04;6;275
28;2025-12-04;7;806
28;2025-12-04;8;1285
28;2025-12-04;9;852
28;2025-12-04;10;646
28;2025-12-04;11;587
28;2025-12-04;12;704
28;2025-12-04;13;739
28;2025-12-04;14;688
28;2025-12-04;15;704
28;2025-12-04;16;885
28;2025-12-04;17;1040
28;2025-12-04;18;1012
28;2025-12-04;19;638
28;2025-12-04;20;443
28;2025-12-04;21;270
28;2025-12-04;22;125
28;2025-12-04;23;9
28;2025-12-05;0;0
28;2025-12-05;1;0
28;2025-12-05;2;0
28;2025-12-05;3;0
28;2025-12-05;4;2
28;2025-12-05;5;84
28;2025-12-05;6;285
28;2025-12-05;7;866
28;2025-12-05;8;1248
28;2025-12-05;9;866
28;2025-12-05;10;658
28;2025-12-05;11;579
28;2025-12-05;12;785
28;2025-12-05;13;743
28;2025-12-05;14;742
28;2025-12-05;15;764
28;2025-12-05;16;1009
28;2025-12-05;17;1017
28;2025-12-05;18;875
28;2025-12-05;19;653
28;2025-12-05;20;472
28;2025-12-05;21;363
28;2025-12-05;22;135
28;2025-12-05;23;15
28;2025-12-06;0;0
28;2025-12-06;1;0
28;2025-12-06;2;0
28;2025-12-06;3;0
28;2025-12-06;4;0
28;2025-12-06;5;40
28;2025-12-06;6;109
28;2025-12-06;7;239
28;2025-12-06;8;418
28;2025-12-06;9;484
28;2025-12-06;10;512
28;2025-12-06;11;523
28;2025-12-06;12;605
28;2025-12-06;13;605
28;2025-12-06;14;598
28;2025-12-06;15;615
28;2025-12-06;16;571
28;2025-12-06;17;587
28;2025-12-06;18;512
28;2025-12-06;19;416
28;2025-12-06;20;318
28;2025-12-06;21;270
28;2025-12-06;22;139
28;2025-12-06;23;19
28;2025-12-07;0;2
28;2025-12-07;1;0
28;2025-12-07;2;0
28;2025-12-07;3;0
28;2025-12-07;4;1
28;2025-12-07;5;32
28;2025-12-07;6;84
28;2025-12-07;7;167
28;2025-12-07;8;271
28;2025-12-07;9;355
28;2025-12-07;10;398
28;2025-12-07;11;439
28;2025-12-07;12;472
28;2025-12-07;13;530
28;2025-12-07;14;529
28;2025-12-07;15;518
28;2025-12-07;16;484
28;2025-12-07;17;475
28;2025-12-07;18;429
28;2025-12-07;19;376
28;2025-12-07;20;298
28;2025-12-07;21;250
28;2025-12-07;22;115
28;2025-12-07;23;11
28;2025-12-08;0;0
28;2025-12-08;1;0
28;2025-12-08;2;0
28;2025-12-08;3;0
28;2025-12-08;4;2
28;2025-12-08;5;81
28;2025-12-08;6;275
28;2025-12-08;7;802
28;2025-12-08;8;1281
28;2025-12-08;9;849
28;2025-12-08;10;645
28;2025-12-08;11;582
28;2025-12-08;12;700
28;2025-12-08;13;733
28;2025-12-08;14;682
28;2025-12-08;15;694
28;2025-12-08;16;882
28;2025-12-08;17;1030
28;2025-12-08;18;1004
28;2025-12-08;19;753
28;2025-12-08;20;523
28;2025-12-08;21;317
28;2025-12-08;22;123
28;2025-12-08;23;9
28;2025-12-09;0;0
28;2025-12-09;1;0
28;2025-12-09;2;0
28;2025-12-09;3;0
28;2025-12-09;4;2
28;2025-12-09;5;81
28;2025-12-09;6;275
28;2025-12-09;7;805
28;2025-12-09;8;1285
28;2025-12-09;9;851
28;2025-12-09;10;652
28;2025-12-09;11;586
28;2025-12-09;12;703
28;2025-12-09;13;737
28;2025-12-09;14;687
28;2025-12-09;15;700
28;2025-12-09;16;881
28;2025-12-09;17;1034
28;2025-12-09;18;1012
28;2025-12-09;19;754
28;2025-12-09;20;525
28;2025-12-09;21;322
28;2025-12-09;22;125
28;2025-12-09;23;9
28;2025-12-10;0;0
28;2025-12-10;1;0
28;2025-12-10;2;0
28;2025-12-10;3;0
28;2025-12-10;4;2
28;2025-12-10;5;81
28;2025-12-10;6;275
28;2025-12-10;7;805
28;2025-12-10;8;1284
28;2025-12-10;9;853
28;2025-12-10;10;650
28;2025-12-10;11;587
28;2025-12-10;12;708
28;2025-12-10;13;742
28;2025-12-10;14;689
28;2025-12-10;15;701
28;2025-12-10;16;886
28;2025-12-10;17;1034
28;2025-12-10;18;1011
28;2025-12-10;19;759
28;2025-12-10;20;532
28;2025-12-10;21;323
28;2025-12-10;22;124
28;2025-12-10;23;9
28;2025-12-11;0;0
28;2025-12-11;1;0
28;2025-12-11;2;0
28;2025-12-11;3;0
28;2025-12-11;4;2
28;2025-12-11;5;81
28;2025-12-11;6;275
28;2025-12-11;7;806
28;2025-12-11;8;1285
28;2025-12-11;9;852
28;2025-12-11;10;647
28;2025-12-11;11;587
28;2025-12-11;12;704
28;2025-12-11;13;739
28;2025-12-11;14;688
28;2025-12-11;15;705
28;2025-12-11;16;885
28;2025-12-11;17;1040
28;2025-12-11;18;1012
28;2025-12-11;19;758
28;2025-12-11;20;529
28;2025-12-11;21;320
28;2025-12-11;22;125
28;2025-12-11;23;9
28;2025-12-12;0;0
28;2025-12-12;1;0
28;2025-12-12;2;0
28;2025-12-12;3;0
28;2025-12-12;4;2
28;2025-12-12;5;84
28;2025-12-12;6;285
28;2025-12-12;7;866
28;2025-12-12;8;1248
28;2025-12-12;9;866
28;2025-12-12;10;658
28;2025-12-12;11;579
28;2025-12-12;12;785
28;2025-12-12;13;743
28;2025-12-12;14;742
28;2025-12-12;15;764
28;2025-12-12;16;1009
28;2025-12-12;17;1017
28;2025-12-12;18;875
28;2025-12-12;19;653
28;2025-12-12;20;472
28;2025-12-12;21;363
28;2025-12-12;22;135
28;2025-12-12;23;15
28;2025-12-13;0;0
28;2025-12-13;1;0
28;2025-12-13;2;0
28;2025-12-13;3;0
28;2025-12-13;4;0
28;2025-12-13;5;40
28;2025-12-13;6;109
28;2025-12-13;7;239
28;2025-12-13;8;418
28;2025-12-13;9;484
28;2025-12-13;10;512
28;2025-12-13;11;523
28;2025-12-13;12;605
28;2025-12-13;13;605
28;2025-12-13;14;598
28;2025-12-13;15;615
28;2025-12-13;16;571
28;2025-12-13;17;587
28;2025-12-13;18;512
28;2025-12-13;19;416
28;2025-12-13;20;318
28;2025-12-13;21;270
28;2025-12-13;22;139
28;2025-12-13;23;19
28;2025-12-14;0;2
28;2025-12-14;1;0
28;2025-12-14;2;0
28;2025-12-14;3;0
28;2025-12-14;4;1
28;2025-12-14;5;32
28;2025-12-14;6;84
28;2025-12-14;7;167
28;2025-12-14;8;271
28;2025-12-14;9;355
28;2025-12-14;10;398
28;2025-12-14;11;439
28;2025-12-14;12;472
28;2025-12-14;13;530
28;2025-12-14;14;529
28;2025-12-14;15;518
28;2025-12-14;16;484
28;2025-12-14;17;475
28;2025-12-14;18;429
28;2025-12-14;19;376
28;2025-12-14;20;298
28;2025-12-14;21;250
28;2025-12-14;22;115
28;2025-12-14;23;11
28;2025-12-15;0;0
28;2025-12-15;1;0
28;2025-12-15;2;0
28;2025-12-15;3;0
28;2025-12-15;4;2
28;2025-12-15;5;81
28;2025-12-15;6;275
28;2025-12-15;7;802
28;2025-12-15;8;1281
28;2025-12-15;9;849
28;2025-12-15;10;645
28;2025-12-15;11;582
28;2025-12-15;12;700
28;2025-12-15;13;733
28;2025-12-15;14;682
28;2025-12-15;15;694
28;2025-12-15;16;882
28;2025-12-15;17;1030
28;2025-12-15;18;1004
28;2025-12-15;19;753
28;2025-12-15;20;523
28;2025-12-15;21;317
28;2025-12-15;22;123
28;2025-12-15;23;9
28;2025-12-16;0;0
28;2025-12-16;1;0
28;2025-12-16;2;0
28;2025-12-16;3;0
28;2025-12-16;4;2
28;2025-12-16;5;81
28;2025-12-16;6;275
28;2025-12-16;7;805
28;2025-12-16;8;1285
28;2025-12-16;9;851
28;2025-12-16;10;652
28;2025-12-16;11;586
28;2025-12-16;12;703
28;2025-12-16;13;737
28;2025-12-16;14;687
28;2025-12-16;15;700
28;2025-12-16;16;881
28;2025-12-16;17;1034
28;2025-12-16;18;1012
28;2025-12-16;19;754
28;2025-12-16;20;525
28;2025-12-16;21;322
28;2025-12-16;22;125
28;2025-12-16;23;9
28;2025-12-17;0;0
28;2025-12-17;1;0
28;2025-12-17;2;0
28;2025-12-17;3;0
28;2025-12-17;4;2
28;2025-12-17;5;81
28;2025-12-17;6;275
28;2025-12-17;7;805
28;2025-12-17;8;1284
28;2025-12-17;9;853
28;2025-12-17;10;650
28;2025-12-17;11;587
28;2025-12-17;12;708
28;2025-12-17;13;742
28;2025-12-17;14;689
28;2025-12-17;15;701
28;2025-12-17;16;886
28;2025-12-17;17;1034
28;2025-12-17;18;1011
28;2025-12-17;19;759
28;2025-12-17;20;532
28;2025-12-17;21;323
28;2025-12-17;22;124
28;2025-12-17;23;9
28;2025-12-18;0;0
28;2025-12-18;1;0
28;2025-12-18;2;0
28;2025-12-18;3;0
28;2025-12-18;4;2
28;2025-12-18;5;81
28;2025-12-18;6;275
28;2025-12-18;7;806
28;2025-12-18;8;1285
28;2025-12-18;9;852
28;2025-12-18;10;647
28;2025-12-18;11;587
28;2025-12-18;12;704
28;2025-12-18;13;739
28;2025-12-18;14;688
28;2025-12-18;15;705
28;2025-12-18;16;885
28;2025-12-18;17;1040
28;2025-12-18;18;1012
28;2025-12-18;19;758
28;2025-12-18;20;529
28;2025-12-18;21;320
28;2025-12-18;22;125
28;2025-12-18;23;9
28;2025-12-19;0;0
28;2025-12-19;1;0
28;2025-12-19;2;0
28;2025-12-19;3;0
28;2025-12-19;4;2
28;2025-12-19;5;84
28;2025-12-19;6;285
28;2025-12-19;7;866
28;2025-12-19;8;1248
28;2025-12-19;9;866
28;2025-12-19;10;658
28;2025-12-19;11;579
28;2025-12-19;12;785
28;2025-12-19;13;743
28;2025-12-19;14;742
28;2025-12-19;15;764
28;2025-12-19;16;1009
28;2025-12-19;17;1017
28;2025-12-19;18;875
28;2025-12-19;19;653
28;2025-12-19;20;472
28;2025-12-19;21;363
28;2025-12-19;22;135
28;2025-12-19;23;15
28;2025-12-20;0;0
28;2025-12-20;1;0
28;2025-12-20;2;0
28;2025-12-20;3;0
28;2025-12-20;4;0
28;2025-12-20;5;40
28;2025-12-20;6;109
28;2025-12-20;7;239
28;2025-12-20;8;418
28;2025-12-20;9;484
28;2025-12-20;10;512
28;2025-12-20;11;523
28;2025-12-20;12;605
28;2025-12-20;13;605
28;2025-12-20;14;598
28;2025-12-20;15;615
28;2025-12-20;16;571
28;2025-12-20;17;587
28;2025-12-20;18;512
28;2025-12-20;19;416
28;2025-12-20;20;318
28;2025-12-20;21;270
28;2025-12-20;22;139
28;2025-12-20;23;19
28;2025-12-21;0;2
28;2025-12-21;1;0
28;2025-12-21;2;0
28;2025-12-21;3;0
28;2025-12-21;4;1
28;2025-12-21;5;32
28;2025-12-21;6;84
28;2025-12-21;7;167
28;2025-12-21;8;271
28;2025-12-21;9;355
28;2025-12-21;10;398
28;2025-12-21;11;439
28;2025-12-21;12;472
28;2025-12-21;13;530
28;2025-12-21;14;529
28;2025-12-21;15;518
28;2025-12-21;16;484
28;2025-12-21;17;475
28;2025-12-21;18;429
28;2025-12-21;19;376
28;2025-12-21;20;298
28;2025-12-21;21;250
28;2025-12-21;22;115
28;2025-12-21;23;11
28;2025-12-22;0;0
28;2025-12-22;1;0
28;2025-12-22;2;0
28;2025-12-22;3;0
28;2025-12-22;4;2
28;2025-12-22;5;81
28;2025-12-22;6;275
28;2025-12-22;7;802
28;2025-12-22;8;1281
28;2025-12-22;9;849
28;2025-12-22;10;645
28;2025-12-22;11;582
28;2025-12-22;12;700
28;2025-12-22;13;733
28;2025-12-22;14;682
28;2025-12-22;15;694
28;2025-12-22;16;882
28;2025-12-22;17;1030
28;2025-12-22;18;1004
28;2025-12-22;19;753
28;2025-12-22;20;523
28;2025-12-22;21;317
28;2025-12-22;22;123
28;2025-12-22;23;9
28;2025-12-23;0;0
28;2025-12-23;1;0
28;2025-12-23;2;0
28;2025-12-23;3;0
28;2025-12-23;4;2
28;2025-12-23;5;81
28;2025-12-23;6;275
28;2025-12-23;7;805
28;2025-12-23;8;1285
28;2025-12-23;9;851
28;2025-12-23;10;652
28;2025-12-23;11;586
28;2025-12-23;12;703
28;2025-12-23;13;737
28;2025-12-23;14;687
28;2025-12-23;15;700
28;2025-12-23;16;881
28;2025-12-23;17;1034
28;2025-12-23;18;1012
28;2025-12-23;19;754
28;2025-12-23;20;525
28;2025-12-23;21;322
28;2025-12-23;22;125
28;2025-12-23;23;9
28;2025-12-24;0;0
28;2025-12-24;1;0
28;2025-12-24;2;0
28;2025-12-24;3;0
28;2025-12-24;4;2
28;2025-12-24;5;81
28;2025-12-24;6;275
28;2025-12-24;7;805
28;2025-12-24;8;1284
28;2025-12-24;9;853
28;2025-12-24;10;650
28;2025-12-24;11;587
28;2025-12-24;12;708
28;2025-12-24;13;742
28;2025-12-24;14;689
28;2025-12-24;15;701
28;2025-12-24;16;886
28;2025-12-24;17;1034
28;2025-12-24;18;1011
28;2025-12-24;19;759
28;2025-12-24;20;532
28;2025-12-24;21;323
28;2025-12-24;22;124
28;2025-12-24;23;9
28;2025-12-25;0;0
28;2025-12-25;1;0
28;2025-12-25;2;0
28;2025-12-25;3;0
28;2025-12-25;4;2
28;2025-12-25;5;81
28;2025-12-25;6;275
28;2025-12-25;7;806
28;2025-12-25;8;1285
28;2025-12-25;9;852
28;2025-12-25;10;647
28;2025-12-25;11;587
28;2025-12-25;12;704
28;2025-12-25;13;739
28;2025-12-25;14;688
28;2025-12-25;15;705
28;2025-12-25;16;885
28;2025-12-25;17;1040
28;2025-12-25;18;1012
28;2025-12-25;19;758
28;2025-12-25;20;529
28;2025-12-25;21;320
28;2025-12-25;22;125
28;2025-12-25;23;9
28;2025-12-26;0;0
28;2025-12-26;1;0
28;2025-12-26;2;0
28;2025-12-26;3;0
28;2025-12-26;4;2
28;2025-12-26;5;84
28;2025-12-26;6;285
28;2025-12-26;7;866
28;2025-12-26;8;1248
28;2025-12-26;9;866
28;2025-12-26;10;658
28;2025-12-26;11;579
28;2025-12-26;12;785
28;2025-12-26;13;743
28;2025-12-26;14;742
28;2025-12-26;15;764
28;2025-12-26;16;1009
28;2025-12-26;17;1017
28;2025-12-26;18;875
28;2025-12-26;19;653
28;2025-12-26;20;472
28;2025-12-26;21;363
28;2025-12-26;22;135
28;2025-12-26;23;15
28;2025-12-27;0;0
28;2025-12-27;1;0
28;2025-12-27;2;0
28;2025-12-27;3;0
28;2025-12-27;4;0
28;2025-12-27;5;40
28;2025-12-27;6;109
28;2025-12-27;7;239
28;2025-12-27;8;418
28;2025-12-27;9;484
28;2025-12-27;10;512
28;2025-12-27;11;523
28;2025-12-27;12;605
28;2025-12-27;13;605
28;2025-12-27;14;598
28;2025-12-27;15;615
28;2025-12-27;16;571
28;2025-12-27;17;587
28;2025-12-27;18;512
28;2025-12-27;19;416
28;2025-12-27;20;318
28;2025-12-27;21;270
28;2025-12-27;22;139
28;2025-12-27;23;19
28;2025-12-28;0;2
28;2025-12-28;1;0
28;2025-12-28;2;0
28;2025-12-28;3;0
28;2025-12-28;4;1
28;2025-12-28;5;32
28;2025-12-28;6;84
28;2025-12-28;7;167
28;2025-12-28;8;271
28;2025-12-28;9;355
28;2025-12-28;10;398
28;2025-12-28;11;439
28;2025-12-28;12;472
28;2025-12-28;13;530
28;2025-12-28;14;529
28;2025-12-28;15;518
28;2025-12-28;16;484
28;2025-12-28;17;475
28;2025-12-28;18;429
28;2025-12-28;19;376
28;2025-12-28;20;298
28;2025-12-28;21;250
28;2025-12-28;22;115
28;2025-12-28;23;11
28;2025-12-29;0;0
28;2025-12-29;1;0
28;2025-12-29;2;0
28;2025-12-29;3;0
28;2025-12-29;4;2
28;2025-12-29;5;73
28;2025-12-29;6;247
28;2025-12-29;7;720
28;2025-12-29;8;1151
28;2025-12-29;9;762
28;2025-12-29;10;580
28;2025-12-29;11;522
28;2025-12-29;12;629
28;2025-12-29;13;658
28;2025-12-29;14;613
28;2025-12-29;15;623
28;2025-12-29;16;792
28;2025-12-29;17;925
28;2025-12-29;18;901
28;2025-12-29;19;676
28;2025-12-29;20;469
28;2025-12-29;21;285
28;2025-12-29;22;111
28;2025-12-29;23;8
28;2025-12-30;0;0
28;2025-12-30;1;0
28;2025-12-30;2;0
28;2025-12-30;3;0
28;2025-12-30;4;2
28;2025-12-30;5;72
28;2025-12-30;6;247
28;2025-12-30;7;723
28;2025-12-30;8;1154
28;2025-12-30;9;765
28;2025-12-30;10;585
28;2025-12-30;11;526
28;2025-12-30;12;632
28;2025-12-30;13;662
28;2025-12-30;14;617
28;2025-12-30;15;629
28;2025-12-30;16;791
28;2025-12-30;17;929
28;2025-12-30;18;908
28;2025-12-30;19;677
28;2025-12-30;20;472
28;2025-12-30;21;289
28;2025-12-30;22;112
28;2025-12-30;23;8
28;2025-12-31;0;2
28;2025-12-31;1;0
28;2025-12-31;2;0
28;2025-12-31;3;0
28;2025-12-31;4;1
28;2025-12-31;5;33
28;2025-12-31;6;87
28;2025-12-31;7;171
28;2025-12-31;8;276
28;2025-12-31;9;355
28;2025-12-31;10;393
28;2025-12-31;11;436
28;2025-12-31;12;465
28;2025-12-31;13;523
28;2025-12-31;14;526
28;2025-12-31;15;514
28;2025-12-31;16;476
28;2025-12-31;17;465
28;2025-12-31;18;422
28;2025-12-31;19;376
28;2025-12-31;20;301
28;2025-12-31;21;253
28;2025-12-31;22;115
28;2025-12-31;23;11
50;2025-11-01;0;25
50;2025-11-01;1;2
50;2025-11-01;2;0
50;2025-11-01;3;0
50;2025-11-01;4;2
50;2025-11-01;5;54
50;2025-11-01;6;427
50;2025-11-01;7;1409
50;2025-11-01;8;2245
50;2025-11-01;9;1743
50;2025-11-01;10;1328
50;2025-11-01;11;1209
50;2025-11-01;12;1141
50;2025-11-01;13;1179
50;2025-11-01;14;1112
50;2025-11-01;15;1275
50;2025-11-01;16;1346
50;2025-11-01;17;1865
50;2025-11-01;18;1934
50;2025-11-01;19;1156
50;2025-11-01;20;715
50;2025-11-01;21;498
50;2025-11-01;22;168
50;2025-11-01;23;93
50;2025-11-02;0;3
50;2025-11-02;1;0
50;2025-11-02;2;0
50;2025-11-02;3;0
50;2025-11-02;4;0
50;2025-11-02;5;1
50;2025-11-02;6;8
50;2025-11-02;7;16
50;2025-11-02;8;27
50;2025-11-02;9;28
50;2025-11-02;10;38
50;2025-11-02;11;67
50;2025-11-02;12;55
50;2025-11-02;13;69
50;2025-11-02;14;115
50;2025-11-02;15;95
50;2025-11-02;16;126
50;2025-11-02;17;103
50;2025-11-02;18;65
50;2025-11-02;19;61
50;2025-11-02;20;54
50;2025-11-02;21;38
50;2025-11-02;22;37
50;2025-11-02;23;11
50;2025-11-03;0;3
50;2025-11-03;1;0
50;2025-11-03;2;0
50;2025-11-03;3;0
50;2025-11-03;4;0
50;2025-11-03;5;1
50;2025-11-03;6;9
50;2025-11-03;7;17
50;2025-11-03;8;28
50;2025-11-03;9;29
50;2025-11-03;10;44
50;2025-11-03;11;69
50;2025-11-03;12;62
50;2025-11-03;13;72
50;2025-11-03;14;112
50;2025-11-03;15;92
50;2025-11-03;16;122
50;2025-11-03;17;100
50;2025-11-03;18;66
50;2025-11-03;19;63
50;2025-11-03;20;58
50;2025-11-03;21;43
50;2025-11-03;22;39
50;2025-11-03;23;13
50;2025-11-04;0;3
50;2025-11-04;1;0
50;2025-11-04;2;0
50;2025-11-04;3;0
50;2025-11-04;4;0
50;2025-11-04;5;1
50;2025-11-04;6;9
50;2025-11-04;7;17
50;2025-11-04;8;28
50;2025-11-04;9;29
50;2025-11-04;10;44
50;2025-11-04;11;68
50;2025-11-04;12;62
50;2025-11-04;13;71
50;2025-11-04;14;112
50;2025-11-04;15;91
50;2025-11-04;16;121
50;2025-11-04;17;99
50;2025-11-04;18;66
50;2025-11-04;19;63
50;2025-11-04;20;58
50;2025-11-04;21;43
50;2025-11-04;22;39
50;2025-11-04;23;13
50;2025-11-05;0;24
50;2025-11-05;1;2
50;2025-11-05;2;0
50;2025-11-05;3;0
50;2025-11-05;4;3
50;2025-11-05;5;74
50;2025-11-05;6;559
50;2025-11-05;7;1832
50;2025-11-05;8;2917
50;2025-11-05;9;2295
50;2025-11-05;10;1760
50;2025-11-05;11;1614
50;2025-11-05;12;1541
50;2025-11-05;13;1565
50;2025-11-05;14;1489
50;2025-11-05;15;1690
50;2025-11-05;16;1784
50;2025-11-05;17;2460
50;2025-11-05;18;2552
50;2025-11-05;19;1530
50;2025-11-05;20;951
50;2025-11-05;21;669
50;2025-11-05;22;268
50;2025-11-05;23;150
50;2025-11-06;0;27
50;2025-11-06;1;2
50;2025-11-06;2;0
50;2025-11-06;3;0
50;2025-11-06;4;3
50;2025-11-06;5;73
50;2025-11-06;6;555
50;2025-11-06;7;1833
50;2025-11-06;8;2929
50;2025-11-06;9;2304
50;2025-11-06;10;1777
50;2025-11-06;11;1610
50;2025-11-06;12;1531
50;2025-11-06;13;1570
50;2025-11-06;14;1489
50;2025-11-06;15;1693
50;2025-11-06;16;1784
50;2025-11-06;17;2468
50;2025-11-06;18;2570
50;2025-11-06;19;1547
50;2025-11-06;20;979
50;2025-11-06;21;677
50;2025-11-06;22;272
50;2025-11-06;23;154
50;2025-11-07;0;36
50;2025-11-07;1;1
50;2025-11-07;2;0
50;2025-11-07;3;0
50;2025-11-07;4;3
50;2025-11-07;5;70
50;2025-11-07;6;533
50;2025-11-07;7;1768
50;2025-11-07;8;2744
50;2025-11-07;9;2154
50;2025-11-07;10;1542
50;2025-11-07;11;1608
50;2025-11-07;12;1505
50;2025-11-07;13;1517
50;2025-11-07;14;1451
50;2025-11-07;15;1755
50;2025-11-07;16;2159
50;2025-11-07;17;2165
50;2025-11-07;18;1658
50;2025-11-07;19;1224
50;2025-11-07;20;849
50;2025-11-07;21;547
50;2025-11-07;22;278
50;2025-11-07;23;168
50;2025-11-08;0;36
50;2025-11-08;1;4
50;2025-11-08;2;0
50;2025-11-08;3;0
50;2025-11-08;4;0
50;2025-11-08;5;2
50;2025-11-08;6;13
50;2025-11-08;7;27
50;2025-11-08;8;34
50;2025-11-08;9;42
50;2025-11-08;10;35
50;2025-11-08;11;35
50;2025-11-08;12;64
50;2025-11-08;13;53
50;2025-11-08;14;54
50;2025-11-08;15;66
50;2025-11-08;16;53
50;2025-11-08;17;48
50;2025-11-08;18;23
50;2025-11-08;19;22
50;2025-11-08;20;14
50;2025-11-08;21;14
50;2025-11-08;22;7
50;2025-11-08;23;5
50;2025-11-09;0;3
50;2025-11-09;1;0
50;2025-11-09;2;0
50;2025-11-09;3;0
50;2025-11-09;4;0
50;2025-11-09;5;1
50;2025-11-09;6;8
50;2025-11-09;7;16
50;2025-11-09;8;27
50;2025-11-09;9;28
50;2025-11-09;10;38
50;2025-11-09;11;67
50;2025-11-09;12;55
50;2025-11-09;13;69
50;2025-11-09;14;115
50;2025-11-09;15;95
50;2025-11-09;16;126
50;2025-11-09;17;103
50;2025-11-09;18;65
50;2025-11-09;19;61
50;2025-11-09;20;54
50;2025-11-09;21;38
50;2025-11-09;22;37
50;2025-11-09;23;11
50;2025-11-10;0;24
50;2025-11-10;1;2
50;2025-11-10;2;0
50;2025-11-10;3;0
50;2025-11-10;4;3
50;2025-11-10;5;73
50;2025-11-10;6;572
50;2025-11-10;7;1835
50;2025-11-10;8;2939
50;2025-11-10;9;2314
50;2025-11-10;10;1753
50;2025-11-10;11;1598
50;2025-11-10;12;1507
50;2025-11-10;13;1559
50;2025-11-10;14;1485
50;2025-11-10;15;1688
50;2025-11-10;16;1773
50;2025-11-10;17;2097
50;2025-11-10;18;2185
50;2025-11-10;19;1291
50;2025-11-10;20;941
50;2025-11-10;21;660
50;2025-11-10;22;262
50;2025-11-10;23;146
50;2025-11-11;0;28
50;2025-11-11;1;2
50;2025-11-11;2;0
50;2025-11-11;3;0
50;2025-11-11;4;3
50;2025-11-11;5;74
50;2025-11-11;6;576
50;2025-11-11;7;1854
50;2025-11-11;8;2946
50;2025-11-11;9;2332
50;2025-11-11;10;1789
50;2025-11-11;11;1609
50;2025-11-11;12;1530
50;2025-11-11;13;1579
50;2025-11-11;14;1507
50;2025-11-11;15;1708
50;2025-11-11;16;1801
50;2025-11-11;17;2483
50;2025-11-11;18;2559
50;2025-11-11;19;1550
50;2025-11-11;20;964
50;2025-11-11;21;659
50;2025-11-11;22;265
50;2025-11-11;23;149
50;2025-11-12;0;24
50;2025-11-12;1;2
50;2025-11-12;2;0
50;2025-11-12;3;0
50;2025-11-12;4;3
50;2025-11-12;5;74
50;2025-11-12;6;559
50;2025-11-12;7;1832
50;2025-11-12;8;2917
50;2025-11-12;9;2295
50;2025-11-12;10;1760
50;2025-11-12;11;1614
50;2025-11-12;12;1541
50;2025-11-12;13;1565
50;2025-11-12;14;1489
50;2025-11-12;15;1690
50;2025-11-12;16;1784
50;2025-11-12;17;2460
50;2025-11-12;18;2552
50;2025-11-12;19;1530
50;2025-11-12;20;951
50;2025-11-12;21;669
50;2025-11-12;22;268
50;2025-11-12;23;150
50;2025-11-13;0;27
50;2025-11-13;1;2
50;2025-11-13;2;0
50;2025-11-13;3;0
50;2025-11-13;4;3
50;2025-11-13;5;73
50;2025-11-13;6;555
50;2025-11-13;7;1833
50;2025-11-13;8;2929
50;2025-11-13;9;2304
50;2025-11-13;10;1777
50;2025-11-13;11;1610
50;2025-11-13;12;1531
50;2025-11-13;13;1570
50;2025-11-13;14;1489
50;2025-11-13;15;1693
50;2025-11-13;16;1784
50;2025-11-13;17;2468
50;2025-11-13;18;2570
50;2025-11-13;19;1547
50;2025-11-13;20;979
50;2025-11-13;21;677
50;2025-11-13;22;272
50;2025-11-13;23;154
50;2025-11-14;0;36
50;2025-11-14;1;1
50;2025-11-14;2;0
50;2025-11-14;3;0
50;2025-11-14;4;3
50;2025-11-14;5;70
50;2025-11-14;6;533
50;2025-11-14;7;1768
50;2025-11-14;8;2744
50;2025-11-14;9;2154
50;2025-11-14;10;1542
50;2025-11-14;11;1608
50;2025-11-14;12;1505
50;2025-11-14;13;1517
50;2025-11-14;14;1451
50;2025-11-14;15;1755
50;2025-11-14;16;2159
50;2025-11-14;17;2165
50;2025-11-14;18;1658
50;2025-11-14;19;1224
50;2025-11-14;20;849
50;2025-11-14;21;547
50;2025-11-14;22;278
50;2025-11-14;23;168
50;2025-11-15;0;65
50;2025-11-15;1;6
50;2025-11-15;2;0
50;2025-11-15;3;0
50;2025-11-15;4;1
50;2025-11-15;5;31
50;2025-11-15;6;176
50;2025-11-15;7;444
50;2025-11-15;8;667
50;2025-11-15;9;770
50;2025-11-15;10;693
50;2025-11-15;11;884
50;2025-11-15;12;884
50;2025-11-15;13;898
50;2025-11-15;14;925
50;2025-11-15;15;871
50;2025-11-15;16;884
50;2025-11-15;17;829
50;2025-11-15;18;761
50;2025-11-15;19;707
50;2025-11-15;20;523
50;2025-11-15;21;445
50;2025-11-15;22;264
50;2025-11-15;23;163
50;2025-11-16;0;52
50;2025-11-16;1;6
50;2025-11-16;2;0
50;2025-11-16;3;0
50;2025-11-16;4;1
50;2025-11-16;5;28
50;2025-11-16;6;114
50;2025-11-16;7;220
50;2025-11-16;8;325
50;2025-11-16;9;401
50;2025-11-16;10;562
50;2025-11-16;11;678
50;2025-11-16;12;742
50;2025-11-16;13;818
50;2025-11-16;14;840
50;2025-11-16;15;708
50;2025-11-16;16;740
50;2025-11-16;17;736
50;2025-11-16;18;698
50;2025-11-16;19;582
50;2025-11-16;20;503
50;2025-11-16;21;402
50;2025-11-16;22;207
50;2025-11-16;23;116
50;2025-11-17;0;24
50;2025-11-17;1;2
50;2025-11-17;2;0
50;2025-11-17;3;0
50;2025-11-17;4;3
50;2025-11-17;5;73
50;2025-11-17;6;569
50;2025-11-17;7;1836
50;2025-11-17;8;2939
50;2025-11-17;9;2315
50;2025-11-17;10;1753
50;2025-11-17;11;1599
50;2025-11-17;12;1511
50;2025-11-17;13;1559
50;2025-11-17;14;1486
50;2025-11-17;15;1689
50;2025-11-17;16;1773
50;2025-11-17;17;2466
50;2025-11-17;18;2559
50;2025-11-17;19;1511
50;2025-11-17;20;941
50;2025-11-17;21;660
50;2025-11-17;22;262
50;2025-11-17;23;146
50;2025-11-18;0;28
50;2025-11-18;1;2
50;2025-11-18;2;0
50;2025-11-18;3;0
50;2025-11-18;4;3
50;2025-11-18;5;74
50;2025-11-18;6;576
50;2025-11-18;7;1854
50;2025-11-18;8;2946
50;2025-11-18;9;2332
50;2025-11-18;10;1789
50;2025-11-18;11;1609
50;2025-11-18;12;1530
50;2025-11-18;13;1579
50;2025-11-18;14;1507
50;2025-11-18;15;1708
50;2025-11-18;16;1801
50;2025-11-18;17;2483
50;2025-11-18;18;2559
50;2025-11-18;19;1550
50;2025-11-18;20;964
50;2025-11-18;21;659
50;2025-11-18;22;265
50;2025-11-18;23;149
50;2025-11-19;0;24
50;2025-11-19;1;2
50;2025-11-19;2;0
50;2025-11-19;3;0
50;2025-11-19;4;3
50;2025-11-19;5;74
50;2025-11-19;6;559
50;2025-11-19;7;1832
50;2025-11-19;8;2917
50;2025-11-19;9;2295
50;2025-11-19;10;1760
50;2025-11-19;11;1614
50;2025-11-19;12;1541
50;2025-11-19;13;1565
50;2025-11-19;14;1489
50;2025-11-19;15;1690
50;2025-11-19;16;1784
50;2025-11-19;17;2460
50;2025-11-19;18;2552
50;2025-11-19;19;1530
50;2025-11-19;20;951
50;2025-11-19;21;669
50;2025-11-19;22;268
50;2025-11-19;23;150
50;2025-11-20;0;27
50;2025-11-20;1;2
50;2025-11-20;2;0
50;2025-11-20;3;0
50;2025-11-20;4;3
50;2025-11-20;5;73
50;2025-11-20;6;555
50;2025-11-20;7;1833
50;2025-11-20;8;2929
50;2025-11-20;9;2304
50;2025-11-20;10;1777
50;2025-11-20;11;1610
50;2025-11-20;12;1531
50;2025-11-20;13;1570
50;2025-11-20;14;1489
50;2025-11-20;15;1693
50;2025-11-20;16;1784
50;2025-11-20;17;2468
50;2025-11-20;18;2570
50;2025-11-20;19;1547
50;2025-11-20;20;979
50;2025-11-20;21;677
50;2025-11-20;22;272
50;2025-11-20;23;154
50;2025-11-21;0;36
50;2025-11-21;1;1
50;2025-11-21;2;0
50;2025-11-21;3;0
50;2025-11-21;4;3
50;2025-11-21;5;70
50;2025-11-21;6;533
50;2025-11-21;7;1768
50;2025-11-21;8;2744
50;2025-11-21;9;2154
50;2025-11-21;10;1542
50;2025-11-21;11;1608
50;2025-11-21;12;1505
50;2025-11-21;13;1517
50;2025-11-21;14;1451
50;2025-11-21;15;1755
50;2025-11-21;16;2159
50;2025-11-21;17;2165
50;2025-11-21;18;1658
50;2025-11-21;19;1224
50;2025-11-21;20;849
50;2025-11-21;21;547
50;2025-11-21;22;278
50;2025-11-21;23;168
50;2025-11-22;0;67
50;2025-11-22;1;6
50;2025-11-22;2;0
50;2025-11-22;3;0
50;2025-11-22;4;1
50;2025-11-22;5;31
50;2025-11-22;6;180
50;2025-11-22;7;448
50;2025-11-22;8;670
50;2025-11-22;9;772
50;2025-11-22;10;694
50;2025-11-22;11;888
50;2025-11-22;12;888
50;2025-11-22;13;903
50;2025-11-22;14;929
50;2025-11-22;15;877
50;2025-11-22;16;891
50;2025-11-22;17;835
50;2025-11-22;18;769
50;2025-11-22;19;716
50;2025-11-22;20;530
50;2025-11-22;21;451
50;2025-11-22;22;269
50;2025-11-22;23;166
50;2025-11-23;0;53
50;2025-11-23;1;6
50;2025-11-23;2;0
50;2025-11-23;3;0
50;2025-11-23;4;1
50;2025-11-23;5;28
50;2025-11-23;6;140
50;2025-11-23;7;268
50;2025-11-23;8;395
50;2025-11-23;9;486
50;2025-11-23;10;565
50;2025-11-23;11;683
50;2025-11-23;12;747
50;2025-11-23;13;826
50;2025-11-23;14;850
50;2025-11-23;15;716
50;2025-11-23;16;746
50;2025-11-23;17;743
50;2025-11-23;18;710
50;2025-11-23;19;591
50;2025-11-23;20;510
50;2025-11-23;21;409
50;2025-11-23;22;212
50;2025-11-23;23;119
50;2025-11-24;0;27
50;2025-11-24;1;2
50;2025-11-24;2;0
50;2025-11-24;3;0
50;2025-11-24;4;3
50;2025-11-24;5;72
50;2025-11-24;6;572
50;2025-11-24;7;1840
50;2025-11-24;8;2930
50;2025-11-24;9;2293
50;2025-11-24;10;1747
50;2025-11-24;11;1591
50;2025-11-24;12;1500
50;2025-11-24;13;1550
50;2025-11-24;14;1470
50;2025-11-24;15;1680
50;2025-11-24;16;1771
50;2025-11-24;17;2461
50;2025-11-24;18;2565
50;2025-11-24;19;1282
50;2025-11-24;20;801
50;2025-11-24;21;561
50;2025-11-24;22;269
50;2025-11-24;23;149
50;2025-11-25;0;28
50;2025-11-25;1;2
50;2025-11-25;2;0
50;2025-11-25;3;0
50;2025-11-25;4;3
50;2025-11-25;5;73
50;2025-11-25;6;574
50;2025-11-25;7;1846
50;2025-11-25;8;2933
50;2025-11-25;9;2299
50;2025-11-25;10;1759
50;2025-11-25;11;1594
50;2025-11-25;12;1507
50;2025-11-25;13;1556
50;2025-11-25;14;1477
50;2025-11-25;15;1686
50;2025-11-25;16;1781
50;2025-11-25;17;2468
50;2025-11-25;18;2565
50;2025-11-25;19;1540
50;2025-11-25;20;958
50;2025-11-25;21;666
50;2025-11-25;22;270
50;2025-11-25;23;150
50;2025-11-26;0;27
50;2025-11-26;1;2
50;2025-11-26;2;0
50;2025-11-26;3;0
50;2025-11-26;4;3
50;2025-11-26;5;73
50;2025-11-26;6;568
50;2025-11-26;7;1839
50;2025-11-26;8;2923
50;2025-11-26;9;2287
50;2025-11-26;10;1750
50;2025-11-26;11;1596
50;2025-11-26;12;1511
50;2025-11-26;13;1552
50;2025-11-26;14;1471
50;2025-11-26;15;1680
50;2025-11-26;16;1775
50;2025-11-26;17;2460
50;2025-11-26;18;2563
50;2025-11-26;19;1533
50;2025-11-26;20;953
50;2025-11-26;21;669
50;2025-11-26;22;271
50;2025-11-26;23;151
50;2025-11-27;0;27
50;2025-11-27;1;2
50;2025-11-27;2;0
50;2025-11-27;3;0
50;2025-11-27;4;3
50;2025-11-27;5;72
50;2025-11-27;6;567
50;2025-11-27;7;1839
50;2025-11-27;8;2927
50;2025-11-27;9;2289
50;2025-11-27;10;1755
50;2025-11-27;11;1595
50;2025-11-27;12;1507
50;2025-11-27;13;1554
50;2025-11-27;14;1471
50;2025-11-27;15;1681
50;2025-11-27;16;1775
50;2025-11-27;17;2463
50;2025-11-27;18;2569
50;2025-11-27;19;1539
50;2025-11-27;20;963
50;2025-11-27;21;672
50;2025-11-27;22;272
50;2025-11-27;23;152
50;2025-11-28;0;36
50;2025-11-28;1;2
50;2025-11-28;2;0
50;2025-11-28;3;0
50;2025-11-28;4;3
50;2025-11-28;5;70
50;2025-11-28;6;544
50;2025-11-28;7;1779
50;2025-11-28;8;2747
50;2025-11-28;9;2140
50;2025-11-28;10;1538
50;2025-11-28;11;1610
50;2025-11-28;12;1505
50;2025-11-28;13;1512
50;2025-11-28;14;1449
50;2025-11-28;15;1762
50;2025-11-28;16;2166
50;2025-11-28;17;2173
50;2025-11-28;18;1676
50;2025-11-28;19;1239
50;2025-11-28;20;852
50;2025-11-28;21;554
50;2025-11-28;22;285
50;2025-11-28;23;171
50;2025-11-29;0;67
50;2025-11-29;1;6
50;2025-11-29;2;0
50;2025-11-29;3;0
50;2025-11-29;4;1
50;2025-11-29;5;31
50;2025-11-29;6;180
50;2025-11-29;7;448
50;2025-11-29;8;670
50;2025-11-29;9;772
50;2025-11-29;10;694
50;2025-11-29;11;888
50;2025-11-29;12;888
50;2025-11-29;13;903
50;2025-11-29;14;929
50;2025-11-29;15;877
50;2025-11-29;16;891
50;2025-11-29;17;835
50;2025-11-29;18;769
50;2025-11-29;19;716
50;2025-11-29;20;530
50;2025-11-29;21;451
50;2025-11-29;22;269
50;2025-11-29;23;166
50;2025-11-30;0;53
50;2025-11-30;1;6
50;2025-11-30;2;0
50;2025-11-30;3;0
50;2025-11-30;4;1
50;2025-11-30;5;28
50;2025-11-30;6;140
50;2025-11-30;7;268
50;2025-11-30;8;395
50;2025-11-30;9;486
50;2025-11-30;10;565
50;2025-11-30;11;683
50;2025-11-30;12;747
50;2025-11-30;13;826
50;2025-11-30;14;850
50;2025-11-30;15;716
50;2025-11-30;16;746
50;2025-11-30;17;743
50;2025-11-30;18;710
50;2025-11-30;19;591
50;2025-11-30;20;510
50;2025-11-30;21;409
50;2025-11-30;22;212
50;2025-11-30;23;119
50;2025-12-01;0;26
50;2025-12-01;1;2
50;2025-12-01;2;0
50;2025-12-01;3;0
50;2025-12-01;4;3
50;2025-12-01;5;71
50;2025-12-01;6;560
50;2025-12-01;7;1803
50;2025-12-01;8;2872
50;2025-12-01;9;2247
50;2025-12-01;10;1712
50;2025-12-01;11;1560
50;2025-12-01;12;1471
50;2025-12-01;13;1519
50;2025-12-01;14;1441
50;2025-12-01;15;1646
50;2025-12-01;16;1736
50;2025-12-01;17;2413
50;2025-12-01;18;2514
50;2025-12-01;19;1496
50;2025-12-01;20;931
50;2025-12-01;21;652
50;2025-12-01;22;264
50;2025-12-01;23;146
50;2025-12-02;0;27
50;2025-12-02;1;2
50;2025-12-02;2;0
50;2025-12-02;3;0
50;2025-12-02;4;3
50;2025-12-02;5;71
50;2025-12-02;6;563
50;2025-12-02;7;1809
50;2025-12-02;8;2874
50;2025-12-02;9;2253
50;2025-12-02;10;1724
50;2025-12-02;11;1563
50;2025-12-02;12;1477
50;2025-12-02;13;1525
50;2025-12-02;14;1447
50;2025-12-02;15;1653
50;2025-12-02;16;1745
50;2025-12-02;17;2419
50;2025-12-02;18;2514
50;2025-12-02;19;1509
50;2025-12-02;20;939
50;2025-12-02;21;652
50;2025-12-02;22;264
50;2025-12-02;23;147
50;2025-12-03;0;26
50;2025-12-03;1;2
50;2025-12-03;2;0
50;2025-12-03;3;0
50;2025-12-03;4;3
50;2025-12-03;5;71
50;2025-12-03;6;557
50;2025-12-03;7;1802
50;2025-12-03;8;2865
50;2025-12-03;9;2241
50;2025-12-03;10;1715
50;2025-12-03;11;1564
50;2025-12-03;12;1481
50;2025-12-03;13;1521
50;2025-12-03;14;1442
50;2025-12-03;15;1647
50;2025-12-03;16;1740
50;2025-12-03;17;2411
50;2025-12-03;18;2512
50;2025-12-03;19;1502
50;2025-12-03;20;934
50;2025-12-03;21;655
50;2025-12-03;22;266
50;2025-12-03;23;148
50;2025-12-04;0;27
50;2025-12-04;1;2
50;2025-12-04;2;0
50;2025-12-04;3;0
50;2025-12-04;4;3
50;2025-12-04;5;71
50;2025-12-04;6;556
50;2025-12-04;7;1802
50;2025-12-04;8;2868
50;2025-12-04;9;2244
50;2025-12-04;10;1720
50;2025-12-04;11;1563
50;2025-12-04;12;1477
50;2025-12-04;13;1522
50;2025-12-04;14;1442
50;2025-12-04;15;1648
50;2025-12-04;16;1739
50;2025-12-04;17;2414
50;2025-12-04;18;2518
50;2025-12-04;19;1508
50;2025-12-04;20;944
50;2025-12-04;21;658
50;2025-12-04;22;267
50;2025-12-04;23;149
50;2025-12-05;0;36
50;2025-12-05;1;1
50;2025-12-05;2;0
50;2025-12-05;3;0
50;2025-12-05;4;2
50;2025-12-05;5;68
50;2025-12-05;6;533
50;2025-12-05;7;1743
50;2025-12-05;8;2692
50;2025-12-05;9;2098
50;2025-12-05;10;1507
50;2025-12-05;11;1578
50;2025-12-05;12;1475
50;2025-12-05;13;1482
50;2025-12-05;14;1420
50;2025-12-05;15;1726
50;2025-12-05;16;2123
50;2025-12-05;17;2130
50;2025-12-05;18;1642
50;2025-12-05;19;1214
50;2025-12-05;20;835
50;2025-12-05;21;543
50;2025-12-05;22;279
50;2025-12-05;23;168
50;2025-12-06;0;65
50;2025-12-06;1;6
50;2025-12-06;2;0
50;2025-12-06;3;0
50;2025-12-06;4;1
50;2025-12-06;5;31
50;2025-12-06;6;176
50;2025-12-06;7;439
50;2025-12-06;8;657
50;2025-12-06;9;756
50;2025-12-06;10;680
50;2025-12-06;11;870
50;2025-12-06;12;870
50;2025-12-06;13;885
50;2025-12-06;14;910
50;2025-12-06;15;859
50;2025-12-06;16;873
50;2025-12-06;17;818
50;2025-12-06;18;753
50;2025-12-06;19;702
50;2025-12-06;20;519
50;2025-12-06;21;442
50;2025-12-06;22;263
50;2025-12-06;23;163
50;2025-12-07;0;52
50;2025-12-07;1;6
50;2025-12-07;2;0
50;2025-12-07;3;0
50;2025-12-07;4;1
50;2025-12-07;5;28
50;2025-12-07;6;138
50;2025-12-07;7;263
50;2025-12-07;8;387
50;2025-12-07;9;476
50;2025-12-07;10;554
50;2025-12-07;11;669
50;2025-12-07;12;732
50;2025-12-07;13;810
50;2025-12-07;14;833
50;2025-12-07;15;701
50;2025-12-07;16;731
50;2025-12-07;17;728
50;2025-12-07;18;696
50;2025-12-07;19;579
50;2025-12-07;20;500
50;2025-12-07;21;400
50;2025-12-07;22;207
50;2025-12-07;23;116
50;2025-12-08;0;26
50;2025-12-08;1;2
50;2025-12-08;2;0
50;2025-12-08;3;0
50;2025-12-08;4;3
50;2025-12-08;5;71
50;2025-12-08;6;560
50;2025-12-08;7;1803
50;2025-12-08;8;2872
50;2025-12-08;9;2247
50;2025-12-08;10;1712
50;2025-12-08;11;1560
50;2025-12-08;12;1471
50;2025-12-08;13;1519
50;2025-12-08;14;1441
50;2025-12-08;15;1646
50;2025-12-08;16;1736
50;2025-12-08;17;2413
50;2025-12-08;18;2514
50;2025-12-08;19;1496
50;2025-12-08;20;931
50;2025-12-08;21;652
50;2025-12-08;22;264
50;2025-12-08;23;146
50;2025-12-09;0;27
50;2025-12-09;1;2
50;2025-12-09;2;0
50;2025-12-09;3;0
50;2025-12-09;4;3
50;2025-12-09;5;71
50;2025-12-09;6;563
50;2025-12-09;7;1809
50;2025-12-09;8;2874
50;2025-12-09;9;2253
50;2025-12-09;10;1724
50;2025-12-09;11;1563
50;2025-12-09;12;1477
50;2025-12-09;13;1525
50;2025-12-09;14;1447
50;2025-12-09;15;1653
50;2025-12-09;16;1745
50;2025-12-09;17;2419
50;2025-12-09;18;2514
50;2025-12-09;19;1509
50;2025-12-09;20;939
50;2025-12-09;21;652
50;2025-12-09;22;264
50;2025-12-09;23;147
50;2025-12-10;0;26
50;2025-12-10;1;2
50;2025-12-10;2;0
50;2025-12-10;3;0
50;2025-12-10;4;3
50;2025-12-10;5;71
50;2025-12-10;6;557
50;2025-12-10;7;1802
50;2025-12-10;8;2865
50;2025-12-10;9;2241
50;2025-12-10;10;1715
50;2025-12-10;11;1564
50;2025-12-10;12;1481
50;2025-12-10;13;1521
50;2025-12-10;14;1442
50;2025-12-10;15;1647
50;2025-12-10;16;1740
50;2025-12-10;17;2411
50;2025-12-10;18;2512
50;2025-12-10;19;1502
50;2025-12-10;20;934
50;2025-12-10;21;655
50;2025-12-10;22;266
50;2025-12-10;23;148
50;2025-12-11;0;27
50;2025-12-11;1;2
50;2025-12-11;2;0
50;2025-12-11;3;0
50;2025-12-11;4;3
50;2025-12-11;5;71
50;2025-12-11;6;556
50;2025-12-11;7;1802
50;2025-12-11;8;2868
50;2025-12-11;9;2244
50;2025-12-11;10;1720
50;2025-12-11;11;1563
50;2025-12-11;12;1477
50;2025-12-11;13;1522
50;2025-12-11;14;1442
50;2025-12-11;15;1648
50;2025-12-11;16;1739
50;2025-12-11;17;2414
50;2025-12-11;18;2518
50;2025-12-11;19;1508
50;2025-12-11;20;944
50;2025-12-11;21;658
50;2025-12-11;22;267
50;2025-12-11;23;149
50;2025-12-12;0;36
50;2025-12-12;1;1
50;2025-12-12;2;0
50;2025-12-12;3;0
50;2025-12-12;4;2
50;2025-12-12;5;68
50;2025-12-12;6;533
50;2025-12-12;7;1743
50;2025-12-12;8;2692
50;2025-12-12;9;2098
50;2025-12-12;10;1507
50;2025-12-12;11;1578
50;2025-12-12;12;1475
50;2025-12-12;13;1482
50;2025-12-12;14;1420
50;2025-12-12;15;1726
50;2025-12-12;16;2123
50;2025-12-12;17;2130
50;2025-12-12;18;1642
50;2025-12-12;19;1214
50;2025-12-12;20;835
50;2025-12-12;21;543
50;2025-12-12;22;279
50;2025-12-12;23;168
50;2025-12-13;0;65
50;2025-12-13;1;6
50;2025-12-13;2;0
50;2025-12-13;3;0
50;2025-12-13;4;1
50;2025-12-13;5;31
50;2025-12-13;6;176
50;2025-12-13;7;439
50;2025-12-13;8;657
50;2025-12-13;9;756
50;2025-12-13;10;680
50;2025-12-13;11;870
50;2025-12-13;12;870
50;2025-12-13;13;885
50;2025-12-13;14;910
50;2025-12-13;15;859
50;2025-12-13;16;873
50;2025-12-13;17;818
50;2025-12-13;18;753
50;2025-12-13;19;702
50;2025-12-13;20;519
50;2025-12-13;21;442
50;2025-12-13;22;263
50;2025-12-13;23;163
50;2025-12-14;0;52
50;2025-12-14;1;6
50;2025-12-14;2;0
50;2025-12-14;3;0
50;2025-12-14;4;1
50;2025-12-14;5;28
50;2025-12-14;6;138
50;2025-12-14;7;263
50;2025-12-14;8;387
50;2025-12-14;9;476
50;2025-12-14;10;554
50;2025-12-14;11;669
50;2025-12-14;12;732
50;2025-12-14;13;810
50;2025-12-14;14;833
50;2025-12-14;15;701
50;2025-12-14;16;731
50;2025-12-14;17;728
50;2025-12-14;18;696
50;2025-12-14;19;579
50;2025-12-14;20;500
50;2025-12-14;21;400
50;2025-12-14;22;207
50;2025-12-14;23;116
50;2025-12-15;0;26
50;2025-12-15;1;2
50;2025-12-15;2;0
50;2025-12-15;3;0
50;2025-12-15;4;3
50;2025-12-15;5;71
50;2025-12-15;6;560
50;2025-12-15;7;1803
50;2025-12-15;8;2872
50;2025-12-15;9;2247
50;2025-12-15;10;1712
50;2025-12-15;11;1560
50;2025-12-15;12;1471
50;2025-12-15;13;1519
50;2025-12-15;14;1441
50;2025-12-15;15;1646
50;2025-12-15;16;1736
50;2025-12-15;17;2413
50;2025-12-15;18;2514
50;2025-12-15;19;1496
50;2025-12-15;20;931
50;2025-12-15;21;652
50;2025-12-15;22;264
50;2025-12-15;23;146
50;2025-12-16;0;27
50;2025-12-16;1;2
50;2025-12-16;2;0
50;2025-12-16;3;0
50;2025-12-16;4;3
50;2025-12-16;5;71
50;2025-12-16;6;563
50;2025-12-16;7;1809
50;2025-12-16;8;2874
50;2025-12-16;9;2253
50;2025-12-16;10;1724
50;2025-12-16;11;1563
50;2025-12-16;12;1477
50;2025-12-16;13;1525
50;2025-12-16;14;1447
50;2025-12-16;15;1653
50;2025-12-16;16;1745
50;2025-12-16;17;2419
50;2025-12-16;18;2514
50;2025-12-16;19;1509
50;2025-12-16;20;939
50;2025-12-16;21;652
50;2025-12-16;22;264
50;2025-12-16;23;147
50;2025-12-17;0;26
50;2025-12-17;1;2
50;2025-12-17;2;0
50;2025-12-17;3;0
50;2025-12-17;4;3
50;2025-12-17;5;71
50;2025-12-17;6;557
50;2025-12-17;7;1802
50;2025-12-17;8;2865
50;2025-12-17;9;2241
50;2025-12-17;10;1715
50;2025-12-17;11;1564
50;2025-12-17;12;1481
50;2025-12-17;13;1521
50;2025-12-17;14;1442
50;2025-12-17;15;1647
50;2025-12-17;16;1740
50;2025-12-17;17;2411
50;2025-12-17;18;2512
50;2025-12-17;19;1502
50;2025-12-17;20;934
50;2025-12-17;21;655
50;2025-12-17;22;266
50;2025-12-17;23;148
50;2025-12-18;0;27
50;2025-12-18;1;2
50;2025-12-18;2;0
50;2025-12-18;3;0
50;2025-12-18;4;3
50;2025-12-18;5;71
50;2025-12-18;6;556
50;2025-12-18;7;1802
50;2025-12-18;8;2868
50;2025-12-18;9;2244
50;2025-12-18;10;1720
50;2025-12-18;11;1563
50;2025-12-18;12;1477
50;2025-12-18;13;1522
50;2025-12-18;14;1442
50;2025-12-18;15;1648
50;2025-12-18;16;1739
50;2025-12-18;17;2414
50;2025-12-18;18;2518
50;2025-12-18;19;1508
50;2025-12-18;20;944
50;2025-12-18;21;658
50;2025-12-18;22;267
50;2025-12-18;23;149
50;2025-12-19;0;36
50;2025-12-19;1;1
50;2025-12-19;2;0
50;2025-12-19;3;0
50;2025-12-19;4;2
50;2025-12-19;5;68
50;2025-12-19;6;533
50;2025-12-19;7;1743
50;2025-12-19;8;2692
50;2025-12-19;9;2098
50;2025-12-19;10;1507
50;2025-12-19;11;1578
50;2025-12-19;12;1475
50;2025-12-19;13;1482
50;2025-12-19;14;1420
50;2025-12-19;15;1726
50;2025-12-19;16;2123
50;2025-12-19;17;2130
50;2025-12-19;18;1642
50;2025-12-19;19;1214
50;2025-12-19;20;835
50;2025-12-19;21;543
50;2025-12-19;22;279
50;2025-12-19;23;168
50;2025-12-20;0;65
50;2025-12-20;1;6
50;2025-12-20;2;0
50;2025-12-20;3;0
50;2025-12-20;4;1
50;2025-12-20;5;31
50;2025-12-20;6;176
50;2025-12-20;7;439
50;2025-12-20;8;657
50;2025-12-20;9;756
50;2025-12-20;10;680
50;2025-12-20;11;870
50;2025-12-20;12;870
50;2025-12-20;13;885
50;2025-12-20;14;910
50;2025-12-20;15;859
50;2025-12-20;16;873
50;2025-12-20;17;818
50;2025-12-20;18;753
50;2025-12-20;19;702
50;2025-12-20;20;519
50;2025-12-20;21;442
50;2025-12-20;22;263
50;2025-12-20;23;163
50;2025-12-21;0;52
50;2025-12-21;1;6
50;2025-12-21;2;0
50;2025-12-21;3;0
50;2025-12-21;4;1
50;2025-12-21;5;28
50;2025-12-21;6;138
50;2025-12-21;7;263
50;2025-12-21;8;387
50;2025-12-21;9;476
50;2025-12-21;10;554
50;2025-12-21;11;669
50;2025-12-21;12;732
50;2025-12-21;13;810
50;2025-12-21;14;833
50;2025-12-21;15;701
50;2025-12-21;16;731
50;2025-12-21;17;728
50;2025-12-21;18;696
50;2025-12-21;19;579
50;2025-12-21;20;500
50;2025-12-21;21;400
50;2025-12-21;22;207
50;2025-12-21;23;116
50;2025-12-22;0;26
50;2025-12-22;1;2
50;2025-12-22;2;0
50;2025-12-22;3;0
50;2025-12-22;4;3
50;2025-12-22;5;71
50;2025-12-22;6;560
50;2025-12-22;7;1803
50;2025-12-22;8;2872
50;2025-12-22;9;2247
50;2025-12-22;10;1712
50;2025-12-22;11;1560
50;2025-12-22;12;1471
50;2025-12-22;13;1519
50;2025-12-22;14;1441
50;2025-12-22;15;1646
50;2025-12-22;16;1736
50;2025-12-22;17;2413
50;2025-12-22;18;2514
50;2025-12-22;19;1496
50;2025-12-22;20;931
50;2025-12-22;21;652
50;2025-12-22;22;264
50;2025-12-22;23;146
50;2025-12-23;0;27
50;2025-12-23;1;2
50;2025-12-23;2;0
50;2025-12-23;3;0
50;2025-12-23;4;3
50;2025-12-23;5;71
50;2025-12-23;6;563
50;2025-12-23;7;1809
50;2025-12-23;8;2874
50;2025-12-23;9;2253
50;2025-12-23;10;1724
50;2025-12-23;11;1563
50;2025-12-23;12;1477
50;2025-12-23;13;1525
50;2025-12-23;14;1447
50;2025-12-23;15;1653
50;2025-12-23;16;1745
50;2025-12-23;17;2419
50;2025-12-23;18;2514
50;2025-12-23;19;1509
50;2025-12-23;20;939
50;2025-12-23;21;652
50;2025-12-23;22;264
50;2025-12-23;23;147
50;2025-12-24;0;26
50;2025-12-24;1;2
50;2025-12-24;2;0
50;2025-12-24;3;0
50;2025-12-24;4;3
50;2025-12-24;5;71
50;2025-12-24;6;557
50;2025-12-24;7;1802
50;2025-12-24;8;2865
50;2025-12-24;9;2241
50;2025-12-24;10;1715
50;2025-12-24;11;1564
50;2025-12-24;12;1481
50;2025-12-24;13;1521
50;2025-12-24;14;1442
50;2025-12-24;15;1647
50;2025-12-24;16;1740
50;2025-12-24;17;2411
50;2025-12-24;18;2512
50;2025-12-24;19;1502
50;2025-12-24;20;934
50;2025-12-24;21;655
50;2025-12-24;22;266
50;2025-12-24;23;148
50;2025-12-25;0;27
50;2025-12-25;1;2
50;2025-12-25;2;0
50;2025-12-25;3;0
50;2025-12-25;4;3
50;2025-12-25;5;71
50;2025-12-25;6;556
50;2025-12-25;7;1802
50;2025-12-25;8;2868
50;2025-12-25;9;2244
50;2025-12-25;10;1720
50;2025-12-25;11;1563
50;2025-12-25;12;1477
50;2025-12-25;13;1522
50;2025-12-25;14;1442
50;2025-12-25;15;1648
50;2025-12-25;16;1739
50;2025-12-25;17;2414
50;2025-12-25;18;2518
50;2025-12-25;19;1508
50;2025-12-25;20;944
50;2025-12-25;21;658
50;2025-12-25;22;267
50;2025-12-25;23;149
50;2025-12-26;0;36
50;2025-12-26;1;1
50;2025-12-26;2;0
50;2025-12-26;3;0
50;2025-12-26;4;2
50;2025-12-26;5;68
50;2025-12-26;6;533
50;2025-12-26;7;1743
50;2025-12-26;8;2692
50;2025-12-26;9;2098
50;2025-12-26;10;1507
50;2025-12-26;11;1578
50;2025-12-26;12;1475
50;2025-12-26;13;1482
50;2025-12-26;14;1420
50;2025-12-26;15;1726
50;2025-12-26;16;2123
50;2025-12-26;17;2130
50;2025-12-26;18;1642
50;2025-12-26;19;1214
50;2025-12-26;20;835
50;2025-12-26;21;543
50;2025-12-26;22;279
50;2025-12-26;23;168
50;2025-12-27;0;65
50;2025-12-27;1;6
50;2025-12-27;2;0
50;2025-12-27;3;0
50;2025-12-27;4;1
50;2025-12-27;5;31
50;2025-12-27;6;176
50;2025-12-27;7;439
50;2025-12-27;8;657
50;2025-12-27;9;756
50;2025-12-27;10;680
50;2025-12-27;11;870
50;2025-12-27;12;870
50;2025-12-27;13;885
50;2025-12-27;14;910
50;2025-12-27;15;859
50;2025-12-27;16;873
50;2025-12-27;17;818
50;2025-12-27;18;753
50;2025-12-27;19;702
50;2025-12-27;20;519
50;2025-12-27;21;442
50;2025-12-27;22;263
50;2025-12-27;23;163
50;2025-12-28;0;52
50;2025-12-28;1;6
50;2025-12-28;2;0
50;2025-12-28;3;0
50;2025-12-28;4;1
50;2025-12-28;5;28
50;2025-12-28;6;138
50;2025-12-28;7;263
50;2025-12-28;8;387
50;2025-12-28;9;396
50;2025-12-28;10;461
50;2025-12-28;11;558
50;2025-12-28;12;610
50;2025-12-28;13;809
50;2025-12-28;14;833
50;2025-12-28;15;701
50;2025-12-28;16;732
50;2025-12-28;17;729
50;2025-12-28;18;696
50;2025-12-28;19;579
50;2025-12-28;20;500
50;2025-12-28;21;400
50;2025-12-28;22;207
50;2025-12-28;23;116
50;2025-12-29;0;23
50;2025-12-29;1;2
50;2025-12-29;2;0
50;2025-12-29;3;0
50;2025-12-29;4;3
50;2025-12-29;5;64
50;2025-12-29;6;503
50;2025-12-29;7;1619
50;2025-12-29;8;2579
50;2025-12-29;9;2018
50;2025-12-29;10;1538
50;2025-12-29;11;1401
50;2025-12-29;12;1321
50;2025-12-29;13;1364
50;2025-12-29;14;1294
50;2025-12-29;15;1479
50;2025-12-29;16;1559
50;2025-12-29;17;2167
50;2025-12-29;18;2257
50;2025-12-29;19;1344
50;2025-12-29;20;836
50;2025-12-29;21;586
50;2025-12-29;22;237
50;2025-12-29;23;131
50;2025-12-30;0;24
50;2025-12-30;1;2
50;2025-12-30;2;0
50;2025-12-30;3;0
50;2025-12-30;4;3
50;2025-12-30;5;64
50;2025-12-30;6;505
50;2025-12-30;7;1625
50;2025-12-30;8;2581
50;2025-12-30;9;2023
50;2025-12-30;10;1548
50;2025-12-30;11;1403
50;2025-12-30;12;1326
50;2025-12-30;13;1370
50;2025-12-30;14;1300
50;2025-12-30;15;1484
50;2025-12-30;16;1567
50;2025-12-30;17;2172
50;2025-12-30;18;2257
50;2025-12-30;19;1355
50;2025-12-30;20;843
50;2025-12-30;21;586
50;2025-12-30;22;238
50;2025-12-30;23;132
50;2025-12-31;0;49
50;2025-12-31;1;6
50;2025-12-31;2;0
50;2025-12-31;3;0
50;2025-12-31;4;1
50;2025-12-31;5;28
50;2025-12-31;6;140
50;2025-12-31;7;268
50;2025-12-31;8;391
50;2025-12-31;9;479
50;2025-12-31;10;552
50;2025-12-31;11;656
50;2025-12-31;12;718
50;2025-12-31;13;795
50;2025-12-31;14;819
50;2025-12-31;15;689
50;2025-12-31;16;718
50;2025-12-31;17;720
50;2025-12-31;18;691
50;2025-12-31;19;580
50;2025-12-31;20;503
50;2025-12-31;21;404
50;2025-12-31;22;209
50;2025-12-31;23;118
