tree
version=v4
num_class=1
num_tree_per_iteration=1
label_index=0
max_feature_idx=16
objective=regression_l1
feature_names=route hour dow ptype is_holiday is_short_workday is_working_weekend is_day_off pre_new_year_week days_to_ny lvl_wd5 lvl_wd10 lvl_wd20 lag_w1 lag_m4 in_regime hour_share
feature_infos=-1:4:3:2:6:8:1:0:7:5 [0:23] [0:6] [0:3] [0:1] [0:1] none [0:1] none [62:90] [0.65018269224127812:1.5233017575096777] [0.69067921004942157:1.4605996151119214] [0.71326988065097863:1.2140828604622831] [0:132.58822579527782] [0:290.00569000834537] [0:1] [2.6520978093672095e-05:0.24330789648307899]
tree_sizes=1750 1856 1852 1865 1881 1882 1850 1874 1870 1852 1859 1872 1868 1849 1853 1872 1852 1867 1877 1867 1856 1853 1847 1849 1861 1858 1856 1879 1879 1863 1869 1850 1848 1867 1854 1821 1855 1849 1865 1865 1843 1836 1859 1853 1833 1854 1859 1852 1857 1838 1866 1829 1878 1847 1839 1862 1885 1838 1865 1858 1847 1818 1844 1865 1865 1862 1862 1859 1858 1846 1855 1866 1850 1861 1856 1878 1871 1869 1866 1897 1866 1883 1881 1851 1875 1876 1888 1849 1870 1868 1880 1881 1883 1858 1855 1865 1864 1876 1856 1835 1870 1864 1870 1855 1882 1888 1869 1860 1864 1850 1861 1848 1856 1876 1873 1848 1865 1861 1857 1890 1846 1845 1850 1867 1853 1859 1870 1831 1869 1832 1864 1861 1860 1863 1852 1872 1847 1847 1843 1888 1861 1862 1857 1869 1880 1878 1843 1895 1862 1879 1870 1856 1859 1843 1882 1849 1872 1850 1891 1855 1851 1863 1858 1831 1861 1867 1854 1849 1847 1858 1852 1855 1833 1840 1877 1830 1867 1815 1881 1844 1875 1847 1876 1867 1869 1860 1866 1843 1860 1860 1826 1824 1878 1854 1863 1877 1857 1848 1863 1876 1863 1852 1861 1835 1842 1858 1842 1885 1877 1842 1873 1889 1839 1859 1846 1877 1873 1859 1831 1874 1866 1863 1867 1843 1835 1870 1879 1882 1854 1851 1822 1894 1861 1862 1872 1841 1853 1866 1880 1881 1853 1862 1806 1875 1863 1829 1872 1892 1842 1843 1878 1892 1884 1873 1868 1854 1858 1873 1849 1871 1845 1837 1881 1867 1856 1886 1827 1866 1882 1862 1867 1843 1873 1871 1833 1846 1887 1877 1844 1871 1858 1874 1826 1867 1853 1855 1861 1838 1867 1856 1880 1821 1841 1871 1861 1824 1879 1873 1838 1851 1876 1868 1862 1865 1865 1848 1874 1860 1881 1842 1845 1857 1883 1863 1849 1861 1866 1840 1863 1851 1875 1863 1867 1858 1843 1874 1853 1886 1854 1874 1878 1880 1816 1884 1859 1836 1865 1855 1853 1850 1846 1803 1855 1825 1840 1858 1883 1868 1844 1866 1855 1856 1869 1857 1842 1859 1835 1867 1838 1861 1856 1852 1860 1859 1852 1839 1859 1867 1861 1880 1858 1854 1860 1862 1868 1874 1885 1870 1859 1862 1866 1861 1851 1846 1833 1856 1838 1864 1862 1877 1828 1829 1844 1852 1860 1848 1862 1872 1843 1859 1862 1849 1850 1853 1856 1884 1822 1814 1836 1836 1847 1889 1854 1842 1858 1826 1857 1861 1847 1854 1869 1879 1842 1865 1879 1843 1832 1849 1835 1868 1827 1879 1888 1850 1888 1869 1854 1857 1857 1861 1860 1825 1850 1868 1869 1832 1862 1858 1866 1860 1870 1849 1861 1854 1863 1882 1849 1859 1857 1874 1879 1860 1853 1857 1854 1872 1852 1862 1852 1856 1881 1864 1847 1837 1871 1850 1837 1838 1859 1882 1846 1879 1857 1843 1848 1819 1867 1868 1860 1875 1876 1825 1833 1848 1888 1860 1840 1815 1841 1845

Tree=0
num_leaves=15
num_cat=3
split_feature=13 14 11 14 2 1 0 9 0 1 1 11 0 13
split_gain=3.81495e+06 1.1206e+06 861962 793746 604614 562220 526023 432226 455715 442255 382902 372079 600092 338721
threshold=0.97416003823999875 0.93731857105877125 0.97444208477667915 0.98808122580044067 1.0000000180025095e-35 18.500000000000004 0 89.500000000000014 1 17.500000000000004 8.5000000000000018 1.0132613496646867 2 1.0432181347827461
decision_type=2 2 2 2 2 2 1 2 1 2 2 2 1 2
left_child=1 6 5 7 -3 -2 -1 9 -9 -4 -8 12 -6 -5
right_child=2 4 3 13 11 -7 10 8 -10 -11 -12 -13 -14 -15
leaf_value=1.0008081344062383 1.0004255205396779 1.0005011908620671 1.0023659171445645 1.001738388480526 0.99973540285251772 1.0026011678682489 1.0011644327640534 1.0018053055712826 1.0010039332355478 1.0006133299633142 0.99998936579402276 1.0017154833816 1.0014759150076604 1.0024269378185273
leaf_weight=21536205.967141271 12803945.500944018 10745649.94733429 8166100.2062956095 33798004.153495312 7011853.0297060013 2928778.6545205116 5180262.5616010427 19416389.315841556 23042575.899484038 1868734.0596311092 26488572.156177759 23982726.844018459 13127264.088865519 44131933.47630465
leaf_count=27474 11864 7876 6126 22865 6948 4397 6883 18623 14853 1814 14769 25760 12255 47898
internal_value=1.00132 0.997048 1.00448 1.00528 1.00006 0.997848 0.993945 1.00243 1.00111 1.00803 0.991486 1.00161 0.998604 1.0072
internal_weight=2.54229e+08 1.08073e+08 1.46156e+08 1.30424e+08 5.48675e+07 1.57327e+07 5.3205e+07 5.24938e+07 4.2459e+07 1.00348e+07 3.16688e+07 4.41218e+07 2.01391e+07 7.79299e+07
internal_count=230405 101965 128440 112179 52839 16261 49126 41416 33476 7940 21652 44963 19203 70763
cat_boundaries=0 1 2 3
cat_threshold=229 103 324
is_linear=0
shrinkage=1


Tree=1
num_leaves=15
num_cat=4
split_feature=14 10 0 0 2 1 14 16 10 9 0 9 1 0
split_gain=2.94851e+06 2.43684e+06 1.1543e+06 647057 615944 602849 697161 534942 444521 437354 403276 334943 575448 342616
threshold=0.95337339912946384 1.0098181770434389 0 1 2.5000000000000004 8.5000000000000018 0.82798925996342188 0.056582051187706268 0.88315745690132064 68.500000000000014 2 89.500000000000014 17.500000000000004 3
decision_type=2 2 1 1 2 2 2 2 2 2 1 2 2 1
left_child=5 2 -2 -3 -5 8 -7 -4 -1 -6 -9 12 -8 -13
right_child=1 3 7 4 9 6 11 10 -10 -11 -12 13 -14 -15
leaf_value=-0.0014412500271249041 -0.0033670657607889607 0.0010709451270126573 0.00038594172320158379 -3.7428987009103105e-05 -0.0008091015420200146 -0.0014727680461931192 0.00091739182047208278 -0.0011319982062263354 0.00026828895807265993 0.00080105931331278535 -0.00010892808630258045 -0.00073685325040047985 -0.0015497940205521006 -0.00034863885345206029
leaf_weight=1765792.2007848024 3584871.6190941334 47196007.845117927 16524362.866876841 28351926.848753333 2117629.7470207214 20340132.825401068 5383767.6325283051 14636608.21925354 13788600.572025418 32157764.869593024 20409729.410095215 22236312.072891235 2267555.3472366333 23098293.269686699
leaf_count=2128 4432 57165 24988 16239 1432 16573 4171 7905 20956 25130 12364 11349 2922 22308
internal_value=-8.71084e-05 0.00228599 -0.00285887 0.00486984 0.00287082 -0.00449202 -0.00562996 -0.00171461 0.000872428 0.00557671 -0.00381265 -0.00381756 0.00198839 -0.00479745
internal_weight=2.53859e+08 1.64979e+08 5.51556e+07 1.09823e+08 6.26273e+07 8.88805e+07 7.33261e+07 5.15707e+07 1.55544e+07 3.42754e+07 3.50463e+07 5.29859e+07 7.65132e+06 4.53346e+07
internal_count=230062 149655 49689 99966 42801 80407 57323 45257 23084 26562 20269 40750 7093 33657
cat_boundaries=0 1 2 3 4
cat_threshold=64 355 262 280
is_linear=0
shrinkage=0.03


Tree=2
num_leaves=15
num_cat=4
split_feature=14 10 12 12 0 10 11 0 0 9 9 16 2 0
split_gain=2.92874e+06 2.29073e+06 1.10378e+06 827632 661291 623627 637046 578196 517645 494537 854652 450568 411220 382211
threshold=0.95337339912946384 0.98364139411840446 1.05577266697232 1.019141366626745 0 1.2883310473777285 1.0585959770333533 1 2 67.500000000000014 89.500000000000014 0.067765284821626623 1.0000000180025095e-35 3
decision_type=2 2 2 2 1 2 2 1 1 2 2 2 2 1
left_child=5 3 4 13 -3 6 -1 -8 -4 -6 -11 -5 -10 -2
right_child=1 2 8 11 9 -7 7 -9 12 10 -12 -13 -14 -15
leaf_value=-0.00068914039400886252 0.00030266587596244839 -2.4195724984654353e-05 0.002212001924232323 -0.0010323853066653763 -0.00057192366871174083 -0.0028010550261531254 0.00056431451819612534 -0.00047457398667515672 -0.00070518601684054318 0.0012686171086944615 0.00037622642468484552 -0.0034164851235259763 0.00087750267763986453 -0.00094377087861890888
leaf_weight=56592860.584022999 10202095.249458671 44113455.841876268 11350672.176983476 5137879.7512636185 4740793.112303853 4555670.1366816759 13048539.099082589 14244067.105427504 1916405.3075231314 12206977.905632854 48370041.02879715 3879713.8027648926 13960197.906704426 8930927.8367804289
leaf_count=48213 9173 33596 14432 7148 3759 3871 13134 14922 1513 9419 45219 2682 12810 9776
internal_value=-6.23773e-06 0.00235709 0.00396234 -0.00543568 0.00261748 -0.00441027 -0.0038232 -5.85774e-05 0.00936755 0.00453402 0.00526427 -0.0129284 0.00586996 -0.00190425
internal_weight=2.5325e+08 1.64809e+08 1.36659e+08 2.81506e+07 1.09431e+08 8.84411e+07 8.38855e+07 2.72926e+07 2.72273e+07 6.53178e+07 6.0577e+07 9.01759e+06 1.58766e+07 1.9133e+07
internal_count=229667 149527 120748 28779 91993 80140 76269 28056 28755 58397 54638 9830 14323 18949
cat_boundaries=0 1 2 3 4
cat_threshold=268 325 356 155
is_linear=0
shrinkage=0.03


Tree=3
num_leaves=15
num_cat=3
split_feature=14 10 12 0 2 10 11 0 1 9 9 1 0 2
split_gain=2.69765e+06 2.26898e+06 1.00048e+06 830660 654412 626557 627720 525228 515311 479668 723328 976394 471146 473373
threshold=0.95527069627741801 0.98364139411840446 1.05577266697232 0 1.0000000180025095e-35 1.2883310473777285 1.1080124201305639 1 8.5000000000000018 67.500000000000014 89.500000000000014 17.500000000000004 2 1.0000000180025095e-35
decision_type=2 2 2 1 2 2 2 1 2 2 2 2 1 2
left_child=5 3 4 -2 -3 6 8 -6 -1 -9 11 -11 -4 -14
right_child=1 2 12 -5 7 -7 -8 9 -10 10 -12 -13 13 -15
leaf_value=6.1169023617288514e-05 -0.0033528405428552934 -0.00038411719657326039 0.0021267804874588259 -0.00052920356893760992 0.00011884885910293437 -0.0028232587602116965 0.00034012083170225596 -0.00061403289514537648 -0.00070522565699203908 0.0016628085385271326 0.0004973403578466517 -0.00026970446416519245 -0.00070725024988433694 0.00085692825009215604
leaf_weight=12964905.63071835 3406357.2942540646 14398897.469804406 11052759.276001096 24395743.232772708 37451650.35506916 4575003.2961016893 12580512.44314158 4009004.6193157434 60781862.584257841 8235817.1972345114 41510776.868806958 2443287.8150782585 1920392.4318165779 13788500.088571787
leaf_count=18378 4205 10233 14199 24261 29127 3902 14342 3236 45515 6229 40039 2263 1493 12658
internal_value=-1.60626e-05 0.00229771 0.00390701 -0.00550567 0.00262081 -0.00415513 -0.00358176 0.00353628 -0.00463835 0.00537033 0.00613849 0.0131017 0.00910001 0.00576108
internal_weight=2.53515e+08 1.62613e+08 1.34811e+08 2.78021e+07 1.08049e+08 9.09023e+07 8.63273e+07 9.36505e+07 7.37468e+07 5.61989e+07 5.21899e+07 1.06791e+07 2.67617e+07 1.57089e+07
internal_count=230080 147943 119477 28466 91127 82137 78235 80894 63893 51767 48531 8492 28350 14151
cat_boundaries=0 1 2 3
cat_threshold=64 268 356
is_linear=0
shrinkage=0.03


Tree=4
num_leaves=15
num_cat=2
split_feature=13 10 2 14 12 12 0 0 9 9 1 16 16 2
split_gain=3.12358e+06 1.08972e+06 879413 790129 637456 568568 631680 477474 449353 842083 754594 417694 396410 364542
threshold=0.96676344700367423 0.97741814070190836 1.0000000180025095e-35 0.93857389370181543 1.0598131614188067 1.0598131614188067 0 1 68.500000000000014 89.500000000000014 17.500000000000004 0.052965481224766277 0.055922555133776648 1.0000000180025095e-35
decision_type=2 2 2 2 2 2 1 1 2 2 2 2 2 2
left_child=3 11 -3 7 13 6 8 -1 -4 10 -10 -2 -8 -5
right_child=1 2 5 4 -6 -7 12 -9 9 -11 -12 -13 -14 -15
leaf_value=-0.00045473409357580112 0.00072710784156973681 -0.00028064587130964194 -0.00048954582606284831 -0.00090863143190846106 0.00085251729952857903 0.0011389858357549894 0.00073879637635251329 -0.0010768368227549484 0.0015925057958863452 0.00049073007457321857 -0.00019231702924165308 -0.0011933482340006317 -0.00016344551960062107 -0.0002152680599170524
leaf_weight=21150299.720922589 3301543.3988050222 19748117.96454072 3864855.100327611 8067732.46094203 7383257.1747530699 22666405.252183914 13943298.364758253 30869561.991867304 7349471.398956418 40595781.019843817 1808549.7964835167 10953300.288375854 28527399.882010937 32991706.153884053
leaf_count=26935 8715 14504 3016 5910 8781 22513 19648 21211 5115 34947 1616 7543 16072 33408
internal_value=-2.1924e-05 0.00268015 0.00349303 -0.00413057 -0.00137356 0.00446784 0.00345966 -0.00669799 0.00562447 0.00638991 0.0146071 -0.00521802 0.000726623 -0.00283287
internal_weight=2.53221e+08 1.52759e+08 1.38504e+08 1.00463e+08 4.84427e+07 1.18756e+08 9.60894e+07 5.20199e+07 5.36187e+07 4.97538e+07 9.15802e+06 1.42548e+07 4.24707e+07 4.10594e+07
internal_count=229934 133689 117431 96245 48099 102927 80414 48146 44694 41678 6731 16258 35720 39318
cat_boundaries=0 1 2
cat_threshold=115 229
is_linear=0
shrinkage=0.03


Tree=5
num_leaves=15
num_cat=1
split_feature=13 10 12 10 12 13 0 9 1 16 12 12 12 16
split_gain=2.98731e+06 1.11188e+06 660624 713475 858950 613915 474422 540684 607186 442208 382074 378440 310023 322271
threshold=0.97416003823999875 0.98364139411840446 0.9353060627559534 1.2883310473777285 1.0659909429752294 1.055358054590634 0 89.500000000000014 17.500000000000004 0.054135815021091403 1.0556393429599884 1.019141366626745 1.0598131614188067 0.082832657416928218
decision_type=2 2 2 2 2 2 1 2 2 2 2 2 2 2
left_child=2 9 -1 4 -4 6 -3 8 -8 -2 -7 -11 -9 -14
right_child=1 5 3 -5 -6 10 7 12 -10 11 -12 -13 13 -15
leaf_value=-0.0018969036624496612 0.00058508554547565081 0.0008250797023855005 -0.00046208945388216043 -0.0029993350592048265 0.00068850422729184436 0.00073620654179291792 0.0010090622429461127 -0.00021610256630747094 -0.00062770226521631294 -0.0005162965840199862 0.001732961061699642 -0.0025002558231603453 0.00070396110682006941 -0.0006012426904557504
leaf_weight=5869292.1779386997 4470380.224604845 19545271.990657449 86978075.737882614 3937823.8404917717 11234175.643826008 42512436.242321014 9187890.4302723408 36561716.318056464 2203362.8581809998 8104433.5836486816 9713289.7906934023 3953294.6299743652 7223307.9979590178 2401146.0580749512
leaf_count=5822 10231 20217 79026 3422 13521 45127 4499 19717 1550 5071 12501 3157 5284 860
internal_value=-1.95544e-06 0.00279826 -0.00378355 -0.00322119 -0.00271915 0.00373451 0.00203373 0.000662828 0.00651662 -0.00452875 0.00624607 -0.00751662 -0.000780937 0.00400963
internal_weight=2.53896e+08 1.45877e+08 1.08019e+08 1.0215e+08 9.82123e+07 1.29348e+08 7.71227e+07 5.75774e+07 1.13913e+07 1.65281e+07 5.22257e+07 1.20577e+07 4.61862e+07 9.62445e+06
internal_count=230005 128214 101791 95969 92547 109755 52127 31910 6049 18459 57628 8228 25861 6144
cat_boundaries=0 1
cat_threshold=99
is_linear=0
shrinkage=0.03


Tree=6
num_leaves=15
num_cat=4
split_feature=13 10 14 14 10 12 12 1 0 0 0 0 14 14
split_gain=2.82997e+06 1.07748e+06 765437 751542 588635 563550 537288 461392 416466 403277 396389 386934 332518 318789
threshold=0.96676344700367423 0.97590040702797165 0.93857389370181543 0.98808122580044067 1.0083026460753131 1.0598131614188067 1.0174118085830168 8.5000000000000018 0 1 2 3 0.87739136426604036 0.83669621240708003
decision_type=2 2 2 2 2 2 2 2 1 1 1 1 2 2
left_child=2 10 7 11 6 -5 -4 8 -1 -9 -2 -3 -10 -11
right_child=1 3 4 5 -6 -7 -8 9 12 13 -12 -13 -14 -15
leaf_value=-0.001055379203822255 -0.0031567758218880131 0.0010962841757269134 -0.00028061543429008903 0.00051526582727975695 0.00025558999739369001 0.0014656509655682202 -0.0017553670290156732 -0.00056223880475133822 0.00064939902610380569 -0.0020253306146827675 -0.00054043866907680185 9.9344489026753638e-06 -0.00085108210603489882 -0.00072525796319697605
leaf_weight=2631253.2444974184 1828181.6739172935 5082282.5380079746 16347487.426751494 66380512.661723495 26560963.822535157 14407130.108964205 5489560.7784770727 17802381.814473152 4241749.9356486797 11331874.114318371 11886394.511778355 53339524.521830797 1630256.9132151604 14300634.053255081
leaf_count=5213 2589 5490 14843 57132 28128 15430 5175 19649 6230 6505 13198 39852 2756 7863
internal_value=5.71137e-05 0.00262585 -0.00385794 0.00341625 -0.00114353 0.00529072 -0.00479237 -0.00638735 3.22899e-06 -0.00763843 -0.00539706 0.00082417 0.00444756 -0.0100475
internal_weight=2.5326e+08 1.52924e+08 1.00336e+08 1.39209e+08 4.8398e+07 8.07876e+07 2.1837e+07 5.19382e+07 8.50326e+06 4.34349e+07 1.37146e+07 5.84218e+07 5.87201e+06 2.56325e+07
internal_count=230053 133691 96362 117904 48146 72562 20018 48216 14199 34017 15787 45342 8986 14368
cat_boundaries=0 1 2 3 4
cat_threshold=290 229 64 64
is_linear=0
shrinkage=0.03


Tree=7
num_leaves=15
num_cat=2
split_feature=13 2 14 11 14 1 1 2 0 0 14 13 14 9
split_gain=2.64992e+06 797934 650860 499202 457680 439190 406960 394628 364549 358400 347674 301434 344217 291923
threshold=0.96676344700367423 1.0000000180025095e-35 0.93731857105877125 0.97444208477667915 0.98808122580044067 8.5000000000000018 18.500000000000004 1.0000000180025095e-35 0 1 0.8746455374800175 1.0204268664917915 1.4372456528456439 89.500000000000014
decision_type=2 2 2 2 2 2 2 2 1 1 2 2 2 2
left_child=2 -2 5 6 13 9 -3 -4 -7 -1 -11 -6 -13 -5
right_child=1 3 7 4 11 8 -8 -9 -10 10 -12 12 -14 -15
leaf_value=-0.00097425889448832573 -0.00031586893913727952 -0.00067957856808099741 -0.00074554289827566389 0.00071309176786439328 0.00029626515126544259 -0.00054201752343252529 0.001458316845762466 8.6206924566587215e-06 -0.0011697810048059054 0.00068030533851913706 -0.00087857493340143754 0.0009319690359537241 -0.0030120421583064204 4.8881208671343004e-05
leaf_weight=2557652.0565845966 22314300.968353152 11211875.00914979 9627409.6059077978 8741140.8884419203 22393917.124593019 17531649.084094048 2470375.5418791771 39460428.296918035 25563787.828119278 4124597.2222629786 1670985.0987389088 48633215.534567237 1483304.3130617142 36241947.27358675
leaf_count=5120 16851 10562 7130 6992 16078 19391 3921 41421 14362 6141 2790 44978 5102 29358
internal_value=6.06442e-05 0.00254046 -0.00372532 0.00343259 0.00406414 -0.0060831 -0.00199067 -0.00125414 -0.00730341 0.000212668 0.00434077 0.00553889 0.00683187 0.00168691
internal_weight=2.54027e+08 1.5349e+08 1.00537e+08 1.31176e+08 1.17494e+08 5.14487e+07 1.36823e+07 4.90878e+07 4.30954e+07 8.35323e+06 5.79558e+06 7.25104e+07 5.01165e+07 4.49831e+07
internal_count=230197 133842 96355 116991 102508 47804 14483 48551 33753 14051 8931 66158 50080 36350
cat_boundaries=0 1 2
cat_threshold=229 290
is_linear=0
shrinkage=0.03


Tree=8
num_leaves=15
num_cat=0
split_feature=13 10 14 10 12 2 1 12 1 16 16 12 12 12
split_gain=2.59566e+06 899984 769606 636431 607579 602545 526949 468573 486302 432244 350082 347197 342167 319709
threshold=0.97416003823999875 0.98364139411840446 0.92180476968108171 1.0073430709674736 1.0174118085830168 1.0000000180025095e-35 8.5000000000000018 1.0294283446165053 17.500000000000004 0.069382729902509321 0.054135815021091403 1.019141366626745 1.0556393429599884 1.0598131614188067
decision_type=2 2 2 2 2 2 2 2 2 2 2 2 2 2
left_child=2 10 6 4 -4 -3 -1 9 -9 -7 -2 -12 -5 -10
right_child=1 5 3 12 -6 7 -8 8 13 -11 11 -13 -14 -15
leaf_value=5.2140974461048168e-05 0.00052387499207225119 -0.00020472440799540091 -0.00027481593285769704 -4.2989975797144338e-05 -0.0016883000757595124 0.00061438337396113303 -0.00099192252949571237 0.0010057984860753011 -0.0005947463190504453 6.4946048539199237e-06 -0.00040636560539604769 -0.0023830955977116189 0.00077306095685190544 0.000834313233335538
leaf_weight=7604006.5193904638 4532306.1799273491 18188665.267647028 19230086.026591897 25665052.261750817 6635567.2875221968 42273377.276527166 39050434.744100094 30691663.418416977 3991016.0737893581 29034396.763535976 8095098.739944458 3910398.5964660645 9436500.2580777407 5124357.8454244137
leaf_count=13047 10227 13406 17159 24341 6057 44012 30410 26688 4326 14960 5034 3131 10794 6341
internal_value=5.82399e-05 0.00266618 -0.00347586 -0.00125662 -0.00482729 0.00350899 -0.00637592 0.00433756 0.00694498 0.00288198 -0.0039235 -0.00660537 0.00137454 0.000860593
internal_weight=2.53463e+08 1.45841e+08 1.07622e+08 6.09672e+07 2.58657e+07 1.29303e+08 4.66544e+07 1.11115e+08 3.9807e+07 7.13078e+07 1.65378e+07 1.20055e+07 3.51016e+07 9.11537e+06
internal_count=229933 128125 101808 58351 23216 109733 43457 96327 37355 58972 18392 8165 35135 10667
is_linear=0
shrinkage=0.03


Tree=9
num_leaves=15
num_cat=3
split_feature=14 11 12 0 11 0 1 14 0 1 14 9 1 9
split_gain=2.17094e+06 1.25744e+06 935071 736659 532254 633159 486056 523764 472957 453848 453410 383092 560824 335738
threshold=0.95337339912946384 0.97444208477667915 1.05577266697232 0 1.1026362285922378 1 8.5000000000000018 0.81306842668704049 2 18.500000000000004 1.0068646410801507 89.500000000000014 17.500000000000004 89.500000000000014
decision_type=2 2 2 1 2 1 2 2 1 2 2 2 2 2
left_child=6 3 4 -2 5 -3 -1 -8 -4 -5 13 12 -9 -7
right_child=1 2 8 9 -6 10 7 11 -10 -11 -12 -13 -14 -15
leaf_value=9.1119762248693871e-05 -0.0024351225766301617 0.00088525269724439156 0.0017644317197333254 -0.0004814041074832268 -0.00094019819779453525 0.0004451056215426831 -0.001300237047178741 0.00092066546042723972 0.000348366078981297 0.0013087887689047651 0.00046263006194079489 -0.00051433186829482149 -0.0014188124427535237 -0.00026184745397358269
leaf_weight=15465280.378051281 5471761.5336433649 25105897.299241066 15469763.54089725 14911076.194209814 5997548.9938904047 11188915.316968203 17850492.647550821 5539512.5936756134 11671392.244221807 3355700.1717576981 37655602.393258095 47203423.95759964 2267717.8929693699 34003311.594695687
leaf_count=23154 5991 26027 18754 13193 6942 6138 14776 4289 10177 4904 36538 35010 2967 20897
internal_value=-6.38753e-05 0.00196977 0.00304456 -0.00441829 0.00185264 0.00233591 -0.00385899 -0.00488428 0.00804878 -0.00152588 0.00107115 -0.00343537 0.00272048 -0.000954706
internal_weight=2.53157e+08 1.64831e+08 1.41092e+08 2.37385e+07 1.13951e+08 1.07954e+08 8.83264e+07 7.28611e+07 2.71412e+07 1.82668e+07 8.28478e+07 5.50107e+07 7.80723e+06 4.51922e+07
internal_count=229757 149561 125473 24088 96542 89600 80196 57042 28931 18097 63573 42266 7256 27035
cat_boundaries=0 1 2 3
cat_threshold=66 67 358
is_linear=0
shrinkage=0.03


Tree=10
num_leaves=15
num_cat=3
split_feature=13 14 10 10 0 14 1 9 2 0 12 12 0 10
split_gain=2.3221e+06 934906 830467 713228 673095 468809 467444 486566 458194 428093 384659 348499 383831 356586
threshold=1.0132793597677145 0.93731857105877125 1.012904860052575 0.97590040702797165 0 0.98808122580044067 17.500000000000004 88.500000000000014 1.0000000180025095e-35 1 1.0598131614188067 1.0174118085830168 2 0.83310007439074751
decision_type=2 2 2 2 1 2 2 2 2 1 2 2 1 2
left_child=1 9 4 -2 -3 -5 8 -8 -4 -1 -7 12 -6 -14
right_child=3 2 6 5 11 10 7 -9 -10 -11 -12 -13 13 -15
leaf_value=-0.0011286780757388737 -0.00077614656970681191 -0.0029428334823266141 -0.00039521348332519497 0.00019565528399052609 -0.00036075052924019162 0.00062525255184646888 -0.0011142047498643283 7.6948905439223322e-05 0.00061396743077402852 -0.00033540869804556952 0.0015790555755700996 -0.0010936620838596703 -0.0011315068598634539 0.0010851324303520046
leaf_weight=25720852.634392738 8786143.667337656 2495005.6745090485 6897785.1893674135 30927368.111352563 19904870.035979986 49615048.029658675 3837233.5131072998 10406101.477541566 33116598.534605861 35532640.867275834 9832110.5979216099 6603446.4736410379 2265474.9268466234 7116619.7177231312
leaf_count=19745 11765 2622 4686 26832 11724 46122 3696 10640 28270 35756 11543 5857 2605 8045
internal_value=6.08042e-05 -0.00224598 -0.000344688 0.00364092 -0.00372163 0.00443423 0.00204438 -0.00262283 0.0037057 -0.00512161 0.00599271 -0.0026742 -0.00127048 0.00373198
internal_weight=2.53057e+08 1.53897e+08 9.26431e+07 9.91607e+07 3.83854e+07 9.03745e+07 5.42577e+07 1.42433e+07 4.00144e+07 6.12535e+07 5.94472e+07 3.58904e+07 2.9287e+07 9.38209e+06
internal_count=229908 133646 78145 96262 30853 84497 47292 14336 32956 55501 57665 28231 22374 10650
cat_boundaries=0 1 2 3
cat_threshold=64 266 276
is_linear=0
shrinkage=0.03


Tree=11
num_leaves=15
num_cat=2
split_feature=13 2 16 9 9 12 14 1 12 1 0 3 0 2
split_gain=2.23238e+06 777737 654359 668000 947121 591798 550956 581252 499327 483112 421515 361912 334909 333618
threshold=0.96188401004459723 1.0000000180025095e-35 0.065162257697104889 89.500000000000014 67.500000000000014 0.99493778713559811 0.92021932771623483 8.5000000000000018 1.0659909429752294 17.500000000000004 0 2.5000000000000004 1 1.0000000180025095e-35
decision_type=2 2 2 2 2 2 2 2 2 2 1 2 1 2
left_child=6 -2 -3 4 -4 11 7 10 13 -6 -1 -5 -9 -8
right_child=1 2 3 5 9 -7 8 12 -10 -11 -12 -13 -14 -15
leaf_value=-0.0010546165607935804 -0.00032495700231171089 0.00070508000122442396 -0.00066541633494462157 -0.00045325628679702501 0.0013894955263062086 0.00011997275674073508 -0.00084413044624101691 -0.00052496445632181144 0.00081444366246591349 -0.00018155494300640233 0.00037079238140855377 -0.0053686607231998567 -0.0012191397295822589 -0.00015550826261206079
leaf_weight=2153256.5492372513 23121229.982642412 66357165.603269696 3291283.4594292641 7155372.5522766113 9087239.4853770733 45123824.531157017 9551883.5317755938 15086247.374152184 6822109.9744265079 2011930.7739546299 5140850.2354322672 2090276.7362976074 21714637.411766291 35292741.922230005
leaf_count=4580 17347 81885 1669 3285 5140 25141 7101 16669 8296 1047 7906 1794 12138 36019
internal_value=8.73119e-05 0.00227522 0.00314524 0.00109431 0.00684186 -0.000426939 -0.00352802 -0.00599119 -0.00142583 0.0110329 0.00174544 -0.0073415 -0.00752463 -0.00257613
internal_weight=2.54e+08 1.58238e+08 1.35117e+08 6.87599e+07 1.43905e+07 5.43695e+07 9.57617e+07 4.4095e+07 5.16667e+07 1.10992e+07 7.29411e+06 9.24565e+06 3.68009e+07 4.48446e+07
internal_count=230017 137308 119961 38076 7856 30220 92709 41293 51416 6187 12486 5079 28807 43120
cat_boundaries=0 1 2
cat_threshold=290 229
is_linear=0
shrinkage=0.03


Tree=12
num_leaves=15
num_cat=3
split_feature=14 11 12 9 1 0 0 11 0 2 3 14 9 9
split_gain=1.91761e+06 1.14916e+06 637298 599882 874800 634493 592509 458372 491986 423933 516367 470765 419889 434890
threshold=0.97770138043742871 0.97444208477667915 1.05577266697232 89.500000000000014 17.500000000000004 0 1 1.0993817019966132 2 1.0000000180025095e-35 1.0000000180025095e-35 0.92180476968108171 67.500000000000014 89.500000000000014
decision_type=2 2 2 2 2 1 1 2 1 2 2 2 2 2
left_child=3 6 7 4 -1 -5 -2 8 -3 -7 -11 -12 -10 -14
right_child=1 2 -4 5 -6 9 -8 -9 12 10 11 -13 13 -15
leaf_value=0.00079956707653697223 -0.0023288038472447912 4.0823089773889472e-05 0.0011233689201677901 0.00051742869394139188 -0.001174653035903939 -0.00096515617287877423 -0.00021009459756482461 -0.00083619414675827476 -0.0010488259056430672 -0.00013651641377580997 -0.0013037745676335677 -0.00026591329076691039 0.0011227697772646019 0.00048173627653892801
leaf_weight=12157698.541684389 4705105.7706065178 34626083.848354816 20874951.607010126 8136084.8688508272 4078679.9468750954 21838618.919815898 14299587.264721155 5204606.2286701202 3699294.8106775284 45357835.796001196 16824646.758209944 14224658.956362724 9511683.2222235203 37891868.750659704
leaf_count=11641 5309 27054 23424 9705 4876 15806 15365 6173 2910 32522 17085 13962 7158 36644
internal_value=-6.90699e-05 0.00245745 0.00361671 -0.00276445 0.00260668 -0.00358421 -0.00436269 0.00253152 0.00305632 -0.00425094 -0.00319738 -0.00617819 0.00492706 0.00568672
internal_weight=2.53431e+08 1.30813e+08 1.11808e+08 1.22618e+08 1.62364e+07 1.06382e+08 1.90047e+07 9.09335e+07 8.57289e+07 9.82458e+07 7.64071e+07 3.10493e+07 5.11028e+07 4.74036e+07
internal_count=229634 124037 103363 105597 16517 89080 20674 79939 73766 79375 63569 31047 46712 43802
cat_boundaries=0 1 2 3
cat_threshold=64 66 268
is_linear=0
shrinkage=0.03


Tree=13
num_leaves=15
num_cat=3
split_feature=13 12 9 1 16 9 1 0 2 14 12 14 0 0
split_gain=1.94689e+06 648773 656582 1.07246e+06 675906 575292 762052 661911 550487 537592 568783 474904 400729 396896
threshold=0.96676344700367423 1.0666052657390228 89.500000000000014 17.500000000000004 0.053394880302814023 68.500000000000014 8.5000000000000018 0 3.5000000000000004 0.81306842668704049 1.0598131614188067 1.3142109330498335 1 2
decision_type=2 2 2 2 2 2 2 1 2 2 2 2 1 1
left_child=9 2 3 5 -4 6 -2 -7 -8 13 -11 -6 -3 -1
right_child=1 12 4 -5 11 7 8 -9 -10 10 -12 -13 -14 -15
leaf_value=-0.00031618467996612497 -0.001732799686151856 0.001656986216715377 0.00069931675967154655 -0.00067670337661331808 -7.6684973539012846e-05 0.00041242187114263877 0.0013529121681024239 0.0013939733290174252 -0.00074167694155620511 -0.00037443441277555721 0.00056671324272780427 -0.0053026712724029909 0.00035325841496015192 -0.0014738859606658081
leaf_weight=7457047.4658989906 1599303.7165193558 10238368.566195488 22648789.140707135 5287920.8061416149 78708787.359680176 5910148.8542482853 3060693.827331543 10039627.307610035 1730641.8372545242 69558609.657504797 11128271.780445695 1908487.2621307373 12013680.363244414 12252261.713113427
leaf_count=8773 1665 11508 43855 5091 44008 3829 1760 7405 1233 63054 13241 2293 11032 11148
internal_value=2.14557e-05 0.00214994 0.00134486 0.00545264 0.000245849 0.00832826 0.000722802 0.0113756 0.006708 -0.00322538 -0.0021404 -0.0010406 0.0068857 -0.00766714
internal_weight=2.53543e+08 1.53146e+08 1.30894e+08 2.76283e+07 1.03266e+08 2.23404e+07 6.39064e+06 1.59498e+07 4.79134e+06 1.00396e+08 8.06869e+07 8.06173e+07 2.2252e+07 1.97093e+07
internal_count=229895 133679 111139 20983 90156 15892 4658 11234 2993 96216 76295 46301 22540 19921
cat_boundaries=0 1 2 3
cat_threshold=76 356 197
is_linear=0
shrinkage=0.03


Tree=14
num_leaves=15
num_cat=3
split_feature=13 14 2 16 12 9 1 1 16 14 9 0 0 0
split_gain=1.92333e+06 758590 657212 533654 497387 571067 585223 477929 462787 540324 389175 377736 367453 364324
threshold=1.0086722197182592 0.92180476968108171 1.0000000180025095e-35 0.065162257697104889 1.0666052657390228 89.500000000000014 17.500000000000004 8.5000000000000018 0.055922555133776648 1.3142109330498335 68.500000000000014 0 1 2
decision_type=2 2 2 2 2 2 2 2 2 2 2 1 1 1
left_child=1 7 -3 -4 5 6 10 13 -7 -10 -2 -12 -9 -1
right_child=4 2 3 -5 -6 8 -8 12 9 -11 11 -13 -14 -15
leaf_value=-0.0013019938974699352 0.00019533485007879194 -0.00063237934636411065 0.00042748520186795976 -0.00019236398545814908 0.0011444630168796174 0.00062406994022583891 -0.00053382696513594257 -0.00040806591063574036 -4.9517607778006936e-06 -0.005524507713019375 0.00050548674404862152 0.0014754531248358808 -0.0010426964709459791 0.00040814234117966352
leaf_weight=1737330.6110781431 4618290.9271051884 18327319.966958165 36803048.399352074 41402207.6275388 14241268.29579103 23416487.869037747 3490154.1046819687 18017979.744521141 45557996.459838867 1789852.1506195068 4194845.8207886219 7425166.8928369284 25341836.14615202 6894801.0996289253
leaf_count=3462 3508 12678 46072 23443 15846 39491 3633 19625 26753 2126 2805 5712 14089 10661
internal_value=8.3485e-06 -0.00218704 -0.000613574 0.000584734 0.00312165 0.0023015 0.00681506 -0.00510846 0.00104317 -0.000662977 0.00921051 0.0121384 -0.00639183 0.00133797
internal_weight=2.53259e+08 1.48525e+08 9.65326e+07 7.82053e+07 1.04734e+08 9.04928e+07 1.97285e+07 5.19919e+07 7.07643e+07 4.73478e+07 1.62383e+07 1.162e+07 4.33598e+07 8.63213e+06
internal_count=229904 130030 82193 69515 99874 84028 15658 47837 68370 28879 12025 8517 33714 14123
cat_boundaries=0 1 2 3
cat_threshold=76 229 34
is_linear=0
shrinkage=0.03


Tree=15
num_leaves=15
num_cat=3
split_feature=10 10 12 16 0 2 0 0 2 1 9 9 9 12
split_gain=1.6163e+06 1.14781e+06 1.02069e+06 751273 802305 700505 593405 518136 460092 404297 835193 1.12433e+06 527732 404202
threshold=0.97590040702797165 1.2883310473777285 1.0598131614188067 0.054359088539022181 0 1.0000000180025095e-35 1 2 1.0000000180025095e-35 17.500000000000004 89.500000000000014 74.500000000000014 74.500000000000014 1.0213035412072564
decision_type=2 2 2 2 1 2 1 1 2 2 2 2 2 2
left_child=3 2 5 -1 -5 -2 9 -4 -9 10 11 -7 -11 -8
right_child=1 -3 7 4 -6 6 13 8 -10 12 -12 -13 -14 -15
leaf_value=0.00032460006389124877 -0.00043119151392818851 -0.0020866583055541288 0.001462435022341828 -0.00012153055528906391 -0.0015628233717513206 0.0002696777994558306 9.9607185332569858e-05 -0.00072990729765150481 0.00050789080086595156 -0.0014894817192098709 0.00026351633022243288 0.0017207550481576556 9.1017225385054871e-05 -0.00063449912869947877
leaf_weight=8714907.5558780432 29416179.058907032 5533835.562972188 16168222.455090404 10096008.087631226 19562930.752075195 6487421.6639045477 51875296.732770205 3370911.9735630751 17198832.695214391 1973109.3453769684 43290946.503044486 5737581.9015251398 15282300.116853714 19303434.591006041
leaf_count=18351 21803 4931 20593 8010 11329 4694 50794 2671 15876 1833 31875 4048 14045 19443
internal_value=1.50628e-05 0.00102457 0.00137978 -0.00565777 -0.00793316 0.000417229 0.00127928 0.00592207 0.00276341 0.00318424 0.00443089 0.0113553 -0.000826625 -0.000668306
internal_weight=2.54012e+08 2.15638e+08 2.10104e+08 3.83738e+07 2.96589e+07 1.73366e+08 1.4395e+08 3.6738e+07 2.05697e+07 7.27714e+07 5.5516e+07 1.2225e+07 1.72554e+07 7.11787e+07
internal_count=230296 192606 187675 37690 19339 148535 126732 39140 18547 56495 40617 8742 15878 70237
cat_boundaries=0 1 2 3
cat_threshold=177 83 356
is_linear=0
shrinkage=0.03


Tree=16
num_leaves=15
num_cat=3
split_feature=13 10 12 10 14 10 16 12 12 0 0 10 0 2
split_gain=1.84605e+06 676699 739729 621825 440164 425030 468074 396882 337253 392466 368874 426561 335930 276352
threshold=1.0086722197182592 1.2883310473777285 1.0598131614188067 0.97590040702797165 0.9873741049678143 0.88315745690132064 0.053981197135824027 1.0666052657390228 1.0336496147759966 0 1 0.96771506909300131 2 4.5000000000000009
decision_type=2 2 2 2 2 2 2 2 2 1 1 2 1 2
left_child=1 2 5 -2 -5 6 -1 13 10 -10 11 -7 -4 -6
right_child=3 -3 12 4 7 8 -8 -9 9 -11 -12 -13 -14 -15
leaf_value=0.00046587132961613546 -0.00070705286077738547 -0.0025314517427030246 0.00113635027441336 0.00013705921639119067 0.00040196496416704545 -0.0024918495683746676 -0.0011239263030855126 0.001488956141813325 0.00042789229874358226 -0.0012523295475953837 -0.00022640616437363633 0.00073309741520217651 2.0850074812564396e-05 0.0014071455104607109
leaf_weight=3283418.0461391211 9311108.6515146494 4188021.5682535172 8819894.6296298504 33160401.569605231 43514125.561506271 997439.55526137352 14016326.236022949 8608831.6296846867 2664816.1890610456 9740982.6434144974 81981067.952102304 11237984.016980052 12040465.609677792 9676476.6362757683
leaf_count=6268 12164 3640 11471 28168 35579 1000 8355 10281 4002 9076 64123 11738 10492 13366
internal_value=5.77304e-05 -0.0020852 -0.00174131 0.0031193 0.00384475 -0.00262112 -0.00698287 0.0053409 -0.00191341 -0.00656313 -0.00130117 0.0035578 0.00348522 0.0043737
internal_weight=2.53241e+08 1.4897e+08 1.44782e+08 1.04271e+08 9.49598e+07 1.23922e+08 1.72997e+07 6.17994e+07 1.06622e+08 1.24058e+07 9.42165e+07 1.22354e+07 2.08604e+07 5.31906e+07
internal_count=229723 130165 126525 99558 87394 104562 14623 59226 89939 13078 76861 12738 21963 48945
cat_boundaries=0 1 2 3
cat_threshold=49 66 356
is_linear=0
shrinkage=0.03


Tree=17
num_leaves=15
num_cat=2
split_feature=13 2 11 12 16 14 12 9 9 12 0 12 14 0
split_gain=1.80109e+06 544273 512546 690984 453278 551968 387068 364775 864880 316442 311096 294358 270169 256078
threshold=0.97416003823999875 1.0000000180025095e-35 1.2504224695822432 1.0598131614188067 0.066511076860393481 1.201890587221792 0.9353060627559534 67.500000000000014 87.500000000000014 0.99493778713559811 0 1.0336496147759966 0.95233908593505945 1
decision_type=2 2 2 2 2 2 2 2 2 2 1 2 2 1
left_child=2 -2 3 6 -3 7 -1 -6 10 -10 -9 12 -8 -13
right_child=1 4 -4 -5 5 -7 11 8 9 -11 -12 13 -14 -15
leaf_value=-0.0015052550827762557 -0.00028869199082299715 0.00061228937557975753 -0.0024531471532238539 0.00054659886551129222 -0.00073425041124265081 -0.005187731246696691 -0.00041106749611344447 0.0013524423404400908 -0.00066890194574947977 0.00018677625826695181 0.00077508090616122693 5.2712252798199806e-05 -1.4468036700507084e-05 -0.0013555034096283058
leaf_weight=5822330.684893012 20853789.660567403 65348614.87929821 3819802.5451699495 12200203.399202824 2863042.452999115 1880890.7759072781 43429404.973636746 3099251.3317565918 7069276.5942687988 38711940.31918335 5825966.096288681 2686102.9976526499 32114086.8348279 7585485.0785274506
leaf_count=5812 15875 79540 3285 14947 1393 2139 36842 1257 3619 21243 3432 4963 29422 6332
internal_value=6.38301e-05 0.00223866 -0.00287856 -0.00248154 0.00298831 0.00109274 -0.00337449 0.00161524 0.00216154 0.000496038 0.0107046 -0.00286662 -0.00221874 -0.00763156
internal_weight=2.5331e+08 1.45653e+08 1.07657e+08 1.03838e+08 1.24799e+08 5.94504e+07 9.16374e+07 5.75695e+07 5.47064e+07 4.57812e+07 8.92522e+06 8.58151e+07 7.55435e+07 1.02716e+07
internal_count=230101 128498 101603 98318 112623 33083 83371 30944 29551 24862 4689 77559 66264 11295
cat_boundaries=0 1 2
cat_threshold=144 433
is_linear=0
shrinkage=0.03


Tree=18
num_leaves=15
num_cat=2
split_feature=13 2 14 16 3 12 11 14 2 16 11 12 0 0
split_gain=1.67956e+06 630872 566789 624870 620219 463258 404509 371987 356615 342035 340979 324646 322811 319153
threshold=1.0086722197182592 1.0000000180025095e-35 0.91360853019241806 0.0691035236651555 1.0000000180025095e-35 1.0666052657390228 0.98059644709439753 1.3507360378118121 1.0000000180025095e-35 0.061731171987293984 1.2076425530695396 1.0598131614188067 0 1
decision_type=2 2 2 2 2 2 2 2 2 2 2 2 1 1
left_child=1 -1 4 11 -3 7 12 8 -2 -9 -6 -4 -5 -8
right_child=5 2 3 6 10 -7 13 9 -10 -11 -12 -13 -14 -15
leaf_value=-0.00068424872822239096 -0.00029037374553665543 -0.00010170812057514577 0.00021801895599885405 -0.0023874780293327174 -0.00093649273838308225 0.0010541890178753133 0.00056944482755025662 0.0011407504144994565 0.00041831631297515492 -0.0058337270226280005 -0.0091555873490214695 0.0010131175396336145 -0.00051682479966443063 -0.00030237925010734187
leaf_weight=29712130.287204027 11675998.040622473 22800679.056060672 37784552.755486369 2716872.3639526367 13912603.226159573 14207744.589225054 8519053.8898925781 1255313.7123628855 75925099.6213938 1498045.3925282955 1324268.5619192123 7688173.8593549728 4360957.2515563965 20213243.693035364
leaf_count=22444 8779 18970 41809 1519 15184 15810 6957 6939 66599 1786 1335 10404 2751 8900
internal_value=2.19765e-05 -0.00202303 -0.00104903 0.0003654 -0.00407154 0.00293673 -0.00259867 0.0021449 0.00248616 -0.00871269 -0.00875766 0.00269963 -0.00902285 -0.00101616
internal_weight=2.53595e+08 1.49033e+08 1.1932e+08 8.12829e+07 3.80376e+07 1.04562e+08 3.58101e+07 9.03545e+07 8.76011e+07 2.75336e+06 1.52369e+07 4.54727e+07 7.07783e+06 2.87323e+07
internal_count=230186 130273 107829 72340 35489 99913 20127 84103 75378 8725 16519 52213 4270 15857
cat_boundaries=0 1 2
cat_threshold=74 99
is_linear=0
shrinkage=0.03


Tree=19
num_leaves=15
num_cat=0
split_feature=13 10 13 12 10 12 2 16 12 12 16 4 16 2
split_gain=1.56385e+06 748205 553537 463754 477688 456347 363015 309176 281239 272931 262866 245191 248911 230386
threshold=0.96188401004459723 0.96771506909300131 1.055358054590634 0.9353060627559534 1.2883310473777285 1.0598131614188067 1.0000000180025095e-35 0.047821638697219608 1.0659909429752294 1.03376952192731 0.080986009623554941 1.0000000180025095e-35 0.061731171987293984 1.0000000180025095e-35
decision_type=2 2 2 2 2 2 2 2 2 2 2 2 2 2
left_child=3 7 6 -1 5 9 -3 -2 11 13 -8 -4 -13 -5
right_child=1 2 8 4 -6 -7 10 -9 -10 -11 -12 12 -14 -15
leaf_value=-0.0015063489535459096 0.0010213427104956961 -0.00036832840419571283 0.00060961212050183121 -0.00058946605216718677 -0.0023990465605499044 0.00050763368316955062 0.00034415741419872137 -0.0011379516279559935 0.0014357120817907875 -0.0011142332864688483 -9.0999761025417991e-05 0.0023157136415336145 -0.0043192189739973746 -0.00014750062080691776
leaf_weight=5649289.7433124781 2071351.7832356691 15008157.056185007 44478555.246703148 14642422.092978239 3848738.7446237803 10484387.040137291 56560613.827780485 9205646.3891448975 8393912.868716836 8167864.184723258 19640922.754394531 944293.86910378933 1689258.2312927246 52975726.440132499
leaf_count=5606 6500 9130 46665 11340 3362 13612 45168 6481 10723 9696 8434 2424 1669 49347
internal_value=0.000119717 0.00195329 0.00252565 -0.0029052 -0.00238251 -0.00192118 0.00108816 -0.00549325 0.0048878 -0.00273273 0.0019281 0.00398643 -0.00490787 -0.00210702
internal_weight=2.53761e+08 1.57993e+08 1.46716e+08 9.57684e+07 9.01191e+07 8.62704e+07 9.12097e+07 1.1277e+07 5.5506e+07 7.5786e+07 7.62015e+07 4.71121e+07 2.63355e+06 6.76181e+07
internal_count=230157 137194 124213 92963 87357 83995 62732 12981 61481 70383 53602 50758 4093 60687
is_linear=0
shrinkage=0.03


Tree=20
num_leaves=15
num_cat=4
split_feature=14 10 0 9 1 0 10 2 3 14 3 0 2 0
split_gain=1.49965e+06 1.1376e+06 797181 570207 975701 587376 488422 369824 384897 476214 342713 316095 301300 298425
threshold=0.98660776815325946 0.99750563163480688 0 89.500000000000014 17.500000000000004 1 0.97017296776822393 1.0000000180025095e-35 1.0000000180025095e-35 0.91844692773713521 1.5000000000000002 2 2.5000000000000004 3
decision_type=2 2 1 2 2 1 2 2 2 2 2 1 2 1
left_child=3 2 -2 4 13 6 -5 -7 12 -10 -4 -3 -9 -1
right_child=1 11 10 5 -6 7 -8 8 9 -11 -12 -13 -14 -15
leaf_value=-0.00038839069973196818 -0.0027574298421742388 0.0012055255975871398 0.00012799735596450348 -0.0021099792424449184 -0.0010979475328787426 -0.00078769461200985016 0.00078573062190552415 -0.00026669965335966917 -0.0012062757863715208 -0.00021820513525260779 -0.0017010707422289576 0.00040663392350514708 0.00027769265680318504 0.00094010450319347342
leaf_weight=2020796.9443615675 3049435.720739007 19067032.863861918 22671707.702137113 1102943.0258668661 4898772.4671735764 24164777.838268518 7970488.6140731573 35915501.84470737 16323580.958092213 18008479.690897226 6606401.6964348555 63762560.675289035 14941104.743853092 12615286.019994617
leaf_count=1399 3833 26905 17928 1310 5496 17091 9315 25424 16567 17554 10043 54427 10317 11968
internal_value=5.97343e-07 0.00252808 -0.00224477 -0.0021091 0.00263964 -0.00289242 0.00444232 -0.00350101 -0.00257182 -0.00502611 -0.000724385 0.00439087 -0.000914987 0.00651851
internal_weight=2.53119e+08 1.15157e+08 3.23275e+07 1.37962e+08 1.95349e+07 1.18427e+08 9.07343e+06 1.09353e+08 8.51887e+07 3.43321e+07 2.92781e+07 8.28296e+07 5.08566e+07 1.46361e+07
internal_count=229577 113136 31804 116441 18863 97578 10625 86953 69862 34121 27971 81332 35741 13367
cat_boundaries=0 1 2 3 4
cat_threshold=64 64 98 4
is_linear=0
shrinkage=0.03


Tree=21
num_leaves=15
num_cat=4
split_feature=13 14 2 16 1 14 16 11 0 2 0 0 12 0
split_gain=1.50139e+06 570590 515743 514378 412896 401772 344948 307622 323848 306954 302987 288682 279406 271211
threshold=1.0169046596404077 0.92180476968108171 1.0000000180025095e-35 0.0691035236651555 8.5000000000000018 1.3507360378118121 0.061731171987293984 0.98059644709439753 0 1.0000000180025095e-35 1 2 1.0598131614188067 3
decision_type=2 2 2 2 2 2 2 2 1 2 1 1 2 1
left_child=1 4 -3 12 10 9 -7 8 -5 -2 -1 -6 -4 -9
right_child=5 2 3 7 11 6 -8 13 -10 -11 -12 -13 -14 -15
leaf_value=-0.0011508761640265962 -0.00013370618806452276 -0.00053134536714684083 0.00021897127393889282 -0.0020653891407990941 -0.00032997173576263672 0.0012679754306240954 -0.0055520178953224553 0.00053306122372665432 -0.00032281495849600564 0.00050399237365944202 0.00038397435678841682 -0.00086812257711104649 0.00092931098620876757 -0.00025822249388866511
leaf_weight=1753401.3185988665 12052321.110750079 19587979.699442863 39491248.173946857 2721831.3572387695 18416546.872554779 1290540.3581584692 1480143.3316962719 8944096.9466247559 4363195.5352783203 80444423.18886435 7029342.8472784758 26043042.07131815 8220243.0869885683 21207201.926626086
leaf_count=3478 9818 13447 42579 1509 20092 7394 1790 7213 2757 74636 10711 14437 10787 9228
internal_value=4.57597e-05 -0.00174987 -0.000462346 0.000549523 -0.0042778 0.00301961 -0.00823702 -0.00209297 -0.00771805 0.0033568 0.00166623 -0.00545201 0.00261185 -0.000771178
internal_weight=2.53046e+08 1.57778e+08 1.04536e+08 8.49478e+07 5.32423e+07 9.52674e+07 2.77068e+06 3.72363e+07 7.08503e+06 9.24967e+07 8.78274e+06 4.44596e+07 4.77115e+07 3.01513e+07
internal_count=229876 136238 87520 74073 48718 93638 9184 20707 4266 84454 14189 34529 53366 16441
cat_boundaries=0 1 2 3 4
cat_threshold=74 34 229 99
is_linear=0
shrinkage=0.03


Tree=22
num_leaves=15
num_cat=4
split_feature=13 10 10 12 10 1 12 0 0 10 0 0 10 16
split_gain=1.37511e+06 614969 603426 540601 498238 486954 319676 384455 381052 433727 309657 295418 312589 283972
threshold=1.0204268664917915 0.88315745690132064 1.2883310473777285 1.0598131614188067 0.97741814070190836 18.500000000000004 1.03376952192731 0 1 0.96771506909300131 2 3 1.0804981498706023 0.066511076860393481
decision_type=2 2 2 2 2 2 2 1 1 2 1 1 2 2
left_child=1 5 3 6 -2 -1 8 -8 9 -3 -5 -6 13 -13
right_child=4 2 -4 10 11 -7 7 -9 -10 -11 -12 12 -14 -15
leaf_value=-0.0010976321750451386 -0.00064381699336247525 -0.0022793176827884025 -0.0022395853454668653 0.0011242121928108308 0.00064413102136075967 0.00085185299448855222 0.00038222584573888347 -0.001218116678951072 -0.00017636771857916414 0.0007498774710435563 6.002859649483418e-05 0.00041237517577391591 0.00077501842077426627 -0.0003594646600646055
leaf_weight=15068917.642507911 8669595.6347973347 997560.05401980877 4246727.1577546597 9598120.0591719151 37609377.579105854 2423177.0002326965 3034894.1794996262 9868590.9225225449 90791716.18465519 12153199.148571491 13531567.139009595 16658992.358691335 14662564.092859268 14255991.541837692
leaf_count=11587 11777 999 3683 12318 35504 3292 4321 9248 69417 12479 11474 20518 15639 7769
internal_value=2.10851e-05 -0.00164394 -0.000999657 -0.000661656 0.00295239 -0.00695608 -0.00149115 -0.00594476 -0.000938272 0.00383443 0.00352874 0.00366566 0.00204166 0.000330649
internal_weight=2.53571e+08 1.61714e+08 1.44222e+08 1.39976e+08 9.18565e+07 1.74921e+07 1.16846e+08 1.29035e+07 1.03942e+08 1.31508e+07 2.31297e+07 8.31869e+07 4.55775e+07 3.0915e+07
internal_count=230025 138818 123939 120256 91207 14879 96464 13569 82895 13478 23792 79430 43926 28287
cat_boundaries=0 1 2 3 4
cat_threshold=49 66 356 114
is_linear=0
shrinkage=0.03


Tree=23
num_leaves=15
num_cat=4
split_feature=13 10 0 0 10 1 10 10 0 16 16 0 14 1
split_gain=1.30324e+06 608243 468837 449265 422661 371899 431554 315130 510099 374239 305171 297804 288670 344829
threshold=0.96188401004459723 1.0389604186223813 0 1 1.2883310473777285 17.500000000000004 1.0428102923176461 0.97590040702797165 2 0.052965481224766277 0.055922555133776648 3 0.80817321326263725 8.5000000000000018
decision_type=2 2 1 1 2 2 2 2 1 2 2 1 2 2
left_child=4 3 -3 10 7 6 -4 8 -1 -10 -2 -9 13 -13
right_child=1 2 5 -5 -6 -7 -8 11 9 -11 -12 12 -14 -15
leaf_value=0.00012124091099834837 0.00023085963499694764 -0.00012396918729632776 0.0011530288515598803 0.00015090876057551552 -0.0023200793541245587 6.9976932039868389e-05 0.00057024885641379609 0.00066288092110614841 0.00032314157095402054 -0.0012679433528298676 -0.00076678912753480794 0.00051926635460287636 -0.00011436744924768128 -0.0012560003596340408
leaf_weight=7974760.0787107944 7608095.0459442139 16634342.473511338 5146352.7198261023 53584639.46165514 3790433.7669018507 15176891.355183363 42551206.495017886 5296255.0927318335 2596892.8759921789 13621173.745147705 17200719.696053982 1780902.4659713507 53321650.179623008 7541409.4787836075
leaf_count=8401 12746 15829 2868 43671 3337 16097 36218 7490 5487 7576 9803 4113 49790 6690
internal_value=1.82565e-05 0.00169371 0.00354255 -0.000181425 -0.00273976 0.00472747 0.00602896 -0.00233584 -0.00527605 -0.00833072 -0.00351914 -0.00128886 -0.00186638 -0.00673687
internal_weight=2.53826e+08 1.57902e+08 7.95088e+07 7.83935e+07 9.59235e+07 6.28745e+07 4.76976e+07 9.2133e+07 2.41928e+07 1.62181e+07 2.48088e+07 6.79402e+07 6.2644e+07 9.32231e+06
internal_count=230116 137232 71012 66220 92884 55183 39086 89547 21464 13063 22549 68083 60593 10803
cat_boundaries=0 1 2 3 4
cat_threshold=136 324 177 64
is_linear=0
shrinkage=0.03


Tree=24
num_leaves=15
num_cat=2
split_feature=13 2 16 9 10 10 0 0 10 12 12 9 3 2
split_gain=1.27601e+06 587083 452889 466256 423476 345938 360025 318638 278433 505536 277230 266306 241254 230833
threshold=1.0204268664917915 1.0000000180025095e-35 0.0719969788048095 89.500000000000014 0.98364139411840446 0.96771506909300131 0 1 1.2825983160898982 1.0747571261860707 1.05577266697232 74.500000000000014 1.5000000000000002 2.5000000000000004
decision_type=2 2 2 2 2 2 1 1 2 2 2 2 2 2
left_child=1 -1 8 11 -2 12 -7 -6 9 -3 -9 -4 -5 -10
right_child=4 2 3 5 7 6 -8 10 13 -11 -12 -13 -14 -15
leaf_value=-0.00060550968853845624 -0.00047116012098290071 3.1321831094030436e-05 -0.0002394849560614311 -0.00057011433127667887 0.00061952935918006488 0.00063107623066990315 -0.00042384459120596162 0.00012571873524513358 0.00029009276333394834 0.0010475570511258338 0.00094679251209802253 0.0010857856775813421 -0.0035009941976104682 -0.0031162457637458774
leaf_weight=31976066.357801318 10583215.80731535 69740275.894516826 2730147.617385149 5802166.8464355469 36624377.455126882 5148784.7833862305 29959513.263470888 36782867.881198645 983663.08508861065 7578551.7018014193 7471153.1477661133 3370344.4062758684 2812925.7611694336 1488023.8763022423
leaf_count=23849 13700 75494 1446 2537 34325 4030 14972 34919 933 9463 7905 2069 2392 1778
internal_value=5.20343e-05 -0.00155068 -0.000652528 -0.00289666 0.00288364 -0.00398068 -0.00265881 0.00362207 0.00074878 0.00106563 0.00190905 0.00487278 -0.00936757 -0.00916299
internal_weight=2.53052e+08 1.6159e+08 1.29614e+08 4.98239e+07 9.14616e+07 4.37234e+07 3.51083e+07 8.08784e+07 7.97905e+07 7.73188e+07 4.4254e+07 6.10049e+06 8.61509e+06 2.47169e+06
internal_count=229812 138963 115114 27446 90849 23931 19002 77149 87668 84957 42824 3515 4929 2711
cat_boundaries=0 1 2
cat_threshold=65 114
is_linear=0
shrinkage=0.03


Tree=25
num_leaves=15
num_cat=3
split_feature=13 14 10 0 0 1 14 16 0 3 10 9 1 1
split_gain=1.23868e+06 655150 737377 616205 520495 464185 428502 335255 306334 296003 308161 291276 1.21151e+06 354013
threshold=1.055358054590634 0.92180476968108171 0.98364139411840446 0 1 8.5000000000000018 1.3507360378118121 0.063093165805787346 2 1.0000000180025095e-35 1.2883310473777285 89.500000000000014 17.500000000000004 7.5000000000000009
decision_type=2 2 2 1 1 2 2 2 1 2 2 2 2 2
left_child=1 5 4 -4 -3 8 -2 -8 -1 -7 -11 12 13 -5
right_child=6 2 3 11 -6 9 7 -9 -10 10 -12 -13 -14 -15
leaf_value=-0.0011199156993042696 0.00059077116321195721 -0.002523699310507613 0.00082770488032166795 -0.00051192463174083963 -0.0004005944060031296 -0.00037198767551042174 0.0012126624081344871 -0.0053189525748160741 0.00041987867790285413 -0.00097699000038957364 -0.0094360031477484681 -9.5398034299222679e-05 -0.00085339790845593709 0.00095411318702877423
leaf_weight=1825034.3897504807 57026550.274143696 2876180.6197189093 19775778.268742442 1805112.8342480659 23000644.12849164 31851096.084127426 1291022.670539856 1435401.4901351929 7840681.8942657709 14401472.627548218 1240620.6697998047 71047207.940665245 5108122.3379454613 12993469.038127661
leaf_count=3586 59701 3024 25125 2621 19314 23110 7254 1756 11489 12688 1096 48697 4055 6595
internal_value=2.2028e-05 -0.00114247 -1.40741e-05 0.00105143 -0.00457347 -0.00383925 0.00379822 -0.00782054 0.00215346 -0.00505888 -0.0084385 7.88931e-06 0.00321517 0.00756333
internal_weight=2.53518e+08 1.93765e+08 1.36607e+08 1.1073e+08 2.58768e+07 5.71589e+07 5.9753e+07 2.72642e+06 9.66572e+06 4.74932e+07 1.56421e+07 9.09539e+07 1.99067e+07 1.47986e+07
internal_count=230111 161400 109431 87093 22338 51969 68711 9010 15075 36894 13784 61968 13271 9216
cat_boundaries=0 1 2 3
cat_threshold=98 64 34
is_linear=0
shrinkage=0.03


Tree=26
num_leaves=15
num_cat=0
split_feature=13 10 12 10 12 9 12 9 12 1 3 14 10 14
split_gain=1.24863e+06 584981 418151 372532 341047 324091 614738 313241 311738 359341 349951 314767 306701 283465
threshold=0.97416003823999875 1.0389604186223813 0.9353060627559534 1.2883310473777285 1.0598131614188067 89.500000000000014 1.0182782321369752 68.500000000000014 0.99493778713559811 18.500000000000004 1.5000000000000002 1.0370565686746376 1.0428102923176461 1.0204910244770751
decision_type=2 2 2 2 2 2 2 2 2 2 2 2 2 2
left_child=2 5 -1 4 -4 7 8 -2 9 10 -7 -10 -3 -14
right_child=1 12 3 -5 -6 6 -8 -9 11 -11 -12 -13 13 -15
leaf_value=-0.0013292311342774485 -0.00020209505708236467 0.00088960469794629202 -0.00026781291180022536 -0.0022015202402781426 0.00041100034278615083 -0.00160610008303403 -0.0013539434935094931 0.00068551212635699561 4.3546470551001924e-05 0.00093996237213585395 -0.0040364996998879252 0.0010287466499242783 0.00020715477755937737 0.00096032773948253312
leaf_weight=5830206.5806668997 5403691.7463644743 7178272.5842034817 85391576.954787135 3933548.6250582933 12726041.511104345 8454763.3246545792 10639357.238629937 9273281.4539818764 24866788.989632607 2709025.2176799774 3089578.8682346344 7156066.7829362154 48664961.034228444 18178965.422929525
leaf_count=5794 3568 4518 77123 3431 15518 6238 12253 5896 16851 3808 4089 8509 38534 23686
internal_value=-3.0467e-05 0.00178181 -0.00247661 -0.00203019 -0.00166727 -0.00015166 -0.00117666 0.00382316 0.000318301 -0.0033724 -0.00567987 0.00196103 0.00365181 0.00301899
internal_weight=2.53496e+08 1.45615e+08 1.07881e+08 1.02051e+08 9.81176e+07 7.15926e+07 5.69156e+07 1.4677e+07 4.62762e+07 1.42534e+07 1.15443e+07 3.20229e+07 7.40222e+07 6.68439e+07
internal_count=229816 127950 101866 96072 92641 61212 51748 9464 39495 14135 10327 25360 66738 62220
is_linear=0
shrinkage=0.03


Tree=27
num_leaves=15
num_cat=0
split_feature=14 10 2 3 5 14 12 16 16 2 10 10 3 10
split_gain=1.094e+06 945626 432768 429690 518759 497139 408935 350113 264135 307038 260723 260355 252400 235015
threshold=0.98660776815325946 0.97741814070190836 1.0000000180025095e-35 1.0000000180025095e-35 1.0000000180025095e-35 0.91173003491481075 1.0598131614188067 0.069632986040462322 0.065162257697104889 4.5000000000000009 1.0377336508874493 1.0118941684945517 1.5000000000000002 1.2883310473777285
decision_type=2 2 2 2 2 2 2 2 2 2 2 2 2 2
left_child=2 7 -1 4 -4 13 8 -2 -3 -10 -7 -11 -9 -5
right_child=1 6 3 5 -6 10 -8 12 9 11 -12 -13 -14 -15
leaf_value=-0.00056230327292916191 -0.00015764565674799327 0.00054548171308753271 0.00011478496476961259 -0.00078295950656623087 -0.0025355982630233071 -0.00054308685323504861 0.00098513332211862194 -0.00053761496528889434 -7.1571725005089543e-05 -0.00029136976676286846 0.00026893659786468495 0.00159344753189663 -0.0047033606996343324 -0.0064605689530875072
leaf_weight=30292225.952017903 11416595.678016663 39848291.221112967 62400340.841526985 16294595.160163283 1476713.3781014681 13024476.036918044 17730523.659151554 4213278.3215942383 31657007.193969727 2655559.430439949 12823561.889048815 5833321.6145499945 2381176.2960205078 1464785.2051750422
leaf_count=22672 16403 51227 47007 18240 848 12991 20525 1976 14390 1798 13059 4874 2318 1494
internal_value=-9.77806e-06 0.00214045 -0.00181602 -0.000923426 0.000643808 -0.00321914 0.00330461 -0.0041761 0.00239097 0.000673496 -0.000564049 0.00573998 -0.00967954 -0.00708352
internal_weight=2.53512e+08 1.15736e+08 1.37777e+08 1.07484e+08 6.38771e+07 4.36074e+07 9.77247e+07 1.80111e+07 7.99942e+07 4.01459e+07 2.5848e+07 8.48888e+06 6.59445e+06 1.77594e+07
internal_count=229822 113511 116311 93639 47855 45784 92814 20697 72289 21062 26050 6672 4294 19734
is_linear=0
shrinkage=0.03


Tree=28
num_leaves=15
num_cat=0
split_feature=14 10 2 12 2 5 14 16 7 12 9 9 16 2
split_gain=1.03279e+06 902372 466180 416260 394976 540206 450970 347779 303204 256784 254309 245902 235640 315137
threshold=0.98660776815325946 0.97741814070190836 1.0000000180025095e-35 1.0598131614188067 3.5000000000000004 1.0000000180025095e-35 0.91360853019241806 0.053981197135824027 1.0000000180025095e-35 1.019141366626745 68.500000000000014 89.500000000000014 0.065162257697104889 4.5000000000000009
decision_type=2 2 2 2 2 2 2 2 2 2 2 2 2 2
left_child=2 7 -1 12 5 -4 -6 -2 9 -9 -8 -12 -3 -14
right_child=1 3 4 -5 6 -7 10 8 -10 -11 11 -13 13 -15
leaf_value=-0.00057674830158373777 0.0005572229608882506 0.00052881294516168202 0.00011404682800983772 0.00096884802662512205 -0.00091453382675413025 -0.0024912905383665191 -0.0018806148950148793 -2.6245531275588091e-05 -0.0037764355217552903 -0.001217512620004724 0.00078463461914235694 -0.00013613484738322091 -7.0175262876368132e-05 0.00092800524157232722
leaf_weight=30276795.509772301 4637663.8660862446 39917865.715464592 62379312.221682429 17681414.114339948 18147529.473242521 1530055.5234203339 1234568.7499681711 6199943.2046203613 3545734.2623596191 3615715.5839233398 3681185.0122969151 20689809.548738122 31740151.471496582 8577642.3513345718
leaf_count=22735 11267 51256 47268 20408 19826 861 1230 3385 3786 2214 3457 20975 14450 6748
internal_value=-2.72611e-05 0.00206014 -0.00178139 0.00319499 -0.000856528 0.000646949 -0.00305263 -0.00411357 -0.00657039 -0.00385422 -0.000488547 0.000184361 0.00227676 0.000659062
internal_weight=2.53855e+08 1.15916e+08 1.37939e+08 9.79171e+07 1.07662e+08 6.39094e+07 4.37531e+07 1.79991e+07 1.33614e+07 9.81566e+06 2.56056e+07 2.4371e+07 8.02357e+07 4.03178e+07
internal_count=229866 113514 116352 92862 93617 48129 45488 20652 9385 5599 25662 24432 72454 21198
is_linear=0
shrinkage=0.03


Tree=29
num_leaves=15
num_cat=3
split_feature=13 2 12 3 10 12 12 10 1 0 0 12 0 12
split_gain=1.06472e+06 571582 405824 439234 358164 383118 290694 507066 542553 657610 409708 308333 304869 290220
threshold=1.055358054590634 1.0000000180025095e-35 0.99493778713559811 1.5000000000000002 1.2883310473777285 1.0666052657390228 1.0017672621402147 1.0006064871731029 17.500000000000004 0 1 1.0147104157921063 2 1.0666052657390228
decision_type=2 2 2 2 2 2 2 2 2 1 1 2 1 2
left_child=1 -1 3 -3 5 6 -4 12 9 11 -10 -9 -8 -2
right_child=13 2 4 -5 -6 -7 7 8 10 -11 -12 -13 -14 -15
leaf_value=-0.0004877502669315847 0.0003681355065685651 -0.00017303041821248918 0.00041543026159658727 -0.0022642820341713305 -0.001933733867552859 0.00056507430047527578 -0.0015290777160202789 6.8032837504796147e-05 0.00033108473461640031 -0.00040507746765160868 -0.00061583735995402453 0.00060991816903843709 -0.00026091226326301211 0.0013164543641266922
leaf_weight=37014949.226220846 51604447.586151361 24422303.805040717 13008168.305792928 7355353.0580101013 3404433.4829422235 19291717.834329128 5801733.4643152952 15281889.903886795 5968858.6198509932 16270339.018849611 10421476.4103899 22201044.153075814 13065642.051381588 7936326.7689397335
leaf_count=26838 58198 16950 10231 9768 3049 20212 4542 10097 9410 16026 7051 16135 10944 10357
internal_value=1.59879e-05 -0.00106344 -0.00027048 -0.00329699 0.000500679 0.000770003 3.68713e-05 -0.000575317 0.000599022 0.00205596 -0.0041791 0.00424213 -0.00494118 0.00352414
internal_weight=2.53049e+08 1.93508e+08 1.56493e+08 3.17777e+07 1.24715e+08 1.21311e+08 1.02019e+08 8.9011e+07 7.01436e+07 5.37533e+07 1.63903e+07 3.74829e+07 1.88674e+07 5.95408e+07
internal_count=229808 161253 134415 26718 107697 104648 84436 74205 58719 42258 16461 26232 15486 68555
cat_boundaries=0 1 2 3
cat_threshold=87 355 324
is_linear=0
shrinkage=0.03


Tree=30
num_leaves=15
num_cat=2
split_feature=13 2 14 1 9 14 2 12 9 1 0 9 0 12
split_gain=1.08389e+06 581084 469756 486911 416435 383520 382111 366112 413562 1.17973e+06 416612 399583 328104 283831
threshold=1.055358054590634 1.0000000180025095e-35 0.90981725487495213 8.5000000000000018 62.500000000000007 1.3507360378118121 3.5000000000000004 1.0666052657390228 89.500000000000014 17.500000000000004 0 74.500000000000014 1 1.019141366626745
decision_type=2 2 2 2 2 2 2 2 2 2 1 2 1 2
left_child=1 -1 3 -3 -4 -2 12 8 9 10 11 -6 -5 -10
right_child=5 2 4 6 7 -7 -8 -9 13 -11 -12 -13 -14 -15
leaf_value=-0.00049123945026824888 0.00055475510637456279 0.00039809319175527298 -0.0021335519720656806 -0.00097990488434823719 0.0006352942134067801 -0.002657469561157593 -0.0011302069796398761 0.00062508147758772511 5.0031029888939477e-05 -0.00071688612025866644 0.00046449460037071172 0.0014400911153565519 7.0081207906938216e-05 -0.00041906500969558709
leaf_weight=37216518.943761587 56726412.934754968 6848556.5086938143 1221877.6797271967 6028816.4375686646 3275973.1735070944 2740389.532075882 14196638.845196247 16257876.419838667 55090348.81913352 5317173.0501241684 7698828.3486255407 3560981.6014157534 13418672.333886623 24321766.97939992
leaf_count=27008 59373 11515 838 3080 2160 8994 12149 16510 44521 4830 6123 2166 10464 20140
internal_value=5.88305e-06 -0.00107803 -0.000280178 -0.00306444 0.000685537 0.00355023 -0.00454867 0.000869808 0.000186325 0.00405911 0.00848216 0.0138717 -0.00181704 -0.000781869
internal_weight=2.53921e+08 1.94454e+08 1.57238e+08 4.04927e+07 1.16745e+08 5.94668e+07 3.36441e+07 1.15523e+08 9.92651e+07 1.9853e+07 1.45358e+07 6.83695e+06 1.94475e+07 7.94121e+07
internal_count=229871 161504 134496 37208 97288 68367 25693 96450 79940 15279 10449 4326 13544 64661
cat_boundaries=0 1 2
cat_threshold=402 264
is_linear=0
shrinkage=0.03


Tree=31
num_leaves=15
num_cat=3
split_feature=13 9 1 1 12 0 14 14 0 12 12 0 11 11
split_gain=1.00876e+06 502910 1.3602e+06 488767 407777 406285 372947 332410 469595 328894 364976 647254 343695 263256
threshold=1.055358054590634 89.500000000000014 17.500000000000004 7.5000000000000009 0.9353060627559534 0 1.3890972467052893 0.9800336026838018 1 1.0666052657390228 1.019141366626745 2 1.0307230388861373 1.0256949624400986
decision_type=2 2 2 2 2 1 2 2 1 2 2 1 2 2
left_child=1 2 3 -1 -3 -5 -2 8 -6 10 11 13 -12 -9
right_child=6 4 -4 5 7 -7 -8 9 -10 -11 12 -13 -14 -15
leaf_value=-0.00072263015874075116 0.00052694817326614 -0.0011577668102052863 -0.00096072139426248973 -0.00029132777055277938 0.00058358719543514614 0.0009878257286430837 -0.0027579782703027111 0.0014717854228386083 -0.00035452597533538788 0.00065344341666671271 -0.0013696191611756979 -0.00012911800329726405 -9.8327914541760798e-05 -8.1331046928270471e-05
leaf_weight=2667529.0071548223 57123823.086321354 6736670.7815557718 7825956.4631227255 2819577.4783325195 6674105.1744494438 17397304.546404958 2545394.0874006748 7027260.7728867531 86876651.790797591 9579432.1928873062 7006385.6673694849 27277858.860216975 9366844.4371862411 2571803.5168175697
leaf_count=5807 60265 6758 8293 1377 7845 11633 8317 6910 67542 9597 5853 18799 8020 2961
internal_value=-9.48996e-06 -0.00105951 0.0024623 0.00615445 -0.00172257 0.00774702 0.00340135 -0.00141124 -0.00254475 0.00027651 -0.000644102 0.00101084 -0.00437148 0.00771079
internal_weight=2.53497e+08 1.93827e+08 3.07104e+07 2.28844e+07 1.63117e+08 2.02169e+07 5.96692e+07 1.5638e+08 9.35508e+07 6.28296e+07 5.32502e+07 3.68769e+07 1.63732e+07 9.59906e+06
internal_count=229977 161395 27110 18817 134285 13010 68582 127527 75387 52140 42543 28670 13873 9871
cat_boundaries=0 1 2 3
cat_threshold=4 64 43
is_linear=0
shrinkage=0.03


Tree=32
num_leaves=15
num_cat=3
split_feature=14 10 0 0 0 10 16 2 14 16 14 3 1 12
split_gain=860773 868618 511776 451777 415038 314886 309072 291791 277215 251430 250329 236476 209076 205298
threshold=0.97770138043742871 0.97741814070190836 0 1 2 1.0389604186223813 0.065162257697104889 4.5000000000000009 1.0585095856346838 0.064660328551112062 0.81306842668704049 1.5000000000000002 8.5000000000000018 1.0853076765851486
decision_type=2 2 1 1 1 2 2 2 2 2 2 2 2 2
left_child=3 2 -2 10 13 -5 -6 -8 -9 -4 -1 -11 -7 -3
right_child=1 4 9 5 6 12 7 8 -10 11 -12 -13 -14 -15
leaf_value=-0.0011048505211604847 -0.0023822818825288226 0.00074090573755876638 0.00022898291238318113 -0.0002776354806891709 0.00043117289993498635 0.00057275795908592159 -0.00012363209243333124 0.0003776616798423229 0.004032866159615533 -0.00022373725729986051 -0.00039472406838251227 -0.0034611507329251772 4.4827523891695518e-05 0.0024354701974949448
leaf_weight=10597364.010588646 3131615.9674528837 20290911.121858954 8578972.193657279 35556866.125574231 43202147.33044529 6783632.7409715652 35651799.225158691 8333376.1153297424 1398174.9747774601 5503017.3753051758 37673393.165668368 2416778.9178771973 31901271.344079494 2753413.0440173149
leaf_count=9211 3933 27398 13016 31161 49002 9546 14621 5402 1649 2553 27265 2398 28436 4202
internal_value=6.97575e-06 0.00169495 -0.00412467 -0.00180153 0.00271835 -0.000332564 0.00178536 5.64449e-05 0.00466069 -0.00201431 -0.00406083 -0.00586878 0.00154055 0.00630488
internal_weight=2.53773e+08 1.3126e+08 1.96304e+07 1.22513e+08 1.1163e+08 7.42418e+07 8.85855e+07 4.53834e+07 9.73155e+06 1.64988e+07 4.82708e+07 7.9198e+06 3.86849e+07 2.30443e+07
internal_count=229793 124174 21900 105619 102274 69143 70674 21672 7051 17967 36476 4951 37982 31600
cat_boundaries=0 1 2 3
cat_threshold=64 266 98
is_linear=0
shrinkage=0.03


Tree=33
num_leaves=15
num_cat=2
split_feature=13 10 16 10 12 14 16 0 0 12 10 12 9 9
split_gain=837074 439960 412135 392862 371279 330397 300420 255792 240844 296481 245315 960914 267524 402179
threshold=1.0432181347827461 0.88315745690132064 0.052965481224766277 1.2883310473777285 1.0666052657390228 1.3507360378118121 0.061466978169741775 0 1 1.0213035412072564 1.012904860052575 1.0182782321369752 68.500000000000014 89.500000000000014
decision_type=2 2 2 2 2 2 2 1 1 2 2 2 2 2
left_child=1 2 -1 4 8 -2 -7 -6 9 -3 11 -10 -12 -14
right_child=5 3 -4 -5 7 6 -8 -9 10 -11 12 -13 13 -15
leaf_value=0.00077584456496875226 0.00042913454619215489 -0.00013875762124523062 -0.00084058697563604932 -0.0018368291394511981 0.00095883705708162375 0.001408533454335786 -0.0049131656018785328 2.855766027087108e-05 6.7615509879370166e-05 -0.00082061773718014499 -0.00077467927582799121 -0.0019897782128708769 0.00070774878008834517 4.2813983529351581e-05
leaf_weight=2981349.868591547 66521787.977337122 40714093.792750359 15294785.418395996 4318631.0763375759 10149202.571992636 1248362.9861797094 1484580.0202460289 11776194.80662775 24121044.321359873 14203163.296857715 4019349.9834953547 5736897.9928249121 10382301.232523441 39941643.60356915
leaf_count=6412 66588 28912 9108 3800 11880 7197 1834 10446 17898 9722 3619 6581 8971 36580
internal_value=4.35175e-05 -0.00101641 -0.00543336 -0.000528244 -0.000288789 0.00285407 -0.007369 0.00333963 -0.000860637 -0.00240625 0.000147436 -0.00203714 0.00134771 0.00194258
internal_weight=2.52893e+08 1.83639e+08 1.82761e+07 1.65363e+08 1.61044e+08 6.92547e+07 2.73294e+06 2.19254e+07 1.39118e+08 5.49173e+07 8.42012e+07 2.98579e+07 5.43433e+07 5.03239e+07
internal_count=229548 153929 15520 138409 134609 75619 9031 22326 112283 38634 73649 24479 49170 45551
cat_boundaries=0 1 2
cat_threshold=356 268
is_linear=0
shrinkage=0.03


Tree=34
num_leaves=15
num_cat=3
split_feature=13 2 16 9 9 10 0 10 0 16 12 0 10 12
split_gain=857124 526867 455244 445505 414482 350240 326216 284324 266530 294800 279360 261206 230539 421283
threshold=1.0432181347827461 1.0000000180025095e-35 0.0719969788048095 89.500000000000014 68.500000000000014 0.96771506909300131 0 0.97590040702797165 1 0.066511076860393481 0.98344643590589009 2 1.2306657227023974 1.0666052657390228
decision_type=2 2 2 2 2 2 1 2 1 2 2 1 2 2
left_child=1 -1 12 4 -4 -5 -7 -2 -9 -10 -11 -6 13 -3
right_child=7 2 3 5 11 6 -8 8 9 10 -12 -13 -14 -15
leaf_value=-0.00047878600130828392 -0.0004853113662744398 7.3034991018314658e-05 -0.00086991786014822055 -0.0010372765442524868 0.0013459329541748756 0.00058360696890378703 -0.00037207306590593034 0.00070728897818047838 0.00064307281565925798 -0.0015039070491533932 8.2365324574251673e-05 0.00022309672100444765 -0.0011180379812436862 0.00085579546327907441
leaf_weight=35712726.549666047 6454214.1112841368 78294297.669182181 1800960.1423044205 8967178.5384216309 2961619.9339336157 5767147.1343383789 34165129.251519561 19619115.936855316 23926513.205127239 1931465.3785705566 17454255.810198069 2845304.4470214844 3799359.000448823 9845022.3635005951
leaf_count=25996 9800 79944 937 5147 1776 4488 16824 21937 32447 1057 10573 1533 5158 12576
internal_value=3.76328e-05 -0.00103303 -0.000245983 -0.0023651 0.00438818 -0.0034158 -0.00221265 0.00287933 0.00349434 0.00218034 -0.000569317 0.00828779 0.00105647 0.00136837
internal_weight=2.53544e+08 1.84159e+08 1.48446e+08 5.65073e+07 7.60788e+06 4.88995e+07 3.99323e+07 6.93856e+07 6.29314e+07 4.33122e+07 1.93857e+07 5.80692e+06 9.19387e+07 8.81393e+07
internal_count=230193 154379 128383 30705 4246 26459 21312 75814 66014 44077 11630 3309 97678 92520
cat_boundaries=0 1 2 3
cat_threshold=65 112 433
is_linear=0
shrinkage=0.03


Tree=35
num_leaves=15
num_cat=5
split_feature=14 11 0 12 0 9 16 11 0 0 11 0 3 2
split_gain=790007 563834 578395 383546 352835 376169 525459 338069 310809 305248 295651 285156 246766 219013
threshold=0.98660776815325946 0.97444208477667915 0 1.05577266697232 1 89.500000000000014 0.050664957489375391 1.1033142076565341 2 3 0.96973899304761912 4 2.5000000000000004 4.5000000000000009
decision_type=2 2 1 2 1 2 2 2 1 1 2 1 2 2
left_child=4 2 -2 7 10 6 -6 8 -3 -7 -1 -5 -4 -10
right_child=1 3 12 11 5 9 -8 -9 13 -11 -12 -13 -14 -15
leaf_value=-0.0014864444929877842 -0.0015074568094596722 0.0010239236716106546 0.00045896075722130086 0.0016053610942864357 -0.0014312275145667087 -0.00011902696248963118 0.00051432112475722374 -0.00091914305813609997 7.7458663443339589e-05 -0.00059422766307705487 0.00061469966908539648 0.00034767285241947413 -0.0023347461712080499 0.00082795646921994396
leaf_weight=1020180.0402414799 7085125.8067703247 10915859.641279221 8263527.7646309137 7735198.3455616236 2743199.3035845757 57226707.734601021 14763679.279925823 4344353.6072250605 52698720.08025074 52162046.92228055 9799965.2031972408 10316929.572715521 2014090.8536044359 12199144.169790149
leaf_count=1143 8773 11377 7658 10897 7299 42875 9236 5216 40312 44245 11544 10444 3205 15795
internal_value=9.31867e-05 0.0019221 -0.00306144 0.00280315 -0.00144166 -0.00188507 0.00219785 0.00191345 0.00237983 -0.00253852 0.00375856 0.00675373 0.0014848 0.00159204
internal_weight=2.53289e+08 1.15573e+08 1.73627e+07 9.82102e+07 1.37716e+08 1.26896e+08 1.75069e+07 8.01581e+07 7.58137e+07 1.09389e+08 1.08201e+07 1.80521e+07 1.02776e+07 6.48979e+07
internal_count=230019 113677 19636 94041 116342 103655 16535 72700 67484 87120 12687 21341 10863 56107
cat_boundaries=0 1 2 3 4 5
cat_threshold=322 64 66 53 356
is_linear=0
shrinkage=0.03


Tree=36
num_leaves=15
num_cat=0
split_feature=13 2 16 10 14 3 14 16 1 9 9 9 1 1
split_gain=779790 456412 418353 503501 450660 305645 289863 276821 243535 198567 427292 191817 399557 182359
threshold=1.0474688730230854 1.0000000180025095e-35 0.069382729902509321 0.97590040702797165 0.87998188926985765 1.5000000000000002 1.3507360378118121 0.063093165805787346 14.500000000000002 89.500000000000014 68.500000000000014 89.500000000000014 18.500000000000004 7.5000000000000009
decision_type=2 2 2 2 2 2 2 2 2 2 2 2 2 2
left_child=1 -1 4 5 -3 -4 -2 -8 13 10 -5 12 -10 -6
right_child=6 2 3 9 8 -7 7 -9 11 -11 -12 -13 -14 -15
leaf_value=-0.00044388925482547424 0.00042544544765297848 -0.00043608580125594978 -0.00042622815227738548 -0.00090365069619389906 -3.7723682903619393e-05 -0.0029339472016909193 0.0013315355395900554 -0.0044327217648623572 0.00063116494702696664 -0.00017100782392147468 0.00075483188589710879 0.00019852265450459236 -0.0011435258616375892 0.00052153466773695257
leaf_weight=35974465.881300926 63216570.230699778 16943279.968392968 7869237.4333496094 2101819.790102005 8105607.7413370609 3788777.472442627 1279568.6474422216 1478417.4308993816 2053858.3932571411 44923225.44818902 6657764.5327854156 22606689.462506533 3989146.1173737049 32613983.477824688
leaf_count=26237 64083 21173 3581 1138 20341 3256 7229 1785 1231 24088 3776 24257 5035 22717
internal_value=5.4399e-05 -0.000932046 -0.0002114 -0.00202237 0.00115955 -0.00767349 0.00285979 -0.00666046 0.00223088 -0.000795146 0.00333676 0.000111741 -0.00463611 0.00372188
internal_weight=2.53602e+08 1.87628e+08 1.51653e+08 6.53408e+07 8.63126e+07 1.1658e+07 6.59746e+07 2.75799e+06 6.93693e+07 5.36828e+07 8.75958e+06 2.86497e+07 6.043e+06 4.07196e+07
internal_count=229927 156830 130593 35839 94754 6837 73097 9014 73581 29002 4914 30523 6266 43058
is_linear=0
shrinkage=0.03


Tree=37
num_leaves=15
num_cat=3
split_feature=14 10 0 0 9 16 10 9 16 0 12 12 10 9
split_gain=705974 640377 452953 367541 368550 441272 343492 335503 319343 255556 234451 349963 281476 216892
threshold=0.98808122580044067 0.96771506909300131 0 1 89.500000000000014 0.050664957489375391 0.97017296776822393 62.500000000000007 0.065162257697104889 2 1.0175172891964588 1.0598131614188067 1.2148239047573146 74.500000000000014
decision_type=2 2 1 1 2 2 2 2 2 1 2 2 2 2
left_child=3 2 -2 6 5 -5 -1 -3 -9 -6 -11 -12 -13 -7
right_child=1 7 -4 4 9 13 -8 8 -10 10 11 12 -14 -15
leaf_value=-0.0016543876600116228 -0.0023153000645821237 -0.0014491083384853627 -0.00020661271252307332 -0.0013169385431843349 -0.00011909600070557087 1.0333160816964908e-05 0.00064458891066425394 0.00059914845098195933 0.0001139214542544195 -0.00029849012199086505 -0.001418345067094237 0.00018104472636512589 -0.0014563886540804565 0.00071059877156133306
leaf_weight=1116645.5304224491 2641273.0558153391 1085017.6611245871 11152697.870905995 2804407.3004322052 58210568.341850042 6657080.3345098495 9848918.8560707569 49721288.658441186 48422895.258747935 30184550.260428548 11075413.995660663 6774940.338239789 4991187.2497258186 8658806.1907873154
leaf_count=1343 3360 753 13319 7375 43448 4162 11557 67175 27023 24995 9371 5924 4594 5358
internal_value=7.53284e-05 0.0018399 -0.00421672 -0.00134595 -0.00179297 0.00217452 0.00392744 0.00268184 0.00286525 -0.00243927 -0.00394587 -0.00623902 -0.00263628 0.00417779
internal_weight=2.53346e+08 1.13023e+08 1.3794e+07 1.40323e+08 1.29357e+08 1.81203e+07 1.09656e+07 9.92292e+07 9.81442e+07 1.11237e+08 5.30261e+07 2.28415e+07 1.17661e+07 1.53159e+07
internal_count=229757 111630 16679 118127 105227 16895 12900 94951 94198 88332 44884 19889 10518 9520
cat_boundaries=0 1 2 3
cat_threshold=64 64 53
is_linear=0
shrinkage=0.03


Tree=38
num_leaves=15
num_cat=0
split_feature=13 2 16 14 9 1 16 9 14 1 12 12 3 12
split_gain=753252 331911 347058 347512 278404 513504 424094 390171 359521 296924 277451 261010 349567 186161
threshold=1.0086722197182592 1.0000000180025095e-35 0.0719969788048095 0.82298220553740553 87.500000000000014 18.500000000000004 0.053394880302814023 68.500000000000014 1.3142109330498335 9.5000000000000018 0.99493778713559811 0.99493778713559811 1.5000000000000002 1.0666052657390228
decision_type=2 2 2 2 2 2 2 2 2 2 2 2 2 2
left_child=1 -1 3 -3 5 7 -6 9 10 -2 -8 12 -4 -5
right_child=4 2 11 13 6 -7 8 -9 -10 -11 -12 -13 -14 -15
leaf_value=-0.00045962147145370378 -0.0010481199933988017 -0.00063423450356539708 -0.00033110768828374302 0.00010353513886758729 0.00078134827760429693 -0.0012338835023333432 -0.00047490639828374977 0.00085491052596565207 -0.0036410163658383908 0.00055609731684522906 0.00015146569417893763 -0.00015667096212428888 -0.0029495408824730981 0.00074024000883492387
leaf_weight=29841009.328035593 1560200.0084680319 10510420.434505582 7142092.6900634766 54319065.192685246 20183110.494435549 2128476.104057312 10693102.152435303 13609173.681331038 1901676.4718604088 3539468.9916245937 51235639.224273682 35619532.647084117 3571466.2437744141 8139569.6872923374
leaf_count=22543 1532 13809 2940 57337 43195 3197 5949 10016 2336 2292 31424 19898 2897 10771
internal_value=7.89277e-05 -0.00129089 -0.00058309 0.000706271 0.00202741 0.00513144 0.00125753 0.00671993 5.89766e-05 -0.000357417 0.000453518 -0.00261368 -0.00671933 0.00155555
internal_weight=2.53994e+08 1.49143e+08 1.19302e+08 7.29691e+07 1.04851e+08 2.08373e+07 8.40135e+07 1.87088e+07 6.38304e+07 5.09967e+06 6.19287e+07 4.63331e+07 1.07136e+07 6.24586e+07
internal_count=230136 130195 107652 81917 99941 17037 82904 13840 39709 3824 37373 25735 5837 68108
is_linear=0
shrinkage=0.03


Tree=39
num_leaves=15
num_cat=2
split_feature=13 2 16 10 14 14 0 16 9 9 3 14 0 1
split_gain=666071 424346 348669 452142 391581 271235 255665 265844 225910 510759 276795 286311 246203 210062
threshold=1.055358054590634 1.0000000180025095e-35 0.069382729902509321 0.88315745690132064 0.87739136426604036 1.3890972467052893 0 0.056109922579274253 89.500000000000014 68.500000000000014 1.0000000180025095e-35 0.86231755333465665 1 14.500000000000002
decision_type=2 2 2 2 2 2 1 2 2 2 2 2 1 2
left_child=1 -1 4 -4 -3 -2 -7 -8 9 -5 11 -10 -11 -6
right_child=5 2 3 8 13 6 7 -9 10 12 -12 -13 -14 -15
leaf_value=-0.00040622645169107038 0.00044697840940343363 -0.00040141155411310713 -0.00097824170109824904 -0.00088577485569102637 0.00040070463511600481 0.0048740520851496653 0.00082483172170431495 -0.0053154127463248772 0.00053621141102841105 0.0011606224801351587 -0.00051484290284973828 -0.00011657341550312302 0.00019373509804252411 3.1179101925685801e-05
leaf_weight=37112731.036452174 57079300.819829583 16777967.204171896 6541676.9123535156 2377856.7729434967 42537986.351619482 794024.4675630331 637532.92305576801 1131664.4621789455 5500010.9183349609 3575036.6796416044 24230139.198323727 22063178.967163086 3669783.5238647461 29783158.647770643
leaf_count=26838 60278 20877 3748 1258 44902 2786 4116 1483 2602 2089 16087 9246 1994 31744
internal_value=0.000123282 -0.00072847 -4.67214e-05 -0.00166524 0.00118775 0.00289621 -0.0066507 -0.012998 -0.00086661 0.0033546 -0.00165087 0.000405386 0.00731428 0.00214568
internal_weight=2.53812e+08 1.9417e+08 1.57057e+08 6.79577e+07 8.90991e+07 5.96425e+07 2.56322e+06 1.7692e+06 6.1416e+07 9.62268e+06 5.17933e+07 2.75632e+07 7.24482e+06 7.23211e+07
internal_count=230048 161385 134547 37024 97523 68663 8385 5599 33276 5341 27935 11848 4083 76646
cat_boundaries=0 1 2
cat_threshold=52 433
is_linear=0
shrinkage=0.03


Tree=40
num_leaves=15
num_cat=4
split_feature=13 2 9 9 0 9 0 14 0 12 7 11 0 10
split_gain=658592 427458 383194 383679 450952 333329 332567 294818 260752 259142 439947 249491 392636 348112
threshold=1.0633264542439989 1.0000000180025095e-35 62.500000000000007 89.500000000000014 0 74.500000000000014 1 1.3507360378118121 2 0.99493778713559811 1.0000000180025095e-35 0.98059644709439753 3 1.2825983160898982
decision_type=2 2 2 2 1 2 1 2 1 2 2 2 1 2
left_child=1 -1 -3 4 -4 -6 -7 -2 -9 10 -5 -11 13 -13
right_child=7 2 3 9 5 6 -8 8 -10 11 -12 12 -14 -15
leaf_value=-0.00039791411228711393 0.00048043592139248074 -0.0019874553585007095 -0.0008491565276939287 -0.00011153945047130777 -2.0873568902899688e-06 0.00096499433784419148 0.00053737052404476116 0.048862461262243057 -0.0045773949036042256 -0.00054281057150525557 -0.0022071457173919143 0.00041397869480183647 -0.00013534667587305371 -0.0014476595031458366
leaf_weight=37696172.183064461 50804060.157360435 1297918.7205663919 3762000.4200334549 23576309.927093983 9423869.3288639784 4775801.1937586069 7366632.7601225376 432985.86174917221 2321218.7389287949 8169866.5982983112 7102619.9813560247 45594400.435029626 47923692.817796826 3616124.7631994486
leaf_count=27378 55329 974 2622 16055 8525 4182 7471 1139 7816 6629 9282 42335 36975 3301
internal_value=9.19624e-05 -0.000698163 -3.08993e-05 9.97327e-05 0.00348983 0.00516171 0.00844744 0.003047 -0.00651252 -0.00053171 -0.00295804 0.000175169 0.000598663 0.00248091
internal_weight=2.53864e+08 2.00305e+08 1.62609e+08 1.61311e+08 2.53283e+07 2.15663e+07 1.21424e+07 5.35583e+07 2.7542e+06 1.35983e+08 3.06789e+07 1.05304e+08 9.71342e+07 4.92105e+07
internal_count=230013 165729 138351 137377 22800 20178 11653 64284 8955 114577 25337 89240 82611 45636
cat_boundaries=0 1 2 3 4
cat_threshold=4 176 16 327
is_linear=0
shrinkage=0.03


Tree=41
num_leaves=15
num_cat=4
split_feature=14 10 0 9 0 0 9 10 16 9 2 0 7 14
split_gain=657747 603532 489906 364179 327049 297798 438411 325721 270247 272465 318333 262714 251516 245693
threshold=0.97770138043742871 0.97741814070190836 0 62.500000000000007 1 2 86.500000000000014 1.0389604186223813 0.065162257697104889 89.500000000000014 4.5000000000000009 3 1.0000000180025095e-35 1.0434060780213372
decision_type=2 2 1 2 1 1 2 2 2 2 2 1 2 2
left_child=5 2 -2 -3 -5 6 -1 -7 -6 11 -11 -10 -4 -12
right_child=1 3 12 4 8 7 -8 -9 9 10 13 -13 -14 -15
leaf_value=0.00065424588642011713 -0.0020972365561065672 -0.0015212597577970088 8.5038506098627587e-05 0.00071395620535720235 0.00039150136834164916 -0.00025886358420940082 -0.00057617994531796574 0.00017023280369544923 0.00083761425945304995 -0.00032740091343681961 7.7435872219944158e-05 -0.00011213693655233666 -0.0017948633924368168 0.0034271966902023505
leaf_weight=5005402.902074337 3173282.937502265 1178602.6877795458 12247363.507040143 32750033.690736532 38731747.144744992 35488365.708516359 43271534.046102047 38909789.379260302 4829266.0611501932 22472634.050720215 5304315.908996582 4394433.0151367188 4337095.5166648626 1538907.0237977505
leaf_count=4684 3967 816 10768 42947 41474 31247 31825 37971 2097 8521 3085 1830 7259 1375
internal_value=9.46625e-05 0.0015733 -0.00325829 0.00243176 0.00260945 -0.0014838 -0.00331872 -0.000293129 0.00154461 -0.000233965 -0.00164886 0.00426303 -0.00119189 0.00401623
internal_weight=2.53633e+08 1.30958e+08 1.97577e+07 1.112e+08 1.10021e+08 1.22675e+08 4.82769e+07 7.43982e+07 7.72713e+07 3.85396e+07 2.93159e+07 9.2237e+06 1.65845e+07 6.84322e+06
internal_count=229866 124139 21994 102145 101329 105727 36509 69218 58382 16908 12981 3927 18027 4460
cat_boundaries=0 1 2 3 4
cat_threshold=64 99 266 400
is_linear=0
shrinkage=0.03


Tree=42
num_leaves=15
num_cat=2
split_feature=14 10 0 16 0 5 1 14 3 13 1 10 1 3
split_gain=688817 576634 480100 345623 286091 229504 247547 293419 250212 301746 207791 201729 201228 188852
threshold=0.97770138043742871 0.96771506909300131 0 0.062141956110126045 1 1.0000000180025095e-35 9.5000000000000018 0.82298220553740553 1.5000000000000002 0.73472895304251484 18.500000000000004 0.97017296776822393 18.500000000000004 1.5000000000000002
decision_type=2 2 1 2 1 2 2 2 2 2 2 2 2 2
left_child=4 2 -2 -3 11 6 -6 8 -8 -10 13 -1 -5 -4
right_child=1 3 10 12 5 -7 7 -9 9 -11 -12 -13 -14 -15
leaf_value=-0.0013176953791188674 -0.0021329826720177772 0.00054524481861275339 -8.05076871328334e-05 0.00014112557489778725 6.6984897916052365e-05 -0.0020550785395708248 -0.00064424568062296304 -0.00019277067623744325 -0.010990025602772116 -0.0012423598368650345 0.0011001775028279214 0.00054744125506201477 -0.00055754367576743005 -0.0026464806091093416
leaf_weight=956930.83276391029 2825829.7802188396 49416873.983328104 7470977.9179577827 60662331.303755999 27078148.74400866 1733065.5208604336 13185526.967188835 68054811.816724777 1144996.6526856422 1542658.47504282 2582824.8499999046 8701418.9840118885 5069897.1529994011 2796278.0602955818
leaf_count=1178 3540 69572 5974 33930 30018 1051 10129 49910 1329 1565 4098 10337 2693 4444
internal_value=3.78316e-05 0.00155126 -0.00384682 0.00228614 -0.0015798 -0.00200433 -0.0018352 -0.0026399 -0.0063128 -0.0146555 -0.0013848 0.00337553 0.000861052 -0.00329818
internal_weight=2.53223e+08 1.30825e+08 1.56759e+07 1.15149e+08 1.22398e+08 1.12739e+08 1.11006e+08 8.3928e+07 1.58732e+07 2.68766e+06 1.28501e+07 9.65835e+06 6.57322e+07 1.02673e+07
internal_count=229768 124251 18056 106195 105517 94002 92951 62933 13023 2894 14516 11515 36623 10418
cat_boundaries=0 1 2
cat_threshold=64 64
is_linear=0
shrinkage=0.03


Tree=43
num_leaves=15
num_cat=3
split_feature=13 2 9 9 1 1 2 0 0 10 11 10 0 11
split_gain=577711 335737 331284 344617 1.09174e+06 375120 249827 210709 204029 216388 207937 193728 218218 193570
threshold=1.055358054590634 1.0000000180025095e-35 62.500000000000007 89.500000000000014 17.500000000000004 7.5000000000000009 5.5000000000000009 0 1 1.0804981498706023 1.0256949624400986 0.97590040702797165 2 0.97444208477667915
decision_type=2 2 2 2 2 2 2 1 1 2 2 2 1 2
left_child=1 8 -3 4 5 -4 -7 -6 10 -10 13 -2 -13 -1
right_child=11 2 3 -5 7 6 -8 -9 9 -11 -12 12 -14 -15
leaf_value=-0.0010987027957809622 -0.00051174205314071224 -0.0019500448461991617 -0.00069222919227409166 -7.540572153266005e-05 -0.00097550759004311834 0.00095584207558818018 -0.00015476792796258841 -0.00021788217086249735 -0.00030809179409124635 0.00035279227652187912 -0.0014929929747457961 0.00068663901724002089 0.00028267616142422857 0.00039145170011608269
leaf_weight=2016414.4905674458 5537618.520899415 1240943.3848359585 2015231.3336892128 131972171.00310755 3414094.3579559326 13720031.738495827 1887587.3623167276 2950495.0044975281 20068488.793668985 5302657.5820353031 6046005.1402239799 16416708.637851715 37846916.497664452 3662445.9622938633
leaf_count=1515 9033 947 4643 111690 2489 8527 1935 4374 13345 4687 4482 19772 39891 2864
internal_value=6.79443e-05 -0.00072565 -0.000119857 2.99041e-06 0.00331074 0.00715699 0.00872975 -0.00733908 -0.0032928 -0.00178033 -0.0065656 0.00264636 0.00319183 -0.00244334
internal_weight=2.54098e+08 1.94297e+08 1.57201e+08 1.5596e+08 2.39874e+07 1.76229e+07 1.56076e+07 6.36459e+06 3.7096e+07 2.53711e+07 1.17249e+07 5.98012e+07 5.42636e+07 5.67886e+06
internal_count=230194 161498 134605 133658 21968 15105 10462 6863 26893 18032 8861 68696 59663 4379
cat_boundaries=0 1 2 3
cat_threshold=84 138 112
is_linear=0
shrinkage=0.03


Tree=44
num_leaves=15
num_cat=4
split_feature=14 10 0 0 12 0 10 3 16 1 14 3 0 1
split_gain=559794 519092 434377 301306 277345 277223 270240 249575 214540 210890 202403 362970 355697 241185
threshold=0.98660776815325946 0.98364139411840446 0 1 1.05577266697232 2 0.97017296776822393 1.5000000000000002 0.068891934499030402 14.500000000000002 0.81306842668704049 1.5000000000000002 3 8.5000000000000018
decision_type=2 2 1 1 2 1 2 2 2 2 2 2 1 2
left_child=3 2 -2 6 9 -6 -1 -4 -9 -3 11 13 -13 -5
right_child=1 4 7 10 5 -7 -8 8 -10 -11 -12 12 -14 -15
leaf_value=-0.0015271653244874389 -0.0020437331759677419 0.00035548614452522666 0.00011882432459580241 0.00029096103055609943 0.0014917049209484871 0.00027032528799809225 0.00055620966642127006 -0.00010938014538212821 -0.0030984344252784957 4.7540967463312142e-06 -0.00013413691179543896 -0.011080872804318954 -0.0011270154992211556 -0.000643356962718713
leaf_weight=1083479.9356626272 3004129.9543656111 39893958.095723391 13819907.228390336 3869883.4876631498 7745227.576371789 10289096.561205029 9709438.8594673872 2354639.0617961884 2349556.6968688965 36026292.168017745 107518574.3512069 958859.34642934799 1760241.5486742258 13328710.146145344
leaf_count=1297 3807 38474 11973 5834 10925 10221 11422 5709 2213 30150 83363 1658 2843 10177
internal_value=8.98601e-06 0.00155071 -0.00265113 -0.00127904 0.00251349 0.00585777 0.00353381 -0.000935035 -0.0069035 0.00171909 -0.00168665 -0.00446448 -0.0146497 -0.00285419
internal_weight=2.53712e+08 1.15483e+08 2.15282e+07 1.38229e+08 9.39546e+07 1.80343e+07 1.07929e+07 1.85241e+07 4.7042e+06 7.59203e+07 1.27436e+08 1.99177e+07 2.7191e+06 1.71986e+07
internal_count=230066 113472 23702 116594 89770 21146 12719 19895 7922 68624 103875 20512 4501 16011
cat_boundaries=0 1 2 3 4
cat_threshold=64 64 356 258
is_linear=0
shrinkage=0.03


Tree=45
num_leaves=15
num_cat=3
split_feature=2 16 10 12 14 12 7 12 0 12 0 12 12 0
split_gain=586255 420155 582543 420274 408796 333370 566436 352110 319697 263284 224172 256555 238781 219816
threshold=1.0000000180025095e-35 0.069382729902509321 1.0389604186223813 1.03376952192731 0.87739136426604036 0.99493778713559811 1.0000000180025095e-35 1.0017672621402147 0 1.0598131614188067 1 1.0075532020675959 0.9997177749366184 2
decision_type=2 2 2 2 2 2 2 2 1 2 1 2 2 1
left_child=10 4 3 5 -2 6 -3 -7 -4 -6 -1 12 -12 -9
right_child=1 2 8 -5 9 7 -8 13 -10 -11 11 -13 -14 -15
leaf_value=-0.0001112921886919351 -0.0003399480300034108 -0.00022293581010891108 -0.00025958396601680076 -0.0018960047672253446 0.00022459715989350137 0.00051332131981249795 -0.0031124990304646203 8.6558677127700732e-05 0.0003923105626979717 0.00076755882845386595 -0.0005285278587749833 -0.0016907169190453172 0.0011223176193852112 -0.0004513941419968825
leaf_weight=23154645.761745691 17868916.278839469 8942348.609375 14037887.090637207 3664253.4189147949 88082493.393207073 6030070.1876220703 4886061.3316955566 11365266.081728935 26628027.754252791 16921612.093673229 5299302.9603376389 12691956.091320872 2125288.2921767235 11785271.788787842
leaf_count=18722 23124 3750 8486 2579 100183 3096 3943 6655 16216 22946 4102 9460 1514 5318
internal_value=3.88536e-05 0.00069343 -0.000897389 -0.00318437 0.0018242 -0.00235343 -0.0061902 -0.000535222 0.00172743 0.00253802 -0.00314109 -0.00545771 -0.00102812 -0.0022171
internal_weight=2.53483e+08 2.10212e+08 8.73392e+07 4.66733e+07 1.22873e+08 4.3009e+07 1.38284e+07 2.91806e+07 4.06659e+07 1.05004e+08 4.32712e+07 2.01165e+07 7.42459e+06 2.31505e+07
internal_count=230094 196296 50043 25341 146253 22762 7693 15069 24702 123129 33798 15076 5616 11973
cat_boundaries=0 1 2 3
cat_threshold=138 369 331
is_linear=0
shrinkage=0.03


Tree=46
num_leaves=15
num_cat=2
split_feature=13 2 9 9 1 1 0 9 1 12 1 3 11 0
split_gain=501912 351422 373885 401053 1.09109e+06 433491 379264 314318 229319 221449 413829 341493 250772 365268
threshold=1.0707410409215981 1.0000000180025095e-35 62.500000000000007 89.500000000000014 17.500000000000004 8.5000000000000018 0 68.500000000000014 6.5000000000000009 0.99493778713559811 18.500000000000004 1.5000000000000002 0.98059644709439753 1
decision_type=2 2 2 2 2 2 1 2 2 2 2 2 2 1
left_child=1 -1 -3 4 5 7 -7 -4 -9 10 11 -5 13 -11
right_child=-2 2 3 9 -6 6 -8 8 -10 12 -12 -13 -14 -15
leaf_value=-0.00035476314651843006 0.00040460039757037346 -0.0019126204989035874 -0.0019443677594881347 -0.00023747672723367722 -0.00066235454402820636 0.0001215375608246701 0.0010963294000120231 -0.001138871255152991 0.00064047459405126232 -0.0015511757714902897 0.00085257389817738048 -0.0022432406324821115 5.7879785019984082e-05 -9.2070905863741404e-05
leaf_weight=38143927.223051786 48565934.449481368 1332671.9680738449 969200.89624798298 20859449.031951189 6646982.9717929363 3538750.466796875 11596889.278442383 765037.43409764767 2752939.437166214 3526677.1471520662 3997229.618376255 6245455.5761945248 99619981.876588702 4719935.5999470949
leaf_count=27705 60479 999 1287 12996 7190 2309 7924 3132 1579 2791 5351 7537 84579 4000
internal_value=8.67382e-05 -0.000563728 3.10758e-05 0.000158719 0.00355807 0.00711647 0.00954429 -0.00107278 0.00309476 -0.000483874 -0.0027141 -0.004043 0.000159185 -0.00486832
internal_weight=2.53281e+08 2.04715e+08 1.66571e+08 1.65239e+08 2.62698e+07 1.96228e+07 1.51356e+07 4.48718e+06 3.51798e+06 1.38969e+08 3.11021e+07 2.71049e+07 1.07867e+08 8.24661e+06
internal_count=229858 169379 141674 140675 23421 16231 10233 5998 4711 117254 25884 20533 91370 6791
cat_boundaries=0 1 2
cat_threshold=68 326
is_linear=0
shrinkage=0.03


Tree=47
num_leaves=15
num_cat=3
split_feature=14 12 16 4 0 5 11 11 1 9 9 0 0 9
split_gain=486143 433994 308387 317029 299178 299081 246205 243838 239043 319982 554012 262333 215821 216539
threshold=0.9800336026838018 1.0666052657390228 0.065162257697104889 1.0000000180025095e-35 0 1.0000000180025095e-35 0.98911976491513476 1.2744203364317281 18.500000000000004 89.500000000000014 67.500000000000014 1 2 89.500000000000014
decision_type=2 2 2 2 1 2 2 2 2 2 2 1 1 2
left_child=5 2 -2 8 -3 7 -5 12 9 10 -4 -12 -1 -14
right_child=1 4 3 6 -6 -7 -8 -9 -10 -11 11 -13 13 -15
leaf_value=0.00037867347322604954 0.00027792880732971961 0.0014519700101407332 -0.00055645357266784223 -0.0052099518793837438 0.00022978343565304845 -0.0019497552644826416 -0.0012570118790897384 -0.0015727842390115146 -0.0010840751843401498 -0.00014560834732078908 -0.00019065756795038627 0.0010328401604909276 0.00022984685653304129 -0.00020090534888861483
leaf_weight=9859116.0556383133 55447036.283880234 7830136.3124289513 3378824.1673779488 1090214.7073974609 8818514.3402547836 1906911.6505199671 1473863.4832611084 3959364.1476767063 2281609.1721801758 37834634.794457436 2055325.0770263672 6981173.8724479675 15474772.825361371 95095821.278344631
leaf_count=11747 72508 10210 1670 1030 9080 1215 1436 3326 1066 19777 1008 3752 15040 76810
internal_value=4.9984e-05 0.00135914 0.000679061 -0.000910527 0.00587468 -0.00126845 -0.011211 -0.0010877 -0.000407759 2.3464e-05 0.00420256 0.00807767 -0.000846857 -0.00122608
internal_weight=2.53487e+08 1.27191e+08 1.10543e+08 5.50956e+07 1.66487e+07 1.26296e+08 2.56408e+06 1.24389e+08 5.25316e+07 5.025e+07 1.24153e+07 9.0365e+06 1.2043e+08 1.10571e+08
internal_count=229675 121537 102247 29739 19290 108138 2466 106923 27273 26207 6430 4760 103597 91850
cat_boundaries=0 1 2 3
cat_threshold=356 68 64
is_linear=0
shrinkage=0.03


Tree=48
num_leaves=15
num_cat=3
split_feature=14 10 0 0 10 1 10 5 2 2 13 2 0 2
split_gain=485009 433134 373884 241917 249815 219166 210949 221352 226622 318077 245371 236844 223773 208002
threshold=0.9873741049678143 0.97741814070190836 0 1 0.97017296776822393 14.500000000000002 1.2883310473777285 1.0000000180025095e-35 1.0000000180025095e-35 3.5000000000000004 0.33625239732437012 2.5000000000000004 2 3.5000000000000004
decision_type=2 2 1 1 2 2 2 2 2 2 2 2 1 2
left_child=3 2 -2 4 -1 -3 7 8 -5 11 -11 12 -10 -8
right_child=1 5 -4 6 -6 -7 13 -9 9 10 -12 -13 -14 -15
leaf_value=-0.0013757936643276451 -0.0018519811218218024 0.00042221923359290261 -0.000105746953075029 -0.00038947004952625706 0.0004983374386440028 0.00010422815794655581 -0.00054760410294800498 -0.0017661135543275159 -0.00052423331107885769 -0.0026962147326234417 -0.00025776378066210803 0.00037821375359297748 8.6538387488781503e-05 -0.005684272382499217
leaf_weight=1120107.6563879251 2998136.9258105755 51156895.409106374 14752650.257258534 27536448.631451607 9769584.4154617786 45250440.466176629 3122082.584164381 1941710.5672852993 7691308.2838197947 1244687.1720643044 37038559.647285223 17098393.008343577 31051831.084353447 1509861.3940963745
leaf_count=1329 3823 51655 16705 19962 11493 40348 2373 1205 3961 1779 36497 12435 24618 1588
internal_value=9.06588e-05 0.0015399 -0.0027666 -0.00109851 0.00319436 0.00233283 -0.00146306 -0.00122752 -0.00106713 -0.000366811 -0.00247306 0.00107717 -0.000220769 -0.00774856
internal_weight=2.53283e+08 1.14158e+08 1.77508e+07 1.39125e+08 1.08897e+07 9.64073e+07 1.28235e+08 1.23603e+08 1.21661e+08 9.41248e+07 3.82832e+07 5.58415e+07 3.87431e+07 4.63194e+06
internal_count=229771 112531 20528 117240 12822 92003 104418 100457 99252 79290 38276 41014 28579 3961
cat_boundaries=0 1 2 3
cat_threshold=64 64 8
is_linear=0
shrinkage=0.03


Tree=49
num_leaves=15
num_cat=4
split_feature=13 9 1 16 0 9 0 16 12 11 0 0 3 11
split_gain=443861 305731 1.29066e+06 473332 358399 297315 473984 258375 303982 442500 433528 392848 387684 299070
threshold=1.0707410409215981 89.500000000000014 17.500000000000004 0.04490981942762768 0 74.500000000000014 1 0.052653327735479837 0.99493778713559811 0.98059644709439753 2 3 1.5000000000000002 1.0081408643961198
decision_type=2 2 2 2 1 2 1 2 2 2 1 1 2 2
left_child=1 2 3 -1 -4 -5 -7 -3 12 11 13 -10 -9 -11
right_child=-2 7 4 5 -6 6 -8 8 9 10 -12 -13 -14 -15
leaf_value=-0.0011307884395146007 0.00036751447159226984 0.00021001650754741378 -0.0012443088622013517 0.00032772152734460044 -0.00023909873797976902 0.00026321933910085056 0.001188830362175135 -0.00029769306999930661 -0.0001563648162566566 0.00013742942834579891 0.00021237603629421613 -0.0016610156583546909 -0.0022783392363898121 -0.00034333243308315594
leaf_weight=1633967.536783576 48911130.416368127 28110663.813398838 4412501.1987762451 11205117.15833807 4016445.2667462826 4884526.212890625 7658321.9941159487 27830450.989013672 5139337.5230407715 10784192.864898682 54736585.609150648 3805138.5155334473 5764791.5248718262 34766068.970672607
leaf_count=5636 60727 58699 3166 6632 5613 2757 5267 13696 2905 4577 37925 2190 5134 15207
internal_value=8.55572e-05 -0.0005278 0.00207878 0.0054565 -0.00809248 0.00653111 0.00970379 -0.00104337 -0.00156081 -0.000793264 -0.000223021 -0.00718692 -0.00405641 -0.00238525
internal_weight=2.53659e+08 2.04748e+08 3.38109e+07 2.53819e+07 8.42895e+06 2.3748e+07 1.25428e+07 1.70937e+08 1.42827e+08 1.09231e+08 1.00287e+08 8.94448e+06 3.35952e+07 4.55503e+07
internal_count=230131 169404 29071 20292 8779 14656 8024 140333 81634 62804 57709 5095 18830 19784
cat_boundaries=0 1 2 3 4
cat_threshold=84 76 152 153
is_linear=0
shrinkage=0.03


Tree=50
num_leaves=15
num_cat=1
split_feature=2 16 10 3 12 3 9 9 9 1 0 12 10 9
split_gain=468262 409580 473209 361943 328932 326123 310013 271834 444788 378929 273477 274643 400496 265411
threshold=1.0000000180025095e-35 0.065162257697104889 0.97590040702797165 1.5000000000000002 0.99493778713559811 1.5000000000000002 62.500000000000007 67.500000000000014 83.500000000000014 17.500000000000004 0 1.0017672621402147 1.0022981177563166 78.500000000000014
decision_type=2 2 2 2 2 2 2 2 2 2 1 2 2 2
left_child=-1 6 3 -3 5 -4 -2 -6 9 13 -10 -12 -13 -9
right_child=1 2 4 -5 7 -7 -8 8 10 -11 11 12 -14 -15
leaf_value=-0.00031999597150078076 -0.0017967974906132158 -0.000228213816639048 -0.00013424642207330529 -0.0024316181293741633 -0.0007379834334190165 -0.0026190427546792707 0.00027623760283988552 0.00067596075391901064 0.00052378775848558646 -0.00038302722819592329 0.00039768526914165482 -0.0011529692550649917 -3.7960517978477997e-05 0.0017340274665865046
leaf_weight=43482631.478851199 886895.9841581583 10896030.687683105 8275079.0260314941 5300090.7131347656 3302164.7143058777 4014504.0264587402 100926168.90679657 5400085.4102455378 12398279.514892578 1874177.2905824184 6781953.697845459 5496492.5792541504 42405062.597514868 2133518.5408637524
leaf_count=34080 971 5200 3346 4898 1779 3325 132793 3080 9489 1001 3329 2945 22308 1410
internal_value=1.88453e-05 0.000605346 -0.000679113 -0.005408 0.000152649 -0.00441612 0.00197136 0.000856333 0.00122016 0.00732895 0.00036344 -0.000548638 -0.00134862 0.010332
internal_weight=2.53573e+08 2.10091e+08 1.08277e+08 1.61961e+07 9.20813e+07 1.22896e+07 1.01813e+08 7.97917e+07 7.64896e+07 9.40778e+06 6.70818e+07 5.46835e+07 4.79016e+07 7.5336e+06
internal_count=229954 195874 62110 10098 52012 6671 133764 45341 43562 5491 38071 28582 25253 4490
cat_boundaries=0 1
cat_threshold=65
is_linear=0
shrinkage=0.03


Tree=51
num_leaves=15
num_cat=4
split_feature=14 10 0 3 0 9 10 1 0 10 0 2 14 1
split_gain=492863 372171 439817 254430 239061 436043 263144 212439 256482 218759 210481 194227 367047 257734
threshold=0.9873741049678143 0.98364139411840446 0 1.5000000000000002 1 84.500000000000014 1.0389604186223813 17.500000000000004 2 1.0428102923176461 3 4.5000000000000009 1.1267952474849621 15.500000000000002
decision_type=2 2 1 2 1 2 2 2 1 2 1 2 2 2
left_child=4 2 -2 -4 5 -1 -6 9 -9 -8 -3 -12 13 -13
right_child=1 10 3 -5 6 -7 7 8 -10 -11 11 12 -14 -15
leaf_value=0.00065218992773116919 -0.0018574569420085937 0.00079963582863363711 0.00017420584247258101 -0.0016038925840133433 -0.00020962449514339408 -0.00060780592319970733 0.00075752913738907544 -0.000626012460675282 0.00015342110929040026 0.00017338070048246226 -4.9426485415800482e-05 0.00093000530031474076 0.0061672886506935771 -0.00032770929239313019
leaf_weight=5378493.2509270906 3021838.5126607418 19418290.500974178 13686971.284135222 4675959.8767451048 41454472.480165124 48282228.927828908 2629949.9178169966 3235379.9178314209 5712197.3106689453 32320714.486918926 59650641.70397985 6891148.8247890472 1416758.416182518 5533156.5450820923
leaf_count=4880 3830 27701 11892 7829 35080 35290 1812 1333 9460 29259 42871 7921 4456 5936
internal_value=-3.1023e-05 0.00142838 -0.00213989 -0.000394592 -0.00123092 -0.00279994 -0.00024449 0.00137423 -0.00275045 0.00243017 0.00224968 0.0015157 0.00471739 0.00306767
internal_weight=2.53308e+08 1.14295e+08 2.13848e+07 1.83629e+07 1.39013e+08 5.36607e+07 8.53527e+07 4.38982e+07 8.94758e+06 3.49507e+07 9.291e+07 7.34917e+07 1.38411e+07 1.24243e+07
internal_count=229550 112436 23551 19721 117114 40170 76944 41864 10793 31071 88885 61184 18313 13857
cat_boundaries=0 1 2 3 4
cat_threshold=64 266 16 98
is_linear=0
shrinkage=0.03


Tree=52
num_leaves=15
num_cat=1
split_feature=13 10 1 10 3 10 14 16 14 0 10 1 11 14
split_gain=415819 282666 371559 251989 334137 294234 206576 230161 198906 191745 371075 298970 224576 248387
threshold=1.061820742313391 0.85635765199566871 18.500000000000004 1.2306657227023974 1.5000000000000002 1.1413265287497878 1.3507360378118121 0.062678343153617033 0.79350877139666032 0 0.98075172570208025 10.500000000000002 0.91408087203224231 0.82798925996342188
decision_type=2 2 2 2 2 2 2 2 2 1 2 2 2 2
left_child=1 2 -1 5 -5 9 -2 -8 -6 10 -3 -11 -13 -14
right_child=6 3 -4 4 8 -7 7 -9 -10 11 -12 12 13 -15
leaf_value=-0.000782484287612476 0.0003703755651230311 -0.00072810437765135488 0.0010035527177683608 -0.00037920848612363437 -0.0097344774889958335 0.00046834706846084271 0.0012941554770910318 -0.0038888917124793232 -0.00098834722854467699 9.7173727259277634e-05 0.00033786429856743857 0.00051441168535676645 -0.0010481475481979503 -0.00021706518964966648
leaf_weight=13902290.185795069 51818470.37384367 9349058.1595522165 2327082.318572998 5991570.9152389765 855200.95014750957 17685490.771731853 1279817.632160306 1456618.4215893745 600681.96630883217 34052933.244486094 38430904.57575202 4037248.0689315796 6105844.2494981289 65556248.919537067
leaf_count=10949 56058 10764 3222 5734 1162 18041 7254 1754 1335 24823 50318 2134 2947 33575
internal_value=1.06015e-05 -0.000625803 -0.00442003 -0.000288694 -0.00569336 -5.89741e-05 0.00233078 -0.0057025 -0.0185844 -0.000470885 0.00111541 -0.00116147 -0.00221164 -0.00259948
internal_weight=2.53449e+08 1.98895e+08 1.62294e+07 1.82665e+08 7.44745e+06 1.75218e+08 5.45549e+07 2.73644e+06 1.45588e+06 1.57532e+08 4.778e+07 1.09752e+08 7.56993e+07 7.16621e+07
internal_count=230070 165004 14171 150833 8231 142602 65066 9008 2497 124561 61082 63479 38656 36522
cat_boundaries=0 1
cat_threshold=227
is_linear=0
shrinkage=0.03


Tree=53
num_leaves=15
num_cat=0
split_feature=2 16 10 14 9 3 10 12 3 9 9 1 9 10
split_gain=407918 395092 432803 376349 323124 291214 252657 235921 348799 307470 376115 413834 298804 181695
threshold=1.0000000180025095e-35 0.065162257697104889 0.96771506909300131 0.87739136426604036 62.500000000000007 1.5000000000000002 1.2883310473777285 0.99493778713559811 1.5000000000000002 67.500000000000014 83.500000000000014 17.500000000000004 78.500000000000014 0.83866519279172203
decision_type=2 2 2 2 2 2 2 2 2 2 2 2 2 2
left_child=13 3 5 -2 -5 -3 7 8 -4 -9 11 12 -11 -1
right_child=1 2 6 4 -6 -7 -8 9 -10 10 -12 -13 -14 -15
leaf_value=-0.0010202140248633089 -0.00034887393381454872 -0.00023728224642529815 -5.0136564755775449e-06 -0.0017546038179388742 0.00036830156546692418 -0.0023972979762511906 -0.0017831392942144863 -0.00069499776116547748 -0.0024077522655538974 0.00061917093767703828 5.1339621511247521e-05 -0.00040510021747518324 0.0017243880311654544 -0.0002403085583942016
leaf_weight=2901374.5172139406 14120707.679936051 9427769.515625 8619272.1430969238 869075.88716065884 86892561.402126551 4684160.3618774414 2293865.921875 3340221.7205851078 4131564.2444152832 5572088.5244317055 66430308.752280116 1863472.3217041492 2132183.758813262 40423767.199748397
leaf_count=2392 20762 4448 3588 876 112168 4313 1291 1772 3512 3149 37790 998 1408 31604
internal_value=5.62255e-05 0.000602129 -0.000657712 0.00194374 0.00267512 -0.00555793 7.49578e-05 0.000319932 -0.00346774 0.000928666 0.0013202 0.00688127 0.00994976 -0.00259456
internal_weight=2.53702e+08 2.10377e+08 1.08495e+08 1.01882e+08 8.77616e+07 1.41119e+07 9.4383e+07 9.20891e+07 1.27508e+07 7.93383e+07 7.59981e+07 9.56774e+06 7.70427e+06 4.33251e+07
internal_count=230071 196075 62269 133806 113044 8761 53508 52217 7100 45117 43345 5555 4557 33996
is_linear=0
shrinkage=0.03


Tree=54
num_leaves=15
num_cat=4
split_feature=13 12 9 9 1 0 0 9 2 14 0 1 1 0
split_gain=398000 280962 283306 340439 1.10182e+06 373755 321447 307632 226321 221287 210769 203888 200898 186687
threshold=1.0707410409215981 0.9353060627559534 62.500000000000007 89.500000000000014 17.500000000000004 0 1 74.500000000000014 1.0000000180025095e-35 1.3507360378118121 2 7.5000000000000009 8.5000000000000018 3
decision_type=2 2 2 2 2 1 1 2 2 2 1 2 2 1
left_child=1 -1 -3 4 5 7 -6 12 13 -2 -11 -7 -4 -5
right_child=9 2 3 8 6 11 -8 -9 -10 10 -12 -13 -14 -15
leaf_value=-0.00078648517031168009 0.00041662298569837601 -0.0017685480866044391 -0.00067611117931736366 -0.00011496897570620991 -0.0010995219705133286 -0.00099313875963811149 -0.00015065688696233148 0.0010428656627954798 -2.8758781345146703e-05 0.0045840589690365838 -0.0029936996273950377 0.00041035424595959832 0.0006419123534697743 -0.00078382093393430821
leaf_weight=6871278.2608801126 45896355.867605567 1389817.6170706749 1406641.8547039032 18187422.615530849 4294799.3257827759 1578289.7180181742 3880690.0000771284 6718663.9568077326 133639027.41503918 866797.17819821835 1872536.102720499 10262993.119873047 4238711.9683971405 12448991.523993492
leaf_count=6947 51503 1036 1699 12190 3089 2990 5441 5852 111565 2929 6049 6126 2851 9803
internal_value=3.30032e-05 -0.000546048 -0.000339133 -0.000243746 0.0025677 0.00578383 -0.00695436 0.00943203 -0.000797917 0.00247272 -0.0058103 0.00197457 0.00426962 -0.00312357
internal_weight=2.53553e+08 2.04917e+08 1.98046e+08 1.96656e+08 3.23808e+07 2.42053e+07 8.17549e+06 1.2364e+07 1.64275e+08 4.86357e+07 2.73933e+06 1.18413e+07 5.64535e+06 3.06364e+07
internal_count=230070 169589 162642 161606 28048 19518 8530 10402 133558 60481 8978 9116 4550 21993
cat_boundaries=0 1 2 3 4
cat_threshold=433 84 52 372
is_linear=0
shrinkage=0.03


Tree=55
num_leaves=15
num_cat=2
split_feature=2 16 10 3 14 9 12 3 10 9 9 0 9 0
split_gain=397010 385524 410324 368033 332743 304312 298811 316628 300776 288111 352052 260839 252244 240088
threshold=1.0000000180025095e-35 0.065162257697104889 0.97590040702797165 1.5000000000000002 0.88281685407496557 62.500000000000007 0.99493778713559811 1.5000000000000002 1.2883310473777285 67.500000000000014 83.500000000000014 0 78.500000000000014 1
decision_type=2 2 2 2 2 2 2 2 2 2 2 1 2 1
left_child=-1 4 3 13 -2 -6 7 -4 9 -8 12 -12 -11 -3
right_child=1 2 6 -5 5 -7 8 -9 -10 10 11 -13 -14 -15
leaf_value=-0.00027628771414079794 -0.00028874700864269117 0.0003744278351438113 -0.00012706801922148718 -0.002320092817829445 -0.0016448004029226326 0.00036214072738849237 -0.00074983868936274328 -0.0023612872177508539 -0.0017646615712912362 0.00038997072729484339 0.00091491775801783991 1.7868962110586952e-05 0.0013671214667877374 -0.00051714879505675734
leaf_weight=43273390.640812755 14800406.194953084 3598441.7159423828 8150183.0603637695 5399788.4970703125 862894.99643456936 86158363.865430832 3272990.2121598721 4047886.1888122559 2211160.9644775391 6671761.5211668015 5385751.3648071289 59707050.855246067 2544290.5633074045 7342303.6732177734
leaf_count=33986 21716 1948 3305 4979 863 111058 1761 3350 1254 3723 4055 32894 1660 3255
internal_value=9.40713e-05 0.000632885 -0.000612837 -0.00499357 0.00195825 0.00266551 0.00016532 -0.00420772 0.000833833 0.00114478 0.00152847 0.000751486 0.00701627 -0.00183059
internal_weight=2.53427e+08 2.10153e+08 1.08332e+08 1.63405e+07 1.01822e+08 8.70213e+07 9.19911e+07 1.21981e+07 7.9793e+07 7.75818e+07 7.43089e+07 6.50928e+07 9.21605e+06 1.09407e+07
internal_count=229807 195821 62184 10182 133637 111921 52002 6655 45347 44093 42332 36949 5383 5203
cat_boundaries=0 1 2
cat_threshold=64 145
is_linear=0
shrinkage=0.03


Tree=56
num_leaves=15
num_cat=1
split_feature=13 2 3 5 10 9 16 5 2 10 0 9 1 12
split_gain=380229 238809 265620 536706 385181 306356 319344 395505 242039 350549 234369 206068 319652 208663
threshold=1.0570203292377862 1.0000000180025095e-35 1.0000000180025095e-35 1.0000000180025095e-35 1.2883310473777285 68.500000000000014 0.08132442582937606 1.0000000180025095e-35 2.5000000000000004 1.1413265287497878 0 89.500000000000014 17.500000000000004 1.0206910855985722
decision_type=2 2 2 2 2 2 2 2 2 2 1 2 2 2
left_child=1 -1 3 8 5 10 7 -7 9 11 -4 12 -3 -13
right_child=-2 2 4 -5 -6 6 -8 -9 -10 -11 -12 13 -14 -15
leaf_value=-0.00030566110836740954 0.0002918906962484184 0.00062678870327677176 3.2417051478310036e-05 -0.0021349575860004936 -0.0052044187120986428 -3.9607977038205754e-07 -0.00061941477977287657 0.0022932495008647158 0.00038049814550189488 0.00071455969883838346 -0.0018344567911886521 -2.3762441913244869e-05 -0.00035048923289392257 -0.00045945267516282078
leaf_weight=37030774.715455174 58226006.983029485 6767500.3099819422 902405.80433785915 1722039.3508291245 1544199.4133771658 44856618.610940099 14262328.071122885 1105791.9625880718 28655906.945259333 7936515.655564189 1609433.1308864355 33240502.151434541 2535846.8898673058 12698711.853184819
leaf_count=26923 67795 4807 1197 1063 1659 53022 9016 900 20772 7197 1593 22801 2105 9105
internal_value=3.74488e-05 -0.00059816 -8.9472e-05 0.000930642 -0.00157419 -0.00120985 -0.000781716 0.000435191 0.00124179 0.000204548 -0.011475 -0.000642459 0.00342911 -0.00146701
internal_weight=2.53095e+08 1.94869e+08 1.57838e+08 9.3557e+07 6.42808e+07 6.27366e+07 6.02247e+07 4.59624e+07 9.1835e+07 6.31791e+07 2.51184e+06 5.52426e+07 9.30335e+06 4.59392e+07
internal_count=229955 162160 135237 67850 67387 65728 62938 53922 66787 46015 2790 38818 6912 31906
cat_boundaries=0 1
cat_threshold=139
is_linear=0
shrinkage=0.03


Tree=57
num_leaves=15
num_cat=4
split_feature=9 9 1 16 16 0 10 0 0 0 10 16 1 10
split_gain=331061 439284 1.16357e+06 486086 432298 380305 485696 397289 362463 349538 464376 321484 301837 268634
threshold=62.500000000000007 86.500000000000014 18.500000000000004 0.04990669866214225 0.052653327735479837 0 1.012904860052575 1 2 3 1.1925834006211711 0.088554541433946851 17.500000000000004 1.3953303454829544
decision_type=2 2 2 2 2 1 2 1 1 1 2 2 2 2
left_child=-1 2 3 -2 13 -6 7 -7 -5 10 -8 -10 -9 -3
right_child=1 4 -4 8 5 6 9 12 11 -11 -12 -13 -14 -15
leaf_value=-0.0015705562444310256 -0.0011008877651484197 0.00041602397800702081 -0.0011497690977596892 0.00015748129851288746 -0.00040760815821299431 -0.0015257252329767678 0.0011975717325337775 -0.00031527883242339188 0.00096496197454541146 4.0224348137075259e-05 -0.00054987923923752917 2.3946794327133404e-05 0.00038497287195375261 -0.0038891352240929184
leaf_weight=1754350.9084627628 2008112.2931252718 39191525.627728701 5727516.1657617092 9674750.0912780762 54601188.55583024 3767203.8451538086 8950721.5526428223 31075380.571334839 16544817.869408369 66577830.831420898 2608831.8271179199 3525454.0669059753 6942800.875869751 579365.77588510513
leaf_count=1393 7496 88928 8019 6121 35820 2997 7326 15503 10391 37563 2084 1529 3350 1491
internal_value=6.5964e-05 0.000156456 0.00315279 0.00539772 -0.000367608 -0.00101083 -6.58796e-05 -0.00267666 0.00636215 0.00133028 0.00614569 0.00866142 -0.00175583 0.00245501
internal_weight=2.5353e+08 2.51775e+08 3.74807e+07 3.17531e+07 2.14295e+08 1.74524e+08 1.19923e+08 4.17854e+07 2.9745e+07 7.81374e+07 1.15596e+07 2.00703e+07 3.80182e+07 3.97709e+07
internal_count=230011 228618 33556 25537 195062 104643 68823 21850 18041 46973 9410 11920 18853 90419
cat_boundaries=0 1 2 3 4
cat_threshold=392 64 69 64
is_linear=0
shrinkage=0.03


Tree=58
num_leaves=15
num_cat=0
split_feature=10 12 10 12 12 10 3 10 11 16 10 11 16 12
split_gain=374629 592623 473977 367248 279191 394736 277869 251124 223232 208662 301970 231831 184580 244246
threshold=1.0389604186223813 1.019141366626745 1.2236955986104996 0.9353060627559534 1.0666052657390228 1.0428102923176461 1.5000000000000002 1.2883310473777285 0.9847744481008941 0.066217158611253948 0.98739584037764205 1.0256949624400986 0.053981197135824027 0.99493778713559811
decision_type=2 2 2 2 2 2 2 2 2 2 2 2 2 2
left_child=1 3 4 -1 5 -2 -4 -8 -7 -3 -11 -12 -5 -14
right_child=2 9 6 12 -6 8 7 -9 -10 10 11 -13 13 -15
leaf_value=-0.00089977495970780389 0.00061242300504642786 -0.00038055935586767483 -0.00039367434440042159 0.00036741898361298674 0.00053986043751499198 0.00095273936220414035 -0.00070387142317670007 -0.0089899582978351222 -3.3257711134051368e-05 -0.0016040332424923432 0.00051730173399565501 -0.0010070054744445126 -0.00034361877101556223 6.9155372114303371e-05
leaf_weight=5920173.0489268303 10171236.901472211 13324386.851589918 8648380.6880905628 24192920.065624475 27920298.447076678 3061914.7161457539 898070.46458864212 992966.00374698639 66460773.961666822 5985637.3134155273 1859712.5661358833 4855285.8971843719 26274372.776489258 53203927.459035873
leaf_count=6425 7433 18363 8804 41420 28640 3326 2110 1362 61492 4107 984 2817 14847 27716
internal_value=-1.82317e-05 -0.00109413 0.00121668 -0.000127715 0.00181131 0.000906861 -0.00485492 -0.0152721 9.92801e-05 -0.00516368 -0.00791511 -0.00354771 0.000287288 -0.000411112
internal_weight=2.5377e+08 1.35616e+08 1.18154e+08 1.09591e+08 1.07614e+08 7.96939e+07 1.05394e+07 1.89104e+06 6.95227e+07 2.6025e+07 1.27006e+07 6.715e+06 1.03671e+08 7.94783e+07
internal_count=229846 116679 113167 90408 100891 72251 12276 3472 64818 26271 7908 3801 83983 42563
is_linear=0
shrinkage=0.03


Tree=59
num_leaves=15
num_cat=3
split_feature=13 12 1 16 12 14 3 11 0 0 11 0 14 16
split_gain=342127 245782 206046 207739 195641 195239 313606 239476 247408 208339 228389 187384 172239 222041
threshold=1.0570203292377862 0.9353060627559534 10.500000000000002 0.026642861625421278 1.0666052657390228 0.90981725487495213 1.0000000180025095e-35 0.91408087203224231 0 1 0.97444208477667915 2 1.3142109330498335 0.064660328551112062
decision_type=2 2 2 2 2 2 2 2 1 1 2 1 2 2
left_child=1 -1 3 -3 12 6 -4 -8 -9 10 -7 -6 -2 -14
right_child=4 2 5 -5 11 9 7 8 -10 -11 -12 -13 13 -15
leaf_value=-0.00077595905497231164 0.00023270638831743694 -0.0011112493526337626 -0.00010432746367285027 0.00014462757747373217 0.0013216053866684948 -0.00072420681483719698 0.00057360150653899388 -0.0017105990589353986 -0.00067151519888061198 -0.00012947598814431202 0.00041601772003053782 0.00010149535802315354 0.001037238107000474 -0.0037526235203071481
leaf_weight=6695825.3631873131 47548649.096760988 3288140.0233017206 21855892.695531845 54907725.650473237 4631133.6030807495 4083245.2971177101 1370673.7291240692 4285188.2244110107 5322185.3551430702 66590939.758049965 26691411.363218069 2958197.800989151 1382943.4235582352 1470007.3878600597
leaf_count=6783 48487 25432 16279 32734 6025 4623 910 3133 5441 35524 31252 4095 7251 1701
internal_value=6.96858e-05 -0.000531689 -0.000330944 0.00115303 0.00209281 -0.000994243 -0.00299475 -0.00713164 -0.00880525 -0.000319625 0.00172171 0.00658328 0.00141665 -0.00574291
internal_weight=2.53082e+08 1.95091e+08 1.88395e+08 5.81959e+07 5.79909e+07 1.302e+08 3.28339e+07 1.0978e+07 9.60737e+06 9.73656e+07 3.07747e+07 7.58933e+06 5.04016e+07 2.85295e+06
internal_count=229670 162111 155328 58166 67559 97162 25763 9484 8574 71399 35875 10120 57439 8952
cat_boundaries=0 1 2 3
cat_threshold=19 227 364
is_linear=0
shrinkage=0.03


Tree=60
num_leaves=15
num_cat=3
split_feature=10 12 9 0 0 1 14 12 10 9 9 0 12 12
split_gain=350155 526091 678646 655693 495397 506569 356164 298603 300434 274479 250887 314781 241423 309295
threshold=1.0377336508874493 1.019141366626745 89.500000000000014 0 1 17.500000000000004 0.96711437801848477 1.01444308625972 1.042224977287155 85.500000000000014 89.500000000000014 2 1.0131338228234275 1.0081464412505341
decision_type=2 2 2 1 1 2 2 2 2 2 2 1 2 2
left_child=1 3 -3 6 5 7 -1 -2 -9 -6 -7 -12 13 -5
right_child=4 2 -4 12 9 10 -8 8 -10 -11 11 -13 -14 -15
leaf_value=-2.8990656883235528e-05 1.2813130135537519e-05 0.00040635679518146508 -0.0011427274664407648 -0.00019519235529609266 0.00066147103182104369 -0.0010817638242796575 0.00079415261809655138 0.00090807733832461298 0.00050458946443148205 -0.00025312374132772984 -0.00045892713205053943 0.00054510173288592457 0.00022773028035548491 -0.0011059626399964675
leaf_weight=14434097.127697825 11440346.672630429 6089737.6027239561 19898687.08586812 57801799.885473609 6075673.6565599442 3229013.0926196575 20013066.653811693 3285883.7842124701 36846682.42642045 46374943.960330606 4850059.6673812866 8159851.1397624016 10147018.660508871 4917983.8253521919
leaf_count=13361 9306 5374 20841 42491 7348 4036 20866 1710 34160 44780 2523 11524 8134 3570
internal_value=1.20058e-05 -0.00104689 -0.00487665 -0.000119431 0.00118572 0.0028791 0.00329118 0.00433408 0.00555286 -0.00100361 -0.00174173 0.000115984 -0.00173177 -0.00242633
internal_weight=2.53565e+08 1.33302e+08 2.59884e+07 1.07314e+08 1.20262e+08 6.78118e+07 3.44472e+07 5.15729e+07 4.01326e+07 5.24506e+07 1.62389e+07 1.30099e+07 7.28668e+07 6.27198e+07
internal_count=230024 114637 26215 88422 115387 63259 34227 45176 35870 52128 18083 14047 54195 46061
cat_boundaries=0 1 2 3
cat_threshold=139 372 16
is_linear=0
shrinkage=0.03


Tree=61
num_leaves=15
num_cat=5
split_feature=14 16 14 0 0 12 1 9 9 0 0 9 1 0
split_gain=337642 307250 234247 231145 206123 184109 154575 170486 402145 192898 146953 142892 460856 255873
threshold=0.9873741049678143 0.065162257697104889 1.284288156229388 0 1 1.0666052657390228 18.500000000000004 67.500000000000014 87.500000000000014 2 3 86.500000000000014 17.500000000000004 4
decision_type=2 2 2 1 1 2 2 2 2 1 1 2 2 1
left_child=4 5 6 -4 -1 10 7 -3 9 -9 -2 12 -6 -14
right_child=1 2 3 -5 11 -7 -8 8 -10 -11 -12 -13 13 -15
leaf_value=0.00036615712036506447 -1.9418715903167059e-05 -0.00057896020146630078 0.00018604937846614675 -0.0050901011155256286 0.0004603677929313021 0.0010099101553008698 -0.00095600424988433424 -0.00016597939158285413 -5.3693404676993801e-05 0.00085638401273109609 0.00041854183236694119 -0.00019322452305761307 -0.0011755302341426006 -9.7208122022510092e-05
leaf_weight=10896287.918001413 16862754.748300076 3078964.1715393066 851286.56231689453 987499.97887670994 11842886.48946774 7563897.8583815098 2078609.7362060547 2006769.052734375 40553342.740306854 6435386.3426895142 33601359.994496226 112115247.90868402 1892189.9555358887 2256306.6009905338
leaf_count=12826 23641 1515 962 1433 10339 12492 1036 1015 22490 3462 44226 89535 1060 3460
internal_value=5.01878e-05 0.0012602 -0.000325175 -0.0108555 -0.000942351 0.00278995 3.23852e-05 0.000352609 0.000782915 0.00673983 0.00213574 -0.00127927 0.00137367 -0.00723119
internal_weight=2.53023e+08 1.1402e+08 5.59919e+07 1.83879e+06 1.39003e+08 5.8028e+07 5.41531e+07 5.20745e+07 4.89955e+07 8.44216e+06 5.04641e+07 1.28107e+08 1.59914e+07 4.1485e+06
internal_count=229492 112272 31913 2395 117220 80359 29518 28482 26967 4477 67867 104394 14859 4520
cat_boundaries=0 1 2 3 4 5
cat_threshold=54 64 68 324 20
is_linear=0
shrinkage=0.03


Tree=62
num_leaves=15
num_cat=4
split_feature=10 12 0 9 9 1 16 16 0 0 12 10 0 12
split_gain=321717 413211 396698 250099 361745 1.03379e+06 460283 425750 382659 330341 280393 472630 360706 288946
threshold=1.2883310473777285 1.0666052657390228 0 62.500000000000007 89.500000000000014 17.500000000000004 0.04990669866214225 0.052653327735479837 1 2 1.03376952192731 1.0291511211659856 3 1.0213035412072564
decision_type=2 2 1 2 2 2 2 2 1 1 2 2 1 2
left_child=1 3 -3 -1 5 6 -5 -6 -7 -8 12 -12 -9 -14
right_child=-2 2 -4 4 7 8 9 10 -10 -11 11 -13 13 -15
leaf_value=-0.0013845148535203747 -0.0012594219394396248 0.00095221465973900198 1.3360443508516239e-05 -0.00099249767752570238 0.00034659066267874589 -0.0011107431908531458 1.4236090036971518e-05 4.2306825991711089e-05 -3.603422767933141e-05 0.00078312748023090029 -0.001484420853217097 -0.00010284761199083443 -0.00025934310310033343 -0.0011627006959897687
leaf_weight=1653837.5633820295 5548081.7580869198 14895527.147823691 15960421.524919748 2110047.2953789234 33112626.869651079 4467503.8052825928 5790074.654296875 69218825.803466797 4311612.7175371647 20035884.421623349 6718322.6932373047 10710749.777890921 50901775.67660749 7538667.0900878906
leaf_count=1310 4931 18117 15515 7247 73338 3147 3266 39637 5984 12093 4488 7338 29460 3722
internal_value=3.62501e-05 0.000196452 0.00344444 -0.000266307 -0.000176875 0.00253469 0.00535669 -0.000735545 -0.00644519 0.00645739 -0.00143607 -0.00500533 -0.000948767 -0.00268428
internal_weight=2.52974e+08 2.47426e+08 3.08559e+07 2.1657e+08 2.14916e+08 3.67151e+07 2.7936e+07 1.78201e+08 8.77912e+06 2.5826e+07 1.45088e+08 1.74291e+07 1.27659e+08 5.84404e+07
internal_count=229593 224662 33632 191030 189720 31737 22606 157983 9131 15359 84645 11826 72819 33182
cat_boundaries=0 1 2 3 4
cat_threshold=356 84 68 211
is_linear=0
shrinkage=0.03


Tree=63
num_leaves=15
num_cat=2
split_feature=2 16 10 12 9 0 10 10 0 12 10 12 9 3
split_gain=301276 327443 317587 392591 468340 350706 325776 298537 209361 299930 261540 203603 198888 192820
threshold=1.0000000180025095e-35 0.065162257697104889 1.0379730489952987 1.0182782321369752 89.500000000000014 0 0.83310007439074751 1.2126353484185692 1 1.0077918519281821 1.0804981498706023 0.99996686537042534 62.500000000000007 1.5000000000000002
decision_type=2 2 2 2 2 1 2 2 1 2 2 2 2 2
left_child=8 12 3 5 -5 6 -3 -4 9 11 -10 -1 -2 -9
right_child=1 2 7 4 -6 -7 -8 13 10 -11 -12 -13 -14 -15
leaf_value=-0.00043383875066262063 -0.0013073647861194604 -0.00094713161355190257 0.00019778264379261611 0.00042440087676618571 -0.0015034777445214892 -0.00026985696710666299 0.0005715906340365924 -0.00034601635257940847 -0.00025021375547692738 -0.0012023215647024375 0.0004162267047753421 0.0013150780271323106 0.00022926930147086771 -0.0046658657527610106
leaf_weight=3658722.1063657999 893763.84945750237 2458361.957611084 45558740.407088995 2646413.8024482727 8656897.2989196777 30619942.078970909 13217999.361907959 3618382.8238525391 22328392.188242555 8527927.3494797945 7186438.3765184879 1585214.3053022623 100933681.33528984 1383162.612411499
leaf_count=3038 969 1727 26897 1590 5978 12848 9318 2216 15997 6991 6701 1192 132821 1600
internal_value=3.41792e-05 0.000503953 -0.000645502 -0.00216855 -0.00718102 -0.00094475 0.00270446 0.0010896 -0.00224473 -0.00529906 -0.000819556 0.000346774 0.00172489 -0.00586784
internal_weight=2.53274e+08 2.09987e+08 1.0816e+08 5.75996e+07 1.13033e+07 4.62963e+07 1.56764e+07 5.05603e+07 4.32867e+07 1.37719e+07 2.95148e+07 5.24394e+06 1.01827e+08 5.00155e+06
internal_count=229883 195964 62174 31461 7568 23893 11045 30713 33919 11221 22698 4230 133790 3816
cat_boundaries=0 1 2
cat_threshold=171 138
is_linear=0
shrinkage=0.03


Tree=64
num_leaves=15
num_cat=3
split_feature=13 10 10 2 10 10 0 1 16 16 10 0 1 0
split_gain=329748 217496 178773 299794 270202 218656 160328 205685 159016 157387 169634 201649 234128 199499
threshold=1.055358054590634 0.74478466775923013 1.2306657227023974 4.5000000000000009 1.1413265287497878 1.2883310473777285 0 10.500000000000002 0.035735974219033566 0.058389118957245995 1.012904860052575 1 17.500000000000004 2
decision_type=2 2 2 2 2 2 1 2 2 2 2 1 2 1
left_child=1 -1 4 -4 6 -5 7 -3 -8 -10 13 -12 -13 -11
right_child=-2 2 3 5 -6 -7 8 -9 9 10 11 12 -14 -15
leaf_value=-0.00086068806354703783 0.0002695483935303384 9.1171284700793931e-05 -0.00036892753443952157 -0.00057091221459003262 0.00043319968027187447 -0.0087953284196562991 -0.00052644269873652362 -0.00038605245286470825 0.00026975278111772796 -0.0015566927093790249 0.00053082301267583037 7.6151908759659412e-05 -0.00034448015736070566 -0.00015693758875506977
leaf_weight=5040830.7945092916 59479663.104656816 20887389.093229294 5870535.1654992104 583680.67758750916 17384469.686269283 833989.89038848877 7548278.5605318546 47022124.465195417 23701509.727218628 1864599.2891845703 12433034.791687012 21715960.706939697 5987915.7807617188 23044999.93649292
leaf_count=5169 68572 18294 5648 1318 17752 1108 25518 28903 18632 1301 10682 11085 2376 13532
internal_value=7.20691e-05 -0.000527285 -0.000363152 -0.00497013 -0.000178248 -0.0173516 -0.000554784 -0.00167106 0.000232429 0.000587963 -0.000174647 0.00103227 -0.000392241 -0.00211935
internal_weight=2.53399e+08 1.93919e+08 1.88878e+08 7.28821e+06 1.8159e+08 1.41767e+06 1.64206e+08 6.79095e+07 9.62963e+07 8.8748e+07 6.50465e+07 4.01369e+07 2.77039e+07 2.49096e+07
internal_count=229890 161318 156149 8074 148075 2426 130323 47197 83126 57608 38976 24143 13461 14833
cat_boundaries=0 1 2 3
cat_threshold=268 98 64
is_linear=0
shrinkage=0.03


Tree=65
num_leaves=15
num_cat=3
split_feature=14 10 0 5 3 10 12 0 11 0 11 11 12 3
split_gain=286370 301855 328445 227009 238013 266805 220543 251246 186720 207968 220791 180590 368931 304479
threshold=0.9800336026838018 0.96771506909300131 0 1.0000000180025095e-35 1.0000000180025095e-35 1.2883310473777285 1.0666052657390228 1 1.1344432846807984 2 1.0142450752632377 1.0086132715351341 1.0051969303918387 1.5000000000000002
decision_type=2 2 1 2 2 2 2 1 2 1 2 2 2 2
left_child=3 2 -2 4 -1 -6 8 -8 9 10 -3 12 -11 -13
right_child=1 6 -4 -5 5 -7 7 -9 -10 11 -12 13 -14 -15
leaf_value=3.6928859450858883e-06 -0.0016914800993541612 -0.00071189986135003676 -0.00011752811637467279 -0.0014618094153723519 -0.0002801286550926908 -0.0049740017550494271 0.0013519471112605611 0.00023281973690790221 -0.00075625241051815496 0.00067179514347795108 0.00012996043372114972 -2.5455886850223253e-05 -0.00023736551879435141 0.00083711094424371898
leaf_weight=85069175.217113853 2708173.6072759628 8873233.3951739073 12475945.557543159 1865459.8683290482 38218359.684137821 1525219.5994701385 5529560.2808389664 11135338.358124971 3440924.4383627176 16841821.462598681 13626356.437559128 36657294.208586097 6441941.8942910433 9533071.3669116497
leaf_count=65162 3417 7395 14308 1188 40491 1626 7527 11664 3738 13996 11108 28711 6083 13754
internal_value=8.27471e-06 0.00101339 -0.00295612 -0.00100149 -0.00084623 -0.00276289 0.00155117 0.00473545 0.000995008 0.0012517 -0.00125505 0.00206353 0.00421783 0.000977583
internal_weight=2.53942e+08 1.27264e+08 1.51841e+07 1.26678e+08 1.24813e+08 3.97436e+07 1.1208e+08 1.66649e+07 9.54146e+07 9.19737e+07 2.24996e+07 6.94741e+07 2.32838e+07 4.61904e+07
internal_count=230168 121701 17725 108467 107279 42117 103976 19191 84785 81047 18503 62544 20079 42465
cat_boundaries=0 1 2 3
cat_threshold=64 100 260
is_linear=0
shrinkage=0.03


Tree=66
num_leaves=15
num_cat=2
split_feature=14 1 16 14 16 4 12 12 0 14 3 0 1 1
split_gain=300252 280876 297457 353958 271837 249136 287294 199230 194888 184374 242366 432852 251652 160946
threshold=0.974603193907427 8.5000000000000018 0.033755858039455959 0.88781725287033697 0.065162257697104889 1.0000000180025095e-35 0.99613586028316414 1.1153931218449846 0 0.82298220553740553 1.5000000000000002 1 12.500000000000002 18.500000000000004
decision_type=2 2 2 2 2 2 2 2 1 2 2 1 2 2
left_child=1 2 -1 8 7 13 -7 -2 -4 10 12 -12 -3 -6
right_child=4 9 3 -5 5 6 -8 -9 -10 -11 11 -13 -14 -15
leaf_value=-0.0011452773609833505 0.00024394240189906142 -0.00094162297437793297 0.0010475373337996232 2.1174121556083149e-05 3.8670087413762597e-05 -0.005337200721725094 -0.00014528427081988364 0.0012992378794640404 0.00033828892145009571 -0.00011079883995252769 -0.0088474165354382149 -0.00064687411062553139 -5.9170089159444616e-05 -0.00080809620381496253
leaf_weight=3259339.5212653875 63750869.298299909 4930437.9047851562 3480337.1824035645 9915509.6783752441 62812465.264901161 1251107.0351867676 1673690.8838653564 3869236.9184272289 3464294.1383109093 77353950.158657312 1043448.3760299683 2104139.0997476578 11506711.90515852 2570112.3272705078
leaf_count=19065 84175 3683 1464 5331 33880 1074 1753 5782 2103 57888 1363 2088 8847 1216
internal_value=7.80385e-05 -0.00103566 0.00218999 0.00379382 0.00103714 -0.000297692 -0.0088639 0.00238553 0.00898779 -0.00170514 -0.00430534 -0.0119318 -0.00284493 8.55056e-05
internal_weight=2.52986e+08 1.17058e+08 2.01195e+07 1.68601e+07 1.35927e+08 6.83074e+07 2.9248e+06 6.76201e+07 6.94463e+06 9.69387e+07 1.95847e+07 3.14759e+06 1.64371e+07 6.53826e+07
internal_count=229712 101832 27963 8898 127880 37923 2827 89957 3567 73869 15981 3451 12530 35096
cat_boundaries=0 1 2
cat_threshold=85 259
is_linear=0
shrinkage=0.03


Tree=67
num_leaves=15
num_cat=3
split_feature=9 9 1 16 16 0 0 10 12 0 10 12 12 12
split_gain=310101 297892 904120 375269 365973 292120 292026 386350 813718 305839 315536 288198 597760 346947
threshold=62.500000000000007 86.500000000000014 18.500000000000004 0.04990669866214225 0.053394880302814023 0 1 1.0189606505582181 1.0182782321369752 2 1.1925834006211711 1.0175172891964588 1.0598131614188067 0.99493778713559811
decision_type=2 2 2 2 2 1 1 2 2 1 2 2 2 2
left_child=-1 2 3 -2 -3 -5 11 8 -8 10 -9 13 -13 -6
right_child=1 4 -4 5 6 -7 7 9 -10 -11 -12 12 -14 -15
leaf_value=-0.0014840959445202593 -0.0010288274396339991 0.00031047016972347201 -0.00099841201051950861 0.00011340441949774987 -0.00052637290082019556 0.00074759863825953283 -5.4326972374179861e-05 0.0010002273402973736 -0.0014356722168158583 2.4266952115552121e-05 -0.00037408750875677564 -0.0012988885363646209 6.3494864579383955e-05 0.00024999625441849414
leaf_weight=1716376.6289823055 1984780.6285732985 43068445.124988794 5721895.0856735706 9726995.2342224121 17094324.751220703 20012103.059356093 36164342.395019531 11259762.692321777 7902780.1249084473 59285608.273498535 3275778.1249542236 12125330.894836426 8308585.5668668747 16127534.261598587
leaf_count=1361 7449 92340 7989 6145 11151 11880 17407 11864 5829 28921 3445 7727 5955 10387
internal_value=2.63735e-05 0.000112911 0.00258194 0.00456169 -0.000317887 0.00540462 -0.000938627 -0.000103569 -0.00232641 0.00122335 0.00512309 -0.00277335 -0.00557681 -0.00104902
internal_weight=2.53775e+08 2.52058e+08 3.74458e+07 3.17239e+07 2.14612e+08 2.97391e+07 1.71544e+08 1.17888e+08 4.40671e+07 7.38211e+07 1.45355e+07 5.36558e+07 2.04339e+07 3.32219e+07
internal_count=229850 228489 33463 25474 195026 18025 102686 67466 23236 44230 15309 35220 13682 21538
cat_boundaries=0 1 2 3
cat_threshold=69 392 96
is_linear=0
shrinkage=0.03


Tree=68
num_leaves=15
num_cat=3
split_feature=2 9 15 16 9 9 0 10 4 9 0 14 11 0
split_gain=314442 327983 292614 281855 316567 334436 416094 256431 265206 256143 239116 229866 189303 233408
threshold=1.0000000180025095e-35 62.500000000000007 1.0000000180025095e-35 0.065162257697104889 89.500000000000014 74.500000000000014 0 1.0379730489952987 1.0000000180025095e-35 87.500000000000014 1 0.88281685407496557 0.9740154224333436 2
decision_type=2 2 2 2 2 2 1 2 2 2 1 2 2 1
left_child=-1 -2 3 11 5 10 -7 8 -6 -4 -5 12 -3 -14
right_child=1 2 9 4 7 6 -8 -9 -10 -11 -12 -13 13 -15
leaf_value=-0.00025943663675643809 -0.0014353556176968007 0.00049325327123151503 0.0010628919801746711 0.00067648641273904706 -0.00023843623741765993 0.001235070282759064 0.00028468808834518832 6.7243093821014847e-05 -0.0034800849483789462 -0.011986335661441543 -0.00044298252347410133 0.00030484236195891444 1.167541707882631e-06 -0.00095936265287090551
leaf_weight=43325794.881771684 1738846.421898365 3762089.4424290657 415152.1994099617 2858367.6637878418 45930847.487579346 3204142.6867370605 6187151.7118530273 41438118.097686768 2083607.5418395996 736591.19708943367 4691180.7754211426 85859023.716534853 6305275.6559823751 4576943.9215109348
leaf_count=33996 1375 4298 1622 1610 24965 1898 3431 24038 1975 1601 2441 109588 10122 6705
internal_value=6.30315e-07 0.000481157 0.000589601 0.000673545 -0.000402648 0.00335768 0.00713695 -0.00111479 -0.00260698 -0.0144899 -0.00134356 0.00181281 -0.00166117 -0.00366666
internal_weight=2.53113e+08 2.09787e+08 2.08048e+08 2.06897e+08 1.06393e+08 1.69408e+07 9.39129e+06 8.94526e+07 4.80145e+07 1.15174e+06 7.54955e+06 1.00503e+08 1.46443e+07 1.08822e+07
internal_count=229665 195669 194294 191071 60358 9380 5329 50978 26940 3223 4051 130713 21125 16827
cat_boundaries=0 1 2 3
cat_threshold=176 394 454
is_linear=0
shrinkage=0.03


Tree=69
num_leaves=15
num_cat=3
split_feature=2 9 16 9 9 0 10 12 12 0 3 12 0 10
split_gain=300291 258609 245170 314133 381616 334014 258810 538109 312876 462964 377829 202099 164448 188777
threshold=1.0000000180025095e-35 62.500000000000007 0.069382729902509321 89.500000000000014 68.500000000000014 0 1.0389604186223813 1.0182782321369752 0.99493778713559811 1 1.5000000000000002 1.0017672621402147 2 1.1925834006211711
decision_type=2 2 2 2 2 1 2 2 2 1 2 2 1 2
left_child=-1 -2 -3 4 -4 -6 7 8 10 -10 -5 -11 13 -8
right_child=1 2 3 6 5 -7 12 -9 9 11 -12 -13 -14 -15
leaf_value=-0.00025125589883328464 -0.0012743692573897304 0.00017638795616583801 -0.00063278161473020707 -0.0001525337024643866 0.0010674448413317127 0.00017001926760313067 0.0010945758870336403 -0.0014553600126402488 0.00087768237486530488 0.00023589048689217116 -0.0024940847288632672 -0.00039757059422699913 -4.4276718472889446e-05 -0.0005682286725931107
leaf_weight=43399226.154475927 1699303.1921530962 121548648.7593962 2872481.7185339928 8383192.6915893555 4588344.7781941891 6058051.0081176758 4569295.2169948816 7270327.0713195801 5908682.6988525391 4106500.1007080078 4660604.2528381348 9541142.4009399414 27775989.929870605 1476289.5712280273
leaf_count=34052 1349 144842 1713 3564 2705 3426 3259 4972 3597 1996 3823 4277 15475 1040
internal_value=3.76955e-05 0.000506244 0.000601123 -0.000612605 0.00359111 0.00620924 -0.00138378 -0.00302125 -0.00137537 0.00102488 -0.00497402 -0.00201228 0.000546543 0.00503042
internal_weight=2.53858e+08 2.10459e+08 2.0876e+08 8.72109e+07 1.35189e+07 1.06464e+07 7.3692e+07 3.98704e+07 3.26001e+07 1.95563e+07 1.30438e+07 1.36476e+07 3.38216e+07 6.04558e+06
internal_count=230090 196038 194689 49847 7844 6131 42003 22229 17257 9870 7387 6273 19774 4299
cat_boundaries=0 1 2 3
cat_threshold=432 75 320
is_linear=0
shrinkage=0.03


Tree=70
num_leaves=15
num_cat=3
split_feature=14 10 0 11 5 3 12 0 11 0 11 9 3 12
split_gain=284611 236815 309053 176602 174503 164990 164373 247674 163271 168359 166639 178816 156434 138499
threshold=0.98660776815325946 0.96771506909300131 0 1.2744203364317281 1.0000000180025095e-35 1.0000000180025095e-35 1.0666052657390228 1 1.1248979320239345 2 0.98059644709439753 74.500000000000014 2.5000000000000004 0.92324355344902431
decision_type=2 2 1 2 2 2 2 1 2 1 2 2 2 2
left_child=3 2 -2 4 13 -5 8 -8 9 10 -3 -12 -4 -1
right_child=1 6 12 5 -6 -7 7 -9 -10 -11 11 -13 -14 -15
leaf_value=-0.00062975903324238413 -0.001089904154100835 -0.00066832861124997581 0.00036835532157323213 -0.00049309117150845845 -0.00131562000823717 -0.0051342877616939696 0.0011018324079034702 -2.7601795683633763e-05 -0.00072221402623583056 9.3453989150185277e-05 -0.00025762009282049442 0.0011274433038155462 -0.0019874105014387527 -3.6218724166623563e-05
leaf_weight=4855839.8826134205 5886109.1813012362 1655350.1706154346 6702011.4028487206 2680845.3460652828 2046927.390812397 1314916.350520134 9048642.4567625523 5766991.0511351824 3274887.3056230545 67454858.963077068 2473205.9148287773 11744031.70503211 1556853.3114798069 126940163.09271455
leaf_count=4127 7603 1797 6642 2008 1336 1380 11817 5815 3669 54245 2863 16227 2652 107530
internal_value=0.000101399 0.00119944 -0.00243697 -0.000819191 -0.000633652 -0.00703404 0.00170662 0.00462662 0.00120707 0.00146531 0.0042452 0.00529408 0.00130665 -0.000498654
internal_weight=2.53402e+08 1.15563e+08 1.4145e+07 1.37839e+08 1.33843e+08 3.99576e+06 1.01418e+08 1.48156e+07 8.66023e+07 8.33274e+07 1.58726e+07 1.42172e+07 8.25886e+06 1.31796e+08
internal_count=229711 113330 16897 116381 112993 3388 96433 17632 78801 75132 20887 19090 9294 111657
cat_boundaries=0 1 2 3
cat_threshold=322 358 98
is_linear=0
shrinkage=0.03


Tree=71
num_leaves=15
num_cat=0
split_feature=2 16 10 12 14 12 11 10 10 12 12 1 11 3
split_gain=272471 258022 309030 274294 238516 215487 183019 182190 166076 167655 159869 315640 159852 277477
threshold=1.0000000180025095e-35 0.069382729902509321 1.0379730489952987 1.03376952192731 0.90981725487495213 1.0598131614188067 0.97496938264852517 1.0363308762909964 1.2060796710146005 1.0006923783943058 1.0204691415616196 18.500000000000004 0.96973899304761912 1.5000000000000002
decision_type=2 2 2 2 2 2 2 2 2 2 2 2 2 2
left_child=-1 4 3 7 6 10 -2 12 9 -4 -6 -12 13 -3
right_child=1 2 8 -5 5 -7 -8 -9 -10 -11 11 -13 -14 -15
leaf_value=-0.00024540735386493427 0.00042063395597752626 -5.960021795295033e-05 -0.00046070919371125625 -0.0013952188196765126 0.00029230178557671741 0.00064933968066470242 -0.00034253195085063556 -0.0014271023219571573 -0.00063400879224919065 0.00026189801389150149 0.00015204857199588748 -0.00082483830233967201 -1.6929444707550468e-05 -0.0020490259772132889
leaf_weight=43411927.613008738 5745741.2700031996 7376685.2731323242 4110571.9800109863 3665056.8116760254 56779798.774564862 16003764.064983726 18740778.183475733 1910148.176574707 4291937.3632202148 32252585.623663068 18200642.542545557 7390496.3488759995 29200136.020778656 4332206.3365783691
leaf_count=33985 5980 2983 2597 2572 64149 21667 24563 875 3180 18984 19511 10053 15197 3480
internal_value=6.71087e-05 0.00051437 -0.000734277 -0.00240506 0.00139997 0.00205944 -0.00124945 -0.00173084 0.00117606 0.0018348 0.00144055 -0.000528098 -0.00130799 -0.00426945
internal_weight=2.53412e+08 2.10001e+08 8.71393e+07 4.64842e+07 1.22861e+08 9.83747e+07 2.44865e+07 4.28192e+07 4.06551e+07 3.63632e+07 8.23709e+07 2.55911e+07 4.0909e+07 1.17089e+07
internal_count=229776 195791 49868 25107 145923 115380 30543 22535 24761 21581 93713 29564 21660 6463
is_linear=0
shrinkage=0.03


Tree=72
num_leaves=15
num_cat=3
split_feature=10 10 0 12 0 10 11 1 0 2 12 12 1 12
split_gain=268130 332458 463517 408558 523481 514534 385870 290122 266098 248208 241317 334800 239772 216766
threshold=1.2883310473777285 1.0389604186223813 0 1.0182782321369752 1 0.83310007439074751 1.0198815104866499 9.5000000000000018 2 2.5000000000000004 1.0131338228234275 1.0081464412505341 18.500000000000004 1.0071326926472344
decision_type=2 2 1 2 1 2 2 2 1 2 2 2 2 2
left_child=1 3 -3 4 10 12 -4 -8 -5 -9 11 -1 -6 -7
right_child=-2 2 6 8 5 13 7 9 -10 -11 -12 -13 -14 -15
leaf_value=-0.00017111189147872815 -0.0010533489804079043 0.00045403649618057428 0.00070947661538531259 0.00065654325905740497 -0.00081574333559743912 0.0007977971476596221 0.00021099471764692471 -0.00047591375468446006 -0.0006439050242554754 -3.9639109414912133e-05 0.00027465649516761353 -0.001096352644204174 0.0012099014198647836 4.4822270995282908e-05
leaf_weight=53555579.147777796 5509111.0199859142 54190736.54948616 5553969.8566572666 1087635.271853447 6184351.7899308205 24284859.578274012 13113912.059398413 19220525.60261631 25692035.379224777 20350856.887234211 8831473.1675462723 4834564.2223851681 1074253.7828397751 9942184.5697535276
leaf_count=34505 4924 61319 5345 493 6028 27091 13948 11858 27173 15689 5834 3112 1867 10683
internal_value=3.97668e-05 0.000185231 0.00139122 -0.000815527 2.13363e-06 0.00265215 -0.000466871 -0.00125972 -0.00413467 -0.00254129 -0.00163332 -0.00233236 -0.00460286 0.00419073
internal_weight=2.53426e+08 2.47917e+08 1.1243e+08 1.35487e+08 1.08707e+08 4.14856e+07 5.82393e+07 5.26853e+07 2.67797e+07 3.95714e+07 6.72216e+07 5.83901e+07 7.25861e+06 3.4227e+07
internal_count=229869 224945 108159 116786 89120 45669 46840 41495 27666 27547 43451 37617 7895 37774
cat_boundaries=0 1 2 3
cat_threshold=358 276 16
is_linear=0
shrinkage=0.03


Tree=73
num_leaves=15
num_cat=2
split_feature=15 10 0 12 9 0 10 1 10 12 9 12 9 12
split_gain=254986 259553 466645 423127 526900 470879 326854 324866 320435 292445 237853 235139 234708 229301
threshold=1.0000000180025095e-35 1.0389604186223813 0 1.0182782321369752 89.500000000000014 1 1.0428102923176461 17.500000000000004 0.83310007439074751 1.0853076765851486 87.500000000000014 1.0064015881057771 85.500000000000014 1.0131338228234275
decision_type=2 2 1 2 2 1 2 2 2 2 2 2 2 2
left_child=1 3 9 5 -5 8 7 -4 -1 -3 -2 -10 -8 -7
right_child=10 2 6 4 -6 13 12 -9 11 -11 -12 -13 -14 -15
leaf_value=-0.00050711831675487372 0.0010184334621777321 0.0002882552816869097 0.00075477207335752396 0.00036797865420935821 -0.00088659770228764214 -0.0002290114607249964 0.00062172021929366957 -0.00031916334345297338 0.0008168860001508732 0.0011664896918457538 -0.0083873876860894904 -1.6392911043133581e-05 -0.00016679985193687139 0.00026036619063743861
leaf_weight=6021497.5321398973 421524.50933814049 33921749.940658927 5967324.2648819685 6382287.2396177053 20296417.319527149 62621939.815920115 5223935.9108783007 1978325.5509252548 21652689.48751533 8675709.7211372852 726203.04338932037 8663184.3918873072 61580067.440951943 9654517.4711581469
leaf_count=6388 1617 40083 3540 5598 21766 43201 6082 1389 23732 9655 1602 8981 49849 6757
internal_value=2.86078e-05 9.27012e-05 0.00112519 -0.000802835 -0.004188 2.86599e-05 -0.000302935 0.00544921 0.00281449 0.00363125 -0.0140797 0.00407004 -0.000987094 -0.00137193
internal_weight=2.53787e+08 2.5264e+08 1.17347e+08 1.35293e+08 2.66787e+07 1.08614e+08 7.47497e+07 7.94565e+06 3.63374e+07 4.25975e+07 1.14773e+06 3.03159e+07 6.6804e+07 7.22765e+07
internal_count=230240 227021 110598 116423 27364 89059 60860 4929 39101 49738 3219 32713 55931 49958
cat_boundaries=0 1 2
cat_threshold=356 171
is_linear=0
shrinkage=0.03


Tree=74
num_leaves=15
num_cat=3
split_feature=2 9 16 9 9 0 12 3 0 12 10 10 0 3
split_gain=238588 246751 248641 295706 296874 383867 263233 350215 254122 220666 510862 173505 222136 176580
threshold=1.0000000180025095e-35 62.500000000000007 0.065162257697104889 89.500000000000014 74.500000000000014 0 0.99493778713559811 1.5000000000000002 1 1.0017672621402147 1.0006064871731029 1.2095953772569914 2 2.5000000000000004
decision_type=2 2 2 2 2 1 2 2 1 2 2 2 1 2
left_child=-1 -2 -3 4 8 -6 7 -5 -4 -8 -11 12 -12 -14
right_child=1 2 3 6 5 -7 9 -9 -10 10 11 -13 13 -15
leaf_value=-0.00023281344421163125 -0.0012915977704791577 0.00019751021165840375 0.00066651421530066304 -0.00016797006351957201 0.0011395925296570127 0.00023083807238804651 0.00037519474336874094 -0.0021166840718085445 -0.00045451220556250724 -0.0007787122122946623 0.00041741738679029945 -0.0007533489363565647 -0.00017936171708643719 0.00067857029781492602
leaf_weight=43384251.454810739 1711158.6003978252 100980585.23070049 2972695.7376492023 13519644.609069824 3232817.2645263672 6362378.6939218044 7863359.8348388672 6595898.5394592285 4686080.0212097168 11268869.187805176 20385471.815307617 4835626.9521942139 22386500.477348328 3263329.344766736
leaf_count=34019 1370 132767 1869 5810 1914 3895 4142 5657 2430 6609 12422 3554 10458 2847
internal_value=-2.19206e-05 0.000396382 0.000489562 -0.00051547 0.00308258 0.00659831 -0.00120435 -0.00422901 -0.00132206 -0.000335204 -0.000934373 0.000345872 0.000913709 -0.000944112
internal_weight=2.53449e+08 2.10064e+08 2.08353e+08 1.07373e+08 1.7254e+07 9.5952e+06 9.01187e+07 2.01155e+07 7.65878e+06 7.00032e+07 6.21398e+07 5.08709e+07 4.60353e+07 2.56498e+07
internal_count=229763 195744 194374 61607 10108 5809 51499 11467 4299 40032 35890 29281 25727 13305
cat_boundaries=0 1 2 3
cat_threshold=176 394 71
is_linear=0
shrinkage=0.03


Tree=75
num_leaves=15
num_cat=1
split_feature=13 9 10 2 10 10 0 9 1 10 11 16 9 1
split_gain=257257 194148 169247 301163 241082 237941 226698 233274 182691 152806 210682 157503 218631 667856
threshold=1.0707410409215981 62.500000000000007 1.2306657227023974 4.5000000000000009 1.2883310473777285 1.1413265287497878 0 66.500000000000014 9.5000000000000018 0.79976984507662452 0.88624555706363617 0.035735974219033566 89.500000000000014 17.500000000000004
decision_type=2 2 2 2 2 2 1 2 2 2 2 2 2 2
left_child=1 -1 5 -4 -5 6 7 -3 -9 -8 -11 -12 13 -13
right_child=-2 2 3 4 -6 -7 9 8 -10 10 11 12 -14 -15
leaf_value=-0.0013403731657253568 0.00027963380227415954 0.00072405122847336812 -0.00025451367160808424 -0.00049003869040479945 -0.0076431709179475126 0.00040635546514789845 -0.00056649963913962614 5.4035773890033308e-05 -0.00037897456794244125 0.00097600665146841824 -0.00048986624326657902 0.0005889565723824012 7.734898821749526e-06 -0.00055482512917266746
leaf_weight=1377983.4651361704 48630069.22728765 2136174.6285003424 6139551.897241354 599836.11919879913 842221.50560057163 18384611.70990479 4705983.6909899712 18063258.072135329 53313853.76995039 1849148.6500638723 7690345.6800613403 13321122.57925415 72852881.986190796 3850414.9016723633
leaf_count=1033 60380 1372 5882 1339 1110 18659 5493 16857 33007 1652 25382 8799 46223 2773
internal_value=3.46934e-05 -0.000430396 -0.000354494 -0.00475261 -0.0170899 -0.000184513 -0.000520501 -0.00179634 -0.0020887 0.000379003 0.000628685 0.000438843 0.000790872 0.00383607
internal_weight=2.53757e+08 2.05127e+08 2.03749e+08 7.58161e+06 1.44206e+06 1.96168e+08 1.77783e+08 7.35133e+07 7.13771e+07 1.0427e+08 9.95639e+07 9.77148e+07 9.00244e+07 1.71715e+07
internal_count=229961 169581 168548 8331 2449 160217 141558 51236 49864 90322 84829 83177 57795 11572
cat_boundaries=0 1
cat_threshold=268
is_linear=0
shrinkage=0.03


Tree=76
num_leaves=15
num_cat=0
split_feature=13 9 2 7 10 11 12 9 11 11 10 11 9 16
split_gain=249993 170387 168754 183337 599890 308240 333753 363673 252603 173494 171851 216606 233586 265690
threshold=1.0725157554435252 62.500000000000007 1.0000000180025095e-35 1.0000000180025095e-35 1.2883310473777285 1.0007501084115906 0.99493778713559811 74.500000000000014 0.89451372984939514 1.0766544007495955 1.1413265287497878 1.0086132715351341 85.500000000000014 0.041611353594922726
decision_type=2 2 2 2 2 2 2 2 2 2 2 2 2 2
left_child=1 -1 -3 10 5 8 -7 -8 -5 -9 11 -4 13 -13
right_child=-2 2 3 4 -6 6 7 9 -10 -11 -12 12 -14 -15
leaf_value=-0.0012696228580267644 0.00029221437753223812 -0.00023957899374275226 0.0001992640663915587 0.00048825612298922819 -0.0074503071070604349 -0.0030951188531152946 -0.0014157715405181497 0.00061355687762876807 -0.0015372541655550075 -0.00011594372051773902 0.00045000114252760756 -0.00096420510540686855 -0.00017221815001793581 0.00032084487847609865
leaf_weight=1378022.5356516838 47485508.555452704 38266624.885299206 42519799.269875407 2817899.5021024942 840941.93645298481 1442335.8360464573 1535216.1664085388 12967684.971986651 8645448.9588739872 7216867.3630133867 16884952.604384422 1600634.411309123 55867273.45909214 13769857.338775635
leaf_count=1033 59478 27819 29952 3899 1135 1898 2185 16172 10424 11318 15147 3977 37874 7381
internal_value=5.5643e-05 -0.000397178 -0.000326289 8.74702e-05 -0.00182539 -0.00121735 0.000773944 0.00170195 -0.00524082 0.00277254 0.000606767 0.000187573 -0.00082379 0.00245131
internal_weight=2.53239e+08 2.05754e+08 2.04376e+08 1.66109e+08 3.54664e+07 3.46255e+07 2.31621e+07 2.17198e+07 1.14633e+07 2.01846e+07 1.30643e+08 1.13758e+08 7.12378e+07 1.53705e+07
internal_count=229692 170214 169181 141362 47031 45896 31573 29675 14323 27490 94331 79184 49232 11358
is_linear=0
shrinkage=0.03


Tree=77
num_leaves=15
num_cat=2
split_feature=10 10 0 11 0 11 2 1 11 14 10 16 1 11
split_gain=250431 283892 436072 411821 319816 309480 285909 253227 250815 236985 184207 173936 176095 212893
threshold=1.2883310473777285 1.0389604186223813 0 1.0198815104866499 1 1.0256949624400986 4.5000000000000009 9.5000000000000018 1.0298519489200137 0.9169296688441525 0.78049706914582051 0.055922555133776648 9.5000000000000018 1.0142450752632377
decision_type=2 2 1 2 1 2 2 2 2 2 2 2 2 2
left_child=1 4 -3 -4 11 10 7 -5 -7 -8 -6 -1 -13 -14
right_child=-2 2 3 6 5 8 9 -9 -10 -11 -12 12 13 -15
leaf_value=1.6297362444216265e-05 -0.0010552607121122883 0.00039334299762028806 0.00076212999709195626 9.0318304294300245e-05 -0.00061393324563481337 -0.0022632165113258824 -0.00098125470166610432 -0.00036211761397521639 -0.00027997101910397112 0.00069691204254614277 0.00014548736577529994 -2.906722122089683e-05 -0.00095205547360369103 -0.00018848460495629509
leaf_weight=13275928.618266582 5566108.032178998 54196865.471526265 5596081.7698295116 11761216.93423605 4273356.8089994192 1599430.6715548038 1640546.5339554548 31352476.811022758 12897947.433391094 7763464.3790838718 69761225.482688069 8633433.447479248 15962379.810935497 9187785.6079435349
leaf_count=22997 4959 61232 5369 10181 4959 993 2119 19722 12995 9369 55453 3804 9736 5704
internal_value=-3.4755e-05 0.000106544 0.00122203 -0.000583222 -0.000817414 0.000244841 -0.0014076 -0.00244138 -0.00376346 0.00333191 0.00102974 -0.00281581 -0.00395914 -0.00522815
internal_weight=2.53468e+08 2.47902e+08 1.12311e+08 5.81138e+07 1.35591e+08 8.8532e+07 5.25177e+07 4.31137e+07 1.44974e+07 9.40401e+06 7.40346e+07 4.70595e+07 3.37836e+07 2.51502e+07
internal_count=229592 224633 107992 46760 116641 74400 41391 29903 13988 11488 60412 42241 19244 15440
cat_boundaries=0 1 2
cat_threshold=358 324
is_linear=0
shrinkage=0.03


Tree=78
num_leaves=15
num_cat=2
split_feature=15 9 10 12 0 9 0 11 10 14 12 12 12 9
split_gain=249547 240861 219637 385841 507375 506855 374254 383357 271552 255560 254151 228074 316811 218208
threshold=1.0000000180025095e-35 87.500000000000014 1.0377336508874493 1.0182782321369752 0 89.500000000000014 1 1.0198815104866499 0.83310007439074751 0.80817321326263725 1.0853076765851486 1.0131338228234275 1.0081464412505341 65.500000000000014
decision_type=2 2 2 2 1 2 1 2 2 2 2 2 2 2
left_child=2 -2 3 4 8 -5 10 -8 -1 -10 -4 12 -6 -11
right_child=1 -3 6 5 11 -7 7 -9 9 13 -12 -13 -14 -15
leaf_value=-0.0003637756780711931 0.0010763964774009155 -0.0076116320347831713 0.00025272608309940045 0.00033888122554084725 -0.00015685610886956327 -0.00085408675792862394 0.00077149812462116757 -0.00010345113903878844 -0.00066281845900714449 -0.00063260840896978024 0.0010851606101314585 0.00026609744134679231 -0.0010879634551306889 0.00080161921104583039
leaf_weight=5978602.8565862179 411241.85443007946 735754.34628856182 35601375.665087819 6402973.3120111227 56633931.061635852 20217996.04762888 6606218.2721936703 68566482.395349026 2352674.4822801352 1805988.3633096218 8655259.9967553616 9591955.4482551813 4801662.4274170399 25336990.53525877
leaf_count=6363 1603 1608 41517 5605 38800 21759 6283 55159 2503 1271 9598 6679 3120 28141
internal_value=-1.52144e-05 -0.0139767 4.81936e-05 -0.000789776 1.77059e-05 -0.00402025 0.000982242 -0.000306328 0.00294768 0.00412939 0.00317096 -0.00144565 -0.00211737 0.00495152
internal_weight=2.53699e+08 1.147e+06 2.52552e+08 1.33123e+08 1.06502e+08 2.6621e+07 1.19429e+08 7.51727e+07 3.54743e+07 2.94957e+07 4.42566e+07 7.10275e+07 6.14356e+07 2.7143e+07
internal_count=230009 3211 226798 114241 86877 27364 112557 61442 38278 31915 51115 48599 41920 29412
cat_boundaries=0 1 2
cat_threshold=171 356
is_linear=0
shrinkage=0.03


Tree=79
num_leaves=15
num_cat=1
split_feature=15 14 10 16 5 4 12 16 0 3 14 14 16 10
split_gain=251029 229418 229215 217729 205742 192392 295183 137086 161275 151203 212122 151024 232927 177708
threshold=1.0000000180025095e-35 0.9873741049678143 1.0990918803224481 0.065162257697104889 1.0000000180025095e-35 1.0000000180025095e-35 0.99613586028316414 0.033755858039455959 0 1.0000000180025095e-35 0.91173003491481075 0.86863312934990444 0.070476896747753745 1.0865015622068632
decision_type=2 2 2 2 2 2 2 2 1 2 2 2 2 2
left_child=1 4 -2 -3 7 -5 -7 -1 -9 11 -11 12 -10 -13
right_child=2 3 -4 5 -6 6 -8 8 9 10 -12 13 -14 -15
leaf_value=-0.00069948851508803739 0.0003672373384025052 0.00032378910936984342 -0.0085805138058495951 1.612578027370346e-05 -0.0013158592484013684 -0.0048201724454529195 0.0001100443273139293 -0.00023069468198801796 0.00013030505704467066 -0.00050765808100305563 8.222855926237957e-05 -5.7848877275215463e-05 0.00061925999318062871 0.00034170532210690233
leaf_weight=9078209.6078341007 500311.72762906551 58024360.71365416 655704.83830726147 53213245.190216064 1998372.9109865427 1240469.0809020996 1674110.2547454834 42156965.982406616 9491441.170501709 11831908.676193237 15663772.686569214 32125373.246154785 5184381.3602905273 10955158.486297607
leaf_count=34507 1687 79487 1549 28557 1301 1069 1755 28239 6420 8418 11774 15786 2499 7054
internal_value=2.23648e-05 8.61876e-05 -0.0139256 0.00108193 -0.00073459 -0.000250223 -0.00775517 -0.000594672 -0.000340883 0.00040968 -0.00142144 0.00128141 0.00390976 0.000386034
internal_weight=2.53794e+08 2.52638e+08 1.15602e+06 1.14152e+08 1.38486e+08 5.61278e+07 2.91458e+06 1.36487e+08 1.27409e+08 8.5252e+07 2.74957e+07 5.77564e+07 1.46758e+07 4.30805e+07
internal_count=230102 226866 3236 110868 115998 31381 2824 114697 80190 51951 20192 31759 8919 22840
cat_boundaries=0 1
cat_threshold=392
is_linear=0
shrinkage=0.03


Tree=80
num_leaves=15
num_cat=2
split_feature=10 10 3 14 0 9 9 16 9 12 10 12 12 0
split_gain=235131 358728 263315 269837 204532 221648 411125 305467 286035 221974 354272 201808 379393 244409
threshold=1.2236955986104996 1.1413265287497878 1.5000000000000002 0.79350877139666032 0 67.500000000000014 89.500000000000014 0.069382729902509321 74.500000000000014 1.03376952192731 1.0291511211659856 1.0598131614188067 1.0213035412072564 1
decision_type=2 2 2 2 1 2 2 2 2 2 2 2 2 1
left_child=1 4 -2 -4 11 7 8 -6 -7 -8 -11 12 13 -1
right_child=2 -3 3 -5 5 6 9 -9 -10 10 -12 -13 -14 -15
leaf_value=0.00025209032230405276 -0.00030714421820005115 0.00045808624953015995 -0.0067989528578772784 -0.00080638753654077848 6.3513588183551343e-05 -1.6326810637456479e-05 7.9721189609504046e-05 -0.0011388509611632203 0.00065007863311582149 -0.0012062245566737291 8.5848452484809226e-06 0.00063534287405310897 -0.00065289558648167715 -0.00023803909978793145
leaf_weight=23056434.278702378 8622526.0175433159 24207110.308758855 865098.37870585918 1067672.3826807737 3642515.0220139027 6495274.929823637 83575160.77689445 2301412.8587646484 12166608.483000398 6162682.8581644297 12487369.476570606 4437396.2899054289 20663918.537788272 44065809.854613066
leaf_count=15395 8770 26141 1185 2337 4288 6431 77747 1292 11891 7013 13588 3818 14192 36272
internal_value=-8.41978e-06 0.000181782 -0.00439189 -0.0144 -0.000201186 0.000580504 0.000858595 -0.00507529 0.00495327 0.000111085 -0.00284824 -0.00127621 -0.00159172 -0.000497451
internal_weight=2.53817e+08 2.43262e+08 1.05553e+07 1.93277e+06 2.19055e+08 1.26831e+08 1.20887e+08 5.94393e+06 1.86619e+07 1.02225e+08 1.86501e+07 9.22236e+07 8.77862e+07 6.71222e+07
internal_count=230360 218068 12292 3522 191927 122250 116670 5580 18322 98348 20601 69677 65859 51667
cat_boundaries=0 1 2
cat_threshold=268 8
is_linear=0
shrinkage=0.03


Tree=81
num_leaves=15
num_cat=1
split_feature=15 10 13 9 9 1 16 0 16 4 16 16 16 1
split_gain=238692 222606 210668 174818 161894 731986 357859 286325 163916 157814 199063 155397 187685 211064
threshold=1.0000000180025095e-35 1.0990918803224481 1.0883615134789575 62.500000000000007 89.500000000000014 18.500000000000004 0.047821638697219608 0 0.088554541433946851 1.0000000180025095e-35 0.04490981942762768 0.052653327735479837 0.030902041864864577 13.500000000000002
decision_type=2 2 2 2 2 2 2 1 2 2 2 2 2 2
left_child=2 -2 3 -1 5 6 -5 -8 -9 -4 -11 12 -6 -14
right_child=1 -3 9 4 11 -7 7 8 -10 10 -12 -13 13 -15
leaf_value=-0.0012472519824486576 0.00029308133340197546 -0.0081013369807548755 0.00037389923682298762 -0.0010211251552422781 -0.0002556189883820401 -0.00099610419448416232 -0.00011384225236962615 0.0006739719970469876 7.8617223116382215e-07 0.0040706526546319772 -0.0019862523075351822 -0.00010040993237311541 0.00083078108628987612 -1.3915212365664953e-05
leaf_weight=1424792.452244997 503446.36243867874 643738.89264082909 35228296.186489105 1776758.1195784807 11495689.301538944 5345763.6217012405 6244252.2755737305 17118499.076934814 3334928.0560302734 653405.10244035721 2815328.0673828125 148334925.76002502 9501503.8687591553 8503796.2108154297
leaf_count=1066 1701 1514 46170 5587 42924 6853 3751 10269 1384 2476 3145 84850 9154 8851
internal_value=5.25385e-05 -0.0136007 0.000114747 -0.000255062 -0.00018456 0.00171802 0.00363035 0.00449796 0.00621457 0.00215106 -0.00395436 -0.000546386 0.00144216 0.00335415
internal_weight=2.52925e+08 1.14719e+06 2.51778e+08 2.13081e+08 2.11656e+08 3.38202e+07 2.84744e+07 2.66977e+07 2.04534e+07 3.8697e+07 3.46873e+06 1.77836e+08 2.9501e+07 1.80053e+07
internal_count=229695 3215 226480 174689 173623 27844 20991 15404 11653 51791 5621 145779 60929 18005
cat_boundaries=0 1
cat_threshold=68
is_linear=0
shrinkage=0.03


Tree=82
num_leaves=15
num_cat=1
split_feature=2 16 12 3 9 9 9 10 12 3 0 12 10 11
split_gain=218558 232214 282339 325046 227603 270590 231272 209166 339745 210379 188190 332694 198318 185643
threshold=1.0000000180025095e-35 0.069382729902509321 0.99493778713559811 1.5000000000000002 67.500000000000014 83.500000000000014 74.500000000000014 1.0073430709674736 1.0182782321369752 1.5000000000000002 0 1.0091514731206532 1.0804981498706023 0.99953296935072145
decision_type=2 2 2 2 2 2 2 2 2 2 1 2 2 2
left_child=10 -2 3 -3 -4 6 -6 8 13 -10 11 -1 -12 -7
right_child=1 2 4 -5 5 7 -8 -9 9 -11 12 -13 -14 -15
leaf_value=8.2011184604167711e-05 0.00015539731151351739 -0.00010355633997511715 -0.00089031826881771751 -0.0020620067183773072 -7.3917618890512559e-05 0.00031402853096225056 0.00098215554580606914 8.9321316265641206e-05 -0.00053245689302198345 -0.0031641075834530994 -0.0002074421647173128 -0.0011223782563511801 0.00039143105340538333 -0.00036909871241716627
leaf_weight=5767485.4305715561 122655963.74435651 11598793.442382812 2557756.3637471199 6235121.1596984863 3125690.0309934616 4514102.8110046387 4484538.8960343599 44586539.589582801 2915867.3811035156 1982906.2322998047 22272366.038115859 8123348.6928889751 7098993.0368046761 5683990.9295959473
leaf_count=4644 145843 4855 1340 5222 1798 2142 2637 25656 1558 2005 16015 6686 6678 2972
internal_value=6.10494e-05 0.00046046 -0.000718458 -0.00408751 0.000141701 0.000475562 0.005803 -0.000203739 -0.00325584 -0.00974921 -0.00188089 -0.00475804 -0.000520173 -0.000136672
internal_weight=2.53603e+08 2.10341e+08 8.76853e+07 1.78339e+07 6.98514e+07 6.72936e+07 7.61023e+06 5.96834e+07 1.50969e+07 4.89877e+06 4.32622e+07 1.38908e+07 2.93714e+07 1.01981e+07
internal_count=230051 196028 50185 10077 40108 38768 4435 34333 8677 3563 34023 11330 22693 5114
cat_boundaries=0 1
cat_threshold=138
is_linear=0
shrinkage=0.03


Tree=83
num_leaves=15
num_cat=3
split_feature=10 10 0 1 0 11 11 11 0 10 11 3 11 11
split_gain=221415 231559 383472 395628 330322 270865 260928 228752 212433 179074 195446 208439 164271 220354
threshold=1.2883310473777285 1.0389604186223813 0 17.500000000000004 1 1.0256949624400986 1.0256949624400986 1.0298519489200137 2 1.0428102923176461 1.0559171684260189 1.5000000000000002 1.0142450752632377 1.0275274932361529
decision_type=2 2 1 2 1 2 2 2 1 2 2 2 2 2
left_child=1 4 5 9 12 -3 -6 -8 -5 -4 11 -11 -1 -14
right_child=-2 2 3 8 6 -7 7 -9 -10 10 -12 -13 13 -15
leaf_value=-0.0005330376688524104 -0.0010003015840924288 0.00073576878216370309 0.0006401792588917114 -0.00046683749501261933 0.00011399820401647674 -0.00033587553981495523 -0.0020679409299776447 -0.0002309810069409067 0.0001045881139745819 -0.00016046706369765728 0.00042523499844918745 0.0013733042549991248 0.00038648280008189083 -0.00041062441867538869
leaf_weight=29482110.071917295 5508220.1709121466 4663518.2107515335 6183295.9294775724 5861354.3349876404 73949515.626992822 30139199.632457495 1560304.4554573298 12859783.120896935 12838492.63699007 12907513.219817758 37410775.517766595 2659073.9841982126 7850423.0248845816 9585517.8092433214
leaf_count=26251 4943 5071 4054 3002 60644 30816 973 13030 17587 8545 35625 3515 7372 8505
internal_value=-5.11929e-07 0.000131646 0.00113628 0.00230644 -0.00070498 -0.0014816 0.000375159 -0.00331643 -0.00149724 0.00350873 0.00294485 0.000120028 -0.00273941 -0.000431131
internal_weight=2.53459e+08 2.47951e+08 1.12663e+08 7.78605e+07 1.35288e+08 3.48027e+07 8.83696e+07 1.44201e+07 1.86998e+07 5.91607e+07 5.29774e+07 1.55666e+07 4.69181e+07 1.74359e+07
internal_count=229933 224990 108215 72328 116775 35887 74647 14003 20589 51739 47685 12060 42128 15877
cat_boundaries=0 1 2 3
cat_threshold=137 324 16
is_linear=0
shrinkage=0.03


Tree=84
num_leaves=15
num_cat=0
split_feature=15 10 2 16 10 4 13 10 10 16 11 10 16 1
split_gain=219661 236894 207878 199753 234419 254120 151751 151436 145244 143859 128801 124946 109436 108488
threshold=1.0000000180025095e-35 1.0990918803224481 1.0000000180025095e-35 0.058593427497950504 1.0379730489952987 1.0000000180025095e-35 1.0725157554435252 1.0363308762909964 1.2126353484185692 0.030902041864864577 0.98536147366073423 0.83866519279172203 0.077159911473550891 9.5000000000000018
decision_type=2 2 2 2 2 2 2 2 2 2 2 2 2 2
left_child=2 -2 11 6 5 7 9 13 -6 -4 -7 -1 -13 -5
right_child=1 -3 3 4 8 10 -8 -9 -10 -11 -12 12 -14 -15
leaf_value=-0.00078811160674878097 0.00056443953765093074 -0.0078774252552659945 -0.00034626891721906806 0.00010250391061762656 0.00014871231750619 -0.004342435345154539 0.00064827880697852129 -0.00091518996970810446 -0.00043586435360205118 0.00020220187222192584 -0.0011158958488060255 -0.00026965742227478255 9.8748604008776098e-05 -0.00017647763547077631
leaf_weight=2869674.13395679 520662.68058419228 654022.74939358234 10959372.165307283 18807765.690093994 57680265.196563721 1179119.4666137695 17732131.929728746 2771647.1625366211 6346841.4944610596 44516272.797637939 1022466.1854553223 29087339.376373649 11233741.510131836 48264329.797363281
leaf_count=2368 1734 1532 41714 8456 35223 1074 35165 1319 4928 34632 1105 26814 4784 29308
internal_value=-1.33841e-05 -0.0129562 4.68357e-05 0.000437903 -0.000241922 -0.00141577 0.0017015 -0.00109944 0.00107893 0.000929289 -0.0114511 -0.00184808 -0.00141761 -0.000815469
internal_weight=2.53646e+08 1.17469e+06 2.52471e+08 2.0928e+08 1.36072e+08 7.20453e+07 7.32078e+07 6.98437e+07 6.40271e+07 5.54756e+07 2.20159e+06 4.31908e+07 4.03211e+07 6.70721e+07
internal_count=230156 3266 226890 192924 81413 41262 111511 39083 40151 76346 2179 33966 31598 37764
is_linear=0
shrinkage=0.03


Tree=85
num_leaves=15
num_cat=1
split_feature=15 9 9 13 2 3 4 16 9 16 0 2 16 16
split_gain=221388 222403 192056 184419 147481 404699 213610 191241 129247 535619 187512 155451 127433 171400
threshold=1.0000000180025095e-35 87.500000000000014 62.500000000000007 1.0707410409215981 4.5000000000000009 2.5000000000000004 1.0000000180025095e-35 0.049133222788516749 89.500000000000014 0.050664957489375391 0 5.5000000000000009 0.052653327735479837 0.030902041864864577
decision_type=2 2 2 2 2 2 2 2 2 2 1 2 2 2
left_child=2 -2 -1 8 5 -5 -6 -7 9 10 -4 -11 13 -10
right_child=1 -3 3 4 6 7 -8 -9 12 11 -12 -13 -14 -15
leaf_value=-0.00109720460304426 0.0010594993037639233 -0.0067326496488433066 -0.0028179720776856051 0.00023902668647281578 0.00066724337429496241 0.0014447018754648758 0.0057522686494445021 -0.0038211472185546123 -0.00026984681176640281 0.00034882143260445196 -0.000432869378147839 -0.00064268646105337327 -9.9268558764367267e-05 0.00041127672484925286
leaf_weight=1760185.2645971775 416711.35822975636 741557.01170122623 1251227.3050043583 35177120.474309325 9221177.2495191097 632928.54936468601 857027.83951532841 2056678.6093597412 10999023.909426928 24873660.363189697 3657769.3138774633 1983337.9784851074 142469864.0617218 16917577.669448853
leaf_count=1374 1625 1610 2612 37575 15966 2092 1411 2255 41086 13863 8412 1702 81293 17019
internal_value=2.34023e-05 -0.0130623 8.35822e-05 0.000153082 0.00182586 0.000967473 0.00505105 -0.0102487 -0.000243654 0.00151317 -0.00759855 0.00317864 -0.000571188 0.00128224
internal_weight=2.53016e+08 1.15827e+06 2.51858e+08 2.50097e+08 4.79449e+07 3.78667e+07 1.00782e+07 2.68961e+06 2.02152e+08 3.1766e+07 4.909e+06 2.6857e+07 1.70386e+08 2.79166e+07
internal_count=229895 3235 226660 225286 59299 41922 17377 4347 165987 26589 11024 15565 139398 58105
cat_boundaries=0 1
cat_threshold=68
is_linear=0
shrinkage=0.03


Tree=86
num_leaves=15
num_cat=2
split_feature=15 10 2 16 10 14 0 10 3 11 11 14 11 0
split_gain=209954 205253 172483 185751 187715 182753 171690 174573 165348 248976 172095 171034 162714 154091
threshold=1.0000000180025095e-35 1.0990918803224481 1.0000000180025095e-35 0.065162257697104889 1.0389604186223813 0.87998188926985765 0 1.0804981498706023 1.0000000180025095e-35 0.97657270501056159 0.90644793995258399 0.84435162759793447 1.0256949624400986 1
decision_type=2 2 2 2 2 2 1 2 2 2 2 2 2 1
left_child=2 -2 6 5 8 -4 12 -8 11 10 -10 -5 -1 -6
right_child=1 -3 3 4 13 -7 7 -9 9 -11 -12 -13 -14 -15
leaf_value=-0.00012351288979883888 0.00031524511576508851 -0.0085107890415907148 -0.00026497935189033733 0.00051594231624964347 0.00025523848345573689 0.00023246057164643335 -0.00016516574914299232 0.0003869738820875151 -0.00036723418516763061 -0.00016599191228239119 -0.0015425263221579288 -8.3580817222038639e-05 -0.0010025356938313137 -7.1363022469798552e-05
leaf_weight=6542042.6893051863 499953.73206436634 650185.84449362755 14138442.039682865 3422709.774230957 21132528.904327393 87408585.510597587 22257273.052196741 7058617.1864615679 3351362.824432373 18301757.904968262 5098729.2145690918 27818505.07244873 7556975.7135572433 28597712.866851807
leaf_count=5488 1690 1551 20637 1590 12603 111291 15947 6635 2501 12033 3679 11827 5951 16890
internal_value=-1.28865e-06 -0.0127899 5.69208e-05 0.000413922 -0.000453861 0.00133449 -0.00166391 -0.000355581 -0.00161354 -0.00334463 -0.00760394 -0.000131209 -0.0043843 0.000898502
internal_weight=2.53835e+08 1.15014e+06 2.52685e+08 2.0927e+08 1.07723e+08 1.01547e+08 4.34149e+07 2.93159e+07 5.79931e+07 2.67518e+07 8.45009e+06 3.12412e+07 1.4099e+07 4.97302e+07
internal_count=230313 3241 227072 193051 61123 131928 34021 22582 31630 18213 6180 13417 11439 29493
cat_boundaries=0 1 2
cat_threshold=138 368
is_linear=0
shrinkage=0.03


Tree=87
num_leaves=15
num_cat=4
split_feature=14 12 0 11 11 16 3 10 9 0 11 0 0 10
split_gain=182666 217014 216068 234240 172020 169202 151395 175833 190907 149572 184669 258029 232128 373722
threshold=1.0046522558627082 1.0666052657390228 0 1.0142450752632377 1.0993817019966132 0.054682069025445194 2.5000000000000004 1.2060796710146005 80.500000000000014 1 1.0069201742998883 2 3 1.0804981498706023
decision_type=2 2 1 2 2 2 2 2 2 1 2 1 1 2
left_child=6 2 3 5 -5 -2 9 8 -8 -1 11 -11 -12 -14
right_child=1 -3 -4 4 -6 -7 7 -9 -10 10 12 -13 13 -15
leaf_value=0.00030824598154521556 7.2318860684781713e-05 0.00073803048736201574 0.00022800994809386448 0.00035616246784341498 -0.00097609397829516225 -0.00095910539071577953 -0.0017758952913490627 -0.004066520687692564 -0.00024875185344563981 -0.00027217115143927196 -0.00024369086015782427 0.00027774215557210038 -0.0002698644624310574 0.00037277543949076089
leaf_weight=12206571.313332915 3588406.1799556017 10130441.763509274 48032790.320176005 11237124.363221169 2079838.3537906408 7573091.1542644501 918773.8339625597 833892.75823795795 11256826.773874521 15123730.250046968 47462548.972869515 30354027.865569949 28287034.476710796 24510508.023901939
leaf_count=13202 7659 13685 50319 11596 2552 4710 1400 1520 15382 12297 26611 20760 24692 23217
internal_value=8.60826e-06 0.00116664 0.00059202 -0.00170197 0.00098473 -0.00490751 -0.000551199 -0.00366191 -0.00274916 -0.000294978 -0.000562159 0.00102345 -0.00128139 8.72535e-05
internal_weight=2.53596e+08 8.26417e+07 7.25113e+07 2.44785e+07 1.3317e+07 1.11615e+07 1.70954e+08 1.30095e+07 1.21756e+07 1.57944e+08 1.45738e+08 4.54778e+07 1.0026e+08 5.27975e+07
internal_count=229602 90521 76836 26517 14148 12369 139081 18302 16782 120779 107577 33057 74520 47909
cat_boundaries=0 1 2 3 4
cat_threshold=324 64 292 152
is_linear=0
shrinkage=0.03


Tree=88
num_leaves=15
num_cat=2
split_feature=15 2 9 16 9 9 9 0 12 7 12 11 7 0
split_gain=202034 201904 198360 206819 195030 180352 361915 221338 173975 262027 229184 334176 239499 205594
threshold=1.0000000180025095e-35 1.0000000180025095e-35 62.500000000000007 0.065162257697104889 87.500000000000014 83.500000000000014 74.500000000000014 0 0.99493778713559811 1.0000000180025095e-35 1.0017672621402147 1.0007501084115906 1.0000000180025095e-35 1
decision_type=2 2 2 2 2 2 2 1 2 2 2 2 2 1
left_child=1 -1 -3 -4 -2 6 -5 -8 9 -7 -10 12 -12 -13
right_child=4 2 3 5 -6 8 7 -9 10 -11 11 13 -14 -15
leaf_value=-0.00019520301448345658 0.00096331707939100602 -0.0010804291498577273 0.00020621260040408853 -0.00012758325983694256 -0.0060146092068492172 -9.336786867627947e-05 0.0012403584558021809 0.00032371399353310436 0.00040592694482581365 -0.0017290623574229295 -0.00015884644777501537 0.00017787727269461687 -0.003010207703213932 -0.0001702950843869789
leaf_weight=43564270.271691799 428536.04483926296 1775956.2262034416 100645752.02758121 7674649.6786193848 730809.2161052227 13690364.431762695 2937800.242980957 2930283.8043212891 7942895.0928649902 6529651.5788879395 5552492.8532104492 22901571.324584961 2976765.9352722168 33698668.918273926
leaf_count=34195 1637 1384 131117 4114 1600 5867 1631 1691 4200 5560 2556 11972 2555 20440
internal_value=0.00010198 0.000159277 0.0005461 0.000631554 -0.0123929 -0.000287768 0.00294739 0.00855596 -0.000757398 -0.00322019 -7.59129e-05 -0.000662642 -0.00619835 0.000171551
internal_weight=2.5398e+08 2.52821e+08 2.09257e+08 2.07481e+08 1.15935e+06 1.06835e+08 1.35427e+07 5.86808e+06 9.32924e+07 2.022e+07 7.30724e+07 6.51295e+07 8.52926e+06 5.66002e+07
internal_count=230519 227282 193087 191703 3237 60586 7436 3322 53150 11427 41723 37523 5111 32412
cat_boundaries=0 1 2
cat_threshold=434 81
is_linear=0
shrinkage=0.03


Tree=89
num_leaves=15
num_cat=3
split_feature=15 9 2 9 16 1 14 0 14 12 12 0 0 12
split_gain=180350 192687 176864 189016 188257 168840 231582 164312 160580 194375 261481 214526 170892 151690
threshold=1.0000000180025095e-35 87.500000000000014 1.0000000180025095e-35 62.500000000000007 0.080986009623554941 8.5000000000000018 0.89276975295659855 0 0.82298220553740553 1.0598131614188067 1.0336496147759966 1 2 0.99613586028316414
decision_type=2 2 2 2 2 2 2 1 2 2 2 1 1 2
left_child=2 -2 -1 -4 8 6 -6 -8 -5 10 11 -10 -12 -7
right_child=1 -3 3 4 5 13 7 -9 9 -11 12 -13 -14 -15
leaf_value=-0.00020879010097082573 0.00082496649085159776 -0.0059653513224904794 -0.0010478232460132378 -0.00027611672375868132 0.00047348764325460087 -0.00068407796408874726 0.00051193758274947201 -0.00030005063465604056 0.0006244022993773167 0.00043899772373176522 0.00030190412240159415 7.6780931562136804e-05 -0.00062118245551896366 -0.00013967964703363471
leaf_weight=43073445.309677005 426285.18245601654 719221.13415622711 1740160.429807663 13844527.705376506 3352136.6762084961 7109029.1829833984 3949136.1220092773 8122714.3331298828 20262181.216870785 22552244.422227859 4247993.5568330288 84430457.020340323 11997507.79120791 27310531.765075684
leaf_count=33871 1631 1620 1365 16424 1343 3899 2062 2543 34862 27159 7050 68821 11472 15532
internal_value=-3.35435e-05 -0.0119102 2.04457e-05 0.000381326 0.000464026 -0.00114266 0.00146565 -0.000471443 0.000973024 0.00127073 0.000793918 0.00134342 -0.00274729 -0.00231149
internal_weight=2.53138e+08 1.14551e+06 2.51992e+08 2.08919e+08 2.07178e+08 4.98435e+07 1.5424e+07 1.20719e+07 1.57335e+08 1.4349e+08 1.20938e+08 1.04693e+08 1.62455e+07 3.44196e+07
internal_count=229654 3251 226403 192532 191167 25379 5948 4605 165788 149364 122205 103683 18522 19431
cat_boundaries=0 1 2 3
cat_threshold=353 226 433
is_linear=0
shrinkage=0.03


Tree=90
num_leaves=15
num_cat=1
split_feature=13 2 3 14 16 11 10 2 5 3 9 0 11 5
split_gain=209737 192507 339484 198739 177604 139172 167247 156323 349232 298605 245144 213228 206468 192238
threshold=1.1027570172535894 4.5000000000000009 2.5000000000000004 1.0322879984628364 0.067004595961928023 1.2504224695822432 1.1413265287497878 2.5000000000000004 1.0000000180025095e-35 1.0000000180025095e-35 68.500000000000014 0 1.0069201742998883 1.0000000180025095e-35
decision_type=2 2 2 2 2 2 2 2 2 2 2 1 2 2
left_child=5 2 -2 -3 -4 6 7 8 -1 12 11 -11 -9 -12
right_child=1 3 4 -5 -6 -7 -8 9 -10 10 13 -13 -14 -15
leaf_value=-0.00010295007335982927 0.00028812395073725237 0.00019758607100607502 2.4891118702319302e-05 0.0023143386425467957 -0.0038763705361810875 -0.00097646110518089359 0.00027545693864679596 0.0006934831263753485 -0.0017420811468078284 0.00037095938346309295 -6.3327977641330303e-05 -0.001470326383649257 0.000102705135725547 0.0014476768492511526
leaf_weight=98156160.563918948 22273608.458956838 3588089.575519681 1077998.7955261469 3949821.9870680571 1557870.565612793 4722831.4229172468 23479075.464822412 10278026.737641692 1840962.3620780706 1058662.5130834579 58608033.859019518 1976870.5832275152 19314011.182244539 1420623.2271239758
leaf_count=68992 28268 5893 2669 8761 1589 4116 25005 7116 1120 1360 58890 1792 13222 976
internal_value=4.54017e-05 0.00229758 0.00102642 0.00649818 -0.00915437 -0.000285481 -0.000174158 -0.000465493 -0.00128809 0.000422277 -0.000744341 -0.00906202 0.00290848 -0.000323732
internal_weight=2.53303e+08 3.24474e+07 2.49095e+07 7.53791e+06 2.63587e+06 2.20855e+08 2.16132e+08 1.92653e+08 9.99971e+07 9.26562e+07 6.30642e+07 3.03553e+06 2.9592e+07 6.00287e+07
internal_count=229769 47180 32526 14654 4258 182589 178473 153468 70112 83356 63018 3152 20338 59866
cat_boundaries=0 1
cat_threshold=139
is_linear=0
shrinkage=0.03


Tree=91
num_leaves=15
num_cat=1
split_feature=14 1 14 16 14 1 2 13 16 0 1 4 12 16
split_gain=192969 189859 323283 310656 170755 224910 203963 311269 162508 160028 148457 147634 273584 142875
threshold=0.9873741049678143 8.5000000000000018 0.8746455374800175 0.028503126329125328 0.82798925996342188 12.500000000000002 4.5000000000000009 0.72741885844150767 0.065162257697104889 0 18.500000000000004 1.0000000180025095e-35 0.99613586028316414 0.080986009623554941
decision_type=2 2 2 2 2 2 2 2 2 1 2 2 2 2
left_child=1 2 3 -1 5 -3 -7 -8 -2 -5 11 -10 -13 -6
right_child=8 4 -4 9 13 6 7 -9 10 -11 -12 12 -14 -15
leaf_value=-0.0019641390993610616 0.00027262289889806962 -0.00098379487188687462 -6.1409645806741534e-05 0.00097733169905415886 -8.2940424154205908e-06 -1.3828948957197133e-05 -0.0067291485567714361 -9.5008038908141665e-05 5.232793240115836e-05 0.00036348521048184694 -0.0009736808362475457 -0.0042760994777916892 0.00021995943841619572 -0.00027946123774135725
leaf_weight=882686.90499532223 58057475.360369802 5971957.8573093414 16834158.913174868 3321642.0642700195 74809011.94968915 11961967.561647892 944580.36834383011 1377824.3641860485 51195812.718471169 3158257.8457279205 2092626.60887146 1231292.1283569336 1651773.4135131836 19333003.182136536
leaf_count=9027 80439 4839 19230 1459 58554 9229 1008 1472 28175 1959 1048 1073 1708 10410
internal_value=6.41178e-05 -0.00068832 0.00172599 0.00696941 -0.00119898 -0.00369765 -0.00165369 -0.00978946 0.000977057 0.00924381 -0.000173322 0.000130065 -0.0064752 -0.000661345
internal_weight=2.52824e+08 1.38595e+08 2.41967e+07 7.36259e+06 1.14398e+08 2.02563e+07 1.42844e+07 2.3224e+06 1.14229e+08 6.4799e+06 5.61715e+07 5.40789e+07 2.88307e+06 9.4142e+07
internal_count=229630 117187 31675 12445 85512 16548 11709 2480 112443 3418 32004 30956 2781 68964
cat_boundaries=0 1
cat_threshold=85
is_linear=0
shrinkage=0.03


Tree=92
num_leaves=15
num_cat=1
split_feature=13 12 11 0 1 2 14 11 2 12 13 9 11 1
split_gain=202381 153859 176437 163348 236966 223121 503070 194734 288536 223298 274420 180659 151407 145086
threshold=1.0707410409215981 0.9353060627559534 0.90644793995258399 0 6.5000000000000009 4.5000000000000009 0.70913284672034438 1.0081408643961198 2.5000000000000004 1.004197057542799 0.68942579500089607 68.500000000000014 0.99905885809627903 10.500000000000002
decision_type=2 2 2 1 2 2 2 2 2 2 2 2 2 2
left_child=1 -1 -3 4 -4 -6 -7 9 13 10 -5 -10 -8 -9
right_child=-2 2 3 7 5 6 12 8 11 -11 -12 -13 -14 -15
leaf_value=-0.00059781548121030145 0.00023830347946986931 0.00041094059346495274 -0.001443413837573561 -0.001277270246576215 0.00021173850623187941 -0.0063303927592100401 -0.0016039875993845735 -0.00015276537565901628 -0.0010643668086242634 -0.00022788992607025116 0.00034546350252395231 3.0458027176422739e-05 9.6084631971612544e-05 -0.00046427804241025889
leaf_weight=6876024.0430842638 48654695.379328847 9534491.3357053995 2245945.4548221827 1828275.5042084455 59932014.387633562 837246.42475628853 2032870.8588600159 13549948.731140971 1848976.8165296316 13636886.388668776 21062674.637736678 36168300.700020552 8432763.1637214422 27149417.404922485
leaf_count=6958 60441 7679 13680 1868 49735 1037 2785 8555 1182 9264 13240 24950 14958 13837
internal_value=-1.99137e-05 -0.000432495 -0.000279488 -0.000480644 0.000624671 0.000927175 -0.00293899 -0.0011854 -0.00202546 0.000624909 0.00243532 -0.000146182 -0.00114885 -0.0037809
internal_weight=2.53791e+08 2.05136e+08 1.9826e+08 1.88725e+08 7.34808e+07 7.12349e+07 1.13029e+07 1.15244e+08 7.87166e+07 3.65278e+07 2.2891e+07 3.80173e+07 1.04656e+07 4.06994e+07
internal_count=230169 169728 162770 155091 82195 68515 18780 72896 48524 24372 15108 26132 17743 22392
cat_boundaries=0 1
cat_threshold=355
is_linear=0
shrinkage=0.03


Tree=93
num_leaves=15
num_cat=3
split_feature=15 9 13 0 16 4 1 0 11 16 11 11 0 3
split_gain=181653 186413 156943 252845 221911 172395 144365 212332 189283 166352 160447 151114 411551 242736
threshold=1.0000000180025095e-35 87.500000000000014 1.1254273941537967 0 0.068024337533083887 1.0000000180025095e-35 10.500000000000002 1 0.96973899304761912 0.026175786713917553 1.1974644592326587 0.99953296935072145 2 1.5000000000000002
decision_type=2 2 2 1 2 2 2 1 2 2 2 2 1 2
left_child=2 -2 6 -4 -5 -6 9 8 -8 -1 -10 12 -9 -14
right_child=1 -3 3 4 5 -7 7 11 10 -11 -12 -13 13 -15
leaf_value=-0.00090148525326925555 0.00082362762749137695 -0.0055210718776698923 0.0020554282046639839 0.00060562544804309431 -5.3832012430077227e-05 -0.0029513643082267793 -0.00045233496258640271 -0.00053548124588631628 0.00046176357120258606 0.00011889149891877393 -0.00058833032490422036 -0.0002027587716588554 0.00047803625661278271 -0.00055310158742426631
leaf_weight=3841091.2160090208 430659.93818104267 733274.85626935959 2445573.9872660637 13913734.860398173 6360912.9514160156 1637751.750579834 5051814.7168273926 11040642.320304871 25757152.764553785 66518554.880699158 3592782.797706604 88619229.520489693 18492198.27309227 5211803.9515771866
leaf_count=29118 1673 1604 3160 29788 4769 1686 5031 7796 29585 40299 2702 56653 11294 4771
internal_value=3.924e-05 -0.0117852 9.37499e-05 0.00238273 0.00136161 -0.00262018 -0.000150655 -0.000654644 0.00142949 0.000979428 0.00235272 -0.00123584 0.000441038 0.00266935
internal_weight=2.53647e+08 1.16393e+06 2.52483e+08 2.4358e+07 2.19124e+07 7.99866e+06 2.28125e+08 1.57766e+08 3.44018e+07 7.03596e+07 2.93499e+07 1.23364e+08 3.47446e+07 2.3704e+07
internal_count=229929 3277 226652 39403 36243 6455 187249 117832 37318 69417 32287 80514 23861 16065
cat_boundaries=0 1 2 3
cat_threshold=16 98 260
is_linear=0
shrinkage=0.03


Tree=94
num_leaves=15
num_cat=3
split_feature=15 14 10 1 0 10 10 11 0 1 0 2 14 11
split_gain=186567 188247 169187 141398 186042 230988 186646 170608 402491 263232 255067 282774 252606 237037
threshold=1.0000000180025095e-35 0.82798925996342188 0.74478466775923013 10.500000000000002 0 0.96771506909300131 1.2236955986104996 1.0069201742998883 1 17.500000000000004 2 2.5000000000000004 0.91844692773713521 0.96973899304761912
decision_type=2 2 2 2 1 2 2 2 1 2 1 2 2 2
left_child=2 -2 -1 -4 5 -5 -7 8 -6 -10 -9 -12 -13 -11
right_child=1 -3 3 4 7 6 -8 10 9 13 11 12 -14 -15
leaf_value=-0.00074524619708363563 -0.0064005335248434134 -0.00066367700593931859 0.00011970650693963345 -0.00089107180525829896 -0.00094680964455240435 0.00047948315723218339 -0.00039726873926000715 0.00045604520930900917 1.9067454550580871e-06 0.0012229019526127519 -0.0003955980153634361 -0.0005760300879277424 7.698072206381576e-05 0.00018664591391138495
leaf_weight=5335235.1564240456 455166.69747173786 694966.44510102272 75391899.932132959 3430624.510327816 6103749.8884811401 29540584.271550894 5906399.6504881382 9884873.0266265869 25734961.413330078 5558824.0809774399 37458490.587020874 7489965.9898118973 33003762.491337776 7620219.117857933
leaf_count=5908 827 2377 84871 4089 5426 34796 5522 8278 14225 5193 22161 5179 24032 6971
internal_value=-3.35152e-07 -0.0120556 5.45852e-05 0.000168696 -0.000306771 0.00151855 0.00223794 -0.000840919 0.000660768 0.00178422 -0.00161056 -0.00218623 -0.000448401 0.00523214
internal_weight=2.5361e+08 1.15013e+06 2.5246e+08 2.47124e+08 1.71732e+08 3.88776e+07 3.5447e+07 1.32855e+08 4.50178e+07 3.8914e+07 8.78371e+07 7.79522e+07 4.04937e+07 1.3179e+07
internal_count=229855 3204 226651 220743 135872 44407 40318 91465 31815 26389 59650 51372 29211 12164
cat_boundaries=0 1 2 3
cat_threshold=98 256 256
is_linear=0
shrinkage=0.03


Tree=95
num_leaves=15
num_cat=0
split_feature=15 14 10 9 13 12 11 9 16 3 16 12 12 11
split_gain=197476 169159 156360 158538 141194 117460 204076 118913 531255 158913 116585 148619 113744 151820
threshold=1.0000000180025095e-35 0.84435162759793447 0.74478466775923013 62.500000000000007 1.1027570172535894 0.90257036491994902 0.90644793995258399 89.500000000000014 0.051321900351239153 2.5000000000000004 0.055731571567769977 1.01444308625972 1.0659909429752294 1.0982257806560121
decision_type=2 2 2 2 2 2 2 2 2 2 2 2 2 2
left_child=2 -2 -1 -4 5 -5 -7 8 -8 10 -10 -12 13 -6
right_child=1 -3 3 4 12 6 7 -9 9 -11 11 -13 -14 -15
leaf_value=-0.00061581347379898973 -0.0063072338452090232 -0.00074350242980191655 -0.00099955134224107792 -0.00072320695575519645 0.00033495855230480617 0.0004804324290465988 -0.00088730188531792775 -5.0489550145819949e-05 0.00081073902841529886 -0.0006462871160278135 -1.8259729254082539e-05 0.00045780944240886469 0.00098239018026521647 -0.00060968353251651263
leaf_weight=5419153.690490365 478878.8465462923 678312.67562508583 1736201.3719749451 2053495.4233728647 23917816.750538468 9513797.2739028931 5325680.5062015057 166548890.39336812 4817774.976776123 2205830.8852233887 9001218.172088623 14112284.016571045 4230006.1622625589 3622653.0752266645
leaf_count=5972 887 2323 1366 1908 33960 7589 11776 135133 2768 1877 4091 8527 6794 4764
internal_value=4.84923e-05 -0.0123162 0.000105158 0.000215716 0.000279641 2.07351e-06 7.13925e-05 -0.000130828 0.00144654 0.0029901 0.00360229 0.00271741 0.00214561 0.00144212
internal_weight=2.53662e+08 1.15719e+06 2.52505e+08 2.47086e+08 2.45349e+08 2.13579e+08 2.11525e+08 2.02012e+08 3.54628e+07 3.01371e+07 2.79313e+07 2.31135e+07 3.17705e+07 2.75405e+07
internal_count=229735 3210 226525 220553 219187 173669 171761 164172 29039 17263 15386 12618 45518 38724
is_linear=0
shrinkage=0.03


Tree=96
num_leaves=15
num_cat=0
split_feature=10 10 7 10 2 5 5 2 13 2 4 11 4 1
split_gain=182734 288166 216558 249740 197998 363201 204344 217157 187053 244251 175984 185437 169472 168923
threshold=1.2236955986104996 1.1413265287497878 1.0000000180025095e-35 1.3953303454829544 2.5000000000000004 1.0000000180025095e-35 1.0000000180025095e-35 3.5000000000000004 1.0928502508526023 4.5000000000000009 1.0000000180025095e-35 1.0023984355928093 1.0000000180025095e-35 10.500000000000002
decision_type=2 2 2 2 2 2 2 2 2 2 2 2 2 2
left_child=1 4 -2 -4 5 13 7 10 -9 -10 11 -6 -11 -1
right_child=2 -3 3 -5 6 -7 -8 8 9 12 -12 -13 -14 -15
leaf_value=7.539204315574261e-05 -0.00027448588012644995 0.00043384862556396166 -0.00095092155113594805 -0.006087788853352088 0.00074155993819327983 -0.0017722216313396687 0.0014354104653094329 -0.00010689666928615577 -0.00032884621687392511 0.00089213810194222474 -0.0020939232300644403 0.00017677805050578219 0.0057319613703137708 -0.00017039224947596203
leaf_weight=35672778.305596352 8653251.8035633564 24291244.794615507 1268597.5633261204 667323.4109916687 9954571.8031806946 1971459.8691459894 1566824.0107295513 60325170.630827188 4622192.694259882 6764865.2265924215 1548900.7909072638 23396440.782325149 678827.27017319202 72656558.355760813
leaf_count=31783 8851 26209 2619 895 7678 1379 1172 60298 5996 12230 2577 17441 1057 50159
internal_value=4.32912e-05 0.000211097 -0.00381464 -0.012885 -0.000132527 -0.00102833 0.000775152 0.000618079 -0.000319043 0.00309077 0.0025619 0.003021 0.00645426 -0.000796097
internal_weight=2.54039e+08 2.4345e+08 1.05892e+07 1.93592e+06 2.19159e+08 1.10301e+08 1.08858e+08 1.07291e+08 7.23911e+07 1.20659e+07 3.48999e+07 3.3351e+07 7.44369e+06 1.08329e+08
internal_count=230344 217979 12365 3514 191770 83321 108449 107277 79581 19283 27696 25119 13287 81942
is_linear=0
shrinkage=0.03


Tree=97
num_leaves=15
num_cat=2
split_feature=2 3 5 5 10 9 11 0 0 11 12 1 16 9
split_gain=186653 164618 522448 312725 272777 208333 190689 457667 396933 224346 210826 195919 185716 185589
threshold=1.0000000180025095e-35 1.0000000180025095e-35 1.0000000180025095e-35 1.0000000180025095e-35 1.2883310473777285 67.500000000000014 1.0069201742998883 0 1 1.0132613496646867 1.0051969303918387 7.5000000000000009 0.08132442582937606 89.500000000000014
decision_type=2 2 2 2 2 2 2 1 1 2 2 2 2 2
left_child=-1 2 6 4 5 -3 8 11 -2 -9 -10 -8 -7 -14
right_child=1 3 -4 -5 -6 12 7 9 10 -11 -12 -13 13 -15
leaf_value=-0.00019749880581433789 -0.00045992787121160438 -0.0009924278937144702 -0.0034485326340453182 0.0013421845565333153 -0.0025304188538028583 4.6463634295710322e-05 -0.00056507429724880472 -0.0008153584188612524 0.00061389012420223483 -4.4356825906666666e-05 5.0074080159079382e-05 0.00056330762007255697 0.00060081745377045742 -0.0004864777061091131
leaf_weight=43136387.080607176 7493332.8291020393 2551495.8381478786 2054967.1839958429 1929875.8053359985 1874909.351768136 62529384.482513905 2758234.9546409845 4973946.1121180058 21650861.579130292 49183571.274917841 7794344.6622461081 27158401.287128687 1807108.4836568832 16120366.49406445
leaf_count=33936 8042 2612 1495 1501 2051 81093 7358 2968 14704 32270 5620 23888 1339 10787
internal_value=9.20254e-06 0.000378605 0.00108426 -0.000621747 -0.000893243 -0.000637653 0.00133898 0.000549615 0.00313562 -0.00109548 0.00470442 0.0035277 -0.00037001 -0.00306184
internal_weight=2.53017e+08 2.09881e+08 1.23068e+08 8.68131e+07 8.48833e+07 8.30084e+07 1.21013e+08 8.40742e+07 3.69385e+07 5.41575e+07 2.94452e+07 2.99166e+07 8.04569e+07 1.79275e+07
internal_count=229664 195728 96345 99383 97882 95831 94850 66484 28366 35238 20324 31246 93219 12126
cat_boundaries=0 1 2
cat_threshold=354 352
is_linear=0
shrinkage=0.03


Tree=98
num_leaves=15
num_cat=0
split_feature=2 15 9 9 16 4 2 14 9 1 9 14 16 11
split_gain=180569 180844 209804 153270 127904 163901 639590 142544 137754 461036 254754 136631 214982 158627
threshold=1.0000000180025095e-35 1.0000000180025095e-35 87.500000000000014 62.500000000000007 0.058593427497950504 1.0000000180025095e-35 4.5000000000000009 1.4904328048837827 89.500000000000014 18.500000000000004 68.500000000000014 0.87739136426604036 0.057346076901351579 0.96973899304761912
decision_type=2 2 2 2 2 2 2 2 2 2 2 2 2 2
left_child=-1 3 -3 -2 11 8 7 -7 9 10 -6 12 13 -5
right_child=1 2 -4 4 5 6 -8 -9 -10 -11 -12 -13 -14 -15
leaf_value=-0.00018547931224273658 -0.0009605092314453914 0.0010226201928829641 -0.0047777599161270149 0.00048913886920768398 -0.00029915316445270804 -0.0062663508470580795 0.0016904347105634798 -0.0021264024468590466 -2.4898272442105698e-05 -0.001282506129842171 0.00048832456018288266 0.00026312822237022516 0.001274799821320397 -0.00076688375689567905
leaf_weight=43481341.419286728 1706276.5077987909 426716.29718005657 728781.65114700794 1982276.4033368826 4078025.9360046387 993210.67633056641 1135192.8599243164 1264996.6766052246 109636608.38943481 1748098.4879455566 15659222.661834717 63277820.351685047 1053414.2883605957 6038984.8333123922
leaf_count=34034 1358 1612 1599 3048 2413 837 1077 1483 64631 1069 9257 93985 758 12784
internal_value=6.58203e-05 0.000430594 -0.011405 0.000496163 0.000570021 2.29331e-05 -0.00648655 -0.0157209 0.000191397 0.00238796 0.0036958 0.00158715 -0.00185539 -0.00352874
internal_weight=2.53211e+08 2.0973e+08 1.1555e+06 2.08574e+08 2.06868e+08 1.34515e+08 3.3934e+06 2.25821e+06 1.31122e+08 2.14853e+07 1.97372e+07 7.23525e+07 9.07468e+06 8.02126e+06
internal_count=229945 195911 3211 192700 191342 80767 3397 2320 77370 12739 11670 110575 16590 15832
is_linear=0
shrinkage=0.03


Tree=99
num_leaves=15
num_cat=5
split_feature=12 11 12 0 12 0 0 12 1 11 0 0 11 11
split_gain=170425 167395 208105 327650 224534 239080 189212 246027 522324 298439 220226 217485 216731 256450
threshold=0.9353060627559534 1.2504224695822432 1.0666052657390228 0 1.0336496147759966 1 2 1.0294283446165053 17.500000000000004 1.0069201742998883 3 4 0.96973899304761912 1.0097664918894187
decision_type=2 2 2 1 2 1 1 2 2 2 1 1 2 2
left_child=-1 2 4 -4 6 -6 12 9 11 10 -8 -9 -2 -14
right_child=1 -3 3 -5 5 -7 7 8 -10 -11 -12 -13 13 -15
leaf_value=-0.00053375903308666098 -0.0011593461919912203 -0.00093756653875231135 0.00064676544884227844 -0.00014440969073926217 0.00016371118457266697 -0.00048678070158513615 0.00025270318198052181 0.0006690186131544716 -0.00053363200137446633 -0.00017084026674399238 -0.00017723173708481901 -0.00054452681036670433 0.001860341965616349 0.00024997662169059582
leaf_weight=7189218.2117477655 1604008.0431210995 4905213.3676313162 18453019.060580969 11619171.156715989 9475248.2138682604 23032190.821968079 41189199.949599147 7470847.0947753191 2889947.364875555 80932862.579425335 21456135.732726455 1524884.6717909575 4021137.8233917952 17327965.571976066
leaf_count=7802 1734 4447 21390 11292 11634 21966 31936 3988 2555 64805 22068 2443 3706 18109
internal_value=2.48073e-05 0.000157917 0.000269587 0.00260432 -6.32844e-05 -0.0023564 0.000354519 -2.08724e-05 0.00412705 -0.000364245 0.00119037 0.00769161 0.00289708 0.00369613
internal_weight=2.53091e+08 2.45902e+08 2.40997e+08 3.00722e+07 2.10924e+08 3.25074e+07 1.78417e+08 1.55464e+08 1.18857e+07 1.43578e+08 6.26453e+07 8.99573e+06 2.29531e+07 2.13491e+07
internal_count=229875 222073 217626 32682 184944 33600 151344 127795 8986 118809 54004 6431 23549 21815
cat_boundaries=0 1 2 3 4 5
cat_threshold=358 305 66 153 29
is_linear=0
shrinkage=0.03


Tree=100
num_leaves=15
num_cat=2
split_feature=15 10 10 12 9 0 0 10 16 10 1 9 12 12
split_gain=165435 190806 135747 324694 422365 370189 315258 286587 230225 226820 278449 237647 212406 207475
threshold=1.0000000180025095e-35 1.0990918803224481 1.0389604186223813 1.0182782321369752 89.500000000000014 0 1 0.90135704482050072 0.053551145981062406 1.0428102923176461 17.500000000000004 85.500000000000014 1.0853076765851486 1.0131338228234275
decision_type=2 2 2 2 2 1 1 2 2 2 2 2 2 2
left_child=2 -2 3 5 -5 13 12 -7 -6 10 -8 -11 -4 -1
right_child=1 -3 6 4 8 7 9 -9 -10 11 -12 -13 -14 -15
leaf_value=-0.00019167706609759524 0.00054202225605208478 -0.0054589248056446278 0.0002236390006670671 0.00029259550850279655 0.0001219350058781213 -0.00033960955429517936 0.00060786828497494665 0.00047162685149286461 -0.00093156689804786837 0.00058012072887275246 -0.00033140858623593826 -0.00016464418801771986 0.00091444812035646806 0.00025487181311369806
leaf_weight=58355003.08528018 512670.8272151947 657908.39307689667 33846443.396652579 6395693.7286576033 4000254.2151669264 8478636.199054122 5853620.6553404331 32897582.10664618 16189691.959442139 5175340.0199428797 1914403.9181432724 61578235.500190735 8796266.5420253277 8790005.4867372513
leaf_count=37681 1698 1523 39979 5609 10364 9596 3522 35786 11343 6074 1366 49936 9654 5733
internal_value=-3.93338e-05 -0.0112913 1.28772e-05 -0.000635176 -0.00360652 9.27469e-05 0.000760174 0.00232481 -0.00573475 -0.000416993 0.00443481 -0.000981591 0.00281737 -0.0012827
internal_weight=2.53442e+08 1.17058e+06 2.52271e+08 1.35107e+08 2.65856e+07 1.08521e+08 1.17164e+08 4.13762e+07 2.01899e+07 7.45216e+07 7.76802e+06 6.67536e+07 4.26427e+07 6.7145e+07
internal_count=229864 3221 226643 116112 27316 88796 110531 45382 21707 60898 4888 56010 49633 43414
cat_boundaries=0 1 2
cat_threshold=276 356
is_linear=0
shrinkage=0.03


Tree=101
num_leaves=15
num_cat=0
split_feature=15 10 9 2 16 12 3 12 10 9 2 9 12 3
split_gain=160638 174270 150360 157254 156240 165863 223112 164986 334104 168909 149274 138654 140338 160762
threshold=1.0000000180025095e-35 1.0990918803224481 62.500000000000007 1.0000000180025095e-35 0.065162257697104889 0.99493778713559811 1.5000000000000002 1.0017672621402147 1.0073430709674736 68.500000000000014 4.5000000000000009 85.500000000000014 1.0182782321369752 1.5000000000000002
decision_type=2 2 2 2 2 2 2 2 2 2 2 2 2 2
left_child=2 -2 -1 -4 -5 6 -6 -7 11 -10 -8 -9 -13 -14
right_child=1 -3 3 4 5 7 10 8 9 -11 -12 12 13 -15
leaf_value=-0.00093011926710325453 0.00047176590541525652 -0.0054285532994966124 -0.0001655971904557218 0.00016128100057056827 -6.7389688770143962e-05 0.00037584415449846552 -0.0041143328255988862 0.00040155549001678702 -0.00064810463631307009 0.00010109976534661612 -0.00091843357175387164 -0.00022486355695072272 -0.00046636466226326662 -0.0026965962184695358
leaf_weight=1685186.7894608974 515015.62106859684 661432.01688623428 43380652.73599565 100665050.59817839 14653108.825714111 8697666.1345825195 1318255.551361084 1695309.6600036621 2481016.2973632812 59049593.558120728 5510989.8748779297 7947907.0195922852 3346198.4951171875 2280142.0530700684
leaf_count=1349 1715 1566 34025 130993 6357 4547 1116 897 1408 33336 4720 4027 1815 2371
internal_value=-1.50793e-05 -0.0110749 3.64078e-05 9.63649e-05 0.000439567 -0.000358693 -0.00271526 0.000233423 -0.00021007 0.000775639 -0.00719364 -0.00418211 -0.00519238 -0.00881785
internal_weight=2.53888e+08 1.17645e+06 2.52711e+08 2.51026e+08 2.07645e+08 1.0698e+08 2.14824e+07 8.54978e+07 7.68002e+07 6.15306e+07 6.82925e+06 1.52696e+07 1.35742e+07 5.62634e+06
internal_count=230242 3281 226961 225612 191587 60594 12193 48401 43854 34744 5836 9110 8213 4186
is_linear=0
shrinkage=0.03


Tree=102
num_leaves=15
num_cat=2
split_feature=13 0 16 13 3 2 0 12 12 3 5 5 10 2
split_gain=167752 162740 138026 176154 115433 113806 164520 183745 192091 137164 397452 274470 196352 164701
threshold=1.1027570172535894 0 0.066217158611253948 1.3243661249003498 2.5000000000000004 1.0000000180025095e-35 1 1.0075532020675959 0.9997177749366184 1.0000000180025095e-35 1.0000000180025095e-35 1.0000000180025095e-35 1.2883310473777285 2.5000000000000004
decision_type=2 1 2 2 2 2 1 2 2 2 2 2 2 2
left_child=5 4 -3 -4 -2 6 -1 8 -8 10 13 12 -11 -7
right_child=1 2 3 -5 -6 9 7 -9 -10 11 -12 -13 -14 -15
leaf_value=1.9940965339693404e-06 0.00037772870503373715 0.00045981303616591331 7.2035272321903658e-05 -0.0015741447917190169 0.0031211109360741187 1.4496635492518966e-05 -0.00035053959741108471 -0.00078150018585542542 0.00099849567157660039 -0.00011080424795142914 -0.0015516486237156287 0.0012208836134217228 -0.0025318286873295803 0.00029372151350623589
leaf_weight=21908666.08645308 2209785.0678727627 16946704.922383785 9776477.418967247 2041642.6767029762 1349146.9754550457 72063632.168099999 4964715.2810741663 11459809.212392807 2072514.3247853518 69742497.731524825 1802463.6063169241 1764222.1358876228 1548665.0812059641 33977014.690310121
leaf_count=16364 2162 34238 7168 2039 1539 52268 3570 7994 1417 72918 1126 1252 1672 24276
internal_value=2.9765e-05 0.00204855 0.0012998 -0.00118871 0.00810027 -0.0002651 -0.00170458 -0.00378794 2.76775e-05 5.64236e-05 0.000736338 -0.000947255 -0.00123652 0.000973784
internal_weight=2.53628e+08 3.23238e+07 2.87648e+07 1.18181e+07 3.55893e+06 2.21304e+08 4.04057e+07 1.8497e+07 7.03723e+06 1.80898e+08 1.07843e+08 7.30554e+07 7.12912e+07 1.06041e+08
internal_count=230003 47146 43445 9207 3701 182857 29345 12981 4987 153512 77670 75842 74590 76544
cat_boundaries=0 1 2
cat_threshold=16 369
is_linear=0
shrinkage=0.03


Tree=103
num_leaves=15
num_cat=3
split_feature=15 10 13 0 16 14 16 10 16 1 0 11 0 3
split_gain=168509 158355 142119 163252 152708 174115 143453 106917 119178 111725 141721 138652 251396 212245
threshold=1.0000000180025095e-35 1.0990918803224481 1.1027570172535894 0 0.065906348755040825 1.2574001509041886 0.066217158611253948 0.74478466775923013 0.02145571086494619 10.500000000000002 1 0.99953296935072145 2 1.5000000000000002
decision_type=2 2 2 1 2 2 2 2 2 2 1 2 1 2
left_child=2 -2 7 6 -5 -6 -4 -1 -9 -10 -11 12 -12 -14
right_child=1 -3 3 4 5 -7 -8 8 9 10 11 -13 13 -15
leaf_value=-0.00051798914678477179 0.00016016210914700661 -0.0051031517112899213 0.00029324502656631049 0.0003576699972082607 -9.0684567703723584e-06 -0.0027286650122498486 0.0022193678681891446 -0.00079814338214450882 9.8320773710606943e-05 0.00020663863558060598 -0.00041315671701877527 -0.0001596925630221542 0.00043275207264521407 -0.00053888743386234638
leaf_weight=5166923.3700734377 505998.05109918118 632098.45864737034 2005448.7362157106 16700368.207638025 10574669.807495117 1345390.5883331299 1533850.8349609375 6206092.0918825865 64209010.15057373 30668858.449546814 9607641.7575073242 82977681.752593994 16975388.348571777 4733585.4258117676
leaf_count=5341 1705 1501 2982 33627 7702 1433 755 39167 40495 29888 5876 47020 8988 3798
internal_value=5.50379e-05 -0.0114627 0.00010691 0.00197 0.00121835 -0.00137546 0.00804818 -0.000164764 -6.24559e-05 5.91001e-05 -0.000402339 -0.000888238 0.00081261 0.00260075
internal_weight=2.53843e+08 1.1381e+06 2.52705e+08 3.21597e+07 2.86204e+07 1.19201e+07 3.5393e+06 2.20545e+08 2.15378e+08 2.09172e+08 1.44963e+08 1.14294e+08 3.13166e+07 2.1709e+07
internal_count=230278 3206 227072 46499 42762 9135 3737 180573 175232 136065 95570 65682 18662 12786
cat_boundaries=0 1 2 3
cat_threshold=16 98 260
is_linear=0
shrinkage=0.03


Tree=104
num_leaves=15
num_cat=2
split_feature=15 14 2 0 12 12 16 12 7 11 16 0 12 11
split_gain=151918 175653 158436 148782 172247 184863 145510 157207 204344 139192 121321 113516 109389 162095
threshold=1.0000000180025095e-35 0.82798925996342188 1.0000000180025095e-35 0 1.0075532020675959 0.9997177749366184 0.069382729902509321 0.99493778713559811 1.0000000180025095e-35 1.0198815104866499 0.071740001558386765 1 1.0781710215531561 1.0069201742998883
decision_type=2 2 2 1 2 2 2 2 2 2 2 1 2 2
left_child=2 -2 3 10 5 -5 12 8 9 11 -1 -8 13 -4
right_child=1 -3 6 4 -6 -7 7 -9 -10 -11 -12 -13 -14 -15
leaf_value=-0.00013996982647712888 -0.0051012026997697664 -0.00043440419692543868 0.00030781129094834019 -0.00033019997904249615 -0.00071648113367505718 0.0011067256536847175 0.00043488013037675969 1.3146104507500887e-05 -0.0015680532155205626 -0.00048494125941785158 0.00025432962421982744 -0.0001882015649275827 0.00046364407404693756 -1.0469557297793257e-05
leaf_weight=15262629.507586122 449505.00594317913 702100.54178476334 38398341.193169117 5308744.3945422173 12694790.554034352 2165186.9010007381 3721638.9971313477 69587417.010131836 6108429.6007995605 2548806.1385498047 8013466.2926025391 5280248.3746337891 13752269.867095232 69428515.246965885
leaf_count=15237 810 2395 45498 4074 9537 1555 1620 39301 5097 958 3566 2296 17591 80346
internal_value=1.32271e-05 -0.0108581 6.28545e-05 -0.00158545 -0.00347146 0.00014177 0.000405774 -0.000529054 -0.00305697 -0.000710164 4.87767e-05 0.00104221 0.00107662 0.000755249
internal_weight=2.53422e+08 1.15161e+06 2.5227e+08 4.34448e+07 2.01687e+07 7.47393e+06 2.08826e+08 8.72465e+07 1.76591e+07 1.15507e+07 2.32761e+07 9.00189e+06 1.21579e+08 1.07827e+08
internal_count=229881 3205 226676 33969 15166 5629 192707 49272 9971 4874 18803 3916 143435 125844
cat_boundaries=0 1 2
cat_threshold=369 149
is_linear=0
shrinkage=0.03


Tree=105
num_leaves=15
num_cat=1
split_feature=15 13 13 2 14 3 16 9 4 2 2 0 12 12
split_gain=154936 159390 140141 151837 258096 217873 137519 114082 107801 148760 97248.6 133034 152939 203236
threshold=1.0000000180025095e-35 0.78866607831236879 1.0954749903159355 4.5000000000000009 1.1319402910459286 2.5000000000000004 0.049133222788516749 62.500000000000007 1.0000000180025095e-35 4.5000000000000009 1.0000000180025095e-35 0 1.0075532020675959 0.99996686537042534
decision_type=2 2 2 2 2 2 2 2 2 2 2 1 2 2
left_child=2 -2 7 5 -5 -4 -7 -1 10 -10 11 -9 13 -13
right_child=1 -3 3 4 -6 6 -8 8 9 -11 -12 12 -14 -15
leaf_value=-0.00097923938491683215 -0.0051013760084840914 -0.00029609024163982002 0.00020250524031890184 0.00053610715104219131 0.0050477387764647367 0.001676390273403142 -0.0029482612741610738 1.4194634765831584e-05 -0.0045270754979808391 0.00013819372494159533 1.9812727967500495e-05 -0.00035020938395148452 -0.00069235714889532641 0.0010987442409510374
leaf_weight=1467827.2325953245 489931.72227144241 657207.07394969463 24789973.162280321 6658090.8496630192 1425464.4825539589 631489.82774686813 2010893.2568664551 21576051.257251859 703094.6944643259 809059.47992086411 174184692.30157793 5056223.8699390888 11308489.139680028 2019391.410605669
leaf_count=1113 1403 1809 30102 10753 3969 2057 2217 16084 1270 1204 144875 3631 7910 1366
internal_value=6.61999e-06 -0.0109937 5.65681e-05 0.00180358 0.00541709 0.000738776 -0.00745023 -0.000229197 -0.000172464 -0.00815437 -0.000116101 -0.00145085 -0.00332608 0.000133147
internal_weight=2.53788e+08 1.14714e+06 2.52641e+08 3.55159e+07 8.08356e+06 2.74324e+07 2.64238e+06 2.17125e+08 2.15657e+08 1.51215e+06 2.14145e+08 3.99602e+07 1.83841e+07 7.07562e+06
internal_count=229763 3212 226551 49098 14722 34376 4274 177453 176340 2474 173866 28991 12907 4997
cat_boundaries=0 1
cat_threshold=369
is_linear=0
shrinkage=0.03


Tree=106
num_leaves=15
num_cat=0
split_feature=15 9 14 16 5 1 14 16 14 1 9 1 9 2
split_gain=160891 174280 135871 167376 160960 161908 323959 306983 143556 242705 118087 316640 191858 161969
threshold=1.0000000180025095e-35 87.500000000000014 0.98660776815325946 0.055922555133776648 1.0000000180025095e-35 8.5000000000000018 0.88781725287033697 0.033755858039455959 0.82798925996342188 12.500000000000002 89.500000000000014 17.500000000000004 67.500000000000014 4.5000000000000009
decision_type=2 2 2 2 2 2 2 2 2 2 2 2 2 2
left_child=2 -2 4 -4 5 6 7 -1 9 -7 11 12 -5 -12
right_child=1 -3 3 10 -6 8 -8 -9 -10 -11 13 -13 -14 -15
leaf_value=-0.0015135704122154474 0.00090700490820713731 -0.0041513691355519128 0.00033038073785291751 -0.00016650746297968398 -0.001062154223728119 -0.00091130357375793171 -7.4222131893952542e-05 0.00066646408490872422 -4.233203710312398e-05 -0.0001295937308988726 -0.00014296481189388869 -0.00071587977030273457 0.00057059044542318276 0.00041438249243867488
leaf_weight=1079493.8331599236 411809.86545288563 746014.09257400036 36030695.406494498 3652003.3994445801 2030940.5346125364 5998859.6617584229 15685484.57658577 6762832.3209838867 91649287.070040226 13868680.526925564 50172709.160018921 3301449.7413024902 9893012.744934082 11797473.52381897
leaf_count=9718 1605 1635 63700 1967 1327 4751 17541 3484 67035 11186 27604 1884 5630 10673
internal_value=-5.92408e-07 -0.0111582 5.06872e-05 0.000811837 -0.000587034 -0.000460965 0.00180053 0.00677907 -0.000938095 -0.00324992 3.74919e-05 0.00226464 0.00429519 -0.000567955
internal_weight=2.53081e+08 1.15782e+06 2.51923e+08 1.14847e+08 1.37076e+08 1.35045e+08 2.35278e+07 7.84233e+06 1.11517e+08 1.98675e+07 7.88166e+07 1.68465e+07 1.3545e+07 6.19702e+07
internal_count=229740 3240 226500 111458 115042 113715 30743 13202 82972 15937 47758 9481 7597 38277
is_linear=0
shrinkage=0.03


Tree=107
num_leaves=15
num_cat=0
split_feature=10 10 7 10 12 13 2 4 2 11 13 12 11 16
split_gain=181195 233748 213629 224952 127005 123646 209742 182522 123354 152285 119936 110828 161890 176613
threshold=1.2236955986104996 1.1494611397626895 1.0000000180025095e-35 1.3953303454829544 1.0477841128593066 1.1559857807864973 4.5000000000000009 1.0000000180025095e-35 3.5000000000000004 1.1671507471139435 2.2949077297958129 0.9353060627559534 0.90644793995258399 0.051978320493574537
decision_type=2 2 2 2 2 2 2 2 2 2 2 2 2 2
left_child=1 5 -2 -4 -3 11 7 -7 9 -6 -9 -1 13 -13
right_child=2 4 3 -5 8 6 -8 10 -10 -11 -12 12 -14 -15
leaf_value=-0.00050060007490875663 -0.00028348280288287086 -0.00036151129476035422 -0.00090186336857116559 -0.0055230201841907538 0.0010366381125284361 0.00038210503131605656 0.0017942782200379077 -0.0028014195487522193 9.5613686374141721e-05 0.00027774922315479189 0.001322194641797263 0.001928457692986542 -4.2873254041976611e-05 0.00019709464622186991
leaf_weight=7103506.4123730659 8631509.8825143576 2960170.2011114359 1255569.2652535439 698786.04797554016 6360520.3620797396 7439308.3199589252 3929971.3788832426 1754038.5673424006 5922573.1885507107 5284945.2036229372 681577.85420191288 1696407.4590526819 191432228.70636392 8603408.7885437012
leaf_count=7318 8843 4506 2596 920 5583 13908 8882 2292 7574 4583 1662 3525 152962 4828
internal_value=-4.43566e-05 0.000122905 -0.00388654 -0.0128429 0.00318605 -0.000159527 0.00259023 0.000257446 0.00415467 0.00594739 -0.00687065 -0.000341298 -0.000211612 0.00345223
internal_weight=2.53755e+08 2.43169e+08 1.05859e+07 1.95436e+06 2.05282e+07 2.2264e+08 1.38049e+07 9.87492e+06 1.7568e+07 1.16455e+07 2.43562e+06 2.08836e+08 2.01732e+08 1.02998e+07
internal_count=229982 217623 12359 3516 22246 195377 26744 17862 17740 10166 3954 168633 161315 8353
is_linear=0
shrinkage=0.03


Tree=108
num_leaves=15
num_cat=2
split_feature=10 3 14 10 0 10 3 9 12 0 12 1 1 11
split_gain=140163 212375 264173 209560 157374 144731 129540 126548 118478 274520 216096 261251 148760 144468
threshold=1.2236955986104996 1.5000000000000002 0.74992775583225157 1.1413265287497878 0 1.1404111661944714 2.5000000000000004 62.500000000000007 1.0336496147759966 1 1.0312643583499335 17.500000000000004 18.500000000000004 1.0256949624400986
decision_type=2 2 2 2 1 2 2 2 2 1 2 2 2 2
left_child=3 -2 -3 5 6 7 -5 -1 10 -10 13 -12 -11 -9
right_child=1 2 -4 4 -6 -7 -8 8 9 12 11 -13 -14 -15
leaf_value=-0.00091789805908195569 -0.00016691783802451308 -0.005071731813161456 -0.00059279468680675188 0.00070524233763353259 -3.2535313894205936e-05 -0.0011280680977919185 -0.00085388523208505785 7.9612631196789141e-05 0.00052459061815748604 -0.0001858484918411096 0.00068537073831893207 -0.00040485598916264613 -0.00097630544834374842 -0.0001251758196284113
leaf_weight=1681270.1356246471 8636708.754372716 752032.46023356915 1167265.7739559412 13803605.305509925 9321264.9731428623 1465146.7418658733 1156838.9907386303 116254051.04077685 7297596.9948295355 27068882.695761681 4862792.702496767 1569273.8925294876 4877582.0674304962 53402632.426223159
leaf_count=1335 8774 953 2528 12646 11336 968 2078 98420 11814 21645 3108 1198 6623 46283
internal_value=4.98278e-05 -0.00333429 -0.0123609 0.00019698 0.00284092 -9.6867e-05 0.00474731 -3.34226e-05 3.05905e-05 -0.00146002 0.000362795 0.00576025 -0.00265924 0.000158165
internal_weight=2.53317e+08 1.0556e+07 1.9193e+06 2.42761e+08 2.42817e+07 2.18479e+08 1.49604e+07 2.17014e+08 2.15333e+08 3.92441e+07 1.76089e+08 6.43207e+06 3.19465e+07 1.69657e+08
internal_count=229709 12255 3481 217454 26060 191394 14724 190426 189091 40082 149009 4306 28268 144703
cat_boundaries=0 1 2
cat_threshold=326 289
is_linear=0
shrinkage=0.03


Tree=109
num_leaves=15
num_cat=2
split_feature=14 10 0 1 12 11 2 14 10 1 0 12 3 11
split_gain=128059 163995 161438 150232 105281 173999 159380 311734 184299 233885 144388 119898 104469 101256
threshold=1.0046522558627082 0.96771506909300131 0 17.500000000000004 1.0659909429752294 1.0982257806560121 4.5000000000000009 1.1267952474849621 1.0118941684945517 17.500000000000004 1 1.0021060686342065 2.5000000000000004 0.99327595712854466
decision_type=2 2 1 2 2 2 2 2 2 2 1 2 2 2
left_child=13 2 -2 -4 5 6 10 8 11 -10 -3 -8 -12 -1
right_child=1 4 3 -5 -6 -7 7 -9 9 -11 12 -13 -14 -15
leaf_value=9.7731418189109646e-05 -0.00099525012470788273 -0.00037211734315284337 -0.00035327847549721409 -0.0064054066399249713 0.00058828233793164521 -0.00061985148695625943 0.00042293725072711812 0.0056578295642837556 0.0014384574592813846 -0.00044531416385630226 0.00019850989071942753 -0.0019691308433627329 -0.001974765512377955 -8.5734263729942035e-05
leaf_weight=36022742.691604733 4175112.3148238659 8015023.5849541426 5021867.4580551386 1996990.6442093849 11059585.342326999 4222882.3455908298 1042735.734926939 1507353.8130954504 3738105.3088263273 2064169.6689414978 37357953.393273115 1557365.0419824123 1383597.8879104853 134322540.438815
leaf_count=28831 5872 5383 6014 2848 14322 5514 1452 4677 4958 3055 32909 1727 2369 110245
internal_value=1.01706e-05 0.000975333 -0.00240255 0.000376099 0.00150087 0.00101179 0.00144958 0.00490552 0.00265185 0.0056261 0.000717118 -0.00398535 0.0014754 -0.00046091
internal_weight=2.53488e+08 8.31427e+07 1.1194e+07 7.01886e+06 7.19488e+07 6.08892e+07 5.66663e+07 9.90973e+06 8.40238e+06 5.80227e+06 4.67566e+07 2.6001e+06 3.87416e+07 1.70345e+08
internal_count=230176 91100 14734 8862 76366 62044 56530 15869 11192 8013 40661 3179 35278 139076
cat_boundaries=0 1 2
cat_threshold=320 4
is_linear=0
shrinkage=0.03


Tree=110
num_leaves=15
num_cat=3
split_feature=10 12 0 12 12 0 0 10 11 1 12 1 9 9
split_gain=150170 152282 247763 157538 200932 194989 133918 233908 172465 170098 142465 131469 635936 374825
threshold=1.2883310473777285 1.0666052657390228 0 1.0336496147759966 1.0321335269730831 1 2 0.96771506909300131 1.0259789571696876 10.500000000000002 1.0274884283874488 17.500000000000004 89.500000000000014 88.500000000000014
decision_type=2 2 1 2 2 1 1 2 2 2 2 2 2 2
left_child=1 3 -3 4 6 -5 7 -1 -9 10 -8 12 -11 -13
right_child=-2 2 -4 5 -6 -7 9 8 -10 11 -12 13 -14 -15
leaf_value=-0.00047006307634821752 -0.00074757729126121548 -0.00022123823833962114 0.00047124721768956597 0.00014836849461838657 0.00052575821233939528 -0.00044043957181330069 6.434463263919577e-05 0.00081528204390041506 3.6555262710608006e-05 0.00050567132344410133 0.00045363228110499972 -0.00061425319060958914 -0.00034812150495098333 0.00018443154775983235
leaf_weight=6312426.9482313395 5537072.4422943592 8094887.8837397099 22995204.125009298 9531773.7958177328 4100721.3099008799 22739188.951316833 41956489.817285895 13881121.399434566 12115819.064884186 9564441.3860814571 3311311.7762880325 4967962.7704076767 58754718.547539353 29917653.83588028
leaf_count=8370 4928 8922 24736 11556 3272 21527 41658 17866 14672 4745 2670 3994 32760 28165
internal_value=-3.10237e-05 7.79659e-05 0.00204168 -0.000203181 0.000134408 -0.00213725 -1.45451e-05 0.0017358 0.00299361 -0.00039544 0.00113777 -0.00106794 -0.00183307 0.000430473
internal_weight=2.53781e+08 2.48244e+08 3.10901e+07 2.17154e+08 1.84883e+08 3.2271e+07 1.80782e+08 3.23094e+07 2.59969e+07 1.48473e+08 4.52678e+07 1.03205e+08 6.83192e+07 3.48856e+07
internal_count=229841 224913 33658 191255 158172 33083 154900 40908 32538 113992 44328 69664 37505 32159
cat_boundaries=0 1 2 3
cat_threshold=145 305 194
is_linear=0
shrinkage=0.03


Tree=111
num_leaves=15
num_cat=4
split_feature=15 14 12 0 12 0 12 2 2 0 16 12 11 0
split_gain=135692 159832 112220 293347 234276 205585 149372 136517 122797 188390 178917 133056 132689 261377
threshold=1.0000000180025095e-35 0.84435162759793447 1.0598131614188067 0 1.0336496147759966 1 1.0321335269730831 3.5000000000000004 2.5000000000000004 2 0.08132442582937606 0.99613586028316414 1.0063114542196836 3
decision_type=2 2 2 1 2 1 2 2 2 1 2 2 2 1
left_child=2 -2 4 7 6 -6 8 -4 12 -10 -11 -12 13 -1
right_child=1 -3 3 -5 5 -7 -8 -9 9 10 11 -13 -14 -15
leaf_value=-0.00055654545790102643 -0.0044757797949428546 -0.00016699978985953813 0.00069059007720889286 -0.00011445370649530106 0.00035910789935366153 -0.00045762888492497918 0.00048431581866821582 6.3765200042438354e-05 -0.00030029141960585186 0.00028253553464812416 -0.00070799540265538083 2.6093278259832499e-05 -0.00016774363845471359 0.00020376278066763109
leaf_weight=7888188.7947070599 475994.74136042595 685754.50646483898 13938591.08111608 20469730.993632674 4721074.0208314657 21195536.522936225 4684433.7383379936 6746379.6594765186 16202975.822060943 55874760.750254512 4440726.632598877 12570619.287322998 54155902.691741824 29605678.283875704
leaf_count=8554 891 2348 13616 18971 7402 19572 3697 9561 20310 57270 2460 6391 39063 20122
internal_value=3.57149e-05 -0.0101936 8.27807e-05 0.001516 -0.000196313 -0.00286801 0.00017711 0.00403559 4.00296e-05 0.000833158 0.00148361 -0.00121018 -0.000730939 0.00064094
internal_weight=2.53656e+08 1.16175e+06 2.52495e+08 4.11547e+07 2.1134e+08 2.59166e+07 1.85423e+08 2.0685e+07 1.80739e+08 8.90891e+07 7.28861e+07 1.70113e+07 9.16498e+07 3.74939e+07
internal_count=230228 3239 226989 42148 184841 26974 157867 23177 154170 86431 66121 8851 67739 28676
cat_boundaries=0 1 2 3 4
cat_threshold=364 289 257 352
is_linear=0
shrinkage=0.03


Tree=112
num_leaves=15
num_cat=2
split_feature=13 0 3 16 14 3 9 2 11 9 1 1 9 0
split_gain=133618 124797 139559 123899 133676 93072.7 220855 228042 206335 143610 595970 343436 218058 180637
threshold=1.1027570172535894 0 2.5000000000000004 0.066511076860393481 1.2574001509041886 2.5000000000000004 80.500000000000014 4.5000000000000009 1.0993817019966132 89.500000000000014 18.500000000000004 7.5000000000000009 71.500000000000014 1
decision_type=2 1 2 2 2 2 2 2 2 2 2 2 2 1
left_child=5 2 -2 -3 -5 9 -7 -8 -9 10 11 12 -1 -13
right_child=1 3 -4 4 -6 6 7 8 -10 -11 -12 13 -14 -15
leaf_value=-0.0012900798350648538 4.1244865652173038e-05 0.0004272603332473975 0.0030072988464746246 -2.455519729897846e-05 -0.0024246430172878753 -0.0015625798873682734 -0.0042744570332135679 0.00015631691675600421 -0.0011238860575890704 -4.9018996578060144e-05 -0.00081302000736105178 -5.2922719632856324e-06 8.7669974056819527e-05 0.00055861366065737821
leaf_weight=1488940.3125357628 2219627.7406350374 16983494.657812715 1347604.1872627735 10522753.850406647 1309343.8263630867 1490409.1077359915 745410.68670225143 12614513.557546496 3313489.3891757727 168535391.79621959 5341043.7439718246 5964891.8676757812 2105934.9957066774 19702781.633691311
leaf_count=2268 2199 34182 1559 7707 1496 2125 1340 17299 5587 128938 6788 3396 3682 11376
internal_value=-4.3621e-05 0.00175625 0.00704938 0.00110098 -0.00125583 -0.000306993 -0.00236446 -0.00137542 -0.000616434 -0.000123023 0.00163734 0.00331935 -0.00536504 0.00453564
internal_weight=2.53686e+08 3.23828e+07 3.56723e+06 2.88156e+07 1.18321e+07 2.21303e+08 1.81638e+07 1.66734e+07 1.5928e+07 2.03139e+08 3.46036e+07 2.92625e+07 3.59488e+06 2.56677e+07
internal_count=229942 47143 3758 43385 9203 182799 26351 24226 22886 156448 27510 20722 5950 14772
cat_boundaries=0 1 2
cat_threshold=16 68
is_linear=0
shrinkage=0.03


Tree=113
num_leaves=15
num_cat=2
split_feature=10 3 14 10 2 3 5 11 14 10 0 1 0 14
split_gain=136736 193585 262865 179447 166237 234581 213114 205075 172020 226950 165320 151481 170593 144638
threshold=1.2236955986104996 1.5000000000000002 0.70913284672034438 1.1413265287497878 2.5000000000000004 1.0000000180025095e-35 1.0000000180025095e-35 0.99953296935072145 0.92180476968108171 1.0389604186223813 0 18.500000000000004 1 1.0489730383230815
decision_type=2 2 2 2 2 2 2 2 2 2 1 2 1 2
left_child=3 -2 -3 4 6 7 -1 -6 -7 10 -10 12 -11 -14
right_child=1 2 -4 -5 5 8 -8 -9 9 11 -12 -13 13 -15
leaf_value=-7.5191375917911226e-05 -0.00021934758715344246 -0.0050303102770122687 -0.0007447371618666892 0.00034013586253126921 0.00077434323684421724 -0.00035231763036337358 -0.0013362067241375654 0.00015065496279239508 -0.00073421001632329288 -5.4833486306729873e-05 -2.8528534589590274e-06 -0.00047566504982060598 0.00041588990260436068 0.0030177780852421901
leaf_weight=108321370.40684915 8629654.6490318775 683507.55693054199 1249501.6768858433 24263245.148296356 8965174.407215476 15732558.936942339 1929986.5812959671 24329281.699533343 6222124.1520831585 5374301.0368183851 31105059.491216898 4041415.7293803692 11056254.135590434 1715111.9441963434
leaf_count=81783 8767 820 2710 26103 6782 16639 1356 18239 9541 5726 31725 6566 9670 3551
internal_value=2.8284e-05 -0.0033132 -0.0118944 0.000173497 -9.79554e-05 0.000735463 -0.000918447 0.00283212 -0.000192246 0.000545244 -0.000883034 0.00294816 0.00411801 0.00600494
internal_weight=2.53619e+08 1.05627e+07 1.93301e+06 2.43056e+08 2.18793e+08 1.08541e+08 1.10251e+08 3.32945e+07 7.52468e+07 5.95143e+07 3.73272e+07 2.21871e+07 1.81457e+07 1.27714e+07
internal_count=229978 12297 3530 217681 191578 108439 83139 25021 83418 66779 41266 25513 18947 13221
cat_boundaries=0 1 2
cat_threshold=320 265
is_linear=0
shrinkage=0.03


Tree=114
num_leaves=15
num_cat=2
split_feature=15 14 10 12 9 0 10 0 10 16 1 1 10 11
split_gain=143605 163821 112867 276898 364701 343144 237471 216193 263216 209089 197960 186218 184087 178595
threshold=1.0000000180025095e-35 0.84435162759793447 1.0379730489952987 1.0182782321369752 89.500000000000014 0 0.83310007439074751 1 1.0428102923176461 0.053551145981062406 18.500000000000004 17.500000000000004 1.1925834006211711 0.91408087203224231
decision_type=2 2 2 2 2 1 2 1 2 2 2 2 2 2
left_child=2 -2 3 5 -5 13 10 12 11 -6 -7 -9 -4 -1
right_child=1 -3 7 4 9 6 -8 8 -10 -11 -12 -13 -14 -15
leaf_value=0.00028695011731714293 -0.0043954796684035399 -0.00032412271300921594 0.00055396701785028759 0.00027805619404166121 0.00014429433115961427 -0.00067419187519752663 0.00044672748686319115 0.00056120669619781779 -5.3338517162027256e-05 -0.00088321666929749192 0.0013191813588974387 -0.00022827704180757968 -0.00025633609871580237 -0.00016785001025198027
leaf_weight=8220391.4659106731 470192.63788485527 684746.73351514339 22045738.52323246 6421198.9001719952 4004829.0794029236 6105392.5215250254 33758160.781615615 7533219.0067163706 81094996.368865132 16226693.452880859 1091304.5023112297 2394968.0989513397 5168162.9775053263 58238410.554138899
leaf_count=6492 877 2347 31330 5637 10324 6005 36889 4748 65864 11367 1908 1838 7828 36556
internal_value=3.60376e-05 -0.0105184 8.43513e-05 -0.00051153 -0.00324857 0.000167614 0.00232761 0.000760008 5.85772e-05 -0.00522559 -0.00262002 0.00466924 0.00310611 -0.00116347
internal_weight=2.53458e+08 1.15494e+06 2.52303e+08 1.34066e+08 2.66527e+07 1.07414e+08 4.09549e+07 1.18237e+08 9.10232e+07 2.02315e+07 7.1967e+06 9.92819e+06 2.72139e+07 6.64588e+07
internal_count=230010 3224 226786 115178 27328 87850 44802 111608 72450 21691 7913 6586 39158 43048
cat_boundaries=0 1 2
cat_threshold=276 352
is_linear=0
shrinkage=0.03


Tree=115
num_leaves=15
num_cat=4
split_feature=9 15 9 10 14 0 16 9 1 0 9 1 0 0
split_gain=136011 128344 141812 123619 111746 141384 140996 138861 124532 144874 131742 520587 334624 245398
threshold=62.500000000000007 1.0000000180025095e-35 88.500000000000014 0.74478466775923013 1.0322879984628364 0 0.030902041864864577 82.500000000000014 10.500000000000002 1 89.500000000000014 17.500000000000004 2 3
decision_type=2 2 2 2 2 1 2 2 2 1 2 2 1 1
left_child=-1 3 -3 -2 6 -6 7 -5 9 -8 11 12 -10 -12
right_child=1 2 -4 4 5 -7 8 -9 10 -11 13 -13 -14 -15
leaf_value=-0.0008875058211443884 -0.00050778871200754625 0.00047948838422020462 -0.0037354702289675722 -0.0013041124145058444 0.00048979872632717153 2.6759356972930551e-05 0.00018197768277178724 -0.0002975565558365197 -0.00026797248131894591 -0.00010374835926793522 0.00010183951716953864 -0.00051254941922272983 0.00067292321550579688 -0.00019913021988019443
leaf_weight=1725624.6210401058 5352479.9940792322 499910.41447782516 652096.74587070942 1653564.8585455418 17739467.520890713 25758756.097349882 37815982.952972412 10933295.674791336 3557069.0076904297 18801036.840026855 49845312.148117065 5995900.7333374023 11714395.21105957 60946029.906784058
leaf_count=1359 5910 1848 1375 5745 26024 32844 18450 38634 2268 14481 37561 3858 7367 31652
internal_value=3.34508e-05 9.1096e-05 -0.00989931 0.000137111 0.00023574 0.00161457 -6.22633e-05 -0.00313654 0.000142826 0.00131993 -0.000361828 0.00180087 0.00474189 -0.000776977
internal_weight=2.52991e+08 2.51265e+08 1.15201e+06 2.50113e+08 2.44761e+08 4.34982e+07 2.01263e+08 1.25869e+07 1.88676e+08 5.6617e+07 1.32059e+08 2.12674e+07 1.52715e+07 1.10791e+08
internal_count=229376 228017 3223 224794 218884 58868 160016 44379 115637 32931 82706 13493 9635 69213
cat_boundaries=0 1 2 3 4
cat_threshold=178 345 68 103
is_linear=0
shrinkage=0.03


Tree=116
num_leaves=15
num_cat=3
split_feature=15 9 2 0 11 10 16 10 10 4 11 0 0 11
split_gain=117735 131666 116401 172089 133530 121773 113810 120524 153168 134319 123019 214966 139807 130154
threshold=1.0000000180025095e-35 88.500000000000014 1.0000000180025095e-35 0 1.0256949624400986 1.0804981498706023 0.058593427497950504 1.0389604186223813 1.0428102923176461 1.0000000180025095e-35 1.0256949624400986 1 2 0.98059644709439753
decision_type=2 2 2 1 2 2 2 2 2 2 2 1 1 2
left_child=2 -2 3 4 -1 -5 -4 9 -9 10 11 13 -12 -8
right_child=1 -3 6 5 -6 -7 7 8 -10 -11 12 -13 -14 -15
leaf_value=-0.00011256083839300343 0.00044682730405739028 -0.003754078440993664 0.00016231900069362047 -0.00012546367256105378 -0.00096350094063372971 0.00034291206204964012 -8.0262763909470482e-05 0.00045209014726597214 3.2592743884673209e-05 -0.0019342151013078024 -0.0013193802727207971 -0.00014588227286384828 -0.00024605041252976598 0.00046140832973283821
leaf_weight=6461662.3947027922 510117.07330024242 652247.89591574669 72916165.827539682 22254115.042258024 7392794.0338718891 7079372.5407787561 8878227.491027832 5539489.9972686768 57808757.533660889 2252571.755279541 2376590.6689453125 35387788.837341309 11045418.707214355 12735011.990814209
leaf_count=5398 1830 1383 111391 16005 5888 6619 6070 2542 37109 2205 979 16821 7064 8488
internal_value=-2.91036e-06 -0.00952878 4.1006e-05 -0.00137681 -0.00413232 -7.53534e-05 0.000334068 -0.000178562 0.000777921 -0.00101229 -0.000781624 -0.000173185 -0.00336556 0.00218421
internal_weight=2.5329e+08 1.16236e+06 2.52128e+08 4.31879e+07 1.38545e+07 2.93335e+07 2.0894e+08 1.36024e+08 6.33482e+07 7.26756e+07 7.0423e+07 5.7001e+07 1.3422e+07 2.16132e+07
internal_count=229792 3213 226579 33910 11286 22624 192669 81278 39651 41627 39422 31379 8043 14558
cat_boundaries=0 1 2 3
cat_threshold=138 139 8
is_linear=0
shrinkage=0.03


Tree=117
num_leaves=15
num_cat=0
split_feature=13 2 3 4 16 3 9 2 11 11 11 16 16 1
split_gain=142562 137987 201686 177933 117537 88701.4 219795 175327 190395 128347 119083 96281.7 163851 252954
threshold=1.0954749903159355 4.5000000000000009 2.5000000000000004 1.0000000180025095e-35 0.049133222788516749 2.5000000000000004 80.500000000000014 4.5000000000000009 1.0993817019966132 1.0011991564699063 0.89451372984939514 0.030902041864864577 0.053394880302814023 13.500000000000002
decision_type=2 2 2 2 2 2 2 2 2 2 2 2 2 2
left_child=5 2 -2 -3 -4 11 -7 -8 9 10 -9 -1 13 -13
right_child=1 3 4 -5 -6 6 7 8 -10 -11 -12 12 -14 -15
leaf_value=-0.00037491458956927736 0.00020164427002203493 0.00065444770587802742 0.0015537734042920441 0.0051465982914905613 -0.00284584453847054 -0.001523085276118219 -0.0038955614941179016 0.0011677121224281477 -0.0010377098701679465 0.00045907053238828012 -0.00097047104766099493 0.00061641336121102345 -2.1596726560611609e-05 -0.00013788171750728773
leaf_weight=13024388.734444499 24700333.003834128 7361877.1969202757 619488.38471031189 810427.32590174675 1982652.131652832 1496234.8456505537 706518.18281936646 1167869.7720661163 3216674.2713871002 7382947.3109492064 3863377.1636071205 13274210.110852718 163210119.9866848 9940143.5732421875
leaf_count=44921 30118 14109 2063 1338 2190 2086 1290 1800 5506 10140 5056 10617 88801 9471
internal_value=3.27228e-05 0.00179602 0.000772366 0.00521588 -0.00717173 -0.000255162 -0.00228224 -0.00127433 -0.000613603 0.00107179 -0.00262336 -7.39125e-05 0.00010031 0.00245856
internal_weight=2.52757e+08 3.54748e+07 2.73025e+07 8.1723e+06 2.60214e+06 2.17282e+08 1.78336e+07 1.63374e+07 1.56309e+07 1.24142e+07 5.03125e+06 1.99449e+08 1.86424e+08 2.32144e+07
internal_count=229506 49818 34371 15447 4253 179688 25878 23792 22502 16996 6856 153810 108889 20088
is_linear=0
shrinkage=0.03


Tree=118
num_leaves=15
num_cat=3
split_feature=9 10 3 10 12 0 12 0 0 2 13 16 10 11
split_gain=117860 116937 170788 218281 147690 237593 177148 168566 151278 179390 137275 127987 122268 141883
threshold=62.500000000000007 1.2236955986104996 1.5000000000000002 1.3953303454829544 1.0666052657390228 0 1.0336496147759966 1 2 2.5000000000000004 1.1290918500106553 0.082832657416928218 0.93078066328201858 1.0051616974116562
decision_type=2 2 2 2 2 1 2 1 1 2 2 2 2 2
left_child=-1 4 -3 -4 6 -6 8 -8 9 -2 -11 -7 -9 -14
right_child=1 2 3 -5 5 11 7 12 -10 10 -12 -13 13 -15
leaf_value=-0.00088465272959942849 -1.6936346314719095e-05 -0.0001837449077240408 -0.00073805104685833794 -0.0047560281363988295 0.00056181548445174924 3.1876072247830566e-05 0.00029206759785554325 0.00038309793759279328 -6.4612357353088009e-05 0.00019991376197496595 0.0014436357329997028 -0.00067800962842458823 -0.0012821701749435696 -0.00031020858431256125
leaf_weight=1718919.7722209692 41421291.18164742 8535486.8826742172 1242830.8390136957 669633.8659324646 17240365.339450955 8719039.2389503717 6148440.2632828951 2035249.9504413605 99737879.754453659 36937999.862309813 3845972.9866936207 2281157.8376159668 3104290.1966847181 19774855.255111217
leaf_count=1360 28056 8760 2580 892 19014 9016 10024 1988 91824 29243 6667 1077 3372 15786
internal_value=-1.63398e-05 3.71265e-05 -0.00307012 -0.0111732 0.000171696 0.00221027 -9.85803e-05 -0.00219241 0.000258896 0.00121174 0.00262407 -0.00123462 -0.00329026 -0.00391708
internal_weight=2.53413e+08 2.51694e+08 1.0448e+07 1.91246e+06 2.41247e+08 2.82406e+07 2.13006e+08 3.10628e+07 1.81943e+08 8.22053e+07 4.0784e+07 1.10002e+07 2.49144e+07 2.28791e+07
internal_count=229659 228299 12232 3472 216067 29107 186960 31170 155790 63966 35910 10093 21146 19158
cat_boundaries=0 1 2 3
cat_threshold=358 289 210
is_linear=0
shrinkage=0.03


Tree=119
num_leaves=15
num_cat=1
split_feature=14 5 3 14 3 2 11 0 12 11 11 12 12 12
split_gain=115087 106705 123081 167077 193284 157026 126049 113629 244132 184584 218379 163202 127244 115471
threshold=0.99296616475506239 1.0000000180025095e-35 1.0000000180025095e-35 0.69793830188227823 1.5000000000000002 2.5000000000000004 1.0256949624400986 0 1.0075532020675959 0.92167517421559297 0.98630601238266269 0.99947707111996298 1.0121289381029088 0.98768638537180919
decision_type=2 2 2 2 2 2 2 1 2 2 2 2 2 2
left_child=1 2 5 4 -4 7 -7 8 11 -9 13 -1 -12 -11
right_child=-2 -3 3 -5 -6 6 -8 9 -10 10 12 -13 -14 -15
leaf_value=-0.00010942092986289329 9.7940353165021357e-05 -0.00084903867903603062 -0.00028421908124865402 -0.00014527106388695081 -0.0041365793691061775 0.00051812728283683485 4.6428215516675805e-05 -0.00067145549965404226 -0.00050771088195992618 0.00078858118309715094 -0.00016624007925027895 0.00099714749369873173 0.00013212583624199351 0.00023608873398146379
leaf_weight=8542095.3952291012 103703803.1797142 2336645.6702134609 1514932.1869806051 44637677.168966413 1079591.5445837975 8613618.721566081 12204167.66680181 3560644.9941300154 18027461.809127688 2395858.3729952574 15888300.678904891 3113652.8863340616 25587646.421848059 2557235.4367539883
leaf_count=5979 105420 1480 1560 45028 2245 6165 9057 2782 12544 1345 10738 2210 21654 1833
internal_value=1.69894e-05 -0.000514122 -0.000413509 -0.00167661 -0.00907747 0.000180167 0.00250013 -0.000426018 -0.00189628 0.000447004 0.000951837 0.00148729 0.000240833 0.0069056
internal_weight=2.53763e+08 1.5006e+08 1.47723e+08 4.72322e+07 2.59452e+06 1.00491e+08 2.08178e+07 7.96729e+07 2.96832e+07 4.99897e+07 4.6429e+07 1.16557e+07 4.14759e+07 4.95309e+06
internal_count=230040 124620 123140 48833 3805 74307 15222 59085 20733 38352 35570 8189 32392 3178
cat_boundaries=0 1
cat_threshold=140
is_linear=0
shrinkage=0.03


Tree=120
num_leaves=15
num_cat=4
split_feature=11 3 12 0 12 0 12 3 10 0 0 10 12 11
split_gain=128587 186750 173300 263706 143766 175171 147208 138910 156997 159380 113050 196894 148419 142354
threshold=1.1974644592326587 1.5000000000000002 1.0666052657390228 0 1.0336496147759966 1 1.0321335269730831 1.0000000180025095e-35 1.1537366032060119 2 3 0.96771506909300131 1.0278711375767708 1.0069201742998883
decision_type=2 2 2 1 2 1 2 2 2 1 1 2 2 2
left_child=2 -2 4 7 6 -6 10 8 -4 -10 11 -1 -13 -12
right_child=1 -3 3 -5 5 -7 -8 -9 9 -11 13 12 -14 -15
leaf_value=-0.00041945912528724055 -0.00024260426409087671 -0.0027703570813362426 0.00042078624692213517 -0.00013883897574484746 0.00013158221362775266 -0.00040693930010511902 0.00044135717718088945 0.00012427818757681396 0.0027707519796263172 0.00089138695628000286 7.9819317363563952e-05 0.00052466171978361807 -0.00050363421043771953 -0.00011420770568315491
leaf_weight=6428322.6825165749 6120683.0828480721 1235540.9285759926 6511862.4883521795 10897465.725918174 9454736.2728539705 23097343.587804079 4673601.5798795223 5639589.0105987787 1137938.0605156422 3893732.6743979454 61901366.329495072 23324343.612559319 2899253.3340921402 86118872.180783868
leaf_count=8426 5180 1963 6467 10446 11566 22025 3754 8467 1333 3702 48760 29090 3683 65124
internal_value=5.81833e-06 -0.00390253 0.000122701 0.00234087 -0.000163155 -0.00200191 0.000159784 0.00465608 0.00654143 0.0105215 2.38037e-05 0.00162159 0.002775 -0.000328653
internal_weight=2.53335e+08 7.35622e+06 2.45978e+08 2.80806e+07 2.17898e+08 3.25521e+07 1.85346e+08 1.71831e+07 1.15435e+07 5.03167e+06 1.80672e+08 3.26519e+07 2.62236e+07 1.4802e+08
internal_count=229986 7143 222843 30415 192428 33591 158837 19969 11502 5035 155083 41199 32773 113884
cat_boundaries=0 1 2 3 4
cat_threshold=358 305 64 194
is_linear=0
shrinkage=0.03


Tree=121
num_leaves=15
num_cat=3
split_feature=15 13 9 13 2 4 0 1 9 1 16 0 0 12
split_gain=109373 144937 96735.9 91167.2 163202 164689 143319 129400 80567.9 693893 343934 236013 219154 161307
threshold=1.0000000180025095e-35 0.82231258419477404 62.500000000000007 1.1559857807864973 4.5000000000000009 1.0000000180025095e-35 0 17.500000000000004 89.500000000000014 17.500000000000004 0.04490981942762768 1 2 1.0147104157921063
decision_type=2 2 2 2 2 2 1 2 2 2 2 1 1 2
left_child=2 -2 -1 8 5 -5 -6 -7 9 10 -4 13 -11 -12
right_child=1 -3 3 4 6 7 -8 -9 -10 12 11 -13 -14 -15
leaf_value=-0.00075679591729878337 -0.0036380804278598579 0.00013442190448550897 -0.00099719802104277335 0.0003120839980481843 -0.024000143948692786 -0.0030131057006978702 0.00035311770887423 0.0011385462490612274 -3.3612324310267195e-05 0.00029683630215004113 0.00023985378643638292 0.00019728709338881511 -0.00075380169973589424 0.00086610934688841046
leaf_weight=1710363.0958417654 524874.89557373524 627765.93448936939 1779213.3020871878 10608243.524577737 2258684.5011867285 1879726.516980648 2052925.054336071 638903.06329250336 194590538.79994047 2154345.5567646027 4969935.6327819824 15874590.244506836 7009886.8172912598 6671201.9830932617
leaf_count=1360 1498 1708 5895 18287 3312 2888 6454 1232 161501 3836 2237 9393 5311 4891
internal_value=4.99735e-06 -0.00921517 4.7137e-05 9.56875e-05 0.00218795 0.000524658 0.00725192 -0.00637158 -6.0871e-05 0.00119383 0.00344765 0.00427423 -0.00601087 0.00751876
internal_weight=2.53351e+08 1.15264e+06 2.52199e+08 2.50488e+08 1.74385e+07 1.31269e+07 4.31161e+06 2.51863e+06 2.3305e+08 3.84592e+07 2.92949e+07 2.75157e+07 9.16423e+06 1.16411e+07
internal_count=229803 3206 226597 225237 32173 22407 9766 4120 193064 31563 22416 16521 9147 7128
cat_boundaries=0 1 2 3
cat_threshold=28 432 417
is_linear=0
shrinkage=0.03


Tree=122
num_leaves=15
num_cat=0
split_feature=10 3 14 13 2 3 1 10 2 10 14 12 11 11
split_gain=122602 172325 226231 154737 255313 142597 121442 115986 114401 110075 101067 93817.4 459119 312476
threshold=1.2236955986104996 1.5000000000000002 0.73095510993816071 1.1559857807864973 4.5000000000000009 2.5000000000000004 17.500000000000004 1.1413265287497878 5.5000000000000009 1.1404111661944714 1.1319402910459286 1.0051969303918387 1.0304023934857012 1.0142450752632377
decision_type=2 2 2 2 2 2 2 2 2 2 2 2 2 2
left_child=3 -2 -3 7 5 -5 -7 9 -9 11 -6 12 -1 -13
right_child=1 2 -4 4 10 6 -8 8 -10 -11 -12 13 -14 -15
leaf_value=0.00014166452863108821 -0.00022068033356266502 -0.0042519972279403007 -0.0005434995747773799 0.00035483571387092533 0.0012797219125531114 -0.0027736401165637196 0.0012489581446515506 0.00034094264259956736 -0.00073706114511404319 -0.0010488538577921478 0.005164154691741649 -0.00040858849011966825 -0.00054581036317755246 9.1099867648497272e-06
leaf_weight=76026521.123420596 8678487.5104171038 727464.29845845699 1206097.2213028669 9143795.2041045427 2980041.377168417 1888343.6165293455 623094.23684978485 20127938.830475807 1725122.79157269 1419445.0675959587 1292999.2646294832 26451511.312561393 9802912.7072877884 91281043.050541997
leaf_count=59099 8827 907 2611 16681 6081 2900 1205 18571 3112 877 3866 21553 7537 76071
internal_value=2.92414e-05 -0.00312707 -0.0112262 0.000167215 0.00302545 0.000725694 -0.00560598 -3.3489e-05 0.00204416 -0.000254987 0.0092983 -0.000196934 0.000557367 -0.000746835
internal_weight=2.53375e+08 1.0612e+07 1.93356e+06 2.42763e+08 1.59283e+07 1.16552e+07 2.51144e+06 2.26834e+08 2.18531e+07 2.04981e+08 4.27304e+06 2.03562e+08 8.58294e+07 1.17733e+08
internal_count=229898 12345 3518 217553 30733 20786 4105 186820 21683 165137 9947 164260 66636 97624
is_linear=0
shrinkage=0.03


Tree=123
num_leaves=15
num_cat=2
split_feature=13 2 0 16 3 12 11 16 14 16 9 16 9 0
split_gain=127898 209091 198145 155865 109853 100321 133732 163752 101664 94813.7 122077 108881 134477 207523
threshold=1.1559857807864973 4.5000000000000009 0 0.067004595961928023 2.5000000000000004 0.9353060627559534 0.89451372984939514 0.051978320493574537 0.86863312934990444 0.030902041864864577 81.500000000000014 0.053394880302814023 89.500000000000014 1
decision_type=2 2 1 2 2 2 2 2 2 2 2 2 2 1
left_child=5 3 -3 -2 -5 -1 7 -7 -9 10 -8 -11 13 -13
right_child=1 2 -4 4 -6 6 9 8 -10 11 -12 12 -14 -15
leaf_value=-0.00046612843180071216 0.0005187879497694541 0.0029651287599482194 0.00046575672824606448 -9.4107581195773405e-05 -0.002677612192140643 0.0018910357010802886 -0.001111376619159124 0.00077983273471716531 -1.0244211120276155e-05 0.00021403813701579996 -0.00021470900001604735 -0.00027062107362836775 -6.5755025920095128e-05 0.00024436400973331117
leaf_weight=7058792.6430057287 8397766.6127903461 2295198.9398691654 2172840.4424339533 3247027.3349609375 1508054.5542297363 1516705.682898283 2061762.6441038847 1865471.2015075684 6042459.7376708984 27511425.459356308 12680780.52984345 7693039.6791381836 144983381.95361841 24816881.18294704
leaf_count=7318 18895 3387 7053 2064 1558 3043 7186 952 3334 26153 46331 4525 83339 14819
internal_value=9.4441e-05 0.00256001 0.00816696 0.000655324 -0.00368466 -8.94705e-05 1.90303e-05 0.00351838 0.00178657 -0.000131052 -0.00245481 3.60572e-05 -0.000236138 0.0015077
internal_weight=2.53852e+08 1.76209e+07 4.46804e+06 1.31528e+07 4.75508e+06 2.36231e+08 2.29172e+08 9.42464e+06 7.90793e+06 2.19747e+08 1.47425e+07 2.05005e+08 1.77493e+08 3.25099e+07
internal_count=229957 32957 10440 22517 3622 197000 189682 7329 4286 182353 53517 128836 102683 19344
cat_boundaries=0 1 2
cat_threshold=28 68
is_linear=0
shrinkage=0.03


Tree=124
num_leaves=15
num_cat=3
split_feature=13 2 0 16 3 12 11 1 10 0 16 1 0 3
split_gain=129231 208518 208161 136782 104681 94251 139010 150720 110170 132142 89115.8 90277 135976 189260
threshold=1.1559857807864973 4.5000000000000009 0 0.067004595961928023 2.5000000000000004 0.9353060627559534 0.90644793995258399 18.500000000000004 0.74478466775923013 1 0.02145571086494619 10.500000000000002 2 1.5000000000000002
decision_type=2 2 1 2 2 2 2 2 2 1 2 2 1 2
left_child=5 3 -3 -2 -5 -1 7 8 -7 -10 -8 -12 13 -13
right_child=1 2 -4 4 -6 6 10 -9 9 -11 11 12 -14 -15
leaf_value=-0.00045890553289826833 0.00047942191772990688 0.0029022147322798875 0.00039460902334238269 -8.8000409300569807e-05 -0.0026618724421342854 -0.00070801776504707497 -0.00071645892163791085 0.0017073917445229406 0.0009023592231235841 0.00013663542219432458 7.1561512532771393e-05 0.00020435992044515002 -0.00012397694833897075 -0.00049750381616556509
leaf_weight=7111732.7439436913 8419522.9643574953 2306578.2978844643 2146756.5207710266 3236252.5913696289 1490091.837097168 1540627.3327895403 6423544.9232856035 1483242.0177960396 1531148.4954323769 5812016.2611281872 64960436.564479113 42144885.576034546 94160717.684674978 10515049.743438721
leaf_count=7369 18844 3378 7024 2068 1547 1399 40219 1888 916 4179 42030 38881 44174 15830
internal_value=1.09023e-06 0.00248091 0.00809136 0.000580295 -0.00350405 -0.000184085 -7.82634e-05 0.00331594 0.0018379 0.00336814 -0.000239524 -0.000133937 -0.000545937 0.000674889
internal_weight=2.53283e+08 1.75992e+07 4.45333e+06 1.31459e+07 4.72634e+06 2.35683e+08 2.28572e+08 1.0367e+07 8.88379e+06 7.34316e+06 2.18205e+08 2.11781e+08 1.46821e+08 5.26599e+07
internal_count=229746 32861 10402 22459 3615 196885 189516 8382 6494 5095 181134 140915 98885 54711
cat_boundaries=0 1 2 3
cat_threshold=28 272 227
is_linear=0
shrinkage=0.03


Tree=125
num_leaves=15
num_cat=2
split_feature=10 13 2 0 16 2 3 3 14 12 0 16 11 9
split_gain=124154 132261 195649 178842 135592 118367 201301 95557.6 90240.1 84652.4 181787 81095.1 84498.8 80905.1
threshold=1.2883310473777285 1.1254273941537967 4.5000000000000009 0 0.067765284821626623 2.5000000000000004 1.5000000000000002 2.5000000000000004 1.0261461011109503 1.1153931218449846 1 0.082451595283831072 1.1818563742125845 62.500000000000007
decision_type=2 2 2 1 2 2 2 2 2 2 1 2 2 2
left_child=1 9 4 8 -3 -2 -7 -6 -4 13 -11 12 -12 -1
right_child=5 2 3 -5 7 6 -8 -9 -10 10 11 -13 -14 -15
leaf_value=-0.00084176330078297907 -8.8818232441802811e-06 0.00040850816747391128 0.00092091363223592972 0.0006036275212976676 -0.00011177493520537945 -0.00036821522550175309 -0.0036590256790610242 -0.0024096947199653972 0.0036292447319735796 0.0021612821698085527 0.00060692014113209066 -0.00055874906115395081 -0.00034441697439877315 -1.7677577571648572e-05
leaf_weight=1582885.7669812441 2799710.6184831858 11657394.371029258 870526.4791059494 3480938.0222100019 4697526.2204284668 1712193.6454191208 1025753.3153505325 1491718.1391906738 1539813.6608237028 1187833.5278860331 4884745.7133711576 2056198.6206054688 2092904.1878736019 212297009.01263034
leaf_count=1179 2215 22344 798 9621 2927 1342 1386 1539 2052 1869 4486 1022 2433 174609
internal_value=3.90061e-05 0.000138271 0.00226765 0.00700801 0.000702829 -0.00440363 -0.00883887 -0.00288591 0.0132894 -8.7283e-05 0.00257983 0.00112911 0.00267209 -0.000214749
internal_weight=2.53377e+08 2.47839e+08 2.37379e+07 5.89128e+06 1.78466e+07 5.53766e+06 2.73795e+06 6.18924e+06 2.41034e+06 2.24102e+08 1.02217e+07 9.03385e+06 6.97765e+06 2.1388e+08
internal_count=229822 224879 39281 12471 26810 4943 2728 4466 2850 185598 9810 7941 6919 175788
cat_boundaries=0 1 2
cat_threshold=20 96
is_linear=0
shrinkage=0.03


Tree=126
num_leaves=15
num_cat=0
split_feature=10 3 14 10 3 2 5 3 9 14 11 2 9 14
split_gain=117280 142603 233701 134050 124389 124034 267988 220237 196810 182893 261300 214464 266428 182298
threshold=1.2236955986104996 1.5000000000000002 0.73095510993816071 1.1413265287497878 1.0000000180025095e-35 2.5000000000000004 1.0000000180025095e-35 1.0000000180025095e-35 67.500000000000014 0.95028437781923947 1.0007501084115906 4.5000000000000009 74.500000000000014 1.1319402910459286
decision_type=2 2 2 2 2 2 2 2 2 2 2 2 2 2
left_child=3 -2 -3 5 -5 6 -1 -7 -9 -10 -11 -12 -13 -14
right_child=1 2 -4 4 -6 7 -8 8 9 10 11 12 13 -15
leaf_value=-5.8812386639429876e-05 -0.00021471369051606615 -0.0039658849597884946 -0.0003327283190658154 0.00045916559101965036 -0.00011908278754603541 0.00029298659495292033 -0.0014315055931439088 -0.00086868016639202552 -0.00024761940166592586 -0.00035610107046280681 -1.3221408704199497e-06 -0.001340096488265426 0.00064180231901846173 0.0048192546419247688
leaf_weight=108192664.25754678 8644716.1585041285 743182.76098525524 1210137.6884967089 16014901.953953028 8040213.7641798258 33280869.714401364 1944806.7125453949 2545362.8631280661 21960390.403558493 15379652.456355691 16932400.557845473 1164325.3127473593 15793987.575218201 1376830.1598520279
leaf_count=81743 8817 920 2609 14961 11068 25075 1347 2625 22837 19551 13598 1577 18946 4107
internal_value=3.42437e-05 -0.00305489 -0.0103757 0.000169178 0.00229476 -6.47549e-05 -0.000773859 0.00065549 -0.000244232 4.32138e-05 0.00103466 0.00245765 0.00470581 0.00564751
internal_weight=2.53224e+08 1.0598e+07 1.95332e+06 2.42626e+08 2.40551e+07 2.18571e+08 1.10137e+08 1.08434e+08 7.51529e+07 7.26076e+07 5.06472e+07 3.52675e+07 1.83351e+07 1.71708e+07
internal_count=229781 12346 3529 217435 26029 191406 83090 108316 83241 80616 57779 38228 24630 23053
is_linear=0
shrinkage=0.03


Tree=127
num_leaves=15
num_cat=4
split_feature=14 3 14 0 2 16 9 2 3 0 11 12 0 0
split_gain=110884 242662 88709.1 222963 120929 112158 121322 119457 145392 130549 96271.5 361778 323348 288726
threshold=0.63266162658402714 1.5000000000000002 1.0585095856346838 0 4.5000000000000009 0.066217158611253948 84.500000000000014 4.5000000000000009 2.5000000000000004 1 1.0069201742998883 1.0051969303918387 2 3
decision_type=2 2 2 1 2 2 2 2 2 1 2 2 1 1
left_child=1 -1 10 4 -4 -5 -7 8 -8 -9 11 12 -2 -12
right_child=2 -3 3 5 -6 6 7 9 -10 -11 13 -13 -14 -15
leaf_value=-0.000237140268560236 -0.00037786752179019801 -0.0043812619864700177 0.00047118027965948255 0.0004209007760599306 0.0040306181173395119 0.00065999275733019083 -0.00029545728629555551 -0.0011003885451880832 -0.0030477194896642553 0.002280755157840578 0.00024459400447100418 -0.000297956231218241 0.00034728775211906695 -0.00011673025044502643
leaf_weight=3178016.9909601212 10428332.223003387 730227.82513320446 1601435.7453291416 14281785.300866723 1207761.2891811132 1447182.3662688732 4016600.0725097656 798188.03495037556 1720705.8380432129 851436.24566650391 33400221.129909515 15352686.197813034 43790157.776154876 121303252.03174162
leaf_count=4405 9123 1545 2181 34378 1890 1111 2392 1004 1716 1116 41260 12143 32124 83679
internal_value=3.85951e-05 -0.00497558 0.000116919 0.00177839 0.00975909 0.000808513 -0.00184848 -0.00340458 -0.00545025 0.00371013 -7.51387e-05 0.000851724 0.00200291 -0.000491955
internal_weight=2.54108e+08 3.90824e+06 2.502e+08 2.59251e+07 2.8092e+06 2.31159e+07 8.83411e+06 7.38693e+06 5.73731e+06 1.64962e+06 2.24275e+08 6.95712e+07 5.42185e+07 1.54703e+08
internal_count=230067 5950 224117 45788 4071 41717 7339 6228 4108 2120 178329 53390 41247 124939
cat_boundaries=0 1 2 3 4
cat_threshold=16 322 320 352
is_linear=0
shrinkage=0.03


Tree=128
num_leaves=15
num_cat=2
split_feature=14 0 12 9 16 12 1 0 14 1 16 12 12 11
split_gain=104303 171314 184330 114782 106137 92938 92517.5 121756 160044 391854 116893 117868 261369 134955
threshold=1.0322879984628364 0 1.0666052657390228 67.500000000000014 0.02145571086494619 1.0375626961833271 10.500000000000002 1 0.8746455374800175 8.5000000000000018 0.066217158611253948 1.0274884283874488 1.0473427238368127 1.0086132715351341
decision_type=2 1 2 2 2 2 2 1 2 2 2 2 2 2
left_child=4 3 5 -2 -1 -3 7 -6 9 -9 -10 13 -13 -12
right_child=1 2 -4 -5 6 -7 -8 8 10 -11 11 12 -14 -15
leaf_value=-0.00085127318767211173 -0.00082669339788728321 -0.00011322901814827621 0.00091529649298528856 0.00047808390114445265 -0.00029825854088037714 -0.00084021097672394281 -6.4298845344659033e-05 0.00070708888091376243 0.00025182778428236305 -0.00028511729118696662 7.4283045914516228e-05 0.00053259224002400482 -0.00018950650383275962 -0.00035376655800315571
leaf_weight=5579513.4226096869 1023519.6601108313 14777254.70394671 2567965.3669823408 23627628.99582684 11094713.283500671 3479605.7559324503 140891692.35612988 5242004.2093663216 16957690.721481323 3663509.9678382874 7317133.6936035156 3137131.4771728516 4422039.520324707 9401637.4826049805
leaf_count=34661 1098 19999 4333 33185 12402 4365 92883 2435 13201 2023 2560 1094 1918 3520
internal_value=1.77231e-05 0.00131905 -0.000684288 0.00301144 -0.000267194 -0.00174283 -0.000154522 0.000819032 0.00144828 0.00509541 0.000660629 -0.000674293 0.0024344 -0.00207985
internal_weight=2.53183e+08 4.5476e+07 2.08248e+07 2.46511e+07 2.07707e+08 1.82569e+07 2.02128e+08 6.12359e+07 5.01411e+07 8.90551e+06 4.12356e+07 2.42779e+07 7.55917e+06 1.67188e+07
internal_count=229677 62980 28697 34283 166697 24364 132036 39153 26751 4458 22293 9092 3012 6080
cat_boundaries=0 1 2
cat_threshold=186 162
is_linear=0
shrinkage=0.03


Tree=129
num_leaves=15
num_cat=4
split_feature=13 2 0 3 14 2 0 9 0 9 1 0 2 1
split_gain=106310 177159 170885 114972 113419 82219.2 108035 93445.3 381611 243603 350417 301026 184302 198807
threshold=1.1559857807864973 4.5000000000000009 0 2.5000000000000004 1.5630655970045439 1.0000000180025095e-35 1 74.500000000000014 2 82.500000000000014 18.500000000000004 3 4.5000000000000009 8.5000000000000018
decision_type=2 2 1 2 2 2 1 2 1 2 2 1 2 2
left_child=5 3 -3 -2 -5 6 -1 8 -7 10 11 -9 13 -10
right_child=1 2 -4 4 -6 7 -8 9 12 -11 -12 -13 -14 -15
leaf_value=-0.00066640507096189328 0.00029922823443037563 0.0026655101264612346 0.00037237520602011615 -0.003865415553605461 -0.00020310988571703204 0.00060969362336318314 -6.6705021575429193e-05 0.0012290895516954988 -0.00098025085140222845 9.6637199757789625e-06 -0.0011872268438244853 0.00025460364145959513 -0.0013865923497922714 -7.710203621933681e-05
leaf_weight=6609723.0483235121 10672130.318675518 2318825.905477643 2170830.0061839819 834144.08805680275 1717002.6194158792 4418266.0784056187 35361657.805731654 3423198.0944231749 1964134.3998554945 168706753.97245574 1439597.7026004791 4471815.9499326944 1949301.850538969 7485202.8704805374
leaf_count=6621 18433 3382 7046 1030 3146 4227 24245 2764 1732 144049 2109 3744 2350 4886
internal_value=7.46191e-05 0.00231611 0.00746508 0.000567901 -0.00515354 -9.37373e-05 -0.00129759 0.000166904 -0.00204292 0.000363221 0.00508081 0.00756286 -0.00494407 -0.00321147
internal_weight=2.53543e+08 1.77129e+07 4.48966e+06 1.32233e+07 2.55115e+06 2.3583e+08 4.19714e+07 1.93858e+08 1.58169e+07 1.78041e+08 9.33461e+06 7.89501e+06 1.13986e+07 9.44934e+06
internal_count=229764 33037 10428 22609 4176 196727 30866 165861 13195 152666 8617 6508 8968 6618
cat_boundaries=0 1 2 3 4
cat_threshold=28 130 392 178
is_linear=0
shrinkage=0.03


Tree=130
num_leaves=15
num_cat=3
split_feature=2 0 16 15 13 16 14 3 16 0 14 1 0 1
split_gain=107829 120835 110964 102220 107781 81821.8 109260 247780 92378.1 146267 108823 114842 118569 112344
threshold=1.0000000180025095e-35 0 0.07595242751154764 1.0000000180025095e-35 0.77669315050116416 0.080986009623554941 0.84435162759793447 1.0000000180025095e-35 0.077159911473550891 1 0.81306842668704049 8.5000000000000018 2 12.500000000000002
decision_type=2 1 2 2 2 2 2 2 2 1 2 2 1 2
left_child=1 2 -1 5 -5 8 7 -7 10 -10 11 12 -2 -13
right_child=3 -3 -4 4 -6 6 -8 -9 9 -11 -12 13 -14 -15
leaf_value=-9.687904189456344e-05 -0.0010809497633547176 -0.00037495558425652305 0.00030914615595976685 -0.0034064777776824338 -0.000212777154933148 0.00055348546680024531 -0.00012009187555668922 -0.00036791461268142816 0.0005781292032177403 0.00018257060526293155 9.3171040513253064e-05 -0.00088571087865206251 0.0010099986939106165 -0.00013951020393633947
leaf_weight=16284450.399516106 458557.35702371597 20083275.821309924 6915360.9566650391 492165.44579815865 667296.10809195042 4034666.5697631836 43714070.981842041 2559452.6696472168 2785969.263458252 9590091.9099731445 134443548.1984148 3614107.0729675293 1023295.0463017225 6391743.3840427399
leaf_count=15715 1483 15167 3080 1397 1849 1813 22324 1554 1260 6766 144283 3097 4453 5684
internal_value=0.00011567 -0.00124764 0.00022716 0.000396964 -0.00848601 0.000446334 -0.0006076 0.00299209 0.000781262 0.00326976 0.000570219 -0.00223238 0.00556195 -0.00338671
internal_weight=2.53058e+08 4.32831e+07 2.31998e+07 2.09775e+08 1.15946e+06 2.08616e+08 5.03082e+07 6.59412e+06 1.58307e+08 1.23761e+07 1.45931e+08 1.14877e+07 1.48185e+06 1.00059e+07
internal_count=229925 33962 18795 195963 3246 192717 25691 3367 167026 8026 159000 14717 5936 8781
cat_boundaries=0 1 2 3
cat_threshold=369 48 34
is_linear=0
shrinkage=0.03


Tree=131
num_leaves=15
num_cat=0
split_feature=10 12 12 12 12 3 10 13 2 12 11 12 11 12
split_gain=122314 150914 143541 163299 141554 122927 182958 113272 236208 121507 199516 180870 221777 181033
threshold=1.2236955986104996 1.0666052657390228 1.03376952192731 1.0409231421374501 1.0401549524141978 1.5000000000000002 1.3953303454829544 1.1559857807864973 4.5000000000000009 1.0294283446165053 1.0256949624400986 1.0051969303918387 1.0142450752632377 0.9353060627559534
decision_type=2 2 2 2 2 2 2 2 2 2 2 2 2 2
left_child=1 2 7 4 -4 -2 -7 9 -9 10 11 13 -13 -1
right_child=5 -3 3 -5 -6 6 -8 8 -10 -11 -12 12 -14 -15
leaf_value=-0.00041843947102236217 -0.00022192208141459449 0.00025949926235875869 -0.00039375964820745877 -7.0629703466997901e-05 -0.00161305000855475 -0.00052019799587695612 -0.0042335949920535541 6.6629326427692794e-05 0.0020706036844521051 0.00018462759317497098 -0.00021079401871355869 -0.00037141508400280899 0.00014277220332611749 0.00018219913210064639
leaf_weight=6674608.2576541901 8582045.7245355844 28329331.96665597 6370892.6970829964 21412868.26143527 1950887.1199356318 1244060.7409414053 673284.47835731506 8497422.3968909979 3366704.8615577221 14136054.399478674 49574201.193551302 19409557.722011328 15885768.758705258 67393534.258151174
leaf_count=6874 8770 29281 6933 21390 1964 2607 882 15047 7228 10344 40598 15118 12023 50798
internal_value=4.82584e-05 0.000185235 -8.63535e-05 -0.002021 -0.00558725 -0.00312199 -0.00998965 0.000224703 0.00306044 3.03145e-05 -0.000206744 0.000508885 -0.00125847 0.00135108
internal_weight=2.53501e+08 2.43002e+08 2.14672e+08 2.97346e+07 8.32178e+06 1.04994e+07 1.91735e+06 1.84938e+08 1.18641e+07 1.73074e+08 1.58938e+08 1.09363e+08 3.52953e+07 7.40681e+07
internal_count=229857 217598 188317 30287 8897 12259 3489 158030 22275 135755 125411 84813 27141 57672
is_linear=0
shrinkage=0.03


Tree=132
num_leaves=15
num_cat=0
split_feature=10 3 14 13 2 3 14 10 10 2 12 12 1 1
split_gain=106187 124735 185398 120760 166354 119509 121119 104316 129193 110394 96943.5 173262 462576 121279
threshold=1.2236955986104996 1.5000000000000002 0.74049465648015245 1.1559857807864973 4.5000000000000009 2.5000000000000004 2.3082362745503464 1.1413265287497878 1.1404111661944714 5.5000000000000009 1.0336496147759966 1.0294283446165053 17.500000000000004 18.500000000000004
decision_type=2 2 2 2 2 2 2 2 2 2 2 2 2 2
left_child=3 -2 -3 7 5 -5 -7 8 10 -9 11 -1 -13 -12
right_child=1 2 -4 4 -6 6 -8 9 -10 -11 13 12 -14 -15
leaf_value=-1.4044454517003092e-05 -0.00019932392282307992 -0.0036792757492179031 -0.00043357860873705702 0.00035718410547313167 0.0017275629955111091 -0.002409585671464755 0.0011680763923406525 0.00031692819778876135 -0.0010297489762341916 -0.00083366843431848209 -9.4192010179780273e-05 0.00046707327289228655 -0.00050129562036480631 -0.00080258884081158683
leaf_weight=154821359.70054078 8606188.0542814732 728363.93189322948 1191897.8726119995 9193527.7092423439 4223410.5453337431 1765592.0327991247 738591.22480416298 20234139.255376697 1416802.5722465515 1724621.6575363874 31605727.389155746 9225722.3404530287 2829137.9672234058 5400539.9203279018
leaf_count=121418 8860 931 2575 16694 9861 2274 1825 18642 847 3104 26603 5952 2366 8108
internal_value=3.37247e-05 -0.00291623 -0.00982974 0.000161419 0.00268718 0.000844573 -0.00496545 -1.55295e-05 -0.000225737 0.00194976 -0.000163002 0.000145055 0.00360931 -0.00155215
internal_weight=2.53706e+08 1.05264e+07 1.92026e+06 2.43179e+08 1.59211e+07 1.16977e+07 2.50418e+06 2.27258e+08 2.05299e+08 2.19588e+07 2.03882e+08 1.66876e+08 1.20549e+07 3.70063e+07
internal_count=230060 12366 3506 217694 30654 20793 4099 187040 165294 21746 164447 129736 8318 34711
is_linear=0
shrinkage=0.03


Tree=133
num_leaves=15
num_cat=0
split_feature=13 9 3 9 14 16 12 12 9 1 1 9 16 1
split_gain=99774.5 83717.4 78624.2 216544 183593 159465 102548 99533.7 97343 495353 285774 381802 191073 146187
threshold=1.1559857807864973 62.500000000000007 2.5000000000000004 80.500000000000014 0.78030025448136631 0.08738686393244284 1.0336496147759966 0.99493778713559811 89.500000000000014 18.500000000000004 8.5000000000000018 68.500000000000014 0.060028144785962495 14.500000000000002
decision_type=2 2 2 2 2 2 2 2 2 2 2 2 2 2
left_child=1 -1 8 -4 -5 6 7 -6 9 10 11 -3 -13 -12
right_child=-2 2 3 4 5 -7 -8 -9 -10 -11 13 12 -14 -15
leaf_value=-0.00069864467136590417 0.00039111105034927816 -0.0016117695248184147 -0.0013897375756078234 -0.0033442149943862273 -0.00044807599575584289 -0.0011044655934174532 -0.00039963752493985807 0.00059547171521057401 -1.5919507200232719e-05 -0.00076133921024690635 0.00064641188909055839 -0.00079153389793933809 0.0003680706989867544 0.00019592632672125755
leaf_weight=1655922.6361613274 17614827.019832253 1489948.4669040442 1609728.4836996794 699632.36679399014 3220451.5502804518 2507804.8533754349 3828880.7495996952 7757317.7187957764 179071127.50913072 5465737.1032540798 12434802.786028862 1363236.3694773912 4051546.6673164368 10691142.017993927
leaf_count=1250 32925 1595 2304 1622 4929 2171 6751 10814 138511 6884 8462 4131 1784 5639
internal_value=9.01248e-05 -7.25417e-05 -2.50139e-05 -0.00184264 -0.000900591 -0.000291792 0.00089307 0.00236754 0.000141222 0.00157642 0.00308834 -0.00226749 0.00143303 0.00468743
internal_weight=2.53462e+08 2.35847e+08 2.34191e+08 1.96238e+07 1.80141e+07 1.73145e+07 1.48067e+07 1.09778e+07 2.14568e+08 3.54964e+07 3.00307e+07 6.90473e+06 5.41478e+06 2.31259e+07
internal_count=229772 196847 195597 28591 26287 24665 22494 15743 167006 28495 21611 7510 5915 14101
is_linear=0
shrinkage=0.03


Tree=134
num_leaves=15
num_cat=4
split_feature=10 12 0 12 12 0 10 0 11 9 2 11 0 11
split_gain=83041.8 138530 172536 124512 156596 141562 150408 133425 264616 219728 175501 168557 311040 228120
threshold=1.2236955986104996 1.0666052657390228 0 1.0336496147759966 1.0321335269730831 1 0.93078066328201858 2 0.96973899304761912 75.500000000000014 1.0000000180025095e-35 1.0069201742998883 3 1.0132613496646867
decision_type=2 2 1 2 2 1 2 1 2 2 2 2 1 2
left_child=1 3 -3 4 7 -5 -7 8 10 -10 -1 12 -9 -13
right_child=-2 2 -4 5 -6 6 -8 11 9 -11 -12 13 -14 -15
leaf_value=-0.0016051621852356099 -0.00035500913159776544 0.0005128638332555968 -6.9136042658459498e-05 0.00010919773294289114 0.00043548599306902241 0.00046615741872499026 -0.00060185357664803321 0.0002514836310579098 -0.00037093845776143116 0.00075683569729921032 -0.00011269342481996011 -0.00065823323614649432 -0.00025126205586760566 -4.3684384847842752e-05
leaf_weight=1066854.5888084173 10548170.573961735 17306005.105572701 10904801.76647687 9549464.2709951401 4180742.065297842 2022011.0479360819 19322533.547230959 42841159.15439117 3155405.2998703718 15343757.046409965 4165133.6026517153 11893487.918189406 24105713.920365572 77358360.03329277
leaf_count=924 12291 19092 10043 11576 3280 2009 17583 33725 3302 15558 4494 8655 24688 62548
internal_value=0.000113767 0.000226786 0.00220336 -3.25615e-05 0.000263172 -0.00179497 -0.00315329 0.000129806 0.00222569 0.00391041 -0.0037311 -0.000188621 0.000949268 -0.00104214
internal_weight=2.53764e+08 2.43215e+08 2.82108e+07 2.15005e+08 1.84111e+08 3.0894e+07 2.13445e+07 1.7993e+08 2.37312e+07 1.84992e+07 5.23199e+06 1.56199e+08 6.69469e+07 8.92518e+07
internal_count=229768 217477 29135 188342 157174 31168 19592 153894 24278 18860 5418 129616 58413 71203
cat_boundaries=0 1 2 3 4
cat_threshold=358 305 66 153
is_linear=0
shrinkage=0.03


Tree=135
num_leaves=15
num_cat=2
split_feature=13 2 0 12 9 1 9 2 0 12 10 12 3 9
split_gain=92803.3 171558 159551 78472.9 92617.9 104651 68025.4 71079.9 104641 177826 128393 121614 85539.7 196495
threshold=1.1559857807864973 4.5000000000000009 0 1.0666052657390228 83.500000000000014 19.500000000000004 62.500000000000007 1.0000000180025095e-35 1 1.0091514731206532 1.0804981498706023 0.99996686537042534 2.5000000000000004 80.500000000000014
decision_type=2 2 1 2 2 2 2 2 1 2 2 2 2 2
left_child=6 3 -3 4 -2 -6 -1 8 9 11 -10 -8 -9 -14
right_child=1 2 -4 -5 5 -7 7 12 10 -11 -12 -13 13 -15
leaf_value=-0.00065750474036356771 0.00085279010741917173 0.0030310758969300752 0.00059083098699707487 0.00097103349972418721 -0.00066325533336376971 0.0012149470436476617 -0.00030745511544287367 4.0839811830516433e-05 -0.0001219780834937825 -0.00084408648028988476 0.00034499165394676653 0.0010003597857065401 -0.001356664803921122 -0.00011601645976036355
leaf_weight=1630945.3500084877 1475161.8755060434 1739506.3739411831 2755076.2803703547 1522379.743701458 8450552.756795764 1624985.0561771393 3529061.0443181992 173262567.98306513 22198210.136278749 7651275.8811539412 6550949.0803797245 2093948.3407914639 1568910.8124454021 17939166.511216521
leaf_count=1217 2346 2278 8172 2958 12889 4280 2775 136552 15055 5959 5680 1470 2245 26241
internal_value=7.82364e-05 0.00218193 0.00723801 0.000443626 -0.000400194 -0.00142809 -7.80793e-05 -3.56675e-05 -0.00115363 -0.00335672 -0.000136395 0.000693655 0.000208044 -0.0016753
internal_weight=2.53993e+08 1.75677e+07 4.49458e+06 1.30731e+07 1.15507e+07 1.00755e+07 2.36425e+08 2.34794e+08 4.20234e+07 1.32743e+07 2.87492e+07 5.62301e+06 1.92771e+08 1.95081e+07
internal_count=230117 32923 10450 22473 19515 17169 197194 195977 30939 10204 20735 4245 165038 28486
cat_boundaries=0 1 2
cat_threshold=20 138
is_linear=0
shrinkage=0.03


Tree=136
num_leaves=15
num_cat=4
split_feature=14 0 13 3 12 11 0 12 0 13 12 0 12 11
split_gain=91705.5 137802 124928 142960 114698 104161 252147 241631 237113 189641 170712 220822 312267 302712
threshold=1.035762799620896 0 0.27957566888501467 1.5000000000000002 1.0666052657390228 1.0069201742998883 1 1.0051969303918387 2 0.6775664478837512 0.99983437853173751 3 1.0077918519281821 1.0132613496646867
decision_type=2 1 2 2 2 2 1 2 1 2 2 1 2 2
left_child=2 -2 3 -1 -3 6 -4 -8 -7 -9 -10 12 -12 -13
right_child=1 4 5 -5 -6 8 7 9 10 -11 11 13 -14 -15
leaf_value=-8.9981840312475356e-05 0.00050531734495898144 -9.5363943724291139e-05 -0.00045850305757172595 -0.021897559822602792 0.00071104283707640467 0.0002138554813110106 0.00029310993539668166 0.00081104279690716406 -0.0004491006901629986 -0.00033606642577506813 0.00080929502074820331 -0.00076795413341290556 -0.00064147083463723595 4.1751223704580319e-05
leaf_weight=873044.85002303123 14835511.653517127 24002132.11164403 11910694.661594748 444265.84249699116 3246335.6293799877 30933928.051566005 39546806.897645235 1399562.42827034 12881224.831692934 11096904.482054472 2405881.5145456791 6034248.7678810358 21182038.326890349 72680488.528159618
leaf_count=2477 20108 34504 12771 1244 5668 38068 26766 1055 8349 8130 1860 3786 17551 47649
internal_value=6.84347e-06 0.00128574 -0.000247763 -0.00945756 1.90517e-05 -0.000190011 0.000819725 0.00172088 -0.00063196 -0.00191556 -0.00125824 -0.000848421 -0.00339456 -8.54358e-05
internal_weight=2.53473e+08 4.2084e+07 2.11389e+08 1.31731e+06 2.72485e+07 2.10072e+08 6.3954e+07 5.20433e+07 1.46118e+08 1.24965e+07 1.15184e+08 1.02303e+08 2.35879e+07 7.87147e+07
internal_count=229986 60280 169706 3721 40172 165985 48722 35951 117263 9185 79195 70846 19411 51435
cat_boundaries=0 1 2 3 4
cat_threshold=50 352 352 136
is_linear=0
shrinkage=0.03


Tree=137
num_leaves=15
num_cat=4
split_feature=9 13 0 13 16 13 0 16 16 9 1 0 1 0
split_gain=88385.7 86425 137784 74978.9 70045.7 70593.9 66325.8 62983.5 74421.8 148947 440666 221984 173562 168267
threshold=62.500000000000007 1.1474896006364572 0 1.2389727408496476 0.068024337533083887 1.2389727408496476 1 0.02145571086494619 0.053394880302814023 89.500000000000014 18.500000000000004 2 17.500000000000004 3
decision_type=2 2 1 2 2 2 1 2 2 2 2 1 2 1
left_child=-1 7 3 -3 -4 -6 -7 -2 -9 10 11 -10 -11 -14
right_child=1 2 4 -5 5 6 -8 8 9 12 -12 -13 13 -15
leaf_value=-0.00068211340612875891 -0.00059206593255660639 0.00060946718835930497 0.00044380395534014374 0.0079549935970454223 0.0002839466476035181 -0.0001158517458632991 -0.001841931676187728 0.00015910431660937622 -0.0001740666800656314 -0.00012006479974113544 -0.0010902512884104379 0.00038245001599985118 -0.00065132993936207952 0.00022071888245725775
leaf_weight=1686102.3564852476 6838659.6604516506 1032004.9056391716 10993182.503794909 822786.86956071854 3217372.6770505905 1537479.3660171032 1332606.0309753418 37618889.526429653 6785498.2814941406 129654533.22874737 2485095.0188455582 21510025.902490973 3976478.3062845469 23751696.101394653
leaf_count=1354 43162 850 26283 1892 2577 1440 1333 41381 3975 75742 1635 12877 3376 11828
internal_value=3.90406e-05 8.49254e-05 0.00203392 0.00979973 0.00119062 -0.00139107 -0.00481157 -7.37234e-05 1.21881e-05 -0.000231347 0.00167723 0.00274101 -0.000604624 0.00154966
internal_weight=2.53242e+08 2.51556e+08 1.89354e+07 1.85479e+06 1.70806e+07 6.08746e+06 2.87009e+06 2.32621e+08 2.25782e+08 1.88163e+08 3.07806e+07 2.82955e+07 1.57383e+08 2.77282e+07
internal_count=229705 228351 34375 2742 31633 5350 2773 193976 150814 109433 18487 16852 90946 15204
cat_boundaries=0 1 2 3 4
cat_threshold=16 294 68 384
is_linear=0
shrinkage=0.03


Tree=138
num_leaves=15
num_cat=3
split_feature=14 0 12 2 10 0 10 0 10 9 10 12 10 2
split_gain=87725.2 198999 84895.6 84296.6 73421.3 91690.6 73913.3 67548.5 235294 209972 174909 132292 119118 100643
threshold=1.0567888394053406 0 1.0182782321369752 4.5000000000000009 0.96771506909300131 1 1.1925834006211711 2 0.97017296776822393 84.500000000000014 1.1925834006211711 0.9927388970595955 1.1494611397626895 2.5000000000000004
decision_type=2 1 2 2 2 1 2 1 2 2 2 2 2 2
left_child=7 2 3 -2 5 -3 -6 8 11 -10 12 -1 -11 -14
right_child=1 4 -4 -5 6 -7 -8 -9 9 10 -12 -13 13 -15
leaf_value=-5.4036850696005537e-05 0.00082088499536463308 -0.0011223123828226255 0.00040941178219051916 0.0057924980764423109 0.00024070016062718727 0.000320795507137336 -0.0011381373499870233 -3.632731230408659e-05 -0.00044218947041063471 0.00052467119567451337 -0.00023549286256972378 -0.0017559572827052887 0.0027062553410038856 0.00081056802969277071
leaf_weight=1147987.0355240107 2714659.9288324118 2421844.4647071362 5536748.1115401983 1031428.1767994165 12435922.445118427 1665898.894317627 912365.07599437237 209034193.11884522 2812005.7509977818 8599276.1231086254 2481307.0200643539 1064869.910449028 930062.11099410057 925295.93024015427
leaf_count=1183 4255 4277 9099 2295 21568 3331 1726 163173 3060 9581 2902 1124 1032 1275
internal_value=5.05591e-05 0.00167652 0.00522483 0.00871271 -0.000212577 -0.00373044 0.000864725 -0.000140828 0.00162467 0.00291182 0.00452691 -0.00753541 0.00622639 0.0131204
internal_weight=2.53714e+08 2.67189e+07 9.28284e+06 3.74609e+06 1.7436e+07 4.08774e+06 1.33483e+07 2.26995e+08 1.79608e+07 1.57479e+07 1.29359e+07 2.21286e+06 1.04546e+07 1.85536e+06
internal_count=229881 46551 15649 6550 30902 7608 23294 183330 20157 17850 14790 2307 11888 2307
cat_boundaries=0 1 2 3
cat_threshold=50 320 64
is_linear=0
shrinkage=0.03


Tree=139
num_leaves=15
num_cat=1
split_feature=10 14 0 12 2 16 9 16 1 10 16 12 2 16
split_gain=91691.7 89617.8 189914 103465 104438 89950.6 121680 113994 228275 111292 116934 92207.9 90648 87620.8
threshold=0.68171730937635744 1.0567888394053406 0 1.0182782321369752 4.5000000000000009 0.030902041864864577 84.500000000000014 0.053394880302814023 13.500000000000002 0.94260595348494369 0.041128545564504647 1.0227473549302106 1.0000000180025095e-35 0.035735974219033566
decision_type=2 2 1 2 2 2 2 2 2 2 2 2 2 2
left_child=-1 5 3 4 -3 6 -2 8 12 -10 -11 -12 -7 -4
right_child=1 2 13 -5 -6 7 -8 -9 9 10 11 -13 -14 -15
leaf_value=-0.0010988745791040279 -0.0010265926304598807 0.00082187724536333289 0.00092186061586402106 0.00032944524124832865 0.0055289667295667071 -5.7483471537491506e-05 -0.00018657553707280221 -2.2785912805142673e-05 0.0013585350508244591 0.000289220316045993 -0.00018125702545016828 -0.0010129439612200015 0.00062763995487640834 -0.00021668119454725093
leaf_weight=1217888.8603366613 2119946.986240983 3422738.9663726091 2812155.8385168314 6413705.7918592691 1193791.2847321033 2973451.9758605957 12272801.957180977 183844496.54806948 1132731.4854125977 3655880.8285448551 4204564.3520507812 2562355.3022294044 12879029.594244003 12715104.054652214
leaf_count=950 7452 5813 15423 11740 3102 2242 43214 106070 1121 4942 3372 2363 11848 10325
internal_value=4.40814e-05 8.37361e-05 0.00173214 0.0047421 0.0081668 -0.000110274 -0.00240504 4.60701e-05 0.00185095 -0.0013558 -0.00232638 -0.00466199 0.00418848 -0.000406078
internal_weight=2.53421e+08 2.52203e+08 2.65575e+07 1.10302e+07 4.61653e+06 2.25645e+08 1.43927e+07 2.11253e+08 2.7408e+07 1.15555e+07 1.04228e+07 6.76692e+06 1.58525e+07 1.55273e+07
internal_count=229977 229027 46403 20655 8915 182624 50666 131958 25888 11798 10677 5735 14090 25748
cat_boundaries=0 1
cat_threshold=178
is_linear=0
shrinkage=0.03


Tree=140
num_leaves=15
num_cat=0
split_feature=10 12 3 14 2 10 11 12 12 12 12 11 12 2
split_gain=73584.1 140031 116463 186264 111502 110306 130426 108925 121473 150109 116054 126962 183413 243069
threshold=1.2031119363884388 1.0666052657390228 1.5000000000000002 0.73095510993816071 5.5000000000000009 1.1537366032060119 1.1671507471139435 1.0336496147759966 1.0409231421374501 1.0401549524141978 1.0321335269730831 1.0256949624400986 1.0022632125571322 4.5000000000000009
decision_type=2 2 2 2 2 2 2 2 2 2 2 2 2 2
left_child=1 7 -2 -4 5 -3 -7 10 9 -9 11 -1 -13 -14
right_child=2 4 3 -5 -6 6 -8 8 -10 -11 -12 12 13 -15
leaf_value=6.7876686795405945e-05 -0.00011568051407244517 0.00014400641908093723 -0.0034879458641756556 -0.00047943308092942568 -0.00067881552810975703 0.0012437629653069837 0.0003186462080891631 -0.00028365513048286172 -8.7100833116108344e-05 -0.0014560789643530334 0.00036251332945127184 -0.00046825630398270062 -0.00012525418964220227 0.00062721812023845745
leaf_weight=117391901.80406475 11285276.895859241 15173183.244459748 717057.52645480633 1813893.1712936163 1995555.6187027693 3509579.461386919 5223481.4383182526 7666206.2916365862 21033537.378541112 2003974.6873437166 4105744.4548150301 12446799.359221339 40026167.166440845 8512033.1730070114
leaf_count=99031 11495 15077 910 3751 3597 3549 4518 7841 20949 1963 3253 10931 30944 11703
internal_value=3.12426e-05 0.000154256 -0.00209748 -0.00791363 0.00223716 0.00280584 0.00549193 -9.88135e-05 -0.001752 -0.00453494 0.000179344 6.45632e-05 -0.00104588 -0.000212751
internal_weight=2.52904e+08 2.39088e+08 1.38162e+07 2.53095e+06 2.59018e+07 2.39062e+07 8.73306e+06 2.13186e+08 3.07037e+07 9.67018e+06 1.82483e+08 1.78377e+08 6.0985e+07 4.85382e+07
internal_count=229512 213356 16156 4661 26741 23144 8067 186615 30753 9804 155862 152609 53578 42647
is_linear=0
shrinkage=0.03


Tree=141
num_leaves=15
num_cat=3
split_feature=12 10 10 12 0 12 10 12 0 2 10 1 0 12
split_gain=91451.4 87462.9 107362 123572 198216 322209 203551 278080 188775 225497 219658 301983 356997 193693
threshold=0.9353060627559534 1.2236955986104996 1.1413265287497878 1.0051969303918387 0 1.0024913181220338 0.98774918197535599 0.9608647852025366 1 2.5000000000000004 1.0006064871731029 17.500000000000004 2 1.0197477511393997
decision_type=2 2 2 2 1 2 2 2 1 2 2 2 1 2
left_child=-1 2 3 4 5 -2 -6 -8 9 -5 13 -12 -13 -10
right_child=1 -3 -4 8 6 -7 7 -9 10 -11 11 12 -14 -15
leaf_value=-0.00040266968153213029 0.00023098011148530166 -0.00033735954565869989 0.00027089355313914812 -0.00050070141183162489 0.00027583003789462653 0.0014235084369580613 0.00088651923981112235 -0.00016276694866549881 9.8079911475635806e-05 2.3900497240341197e-06 0.00018995703094660838 -0.00052141775960275205 0.00016071597725124417 -0.00078502169126186871
leaf_weight=7251151.3900799751 21565297.945639849 10535120.157227755 24174098.72896862 23057776.718990088 18714406.814356685 4438042.3447215557 1428052.1515581608 38853677.795750976 4173509.3731685877 23480520.710856318 52648201.0803442 6454395.5382080078 9629215.7802209854 7354419.4422887564
leaf_count=7853 21037 12304 26126 16142 15834 3413 1106 28770 3102 21276 46280 3184 15374 8043
internal_value=6.57852e-05 0.000163463 0.000282864 6.66762e-05 0.000951727 0.00313385 -1.00756e-05 -0.00121118 -0.00052662 -0.00204675 0.00035482 0.00099757 -0.0026002 -0.00347738
internal_weight=2.53758e+08 2.46507e+08 2.35972e+08 2.11798e+08 8.49995e+07 2.60033e+07 5.89961e+07 4.02817e+07 1.26798e+08 4.65383e+07 8.02597e+07 6.87318e+07 1.60836e+07 1.15279e+07
internal_count=229844 221991 209687 183561 70160 24450 45710 29876 113401 37418 75983 64838 18558 11145
cat_boundaries=0 1 2 3
cat_threshold=138 140 16
is_linear=0
shrinkage=0.03


Tree=142
num_leaves=15
num_cat=0
split_feature=10 2 3 12 14 12 11 11 1 12 1 12 10 11
split_gain=81457.6 118535 145061 88218.6 117500 87809.2 326757 227185 321775 196604 191079 176600 172694 144819
threshold=1.2883310473777285 2.5000000000000004 1.5000000000000002 1.0666052657390228 1.0272248120244758 1.0051969303918387 1.0304023934857012 1.0142450752632377 18.500000000000004 1.0281187774485046 17.500000000000004 0.9353060627559534 1.085743932159287 0.9569913468292458
decision_type=2 2 2 2 2 2 2 2 2 2 2 2 2 2
left_child=3 -2 -3 5 -5 6 11 13 -9 -10 12 -1 -8 -7
right_child=1 2 -4 4 -6 7 10 8 9 -11 -12 -13 -14 -15
leaf_value=-0.00043290161605339983 0.0001084774671030242 -0.00036121889401410722 -0.0030535980875104804 7.9789083208865177e-05 0.00075437148597770989 5.7879271379682763e-05 -0.0007184148535571372 7.5839099470825772e-05 -0.00011738951932839658 -0.0010024975174228513 0.00032308406864098489 0.00017921818384973533 0.00049728156369912191 -0.00052097696451186169
leaf_weight=6719365.9633665085 2840456.6962244511 1672840.9535303116 1015980.1831946373 25239367.513899446 5643461.4584717751 6503209.4697973728 7602180.0369575024 81847222.99713099 8355629.9000105858 6353247.067579031 2717272.8180918694 73975748.443763375 1318591.0444053411 21584358.680526733
leaf_count=7278 2219 1326 1382 24136 9439 6106 5848 66647 11697 9033 2970 60671 1657 19388
internal_value=1.54528e-05 -0.00358587 -0.00810052 9.57915e-05 0.00159598 -0.000117734 0.000583464 -0.000637166 5.36188e-05 -0.00403164 -0.00411589 0.00126122 -0.00623744 -0.00301186
internal_weight=2.53389e+08 5.52928e+06 2.68882e+06 2.4786e+08 3.08828e+07 2.16977e+08 9.23332e+07 1.24644e+08 9.65561e+07 1.47089e+07 1.1638e+07 8.06951e+07 8.92077e+06 2.80876e+07
internal_count=229797 4927 2708 224870 33575 191295 78424 112871 87377 20730 10475 67949 7505 25494
is_linear=0
shrinkage=0.03


Tree=143
num_leaves=15
num_cat=0
split_feature=10 13 2 14 4 14 16 11 16 16 9 14 10 9
split_gain=84267.2 77286.5 112994 133490 91262.5 109876 67283.4 91383.7 63000.7 134131 206466 117972 104018 101909
threshold=0.68171730937635744 1.1474896006364572 4.5000000000000009 1.1319402910459286 1.0000000180025095e-35 1.4904328048837827 0.02145571086494619 0.98536147366073423 0.053394880302814023 0.04990669866214225 89.500000000000014 1.0046522558627082 1.2266859619941872 89.500000000000014
decision_type=2 2 2 2 2 2 2 2 2 2 2 2 2 2
left_child=-1 6 4 -4 -3 -6 7 -2 9 10 -8 -11 -12 -10
right_child=1 2 3 -5 5 -7 8 -9 13 11 12 -13 -14 -15
leaf_value=-0.00099488446390495842 0.00099697910924520039 0.00024885347978868214 0.00058762959357344094 0.0041524441418879137 -0.0044248495203245445 -0.00030370170343932288 -0.00065101227017455045 -0.00087491910565213455 0.00012986836983865211 0.00022214084480764952 0.00021943883240527507 0.00081760815734933955 -0.0014194090621025665 -5.2236586632760367e-05
leaf_weight=1251787.7086434364 1256008.3665802479 11954908.302416325 3420910.2832577229 1303106.9093079567 630940.01433622837 1945240.9976322651 4489536.0550479889 5532202.0224230289 32320493.09493506 8330799.3795232773 20400695.810137749 3610498.6132516861 932408.42167663574 156506518.3437953
leaf_count=972 8260 19573 6830 4093 754 3402 5862 34819 19271 5588 25941 2474 1662 90465
internal_value=7.49259e-05 0.000113398 0.00194017 0.00597076 0.000629839 -0.00449173 -3.73209e-05 -0.0029803 5.0845e-05 0.00116942 -4.64062e-05 0.00379861 0.0011842 -0.000172862
internal_weight=2.53886e+08 2.52634e+08 1.92551e+07 4.72402e+06 1.45311e+07 2.57618e+06 2.33379e+08 6.78821e+06 2.26591e+08 3.77639e+07 2.58226e+07 1.19413e+07 2.13331e+07 1.88827e+08
internal_count=229966 228994 34652 10923 23729 4156 194342 43079 151263 41527 33465 8062 27603 109736
is_linear=0
shrinkage=0.03


Tree=144
num_leaves=15
num_cat=0
split_feature=14 10 16 16 12 11 13 11 12 11 12 1 9 10
split_gain=81741.8 118875 120573 91612.2 83834.6 148583 75206.9 87715.8 250667 177536 165591 168593 159691 152554
threshold=1.0322879984628364 0.96771506909300131 0.048349753158229015 0.02145571086494619 1.0659909429752294 1.0982257806560121 0.33625239732437012 1.0069201742998883 1.0051969303918387 1.0132613496646867 1.0004275174568331 17.500000000000004 84.500000000000014 0.83310007439074751
decision_type=2 2 2 2 2 2 2 2 2 2 2 2 2 2
left_child=3 2 -2 -1 5 -3 -5 8 13 -9 -11 -12 -13 -8
right_child=1 4 -4 6 -6 -7 7 9 -10 10 11 12 -14 -15
leaf_value=-0.00076033392064238771 0.0010178395752541199 0.00028450480845981205 -0.00058577442192475691 -0.00065144589369308433 0.00075482619043983892 -0.0005988280128762936 -0.00024658875541213454 -0.00049777879949335557 -0.00030780437960733781 -0.00034118750374132536 8.4643257816006604e-05 -0.00060094103358347597 -9.0280205186729108e-05 0.00028123284862642192
leaf_weight=5599876.8291703463 1790855.8467748165 29676431.711809278 5575080.5979309082 1959060.4022641182 5309868.1897405386 3111055.9291903973 7746112.9938049316 10528532.765441895 12487261.982940674 12655056.849227905 91944280.855712891 4507700.5848324299 20421669.151420593 40004045.231620789
leaf_count=34794 6734 37887 4876 1203 9122 4406 5645 5796 8216 7104 60437 3298 16026 24388
internal_value=8.51272e-05 0.00123741 -0.00225133 -0.000166909 0.00191194 0.00134561 -6.21093e-05 -4.89679e-06 0.000952397 -0.00041662 -0.000112103 0.000240861 -0.00194735 0.00194205
internal_weight=2.53317e+08 4.54633e+07 7.36594e+06 2.07854e+08 3.80974e+07 3.27875e+07 2.02254e+08 2.00295e+08 6.02374e+07 1.40057e+08 1.29529e+08 1.16874e+08 2.49294e+07 4.77502e+07
internal_count=229932 63025 11610 166907 51415 42293 132113 130910 38249 92661 86865 79761 19324 30033
is_linear=0
shrinkage=0.03


Tree=145
num_leaves=15
num_cat=2
split_feature=9 10 2 5 3 5 0 12 10 0 1 1 12 9
split_gain=93587.6 87180 83822.3 315402 224660 236590 145152 353496 265243 149276 118798 116739 115051 113138
threshold=62.500000000000007 1.2883310473777285 2.5000000000000004 1.0000000180025095e-35 1.0000000180025095e-35 1.0000000180025095e-35 0 0.98446444983219006 0.90135704482050072 1 8.5000000000000018 10.500000000000002 1.0048876901737636 89.500000000000014
decision_type=2 2 2 2 2 2 1 2 2 1 2 2 2 2
left_child=-1 2 3 6 10 -6 8 9 -2 -8 13 -9 -13 -4
right_child=1 -3 4 -5 5 -7 7 11 -10 -11 -12 12 -14 -15
leaf_value=-0.00067065696944317021 -0.00058798363444323497 -0.00051068152689594519 -0.00066381373086691286 -0.0014570833050216966 -5.2500937656876882e-05 0.0012930742098122806 0.00055486277273815823 -3.9115085528707383e-06 0.00020969663234892585 0.00021509106228453191 0.00040339703233009764 -4.234964108033225e-05 -0.00037925243828655197 7.8648286672029441e-05
leaf_weight=1696678.1212949753 5267070.2464532852 5490542.5744874477 1474710.8411004543 2126558.3791975975 81687480.548136353 1905344.9746159315 2883365.6242322922 20696728.481375456 45642543.652602911 7121230.1900599003 30425574.902352333 12603408.197813988 28723235.267109871 6155321.9390147924
leaf_count=1344 5017 4891 1637 1523 94843 1505 1172 14840 47082 5042 21165 6919 16047 7065
internal_value=1.97474e-05 6.69889e-05 0.000150197 -0.000395174 0.000710882 -0.000158991 -0.000197029 -0.00106367 0.00102911 0.00416921 0.00262164 -0.00190775 -0.00282881 -0.000725485
internal_weight=2.539e+08 2.52203e+08 2.46713e+08 1.25064e+08 1.21648e+08 8.35928e+07 1.22938e+08 7.2028e+07 5.09096e+07 1.00046e+07 3.80556e+07 6.20234e+07 4.13266e+07 7.63003e+06
internal_count=230092 228748 223857 97642 126215 96348 96119 44020 52099 6214 29867 37806 22966 8702
cat_boundaries=0 1 2
cat_threshold=355 16
is_linear=0
shrinkage=0.03


Tree=146
num_leaves=15
num_cat=4
split_feature=11 3 14 10 3 0 10 0 0 10 13 0 16 9
split_gain=77073.5 100086 178665 73942.1 135601 97054.6 100166 264009 125556 89575.9 73495.3 136002 70815.6 65385.1
threshold=1.1902710751006842 1.5000000000000002 0.73095510993816071 1.1413265287497878 1.0000000180025095e-35 0 1.1925834006211711 1 2 1.1404111661944714 1.1904423796888757 3 0.06245078103810265 62.500000000000007
decision_type=2 2 2 2 2 1 2 1 1 2 2 1 2 2
left_child=3 -2 -3 9 5 6 7 -5 -8 10 13 -12 -10 -1
right_child=1 2 -4 4 -6 -7 8 -9 12 -11 11 -13 -14 -15
leaf_value=-0.00061904409023486821 -0.00018593467235763491 -0.0034002038990175796 3.4151712994213528e-05 0.0024756488631812257 -0.00018740682177136869 -1.1922982960348852e-05 -0.00058280573289703184 0.00049723071285404064 0.0013624329064706503 -0.00083047484689747087 0.0033708727637051525 0.00022607982054759863 9.6286513945468844e-05 -7.7060096464580933e-06
leaf_weight=1684114.4508104324 6866046.9601969719 647701.99746847153 692070.35606944561 1381082.3145201206 8998026.5760756731 5484375.9187260866 1590704.1313711405 5581631.7998468876 1538621.952180028 1515455.2246909142 1180333.5048766136 7863461.2422448397 1871252.1380004883 206851730.84626949
leaf_count=1240 6162 737 1586 1628 12761 5263 1648 4927 2499 983 2174 18892 1194 168213
internal_value=1.89019e-05 -0.00284115 -0.0103416 0.000114483 0.00161294 0.00315564 0.00467059 0.00699695 0.00143141 -6.63868e-05 -1.57621e-05 0.00263187 0.00467821 -0.000130585
internal_weight=2.53747e+08 8.20582e+06 1.33977e+06 2.45541e+08 2.64457e+07 1.74477e+07 1.19633e+07 6.96271e+06 5.00058e+06 2.19095e+08 2.1758e+08 9.04379e+06 3.40987e+06 2.08536e+08
internal_count=229907 8485 2323 221422 29920 17159 11896 6555 5341 191502 190519 21066 3693 169453
cat_boundaries=0 1 2 3 4
cat_threshold=358 64 64 16
is_linear=0
shrinkage=0.03


Tree=147
num_leaves=15
num_cat=1
split_feature=2 16 16 14 3 11 1 14 0 1 12 12 12 1
split_gain=87015 91056.2 89473.2 98394.3 202966 94197.5 256936 182607 99188.9 161348 128056 103477 128460 107183
threshold=1.0000000180025095e-35 0.060299446688428633 0.080986009623554941 0.84435162759793447 1.0000000180025095e-35 0.9569913468292458 18.500000000000004 0.81834470055856512 0 9.5000000000000018 1.0091514731206532 1.0556393429599884 1.0336496147759966 7.5000000000000009
decision_type=2 2 2 2 2 2 2 2 1 2 2 2 2 2
left_child=1 -1 5 4 -4 6 -2 -7 9 -9 -11 12 -10 -13
right_child=2 -3 3 -5 -6 7 -8 8 11 10 -12 13 -14 -15
leaf_value=-0.00030414927044900513 9.4376934693331474e-05 -2.5258342836297597e-06 0.00050977341285112518 -0.00012891769083595681 -0.00039080656686265241 -0.00043582043980779821 0.0014591578295991311 -0.00037917489854387421 4.1920994332242932e-05 0.0019098249733641847 0.00045153989692389132 -0.00031534602429485539 -0.00035712401102961559 0.00036138073847631689
leaf_weight=17553554.258107424 15607990.746422768 25821266.599853516 3924668.5369873047 43655888.69464004 2763875.299138546 10529095.871329904 3910795.3931174278 3884789.524769187 81657890.240960836 2865272.0580253601 11026763.635361195 2266765.8222286701 11914804.541095257 16313625.309678674
leaf_count=21153 15428 12839 1744 22477 1718 13668 5733 8868 74167 3589 15484 5414 12448 15151
internal_value=7.19469e-05 -0.0011515 0.000324258 -0.000778751 0.00260958 0.000671371 0.00262418 0.000400001 0.000707927 0.00278991 0.0043013 0.000377922 -2.81374e-05 0.00242288
internal_weight=2.53697e+08 4.33748e+07 2.10322e+08 5.03444e+07 6.68854e+06 1.59978e+08 1.95188e+07 1.40459e+08 1.2993e+08 1.77768e+07 1.3892e+07 1.12153e+08 9.35727e+07 1.85804e+07
internal_count=229881 33992 195889 25939 3462 169950 21161 148789 135121 27941 19073 107180 86615 20565
cat_boundaries=0 1
cat_threshold=34
is_linear=0
shrinkage=0.03


Tree=148
num_leaves=15
num_cat=0
split_feature=15 9 2 16 9 16 9 9 1 9 11 1 14 16
split_gain=65477 86436.9 67545.1 121006 138745 103089 108456 194627 263557 291501 102863 151419 139070 165938
threshold=1.0000000180025095e-35 87.500000000000014 1.0000000180025095e-35 0.077159911473550891 72.500000000000014 0.058855010813699406 67.500000000000014 82.500000000000014 17.500000000000004 78.500000000000014 0.98536147366073423 19.500000000000004 0.87739136426604036 0.057346076901351579
decision_type=2 2 2 2 2 2 2 2 2 2 2 2 2 2
left_child=2 -2 3 4 -1 10 -7 8 9 -8 -4 12 13 -12
right_child=1 -3 5 -5 -6 6 7 -9 -10 -11 11 -13 -14 -15
leaf_value=0.00089476126068575314 0.00074059232034129048 -0.002333731852723901 0.00053829212422226984 0.00016885600077471593 -0.00026670118221117675 -0.00048077601581065235 0.00031925820384626815 -4.4710312606065373e-05 -0.00046247516592954583 0.0013357187584149713 -0.00056610581666357131 -0.00027686367501069488 0.00024041813537179196 0.0008673008512144443
leaf_weight=1384236.3156517744 440764.0354527235 737401.45778918266 13929970.255604625 12309469.15625 30072102.997239232 4951681.0018310547 7691750.5105895996 118076368.27806091 2514942.8900756836 1781419.9797668457 4949007.7020556927 15145139.821142435 39072214.986109495 978927.21041870117
leaf_count=1268 1635 1600 22145 5239 27753 2745 4557 70769 1392 1253 9581 29266 50214 705
internal_value=3.78287e-05 -0.00701808 7.07051e-05 -0.00100101 -0.0019878 0.000295031 -0.000198373 -3.24704e-05 0.00360961 0.00590153 0.00119435 0.000656346 0.0015296 -0.00275207
internal_weight=2.54035e+08 1.17817e+06 2.52857e+08 4.37658e+07 3.14563e+07 2.09091e+08 1.35016e+08 1.30064e+08 1.19881e+07 9.47317e+06 7.40753e+07 6.01453e+07 4.50001e+07 5.92793e+06
internal_count=230122 3235 226887 34260 29021 192627 80716 77971 7202 5810 111911 89766 60500 10286
is_linear=0
shrinkage=0.03


Tree=149
num_leaves=15
num_cat=2
split_feature=2 0 12 16 12 13 10 16 11 1 16 14 0 1
split_gain=75746.2 108245 166480 96586.3 93694.4 93508.6 75919.9 75886.6 107656 178156 131670 121710 203420 119291
threshold=1.0000000180025095e-35 0 1.0091514731206532 0.071459537393959618 0.9608647852025366 0.84888034957830283 1.0241209016370267 0.058389118957245995 0.98536147366073423 19.500000000000004 0.041128545564504647 0.87739136426604036 1 19.500000000000004
decision_type=2 1 2 2 2 2 2 2 2 2 2 2 1 2
left_child=1 2 4 -3 -1 -6 -5 8 13 11 -11 12 -10 -2
right_child=7 3 -4 6 5 -7 -8 -9 9 10 -12 -13 -14 -15
leaf_value=-0.00073268192514155397 0.00026543460864041681 -0.00011420217030010074 -0.0007925925018830534 -7.7987350843070793e-05 -0.00042103287603380014 0.00080281738396896746 0.00036359677959472861 -3.8731842765198425e-06 0.00042757165894659262 -6.2404689820112132e-05 -0.00076351481697997951 0.00024338031770627781 -0.00072905051297931915 0.001818487632295673
leaf_weight=1401019.6207531691 9801651.2451322079 19570788.844059348 8186223.8199989796 4151307.3175048828 1272757.6691768169 3135059.1018172503 5629393.8302612305 138027861.87692237 3182402.2794184685 10925025.851113558 4455308.0262608528 37749444.933634877 2617827.9784348011 3613838.9437470436
leaf_count=1130 14607 18385 6746 1592 1047 2507 2566 83721 6589 26015 4057 50132 3877 7236
internal_value=0.000137082 -0.00100486 -0.00317593 3.03326e-05 0.000708367 0.00285641 0.00246468 0.000372373 0.00115939 0.000607227 -0.00216841 0.00158749 -0.00245849 0.00358489
internal_weight=2.5372e+08 4.33466e+07 1.39951e+07 2.93515e+07 5.80884e+06 4.40782e+06 9.7807e+06 2.10373e+08 7.23455e+07 5.893e+07 1.53803e+07 4.35497e+07 5.80023e+06 1.34155e+07
internal_count=230207 33973 11430 22543 4684 3554 4158 196234 112513 90670 30072 60598 10466 21843
cat_boundaries=0 1 2
cat_threshold=138 454
is_linear=0
shrinkage=0.03


Tree=150
num_leaves=15
num_cat=2
split_feature=10 14 0 16 16 2 3 11 0 16 1 3 14 2
split_gain=69809.8 71697.8 165974 100740 94229.7 95640 167401 84088.8 178875 106078 120150 114214 233715 184301
threshold=0.68171730937635744 1.0567888394053406 0 0.069382729902509321 0.066217158611253948 4.5000000000000009 2.5000000000000004 0.90644793995258399 1 0.030902041864864577 10.500000000000002 1.0000000180025095e-35 0.9169296688441525 2.5000000000000004
decision_type=2 2 1 2 2 2 2 2 1 2 2 2 2 2
left_child=-1 7 3 -3 -4 6 -6 8 -2 -9 -11 13 -13 -12
right_child=1 2 4 -5 5 -7 -8 9 -10 10 11 12 -14 -15
leaf_value=-0.0008384881517158251 0.00062187679018209591 0.00066038787734676698 0.00037354385554896885 0.0037603067574405926 -8.6833458432630575e-05 0.0008684945068021477 -0.0026529658410185488 -0.00041077182061393844 -0.00019110271507698988 9.5054000498382207e-05 -6.5966341911289386e-05 -0.00067127106621824441 -6.5561589552758152e-05 0.00030958030724811031
leaf_weight=1253676.7024519444 6873646.3992980719 1857907.8063120842 14713396.366609216 1027064.0773925781 5407095.840423584 1824369.3337771893 1705149.3536682129 13618055.11304009 6295589.0035369396 59667390.845262527 69257007.747802734 11426260.17295599 38018381.35212636 20267104.716644287
leaf_count=960 4907 3447 34739 725 3159 2546 1716 47766 5807 35132 39535 8870 28800 11508
internal_value=6.46072e-05 9.97443e-05 0.00157477 0.008368 0.000746088 -0.00168371 -0.00325554 -7.38836e-05 0.00225227 -0.000218209 -4.2605e-05 -0.00052607 -0.00168334 0.000113095
internal_weight=2.53212e+08 2.51958e+08 2.6535e+07 2.88497e+06 2.365e+07 8.93661e+06 7.11225e+06 2.25423e+08 1.31692e+07 2.12254e+08 1.98636e+08 1.38969e+08 4.94446e+07 8.95241e+07
internal_count=229617 228657 46332 4172 42160 7421 4875 182325 10714 171611 123845 88713 37670 51043
cat_boundaries=0 1 2
cat_threshold=16 156
is_linear=0
shrinkage=0.03


Tree=151
num_leaves=15
num_cat=2
split_feature=10 10 10 12 0 2 16 13 2 14 3 14 12 0
split_gain=66442.5 65074.2 119613 138079 205746 159001 95297.8 94408.4 160920 101280 92485.9 169247 69881.6 68874.9
threshold=0.68171730937635744 1.2031119363884388 1.1494611397626895 1.0477841128593066 0 3.5000000000000004 0.082832657416928218 1.1559857807864973 4.5000000000000009 1.1215493262023852 1.5000000000000002 0.73095510993816071 1.0278711375767708 1
decision_type=2 2 2 2 1 2 2 2 2 2 2 2 2 1
left_child=-1 2 7 12 5 -5 -6 -2 -9 -10 -3 -12 -4 -11
right_child=1 10 3 4 6 -7 -8 8 9 13 11 -13 -14 -15
leaf_value=-0.00090208467161477252 -1.0704418069063287e-05 -9.2367638340079571e-05 9.4791687728337421e-05 0.0024022846281716334 0.00040042198324758836 0.00012255487922833161 -0.00025951744768089102 6.4606270492275142e-05 0.0007843259186739429 0.0051088889228346973 -0.0030725321312086362 -0.0004217773831185122 -0.0015991774161425217 0.00082468300828593161
leaf_weight=1233131.8220365047 207541371.15288341 11086417.142472029 1124627.2929551601 1342050.5267541409 10264966.062199235 746951.25961387157 2973347.8085274696 9814489.3916493654 2685233.9421766996 901104.62387859821 722574.00471353531 1763731.7520542145 1067151.239931941 376792.29845476151
leaf_count=963 167719 11369 1797 1581 10702 1231 1461 17805 5175 1797 918 3663 1793 1825
internal_value=0.000100379 0.000134317 0.000249146 0.00263537 0.00364252 0.0123924 0.00226179 6.0258e-05 0.00246508 0.00756724 -0.00188633 -0.00711563 -0.00440772 0.0145192
internal_weight=2.53644e+08 2.52411e+08 2.38838e+08 1.75191e+07 1.53273e+07 2.089e+06 1.32383e+07 2.21319e+08 1.37776e+07 3.96313e+06 1.35727e+07 2.48631e+06 2.19178e+06 1.2779e+06
internal_count=229799 228836 212886 18565 14975 2812 12163 194321 26602 8797 15950 4581 3590 3622
cat_boundaries=0 1 2
cat_threshold=64 60
is_linear=0
shrinkage=0.03


Tree=152
num_leaves=15
num_cat=2
split_feature=10 14 0 2 16 16 9 2 0 3 9 9 1 16
split_gain=74614.3 64204.6 159294 126056 86691.9 80896.3 127180 107894 105343 98638.3 73144.9 59948 53001 62449.1
threshold=0.68171730937635744 1.0604659230057003 0 4.5000000000000009 0.02145571086494619 0.06245078103810265 87.500000000000014 4.5000000000000009 1 2.5000000000000004 82.500000000000014 62.500000000000007 10.500000000000002 0.038564846226636633
decision_type=2 2 1 2 2 2 2 2 1 2 2 2 2 2
left_child=-1 4 3 -3 10 12 -7 9 -9 -8 -2 -6 13 -4
right_child=1 2 5 -5 11 6 7 8 -10 -11 -12 -13 -14 -15
leaf_value=-0.00083182269918397457 -0.0021529570203502918 0.0003888573805391392 0.00095825005338283061 0.0037760179377286287 -0.00059210181882930442 0.00051705637152457088 -0.00026915634487894576 0.0020770523437560369 -0.00061485496354861423 -0.0025030896852653354 -0.00040883517571593206 8.986746340991584e-06 0.00062805123820353981 -0.00060019517481404191
leaf_weight=1259687.9651595354 885463.77715051174 1555029.6164587736 1547534.476193428 1203811.0541346073 1556779.1982574463 1941045.2460590601 4807960.1008605957 795357.87757873535 973833.01030707359 1814457.3452453613 5328735.8180843592 219735055.09802842 8192716.9247018099 2092623.8631386757
leaf_count=980 5176 2149 14547 1917 952 1469 2939 966 1361 1839 32944 145322 14891 2587
internal_value=7.65261e-05 0.000112871 0.00155837 0.00835641 -4.54905e-05 0.000712245 -0.00122724 -0.00282797 0.00375344 -0.00458621 -0.00354014 5.26445e-05 0.00240583 -0.000606287
internal_weight=2.5369e+08 2.5243e+08 2.49244e+07 2.75884e+06 2.27506e+08 2.21655e+07 1.03327e+07 8.39161e+06 1.76919e+06 6.62242e+06 6.2142e+06 2.21292e+08 1.18329e+07 3.64016e+06
internal_count=230039 229059 44665 4066 184394 40599 8574 7105 2327 4778 38120 146274 32025 17134
cat_boundaries=0 1 2
cat_threshold=16 45
is_linear=0
shrinkage=0.03


Tree=153
num_leaves=15
num_cat=3
split_feature=12 11 16 0 14 2 0 9 16 16 14 0 16 9
split_gain=68770 138982 182605 113373 82684.2 163507 168137 151585 109778 91190.8 115201 82593.3 74193 68453.6
threshold=0.9353060627559534 0.90644793995258399 0.04490981942762768 0 1.0905621986481837 4.5000000000000009 1 83.500000000000014 0.051683114612688437 0.067004595961928023 1.1469137878170854 2 0.02145571086494619 82.500000000000014
decision_type=2 2 2 1 2 2 1 2 2 2 2 1 2 2
left_child=-1 2 -2 -4 12 7 9 -6 -9 10 -7 -10 13 -3
right_child=1 4 3 -5 5 6 -8 8 11 -11 -12 -13 -14 -15
leaf_value=-0.00040255652364490048 0.0023397700527806493 -0.0020989193574601456 0.00050171317323553961 -0.00013286471216856992 0.0012168853585086132 -0.0008238654134888584 1.2760329343282223e-05 0.00084303410033913283 5.1698901561340372e-05 0.0063300349790869686 0.0041919580030182211 -0.00099096133131060878 -7.203980156482068e-06 -0.00039065240917684487
leaf_weight=7216834.9186900854 1529507.2258040905 947919.29376745224 3746493.08984375 5743183.9901123047 1139476.3818475008 428210.07944178581 1327555.887493372 2814163.644493103 2758130.6262817383 792375.34350585938 655146.96526563168 3146989.3989257812 215763309.53240037 5432105.2778096199
leaf_count=7817 3963 5568 1658 3914 2002 924 5514 12981 2705 826 2481 2427 143945 33127
internal_value=4.74805e-05 0.000132084 0.00342503 0.00187459 -2.21874e-05 0.00229745 0.00818585 0.000384201 -0.000960579 0.013968 0.00831104 -0.00328438 -0.000158582 -0.00334691
internal_weight=2.53441e+08 2.46225e+08 1.10192e+07 9.48968e+06 2.35205e+08 1.3062e+07 3.20329e+06 9.85876e+06 8.71928e+06 1.87573e+06 1.08336e+06 5.90512e+06 2.22143e+08 6.38002e+06
internal_count=229852 222035 9535 5572 212500 29860 9745 20115 18113 4231 3405 5132 182640 38695
cat_boundaries=0 1 2 3
cat_threshold=20 60 178
is_linear=0
shrinkage=0.03


Tree=154
num_leaves=15
num_cat=1
split_feature=14 3 2 2 5 3 5 11 2 14 0 13 12 11
split_gain=67186 150578 69864.8 58364.4 255346 193274 218563 133800 125338 186588 246526 217247 126718 186475
threshold=0.63266162658402714 1.5000000000000002 1.0000000180025095e-35 2.5000000000000004 1.0000000180025095e-35 1.0000000180025095e-35 1.0000000180025095e-35 0.99217020718281967 4.5000000000000009 1.1319402910459286 0 0.39302906329378473 1.0336496147759966 1.0358148757179293
decision_type=2 2 2 2 2 2 2 2 2 2 1 2 2 2
left_child=1 2 -1 4 -2 7 8 -5 -7 11 -11 -10 -13 -14
right_child=3 -3 -4 5 -6 6 -8 -9 9 10 -12 12 13 -15
leaf_value=-0.0012877963814164372 -1.1886322093498992e-05 -0.0034282354750671349 0.00021919339149553441 0.00075921516567507136 -0.0015009332012005387 -0.00017388668951237628 0.0012577002055274181 0.00016429195995105 -0.0068076010559413955 0.0052083496244800728 -0.0011422828306434708 0.00022046538556422262 -0.002011099686068921 -9.8325594541363127e-05
leaf_weight=816260.23961138725 123699910.35942566 724509.72568643093 2398862.5454677343 6987289.6391303539 2093888.2981870174 39505361.66992712 1947794.1184113026 31329965.125695825 780245.15002524853 1359894.4242546558 820094.588727355 30209780.521695971 1586325.3786441088 9266505.3617438078
leaf_count=1232 95377 1527 3218 5510 1508 33391 1522 24230 979 3976 3930 36825 2038 14526
internal_value=0.000101432 -0.00378572 -0.00100154 0.000162789 -0.000292307 0.00062524 -0.000168421 0.00239569 -0.000400077 0.00070079 0.00925751 0.000254989 0.000552964 -0.00222752
internal_weight=2.53527e+08 3.93963e+06 3.21512e+06 2.49587e+08 1.25794e+08 1.23793e+08 8.5476e+07 3.83173e+07 8.35282e+07 4.40228e+07 2.17999e+06 4.18429e+07 4.10626e+07 1.08528e+07
internal_count=229789 5977 4450 223812 96885 126927 97187 29740 95665 62274 7906 54368 53389 16564
cat_boundaries=0 1
cat_threshold=188
is_linear=0
shrinkage=0.03


Tree=155
num_leaves=15
num_cat=4
split_feature=2 0 9 1 1 9 0 12 0 3 2 14 0 11
split_gain=78239.4 97645.4 78576.7 105719 223598 109345 85782.6 96435.6 84032.1 70719.2 173811 172247 161777 302547
threshold=1.0000000180025095e-35 0 72.500000000000014 16.500000000000004 10.500000000000002 89.500000000000014 1 1.0055498152309033 2 1.0000000180025095e-35 2.5000000000000004 0.95435268375635385 3 1.0063114542196836
decision_type=2 1 2 2 2 2 1 2 1 2 2 2 1 2
left_child=1 -1 -3 4 6 -5 7 -4 -7 10 12 -11 -2 -14
right_child=9 2 3 5 -6 8 -8 -9 -10 11 -12 -13 13 -15
leaf_value=-0.00058682724595998713 0.00022660041570826076 0.00069575026133078977 -8.968256638694437e-05 -0.00069166450453951199 -0.00046190141684353541 0.00069517434008802166 -0.00015450402942570869 0.00030686832098643249 0.00014217113128168622 -0.00027527759918554302 0.00026535475538771937 8.0007731651814284e-05 0.00021138640334217266 -0.00023027491058460572
leaf_weight=7081076.6297647953 28349747.026638269 1621768.3297964334 2650681.5725126266 1431441.5687074661 12337716.230987549 2698560.9735488892 5769651.5058089495 3036104.4663270712 6973953.6369390488 28370197.286528468 38887253.418669462 58527139.231823683 18358726.892610788 37536527.436346531
leaf_count=7458 28959 1176 1880 1083 7214 2070 5430 2631 5132 31348 30475 68218 12496 24350
internal_value=7.72133e-05 -0.00107923 -0.000454082 -0.000754066 -0.00188204 0.00166302 0.00113591 0.0037507 0.00280827 0.000317285 0.000779737 -0.000338003 1.39544e-05 -0.000922303
internal_weight=2.53631e+08 4.3601e+07 3.65199e+07 3.48981e+07 2.37942e+07 1.1104e+07 1.14564e+07 5.68679e+06 9.67251e+06 2.1003e+08 1.23132e+08 8.68973e+07 8.4245e+07 5.58953e+07
internal_count=229920 34074 26616 25440 17155 8285 9941 4511 7202 195846 96280 99566 65805 36846
cat_boundaries=0 1 2 3 4
cat_threshold=130 336 5 354
is_linear=0
shrinkage=0.03


Tree=156
num_leaves=15
num_cat=2
split_feature=10 11 12 0 16 2 10 2 2 11 0 12 11 3
split_gain=64571.4 59970.8 120168 140191 88048.9 84073.5 134108 64989.8 62819.9 59708 324038 199055 177860 177505
threshold=0.68171730937635744 1.1902710751006842 1.1215458779551306 0 0.083217959094837687 4.5000000000000009 1.2883310473777285 1.5000000000000002 1.0000000180025095e-35 0.99953296935072145 1 1.0174118085830168 1.0007501084115906 1.5000000000000002
decision_type=2 2 2 1 2 2 2 2 2 2 1 2 2 2
left_child=-1 2 9 -4 7 8 -7 -5 -3 10 13 -12 -11 -2
right_child=1 5 3 4 -6 6 -8 -9 -10 12 11 -13 -14 -15
leaf_value=-0.00088918418016577737 0.00032760659899139645 -0.00086776349475511645 0.0019150201863325019 -8.1731816024953902e-05 -0.00048762010099493537 0.00013655700687037321 -0.0029616133015785782 0.00075545440316393076 6.7208873611224917e-05 -0.00086546753289655834 -0.00010283553462819512 -0.0041695351728599766 -1.2605070860340906e-05 -0.00029145792407186483
leaf_weight=1235104.4883239269 33125765.710011244 1426363.3808740377 1321979.8718167543 2031430.9486200809 1649199.8919067383 603256.18977475166 736230.71636772156 4061286.7543855906 5441568.5997248888 3363788.5444867611 18570499.607046843 3922018.6042009592 166675837.71367824 9013903.3281774521
leaf_count=954 23409 1279 2245 1840 813 1344 979 4478 4896 2989 18693 4882 149529 11369
internal_value=6.45843e-05 9.81294e-05 0.000183064 0.00357251 0.00203076 -0.00242417 -0.00929946 0.00369528 -0.00108324 5.21506e-05 0.000828322 -0.00207919 -0.000242873 0.00238024
internal_weight=2.53178e+08 2.51943e+08 2.43736e+08 9.0639e+06 7.74192e+06 8.20742e+06 1.33949e+06 6.09272e+06 6.86793e+06 2.34672e+08 6.46322e+07 2.24925e+07 1.7004e+08 4.21397e+07
internal_count=229699 228745 220247 9376 7131 8498 2323 6318 6175 210871 58353 23575 152518 34778
cat_boundaries=0 1 2
cat_threshold=96 155
is_linear=0
shrinkage=0.03


Tree=157
num_leaves=15
num_cat=0
split_feature=10 9 9 3 16 1 1 9 9 16 11 14 12 1
split_gain=65618.8 63880.4 70381.3 317768 262859 165323 235760 141182 115686 89162 131171 130450 124544 105458
threshold=0.68171730937635744 62.500000000000007 79.500000000000014 2.5000000000000004 0.041611353594922726 14.500000000000002 8.5000000000000018 67.500000000000014 74.500000000000014 0.052653327735479837 0.91408087203224231 0.83669621240708003 0.95713246118531614 13.500000000000002
decision_type=2 2 2 2 2 2 2 2 2 2 2 2 2 2
left_child=-1 -2 3 4 -3 6 -6 -8 -9 10 12 -12 -4 -13
right_child=1 2 9 -5 5 -7 7 8 -10 -11 11 13 -14 -15
leaf_value=-0.00087780061259974261 -0.00053527021443907198 -0.00077096454856443331 -0.00013309768977623587 -0.0012448055301971003 -5.7450541525954077e-05 5.2145046712089651e-05 0.0013676708505865431 0.00025347393395278636 0.00093425700665977351 -3.5573153885984359e-05 -0.0010187942779714015 0.00035573057522805601 0.001854629023352819 -6.0812812334197582e-05
leaf_weight=1260378.2047115564 1741303.2821842432 2538319.4377404451 1160259.4982386827 1680389.5809134245 3866013.1618747711 9865594.5198688507 2442540.755279541 3485024.7502708435 2864118.1826944351 182545623.09154987 2114470.6721457243 17675506.027836323 1852194.8211035728 18854003.487451792
leaf_count=958 1364 7668 3857 2605 1894 5584 1608 2410 2028 109616 9566 43085 3451 34266
internal_value=5.41542e-05 8.82127e-05 0.000127947 0.00158268 0.00242948 0.0034609 0.00573002 0.00844504 0.00608707 -4.55688e-05 0.00120681 0.000736788 0.0072363 0.00115614
internal_weight=2.53946e+08 2.52685e+08 2.50944e+08 2.6742e+07 2.50616e+07 2.25233e+07 1.26577e+07 8.79168e+06 6.34914e+06 2.24202e+08 4.16564e+07 3.8644e+07 3.01245e+06 3.65295e+07
internal_count=229960 229002 227638 23797 21192 13524 7940 6046 4438 203841 94225 86917 7308 77351
is_linear=0
shrinkage=0.03


Tree=158
num_leaves=15
num_cat=1
split_feature=9 2 16 9 16 9 0 1 7 9 1 14 2 16
split_gain=70435.5 66805.8 90992.1 159712 79593.8 125430 86855.2 145309 94387.5 77555.8 174049 76628.2 73983.4 71460
threshold=62.500000000000007 1.0000000180025095e-35 0.075470824236093983 72.500000000000014 0.058593427497950504 64.500000000000014 0 6.5000000000000009 1.0000000180025095e-35 75.500000000000014 9.5000000000000018 0.81834470055856512 1.5000000000000002 0.053394880302814023
decision_type=2 2 2 2 2 2 1 2 2 2 2 2 2 2
left_child=-1 2 3 -2 5 -3 7 -7 -9 10 -8 -10 -11 -14
right_child=1 4 -4 -5 -6 6 9 8 11 12 -12 -13 13 -15
leaf_value=-0.0006160438786963012 0.00092198242666645662 0.0012081058040388397 0.00013137827741316113 -0.0002666903592122855 -1.9307695515216919e-05 -0.0012217939134003919 -0.0014959244682284315 0.0010128225836588329 -0.0025381132974902163 -0.00015792372631927008 -4.6381035107870741e-05 0.00022707194397010298 0.00030331648541503432 -2.021437759378387e-05
leaf_weight=1702559.0875664949 1373038.0289846659 1369377.3909763098 12482050.321411133 29728225.462204695 135830525.24493933 1238606.4047756195 786136.95039820671 9191959.3323504925 333755.17818164825 11281769.455112457 2898376.8164758682 2508037.6353650093 25181833.649966955 17773930.414376378
leaf_count=1349 1290 1686 5308 27461 82250 9403 2188 16006 911 12100 2691 7905 49052 10293
internal_value=-2.89062e-05 1.21846e-05 -0.00105596 -0.00192435 0.000235575 0.00103773 0.000864745 0.00305374 0.00406081 0.000363155 -0.00384863 -0.000717627 0.000649274 0.0012171
internal_weight=2.5368e+08 2.51978e+08 4.35833e+07 3.11013e+07 2.08394e+08 7.25638e+07 7.11944e+07 1.32724e+07 1.20338e+07 5.7922e+07 3.68451e+06 2.84179e+06 5.42375e+07 4.29558e+07
internal_count=229893 228544 34059 28751 194485 112235 110549 34225 24822 76324 4879 8816 71445 59345
cat_boundaries=0 1
cat_threshold=162
is_linear=0
shrinkage=0.03


Tree=159
num_leaves=15
num_cat=0
split_feature=11 12 12 1 9 1 10 12 1 9 9 9 13 16
split_gain=59723.2 195348 193600 174496 158063 183526 223957 156346 257815 189225 131255 129775 123851 123360
threshold=1.0063114542196836 1.0051969303918387 0.99880713796770515 18.500000000000004 85.500000000000014 17.500000000000004 0.89250296402008533 1.0137025498423149 17.500000000000004 83.500000000000014 74.500000000000014 89.500000000000014 0.58796077359505505 0.07907096020352318
decision_type=2 2 2 2 2 2 2 2 2 2 2 2 2 2
left_child=1 2 3 -1 -3 12 -7 -2 9 10 -9 13 -6 -10
right_child=7 4 -4 -5 5 6 -8 8 11 -11 -12 -13 -14 -15
leaf_value=-4.5735047577315597e-05 -0.00016306284215695101 0.00055617347112494036 0.00045751990125270412 0.00082647051953530675 0.00022282343689951399 0.0012316544400406185 -0.00041176316533682701 0.00015307820185042346 -0.0012072304346842054 6.1718140451760784e-05 0.00061638881911861999 -0.00012794950459344331 -0.00062771774529494985 7.8397753397680344e-05
leaf_weight=35322588.848103404 60454061.071434498 2768728.0998693705 18472331.043309808 6186620.559276104 1198807.2471420765 1625213.1547927856 2408436.8257470131 6642146.6196364164 4354804.5056061745 73032511.848304152 7002820.3086557388 20685249.314774156 11844034.900368571 1631035.197373867
leaf_count=29787 48562 2771 14219 9137 1006 1392 3102 6598 6515 65137 6491 23995 10344 821
internal_value=6.0087e-05 0.000739364 0.00159299 0.000456012 -0.00184071 -0.00291878 0.00267374 -0.000251902 0.000405213 0.00119887 0.00444175 -0.00217408 -0.00464834 -0.00606421
internal_weight=2.53629e+08 7.98268e+07 5.99815e+07 4.15092e+07 1.98452e+07 1.70765e+07 4.03365e+06 1.73803e+08 1.13349e+08 8.66775e+07 1.3645e+07 2.66711e+07 1.30428e+07 5.98584e+06
internal_count=229877 71758 53143 38924 18615 15844 4494 158119 109557 78226 13089 31331 11350 7336
is_linear=0
shrinkage=0.03


Tree=160
num_leaves=15
num_cat=4
split_feature=12 14 0 16 16 12 0 16 16 12 12 3 0 0
split_gain=66672.6 61710.2 150538 139572 98348.5 84701.4 227839 194305 115129 94994.3 88582.9 212426 164091 133995
threshold=0.9353060627559534 1.0604659230057003 0 0.069382729902509321 0.06245078103810265 0.98069331508495938 1 0.044202609877353728 0.030902041864864577 0.97665741464072364 0.99493778713559811 1.5000000000000002 2 3
decision_type=2 2 1 2 2 2 1 2 2 2 2 2 1 1
left_child=-1 5 3 -3 -4 6 9 -8 -7 -2 11 13 -13 -10
right_child=1 2 4 -5 -6 8 7 -9 10 -11 -12 12 -14 -15
leaf_value=-0.00036792281013451093 0.00096296788431706512 0.00048774179347085584 0.00046970685910483021 0.0038502353168285743 -0.0001961880809562918 -0.00041697927203307857 0.0017050480286960967 -0.00017429781065853782 0.00080959166586742654 0.00027692573833460469 2.9199344954195358e-05 -0.0060629941383403083 -0.00057854849902261578 -0.00015925220597367049
leaf_weight=7234479.8203507662 2597921.1025112867 1716724.4188741446 11359738.423194289 986779.87637329102 10024470.618081331 13111349.607152224 1685899.4668246508 11606307.959793091 2641663.3960266113 1925092.9121072292 171030717.43518806 1144757.1868591309 2039781.1659240723 14179504.968231201
leaf_count=7855 1619 3283 30485 715 8301 46158 3828 6969 2440 1007 107972 761 2355 5980
internal_value=0.000130077 0.000213537 0.00165575 0.0083258 0.000812484 5.70261e-05 0.00204085 6.1803e-05 -0.000116095 0.00785684 7.05459e-05 -0.00181831 -0.00892313 -0.000473242
internal_weight=2.53285e+08 2.46051e+08 2.40877e+07 2.7035e+06 2.13842e+07 2.21963e+08 1.78152e+07 1.32922e+07 2.04148e+08 4.52301e+06 1.91036e+08 2.00057e+07 3.18454e+06 1.68212e+07
internal_count=229728 221873 42784 3998 38786 179089 13423 10797 165666 2626 119508 11536 3116 8420
cat_boundaries=0 1 2 3 4
cat_threshold=16 336 17 129
is_linear=0
shrinkage=0.03


Tree=161
num_leaves=15
num_cat=0
split_feature=12 11 1 10 14 14 2 12 3 14 16 10 16 1
split_gain=60394.2 112654 150286 103780 72809.8 69680.1 108374 147103 101763 104856 93472.6 91536.7 72950.8 226782
threshold=0.9353060627559534 0.89451372984939514 18.500000000000004 0.79976984507662452 0.89729520766646598 1.0567888394053406 4.5000000000000009 1.0222447880274059 2.5000000000000004 1.4904328048837827 0.030902041864864577 1.0508476665024433 0.053394880302814023 13.500000000000002
decision_type=2 2 2 2 2 2 2 2 2 2 2 2 2 2
left_child=-1 2 3 -2 -5 10 8 -8 -7 -10 -3 -9 13 -12
right_child=1 5 -4 4 -6 6 7 11 9 -11 12 -13 -14 -15
leaf_value=-0.00034386130948653297 -0.00033067919443657839 -0.00039075843959761666 0.0018365418818249409 0.00083734801059098427 0.00019610397147323464 0.00017469490506420702 0.0024616528285262467 -0.0013273511255505143 -0.0036334696561163972 -0.00032494423094411835 0.00047074103993917707 0.00082204580833703119 -2.0875465324400193e-05 -0.00023543295698201421
leaf_weight=7312023.1064019203 3414065.6759064198 13566120.357261896 1476999.7072229385 1456853.3507347107 3437290.7199872732 16996580.928764939 2581072.5970597267 871987.10615825653 806343.92121005058 1839690.4826540947 15127306.059678793 1683748.8646453619 172083516.75988007 10881971.465358734
leaf_count=7928 2855 47495 1916 991 2484 25204 6858 2019 968 3390 13425 4376 98971 11154
internal_value=7.1951e-05 0.000151742 0.00330604 0.00173846 0.00453887 2.11983e-05 0.00152638 0.00540602 0.000511804 -0.00496086 -0.000155017 0.000304174 9.96563e-06 0.0014908
internal_weight=2.53536e+08 2.46224e+08 9.78521e+06 8.30821e+06 4.89414e+06 2.36438e+08 2.47794e+07 5.13681e+06 1.96426e+07 2.64603e+06 2.11659e+08 2.55574e+06 1.98093e+08 2.60093e+07
internal_count=230034 222106 8246 6330 3475 213860 42815 13253 29562 4358 171045 6395 123550 24579
is_linear=0
shrinkage=0.03


Tree=162
num_leaves=15
num_cat=3
split_feature=9 0 9 16 0 9 1 1 12 12 12 16 0 10
split_gain=54715.3 56117.2 170514 183965 161428 158535 118632 107178 125977 276014 170808 139206 126433 185881
threshold=62.500000000000007 0 72.500000000000014 0.042127405922264764 1 89.500000000000014 6.5000000000000009 9.5000000000000018 1.0598131614188067 1.0213035412072564 1.0137968994692892 0.089869429603364012 2 1.0155051720594799
decision_type=2 1 2 2 1 2 2 2 2 2 2 2 1 2
left_child=-1 6 4 5 -3 -4 -2 -5 9 10 11 -9 -11 -14
right_child=1 2 3 7 -6 -7 -8 8 -10 12 -12 -13 13 -15
leaf_value=-0.00061498768243639732 -0.00050554677834127224 -0.00034004989555677775 -0.0012616609638170357 7.2035893616629679e-05 0.00076792314756425378 0.00062585229837431591 5.8664405695299681e-05 -0.00019470587998626871 0.00015675823396261274 -0.00036642550180723761 0.00038550119628935994 -0.0012167394163738216 -0.00013071359413980015 -0.001368281392735866
leaf_weight=1724605.2675477266 4417771.2347351313 2438690.7706273794 1227286.6188707352 21919333.899488449 4819342.6134675741 11572195.967346549 132797210.64975381 36972790.060350895 10394319.606165051 6557529.6857910156 7329117.9528775215 2331319.9188842773 2642635.3547973633 5897076.827545166
leaf_count=1378 23592 1553 3753 11312 4735 33730 102400 24673 7748 5410 4284 984 1303 2840
internal_value=3.92538e-05 7.57977e-05 -0.000415804 -0.000718071 0.00403379 0.00265623 0.000484591 -0.00117732 -0.00173563 -0.00225012 -0.00110872 -0.00189275 -0.00577574 -0.00818149
internal_weight=2.53041e+08 2.51317e+08 1.14102e+08 1.06844e+08 7.25803e+06 1.27995e+07 1.37215e+08 9.40441e+07 7.21248e+07 6.17305e+07 4.66332e+07 3.93041e+07 1.50972e+07 8.53971e+06
internal_count=229695 228317 102325 96037 6288 37483 125992 58554 47242 39494 29941 25657 9553 4143
cat_boundaries=0 1 2 3
cat_threshold=115 4 132
is_linear=0
shrinkage=0.03


Tree=163
num_leaves=15
num_cat=5
split_feature=10 10 10 0 10 0 0 13 0 3 14 2 0 1
split_gain=75158.2 53204.9 76469.1 129953 95534.6 101773 96324.3 75367.5 127046 69043 156034 66543.9 58022.3 146987
threshold=0.68171730937635744 1.2236955986104996 1.1537366032060119 0 1.1866650474107496 1 2 1.1851021596696882 3 1.5000000000000002 0.73095510993816071 1.0000000180025095e-35 4 10.500000000000002
decision_type=2 2 2 1 2 1 1 2 1 2 2 2 1 2
left_child=-1 2 7 4 6 -6 -4 12 -9 -3 -11 -5 -2 -14
right_child=1 9 3 11 5 -7 -8 8 -10 10 -12 -13 13 -15
leaf_value=-0.00085897292893879356 0.0001061351500459759 -0.00010782192713371206 0.001749564075706703 -0.00098802906168810761 -0.00079167574916862106 0.00041131279999129266 0.00050269157569034727 0.0030210423980624145 0.00024098542752359537 -0.0029400343759595766 -8.8305787522887304e-05 -1.7035578640493843e-05 6.9044381350361349e-05 -0.00010685685777881079
leaf_weight=1264847.7983344793 50167298.195420146 8557372.9230624437 1771899.8279043436 1038789.0940771103 1173279.6413434744 3822979.7900570631 3982234.7199492455 1238969.0163748264 8743548.622590661 717435.51971113682 1210411.7691426277 5245872.3149098158 50853922.095462799 113979078.91626167
leaf_count=974 67525 8710 2380 1243 1480 3345 3746 2220 20234 896 2624 7246 40796 66460
internal_value=5.77965e-05 9.43373e-05 0.000184979 0.00212293 0.00412635 0.00109136 0.0067616 3.82428e-05 0.00258647 -0.00199784 -0.00712676 -0.00130406 -8.00721e-05 -0.000351958
internal_weight=2.53768e+08 2.52503e+08 2.42018e+08 1.70351e+07 1.07504e+07 4.99626e+06 5.75413e+06 2.24983e+08 9.98252e+06 1.04852e+07 1.92785e+06 6.28466e+06 2.15e+08 1.64833e+08
internal_count=229879 228905 216675 19440 10951 4825 6126 197235 22454 12230 3520 8489 174781 107256
cat_boundaries=0 1 2 3 4 5
cat_threshold=326 64 64 16 226
is_linear=0
shrinkage=0.03


Tree=164
num_leaves=15
num_cat=0
split_feature=10 11 12 12 11 10 12 1 1 11 2 3 1 10
split_gain=60870.1 63649.8 221900 178884 171077 218074 163449 199913 158604 141734 153811 135973 133946 110542
threshold=0.68171730937635744 1.0063114542196836 1.0051969303918387 0.9353060627559534 1.0132613496646867 1.0364295936507311 0.99983437853173751 18.500000000000004 17.500000000000004 0.9569913468292458 4.5000000000000009 1.0000000180025095e-35 17.500000000000004 1.085743932159287
decision_type=2 2 2 2 2 2 2 2 2 2 2 2 2 2
left_child=-1 2 3 -2 5 -3 8 -8 13 12 -11 -5 -4 -6
right_child=1 4 9 11 6 -7 7 -9 -10 10 -12 -13 -14 -15
leaf_value=-0.00074208499997406954 -0.00036667892622195244 -0.00023897900970944796 -7.4375708780795779e-05 0.00037347757758160059 -0.00053071183890746304 -0.0021392674680028589 8.6570228136254753e-05 -0.00030067459699128607 0.00032054679608554417 -0.0002260347235186863 -0.0021445880165578217 4.1082284166004655e-05 0.0011960869337596638 0.00030845369456996061
leaf_weight=1280827.8719060421 6796186.5344270468 13820269.884471178 4947920.8106017113 33392015.148993969 9027404.4784681797 1545235.8412868977 123033457.39690685 21718322.661920309 3363333.3643465042 10561188.33176291 2707620.5091998577 18342525.804849148 1512698.1104297638 1761707.420643568
leaf_count=993 7298 10395 4316 24964 6574 1009 103025 32076 3388 9010 3593 19677 1710 1993
internal_value=9.9688e-05 0.000132775 0.000843504 0.00177096 -0.000186396 -0.00320913 0.000105893 0.000406742 -0.0029712 -0.00190796 -0.00368224 0.00237208 0.00173605 -0.00474439
internal_weight=2.53811e+08 2.5253e+08 7.82602e+07 5.85307e+07 1.7427e+08 1.53655e+07 1.58904e+08 1.44752e+08 1.41524e+07 1.97294e+07 1.32688e+07 5.17345e+07 6.46062e+06 1.07891e+07
internal_count=230021 229028 70568 51939 158460 11404 147056 135101 11955 18629 12603 44641 6026 8567
is_linear=0
shrinkage=0.03


Tree=165
num_leaves=15
num_cat=2
split_feature=10 14 0 12 2 16 9 11 3 0 10 9 10 16
split_gain=58020.8 60168.5 136940 88059.5 94736.5 72169.2 138481 66221.8 71513.2 65896.5 173455 211713 137576 120768
threshold=0.68171730937635744 1.0604659230057003 0 1.0182782321369752 4.5000000000000009 0.044202609877353728 79.500000000000014 0.93424325707176459 1.0000000180025095e-35 1 0.97017296776822393 84.500000000000014 1.1925834006211711 0.090568376962788785
decision_type=2 2 1 2 2 2 2 2 2 1 2 2 2 2
left_child=-1 9 3 4 7 -4 -7 -3 -9 10 -2 -12 13 -13
right_child=1 2 5 -5 -6 6 -8 8 -10 -11 11 12 -14 -15
leaf_value=-0.00070345695698585653 -0.00066510423979440083 -0.0010650678262159729 0.00058675300607061273 0.00027831711328859474 0.0047076626280720402 0.00046382601478770798 -0.00047521376404371777 0.00059542798874566243 0.0022425812043943469 -2.1329044597664024e-05 -0.00045813143586958139 0.00052852763404696835 -0.00018780930800482454 0.0016948989330596307
leaf_weight=1228372.2897667885 2191059.4176493883 575462.99317145348 3780930.4764075279 6188550.4170098305 1114931.590038538 1635277.2998813391 8941618.8505185843 1737268.4196466208 836970.42059624195 209895206.8679316 2838454.1802026033 8991200.5907276869 2465681.4337170124 1624124.3528442383
leaf_count=977 2298 1033 16308 11368 3024 1062 7224 3105 1416 164289 3110 11242 2886 856
internal_value=5.77998e-05 8.94022e-05 0.00149239 0.00410445 0.0074214 -0.000409321 -0.00168099 0.00476112 0.00681782 -6.32673e-05 0.00167299 0.00276221 0.00437378 0.00585655
internal_weight=2.54045e+08 2.52817e+08 2.4811e+07 1.04532e+07 4.26463e+06 1.43578e+07 1.05769e+07 3.1497e+06 2.57424e+06 2.28006e+08 1.81105e+07 1.59195e+07 1.3081e+07 1.06153e+07
internal_count=230198 229221 44540 19946 8578 24594 8286 5554 4521 184681 20392 18094 14984 12098
cat_boundaries=0 1 2
cat_threshold=178 64
is_linear=0
shrinkage=0.03


Tree=166
num_leaves=15
num_cat=3
split_feature=2 0 12 12 10 14 12 0 1 1 0 1 7 14
split_gain=55992.1 78272.7 142543 112861 63384.2 64725.7 61541.3 60648.9 78277.2 57949.3 47979 155573 153233 256467
threshold=1.0000000180025095e-35 0 1.0077918519281821 0.99996686537042534 1.0451515685799888 0.97383866075689507 0.95713246118531614 1 16.500000000000004 10.500000000000002 2 7.5000000000000009 1.0000000180025095e-35 0.69793830188227823
decision_type=2 1 2 2 2 2 2 1 2 2 1 2 2 2
left_child=1 2 3 6 5 9 -1 8 -7 -3 11 -2 -13 -14
right_child=10 4 -4 -5 -6 7 -8 -9 -10 -11 -12 12 13 -15
leaf_value=-0.0008733291930623176 -0.00063399516504103546 5.0845975146805879e-05 -0.00074504389026997821 0.0010589659239832541 0.00014814603486102202 -6.2002492592452973e-05 0.00011712715683910224 -0.00043228410770789459 0.00057343458342222638 -0.00042321409041437861 6.1990356853050666e-06 0.00034399173285181133 -0.0030315488713688896 -3.4148745280997546e-05
leaf_weight=1211399.1819492579 4001235.8760654926 2831180.795819521 8684654.8313999176 1600138.7464909554 11340805.93901825 3909138.7817507982 2503944.679686904 2697361.6621383429 2567924.8345909119 6246665.0546340942 161246100.82125902 33483768.23188138 728926.54719924927 10417084.406288147
leaf_count=1033 14620 2438 7076 1223 9725 2121 2099 2836 1192 4306 131675 31887 795 16952
internal_value=0.000114468 -0.000863882 -0.00271207 0.00115724 1.04741e-05 -0.00108394 -0.00171157 0.000693128 0.0022672 -0.00287991 0.00031768 0.00114363 0.00165169 -0.0013951
internal_weight=2.5347e+08 4.35932e+07 1.40001e+07 5.31548e+06 2.95931e+07 1.82523e+07 3.71534e+06 9.17443e+06 6.47706e+06 9.07785e+06 2.09877e+08 4.8631e+07 4.46298e+07 1.1146e+07
internal_count=229978 34049 11431 4355 22618 12893 3132 6149 3313 6744 195929 64254 49634 17747
cat_boundaries=0 1 2 3
cat_threshold=138 21 98
is_linear=0
shrinkage=0.03


Tree=167
num_leaves=15
num_cat=3
split_feature=10 11 0 0 1 11 12 9 12 0 12 12 2 10
split_gain=57481.3 55442.4 348509 195500 166739 186878 158793 185043 132525 228534 155726 127785 114589 153998
threshold=0.68171730937635744 1.0069201742998883 0 1 17.500000000000004 0.96562958517018271 1.0051969303918387 89.500000000000014 0.99880713796770515 2 1.0019210461987851 1.0182782321369752 2.5000000000000004 1.2306657227023974
decision_type=2 2 1 1 2 2 2 2 2 1 2 2 2 2
left_child=-1 2 11 -3 6 -6 8 -8 -4 -10 -11 -2 -5 -14
right_child=1 3 4 12 5 -7 7 -9 9 10 -12 -13 13 -15
leaf_value=-0.00073328459826582453 -0.00029525380243612215 0.00020753353683292437 4.7066957363787374e-05 -0.00016284556575316115 0.0010115702612429355 0.00020722113634297998 0.00068844059956462106 -0.00034888121781718556 0.00111750387365475 0.00038236731419356835 -0.00033926979912714896 -0.0012967383215017586 4.9968913674883846e-05 -0.00097743567888478673
leaf_weight=1235380.0463790894 13730210.659760356 38465097.70035696 21695857.4004637 66860597.523386598 6137510.9811849594 8995525.7937479019 2342107.7382230759 10767606.920315504 5838561.4723557234 4602645.9871959686 3621300.9939678907 2402466.7646501064 63722726.188540816 3605760.0728782415
leaf_count=968 17297 53930 16730 45035 6004 8392 2229 8230 4388 2569 2084 3853 54598 4044
internal_value=7.56493e-05 0.000107197 0.000759343 -0.000195483 0.00175264 0.0045043 0.000900531 -0.0019238 0.00193599 0.00420448 0.000982082 -0.00318124 -0.000735965 0.00013765
internal_weight=2.54023e+08 2.52788e+08 8.01338e+07 1.72654e+08 6.40011e+07 1.5133e+07 4.88681e+07 1.31097e+07 3.57584e+07 1.40625e+07 8.22395e+06 1.61327e+07 1.34189e+08 6.73285e+07
internal_count=230351 229383 71776 157607 50626 14396 36230 10459 25771 9041 4653 21150 103677 58642
cat_boundaries=0 1 2 3
cat_threshold=352 352 11
is_linear=0
shrinkage=0.03


Tree=168
num_leaves=15
num_cat=3
split_feature=9 0 9 0 1 12 12 1 10 0 1 12 9 1
split_gain=57180.9 48913.8 126254 170262 147116 157007 291126 176114 163233 140078 233727 133725 120855 368222
threshold=62.500000000000007 0 72.500000000000014 1 9.5000000000000018 1.0598131614188067 1.0213035412072564 18.500000000000004 0.99896106769128634 2 15.500000000000002 1.014071375735178 72.500000000000014 8.5000000000000018
decision_type=2 1 2 1 2 2 2 2 2 1 2 2 2 2
left_child=-1 12 3 -3 -4 6 7 11 -8 10 -10 -6 13 -2
right_child=1 2 4 -5 5 -7 8 -9 9 -11 -12 -13 -14 -15
leaf_value=-0.0005624044861500078 -0.0012763039633863925 -0.00038526735144044956 0.00016171234700576624 0.00073240007023496316 -0.000309219779997922 0.00025142457273641763 -3.140916656077938e-05 0.00045261596694670089 0.0004858380289968783 -0.0012894622085600962 -0.0010867257874139786 0.00032212735083550655 6.7856568620014025e-05 -3.3772278692909383e-06
leaf_weight=1712796.0137403011 1652536.9221794605 2497835.003852129 27464697.899418712 4747686.3331093788 35050526.359346151 11733618.560649157 4348387.8621168137 10336922.039799452 2313577.3562431335 7311211.1226158142 2618195.9097309113 6423899.6774516106 128443368.86256373 7517682.4710226059
leaf_count=1378 2246 1557 33166 4711 22152 10630 3826 14232 1337 5621 1801 3644 118392 5668
internal_value=7.41235e-05 0.000111186 -0.000345915 0.00348725 -0.000604029 -0.00125343 -0.00180341 -0.000695884 -0.00526198 -0.00703537 -0.00312824 -0.00156908 0.000492664 -0.00283461
internal_weight=2.54173e+08 2.5246e+08 1.14847e+08 7.24552e+06 1.07601e+08 8.01363e+07 6.84027e+07 5.18113e+07 1.65914e+07 1.2243e+07 4.93177e+06 4.14744e+07 1.37614e+08 9.17022e+06
internal_count=230361 228983 102677 6268 96409 63243 52613 40028 12585 8759 3138 25796 126306 7914
cat_boundaries=0 1 2 3
cat_threshold=115 4 260
is_linear=0
shrinkage=0.03


Tree=169
num_leaves=15
num_cat=3
split_feature=11 0 1 0 12 11 0 10 2 10 16 12 11 11
split_gain=58538.2 349476 202599 173149 168570 166395 158038 144378 133841 151931 110671 108758 102784 133962
threshold=1.0069201742998883 0 17.500000000000004 1 1.0051969303918387 0.96562958517018271 2 0.83310007439074751 2.5000000000000004 1.2306657227023974 0.08738686393244284 1.0182782321369752 1.0132613496646867 1.0165661152875569
decision_type=2 1 2 1 2 2 1 2 2 2 2 2 2 2
left_child=1 11 4 -2 7 -4 -6 -3 12 10 -10 -1 -5 -14
right_child=3 2 5 8 6 -7 -8 -9 9 -11 -12 -13 13 -15
leaf_value=-0.00030392633154750494 0.00018302199748648266 -0.0004229790981106622 0.0010124375271201298 -0.00061838745173347167 0.00017622227006412503 0.00024344453339008261 -0.00048765543426326286 0.00025825127265515212 0.000109680557082134 -0.00094693322753297332 -0.00029651558996326153 -0.0012556231813093119 0.00036868075998939637 -0.00016607841475077797
leaf_weight=14181367.261172056 38336685.796979189 4785833.3540133238 6275846.2798547745 5802776.6206396818 5838075.0449135303 9108276.0236635208 7231870.9038259983 31317104.344578147 57402750.369107127 3543393.506367445 6361732.4053344727 2389727.8643829823 2844864.3045321703 58345283.339301944
leaf_count=17772 53680 4158 6123 3554 6019 8409 4462 21910 51838 3972 2801 3842 1981 39382
internal_value=6.97615e-05 0.000734432 0.00173201 -0.000242589 0.000791984 0.00473667 -0.00212734 0.00184884 -0.000750201 0.000194638 0.000530633 -0.0031519 -0.00169948 -0.00133762
internal_weight=2.53766e+08 8.11281e+07 6.4557e+07 1.72637e+08 4.91729e+07 1.53841e+07 1.30699e+07 3.61029e+07 1.34301e+08 6.73079e+07 6.37645e+07 1.65711e+07 6.69929e+07 6.11901e+07
internal_count=229903 72695 51081 157208 36549 14532 10481 26068 103528 58611 54639 21614 44917 41363
cat_boundaries=0 1 2 3
cat_threshold=352 352 137
is_linear=0
shrinkage=0.03


Tree=170
num_leaves=15
num_cat=4
split_feature=12 12 1 0 12 0 12 10 0 1 0 12 12 9
split_gain=58810.3 73478.8 222800 101908 74740.5 160077 141221 181590 232274 201497 226720 553384 257170 211940
threshold=0.92324355344902431 0.98115963927892413 18.500000000000004 0 0.99493778713559811 1 1.0017672621402147 1.012904860052575 2 18.500000000000004 3 1.0077918519281821 1.01444308625972 89.500000000000014
decision_type=2 2 2 1 2 1 2 2 1 2 1 2 2 2
left_child=-1 2 3 -2 5 -3 -6 8 -8 10 11 -9 -12 -11
right_child=1 4 -4 -5 6 -7 7 9 -10 13 12 -13 -14 -15
leaf_value=-0.0003307969305423442 0.00032416685710122758 0.0015502429853999947 0.0012336296140052563 -9.4669270342301101e-05 0.00028374244161857225 -0.00027243772817285182 -0.00067139877106260517 0.001358691145650496 -4.1755902410788343e-05 -0.00096118880598805925 -9.3366892453871234e-05 -0.00049544471496033675 0.00023279166650226005 -7.1541787504260504e-05
leaf_weight=6605519.4059630632 4121792.9833140373 1456363.8605066538 3524440.6471438408 15001758.073767185 20811087.660764217 20792044.806472063 10960150.062353373 2195772.9351713657 28575462.318244457 4929067.0792057514 25507826.244170904 18550077.657992005 74338516.840565562 16485453.898960352
leaf_count=7059 1938 2918 4470 12528 17225 17208 9329 1485 26089 7139 18690 15747 64271 24053
internal_value=0.000136154 0.000210789 0.00183943 0.000562038 4.65628e-05 -0.00160387 0.000228025 -4.03073e-05 -0.00183851 0.000460323 0.000936531 -0.00191716 0.00152946 -0.00222136
internal_weight=2.53855e+08 2.4725e+08 2.2648e+07 1.91236e+07 2.24602e+08 2.22484e+07 2.02353e+08 1.81542e+08 3.95356e+07 1.42007e+08 1.20592e+08 2.07459e+07 9.98463e+07 2.14145e+07
internal_count=230149 223090 18936 14466 204154 20126 184028 166803 35418 131385 100193 17232 82961 31192
cat_boundaries=0 1 2 3 4
cat_threshold=80 128 324 136
is_linear=0
shrinkage=0.03


Tree=171
num_leaves=15
num_cat=0
split_feature=9 9 16 1 9 16 9 16 9 2 16 16 1 16
split_gain=51022.9 51189 363130 250661 178292 162556 184311 158498 111584 106432 104645 92737.6 108587 156374
threshold=62.500000000000007 82.500000000000014 0.051321900351239153 18.500000000000004 74.500000000000014 0.069382729902509321 66.500000000000014 0.05818907302449796 67.500000000000014 4.5000000000000009 0.060299446688428633 0.052398706434270304 16.500000000000004 0.08132442582937606
decision_type=2 2 2 2 2 2 2 2 2 2 2 2 2 2
left_child=-1 2 -2 4 5 6 7 -4 -7 -6 -8 -3 -13 -14
right_child=1 11 3 -5 9 8 10 -9 -10 -11 -12 12 13 -15
leaf_value=-0.00051047688052486997 -0.00082930836888550185 0.0001804173403768707 0.0018662113904799535 -0.00098748943458062954 0.00039843039072441833 -0.00052695352394517786 -0.00035606798865017074 0.00024216306136068394 0.00014660451238462721 0.0012998279323705019 0.00043116646166730581 -8.8997918811224846e-05 0.00027324297945130813 -7.8416060021374714e-05
leaf_weight=1740626.2830815315 4543989.9411447048 39532706.856446385 1650760.24609375 1903556.1397681236 6993637.7983703613 3052893.9738714695 2584165.9056153297 1681565.0249328613 4161387.1384489536 2050940.1545584202 1899321.0832743645 131522736.60706353 25299500.461389661 24648174.660309315
leaf_count=1375 11868 91908 1020 1314 3851 1581 1716 1014 2296 2012 1324 80617 17383 10582
internal_value=4.83897e-05 8.3812e-05 0.00123543 0.00260398 0.00343261 0.00142989 0.00442733 0.00977106 -0.00181748 0.00676069 0.000455638 -7.52357e-05 -0.000362066 0.000828767
internal_weight=2.53266e+08 2.51525e+08 3.05222e+07 2.59782e+07 2.40747e+07 1.50301e+07 7.81581e+06 3.33233e+06 7.21428e+06 9.04458e+06 4.48349e+06 2.21003e+08 1.8147e+08 4.99477e+07
internal_count=229861 228486 27996 16128 14814 8951 5074 2034 3877 5863 3040 200490 108582 27965
is_linear=0
shrinkage=0.03


Tree=172
num_leaves=15
num_cat=5
split_feature=11 12 0 16 12 11 0 12 1 0 0 11 1 0
split_gain=53429.9 87845.9 123430 73440.9 59813.3 239605 265196 293572 190573 183190 157923 265967 298015 297025
threshold=1.1901084494770153 1.1153931218449846 0 0.083217959094837687 1.0051969303918387 1.0304023934857012 1 0.99947707111996298 17.500000000000004 2 3 1.0039162426793975 17.500000000000004 4
decision_type=2 2 1 2 2 2 1 2 2 1 1 2 2 1
left_child=1 4 -3 -4 5 6 7 -1 9 -7 -6 -12 -13 -14
right_child=-2 2 3 -5 10 8 -8 -9 -10 -11 11 12 13 -15
leaf_value=0.0001290268123533638 -0.00032868853849310221 0.0015651235203235979 0.00035880343251000127 -0.00044626229836264194 -0.00022552337093848258 0.00032875830736801734 -5.7724989184633393e-05 0.00076703121147934786 0.0003728611208947476 -0.00065803796879756039 -0.00042702637497796453 0.00017564345820777143 -0.00046263468649633207 4.2553243281144176e-05
leaf_weight=27034094.616541743 9006275.259909153 1294339.7531013489 6447477.2639662027 1758915.1378479004 49953305.628089428 2135877.7064261436 39809750.728182912 13927447.155636787 2741210.8285794258 6950147.7397491932 9602030.1438835859 63659928.055366039 6534306.8150939941 12990001.796598315
leaf_count=25144 9008 2203 6714 853 41620 2451 30653 12248 3024 5179 8686 58705 3212 20475
internal_value=6.62883e-06 9.01048e-05 0.0029183 0.00156028 -2.40711e-05 0.000569734 0.00115369 0.00284835 -0.00341825 -0.00550993 -0.000409287 0.000322883 0.000868584 -0.00237381
internal_weight=2.53845e+08 2.44839e+08 9.50073e+06 8.20639e+06 2.35338e+08 9.25985e+07 8.07713e+07 4.09615e+07 1.18272e+07 9.08603e+06 1.4274e+08 9.27863e+07 8.31842e+07 1.95243e+07
internal_count=230175 221167 9770 7567 211397 78699 68045 37392 10654 7630 132698 91078 82392 23687
cat_boundaries=0 1 2 3 4 5
cat_threshold=96 143 450 140 16
is_linear=0
shrinkage=0.03


Tree=173
num_leaves=15
num_cat=3
split_feature=11 0 1 0 12 9 10 11 12 0 2 14 2 14
split_gain=52631 303753 178746 159008 147808 159478 150324 135492 118838 134167 122556 112102 124788 107240
threshold=1.0069201742998883 0 17.500000000000004 1 1.0051969303918387 89.500000000000014 0.85635765199566871 0.96973899304761912 1.0853076765851486 2 3.5000000000000004 1.1116952879703825 4.5000000000000009 0.88781725287033697
decision_type=2 1 2 1 2 2 2 2 2 1 2 2 2 2
left_child=1 -1 4 8 6 -6 -3 -4 -2 10 -10 -5 -13 -7
right_child=3 2 7 11 5 13 -8 -9 9 -11 -12 12 -14 -15
leaf_value=-0.0004157140689576558 8.3349409801583636e-05 -0.00027811281415750455 0.00085877723117284911 -9.3930905356474133e-05 0.0005850880431262762 0.00019530350269251955 0.00025627835235196247 0.00023666020078905498 0.0021913450091455657 0.00021989629049244794 0.00017709439344367858 -2.4388543757227288e-05 0.0026455082631085679 -0.00047120011713590857
leaf_weight=16523974.293242216 32501025.580421209 6616951.0695962906 6877262.2289953232 129783688.440009 2401981.7922235727 1486738.4418094158 29394980.257840157 8276789.0995998383 1485353.151797533 3680160.1592078209 801910.46243917942 2503239.2898731232 1493004.8231561184 9485677.1602057219
leaf_count=21638 46155 5279 6702 93679 2259 1092 20722 7716 2276 3809 1745 5837 3692 7231
internal_value=4.75157e-05 0.000677858 0.00160705 -0.000249139 0.000732506 -0.00196059 0.00173269 0.00445717 0.00145065 0.00534202 0.0110479 -0.000737915 0.00421108 -0.00349333
internal_weight=2.53313e+08 8.10644e+07 6.45404e+07 1.72248e+08 4.93863e+07 1.33744e+07 3.60119e+07 1.51541e+07 3.84684e+07 5.96742e+06 2.28726e+06 1.3378e+08 3.99624e+06 1.09724e+07
internal_count=229832 72639 51001 157193 36583 10582 26001 14418 53985 7830 4021 103208 9529 8323
cat_boundaries=0 1 2 3
cat_threshold=352 352 96
is_linear=0
shrinkage=0.03


Tree=174
num_leaves=15
num_cat=0
split_feature=13 2 14 16 16 16 11 16 14 16 12 2 12 12
split_gain=61664.7 88982.2 91058.5 87252.6 53516.5 49335.8 66478.7 64984.3 104177 111834 112924 82271.8 69794.4 62505.5
threshold=1.1474896006364572 4.5000000000000009 1.1319402910459286 0.068024337533083887 0.099416194722808979 0.02145571086494619 0.98536147366073423 0.053394880302814023 0.78030025448136631 0.04990669866214225 0.98069331508495938 1.5000000000000002 1.0281187774485046 1.0819307251019412
decision_type=2 2 2 2 2 2 2 2 2 2 2 2 2 2
left_child=4 3 -3 -2 5 6 -1 8 -7 10 -10 -11 -12 -14
right_child=1 2 -4 -5 -6 7 -8 -9 9 11 12 -13 13 -15
leaf_value=0.00087144178022632109 0.00028763127203240794 0.00051970561849547009 0.0033211414206123445 -0.00042844935191388396 0.00027251766489317378 -0.0010506519649958711 -0.00074151256577671579 -3.4192873887687034e-05 0.0010311240567059221 6.9502742065631477e-05 0.00011024536933673502 0.00065611330735303229 -0.00051088267627218402 0.00016181079661202902
leaf_weight=1310272.8060369492 9523641.3555988073 3379902.908398509 1359826.0169360638 4848093.9537963867 6481074.2059984207 1517164.737388134 5589239.6437296867 183164697.25042295 2372724.7440719604 4472541.1664428711 14273546.150020838 6728526.9877347946 5989152.3220431805 2424588.7128782272
leaf_count=8432 20057 6803 4103 3688 4075 1964 35065 105950 3185 2663 17002 4697 8477 3606
internal_value=4.11488e-05 0.00167973 0.00524427 0.000504159 -9.2494e-05 -0.000168959 -0.00266709 -9.09484e-05 0.00104194 0.00136418 0.000250328 0.00385618 -0.000400935 -0.0025682
internal_weight=2.53435e+08 1.91115e+07 4.73973e+06 1.43717e+07 2.34324e+08 2.27842e+08 6.89951e+06 2.20943e+08 3.77782e+07 3.62611e+07 2.506e+07 1.12011e+07 2.26873e+07 8.41374e+06
internal_count=229767 34651 10906 23745 195116 191041 43497 147544 41594 39630 32270 7360 29085 12083
is_linear=0
shrinkage=0.03


Tree=175
num_leaves=15
num_cat=4
split_feature=14 0 14 13 13 3 0 1 1 9 1 0 9 0
split_gain=45140.3 131799 86771.8 66292.7 51925.6 92518.5 44265.2 43705.7 42091.9 104396 220469 193444 142630 163053
threshold=1.0585095856346838 0 2.3082362745503464 0.84181035512519498 0.27957566888501467 1.5000000000000002 1 10.500000000000002 10.500000000000002 72.500000000000014 8.5000000000000018 2 79.500000000000014 3
decision_type=2 1 2 2 2 2 1 2 2 2 2 1 2 1
left_child=4 2 7 -3 5 6 -1 -2 9 10 11 -6 13 -11
right_child=1 3 -4 -5 8 -7 -8 -9 -10 12 -12 -13 -14 -15
leaf_value=0.00012949214722406539 -5.2993577824015075e-05 -0.0024943206682709828 0.054249834834165483 -0.00034053646192496243 2.5768494821363034e-05 -0.020807037636697633 -0.04163197546555409 0.00066536070880678165 -4.1848525268123759e-05 0.0008626507355686061 0.00030230950547062945 -0.0011612719061933887 5.2137190887232269e-05 -5.6682829923689536e-05
leaf_weight=457292.56665897369 2370556.5297635794 632915.9834574461 539582.34275496006 14564429.40516293 1084586.6681941748 466368.32314407825 415015.00729620457 7908314.1158850193 156924301.84949541 1468085.8108463287 2053704.5729923248 1716854.6697648764 61212754.884168506 1339553.3337025642
leaf_count=801 6958 3084 2333 22333 1155 1252 1703 10945 116085 1527 1354 1865 56781 1165
internal_value=2.17956e-05 0.00120549 0.0037363 -0.000596112 -0.000113781 -0.0060048 -0.000238094 0.00312072 -7.88553e-05 0.000539405 -0.00370179 -0.00917537 0.000861046 0.00747282
internal_weight=2.53154e+08 2.60158e+07 1.08185e+07 1.51973e+07 2.27139e+08 1.33868e+06 872308 1.02789e+07 2.258e+08 6.88755e+07 4.85515e+06 2.80144e+06 6.40204e+07 2.80764e+06
internal_count=229341 45653 20236 25417 183688 3756 2504 17903 179932 63847 4374 3020 59473 2692
cat_boundaries=0 1 2 3 4
cat_threshold=178 274 300 242
is_linear=0
shrinkage=0.03


Tree=176
num_leaves=15
num_cat=2
split_feature=10 2 0 10 1 14 1 16 0 2 16 9 12 14
split_gain=46912.1 80173.5 52588.1 175387 110886 163745 336341 109657 138562 109256 107843 102849 99208.6 98394
threshold=1.311423601463038 2.5000000000000004 0 0.96771506909300131 10.500000000000002 0.86863312934990444 8.5000000000000018 0.069382729902509321 1 1.0000000180025095e-35 0.062894268614539353 75.500000000000014 0.9927388970595955 0.97057895534911209
decision_type=2 2 1 2 2 2 2 2 1 2 2 2 2 2
left_child=2 -2 3 9 5 6 10 -7 -9 -1 -4 -5 -11 -13
right_child=1 -3 4 11 -6 7 -8 8 -10 12 -12 13 -14 -15
leaf_value=-0.0012190598778383129 0.00010987756537068816 -0.0010351825521206549 -0.00020239888114562362 -0.0002964741488272607 -6.9916749434772906e-05 0.00014223335257632723 -0.00032987792154938846 0.00034960992296260876 -0.00020023783102103717 0.00024429908558859818 0.00077144670132994015 4.1372030930251873e-05 -0.00087493681327764227 0.00046440524554338671
leaf_weight=1388081.6294864416 2559608.0210443735 2421316.8179326057 683841.40086519718 4924517.8613075018 135505141.71539438 28938976.809617281 3399063.0104153156 5574964.2452764511 16574635.92767334 3169105.3717468977 4546646.4880371094 17874233.804387212 2637801.6085065603 23670744.431963444
leaf_count=1490 2027 2415 5969 6492 94641 41493 2128 2963 5710 4106 1841 23719 3681 31338
internal_value=2.76774e-05 -0.00285506 8.53689e-05 0.000917105 -0.000143265 0.000933743 0.004756 0.000288112 -0.00130057 -0.00344148 0.00953047 0.00159196 -0.00163403 0.00207787
internal_weight=2.53869e+08 4.98092e+06 2.48888e+08 5.36645e+07 1.95223e+08 5.97181e+07 8.62955e+06 5.10886e+07 2.21496e+07 7.19499e+06 5.23049e+06 4.64695e+07 5.80691e+06 4.1545e+07
internal_count=230013 4442 225571 70826 154745 60104 9938 50166 8673 9277 7810 61549 7787 55057
cat_boundaries=0 1 2
cat_threshold=98 257
is_linear=0
shrinkage=0.03


Tree=177
num_leaves=15
num_cat=6
split_feature=11 0 11 0 0 1 12 9 0 1 12 12 0 0
split_gain=49858.3 284284 188669 248661 242211 215752 429343 254973 184234 173690 153242 150808 163924 148042
threshold=1.0069201742998883 0 1.0132613496646867 1 2 17.500000000000004 1.0019210461987851 88.500000000000014 3 17.500000000000004 1.0051969303918387 1.0222447880274059 4 5
decision_type=2 1 2 1 1 2 2 2 1 2 2 2 1 1
left_child=1 -1 3 -2 -4 6 8 13 -6 10 -3 -9 -13 -7
right_child=2 9 4 -5 5 7 -8 11 -10 -11 -12 12 -14 -15
leaf_value=-0.00039169379693443373 0.00022932451013865372 0.00018106306823225128 -0.00024247697292857981 -0.00077796685824529856 0.00025201118041653247 -0.0017701595373957385 0.00021995086313378811 0.00032169756718404232 -0.00051768316775630918 0.00050536425414300081 -0.000198173693628305 -0.00051092185636868528 2.1307075038988875e-05 -0.00034407185816640436
leaf_weight=16491961.819059491 4786208.0024704933 36120237.464745641 44794295.270768762 8915519.5157113075 2571265.4660993814 1762737.8355407715 77245310.657209754 9071127.92035079 6703213.6335490942 15223827.994552612 13200144.95344305 3537777.3317565918 8177491.371304512 4636395.8664549589
leaf_count=21600 4484 26018 45332 5872 2544 1956 66014 9604 4334 14488 10481 1763 10917 4649
internal_value=7.51057e-05 0.000688733 -0.000213661 -0.00359104 7.83016e-05 0.000814381 0.0015469 -0.00151691 -0.00455208 0.00158692 0.000722291 9.51078e-05 -0.00215342 -0.00675325
internal_weight=2.53238e+08 8.10362e+07 1.72201e+08 1.37017e+07 1.585e+08 1.13705e+08 8.65198e+07 2.71855e+07 9.27448e+06 6.45442e+07 4.93204e+07 2.07864e+07 1.17153e+07 6.39913e+06
internal_count=230056 72587 157469 10356 147113 101781 72892 28889 6878 50987 36499 22284 12680 6605
cat_boundaries=0 1 2 3 4 5 6
cat_threshold=352 203 137 322 16 68
is_linear=0
shrinkage=0.03


Tree=178
num_leaves=15
num_cat=0
split_feature=2 16 3 5 5 11 10 10 14 11 10 2 9 11
split_gain=51501.7 70944.6 69172.7 285895 188273 179530 136779 136631 105306 162917 150216 232849 290289 163978
threshold=1.0000000180025095e-35 0.060299446688428633 1.0000000180025095e-35 1.0000000180025095e-35 1.0000000180025095e-35 0.99217020718281967 0.83310007439074751 1.1413265287497878 0.95724379924126335 0.91700597683295093 0.99451885417014119 4.5000000000000009 74.500000000000014 1.0766544007495955
decision_type=2 2 2 2 2 2 2 2 2 2 2 2 2 2
left_child=1 -1 3 5 8 6 -2 -7 9 -4 -10 -12 -13 -14
right_child=2 -3 4 -5 -6 7 -8 -9 10 -11 11 12 13 -15
leaf_value=-0.00025337197379054718 -7.3881846462388253e-05 1.7660576035081678e-05 0.00040474503977035669 -0.0013690508333383982 0.0010543154214892388 -1.5557941347229201e-05 0.0004677021364576701 0.00035718148654894619 -0.00047210224328029919 -0.00032508787385865541 -0.00013415695837119717 -0.00096076451594868917 0.0008598000895829954 2.1651145848134947e-05
leaf_weight=17633451.646122932 5996122.4878046513 25662841.035980225 4041955.3699804544 2083129.4651343822 1964281.115410924 79729261.937141776 18087312.00509572 17146095.796939015 12898453.0108006 25154326.500848413 20208762.40025425 1750955.2908501625 14411508.401092649 6569936.9890605211
leaf_count=21313 4972 12783 3490 1528 1502 59208 14131 16367 16804 28671 16783 2524 18569 11196
internal_value=0.000114279 -0.000827847 0.000308481 0.000766274 -0.000338962 0.000956048 0.00327407 0.000379782 -0.00055107 -0.00201107 0.000212306 0.00106509 0.003148 0.00412734
internal_weight=2.53338e+08 4.32963e+07 2.10042e+08 1.23042e+08 8.70002e+07 1.20959e+08 2.40834e+07 9.68754e+07 8.50359e+07 2.91963e+07 5.58396e+07 4.29412e+07 2.27324e+07 2.09814e+07
internal_count=229841 34096 195745 96206 99539 94678 19103 75575 98037 32161 65876 49072 32289 29765
is_linear=0
shrinkage=0.03


Tree=179
num_leaves=15
num_cat=3
split_feature=11 3 0 10 11 10 0 11 11 11 2 0 10 11
split_gain=45101.7 210200 148669 155832 132104 152489 137074 122544 89488.8 97476.5 87225.5 79253.5 122524 80765.6
threshold=0.99217020718281967 1.5000000000000002 0 0.83310007439074751 0.89451372984939514 1.0335834421676138 1 0.93424325707176459 0.9569913468292458 0.9740154224333436 2.5000000000000004 2 0.90135704482050072 0.98059644709439753
decision_type=2 2 1 2 2 2 1 2 2 2 2 1 2 2
left_child=1 2 10 -4 6 7 -3 -6 -9 -10 -1 -5 -13 -14
right_child=-2 4 3 11 5 -7 -8 8 9 -11 -12 12 13 -15
leaf_value=-0.00037882945792743172 -4.5142223646386928e-05 -0.00067840951914406112 -0.00010015088711665185 0.00017877264900094256 -0.003178733296503148 0.0016074406590576473 0.0015732629295735581 0.0011857108940657485 -0.0022642579788773338 -0.00025777925782470801 0.00031241131898076011 0.00074145187834584263 0.00019409194356381513 0.000901503457574867
leaf_weight=6438949.2244802713 198712271.37216091 1662469.7441550493 7179732.2408504486 8908954.6407133341 2446153.956179142 834467.92594218254 1543549.0886057615 970754.71832466125 1838699.0994528532 2591155.0244125128 3132750.8641643524 4126491.1126160622 8943752.0981103182 3655767.7644683123
leaf_count=6514 178709 2258 5357 8764 2786 1436 2465 1596 2766 4025 3180 2064 5315 2435
internal_value=9.33535e-05 0.000859809 0.00184852 0.0028081 -0.00266565 -0.00458755 0.00253845 -0.00588416 -0.00336101 -0.00516879 -0.00144119 0.00390219 0.00511958 0.00365016
internal_weight=2.52986e+08 5.42736e+07 4.23864e+07 3.28147e+07 1.18872e+07 8.68123e+06 3.20602e+06 7.84676e+06 5.40061e+06 4.42985e+06 9.5717e+06 2.5635e+07 1.6726e+07 1.25995e+07
internal_count=229670 50961 33629 23935 17332 12609 4723 11173 8387 6791 9694 18578 9814 7750
cat_boundaries=0 1 2 3
cat_threshold=352 266 132
is_linear=0
shrinkage=0.03


Tree=180
num_leaves=15
num_cat=0
split_feature=9 10 12 11 3 10 2 5 5 3 11 9 12 11
split_gain=45796.6 47057.2 66345.5 69093.9 65513.3 114502 60608.9 214737 134870 138780 126150 100555 151013 170591
threshold=62.500000000000007 1.2126353484185692 1.1153931218449846 1.1671507471139435 1.5000000000000002 1.3953303454829544 2.5000000000000004 1.0000000180025095e-35 1.0000000180025095e-35 1.0000000180025095e-35 0.99217020718281967 85.500000000000014 1.0064015881057771 1.0132613496646867
decision_type=2 2 2 2 2 2 2 2 2 2 2 2 2 2
left_child=-1 2 6 -4 -3 -6 7 11 9 10 -8 -2 -13 -14
right_child=1 4 3 -5 5 -7 8 -9 -10 -11 -12 12 13 -15
leaf_value=-0.00048043026377949278 0.00015125924106227496 -9.5688645780833304e-05 0.00058726979572792525 4.677771329218172e-06 -0.00032911085978622358 -0.0028467462517519325 0.00068217511606760413 -0.001204625431859529 0.0010894066665626467 -2.305352764593406e-05 0.00010844218370002042 8.0366881749190368e-05 -0.00054448741625927506 -7.3347348461734823e-05
leaf_weight=1717853.3255009651 17827544.950919032 9756191.0584391356 5290280.3782064915 5123465.5987671614 1520433.1453077793 675321.05232620239 7168069.6744455099 2046303.9064023495 1632663.1025220156 75841302.962342381 27898404.42348063 44024426.850314975 10517859.606310844 42170253.873121262
leaf_count=1366 14089 10078 5984 4809 3131 889 5751 1466 1222 86166 21149 32227 8188 33405
internal_value=0.000127708 0.000161053 0.000252717 0.00259464 -0.00167609 -0.00635791 0.000146278 -0.000333105 0.000642894 0.000516888 0.00207756 -0.000161014 -0.000542649 -0.00162627
internal_weight=2.5321e+08 2.51493e+08 2.39541e+08 1.04137e+07 1.19519e+07 2.19575e+06 2.29127e+08 1.16586e+08 1.1254e+08 1.10908e+08 3.50665e+07 1.1454e+08 9.67125e+07 5.26881e+07
internal_count=229920 228554 214456 10793 14098 4020 203663 89375 114288 113066 26900 87909 73820 41593
is_linear=0
shrinkage=0.03


Tree=181
num_leaves=15
num_cat=0
split_feature=14 2 3 4 1 14 12 9 10 16 9 1 9 1
split_gain=42793.7 106200 144657 136814 126325 102873 102137 96181.6 86821.6 57909 67696.2 56165 126345 243007
threshold=1.0847927943541265 4.5000000000000009 2.5000000000000004 1.0000000180025095e-35 17.500000000000004 1.4372456528456439 1.0306009201534621 79.500000000000014 0.96771506909300131 0.02145571086494619 82.500000000000014 10.500000000000002 70.500000000000014 8.5000000000000018
decision_type=2 2 2 2 2 2 2 2 2 2 2 2 2 2
left_child=9 2 7 6 5 -4 8 -2 -3 10 -1 12 13 -11
right_child=1 3 4 -5 -6 -7 -8 -9 -10 11 -12 -13 -14 -15
leaf_value=-0.0019291385861780574 0.00091756329609459463 -0.0010199886361717172 -0.0050202158714778332 0.0041500696967813324 0.0012946192524006424 -0.0014026083988679283 -0.00087740751975745569 0.00012570425971813174 0.0024612464788181451 -0.00091653407169018785 -0.00028948134294312509 -3.3928677362848934e-05 8.8715627384213584e-05 0.0003294662156242893
leaf_weight=950045.03329110146 1216310.5612335205 551738.55178558826 690528.7372276783 827618.48381221294 760457.53230857849 1635708.3484303951 1045473.7369488478 7635738.8476425409 1444942.6888244152 2393262.4774360657 5803465.3385540247 160559384.96045589 65939349.661955595 1709139.2241978645
leaf_count=5493 1966 1781 585 1317 1502 2828 3520 16675 4800 1452 35542 108466 42751 1154
internal_value=4.27271e-05 0.00155407 0.00015416 0.00587299 -0.0054381 -0.0089081 0.00293081 0.00210417 0.00690843 -5.79331e-05 -0.00279611 2.22586e-05 0.000731122 -0.00437715
internal_weight=2.53163e+08 1.58085e+07 1.19387e+07 3.86977e+06 3.08669e+06 2.32624e+06 3.04215e+06 8.85205e+06 1.99668e+06 2.37355e+08 6.75351e+06 2.30601e+08 7.00418e+07 4.1024e+06
internal_count=229832 34974 23556 11418 4915 3413 10101 18641 6581 194858 41035 153823 45357 2606
is_linear=0
shrinkage=0.03


Tree=182
num_leaves=15
num_cat=0
split_feature=2 14 16 9 16 11 1 1 16 14 12 16 9 9
split_gain=49415.9 65285.3 58241.9 122467 55834 83420 117119 115454 109000 99294.4 78617.3 76154.6 71129.4 69950.4
threshold=1.0000000180025095e-35 0.68562408060802593 0.077159911473550891 72.500000000000014 0.058593427497950504 0.98536147366073423 10.500000000000002 19.500000000000004 0.041128545564504647 1.0125634060142696 1.0233061924905116 0.026175786713917553 84.500000000000014 67.500000000000014
decision_type=2 2 2 2 2 2 2 2 2 2 2 2 2 2
left_child=1 -1 3 -3 5 6 -2 9 12 11 -10 -7 -9 -6
right_child=4 2 -4 -5 13 7 -8 8 10 -11 -12 -13 -14 -15
leaf_value=-0.0011178624839876959 -0.0002009169313592279 0.00080209191057459554 0.00012061061993489331 -0.00018083786401475898 -0.00040430570670565243 -0.00089515470996418076 0.0006429059891792043 -0.00076785505260702736 -0.0003075081577561821 0.00040267625582514756 -0.001349841713694595 5.5918397480721808e-05 0.00015448873340217006 5.3869628991497771e-06
leaf_weight=1291917.0800448656 4169158.2136405706 1390314.6525831223 11920170.381958008 28776126.752576351 5093939.9590506554 2090174.068100214 9464677.4660363197 1697512.9779379368 2574838.548664093 14800562.360356092 1885896.0955116749 27838321.623705626 9173740.3032271862 131991942.58354652
leaf_count=1751 10778 1240 4999 26061 2933 15969 11139 4135 2159 24397 1904 20968 21744 80116
internal_value=8.08035e-05 -0.0008413 -0.000637391 -0.00133892 0.000270572 0.000936508 0.00305499 0.000455613 -0.00179098 0.00122569 -0.00573983 0.000231691 -0.000170671 -8.74234e-05
internal_weight=2.54159e+08 4.33785e+07 4.20866e+07 3.01664e+07 2.10781e+08 7.36949e+07 1.36338e+07 6.0061e+07 1.5332e+07 4.47291e+07 4.46073e+06 2.99285e+07 1.08713e+07 1.37086e+08
internal_count=230293 34051 32300 27301 196242 113193 21917 91276 29942 61334 4063 36937 25879 83049
is_linear=0
shrinkage=0.03


Tree=183
num_leaves=15
num_cat=0
split_feature=12 11 13 11 12 9 10 12 10 11 11 4 13 10
split_gain=43121.8 196282 172277 174157 134373 131840 171159 109762 153861 240347 168339 151968 109124 100857
threshold=1.0051969303918387 1.0304023934857012 0.53878424831981009 1.0142450752632377 0.98842126986668599 85.500000000000014 1.0368600691440639 0.99880713796770515 1.0296330832311156 0.99953296935072145 1.0007501084115906 1.0000000180025095e-35 1.4611920349058671 1.0215195970149744
decision_type=2 2 2 2 2 2 2 2 2 2 2 2 2 2
left_child=1 7 -2 5 -3 -4 -7 11 9 -9 -11 -1 -13 -12
right_child=2 4 3 -5 -6 6 -8 8 -10 10 13 12 -14 -15
leaf_value=6.2753620475830614e-05 0.00052164663887959968 -7.2875482647976347e-06 0.00029931626114111686 1.0613559459477524e-05 -0.00064867989379330368 -0.00032969883333568942 -0.0018950917334495242 0.00051764078066354898 0.00072406120221604677 -0.00091658672126767335 0.00017697934049490513 -0.0036716397702702152 -0.00036624573572743157 -0.00027067907123900955
leaf_weight=45552229.495473146 1512800.5389866829 6400182.0716421604 4008207.7501102686 132329001.67503345 5719343.6187916994 21582591.239220858 1570609.1946055889 10135309.754917622 6780437.054202199 2445958.5856827497 10204178.957994819 733303.82689106464 772967.23527550697 4165475.7396936417
leaf_count=40579 5111 5547 3649 121903 5316 19642 1064 7779 5382 1397 8097 1019 1225 2667
internal_value=4.7503e-05 0.000562156 -0.000249486 -0.00034506 -0.00299798 -0.0025332 -0.00340284 0.00109622 0.00240231 0.00138603 -0.000813425 0.000160028 -0.0092152 0.000424968
internal_weight=2.53913e+08 9.29094e+07 1.61003e+08 1.5949e+08 1.21195e+07 2.71614e+07 2.31532e+07 8.07899e+07 3.37314e+07 2.69509e+07 1.68156e+07 4.70585e+07 1.50627e+06 1.43697e+07
internal_count=230377 79008 151369 146258 10863 24355 20706 68145 25322 19940 12161 42823 2244 10764
is_linear=0
shrinkage=0.03


Tree=184
num_leaves=15
num_cat=0
split_feature=12 11 16 14 14 16 3 11 13 16 12 14 12 9
split_gain=45047 94349.7 141702 126501 52209.6 167061 98857.3 95371 61121.3 99918 73664.9 78727 99894.1 73961.9
threshold=0.9353060627559534 0.90644793995258399 0.04490981942762768 0.86863312934990444 0.80316234476136994 0.078152467936967049 1.0000000180025095e-35 0.9740154224333436 0.91619137513473936 0.033755858039455959 1.0163365844656924 0.95527069627741801 0.99712577792716017 85.500000000000014
decision_type=2 2 2 2 2 2 2 2 2 2 2 2 2 2
left_child=-1 2 -2 -4 5 7 -7 -3 9 -6 11 12 -11 -12
right_child=1 4 3 -5 8 6 -8 -9 -10 10 13 -13 -14 -15
leaf_value=-0.00029153627326808129 0.0020630518181949768 0.00044579556304473521 0.00068263273943159827 -4.0206947466674759e-05 -0.00054782393900778084 0.0004688429268887324 -0.0002927542558753379 -0.00056995381655440634 -1.1773549843917917e-05 -0.00022168550350209636 0.00058540944753098347 0.00063189750140462092 0.00033472464628327419 -8.5414974146499461e-05
leaf_weight=7241022.6096161604 1535555.3072366714 1021389.9830573797 2037505.7305908203 7342887.6770935059 3858875.7677271366 3081322.3700561523 1806212.4753861427 10019104.50468266 181710194.58230305 4684981.4859008789 2875300.0969703197 6325383.5813604593 7154772.8591313362 12789754.701550484
leaf_count=7845 3968 1340 1096 4427 17557 1572 1230 13915 153517 2575 2553 4594 4067 9908
internal_value=5.12283e-05 0.000119808 0.00284637 0.00146344 -6.66663e-06 -0.00166509 0.00295262 -0.00370932 0.000113733 0.0012132 0.00173489 0.0030349 0.00159133 0.000227406
internal_weight=2.53484e+08 2.46243e+08 1.09159e+07 9.38039e+06 2.35327e+08 1.5928e+07 4.88753e+06 1.10405e+07 2.19399e+08 3.76891e+07 3.38302e+07 1.81651e+07 1.18398e+07 1.56651e+07
internal_count=230164 222319 9491 5523 212828 18057 2802 15255 194771 41254 23697 11236 6642 12461
is_linear=0
shrinkage=0.03


Tree=185
num_leaves=15
num_cat=3
split_feature=11 0 11 4 12 11 2 0 2 10 11 11 0 12
split_gain=54965.7 221648 187603 99037.4 102310 170614 185445 164568 136078 131154 98638.3 95525.6 115925 158679
threshold=0.99953296935072145 0 1.0007501084115906 1.0000000180025095e-35 1.0051969303918387 0.9569913468292458 4.5000000000000009 1 2.5000000000000004 0.85635765199566871 0.93424325707176459 1.0023984355928093 2 1.0047066218812479
decision_type=2 1 2 2 2 2 2 1 2 2 2 2 1 2
left_child=1 -1 -2 4 9 7 -7 8 -6 -3 -5 -4 -13 -14
right_child=2 3 11 10 5 6 -8 -9 -10 -11 -12 12 13 -15
leaf_value=-0.00033438722453655966 -0.00086934181323172321 -6.4240570115338465e-05 0.00076432578031945049 -0.0034730864232500563 0.00017276425261737938 -4.3517593400614877e-05 -0.0023628485457835688 -0.0002615175102976833 0.0012647566772594791 0.00038525993073712902 0.00045682123508342023 -0.0001781788443999744 -0.00022123363450490309 8.4366704708751516e-05
leaf_weight=13787332.513383269 3340854.4121887684 8308572.2229079008 2918204.4217668772 784145.11839783192 2009587.5154495239 6703217.6494871378 1860714.733173728 1931205.8922563791 1631521.8495867252 28096965.979746222 849977.89596652985 61213277.431254864 20003468.90584445 99864719.539240003
leaf_count=17654 2974 6966 3203 859 1474 4483 2068 1570 1867 21158 1312 50265 15718 98132
internal_value=7.06358e-05 0.000815387 -0.000191594 0.00170932 0.00194434 -0.000221722 -0.00288026 0.00386411 0.00761877 0.00278542 -0.00555958 -6.36715e-05 -0.000150446 0.000391984
internal_weight=2.53304e+08 6.59632e+07 1.87341e+08 5.21759e+07 5.05418e+07 1.41362e+07 8.56393e+06 5.57232e+06 3.64111e+06 3.64055e+07 1.63412e+06 1.84e+08 1.81081e+08 1.19868e+08
internal_count=229703 59411 170292 41757 39586 11462 6551 4911 3341 28124 2171 167318 164115 113850
cat_boundaries=0 1 2 3
cat_threshold=352 152 140
is_linear=0
shrinkage=0.03


Tree=186
num_leaves=15
num_cat=0
split_feature=10 10 3 10 16 12 3 14 12 12 1 10 16 10
split_gain=52306.2 63668.7 108291 79876.8 73501.8 65815.2 56421.3 126604 55758.9 102536 353530 115185 175719 96018.1
threshold=1.2236955986104996 1.1413265287497878 1.0000000180025095e-35 1.1404111661944714 0.082451595283831072 1.165234938327268 1.5000000000000002 0.73095510993816071 1.03376952192731 1.0294283446165053 17.500000000000004 1.0389604186223813 0.070048091891562358 0.93078066328201858
decision_type=2 2 2 2 2 2 2 2 2 2 2 2 2 2
left_child=1 3 5 8 -4 -3 -2 -8 9 -1 11 -11 -13 -10
right_child=6 2 4 -5 -6 -7 7 -9 13 10 -12 12 -14 -15
leaf_value=1.0338897372714494e-05 -0.00012451761544562118 0.00043869592661821408 3.6783142938020561e-05 -0.00072158074019969319 -0.00094785589237492661 -0.00028770528349494494 -0.0025066270819026101 -9.4700893144956022e-05 0.00055871321753628647 5.685928190280565e-05 -0.00045449278335803699 0.00019400847031559261 0.00085331317753460428 -0.00016060093906929317
leaf_weight=164890708.32525718 8658658.4612801075 14694419.469200373 6439189.0869479179 1522529.6684229374 1765407.5054661036 1451495.5746970177 736502.30905938148 1205176.7117108107 2239710.232075572 3086379.8491067886 3419797.8495004177 4416010.0193904638 3117037.8018937111 35837572.826805234
leaf_count=140570 8827 13693 9798 992 1395 1346 917 2618 2421 3109 2979 3289 1133 36889
internal_value=0.000109838 0.000199869 0.00165496 3.77302e-05 -0.00115155 0.00308109 -0.00195298 -0.00657487 8.57723e-05 0.000307609 0.0027688 0.00547034 0.00747025 -0.000956665
internal_weight=2.53481e+08 2.4288e+08 2.43505e+07 2.1853e+08 8.2046e+06 1.61459e+07 1.06003e+07 1.94168e+06 2.17007e+08 1.7893e+08 1.40392e+07 1.06194e+07 7.53305e+06 3.80773e+07
internal_count=229976 217614 26232 191382 11193 15039 12362 3535 190390 151080 10510 7531 4422 39310
is_linear=0
shrinkage=0.03


Tree=187
num_leaves=15
num_cat=4
split_feature=9 1 1 9 0 0 0 16 3 16 0 12 12 12
split_gain=45902.5 407946 256689 314662 257228 159703 158010 151821 114548 113382 152516 140558 296197 155432
threshold=85.500000000000014 17.500000000000004 8.5000000000000018 68.500000000000014 0 1 2 0.060028144785962495 1.0000000180025095e-35 0.052398706434270304 3 1.0175172891964588 1.0296685703366102 0.99996686537042534
decision_type=2 2 2 2 1 1 1 2 2 2 1 2 2 2
left_child=1 2 3 5 8 -1 -3 -5 -4 -2 11 13 -13 -11
right_child=9 6 4 7 -6 -7 -8 -9 -10 10 -12 12 -14 -15
leaf_value=-0.00038707308087478754 0.00019883117975229799 -0.00072409299674496409 0.00018714445327828558 -0.00067464305876389289 0.00053951671110329081 -0.0017452912045848917 -0.00011536580341281595 0.00042072915261340542 -0.000827789604548089 -0.00029644626077107147 2.1501332611040743e-05 -0.0011099390285477407 -0.00014759810200517043 0.00022738210315729275
leaf_weight=1047595.3502008915 38861090.322564125 4252114.3734283447 3190433.5043945312 1360681.6356233358 16411978.057034373 946709.00070691109 4498305.3431092501 3669961.8043789864 1924286.8366394043 18576216.539703369 121945328.78166199 6679757.8187255859 14833901.470720172 15254644.699799657
leaf_count=1493 90517 3174 1892 5032 11207 1257 6376 1635 1330 12703 69831 3591 10761 9184
internal_value=0.000107945 0.0010798 0.00281662 -0.00216277 0.00444158 -0.0122469 -0.00458725 0.00183489 -0.00143279 -5.97723e-05 -0.000381456 -0.00168757 -0.00358346 -0.000481948
internal_weight=2.53453e+08 3.73021e+07 2.85516e+07 7.02495e+06 2.15267e+07 1.9943e+06 8.75042e+06 5.03064e+06 5.11472e+06 2.16151e+08 1.7729e+08 5.53445e+07 2.15137e+07 3.38309e+07
internal_count=229983 33396 23846 9417 14429 2750 9550 6667 3222 196587 106070 36239 14352 21887
cat_boundaries=0 1 2 3 4
cat_threshold=68 364 84 392
is_linear=0
shrinkage=0.03


Tree=188
num_leaves=15
num_cat=3
split_feature=11 0 1 11 11 0 0 12 1 11 11 11 12 12
split_gain=41417.7 233351 151461 181078 146724 233399 232105 221048 262113 192692 135090 191746 130733 164533
threshold=1.0069201742998883 0 17.500000000000004 0.96562958517018271 1.0132613496646867 1 2 1.0103583756494539 18.500000000000004 1.0256949624400986 1.0011991564699063 0.99953296935072145 1.0483975785225208 1.0166521525691514
decision_type=2 1 2 2 2 1 1 2 2 2 2 2 2 2
left_child=1 -1 10 -4 6 9 -2 -7 -9 -6 11 -3 13 -11
right_child=4 2 3 -5 5 7 -8 8 -10 12 -12 -13 -14 -15
leaf_value=-0.0003270825627125336 0.00028106678477165251 4.6557165648863687e-05 0.0009277766404513153 0.00013987216096535596 0.00060553942058221108 -0.00016396535546769873 -0.00074715554512867224 0.00018511031596079721 -0.00030517204086765831 -0.00020585880063425332 0.00046714075811280019 -0.00096906311305737015 4.5563558375045302e-05 -0.00088130669954103555
leaf_weight=16551414.216470242 4655454.3689301014 39664923.697421193 6182042.4926261902 9051957.8196840286 2568659.8821145296 28418326.647032261 8841224.2969632149 85632402.002251029 15230964.931507111 8273312.2962816954 7294573.0613952875 2267045.1477925777 7129278.4504500628 10740969.000268102
leaf_count=21609 4362 29746 6040 8429 2507 23085 5803 73312 22916 6901 5085 1649 8483 9147
internal_value=7.92213e-05 0.000638241 0.00145411 0.00406818 -0.000184859 7.16163e-05 -0.00318719 0.000615012 0.00127347 -0.00237511 0.000645144 -1.03372e-05 -0.00314547 -0.00444449
internal_weight=2.52503e+08 8.1012e+07 6.44605e+07 1.5234e+07 1.71491e+08 1.57994e+08 1.34967e+07 1.29282e+08 1.00863e+08 2.87122e+07 4.92265e+07 4.1932e+07 2.61436e+07 1.90143e+07
internal_count=229074 72558 50949 14469 156516 146351 10165 119313 96228 27038 36480 31395 24531 16048
cat_boundaries=0 1 2 3
cat_threshold=352 136 203
is_linear=0
shrinkage=0.03


Tree=189
num_leaves=15
num_cat=3
split_feature=10 11 12 16 0 0 11 10 10 10 10 0 12 9
split_gain=57545.5 59537.2 152193 97006 104052 70114.4 96659.8 49109.1 45688.7 144547 142821 161999 228156 159256
threshold=0.68171730937635744 0.90644793995258399 0.94288066048179553 0.04490981942762768 0 1 0.81558126065163716 0.81095062694523767 1.0389604186223813 1.0414267246865097 1.0363308762909964 2 1.0137968994692892 65.500000000000014
decision_type=2 2 2 2 1 1 2 2 2 2 2 1 2 2
left_child=-1 2 5 -4 -5 -2 -7 -6 10 -10 11 12 13 -3
right_child=1 8 3 4 7 6 -8 -9 9 -11 -12 -13 -14 -15
leaf_value=-0.0007133556359783397 -0.00097551553190426265 -0.0006468423910207285 0.0019708009028839707 0.00073297932820771809 -0.00031112260278362997 0.00047842990837973753 -0.00063120149771721636 0.00031173315876112715 0.00038496436284015772 1.7700486980413104e-05 -0.00056661241113061108 -9.004922329031681e-05 -0.00019181447736532295 0.00051943527661878848
leaf_weight=1225953.9496978521 1571266.7050465345 1504356.180583477 1309335.0129413605 1881897.7961425781 1921864.1783752441 2347916.0001428127 1864524.4199587107 4260117.6954193115 6461711.5675922632 111393905.06846821 6509892.3544090986 76180428.457612157 14913554.974121571 19544538.759808302
leaf_count=962 1582 1100 3241 947 1334 2802 2336 2162 5215 107847 5229 65280 12847 16745
internal_value=9.06099e-05 0.000122195 0.00194492 0.00430633 0.00307655 -0.00188204 0.000135312 0.00119631 5.38356e-06 0.000423759 -0.000410181 -0.000159409 0.00150014 0.00351149
internal_weight=2.52891e+08 2.51665e+08 1.51569e+07 9.37321e+06 8.06388e+06 5.78371e+06 4.21244e+06 6.18198e+06 2.36508e+08 1.17856e+08 1.18653e+08 1.12143e+08 3.59624e+07 2.10489e+07
internal_count=229629 228667 14404 7684 4443 6720 5138 3496 214263 113062 101201 95972 30692 17845
cat_boundaries=0 1 2 3
cat_threshold=272 256 11
is_linear=0
shrinkage=0.03


Tree=190
num_leaves=15
num_cat=5
split_feature=9 9 1 1 9 0 3 0 16 0 1 16 0 0
split_gain=46749.2 46378.1 328432 253543 373805 235677 125690 125095 130628 120775 120549 93264.8 125459 121718
threshold=62.500000000000007 85.500000000000014 18.500000000000004 8.5000000000000018 68.500000000000014 0 1.0000000180025095e-35 1 0.062141956110126045 2 6.5000000000000009 0.052398706434270304 3 4
decision_type=2 2 2 2 2 1 2 1 2 1 2 2 1 1
left_child=-1 2 3 4 9 6 -5 -4 -9 -2 -6 12 -3 -13
right_child=1 11 7 5 10 -7 -8 8 -10 -11 -12 13 -14 -15
leaf_value=-0.00042339378486588847 -0.00060346373147783679 0.00076493963462656827 -0.0023460678168098058 0.00010526009056003307 -0.00080667773859879335 0.0004764333101193871 -0.00095648410324291526 3.7855277599219446e-05 -0.0011841819348108629 -0.0018840875591613607 0.00032337345755496176 -0.00019693428556722431 5.0376856553901084e-05 1.9698168730778688e-05
leaf_weight=1735646.0152906179 865321.50346004963 8240656.7118645906 1285223.4444885254 3730692.4246826172 969925.16374194622 17899205.553993464 1914712.9993591309 2905473.7444684505 1243775.6523580551 810922.75375580788 4006913.1777458191 55341803.749601722 30389306.255197167 121506884.17666626
leaf_count=1361 1265 20226 1718 2114 4445 11927 1337 5204 715 1068 2254 36283 69841 69617
internal_value=9.20334e-05 0.000125947 0.00112854 0.00235038 -0.00282085 0.00381164 -0.00153282 -0.00566085 -0.00312763 -0.0150738 0.00130606 -3.98449e-05 0.00129557 -0.000331547
internal_weight=2.52846e+08 2.51111e+08 3.56322e+07 3.01977e+07 6.65308e+06 2.35446e+07 5.64541e+06 5.43447e+06 4.14925e+06 1.67624e+06 4.97684e+06 2.15479e+08 3.863e+07 1.76849e+08
internal_count=229375 228014 32047 24410 9032 15378 3451 7637 5919 2333 6699 195967 90067 105900
cat_boundaries=0 1 2 3 4 5
cat_threshold=68 68 364 72 392
is_linear=0
shrinkage=0.03


Tree=191
num_leaves=15
num_cat=3
split_feature=9 9 2 1 1 0 9 0 16 1 9 9 0 1
split_gain=44863.3 48563.6 309052 207163 205350 217810 150244 127381 113315 94172.9 115601 107907 91178.6 82541.8
threshold=62.500000000000007 79.500000000000014 5.5000000000000009 7.5000000000000009 14.500000000000002 0 71.500000000000014 1 0.056867780581918818 8.5000000000000018 67.500000000000014 74.500000000000014 2 18.500000000000004
decision_type=2 2 2 2 2 1 2 1 2 2 2 2 1 2
left_child=-1 2 3 6 9 13 7 -2 -8 -5 -11 12 -12 -6
right_child=1 -3 -4 4 5 -7 8 -9 -10 10 11 -13 -14 -15
leaf_value=-0.00045107806391755999 -0.00027897089217569749 -7.5679407532685187e-06 -0.0012032468708346061 3.3686548907422664e-05 0.00087139569691712011 -0.00027927402493631206 -0.00083936825052498894 -0.0014276943127422099 0.00081476615606325853 0.0011387558766806558 0.00062294125492716392 0.00078783068679860746 -0.0003180623269509073 -0.00010646578072485067
leaf_weight=1729320.4558647871 662862.9068287611 225495131.30700338 1673933.5843095779 2382823.4662971497 3419104.2001714706 6374323.318271637 503529.0644762516 784132.95585691929 672375.82996940613 2534978.6976318359 1927966.6489872932 2914970.8713092804 1573111.7391052246 1642549.5317115784
leaf_count=1367 1159 205054 2575 1008 2254 4077 1974 1552 361 1645 1356 2059 1066 2822
internal_value=4.42653e-05 7.7238e-05 0.00127796 0.00210103 0.0030207 0.000184474 -0.0058828 -0.0123554 0.00208202 0.00588249 0.00729341 0.00515042 0.00160043 0.00483063
internal_weight=2.54291e+08 2.52562e+08 2.70667e+07 2.53927e+07 2.27698e+07 1.1436e+07 2.6229e+06 1.447e+06 1.1759e+06 1.13339e+07 8.95103e+06 6.41605e+06 3.50108e+06 5.06165e+06
internal_count=230329 228962 23908 21333 16287 9153 5046 2711 2335 7134 6126 4481 2422 5076
cat_boundaries=0 1 2 3
cat_threshold=426 300 398
is_linear=0
shrinkage=0.03


Tree=192
num_leaves=15
num_cat=0
split_feature=11 12 11 10 1 13 14 2 12 16 4 16 4 10
split_gain=49467.2 108429 75842.9 144071 90067.3 63050.5 56940 182223 109533 71304.7 66945.1 61846.1 60587.9 55566.7
threshold=0.77700826205213713 0.91595830406058487 0.90644793995258399 0.81095062694523767 17.500000000000004 0.99788436612522213 1.1116952879703825 4.5000000000000009 1.0251274134934043 0.032409934164850746 1.0000000180025095e-35 0.02145571086494619 1.0000000180025095e-35 1.0283647253166985
decision_type=2 2 2 2 2 2 2 2 2 2 2 2 2 2
left_child=-1 -2 3 -3 5 -5 11 9 -9 -8 -11 -4 -10 -13
right_child=1 2 6 4 -6 -7 7 8 12 10 -12 13 -14 -15
leaf_value=0.00047321140317121226 -0.00064363165894543118 -0.00014862937810983476 -0.00056071228670145055 0.00053083468943176655 0.0013065854100533624 -0.00017502479075287404 0.0015287789233197702 0.0043113202220377992 -0.00061538708002081008 0.00011611726963914498 -0.0014919951952083131 -6.5746443349403187e-05 0.0037653443373849745 2.9179655614463051e-05
leaf_weight=2454715.9990521669 3032430.6441243887 5404139.3743857145 6702554.0790401697 3308936.2187002897 1547143.2661275864 1579228.4807388783 1161402.1493868828 1444140.6075048447 758100.57058012486 3502260.9085388184 2225248.1416625977 90710236.167109251 296493.49459433556 129625192.67389393
leaf_count=2749 3157 5576 40743 2266 1346 1222 10688 4616 3072 3143 2870 56342 543 91667
internal_value=-2.55606e-06 -4.39543e-05 2.49171e-05 0.00236808 0.00540073 0.00340403 -9.24211e-05 0.00219715 0.00913716 -0.000320122 -0.00169452 -0.000187091 0.001787 -0.000100732
internal_weight=2.53752e+08 2.51298e+08 2.48265e+08 1.18394e+07 6.43531e+06 4.88816e+06 2.36426e+08 9.38765e+06 2.49873e+06 6.88891e+06 5.72751e+06 2.27038e+08 1.05459e+06 2.20335e+08
internal_count=230000 227251 224094 10410 4834 3488 213684 24932 8231 16701 6013 188752 3615 148009
is_linear=0
shrinkage=0.03


Tree=193
num_leaves=15
num_cat=3
split_feature=14 11 0 13 16 1 14 0 14 1 14 11 0 3
split_gain=37839.3 72032 124233 130017 109264 111243 512727 163463 153689 181481 139032 133522 118606 181383
threshold=1.0046522558627082 0.98536147366073423 0 0.53878424831981009 0.027012628138511342 8.5000000000000018 0.89729520766646598 1 0.80817321326263725 11.500000000000002 0.9696866883571319 1.0982257806560121 2 1.0000000180025095e-35
decision_type=2 2 1 2 2 2 2 1 2 2 2 2 1 2
left_child=1 2 3 -1 -3 6 11 -8 9 -7 -9 -6 -11 -14
right_child=-2 4 -4 -5 5 8 7 10 -10 12 -12 -13 13 -15
leaf_value=-0.00025626565845293723 6.1575697181883818e-05 -0.00069004788356316399 -1.3834365782616461e-05 0.00042930623823535474 0.00092090461510496474 -0.0012196504480053261 0.00043853093317255053 7.4333605465274971e-05 -3.3108414126564369e-05 -0.00069925667393711997 -0.00039572289510167685 0.00030887879303880981 0.00040251170432707641 -0.00092057362382567671
leaf_weight=1364997.2626373768 83368677.822000384 6880167.8030737638 23506543.368800402 7471406.1211175919 4213091.5312199593 2653796.9729714394 3664838.854309082 5420186.0178375244 97107381.24669528 2162507.9256591797 6966647.1966400146 2041271.7673797607 4589089.9439544678 2573510.4418983459
leaf_count=977 91201 30570 18789 5507 2009 2406 2044 3222 61862 823 3512 1374 3451 2476
internal_value=5.41684e-06 -0.000250549 0.00102399 0.00405652 -0.000548673 -0.000355696 0.0015747 -0.00126443 -0.000750424 -0.00395651 -0.00291114 0.00886124 -0.00198665 -0.000127591
internal_weight=2.53984e+08 1.70615e+08 3.23429e+07 8.8364e+06 1.38272e+08 1.31392e+08 2.2306e+07 1.60517e+07 1.09086e+08 1.19789e+07 1.23868e+07 6.25436e+06 9.32511e+06 7.1626e+06
internal_count=230223 139022 25273 6484 113749 83179 12161 8778 71018 9156 6734 3383 6750 5927
cat_boundaries=0 1 2 3
cat_threshold=144 72 24
is_linear=0
shrinkage=0.03


Tree=194
num_leaves=15
num_cat=3
split_feature=11 0 0 2 14 3 9 16 0 12 3 9 11 4
split_gain=42589 214901 155024 117558 124192 132522 129402 113139 104961 117575 94718.6 110236 118350 92843.4
threshold=1.0069201742998883 0 1 2.5000000000000004 0.9169296688441525 1.0000000180025095e-35 67.500000000000014 0.070476896747753745 2 1.0137968994692892 1.0000000180025095e-35 70.500000000000014 1.0186267927115271 1.0000000180025095e-35
decision_type=2 1 1 2 2 2 2 2 1 2 2 2 2 2
left_child=1 -1 10 8 5 7 -6 -5 9 -4 11 -2 -13 -3
right_child=2 13 3 4 6 -7 -8 -9 -10 -11 -12 12 -14 -15
leaf_value=-0.00033852357025523401 0.0010331738031785498 0.00015731986260215792 -0.00038008031086661661 -0.00014045137907366261 -0.00050389846029400779 -0.00053744986223206272 0.00011888812641656219 0.00061253768708796369 -0.00022724229208326144 8.9625237401745231e-05 -0.00011077987231530846 -0.00074919399659641563 0.0002929953843062119 -0.0014287500861250777
leaf_weight=14310777.825983286 2053312.2093555927 64703120.400416851 9806957.1280435324 2705079.3099286556 2559661.9497032166 8850859.014949441 51420071.584503174 1558934.7814941406 34559412.699024081 22578745.400145531 12433221.819972396 1522056.4135050774 22571729.231696248 1919342.1917049885
leaf_count=15642 2338 54231 7448 2434 1895 8725 44833 593 20329 17216 23021 1581 27136 2704
internal_value=2.13874e-05 0.000589216 -0.00024484 -0.000727167 0.000160287 -0.00245825 0.000796483 0.00188652 -0.0016166 -0.000389494 0.00143091 0.00245594 0.00188729 0.00130569
internal_weight=2.53553e+08 8.09332e+07 1.7262e+08 1.3404e+08 6.70946e+07 1.31149e+07 5.39797e+07 4.26401e+06 6.69451e+07 3.23857e+07 3.85803e+07 2.61471e+07 2.40938e+07 6.66225e+07
internal_count=230126 72577 157549 103473 58480 11752 46728 3027 44993 24664 54076 31055 28717 56935
cat_boundaries=0 1 2 3
cat_threshold=320 352 7
is_linear=0
shrinkage=0.03


Tree=195
num_leaves=15
num_cat=2
split_feature=10 2 0 11 11 2 12 9 11 11 0 2 12 9
split_gain=35724.4 66810.1 46838.2 172010 144208 118543 153583 99438.7 91722.2 194547 143413 124637 214013 267135
threshold=1.311423601463038 2.5000000000000004 0 0.98059644709439753 0.99482939277925664 1.0000000180025095e-35 0.9927388970595955 75.500000000000014 0.99953296935072145 1.0007501084115906 1 4.5000000000000009 0.99493778713559811 74.500000000000014
decision_type=2 2 1 2 2 2 2 2 2 2 1 2 2 2
left_child=2 -2 3 5 -5 -1 -7 -6 10 -10 -4 -11 -13 -14
right_child=1 -3 8 4 7 6 -8 -9 9 11 -12 12 13 -15
leaf_value=-0.00092513992005120466 9.806805708020601e-05 -0.00088529599920335377 -0.00014980054870120864 0.0014527069129350956 -0.00032127347872390775 0.00032570383149497459 -0.00087975929171852524 0.00024438310637824821 -0.00092239801953956197 -7.522692036114335e-05 0.00020346984616314515 -0.0019123127520607052 -0.00091155771593651657 0.00044093936249982551
leaf_weight=1705050.5023483038 2560837.0922040939 2401501.8891018629 17792514.540722489 1996549.5819089413 4882599.2939473391 3847015.0433400869 3260495.1716657877 37984529.779204488 2916928.4114539623 113849635.52738905 36823783.173282743 2036820.8646486998 1416680.9809322357 20066334.919352531
leaf_count=1718 2027 2414 15319 2050 6455 5093 3713 51851 1920 78146 29869 2901 1633 24650
internal_value=6.73563e-05 -0.00245304 0.000117671 0.000902377 0.00165506 -0.00292943 -0.00122524 0.00128799 -9.84377e-05 -0.00050451 0.000944591 -0.000341714 0.00164643 0.00252759
internal_weight=2.53541e+08 4.96234e+06 2.48579e+08 5.36762e+07 4.48637e+07 8.81256e+06 7.10751e+06 4.28671e+07 1.94903e+08 1.40286e+08 5.46163e+07 1.37369e+08 2.35198e+07 2.1483e+07
internal_count=229759 4441 225318 70880 60356 10524 8806 58306 154438 109250 45188 107330 29184 26283
cat_boundaries=0 1 2
cat_threshold=98 260
is_linear=0
shrinkage=0.03


Tree=196
num_leaves=15
num_cat=3
split_feature=4 2 2 14 0 14 0 14 11 11 16 11 16 0
split_gain=41339.2 215251 169141 156103 71611.4 61495.5 95049.2 95580.6 69067.1 58379.1 54956.8 61532.9 48191 80588.8
threshold=1.0000000180025095e-35 4.5000000000000009 5.5000000000000009 1.4372456528456439 0 1.0585095856346838 1 1.3142109330498335 1.0142450752632377 1.1080124201305639 0.02145571086494619 0.98536147366073423 0.099416194722808979 2
decision_type=2 2 2 2 1 2 1 2 2 2 2 2 2 1
left_child=5 3 -3 -2 -5 10 8 -8 -7 -10 11 -1 -12 -14
right_child=1 2 -4 4 -6 6 7 -9 9 -11 12 -13 13 -15
leaf_value=0.00087515609339054549 -0.004084852921649504 0.0035531194363240728 -0.00047818425991642843 0.00025273434830208358 -0.0023815364013278478 -0.00082930686994990598 0.00032759580921686802 0.030789463078128347 0.00055496019427199407 -0.00043069415971149763 -8.4438470148861625e-06 -0.00075111003900184639 0.00063248768348290888 -0.00018273227155542302
leaf_weight=1069517.455717802 1093650.7906272411 873159.5694309473 756287.74099040031 1578807.6042968035 700385.70699298382 2334430.6650593281 15986739.919697523 605232.73713123798 1539916.6589262486 1475586.9755443335 214501986.64169598 5091782.7822027206 3670705.0280742645 2404438.3168640137
leaf_count=6360 1637 1375 1195 2267 1737 4674 22529 5872 3610 2705 141209 31073 1504 2296
internal_value=1.24297e-05 -0.00268775 0.00626563 -0.0070132 -0.00254249 6.67449e-05 0.00158326 0.00270446 -0.00189396 0.00110515 -8.00115e-05 -0.00287457 -1.95205e-06 0.00263293
internal_weight=2.53683e+08 5.00229e+06 1.62945e+06 3.37284e+06 2.27919e+06 2.4868e+08 2.19419e+07 1.6592e+07 5.34993e+06 3.0155e+06 2.26738e+08 6.1613e+06 2.20577e+08 6.07514e+06
internal_count=230043 8211 2570 5641 4004 221832 39390 28401 10989 6315 182442 37433 145009 3800
cat_boundaries=0 1 2 3
cat_threshold=286 320 320
is_linear=0
shrinkage=0.03


Tree=197
num_leaves=15
num_cat=4
split_feature=2 0 16 1 9 1 0 12 14 16 0 9 0 9
split_gain=42027.4 97070.8 86112.2 71659 126104 86867.6 80510.6 71236.1 67827.2 71687.6 69079.7 59958.5 246374 185965
threshold=1.0000000180025095e-35 0 0.07595242751154764 15.500000000000002 79.500000000000014 10.500000000000002 1 1.0033879215670958 0.95916933819167294 0.067272562967069877 2 74.500000000000014 3 82.500000000000014
decision_type=2 1 2 2 2 2 1 2 2 2 1 2 1 2
left_child=1 -1 3 4 -3 8 -7 -5 10 -10 -6 12 -2 -13
right_child=11 2 -4 7 5 6 -8 -9 9 -11 -12 13 -14 -15
leaf_value=-0.00055813476729837973 0.00047885761904378646 0.0006170668501103751 0.00020772120093217437 0.00053234901489166797 0.0003879052247215998 -0.00018970186619428589 -0.00081661424171171999 -9.2139398625732093e-05 3.7861549528562048e-05 -0.00049959059480440902 -2.1496900587533058e-05 0.00040688473133504563 -0.00033783836112209813 2.2413226658946237e-05
leaf_weight=6960098.6311141253 4974314.7961933613 1503877.3371975422 10396945.24609375 2796370.935564518 1084482.2925486565 4988696.1979980469 4487159.8337402344 5024719.1355333328 2104734.5572254658 1717752.2995605469 2405145.2493178844 9897301.0701408386 12059301.859924912 183462106.90486729
leaf_count=7380 5113 1243 4152 2393 1064 3307 2455 4953 3855 700 2532 9833 10181 170816
internal_value=0.000107316 -0.000741882 -0.000122906 -0.00104224 -0.00206986 -0.00281539 -0.00471106 0.00136115 -0.000358764 -0.00311946 0.00266526 0.000282771 -0.00142355 0.000433086
internal_weight=2.53863e+08 4.347e+07 3.65099e+07 2.61129e+07 1.82918e+07 1.6788e+07 9.47586e+06 7.82109e+06 7.31211e+06 3.82249e+06 3.48963e+06 2.10393e+08 1.70336e+07 1.93359e+08
internal_count=229977 34034 26654 22502 15156 13913 5762 7346 8151 4555 3596 195943 15294 180649
cat_boundaries=0 1 2 3 4
cat_threshold=130 368 80 392
is_linear=0
shrinkage=0.03


Tree=198
num_leaves=15
num_cat=3
split_feature=10 3 10 12 0 3 11 0 16 3 0 16 12 16
split_gain=41936.3 58793.9 102910 48464 128355 85360.9 74492.7 164831 184381 122592 98292.3 78370.6 139678 164242
threshold=1.2031119363884388 1.5000000000000002 1.3953303454829544 1.0666052657390228 0 1.0000000180025095e-35 1.0766544007495955 1 0.051321900351239153 1.5000000000000002 2 0.052653327735479837 0.97665741464072364 0.049133222788516749
decision_type=2 2 2 2 1 2 2 1 2 2 1 2 2 2
left_child=3 -2 -3 6 -5 -6 10 8 -8 -10 11 12 -1 -14
right_child=1 2 -4 4 5 -7 7 -9 9 -11 -12 -13 13 -15
leaf_value=0.0020646324712041901 -8.5479916038725328e-05 -0.00042393822851874598 -0.0027302394129039629 -0.00030743477988822945 0.0004207972597530795 -3.5623515520573483e-05 -0.0013770950531599858 -0.00041639051016747656 0.00047624269486668702 -0.0007174829369646083 -9.1660226084720267e-05 3.0388052740917269e-05 3.8245763763737087e-05 0.00080727160794258378
leaf_weight=2006593.0234856606 11235680.738928437 1835714.533700943 664849.46293830872 4942068.903331399 14118945.219409585 6867281.7870213985 1701944.2948627472 11209491.969465852 8068639.6776428223 1388385.039037466 70054139.818476081 100466513.1338501 16077570.477187753 3076715.1835174561
leaf_count=4946 11437 3745 888 4772 12722 9285 5460 10529 5526 1887 72353 49990 34455 1795
internal_value=5.54921e-05 -0.00155662 -0.00571701 0.000147769 0.00137271 0.00239701 -6.10895e-07 -0.00163891 0.000942182 0.00257811 0.000190572 0.000706147 0.00236545 0.00157656
internal_weight=2.53715e+08 1.37362e+07 2.50056e+06 2.39978e+08 2.59283e+07 2.09862e+07 2.1405e+08 2.23685e+07 1.1159e+07 9.45702e+06 1.91682e+08 1.21627e+08 2.11609e+07 1.91543e+07
internal_count=229790 16070 4633 213720 26779 22007 186941 23402 12873 7413 163539 91186 41196 36250
cat_boundaries=0 1 2 3
cat_threshold=144 293 218
is_linear=0
shrinkage=0.03


Tree=199
num_leaves=15
num_cat=0
split_feature=10 11 1 4 12 10 12 14 2 1 12 9 7 12
split_gain=50320.3 43131.4 242892 178095 90409 108053 87460.7 82716.2 138433 93071.4 146986 168432 119414 120810
threshold=0.68171730937635744 0.98536147366073423 17.500000000000004 1.0000000180025095e-35 1.0099173284425207 0.90675470765210653 0.98697337007541763 1.1116952879703825 4.5000000000000009 19.500000000000004 0.99493778713559811 73.500000000000014 1.0000000180025095e-35 0.9608647852025366
decision_type=2 2 2 2 2 2 2 2 2 2 2 2 2 2
left_child=-1 2 3 4 5 6 -2 9 -9 10 11 -3 13 -13
right_child=1 7 -4 -5 -6 -7 -8 8 -10 -11 -12 12 -14 -15
leaf_value=-0.00063526028943372982 3.2230322168900418e-05 0.0005831460370389974 0.00057595179844628435 -0.0027352168953478921 -0.00023571839899915598 0.00029449747134402101 -0.0004893908322640381 4.2628452091813691e-05 0.0023630780474117857 -0.00033188247571307416 2.2998598062665027e-05 0.00025767382239269917 -0.001886281316067637 -0.00036643181192743074
leaf_weight=1250192.6030510664 10826795.379799485 1746527.0440698862 11092901.412504673 1339680.0446345806 7977437.4603846073 13526940.773177147 2714488.1513854265 4732197.9179517031 2202060.8418934345 16905673.364637375 165086281.6245507 2921755.7217078209 2379034.0044025183 8885364.0771656036
leaf_count=966 9534 1347 12584 1894 7324 11204 1743 12524 6957 30399 123879 1680 2846 5106
internal_value=6.11634e-05 9.09093e-05 0.000905628 -0.000279159 0.000131202 0.000958405 -0.00093603 -9.79104e-05 0.00312271 -0.000210744 -1.19363e-05 -0.00276368 -0.00384598 -0.00261047
internal_weight=2.53587e+08 2.52337e+08 4.74782e+07 3.63853e+07 3.50457e+07 2.70682e+07 1.35413e+07 2.04859e+08 6.93426e+06 1.97925e+08 1.81019e+08 1.59327e+07 1.41862e+07 1.18071e+07
internal_count=229987 229021 44283 31699 29805 22481 11277 184738 19481 165257 134858 10979 9632 6786
is_linear=0
shrinkage=0.03


Tree=200
num_leaves=15
num_cat=2
split_feature=10 11 12 14 16 0 11 10 12 0 9 1 1 9
split_gain=41725.6 53592.6 144424 115670 108867 49792.4 71914.3 49200 45342.2 40592.3 128972 276799 147696 220735
threshold=0.68171730937635744 0.90644793995258399 0.94288066048179553 0.86231755333465665 0.047004967936896035 0 0.79793736706490381 0.82120607435980486 0.91595830406058487 1 72.500000000000014 8.5000000000000018 14.500000000000002 66.500000000000014
decision_type=2 2 2 2 2 1 2 2 2 1 2 2 2 2
left_child=-1 2 5 -4 -5 6 -2 -3 -8 10 11 -9 13 -13
right_child=1 7 3 4 -6 -7 8 9 -10 -11 -12 12 -14 -15
leaf_value=-0.00052368103667710158 0.0010044738963584797 -0.00054970355870008979 0.00082212341515235045 0.0018194762418376079 9.6239962040429495e-05 -0.00050181564089541017 -0.00082553966537549073 -0.0010024057239967853 0.00033879972402358775 -5.9730451404732243e-05 5.6328095606099467e-05 0.00090059644740177875 -0.000366697071642064 -0.00030174983364167379
leaf_weight=1200068.522562623 831065.6409021616 2185014.9572308064 1775534.6445212364 1216682.3946641684 6415906.5630187988 3730919.9653764963 627689.73449015617 1899876.6216191053 590558.55465316772 103052672.65417087 121860036.88818097 1788465.9447631836 4576747.7692446709 1860900.3074798584
leaf_count=956 1226 2474 1352 2754 3584 3409 797 2470 1265 92032 111390 1155 3705 1339
internal_value=3.08725e-05 5.74055e-05 0.001785 0.00407802 0.00247363 -0.0019472 0.00180973 -5.32047e-05 -0.00283193 -1.15482e-05 0.00033682 -0.00291642 -0.000532728 0.00396899
internal_weight=2.53612e+08 2.52412e+08 1.51884e+07 9.40812e+06 7.63259e+06 5.78023e+06 2.04931e+06 2.37224e+08 1.21825e+06 2.35039e+08 1.31986e+08 1.0126e+07 8.22611e+06 3.64937e+06
internal_count=229908 228952 14387 7690 6338 6697 3288 214565 2062 212091 120059 8669 6199 2494
cat_boundaries=0 1 2
cat_threshold=224 115
is_linear=0
shrinkage=0.03


Tree=201
num_leaves=15
num_cat=4
split_feature=2 0 9 16 16 16 0 16 0 11 3 11 11 0
split_gain=36902.7 88207.1 72575 101493 95758.8 77444.5 61349.2 52198.7 42524.2 41760.6 200795 143507 178883 122177
threshold=1.0000000180025095e-35 0 72.500000000000014 0.060710881994853756 0.044202609877353728 0.027531717648836298 1 0.053981197135824027 2 0.99217020718281967 1.5000000000000002 0.91408087203224231 0.93424325707176459 3
decision_type=2 1 2 2 2 2 1 2 1 2 2 2 2 1
left_child=1 -1 -3 4 5 -4 -6 -8 -9 10 -2 13 -13 -12
right_child=9 2 3 -5 6 -7 7 8 -10 -11 11 12 -14 -15
leaf_value=-0.00053603389960879262 0.00022948625910666613 0.00067271976971511555 -0.00035319583960328425 8.1845231512550612e-05 -0.0007314219941021913 0.00048296465222514315 0.0001136711387442475 -0.00045298025092692574 -0.00014427183304084566 -3.6079232459319596e-06 -0.0017077988462755678 -0.0035675689503730924 -0.0004337483828923634 0.00088635204319922607
leaf_weight=7145381.738907814 32338579.599524736 1628336.3936685324 2051734.7441478968 20399317.830413818 3944770.1053466797 2032844.4743347168 2045428.5264892578 1890513.4946289062 2464386.4826965332 165840192.54289687 1045844.6856337786 1935715.5539791584 6089793.2035132647 2926555.0712740421
leaf_count=7482 25633 1168 8135 9370 1970 1772 1450 625 2128 152845 1988 2158 9450 3765
internal_value=1.42261e-05 -0.000780025 -0.000182664 -0.000472081 -0.0023976 0.00149173 -0.00393324 -0.00211952 -0.00397627 0.000178999 0.000996855 -0.0023177 -0.00462601 0.00234583
internal_weight=2.53779e+08 4.36027e+07 3.64573e+07 3.4829e+07 1.44297e+07 4.08458e+06 1.03451e+07 6.40033e+06 4.3549e+06 2.10177e+08 4.43365e+07 1.19979e+07 8.02551e+06 3.9724e+06
internal_count=229939 34100 26618 25450 16080 9907 6173 4203 2753 195839 42994 17361 11608 5753
cat_boundaries=0 1 2 3 4
cat_threshold=130 12 16 290
is_linear=0
shrinkage=0.03


Tree=202
num_leaves=15
num_cat=2
split_feature=11 0 12 10 12 10 0 11 10 11 12 12 11 14
split_gain=37272.1 196145 170922 119360 165292 120054 116490 241086 179162 121051 185370 115516 128974 126619
threshold=1.0069201742998883 0 1.0082616987134958 1.012904860052575 1.0024913181220338 1.0049949454514786 1 1.0142450752632377 0.98305682978426401 1.0256949624400986 1.0477841128593066 1.0103583756494539 1.0221330673894578 1.0623404787338349
decision_type=2 1 2 2 2 2 1 2 2 2 2 2 2 2
left_child=1 3 -3 5 -5 -1 9 8 -8 -2 -11 13 -13 -9
right_child=6 2 -4 4 -6 -7 7 11 -10 10 -12 12 -14 -15
leaf_value=0.00013496301472587426 0.00017622542189254527 -5.9172740953299586e-05 -0.0007770878487030425 0.00022571657694141345 0.0011469334439821008 -0.00055473227923785555 0.00069548761393258549 -0.00014979981570937265 -0.00068170469318816636 -0.0004953906296774281 8.7895993980678498e-05 0.00044319037662325498 7.9104545848316749e-05 0.0015117239520526064
leaf_weight=37564509.648377657 9447742.4420645237 23053242.612570882 5111549.359429121 8600725.350663662 3472492.0846678019 3441078.5844466686 1610722.8512707949 22459725.356948972 8884643.3973605633 25753904.779859781 12455098.409101486 8067342.6735901833 81681116.8396312 1432715.8761814833
leaf_count=31602 9618 23934 5714 6362 3455 1685 1318 14755 6083 23768 14532 5647 77875 3269
internal_value=1.46335e-05 0.000544089 -0.0014795 0.00161785 0.00423966 0.000845918 -0.000235754 0.000248279 -0.0041021 -0.00149656 -0.0022484 0.00065006 0.00114357 -0.00120372
internal_weight=2.53037e+08 8.12436e+07 2.81648e+07 5.30788e+07 1.20732e+07 4.10056e+07 1.71793e+08 1.24136e+08 1.04954e+07 4.76567e+07 3.8209e+07 1.13641e+08 8.97485e+07 2.38924e+07
internal_count=229617 72752 29648 43104 9817 33287 156865 108947 7401 47918 38300 101546 83522 18024
cat_boundaries=0 1 2
cat_threshold=155 137
is_linear=0
shrinkage=0.03


Tree=203
num_leaves=15
num_cat=4
split_feature=9 2 0 1 9 1 0 12 0 12 9 0 1 3
split_gain=42963.2 36861 69275.5 77625.1 129415 163821 104028 97379.8 96819.8 82508.3 63686.2 56331.1 148645 138475
threshold=62.500000000000007 1.0000000180025095e-35 0 15.500000000000002 79.500000000000014 10.500000000000002 1 1.0033879215670958 2 1.0556393429599884 89.500000000000014 3 7.5000000000000009 1.5000000000000002
decision_type=2 2 1 2 2 2 1 2 1 2 2 1 2 2
left_child=-1 2 -2 4 -4 -6 -5 -8 -7 10 -9 12 -3 -14
right_child=1 11 3 6 5 8 7 9 -10 -11 -12 -13 13 -15
leaf_value=-0.00039882517569879487 -0.00052077374571734842 -0.00061364137227754424 0.00061160520038120553 0.0011908327454971781 2.8755659018334432e-05 -0.00018029045527423259 0.00041144652166666271 -0.00063554082109901569 -0.00090357912432762247 0.00029690483261442599 -0.0002043980098647085 1.2339128713427999e-06 0.00032788929888616483 -0.00023145755540849631
leaf_weight=1766293.6586972475 7041267.4024455547 3989995.98635149 1824632.8842689991 1463153.5136146545 10903178.801044464 5014101.4783935547 4546666.8469576836 1554654.8126935959 4442069.6120605469 1820832.6780254841 4734722.9459199905 160440986.4115119 33337624.944016933 11136078.083263397
leaf_count=1397 7440 14517 1350 1443 9500 3294 2778 948 2429 1556 3305 130908 31636 17761
internal_value=8.7134e-05 0.000119782 -0.000676363 -0.000148175 -0.00125491 -0.00194087 0.00159061 0.000715101 -0.0048305 -0.00125516 -0.00288327 0.000284973 0.00118131 0.00167896
internal_weight=2.54016e+08 2.5225e+08 4.33453e+07 3.6304e+07 2.2184e+07 2.03593e+07 1.412e+07 1.26569e+07 9.45617e+06 8.11021e+06 6.28938e+06 2.08905e+08 4.84637e+07 4.44737e+07
internal_count=230262 228865 34043 26603 16573 15223 10030 8587 5723 5809 4253 194822 63914 49397
cat_boundaries=0 1 2 3 4
cat_threshold=130 1 368 98
is_linear=0
shrinkage=0.03


Tree=204
num_leaves=15
num_cat=4
split_feature=14 0 16 16 9 0 0 9 12 16 9 0 16 13
split_gain=32388.8 110390 107083 73075.7 85850.4 75695.5 55255.1 61361 47712.7 47448.7 54747 48304.5 44119.8 43128.6
threshold=1.0604659230057003 0 0.069632986040462322 0.066217158611253948 84.500000000000014 1 2 71.500000000000014 1.0166521525691514 0.02145571086494619 82.500000000000014 3 0.0092122787655460527 0.97981925425930405
decision_type=2 1 2 2 2 1 1 2 2 2 2 1 2 2
left_child=9 2 -2 6 -5 -6 7 -3 -8 10 12 -12 -1 -11
right_child=1 3 -4 4 5 -7 8 -9 -10 13 11 -13 -14 -15
leaf_value=-0.00011747527414300068 0.00038467418531608046 0.00090194146619950149 0.0030314083593351716 0.00051730041908944853 6.524775511456992e-05 -0.0008630710356795718 0.00095049762595355832 -0.00024992281332147188 0.00022796196596775784 4.1181131443193363e-05 0.00050697948424525204 -0.00059738693410834307 -0.0025189611733716618 -3.8049328753244457e-05
leaf_weight=310402.24990010262 1817950.4242373705 544890.26727044582 981377.46383666992 1396720.7986273766 3015933.2985076904 4132934.3706285954 3242753.8690488338 5539457.3294633627 4480505.7594112158 105774634.33002186 1838176.199000597 3508233.6605857611 588645.76404905319 115776075.99360418
leaf_count=3374 3361 796 715 1085 2285 3752 8664 13033 11278 72384 11927 21081 1862 74009
internal_value=7.57586e-05 0.00109737 0.0067135 0.000394048 -0.0017863 -0.0031154 0.00174348 -0.000394693 0.00342791 -3.70443e-05 -0.00261583 -0.00146402 -0.00946532 3.56509e-05
internal_weight=2.52949e+08 2.51525e+07 2.79933e+06 2.23532e+07 8.54559e+06 7.14887e+06 1.38076e+07 6.08435e+06 7.72326e+06 2.27796e+08 6.24546e+06 5.34641e+06 899048 2.21551e+08
internal_count=229606 44969 4076 40893 7122 6037 33771 13829 19942 184637 38244 33008 5236 146393
cat_boundaries=0 1 2 3 4
cat_threshold=16 38 324 74
is_linear=0
shrinkage=0.03


Tree=205
num_leaves=15
num_cat=0
split_feature=16 14 12 16 9 9 12 2 12 13 11 9 1 9
split_gain=34950.6 116568 122277 100701 166662 106230 111940 66144 64653.3 61847 60900.7 52973.4 228060 176297
threshold=0.053981197135824027 0.78030025448136631 0.97665741464072364 0.049133222788516749 89.500000000000014 77.500000000000014 1.0556393429599884 4.5000000000000009 0.94288066048179553 0.91619137513473936 1.0069201742998883 82.500000000000014 17.500000000000004 78.500000000000014
decision_type=2 2 2 2 2 2 2 2 2 2 2 2 2 2
left_child=1 9 8 4 7 -5 10 -4 -3 -1 -7 12 13 -2
right_child=11 2 3 5 -6 6 -8 -9 -10 -11 -12 -13 -14 -15
leaf_value=-0.0011309517065594013 0.00010157252881573251 -0.00024322284397797591 -0.00032381889319662151 0.00082458911662224845 7.3610475511211361e-05 0.00025768781613553257 0.00067355483370436762 -0.0012395786338728438 0.0010895241713771181 0.00072178733646777345 -0.00011523004366587062 -3.7664566050850253e-05 -0.00049834044825112253 0.00076205845179739672
leaf_weight=1603094.5017639399 16733735.613666058 1128097.7999998331 4556294.145476222 2345601.0718021393 26539841.253433466 4344737.5747680664 3104977.2945585251 1583145.2346038818 3821966.2790459394 304352.93528544903 8506644.459602356 171412515.24686778 4683011.154551506 3173922.87978971
leaf_count=6665 10143 3405 10253 1500 67312 2650 2389 4654 6357 1711 5266 102819 2766 2248
internal_value=4.79473e-05 0.000695968 0.000944682 0.000507597 -0.000490207 0.00228924 0.00141293 -0.00494459 0.00544626 -0.00659696 0.000177834 -0.000143278 0.00115885 0.0025601
internal_weight=2.53842e+08 5.78388e+07 5.59313e+07 5.09812e+07 3.26793e+07 1.8302e+07 1.59564e+07 6.13944e+06 4.95006e+06 1.90745e+06 1.28514e+07 1.96003e+08 2.45907e+07 1.99077e+07
internal_count=230138 112162 103786 94024 82219 11805 10305 14907 9762 8376 7916 117976 15157 12391
is_linear=0
shrinkage=0.03


Tree=206
num_leaves=15
num_cat=4
split_feature=11 0 1 11 4 0 11 11 10 1 9 0 0 11
split_gain=50105.9 181176 148206 114802 113273 105586 235587 227304 166584 121813 214064 135603 113809 118072
threshold=1.0069201742998883 0 17.500000000000004 0.96562958517018271 1.0000000180025095e-35 1 1.0132613496646867 1.0256949624400986 1.0364295936507311 17.500000000000004 84.500000000000014 2 3 1.0655931356433326
decision_type=2 1 2 2 2 1 2 2 2 2 2 1 1 2
left_child=1 -1 4 -4 -3 7 8 -2 -7 -8 11 -11 13 -12
right_child=5 2 3 -5 -6 6 9 -9 -10 10 12 -13 -14 -15
leaf_value=-0.00027820065217949995 0.00041406951550474369 7.9720931098641739e-05 0.00083248894110729771 0.00022195844000997411 -0.001932726107744726 -0.00032290626045138672 9.4954984087027198e-05 -0.00038920036626960658 -0.0021119983517242122 -0.0017657629662548374 1.1024127634783283e-05 -0.00034600804206758729 0.00019067876267096293 -0.00051894468754960538
leaf_weight=16562321.718410254 5106181.7990025282 47895463.870992661 6250629.5031652451 9095967.7112751007 1418274.4912456274 9690735.318821311 99384458.748333335 26254918.060089588 1582014.8128199577 1385961.3471679688 3693110.3090286255 4544671.7054752111 18163451.491359353 2645415.5428771973
leaf_count=21598 4762 34880 6086 8396 1683 7088 85921 24573 1027 1553 2029 4924 24148 1319
internal_value=8.82952e-05 0.000702654 0.00141975 0.00399437 0.000618515 -0.000201062 0.000148916 -0.00177557 -0.00401115 0.000510158 -0.00115055 -0.0062647 8.73195e-05 -0.00337378
internal_weight=2.53674e+08 8.12227e+07 6.46603e+07 1.53466e+07 4.93137e+07 1.72451e+08 1.4109e+08 3.13611e+07 1.12728e+07 1.29817e+08 3.04326e+07 5.93063e+06 2.4502e+07 6.33853e+06
internal_count=229987 72643 51045 14482 36563 157344 128009 29335 8115 119894 33973 6477 27496 3348
cat_boundaries=0 1 2 3 4
cat_threshold=352 136 68 16
is_linear=0
shrinkage=0.03


Tree=207
num_leaves=15
num_cat=1
split_feature=10 3 10 10 12 0 2 16 12 14 2 5 3 13
split_gain=36309.7 64821.3 105721 58568.7 88968.9 169204 158343 58944 55127.2 54773.2 52785.7 190552 101189 133845
threshold=1.2031119363884388 1.5000000000000002 1.3953303454829544 1.1494611397626895 1.0477841128593066 0 3.5000000000000004 0.082832657416928218 1.0278711375767708 0.66936950709047272 2.5000000000000004 1.0000000180025095e-35 1.0000000180025095e-35 0.93559370089075766
decision_type=2 2 2 2 2 1 2 2 2 2 2 2 2 2
left_child=3 9 -3 10 8 6 -6 -7 -5 -2 11 -1 13 -12
right_child=1 2 -4 4 5 7 -8 -9 -10 -11 12 -13 -14 -15
leaf_value=-2.4307189472632086e-05 0.00063144208612097132 -0.00033423122591289532 -0.0026292955754208792 0.00021254101720137689 0.0020144637042314576 0.00029397325122717242 -4.6698150407227247e-05 -0.00020232860482081172 -0.0014570660958082753 -0.00018925485839687946 0.00048846381975778635 -0.0011744678425863575 -1.4024617464491758e-05 7.0243372325623211e-05
leaf_weight=110092007.74672842 1996356.9216355085 1805701.7288780212 683658.45380973816 1098736.2119760513 1357886.498536706 10268934.540775299 750091.94180428982 2960006.0155781507 1081107.035723567 9315056.7084861994 9706562.5393669605 1930539.142611742 76006911.50112617 24281723.600249648
leaf_count=83458 1535 3672 906 1797 1596 10715 1253 1463 1823 9933 8149 1359 84617 17493
internal_value=7.74887e-05 -0.00141881 -0.00580152 0.000163698 0.00183378 0.00263982 0.0105336 0.00138197 -0.00383736 -0.00045428 3.19317e-05 -0.000426442 0.000498754 0.00185945
internal_weight=2.53335e+08 1.38008e+07 2.48936e+06 2.39535e+08 1.75168e+07 1.53369e+07 2.10798e+06 1.32289e+07 2.17984e+06 1.13114e+07 2.22018e+08 1.12023e+08 1.09995e+08 3.39883e+07
internal_count=229769 16046 4578 213723 18647 15027 2849 12178 3620 11468 195076 84817 110259 25642
cat_boundaries=0 1
cat_threshold=64
is_linear=0
shrinkage=0.03


Tree=208
num_leaves=15
num_cat=2
split_feature=10 11 12 14 0 2 11 10 0 12 14 9 13 11
split_gain=39923.6 39554.2 128512 87896.3 60800.1 90862.6 55097.1 54101.1 156546 240759 165113 139159 130194 123335
threshold=0.68171730937635744 0.90644793995258399 0.94288066048179553 0.86231755333465665 0 1.5000000000000002 0.79793736706490381 1.0283647253166985 1 1.0096808612661321 0.80817321326263725 83.500000000000014 0.70958575772798838 1.0051616974116562
decision_type=2 2 2 2 1 2 2 2 1 2 2 2 2 2
left_child=-1 2 4 -4 -2 -6 -7 8 9 10 -3 -12 -11 -9
right_child=1 7 3 -5 5 6 -8 13 -10 12 11 -13 -14 -15
leaf_value=-0.00058784611158517041 -0.00092684429097478346 -0.00076170986957362855 0.00068037901700622981 0.00025312853447675748 -0.00050630962255860583 0.0012211744061914587 -7.6229923365858144e-05 0.00038778392046216135 -0.00014000247617119795 0.0010483305788579016 -3.4477064737621014e-05 0.00075253004362986454 -0.00030850593838292696 7.4598785416004722e-06
leaf_weight=1243743.9860700369 1592313.6711007357 1550871.1212438345 1726028.1732027531 7660611.7821240425 1521486.1093626022 1003823.4721126556 1675150.4645119905 8278298.0153849125 63101423.891706586 960861.27149307728 4975374.337122798 13803289.330711484 14667015.100395918 129992135.27159393
leaf_count=968 1576 1599 1320 6337 1548 1277 2301 7640 47623 1458 3828 14978 14849 122796
internal_value=-1.45994e-05 1.181e-05 0.00149647 0.00366494 -0.00201733 -0.00012499 0.00320019 -8.31479e-05 -0.000618287 0.000961582 0.00311389 0.00389086 -0.00183825 0.000300233
internal_weight=2.53752e+08 2.52509e+08 1.51794e+07 9.38664e+06 5.79277e+06 4.20046e+06 2.67897e+06 2.37329e+08 9.90588e+07 3.59574e+07 2.03295e+07 1.87787e+07 1.56279e+07 1.3827e+08
internal_count=230098 229130 14359 7657 6702 5126 3578 214771 84335 36712 20405 18806 16307 130436
cat_boundaries=0 1 2
cat_threshold=256 139
is_linear=0
shrinkage=0.03


Tree=209
num_leaves=15
num_cat=4
split_feature=9 9 1 1 9 0 16 0 0 16 16 0 1 16
split_gain=40641.3 39166.7 271737 222022 403958 225128 152942 121911 118014 114086 106876 123021 111234 191010
threshold=62.500000000000007 85.500000000000014 18.500000000000004 8.5000000000000018 68.500000000000014 0 0.060028144785962495 1 2 0.062141956110126045 0.052653327735479837 3 16.500000000000004 0.081873569051569992
decision_type=2 2 2 2 2 1 2 1 1 2 2 1 2 2
left_child=-1 2 3 4 8 -5 -6 -4 -2 -9 11 -3 -12 -14
right_child=1 10 7 5 6 -7 -8 9 -10 -11 12 -13 13 -15
leaf_value=-0.00042305746937020076 -0.00057866031059229336 0.00082018394006366151 -0.0019400903009976029 -0.00018459720002268279 -0.00071157681164783586 0.00044572306931244785 0.00036030941102414084 6.5361089168598259e-05 -0.0017743392946701561 -0.0010126053171750158 -8.7146737400195588e-05 7.1996375961048731e-05 0.00025131046500712008 -0.00013284064726118352
leaf_weight=1717483.5360232592 873249.76960217953 6112955.8098219633 1329399.9314422607 5688115.9294128418 1398623.2462762594 17864064.18026495 3694065.9692349434 2898507.2615540028 821293.28813695908 1208228.9421949387 126896905.26935613 34144359.342796803 26770309.058746815 22323354.513093472
leaf_count=1375 1095 10583 1718 3482 5131 11849 1647 5263 1255 698 77987 80607 17846 9638
internal_value=3.82557e-05 6.95983e-05 0.000989078 0.00209581 -0.00268481 0.00347349 0.00153697 -0.00518768 -0.0153727 -0.00263156 -8.25182e-05 0.00131194 -0.000401497 0.000811074
internal_weight=2.53741e+08 2.52023e+08 3.57755e+07 3.03394e+07 6.78723e+06 2.35522e+07 5.09269e+06 5.43614e+06 1.69454e+06 4.10674e+06 2.16248e+08 4.02573e+07 1.75991e+08 4.90937e+07
internal_count=230174 228799 32138 24459 9128 15331 6778 7679 2350 5961 196661 91190 105471 27484
cat_boundaries=0 1 2 3 4
cat_threshold=68 68 332 8
is_linear=0
shrinkage=0.03


Tree=210
num_leaves=15
num_cat=0
split_feature=10 12 14 13 12 12 10 10 12 10 1 2 12 10
split_gain=40459.7 56926.9 51969.6 60955.8 83495.3 66586.4 56446.4 53922 64113.3 130495 165755 183837 157545 175926
threshold=1.2031119363884388 1.1153931218449846 0.65192553140091347 0.56617079247711499 1.0176514693763716 0.97169678200662513 0.90135704482050072 0.79976984507662452 1.0051969303918387 1.0028758215749067 17.500000000000004 4.5000000000000009 1.0294283446165053 1.0545958361464314
decision_type=2 2 2 2 2 2 2 2 2 2 2 2 2 2
left_child=1 2 6 4 5 -4 -1 -5 -9 -10 11 12 -11 -14
right_child=-2 -3 3 7 -6 -7 -8 8 9 10 -12 -13 13 -15
leaf_value=0.00014598750644180658 -0.00019873140110264489 0.00030885875313156033 0.00061995980017862454 -0.00028415859737749931 0.00093838381356204259 -0.00017590297179278489 -0.00084910172090521703 8.2311839843012685e-05 -0.00026441602806821188 -0.0001043922708489319 -0.00021267360544033947 0.0004970093163598582 0.00040765100534249004 4.7590834669143829e-05
leaf_weight=841414.52880525589 13705288.955259442 9893412.439089179 1527743.2547483444 7661678.9724574089 1132760.7190856934 2247049.3943390846 1513358.4359189272 80208681.840859056 22632632.141809106 39954168.535084963 26503450.709429026 14709034.104620337 7036460.6763424873 24003981.461779833
leaf_count=898 16055 10221 1983 8350 2430 3213 3969 64206 21275 27595 28215 18501 4736 18332
internal_value=7.66898e-05 0.000167272 7.14134e-05 0.000117284 0.0034245 0.00128091 -0.00436249 4.44069e-05 0.000132517 -0.000266994 0.000152153 0.000793357 0.00016092 0.00176427
internal_weight=2.53571e+08 2.39866e+08 2.29972e+08 2.27618e+08 4.90755e+06 3.77479e+06 2.35477e+06 2.2271e+08 2.15048e+08 1.3484e+08 1.12207e+08 8.57036e+07 7.09946e+07 3.10404e+07
internal_count=229979 213924 203703 198836 7626 5196 4867 191210 182860 118654 97379 69164 50663 23068
is_linear=0
shrinkage=0.03


Tree=211
num_leaves=15
num_cat=2
split_feature=14 0 10 10 3 5 5 11 13 2 0 14 3 11
split_gain=38582.3 90641.5 62984.4 63454 62043.9 218124 130417 110758 96646.8 138177 162047 90995.6 94972.9 88349.8
threshold=1.0322879984628364 0 1.1925834006211711 1.0804981498706023 1.0000000180025095e-35 1.0000000180025095e-35 1.0000000180025095e-35 0.91408087203224231 0.98094413017656412 1.5000000000000002 1 0.70913284672034438 1.5000000000000002 0.93424325707176459
decision_type=2 1 2 2 2 2 2 2 2 2 1 2 2 2
left_child=4 -2 3 -3 5 8 7 -6 9 10 -1 12 -9 -13
right_child=1 2 -4 -5 6 -7 -8 11 -10 -11 -12 13 -14 -15
leaf_value=0.00014274972033391997 0.00034074102094828898 -8.5957924298126051e-05 -0.00083864650640713364 0.0004555898023816982 0.00037652593302252963 -0.0011532368737369766 0.00088255090380812628 -0.00011935948194525967 -4.4753870008922486e-05 0.00024389668398851929 -0.00020241154031910239 -0.0015207587913766993 -0.00255505353245965 -0.00010489562323696321
leaf_weight=15265106.438509941 16038586.905729055 22608869.03172493 1327778.1011974812 5507498.2402710915 4934536.9364913702 1790040.7104879618 1720935.6207722425 1153779.0818355083 66141098.62228775 30933015.402828693 25149948.921675205 2088016.5959242582 983960.80526089668 57612466.582216978
leaf_count=10032 20929 30624 2224 9315 4823 1055 1194 1367 42910 23057 21363 1611 2254 57094
internal_value=3.3983e-05 0.000825403 -0.000163025 0.000138498 -0.000139264 0.000224282 -0.000878518 -0.00108868 0.000359747 0.00112556 -2.94522e-05 -0.00143382 -0.00751537 -0.00121606
internal_weight=2.53256e+08 4.54827e+07 2.94441e+07 2.81164e+07 2.07773e+08 1.39279e+08 6.84937e+07 6.67728e+07 1.37489e+08 7.13481e+07 4.04151e+07 6.18382e+07 2.13774e+06 5.97005e+07
internal_count=229852 63092 42163 39939 166760 98417 68343 67149 97362 54452 31395 62326 3621 58705
cat_boundaries=0 1 2
cat_threshold=50 336
is_linear=0
shrinkage=0.03


Tree=212
num_leaves=15
num_cat=4
split_feature=10 11 0 12 0 1 1 12 11 12 10 9 0 0
split_gain=39630.1 40908.2 205675 225289 198070 184539 144646 139034 162577 119791 128539 118851 185301 149028
threshold=0.68171730937635744 1.0256949624400986 0 1.0022632125571322 1 18.500000000000004 17.500000000000004 1.0043866876767142 1.0164468161792957 1.0375626961833271 0.93078066328201858 89.500000000000014 2 3
decision_type=2 2 1 2 1 2 2 2 2 2 2 2 1 1
left_child=-1 4 -3 6 7 -5 -4 -2 -9 -6 -11 12 -7 -13
right_child=1 2 3 5 9 11 -8 8 -10 10 -12 13 -14 -15
leaf_value=-0.00053785600793493263 -2.5872475261732074e-06 -0.0003640532398088751 -0.00054721857870677145 0.00012504285044812735 0.00014174064522190391 -0.0033505449258501656 0.00029267412271918072 -0.00078874757113308941 0.00024164762426386627 0.00061989715740362269 -0.00078986053249283181 -0.00051402075680003542 -0.0004968044314283427 0.000354575306149415
leaf_weight=1264894.3087316751 22384604.956652999 26390065.592113614 6819321.5722919703 79890575.929543495 82496872.638743281 656134.35662841797 2099024.5972728729 9674066.2279189825 3500150.9844230413 1228744.2343403101 3624341.933821559 4954559.5587844849 2376442.4688932896 6180897.6536643505
leaf_count=964 22334 24714 5599 69687 65895 646 2199 8761 3108 1143 3859 4657 4421 12048
internal_value=1.86892e-05 4.52475e-05 -0.000327117 0.000278433 0.000437178 0.000710513 -0.00427856 -0.00145036 -0.00389559 0.00120557 -0.00337492 -0.00244492 -0.00771014 -0.00101102
internal_weight=2.53541e+08 2.52276e+08 1.29367e+08 1.02977e+08 1.22909e+08 9.40586e+07 8.91835e+06 3.55588e+07 1.31742e+07 8.735e+07 4.85309e+06 1.4168e+07 3.03258e+06 1.11355e+07
internal_count=230035 229071 123971 99257 105100 91459 7798 34203 11869 70897 5002 21772 5067 16705
cat_boundaries=0 1 2 3 4
cat_threshold=136 292 4 18
is_linear=0
shrinkage=0.03


Tree=213
num_leaves=15
num_cat=0
split_feature=10 10 3 16 3 10 1 16 14 10 14 13 14 3
split_gain=41456.4 53745.7 70082.8 48342.4 47594.7 114041 55953.3 115806 52569.4 41982.4 41370.3 58764.8 72454 172892
threshold=1.2031119363884388 1.1537366032060119 1.0000000180025095e-35 0.082451595283831072 1.5000000000000002 1.3953303454829544 10.500000000000002 0.084490063981975255 0.70913284672034438 1.1866650474107496 0.63266162658402714 0.56617079247711499 0.90607831415974538 1.5000000000000002
decision_type=2 2 2 2 2 2 2 2 2 2 2 2 2 2
left_child=1 10 9 -4 6 -6 7 -2 -8 -3 -1 12 13 -12
right_child=4 2 3 -5 5 -7 8 -9 -10 -11 11 -13 -14 -15
leaf_value=-0.00052424480838185873 -0.00084259986252932062 0.00062267500366422566 8.4609996855438123e-05 -0.0010026434433840334 -0.00020973379585076952 -0.0032467492083459288 0.00092810340168801846 0.00052054530503060957 -8.3779487200367247e-05 8.1285029948417341e-05 0.00037899660790531353 2.2161065221677142e-06 0.0024233972594356807 -0.0034903805676324159
leaf_weight=1794792.9582811594 2551068.3683313131 6012697.3653558493 3541794.0541208982 1003683.0174332857 1829933.200206995 683796.11013031006 1561832.4737739563 1034891.6870117188 6010903.843239069 3295470.9272654057 3262271.9733145237 218938570.55281246 730434.80847704411 1012104.4575917721
leaf_count=4041 3812 5910 5784 844 3731 915 1087 520 5947 3134 3153 186441 3208 1079
internal_value=7.9029e-05 0.000170718 0.00198447 -0.00106896 -0.0015277 -0.00525698 -0.000687604 -0.00377471 0.00077425 0.00347556 5.94073e-05 9.57654e-05 0.00331 0.00181785
internal_weight=2.53264e+08 2.39592e+08 1.38536e+07 4.54548e+06 1.36724e+07 2.51373e+06 1.11587e+07 3.58596e+06 7.57274e+06 9.30817e+06 2.25738e+08 2.23943e+08 5.00481e+06 4.27438e+06
internal_count=229606 213594 15672 6628 16012 4646 11366 4332 7034 9044 197922 193881 7440 4232
is_linear=0
shrinkage=0.03


Tree=214
num_leaves=15
num_cat=4
split_feature=14 0 3 13 9 0 13 1 0 3 2 10 0 14
split_gain=31110.8 126180 108105 67558.6 50275.7 50851.6 46956 95052.9 114857 97154.7 122947 108711 118478 141944
threshold=1.0662640434627391 0 1.0000000180025095e-35 0.84181035512519498 80.500000000000014 1 0.98094413017656412 6.5000000000000009 2 1.0000000180025095e-35 2.5000000000000004 0.83310007439074751 3 0.80817321326263725
decision_type=2 1 2 2 2 1 2 2 1 2 2 2 1 2
left_child=6 2 -2 -3 5 -5 7 8 -1 10 11 -9 13 -13
right_child=1 3 -4 4 -6 -7 -8 9 -10 -11 -12 12 -14 -15
leaf_value=-2.2891554383276663e-05 -0.00030250291620896781 -0.0017142946926231185 0.0026426266050600467 0.0013532458108314023 1.343789041351277e-05 -0.0016197865575205057 -5.9598912210641531e-05 -0.00046060667581924823 -0.0016301112968221754 -8.543619019655489e-05 0.00036942761076499243 -0.00088940590166365445 0.00012846659708921343 -5.5228756069123034e-05
leaf_weight=2155118.7886604071 767467.66571426392 815012.83267474174 1627997.451469183 1010840.804816246 16831292.715515971 1225404.8636208773 120104043.38867629 5020219.2663826942 1366311.6984964609 34689814.632651567 15457995.312153816 2006706.4405527115 41547884.878448486 9037753.6322231293
leaf_count=10107 1258 4343 2596 1837 30727 1351 91001 3088 7350 31941 9710 1649 26514 6497
internal_value=-3.12688e-05 0.00103945 0.00754401 0.000255776 0.00061732 0.00484354 -0.000134359 0.000309623 -0.0045406 0.00046812 0.00108878 0.000451357 0.000853981 -0.00190775
internal_weight=2.53664e+08 2.2278e+07 2.39547e+06 1.98826e+07 1.90675e+07 2.23625e+06 2.31386e+08 1.11282e+08 3.52143e+06 1.0776e+08 7.30706e+07 5.76126e+07 5.25923e+07 1.10445e+07
internal_count=229969 42112 3854 38258 33915 3188 187857 96856 17457 79399 47458 37748 34660 8146
cat_boundaries=0 1 2 3 4
cat_threshold=16 418 412 136
is_linear=0
shrinkage=0.03


Tree=215
num_leaves=15
num_cat=2
split_feature=14 0 12 14 16 12 3 4 2 16 0 16 14 16
split_gain=31900.1 109233 88262.3 90776.9 48382.9 60987.2 57556.1 55889.7 44965.2 40739.5 51345.1 46468 122439 84316.9
threshold=1.0585095856346838 0 1.0182782321369752 1.7659873167814766 0.035735974219033566 0.99493778713559811 2.5000000000000004 1.0000000180025095e-35 4.5000000000000009 0.02145571086494619 1 0.053394880302814023 0.78030025448136631 0.04990669866214225
decision_type=2 1 2 2 2 2 2 2 2 2 1 2 2 2
left_child=9 2 3 8 7 6 -6 -3 -2 10 -1 12 -11 -14
right_child=1 4 -4 -5 5 -7 -8 -9 -10 11 -12 -13 13 -15
leaf_value=0.00012247437487073251 0.00032780018532928414 0.00028457644557926167 0.00015152538295383928 0.051141864738369958 -0.0001382294438636711 -1.4066798747616172e-05 -0.0024665945339222284 0.0050033117119262114 0.0023004265611942304 -0.00087697014113460241 -0.00080736392963762867 -1.9282542706634765e-05 3.5082938875229407e-05 0.00036918961154733232
leaf_weight=2768293.1136652231 3053430.8626087904 2445196.10283494 6241252.0116095543 610780.35401690006 2012514.5734558105 8826708.7446898222 1604278.3256225586 304004.06037449837 808998.09861934185 1535779.4219052792 3475192.4206804037 185859791.57168484 23498121.717217445 10754352.011779785
leaf_count=18177 4787 14039 11534 1963 1451 7045 1715 1266 2029 1980 20068 107105 29963 6983
internal_value=3.844e-05 0.00103597 0.00335561 0.00657187 -0.00059993 -0.00139569 -0.00467669 0.00300186 0.0048724 -7.49614e-05 -0.00246488 -7.64094e-06 0.000982253 0.00135381
internal_weight=2.53799e+08 2.59072e+07 1.07145e+07 4.47321e+06 1.51927e+07 1.24435e+07 3.61679e+06 2.7492e+06 3.86243e+06 2.27892e+08 6.24349e+06 2.21648e+08 3.57883e+07 3.42525e+07
internal_count=230105 45829 20313 8779 25516 10211 3166 15305 6816 184276 38245 146031 38926 36946
cat_boundaries=0 1 2
cat_threshold=178 330
is_linear=0
shrinkage=0.03


Tree=216
num_leaves=15
num_cat=2
split_feature=12 0 12 16 13 0 9 12 1 1 1 12 2 12
split_gain=31191.7 159679 220268 95567.6 93019.6 99424.3 153541 130678 147825 114198 168977 130909 134830 111516
threshold=1.0051969303918387 0 1.0024913181220338 0.039641487269314067 0.56617079247711499 1 84.500000000000014 1.0103583756494539 17.500000000000004 8.5000000000000018 16.500000000000004 1.0598131614188067 4.5000000000000009 1.0278711375767708
decision_type=2 1 2 2 2 1 2 2 2 2 2 2 2 2
left_child=1 2 3 -1 -2 6 -6 -7 -9 -8 11 12 -11 -10
right_child=4 -3 -4 -5 5 7 9 8 13 10 -12 -13 -14 -15
leaf_value=0.0011885771182888062 0.00052332856502306272 -4.1600362008087178e-05 0.0011226438341082039 6.7192884924334144e-05 0.00037700027145599625 -0.00024078809498317543 0.00017604232006932286 0.00010800328931709387 9.5569860405085835e-05 -0.0011014394036635803 -3.8437420637462997e-05 -0.00010370662654570857 -0.00010638132467266119 -0.00032947180294978052
leaf_weight=2695171.1846135855 1842207.7243567705 61011245.418704152 4410421.5513945818 24849929.251968384 3850615.4274339676 16550584.523102641 4967843.5441001654 85496443.701494336 10429989.282146215 7516325.6622009277 8199643.0001273155 3219115.7377319336 2032419.0459899902 16301400.605729103
leaf_count=9959 5586 47671 3317 17857 3918 12412 6672 74041 11651 4876 8261 2810 1956 18749
internal_value=5.5871e-05 0.000493098 0.00221106 0.00121441 -0.000197533 -0.000275402 -0.0018374 8.58828e-05 0.000452876 -0.00266734 -0.00363632 -0.00579456 -0.00755833 -0.00149432
internal_weight=2.53373e+08 9.29668e+07 3.19555e+07 2.75451e+07 1.60407e+08 1.58564e+08 2.9786e+07 1.28778e+08 1.12228e+08 2.59353e+07 2.09675e+07 1.27679e+07 9.54874e+06 2.67314e+07
internal_count=229736 78804 31133 27816 150932 145346 28493 116853 104441 24575 17903 9642 6832 30400
cat_boundaries=0 1 2
cat_threshold=202 136
is_linear=0
shrinkage=0.03


Tree=217
num_leaves=15
num_cat=0
split_feature=12 11 1 10 10 12 11 11 10 1 1 9 7 11
split_gain=31218.3 149506 150198 140810 92354.6 103437 91264.7 128973 207222 115147 106567 119272 101241 160194
threshold=1.0051969303918387 1.0304023934857012 17.500000000000004 1.085743932159287 1.0296330832311156 1.0024913181220338 1.0142450752632377 0.9569913468292458 1.0368600691440639 16.500000000000004 18.500000000000004 89.500000000000014 1.0000000180025095e-35 0.99953296935072145
decision_type=2 2 2 2 2 2 2 2 2 2 2 2 2 2
left_child=1 4 3 -3 -1 -6 7 9 12 -2 -8 -12 -9 -14
right_child=6 2 -4 -5 5 -7 10 8 -10 -11 11 -13 13 -15
leaf_value=3.6268412694732926e-05 -6.3327731155707605e-05 -0.00048721853579374041 0.00033154950431334477 0.0004704307505359024 0.00013805424685763649 0.0006640117452162773 3.8554924079967443e-05 -0.00011175351274624322 -0.0020233899950793605 0.00080687706277797575 -0.00080282068845038317 -0.00010852502031663558 -0.0022882245668167473 0.00012847766846104411
leaf_weight=65567884.664670348 4442067.0761857033 7556042.8415249586 2909736.9936432838 1695652.2962111235 10936203.729151249 4300304.3245905638 112646903.48525667 15853418.76975131 1559348.6116478443 2070746.1291313171 4484252.311403513 15540984.71892333 2756132.8682661057 1703210.3647412062
leaf_count=55438 4054 5842 3141 1964 9645 2906 95645 12217 1006 2041 6746 23168 3978 2376
internal_value=-4.40633e-05 0.000393678 -0.00270741 -0.00457713 0.000860406 0.00296436 -0.000296738 -0.00184067 -0.00294416 0.00186518 3.35836e-05 -0.00198299 -0.00213509 -0.00612848
internal_weight=2.54023e+08 9.29658e+07 1.21614e+07 9.2517e+06 8.08044e+07 1.52365e+07 1.61057e+08 2.83849e+07 2.18721e+07 6.51281e+06 1.32672e+08 2.00252e+07 2.03128e+07 4.45934e+06
internal_count=230167 78936 10947 7806 67989 12551 151231 25672 19577 6095 125559 29914 18571 6354
is_linear=0
shrinkage=0.03


Tree=218
num_leaves=15
num_cat=5
split_feature=16 14 0 0 12 12 10 1 0 13 9 9 0 0
split_gain=36680.1 78709.9 90676.7 86703.6 82019.8 66664.4 64680.2 115950 74517.6 59141.9 58470.8 185490 214455 123854
threshold=0.053981197135824027 0.83669621240708003 0 1 1.0073531584289153 1.0910749318255806 1.0692909671149702 19.500000000000004 2 0.91438155475785365 82.500000000000014 74.500000000000014 3 4
decision_type=2 2 1 1 2 2 2 2 1 2 2 2 1 1
left_child=1 3 4 9 -3 6 -4 -8 -9 -1 11 12 -2 -13
right_child=10 2 5 -5 -6 -7 7 8 -10 -11 -12 13 -14 -15
leaf_value=-0.0001074113051647234 0.00050261149728668137 0.00088306582381289945 4.3465985433276291e-05 -0.00099607155644944041 0.0001773175076779961 0.00044674153955420986 2.4631999254292909e-05 -0.00031586211044863551 -0.0015153150864449043 0.0012484878986327493 -3.7494559885311233e-05 0.0014667197565521512 -0.00024616792861162508 0.00025694638588871533
leaf_weight=1062442.4737269878 4325102.9147270918 5835462.0271375179 27061569.763618469 2199950.3013767004 11171659.64403677 2663586.4135986567 4351194.5336036682 1308911.648378849 1739584.3233566284 384979.82544803619 171681500.9588517 1734483.9981689453 11330885.760131836 6938622.8351217508
leaf_count=3598 2984 10097 45282 7639 23334 5655 8964 4054 2454 1123 102852 1969 6412 3753
internal_value=2.59306e-05 0.000690213 0.00097763 -0.00357545 0.00279172 0.000146583 -0.000206847 -0.00269233 -0.00717887 0.00212697 -0.000169884 0.00120653 -0.000743157 0.00472595
internal_weight=2.5379e+08 5.77793e+07 5.4132e+07 3.64737e+06 1.70071e+07 3.71248e+07 3.44613e+07 7.39969e+06 3.0485e+06 1.44742e+06 1.96011e+08 2.43291e+07 1.5656e+07 8.67311e+06
internal_count=230170 112200 99840 12360 33431 66409 60754 15472 6508 4721 117970 15118 9396 5722
cat_boundaries=0 1 2 3 4 5
cat_threshold=42 340 448 392 162
is_linear=0
shrinkage=0.03


Tree=219
num_leaves=15
num_cat=0
split_feature=16 14 9 9 16 9 16 12 12 16 9 1 16 1
split_gain=41411.7 99926.1 98343.3 155322 98826 95222.2 161530 88912.8 88860.4 91853.5 96555.5 82603.5 148926 120338
threshold=0.053394880302814023 0.77297006681332836 82.500000000000014 74.500000000000014 0.072665278268230535 83.500000000000014 0.051683114612688437 0.99415645601000158 1.0147104157921063 0.0691035236651555 66.500000000000014 16.500000000000004 0.08132442582937606 9.5000000000000018
decision_type=2 2 2 2 2 2 2 2 2 2 2 2 2 2
left_child=1 -1 3 7 -5 6 -3 -2 9 10 -9 13 -13 -4
right_child=2 5 11 4 -6 -7 -8 8 -10 -11 -12 12 -14 -15
leaf_value=-0.00087551512818893863 0.00057221122097994342 -0.00056755107576003183 3.7112384378309468e-05 0.00016431751586412781 0.00086315421285365341 0.00021276336467691248 0.00066123602323906773 0.00035882672709622949 0.00017170079831176454 -0.00046626965693799197 -0.00038848149724911616 0.00024575974580160045 -9.8090776997728722e-05 -0.00017527774648655185
leaf_weight=1689410.3428070545 1918911.4378051758 5151980.0558478832 42145548.094465733 5177925.230517745 3898262.4316911697 42322955.282366872 1775564.056930542 2128557.0029296875 6641176.038064003 3866099.4553689957 1903960.3276000023 25035181.702418923 24977477.465814114 84681483.950306773
leaf_count=7942 1172 12295 20781 3709 2238 87307 1083 1083 4860 1633 1062 17089 10700 57188
internal_value=8.42741e-06 0.00077297 -0.000184016 0.00155634 0.00470711 0.00101906 -0.00224143 -0.000181159 -0.000982198 -0.00313272 3.49693e-05 -0.000435317 0.000597199 -0.000842476
internal_weight=2.53314e+08 5.09399e+07 2.02375e+08 2.55349e+07 9.07619e+06 4.92505e+07 6.92754e+06 1.64587e+07 1.45398e+07 7.89862e+06 4.03252e+06 1.7684e+08 5.00127e+07 1.26827e+08
internal_count=230142 108627 121515 15757 5947 100685 13378 9810 8638 3778 2145 105758 27789 77969
is_linear=0
shrinkage=0.03


Tree=220
num_leaves=15
num_cat=3
split_feature=16 12 0 14 10 0 16 16 16 2 13 10 0 11
split_gain=33834.1 94113.9 142224 80332.1 79480.1 86119 78616.2 76720.6 69397.2 63056.4 61701.3 61344.9 131883 153692
threshold=0.053981197135824027 0.97665741464072364 0 0.90182517269697848 0.96086558797800203 1 0.04990669866214225 0.051683114612688437 0.04490981942762768 1.5000000000000002 0.77669315050116416 1.0283647253166985 2 1.0280500500846799
decision_type=2 2 1 2 2 1 2 2 2 2 2 2 1 2
left_child=1 2 -1 4 -3 -6 -5 -8 -4 -9 -7 -2 13 -13
right_child=11 3 8 6 5 10 7 9 -10 -11 -12 12 -14 -15
leaf_value=-0.00052327945023097043 -7.9301613988396589e-05 0.00074990981715919534 0.0019325289384627938 -2.256401952333613e-05 -0.00080050494018974372 -0.0011760822420325337 0.00083598352173074432 -8.8480917372650331e-05 0.00033055436001323845 0.00034435179148971438 -2.7383269022359655e-05 0.00033431075964514951 7.1287198297735312e-05 -0.00040514412104649642
leaf_weight=1470714.5387539864 88275871.050328255 698430.76113343239 2330422.1180839539 30063508.945252061 1307184.4001460075 1172297.6853758097 2374859.2922878265 4836264.7205810547 1571797.9651641846 7666926.2991580963 4026967.4667967558 3950962.6242675781 89871665.752521634 13831830.055908203
leaf_count=4190 50580 1556 5855 72465 3141 5476 2032 2575 1098 4797 8882 1706 59757 5900
internal_value=-2.08567e-06 0.000637644 0.00441813 0.00024812 -0.00269267 -0.00372502 0.000719578 0.00250319 0.00741459 0.0015643 -0.00199441 -0.000189892 0.000290798 -0.00206974
internal_weight=2.5345e+08 5.75194e+07 5.37293e+06 5.21464e+07 7.20488e+06 6.50645e+06 4.49416e+07 1.48781e+07 3.90222e+06 1.25032e+07 5.19927e+06 1.9593e+08 1.07654e+08 1.77828e+07
internal_count=230010 112067 11143 100924 19055 17499 81869 9404 6953 7372 14358 117943 67363 7606
cat_boundaries=0 1 2 3
cat_threshold=290 17 8
is_linear=0
shrinkage=0.03


Tree=221
num_leaves=15
num_cat=3
split_feature=16 0 16 14 2 16 1 16 16 0 1 2 0 9
split_gain=30893.6 63972.8 38786.4 112943 79050.4 59260.3 141724 120438 118143 119052 84712.1 72462.2 119692 70621.4
threshold=0.099416194722808979 0 0.08738686393244284 0.85184261628799651 1.5000000000000002 0.076551096840151614 9.5000000000000018 0.072308149630761667 0.080986009623554941 1 16.500000000000004 1.5000000000000002 2 71.500000000000014
decision_type=2 1 2 2 2 2 2 2 2 1 2 2 1 2
left_child=2 -2 5 -4 -5 7 -7 11 9 10 -8 13 -13 -1
right_child=1 -3 3 4 -6 6 8 -9 -10 -11 -12 12 -14 -15
leaf_value=0.0004231823303565252 0.00043538649865630083 -0.00026247432775134907 0.00023032168644099635 1.4515833429968974e-05 -0.00032759973712528023 0.00076272144484673633 7.1340837085172816e-05 -0.00026982710573840863 -6.3214089612723351e-05 6.8616441469129504e-05 0.00069408337877398241 -0.00017980512442940385 0.00012840726944974499 -9.2196514321879827e-05
leaf_weight=2481438.0018237829 4945645.7761235237 1854793.0645751953 3929055.0130295753 10434428.734802246 14936417.793442488 3602724.818359375 1944525.4767150879 14432968.34580338 22652351.293116212 8309867.5557231903 3560104.6917419434 19188272.194026351 85562221.28936708 55280820.298519135
leaf_count=2355 2469 1959 1737 3541 7206 1834 1268 8974 12338 6091 1791 27706 97765 52350
internal_value=9.45886e-05 0.00208927 3.95181e-05 -0.000985018 -0.001718 0.000177844 0.00121961 -5.80656e-05 0.00065882 0.0028454 0.0062672 0.000175182 0.000645593 -0.000677897
internal_weight=2.53116e+08 6.80044e+06 2.46315e+08 2.92999e+07 2.53708e+07 2.17015e+08 4.00696e+07 1.76946e+08 3.64668e+07 1.38145e+07 5.50463e+06 1.62513e+08 1.0475e+08 5.77623e+07
internal_count=229384 4428 224956 12484 10747 212472 23322 189150 21488 9150 3059 180176 125471 54705
cat_boundaries=0 1 2 3
cat_threshold=448 49 257
is_linear=0
shrinkage=0.03


Tree=222
num_leaves=15
num_cat=2
split_feature=9 10 10 0 11 9 12 11 11 0 10 9 11 11
split_gain=39758.3 36690.4 143780 126909 192341 126288 115421 104324 203043 113869 116168 104995 100149 111192
threshold=62.500000000000007 1.0283647253166985 1.0246308835688984 0 1.0427239847918768 66.500000000000014 1.0300344433885027 1.009134200366411 1.0142450752632377 1 1.048252232555178 74.500000000000014 1.0343628699069174 1.0311932712351803
decision_type=2 2 2 1 2 2 2 2 2 1 2 2 2 2
left_child=-1 2 3 4 -2 -5 12 -3 -9 -10 11 -11 13 -7
right_child=1 7 -4 5 -6 6 -8 8 9 10 -12 -13 -14 -15
leaf_value=-0.00039849375824778903 0.00010129613434233202 0.00033692329400449408 -0.00043720545077167804 0.00065435628467383272 -0.0010028065106702944 -0.00014490476677576859 -0.00091390907744738907 -0.0014675929539899183 -0.00012834887537329013 -0.00016060360224738881 3.1468909783018721e-05 0.00033375074093753882 0.00085448950331486922 -0.001125831127149987
leaf_weight=1727424.653973937 65312221.678668857 9386118.912268281 8188734.9731149673 1472253.9895498753 2167373.3488314152 30838849.183502913 3513011.1816989183 1798445.7256271839 37939809.335104585 3709297.775831461 67601071.949586153 17683224.052923918 1384458.766082406 1341201.9424551725
leaf_count=1371 50782 8545 5981 1033 2509 31542 4150 1449 37523 2664 65097 14620 1800 969
internal_value=6.97917e-05 0.000100843 -0.000296958 -1.1579e-06 0.000783316 -0.00137434 -0.0017165 0.000429808 0.000207176 0.000348994 0.000935678 0.00286246 -0.00117499 -0.00151489
internal_weight=2.54063e+08 2.52336e+08 1.14218e+08 1.06029e+08 6.74796e+07 3.85498e+07 3.70775e+07 1.38118e+08 1.28732e+08 1.26933e+08 8.89936e+07 2.13925e+07 3.35645e+07 3.21801e+07
internal_count=230035 228664 98766 92785 53291 39494 38461 129898 121353 119904 82381 17284 34311 32511
cat_boundaries=0 1 2
cat_threshold=155 137
is_linear=0
shrinkage=0.03


Tree=223
num_leaves=15
num_cat=4
split_feature=12 11 0 0 12 10 12 12 1 9 11 0 0 1
split_gain=34112.6 152130 152819 143884 240234 136202 146909 122466 111025 104483 102344 305914 272631 183393
threshold=1.0051969303918387 1.0304023934857012 0 1 0.99712577792716017 1.0296330832311156 1.0017672621402147 1.0004275174568331 17.500000000000004 83.500000000000014 1.0142450752632377 2 3 17.500000000000004
decision_type=2 2 1 1 2 2 2 2 2 2 2 1 1 2
left_child=1 3 -3 5 -5 6 7 -1 -4 -6 12 -12 -2 -13
right_child=10 2 8 4 9 -7 -8 -9 -10 -11 11 13 -14 -15
leaf_value=-7.7063046451918013e-05 3.8328584585644083e-05 -0.0011074068281261517 -0.00021097106160052181 3.5268323737689876e-05 -0.00025618728226153913 0.00032325784231671304 -0.00035579233464837754 0.00046865616158077596 0.00060385867360405283 0.0007391581119856978 -0.00041404414766376156 0.0001420148229065112 -0.0007626377630455338 -0.00016090466229804382
leaf_weight=20785531.437126398 17955263.32318294 2998962.3911646605 7023925.7401907444 25207969.534893274 1596760.9119524956 4406933.0549509525 9899163.6227283478 2957774.272885561 2163984.6418681145 15703728.15999949 22738396.040168881 83712944.35145402 10348776.700514793 25778945.162619948
leaf_count=16194 15754 2908 5835 24712 1289 3029 5132 1829 2266 15670 21846 74179 9807 29444
internal_value=-8.53245e-06 0.000449523 -0.00267434 0.000922104 0.00212163 -0.000417999 -0.00106762 0.000212434 -0.00075504 0.00484396 -0.000273163 7.72885e-05 -0.00191039 0.000734863
internal_weight=2.53279e+08 9.27447e+07 1.21869e+07 8.05579e+07 4.25085e+07 3.80494e+07 3.36425e+07 2.37433e+07 9.18791e+06 1.73005e+07 1.60534e+08 1.3223e+08 2.8304e+07 1.09492e+08
internal_count=229894 78864 11009 67855 41671 26184 23155 18023 8101 16959 151030 125469 25561 103623
cat_boundaries=0 1 2 3 4
cat_threshold=5 336 136 155
is_linear=0
shrinkage=0.03


Tree=224
num_leaves=15
num_cat=4
split_feature=14 14 0 0 9 10 10 0 9 1 16 16 14 0
split_gain=37870.3 88270 109583 67169 106407 74358.1 111352 65711.1 60217.6 74855.2 60015 83627.7 64314.4 56708.3
threshold=1.0322879984628364 2.6615885098342065 0 1 66.500000000000014 1.1925834006211711 1.1494611397626895 2 84.500000000000014 17.500000000000004 0.030902041864864577 0.039200270349941439 0.76577569073895524 3
decision_type=2 2 1 1 2 2 2 1 2 2 2 2 2 1
left_child=10 3 -3 4 -2 6 -5 -8 9 -6 12 -12 -1 -13
right_child=1 2 -4 5 8 -7 7 -9 -10 -11 11 13 -14 -15
leaf_value=-0.0031371199294561686 -0.0008536032714241364 0.052919966363930968 -0.00034587637342686583 -0.00011153381539723734 0.0007459284699397994 -0.00093004929242230833 0.0015560884287098137 0.0001385454815397322 0.0002039332680353379 -0.00023643301429216275 0.00059885120419176686 8.0242101644754078e-05 -0.0002312383016970979 -3.8011528865863625e-05
leaf_weight=543332.37398505211 947280.00645935535 396238.11432051659 348237.24467682838 17664912.409281492 2291629.6573195457 1174382.5771716833 953971.17776346207 755249.50583636761 20244061.372943282 901910.91611099243 4302469.681845665 50962775.69128418 12366236.865113854 140250960.15544271
leaf_count=6362 899 1325 2234 23039 2660 1678 1339 1256 27483 1247 5340 37151 39766 78367
internal_value=1.82162e-05 0.000800542 0.0110461 0.00063079 0.00169555 -0.000632757 -0.000188444 0.0071232 0.00209396 0.00592255 -0.000153236 -2.24259e-05 -0.00213436 -0.000115495
internal_weight=2.54104e+08 4.56779e+07 744475 4.49334e+07 2.43849e+07 2.05485e+07 1.93741e+07 1.70922e+06 2.34376e+07 3.19354e+06 2.08426e+08 1.95516e+08 1.29096e+07 1.91214e+08
internal_count=230146 63160 3559 59601 32289 27312 25634 2595 31390 3907 166986 120858 46128 115518
cat_boundaries=0 1 2 3 4
cat_threshold=20 186 68 67
is_linear=0
shrinkage=0.03


Tree=225
num_leaves=15
num_cat=0
split_feature=12 11 1 1 14 2 12 9 16 3 5 5 11 12
split_gain=38233 85748.3 98886.4 87677.7 49035 85215.5 158152 94925.6 71425.5 66243.7 234812 177930 114128 113210
threshold=0.9353060627559534 0.89451372984939514 18.500000000000004 11.500000000000002 1.0662640434627391 4.5000000000000009 1.0249057070288117 83.500000000000014 0.055545737076331821 1.0000000180025095e-35 1.0000000180025095e-35 1.0000000180025095e-35 0.98982019765976748 1.0121289381029088
decision_type=2 2 2 2 2 2 2 2 2 2 2 2 2 2
left_child=-1 2 3 -2 9 7 -7 -6 -9 10 12 -11 13 -3
right_child=1 4 -4 -5 5 6 -8 8 -10 11 -12 -13 -14 -15
leaf_value=-0.00028172499069645848 0.00051420937106016183 0.00038644347880388227 0.0014724342073941653 -0.00011194358596759035 0.00060664725658587774 0.0024718019977844805 -0.00016727050206108464 0.00033922940770490508 -0.00037317141794723758 -0.00012250784540670747 -0.0012560959575128908 0.0010007575290844704 1.5654947913740044e-06 -9.3664686020130083e-05
leaf_weight=7250773.5797475576 3564343.7676403522 15162038.126552582 1497467.3912410736 4798055.592956543 2276461.2555724382 2318285.7990040779 2060707.3780872822 5409435.1861208677 8435943.0948028564 69904538.975875735 1714228.8099117279 1940485.1925443411 122158270.05608988 5104626.2909077406
leaf_count=7860 3636 10778 1959 2709 2946 6486 5622 16673 6641 70870 1059 1417 87248 3852
internal_value=5.27335e-05 0.00011593 0.00285705 0.0015857 1.64278e-06 0.0014038 0.00511501 0.000395771 -0.000537663 -0.000131448 0.00023948 -0.000875623 0.000372321 0.00245726
internal_weight=2.53596e+08 2.46345e+08 9.85987e+06 8.3624e+06 2.36485e+08 2.05008e+07 4.37899e+06 1.61218e+07 1.38454e+07 2.15984e+08 1.44139e+08 7.1845e+07 1.42425e+08 2.02667e+07
internal_count=229756 221896 8304 6345 213592 38368 12108 26260 23314 175224 102937 72287 101878 14630
is_linear=0
shrinkage=0.03


Tree=226
num_leaves=15
num_cat=1
split_feature=10 11 12 0 2 12 2 16 10 2 14 14 12 11
split_gain=46713.9 35500.3 60480.9 96013.2 106187 51845.8 47054 65667.3 46166.1 39853.2 99359.8 59900.3 39102.9 67278.9
threshold=0.68171730937635744 1.1902710751006842 1.1215458779551306 0 3.5000000000000004 1.1097545981130041 1.5000000000000002 0.065633988462471884 1.1828968528919626 4.5000000000000009 0.73095510993816071 0.70913284672034438 1.0666052657390228 1.0766544007495955
decision_type=2 2 2 1 2 2 2 2 2 2 2 2 2 2
left_child=-1 2 5 4 8 12 -5 -8 -4 11 -11 -3 13 -2
right_child=1 9 3 6 -6 -7 7 -9 -10 10 -12 -13 -14 -15
leaf_value=-0.00062414713987652131 1.8145112566077841e-05 0.00062401131038880054 0.00157728105137587 -0.00070165615939557664 -9.038572192243078e-05 -0.00032331920512612325 0.00083271021943913327 -0.00025659381996686378 0.00054060197971502594 -0.0021056525761964165 0.0001962940292223589 -0.00052195250792152624 0.00019450910656924306 -0.00015647887169616085
leaf_weight=1254623.2884429693 190329193.20607507 2034817.118713975 1513217.8957183361 1378045.6897739172 1717401.8549351692 2838893.0501983166 1349669.9415912628 1332610.8180541992 1607585.5470329523 640981.51637220383 722100.93436706066 4907150.9717532396 15146486.21446681 26865580.756497145
leaf_count=972 162772 1511 1573 1210 2220 1905 2035 942 1335 730 1625 4686 17680 28938
internal_value=3.47187e-05 6.34241e-05 0.000129056 0.00255682 0.00541155 3.71961e-05 -0.000844829 0.00147 0.00870855 -0.00186543 -0.00655531 -0.000944558 8.64328e-05 -1.63437e-05
internal_weight=2.53638e+08 2.52384e+08 2.44079e+08 8.89853e+06 4.83821e+06 2.3518e+08 4.06033e+06 2.68228e+06 3.1208e+06 8.30505e+06 1.36308e+06 6.94197e+06 2.32341e+08 2.17195e+08
internal_count=230134 229162 220610 9315 5128 211295 4187 2977 2908 8552 2355 6197 209390 191710
cat_boundaries=0 1
cat_threshold=102
is_linear=0
shrinkage=0.03


Tree=227
num_leaves=15
num_cat=2
split_feature=10 2 1 0 10 10 10 0 13 16 2 10 1 14
split_gain=36045.5 53999.3 63073.6 50697.8 39577.6 171148 89797.2 93689.4 97421.7 86908 89508.2 100759 112105 230813
threshold=1.2236955986104996 2.5000000000000004 10.500000000000002 0 1.0377336508874493 1.0363308762909964 1.0428102923176461 1 0.82231258419477404 0.08738686393244284 4.5000000000000009 1.1413265287497878 8.5000000000000018 0.90607831415974538
decision_type=2 2 2 1 2 2 2 1 2 2 2 2 2 2
left_child=4 2 -2 -4 5 -1 -6 8 -8 10 11 12 13 -9
right_child=1 -3 3 -5 6 -7 7 9 -10 -11 -12 -13 -14 -15
leaf_value=-5.0900815544877618e-06 -0.00044041254921673047 -0.00066894464614413146 0.00071231279804291571 -0.00023364356435243849 0.00023001812212906534 -0.00073905152479289199 -0.00072792763917711072 0.0013435955750130783 0.0002930084941983812 -0.00027551807767823146 0.00031607267266574529 -0.00035509658997802098 -0.00018914896990610442 -4.7383747828056021e-05
leaf_weight=129167668.30698931 1673846.6962491274 5207618.0412080288 2351275.0396022797 1249462.3071880341 12347593.647470474 4393592.1831419468 1620696.6494367123 1340207.1992396116 21607446.924648285 9096231.1742248535 12312219.623973608 11281134.266377926 35867467.855994225 4416445.9870538712
leaf_count=111751 2059 6892 1958 1357 9479 3122 4867 2056 29186 3449 15920 10132 21906 6216
internal_value=3.04614e-05 -0.00169207 0.000447443 0.00268417 0.000104628 -0.000242331 0.000526327 0.000221208 0.00188423 -0.000298601 8.45455e-05 -0.000451608 -0.00113319 0.00275302
internal_weight=2.53933e+08 1.04822e+07 5.27458e+06 3.60074e+06 2.43451e+08 1.33561e+08 1.09889e+08 9.75418e+07 2.32281e+07 7.43137e+07 6.52175e+07 5.29053e+07 4.16241e+07 5.75665e+06
internal_count=230350 12266 5374 3315 218084 114873 103211 93732 34053 59679 56230 40310 30178 8272
cat_boundaries=0 1 2
cat_threshold=34 352
is_linear=0
shrinkage=0.03


Tree=228
num_leaves=15
num_cat=3
split_feature=14 3 2 1 1 16 12 0 16 14 0 16 9 0
split_gain=35757.8 103109 50851.8 43546.8 75294.2 33355.4 108336 142345 82736.3 68299.7 83875.6 66242.7 145322 194667
threshold=0.63266162658402714 1.5000000000000002 1.0000000180025095e-35 15.500000000000002 11.500000000000002 0.053981197135824027 0.97665741464072364 0 0.044202609877353728 0.87158761711986699 1 0.04990669866214225 89.500000000000014 2
decision_type=2 2 2 2 2 2 2 1 2 2 1 2 2 1
left_child=1 2 -1 4 -4 6 7 8 -2 10 -8 12 13 -11
right_child=5 -3 3 -5 -6 -7 9 -9 -10 11 -12 -13 -14 -15
leaf_value=-0.0010230044472405175 0.0027065242373358602 -0.0025149550772843609 -8.4795165958867434e-05 -0.00062607320902937638 0.0017900036555641939 -9.4315232836283359e-06 0.00047817405075511202 9.8643045111182921e-05 0.0003551934729897156 -0.0020497809263380503 -0.00062633766553188397 0.00019265377157974065 0.00011411223863089682 -0.00013358910010455167
leaf_weight=824785.30729520321 1332858.8823450804 771148.3139295578 972499.23364710808 754132.66872119904 675405.708984375 191817050.39334977 1296814.4652011395 3145990.0579907894 729214.98266601562 1502580.7366156578 3523245.4758399725 15807453.245163918 25724451.103753924 4399082.0109367371
leaf_count=1210 3124 1587 1995 701 516 115189 3077 6955 426 3190 8560 9959 62938 10711
internal_value=5.37418e-05 -0.00276096 -0.00040574 0.00180108 0.00453363 9.88844e-05 0.000732923 0.00485901 0.010985 0.00032168 -0.00308075 0.000667425 -0.000125177 -0.00437089
internal_weight=2.53277e+08 3.99797e+06 3.22682e+06 2.40204e+06 1.6479e+06 2.49279e+08 5.74617e+07 5.20806e+06 2.06207e+06 5.22536e+07 4.82006e+06 4.74336e+07 3.16261e+07 5.90166e+06
internal_count=230138 6009 4422 3212 2511 224129 108940 10505 3550 98435 11637 86798 76839 13901
cat_boundaries=0 1 2 3
cat_threshold=89 324 68
is_linear=0
shrinkage=0.03


Tree=229
num_leaves=15
num_cat=4
split_feature=11 12 0 16 7 14 14 0 11 0 0 12 1 1
split_gain=32523.5 57161.5 108163 77397.8 44864.7 85583.2 73995.6 36082.2 34366.2 169145 127316 156389 187686 137817
threshold=1.1902710751006842 1.1215458779551306 0 0.083647491849291669 1.0000000180025095e-35 0.73095510993816071 0.70913284672034438 1 1.0256949624400986 2 3 1.0022632125571322 17.500000000000004 8.5000000000000018
decision_type=2 2 1 2 2 2 2 1 2 1 1 2 2 2
left_child=1 8 -3 7 6 -6 -2 -4 9 -1 13 -12 -13 -10
right_child=4 2 3 -5 5 -7 -8 -9 10 -11 11 12 -14 -15
leaf_value=-0.00017161274585994235 0.0006284197244110012 0.0015214395697695697 -0.00021552956538444003 -0.00068830219264651377 -0.001993285783861837 9.6330716399143412e-05 -0.0003341563159584564 0.00043928731394241331 0.00026554505499919672 0.00010708699816632566 -0.00033040047535408987 0.00013885178096639697 -0.00021764943190859037 -0.00046105668992697818
leaf_weight=35811631.091632724 1989717.5271526575 1332675.0461853743 1201966.0661168098 1553294.6154174805 639610.11507177353 693027.12077152729 4910405.3231692314 4976331.9113097191 4495918.8497490883 87939722.199268937 8619152.1082401276 61407826.399425864 19044866.608649015 18584430.621506691
leaf_count=34600 1479 2282 1987 755 726 1595 4711 4326 6079 71216 7544 55282 22311 14993
internal_value=0.000127136 0.000189468 0.00252733 0.00116675 -0.00172754 -0.00676688 -0.000754285 0.00267177 9.96385e-05 0.000444344 -0.000280718 0.000233811 0.00064526 -0.00226639
internal_weight=2.53201e+08 2.44968e+08 9.06427e+06 7.73159e+06 8.23276e+06 1.33264e+06 6.90012e+06 6.1783e+06 2.35904e+08 1.23751e+08 1.12152e+08 8.90718e+07 8.04527e+07 2.30803e+07
internal_count=229886 221375 9350 7068 8511 2321 6190 6313 212025 105816 106209 85137 77593 21072
cat_boundaries=0 1 2 3 4
cat_threshold=96 129 292 136
is_linear=0
shrinkage=0.03


Tree=230
num_leaves=15
num_cat=5
split_feature=1 0 9 0 12 0 16 16 1 10 12 14 0 0
split_gain=32280.7 141406 137717 98253.7 85646.6 61953.6 56791.4 55752.6 132896 150275 108100 107177 105365 69262.5
threshold=6.5000000000000009 0 82.500000000000014 1 0.99996686537042534 2 0.023019631248904902 0.053394880302814023 13.500000000000002 0.94260595348494369 0.97001371905166367 0.82798925996342188 3 4
decision_type=2 1 2 1 2 1 2 2 2 2 2 2 1 1
left_child=1 6 5 4 -4 -3 -1 8 -2 12 -11 -12 -10 -13
right_child=7 2 3 -5 -6 -7 -8 -9 9 10 11 13 -14 -15
leaf_value=-0.00040813997760050192 0.00039118871186392409 -4.0865306656459058e-05 0.0028008302471202637 -5.6224718753190797e-05 0.00047924980085631779 -0.0018381423209065343 -0.0018222750794528164 -1.2343638856330925e-05 -0.00035252825032694961 0.0015302938208467606 -0.0012466043759311277 -0.0004172658656888387 0.0019519886531607332 3.415009694740097e-05
leaf_weight=602906.43674647808 17060518.081009507 356053.83595025539 411698.9772131443 4747578.1483012438 1228874.2213306427 612259.14682912827 1141227.1485900879 201920660.91412163 903804.65401172638 1206611.1249985695 959462.19293403625 7732773.7996177673 1908087.8606467247 12041405.6361022
leaf_count=8012 18198 1724 1403 25547 3906 2425 1674 121021 1918 1981 2601 8003 3284 27927
internal_value=7.49316e-06 -0.00174678 7.40815e-05 0.00167217 0.00800131 -0.0104688 -0.00942682 7.29949e-05 0.00107008 -0.000334067 -0.0011709 -0.00167889 0.00619543 -0.00120378
internal_weight=2.52834e+08 9.1006e+06 7.35646e+06 6.38815e+06 1.64057e+06 968313 1.74413e+06 2.43733e+08 4.18127e+07 2.47521e+07 2.19403e+07 2.07336e+07 2.81189e+06 1.97742e+07
internal_count=229624 44691 35005 30856 5309 4149 9686 184933 63912 45714 40512 38531 5202 35930
cat_boundaries=0 1 2 3 4 5
cat_threshold=3 8 304 386 20
is_linear=0
shrinkage=0.03


Tree=231
num_leaves=15
num_cat=1
split_feature=11 12 14 13 16 14 1 14 16 14 1 0 16 1
split_gain=35181.8 71863.7 52004.6 34692.6 94742.9 73845.4 139380 406270 112782 96469.8 150477 71776.9 68742.8 71575.9
threshold=0.77700826205213713 0.91595830406058487 0.86542073623636151 0.98094413017656412 0.033755858039455959 0.9800336026838018 8.5000000000000018 0.8746455374800175 0.089869429603364012 0.82298220553740553 12.500000000000002 0 0.084072011220865828 16.500000000000004
decision_type=2 2 2 2 2 2 2 2 2 2 2 1 2 2
left_child=-1 2 -2 4 11 6 7 8 -6 10 -8 -3 13 -11
right_child=1 3 -4 -5 5 -7 9 -9 -10 12 -12 -13 -14 -15
leaf_value=0.00040706454152991678 -0.00017413367066596076 0.00039615925282661835 -0.001404154471316219 -3.3907624785517443e-05 0.0014642066493372734 0.00019829693738093905 -0.00071475452690085851 -0.00016827138561543461 0.00021720788725958581 -4.9742955518622309e-06 -6.7918509121247801e-05 -0.0006152717090342016 -0.00022753990731501299 0.00027707378943612728
leaf_weight=2492581.3048645258 1846709.4294862747 2006449.6577004194 1151124.0343852043 137320306.3756628 2543890.5780234337 29445995.609024048 4627444.144343853 5901831.5555114746 2179705.1420898438 29249611.645162582 10410003.607045174 6358708.0459139347 6661313.2913208008 10852039.256295919
leaf_count=2790 1430 10693 1712 121416 1522 20752 3843 3081 891 18746 6935 24599 3735 7360
internal_value=-5.16311e-05 -8.6913e-05 -0.0047039 -3.10029e-05 0.000365371 0.000617395 0.000102377 0.0032763 0.00983341 -0.00044332 -0.00253351 -0.0027038 0.000228816 0.00069761
internal_weight=2.53048e+08 2.50555e+08 2.99783e+06 2.47557e+08 1.10237e+08 1.01872e+08 7.24258e+07 1.06254e+07 4.7236e+06 6.18004e+07 1.50374e+07 8.36516e+06 4.6763e+07 4.01017e+07
internal_count=229505 226715 3142 223573 102157 66865 46113 5494 2413 40619 10778 35292 29841 26106
cat_boundaries=0 1
cat_threshold=392
is_linear=0
shrinkage=0.03


Tree=232
num_leaves=15
num_cat=3
split_feature=10 11 12 14 16 0 11 0 10 14 0 2 16 16
split_gain=33548.1 32296.1 108585 94549.1 86686.2 60776.3 100719 58834.9 41545.8 38694.8 174735 107656 59416.3 52081.7
threshold=0.68171730937635744 0.90644793995258399 0.9353060627559534 0.86863312934990444 0.04490981942762768 0 0.81558126065163716 1 0.82120607435980486 1.1116952879703825 2 4.5000000000000009 0.067004595961928023 0.061466978169741775
decision_type=2 2 2 2 2 1 2 1 2 2 1 2 2 2
left_child=-1 2 5 -4 -5 -2 -7 -6 -3 -10 11 -11 -13 -12
right_child=1 8 3 4 7 6 -8 -9 9 10 13 12 -14 -15
leaf_value=-0.00048351992974348263 -0.00097811463853943658 -0.00055180212671271183 0.00078352092548794649 0.0015948646782882278 0.00031572714692400472 0.00043531175045474665 -0.00069631156001544734 -0.00029901450820973575 -6.2283228356299342e-06 0.00073668109891261984 0.00036348951243784952 0.0019305105724086228 0.0065385851682303858 -0.00063627436487385524
leaf_weight=1262359.0752277374 1588444.7037221193 2192900.1570166349 1928296.3378734589 1187759.3738530874 3588900.4742431641 2363270.106186986 1537581.1963262558 3004126.9579162598 225239094.89691842 1340328.5915015936 3657674.0454705954 667789.17440450191 578401.54193115234 3067794.5633273125
leaf_count=975 1567 2466 1534 2906 1827 2799 1523 2229 187065 2519 16431 1734 519 3410
internal_value=3.63148e-05 6.07581e-05 0.00140132 0.00330799 0.0018342 -0.00197107 4.32958e-05 0.000490178 -2.53026e-05 1.31244e-05 0.00190821 0.00853483 0.0148823 -0.000640303
internal_weight=2.53205e+08 2.51942e+08 1.51984e+07 9.70908e+06 7.78079e+06 5.4893e+06 3.90085e+06 6.59303e+06 2.36744e+08 2.34551e+08 9.31199e+06 2.58652e+06 1.24619e+06 6.72547e+06
internal_count=229504 228529 14385 8496 6962 5889 4322 4056 214144 211678 24613 4772 2253 19841
cat_boundaries=0 1 2 3
cat_threshold=256 276 20
is_linear=0
shrinkage=0.03


Tree=233
num_leaves=15
num_cat=2
split_feature=11 3 12 10 0 10 2 0 11 12 13 14 12 2
split_gain=28803.1 140722 119464 103022 172147 101745 99713.4 91907.5 102593 98417.4 84499.6 98283.2 76282.9 96040.9
threshold=0.99217020718281967 1.5000000000000002 1.019141366626745 0.83310007439074751 0 0.90135704482050072 4.5000000000000009 1 0.89451372984939514 0.98159646488267815 0.65375478657113917 0.90607831415974538 0.99493778713559811 4.5000000000000009
decision_type=2 2 2 2 1 2 2 1 2 2 2 2 2 2
left_child=1 3 6 -1 5 -5 -3 9 -9 -8 -10 -12 -2 -14
right_child=12 2 -4 4 -6 -7 7 8 10 -11 11 -13 13 -15
leaf_value=-8.6074957540227938e-05 -0.00022810143627611946 -0.0021701583806382654 -0.002151647559403409 0.00062841956389259035 1.4323332754626525e-06 0.00029433016783983332 -0.024952792654497381 0.0011686855191849589 -0.0037528353420938948 0.00017852666494257513 0.0011703627084564926 -0.00031213352864770241 -2.2028808495353341e-05 0.00021693649071705489
leaf_weight=10621534.120602727 15753516.04682076 1305129.7624638081 2396901.289269805 4111449.9128332138 15247679.168661118 12653853.45557332 544748.8669873476 2378991.8986303806 791992.43458676338 532871.1851619482 826865.51674199104 3156732.5026832819 151174843.15017736 32348620.999459982
leaf_count=8785 13468 1898 3795 2054 15099 7824 1118 3253 816 1042 797 4604 120124 45438
internal_value=5.80592e-05 0.000668737 -0.00221074 0.00147476 0.0023242 0.0044222 -0.000706025 0.000515363 0.00174558 -0.00765226 -0.000789961 0.000989375 -0.000109165 6.28036e-05
internal_weight=2.53846e+08 5.45688e+07 1.19342e+07 4.26345e+07 3.2013e+07 1.67653e+07 9.53733e+06 8.2322e+06 7.15458e+06 1.07762e+06 4.77559e+06 3.9836e+06 1.99277e+08 1.83523e+08
internal_count=230115 51085 17323 33762 24977 9878 13528 11630 9470 2160 6217 5401 179030 165562
cat_boundaries=0 1 2
cat_threshold=27 256
is_linear=0
shrinkage=0.03


Tree=234
num_leaves=15
num_cat=0
split_feature=10 11 11 10 10 10 12 13 12 7 12 10 14 12
split_gain=32259.5 35900.3 138574 85561.5 107692 84506.7 73937.7 59154.7 62298.7 58154 58126.5 64068.9 59926.9 54786.7
threshold=0.68171730937635744 1.0256949624400986 1.0246391602897307 1.0377336508874493 1.0363308762909964 1.0414267246865097 1.0377844440427848 0.99788436612522213 0.9353060627559534 1.0000000180025095e-35 0.97665741464072364 0.82120607435980486 0.86231755333465665 1.0103583756494539
decision_type=2 2 2 2 2 2 2 2 2 2 2 2 2 2
left_child=-1 2 6 4 -3 -5 7 8 -2 -8 12 -12 -10 -7
right_child=1 3 -4 5 -6 13 9 -9 10 -11 11 -13 -14 -15
leaf_value=-0.00052670903909633315 -0.00024331157424899988 -0.00016005167903385386 0.001228307472281608 0.00025347577857994988 -0.00104325860292966 -0.00023535731328391181 -0.0002614012199654743 -2.961236689937162e-05 0.00077010889166702053 -0.0017794550329279866 -0.00040128873981846449 0.00011696674617916981 0.00023985728047539031 1.3475431618769597e-05
leaf_weight=1282042.4944983721 5770734.2058902979 22083099.566553593 1175996.9539607763 5453232.4199981689 2490358.8314511776 12694928.617991686 2869671.8074626923 51089291.260672331 1805415.2778868675 1130254.2363630533 2097936.1698620319 52083373.813749433 5207359.8619978428 86885047.768460035
leaf_count=971 5735 21016 997 4455 1740 11053 2511 44145 1789 1690 1955 41858 4586 85731
internal_value=9.49271e-06 3.3562e-05 0.000400173 -0.000315012 -0.0019086 5.78231e-05 0.000301425 0.000437338 0.0010239 -0.00370995 0.0013049 0.000972259 0.0038749 -0.000141311
internal_weight=2.54119e+08 2.52837e+08 1.2323e+08 1.29607e+08 2.45735e+07 1.05033e+08 1.22054e+08 1.18054e+08 6.69648e+07 3.99993e+06 6.11941e+07 5.41813e+07 7.01278e+06 9.958e+07
internal_count=230232 229261 105266 123995 22756 101239 104269 100068 55923 4201 50188 43813 6375 96784
is_linear=0
shrinkage=0.03


Tree=235
num_leaves=15
num_cat=4
split_feature=0 1 16 9 11 1 0 14 14 0 16 1 0 14
split_gain=31899 111610 128717 75618.4 73343.4 154594 191512 94261.3 88695.7 97765.6 100724 75346.5 76691.8 71998.4
threshold=0 7.5000000000000009 0.062894268614539353 71.500000000000014 0.96562958517018271 17.500000000000004 1 0.70913284672034438 1.1116952879703825 2 0.069632986040462322 10.500000000000002 3 1.174808221309416
decision_type=1 2 2 2 2 2 1 2 2 1 2 2 1 2
left_child=1 3 -3 -1 5 11 -7 -6 -9 10 13 -2 -13 -10
right_child=4 2 -4 -5 7 6 -8 8 9 -11 -12 12 -14 -15
leaf_value=-0.00178410123093705 0.00021893669899537287 0.00042123513342281127 -3.5048891138989682e-05 -0.00036529987028529416 -0.0010282116339651486 -0.00078031568373923565 0.00085208007604398812 -4.3965792966437423e-05 -0.00057462831989130289 -9.6967331460605377e-05 0.0045313718482092443 0.00018677680830150696 -0.00033747271463687844 0.002010154982430395
leaf_weight=301892.58323955536 8899429.947750926 22188507.594421625 31381856.590316772 4674288.1045207977 1635805.6491982937 1326522.283241272 5476756.9834003448 158960281.8613894 580050.48526287079 2505297.8657429218 752689.10852050781 4294738.6956787109 9230911.1733398438 793620.7808201313
leaf_count=1015 9689 33666 24402 16058 3910 1666 5321 112724 829 8833 605 2569 5548 2487
internal_value=-8.9626e-06 0.000604951 0.00100417 -0.00369275 -0.000193799 0.00119146 0.00515262 -0.000438847 -0.000367195 0.00372511 0.00845613 -1.0273e-05 -0.00142082 0.00362296
internal_weight=2.53003e+08 5.85465e+07 5.35704e+07 4.97618e+06 1.94456e+08 2.92284e+07 6.80328e+06 1.65228e+08 1.63592e+08 4.63166e+06 2.12636e+06 2.24251e+07 1.35256e+07 1.37367e+06
internal_count=229322 75141 58068 17073 154181 24793 6987 129388 125478 12754 3921 17806 8117 3316
cat_boundaries=0 1 2 3 4
cat_threshold=98 256 20 144
is_linear=0
shrinkage=0.03


Tree=236
num_leaves=15
num_cat=3
split_feature=10 10 0 12 10 12 12 10 12 10 0 12 0 16
split_gain=26029.4 98180.6 101778 147860 116730 119426 103870 89480 87352.3 86866 71986.7 82858 81601.3 110644
threshold=1.0389604186223813 1.0363308762909964 0 1.0477841128593066 0.82120607435980486 1.0064015881057771 0.99983437853173751 1.0428102923176461 1.012215049947701 1.0165892169178157 1 0.98621625708906724 2 0.067004595961928023
decision_type=2 2 1 2 2 2 2 2 2 2 1 2 1 2
left_child=1 2 3 4 -1 6 -6 -2 -3 -7 -9 12 -12 -14
right_child=7 8 -4 -5 5 9 -8 10 -10 -11 11 -13 13 -15
leaf_value=-0.00029512764036836848 0.00023554151048744642 -5.9323771542897307e-05 -6.0837831398763467e-05 -0.00065783734380504171 0.00020791112765178223 0.00022733837322710802 0.00074401070679666148 0.00013632180594624647 -0.00097407825946114785 -0.00029744415210510684 0.00054566482661261902 -7.9677522478659746e-05 0.00067022457679293955 -0.00074504906708602902
leaf_weight=5565852.9396777153 10198649.896880865 3346658.7958776951 86355362.216498256 2732118.704356432 9785004.7943965197 10165240.704886436 7951837.4364557266 40660669.86591506 3180711.8354678154 6297902.0737415552 2118870.9248976707 62231845.370542526 1790411.3343369961 1519875.6604003906
leaf_count=4668 7422 2815 75832 2385 7864 8065 7182 48629 2385 5669 2091 52780 1880 714
internal_value=3.37139e-05 -0.000250496 -6.86614e-05 0.00113322 0.00159705 0.00225276 0.00396071 0.000358355 -0.00384 0.000412665 0.000105424 -0.000494101 0.00306024 0.000117685
internal_weight=2.53901e+08 1.35381e+08 1.28853e+08 4.2498e+07 3.97658e+07 3.42e+07 1.77368e+07 1.1852e+08 6.52737e+06 1.64631e+07 1.08322e+08 6.7661e+07 5.42916e+06 3.31029e+06
internal_count=230381 116865 111665 35833 33448 28780 15046 113516 5200 13734 106094 57465 4685 2594
cat_boundaries=0 1 2 3
cat_threshold=11 356 144
is_linear=0
shrinkage=0.03


Tree=237
num_leaves=15
num_cat=0
split_feature=12 12 1 14 10 10 3 12 3 12 14 12 13 1
split_gain=34479.2 41424.2 63129 53230.2 32363.1 77769.2 57706 54112.1 116062 95542.2 45774.7 81667.8 71053.2 85990.7
threshold=0.9353060627559534 0.9608647852025366 18.500000000000004 0.87158761711986699 1.1866650474107496 1.1537366032060119 2.5000000000000004 1.1600870110256618 1.0000000180025095e-35 1.0666052657390228 1.0905621986481837 0.97813683953467312 0.98094413017656412 12.500000000000002
decision_type=2 2 2 2 2 2 2 2 2 2 2 2 2 2
left_child=-1 2 3 -2 5 10 -6 8 9 -7 12 -12 -3 -14
right_child=1 4 -4 -5 6 7 -8 -9 -10 -11 11 -13 13 -15
leaf_value=-0.00024509471582871402 0.000552642800485457 4.6020967409318191e-05 0.0013979142405209587 -0.00019868497207877313 -9.553244839496743e-05 0.00029057409756132944 -0.0012231621134982894 -0.00013802522307435294 -0.00022342266601809734 0.0012667736071768599 -0.0016288478217560717 0.00047163844480828648 3.4739064549205649e-05 -0.00015386003607210144
leaf_weight=7162713.3521425724 1674384.8467214108 92085800.068736315 1071473.1378269196 4177272.4480485916 16938461.727939725 1980137.8767586946 1574182.8068506718 2428112.9835380316 2081861.2738779783 2351444.6028635502 900732.51978099346 10842850.060909748 47033527.118767619 60805341.168126106
leaf_count=7776 1391 77213 1725 4087 18116 2372 3185 2356 3298 2163 1334 25142 36735 42795
internal_value=3.87231e-05 9.8477e-05 0.00238616 0.00116032 3.22156e-05 0.000133361 -0.00117256 0.00288997 0.00433405 0.00713189 1.82156e-05 0.0018385 -8.8708e-05 -0.000611331
internal_weight=2.53108e+08 2.45946e+08 6.92313e+06 5.85166e+06 2.39022e+08 2.2051e+08 1.85126e+07 8.84156e+06 6.41344e+06 4.33158e+06 2.11668e+08 1.17436e+07 1.99925e+08 1.07839e+08
internal_count=229688 221912 7203 5478 214709 193408 21301 10189 7833 4535 183219 26476 156743 79530
is_linear=0
shrinkage=0.03


Tree=238
num_leaves=15
num_cat=1
split_feature=11 12 14 11 1 14 1 14 14 2 12 9 4 0
split_gain=54446 61540.9 67001.8 38344.4 105219 94206.4 65557.2 41219.9 36227.9 101101 123594 82200.4 69682.1 66842.3
threshold=0.77700826205213713 0.91595830406058487 0.86542073623636151 0.90644793995258399 18.500000000000004 0.8746455374800175 11.500000000000002 0.95435268375635385 1.0847927943541265 4.5000000000000009 1.0249057070288117 83.500000000000014 1.0000000180025095e-35 0
decision_type=2 2 2 2 2 2 2 2 2 2 2 2 2 1
left_child=-1 2 -2 4 5 -3 7 -7 -5 11 13 -10 -12 -11
right_child=1 3 -4 8 -6 6 -8 -9 9 10 12 -13 -14 -15
leaf_value=0.00053495166735819982 -9.9595024697114387e-05 0.00051002569003987842 -0.00140938087948827 -1.6352133703591759e-05 0.0010072030675377906 -0.00027041766404802361 -0.00034943099928630856 0.00044925781958104089 0.00079021482075637055 0.0041421400118462088 -0.00063818652054613268 -0.00015881953226925548 0.0027622058660664289 0.00044562966328139
leaf_weight=2400255.4386867285 1900913.3057088852 2233120.7630395889 1180075.2767763138 222022915.86886382 1824244.8272042274 1247638.6674766541 4491887.1691894531 2149288.1570463181 1293368.6048349142 1305888.4557493925 1221662.3105905056 9610567.3248392344 353805.22562658787 530173.34874773026
leaf_count=2729 1446 1683 1728 182043 2452 1021 2690 2576 2210 3045 4047 19396 628 2499
internal_value=1.4247e-05 -2.86931e-05 -0.00424255 2.35971e-05 0.00168185 0.000486583 -0.00105327 0.00209156 -6.02224e-05 0.00140253 0.00590979 -7.65794e-06 -0.000254518 0.0111992
internal_weight=2.53766e+08 2.51366e+08 3.08099e+06 2.48285e+08 1.19462e+07 1.01219e+07 7.88881e+06 3.39693e+06 2.36338e+08 1.43155e+07 3.41153e+06 1.09039e+07 1.57547e+06 1.83606e+06
internal_count=230193 227464 3174 224290 10422 7970 6287 3597 213868 31825 10219 21606 4675 5544
cat_boundaries=0 1
cat_threshold=60
is_linear=0
shrinkage=0.03


Tree=239
num_leaves=15
num_cat=2
split_feature=10 10 0 10 0 11 11 10 9 13 16 1 16 16
split_gain=30228.4 144507 103480 120481 91101.1 103645 139267 85970.5 110252 99886 84613.9 80811.4 91291.5 90095.1
threshold=1.0283647253166985 1.0246308835688984 0 0.82120607435980486 1 1.0051616974116562 1.0159515886172132 1.1866650474107496 85.500000000000014 0.84545067412659691 0.066511076860393481 19.500000000000004 0.052186350887153739 0.047821638697219608
decision_type=2 2 1 2 1 2 2 2 2 2 2 2 2 2
left_child=1 2 3 10 7 -6 -7 8 -2 -10 -1 12 13 -8
right_child=4 -3 -4 -5 5 6 11 -9 9 -11 -12 -13 -14 -15
leaf_value=0.00015063085584211101 -0.0001007954776763935 -0.00041309816604818972 -5.8073973368968879e-05 0.0002827237552518524 0.00031093918066000793 -0.0011862970129500139 5.0746741659167191e-05 -0.00020873595522983378 -0.0003011339608318959 0.00055094035007259719 -0.00074142859546493575 -0.00047467672102568539 -3.1649071916728806e-05 0.00086716009967168688
leaf_weight=1729737.3109881878 6283973.9363789558 8105135.3573536873 82969508.330407023 20412042.892670751 8027300.6857850552 2096337.1921186447 5517735.3185049295 5544228.3904789686 2169479.9452593327 17235534.101924181 1844491.5040893555 8814321.0651102066 80291843.875152588 2782827.9714050293
leaf_count=1994 9065 6015 73651 16789 7007 1652 17911 8253 4943 23026 958 14456 42561 1924
internal_value=-6.31528e-05 -0.000422683 -0.000130013 0.00160549 0.000234965 -0.000179309 -0.000443852 0.00166124 0.00239244 0.00351085 -0.00347552 -0.000279202 -6.64386e-06 0.00298852
internal_weight=2.53824e+08 1.15061e+08 1.06956e+08 2.39863e+07 1.38764e+08 1.0753e+08 9.95031e+07 3.12332e+07 2.5689e+07 1.9405e+07 3.57423e+06 9.74067e+07 8.85924e+07 8.30056e+06
internal_count=230205 99407 93392 19741 130798 85511 78504 45287 37034 27969 2952 76852 62396 19835
cat_boundaries=0 1 2
cat_threshold=9 352
is_linear=0
shrinkage=0.03


Tree=240
num_leaves=15
num_cat=3
split_feature=10 9 11 12 0 16 10 0 12 9 12 12 9 0
split_gain=39182.7 32607.8 29188 85225.9 109850 73044.8 42893.8 126540 139751 123154 138361 122965 108716 105948
threshold=0.68171730937635744 62.500000000000007 0.90644793995258399 0.94288066048179553 0 0.052653327735479837 1.0283647253166985 1 1.0137968994692892 89.500000000000014 1.0300344433885027 1.0147104157921063 78.500000000000014 2
decision_type=2 2 2 2 1 2 2 1 2 2 2 2 2 1
left_child=-1 -2 3 -3 -5 -6 7 8 12 11 -11 -9 -4 -13
right_child=1 2 6 4 5 -7 -8 9 -10 10 -12 13 -14 -15
leaf_value=-0.00058693988705368482 -0.00043374578168714836 -0.00017341528854018941 -0.00014936461403263236 0.00078092210936850403 0.00097629799640999379 -1.7327147531989909e-05 4.0418271559136782e-05 -7.0677718123687307e-05 -0.00016650878496380164 -0.00011565924721966775 -0.00098377944062291332 0.00075435009213993434 0.0005150382149065858 -0.00017007561096510967
leaf_weight=1239373.602461338 1710224.1269669533 5810695.9300025702 4275067.1449074745 2161580.480941534 1528333.8885862827 5707624.9382324219 137343048.36353588 4892260.3268646002 11860226.669987917 54259440.46709621 4157554.3037153482 2803630.5824328661 14420652.138702989 1305052.5297502279
leaf_count=957 1376 6750 3404 1671 2955 3099 129662 2664 10096 45251 6236 2451 12503 928
internal_value=7.8044e-05 0.00010419 0.000132372 0.00140612 0.00317206 0.00139928 5.00512e-05 -0.000429506 0.00117197 -0.00115534 -0.00165865 0.00211117 0.00278791 0.0059374
internal_weight=2.53475e+08 2.52235e+08 2.50525e+08 1.52082e+07 9.39754e+06 7.23596e+06 2.35317e+08 9.79739e+07 3.05559e+07 6.74179e+07 5.8417e+07 9.00094e+06 1.86957e+07 4.10868e+06
internal_count=230003 229046 227670 14475 7725 6054 213195 83533 26003 57530 51487 6043 15907 3379
cat_boundaries=0 1 2 3
cat_threshold=272 11 400
is_linear=0
shrinkage=0.03


Tree=241
num_leaves=15
num_cat=0
split_feature=10 10 10 12 9 3 2 12 10 1 12 1 9 12
split_gain=32352 150125 81864.7 72215 112643 82146.2 100049 80978.6 66403.9 68638 130874 63829.9 102754 58390
threshold=1.0377336508874493 1.0363308762909964 1.0428102923176461 1.0300344433885027 89.500000000000014 1.5000000000000002 2.5000000000000004 1.0274884283874488 1.0434611972545575 19.500000000000004 0.9931501175091878 18.500000000000004 83.500000000000014 1.0853076765851486
decision_type=2 2 2 2 2 2 2 2 2 2 2 2 2 2
left_child=1 3 -2 7 -5 6 -6 11 -4 -10 -11 -1 -13 -12
right_child=2 -3 8 4 5 -7 -8 -9 9 10 13 12 -14 -15
leaf_value=-1.7897009837917297e-05 0.00022265072361806124 -0.00065744797193600544 -0.00081228070298379972 0.00025086869465857145 -0.00044263886505388841 -0.0034680313356469806 0.00041761359101527193 0.00063100556021880171 4.7350908356017024e-05 0.0017340321985733378 -0.00080669094780648964 -0.00043151805216174621 0.00037444361546077422 9.7711645766229824e-05
leaf_weight=96565441.060061455 12223062.965724945 4443233.2156876326 1276604.9495087862 3815572.1188122034 5312306.2872574329 2651427.5054183006 2014346.7160730362 1519745.9200755358 97066771.030847192 987332.88676452637 6351065.5991220474 2375941.0761320591 14729696.136146069 2227462.8175573349
leaf_count=72684 9432 3154 1073 3721 5006 4469 1972 1240 84794 1859 13610 2448 19979 4608
internal_value=7.81789e-05 -0.000243363 0.000435307 -5.6594e-05 -0.00210792 -0.00378437 -0.00214688 0.000189045 0.000171735 0.000253162 -0.00217139 9.70723e-05 0.00178615 -0.00336184
internal_weight=2.5356e+08 1.33428e+08 1.20132e+08 1.28984e+08 1.37937e+07 9.97808e+06 7.32665e+06 1.15191e+08 1.07909e+08 1.06633e+08 9.56586e+06 1.13671e+08 1.71056e+07 8.57853e+06
internal_count=230049 114673 115376 111519 15168 11447 6978 96351 105944 104871 20077 95111 22427 18218
is_linear=0
shrinkage=0.03


Tree=242
num_leaves=15
num_cat=5
split_feature=9 1 0 9 0 12 0 9 2 1 1 0 9 0
split_gain=32090.9 28018.3 151389 149414 89959.5 73516.6 55635.4 46238.5 260012 117189 185923 157615 139979 91783.8
threshold=62.500000000000007 6.5000000000000009 0 82.500000000000014 1 0.99907259255046421 2 79.500000000000014 5.5000000000000009 14.500000000000002 8.5000000000000018 3 67.500000000000014 4
decision_type=2 2 1 2 1 2 1 2 2 2 2 1 2 1
left_child=-1 2 -2 6 5 -5 -4 8 9 10 -3 -11 -12 -14
right_child=1 7 3 4 -6 -7 -8 -9 -10 11 12 -13 13 -15
leaf_value=-0.00043115724206762158 -0.001564710163542932 -0.00010242853086052523 -0.0001077696833266166 0.0028669335295733104 -1.0109187463009311e-05 0.00059418862406193141 -0.0018527956626085223 -3.4005248277178446e-06 -0.0011035556077358668 0.00058094540425590059 0.0011145465873616328 -0.00021121280948126225 0.00050588842852118535 1.3322174329538039e-05
leaf_weight=1721974.3919641972 1737075.140823245 4031926.6238064766 347689.70487177372 404264.88462257385 4779726.2111417055 1203644.1103589535 587031.17169415951 216895595.33835363 1608087.9272578955 3704505.8807425499 2550870.7549133301 7707074.5350952148 3388832.3955688477 2956970.7085170746
leaf_count=1362 9625 2043 1661 1356 25576 3897 2295 164899 2139 4013 1662 5073 1969 2453
internal_value=1.96605e-05 4.7561e-05 -0.00159053 0.000298345 0.00193766 0.0080759 -0.0109043 0.000108671 0.0013055 0.00207739 0.00403308 -0.000138282 0.00645497 0.00406913
internal_weight=2.53625e+08 2.51903e+08 9.05943e+06 7.32236e+06 6.38764e+06 1.60791e+06 934721 2.42844e+08 2.59483e+07 2.43402e+07 1.29286e+07 1.14116e+07 8.89667e+06 6.3458e+06
internal_count=230023 228661 44410 34785 30829 5253 3956 184251 19352 17213 8127 9086 6084 4422
cat_boundaries=0 1 2 3 4 5
cat_threshold=3 8 304 424 154
is_linear=0
shrinkage=0.03


Tree=243
num_leaves=15
num_cat=2
split_feature=13 2 0 16 10 16 13 3 5 2 1 0 12 2
split_gain=29774.4 77466.7 97878.6 83332.2 50359.6 45161 37276.3 82199.3 183743 88834.3 87375.3 92848 91413.8 93519.7
threshold=1.1559857807864973 4.5000000000000009 0 0.061466978169741775 1.1866650474107496 0.069632986040462322 0.98497142004174687 1.0000000180025095e-35 1.0000000180025095e-35 1.0000000180025095e-35 6.5000000000000009 1 1.0571250827248355 2.5000000000000004
decision_type=2 2 1 2 2 2 2 2 2 2 2 1 2 2
left_child=6 3 5 -2 -5 -3 7 8 9 -1 -11 12 13 -12
right_child=1 2 -4 4 -6 -7 -8 -9 -10 10 11 -13 -14 -15
leaf_value=-4.4243409096383305e-05 0.000399256318622255 0.0015146304560147439 0.0001832065092205973 -0.00014304125291968143 -0.00092274782120820378 0.0022526825400183007 -3.7969828336479881e-05 -7.7919852010801589e-05 -0.0013414890531310674 -0.00054760843464280514 -0.00029207676233504551 0.00024243059671277679 0.00065035971590900719 0.00030749253801826316
leaf_weight=24808479.470272303 6898904.59032166 947681.41612327099 2738219.6952888966 4901262.9961547852 1404026.3378601074 808360.53039550781 115406617.61314869 39483916.048961163 1356893.1412854195 1905296.3583647013 8564963.0723581314 38395742.799612045 1845857.215960741 3894520.3498587608
leaf_count=19609 17678 1856 8151 3890 956 462 86256 46270 840 9409 6296 23308 2190 2754
internal_value=9.03525e-05 0.00127708 0.00467911 0.000119142 -0.00237378 0.0102075 1.22831e-06 0.000370848 0.00091923 0.00110626 0.00178256 0.00201074 -5.22213e-05 -0.000975275
internal_weight=2.53361e+08 1.76985e+07 4.49426e+06 1.32042e+07 6.30529e+06 1.75604e+06 2.35662e+08 1.20256e+08 8.07718e+07 7.94149e+07 5.46064e+07 5.27011e+07 1.43053e+07 1.24595e+07
internal_count=229925 32993 10469 22524 4846 2318 196932 110676 64406 63566 43957 34548 11240 9050
cat_boundaries=0 1 2
cat_threshold=20 104
is_linear=0
shrinkage=0.03


Tree=244
num_leaves=15
num_cat=3
split_feature=11 12 14 11 0 12 0 0 12 12 11 12 10 12
split_gain=36479.9 63010.5 45409.4 36151.2 154829 140842 124628 124385 148589 227618 138608 118090 164250 94504.1
threshold=0.77700826205213713 0.91595830406058487 0.86542073623636151 1.0256949624400986 0 1.0022632125571322 1 2 1.0017672621402147 1.0137025498423149 1.0142450752632377 1.0081464412505341 1.0304287493282149 1.0377844440427848
decision_type=2 2 2 2 1 2 1 1 2 2 2 2 2 2
left_child=-1 2 -2 7 -5 6 -6 13 -9 11 -11 12 -10 -3
right_child=1 3 -4 4 5 -7 -8 8 9 10 -12 -13 -14 -15
leaf_value=0.00046612541914278549 -0.00020458058668183665 0.00023676172234273648 -0.0013282587706700457 -0.00031741087191929903 -0.00089911054202575702 5.9485504166968797e-05 -3.1244507879570337e-05 0.0001082727183437867 -0.00030130345628761685 -0.0001461208861601606 0.00040525923677314633 -0.00082358583870103868 0.00026750542198364716 -0.00037416904170764601
leaf_weight=2472311.8997360468 1857764.4209828377 47280414.206980586 1188043.7200558186 26096858.673786759 3680362.5381954908 94188879.089612007 5281842.2996832132 31202566.654590011 16425717.659921408 4590113.0422264338 6451210.8070511818 5705387.4770224094 3270117.7026950121 4044018.4321181774
leaf_count=2784 1428 48416 1749 24518 3379 91483 4361 23178 9676 4730 4059 4018 1737 4184
internal_value=5.92168e-05 2.35352e-05 -0.00426519 7.6161e-05 -0.000271193 0.000251074 -0.00334263 0.000453525 -0.000391425 -0.00169245 0.00190369 -0.00325561 -0.00215469 0.00156716
internal_weight=2.53736e+08 2.51263e+08 3.04581e+06 2.48217e+08 1.29248e+08 1.03151e+08 8.9622e+06 1.1897e+08 6.76451e+07 3.64425e+07 1.10413e+07 2.54012e+07 1.96958e+07 5.13244e+07
internal_count=229700 226916 3177 223739 123741 99223 7740 99998 47398 24220 8789 15431 11413 52600
cat_boundaries=0 1 2 3
cat_threshold=136 5 203
is_linear=0
shrinkage=0.03


Tree=245
num_leaves=15
num_cat=4
split_feature=14 3 0 0 0 1 16 9 12 0 12 9 2 9
split_gain=29109 83928.3 39912.4 30624 28026.1 119003 87174.5 85161.1 80298.6 80682.5 63831.5 105531 102152 66335.1
threshold=0.63266162658402714 1.5000000000000002 0 1 2 7.5000000000000009 0.055731571567769977 71.500000000000014 1.0853076765851486 3 1.0278711375767708 81.500000000000014 2.5000000000000004 89.500000000000014
decision_type=2 2 1 1 1 2 2 2 2 1 2 2 2 2
left_child=1 2 -1 -4 5 7 -7 -2 10 -10 12 -12 -8 -14
right_child=4 -3 3 -5 -6 6 8 -9 9 -11 11 -13 13 -15
leaf_value=0.00021186693401202216 -0.001844651850615634 -0.0022674182051520752 -0.00010256493694121533 -0.00100936490547231 -1.4815423755597142e-05 0.0005726503994142988 -0.00013518979591934616 -0.00037138956128507421 0.0012332496716077309 0.00015727376028721641 0.00042088914633006154 -0.00030217217961814443 -0.00029876525377826635 0.0006437426707932804
leaf_weight=2285416.3700809479 320762.97258579731 742224.54049944878 445636.51211929321 439131.31908321381 193916535.11234188 11531890.928888559 8924524.7397460938 4431740.8746862411 1575247.9403533936 3455024.3492736816 2271141.733001709 13802321.327041626 1495086.8740234375 8020757.9701690674
leaf_count=1993 983 1563 1186 1250 151662 23549 6525 15298 1738 2027 2171 11236 1238 7707
internal_value=1.15587e-05 -0.0025561 -0.000430022 -0.00584003 5.17827e-05 0.000644072 0.00106657 -0.00389659 0.000397275 0.00393835 -0.000118824 -0.00150071 0.00108569 0.00324805
internal_weight=2.53657e+08 3.91241e+06 3.17018e+06 884768 2.49745e+08 5.58285e+07 5.1076e+07 4.7525e+06 3.95441e+07 5.03027e+06 3.45138e+07 1.60735e+07 1.84404e+07 9.51584e+06
internal_count=230126 5992 4429 2436 224134 72472 56191 16281 32642 3765 28877 13407 15470 8945
cat_boundaries=0 1 2 3 4
cat_threshold=258 100 98 96
is_linear=0
shrinkage=0.03


Tree=246
num_leaves=15
num_cat=0
split_feature=10 11 1 4 12 10 11 11 11 12 1 1 3 9
split_gain=30157.2 32304.7 122275 150484 73086.7 86371.6 93150.3 70801.3 68950 67156.9 81225.5 75851.4 120853 236907
threshold=0.68171730937635744 0.99217020718281967 18.500000000000004 1.0000000180025095e-35 1.0099173284425207 0.85635765199566871 0.93424325707176459 0.9569913468292458 0.98536147366073423 0.99493778713559811 17.500000000000004 19.500000000000004 1.5000000000000002 74.500000000000014
decision_type=2 2 2 2 2 2 2 2 2 2 2 2 2 2
left_child=-1 2 3 4 5 6 -2 -6 -4 10 -3 12 -11 -14
right_child=1 9 8 -5 7 -7 -8 -9 -10 11 -12 -13 13 -15
leaf_value=-0.00049607309117997566 -2.0772041369005041e-05 -0.00028919340984276171 0.00075004928595680037 -0.0019486572488191453 3.2161741969298473e-05 0.0002026861597280506 -0.00095836390590133978 -0.00054753332405524456 -0.00045824059467745762 -9.8596930384795589e-06 0.00020562049462991567 -0.00029489602967012367 -0.00084015853826816987 0.00036937552297982429
leaf_weight=1242180.6336339712 8654734.6888363361 11910341.094930053 7177096.8919234276 1629521.8369379044 4582476.5046081543 24496133.800685763 1332184.72270751 4445299.7743490934 871760.19666481018 138139227.73473978 3649717.5785279274 16249894.824999571 1781775.3546456099 27486344.415091395
leaf_count=963 8240 9608 10471 2272 3834 18868 771 4260 1419 96247 3739 31338 2433 35446
internal_value=5.1592e-05 7.45399e-05 0.000731373 0.00012399 0.000459199 0.00108831 -0.00126314 -0.0019438 0.00413776 -0.000100829 -0.00199318 5.94975e-05 0.000249447 0.0020006
internal_weight=2.53649e+08 2.52407e+08 5.31892e+07 4.51404e+07 4.35108e+07 3.44831e+07 9.98692e+06 9.02778e+06 8.04886e+06 1.99217e+08 1.55601e+07 1.83657e+08 1.67407e+08 2.92681e+07
internal_count=229909 228946 50135 38245 35973 27879 9011 8094 11890 178811 13347 165464 134126 37879
is_linear=0
shrinkage=0.03


Tree=247
num_leaves=15
num_cat=0
split_feature=2 16 9 1 1 12 16 3 5 5 13 16 1 2
split_gain=35436.5 56881.9 72833.1 66027.5 90008.2 48791.8 44230.2 44216.4 225862 148319 104957 81858.2 79295.4 73788
threshold=1.0000000180025095e-35 0.077159911473550891 72.500000000000014 15.500000000000002 10.500000000000002 1.0048876901737636 0.084981001676617915 1.0000000180025095e-35 1.0000000180025095e-35 1.0000000180025095e-35 0.97157542957146681 0.055922555133776648 6.5000000000000009 4.5000000000000009
decision_type=2 2 2 2 2 2 2 2 2 2 2 2 2 2
left_child=1 2 -1 4 -4 -5 -3 8 10 13 12 -12 -2 -9
right_child=7 6 3 5 -6 -7 -8 9 -10 -11 11 -13 -14 -15
leaf_value=0.00052452741774460041 -0.00066179807655499185 0.00031481469330457235 -4.3131082015985269e-05 0.00031715299378350754 -0.00041781695692654901 -0.0001738294467000031 -3.3151274670182867e-05 -0.00013989655009876768 -0.0011597572048207244 0.0010742267703579937 0.00014647471393879909 -6.2096485583357117e-05 0.00019477125326615921 4.2166170738716774e-05
leaf_weight=1392650.9057915211 1585569.9490203857 4139686.5002441406 9184732.0535476208 3307903.9522233009 11738355.516174316 5490872.9694602489 8089197.9049682617 40183261.304400563 2107286.1969833374 1897476.5213842392 23361602.576901674 50096211.089904785 45562899.744784594 44700376.377373695
leaf_count=1290 8639 1942 10798 3151 7691 5813 3268 34495 1527 1484 29585 25706 30564 63459
internal_value=-2.05789e-07 -0.000781024 -0.00146236 -0.00177654 -0.00269349 0.000403914 0.000952519 0.000161342 0.000527858 -0.000356933 0.000697985 -1.10326e-05 0.00180264 -0.000542365
internal_weight=2.52838e+08 4.33434e+07 3.11145e+07 2.97219e+07 2.09231e+07 8.79878e+06 1.22289e+07 2.09495e+08 1.22714e+08 8.67811e+07 1.20606e+08 7.34578e+07 4.71485e+07 8.48836e+07
internal_count=229412 33953 28743 27453 18489 8964 5210 195459 96021 99438 94494 55291 39203 97954
is_linear=0
shrinkage=0.03


Tree=248
num_leaves=15
num_cat=4
split_feature=10 10 0 9 12 1 0 9 10 0 9 0 1 12
split_gain=28663.4 153103 88940.9 119974 92331.6 89738.2 117491 137470 83445 80790.6 89775.2 90888.4 84466.6 168756
threshold=1.0283647253166985 1.0267565770572269 0 66.500000000000014 1.0300344433885027 8.5000000000000018 1 83.500000000000014 1.0118941684945517 2 74.500000000000014 3 18.500000000000004 1.0227473549302106
decision_type=2 2 1 2 2 2 1 2 2 1 2 1 2 2
left_child=1 2 5 -4 -5 6 7 -1 -8 -2 11 -11 -12 -14
right_child=9 -3 3 4 -6 -7 8 -9 -10 10 12 -13 13 -15
leaf_value=-0.0007194314633221288 -0.00010300596034608153 -0.00075708814546673203 0.00049842275579000338 -0.00014159711528626863 -0.00086269328559182275 0.00010879940217164622 -0.00042157476725496651 0.00041908908754890057 3.3646744628246754e-05 0.00075492163084861638 0.00013451317495991741 -0.00033144646546241102 0.00043973758315528165 -0.00044372056506086197
leaf_weight=1216544.1570540667 42375686.109638929 3143465.0747045279 1863517.8520898819 35559139.746276498 3423403.653493166 57929322.237561226 5181461.056694746 4587847.4396022558 1971007.2535744905 1086021.7772859335 75204212.21925354 6634515.6758115292 4987387.6584317684 8611722.8826572895
leaf_count=1529 42386 1890 1303 36104 4069 39593 5374 7538 1692 1128 61847 6490 6816 12255
internal_value=4.26155e-06 -0.000346326 -0.000162625 -0.00127766 -0.00163315 0.000479881 -0.0017771 0.0013941 -0.0043506 0.000294212 0.000773606 -0.00232933 0.00104337 -0.00113241
internal_weight=2.53775e+08 1.14876e+08 1.11732e+08 4.08461e+07 3.89825e+07 7.08862e+07 1.29569e+07 5.80439e+06 7.15247e+06 1.389e+08 9.65239e+07 7.72054e+06 8.88033e+07 1.35991e+07
internal_count=230014 99092 97202 41476 40173 55726 16133 9067 7066 130922 88536 7618 80918 19071
cat_boundaries=0 1 2 3 4
cat_threshold=155 137 137 256
is_linear=0
shrinkage=0.03


Tree=249
num_leaves=15
num_cat=3
split_feature=16 16 0 14 14 0 12 11 0 2 16 1 12 11
split_gain=32165 58935 97567.6 30688.6 83124.5 110002 76686.2 86379.6 63439 75039.5 67461.8 67510 63487.2 51589.5
threshold=0.099416194722808979 0.10464416358175241 0 1.0322879984628364 2.6615885098342065 1 1.0659909429752294 1.0979770383013885 2 3.5000000000000004 0.055922555133776648 9.5000000000000018 0.99493778713559811 0.97444208477667915
decision_type=2 2 1 2 2 1 2 2 1 2 2 2 2 2
left_child=3 2 -2 -1 6 -6 7 8 9 -5 -10 -12 -13 -11
right_child=1 -3 -4 4 5 -7 -8 -9 10 13 11 12 -14 -15
leaf_value=-1.6164324731682208e-05 0.00075326908520454827 -0.00018558912208002887 -0.00015587592406746776 2.9601096254445217e-05 0.050246058295934405 -0.0011000023621986039 0.000537472405609387 -0.00059757557614376988 0.00030363968646177823 -0.0001659879761399263 0.00028626956938392902 -0.0009394312756754457 -0.00018485281477795138 0.00078661309850437591
leaf_weight=202175253.71812332 2701743.7766876221 2398601.3898422718 1724474.0912780762 8406691.401145339 445920.40947902203 269052.12270069122 5135461.5576553345 3457578.5838817358 7835457.8844892979 1270386.500631094 2893430.8259735107 2978791.1081237793 7030837.1169416904 4550169.3073654175
leaf_count=163458 1072 1752 1596 10341 1493 2040 8732 4674 18003 2244 1414 2284 4553 6479
internal_value=4.58225e-05 0.00207741 0.00412964 -1.04375e-05 0.000704942 0.0108512 0.000538402 7.8215e-05 0.00052551 0.0020683 -0.00053289 -0.00186625 -0.00303294 0.0046867
internal_weight=2.53274e+08 6.82482e+06 4.42622e+06 2.46449e+08 4.42738e+07 714973 4.35588e+07 3.84233e+07 3.49658e+07 1.42272e+07 2.07385e+07 1.29031e+07 1.00096e+07 5.82056e+06
internal_count=230135 4420 2668 225715 62257 3533 58724 49992 45318 19064 26254 8251 6837 8723
cat_boundaries=0 1 2 3
cat_threshold=320 22 178
is_linear=0
shrinkage=0.03


Tree=250
num_leaves=15
num_cat=1
split_feature=14 3 10 13 12 11 11 14 10 11 12 11 1 0
split_gain=27576.8 85972.9 49943 35867.9 85724.6 55134.7 132183 49132.1 33650.8 50406.6 48723 47313.8 155421 106073
threshold=0.63266162658402714 1.5000000000000002 1.0846097883727759 0.56617079247711499 1.0253180588473227 0.92167517421559297 0.93424325707176459 0.86542073623636151 0.79976984507662452 0.81558126065163716 0.91908275567921338 0.9569913468292458 17.500000000000004 0
decision_type=2 2 2 2 2 2 2 2 2 2 2 2 2 1
left_child=1 2 -1 4 5 -2 -7 -8 9 10 -5 12 -10 -14
right_child=3 -3 -4 8 -6 6 7 -9 11 -11 -12 -13 13 -15
leaf_value=-0.00036970921492500923 0.00035009852015516701 -0.0020974459269116766 0.00039285831489418728 -0.0087537491099004376 0.00057410699628192762 -0.027254646060810472 -0.00010916920154917196 0.0013046554820377832 -4.1175527204101933e-06 -0.00039066915325134262 -0.00038131983850127148 -8.4177177629490273e-06 0.0010700458690475628 0.00022729582086420156
leaf_weight=1385357.1836912632 2521039.7470281124 757243.10368394852 1833455.0671713352 1397235.2884631157 749781.1767950058 667817.67491388321 624786.18337202072 508643.53469610214 14416554.340963125 5255795.5928372145 968661.3642925024 218224708.36361504 2089125.9982976913 2546211.3357009888
leaf_count=2421 2456 1572 2028 1854 2388 395 1113 1916 11132 5448 954 191698 2190 2538
internal_value=-5.35106e-06 -0.00248414 -0.000344477 3.40769e-05 0.00253114 0.000906747 -0.00310174 0.00313638 -1.76397e-05 -0.00197977 0.00165654 4.5387e-05 0.00147913 0.00625769
internal_weight=2.53946e+08 3.97606e+06 3.21881e+06 2.4997e+08 5.07207e+06 4.32229e+06 1.80125e+06 1.13343e+06 2.44898e+08 7.62169e+06 2.3659e+06 2.37277e+08 1.90519e+07 4.63534e+06
internal_count=230103 6021 4449 224082 8268 5880 3424 3029 215814 8256 2808 207558 15860 4728
cat_boundaries=0 1
cat_threshold=179
is_linear=0
shrinkage=0.03


Tree=251
num_leaves=15
num_cat=1
split_feature=11 12 10 11 1 14 13 14 0 14 10 16 16 13
split_gain=28400.8 70632.3 34259.7 78211.8 80927.5 54006.8 51130.6 36794.3 81117.6 108389 51277.7 42673.4 91296.2 62999.8
threshold=0.77700826205213713 0.91595830406058487 0.78049706914582051 0.90644793995258399 17.500000000000004 0.88781725287033697 0.53878424831981009 1.0585095856346838 0 1.6557262716716987 1.0530224510500135 0.034715601931573171 0.038564846226636633 0.98094413017656412
decision_type=2 2 2 2 2 2 2 2 1 2 2 2 2 2
left_child=-1 -2 6 4 5 -4 -3 11 9 10 -9 -5 -13 -14
right_child=1 2 3 7 -6 -7 -8 8 -10 -11 -12 12 13 -15
leaf_value=0.00038420797896111081 -0.00046544378091441328 0.00046503075268121999 0.00051805603977231091 -0.00023472599038555346 0.00091140585482477813 -4.706409737663152e-05 -0.00041985331575758559 7.7773175216569893e-05 5.2062303710913614e-05 0.048078082720027615 0.00082405046122031671 0.00072199079279635216 4.6258973455108172e-05 -5.7235319503335305e-05
leaf_weight=2497303.6984505653 3029478.3994892836 1002649.819662571 1516166.4771165848 15198756.143020153 1786780.8116431236 4287954.8516312838 4564552.406206131 2461761.2272541523 19254944.938983798 628440.7009152174 1287164.8984757662 2385291.705432415 89357597.656772614 104268720.14960194
leaf_count=2796 3134 1017 1083 49332 1623 3175 5085 4029 31563 2508 3112 3142 56537 61502
internal_value=4.49391e-05 1.32692e-05 6.88875e-05 0.00012232 0.00311943 0.00140077 -0.00225794 2.54437e-05 0.00114805 0.00483434 0.00290155 -0.000100165 1.85777e-05 -5.32837e-05
internal_weight=2.53528e+08 2.5103e+08 2.48001e+08 2.42434e+08 7.5909e+06 5.80412e+06 5.5672e+06 2.34843e+08 2.36323e+07 4.37737e+06 3.74893e+06 2.1121e+08 1.96012e+08 1.93626e+08
internal_count=229638 226842 223708 217606 5881 4258 6102 211725 41212 9649 7141 170513 121181 118039
cat_boundaries=0 1
cat_threshold=48
is_linear=0
shrinkage=0.03


Tree=252
num_leaves=15
num_cat=2
split_feature=16 16 0 16 3 14 9 2 0 12 1 14 9 9
split_gain=29441.9 135833 112210 94150.5 88600.5 158402 85225.2 81119.9 112111 87362.3 113777 81334.5 79486.7 78116
threshold=0.076551096840151614 0.080986009623554941 0 0.072308149630761667 1.0000000180025095e-35 0.85509778858906105 82.500000000000014 1.5000000000000002 1 1.0227473549302106 18.500000000000004 0.93731857105877125 89.500000000000014 71.500000000000014
decision_type=2 2 1 2 2 2 2 2 1 2 2 2 2 2
left_child=3 2 -2 7 5 -3 -6 13 -9 -10 11 -11 -5 -1
right_child=1 4 -4 12 6 -7 -8 8 9 10 -12 -13 -14 -15
leaf_value=0.00046705561325689722 0.0005188556842840999 0.00040161153365984517 0.000155753924644612 0.00022351401700333886 0.0004745552367545915 -3.1743411350920069e-06 -0.00027631858842431476 -0.00018430898482815766 0.00021436168226353467 -0.00017995670763087395 -0.0004191538688334529 0.00018799288050316956 -0.00036265076370139515 -0.00010837318108296124
leaf_weight=2516450.6512693167 5241232.7498168945 5702549.3776245117 9884244.7279558182 2496395.3003950119 1928456.6955081224 35390580.077026367 18006147.866235614 19484408.563359261 50996106.072927237 7371992.267839551 8698512.5308263302 18738212.263353109 12006350.888393044 55322850.760914445
leaf_count=2392 2453 2597 7340 1433 1337 14516 11958 27917 54436 8780 13476 21275 7594 52472
internal_value=5.09792e-05 0.00054448 0.00308948 -0.000160592 -8.62887e-05 0.000709861 -0.00172747 4.53445e-05 0.000541182 0.00100767 -0.000150979 0.000838993 -0.00247699 -0.000857266
internal_weight=2.53784e+08 7.61532e+07 1.51255e+07 1.77631e+08 6.10277e+07 4.10931e+07 1.99346e+07 1.63129e+08 1.05289e+08 8.58048e+07 3.48087e+07 2.61102e+07 1.45027e+07 5.78393e+07
internal_count=229976 40201 9793 189775 30408 17113 13295 180748 125884 97967 43531 30055 9027 54864
cat_boundaries=0 1 2
cat_threshold=17 257
is_linear=0
shrinkage=0.03


Tree=253
num_leaves=15
num_cat=0
split_feature=11 13 10 16 13 11 1 3 2 14 3 2 13 16
split_gain=29899.6 40498.6 40004.3 63886.9 58475.4 51355 133061 59540.8 47164.3 38562.5 124114 74355.1 69735.3 49059.3
threshold=0.77700826205213713 0.79891965206600613 0.82120607435980486 0.043393788070620526 0.92359603640685684 0.9569913468292458 17.500000000000004 2.5000000000000004 1.0000000180025095e-35 0.72095687806170861 1.5000000000000002 1.0000000180025095e-35 0.66500414502632788 0.083217959094837687
decision_type=2 2 2 2 2 2 2 2 2 2 2 2 2 2
left_child=1 -1 3 -2 -5 6 7 8 -4 10 11 -7 -11 -13
right_child=2 -3 5 4 -6 9 -8 -9 -10 12 -12 13 -14 -15
leaf_value=1.3327207129905316e-05 0.00085416618544391712 0.00092526859411585713 -0.00016295307951061876 -0.00013600199282661377 -0.00085885108446967929 -0.00071334777441805163 0.00065628532226466411 -0.00093565277303112688 0.00016550331172455148 0.00080622769933441662 -0.0018369012164355881 -3.083515289725219e-07 4.3594290714318312e-06 0.00095411609859393008
leaf_weight=1524367.7414070368 1132429.5578770638 953950.04650831223 2967076.182305932 5428814.6290893555 2373416.0126342773 1541046.2768697739 4733430.5277314186 2005510.8186719418 10704887.25868547 1566242.0280828476 1057496.1446449757 3045360.8214640617 213299633.56633615 845150.01538085938
leaf_count=1439 3801 1342 1943 3814 1875 1830 4658 2467 7588 5842 2369 4564 185666 484
internal_value=0.000113458 0.00339244 8.10435e-05 -0.00189027 -0.00285673 0.000153895 0.00159378 0.000262821 0.00097091 2.11245e-05 -0.00225739 -0.000426686 8.99369e-05 0.00178243
internal_weight=2.53179e+08 2.47832e+06 2.507e+08 8.93466e+06 7.80223e+06 2.41766e+08 2.04109e+07 1.56775e+07 1.3672e+07 2.21355e+08 6.48905e+06 5.43156e+06 2.14866e+08 3.89051e+06
internal_count=229682 2781 226901 9490 5689 217411 16656 11998 9531 200755 9247 6878 191508 5048
is_linear=0
shrinkage=0.03


Tree=254
num_leaves=15
num_cat=2
split_feature=11 12 14 14 11 0 10 10 2 0 14 12 11 11
split_gain=32738.7 39577.1 39707.2 33643.5 32479 105276 104222 69942 68928.7 49018.9 103091 96897.6 141242 139381
threshold=0.77700826205213713 0.91595830406058487 0.86542073623636151 0.82798925996342188 0.9569913468292458 0 0.86883337326258692 0.90135704482050072 2.5000000000000004 1 0.70913284672034438 1.0091514731206532 1.0147009219858605 1.012201310103076
decision_type=2 2 2 2 2 1 2 2 2 1 2 2 2 2
left_child=3 2 -2 -1 5 8 -7 -8 -3 11 -11 13 -13 -6
right_child=1 4 -4 -5 9 6 7 -9 -10 10 -12 12 -14 -15
leaf_value=-8.2874709060724299e-05 -7.6215771797108755e-05 -0.00093323260201253432 -0.0010957270806746461 0.00078233580202753921 0.0012717499399848716 -1.4586095563054847e-05 0.00059147596734208225 0.00024646541057938426 3.187172987482763e-05 -0.00089482383525089297 -1.653575309973691e-05 -0.00064786621388306282 9.3805449726739058e-05 -1.2994405793259336e-05
leaf_weight=1027736.695949316 1866627.7439558506 1416254.6356153488 1135907.636223793 1444204.8785911798 4815163.8834789991 12554638.829445243 3630909.0693688393 7881624.3879653215 1383438.0099247694 1645593.6286252737 166969303.25004458 4386377.116250515 38855644.839336514 4740319.4754061699
leaf_count=792 1430 1254 1701 1949 5895 11475 2366 6726 1741 3979 128730 5571 50499 5888
internal_value=0.000123001 8.92035e-05 -0.00333444 0.00355863 0.000130607 0.00111563 0.00175613 0.00381773 -0.00439034 1.10815e-05 -0.0002387 0.000808789 0.000204639 0.00354278
internal_weight=2.53754e+08 2.51282e+08 3.00254e+06 2.47194e+06 2.48279e+08 2.68669e+07 2.40672e+07 1.15125e+07 2.79969e+06 2.21412e+08 1.68615e+08 5.27975e+07 4.3242e+07 9.55548e+06
internal_count=229996 227255 3131 2741 224124 23562 20567 9092 2995 200562 132709 67853 56070 11783
cat_boundaries=0 1 2
cat_threshold=66 98
is_linear=0
shrinkage=0.03


Tree=255
num_leaves=15
num_cat=0
split_feature=4 2 1 1 14 14 13 10 16 13 14 13 16 10
split_gain=27080.3 189448 160282 141813 117817 37948.2 36317.4 45174.2 63747.7 28685 28005.1 40443 86586.6 73236.3
threshold=1.0000000180025095e-35 4.5000000000000009 13.500000000000002 17.500000000000004 1.3507360378118121 2.3082362745503464 1.2749234009508783 1.1555808040932931 0.061895749550304836 1.6071244390886752 1.0585095856346838 0.98701901997483621 0.033755858039455959 1.0283647253166985
decision_type=2 2 2 2 2 2 2 2 2 2 2 2 2 2
left_child=6 3 -3 4 -2 -6 10 9 -9 -8 11 12 -1 -13
right_child=1 2 -4 -5 5 -7 7 8 -10 -11 -12 13 -14 -15
leaf_value=-0.00036775636404765287 -0.004819177918746702 -0.00074532031793440141 0.002202322147126093 0.0010727207034806586 -0.0022579692273744273 0.00019138703679850446 0.00090779513636782142 0.00081539947762893452 -0.00059868843400655725 0.019748831018728399 0.00017411668788337525 -0.0001347450648190423 5.2216862137858062e-05 1.1333152269134445e-05
leaf_weight=8258592.3366603851 725950.96581923962 703656.37413465977 931322.74967193604 774680.788646698 1236975.3823667765 618634.9931358099 1968839.1188594103 905805.18001306057 970561.33741521835 367470.67099058628 19113669.899745941 41886575.41304183 108588955.9990108 66213515.647243857
leaf_count=30544 963 1309 1217 1589 1453 1607 6400 2523 654 4574 28998 28925 69162 50140
internal_value=4.14436e-05 -0.00214643 0.00622758 -0.00622579 -0.0096039 -0.00559528 8.54279e-05 0.00284717 -0.000619349 0.00563125 3.77581e-05 -5.59164e-05 0.00033099 -0.000474131
internal_weight=2.53265e+08 4.99122e+06 1.63498e+06 3.35624e+06 2.58156e+06 1.85561e+06 2.48274e+08 4.21268e+06 1.87637e+06 2.33631e+06 2.44061e+08 2.24948e+08 1.16848e+08 1.081e+08
internal_count=230058 8138 2526 5612 4023 3060 221920 14151 3177 10974 207769 178771 99706 79065
is_linear=0
shrinkage=0.03


Tree=256
num_leaves=15
num_cat=4
split_feature=11 12 10 11 1 16 0 0 12 0 16 12 0 1
split_gain=34446.7 49052.6 27828.6 90359.6 59297.5 52116.6 69052.8 60022.5 42560.7 90957.9 83222.5 44959.4 37141.3 129628
threshold=0.77700826205213713 0.91595830406058487 0.82120607435980486 0.90644793995258399 17.500000000000004 0.043393788070620526 0 1 0.9608647852025366 2 0.054506545954017667 0.96636452254130412 3 6.5000000000000009
decision_type=2 2 2 2 2 2 1 1 2 1 2 2 1 2
left_child=-1 -2 5 4 -4 6 -3 -7 9 -5 -11 -10 13 -13
right_child=1 2 3 8 -6 7 -8 -9 11 10 -12 12 -14 -15
leaf_value=0.00047273794076463236 -0.00038846004189320936 0.002520802869725411 0.00020416344066356419 0.00061532147393017955 0.00095826158253573012 1.4006275783403515e-05 -0.00014699333983291451 -0.00055706563802208192 -0.00045281572692185053 0.0010424726460841625 -0.00026987756038369492 -0.00092162744531138949 -2.8735528461197259e-05 8.7225353308246787e-05
leaf_weight=2504350.704544425 3018464.424684763 339614.84687995911 4602697.0030111074 1630437.8241927624 1414822.6837677956 3535744.5304260254 677535.37361299992 3414405.0176239014 2077266.8121665716 1234173.8982268572 3423481.3377380371 2355162.1812896729 151534224.22635853 71795570.348644257
leaf_count=2815 3151 658 3223 1546 1217 2728 2703 2345 1615 1948 1872 16409 111876 75973
internal_value=8.69386e-06 -2.62299e-05 2.00301e-05 7.79195e-05 0.00370776 -0.00172427 0.00461819 -0.00265249 -1.5405e-05 0.00241933 0.000284555 -8.26236e-05 -4.21859e-05 0.000507983
internal_weight=2.53558e+08 2.51054e+08 2.48035e+08 2.40068e+08 6.01752e+06 7.9673e+06 1.01715e+06 6.95015e+06 2.3405e+08 6.28809e+06 4.65766e+06 2.27762e+08 2.25685e+08 7.41507e+07
internal_count=230079 227264 224113 215679 4440 8434 3361 5073 211239 5366 3820 205873 204258 92382
cat_boundaries=0 1 2 3 4
cat_threshold=8 390 368 99
is_linear=0
shrinkage=0.03


Tree=257
num_leaves=15
num_cat=2
split_feature=11 12 13 11 1 3 12 10 0 12 0 11 13 13
split_gain=31956.5 44844.2 27970.2 24441.6 169332 99980.3 120631 85721.1 109877 83652.9 103364 143123 68282.7 65790.7
threshold=0.77700826205213713 0.91595830406058487 0.79891965206600613 0.98536147366073423 18.500000000000004 1.5000000000000002 0.97665741464072364 0.83310007439074751 0 0.98159646488267815 1 0.96260014076720346 0.82231258419477404 0.87679512864829412
decision_type=2 2 2 2 2 2 2 2 1 2 1 2 2 2
left_child=2 -2 -1 4 5 7 -7 12 13 -8 11 -11 -3 -9
right_child=1 3 -4 -5 -6 6 9 8 -10 10 -12 -13 -14 -15
leaf_value=0.00014074284548238681 -0.00040877208267306507 5.1129259604985991e-05 0.00084745213529854619 -9.0596628869882165e-06 0.00069388527455422721 0.00032132356235201574 -0.003986965996700567 0.00049042570077234809 -0.00010452638749898976 0.0022070406740124556 -0.0011681377820244234 -0.0016809490683842223 -0.00045700008561535947 0.00020444344908256577
leaf_weight=1483095.1213655472 3022329.8556302786 3534947.6608982086 961621.73375284672 204083093.76450717 6616129.9287147522 2604133.9980112314 1071718.757864356 3568602.1805794239 8096400.0844225883 864159.61310839653 3288358.6583750248 646551.74009263515 3163340.5725209713 10313650.519426823
leaf_count=1428 3151 2353 1355 184135 9396 3248 795 2272 5917 1414 4109 1140 2335 6862
internal_value=3.56369e-05 2.37438e-06 0.00344899 4.66661e-05 0.000689969 -9.74826e-05 -0.00296025 0.000748555 0.00165404 -0.00534403 -0.00365174 0.00284398 -0.00222254 0.00327394
internal_weight=2.53318e+08 2.50873e+08 2.44472e+06 2.47851e+08 4.3768e+07 3.71519e+07 8.47492e+06 2.86769e+07 2.19787e+07 5.87079e+06 4.79907e+06 1.51071e+06 6.69829e+06 1.38823e+07
internal_count=229910 227127 2783 223976 39841 30445 10706 19739 15051 7458 6663 2554 4688 9134
cat_boundaries=0 1 2
cat_threshold=155 400
is_linear=0
shrinkage=0.03


Tree=258
num_leaves=15
num_cat=3
split_feature=11 11 3 12 2 0 11 10 12 0 2 14 12 0
split_gain=28616.5 137697 77102.2 127168 99650.8 91613.4 85002.8 94171.1 151385 127042 78736.4 100004 87370.1 71217.9
threshold=0.99953296935072145 1.0007501084115906 1.5000000000000002 1.0182782321369752 4.5000000000000009 0 0.89451372984939514 0.94260595348494369 1.0051969303918387 1 2.5000000000000004 0.79350877139666032 1.0051969303918387 2
decision_type=2 2 2 2 2 1 2 2 2 1 2 2 2 1
left_child=2 -2 10 4 -4 -6 -7 -8 9 -9 11 -1 -13 -12
right_child=1 -3 3 -5 5 6 7 8 -10 -11 13 12 -14 -15
leaf_value=-0.00059950205093596391 -0.00078465886611658246 2.6281750291249493e-06 -0.0018480972753043832 -0.0013114863724524692 -0.0014972545165589106 0.0012736092183104238 -0.001737781052691846 0.0015431551837159052 -0.0021992732933280991 0.00014640563706591806 0.00098304506354168633 0.00018346854192697167 -0.00015502328192977495 0.00017887126705090896
leaf_weight=2131488.8586883545 3355028.3389086723 184267032.12970293 1436250.1366927624 2729818.7008782625 1214145.1402696371 2385879.8103353977 1771989.7270722389 1379547.9450147152 859535.90821933746 2600523.2291443348 4301586.0366244316 22860385.748515129 8587905.0161970854 13518897.060628772
leaf_count=2140 2941 167593 2090 4517 2421 3254 1810 1199 854 3873 5342 16960 6644 8206
internal_value=0.000103547 -8.52189e-05 0.000641976 -0.00130004 6.58297e-05 0.00110648 0.00215031 0.000398658 0.00256513 0.00503085 0.0011852 0.00032984 0.000756061 0.00279698
internal_weight=2.534e+08 1.87622e+08 6.5778e+07 1.43777e+07 1.16479e+07 1.02116e+07 8.99748e+06 6.6116e+06 4.83961e+06 3.98007e+06 5.14003e+07 3.35798e+07 3.14483e+07 1.78205e+07
internal_count=229844 170534 59310 20018 15501 13411 10990 7736 5926 5072 39292 25744 23604 13548
cat_boundaries=0 1 2 3
cat_threshold=256 112 163
is_linear=0
shrinkage=0.03


Tree=259
num_leaves=15
num_cat=2
split_feature=11 13 12 14 14 0 16 9 16 4 1 16 0 11
split_gain=32257.5 40161.5 34260.2 41556.9 37206.8 117805 117343 71760.5 54175.8 56299.8 154319 54024 41144 39794.8
threshold=0.77700826205213713 0.79891965206600613 0.91595830406058487 0.81306842668704049 1.0847927943541265 0 0.069632986040462322 72.500000000000014 0.034715601931573171 1.0000000180025095e-35 12.500000000000002 0.0794715526108246 1 0.90644793995258399
decision_type=2 2 2 2 2 1 2 2 2 2 2 2 1 2
left_child=1 -1 3 -2 13 6 -6 -7 -9 12 -11 -12 -10 -4
right_child=2 -3 4 -5 5 7 -8 8 9 10 11 -13 -14 -15
leaf_value=3.2258952415650668e-05 1.2804063904617917e-05 0.00086832291866141477 0.00017135847881325248 -0.0010409196405557705 0.00071244902575395505 0.00078138191946037334 0.0066485444759084829 0.00096708793749702483 -0.00037058701973229557 -0.0030061425739750141 0.0013037517238267148 -0.0010016395225040486 0.00026206049410763946 -1.7280309828476904e-05
leaf_weight=1524131.240617156 1576027.0740644932 1005544.737932086 10833397.725958705 1432168.3943426609 1066734.8774460554 944639.38170111179 722190.63439941406 2271875.3918776512 2957885.2789496183 973164.32833862305 942595.87808227539 1005022.1084289551 4571496.6947479248 221744736.74400938
leaf_count=1437 1163 1370 8385 1962 2695 1645 638 17247 2701 1361 1303 1014 5144 181723
internal_value=-3.4002e-06 0.00336735 -3.73663e-05 -0.0032197 1.22954e-06 0.00142657 0.00866584 0.000478965 -0.000113396 -0.0010262 -0.00456163 0.000312781 0.000345261 -9.34892e-05
internal_weight=2.53572e+08 2.52968e+06 2.51042e+08 3.0082e+06 2.48034e+08 1.54556e+07 1.78893e+06 1.36667e+07 1.2722e+07 1.04502e+07 2.92078e+06 1.94762e+06 7.52938e+06 2.32578e+08
internal_count=229788 2807 226981 3125 223856 33748 3333 30415 28770 11523 3678 2317 7845 190108
cat_boundaries=0 1 2
cat_threshold=16 324
is_linear=0
shrinkage=0.03


Tree=260
num_leaves=15
num_cat=3
split_feature=3 2 2 14 12 0 10 0 14 0 10 10 12 12
split_gain=26714 100293 150171 139996 119346 79714.4 70811.8 157456 101374 57639.8 51986.2 45537.4 54180.9 140704
threshold=2.5000000000000004 4.5000000000000009 5.5000000000000009 1.3142109330498335 1.0336496147759966 0 1.0434611972545575 1 0.95337339912946384 2 1.0962830087383653 0.83310007439074751 0.99493778713559811 1.0017672621402147
decision_type=2 2 2 2 2 1 2 1 2 1 2 2 2 2
left_child=-1 3 -3 -2 6 -6 11 -8 -9 -5 -10 -4 -13 -14
right_child=1 2 4 9 5 -7 7 8 10 -11 -12 12 13 -15
leaf_value=1.7868019391102011e-05 -0.0043245061485644885 0.0026190227342304997 0.0012625601668638884 0.00016046295397694038 0.00016302955616726093 -0.0009173712346655493 0.0014294590604381114 -0.0010595189529147878 0.0014753455084297157 -0.0023177979847096757 -0.00048369164575058388 -0.0009851703289901904 0.0014660373553998785 -0.00023764473201305574
leaf_weight=228560905.67895782 755841.40143477917 851386.57384300232 956620.07743740082 1812178.2813373804 1559828.4978457689 3854826.725869298 1110808.8759441376 993003.63162577152 1352153.1367371082 794855.54496097565 669373.06564354897 2318113.2679610252 1391210.6169784069 6034655.532497406
leaf_count=191441 1198 1348 1821 2494 4091 5616 1483 1617 2235 1871 1180 3238 2029 8091
internal_value=8.35623e-05 -0.000858838 -9.17042e-05 -0.00567031 -0.000610873 -0.00442275 0.000781284 0.00412044 0.000562617 -0.00237447 0.00441839 -0.000506043 -0.00111924 0.000130641
internal_weight=2.53016e+08 2.44549e+07 2.1092e+07 3.36288e+06 2.02406e+07 5.41466e+06 1.48259e+07 4.12534e+06 3.01453e+06 2.60703e+06 2.02153e+06 1.07006e+07 9.74398e+06 7.42587e+06
internal_count=229753 38312 32749 5563 31401 9707 21694 6515 5032 4365 3415 15179 13358 10120
cat_boundaries=0 1 2 3
cat_threshold=97 48 286
is_linear=0
shrinkage=0.03


Tree=261
num_leaves=15
num_cat=5
split_feature=11 13 10 16 0 13 11 1 0 0 0 14 14 0
split_gain=24517 27546.2 25849.7 69481 58233.7 57695.6 41127.5 118111 99620.9 71020.3 43159.4 95861.1 78222.9 143389
threshold=0.77700826205213713 0.79891965206600613 0.82120607435980486 0.043393788070620526 0 0.98701901997483621 0.9569913468292458 16.500000000000004 1 2 3 0.69793830188227823 1.1386763187492799 4
decision_type=2 2 2 2 1 2 2 2 1 1 1 2 2 1
left_child=1 -1 3 4 -2 -5 7 9 -9 -4 -8 -12 -13 -14
right_child=2 -3 6 5 -6 -7 10 8 -10 -11 11 12 13 -15
leaf_value=-8.9393982992377928e-06 0.0024853498066241052 0.00081437109697364834 0.00088588295854832161 -0.0001812235478054284 0.00011583046487240253 -0.00099542594859351242 8.7899010753959971e-05 -0.00031182021049435332 0.00061062300748857825 -6.8512641485181757e-05 -0.00090414176452876442 -2.9620450123899391e-05 0.0033846380671010957 -0.00030775782165696976
leaf_weight=1512828.2081673145 331194.84389925003 975870.04753947258 1469021.8636476994 6468120.0210571289 791711.47625875473 1425757.2442016602 53080477.310091019 1211808.3316345215 5313395.2372784615 12549018.215209723 1337668.0407197475 163780340.74233258 1612873.2834877968 1944726.7370357513
leaf_count=1449 644 1371 2368 4570 3106 1180 68219 1357 4075 8896 3670 117712 3449 8075
internal_value=5.13867e-05 0.00301437 2.20453e-05 -0.00155516 0.00542719 -0.0025484 8.07386e-05 0.00136489 0.00469899 -0.000187093 -3.82233e-05 -0.000273004 -0.000209061 0.00419186
internal_weight=2.53805e+08 2.4887e+06 2.51316e+08 9.01678e+06 1.12291e+06 7.89388e+06 2.42299e+08 2.05432e+07 6.5252e+06 1.4018e+07 2.21756e+08 1.68676e+08 1.67338e+08 3.5576e+06
internal_count=230141 2820 227321 9500 3750 5750 217821 16696 5432 11264 201125 132906 129236 11524
cat_boundaries=0 1 2 3 4 5
cat_threshold=8 322 161 98 20
is_linear=0
shrinkage=0.03


Tree=262
num_leaves=15
num_cat=2
split_feature=2 14 0 9 16 9 16 16 9 2 1 9 0 9
split_gain=32138.4 71777.6 47443.1 56716.1 78987.3 73784.8 45454 55764.8 40760.9 193985 170753 111836 241437 186660
threshold=1.0000000180025095e-35 0.69793830188227823 0 72.500000000000014 0.060299446688428633 86.500000000000014 0.044202609877353728 0.030902041864864577 74.500000000000014 5.5000000000000009 7.5000000000000009 82.500000000000014 1 78.500000000000014
decision_type=2 2 1 2 2 2 2 2 2 2 2 2 1 2
left_child=1 -1 -3 -4 5 -5 7 -7 9 10 -2 12 -10 -14
right_child=8 2 3 4 -6 6 -8 -9 11 -11 -12 -13 13 -15
leaf_value=-0.00078048935735612146 -0.00069013268856826804 -0.00040392475594271967 0.00049179421208723725 -0.0011236955523890723 8.5307664046402367e-05 -0.00023615718062513439 -0.00021432092977766474 0.00059785587544569933 0.00072655414680324417 -0.0015386360990823416 7.0220307889617801e-05 1.4785376383296205e-05 -0.00051548835678726307 0.00060240930604313358
leaf_weight=1459994.1786925793 1572914.4266293049 6374901.4702377319 1652079.1189557314 1229171.1523895264 20232148.469421387 2120665.4026825428 8825665.5113525391 1584871.0918579102 4359843.1028437614 1671000.6900134087 13706321.334403038 183503241.64708245 3617633.8771268129 1917877.1491105556
leaf_count=1895 2984 6675 1176 1288 9261 7198 5119 1417 4366 2609 9676 171026 3204 2231
internal_value=2.68223e-05 -0.000715669 -0.000488461 -6.21532e-05 -0.000325969 -0.0020795 -0.00139148 0.00139694 0.000180297 -0.00123033 -0.000168988 0.00030393 0.00341058 -0.000748191
internal_weight=2.53828e+08 4.34795e+07 4.20195e+07 3.56446e+07 3.39925e+07 1.37604e+07 1.25312e+07 3.70554e+06 2.10349e+08 1.69502e+07 1.52792e+07 1.93399e+08 9.89535e+06 5.53551e+06
internal_count=230125 34029 32134 25459 24283 15022 13734 8615 196096 15269 12660 180827 9801 5435
cat_boundaries=0 1 2
cat_threshold=130 178
is_linear=0
shrinkage=0.03


Tree=263
num_leaves=15
num_cat=0
split_feature=13 2 12 3 1 1 12 12 13 1 3 2 9 1
split_gain=26665.1 60372.9 61125.7 60783 48684.8 42452.1 39963.9 45377.4 38881.8 78026.9 73607.7 83281.6 81378.6 91476.9
threshold=1.1559857807864973 4.5000000000000009 1.0243090240668089 1.0000000180025095e-35 18.500000000000004 9.5000000000000018 0.99055603889192501 1.0659909429752294 0.98497142004174687 6.5000000000000009 1.0000000180025095e-35 2.5000000000000004 79.500000000000014 14.500000000000002
decision_type=2 2 2 2 2 2 2 2 2 2 2 2 2 2
left_child=8 3 -3 5 -5 6 -2 -8 9 -1 11 12 13 -11
right_child=1 2 -4 4 -6 -7 7 -9 -10 10 -12 -13 -14 -15
leaf_value=-0.00045520913725457596 0.0010001860910230506 0.001406980018419804 -9.1389309150237367e-05 -0.00069992075430335018 0.00085469344854883144 0.00036486848939497129 -0.00089459825431287591 0.00031693895018131103 -4.0652506270836515e-05 0.00072626140853010858 -5.7105212795033245e-05 0.00032527694612558737 1.6563806045937492e-05 1.4570601468206327e-05
leaf_weight=3863082.2173085213 324127.6550257206 2825627.8888511658 1573228.4231626987 3508090.7334866524 845357.28460979462 7055233.9300289154 1101565.6106767654 276017.29703092575 115764041.92158937 2354041.5364685059 38434115.790896416 16455311.641533375 56270011.919105291 2578924.5370583534
leaf_count=22127 1304 6190 4196 5237 1981 8470 4466 1032 86325 1571 37130 10572 37089 2165
internal_value=6.15001e-05 0.00119104 0.00423225 0.000170636 -0.00272647 0.00161091 -0.00264221 -0.00487224 -2.24019e-05 0.000356105 0.000495677 0.00102711 0.000517695 0.00421236
internal_weight=2.53229e+08 1.75092e+07 4.39886e+06 1.31104e+07 4.35345e+06 8.75694e+06 1.70171e+06 1.37758e+06 2.3572e+08 1.19955e+08 1.16092e+08 7.76583e+07 6.1203e+07 4.93297e+06
internal_count=229855 32876 10386 22490 7218 15272 6802 5498 196979 110654 88527 51397 40825 3736
is_linear=0
shrinkage=0.03


Tree=264
num_leaves=15
num_cat=2
split_feature=10 14 0 0 1 9 1 14 1 1 9 2 12 1
split_gain=25276 25043 216366 27696.2 150412 110166 73786.4 125697 169095 94927.4 68497.6 64933.7 164270 137162
threshold=0.68171730937635744 1.7659873167814766 0 1 7.5000000000000009 72.500000000000014 10.500000000000002 0.86863312934990444 7.5000000000000009 6.5000000000000009 66.500000000000014 2.5000000000000004 0.99549366363837055 16.500000000000004
decision_type=2 2 1 1 2 2 2 2 2 2 2 2 2 2
left_child=-1 3 -3 4 5 -2 7 8 9 -5 -8 13 -13 -12
right_child=1 2 -4 6 -6 -7 10 -9 -10 -11 11 12 -14 -15
leaf_value=-0.00048554964730500338 -0.0014838007356866268 0.032441779395842855 -0.0010093825763852508 -0.000122731741727404 0.00010361206963127702 -0.0003218148463570113 0.00035315339066831696 1.1497808521803633e-05 5.6110854012876282e-05 0.0014563768286732326 -0.00027483269789234165 -0.0004567502837114588 8.7516442330217613e-05 4.6187324174862694e-06
leaf_weight=1209602.6684520245 593756.52693128586 807466.42770540714 1063782.7338112593 378216.55792784691 83782908.612482548 7400332.6537241936 3813409.6304550171 41820046.102815151 4966818.9957258701 1441914.7670793533 26330846.743408203 12056695.677764893 42371444.339113235 24953634.64515686
leaf_count=936 1749 1943 5129 4386 95442 23685 1982 33357 1995 578 11815 8406 24446 13913
internal_value=3.68699e-05 5.76541e-05 0.00351528 3.17644e-05 0.000446321 -0.00348545 -0.000208835 0.000763929 0.00455087 0.0123732 -0.000640542 -0.000783035 -6.13062e-05 -0.001549
internal_weight=2.52991e+08 2.51781e+08 1.87125e+06 2.4991e+08 9.1777e+07 7.99409e+06 1.58133e+08 4.8607e+07 6.78695e+06 1.82013e+06 1.09526e+08 1.05713e+08 5.44281e+07 5.12845e+07
internal_count=229762 228826 7072 221754 120876 25434 100878 40316 6959 4964 60562 58580 32852 25728
cat_boundaries=0 1 2
cat_threshold=24 227
is_linear=0
shrinkage=0.03


Tree=265
num_leaves=15
num_cat=0
split_feature=16 16 3 10 16 1 16 16 1 9 9 2 11 5
split_gain=34987.2 35968.8 81029.6 81721.2 73618.2 106434 135601 101986 74495.5 71962.2 58556.7 56931.2 57184.7 75732.7
threshold=0.099416194722808979 0.08738686393244284 1.0000000180025095e-35 1.0804981498706023 0.07595242751154764 8.5000000000000018 0.080986009623554941 0.072308149630761667 16.500000000000004 84.500000000000014 89.500000000000014 1.5000000000000002 0.9569913468292458 1.0000000180025095e-35
decision_type=2 2 2 2 2 2 2 2 2 2 2 2 2 2
left_child=1 4 3 -3 7 -6 8 11 -7 -8 -9 -1 -13 -14
right_child=-2 2 -4 -5 5 6 9 10 -10 -11 -12 12 13 -15
leaf_value=-5.9125210892386515e-05 0.00025344908911580192 -9.6712461759937746e-05 -0.00048456076290180741 0.00024966400536000956 0.00076995876618218232 0.00015169836739470751 0.00038808060913961425 9.9019367424455846e-05 0.00048245090967342214 -0.0001208626683565459 -0.00034748347191598957 0.00033399636175994593 1.4714407577444154e-05 0.00066906494345337145
leaf_weight=57986385.628185511 6876133.1952359676 17124944.206604004 6343267.1049154997 5859092.0266723633 1862511.548828125 8925365.5690231323 2826995.0441664457 2246174.2946388721 6952011.4162664413 20248525.143673778 11261630.070756555 12752996.511458635 90290910.433076739 2253476.7510527372
leaf_count=55032 4451 5485 4586 2376 923 6761 1633 1218 3807 10904 6924 15697 108016 2139
internal_value=9.07192e-05 3.19429e-05 -0.000954323 -0.000125903 0.000164864 0.00131327 0.000978285 -0.000100266 0.00311216 -0.000489951 -0.00260545 0.000106978 0.000522677 0.000263149
internal_weight=2.5381e+08 2.46934e+08 2.93273e+07 2.2984e+07 2.17607e+08 4.08154e+07 3.89529e+07 1.76792e+08 1.58774e+07 2.30755e+07 1.35078e+07 1.63284e+08 1.05297e+08 9.25444e+07
internal_count=229952 225501 12447 7861 213054 24028 23105 189026 10568 12537 8142 180884 125852 110155
is_linear=0
shrinkage=0.03


Tree=266
num_leaves=15
num_cat=4
split_feature=4 2 14 2 0 13 0 0 16 11 0 16 2 11
split_gain=29308.6 139126 131370 96981.9 49874.7 37423.7 97071.1 41775.8 31676.3 30703.5 100980 59205.6 51857.6 50193.1
threshold=1.0000000180025095e-35 4.5000000000000009 1.4904328048837827 5.5000000000000009 0 1.2749234009508783 1 2 0.054506545954017667 0.93424325707176459 3 0.052653327735479837 2.5000000000000004 0.88002456839183818
decision_type=2 2 2 2 1 2 1 1 2 2 1 2 2 2
left_child=5 2 -2 -3 -4 9 8 -8 -7 10 11 13 -12 -1
right_child=1 3 4 -5 -6 6 7 -9 -10 -11 12 -13 -14 -15
leaf_value=0.0019853632565605883 -0.0031838915686404458 0.002725917015133104 0.00049934114551090404 -0.00036310004354233628 -0.0019763056830126042 0.0013815909800082465 -0.00068379947817241368 0.00036345338104692206 0.0055075111543774948 -1.9450459639516944e-06 -0.00032143191280670035 0.00019264375583819674 0.0001978070228187813 0.00068834330235531831
leaf_weight=750394.61657226086 1231096.9754748344 872984.16680300236 1486304.7060022354 760529.31584274769 640167.86407375336 502641.12072479725 743382.59227061272 2611622.2688047886 388660.4091796875 220364727.71068501 5867584.9182178974 10641505.483917236 5103464.1911993027 1657246.7375432253
leaf_count=1417 1788 1361 2186 1232 1609 3090 1920 8724 324 187376 5303 4863 6427 2367
internal_value=9.18969e-05 -0.00218428 -0.0056779 0.00499662 -0.00116274 0.000137589 0.0029298 0.000591876 0.01173 8.90734e-05 0.00110757 0.00289112 -0.00101381 0.00713944
internal_weight=2.53622e+08 4.99108e+06 3.35757e+06 1.63351e+06 2.12647e+06 2.48631e+08 4.24631e+06 3.355e+06 891302 2.44385e+08 2.40202e+07 1.30491e+07 1.0971e+07 2.40764e+06
internal_count=229987 8176 5583 2593 3795 221811 14058 10644 3414 207753 20377 8647 11730 3784
cat_boundaries=0 1 2 3 4
cat_threshold=286 28 64 156
is_linear=0
shrinkage=0.03


Tree=267
num_leaves=15
num_cat=2
split_feature=11 0 12 14 10 11 2 13 1 1 0 1 14 2
split_gain=28968.3 30130.5 26973.1 30443.8 27266.7 49238.2 102244 41364.5 36677.9 41370.1 36471.9 131652 119592 145633
threshold=0.77700826205213713 0 0.91595830406058487 0.89729520766646598 0.78049706914582051 0.89451372984939514 4.5000000000000009 0.51110750609065203 16.500000000000004 9.5000000000000018 1 7.5000000000000009 1.1386763187492799 4.5000000000000009
decision_type=2 1 2 2 2 2 2 2 2 2 1 2 2 2
left_child=1 -1 3 -2 7 6 8 -4 9 -6 11 -7 -12 -14
right_child=2 -3 4 -5 5 10 -8 -9 -10 -11 12 -13 13 -15
leaf_value=-4.771356109041701e-05 -8.2446497927736779e-05 0.00067597863004361985 0.00040187618126052152 -0.0013893703535705726 0.000173772045595822 -0.00036230353917873802 0.0015473376362615063 -0.0004025788295090133 0.00035614648509835076 -0.00028669737259598329 -3.5344951214600921e-05 9.936840253663372e-05 -0.00081014745879894479 0.0042709256814929385
leaf_weight=1151564.4807171822 1937316.4661121368 1350859.456885457 912123.0633854866 1035522.1001373529 1491446.9870501757 8350859.8764915466 1345090.3856440783 4570630.9296901226 1735434.515976429 2299390.7297668457 136579684.94336045 87689880.997820377 1800558.8716305494 1185818.8318558931
leaf_count=1163 1513 1655 918 1586 1359 26655 1563 5141 1243 1238 89394 88401 4853 3094
internal_value=3.768e-05 0.00324947 5.65053e-06 -0.00283497 3.97071e-05 8.70123e-05 0.00259029 -0.00205239 0.000784864 -0.000868787 1.40055e-05 0.00046396 -0.000295625 0.00564323
internal_weight=2.53436e+08 2.50242e+06 2.50934e+08 2.97284e+06 2.47961e+08 2.42478e+08 6.87136e+06 5.48275e+06 5.52627e+06 3.79084e+06 2.35607e+08 9.60407e+07 1.39566e+08 2.98638e+06
internal_count=229776 2818 226958 3099 223859 217800 5403 6059 3840 2597 212397 115056 97341 7947
cat_boundaries=0 1 2
cat_threshold=256 355
is_linear=0
shrinkage=0.03


Tree=268
num_leaves=15
num_cat=2
split_feature=3 5 5 10 12 0 11 10 11 0 12 12 13 1
split_gain=31417.9 173392 106443 71557.4 99306.7 135740 110959 94498.9 85213 85639.5 176266 113196 101773 82976.5
threshold=1.0000000180025095e-35 1.0000000180025095e-35 1.0000000180025095e-35 1.1413265287497878 1.0051969303918387 0 0.99884827123419984 0.90135704482050072 1.0546192281003315 1 0.99983437853173751 0.98159646488267815 0.98929045136256744 7.5000000000000009
decision_type=2 2 2 2 2 1 2 2 2 1 2 2 2 2
left_child=1 3 -2 4 8 6 -6 -7 9 10 -1 -11 -13 -5
right_child=2 -3 -4 13 5 7 -8 -9 -10 11 -12 12 -14 -15
leaf_value=9.7685337188621328e-05 -6.4428659076426776e-05 -0.0010968343130321853 0.00078845278012481667 -0.00038064543590149468 -0.0002704595304014681 0.00031474990493392631 9.4111976284681374e-05 -0.00025488793258212505 -0.00045797439250852236 0.00025456166422697555 0.00070792082329172647 0.00010560415218876708 -0.00024340652360097103 0.00026239682464700305
leaf_weight=20009554.143446565 84945180.629713178 2043869.594240427 1971028.233220458 2344224.4081127644 4609326.4913849831 2660173.2550789118 39725274.966525435 35456012.09498632 2315314.5445413589 8364388.6868877411 8780326.4049694538 8664498.0984305143 10628699.610479116 20718101.18044138
leaf_count=15604 97892 1514 1530 5277 3153 2058 33674 25054 2093 6482 6920 5629 5971 16766
internal_value=9.50936e-05 0.000336654 -0.000367148 0.000444699 0.000191667 -0.000479957 0.000648697 -0.00179274 0.00113403 0.0013654 0.00251071 0.0001732 -0.0010905 0.00199404
internal_weight=2.53236e+08 1.6632e+08 8.69162e+07 1.64276e+08 1.41214e+08 8.24508e+07 4.43346e+07 3.81162e+07 5.87628e+07 5.64475e+07 2.87899e+07 2.76576e+07 1.92932e+07 2.30623e+07
internal_count=229617 130195 99422 128681 106638 63939 36827 27112 42699 40606 22524 18082 11600 22043
cat_boundaries=0 1 2
cat_threshold=369 143
is_linear=0
shrinkage=0.03


Tree=269
num_leaves=15
num_cat=2
split_feature=0 9 11 11 10 16 10 2 9 9 11 3 10 0
split_gain=31288 69066.3 74378 108655 102859 59030.1 58152.7 118197 52084.2 80160.2 52982.7 47270.8 68448.8 64948.8
threshold=0 75.500000000000014 0.96973899304761912 0.81558126065163716 1.1925834006211711 0.089134052304920552 1.1537366032060119 3.5000000000000004 80.500000000000014 84.500000000000014 0.99482939277925664 1.5000000000000002 1.3953303454829544 1
decision_type=1 2 2 2 2 2 2 2 2 2 2 2 2 1
left_child=1 5 3 -3 6 -1 8 -8 -4 -10 -11 13 -13 -6
right_child=-2 2 4 -5 11 -7 7 -9 9 10 -12 12 -14 -15
leaf_value=-0.00016222218201668504 -1.2360796886191632e-05 0.00029580001549375388 0.00051208667489869458 -0.0005331233946145261 0.00020287658818188362 -0.00090406539620647064 0.0014322746220846092 -0.00028363911729998524 -0.00065259468636367753 0.00076032837556131686 0.00019853954596065011 -0.00034697476739262259 -0.0019604759339621881 -0.00044959035324396363
leaf_weight=4156395.2760148048 194917708.09630609 1986947.5991911888 1952755.4870722294 6024648.0256830454 7154251.4019546509 806033.10723876953 1650857.1252328157 937429.91460645199 1013496.9920494556 2835292.8255312443 25399811.552536011 1614163.6533865929 672184.30324935913 2584506.6497089863
leaf_count=6000 154619 2077 2220 7597 7022 529 2098 1629 1610 2847 34946 3096 891 2738
internal_value=4.8903e-05 0.000655531 0.000967749 -0.00169904 0.00143409 -0.00273102 0.00228208 0.00660319 0.00192363 0.00160692 0.00190447 -0.000948708 -0.00483069 -3.7342e-05
internal_weight=2.53706e+08 5.87888e+07 5.38263e+07 8.0116e+06 4.58147e+07 4.96243e+06 3.37896e+07 2.58829e+06 3.12014e+07 2.92486e+07 2.82351e+07 1.20251e+07 2.28635e+06 9.73876e+06
internal_count=229919 75300 68771 9674 59097 6529 45350 3727 41623 39403 37793 13747 3987 9760
cat_boundaries=0 1 2
cat_threshold=98 34
is_linear=0
shrinkage=0.03


Tree=270
num_leaves=15
num_cat=3
split_feature=16 0 10 14 16 16 16 0 0 12 16 14 12 2
split_gain=28919.7 54358.2 35190.9 35056.2 28957.1 79527.4 93922.4 132069 84758.3 80864.5 71932.6 67526.7 66673.4 56990.9
threshold=0.099416194722808979 0 0.68171730937635744 0.96290961409437925 0.084981001676617915 0.076551096840151614 0.080986009623554941 1 2 1.019141366626745 0.072308149630761667 0.85184261628799651 1.0112998619576685 3.5000000000000004
decision_type=2 1 2 2 2 2 2 1 1 2 2 2 2 2
left_child=2 3 -1 -2 5 10 7 12 -8 -9 -4 -6 -7 -10
right_child=1 -3 4 -5 11 6 8 9 13 -11 -12 -13 -14 -15
leaf_value=-0.00052627168530034547 0.00067982677783450267 -0.00027795004792014274 6.0605893426071792e-06 0.0001637682506552354 0.00015671602104291149 0.00027946549176809229 -0.00022877232367257168 0.00044515220123001056 0.0003303356353646981 -0.00022684302521133425 -0.00021294234101669709 -0.00010879614137962465 0.00067122688363677337 -0.00018736619987522036
leaf_weight=1189881.3126875162 2057650.6837148666 1726045.1966552734 162579804.45910823 3029869.3773710728 4685550.1840782166 2411640.7327880859 8065948.4713439941 5420573.0774784088 6735916.8717956543 4372477.7652740479 14377155.147961736 30207414.325577617 2776910.61328125 3900938.1480481625
leaf_count=947 1069 1810 180330 1534 2202 1192 2621 3794 3755 3483 8995 13618 1279 3423
internal_value=3.48297e-05 0.00196287 -1.84152e-05 0.00352364 6.5265e-06 0.000139125 0.00147519 0.00324516 5.73821e-05 0.0011949 -0.000115199 -0.000793945 0.00711487 0.00181603
internal_weight=2.53538e+08 6.81357e+06 2.46724e+08 5.08752e+06 2.45534e+08 2.10641e+08 3.36844e+07 1.49816e+07 1.87028e+07 9.79305e+06 1.76957e+08 3.4893e+07 5.18855e+06 1.06369e+07
internal_count=230052 4413 225639 2603 224692 208872 19547 9748 9799 7277 189325 15820 2471 7178
cat_boundaries=0 1 2 3
cat_threshold=449 17 20
is_linear=0
shrinkage=0.03


Tree=271
num_leaves=15
num_cat=3
split_feature=11 3 11 11 12 14 11 0 0 0 1 9 13 11
split_gain=24208.8 89461.8 95338.5 132093 137589 125650 110306 109553 99021.8 83065 77224 66959.2 54672.1 55768
threshold=0.99217020718281967 1.5000000000000002 0.91408087203224231 0.93424325707176459 0.98768638537180919 1.1215493262023852 0.9569913468292458 0 1 2 19.500000000000004 79.500000000000014 1.0169046596404077 0.97755348269850095
decision_type=2 2 2 2 2 2 2 1 1 1 2 2 2 2
left_child=1 10 5 7 -5 9 -6 -4 -8 -3 11 -1 -13 -14
right_child=-2 2 3 4 6 -7 8 -9 -10 -11 -12 12 13 -15
leaf_value=0.00048747922456321397 -1.2923776363135567e-05 0.0025454163250988576 -0.0092704216960522723 0.0010652345318945225 0.0017814429722483008 -0.0021523259127266075 -0.00018836937198842723 -0.00061538714302825548 -0.0018621938024902015 0.00028053378866622366 0.00088514403933501965 9.8467806050591932e-05 -0.00028266379936546136 0.00045757689965594459
leaf_weight=3130708.09134233 199617842.95658302 906360.46288740635 965805.32192802429 1329252.0474631786 693197.11892819405 848443.87444269657 1914989.1147940159 913021.69248282909 2095301.6261848211 2213280.6436657906 3569927.8508925438 27497637.669661403 6527392.7226228714 1889867.193910718
leaf_count=2063 179293 1345 561 1906 1170 1609 3645 1589 2688 2776 6357 18059 5548 1711
internal_value=2.16434e-05 0.000582065 -0.00172013 -0.00362346 -0.00146016 0.00207471 -0.00386867 -0.0105696 -0.00577875 0.00485872 0.00122383 0.000837683 0.000470887 -0.00164469
internal_weight=2.54113e+08 5.44952e+07 1.18797e+07 7.91157e+06 6.03274e+06 3.96808e+06 4.70349e+06 1.87883e+06 4.01029e+06 3.11964e+06 4.26155e+07 3.90456e+07 3.59149e+07 8.41726e+06
internal_count=230320 51027 17289 11559 9409 5730 7503 2150 6333 4121 33738 27381 25318 7259
cat_boundaries=0 1 2 3
cat_threshold=16 456 209
is_linear=0
shrinkage=0.03


Tree=272
num_leaves=15
num_cat=0
split_feature=11 12 14 14 16 16 1 14 16 14 9 1 11 14
split_gain=32220.2 33360.7 39554.7 30920.9 58659.8 47023.1 63760.2 500645 128734 94910.7 76424 265145 69120.2 67491.6
threshold=0.77700826205213713 0.91595830406058487 0.80817321326263725 1.0046522558627082 0.055922555133776648 0.030902041864864577 8.5000000000000018 0.88781725287033697 0.090568376962788785 0.9696866883571319 66.500000000000014 14.500000000000002 1.0345812913850758 0.9153473320575779
decision_type=2 2 2 2 2 2 2 2 2 2 2 2 2 2
left_child=-1 2 -2 5 -5 -3 7 8 -7 12 11 -8 -9 -12
right_child=1 3 -4 4 -6 6 10 9 -10 -11 13 -13 -14 -15
leaf_value=0.00035932038299106263 1.6736670496499651e-05 -0.00028780300622141162 -0.0010182664815203634 0.00020269420221240004 -9.6876939241774246e-06 0.0012576107219625322 0.0010707095882456221 -0.00013984029492738039 0.000156130281893947 -0.00026210899476110117 -0.00015680728873054996 -0.00038247700494063865 0.00030241177480522274 -1.5523254464679894e-06
leaf_weight=2496777.368393898 1507472.4633437395 10330603.249893069 1505623.9213418961 27478447.019120932 54320553.910822272 3832329.4248361588 1871455.203125 4792885.5361938477 2797957.2634887695 9753408.7974395752 42718178.762471676 2273626.2552185059 4148844.628112793 83235078.383294106
leaf_count=2809 1118 38519 2004 53404 35409 2266 1237 2529 1147 4798 28920 1271 2384 52012
internal_value=-1.48624e-05 -4.86533e-05 -0.00318631 -1.04632e-05 0.000466814 -0.000245998 -0.000115726 0.00126147 0.00834428 -0.00125048 -0.000383816 0.00362428 0.000981976 -0.000515721
internal_weight=2.53063e+08 2.50566e+08 3.0131e+06 2.47553e+08 8.1799e+07 1.65754e+08 1.55424e+08 2.53254e+07 6.63029e+06 1.86951e+07 1.30098e+08 4.14508e+06 8.94173e+06 1.25953e+08
internal_count=229827 227018 3122 223896 88813 135083 96564 13124 3413 9711 83440 2508 4913 80932
is_linear=0
shrinkage=0.03


Tree=273
num_leaves=15
num_cat=0
split_feature=12 11 12 13 11 11 1 1 9 2 14 9 11 16
split_gain=26023.4 107848 143769 76369.5 97810.4 92059.7 93488.6 87634.4 89623.5 81055.5 156668 152020 145588 116771
threshold=1.0051969303918387 1.0311932712351803 0.98842126986668599 0.53878424831981009 1.0142450752632377 0.9569913468292458 16.500000000000004 18.500000000000004 89.500000000000014 4.5000000000000009 0.88554095580431502 74.500000000000014 1.0979770383013885 0.080986009623554941
decision_type=2 2 2 2 2 2 2 2 2 2 2 2 2 2
left_child=1 -1 -3 -2 5 6 -5 9 -9 -6 -11 -12 -13 -14
right_child=3 2 -4 4 7 -7 -8 8 -10 10 11 12 13 -15
leaf_value=8.5095181784715479e-05 0.00056893240614749819 7.6699998858459641e-05 -0.00064349549020893844 -0.00018471360810232677 5.5376710134194043e-06 -0.00037187744211877378 0.00074868332759026653 -0.00072182310028046093 -0.00010097460055971045 -0.00076080008436738478 -0.00076042124788043423 0.00079876780863482005 0.00044050937868543387 -0.00097132922302167724
leaf_weight=82161212.406409979 1573543.0640072823 5946262.7005331516 5160832.0264992714 3816411.5507049561 93297226.938693166 21445689.532724619 1837982.4456529617 4384766.4419698715 15442551.980350971 2321161.816360116 1181755.3713905811 10010183.717253327 3705666.4486228228 1766658.1919875145
leaf_count=69068 5223 5000 4974 3499 67377 18831 1828 6462 22708 3470 1548 12034 6347 1643
internal_value=6.65511e-05 0.000465205 -0.00230935 -0.000164702 -0.000229702 -0.00187147 0.00153377 0.000107077 -0.00173164 0.000431765 0.00221858 0.00323568 0.00402731 9.27204e-05
internal_weight=2.54052e+08 9.32683e+07 1.11071e+07 1.60784e+08 1.5921e+08 2.71001e+07 5.65439e+06 1.3211e+08 1.98273e+07 1.12283e+08 1.89854e+07 1.66643e+07 1.54825e+07 5.47232e+06
internal_count=230012 79042 9974 150970 145747 24158 5327 121589 29170 92419 25042 21572 20024 7990
is_linear=0
shrinkage=0.03


Tree=274
num_leaves=15
num_cat=6
split_feature=14 3 0 16 11 0 16 11 0 16 9 0 0 0
split_gain=38481.2 109198 48862.9 43462.8 36055 35838.6 32118.8 57843.4 72563.9 68353.6 112672 198040 109848 84641
threshold=0.65192553140091347 1.5000000000000002 0 0.065633988462471884 0.77700826205213713 1 0.053981197135824027 0.98536147366073423 2 0.04990669866214225 89.500000000000014 3 4 5
decision_type=2 2 1 2 2 1 2 2 1 2 2 1 1 1
left_child=1 2 3 -1 5 -2 7 8 -6 10 11 -9 -12 -11
right_child=4 -3 -4 -5 6 -7 -8 9 -10 13 12 -13 -14 -15
leaf_value=0.00076616644272103679 -0.00010354803035129246 -0.0020893533556294881 -0.00057845219069242704 -0.00025054573234430919 0.00052477740385633534 0.00083058750242436896 -7.671418511549255e-06 -0.0020239519356429624 -0.00033335831020246247 0.00091857688066104414 -0.00029403171981659808 -0.00012417060407230219 0.00031488195831906498 9.4669242407387509e-05
leaf_weight=1571832.6294928789 1029170.0707705021 847577.94952940941 925664.65158200264 1404242.3302001953 7843408.5800318718 1092719.7886869907 189795202.60207307 1421003.9983744621 2174449.5555201769 1997206.2921123505 8623154.4993872643 4381273.8417271376 15858350.455275774 14479209.863616943
leaf_count=2066 1045 1756 2398 670 12625 1468 113222 3209 7211 1648 19755 11234 42370 8905
internal_value=7.63185e-05 -0.00259867 -0.000478482 0.00139387 0.000127403 0.00402128 9.38938e-05 0.000719902 0.00278865 0.000276695 -0.000569344 -0.00432809 0.000321504 0.00183172
internal_weight=2.53444e+08 4.74932e+06 3.90174e+06 2.97607e+06 2.48695e+08 2.12189e+06 2.46573e+08 5.67781e+07 1.00179e+07 4.67602e+07 3.02838e+07 5.80228e+06 2.44815e+07 1.64764e+07
internal_count=229582 6890 5134 2736 222692 2513 220179 106957 19836 87121 76568 14443 62125 10553
cat_boundaries=0 1 2 3 4 5 6
cat_threshold=322 256 158 68 145 258
is_linear=0
shrinkage=0.03


Tree=275
num_leaves=15
num_cat=3
split_feature=11 12 0 2 2 2 11 0 12 1 10 2 11 0
split_gain=23202.1 76409.7 59687.5 56349.1 76857.7 39954 37809.9 181096 94458.8 124637 114645 113474 83554.1 65226.7
threshold=1.1818563742125845 1.1215458779551306 0 1.5000000000000002 3.5000000000000004 2.5000000000000004 1.0766544007495955 1 1.0413889212874852 8.5000000000000018 1.1537366032060119 4.5000000000000009 1.079818594765658 2
decision_type=2 2 1 2 2 2 2 1 2 2 2 2 2 1
left_child=1 6 5 -4 -5 -3 -1 12 9 -9 -10 13 -8 -11
right_child=-2 2 3 4 -6 -7 7 8 10 11 -12 -13 -14 -15
leaf_value=2.0290238616688512e-05 -0.00014801167402468394 0.0018743908455111939 -0.00030074580005544398 0.00083798870227585565 -7.7138830238110255e-06 0.00048543519984314024 -0.00061473598959654754 0.00015029278874748671 -0.0002189134447466949 -0.00047675014007626581 0.00078461938231001868 6.1960766331083466e-05 0.00020366485215922564 -0.00096002306840965994
leaf_weight=193034006.29092836 11815387.921223044 627240.19545042515 2143350.679921031 2215586.9150180817 2320188.3849457502 684290.67640817165 1688690.3210304976 1506815.1827406883 9454913.4923866987 1205770.2307786942 1897771.1175010204 1366549.7373352051 19624750.960474968 3979529.4858627319
leaf_count=165821 12306 929 1608 1645 2479 1306 1936 2437 7922 2015 2797 1787 22633 2393
internal_value=7.5147e-05 0.00013859 0.00302332 0.00187436 0.00376856 0.00887446 3.99798e-05 -0.000790688 -0.00288695 -0.00537084 -0.00112377 -0.00716005 0.00111849 -0.00918686
internal_weight=2.53565e+08 2.41749e+08 7.99066e+06 6.67913e+06 4.53578e+06 1.31153e+06 2.33759e+08 4.07248e+07 1.94113e+07 8.05866e+06 1.13527e+07 6.55185e+06 2.13134e+07 5.1853e+06
internal_count=230014 217708 7967 5732 4124 2235 209741 43920 19351 8632 10719 6195 24569 4408
cat_boundaries=0 1 2 3
cat_threshold=96 295 128
is_linear=0
shrinkage=0.03


Tree=276
num_leaves=15
num_cat=2
split_feature=10 16 14 14 0 10 10 10 10 0 12 13 11 16
split_gain=24139.9 35040.6 35245 29030.6 45684.4 29998.7 99056.1 75211.4 76133.9 72669.9 123417 105246 86980.9 124332
threshold=1.311423601463038 0.065633988462471884 0.66936950709047272 0.65192553140091347 0 1.0389604186223813 1.0363308762909964 1.0428102923176461 1.0434611972545575 1 1.015250755764568 0.70011441442196765 0.94481337209393501 0.043393788070620526
decision_type=2 2 2 2 1 2 2 2 2 1 2 2 2 2
left_child=3 2 -2 4 -1 6 9 -7 -9 10 12 -12 13 -5
right_child=1 -3 -4 5 -6 7 -8 8 -10 -11 11 -13 -14 -15
leaf_value=0.00014392974852754908 0.00055756749482123371 -0.00073932499140285139 -0.00044379211529497017 0.0014853329413910465 -0.00069320615964100607 0.00022175234500221075 -0.00045996993433872381 -0.00077308509008264183 2.4324375407041231e-05 -6.1545707879143941e-05 0.00087800077521430462 -0.00019129906615902772 0.00034216114581624033 -0.00026401416001886846
leaf_weight=627972.39360308647 1182836.2744088173 2401424.3010864258 1369257.2256003618 1200615.6352497339 1840731.5189893246 10191448.211861968 6378678.0085659027 1282567.9503965378 101353006.36655331 72184483.247385502 1007979.9757385254 19146941.390023708 25735211.251820326 7896087.0644226074
leaf_count=707 1118 1321 2016 3673 4473 7260 5009 1056 98115 53183 1464 18934 26545 5301
internal_value=-1.77053e-05 -0.00209143 0.000356143 2.35743e-05 -0.00321348 5.60097e-05 -0.000248259 0.000416163 0.000172087 -6.52758e-05 0.000756392 -0.00111204 0.00183753 -0.000684012
internal_weight=2.53799e+08 4.95352e+06 2.55209e+06 2.48846e+08 2.4687e+06 2.46377e+08 1.3355e+08 1.12827e+08 1.02636e+08 1.27171e+08 5.49868e+07 2.01549e+07 3.48319e+07 9.0967e+06
internal_count=230175 4455 3134 225720 5180 220540 114109 106431 99171 109100 55917 20398 35519 8974
cat_boundaries=0 1 2
cat_threshold=80 203
is_linear=0
shrinkage=0.03


Tree=277
num_leaves=15
num_cat=0
split_feature=11 13 10 10 10 1 16 1 11 13 11 16 9 16
split_gain=23845.9 30070.3 25600.6 111302 73831.1 61706.3 71140.7 105025 65015.3 59226.1 55018.8 54586.9 79194.2 144797
threshold=0.77700826205213713 0.79891965206600613 1.0389604186223813 1.0363308762909964 1.0414267246865097 19.500000000000004 0.052186350887153739 6.5000000000000009 1.0199532326935519 0.90152251779156278 1.0766544007495955 0.055922555133776648 66.500000000000014 0.051978320493574537
decision_type=2 2 2 2 2 2 2 2 2 2 2 2 2 2
left_child=1 -1 3 11 -4 6 7 9 -7 -6 -11 12 13 -2
right_child=2 -3 4 -5 5 8 -8 -9 -10 10 -12 -13 -14 -15
leaf_value=2.8609705042688646e-05 -0.00020991601369205827 0.00077537397102793763 0.00029004847098068755 -0.00046741063190485849 -0.0011987073481944817 0.00079116727611055451 6.927870488655943e-06 0.00071797810879983424 -0.00046328906560658432 0.0004560368803159936 -0.00030800315606080702 -5.1407752262493621e-05 5.764301855161948e-05 0.0015014177663215758
leaf_weight=1506231.2587536573 922399.61892557144 988163.14946556091 6519626.1031069756 6552225.919598341 669964.29995954037 886041.61998748779 92248557.782978773 5435439.1423974037 9030133.6834516525 1644884.2111594677 1640029.988804698 88794063.285545826 35346766.292359352 1013154.2991333008
leaf_count=1439 1691 1359 5291 5192 6560 1696 59319 7505 18984 6326 7568 50621 55693 498
internal_value=1.40544e-07 0.00291888 -2.88997e-05 -0.000314939 0.000292397 0.000111042 0.000331428 0.00281908 -0.00214787 -0.000900367 0.000757598 -0.000116818 0.000846544 0.0067552
internal_weight=2.53198e+08 2.49439e+06 2.50703e+08 1.32629e+08 1.18075e+08 1.11555e+08 1.01639e+08 9.39032e+06 9.91618e+06 3.95488e+06 3.28491e+06 1.26076e+08 3.72823e+07 1.93555e+06
internal_count=229742 2798 226944 113695 113249 107958 87278 27959 20680 20454 13894 108503 57882 2189
is_linear=0
shrinkage=0.03


Tree=278
num_leaves=15
num_cat=4
split_feature=4 1 14 0 12 0 13 0 11 13 1 0 14 1
split_gain=26723.2 183003 82463.8 59981.1 90375.2 45026.2 35095.1 105622 40809.8 34942.8 76661 92136.2 67703.9 228350
threshold=1.0000000180025095e-35 13.500000000000002 1.4372456528456439 0 0.98558535456582541 1 1.2749234009508783 2 1.0993817019966132 0.98094413017656412 6.5000000000000009 3 0.81306842668704049 8.5000000000000018
decision_type=2 2 2 1 2 1 2 1 2 2 2 1 2 2
left_child=6 2 -2 -3 -5 -4 9 -8 -9 10 11 -1 13 -12
right_child=1 3 5 4 -6 -7 7 8 -10 -11 12 -13 -14 -15
leaf_value=-0.0015418402699027293 -0.002343589091758642 -0.00087779047267976266 0.00084825487919705088 -0.00063419011071385581 0.0017872189976269081 -0.0027987174963641261 0.018978269091939171 0.00065098021217592809 -0.00030804484033427997 -3.2094928298981604e-05 0.00045656391153363736 -9.9495835196535814e-05 8.5812864640337556e-05 -0.00031451546377642055
leaf_weight=1019173.4270361662 1161483.4152246714 733320.93426561356 590429.06675720215 809308.92423248291 1251564.2617778778 446921.22477412224 377885.99551594257 2209161.6663016081 1640616.0594084263 129940577.33679461 3469762.7615718842 2672254.3006669283 91119695.738977313 16365807.771280527
leaf_count=5023 1949 1308 1166 837 1748 1186 1155 9471 3488 102164 1981 15972 69343 13297
internal_value=1.8116e-05 -0.00215493 -0.00862935 0.00293998 0.0055619 -0.00248182 6.1723e-05 0.00277174 0.00128609 1.48806e-05 0.000396627 -0.00385646 0.000538125 -0.00105019
internal_weight=2.53808e+08 4.99303e+06 2.19883e+06 2.79419e+06 2.06087e+06 1.03735e+06 2.48815e+08 4.22766e+06 3.84978e+06 2.44587e+08 1.14647e+08 3.69143e+06 1.10955e+08 1.98356e+07
internal_count=230088 8194 4301 3893 2585 2352 221894 14114 12959 207780 105616 20995 84621 15278
cat_boundaries=0 1 2 3 4
cat_threshold=131 282 16 3
is_linear=0
shrinkage=0.03


Tree=279
num_leaves=15
num_cat=0
split_feature=14 7 2 10 13 12 11 14 12 11 9 10 1 12
split_gain=25139.2 93592.9 41912.1 30558.4 24483.1 62306.7 43925.6 103318 21167.4 93801.5 88680.2 138697 92445.6 86350.2
threshold=0.63266162658402714 1.0000000180025095e-35 1.0000000180025095e-35 1.1163582065134401 0.56617079247711499 1.0253180588473227 0.91700597683295093 0.86863312934990444 1.0051969303918387 1.0142450752632377 85.500000000000014 1.0368600691440639 18.500000000000004 1.0047518409474658
decision_type=2 2 2 2 2 2 2 2 2 2 2 2 2 2
left_child=1 2 -1 -4 5 6 -2 -8 13 10 -10 12 -12 -6
right_child=4 -3 3 -5 8 -7 7 -9 9 -11 11 -13 -14 -15
leaf_value=-0.00079609349554081823 0.00028445572871042466 -0.0020719609876228284 -0.0002109599110197958 0.00072239851298221125 1.4614974159461527e-05 0.00096462159016716983 -0.00086300571907980527 0.0011272618430387749 0.00021029694675972314 1.3811886894178246e-05 -0.00032347680029853242 -0.0015709554977343175 0.00041241132288438108 0.00038247208447547785
leaf_weight=803288.44913589954 2381497.9304181337 740273.18658363819 1048050.6025915146 1305383.7181096077 83015726.273012638 748782.80544149876 1384636.7403451204 559876.50360918045 3987413.9020932913 129819043.73523092 17633083.622697353 1582381.741844058 3328667.7555646896 4538793.767219305
leaf_count=1216 2336 1544 1931 1245 68982 2383 1541 1973 3586 119305 14420 1060 4660 3146
internal_value=3.43111e-05 -0.00235658 -0.000105161 0.0019144 7.17329e-05 0.00213414 0.000751163 -0.0025943 2.88217e-05 -0.000180317 -0.00180573 -0.00253516 -0.00188864 0.000402291
internal_weight=2.52877e+08 3.897e+06 3.15672e+06 2.35343e+06 2.4898e+08 5.07479e+06 4.32601e+06 1.94451e+06 2.43905e+08 1.56351e+08 2.65315e+07 2.25441e+07 2.09618e+07 8.75545e+07
internal_count=229328 5936 4392 3176 223392 8233 5850 3514 215159 143031 23726 20140 19080 72128
is_linear=0
shrinkage=0.03


Tree=280
num_leaves=15
num_cat=3
split_feature=11 0 10 13 13 12 11 1 0 0 12 13 12 12
split_gain=21428.1 91829.1 34102.8 45507.3 31429.6 132260 45165.1 86707.8 63879.6 62751.8 51538.4 71675.2 52631.4 51040.5
threshold=0.86737031308685941 0 0.82120607435980486 0.75667475569052856 0.33625239732437012 0.99983437853173751 0.9569913468292458 16.500000000000004 1 2 0.98609395010972944 0.93559370089075766 1.017769022820241 0.98159646488267815
decision_type=2 1 2 2 2 2 2 2 1 1 2 2 2 2
left_child=1 -1 3 -2 5 -4 7 9 13 10 11 -6 -12 -9
right_child=2 -3 4 -5 6 -7 -8 8 -10 -11 12 -13 -14 -15
leaf_value=0.0008951540817367749 6.4141035675779586e-05 1.9289111125049258e-05 -0.016921193828356985 -0.00073993497801515273 0.00052988672872860386 0.00056242482676627183 -1.1802666295579831e-05 0.00024795368582287216 6.3929854413703611e-05 0.00055699750141839969 -0.00051413878415387045 -0.00017706659130789436 2.22909742654221e-05 0.0010480596010083044
leaf_weight=1225863.789008975 2165274.4979416132 8289713.6381230354 803688.3232126236 2598242.0060577393 1890103.2380775213 458225.41338634491 221347355.9116267 1684683.2759122849 2269870.1854019165 2179432.2424765825 2466688.9746220112 2887591.3547610044 1833466.9224156141 1512530.0727500916
leaf_count=1473 1791 8367 1477 3117 1147 3483 196874 1170 2012 2856 1553 1778 1511 1335
internal_value=-4.04177e-05 0.00135625 -9.48635e-05 -0.00260833 -4.48374e-05 -0.00476686 -1.9808e-05 0.00148344 0.0045831 -2.19041e-05 -0.00111939 0.00102512 -0.00350205 0.00731546
internal_weight=2.53613e+08 9.51558e+06 2.44097e+08 4.76352e+06 2.39334e+08 1.26191e+06 2.38072e+08 1.67244e+07 5.46708e+06 1.12573e+07 9.07785e+06 4.77769e+06 4.30016e+06 3.19721e+06
internal_count=229944 9840 220104 4908 215196 4960 210236 13362 4517 8845 5989 2925 3064 2505
cat_boundaries=0 1 2 3
cat_threshold=148 185 94
is_linear=0
shrinkage=0.03


Tree=281
num_leaves=15
num_cat=0
split_feature=11 10 16 13 11 1 3 11 14 1 1 3 16 10
split_gain=24310.4 41909.8 55114.5 51374.1 44233.7 87743.6 49012.5 43140 38064.2 247443 129624 79724.9 75873.2 64576.2
threshold=0.77700826205213713 0.82120607435980486 0.04490981942762768 0.53878424831981009 0.9569913468292458 17.500000000000004 2.5000000000000004 0.83022427849027636 0.80817321326263725 8.5000000000000018 11.500000000000002 1.0000000180025095e-35 0.065906348755040825 1.0252958866243655
decision_type=2 2 2 2 2 2 2 2 2 2 2 2 2 2
left_child=-1 2 -2 -4 5 6 -3 -5 9 12 -11 13 -6 -12
right_child=1 4 3 7 8 -7 -8 -9 -10 10 11 -13 -14 -15
leaf_value=0.00030667599479744626 0.00071462252028608585 7.8899576351020056e-05 0.00015652304608465141 6.4911510749841579e-05 -0.00092272849599805854 0.00052181846048328471 -0.00083015975383821951 -0.00057018097478396372 3.8928891863823481e-06 -0.00090641250187946506 -0.00058354976232720315 -0.00073265286577828563 0.00079861762954235342 0.00021725584023073223
leaf_weight=2456379.9408402443 1161342.9767588377 13652570.360477805 1437014.6375732422 1351333.9789733887 702051.26747977734 4796902.3620877266 2038083.0243046284 5044384.316619873 204645316.85211802 2860221.9068622589 1793636.3322887421 3513317.8781912327 2711678.9735717773 5001689.4204330444
leaf_count=2761 3821 9565 936 1125 5541 4632 2456 3653 182330 2564 1190 3460 1313 4233
internal_value=1.11048e-05 -1.79941e-05 -0.00202879 -0.00293306 5.68262e-05 0.00139041 0.000304876 -0.00408472 -6.66749e-05 -0.00144908 -0.00331491 -0.00174711 0.00574859 0.000149902
internal_weight=2.53166e+08 2.5071e+08 8.99408e+06 7.83273e+06 2.41715e+08 2.04876e+07 1.56907e+07 6.39572e+06 2.21228e+08 1.65826e+07 1.31689e+07 1.03086e+07 3.41373e+06 6.79533e+06
internal_count=229580 226819 9535 5714 217284 16653 12021 4778 200631 18301 11447 8883 6854 5423
is_linear=0
shrinkage=0.03


Tree=282
num_leaves=15
num_cat=5
split_feature=16 14 16 12 0 0 10 1 2 0 12 12 0 0
split_gain=23432.4 85190.5 67816.8 76562 148655 63181.4 52213.9 61018.4 47169.6 56282.2 41676.8 78604.3 60507.9 57265.6
threshold=0.053394880302814023 0.77297006681332836 0.04990669866214225 0.97665741464072364 0 1 0.89250296402008533 10.500000000000002 1.5000000000000002 2 1.0281187774485046 1.0781710215531561 3 4
decision_type=2 2 2 2 1 1 2 2 2 1 2 2 1 1
left_child=1 5 3 4 -3 -1 7 -5 9 -4 -8 13 -13 -12
right_child=-2 2 8 6 -6 -7 10 -9 -10 -11 11 12 -14 -15
leaf_value=-0.0020633468832354416 -9.4943544750291187e-06 0.0021650446166554364 -0.00036180876551457439 -0.0003058729919921591 -8.4775906362791976e-05 -0.0011713017381253963 4.5035358463502389e-05 0.0016675400627847675 0.00050991473085002968 0.00026784548481708292 -0.0016058906594828937 0.001085815604784003 -0.00014487622631505779 -0.00036085968925085978
leaf_weight=521811.94364929199 202563603.12527275 1376138.2862089872 1730197.2449951172 716336.14071774483 2088465.0695661306 1169405.3180948496 19469231.347198725 1161003.7031087875 7578106.6142997742 3044529.3449401855 911466.05467152596 1333185.9011425972 2605573.6020325422 7135556.267795682
leaf_count=2954 121571 3079 933 2206 5773 4909 46543 1797 5517 1984 1442 4385 6750 19889
internal_value=4.34501e-05 0.000619283 0.00084708 0.000201416 0.00444593 -0.00600091 -0.000239764 0.00462044 0.0027704 0.000434927 -0.000529837 -0.0019216 0.00155096 -0.0036213
internal_weight=2.53405e+08 5.0841e+07 4.91498e+07 3.6797e+07 3.4646e+06 1.69122e+06 3.33324e+07 1.87734e+06 1.23528e+07 4.77473e+06 3.1455e+07 1.19858e+07 3.93876e+06 8.04702e+06
internal_count=229732 108161 100298 91864 8852 7863 83012 4003 8434 2917 79009 32466 11135 21331
cat_boundaries=0 1 2 3 4 5
cat_threshold=89 340 4 293 4
is_linear=0
shrinkage=0.03


Tree=283
num_leaves=15
num_cat=0
split_feature=16 16 13 16 1 16 1 16 5 3 9 1 9 1
split_gain=23286.5 49206.2 55426.8 48485.6 94029 107563 85134.8 84083.8 70886 246749 67723.5 100550 72793 59182
threshold=0.099416194722808979 0.091181822851780003 0.87928935070178615 0.076551096840151614 9.5000000000000018 0.080986009623554941 16.500000000000004 0.068891934499030402 1.0000000180025095e-35 1.0000000180025095e-35 66.500000000000014 14.500000000000002 63.500000000000007 17.500000000000004
decision_type=2 2 2 2 2 2 2 2 2 2 2 2 2 2
left_child=1 3 -3 7 -5 6 -6 8 10 -10 11 12 -1 -9
right_child=-2 2 -4 4 5 -7 -8 13 9 -11 -12 -13 -14 -15
leaf_value=0.00010963374266310962 0.00021843161249453696 8.7986693553238001e-05 -0.00018739834649694629 0.00044761890582360265 5.0985199572686299e-05 -5.0669410142494246e-05 0.00041858498691813592 -8.8190202153942235e-05 -0.00031568913768878953 0.0017565823385347773 4.0530120949217447e-06 -0.00020454613942629489 0.00096042741876012166 -0.00062309377578859614
leaf_weight=1431954.9105864763 6856920.1379847527 2853999.9853744507 15013847.381688595 6212795.8748550415 6794792.6759319305 31269122.030881405 6894972.5146245956 27055173.09499979 1308237.0756555796 1117383.6149264574 138082437.28291106 2156282.1790757179 1982277.9798413515 3890848.154907465
leaf_count=1403 4437 1169 5902 2777 5367 16704 3678 16329 1199 1126 162595 2147 2004 2547
internal_value=0.00011668 6.8627e-05 -0.00144746 0.000187337 0.00100068 0.000522633 0.00274035 -4.77726e-05 0.00025316 0.0053389 0.000167286 0.00341035 0.00661345 -0.00146831
internal_weight=2.52921e+08 2.46064e+08 1.78678e+07 2.28196e+08 5.11717e+07 4.49589e+07 1.36898e+07 1.77025e+08 1.46079e+08 2.42562e+06 1.43653e+08 5.57052e+06 3.41423e+06 3.0946e+07
internal_count=229384 224947 7071 217876 28526 25749 9045 189350 170474 2325 168149 5554 3407 18876
is_linear=0
shrinkage=0.03


Tree=284
num_leaves=15
num_cat=4
split_feature=2 0 10 3 0 12 12 10 10 14 0 0 16 16
split_gain=24966.6 51111.5 47871.5 70409.6 67162.4 49668.3 49785.2 47541.6 84644.9 87100.1 130330 81197.4 44134.9 49149.9
threshold=1.0000000180025095e-35 0 0.97119576682951958 1.5000000000000002 1 1.0296685703366102 0.9927388970595955 0.83310007439074751 0.84046969010850592 0.90607831415974538 2 3 0.060710881994853756 0.053981197135824027
decision_type=2 1 2 2 1 2 2 2 2 2 1 1 2 2
left_child=1 -1 3 4 -2 6 -6 11 -9 -10 -11 -5 13 -3
right_child=2 12 -4 7 5 -7 -8 8 9 10 -12 -13 -14 -15
leaf_value=-0.00040629904319304191 0.0003730168200900885 9.6405235878639588e-06 -5.1272420985972097e-06 0.0031228135436016974 9.9334548430081603e-05 0.00032149819211109627 -0.00045243482856368401 -0.0030207055512394133 0.0012641932357187792 -0.0035211819115222084 6.2820001087981523e-05 -0.00022959444999938865 6.7404399367497752e-05 -0.00025737490083182368
leaf_weight=7124298.5662435293 9978717.9825687408 8379747.252826333 181220800.2786051 666232.1843367815 6317090.332292676 2271537.7480618954 2462040.4262377024 770966.85553300381 954799.78271484375 1061078.8261287212 2339268.0750620365 2004790.3932256699 21399038.106536865 6753025.4656677246
leaf_count=7438 8836 12909 166605 1536 4855 1765 1658 752 998 1466 4050 3108 9807 3913
internal_value=-8.0117e-06 -0.000660802 0.000127664 0.00126322 0.00216603 0.000554957 -0.000468102 -0.00117171 -0.00286268 -0.0012407 -0.00348885 0.00207352 -0.000207494 -0.00144747
internal_weight=2.53703e+08 4.36561e+07 2.10047e+08 2.88265e+07 2.10294e+07 1.10507e+07 8.77913e+06 7.79714e+06 5.12611e+06 4.35515e+06 3.40035e+06 2.67102e+06 3.65318e+07 1.51328e+07
internal_count=229696 34067 195629 29024 17114 8278 6513 11910 7266 6514 5516 4644 26629 16822
cat_boundaries=0 1 2 3 4
cat_threshold=130 179 80 208
is_linear=0
shrinkage=0.03


Tree=285
num_leaves=15
num_cat=3
split_feature=16 0 16 11 0 11 9 9 1 1 0 2 1 1
split_gain=22045.6 45216 31790.5 53018.3 91721 58492.1 40936.8 42358.6 250921 193971 115522 43658.7 88049.5 92970.4
threshold=0.099416194722808979 0 0.090568376962788785 1.0205723614611413 1 1.0486312805951197 62.500000000000007 66.500000000000014 9.5000000000000018 13.500000000000002 2 1.0000000180025095e-35 15.500000000000002 10.500000000000002
decision_type=2 1 2 2 1 2 2 2 2 2 1 2 2 2
left_child=2 -2 6 -4 -5 -6 -1 8 -8 -10 -11 12 13 -9
right_child=1 -3 3 4 5 -7 7 11 9 10 -12 -13 -14 -15
leaf_value=-0.00050898581005780316 0.00037082936294375614 -0.00026645202785098994 -0.00022226671019412981 0.00042035343844506486 0.00011802591938009267 -0.00028346359973206492 -0.0007017463146156269 -2.8660241506272159e-06 0.0014645508440233803 0.00084157851627831507 -0.00025941157948490892 2.7830925842669928e-05 0.0001155530646306858 -0.0003716294359927456
leaf_weight=1609452.4054422379 5225348.839769125 1804533.3393859863 8703334.0861644745 4083303.1963734627 2898337.7387695312 4944579.475402832 1319189.5583686829 10273204.543587446 1633023.6000671387 1364621.1142215729 2024500.0615081787 182132128.22651231 13510778.856276512 11651013.373748779
leaf_count=1314 2603 1909 3095 1702 969 2301 1689 11299 1105 1424 1171 180490 11115 7645
internal_value=6.0142e-05 0.00171665 1.28327e-05 -0.00111441 0.000184803 -0.00171352 0.000115949 0.000150217 0.00256714 0.00562564 0.00153305 7.97721e-05 -0.000883695 -0.00205764
internal_weight=2.53177e+08 7.02988e+06 2.46147e+08 2.06296e+07 1.19262e+07 7.84292e+06 2.25518e+08 2.23908e+08 6.34133e+06 5.02214e+06 3.38912e+06 2.17567e+08 3.5435e+07 2.19242e+07
internal_count=229831 4512 225319 8067 4972 3270 217252 215938 5389 3700 2595 210549 30059 18944
cat_boundaries=0 1 2 3
cat_threshold=448 328 484
is_linear=0
shrinkage=0.03


Tree=286
num_leaves=15
num_cat=2
split_feature=14 3 10 13 0 14 2 10 14 1 14 0 10 11
split_gain=28753.3 73238.9 36312.4 30644.5 39876 53397.3 36900.7 106987 109024 126624 107028 109571 98982 101906
threshold=0.63266162658402714 1.5000000000000002 1.0990918803224481 0.56617079247711499 0 0.83213896427668133 4.5000000000000009 0.99451885417014119 0.96805186343387029 19.500000000000004 0.8746455374800175 1 0.83866519279172203 0.9740154224333436
decision_type=2 2 2 2 1 2 2 2 2 2 2 1 2 2
left_child=1 2 -1 4 5 -2 -5 10 -9 -10 -8 -12 -13 -14
right_child=3 -3 -4 6 -6 -7 7 8 9 -11 11 12 13 -15
leaf_value=-0.00031456876696240519 -0.00051784918329197418 -0.0019996239819345179 0.00032725473780748857 -1.3025278307435081e-05 0.00045336717682580371 0.00023756756456983481 0.001757674672337776 -8.1388883375384005e-05 0.00054406205026387758 -0.00060776907477580596 6.5652163244132243e-05 0.00044795030467181151 -0.0040591986339431679 -0.0008376762495774687
leaf_weight=1414870.3623284101 1083707.4055364132 740289.77847468853 1804995.2052116394 201858965.42602503 3249598.7641832829 874275.78072071075 693047.86896371841 12492491.806095719 17543487.866250515 2562152.6735095978 4613645.9395889044 1043911.4988437891 1479824.9761923552 1970690.7322702408
leaf_count=2552 904 1571 1893 156318 5619 1814 947 16576 22274 6088 7227 1706 1990 2206
internal_value=2.3617e-05 -0.00251261 -0.000556391 6.38785e-05 0.00234107 -0.0010409 1.53289e-05 0.00081989 0.00164621 0.00301379 -0.00192843 -0.0027932 -0.006127 -0.0085758
internal_weight=2.53426e+08 3.96016e+06 3.21987e+06 2.49466e+08 5.20758e+06 1.95798e+06 2.44258e+08 4.23993e+07 3.25981e+07 2.01056e+07 9.80112e+06 9.10807e+06 4.49443e+06 3.45052e+06
internal_count=229685 6016 4445 223669 8337 2718 215332 59014 44938 28362 14076 13129 5902 4196
cat_boundaries=0 1 2
cat_threshold=272 173
is_linear=0
shrinkage=0.03


Tree=287
num_leaves=15
num_cat=2
split_feature=4 1 2 16 14 14 0 14 9 0 16 11 2 10
split_gain=29038.4 181055 176843 75872.2 71940 28242.2 138805 67768.4 63913 57333.8 36203.1 33550.1 32896.2 30244
threshold=1.0000000180025095e-35 13.500000000000002 4.5000000000000009 0.069382729902509321 1.4904328048837827 1.1469137878170854 0 1.7659873167814766 88.500000000000014 1 0.035735974219033566 0.81558126065163716 2.5000000000000004 0.82120607435980486
decision_type=2 2 2 2 2 2 1 2 2 1 2 2 2 2
left_child=5 4 3 -3 -2 11 8 9 -7 -8 -10 12 -1 -13
right_child=1 2 -4 -5 -6 6 7 -9 10 -11 -12 13 -14 -15
leaf_value=1.4057037233281434e-05 -0.0023549441118277327 0.0012597613647585867 0.0019620479006719409 -0.0016367827834503563 -0.00078136039396699839 0.0011085056957062264 0.0035084819208554812 0.043706779953558997 -0.0010319656925610393 0.00029842105161332364 -0.02222090615088998 -0.00024759357508465351 0.00073114565998532008 2.618513706171547e-06
leaf_weight=2229549.8698717356 1230997.5144629478 718052.00038051605 897208.12218618393 1182201.9223937988 936419.35651648045 173523.73710119724 320882.41410720348 378306.26630485058 248088.45348024368 2280546.2273051739 262407.39540052414 7070587.2726415396 1951808.7285488844 233619088.68293905
leaf_count=1897 2043 1532 1204 1150 2219 912 872 2770 2938 8545 521 6607 2227 194627
internal_value=1.43054e-05 -0.00225743 0.00278525 -0.00239766 -0.00876597 5.9687e-05 0.00267415 0.00547188 -0.00951329 0.00374661 -0.0148599 2.05694e-05 0.00268478 -2.57144e-05
internal_weight=2.535e+08 4.96488e+06 2.79746e+06 1.90025e+06 2.16742e+06 2.48535e+08 3.66375e+06 2.97973e+06 684020 2.60143e+06 510496 2.44871e+08 4.18136e+06 2.4069e+08
internal_count=230064 8148 3886 2682 4262 221916 16558 12187 4371 9417 3459 205358 4124 201234
cat_boundaries=0 1 2
cat_threshold=257 4
is_linear=0
shrinkage=0.03


Tree=288
num_leaves=15
num_cat=2
split_feature=13 2 10 14 1 0 11 12 1 12 10 11 0 11
split_gain=24718.9 60401.4 82592.1 89103.9 112433 83520.9 90105 80282.5 83810.6 114543 93387.4 101585 138717 102501
threshold=0.97157542957146681 4.5000000000000009 0.99451885417014119 0.96805186343387029 17.500000000000004 0 0.9569913468292458 1.0294283446165053 18.500000000000004 0.97813683953467312 1.0804981498706023 1.0256949624400986 1 0.97444208477667915
decision_type=2 2 2 2 2 1 2 2 2 2 2 2 1 2
left_child=-1 7 5 -4 -5 -3 -7 8 10 -10 11 12 13 -2
right_child=1 2 3 4 -6 6 -8 -9 9 -11 -12 -13 -14 -15
leaf_value=3.5412325483449287e-05 -0.00055011940063481738 0.00025733629031165703 -0.00017923787758296816 0.00058046337989580397 -0.00017636853373312499 0.00067824752183260728 -0.0018180530359176816 5.4648526294923138e-05 0.0010741050685740855 7.8929910080941291e-06 0.00024232819047745397 -0.00036912205408647433 -0.00017117787847515309 0.00035794062136143226
leaf_weight=105310974.67992759 2414915.8741098642 2310588.4938956499 5845783.6364659071 11485657.325949311 4318716.7548720837 790159.5467621088 2065338.5150140524 42419988.37492311 1589231.9397311211 10879879.209699631 6462229.630312562 17286744.012006164 30597844.646498442 9902757.5443584919
leaf_count=99899 2320 3610 7344 14478 6735 1274 2431 35587 1904 12459 5755 11256 17534 7357
internal_value=4.9481e-05 -0.000200011 0.0010887 0.00190199 0.00307249 -0.00231962 -0.00575091 -0.000484318 -0.0010488 0.00120866 -0.00147104 -0.00183892 -0.00105679 0.0016314
internal_weight=2.53681e+08 1.4837e+08 2.68162e+07 2.16502e+07 1.58044e+07 5.16609e+06 2.8555e+06 1.21554e+08 7.91336e+07 1.24691e+07 6.66645e+07 6.02023e+07 4.29155e+07 1.23177e+07
internal_count=229943 130044 35872 28557 21213 7315 3705 94172 58585 14363 44222 38467 27211 9677
cat_boundaries=0 1 2
cat_threshold=141 202
is_linear=0
shrinkage=0.03


Tree=289
num_leaves=15
num_cat=4
split_feature=4 1 14 0 13 0 16 0 13 14 13 16 0 3
split_gain=31338.7 174130 71377.2 53178.4 47006.1 78392 40681 38021.1 29501.7 28638.1 34497.2 74548 58684.3 56839.7
threshold=1.0000000180025095e-35 13.500000000000002 1.4904328048837827 0 1.2749234009508783 1 0.057104041367366833 2 1.4611920349058671 1.0585095856346838 0.98094413017656412 0.033755858039455959 3 1.0000000180025095e-35
decision_type=2 2 2 1 2 1 2 1 2 2 2 2 1 2
left_child=4 2 -2 -3 9 -6 7 -7 -5 10 11 12 -1 -13
right_child=1 3 -4 8 5 6 -8 -9 -10 -11 -12 13 -14 -15
leaf_value=0.00020399739316609604 -0.0021731883228074951 0.0010583572963082156 -0.00073732875658711402 0.00042139564850287513 0.01750229442399124 -0.00019153647602850765 -0.00012535575754253479 0.0019264404966727988 -0.0012727305185179559 0.00015249606433875135 -4.6233759263413239e-05 9.1822754437065083e-05 -0.00064303467192718274 -4.6763693993495971e-05
leaf_weight=2501657.7092721462 1242385.2882357836 1675962.4482841492 943470.33798694611 605623.34513902664 359245.71561789513 578138.47702455521 2053752.8215754032 1205900.358997941 525511.18256378174 18947475.516192913 115356341.44666028 70259870.269714355 5373270.4592980146 32139407.656493187
leaf_count=12196 2033 1716 2194 1254 1117 4272 1964 6656 925 28878 83841 39805 17216 25918
internal_value=-1.94922e-05 -0.00237274 -0.00872163 0.00257107 2.77379e-05 0.00317572 0.00192127 0.00523525 -0.00245508 -2.62825e-05 -0.000120355 0.000259046 -0.00255368 0.000475356
internal_weight=2.53768e+08 4.99295e+06 2.18586e+06 2.8071e+06 2.48775e+08 4.19704e+06 3.83779e+06 1.78404e+06 1.13113e+06 2.44578e+08 2.25631e+08 1.10274e+08 7.87493e+06 1.02399e+08
internal_count=229985 8122 4227 3895 221863 14009 12892 10928 2179 207854 178976 95135 29412 65723
cat_boundaries=0 1 2 3 4
cat_threshold=284 16 321 456
is_linear=0
shrinkage=0.03


Tree=290
num_leaves=15
num_cat=1
split_feature=14 3 1 13 12 14 11 2 0 1 16 12 12 9
split_gain=27019.4 59960.5 39554.8 35249.3 67827.9 32168.6 45179.9 42074.9 26121.2 88235.6 81414.9 72803.1 66096.3 63233.4
threshold=0.63266162658402714 1.5000000000000002 11.500000000000002 0.56617079247711499 1.0253180588473227 0.88281685407496557 0.92167517421559297 4.5000000000000009 0 7.5000000000000009 0.055545737076331821 1.0137968994692892 1.0853076765851486 71.500000000000014
decision_type=2 2 2 2 2 2 2 2 1 2 2 2 2 2
left_child=1 2 -1 4 5 6 -2 -7 9 13 11 -11 -12 -5
right_child=3 -3 -4 8 -6 7 -8 -9 -10 10 12 -13 -14 -15
leaf_value=-0.0010470044296959789 0.00016993386516272961 -0.0017330024079335914 0.0003551348124146817 -0.0017177684878991464 0.00098102271864017061 8.8522032822088313e-06 -0.0005685415462135401 0.0030034528508880273 -1.1873710504577136e-05 0.0012298877340430603 -1.6223008081393174e-05 0.00028309970552742834 0.00047888599736856926 -0.00030893342746126192
leaf_weight=1193384.6776571274 2021340.3803108931 737786.25056576729 2021109.2797589302 311761.35349619389 756992.24622964859 532365.80832159519 1334390.8448950052 427967.01281046867 189643983.22656381 3227567.1802825928 33912748.889846802 7940840.7568562031 4894163.0540466309 4393759.9182443619
leaf_count=2665 1632 1558 1756 930 2435 1389 1536 1335 145508 6342 28525 16436 3689 14195
internal_value=3.93316e-05 -0.00242172 -0.000651453 7.83326e-05 0.00255347 0.00110071 -0.000284801 0.00594216 2.69399e-05 0.000604618 0.000974405 0.00323152 0.000324819 -0.00332273
internal_weight=2.5335e+08 3.95228e+06 3.21449e+06 2.49398e+08 5.07306e+06 4.31606e+06 3.35573e+06 960333 2.44325e+08 5.46808e+07 4.99753e+07 1.11684e+07 3.88069e+07 4.70552e+06
internal_count=229931 5979 4421 223952 8327 5892 3168 2724 215625 70117 54992 22778 32214 15125
cat_boundaries=0 1
cat_threshold=98
is_linear=0
shrinkage=0.03


Tree=291
num_leaves=15
num_cat=5
split_feature=14 14 0 0 1 13 13 11 1 0 0 16 0 11
split_gain=24921.4 78774.4 99932 47915.8 72805 37193.2 45426.9 73952.9 85729 87120.7 79950.6 52524.4 45342.7 43582.7
threshold=1.0585095856346838 2.6615885098342065 0 1 10.500000000000002 1.2749234009508783 1.0228762550714816 1.0567133163051989 10.500000000000002 2 3 0.084981001676617915 4 1.1080124201305639
decision_type=2 2 1 1 2 2 2 2 2 1 1 2 1 2
left_child=5 3 -3 4 -2 6 -1 11 9 13 -10 -8 -7 -9
right_child=1 2 -4 -5 -6 12 7 8 10 -11 -12 -13 -14 -15
leaf_value=1.1732696147208442e-05 -0.00039386333924106199 0.045959968610220302 -0.00011597602835594483 -6.511325036284131e-05 0.00055677583525700399 0.00198177891744901 -0.00010119919786814262 0.00093533640689484631 -0.00058269630194294922 6.6969139616555081e-06 6.256224528158659e-06 -0.00045496262388811733 -0.0057639770495218319 0.00023912470213817874
leaf_weight=156794777.34781468 2375672.0020434856 350618.18313598633 379198.35910069942 14916026.812265515 7928180.8745217323 722942.94884037971 39046101.87097156 2270860.8342686892 1695166.8695983887 4162639.7153347731 14097338.321539879 6447499.5739440918 627905.22122466564 1331229.939304471
leaf_count=126022 7168 1116 2397 24031 11084 1706 30249 1575 641 4535 13165 2791 2044 1230
internal_value=6.1056e-07 0.000881368 0.0105979 0.000600188 0.0021735 -9.99869e-05 -0.000129673 -0.000770813 0.000593542 0.00317453 -0.000675455 -0.0014773 0.00486313 0.00659058
internal_weight=2.53146e+08 2.59497e+07 729817 2.52199e+07 1.03039e+07 2.27196e+08 2.25846e+08 6.90508e+07 2.35572e+07 7.76473e+06 1.57925e+07 4.54936e+07 1.35085e+06 3.60209e+06
internal_count=229754 45796 3513 42283 18252 183958 180208 54186 21146 7340 13806 33040 3750 2805
cat_boundaries=0 1 2 3 4 5
cat_threshold=16 178 84 16 286
is_linear=0
shrinkage=0.03


Tree=292
num_leaves=15
num_cat=3
split_feature=4 1 12 0 13 12 0 0 9 11 9 1 12 12
split_gain=28558.3 166048 111590 105837 37470.2 72228.6 59845.6 33607.7 123427 88582 84756.5 65373 65221.5 63750.8
threshold=1.0000000180025095e-35 17.500000000000004 0.98159646488267815 0 1.2749234009508783 1.0243090240668089 1 2 84.500000000000014 0.96973899304761912 70.500000000000014 8.5000000000000018 1.0894550804295779 0.9927388970595955
decision_type=2 2 2 1 2 2 1 1 2 2 2 2 2 2
left_child=4 2 -2 -4 7 6 -6 8 10 13 -1 -11 -13 -10
right_child=1 -3 3 -5 5 -7 -8 -9 9 11 -12 12 -14 -15
leaf_value=0.00016355543209610888 -0.0031480952121523552 0.0017211112064703944 0.0011672110239675851 -0.0010948260172297742 0.0073956799211886423 -9.4489437026549521e-05 0.00080799461037150402 -9.973235513749105e-06 0.00015556427661146745 0.00087761785473380774 -0.00072869247398363345 0.00016399648790813836 0.0011837663715912438 -0.00084878707892635031
leaf_weight=1218240.5002454519 1058329.0095748901 1142655.7209277153 767185.26811468601 2017728.8078020811 422962.75357294083 2209975.5542751551 1593151.1008993387 224674956.14766693 1394556.4417877197 2436458.729929924 1848037.637174964 10574609.665473938 1120690.1768341064 1427428.1441693306
leaf_count=1364 1183 2318 1124 3488 1718 6030 6344 184620 1599 4843 2147 10663 1230 1561
internal_value=1.07169e-05 -0.00223735 -0.00522256 -0.00207126 5.57458e-05 0.00285651 0.00696273 7.3742e-06 0.00118518 0.00218695 -0.00435368 0.00315598 0.00222467 -0.00266574
internal_weight=2.53907e+08 4.9859e+06 3.84324e+06 2.78491e+06 2.48921e+08 4.22609e+06 2.01611e+06 2.44695e+08 2.002e+07 1.69537e+07 3.06628e+06 1.41318e+07 1.16953e+07 2.82198e+06
internal_count=230232 8113 5795 4612 222119 14092 8062 208027 23407 19896 3511 16736 11893 3160
cat_boundaries=0 1 2 3
cat_threshold=272 24 64
is_linear=0
shrinkage=0.03


Tree=293
num_leaves=15
num_cat=0
split_feature=14 3 10 13 12 11 14 12 11 12 12 10 11 11
split_gain=29305.7 67664.5 47098.6 29926.2 54516.2 44114.7 82139.1 29374.8 91222.1 129422 77259.1 116434 131458 114971
threshold=0.63266162658402714 1.5000000000000002 1.1925834006211711 0.56617079247711499 1.0218310413711047 0.91700597683295093 0.86542073623636151 1.0051969303918387 1.0311932712351803 0.98842126986668599 0.99880713796770515 1.0296330832311156 0.99953296935072145 1.0007501084115906
decision_type=2 2 2 2 2 2 2 2 2 2 2 2 2 2
left_child=1 2 -1 4 5 -2 -7 8 10 -10 -5 12 -12 -14
right_child=3 -3 -4 7 -6 6 -8 -9 9 -11 11 -13 13 -15
leaf_value=-0.00036798528384166191 0.00030196849361773393 -0.0018729177797938072 0.00044908312459066458 -4.4205735553766192e-06 0.00094148941522433918 -0.00092326575313031857 -0.0011942107528223383 -2.1180460297407541e-05 8.2329160202320896e-05 -0.00060354533226004091 0.0003636107935559564 0.00055759662069190157 -0.00076564653636269832 1.839388173269192e-05
leaf_weight=1497638.0410039425 2422266.7477880716 753658.62434732914 1677976.9789069891 43207690.380123377 956192.59846305847 1212118.1971696615 592337.24420678616 156797223.62210071 5576299.3979538679 4701979.9777685404 10004739.427599549 6725233.7060739994 2466792.4206774235 14988478.07533884
leaf_count=3091 2378 1545 1303 38203 2681 1384 1932 143414 4523 4527 7532 5145 1405 10795
internal_value=3.19813e-05 -0.00253871 -0.000620841 7.24416e-05 0.00232826 0.000864843 -0.00268614 2.46166e-05 0.000464399 -0.00219102 0.000817056 0.00188269 0.00101623 -0.000555231
internal_weight=2.53581e+08 3.92927e+06 3.17562e+06 2.49651e+08 5.18291e+06 4.22672e+06 1.80446e+06 2.44468e+08 8.76712e+07 1.02783e+07 7.73929e+07 3.41852e+07 2.746e+07 1.74553e+07
internal_count=229858 5939 4394 223919 8375 5694 3316 215544 72130 9050 63080 24877 19732 12200
is_linear=0
shrinkage=0.03


Tree=294
num_leaves=15
num_cat=0
split_feature=14 14 1 12 11 2 16 11 3 5 5 1 16 16
split_gain=20527.8 72331.8 62019.7 58886.9 60445.8 43029.9 40149 36002.6 33958 133786 101895 63503.1 69697.1 109597
threshold=1.035762799620896 2.6615885098342065 10.500000000000002 1.0853076765851486 1.0993817019966132 1.5000000000000002 0.0609509643391394 1.1688523830738735 1.0000000180025095e-35 1.0000000180025095e-35 1.0000000180025095e-35 16.500000000000004 0.032409934164850746 0.051683114612688437
decision_type=2 2 2 2 2 2 2 2 2 2 2 2 2 2
left_child=8 3 -3 4 -2 -5 -6 -7 9 11 -10 12 -1 -14
right_child=1 2 -4 5 6 7 -8 -9 10 -11 -12 -13 13 -15
leaf_value=-0.00051354245907696261 7.5876621359247871e-05 0.00028852337098422213 0.043828395198341509 -4.8868281826945936e-05 -2.4504539497300076e-05 0.0013774595695098821 -0.00090157221940924837 0.00023432969519918701 -8.7606458049588657e-05 -0.0010128973053060977 0.00065465959801137483 0.00012152487524815169 0.0006595941590347513 -1.6126996696713994e-05
leaf_weight=3567460.2007136345 34369534.333343744 386918.19826364517 365812.60477423668 1124864.8969278336 1719521.4732772112 1336661.256306529 2006923.569152832 717746.70368397236 68114330.655923486 1783933.2388134003 1754703.983058691 44460016.50316143 3779690.2598266602 88021885.994354248
leaf_count=15180 45848 2252 1326 1303 4046 2422 1672 1484 68179 1045 1265 32109 3861 47759
internal_value=3.51391e-05 0.000640706 0.00985668 0.000472636 0.000145287 0.00439512 -0.00348386 0.00697767 -8.52057e-05 0.000181816 -0.000626415 0.000285968 -0.000150549 9.32523e-06
internal_weight=2.5351e+08 4.2028e+07 752731 4.12753e+07 3.8096e+07 3.17927e+06 3.72645e+06 2.05441e+06 2.11482e+08 1.41613e+08 6.9869e+07 1.39829e+08 9.5369e+07 9.18016e+07
internal_count=229751 60353 3578 56775 51566 5209 5718 3906 169398 99954 69444 98909 66800 51620
is_linear=0
shrinkage=0.03


Tree=295
num_leaves=15
num_cat=5
split_feature=11 11 0 12 1 0 0 9 0 1 0 1 11 12
split_gain=20931.3 136911 110972 100430 134618 134068 133012 130735 154517 112496 88880.7 104584 137391 127028
threshold=1.0256949624400986 1.0246391602897307 0 1.0022632125571322 17.500000000000004 1 2 84.500000000000014 3 12.500000000000002 4 8.5000000000000018 1.0164468161792957 1.0081464412505341
decision_type=2 2 1 2 2 1 1 2 1 2 1 2 2 2
left_child=1 10 -2 5 -5 -4 -6 8 -8 -7 11 -1 13 -13
right_child=2 -3 3 4 6 9 7 -9 -10 -11 -12 12 -14 -15
leaf_value=0.00027792304593625525 -0.00027153869203729779 0.0011374264266211076 -0.00083248283085701465 0.00010863910916721292 -0.00034484930780715053 -0.0002783750573858847 -0.0015242912061080652 0.00013202889702492281 1.2269756088447237e-05 0.00030288110868491807 6.6206513746933148e-05 -0.000188271369551519 0.0004397225655728529 -0.00082658124385036065
leaf_weight=6544374.1910742521 26236778.935996056 1180306.4688123465 3627177.0631548166 71863630.246994972 4972285.2257995605 2214839.3527261019 1364832.4404983521 14153791.640284538 1737347.0198702812 3027264.8726806641 86969325.324505329 19239630.437960148 4274438.5202250481 6076526.2717044353
leaf_count=10141 24553 992 3358 65257 2431 2101 1498 19296 3017 2247 70326 16417 3262 4963
internal_value=3.12378e-05 0.000309186 -0.000236141 0.000207691 0.000495354 -0.00284406 -0.00154497 -0.00029924 -0.00587688 0.000224059 0.000211689 -0.00103888 -0.00179789 -0.00263786
internal_weight=2.53483e+08 1.24285e+08 1.29198e+08 1.02961e+08 9.40919e+07 8.86928e+06 2.22283e+07 1.7256e+07 3.10218e+06 5.2421e+06 1.23104e+08 3.6135e+07 2.95906e+07 2.53162e+07
internal_count=229859 106101 123758 99205 91499 7706 26242 23811 4515 4348 105109 34783 24642 21380
cat_boundaries=0 1 2 3 4 5
cat_threshold=136 5 16 68 292
is_linear=0
shrinkage=0.03


Tree=296
num_leaves=15
num_cat=2
split_feature=14 3 1 1 12 0 12 13 16 0 9 12 1 16
split_gain=30820.9 96366.6 52601.6 106638 31116.4 89899.4 146329 73918.7 72557.8 61080.3 120889 99735.2 96075.6 91534.4
threshold=0.61268812490256497 1.5000000000000002 15.500000000000002 11.500000000000002 1.0051969303918387 0 1.0024913181220338 0.65375478657113917 0.039641487269314067 1 85.500000000000014 1.0124435480921343 18.500000000000004 0.042127405922264764
decision_type=2 2 2 2 2 1 2 2 2 1 2 2 2 2
left_child=1 2 3 -1 5 6 8 -6 -2 10 -9 -11 -13 -12
right_child=4 -3 -4 -5 7 -7 -8 9 -10 11 13 12 -14 -15
leaf_value=-0.00046123457464258724 0.0009500609787813888 -0.0051851297938675499 -0.0010043568363933557 0.0016738619627175528 0.00037579280068003113 -9.2134112821566653e-06 0.0008891782185094175 0.00031936639513646182 5.6243121498894574e-05 -0.00018570122457957385 0.00045440410317922932 7.8485701547995889e-05 -0.00024115438765419912 -0.00034200624719609286
leaf_weight=848208.8946890831 2668960.6199971437 609085.09170162678 803914.85497093201 783302.45611572266 2417134.3507345915 60331497.719432592 4479203.7963718176 4014163.9663877487 23738658.776535034 21042127.816414714 3090330.6221194267 89439425.552419305 15962505.393712282 22367245.68409729
leaf_count=2346 9695 1373 809 595 5757 46470 3365 3975 17168 16276 8333 74366 23651 15495
internal_value=8.94347e-05 -0.00291078 -0.000241601 0.00285328 0.000126037 0.000567385 0.00188365 -0.000128231 0.00103323 -0.000208939 -0.00143885 7.77298e-05 0.000454188 -0.00220181
internal_weight=2.52596e+08 3.04451e+06 2.43543e+06 1.63151e+06 2.49551e+08 9.12183e+07 3.08868e+07 1.58333e+08 2.64076e+07 1.55916e+08 2.94717e+07 1.26444e+08 1.05402e+08 2.54576e+07
internal_count=229674 5123 3750 2941 224551 76698 30228 147853 26863 142096 27803 114293 98017 23828
cat_boundaries=0 1 2
cat_threshold=202 136
is_linear=0
shrinkage=0.03


Tree=297
num_leaves=15
num_cat=2
split_feature=14 7 13 14 7 0 10 0 11 11 16 11 9 10
split_gain=27717.9 51707.1 37934.9 43251.9 66514.5 54601.1 37889.8 23968.8 62126.9 116158 114432 99713 49909.7 65733.1
threshold=0.63266162658402714 1.0000000180025095e-35 0.56617079247711499 0.90607831415974538 1.0000000180025095e-35 0 1.0846097883727759 1 0.98059644709439753 1.0097664918894187 0.097463065777655178 0.81558126065163716 88.500000000000014 1.1925834006211711
decision_type=2 2 2 2 2 1 2 1 2 2 2 2 2 2
left_child=1 6 3 4 -2 -5 -1 8 11 -10 12 -4 -11 -14
right_child=2 -3 7 5 -6 -7 -8 -9 9 10 -12 -13 13 -15
leaf_value=-0.00033195079467819534 0.00023889632294233002 -0.0016516492192068834 0.00056141351819302796 0.028231220685209505 -0.0017114035281726454 0.00047800833970172181 0.00030790330763987239 -9.9904881974464437e-06 0.00097343951549700195 -0.00020322911267087144 0.00076630509932776206 -0.00051064655354590683 0.00020829995430213258 -0.00021219537899923712
leaf_weight=1389779.0062909126 3264773.4442179203 765946.87771964073 1405429.7393337488 325165.49876391888 1089789.8599404097 402056.65429902077 1835970.2871272564 197985279.08318305 4082807.7470662594 7642340.2778995037 1631449.3834228516 5413961.5326877832 18681068.097817183 8047010.0076571703
leaf_count=2373 3313 1574 1628 1177 1295 2519 2032 167268 3728 8155 765 5619 20375 8208
internal_value=4.69859e-05 -0.00243319 8.65909e-05 0.00265209 0.00152106 0.00942467 -0.000769386 3.33532e-05 0.00064313 0.00109347 0.000549627 -0.00200398 0.000181135 0.00079243
internal_weight=2.53963e+08 3.9917e+06 2.49971e+08 5.08179e+06 4.35456e+06 727222 3.22575e+06 2.44889e+08 4.69041e+07 4.00847e+07 3.60019e+07 6.81939e+06 3.43704e+07 2.67281e+07
internal_count=230029 5979 224050 8304 4608 3696 4405 215746 48478 41231 37503 7247 36738 28583
cat_boundaries=0 1 2
cat_threshold=146 66
is_linear=0
shrinkage=0.03


Tree=298
num_leaves=15
num_cat=4
split_feature=4 1 11 0 14 0 13 0 11 11 0 1 9 10
split_gain=28436.6 134509 110267 135651 59253.2 39461.7 33335.3 90977.1 28963.6 107331 72162.8 74458.2 80151.5 79405.3
threshold=1.0000000180025095e-35 16.500000000000004 0.93424325707176459 0 1.3507360378118121 1 1.4611920349058671 2 0.99953296935072145 1.0007501084115906 3 17.500000000000004 73.500000000000014 0.96086558797800203
decision_type=2 2 2 1 2 1 2 1 2 2 1 2 2 2
left_child=6 2 -2 5 -3 -4 8 -8 10 -10 11 12 -1 -13
right_child=1 4 3 -5 -6 -7 7 -9 9 -11 -12 13 -14 -15
leaf_value=0.00068555403812675035 -0.0036978101404610058 0.0025185934889683857 0.0014406251088448189 -0.0015658418147148276 1.0405241766600762e-05 -0.00010918041729443595 -0.00010303603680093931 0.010483068442658323 -0.00068651546425200995 -9.7908738376557123e-06 -9.1683138039304498e-05 0.00073023685872278038 2.2321432182703323e-05 0.00015411458328196427
leaf_weight=1591761.4434845448 710723.70777821541 576874.93683290482 598533.4514029026 1520367.1728591919 978027.72430372238 632250.52062273026 968592.18046653271 481140.17209196091 3277587.877772212 180096955.35744286 22099796.129512191 3845347.5082950592 29904688.403813004 5884050.980717659
leaf_count=1245 852 1094 1005 2433 1639 1098 4363 3354 2782 157314 21615 3570 21944 5697
internal_value=-3.90519e-05 -0.00227521 -0.00556736 -0.00284603 0.00505452 0.00455783 6.15583e-06 0.00454199 -2.0499e-05 -0.000211521 0.00053265 0.00127413 0.00056552 0.00356806
internal_weight=2.53167e+08 5.01678e+06 3.46187e+06 2.75115e+06 1.5549e+06 1.23078e+06 2.4815e+08 1.44973e+06 2.467e+08 1.83375e+08 6.33256e+07 4.12258e+07 3.14964e+07 9.7294e+06
internal_count=230005 8121 5388 4536 2733 2103 221884 7717 214167 160096 54071 32456 23189 9267
cat_boundaries=0 1 2 3 4
cat_threshold=402 144 451 155
is_linear=0
shrinkage=0.03


Tree=299
num_leaves=15
num_cat=2
split_feature=4 1 14 16 0 14 0 12 3 3 1 16 12 14
split_gain=25792.2 142199 62761.5 60940.3 36730.2 25691.9 115122 68732.9 61065.3 27558.3 22479.2 93948.3 70234.3 40130.2
threshold=1.0000000180025095e-35 13.500000000000002 1.4904328048837827 0.058593427497950504 0 1.174808221309416 1 1.0163365844656924 1.5000000000000002 1.5000000000000002 21.500000000000004 0.013153522937672007 0.99493778713559811 0.96626279171846108
decision_type=2 2 2 2 1 2 1 2 2 2 2 2 2 2
left_child=5 2 -2 -3 -5 10 8 9 -7 -8 -1 13 -13 -12
right_child=1 3 -4 4 -6 6 7 -9 -10 -11 11 12 -14 -15
leaf_value=8.5374139731879892e-06 -0.0027869061855665786 0.0023258435387192343 -0.00051766495625537917 0.00051162238351280917 -0.00092555129027272181 -0.00033412220584991818 0.00077236803002331885 3.2928871279716933e-05 -0.025220434140206999 0.024550456264461007 -0.00055803012202655265 0.0011734345857892391 -0.0016439387199421172 0.0010249903219820612
leaf_weight=241078057.00219369 1257081.7719099522 747025.34589767456 915762.245880723 1025662.4351501465 1018612.4830322266 378061.07555222511 196209.66700303555 1016859.5562604666 204831.59375202656 583735.97614073753 1052053.4088931084 421968.54717254639 1770452.1199696064 1650743.1628844738
leaf_count=189087 2037 1820 2170 927 1097 2874 2155 4935 2040 2010 5754 1070 4596 7157
internal_value=4.04713e-05 -0.00210067 -0.00785555 0.00237912 -0.000300471 8.32691e-05 0.00318545 0.00694367 -0.00839946 0.0136433 5.32566e-05 -0.00195936 -0.00657386 0.00178377
internal_weight=2.53317e+08 4.96414e+06 2.17284e+06 2.7913e+06 2.04427e+06 2.48353e+08 2.3797e+06 1.79681e+06 582893 779946 2.45973e+08 4.89522e+06 2.19242e+06 2.7028e+06
internal_count=229729 8051 4207 3844 2024 221678 14014 9100 4914 4165 207664 18577 5666 12911
cat_boundaries=0 1 2
cat_threshold=308 385
is_linear=0
shrinkage=0.03


Tree=300
num_leaves=15
num_cat=2
split_feature=4 1 2 0 16 12 13 0 12 10 12 16 10 1
split_gain=21623.8 125030 134541 62288.5 59508.1 26435.4 78468 70022.7 192606 89236.4 101285 76794.2 75074.6 74583.2
threshold=1.0000000180025095e-35 14.500000000000002 4.5000000000000009 0 0.068891934499030402 1.0051969303918387 0.53878424831981009 1 1.0022632125571322 0.98774918197535599 0.94288066048179553 0.084490063981975255 0.99451885417014119 10.500000000000002
decision_type=2 2 2 1 2 2 2 1 2 2 2 2 2 2
left_child=5 3 4 -2 -3 7 -7 8 11 10 -9 -1 -11 -12
right_child=1 2 -4 -5 -6 6 -8 9 -10 12 13 -13 -14 -15
leaf_value=0.00017690170370197265 -0.0004812912946843202 0.00096631852659943276 0.0021163799387647524 -0.0023554439197755171 -0.0013723374438710085 -0.0022146635093973871 -2.032070997212292e-05 -0.00084309747067829875 0.00091511369193548792 -0.00059906862980752137 0.00046742903917517021 -0.00034851897297658876 -4.0001030382130262e-05 0.00010674051102015917
leaf_weight=23356439.248501182 1352022.9200187922 693812.57365036011 773210.31409549713 1221091.1675257683 913878.75772094727 1519844.9300377369 156205793.78860486 1580552.8076382875 4791141.7604293823 3487734.8063600063 5139012.8528401852 4631887.0075073242 35902147.105970621 11831804.717405319
leaf_count=27488 2458 1508 1082 2104 898 5033 141135 1572 4496 2112 4948 2693 24379 7636
internal_value=7.80783e-05 -0.00188447 0.00307013 -0.00646896 -0.00187554 0.000117212 -0.000117481 0.000525245 0.00163335 -0.00010165 0.0016139 0.000681897 -0.000909617 0.00229038
internal_weight=2.534e+08 4.95402e+06 2.3809e+06 2.57311e+06 1.60769e+06 2.48446e+08 1.57726e+08 9.07207e+07 3.27795e+07 5.79413e+07 1.85514e+07 2.79883e+07 3.93899e+07 1.69708e+07
internal_count=229542 8050 3488 4562 2406 221492 146168 75324 34677 40647 14156 30181 26491 12584
cat_boundaries=0 1 2
cat_threshold=403 234
is_linear=0
shrinkage=0.03


Tree=301
num_leaves=15
num_cat=0
split_feature=14 14 12 11 12 4 13 2 12 11 11 3 9 12
split_gain=22180.9 64903.7 50875.3 67474.3 39097.3 49344.5 32321.7 68864.8 50967.9 26598.1 26335.2 24792.3 134696 112561
threshold=1.0370565686746376 2.6615885098342065 1.0659909429752294 1.0993817019966132 0.98344643590589009 1.0000000180025095e-35 1.0954749903159355 4.5000000000000009 1.0249057070288117 0.77700826205213713 1.0198815104866499 2.5000000000000004 80.500000000000014 1.0853076765851486
decision_type=2 2 2 2 2 2 2 2 2 2 2 2 2 2
left_child=9 2 3 4 5 -2 -6 -8 -9 -1 -3 -11 -13 -14
right_child=1 10 -4 -5 6 -7 7 8 -10 11 -12 12 13 -15
leaf_value=0.0003341884337979893 -4.874727578343555e-05 0.0012499626398548448 0.00044371157626328346 -0.00053847282231529888 6.5639129374935625e-06 -0.0016318712627452119 -3.3194804876400529e-05 0.0015652788398869911 -4.0402238347725905e-05 -6.8776017994734883e-06 0.037993982316430898 -0.00084164941113276832 4.6625408121353663e-05 -0.0010170970732681184
leaf_weight=2056340.3156598806 3036150.2127971649 371433.38730299473 4620742.6361175776 3167190.3507502079 16891120.854367495 1176228.1732782125 8598694.4771409035 1971519.6160554886 791466.94796073437 193547091.10556161 358163.5569306612 1458319.9334492683 13936917.080352545 1486956.2869472504
leaf_count=1844 5800 1529 8142 4347 18641 1186 12234 4044 1470 145596 2013 1949 18876 2184
internal_value=-2.04918e-05 0.000618526 0.000457796 7.37272e-05 0.000481479 -0.00221473 0.000883473 0.00212069 0.00624096 -0.000143741 0.00948628 -0.000176921 -0.00127949 -0.000455512
internal_weight=2.53468e+08 4.09827e+07 4.02531e+07 3.56324e+07 3.24652e+07 4.21238e+06 2.82528e+07 1.13617e+07 2.76299e+06 2.12486e+08 729597 2.10429e+08 1.68822e+07 1.54239e+07
internal_count=229855 59406 55864 47722 43375 6986 36389 17748 5514 170449 3542 168605 23009 21060
is_linear=0
shrinkage=0.03


Tree=302
num_leaves=15
num_cat=2
split_feature=14 3 10 0 13 12 14 11 2 2 9 0 10 10
split_gain=23547.6 51281.4 43866.8 28408.8 28048.7 74108.8 48015.1 91970.4 54670.7 25117.9 190715 173229 103827 129497
threshold=0.63266162658402714 1.5000000000000002 1.0846097883727759 0 0.56617079247711499 1.0176514693763716 0.88281685407496557 0.91700597683295093 4.5000000000000009 4.5000000000000009 74.500000000000014 1 0.99451885417014119 1.0948158151668064
decision_type=2 2 2 1 2 2 2 2 2 2 2 1 2 2
left_child=1 2 3 -1 5 6 7 -2 -8 -6 11 -11 -12 -14
right_child=4 -3 -4 -5 9 -7 8 -9 -10 10 12 -13 13 -15
leaf_value=-6.3393506493072521e-05 0.00016020533700071278 -0.0014052203260041449 0.00044646152063405713 -0.0008443464566060693 -8.8547903644729304e-06 0.00077726850665738435 -0.000196860012343232 -0.0013416218829708896 0.0028501839212835204 0.00059037482326235429 -0.00030561263859539941 -0.0012341324716593678 0.00046953386186592168 -0.00011356669495270774
leaf_weight=637265.55874979496 1880422.5247735977 732001.02590596676 1825663.4458128214 726162.17324864864 201836176.10007775 1197138.6057299376 419970.87348258495 1171042.4992548227 426120.49688625336 966595.46428084373 9330422.8806271553 1672117.9474393129 21283141.821432114 9445365.8675808907
leaf_count=1197 1546 1534 2026 1158 156487 2961 1204 1340 1227 1722 13505 1915 26757 15408
internal_value=6.2435e-05 -0.00224435 -0.000600656 -0.00467211 9.86692e-05 0.0023018 0.000296533 -0.00145682 0.00662006 5.27684e-05 0.000713828 -0.00709823 0.00122841 0.00207002
internal_weight=2.5355e+08 3.92109e+06 3.18909e+06 1.36343e+06 2.49629e+08 5.0947e+06 3.89756e+06 3.05147e+06 846091 2.44534e+08 4.26976e+07 2.63871e+06 4.00589e+07 3.07285e+07
internal_count=229987 5915 4381 2355 224072 8278 5317 2886 2431 215794 59307 3637 55670 42165
cat_boundaries=0 1 2
cat_threshold=372 139
is_linear=0
shrinkage=0.03


Tree=303
num_leaves=15
num_cat=3
split_feature=10 11 0 12 1 0 0 14 12 11 12 10 12 12
split_gain=23717.5 24131.4 123231 95881.8 130471 99710.9 94940.9 93678.5 110310 89659.1 175180 119441 107891 88675.4
threshold=0.68171730937635744 1.0256949624400986 0 1.0103583756494539 18.500000000000004 1 2 1.0125634060142696 1.0048876901737636 1.0132613496646867 1.0020641799475636 1.0368600691440639 1.0130620951705351 1.0483975785225208
decision_type=2 2 1 2 2 1 1 2 2 2 2 2 2 2
left_child=-1 6 13 5 -5 7 -2 -4 -9 10 -8 -12 -11 -3
right_child=1 2 3 4 -6 -7 9 8 -10 12 11 -13 -14 -15
leaf_value=-0.00037439897008939642 0.00022536492935209596 -0.00040953033217377359 -0.00011759326872575551 0.00010715767629410324 -0.00028207544772355556 -0.00061541271322442523 5.6301646265879308e-05 0.004585571658407935 -0.00024681503619148823 -2.4414950828376995e-05 -0.00022941060854426867 -0.0017064865623034084 0.00034929773399453707 8.4575485493856715e-05
leaf_weight=1256067.8379179239 36310584.342458129 19036574.102588177 8074099.0233842134 75010456.703291059 13378864.185268879 5214900.7654561996 35957542.316479921 639112.1550822258 657647.10592567921 14943108.140225291 24716586.792041421 1501094.829657793 9646904.1560140848 7160523.4655077457
leaf_count=967 35477 16161 5192 65651 20603 5719 29961 1365 774 10812 20207 986 7690 8517
internal_value=3.91575e-05 5.9634e-05 -0.000226784 0.000240582 0.000612449 -0.00201292 0.000360239 -0.000162538 0.00732206 -0.000178781 -0.000785261 -0.00265015 0.00135469 -0.0020639
internal_weight=2.53504e+08 2.52248e+08 1.29172e+08 1.02975e+08 8.83893e+07 1.45858e+07 1.23076e+08 9.37086e+06 1.29676e+06 8.67652e+07 6.21752e+07 2.62177e+07 2.459e+07 2.61971e+07
internal_count=230082 229115 123982 99304 86254 13050 105133 7331 2139 69656 51154 21193 18502 24678
cat_boundaries=0 1 2 3
cat_threshold=136 338 138
is_linear=0
shrinkage=0.03


Tree=304
num_leaves=15
num_cat=3
split_feature=16 16 0 12 0 3 16 0 14 14 12 11 14 5
split_gain=22075.7 115868 77932.5 123700 74776.4 96788.7 73012.8 58252.3 52973.1 50159.7 49360.3 79726.9 48415.4 47850.9
threshold=0.075470824236093983 0.080986009623554941 0 1.0130620951705351 1 1.5000000000000002 0.072308149630761667 2 0.85509778858906105 1.0167882208329773 1.0253180588473227 1.0766544007495955 1.0819104629223257 1.0000000180025095e-35
decision_type=2 2 1 2 1 2 2 1 2 2 2 2 2 2
left_child=6 2 3 -2 5 9 13 -8 -6 -3 -9 -12 -10 -1
right_child=1 4 -4 -5 8 -7 7 10 12 -11 11 -13 -14 -15
leaf_value=-4.3977887990644924e-06 9.0653812010895563e-05 0.00051123833364067738 0.000164121088378697 0.00061999613058049134 0.00016011711961437609 -0.0004927907660071285 0.00013137204251366226 -0.00042345559227275074 -0.00010584887169888212 1.7886719210060425e-05 0.00025692650997984951 -0.00045699004217950371 0.00053491220455614689 0.00042266650063858331
leaf_weight=160141535.86808968 3024511.6961669922 4911641.6372070312 11691440.890124083 2875992.0939331055 7036926.5384535789 2090198.8299560547 3090792.9478759766 5543316.8562625647 42634072.724189758 2047889.6788330078 1686882.8398323059 1647851.9276399612 2261738.1720694304 2682523.587582469
leaf_count=178134 1493 2666 8820 1294 3470 2271 1962 3108 18918 1073 914 1222 1930 2450
internal_value=5.55441e-05 0.000473205 0.00261811 0.0054288 -0.000145548 0.00237099 -0.000132207 -0.00239368 -0.000584077 0.00407127 -0.00362857 -0.000744504 -0.000963407 3.40296e-05
internal_weight=2.53367e+08 7.85744e+07 1.75919e+07 5.9005e+06 6.09825e+07 9.04973e+06 1.74793e+08 1.19688e+07 5.19327e+07 6.95953e+06 8.87805e+06 3.33473e+06 4.48958e+07 1.62824e+08
internal_count=229725 41935 11607 2787 30328 6010 187790 7206 24318 3739 5244 2136 20848 180584
cat_boundaries=0 1 2 3
cat_threshold=17 65 7
is_linear=0
shrinkage=0.03


Tree=305
num_leaves=15
num_cat=4
split_feature=16 0 2 0 16 16 1 0 12 14 1 1 16 0
split_gain=27424.8 64694.3 62494.9 72834.5 52946.6 85234.5 110385 86926.2 122615 71453.4 72283.7 121493 88091.6 77280.2
threshold=0.08738686393244284 0 1.5000000000000002 1 0.075470824236093983 0.080986009623554941 10.500000000000002 2 1.0103583756494539 0.80817321326263725 8.5000000000000018 11.500000000000002 0.066511076860393481 3
decision_type=2 1 2 1 2 2 2 1 2 2 2 2 2 1
left_child=4 -2 3 -3 9 7 -7 8 -6 10 12 -12 -1 -13
right_child=1 2 -4 -5 5 6 -8 -9 -10 -11 11 13 -14 -15
leaf_value=-0.00025198674162562983 0.00030170269554523143 0.00015205343492257135 -0.00020675356173304358 -0.00026342964803355821 8.0198058475778412e-05 0.00062778531364878214 -6.9361034642617133e-05 0.00014335463277041045 0.00063636271126379809 5.4336298956825329e-06 -0.00068769300304774388 0.00012413400102524231 0.0010134085240000958 -0.00046813312837417861
leaf_weight=1026251.2562696934 3359063.0582885742 8268130.1208496094 19340601.362550735 4790991.1666870117 2667492.0758666992 2192668.5189208984 22719310.110272765 11680113.303779364 3205289.4649047852 161376842.96211362 3527162.8085999489 5567809.38525033 671643.95544433594 3231816.321451664
leaf_count=6603 1860 2394 9859 2602 1326 1081 12326 8843 1478 170105 3014 5370 335 2897
internal_value=-9.5129e-06 -0.00077953 -0.0011904 0.000413035 0.000116871 0.00106736 -6.08356e-05 0.00266855 0.00564586 -0.000113243 -0.00216719 -0.00296652 0.00363596 -0.00108091
internal_weight=2.53625e+08 3.57588e+07 3.23997e+07 1.30591e+07 2.17866e+08 4.24649e+07 2.4912e+07 1.75529e+07 5.87278e+06 1.75402e+08 1.40247e+07 1.23268e+07 1.6979e+06 8.79963e+06
internal_count=230093 16715 14855 4996 213378 25054 13407 11647 2804 188324 18219 11281 6938 8267
cat_boundaries=0 1 2 3 4
cat_threshold=64 276 17 454
is_linear=0
shrinkage=0.03


Tree=306
num_leaves=15
num_cat=0
split_feature=3 5 5 2 10 12 12 11 11 12 1 2 14 11
split_gain=31963.2 161081 120923 86008.8 111563 101276 169658 210649 153414 110663 99202.9 86927 84353.2 78550.8
threshold=1.0000000180025095e-35 1.0000000180025095e-35 1.0000000180025095e-35 4.5000000000000009 1.3607046622344718 0.99493778713559811 1.0017672621402147 1.0007501084115906 0.94481337209393501 1.0251274134934043 18.500000000000004 5.5000000000000009 0.91844692773713521 0.89451372984939514
decision_type=2 2 2 2 2 2 2 2 2 2 2 2 2 2
left_child=1 -1 3 -2 5 13 -7 8 -8 -9 11 12 -11 -5
right_child=2 -3 -4 4 -6 6 7 9 -10 10 -12 -13 -14 -15
leaf_value=4.0019392057821318e-05 -0.00015593353199901805 -0.0010114885889739916 0.00078648065503180895 0.00043370778973940915 -0.0012957698339812363 -0.00064810964626823252 0.0010227689841117893 0.00050439343361353408 -0.0019112307714006082 -0.00043043821114912889 -0.00084526983710375822 -0.00028266562164298571 0.00061444527462462374 -0.00089491602186097521
leaf_weight=163798671.90336049 40235921.326471329 2153065.6721069813 1978566.4458137751 2569440.7792015076 800186.27971839905 3475177.6666980982 893018.41003894806 13293766.740169764 3553504.3050830364 1052384.3790848255 2338260.0111577511 5308899.8982293606 5150003.8901897669 6556734.701407671
leaf_count=128371 34425 1535 1520 3867 1044 4563 1285 17451 4719 1681 5231 8118 6675 9133
internal_value=7.88908e-05 0.000323252 -0.000386126 -0.000556338 0.000344913 0.000545936 0.00127862 0.000586488 -0.00546621 0.00157802 -0.000298688 0.000845639 0.00325754 -0.0022692
internal_weight=2.53158e+08 1.65952e+08 8.72059e+07 8.52273e+07 4.49914e+07 4.41912e+07 3.5065e+07 3.15898e+07 4.44652e+06 2.71433e+07 1.38495e+07 1.15113e+07 6.20239e+06 9.12618e+06
internal_count=229618 129906 99712 98192 63767 62723 49723 45160 6004 39156 21705 16474 8356 13000
is_linear=0
shrinkage=0.03


Tree=307
num_leaves=15
num_cat=3
split_feature=10 16 1 0 3 14 14 0 10 3 16 12 1 0
split_gain=31837.3 33511.7 45917.1 73154.6 49566.2 60542 29388.2 54589 30983.6 67005.2 40436.9 38984.4 117011 142279
threshold=1.2236955986104996 0.083647491849291669 10.500000000000002 0 1.5000000000000002 0.70913284672034438 0.65192553140091347 1 1.1413265287497878 2.5000000000000004 0.082451595283831072 1.0206910855985722 18.500000000000004 2
decision_type=2 2 2 1 2 2 2 1 2 2 2 2 2 1
left_child=6 2 3 -2 5 -4 7 -1 11 -10 -11 -8 -13 -14
right_child=1 -3 4 -5 -6 -7 8 -9 9 10 -12 12 13 -15
leaf_value=0.00023038033700872998 -0.0010510199311115334 0.00023770584439149672 0.00086303687267301531 3.537894062748975e-05 -0.00096661587639341735 -0.00020155738775839269 2.9115646589421831e-05 -0.00070878599543342793 0.00020253173749590228 -0.00014605329613560946 -0.0017030371685790538 -1.1198757160852806e-06 -0.00071579970026762604 -0.00014707258112740384
leaf_weight=608993.40011394024 1388044.3840476274 2149285.7723083496 1241867.0314216614 956548.80633091927 1284423.4231948853 3506344.4932982922 146224066.09132254 1807163.7960509062 21973730.621855617 1357533.3530868292 588584.8447612524 59097834.430968881 3946871.8680267334 6784701.2187130451
leaf_count=674 1997 1279 938 2280 1910 3883 123972 4314 21821 3175 633 47864 2982 12143
internal_value=5.23063e-05 -0.00156286 -0.00242024 -0.00598293 -0.00103559 0.000378736 0.00012245 -0.00316962 0.000155596 0.00118008 -0.00415527 4.21718e-05 -0.000540973 -0.00342282
internal_weight=2.52916e+08 1.05265e+07 8.37723e+06 2.34459e+06 6.03263e+06 4.74821e+06 2.42389e+08 2.41616e+06 2.39973e+08 2.39198e+07 1.94612e+06 2.16053e+08 6.98294e+07 1.07316e+07
internal_count=229865 12287 11008 4277 6731 4821 217578 4988 212590 25629 3808 186961 62989 15125
cat_boundaries=0 1 2 3
cat_threshold=2 80 20
is_linear=0
shrinkage=0.03


Tree=308
num_leaves=15
num_cat=2
split_feature=2 5 5 3 11 12 0 11 12 1 1 0 12 11
split_gain=20039.6 141741 91942.8 76639.1 107318 104691 76019.7 113488 95288.6 150455 108084 95924.9 163231 107252
threshold=2.5000000000000004 1.0000000180025095e-35 1.0000000180025095e-35 1.0000000180025095e-35 1.1906780813946514 1.1215458779551306 0 0.93203134380749886 1.0051969303918387 17.500000000000004 9.5000000000000018 1 0.99996686537042534 1.0203308808862317
decision_type=2 2 2 2 2 2 1 2 2 2 2 1 2 2
left_child=1 6 3 4 5 -2 7 -1 9 11 -10 12 -8 -13
right_child=2 -3 -4 -5 -6 -7 8 -9 10 -11 -12 13 -14 -15
leaf_value=-0.00034976631441185159 0.00014074582768227077 -0.0010635477980369074 0.0006964200734385699 -3.2588575150407579e-05 -0.00086528496875462265 0.0009637049431227468 -5.5691495027881363e-05 0.00014181636774823246 6.2018571171560476e-05 0.00037690966804787709 -0.00023502111551295478 -4.5767373759797123e-05 0.00090993341634478962 -0.000361772418397555
leaf_weight=5213923.6439592838 36080069.902946234 2153249.9052823782 1933846.5487790108 85085859.450865269 1362404.8012020588 1482256.3311030865 5794480.5770316124 44742610.497350097 12402558.704563737 7417744.4783034325 32635639.858440638 11595927.44710207 2395045.0386558771 3457641.1578652859
leaf_count=4557 27920 1541 1484 98074 1169 1332 4720 40048 10908 5726 22752 6303 1700 1709
internal_value=4.61417e-05 -0.000218506 0.000314707 0.000213486 0.00131612 0.00161612 -8.77253e-05 0.000820602 -0.000687164 0.000602852 -0.00156537 -0.00058434 0.0020286 -0.00200585
internal_weight=2.53753e+08 1.27809e+08 1.25944e+08 1.24011e+08 3.89247e+07 3.75623e+07 1.25656e+08 4.99565e+07 7.5699e+07 3.06608e+07 4.50382e+07 2.32431e+07 8.18953e+06 1.50536e+07
internal_count=229943 99964 129979 128495 30421 29252 98423 44605 53818 20158 33660 14432 6420 8012
cat_boundaries=0 1 2
cat_threshold=323 136
is_linear=0
shrinkage=0.03


Tree=309
num_leaves=15
num_cat=5
split_feature=16 14 0 16 0 11 0 1 16 0 11 0 13 13
split_gain=26349.6 52942.1 76003.2 44889.8 73786.3 53112.1 97354.9 87597.4 51978.2 79911.2 54450.2 47441.1 41521.2 39189.6
threshold=0.053981197135824027 0.83669621240708003 0 0.04990669866214225 1 0.9569913468292458 2 10.500000000000002 0.052186350887153739 3 1.0256949624400986 4 0.99479493968537447 0.94039998502207622
decision_type=2 2 1 2 1 2 1 2 2 1 2 1 2 2
left_child=1 2 -1 5 -5 6 -3 -8 9 -6 12 -9 -10 -2
right_child=13 3 -4 4 8 -7 7 11 10 -11 -12 -13 -14 -15
leaf_value=-0.00078960732528736443 3.8744497761592063e-05 0.0021304764356007404 -0.00066238835696971559 0.00080142701240535697 0.00074105117020838401 -3.7941317770931565e-05 -0.0008121226915101654 -0.00036850668395336963 0.00040864818963153498 -1.7784105873019212e-05 -0.00016693117785259126 0.0013228950255148371 -2.2875995836542277e-05 -4.5711627812949316e-05
leaf_weight=1389942.0392619371 59849050.847584724 747096.39208698273 2282894.4714663029 2587636.3655014038 2242515.8841094971 31786465.93874836 1225613.4686706066 585123.11032915115 2700229.6598510742 2375715.2811584473 5313238.1160888672 1692591.2562494278 3009503.2112426758 135913517.22325826
leaf_count=4620 38606 1386 7777 2380 1238 77397 4995 1598 1304 2049 3113 2841 1433 79222
internal_value=-1.67201e-05 0.000545269 -0.00294051 0.000781195 0.00199438 0.000167521 0.00331708 0.00122037 0.00121804 0.00388987 9.86453e-05 0.00470017 0.00213261 -0.000183048
internal_weight=2.53701e+08 5.79386e+07 3.67284e+06 5.42657e+07 1.82288e+07 3.60369e+07 4.25042e+06 3.50333e+06 1.56412e+07 4.61823e+06 1.1023e+07 2.27771e+06 5.70973e+06 1.95763e+08
internal_count=229959 112131 12397 99734 11517 88217 10820 9434 9137 3287 5850 4439 2737 117828
cat_boundaries=0 1 2 3 4 5
cat_threshold=340 386 8 88 289
is_linear=0
shrinkage=0.03


Tree=310
num_leaves=15
num_cat=5
split_feature=10 10 0 2 7 0 0 2 16 11 0 11 11 0
split_gain=24457.5 55961.9 112645 119866 47246.2 62939.2 62071.6 61561.1 44235.4 40252.8 173192 76425.4 71668.7 83336.5
threshold=1.1866650474107496 1.1494611397626895 0 3.5000000000000004 1.0000000180025095e-35 1 2 1.0000000180025095e-35 0.082832657416928218 1.0766544007495955 3 1.079818594765658 1.0631792722561391 4
decision_type=2 2 1 2 2 1 1 2 2 2 1 2 2 1
left_child=1 9 3 -3 5 -2 -6 -7 -4 12 11 -11 -1 -14
right_child=4 2 8 -5 6 7 -8 -9 -10 10 -12 -13 13 -15
leaf_value=-2.4727105041508071e-06 -0.00040304774968569294 0.0016467000257555085 0.0001732265898046103 -0.00017822814830238397 0.00022703858123513681 -0.00047705389121089177 -0.0010407165162450423 0.00024568425273398617 -0.00025119742098149856 -0.00065602353660962917 -0.00031285809681748372 0.00025043074627359576 0.00069453514539916951 4.0688683115103472e-05
leaf_weight=180293318.36550522 3265947.7672219276 1357019.0856685638 8079866.8220236301 752424.87471854687 1141003.4296693802 2470724.3135859966 2249269.7940641642 9594310.639841795 2281393.9441586733 1589910.5713318586 14192271.803229928 13577474.238157511 3963432.6600390673 8649065.5269720554
leaf_count=153255 3429 1599 9087 1256 2735 2449 3475 9454 1198 1534 13203 15200 3998 8245
internal_value=-7.54076e-06 7.56839e-05 0.00203123 0.0083503 -0.00105105 -0.00034234 -0.00425588 0.000657746 0.000744723 -3.40364e-05 -0.00106889 0.00115995 0.000123466 0.00230973
internal_weight=2.53457e+08 2.34736e+08 1.24707e+07 2.10944e+06 1.87213e+07 1.5331e+07 3.39027e+06 1.2065e+07 1.03613e+07 2.22265e+08 2.93597e+07 1.51674e+07 1.92906e+08 1.26125e+07
internal_count=230117 208575 13140 2855 21542 15332 6210 11903 10285 195435 29937 16734 165498 12243
cat_boundaries=0 1 2 3 4 5
cat_threshold=64 65 353 295 332
is_linear=0
shrinkage=0.03


Tree=311
num_leaves=15
num_cat=4
split_feature=16 1 14 0 0 16 16 9 9 0 2 0 11 12
split_gain=21728.7 85211.5 117104 118904 65265.7 62480.6 70564.4 54056.5 50616.3 123844 68101.4 77062.7 75142.7 107150
threshold=0.084072011220865828 11.500000000000002 0.95724379924126335 0 1 0.076551096840151614 0.072308149630761667 89.500000000000014 66.500000000000014 2 1.5000000000000002 3 1.1902710751006842 1.1215458779551306
decision_type=2 2 2 1 1 2 2 2 2 1 2 1 2 2
left_child=5 2 -2 -4 -3 6 8 -8 9 -1 -10 -12 13 -13
right_child=1 4 3 -5 -6 -7 7 -9 10 -11 11 12 -14 -15
leaf_value=-0.00039181049608569843 0.00025476117163676735 -0.00060417034304409542 0.00025566593158454044 -0.0003005573155773369 -8.8066454762475405e-05 0.00013789181533155006 0.00015070433986849374 -0.00028803398214995391 -7.6716956789962717e-05 0.00047270370901725619 -0.00017131979113816021 9.1258099651595094e-05 -0.00058790618258043766 0.00075379241186278897
leaf_weight=1607709.6142152548 7694618.328918457 4454991.0677490234 5371380.9874267578 6190376.1422119141 21828478.047346354 30741589.927361965 2423817.3871657848 11885023.369203329 54953901.713401079 4496517.1816183329 18601744.500810266 77295428.4961586 2662724.0225092173 3161834.9187399149
leaf_count=1961 2969 3140 2403 1972 11758 18008 1396 7526 52365 3866 27006 87776 3423 4275
internal_value=3.33861e-05 -0.000560112 0.000955991 -0.000952549 -0.00167087 0.000163434 -5.32905e-05 -0.00207313 0.000124259 0.00280436 1.98402e-05 0.000479557 0.000870183 0.00103428
internal_weight=2.5337e+08 4.55398e+07 1.92564e+07 1.15618e+07 2.62835e+07 2.0783e+08 1.77089e+08 1.43088e+07 1.6278e+08 6.10423e+06 1.56676e+08 1.01722e+08 8.312e+07 8.04573e+07
internal_count=229844 22242 7344 4375 14898 207602 189594 8922 180672 5827 174845 122480 95474 92051
cat_boundaries=0 1 2 3 4
cat_threshold=361 137 131 257
is_linear=0
shrinkage=0.03


Tree=312
num_leaves=15
num_cat=2
split_feature=16 0 10 1 11 16 16 1 0 12 12 16 5 2
split_gain=20214.5 66413.7 109956 97953.8 66091.4 47320.1 68857.6 74374 66652.5 67845.1 52897.4 50077.8 63667.1 208573
threshold=0.089869429603364012 0 1.0377336508874493 11.500000000000002 0.99327595712854466 0.076551096840151614 0.080986009623554941 8.5000000000000018 1 1.0163365844656924 1.0130620951705351 0.072308149630761667 1.0000000180025095e-35 3.5000000000000004
decision_type=2 1 2 2 2 2 2 2 1 2 2 2 2 2
left_child=5 2 3 -2 -3 11 8 -8 10 -10 -7 12 -1 -14
right_child=1 4 -4 -5 -6 6 7 -9 9 -11 -12 -13 13 -15
leaf_value=-1.1633071506874805e-05 0.00012057620357347858 0.00013431934232197259 0.00041523202465169244 -0.00073128232306286605 -0.00021356945532808913 0.00018812918096387099 0.00044471914089835591 -3.8367649534641032e-05 0.00043822384396409751 -0.00017180190826186266 0.00050779197078080259 -0.00019860832471521294 -0.00038659766013704786 0.0016338580544734598
leaf_weight=160131776.96598577 4210924.7788696289 2909437.5731811523 5857543.7800004482 2404261.3682413101 13939236.020721436 2668564.7514038086 3266055.8887939453 28238920.171238184 5227001.7791996002 4692443.9935970306 2591509.4037475586 14535545.557946205 1437551.5190751553 1276396.1247873306
leaf_count=178321 1685 1194 2794 1132 6516 1308 1405 15581 3651 3752 1162 9067 1269 1209
internal_value=-4.14446e-05 -0.000782167 0.000877266 -0.00177329 -0.00201061 5.54868e-05 0.000905301 0.000105558 0.00256516 0.00111754 0.00529507 -0.000168174 -1.75762e-05 0.0045389
internal_weight=2.53387e+08 2.93214e+07 1.24727e+07 6.61519e+06 1.68487e+07 2.24066e+08 4.66845e+07 3.1505e+07 1.51795e+07 9.91945e+06 5.26007e+06 1.77381e+08 1.62846e+08 2.71395e+06
internal_count=230046 13321 5611 2817 7710 216725 26859 16986 9873 7403 2470 189866 180799 2478
cat_boundaries=0 1 2
cat_threshold=456 17
is_linear=0
shrinkage=0.03


Tree=313
num_leaves=15
num_cat=0
split_feature=11 11 11 13 10 3 10 11 10 13 16 12 1 12
split_gain=28467.9 83549 70674.1 46393.9 64785 66344.2 38835.6 67361.8 59395.7 42054 36820 36568 97051.4 76266.4
threshold=1.0256949624400986 1.0246391602897307 1.0259789571696876 1.0228762550714816 1.0314375331682433 1.0000000180025095e-35 1.0215195970149744 1.019544107602844 1.0210546380349952 1.139464282508255 0.061731171987293984 1.0022632125571322 17.500000000000004 0.98621625708906724
decision_type=2 2 2 2 2 2 2 2 2 2 2 2 2 2
left_child=1 3 -2 -1 6 10 8 -8 9 -5 -6 12 13 -4
right_child=2 -3 11 4 5 -7 7 -9 -10 -11 -12 -13 -14 -15
leaf_value=5.91648485097272e-05 -0.0010067714283595055 0.00095606172894554262 -4.2468442246617481e-05 -0.00017190074703608762 0.00022366022754286724 0.00069190333278724698 -0.0003006526375511958 -0.00056856560095171888 0.00033904439140326357 0.00018620825858852867 -0.00016510638315867025 -1.102133632083797e-05 0.00032717950358831306 -0.00051055886712256184
leaf_weight=83609526.5773983 1204880.1352078915 1170649.9058278799 4773683.3437114954 19474003.532779813 2574507.4154162407 3103587.6560053825 2918385.5586806536 1772010.2900593281 1267957.4540200233 5006130.2608822584 3361492.4776611328 115216606.377303 3117741.4026241302 5227438.8780094385
leaf_count=67155 937 990 3983 15373 2810 3644 2374 1079 679 10702 1558 111508 3265 4229
internal_value=-2.23017e-05 0.000302108 -0.000333484 0.000226244 -0.000621362 0.0016087 -0.00128364 -0.00379433 -0.000826286 -0.00115421 -0.000249672 -0.000265587 -0.00176633 -0.00320702
internal_weight=2.53799e+08 1.24258e+08 1.2954e+08 1.23088e+08 3.94781e+07 9.03959e+06 3.04385e+07 4.6904e+06 2.57481e+07 2.44801e+07 5.936e+06 1.28335e+08 1.31189e+07 1.00011e+07
internal_count=230286 106364 123922 105374 38219 8012 30207 3453 26754 26075 4368 122985 11477 8212
is_linear=0
shrinkage=0.03


Tree=314
num_leaves=15
num_cat=0
split_feature=11 2 2 14 11 2 4 1 2 14 16 16 13 11
split_gain=24520 30304.6 49282.7 29128.2 27424.2 69839.5 24811.1 136276 149931 52885.1 44301 71704.4 25266.3 35038
threshold=1.1902710751006842 1.0000000180025095e-35 2.5000000000000004 0.79832526707994533 1.3328353141383971 3.5000000000000004 1.0000000180025095e-35 12.500000000000002 4.5000000000000009 1.4372456528456439 0.046290760896579061 0.032409934164850746 1.2051981385494057 1.1344432846807984
decision_type=2 2 2 2 2 2 2 2 2 2 2 2 2 2
left_child=6 -2 3 -3 5 -4 12 10 9 -9 11 -8 -1 -14
right_child=1 2 4 -5 -6 -7 7 8 -10 -11 -12 -13 13 -15
leaf_value=1.4080034613160154e-05 -0.00067496409368452196 0.00078810786244105869 -0.00096064417098395462 -2.5451490044486537e-05 -0.000806626793678914 0.00031794478164728701 0.0033317235399157575 -0.0019481802767029759 0.0015496620666760452 7.7836672459135039e-05 -0.0020022688569038957 -0.0030101681947670295 0.00051018181444527713 -0.00030796493021740591
leaf_weight=232347920.71134353 1436221.6246712208 1213037.9179320335 1019555.691422224 1570548.9151034355 1118201.1935298443 1880806.1398603916 256688.39526855946 775810.66699886322 1028801.7862691879 1425263.5513429642 1248969.9871368408 214209.21726989746 6297494.1840717793 1555301.644495368
leaf_count=193736 1282 937 960 1539 1086 2697 1882 951 1281 2001 1445 459 16842 2585
internal_value=0.000108518 -0.00150133 -0.000665256 0.00240291 -0.00279052 -0.0012517 0.000162617 -0.00193982 0.00169258 -0.00272641 -0.00876139 -0.000919997 0.000205942 0.00187958
internal_weight=2.53389e+08 8.23837e+06 6.80215e+06 2.78359e+06 4.01856e+06 2.90036e+06 2.4515e+08 4.94974e+06 3.22988e+06 2.20107e+06 1.71987e+06 470898 2.40201e+08 7.8528e+06
internal_count=229683 8501 7219 2476 4743 3657 221182 8019 4233 2952 3786 2341 213163 19427
is_linear=0
shrinkage=0.03


Tree=315
num_leaves=15
num_cat=4
split_feature=13 2 5 12 0 1 12 0 1 0 12 12 0 16
split_gain=28533.6 56298.1 119257 51456.6 135539 94531.3 79487.4 127821 70835.9 82464.5 78921.5 67008.1 64218.9 58216.2
threshold=0.99788436612522213 3.5000000000000004 1.0000000180025095e-35 1.01444308625972 0 17.500000000000004 1.019141366626745 1 18.500000000000004 2 1.0611621958700792 1.0303254378924587 3 0.055380872177316902
decision_type=2 2 2 2 1 2 2 1 2 1 2 2 1 2
left_child=1 2 -1 4 13 -6 7 -5 12 10 11 -10 -8 -2
right_child=3 -3 -4 6 5 -7 8 -9 9 -11 -12 -13 -14 -15
leaf_value=7.3143609832856902e-05 0.00050826652493913378 -5.8638668897709964e-05 -0.00091166750509925031 0.00066386178085722325 -0.00026077796089441678 6.6385136117026242e-05 -0.00014358604177319183 -0.00021443231116356353 -0.00059668398501396794 -6.4031487691027371e-05 -3.8590818418120256e-06 -0.0015138467128048786 0.00011392632582654196 -1.7665126527596957e-05
leaf_weight=89503250.621440649 6018387.8812307119 44778931.223207355 1452566.8069330454 4010078.5594592094 28397772.422766805 9033477.0005249977 15749603.971217155 2755982.7587795258 1206411.4175491333 5285975.4184937477 1023019.3099269867 1122471.1822462082 29835255.420292854 13294879.271209717
leaf_count=70314 12049 50176 869 3216 19333 8129 14002 3897 1246 9166 1274 1193 25518 9501
internal_value=-2.64775e-05 0.000269966 0.000698657 -0.000368247 -0.00101846 -0.00207164 0.000236716 0.00330269 -0.000145864 -0.00263681 -0.00631782 -0.00936883 0.000326145 0.00102271
internal_weight=2.53468e+08 1.35735e+08 9.09558e+07 1.17733e+08 5.67445e+07 3.74312e+07 6.09888e+07 6.76606e+06 5.42227e+07 8.63788e+06 3.3519e+06 2.32888e+06 4.55849e+07 1.93133e+07
internal_count=229883 121359 71183 108524 49012 27462 59512 7113 52399 12879 3713 2439 39520 21550
cat_boundaries=0 1 2 3 4
cat_threshold=234 92 148 138
is_linear=0
shrinkage=0.03


Tree=316
num_leaves=15
num_cat=2
split_feature=10 10 0 11 9 9 9 10 10 10 10 0 14 10
split_gain=30415 123499 74638.8 152259 103171 76846.4 66547.7 97245.5 104752 64938 71219.6 71061.8 64837.4 55302.8
threshold=1.0283647253166985 1.0246308835688984 0 1.0427239847918768 66.500000000000014 71.500000000000014 65.500000000000014 1.012904860052575 1.0140370453833489 1.0340049789758805 1.0377336508874493 1 0.99164271058386322 1.0428102923176461
decision_type=2 2 1 2 2 2 2 2 2 2 2 1 2 2
left_child=1 2 3 6 -4 -6 -1 -8 -9 11 -11 -2 -3 -12
right_child=9 12 4 -5 5 -7 7 8 -10 10 13 -13 -14 -15
leaf_value=-0.00042101498377818776 0.0010368978542341473 -0.00013042139955140962 0.00050370921718793774 -0.00087480494213503695 -0.0010693037852191152 -0.00014422932392580125 3.8841785134876136e-05 0.00068140562677041394 0.0001300836141300219 -0.00032927339464301975 0.00019582206706015922 0.00014353626907780441 -0.00063397741385573644 1.9023512801856026e-05
leaf_weight=2412380.7833968401 1718989.0873925686 4310846.4989267588 1860329.9306783676 2185855.1225827932 1020160.9727591276 35818686.490602016 51201001.463563561 3503584.6399234533 8541543.7856234312 7677295.6377818584 12122961.87484479 9124683.5463660955 3768974.0793197155 107982637.36144924
leaf_count=1436 1675 3134 1319 2488 889 37243 41083 2615 5834 6512 9391 7323 2828 105825
internal_value=0.00010705 -0.000254508 1.66695e-05 0.000616369 -0.00103468 -0.00138277 0.000875681 0.00106221 0.00348755 0.000406003 0.000216856 0.00263493 -0.00383035 0.00039592
internal_weight=2.5325e+08 1.14623e+08 1.06544e+08 6.78444e+07 3.86992e+07 3.68388e+07 6.56585e+07 6.32461e+07 1.20451e+07 1.38627e+08 1.27783e+08 1.08437e+07 8.07982e+06 1.20106e+08
internal_count=229595 98869 92907 53456 39451 38132 50968 49532 8449 130726 121728 8998 5962 115216
cat_boundaries=0 1 2
cat_threshold=155 258
is_linear=0
shrinkage=0.03


Tree=317
num_leaves=15
num_cat=4
split_feature=16 14 0 12 0 0 9 16 16 2 16 16 9 0
split_gain=18627.9 61517.4 86393.6 58348.1 108205 56502.8 79154 98075 51741.8 47953.8 44593.9 101815 76476.3 52651.5
threshold=0.053981197135824027 0.78731752453106718 0 0.97665741464072364 1 2 89.500000000000014 0.051683114612688437 0.036756969814227235 2.5000000000000004 0.049133222788516749 0.051978320493574537 86.500000000000014 3
decision_type=2 2 1 2 1 1 2 2 2 2 2 2 2 1
left_child=1 2 -1 4 8 6 7 -5 -3 -8 -7 -12 -13 -14
right_child=-2 3 -4 5 -6 10 9 -9 -10 -11 11 12 13 -15
leaf_value=-0.0016200923615762568 -9.4399569582248078e-06 0.002632053673347031 -0.00085666922513131876 -0.001473810798376014 6.2658568420421411e-06 2.6620538828881757e-05 -0.00029449539510217106 0.00031166198087894645 0.00056321449196029968 0.000322041528091964 0.00077404805509172995 0.00049741861474619353 0.00036108358145787984 -0.00017615283429771856
leaf_weight=678087.30996620655 195754293.68120861 858969.1555160284 1388163.37129879 1541204.556553483 2990919.8442635536 24981371.854834914 4550637.6893874407 626121.73504638672 1133473.6295166016 4915780.0611492395 3039889.0439987183 2772368.0658273697 2271306.8718070984 6049464.6778564453
leaf_count=3318 117755 2578 5449 3269 6367 64244 6833 367 849 9623 2847 1629 2098 2734
internal_value=4.27605e-05 0.000515988 -0.00456705 0.000704442 0.0038021 0.000400259 -0.00143524 -0.00660689 0.00921825 -0.000251201 0.000946189 0.00229292 0.000959978 -0.000477831
internal_weight=2.53552e+08 5.77978e+07 2.06625e+06 5.57315e+07 4.98336e+06 5.07481e+07 1.16337e+07 2.16733e+06 1.99244e+06 9.46642e+06 3.91144e+07 1.4133e+07 1.10931e+07 8.32077e+06
internal_count=229960 112205 8767 103438 9794 93644 20092 3636 3427 16456 73552 9308 6461 4832
cat_boundaries=0 1 2 3 4
cat_threshold=340 89 5 450
is_linear=0
shrinkage=0.03


Tree=318
num_leaves=15
num_cat=4
split_feature=16 0 16 16 0 1 9 16 5 3 9 0 1 0
split_gain=22267.9 75818.9 47294.4 77137 91591.5 73661.2 95151.4 52981.6 107033 199725 58940.6 90614.2 56476.2 53901.2
threshold=0.089869429603364012 0 0.07595242751154764 0.080986009623554941 1 8.5000000000000018 83.500000000000014 0.068891934499030402 1.0000000180025095e-35 1.0000000180025095e-35 66.500000000000014 2 13.500000000000002 3
decision_type=2 1 2 2 1 2 2 2 2 2 2 1 2 1
left_child=2 -2 7 4 -4 -5 -7 8 10 -10 11 -1 -13 -9
right_child=1 -3 3 5 -6 6 -8 13 9 -11 -12 12 -14 -15
leaf_value=0.00054298068591507656 0.0004111429580046084 -0.00010495653948803898 0.00044714726031645297 0.0004543920514288079 0.00015395686387161504 0.00032970113768424341 -9.8705028862466559e-05 -0.00047936057821542581 -0.0012350360518321353 0.0016882678330013058 -4.4779515908880184e-06 0.00020563693923032373 -0.00080423518900895013 -6.3140147202555777e-05
leaf_weight=3859070.7220656872 3063286.7693481445 26404403.170775652 5338378.6016235352 3191388.2708740234 10821037.833042145 3427142.5033431053 24778218.607328653 4245733.6438416243 1279294.4313666821 1126812.5175913572 138942922.90578139 910746.99701154232 750045.85858488083 25587910.575622559
leaf_count=3104 1582 11804 2592 1381 8148 1970 13595 3629 1191 1141 163409 1328 1085 14339
internal_value=7.85437e-05 -0.000696774 0.000180421 0.00102021 0.00270435 0.000153407 -0.000335383 -4.55923e-05 0.000188534 0.00646385 8.40154e-05 0.00312423 -0.00273497 -0.00119818
internal_weight=2.53726e+08 2.94677e+07 2.24259e+08 4.75562e+07 1.61594e+07 3.13967e+07 2.82054e+07 1.76703e+08 1.46869e+08 2.40611e+06 1.44463e+08 5.51986e+06 1.66079e+06 2.98336e+07
internal_count=230298 13386 216912 27686 10740 16946 15565 189226 171258 2332 168926 5517 2413 17968
cat_boundaries=0 1 2 3 4
cat_threshold=64 17 348 257
is_linear=0
shrinkage=0.03


Tree=319
num_leaves=15
num_cat=4
split_feature=11 0 1 1 0 12 12 14 0 12 1 14 0 14
split_gain=15817.5 96439.7 64264.7 57319.9 80698.6 47363.5 72025.1 63238.3 37307.3 47179.9 66161.9 43293.7 32030.3 96894.3
threshold=0.9569913468292458 0 17.500000000000004 18.500000000000004 1 0.98697337007541763 1.024112885485482 1.0819104629223257 2 0.9353060627559534 11.500000000000002 0.86863312934990444 3 0.69793830188227823
decision_type=2 1 2 2 1 2 2 2 1 2 2 2 1 2
left_child=1 2 -1 5 -5 7 -7 8 9 -3 -11 -10 -2 -14
right_child=12 3 -4 4 -6 6 -8 -9 11 10 -12 -13 13 -15
leaf_value=0.00017363671135206727 6.5566527897589197e-05 -0.00020437599790452374 0.00068482615575420265 -0.00049301272660617033 0.00081449293952645554 -0.00079170119954084968 -3.8592334863900205e-05 -0.0010623653375488545 0.00024756636169345715 0.00070877819364227352 1.1920804425574998e-05 -0.0003650483816625659 -0.00082166704915102124 -2.3984938838404018e-05
leaf_weight=6612522.7068365812 52875147.598831773 2967048.6661018133 2118206.8294010162 1031819.094291687 2422522.2320446968 1927334.4894164801 2410566.6591854095 1157370.5996061563 1312767.4377145767 2555933.4138311148 3418510.6963500977 4062714.9851173162 1336176.1970801353 167368069.77977824
leaf_count=4949 68069 2476 2043 1599 3522 1433 2052 2542 1154 2314 1972 2957 3679 129237
internal_value=-2.72326e-05 0.000596278 0.00328492 -0.00041263 0.00315346 -0.00103439 -0.00380479 -0.000257769 0.000287507 0.0014749 0.00301061 -0.00168759 -0.000117271 -0.000319201
internal_weight=2.53577e+08 3.19973e+07 8.73073e+06 2.32666e+07 3.45434e+06 1.98122e+07 4.3379e+06 1.54743e+07 1.4317e+07 8.94149e+06 5.97444e+06 5.37548e+06 2.21579e+08 1.68704e+08
internal_count=229998 29013 6992 22021 5121 16900 3485 13415 10873 6762 4286 4111 200985 132916
cat_boundaries=0 1 2 3 4
cat_threshold=144 258 325 98
is_linear=0
shrinkage=0.03


Tree=320
num_leaves=15
num_cat=1
split_feature=11 2 2 13 11 2 12 16 2 2 2 9 0 12
split_gain=27448.7 35099.2 52240.1 35631.3 33133.6 77848.7 29988.6 46004.4 39071.6 40558.9 26423.7 206503 167913 134014
threshold=1.1902710751006842 1.0000000180025095e-35 2.5000000000000004 0.95319639811501233 1.3328353141383971 3.5000000000000004 1.1384891256332732 0.068891934499030402 1.5000000000000002 3.5000000000000004 4.5000000000000009 74.500000000000014 0 0.99493778713559811
decision_type=2 2 2 2 2 2 2 2 2 2 2 2 1 2
left_child=6 -2 3 -3 5 -4 10 8 -8 -10 -1 12 -12 -13
right_child=1 2 4 -5 -6 -7 7 -9 9 -11 11 13 -14 -15
leaf_value=-1.0746210855537137e-05 -0.00079455690996172465 0.00076289027967605619 -0.0011824575169958728 -0.00012287436460722937 -0.00082594497723942112 0.00036417966134071457 -0.0001239761339836378 -9.470309362681842e-05 0.0011030288078899149 0.00030695298153029973 0.0003878346566368433 -0.00039420086857361563 -0.0011236586969431549 0.0002936263644777401
leaf_weight=195569728.20461786 1358601.0612170696 1530271.8547610044 975672.55518507957 1297367.9084773064 1155542.4019172192 1883189.9654252529 1385114.5192008018 3324745.6574707031 1388021.0721929073 1279804.3391467333 968916.14369893074 8773795.5627580881 1715485.0411384106 30963584.510789037
leaf_count=154760 1230 1288 934 1227 1106 2698 1583 2055 1588 2211 1761 12497 2193 42847
internal_value=3.34578e-05 -0.00167388 -0.000799301 0.00232411 -0.00299935 -0.00126657 9.05199e-05 0.00197421 0.00411984 0.00624226 3.21258e-05 0.00071085 -0.0073423 0.00125487
internal_weight=2.5357e+08 8.20065e+06 6.84204e+06 2.82764e+06 4.0144e+06 2.85886e+06 2.45369e+08 7.37769e+06 4.05294e+06 2.66783e+06 2.37992e+08 4.24218e+07 2.6844e+06 3.97374e+07
internal_count=229978 8483 7253 2515 4738 3632 221495 7437 5382 3799 214058 59298 3954 55344
cat_boundaries=0 1
cat_threshold=139
is_linear=0
shrinkage=0.03


Tree=321
num_leaves=15
num_cat=0
split_feature=11 11 10 1 14 10 12 13 9 9 11 12 11 11
split_gain=26947 81333.6 142917 69090.2 93504.7 68229.1 61032.1 53019.7 49356.2 44940 55318.6 50979.9 63378.3 55336
threshold=1.0069201742998883 1.0132613496646867 1.0368600691440639 7.5000000000000009 0.86231755333465665 1.022958258627247 0.99880713796770515 0.97754337759268506 73.500000000000014 62.500000000000007 1.0256949624400986 1.0130620951705351 1.022573638648314 1.019544107602844
decision_type=2 2 2 2 2 2 2 2 2 2 2 2 2 2
left_child=3 2 7 4 -1 8 -7 -2 -5 -3 11 12 13 -11
right_child=1 9 -4 5 -6 6 -8 -9 -10 10 -12 -13 -14 -15
leaf_value=0.00061606480339626893 8.1773799423076501e-05 -0.00058956918240835781 -0.0017169578210797321 0.0003540429819557912 -0.00031642423837610167 0.0001113168508540565 0.00087275447767355587 -0.00035234062775513296 1.5976914657203327e-05 7.1643786407479208e-05 -2.3196777976754588e-05 0.00028759138671756928 0.00032482361424169566 -0.00025686450667158857
leaf_weight=987466.04530394077 5412289.5561612844 1240586.6271275282 1521146.09694767 3327832.8928661346 6833165.4661235809 7020232.6643919945 3214188.805015564 6644231.6010900736 59748080.913665771 7299660.9283651114 128367381.71908319 10831960.405980706 4237308.023218751 6131592.6299803257
leaf_count=2972 4180 1018 985 1937 14647 4660 2755 5034 45640 6387 123139 9035 3125 4108
internal_value=-3.40336e-06 -0.000216315 -0.00244451 0.000447151 -0.00223324 0.000733091 0.00300517 -0.00135125 0.000364433 -2.49669e-05 2.00118e-05 0.00121562 0.000222172 -0.000787029
internal_weight=2.52817e+08 1.71686e+08 1.35777e+07 8.1131e+07 7.82063e+06 7.33103e+07 1.02344e+07 1.20565e+07 6.30759e+07 1.58108e+08 1.56868e+08 2.85005e+07 1.76686e+07 1.34313e+07
internal_count=229622 157011 10199 72611 17619 54992 7415 9214 47577 146812 145794 22655 13620 10495
is_linear=0
shrinkage=0.03


Tree=322
num_leaves=15
num_cat=0
split_feature=11 11 11 1 12 12 12 12 9 11 13 10 10 12
split_gain=32602.4 94248.2 64557.8 53008 70647.8 52445.2 87133.7 128727 57590.7 80549.7 50168.1 45339.6 61626.9 52739.8
threshold=1.0256949624400986 1.0246391602897307 1.0343628699069174 19.500000000000004 0.99947707111996298 1.0253180588473227 1.019141366626745 1.0160145315503237 75.500000000000014 1.0311932712351803 0.99892094208361426 1.1494611397626895 1.0395588043783788 1.0556393429599884
decision_type=2 2 2 2 2 2 2 2 2 2 2 2 2 2
left_child=1 10 5 -4 -5 6 7 8 -2 -10 -1 12 -6 -14
right_child=2 -3 3 4 11 -7 -8 -9 9 -11 -12 -13 13 -15
leaf_value=7.7659380879547217e-05 -0.00066778321148786891 0.00099129041853145833 1.617836049380395e-05 0.0012509696517050031 0.0003262945696747468 0.00012432087117848496 -0.00079547813884068294 0.00063794542216268632 3.2644003833047779e-05 -0.0005961382107764478 -4.2203187807950305e-05 3.4825671248439664e-05 -0.0011009579826660751 -0.00020664914145303829
leaf_weight=70975798.030912638 1470962.5336681604 1171120.9986103773 100902848.51000631 692352.14843845367 1100484.8695044518 3120196.9763290882 4413712.3497717381 1827211.9732325077 5542256.7033658028 2359343.2758427858 51857593.209711671 2673020.7881231308 3647583.1839168072 1723677.4400966167
leaf_count=59063 1342 991 88076 1312 2436 2356 3381 1437 4836 1955 45810 6559 6521 3878
internal_value=1.62322e-05 0.000363887 -0.000316737 -4.12099e-05 -0.00214333 -0.00194545 -0.00265504 -0.00124814 -0.00266824 -0.0016536 0.00028313 -0.00284287 -0.00420045 -0.00552555
internal_weight=2.53478e+08 1.24005e+08 1.29474e+08 1.1074e+08 9.83712e+06 1.87337e+07 1.56135e+07 1.11998e+07 9.37256e+06 7.9016e+06 1.22833e+08 9.14477e+06 6.47175e+06 5.37126e+06
internal_count=229953 105864 124089 108782 20706 15307 12951 9570 8133 6791 104873 19394 12835 10399
is_linear=0
shrinkage=0.03


Tree=323
num_leaves=15
num_cat=2
split_feature=4 1 2 14 0 14 0 1 11 11 1 1 12 2
split_gain=19088.4 120442 149368 64171.9 31467.5 26371.9 101664 57709.8 49618.5 23543.7 74684.9 55254.6 48667.7 106591
threshold=1.0000000180025095e-35 12.500000000000002 4.5000000000000009 1.4372456528456439 0 1.174808221309416 1 18.500000000000004 0.86137251788604408 0.99217020718281967 19.500000000000004 21.500000000000004 0.99549366363837055 4.5000000000000009
decision_type=2 2 2 2 1 2 1 2 2 2 2 2 2 2
left_child=5 4 3 -3 -2 9 7 -7 -8 10 -1 12 13 -11
right_child=1 2 -4 -5 -6 6 8 -9 -10 11 -12 -13 -14 -15
leaf_value=2.8044991670550636e-05 -0.00056724081620718983 -0.0022049222843758634 0.0015332380604984107 0.00015702253946937622 -0.0022909598003071972 0.0078141862784145439 -0.0053110144099140976 0.00023018496345876611 0.0001525246149738098 -4.5277923737370016e-05 0.00073946635754937795 -0.00069064203205839608 1.5086211777602944e-05 -0.0014888780243870828
leaf_weight=47318479.388097286 740613.14001607895 755297.56871986389 1071931.1577563286 1379892.0770120621 998383.1403516531 518172.59792637825 200427.32743442059 314362.87937927246 1399677.7029100657 12781423.39885819 4367334.6883020401 3911938.1896636486 175547533.27829325 2415183.7126648426
leaf_count=35962 1682 942 1351 1963 2151 2157 991 559 10368 8075 8035 14828 137903 3049
internal_value=8.85914e-05 -0.00175685 0.00169039 -0.00289692 -0.00811435 0.000125282 0.00323355 0.0117358 -0.00119026 9.45879e-05 0.000663752 -5.65388e-05 1.5845e-05 -0.00161285
internal_weight=2.53721e+08 4.94612e+06 3.20712e+06 2.13519e+06 1.739e+06 2.48775e+08 2.43264e+06 832535 1.60011e+06 2.46342e+08 5.16858e+07 1.94656e+08 1.90744e+08 1.51966e+07
internal_count=230016 8089 4256 2905 3833 221927 14075 2716 11359 207852 43997 163855 149027 11124
cat_boundaries=0 1 2
cat_threshold=402 20
is_linear=0
shrinkage=0.03


Tree=324
num_leaves=15
num_cat=4
split_feature=16 14 12 0 16 9 0 0 1 9 16 9 0 9
split_gain=22485.4 51430.9 55443.3 107671 54520.6 97224.3 103185 82521.8 70792.8 66975.1 65586.7 49621.1 164568 209207
threshold=0.053981197135824027 0.72095687806170861 0.97665741464072364 0 0.04990669866214225 82.500000000000014 1 2 21.500000000000004 77.500000000000014 0.051683114612688437 82.500000000000014 3 77.500000000000014
decision_type=2 2 2 1 2 2 1 1 2 2 2 2 1 2
left_child=1 -1 3 -3 5 6 -4 -6 -8 -9 -11 12 13 -2
right_child=11 2 4 -5 7 -7 8 9 -10 10 -12 -13 -14 -15
leaf_value=-0.00067630401612400813 0.00018807908276079709 0.001262126161291227 -0.0012645603216986064 1.3656872579581296e-05 0.00088406488350247848 4.0692158209597498e-05 0.00013633949444133387 0.00055655749589636212 -0.0028165008765395419 0.0005168781009457765 -7.2372431212388256e-05 -2.8934186963809439e-05 -8.9991379210656541e-05 0.0011715933725658675
leaf_weight=1066511.8092398643 8111238.987146616 2027187.113894701 1988321.8404569626 3120987.3268694878 2541529.7690544128 29027190.538515806 2332413.9340757132 1992404.4878234863 389579.76160049438 1996800.9855804443 11317966.392150879 171005314.89061332 14195507.926147461 2264895.189003706
leaf_count=5761 6244 3487 3959 6719 2372 73312 5826 1132 1727 1646 6147 102646 6963 1932
internal_value=1.47645e-05 0.000534615 0.00065731 0.00362599 0.000361044 -0.000348341 -0.00434622 0.00170192 -0.000551255 0.00087072 0.00010309 -0.000138872 0.00112175 0.00399342
internal_weight=2.53378e+08 5.78009e+07 5.67344e+07 5.14817e+06 5.15862e+07 3.37375e+07 4.71032e+06 1.78487e+07 2.72199e+06 1.53072e+07 1.33148e+07 1.95577e+08 2.45716e+07 1.03761e+07
internal_count=229873 112088 106327 10206 96121 84824 11512 11297 7553 8925 7793 117785 15139 8176
cat_boundaries=0 1 2 3 4
cat_threshold=89 76 386 426
is_linear=0
shrinkage=0.03


Tree=325
num_leaves=15
num_cat=2
split_feature=14 0 14 2 16 9 16 12 12 14 4 12 14 0
split_gain=21572.4 67096.6 87440.5 38976.1 77026.7 45319.5 38469.8 42707.5 51833.1 38356.3 37498.8 26983 25764.9 25247.7
threshold=1.0604659230057003 0 2.3082362745503464 4.5000000000000009 0.071153064298229721 86.500000000000014 0.026175786713917553 0.99549366363837055 1.0051969303918387 1.1319402910459286 1.0000000180025095e-35 1.0659909429752294 1.201890587221792 1
decision_type=2 1 2 2 2 2 2 2 2 2 2 2 2 1
left_child=13 2 3 5 -5 -2 10 9 -9 -8 -3 -10 -7 -1
right_child=1 6 -4 4 -6 12 7 8 11 -11 -12 -13 -14 -15
leaf_value=0.00011472100214653142 0.00081269482563543956 0.00049109956546055777 0.040936987745218721 0.00012052094572763228 0.0022809115336175452 0.00021683964405164616 -7.1125740965718016e-05 0.00050729028112776471 -0.00013986908366454132 -0.0014275457280185525 0.0044984595472148123 0.00033105348368786346 -0.0011058803598403206 -1.6160460720175312e-05
leaf_weight=17902311.033470035 459324.57777011395 2042747.4929350615 425621.29733979702 865525.17208623886 700503.17318725586 2771880.6567821503 2263633.6360931396 1489110.8463745117 9612015.6431303024 1739894.5979309082 210481.62200307846 1682694.4533058405 624451.04054796696 210232467.45593274
leaf_count=20189 1081 14763 2055 3057 799 5063 1777 1233 7446 1960 1170 1853 2425 164508
internal_value=1.31424e-05 0.000851815 0.00366267 0.00263479 0.00662599 0.00101372 -1.1394e-05 -0.000505424 0.000341362 -0.00320933 0.0036693 -0.000352257 -0.000182391 -7.83508e-05
internal_weight=2.53023e+08 2.48879e+07 5.84731e+06 5.42168e+06 1.56603e+06 3.85566e+06 1.90406e+07 1.67873e+07 1.27838e+07 4.00353e+06 2.25323e+06 1.12947e+07 3.39633e+06 2.28135e+08
internal_count=229379 44682 14480 12425 3856 8569 30202 14269 10532 3737 15933 9299 7488 184697
cat_boundaries=0 1 2
cat_threshold=176 64
is_linear=0
shrinkage=0.03


Tree=326
num_leaves=15
num_cat=4
split_feature=14 0 1 12 2 13 13 2 2 0 0 14 11 0
split_gain=21310.2 68466 74813.9 63957.1 74301.3 38493 38271.1 63021.1 62764.2 79753.2 72665.9 62234.5 91487.9 79191.2
threshold=1.0585095856346838 0 10.500000000000002 1.0182782321369752 3.5000000000000004 1.2749234009508783 0.97157542957146681 3.5000000000000004 1.5000000000000002 1 2 0.78731752453106718 0.97444208477667915 3
decision_type=2 1 2 2 2 2 2 2 2 1 1 2 2 1
left_child=5 2 -2 4 -4 6 7 8 9 -1 -10 12 -9 -14
right_child=1 -3 3 -5 -6 -7 -8 11 10 -11 -12 -13 13 -15
leaf_value=0.00010782900931380187 -0.00027379639515602539 -7.7759722133809332e-05 0.00046275591374620031 0.00023260943731005619 0.0024225865741276126 0.0009315678809652645 -4.5635524474686269e-05 0.00033872612017783917 0.00023551124588662556 -0.00016886428990707991 2.169807500594862e-06 -2.2276844629180275e-05 -0.00028221199991150357 -0.0012329621189661887
leaf_weight=19441783.474281073 2514085.0452035666 15128232.402819753 1734102.8488602638 4735054.8849916458 1652566.2819299698 1338705.8662033081 125243020.39536214 1307164.8748570681 18586731.174935222 18452270.535735726 12263018.494691849 27438339.350099802 2269038.4549263716 1376078.7424021959
leaf_count=12968 8119 25447 2482 6955 2561 3736 90973 1174 13432 17341 10191 29579 2574 2372
internal_value=-1.81698e-06 0.000815956 0.00266038 0.00406027 0.00720814 -9.43407e-05 -0.000124335 0.000309742 0.000823795 5.89378e-06 0.00182846 -0.000781251 -0.00387655 -0.00631835
internal_weight=2.5348e+08 2.5764e+07 1.06358e+07 8.12172e+06 3.38667e+06 2.27716e+08 2.26377e+08 1.01134e+08 6.87438e+07 3.78941e+07 3.08497e+07 3.23906e+07 4.95228e+06 3.64512e+06
internal_count=229904 45564 20117 11998 5043 184340 180604 89631 53932 30309 23623 35699 6120 4946
cat_boundaries=0 1 2 3 4
cat_threshold=178 340 151 78
is_linear=0
shrinkage=0.03


Tree=327
num_leaves=15
num_cat=2
split_feature=11 12 12 0 16 14 13 14 12 1 0 16 16 13
split_gain=25828.6 56970.6 44669.5 43178.1 52694.8 30868.4 32244.9 51478.9 52534.6 116721 94046.9 48927.7 45724.4 68049.4
threshold=1.1818563742125845 1.1215458779551306 1.1097545981130041 0 0.083647491849291669 0.63266162658402714 0.98497142004174687 0.88781725287033697 1.0051969303918387 8.5000000000000018 1 0.033755858039455959 0.089869429603364012 0.87928935070178615
decision_type=2 2 2 1 2 2 2 2 2 2 1 2 2 2
left_child=1 2 5 -3 -5 -1 11 8 -8 -10 -11 -7 -13 -14
right_child=-2 3 -4 4 -6 6 7 -9 9 10 -12 12 13 -15
leaf_value=-0.00035619654160602281 -0.00015321133974620808 0.0010552710567134941 -0.00025268348077276808 0.00032694546725695506 -0.00044445683462481986 -0.00027071322710999147 0.00058066876536578627 -4.6681600508762212e-05 0.00065520144364519556 -0.00096013689520040794 0.00035157678129306365 8.3199386882571214e-05 0.00010472570374146771 -0.00021321113103982601
leaf_weight=2036583.1290023327 11754875.988348603 1302204.7118684053 2893870.0372412205 5246782.4448155165 1429682.4166870117 8097229.1818854809 1898657.4161990881 116149838.99561405 1094413.3723597527 1070325.5235285759 1568831.2872843742 87135622.187683821 4247147.4711894989 8147902.6653137207
leaf_count=4491 12256 2218 1941 5063 636 31738 1974 101816 1296 980 1563 58613 2087 3560
internal_value=-4.05247e-06 6.25678e-05 -2.231e-05 0.0025555 0.00158083 2.40045e-05 5.66481e-05 -0.000277713 0.00252329 0.000457125 -0.00295867 0.000434982 0.000617424 -0.00108744
internal_weight=2.54074e+08 2.42319e+08 2.3434e+08 7.97867e+06 6.67646e+06 2.31447e+08 2.2941e+08 1.21782e+08 5.63223e+06 3.73357e+06 2.63916e+06 1.07628e+08 9.95307e+07 1.23951e+07
internal_count=230232 217976 210059 7917 5699 208118 203627 107629 5813 3839 2543 95998 64260 5647
cat_boundaries=0 1 2
cat_threshold=96 56
is_linear=0
shrinkage=0.03


Tree=328
num_leaves=15
num_cat=3
split_feature=12 13 11 0 0 11 12 1 2 1 2 1 9 0
split_gain=27166 77112.1 64330.2 191900 150446 105766 92799.4 128850 117897 119254 115821 90565.9 91024.6 123493
threshold=1.0051969303918387 0.56617079247711499 1.0142450752632377 0 1 0.9569913468292458 1.0483975785225208 8.5000000000000018 4.5000000000000009 16.500000000000004 1.0000000180025095e-35 19.500000000000004 74.500000000000014 2
decision_type=2 2 2 1 1 2 2 2 2 2 2 2 2 1
left_child=-1 -2 4 6 5 -3 7 -4 9 -9 -8 12 13 -5
right_child=1 2 3 11 -6 -7 10 8 -10 -11 -12 -13 -14 -15
leaf_value=3.8774132154013751e-05 0.00044525651431743813 0.00046304808064119172 0.00024069214701861498 0.00064544965141576593 -0.00063941357078774229 -0.00012452117552210905 -0.0012347895415677544 -0.0010039938708862187 0.0001133849563344702 -0.00034323590092356497 0.00023962706390096589 -0.000314258446476756 0.00010469022727679568 -0.00029035893179255316
leaf_weight=93039919.69370997 1848519.6628137827 3530416.4506505728 2943715.8107011318 1507573.8512067795 9853155.8896996975 13321351.588120103 1185122.4771809578 6173726.6573181152 2346917.6080799103 3997206.809138298 6029329.362770915 9630052.8272335529 88898505.4112041 8766235.8086898327
leaf_count=78812 5654 3460 3573 1184 9316 11215 1184 3653 2531 3077 7063 19254 72486 6994
internal_value=2.15564e-05 -0.000215441 -0.00028663 -1.39729e-05 -0.00162902 9.27684e-05 -0.00252452 -0.00383546 -0.00516353 -0.00656207 0.000285024 0.000509262 0.000778976 -0.00189457
internal_weight=2.53072e+08 1.60032e+08 1.58183e+08 1.31478e+08 2.67049e+07 1.68518e+07 2.2676e+07 1.54616e+07 1.25179e+07 1.01709e+07 7.21445e+06 1.08802e+08 9.91723e+07 1.02738e+07
internal_count=229456 150644 144990 120999 23991 14675 21081 12834 9261 6730 8247 99918 80664 8178
cat_boundaries=0 1 2 3
cat_threshold=136 155 256
is_linear=0
shrinkage=0.03


Tree=329
num_leaves=15
num_cat=0
split_feature=10 11 1 14 13 11 12 16 14 13 12 10 12 14
split_gain=18898 35434.9 81843.4 35077.9 93318.1 31183.3 37912.8 33972.5 30082.6 44356.7 53293.3 75194 39453.5 29310.6
threshold=0.79976984507662452 0.9569913468292458 19.500000000000004 0.88781725287033697 0.81348498162052352 0.81558126065163716 0.91908275567921338 0.064451335422158862 0.9169296688441525 0.92916060168568482 1.017769022820241 0.88656517134269841 0.98609395010972944 0.68562408060802593
decision_type=2 2 2 2 2 2 2 2 2 2 2 2 2 2
left_child=5 2 3 4 -2 6 -1 -7 -5 12 11 -11 -10 -3
right_child=1 13 -4 8 -6 7 -8 -9 9 10 -12 -13 -14 -15
leaf_value=0.00040164419627087595 -8.6341549194139193e-07 -0.00029145505594955129 0.0012741690797579855 -0.00033404054301473357 0.00083895375710295219 -4.0736451771881973e-05 -0.00033833007088367102 -0.00049114541318734492 0.00049096068915396732 -0.00057345151966557359 0.00040384363745943195 2.2635777130645235e-05 -7.202380484015894e-05 1.6820471253923153e-06
leaf_weight=2016485.5962660313 3651020.898424387 4644008.7291059494 2011738.2478847504 1424330.8425153494 1575356.2938987017 3140033.7722182274 1188343.6994435787 3332300.8735046387 2497901.4564325809 2455334.5684205294 1579949.5688753128 4955105.0551505089 2049137.1277800798 217255278.23469067
leaf_count=2429 2596 7131 3507 936 1250 4534 1218 2164 2076 1879 1398 3464 1560 193884
internal_value=2.88404e-05 8.03863e-05 0.00122315 0.00064814 0.00276397 -0.00127137 0.00114875 -0.00246971 -9.09528e-05 0.000345387 -0.000875871 -0.00194239 0.00276006 -3.39413e-05
internal_weight=2.53776e+08 2.44099e+08 2.21999e+07 2.01881e+07 5.22638e+06 9.67716e+06 3.20483e+06 6.47233e+06 1.49618e+07 1.35374e+07 8.99039e+06 7.41044e+06 4.54704e+06 2.21899e+08
internal_count=230026 219681 18666 15159 3846 10345 3647 6698 11313 10377 6741 5343 3636 201015
is_linear=0
shrinkage=0.03


Tree=330
num_leaves=15
num_cat=2
split_feature=12 12 0 12 12 12 10 12 16 11 12 1 0 16
split_gain=23622.6 68231.3 55878 142873 84486.5 113698 99720.2 88433 73625.3 64010.7 101548 62793.2 96466.2 76927.3
threshold=1.0051969303918387 1.0047066218812479 0 1.0022632125571322 1.0017672621402147 1.0004275174568331 1.021303743850827 1.0020641799475636 0.084490063981975255 0.96562958517018271 0.9353060627559534 17.500000000000004 1 0.078152467936967049
decision_type=2 2 1 2 2 2 2 2 2 2 2 2 1 2
left_child=1 2 3 8 5 9 -6 -8 -1 10 -4 13 -13 -11
right_child=-2 -3 4 -5 6 -7 7 -9 -10 11 -12 12 -14 -15
leaf_value=0.00014288663398272296 -2.1518105078457586e-05 0.00024584074112692035 -0.00063054770854045024 0.00086780316610947773 -0.00063002449812166465 0.00047193351440509877 -0.00048406007809110641 0.00024402165042213651 -0.00032553048981077807 -0.00031521178434496379 0.00019122559514987987 0.00037621966468059427 -0.00077892653205937214 4.3304876615790032e-05
leaf_weight=24066472.491409421 160161087.37709129 6140996.0205336809 2280913.3512948751 3048385.2391167879 5382254.6039835215 3124277.3643016815 1885453.050983429 3913396.8516298532 4856014.2695922852 12355860.308273077 15263659.856018424 3970803.6825370789 1502758.5767822266 5427142.3495788574
leaf_count=28616 150541 4126 2335 3181 3205 1776 1194 2739 2820 9983 11766 2638 2102 2428
internal_value=-2.81213e-06 0.000376876 0.000161336 0.00115907 -0.000417512 0.000175137 -0.00274576 -1.62671e-05 0.000507984 -0.000247218 0.00112087 -0.00127929 0.00153049 -0.00214413
internal_weight=2.53379e+08 9.32184e+07 8.70774e+07 3.19709e+07 5.51065e+07 4.39254e+07 1.11811e+07 5.79885e+06 2.89225e+07 4.08011e+07 1.75446e+07 2.32566e+07 5.47356e+06 1.7783e+07
internal_count=229450 78909 74783 34617 40166 33028 7138 3933 31436 31252 14101 17151 4740 12411
cat_boundaries=0 1 2
cat_threshold=234 20
is_linear=0
shrinkage=0.03


Tree=331
num_leaves=15
num_cat=0
split_feature=10 1 13 12 1 14 16 14 1 3 11 13 16 16
split_gain=18343.7 19292.6 56546.8 34873 31218.1 442906 80609.6 76409 148115 106561 81290.8 74040.8 66077.2 62588.4
threshold=0.68171730937635744 6.5000000000000009 0.90152251779156278 0.98069331508495938 8.5000000000000018 0.89729520766646598 0.090568376962788785 0.92021932771623483 12.500000000000002 1.0000000180025095e-35 1.0165661152875569 0.98302610307216298 0.053394880302814023 0.074968366837205772
decision_type=2 2 2 2 2 2 2 2 2 2 2 2 2 2
left_child=-1 2 -2 -4 5 6 -3 8 12 -10 -11 -9 -6 -12
right_child=1 4 3 -5 7 -7 -8 11 9 10 13 -13 -14 -15
leaf_value=-0.00039301703060516663 -0.00088184316368871861 0.0010355689530336396 0.00069043811192541341 -8.162069761266213e-05 8.098378341533035e-05 -6.3210462730820552e-05 0.00016572019601846053 0.00011362113442156164 0.00012396189192729172 7.405791452824217e-05 -0.00022392796364717097 -2.4111967638463459e-05 -0.00041116918773006226 -0.00094728640474074123
leaf_weight=1188941.559194088 1730277.0278512239 4144133.5772314072 635701.69433140755 6723708.2343320847 2855812.2846853733 29528258.527181149 3156433.600402832 57841575.367791891 22659100.878198624 4858365.3624889851 3282235.7565963268 99019969.704861641 13000904.157737732 3114917.2594394684
leaf_count=934 14688 2679 2710 27149 2802 17704 1297 46492 17281 3918 3975 77185 8896 2350
internal_value=5.33685e-06 2.28383e-05 -0.00133417 -0.000186843 7.35025e-05 0.000878167 0.0074946 -6.99153e-05 -0.00109406 2.49752e-05 -0.002361 0.000255041 -0.00348748 -0.00458283
internal_weight=2.5374e+08 2.52551e+08 9.08969e+06 7.35941e+06 2.43462e+08 3.68288e+07 7.30057e+06 2.06633e+08 4.97713e+07 3.39146e+07 1.12555e+07 1.56862e+08 1.58567e+07 6.39715e+06
internal_count=230060 229126 44547 29859 184579 21680 3976 162899 39222 27524 10243 123677 11698 6325
is_linear=0
shrinkage=0.03


Tree=332
num_leaves=15
num_cat=5
split_feature=9 0 16 16 9 9 0 9 0 2 9 12 0 0
split_gain=19965 122498 172284 127685 47092.3 33235.5 92045.3 28978.3 237802 187803 129698 131553 76304.3 52697.5
threshold=68.500000000000014 0 0.059517642350344541 0.04990669866214225 64.500000000000014 63.500000000000007 1 79.500000000000014 2 3.5000000000000004 69.500000000000014 1.014071375735178 3 4
decision_type=2 1 2 2 2 2 1 2 1 2 2 2 1 1
left_child=1 5 3 -3 -4 -1 -7 8 9 -2 -10 -12 -13 -9
right_child=7 2 4 -5 -6 6 -8 13 10 -11 11 12 -14 -15
leaf_value=0.0004656816860093341 -4.0072700380588986e-05 -0.00062539611876668698 -0.0010266739081333251 0.00086367275514836973 -0.00037484139106959695 0.00055448168556507618 -0.00046131477263336565 5.6979059277259253e-05 0.0010549631257881819 -0.0017836722456343551 -0.00010418920567612914 0.00056662128683117839 0.00024783097341248743 -3.8953458861478997e-05
leaf_weight=1799414.7977616787 2820215.5420086384 796507.74195051193 1811047.1079101562 1185352.8969421387 1914636.4870910645 1642231.6773124933 1714908.7239980698 104880522.81222641 1426066.2224974632 1402225.1981929541 5495833.0393303633 2846507.3363565207 3835476.0517382622 119828668.48275805
leaf_count=1319 2111 2203 1014 796 1341 1512 1546 112448 1168 1326 3996 2353 4506 92117
internal_value=2.18672e-05 -0.00123631 -0.00426423 0.00288214 -0.00806572 0.00211515 0.00035186 7.8226e-05 0.00124248 -0.0049769 0.00317289 0.00217049 0.00499831 -1.41354e-05
internal_weight=2.534e+08 1.08641e+07 5.70754e+06 1.98186e+06 3.72568e+06 5.15656e+06 3.35714e+06 2.42536e+08 1.78263e+07 4.22244e+06 1.36039e+07 1.21778e+07 6.68198e+06 2.24709e+08
internal_count=229756 9731 5354 2999 2355 4377 3058 220025 15460 3437 12023 10855 6859 204565
cat_boundaries=0 1 2 3 4 5
cat_threshold=332 264 68 146 103
is_linear=0
shrinkage=0.03


Tree=333
num_leaves=15
num_cat=2
split_feature=11 10 13 12 11 0 16 14 16 14 12 12 0 12
split_gain=21408.6 24467.1 37885.9 84169.3 56595.6 60575.4 41306.8 49038 37459.4 41006.9 32565 67262.9 59919.9 37402.8
threshold=0.77700826205213713 0.82120607435980486 0.33625239732437012 0.99983437853173751 0.9569913468292458 0 0.081873569051569992 0.97930348573409465 0.054359088539022181 0.88781725287033697 0.9608647852025366 0.98344643590589009 1 1.0051969303918387
decision_type=2 2 2 2 2 1 2 2 2 2 2 2 1 2
left_child=-1 -2 3 -3 5 6 7 -4 -7 -10 12 -12 -6 -13
right_child=1 2 4 -5 10 8 -8 -9 9 -11 11 13 -14 -15
leaf_value=0.0003084967284813125 -0.00018555107134664533 -0.0027922552607449135 0.00034106347860895597 -0.019687125452380105 6.277201700359139e-06 0.00041780436977610663 0.00056893296068999356 -4.3609357959999989e-05 0.00025741256565911226 -0.00025597092658098479 -0.00034827320345620167 5.7901138730046765e-05 0.00050887749812430182 -2.516392377987156e-05
leaf_weight=2481242.6062999964 8910830.0129011869 904917.54593849182 3794670.344705224 465573.33391475677 3666266.9442125559 2769622.2138347626 1635271.4588012695 2951579.7232795954 2166846.0097045898 5930655.7344360352 5917983.7478654385 56292094.705265641 1660798.2905344963 153414976.23937559
leaf_count=2791 9472 1655 2985 3486 2695 4548 791 2877 1129 3294 4867 45921 1337 141702
internal_value=1.55957e-05 -1.18727e-05 4.5073e-05 -0.00492871 7.34514e-05 0.00163363 0.00354994 0.00251304 0.000155632 -0.000874468 -6.24664e-05 -0.000119712 0.00225468 -3.07017e-05
internal_weight=2.52963e+08 2.50482e+08 2.41571e+08 1.37049e+06 2.40201e+08 1.92486e+07 8.38152e+06 6.74625e+06 1.08671e+07 8.0975e+06 2.20952e+08 2.15625e+08 5.32707e+06 2.09707e+08
internal_count=229550 226759 217287 5141 212146 15624 6653 5862 8971 4423 196522 192490 4032 187623
cat_boundaries=0 1 2
cat_threshold=177 142
is_linear=0
shrinkage=0.03


Tree=334
num_leaves=15
num_cat=3
split_feature=10 3 0 0 11 14 16 10 0 2 16 1 2 9
split_gain=23166.3 43492.3 55127.4 46935.6 37887.2 36980.1 36061.1 35527.2 99484.6 114096 37868.3 44191 37239.9 72946.2
threshold=1.1925834006211711 2.5000000000000004 0 1 1.1475241188057654 0.94198353725915351 0.062141956110126045 1.1494611397626895 2 3.5000000000000004 0.083647491849291669 7.5000000000000009 2.5000000000000004 74.500000000000014
decision_type=2 2 1 1 2 2 2 2 1 2 2 2 2 2
left_child=7 3 -3 5 6 -2 -5 12 9 -9 11 -10 -1 -14
right_child=1 2 -4 4 -6 -7 -8 8 10 -11 -12 -13 13 -15
leaf_value=-3.3852134488308924e-05 -0.00013720910123050684 0.00029164132878663939 -0.0013298138620161154 0.00110558517185516 -6.1741395995087514e-05 -0.0010231486679041209 1.3949023547808837e-05 0.0014985001764482974 -0.00035869529329545251 -0.00023504375827199789 -0.00026540727004288796 0.00024356766255822484 -0.00020584761283253247 7.4126669171194559e-05
leaf_weight=112037444.90809798 1619426.8297691345 533253.85577666759 1043835.7033042908 1105548.8615978956 10640815.828308702 1253985.0280370712 1409948.6878967285 1393305.6720981598 1160819.4919217825 753755.48924255371 2359313.8984841108 7910401.9409714937 9712418.5955659151 100506809.28090763
leaf_count=84875 1720 1350 1833 2269 10797 1553 1166 1619 2654 1253 1194 7252 9474 100858
internal_value=1.85723e-05 -0.00103115 -0.00578474 -0.000563465 0.000195187 -0.00403704 0.00350631 9.69419e-05 0.00158669 0.00751182 0.000473738 0.00135435 5.93333e-06 0.00039745
internal_weight=2.53441e+08 1.76068e+07 1.57709e+06 1.60297e+07 1.31563e+07 2.87341e+06 2.5155e+06 2.35834e+08 1.35776e+07 2.14706e+06 1.14305e+07 9.07122e+06 2.22257e+08 1.10219e+08
internal_count=229867 20688 3183 17505 14232 3273 3435 209179 13972 2872 11100 9906 195207 110332
cat_boundaries=0 1 2 3
cat_threshold=105 64 64
is_linear=0
shrinkage=0.03


Tree=335
num_leaves=15
num_cat=4
split_feature=13 12 11 0 13 0 2 12 0 0 10 11 12 11
split_gain=25519.9 131906 74917.5 56138.3 33527.8 33124.2 27983.7 90945 145574 105264 109595 94003.9 123485 77818.6
threshold=0.56617079247711499 0.99947707111996298 0.91700597683295093 0 0.33625239732437012 1 4.5000000000000009 1.0336496147759966 2 3 1.1169990994049293 1.0507163897489569 0.98986823442860816 1.0979770383013885
decision_type=2 2 2 1 2 1 2 2 1 1 2 2 2 2
left_child=1 2 5 -3 -4 -1 -2 8 11 10 -9 12 -8 -10
right_child=6 3 4 -5 -6 -7 7 9 13 -11 -12 -13 -14 -15
leaf_value=0.00060857641739195389 -7.3539554381106129e-06 0.00073018634921554588 -0.018083112897682219 -0.028361366825908899 -0.00032252228519886127 -4.6888939037999183e-05 -0.0019587031661039474 -0.0012048438500079262 0.00038640319447381905 0.00016092864071736346 -9.7407402963988726e-05 -0.0028981105850835929 0.0004211139868505605 -0.00086831500977148487
leaf_weight=1026006.2536298037 204633008.95122778 1046014.9010999203 731509.11448359489 835171.84186732769 635404.9854632616 1764338.4188348055 1563725.4540631771 2658618.1457468271 25540563.319989324 5896222.5568244457 3037384.5384731293 543358.45504653454 2704076.9953767061 987568.03486835957
leaf_count=1285 158909 1710 1266 4539 947 1544 3015 3716 29686 10397 4651 1183 5462 1454
internal_value=0.000114447 0.00204137 -0.000941285 0.00863279 -0.00669526 0.00187743 6.74469e-05 0.000763799 0.00160357 -0.0015065 -0.00441507 -0.0031976 -0.00170133 0.00247431
internal_weight=2.53603e+08 6.03845e+06 4.15726e+06 1.88119e+06 1.36691e+06 2.79034e+06 2.47565e+08 4.29315e+07 3.13393e+07 1.15922e+07 5.696e+06 4.81116e+06 4.2678e+06 2.65281e+07
internal_count=229764 11291 5042 6249 2213 2829 218473 59564 40800 18764 8367 9660 8477 31140
cat_boundaries=0 1 2 3 4
cat_threshold=26 292 257 70
is_linear=0
shrinkage=0.03


Tree=336
num_leaves=15
num_cat=0
split_feature=13 12 13 11 12 11 11 2 1 2 14 11 16 12
split_gain=55087.3 224133 68068.6 65451.4 39846.1 59865 77924.7 64380.2 58248 89375.7 120510 76432.8 94974.3 58603.2
threshold=0.56617079247711499 0.99947707111996298 0.33625239732437012 0.91700597683295093 1.0051969303918387 1.0142450752632377 0.9569913468292458 2.5000000000000004 17.500000000000004 4.5000000000000009 0.87158761711986699 1.0979770383013885 0.078692716538974555 1.0294283446165053
decision_type=2 2 2 2 2 2 2 2 2 2 2 2 2 2
left_child=1 3 -3 -1 -2 6 7 -6 9 13 -11 -12 -13 -7
right_child=4 2 -4 -5 5 8 -8 -9 -10 10 11 12 -14 -15
leaf_value=0.00014564678572069335 4.3430884982843195e-05 0.0013220199957557849 0.00070321224023634627 -0.0013992717073458959 -0.00011124462435914966 -9.0172727182087037e-05 -0.00029015601276954867 0.00079729585950764328 -0.00014389983796855898 -0.00060104017918623904 0.00059008226255244411 0.0004593071848829 -0.00071630472840301278 4.6364733480522113e-05
leaf_weight=2828739.2776411772 88808305.84339869 537549.08757507801 1355308.2223283052 1322653.2641506195 3265669.3682153225 36462679.526572585 21353195.166681647 2135035.0883201361 30941870.515641928 1854392.6589717865 10416596.307165861 2894301.704716444 2213655.8952231407 46828499.349287271
leaf_count=2850 73204 3643 2636 2215 2363 25670 18843 2851 35014 2880 12902 5508 2121 37118
internal_value=4.52518e-05 0.00287488 0.0114303 -0.00102602 -2.39423e-05 -0.000309181 -0.00160287 0.0016165 -4.6201e-05 0.000303693 0.00226059 0.00312399 0.000117978 -0.000104619
internal_weight=2.53218e+08 6.04425e+06 1.89286e+06 4.15139e+06 2.47174e+08 1.58366e+08 2.67539e+07 5.4007e+06 1.31612e+08 1.0067e+08 1.73789e+07 1.55246e+07 5.10796e+06 8.32912e+07
internal_count=229818 11344 6279 5065 218474 145270 24057 5214 121213 86199 23411 20531 7629 62788
is_linear=0
shrinkage=0.03


Tree=337
num_leaves=15
num_cat=0
split_feature=13 12 11 13 14 2 9 12 12 14 11 1 9 9
split_gain=62106.1 254107 55475.7 53752.3 33217.8 21982.5 181085 99962.7 162207 138340 108045 110293 103090 89914.9
threshold=0.56617079247711499 0.99983437853173751 0.92167517421559297 0.33625239732437012 0.82298220553740553 4.5000000000000009 74.500000000000014 1.019141366626745 0.99493778713559811 0.91844692773713521 1.0142450752632377 17.500000000000004 87.500000000000014 89.500000000000014
decision_type=2 2 2 2 2 2 2 2 2 2 2 2 2 2
left_child=1 2 -1 -3 -4 -2 -7 8 -8 -9 -11 12 -12 -13
right_child=5 3 4 -5 -6 6 7 9 -10 10 11 13 -14 -15
leaf_value=8.974556014126577e-05 -1.3952248187498073e-05 -0.018581599695905976 -0.0032091095802900351 0.00070325743471415117 -0.00049769715082828743 -0.00074896460498432497 -0.00023441249351751034 -0.00081799350396361242 0.00056873492821686176 -0.0013301132425990027 0.0012859041211805567 -0.0015731789012717581 0.00024292591938212852 -7.585020004963292e-05
leaf_weight=2878894.2395979166 204300980.27831817 526209.32412075996 760344.06797420979 1376620.9336874485 634360.62246882915 2651460.2311794758 7304359.3530541658 3047564.1149432659 14604256.049145222 1777439.3607087135 1181759.8262047768 776991.92536449432 8911705.0353057384 2731970.5153360367
leaf_count=2913 158549 3618 1309 2629 1000 3676 10802 4790 18589 2728 1555 1259 11636 4743
internal_value=4.37851e-05 0.00301519 -0.00104516 0.0121344 -0.0059559 -3.04307e-05 0.000586195 0.00108541 0.00245509 -0.000543019 0.000614059 0.001523 0.00311579 -0.0030586
internal_weight=2.53465e+08 6.17643e+06 4.2736e+06 1.90283e+06 1.3947e+06 2.47288e+08 4.29875e+07 4.0336e+07 2.19086e+07 1.84274e+07 1.53799e+07 1.36024e+07 1.00935e+07 3.50896e+06
internal_count=229796 11469 5222 6247 2309 218327 59778 56102 29391 26711 21921 19193 13191 6002
is_linear=0
shrinkage=0.03


Tree=338
num_leaves=15
num_cat=3
split_feature=13 12 13 11 14 0 2 12 0 0 11 2 14 4
split_gain=60105.1 254492 72401.6 54462.3 79246.7 34614 20278.2 90341.6 121073 104596 90988.1 88505.8 85011.2 78981.7
threshold=0.56617079247711499 1.0147104157921063 0.33625239732437012 0.91700597683295093 0.85509778858906105 0 4.5000000000000009 1.0336496147759966 1 2 1.0957219423535587 5.5000000000000009 1.0727458363547593 1.0000000180025095e-35
decision_type=2 2 2 2 2 1 2 2 1 1 2 2 2 2
left_child=1 3 -3 5 -5 -1 13 8 -8 10 -9 -11 -10 -2
right_child=6 2 -4 4 -6 -7 7 9 12 11 -12 -13 -14 -15
leaf_value=0.00046317275070158621 -4.328691761230253e-06 0.0017461740065441403 0.00081293500310451803 -0.0025772491936975404 -0.0002725430829059804 -0.00014816219891276334 -0.00057518183012992402 -0.0011605440178427317 0.00023905964709810537 0.0005283166180364531 -0.00026015694544849547 -0.00034515367490630967 0.001456565661876498 -0.0010797545095772311
leaf_weight=1469016.8367031813 200998126.91578233 468437.49391555786 1187914.6347056627 1080053.2266101837 428569.74152803421 1533841.4577975273 4789645.1499944925 2239825.340631485 23987653.535708308 3253862.0404251814 3492433.2146698236 2783808.7381144762 2297954.0368641615 3328770.637639761
leaf_count=1691 153445 2660 1979 2235 1530 1261 9541 3028 25540 5305 5361 5205 5515 5261
internal_value=7.36137e-05 0.00299883 0.013056 -0.000693571 -0.00534393 0.00164275 6.18992e-07 0.000594019 0.00144182 -0.00164436 -0.0045468 0.00111126 0.00224116 -0.000123811
internal_weight=2.5334e+08 6.16783e+06 1.65635e+06 4.51148e+06 1.50862e+06 3.00286e+06 2.47172e+08 4.28452e+07 3.10753e+07 1.17699e+07 5.73226e+06 6.03767e+06 2.62856e+07 2.04327e+08
internal_count=229557 11356 4639 6717 3765 2952 218201 59495 40596 18899 8389 10510 31055 158706
cat_boundaries=0 1 2 3
cat_threshold=436 257 70
is_linear=0
shrinkage=0.03


Tree=339
num_leaves=15
num_cat=4
split_feature=2 0 16 16 12 10 14 12 0 16 2 0 12 0
split_gain=21653.7 69768.3 58591.1 45354.6 48969 37990.4 66490.2 120635 66669.8 72072.3 57394 50591.4 41729.9 39296.1
threshold=1.0000000180025095e-35 0 0.060299446688428633 0.053981197135824027 1.0082616987134958 0.97119576682951958 0.8746455374800175 0.99907259255046421 1 0.04490981942762768 2.5000000000000004 2 0.98305573952904635 3
decision_type=2 1 2 2 2 2 2 2 1 2 2 1 2 1
left_child=1 -1 3 4 -3 6 7 -2 -8 11 12 -10 -11 -12
right_child=5 2 -4 -5 -6 -7 8 -9 9 10 13 -13 -14 -15
leaf_value=-0.00043305813336939392 0.00012186010265772108 0.00024178235758014609 9.7523681440794032e-05 -0.00025115667335363944 -0.00022519887635083375 7.8490745641038323e-06 0.00045664343940275893 0.00082852829473819417 0.0014005393349132045 0.00027838060206584065 -0.0007755334865653643 0.00040936724227266027 -9.3791995201189304e-05 -0.00019576974358918067
leaf_weight=7015834.0974851847 4505979.4515026808 3878389.820723176 21738590.162994385 6326596.3027648926 4519130.3290452957 181007186.93091595 6440516.9930917025 1939966.2846844196 518553.66723585129 2417997.0183105469 2908706.3170013428 2009345.2359187603 3887986.7866210938 4161721.4145965576
leaf_count=7401 3689 5502 10121 3614 7453 166841 8768 1529 960 1236 1347 5847 1794 3818
internal_value=0.000103591 -0.00050574 2.1403e-05 -0.00143981 5.38617e-06 0.000229868 0.0012421 0.00392632 0.000467764 -0.000575035 -0.00145296 0.00407052 0.000627842 -0.00330879
internal_weight=2.53277e+08 4.34785e+07 3.64627e+07 1.47241e+07 8.39752e+06 2.09798e+08 2.87908e+07 6.44595e+06 2.23448e+07 1.59043e+07 1.33764e+07 2.5279e+06 6.30598e+06 7.07043e+06
internal_count=229920 34091 26690 16569 12955 195829 28988 5218 23770 15002 8195 6807 3030 5165
cat_boundaries=0 1 2 3 4
cat_threshold=130 131 8 24
is_linear=0
shrinkage=0.03


Tree=340
num_leaves=15
num_cat=3
split_feature=13 12 13 11 0 12 10 11 0 12 1 11 1 0
split_gain=66242.4 192674 126753 40431 39026.2 32168.6 25471.1 46678.5 43722.2 37260 33954.1 33898.7 81622 69834.4
threshold=0.56617079247711499 0.99983437853173751 0.33625239732437012 0.91700597683295093 0 1.0203119929770657 0.82120607435980486 0.81558126065163716 1 0.96462961323702578 10.500000000000002 0.93935367065657471 17.500000000000004 2
decision_type=2 2 2 2 1 2 2 2 1 2 2 2 2 1
left_child=1 3 -3 4 -1 -4 7 8 -2 -9 -11 12 -8 -14
right_child=6 2 5 -5 -6 -7 11 9 -10 10 -12 -13 13 -15
leaf_value=0.00061866198919096835 0.00062574202504840691 0.0016854089162166165 -6.4406188276422242e-06 -0.0010834372291997282 -7.561897448605288e-05 0.0010426831253670858 3.6105946020967855e-05 -0.00093315277202401527 -0.0003370087562312126 0.00023046447210133399 -0.00041668265618259815 -2.7360308234775628e-07 0.0008598101960913256 0.00013152783487422747
leaf_weight=1077584.1465148926 1647782.8402655125 560409.78701138496 525771.28984487057 1386466.8741426468 1805753.2415257692 837059.1586483717 10222354.37378931 1621112.373798728 1200687.5002985001 1437301.8664563894 3100870.0631732941 224697335.51878834 1361962.5416460037 1853579.8697357178
leaf_count=1325 2203 3617 960 2314 1560 1648 7215 2461 1253 1518 2490 198421 1097 1889
internal_value=0.000104407 0.00316893 0.0110533 -0.000382419 0.00164191 0.00611457 2.76143e-05 -0.00153832 0.00163731 -0.00300695 -0.00161237 8.68477e-05 0.00155049 0.00571925
internal_weight=2.53336e+08 6.19304e+06 1.92324e+06 4.2698e+06 2.88334e+06 1.36283e+06 2.47143e+08 9.00775e+06 2.84847e+06 6.15928e+06 4.53817e+06 2.38135e+08 1.34379e+07 3.21554e+06
internal_count=229971 11424 6225 5199 2885 2608 218547 9925 3456 6469 4008 208622 10201 2986
cat_boundaries=0 1 2 3
cat_threshold=292 194 177
is_linear=0
shrinkage=0.03


Tree=341
num_leaves=15
num_cat=5
split_feature=13 3 14 10 13 14 0 0 0 2 9 10 0 0
split_gain=58204.4 83737.6 155287 69780.1 55830 70342.7 51092.3 43273.5 42155.5 21128.8 182466 122264 121742 82100.6
threshold=0.56617079247711499 1.5000000000000002 0.87158761711986699 0.82120607435980486 0.33625239732437012 0.74049465648015245 0 1 2 4.5000000000000009 74.500000000000014 1.3607046622344718 3 4
decision_type=2 2 2 2 2 2 1 1 1 2 2 2 1 1
left_child=1 3 -3 7 5 -5 -6 -1 -4 -2 12 13 -11 -12
right_child=9 2 8 4 6 -7 -8 -9 -10 10 11 -13 -14 -15
leaf_value=0.00067378742613362569 -2.3101330970594851e-05 -0.0024256595369869173 0.038943780155430562 0.00049893328089371651 0.0011441560446341101 -0.0093355915568504779 4.1081951655080411e-06 -0.00033463827080087207 0.00033480358168406262 0.00022627958168573267 0.00029500938648318974 -0.0013562958828749055 -0.00098775612191976184 -7.8148932374065349e-05
leaf_weight=1133764.6794942617 204304808.69857073 1175971.5541582108 265091.96962189674 282955.1676787138 846380.48534440994 299306.58003628254 731385.8772559166 1152669.7893310785 276123.91112315655 968598.14297413826 24493398.540627122 733660.452003479 1690283.7247390747 15361243.758835435
leaf_count=1213 158735 1926 1008 1683 982 1237 1437 809 1048 1727 25302 948 1947 29994
internal_value=6.64075e-05 0.00294606 -0.00268074 0.00511908 0.00898568 0.0169251 0.0060557 0.00146624 0.0106174 -5.29116e-06 0.00059711 0.00109586 -0.00701639 0.00131926
internal_weight=2.53716e+08 6.16365e+06 1.71719e+06 4.44646e+06 2.16003e+06 582262 1.57777e+06 2.28643e+06 541216 2.47552e+08 4.32472e+07 4.05883e+07 2.65888e+06 3.98546e+07
internal_count=229996 11343 3982 7361 5339 2920 2419 2022 2056 218653 59918 56244 3674 55296
cat_boundaries=0 1 2 3 4 5
cat_threshold=78 417 114 139 60
is_linear=0
shrinkage=0.03


Tree=342
num_leaves=15
num_cat=0
split_feature=13 12 13 14 11 13 14 2 9 16 12 12 11 14
split_gain=55427.9 241904 101007 44357 84982.8 24688.3 24678.9 18037 182390 97484.6 94495.1 150865 127078 113604
threshold=0.56617079247711499 1.0147104157921063 0.33625239732437012 0.88281685407496557 0.91700597683295093 0.33625239732437012 0.92180476968108171 4.5000000000000009 74.500000000000014 0.063093165805787346 1.019141366626745 0.99493778713559811 1.0142450752632377 0.9169296688441525
decision_type=2 2 2 2 2 2 2 2 2 2 2 2 2 2
left_child=1 3 -3 4 -1 -6 -5 -2 9 -9 11 -10 -12 -14
right_child=7 2 -4 6 5 -7 -8 8 10 -11 12 -13 13 -15
leaf_value=5.2071079392382747e-05 -5.2433767820135181e-06 0.0019017816330032392 0.00075038659386088865 -0.0010468209244583954 -0.017731234767417201 -0.00069242336623128462 -0.0010161397713386161 -0.0016935260178765129 -0.00021261741096833051 -0.00025298672756808826 -0.0013907032804828293 0.00055275769913764629 -0.00064437681228034726 0.00019192812301940313
leaf_weight=2566749.2941218615 204286518.75254881 495471.77807843685 1207003.5920892954 398750.87412142754 663924.63727140427 531151.37794268131 379890.3831537962 927425.09152412415 7329972.4496517181 1734880.1587133408 2249239.5074964762 14725610.211845636 2581221.1069275141 13716783.515595078
leaf_count=2160 158841 2698 1965 457 1448 907 1770 2103 10786 1566 3371 18609 4167 19304
internal_value=0.000118636 0.00291042 0.0125544 -0.000705656 -0.00205469 -0.00866285 0.00581186 4.82306e-05 0.000604674 -0.00700212 0.00110345 0.00243062 -0.000474773 0.000447729
internal_weight=2.53795e+08 6.24294e+06 1.70248e+06 4.54047e+06 3.76183e+06 1.19508e+06 778641 2.47552e+08 4.32651e+07 2.66231e+06 4.06028e+07 2.20556e+07 1.85472e+07 1.6298e+07
internal_count=230152 11405 4663 6742 4515 2355 2227 218747 59906 3669 56237 29395 26842 23471
is_linear=0
shrinkage=0.03


Tree=343
num_leaves=15
num_cat=5
split_feature=13 0 3 14 13 10 0 10 0 1 0 0 9 10
split_gain=66168 65151.7 69790.2 79303 52427.8 21467.9 29359.3 24822 64859 44054.6 88998.9 33400.9 134999 130347
threshold=0.56617079247711499 0 1.5000000000000002 0.82798925996342188 0.39302906329378473 0.79976984507662452 1 0.97917871843321136 2 17.500000000000004 3 4 84.500000000000014 1.1925834006211711
decision_type=2 1 2 2 2 2 1 2 1 2 1 1 2 2
left_child=1 4 -3 -4 -1 6 -2 8 -7 -10 -11 12 -9 -14
right_child=5 2 3 -5 -6 7 -8 11 9 10 -12 -13 13 -15
leaf_value=0.0012444433123070771 5.5921459876488217e-05 0.00030948020708212033 -0.0049506146759920868 0.0014259950550267748 0.00053486592434573215 -0.00022230447428934886 -0.00038539493472462518 -0.00036084063254853891 0.00010647807297666631 0.00087920229996724022 0.00011740900886599229 -1.6516443426518549e-05 0.00049691025047597236 -0.00033606079235171696
leaf_weight=623436.64801323414 3238662.6226608753 2903122.3888386488 769957.24624180794 485478.99069833755 1315434.1485304832 5831277.2831554413 4298966.3983558416 3067323.8799053431 17046486.805492878 1779847.5235667229 3589050.8487024307 194623178.60472071 10723643.057453036 3140015.6036179066
leaf_count=1987 3463 5015 1169 1692 1486 5561 4803 3525 14986 1642 4580 163044 13114 3739
internal_value=6.52754e-05 0.00315261 0.00103514 -0.00487478 0.00769418 -1.08341e-05 -0.00158728 3.8718e-05 0.000874016 0.00160723 0.00397707 -7.28107e-05 0.00120523 0.00246528
internal_weight=2.53436e+08 6.09743e+06 4.15856e+06 1.25544e+06 1.93887e+06 2.47338e+08 7.53763e+06 2.39801e+08 2.82467e+07 2.24154e+07 5.3689e+06 2.11554e+08 1.6931e+07 1.38637e+07
internal_count=229806 11349 7876 2861 3473 218457 8266 210191 26769 21208 6222 183422 20378 16853
cat_boundaries=0 1 2 3 4 5
cat_threshold=44 204 72 49 64
is_linear=0
shrinkage=0.03


Tree=344
num_leaves=15
num_cat=4
split_feature=13 12 13 10 0 14 13 2 5 9 0 12 0 0
split_gain=52375 207871 94649.5 35482 40320.7 32484.6 24592.5 38957.2 94321.7 59511.7 133309 53009.4 101916 93037.5
threshold=0.56617079247711499 1.0147104157921063 0.33625239732437012 1.0135079437829182 0 0.80817321326263725 0.98302610307216298 3.5000000000000004 1.0000000180025095e-35 74.500000000000014 1 1.0333425717838167 2 3
decision_type=2 2 2 2 1 2 2 2 2 2 1 2 1 1
left_child=1 3 -3 4 -1 -5 7 8 -2 10 -9 13 -13 -11
right_child=6 2 -4 5 -6 -7 -8 9 -10 11 -12 12 -14 -15
leaf_value=0.00046430967062245177 8.5531360245652893e-05 0.0017915731449302166 0.00063139546889183333 -0.0034526596245862498 -0.00013737083099697704 -0.30631030174669877 -2.5517606643092514e-05 0.00033350667727545275 -0.00089821199441658054 -0.00034303734701065532 -0.001570767112612241 0.00030600554037871349 -0.00041775271493518903 0.0001714998001471292
leaf_weight=1516378.0943824053 75179479.376562476 459229.05054926872 1193880.0394973755 462452.70812809467 2271186.6031275988 356817.32714414597 135922610.40350449 981570.32772481441 1336567.6269495487 6174551.7030864954 1138180.0153348446 3050937.5583574772 6076232.303622365 17474655.148886442
leaf_count=2152 57540 2685 1994 1364 2231 1010 121040 1506 783 9300 1077 5002 6621 15667
internal_value=9.19443e-05 0.00280195 0.011928 -0.000472831 0.000751665 -0.00613379 2.33551e-05 0.00035377 0.000732615 -0.000476916 -0.00534852 -0.000161854 -0.00210389 0.000587655
internal_weight=2.53595e+08 6.25994e+06 1.65311e+06 4.60683e+06 3.78756e+06 819270 2.47335e+08 1.11412e+08 7.6516e+07 3.48961e+07 2.11975e+06 3.27764e+07 9.12717e+06 2.36492e+07
internal_count=229972 11436 4679 6757 4383 2374 218536 97496 58323 39173 2583 36590 11623 24967
cat_boundaries=0 1 2 3 4
cat_threshold=293 171 449 385
is_linear=0
shrinkage=0.03


Tree=345
num_leaves=15
num_cat=3
split_feature=16 16 0 1 0 14 5 2 16 12 10 16 2 0
split_gain=22342.8 118086 85952.3 77332 91911.5 94992.3 66443.9 105649 66191.7 55900.3 50368.3 42087.2 59392 66017.7
threshold=0.076551096840151614 0.080986009623554941 0 10.500000000000002 1 0.89729520766646598 1.0000000180025095e-35 3.5000000000000004 0.10085607567360329 1.0091514731206532 1.042224977287155 0.074103545299079726 4.5000000000000009 2
decision_type=2 2 1 2 1 2 2 2 2 2 2 2 2 1
left_child=6 2 -2 4 8 -6 11 -8 -3 -7 -11 -1 -13 -14
right_child=1 3 -4 -5 5 9 7 -9 -10 10 -12 12 13 -15
leaf_value=-1.4629445660278746e-05 0.00042736720980820499 0.00084463893119943558 0.00014956404166935211 -9.0326952624805363e-05 0.00018523671301732606 5.9319423136635206e-05 -0.00011492952814470636 0.0011693593230209806 0.00016502462272686692 -4.1297629695036776e-05 -0.00057987678469597855 -0.00039585283830241352 0.0010347834646544818 -0.00037201194062535067
leaf_weight=167620943.42225587 5225232.6646118164 2721186.6185436249 9908443.7560586929 40649555.749720335 3229243.4262695312 5116999.7395629883 1525847.1007436514 1425253.4268779755 3129638.6438503265 2635042.4503173828 3167634.529296875 4064190.1298522949 1106688.2243041992 1620775.4277733564
leaf_count=182696 2484 1398 7399 22394 1242 1588 1310 1284 1286 929 1321 1983 803 1691
internal_value=2.55042e-05 0.000456676 0.00282737 -0.000134877 0.00139235 8.45502e-05 -0.000158724 0.00430516 0.00455497 -0.0012522 -0.00326786 -0.000234255 -0.00254943 0.000875134
internal_weight=2.53147e+08 7.5783e+07 1.51337e+07 6.06493e+07 1.99997e+07 1.41489e+07 1.77364e+08 2.9511e+06 5.85083e+06 1.09197e+07 5.80268e+06 1.74413e+08 6.79165e+06 2.72746e+06
internal_count=229808 40041 9883 30158 7764 5080 189767 2594 2684 3838 2250 187173 4477 2494
cat_boundaries=0 1 2 3
cat_threshold=17 321 148
is_linear=0
shrinkage=0.03


Tree=346
num_leaves=15
num_cat=1
split_feature=13 12 13 14 12 10 11 12 11 1 14 0 14 1
split_gain=94248 163778 112355 42855.8 34336.8 28147.1 56411.9 34882.3 41863.6 95596.4 49251.2 43601.9 29605.7 204244
threshold=0.56617079247711499 0.9997177749366184 0.33625239732437012 0.66936950709047272 1.0203119929770657 0.82120607435980486 0.83022427849027636 0.91595830406058487 0.93935367065657471 17.500000000000004 0.90607831415974538 0 0.80817321326263725 8.5000000000000018
decision_type=2 2 2 2 2 2 2 2 2 2 2 1 2 2
left_child=1 3 -3 -1 -4 6 -2 -7 9 10 -9 -11 13 -10
right_child=5 2 4 -5 -6 7 -8 8 12 11 -12 -13 -14 -15
leaf_value=-0.00040683495178918633 0.00017834336293964744 0.0017459609819230231 3.5941744873538569e-05 0.00025936078940345345 0.00095395917392837462 -0.0005557167099994087 -0.00037318781127536842 0.00053910027660495773 0.00046011146847640288 0.00025293454638325636 -6.7441483509464339e-05 0.00080983931443072074 1.1948823064148457e-05 -0.00032883507763071856
leaf_weight=1129255.6135354042 3330371.9608870745 576520.49354600906 539239.53298437595 3158895.3089646101 846002.30499768257 1867300.1878306866 5603587.161547184 1682266.1924984455 3263272.2101877928 1508201.9053268433 7454046.977190733 1472213.1488165855 208538963.8511858 12378383.656689882
leaf_count=1608 4090 3626 1001 3593 1655 1711 5859 1204 4392 1427 5103 1188 183373 10278
internal_value=0.000129175 0.00376746 0.0109474 0.000482721 0.00631575 3.71511e-05 -0.00161603 9.91647e-05 0.000131439 0.00184902 0.000327061 0.0065145 3.86061e-05 -0.00122021
internal_weight=2.53349e+08 6.24991e+06 1.96176e+06 4.28815e+06 1.38524e+06 2.47099e+08 8.93396e+06 2.38165e+08 2.36297e+08 1.21167e+07 9.13631e+06 2.98042e+06 2.24181e+08 1.56417e+07
internal_count=230108 11483 6282 5201 2656 218625 9949 208676 206965 8922 6307 2615 198043 14670
cat_boundaries=0 1
cat_threshold=332
is_linear=0
shrinkage=0.03


Tree=347
num_leaves=15
num_cat=0
split_feature=12 11 11 1 14 12 12 1 16 2 11 12 3 12
split_gain=23987.6 40882 25552.8 103700 99622 46289.4 46128 28004.4 114993 44610.6 27448.9 44260.4 83024.4 60523.5
threshold=0.9353060627559534 0.83022427849027636 0.96562958517018271 18.500000000000004 0.85862153954868592 0.99907259255046421 0.9608647852025366 21.500000000000004 0.013153522937672007 1.5000000000000002 0.94481337209393501 0.98305573952904635 1.0000000180025095e-35 1.0089400379775288
decision_type=2 2 2 2 2 2 2 2 2 2 2 2 2 2
left_child=-1 -2 3 4 5 -3 -6 -4 9 -9 11 12 -8 -13
right_child=1 2 7 -5 6 -7 10 8 -10 -11 -12 13 -14 -15
leaf_value=-0.00018662787299039728 0.00071249014824734157 0.00024843498535316464 5.2796832880741509e-06 0.00065046206930118456 -0.00065726362982972575 0.00067069041021808069 0.00022269638904996275 -0.00076060308923095378 -0.0013873093339520587 0.0010790365088656456 0.00016709199260696355 -0.00056755463450434106 -0.00044643697225197585 8.3564283621204052e-06
leaf_weight=7291984.3337682486 1290166.2214667797 2395419.1778255701 211293069.8136425 4235852.6822543144 1399565.4162249565 1360429.5698199272 5597038.8915923834 900864.32391762733 1991286.7637238503 1596976.6476871967 4693462.6895494461 2898705.0200749636 2622140.5337142944 3210046.1210955381
leaf_count=7855 1616 1938 176772 5784 1899 954 2609 4471 5387 8667 4781 2067 2099 2639
internal_value=0.000100082 0.00015045 0.00012231 0.000968025 0.000209403 0.00469979 -0.000616474 1.0952e-05 -0.00233375 0.00195332 -0.000229715 -0.00088197 0.000555501 -0.00281605
internal_weight=2.52777e+08 2.45485e+08 2.44195e+08 2.84127e+07 2.41768e+07 3.75585e+06 2.0421e+07 2.15782e+08 4.48913e+06 2.49784e+06 1.90214e+07 1.43279e+07 8.21918e+06 6.10875e+06
internal_count=229538 221683 220067 24770 18986 2892 16094 195297 18525 13138 14195 9414 4708 4706
is_linear=0
shrinkage=0.03


Tree=348
num_leaves=15
num_cat=4
split_feature=13 12 13 14 12 12 11 0 0 1 0 9 0 12
split_gain=70426.7 176313 112282 37534.8 25773.2 19229.7 71192.2 196023 149146 102075 115503 128135 180429 98158.9
threshold=0.56617079247711499 0.99947707111996298 0.33625239732437012 0.65192553140091347 1.0197477511393997 1.0051969303918387 1.0142450752632377 0 1 17.500000000000004 2 89.500000000000014 3 1.0413889212874852
decision_type=2 2 2 2 2 2 2 1 1 2 1 2 1 2
left_child=1 3 -3 -1 -4 -2 8 13 -7 -9 -11 12 -12 -8
right_child=5 2 4 -5 -6 6 7 9 -10 10 11 -13 -14 -15
leaf_value=-0.00057449574381407908 3.0790853333625429e-05 0.0016927361664580947 -0.0027087040993697986 0.00011488683425591881 0.00088331344327728959 3.39806299571174e-06 -0.00061438901544659985 0.00010266256634220713 -0.00060643068996614816 -0.00028814993275628434 -0.0013036557791638462 0.00022277538166230921 9.9078131720863277e-05 -1.9920496876738961e-06
leaf_weight=987813.41811978817 89141005.291428447 530095.75628578663 557896.12491083145 3231913.219755888 832830.3957464695 16970677.588196397 13884156.708982468 83423752.729565978 9825216.139641881 6436548.4092407227 1811993.2361373901 14891890.479848146 2616937.680501461 8752531.2223622799
leaf_count=1430 73531 3613 980 3685 1671 14744 11587 71193 9310 3192 2022 19685 4127 9521
internal_value=4.44393e-05 0.00321817 0.0107527 -0.000211574 0.00627469 -3.4221e-05 -0.000232358 5.42014e-05 -0.00164204 0.000580971 -0.00106986 8.96695e-05 -0.00439022 -0.00248651
internal_weight=2.53895e+08 6.14055e+06 1.92082e+06 4.21973e+06 1.39073e+06 2.47755e+08 1.58614e+08 1.31818e+08 2.67959e+07 1.09181e+08 2.57574e+07 1.93208e+07 4.42893e+06 2.26367e+07
internal_count=230291 11379 6264 5115 2651 218912 145381 121327 24054 100219 29026 25834 6149 21108
cat_boundaries=0 1 2 3 4
cat_threshold=136 155 16 68
is_linear=0
shrinkage=0.03


Tree=349
num_leaves=15
num_cat=2
split_feature=13 12 13 14 11 0 1 0 16 13 12 11 12 16
split_gain=77805.3 207658 96918.4 47134.9 29888.7 21832.8 19556.2 89579.8 47986.4 37370.9 41820.5 27908.1 34772.9 48259.8
threshold=0.56617079247711499 0.9997177749366184 0.33625239732437012 0.84807388092217628 0.87414304782204222 0 6.5000000000000009 1 0.023796982604875363 1.1162292959368212 0.97665741464072364 0.99766428482265146 1.0336496147759966 0.024906704601722365
decision_type=2 2 2 2 2 1 2 1 2 2 2 2 2 2
left_child=1 3 5 4 -1 -3 7 8 -2 11 -11 -9 13 -13
right_child=6 2 -4 -5 -6 -7 -8 9 -10 10 -12 12 -14 -15
leaf_value=3.0832769957492843e-05 -0.00013421349923692748 0.0010733557001918847 0.00057483234508899801 0.00055938039577166474 -0.00082681531253529523 0.0017612849351369016 6.1041209395653076e-06 -0.00043013202639803958 -0.0013881743793721019 0.00080233748463624723 0.00027062832149378469 -0.00040325994977181886 -0.000328205207098359 0.00039319392771722841
leaf_weight=1598498.5399874449 593763.47839188576 201064.92421400547 1380045.3967850208 1280579.3681817055 1357751.8229926825 372053.59767329693 238066189.09771037 1422556.5120885372 1099381.6409301758 210658.51183509827 879138.29938936234 1164847.7733500004 1393504.0962561369 2090908.916015625
leaf_count=1302 6814 341 2647 1987 1850 3240 179178 4900 1611 1231 8830 8342 5471 1702
internal_value=8.66137e-05 0.00340865 0.0115015 -0.00032213 -0.00240472 0.0218715 3.33454e-06 -0.00138101 -0.00758677 8.61593e-05 0.00520143 -0.000831953 0.000293092 0.00199047
internal_weight=2.53111e+08 6.18999e+06 1.95316e+06 4.23683e+06 2.95625e+06 573119 2.46921e+08 8.85476e+06 1.69315e+06 7.16161e+06 1.0898e+06 6.07182e+06 4.64926e+06 3.25576e+06
internal_count=229446 11367 6228 5139 3152 3581 218079 38901 8425 30476 10061 20415 15515 10044
cat_boundaries=0 1 2
cat_threshold=16 3
is_linear=0
shrinkage=0.03


Tree=350
num_leaves=15
num_cat=3
split_feature=11 1 4 0 0 11 0 2 9 14 12 12 11 12
split_gain=23435.8 81397 92828.9 90041 61381.2 53645.2 44477.6 43020.6 141218 154981 107463 155178 214179 113764
threshold=0.98536147366073423 18.500000000000004 1.0000000180025095e-35 0 1 0.98059644709439753 2 4.5000000000000009 74.500000000000014 0.73095510993816071 0.99493778713559811 1.0017672621402147 1.0011991564699063 1.019141366626745
decision_type=2 2 2 1 1 2 1 2 2 2 2 2 2 2
left_child=1 2 4 -3 -1 -6 -4 -2 -9 -10 -11 -12 -13 -14
right_child=7 3 6 -5 5 -7 -8 8 9 10 11 12 13 -15
leaf_value=0.00021687294096074108 -1.7519807115004808e-05 -0.00079334662998518056 -0.00034279972510068807 0.00061210338874310467 -6.6223327023107222e-05 0.00057373447536310175 -0.0024425834819433432 -0.0006317261709939462 -0.0011413980629731519 -0.00088654434669914049 0.001055096434315174 -0.0028053689485898928 0.00062736361386797341 9.4284947154814642e-05
leaf_weight=10208491.201498508 168834249.31384647 939795.79229736328 780572.55499792099 6407361.6181054115 27377378.255704999 2432197.2779639959 727233.33294677734 2394059.4962733984 1100879.1847809553 2581219.4586633444 2904375.0826797485 1625899.8129438162 9099563.0727767944 15918916.31436944
leaf_count=8037 133875 1592 1227 9077 22415 2027 847 3506 2091 3745 3732 2007 11977 23576
internal_value=0.000137365 0.000727545 0.000212564 0.0036382 0.000487891 -0.000199675 -0.00709476 -3.70871e-06 0.000943639 0.00145061 0.00182985 0.00234263 0.00162486 0.00231054
internal_weight=2.53332e+08 4.8873e+07 4.15259e+07 7.34716e+06 4.00181e+07 2.98096e+07 1.50781e+06 2.04459e+08 3.56249e+07 3.32309e+07 3.213e+07 2.95488e+07 2.66444e+07 2.50185e+07
internal_count=229731 45222 34553 10669 32479 24442 2074 184509 50634 47128 45037 41292 37560 35553
cat_boundaries=0 1 2 3
cat_threshold=256 144 458
is_linear=0
shrinkage=0.03


Tree=351
num_leaves=15
num_cat=3
split_feature=13 12 13 14 10 0 13 12 13 0 0 1 16 12
split_gain=74129 175004 89947.2 49075.2 50804.8 26948.6 24055.9 43141.1 62100.8 67529 53252.4 71624.1 63859.4 51966.1
threshold=0.56617079247711499 0.99947707111996298 0.33625239732437012 0.81306842668704049 0.86883337326258692 0 1.0228762550714816 1.0137025498423149 1.1559857807864973 1 2 19.500000000000004 0.042127405922264764 1.0339868807011932
decision_type=2 2 2 2 2 1 2 2 2 1 1 2 2 2
left_child=1 3 5 4 -1 -3 -2 8 9 -8 -9 13 -13 -12
right_child=6 2 -4 -5 -6 -7 7 10 -10 -11 11 12 -14 -15
leaf_value=4.8028386847909793e-05 2.4735499006957347e-05 0.0014542176349056038 -0.016919589378018889 0.00041294236924422056 -0.0011237401116886143 -0.0024646918907043286 -0.00022604877218096046 -0.00014632352641947698 0.00023981124814651737 -2.9466416308258929e-05 0.00028392929960917415 -0.00019212429206533411 -0.0014370229763655698 1.0524985463687513e-05
leaf_weight=1420412.0272864103 158536197.19375193 313368.48446106911 1406521.4008518457 1928996.4701513052 901374.03217327595 228141.11816823483 19010484.548938751 15740656.894858122 7577453.078977108 14904116.622458816 14677146.899829626 2349667.5321516991 524504.45440387726 14402338.587784171
leaf_count=1236 129466 582 2648 2409 1476 3044 10713 16737 14333 14012 12737 5988 475 14270
internal_value=0.000128253 0.00336862 0.0108147 -4.37438e-05 -0.00298188 0.021204 4.71685e-05 -0.000346984 -0.00105439 -0.00160299 0.000268429 0.000972001 -0.0035458 0.00141853
internal_weight=2.53921e+08 6.19881e+06 1.94803e+06 4.25078e+06 2.32179e+06 541510 2.47723e+08 8.91864e+07 4.14921e+07 3.39146e+07 4.76943e+07 3.19537e+07 2.87417e+06 2.90795e+07
internal_count=230126 11395 6274 5121 2712 3626 218731 89265 39058 24725 50207 33470 6463 27007
cat_boundaries=0 1 2 3
cat_threshold=24 276 138
is_linear=0
shrinkage=0.03


Tree=352
num_leaves=15
num_cat=2
split_feature=10 12 14 12 14 1 14 0 0 3 11 12 1 1
split_gain=31781.9 130352 199324 99048.8 89140.8 72764 75082.8 53520.2 27700.7 37709.5 36323.5 24821.7 66586.6 22806.5
threshold=0.90135704482050072 1.0075532020675959 0.88781725287033697 0.98697337007541763 1.0935776365780254 17.500000000000004 0.99855915678627605 0 1 1.0000000180025095e-35 0.90644793995258399 0.94288066048179553 11.500000000000002 21.500000000000004
decision_type=2 2 2 2 2 2 2 1 1 2 2 2 2 2
left_child=1 3 -3 4 8 6 -4 -6 9 -1 11 -10 -13 -2
right_child=13 2 5 -5 7 -7 -8 -9 10 -11 -12 12 -14 -15
leaf_value=0.0005228101893868677 1.0307143919512217e-05 0.0009931962664489289 -0.00032951296826919574 -0.00082256966396520388 -0.00031256163340613174 0.00081989110772004577 0.00012750610352137647 -0.002861550444705777 -8.5365654572241997e-05 -0.00011224578294135189 -0.00054684138858271554 0.00064185155466560991 -3.6534398873262842e-05 -0.00038481959073497304
leaf_weight=2467314.6029715538 224341106.7606467 1780730.0343801975 2434891.4836835861 1436635.481290102 517617.45834350586 1469477.8866539001 1831596.4570367336 581875.52857077122 4562651.5925556421 1467479.6538305283 1290131.2379751205 1820881.5684092045 3133807.7764639854 4764602.7018084526
leaf_count=1707 187922 1345 1512 1280 1453 1542 1948 1417 4090 1332 1220 1555 2145 19603
internal_value=0.000167012 0.00118728 0.00448516 -0.000247412 0.000436604 0.00176319 -0.00021981 -0.00780371 0.00105117 0.00320636 0.00026651 0.000906852 0.00237706 5.6593e-05
internal_weight=2.53901e+08 2.47951e+07 7.5167e+06 1.72784e+07 1.58418e+07 5.73597e+06 4.26649e+06 1.09949e+06 1.47423e+07 3.93479e+06 1.08075e+07 9.51734e+06 4.95469e+06 2.29106e+08
internal_count=230071 22546 6347 16199 14919 5002 3460 2870 12049 3039 9010 7790 3700 207525
cat_boundaries=0 1 2
cat_threshold=234 145
is_linear=0
shrinkage=0.03


Tree=353
num_leaves=15
num_cat=3
split_feature=13 12 13 14 10 0 10 11 0 12 0 12 10 3
split_gain=102444 275424 47717.2 35945.5 54747.4 30048.3 18059.3 43901.5 36036.7 28360.2 83654.5 122108 78891.7 90238.6
threshold=0.56617079247711499 0.99947707111996298 0.33625239732437012 0.87158761711986699 0.88656517134269841 0 0.82120607435980486 0.81558126065163716 1 1.0051969303918387 2 1.0024913181220338 0.98774918197535599 1.0000000180025095e-35
decision_type=2 2 2 2 2 1 2 2 1 2 1 2 2 2
left_child=1 3 5 4 -1 -3 7 8 -2 10 11 -8 13 -12
right_child=6 2 -4 -5 -6 -7 9 -9 -10 -11 12 -13 -14 -15
leaf_value=7.9565621263591666e-05 0.00055243206344923735 0.00039300983299055554 0.0010086276199870023 8.2090022019398805e-05 -0.001029442588610536 0.0015183016711623107 0.00011947289583003701 -0.00028605266723201982 -0.00025198510517186696 -8.033422362885271e-06 0.00031063280235085793 0.00084990855952795546 -6.0077860678730083e-05 -0.00017900683864958638
leaf_weight=2310270.4774811268 1648864.2083632946 342531.61623942852 1390215.4209625721 869954.3498455286 1066061.3790688515 206404.94974482059 21805296.621523619 6217224.4141649008 1230958.4080376625 158114237.48774993 9360784.6652718782 4707557.0664432049 39743334.983717322 4562792.098428607
leaf_count=1866 2200 578 2645 1670 1561 3027 23473 6584 1266 144614 5731 4126 26620 4169
internal_value=0.000179592 0.00399304 0.0133608 -0.000284937 -0.00168602 0.0208499 8.4246e-05 -0.00122761 0.00183454 0.000134327 0.000593919 0.00197258 -8.71776e-05 0.00185612
internal_weight=2.53576e+08 6.18544e+06 1.93915e+06 4.24629e+06 3.37633e+06 548937 2.47391e+08 9.09705e+06 2.87982e+06 2.38294e+08 8.01798e+07 2.65129e+07 5.36669e+07 1.39236e+07
internal_count=230130 11347 6250 5097 3427 3605 218783 10050 3466 208733 64119 27599 36520 9900
cat_boundaries=0 1 2 3
cat_threshold=24 194 234
is_linear=0
shrinkage=0.03


Tree=354
num_leaves=15
num_cat=4
split_feature=10 14 12 1 7 10 10 0 0 12 0 12 0 14
split_gain=29627.6 69290.9 209672 66026.8 58138.3 69584.4 68709.2 124067 65278 62576.1 80064.1 61682.9 60550.3 45880.5
threshold=0.97998433574410881 0.88781725287033697 0.99712577792716017 19.500000000000004 1.0000000180025095e-35 0.83310007439074751 0.83866519279172203 0 1 1.0099173284425207 2 1.0121289381029088 3 0.99568949904859061
decision_type=2 2 2 2 2 2 2 1 1 2 1 2 1 2
left_child=1 2 -1 4 5 8 12 -8 -3 10 -7 -9 -6 -11
right_child=-2 3 -4 -5 6 9 7 11 -10 13 -12 -13 -14 -15
leaf_value=4.6979622847572497e-06 -3.7531610299105777e-06 9.4766200006062758e-05 0.00093135173821744341 0.00078093262790297172 -0.0011484929581745988 0.0013885202342028662 -0.0038060694923459362 0.00039703482860013945 -0.00044226042270997584 -0.00045684758204607814 0.00014617281839213384 -0.00094217830562126148 0.0009967907220774226 0.00012392863414755379
leaf_weight=6224761.7483901978 211496170.26137722 2863726.1801314354 2823529.0248478651 3309255.4815173149 743153.14044463634 2051631.4833786488 1211057.9841992855 1647898.339969039 3644271.0003094673 2280275.6825404167 7926908.6672719717 1653232.4192563295 1770136.1275092363 4109925.364166379
leaf_count=5307 189225 2388 2522 6662 1193 1426 1468 2320 2415 1636 4841 2474 2594 3532
internal_value=0.000114459 0.000839644 0.00316697 0.000205577 -0.000239413 0.00049365 -0.00262645 -0.00484066 -0.00213035 0.00153692 0.00302129 -0.00182757 0.00134878 -0.000780978
internal_weight=2.53756e+08 4.22598e+07 9.04829e+06 3.32115e+07 2.99022e+07 2.28767e+07 7.02548e+06 4.51219e+06 6.508e+06 1.63687e+07 9.97854e+06 3.30113e+06 2.51329e+06 6.3902e+06
internal_count=230003 40778 7829 32949 26287 16238 10049 6262 4803 11435 6267 4794 3787 5168
cat_boundaries=0 1 2 3 4
cat_threshold=80 464 3 292
is_linear=0
shrinkage=0.03


Tree=355
num_leaves=15
num_cat=3
split_feature=10 16 16 14 3 1 0 0 12 0 1 16 12 12
split_gain=25312.6 25832.8 71263.3 77349.8 85303 68321.5 60468.7 47843.4 67879.1 86698.1 55747.9 119693 81734.6 53147.9
threshold=0.68171730937635744 0.076551096840151614 0.080986009623554941 0.89729520766646598 1.0000000180025095e-35 13.500000000000002 0 1 1.0477841128593066 2 10.500000000000002 0.10085607567360329 1.0409231421374501 1.0294283446165053
decision_type=2 2 2 2 2 2 1 1 2 1 2 2 2 2
left_child=-1 -2 6 4 -4 -6 -3 10 13 -10 11 -5 -12 -9
right_child=1 2 3 7 5 -7 -8 8 9 -11 12 -13 -14 -15
leaf_value=-0.00047817748361830614 -9.5208334532054534e-06 0.0003457284892627648 0.00030858349515192724 0.00096228686006713038 0.00017132715867735588 -0.00046429187170757692 0.00013335672894252898 -8.42380699303538e-05 -4.4963173495503184e-05 -0.000682180952066812 -0.00029427077107348887 -2.1581894750151593e-05 0.00038254552568040766 0.00024142740440819942
leaf_weight=1212418.2723886967 176648164.3151176 5250117.0476074219 7694772.3384399414 2292326.8811264038 1689563.4272613525 2190804.6527791023 10000987.099428177 22705216.66418457 3106843.0101928711 2937527.2183837891 7731229.1882132292 3660864.1928730011 3447207.0495266914 3205510.1304931641
leaf_count=964 189080 2465 3518 1209 994 1524 7439 7331 1332 856 6861 2176 3317 1002
internal_value=7.96228e-05 0.000100382 0.000563211 0.00010233 0.00230836 -0.00131826 0.00239638 -0.000417875 -0.00110365 -0.0039664 0.000861273 0.00320632 -0.000387606 -0.000435833
internal_weight=2.53774e+08 2.52561e+08 7.5913e+07 6.06619e+07 1.15751e+07 3.88037e+06 1.52511e+07 4.90867e+07 3.19551e+07 6.04437e+06 1.71316e+07 5.95319e+06 1.11784e+07 2.59107e+07
internal_count=230068 229104 40024 30120 6036 2518 9904 24084 10521 2188 13563 3385 10178 8333
cat_boundaries=0 1 2 3
cat_threshold=17 481 10
is_linear=0
shrinkage=0.03


Tree=356
num_leaves=15
num_cat=3
split_feature=13 0 11 10 2 13 0 2 10 1 10 14 14 0
split_gain=119285 65900.4 129010 46464.4 65807.4 38301 33956.8 21308.2 86141.4 66366.8 83983 124005 92650.5 110876
threshold=0.56617079247711499 0 0.93935367065657471 0.79976984507662452 4.5000000000000009 0.33625239732437012 1 4.5000000000000009 1.311423601463038 18.500000000000004 0.99451885417014119 0.96805186343387029 0.87739136426604036 2
decision_type=2 1 2 2 2 2 1 2 2 2 2 2 2 1
left_child=1 3 6 -1 -5 -4 -3 -2 9 10 12 -12 -9 -14
right_child=7 2 5 4 -6 -7 -8 8 -10 -11 11 -13 13 -15
leaf_value=0.00020492340064965278 -1.2635696321894432e-05 -5.4445110410651614e-05 0.0028472023015453131 -0.029330158319722986 -0.016524564237593704 0.0012564680206867058 0.00057548352698742311 0.0013207012085724482 -0.001128743152642586 -0.00029637180056478371 -3.9797606909099249e-05 0.00048450942375458626 0.0002116472863568211 -0.0012284345383111784
leaf_weight=750734.40400242805 204266557.1742872 1661421.6644780636 337264.94844973087 228464.66687214375 172425.60742938519 1189735.4147404432 1808243.3498957157 775704.83128392696 754860.77414691448 7119784.4442617893 10894772.551775336 16253701.886296034 3806774.0331012011 3640162.8562977314
leaf_count=714 158814 926 2929 1260 1116 2482 1869 903 1034 14311 13222 20728 5448 4378
internal_value=8.84852e-05 0.00421618 0.00570727 -0.00225335 -0.0104996 0.0129736 0.00250935 -1.40483e-05 0.000590907 0.000769367 0.0013013 0.0021058 -0.00135489 -0.00238267
internal_weight=2.53661e+08 6.14829e+06 4.99667e+06 1.15162e+06 400890 1.527e+06 3.46967e+06 2.47512e+08 4.32458e+07 4.24909e+07 3.53711e+07 2.71485e+07 8.22264e+06 7.44694e+06
internal_count=230134 11296 8206 3090 2376 5411 2795 218838 60024 58990 44679 33950 10729 9826
cat_boundaries=0 1 2 3
cat_threshold=320 18 173
is_linear=0
shrinkage=0.03


Tree=357
num_leaves=15
num_cat=2
split_feature=13 12 13 14 10 0 10 0 12 12 12 12 12 12
split_gain=141367 303567 52664.8 29886.4 39523.2 23325.3 18187.8 50786.6 29991.5 27611.2 25799 22236.2 107948 88116.9
threshold=0.56617079247711499 0.99947707111996298 0.33625239732437012 0.87158761711986699 0.88656517134269841 0 0.82120607435980486 1 0.98305573952904635 0.94288066048179553 0.91908275567921338 1.0017672621402147 0.99996686537042534 1.0022632125571322
decision_type=2 2 2 2 2 1 2 1 2 2 2 2 2 2
left_child=1 3 5 4 -1 -3 7 -2 9 10 -9 12 -8 -13
right_child=6 2 -4 -5 -6 -7 11 8 -10 -11 -12 13 -14 -15
leaf_value=8.062792885742877e-05 0.00029162241383945333 0.0013581737418134018 0.00098750319259431098 0.0010851452296875008 -0.00098259840845063475 -0.0034354944406798805 6.0940320903688479e-06 -8.6096034839400445e-05 -0.00071084121438592647 4.1215092788096079e-05 -0.0010697011751982057 -0.00043718613777435263 0.00040526810045204986 -1.0118048083291459e-06
leaf_weight=2313998.958442688 2332511.0378302336 327155.51619768143 1401042.2813984156 864915.72152411938 1047090.5801157951 226306.52256000042 52135393.573548198 1050393.0179942846 1660194.7131398916 2899798.3889765739 1131092.1708300114 4472649.1153329611 7417843.9191015959 174230434.88368702
leaf_count=1875 3324 587 2621 1676 1562 3043 43219 983 1560 2930 1216 3743 5577 155964
internal_value=0.000109858 0.00459136 0.0143679 6.97828e-05 -0.00121001 0.022203 -2.12952e-06 -0.00132037 -0.00264055 -0.00149679 -0.00404646 4.80758e-05 0.000550121 -0.000119232
internal_weight=2.53511e+08 6.18051e+06 1.9545e+06 4.22601e+06 3.36109e+06 553462 2.4733e+08 9.07399e+06 6.74148e+06 5.08128e+06 2.18149e+06 2.38256e+08 5.95532e+07 1.78703e+08
internal_count=229880 11364 6251 5113 3437 3630 218516 10013 6689 5129 2199 208503 48796 159707
cat_boundaries=0 1 2
cat_threshold=24 196
is_linear=0
shrinkage=0.03


Tree=358
num_leaves=15
num_cat=3
split_feature=13 0 10 3 14 3 13 13 10 1 0 9 0 16
split_gain=131462 62209.6 51305.5 56437.6 50707.1 34710.6 44021.6 24100.5 28936.7 17676.5 98647.6 93915.8 68544 51651.6
threshold=0.56617079247711499 0 0.82120607435980486 1.5000000000000002 0.84064510801132564 1.0000000180025095e-35 0.39302906329378473 0.43892950188008456 0.85635765199566871 6.5000000000000009 1 82.500000000000014 2 0.023796982604875363
decision_type=2 1 2 2 2 2 2 2 2 2 1 2 1 2
left_child=1 2 -1 7 -5 -3 -7 8 -4 10 13 12 -12 -2
right_child=9 5 3 4 -6 6 -8 -9 -10 -11 11 -13 -14 -15
leaf_value=-4.9518395085543311e-05 -0.00011898399140831607 0.00050845156481209568 0.0010269657036495188 -0.005673945545055961 0.0023324929444030829 -0.00078011933676297245 0.00044449168694391715 0.00077338794034294343 0.00058479418520263494 5.7371659665647621e-06 0.00018736623569099603 0.00015783553982320783 -0.0015065408611733813 -0.0014360832153715302
leaf_weight=692365.33249104023 589687.78304743767 1232840.5415025949 431430.38385510445 558449.05685353279 633626.85410523415 720012.39883041382 526194.28587985039 876897.95789277554 444753.46177768707 238568347.18988037 332951.72992420197 6113749.3441450596 630811.25015735626 1083329.9528198242
leaf_count=847 6821 2661 253 811 1337 1776 936 995 1765 179570 1567 26786 2130 1591
internal_value=0.000126567 0.00447129 0.00696896 0.00869646 0.00366028 0.000806423 -0.00272434 0.012121 0.0156399 1.91157e-05 -0.00130517 0.000243504 -0.00846049 -0.00785659
internal_weight=2.53435e+08 6.11657e+06 3.63752e+06 2.94516e+06 1.19208e+06 2.47905e+06 1.24621e+06 1.75308e+06 876184 2.47319e+08 8.75053e+06 7.07751e+06 963763 1.67302e+06
internal_count=229846 11381 6008 5161 2148 5373 2712 3013 2018 218465 38895 30483 3697 8412
cat_boundaries=0 1 2 3
cat_threshold=188 3 304
is_linear=0
shrinkage=0.03


Tree=359
num_leaves=15
num_cat=0
split_feature=13 12 13 14 13 1 2 9 1 9 14 1 10 2
split_gain=126100 290333 49529.9 30281.7 19568.5 50695.4 44626 53886.7 53233.8 52418.8 45304.6 55329 61351.8 43595.4
threshold=0.56617079247711499 0.99983437853173751 0.33625239732437012 0.66936950709047272 0.98094413017656412 6.5000000000000009 3.5000000000000004 79.500000000000014 14.500000000000002 74.500000000000014 0.94916294869640316 8.5000000000000018 0.97917871843321136 2.5000000000000004
decision_type=2 2 2 2 2 2 2 2 2 2 2 2 2 2
left_child=1 3 -3 -1 5 -2 7 8 -7 -8 11 -11 -13 -9
right_child=4 2 -4 -5 -6 6 9 13 -10 10 -12 12 -14 -15
leaf_value=-0.00035846625096798695 -0.00042397210144973327 0.0015252612578980328 0.00057285289085876837 0.000176347934008332 -2.0962415531471469e-05 0.00051257496983920256 -0.00075875777308573246 1.8320778709471709e-05 7.0317510585136262e-05 0.00033399427004390721 0.00011558781286953572 0.00026098724682238031 -0.00029889190948239887 0.00021317157944883479
leaf_weight=1120773.9687144756 3386701.0454137325 547266.20628011227 1337979.7728806734 3162912.1617084742 138614024.1183517 3009952.5180969238 1924888.2999880314 53348040.272307396 3348681.2243099213 1391574.2239837646 16269332.710853577 2567024.0039405823 10839642.128069639 12751076.186372995
leaf_count=1589 15805 3596 2615 3606 122912 1992 2064 34775 2701 1271 16728 2173 9813 8279
internal_value=0.000140368 0.00437706 0.0141875 5.94866e-05 3.47477e-05 0.00033582 0.000451853 0.000868297 0.00350606 -0.000462737 -0.000165087 -0.0013663 -0.00195729 0.000614548
internal_weight=2.5362e+08 6.16893e+06 1.88525e+06 4.28369e+06 2.47451e+08 1.08837e+08 1.0545e+08 7.24578e+07 6.35863e+06 3.29925e+07 3.10676e+07 1.47982e+07 1.34067e+07 6.60991e+07
internal_count=229919 11406 6211 5195 218513 95601 79796 47747 4693 32049 29985 13257 11986 43054
is_linear=0
shrinkage=0.03


Tree=360
num_leaves=15
num_cat=3
split_feature=13 11 3 14 13 0 10 0 11 11 0 14 13 16
split_gain=114538 68340.9 131240 81250.9 38251.6 53526.6 26735.4 31794.9 30206.9 29979.1 118656 81289 74305.7 65521.6
threshold=0.56617079247711499 0.88002456839183818 1.5000000000000002 0.82798925996342188 0.33625239732437012 0 0.79976984507662452 1 0.83022427849027636 0.96562958517018271 2 0.90607831415974538 0.89469433853237523 0.082451595283831072
decision_type=2 2 2 2 2 1 2 1 2 2 1 2 2 2
left_child=1 -1 4 -4 5 -3 7 -2 -9 10 11 -8 -13 -14
right_child=6 2 3 -5 -6 -7 9 8 -10 -11 -12 12 13 -15
leaf_value=-3.5118344910340908e-06 2.9449692942344376e-05 -0.0079870995780036771 -0.0022699743598236502 0.00024642573822627431 0.00083060371694648012 0.00084930603536980786 0.00073646754925839168 -6.7371703182000965e-05 -0.00068283626272640414 -1.3136497329049195e-05 -9.2066724132019629e-05 0.00064119519213687228 -5.7776194951721586e-05 0.00053985216944906498
leaf_weight=2318230.8817964792 3272787.6557497978 385114.47347569466 798306.83033823967 779272.65256023407 1642652.3527832031 255029.19440150261 1625940.7140128613 1696453.5350593328 2612085.0186482668 215804016.41147137 13926653.098963857 1960721.6919854879 4877233.1710026264 1163780.9358825684
leaf_count=2098 3495 963 1532 2139 2590 2070 1633 1714 3117 189624 11730 1637 4755 535
internal_value=1.59154e-05 0.00405037 0.00649538 -0.000158543 0.0110937 0.0173145 -8.50296e-05 -0.00183899 -0.00353224 -2.94753e-05 0.000986774 0.00354768 0.00230507 0.000658069
internal_weight=2.53118e+08 6.17861e+06 3.86038e+06 1.57758e+06 2.2828e+06 640144 2.4694e+08 7.58133e+06 4.30854e+06 2.39358e+08 2.35543e+07 9.62768e+06 8.00174e+06 6.04101e+06
internal_count=229632 11392 9294 3671 5623 3033 218240 8326 4831 209914 20290 8560 6927 5290
cat_boundaries=0 1 2 3
cat_threshold=28 204 177
is_linear=0
shrinkage=0.03


Tree=361
num_leaves=15
num_cat=0
split_feature=13 11 7 14 13 10 11 10 10 14 1 14 16 9
split_gain=123046 70911.8 116573 65609.3 50797.6 57162.6 24992.2 23875 83733.5 67921.5 58240.2 169685 119431 100677
threshold=0.56617079247711499 0.88002456839183818 1.0000000180025095e-35 0.87158761711986699 0.33625239732437012 0.81095062694523767 0.94567906468906215 1.0283647253166985 1.0246308835688984 0.99164271058386322 8.5000000000000018 0.94315248740575408 0.027012628138511342 70.500000000000014
decision_type=2 2 2 2 2 2 2 2 2 2 2 2 2 2
left_child=1 -1 4 -4 5 -3 -6 8 -2 -10 11 12 -9 -13
right_child=7 2 3 -5 6 -7 -8 10 9 -11 -12 13 -14 -15
leaf_value=4.4397645676589926e-06 -5.3304696547465116e-06 0.0007871702130873272 -0.0011512278743664162 0.0025040684374555222 0.0001677297265976503 0.001117989311683652 0.0014205939766451549 -0.00070997038508873334 -5.9840504952587877e-05 -0.00056844332767304231 3.1830373512389898e-07 -0.00090557866467303372 0.00048091032796454439 3.8665872828622092e-05
leaf_weight=2278322.366394043 101239055.87695789 232576.36690914631 1130259.9200429916 444965.41887867451 810210.4829158783 409455.76774227619 897885.85845577717 1035435.9843025208 4136676.7042052746 3778329.0864257812 113380544.72161722 1022792.6456711292 7849717.0916318893 15373219.570933461
leaf_count=2094 86649 239 1790 1884 570 2772 2030 6587 2950 2805 91969 1331 4363 22003
internal_value=0.000140924 0.00431405 0.00675761 0.000442872 0.0109902 0.0181843 0.00828612 3.6456e-05 -0.000295428 -0.00326709 0.000297714 0.00159976 0.00493848 -0.000209531
internal_weight=2.54019e+08 6.20368e+06 3.92535e+06 1.57523e+06 2.35013e+06 642032 1.7081e+06 2.47816e+08 1.09154e+08 7.91501e+06 1.38662e+08 2.52812e+07 8.88515e+06 1.6396e+07
internal_count=230036 11379 9285 3674 5611 3011 2600 218657 92404 5755 126253 34284 10950 23334
is_linear=0
shrinkage=0.03


Tree=362
num_leaves=15
num_cat=2
split_feature=13 12 13 14 11 2 9 0 0 9 12 12 12 12
split_gain=137452 269799 58853.9 25120.8 45381.9 25090.4 135109 130182 95859.3 98790.9 80108.2 138030 126033 114790
threshold=0.56617079247711499 0.99947707111996298 0.33625239732437012 0.87158761711986699 0.92167517421559297 4.5000000000000009 74.500000000000014 0 1 89.500000000000014 1.019141366626745 1.0075532020675959 1.004197057542799 0.99493778713559811
decision_type=2 2 2 2 2 2 2 1 1 2 2 2 2 2
left_child=1 3 -3 4 -1 -2 7 -7 10 -10 11 12 13 -8
right_child=5 2 -4 -5 -6 6 8 -9 9 -11 -12 -13 -14 -15
leaf_value=8.9694438181733979e-05 -1.0319242512327871e-05 0.001544426713418852 -0.0026268648806905682 0.00099285543746978778 -0.0047349514610290017 0.00041657894368546768 -3.6280150149262921e-05 -0.0010264160685734508 0.0017189063606213441 -0.00032583143435445134 3.5433562677879033e-05 0.00093584520760309599 -0.00080920648648900211 0.00070703111552417573
leaf_weight=2230746.8677707911 203895486.53701568 549727.99211513996 1420307.3996515274 833718.82707631588 1063821.8826421499 972970.48693323135 4534930.126259923 1687547.2996096611 938997.945063591 11533619.717566729 12709817.852110386 4870507.5335029364 1853050.9201505184 4042195.0042202473
leaf_count=1935 158419 3675 2674 1644 1462 1749 5238 1935 2390 21807 15784 5797 1426 3708
internal_value=0.000130927 0.00458028 0.0137148 0.000221259 -0.000955978 2.1092e-05 0.000678352 -0.00587041 0.00110873 -0.00107894 0.00208287 0.00354509 0.00159797 0.00313079
internal_weight=2.53137e+08 6.09832e+06 1.97004e+06 4.12829e+06 3.29457e+06 2.47039e+08 4.31436e+07 2.66052e+06 4.04831e+07 1.24726e+07 2.80105e+07 1.53007e+07 1.04302e+07 8.57713e+06
internal_count=229643 11390 6349 5041 3397 218253 59834 3684 56150 24197 31953 16169 10372 8946
cat_boundaries=0 1 2
cat_threshold=139 124
is_linear=0
shrinkage=0.03


Tree=363
num_leaves=15
num_cat=2
split_feature=13 12 13 12 12 2 9 0 0 12 12 14 14 1
split_gain=110494 336079 53960.9 26290.1 43868.4 20578 134543 115759 91971.3 90948.3 119960 91744.9 111997 86961.6
threshold=0.56617079247711499 0.99947707111996298 0.33625239732437012 0.92324355344902431 0.97169678200662513 4.5000000000000009 74.500000000000014 0 1 1.0222447880274059 1.0075532020675959 0.84435162759793447 1.0623404787338349 18.500000000000004
decision_type=2 2 2 2 2 2 2 1 1 2 2 2 2 2
left_child=1 3 -3 -1 -5 -2 7 -7 9 10 11 -8 -13 -11
right_child=5 2 -4 4 -6 6 8 -9 -10 13 -12 12 -14 -15
leaf_value=-0.0004636708727672812 -4.5326839887288318e-06 0.001659509797449841 -0.003183694598054137 0.00071829259562241363 -0.00012748709072445127 0.00041660446416962933 0.0010858419858423742 -0.00089808959059293862 -0.00018549761057014058 0.0001321013739682448 0.00090408626837403395 -7.3308958661843157e-05 0.0024032007198731727 -0.00074158759611670747
leaf_weight=1140365.6550261974 203818108.04282153 508330.8432264328 1388623.637917161 1129331.8875536919 1998964.1799316406 966232.70110082626 1037455.2868489027 1690124.4375675917 12499221.452012062 9460687.6084191799 6020040.2507548332 8296448.7655752897 1009601.1992044449 1946886.4613952637
leaf_count=1219 158558 3634 2642 1657 2224 1733 926 1952 24211 10663 7440 7252 2075 3364
internal_value=0.000170881 0.00413771 0.0146445 -0.000531427 0.000890049 7.17591e-05 0.000668734 -0.00587066 0.00110009 0.00206193 0.00349537 0.00153577 0.000592402 5.7329e-06
internal_weight=2.5291e+08 6.16562e+06 1.89695e+06 4.26866e+06 3.1283e+06 2.46745e+08 4.29267e+07 2.65636e+06 4.02703e+07 2.77711e+07 1.63635e+07 1.03435e+07 9.30605e+06 1.14076e+07
internal_count=229550 11376 6276 5100 3881 218174 59616 3685 55931 31720 17693 10253 9327 14027
cat_boundaries=0 1 2
cat_threshold=139 124
is_linear=0
shrinkage=0.03


Tree=364
num_leaves=15
num_cat=3
split_feature=13 12 13 0 3 5 5 2 9 0 0 12 12 12
split_gain=151677 340879 28029.8 43977.4 19372.4 142725 64983.3 88535.9 131658 132599 97866.4 90557.6 107607 107198
threshold=0.56617079247711499 0.99947707111996298 0.43892950188008456 0 1.0000000180025095e-35 1.0000000180025095e-35 1.0000000180025095e-35 4.5000000000000009 74.500000000000014 1 2 1.0233061924905116 0.99493778713559811 1.0017672621402147
decision_type=2 2 2 1 2 2 2 2 2 1 1 2 2 2
left_child=1 -1 3 -3 5 -2 7 -6 9 -9 11 12 -10 -14
right_child=4 2 -4 -5 6 -7 -8 8 10 -11 -12 -13 13 -15
leaf_value=-1.5219546798498933e-05 2.7307195061967475e-05 0.0013931484633968999 0.0012241479770911093 0.0012649806331221374 -0.00015535610669940161 -0.0009592762415803536 0.00060091491577487284 -0.0018556267228637179 -0.000116683706175529 -8.3362915310936683e-05 -0.00024470780283589698 -3.2171002795549817e-05 0.001090291783170315 0.00041597303349182399
leaf_weight=4185239.897939682 161962983.5383985 736333.98256528378 958583.80398702621 216946.2613825798 38465433.035472751 2051016.6663635969 1915282.7660353184 819809.8871306181 4535241.4904170036 1798037.351573348 12410583.037346482 11167826.951542735 2479042.1497392654 9802206.2748280764
leaf_count=5067 123540 1703 1842 2771 32256 1471 1444 1291 5202 2328 24013 13776 2339 10583
internal_value=0.000118335 0.00479281 0.015288 0.0189306 3.13768e-06 0.00019243 -0.000369152 -0.000497548 0.000437636 -0.00608221 0.000860164 0.00184353 0.00323426 0.00469258
internal_weight=2.53505e+08 6.0971e+06 1.91186e+06 953280 2.47407e+08 1.64014e+08 8.33935e+07 8.14782e+07 4.30127e+07 2.61785e+06 4.03949e+07 2.79843e+07 1.68165e+07 1.22812e+07
internal_count=229626 11383 6316 4474 218243 125011 93232 91788 59532 3619 55913 31900 18124 12922
cat_boundaries=0 1 2 3
cat_threshold=30 100 124
is_linear=0
shrinkage=0.03


Tree=365
num_leaves=15
num_cat=3
split_feature=13 12 13 14 11 0 11 12 0 2 1 2 0 12
split_gain=139172 298396 41647.7 28601.5 52304 24489.3 16856.9 34045.9 87619.2 91799 69203.9 55256.8 54985.4 43922.3
threshold=0.56617079247711499 0.99947707111996298 0.33625239732437012 0.81306842668704049 0.87414304782204222 0 1.1902710751006842 1.0666052657390228 1 3.5000000000000004 8.5000000000000018 1.5000000000000002 2 1.03376952192731
decision_type=2 2 2 2 2 1 2 2 1 2 2 2 1 2
left_child=1 3 5 4 -1 -3 7 13 -9 10 -10 -12 -13 -2
right_child=6 2 -4 -5 -6 -7 -8 8 9 -11 11 12 -14 -15
leaf_value=7.4212797481959877e-05 6.20935412713925e-06 0.0011926732754232083 0.00099510290548244953 0.00034534999903134805 -0.0012906962711306928 0.0014576208577410572 -0.00018510244000607945 -0.00015639549242124875 -0.00011372942696213696 -0.00011880876076849252 0.00027357186530664493 0.00025110828469487618 0.0010243142478815288 -0.00012172657096786737
leaf_weight=1413103.3765674829 181345229.67256904 344838.83794939518 1358445.2961589098 1838956.6987223625 903275.59803795815 203611.62683582306 7877011.9186872244 6696392.2438280582 2704856.6310052872 6648901.9417593479 5349228.0681836605 1973269.6543121338 3479037.048214674 30747486.747451067
leaf_count=1159 151032 595 2668 2360 1544 3060 7950 6833 3245 8916 4442 1730 2799 31254
internal_value=9.78414e-05 0.00458852 0.0144137 7.97131e-05 -0.00213794 0.0213913 -1.24551e-05 3.25592e-05 0.00103899 0.00202677 0.0034473 0.0045219 0.00664723 -9.48579e-05
internal_weight=2.52884e+08 6.06223e+06 1.9069e+06 4.15534e+06 2.31638e+06 548450 2.46821e+08 2.38944e+08 2.68517e+07 2.01553e+07 1.35064e+07 1.08015e+07 5.45231e+06 2.12093e+08
internal_count=229587 11386 6323 5063 2703 3655 218201 210251 27965 21132 12216 8971 4529 182286
cat_boundaries=0 1 2 3
cat_threshold=24 145 320
is_linear=0
shrinkage=0.03


Tree=366
num_leaves=15
num_cat=3
split_feature=13 12 13 14 16 0 13 16 0 11 1 9 11 0
split_gain=138986 312790 45264.5 25329.2 21548.6 50392 33899.9 26068.5 47415.8 50763.3 37380.1 36839 29944.7 47093.2
threshold=0.56617079247711499 0.99983437853173751 0.33625239732437012 0.68562408060802593 0.099416194722808979 0 0.99380781880482738 0.089869429603364012 1 1.0128747137800109 15.500000000000002 62.500000000000007 1.0346959800403648 2
decision_type=2 2 2 2 2 1 2 2 1 2 2 2 2 1
left_child=1 3 -3 -1 7 6 -6 11 12 -10 -11 -2 -9 -14
right_child=4 2 -4 -5 5 -7 -8 8 9 10 -12 -13 13 -15
leaf_value=-0.00026350884071546255 -0.00049192737132863046 0.0014740434290193996 -0.0011158332702164355 0.00019216932373428779 0.00013591608742254664 -0.00026688430708872679 0.00055761092209779867 -8.5130098359357273e-05 -0.00087033815137711919 -0.00060141151641723584 0.00012542310451630118 9.4801237981345167e-06 0.00044427585092103188 -4.7065760592292596e-05
leaf_weight=1252028.4019773006 1537507.6750532389 551213.59171259403 1350261.2287201881 3014879.9676282406 2429032.3993530273 1820783.4337768555 2495203.3325390816 8736295.9446105957 2318849.9444141388 1785404.934232235 2432128.911907196 216858204.88720739 3086152.1908569336 4168074.4576416016
leaf_count=1738 1257 3627 2565 3477 1159 1898 1253 2434 1341 1170 1514 204228 1420 970
internal_value=0.000130831 0.00457898 0.0146988 6.92475e-05 2.00457e-05 0.00169246 0.00326923 -2.67761e-05 -0.000998431 -0.00315118 -0.00119083 7.34473e-05 -0.000118456 0.00130623
internal_weight=2.53836e+08 6.16838e+06 1.90147e+06 4.26691e+06 2.47668e+08 6.74502e+06 4.92424e+06 2.40923e+08 2.25269e+07 6.53638e+06 4.21753e+06 2.18396e+08 1.59905e+07 7.25423e+06
internal_count=230051 11407 6192 5215 218644 4310 2412 214334 8849 4025 2684 205485 4824 2390
cat_boundaries=0 1 2 3
cat_threshold=448 90 66
is_linear=0
shrinkage=0.03


Tree=367
num_leaves=15
num_cat=0
split_feature=13 11 3 14 10 13 16 1 14 1 16 14 1 1
split_gain=119024 69520.2 127187 74504.1 32383.3 48750.2 21502.6 52523.3 50464.8 38241.2 37189.6 56533.8 70247.6 135763
threshold=0.56617079247711499 0.88002456839183818 1.5000000000000002 0.87158761711986699 0.82120607435980486 0.33625239732437012 0.089869429603364012 11.500000000000002 0.89729520766646598 17.500000000000004 0.076551096840151614 0.80817321326263725 8.5000000000000018 11.500000000000002
decision_type=2 2 2 2 2 2 2 2 2 2 2 2 2 2
left_child=1 -1 4 -4 -3 -6 10 8 -8 -9 11 12 -2 -14
right_child=6 2 3 -5 5 -7 7 9 -10 -11 -12 -13 13 -15
leaf_value=7.8147706826358086e-07 0.0006248168221245254 0.00069734256540522231 -0.0016082861158105669 0.0024763490479876769 0.00099016746356986058 -0.00054028921697250821 0.00015147217602236201 -0.00080902191450314784 -4.4198841504218737e-05 -0.00010688108999600594 8.0104852809947095e-05 3.9785736218232799e-06 -0.0007634795638174778 -8.6947567028766395e-05
leaf_weight=2289410.2666600943 1269540.4433960915 551481.09250760078 1112316.3070653677 441168.95922064781 390308.03684413433 1373072.9413160086 3272063.3157348633 3497429.9422278404 12815694.738687515 9347461.110355854 45139235.282683372 161205776.47269106 3091938.506131649 7851984.289301157
leaf_count=2105 3756 583 1817 1845 2740 2300 1296 3340 4715 3643 25923 166473 2626 6879
internal_value=9.48404e-05 0.00421477 0.00666702 2.67008e-05 0.0111233 0.0131076 -7.66654e-06 -0.000776225 0.000365919 -0.00220672 9.40748e-05 -0.000105579 -0.00207345 -0.00284837
internal_weight=2.53649e+08 6.15776e+06 3.86835e+06 1.55349e+06 2.31486e+06 1.76338e+06 2.47491e+08 2.89326e+07 1.60878e+07 1.28449e+07 2.18558e+08 1.73419e+08 1.22135e+07 1.09439e+07
internal_count=230041 11390 9285 3662 5623 5040 218651 12994 6011 6983 205657 179734 13261 9505
is_linear=0
shrinkage=0.03


Tree=368
num_leaves=15
num_cat=0
split_feature=13 11 3 14 16 16 16 11 16 11 1 9 9 1
split_gain=142131 61820 107706 69973.1 24059.2 44892.9 31802.9 56333.5 43157.6 34422.9 39641.1 33412.4 35595 206367
threshold=0.56617079247711499 0.88002456839183818 1.5000000000000002 0.87158761711986699 0.099416194722808979 0.10464416358175241 0.089869429603364012 1.0323118499713326 0.096462080404403627 1.1902710751006842 10.500000000000002 62.500000000000007 66.500000000000014 9.5000000000000018
decision_type=2 2 2 2 2 2 2 2 2 2 2 2 2 2
left_child=1 -1 -3 -4 6 -6 9 8 -8 11 -11 -2 13 -13
right_child=4 2 3 -5 5 -7 7 -9 -10 10 -12 12 -14 -15
leaf_value=4.3731570995986623e-05 -0.00045566904291046562 0.00061474818925201155 -0.0024352774504440176 0.0027523933976516214 0.00041454723926728418 -0.00023850911005302624 -0.00014990817809379584 4.0398162153364502e-05 -0.00040448228346158472 -0.00064422337751064913 -8.1955328632094652e-05 -0.00065655534001642752 7.7632937606760425e-06 0.00046837396868161236
leaf_weight=2325954.067466855 1574543.4514859915 2271598.1762595177 1113781.4708409309 448424.6705467701 4397857.626083374 2381627.0582225323 9026662.9970998764 10285020.293193817 3014159.6743240356 1947350.8328808546 5004846.0620326996 1313461.4708821774 203898593.7349751 5009519.6881752014
leaf_count=2119 1271 5577 1816 1872 2634 1733 3425 4444 861 2854 4715 1565 191920 3655
internal_value=0.000107701 0.00460916 0.0069501 0.00088661 -4.17129e-06 0.00175838 -5.37376e-05 -0.00113231 -0.00252506 5.6343e-05 -0.00202082 0.000124526 0.000157136 0.00237392
internal_weight=2.54013e+08 6.15976e+06 3.8338e+06 1.56221e+06 2.47854e+08 6.77948e+06 2.41074e+08 2.23258e+07 1.20408e+07 2.18748e+08 6.9522e+06 2.11796e+08 2.10222e+08 6.32298e+06
internal_count=230461 11384 9265 3688 219077 4367 214710 8730 4286 205980 7569 198411 197140 5220
is_linear=0
shrinkage=0.03


Tree=369
num_leaves=15
num_cat=2
split_feature=13 12 12 12 12 5 11 0 14 11 3 11 0 12
split_gain=115563 285623 26122.2 112994 80818.3 71111.8 56082.5 45798.5 93218.7 85335.8 66451.7 125412 69550.2 88940.9
threshold=0.56617079247711499 0.99983437853173751 1.0017672621402147 0.99983437853173751 1.0022632125571322 1.0000000180025095e-35 1.0203308808862317 0 0.98289279598700829 0.97496938264852517 1.5000000000000002 1.0210008438125338 1 0.97813683953467312
decision_type=2 2 2 2 2 2 2 1 2 2 2 2 1 2
left_child=1 -1 3 5 6 7 -4 8 9 -2 -9 12 13 -12
right_child=2 -3 4 -5 -6 -7 -8 10 -10 -11 11 -13 -14 -15
leaf_value=-3.5479010423869188e-06 0.00042965566702204614 0.0010739975470686045 -0.00021992698105438767 0.00037380289209688758 1.8247196566122875e-06 -0.00068629200702458742 -0.00079021248420295593 3.5510855366789447e-05 -6.2018373707458277e-05 4.8864401212826042e-05 -0.023766011865218158 -0.0019122073530060707 0.00024740961490564862 -0.0001546433628988621
leaf_weight=4319430.6116279364 4475753.2618045807 1893157.2890651226 2974026.4156496525 8374245.9250308275 175328242.61341882 1495614.2031311989 1566998.2054793835 30358836.626362324 9090266.3437749147 5236898.9160926342 508599.94004774094 2135464.1732935905 4652255.2472654581 1119030.7727125883
leaf_count=5215 3342 6149 2805 6338 157121 874 960 22385 8811 4083 987 2494 6047 2209
internal_value=0.000203708 0.00424488 0.000102194 0.000605691 -8.66066e-05 0.000143365 -0.00403797 0.000311123 0.00152613 0.00356966 -0.000278077 -0.00263698 -0.000501349 -0.00583895
internal_weight=2.53529e+08 6.21259e+06 2.47316e+08 6.7447e+07 1.79869e+08 5.90727e+07 4.54102e+06 5.75771e+07 1.88029e+07 9.71265e+06 3.87742e+07 8.41535e+06 6.27989e+06 1.62763e+06
internal_count=229820 11364 218456 57570 160886 51232 3765 50358 16236 7425 34122 11737 9243 3196
cat_boundaries=0 1 2
cat_threshold=208 256
is_linear=0
shrinkage=0.03


Tree=370
num_leaves=15
num_cat=3
split_feature=11 0 2 12 16 0 12 10 11 14 14 0 16 14
split_gain=34328.2 93513.3 72355.6 116302 63774.5 48645.3 69465 100388 65053.6 63697.9 47579.6 106208 69832 45657.6
threshold=0.96562958517018271 0 1.5000000000000002 1.0075532020675959 0.061731171987293984 1 1.0091514731206532 0.98364139411840446 1.0147009219858605 0.69793830188227823 1.1386763187492799 2 0.069632986040462322 0.86863312934990444
decision_type=2 1 2 2 2 1 2 2 2 2 2 1 2 2
left_child=1 2 4 -4 -1 6 7 -2 -8 -7 -11 12 -12 -3
right_child=5 13 3 -5 -6 9 8 -9 -10 10 11 -13 -14 -15
leaf_value=-0.00026181263558355339 0.0015573334429456788 0.00025009835477287723 0.00031941711319362424 0.00078608000666813272 0.00020005229789997857 -0.00068379604955186508 -0.00048535661952064013 0.0001884601248292508 7.1425500154857907e-05 -2.855497588640138e-05 0.0010282463856585611 -0.00035932181138312666 0.004535358900445448 -7.2507929684930767e-05
leaf_weight=1496738.3221846819 1889870.7259788513 5664396.9735418558 4093573.5014834404 1902737.510088563 1800495.606262207 1273470.9344484806 3476275.5046271086 7667539.0623860359 38881564.52621448 161094174.97323394 969134.67030513287 1766710.2161172628 626877.69082641602 21118805.071923018
leaf_count=1460 1731 4772 3137 2304 785 3537 4585 10130 50550 115342 2806 7473 574 20790
internal_value=0.000115353 0.000972447 0.00356534 0.00552825 -4.37394e-06 -2.67177e-05 0.000774629 0.00308485 0.000253362 -0.00027774 -0.000225986 0.00330584 0.00891525 7.27341e-05
internal_weight=2.53722e+08 3.60767e+07 9.29354e+06 5.99631e+06 3.29723e+06 2.17646e+08 5.19152e+07 9.55741e+06 4.23578e+07 1.6573e+08 1.64457e+08 3.36272e+06 1.59601e+06 2.67832e+07
internal_count=229976 33248 7686 5441 2245 196728 66996 11861 55135 129732 126195 10853 3380 25562
cat_boundaries=0 1 2 3
cat_threshold=144 98 20
is_linear=0
shrinkage=0.03


Tree=371
num_leaves=15
num_cat=3
split_feature=13 12 14 13 0 14 12 0 12 16 3 0 9 12
split_gain=130127 274190 38865.3 30755.5 23880.1 22418.7 17661.2 58659.7 137152 64591.3 58795.4 57758.4 84352.6 72969.9
threshold=0.56617079247711499 0.99947707111996298 0.65192553140091347 0.33625239732437012 0 0.85509778858906105 1.0051969303918387 1 1.0024913181220338 0.084490063981975255 1.0000000180025095e-35 2 84.500000000000014 1.0137025498423149
decision_type=2 2 2 2 1 2 2 1 2 2 2 1 2 2
left_child=1 2 -1 4 -3 -5 7 8 9 -2 -10 12 -8 -13
right_child=6 3 -4 5 -6 -7 11 -9 10 -11 -12 13 -14 -15
leaf_value=-0.00038446580716706589 0.0001423716846344267 0.0010748104685126456 0.00022091754199434686 0.001084588845922234 0.0015272456709117357 0.00059071653865658594 0.00025953728211478884 -2.4479037192759503e-05 0.00099847102558311821 -0.00034192020078150758 0.00023920598853793384 -0.0001367944999516092 -0.00024618174664024463 4.1706270821794159e-05
leaf_weight=991817.76042187214 21731663.497459292 332190.60107278824 3233858.8169414997 845161.36767232418 213252.10596358776 571795.36866104603 3798484.6353956461 58563390.101194859 2897565.2781362534 4005068.7388000488 1550609.4650226831 27711497.799020529 26001150.108523846 101293019.1223743
leaf_count=1416 23797 583 3659 1424 3051 1232 3901 44089 1878 1989 1432 21639 24508 95383
internal_value=7.04972e-05 0.0043675 6.40744e-05 0.0136342 0.0196875 0.011304 -3.69153e-05 0.000302045 0.00137635 0.000535653 0.00624057 -0.000226345 -0.00141675 4.86353e-05
internal_weight=2.53741e+08 6.18808e+06 4.22568e+06 1.9624e+06 545443 1.41696e+06 2.47552e+08 8.87483e+07 3.01849e+07 2.57367e+07 4.44817e+06 1.58804e+08 2.97996e+07 1.29005e+08
internal_count=229981 11365 5075 6290 3634 2656 218616 73185 29096 25786 3310 145431 28409 117022
cat_boundaries=0 1 2 3
cat_threshold=24 202 136
is_linear=0
shrinkage=0.03


Tree=372
num_leaves=15
num_cat=0
split_feature=13 12 13 14 13 14 1 1 16 14 16 16 16 16
split_gain=110921 261569 24441.5 20748.3 18097.6 61190.9 55864.7 88430.3 41323.3 27844.2 26057 42820.8 23867.9 22302.8
threshold=0.56617079247711499 0.99947707111996298 0.33625239732437012 0.68562408060802593 0.79398568042344897 0.92180476968108171 8.5000000000000018 11.500000000000002 0.068891934499030402 0.72095687806170861 0.067272562967069877 0.033755858039455959 0.036756969814227235 0.08156592268938942
decision_type=2 2 2 2 2 2 2 2 2 2 2 2 2 2
left_child=1 3 -3 -1 5 6 10 -8 12 -6 11 -2 -7 -9
right_child=4 2 -4 -5 9 8 7 13 -10 -11 -12 -13 -14 -15
leaf_value=-0.00032315575109703504 -0.0017655927159072418 0.0012477371368384814 0.00086268089013649967 0.00020032471590596015 -0.00033451456254499068 -0.0001442144286192903 -0.0008323152800178065 -7.1441235092011961e-05 -0.00019609757445347316 1.1184830393490279e-05 0.00043853374181459918 0.00039911285759265696 0.00060156605145001514 -0.00048245496213145556
leaf_weight=1192195.5046833754 307116.3608404398 540119.54391288757 1402409.0616949797 3001458.9175659418 2201080.7446616888 601894.57240974903 2397272.6055631638 6546656.2850997448 1940640.0012865067 227498451.25100362 1517659.3488769531 394393.93203735352 2397033.6472320557 1697506.3287963867
leaf_count=1639 2318 3628 2650 3432 2674 3721 2048 6121 1381 196223 704 408 2019 970
internal_value=0.000178544 0.00416293 0.0132637 -5.26014e-05 7.97607e-05 -0.000841777 -0.00193188 -0.00283481 0.0019964 0.000151174 0.00239789 -0.00238355 0.00420371 -0.0013601
internal_weight=2.53636e+08 6.13618e+06 1.94253e+06 4.19365e+06 2.475e+08 1.78002e+07 1.28606e+07 1.06414e+07 4.93957e+06 2.297e+08 2.21917e+06 701510 2.99893e+06 8.24416e+06
internal_count=229936 11349 6278 5071 218587 19690 12569 9139 7121 198897 3430 2726 5740 7091
is_linear=0
shrinkage=0.03


Tree=373
num_leaves=15
num_cat=0
split_feature=11 11 11 10 12 10 11 1 12 12 10 10 12 9
split_gain=24061.8 74385.1 57143.4 64777.6 45827.4 59734.9 41884.4 42896.5 169678 147044 131252 85622.1 88360.8 98101.1
threshold=1.0256949624400986 1.0273366141169642 1.0215849090380162 1.021303743850827 1.0048876901737636 1.0314375331682433 1.0275274932361529 8.5000000000000018 1.0477841128593066 1.0556393429599884 1.0377336508874493 1.1492947894123116 1.024112885485482 89.500000000000014
decision_type=2 2 2 2 2 2 2 2 2 2 2 2 2 2
left_child=2 -2 -1 -4 -5 -6 -3 8 10 -9 -8 12 -12 -14
right_child=1 6 3 4 5 -7 7 9 -10 -11 11 -13 13 -15
leaf_value=2.6279054807555745e-05 -0.00057354084466983081 0.00059766942188040995 0.00053744997800142058 0.00040064073471543098 -0.0002113597171963675 0.00055061043840157111 -0.00014288739496781943 -0.0001198305280441992 -0.00019131116818264503 0.00013022806960217702 0.00025975192476099371 -0.00045126776026719234 0.00015772984182507781 0.0008457093877880077
leaf_weight=114979471.25572073 2954769.7198144197 1170938.5595875978 1732464.4974726439 2866843.3676693439 3003143.5137306452 1817307.087163806 3891091.5048781633 66867357.77699101 8780645.3563342094 35433314.010929823 4645169.8569425344 1095527.1664258242 1252728.8898504972 2930495.4793514013
leaf_count=98966 2107 963 1114 2043 2361 1778 5713 53576 14544 32705 6842 2212 1618 3351
internal_value=0.00013936 -0.000147679 0.000437066 0.00268346 0.00150243 -0.000283871 -3.73998e-05 -9.03465e-05 0.00109265 -0.000351641 0.00316522 0.00499624 0.00597786 0.00914054
internal_weight=2.53421e+08 1.29022e+08 1.24399e+08 9.41976e+06 7.68729e+06 4.82045e+06 1.26067e+08 1.24896e+08 2.25957e+07 1.02301e+08 1.3815e+07 9.92392e+06 8.82839e+06 4.18322e+06
internal_count=229893 123631 106262 7296 6182 4139 121524 120561 34280 86281 19736 14023 11811 4969
is_linear=0
shrinkage=0.03


Tree=374
num_leaves=15
num_cat=4
split_feature=13 12 13 1 0 2 13 0 16 0 0 16 16 2
split_gain=101379 255696 21071.4 17103.5 92852.7 76145.1 54099.9 57178.8 59126.8 54029.9 53583.1 105239 81028.3 56978.3
threshold=0.56617079247711499 0.99947707111996298 0.33625239732437012 10.500000000000002 0 1.5000000000000002 0.83482797422305333 1 0.095419360151761376 2 3 0.065162257697104889 0.094411603261541396 1.0000000180025095e-35
decision_type=2 2 2 2 1 2 2 1 2 1 1 2 2 2
left_child=1 -1 -3 4 -2 9 -7 8 -8 -6 11 13 -12 -5
right_child=3 2 -4 10 5 6 7 -9 -10 -11 12 -13 -14 -15
leaf_value=-9.0837480955643836e-06 -0.0002380855994091285 -0.00099360981164259743 0.0010237604054155697 -0.00021334397028570796 0.00060538807956999718 0.00030469728887200665 -4.281584862926023e-05 9.9564821975515794e-05 -0.00051600548421813926 0.00012968550270476263 -2.2747063556730792e-05 -9.4398205566475585e-05 -0.00095354785007455687 0.00063957923583707853
leaf_weight=4179677.0844732523 14131194.390740156 569958.78758585453 1355220.918514967 2359635.2586684227 3103001.0249220133 3445947.719799757 11414618.463088274 20667326.061957359 2602206.6868076324 19489533.815482378 145276315.23316503 13059417.597473145 1656194.7649405003 10282183.838843107
leaf_count=5087 23903 3687 2628 3256 2797 4903 11246 23410 682 14148 105943 11178 957 16093
internal_value=0.000175185 0.00399432 0.0130408 8.09771e-05 0.000459718 0.000969431 0.000151691 -0.000204493 -0.00168357 0.00234956 -8.32447e-05 0.00118049 -0.000304295 0.00313163
internal_weight=2.53592e+08 6.10486e+06 1.92518e+06 2.47488e+08 7.48538e+07 6.07226e+07 3.81301e+07 3.46842e+07 1.40168e+07 2.25925e+07 1.72634e+08 2.57012e+07 1.46933e+08 1.26418e+07
internal_count=229918 11402 6315 218516 81089 57186 40241 35338 11928 16945 137427 30527 106900 19349
cat_boundaries=0 1 2 3 4
cat_threshold=162 272 256 34
is_linear=0
shrinkage=0.03


Tree=375
num_leaves=15
num_cat=0
split_feature=11 1 14 12 3 10 11 10 1 16 2 12 12 11
split_gain=21440.1 78046.5 76846.4 84322.5 49995.6 71632.5 69237.8 49225.7 44871.8 90666 49402.3 112891 147132 165688
threshold=0.98536147366073423 19.500000000000004 0.88781725287033697 0.99880713796770515 1.5000000000000002 0.83866519279172203 0.98059644709439753 0.79976984507662452 19.500000000000004 0.044202609877353728 4.5000000000000009 0.99493778713559811 1.0017672621402147 1.0007501084115906
decision_type=2 2 2 2 2 2 2 2 2 2 2 2 2 2
left_child=1 2 3 -1 6 7 -4 -6 10 -10 -2 -12 -13 -14
right_child=8 -3 4 -5 5 -7 -8 -9 9 -11 11 12 13 -15
leaf_value=0.00012144718524904885 -1.0333217171206922e-05 0.00077142779815591309 -1.7755152053978375e-05 0.00054362171618065047 -0.00028475534500097118 -0.00077791228754867494 0.00066344770360082426 -0.0071188738524748957 -0.00011795993687158091 -0.0010402712891044445 -0.0008807982475097833 0.00093069499687326918 -0.002525548210206844 0.0002076108437749654
leaf_weight=7850752.6933213472 154510934.80048227 4337163.1459789276 24558216.284203053 2232866.9270579815 1678584.4896050692 5312135.6704143286 2027262.5063047409 848243.17572450638 16199797.201905251 1982470.8742887974 2775462.7916133404 2804142.1637324095 1551178.4450320005 24853874.260366082
leaf_count=5987 108451 8500 16684 1792 2640 7093 1405 1168 32978 1986 3659 3319 1710 32437
internal_value=8.83493e-05 0.000653091 0.000278747 0.00258199 -0.000395918 -0.00250138 0.000224895 0.00165671 -4.64232e-05 -0.00146902 9.22723e-05 0.00116544 0.00171484 0.00102099
internal_weight=2.53523e+08 4.88452e+07 4.45081e+07 1.00836e+07 3.44244e+07 7.83896e+06 2.65855e+07 2.52683e+06 2.04678e+08 1.81823e+07 1.86496e+08 3.19847e+07 2.92092e+07 2.64051e+07
internal_count=229809 45269 36769 7779 28990 10901 18089 3808 184540 34964 149576 41125 37466 34147
is_linear=0
shrinkage=0.03


Tree=376
num_leaves=15
num_cat=2
split_feature=13 12 13 14 11 13 1 0 2 16 16 0 10 2
split_gain=95148.1 241997 30345.8 21808.3 32192.5 19754.8 53252.1 56689.6 43179.9 70815.3 65910.9 87100.9 65424.5 58038.8
threshold=0.56617079247711499 0.99947707111996298 0.33625239732437012 0.87158761711986699 0.92167517421559297 0.97277132162216995 6.5000000000000009 0 4.5000000000000009 0.055922555133776648 0.077159911473550891 1 1.0140370453833489 1.5000000000000002
decision_type=2 2 2 2 2 2 2 1 2 2 2 1 2 2
left_child=1 3 -3 4 -1 6 7 -2 9 13 -11 -12 -13 -7
right_child=5 2 -4 -5 -6 8 -8 -9 -10 10 11 12 -14 -15
leaf_value=3.9478399333667069e-05 -0.0012276958144540201 0.00059163055818465735 0.00084466067814455983 -0.01193905477272158 -0.0018932259792212435 -8.8374571433014328e-05 4.0678471236237985e-05 -9.1299814288884579e-05 0.00011044583626472661 -0.00015804451537333169 0.00028502853189181943 0.00010884562637033739 -0.00018239270978346093 0.00018456984564595364
leaf_weight=2285297.2059249878 937246.77859413624 559850.58519041538 1413991.4524650574 876307.14125216007 1059146.5984712839 13442752.106507897 97290455.463668585 2192829.0911957026 26640037.089492679 50824838.707305908 11820719.846038818 6458782.87109375 15439109.057373047 22690872.535871267
leaf_count=1973 3695 3684 2645 1694 1414 17628 74508 11231 35706 29662 6839 2292 5643 31398
internal_value=6.68907e-05 0.00373931 0.0124101 -0.000315605 -0.00141944 -2.49368e-05 0.000299535 -0.00355202 -0.000246117 -0.000487435 -0.000962539 6.58635e-05 -0.0010544 0.000624186
internal_weight=2.53932e+08 6.19459e+06 1.97384e+06 4.22075e+06 3.34444e+06 2.47738e+08 1.00421e+08 3.13008e+06 1.47317e+08 1.20677e+08 8.45435e+07 3.37186e+07 2.18979e+07 3.61336e+07
internal_count=230012 11410 6329 5081 3387 218602 89434 14926 129168 93462 44436 14774 7935 49026
cat_boundaries=0 1 2
cat_threshold=3 449
is_linear=0
shrinkage=0.03


Tree=377
num_leaves=15
num_cat=2
split_feature=13 12 14 7 13 16 12 0 16 16 9 0 9 16
split_gain=135438 235557 33898.1 31893.1 30162.4 17486.9 42510 67856.4 53037.6 46704.6 80453 98600.2 67680.5 104612
threshold=0.56617079247711499 0.99947707111996298 0.87158761711986699 1.0000000180025095e-35 0.33625239732437012 0.053981197135824027 0.97665741464072364 0 0.044202609877353728 0.04990669866214225 82.500000000000014 1 77.500000000000014 0.051683114612688437
decision_type=2 2 2 2 2 2 2 1 2 2 2 1 2 2
left_child=1 2 3 -1 -3 6 7 8 -2 10 11 -8 -11 -14
right_child=5 4 -4 -5 -6 -7 9 -9 -10 12 -12 -13 13 -15
leaf_value=6.9865313885236958e-05 0.0019473606169876912 0.0012297957067353876 0.00093972783893605291 -0.0059287589800448961 0.00091658717901251733 -1.1781459295514957e-05 -0.0011707491565423819 -4.0208504940565226e-06 0.00012571936385188237 0.00072126006143149156 1.2144636685835087e-05 -2.633873978000148e-05 0.00073509802451897518 -2.7035970789619456e-05
leaf_weight=2400163.1836975813 1238560.3850188255 531503.87801897526 847894.84395039082 1019995.438832283 1397092.7472817898 190908539.45701766 1952314.4493627548 3065998.1717694998 694791.93252563477 2326854.3528547287 28968867.012121081 2690588.4408429861 2455063.8626251221 13071253.11800766
leaf_count=2413 2834 3636 1643 1050 2681 114414 3905 6289 403 1438 71882 7243 2204 7729
internal_value=0.00012093 0.00450159 0.000569741 -0.000761455 0.0132029 1.11954e-05 0.000474991 0.00311605 0.00751743 0.000218436 -0.000440218 -0.00410643 0.00145847 0.000743405
internal_weight=2.53569e+08 6.19665e+06 4.26805e+06 3.42016e+06 1.9286e+06 2.47373e+08 5.64643e+07 4.99935e+06 1.93335e+06 5.14649e+07 3.36118e+07 4.6429e+06 1.78532e+07 1.55263e+07
internal_count=229764 11423 5106 3463 6317 218341 103927 9526 3237 94401 83030 11148 11371 9933
cat_boundaries=0 1 2
cat_threshold=89 76
is_linear=0
shrinkage=0.03


Tree=378
num_leaves=15
num_cat=3
split_feature=13 12 14 11 13 0 0 1 9 10 10 11 11 0
split_gain=116205 199875 36468.9 38303.9 21700.9 23180.5 19495.9 77759.8 59504.5 38230.2 65558.9 55861.4 37271.7 83382.8
threshold=0.56617079247711499 0.99947707111996298 0.87158761711986699 0.92167517421559297 0.33625239732437012 0 1 7.5000000000000009 71.500000000000014 0.96771506909300131 0.97119576682951958 0.81558126065163716 0.96562958517018271 2
decision_type=2 2 2 2 2 1 1 2 2 2 2 2 2 1
left_child=1 2 3 -1 5 -3 7 8 -2 11 -11 -9 13 -8
right_child=6 4 -4 -5 -6 -7 12 9 -10 10 -12 -13 -14 -15
leaf_value=7.8112561509926379e-05 -0.0015592569294097076 -0.0029050874230725698 0.00090260178511119128 -0.0016366290966850288 0.00084206053308042892 0.001191752706829482 0.00029291559116991216 0.00051252052081460643 -0.00031757367925682671 0.0008847672945326788 9.5289477504668119e-05 -0.00044773430247052923 -3.5988414634882067e-05 -3.5893307034285437e-05
leaf_weight=2332157.6791704893 315913.78299844265 325495.95412385464 872726.68540239334 1092896.5538983345 1398641.8030941486 227786.82161748409 7726800.8522222042 1278296.5476989746 4507350.4173607826 1603613.4713287354 44836474.062449694 4423561.8759622574 164720420.08334255 17633626.169799447
leaf_count=1997 965 570 1663 1464 2642 3111 6397 1193 14441 1170 49077 5083 124839 14983
internal_value=2.15505e-05 0.00406152 0.000445923 -0.00094905 0.0120224 0.0170517 -8.06517e-05 0.000406167 -0.00323816 0.000743277 0.00102791 -0.00157502 -0.000226546 0.000844078
internal_weight=2.53296e+08 6.24971e+06 4.29778e+06 3.42505e+06 1.95192e+06 553283 2.47046e+08 5.69652e+07 4.82326e+06 5.21419e+07 4.64401e+07 5.70186e+06 1.90081e+08 2.53604e+07
internal_count=229595 11447 5124 3461 6323 3681 218148 71929 15406 56523 50247 6276 146219 21380
cat_boundaries=0 1 2 3
cat_threshold=24 98 144
is_linear=0
shrinkage=0.03


Tree=379
num_leaves=15
num_cat=2
split_feature=13 11 3 14 13 0 14 0 1 1 13 13 1 11
split_gain=130739 58172.1 79126.3 61750.7 29605.6 30805.9 28147.3 44776.6 65253.8 46730.6 41997.4 47642.7 48525.1 56768.2
threshold=0.56617079247711499 0.88002456839183818 1.5000000000000002 0.83213896427668133 0.33625239732437012 0 1.0585095856346838 1 11.500000000000002 13.500000000000002 1.0228762550714816 1.2749234009508783 12.500000000000002 1.0559171684260189
decision_type=2 2 2 2 2 1 2 1 2 2 2 2 2 2
left_child=1 -1 4 -4 5 -3 10 8 -8 -10 -2 12 13 -12
right_child=6 2 3 -5 -6 -7 7 -9 9 -11 11 -13 -14 -15
leaf_value=4.1336186948657874e-05 1.4385424586018618e-05 0.00074742773605446613 -0.0016265237169924209 0.0014522777671288267 0.0007547334907878233 0.0007935482488585472 -0.00022731273472856566 -1.8950746883268973e-05 0.0015574690573904163 0.00038105290177620492 -7.5820237731262806e-05 0.00078739131088998836 -0.00016143624976065334 0.00020972473816616608
leaf_weight=2268841.9034518003 150973876.56743658 366963.29485118389 837062.73111951351 768419.14018166065 1671116.4135429859 244709.92799568176 3116094.9622904062 15148764.979790092 1313752.3853149414 6082427.1816437244 19660914.460753679 1349959.4333869219 39276760.267106533 9951435.8004899025
leaf_count=2113 116979 940 1559 2150 2578 2032 8482 24225 1468 9295 14969 3729 29807 9242
internal_value=8.932e-05 0.00440736 0.00663484 0.00153174 0.0102238 0.0158708 -1.83732e-05 0.000922152 0.0024265 0.00396069 -0.000127476 -0.000733498 -0.000842873 7.41085e-05
internal_weight=2.53031e+08 6.15711e+06 3.88827e+06 1.60548e+06 2.28279e+06 611673 2.46874e+08 2.5661e+07 1.05123e+07 7.39618e+06 2.21213e+08 7.02391e+07 6.88891e+07 2.96124e+07
internal_count=229568 11372 9259 3709 5550 2972 218196 43470 19245 10763 174726 57747 54018 24211
cat_boundaries=0 1 2
cat_threshold=28 178
is_linear=0
shrinkage=0.03


Tree=380
num_leaves=15
num_cat=0
split_feature=13 12 16 13 11 11 10 10 12 10 10 1 12 12
split_gain=127120 211472 29837.3 26173.4 20545.7 18379.6 17573.6 71831.8 56150 58954.7 60119 57096.6 54455.9 51639.8
threshold=0.56617079247711499 0.99947707111996298 0.0794715526108246 0.43892950188008456 0.91700597683295093 0.94481337209393501 1.0377336508874493 1.0363308762909964 0.98446444983219006 1.0428102923176461 1.0434611972545575 19.500000000000004 1.0075532020675959 1.012215049947701
decision_type=2 2 2 2 2 2 2 2 2 2 2 2 2 2
left_child=1 3 5 4 -1 -3 7 -2 -8 -10 -11 12 -12 -9
right_child=6 2 -4 -5 -6 -7 8 13 9 10 11 -13 -14 -15
leaf_value=3.0941275324499589e-05 -1.393655168568018e-05 0.00030601623121463738 0.00074888348219022004 0.00043955965626664493 -0.074254366060191396 -0.0038209028827006319 0.00031548227967270992 -8.5673016185109776e-05 0.00017638692185677825 -0.00081129494353886851 -0.00027372686782669848 -0.00035518406190423145 3.3766542561841905e-05 -0.00084523839506447668
leaf_weight=1796096.8602663279 123652515.72683442 608922.10176289082 591348.41345489025 1479345.7654179335 913475.98097634315 837394.0073210001 6824192.1893442869 1859716.2482999563 11440110.877864718 1194233.646151185 7344546.1746188402 8841887.8379189968 84038167.084475994 2602379.0841085911
leaf_count=1836 104755 542 416 1677 1580 5413 5896 1352 8654 931 5614 18215 71744 1695
internal_value=7.63758e-05 0.00431003 0.012237 0.000454013 -0.00129819 0.00991572 -3.00061e-05 -0.000274192 0.000231382 7.15965e-05 -0.00015869 -7.89592e-05 0.000143771 -0.00401368
internal_weight=2.54024e+08 6.22658e+06 2.03766e+06 4.18892e+06 2.70957e+06 1.44632e+06 2.47798e+08 1.28115e+08 1.19683e+08 1.12859e+08 1.01419e+08 1.00225e+08 9.13827e+07 4.4621e+06
internal_count=230320 11464 6371 5093 3416 5955 218856 107802 111054 105158 96504 95573 77358 3047
is_linear=0
shrinkage=0.03


Tree=381
num_leaves=15
num_cat=0
split_feature=13 12 12 12 13 11 10 10 10 10 12 10 12 10
split_gain=146611 176206 42528.7 32843.4 25176.7 18590.8 16969.1 93426.9 57591.9 62437 60137.1 51406.4 50460.5 50064
threshold=0.56617079247711499 0.99947707111996298 0.92324355344902431 0.97169678200662513 0.33625239732437012 0.94481337209393501 1.0283647253166985 1.0246308835688984 1.0335834421676138 1.0377336508874493 1.012215049947701 1.0363308762909964 1.0477841128593066 1.0189606505582181
decision_type=2 2 2 2 2 2 2 2 2 2 2 2 2 2
left_child=1 2 -1 -4 -3 -6 7 12 -8 10 -10 -12 13 -2
right_child=6 4 3 -5 5 -7 8 -9 9 -11 11 -13 -14 -15
leaf_value=-0.00034910410666994776 -2.2812837526409114e-05 0.0011107622457425458 0.00088680278602972157 -0.012711423367795516 0.00017322754961501184 0.001501434187530826 0.00022585021853377605 -0.00031344762449602895 9.9892730337415851e-06 1.6891464202550098e-05 -0.00011260450836245262 -0.00096896271801470148 -0.00051842808095196424 0.00018026136390292776
leaf_weight=1130050.488083005 86515124.47521472 562311.66845560074 1135580.2728033066 1997201.0154854059 519743.60101032257 835866.27363979816 9818930.172739625 7810376.7127742767 4195122.7118400335 119401686.88354516 2051103.3923436403 2578996.0388994217 3164114.5735712051 11605707.475996375
leaf_count=1198 75106 3660 1658 2255 287 2353 7953 5695 3649 111044 1723 1703 2938 8636
internal_value=6.43735e-05 0.0046281 0.00123046 0.00303015 0.0121798 0.00996604 -4.97608e-05 -0.000329393 0.000171227 1.66382e-06 -0.00243331 -0.00479057 -8.56015e-05 3.46445e-05
internal_weight=2.53322e+08 6.18075e+06 4.26283e+06 3.13278e+06 1.91792e+06 1.35561e+06 2.47141e+08 1.09095e+08 1.38046e+08 1.28227e+08 8.82522e+06 4.6301e+06 1.01285e+08 9.81208e+07
internal_count=229858 11411 5111 3913 6300 2640 218447 92375 126072 118119 7075 3426 86680 83742
is_linear=0
shrinkage=0.03


Tree=382
num_leaves=15
num_cat=2
split_feature=13 12 12 14 1 9 2 1 9 1 0 0 2 9
split_gain=226530 154458 49611 25122.8 19291.7 19024.3 120323 118360 152883 135544 114607 81347.8 57632.5 55340.9
threshold=0.56617079247711499 0.98944881953521702 0.92324355344902431 0.85862153954868592 12.500000000000002 79.500000000000014 5.5000000000000009 7.5000000000000009 71.500000000000014 14.500000000000002 0 1 1.0000000180025095e-35 74.500000000000014
decision_type=2 2 2 2 2 2 2 2 2 2 1 1 2 2
left_child=1 2 -1 -3 -4 6 7 8 -2 12 -11 -8 -9 -14
right_child=5 3 4 -5 -6 -7 11 9 -10 10 -12 -13 13 -15
leaf_value=-0.00035477530252786673 -0.00074902715655913153 0.00079157444080165697 0.00044644594913061119 0.00099099150589611155 0.00056348021471400579 -1.1876152958780456e-05 -0.00013051971410327586 0.00072244879905483173 0.00023036000485287874 0.00046363219484254456 -0.00020343546337557003 -0.0020964885410875811 0.00016225630348257395 0.00057339933720231765
leaf_weight=1133399.5921918154 1581287.667096734 1471838.9909018278 1174381.1478458643 728067.91016125679 1709272.664000988 218681720.8861866 875342.06966662407 1631346.697052002 1190753.7322632074 4009691.9426336288 8168557.8996829987 767205.48155784607 6819321.0518712997 3591465.5219621658
leaf_count=1223 2744 3807 1994 3041 1384 194188 910 948 2075 4101 5393 1531 4190 2329
internal_value=0.000118168 0.00577409 0.00227475 0.0121639 0.0043649 -2.40087e-05 0.000703113 0.00118283 -0.00468927 0.0018549 -0.000376773 -0.00718022 0.00411179 0.00329024
internal_weight=2.53534e+08 6.21696e+06 4.01705e+06 2.19991e+06 2.88365e+06 2.47317e+08 2.8635e+07 2.69924e+07 2.77204e+06 2.42204e+07 1.21782e+07 1.64255e+06 1.20421e+07 1.04108e+07
internal_count=229858 11449 4601 6848 3378 218409 24221 21780 4819 16961 9494 2441 7467 6519
cat_boundaries=0 1 2
cat_threshold=424 152
is_linear=0
shrinkage=0.03


Tree=383
num_leaves=15
num_cat=3
split_feature=13 12 12 13 0 10 10 0 10 10 9 10 10 0
split_gain=191576 112442 42840.4 33307.9 24984 20011.1 73525 61662.6 112186 77261.8 97258.2 89439.5 134020 82502.4
threshold=0.56617079247711499 0.99712577792716017 0.92324355344902431 0.33625239732437012 0 1.0283647253166985 1.0246308835688984 1 1.0155051720594799 1.0189606505582181 84.500000000000014 1.0140370453833489 1.0138281127492375 2
decision_type=2 2 2 2 1 2 2 1 2 2 2 2 2 1
left_child=1 2 -1 4 -3 6 7 8 -2 11 -11 12 -9 -13
right_child=5 3 -4 -5 -6 -7 -8 9 -10 10 -12 13 -14 -15
leaf_value=-0.00025276141864258973 -0.00011178280443063463 0.00091020053168119398 0.00061520301939858044 0.00060735542720459794 0.0011219494656734971 2.3387271088515576e-05 -0.0002715911688255511 -6.7355392731581756e-06 -0.00098938374889451469 -7.7675248090732668e-05 0.0005413186573460766 -9.4337749243201052e-05 0.00058913654811657749 -0.0010293236811799147
leaf_weight=1129674.1562222242 13341428.427184343 360740.58477723598 3065239.9009789228 1454662.1504383087 210857.70593178272 138027906.27911305 7797513.9857051373 68865579.600607276 2016052.7479481697 4211316.0377069712 6465573.0055103302 2978074.6643164158 1848714.7950894833 1623767.3514977694
leaf_count=1209 17005 594 3730 2749 3142 125843 5685 55751 2266 2043 5648 1803 988 1473
internal_value=0.000134451 0.00533391 0.00253084 0.011137 0.017273 3.58595e-06 -0.000299964 -8.39924e-05 -0.00183501 0.000228722 0.00261705 -0.00010985 0.000153877 -0.00416241
internal_weight=2.53397e+08 6.22117e+06 4.19491e+06 2.02626e+06 571598 2.47176e+08 1.09148e+08 1.01351e+08 1.53575e+07 8.5993e+07 1.06769e+07 7.53161e+07 7.07143e+07 4.60184e+06
internal_count=229929 11424 4939 6485 3736 218505 92662 86977 19271 67706 7691 60015 56739 3276
cat_boundaries=0 1 2 3
cat_threshold=24 288 88
is_linear=0
shrinkage=0.03


Tree=384
num_leaves=15
num_cat=4
split_feature=13 12 12 13 0 2 9 0 12 0 14 12 12 0
split_gain=191130 122896 35445.4 27762.6 26007.4 22314.3 123493 110364 77510.9 108451 107999 93097.9 109298 76124
threshold=0.56617079247711499 0.99712577792716017 0.92324355344902431 0.33625239732437012 0 4.5000000000000009 74.500000000000014 1 1.0251274134934043 2 0.9397392221217814 1.0059837287205067 1.004197057542799 3
decision_type=2 2 2 2 1 2 2 1 2 1 2 2 2 1
left_child=1 2 -1 4 -3 -2 7 -7 9 -8 -10 12 -11 -12
right_child=5 3 -4 -5 -6 6 8 -9 10 11 13 -13 -14 -15
leaf_value=-0.00020845733903615305 -1.8899525057513245e-05 0.00090005924901447542 0.00049688914341207023 0.00037312334174139674 0.0010191579325089944 0.00035595398594069215 -0.00046320799181732183 -0.00082113996094988729 -0.00062178880706951708 0.00033077671743449529 0.00036235128758222031 0.00069012914734170887 -0.00098895670199715922 -0.00018494251335712301
leaf_weight=1153230.3544991016 204286729.19494176 349044.09221625328 3017303.7200502157 1416858.3800456524 220842.8256136179 970103.72841691971 4393653.7221992016 1702776.4169232845 3147073.9508070946 10201799.031189561 4262884.5254700184 8728887.9558646679 1859493.1487571001 7966372.6793454885
leaf_count=1231 158669 590 3687 2658 3145 1736 8642 1942 4922 12502 5196 10837 1560 12440
internal_value=6.73345e-05 0.00528835 0.00236305 0.0114291 0.0170209 -6.25432e-05 0.000556641 -0.00568925 0.00096824 0.00199299 -0.000710129 0.00289802 0.00119019 0.000565306
internal_weight=2.53677e+08 6.15728e+06 4.17053e+06 1.98675e+06 569887 2.4752e+08 4.3233e+07 2.67288e+06 4.05602e+07 2.51838e+07 1.53763e+07 2.07902e+07 1.20613e+07 1.22293e+07
internal_count=229757 11311 4918 6393 3735 218446 59777 3678 56099 33541 22558 24899 14062 17636
cat_boundaries=0 1 2 3 4
cat_threshold=24 139 257 49
is_linear=0
shrinkage=0.03


Tree=385
num_leaves=15
num_cat=2
split_feature=13 10 7 14 10 0 1 14 14 16 9 7 16 0
split_gain=156400 47841.4 49985.1 83299.9 29937.1 26094.5 24304.6 22462.1 21300.3 18780.7 49690.6 112814 70151.6 62652.4
threshold=0.56617079247711499 0.72933451265396121 1.0000000180025095e-35 0.84064510801132564 0.83310007439074751 0 14.500000000000002 0.72095687806170861 0.9153473320575779 0.053394880302814023 83.500000000000014 1.0000000180025095e-35 0.041611353594922726 1
decision_type=2 2 2 2 2 1 2 2 2 2 2 2 2 1
left_child=1 -1 4 -4 -3 6 7 -6 -5 10 11 12 -2 -12
right_child=9 2 3 8 5 -7 -8 -9 -10 -11 13 -13 -14 -15
leaf_value=-0.00016741044759467438 -0.0003210665772660768 0.00042060290150223978 -0.0032742542209929213 0.00054502252303495447 0.00038190482900698613 -0.0012126091461887158 -4.2244144469069782e-05 0.0012972585763289738 0.009178310561517744 -1.4273787831538345e-05 0.0003872135948383998 -0.00099748395308144706 0.00040041916736021223 5.7185209191724836e-06
leaf_weight=853561.48691141605 2774334.2598581314 1852459.0915452242 902678.20957696438 437377.09802472591 207210.94844734669 947790.70312297344 328272.45285487175 303246.04315233231 367422.50698721409 197420577.52407718 14569172.326321959 1342322.3162690401 2748415.7993774414 28333303.214621902
leaf_count=719 7467 1520 1693 489 1262 1822 912 1247 1776 117760 30199 3640 1959 57382
internal_value=9.68123e-05 0.00480293 0.00585589 0.00162121 0.00784288 0.0106137 0.00675918 0.0108546 0.00863881 -2.12275e-05 0.000499591 -0.00187017 2.5805e-05 0.00087879
internal_weight=2.53388e+08 6.20002e+06 5.34646e+06 1.70748e+06 3.63898e+06 1.78652e+06 838729 510457 804800 2.47188e+08 4.97675e+07 6.86507e+06 5.52275e+06 4.29025e+07
internal_count=229847 11440 10721 3958 6763 5243 3421 2509 2265 218407 100647 13066 9426 87581
cat_boundaries=0 1 2
cat_threshold=421 74
is_linear=0
shrinkage=0.03


Tree=386
num_leaves=15
num_cat=0
split_feature=13 10 3 14 11 11 16 4 1 11 1 14 14 13
split_gain=157096 38110.1 54964 91735.9 29049.2 21395.4 19505.3 16738.1 129065 74197.9 45226.6 45439.9 35293.4 32876.4
threshold=0.56617079247711499 0.73877059037293324 1.5000000000000002 0.83213896427668133 0.96866404877547096 1.0147009219858605 0.072308149630761667 1.0000000180025095e-35 16.500000000000004 0.93424325707176459 12.500000000000002 1.4904328048837827 1.3507360378118121 1.4611920349058671
decision_type=2 2 2 2 2 2 2 2 2 2 2 2 2 2
left_child=1 -1 4 -4 -3 -6 -5 13 9 -9 11 -11 -10 -2
right_child=7 2 3 6 5 -7 -8 8 12 10 -12 -13 -14 -15
leaf_value=-4.4594873707261501e-05 5.454729693363464e-06 0.00047495948708372216 -0.0036387780296597092 0.0013037135193880486 0.00080177554140879661 -0.0010770320767090906 0.0018766469592857596 -0.0031429242245696785 0.0019981845399192986 -0.0013631165115887364 0.00021743541199575496 -0.00032638029932254822 0.0003049898213174409 0.00077839712168502166
leaf_weight=1054049.5140132904 240849073.0243926 2691889.951192379 873467.8149907589 458245.96496856213 375967.90274691582 329617.86778068542 404439.52955961227 678975.03897571564 609815.41758203506 718333.63900470734 1343270.9727478027 659944.91278231144 947566.05347967148 1479576.635769248
leaf_count=933 203183 2436 1627 1826 1032 3077 511 741 1111 1347 1321 1690 1575 7749
internal_value=0.000162895 0.00488433 0.00595116 0.00160873 0.00817019 0.0135885 0.00854768 4.47543e-05 -0.00168079 -0.00495647 -0.00274306 -0.00656094 0.00547162 8.0058e-05
internal_weight=2.53474e+08 6.18768e+06 5.13363e+06 1.73615e+06 3.39748e+06 705586 862685 2.47287e+08 4.95791e+06 3.40052e+06 2.72155e+06 1.37828e+06 1.55738e+06 2.42329e+08
internal_count=230159 11442 10509 3964 6545 4109 2337 218717 7785 5099 4358 3037 2686 210932
is_linear=0
shrinkage=0.03


Tree=387
num_leaves=15
num_cat=0
split_feature=13 12 12 16 16 13 1 1 13 11 12 13 1 16
split_gain=187337 130402 31714.4 26300.5 35210.5 27829.2 49884.4 80375.7 212973 59985 48729 47411 53222 66656.6
threshold=0.56617079247711499 0.98986823442860816 0.92324355344902431 0.10464416358175241 0.10291246103483447 0.97157542957146681 6.5000000000000009 8.5000000000000018 0.89930145417444085 1.0001372609616839 1.0137968994692892 0.86507368172615362 11.500000000000002 0.054359088539022181
decision_type=2 2 2 2 2 2 2 2 2 2 2 2 2 2
left_child=1 2 -1 4 5 6 -2 8 9 -8 -11 12 13 -9
right_child=3 -3 -4 -5 -6 -7 7 11 -10 10 -12 -13 -14 -15
leaf_value=-0.00024325420165794578 -0.00042167003416830509 0.00072040316366250704 0.00060566201073907703 -0.00035176575821569409 0.00046786110070322812 -2.9949321220188409e-05 0.00019624638432677265 0.00019868724066959487 -6.8486180394137095e-05 0.00081615109393346158 0.00045673935019055814 6.6001401557857042e-05 -1.3375863165612928e-05 -0.0005393528418590652
leaf_weight=1148865.3838119507 3097566.8667715788 2134544.8712991476 2809786.3133085966 2339694.6574668884 1460892.5531768799 146208467.91644299 2053756.5571136475 1786207.4393291473 6329740.478729248 2061368.730140686 1699742.5313568115 54048213.888980865 22311635.326358318 4512267.0771651268
leaf_count=1222 14817 6695 3356 1707 885 128550 1231 1612 3432 1081 1259 40331 20405 3414
internal_value=0.000100969 0.00529779 0.00207509 -2.67599e-05 3.40127e-06 -2.43887e-05 0.000367059 0.000489467 0.00276836 0.00691327 0.00916486 0.00015464 -0.000832886 -0.0032682
internal_weight=2.54003e+08 6.0932e+06 3.95865e+06 2.4791e+08 2.4557e+08 2.44109e+08 9.79005e+07 9.48029e+07 1.21446e+07 5.81487e+06 3.76111e+06 8.26583e+07 2.86101e+07 6.29847e+06
internal_count=229997 11273 4578 218724 217017 216132 87582 72765 7003 3571 2340 65762 25431 5026
is_linear=0
shrinkage=0.03


Tree=388
num_leaves=15
num_cat=0
split_feature=13 12 12 1 10 2 2 9 16 16 1 12 12 10
split_gain=156796 124996 39635.6 21601.4 20512.7 28290.7 26069.7 93307.3 85503.2 80930 67220.9 61051.4 110291 138175
threshold=0.56617079247711499 0.99947707111996298 0.92324355344902431 13.500000000000002 1.311423601463038 2.5000000000000004 4.5000000000000009 74.500000000000014 0.063093165805787346 0.08738686393244284 19.500000000000004 0.99493778713559811 1.019141366626745 0.98739584037764205
decision_type=2 2 2 2 2 2 2 2 2 2 2 2 2 2
left_child=1 2 -1 -4 6 -6 -2 8 -8 10 11 -9 -13 -14
right_child=4 -3 3 -5 5 -7 7 9 -10 -11 -12 12 13 -15
leaf_value=-0.00031960472036023194 -1.0874797929228309e-05 0.00048224641645067102 0.00062065164477891738 0.00030074139909325555 2.9232652366794412e-05 -0.00059734841719077275 -0.0013916411254860438 -0.00012686422961807168 -8.6617039744626929e-05 -0.00063196639844084214 -0.00035769183066125049 0.000585489320004689 -0.0011851380166237296 0.00023821868502436604
leaf_weight=1121296.7927123308 200127694.00265098 1926819.6259183884 1506784.223099947 1609966.9055361748 2512339.9818065166 2288769.4597929716 914812.58151710033 5976686.6186521053 1727892.5259912014 3326644.3687753677 4257877.9697873592 11646648.041411757 2003906.5525621176 12497720.117927194
leaf_count=1222 155672 6299 2511 1331 1875 2255 2073 8142 1559 3181 10575 13767 2843 16490
internal_value=0.000105668 0.00483151 0.00195116 0.00369133 -1.21507e-05 -0.00195395 2.62969e-05 0.000702485 -0.0047559 0.00106575 0.00147527 0.00194474 0.00256999 0.000823916
internal_weight=2.53446e+08 6.16487e+06 4.23805e+06 3.11675e+06 2.47281e+08 4.80111e+06 2.4248e+08 4.23522e+07 2.64271e+06 3.97095e+07 3.63828e+07 3.2125e+07 2.61483e+07 1.45016e+07
internal_count=229795 11363 5064 3842 218432 4130 214302 58630 3632 54998 51817 41242 33100 19333
is_linear=0
shrinkage=0.03


Tree=389
num_leaves=15
num_cat=1
split_feature=13 11 3 14 11 16 16 3 9 14 9 9 0 16
split_gain=165711 51332.4 69068.8 48616.1 19395.4 16479.5 83759.1 59114.8 125905 83509.5 59347.4 59313.3 57585 48672
threshold=0.56617079247711499 0.88002456839183818 1.5000000000000002 0.84064510801132564 0.93203134380749886 0.076551096840151614 0.080986009623554941 1.0000000180025095e-35 82.500000000000014 0.85184261628799651 71.500000000000014 83.500000000000014 0 0.073697918808304008
decision_type=2 2 2 2 2 2 2 2 2 2 2 2 1 2
left_child=1 -1 -3 -4 -5 13 12 9 -9 -8 -11 -12 -7 -2
right_child=5 2 3 4 -6 6 7 8 -10 10 11 -13 -14 -15
leaf_value=0.00012687035260796738 4.78188437594492e-06 0.00077910834990253352 -0.0054420886583126903 0.00044252578293347682 0.036120946296200433 0.00037327717117325443 0.00027999937236107889 0.00052937426660396502 -0.000229991428976577 -0.00037960367774178533 0.00040107443757154976 3.7716748474465373e-06 0.00013197403193356707 -0.00024242316130774057
leaf_weight=2283535.4123163223 164811116.90410197 2325226.2188248634 919674.08824062347 353220.1311340332 335545.95788431168 4987476.4177856445 5103685.7066650391 1882285.8389263153 17100869.421871662 2568658.6403808594 2621260.5861206055 30164801.85736084 9619061.7563285828 7997065.1256241798
leaf_count=2106 173986 5610 1610 357 1727 2351 2333 1287 11286 1117 1137 12291 7177 5169
internal_value=0.000209208 0.00504645 0.0071234 0.00234377 0.00837061 8.73798e-05 0.000461832 -3.83279e-05 -0.00141949 0.000609715 9.18663e-05 0.000435905 0.00249724 -7.30725e-05
internal_weight=2.53073e+08 6.2172e+06 3.93367e+06 1.60844e+06 688766 2.46856e+08 7.40481e+07 5.94416e+07 1.89832e+07 4.04584e+07 3.53547e+07 3.27861e+07 1.46065e+07 1.72808e+08
internal_count=229544 11410 9304 3694 2084 218134 38979 29451 12573 16878 14545 13428 9528 179155
cat_boundaries=0 1
cat_threshold=17
is_linear=0
shrinkage=0.03


Tree=390
num_leaves=15
num_cat=4
split_feature=13 12 12 0 1 13 0 10 11 0 12 11 0 2
split_gain=176191 116337 28082.4 19924.3 21145.7 19758.7 20501.4 19059.4 41589.7 46350.7 34899.6 30136.9 86636.2 61479.3
threshold=0.56617079247711499 0.99712577792716017 0.92324355344902431 0 13.500000000000002 0.33625239732437012 1 0.79976984507662452 0.81558126065163716 2 0.91908275567921338 0.9569913468292458 3 3.5000000000000004
decision_type=2 2 2 1 2 2 1 2 2 1 2 2 1 2
left_child=1 2 -1 -4 -5 6 -3 8 10 -10 -2 12 13 -9
right_child=7 5 3 4 -6 -7 -8 11 9 -11 -12 -13 -14 -15
leaf_value=-0.00019593152284138929 0.00053859051113833828 0.00057202228229279921 0.0011812587447432572 0.00048015542930611817 -0.00016891483005516172 0.00073103073381264934 0.0010393686946707375 0.00012869577508970497 -6.8128753864848404e-05 -0.00076860557833636155 -0.00036686787844399674 -1.1730426507689079e-06 -6.5430649240315794e-05 0.00091453515722271636
leaf_weight=1142188.3962001801 1431357.4689455032 364582.7715113163 1306372.7941704988 800588.34211540222 844596.33031082153 1427565.3886387348 242542.80207824707 6032766.8431042433 2995685.4092001915 2169176.2594428062 978178.65328204632 220660672.60604692 11369842.66683948 2214115.6713908911
leaf_count=1228 1893 596 1409 1447 846 2691 3137 4257 2429 3033 982 194228 9261 2726
internal_value=0.000163125 0.00518811 0.00227407 0.00381976 0.00162331 0.0110511 0.0155843 3.88763e-05 -0.00144283 -0.0029612 0.00181181 8.5585e-05 0.00121243 0.00355336
internal_weight=2.5398e+08 6.12844e+06 4.09375e+06 2.95156e+06 1.64518e+06 2.03469e+06 607126 2.47852e+08 7.5744e+06 5.16486e+06 2.40954e+06 2.40277e+08 1.96167e+07 8.24688e+06
internal_count=230163 11354 4930 3702 2293 6424 3733 218809 8337 5462 2875 210472 16244 6983
cat_boundaries=0 1 2 3 4
cat_threshold=86 24 268 177
is_linear=0
shrinkage=0.03


Tree=391
num_leaves=15
num_cat=5
split_feature=14 1 1 16 16 0 0 16 16 1 0 0 0 2
split_gain=22429.5 233202 152981 138215 121416 101260 95862.8 69405.8 59054.8 67414.9 73188.1 52049.8 40132.5 39787.7
threshold=0.85862153954868592 8.5000000000000018 12.500000000000002 0.028503126329125328 0.090568376962788785 0 1 0.053212309214869392 0.058593427497950504 16.500000000000004 2 3 4 2.5000000000000004
decision_type=2 2 2 2 2 1 1 2 2 2 1 1 1 2
left_child=1 3 5 -1 6 -3 -5 12 -9 10 -10 -11 -4 -12
right_child=-2 2 7 4 -6 -7 -8 8 9 11 13 -13 -14 -15
leaf_value=-0.00097058552728569291 1.2805935689263405e-06 -9.1962526521456464e-05 -0.00013241427006716519 0.0013731102608248182 9.2556688667308211e-05 -0.00080518637642021265 0.00062990348907754801 0.00064012781597421863 0.00034849455405298527 0.00054044082520269101 -0.00057776816594027681 0.00010936247027855507 -0.00075669312004955592 -9.3939502284780876e-05
leaf_weight=716150.89531755447 219271641.10693872 4951137.9556114674 1197070.8000664711 1680815.0070800781 2545575.2159423828 3841200.5585021973 1704664.8309869766 2963034.6131248474 2446656.9890050888 2282737.9956665039 2048002.6656494141 3998633.9982690811 775119.85518121719 3238414.1185913086
leaf_count=8125 196882 2730 2587 638 1060 3888 1379 1913 1717 869 1361 2559 1963 2208
internal_value=0.000119571 0.000831906 -0.000377374 0.00587882 0.00738202 -0.00364792 0.011104 0.00114011 0.00175891 0.000945349 -0.000929916 0.00325401 -0.00418686 -0.00291542
internal_weight=2.53661e+08 3.43892e+07 2.7742e+07 6.64721e+06 5.93106e+06 8.79234e+06 3.38548e+06 1.89497e+07 1.69775e+07 1.40144e+07 7.73307e+06 6.28137e+06 1.97219e+06 5.28642e+06
internal_count=229879 32997 21795 11202 3077 6618 2017 15177 10627 8714 5286 3428 4550 3569
cat_boundaries=0 1 2 3 4 5
cat_threshold=278 28 322 25 466
is_linear=0
shrinkage=0.03


Tree=392
num_leaves=15
num_cat=3
split_feature=13 12 12 13 14 0 12 11 0 0 12 1 2 1
split_gain=143784 102597 29237.6 23227 24614.6 21319.3 16965.3 42988.1 122732 114492 97982.2 135634 107156 100862
threshold=0.56617079247711499 0.99712577792716017 0.92324355344902431 0.33625239732437012 0.85509778858906105 0 1.0051969303918387 1.0142450752632377 1 2 1.0483975785225208 9.5000000000000018 1.0000000180025095e-35 16.500000000000004
decision_type=2 2 2 2 2 1 2 2 1 1 2 2 2 2
left_child=1 2 -1 5 -5 -3 -2 9 10 -8 11 -9 -12 -13
right_child=6 3 -4 4 -6 -7 7 8 -10 -11 12 13 -14 -15
leaf_value=-0.0002207199737096115 4.1930100021713568e-05 0.00056747755695532576 0.00050265166913583486 0.00070183965953194848 0.00012232451538816253 0.00085771259143033228 -0.00054779762126782325 0.00018431563114502239 5.2216500093598683e-05 1.3167501417215113e-05 -0.0011632816336613525 -0.00086310658192683635 0.00030445850361315792 -0.00023146257808385529
leaf_weight=1101177.6985987425 88688598.59600687 378989.36215484142 3024821.6709718704 872546.87271463871 563729.18326532841 240512.09381377697 8934088.4070581198 3965415.852904439 109314425.13883531 17708248.113300443 1182282.321385622 6614783.1327514648 5945881.992667079 4875600.6272888184
leaf_count=1179 73327 603 3741 1431 1271 3203 8481 4216 100377 15381 1195 4411 7018 4291
internal_value=0.000191834 0.00471099 0.00198292 0.0101863 0.00809202 0.0150417 7.88358e-05 -0.000107037 0.000114983 -0.00120619 -0.00189836 -0.00324032 0.00101136 -0.00489128
internal_weight=2.53411e+08 6.18178e+06 4.126e+06 2.05578e+06 1.43628e+06 619501 2.47229e+08 1.58541e+08 1.31898e+08 2.66423e+07 2.2584e+07 1.54558e+07 7.12816e+06 1.14904e+07
internal_count=230125 11428 4920 6508 2702 3806 218697 145370 121508 23862 21131 12918 8213 8702
cat_boundaries=0 1 2 3
cat_threshold=24 136 100
is_linear=0
shrinkage=0.03


Tree=393
num_leaves=15
num_cat=3
split_feature=13 10 0 11 0 16 14 13 0 9 16 3 9 13
split_gain=144782 44360.4 48674 66878.6 22168.6 18724.1 34884 43617.7 37044.6 124158 75341.4 41689.7 53021.1 47640.2
threshold=0.56617079247711499 0.72565943610004047 0 1.01747247632864 1 0.053981197135824027 0.72095687806170861 0.78313651123217609 2 89.500000000000014 0.051978320493574537 2.5000000000000004 89.500000000000014 1.2893408564668483
decision_type=2 2 1 2 1 2 2 2 1 2 2 2 2 2
left_child=1 -1 -3 4 -4 6 7 -2 9 10 -8 13 -13 -10
right_child=5 2 3 -5 -6 -7 8 -9 11 -11 -12 12 -14 -15
leaf_value=-0.0002955077550309492 -0.0010524327533600897 -0.00044262296256035612 0.00073080842774902034 0.0021555746611406868 0.00022321760136888053 -1.1160487808122023e-05 -0.0012486187260815694 -0.0020048254342237321 0.00013574660472640972 8.0658309877659922e-05 7.1543309248305568e-05 -0.00080896311389110282 -7.5741539387464224e-05 0.0020559950369630695
leaf_weight=685602.92185640335 476703.88532483578 641799.67689108849 1638569.9467167854 594207.1125138998 2681743.6955153942 191542362.22671008 1994094.1199998856 368903.36519396305 33299996.083717942 14431051.309681416 897485.26943969727 565775.09211432934 3535232.0913020372 870511.16552436352
leaf_count=597 1236 1988 1815 3844 3091 114604 4819 1435 49221 28335 641 1596 10783 6108
internal_value=0.000130113 0.00464266 0.00553105 0.00654573 0.00524786 1.65285e-05 0.000496761 -0.00555069 0.000588745 -0.000562321 -0.00623623 0.00110975 -0.00174836 0.00145276
internal_weight=2.54224e+08 6.24192e+06 5.55632e+06 4.91452e+06 4.32031e+06 2.47982e+08 5.64398e+07 845607 5.55941e+07 1.73226e+07 2.89158e+06 3.82715e+07 4.10101e+06 3.41705e+07
internal_count=230113 11335 10738 8750 4906 218778 104174 2671 101503 33795 5460 67708 12379 55329
cat_boundaries=0 1 2 3
cat_threshold=256 76 69
is_linear=0
shrinkage=0.03


Tree=394
num_leaves=15
num_cat=3
split_feature=13 12 13 0 12 12 0 12 16 16 16 2 0 10
split_gain=133273 84885.8 30466.4 27897.1 27395.8 26964.4 52934.2 111811 66966.9 56522.9 91560 87127.3 48117.8 86621.1
threshold=0.56617079247711499 0.99712577792716017 0.33625239732437012 0 0.92324355344902431 1.0051969303918387 1 1.0022632125571322 0.084490063981975255 0.078152467936967049 0.0719969788048095 1.5000000000000002 2 0.96086558797800203
decision_type=2 2 2 1 2 2 1 2 2 2 2 2 1 2
left_child=1 4 -3 -4 -1 6 7 8 -2 10 -8 -11 13 -7
right_child=5 2 3 -5 -6 12 9 -9 -10 11 -12 -13 -14 -15
leaf_value=-0.00019443072423394467 0.00016480229131669684 -0.035959018844075541 7.3849841626925952e-05 0.0009816337607146345 0.00049380454440321113 0.00039904797447169418 -2.9767690488163199e-05 0.00072417512200335552 -0.00032617578575793344 0.00028825996750418145 -0.00040133520877037171 -1.7727461222466254e-05 5.143621067272164e-07 -0.0002223697468686272
leaf_weight=1127576.2905619144 22540471.45674789 595347.32119941711 643691.73431766033 810859.35914838314 3005553.5668307543 2128652.7116926908 36268640.71293354 4840996.8131792545 4340549.630859375 5786111.1657714844 3401151.8709716797 11209236.247894287 129135861.23592603 27855297.964861155
leaf_count=1220 26365 3763 734 1990 3719 2265 31097 4552 2540 1870 1801 4844 117177 26238
internal_value=9.74207e-05 0.00444787 0.00943915 0.0070993 0.00197236 -1.12589e-05 0.000408877 0.00139011 0.000634273 -0.000140432 -0.000760602 0.00130714 -0.000244634 -0.00132729
internal_weight=2.5369e+08 6.18303e+06 2.0499e+06 1.45455e+06 4.13313e+06 2.47507e+08 8.83872e+07 3.1722e+07 2.6881e+07 5.66651e+07 3.96698e+07 1.69953e+07 1.5912e+08 2.9984e+07
internal_count=230175 11426 6487 2724 4939 218749 73069 33457 28905 39612 32898 6714 145680 28503
cat_boundaries=0 1 2 3
cat_threshold=276 234 136
is_linear=0
shrinkage=0.03


Tree=395
num_leaves=15
num_cat=3
split_feature=13 12 13 12 12 12 0 12 11 0 1 2 14 0
split_gain=196126 216002 127092 32095.6 26639.9 20594.7 52766 124352 63487.7 102939 70066.1 52825.9 52825.6 84896.3
threshold=0.56617079247711499 0.99850866959735451 0.33625239732437012 0.92324355344902431 1.0218310413711047 1.0051969303918387 0 1.0024913181220338 1.0311932712351803 1 13.500000000000002 2.5000000000000004 0.9963850793248088 2
decision_type=2 2 2 2 2 2 1 2 2 1 2 2 2 1
left_child=1 3 -3 -1 -4 6 7 -2 12 -10 -11 -9 -8 -14
right_child=5 2 4 -5 -6 -7 8 11 9 10 -12 -13 13 -15
leaf_value=-0.00027561561435871586 6.4157152140080145e-05 0.0018386668975478243 0.00010141692866664157 0.00039020631228644696 0.00088823020835691456 -1.7930812239334547e-05 8.387980414571558e-05 0.0011570787102740479 -0.00085405672567920071 -0.00024473403682117575 0.00043046927595038716 0.00027749403152919146 0.00020638908140492449 -0.00019030682922495035
leaf_weight=1111142.7411459684 25907652.300254107 615230.88399517536 591825.91200816631 2995073.6169914007 825879.16695892811 158733060.47755659 30994491.827185988 2156384.9643945694 2994858.0845345259 1500793.1309357882 1546953.6024479866 2271580.8502296209 6204227.4324105978 15234725.594814777
leaf_count=1198 26019 3681 1101 3761 1576 145237 20979 1410 2797 1134 1041 1896 7277 10886
internal_value=0.000149839 0.00544666 0.0134442 0.00148719 0.00850283 1.84764e-05 0.000384299 0.00139956 -0.000142385 -0.00305424 0.00082726 0.0060456 0.000193186 -0.000951747
internal_weight=2.53684e+08 6.13915e+06 2.03294e+06 4.10622e+06 1.41771e+06 2.47545e+08 8.88117e+07 3.03356e+07 5.8476e+07 6.0426e+06 3.04775e+06 4.42797e+06 5.24334e+07 2.1439e+07
internal_count=229993 11317 6358 4959 2677 218676 73439 29325 44114 4972 2175 3306 39142 18163
cat_boundaries=0 1 2 3
cat_threshold=202 5 37
is_linear=0
shrinkage=0.03


Tree=396
num_leaves=15
num_cat=0
split_feature=13 12 13 12 10 2 9 16 12 14 12 10 1 9
split_gain=169201 180530 132827 25079.2 24243.3 18021 94942 90114.3 82910.2 89841.2 85744.1 78857.5 90607.1 79371.1
threshold=0.56617079247711499 0.99613586028316414 0.33625239732437012 0.9353060627559534 0.89250296402008533 4.5000000000000009 74.500000000000014 0.062894268614539353 1.0251274134934043 0.9169296688441525 0.99493778713559811 0.98739584037764205 17.500000000000004 89.500000000000014
decision_type=2 2 2 2 2 2 2 2 2 2 2 2 2 2
left_child=1 3 -3 -1 -4 -2 7 -7 10 -10 -8 -11 -13 -14
right_child=5 2 4 -5 -6 6 8 -9 9 11 -12 12 13 -15
leaf_value=-0.00021117257038038179 -1.1767880164929839e-05 0.0017826703875998614 0.00017237020859254225 0.00036488157172796679 0.0012766590457708085 -0.0013374646767880074 -0.00012158493873390609 -0.00012784176079065453 -0.00078338286166595116 -0.0011278616977015031 0.00042016242823763049 0.00030864849169684125 -0.0013695891351903388 -0.00015348690434922711
leaf_weight=1212526.6911289692 204322426.10960114 585834.49768662453 836844.91376972198 2975629.9874892235 633685.91079747677 921988.40935540199 7334448.2978219986 1724841.0551953316 2220617.3165034056 1803994.3847630024 17827433.019589305 8377243.6016944647 711231.06553244591 2158513.1235084534
leaf_count=1337 158803 3782 509 3587 2232 2105 10767 1557 3728 2764 22762 11044 1187 3785
internal_value=0.000110066 0.00498716 0.0122668 0.0014129 0.00745432 -1.30328e-05 0.000544573 -0.00495993 0.000904905 -0.000838843 0.00196325 0.000110301 0.00104424 -0.00355634
internal_weight=2.53647e+08 6.24452e+06 2.05637e+06 4.18816e+06 1.47053e+06 2.47403e+08 4.30803e+07 2.64683e+06 4.04335e+07 1.52716e+07 2.51619e+07 1.3051e+07 1.1247e+07 2.86974e+06
internal_count=229949 11447 6523 4924 2741 218502 59699 3662 56037 22508 33529 18780 16016 4972
is_linear=0
shrinkage=0.03


Tree=397
num_leaves=15
num_cat=0
split_feature=13 12 13 11 14 16 12 13 16 3 10 13 10 2
split_gain=174640 151108 138960 41268.5 30546.5 18649.3 32122.1 31623.1 24517.7 54962.5 50412.1 37612.5 34178.8 28773.1
threshold=0.56617079247711499 0.99712577792716017 0.33625239732437012 0.94481337209393501 0.68562408060802593 0.099416194722808979 1.0112998619576685 0.98607163722328217 0.08738686393244284 1.0000000180025095e-35 1.0804981498706023 1.0403314246854878 1.0948158151668064 4.5000000000000009
decision_type=2 2 2 2 2 2 2 2 2 2 2 2 2 2
left_child=1 4 -3 -4 -1 8 -7 -8 13 10 11 -10 -11 -2
right_child=5 2 3 -5 -6 6 7 -9 9 12 -12 -13 -14 -15
leaf_value=-0.00020299840778160061 -9.4918159998583811e-06 0.0017156863322399811 3.6058211456392358e-07 0.0011753033676102165 0.00044870491504257157 0.00046805003994185242 -0.00033818447811787694 0.0002138296052417202 -2.6751395176248914e-05 -0.00019997886418055713 0.00018849972622449676 -0.00036569381126321264 -0.00097488082837209598 9.766008271050664e-05
leaf_weight=1178792.4106013775 172257278.72909403 583784.44629657269 552569.73866581917 910937.79955196381 2928541.6505937576 2530470.014831543 1586107.0440979004 2635552.1068251133 13516197.674133301 4505035.8130397797 5909125.9767456055 3150991.6443481445 1527781.9728212357 39849427.355319142
leaf_count=1589 145527 3757 286 2430 3292 1530 1089 1728 4230 3048 2381 1094 1286 56508
internal_value=0.000130577 0.00512238 0.0117805 0.00684419 0.00180363 6.42926e-06 0.00156141 -4.05898e-05 -3.71882e-05 -0.00086158 -0.000181852 -0.00102595 -0.0034053 7.40065e-05
internal_weight=2.53623e+08 6.15463e+06 2.04729e+06 1.46351e+06 4.10733e+06 2.47468e+08 6.75213e+06 4.22166e+06 2.40716e+08 2.86091e+07 2.25763e+07 1.66672e+07 6.03282e+06 2.12107e+08
internal_count=229775 11354 6473 2716 4881 218421 4347 2817 214074 12039 7705 5324 4334 202035
is_linear=0
shrinkage=0.03


Tree=398
num_leaves=15
num_cat=4
split_feature=11 0 2 16 0 14 14 11 3 3 0 1 11 0
split_gain=27871.6 98687 82085.5 50978.9 72510.7 61494.7 41353.4 53914.4 70643.9 42334.4 34093.4 105817 35821.8 31818.5
threshold=0.96562958517018271 0 1.0000000180025095e-35 0.04490981942762768 1 0.73095510993816071 0.79832526707994533 0.93424325707176459 1.5000000000000002 1.0000000180025095e-35 2 9.5000000000000018 0.86137251788604408 3
decision_type=2 1 2 2 1 2 2 2 2 2 1 2 2 1
left_child=1 2 -1 4 -3 -5 -4 8 -8 -9 11 -7 -12 -2
right_child=13 3 6 5 -6 10 7 9 -10 -11 12 -13 -14 -15
leaf_value=-0.00015171273236531878 8.3040740358162151e-05 0.0010644059559262733 0.00078282278552862909 0.00042318574536899219 -0.0004736116261389826 0.00058964498948513376 0.00034159589825201811 0.00032800091352460888 -0.0014643284873971508 0.0019228811837903224 -1.5972948461570166e-05 -0.00020695348441172352 -0.00044174025831410712 -1.959310713941899e-05
leaf_weight=2326623.1775013208 51986551.354487538 2031056.8098130226 1246769.4266782999 1992324.3214111328 1107940.6844544411 2172574.1322937012 3747907.10810709 2244341.1708741188 1601692.8881237507 1233294.8994179964 3257071.8072357178 7024224.4571228027 5978520.2015380859 165241088.60256326
leaf_count=1756 66903 5027 1017 1204 4261 1043 2604 1788 2002 1996 2268 4250 3902 129304
internal_value=0.000124 0.000897569 0.00306385 -0.000242459 0.00331694 -0.00078949 0.00423684 0.00351448 0.00162413 0.00642238 -0.00133068 -3.77364e-05 -0.00261819 -4.07224e-06
internal_weight=2.53192e+08 3.59643e+07 1.24006e+07 2.35637e+07 3.139e+06 2.04247e+07 1.0074e+07 8.82724e+06 5.3496e+06 3.47764e+06 1.84324e+07 9.1968e+06 9.23559e+06 2.17228e+08
internal_count=229325 33118 11163 21955 9288 12667 9407 8390 4606 3784 11463 5293 6170 196207
cat_boundaries=0 1 2 3 4
cat_threshold=145 76 260 98
is_linear=0
shrinkage=0.03


Tree=399
num_leaves=15
num_cat=4
split_feature=10 9 2 1 4 0 0 10 16 16 11 0 11 0
split_gain=28323.2 74974.2 52207.3 50814.2 56262.6 49082.8 46702.2 62260.6 34059.1 34004.9 27661.9 38700.5 34301.8 182949
threshold=0.97998433574410881 89.500000000000014 1.0000000180025095e-35 18.500000000000004 1.0000000180025095e-35 0 1 0.96771506909300131 0.060710881994853756 0.035735974219033566 0.96562958517018271 2 1.0142450752632377 3
decision_type=2 2 2 2 2 1 1 2 2 2 2 1 2 1
left_child=1 -1 6 4 -4 -5 8 -8 -3 -7 11 -2 13 -12
right_child=10 2 3 5 -6 9 7 -9 -10 -11 12 -13 -14 -15
leaf_value=0.0010186616994763348 -0.00016729243263964688 -0.00021837483395631776 0.00011069671200386986 0.00080730311679574256 -0.0010908527539307464 0.0012395651454862031 -0.00082737097254903741 1.3563382811320716e-05 0.00016784486948070188 -0.00021420858757312312 0.00017528700996691972 0.00026690690294607779 1.1568352069067849e-05 -0.00024656230472466247
leaf_weight=1305784.735396862 2850737.5024811029 2008631.0525127649 26853909.267945647 2546061.9781332016 1305306.6518336535 746667.30313396454 1755532.5549548864 1029839.3271126747 2781818.0432128906 1696970.0102996826 19144991.93813622 5739236.8263198137 155772380.03798914 28256174.587845922
leaf_count=1540 2380 1952 23203 3095 2011 2621 2123 938 1118 2053 18627 5230 142564 20652
internal_value=0.000116579 0.000827948 0.000601065 0.00111456 0.000620131 0.00390487 -0.0016458 -0.00473482 0.000150295 0.000867711 -2.46128e-05 0.00164292 -9.51144e-05 -0.000801752
internal_weight=2.53794e+08 4.20305e+07 4.07247e+07 3.31489e+07 2.81592e+07 4.9897e+06 7.57582e+06 2.78537e+06 4.79045e+06 2.44364e+06 2.11764e+08 8.58997e+06 2.03174e+08 4.74012e+07
internal_count=230107 40654 39114 32983 25214 7769 6131 3061 3070 4674 189453 7610 181843 39279
cat_boundaries=0 1 2 3 4
cat_threshold=61 285 11 203
is_linear=0
shrinkage=0.03


Tree=400
num_leaves=15
num_cat=0
split_feature=13 12 13 12 12 12 12 13 5 10 14 2 12 9
split_gain=146867 128400 149938 33010 27049.7 27039.6 83035.2 51440.6 64157.7 48948.9 46761.1 82820.1 46634.8 44780
threshold=0.56617079247711499 0.99712577792716017 0.33625239732437012 0.92324355344902431 1.0218310413711047 1.0051969303918387 1.0047518409474658 1.0191760892619233 1.0000000180025095e-35 0.90675470765210653 1.0704399026473783 4.5000000000000009 1.0055498152309033 62.500000000000007
decision_type=2 2 2 2 2 2 2 2 2 2 2 2 2 2
left_child=1 3 -3 -1 -4 6 7 8 -2 -9 -11 -12 -7 -14
right_child=5 2 4 -5 -6 12 -8 9 -10 10 11 -13 13 -15
leaf_value=-0.00027729415134024392 7.8231181544432906e-05 0.0016023924654007021 3.3076430883178563e-05 0.00042306970284740494 -0.0026201246719700904 -0.00040509846024536624 0.00034193399904430865 -0.0004812664622356386 -0.00059559558988801916 -9.505280623862237e-05 4.4160251875137233e-05 0.0027536873389042305 -0.00065299713193271117 -5.5191256620199471e-06
leaf_weight=1116846.5468981266 53312190.838486791 591864.03049552441 617787.57276034355 2946623.0410989523 836848.00566613674 3127339.475725174 4686939.5422233343 2629383.772883296 1418452.1570864916 22534008.587960005 3397872.3621307611 877919.43979310989 1099712.8392548561 154351048.71524537
leaf_count=1216 41206 3748 1141 3640 1565 1927 3200 3589 712 16778 5674 2209 902 142343
internal_value=0.000158816 0.00475362 0.0108817 0.00166729 0.00570204 4.5355e-05 0.00046431 0.000247902 0.000791833 -0.000763324 -0.000380226 0.00249603 -0.0001894 -0.00011643
internal_weight=2.53545e+08 6.10997e+06 2.0465e+06 4.06347e+06 1.45464e+06 2.47435e+08 8.88568e+07 8.41698e+07 5.47306e+07 2.94392e+07 2.68098e+07 4.27579e+06 1.58578e+08 1.55451e+08
internal_count=229850 11310 6454 4856 2706 218540 73368 70168 41918 28250 24661 7883 145172 143245
is_linear=0
shrinkage=0.03


Tree=401
num_leaves=15
num_cat=4
split_feature=13 12 13 12 12 13 12 0 16 12 0 0 10 0
split_gain=179304 134805 145054 42492.4 21157.7 17465.3 35722.6 70234.9 76280.4 82475.2 87150.8 48103.4 49747.1 35637.4
threshold=0.56617079247711499 0.99712577792716017 0.33625239732437012 1.0213035412072564 0.92324355344902431 1.0156442886120436 1.01444308625972 0 0.071740001558386765 1.0339868807011932 1 2 0.95015813474325805 3
decision_type=2 2 2 2 2 2 2 1 2 2 1 1 2 1
left_child=1 4 -3 -4 -1 -2 11 -8 -9 10 -10 12 -7 -11
right_child=5 2 3 -5 -6 6 7 8 9 13 -12 -13 -14 -15
leaf_value=-0.00017627834086679048 1.3088652386498899e-05 0.0016280518687501885 6.1150016337408889e-06 0.0010624417833674028 0.00044019812613958878 -0.00081647929662743708 -0.00016739448630708332 -1.418934829413639e-05 0.00072166314498182753 0.00040295310780136072 0.00040435596116754899 -0.00016608130035405052 0.00012312887048514519 -0.00012198085864093648
leaf_weight=1117128.9740366936 150411975.84949458 579852.00662994385 638170.81520211697 820349.05205988884 2935729.8919787407 1145427.7065788507 16528814.578012109 20809529.505371928 2382960.8617858887 2326715.8513774872 4109335.7284822464 30136131.033869028 15298006.814737797 3914964.5213012695
leaf_count=1220 123878 3737 1110 1589 3683 1904 17046 26901 693 2104 2887 23688 17054 2060
internal_value=6.55691e-05 0.00515038 0.0114434 0.00639742 0.00198531 -5.97943e-05 -0.000374453 0.000181817 0.000970524 0.00279935 0.00516665 -0.000972436 0.00033271 0.000337003
internal_weight=2.53155e+08 6.09123e+06 2.03837e+06 1.45852e+06 4.05286e+06 2.47064e+08 9.66519e+07 5.00723e+07 3.35435e+07 1.2734e+07 6.4923e+06 4.65796e+07 1.64434e+07 6.24168e+06
internal_count=229554 11339 6436 2699 4903 218215 94337 51691 34645 7744 3580 42646 18958 4164
cat_boundaries=0 1 2 3 4
cat_threshold=138 16 234 289
is_linear=0
shrinkage=0.03


Tree=402
num_leaves=15
num_cat=2
split_feature=13 12 13 12 0 12 14 12 2 0 10 2 1 13
split_gain=174765 153038 121147 33216.7 22778.3 20335.6 19927.4 43888.4 43586 41083.1 52305.3 43541.4 42436.7 42331.7
threshold=0.53878424831981009 0.99712577792716017 0.33625239732437012 0.92324355344902431 0 1.0253180588473227 1.035762799620896 1.0894550804295779 2.5000000000000004 1 1.1925834006211711 1.5000000000000002 10.500000000000002 1.0928502508526023
decision_type=2 2 2 2 1 2 2 2 2 1 2 2 2 2
left_child=1 3 4 -1 -3 -4 -2 9 -9 12 11 -11 -8 -13
right_child=6 2 5 -5 -6 -7 7 8 -10 10 -12 13 -14 -15
leaf_value=-0.00026578613741109553 -1.327983152596615e-05 0.0013387335200938755 0.00017650152748805781 0.00045506874711005187 0.00184630702554992 -0.0012683310671631875 -0.00015318253330075238 -3.5616984320341917e-06 0.0009636521555151503 0.00021140282070018437 -0.0010960251889703544 -0.00028309657797896573 0.00031590297761845669 9.5921100326617259e-05
leaf_weight=1053523.0620093346 206069253.4863584 398877.23640966415 570894.51032221317 2678470.1148895025 225568.55329418182 548764.35585868359 4127894.1401369572 1390642.2074946165 1693882.7511970997 5560729.5753147602 861694.35894727707 9241863.2588130236 11973771.582486153 7044518.7203456163
leaf_count=1167 161573 599 1058 3298 3122 1206 9117 1781 3275 6062 1176 10724 14444 11297
internal_value=8.66791e-05 0.00538782 0.012724 0.00195934 0.0233113 0.0068193 -3.03925e-05 0.000566063 0.00401032 0.000292325 -0.000529571 -0.00024363 0.00145148 -0.00102621
internal_weight=2.5344e+08 5.4761e+06 1.7441e+06 3.73199e+06 624446 1.11966e+06 2.47964e+08 4.1895e+07 3.08452e+06 3.88105e+07 2.27088e+07 2.18471e+07 1.61017e+07 1.62864e+07
internal_count=229899 10450 5985 4465 3721 2264 219449 57876 5056 52820 29259 28083 23561 22021
cat_boundaries=0 1 2
cat_threshold=24 178
is_linear=0
shrinkage=0.03


Tree=403
num_leaves=15
num_cat=3
split_feature=13 0 10 13 16 2 9 0 0 14 10 1 9 16
split_gain=128919 31348.2 46577.2 27348.4 23805.1 17919.2 113929 120731 63736.2 85030.4 54927.4 53004.9 89413.4 73811.4
threshold=0.56617079247711499 0 0.82120607435980486 0.27957566888501467 0.055050687005175368 4.5000000000000009 74.500000000000014 1 2 1.1319402910459286 1.3953303454829544 18.500000000000004 87.500000000000014 0.072308149630761667
decision_type=2 1 2 2 2 2 2 1 1 2 2 2 2 2
left_child=1 3 -3 -1 -4 -2 7 -7 9 11 -10 12 -8 -14
right_child=5 2 4 -5 -6 6 8 -9 10 -11 -12 -13 13 -15
leaf_value=-0.0013609857555374018 -1.0362652329457861e-05 7.3448009238668701e-05 0.00065129289816477621 0.00026794546521776721 0.00086334241576988685 -0.0016925257681972808 0.00067232774151573717 -7.8424885775000988e-05 -4.2050087925566668e-05 0.0023688937160512421 -0.001040066817968089 -0.00022502153411659646 0.00047244008777105461 -8.1551215279249328e-06
leaf_weight=380940.62297534943 204622112.41669464 1608102.3943840265 747939.44852602482 746144.1706674099 2647465.745880127 863202.87782168388 1708250.1555440426 1785689.6775006056 15541673.90700233 1083384.1583327055 565086.93996810913 3842560.2918891907 7261059.7537554502 10546294.1015625
leaf_count=1761 158900 1604 5160 1337 1542 1333 1365 2355 30157 2486 767 5493 9715 6204
internal_value=0.000102525 0.00440009 0.00541824 -0.000119903 0.00741022 -3.78863e-06 0.000551427 -0.00547647 0.00094521 0.00191074 -0.000519961 0.00152966 0.0021638 0.00153486
internal_weight=2.5395e+08 6.13059e+06 5.00351e+06 1.12708e+06 3.39541e+06 2.47819e+08 4.31972e+07 2.64889e+06 4.05483e+07 2.44415e+07 1.61068e+07 2.33582e+07 1.95156e+07 1.78074e+07
internal_count=230179 11404 8306 3098 6702 218775 59875 3688 56187 25263 30924 22777 17284 15919
cat_boundaries=0 1 2 3
cat_threshold=320 100 60
is_linear=0
shrinkage=0.03


Tree=404
num_leaves=15
num_cat=0
split_feature=13 12 13 12 12 16 2 9 16 10 3 14 16 12
split_gain=125814 183609 80436.9 31433.3 25801.8 16129.2 15726.6 101244 90262.6 69515.8 67055.3 95176.6 59728.3 53583.1
threshold=0.53878424831981009 0.99947707111996298 0.33625239732437012 0.92324355344902431 0.97169678200662513 0.069382729902509321 4.5000000000000009 74.500000000000014 0.063093165805787346 1.311423601463038 2.5000000000000004 1.4372456528456439 0.08132442582937606 0.92324355344902431
decision_type=2 2 2 2 2 2 2 2 2 2 2 2 2 2
left_child=1 3 5 -1 -5 -3 10 8 -8 12 -2 -12 13 -9
right_child=6 2 -4 4 -6 -7 7 9 -10 -11 11 -13 -14 -15
leaf_value=-0.00036250381370037842 2.0163303895230446e-08 -0.0043654356739050749 0.00069956636060562153 0.00064127101377947214 5.6220886121947595e-05 0.0013718429475521503 -0.0012918331604028928 -0.0020537665982683401 -0.0001104486967566499 -0.001050401131354912 -0.0025953451543999505 -0.00014374470927268888 -0.0001263706042144686 0.00027608679024417287
leaf_weight=1028860.9382065535 201991785.49475574 172933.80280983448 1081401.676872015 967617.49555432796 1808892.0156698227 363913.47054457664 907564.90543675423 838808.81005644798 1703226.4748239517 800429.70448052883 1074874.0339477062 2277565.8379076719 9035716.3422453403 29757643.284267783
leaf_count=1128 154090 3303 2154 1478 2047 329 2119 1554 1541 1087 1366 3937 7400 46337
internal_value=0.000139126 0.00465925 0.0131237 0.0010597 0.00271947 0.0226165 4.04279e-05 0.000561816 -0.00516394 0.000931537 -6.88633e-05 -0.00427693 0.00110832 0.00174122
internal_weight=2.53811e+08 5.42362e+06 1.61825e+06 3.80537e+06 2.77651e+06 536847 2.48388e+08 4.30434e+07 2.61079e+06 4.04326e+07 2.05344e+08 3.35244e+06 3.96322e+07 3.05965e+07
internal_count=229870 10439 5786 4653 3525 3632 219431 60038 3660 56378 159393 5303 55291 47891
is_linear=0
shrinkage=0.03


Tree=405
num_leaves=15
num_cat=1
split_feature=13 12 13 11 14 16 16 16 2 12 3 9 14 0
split_gain=115593 139576 109907 38952 23611.1 22776.3 95186.5 63622.4 90724 52709.2 51453.6 100306 67573.5 56100.8
threshold=0.56617079247711499 0.99712577792716017 0.33625239732437012 0.94481337209393501 0.85509778858906105 0.07595242751154764 0.080986009623554941 0.073396311466877376 4.5000000000000009 1.0253180588473227 1.0000000180025095e-35 82.500000000000014 0.85509778858906105 0
decision_type=2 2 2 2 2 2 2 2 2 2 2 2 2 1
left_child=1 4 -3 -4 -1 7 -7 -2 9 -9 12 -12 13 -8
right_child=5 2 3 -5 -6 6 10 8 -10 -11 11 -13 -14 -15
leaf_value=-5.5761918946301686e-05 2.6746011226674808e-06 0.0014436914466376494 -2.1305822008171017e-05 0.00086405539239890034 0.00078596453174506768 0.00024742675097169154 0.00053624996438736438 -0.00054613580704853304 0.00025142191880985442 -6.6803816585743838e-05 0.00049849014210168728 -0.00020119044798208807 7.1185071766964088e-06 6.1824588974756806e-05
leaf_weight=2988135.4625532627 164036783.41521144 561578.32627189159 558008.80169773102 908409.22151958942 1149632.180013299 15834655.122579575 2573252.8424072266 3546544.0541687012 2792847.9974198341 2047419.2510375977 1920464.2401382923 17003664.719409466 35265807.590454102 2656121.0352783203
leaf_count=3111 173579 3749 294 2445 1860 10510 1198 1724 2374 1099 1328 11269 14412 1197
internal_value=0.000188065 0.00424552 0.0106929 0.00637096 0.00108554 8.7058e-05 0.000522523 -0.000103 -0.00265159 -0.00485628 -2.82651e-05 -0.00131966 0.000575227 0.00375766
internal_weight=2.53843e+08 6.16576e+06 2.028e+06 1.46642e+06 4.13777e+06 2.47678e+08 7.5254e+07 1.72424e+08 8.38681e+06 5.59396e+06 5.94193e+07 1.89241e+07 4.04952e+07 5.22937e+06
internal_count=230149 11459 6488 2739 4971 218690 39914 178776 5197 2823 29404 12597 16807 2395
cat_boundaries=0 1
cat_threshold=211
is_linear=0
shrinkage=0.03


Tree=406
num_leaves=15
num_cat=4
split_feature=13 12 13 0 11 1 0 9 16 0 0 12 16 1
split_gain=149796 128450 116810 31998.9 29636.6 18700 69418 63204.8 43921.1 42515.4 38271.3 51725.4 27042.5 67188.4
threshold=0.56617079247711499 0.99850866959735451 0.33625239732437012 0 0.94481337209393501 6.5000000000000009 1 82.500000000000014 0.023796982604875363 2 3 0.99907259255046421 0.053394880302814023 13.500000000000002
decision_type=2 2 2 1 2 2 1 2 2 1 1 2 2 2
left_child=1 -1 3 -3 -4 6 8 9 -2 -8 11 -9 13 -7
right_child=5 2 4 -5 -6 12 7 10 -10 -11 -12 -13 -14 -15
leaf_value=0.00018041108551622052 -4.076504128046261e-05 0.0013907397227537976 5.5633241568779989e-07 0.0016078618896893497 0.0011380528465091419 0.00025265176720402449 2.5185650623785286e-05 0.001997783929674455 -0.001238311289090449 -0.0013525755734878821 -3.9223264143979097e-05 0.00027909218877692578 -7.2324458235170428e-06 -3.3640179644427362e-05
leaf_weight=4186390.4027172327 597657.22859466076 354176.19232678413 546213.56911802292 224531.84713125229 925266.62377035618 16943650.959629059 354165.86505007744 336221.9022513628 1115354.9489135742 609684.57111513615 4599626.4878326654 1206117.3036706448 197036739.78345656 24269418.658952475
leaf_count=4996 6815 587 282 3124 2422 17827 1553 1051 1635 2093 22122 3619 117809 43909
internal_value=0.000130498 0.00472232 0.0108746 0.0222932 0.00638389 1.45898e-05 -0.00134199 -3.51338e-05 -0.00676296 -0.00717743 0.0010857 0.00517523 6.48036e-05 0.000763654
internal_weight=2.53305e+08 6.23658e+06 2.05019e+06 578708 1.47148e+06 2.47069e+08 8.81883e+06 7.10582e+06 1.71301e+06 963850 6.14197e+06 1.54234e+06 2.3825e+08 4.12131e+07
internal_count=229844 11411 6415 3711 2704 218433 38888 30438 8450 3646 26792 4670 179545 61736
cat_boundaries=0 1 2 3 4
cat_threshold=24 3 304 8
is_linear=0
shrinkage=0.03


Tree=407
num_leaves=15
num_cat=5
split_feature=13 12 13 0 16 0 2 12 16 0 0 11 0 12
split_gain=131566 139686 96935.2 37209.4 22039 66608 26274.1 41618.7 32826.4 67529.1 45738.9 35636.7 29542 21078.2
threshold=0.53878424831981009 0.99712577792716017 0.33625239732437012 0 0.090568376962788785 1 1.5000000000000002 1.0015038690157405 0.095419360151761376 2 3 1.0113103415893632 4 0.92324355344902431
decision_type=2 2 2 1 2 1 2 2 2 1 1 2 1 2
left_child=1 13 3 -3 -2 -6 7 -7 10 -10 -8 -11 -9 -1
right_child=4 2 -4 -5 5 6 8 12 9 11 -12 -13 -14 -15
leaf_value=-0.00020061572329425987 9.8099082079376143e-06 0.0010679379759636603 0.00051753931460991149 -0.0044724919298472663 0.00036654482983170173 0.00018289342340686155 0.00010215528121603455 8.9992158009711681e-05 -0.0006261536235078099 0.00023868210564982625 -0.00051789106346456578 -0.00038205822012320537 -0.00020581052247248019 0.00034645693951731456
leaf_weight=1052394.2816712856 220844920.99094737 369272.65259301662 1125329.9886236191 231458.01420974731 3008937.5042724609 2998205.6865234375 3495785.1932067871 2933055.6643066406 2623029.443359375 1428557.0511245728 3169439.5047068596 2909718.742161274 4422343.1124267578 2664190.719367981
leaf_count=1130 206929 603 2221 3157 1540 1038 1206 971 557 978 1774 2224 1911 3365
internal_value=9.66723e-05 0.0047106 0.011763 0.0214935 -4.65341e-06 -0.00081391 -0.00134183 -0.000202618 -0.00220742 -0.00364822 -0.000702627 -0.00135066 -0.00141698 0.00143531
internal_weight=2.53277e+08 5.44265e+06 1.72606e+06 600731 2.47834e+08 2.69891e+07 2.39801e+07 1.03536e+07 1.36265e+07 6.96131e+06 6.66522e+06 4.33828e+06 7.3554e+06 3.71659e+06
internal_count=229604 10476 5981 3760 219128 12199 10659 3920 6739 3759 2980 3202 2882 4495
cat_boundaries=0 1 2 3 4 5
cat_threshold=24 64 24 25 268
is_linear=0
shrinkage=0.03


Tree=408
num_leaves=15
num_cat=4
split_feature=13 12 13 11 16 0 0 13 16 0 14 16 12 0
split_gain=118521 122305 119769 42099.6 20418.2 22549.6 19203 18190.4 50169.4 44864.3 44215.2 37510.2 39811.8 42648.5
threshold=0.56617079247711499 0.99712577792716017 0.33625239732437012 0.94481337209393501 0.07977058401702071 0 1 0.98497142004174687 0.033755858039455959 2 0.83213896427668133 0.039641487269314067 0.97665741464072364 3
decision_type=2 2 2 2 2 1 1 2 2 1 2 2 2 1
left_child=1 4 6 -4 5 -1 -3 8 9 -2 -11 12 13 -9
right_child=7 2 3 -5 -6 -7 -8 11 -10 10 -12 -13 -14 -15
leaf_value=-0.00037213825896754358 0.00019430141803244164 0.0013160352927554331 -5.2620043653754766e-05 0.0010797488285924773 0.00041344836741339129 0.00019948562690195285 0.0014252964602220603 0.0021907418647364816 4.436960728735368e-05 -0.0020098859542126753 -0.00035070891540065624 -3.7647006015204679e-05 0.00010151806538740099 -0.0030199576901085348
leaf_weight=1033840.4141459465 2889109.933185339 354587.44472801685 529212.07769441605 879903.8255931139 1176368.7081604004 1877395.5590779781 204953.77866220474 678855.61936461926 105648493.93539762 579634.31332874298 5026475.9677093029 119042236.2100141 12875498.362774014 627372.97192895412
leaf_count=1563 13045 605 278 2436 641 2713 3137 1775 68798 2555 14807 75193 40035 2238
internal_value=0.000130165 0.0042765 0.0104197 0.0057568 0.00131786 -2.99473e-05 0.0221623 2.86505e-05 0.000306581 -0.00191141 -0.00347648 -0.000209475 0.00124897 0.00623937
internal_weight=2.53424e+08 6.05626e+06 1.96866e+06 1.40912e+06 4.0876e+06 2.91124e+06 559541 2.47368e+08 1.14144e+08 8.49522e+06 5.60611e+06 1.33224e+08 1.41817e+07 1.30623e+06
internal_count=229819 11373 6456 2714 4917 4276 3742 218446 99205 30407 17362 119241 44048 4013
cat_boundaries=0 1 2 3 4
cat_threshold=264 24 456 89
is_linear=0
shrinkage=0.03


Tree=409
num_leaves=15
num_cat=3
split_feature=13 12 13 11 0 0 16 16 12 0 1 10 1 16
split_gain=121653 107329 159565 41790.9 26789 21176.6 20705.7 17831.3 56256.3 95016.1 54539.9 95148.5 82042.8 77645.5
threshold=0.56617079247711499 0.99850866959735451 0.33625239732437012 0.96260014076720346 0 1 0.070476896747753745 0.053394880302814023 0.97665741464072364 2 13.500000000000002 0.97119576682951958 6.5000000000000009 0.044202609877353728
decision_type=2 2 2 2 1 1 2 2 2 1 2 2 2 2
left_child=1 -1 5 -4 -5 -3 -7 8 9 -2 12 -12 -10 -13
right_child=7 2 3 4 -6 6 -8 -9 10 -11 11 13 -14 -15
leaf_value=0.00016244884850859757 0.0014262983322311346 0.0014260608590707722 -9.4665670205312382e-06 0.0013217223822447328 0.00036804940504586714 -0.0017039065642943305 0.0013037950301357857 -1.3850810335302466e-05 -0.00013884724322504933 3.4654513366048142e-05 0.00088685728246463156 -0.00010321508174218193 0.00028417820285134786 -0.00063212315509059418
leaf_weight=4198971.4892437458 1616376.6047064066 367088.76688325405 851978.61915779114 308912.46878325939 292515.88121044636 96057.4769769907 117855.35743629932 197344683.76679301 8023719.0625660419 2971083.4483276606 2233349.5886955261 16144775.113815784 15293642.908069611 3733896.5776088238
leaf_count=5006 3032 607 564 1042 1073 2926 171 117870 35436 6166 4234 32121 16156 3609
internal_value=8.59154e-05 0.00422512 0.00988062 0.00456853 0.0106232 0.0231691 0.0156634 -1.83904e-05 0.000487553 0.0036537 0.000167835 -0.000899585 0.00118008 -0.0015592
internal_weight=2.53595e+08 6.23338e+06 2.03441e+06 1.45341e+06 601428 581002 213913 2.47362e+08 5.00168e+07 4.58746e+06 4.54294e+07 2.2112e+07 2.33174e+07 1.98787e+07
internal_count=230013 11389 6383 2679 2115 3704 3097 218624 100754 9198 91556 39964 51592 35730
cat_boundaries=0 1 2 3
cat_threshold=87 24 89
is_linear=0
shrinkage=0.03


Tree=410
num_leaves=15
num_cat=3
split_feature=11 0 14 1 16 2 1 0 0 1 1 2 1 14
split_gain=27763.8 105623 77326.1 78978.6 70054.8 65234 38469.3 53293.1 37840.1 109360 88448.7 76820.9 57232.4 33077
threshold=0.96562958517018271 0 0.89729520766646598 17.500000000000004 0.059080464927386132 1.5000000000000002 18.500000000000004 1 2 11.500000000000002 10.500000000000002 1.5000000000000002 15.500000000000002 0.97139149564227611
decision_type=2 1 2 2 2 2 2 1 1 2 2 2 2 2
left_child=1 2 -1 4 5 -4 8 -8 9 -3 -10 -12 13 -11
right_child=-2 6 3 -5 -6 -7 7 -9 10 12 11 -13 -14 -15
leaf_value=0.00076866551022003503 -6.5520690079146069e-06 0.00025466148230138594 -0.00049299303941255628 0.00060862400974066736 0.00019631971183220305 0.00010486672711153465 -0.00041155677512235881 0.00065970703377011197 -0.00085051434440009169 -0.00028242341610077397 -0.00058287505714424209 0.00039567819519986241 3.1962104384808858e-05 -0.00085691038749784989
leaf_weight=2400795.9243946075 217581959.67487919 7325150.002599597 1054407.6441906691 1766537.5845594406 3054658.2566833496 1056131.4117554426 1273171.6867828369 2720169.6972250938 1966692.29136765 3426279.4442749023 1254027.4175720215 2509713.5580749512 4723854.7673950195 1685648.9456787109
leaf_count=1922 196566 7644 738 1707 1906 1422 1994 3980 3215 2091 912 2206 2415 1141
internal_value=5.6415e-05 0.000825492 0.00357526 0.00196817 9.54448e-05 -0.00410777 -0.00012904 0.00258798 -0.000603018 0.000101814 -0.00271377 -1.9565e-05 -0.00196491 -0.00416477
internal_weight=2.53799e+08 3.62172e+07 9.33253e+06 6.93173e+06 5.1652e+06 2.11054e+06 2.68847e+07 3.99334e+06 2.28914e+07 1.71609e+07 5.73043e+06 3.76374e+06 9.83578e+06 5.11193e+06
internal_count=229859 33293 7695 5773 4066 2160 25598 5974 19624 13291 6333 3118 5647 3232
cat_boundaries=0 1 2 3
cat_threshold=144 258 269
is_linear=0
shrinkage=0.03


Tree=411
num_leaves=15
num_cat=1
split_feature=13 12 13 12 12 12 0 12 10 10 10 12 12 12
split_gain=130417 116344 116662 42682.1 20906.6 18725.8 48379.7 100451 61834 97175.4 81307.1 75472.2 73515.3 82825.8
threshold=0.56617079247711499 0.99947707111996298 0.33625239732437012 1.0197477511393997 0.92324355344902431 1.0051969303918387 0 1.0022632125571322 0.98774918197535599 0.99451885417014119 0.99681930606790881 0.94288066048179553 0.9608647852025366 1.0033879215670958
decision_type=2 2 2 2 2 2 1 2 2 2 2 2 2 2
left_child=1 4 -3 -4 -1 6 7 -2 11 -10 -11 -8 -12 -14
right_child=5 2 3 -5 -6 -7 8 -9 9 10 12 -13 13 -15
leaf_value=-0.00023911936167113394 5.7358225220159785e-05 0.0016260664347244845 -3.1954094780759683e-05 0.00087567288611666439 0.00032731316392409357 -2.2759092536133626e-05 -0.00082965213473403432 0.00063258954576041453 -0.00063534479980041126 0.00042936876803599045 0.00031795090569330866 0.00016920508276939902 -0.00016142781959993562 0.00012321704788271947
leaf_weight=1144638.5377217531 27013921.103369832 572634.33963799477 532838.09478592873 814840.08264839649 3137607.4629622698 158831584.57821989 1499283.7078069448 4929627.766325593 3458800.7479770184 2150919.1734429598 2515541.8420006037 15757202.143133283 25357428.488562226 6407065.808480978
leaf_count=1227 28986 3699 972 1631 3885 145314 1386 4616 2053 1156 2007 11717 17448 3969
internal_value=6.57535e-05 0.00436248 0.0104981 0.00567808 0.00161105 -4.1743e-05 0.000306385 0.00124145 -0.000216296 -0.000865359 -0.000409116 0.00128406 -0.000764127 -0.00115509
internal_weight=2.54124e+08 6.20256e+06 1.92031e+06 1.34768e+06 4.28225e+06 2.47921e+08 8.90898e+07 3.19435e+07 5.71462e+07 3.98898e+07 3.6431e+07 1.72565e+07 3.428e+07 3.17645e+07
internal_count=230066 11414 6302 2603 5112 218652 73338 33602 39736 26633 24580 13103 23424 21417
cat_boundaries=0 1
cat_threshold=234
is_linear=0
shrinkage=0.03


Tree=412
num_leaves=15
num_cat=0
split_feature=13 11 3 13 10 11 16 9 1 9 2 10 1 5
split_gain=112356 33373.5 65141 49313.4 40445.6 21325.2 18929.8 35047.9 109336 130489 84309.7 69726.1 61331.9 126266
threshold=0.53878424831981009 0.88624555706363617 1.5000000000000002 0.33625239732437012 0.81095062694523767 0.94992444022328815 0.053981197135824027 82.500000000000014 18.500000000000004 74.500000000000014 4.5000000000000009 1.0155051720594799 16.500000000000004 1.0000000180025095e-35
decision_type=2 2 2 2 2 2 2 2 2 2 2 2 2 2
left_child=1 -1 3 4 -3 -5 -2 8 9 11 -11 -8 13 -9
right_child=6 2 -4 5 -6 -7 7 12 -10 10 -12 -13 -14 -15
leaf_value=0.00011655891314726558 5.7513272022452432e-05 0.00086548396468631836 0.0003741619897067351 0.00021042960269049925 -0.0055621915158876383 0.0010013919617468826 0.00022887553322706154 -7.7028708108981507e-05 -0.00071730306941310046 0.00024638574011514631 0.00094895380397873308 -0.00014990035123449688 4.7883038192646659e-05 0.00069696151289631468
leaf_weight=2281731.1458237171 56828908.031953931 224315.25418806076 1252777.8498628139 626920.59890115261 390738.21371328831 659665.25702440739 4660023.2947950363 116027535.8195312 1958718.9722394943 5971852.0410766602 2047302.3858075142 9713346.2557461262 48687541.469614506 2289394.9132080078
leaf_count=2203 104544 221 3234 497 2712 1628 2362 71684 1321 3245 1874 6042 27013 1169
internal_value=0.000104964 0.00437143 0.0063706 0.00986974 0.0168569 0.0065295 1.15126e-05 -0.000131268 0.000931981 0.00152652 0.00459251 -0.000184054 -0.000286303 -0.000655099
internal_weight=2.53621e+08 5.43615e+06 3.15442e+06 1.90164e+06 615053 1.28659e+06 2.48185e+08 1.91356e+08 2.43512e+07 2.23925e+07 8.01915e+06 1.43734e+07 1.67004e+08 1.18317e+08
internal_count=229749 10495 8292 5058 2933 2125 219254 114710 14844 13523 5119 8404 99866 72853
is_linear=0
shrinkage=0.03


Tree=413
num_leaves=15
num_cat=3
split_feature=13 12 13 14 13 1 0 14 1 0 1 12 12 0
split_gain=104792 157598 126442 24638.8 20342.5 42222.8 56735.9 33447.8 49514.7 70871.2 49827.5 116979 199108 221951
threshold=0.51110750609065203 0.9931501175091878 0.33625239732437012 0.65192553140091347 0.97277132162216995 6.5000000000000009 0 1.0585095856346838 11.500000000000002 1 7.5000000000000009 1.01444308625972 1.0477841128593066 2
decision_type=2 2 2 2 2 2 1 2 2 1 2 2 2 1
left_child=1 3 -3 -1 5 6 -2 8 9 -6 11 -11 13 -13
right_child=4 2 -4 -5 7 -7 -8 -9 -10 10 -12 12 -14 -15
leaf_value=-0.00044608400066179876 0.00016105870075271955 -0.014395342750405583 0.00017424349746898195 0.00025269330223143363 0.00025924848829208174 4.3208698504046518e-05 -0.00086515788375202509 0.00012496181798538487 -8.21984018699518e-05 -0.00037983483431028151 4.0275997984950996e-05 0.0013620745981054721 -0.00041192052430271455 9.5305723030621346e-05
leaf_weight=824704.80863058567 1458408.9946470261 593583.32593345642 1000643.244246006 2401247.388948679 11320863.709937334 98497702.191009521 1721671.1727588177 21703159.93274343 78308246.191553593 4658402.8939681053 26573302.105957031 833418.06837534904 2228860.7073401213 1573280.839500308
leaf_count=1186 7632 3864 1846 2728 9259 75696 7763 35268 55386 6673 15735 651 3727 2504
internal_value=0.00011834 0.00449949 0.012216 0.0006861 3.34876e-05 0.000359828 -0.0030425 -0.000191932 -0.000379992 0.000387652 -0.000265525 -0.00215625 0.00121772 0.00720108
internal_weight=2.53697e+08 4.82018e+06 1.59423e+06 3.22595e+06 2.48877e+08 1.01678e+08 3.18008e+06 1.472e+08 1.25496e+08 4.71881e+07 3.58673e+07 9.29396e+06 4.63556e+06 2.4067e+06
internal_count=229918 9624 5710 3914 220294 91091 15395 129203 93935 38549 29290 13555 6882 3155
cat_boundaries=0 1 2 3
cat_threshold=440 72 16
is_linear=0
shrinkage=0.03


Tree=414
num_leaves=15
num_cat=2
split_feature=13 12 13 12 1 12 11 0 0 10 12 1 3 1
split_gain=107355 180336 142917 27476.8 30856 19213.8 46173.1 137124 123134 105132 101188 120057 87830.8 97905.3
threshold=0.51110750609065203 0.99712577792716017 0.33625239732437012 0.92324355344902431 13.500000000000002 1.0051969303918387 1.0142450752632377 0 1 1.0368600691440639 1.0483975785225208 9.5000000000000018 1.5000000000000002 16.500000000000004
decision_type=2 2 2 2 2 2 2 1 1 2 2 2 2 2
left_child=1 3 -3 -1 -5 -2 7 -7 10 -9 11 -8 13 -13
right_child=5 2 -4 4 -6 6 8 9 -10 -11 -12 12 -14 -15
leaf_value=-0.0004075563285041076 3.7345556734902417e-05 0.0018888275041732351 0.00042854513258388995 0.00068389241696696027 -0.00059410877703569359 0.00016089191141401045 0.00012006130039564708 -0.00025850452119508265 4.5963928689388622e-05 -0.0016107008249526453 0.00012513964752426126 -0.0010315885727746261 5.7905013407427799e-05 -0.00034146915962317205
leaf_weight=976918.9295321703 89773163.00355947 554552.24677693844 932311.98324131966 1091406.8540343046 1227609.4956564903 9791882.1210314035 4005046.4655873775 15775216.134070754 109586513.14643955 1524911.0876443386 7105052.0082925558 5208192.8986816406 2265786.1285581589 3936348.1301546097
leaf_count=1042 74208 3752 1806 2053 975 10155 4260 13212 100710 956 8192 3082 2565 2964
internal_value=0.00010619 0.00455822 0.0132313 0.000645599 0.00242344 2.0666e-05 -0.000177239 -0.00130544 5.41297e-05 -0.00291115 -0.00196627 -0.0033315 -0.00490002 -0.00621018
internal_weight=2.53755e+08 4.7828e+06 1.48686e+06 3.29594e+06 2.31902e+06 2.48972e+08 1.59199e+08 2.7092e+07 1.32107e+08 1.73001e+07 2.25204e+07 1.54154e+07 1.14103e+07 9.14454e+06
internal_count=229932 9628 5558 4070 3028 220304 146096 24323 121773 14168 21063 12871 8611 6046
cat_boundaries=0 1 2
cat_threshold=137 136
is_linear=0
shrinkage=0.03


Tree=415
num_leaves=15
num_cat=4
split_feature=13 12 13 10 9 3 1 1 9 0 0 0 13 0
split_gain=132362 137997 196631 39753.1 23277.5 115197 102481 142484 130509 105276 81212.2 74657.4 54031.7 55696.5
threshold=0.56617079247711499 0.99712577792716017 0.33625239732437012 0.86883337326258692 79.500000000000014 2.5000000000000004 7.5000000000000009 14.500000000000002 68.500000000000014 0 1 2 1.0633264542439989 3
decision_type=2 2 2 2 2 2 2 2 2 1 1 1 2 1
left_child=1 -1 -3 -4 5 6 8 12 -2 -9 -10 -7 13 -8
right_child=4 2 3 -5 -6 11 7 9 10 -11 -12 -13 -14 -15
leaf_value=0.0001611270230673499 -0.0010734505091273406 0.0017898241028189228 -3.5917835288427782e-05 0.00085937183368626656 -1.09126687027962e-05 -6.4179205825419693e-05 0.00054623582001620658 0.00045228313822745047 0.00035444749702693781 -0.00018913305141011441 -0.00056244338456680812 -0.0019764040116629087 0.00010479184522298894 0.00033466801246097739
leaf_weight=4117001.9278208017 999552.96146869659 579951.53640437126 634199.12643313408 797148.24850046635 218357558.81493783 867545.00013566017 3899473.0189819336 4027626.5962319374 1029615.2672021389 8189781.9917373657 749547.30134487152 760637.84362721443 3363719.1266889572 4807172.8372039795
leaf_count=4895 1837 3754 413 2250 194379 891 1802 4163 1569 5419 1427 1476 2256 3436
internal_value=0.000112405 0.00446764 0.0109084 0.0049376 4.37056e-06 0.000807672 0.00127388 0.00189827 -0.00418369 -0.000385653 0.000689509 -0.0069424 0.00421001 0.00545759
internal_weight=2.53181e+08 6.1283e+06 2.0113e+06 1.43135e+06 2.47052e+08 2.86947e+07 2.70665e+07 2.42878e+07 2.77872e+06 1.22174e+07 1.77916e+06 1.62818e+06 1.20704e+07 8.70665e+06
internal_count=229967 11312 6417 2663 218655 24276 21909 17076 4833 9582 2996 2367 7494 5238
cat_boundaries=0 1 2 3 4
cat_threshold=424 436 152 152
is_linear=0
shrinkage=0.03


Tree=416
num_leaves=15
num_cat=2
split_feature=13 12 13 14 10 12 0 16 16 14 0 1 1 10
split_gain=136519 124590 177334 20419.5 22926 19374.5 15673.1 15027.3 23235.7 15322.6 41023.6 36445 54734.3 31189.6
threshold=0.53878424831981009 0.99712577792716017 0.33625239732437012 0.85509778858906105 0.86883337326258692 1.0253180588473227 0 0.10464416358175241 0.10291246103483447 1.035762799620896 1 11.500000000000002 13.500000000000002 1.1925834006211711
decision_type=2 2 2 2 2 2 1 2 2 2 1 2 2 2
left_child=1 3 6 4 -1 -4 -3 8 9 -2 11 -11 -13 -12
right_child=7 2 5 -5 -6 -7 -8 -9 -10 10 13 12 -14 -15
leaf_value=0.00015766051338919818 -1.225581250473653e-05 0.0016390947919002346 -6.0939384188692436e-05 0.00084984377717322755 -0.00052986823863302574 -0.0017402445493334816 -0.00040446866286520376 -0.00029697809694044486 0.0003710664881800736 -8.4743348834265156e-05 -1.0215651600231953e-05 0.001034454046350915 0.00019864482017138953 -0.0007561930811148291
leaf_weight=1874460.059949398 203205508.25667632 365473.64325690269 584827.4856698513 879514.0905110836 1002738.7777132988 526257.58679258823 227744.52321851254 2369145.8954513073 1432364.7619094849 5078892.6558394432 23362927.942847371 2077866.275604248 9383633.3618490696 1051253.8346019983
leaf_count=1539 159351 622 1076 1593 1396 1176 3152 1723 875 10621 30619 2151 12329 1585
internal_value=7.92177e-05 0.00477114 0.0114987 0.00171906 0.000496198 0.00442772 0.0247424 -2.41154e-05 -1.17723e-06 -2.35274e-05 0.000505852 0.0016594 0.00259681 -0.000275666
internal_weight=2.53423e+08 5.46102e+06 1.7043e+06 3.75671e+06 2.8772e+06 1.11109e+06 593218 2.47962e+08 2.45592e+08 2.4416e+08 4.09546e+07 1.65404e+07 1.14615e+07 2.44142e+07
internal_count=229808 10554 6026 4528 2935 2252 3774 219254 217531 216656 57305 25101 14480 32204
cat_boundaries=0 1 2
cat_threshold=24 178
is_linear=0
shrinkage=0.03


Tree=417
num_leaves=15
num_cat=0
split_feature=13 12 13 12 1 10 12 12 1 10 12 10 1 2
split_gain=135376 181167 107775 18255.2 23456 18005.6 87842.2 102146 186786 78115.5 76874.6 80930.7 70169.9 66550.4
threshold=0.51110750609065203 0.99922278036993484 0.33625239732437012 0.92324355344902431 11.500000000000002 1.0804981498706023 1.0218310413711047 1.0409231421374501 8.5000000000000018 1.061179052959178 1.0501009489392852 1.0692909671149702 7.5000000000000009 5.5000000000000009
decision_type=2 2 2 2 2 2 2 2 2 2 2 2 2 2
left_child=1 3 -3 -1 -5 9 -7 8 -8 -2 -11 -12 -9 -14
right_child=5 2 -4 4 -6 6 7 12 -10 10 11 -13 13 -15
leaf_value=-0.00020183246974809385 -2.7296130526807617e-06 -0.046774334678211217 0.00059191506125432836 0.00061395090131701813 5.2975080754822507e-05 0.00035645207312975501 0.00039608117179947336 -0.00026034629139144521 -0.000397661152806911 -0.00010414588234515401 -0.00016793492718237662 -0.0010233782378138551 0.00014683023662181383 -0.00041508803266876302
leaf_weight=1009015.3700151443 165519210.35951614 570971.0267868042 877981.35651183128 859666.85403060913 1559239.6526093483 11611430.784706116 2504206.0118926764 3814382.1346707344 11327354.177994728 12710463.66032362 1856436.6961582899 1802746.9552006721 34553044.997510433 2984754.2268528938
leaf_count=1067 137351 3684 1742 2004 1178 13304 3275 9552 8648 11137 1368 1341 29709 4577
internal_value=3.23629e-05 0.00498236 0.013876 0.00122311 0.00263707 -6.47101e-05 0.000356532 -0.000142511 -0.00237423 -0.000219403 -0.00219633 -0.00602795 0.00060396 0.000997896
internal_weight=2.53561e+08 4.87687e+06 1.44895e+06 3.42792e+06 2.41891e+06 2.48684e+08 6.67952e+07 5.51837e+07 1.38316e+07 1.81889e+08 1.63696e+07 3.65918e+06 4.13522e+07 3.75378e+07
internal_count=229937 9675 5426 4249 3182 220262 69065 55761 11923 151197 13846 2709 43838 34286
is_linear=0
shrinkage=0.03


Tree=418
num_leaves=15
num_cat=3
split_feature=13 12 13 12 12 12 16 16 1 13 0 9 0 0
split_gain=125877 168797 239155 26607 21915.9 20570 15641.3 64677.1 57799 75903.7 69948.9 60052.9 118805 48310.3
threshold=0.53878424831981009 0.99712577792716017 0.33625239732437012 1.0253180588473227 0.92324355344902431 0.97169678200662513 0.076551096840151614 0.080986009623554941 8.5000000000000018 0.84545067412659691 0 83.500000000000014 1 2
decision_type=2 2 2 2 2 2 2 2 2 2 1 2 1 1
left_child=1 4 -3 -4 -1 -6 -2 13 9 -9 -11 12 -10 -8
right_child=6 2 3 -5 5 -7 7 8 11 10 -12 -13 -14 -15
leaf_value=-0.00029847522580402866 -1.8049433861951922e-05 0.0015289423910495924 -0.0015706533687332078 0.00050011231438884182 0.00068735682839981746 2.5828667233753421e-05 0.00032969493276258592 0.00033788014810642652 -0.00016641916430896182 0.0003617697296098316 -6.7653825810193934e-05 -0.00012015582141465321 0.00093100201617158295 0.00010478807754020909
leaf_weight=1045030.299036622 173362034.93234861 618741.18168437481 591685.10070323944 511260.73369669914 990601.24995672703 1662023.0542414188 5095739.8036499023 2630774.7632446289 2087261.5065917969 5412690.0135498047 11108251.683867931 35666598.22595787 2509720.1995606422 9629788.2583236694
leaf_count=1145 180010 3765 1050 1159 1491 1877 2386 1050 739 2157 4183 19418 1849 7200
internal_value=8.17671e-05 0.00460467 0.0123639 0.00398931 0.000991864 0.00244152 -1.72668e-05 0.000347416 -9.3701e-05 0.001263 0.000509345 -0.000739028 0.00248818 0.00212726
internal_weight=2.52922e+08 5.41934e+06 1.72169e+06 1.10295e+06 3.69765e+06 2.65262e+06 2.47503e+08 7.41408e+07 5.94153e+07 1.91517e+07 1.65209e+07 4.02636e+07 4.59698e+06 1.47255e+07
internal_count=229479 10487 5974 2209 4513 3368 218992 38982 29396 7390 6340 22006 2588 9586
cat_boundaries=0 1 2 3
cat_threshold=73 84 17
is_linear=0
shrinkage=0.03


Tree=419
num_leaves=15
num_cat=0
split_feature=13 11 1 16 3 11 10 11 1 14 11 11 16 14
split_gain=143010 57542.1 85035.7 104095 20721.8 18589.5 32092.2 39275.8 50226.7 47297.8 37629 30190.5 28516.6 25084.1
threshold=0.51110750609065203 0.88002456839183818 9.5000000000000018 0.068891934499030402 1.5000000000000002 0.77700826205213713 0.82120607435980486 0.93935367065657471 18.500000000000004 1.0281444838778881 0.92988574658020606 0.83022427849027636 0.053832219243390635 1.0604659230057003
decision_type=2 2 2 2 2 2 2 2 2 2 2 2 2 2
left_child=1 -1 3 4 -3 -2 11 8 9 10 -8 -7 -13 -9
right_child=5 2 -4 -5 -6 6 7 13 -10 -11 -12 12 -14 -15
leaf_value=4.9307076444742972e-05 0.00035766302914006469 0.0016507077237378595 0.00066315788328553168 0.0024963160684422364 -0.0017171311625328433 0.0002060659877295929 7.3872429154618838e-05 -1.9033510018978374e-05 0.00056372538295934626 -0.00040015927506852398 0.00037792932398790112 0.00016235462739389912 -0.00041313592251579582 0.00012485377928441504
leaf_weight=1823531.9182106256 1903534.2508555651 222939.8039894104 2265110.4810193777 399550.80779457092 171016.61665344238 1615369.9187762737 7139039.8125611544 203928425.8030529 2211414.8217544556 2023384.6901725531 2377820.9086580276 1216249.8201385736 4774287.7286987305 21557568.829535842
leaf_count=1678 2277 3416 2759 165 1627 2001 4315 162372 2582 2295 1266 2926 3251 37080
internal_value=4.99221e-05 0.00513478 0.00764957 0.016101 0.00515827 -4.98782e-05 -7.26525e-05 -1.16608e-05 0.00154485 0.000751178 0.00163676 -0.0019911 -0.00297258 -0.000106587
internal_weight=2.53629e+08 4.88215e+06 3.05862e+06 793507 393956 2.48747e+08 2.46844e+08 2.39238e+08 1.37517e+07 1.15402e+07 9.51686e+06 7.60591e+06 5.99054e+06 2.25486e+08
internal_count=230010 9645 7967 5208 5043 220365 218088 209910 10458 7876 5581 8178 6177 199452
is_linear=0
shrinkage=0.03


Tree=420
num_leaves=15
num_cat=2
split_feature=13 12 13 11 16 16 13 1 0 16 2 16 0 9
split_gain=113603 129841 236977 32935.6 18366.4 31064.7 21062.9 36192.8 62165 34887.4 29322.5 44687.1 53165.1 43933.2
threshold=0.56617079247711499 0.99712577792716017 0.33625239732437012 0.94481337209393501 0.10464416358175241 0.10291246103483447 0.98701901997483621 6.5000000000000009 0 0.016812475626523698 3.5000000000000004 0.08738686393244284 1 74.500000000000014
decision_type=2 2 2 2 2 2 2 2 1 2 2 2 1 2
left_child=1 -1 -3 -4 5 6 7 8 9 -2 -9 13 -13 -12
right_child=4 2 3 -5 -6 -7 -8 10 -10 -11 11 12 -14 -15
leaf_value=0.00012733883682541428 4.6243195329608273e-05 0.0026472190442888492 -8.2808276354690539e-05 0.00086360249071695762 -0.00033292581240938627 0.00044851243158795215 -2.4379781421511524e-05 6.6775419991836756e-05 3.5733833959155359e-05 -0.0012402465636131251 -0.00051596240725557043 5.1464493251886737e-05 -0.00073211981417017804 4.0965191221835836e-05
leaf_weight=4146410.0172306299 342703.6843521595 578431.1824901104 552101.56650185585 908116.26126873493 2359850.1093041897 1463147.268196106 128724818.84195089 75649124.74144721 2391100.3601303101 961168.05307006836 2091916.0654425621 1381445.641784668 1702085.3645019531 30311757.77439332
leaf_count=4970 4566 3737 284 2422 1719 889 116033 49392 10407 1672 2175 1383 957 29363
internal_value=0.000126801 0.0041427 0.0103417 0.00390412 2.6394e-05 5.17625e-05 2.55807e-05 0.000320961 -0.00259999 -0.00786947 0.000418075 -0.0002934 -0.00374444 3.49999e-05
internal_weight=2.53564e+08 6.18506e+06 2.03865e+06 1.46022e+06 2.47379e+08 2.45019e+08 2.43556e+08 1.14831e+08 3.69497e+06 1.30387e+06 1.11136e+08 3.54872e+07 3.08353e+06 3.24037e+07
internal_count=229969 11413 6443 2706 218556 216837 215948 99915 16645 6238 83270 33878 2340 31538
cat_boundaries=0 1 2
cat_threshold=67 488
is_linear=0
shrinkage=0.03


Tree=421
num_leaves=15
num_cat=1
split_feature=13 12 13 10 0 10 12 12 2 12 1 11 10 11
split_gain=113566 195556 199498 23982.8 101276 79665.2 121330 73246.7 96793 85346 127941 80813.7 73663.9 69424.8
threshold=0.53878424831981009 0.99712577792716017 0.33625239732437012 1.0804981498706023 0 1.0692909671149702 1.0501009489392852 1.0197477511393997 1.5000000000000002 1.0413889212874852 8.5000000000000018 1.0909725825507273 1.1393889361136644 1.1671507471139435
decision_type=2 2 2 2 1 2 2 2 2 2 2 2 2 2
left_child=1 -1 -3 5 -5 -2 -7 8 -6 10 11 -9 -11 -14
right_child=3 2 -4 4 7 6 -8 9 -10 12 -12 -13 13 -15
leaf_value=7.3437218689984451e-05 -3.0331676480195055e-06 0.002330477105323958 0.00043300017034547493 0.00024453067876742136 -0.00035139962739928342 -8.964406295306298e-05 -0.00098573311146497606 0.00077393488484904256 0.00078633716329980414 -0.00027023987124294907 -0.00044051528267839896 -0.00027223142276765905 0.0003707770315653716 -4.9738362868306086e-05
leaf_weight=3671764.4244529009 174238738.30722952 587607.42190265656 1098354.7715575695 25859569.404200554 1741182.7239054441 5500983.5014870167 1849989.4148839712 788816.60671973228 3354184.1895120144 6814080.7957606316 9250079.6842813492 1242972.1839901209 7147909.6592485905 10330613.895755053
leaf_count=4506 143891 3783 2245 29517 1828 5257 1373 874 4391 6158 6689 1783 6963 10547
internal_value=0.000113232 0.00443455 0.0128928 1.99198e-05 0.000507201 -0.000158607 -0.00321782 -0.000426145 0.00293789 -0.000907979 -0.00306418 0.00375244 9.33968e-05 0.00112488
internal_weight=2.53477e+08 5.35773e+06 1.68596e+06 2.48119e+08 6.65294e+07 1.8159e+08 7.35097e+06 4.06698e+07 5.09537e+06 3.55745e+07 1.12819e+07 2.03179e+06 2.42926e+07 1.74785e+07
internal_count=229805 10534 6028 219271 68750 150521 6630 39233 6219 33014 9346 2657 23668 17510
cat_boundaries=0 1
cat_threshold=293
is_linear=0
shrinkage=0.03


Tree=422
num_leaves=15
num_cat=4
split_feature=13 12 13 12 14 9 2 0 12 12 0 0 0 9
split_gain=119915 178535 205148 39083.3 23578.5 19811.1 101721 95186.1 74589.1 93431 92006.9 87187.5 41778.8 108646
threshold=0.56617079247711499 0.99712577792716017 0.33625239732437012 1.0213035412072564 0.68562408060802593 79.500000000000014 5.5000000000000009 0 1.0147104157921063 1.0091514731206532 1 2 3 81.500000000000014
decision_type=2 2 2 2 2 2 2 1 2 2 1 1 1 2
left_child=1 4 -3 -4 -1 6 8 -8 9 11 -10 -2 -7 -14
right_child=5 2 3 -5 -6 12 7 -9 10 -11 -12 -13 13 -15
leaf_value=-0.00023982912678506725 -0.00052248594606397352 0.0028489598365371168 -2.2053027663441701e-05 0.00081241168433559652 0.00026461640933775593 3.6162442103843576e-05 -4.1877020436839686e-05 -0.0018388651184861218 0.00042719496321815713 -0.00038749348566210806 -6.1538779022290957e-07 0.00017296995323252135 -0.00089508319137763929 -3.6130342490849593e-05
leaf_weight=1177172.8572508097 1740544.0416533947 565006.12516629696 623850.12479686737 830077.54170048237 2977237.511310339 102475582.27204609 887114.98370933533 764865.98893618584 6854809.1178965569 3313112.3752183914 5961826.2666963339 9120752.0789407492 1378301.2251646519 114982739.67992747
leaf_count=1572 1600 3723 1117 1604 3331 107548 893 1492 5545 2422 6511 5807 1100 85606
internal_value=6.6799e-05 0.00419678 0.0115152 0.00555376 0.000640228 -3.62228e-05 0.000705696 -0.00652076 0.00114799 -0.000351639 0.00280649 0.000993576 -0.000133331 -0.000522327
internal_weight=2.53653e+08 6.17334e+06 2.01893e+06 1.45393e+06 4.15441e+06 2.4748e+08 2.8643e+07 1.65198e+06 2.6991e+07 1.41744e+07 1.28166e+07 1.08613e+07 2.18837e+08 1.16361e+08
internal_count=229871 11347 6444 2721 4903 218524 24270 2385 21885 9829 12056 7407 194254 86706
cat_boundaries=0 1 2 3 4
cat_threshold=152 410 3 103
is_linear=0
shrinkage=0.03


Tree=423
num_leaves=15
num_cat=2
split_feature=13 12 13 12 10 12 0 13 1 12 12 0 16 1
split_gain=101143 190494 152488 23669.5 21625 27998 24687.7 31251.5 27772 22104.7 43896.2 125815 52682.2 27209.7
threshold=0.51110750609065203 0.99712577792716017 0.33625239732437012 0.92324355344902431 0.79976984507662452 0.91595830406058487 0 0.66500414502632788 13.500000000000002 0.91595830406058487 0.9608647852025366 1 0.054506545954017667 14.500000000000002
decision_type=2 2 2 2 2 2 1 2 2 2 2 1 2 2
left_child=1 3 -3 -1 5 -2 7 -7 -9 -6 11 -11 -13 -14
right_child=4 2 -4 -5 9 6 -8 8 -10 10 -12 12 13 -15
leaf_value=-0.00036768487702852089 0.00024943208714227089 -0.0034558779272127393 0.00039492661694269212 0.0002114833839347824 -0.00044306352775788454 -0.00053911132440875344 -0.00055076384999743909 0.00037000657800344186 -0.00028045767874383399 0.00070088712590846494 5.5602403618750866e-06 0.00078632005348023052 -0.00046478927460160736 9.555865214531149e-05
leaf_weight=1013836.707585454 1630289.3709694147 558873.82945847511 913501.75709426403 2332975.0195040703 1886431.5222634077 1323957.8008316755 1856736.9334930182 1511455.4824664593 1679286.1707038879 1691929.4537678957 232296120.89173448 1373573.2622470856 2018820.0170898438 1958524.4696350098
leaf_count=1054 2045 3772 1819 3012 1758 891 2319 1778 1677 1432 203697 2461 1311 1241
internal_value=0.000136074 0.00444078 0.0134333 0.000484667 5.28355e-05 -0.0014815 -0.00237915 -0.00118156 0.000426239 0.000103731 0.000129227 0.00246255 0.000207829 -0.00154149
internal_weight=2.54046e+08 4.81919e+06 1.47238e+06 3.34681e+06 2.49227e+08 8.00173e+06 6.37144e+06 4.5147e+06 3.19074e+06 2.41225e+08 2.39339e+08 7.04285e+06 5.35092e+06 3.97734e+06
internal_count=230267 9657 5591 4066 220610 8710 6665 4346 3455 211900 210142 6445 5013 2552
cat_boundaries=0 1 2
cat_threshold=396 336
is_linear=0
shrinkage=0.03


Tree=424
num_leaves=15
num_cat=1
split_feature=13 12 13 14 11 12 11 10 10 0 13 12 12 9
split_gain=129793 189735 182591 22781.6 20988.3 18435.1 53892.8 101949 51846.8 74807.9 57406.9 47444.4 45410.1 42913.8
threshold=0.53878424831981009 0.99880713796770515 0.33625239732437012 0.66936950709047272 0.9569913468292458 1.0051969303918387 1.0507163897489569 1.085743932159287 1.0296330832311156 0 1.0267411056319231 1.0055498152309033 1.0019210461987851 67.500000000000014
decision_type=2 2 2 2 2 2 2 2 2 1 2 2 2 2
left_child=1 3 -3 -1 -4 6 8 -8 10 12 13 -7 -10 -2
right_child=5 2 4 -5 -6 11 7 -9 9 -11 -12 -13 -14 -15
leaf_value=-0.00031290261223327226 0.00033666965077773465 0.0028562993347431105 3.7973781780580055e-05 0.00025895742065296952 0.00092523924913988245 -0.0004089535296397569 -0.00057314848554712323 0.00057724667528827691 -0.00026450895048019428 0.00028275307932367264 -0.00011548517590098323 -9.5191548533417362e-06 0.00059002651627065579 5.0722071104535623e-05
leaf_weight=997799.04302299023 1549109.9030269384 603950.02942621708 565181.36413526535 2697707.0229337215 534971.14644014835 3038660.1697630882 3997330.0067449808 1746787.7703953981 4275546.6044185162 12306677.516415 18673776.149165988 156404453.69542456 1574755.8646985292 44935685.018508196
leaf_count=1431 1007 3703 381 3126 1830 1843 3618 2099 3529 9550 18542 144268 1128 34092
internal_value=0.000120632 0.00472212 0.0130035 0.000903341 0.00572759 2.06487e-05 0.000366381 -0.00244421 0.000560155 0.00197785 0.000165102 -0.000172466 -0.000815043 0.000729491
internal_weight=2.53902e+08 5.39961e+06 1.7041e+06 3.69551e+06 1.10015e+06 2.48503e+08 8.90597e+07 5.74412e+06 8.33156e+07 1.8157e+07 6.51586e+07 1.59443e+08 5.8503e+06 4.64848e+07
internal_count=230147 10471 5914 4557 2211 219676 73565 5717 67848 14207 53641 146111 4657 35099
cat_boundaries=0 1
cat_threshold=7
is_linear=0
shrinkage=0.03


Tree=425
num_leaves=15
num_cat=3
split_feature=13 0 13 3 13 11 14 3 5 2 9 0 0 11
split_gain=113845 56942.1 74958 86879 28008 42494.4 37097.3 23191.3 124589 59543.6 103751 98353.8 97881.7 77742.4
threshold=0.53878424831981009 0 0.33625239732437012 1.5000000000000002 0.27957566888501467 0.89451372984939514 0.70913284672034438 1.0000000180025095e-35 1.0000000180025095e-35 4.5000000000000009 74.500000000000014 1 2 1.0259789571696876
decision_type=2 1 2 2 2 2 2 2 2 2 2 1 1 2
left_child=1 2 3 -1 5 -3 -7 8 -2 11 12 13 -11 -9
right_child=7 4 -4 -5 -6 6 -8 9 -10 10 -12 -13 -14 -15
leaf_value=0.0021716829795194272 2.7554145050190623e-05 -0.0004631358279000707 0.00023240380320727562 0.0037920276166062772 0.0002635552255600934 -0.012238061035453447 -0.0017747414306129451 0.00066812030650263742 -0.00096163375604595971 0.00037879171805654523 0.00010187787510580557 -0.00017301792961079207 -0.00073347924551800023 -9.7775966667272614e-05
leaf_weight=678605.23199868202 162278148.99962842 303334.13723301888 1929908.9517428875 683928.16081273556 1547660.3589208126 122053.6549860239 111668.14894080162 3691171.7573350668 2061115.2822264433 945978.87768959999 40556940.651804566 30604168.113668203 1710177.6142408848 6205259.3571255207
leaf_count=1838 123947 371 2263 1188 2583 1021 1146 4657 1481 1718 56370 22690 1964 6612
internal_value=0.000106539 0.00442515 0.00688169 0.0122689 0.000545436 -0.00535747 -0.0149711 1.2922e-05 0.000219955 -0.000393506 0.000381069 -0.00121996 -0.00536294 0.00137982
internal_weight=2.5343e+08 5.37716e+06 3.29244e+06 1.36253e+06 2.08472e+06 537056 233722 2.48053e+08 1.64339e+08 8.37137e+07 4.32131e+07 4.05006e+07 2.65616e+06 9.89643e+06
internal_count=229849 10410 5289 3026 5121 2538 2167 219439 125428 94011 60052 33959 3682 11269
cat_boundaries=0 1 2 3
cat_threshold=61 194 139
is_linear=0
shrinkage=0.03


Tree=426
num_leaves=15
num_cat=3
split_feature=13 12 13 11 9 0 2 12 12 2 0 0 9 2
split_gain=114012 157637 201555 43028.6 20042.7 95042.7 150239 92996.8 129544 100920 79510.3 68377 71920.8 65457.7
threshold=0.56617079247711499 0.99712577792716017 0.33625239732437012 0.94567906468906215 79.500000000000014 0 3.5000000000000004 1.0147104157921063 1.0091514731206532 3.5000000000000004 1 2 77.500000000000014 4.5000000000000009
decision_type=2 2 2 2 2 1 2 2 2 2 1 1 2 2
left_child=1 -1 -3 -4 5 6 -2 8 9 -7 -8 -9 -13 -11
right_child=4 2 3 -5 -6 7 10 11 -10 13 -12 12 -14 -15
leaf_value=7.1286755763651119e-05 5.8052819282065278e-05 -0.0014868597533812928 -6.068983101813829e-05 0.0009827082945666778 -1.483130134474185e-05 -2.6940666871989572e-05 -0.00029063613151609656 0.00046820795262015203 -0.00039358995811984747 0.00092045207504391725 -0.0013194421871428289 0.00017766304028203015 0.001117072975335332 0.00010526130739877288
leaf_weight=4173377.8092962503 6385331.6647601128 575897.04783904552 567130.79397583008 878862.80802237988 218810068.36016703 5766859.0694621801 1551890.3087232113 1576167.4837691784 2669680.8390903473 1525797.895600915 1434723.1107269526 5314022.5645833015 1127749.7226862907 1274628.5186822414
leaf_count=4955 5016 3802 301 2411 194432 3595 2114 687 1708 998 1057 6588 1108 1337
internal_value=5.2136e-05 0.00407187 0.0109471 0.00496945 -4.85091e-05 0.000697964 -0.00177974 0.00190394 0.000142809 0.00194091 -0.00733366 0.00437212 0.00300172 0.00661336
internal_weight=2.53632e+08 6.19527e+06 2.02189e+06 1.44599e+06 2.47437e+08 2.86269e+07 9.37195e+06 1.92549e+07 1.1237e+07 8.56729e+06 2.98661e+06 8.01794e+06 6.44177e+06 2.80043e+06
internal_count=230109 11469 6514 2712 218640 24208 8187 16021 7638 5930 3171 8383 7696 2335
cat_boundaries=0 1 2 3
cat_threshold=69 65 16
is_linear=0
shrinkage=0.03


Tree=427
num_leaves=15
num_cat=3
split_feature=13 0 11 13 3 10 11 13 14 16 0 14 13 0
split_gain=99389 52954.1 62808.3 85741 27667 20142.2 39829.5 22111.3 24783.6 21945.7 27095.5 20106.7 30441.3 36815.2
threshold=0.51110750609065203 0 0.93935367065657471 0.33625239732437012 1.0000000180025095e-35 0.79976984507662452 0.83022427849027636 0.6775664478837512 0.90981725487495213 0.053832219243390635 1 1.0604659230057003 1.2749234009508783 2
decision_type=2 1 2 2 2 2 2 2 2 2 1 2 2 1
left_child=1 4 -3 -4 -1 6 -2 8 -7 10 -8 12 -9 -14
right_child=5 2 3 -5 -6 7 9 11 -10 -11 -12 -13 13 -15
leaf_value=-0.0030918962858524474 0.0001594788097194265 0.00054071202821370529 0.0047390788561657285 -0.00023130098108196468 -0.00056437063319036247 8.370599575597114e-05 0.00081320769879476298 -6.3913124110202216e-06 0.00065857725805890728 -0.0003982524694412157 -0.00056524233025726824 0.00012200946259251807 0.0019382042490430256 -2.0295984887466912e-05
leaf_weight=819906.51919817924 2988563.9337995052 2252704.6439579725 315325.75291132927 571141.26471245289 813979.35504555702 3837068.4892241955 532381.55835652351 211145019.5037235 964863.03194069862 3976096.1861572266 456480.39916217327 23420649.769759536 596211.94085323811 757104.81958413124
leaf_count=1684 3620 1930 2667 1288 2009 4445 959 162163 2080 2679 1449 39293 1397 2292
internal_value=0.000138707 0.00442679 0.00670647 0.0134711 4.68214e-05 5.64019e-05 -0.00142897 0.000105479 0.0021208 -0.00307606 0.000923371 6.44591e-05 -2.74867e-05 0.00445755
internal_weight=2.53447e+08 4.77306e+06 3.13917e+06 886467 1.63389e+06 2.48674e+08 7.95352e+06 2.40721e+08 4.80193e+06 4.96496e+06 988862 2.35919e+08 2.12498e+08 1.35332e+06
internal_count=229955 9578 5885 3955 3693 220377 8707 211670 6525 5087 2408 205145 165852 3689
cat_boundaries=0 1 2 3
cat_threshold=322 13 282
is_linear=0
shrinkage=0.03


Tree=428
num_leaves=15
num_cat=3
split_feature=13 12 13 12 9 2 1 1 9 0 0 0 2 9
split_gain=126875 171775 184309 18878.7 17950.6 91272.4 97741.6 134568 115048 102697 97832.1 75108.5 58907.6 56066
threshold=0.53878424831981009 0.99947707111996298 0.33625239732437012 1.0253180588473227 79.500000000000014 5.5000000000000009 7.5000000000000009 14.500000000000002 71.500000000000014 0 1 2 1.0000000180025095e-35 74.500000000000014
decision_type=2 2 2 2 2 2 2 2 2 1 1 1 2 2
left_child=1 -1 -3 -4 5 6 8 12 -2 -9 -10 -7 -8 -14
right_child=4 2 3 -5 -6 11 7 9 10 -11 -12 -13 13 -15
leaf_value=0.00010789964264249872 -0.00063945901391715236 -0.016432632231159386 -0.0053903284075815872 -0.00010297166376269519 -1.6663116126852451e-05 -1.476008896069123e-05 0.0006118504118370903 0.00087302647318213589 -0.00074709336524184577 -0.00015407743860704521 0.00075566639198498245 -0.0016485322462615136 0.0001215439501335987 0.0005532209252408774
leaf_weight=3749599.8699492216 1600590.2734531164 581952.95623970032 545491.91517305374 529150.37678706646 219440131.83391011 866450.36342406273 1642856.4053955078 2115870.5959219933 585658.20522928238 10055819.615364075 642719.60008597374 778857.52285814285 6880356.6934375763 3556155.0108661652
leaf_count=4643 2786 3668 1040 1160 195083 875 964 3057 1159 6474 952 1536 4230 2311
internal_value=1.91315e-05 0.00456571 0.012611 0.00524721 -7.99141e-05 0.00062529 0.00104212 0.0016577 -0.00423489 -0.000568549 0.00267103 -0.00623526 0.00390096 0.00306976
internal_weight=2.53572e+08 5.4062e+06 1.6566e+06 1.07464e+06 2.48165e+08 2.87253e+07 2.708e+07 2.42511e+07 2.82897e+06 1.21717e+07 1.22838e+06 1.64531e+06 1.20794e+07 1.04365e+07
internal_count=229938 10511 5868 2200 219427 24344 21933 17036 4897 9531 2111 2411 7505 6541
cat_boundaries=0 1 2 3
cat_threshold=416 457 152
is_linear=0
shrinkage=0.03


Tree=429
num_leaves=15
num_cat=2
split_feature=13 12 13 13 1 1 14 14 0 1 13 11 3 0
split_gain=130181 184808 178364 19915.5 46720.1 46521 369010 72043.4 73197.5 70132.9 66930.3 60982.9 59166.1 79917
threshold=0.51110750609065203 0.99712577792716017 0.33625239732437012 0.97157542957146681 6.5000000000000009 7.5000000000000009 0.86863312934990444 0.92645061377641957 0 8.5000000000000018 0.86507368172615362 0.96562958517018271 1.0000000180025095e-35 1
decision_type=2 2 2 2 2 2 2 2 1 2 2 2 2 1
left_child=1 -1 -3 4 -2 6 -6 8 9 -7 -11 -10 -13 -14
right_child=3 2 -4 -5 5 7 -8 -9 11 10 -12 12 13 -15
leaf_value=-0.00014799925378207378 -0.0004296632774529708 0.0032948769544272369 0.00038736395226123541 -2.1074639149245416e-05 0.001324968352593697 0.00073544789139079003 -0.00015255743459995915 0.0001044095628951728 6.4543029748460933e-05 -0.00014995724265972536 0.00027474672684586824 -0.00010803605775806339 9.1620579693990273e-05 -0.00063761863192333002
leaf_weight=3324643.0183858871 3141899.0696120262 563469.41465675831 877384.36554861069 148960779.87376904 1645604.5105819702 1631691.2122855186 3933306.7269287109 51459244.051027298 3219169.0867524147 10160597.046575069 6612543.2383422852 12857753.679328442 1531831.2462921143 3880184.732468605
leaf_count=4051 15320 3750 1782 130419 1054 747 2876 40743 2399 7377 4751 9622 859 4363
internal_value=9.17149e-05 0.00500334 0.0139774 -2.27345e-06 0.000325039 0.000441741 0.00310123 0.000279326 -0.000677507 0.000711033 0.000133432 -0.00186676 -0.00253761 -0.00516905
internal_weight=2.538e+08 4.7655e+06 1.44085e+06 2.49035e+08 1.00074e+08 9.69319e+07 5.57891e+06 9.1353e+07 3.98938e+07 1.84048e+07 1.67731e+07 2.14889e+07 1.82698e+07 5.41202e+06
internal_count=230113 9583 5532 220530 90111 74791 3930 70861 30118 12875 12128 17243 14844 5222
cat_boundaries=0 1 2
cat_threshold=326 8
is_linear=0
shrinkage=0.03


Tree=430
num_leaves=15
num_cat=4
split_feature=13 12 13 11 0 9 1 1 0 9 0 0 2 9
split_gain=143803 203847 146209 23889.9 18674.5 18154.2 88309.3 134242 121556 116068 121106 59716.8 57501 59355.6
threshold=0.53878424831981009 0.99947707111996298 0.33625239732437012 0.9569913468292458 0 79.500000000000014 14.500000000000002 7.5000000000000009 1 71.500000000000014 2 3 1.0000000180025095e-35 74.500000000000014
decision_type=2 2 2 2 1 2 2 2 1 2 1 1 2 2
left_child=1 4 -3 -4 -1 6 7 9 -8 11 -11 -2 -9 -14
right_child=5 2 3 -5 -6 -7 8 12 -10 10 -12 -13 13 -15
leaf_value=0.00022355143944471337 -0.00020820716714809093 0.0016974420374682132 0.0001513586190071903 0.00097183076722165234 -0.00015060396678086754 -7.3104385990903313e-06 0.00026878458674266004 0.00060802673876880829 -0.00026389307698608614 0.00073511806154737374 -0.00073847782385272332 -0.00082832295004799193 0.00010876064078765798 0.00055172400072186513
leaf_weight=2460860.3220852613 776068.31223893166 551885.22991192341 520432.7013926506 563026.40577995777 1298356.0189099312 219800280.52927268 5247596.856662035 1611065.8460693359 7569207.5134353638 677178.17544698715 569690.69715714455 878765.55372941494 7537115.2851157188 3553417.2413082123
leaf_count=2627 1263 3638 362 1820 2002 195416 5725 960 4822 1079 1225 1767 5010 2319
internal_value=0.000137909 0.00498364 0.0138254 0.00742331 0.00113726 3.25974e-05 0.000746095 0.00226173 -0.00109905 -0.00356011 0.00335211 -0.00876825 0.00359173 0.00282241
internal_weight=2.53615e+08 5.39456e+06 1.63534e+06 1.08346e+06 3.75922e+06 2.4822e+08 2.84201e+07 1.56033e+07 1.28168e+07 2.9017e+06 1.24687e+06 1.65483e+06 1.27016e+07 1.10905e+07
internal_count=230035 10449 5820 2182 4629 219586 24170 13623 10547 5334 2304 3030 8289 7329
cat_boundaries=0 1 2 3 4
cat_threshold=158 425 54 300
is_linear=0
shrinkage=0.03


Tree=431
num_leaves=15
num_cat=2
split_feature=13 12 13 11 16 16 0 16 14 0 12 16 12 11
split_gain=131941 156800 216800 30437.8 17906 28791.8 18794.1 16983.8 53767.7 42845.4 53458.1 64967 56124.1 88930.2
threshold=0.56617079247711499 0.99712577792716017 0.33625239732437012 0.97755348269850095 0.07977058401702071 0.067515674620589453 0 0.055731571567769977 0.82298220553740553 1 0.98115963927892413 0.04490981942762768 1.0556393429599884 1.0345812913850758
decision_type=2 2 2 2 2 2 1 2 2 1 2 2 2 2
left_child=1 4 -3 -4 5 6 -1 8 -2 -10 11 -11 13 -12
right_child=7 2 3 -5 -6 -7 -8 -9 9 10 12 -13 -14 -15
leaf_value=-0.00020631284282277563 -0.00032363794202450218 -0.04883316191396251 6.5785596711311244e-05 0.00099870957265130937 0.00039195948323333284 -0.00075064814521359823 -0.0013223384385766662 -1.2425007389175545e-05 0.00034231152872994674 0.00098196089962987194 6.4035617520325191e-05 -1.0083358448430649e-05 0.00027691363283665889 -0.00026172397385520454
leaf_weight=712709.74713873863 4057454.0140188932 587760.53222477436 895310.71598887444 544312.53947687149 1176366.2382507324 845084.91189575195 1362025.2621333599 176117358.94817424 13852389.640727997 2616156.1708388329 25839105.118448138 3060332.8480987549 7261417.3288333416 14746999.927629471
leaf_count=1607 7977 3754 662 2060 644 527 2088 105554 32723 5486 33400 1811 11559 19987
internal_value=0.000139004 0.00448913 0.0113127 0.0050443 0.00111183 -0.000147169 0.00175411 3.13965e-05 0.000421568 0.000623545 0.000238681 0.00299128 -8.78794e-05 -0.000522478
internal_weight=2.53675e+08 6.12357e+06 2.02738e+06 1.43962e+06 4.09619e+06 2.91982e+06 2.07474e+06 2.47551e+08 7.14339e+07 6.73764e+07 5.3524e+07 5.67649e+06 4.78475e+07 4.05861e+07
internal_count=229839 11342 6476 2722 4866 4222 3695 218497 112943 104966 72243 7297 64946 53387
cat_boundaries=0 1 2
cat_threshold=261 290
is_linear=0
shrinkage=0.03


Tree=432
num_leaves=15
num_cat=1
split_feature=13 12 13 0 2 11 10 10 12 11 1 14 11 12
split_gain=132390 232644 171295 18607.3 27240.8 17234 29622.3 26465.7 23259.8 36582.6 71431.9 58230.3 34588.7 26680.2
threshold=0.53878424831981009 0.99947707111996298 0.33625239732437012 0 3.5000000000000004 0.77700826205213713 0.82120607435980486 0.81095062694523767 0.91595830406058487 0.93935367065657471 18.500000000000004 0.89729520766646598 0.92988574658020606 0.9608647852025366
decision_type=2 2 2 1 2 2 2 2 2 2 2 2 2 2
left_child=1 3 -3 -1 -5 -2 7 -7 -8 10 11 -10 -13 -11
right_child=5 2 -4 4 -6 6 8 -9 9 13 -12 12 -14 -15
leaf_value=-0.001651397585576374 0.00028374527021523844 0.0043458583441394194 0.00051910808963219241 0.0001728187084535708 -0.00050866689639629211 -0.00013726020787047487 -0.00043629644257953018 -0.00069996081371131395 0.0004006765360366693 0.00019367431829175831 0.00074106673988530393 -0.00013179405689177069 0.00019291688894393353 -1.0572245838742323e-05
leaf_weight=1298366.4579707384 1884560.9349308014 543808.38732731342 1091377.9368821383 1406407.6394488811 1135724.486151576 6402551.6985296011 1884094.2871792316 998005.61648273468 1612428.6142100096 5284818.6380358934 2010249.3913683891 6130731.7550551891 2439530.9204736948 219074713.53339911
leaf_count=1330 2215 3615 2228 1778 1572 7254 1738 746 1177 3966 2221 4137 1470 194186
internal_value=6.89995e-05 0.00468305 0.0141598 0.000648102 -0.000844245 -3.29904e-05 -5.48989e-05 -0.00192412 3.11778e-06 2.95617e-05 0.0016299 0.000609652 -0.000374377 -5.74097e-05
internal_weight=2.53197e+08 5.47568e+06 1.63519e+06 3.8405e+06 2.54213e+06 2.47722e+08 2.45837e+08 7.40056e+06 2.38437e+08 2.36552e+08 1.21929e+07 1.01827e+07 8.57026e+06 2.2436e+08
internal_count=229633 10523 5843 4680 3350 219110 216895 8000 208895 207157 9005 6784 5607 198152
cat_boundaries=0 1
cat_threshold=20
is_linear=0
shrinkage=0.03


Tree=433
num_leaves=15
num_cat=3
split_feature=13 12 13 13 11 0 12 12 1 1 0 10 0 10
split_gain=138976 207973 194266 24163.3 39642.2 104292 53496.3 51733.3 48749.4 46735.1 53925.8 38219.4 41980.5 34280.9
threshold=0.51110750609065203 0.99549366363837055 0.33625239732437012 0.98203533556484013 1.0497631304646522 0 1.0438544048453264 1.0473427238368127 7.5000000000000009 8.5000000000000018 1 1.16972179594494 2 1.1368811814709636
decision_type=2 2 2 2 2 1 2 2 2 2 1 2 1 2
left_child=1 -1 -3 4 -2 7 9 -6 -8 10 -7 12 -10 -14
right_child=3 2 -4 -5 5 6 8 -9 11 -11 -12 -13 13 -15
leaf_value=9.0130992934360838e-05 7.2828056939470596e-05 0.0031989981841058657 0.00038429522522404167 -1.6670892465696276e-05 0.00084986397809252371 0.00053339539410911436 -0.00052571983529956293 0.0001360110763579674 0.00072054675641578501 -0.00028562244886144977 -0.002952187396729514 -0.00017967021465569217 -6.0941481387605537e-05 0.00041509961152775334
leaf_weight=3321125.5195969343 76286384.054362655 579400.52075493336 929288.69287359715 137465612.6894747 2043971.6321922541 856323.10435903072 1417502.875341177 4203613.3156331778 1709581.4273850918 10591501.705750465 964009.99626171589 6117326.4043426514 5382800.8140201569 2251460.5445594788
leaf_count=4036 62013 3800 1827 122139 1688 1273 3759 3626 2994 9614 1709 5865 3870 1988
internal_value=0.000167341 0.00520766 0.0144441 6.96882e-05 0.000397161 -0.000430415 -0.00118099 0.00308849 -8.15566e-05 -0.00267609 0.00176437 0.000406621 0.00161349 0.000661908
internal_weight=2.5412e+08 4.82981e+06 1.50869e+06 2.4929e+08 1.11824e+08 3.55381e+07 2.92905e+07 6.24758e+06 1.68787e+07 1.24118e+07 1.82033e+06 1.54612e+07 9.34384e+06 7.63426e+06
internal_count=230201 9663 5627 220538 98399 36386 31072 5314 18476 12596 2982 14717 8852 5858
cat_boundaries=0 1 2 3
cat_threshold=260 82 33
is_linear=0
shrinkage=0.03


Tree=434
num_leaves=15
num_cat=1
split_feature=13 0 3 13 3 11 16 1 16 16 13 10 10 14
split_gain=143474 66074.5 71184.8 68015.6 89538.2 20404.9 27124.3 43741.5 26531.3 34009.5 19207.6 31814.8 61058.3 36939.2
threshold=0.53878424831981009 0 1.5000000000000002 0.33625239732437012 1.5000000000000002 1.1902710751006842 0.084072011220865828 10.500000000000002 0.056109922579274253 0.065394711096730049 1.0228762550714816 1.0283647253166985 1.0243909741692858 0.98808122580044067
decision_type=2 1 2 2 2 2 2 2 2 2 2 2 2 2
left_child=1 3 -3 4 -1 10 7 -7 -9 -10 -2 12 13 -12
right_child=5 2 -4 -5 -6 6 -8 8 9 -11 11 -13 -14 -15
leaf_value=0.0034723068452578907 2.430219502922001e-05 0.00027686392579876168 -0.026491008827502101 0.00025822756732574051 0.0036560660113718582 -0.00065888567032102298 0.00019692120828153245 -0.00064029561920732466 0.00058174253774551825 -0.00023209084171111022 -0.00028831484838542665 2.0050881571595057e-05 -0.00037333667865087914 -5.855088805573399e-06
leaf_weight=700875.12321329117 152786734.32731187 1906712.3049379587 380225.03075230122 1846461.1061718464 640593.2856580019 1888916.5101563931 1581164.4170837402 1410313.2465500832 1504446.9451904297 1783345.4061279297 6191608.3534940481 52483751.430731535 3505236.1808867455 24882580.515791893
leaf_count=1531 124355 4067 2026 1918 1008 2837 762 2087 1096 1366 6839 51634 2731 25757
internal_value=0.000133626 0.00493736 0.00104618 0.00772877 0.0128698 2.75859e-05 -0.00144694 -0.00229394 -0.000743809 0.000732729 7.78017e-05 -0.000277841 -0.000984357 -0.000560964
internal_weight=2.53493e+08 5.47487e+06 2.28694e+06 3.18793e+06 1.34147e+06 2.48018e+08 8.16819e+06 6.58702e+06 4.69811e+06 3.28779e+06 2.3985e+08 8.70632e+07 3.45794e+07 3.10742e+07
internal_count=230014 10550 6093 4457 2539 219464 8148 7386 4549 2462 211316 86961 35327 32596
cat_boundaries=0 1
cat_threshold=29
is_linear=0
shrinkage=0.03


Tree=435
num_leaves=15
num_cat=0
split_feature=13 12 13 11 12 12 5 1 4 13 1 14 11 11
split_gain=147318 206276 218916 28934.6 19021 65372.7 36168.2 53075.6 70809.5 59083.4 49778.6 50792.1 80814.8 49846.1
threshold=0.53878424831981009 0.99712577792716017 0.33625239732437012 0.95791355267053857 1.0081464412505341 1.0089400379775288 1.0000000180025095e-35 16.500000000000004 1.0000000180025095e-35 1.4611920349058671 14.500000000000002 0.94680165660374593 0.9740154224333436 1.0304023934857012
decision_type=2 2 2 2 2 2 2 2 2 2 2 2 2 2
left_child=1 -1 -3 -4 6 -6 7 8 10 -10 13 -12 -13 -2
right_child=4 2 3 -5 5 -7 -8 -9 9 -11 11 12 -14 -15
leaf_value=0.00010428441356984527 9.1952307990432396e-05 -0.0010833956774022617 0.00012008483913539413 0.00092312298994039806 -0.00064198233658934302 -6.8078464114247813e-06 -0.00030836718596308779 0.00013079560328150143 -0.0020747443074423939 2.6392355947500678e-06 0.00011967194417996002 -0.00090582146212115971 -0.00013444014282324278 -0.00015266983292256238
leaf_weight=3744772.3046430349 46322056.527368307 602643.74267995358 623942.14088153839 510328.76904499531 2837096.5808163881 142517360.16298413 2063349.4034889936 32038603.035251617 969631.79845583439 766389.7122541666 4608627.6768188477 1845160.1361999512 6785934.8638000488 6964580.4767892361
leaf_count=4533 38631 3739 414 1841 2241 133721 1255 27708 948 1364 2745 1117 3551 5841
internal_value=0.000175793 0.0050403 0.0135853 0.00582205 6.8148e-05 -0.000152459 0.000381403 0.000462284 -1.04997e-05 -0.0059918 0.000145584 -0.00150074 -0.00285853 0.000554633
internal_weight=2.532e+08 5.48169e+06 1.73691e+06 1.13427e+06 2.47719e+08 1.45354e+08 1.02364e+08 1.00301e+08 6.82624e+07 1.73602e+06 6.65264e+07 1.32397e+07 8.6311e+06 5.32866e+07
internal_count=229649 10527 5994 2255 219122 135962 83160 81905 54197 2312 51885 7413 4668 44472
is_linear=0
shrinkage=0.03


Tree=436
num_leaves=15
num_cat=0
split_feature=13 11 7 13 14 10 11 10 1 11 10 14 16 1
split_gain=147560 49801.9 88575.9 154008 38747.3 28402.6 13751.5 13749.1 65777.8 35143.3 34193.9 28226 24198.3 22392.8
threshold=0.53878424831981009 0.88624555706363617 1.0000000180025095e-35 0.33625239732437012 0.84064510801132564 0.81095062694523767 0.94567906468906215 0.88315745690132064 18.500000000000004 0.83022427849027636 0.90135704482050072 1.0015893097259105 0.073697918808304008 21.500000000000004
decision_type=2 2 2 2 2 2 2 2 2 2 2 2 2 2
left_child=1 -1 3 5 -4 -3 -5 8 9 12 11 -9 -2 -12
right_child=7 2 4 6 -6 -7 -8 10 -10 -11 13 -13 -14 -15
leaf_value=0.00011785843883641192 -9.6318981329076263e-05 0.0017282043577868393 -0.0032923918166468621 0.00014606106359808181 0.0053139873932427995 0.0040220625105014517 0.00036917078257549935 0.00037795413695610879 0.00049341116933628677 -0.00021635549516878851 7.0348165698255804e-06 -5.5114255717259367e-05 0.00036935699901286169 -0.0003927193670838545
leaf_weight=2281442.0942051411 1965152.0150663853 228890.13520884514 794034.10717284679 590971.77813053131 475887.5931429863 395146.01785445213 702466.3737411499 2053894.2569124699 2782005.6553516388 10952802.035969496 223237823.58468699 1440083.3756507635 1325602.7944030762 4748972.3217732906
leaf_count=2211 2627 219 1448 430 1808 2728 1725 1465 4066 8215 181884 1590 960 18847
internal_value=0.000134336 0.00500885 0.0074309 0.0115008 0.00128568 0.0237412 0.00559525 2.70636e-05 -0.000795741 -0.00161984 8.75815e-05 0.0030329 0.00109878 4.24434e-05
internal_weight=2.53975e+08 5.46884e+06 3.1874e+06 1.91747e+06 1.26992e+06 624036 1.29344e+06 2.48506e+08 1.70256e+07 1.42436e+07 2.31481e+08 3.49398e+06 3.29075e+06 2.27987e+08
internal_count=230223 10569 8358 5102 3256 2947 2155 219654 15868 11802 203786 3055 3587 200731
is_linear=0
shrinkage=0.03


Tree=437
num_leaves=15
num_cat=3
split_feature=13 12 13 3 0 16 16 2 0 0 1 16 10 2
split_gain=167212 206826 212462 21142.2 22231.2 20576.3 79207 58876.4 61330.8 47928.9 83457.8 93411.1 64876.8 40701.4
threshold=0.51110750609065203 0.99549366363837055 0.33625239732437012 1.0000000180025095e-35 0 0.08132442582937606 0.076551096840151614 1.5000000000000002 1 2 11.500000000000002 0.10085607567360329 1.0283647253166985 1.5000000000000002
decision_type=2 2 2 2 1 2 2 2 1 1 2 2 2 2
left_child=1 3 -3 -1 -5 6 -2 -8 -9 10 11 -7 -12 -14
right_child=5 2 -4 4 -6 9 7 8 -10 -11 12 -13 13 -15
leaf_value=0.00032859302949895554 -9.0784156818196575e-06 0.0041288997851921822 0.0003665541834693421 0.00090434825061756167 -0.00034407902837442072 0.00089308188314034308 0.00038911178695313892 0.00028157453637243121 1.0800377527313754e-05 -9.5069991903461366e-05 -0.00049566692275710875 3.8093801437245855e-05 0.00048417871910691419 -6.5072465829509233e-05
leaf_weight=1191228.5764297247 174409625.64371932 622669.02956271172 955483.00644469261 904698.15019786358 1178367.4575278759 2590555.8393363953 3505560.3367919922 2835805.5456542969 10063740.176242828 40143444.600097656 4885568.0444140434 4013446.0768632889 2083181.6110839844 4284966.6704361439
leaf_count=1607 181186 3805 1847 918 1473 1380 1717 873 7881 16756 3701 2000 1194 3663
internal_value=6.15861e-05 0.00557702 0.0144983 0.00127712 -0.000545869 -4.59768e-05 0.000104434 0.00209737 0.00116047 -0.000540804 0.000752188 0.00342942 -0.000818889 0.00117623
internal_weight=2.53668e+08 4.85245e+06 1.57815e+06 3.27429e+06 2.08307e+06 2.48816e+08 1.90815e+08 1.64051e+07 1.28995e+07 5.80012e+07 1.78577e+07 6.604e+06 1.12537e+07 6.36815e+06
internal_count=230001 9650 5652 3998 2391 220351 191657 10471 8754 28694 11938 3380 8558 4857
cat_boundaries=0 1 2 3
cat_threshold=152 16 449
is_linear=0
shrinkage=0.03


Tree=438
num_leaves=15
num_cat=0
split_feature=13 12 13 14 14 5 16 2 1 9 2 9 1 1
split_gain=121673 175424 237082 25992.3 22656.2 20241.1 409181 154058 22122.9 111679 140150 111662 158985 126188
threshold=0.56617079247711499 0.99712577792716017 0.33625239732437012 0.80817321326263725 0.66936950709047272 1.0000000180025095e-35 0.069382729902509321 3.5000000000000004 16.500000000000004 88.500000000000014 5.5000000000000009 89.500000000000014 9.5000000000000018 9.5000000000000018
decision_type=2 2 2 2 2 2 2 2 2 2 2 2 2 2
left_child=1 4 -3 -4 -1 8 7 -7 11 10 -10 12 -2 -13
right_child=5 2 3 -5 -6 6 -8 -9 9 -11 -12 13 -14 -15
leaf_value=-0.00031359994029365752 -0.00011715469371934794 0.0040611367671869588 0.00090395573187836197 0.00010575524760680697 0.00022403066154634332 -0.00014999272721870149 -0.0011915320510851289 0.0015940379421075573 -0.00011628587016350251 9.9964948769265579e-05 -0.0014938383301665928 6.3328359334775383e-05 0.00028504166585981063 -0.00013328764188613929
leaf_weight=1084696.5853450298 10783666.116903305 573240.79173576832 531244.91202139854 888792.69160628319 3087107.2889748812 1263101.6978210211 1618700.5908203125 1158602.6275064945 12079799.113105059 64531350.595341921 1096880.4616205692 49706316.217211366 18373374.67800498 87253666.999174118
leaf_count=1478 11869 3755 1104 1587 3466 1142 703 1101 10543 60658 1709 57951 12856 60146
internal_value=0.000129261 0.00429233 0.0116134 0.00503975 0.00079434 2.57144e-05 -0.00208028 0.00572501 6.06127e-05 0.000478421 -0.00203842 -0.000134835 0.00155091 -0.000493708
internal_weight=2.54031e+08 6.16508e+06 1.99328e+06 1.42004e+06 4.1718e+06 2.47865e+08 4.0404e+06 2.4217e+06 2.43825e+08 7.7708e+07 1.31767e+07 1.66117e+08 2.9157e+07 1.3696e+08
internal_count=230068 11390 6446 2691 4944 218678 2946 2243 215732 72910 12252 142822 24725 118097
is_linear=0
shrinkage=0.03


Tree=439
num_leaves=15
num_cat=2
split_feature=13 11 0 10 1 13 2 11 0 9 16 9 1 16
split_gain=125048 58998.6 86894.4 94578.1 56382 74200.8 18480.1 61804 37681.4 47795.5 80593.9 79382.7 57817.8 46806.4
threshold=0.53878424831981009 0.88624555706363617 0 1.0912306131221923 9.5000000000000018 0.27957566888501467 1.0000000180025095e-35 1.1901084494770153 1 72.500000000000014 0.060710881994853756 86.500000000000014 17.500000000000004 0.044202609877353728
decision_type=2 2 1 2 2 2 2 2 1 2 2 2 2 2
left_child=1 -1 3 -3 5 -4 7 8 -2 -10 11 -11 -12 -13
right_child=6 2 4 -5 -6 -7 -8 -9 9 10 12 13 -14 -15
leaf_value=7.3894588132678932e-05 -0.00035916873078919927 0.00062796602767650929 0.0033544244071347013 -0.011081787143943225 0.0011168754674273152 -0.0043624292155562778 9.5322002373563992e-06 -0.0007309851370115246 0.00045349308325662042 -0.0012112452657946123 2.9007215835435449e-06 0.00016695716359430002 0.0003405077771734663 -0.00019023832022282188
leaf_weight=2333156.3095313311 6031719.1442149878 321509.71783185005 288745.65205311775 161659.45115303993 2002344.6691551208 364868.19491958618 204691610.04250157 1542327.2658756971 1617612.4099786282 1249361.1681838036 15072661.173461914 3684785.6989302635 4897760.2597351074 9195041.5201721191
leaf_count=2236 6339 1734 2093 1305 1861 1370 186677 1299 1139 1275 7087 8241 2051 5433
internal_value=7.83143e-05 0.00456407 0.00724957 -0.00445278 0.00937843 0.017029 -2.06736e-05 -0.000583808 -0.000365939 4.43784e-06 -0.000234585 -0.00196852 0.000992184 -0.00126817
internal_weight=2.53455e+08 5.47228e+06 3.13913e+06 483169 2.65596e+06 653614 2.47983e+08 4.32913e+07 4.17489e+07 3.57172e+07 3.40996e+07 1.41292e+07 1.99704e+07 1.28798e+07
internal_count=230140 10599 8363 3039 5324 3463 219541 32864 31565 25226 24087 14949 9138 13674
cat_boundaries=0 1 2
cat_threshold=352 130
is_linear=0
shrinkage=0.03


Tree=440
num_leaves=15
num_cat=3
split_feature=13 12 13 13 0 11 16 13 12 9 0 0 11 16
split_gain=137068 198682 178263 20003.5 66447.5 50097.4 33909.7 26949 34259.5 66957.4 85946.2 76238.5 60271.6 33127
threshold=0.51110750609065203 0.99922278036993484 0.33625239732437012 0.79398568042344897 0 0.97755348269850095 0.076551096840151614 0.97157542957146681 1.015250755764568 82.500000000000014 1 2 1.0307230388861373 0.061177901116796267
decision_type=2 2 2 2 1 2 2 2 2 2 1 1 2 2
left_child=1 -1 -3 4 5 -2 -7 8 -5 10 -10 -11 13 -13
right_child=3 2 -4 7 -6 6 -8 -9 9 11 -12 12 -14 -15
leaf_value=9.6424812224903746e-05 0.00044303156418672531 0.0037867818413642794 -0.0011819728842588201 9.5489343493887569e-05 -0.00022713724098632104 -0.00028737748987966598 0.00056235070810483311 -1.6816492050351032e-05 0.0006225449948583546 0.00033711190289293416 -8.3811839791974311e-05 -0.001873865598528509 -3.3042079025585507e-05 -0.00046776215885460881
leaf_weight=3434156.1876339912 2756372.8269441128 557185.46988034248 908341.65829229355 42075987.005698323 13039092.332683682 2525577.0211493969 879715.12109375 148410609.97964036 2280494.2664608955 4036817.9393851757 2444573.255641222 2474974.2949920893 23206542.902821779 4295804.7704772949
leaf_count=4234 2763 3628 1782 32862 13138 4930 671 130009 2401 2786 2496 3321 22079 2757
internal_value=0.000105621 0.00507457 0.0143222 7.61894e-06 -0.00092252 0.00164478 -0.000788947 8.55307e-05 0.000526336 -0.000117399 0.00322895 -0.000582256 -0.00110345 -0.00359384
internal_weight=2.53326e+08 4.89968e+06 1.46553e+06 2.48427e+08 1.92008e+07 6.16166e+06 3.40529e+06 2.29226e+08 8.08152e+07 3.87392e+07 4.72507e+06 3.40141e+07 2.99773e+07 6.77078e+06
internal_count=229857 9644 5410 220213 21502 8364 5601 198711 68702 35840 4897 30943 28157 6078
cat_boundaries=0 1 2 3
cat_threshold=209 403 4
is_linear=0
shrinkage=0.03


Tree=441
num_leaves=15
num_cat=3
split_feature=13 11 3 13 0 14 0 4 1 2 14 13 0 1
split_gain=138777 56202.8 103417 122587 48240.2 40955.2 19313.2 18185 111620 96160.2 53814.2 33617.9 76650.7 33358
threshold=0.53878424831981009 0.88624555706363617 1.5000000000000002 0.33625239732437012 0 0.84807388092217628 1 1.0000000180025095e-35 13.500000000000002 4.5000000000000009 1.4904328048837827 1.4611920349058671 2 17.500000000000004
decision_type=2 2 2 2 1 2 1 2 2 2 2 2 1 2
left_child=1 -1 3 4 -3 -4 -5 11 10 13 -9 -2 -13 -10
right_child=7 2 5 6 -6 -7 -8 8 9 -11 -12 12 -14 -15
leaf_value=9.1230809163055671e-05 5.5412833880633438e-06 0.0035475880947555705 -0.003694976623660372 -0.00023744181935548658 0.0017400141093579721 0.0065969114901078046 0.0011441357300832444 -0.0017182793498799283 -0.0011621444275303051 0.0014664880249115058 -0.00046397850647394485 0.024865180026921164 0.00016642932401146583 0.00067303440481325733
leaf_weight=2297790.1541416645 241242398.63283968 377908.7032225132 847709.61243486404 666987.35503029823 234519.59133470058 383674.48459351063 643755.34378743172 1210731.7726675272 1114576.7192077637 935217.11072540283 918757.15784859657 266794.47195696831 1173565.0992701054 760637.58387851715
leaf_count=2212 203861 912 1523 758 2032 1714 1409 1779 1073 1228 2136 804 6936 1553
internal_value=0.000161552 0.00489588 0.0074954 0.0118419 0.0229225 0.000707128 0.00666454 5.73081e-05 -0.00174464 0.00218076 -0.00692525 9.39876e-05 0.00466359 -0.00173813
internal_weight=2.53075e+08 5.45235e+06 3.15456e+06 1.92317e+06 612428 1.23138e+06 1.31074e+06 2.47623e+08 4.93992e+06 2.81043e+06 2.12949e+06 2.42683e+08 1.44036e+06 1.87521e+06
internal_count=229930 10560 8348 5111 2944 3237 2167 219370 7769 3854 3915 211601 7740 2626
cat_boundaries=0 1 2 3
cat_threshold=28 25 16
is_linear=0
shrinkage=0.03


Tree=442
num_leaves=15
num_cat=2
split_feature=13 12 13 9 0 9 9 9 2 2 0 16 10 9
split_gain=132547 221565 189817 21998.7 114263 96661.8 90863.5 71356.9 70296.3 115344 73141 91338.5 66366.8 59526.8
threshold=0.51110750609065203 0.99712577792716017 0.33625239732437012 79.500000000000014 0 77.500000000000014 63.500000000000007 73.500000000000014 3.5000000000000004 4.5000000000000009 1 0.064660328551112062 1.0135079437829182 71.500000000000014
decision_type=2 2 2 2 1 2 2 2 2 2 1 2 2 2
left_child=1 -1 -3 4 6 7 -2 12 10 -10 13 -12 -6 -8
right_child=3 2 -4 -5 5 -7 8 -9 9 -11 11 -13 -14 -15
leaf_value=5.1727971163476462e-05 -0.0005197020171343556 0.0035090014800374736 0.0003637342219767221 -1.2540307629484898e-05 0.00018549468351455344 0.0005141694170101201 0.0014166747136668287 -0.00067619352520061234 0.0010978664156587874 8.5018598008838444e-05 0.00022144388403439803 -0.0001937802430065861 -0.00021379417818530194 0.00013809600801539026
leaf_weight=3288740.6598632336 1499231.882766366 583040.20656371117 934145.86164402962 219896104.99425387 4723715.508665204 2145569.2272486687 1381494.9260926247 3070283.2283633947 1514030.2155745029 1518765.5235680342 2262378.5798561573 2321836.6620788574 6826899.8137458563 1277340.1396685839
leaf_count=4016 1196 3730 1845 195725 3225 1592 1511 3030 1239 1977 2076 918 6059 1423
internal_value=6.94088e-05 0.00500407 0.0144878 -2.60503e-05 0.000757525 -0.000833206 0.00302256 -0.0017058 0.00402916 0.00786374 0.00242356 0.000127642 -0.000625265 0.00638202
internal_weight=2.53244e+08 4.80593e+06 1.51719e+06 2.48438e+08 2.85415e+07 1.67665e+07 1.17751e+07 1.46209e+07 1.02758e+07 3.0328e+06 7.24305e+06 4.58422e+06 1.15506e+07 2.65884e+06
internal_count=229562 9591 5575 219971 24246 13906 10340 12314 9144 3216 5928 2994 9284 2934
cat_boundaries=0 1 2
cat_threshold=432 384
is_linear=0
shrinkage=0.03


Tree=443
num_leaves=15
num_cat=0
split_feature=13 12 13 10 16 1 14 12 1 14 12 3 5 11
split_gain=169553 202715 182855 21966 22149.9 36935.4 19044.8 29642.8 42715 41185.5 28993.6 22688.7 134762 58573
threshold=0.53878424831981009 0.99712577792716017 0.33625239732437012 1.311423601463038 0.059080464927386132 11.500000000000002 1.0585095856346838 0.98344643590589009 18.500000000000004 1.0935776365780254 0.98697337007541763 1.0000000180025095e-35 1.0000000180025095e-35 0.86737031308685941
decision_type=2 2 2 2 2 2 2 2 2 2 2 2 2 2
left_child=1 -1 -3 6 5 -5 11 8 9 -8 -9 12 -2 -13
right_child=3 2 -4 4 -6 -7 7 10 -10 -11 -12 13 -14 -15
leaf_value=0.00013602148340514496 2.3125382027592889e-05 0.0034012107476043014 0.00047082061222639051 -0.00054175461866486823 -0.00038492345364326641 0.00076925417988559115 0.00017809281738911427 0.0014826054983503726 0.00069528029949427947 -0.001141666733686918 0.00014397920396665352 0.00079370242834005426 -0.0009276333095027718 -5.8326443062134734e-05
leaf_weight=3696829.0318037271 145246878.51747286 584407.96721458435 1121317.7511029243 728789.02059710026 3073992.432800293 1039938.7953338623 764751.03403043747 652544.55826318264 900085.90965509415 1676214.2617435455 21186605.258946776 1790510.8627195358 1919008.0346962214 69358129.284320235
leaf_count=4500 100793 3710 2241 1271 1709 1173 848 1251 1926 3407 35472 2088 1106 68325
internal_value=0.000138985 0.00539675 0.0139518 2.46029e-05 -0.00197607 0.000698683 6.43931e-05 0.000845618 -0.00178603 -0.00384585 0.00124822 -2.57127e-05 0.000186937 -0.000465564
internal_weight=2.5374e+08 5.40255e+06 1.70573e+06 2.48337e+08 4.84272e+06 1.76873e+06 2.43495e+08 2.51802e+07 3.34105e+06 2.44097e+06 2.18391e+07 2.18315e+08 1.47166e+08 7.11486e+07
internal_count=229820 10451 5951 219369 4153 2444 215216 42904 6181 4255 36723 172312 101899 70413
is_linear=0
shrinkage=0.03


Tree=444
num_leaves=15
num_cat=0
split_feature=13 12 13 11 14 3 2 9 16 12 12 14 11 1
split_gain=115849 210068 174694 20992.8 17294.1 16474.2 15992.9 70854.7 86794.5 58454.6 120250 93638.9 80926.7 80922.3
threshold=0.53878424831981009 0.99947707111996298 0.33625239732437012 0.95791355267053857 0.84807388092217628 1.0000000180025095e-35 4.5000000000000009 74.500000000000014 0.063093165805787346 1.019141366626745 1.0073531584289153 0.9169296688441525 0.99327595712854466 18.500000000000004
decision_type=2 2 2 2 2 2 2 2 2 2 2 2 2 2
left_child=1 4 -3 -4 5 -1 -2 8 -8 10 -9 -11 -13 -14
right_child=6 2 3 -5 -6 -7 7 9 -10 11 -12 12 13 -15
leaf_value=0.00017397198166400822 -1.2904563751310369e-05 0.0034757456552060098 6.4137783197322167e-05 0.00094040141576256142 0.00036374938788451326 -0.00041172563772095611 -0.0012103163782502442 5.1107216484815687e-05 -1.3784959043043569e-05 -0.00060638594287359287 0.00068492666215292514 -0.001256248028041224 0.00027222238722959173 -0.00049754970000281257
leaf_weight=1077719.0885699987 205193046.41887152 553472.81122994423 586737.73239731789 496871.76779234409 1043533.3773815632 1669824.8441653252 922190.70992028713 15490798.579534173 1746553.0742251873 3028013.3790796995 6693369.3915884495 1402021.9191625118 11464056.827887535 2572776.6506330967
leaf_count=1378 159438 3662 413 1797 1758 1544 2133 20496 1574 4775 9154 2198 14727 5096
internal_value=7.39244e-05 0.00440952 0.0133904 0.00638658 0.000531332 -0.000717403 -2.07761e-05 0.000503004 -0.00423226 0.000813875 0.00185181 -0.00043299 0.000513082 0.00119952
internal_weight=2.53941e+08 5.42816e+06 1.63708e+06 1.08361e+06 3.79108e+06 2.74754e+06 2.48513e+08 4.33198e+07 2.66874e+06 4.0651e+07 2.21842e+07 1.84669e+07 1.54389e+07 1.40368e+07
internal_count=230143 10552 5872 2210 4680 2922 219591 60153 3707 56446 29650 26796 22021 19823
is_linear=0
shrinkage=0.03


Tree=445
num_leaves=15
num_cat=4
split_feature=13 12 13 10 0 9 0 1 9 1 2 9 0 0
split_gain=125178 367828 28892.9 53492.7 22127.1 17094.7 111226 71305.9 97537 73216.2 68522.6 154327 233836 67370.9
threshold=0.33625239732437012 0.99415645601000158 0.56617079247711499 0.99451885417014119 0 79.500000000000014 1 14.500000000000002 76.500000000000014 11.500000000000002 3.5000000000000004 68.500000000000014 2 3
decision_type=2 2 2 2 1 2 1 2 2 2 2 2 1 1
left_child=1 4 3 -2 -1 6 10 8 9 -8 13 -12 -13 -4
right_child=2 -3 5 -5 -6 -7 7 -9 -10 -11 11 12 -14 -15
leaf_value=0.00079903555790572912 6.8937495258823218e-05 0.0030566287015137391 0.00067283154451433351 0.0011880736971168326 -0.00056042781854526234 -5.3139807930448381e-06 -0.00035184863290882174 -0.00035799725782929631 0.00072840391422813024 0.00031259583218782618 -0.00010074152197004033 0.0013405161139481243 7.2678723853252374e-05 -3.5360742627500401e-05
leaf_weight=834170.10969209671 3130588.4385025501 592694.19405341148 2913483.100920558 815979.09257853031 735586.20304560661 219009106.14682782 3657640.2455195189 5543575.6162128448 1272922.0064573288 1836386.2250976562 2018610.0510727167 1662784.0994976759 1445485.6263730526 8196625.0209480524
leaf_count=750 2837 3766 3213 2537 1470 194084 3802 4791 1035 1313 2015 1240 1655 5098
internal_value=0.000135239 0.00732231 7.34435e-05 0.00262011 -0.000280419 3.28444e-05 0.000723341 -0.00142723 0.000639309 -0.00109436 0.00235386 0.00522277 0.0094173 0.00102996
internal_weight=2.53666e+08 2.16245e+06 2.51503e+08 3.94657e+06 1.56976e+06 2.47557e+08 2.85475e+07 1.23105e+07 6.76695e+06 5.49403e+06 1.6237e+07 5.12688e+06 3.10827e+06 1.11101e+07
internal_count=229606 5986 223620 5374 2220 218246 24162 10941 6150 5115 13221 4910 2895 8311
cat_boundaries=0 1 2 3 4
cat_threshold=26 440 144 384
is_linear=0
shrinkage=0.03


Tree=446
num_leaves=15
num_cat=3
split_feature=13 12 13 10 0 10 11 13 3 0 2 14 0 12
split_gain=102848 197407 193053 24403 23620.9 22473.2 36199.9 19713.9 36670.7 51557.2 49855.1 55221.2 75617.7 48931.3
threshold=0.53878424831981009 0.99947707111996298 0.33625239732437012 0.86883337326258692 0 0.79976984507662452 0.83022427849027636 0.97157542957146681 1.0000000180025095e-35 1 2.5000000000000004 0.80817321326263725 2 1.0176514693763716
decision_type=2 2 2 2 1 2 2 2 2 1 2 2 1 2
left_child=1 4 -3 -4 -1 6 -2 8 9 -7 11 12 -11 -13
right_child=5 2 3 -5 -6 7 -8 -9 -10 10 -12 13 -14 -15
leaf_value=-0.00042856849044573079 0.0001003300544660644 0.0035620832878062378 5.8923214953421448e-05 -0.0021819574200256831 0.0001620536652655254 0.00010803380556825423 -0.00032743056415479631 -1.3934099947491629e-05 -5.0718607764949293e-05 -0.00064840594905030493 0.00027728267372592526 0.00019106549633900191 -0.00011148640018497337 -0.00019874038906826858
leaf_weight=930536.33624219894 2974321.263679862 554961.0449410677 565358.33614444733 556498.55929017067 2931160.4551912546 43580826.807216048 4800876.2247799635 146819184.24643254 29330942.873108149 1305729.5546933413 4087639.9173117876 5894383.2581878901 2066619.6308068037 7615126.0898309946
leaf_count=1375 3571 3651 367 1840 3318 28149 4901 127273 33612 635 4294 5886 2786 8326
internal_value=0.000111934 0.00415524 0.0127503 0.00559089 0.000423085 2.18085e-05 -0.00156562 7.30863e-05 0.000412611 0.000812284 -0.000409994 -0.00112979 -0.00456392 -0.000272533
internal_weight=2.54014e+08 5.53851e+06 1.67682e+06 1.12186e+06 3.8617e+06 2.48476e+08 7.7752e+06 2.407e+08 9.38813e+07 6.45503e+07 2.09695e+07 1.68819e+07 3.37235e+06 1.35095e+07
internal_count=229984 10551 5858 2207 4693 219433 8472 210961 83688 50076 21927 17633 3421 14212
cat_boundaries=0 1 2 3
cat_threshold=257 279 8
is_linear=0
shrinkage=0.03


Tree=447
num_leaves=15
num_cat=3
split_feature=13 12 13 0 13 14 1 14 1 14 0 13 1 0
split_gain=118043 184010 196417 29002.7 17049.7 41844.8 70718.4 198669 96227.1 138430 90330.2 63384.7 49095.7 78515.7
threshold=0.53878424831981009 0.99712577792716017 0.33625239732437012 0 0.98701901997483621 0.97300308871053487 8.5000000000000018 0.8746455374800175 11.500000000000002 0.86542073623636151 1 0.887599919707039 8.5000000000000018 2
decision_type=2 2 2 1 2 2 2 2 2 2 1 2 2 1
left_child=1 -1 -3 -4 5 6 7 10 9 11 -2 -8 13 -7
right_child=4 2 3 -5 -6 12 8 -9 -10 -11 -12 -13 -14 -15
leaf_value=6.4419324505355077e-05 -0.00015974824425397355 -0.045250990645959888 -0.00059816256161724008 0.0013460412490312896 -1.9396555082882103e-05 0.00014568101365154863 -0.00074428383886957785 -0.00013530650247475611 1.1078865558248849e-05 -3.1007093537108428e-05 0.00063992447561579441 -0.00020874206995006369 0.00017003436267608332 -0.00035953683656724135
leaf_weight=3723054.7054898739 1073942.6895325184 577110.08422422409 573909.68140912056 581159.01663768291 130661656.25990427 3934002.0019483566 3929684.8432168961 6958773.9695901871 47735073.226662636 9218580.772644043 4003191.5529042482 1580448.5490264893 34837601.415849924 3835882.3517503738
leaf_count=4549 1881 3722 968 1256 117409 5389 2995 8589 36763 6322 4363 1257 28571 5836
internal_value=0.000133821 0.00449904 0.0125767 0.00543605 3.771e-05 0.000300578 -0.000128282 0.00197736 -0.000534011 -0.0026538 0.00648973 -0.00641568 0.00105045 -0.00110589
internal_weight=2.53224e+08 5.45523e+06 1.73218e+06 1.15507e+06 2.47769e+08 1.17107e+08 7.44997e+07 1.20359e+07 6.24638e+07 1.47287e+07 5.07713e+06 5.51013e+06 4.26075e+07 7.76988e+06
internal_count=229870 10495 5946 2224 219375 101966 62170 14833 47337 10574 6244 4252 39796 11225
cat_boundaries=0 1 2 3
cat_threshold=281 34 269
is_linear=0
shrinkage=0.03


Tree=448
num_leaves=15
num_cat=2
split_feature=13 12 13 10 0 1 16 16 1 14 16 9 13 0
split_gain=126849 221510 182794 24127.6 20623.8 69883.7 60846.8 61170.6 54991.8 144004 54586 50815.8 50061.8 118498
threshold=0.53878424831981009 0.99947707111996298 0.33625239732437012 0.85635765199566871 0 7.5000000000000009 0.058389118957245995 0.074498612982028728 11.500000000000002 0.86231755333465665 0.062894268614539353 70.500000000000014 1.4611920349058671 1
decision_type=2 2 2 2 1 2 2 2 2 2 2 2 2 1
left_child=1 -1 -3 -4 5 11 -7 8 9 -8 -10 -2 -6 -14
right_child=4 2 3 -5 12 6 7 -9 10 -11 -12 -13 13 -15
leaf_value=6.8358323753270935e-05 -0.0013036104700812048 0.0049189566847075488 7.5278361474978605e-05 0.0010002956755691492 -1.8465474312120589e-05 0.00034304822502578391 -0.0008120311979321139 0.00013425882071611174 0.00032786631043708571 -0.00013362443064445219 -0.00011341180443779843 -0.00020975863238023953 0.028928977199425051 2.5059783289996224e-05
leaf_weight=3783168.9240196943 395329.660389781 553180.53343117237 500566.82768654823 580528.71276581287 167302550.50081289 19121173.388208628 1373036.0936889648 25008414.47555542 5766563.5449523926 7138915.7812194824 13990493.615524292 6428600.5326189995 474456.06825101376 1255048.7372528315
leaf_count=4648 1142 3668 322 1888 116946 33675 1099 19088 5251 5713 11379 19232 1276 4678
internal_value=0.000139001 0.0046803 0.01391 0.00673299 3.98999e-05 0.000439308 0.000712858 0.000191831 -0.000764281 -0.00278015 0.000104216 -0.00246293 -0.000147296 0.00493056
internal_weight=2.53672e+08 5.41744e+06 1.63428e+06 1.0811e+06 2.48255e+08 7.92225e+07 7.23986e+07 5.32774e+07 2.8269e+07 8.51195e+06 1.97571e+07 6.82393e+06 1.69032e+08 1.7295e+06
internal_count=230005 10526 5878 2210 219479 96579 76205 42530 23442 6812 16630 20374 122900 5954
cat_boundaries=0 1 2
cat_threshold=99 16
is_linear=0
shrinkage=0.03


Tree=449
num_leaves=15
num_cat=3
split_feature=13 12 13 16 16 12 11 0 0 10 11 11 1 0
split_gain=153652 195093 171133 14825.2 22657.8 14002 53388.3 118831 112415 93847.3 83931.3 83119.3 82686.1 85224.1
threshold=0.51110750609065203 0.99922278036993484 0.33625239732437012 0.07977058401702071 0.067515674620589453 1.0051969303918387 1.0142450752632377 0 1 1.0368600691440639 0.9569913468292458 1.0345812913850758 17.500000000000004 2
decision_type=2 2 2 2 2 2 2 1 1 2 2 2 2 1
left_child=1 3 -3 4 -1 -2 7 10 11 -9 -7 -8 -10 -14
right_child=5 2 -4 -5 -6 6 8 9 12 -11 -12 -13 13 -15
leaf_value=0.00022127368160770319 3.0701364618283323e-05 -0.013501555288633246 0.00041831848433236169 0.00035620663247499417 -0.00038649751155356239 0.00037477652059239564 -0.00072861628873560202 -0.00035244722288283825 6.5407744080318863e-05 -0.001390912189837627 -8.0888265910184946e-05 -0.00013212958269818436 -0.00022554814114240986 2.5171355948936322e-06
leaf_weight=1548312.1866668463 89755595.838650942 547777.76129305363 911367.39977347851 1023528.7922973633 801413.4641418457 3701740.5338015556 3629289.5448887348 8531023.7885476351 83450427.208671689 1565379.7595968246 13518040.853448987 18895059.281991839 6471146.0733642578 19232504.473282337
leaf_count=3130 74328 3674 1779 508 491 3583 2746 8466 71402 977 11375 18437 3204 25938
internal_value=0.000158037 0.00545627 0.0146214 0.0014918 0.000179178 5.51099e-05 -0.000114002 -0.00132098 0.000136381 -0.00390507 0.000194135 -0.00179323 0.000534564 -0.000953201
internal_weight=2.53583e+08 4.8324e+06 1.45915e+06 3.37325e+06 2.34973e+06 2.4875e+08 1.58995e+08 2.73162e+07 1.31678e+08 1.00964e+07 1.72198e+07 2.25243e+07 1.09154e+08 2.57037e+07
internal_count=230038 9582 5453 4129 3621 220456 146128 24401 121727 9443 14958 21183 100544 29142
cat_boundaries=0 1 2 3
cat_threshold=155 136 16
is_linear=0
shrinkage=0.03


Tree=450
num_leaves=15
num_cat=0
split_feature=13 12 13 11 16 13 9 9 16 16 1 14 16 16
split_gain=115084 200648 230615 25212 24794.7 44910.1 27150.6 24881.9 144599 113568 33391.8 223869 185015 50315.6
threshold=0.53878424831981009 0.99712577792716017 0.33625239732437012 0.9569913468292458 0.091181822851780003 0.87127735889330682 62.500000000000007 66.500000000000014 0.063093165805787346 0.051683114612688437 8.5000000000000018 0.88781725287033697 0.033755858039455959 0.075470824236093983
decision_type=2 2 2 2 2 2 2 2 2 2 2 2 2 2
left_child=1 -1 -3 -4 6 -6 -2 8 9 -8 11 12 -9 -13
right_child=4 2 3 -5 5 -7 7 10 -10 -11 -12 13 -14 -15
leaf_value=4.5331375694266817e-05 -0.00039331682399976675 0.0046667154786685988 -1.1005445021348325e-05 0.00091298346410191176 9.536888730310733e-05 -0.00013294742162515074 -0.00027401397450476273 -0.00073407312829260887 -0.00020919430691582842 0.0010415132727784359 -1.0929976414929404e-05 -6.6250335630780788e-05 0.0010530455195980337 0.00030005533194685241
leaf_weight=3761916.1148065329 1569500.7800637484 591192.37362802029 559244.18514156342 562643.61564815044 3410474.3117980957 21195396.012162209 1008351.0750565529 914017.18927979469 3063660.0250854492 2372717.0575866699 186819119.52003479 20906238.88760078 3591893.8042907715 3446473.7971801758
leaf_count=4549 1258 3751 379 1853 1650 9704 2216 6299 1535 1517 148371 43141 2089 1417
internal_value=6.14659e-05 0.00436376 0.0128744 0.00488404 -3.34002e-05 -0.000937299 6.60277e-05 9.38102e-05 0.00193063 0.00620818 3.89236e-05 0.000988678 0.00713142 -0.000147896
internal_weight=2.53773e+08 5.475e+06 1.71308e+06 1.12189e+06 2.48298e+08 2.46059e+07 2.23692e+08 2.22122e+08 6.44473e+06 3.38107e+06 2.15678e+08 2.88586e+07 4.50591e+06 2.43527e+07
internal_count=229729 10532 5983 2232 219197 11354 207843 206585 5268 3733 201317 52946 8388 44558
is_linear=0
shrinkage=0.03


Tree=451
num_leaves=15
num_cat=3
split_feature=14 1 0 1 12 11 11 0 16 16 3 11 0 16
split_gain=19471 241050 136451 123704 101704 128275 95836.7 60319.1 54913.5 57985.4 50763.5 132170 142688 58936.1
threshold=0.85862153954868592 8.5000000000000018 0 11.500000000000002 0.99493778713559811 1.0507163897489569 0.98536147366073423 1 0.085593813051928994 0.067515674620589453 1.0000000180025095e-35 1.0190933168553296 2 0.054855348445743676
decision_type=2 2 1 2 2 2 2 1 2 2 2 2 1 2
left_child=1 2 4 6 -1 8 -3 -8 9 -6 13 -12 -13 -5
right_child=-2 3 -4 10 5 -7 7 -9 -10 -11 11 12 -14 -15
leaf_value=-0.00010690438922138904 1.5110815283026086e-06 9.5578394226751177e-05 -2.525521312021631e-05 -0.00017982178207636684 0.0011005418917602553 0.00036596753681102578 -0.00026968233631058066 -0.0010074806897449873 0.0005778410040320123 0.0018827341359158923 0.00033367162900494759 -6.5462238310680655e-05 -0.00097457690359203659 0.00027958850070152093
leaf_weight=784832.94261562824 219142436.65910113 1657351.4364776611 2230525.6935946941 2752883.8808813095 471898.47683274746 1278988.0070886612 2401590.1457140446 2463883.5934753418 1170633.5479736328 696330.70068359375 3322978.8591105938 2652391.6270141602 1476977.1536924839 10799668.066772461
leaf_count=1350 196955 1071 5062 3888 2228 1879 1353 2545 358 265 2376 2872 1219 6489
internal_value=0.000125589 0.000791771 0.0059255 -0.000445278 0.00898811 0.0111118 -0.00405414 -0.00617648 0.0152892 0.0198907 0.000675413 -0.00131343 -0.00489739 0.00176905
internal_weight=2.53303e+08 3.41609e+07 6.63321e+06 2.75277e+07 4.40268e+06 3.61785e+06 6.52283e+06 4.86547e+06 2.33886e+06 1.16823e+06 2.10049e+07 7.45235e+06 4.12937e+06 1.35526e+07
internal_count=229910 32955 11142 21813 6080 4730 4969 3898 2851 2493 16844 6467 4091 10377
cat_boundaries=0 1 2 3
cat_threshold=93 278 103
is_linear=0
shrinkage=0.03


Tree=452
num_leaves=15
num_cat=0
split_feature=13 12 13 10 12 12 13 14 1 14 16 1 14 16
split_gain=125904 215343 200914 33243.7 15864.1 19892 14502.2 42625.6 89291 143063 113353 80862.3 90435 56423.2
threshold=0.53878424831981009 0.99947707111996298 0.33625239732437012 0.85635765199566871 0.92324355344902431 0.97001371905166367 0.98701901997483621 0.96206481944514666 8.5000000000000018 0.87998188926985765 0.061177901116796267 11.500000000000002 0.86542073623636151 0.084072011220865828
decision_type=2 2 2 2 2 2 2 2 2 2 2 2 2 2
left_child=1 4 -3 -4 -1 -6 7 8 9 10 -2 12 -10 -13
right_child=6 2 3 -5 5 -7 -8 -9 11 -11 -12 13 -14 -15
leaf_value=-0.00026581958520654179 -0.00044476527360251311 -0.0024007250583464204 1.1092093028008208e-05 0.00082794041950371637 0.00063328022897962103 -0.030771748100746232 -1.856616169153543e-05 9.511152050000111e-05 -0.0005428265580912794 -0.00012640482670924982 0.0006379235043372267 4.3064584281032031e-05 -5.1094526810687741e-05 -0.00020316655962463554
leaf_weight=1045347.440264225 1082059.081266284 575239.87400186062 503692.24851226807 595144.83822643757 807251.38403463364 1976373.9984340668 130332425.81810784 51340062.229192138 5597424.367477417 5357231.7101902962 4176237.8048706055 34805045.486372709 7770483.1734924316 6777408.2950744629
leaf_count=1151 4568 3671 325 1869 1293 2251 117173 46011 4336 6986 1926 28437 5399 4045
internal_value=0.00015001 0.00463808 0.0136132 0.00609351 0.000714054 0.0018974 5.01145e-05 0.000292713 -0.000214193 0.00230465 0.00581994 -0.000700792 -0.00273049 -4.82846e-05
internal_weight=2.52741e+08 5.50305e+06 1.67408e+06 1.09884e+06 3.82897e+06 2.78363e+06 2.47238e+08 1.16906e+08 6.55659e+07 1.06155e+07 5.2583e+06 5.49504e+07 1.33679e+07 4.15825e+07
internal_count=229441 10560 5865 2194 4695 3544 218881 101708 55697 13480 6494 42217 9735 32482
is_linear=0
shrinkage=0.03


Tree=453
num_leaves=15
num_cat=2
split_feature=13 0 1 3 16 11 10 11 2 11 0 14 3 11
split_gain=253374 88075.4 92274.2 44262.9 38278.7 24184.1 20197.6 47726.1 44481.3 22544.8 52521.4 46069.7 41825.5 36587.9
threshold=0.53878424831981009 0 9.5000000000000018 1.5000000000000002 0.068654486760728758 0.88624555706363617 0.82120607435980486 0.83022427849027636 2.5000000000000004 0.93935367065657471 1 0.86863312934990444 2.5000000000000004 0.91700597683295093
decision_type=2 1 2 2 2 2 2 2 2 2 1 2 2 2
left_child=1 2 4 5 -1 -3 7 8 -2 10 11 -8 -12 -13
right_child=6 3 -4 -5 -6 -7 9 -9 -10 -11 12 13 -14 -15
leaf_value=0.0012792724164711505 -0.00011506937733808937 0.000123185074884465 0.00021482726783114282 -0.0029396878727828311 0.0034584021965379259 -0.0022186095952631125 0.00016274410758581673 -0.00032453813352944231 0.00097346614843858237 -1.6799834989916681e-06 0.00025154932302139658 -0.0013350384743076669 -0.00054666871289975035 -0.00018456269145932097
leaf_weight=462705.54069769382 2161722.3508996964 1380220.5916353464 2306643.3136730194 382815.88405001163 436861.15673828125 513143.8061183691 1349613.643763423 5822885.3092644215 1300482.4012690783 224670068.75717044 9176893.635819912 788276.77722835541 1501821.6021261215 750867.95856261253
leaf_count=2797 2021 1228 1552 2010 133 2750 902 6004 2158 198559 5768 1200 1514 874
internal_value=0.000139631 0.00651874 0.00972257 0.00200579 0.0178722 0.00388692 -1.65981e-06 -0.00137436 0.00141496 5.184e-05 0.00123942 -0.00234933 0.00221023 -0.00589697
internal_weight=2.53005e+08 5.48239e+06 3.20621e+06 2.27618e+06 899567 1.89336e+06 2.47523e+08 9.28509e+06 3.4622e+06 2.38238e+08 1.35675e+07 2.88876e+06 1.06787e+07 1.53914e+06
internal_count=229470 10470 4482 5988 2930 3978 219000 10183 4179 208817 10258 2976 7282 2074
cat_boundaries=0 1 2
cat_threshold=29 322
is_linear=0
shrinkage=0.03


Tree=454
num_leaves=15
num_cat=2
split_feature=13 12 13 12 1 0 16 16 16 0 2 13 1 16
split_gain=245943 141370 206274 64325.5 23662.8 15238 14525.5 21333.3 14004.3 69119 42947.9 15391.9 50668.7 97978.4
threshold=0.53878424831981009 0.98922990193883686 0.33625239732437012 0.94288066048179553 12.500000000000002 0 0.10464416358175241 0.10291246103483447 0.095419360151761376 1 1.5000000000000002 0.83823972121862178 8.5000000000000018 0.033755858039455959
decision_type=2 2 2 2 2 1 2 2 2 1 2 2 2 2
left_child=1 3 -3 -1 -5 -4 7 8 11 -10 -11 12 13 -2
right_child=6 2 5 4 -6 -7 -8 -9 9 10 -12 -13 -14 -15
leaf_value=-0.00026757017978076532 -0.0011539385571593468 0.0044947878014417724 9.114158124946692e-05 0.0010071304838629505 0.00056906410306145616 0.00079632080396250203 -0.00030548686574797022 0.00037915059089146822 0.00038982400083196372 -1.5814283969007151e-05 -0.00046153694145695094 1.2491527752285352e-05 -0.0001279440677766398 0.00044289482134445902
leaf_weight=1173980.5157389641 780163.9384727478 582111.06995785236 605045.67747759819 948424.29461312294 1506185.2794685364 658029.5177346468 2370110.5174219608 1427376.4289703369 2922862.9771509171 3312487.1071777344 3981491.4030456543 207986903.2990005 22595078.248503208 2863695.9839630127
leaf_count=1374 6270 3911 983 1713 1126 1414 1725 874 1360 1097 1829 184011 20499 1769
internal_value=0.000140965 0.00643109 0.013192 0.00299307 0.00575545 0.00638255 2.26544e-06 2.47965e-05 3.44256e-06 -0.00108379 -0.0026458 5.08673e-05 -0.000633824 0.00264897
internal_weight=2.53714e+08 5.47378e+06 1.84519e+06 3.62859e+06 2.45461e+06 1.26308e+06 2.4824e+08 2.4587e+08 2.44443e+08 1.02168e+07 7.29398e+06 2.34226e+08 2.62389e+07 3.64386e+06
internal_count=229955 10521 6308 4213 2839 2397 219434 217709 216835 4286 2926 212549 28538 8039
cat_boundaries=0 1 2
cat_threshold=277 448
is_linear=0
shrinkage=0.03


Tree=455
num_leaves=15
num_cat=2
split_feature=13 12 13 12 10 2 5 0 12 0 5 2 14 1
split_gain=244639 146063 215305 37639.1 23884.8 22569.3 107202 81093.8 99768.2 73833.2 71414.9 68886.6 66044.2 140580
threshold=0.53878424831981009 0.99712577792716017 0.33625239732437012 0.94288066048179553 0.88315745690132064 2.5000000000000004 1.0000000180025095e-35 0 0.95513059896937513 1 1.0000000180025095e-35 3.5000000000000004 0.95916933819167294 7.5000000000000009
decision_type=2 2 2 2 2 2 2 1 2 1 2 2 2 2
left_child=1 3 -3 -1 -4 6 9 -7 -9 -2 11 -10 13 -11
right_child=5 2 4 -5 -6 7 -8 8 10 12 -12 -13 -14 -15
leaf_value=-0.00010100415707307105 8.1691073393998196e-05 0.0042894308552109163 4.9009203166646658e-05 0.00071187936795533526 0.00076130157726900477 -0.00027446969962403558 -0.00084502504763648168 0.00099721860622875211 0.00014607612626067954 0.00059226017457137282 0.00071375173096999069 -2.0325681265581193e-05 -0.00011726939170622119 -2.8921645827049286e-05
leaf_weight=1153563.5873125792 53403804.284040451 594475.13502919674 606571.27617812157 2560015.1698336601 522857.20909309387 10902448.590071678 2092643.8169138432 2693028.0795065165 34369216.91683352 2612060.5875140429 1710758.423417449 71283460.000444412 42973049.18718946 25967952.579829216
leaf_count=1347 52314 3751 374 3153 1855 12965 1486 4100 27152 3413 1306 77336 24979 14390
internal_value=0.00016922 0.00646393 0.0136805 0.00311387 0.00598868 3.12115e-05 -0.00024803 0.000324513 0.000568997 -0.000135257 0.000425942 0.000327487 -0.000765255 0.000352358
internal_weight=2.53446e+08 5.43748e+06 1.7239e+06 3.71358e+06 1.12943e+06 2.48008e+08 1.2705e+08 1.20959e+08 1.10056e+08 1.24957e+08 1.07363e+08 1.05653e+08 7.15531e+07 2.858e+07
internal_count=229921 10480 5980 4500 2229 219441 96582 122859 109894 95096 105794 104488 42782 17803
cat_boundaries=0 1 2
cat_threshold=256 355
is_linear=0
shrinkage=0.03


Tree=456
num_leaves=15
num_cat=3
split_feature=13 12 13 12 14 14 1 1 0 0 2 1 0 1
split_gain=264328 121184 218247 39492.7 20012.8 18246.1 48296.7 128950 64265.5 48996.1 83630.6 75788.2 48512.4 33512.7
threshold=0.53878424831981009 0.98922990193883686 0.33625239732437012 0.94288066048179553 0.83213896427668133 0.81306842668704049 8.5000000000000018 11.500000000000002 0 1 2.5000000000000004 18.500000000000004 2 13.500000000000002
decision_type=2 2 2 2 2 2 2 2 1 1 2 2 1 2
left_child=1 3 -3 -1 -4 6 8 12 -2 11 -11 13 -8 -9
right_child=5 2 4 -5 -6 -7 7 9 -10 10 -12 -13 -14 -15
leaf_value=-9.7692145893677238e-05 0.0008260978746429538 0.0041448356973841196 0.00074848057243408596 0.00081981987253916999 0.00012335449524376012 1.0478709852197859e-05 -0.00031260606364751423 -0.00018450580771373274 -4.5658999355958774e-05 -0.00054934078414298529 0.00012873789257784459 -0.00064936959619861718 -0.00092122695659491941 0.00049751809704585005
leaf_weight=1139180.4503151178 1578634.5662306547 591726.4400395155 507251.0051254034 2453827.4208180904 717704.89053320885 229112838.94598997 1938158.660261631 1530269.1719970703 2238166.9441667795 2175204.2126245499 2603778.1973385811 1130792.7908847332 1614994.8098449707 4701795.1589269638
leaf_count=1356 2090 3866 1111 2809 1290 201918 1611 1334 2982 1421 1641 2037 1352 3278
internal_value=0.000178202 0.00673864 0.0130533 0.00354586 0.00582628 3.54574e-05 -0.000845206 -0.00158124 0.00218144 -0.000110232 -0.00247569 0.00142511 -0.00660799 0.00272161
internal_weight=2.54034e+08 5.40969e+06 1.81668e+06 3.59301e+06 1.22496e+06 2.48625e+08 1.95118e+07 1.5695e+07 3.8168e+06 1.21418e+07 4.77898e+06 7.36286e+06 3.55315e+06 6.23206e+06
internal_count=230096 10432 6267 4165 2401 219664 17746 12674 5072 9711 3062 6649 2963 4612
cat_boundaries=0 1 2 3
cat_threshold=197 451 372
is_linear=0
shrinkage=0.03


Tree=457
num_leaves=15
num_cat=2
split_feature=11 14 12 1 0 1 0 1 11 12 12 12 11 3
split_gain=51384 101048 105594 66011 76586.3 63052.1 47268.6 43957.4 39249.3 34735.2 82984.1 42120.8 47154.7 36745.4
threshold=0.9569913468292458 0.87158761711986699 0.97001371905166367 19.500000000000004 0 12.500000000000002 1 13.500000000000002 0.92988574658020606 0.98697337007541763 1.017769022820241 0.96462961323702578 0.77700826205213713 1.0000000180025095e-35
decision_type=2 2 2 2 1 2 1 2 2 2 2 2 2 2
left_child=1 2 7 4 8 -4 -5 -1 -3 11 -11 12 -6 -13
right_child=-2 3 5 6 9 -7 -8 -9 -10 10 -12 13 -14 -15
leaf_value=-0.00018543069453930773 -5.7260376668433701e-07 6.9237666977528195e-05 0.0015745889181691928 0.0012925924739276035 0.00041625038452676477 0.00043038658856806771 0.00015228016328273575 0.0004309474965454856 0.0025009975009790751 -0.0004864780745268975 0.0001011515129042844 0.00018479779726453044 -0.00048460551066037649 -0.00015753986955685322
leaf_weight=2123424.4252964258 221351832.08421481 535880.92089867592 1458984.1842217445 1204164.6166572571 1037069.9698702097 1945194.4163408279 1335556.8440685272 2005583.1936802864 696604.11766278744 2749443.9757802486 2683998.2571620941 6810262.328083396 4223423.0537617207 3125146.3242554665
leaf_count=2082 200706 1021 1312 1702 1212 1021 3037 1594 1284 1787 2113 3531 4375 2847
internal_value=0.000154441 0.00127941 0.0043166 0.000341772 -0.000190055 0.00822832 0.00491972 0.00109156 0.00707441 -0.000624068 -0.00268275 0.000112033 -0.0020586 0.00126132
internal_weight=2.53287e+08 3.19347e+07 7.53319e+06 2.44016e+07 2.18618e+07 3.40418e+06 2.53972e+06 4.12901e+06 1.23249e+06 2.06293e+07 5.43344e+06 1.51959e+07 5.26049e+06 9.93541e+06
internal_count=229624 28918 6009 22909 18170 2333 4739 3676 2305 15865 3900 11965 5587 6378
cat_boundaries=0 1 2
cat_threshold=128 88
is_linear=0
shrinkage=0.03


Tree=458
num_leaves=15
num_cat=1
split_feature=13 0 1 13 13 11 13 10 10 10 11 11 1 1
split_gain=218352 73612.7 81081.6 44656.6 36990.3 66629.7 50091.9 46442 16183.9 26080.2 37217 23666.1 26298.9 28808.4
threshold=0.53878424831981009 0 9.5000000000000018 0.33625239732437012 0.27957566888501467 0.88624555706363617 0.18483617417268744 1.1163582065134401 0.79976984507662452 0.76375309174027717 0.81558126065163716 0.90644793995258399 17.500000000000004 9.5000000000000018
decision_type=2 1 2 2 2 2 2 2 2 2 2 2 2 2
left_child=1 2 3 -1 6 -6 7 -3 9 10 -2 12 13 -10
right_child=8 4 -4 -5 5 -7 -8 -9 11 -11 -12 -13 -14 -15
leaf_value=0.0029274767105920926 0.00036985929185444751 -2.6717666195794431e-05 0.00072832289228257378 0.00058834487879095665 -6.2057507594113299e-06 0.0012516636971046662 0.00020284714105827756 -0.010097222327845212 0.000360426091622046 -0.00044786795881546156 -0.00025222013090128552 -1.9259297188154463e-06 0.00050166337722739218 -7.4782351179587936e-05
leaf_weight=600349.28908288479 1939859.6048119068 128189.05551505089 2249315.3845272064 328529.02053010464 1110044.2967845201 568970.56160235405 300808.16307234764 138344.08544683456 1609463.1316974163 1686607.8212149143 4247241.8048781157 234125975.00950658 1715193.3009829521 3629093.4864807129
leaf_count=2041 2393 1417 1537 913 1042 2034 487 997 1742 1794 4340 205572 1706 2145
internal_value=0.000113898 0.00606828 0.00900636 0.0164629 0.00191138 0.00414918 -0.00471125 -0.0141813 -1.58441e-05 -0.00135427 -0.000452803 2.78691e-05 0.00175259 0.000696913
internal_weight=2.54378e+08 5.42455e+06 3.17819e+06 928878 2.24636e+06 1.67901e+06 567341 266533 2.48953e+08 7.87371e+06 6.1871e+06 2.4108e+08 6.95375e+06 5.23856e+06
internal_count=230160 10468 4491 2954 5977 3076 2901 2414 219692 8527 6733 211165 5593 3887
cat_boundaries=0 1
cat_threshold=29
is_linear=0
shrinkage=0.03


Tree=459
num_leaves=15
num_cat=2
split_feature=13 12 13 13 16 16 16 0 0 9 9 10 2 12
split_gain=223626 137575 246673 27936.8 19093.2 38008.1 45185.2 37233.4 34369.8 61607.7 81844.3 60897.9 42718.7 66507.9
threshold=0.53878424831981009 0.98922990193883686 0.33625239732437012 0.27957566888501467 0.084072011220865828 0.076551096840151614 0.080986009623554941 0 1 71.500000000000014 83.500000000000014 1.026100389477999 3.5000000000000004 1.0078608099056587
decision_type=2 2 2 2 2 2 2 1 1 2 2 2 2 2
left_child=1 3 -3 -1 5 -2 -7 -8 11 -10 -11 -6 13 -12
right_child=4 2 -4 -5 8 6 7 -9 9 10 12 -13 -14 -15
leaf_value=-0.00019136860123184101 -8.8071487100164441e-06 0.004069044997497025 0.00039445353839908092 0.00046561171447534 -0.00021807787567982418 0.00021264226880976479 -0.00013025427355354115 0.00010618234854216035 -0.00056891774906637159 0.00040333471460100108 0.00011561596137165889 0.00032551005296984465 -0.00039675088539592571 -0.00011896184464028144
leaf_weight=1008847.53363204 173341162.45508909 617917.71564006805 1258373.9955034256 2640361.5090874434 4566420.0526733398 14673138.987474442 6137436.5841031075 8774588.9729919434 2180519.6828613281 2197583.9439086914 8689651.9563598633 5442920.2658314705 9032298.5364074707 12292184.069091797
leaf_count=1632 180183 3973 2433 2569 2190 9597 2318 5499 992 1069 3070 2852 5990 5408
internal_value=9.08675e-05 0.00605983 0.0126615 0.00266548 -4.24839e-05 8.08136e-05 0.00107463 -8.83634e-05 -0.000605984 -0.00105626 -0.000725909 0.000941185 -0.00113509 -0.00039251
internal_weight=2.52853e+08 5.5255e+06 1.87629e+06 3.64921e+06 2.47328e+08 2.02926e+08 2.95852e+07 1.4912e+07 4.44016e+07 3.43922e+07 3.22117e+07 1.00093e+07 3.00141e+07 2.09818e+07
internal_count=229775 10607 6406 4201 219168 197597 17414 7817 21571 16529 15537 5042 14468 8478
cat_boundaries=0 1 2
cat_threshold=274 320
is_linear=0
shrinkage=0.03


Tree=460
num_leaves=15
num_cat=2
split_feature=13 12 13 13 12 10 0 10 12 16 2 12 12 0
split_gain=187587 102041 227302 38412.6 38139.3 23238.9 109531 99700.4 97670.8 56977.3 60438.8 53954.3 67820.6 60642.1
threshold=0.53878424831981009 0.98609395010972944 0.33625239732437012 0.27957566888501467 0.95179141236362896 1.0804981498706023 0 1.0692909671149702 1.0501009489392852 0.091181822851780003 5.5000000000000009 1.0227473549302106 1.0413889212874852 1
decision_type=2 2 2 2 2 2 1 2 2 2 2 2 2 1
left_child=1 3 -3 -1 -5 7 9 -2 -9 10 -7 -8 -13 -14
right_child=5 2 -4 4 -6 6 11 8 -10 -11 -12 12 13 -15
leaf_value=-0.00032979355533635594 -6.6925836445894846e-06 -0.014846961560626195 0.00036118425371054467 1.4253153459965136e-05 0.00086399196625733374 0.00041573294245901072 0.00023639072770270881 -0.00012498954235155157 -0.0010499742503834203 -0.00022442749914603874 -0.00059009561494854652 -0.00023902254068495162 -0.00016441449853114661 8.9300070359489721e-05
leaf_weight=970641.97713756561 174005714.29540181 590606.51336169243 1303818.6219804287 1082687.2233011723 1508373.7585815191 15790642.623883843 7068828.4270248413 5425669.8704550266 1805518.3232451677 2966123.3333604336 1266598.3541817665 11213566.064925671 7263717.3822788 21271517.261895418
leaf_count=1496 144019 4050 2491 1120 1371 18319 8474 5211 1357 1995 2586 9283 7316 20940
internal_value=8.28243e-05 0.00558527 0.0112107 0.00259318 0.00450004 -3.81945e-05 0.000439925 -0.000214527 -0.00366615 0.00229689 0.00296423 -0.000354279 -0.000783757 -6.93606e-06
internal_weight=2.53534e+08 5.45613e+06 1.89443e+06 3.5617e+06 2.59106e+06 2.48078e+08 6.6841e+07 1.81237e+08 7.23119e+06 2.00234e+07 1.70572e+07 4.68176e+07 3.97488e+07 2.85352e+07
internal_count=230028 10528 6541 3987 2491 219500 68913 150587 6568 22900 20905 46013 37539 28256
cat_boundaries=0 1 2
cat_threshold=292 144
is_linear=0
shrinkage=0.03


Tree=461
num_leaves=15
num_cat=3
split_feature=11 0 1 14 16 14 16 0 12 12 11 0 12 10
split_gain=35061.6 74030 70330.1 95040.9 44807.9 38175.2 54300 36267 32182.2 31067.9 45771.8 26585.5 59988.4 77803.1
threshold=0.96562958517018271 0 17.500000000000004 0.80817321326263725 0.08156592268938942 0.74049465648015245 0.035735974219033566 1 0.99907259255046421 0.98697337007541763 0.94301851942213499 2 1.0091514731206532 0.98364139411840446
decision_type=2 1 2 2 2 2 2 1 2 2 2 1 2 2
left_child=1 2 3 -1 9 -3 7 -7 -4 -5 -11 12 13 -2
right_child=11 5 8 4 -6 6 -8 -9 -10 10 -12 -13 -14 -15
leaf_value=0.00097347446793361384 0.0013136098904725515 0.00037037753213374421 0.00033820403961795452 8.7937472270376488e-05 0.00035424170393350771 0.0017957504884743868 -0.0001565004939935518 -1.6450399937314572e-05 0.00082329316051243831 -0.00035889771136255854 0.00016896660052747155 -1.949570552558799e-05 1.2882410734760263e-05 0.00019417242311005594
leaf_weight=1434611.2002221346 1870929.0508425236 2134658.7044225931 2694254.4875640869 5898623.3831756115 2691892.7189331055 698223.84811449051 14272424.23399353 742919.1294273138 1542835.6534376144 2362477.8680101633 1669121.0285531282 165424351.26185596 42555611.210105777 7698264.0020257235
leaf_count=1203 1701 1754 2630 4716 1389 2609 10061 3375 1758 1789 2043 129708 55343 10164
internal_value=0.000126778 0.000992058 0.00233317 0.00131192 0.000480278 -0.000382533 -0.000893911 0.00465591 0.0057212 -0.000450363 -0.00248008 -1.69735e-05 0.000573829 0.00272005
internal_weight=2.53691e+08 3.6142e+07 1.82938e+07 1.40567e+07 1.26221e+07 1.78482e+07 1.57136e+07 1.44114e+06 4.23709e+06 9.93022e+06 4.0316e+06 2.17549e+08 5.21248e+07 9.56919e+06
internal_count=230243 33327 15528 11140 9937 17799 16045 5984 4388 8548 3832 196916 67208 11865
cat_boundaries=0 1 2 3
cat_threshold=149 72 98
is_linear=0
shrinkage=0.03


Tree=462
num_leaves=15
num_cat=0
split_feature=13 12 13 14 13 2 9 9 12 12 1 9 11 2
split_gain=210782 123989 215184 43342.3 24687.4 22770.7 88871.1 66886.6 63692.6 73331.6 72125.1 116708 80726 72377.6
threshold=0.53878424831981009 0.98609395010972944 0.33625239732437012 0.82298220553740553 0.27957566888501467 4.5000000000000009 74.500000000000014 73.500000000000014 1.0251274134934043 1.0073531584289153 18.500000000000004 89.500000000000014 1.0199532326935519 5.5000000000000009
decision_type=2 2 2 2 2 2 2 2 2 2 2 2 2 2
left_child=1 4 -3 -4 -1 -2 7 -7 9 -8 11 13 -13 -10
right_child=5 2 3 -5 -6 6 8 -9 10 -11 -12 12 -14 -15
leaf_value=-0.00024440724559284042 -1.2347216546915394e-05 0.0044149811943327505 0.00069293649781686987 4.27274172010586e-06 0.00030316490364489765 -0.00010150353146619761 8.8558736060268767e-05 -0.001541641378913018 0.0012325894590841985 0.00052721929971302165 -0.00070869356890245773 -0.0015072841136667503 -5.857067617118128e-06 -7.810020862734099e-05
leaf_weight=951643.51315009594 204561065.99042749 610556.9414550066 519721.68012714386 747406.79038715363 2587035.2756134272 1824832.3222634792 15559041.015400171 846382.31594395638 1552521.1143615246 9834923.2885950804 2594602.5038282871 1370902.1342961788 8714213.1232153177 1047443.4827307463
leaf_count=1514 159143 4066 1103 1350 2450 2466 20516 1218 2035 13377 5473 1864 11723 1524
internal_value=0.000127189 0.0059817 0.0122129 0.00516319 0.00267534 -7.23442e-07 0.000623887 -0.00467683 0.000972008 0.00189288 -0.000558435 0.000373737 -0.00108732 0.0060411
internal_weight=2.53322e+08 5.41636e+06 1.87769e+06 1.26713e+06 3.53868e+06 2.47906e+08 4.33449e+07 2.67121e+06 4.06736e+07 2.5394e+07 1.52797e+07 1.26851e+07 1.00851e+07 2.59996e+06
internal_count=229822 10483 6519 2453 3964 219339 60196 3684 56512 33893 22619 17146 13587 3559
is_linear=0
shrinkage=0.03


Tree=463
num_leaves=15
num_cat=3
split_feature=13 12 13 12 0 11 11 16 1 1 13 0 16 0
split_gain=170023 115462 251958 35759.6 31856.8 22987.5 17086.5 24906.7 35898.2 39110.9 26074.6 24740.5 20375.4 52779.1
threshold=0.53878424831981009 0.98922990193883686 0.33625239732437012 0.94288066048179553 0 0.91700597683295093 1.1902710751006842 0.084072011220865828 11.500000000000002 18.500000000000004 0.94191123584211411 1 0.089869429603364012 2
decision_type=2 2 2 2 1 2 2 2 2 2 2 1 2 1
left_child=1 3 -3 -1 -4 -5 12 8 11 10 -10 -8 -2 -14
right_child=6 2 4 5 -6 -7 7 -9 9 -11 -12 -13 13 -15
leaf_value=-0.00023295734757396885 1.4383101819613497e-05 0.0041608629401158198 0.00099166879344097028 0.00065811762520634769 -2.1257995535541207e-05 -0.098863384029971024 -0.00072636635006257549 0.00021654235535847365 0.00052373644030576105 -0.00063645010424696728 -0.00016691925149110731 -0.00018935590283348055 1.1722126306719458e-05 -0.00031642611609342748
leaf_weight=1166567.8644691706 211860186.54039526 569905.63079488277 583277.56635797024 1447647.056030035 677552.39093482494 1001125.2002189159 1352033.7646710873 1564942.4205322266 1534903.0684204102 1206744.8070015907 1482890.0395202637 1025159.7500369549 19268907.78076005 8503543.3693847656
leaf_count=1345 198752 3945 1333 1445 1079 1388 1601 753 1088 1919 1144 1589 6737 5798
internal_value=0.000119258 0.00536266 0.0115011 0.00225425 0.00401864 0.00431357 4.01932e-06 -0.0013454 -0.00215204 -0.00049256 0.00133278 -0.00510111 5.00076e-05 -0.000714038
internal_weight=2.53245e+08 5.44608e+06 1.83074e+06 3.61534e+06 1.26083e+06 2.44877e+06 2.47799e+08 8.16667e+06 6.60173e+06 4.22454e+06 3.01779e+06 2.37719e+06 2.39633e+08 2.77725e+07
internal_count=229916 10535 6357 4178 2412 2833 219381 8094 7341 4151 2232 3190 211287 12535
cat_boundaries=0 1 2 3
cat_threshold=230 2 472
is_linear=0
shrinkage=0.03


Tree=464
num_leaves=15
num_cat=0
split_feature=13 12 1 12 13 10 13 12 11 10 1 1 9 2
split_gain=217991 113249 52784.1 64126 67871.1 29014.5 23247.5 17528.3 48198.1 64699.2 51850.1 49112.4 83040.7 86138.8
threshold=0.53878424831981009 0.94288066048179553 9.5000000000000018 0.98922990193883686 0.33625239732437012 0.89250296402008533 0.43892950188008456 1.0051969303918387 1.0142450752632377 1.0368600691440639 19.500000000000004 17.500000000000004 88.500000000000014 4.5000000000000009
decision_type=2 2 2 2 2 2 2 2 2 2 2 2 2 2
left_child=1 -1 3 -3 -5 -4 -7 -2 9 10 -9 -10 13 -13
right_child=7 2 5 4 -6 6 -8 8 11 -11 -12 12 -14 -15
leaf_value=-0.00022802659278142037 3.2482182254004225e-05 0.00072066871957203796 0.00050560529455691554 0.0035346568858078921 -0.0080592129488849477 -0.0020113413277988157 0.0020605319064692582 -0.00013241007612997764 3.7106213644951841e-05 -0.00086271633666629881 0.00054700305903169523 -0.00021891223685717442 -1.4649618834991382e-05 -0.0014311566723747865
leaf_weight=1153565.4116672277 89115273.705799103 535863.47898650169 2182863.1783156395 365169.25140202045 200209.16035747528 544597.911059618 486673.77167081833 22577517.40893054 100818106.98113871 1895922.5818293095 2338342.0880746841 5606292.1084284782 24482893.182004213 1014726.136746645
leaf_count=1379 73639 1414 1328 2903 1336 1458 732 18047 86457 1753 4329 5546 27699 1854
internal_value=0.000170577 0.00609505 0.00832708 0.0139954 0.0210432 0.00638497 0.0105319 3.98502e-05 -0.000149183 -0.00130875 -0.000902235 8.64876e-05 -0.000955638 -0.00393641
internal_weight=2.53318e+08 5.46894e+06 4.31538e+06 1.10124e+06 565378 3.21413e+06 1.03127e+06 2.47849e+08 1.58734e+08 2.68118e+07 2.49159e+07 1.31922e+08 3.11039e+07 6.62102e+06
internal_count=229874 10550 9171 5653 4239 3518 2190 219324 145685 24129 22376 121556 35099 7400
is_linear=0
shrinkage=0.03


Tree=465
num_leaves=15
num_cat=0
split_feature=13 12 13 12 1 13 16 16 13 16 14 1 1 1
split_gain=198230 121182 232902 36314.4 29005.3 24567 20760.2 33036.6 18493.9 47266.5 41972.2 72281.4 44627.6 44081.2
threshold=0.53878424831981009 0.98609395010972944 0.33625239732437012 0.94288066048179553 14.500000000000002 0.33625239732437012 0.10464416358175241 0.10291246103483447 0.98393873613563965 0.039200270349941439 0.95916933819167294 8.5000000000000018 7.5000000000000009 12.500000000000002
decision_type=2 2 2 2 2 2 2 2 2 2 2 2 2 2
left_child=1 3 -3 -1 -4 -5 7 8 -2 -10 11 -11 -12 -14
right_child=6 2 4 5 -6 -7 -8 -9 9 10 12 -13 13 -15
leaf_value=-0.00024662254176058664 2.7084286476715482e-05 -0.0063082832947264807 0.00057429490208309284 0.00029449881681626428 -1.0260773126716252e-05 0.0010033431081237418 -0.00034145455654860699 0.00042602401218584147 0.00020671224698450645 0.00034797784639210009 -0.00024152196890068871 -1.1268848623802705e-06 3.343385500102376e-05 -9.9770455235902213e-05
leaf_weight=1126448.4271733761 111783047.58815801 616392.20055878162 715572.69573223591 1082042.2147672176 593611.54566574097 1241867.9699944258 2355860.0616464615 1454031.8521194458 13762070.696660042 4179997.2629852295 6420168.3794460297 20779739.231392145 31983588.135590315 55324285.410265923
leaf_count=1343 98029 4058 1754 1293 713 1277 1703 877 43783 1954 3451 14074 20578 34903
internal_value=0.000166194 0.00586551 0.0118948 0.00250069 0.00473572 0.00464346 4.26705e-05 6.9546e-05 4.27041e-05 -0.000197122 -0.000390101 0.000703135 -0.00068123 -0.000503715
internal_weight=2.53419e+08 5.37594e+06 1.92558e+06 3.45036e+06 1.30918e+06 2.32391e+06 2.48043e+08 2.45687e+08 2.44233e+08 1.3245e+08 1.18688e+08 2.49597e+07 9.3728e+07 8.73079e+07
internal_count=229790 10438 6525 3913 2467 2570 219352 217649 216772 118743 74960 16028 58932 55481
is_linear=0
shrinkage=0.03


Tree=466
num_leaves=15
num_cat=2
split_feature=13 0 1 3 11 13 11 2 2 13 2 1 0 1
split_gain=216811 75092.7 98156.8 50062.3 30368.6 28826.2 15412.1 34608.1 25699 40547.5 22986.5 26273 15269.9 56768.3
threshold=0.53878424831981009 0 9.5000000000000018 1.5000000000000002 0.88624555706363617 0.33625239732437012 1.1902710751006842 1.0000000180025095e-35 2.5000000000000004 0.95812398548356115 3.5000000000000004 12.500000000000002 1 9.5000000000000018
decision_type=2 1 2 2 2 2 2 2 2 2 2 2 1 2
left_child=1 2 5 4 -3 -1 12 -8 9 -9 -10 -12 13 -2
right_child=6 3 -4 -5 -6 -7 7 8 10 -11 11 -13 -14 -15
leaf_value=0.0033383482412292702 -0.00016525644064741571 0.00011138993475722148 0.00087999280249838828 -0.0037296378710861768 0.001292114396072406 0.00056497901335277718 -0.00061551929225467752 0.00067317138136596124 -0.00067347178178809035 -0.0001931997210534965 0.00047307774839367513 -0.00040122195790027538 -6.4773066229163587e-06 0.00014404999933576821
leaf_weight=582448.5949832201 12137108.209146738 1397975.3323651552 2342962.314207077 383733.25624775887 509955.92850029469 342889.8104133606 1426054.5060261488 1556908.3738591671 1355792.2140209675 1238851.9358212948 1016159.0379183292 1543331.8545217514 187796792.13077247 39907255.908666849
leaf_count=1984 20828 1260 1584 2027 2816 923 1209 1204 1149 1190 1572 1757 143819 46824
internal_value=0.000137083 0.00599592 0.00891534 0.00183228 0.00382083 0.0171882 5.72076e-06 -0.0012783 -0.000376422 0.00182051 -0.00194517 -0.000272169 4.92838e-05 0.000503995
internal_weight=2.53538e+08 5.55997e+06 3.2683e+06 2.29166e+06 1.90793e+06 925338 2.47978e+08 8.1371e+06 6.71104e+06 2.79576e+06 3.91528e+06 2.55949e+06 2.39841e+08 5.20444e+07
internal_count=230146 10594 4491 6103 4076 2907 219552 8081 6872 2394 4478 3329 211471 67652
cat_boundaries=0 1 2
cat_threshold=29 98
is_linear=0
shrinkage=0.03


Tree=467
num_leaves=15
num_cat=0
split_feature=10 14 12 1 11 12 2 16 1 1 12 12 11 10
split_gain=40452.4 88444.6 119250 38541.3 48086.8 123007 38262.5 35591.2 33303.2 43261 31530.6 43011.9 43609 31295.3
threshold=0.97917871843321136 0.85862153954868592 0.99055603889192501 18.500000000000004 0.97444208477667915 1.0182782321369752 2.5000000000000004 0.066511076860393481 13.500000000000002 16.500000000000004 0.98697337007541763 0.96462961323702578 0.81558126065163716 0.89250296402008533
decision_type=2 2 2 2 2 2 2 2 2 2 2 2 2 2
left_child=1 2 6 4 8 -6 -1 -7 10 -10 11 12 -3 -5
right_child=-2 3 -4 13 5 7 -8 -9 9 -11 -12 -13 -14 -15
leaf_value=-0.00021433019308719368 -3.7938603679928621e-06 0.00027798875424418036 0.0011750441651132619 0.00052620567230200364 0.00081104590917290996 0.00017066542615425822 0.00043310079154738673 -0.00057692798560535588 -0.00045604626917288238 2.5622254182282473e-06 -0.00011747886019985812 0.00030090088978121485 -0.00095661131087152644 -1.2101732347701638e-05
leaf_weight=1844560.2384144068 212431525.74753535 1130688.5811581612 2275819.6629929543 3252822.1682243347 3494002.096809268 1494656.3027514219 3108867.4494376183 1899157.3343505859 4945638.6281738281 3983200.6522521973 5908099.1406456232 3966742.4861004353 876164.74606907368 2334027.4212474823
leaf_count=1596 190135 1677 1981 4475 3522 2032 2600 1404 3301 2148 5838 3327 1578 4019
internal_value=0.000137481 0.00100621 0.00401388 0.000352969 -0.000105506 0.00206724 0.0014022 -0.00200059 -0.000824634 -0.00220904 0.000215719 0.00175265 -0.00182631 0.00262598
internal_weight=2.52946e+08 4.05144e+07 7.22925e+06 3.32852e+07 2.76983e+07 6.88782e+06 4.95343e+06 3.39381e+06 2.08105e+07 8.92884e+06 1.18817e+07 5.9736e+06 2.00685e+06 5.58685e+06
internal_count=229633 39498 6177 33321 24827 6958 4196 3436 17869 5449 12420 6582 3255 8494
is_linear=0
shrinkage=0.03


Tree=468
num_leaves=15
num_cat=3
split_feature=10 14 12 11 12 1 0 1 0 1 0 1 2 10
split_gain=27382.7 95659.1 108781 49613.9 96390.8 46708.3 55278.9 40549.6 40556.4 40239.8 29459.9 29092.4 26797.3 25175.1
threshold=0.97917871843321136 0.85862153954868592 0.99055603889192501 0.97444208477667915 1.0182782321369752 20.500000000000004 0 10.500000000000002 1 17.500000000000004 2 7.5000000000000009 2.5000000000000004 1.0073430709674736
decision_type=2 2 2 2 2 2 1 2 1 2 1 2 2 2
left_child=1 2 12 5 -5 6 7 11 -9 -8 -7 -3 -1 -2
right_child=13 3 -4 4 -6 10 9 8 -10 -11 -12 -13 -14 -15
leaf_value=-0.0001535470067609544 -8.0683526078968352e-05 -0.00012669221507128898 0.0008298359481902736 0.00072452383307025311 -0.00016069672250048849 0.001895279277785234 -0.00024083414421884549 0.0003074750958579999 -0.00049285316361443647 6.7097764412807939e-05 0.00040074041485356552 0.00075197268683376071 0.00037496070031755392 8.1530671770076019e-06
leaf_weight=1794440.9686877728 35224933.670394301 741283.91053557396 2285582.9782574177 4190572.9766774178 4009007.3779565096 420718.26278686523 13414261.055683374 2498845.047088623 2099018.7811889648 3424513.5720214844 952130.66233682632 1549907.8735656738 3093453.489454627 177651851.4406358
leaf_count=1577 29459 2338 1992 4735 4592 863 10047 2918 1661 2022 2798 1378 2596 160727
internal_value=9.28705e-05 0.00080815 0.00395051 0.000131228 0.00215726 -0.000530611 -0.000841896 0.00142195 -0.000202799 -0.00176808 0.00484952 0.00468243 0.0014243 -4.31237e-05
internal_weight=2.53351e+08 4.04737e+07 7.17348e+06 3.33003e+07 8.19958e+06 2.51007e+07 2.37278e+07 6.88906e+06 4.59786e+06 1.68388e+07 1.37285e+06 2.29119e+06 4.88789e+06 2.12877e+08
internal_count=229703 39517 6165 33352 9327 24025 20364 8295 4579 12069 3661 3716 4173 190186
cat_boundaries=0 1 2 3
cat_threshold=385 129 80
is_linear=0
shrinkage=0.03


Tree=469
num_leaves=15
num_cat=2
split_feature=13 12 13 12 10 10 10 10 0 2 2 9 0 13
split_gain=242793 131950 222659 38585.5 30918.2 27950.5 18162.6 33153.5 67714.6 77131.5 30602.7 82916.1 104212 56410.2
threshold=0.53878424831981009 0.98609395010972944 0.33625239732437012 0.92324355344902431 0.85635765199566871 0.97017296776822393 1.1925834006211711 1.1537366032060119 0 3.5000000000000004 4.5000000000000009 74.500000000000014 1 1.3710372291101909
decision_type=2 2 2 2 2 2 2 2 1 2 2 2 1 2
left_child=1 3 -3 -1 -4 -6 7 10 9 -9 -2 12 -12 -13
right_child=6 2 4 -5 5 -7 -8 8 -10 -11 11 13 -14 -15
leaf_value=-0.00024452430133852947 -2.3260140535750162e-05 -0.0054813423967206799 -7.1028240094217074e-06 0.00076096759770859972 0.00023321515265026639 0.001216277603427281 -0.00011120342800475214 0.0012300208569056179 2.4409363086453999e-05 -0.0001721847279994515 -0.0013056150871729121 0.00011238397154804549 -2.4258028447192773e-05 0.0043533225029376192
leaf_weight=1046265.2793165445 182096322.47226465 645451.55360043049 642163.2392821312 2534130.5719121695 326274.26129496098 351644.12961816788 17478007.242028356 1457356.9761742353 7680262.9228849411 811187.4338735342 861796.8948725462 35492287.135463715 1788016.3041614294 768111.57711148262
leaf_count=1137 137092 4092 417 2846 278 1791 19888 1599 7822 1228 1340 45167 2341 3159
internal_value=4.54786e-05 0.00625357 0.012499 0.002825 0.00543856 0.00990706 -9.31085e-05 -2.25439e-05 0.00167156 0.00622552 -9.88053e-05 0.000664885 -0.00445803 0.00103925
internal_weight=2.53979e+08 5.54593e+06 1.96553e+06 3.5804e+06 1.32008e+06 677918 2.48433e+08 2.30955e+08 9.94881e+06 2.26854e+06 2.21007e+08 3.89102e+07 2.64981e+06 3.62604e+07
internal_count=230197 10561 6578 3983 2486 2069 219636 199748 10649 2827 189099 52007 3681 48326
cat_boundaries=0 1 2
cat_threshold=66 100
is_linear=0
shrinkage=0.03


Tree=470
num_leaves=15
num_cat=0
split_feature=13 12 13 13 12 13 3 5 14 11 16 1 10 10
split_gain=165586 155928 248596 32567.2 24776.9 21844.7 40855.2 82225.9 42999.7 38026.4 34692.6 45545.7 33548.1 106977
threshold=0.53878424831981009 0.98609395010972944 0.33625239732437012 0.27957566888501467 0.95179141236362896 0.98497142004174687 1.0000000180025095e-35 1.0000000180025095e-35 0.94916294869640316 0.86737031308685941 0.08738686393244284 9.5000000000000018 1.0283647253166985 1.0243909741692858
decision_type=2 2 2 2 2 2 2 2 2 2 2 2 2 2
left_child=1 3 -3 -1 -5 6 7 -2 9 -8 11 -11 13 -7
right_child=5 2 -4 4 -6 12 8 -9 -10 10 -12 -13 -14 -15
leaf_value=-0.00060602799170546458 6.3649959260789698e-05 0.0039129819397186729 0.00027290184889645046 -6.3689324007414409e-06 0.00089135404087907586 -4.129880809678292e-05 0.00042915003121922729 -0.00082137312367567563 3.0007257186989481e-05 0.00021011454558414705 -0.00059416102795349548 -0.00020888562324497707 8.2418344272149304e-06 -0.00040969628961325425
leaf_weight=974808.96453475952 77254245.303406715 651085.55973887444 1279442.3279830217 1056609.9516084194 1478484.9211373329 48429704.222771645 1005894.7839560509 1348264.8329162598 19848285.500608444 2278714.1554057598 1401023.209197998 11701684.832933187 79844611.397248149 5097126.3086619377
leaf_count=1505 58735 4038 2478 1105 1355 43637 889 775 23304 4857 1177 10415 72241 3648
internal_value=6.74724e-05 0.00524483 0.012093 0.00147817 0.00327012 -4.60086e-05 0.000257292 0.000641487 -0.000576106 -0.00171346 -0.00208302 -0.00163199 -0.000307163 -0.000888276
internal_weight=2.5365e+08 5.44043e+06 1.93053e+06 3.5099e+06 2.53509e+06 2.4821e+08 1.14838e+08 7.86025e+07 3.62356e+07 1.63873e+07 1.53814e+07 1.39804e+07 1.33371e+08 5.35268e+07
internal_count=230159 10481 6516 3965 2460 219678 100152 59510 40642 17338 16449 15272 119526 47285
is_linear=0
shrinkage=0.03


Tree=471
num_leaves=15
num_cat=2
split_feature=13 0 1 16 7 11 11 2 10 2 1 11 0 1
split_gain=234702 67262.6 107228 47280.2 42680.3 28614.4 18680.1 33885.2 23584.2 59073.2 54642.9 39487 132754 70679.2
threshold=0.53878424831981009 0 9.5000000000000018 0.068654486760728758 1.0000000180025095e-35 0.88624555706363617 1.1902710751006842 1.0000000180025095e-35 1.1413265287497878 3.5000000000000004 8.5000000000000018 1.0766544007495955 1 18.500000000000004
decision_type=2 1 2 2 2 2 2 2 2 2 2 2 1 2
left_child=1 2 3 -1 5 -3 8 -8 11 10 -10 -2 -13 -14
right_child=6 4 -4 -5 -6 -7 7 -9 9 -11 -12 12 13 -15
leaf_value=0.0014491948446051252 7.9714381916960703e-06 0.000129418195489469 0.00083950652079093269 0.0028875093635902026 -0.005004238494611118 0.001170592491527321 -0.00062098163462879098 -3.5663323691120064e-05 -0.00015949380800634491 -0.00013778894144062288 0.00030475668146620041 0.00027092930420963122 -0.00013853062075005421 -0.00078083432490055167
leaf_weight=471833.24298787117 187893821.39965177 1362230.980396986 2196297.3647155762 423007.11218261719 379913.63583469391 511937.44462049007 1396663.7259088755 6662463.5380618572 3496463.7034441233 8876944.629627943 14091222.03611207 7652095.1148970127 15504206.551903844 2791850.797252655
leaf_count=2840 157262 1258 1511 131 2050 2766 1208 6869 4470 11957 12294 10250 11601 3558
internal_value=0.000128029 0.00634778 0.00922154 0.0179752 0.00240681 0.00426543 -5.82977e-06 -0.00142654 4.18163e-05 0.000886633 0.00189359 -6.27365e-05 -0.00115973 -0.00254745
internal_weight=2.53711e+08 5.34522e+06 3.09114e+06 894840 2.25408e+06 1.87417e+06 2.48366e+08 8.05913e+06 2.40307e+08 2.64646e+07 1.75877e+07 2.13842e+08 2.59482e+07 1.82961e+07
internal_count=230025 10556 4482 2971 6074 4024 219469 8077 211392 28721 16764 182671 25409 15159
cat_boundaries=0 1 2
cat_threshold=29 291
is_linear=0
shrinkage=0.03


Tree=472
num_leaves=15
num_cat=4
split_feature=10 14 12 9 12 11 16 14 0 14 0 12 0 0
split_gain=36623.2 82494.5 92593.4 59784.9 52850.9 117484 53697.7 33369.5 189177 32668.4 31104.4 28070.6 115297 89069.8
threshold=0.97998433574410881 0.86863312934990444 0.99055603889192501 84.500000000000014 1.0306009201534621 0.97444208477667915 0.058855010813699406 1.7659873167814766 0 0.80817321326263725 1 1.0137025498423149 2 3
decision_type=2 2 2 2 2 2 2 2 1 2 1 2 1 1
left_child=1 2 -1 -3 5 -5 -6 11 -9 -4 -10 12 -2 -13
right_child=7 3 9 4 6 -7 -8 8 10 -11 -12 13 -14 -15
leaf_value=0.00014422964744511274 0.00011822424456056586 0.00082799368520426666 0.0017047297586699592 -2.2102645279673973e-05 0.00016199678455404087 0.00069983628922548526 -0.00046729891871207527 0.03954672335305378 -1.8984122773407692e-05 0.00052457303461825105 -0.0026498429611655928 -0.00019102401168238494 -0.0001091859353881734 6.0728894629328164e-05
leaf_weight=5311339.8403227329 34001277.098944902 1116932.864815712 1346217.3080865145 21394695.324048758 2686447.6541221142 4457327.2748553753 4820010.9940490723 483635.20017027855 462466.32129693031 1165436.9152752161 251478.91415572166 20413822.888292432 63657049.855255485 92466283.699230909
leaf_count=4441 34816 1156 1217 19803 4571 5178 3379 1270 1740 1030 1904 19476 42622 87748
internal_value=0.000118708 0.000924622 0.00370587 0.000293514 6.4916e-05 0.000708366 -0.00215111 -4.2289e-05 0.00495129 0.00845208 -0.00486238 -7.06933e-05 -0.000443116 0.000251508
internal_weight=2.54034e+08 4.22984e+07 7.82299e+06 3.44754e+07 3.33585e+07 2.5852e+07 7.50646e+06 2.11736e+08 1.19758e+06 2.51165e+06 713945 2.10538e+08 9.76583e+07 1.1288e+08
internal_count=230351 40775 6688 34087 32931 24981 7950 189576 4914 2247 3644 184662 77438 107224
cat_boundaries=0 1 2 3 4
cat_threshold=16 268 234 136
is_linear=0
shrinkage=0.03


Tree=473
num_leaves=15
num_cat=0
split_feature=13 12 13 12 10 9 1 1 9 9 2 9 10 2
split_gain=205587 125686 249010 31197 29839.8 18664.6 75984.3 93509.3 218318 100973 75958.4 57076.1 33636.5 31719.1
threshold=0.53878424831981009 0.98609395010972944 0.33625239732437012 0.92324355344902431 0.85635765199566871 79.500000000000014 14.500000000000002 8.5000000000000018 68.500000000000014 66.500000000000014 1.5000000000000002 74.500000000000014 1.085743932159287 3.5000000000000004
decision_type=2 2 2 2 2 2 2 2 2 2 2 2 2 2
left_child=1 3 -3 -1 -4 6 7 8 -2 -9 -10 -11 -8 -12
right_child=5 2 4 -5 -6 -7 12 9 10 11 13 -13 -14 -15
leaf_value=-0.00020715970477572077 -0.0007695450648190959 0.0040863210047934655 -9.528772566061913e-05 0.00067908885920934809 0.00065548787994490812 -1.4523869083630677e-05 -0.00014715590262339421 0.00064318196032441661 0.00085291444049219749 -4.9145148686200448e-05 -0.00018421691157305753 0.00050758290794048649 0.00039301897203933311 0.0002794038944778837
leaf_weight=1085320.6074668169 1981360.3716392517 647249.43126666546 621786.82006645203 2543782.5745590925 676848.36250591278 219820367.4007678 11208670.002080202 3102530.141204834 1077332.7014456987 4207222.423019886 1394883.5721435547 2827038.4987201691 1569539.355427742 925696.71327006817
leaf_count=1172 2502 4087 408 2845 2038 195397 8202 2010 1091 3112 1449 1976 2322 1441
internal_value=6.12639e-05 0.0057586 0.0119101 0.0024602 0.00433373 -6.67518e-05 0.000658501 0.00206934 -0.00112769 0.0037659 0.0034874 0.00177741 -0.00105463 0.000431212
internal_weight=2.5369e+08 5.57499e+06 1.94588e+06 3.6291e+06 1.29864e+06 2.48115e+08 2.82943e+07 1.55161e+07 5.37927e+06 1.01368e+07 3.39791e+06 7.03426e+06 1.27782e+07 2.32058e+06
internal_count=230052 10550 6533 4017 2446 219502 24105 13581 6483 7098 3981 5088 10524 2890
is_linear=0
shrinkage=0.03


Tree=474
num_leaves=15
num_cat=3
split_feature=11 11 0 12 11 0 0 1 1 16 9 9 11 16
split_gain=20850.6 97100.6 79792.3 73977.1 51513.2 76011 52863.2 71878.3 85565.1 85897.3 92200.7 76140.1 75613.3 82046.8
threshold=1.0766544007495955 1.0778926805556452 0 1.0483975785225208 1.0644937101200254 1 2 10.500000000000002 17.500000000000004 0.089869429603364012 89.500000000000014 71.500000000000014 1.0159515886172132 0.07595242751154764
decision_type=2 2 1 2 2 1 1 2 2 2 2 2 2 2
left_child=4 -2 -3 -4 6 -6 -1 12 11 10 -10 -9 13 -8
right_child=1 2 3 -5 5 -7 7 8 9 -11 -12 -13 -14 -15
leaf_value=6.1856950230751559e-05 -0.0010293999480427099 0.00014455085996992556 -0.00034197123770895917 -2.7148116790629189e-07 0.00060417925520218712 3.6613913620907772e-05 0.00010276635822547345 0.0002465512586818649 -0.00038374068836724454 -0.00062784143362368304 0.00029055388998216764 -0.00022224750670980759 -8.2958621895363956e-05 0.00050476570495753713
leaf_weight=81496204.46886313 1116438.652479887 22107815.718607306 13170489.919096351 24229839.274467945 3894629.4352477789 8437803.9144746065 11793538.929806948 3130401.5917868614 3257530.0911335945 2283692.9636859894 17381763.624774456 42851351.479460716 13505268.578289986 5072800.831237793
leaf_count=64559 950 26180 13421 23564 3946 7835 17152 1928 3359 1058 20882 27729 15122 2063
internal_value=0.000178977 -0.000306386 -0.000141935 -0.00098653 0.000331355 0.00220732 0.000203375 -0.000261437 -0.000797365 0.000699912 0.00131078 -0.00154379 0.000954435 0.00229389
internal_weight=2.5373e+08 6.06246e+07 5.95081e+07 3.74003e+07 1.93105e+08 1.23324e+07 1.80773e+08 9.92763e+07 6.89047e+07 2.2923e+07 2.06393e+07 4.59818e+07 3.03716e+07 1.68663e+07
internal_count=229748 64115 63165 36985 165633 11781 153852 89293 54956 25299 24241 29657 34337 19215
cat_boundaries=0 1 2 3
cat_threshold=293 332 210
is_linear=0
shrinkage=0.03


Tree=475
num_leaves=15
num_cat=3
split_feature=13 12 13 12 0 13 2 9 0 0 9 12 12 12
split_gain=224510 116572 248164 26081.4 25295.1 18880.9 16864.3 61038.4 101707 55803.2 82827 67765.1 74590.9 86704
threshold=0.53878424831981009 0.98768638537180919 0.33625239732437012 0.92324355344902431 0 0.33625239732437012 4.5000000000000009 74.500000000000014 1 2 89.500000000000014 1.0222447880274059 0.99493778713559811 0.98944881953521702
decision_type=2 2 2 2 1 2 2 2 1 1 2 2 2 2
left_child=1 3 -3 -1 -4 -5 -2 8 -8 11 -11 12 13 -9
right_child=6 2 4 5 -6 -7 7 9 -10 10 -12 -13 -14 -15
leaf_value=-0.00010372453498270265 -9.5396786024181255e-06 0.0019255081240093005 5.2700289923663521e-05 0.00044525785196220641 0.00094284827495634256 0.00096973784488280405 -0.0013666095052108319 0.00020001925899200702 1.6082533661797261e-06 0.0015311537397103621 -0.00026700678758838364 -2.5115534949105615e-05 0.00052477518123880077 -0.00170044725969107
leaf_weight=1035496.8937311172 204967052.77674985 598360.33884656429 654619.52523243427 1192731.7630211115 596150.75601243973 1367613.4679720402 859223.37119996548 3652126.7985864878 1790101.1500560045 928581.07374739647 11595253.054176807 11597697.495553851 11841660.557789803 859111.45096445084
leaf_count=1119 159715 3973 1098 1523 1348 1468 1329 4422 2339 2354 21916 14190 12572 854
internal_value=0.00013908 0.00616505 0.0122862 0.00301727 0.00468474 0.00464212 6.82467e-06 0.000546066 -0.00386544 0.000834829 -0.0008293 0.00158048 0.00282447 -0.000458187
internal_weight=2.53536e+08 5.44497e+06 1.84913e+06 3.59584e+06 1.25077e+06 2.56035e+06 2.48091e+08 4.31238e+07 2.64932e+06 4.04744e+07 1.25238e+07 2.79506e+07 1.63529e+07 4.51124e+06
internal_count=230220 10529 6419 4110 2446 2991 219691 59976 3668 56308 24270 32038 17848 5276
cat_boundaries=0 1 2 3
cat_threshold=281 100 124
is_linear=0
shrinkage=0.03


Tree=476
num_leaves=15
num_cat=4
split_feature=11 14 0 1 0 0 1 16 14 2 2 16 1 0
split_gain=28267 63116.9 113550 64950.2 69574.6 41411 28573.9 90309.5 41088.4 33253.4 42903.9 44017.2 41041.9 36631.4
threshold=0.9569913468292458 0.80817321326263725 0 19.500000000000004 1 2 19.500000000000004 0.044202609877353728 0.82298220553740553 3.5000000000000004 1.5000000000000002 0.027531717648836298 20.500000000000004 3
decision_type=2 2 1 2 1 1 2 2 2 2 2 2 2 1
left_child=1 2 -1 4 -3 -5 -2 8 -8 10 12 -12 -10 -14
right_child=6 3 -4 5 -6 -7 7 -9 9 -11 11 -13 13 -15
leaf_value=0.0012812600987246083 1.0348482435583268e-05 0.0013930973954246523 9.6201398785678046e-05 0.0012483263130528717 -4.0276330559733122e-05 0.00016660748181808111 -0.0013537646863772768 -0.0009979987248850148 0.00019210466360030843 -0.0003018697272792053 0.00076137259075569031 -4.7321010695273487e-06 -0.00089923337546165714 -0.00020880637859918371
leaf_weight=1545692.8420915604 202206702.4914403 1363334.6183054447 3231572.0576165915 1275650.2137069702 22963225.956066847 1371834.5629162788 663899.95675730705 2205508.266067028 2510848.8840637207 5877280.1911790371 2937852.4711573124 2578482.4700927734 901712.88136768341 2017383.4734559059
leaf_count=996 162859 2531 2967 1808 17395 3181 2356 2268 2290 13746 7700 2478 1612 5600
internal_value=0.000134545 0.000971766 0.00415008 0.000408868 -7.6773e-05 0.0048712 1.47479e-05 -0.00107611 -0.000354635 -6.57597e-05 0.000911557 0.00277497 -0.0009815 -0.00340043
internal_weight=2.53651e+08 3.17513e+07 4.77726e+06 2.6974e+07 2.43266e+07 2.64748e+06 2.219e+08 1.9693e+07 1.74875e+07 1.68236e+07 1.09463e+07 5.51633e+06 5.42995e+06 2.9191e+06
internal_count=229787 28878 3963 24915 19926 4989 200909 38050 35782 33426 19680 10178 9502 7212
cat_boundaries=0 1 2 3 4
cat_threshold=28 128 88 144
is_linear=0
shrinkage=0.03


Tree=477
num_leaves=15
num_cat=4
split_feature=11 14 0 2 0 0 16 16 10 0 12 10 16 16
split_gain=37097.6 66824.8 132287 43129.2 73846.8 63647.8 51267.8 46246.4 44049.1 37599.4 30655 26511.4 24920 23797.5
threshold=0.9569913468292458 0.80817321326263725 0 1.0000000180025095e-35 1 2 0.035735974219033566 0.060299446688428633 0.79976984507662452 3 0.98609395010972944 0.74478466775923013 0.068891934499030402 0.072308149630761667
decision_type=2 2 1 2 1 1 2 2 2 1 2 2 2 2
left_child=1 2 -1 5 8 7 -6 -3 11 10 12 -5 -8 -10
right_child=-2 3 -4 4 6 -7 9 -9 13 -11 -12 -13 -14 -15
leaf_value=0.0013713835221116151 1.6170035321882597e-07 -0.00024167337770978324 0.00011707821858771994 0.00052376476323431746 0.0010580203766259696 -0.00073421395051025552 0.00035478412681873273 0.00019180783462435409 0.0011358962785625933 -0.00021624792429555844 -8.6203878870815277e-05 -0.00014550034124504653 2.9509546437746575e-05 0.0024362871662645161
leaf_weight=1276985.7042868137 221411578.04947209 1761841.177742362 3504530.647690177 1209428.4721164703 1692804.9196128845 1512452.4562277794 2653840.4568786621 2425059.955078125 1261696.7677060366 7785269.0352935791 2863994.8018798828 993989.37168836594 2465845.5954589844 620135.08145141602
leaf_count=741 200875 1715 3248 1551 5674 1508 1232 962 2374 5944 1286 1260 878 665
internal_value=0.000140902 0.00109522 0.00436635 0.000521163 0.00113503 -0.00179961 0.000285534 0.000105831 0.00476604 -0.000247067 0.00119952 0.00188718 0.00258991 0.00813689
internal_weight=2.53439e+08 3.20279e+07 4.78152e+06 2.72464e+07 2.1547e+07 5.69935e+06 1.74618e+07 4.1869e+06 4.08525e+06 1.57689e+07 7.98368e+06 2.20342e+06 5.11969e+06 1.88183e+06
internal_count=229913 29038 3989 25049 20864 4185 15014 2677 5850 9340 3396 2811 2110 3039
cat_boundaries=0 1 2 3 4
cat_threshold=24 131 412 20
is_linear=0
shrinkage=0.03


Tree=478
num_leaves=15
num_cat=0
split_feature=13 12 13 13 12 16 16 14 1 1 10 10 1 2
split_gain=162090 115815 254481 29708.3 28414 22080.3 26193.6 51225.5 54157.2 87332.7 73208.3 56764.8 62659.9 52947.7
threshold=0.53878424831981009 0.98609395010972944 0.33625239732437012 0.27957566888501467 0.95034954606689281 0.089869429603364012 0.07595242751154764 0.80817321326263725 8.5000000000000018 11.500000000000002 1.0556670618844328 1.0518818874540934 15.500000000000002 2.5000000000000004
decision_type=2 2 2 2 2 2 2 2 2 2 2 2 2 2
left_child=1 3 -3 -1 -5 6 7 8 10 -10 -2 13 -13 -11
right_child=5 2 -4 4 -6 -7 -8 -9 9 11 -12 12 -14 -15
leaf_value=-0.00040891738108177965 -0.011565871688793807 0.0038227099507818435 0.00025719033358596877 -2.0755017130971413e-05 0.00092865465673327801 -7.412138078277283e-05 6.4835064032154238e-05 8.5863570692112319e-06 -0.00057928819433530811 -0.00061831542319661082 -0.00010130793438808006 0.0006400670912682856 -0.00035116314718348582 2.1952380317378013e-05
leaf_weight=1013812.9329836369 491760.03485131264 633894.13754570484 1338178.3072133064 1066512.6364343166 1477616.8558906317 28810145.220167398 46420465.345910072 160328754.32471859 3139503.330974102 2211086.1302909851 846265.0443918705 2288131.9490966797 1793569.7962918282 1704649.7584133148
leaf_count=1518 1774 4033 2495 1059 1398 12994 26836 165918 2682 1708 2075 1884 2171 1277
internal_value=0.000123815 0.00520363 0.0110351 0.0019714 0.00370189 1.05586e-05 0.00011317 -5.67922e-05 -0.00190851 -0.00259364 0.00379419 -0.000929152 0.0015464 -0.00350963
internal_weight=2.53564e+08 5.53001e+06 1.97207e+06 3.55794e+06 2.54413e+06 2.48034e+08 2.19224e+08 1.72804e+08 1.2475e+07 1.11369e+07 1.33803e+06 7.99744e+06 4.0817e+06 3.91574e+06
internal_count=229822 10503 6528 3975 2457 219319 206325 179489 13571 9722 3849 7040 4055 2985
is_linear=0
shrinkage=0.03


Tree=479
num_leaves=15
num_cat=1
split_feature=13 12 13 16 0 12 13 12 3 1 12 3 16 16
split_gain=164853 100125 283184 36359.8 27879.2 26678.6 20292.4 14830.6 48454.9 41939.7 26602.2 47290.3 16185.2 26430.2
threshold=0.53878424831981009 0.98609395010972944 0.33625239732437012 0.064660328551112062 0 0.95179141236362896 0.33625239732437012 1.1616065338537014 1.0000000180025095e-35 10.500000000000002 1.140117699540522 1.0000000180025095e-35 0.10464416358175241 0.10291246103483447
decision_type=2 2 2 2 1 2 2 2 2 2 2 2 2 2
left_child=1 5 -3 4 -4 -1 -7 10 9 -9 12 -12 13 -2
right_child=7 2 3 -5 -6 6 -8 8 -10 -11 11 -13 -14 -15
leaf_value=-5.4613469683218046e-05 -6.1479400895252808e-06 0.0037817901978809696 -0.00068122561919382722 -0.0001895383201059514 0.00013912353517990934 0.00010365629360912051 0.00093636209612126399 -0.00067895485667359302 0.00048167838351662555 -0.00016799920007742186 0.00038154321700704214 -0.00028661761932110462 -0.00032756678255651476 0.00032713299112114593
leaf_weight=1480209.2683659792 234387430.85516179 640741.90423488617 340161.73786222935 610509.77718162537 345205.57620811462 948493.41987121105 1106541.6015230417 1164614.3846538067 1644633.4233820438 2359422.4692764282 3409335.5887358189 1815872.8586736917 2286445.2741811275 1430481.1678619385
leaf_count=1774 207204 4104 1146 360 981 1106 1106 1191 2284 1945 2453 1811 1669 873
internal_value=5.72837e-05 0.00520806 0.010691 0.00262432 0.00736711 0.0022045 0.00441629 -5.61351e-05 -0.00164632 -0.00363065 -2.23574e-05 0.0020951 -6.8825e-05 -4.447e-05
internal_weight=2.5397e+08 5.47186e+06 1.93662e+06 1.29588e+06 685367 3.53524e+06 2.05504e+06 2.48498e+08 5.16867e+06 3.52404e+06 2.4333e+08 5.22521e+06 2.38104e+08 2.35818e+08
internal_count=230007 10577 6591 2487 2127 3986 2212 219430 5420 3136 214010 4264 209746 208077
cat_boundaries=0 1
cat_threshold=103
is_linear=0
shrinkage=0.03


Tree=480
num_leaves=15
num_cat=3
split_feature=13 0 11 13 13 2 16 0 13 10 0 11 13 9
split_gain=163470 39202.6 88005 34052.4 32181.5 23379.4 16182.9 40354 58927.8 29184.5 57831.8 52295.4 30579.4 23064.7
threshold=0.53878424831981009 0 0.96562958517018271 0.33625239732437012 0.33625239732437012 3.5000000000000004 0.090568376962788785 1 0.98393873613563965 1.0556670618844328 2 1.0892879108748663 1.0388201058479052 62.500000000000007
decision_type=2 1 2 2 2 2 2 1 2 2 1 2 2 2
left_child=1 5 3 -3 -4 -1 13 8 -8 12 -11 -12 -9 -2
right_child=6 2 4 -5 -6 -7 7 9 -10 10 11 -13 -14 -15
leaf_value=0.00048053457040302767 -0.00044381017402245248 0.0018825834124694373 -0.00073451153665981899 0.00017370026593693647 -0.0022783857031406858 -0.0014016323427431822 -0.00022341272289826152 1.3187484211069487e-05 0.00056441408831817586 -0.00034493822055327186 -0.00055535475465620849 0.00016051482975161022 -0.00037618864366253973 8.6542427418808126e-06
leaf_weight=346109.24399507046 1587925.2818726301 1573130.3431122303 186406.60989832878 2337637.3634279966 630742.34328699112 368941.82416951656 1682438.0089111328 11662295.866424561 2443848.2155761719 3029237.5074462891 1953491.6739666462 3474353.8021912575 2758321.1542916298 219664706.33343494
leaf_count=828 1262 1554 3028 2000 1882 1239 1053 4337 1463 713 1373 1987 1332 205643
internal_value=9.39197e-05 0.00523688 0.00622701 0.00435608 0.0151811 -0.00130991 -1.88385e-05 -0.000712152 0.00201857 -0.00120467 -0.00260385 -0.000750537 -0.000384113 6.57807e-05
internal_weight=2.537e+08 5.44297e+06 4.72792e+06 3.91077e+06 817149 715051 2.48257e+08 2.7004e+07 4.12629e+06 2.28777e+07 8.45708e+06 5.42785e+06 1.44206e+07 2.21253e+08
internal_count=229694 10531 8464 3554 4910 2067 219163 12258 2516 9742 4073 3360 5669 206905
cat_boundaries=0 1 2 3
cat_threshold=256 192 20
is_linear=0
shrinkage=0.03


Tree=481
num_leaves=15
num_cat=1
split_feature=13 12 13 12 11 13 0 9 9 10 10 16 16 16
split_gain=197335 124707 242496 33108.5 30879.4 28672.1 17436.3 65449.6 101550 74201.8 77301.9 82029.6 40480.9 38046
threshold=0.53878424831981009 0.98609395010972944 0.33625239732437012 0.95034954606689281 0.95791355267053857 0.33625239732437012 0 84.500000000000014 70.500000000000014 1.1925834006211711 0.97017296776822393 0.097463065777655178 0.091181822851780003 0.065906348755040825
decision_type=2 2 2 2 2 2 1 2 2 2 2 2 2 2
left_child=1 3 -3 -1 -4 -5 7 8 -2 10 -9 -12 -8 -10
right_child=6 2 4 5 -6 -7 12 9 13 -11 11 -13 -14 -15
leaf_value=-0.00011686372345050906 0.00037442454253824544 0.0035389977588801214 1.7923815893926952e-05 0.00018159009521276337 0.00069202258469033915 0.0010549561621128361 6.1660000064615272e-06 -0.00021288127025880454 -0.0012394310125739827 -0.00032366044735161601 0.00030881392053364655 0.0013197228508604324 -9.4691107992004464e-05 -0.00030581892460161686
leaf_weight=1389151.7690975666 1201863.6506539583 662662.25342750549 767347.80042290688 980222.89612603188 539675.28781533241 1156060.4186019897 205287861.77225733 3504548.9576550722 940791.23982346058 3174495.8307609558 10328260.240745664 954375.82238769531 21567451.809793949 883318.34796142578
leaf_count=1646 1360 4103 515 1164 1976 1154 184021 4376 1517 3741 13365 468 9892 638
internal_value=0.000137934 0.005761 0.0118072 0.00238292 0.0043121 0.00472731 1.32608e-05 0.000840542 -0.00324109 0.00152817 0.00242158 0.00363046 -6.32756e-05 -0.00770207
internal_weight=2.53338e+08 5.49512e+06 1.96969e+06 3.52544e+06 1.30702e+06 2.13628e+06 2.47843e+08 2.09877e+07 3.02597e+06 1.79617e+07 1.47872e+07 1.12826e+07 2.26855e+08 1.82411e+06
internal_count=229936 10558 6594 3964 2491 2318 219378 25465 3515 21950 18209 13833 193913 2155
cat_boundaries=0 1
cat_threshold=64
is_linear=0
shrinkage=0.03


Tree=482
num_leaves=15
num_cat=2
split_feature=13 0 13 7 10 10 10 13 13 1 16 14 0 1
split_gain=157987 49892.3 43924.2 41840.1 98616.1 39676.5 32114.5 89603.4 14464.1 57288.3 100506 87822.5 92455.3 85348.7
threshold=0.53878424831981009 0 0.33625239732437012 1.0000000180025095e-35 0.82120607435980486 0.88315745690132064 0.83866519279172203 0.18483617417268744 0.86507368172615362 8.5000000000000018 0.033755858039455959 0.92180476968108171 1 11.500000000000002
decision_type=2 1 2 2 2 2 2 2 2 2 2 2 1 2
left_child=1 6 3 4 -3 -4 -1 -8 9 10 -2 13 -13 -11
right_child=8 2 5 -5 -6 -7 7 -9 -10 11 -12 12 -14 -15
leaf_value=0.00026502762978128066 -0.00097586304608950677 0.00024781747055026916 0.00011845301085347518 0.0070000449444653457 0.0025733445128488905 0.00094538498523247098 -0.0073066060892029638 0.00077939589341873635 8.3299401777100372e-06 -0.00056510546707064582 0.00026844702767649808 0.00050538006543869747 4.162975775083727e-07 -0.00011989706262342747
leaf_weight=827126.20036256313 1064473.2059906721 407527.98376536369 1714216.5305150747 675631.46980714798 542784.74411416054 923382.88834917545 146892.66988897324 206714.39076685905 212036846.49256325 4286252.2664580345 4993260.068145752 1329934.1295509338 9378241.850369215 14297735.787202597
leaf_count=858 7717 419 1226 1231 1881 1898 1742 1233 182429 3421 2856 563 10201 12009
internal_value=0.000120353 0.00517552 0.00668684 0.0105651 0.0146229 0.00429609 -0.000281804 -0.00784875 9.10315e-06 -0.000552708 0.002103 -0.00110192 0.00106209 -0.00234883
internal_weight=2.52831e+08 5.44428e+06 4.26354e+06 1.62594e+06 950313 2.6376e+06 1.18073e+06 353607 2.47387e+08 3.53499e+07 6.05773e+06 2.92922e+07 1.07082e+07 1.8584e+07
internal_count=229684 10488 6655 3531 2300 3124 3833 2975 219196 36767 10573 26194 10764 15430
cat_boundaries=0 1 2
cat_threshold=352 16
is_linear=0
shrinkage=0.03


Tree=483
num_leaves=15
num_cat=4
split_feature=13 12 13 0 13 10 16 0 2 12 16 0 1 0
split_gain=154576 106487 249569 39977.3 35123.6 28667.1 17607.1 64450.8 30836.5 38257.3 30464.9 50211.4 37763.4 30095.8
threshold=0.56617079247711499 0.98609395010972944 0.33625239732437012 0 0.27957566888501467 0.85635765199566871 0.089869429603364012 1 1.5000000000000002 1.0015038690157405 0.095419360151761376 2 11.500000000000002 3
decision_type=2 2 2 1 2 2 2 1 2 2 2 1 2 1
left_child=1 4 -3 -4 -1 -6 -2 -8 9 -9 12 -12 -10 -11
right_child=6 2 3 -5 5 -7 7 8 10 13 11 -13 -14 -15
leaf_value=-0.00060697041233574354 5.2960531944770096e-07 0.0010987255265661649 0.00089867808363297769 -2.5887410957018523e-06 9.2886284750518146e-05 0.0011711788542404385 0.0003148276225729872 0.00016462254489977432 8.0313768291407031e-05 0.00010025360902605499 5.8868909643719459e-06 -0.00054731770070921707 -0.00021444399889013413 -0.00017345617757193399
leaf_weight=957284.6233394146 218483317.7934258 631323.20176959038 605496.07822847366 1014471.3111965656 1875046.7557042837 1075692.9762083292 2992798.4312133789 3184479.3787231445 3217670.8635253906 3208597.5434570312 2223691.3681030273 4624295.5197315216 4742258.1422109604 4609512.4815673828
leaf_count=1491 205475 4112 1859 1141 1661 1180 1545 1108 956 1070 2154 1576 2624 1969
internal_value=3.03516e-05 0.0047248 0.00992197 0.00368643 0.00173087 0.0033508 -8.65758e-05 -0.000783769 -0.001267 -6.40305e-05 -0.00216083 -0.00362789 -0.000898712 -0.00119304
internal_weight=2.53446e+08 6.15931e+06 2.25129e+06 1.61997e+06 3.90802e+06 2.95074e+06 2.47287e+08 2.88033e+07 2.58105e+07 1.10026e+07 1.48079e+07 6.84799e+06 7.95993e+06 7.81811e+06
internal_count=229921 11444 7112 3000 4332 2841 218477 13002 11457 4147 7310 3730 3580 3039
cat_boundaries=0 1 2 3 4
cat_threshold=227 64 162 268
is_linear=0
shrinkage=0.03


Tree=484
num_leaves=15
num_cat=2
split_feature=13 11 0 10 1 16 16 9 16 9 9 0 9 16
split_gain=145352 65866.7 83916.5 93720.1 54685.4 50659.9 17052.8 80961.3 114305 96804.2 80932.4 204566 74029.3 87180
threshold=0.53878424831981009 0.88624555706363617 0 1.0138281127492375 8.5000000000000018 0.047821638697219608 0.055922555133776648 66.500000000000014 0.051683114612688437 83.500000000000014 86.500000000000014 1 79.500000000000014 0.044202609877353728
decision_type=2 2 1 2 2 2 2 2 2 2 2 1 2 2
left_child=1 -1 3 -3 5 -4 7 8 -2 12 11 -11 -9 -14
right_child=6 2 4 -5 -6 -7 -8 9 -10 10 -12 -13 13 -15
leaf_value=6.4909047163039856e-05 -0.00015384965747758587 0.0010727293421825964 0.0018178140539117241 -0.0066087080684230637 0.0014383347540261253 0.0026401170398773783 -9.1276297820298244e-06 -0.00014775618266177408 0.0010936927047954161 0.00074727948139331291 5.1372778807353618e-05 -0.00052160941634814457 -0.00019981600578539992 -0.0012314884764878303
leaf_weight=2317235.1901977062 1215426.9582287073 278283.08602273464 175274.9216119051 205732.20477688313 2157259.3327646255 287252.09301757812 175035341.93198228 5814179.1988648176 1407999.5383300781 815517.0774974823 61311739.016067982 816796.12365436554 702158.1004897356 781353.81929588318
leaf_count=2189 2735 647 3819 1739 1946 114 104952 8874 807 606 97416 1509 1971 626
internal_value=0.000143533 0.00500306 0.00786033 -0.00361597 0.00998059 0.0193413 3.72657e-05 0.000422907 0.00559734 0.000229649 0.000608864 0.00720174 -0.00304116 -0.00902292
internal_weight=2.53322e+08 5.42104e+06 3.1038e+06 484015 2.61979e+06 462527 2.47901e+08 7.28652e+07 2.62343e+06 7.02417e+07 6.29441e+07 1.63231e+06 7.29769e+06 1.48351e+06
internal_count=229950 10454 8265 2386 5879 3933 219496 114544 3542 111002 99531 2115 11471 2597
cat_boundaries=0 1 2
cat_threshold=288 24
is_linear=0
shrinkage=0.03


Tree=485
num_leaves=15
num_cat=4
split_feature=13 12 13 0 13 12 0 0 0 1 16 13 12 10
split_gain=142789 104424 255138 30447.2 28759.9 27985.4 14779.6 17160.2 12583.6 61343.7 72669.8 47038.2 50924.9 47565.4
threshold=0.53878424831981009 0.98609395010972944 0.33625239732437012 0 0.27957566888501467 0.95034954606689281 1 2 3 7.5000000000000009 0.063316742435455944 1.1193673979672403 1.0477841128593066 1.0135079437829182
decision_type=2 2 2 1 2 2 1 1 1 2 2 2 2 2
left_child=1 4 6 -4 -1 -6 -3 -8 9 -2 -11 13 -13 -12
right_child=8 2 3 -5 5 -7 7 -9 -10 10 11 12 -14 -15
leaf_value=-0.00029514024422594339 -0.00036789114772620005 0.0032360134053183117 -0.00039601469803150427 0.00083560221895046557 -1.878426908477567e-05 0.00093811331047532792 0.004003144852047758 0.0025934952297625696 -7.0951655360428122e-06 0.000309016191313954 -0.00024100149582878509 -0.00066591224990833117 0.00026179482753050661 9.3848074926818385e-05
leaf_weight=1011710.075774312 4820135.0472975969 381068.02228820324 548607.10960519314 723374.40405261517 1056036.8666850328 1488842.2535845041 117682.9439791441 135150.00448274612 190369026.88476849 22188808.749847651 7192881.2847900391 2922101.0390625 1189376.2630462646 19109880.584625244
leaf_count=1515 15449 713 726 1730 1048 1392 956 2410 146687 33442 5204 2438 1142 14782
internal_value=0.00011793 0.00491569 0.0105819 0.00283318 0.0018793 0.00358025 0.0261305 0.020503 1.21652e-05 0.00040142 0.000698236 -0.000254168 -0.00323824 0.000212283
internal_weight=2.53255e+08 5.46247e+06 1.90588e+06 1.27198e+06 3.55659e+06 2.54488e+06 633901 252833 2.47792e+08 5.74232e+07 5.2603e+07 3.04142e+07 4.11148e+06 2.63028e+07
internal_count=229634 10490 6535 2456 3955 2440 4079 3366 219144 72457 57008 23566 3580 19986
cat_boundaries=0 1 2 3 4
cat_threshold=280 24 36 98
is_linear=0
shrinkage=0.03


Tree=486
num_leaves=15
num_cat=2
split_feature=13 12 13 11 13 12 12 0 12 16 9 13 11 0
split_gain=113141 95654 266604 40659.4 30076.7 21869.7 13523.1 55834.6 79669.4 47745.9 46453.5 42394.4 49511.5 44483.8
threshold=0.53878424831981009 0.98609395010972944 0.33625239732437012 0.95791355267053857 0.27957566888501467 0.95034954606689281 1.0051969303918387 0 1.0024913181220338 0.084981001676617915 77.500000000000014 1.0132793597677145 1.0311932712351803 1
decision_type=2 2 2 2 2 2 2 1 2 2 2 2 2 1
left_child=1 4 -3 -4 -1 -6 7 8 9 -2 -9 12 -12 -14
right_child=6 2 3 -5 5 -7 -8 10 -10 -11 11 -13 13 -15
leaf_value=-0.00061101597441234488 0.00013883390729239585 -0.0024531882720341472 -0.00010525644485047076 0.00061963044837390617 -3.3049857385711427e-05 0.0008497296386311533 -1.7512849807368105e-05 0.00017043903297721651 0.00052542418075257895 -0.00033753953274128304 3.945221528115737e-05 -0.00013851557097120816 -0.0008579226460824291 -3.1855034485440876e-05
leaf_weight=988884.72777736187 22362102.742646813 635320.68178832531 784975.16907191277 544016.90248739719 1071444.046548605 1468877.2298215628 159202567.38993895 3558037.657699585 4410362.463714838 3519770.9538269043 31489232.519515157 20403201.40865767 1474751.7340114117 1619981.0884827375
leaf_count=1524 24168 4114 522 1980 1054 1407 145731 2007 3275 1785 22066 17949 1256 922
internal_value=5.2379e-05 0.0043108 0.00961696 0.00197536 0.00135745 0.00308538 -4.19353e-05 0.0002546 0.00130017 0.000665076 -0.000286397 -0.000501358 0.00013846 -0.00348235
internal_weight=2.53534e+08 5.49352e+06 1.96431e+06 1.32899e+06 3.52921e+06 2.54032e+06 2.4804e+08 8.88374e+07 3.02922e+07 2.58819e+07 5.85452e+07 5.49872e+07 3.4584e+07 3.09473e+06
internal_count=229760 10601 6616 2502 3985 2461 219159 73428 29228 25953 44200 42193 24244 2178
cat_boundaries=0 1 2
cat_threshold=202 5
is_linear=0
shrinkage=0.03


Tree=487
num_leaves=15
num_cat=0
split_feature=10 9 2 1 12 11 12 1 16 16 1 10 16 16
split_gain=15356.3 60504.7 41950.2 40708.8 34170.6 40245.3 45285.8 26082.3 54516.9 31556.9 34225.6 24677.6 26083.4 45044.1
threshold=0.97998433574410881 84.500000000000014 1.0000000180025095e-35 20.500000000000004 1.0477841128593066 0.97444208477667915 1.0339868807011932 9.5000000000000018 0.062678343153617033 0.064451335422158862 16.500000000000004 0.97017296776822393 0.059756419862161035 0.054135815021091403
decision_type=2 2 2 2 2 2 2 2 2 2 2 2 2 2
left_child=1 -1 11 4 5 7 -7 8 -4 -9 -11 12 13 -3
right_child=-2 2 3 -5 -6 6 -8 9 -10 10 -12 -13 -14 -15
leaf_value=0.00084260321284213458 -4.5716401913013626e-07 -0.00019402556449963252 -0.00036522675019783681 0.001211345013345606 -0.00045326202489458142 0.00068430157564115302 -2.008011894717498e-05 0.00010883590731614443 0.00038462905078048018 -0.00045522410424495376 4.6415093891554256e-05 0.00014488593501067301 -7.3875121983247173e-05 -0.00068128067990478399
leaf_weight=1207215.0403565168 210999100.92204213 1353187.7922858 1771756.6643697023 1621839.8334050179 1810688.0522056818 4264676.4911311865 2591190.3281748295 8251427.12890625 3937634.5635681152 4800329.6948242188 4240970.6818847656 1359745.711250186 3777023.8926696777 1065949.2861022949
leaf_count=1308 189107 2391 6095 4709 1581 4490 2647 6073 1786 3628 2235 1094 1951 706
internal_value=0.000102489 0.000625966 0.000430338 0.000888369 0.000650961 0.000893636 0.00291108 0.00029233 0.00205044 -0.000288132 -0.00151243 -0.0015877 -0.00239085 -0.00482297
internal_weight=2.53053e+08 4.20536e+07 4.08464e+07 3.32905e+07 3.16687e+07 2.9858e+07 6.85587e+06 2.30021e+07 5.70939e+06 1.72927e+07 9.0413e+06 7.55591e+06 6.19616e+06 2.41914e+06
internal_count=229801 40694 39386 33244 28535 26954 7137 19817 7881 11936 5863 6142 5048 3097
is_linear=0
shrinkage=0.03


Tree=488
num_leaves=15
num_cat=2
split_feature=13 11 0 11 13 3 10 16 16 13 11 11 0 9
split_gain=164117 47766 74036.2 79955.8 65003.4 139751 53340.9 15261.4 16747.2 16805.5 31477.1 68975.2 51363.6 64125
threshold=0.53878424831981009 0.88624555706363617 0 1.0221330673894578 0.33625239732437012 1.5000000000000002 0.88656517134269841 0.10464416358175241 0.10291246103483447 1.0228762550714816 1.0132613496646867 1.0069201742998883 1 66.500000000000014
decision_type=2 2 1 2 2 2 2 2 2 2 2 2 1 2
left_child=1 -1 3 -3 5 -4 -6 8 9 -2 11 -11 -12 -14
right_child=7 2 4 -5 6 -7 -8 -9 -10 10 12 -13 13 -15
leaf_value=0.00013165619451025736 1.5668480920998689e-05 0.0009802598974494414 0.0030268791284046152 -0.0062963100641211687 4.3785460805021624e-05 0.0056377051465365188 0.0018310673193640563 -0.00026765366009859207 0.00032444932973690074 -5.4828911313498593e-05 8.0996875717823433e-05 -0.00050381028291687725 -0.00083947878010179973 -8.4902289470009399e-05
leaf_weight=2334130.8340446949 157073215.4083513 275968.57322907448 457531.07149207592 207502.58475029469 864410.35228872299 615668.63006234169 668222.94082379341 2395106.7429323196 1453978.983039856 23510918.923872709 35494544.210560918 4394507.1674708128 1094356.0781691074 23031578.270631552
leaf_count=2224 128864 731 2168 1631 537 1241 1914 1731 883 25318 33933 3838 949 24098
internal_value=0.000117714 0.00528036 0.00772759 -0.00305447 0.00972801 0.0153904 0.00576309 5.01714e-06 2.82151e-05 9.13281e-06 -0.000323988 -0.00115557 6.52333e-05 -0.00100281
internal_weight=2.53872e+08 5.42343e+06 3.0893e+06 483471 2.60583e+06 1.0732e+06 1.53263e+06 2.48448e+08 2.46053e+08 2.44599e+08 8.75259e+07 2.79054e+07 5.96205e+07 2.41259e+07
internal_count=230060 10446 8222 2362 5860 3409 2451 219614 217883 217000 88136 29156 58980 25047
cat_boundaries=0 1 2
cat_threshold=288 372
is_linear=0
shrinkage=0.03


Tree=489
num_leaves=15
num_cat=0
split_feature=13 12 12 12 1 9 16 10 12 12 16 10 10 10
split_gain=117477 356994 23809.8 54224.5 48428.4 84232.4 76265.4 65422.4 54641.4 99984.7 69636.8 60906 52100.8 77139.5
threshold=0.33625239732437012 0.99415645601000158 1.0051969303918387 1.0137025498423149 18.500000000000004 89.500000000000014 0.052186350887153739 0.88656517134269841 1.0853076765851486 1.0281187774485046 0.065633988462471884 1.2883310473777285 1.0379730489952987 1.0556670618844328
decision_type=2 2 2 2 2 2 2 2 2 2 2 2 2 2
left_child=1 -1 -2 -4 5 -5 -7 -6 9 -9 -11 -10 -8 -14
right_child=2 -3 3 4 7 6 12 8 11 10 -12 -13 13 -15
leaf_value=-3.897331500135676e-05 3.4029036828488883e-05 -0.019514050805697639 -0.00012123248860658857 0.00012425129825543156 0.00093522872427712859 0.0003149862753053779 -0.00020209693403763472 5.3940969667076453e-05 0.00036552436387808635 -0.00047209570638184582 -0.0011588494510106028 -0.00068032837123535497 0.00023612926795434636 -4.4994713693161762e-05
leaf_weight=1588739.8137105703 91572777.178779483 585762.56528270245 34331293.492202401 22817988.718610048 874744.91413211823 8792191.8286472559 21348480.958908081 5610395.6831715107 3089841.3243055344 7796306.6964025497 965457.07574558258 656674.18103027344 7486645.1909179688 46045663.620855808
leaf_count=2153 76226 3815 27466 20100 988 24089 13984 8501 4887 13076 506 840 3760 29499
internal_value=2.91326e-05 0.00697213 -3.09241e-05 -0.000251928 3.71132e-05 0.000286011 -0.000154595 -0.00135839 -0.00174526 -0.0025864 -0.0045887 0.0014815 -0.000464948 3.47805e-05
internal_weight=2.53563e+08 2.1745e+06 2.51388e+08 1.59816e+08 1.25484e+08 1.06491e+08 8.3673e+07 1.89934e+07 1.81187e+07 1.43722e+07 8.76176e+06 3.74652e+06 7.48808e+07 5.35323e+07
internal_count=229890 5968 223922 147696 120230 91432 71332 28798 27810 22083 13582 5727 47243 33259
is_linear=0
shrinkage=0.03


Tree=490
num_leaves=15
num_cat=1
split_feature=13 12 13 13 10 10 10 12 12 12 0 16 13 14
split_gain=128673 110648 275412 26962.9 23962.5 21560.9 19297.7 31810 19310.3 31620 123914 41672.4 26362.4 24947.1
threshold=0.53878424831981009 0.98609395010972944 0.33625239732437012 0.27957566888501467 0.86883337326258692 0.97590040702797165 0.79976984507662452 0.91595830406058487 0.91595830406058487 0.9608647852025366 0 0.054506545954017667 1.0132793597677145 0.80817321326263725
decision_type=2 2 2 2 2 2 2 2 2 2 1 2 2 2
left_child=1 3 -3 -1 -4 -6 7 -2 -8 10 -10 -12 -13 -11
right_child=6 2 4 -5 5 -7 8 -9 9 13 11 12 -14 -15
leaf_value=-0.00045570919295819819 0.00012441971124452049 -0.010076247911843918 -0.00012951514046235816 0.00034960025127705796 0.00012319445471877143 0.0008619745472669112 -0.00041756542810833167 -0.00025847832000786794 0.00066653705159861593 -9.0613111527897846e-05 0.00060097933862205484 7.5114954551210132e-06 -0.00049543242760317658 8.8598936852696499e-06
leaf_weight=977595.79628896713 1632681.8845813274 638858.36161637306 655848.87943148613 2538257.2087503672 308420.25555372238 329252.57574284077 1907174.3861403465 6178542.871686101 1719265.4860078096 15447385.474959373 1365890.8377993107 2313450.6073303223 1589381.2774353027 216407945.86248755
leaf_count=1488 2056 4022 422 2460 288 1766 1767 6497 1417 14624 2467 1515 966 188238
internal_value=0.000113526 0.00467419 0.010441 0.00150465 0.00248155 0.00662253 1.35607e-05 -0.00145395 6.11745e-05 8.51833e-05 0.00207346 -0.00020859 -0.00178697 2.52576e-05
internal_weight=2.5401e+08 5.44823e+06 1.93238e+06 3.51585e+06 1.29352e+06 637673 2.48562e+08 7.81122e+06 2.4075e+08 2.38843e+08 6.98799e+06 5.26872e+06 3.90283e+06 2.31855e+08
internal_count=229993 10446 6498 3948 2476 2054 219547 8553 210994 209227 6365 4948 2481 202862
cat_boundaries=0 1
cat_threshold=336
is_linear=0
shrinkage=0.03


Tree=491
num_leaves=15
num_cat=5
split_feature=13 12 13 13 0 1 9 12 10 0 0 0 0 10
split_gain=173167 104761 271833 34470.7 28621.2 15173.2 197635 125266 139951 197927 112852 106968 66519 126064
threshold=0.53878424831981009 0.98609395010972944 0.33625239732437012 0.33625239732437012 0 8.5000000000000018 68.500000000000014 1.0501009489392852 1.0301356407334288 1 2 3 4 1.0118941684945517
decision_type=2 2 2 2 1 2 2 2 2 1 1 1 1 2
left_child=1 3 -3 -1 -4 6 -2 8 12 -10 -9 -11 -8 -14
right_child=5 2 4 -5 -6 -7 7 10 9 11 -12 -13 13 -15
leaf_value=-9.7807660846209847e-05 -0.00073315012327456808 0.0030446031323759859 -9.5853641290784099e-05 0.00056729627404264688 -0.0013445203303315291 -8.4096319982472931e-06 0.00016900216102682796 -0.00060502058395304765 -0.00040612250366629007 0.00054888879755720841 -2.1548450871032039e-05 0.00035394403201444765 -0.00033562597116163775 0.00020864793806875078
leaf_weight=1550263.0641117096 2058430.9502804279 653393.32143306732 570129.36930811405 1936051.5554924011 693357.58903992176 202455773.24882936 9875733.5994930267 2229697.5254963636 2480405.8633806705 4870474.3277260065 6501536.0209699869 8131206.428467989 6326836.8715302944 2564044.9201486111
leaf_count=1925 2558 4079 747 2013 1694 158879 12542 2033 4267 5589 11041 10068 9507 2740
internal_value=0.00013525 0.00544824 0.0110818 0.00235075 0.00295764 1.9259e-05 0.000517284 0.000952192 0.00176994 0.00388132 -0.00225547 0.00536288 2.81011e-05 -0.0018543
internal_weight=2.52897e+08 5.40319e+06 1.91688e+06 3.48631e+06 1.26349e+06 2.47494e+08 4.50384e+07 4.29799e+07 3.42487e+07 1.54821e+07 8.73123e+06 1.30017e+07 1.87666e+07 8.89088e+06
internal_count=229682 10458 6520 3938 2441 219224 60345 57787 44713 19924 13074 15657 24789 12247
cat_boundaries=0 1 2 3 4 5
cat_threshold=280 290 20 80 269
is_linear=0
shrinkage=0.03


Tree=492
num_leaves=15
num_cat=4
split_feature=13 0 11 13 10 2 0 13 0 3 16 0 16 1
split_gain=128516 55490.7 91509.9 139370 87791.5 40112 33567 13626.8 58157.4 27239.8 34816.2 57962.4 27244.4 24948.5
threshold=0.53878424831981009 0 0.93424325707176459 0.33625239732437012 0.89250296402008533 3.5000000000000004 1 0.79398568042344897 2 1.0000000180025095e-35 0.057564357653411662 3 0.061895749550304836 13.500000000000002
decision_type=2 1 2 2 2 2 1 2 1 2 2 1 2 2
left_child=1 5 6 -4 -5 -1 -3 8 9 10 11 -2 13 -11
right_child=7 2 3 4 -6 -7 -8 -9 -10 12 -12 -13 -14 -15
leaf_value=0.00040292307379540774 0.00040316869578800791 0.00070930159498233149 0.0048926567246578663 -0.00014169459724207398 0.0020124363204892396 -0.0010373273379609374 -0.00010159448132272609 7.5646201985599669e-06 -0.00021899963635764038 -0.00015139917743684531 0.00058911527966403171 -0.0011640229218671035 -0.00026189761285837514 0.00076138910894536327
leaf_weight=483939.78717780113 762453.57774031162 1261596.4712916613 404417.22900676727 529404.87284660339 553623.45734488964 528636.09127616882 1693020.1782745123 229191840.75534368 12436016.440463305 370382.78406000137 2611680.783203125 453178.82415759563 1490165.2222290039 377190.90534496307
leaf_count=1264 1378 1148 2983 331 1763 1705 1349 198710 12427 1188 1940 1316 1376 850
internal_value=0.00012134 0.00467633 0.006121 0.0121897 0.00657814 -0.00166131 0.00306585 2.10308e-05 -0.00076215 0.00164636 0.00318368 -0.00101027 -0.000982987 0.00369054
internal_weight=2.53148e+08 5.45464e+06 4.44206e+06 1.48745e+06 1.08303e+06 1.01258e+06 2.95462e+06 2.47693e+08 1.85011e+07 6.06505e+06 3.82731e+06 1.21563e+06 2.23774e+06 747574
internal_count=229728 10543 7574 5077 2094 2969 2497 219185 20475 8048 4634 2694 3414 2038
cat_boundaries=0 1 2 3 4
cat_threshold=320 13 209 144
is_linear=0
shrinkage=0.03


Tree=493
num_leaves=15
num_cat=3
split_feature=13 12 13 12 11 13 1 0 14 1 0 11 0 1
split_gain=130205 123135 268823 22646.5 22143.4 14619.4 44718.3 65942 45713.2 60726.5 56210.2 37476.4 35757.5 49068.6
threshold=0.53878424831981009 0.98609395010972944 0.33625239732437012 0.94288066048179553 0.96866404877547096 0.79398568042344897 8.5000000000000018 0 0.92180476968108171 11.500000000000002 1 0.97755348269850095 2 15.500000000000002
decision_type=2 2 2 2 2 2 2 1 2 2 1 2 1 2
left_child=1 3 -3 -1 -4 6 7 -2 9 -8 -10 -9 13 -11
right_child=5 2 4 -5 -6 -7 8 11 10 12 -12 -13 -14 -15
leaf_value=-0.00019870232429911215 0.00072414118758467065 -3.5090550205579825e-05 -9.319310580889884e-06 0.00050591469862916189 -0.0023037257938917587 7.0283765144254448e-06 -0.00059981945451050955 -0.00072731531181876663 -0.00038808098827874254 0.00058047959763203442 0.00046728055680628742 0.00015074321555828794 -0.00038898307703585087 -0.00024261359955654626
leaf_weight=1195250.1679769754 936907.08960962296 637489.54255390167 793543.5879368782 2296993.5150460005 547164.20336854458 229232746.3478986 2460005.9058408737 626356.48581361771 1802552.2876758575 1835163.348236084 2501448.6775302887 1500565.1142126322 4594477.3033564091 2330095.2021946907
leaf_count=1377 2121 4035 574 2559 1918 198783 2121 912 1693 1730 2999 3177 3067 2716
internal_value=0.000113243 0.00469132 0.0106716 0.00130378 0.0030457 1.21857e-05 -0.000796994 0.00251522 -0.00145071 -0.002459 0.00117774 -0.000405871 -0.00128939 0.000723668
internal_weight=2.53291e+08 5.47044e+06 1.9782e+06 3.49224e+06 1.34071e+06 2.4782e+08 1.85876e+07 3.06383e+06 1.55237e+07 1.12197e+07 4.304e+06 2.12692e+06 8.75974e+06 4.16526e+06
internal_count=229782 10463 6527 3936 2492 219319 20536 6210 14326 9634 4692 4089 7513 4446
cat_boundaries=0 1 2 3
cat_threshold=321 262 242
is_linear=0
shrinkage=0.03


Tree=494
num_leaves=15
num_cat=1
split_feature=13 12 13 0 13 13 14 1 1 14 16 16 14 16
split_gain=133135 107512 266637 33486.7 25284.2 12865.4 38186 78920.8 97971.3 78257.2 76864.2 74138.2 52853.1 57723.6
threshold=0.53878424831981009 0.98609395010972944 0.33625239732437012 0 0.27957566888501467 0.98701901997483621 0.93731857105877125 8.5000000000000018 12.500000000000002 0.87998188926985765 0.053551145981062406 0.065906348755040825 0.89018042335047587 0.068298996641331183
decision_type=2 2 2 1 2 2 2 2 2 2 2 2 2 2
left_child=1 4 -3 -4 -1 6 7 9 10 11 -9 -2 13 -12
right_child=5 2 3 -5 -6 -7 -8 8 -10 -11 12 -13 -14 -15
leaf_value=-0.00048307237277054666 -0.00022521170306103757 0.0037062110842043883 -0.00012335118869252876 0.00081513378543881317 -0.01453823583830972 -2.0519087717374611e-05 6.2264302236192019e-05 0.00016976592476433393 1.0430212948873336e-05 -0.00016795077164614752 -0.0006642478246328972 0.00057279296808662153 -0.00010670423882260716 -7.3035018306514583e-05
leaf_weight=976927.03657281399 1225087.5256142616 624322.20605492592 590868.2902816534 697438.37171280384 2530216.8154006004 130641011.25280654 66393088.867404222 2737164.7029876709 28692266.801140308 2795052.9741154909 5391930.6478409767 4032950.3282775879 4124484.2644348145 1941006.462890625
leaf_count=1506 4725 4046 773 1698 2453 117269 58105 2557 22886 4200 3816 1771 2729 1295
internal_value=0.00010559 0.00475697 0.0104786 0.002681 0.00163667 3.92871e-06 0.000231941 -0.000385926 -0.000897616 0.00233909 -0.00293621 0.00449527 -0.00401522 -0.00554335
internal_weight=2.53394e+08 5.41977e+06 1.91263e+06 1.28831e+06 3.50714e+06 2.47974e+08 1.17333e+08 5.09399e+07 4.28869e+07 8.05309e+06 1.41946e+07 5.25804e+06 1.14574e+07 7.33294e+06
internal_count=229829 10476 6517 2471 3959 219353 102084 43979 33283 10696 10397 6496 7840 5111
cat_boundaries=0 1
cat_threshold=280
is_linear=0
shrinkage=0.03


Tree=495
num_leaves=15
num_cat=0
split_feature=11 14 12 4 1 1 12 11 12 12 3 10 1 10
split_gain=45734.9 85512.4 51846.6 48178.2 30628.4 29018.8 33591.7 54870.9 43238.9 92766.5 25051.3 23306.4 38942 22750.5
threshold=0.9569913468292458 0.80817321326263725 0.94288066048179553 1.0000000180025095e-35 13.500000000000002 20.500000000000004 0.9608647852025366 0.81558126065163716 0.98697337007541763 1.017769022820241 1.0000000180025095e-35 0.86883337326258692 12.500000000000002 1.0073430709674736
decision_type=2 2 2 2 2 2 2 2 2 2 2 2 2 2
left_child=1 2 -1 5 -4 6 7 -3 11 -10 -9 12 -8 -13
right_child=-2 3 4 -5 -6 -7 8 10 9 -11 -12 13 -14 -15
leaf_value=0.00012668632625168033 -2.3035457501532196e-06 0.00020222646192265972 0.0011423484456154214 -0.001189515096524826 0.00057711018509048117 0.0009437288101148835 0.0003306324608145582 -0.00073960779701720796 -0.00028049965679285071 0.00028615176200900923 -7.0739403433092666e-05 0.00046238237286661384 -0.00013473756243931467 9.9894717891732838e-05
leaf_weight=2289468.2964376211 221606044.56346846 2482820.5457881689 1225292.7022135258 1147492.040481925 1281505.1163768768 1369889.2941932678 2758383.5528068542 2026758.8648114204 3661029.7734131813 3349392.4515354633 1017051.689191699 2737201.6944073439 3379935.7879638672 3273309.8476032019
leaf_count=1850 201047 2838 1305 1473 851 3542 2307 2140 2671 2943 1790 1718 1760 1848
internal_value=0.000139172 0.00119936 0.00489273 0.000548177 0.00787357 0.000813124 0.000577279 -0.00148322 0.00117165 -0.000704491 -0.00418298 0.00225426 0.000954023 0.00358214
internal_weight=2.53606e+08 3.19995e+07 4.79627e+06 2.72033e+07 2.5068e+06 2.60558e+07 2.46859e+07 5.52663e+06 1.91593e+07 7.01042e+06 3.04381e+06 1.21488e+07 6.13832e+06 6.01051e+06
internal_count=230083 29036 4006 25030 2156 23557 20015 6768 13247 5614 3930 7633 4067 3566
is_linear=0
shrinkage=0.03


Tree=496
num_leaves=15
num_cat=4
split_feature=10 14 0 1 0 11 12 0 10 10 0 12 12 14
split_gain=35167.3 115167 105747 34693.9 46666.7 44060.3 56246.8 38584.4 27730.8 26210.6 44795 25570.7 27212.6 63230.3
threshold=0.97232699120128163 0.80817321326263725 0 19.500000000000004 1 0.91700597683295093 0.9927388970595955 2 0.76375309174027717 0.94260595348494369 3 0.97813683953467312 1.0073531584289153 0.99493273260418658
decision_type=2 2 1 2 1 2 2 1 2 2 1 2 2 2
left_child=1 2 -1 4 5 8 -7 -5 -3 -8 -11 -6 13 -13
right_child=-2 3 -4 7 11 6 9 -9 -10 10 -12 12 -14 -15
leaf_value=0.0014867854171319024 -4.6036400603123632e-06 8.2293310441558588e-05 0.0002133282839470098 0.00095148172503375017 7.2155280986252118e-05 0.00096757312257258197 0.00059234956451461511 -0.00012216232324919877 -0.00068926355887114193 0.00020018289656335259 -0.0008743777678177733 -4.710961157765214e-05 -7.240636300787365e-05 -0.00083262869514353331
leaf_weight=1439104.9299948215 216688460.53088546 3053848.5946316719 2708066.3006019592 1928521.4982156754 5110521.839758873 1784321.4031615257 2106469.8580869436 1208213.8199129105 1329862.935988307 3003495.4852091074 995812.78916072845 2604041.2232558727 7540001.7537281513 1874991.0247933865
leaf_count=1017 194107 3024 2697 2875 4158 1909 2452 3499 1609 2309 1758 1239 5865 1190
internal_value=9.50467e-05 0.000953998 0.00566226 0.00035394 3.39925e-05 0.00144591 0.0027857 0.00335309 -0.000965524 0.00141641 -1.01028e-05 -0.000977687 -0.00173351 -0.00358561
internal_weight=2.53376e+08 3.66873e+07 4.14717e+06 3.25401e+07 2.94034e+07 1.22738e+07 7.8901e+06 3.13674e+06 4.38371e+06 6.10578e+06 3.99931e+06 1.71296e+07 1.2019e+07 4.47903e+06
internal_count=229708 35601 3714 31887 25513 13061 8428 6374 4633 6519 4067 12452 8294 2429
cat_boundaries=0 1 2 3 4
cat_threshold=88 387 62 258
is_linear=0
shrinkage=0.03


Tree=497
num_leaves=15
num_cat=4
split_feature=13 0 11 13 11 3 11 9 0 2 0 2 9 0
split_gain=192301 50706 83670.3 103484 33751.8 29287.5 26794.9 21909.5 96486.1 63237.4 134707 63082.5 129309 224909
threshold=0.53878424831981009 0 0.93935367065657471 0.33625239732437012 0.98536147366073423 1.0000000180025095e-35 0.89451372984939514 79.500000000000014 1 3.5000000000000004 2 3.5000000000000004 68.500000000000014 3
decision_type=2 1 2 2 2 2 2 2 1 2 1 2 2 1
left_child=1 6 5 -4 -5 -3 -1 8 11 -10 -11 -2 -13 -14
right_child=7 2 3 4 -6 -7 -8 -9 9 10 -12 12 13 -15
leaf_value=0.00042738519326946523 5.5741828066264958e-05 0.00076235379717397625 0.0057656766002598244 0.0002671034567481085 0.0017523844384266477 0.00036422297084925996 -0.0026779182411436793 -8.4714969152278553e-06 1.5944533839215124e-05 -0.001509394973559037 -3.4752512014026967e-06 -8.709055444520067e-05 0.0013001285270559087 2.7002956641252031e-05
leaf_weight=374331.17512726784 11036478.105094075 1313758.7684264183 361004.77884733677 481809.59914207458 455218.01730322838 2108937.3394851685 354696.69021308422 219650190.62932718 8529413.9176385403 1485688.9387550354 2373342.4245319366 2000943.3670057058 1681021.3953200579 1451676.8100429773
leaf_count=435 8301 1175 3361 517 1696 1683 1628 195253 6792 1081 3164 2000 1237 1640
internal_value=0.000136088 0.00571061 0.00684778 0.0133333 0.0080756 0.00438821 -0.00165308 1.36923e-05 0.000795369 -0.00119683 -0.00438338 0.00232166 0.00506906 0.00887428
internal_weight=2.53659e+08 5.44976e+06 4.72073e+06 1.29803e+06 937028 3.4227e+06 729028 2.48209e+08 2.85586e+07 1.23884e+07 3.85903e+06 1.61701e+07 5.13364e+06 3.1327e+06
internal_count=229963 10495 8432 5574 2213 2858 2063 219468 24215 11037 4245 13178 4877 2877
cat_boundaries=0 1 2 3 4
cat_threshold=256 440 4 144
is_linear=0
shrinkage=0.03


Tree=498
num_leaves=15
num_cat=0
split_feature=13 12 13 13 16 9 1 1 9 16 2 9 2 2
split_gain=203556 67003.9 282004 47576.6 24352.5 16774 72311.1 122352 95407.6 95909.2 65026.3 33142.9 49234 50616
threshold=0.53878424831981009 0.98609395010972944 0.33625239732437012 0.27957566888501467 0.064660328551112062 79.500000000000014 14.500000000000002 7.5000000000000009 71.500000000000014 0.056867780581918818 1.0000000180025095e-35 74.500000000000014 1.5000000000000002 2.5000000000000004
decision_type=2 2 2 2 2 2 2 2 2 2 2 2 2 2
left_child=1 3 -3 -1 -4 6 7 8 -2 -10 -9 12 -12 -14
right_child=5 2 4 -5 -6 -7 -8 10 9 -11 11 -13 13 -15
leaf_value=-0.00033647842876943101 -0.00057666310473825262 0.0036928426077726547 -0.00057928844478758997 0.00061847398205755585 -0.00012767301803682 -6.6325833634412912e-06 -9.2662311155907831e-05 0.00055755267237920223 -0.00058795710202825928 0.00070854843296720769 -0.00037793870614029297 0.00043421204355597524 0.00042226767638286496 8.2188084338923872e-05
leaf_weight=983280.15666615963 1644454.11464715 640152.25929129124 698425.88247597218 2545625.829056263 620029.01515007019 219475759.62421942 12936806.809611082 1635122.6112976074 580629.78963696957 674137.02800941467 1589556.5765075684 3567900.2674589157 1498716.5018920898 4446853.5580816269
leaf_count=1529 3030 4058 2120 2446 364 195114 10637 964 2032 361 941 2303 889 3161
internal_value=0.000143661 0.00585877 0.0103085 0.00338911 0.00237642 1.72281e-05 0.000700945 0.00207362 -0.00348872 0.00274147 0.00333962 0.00251706 0.0013892 0.00264306
internal_weight=2.53537e+08 5.48751e+06 1.95861e+06 3.52891e+06 1.31845e+06 2.4805e+08 2.85742e+07 1.56374e+07 2.89922e+06 1.25477e+06 1.27381e+07 1.1103e+07 7.53513e+06 5.94557e+06
internal_count=229949 10517 6542 3975 2484 219432 24318 13681 5423 2393 8258 7294 4991 4050
is_linear=0
shrinkage=0.03


Tree=499
num_leaves=15
num_cat=3
split_feature=13 12 13 13 16 9 1 1 0 9 0 0 3 1
split_gain=194266 64060.7 278279 43918.9 36966.8 22770.4 83068.3 102950 100407 87594 100840 53117.9 85486.4 53607.5
threshold=0.53878424831981009 0.98609395010972944 0.33625239732437012 0.27957566888501467 0.064660328551112062 79.500000000000014 14.500000000000002 7.5000000000000009 0 71.500000000000014 1 2 1.0000000180025095e-35 11.500000000000002
decision_type=2 2 2 2 2 2 2 2 1 2 1 1 2 2
left_child=1 3 -3 -1 -4 6 7 9 -8 -2 -11 -9 13 -13
right_child=5 2 4 -5 -6 -7 8 11 -10 10 -12 12 -14 -15
leaf_value=-0.0030354691491765061 -0.00054815891643567711 -0.016173814903955006 0.00060271535853990261 0.00064778243641138897 -0.00015254992880609541 -7.5187860104969057e-06 0.00077994467351666494 0.00035478855696705129 -0.00018106618632841669 0.00073142471954101818 -0.00070560694576601933 9.693460407473456e-05 -0.00033691362209528869 0.00065951701382468042
leaf_weight=987576.54102945328 1656346.0405231714 637240.64370989799 719261.13289952278 2575526.7624913454 599956.76610565186 219257588.58112025 2224681.2417271137 5542889.0192108154 10658807.746320724 670512.12917113304 577169.1260586977 3061981.8285522461 2235886.5901343822 1927205.9098205566
leaf_count=1529 3045 4056 2084 2467 365 195133 3388 2799 7235 1110 1261 1924 2047 1487
internal_value=0.000147426 0.00571395 0.0100755 0.00331906 0.00221196 2.34421e-05 0.000820293 0.00228736 -0.000964301 -0.00281103 0.00319216 0.00344696 0.00175212 0.00393665
internal_weight=2.53333e+08 5.51956e+06 1.95646e+06 3.5631e+06 1.31922e+06 2.47813e+08 2.85555e+07 1.5672e+07 1.28835e+07 2.90403e+06 1.24768e+06 1.2768e+07 7.22507e+06 4.98919e+06
internal_count=229930 10501 6505 3996 2449 219429 24296 13673 10623 5416 2371 8257 5458 3411
cat_boundaries=0 1 2 3
cat_threshold=416 54 152
is_linear=0
shrinkage=0.03


end of trees

feature_importances:
route=1092
lvl_wd20=960
lvl_wd5=651
hour_share=643
hour=627
lvl_wd10=607
lag_w1=538
lag_m4=534
days_to_ny=518
dow=412
ptype=245
is_short_workday=66
is_holiday=52
is_day_off=28
in_regime=27

parameters:
[boosting: gbdt]
[objective: regression_l1]
[metric: l1]
[tree_learner: serial]
[device_type: cpu]
[data_sample_strategy: bagging]
[data: ]
[valid: ]
[num_iterations: 500]
[learning_rate: 0.03]
[num_leaves: 15]
[num_threads: 2]
[seed: 44]
[deterministic: 1]
[force_col_wise: 1]
[force_row_wise: 0]
[histogram_pool_size: -1]
[max_depth: -1]
[min_data_in_leaf: 1000]
[min_sum_hessian_in_leaf: 0.001]
[bagging_fraction: 0.8]
[pos_bagging_fraction: 1]
[neg_bagging_fraction: 1]
[bagging_freq: 1]
[bagging_seed: 21897]
[bagging_by_query: 0]
[feature_fraction: 0.8]
[feature_fraction_bynode: 1]
[feature_fraction_seed: 12646]
[extra_trees: 0]
[extra_seed: 20733]
[early_stopping_round: 0]
[early_stopping_min_delta: 0]
[first_metric_only: 0]
[max_delta_step: 0]
[lambda_l1: 0]
[lambda_l2: 1]
[linear_lambda: 0]
[min_gain_to_split: 0]
[drop_rate: 0.1]
[max_drop: 50]
[skip_drop: 0.5]
[xgboost_dart_mode: 0]
[uniform_drop: 0]
[drop_seed: 20829]
[top_rate: 0.2]
[other_rate: 0.1]
[min_data_per_group: 100]
[max_cat_threshold: 32]
[cat_l2: 10]
[cat_smooth: 10]
[max_cat_to_onehot: 4]
[top_k: 20]
[monotone_constraints: ]
[monotone_constraints_method: basic]
[monotone_penalty: 0]
[feature_contri: ]
[forcedsplits_filename: ]
[refit_decay_rate: 0.9]
[cegb_tradeoff: 1]
[cegb_penalty_split: 0]
[cegb_penalty_feature_lazy: ]
[cegb_penalty_feature_coupled: ]
[path_smooth: 0]
[interaction_constraints: ]
[verbosity: -1]
[saved_feature_importance_type: 0]
[use_quantized_grad: 0]
[num_grad_quant_bins: 4]
[quant_train_renew_leaf: 0]
[stochastic_rounding: 1]
[linear_tree: 0]
[max_bin: 255]
[max_bin_by_feature: ]
[min_data_in_bin: 3]
[bin_construct_sample_cnt: 200000]
[data_random_seed: 182]
[is_enable_sparse: 1]
[enable_bundle: 1]
[use_missing: 1]
[zero_as_missing: 0]
[feature_pre_filter: 1]
[pre_partition: 0]
[two_round: 0]
[header: 0]
[label_column: ]
[weight_column: ]
[group_column: ]
[ignore_column: ]
[categorical_feature: 0]
[forcedbins_filename: ]
[precise_float_parser: 0]
[parser_config_file: ]
[objective_seed: 3944]
[num_class: 1]
[is_unbalance: 0]
[scale_pos_weight: 1]
[sigmoid: 1]
[boost_from_average: 1]
[reg_sqrt: 0]
[alpha: 0.9]
[fair_c: 1]
[poisson_max_delta_step: 0.7]
[tweedie_variance_power: 1.5]
[lambdarank_truncation_level: 30]
[lambdarank_norm: 1]
[label_gain: ]
[lambdarank_position_bias_regularization: 0]
[eval_at: ]
[multi_error_top_k: 1]
[auc_mu_weights: ]
[num_machines: 1]
[local_listen_port: 12400]
[time_out: 120]
[machine_list_filename: ]
[machines: ]
[gpu_platform_id: -1]
[gpu_device_id: -1]
[gpu_use_dp: 0]
[num_gpu: 1]

end of parameters

pandas_categorical:[[1, 7, 11, 12, 17, 25, 26, 28, 50]]
