tree
version=v4
num_class=1
num_tree_per_iteration=1
label_index=0
max_feature_idx=16
objective=regression_l1
feature_names=route hour dow ptype is_holiday is_short_workday is_working_weekend is_day_off pre_new_year_week days_to_ny lvl_wd5 lvl_wd10 lvl_wd20 lag_w1 lag_m4 in_regime hour_share
feature_infos=-1:3:4:2:6:8:1:0:7:5 [0:23] [0:6] [0:3] [0:1] [0:1] none [0:1] none [62:90] [0.65713011808851129:1.5233017575096777] [0.72765409897502464:1.4605996151119214] [0.87567123603492825:1.2140828604622831] [0:132.58822579527782] [0:290.00569000834537] [0:1] [2.6520978093672095e-05:0.24330789648307899]
tree_sizes=1765 1878 1846 1858 1854 1876 1859 1869 1848 1880 1865 1874 1864 1860 1849 1837 1848 1860 1855 1859 1860 1837 1842 1866 1857 1842 1868 1860 1861 1835 1859 1852 1869 1815 1855 1856 1830 1826 1865 1857 1849 1847 1846 1860 1862 1836 1875 1853 1866 1844 1840 1839 1863 1855 1842 1864 1830 1855 1835 1852 1832 1870 1867 1842 1842 1837 1858 1869 1852 1870 1846 1873 1836 1868 1836 1857 1867 1842 1838 1850 1885 1858 1830 1865 1875 1852 1862 1860 1865 1864 1855 1880 1858 1856 1824 1861 1857 1859 1836 1858 1870 1871 1844 1837 1843 1868 1873 1847 1851 1855 1869 1864 1871 1856 1872 1873 1856 1845 1813 1860 1871 1876 1874 1829 1859 1869 1897 1850 1867 1860 1874 1874 1824 1875 1830 1882 1870 1865 1872 1846 1866 1859 1871 1861 1873 1861 1873 1869 1850 1840 1887 1856 1839 1860 1879 1849 1850 1876 1867 1844 1885 1870 1863 1861 1879 1872 1892 1823 1861 1859 1847 1843 1854 1875 1866 1858 1868 1837 1890 1874 1854 1873 1846 1886 1851 1837 1863 1868 1860 1881 1897 1845 1863 1880 1863 1864 1860 1880 1832 1851 1862 1870 1842 1877 1866 1889 1839 1865 1858 1853 1868 1885 1851 1875 1833 1856 1847 1881 1876 1869 1863 1853 1850 1869 1858 1839 1870 1855 1849 1869 1837 1844 1850 1854 1860 1860 1877 1839 1880 1876 1832 1859 1875 1879 1870 1859 1867 1866 1866 1842 1842 1866 1851 1869 1859 1880 1860 1871 1875 1857 1871 1864 1863 1864 1862 1860 1854 1867 1874 1859 1863 1842 1879 1878 1827 1868 1849 1860 1855 1845 1871 1863 1880 1863 1860 1860 1867 1858 1859 1856 1871 1874 1842 1839 1854 1861 1874 1878 1850 1887 1835 1874 1855 1848 1869 1878 1866 1856 1856 1863 1848 1866 1863 1865 1864 1832 1860 1875 1861 1862 1860 1866 1878 1849 1869 1876 1855 1871 1893 1878 1880 1837 1863 1878 1853 1881 1880 1880 1865 1851 1853 1875 1868 1878 1814 1891 1892 1861 1854 1871 1840 1872 1875 1846 1850 1851 1860 1865 1842 1882 1866 1865 1864 1816 1858 1858 1860 1859 1860 1864 1871 1829 1858 1869 1853 1861 1866 1860 1843 1868 1846 1871 1846 1865 1858 1857 1852 1854 1862 1857 1823 1861 1843 1864 1853 1844 1844 1850 1820 1840 1877 1871 1854 1834 1854 1847 1852 1864 1882 1835 1858 1831 1852 1877 1871 1851 1862 1861 1855 1862 1849 1817 1845 1860 1852 1865 1846 1868 1866 1880 1873 1876 1867 1859 1854 1862 1844 1873 1851 1851 1850 1873 1843 1861 1850 1862 1831 1878 1844 1875 1845 1866 1856 1847 1843 1839 1842 1859 1847 1877 1867 1882 1851 1854 1878 1864 1871 1862 1859 1875 1874 1860 1844 1863 1873 1870 1874 1834 1860 1862 1847 1863 1850 1883 1848 1855 1868 1863 1859 1830 1866 1874 1857 1853 1844 1868 1851 1878 1842 1861

Tree=0
num_leaves=15
num_cat=2
split_feature=13 14 2 2 14 16 13 12 2 3 0 16 12 0
split_gain=2.10695e+06 757773 312002 262171 266612 241690 222892 197606 178674 209578 152327 147957 136333 131840
threshold=1.0087339122109225 0.95294090406745047 1.0000000180025095e-35 1.0000000180025095e-35 1.4099493185269965 0.061320044736709899 1.060545024207443 0.92324355344902431 1.0000000180025095e-35 1.0000000180025095e-35 0 0.056042834494157735 1.0603178070352504 1
decision_type=2 2 2 2 2 2 2 2 2 2 1 2 2 1
left_child=1 7 -3 13 6 -4 10 -1 -9 -10 -5 -6 -7 -2
right_child=3 2 5 4 11 12 -8 8 9 -11 -12 -13 -14 -15
leaf_value=0.99987232381656965 1.0022276063387712 1.0012134242188764 1.0023778015611773 1.0023771499623615 1.0038699269789431 1.0015491515604762 1.0028687335927777 1.0006056987914254 1.0015787527298652 1.0007078441794048 1.0018907023885799 0.9945156035639906 1.002316472530365 1.0013238539202669
leaf_weight=2178402.962569356 3724051.8641366959 7216195.5702490807 13442276.326709747 12775216.962277055 403623.3704482317 18314653.866699934 25313979.989023805 7699107.6738504171 13647644.117930412 9917970.3433657885 9307122.4946016073 687689.99427556992 3547927.8235840797 3575087.833253026
leaf_count=1828 3567 4898 18627 8802 2703 10286 27442 6433 11583 10978 6711 956 2378 2564
internal_value=1.00184 0.998588 1.00125 1.00627 1.00706 1.00241 1.0074 0.995209 0.995818 0.997114 1.0052 0.992403 1.00046 1.00097
internal_weight=1.31751e+08 7.59642e+07 4.25211e+07 5.57868e+07 4.84876e+07 3.53049e+07 4.73963e+07 3.34431e+07 3.12647e+07 2.35656e+07 2.20823e+07 1.09131e+06 2.18626e+07 7.29914e+06
internal_count=119756 67011 36189 52745 46614 31291 42955 30822 28994 22561 15513 3659 12664 6131
cat_boundaries=0 1 2
cat_threshold=115 357
is_linear=0
shrinkage=1


Tree=1
num_leaves=15
num_cat=1
split_feature=13 14 10 10 12 14 2 1 12 9 9 10 0 1
split_gain=1.87097e+06 798017 564339 412539 358030 323250 209900 206229 203167 180454 176353 176153 157007 152521
threshold=1.0122071411491442 0.95387076633792656 1.0076829688863238 0.97391455835206509 1.0160145315503237 1.0044424366709088 1.0000000180025095e-35 17.500000000000004 0.92324355344902431 88.500000000000014 67.500000000000014 1.2334770669621216 0 9.5000000000000018
decision_type=2 2 2 2 2 2 2 2 2 2 2 2 1 2
left_child=1 8 4 -2 12 -5 -4 -8 -1 -9 -7 13 -3 -10
right_child=3 2 6 5 -6 10 7 9 11 -11 -12 -13 -14 -15
leaf_value=-0.0019040498445159011 -0.00067378049456922045 1.9937131194571519e-05 -0.00040268287033933035 0.00028586881917684826 -0.0013760665922077859 -0.003614025287958708 0.0006134144073363753 -0.0010176266729548223 -0.00013098416571417635 0.00025657930908171031 0.0010479379767996001 -0.0021173905969983447 -0.00098559138512572132 -0.00080781890551961271
leaf_weight=2184469.4302891493 4914666.6257618666 8262714.4057480097 4116993.9785964489 23547876.844204903 4474844.9462462664 1441619.7438709736 16061393.792944193 1461201.9055116177 7087978.8287782669 4403488.7696156502 24168650.920983434 2415019.5718897581 4809025.9746060371 22827456.871662855
leaf_count=1822 6394 5804 2850 19131 3922 1087 13578 1389 9302 4672 24966 2465 4592 17923
internal_value=-4.4248e-05 -0.00301405 -0.000315686 0.00424544 -0.00447431 0.00507398 0.00248619 0.00365325 -0.00642188 -0.00116162 0.00740669 -0.00582359 -0.001967 -0.00519441
internal_weight=1.32177e+08 7.81046e+07 4.35897e+07 5.40728e+07 1.75466e+07 4.91581e+07 2.60431e+07 2.19261e+07 3.45149e+07 5.86469e+06 2.56103e+07 3.23305e+07 1.30717e+07 2.99154e+07
internal_count=119897 68319 36807 51578 14318 45184 22489 19639 31512 6061 26053 29690 10396 27225
cat_boundaries=0 1
cat_threshold=155
is_linear=0
shrinkage=0.03


Tree=2
num_leaves=15
num_cat=3
split_feature=13 14 10 14 10 12 0 1 0 12 13 0 10 12
split_gain=2.0027e+06 623126 487243 454617 451334 380004 173634 165145 200428 164984 175336 172790 153184 168176
threshold=0.99084707807912464 0.94768511884211415 1.009035500706591 0.98766668869046736 1.009035500706591 1.0146137389178038 0 17.500000000000004 1 1.0185072359810103 1.074271503192892 2 1.2883310473777285 0.93483684010591095
decision_type=2 2 2 2 2 2 1 2 1 2 2 1 2 2
left_child=1 12 9 -4 5 6 -3 -6 -9 10 -2 -12 13 -1
right_child=2 4 3 -5 7 -7 -8 8 -10 -11 11 -13 -14 -15
leaf_value=-0.001784173272023818 -0.00022206951990208891 4.6800930915598465e-05 0.00017775704618496464 0.00087018513145605968 0.00037664897234114167 -0.0015252684844053212 -0.0010042869072851258 -0.00077144975997402751 0.00018824529935314698 -0.0010310059381205931 0.0017659921300844082 0.00023247129289383206 -0.0031483306956910369 -0.00069445060616525004
leaf_weight=2209658.7583625317 9134561.8847199678 7095897.8536089659 20820883.589998484 30337691.43114686 14252781.949909925 4101821.0841206312 4562820.2247600555 1518663.4717979431 3701344.4618297815 3262184.7307496071 1313302.0223523378 2875534.0650180578 1518231.3387527466 25403967.994603395
leaf_count=1895 6283 5225 16496 28226 12818 3615 4445 732 4865 4118 1215 4638 1248 24203
internal_value=-0.000108032 -0.00389746 0.00349238 0.00494103 -0.0012134 -0.00498758 -0.0022245 0.00184127 -0.00272387 -0.000976016 0.000504536 0.00558667 -0.00714367 -0.00663357
internal_weight=1.32109e+08 6.43652e+07 6.77442e+07 5.11586e+07 3.52333e+07 1.57605e+07 1.16587e+07 1.94728e+07 5.22001e+06 1.65856e+07 1.33234e+07 4.18884e+06 2.91319e+07 2.76136e+07
internal_count=120022 59046 60976 44722 31700 13285 9670 18415 5597 16254 12136 5853 27346 26098
cat_boundaries=0 1 2 3
cat_threshold=155 16 24
is_linear=0
shrinkage=0.03


Tree=3
num_leaves=15
num_cat=2
split_feature=13 14 10 14 10 12 12 9 10 12 0 13 0 9
split_gain=1.75562e+06 588487 490321 415937 385729 355072 185942 181917 179092 178731 168178 154150 159398 131180
threshold=0.98968650823172022 0.9548727549488718 1.009035500706591 0.99578800701856574 1.0076829688863238 1.0160145315503237 0.92324355344902431 67.500000000000014 1.2334770669621216 1.0185072359810103 0 1.0799839096260146 1 68.500000000000014
decision_type=2 2 2 2 2 2 2 2 2 2 1 2 1 2
left_child=1 6 9 -4 5 10 -1 -5 -8 11 -3 -2 -13 -6
right_child=2 4 3 7 13 -7 8 -9 -10 -11 -12 12 -14 -15
leaf_value=-0.0018013641236009957 -0.00018357416825376505 0.00020726702725936251 0.00022246242468669281 -0.00050343697636054808 -0.00085746558265805892 -0.0014274590883018641 -0.00061595455635392587 0.00096632786127836981 -0.0022771092580522912 -0.0010803843093460123 -0.00090107312589291205 0.0017611471090904593 0.00021660864266008771 0.00033767060776222378
leaf_weight=2131391.4113844633 9691967.5248059034 5626372.4863001108 24814286.25524354 1475120.9240995646 1104849.4151976109 3727882.642811656 26999360.002411366 25426934.88827455 2237456.2308459282 3224207.0505800247 4777341.9170415401 1189459.5336813927 2711232.4834311008 16915168.520734668
leaf_count=1788 6656 3457 19212 1107 984 3357 25095 24730 2262 4085 5293 1135 4481 16234
internal_value=0.000102622 -0.00349038 0.00343279 0.00487979 -0.000638193 -0.00434878 -0.0064138 0.00746371 -0.00579017 -0.00101713 -0.00150222 0.000489157 0.00552505 0.00227171
internal_weight=1.32053e+08 6.35198e+07 6.85332e+07 5.17163e+07 3.21516e+07 1.41316e+07 3.13682e+07 2.69021e+07 2.92368e+07 1.68169e+07 1.04037e+07 1.35927e+07 3.90069e+06 1.802e+07
internal_count=119876 58470 61406 45049 29325 12107 29145 25837 27357 16357 8750 12272 5616 17218
cat_boundaries=0 1 2
cat_threshold=27 24
is_linear=0
shrinkage=0.03


Tree=4
num_leaves=15
num_cat=0
split_feature=13 14 10 14 10 12 12 12 9 9 2 16 12 10
split_gain=1.687e+06 559672 450862 401312 371012 353506 179069 175539 153804 155972 161071 193981 153692 161578
threshold=0.98968650823172022 0.95387076633792656 1.009035500706591 0.98766668869046736 1.0076829688863238 1.0160145315503237 1.0185072359810103 0.94549931222377859 67.500000000000014 89.500000000000014 4.5000000000000009 0.065593677765146144 0.93483684010591095 1.2334770669621216
decision_type=2 2 2 2 2 2 2 2 2 2 2 2 2 2
left_child=1 12 6 -4 5 7 -2 -3 -5 -10 11 -11 -1 -14
right_child=2 4 3 8 -6 -7 -8 -9 9 10 -12 -13 13 -15
leaf_value=-0.0017036455137665217 6.5038049293340605e-05 -0.0024352097909117938 0.00018189559611055949 -0.00041987621427630472 0.00022216940102813405 -0.001365502542754044 -0.0010707629495123835 4.6478983869150081e-06 0.0012314011704091105 0.00094648688376112523 0.001744010944330936 0.00018207910830149218 -0.00060321429972743615 -0.0022087959803107236
leaf_weight=2295869.0231403112 13553855.051186323 1336826.9898325205 20964280.037151217 1669989.707473278 18182361.139553547 3840381.5605362654 3283023.7349934578 9072274.7900176048 6001075.6833546162 10357586.427087307 4159635.0686197281 8404106.7710571289 26658055.578345537 2202519.012385726
leaf_count=1997 12204 1890 16552 1248 17284 3439 4138 6929 4893 11763 6432 4006 24680 2234
internal_value=9.14997e-05 -0.00342605 0.00336191 0.00475386 -0.000667457 -0.00429202 -0.000900421 -0.00142189 0.00694491 0.00745605 0.0063288 0.00514466 -0.00629757 -0.00570328
internal_weight=1.31982e+08 6.35883e+07 6.83936e+07 5.15567e+07 3.24318e+07 1.42495e+07 1.68369e+07 1.04091e+07 3.05924e+07 2.89224e+07 2.29213e+07 1.87617e+07 3.11564e+07 2.88606e+07
internal_count=119689 58453 61236 44894 29542 12258 16342 8819 28342 27094 22201 15769 28911 26914
is_linear=0
shrinkage=0.03


Tree=5
num_leaves=15
num_cat=1
split_feature=14 10 2 0 14 2 10 9 12 16 12 10 1 9
split_gain=1.35033e+06 942006 467500 384591 285722 295098 255251 248944 227179 226217 230437 173586 172377 297675
threshold=0.98692620893929284 1.0076829688863238 1.0000000180025095e-35 0 0.92190481170433314 3.5000000000000004 1.012969803707177 67.500000000000014 1.0026707215725807 0.054986455241558319 1.0185072359810103 1.0136959709427658 17.500000000000004 89.500000000000014
decision_type=2 2 2 1 2 2 2 2 2 2 2 2 2 2
left_child=2 3 11 -2 5 -4 8 -3 -6 -5 -11 -1 13 -9
right_child=1 7 4 9 6 -7 -8 12 -10 10 -12 -13 -14 -15
leaf_value=-0.0013825607258274558 -0.0024975741403920858 -0.00054447909838531926 -0.0001420727436283544 0.00063681595640290934 1.8281673615696548e-05 -0.0012722065961936423 0.00023395139338099446 0.0012703064544834614 -0.001180083953591049 -9.4802156768795676e-05 -0.0012588286639630953 -0.00058658539925839591 0.00044911624372607676 0.00068812551621837028
leaf_weight=4608465.5326479673 1795947.8844368458 2205194.3176356554 13171986.938892841 6022865.4713118076 5246670.0450178385 9178506.5829401016 22350889.277716875 6105276.6193377972 4098261.2251764536 11455776.483600616 2634163.3008422852 10644231.196602583 9945009.8933793306 22350857.723626733
leaf_count=3496 2268 1700 11744 10437 4190 10444 17910 5112 3319 6498 1926 8063 11718 21024
internal_value=1.82371e-06 0.00319873 -0.00288213 -0.0018148 -0.00157313 -0.0041707 0.000258558 0.00590374 -0.00390499 -0.000627049 -0.0027072 -0.00752042 0.00646663 0.00765487
internal_weight=1.31814e+08 6.25151e+07 6.9299e+07 2.19088e+07 5.40463e+07 2.23505e+07 3.16958e+07 4.06063e+07 9.34493e+06 2.01128e+07 1.40899e+07 1.52527e+07 3.84011e+07 2.84561e+07
internal_count=119849 60683 59166 21129 47607 22188 25419 39554 7509 18861 8424 11559 37854 26136
cat_boundaries=0 1
cat_threshold=64
is_linear=0
shrinkage=0.03


Tree=6
num_leaves=15
num_cat=0
split_feature=13 10 14 14 12 10 10 12 2 12 10 10 13 1
split_gain=1.49222e+06 504074 476294 387236 245615 272905 228064 274035 205208 158058 154179 149207 141171 135993
threshold=0.96772116222280302 1.009035500706591 0.99377989416422208 0.95387076633792656 1.0018254659386108 0.90675470765210653 1.0076829688863238 1.0174118085830168 1.0000000180025095e-35 0.93483684010591095 1.2825983160898982 0.83817355033030538 1.0467284917725397 8.5000000000000018
decision_type=2 2 2 2 2 2 2 2 2 2 2 2 2 2
left_child=3 4 8 9 5 -2 7 11 -3 -1 13 -5 -4 -11
right_child=1 2 12 6 -6 -7 -8 -9 -10 10 -12 -13 -14 -15
leaf_value=-0.001798354623346465 -0.0010560578261343883 -0.00041862980841075469 0.00045480241062349937 -0.001458836567607254 -0.00059463726549944986 0.00063502905491375611 0.00022462809431288909 -0.0014328659325747427 0.00027567654792561675 1.4092892420860751e-05 -0.002659817084394841 0.00011250004173387933 0.0010361094181367007 -0.00074316008853179949
leaf_weight=2195779.1848543882 2862064.184630394 5715297.0280708075 12484484.796485066 2051129.1274040937 11609917.477495551 6490142.3369766474 12198454.321443558 2932266.8023036718 24247966.572021365 3958892.2685002089 1511491.4950881004 6087789.5604478121 17990776.559597611 19817852.210103512
leaf_count=1921 3342 3811 9234 2440 10473 5367 13025 2661 18771 6927 1290 4981 19660 15980
internal_value=0.000138785 0.00265598 0.0040463 -0.00389839 -0.00135263 0.00226554 -0.00105052 -0.00416805 0.00136046 -0.00630957 -0.00563919 -0.00133505 0.00668702 -0.00504857
internal_weight=1.32154e+08 8.14006e+07 6.04385e+07 5.07537e+07 2.09621e+07 9.35221e+06 2.32696e+07 1.10712e+07 2.99633e+07 2.7484e+07 2.52882e+07 8.13892e+06 3.04753e+07 2.37767e+07
internal_count=119883 70658 51476 49225 19182 8709 23107 10082 22582 26118 24197 7421 28894 22907
is_linear=0
shrinkage=0.03


Tree=7
num_leaves=15
num_cat=2
split_feature=13 14 10 10 14 12 1 12 11 1 14 0 11 0
split_gain=1.44485e+06 574276 436778 341729 271043 269602 176867 147769 146575 138999 196995 150201 346275 137358
threshold=1.0087339122109225 0.95387076633792656 1.0076829688863238 0.97391455835206509 1.0072897610428542 1.0146137389178038 17.500000000000004 0.93483684010591095 1.2504224695822432 8.5000000000000018 0.86110299051130601 0 1.0149762260337312 1
decision_type=2 2 2 2 2 2 2 2 2 2 2 1 2 1
left_child=1 7 5 -2 -5 -3 -4 -1 9 10 -9 12 -11 -6
right_child=3 2 6 4 13 -7 -8 8 -10 11 -12 -13 -14 -15
leaf_value=-0.0015672577511438889 -0.00061011212800523684 -0.00022820046553490497 0.00035842259103561645 0.00024639445777396141 0.0010459841579755248 -0.0012089218919581811 -0.00024710619114188371 0.00051266672578617384 -0.002464434227672748 -0.00022493072708931194 -0.00043915806609413048 -0.00050682672537546243 -0.001116465652569682 0.00062933016729284754
leaf_weight=2318165.4534364939 5096551.0436834097 12790138.646906734 18513578.194113016 26117868.944116592 11402457.869553328 4473800.5475479364 6579964.4518364668 1897579.3779741526 1707593.7032374144 4250610.1437530518 3097853.6523065567 14668755.537211418 5884778.0302734375 13340302.229131818
leaf_count=2013 6572 10227 15201 20777 11447 3902 6581 3845 1377 2005 4186 15115 2478 14015
internal_value=2.67067e-06 -0.00268586 -0.000358255 0.00366297 0.0044051 -0.00403106 0.00216857 -0.00560058 -0.00506273 -0.00457292 -7.31364e-06 -0.00549241 -0.00830089 0.00665516
internal_weight=1.3214e+08 7.61828e+07 4.23575e+07 5.59572e+07 5.08606e+07 1.72639e+07 2.50935e+07 3.38253e+07 3.15072e+07 2.97996e+07 4.99543e+06 2.48041e+07 1.01354e+07 2.47428e+07
internal_count=119741 66930 35911 52811 46239 14129 21782 31019 29006 27629 8031 19598 4483 25462
cat_boundaries=0 1 2
cat_threshold=24 114
is_linear=0
shrinkage=0.03


Tree=8
num_leaves=15
num_cat=4
split_feature=13 2 14 10 1 12 10 3 0 0 0 16 12 0
split_gain=1.416e+06 585256 438997 404844 316711 315520 294001 289837 238259 177462 176277 159322 157020 175876
threshold=1.0370053198599614 1.0000000180025095e-35 0.92954442452126085 1.0076829688863238 17.500000000000004 1.0174118085830168 0.97391455835206509 1.0000000180025095e-35 0 1 2 0.067651891954113669 1.0026707215725807 3
decision_type=2 2 2 2 2 2 2 2 1 1 1 2 2 1
left_child=1 -1 7 5 -5 9 -2 -3 -6 -4 -8 -7 13 -11
right_child=6 2 3 4 8 11 10 -9 -10 12 -12 -13 -14 -15
leaf_value=-0.0007567817933484645 -0.00058473000559277905 -0.00016936336654381319 0.00067951039808864747 0.00045649174913088678 -0.00058807201720709147 -0.00058251389480965183 0.00090335804711340914 -0.0012546160066626143 0.00014996796851320996 0.00044070613539468734 0.00055112540628654398 -0.0018806411292663701 -0.00091740197466585343 -0.00084411585933082773
leaf_weight=17882261.345257163 3616181.769457221 12621471.968238473 3799707.482311964 24752133.965673089 2762438.0472755432 2231242.8018256426 10056657.643948078 8769709.2359310389 5797771.4088232517 3710356.5784050226 26448548.489490867 2089925.5415344238 3717221.7979425192 3423344.1319838762
leaf_count=13142 5320 10760 3217 19495 1287 2604 7840 9611 7176 2689 28906 1308 2287 3725
internal_value=-1.73139e-05 -0.00207669 -0.000895017 0.000586217 0.00257841 -0.00291185 0.00468221 -0.00451544 -0.00239569 -0.000810726 0.00549048 -0.0100356 -0.00276456 -0.000159505
internal_weight=1.31679e+08 9.15576e+07 7.36753e+07 5.22841e+07 3.33123e+07 1.89718e+07 4.01214e+07 2.13912e+07 8.56021e+06 1.46506e+07 3.65052e+07 4.32117e+06 1.08509e+07 7.1337e+06
internal_count=119367 77301 64159 43788 27958 15830 42066 20371 8463 11918 36746 3912 8701 6414
cat_boundaries=0 1 2 3 4
cat_threshold=16 11 80 144
is_linear=0
shrinkage=0.03


Tree=9
num_leaves=15
num_cat=1
split_feature=13 14 10 14 10 12 2 9 0 12 12 11 9 11
split_gain=1.34287e+06 467506 358010 302530 280457 259628 184373 144201 147875 143011 138285 149071 122163 118493
threshold=0.99084707807912464 0.95387076633792656 1.009035500706591 1.0072897610428542 0.99583216397804264 1.0079872680763284 1.0000000180025095e-35 89.500000000000014 0 0.94549931222377859 0.93483684010591095 1.2504224695822432 67.500000000000014 0.99469405307571501
decision_type=2 2 2 2 2 2 2 2 1 2 2 2 2 2
left_child=1 10 7 6 5 9 -4 -2 -9 -3 -1 -12 -5 -8
right_child=2 4 3 12 -6 -7 13 8 -10 -11 11 -13 -14 -15
leaf_value=-0.001591562410634929 0.00058392601501111141 -0.0021956938490096246 -0.00032744420010000414 -0.00060234685611930947 0.00016109355414398407 -0.0013358073237161364 0.00091102926609750508 -0.0010506821358819624 -1.0614653732161776e-05 7.2115021164741397e-05 -0.00053930528259973128 -0.0024909224337222179 0.00092856968268395534 0.00026569677779149489
leaf_weight=2321202.7287957668 2468604.8527448177 1307181.7405536175 5027956.7517373562 1165462.2651330233 21458852.317638397 3908353.6691161394 2120038.4947974682 4040587.9285539389 10116494.906213284 6359755.1359738111 27448705.146439552 1695329.6834700108 20289198.807348967 22351955.73817122
leaf_count=1982 1764 1842 3326 925 19770 3354 1489 4353 10115 4962 25759 1379 21248 17472
internal_value=-2.98919e-05 -0.00312626 0.00292532 0.00417258 -0.000633554 -0.00439721 0.00220122 -0.000897298 -0.00206399 -0.00118934 -0.00574326 -0.00518198 0.00688316 0.00327626
internal_weight=1.3208e+08 6.44994e+07 6.75803e+07 5.09546e+07 3.30341e+07 1.15753e+07 2.95e+07 1.66257e+07 1.41571e+07 7.66694e+06 3.14652e+07 2.9144e+07 2.14547e+07 2.4472e+07
internal_count=119740 59048 60692 44460 29928 10158 22287 16232 14468 6804 29120 27138 22173 18961
cat_boundaries=0 1
cat_threshold=324
is_linear=0
shrinkage=0.03


Tree=10
num_leaves=15
num_cat=0
split_feature=13 14 10 13 10 12 2 10 1 2 3 1 9 9
split_gain=1.35521e+06 425852 336694 310920 278700 241496 206007 205875 155837 140118 205617 134921 162482 270906
threshold=0.98968650823172022 0.95387076633792656 0.96771506909300131 1.0620732041146874 1.0076829688863238 1.0022632125571322 1.0000000180025095e-35 0.78049706914582051 18.500000000000004 1.0000000180025095e-35 1.0000000180025095e-35 17.500000000000004 89.500000000000014 74.500000000000014
decision_type=2 2 2 2 2 2 2 2 2 2 2 2 2 2
left_child=1 9 8 6 5 7 -4 -3 -2 -1 -11 12 13 -8
right_child=2 4 3 -5 -6 -7 11 -9 -10 10 -12 -13 -14 -15
leaf_value=-0.0011311320326437902 -0.0011032703774889467 -0.0015991967528514244 -0.00035693785511917565 0.0008228324576014974 0.00017656287056590423 -0.00092447519732997659 0.00013461024045361683 0.00033922852318852247 0.0011977150678663014 -0.00027076095590926829 -0.0011133237084682427 -0.00010989606489579106 0.0002392623608570885 0.001407940964162498
leaf_weight=7515522.6366413832 3995461.8444564342 1727941.6519823074 5709080.0617864132 27018815.840915203 18213596.376070738 6839331.1155290604 2591970.8893425465 5748905.5076957941 1067457.7458939552 13837514.354263544 9780265.8689210415 6703198.0668780804 18480997.771493554 2704668.0227688551
leaf_count=6335 4519 2096 3374 30335 17420 5511 1588 4717 1802 11757 10844 5757 12087 1690
internal_value=-1.50251e-05 -0.00316366 0.00292106 0.00351732 -0.000763285 -0.00389537 0.00169931 -0.000168792 -0.00452294 -0.0056717 -0.00453639 0.00267888 0.00373863 0.00837099
internal_weight=1.31935e+08 6.36631e+07 6.82717e+07 6.32087e+07 3.25298e+07 1.43162e+07 3.61899e+07 7.47685e+06 5.06292e+06 3.11333e+07 2.36178e+07 3.04808e+07 2.37776e+07 5.29664e+06
internal_count=119832 58680 61152 54831 29744 12324 24496 6813 6321 28936 22601 21122 15365 3278
is_linear=0
shrinkage=0.03


Tree=11
num_leaves=15
num_cat=1
split_feature=13 2 10 1 10 10 12 0 16 1 9 9 2 12
split_gain=1.2456e+06 569986 356547 364281 242421 213049 224071 189588 183272 157659 232682 348542 157467 157352
threshold=1.0440322719232584 1.0000000180025095e-35 0.8852919625665473 18.500000000000004 0.97391455835206509 1.2306657227023974 1.0664942906908104 0 0.063010046016815091 15.500000000000002 89.500000000000014 74.500000000000014 3.5000000000000004 0.98244423354187715
decision_type=2 2 2 2 2 2 2 1 2 2 2 2 2 2
left_child=1 -1 3 8 -2 6 9 -6 -3 10 11 12 -4 -11
right_child=4 2 5 -5 7 -7 -8 -9 -10 13 -12 -13 -14 -15
leaf_value=-0.00068541708605269515 -0.00048791238230745491 -0.00035137752143310638 0.00036719921215987259 0.001208280886079883 0.00093260715953543999 -0.0013031346770952658 0.00058850668881777043 0.00056736058382804986 -0.0013705834952155611 0.00050321067830552191 -1.5466044073061546e-05 0.0014095287633250297 -0.0010026232104656445 -0.00032143114941832413
leaf_weight=18361633.341103196 3330677.6827791929 2809379.1236934662 1906534.1902316809 1324269.8759150505 9024663.2742141485 2502100.1683311462 8539182.4755073786 24661966.518869042 5367723.591003418 2125029.7838058472 28163493.146392822 3045843.4921905994 1293548.593200922 19817164.95628655
leaf_count=13453 5102 3345 1506 1875 7264 2956 8701 27496 3291 1364 23322 2822 1368 16040
internal_value=1.92354e-05 -0.00179557 -0.000661563 -0.00610216 0.00468924 0.000105478 0.000436697 0.00545262 -0.00846609 -0.000249546 0.00101761 0.00625613 -0.00065778 -0.00223667
internal_weight=1.32273e+08 9.52559e+07 7.68943e+07 9.50137e+06 3.70173e+07 6.73929e+07 6.48908e+07 3.36866e+07 8.1771e+06 5.63516e+07 3.44094e+07 6.24593e+06 3.20008e+06 2.19422e+07
internal_count=119905 80043 66590 8511 39862 58079 55123 34760 6636 46422 29018 5696 2874 17404
cat_boundaries=0 1
cat_threshold=80
is_linear=0
shrinkage=0.03


Tree=12
num_leaves=15
num_cat=2
split_feature=13 2 10 1 10 10 9 0 2 12 12 0 9 1
split_gain=1.13394e+06 600813 326542 295768 187695 186745 194589 170493 168098 161033 210238 200455 179343 385518
threshold=1.0467284917725397 1.0000000180025095e-35 0.86478281687913083 18.500000000000004 0.97391455835206509 1.2516632137042227 68.500000000000014 0 3.5000000000000004 1.0664942906908104 1.0333425717838167 1 89.500000000000014 17.500000000000004
decision_type=2 2 2 2 2 2 2 1 2 2 2 1 2 2
left_child=1 -1 3 -3 -2 6 8 -6 -4 10 11 -8 13 -13
right_child=4 2 5 -5 7 -7 9 -9 -10 -11 -12 12 -14 -15
leaf_value=-0.00070850374241013497 -0.00036981943955529702 -0.0010780888434922789 -0.00018527717883283645 0.00085521619829204251 0.0009194718589429949 -0.0013654682371324512 0.00066915576043250966 0.00054481655084416471 -0.0019801596521828199 0.00054807680832861031 -0.0004612784451728236 0.0010239862376669273 -8.6443203971570535e-05 -0.00061251029640056721
leaf_weight=18529427.760158062 3269173.1770149469 7066878.6592597961 1736930.7505327463 1194691.8419537544 8622675.6436879635 1958289.9544568062 9565269.2368062735 23742968.962547541 1260769.8556165695 8919879.1220748425 9071218.2310014963 3428461.5074548721 31973113.115673065 1563546.8700454235
leaf_count=13568 5070 5909 1332 1720 7049 2038 10078 26842 1400 9317 8767 2427 23026 1239
internal_value=-4.32902e-05 -0.00173562 -0.000578545 -0.00621702 0.00452858 9.19262e-05 0.000356806 0.00522055 -0.00711499 0.000703949 0.000103658 0.00091817 -8.34758e-05 0.0052049
internal_weight=1.31903e+08 9.62685e+07 7.7739e+07 8.26157e+06 3.56348e+07 6.94775e+07 6.75192e+07 3.23656e+07 2.9977e+06 6.45215e+07 5.56016e+07 4.65304e+07 3.69651e+07 4.99201e+06
internal_count=119782 80821 67253 7629 38961 59624 57586 33891 2732 54854 45537 36770 26692 3666
cat_boundaries=0 1 2
cat_threshold=80 67
is_linear=0
shrinkage=0.03


Tree=13
num_leaves=15
num_cat=2
split_feature=13 2 16 10 10 0 10 10 9 16 9 13 0 11
split_gain=1.16239e+06 441142 282316 327431 241426 155919 142292 187043 120404 161195 119056 117497 106014 150076
threshold=1.0370053198599614 1.0000000180025095e-35 0.071936236158022554 0.8852919625665473 0.98405300349683922 0 1.2306657227023974 1.1494611397626895 83.500000000000014 0.056042834494157735 67.500000000000014 0.81260868653833807 1 1.0141369090599361
decision_type=2 2 2 2 2 1 2 2 2 2 2 2 1 2
left_child=1 11 6 -4 -2 -6 7 -3 10 -10 -7 -1 13 -5
right_child=4 2 3 12 5 8 -8 -9 9 -11 -12 -13 -14 -15
leaf_value=-0.0017644984104870246 -0.00034827664741490127 4.4753262006733878e-05 -0.001402805297923826 -0.001101919355004299 0.00080059977450922285 1.1918308860980616e-05 -0.0012843343655656975 0.0009685274055879551 0.0011069433161341301 0.0001470928010830419 0.0013325589154417126 -0.00055144474730513759 -0.00027373718112547684 0.00045530321923364166
leaf_weight=1787047.1491793394 4982701.4688106775 40572167.666124225 3677838.942199707 1905672.6510620117 10148203.125781298 1097504.4395706654 1559906.4139602184 3183265.2674945593 6752838.7460128069 14391451.743811131 2911249.0220117569 15993767.210404038 17665366.729278564 5312332.3034991026
leaf_count=2419 6771 42320 2171 1396 7889 1086 2265 4354 13317 9938 3191 10670 7452 4480
internal_value=-3.06511e-05 -0.00189741 -0.000876356 -0.00321234 0.00421676 0.0050893 0.00059596 0.000913371 0.00382288 0.00291911 0.00858981 -0.00613974 -0.00197743 0.00108594
internal_weight=1.31941e+08 9.16574e+07 7.38765e+07 2.85612e+07 4.02839e+07 3.53012e+07 4.53153e+07 4.37554e+07 2.5153e+07 2.11443e+07 4.00875e+06 1.77808e+07 2.48834e+07 7.218e+06
internal_count=119719 77527 64438 15499 42192 35421 48939 46674 27532 23255 4277 13089 13328 5876
cat_boundaries=0 1 2
cat_threshold=80 353
is_linear=0
shrinkage=0.03


Tree=14
num_leaves=15
num_cat=3
split_feature=13 14 10 10 14 0 0 2 2 1 0 14 1 14
split_gain=1.07947e+06 425028 368894 278554 259370 246805 199462 180457 139851 139832 143855 163016 126056 119079
threshold=1.0087339122109225 0.94768511884211415 1.009035500706591 0.97391455835206509 1.0072897610428542 0 1 1.5000000000000002 4.5000000000000009 8.5000000000000018 2 0.86110299051130601 15.500000000000002 1.1670809266972648
decision_type=2 2 2 2 2 1 1 2 2 2 1 2 2 2
left_child=1 9 5 -2 -5 -3 -4 -8 13 10 -1 -12 -9 -6
right_child=3 2 6 4 8 -7 7 12 -10 -11 11 -13 -14 -15
leaf_value=-0.0012378879933431324 -0.00063498619958521547 -0.0025530165493444935 0.00086914514298500273 0.00019019709697142015 0.0006043531334071978 -0.00033184655801343451 -0.00040579680834858169 0.00054459355073439386 0.0016886712747691919 -0.00073652312367315537 0.00059077801560599016 -0.00033175972041620021 -7.1740069558535121e-05 -0.002100798780999637
leaf_weight=1011781.3141891956 5057478.1680884361 1424835.1411101818 5961373.2371886969 26318920.686743975 19417408.38001132 17167009.249477386 6526906.4693779945 7838379.3416304588 4291488.6911145449 26596886.372040749 1970507.1350671053 2254631.9064525366 5663067.7481813431 1177204.1416501999
leaf_count=1935 6542 1498 7974 20927 14789 13589 3931 6478 7100 20800 3532 2974 4291 3596
internal_value=-4.03316e-06 -0.00232594 -0.000435314 0.00314957 0.00381297 -0.00366183 0.00187279 0.000438945 0.00600871 -0.00497367 -0.000492847 0.00194031 0.00241887 0.00498211
internal_weight=1.32678e+08 7.64154e+07 4.45816e+07 5.62625e+07 5.1205e+07 1.85918e+07 2.59897e+07 2.00284e+07 2.48861e+07 3.18338e+07 5.23692e+06 4.22514e+06 1.35014e+07 2.05946e+07
internal_count=119956 67002 37761 52954 46412 15087 22674 14700 25485 29241 8441 6506 10769 18385
cat_boundaries=0 1 2 3
cat_threshold=64 352 34
is_linear=0
shrinkage=0.03


Tree=15
num_leaves=15
num_cat=4
split_feature=13 14 10 12 10 0 2 14 0 16 12 0 0 16
split_gain=995853 465602 415076 382701 244634 233894 263820 209253 171558 151843 148378 210104 167243 138795
threshold=1.0396614959711659 0.92190481170433314 0.99583216397804264 1.0079872680763284 0.81586805158820941 0 2.5000000000000004 1.4099493185269965 1 0.066932727782279877 0.9927388970595955 2 3 0.049070504732675803
decision_type=2 2 2 2 2 1 2 2 1 2 2 1 1 2
left_child=1 8 3 4 -3 -4 -7 -2 -1 -5 12 -12 -6 -9
right_child=7 2 5 9 10 6 -8 13 -10 -11 11 -13 -14 -15
leaf_value=-0.0010375581504669332 0.0005572560805689686 -0.0012615183359579003 0.00051574415466819291 -0.00070649145739412448 0.00089016361103552721 -0.00030998952487265087 0.00023800066398482937 0.0031855308821029079 -0.00034742752443081885 -0.0016810776578738617 0.00082725360112978117 -0.00054349909758211125 -3.5130589132391299e-06 -0.0063761473270349759
leaf_weight=10747707.840907931 37948047.797412038 3317885.6447815895 19035928.461889625 3098687.0130888224 1465663.7632145882 15146567.776560545 14683304.679550648 301207.40584671497 14702873.926442862 3103401.691619873 1688540.5609350204 4659328.0475715399 2059516.8220242262 777123.58552908897
leaf_count=8533 37408 3667 21357 3360 1023 7473 9856 2834 15505 1781 1420 3002 1793 1080
internal_value=1.40823e-05 -0.00166284 -0.000371599 -0.00408511 -0.00119537 0.00110216 -0.000555862 0.00404067 -0.00512596 -0.0102312 0.00117299 -0.00156768 0.00610817 -0.0089909
internal_weight=1.32736e+08 9.37094e+07 6.82588e+07 1.9393e+07 1.31909e+07 4.88658e+07 2.98299e+07 3.90264e+07 2.54506e+07 6.20209e+06 9.87305e+06 6.34787e+06 3.52518e+06 1.07833e+06
internal_count=120092 78770 54732 16046 10905 38686 17329 41322 24038 5141 7238 4422 2816 3914
cat_boundaries=0 1 2 3 4
cat_threshold=355 266 43 145
is_linear=0
shrinkage=0.03


Tree=16
num_leaves=15
num_cat=0
split_feature=13 14 11 12 12 1 9 14 3 9 12 11 1 16
split_gain=951070 451759 275272 646844 274134 252148 231025 205292 192389 182731 179570 147034 151023 132933
threshold=1.0440322719232584 0.92190481170433314 1.0141369090599361 1.0051336041564809 0.94549931222377859 17.500000000000004 85.500000000000014 1.4099493185269965 1.0000000180025095e-35 89.500000000000014 0.99470952913458499 1.0256949624400986 8.5000000000000018 0.057238211703991994
decision_type=2 2 2 2 2 2 2 2 2 2 2 2 2 2
left_child=1 8 3 4 -3 10 -7 -2 -1 -5 -4 12 -12 -9
right_child=7 2 5 9 -6 6 -8 13 -10 -11 11 -13 -14 -15
leaf_value=-0.00052546397602125513 0.00056633498986695017 -0.0015399053142555585 -0.00094963883766880362 1.9739117924423876e-05 0.00017597416805667634 -0.0010563176049846895 -7.479191071124132e-05 0.0016265878784971061 -0.0012280151549060175 -0.001519183560541901 -3.6009855254764653e-05 0.00021108060044504741 0.00085798357509790028 -0.0067573005083448627
leaf_weight=17457512.255629778 35955904.430119753 2191370.9349927902 1365818.036129117 1630111.5752280951 18081660.827677846 2013137.6926696301 8038286.5844659805 430364.5655901432 8169481.1212685108 7897708.9342103004 1598894.1132832766 22308587.015492082 4980079.2590827942 634700.55611991882
leaf_count=15175 36033 2899 976 1271 12927 1879 8021 3014 8997 5806 1601 18113 2587 874
internal_value=3.15475e-05 -0.00154751 -0.000301514 -0.00248771 0.000542296 0.00131493 -0.00280172 0.00411484 -0.00495608 -0.00893488 0.00268266 0.00318522 0.00712645 -0.00886534
internal_weight=1.32754e+08 9.57326e+07 7.01057e+07 2.98009e+07 2.0273e+07 4.03048e+07 1.00514e+07 3.7021e+07 2.5627e+07 9.52782e+06 3.02534e+07 2.88876e+07 6.57897e+06 1.06507e+06
internal_count=120173 80252 56080 22903 15826 33177 9900 39921 24172 7077 23277 22301 4188 3888
is_linear=0
shrinkage=0.03


Tree=17
num_leaves=15
num_cat=2
split_feature=14 10 13 0 13 16 3 12 12 11 9 10 0 11
split_gain=894198 527950 358488 291423 201928 181307 184205 180799 148403 147269 129802 124872 170678 143703
threshold=0.98692620893929284 0.98405300349683922 0.9747743188743293 0 1.0761744053992637 0.056480149761504818 1.5000000000000002 0.92324355344902431 1.0079872680763284 1.2504224695822432 68.500000000000014 1.021163124821922 1 1.0086132715351341
decision_type=2 2 2 1 2 2 2 2 2 2 2 2 1 2
left_child=2 3 7 -2 10 -5 8 -1 -7 -9 -3 -4 -13 -14
right_child=1 4 11 5 -6 6 -8 9 -10 -11 -12 12 13 -15
leaf_value=-0.0015606761642379707 -0.0023805922543721071 -0.00056715812550984601 -0.0004572070787886631 0.00067559542094542714 0.00092166111880633342 0.00032940358909179892 -0.0033975002020377974 -0.00037397857094854817 -0.00066270810778820243 -0.0021560064383705853 0.00035633575125678096 -0.00032083865976194489 0.00092212812243162867 0.00019786479997600613
leaf_weight=2453818.9730546474 1683955.6529417038 1874759.3275662661 6691483.7074809074 3737947.7969361544 16101776.678177118 3520347.9324951172 1659167.5199127197 36205716.723002791 2034366.0880432129 1633889.2569628954 31978673.412390471 5787057.7997909784 1645320.9269869328 15214940.157307506
leaf_count=2096 2133 1333 5998 6750 19618 1796 1723 32325 1130 1372 26149 3751 1171 12599
internal_value=8.0472e-06 0.0026102 -0.00233098 -0.00286816 0.00399591 -0.00108165 -0.00386019 -0.00416776 -0.00124019 -0.00365602 0.00268049 0.000191629 0.00125549 0.00278129
internal_weight=1.32223e+08 6.2591e+07 6.96322e+07 1.26358e+07 4.99552e+07 1.09518e+07 7.21388e+06 4.02934e+07 5.55471e+06 3.78396e+07 3.38534e+07 2.93388e+07 2.26473e+07 1.68603e+07
internal_count=119944 60632 59312 13532 47100 11399 4649 35793 2926 33697 27482 23519 17521 13770
cat_boundaries=0 1 2
cat_threshold=64 264
is_linear=0
shrinkage=0.03


Tree=18
num_leaves=15
num_cat=2
split_feature=14 10 2 13 9 0 1 16 9 16 10 13 12 0
split_gain=867504 545366 359181 271852 248074 247368 234853 167736 165836 183190 154496 147675 146644 136913
threshold=0.98692620893929284 0.97391455835206509 1.0000000180025095e-35 0.9747743188743293 68.500000000000014 0 14.500000000000002 0.05445495842145575 89.500000000000014 0.053380709878578576 1.0136959709427658 1.060545024207443 0.92324355344902431 1
decision_type=2 2 2 2 2 1 2 2 2 2 2 2 2 1
left_child=2 5 10 12 -3 -2 8 -7 -6 -10 -1 -8 -4 -11
right_child=1 4 3 -5 6 7 11 -9 9 13 -12 -13 -14 -15
leaf_value=-0.0011689386985779681 -0.0022835175777431395 -0.0005522756583876677 -0.0013576899489105474 0.00014291219006303053 0.0010265465251233894 0.00071037281684951806 1.5857779210783914e-05 -0.00051793111049897045 0.0012636827219727083 0.0018357889483328032 -0.00045642367998664329 0.00069187680625349974 -0.00029894411189116088 0.0002301207626828036
leaf_weight=4678455.7439396381 1708680.4556207657 3032689.6714771986 1979984.6852995157 23655893.778318286 5253856.8372975588 2480350.142996192 14568117.002918005 5848442.5830535889 5170410.3785351515 1763764.4181518555 10666444.003012538 8941305.2913053036 28605444.242270112 14152537.713119149
leaf_count=3557 2165 2422 1705 19475 4522 5204 11329 3892 12076 1939 8002 9383 26496 7849
internal_value=-2.22775e-05 0.00253046 -0.00233047 -0.00118408 0.00374727 -0.00388038 0.00425407 -0.00174723 0.00619941 0.00501123 -0.00638275 0.00207447 -0.0030519 0.00341752
internal_weight=1.32506e+08 6.29202e+07 6.95862e+07 5.42413e+07 5.28827e+07 1.00375e+07 4.985e+07 8.32879e+06 2.63406e+07 2.10867e+07 1.53449e+07 2.35094e+07 3.05854e+07 1.59163e+07
internal_count=120016 60781 59235 47676 49520 11261 47098 9096 26386 21864 11559 20712 28201 9788
cat_boundaries=0 1 2
cat_threshold=64 96
is_linear=0
shrinkage=0.03


Tree=19
num_leaves=15
num_cat=2
split_feature=13 2 16 10 0 4 10 10 12 0 9 9 1 1
split_gain=802955 406479 253543 309801 156174 158514 126195 122855 233140 120983 127787 176534 130175 116089
threshold=1.0467284917725397 1.0000000180025095e-35 0.071936236158022554 0.8852919625665473 0 1.0000000180025095e-35 0.83817355033030538 1.2306657227023974 1.080090879916801 1 75.500000000000014 89.500000000000014 14.500000000000002 15.500000000000002
decision_type=2 2 2 2 1 2 2 2 2 1 2 2 2 2
left_child=1 6 7 -4 -2 -6 -1 8 9 -3 13 12 -12 -11
right_child=4 2 3 -5 5 -7 -8 -9 -10 10 11 -13 -14 -15
leaf_value=-0.0015992740061041893 0.00073660952610235563 -0.00019770503534433437 -0.0013139588490363536 -0.00014644154522575945 0.0004312763114332348 -0.0029268845850276169 -0.00048191780333203273 -0.0011210889540223111 0.00094628105692027057 1.2398883778498454e-05 0.0013996515922511464 0.00023611005757581701 0.00015733151513646181 -0.0011793938129347589
leaf_weight=1476563.1962649822 9537349.817861557 17773325.982494116 3656515.2381591797 26129297.578826904 24727497.389905453 1243183.9504426718 17143806.710850596 1686801.0320309401 4110852.6263465881 1592867.1545062065 1278786.6805924177 19790889.095589876 941487.34231853485 867723.95354127884
leaf_count=1168 8413 16203 2165 14079 28416 2128 12398 2402 4839 1744 1490 22274 1158 1158
internal_value=1.98619e-05 -0.00140006 -0.000447451 -0.00262209 0.00387674 0.00267105 -0.00538175 0.000900793 0.00119018 0.000526507 0.0018947 0.00261952 0.0106408 -0.00458916
internal_weight=1.31957e+08 9.64489e+07 7.78285e+07 2.97858e+07 3.5508e+07 2.59707e+07 1.86204e+07 4.80427e+07 4.63559e+07 4.22451e+07 2.44718e+07 2.20112e+07 2.22027e+06 2.46059e+06
internal_count=120035 81078 67512 16244 38957 30544 13566 51268 48866 44027 27824 24922 2648 2902
cat_boundaries=0 1 2
cat_threshold=80 268
is_linear=0
shrinkage=0.03


Tree=20
num_leaves=15
num_cat=0
split_feature=13 14 10 10 12 14 16 9 12 9 12 1 14 16
split_gain=735055 274536 255296 220066 206538 182506 160612 231469 144256 124773 123424 121075 143280 120488
threshold=0.98968650823172022 0.95099830209223524 1.0136959709427658 1.0076829688863238 1.0051336041564809 1.0072897610428542 0.053537133397368319 89.500000000000014 0.94549931222377859 74.500000000000014 1.0185072359810103 8.5000000000000018 0.87711363213539906 0.067416919633109459
decision_type=2 2 2 2 2 2 2 2 2 2 2 2 2 2
left_child=1 11 6 4 8 -4 -2 -8 -3 -5 -9 12 -1 -6
right_child=2 3 5 9 13 -7 7 10 -10 -11 -12 -13 -14 -15
leaf_value=0.00037093673117691842 0.00070775036891827943 -0.001684227129856667 0.00018174174081530501 -0.00053245686537661027 -0.00048363395237781493 0.00068809344681516329 0.00060067108889072214 -0.00032209189602010245 0.00016200995116193634 0.00028754223516865322 -0.0013653973360153858 -0.00066362687160892268 -0.00063656899647550433 -0.0012642250295605807
leaf_weight=2672539.6198589802 4591148.1607372761 1402621.4029970169 29058904.201227307 1895158.7061649561 2917802.791126132 20470537.514578223 2571032.9668550491 9674130.2118377686 7571233.7202956676 16949522.706799507 2234455.1294250488 25082830.918795824 2367654.8525340557 2705954.5828857422
leaf_count=4917 9497 1924 21849 1742 3203 21305 1341 5565 5881 16076 1790 19793 3362 1506
internal_value=2.91963e-05 -0.00229501 0.00218282 -0.000423844 -0.0031889 0.00331844 -0.000766547 -0.00231682 -0.000363989 0.00171804 -0.00407926 -0.00437236 -0.000129456 -0.00769662
internal_weight=1.32166e+08 6.35653e+07 6.86002e+07 3.34423e+07 1.45976e+07 4.95294e+07 1.90708e+07 1.44796e+07 8.97386e+06 1.88447e+07 1.19086e+07 3.0123e+07 5.04019e+06 5.62376e+06
internal_count=119751 58404 61347 30332 12514 43154 18193 8696 7805 17818 7355 28072 8279 4709
is_linear=0
shrinkage=0.03


Tree=21
num_leaves=15
num_cat=4
split_feature=13 10 14 14 0 10 0 11 1 0 14 0 11 11
split_gain=804157 308947 257201 247694 188256 174915 160995 162745 146567 139572 167145 131595 163029 117017
threshold=0.9627282913262255 1.009035500706591 1.0072897610428542 0.93855770115734927 0 1.0076829688863238 1 0.99272723637215787 8.5000000000000018 2 0.85736862556620708 3 0.96883901988821342 0.97444208477667915
decision_type=2 2 2 2 1 2 1 2 2 1 2 1 2 2
left_child=3 4 6 8 -2 11 -3 -8 9 -1 -11 12 -5 -6
right_child=1 2 -4 5 13 -7 7 -9 -10 10 -12 -13 -14 -15
leaf_value=-0.0013552688646735729 -0.00073540588892055756 0.00085530976511607895 0.00067020151865096651 -0.0024552230114910406 -0.00048986473371394562 0.00015383514045102606 0.00057753946139207414 5.1835180493302363e-06 -0.00082093730088825365 0.00058441476682316313 -0.00043555852974064133 -0.00023158493656122154 -0.00027777561611980981 0.00026404290150707117
leaf_weight=807674.66066396236 6793720.8771328926 3717054.3947330713 23700499.067749739 1479239.3689236641 4281146.7203295231 13290568.225006342 3129892.6249005795 31686951.460634708 19303812.351197958 1687875.1264510155 1260891.3980302811 9263533.0604947805 1218196.9437090158 10585917.29671669
leaf_count=1636 6198 3940 24408 1496 4604 14144 2033 22365 15459 3201 2061 8535 942 8940
internal_value=-2.94796e-05 0.00174603 0.00282006 -0.00311271 -0.00133981 -0.00105994 0.00130754 0.000673948 -0.00536055 6.12232e-05 0.00308766 -0.0036919 -0.00952327 0.000550792
internal_weight=1.32207e+08 8.38952e+07 6.22344e+07 4.83118e+07 2.16608e+07 2.52515e+07 3.85339e+07 3.48168e+07 2.30603e+07 3.75644e+06 2.94877e+06 1.1961e+07 2.69744e+06 1.48671e+07
internal_count=119962 72488 52746 47474 19742 25117 28338 24398 22357 6898 5262 10973 2438 13544
cat_boundaries=0 1 2 3 4
cat_threshold=324 64 34 66
is_linear=0
shrinkage=0.03


Tree=22
num_leaves=15
num_cat=3
split_feature=14 2 13 12 0 16 0 9 9 12 12 0 3 14
split_gain=684785 296564 220904 206040 204987 179133 181084 236534 163936 134028 152391 177422 133721 168279
threshold=0.99377989416422208 1.0000000180025095e-35 0.9779919348997882 1.0671690946621852 0 0.056042834494157735 1 89.500000000000014 70.500000000000014 1.0185072359810103 0.99523338337776046 2 1.5000000000000002 0.83304713396108399
decision_type=2 2 2 2 1 2 1 2 2 2 2 1 2 2
left_child=1 -1 12 5 -5 -2 -7 8 -8 10 -9 -12 -3 -14
right_child=3 2 -4 4 -6 6 7 9 -10 -11 11 -13 13 -15
leaf_value=-0.00058024600476999351 0.00059044014293986114 -0.00018478326122071224 0.00012949312092554779 0.0019460021713123953 0.00023311841048492487 -0.00036686723261818502 1.8362728928772436e-05 -0.00048608855612938823 0.0010005376067042508 -0.00044329003898148042 0.0014913722085472324 0.00013483673567028451 -0.003659478916424372 -0.00065770740681642267
leaf_weight=16431044.92299962 15989541.811257601 26414546.046062589 26493920.383769274 3207166.2325527668 3298635.5044769049 7853908.4239501953 2086322.0469961166 4064975.5212097168 4039320.4123973846 6201191.0399534702 1917681.3134155273 7207920.9498960972 1315647.5857950449 5803461.9576840401
leaf_count=12210 27616 20655 21392 4385 3731 4465 1137 2975 2437 4004 915 4216 2209 7606
internal_value=-4.88413e-05 -0.0018936 -0.000916085 0.00247588 0.00749424 0.00181446 0.000563483 0.00178951 0.00692856 0.00016614 0.00187622 0.00402835 -0.00253372 -0.00618285
internal_weight=1.32325e+08 7.64586e+07 6.00276e+07 5.58667e+07 6.5058e+06 4.93609e+07 3.33713e+07 2.55174e+07 6.12564e+06 1.93918e+07 1.31906e+07 9.1256e+06 3.35337e+07 7.11911e+06
internal_count=119953 64072 51862 55881 8116 47765 20149 15684 3574 12110 8106 5131 30470 9815
cat_boundaries=0 1 2 3
cat_threshold=356 68 10
is_linear=0
shrinkage=0.03


Tree=23
num_leaves=15
num_cat=2
split_feature=14 10 13 16 12 9 12 1 10 0 13 12 0 16
split_gain=697706 451087 279973 264785 207516 173735 170145 155553 140689 134159 113300 108500 138760 106435
threshold=0.98692620893929284 0.99583216397804264 0.9779919348997882 0.055837334735462339 1.0079872680763284 67.500000000000014 0.93483684010591095 13.500000000000002 1.2883310473777285 0 1.0590122805052842 0.98244423354187715 1 0.064366902212945387
decision_type=2 2 2 2 2 2 2 2 2 1 2 2 1 2
left_child=2 3 6 -2 9 -3 -1 -7 11 -5 -9 13 -13 -8
right_child=1 5 -4 4 -6 7 8 10 -10 -11 -12 12 -14 -15
leaf_value=-0.001335827537509081 0.00055080874624810353 -0.00054594425894908258 2.2115882742009207e-05 0.00060265539996155997 -0.0011866233818443647 0.00062369486233518508 0.00070113906660047485 0.00010359858439362315 -0.0022135648318707475 -0.00049215597246950583 0.00071361539069391691 -0.00010862687812012831 -0.00051160408437012105 -0.0002984384372804795
leaf_weight=2639750.3956534863 5290329.6576381922 2416548.6152794361 28362196.685054064 2851083.8428344727 4071976.8020019531 20260487.398216009 2524112.2786897421 13736655.449862957 1515586.4444878101 4503906.3579711914 9310426.3110582829 12329891.611894846 18762499.947941065 3521642.3880004883
leaf_count=2298 9635 1860 22878 2337 2779 21623 2633 10741 1298 2115 9503 15574 12897 1745
internal_value=-3.61841e-06 0.00229916 -0.0020679 -0.00191785 -0.00448683 0.00384095 -0.00364417 0.00427778 -0.00314093 -0.00147872 0.00259202 -0.0027753 -0.00349033 0.000901989
internal_weight=1.32097e+08 6.24414e+07 6.96557e+07 1.67173e+07 1.1427e+07 4.57241e+07 4.12935e+07 4.33076e+07 3.86537e+07 7.35499e+06 2.30471e+07 3.71381e+07 3.10924e+07 6.04575e+06
internal_count=119916 60593 59323 16866 7231 43727 36445 41867 34147 4452 20244 32849 28471 4378
cat_boundaries=0 1 2
cat_threshold=171 355
is_linear=0
shrinkage=0.03


Tree=24
num_leaves=15
num_cat=2
split_feature=14 10 0 2 3 9 14 3 16 1 9 16 0 10
split_gain=624259 396107 273708 247183 234547 221597 218483 202294 165233 150280 145339 188269 160890 126108
threshold=0.9804854084216662 0.99583216397804264 0 1.0000000180025095e-35 1.0000000180025095e-35 67.500000000000014 0.91710045033201182 1.5000000000000002 0.072586835375158976 15.500000000000002 89.500000000000014 0.053380709878578576 1 1.0136959709427658
decision_type=2 2 1 2 2 2 2 2 2 2 2 2 1 2
left_child=3 2 8 13 -5 -3 -6 -4 -2 10 -7 -12 -13 -1
right_child=1 5 7 4 6 9 -8 -9 -10 -11 11 12 -14 -15
leaf_value=-0.0010716928920662179 -0.00066529439586143779 -0.00063358365404587124 0.00029039878248647739 6.6617074523246179e-05 -0.00099159461853825181 0.00086724737617499678 -9.0222356929066101e-05 -0.001524687834894913 -0.002054439756010109 0.00020978063830580715 0.0010976596031555604 0.0015112169469745228 0.00017315211542299447 -0.00037867025392865952
leaf_weight=4252584.1516298056 3373003.6905837059 2640865.8940627575 10119872.293556213 29092828.002040148 8934691.4181799889 5714485.4700734615 11571514.955768108 2918330.7302441597 1787593.2503662109 19424715.316825628 4947657.1549925804 2155854.6312255859 15813134.238027096 9897428.420275569
leaf_count=3298 3545 2050 8438 22479 10063 5007 11665 4880 929 17786 11388 2346 8631 7575
internal_value=4.01294e-05 0.00201983 -0.00177681 -0.0020994 -0.00110161 0.00338273 -0.00355887 0.000537834 -0.00762474 0.00384769 0.00522953 0.00416218 0.00273534 -0.00559685
internal_weight=1.32645e+08 6.88955e+07 1.81988e+07 6.3749e+07 4.9599e+07 5.06967e+07 2.05062e+07 1.30382e+07 5.1606e+06 4.80558e+07 2.86311e+07 2.29166e+07 1.7969e+07 1.415e+07
internal_count=120080 65000 17792 55080 44207 47208 21728 13318 4474 45158 27372 22365 10977 10873
cat_boundaries=0 1 2
cat_threshold=68 96
is_linear=0
shrinkage=0.03


Tree=25
num_leaves=15
num_cat=3
split_feature=2 10 16 11 9 9 1 16 0 2 0 9 0 10
split_gain=567866 360177 239737 203451 208234 273122 690046 283642 239697 234485 191926 187109 175050 305149
threshold=1.0000000180025095e-35 0.85635765199566871 0.064600996353887399 1.2504224695822432 68.500000000000014 89.500000000000014 17.500000000000004 0.053380709878578576 0 3.5000000000000004 1 74.500000000000014 2 1.0804981498706023
decision_type=2 2 2 2 2 2 2 2 1 2 1 2 1 2
left_child=12 2 -2 4 9 6 8 -7 11 -3 -9 -6 -1 -14
right_child=1 3 -4 -5 5 7 -8 10 -10 -11 -12 -13 13 -15
leaf_value=-0.0010422952185371436 5.4649776433109739e-05 0.00010933210245934209 -0.0011915194771063349 -0.0012987867605793401 0.00048766747700276796 0.00069950683299499408 -0.00060112233329052728 -0.00026145543455726735 0.00056060278277163234 -0.0014086154550077322 0.00013834711854269368 0.0014987932122980463 -0.00040197219746385143 0.0005612290232993709
leaf_weight=7313694.8000915051 4164670.1766457558 2649394.5415621996 4603209.9167480469 1880675.2292759418 1620429.0033333302 16476456.276653528 3205362.2287149429 19952207.307795644 4940539.1061561108 1850501.3461908102 44508424.967086792 3612404.2096982002 11690737.811738729 3637697.0155440569
leaf_count=5912 6044 2110 2968 1741 1397 35831 3615 13442 4037 2073 25662 3381 8419 3366
internal_value=3.31321e-05 0.000927682 -0.00490412 0.00143547 0.0016215 0.00192231 0.00589308 0.00126595 0.00971744 -0.00468335 0.000368077 0.0141919 -0.0042916 -0.00246953
internal_weight=1.32106e+08 1.09464e+08 8.76788e+06 1.00696e+08 9.88157e+07 9.43158e+07 1.33787e+07 8.09371e+07 1.01734e+07 4.4999e+06 6.44606e+07 5.23283e+06 2.26421e+07 1.53284e+07
internal_count=119998 102301 9012 93289 91548 87365 12430 74935 8815 4183 39104 4778 17697 11785
cat_boundaries=0 1 2 3
cat_threshold=434 392 138
is_linear=0
shrinkage=0.03


Tree=26
num_leaves=15
num_cat=2
split_feature=14 10 2 0 9 1 3 14 2 11 9 0 10 9
split_gain=619449 373724 252483 200871 183345 173220 158264 190588 150598 187274 142845 135963 128049 124590
threshold=0.98692620893929284 0.97391455835206509 1.0000000180025095e-35 0 68.500000000000014 14.500000000000002 1.0000000180025095e-35 0.92190481170433314 2.5000000000000004 1.1088402703233367 89.500000000000014 1 1.009035500706591 74.500000000000014
decision_type=2 2 2 1 2 2 2 2 2 2 2 1 2 2
left_child=2 3 12 -2 -3 10 8 -8 9 11 -6 -4 -1 -9
right_child=1 4 6 -5 5 -7 7 13 -10 -11 -12 -13 -14 -15
leaf_value=-0.00095680441792677566 -0.0020185597158329308 -0.00048173857119378026 -0.00066612800809828765 -0.00017002169606369045 0.00087827780406592377 0.00023373171928232908 -0.00089053504315203676 -0.0014634611049573157 0.00032802646450318411 0.00058868394412059854 0.00048171119771992361 -7.186977245403002e-05 -0.00036647222621835509 1.8945421955391826e-05
leaf_weight=4215971.021261692 1683217.9180310965 3130338.4628740549 5893202.7908017635 8250030.7624746561 5222372.2282212973 23334352.480773926 9274563.7099081278 1020566.1367496252 10047423.024579525 3771828.6164774895 20898930.572854042 12259742.313976526 11167548.559552193 12074414.108415008
leaf_count=3256 2109 2442 4526 9075 4495 20703 10654 1069 7416 3490 21689 8694 8345 11832
internal_value=3.53486e-05 0.00220367 -0.00190888 -0.00313311 0.00321176 0.00365743 -0.000948366 -0.00288391 0.00040585 -0.000987962 0.00533551 -0.00225181 -0.00530186 -0.000553488
internal_weight=1.32245e+08 6.25192e+07 6.97253e+07 9.93325e+06 5.2586e+07 4.94557e+07 5.43417e+07 2.23695e+07 3.19722e+07 2.19248e+07 2.61213e+07 1.81529e+07 1.53835e+07 1.3095e+07
internal_count=119795 60513 59282 11184 49329 46887 47681 23555 24126 16710 26184 13220 11601 12901
cat_boundaries=0 1 2
cat_threshold=64 296
is_linear=0
shrinkage=0.03


Tree=27
num_leaves=15
num_cat=0
split_feature=13 2 16 14 14 11 13 12 1 16 12 3 11 14
split_gain=618361 369664 239489 206769 169996 145935 136429 136044 137228 116934 113982 111006 163517 192095
threshold=1.0440322719232584 1.0000000180025095e-35 0.071936236158022554 1.4099493185269965 0.94768511884211415 0.97193150850967303 1.1572415640492089 1.080090879916801 14.500000000000002 0.047803745274449076 0.98244423354187715 1.5000000000000002 0.99822994240748986 0.91867092195472144
decision_type=2 2 2 2 2 2 2 2 2 2 2 2 2 2
left_child=1 -1 4 6 5 -3 -2 8 -6 -5 -10 -4 -13 -14
right_child=3 2 11 9 7 -7 -8 -9 10 -11 -12 12 13 -15
leaf_value=-0.00052064632301357459 0.00031113047667061017 0.00043672085880493031 -0.00010510272144094949 0.0024882698217294306 0.00039767524633296054 -0.00039155171924026871 0.0011281062360136238 0.00086371844665966214 0.0012900989285530825 -0.0057562122304038671 -0.00022642258425160472 -0.0024456757629362684 -0.0020248634065455728 1.8446305210812071e-05
leaf_weight=18439007.025389552 27986005.543756604 4496229.3429170847 20881841.727600098 282680.99201202393 16069019.910476446 11970699.638138771 8174807.1301393509 3218182.3065497875 1281867.9339475632 803541.15255999565 10155085.958876371 2836882.7877197266 1222796.5859441757 4609276.960195899
leaf_count=13472 22710 4051 8877 2801 15952 15048 13467 3880 1582 1134 9934 2299 1138 3733
internal_value=2.70817e-05 -0.00125532 -0.000338882 0.00330412 0.000987297 -0.00147219 0.00369152 0.00230549 0.00162266 -0.00959255 -0.000889045 -0.00245672 -0.00531043 -0.00243681
internal_weight=1.32428e+08 9.51809e+07 7.67419e+07 3.7247e+07 4.71911e+07 1.64669e+07 3.61608e+07 3.07242e+07 2.7506e+07 1.08622e+06 1.1437e+07 2.95508e+07 8.66896e+06 5.83207e+06
internal_count=120078 79966 66494 40112 50447 19099 36177 31348 27468 3935 11516 16047 7170 4871
is_linear=0
shrinkage=0.03


Tree=28
num_leaves=15
num_cat=2
split_feature=13 2 12 2 9 10 11 12 12 0 0 2 1 9
split_gain=566470 332970 205798 180166 250976 205661 180474 191916 169516 319775 198769 153200 178257 151189
threshold=1.0636018830599696 1.0000000180025095e-35 0.92324355344902431 3.5000000000000004 68.500000000000014 1.2306657227023974 1.0015731347400096 0.97676308171397053 0.98244423354187715 0 1 2.5000000000000004 14.500000000000002 89.500000000000014
decision_type=2 2 2 2 2 2 2 2 2 1 1 2 2 2
left_child=1 -1 -3 8 -5 6 7 -6 9 -4 -10 12 -12 -8
right_child=-2 2 3 4 5 -7 13 -9 10 -11 11 -13 -14 -15
leaf_value=-0.00046962112709018536 0.0004887438721050913 -0.0010386110019419852 0.0012354804528185552 -0.0017648823768724139 0.0003936369065104991 -0.0030170457170529894 0.00073961623873008541 -0.0010181841612437923 0.00037653530467001339 0.00015813156819787292 1.9651983022231831e-05 0.00023050312029706984 -0.00045427926854695657 -1.4412521739940151e-05
leaf_weight=19370171.230083466 28682572.863554716 2971101.4845364094 1588925.5506072044 1428998.1757438183 2350301.7857197523 1111546.1364914179 3159839.2716155052 7405989.4938821793 17629024.217892647 3475204.2222194672 9632832.2007588148 7668112.0240417719 8304134.5719413757 17410745.411045313
leaf_count=14099 33951 3146 738 1534 2458 1625 3608 6924 16980 2558 5785 4344 4392 17691
internal_value=-7.74459e-06 -0.00104154 -0.000225124 5.87472e-05 -0.00165464 -0.00109573 -0.000631196 -0.00399163 0.00122472 0.00641776 0.000616447 -0.0010714 -0.00258865 0.000962605
internal_weight=1.32189e+08 1.03507e+08 8.41368e+07 8.11657e+07 3.28674e+07 3.14384e+07 3.03269e+07 9.75629e+06 4.82982e+07 5.06413e+06 4.32341e+07 2.56051e+07 1.7937e+07 2.05706e+07
internal_count=119833 85882 71783 68637 33840 32306 30681 9382 34797 3296 31501 14521 10177 21299
cat_boundaries=0 1 2
cat_threshold=19 355
is_linear=0
shrinkage=0.03


Tree=29
num_leaves=15
num_cat=4
split_feature=14 10 0 11 10 16 11 12 0 10 1 14 0 0
split_gain=575338 331185 242052 182764 182641 173005 172525 340045 274642 205342 166287 154214 153097 146012
threshold=0.98692620893929284 0.96771506909300131 0 1.2504224695822432 0.85635765199566871 0.066087745737715795 0.98543013854132477 1.0100722254825036 1 1.0804981498706023 9.5000000000000018 0.93475325103791618 2 3
decision_type=2 2 1 2 2 2 2 2 1 2 2 2 1 1
left_child=3 2 -2 4 -1 -3 7 12 9 11 -10 -8 -6 -7
right_child=1 5 -4 -5 6 13 8 -9 10 -11 -12 -13 -14 -15
leaf_value=-0.0007998228149465967 -0.0021218024449057948 0.00056759353768464174 -0.00010161126831679867 -0.0017609541097123849 0.00081936042499098402 0.000290694792324242 -0.00079532487010807427 -0.0012679780631489398 2.2783449264066038e-05 0.0005212943911876573 -0.00049725532185019617 8.7141674528112291e-05 0.00011168472513775245 -0.00013349311097657932
leaf_weight=6625172.563326478 2128133.5451488495 28573371.647266388 6219382.5632532835 2164173.5156904459 3765921.9944425821 14310313.222100973 5394453.1490468979 1500950.7356686592 6864000.7698358297 9252665.0910032988 21019082.729748726 8317276.3971092701 4339962.5643254519 11464045.540100098
leaf_count=5445 2714 36592 7111 1808 2316 8096 6793 1454 6372 10493 13208 7562 3480 6087
internal_value=-6.31062e-05 0.00201884 -0.0035447 -0.00194816 -0.00167132 0.00287337 -0.0011531 0.00253394 -0.00184971 0.000579765 -0.00385062 -0.00175058 0.00496269 0.00109121
internal_weight=1.31939e+08 6.26952e+07 8.34752e+06 6.92437e+07 6.70795e+07 5.43477e+07 6.04543e+07 9.60684e+06 5.08475e+07 2.29644e+07 2.78831e+07 1.37117e+07 8.10588e+06 2.57744e+07
internal_count=119531 60600 9825 58931 57123 50775 51678 7250 44428 24848 19580 14355 5796 14183
cat_boundaries=0 1 2 3 4
cat_threshold=66 103 51 369
is_linear=0
shrinkage=0.03


Tree=30
num_leaves=15
num_cat=3
split_feature=14 10 0 9 9 2 3 0 16 10 16 2 0 2
split_gain=501305 409161 246979 236180 235374 227600 218125 202511 180923 158637 152838 148200 144719 126733
threshold=0.97445592737451536 1.0120802147637469 0 74.500000000000014 83.500000000000014 1.0000000180025095e-35 1.0000000180025095e-35 1 0.061103403121143131 1.2306657227023974 0.055169049131881628 2.5000000000000004 2 4.5000000000000009
decision_type=2 2 1 2 2 2 2 1 2 2 2 2 1 2
left_child=5 2 -2 -3 -5 -1 11 -6 -9 -8 -4 12 -7 -10
right_child=1 3 10 4 7 6 9 8 13 -11 -12 -13 -14 -15
leaf_value=-0.00056714518285587272 -0.0018477902553061922 -0.00025188108153879093 0.00043311623576297505 0.001073693279803941 0.0014333846565409624 -0.00055498113932389613 -0.00040242017977336971 0.00061432862055231139 -3.4780769312144508e-05 -0.0032401069941683119 -0.00020061146067847652 0.00038092210199800353 9.0498857720854912e-05 0.00067025541033682466
leaf_weight=13074971.538849592 1930521.7056539059 5078226.2584460974 7398648.2812230587 3424858.4944530725 3719616.2941310406 5044427.2711997032 17619173.742977738 14124993.890401125 16018045.526550293 1039273.2406718731 18045589.038521767 8425751.2474602461 13091176.077030182 4173848.602345705
leaf_count=10200 2384 4095 12109 3095 4776 3263 18727 20277 7724 1434 10375 6520 11181 3801
internal_value=2.29977e-05 0.00166356 -0.00124676 0.00337542 0.00412335 -0.00205713 -0.00104916 0.00344509 0.00272441 -0.00353514 -0.000461849 0.000697151 -0.000830269 0.000902527
internal_weight=1.32209e+08 7.39143e+07 2.73748e+07 4.65396e+07 4.14614e+07 5.82948e+07 4.52198e+07 3.80365e+07 3.43169e+07 1.86584e+07 2.54442e+07 2.65614e+07 1.81356e+07 2.01919e+07
internal_count=119961 68636 24868 43768 39673 51325 41125 36578 31802 20161 22484 20964 14444 11525
cat_boundaries=0 1 2 3
cat_threshold=64 64 264
is_linear=0
shrinkage=0.03


Tree=31
num_leaves=15
num_cat=0
split_feature=13 2 16 14 14 11 9 14 16 16 2 9 13 3
split_gain=594301 297784 225969 156950 148904 230935 153829 139973 137229 126936 123294 107141 104100 186404
threshold=1.0440322719232584 1.0000000180025095e-35 0.065081415764580611 1.4099493185269965 0.88275324677828271 0.98543013854132477 75.500000000000014 1.0574666454817534 0.049070504732675803 0.060404811388209766 4.5000000000000009 68.500000000000014 0.80791236169964764 1.5000000000000002
decision_type=2 2 2 2 2 2 2 2 2 2 2 2 2 2
left_child=1 -1 4 7 5 -3 8 11 -6 -5 -9 -2 13 -4
right_child=3 2 12 9 6 -7 -8 10 -10 -11 -12 -13 -14 -15
leaf_value=-0.00046012252859528596 -0.00067986069225159655 0.00058779432624673068 -0.00021710728447329089 0.0013004943326644933 -0.0015243516463542871 -0.0010376695289521607 0.00038900213849566866 0.00068382314813241721 5.7955989462131481e-05 -0.006516784322652242 0.0028165012922541505 0.00035444674281938382 -0.00013052183888515875 -0.0026449734602473989
leaf_weight=18432150.204269648 1429685.4807788134 2143233.4027869701 3690942.4171142578 471052.48996305466 1001970.4374724627 3950120.4482390881 26825260.337461591 6399205.3723936081 1838720.3992695808 615367.87297964096 1796600.9000768661 26277325.722598672 35445306.975315094 1760309.4487553835
leaf_count=13447 1109 2344 1830 3111 2063 6751 31338 8120 1252 822 3623 23225 19073 1721
internal_value=-3.95821e-05 -0.0012947 -0.000471467 0.00318695 0.00127043 -0.00300108 0.00214779 0.00352689 -0.00449073 -0.0080469 0.00697101 0.0025081 -0.00199455 -0.00585408
internal_weight=1.32077e+08 9.5088e+07 7.66559e+07 3.69892e+07 3.57593e+07 6.09335e+06 2.9666e+07 3.59028e+07 2.84069e+06 1.08642e+06 8.19581e+06 2.7707e+07 4.08966e+07 5.45125e+06
internal_count=119829 79819 66372 40010 43748 9095 34653 36077 3315 3933 11743 24334 22624 3551
is_linear=0
shrinkage=0.03


Tree=32
num_leaves=15
num_cat=2
split_feature=13 2 16 10 14 0 14 11 1 11 0 11 10 16
split_gain=519518 286610 209194 210129 163115 138568 135108 133930 126329 169957 233283 128961 126316 120024
threshold=1.0467284917725397 1.0000000180025095e-35 0.071936236158022554 0.8852919625665473 1.4099493185269965 0 0.95099830209223524 0.97193150850967303 16.500000000000004 1.0141369090599361 1 0.96685428712680199 1.0804981498706023 0.061642018603786763
decision_type=2 2 2 2 2 1 2 2 2 2 1 2 2 2
left_child=1 5 6 -4 -2 -1 7 -3 9 10 -8 -10 -7 -6
right_child=4 2 3 -5 13 12 8 -9 11 -11 -12 -13 -14 -15
leaf_value=-0.00099662604508163875 0.00042178219258940866 0.00041165918196028179 -0.0011273825552832006 -0.000132341777758103 0.00098863313340882028 -0.00049714627994264541 0.00045745424354429507 -0.00035021474449165984 0.0014485805792496653 0.00055922469785355108 -0.00095959678463010119 -0.00025780302817582032 0.00031742947608441688 -0.0063585001283428299
leaf_weight=5926779.3188223839 34747294.402248859 4635243.3066571951 3636371.0608520508 26328167.280324101 456274.61730790138 10181739.799811006 6208738.667766571 12738199.858603477 1351229.5380001068 12553534.156189799 3114692.5942200422 7329143.4185781479 2556874.0384249687 609952.27541279793
leaf_count=4477 35093 4198 2150 14131 3082 6834 5058 15800 1976 11866 3268 8913 2281 803
internal_value=-3.83396e-05 -0.00118291 -0.000382839 -0.00234911 0.00304766 -0.00452181 0.000846401 -0.00126597 0.00204739 0.00326243 0.00019417 -0.00101485 -0.00275868 -0.00851026
internal_weight=1.32374e+08 9.65607e+07 7.78953e+07 2.99645e+07 3.58135e+07 1.86654e+07 4.79308e+07 1.73734e+07 3.05573e+07 2.1877e+07 9.32343e+06 8.68037e+06 1.27386e+07 1.06623e+06
internal_count=119930 80952 67360 16281 38978 13592 51079 19998 31081 20192 8326 10889 9115 3885
cat_boundaries=0 1 2
cat_threshold=138 155
is_linear=0
shrinkage=0.03


Tree=33
num_leaves=15
num_cat=5
split_feature=13 10 1 10 14 0 14 0 10 0 0 10 0 12
split_gain=478732 241880 232345 206664 156581 148450 146092 145458 141329 172710 126203 110241 162538 227443
threshold=1.060545024207443 0.85635765199566871 18.500000000000004 1.2883310473777285 1.4099493185269965 0 0.9847210347798544 1 0.95679863267342224 2 3 1.021163124821922 4 1.0215739068061271
decision_type=2 2 2 2 2 1 2 1 2 1 1 2 1 2
left_child=1 2 5 6 -2 -1 7 -3 9 -9 -6 -10 13 -13
right_child=4 3 -4 -5 10 -7 -8 8 11 -11 -12 12 -14 -15
leaf_value=-0.00037127397793048478 0.0004761799375737578 0.0004362217691410765 0.00061697371258043557 -0.0018833802728711279 0.0060133176698429318 -0.0013901066042023838 0.00011198773265478441 -0.00027178753471353425 -0.0005980263904527529 0.0008303057808590205 -0.0047347782260542233 -4.5677650464923667e-05 -3.1470421653674516e-05 -0.0014252569775178347
leaf_weight=3694298.121510148 28598332.727886796 4218399.3049573898 1375765.3089661598 1778808.5812658072 327077.56955564022 4645343.9122054577 38286709.687574863 1959419.1758817434 11681331.244992137 1877566.2357144356 725992.08909809589 3427739.639162302 26098756.104503632 3274747.1654150486
leaf_count=3211 30885 4988 2013 1562 1346 3640 31130 1225 9813 1214 2541 1840 22623 1880
internal_value=-8.67232e-05 -0.00105941 -0.00556266 -0.000586958 0.00326976 -0.00744699 -0.000388622 -0.00141574 -0.00188215 0.00364212 -0.00809106 -0.00235866 -0.00146741 -0.00563462
internal_weight=1.3197e+08 1.02319e+08 9.71541e+06 9.26035e+07 2.96514e+07 8.33964e+06 9.08247e+07 5.2538e+07 4.83196e+07 3.83699e+06 1.05307e+06 4.44826e+07 3.28012e+07 6.70249e+06
internal_count=119911 85139 8864 76275 34772 6851 74713 43583 38595 2439 3887 36156 26343 3720
cat_boundaries=0 1 2 3 4 5
cat_threshold=401 64 268 52 8
is_linear=0
shrinkage=0.03


Tree=34
num_leaves=15
num_cat=2
split_feature=13 13 12 14 11 14 1 10 10 12 0 13 10 0
split_gain=470454 195011 193013 184256 171152 187212 181300 153517 143261 254207 169548 156632 142590 133799
threshold=0.9627282913262255 1.074271503192892 0.93483684010591095 1.4099493185269965 0.88726764062237595 0.92954442452126085 8.5000000000000018 0.81095062694523767 1.0076829688863238 1.0174118085830168 0 0.89976741811931604 0.85635765199566871 1
decision_type=2 2 2 2 2 2 2 2 2 2 1 2 2 1
left_child=2 12 -1 -3 7 6 13 -4 9 10 11 -7 -2 -6
right_child=1 3 4 -5 5 8 -8 -9 -10 -11 -12 -13 -14 -15
leaf_value=-0.0012291129525105369 -0.0010286458409933517 0.00055693722742339346 -0.00042495712271566093 -0.003464528620621942 -0.0011419264657274177 0.0013061420446812853 -0.00074659221004951611 0.00077259127559498703 0.00015183605639809827 -0.0011191710541479793 -0.00074000695819382938 -0.00011740052594923687 7.1967590060965215e-05 0.00053996381988742116
leaf_weight=3215163.846949935 2130266.1467620134 23949847.913487792 1795208.9661086798 1073974.69998312 609511.65457487106 1590066.3108580112 14253650.976070642 2167409.3440294266 14253032.784204245 3155000.5784665346 3126096.5837862492 2053482.2998332977 56815593.499604702 2015721.5896490812
leaf_count=3278 1929 27289 1707 3852 1340 1208 11812 1565 14966 2883 3385 1100 39405 4121
internal_value=2.94099e-06 0.0013593 -0.0023583 0.00357821 -0.00185115 -0.00242581 -0.00485037 0.00410291 -0.000733183 -0.0035006 -0.000222858 0.00417482 0.000417323 0.00239445
internal_weight=1.32204e+08 8.39697e+07 4.82343e+07 2.50238e+07 4.50192e+07 4.10566e+07 1.68789e+07 3.96262e+06 2.41777e+07 9.92465e+06 6.76965e+06 3.64355e+06 5.89459e+07 2.62523e+06
internal_count=119840 72475 47365 31141 44087 40815 17273 3272 23542 8576 5693 2308 41334 5461
cat_boundaries=0 1 2
cat_threshold=27 34
is_linear=0
shrinkage=0.03


Tree=35
num_leaves=15
num_cat=0
split_feature=13 10 11 12 12 9 11 12 12 10 11 12 11 11
split_gain=475870 196210 220283 249391 217509 196914 210426 247039 193495 173527 173281 156262 225925 175319
threshold=0.9627282913262255 1.0136959709427658 1.0069201742998883 0.99983254367729579 1.0018254659386108 68.500000000000014 1.0141369090599361 1.0215739068061271 0.93483684010591095 0.85635765199566871 1.0039162426793975 1.0051336041564809 1.0128747137800109 1.0274286010340197
decision_type=2 2 2 2 2 2 2 2 2 2 2 2 2 2
left_child=8 4 -3 -4 9 -5 -7 -8 -1 -2 -6 13 -13 -10
right_child=1 2 3 5 10 6 7 -9 11 -11 -12 12 -14 -15
leaf_value=-0.0012025025014459647 -0.0011396323722729694 0.00077867373515003093 -0.00063661463244415269 -0.00060704654427188134 -0.0010244293907255317 -0.00099928478623618881 0.00062728420987634545 0.00017526039391388101 0.00018751229372130694 0.0004435541540374065 1.2476748898424593e-05 -0.00082116117884313653 -0.0002019062377394903 -0.0011218821124776583
leaf_weight=3273682.5318874121 1827945.1191444397 5951855.8084510565 4385884.4207880497 2825371.8242946863 7385923.3556636572 1612271.0636298656 15143913.966031432 29626492.777057528 14506220.653888583 9308729.3345242739 5888520.2195454836 6195909.6282104254 22384463.350427866 1939575.0679504871
leaf_count=3324 2579 4615 3862 2246 6839 1234 12841 25894 12738 7618 4948 5241 24215 1958
internal_value=-1.64068e-05 0.00134849 0.00227708 0.00166901 -0.000916595 0.00227997 0.00274835 0.00313181 -0.00238894 0.0021751 -0.00351039 -0.00187694 -0.00321757 0.000452881
internal_weight=1.32257e+08 8.39569e+07 5.95458e+07 5.35939e+07 2.44111e+07 4.9208e+07 4.63827e+07 4.47704e+07 4.82999e+07 1.11367e+07 1.32744e+07 4.50262e+07 2.85804e+07 1.64458e+07
internal_count=120152 72676 50692 46077 21984 42215 39969 38735 47476 10197 11787 44152 29456 14696
is_linear=0
shrinkage=0.03


Tree=36
num_leaves=15
num_cat=4
split_feature=14 16 11 0 0 9 0 9 9 9 12 13 12 0
split_gain=392197 217120 190652 178304 177195 216017 139754 155149 223724 112903 107681 102067 97136.4 94808.2
threshold=0.9804854084216662 0.066087745737715795 0.98059644709439753 0 1 86.500000000000014 2 72.500000000000014 89.500000000000014 68.500000000000014 1.0079872680763284 0.92383627854099892 1.0664942906908104 3
decision_type=2 2 2 1 1 2 1 2 2 2 2 2 2 1
left_child=4 12 3 -3 5 -1 10 -8 -9 -6 -4 -7 -2 -14
right_child=1 2 6 -5 9 11 7 8 -10 -11 -12 -13 13 -15
leaf_value=0.000788844744751709 0.00031891344866517645 -0.0018035613931547542 0.00020915858499220014 -0.00011269547032279757 -0.0010958954725231289 -0.00089134986769216697 -0.00049842778867613879 0.0010757155243485527 0.00014666014529242532 -1.7343729445732712e-05 -0.0005271728462650523 -0.00034830730501060435 0.0017501680141242992 0.00034800818311680597
leaf_weight=2291173.1153712273 31665094.774576902 2060177.923034668 2849985.9241333008 3645497.0373535156 1404122.7342208624 10211547.172712803 1887887.7394967079 2672197.373383522 13886494.643091202 37213942.330334783 5674201.1168518066 12348205.159736395 2035531.7542327642 2381844.1236437559
leaf_count=2347 39778 1171 1562 2300 1552 7962 933 1594 7811 34570 2868 8663 3674 3315
internal_value=-8.60112e-05 0.00148373 -0.000287754 -0.00526991 -0.00178659 -0.0037626 0.000766224 0.00223422 0.00316321 -0.000515009 -0.00241056 -0.00465397 0.00308799 0.00725546
internal_weight=1.32228e+08 6.87589e+07 3.26764e+07 5.70567e+06 6.3469e+07 2.48509e+07 2.69708e+07 1.84466e+07 1.65587e+07 3.86181e+07 8.52419e+06 2.25598e+07 3.60825e+07 4.41738e+06
internal_count=120100 65006 18239 3471 55094 18972 14768 10338 9405 36122 4430 16625 46767 6989
cat_boundaries=0 1 2 3 4
cat_threshold=70 266 140 356
is_linear=0
shrinkage=0.03


Tree=37
num_leaves=15
num_cat=5
split_feature=13 14 14 11 12 0 0 1 11 0 0 11 0 16
split_gain=399691 202832 167444 141873 454770 238497 234355 211798 245306 201732 155426 134913 131828 128909
threshold=1.0620732041146874 0.94768511884211415 1.4099493185269965 1.0141369090599361 1.004197057542799 0 1 17.500000000000004 1.0256949624400986 2 3 1.2744203364317281 4 0.081293069914542063
decision_type=2 2 2 2 2 1 1 2 2 1 1 2 1 2
left_child=1 11 -2 4 6 -5 -3 8 -7 -6 -10 -1 -9 -12
right_child=2 3 -4 5 9 7 -8 12 10 -11 13 -13 -14 -15
leaf_value=-0.00026187139395707936 0.00046997442252153161 -0.0010595404235235449 -0.0035298136267978416 0.00073496098600185828 -0.00023123854535523223 0.00054569040434212276 0.00032177583585868235 -0.00058030541135458379 -0.00095731352422020284 -0.0012631273842249151 0.00027672990436473406 -0.0019255648419089374 -0.00015370654352474063 -0.00048220107365790023
leaf_weight=34825167.723089933 28110329.777964592 3228772.6691743135 1066107.1569705009 8917448.3381536007 4544111.7668105364 5759124.4926261902 14424199.193632722 2906782.3915863037 3542286.2671328783 6443536.0286170244 9651487.5000985861 1666234.0474095345 4699255.6279511452 3005933.8461608887
leaf_count=31698 30358 3344 3855 10936 3866 3151 10535 1356 2055 3912 7602 1347 4646 1366
internal_value=-5.80354e-05 -0.000931421 0.00304362 4.7256e-05 -0.00155147 0.00123712 0.00143095 -5.99558e-05 0.00143445 -0.00634309 -0.000456131 -0.00273162 -0.00437435 0.0010984
internal_weight=1.32791e+08 1.03614e+08 2.91764e+07 6.71229e+07 2.86406e+07 3.84823e+07 1.7653e+07 2.95649e+07 2.19588e+07 1.09876e+07 1.61997e+07 3.64914e+07 7.60604e+06 1.26574e+07
internal_count=120027 85814 34213 52769 21657 31112 13879 20176 14174 7778 11023 33045 6002 8968
cat_boundaries=0 1 2 3 4 5
cat_threshold=352 320 139 8 16
is_linear=0
shrinkage=0.03


Tree=38
num_leaves=15
num_cat=2
split_feature=2 14 10 0 3 10 0 12 10 2 12 12 11 16
split_gain=409895 235931 249452 213391 203159 158526 153294 262028 206553 134336 181101 122832 107481 102125
threshold=1.0000000180025095e-35 0.9847210347798544 1.009035500706591 0 1.0000000180025095e-35 1.2306657227023974 1 1.0091514731206532 1.0804981498706023 2.5000000000000004 1.0616462961516742 1.0185072359810103 1.0128747137800109 0.05548659446773347
decision_type=2 2 2 1 2 2 1 2 2 2 2 2 2 2
left_child=6 4 3 12 9 -6 7 -1 -8 10 -2 -5 13 -3
right_child=1 2 -4 11 5 -7 8 -9 -10 -11 -12 -13 -14 -15
leaf_value=-9.6423225083655227e-05 -0.00016806335797666625 -7.011118630205498e-05 0.00040092854870055715 0.0003725219748504463 -0.00031725071374831494 -0.002869414995477511 -0.00033518518993967179 -0.0014925728149132421 0.00044008971538382299 0.00038252638836739017 0.00058125390100684053 -0.00046436122075784673 0.0003356318813340592 -0.0014172765486641418
leaf_weight=3180617.723074317 17753856.316107154 1644902.2455980778 37007536.604379416 10389781.026384115 20529624.87089026 1075777.2748128176 11704921.594446659 4093569.3886926174 3640489.9439687729 9611399.5857458115 3589984.7153748274 3191212.0435476303 1074290.4344812632 3929563.9592285156
leaf_count=2519 13135 3322 36237 9214 21312 1501 8365 3389 3416 7225 3274 3720 918 2434
internal_value=8.5696e-06 0.000766152 0.00209878 -0.000579929 -0.000685043 -0.00291756 -0.00366882 -0.00725587 -0.00196844 0.000873157 -0.000453036 0.00157592 -0.00498354 -0.00665802
internal_weight=1.32418e+08 1.09798e+08 5.72373e+07 2.02297e+07 5.25606e+07 2.16054e+07 2.26196e+07 7.27419e+06 1.53454e+07 3.09552e+07 2.13438e+07 1.3581e+07 6.64876e+06 5.57447e+06
internal_count=119981 102292 55845 19608 46447 22813 17689 5908 11781 23634 16409 12934 6674 5756
cat_boundaries=0 1 2
cat_threshold=324 138
is_linear=0
shrinkage=0.03


Tree=39
num_leaves=15
num_cat=0
split_feature=13 2 3 14 11 1 11 14 11 14 16 13 9 9
split_gain=386312 238647 168726 211069 276818 171457 147121 135635 116268 114885 103810 101158 99123.6 110164
threshold=1.0636018830599696 1.0000000180025095e-35 1.5000000000000002 0.91710045033201182 0.99579473430313603 12.500000000000002 0.92170800641855088 1.4099493185269965 0.89451372984939514 0.82291761338925473 0.063215648643965172 0.84930639657685547 63.500000000000007 89.500000000000014
decision_type=2 2 2 2 2 2 2 2 2 2 2 2 2 2
left_child=1 11 12 6 8 -6 -4 -2 -5 -8 -9 -1 -3 -14
right_child=7 2 3 4 5 -7 9 10 -10 -11 -12 -13 13 -15
leaf_value=-0.0010601760786131268 0.0004615387038831197 -0.0010369560995170158 0.00039177263501438518 -0.00011454794769561647 0.00064450509953269803 -0.00015878335896066283 -0.0051042231611206053 -0.00014400102288911296 -0.0024416544093083356 -0.0013240923465994616 -0.0057915045768509249 -0.00027870784423532087 0.00037625597888812717 2.3186265875357258e-05
leaf_weight=2788555.3949450254 27424878.436027884 1441142.1921278238 705543.80071139336 1334890.4003156424 3529636.9006067514 6450324.5597432852 1048309.4473234415 471563.59713160992 2755417.9266952276 2040572.1647000313 580543.51335811615 16595061.87043798 8889278.4925363064 55433433.821717978
leaf_count=3286 29969 1077 700 2080 5497 7144 1936 3072 3741 2767 762 10816 6729 39968
internal_value=-1.44692e-05 -0.000869434 -0.000174257 -0.00275967 -0.00106628 0.00162761 -0.009039 0.00307827 -0.00763912 -0.0118622 -0.00749239 -0.0038687 0.000528069 0.000702405
internal_weight=1.31489e+08 1.03012e+08 8.36285e+07 1.78647e+07 1.40703e+07 9.97996e+06 3.79443e+06 2.8477e+07 4.09031e+06 3.08888e+06 1.05211e+06 1.93836e+07 6.57639e+07 6.43227e+07
internal_count=119544 85741 71639 23865 18462 12641 5403 33803 5821 4703 3834 14102 47774 46697
is_linear=0
shrinkage=0.03


Tree=40
num_leaves=15
num_cat=3
split_feature=13 12 13 10 10 0 0 4 12 0 10 12 12 12
split_gain=376115 169855 163169 133298 128727 125434 111425 161402 108207 152834 122843 99459.1 111284 138410
threshold=0.9627282913262255 0.93483684010591095 1.0799839096260146 1.2883310473777285 1.012969803707177 0 1 1.0000000180025095e-35 1.0018254659386108 2 0.85635765199566871 0.98244423354187715 1.0662997132076579 1.0237498270125132
decision_type=2 2 2 2 2 1 1 2 2 1 2 2 2 2
left_child=1 -1 4 11 8 -6 -4 -8 10 -10 -2 -3 13 -13
right_child=2 3 6 -5 5 -7 7 -9 9 -11 -12 12 -14 -15
leaf_value=-0.0011322552930744215 -0.0011815738959658738 0.00024694701319174654 0.00096028217625722563 -0.0019374106843186925 0.00073786326348182095 6.0733607942560073e-05 0.0004434458661826962 -0.0026122442038935025 0.00021031615457593449 -0.00081473499277794027 0.00028401862829605074 -0.00016375937809838632 0.00030719094427402133 -0.00090992239588165338
leaf_weight=3226303.7672778368 1439358.7405703068 6597410.3942574263 3100895.750393033 1479665.2109079361 4253763.9585459232 38911930.928230762 18734249.294079661 1377723.6382488012 3197200.5885516405 6695937.0064736605 6401739.2385398149 21733050.328473449 4818587.7063242197 10355069.11474669
leaf_count=3293 1487 5459 2530 1287 4269 26040 24738 2371 2737 4046 4297 20370 6046 10891
internal_value=-9.89999e-05 -0.00221164 0.00111188 -0.00173475 0.000296117 0.00118018 0.00325208 0.00243593 -0.00185573 -0.00394197 0.000776484 -0.00143358 -0.00204005 -0.00267842
internal_weight=1.32323e+08 4.82101e+07 8.41128e+07 4.49838e+07 6.08999e+07 4.31657e+07 2.32129e+07 2.0112e+07 1.77342e+07 9.89314e+06 7.8411e+06 4.35041e+07 3.69067e+07 3.20881e+07
internal_count=119861 47346 72515 44053 42876 30309 29639 27109 12567 6783 5784 42766 37307 31261
cat_boundaries=0 1 2 3
cat_threshold=64 16 43
is_linear=0
shrinkage=0.03


Tree=41
num_leaves=15
num_cat=3
split_feature=10 14 1 11 12 0 14 0 10 12 1 9 0 9
split_gain=313158 273070 236938 190634 295918 279784 205884 175582 161056 147048 166749 279966 255325 220037
threshold=0.85635765199566871 1.0051720084524249 18.500000000000004 0.98543013854132477 1.0100722254825036 0 0.80066380668717885 1 0.9857309345025429 0.99470952913458499 17.500000000000004 89.500000000000014 2 74.500000000000014
decision_type=2 2 2 2 2 1 2 1 2 2 2 2 1 2
left_child=2 3 7 4 -2 -5 -7 -1 -3 -8 11 13 -12 -11
right_child=1 8 -4 5 -6 6 9 -9 -10 10 12 -13 -14 -15
leaf_value=-0.00023166041735751935 0.00049082088049735482 -0.00021579889519654312 0.00067127977620186016 0.00058922517298681983 -0.0011398550594689766 -0.0011274720732553261 -0.00061054117060872987 -0.0013457993705845122 0.00039492551728686153 -4.0739365304458542e-05 -0.00066591287851995302 -9.9322055482390325e-05 -0.00012405949711555419 0.00098686447689242925
leaf_weight=4003939.4122525454 9768482.5150541067 7344949.3852369785 1621576.4773855209 5882524.4766037464 1789930.9208660126 4344312.355561614 6088824.4552708864 5148133.9675507545 34542642.446904421 3127572.2855657339 3881932.0437011719 32781472.272982836 8210796.3698847294 3662719.4001117945
leaf_count=3740 6869 7702 2536 6811 1708 5806 4228 4364 36360 2410 1723 23361 9483 2687
internal_value=2.55671e-05 0.000460491 -0.00487631 -0.000571929 0.00298991 -0.00117754 -0.0017699 -0.006749 0.00242091 -0.00129613 -0.000776452 0.000165712 -0.00385955 0.00571006
internal_weight=1.322e+08 1.21426e+08 1.07736e+07 7.95386e+07 1.15584e+07 6.79802e+07 6.20976e+07 9.15207e+06 4.18876e+07 5.77533e+07 5.16645e+07 3.95718e+07 1.20927e+07 6.79029e+06
internal_count=119788 109148 10640 65086 8577 56509 49698 8104 44062 43892 39664 28458 11206 5097
cat_boundaries=0 1 2 3
cat_threshold=64 401 16
is_linear=0
shrinkage=0.03


Tree=42
num_leaves=15
num_cat=3
split_feature=2 13 3 10 0 4 0 12 10 9 9 1 0 12
split_gain=352231 250597 176448 150321 144692 159990 142011 246951 184138 137121 218336 384283 150869 106718
threshold=1.0000000180025095e-35 1.074271503192892 2.5000000000000004 0.9848991912119649 0 1.0000000180025095e-35 1 1.0091514731206532 1.0804981498706023 68.500000000000014 89.500000000000014 18.500000000000004 2 0.92324355344902431
decision_type=2 2 2 2 1 2 1 2 2 2 2 2 1 2
left_child=6 2 9 -4 -3 -6 7 -1 -8 -2 11 12 -11 -12
right_child=1 4 3 -5 5 -7 8 -9 -10 10 13 -13 -14 -15
leaf_value=-5.7921105223048838e-05 -0.00063777137176943455 0.00099690077545227249 -0.002236650887354604 -0.00026001919764650903 0.00046700961001789243 -0.0027088746339630032 -0.00030930958302841934 -0.0014611609182626955 0.0004210409606283539 2.5667558083493494e-05 -0.00061437158858960767 -0.00092324521287670579 0.00095163093538148491 3.7838929733937366e-05
leaf_weight=3084675.365896225 3199584.7665089369 3321092.4291152954 2314882.4392130375 6652818.4011063576 17685806.51915884 1377773.1530327797 11710692.513156772 4112542.6392945051 3575083.0314172506 1830752.252559185 2655963.7213160992 1547987.9593613148 5778214.9400546551 63155932.487616181
leaf_count=2492 2597 2555 3427 9637 23015 2344 8435 3394 3342 1267 2529 1960 4269 48644
internal_value=-2.85917e-05 0.000673544 -5.37959e-05 -0.00403951 0.00350484 0.00249812 -0.00344889 -0.00692358 -0.00181284 0.000403456 0.000663032 0.00500334 0.00777533 5.91287e-05
internal_weight=1.32004e+08 1.09521e+08 8.71361e+07 8.9677e+06 2.23847e+07 1.90636e+07 2.2483e+07 7.19722e+06 1.52858e+07 7.81684e+07 7.49689e+07 9.15696e+06 7.60897e+06 6.58119e+07
internal_count=119907 102244 74330 13064 27914 25359 17663 5886 11777 61266 58669 7496 5536 51173
cat_boundaries=0 1 2 3
cat_threshold=16 138 68
is_linear=0
shrinkage=0.03


Tree=43
num_leaves=15
num_cat=0
split_feature=13 12 11 14 1 3 16 2 9 9 1 16 12 11
split_gain=332242 155375 152370 193377 239158 166354 156314 120749 115315 212223 215532 188911 105673 416686
threshold=0.98968650823172022 0.92324355344902431 0.88726764062237595 0.91710045033201182 8.5000000000000018 1.5000000000000002 0.061103403121143131 1.0000000180025095e-35 68.500000000000014 89.500000000000014 17.500000000000004 0.053186285838874754 1.0051336041564809 1.0141369090599361
decision_type=2 2 2 2 2 2 2 2 2 2 2 2 2 2
left_child=1 -1 -3 4 6 -6 -4 -2 -9 10 -10 -11 -5 -14
right_child=7 2 3 12 5 -7 -8 8 9 11 -12 -13 13 -15
leaf_value=-0.0010334336152951382 -0.00014450581749019816 0.00041887271076055397 -0.0011273360837230682 0.00019022675129148642 -0.00053353702798207591 -0.0023233897188631577 0.00065928578154017255 -0.00045010736236996362 0.00065448718143351582 0.00076084833785565855 -0.00039494655614105001 5.1081485564789163e-05 -0.00095110742190276422 7.2634737795584253e-05
leaf_weight=3295891.9427479506 9501484.4799752235 4538186.9100362062 784238.14635276794 12830289.650854468 11649907.188763142 2388242.7707707882 1904667.0174255371 2878926.6000795364 7213824.2192523479 10418530.550397992 1455020.2181720734 36802532.508528709 6210708.1706840992 19940491.535726786
leaf_count=3296 7397 3738 4563 10274 8881 2708 887 2286 5554 21871 1657 22429 4972 19207
internal_value=5.66328e-05 -0.00150455 -0.00115757 -0.00158818 -0.00428643 -0.00585639 0.00390993 0.0015097 0.00201701 0.00231861 0.00663319 0.00152654 -0.000430353 -0.00152443
internal_weight=1.31813e+08 6.35426e+07 6.02467e+07 5.57085e+07 1.67271e+07 1.40381e+07 2.68891e+06 6.82703e+07 5.87688e+07 5.58899e+07 8.66884e+06 4.72211e+07 3.89815e+07 2.61512e+07
internal_count=119720 58526 55230 51492 17039 11589 5450 61194 53797 51511 7211 44300 34453 24179
is_linear=0
shrinkage=0.03


Tree=44
num_leaves=15
num_cat=0
split_feature=14 10 12 9 16 11 1 11 16 14 11 16 3 10
split_gain=290205 217328 174675 173242 141264 121539 118046 139562 157589 113183 136592 160090 156709 111995
threshold=0.96891143655898337 1.009035500706591 1.0185072359810103 63.500000000000007 0.060614346226005908 1.0256949624400986 8.5000000000000018 1.0346667605123312 0.033731398184704074 0.91710045033201182 0.98543013854132477 0.059185428176345513 1.0000000180025095e-35 1.0804981498706023
decision_type=2 2 2 2 2 2 2 2 2 2 2 2 2 2
left_child=6 2 -2 -3 -4 -5 7 -1 -9 10 11 -8 -12 -7
right_child=1 3 4 5 -6 13 9 8 -10 -11 12 -13 -14 -15
leaf_value=-0.0002106652814628667 2.0894690357213422e-05 -0.0010269678158552511 -2.0086632528981777e-06 0.00045453182104092708 -0.0012469157449620494 -6.5971482707171615e-06 0.00069301037122605433 -0.00075772832536001047 0.00065909873728536806 -9.5711651889482247e-05 -0.00037206298441205132 -0.00048034784125796059 -0.0013149267680670307 0.00045147607524380649
leaf_weight=4648352.2222325802 21615170.823028684 1134250.9799712896 2282151.7918437719 17019771.541873813 3315747.521484375 18369212.967299938 2229916.8999581337 780891.19065058231 3832223.3037891388 21995988.659235716 11182899.029464722 4351991.056854248 4545083.9142751694 14771556.028985977
leaf_count=7029 18683 792 3824 13006 2289 15986 2020 4371 2132 16489 8693 2437 4782 17285
internal_value=-4.60924e-05 0.00111551 -0.00105155 0.00226518 -0.00577451 0.00252735 -0.00174852 0.00133175 0.00502848 -0.00239241 -0.00389799 -0.000269332 -0.00541652 0.00146909
internal_weight=1.32075e+08 7.85079e+07 2.72131e+07 5.12948e+07 5.5979e+06 5.01605e+07 5.35673e+07 9.26147e+06 4.61311e+06 4.43059e+07 2.23099e+07 6.58191e+06 1.5728e+07 3.31408e+07
internal_count=119818 71865 24796 47069 6113 46277 47953 13532 6503 34421 17932 4457 13475 33271
is_linear=0
shrinkage=0.03


Tree=45
num_leaves=15
num_cat=4
split_feature=2 16 9 9 1 0 1 12 0 12 0 12 1 0
split_gain=315898 220286 198493 396975 394403 149454 143386 145388 261533 182327 148939 140727 139740 123447
threshold=1.0000000180025095e-35 0.058752574683033888 68.500000000000014 89.500000000000014 17.500000000000004 0 9.5000000000000018 0.99523338337776046 1 1.0051336041564809 2 0.98159646488267815 19.500000000000004 3
decision_type=2 2 2 2 2 1 2 2 1 2 1 2 2 1
left_child=-1 11 -3 4 5 -4 -5 8 -8 -9 -11 13 -13 -2
right_child=1 2 3 6 -6 -7 7 9 -10 10 -12 12 -14 -15
leaf_value=-0.00031368510768928134 0.0018281875035436187 -0.00074428801717397867 0.0011947328520303224 0.00012832828322334173 -0.00049652179717906331 0.00067459021885672417 9.7175091590494687e-05 0.00043235482941768349 -0.0013554502257120005 0.00029670466554296678 -0.00032633279088965664 0.000359549500392378 -0.0002570426093622271 0.00077475995109906352
leaf_weight=22794292.39955759 1149885.5850208998 2896528.0341520309 2110487.9031677246 16123411.027680397 1797152.8976569176 4681686.3409001827 4166000.4976806641 6510429.2110595703 5869611.2740478516 6191089.0519672632 20793773.673553467 25040743.13294971 8499080.8026778698 4042575.3192002773
leaf_count=17848 1074 1756 1334 7593 1038 2923 3043 3798 3597 6133 11829 34576 16865 6831
internal_value=-5.27215e-05 0.000614058 -0.000377115 -5.06441e-05 0.0059793 0.00928604 -0.000918866 -0.00181399 -0.00498142 -0.000864987 -0.00195216 0.00243456 0.00172305 0.00703042
internal_weight=1.32667e+08 1.09872e+08 7.11402e+07 6.82436e+07 8.58933e+06 6.79217e+06 5.96543e+07 4.35309e+07 1.00356e+07 3.34953e+07 2.69849e+07 3.87323e+07 3.35398e+07 5.19246e+06
internal_count=120238 102390 43044 41288 5295 4257 35993 28400 6640 21760 17962 59346 51441 7905
cat_boundaries=0 1 2 3 4
cat_threshold=176 179 352 17
is_linear=0
shrinkage=0.03


Tree=46
num_leaves=15
num_cat=1
split_feature=2 13 16 10 14 0 12 10 14 16 9 2 12 12
split_gain=315558 226909 166886 201670 133038 120932 244446 169797 103888 101851 99574.4 204994 106656 201029
threshold=1.0000000180025095e-35 1.0636018830599696 0.071936236158022554 0.86478281687913083 1.4099493185269965 0 1.0091514731206532 1.0804981498706023 0.83752285295261164 0.064600996353887399 75.500000000000014 3.5000000000000004 1.0215739068061271 1.0557143713395758
decision_type=2 2 2 2 2 1 2 2 2 2 2 2 2 2
left_child=5 2 8 -4 -3 6 -1 -7 -2 -6 11 -10 -12 -14
right_child=1 4 3 -5 9 7 -8 -9 10 -11 12 -13 13 -15
leaf_value=-2.910229942090556e-05 -0.00037689741966681986 0.00048391279351906374 -0.00098622690254354748 -8.6503619974949642e-05 0.00083850455264455491 -0.00029578989874304296 -0.0014380394945997274 0.00043096773025650846 0.0002402716799418334 -0.0054944681906845122 0.00040800865541153636 -0.0012947409833856244 -0.00031036531782840568 0.0004727957782911663
leaf_weight=3095216.1761665344 5360437.5813678503 24345142.991598964 3284820.2828063965 29168471.627506614 494772.35364830494 11610627.036912799 4107157.277610898 3606021.0301207304 2540996.2079372406 547910.21667981148 24250848.401369572 1789697.8983724117 10312993.746538758 7662502.3650093079
leaf_count=2466 7196 26785 2011 15472 2812 8380 3426 3365 2222 725 23694 2210 9892 9230
internal_value=9.7768e-05 0.000760245 1.19992e-05 -0.00167558 0.00324687 -0.00314558 -0.00634819 -0.0016297 0.00106689 -0.00724678 0.00152225 -0.00281002 0.00196656 0.000215327
internal_weight=1.32178e+08 1.09759e+08 8.43708e+07 3.24533e+07 2.53878e+07 2.2419e+07 7.20237e+06 1.52166e+07 5.19175e+07 1.04268e+06 4.6557e+07 4.33069e+06 4.22263e+07 1.79755e+07
internal_count=119886 102249 71927 17483 30322 17637 5892 11745 54444 3537 47248 4432 42816 19122
cat_boundaries=0 1
cat_threshold=138
is_linear=0
shrinkage=0.03


Tree=47
num_leaves=15
num_cat=3
split_feature=2 13 3 0 10 10 10 0 0 9 9 14 2 10
split_gain=279605 185368 184132 158686 190516 107032 106238 102394 95541.1 122585 243348 95238.7 118551 116681
threshold=1.0000000180025095e-35 1.0066814228334466 2.5000000000000004 0 1.0804981498706023 1.0573523519181121 0.96771506909300131 1 2 74.500000000000014 87.500000000000014 0.92190481170433314 3.5000000000000004 1.1318041652613435
decision_type=2 2 2 1 2 2 2 1 1 2 2 2 2 2
left_child=3 2 11 5 -5 -1 7 -3 9 -8 -11 12 -2 -13
right_child=1 6 -4 4 -6 -7 8 -9 -10 10 -12 13 -14 -15
leaf_value=-0.00045182629545398908 -5.8793219216303829e-07 0.00023166153459247018 -0.00083758183670731379 -0.00029427118254362478 0.00047524310649626144 -0.0013919907169676143 -0.00028588921474951862 -0.0012657136913776083 0.0001210264601182772 0.0009558686738783223 0.00035761276141120605 3.3622683281965511e-05 -0.0006837697739098986 0.00074507408723136252
leaf_weight=4602383.8271070719 10801774.848614335 1861725.6864846945 6397942.9474298954 11735519.709504962 3647238.2436718941 2655050.5210646391 2378163.1834204197 1717433.5471893549 24594536.788097501 2265531.8424595594 16940171.671004057 32713367.417004347 5987260.0935707092 3672802.965652585
leaf_count=3530 9370 2919 9822 8379 3399 2381 1829 2050 23381 1805 15613 25448 5973 4042
internal_value=-7.65809e-05 0.000551801 -0.000577141 -0.00311107 -0.00138592 -0.00676766 0.00190345 -0.00307577 0.00228937 0.00374601 0.00454158 1.39017e-06 -0.00186769 0.000863809
internal_weight=1.31971e+08 1.09331e+08 5.95731e+07 2.26402e+07 1.53828e+07 7.25743e+06 4.97576e+07 3.57916e+06 4.61784e+07 2.15839e+07 1.92057e+07 5.31752e+07 1.6789e+07 3.63862e+07
internal_count=119941 102252 54655 17689 11778 5911 47597 4969 42628 19247 17418 44833 15343 29490
cat_boundaries=0 1 2 3
cat_threshold=138 433 114
is_linear=0
shrinkage=0.03


Tree=48
num_leaves=15
num_cat=2
split_feature=13 2 16 9 1 9 9 16 0 0 13 2 11 2
split_gain=234980 115155 161736 112664 130920 99045.5 210493 176692 153928 115911 96289.9 93872.5 89070.7 106499
threshold=1.0066814228334466 1.0000000180025095e-35 0.072218818002115062 75.500000000000014 17.500000000000004 89.500000000000014 74.500000000000014 0.053380709878578576 0 1 0.84930639657685547 3.5000000000000004 1.0559171684260189 4.5000000000000009
decision_type=2 2 2 2 2 2 2 2 1 1 2 2 2 2
left_child=1 10 3 4 -3 6 11 -7 -8 -9 -1 -2 13 -11
right_child=5 2 -4 -5 -6 7 8 9 -10 12 -12 -13 -14 -15
leaf_value=-0.001035820678448465 0.00017973371413805339 -1.6307580076503987e-05 -0.0002560542048514183 0.00014237822113982395 -0.0012029611397695028 0.00060444722021462001 0.0009987231656382249 -0.00030897608438825222 0.00035562494004970791 -0.00017886613952906085 -0.0002113207956329904 -0.00074592978477603592 0.00037092544654679144 0.00052917919874088243
leaf_weight=2834328.1212341785 3640325.6987053156 1915021.8018033504 22901939.203521609 33780526.98302114 1070922.9862682819 10775616.093695521 2711191.7945668697 10288446.818266392 3229004.9037982225 12103941.646316528 12271808.994412541 1693066.9847935438 9618976.1193389893 3100004.7867431641
leaf_count=3297 2654 2242 12793 38075 1443 22862 2356 6841 2742 5929 8202 1633 6384 2356
internal_value=-6.06793e-05 -0.00116763 -0.000575262 0.000657453 -0.00492829 0.00138738 0.00390681 0.000768395 0.00779109 -0.000262899 -0.00350744 -0.000419391 0.000846806 -0.000582577
internal_weight=1.31935e+08 7.47745e+07 5.96684e+07 3.67665e+07 2.98594e+06 5.71606e+07 1.12736e+07 4.5887e+07 5.9402e+06 3.51114e+07 1.51061e+07 5.33339e+06 2.48229e+07 1.52039e+07
internal_count=119809 66052 54553 41760 3685 53757 9385 44372 5098 21510 11499 4287 14669 8285
cat_boundaries=0 1 2
cat_threshold=178 392
is_linear=0
shrinkage=0.03


Tree=49
num_leaves=15
num_cat=3
split_feature=2 13 3 14 12 12 0 0 12 1 2 0 1 11
split_gain=278605 160018 143844 118432 112055 131873 202870 166017 119982 119428 130348 107634 100884 98814.4
threshold=1.0000000180025095e-35 1.0636018830599696 2.5000000000000004 1.4099493185269965 0.93483684010591095 0.98244423354187715 0 1 0.99549366363837055 14.500000000000002 2.5000000000000004 2 6.5000000000000009 0.99579473430313603
decision_type=2 2 2 2 2 2 1 1 2 2 2 1 2 2
left_child=-1 2 4 -3 -2 6 -6 8 -7 -10 -11 -5 -9 -4
right_child=1 3 13 11 5 7 -8 12 9 10 -12 -13 -14 -15
leaf_value=-0.00028628228337336894 -0.00056638756539288606 0.00040512602116526064 -0.0017519591535185418 0.0072512537252449093 0.0008407316103728696 -0.00071462682248390043 0.00016463360682433614 -0.0012920306259856875 7.6438523357420744e-05 -0.00040803255712559383 -1.5325658746695637e-05 -0.003887144406673359 0.00029040482824052745 -0.00033420455461497027
leaf_weight=22494927.348299265 2832243.7171328068 24363380.547916055 2868372.2478785515 323225.81935667992 2057740.3694336414 3004355.305731535 5736232.552482605 898850.91811740398 17776036.695755839 6895189.7459259033 8392730.378326416 732827.9481266737 28043963.837777615 5886700.3287900686
leaf_count=17620 2761 26775 4182 1211 855 1675 4474 5401 9741 2973 4058 2382 27470 8563
internal_value=2.1388e-05 0.000644466 1.59566e-05 0.00273111 0.00043734 0.000665087 0.00435259 0.000223004 -0.00113503 -0.000613458 -0.00255765 -0.00710442 0.00191537 -0.00362448
internal_weight=1.32307e+08 1.09812e+08 8.43924e+07 2.54194e+07 7.56373e+07 7.28051e+07 7.79397e+06 6.50111e+07 3.60683e+07 3.3064e+07 1.52879e+07 1.05605e+06 2.89428e+07 8.75507e+06
internal_count=120141 102521 72153 30368 59408 56647 5329 51318 18447 16772 7031 3593 32871 12745
cat_boundaries=0 1 2 3
cat_threshold=18 28 52
is_linear=0
shrinkage=0.03


Tree=50
num_leaves=15
num_cat=4
split_feature=13 2 3 14 10 13 0 12 0 1 0 0 12 16
split_gain=253660 183237 160549 165728 237713 225196 130025 143933 408382 118182 116359 116180 218883 111848
threshold=1.0620732041146874 1.0000000180025095e-35 1.5000000000000002 0.83304713396108399 0.99451885417014119 0.81704888163572009 0 0.98159646488267815 1 12.500000000000002 2 3 1.0091514731206532 0.066932727782279877
decision_type=2 2 2 2 2 2 1 2 1 2 1 1 2 2
left_child=1 11 6 5 13 -4 -3 8 -8 10 -6 12 -1 -5
right_child=-2 2 3 4 9 -7 7 -9 -10 -11 -12 -13 -14 -15
leaf_value=-4.8362055489962338e-05 0.00032179119753332133 0.00031490645347767902 -0.010437524648336758 -0.00033770143383691169 0.00078700179092642327 -0.00034676100644870399 0.00098726095572086703 -7.4917589326988076e-05 -4.9588070589258085e-05 -0.00022194513281709616 4.8459839902175429e-05 -0.00014177310113211826 -0.0014539815973756232 -0.0021363737875070912
leaf_weight=2730089.915702939 28978815.464329481 17910807.045353293 719070.0282844305 1834723.7098940611 1744901.2720003128 748970.31474673748 1735393.9615840912 40495215.54718554 5430778.7450104952 7351522.4517595768 2482969.1881713867 13305939.391662359 3398465.8537672758 2885203.9342346191
leaf_count=2056 34206 15689 1505 3799 2339 873 633 27188 4073 8245 4386 9504 2587 2568
internal_value=4.7675e-05 -0.000651307 -3.95951e-05 -0.00256917 -0.00169963 -0.0122235 0.000645816 -0.000173118 0.00374589 0.000613434 0.00460996 -0.00327446 -0.00669224 -0.00737426
internal_weight=1.31753e+08 1.02774e+08 8.33396e+07 1.77674e+07 1.62993e+07 1.46804e+06 6.55722e+07 4.76614e+07 7.16617e+06 1.15794e+07 4.22787e+06 1.94345e+07 6.12856e+06 4.71993e+06
internal_count=119651 85445 71298 23715 21337 2378 47583 31894 4706 14970 6725 14147 4643 6367
cat_boundaries=0 1 2 3 4
cat_threshold=67 16 208 138
is_linear=0
shrinkage=0.03


Tree=51
num_leaves=15
num_cat=4
split_feature=10 1 14 11 0 14 0 0 10 0 1 9 1 9
split_gain=225432 257026 191843 169790 226796 185259 182601 161902 123556 142090 121196 348477 255843 168120
threshold=0.85635765199566871 18.500000000000004 1.0065688059576081 0.96422914078869548 0 0.80066380668717885 1 2 0.98405300349683922 3 17.500000000000004 89.500000000000014 8.5000000000000018 89.500000000000014
decision_type=2 2 2 2 1 2 1 1 2 1 2 2 2 2
left_child=1 7 3 6 -5 -6 -2 -1 9 -4 11 12 -7 -12
right_child=2 -3 8 4 5 10 -8 -9 -10 -11 13 -13 -14 -15
leaf_value=-0.00019240572739802678 0.00070109744090549151 0.00086860207553973712 -0.0017454966722209402 0.00052176115683622178 -0.00093102113228425937 -0.00035240073456403422 -2.347732495825919e-05 -0.0012375703775627802 0.00032555877972370535 3.7204671470830711e-05 -0.00090734695954226092 -0.00015528873315697774 0.00073265145409734931 -0.00017486194351471696
leaf_weight=3999488.7305464745 3526116.3186594248 1595025.1364827156 1166446.4089983702 6044173.6272064447 4506797.215057373 1519077.4536908865 4945352.6823086739 5023962.3168932199 33547761.283891678 5666420.8054578304 3070189.7540273666 39361747.075789928 6756749.7092905045 11442964.025400639
leaf_count=3749 2280 2508 1373 7012 6048 2033 3452 4318 36008 5775 2887 27894 4227 10512
internal_value=-1.38741e-05 -0.00420579 0.000352316 -0.000488287 -0.000956645 -0.0014612 0.00353114 -0.00616814 0.00204209 -0.00163493 -0.00103531 -0.000304094 0.00529174 -0.00343545
internal_weight=1.32172e+08 1.06185e+07 1.21554e+08 8.11732e+07 7.27017e+07 6.66575e+07 8.47147e+06 9.02345e+06 4.03806e+07 6.83287e+06 6.21507e+07 4.76376e+07 8.27583e+06 1.45132e+07
internal_count=120076 10575 109501 66345 60613 53601 5732 8067 43156 7148 47553 34154 6260 13399
cat_boundaries=0 1 2 3 4
cat_threshold=64 177 401 64
is_linear=0
shrinkage=0.03


Tree=52
num_leaves=15
num_cat=2
split_feature=2 13 0 12 10 10 12 12 0 2 14 2 1 2
split_gain=256174 187578 131127 182201 178800 105297 104080 141657 107441 144565 183306 125329 101792 99342.7
threshold=1.0000000180025095e-35 1.0045068259632339 0 1.0091514731206532 1.0804981498706023 0.96771506909300131 0.92324355344902431 0.98244423354187715 1 4.5000000000000009 0.81770397650469617 2.5000000000000004 17.500000000000004 3.5000000000000004
decision_type=2 2 1 2 2 2 2 2 1 2 2 2 2 2
left_child=2 6 3 -1 -4 12 -2 -8 11 -10 -11 -9 -3 -13
right_child=1 5 4 -5 -6 -7 7 8 9 10 -12 13 -14 -15
leaf_value=-6.0447664967635059e-05 -0.00078375930068898465 -0.00080079398873336043 -0.00027668968363539921 -0.0012355977233773454 0.00047383007347497693 0.00024951513780102343 0.00041466831913238239 -0.00034704052037226254 0.00023715543317817049 -0.0080959030678946671 -0.00035199125420952188 0.00022764231658072012 0.0010605830903757036 -0.00022170837507512033
leaf_weight=3078794.7837284803 2731585.9551913738 2787618.5930067301 11738551.11918819 4141165.075171113 3656912.1872367859 47189031.07677865 7270951.431936264 10760926.869060159 17994532.704542875 556877.01355648041 4170830.0523805618 4463023.1744608879 962579.82719612122 10596220.817361712
leaf_count=2468 2866 3495 8432 3421 3398 43369 5874 5516 20016 1166 8835 2273 1617 7386
internal_value=2.36255e-05 0.000624059 -0.00288315 -0.0062189 -0.00131879 0.00195529 -0.000534232 -0.0002544 -0.000839332 0.000665192 -0.00400326 -0.00216334 -0.00288306 -0.000396525
internal_weight=1.321e+08 1.09484e+08 2.26154e+07 7.21996e+06 1.53955e+07 5.09392e+07 5.85449e+07 5.58134e+07 4.85424e+07 2.27222e+07 4.72771e+06 2.58202e+07 3.7502e+06 1.50592e+07
internal_count=120132 102413 17719 5889 11830 48481 53932 51066 45192 30017 10001 15175 5112 9659
cat_boundaries=0 1 2
cat_threshold=138 28
is_linear=0
shrinkage=0.03


Tree=53
num_leaves=15
num_cat=2
split_feature=13 2 3 14 10 0 0 12 10 14 14 2 14 12
split_gain=235230 185066 151900 138699 125175 105033 100746 159535 128069 92980 87204.8 86968.8 120356 80258.6
threshold=1.101563610864831 1.0000000180025095e-35 2.5000000000000004 1.4099493185269965 0.99451885417014119 0 1 1.0091514731206532 1.022958258627247 0.8855936432621675 0.9753416146742816 4.5000000000000009 1.0406395174608174 0.92324355344902431
decision_type=2 2 2 2 2 1 1 2 2 2 2 2 2 2
left_child=1 6 13 11 -4 -5 7 -1 10 -6 -8 -2 -13 -3
right_child=3 2 4 5 9 -7 8 -9 -10 -11 -12 12 -14 -15
leaf_value=-7.688070206006954e-05 0.00037643971665381025 -0.00051748409037548544 -0.0017473661115763395 0.0057112195665897821 -0.0024773378655860352 -0.003769775528972342 -0.00090194235203061948 -0.0012599435547890714 7.1157927549011187e-05 -4.3648492157020722e-06 -0.00013286850447756857 0.00042611581400444693 0.0025958181188702237 6.2932463909011778e-05
leaf_weight=2945646.5424970388 12372804.483491778 2729353.8329470158 2899534.5852987766 328610.85001349449 700430.96609282494 736927.12090289593 2937313.1182208061 3629121.7135746479 7867993.6974115372 5933595.8250886202 3399905.8972735405 2201088.8524800539 1766039.757838726 81506025.121346354
leaf_count=2201 14161 2604 4180 1315 1433 2505 2216 2773 5954 8254 1955 3470 3531 63149
internal_value=1.12246e-06 -0.000492623 7.50294e-05 0.00325056 -0.00351411 -0.00723653 -0.00305414 -0.00612454 -0.00163302 -0.00124148 -0.00480699 0.00393443 0.00779965 0.00048124
internal_weight=1.31954e+08 1.14549e+08 9.37689e+07 1.74055e+07 9.53356e+06 1.06554e+06 2.078e+07 6.57477e+06 1.42052e+07 6.63403e+06 6.33722e+06 1.63399e+07 3.96713e+06 8.42354e+07
internal_count=119701 94719 79620 24982 13867 3820 15099 4974 10125 9687 4171 21162 7001 65753
cat_boundaries=0 1 2
cat_threshold=52 138
is_linear=0
shrinkage=0.03


Tree=54
num_leaves=15
num_cat=3
split_feature=10 14 16 0 0 12 0 16 10 16 9 1 9 1
split_gain=198206 188223 144994 154502 141059 144273 300247 122516 121897 117113 128531 456877 181531 140532
threshold=0.78049706914582051 1.0051720084524249 0.06641745348188037 0 1 0.98244423354187715 2 0.053809047178824766 0.98405300349683922 0.026207644131640232 89.500000000000014 17.500000000000004 74.500000000000014 9.5000000000000018
decision_type=2 2 2 1 1 2 1 2 2 2 2 2 2 2
left_child=-1 4 -3 -4 -2 6 -6 -8 -5 -7 11 12 -11 -12
right_child=1 2 3 8 5 9 7 -9 -10 10 13 -13 -14 -15
leaf_value=-0.0007898919917183764 0.00047464901599497737 0.00046121650246040095 0.00028515044230295903 -0.0012133896031431743 0.00074900318881066148 -0.0011945048678952597 0.0011114500221978904 -0.00027080275492538289 -9.0618455194782331e-05 9.2063191161126062e-05 6.0519500893584396e-05 -0.00085570763740943192 0.00082612543425838417 -0.00027903089993117292
leaf_weight=5018132.2105075121 6195090.4639701843 24104542.678460121 9537659.6098833084 2309283.0422363281 2911966.8151048422 2935043.1109733582 1414377.2328749895 6616867.3265991211 7420616.90625 3751970.0910177231 13381100.6849823 2565758.63534832 4091811.4463226795 39738751.608352661
leaf_count=5727 7254 34535 6494 1182 1564 13741 2445 3645 3732 2418 7515 1833 2642 25165
internal_value=5.73854e-05 0.000288494 0.00189212 -4.79911e-05 -0.000543449 -0.000892062 0.0022998 -0.000692399 -0.00270774 -0.0014176 -0.00114692 0.00190133 0.00549593 -0.00174426
internal_weight=1.31993e+08 1.26975e+08 4.33721e+07 1.92676e+07 8.36027e+07 7.74076e+07 1.09432e+07 8.03124e+06 9.7299e+06 6.64644e+07 6.35294e+07 1.04095e+07 7.84378e+06 5.31199e+07
internal_count=119892 114165 45943 11408 68222 60968 7654 6090 4914 53314 39573 6893 5060 32680
cat_boundaries=0 1 2 3
cat_threshold=433 64 144
is_linear=0
shrinkage=0.03


Tree=55
num_leaves=15
num_cat=2
split_feature=2 9 9 16 16 2 0 16 12 11 11 3 0 12
split_gain=230366 181085 220797 320081 259346 209604 166801 151666 133447 284110 262778 199657 125227 161419
threshold=1.0000000180025095e-35 68.500000000000014 89.500000000000014 0.051292865818768199 0.065311385431554583 3.5000000000000004 0 0.063215648643965172 0.99523338337776046 0.99469405307571501 0.98059644709439753 1.0000000180025095e-35 1 1.0091514731206532
decision_type=2 2 2 2 2 2 1 2 2 2 2 2 1 2
left_child=12 5 3 -3 -4 7 -5 -2 9 11 -10 -6 13 -1
right_child=1 2 4 6 8 -7 -8 -9 10 -11 -12 -13 -14 -15
leaf_value=-6.4652445101155738e-05 0.00089476967469351645 -0.00079344098506450714 0.00026402447933287582 -1.4270250120841787e-05 0.00028498109529260547 -0.0013990091762264435 0.00076081436186097061 -0.00059020364818060443 -0.00106440376195747 -0.0018518712963500774 3.2935537051224512e-05 -0.00090396155909190905 -0.00010846546458460137 -0.0013032320722185845
leaf_weight=3104294.6843162775 1309864.8413188457 2033523.2327308655 44679022.030497193 2731740.9140625 4217684.6367492676 1880785.6273782253 8653323.2445610762 1449581.361328125 3225420.8068847656 2635743.2637329102 32769543.887613058 3952335.2897644043 15354521.682693243 4130640.9024717808
leaf_count=2493 1448 5333 58520 1635 1906 2094 5617 692 1854 1449 18742 2918 11769 3421
internal_value=-2.0864e-05 0.000547992 0.000804537 0.00439824 0.0002774 -0.00525155 0.00635643 1.23855e-05 -0.00128332 -0.00420709 -0.000405596 -0.00144411 -0.0027793 -0.00603331
internal_weight=1.32128e+08 1.09539e+08 1.04898e+08 1.34186e+07 9.14797e+07 4.64023e+06 1.13851e+07 2.75945e+06 4.68007e+07 1.08058e+07 3.5995e+07 8.17002e+06 2.25895e+07 7.23494e+06
internal_count=119891 102208 97974 12585 85389 4234 7252 2140 26869 6273 20596 4824 17683 5914
cat_boundaries=0 1 2
cat_threshold=68 138
is_linear=0
shrinkage=0.03


Tree=56
num_leaves=15
num_cat=4
split_feature=2 16 10 9 9 1 12 0 0 0 16 0 12 10
split_gain=218733 173652 197791 161772 244034 289861 132476 124411 117114 99349.3 94121.7 93417.2 168239 146509
threshold=1.0000000180025095e-35 0.05852787979769019 0.88066046847211721 68.500000000000014 89.500000000000014 17.500000000000004 0.98244423354187715 0 1 2 0.051942812090352376 3 1.0091514731206532 1.0804981498706023
decision_type=2 2 2 2 2 2 2 1 1 1 2 1 2 2
left_child=11 6 9 -4 5 7 8 -5 -2 -3 -10 12 -1 -13
right_child=1 2 3 4 -6 -7 -8 -9 10 -11 -12 13 -14 -15
leaf_value=-1.0202052486850256e-05 0.0016751693060122767 -0.00011902931596494633 -0.0006526076635970144 0.0010059069310491147 -1.2763602890901483e-05 -0.00038146847766812325 0.00019781313876723623 0.0006096871940448462 0.0017325644013570717 -0.0010053106831747506 -3.3838146765438795e-05 -0.00023158789755602601 -0.0011999704349423147 0.00041820018137276503
leaf_weight=3047611.7177212238 1134315.6864687204 2701351.892578125 3019036.6244683266 2033267.6430358887 52940329.133425713 1781540.1326673031 32978274.705109954 4691733.0448045731 2071619.3028199673 4094355.937286377 1994482.9625854492 11708933.131164551 4120421.6364884377 3554056.1420402527
leaf_count=2454 1136 1982 1806 1306 31905 1023 50939 2937 5463 2385 1426 8416 3391 3360
internal_value=9.34859e-05 0.000646631 -0.00022806 0.000285095 0.000618209 0.00533463 0.00227927 0.00818494 0.00672941 -0.00509599 0.00435152 -0.00260529 -0.00543036 -0.00127853
internal_weight=1.31871e+08 1.0944e+08 7.12616e+07 6.44659e+07 6.14469e+07 8.50654e+06 3.81787e+07 6.725e+06 5.20042e+06 6.79571e+06 4.0661e+06 2.2431e+07 7.16803e+06 1.5263e+07
internal_count=119929 102308 43344 38977 37171 5266 58964 4243 8025 4367 6889 17621 5845 11776
cat_boundaries=0 1 2 3 4
cat_threshold=176 17 401 138
is_linear=0
shrinkage=0.03


Tree=57
num_leaves=15
num_cat=3
split_feature=2 13 0 14 3 14 10 2 10 12 0 0 12 10
split_gain=200843 149047 148131 192817 142163 192604 219586 152951 209904 115064 135803 97083.4 186489 159692
threshold=1.0000000180025095e-35 1.0945477635744816 0 1.4099493185269965 1.0000000180025095e-35 0.91710045033201182 0.9848991912119649 2.5000000000000004 1.1413265287497878 1.0237498270125132 1 2 1.0091514731206532 1.0804981498706023
decision_type=2 2 1 2 2 2 2 2 2 2 1 1 2 2
left_child=11 4 -3 -4 7 9 -7 8 -2 -6 -11 12 -1 -13
right_child=1 2 3 -5 5 6 -8 -9 -10 10 -12 13 -14 -15
leaf_value=-1.2005726378255567e-05 -8.2729102303257174e-05 0.0012421523922310619 0.00040391703692122124 -0.0034505010531217526 -0.00045395558222905558 -0.0010320671342529814 9.4359506576413002e-05 0.00035327537110438361 0.00065709175685176339 -9.3919665463015022e-05 -0.0019605570184019075 -0.00025132492815091998 -0.0012063845872659603 0.00042149604625203778
leaf_weight=3121316.0072633028 33278671.436720252 2224210.2723897696 14031579.841980934 878728.94919526577 5469819.8109846115 5573606.7916132212 23325489.911650777 17304006.296446443 4321338.5818032026 903475.51767373085 2035805.7289594412 11707556.248269677 4209768.0444864035 3631977.9379849434
leaf_count=2522 23217 2066 18554 2989 5519 6683 23029 12281 3928 1293 2374 8398 3462 3397
internal_value=-4.69037e-05 0.000485895 0.00305533 0.00197798 8.45245e-06 -0.00142051 -0.000257762 0.000979454 -9.4719e-05 -0.00541645 -0.0102037 -0.00261674 -0.00545651 -0.00125955
internal_weight=1.32017e+08 1.09347e+08 1.71345e+07 1.49103e+07 9.22122e+07 3.73082e+07 2.88991e+07 5.4904e+07 3.76e+07 8.4091e+06 2.93928e+06 2.26706e+07 7.33108e+06 1.53395e+07
internal_count=119712 101933 23609 21543 78324 38898 29712 39426 27145 9186 3667 17779 5984 11795
cat_boundaries=0 1 2 3
cat_threshold=16 325 138
is_linear=0
shrinkage=0.03


Tree=58
num_leaves=15
num_cat=4
split_feature=13 0 14 12 11 1 10 0 12 0 11 12 0 12
split_gain=179095 138681 183026 135845 153251 162901 162357 205144 218270 177314 185824 231622 212422 209188
threshold=1.1040890199744662 0 1.4099493185269965 0.92324355344902431 0.88726764062237595 17.500000000000004 1.0076829688863238 1 1.0018254659386108 2 1.0256949624400986 1.001370405092715 3 1.0052579752399988
decision_type=2 1 2 2 2 2 2 1 2 1 2 2 1 2
left_child=3 -2 -3 -1 5 -5 7 -6 -9 -8 13 -12 -13 -11
right_child=1 2 -4 4 6 -7 9 8 -10 10 11 12 -14 -15
leaf_value=-0.00075984951974094423 0.001499694793721884 0.00039083192489828243 -0.0033302463964880696 0.00018944944019602976 -0.00077996157675946508 0.0015071884573327342 0.00041183442160777818 0.00035841329086276277 -0.00033759547664743425 0.00037917760998353061 -0.0010245128701060517 -0.00063622668397711793 3.0293048773570421e-05 -0.00015106828182973286
leaf_weight=3793050.7197905779 1856881.3928803205 14203289.70077908 859430.28143012524 4462204.6275070906 9666309.8134702444 1289868.0670027733 16203118.632471204 8020598.8877801895 11820213.917298317 11569043.272441864 3602304.869884491 9574844.641959548 26863003.20770824 8619257.3241891861
leaf_count=3902 1948 19436 3266 3393 7428 1273 20969 5964 9947 7433 2666 7930 18835 5565
internal_value=2.49285e-05 0.0029075 0.00195387 -0.000397398 -0.000207785 0.00456124 -0.000466725 -0.0023569 -0.000610929 0.000262996 -0.000486476 -0.00166972 -0.00095229 0.00186029
internal_weight=1.32403e+08 1.69196e+07 1.50627e+07 1.15484e+08 1.11691e+08 5.75207e+06 1.05939e+08 2.95071e+07 1.98408e+07 7.64316e+07 6.02285e+07 4.00402e+07 3.64378e+07 2.01883e+07
internal_count=119955 24650 22702 95305 91403 4666 86737 23339 15911 63398 42429 29431 26765 12998
cat_boundaries=0 1 2 3 4
cat_threshold=16 324 352 136
is_linear=0
shrinkage=0.03


Tree=59
num_leaves=15
num_cat=0
split_feature=12 11 2 9 9 1 16 12 2 11 1 1 1 12
split_gain=167975 146382 136180 164596 292534 378164 227779 173817 163936 122980 108866 209470 105537 94801.9
threshold=0.92324355344902431 1.2504224695822432 1.0000000180025095e-35 74.500000000000014 89.500000000000014 18.500000000000004 0.053380709878578576 0.98159646488267815 3.5000000000000004 1.032815580354387 9.5000000000000018 16.500000000000004 13.500000000000002 1.0671690946621852
decision_type=2 2 2 2 2 2 2 2 2 2 2 2 2 2
left_child=-1 2 -2 8 5 9 7 -6 10 -5 -4 -12 -9 -8
right_child=1 -3 3 4 6 -7 13 12 -10 -11 11 -13 -14 -15
leaf_value=-0.00076984124979756865 -0.00016947761211066911 -0.001260082064038531 -0.000675557902570828 0.00092976308173180232 0.0019279717281043829 -0.00093965562483857299 -8.1045351468168867e-05 0.00061087571529837943 -0.0010075092000935632 0.00049767404288016083 0.00089564426552719877 -0.00036078247339888447 -1.2791610242034534e-05 0.0002915726421750663
leaf_weight=3944768.3011204004 21471055.052228451 2305463.4070498943 1462395.5300196409 4927425.9397468567 2281852.9319484234 1416957.6663146019 59227374.012886643 7935117.3981684446 3298931.1149904728 2929132.8286924362 2195398.6957702637 1672183.8922953606 7338519.2263514996 9449533.3141534328
leaf_count=4367 16677 2065 1407 3470 4550 2104 35041 19548 3578 3324 1419 1373 14090 6784
internal_value=-2.04831e-07 0.000187835 0.000325329 0.00077387 0.00113238 0.00619537 0.000587896 0.00363749 -0.00319411 0.00876814 5.90421e-05 0.00269547 0.00248368 -0.000191654
internal_weight=1.31856e+08 1.27911e+08 1.25606e+08 1.04135e+08 9.55059e+07 9.27352e+06 8.62324e+07 1.75555e+07 8.62891e+06 7.85656e+06 5.32998e+06 3.86758e+06 1.52736e+07 6.86769e+07
internal_count=119797 115430 113365 96688 88911 8898 80013 38188 7777 6794 4199 2792 33638 41825
is_linear=0
shrinkage=0.03


Tree=60
num_leaves=15
num_cat=4
split_feature=10 14 10 0 1 0 10 12 0 1 14 1 0 12
split_gain=180070 156612 178286 154281 109136 95455.7 210240 123164 259474 99815.6 105101 154511 92295.8 91738.1
threshold=1.2883310473777285 1.0051720084524249 0.96771506909300131 0 18.500000000000004 1 0.96771506909300131 0.98244423354187715 2 10.500000000000002 0.86110299051130601 8.5000000000000018 3 0.95636642102347713
decision_type=2 2 2 1 2 1 2 2 1 2 2 2 1 2
left_child=1 5 3 -3 -5 6 -1 8 -7 10 11 12 -9 -10
right_child=-2 2 -4 4 -6 7 -8 9 13 -11 -12 -13 -14 -15
leaf_value=-0.0059907136982655261 -0.0014178776119128877 -0.0016034086906206693 0.0002846721477875716 -0.00032469015276418881 0.0015453481334246875 0.00067893109029436543 0.00039910193994455796 0.0010030283705974607 -0.00055376147652314532 -0.00024988990829919702 -6.4053723576627331e-05 -0.00043848591954010765 0.00024336865948763564 0.00019651489115375578
leaf_weight=1794773.0243464708 2305982.1684852839 1890046.4364314079 37867586.62024188 3629085.6873334646 1036303.8395299911 2690146.5585258007 12204658.322922587 1005799.6171439886 3474947.2892918587 41267012.982560158 15294912.991981387 1059158.0240280628 690766.55759489536 5956427.1836774349
leaf_count=1579 2052 2495 39463 4205 1752 1155 12362 1426 3652 29803 12983 854 1744 4178
internal_value=5.28746e-05 0.000200434 0.00164526 -0.00292256 6.78586e-06 -0.00055079 0.00171442 -0.000994687 0.00176086 -0.00155778 0.00030295 0.00569599 0.0113088 -0.000583316
internal_weight=1.32168e+08 1.29862e+08 4.4423e+07 6.55544e+06 4.66539e+06 8.54386e+07 1.39994e+07 7.14392e+07 1.21215e+07 5.93177e+07 1.80506e+07 2.75572e+06 1.69657e+06 9.43137e+06
internal_count=119703 117651 47915 8452 5957 69736 13941 55795 8985 46810 17007 4024 3170 7830
cat_boundaries=0 1 2 3 4
cat_threshold=66 66 16 21
is_linear=0
shrinkage=0.03


Tree=61
num_leaves=15
num_cat=1
split_feature=13 2 3 10 2 3 14 14 9 9 1 0 11 11
split_gain=166230 130187 125024 119357 108756 206545 141022 99336.8 97853.3 164037 332071 125105 156311 150017
threshold=1.074271503192892 1.0000000180025095e-35 2.5000000000000004 0.99451885417014119 4.5000000000000009 2.5000000000000004 1.0372213097697585 0.8855936432621675 68.500000000000014 89.500000000000014 18.500000000000004 0 0.93203134380749886 1.1219708317889039
decision_type=2 2 2 2 2 2 2 2 2 2 2 1 2 2
left_child=1 -1 8 -4 5 -2 -6 -5 -3 10 -10 -11 -13 -14
right_child=4 2 3 7 6 -7 -8 -9 9 11 -12 12 13 -15
leaf_value=-0.00023129543637084401 0.0002415369871210589 -0.00053991116874542401 -0.0016672745964143238 -0.0024200556719434579 0.00024806307933815109 -0.0040610026520232689 0.002121738342525169 6.2207165769339671e-05 0.00063530423846730293 0.00026751010872344381 -0.00080253235541351471 0.00035823190714409967 -0.00018291470798512116 0.00040539771500598399
leaf_weight=19966652.576914907 18520753.975455403 3256685.1222481728 2714768.3921715021 693890.69775140285 3014321.5467120409 1105006.8374167681 2239777.8374472857 5536515.4870351553 7699713.6545438766 17939502.462687254 1586893.8231811523 7256555.6768325567 36068621.830837965 4624194.0105665922
leaf_count=14539 19711 2630 3945 1397 4395 1904 4954 7741 5586 16897 1978 5147 24466 4617
internal_value=0.000110739 -0.000401363 9.80606e-05 -0.00326219 0.0023202 0.00129394 0.00615362 -0.000974699 0.000481296 0.000701848 0.00443462 0.000175739 -0.00062385 -0.00134717
internal_weight=1.32224e+08 1.07344e+08 8.73773e+07 8.94517e+06 2.48799e+07 1.96258e+07 5.2541e+06 6.23041e+06 7.84322e+07 7.51755e+07 9.28661e+06 6.58889e+07 4.79494e+07 4.06928e+07
internal_count=119907 88943 74404 13083 30964 21615 9349 9138 61321 58691 7564 51127 34230 29083
cat_boundaries=0 1
cat_threshold=67
is_linear=0
shrinkage=0.03


Tree=62
num_leaves=15
num_cat=2
split_feature=10 11 1 10 10 0 12 12 12 0 11 11 11 12
split_gain=175323 216636 186239 170337 172464 321308 158517 136258 124372 134703 165113 163380 161131 146119
threshold=0.85635765199566871 0.88726764062237595 18.500000000000004 1.2540893860992715 1.0854075201444009 0 1.0166521525691514 1.0336496147759966 1.0312643583499335 1 0.98059644709439753 1.0507163897489569 1.065400449660032 1.0091514731206532
decision_type=2 2 2 2 2 1 2 2 2 1 2 2 2 2
left_child=2 -2 -1 4 7 6 -6 8 9 10 -3 -11 -13 -12
right_child=1 3 -4 -5 5 -7 -8 -9 -10 11 13 12 -14 -15
leaf_value=-0.00061453895535855787 0.00067357031183502673 -0.0013068589943242208 0.00074040598807622563 -0.0009553244239456193 0.00087515296431969671 0.00062788217270745225 -0.00041362046507933205 -0.00037829713291872094 0.00050682095337440194 -2.1791433299141049e-05 0.0014008612307634721 -0.0013961258443473913 1.1567719588126102e-05 0.00012187162519842714
leaf_weight=9236935.6070837975 3587919.8927063942 1256158.3676954508 1595493.4972157478 3215600.4545227289 1436884.8406082392 18809088.151181221 8146543.0220431089 11640793.736591578 2587044.0524775982 56045552.674245477 4299220.6110423803 2430131.1261076927 1870171.6706930399 6099113.1425969601
leaf_count=8137 2312 1694 2523 3038 2166 22272 7295 11224 1794 40972 5215 1949 1470 7927
internal_value=5.15224e-05 0.000377766 -0.00360545 0.000156652 0.000347697 0.00237567 -0.00209532 -0.000320057 0.000151068 -8.11442e-05 0.00287155 -0.000651394 -0.00628671 0.00411265
internal_weight=1.32257e+08 1.21424e+08 1.08324e+07 1.17836e+08 1.14621e+08 2.83925e+07 9.58343e+06 8.62282e+07 7.45874e+07 7.20003e+07 1.16545e+07 6.03459e+07 4.3003e+06 1.03983e+07
internal_count=119988 109328 10660 107016 103978 31733 9461 72245 61021 59227 14836 44391 3419 13142
cat_boundaries=0 1 2
cat_threshold=152 98
is_linear=0
shrinkage=0.03


Tree=63
num_leaves=15
num_cat=0
split_feature=14 10 16 9 9 2 12 12 12 12 12 16 12 1
split_gain=181051 137510 131751 121648 143357 111294 145788 128999 109028 108142 100051 97404.8 97329.9 105450
threshold=0.9804854084216662 1.009035500706591 0.053537133397368319 74.500000000000014 87.500000000000014 4.5000000000000009 1.0671690946621852 1.037029864854154 1.0185072359810103 1.0215739068061271 1.0336496147759966 0.065815805334954 1.0264271478443214 17.500000000000004
decision_type=2 2 2 2 2 2 2 2 2 2 2 2 2 2
left_child=-1 2 -2 -3 10 6 9 -7 -4 11 -5 -6 -11 -14
right_child=1 3 8 4 5 7 -8 -9 -10 12 -12 -13 13 -15
leaf_value=-0.00011190716201466028 0.00058503269760554612 -0.0002264625000458014 -6.2768113184024618e-05 0.00077316929250552575 0.00047296312114853268 0.0012873508234828685 0.00061258643318824117 1.8551172154417979e-05 -0.00077720284360467532 -0.0014428487954531546 0.00020301547005322521 -0.00010670917104286764 0.00013927908016915736 -0.00059184364985958454
leaf_weight=63569779.569638968 5473458.2453671694 4917042.1751244068 15036129.243779182 3426253.759074688 7325054.4898707867 4249034.4397456646 6211670.1830255985 2666134.7103176117 3959949.389831543 1922199.2721656561 1969929.5262542963 5968418.3902893066 4094377.1431523561 1708914.372426033
leaf_count=54981 11453 3976 8423 2686 8079 6197 5902 4616 2864 1281 1861 2768 3274 1589
internal_value=8.5093e-05 0.00115007 -0.000656082 0.00214415 0.00269753 0.00197944 0.00111634 0.00537817 -0.00183772 -7.69653e-05 0.00724141 0.00156346 -0.00289969 -0.000961738
internal_weight=1.32498e+08 6.89286e+07 2.44695e+07 4.4459e+07 3.9542e+07 3.41458e+07 2.72306e+07 6.91517e+06 1.89961e+07 2.1019e+07 5.39618e+06 1.32935e+07 7.72549e+06 5.80329e+06
internal_count=119950 64969 22740 42229 38253 33706 22893 10813 11287 16991 4547 10847 6144 4863
is_linear=0
shrinkage=0.03


Tree=64
num_leaves=15
num_cat=4
split_feature=2 16 1 0 11 14 0 1 9 0 14 1 0 14
split_gain=127124 122577 146277 113944 86531.9 211032 160140 112010 115275 89057.8 106545 88139.1 81977.3 79161.3
threshold=1.0000000180025095e-35 0.065081415764580611 10.500000000000002 0 0.98543013854132477 0.95294090406745047 1 18.500000000000004 84.500000000000014 2 0.86472078848466893 18.500000000000004 3 0.86110299051130601
decision_type=2 2 2 1 2 2 1 2 2 1 2 2 1 2
left_child=-1 4 13 -4 6 9 -2 -7 -9 10 -6 -8 -10 -3
right_child=1 2 3 -5 5 7 11 8 12 -11 -12 -13 -14 -15
leaf_value=-0.00018874204415685118 -0.00010901862670609046 0.00049714209949870268 -0.00043988032585667739 -2.643764915113681e-05 -0.0015787772459597111 0.00039481677805845499 0.00056923002060725971 -0.0010625179503002725 -0.00037988591904636315 -6.1109890624233909e-05 -0.00027606298750806896 0.0015878141072582909 0.00050500925189797877 7.665373576639498e-05
leaf_weight=22716674.139190435 4147533.5541713238 2565120.9341430664 15176346.594025254 23243309.2109375 1015573.7516386509 21754104.592708826 5148184.0689995289 1301322.6410031319 2510494.7835736275 6714971.426174283 3249278.2098135948 2110582.3950042725 5147459.2930572033 15658928.833127737
leaf_count=17704 5533 1230 7864 16308 1414 24731 6276 1928 2603 11778 3107 3318 8958 7192
internal_value=0.000121807 0.000544648 -0.0004261 -0.00147608 0.00158019 0.000946752 0.00389558 0.00222289 -0.000600165 -0.00262293 -0.00601315 0.00658254 0.000802611 0.00178744
internal_weight=1.3246e+08 1.09743e+08 5.66437e+07 3.84197e+07 5.30995e+07 4.16932e+07 1.14063e+07 3.07134e+07 8.95928e+06 1.09798e+07 4.26485e+06 7.25877e+06 7.65795e+06 1.8224e+07
internal_count=119944 102240 32594 24172 69646 54519 15127 38220 13489 16299 4521 9594 11561 8422
cat_boundaries=0 1 2 3 4
cat_threshold=268 324 25 144
is_linear=0
shrinkage=0.03


Tree=65
num_leaves=15
num_cat=3
split_feature=14 10 0 10 2 0 3 13 1 11 11 11 10 0
split_gain=160769 138614 163060 150086 125610 162011 123335 96481.9 95881.1 95159 89981 88324 92698.5 140486
threshold=0.9804854084216662 0.99583216397804264 0 0.99369075874247714 4.5000000000000009 1 1.5000000000000002 1.133388147547441 12.500000000000002 0.99822994240748986 1.047523789452393 1.2504224695822432 1.022958258627247 2
decision_type=2 2 1 2 2 1 2 2 2 2 2 2 2 1
left_child=11 2 -2 6 5 10 -4 8 -6 -8 -3 12 -1 -14
right_child=1 4 3 -5 7 -7 9 -9 -10 -11 -12 -13 13 -15
leaf_value=-0.00025314939416778097 -0.0015745636509212897 0.0001672448591633852 0.00018964383312837919 -0.0022555547160643848 0.00072753530680269964 -1.8422713436359039e-05 -0.0016255887361818315 0.002035848400493374 0.00013478078883152951 0.0007035321834536856 0.00088420146247940258 -0.0012614960182902456 0.00028738020994717385 -0.00014493816620963845
leaf_weight=23156339.621458292 1743578.0240260363 7054174.2296534777 11806531.71194315 1106636.1276270151 2377518.3457587957 27462381.116040468 2733952.7590472698 1992788.9907559156 4976911.1665278673 631947.42130434513 6777171.8884061575 2212023.3085062504 12713984.683546066 25509089.81135273
leaf_count=19368 2175 6843 9421 839 4205 18192 4487 4248 5573 849 7981 1823 11365 22469
internal_value=-1.06149e-05 0.000995975 -0.00126348 -0.000329592 0.00180009 0.00108924 0.000448357 0.00494047 0.0033539 -0.00461743 0.00373706 -0.00109749 -0.000885243 2.21978e-05
internal_weight=1.32255e+08 6.86636e+07 1.80226e+07 1.62791e+07 5.06409e+07 4.12937e+07 1.51724e+07 9.34722e+06 7.35443e+06 3.3659e+06 1.38313e+07 6.35914e+07 6.13794e+07 3.82231e+07
internal_count=119838 64813 17771 15596 47042 33016 14757 14026 9778 5336 14824 55025 53202 33834
cat_boundaries=0 1 2 3
cat_threshold=64 354 70
is_linear=0
shrinkage=0.03


Tree=66
num_leaves=15
num_cat=2
split_feature=2 16 10 12 12 12 14 9 9 0 9 0 1 16
split_gain=143661 137654 157458 183306 115064 162099 118629 111702 203438 129523 116492 104883 104050 97419.3
threshold=1.0000000180025095e-35 0.065081415764580611 0.97838886247834644 1.0189249967437959 0.98244423354187715 0.92324355344902431 0.98692620893929284 68.500000000000014 83.500000000000014 0 74.500000000000014 1 16.500000000000004 0.033731398184704074
decision_type=2 2 2 2 2 2 2 2 2 1 2 1 2 2
left_child=-1 4 3 11 5 -2 13 -4 10 -10 -9 -3 -7 -6
right_child=1 2 7 -5 6 12 -8 8 9 -11 -12 -13 -14 -15
leaf_value=-0.00018404587082817504 -0.00031236534247835231 0.00023239530795385183 -0.00058737815055448148 -0.0015404923255695397 -0.0008889284848041649 0.0006579283441188763 0.00030379409436676942 6.5448958166998463e-05 0.00074039914752721937 -6.9549680198367813e-05 0.00093683986752437424 -0.00064719836790125805 0.0020745333247893212 3.5330842572346443e-05
leaf_weight=22507640.252422333 1682944.439027071 3050531.7087097168 2380876.2717051506 2588337.9533996582 3030842.3742489815 3990439.0776042938 25788691.879476309 2009363.5698571205 2991982.265625 36640006.715902925 2937983.3168108463 4143146.643371582 1651770.6807794571 17171147.31975174
leaf_count=17600 2574 1372 1350 1752 12563 4571 34061 1079 2267 20146 1775 2866 2332 13664
internal_value=0.000165506 0.000612117 -0.000416327 -0.00387892 0.00170665 0.00519878 0.00115045 0.000304947 0.00064308 -7.29553e-05 0.00637906 -0.00141555 0.0076361 -0.000571022
internal_weight=1.32566e+08 1.10058e+08 5.67422e+07 9.78202e+06 5.33158e+07 7.32515e+06 4.59907e+07 4.69602e+07 4.45793e+07 3.9632e+07 4.94735e+06 7.19368e+06 5.64221e+06 2.0202e+07
internal_count=119972 102372 32607 5990 69765 9477 60288 26617 25267 22413 2854 4238 6903 26227
cat_boundaries=0 1 2
cat_threshold=64 19
is_linear=0
shrinkage=0.03


Tree=67
num_leaves=15
num_cat=2
split_feature=2 16 9 9 12 0 14 12 11 11 7 12 16 0
split_gain=137012 128365 135397 226166 126897 159304 112679 111694 239448 219536 129162 111608 98873.5 92211.3
threshold=1.0000000180025095e-35 0.069300023199382402 68.500000000000014 89.500000000000014 0.98244423354187715 0 0.95673257874858531 0.99523338337776046 0.99469405307571501 0.98059644709439753 1.0000000180025095e-35 1.1153931218449846 0.044870415960815466 1
decision_type=2 2 2 2 2 1 2 2 2 2 2 2 2 1
left_child=-1 4 -3 13 5 -2 -6 8 10 -9 -5 -8 -7 -4
right_child=1 2 3 7 6 12 11 9 -10 -11 -12 -13 -14 -15
leaf_value=-0.00018206124161586275 0.0010682689246047533 -0.00078454961569878053 0.00092017049118108224 0.00013171153496212401 -0.00014737784857226703 0.0018389752474769249 0.00016218078911485438 -0.0010516998577073033 -0.0017540681382469238 5.2637620497003555e-05 -0.001355137922021537 0.0011415291611592544 0.00012190224711891852 0.00020369758355404108
leaf_weight=22665131.267526031 1467112.491797328 1835082.8938808441 2327723.1787304878 4507064.0078735352 14857205.310351014 1664030.8833389282 37935914.586572766 2617109.784942627 2261865.9984436035 26967548.587751269 2206960.8940124512 2146971.382678628 5456618.3136901855 3028209.6349487305
leaf_count=17693 945 1032 1346 1978 19600 5152 42922 1507 1236 15429 1955 3024 4150 1724
internal_value=0.000122798 0.000563064 -0.000648521 -0.000314913 0.00143562 0.00482695 0.000905522 -0.00111727 -0.00404856 -0.000227927 -0.00120455 0.00173268 0.00297226 0.00546173
internal_weight=1.31945e+08 1.09279e+08 4.57516e+07 4.39165e+07 6.35279e+07 8.58776e+06 5.49401e+07 3.85605e+07 8.97589e+06 2.95847e+07 6.71402e+06 4.00829e+07 7.12065e+06 5.35593e+06
internal_count=119693 102000 26207 25175 75793 10247 65546 22105 5169 16936 3933 45946 9302 3070
cat_boundaries=0 1 2
cat_threshold=16 432
is_linear=0
shrinkage=0.03


Tree=68
num_leaves=15
num_cat=2
split_feature=13 2 3 0 11 0 11 12 11 1 11 11 9 16
split_gain=116553 142045 184834 88550 81928.6 83072.9 215313 151121 165953 131684 111462 109745 97031.3 81884.7
threshold=1.1040890199744662 4.5000000000000009 2.5000000000000004 0 1.2504224695822432 1 0.98059644709439753 1.0197477511393997 0.92670461785451064 10.500000000000002 0.99469405307571501 0.80374462859107221 74.500000000000014 0.080905883085398492
decision_type=2 2 2 1 2 1 2 2 2 2 2 2 2 2
left_child=4 2 -2 -3 5 6 7 8 11 -7 -8 -1 -12 -11
right_child=1 3 -4 -5 -6 9 10 -9 -10 13 12 -13 -14 -15
leaf_value=0.0002005586126930168 0.00026832748602233399 0.0019467627791958798 -0.003439363754488476 0.00070774668353261287 -0.001170690876038281 9.151556487213406e-05 0.0031070101000577025 -0.0015956347154363973 0.001624668512929892 -9.6176038720698518e-05 -0.00040881129381227949 -0.0011454292044725028 0.00030945963629590463 -0.00032131422179278597
leaf_weight=1695568.7721990347 11918675.355138779 1544818.1339988708 1078954.0088193417 2409360.4381065369 2231217.3153272867 24888906.123040915 861670.58272516727 1746539.8876196146 911312.91007804871 42004872.937042952 2706968.12124753 1968361.5310908556 23145336.514912486 13145613.946879268
leaf_count=1637 15043 1686 1864 6107 1918 20638 823 1683 1001 28590 3089 2554 27977 5289
internal_value=6.65361e-06 0.00232934 0.000814658 0.00730821 -0.000334817 -0.000222486 0.0010432 -0.00393547 -0.00106967 -0.000744892 0.00222139 -0.00391916 0.00186761 -0.00156235
internal_weight=1.32258e+08 1.69518e+07 1.29976e+07 3.95418e+06 1.15306e+08 1.13075e+08 3.30358e+07 6.32178e+06 4.57524e+06 8.00394e+07 2.6714e+07 3.66393e+06 2.58523e+07 5.51505e+07
internal_count=119899 24700 16907 7793 95199 93281 38764 6875 5192 54517 31889 4191 31066 33879
cat_boundaries=0 1 2
cat_threshold=20 99
is_linear=0
shrinkage=0.03


Tree=69
num_leaves=15
num_cat=2
split_feature=2 16 10 0 1 10 0 11 14 1 1 1 14 3
split_gain=138720 120502 134817 143041 139380 92557.3 174998 85094.9 141888 143863 104416 84633.9 119468 114298
threshold=1.0000000180025095e-35 0.058752574683033888 1.009035500706591 0 10.500000000000002 1.2266859619941872 1 0.98543013854132477 0.8798562679771581 19.500000000000004 19.500000000000004 10.500000000000002 0.92509603998743406 1.0000000180025095e-35
decision_type=2 2 2 1 2 2 1 2 2 2 2 2 2 2
left_child=-1 7 3 -3 -5 6 -4 10 -9 -10 -2 -8 13 -13
right_child=1 2 5 4 -6 -7 11 8 9 -11 -12 12 -14 -15
leaf_value=-0.00018629221621145113 0.0003384690750659696 -4.6245609456816477e-05 0.00058594946243281242 6.5576292050224225e-05 -0.0011523850538578699 -0.00076092425486073262 0.00016371027169810915 -0.00085838341608603791 0.00036144003906756427 -0.00029002617072768072 0.0020073147218047627 -4.8272107439351369e-05 2.444999998132075e-05 -0.0011760594120056873
leaf_weight=22891528.862214446 6170195.7240819931 14132171.391479492 8249796.7091674805 2506773.2028312683 5932114.6407012939 2467598.0005187988 11644886.748398542 2830422.5509301424 20193197.471818924 7272040.1900866032 2143593.1363916397 2880285.076385498 20542729.164472103 2725436.0463991165
leaf_count=17801 8715 8017 5680 1339 4306 1948 5661 6346 26185 13684 4184 1649 12521 1945
internal_value=1.62158e-05 0.000459517 -0.000273309 -0.0021887 -0.00527926 0.000617885 0.000921248 0.00180868 0.00107089 0.00172997 0.00449722 5.71373e-05 -0.000890256 -0.00477209
internal_weight=1.32583e+08 1.09691e+08 7.10818e+07 2.25711e+07 8.43889e+06 4.85107e+07 4.60431e+07 3.86094e+07 3.02957e+07 2.74652e+07 8.31379e+06 3.77933e+07 2.61485e+07 5.60572e+06
internal_count=119981 102180 43066 13662 5645 29404 27456 59114 46215 39869 12899 21776 16115 3594
cat_boundaries=0 1 2
cat_threshold=155 66
is_linear=0
shrinkage=0.03


Tree=70
num_leaves=15
num_cat=4
split_feature=14 16 11 0 11 11 1 11 0 0 12 0 16 12
split_gain=136591 120075 114114 95363.2 102383 94297.2 90203 86339.9 91415.2 86256.4 132524 228804 118266 110275
threshold=1.0051720084524249 0.065593677765146144 0.98059644709439753 0 1.0089959652172589 1.2076425530695396 12.500000000000002 1.1219708317889039 1 2 0.98159646488267815 3 0.053960103680405928 0.99470952913458499
decision_type=2 2 2 1 2 2 2 2 1 1 2 1 2 2
left_child=5 -2 6 -4 -5 7 -3 9 -9 -1 11 -11 -13 -12
right_child=1 2 3 4 -6 -7 -8 8 -10 10 13 12 -14 -15
leaf_value=9.3233472674292901e-05 0.00039769798628807749 1.3289052549411599e-05 0.00029539362314723181 0.00048268791372735916 -0.00036409920776810052 -0.00093355445853530506 -0.0012397413686925077 0.00061923948611020141 3.0216725275077612e-05 0.00061243546509690081 -0.00072948732825936057 0.00096998363905013399 -0.00033818537124205225 -0.00013714090098908499
leaf_weight=22946349.925477266 24146348.343457937 1660109.1933898926 7302134.1298657656 2039552.7352905273 7466673.1563415527 2696444.8416041136 2244174.1298828125 2855405.7242510319 5939857.4240413904 2739215.0243370533 4815917.1958601475 1506887.6775603294 6461669.7373657227 37442889.205732584
leaf_count=29446 35967 975 4332 1096 4457 2316 1547 1839 7336 1170 3223 2238 3156 20841
internal_value=8.35384e-05 0.00142926 -0.000246572 0.000826631 -0.00115385 -0.000607131 -0.00486682 -0.000431324 0.00238251 -0.000757334 -0.00142294 0.00155817 -0.00101298 -0.0021783
internal_weight=1.32264e+08 4.4859e+07 2.07126e+07 1.68084e+07 9.50623e+06 8.74046e+07 3.90428e+06 8.47082e+07 8.79526e+06 7.59129e+07 5.29666e+07 1.07078e+07 7.96856e+06 4.22588e+07
internal_count=119939 48374 12407 9885 5553 71565 2522 69249 9175 60074 30628 6564 5394 24064
cat_boundaries=0 1 2 3 4
cat_threshold=368 276 227 16
is_linear=0
shrinkage=0.03


Tree=71
num_leaves=15
num_cat=2
split_feature=13 0 4 1 0 16 16 9 9 1 11 11 16 11
split_gain=129322 101953 94228.5 88121.4 96065.7 91026.8 154122 141780 132019 100960 81442.7 80363.6 79193.7 75864.6
threshold=1.1040890199744662 0 1.0000000180025095e-35 12.500000000000002 1 0.033731398184704074 0.053380709878578576 89.500000000000014 72.500000000000014 9.5000000000000018 1.1881979731107271 0.88726764062237595 0.068192879003344239 1.1219708317889039
decision_type=2 1 2 2 1 2 2 2 2 2 2 2 2 2
left_child=3 -2 -3 5 10 -1 -7 8 -8 -9 -5 -6 -4 -13
right_child=1 2 12 4 11 6 7 9 -10 -11 -12 13 -14 -15
leaf_value=-0.00054525874783189414 0.0012959635081437944 0.00033153337168449781 0.00062352437796498426 0.00014628700429403718 0.00030963236790869836 0.00062095449643363254 -3.939679235699674e-05 5.9997880497756664e-05 0.00062856415535277109 -0.0002792491803416886 -0.00074848964935834126 -0.00026341053598913301 -0.0044615104627020391 0.0004005638431929793
leaf_weight=3423702.9411165714 1867288.9946615696 13728680.734004974 586174.39131724834 21349917.993774652 3003218.5405426025 7474615.1260473728 2684687.1082987785 19486776.731612206 3395788.1174602509 12718363.639882088 1879293.5252242088 37202452.085024595 752312.93765258789 2936134.0220264196
leaf_count=16625 1960 20271 1512 25658 1815 6604 1477 9289 2037 8937 1718 19558 784 1873
internal_value=5.36539e-05 0.00250202 0.00168256 -0.000305151 -0.00101832 0.000657226 0.00101024 0.000240962 0.00444247 -0.000552301 0.000537105 -0.00185582 -0.00591552 -0.00220999
internal_weight=1.32489e+08 1.69345e+07 1.50672e+07 1.15555e+08 6.6371e+07 4.91839e+07 4.57602e+07 3.82856e+07 6.08048e+06 3.22051e+07 2.32292e+07 4.31418e+07 1.33849e+06 4.01386e+07
internal_count=120118 24527 22567 95591 50622 44969 28344 21740 3514 18226 27376 23246 2296 21431
cat_boundaries=0 1 2
cat_threshold=16 227
is_linear=0
shrinkage=0.03


Tree=72
num_leaves=15
num_cat=4
split_feature=10 11 16 0 14 2 10 12 0 2 11 0 11 0
split_gain=144866 233442 117147 106956 102105 197483 120817 221577 172302 160204 138875 216555 141824 127192
threshold=0.85635765199566871 0.88726764062237595 0.053960103680405928 0 0.91867092195472144 3.5000000000000004 1.009035500706591 1.0018254659386108 1 2.5000000000000004 1.0106351787854579 2 0.97496938264852517 3
decision_type=2 2 2 1 2 2 2 2 1 2 2 1 2 1
left_child=2 -2 -1 -4 5 -3 7 13 -8 -10 11 12 -9 -6
right_child=1 4 3 -5 6 -7 8 10 9 -11 -12 -13 -14 -15
leaf_value=0.00051006448529055629 0.00066912718466108031 1.0535110790514822e-05 -0.00023388581887704343 -0.0009798856247317043 -0.00045073969235507835 -0.00082321721491695663 0.00043750006486498503 -0.0010440490782389689 -0.00012773636482386896 0.00017112291245857466 5.0048224627825515e-05 -0.001259041361133393 0.00054768221019088484 0.0005477075630513997
leaf_weight=2202428.6847250462 3635174.560189724 15716500.625321388 4956282.2593231201 3563148.5335083008 3140054.6904628277 6774142.0362882614 22921105.581605315 1338441.2014842033 22361502.497391343 24223502.991787672 5110690.0186294317 6720502.1357415915 2629646.451571703 6809081.8210263252
leaf_count=5030 2311 14459 3347 2198 2909 8360 27891 1259 13828 20254 4414 5519 2824 5363
internal_value=2.02039e-05 0.000315468 -0.00332243 -0.00491683 8.42998e-05 -0.00173379 0.00051357 -0.00124184 0.00116386 0.000116127 -0.00345026 -0.00539515 0.000162051 0.00226515
internal_weight=1.32102e+08 1.2138e+08 1.07219e+07 8.51943e+06 1.17745e+08 2.24906e+07 9.52545e+07 2.57484e+07 6.95061e+07 4.6585e+07 1.57993e+07 1.06886e+07 3.96809e+06 9.94914e+06
internal_count=119966 109391 10575 5545 107080 22819 84261 22288 61973 34082 14016 9602 4083 8272
cat_boundaries=0 1 2 3 4
cat_threshold=403 354 43 324
is_linear=0
shrinkage=0.03


Tree=73
num_leaves=15
num_cat=2
split_feature=10 11 14 3 0 11 16 13 11 3 10 12 0 11
split_gain=119769 187982 120849 155931 110888 109986 115341 106211 113852 108003 102884 278382 160084 153403
threshold=0.85635765199566871 0.88726764062237595 0.91007864357583435 1.0000000180025095e-35 0 0.78683299918466465 0.052935951605260545 0.79684087742442045 0.98543013854132477 1.5000000000000002 1.009035500706591 1.0018254659386108 1 1.0086132715351341
decision_type=2 2 2 2 1 2 2 2 2 2 2 2 1 2
left_child=4 -2 3 -3 -1 -6 -7 9 -9 -5 11 -4 -12 -14
right_child=1 2 10 7 5 6 -8 8 -10 -11 12 -13 13 -15
leaf_value=0.00015599934140396931 0.00061202491485398095 -3.720764935964506e-05 0.00033116103082757287 -0.00019527310393181003 0.00023594232791768039 0.00032915829474424867 -0.0010651633837974036 0.00051570089930535275 -0.00074196160750406926 -0.0082924076297752961 0.00043080917369100411 -0.00040597488913802371 0.00041589127012529002 -3.6513981914422913e-05
leaf_weight=3100205.4758439064 3572132.2402671576 14210389.035674572 10166918.273300767 651573.05716395378 1701809.6200045347 1161399.3429299593 4615290.0860595703 917940.60365819931 3836129.7690429688 832901.13700067997 23323776.754689813 16122918.776060939 6112877.9470908642 41711099.616039038
leaf_count=3337 2324 13071 8511 784 1783 2629 2795 781 4440 1747 28436 14202 4454 30528
internal_value=0.000107639 0.000374292 0.000168846 -0.00192787 -0.00295392 -0.0049315 -0.00690619 -0.00588165 -0.0036943 -0.0128867 0.000608877 -0.000994806 0.00120145 0.000207671
internal_weight=1.32037e+08 1.21459e+08 1.17887e+08 2.04489e+07 1.05787e+07 7.4785e+06 5.77669e+06 6.23854e+06 4.75407e+06 1.48447e+06 9.74376e+07 2.62898e+07 7.11478e+07 4.7824e+07
internal_count=119822 109278 106954 20823 10544 7207 5424 7752 5221 2531 86131 22713 63418 34982
cat_boundaries=0 1 2
cat_threshold=145 354
is_linear=0
shrinkage=0.03


Tree=74
num_leaves=15
num_cat=4
split_feature=2 9 0 9 0 2 11 13 0 12 12 12 0 11
split_gain=116611 125715 231119 217412 255589 200221 93608.4 73463.5 72518.2 90977.3 277808 200872 112496 138792
threshold=1.0000000180025095e-35 74.500000000000014 0 89.500000000000014 1 3.5000000000000004 1.019544107602844 0.84930639657685547 2 1.0603178070352504 1.0175878884720293 0.99984781307094417 3 1.01747247632864
decision_type=2 2 1 2 1 2 2 2 1 2 2 2 1 2
left_child=7 2 -2 4 -3 6 -4 -1 9 10 11 -5 -13 -14
right_child=1 3 5 8 -6 -7 -8 -9 -10 -11 -12 12 13 -15
leaf_value=-0.00071166823392361511 0.00035212830025281431 0.00080980250984708283 0.00024684870837298097 -0.00041067925760248389 6.0361426923049362e-05 -0.0013562211143981393 -0.00040198985409823647 -0.00011819184693853826 9.402533128965567e-05 0.00032597309509743835 -0.00094382783044906786 0.00072664380059922831 -0.00082681322447413386 0.00072419585832258246
leaf_weight=2830386.4000244141 3420457.7879794836 4110028.8904905319 1444666.3620619774 9234831.6478899717 5344917.3491305113 2145836.2800148726 1736150.3305958509 19822806.153839707 63519930.628076673 4643275.285633564 6952251.9831637144 4007785.8284609318 1589708.8220593929 1669908.8648000956
leaf_count=3303 3494 4013 957 10050 5026 2000 1361 14374 56855 5215 6493 2655 2176 1969
internal_value=1.17832e-05 0.000416035 -0.00303429 0.000714636 0.00504582 -0.00694198 -0.00216475 -0.00194798 0.000267658 -0.00100138 -0.00176092 0.000358281 0.00408936 -4.94069e-05
internal_weight=1.32473e+08 1.0982e+08 8.74711e+06 1.01073e+08 9.45495e+06 5.32665e+06 3.18082e+06 2.26532e+07 9.16177e+07 2.80978e+07 2.34545e+07 1.65022e+07 7.2674e+06 3.25962e+06
internal_count=119941 102264 7812 94452 9039 4318 2318 17677 85413 28558 23343 16850 6800 4145
cat_boundaries=0 1 2 3 4
cat_threshold=394 178 392 8
is_linear=0
shrinkage=0.03


Tree=75
num_leaves=15
num_cat=0
split_feature=13 3 10 11 14 16 14 14 16 9 1 1 16 11
split_gain=105368 81887.7 104035 85411.6 80312.9 84265.4 79849.2 71763.5 70816.6 116758 397412 213049 162862 103296
threshold=1.1040890199744662 2.5000000000000004 0.99451885417014119 0.89451372984939514 1.4099493185269965 0.064827896061758039 0.89291432728637565 1.0558804221331071 0.030894146538012413 89.500000000000014 17.500000000000004 8.5000000000000018 0.052593091820404066 0.98543013854132477
decision_type=2 2 2 2 2 2 2 2 2 2 2 2 2 2
left_child=1 8 3 -3 7 -6 -4 -2 -1 10 11 -10 13 -11
right_child=4 2 6 -5 5 -7 -8 -9 9 12 -12 -13 -14 -15
leaf_value=-0.00044061545474255426 0.00017250742928470852 -4.3152900652000081e-06 -0.0019178115444075708 -0.0020608354956327957 -0.0025566842421393364 -0.0043924274832255134 5.0696376638125456e-05 0.00085951986187035037 -0.00017039791284911864 0.001313955294790283 -0.00055387754954640657 0.00064715571417896657 -7.5545541525158017e-05 0.00020382706402282967
leaf_weight=6885935.4881923199 9976279.0086305141 844146.27419340611 760069.41674590111 1966097.9023560286 482988.36413002014 583043.91864013672 5951687.9249614477 5885432.3934230804 2913152.905919075 1927772.4674530029 3456587.2974176407 9499829.1791524887 73987283.389461517 6829265.3692502975
leaf_count=23808 11479 1342 1496 2740 3065 756 8320 9337 1464 1797 2201 5833 40090 6180
internal_value=4.6834e-05 -0.000278389 -0.00294281 -0.00778892 0.00225668 -0.00571416 -0.000913716 0.00279238 -3.79089e-05 0.000167479 0.00252461 0.00502982 -0.000284595 0.00358407
internal_weight=1.3195e+08 1.15022e+08 9.522e+06 2.81024e+06 1.69277e+07 1.06603e+06 6.71176e+06 1.58617e+07 1.055e+08 9.86139e+07 1.58696e+07 1.2413e+07 8.27443e+07 8.75704e+06
internal_count=119908 95271 13898 4082 24637 3821 9816 20816 81373 57565 9498 7297 48067 7977
is_linear=0
shrinkage=0.03


Tree=76
num_leaves=15
num_cat=2
split_feature=13 2 3 14 2 3 9 14 11 11 0 0 2 11
split_gain=114627 122046 161465 129646 83214.1 100433 248486 164286 249311 132621 210882 171912 131285 156388
threshold=1.0799839096260146 4.5000000000000009 2.5000000000000004 1.0774257968920635 1.0000000180025095e-35 1.0000000180025095e-35 68.500000000000014 0.91710045033201182 1.0004858951054538 0.99272723637215787 0 1 2.5000000000000004 1.1219708317889039
decision_type=2 2 2 2 2 2 2 2 2 2 1 1 2 2
left_child=4 2 -2 -3 -1 9 -7 -8 -9 11 -11 -6 13 -12
right_child=1 3 -4 -5 5 6 7 8 -10 10 12 -13 -14 -15
leaf_value=-0.00019411202110948856 0.00018363073645426755 0.00045384552909337813 -0.0034330082436368164 0.0033142105642915134 -0.00042402134311017949 -0.0014183707133952016 -0.00059817093280626417 -0.0006624108779626119 0.00025477850834761616 0.00038067002735034464 -0.00028618854219929831 0.00051231098238223955 0.00014614619674296916 0.00048315360945227104
leaf_weight=20139634.263509631 17049402.744330406 3709803.2590723038 1098690.174074769 1311565.1288393736 2715338.0988661051 1538419.4494742155 8184075.2050541639 7808249.1388270855 18617446.808192968 12678623.984125972 17361262.809985399 9976096.1371158361 8303366.7142999172 1758048.8939293623
leaf_count=14675 18701 5598 1908 3535 2463 1592 8730 8508 18818 12621 10079 6534 4905 1374
internal_value=4.88252e-05 0.00196521 0.0008199 0.00610454 -0.000358227 3.60674e-05 -0.00118223 -0.000657823 0.000492431 0.000870257 2.43615e-05 0.00354305 -0.00145489 -0.00282283
internal_weight=1.3225e+08 2.31695e+07 1.81481e+07 5.02137e+06 1.09081e+08 8.89409e+07 3.61482e+07 3.46098e+07 2.64257e+07 5.27927e+07 4.01013e+07 1.26914e+07 2.74227e+07 1.91193e+07
internal_count=120041 29742 20609 9133 90299 75624 37648 36056 27326 37976 28979 8997 16358 11453
cat_boundaries=0 1 2
cat_threshold=354 352
is_linear=0
shrinkage=0.03


Tree=77
num_leaves=15
num_cat=4
split_feature=14 16 10 0 12 10 12 0 11 0 12 1 0 1
split_gain=116367 105581 99011.6 99671.1 89888.8 70723.3 72194.6 97423.6 74485.7 130434 86852 70671 91741.7 69001.7
threshold=0.9804854084216662 0.065081415764580611 0.98405300349683922 0 1.0079872680763284 1.1289514811175707 1.0051336041564809 1 1.0141369090599361 2 1.0209734100947196 18.500000000000004 3 17.500000000000004
decision_type=2 2 2 1 2 2 2 1 2 1 2 2 1 2
left_child=-1 5 3 -3 -5 6 7 -2 9 -8 -10 12 -12 -4
right_child=1 2 13 4 -6 -7 8 -9 10 -11 11 -13 -14 -15
leaf_value=-9.6182598033955061e-05 0.00097835985035724885 0.00015268097920629212 0.00011396467898660093 -0.00028949145787655369 -0.0017119426518221262 0.00077763974282691369 0.00024741858309197304 0.00013186457551033073 0.00043253400978888714 -0.0040052738674714256 -0.00098525480818671359 -0.00069161751228509645 0.00032451109420665537 -0.00028432297312257362
leaf_weight=63319782.573789954 5011312.0612645149 2075195.7278747559 22362515.978694439 2351297.9053344727 1993914.5015869141 4286662.5992074013 2243643.0856939554 7261309.3262870312 5517734.1400637627 2324177.2475619316 1009214.2581902742 2280993.0376389027 4200149.4247642756 5708291.1937608719
leaf_count=54789 8263 1088 12452 1488 1314 7380 3565 7726 6797 2305 1236 3416 5045 2908
internal_value=1.16219e-05 0.000867403 -0.000303213 -0.00366412 -0.00624725 0.00205023 0.00153274 0.00329838 0.000299858 -0.00299587 0.00145716 -0.00064678 0.00128146 0.000465499
internal_weight=1.31946e+08 6.86264e+07 3.44912e+07 6.42041e+06 4.34521e+06 3.41352e+07 2.98485e+07 1.22726e+07 1.75759e+07 4.56782e+06 1.30081e+07 7.49036e+06 5.20936e+06 2.80708e+07
internal_count=119772 64983 19250 3890 2802 45733 38353 15989 22364 5870 16494 9697 6281 15360
cat_boundaries=0 1 2 3 4
cat_threshold=57 171 171 136
is_linear=0
shrinkage=0.03


Tree=78
num_leaves=15
num_cat=4
split_feature=12 12 0 12 0 9 9 16 2 0 12 12 12 0
split_gain=98252.3 108488 226422 274213 191452 133307 402082 144695 141906 101249 99003.5 90165.2 90957.5 89459.5
threshold=0.93483684010591095 1.0051336041564809 0 1.0671690946621852 1 89.500000000000014 74.500000000000014 0.074048259002629541 1.0000000180025095e-35 2 0.98159646488267815 1.0059837287205067 1.0116324710920543 3
decision_type=2 2 1 2 1 2 2 2 2 1 2 2 2 1
left_child=-1 4 3 -3 9 6 7 -4 13 -2 -6 -10 -13 -7
right_child=1 2 5 -5 10 8 -8 -9 11 -11 -12 12 -14 -15
leaf_value=-0.00053192936131935063 0.0013493297274905498 3.1846212271035053e-06 -8.7408119954201466e-05 0.0010188210077644857 0.00020237401307665262 -0.0014968616372990991 0.00063503302679187679 -0.00088889977710593393 -0.0013014112231793131 0.00019859693040558517 -0.00053854014714609729 0.00037633459907416954 -0.00018085601655711808 -0.00038234082302234423
leaf_weight=4382091.1331304312 2743824.863281846 25574442.055388093 2831744.5201516151 7389064.8648076057 5181570.4933398962 1839047.2640992403 4953652.8476595879 1403989.4039306641 1241122.4562375546 28394119.829358697 7883344.2188936472 2831572.648776412 30386457.01245153 5048426.0035301447
leaf_count=4943 2478 28260 2505 8933 5112 1018 4258 554 796 21259 7883 2138 25960 3883
internal_value=5.53702e-05 0.000206938 -0.000429266 0.00150503 0.00140873 -0.00169096 0.00157735 -0.00520895 -0.00241735 0.00268763 -0.00163929 -0.00163161 -0.00133499 -0.00634854
internal_weight=1.32084e+08 1.27702e+08 8.34995e+07 3.29635e+07 4.42029e+07 5.0536e+07 9.18939e+06 4.23573e+06 4.13466e+07 3.11379e+07 1.30649e+07 3.44592e+07 3.3218e+07 6.88747e+06
internal_count=119980 115037 78305 37193 36732 41112 7317 3059 33795 23737 12995 28894 28098 4901
cat_boundaries=0 1 2 3 4
cat_threshold=356 155 2 8
is_linear=0
shrinkage=0.03


Tree=79
num_leaves=15
num_cat=3
split_feature=13 0 4 11 12 11 9 9 1 0 3 0 16 1
split_gain=105817 103170 115933 70909.9 70852.6 65279.8 68686 211923 360823 196011 176174 173018 134395 118321
threshold=1.1572415640492089 0 1.0000000180025095e-35 1.1329827571889444 0.99983254367729579 1.2504224695822432 74.500000000000014 89.500000000000014 18.500000000000004 1 1.0000000180025095e-35 2 0.052935951605260545 14.500000000000002
decision_type=2 1 2 2 2 2 2 2 2 1 2 1 2 2
left_child=5 -2 3 -3 -4 6 9 8 11 -1 13 -8 -9 -11
right_child=1 2 4 -5 -6 -7 7 12 -10 10 -12 -13 -14 -15
leaf_value=0.00031219972301798168 0.003251851155035452 0.00075128800682081791 -0.0044785876562658238 -0.00039107077448744746 0.00019175759568049592 -0.0010179945069065648 0.00012176648281101004 0.00027334385487396247 -0.0011758453694987797 0.00022106771700028651 -0.0012714144061626673 0.00083653062838039626 -8.0995321628992448e-05 -0.00041407819358472867
leaf_weight=3886656.3518246412 893740.56873011589 5750953.7147221565 596935.62323594093 1292976.2069426775 665157.35361146927 2232115.0050982237 3571294.2029809952 18063471.335286856 1576573.3168098927 2156978.3460817337 2119394.8800936937 5240658.7497638464 82419637.275653362 1737566.5340270996
leaf_count=3548 1380 11578 843 2087 1317 1948 2459 35985 2167 1447 1879 4375 47868 1213
internal_value=7.35873e-05 0.00317706 0.00213492 0.00363519 -0.00623825 -0.000158528 -6.45719e-05 0.000149221 0.00422837 -0.00245872 -0.00585214 0.00659327 -0.000272506 -0.00206433
internal_weight=1.32204e+08 9.19976e+06 8.30602e+06 7.04393e+06 1.26209e+06 1.23004e+08 1.20772e+08 1.10872e+08 1.03885e+07 9.9006e+06 6.01394e+06 8.81195e+06 1.00483e+08 3.89454e+06
internal_count=120094 17205 15825 13665 2160 102889 100941 92854 9001 8087 4539 6834 83853 2660
cat_boundaries=0 1 2 3
cat_threshold=16 394 76
is_linear=0
shrinkage=0.03


Tree=80
num_leaves=15
num_cat=1
split_feature=2 16 13 3 12 12 9 9 12 0 1 9 12 12
split_gain=134445 115527 91312.2 85436.8 143365 171224 80814.7 232903 78327.6 129100 112446 156345 107473 87600.4
threshold=1.0000000180025095e-35 0.071936236158022554 1.1615682204040427 2.5000000000000004 0.99523338337776046 1.0339868807011932 89.500000000000014 74.500000000000014 0.98244423354187715 0 18.500000000000004 89.500000000000014 0.99470952913458499 1.0018254659386108
decision_type=2 2 2 2 2 2 2 2 2 1 2 2 2 2
left_child=-1 2 8 6 -5 -6 7 -3 9 -2 12 -12 -10 -14
right_child=1 3 -4 4 5 -7 -8 -9 10 -11 11 -13 13 -15
leaf_value=-0.00020239829370561501 0.00090324092560911521 -0.00029195046669503019 0.00081007861662399459 -0.0023102267022999693 0.00033348196785448585 -0.0012745810048972392 -9.1591381569178907e-05 0.00076889181494337793 -0.00044229378564126549 0.00020593509929663388 -0.00095251732394241017 -3.7480392115942784e-05 0.00062693773045110329 0.00011705505634753209
leaf_weight=22541717.863471508 1868927.3208656311 2668907.6309633255 5502574.3613823652 1702533.3451843262 3531875.9081411362 1566110.7919371128 28258062.398330688 2868343.1613702774 3567963.7058974504 6793377.7594578266 2541851.0126819611 10389892.70628643 3837869.9478727579 34274227.452985764
leaf_count=17626 1664 1240 12913 1542 2965 1634 14023 1515 3381 7384 3447 13978 3298 33078
internal_value=-2.48641e-05 0.000409934 0.00115902 -0.000859147 -0.00392718 -0.00140996 -0.000241777 0.0030723 0.000836661 0.00348694 0.000416284 -0.00202763 0.00117454 0.00164065
internal_weight=1.31914e+08 1.09373e+08 6.87767e+07 4.05958e+07 6.80052e+06 5.09799e+06 3.37953e+07 5.53725e+06 6.32741e+07 8.66231e+06 5.46118e+07 1.29317e+07 4.16801e+07 3.81121e+07
internal_count=119688 102062 79143 22919 6141 4599 16778 2755 66230 9048 57182 17425 39757 36376
cat_boundaries=0 1
cat_threshold=144
is_linear=0
shrinkage=0.03


Tree=81
num_leaves=15
num_cat=4
split_feature=10 11 16 0 14 16 3 11 0 11 14 0 10 0
split_gain=95079.1 154847 97765.1 109762 93847.5 107575 105283 112534 130807 149738 107277 89770.3 84612.3 127692
threshold=0.85635765199566871 0.88726764062237595 0.053960103680405928 0 0.9804854084216662 0.033731398184704074 1.0000000180025095e-35 0.98543013854132477 1 1.0141369090599361 0.91710045033201182 2 0.96771506909300131 3
decision_type=2 2 2 1 2 2 2 2 1 2 2 1 2 1
left_child=2 -2 -1 -4 5 -3 7 11 -9 -10 -8 -7 13 -6
right_child=1 4 3 -5 12 6 10 8 9 -11 -12 -13 -14 -15
leaf_value=0.00049956955269230257 -0.00017399350195834731 -0.00079092371665763809 -0.00012582122506941449 -0.00088362342156505678 -0.0018080109769110777 0.00064040806029945225 -0.00074925053982589636 -0.00017942542606706673 -0.00082415322006681991 0.00029779244976699281 -4.6275326974547562e-05 5.1947524794879681e-05 0.00012601727354775844 3.5143207790944098e-05
leaf_weight=2224492.6983780861 3619832.045088768 3921877.1621313095 4874847.0992279053 3582999.0648803711 1234193.4388581514 1829536.5313110352 6210627.9455375671 13625209.102325439 2494574.4226379395 15284565.146606445 9501964.5583529472 1904541.6644592285 59431645.79367137 2539351.0393407345
leaf_count=5140 2306 15484 3292 2210 1390 814 5166 6237 1490 10387 7656 1261 54332 2916
internal_value=8.39369e-05 0.000322326 -0.00262967 -0.00410152 0.000134804 -0.000774116 -0.00040489 0.000507926 -7.74969e-05 0.00161745 -0.00244624 0.00543145 0.000922463 -0.00343362
internal_weight=1.3228e+08 1.21598e+08 1.06823e+07 8.45785e+06 1.17978e+08 5.47729e+07 5.0851e+07 3.51384e+07 3.14043e+07 1.77791e+07 1.57126e+07 3.73408e+06 6.32052e+07 3.77354e+06
internal_count=120081 109439 10642 5502 107133 48495 33011 20189 18114 11877 12822 2075 58638 4306
cat_boundaries=0 1 2 3 4
cat_threshold=403 152 273 66
is_linear=0
shrinkage=0.03


Tree=82
num_leaves=15
num_cat=4
split_feature=14 1 16 12 11 1 14 0 11 0 11 0 12 0
split_gain=95121.5 133946 145751 169837 132151 188154 110734 93493.4 205307 93073.1 76021.4 74691.4 71336.3 285855
threshold=0.94768511884211415 8.5000000000000018 0.033731398184704074 1.001370405092715 0.98543013854132477 17.500000000000004 0.80603527786693141 0 1.0507163897489569 1 1.0344887901146891 2 1.0671690946621852 3
decision_type=2 2 2 2 2 2 2 1 2 1 2 1 2 1
left_child=1 2 -1 -4 5 9 -6 8 -8 -3 -9 -5 -2 -14
right_child=12 4 3 11 6 -7 7 10 -10 -11 -12 -13 13 -15
leaf_value=-0.0010484937668032164 2.9672309211214135e-05 0.00014343567327120628 -0.00019363359593771524 0.00095493868050241886 -0.0010827419698474844 0.00081782805655809723 -3.4379845951560977e-06 -0.00054085280290437621 -0.0007855602926111426 -0.0006075879549344279 0.00015650924428978406 0.00023648456624969689 0.0010579937585475725 -0.00028310411540426747
leaf_weight=1197398.2117627859 81006192.726557851 3039653.0996704102 1914488.969619751 1896844.4434509277 4425606.101023674 2250242.4128837585 3873218.827331543 4016265.325106144 3511007.1137390137 3694884.2724914551 7840264.7190995216 1873509.1555781364 6959913.8674250841 4670031.8994672298
leaf_count=7987 70285 1897 916 831 4199 2099 1938 3845 1415 2237 8379 1241 8124 4290
internal_value=7.46534e-05 -0.00115732 0.00264622 0.00464987 -0.00195904 0.00113852 -0.00313501 -0.00215084 -0.00480072 -0.00137097 -0.00050049 0.00834486 0.000600412 0.00279755
internal_weight=1.3217e+08 3.95334e+07 6.88224e+06 5.68484e+06 3.26511e+07 8.98478e+06 2.36664e+07 1.92408e+07 7.38423e+06 6.73454e+06 1.18565e+07 3.77035e+06 9.26361e+07 1.16299e+07
internal_count=119683 36984 10975 2988 26009 6233 19776 15577 3353 4134 12224 2072 82699 12414
cat_boundaries=0 1 2 3 4
cat_threshold=24 211 85 358
is_linear=0
shrinkage=0.03


Tree=83
num_leaves=15
num_cat=2
split_feature=12 12 1 0 14 16 10 0 9 1 14 3 1 9
split_gain=92785.1 113975 195872 132906 114593 120947 119449 161826 111826 105362 159719 186479 106578 257773
threshold=0.93483684010591095 0.98244423354187715 18.500000000000004 0 1.0051720084524249 0.026207644131640232 1.012969803707177 1 89.500000000000014 9.5000000000000018 0.91007864357583435 1.0000000180025095e-35 17.500000000000004 89.500000000000014
decision_type=2 2 2 1 2 2 2 1 2 2 2 2 2 2
left_child=-1 2 3 -2 5 -3 8 -8 -7 -9 11 -11 13 -12
right_child=1 4 -4 -5 -6 6 7 9 -10 10 12 -13 -14 -15
leaf_value=-0.00049941563616829384 0.0004034941134423245 -0.0010905763282604102 0.0016098448289336472 -0.00014592705041976823 0.00013018988972955751 0.0003696027524691971 0.0003297174231554756 0.00015615958320131963 -0.0003753111737196144 -0.00020652996763516728 0.00069434934722291993 -0.0015576943600831353 -0.00028105217792086761 -0.00011393292296555073
leaf_weight=4417761.0734311342 4475397.7460106611 3359702.9552419186 2156893.5676202774 7460677.3887836933 40581763.374654531 2597515.2838234901 11974476.570922852 9669750.8699047565 15888753.517105103 5952939.8989868164 3729850.8956780434 2341595.6045155525 6524764.4787254333 11573442.184844971
leaf_count=4958 2815 16079 2700 5981 42416 1577 7952 5738 9591 4117 2386 2205 4275 7191
internal_value=3.91887e-05 0.000186395 0.00273179 0.00122834 -0.000127738 -0.00083335 -0.000567425 0.000171803 -0.00263747 -0.000748326 -0.00162296 -0.00516672 -0.000276344 0.00109245
internal_weight=1.32705e+08 1.28288e+08 1.4093e+07 1.19361e+07 1.14195e+08 7.36128e+07 7.02531e+07 5.17668e+07 1.84863e+07 3.97923e+07 3.01226e+07 8.29454e+06 2.18281e+07 1.53033e+07
internal_count=119981 115023 11496 8796 103527 61111 45032 33864 11168 25912 20174 6322 13852 9577
cat_boundaries=0 1 2
cat_threshold=273 68
is_linear=0
shrinkage=0.03


Tree=84
num_leaves=15
num_cat=1
split_feature=2 16 9 9 1 11 14 1 1 0 3 11 14 11
split_gain=85377.1 106878 114432 184173 250959 99952.7 124446 117691 100078 99013 86310.6 166848 215801 181891
threshold=1.0000000180025095e-35 0.058752574683033888 67.500000000000014 89.500000000000014 17.500000000000004 0.98543013854132477 0.87434357228284487 19.500000000000004 19.500000000000004 0 1.5000000000000002 0.99579473430313603 0.91710045033201182 0.90644793995258399
decision_type=2 2 2 2 2 2 2 2 2 1 2 2 2 2
left_child=-1 5 -3 4 9 8 -7 -8 -2 -4 -5 13 -13 -12
right_child=1 2 3 10 -6 6 7 -9 -10 -11 11 12 -14 -15
leaf_value=-0.00014241124398681348 0.00036252368789483545 -0.00064841044626441733 -2.4294800298494661e-05 4.6944876066690178e-06 -0.0004326811767686096 -0.00080019901942596531 0.0003172631340110976 -0.00028089852956722478 0.0019951752535644967 0.00067967105482541761 0.00021985806139303987 -0.0014370238523096599 0.00018286805833934818 -0.0025585739789876099
leaf_weight=22560225.767307281 6182356.9484686852 2545283.6962003708 1647253.6997070312 45116546.095581055 1831857.412774086 2625533.5316329002 20231628.754863381 7295666.0917675495 2103684.6658902168 5589436.8909060955 1479551.7635192871 1837908.8987731934 8262301.3460873365 3029450.0994262695
leaf_count=17696 8674 1435 959 22828 1070 5999 26434 13805 4159 3658 1434 1703 7290 2786
internal_value=0.000124486 0.000469918 -0.000217192 1.39196e-05 0.00399747 0.00174514 0.000943198 0.00153841 0.0046634 0.00650837 -0.000590928 -0.00259506 -0.000452949 -0.00739342
internal_weight=1.32339e+08 1.09778e+08 7.13396e+07 6.87943e+07 9.06855e+06 3.84389e+07 3.01528e+07 2.75273e+07 8.28604e+06 7.23669e+06 5.97258e+07 1.46092e+07 1.01002e+07 4.509e+06
internal_count=119930 102234 43163 41728 5687 59071 46238 40239 12833 4617 36041 13213 8993 4220
cat_boundaries=0 1
cat_threshold=68
is_linear=0
shrinkage=0.03


Tree=85
num_leaves=15
num_cat=3
split_feature=13 14 16 12 12 16 0 12 0 9 12 9 0 1
split_gain=92421.5 84097.4 87103.1 68565.3 142732 158025 125293 100650 207449 196286 170854 129699 113861 111973
threshold=1.1489273437838803 1.4099493185269965 0.056042834494157735 0.94393087860401736 0.98244423354187715 0.054281178458792413 0 0.99523338337776046 1 89.500000000000014 1.0018254659386108 63.500000000000007 2 10.500000000000002
decision_type=2 2 2 2 2 2 1 2 1 2 2 2 1 2
left_child=3 -2 -3 -1 5 -5 -7 8 -6 -10 -9 -12 -13 -14
right_child=1 2 -4 4 7 6 -8 10 9 -11 11 12 13 -15
leaf_value=-0.00042225648934856262 0.00057442086433351564 0.0024086331326628216 -0.0036841782908612793 0.0010446410698241933 0.0008379873935630824 0.00037309764290207638 -0.00016648513753828969 0.00039532641934174562 0.00028272442956091899 -0.00097562354163408774 -0.0011984063502435761 0.00021532541306036186 6.6590513373287252e-05 -0.00016919717034338851
leaf_weight=4873918.6030328274 8986169.2227673531 383546.82896304131 666453.13147997856 3013494.6883488894 1882480.9466197491 2775007.225769043 6538878.4485473633 9369290.0709981918 1890532.441450119 5550435.497702837 1445508.6277712584 18081495.279993057 20556541.562706232 46228115.227691174
leaf_count=5447 14379 2823 926 4136 2531 1037 3602 6952 1267 3860 1089 23657 18022 30217
internal_value=4.05386e-05 0.00280802 -0.00522578 -0.000186742 -4.19114e-05 0.0030119 0.00107985 -0.000400425 -0.00337584 -0.00562665 -0.000110491 -0.000528167 -0.000376393 -0.000948161
internal_weight=1.32242e+08 1.00362e+07 1.05e+06 1.22206e+08 1.17332e+08 1.23274e+07 9.31389e+06 1.05004e+08 9.32345e+06 7.44097e+06 9.5681e+07 8.63117e+07 8.48662e+07 6.67847e+07
internal_count=119945 18128 3749 101817 96370 8775 4639 87595 7658 5127 79937 72985 71896 48239
cat_boundaries=0 1 2 3
cat_threshold=17 131 352
is_linear=0
shrinkage=0.03


Tree=86
num_leaves=15
num_cat=0
split_feature=2 16 9 9 3 10 14 11 14 9 12 12 1 2
split_gain=104192 115003 117570 200029 114747 155653 123479 117228 90448.7 90248.4 89023.7 113559 83781.1 76451.5
threshold=1.0000000180025095e-35 0.069300023199382402 68.500000000000014 83.500000000000014 1.0000000180025095e-35 0.96771506909300131 0.91710045033201182 0.90644793995258399 0.86110299051130601 75.500000000000014 0.98244423354187715 0.93483684010591095 19.500000000000004 4.5000000000000009
decision_type=2 2 2 2 2 2 2 2 2 2 2 2 2 2
left_child=-1 10 -3 9 8 7 -7 -6 -5 -4 11 -2 -13 -8
right_child=1 2 3 4 5 6 13 -9 -10 -11 -12 12 -14 -15
leaf_value=-0.00015501552319518736 -0.0002399447206066741 -0.0007593480289435886 4.3608880655416761e-05 0.00041969802385021567 -0.00026015867147721836 -0.00073724042908083999 -0.00030170643547211497 -0.0022772469673875083 -1.8146753659803411e-05 0.00092924684089146464 8.7471401508054238e-05 0.00055785961761047075 0.0024767022906053795 0.00019158574011205097
leaf_weight=22650392.555410624 2138350.3873451948 1836666.5184092522 1894424.6417279243 2925523.6837158203 1515597.3837890625 3250650.0018615723 4922659.9923706055 1942818.0459594727 17964782.949645996 1994535.6556625366 54950808.178266883 5381410.1410256624 1070890.0706334114 7546713.7556093931
leaf_count=17704 3117 1045 1086 1393 1196 2254 2518 1464 7915 1147 65685 5299 1846 6300
internal_value=6.48633e-05 0.000448509 -0.000697576 -0.000386862 -0.00101733 -0.00269287 -0.00142521 -0.00845499 0.000520908 0.006109 0.00127449 0.0041145 0.00610015 -6.7663e-05
internal_weight=1.31986e+08 1.09336e+08 4.57944e+07 4.39577e+07 4.00687e+07 1.91784e+07 1.572e+07 3.45842e+06 2.08903e+07 3.88896e+06 6.35415e+07 8.59065e+06 6.4523e+06 1.24694e+07
internal_count=119969 102265 26318 25273 23040 13732 11072 2660 9308 2233 75947 10262 7145 8818
is_linear=0
shrinkage=0.03


Tree=87
num_leaves=15
num_cat=2
split_feature=10 10 0 12 0 11 11 12 10 1 10 16 12 9
split_gain=97436.3 127650 320450 155513 139219 150939 206560 216123 215643 175673 162278 132802 127939 126413
threshold=1.2540893860992715 1.0804981498706023 0 1.0376390563615552 1 1.0256949624400986 1.0318169443797804 0.99850866959735451 1.0508476665024433 17.500000000000004 0.72933451265396121 0.069040338539711726 1.0166521525691514 68.500000000000014
decision_type=2 2 1 2 1 2 2 2 2 2 2 2 2 2
left_child=1 3 12 4 5 10 8 -8 -7 11 -1 -9 -3 -12
right_child=-2 2 -4 -5 -6 6 7 9 -10 -11 13 -13 -14 -15
leaf_value=-0.00082215029084970945 -0.00087362118163697802 0.00054731729657823286 0.0005792712370331118 -0.00039531456803598318 -0.000166562137718202 -0.0014177295279411226 -0.00080031582171059747 0.0001146134612696344 0.00039210841828692968 -0.00025892394380416263 -0.00037256262037711101 0.00080676513768555087 -0.00033191868553311861 0.00024634368382443663
leaf_weight=1695970.9629516602 3178491.3408247232 2028733.8545157909 19290873.132423162 9560208.7106255293 36629323.665492415 3016352.2204656601 2544896.0090663433 3480236.7002885342 1388083.7057529688 2043147.4390487671 2237422.0521198511 2838589.3442993164 9221481.1678168774 33231934.318347216
leaf_count=1680 3024 2709 22675 9068 40083 2289 1830 2862 1127 1556 1385 1156 7888 20431
internal_value=6.38565e-05 0.000191509 0.00188635 -0.000333113 5.70096e-05 0.00104772 -0.00145898 0.000755309 -0.00694229 0.00308502 0.00208043 0.0055576 -0.00213761 0.00251391
internal_weight=1.32386e+08 1.29207e+08 3.05411e+07 9.86662e+07 8.9106e+07 5.24766e+07 1.53113e+07 1.09069e+07 4.40444e+06 8.36197e+06 3.71653e+07 6.31883e+06 1.12502e+07 3.54694e+07
internal_count=119763 116739 33272 83467 74399 34316 10820 7404 3416 5574 23496 4018 10597 21816
cat_boundaries=0 1 2
cat_threshold=152 90
is_linear=0
shrinkage=0.03


Tree=88
num_leaves=15
num_cat=2
split_feature=12 11 1 10 10 0 11 12 0 12 11 12 12 11
split_gain=86867.5 107139 149392 106522 277929 209670 318176 176569 189771 169650 157107 131982 114004 134667
threshold=0.93483684010591095 0.88726764062237595 17.500000000000004 1.0375161902555876 1.0361774965034085 0 1.0486312805951197 1.0251497263952054 1 1.0091514731206532 1.0164731896702961 1.0131338228234275 1.0052579752399988 1.0284226782885342
decision_type=2 2 2 2 2 1 2 2 1 2 2 2 2 2
left_child=-1 2 -2 4 7 10 -7 8 9 -3 -5 12 13 -10
right_child=1 3 -4 5 -6 6 -8 -9 11 -11 -12 -13 -14 -15
leaf_value=-0.0004746697361972691 0.00020365589106167341 0.0006684424875774799 0.0013290562082866144 -0.0012199757860081029 -0.0019034327378763493 0.00033021827993460606 -0.0002436215479575985 -0.0005283665393108533 -2.0401903195969699e-05 -0.00026423603600134459 0.00050864242529059301 0.00022267856743702374 -0.00052692299463222042 -0.0010478147303056744
leaf_weight=4405987.4084320068 4547249.2291010618 10777803.911103368 1356334.2512683868 1017594.8647813797 2021620.9034990072 14194653.384896636 24156179.197626233 9251576.5463821888 20380102.181799173 4063490.6183987856 21291495.881370425 7270874.9452377558 5523791.5191882849 1491676.82385993
leaf_count=4948 3614 9557 1411 881 1577 10760 21355 9670 15555 3978 25449 6183 3526 1216
internal_value=0.000117492 0.000260779 0.00420743 6.8921e-05 -0.000818698 0.000958311 -0.000386905 -0.000442414 0.000268491 0.00310718 0.00327083 -0.000946801 -0.00190043 -0.000927862
internal_weight=1.3175e+08 1.27344e+08 5.90358e+06 1.21441e+08 6.07809e+07 6.06599e+07 3.83508e+07 5.87593e+07 4.95077e+07 1.48413e+07 2.23091e+07 3.46664e+07 2.73956e+07 2.18718e+07
internal_count=119680 114732 5025 109707 51262 58445 32115 49685 40015 13535 26330 26480 20297 16771
cat_boundaries=0 1 2
cat_threshold=356 75
is_linear=0
shrinkage=0.03


Tree=89
num_leaves=15
num_cat=2
split_feature=12 11 1 0 11 13 2 14 3 3 11 16 0 12
split_gain=90382.2 119838 124882 98154.9 92106.6 78774.3 115215 135031 134937 75538.1 142239 85547.1 96208.3 145460
threshold=0.93483684010591095 0.88726764062237595 17.500000000000004 0 0.78683299918466465 1.1040890199744662 4.5000000000000009 1.066700126300558 2.5000000000000004 2.5000000000000004 0.99579473430313603 0.030894146538012413 1 1.0065793869439743
decision_type=2 2 2 1 2 2 2 2 2 2 2 2 1 2
left_child=4 2 3 -2 -1 9 8 -8 -7 11 -11 -3 13 -13
right_child=1 5 -4 -5 -6 6 7 -9 -10 10 -12 12 -14 -15
leaf_value=0.00021994555187386901 0.00057853927772731693 -0.00047519572845795637 0.0013371819627856025 -0.00026243142951431667 -0.00091404025211118802 0.00018553328895321933 0.00033045464969966163 0.0032415967306833556 -0.0029579880052540862 -0.0018702939099878384 -0.0001365010528927633 0.00081634436760847588 -3.7799691608161496e-05 5.0470052166708158e-05
leaf_weight=1512695.8723940849 1983313.4482035637 6374499.4121863842 1388240.5779881477 2505546.4716448784 2947891.0872198343 11469435.330029249 2506015.5320706367 1313637.82842803 1081954.402587533 2142113.1378298998 6497410.9560337067 5591863.5936737061 63215110.277479172 21643243.849777222
leaf_count=1785 1346 21626 1435 2230 3195 14159 3988 3424 1842 2979 9447 4450 30026 17989
internal_value=7.3153e-06 0.000153928 0.00433808 0.00190613 -0.00419039 -4.79076e-05 0.00188825 0.00645043 0.000499887 -0.000348455 -0.00303627 -0.000108625 0.000128103 0.00161873
internal_weight=1.32173e+08 1.27712e+08 5.8771e+06 4.48886e+06 4.46059e+06 1.21835e+08 1.6371e+07 3.81965e+06 1.25514e+07 1.05464e+08 8.63952e+06 9.68247e+07 9.04502e+07 2.72351e+07
internal_count=119921 114941 5011 3576 4980 109930 23413 7412 16001 86517 12426 74091 52465 22439
cat_boundaries=0 1 2
cat_threshold=276 99
is_linear=0
shrinkage=0.03


Tree=90
num_leaves=15
num_cat=0
split_feature=10 10 11 1 10 12 9 10 16 12 12 11 1 12
split_gain=83367.4 87855.8 130166 193491 103823 161877 244982 103451 103088 77494.1 81296.4 76697 75432.2 116685
threshold=1.2540893860992715 0.79976984507662452 0.9124081244535126 17.500000000000004 1.0389604186223813 1.0185072359810103 89.500000000000014 1.0395588043783788 0.061320044736709899 0.96636452254130412 0.98244423354187715 1.032815580354387 8.5000000000000018 1.05637138242092
decision_type=2 2 2 2 2 2 2 2 2 2 2 2 2 2
left_child=1 -1 3 -3 5 9 11 -6 -8 -4 -11 -7 -9 -14
right_child=-2 2 4 -5 7 6 8 12 -10 10 -12 -13 13 -15
leaf_value=-0.0004391609188613798 -0.00067543646449307645 0.0001576760373790505 -0.00096173413282948374 0.00156701408273673 0.00074344533178698192 0.00071974874413245973 -0.00030718366349632119 0.00030553867236952426 -0.0010887149871593969 0.00039460659371723475 3.8710723793439123e-06 -0.00038306417324904984 -6.2299867315655406e-05 0.00031106490446005427
leaf_weight=5745939.8449786901 3201310.7232451439 4714415.1965352297 1530022.2153953314 1460623.1214017868 1796359.7802940607 2016874.9354300499 4148072.2963377237 10179053.272089839 6149115.633026123 3215347.7568520308 41572834.082307935 1091828.6543171406 30338756.39619565 14996252.457420588
leaf_count=6347 3055 3528 1202 1359 1426 1990 6709 15257 4014 2037 33394 994 24170 14320
internal_value=0.000134439 0.000253157 0.000422258 0.00466734 0.000198277 -0.000677017 -0.00358015 0.00111043 -0.00580843 0.000163237 0.000390039 0.00380077 0.000881153 0.000357148
internal_weight=1.32157e+08 1.28955e+08 1.2321e+08 6.17504e+06 1.17035e+08 5.97241e+07 1.34059e+07 5.73104e+07 1.02972e+07 4.63182e+07 4.47882e+07 3.1087e+06 5.55141e+07 4.5335e+07
internal_count=119802 116747 110400 4887 105513 50340 13707 55173 10723 36633 35431 2984 53747 38490
is_linear=0
shrinkage=0.03


Tree=91
num_leaves=15
num_cat=1
split_feature=2 16 10 12 9 9 12 12 0 1 1 9 12 12
split_gain=95344.7 98280.3 84482.4 135337 95611.8 190902 96159.8 80679.2 138443 81479 81471 160944 82135.8 89633.8
threshold=1.0000000180025095e-35 0.071936236158022554 1.009035500706591 1.0185072359810103 74.500000000000014 89.500000000000014 0.99850866959735451 0.98244423354187715 0 18.500000000000004 18.500000000000004 89.500000000000014 0.99470952913458499 1.0018254659386108
decision_type=2 2 2 2 2 2 2 2 1 2 2 2 2 2
left_child=-1 7 3 -3 -4 -6 -7 8 -2 -10 12 -12 -9 -14
right_child=1 2 4 -5 5 6 -8 10 9 -11 11 -13 13 -15
leaf_value=-0.00015240082793702085 0.00088880516425375404 -0.00010845332117711755 -0.00040477137052556932 -0.0011897562435476863 0.00073851892175630786 -0.00064199926436078259 7.1168364874008239e-05 -0.0003735011068938302 4.1300322443146986e-05 0.0012540838080740161 -0.00088138477522117548 3.1769762625971414e-05 0.00062139810769598646 0.00012868520076112221
leaf_weight=22541558.174586177 1572364.0675054789 10441039.355139732 2417976.3478140831 2494950.0679016113 2680582.7238605022 3368312.0247802734 18912357.988188267 3970682.3366934061 5899107.1307772398 1851350.6968464851 2710368.8447291851 11641087.636761427 4178704.6092102528 37186168.592464924
leaf_count=17689 969 5624 1333 1743 1581 1710 10819 4285 6836 2930 3899 17083 3906 39376
internal_value=0.000139939 0.000506237 -0.000670599 -0.00266853 0.000273373 0.000825145 -8.48597e-05 0.00119374 0.00378919 0.00214254 0.000788341 -0.0011816 0.00141195 0.00180757
internal_weight=1.31867e+08 1.09325e+08 4.03152e+07 1.2936e+07 2.73792e+07 2.49613e+07 2.22807e+07 6.90098e+07 9.32282e+06 7.75046e+06 5.9687e+07 1.43515e+07 4.53356e+07 4.13649e+07
internal_count=119783 102094 22810 7367 15443 14110 12529 79284 10735 9766 68549 20982 47567 43282
cat_boundaries=0 1
cat_threshold=16
is_linear=0
shrinkage=0.03


Tree=92
num_leaves=15
num_cat=3
split_feature=2 16 10 10 0 12 12 0 16 12 0 1 9 12
split_gain=96962.7 95446.3 115735 90070.7 96675.2 73129.3 75923.8 113191 94150.3 87960.2 109101 105612 188576 126270
threshold=1.0000000180025095e-35 0.080905883085398492 1.2883310473777285 1.0375161902555876 0 1.080090879916801 0.98244423354187715 1 0.053649998474035857 0.99470952913458499 2 17.500000000000004 88.500000000000014 1.0215739068061271
decision_type=2 2 2 2 1 2 2 1 2 2 1 2 2 2
left_child=-1 2 5 -3 -5 6 7 -2 -9 10 -8 -11 -13 -14
right_child=1 3 -4 4 -6 -7 9 8 -10 11 -12 12 13 -15
leaf_value=-0.00015445506511696397 0.00070365012789131711 -0.00024533162439256337 -0.0014146509801202624 -0.00018431609138714637 0.00035113081713319651 0.00043655668295368303 0.000833742983762854 0.0011441985753318246 -3.2657404721122354e-05 0.00013828667234960684 -0.00066734146517591006 -0.00091891694172783762 0.00047913055155656369 -0.00049244406685136459
leaf_weight=22554932.242452979 1845113.5490909815 14097119.933169842 1442621.9952582121 5527499.4595336914 6552901.5074113607 7785375.1854612827 1284811.0170770884 2622688.7517820597 6894375.5598144531 43209537.019246697 4985398.4771374464 2696898.9416918755 6081227.7129898071 4748981.648987174
leaf_count=17618 1040 6765 1507 1741 4951 9248 2133 6116 4934 41241 4790 3577 7890 6437
internal_value=6.87264e-06 0.000374972 0.000869988 -0.00120584 0.000695118 0.00101791 0.000728307 0.00298554 0.0016671 0.000321254 -0.00305054 0.000693886 -0.00161942 0.00014815
internal_weight=1.32329e+08 1.09775e+08 8.3597e+07 2.61775e+07 1.20804e+07 8.21544e+07 7.4369e+07 1.13622e+07 9.51706e+06 6.30069e+07 6.27021e+06 5.67366e+07 1.35271e+07 1.08302e+07
internal_count=119988 102370 88913 13457 6692 87406 78158 12090 11050 66068 6923 59145 17904 14327
cat_boundaries=0 1 2 3
cat_threshold=28 16 129
is_linear=0
shrinkage=0.03


Tree=93
num_leaves=15
num_cat=0
split_feature=10 11 1 11 14 1 12 3 1 11 10 10 12 11
split_gain=83144.1 141557 107062 99913.7 92543.3 185834 184432 146207 143464 105028 84821.6 228231 133121 340098
threshold=0.83817355033030538 0.9124081244535126 16.500000000000004 0.78683299918466465 0.92350250477657092 8.5000000000000018 0.9927388970595955 1.0000000180025095e-35 6.5000000000000009 0.98543013854132477 1.0375161902555876 1.0361774965034085 1.0051336041564809 1.0039162426793975
decision_type=2 2 2 2 2 2 2 2 2 2 2 2 2 2
left_child=3 2 -2 -1 5 6 -3 9 -8 -7 11 12 -6 -14
right_child=1 4 -4 -5 10 7 8 -9 -10 -11 -12 -13 13 -15
leaf_value=0.0003754917202115243 0.00019421871075827677 -0.00092008896237513271 0.0013250222648613814 -0.00057177002113426836 0.00015689042939366678 0.0006034044936352093 -0.0010650353184698631 -0.00085327663089344885 0.00075467916233676877 -0.00021020989291944028 0.00014311933143997088 -0.0019285428061802928 -0.0010872387137352486 3.634661158448721e-05
leaf_weight=2084259.6919281483 3646828.924778223 694532.61231577396 1706392.2948989868 6484777.8858753443 24034860.341437459 1357494.2230348587 576989.4881387949 6167165.0374791622 2829321.9702515602 12039930.750657082 44107220.225201607 1699136.4610199928 6060205.1923611164 18202960.23500061
leaf_count=2424 2636 1180 1259 6452 18523 1000 4734 6028 1637 9317 42545 1286 5706 14983
internal_value=1.86735e-05 0.000217536 0.00498872 -0.00283866 6.62343e-07 -0.0016763 0.00413035 -0.00289341 0.00700316 -0.00113386 0.000422387 -0.000423576 -4.34002e-05 -0.00161097
internal_weight=1.31692e+08 1.23123e+08 5.35322e+06 8.56904e+06 1.1777e+08 2.36654e+07 4.10084e+06 1.95646e+07 3.40631e+06 1.33974e+07 9.41044e+07 4.99972e+07 4.8298e+07 2.42632e+07
internal_count=119710 110834 3895 8876 106939 23896 7551 16345 6371 10317 83043 40498 39212 20689
is_linear=0
shrinkage=0.03


Tree=94
num_leaves=15
num_cat=5
split_feature=14 10 0 0 10 12 0 10 2 13 12 0 12 0
split_gain=84090.3 88159.1 77969.6 64797.8 105681 62752 190135 68550.4 59115.4 127435 99857.7 113459 90276.4 74736
threshold=1.0051720084524249 0.96771506909300131 0 1 0.99949619706298598 0.98244423354187715 2 0.86478281687913083 4.5000000000000009 1.1176149359256635 1.0671690946621852 3 1.0052579752399988 4
decision_type=2 2 1 1 2 2 1 2 2 2 2 1 2 1
left_child=3 2 -2 4 -1 6 -5 -7 10 -10 12 -12 13 -3
right_child=1 8 -4 5 -6 7 -8 -9 9 -11 11 -13 -14 -15
leaf_value=-0.00088533777781748201 -0.0011720506874079307 -0.00026700483992947525 -1.0686414590077622e-06 0.00052803704839433419 0.00039615372998128733 -0.00058409492053779547 -5.1964582414731778e-05 -8.3763496238004834e-05 0.00019818096291662857 0.0018139886689497544 0.0014456732823336866 -0.00013229986695935511 -8.0132705027640379e-05 0.00043339732831242935
leaf_weight=871178.08656013012 1915874.2988777161 2409681.1608552933 4641920.7740781307 2613492.6138317585 5851196.4602591991 2964863.6541603804 10606288.257843971 63851696.605268002 4645381.1488509178 2259330.2035098076 2497242.8089903593 1460239.4727950096 17033371.024050236 8096852.6831253767
leaf_count=986 2521 2087 6012 1138 6785 1998 8657 51810 7129 4688 2979 1421 15085 6481
internal_value=0.00010913 0.0011621 -0.00205261 -0.000436536 0.00239242 -0.000674145 0.00121437 -0.00104779 0.00171106 0.00422502 0.00115996 0.00561597 0.000519632 0.00270663
internal_weight=1.31719e+08 4.49599e+07 6.5578e+06 8.67587e+07 6.72237e+06 8.00363e+07 1.32198e+07 6.68166e+07 3.84021e+07 6.90471e+06 3.14974e+07 3.95748e+06 2.75399e+07 1.05065e+07
internal_count=119777 48403 8533 71374 7771 63603 9795 53808 39870 11817 28053 4400 23653 8568
cat_boundaries=0 1 2 3 4 5
cat_threshold=66 64 16 358 260
is_linear=0
shrinkage=0.03


Tree=95
num_leaves=15
num_cat=2
split_feature=10 10 10 0 11 1 11 11 0 11 12 11 11 10
split_gain=85274.2 85072.4 220051 193872 273918 144528 135593 132130 111933 213318 197996 131290 171824 124944
threshold=1.2540893860992715 1.0375161902555876 1.0361774965034085 0 1.0486312805951197 8.5000000000000018 1.0323118499713326 1.0196581119313397 1 1.0166516806937385 1.0051336041564809 1.0292425370146423 1.0344887901146891 0.81586805158820941
decision_type=2 2 2 1 2 2 2 2 1 2 2 2 2 2
left_child=1 2 8 -3 5 6 -5 -7 10 -10 13 -11 -13 -1
right_child=-2 3 -4 4 -6 7 -8 -9 9 11 -12 12 -14 -15
leaf_value=-0.00038630620715178249 -0.0007862071332735102 0.00036108478322787997 -0.0017438919064429671 0.0002488060105491757 -0.00026469415490667261 0.00068206700688027691 0.0012712494607219559 -5.7564031118848844e-05 -0.00052439008922168734 0.00073521734324104976 -0.00013710183545509274 -0.0011812090789704685 0.00041072013457596967 0.00031768381800566296
leaf_weight=3410454.7202641964 3216822.4179011583 28203602.624937415 1963981.1577758789 1162132.3573330641 18803998.320761561 2926362.0169248581 992662.54914450645 6259604.975897789 17216604.895419955 3280149.2217133045 18607131.541874647 1446570.9094039202 2625286.9229695797 21838223.209506273
leaf_count=3461 3082 31663 1558 1467 16475 2383 980 3312 17456 3250 14828 1196 3138 15535
internal_value=9.82046e-05 0.000218759 -0.000483389 0.00106579 -0.000606881 0.00307551 0.0100681 0.00143523 -0.000199207 -0.00182034 0.000708971 0.00245741 -0.00114078 0.00243941
internal_weight=1.31954e+08 1.28737e+08 7.03884e+07 5.83484e+07 3.01448e+07 1.13408e+07 2.15479e+06 9.18597e+06 6.84244e+07 2.45686e+07 4.38558e+07 7.35201e+06 4.07186e+06 2.52487e+07
internal_count=119784 116702 60422 56280 24617 8142 2447 5695 58864 25040 33824 7584 4334 18996
cat_boundaries=0 1 2
cat_threshold=358 155
is_linear=0
shrinkage=0.03


Tree=96
num_leaves=15
num_cat=0
split_feature=10 13 2 3 10 1 11 11 16 3 14 1 10 12
split_gain=86873.9 83838 128383 153435 76266.8 131320 96866.6 87012.7 79502.7 71385.2 62223.9 60334.2 55256.9 137378
threshold=1.2883310473777285 1.1572415640492089 4.5000000000000009 2.5000000000000004 0.85635765199566871 18.500000000000004 0.9124081244535126 0.78683299918466465 0.02149461468853919 1.5000000000000002 1.1291328588240559 15.500000000000002 1.012969803707177 1.0018254659386108
decision_type=2 2 2 2 2 2 2 2 2 2 2 2 2 2
left_child=1 4 3 -3 5 7 11 -1 -8 -9 -4 -6 13 -10
right_child=-2 2 10 -5 6 -7 8 9 12 -11 -12 -13 -14 -15
leaf_value=0.00023259808331365893 -0.0011491971924246257 0.00034187529808319322 0.0010702001732255657 -0.0030813318256328855 0.00010067364543212412 0.00062766804975072379 -0.00086946834868295163 -0.00040608314958294754 0.00016753712968388501 -0.0029909374371140897 0.0053777989659730659 0.00088339906289451066 4.0989073503190706e-05 -0.00034379254325228473
leaf_weight=1766717.1337618828 2330724.2881793976 5348659.5961331129 1633221.6632401943 1051309.9137114286 2956333.8848338127 1521775.1473846436 3149377.6668932438 5526698.5728025436 11299803.721748352 1478867.1556041241 693065.69010722637 1952383.7390594482 75173375.204141617 16018255.858617783
leaf_count=1701 2064 9451 3305 1802 1886 2259 19650 3642 7018 1962 2176 1100 50877 10743
internal_value=-1.12301e-05 9.20308e-05 0.00293183 0.00073799 -0.000113034 -0.00258284 0.000116947 -0.00399411 -7.44779e-05 -0.00549455 0.00896741 0.00423661 6.97884e-05 -0.00108573
internal_weight=1.31901e+08 1.2957e+08 8.72626e+06 6.39997e+06 1.20844e+08 1.02941e+07 1.1055e+08 8.77228e+06 1.05641e+08 7.00557e+06 2.32629e+06 4.90872e+06 1.02491e+08 2.73181e+07
internal_count=119636 117572 16734 11253 100838 9564 91274 7305 88288 5604 5481 2986 68638 17761
is_linear=0
shrinkage=0.03


Tree=97
num_leaves=15
num_cat=2
split_feature=13 0 14 16 14 10 11 1 16 0 12 11 10 1
split_gain=77457.7 91616.1 97107.8 84912.6 61362.6 56648.9 125056 109339 81345 80250.5 120719 196454 134084 94782.3
threshold=1.1040890199744662 0 1.4099493185269965 0.064153281496883749 1.0592675685713924 0.85635765199566871 0.90644793995258399 18.500000000000004 0.030894146538012413 1 1.0065793869439743 0.99579473430313603 1.053404392603321 10.500000000000002
decision_type=2 1 2 2 2 2 2 2 2 1 2 2 2 2
left_child=5 4 -3 -4 -2 7 -7 -1 -8 10 12 -12 -10 -11
right_child=1 2 3 -5 -6 6 8 -9 9 13 11 -13 -14 -15
leaf_value=-0.00044866781115753121 0.0003573329070363445 0.00011617883455058768 -0.0044207354666651079 -0.0044813658742475226 0.0014835506512507796 0.00048712339210342791 -0.00047778187381439734 0.00065760760155337574 0.00099666192330451838 6.5550421398064061e-05 -0.0015739659328390266 0.00010028270952918863 -0.00045694809865902739 -0.00011984173267316241
leaf_weight=8640986.001875639 3365808.8546924591 10615307.492037058 305312.94213247299 431344.20987725258 2248457.0310145617 4162263.9849649668 6760106.4045753479 1476346.3599863052 4812392.4049072266 19932622.951099873 1367300.4729766846 21885649.12991333 1274500.2478942871 45284800.12284255
leaf_count=7145 3400 14450 1974 549 4278 2570 24709 2168 4045 9542 1070 19602 1020 23642
internal_value=2.86988e-05 0.00192158 0.000371239 -0.0101616 0.00505633 -0.00024912 -4.34397e-05 -0.00239347 -0.000252809 -2.55222e-05 0.0012775 0.000292943 0.00503865 -0.000611721
internal_weight=1.32563e+08 1.69662e+07 1.1352e+07 736657 5.61427e+06 1.15597e+08 1.0548e+08 1.01173e+07 1.01317e+08 9.45573e+07 2.93398e+07 2.32529e+07 6.08689e+06 6.52174e+07
internal_count=120164 24651 16973 2523 7678 95513 86200 9313 83630 58921 25737 20672 5065 33184
cat_boundaries=0 1 2
cat_threshold=52 99
is_linear=0
shrinkage=0.03


Tree=98
num_leaves=15
num_cat=4
split_feature=13 2 4 11 10 0 2 0 2 9 0 0 9 14
split_gain=76224.6 125851 149476 62013.1 85065.1 117352 80291.5 82754.1 79731.5 157592 128116 111464 113623 108800
threshold=1.1572415640492089 4.5000000000000009 1.0000000180025095e-35 1.1974644592326587 1.1413265287497878 0 3.5000000000000004 1 2.5000000000000004 74.500000000000014 2 3 82.500000000000014 0.80066380668717885
decision_type=2 2 2 2 2 1 2 1 2 2 1 1 2 2
left_child=3 2 -2 4 8 -6 7 -7 13 10 -10 -11 -13 -1
right_child=1 -3 -4 -5 5 6 -8 -9 9 11 -12 12 -14 -15
leaf_value=-0.00099736730686824163 0.00031036038069252647 0.0017468574303443056 -0.0032236652515728191 -0.00065639174392815723 -0.00033282492933234796 0.0011164538616798749 3.4590137036963895e-05 0.00042027852071033819 6.2342919127406611e-05 -8.4344435446498782e-05 -0.0009314769323568613 0.0008098191094276626 0.00017326942180227457 -6.9676068280347903e-05
leaf_weight=1941658.8866406679 5677732.0417172909 2393511.0948046446 1069741.6376174688 3304021.0597797632 3031171.4890350103 2625936.8601287603 3080577.2764045 2952888.6389839649 2245861.9113003016 19973973.658940792 2613724.2378952503 1799032.566519618 26008254.392032027 53528713.664201379
leaf_count=2496 9778 5546 1794 3070 4362 2035 3606 2470 2390 16014 1958 1910 25802 36853
internal_value=2.27431e-05 0.00266588 0.000569348 -0.000173518 -6.16991e-05 0.00236929 0.00414761 0.00629424 -0.000324573 0.000511742 -0.00463527 0.00103522 0.00226326 -0.00111823
internal_weight=1.32247e+08 9.14098e+06 6.74747e+06 1.23106e+08 1.19802e+08 1.16906e+07 8.6594e+06 5.57883e+06 1.08111e+08 5.26408e+07 4.85959e+06 4.77813e+07 2.78073e+07 5.54704e+07
internal_count=120084 17118 11572 102966 99896 12473 8111 4505 87423 48074 4348 43726 27712 39349
cat_boundaries=0 1 2 3 4
cat_threshold=168 84 458 268
is_linear=0
shrinkage=0.03


Tree=99
num_leaves=15
num_cat=3
split_feature=2 3 9 2 10 11 16 5 11 0 12 0 11 0
split_gain=80269.2 102537 219246 145417 145317 141973 124937 155458 108884 159309 123042 167336 105044 94385
threshold=1.0000000180025095e-35 1.0000000180025095e-35 67.500000000000014 2.5000000000000004 1.0804981498706023 1.2076425530695396 0.079999683510572975 1.0000000180025095e-35 0.99272723637215787 0 1.0100722254825036 1 0.99762127163974601 2
decision_type=2 2 2 2 2 2 2 2 2 1 2 1 2 1
left_child=-1 3 -3 4 8 6 7 -4 10 -10 11 -2 -5 -6
right_child=1 2 5 12 13 -7 -8 -9 9 -11 -12 -13 -14 -15
leaf_value=-0.00015920657827665853 0.00059990874546442653 -0.0012691114328251814 5.5305424424641306e-05 0.00074351990725261212 -0.00023585239960325117 -0.0026387687098362554 -0.000290986166618715 0.0019002456678776983 0.00023412873231269524 -0.00028290512599852527 -0.00039103768516377706 -0.00046054367089929006 0.00018159372238821472 0.00048590360222798508
leaf_weight=22691011.523400784 5282711.8291352987 1301265.6830726862 31313993.21888876 4994094.1527631283 2402101.9662801027 905821.97886717319 10922806.621084809 771430.82335305214 5724056.6796319485 17120973.579199433 2397503.1550724506 2436364.0174680948 15481713.162715435 8747853.8303303719
leaf_count=17742 3172 1318 41525 3756 2523 1108 7400 670 4893 11263 1853 2732 12251 7953
internal_value=9.21057e-06 0.000344885 -0.000750802 0.00111194 0.000142097 -0.000391197 -0.000143644 0.000799776 -0.000859368 -0.00200678 0.0017317 0.00357556 0.00320129 0.00310264
internal_weight=1.32494e+08 1.09803e+08 4.52153e+07 6.45874e+07 4.41116e+07 4.39141e+07 4.30082e+07 3.20854e+07 3.29616e+07 2.2845e+07 1.01166e+07 7.71908e+06 2.04758e+07 1.115e+07
internal_count=120159 102417 52021 50396 34389 50703 49595 42195 23913 16156 7757 5904 16007 10476
cat_boundaries=0 1 2 3
cat_threshold=322 31 136
is_linear=0
shrinkage=0.03


Tree=100
num_leaves=15
num_cat=0
split_feature=2 3 9 11 11 12 12 16 12 11 14 16 14 12
split_gain=62722 98040.2 201534 145119 137617 130437 112591 162375 143056 192622 132288 113875 102276 94627.9
threshold=1.0000000180025095e-35 1.0000000180025095e-35 68.500000000000014 0.99272723637215787 1.2076425530695396 1.0616462961516742 0.99523338337776046 0.064827896061758039 1.0185072359810103 0.99349440725769278 1.0611476287992276 0.066671385770565486 0.91710045033201182 1.0100722254825036
decision_type=2 2 2 2 2 2 2 2 2 2 2 2 2 2
left_child=-1 3 -3 13 6 -5 7 -4 10 11 -8 -10 -11 -2
right_child=1 2 4 5 -6 -7 8 -9 9 12 -12 -13 -14 -15
leaf_value=-0.00012845388387822948 0.00051399908452179875 -0.00105228005050446 0.00033074628777253359 -3.7271874372819926e-05 -0.0024947020743485582 0.00039258369320250858 0.00020518327363310617 -0.0008105496315179416 -0.00029025584110691774 -0.0005510134934333912 0.0018765957306375769 -0.0033254990211602112 0.00012555001400473632 -0.00010555094637886104
leaf_weight=22562508.212392211 11988701.43958354 1945261.1901773214 4118192.2143241167 39603231.396037698 904966.09436941147 9749460.3560787439 13077657.364504337 5705093.0132751465 811242.92065751553 2479828.902477622 1446091.6448532343 1026034.7349243164 13836113.201073766 3057002.6770801544
leaf_count=17681 9242 2131 7463 29816 1101 8917 11879 4274 1651 3534 2977 907 16163 2417
internal_value=9.25514e-05 0.000388711 -0.000679777 0.00114116 -0.000256405 0.000354844 -9.91068e-06 -0.00282615 0.000836701 -0.000938777 0.00305587 -0.0101479 9.82243e-05 0.00372042
internal_weight=1.32311e+08 1.09749e+08 4.53505e+07 6.43984e+07 4.34052e+07 4.93527e+07 4.25003e+07 9.82329e+06 3.2677e+07 1.81532e+07 1.45237e+07 1.83728e+06 1.63159e+07 1.50457e+07
internal_count=120153 102472 52080 50392 49949 38733 48848 11737 37111 22255 14856 2558 19697 11659
is_linear=0
shrinkage=0.03


Tree=101
num_leaves=15
num_cat=0
split_feature=14 10 10 16 12 11 12 10 2 16 11 3 2 13
split_gain=83832.7 79132.3 78449.6 100651 61037.2 65538 77878.5 68084.3 64226.9 48498 92235.8 97399.3 94090.4 88209.4
threshold=0.99377989416422208 1.0804981498706023 1.1866650474107496 0.063453872265148092 1.1399017412380001 1.1219708317889039 1.0336496147759966 1.2031119363884388 2.5000000000000004 0.055837334735462339 0.97657270501056159 1.0000000180025095e-35 4.5000000000000009 1.0991133338900145
decision_type=2 2 2 2 2 2 2 2 2 2 2 2 2 2
left_child=4 9 -3 -4 5 6 -1 -7 -6 -2 11 -11 -12 -14
right_child=1 2 3 -5 8 7 -8 -9 -10 10 12 -13 13 -15
leaf_value=-2.3952575474993813e-05 0.00023615902773811562 0.0006433193543805768 0.00060134531902470291 -0.00078765043042200303 -0.00011935901024948792 0.00047494616574406286 -0.00035775273930910837 -0.00022489975922035553 -0.0012520335328466061 -8.2512025937224521e-05 -2.3020642994678524e-05 -0.0020409322672972816 0.00020712608372021275 0.0016564261321533966
leaf_weight=56672676.239241123 14205466.20360589 8119927.5442804098 1372878.8379048109 1318265.6763386726 1736569.2556223869 4446929.4454978704 9287478.7463909388 2675012.0248001814 1491627.3592922688 4221807.9616088867 20315030.00402832 2112048.9946899414 2949382.5521745682 1303665.7570767403
leaf_count=44561 23805 10559 2649 979 1361 4276 8836 3403 1422 2189 10262 2054 2157 1284
internal_value=4.78852e-05 0.000930312 0.00323552 -0.00120353 -0.000598738 -0.000420417 -0.00071562 0.00231362 -0.00463568 0.000377814 -0.000289138 -0.00351711 0.000543061 0.00460064
internal_weight=1.32229e+08 5.59185e+07 1.08111e+07 2.69114e+06 7.63103e+07 7.30821e+07 6.59602e+07 7.12194e+06 3.2282e+06 4.51074e+07 3.09019e+07 6.33386e+06 2.45681e+07 4.25305e+06
internal_count=119797 55938 14187 3628 63859 61076 53397 7679 2783 41751 17946 4243 13703 3441
is_linear=0
shrinkage=0.03


Tree=102
num_leaves=15
num_cat=3
split_feature=10 12 0 12 0 2 14 2 3 14 4 0 10 9
split_gain=66923.4 68941.4 236974 125459 109590 81958.6 81942.3 123967 172505 94743.5 81042.3 77326.9 136020 87708.2
threshold=1.2883310473777285 1.0671690946621852 0 1.0336496147759966 1 1.5000000000000002 1.0611476287992276 4.5000000000000009 2.5000000000000004 1.7235884199566895 1.0000000180025095e-35 2 0.96771506909300131 75.500000000000014
decision_type=2 2 1 2 1 2 2 2 2 2 2 1 2 2
left_child=1 3 -3 6 -5 -4 11 8 -8 -10 -9 12 -1 -14
right_child=-2 2 5 4 -6 -7 7 10 9 -11 -12 -13 13 -15
leaf_value=-0.000568181485056228 -0.00097128640454905379 0.00087902286455415974 -0.00052268052949230013 5.6821955490794277e-05 -0.0004854412153777055 4.5308154942874639e-05 0.00039142781967312724 0.0013829930770629718 -0.0056186048423689794 -0.00029149516817914044 0.0052413442410404829 -2.7671111334006182e-05 -0.00019532781131011086 0.00062301413818655895
leaf_weight=2175394.8398369551 2312663.6145961285 7352637.7449015379 2671641.2521697283 5714423.6367195845 10894820.091789007 5482579.7354280949 5962031.4150047302 1653999.2946876287 628849.69410300255 603197.07757246494 461573.51701307297 76306646.570880413 1846983.286872983 8170636.513236165
leaf_count=1863 2057 8982 2254 7843 9261 5600 9234 4728 788 1290 666 55973 1858 7747
internal_value=4.95226e-05 0.000139564 0.00201672 -0.000114843 -0.00252552 -0.00150488 0.00029452 0.00297177 0.00109447 -0.00912475 0.0093556 1.2889e-05 0.0022313 0.00370787
internal_weight=1.32238e+08 1.29925e+08 1.55069e+07 1.14419e+08 1.66092e+07 8.15422e+06 9.78093e+07 9.30965e+06 7.19408e+06 1.23205e+06 2.11557e+06 8.84997e+07 1.2193e+07 1.00176e+07
internal_count=120144 118087 16836 101251 17104 7854 84147 16706 11312 2078 5394 67441 11468 9605
cat_boundaries=0 1 2 3
cat_threshold=356 433 66
is_linear=0
shrinkage=0.03


Tree=103
num_leaves=15
num_cat=4
split_feature=14 0 16 14 9 9 1 1 0 0 16 1 0 12
split_gain=69596.6 104094 109379 102746 64993.5 71281.3 381140 191163 182473 145695 103695 91129.4 119335 93434.6
threshold=1.0592675685713924 0 0.061320044736709899 1.1570363360148355 64.500000000000014 89.500000000000014 17.500000000000004 8.5000000000000018 1 2 0.060170933035498107 10.500000000000002 3 0.98446444983219006
decision_type=2 1 2 2 2 2 2 2 1 1 2 2 1 2
left_child=4 -2 -3 -4 -1 6 7 10 -9 -8 -6 -7 -13 -14
right_child=1 2 3 -5 5 11 9 8 -10 -11 -12 12 13 -15
leaf_value=-0.00051148839771116732 0.0014738596831462489 0.00064285101493338987 3.0414796453118494e-05 -0.002414993591118735 -0.0012596733941556365 7.5332055893841885e-05 -0.00091097139149267292 -0.00016905415816275817 0.00073318016755806025 -6.0662381764873237e-05 4.1028322592463099e-05 -0.00035846879601527493 0.00026522243347522914 -6.9202774258625332e-05
leaf_weight=2496498.987770915 1368218.6800385714 6278888.7793793678 4730724.7399044037 1237765.4142792225 823961.96347212791 30667397.266398191 2027995.021446228 2327712.6821899414 7746294.8036468029 1947911.2181370258 1956541.1723022461 21240761.150090218 6740516.516767025 40816828.767113209
leaf_count=1805 2050 16889 3456 1507 2619 29309 1468 1509 5264 2668 865 17273 4503 28923
internal_value=6.24717e-05 0.00209405 0.0012173 -0.00169057 -0.000170382 -6.75691e-05 0.00173801 0.00424877 0.00617078 -0.00637955 -0.00271484 -0.000373088 -0.000979356 -0.000144344
internal_weight=1.32408e+08 1.36156e+07 1.22474e+07 5.96849e+06 1.18792e+08 1.16296e+08 1.68304e+07 1.28545e+07 1.0074e+07 3.97591e+06 2.7805e+06 9.94655e+07 6.87981e+07 4.75573e+07
internal_count=120108 23902 21852 4963 96206 94401 14393 10257 6773 4136 3484 80008 50699 33426
cat_boundaries=0 1 2 3 4
cat_threshold=16 68 84 392
is_linear=0
shrinkage=0.03


Tree=104
num_leaves=15
num_cat=4
split_feature=11 12 0 12 0 16 2 2 0 11 2 9 11 0
split_gain=60746 84377.7 220888 96984.8 109095 96566.8 71408.9 69547.6 65337.6 306909 128257 116268 98507 90893.8
threshold=1.1974644592326587 1.0671690946621852 0 1.0336496147759966 1 0.082121563846884488 1.5000000000000002 2.5000000000000004 2 1.0344887901146891 2.5000000000000004 68.500000000000014 1.0256949624400986 3
decision_type=2 2 1 2 1 2 2 2 1 2 2 2 2 1
left_child=1 3 -3 8 -5 6 -4 -2 9 -1 12 -12 13 -10
right_child=7 2 5 4 -6 -7 -8 -9 10 -11 11 -13 -14 -15
leaf_value=-0.00034861340088044858 4.1159685957740042e-05 0.00078915263140757683 -0.00059451137118452305 8.1352741376603069e-05 -0.00045418117299264821 -0.0010601792290769658 0.00020371488705170693 -0.0014653430320265522 0.00054150624523562779 0.00069377022907468318 -0.00064914249749593856 0.00024776500373503295 -0.00023732980180978799 -2.013704811579712e-05
leaf_weight=20870706.031025887 1742127.7502887249 8586119.2959247828 1419482.1633633375 5692344.9590144157 11085567.772833824 1227068.7603149414 2833151.8547619581 1613011.6692583561 4513203.3253040314 5169385.3499990702 2095869.4214000702 33756264.311412692 13627983.016982436 18007597.19021523
leaf_count=17285 1484 9974 1341 7785 9421 603 3209 1820 2614 4222 1944 33538 10722 13844
internal_value=-1.92688e-05 8.44729e-05 0.00227757 -0.000184192 -0.00229186 -0.00242834 -0.000289096 -0.00400441 0.000176496 -0.0011113 0.000642244 0.00191364 -0.000618721 0.000599516
internal_weight=1.3224e+08 1.28885e+08 1.40658e+07 1.14819e+08 1.67779e+07 5.4797e+06 4.25263e+06 3.35514e+06 9.8041e+07 2.60401e+07 7.20009e+07 3.58521e+07 3.61488e+07 2.25208e+07
internal_count=119806 116502 15127 101375 17206 5153 4550 3304 84169 21507 62662 35482 27180 16458
cat_boundaries=0 1 2 3 4
cat_threshold=358 433 260 8
is_linear=0
shrinkage=0.03


Tree=105
num_leaves=15
num_cat=3
split_feature=10 13 0 10 0 11 11 1 16 11 16 16 12 0
split_gain=71647.3 81390.8 86835.7 65000.5 72386.3 169531 171046 122445 92093 91982.1 89013.6 80983.1 77221.7 129011
threshold=1.2540893860992715 1.1572415640492089 0 0.72565943610004047 1 0.98059644709439753 0.84573016604402318 10.500000000000002 0.080905883085398492 0.99469405307571501 0.079404344500914756 0.067416919633109459 1.0018254659386108 2
decision_type=2 2 1 2 1 2 2 2 2 2 2 2 2 1
left_child=1 3 -3 -1 5 6 -5 -6 10 -7 12 -8 13 -9
right_child=-2 2 -4 4 7 9 11 8 -10 -11 -12 -13 -14 -15
leaf_value=-0.00079090402357324117 -0.00072086987056547264 0.0027563597005832792 0.00025748054080129901 0.00076729609146153875 9.3526079315028692e-05 0.0037536122182284357 -0.00053991040052742015 -0.00039717700356478879 -0.00029475310653765915 0.0002742121636793552 0.00040906268041183388 -0.0021103450584019938 -0.00016045377513603318 0.000308339861505603
leaf_weight=1493365.0630524158 3201959.9983161688 901545.30732083321 7885894.8317586184 1065749.6077202559 29630054.613336205 819735.50530469418 1595240.6956417561 5208876.0297241211 14381499.691748619 19174650.04184854 2669130.8115692139 1260585.3507385254 33003344.558857322 10253842.268547058
leaf_count=1571 3009 1393 15296 1177 26014 779 2233 4137 6280 24203 1351 936 24234 7420
internal_value=1.52606e-05 0.000125003 0.00291241 -7.81735e-05 -1.58116e-07 0.00147526 -0.00422803 -0.000371017 -0.00109476 0.00259387 -0.000498274 -0.00805547 -0.000792009 0.000957467
internal_weight=1.32545e+08 1.29344e+08 8.78744e+06 1.20556e+08 1.19063e+08 2.3916e+07 3.92158e+06 9.51467e+07 6.55167e+07 1.99944e+07 5.11352e+07 2.85583e+06 4.84661e+07 1.54627e+07
internal_count=120033 117024 16689 100335 98764 29328 4346 69436 43422 24982 37142 3169 35791 11557
cat_boundaries=0 1 2 3
cat_threshold=16 98 260
is_linear=0
shrinkage=0.03


Tree=106
num_leaves=15
num_cat=2
split_feature=2 3 9 2 11 10 0 13 11 11 0 10 11 16
split_gain=63056.3 85234.7 169465 117572 114070 108039 109066 98286 83981.2 82176.7 179488 105763 102858 80849
threshold=1.0000000180025095e-35 1.0000000180025095e-35 67.500000000000014 2.5000000000000004 1.1219708317889039 1.2540893860992715 0 0.47080211447719411 0.99928936633935284 0.99272723637215787 1 1.009035500706591 1.0081408643961198 0.069040338539711726
decision_type=2 2 2 2 2 2 1 2 2 2 1 2 2 2
left_child=-1 3 -3 4 9 6 13 -8 -5 11 12 -2 -11 -4
right_child=1 2 5 8 -6 -7 7 -9 -10 10 -12 -13 -14 -15
leaf_value=-0.00013599127190206265 1.7131708113353946e-05 -0.0011639809477339367 -8.2788970938428719e-07 0.00069005198459018728 0.0004798366698969821 -0.0020126331785277475 -0.0010752659850811835 0.00014737054617423897 0.00018060871292418197 -0.0010555195556484454 -0.00022876821815790118 0.00073562920456536043 0.00042286603721852979 -0.0005085941073954709
leaf_weight=22575587.317816257 8513428.6737376451 1336260.9392074347 9187672.124533534 5358922.0411890745 5251907.2063610554 1032768.3217201233 908270.19497656822 24723323.425603032 15196185.139572978 954659.84136688709 20115367.558141351 1838614.5931220055 7077254.7227207422 8203739.9070482254
leaf_count=17787 6797 1351 12178 3934 5010 1228 1327 30870 12110 1092 12503 1307 7558 4964
internal_value=5.40435e-05 0.000351188 -0.000644141 0.00105376 0.000174517 -0.000324901 -9.47248e-05 0.00114949 0.00292522 -0.000391258 -0.00123181 0.00189421 0.00255937 -0.00192845
internal_weight=1.32274e+08 1.09698e+08 4.5392e+07 6.43063e+07 4.37512e+07 4.40558e+07 4.3023e+07 2.56316e+07 2.05551e+07 3.84993e+07 2.81473e+07 1.0352e+07 8.03191e+06 1.73914e+07
internal_count=120016 102229 51918 50311 34267 50567 49339 32197 16044 29257 21153 8104 8650 17142
cat_boundaries=0 1 2
cat_threshold=268 354
is_linear=0
shrinkage=0.03


Tree=107
num_leaves=15
num_cat=4
split_feature=10 10 0 11 11 10 0 12 3 11 0 10 10 0
split_gain=65899.5 54356.5 157508 249143 178290 150637 103390 99389.8 120667 117435 113465 126459 88555.6 85412.5
threshold=1.2883310473777285 1.0389604186223813 0 1.0507163897489569 1.0164731896702961 1.0361774965034085 1 1.0185072359810103 1.5000000000000002 0.99579473430313603 2 0.96771506909300131 1.0308391627668356 3
decision_type=2 2 1 2 2 2 1 2 2 2 1 2 2 1
left_child=1 5 4 -4 -3 7 -5 10 13 -10 11 -1 -12 -9
right_child=-2 2 3 6 -6 -7 -8 8 9 -11 12 -13 -14 -15
leaf_value=-0.0003089399924558929 -0.00091753260884902055 -0.0011380733368059547 0.00026150931254719585 -0.00074876626479577677 0.00045873246695564044 -0.00099828220282782232 -0.00011978050409152108 0.0001325507449801227 -0.0029266987076674148 -0.00033271881720236808 -5.3821533656952157e-05 0.00063383908231009068 0.000370997015645451 -0.0005078210465757542
leaf_weight=2879038.8242293596 2313436.4929909706 1374157.8122460842 14212209.036682248 5137062.1094174385 20601009.603128552 3103277.6223556995 16933400.070131183 5680853.0466946363 1554824.3701456785 1416708.9712402821 41844419.754899025 8093301.2386327982 2192298.8811781406 4837907.2269159555
leaf_count=2140 2045 1232 10830 3473 24812 2658 16043 4690 2447 2452 34924 6073 1710 4429
internal_value=2.65143e-05 0.000115923 0.000796372 -0.000417611 0.00280075 -0.000437709 -0.00241251 -0.000144829 -0.0024524 -0.00779063 0.000421075 0.00315063 -0.000259031 -0.000944359
internal_weight=1.32174e+08 1.2986e+08 5.82578e+07 3.62827e+07 2.19752e+07 7.16026e+07 2.20705e+07 6.84994e+07 1.34903e+07 2.97153e+06 5.50091e+07 1.09723e+07 4.40367e+07 1.05188e+07
internal_count=119958 117913 56390 30346 26044 61523 19516 58865 14018 4899 44847 8213 36634 9119
cat_boundaries=0 1 2 3 4
cat_threshold=356 8 10 313
is_linear=0
shrinkage=0.03


Tree=108
num_leaves=15
num_cat=3
split_feature=10 10 0 12 0 14 2 4 4 16 0 12 12 10
split_gain=59530 63933 102044 81695.9 151037 69422.8 111493 167061 80940.3 74973 67650.4 188506 149612 136249
threshold=1.2334770669621216 1.1289514811175707 0 1.0336496147759966 1 1.0592675685713924 4.5000000000000009 1.0000000180025095e-35 1.0000000180025095e-35 0.071936236158022554 2 1.0197477511393997 1.0242844499832067 0.96771506909300131
decision_type=2 2 1 2 1 2 2 2 2 2 1 2 2 2
left_child=1 3 -3 5 -5 10 7 -7 -8 -9 11 13 -13 -1
right_child=-2 2 -4 4 -6 6 8 9 -10 -11 -12 12 -14 -15
leaf_value=-0.00033635265877051058 -0.00047271308998920688 0.00046048538655237388 -0.00016620091565552403 0.00050717461265764152 -0.00036539029111174782 0.00038151509354436672 0.0013225014258683881 -0.000589749712259319 0.0056147147264370093 -0.0047218116077482573 -4.8169359323552038e-05 -0.0029295594800923786 -0.0001345762821449793 0.00041087540002138803
leaf_weight=3943956.0934746265 4423379.308614254 9876495.3417801857 5712339.1015264988 3277133.0667625666 14778434.904923677 5645395.8396630287 1593793.2386991978 599184.57693600655 449911.48848748207 599549.47018432617 57118875.381168842 1355846.2957873344 3550813.3854061365 19121832.204618931
leaf_count=3568 5065 9371 7688 5394 12809 8645 4446 1429 638 617 39313 849 3022 17025
internal_value=-6.12096e-06 0.000112466 0.00191253 -0.000138 -0.00198623 0.000217087 0.00273999 0.000903887 0.0088889 -0.00926762 -4.64321e-05 0.00116232 -0.00417729 0.00229819
internal_weight=1.32047e+08 1.27624e+08 1.55888e+07 1.12035e+08 1.80556e+07 9.39792e+07 8.88783e+06 6.84413e+06 2.0437e+06 1.19873e+06 8.50913e+07 2.79724e+07 4.90666e+06 2.30658e+07
internal_count=119879 114814 17059 97755 18203 79552 15775 10691 5084 2046 63777 24464 3871 20593
cat_boundaries=0 1 2 3
cat_threshold=342 289 202
is_linear=0
shrinkage=0.03


Tree=109
num_leaves=15
num_cat=3
split_feature=10 13 2 3 14 1 9 0 0 3 14 14 13 0
split_gain=66958.3 55030.4 106633 118967 51693.8 51096.3 103709 100129 88413.2 82162.9 112250 68364.6 94629 63504.9
threshold=0.72565943610004047 1.1572415640492089 4.5000000000000009 1.0000000180025095e-35 1.1186570060333347 10.500000000000002 70.500000000000014 0 1 1.5000000000000002 0.85383693405725902 0.84595081917188897 0.87450103592535178 2
decision_type=2 2 2 2 2 2 2 1 1 2 2 2 2 1
left_child=-1 5 3 -3 -4 6 8 9 -2 -7 -11 12 -9 -8
right_child=1 2 4 -5 -6 7 13 11 -10 10 -12 -13 -14 -15
leaf_value=-0.00072034601669109454 7.4110142335475905e-05 0.00042081720856991891 0.00089811378269511691 -0.00096756498614676719 0.0040510521385987742 0.00021243653577648005 -0.0002331879028336757 -0.0010318558925293611 -0.0011296759787778816 -0.0043446817263485746 -0.00013919001867717176 -8.2809981587999128e-05 3.1296364622449868e-05 0.00016175562505460985
leaf_weight=1549685.4474184513 1089433.3396772146 4730468.5305790901 1603431.4602113962 2030706.35503757 768268.77651941776 23593804.755935431 4902278.2163187265 2676268.082862854 1131060.2950325012 632079.2596578598 5290441.2379140854 49719378.372392178 2006306.385887146 30629603.018281341
leaf_count=1721 986 8016 3240 3346 2313 24440 6853 1416 1064 1068 8941 26932 1022 28635
internal_value=7.75476e-05 0.000150994 0.00239695 0.000477036 0.00787019 -1.75931e-05 0.000899005 -0.000429944 -0.00539086 0.000976908 -0.00218227 -0.00119325 -0.00465862 0.00129208
internal_weight=1.32353e+08 1.30804e+08 9.13288e+06 6.76117e+06 2.3717e+06 1.21671e+08 3.77524e+07 8.39183e+07 2.22049e+06 2.95163e+07 5.92252e+06 5.4402e+07 4.68257e+06 3.55319e+07
internal_count=119993 118272 16915 11362 5553 101357 37538 63819 2050 34449 10009 29370 2438 35488
cat_boundaries=0 1 2 3
cat_threshold=227 332 34
is_linear=0
shrinkage=0.03


Tree=110
num_leaves=15
num_cat=2
split_feature=10 13 0 4 16 10 11 11 16 1 0 12 11 10
split_gain=55391.2 60024 95425.4 78470.2 74760.6 52027.6 101164 97139.1 67059.9 62454.4 60328 100345 175504 127000
threshold=1.2540893860992715 1.1657474190670187 0 1.0000000180025095e-35 0.073303067967267058 0.83817355033030538 0.78683299918466465 0.90644793995258399 0.02149461468853919 16.500000000000004 1 1.0065793869439743 1.0081408643961198 1.053404392603321
decision_type=2 2 1 2 2 2 2 2 2 2 1 2 2 2
left_child=1 5 -3 -4 -5 6 -1 9 -9 -7 11 13 -13 -10
right_child=-2 2 3 4 -6 7 -8 8 10 -11 -12 12 -14 -15
leaf_value=0.00044975533980408936 -0.00061655971144927474 0.0034770876876278095 0.00042134787154497364 0.00044399172583570287 -0.0034505761290971018 0.00021570265181671927 -0.00047269112696196814 -0.00078750811536062385 0.00094626096983869415 0.0010900754703303149 -2.7792964237126201e-05 -0.0011829893855671313 0.00012634850237208445 -0.00042622622850721975
leaf_weight=2070621.2396110296 3179449.4357664585 782382.90304684639 5805488.4158884287 639817.95254015923 593265.0764465332 3139576.2202965021 6234901.8027819395 3229946.1492555141 5660241.3207550049 1451796.5958480835 73902936.726212025 2107548.5668945312 21894059.972244263 1514586.5950546265
leaf_count=2244 3020 1289 12276 1498 608 2187 5855 20007 5049 1012 40083 1954 21582 1319
internal_value=0.000104145 0.00020054 0.00274781 0.00164298 -0.00523014 3.6174e-05 -0.00225544 0.000204756 2.35768e-05 0.00447873 0.000154452 0.00126118 0.000330623 0.00437412
internal_weight=1.32207e+08 1.29027e+08 7.82095e+06 7.03857e+06 1.23308e+06 1.21206e+08 8.30552e+06 1.12901e+08 1.08309e+08 4.59137e+06 1.05079e+08 3.11764e+07 2.40016e+07 7.17483e+06
internal_count=119983 116963 15671 14382 2106 101292 8099 93193 89994 3199 69987 29904 23536 6368
cat_boundaries=0 1 2
cat_threshold=16 99
is_linear=0
shrinkage=0.03


Tree=111
num_leaves=15
num_cat=0
split_feature=12 11 1 1 11 14 10 11 1 14 1 2 1 12
split_gain=67732.3 106626 101617 99271.1 64100.8 61575.1 75951 80764.3 83930.2 90042.3 90276.9 93344.1 82085.5 76213.9
threshold=0.93483684010591095 0.88726764062237595 17.500000000000004 11.500000000000002 0.78683299918466465 1.0051720084524249 1.021163124821922 1.0069201742998883 9.5000000000000018 0.91007864357583435 11.500000000000002 3.5000000000000004 6.5000000000000009 1.004197057542799
decision_type=2 2 2 2 2 2 2 2 2 2 2 2 2 2
left_child=4 2 3 -2 -1 6 13 -8 12 10 -10 -12 -9 -3
right_child=1 5 -4 -5 -6 -7 7 8 9 -11 11 -13 -14 -15
leaf_value=0.00024482428442644468 0.00056756809941741783 -1.9748738570738098e-05 0.0013248642039355304 -0.00031739709136099339 -0.00076840300388385067 9.0406056212284164e-05 0.00025264090837372942 -0.00044181183958247317 -0.0010103527300763897 -1.1915282748555012e-06 -1.2088455395490845e-05 -0.00090395389071458942 0.00023588760753604987 -0.00038710570334358395
leaf_weight=1476831.4183354378 2173826.1307976246 12363904.339984894 1348650.2103257179 2364545.2101745605 2908195.3639022112 42461177.482531309 4512672.8741136789 1545503.7485364676 1830159.7041115761 27165940.810461521 6353591.3311972618 2683004.9453938007 10973665.570976496 12450565.106265664
leaf_count=1771 2239 9511 1416 1421 3183 44802 3107 6961 1568 19681 5136 2741 6513 10124
internal_value=4.0934e-05 0.000166313 0.00410997 0.00196136 -0.00362539 -2.34566e-05 -0.00051416 0.000106835 -0.000236441 -0.000937768 -0.00324573 -0.00201517 0.00189416 -0.00189218
internal_weight=1.32612e+08 1.28227e+08 5.88702e+06 4.53837e+06 4.38503e+06 1.2234e+08 7.9879e+07 5.50645e+07 5.05519e+07 3.80327e+07 1.08668e+07 9.0366e+06 1.25192e+07 2.48145e+07
internal_count=120174 115220 5076 3660 4954 110144 65342 45707 42600 29126 9445 7877 13474 19635
is_linear=0
shrinkage=0.03


Tree=112
num_leaves=15
num_cat=2
split_feature=16 14 11 11 0 1 0 11 1 3 11 1 11 13
split_gain=59996.9 120905 124044 71116.1 296818 133576 124848 99678.4 115618 120908 85266.8 83807.8 76354 63783.5
threshold=0.055837334735462339 0.95571626764091022 0.98543013854132477 1.0141369090599361 0 9.5000000000000018 1 1.0497631304646522 17.500000000000004 1.5000000000000002 1.0559171684260189 17.500000000000004 0.97193150850967303 1.2505753205170056
decision_type=2 2 2 2 1 2 1 2 2 2 2 2 2 2
left_child=1 2 -1 4 11 -6 -5 8 9 -8 -9 -2 -13 -3
right_child=3 13 -4 6 5 -7 7 10 -10 -11 -12 12 -14 -15
leaf_value=0.0005353814882732721 -2.9335238126338881e-05 0.00020046229983980283 -0.00038776964695008161 0.00023413915464100398 -2.6215113987332132e-06 -0.00093057031811269258 3.1940520114881864e-05 -0.00089537908247793526 -0.00024516813341472109 0.00078453915079283894 -0.00015789055209392033 0.00052362442370245072 7.1040515916391406e-05 0.0019308395090735652
leaf_weight=2947219.7078744173 18433825.474639893 24497373.398434997 9498009.5376266241 21278425.958510399 3436136.2587280273 9822135.9973578453 11122035.281555176 2343139.8940124512 3423908.7409057617 2534369.9850311279 16513673.25692749 2093932.9065246582 2580903.3662109375 1554191.9933110476
leaf_count=4498 10196 34777 16891 15753 1728 6791 4830 1192 1478 1863 10250 1078 1244 7295
internal_value=-3.42845e-05 0.00096262 -0.00146984 -0.000444378 -0.0014817 -0.00505983 0.000214953 -0.000863381 0.000796727 0.00203262 -0.00236709 0.000571211 0.00415878 0.00212464
internal_weight=1.32079e+08 3.84968e+07 1.24452e+07 9.35825e+07 3.63669e+07 1.32583e+07 5.72156e+07 3.59371e+07 1.70803e+07 1.36564e+07 1.88568e+07 2.31087e+07 4.67484e+06 2.60516e+07
internal_count=119864 63461 21389 56403 21037 8519 35366 19613 8171 6693 11442 12518 2322 42072
cat_boundaries=0 1 2
cat_threshold=155 356
is_linear=0
shrinkage=0.03


Tree=113
num_leaves=15
num_cat=2
split_feature=11 12 0 12 0 2 10 2 10 11 14 2 3 13
split_gain=60146.8 80431.8 183045 89190.5 84171.3 62998.5 65614.5 95499.4 54980.8 108622 84156.7 112088 117134 86130.2
threshold=1.1818563742125845 1.0671690946621852 0 1.03376952192731 1 1.5000000000000002 1.1289514811175707 3.5000000000000004 0.81586805158820941 0.90644793995258399 1.0774257968920635 4.5000000000000009 2.5000000000000004 1.0920741926051589
decision_type=2 2 1 2 1 2 2 2 2 2 2 2 2 2
left_child=1 3 -3 8 -5 -4 -7 -8 -1 -10 -11 12 -12 -13
right_child=-2 2 5 4 -6 6 7 -9 9 10 11 13 -14 -15
leaf_value=-0.00032612001749881278 -0.00039620501955302435 0.00089447345806120931 -0.00050472583098130105 6.055421815617319e-05 -0.00043530486090957504 -0.00028477686406889444 0.00097408646384774525 -0.0002262816511007654 0.00044276372268234316 -5.6620163310891479e-06 0.00043684947451387579 -0.000152190669216764 -0.0025396627132743582 0.0034979182455604414
leaf_weight=6653450.3399006128 5590134.6548033953 5811138.5703234673 2011869.4090801477 5678409.8145486116 10310797.125792384 1861241.0222839117 1177122.584274292 1229725.7173262835 5041550.8362798691 81167280.062816858 3262366.1203017235 395879.08120918274 983072.94143342972 1035277.2171140909
leaf_count=7410 5843 7320 1581 7802 8918 1763 881 1311 3784 61633 6230 1481 1623 2454
internal_value=1.0667e-05 0.000145116 0.00247218 -0.000100559 -0.00217889 -0.00107857 0.00098439 0.0042554 0.000236677 0.000427365 0.00017884 0.0037102 0.00126261 0.0109708
internal_weight=1.32209e+08 1.26619e+08 1.20911e+07 1.14528e+08 1.59892e+07 6.27996e+06 4.26809e+06 2.40685e+06 9.85389e+07 9.18854e+07 8.68439e+07 5.6766e+06 4.24544e+06 1.43116e+06
internal_count=120034 114191 12856 101335 16720 5536 3955 2192 84615 77205 73421 11788 7853 3935
cat_boundaries=0 1 2
cat_threshold=356 433
is_linear=0
shrinkage=0.03


Tree=114
num_leaves=15
num_cat=2
split_feature=11 12 11 1 0 11 1 10 10 12 0 11 11 3
split_gain=52745.4 55637.8 81409.5 106507 80031.9 83299.4 78653.5 69791.2 150146 128118 95402 208690 128799 85484.1
threshold=1.1974644592326587 0.93483684010591095 0.88726764062237595 17.500000000000004 0 0.77380315183205817 11.500000000000002 1.0389604186223813 1.0361774965034085 1.0122423620091374 1 1.0486312805951197 1.0164731896702961 1.5000000000000002
decision_type=2 2 2 2 1 2 2 2 2 2 1 2 2 2
left_child=1 4 3 6 5 -1 -3 8 13 -10 12 -12 -9 -4
right_child=-2 2 7 -5 -6 -7 -8 10 9 -11 11 -13 -14 -15
leaf_value=0.00071916017168496566 -0.00055749316951983886 0.00047386178050364892 -0.00011285744935427331 0.0012656994205482066 -0.0011064436357508438 -0.00054061847581274899 -0.00033213032459385405 -0.0014240824082166303 -6.5525835013339039e-05 -0.002578238496743295 0.00026582985237383913 -0.00017903949226469573 0.00040521195752139317 -0.00038230110687686607
leaf_weight=1041155.7101618052 3317721.4499533176 2179383.7591382265 47505866.229246616 1409746.2582297325 1575268.2283443213 1785666.127656579 2365700.591217041 1051800.9681509733 1562279.4536100626 1570049.9235320091 14041314.41289103 21656843.818108678 19730459.01211679 11653001.332497835
leaf_count=1369 3232 2204 34221 1445 1612 1957 1429 874 1517 1176 10372 19020 23899 15682
internal_value=0.000102991 0.000198954 0.000315943 0.0037389 -0.00311575 -9.61203e-05 0.00150442 0.000144327 -0.000548143 -0.00694905 0.000908039 -3.27118e-05 0.00252399 -0.000209229
internal_weight=1.32446e+08 1.29129e+08 1.24726e+08 5.95483e+06 4.40209e+06 2.82682e+06 4.54508e+06 1.18772e+08 6.22912e+07 3.13233e+06 5.64804e+07 3.56982e+07 2.07823e+07 5.91589e+07
internal_count=120009 116777 111839 5078 4938 3326 3633 106761 52596 2693 54165 29392 24773 49903
cat_boundaries=0 1 2
cat_threshold=194 356
is_linear=0
shrinkage=0.03


Tree=115
num_leaves=15
num_cat=2
split_feature=10 14 5 3 9 9 0 13 11 0 14 3 13 10
split_gain=51616.2 47307.7 75367 82225.4 123217 70999.8 93302.3 70077.9 70072.1 68038.6 57635.5 96138.4 158192 54226.2
threshold=0.72565943610004047 1.0051720084524249 1.0000000180025095e-35 1.0000000180025095e-35 68.500000000000014 89.500000000000014 0 0.58562252165691475 0.90644793995258399 1 0.83304713396108399 1.5000000000000002 0.81704888163572009 1.012969803707177
decision_type=2 2 2 2 2 2 1 2 2 1 2 2 2 2
left_child=-1 2 3 7 -5 6 -6 -2 9 -7 11 -10 -13 -9
right_child=1 -3 -4 4 5 8 -8 13 10 -11 -12 12 -14 -15
leaf_value=-0.00062899923508646146 0.00058872676596550221 0.00010299954619803336 -0.001283471597809943 -0.0012080475017780879 0.000931543445394777 0.00083851477857758907 -0.00011394723407074513 -0.0001112659528608964 -0.00013017451197002659 -0.00030889162412627008 -0.00017636019423642027 -0.0080198579238926603 -0.00046099618706586364 8.3004810055193679e-05
leaf_weight=1493137.7486486435 1448332.019657135 44566781.976521134 1424356.732088089 1133790.3561047316 1202976.802052021 1389346.8354486227 2027347.1489759684 15316978.530390859 1632550.2187703848 1199127.94880867 17753891.069067955 682226.51554572582 716113.28867483139 40271095.570449352
leaf_count=1697 2324 47726 890 1312 1046 1015 2314 10288 1434 1273 17626 1164 956 28842
internal_value=0.000154536 0.000217866 -0.000192431 -7.7446e-05 -0.00141724 -0.00100445 0.0031644 0.000574107 -0.00158061 0.00307401 -0.00216029 -0.00598374 -0.0117569 0.000404369
internal_weight=1.32258e+08 1.30765e+08 8.61981e+07 8.47738e+07 2.77374e+07 2.66036e+07 3.23032e+06 5.70364e+07 2.33733e+07 2.58847e+06 2.07848e+07 3.03089e+06 1.39834e+06 5.55881e+07
internal_count=119907 118210 70484 69594 28140 26828 3360 41454 23468 2288 21180 3554 2120 39130
cat_boundaries=0 1 2
cat_threshold=176 340
is_linear=0
shrinkage=0.03


Tree=116
num_leaves=15
num_cat=3
split_feature=2 13 16 1 10 2 0 12 12 0 0 10 11 11
split_gain=60014.7 67530.2 63847.6 82308.5 68009.2 60443.9 55491.9 55072.9 59893.1 80020 58043 56406.8 81770.7 60786.6
threshold=1.0000000180025095e-35 0.81260868653833807 0.080905883085398492 8.5000000000000018 1.2266859619941872 2.5000000000000004 0 1.080090879916801 1.0333425717838167 1 2 0.96771506909300131 0.86137251788604408 0.98543013854132477
decision_type=2 2 2 2 2 2 1 2 2 1 1 2 2 2
left_child=1 -1 4 6 7 -6 -4 8 9 11 -10 12 -2 -13
right_child=2 -3 3 -5 5 -7 -8 -9 10 -11 -12 13 -14 -15
leaf_value=-0.00077389613306776475 0.00094230442510917305 -8.6076075316118814e-05 0.00061305361017915049 -0.00019325544915836822 0.00021034546003095012 -0.0013253495159826296 -6.4429804208031241e-06 0.00041224435820238044 0.0001014828461920605 7.0203725804298179e-05 -0.00044782845492117939 0.0026534473233670655 -0.0011469485925925799 0.00052600872283963993
leaf_weight=1778019.02041924 706706.74899709225 20913432.73521781 2690726.4564766884 18281755.052827954 1144552.356808424 1785053.5022376776 5437433.9154663086 7047434.1877685785 5616441.6787263155 53321917.355163217 6856969.040215373 1089650.8808758259 886270.84809756279 4898034.8814786673
leaf_count=2413 991 15262 1378 10426 1384 2687 1741 8128 8145 50224 6770 1689 1526 7214
internal_value=0.000111533 -0.00129294 0.000401882 -0.000883531 0.000809158 -0.00368068 0.0016282 0.000972711 0.000729413 0.0011173 -0.00116449 0.00400135 -0.00101581 0.00533613
internal_weight=1.32454e+08 2.26915e+07 1.09763e+08 2.64099e+07 8.3353e+07 2.92961e+06 8.12816e+06 8.04234e+07 7.3376e+07 6.09026e+07 1.24734e+07 7.58066e+06 1.59298e+06 5.98769e+06
internal_count=119978 17675 102303 13545 88758 4071 3119 84687 76559 61644 14915 11420 2517 8903
cat_boundaries=0 1 2 3
cat_threshold=449 130 369
is_linear=0
shrinkage=0.03


Tree=117
num_leaves=15
num_cat=4
split_feature=10 14 0 14 0 9 10 10 11 12 10 12 0 0
split_gain=48822.3 49393.2 101458 74631.1 55596.6 70888.1 71759.4 60496.8 56512.1 116940 126712 99248.2 104830 98009.3
threshold=0.72565943610004047 1.0574666454817534 0 1.3635330371687784 1 84.500000000000014 1.0239702552515217 1.1925834006211711 0.98543013854132477 1.0100722254825036 0.8852919625665473 0.99063668650367787 2 3
decision_type=2 2 1 2 1 2 2 2 2 2 2 2 1 1
left_child=-1 4 -3 -4 5 -2 -7 -8 9 10 -6 12 -10 -11
right_child=1 2 3 -5 8 6 7 -9 11 13 -12 -13 -14 -15
leaf_value=-0.00071483288482240034 -0.00044402280624720813 0.0012865123767637806 0.00016337671328353962 -0.001634420108902351 -0.00022080053900287491 -0.00040062776456115551 0.00078294708907950016 -0.00011449701814162632 -0.00073711462393308757 -0.00093320588303772388 0.00037738985471850447 -3.4584225753655563e-05 9.3691058397223019e-05 -1.7673303051689152e-06
leaf_weight=1479781.2661169767 1348551.4319865704 2278171.2887928486 10612693.755793571 1070070.8598265648 6657114.2246472836 1047365.6746150255 4838354.3601572514 1252459.7695564032 4300490.5133161545 1845916.4746637344 11605272.147497773 78153999.936341643 2703552.336238265 2792576.9712266922
leaf_count=1709 1503 5281 14447 4256 5653 1142 5514 1452 2953 1275 8146 61653 2221 2405
internal_value=-2.48873e-06 5.89509e-05 0.00174523 0.00061588 -0.000143048 0.00219502 0.00338675 0.00463407 -0.000326675 0.000996291 0.0020767 -0.00068245 -0.00410359 -0.00325742
internal_weight=1.31986e+08 1.30507e+08 1.39609e+07 1.16828e+07 1.16546e+08 8.48673e+06 7.13818e+06 6.09081e+06 1.08059e+08 2.29009e+07 1.82624e+07 8.5158e+07 7.00404e+06 4.63849e+06
internal_count=119610 117901 23984 18703 93917 9611 8108 6966 84306 17479 13799 66827 5174 3680
cat_boundaries=0 1 2 3 4
cat_threshold=48 64 278 6
is_linear=0
shrinkage=0.03


Tree=118
num_leaves=15
num_cat=6
split_feature=13 7 12 11 0 1 0 11 0 0 0 9 2 0
split_gain=57143.7 83778.7 49214 265380 337405 268789 219071 207030 227171 201014 196123 159822 107885 157867
threshold=0.32622127426299957 1.0000000180025095e-35 1.0051336041564809 1.0141369090599361 0 17.500000000000004 1 1.0274286010340197 2 3 4 89.500000000000014 1.5000000000000002 5
decision_type=2 2 2 2 1 2 1 2 1 1 1 2 2 1
left_child=1 -1 7 6 5 -5 -4 8 -2 -7 -9 -11 13 -6
right_child=2 -3 3 4 12 9 -8 10 -10 11 -12 -13 -14 -15
leaf_value=-2.8033837054008783e-05 -0.00047350495441897129 -0.0098764369355103486 0.00021914389601212163 0.00031854156207364418 -0.0011175197068736694 -0.00051946891462102294 -0.00079230133304943713 0.00053373036367697271 0.00027442525597283599 -0.0012035256638297277 -0.00081271008382006039 0.00052477429371790957 -9.445516816159297e-05 -0.00022796418704849745
leaf_weight=853104.89290750027 6943364.3746243715 401226.30133187771 3938389.7493345737 31658126.816495299 2948349.1437655687 3380495.569152832 11071612.316117644 1721010.1392273903 33835257.332300425 1278128.389064312 4956099.2154488564 5038902.8928711414 17794091.798204541 6198795.6777886152
leaf_count=1896 7509 1236 3962 26580 1647 1662 9336 2258 26463 1969 3857 7127 18362 5975
internal_value=0.000100519 -0.00627222 0.000161649 -0.000277617 0.000516171 0.00221809 -0.00388943 0.000932765 0.00173458 -0.00215181 -0.00396407 0.00100783 -0.00209632 -0.00474414
internal_weight=1.32017e+08 1.25433e+06 1.30763e+08 8.33069e+07 6.82969e+07 4.13557e+07 1.501e+07 4.74557e+07 4.07786e+07 9.69753e+06 6.67711e+06 6.31703e+06 2.69412e+07 9.14714e+06
internal_count=119839 3132 116707 76620 63322 37338 13298 40087 33972 10758 6115 9096 25984 7622
cat_boundaries=0 1 2 3 4 5 6
cat_threshold=372 136 320 16 482 8
is_linear=0
shrinkage=0.03


Tree=119
num_leaves=15
num_cat=0
split_feature=10 13 2 3 14 12 11 1 16 16 9 1 1 14
split_gain=54427.6 60156.7 72697.9 107111 71365.1 52627.6 57316.8 48842.4 52515.3 89614.6 90857.4 102398 82149.7 84955.6
threshold=1.2883310473777285 1.1572415640492089 4.5000000000000009 2.5000000000000004 1.1186570060333347 1.0671690946621852 0.99349440725769278 12.500000000000002 0.032359141224377538 0.053186285838874754 89.500000000000014 8.5000000000000018 9.5000000000000018 0.87711363213539906
decision_type=2 2 2 2 2 2 2 2 2 2 2 2 2 2
left_child=1 7 3 5 -4 6 -3 8 -1 -10 11 -11 -12 -14
right_child=-2 2 4 -5 -6 -7 -8 -9 9 10 12 -13 13 -15
leaf_value=-0.00038454235702827693 -0.00087893491273086392 0.00088615580728058062 0.00057101002300241318 -0.0023192582711752032 0.0040839577439838745 0.0012548192747745908 -2.5627654756122279e-05 -5.1053684560460998e-05 0.00044214217882982093 -8.972445935562378e-05 5.8082093235535805e-05 0.00048532693341050558 -0.00086897742083576082 -9.2941169874847956e-05
leaf_weight=3461963.6951631308 2335663.5243487358 1032480.9584476948 1591738.432580471 1067402.8703984022 767466.11871147156 773885.02585232258 3551263.6820017099 69530283.427275538 7563989.781264782 2857335.5642910004 20205803.90144062 4031874.5468015671 2354890.1268310547 11189453.716468573
leaf_count=17153 2053 2096 3197 1821 2358 1437 5861 53724 7015 1297 9739 2698 1668 7776
internal_value=0.000121689 0.000203252 0.00260052 0.00094675 0.00710438 0.00267569 0.00145397 2.94986e-05 0.000728155 0.000984478 0.000426426 0.00356607 -0.000214451 -0.00202223
internal_weight=1.32315e+08 1.2998e+08 8.78424e+06 6.42503e+06 2.3592e+06 5.35763e+06 4.58374e+06 1.21196e+08 5.16653e+07 4.82033e+07 4.06394e+07 6.88921e+06 3.37501e+07 1.35443e+07
internal_count=119893 117840 16770 11215 5555 9394 7957 101070 47346 30193 23178 3995 19183 9444
is_linear=0
shrinkage=0.03


Tree=120
num_leaves=15
num_cat=2
split_feature=10 11 1 0 11 11 1 14 0 16 16 13 3 1
split_gain=53881.9 51671.4 117078 73531.4 104639 63444.8 52836 50284.7 111610 78333.9 66828.9 62632.3 61652.7 57247.4
threshold=0.72565943610004047 0.90644793995258399 18.500000000000004 0 0.83022427849027636 0.92170800641855088 11.500000000000002 1.0574666454817534 1 0.033731398184704074 0.062303194746538261 1.230564999705009 2.5000000000000004 13.500000000000002
decision_type=2 2 2 1 2 2 2 2 1 2 2 2 2 2
left_child=-1 2 3 6 -5 -3 -2 9 12 -7 -10 -12 -9 -11
right_child=1 5 -4 4 -6 7 -8 8 10 13 11 -13 -14 -15
leaf_value=-0.00064701375082927917 0.00053566069566458776 -0.00052482480949170708 0.0015903563617967902 0.00015237172863481348 -0.0013830603882786438 -0.00045043282728636887 6.2019196772260544e-05 0.00074228998392963919 0.00041466466177192765 5.4905081191031475e-05 1.4879065301835754e-05 -0.001134167204309384 0.0043790215031966773 -7.4099590470213167e-05
leaf_weight=1517794.3856554031 1819458.1007305384 2158779.8431152105 1373732.0022802353 2228407.3850893974 1170183.6950150728 7446363.944642067 2565696.4157714844 1576543.7433036566 5452150.0093489885 48895784.820800304 3676892.3497306108 1411279.7019605637 639764.82008934021 50439914.360755682
leaf_count=1711 1528 2088 1940 2265 1385 24834 1134 3620 12708 30595 2474 1254 1365 31043
internal_value=3.49788e-05 0.000100165 0.00227339 0.000848346 -0.00246377 -6.33655e-05 0.00341531 2.86855e-05 0.00180887 -0.000183983 0.000522124 -0.00195062 0.00792836 3.84841e-05
internal_weight=1.32373e+08 1.30855e+08 9.15748e+06 7.78375e+06 3.39859e+06 1.21697e+08 4.38515e+06 1.19539e+08 1.27566e+07 1.06782e+08 1.05403e+07 5.08817e+06 2.21631e+06 9.93357e+07
internal_count=119944 118233 8252 6312 3650 109981 2662 107893 21421 86472 16436 3728 4985 61638
cat_boundaries=0 1 2
cat_threshold=92 48
is_linear=0
shrinkage=0.03


Tree=121
num_leaves=15
num_cat=2
split_feature=14 0 16 14 16 11 3 1 9 0 3 11 11 9
split_gain=40984.4 87700.4 80289.5 70937.6 44759.2 52633.4 40685.1 39777 75374.8 68072.3 83408.5 75981.1 83439.1 66744.1
threshold=1.0574666454817534 0 0.061320044736709899 1.1291328588240559 0.02149461468853919 0.96422914078869548 2.5000000000000004 10.500000000000002 72.500000000000014 1 1.5000000000000002 1.1360154568496554 1.0039162426793975 89.500000000000014
decision_type=2 1 2 2 2 2 2 2 2 1 2 2 2 2
left_child=4 6 -3 -4 5 -1 -2 8 -6 10 -9 12 -12 -11
right_child=1 2 3 -5 7 -7 -8 9 -10 13 11 -13 -14 -15
leaf_value=-8.1127561623035161e-06 0.00068081973051902487 0.00043787947293279678 -1.0001975445487176e-06 -0.0016688233404776774 -0.00036072744938271532 -0.00096777740356895458 0.0037799178082327436 0.00028940204293365627 9.4946313308358229e-05 0.00011952073376236762 -0.0016721112191180891 -0.0018613478834971597 0.00057235119800207982 -0.00014323987096388814
leaf_weight=484971.55952894688 1650374.8020137548 6019115.2363766432 4345660.8835277557 1505097.4542430639 2494313.4920608997 2787923.1347317696 674361.0865020752 13492266.006912231 32506381.576440573 10158201.597546101 937293.25997924805 902873.13011169434 1880267.7409286499 52307921.204055786
leaf_count=2950 3777 14791 2832 1598 1529 16949 1477 11752 20882 6006 1238 1065 2798 30348
internal_value=7.06027e-05 0.00159358 0.000550001 -0.00195258 -0.000112675 -0.00357195 0.00692196 -1.39491e-05 0.000829051 -0.000384256 0.00128619 -0.00269073 -0.000263821 -0.000844551
internal_weight=1.32147e+08 1.41946e+07 1.18699e+07 5.85076e+06 1.17952e+08 3.27289e+06 2.32474e+06 1.1468e+08 3.50007e+07 7.96788e+07 1.72127e+07 3.72043e+06 2.81756e+06 6.24661e+07
internal_count=119992 24475 19221 4430 95517 19899 5254 75618 22411 53207 16853 5101 4036 36354
cat_boundaries=0 1 2
cat_threshold=48 98
is_linear=0
shrinkage=0.03


Tree=122
num_leaves=15
num_cat=2
split_feature=1 4 14 16 16 12 0 11 0 11 14 2 12 1
split_gain=48257 73494.1 58158.8 62658.4 150760 57857.8 131474 135580 67231.3 178579 66990.1 112589 67740.5 133600
threshold=13.500000000000002 1.0000000180025095e-35 1.036013231652728 0.032359141224377538 0.052935951605260545 1.0215739068061271 0 1.0089959652172589 1 1.0217613179853879 1.0774257968920635 4.5000000000000009 0.98609395010972944 17.500000000000004
decision_type=2 2 2 2 2 2 1 2 1 2 2 2 2 2
left_child=1 2 3 -1 -5 8 7 -7 9 -2 12 -12 13 -10
right_child=5 -3 -4 4 -6 6 -8 -9 10 -11 11 -13 -14 -15
leaf_value=-0.0005075194311272345 -0.0011315693856841131 -0.0018135143430262786 0.00037694285115564614 0.00056782046572423676 2.1210461394947213e-06 -0.0015044908582160707 -0.00035931027573875892 0.00022157826037286479 -0.00012666044315955979 0.00056551401801262604 0.00013445435185469688 0.0057171966981473185 -4.4142373249591857e-05 0.00067816150058144114
leaf_weight=3020181.9767582417 3109825.1695632935 1115530.7713820934 9475395.8599479198 6285456.2358064651 43782813.594390392 1136583.9726662636 13690976.904214382 11714682.866338015 4415853.5184936523 1644799.5115817785 1718828.0832312107 684704.80094051361 26632086.944094181 3619156.5571613312
leaf_count=13947 2862 2225 15557 5868 25404 1224 9183 13377 2469 1565 2645 1304 19011 3269
internal_value=5.80809e-05 0.000652322 0.000788413 0.000401987 0.000655118 -0.000495412 -0.00159095 0.000588346 0.000199816 -0.00315867 0.000630571 0.00547392 0.000294774 0.0027091
internal_weight=1.32047e+08 6.36794e+07 6.25638e+07 5.30885e+07 5.00683e+07 6.83675e+07 2.65422e+07 1.28513e+07 4.18253e+07 4.75462e+06 3.70706e+07 2.40353e+06 3.46671e+07 8.03501e+06
internal_count=119910 63001 60776 45219 31272 56909 23784 14601 33125 4427 28698 3949 24749 5738
cat_boundaries=0 1 2
cat_threshold=355 256
is_linear=0
shrinkage=0.03


Tree=123
num_leaves=15
num_cat=4
split_feature=11 2 9 9 0 9 0 2 0 12 12 12 0 11
split_gain=44029.3 55948.6 32451.5 48745.5 237319 93442.2 121298 81116 74563.1 141360 178527 160308 152458 143389
threshold=1.1902710751006842 2.5000000000000004 63.500000000000007 89.500000000000014 0 74.500000000000014 1 3.5000000000000004 2 1.0175878884720293 1.02768276543342 0.99984781307094417 3 1.01747247632864
decision_type=2 2 2 2 1 2 1 2 1 2 2 2 1 2
left_child=2 -2 -1 4 7 6 -6 -4 9 11 -11 -5 -13 -14
right_child=1 -3 3 8 5 -7 -8 -9 -10 10 -12 12 13 -15
leaf_value=-0.00049663951584536686 6.526939304252782e-05 -0.0011983444051753642 -0.00017025462853753113 -0.00027346258668698315 0.00073456703046829888 0.00054009032828100201 -0.00031516343426694866 -0.0011629758869638172 5.5589634908710878e-05 -0.0014921697120510772 -0.00019645654024326919 0.0006500951292049852 -0.00088088048844738574 0.00055239816558793134
leaf_weight=1966474.8115859032 2028806.2257068157 1812641.7771248817 2980158.3638190031 11350080.884952188 2495061.882524848 8416860.2077840567 4244279.0192998648 1650075.3592700958 73809137.667779803 3303177.4290173054 9593167.3352191448 4777077.5291243792 1919975.746073246 1978519.9926887751
leaf_count=1528 1779 2188 2219 11905 2567 8093 3459 1775 63941 2646 9799 3109 2527 2302
internal_value=0.000163864 -0.00300095 0.000258486 0.000317927 0.00168558 0.00350155 0.000869079 -0.00425867 6.43842e-05 -0.00112289 -0.00357252 0.000454659 0.00352478 -0.000877532
internal_weight=1.32325e+08 3.84145e+06 1.28484e+08 1.26518e+08 1.97864e+07 1.51562e+07 6.73934e+06 4.63023e+06 1.06731e+08 3.2922e+07 1.28963e+07 2.00257e+07 8.67557e+06 3.8985e+06
internal_count=119837 3967 115870 114342 18113 14119 6026 3994 96229 32288 12445 19843 7938 4829
cat_boundaries=0 1 2 3 4
cat_threshold=68 392 392 8
is_linear=0
shrinkage=0.03


Tree=124
num_leaves=15
num_cat=2
split_feature=10 11 0 11 1 1 11 10 10 0 11 11 16 9
split_gain=52135.4 67673.3 159227 111539 62202.9 65232.4 56665 41662.4 40841 58666.5 175759 106019 64203.6 63454.6
threshold=0.72565943610004047 0.90644793995258399 0 0.83022427849027636 16.500000000000004 11.500000000000002 0.92170800641855088 0.88835278063957712 1.2883310473777285 1 0.98059644709439753 0.99469405307571501 0.067169957458346335 75.500000000000014
decision_type=2 2 1 2 2 2 2 2 2 1 2 2 2 2
left_child=-1 2 4 -4 5 -2 7 -3 9 10 12 -12 -8 -13
right_child=1 6 3 -5 -6 -7 8 -9 -10 -11 11 13 -14 -15
leaf_value=-0.00062435835026582393 0.00052137224532848136 -0.0013562649268126449 0.00019910744256797534 -0.0011828366791697812 0.0012583563145350232 -8.0890824246295843e-05 -0.00040871027190041701 -6.138142651611877e-05 -0.00076636765527841801 -2.5971405349464737e-05 0.0038106383733858993 -0.00031698334431760558 -0.0019406469463243297 0.00030018200671396681
leaf_weight=1533873.004897356 1874438.5263024569 1033050.74310112 2612772.0462551117 1396603.5017671585 1595103.7059936523 1608540.848449707 1133336.711566925 1102654.8778930902 2292826.2594254017 91770812.443128228 918602.39030861855 2540000.5427883863 977619.52899169922 19647757.736449838
leaf_count=1735 1575 1187 2989 1854 1081 776 1731 887 2030 72483 934 3291 684 26637
internal_value=4.50769e-05 0.000109705 0.0026068 -0.0018623 0.00613536 0.0038884 -7.71911e-05 -0.00492064 9.53003e-06 8.72439e-05 0.00136883 0.00212585 -0.00691739 0.00171237
internal_weight=1.32038e+08 1.30504e+08 9.08746e+06 4.00938e+06 5.07808e+06 3.48298e+06 1.21417e+08 2.13571e+06 1.19281e+08 1.16988e+08 2.52173e+07 2.31064e+07 2.11096e+06 2.21878e+07
internal_count=119874 118139 8275 4843 3432 2351 109864 2074 107790 105760 33277 30862 2415 29928
cat_boundaries=0 1 2
cat_threshold=92 98
is_linear=0
shrinkage=0.03


Tree=125
num_leaves=15
num_cat=3
split_feature=16 1 16 0 13 2 0 14 13 11 0 11 7 16
split_gain=48361.4 71509.5 68854.8 104738 81184.9 73411.9 58101.1 73596 52250 54144.6 46544.9 43825.4 43509.9 42973.3
threshold=0.080905883085398492 10.500000000000002 0.077091155074881179 0 1.1916736199267965 1.0000000180025095e-35 1 0.95673257874858531 0.84930639657685547 0.96841507918557901 2 0.78683299918466465 1.0000000180025095e-35 0.071936236158022554
decision_type=2 2 2 1 2 2 1 2 2 2 1 2 2 2
left_child=2 6 4 -4 5 8 -2 -8 -1 -10 -6 -7 -5 -13
right_child=1 -3 3 12 10 11 7 -9 9 -11 -12 13 -14 -15
leaf_value=-0.00078961927269330389 0.00051307923615739187 -0.00016928281894463908 0.0006450072657555936 0.00026094076234576397 0.0034884387517633763 0.00080361318388859761 0.00028144120682075432 -0.00023555885883196745 -0.00038850905458288616 -2.3174650869456898e-05 0.00052318746516768978 6.7475013942065777e-05 -0.00042970993398400121 -0.00022895687713538832
leaf_weight=2238178.8600872755 3104403.5410852432 21339963.282152534 3124255.6935424805 2059729.5101318359 409055.16469073296 1147442.7914386988 2829020.1024780273 4496567.377746582 2229228.2155959606 11556361.51823771 4381868.7266492844 63821792.882640839 2033276.7391557693 7400933.3566108942
leaf_count=3011 1423 11773 1970 938 1002 1516 1037 1598 1709 9104 11440 66989 1748 4647
internal_value=0.000127735 -0.000892415 0.000450538 0.00327349 0.000231898 2.57469e-05 0.00114345 -0.000314152 -0.0018116 -0.00112133 0.00403544 0.000432561 0.000116012 0.000338856
internal_weight=1.32172e+08 3.177e+07 1.00402e+08 7.21726e+06 9.31849e+07 8.83939e+07 1.043e+07 7.32559e+06 1.60238e+07 1.37856e+07 4.79092e+06 7.23702e+07 4.09301e+06 7.12227e+07
internal_count=119905 15831 104074 4656 99418 86976 4058 2635 13824 10813 12442 73152 2686 71636
cat_boundaries=0 1 2 3
cat_threshold=113 321 16
is_linear=0
shrinkage=0.03


Tree=126
num_leaves=15
num_cat=1
split_feature=14 16 12 0 3 2 11 2 14 12 10 16 16 10
split_gain=43536.2 53680.1 78419.5 55673.4 51983.8 101778 104814 87321.3 65065.4 61120.6 58269.6 57278.1 48703.3 61769.5
threshold=1.0051720084524249 0.033731398184704074 0.98075970649359323 0 1.0000000180025095e-35 2.5000000000000004 1.1219708317889039 1.0000000180025095e-35 0.81146616402850247 1.1259084148829819 1.0243909741692858 0.081293069914542063 0.056042834494157735 0.96771506909300131
decision_type=2 2 2 1 2 2 2 2 2 2 2 2 2 2
left_child=1 2 3 -1 5 6 8 -8 -3 11 -7 -6 -2 -14
right_child=12 4 -4 -5 9 10 7 -9 -10 -11 -12 -13 13 -15
leaf_value=0.0024808229765779844 0.0002799480051217777 -0.00076950014226920813 -0.0006075753778128709 -0.00017768081492278902 -1.2187520490782443e-05 0.00055471501908964903 -0.00019146247921730634 0.00068305165887162106 -5.3804765142216176e-05 -0.00098840428502930443 0.00010246705691359477 -0.00031101851060328262 -0.00046026560196440309 6.653792221318512e-05
leaf_weight=294105.46339428425 15036751.241918087 2266185.235168457 5127255.225779891 421109.12235152721 18558906.307954073 4366652.4176635742 2031178.3593444824 3514354.3827514648 35009512.090393066 1381521.7330322266 7531739.3148498535 6459441.754506588 4146511.6258392334 25667089.860632539
leaf_count=891 29020 1525 18282 1686 14931 2286 1349 2391 18333 1159 4303 4093 3181 16227
internal_value=-5.09153e-06 -0.000396641 -0.00317397 0.00613194 -0.000196609 0.00033089 -0.00035112 0.00349694 -0.000923599 -0.00128997 0.00278538 -0.000950763 0.000754098 5.20171e-05
internal_weight=1.31812e+08 8.6962e+07 5.84247e+06 715215 8.11195e+07 5.47196e+07 4.28212e+07 5.54553e+06 3.72757e+07 2.63999e+07 1.18984e+07 2.50183e+07 4.48504e+07 2.98136e+07
internal_count=119657 71229 20859 2577 50370 30187 23598 3740 19858 20183 6589 19024 48428 19408
cat_boundaries=0 1
cat_threshold=88
is_linear=0
shrinkage=0.03


Tree=127
num_leaves=15
num_cat=3
split_feature=10 11 0 11 10 10 0 11 1 0 1 11 11 2
split_gain=43134.5 53164.9 139087 77317.5 39364.7 48129.4 169719 85273 80895.5 80428.1 71320.9 61485.5 196849 89909.1
threshold=0.72565943610004047 0.88726764062237595 0 0.83022427849027636 1.2883310473777285 1.0804981498706023 1 1.1688523830738735 9.5000000000000018 2 16.500000000000004 1.0128747137800109 1.0028311946027937 3.5000000000000004
decision_type=2 2 1 2 2 2 1 2 2 1 2 2 2 2
left_child=-1 2 -2 -4 5 9 8 -8 -7 11 -10 12 13 -3
right_child=1 4 3 -5 -6 6 7 -9 10 -11 -12 -13 -14 -15
leaf_value=-0.00057036923834335388 0.0005069757823753609 0.00014376526237104963 0.00020465118534386569 -0.0010141624344139975 -0.00074475241664663907 0.00013488372016174448 0.0004733882024830982 -0.00015278247735223756 -0.00070937990887319112 9.7854745518768462e-06 -4.2245402944434553e-05 -4.937984971180009e-05 -0.0024000010781431167 -0.00078714854180855711
leaf_weight=1502705.4149190187 3951994.7983189821 3301780.2769714594 2642495.3266167641 1264708.8563246727 2361459.8894574642 2122728.8315854073 18165894.871255875 5027415.1682837009 3519999.6448974609 74815171.325323939 2624907.0230407715 7175281.8008303642 1926458.4549176693 1919965.7378903627
leaf_count=1717 2550 2038 2982 1605 2087 1694 23580 6097 1465 64832 1456 4989 1279 1538
internal_value=7.73041e-05 0.000135356 0.00252752 -0.00148623 -1.75421e-05 5.75698e-05 0.00106636 0.00238192 -0.00262419 -0.000298476 -0.00436834 -0.00235798 -0.00432725 -0.00130339
internal_weight=1.32323e+08 1.3082e+08 7.8592e+06 3.9072e+06 1.22961e+08 1.206e+08 3.14609e+07 2.31933e+07 8.26764e+06 8.91387e+07 6.14491e+06 1.43235e+07 7.1482e+06 5.22175e+06
internal_count=119909 118192 7137 4587 111055 108968 34292 29677 4615 74676 2921 9844 4855 3576
cat_boundaries=0 1 2 3
cat_threshold=92 24 4
is_linear=0
shrinkage=0.03


Tree=128
num_leaves=15
num_cat=2
split_feature=10 3 10 0 12 0 1 11 11 12 1 10 10 11
split_gain=39286.9 57482.3 46720.5 150228 94783.2 99683 73912.9 73681.3 187479 167466 145758 137510 92538.3 106720
threshold=1.2334770669621216 1.0000000180025095e-35 1.0804981498706023 0 1.037029864854154 1 9.5000000000000018 1.0256949624400986 1.0318169443797804 0.99850866959735451 8.5000000000000018 1.0508476665024433 0.81586805158820941 0.80374462859107221
decision_type=2 2 2 1 2 1 2 2 2 2 2 2 2 2
left_child=2 -2 4 6 5 7 -4 12 11 -10 -11 -9 13 -1
right_child=1 -3 3 -5 -6 -7 -8 8 9 10 -12 -13 -14 -15
leaf_value=0.00049094755996021832 -5.9072733737273847e-05 -0.0013365954732067874 0.00018457411411707388 0.00037013572562940455 -0.00031762386503936637 -0.00014870723621745313 -0.00035056948673010149 -0.0012273833121620088 -0.00055721098983353321 0.00091073587181850679 7.6070966468318429e-05 9.2774575774590579e-05 0.00016027292815620168 -0.00079387515940978278
leaf_weight=1119682.4443616867 2943773.662103653 1445244.2159597874 2064494.1183568239 21120228.903597593 10235718.459157705 33931528.121278286 6231241.0458526611 2937754.2276872396 2562152.7311698198 1665008.9737038612 7641767.3545274734 1432327.7457990646 34489835.456587672 2364575.8699233532
leaf_count=1201 2961 2068 1663 26681 9548 33748 2964 2308 1866 2213 5802 1159 23363 2379
internal_value=1.06935e-05 -0.00278011 0.00010654 0.00115555 -0.000207115 0.000110202 -0.00226525 0.00090835 -0.000782915 0.00117303 0.00304277 -0.00609517 0.00163159 -0.00302779
internal_weight=1.32185e+08 4.38902e+06 1.27796e+08 2.9416e+07 9.83804e+07 8.81446e+07 8.29574e+06 5.42131e+07 1.6239e+07 1.18689e+07 9.30678e+06 4.37008e+06 3.79741e+07 3.48426e+06
internal_count=119924 5029 114895 31308 83587 74039 4627 40291 13348 9881 8015 3467 26943 3580
cat_boundaries=0 1 2
cat_threshold=24 122
is_linear=0
shrinkage=0.03


Tree=129
num_leaves=15
num_cat=0
split_feature=10 12 11 11 10 9 12 1 1 2 10 10 12 11
split_gain=42589.8 54668.5 280811 217492 141962 119474 181225 88355 116884 85407.6 84736.2 171042 83871.5 83609.2
threshold=0.72565943610004047 1.0051336041564809 1.0299326936213087 1.0141369090599361 1.0169331504814727 74.500000000000014 1.0215739068061271 17.500000000000004 9.5000000000000018 4.5000000000000009 1.009035500706591 1.0049949454514786 0.99894081004665003 0.99469405307571501
decision_type=2 2 2 2 2 2 2 2 2 2 2 2 2 2
left_child=-1 2 10 4 -3 7 9 8 -5 -7 11 -2 13 -12
right_child=1 3 -4 5 -6 6 -8 -9 -10 -11 12 -13 -14 -15
leaf_value=-0.00052261857753523337 0.00013986924280087596 -0.00030913081775736678 -0.00057814459554167744 -0.00064327484865425168 -0.0019247066110560775 0.00024387355318376645 -1.8482683676067606e-05 -0.0010307883256508708 0.00011526996518765381 0.00098826483875057028 0.00029236591513958499 -0.001450735941263766 0.00050916279930240472 -0.00039873918918555866
leaf_weight=1506348.5319845676 23225080.125764012 13660724.291278005 6097183.6782232523 1450187.8337187767 1657430.4885680676 15129953.011441469 44845753.169592857 1345691.615581274 2853678.0046386719 3108910.9759784937 6116361.9550595284 1364441.6276642084 7613589.4312919378 2456242.0018563271
leaf_count=1714 20338 11930 5904 1746 1749 12356 42549 1572 1995 4625 4799 1194 5768 1924
internal_value=0.000113206 0.000170913 0.000991816 -0.000286875 -0.00351947 0.000433544 0.000807841 -0.00374597 -0.00164813 0.00332917 0.00188972 0.000780159 0.00357533 0.00154019
internal_weight=1.32432e+08 1.30925e+08 4.68729e+07 8.40523e+07 1.53182e+07 6.87342e+07 6.30846e+07 5.64956e+06 4.30387e+06 1.82389e+07 4.07757e+07 2.45895e+07 1.61862e+07 8.5726e+06
internal_count=120163 118449 39927 78522 13679 64843 59530 5313 3741 16981 34023 21532 12491 6723
is_linear=0
shrinkage=0.03


Tree=130
num_leaves=15
num_cat=2
split_feature=2 16 12 0 16 12 12 12 0 11 11 9 9 3
split_gain=44575.9 63964.7 66542 72271.6 65795.5 57337.3 53306.3 58559.3 76193.6 194143 73606.2 53264.3 192305 75233.4
threshold=1.0000000180025095e-35 0.071936236158022554 0.98244423354187715 0 0.042688784365488237 1.080090879916801 0.95090045445374316 1.0033879215670958 1 1.0164731896702961 1.0256949624400986 89.500000000000014 74.500000000000014 1.0000000180025095e-35
decision_type=2 2 2 1 2 2 2 2 1 2 2 2 2 2
left_child=6 2 3 -2 -5 -4 -1 -8 10 -10 -9 12 -3 -13
right_child=1 11 5 4 -6 -7 7 8 9 -11 -12 13 -14 -15
leaf_value=-0.0007686219448081314 0.00060366866125119759 -0.00024851710465382106 2.7492639727420096e-05 0.0013690429789844818 0.00010541336797300777 0.00039742135988627227 0.00013743679827694637 0.00011786837762232454 -0.00081660033546716588 0.00017660108759270051 -0.00092148936769003299 2.402131078422086e-05 0.0006886048743531411 -0.00028410456630373652
leaf_weight=1273352.5173321962 1537288.1860369444 3039241.2246999741 52303616.482611656 1600891.9023315907 6094976.1586303711 7255864.7753543854 6397463.5427428484 1397389.6831302643 2340586.2850899696 7864101.5326160192 3359371.5666464567 17773960.22076416 3318208.6810100079 16516053.894597769
leaf_count=1295 954 1623 59473 5090 4615 9177 4435 1114 1650 6510 2729 7709 1892 11745
internal_value=0.000161764 0.000412399 0.000969904 0.00333963 0.00215336 0.000602539 -0.0010502 -0.000694705 -0.00172189 -0.000260213 -0.0048576 -0.000531135 0.00199098 -0.000998741
internal_weight=1.32072e+08 1.0944e+08 6.87926e+07 9.23316e+06 7.69587e+06 5.95595e+07 2.26323e+07 2.13589e+07 1.49614e+07 1.02047e+07 4.75676e+06 4.06475e+07 6.35745e+06 3.429e+07
internal_count=120011 102278 79309 10659 9705 68650 17733 16438 12003 8160 3843 22969 3515 19454
cat_boundaries=0 1 2
cat_threshold=16 138
is_linear=0
shrinkage=0.03


Tree=131
num_leaves=15
num_cat=1
split_feature=10 11 1 11 1 14 1 12 3 13 1 11 11 0
split_gain=45615.2 90617.5 107239 57682.6 49381.8 47067.9 174706 111211 95510.2 116265 95586.7 70582.3 73254.2 69549.2
threshold=0.79976984507662452 0.9124081244535126 17.500000000000004 0.78683299918466465 9.5000000000000018 0.91007864357583435 8.5000000000000018 0.9927388970595955 1.5000000000000002 0.82181131643964178 11.500000000000002 0.98543013854132477 1.0957219423535587 0
decision_type=2 2 2 2 2 2 2 2 2 2 2 2 2 1
left_child=3 2 4 -1 -2 6 7 -3 10 -10 -8 -12 -13 -9
right_child=1 5 -4 -5 -6 -7 8 13 9 -11 11 12 -14 -15
leaf_value=0.0003384648489413666 0.00040059063306936379 -0.0030101443848483843 0.0011596804868394398 -0.00051651405202167119 -6.3031250208582491e-05 1.9597723805900573e-05 -0.00057806582453030265 0.00080775655298522865 -0.0061079389969213391 -0.00039842273341967753 0.00052498633360097981 -0.00034001369355523338 0.0002484950663094505 3.2881636609313636e-06
leaf_weight=1372716.3978918791 1525278.1870939732 561952.69644916058 1440641.9720039368 4349947.10415411 3158927.2002868652 99600701.174339771 3291685.1908569336 2126992.3744285107 897962.19519734383 1954430.6168026924 1422510.6344504356 6011328.5174055099 3421785.6700372696 966754.95186030865
leaf_count=1601 1738 1103 1365 4728 1834 87598 2234 3193 1111 2194 967 4587 2980 2569
internal_value=-1.5414e-05 0.000103211 0.00366274 -0.00263517 0.00146128 -7.80815e-05 -0.00138138 0.00456831 -0.00266083 -0.00766876 -0.00165113 -0.000293238 -0.00123262 0.00679837
internal_weight=1.32104e+08 1.26381e+08 6.12485e+06 5.72266e+06 4.68421e+06 1.20256e+08 2.06554e+07 3.6557e+06 1.69997e+07 2.85239e+06 1.41473e+07 1.08556e+07 9.43311e+06 3.09375e+06
internal_count=119802 113473 4937 6329 3572 108536 20938 6865 14073 3305 10768 8534 7567 5762
cat_boundaries=0 1
cat_threshold=93
is_linear=0
shrinkage=0.03


Tree=132
num_leaves=15
num_cat=5
split_feature=12 11 0 11 0 1 9 0 10 0 0 13 11 9
split_gain=43907.5 194100 198832 190598 254346 206546 195243 180379 177941 146452 143065 90306.2 87293 130603
threshold=1.0051336041564809 1.0274286010340197 0 1.0141369090599361 1 17.500000000000004 88.500000000000014 2 1.0059420147743474 3 4 0.62621409387992 1.0297360778716553 86.500000000000014
decision_type=2 2 1 2 1 2 2 1 2 1 1 2 2 2
left_child=1 2 -1 7 5 -5 -7 -2 -9 -3 -8 -4 13 -6
right_child=3 9 11 4 12 6 10 8 -10 -11 -12 -13 -14 -15
leaf_value=-0.00038051837120718261 4.7926937834700337e-06 0.00043439135421517163 -0.00032170645853170517 0.00028883266159177132 0.00022596766415063684 -0.00083646541970445489 -0.00029310506205962013 -0.00045287435716387121 -0.0031321506665620289 -0.00076306313013591834 0.00049424448940472846 0.00029128965331385632 -0.00012113339920939774 -0.0014257836542784566
leaf_weight=8113691.5865216255 7663908.0387620926 1745294.8745740652 2232893.6739904881 31612956.719016671 1321049.9224923849 2226273.5498082638 2502575.2409362793 6204798.8179832697 1557558.4203227758 4951367.6575688124 5156700.2764343023 31436389.642895341 22575308.461022615 3103328.2516149282
leaf_count=10153 7670 2396 2216 27339 1330 2403 1231 4807 1233 4030 7282 22823 22454 2673
internal_value=0.000204264 0.000923058 0.00168301 -0.000210954 0.00046751 0.00194205 -0.00184277 -0.00322358 -0.00644696 -0.00381854 0.000430251 0.00269892 -0.00179886 -0.00565207
internal_weight=1.32404e+08 4.84796e+07 4.1783e+07 8.39245e+07 6.84982e+07 4.14985e+07 9.88555e+06 1.54263e+07 7.76236e+06 6.69666e+06 7.65928e+06 3.36693e+07 2.69997e+07 4.42438e+06
internal_count=120040 41618 35192 78422 64712 38255 10916 13710 6040 6426 8513 25039 26457 4003
cat_boundaries=0 1 2 3 4 5
cat_threshold=352 372 395 482 16
is_linear=0
shrinkage=0.03


Tree=133
num_leaves=15
num_cat=0
split_feature=2 12 3 9 11 10 10 12 12 12 11 14 2 14
split_gain=51077.2 58537.8 54855.4 145992 133004 106325 104134 91431.7 128506 114476 111406 97795.7 94276.9 89886.7
threshold=1.0000000180025095e-35 0.95319693640010461 1.0000000180025095e-35 67.500000000000014 0.99272723637215787 1.1413265287497878 1.2540893860992715 0.99523338337776046 0.98927941568421962 1.0185072359810103 0.99579473430313603 1.0611476287992276 4.5000000000000009 0.91007864357583435
decision_type=2 2 2 2 2 2 2 2 2 2 2 2 2 2
left_child=1 -1 4 -4 -2 -6 7 8 -5 11 12 -9 -11 -12
right_child=2 -3 3 6 5 -7 -8 9 -10 10 13 -13 -14 -15
leaf_value=-0.00078390401969733652 0.00033527158012191123 -8.3613893271054755e-05 -0.0010978323712582537 -0.00016907534271093787 -4.5324336085399441e-05 0.00039457885100627015 -0.0017966073659468015 0.00019450210040188482 -0.0019793728247097576 -8.5704243426397235e-05 -0.00057498301916714394 0.0014746876013262157 -0.0028558178291576298 9.9805355163498516e-05
leaf_weight=1443725.6256021261 15031662.238502502 21103919.704549313 1348376.90984869 8173037.7136397362 40890808.034333944 8488780.9220798016 1005794.4276309013 13283644.250832319 1681069.3245319128 956477.23571693897 2184395.7284883261 1441321.7810394764 1081600.5577943325 13952411.28964448
leaf_count=1382 11584 16285 1335 9787 30610 8124 1215 12192 1938 1213 3175 2986 1596 16366
internal_value=3.44086e-05 -0.00126586 0.000302105 -0.000500198 0.00086397 0.000111823 -0.000200609 2.38556e-05 -0.0025111 0.00078312 -0.00080972 0.00274915 -0.00741876 2.50016e-05
internal_weight=1.32067e+08 2.25476e+07 1.09519e+08 4.51081e+07 6.44113e+07 4.93796e+07 4.37598e+07 4.2754e+07 9.85411e+06 3.28999e+07 1.81749e+07 1.4725e+07 2.03808e+06 1.61368e+07
internal_count=119788 17667 102121 51803 50318 38734 50468 49253 11725 37528 22350 15178 2809 19541
is_linear=0
shrinkage=0.03


Tree=134
num_leaves=15
num_cat=5
split_feature=12 11 12 16 0 12 12 0 9 12 0 11 0 0
split_gain=36577 62103.5 51378.2 151064 135577 65463.8 58733.6 166089 129953 107926 107410 90156.9 265877 252582
threshold=0.93483684010591095 0.78683299918466465 0.98244423354187715 0.044870415960815466 0 0.96636452254130412 0.99523338337776046 1 89.500000000000014 1.0017366156455199 2 1.0141369090599361 3 4
decision_type=2 2 2 2 1 2 2 1 2 2 1 2 1 1
left_child=1 -1 3 -2 -5 -6 7 -4 -9 -8 -10 12 -11 -13
right_child=2 -3 6 4 5 -7 9 8 10 11 -12 13 -14 -15
leaf_value=0.00027890109783095202 0.0015873014785726708 -0.00065578635991723349 -5.5793484267665085e-05 0.00032034213472770376 -0.00049727434826986718 0.0001059807476937373 0.00037032040614466211 0.00027225384398057209 -0.00049529623026345793 0.00038345459924660549 -0.0019415868709862691 0.00032411014299068717 -0.00043279024034056788 -8.4604544912006053e-05
leaf_weight=1466720.8881392479 1926614.1228356361 2919101.5662544966 2020486.3667041063 4620614.744720459 4384539.5262298584 3130796.3059692383 8906905.7835023403 2343568.7373963594 4701080.7440451384 6322974.1333799362 1532821.6035891771 27569462.802060246 16259477.330816746 44192726.433978319
leaf_count=1743 4748 3171 2975 2151 3027 1588 7563 1655 3907 4732 1202 32227 14385 34835
internal_value=4.5885e-05 -0.002648 0.000138252 0.00184901 0.000610125 -0.00187617 -7.30583e-05 -0.0021999 -0.00402266 0.000145246 -0.00628675 -0.000152771 -0.00180597 0.000367464
internal_weight=1.32298e+08 4.38582e+06 1.27912e+08 1.40626e+07 1.2136e+07 7.51534e+06 1.1385e+08 1.0598e+07 8.57747e+06 1.03252e+08 6.2339e+06 9.43446e+07 2.25825e+07 7.17622e+07
internal_count=119909 4914 114995 11514 6766 4615 103481 9739 6764 93742 5109 86179 19117 67062
cat_boundaries=0 1 2 3 4 5
cat_threshold=273 129 272 10 356
is_linear=0
shrinkage=0.03


Tree=135
num_leaves=15
num_cat=0
split_feature=16 2 3 16 9 12 1 12 9 3 10 1 10 9
split_gain=41959 65519.5 52683.2 51551.7 57010.4 48888.8 94883.7 80120.1 84443.8 84225.9 60796.2 57994.9 205727 113082
threshold=0.08319843736062485 1.0000000180025095e-35 1.0000000180025095e-35 0.077091155074881179 79.500000000000014 0.98244423354187715 19.500000000000004 0.99523338337776046 63.500000000000007 1.0000000180025095e-35 1.0120802147637469 18.500000000000004 0.94045034183903997 89.500000000000014
decision_type=2 2 2 2 2 2 2 2 2 2 2 2 2 2
left_child=1 3 -2 4 -1 6 -3 9 -9 10 -7 -10 -13 -14
right_child=2 5 -4 -5 -6 7 -8 8 11 -11 -12 12 13 -15
leaf_value=0.00036765989770410246 -4.6494286046009113e-06 0.00016154130706965515 -0.00033090455551433205 0.00038625023266418255 -0.00023078117870578961 0.00050695675694817735 0.0019329421651691388 -0.00085434640478118163 0.00013213255165546328 -0.0010928331037601386 -0.00042375707083216156 0.0017041019954278536 -0.00084589511331055413 -8.6604942035576214e-05
leaf_weight=1226730.3097499609 17726263.460876465 10798184.059444904 7702500.9385485649 1739680.6279907227 15033362.440669775 2436732.7769936323 1352447.8100509644 1279876.1569706202 55441497.026055694 3003990.7813508511 1720413.2259685993 776219.36885118484 2070925.4660446644 9978154.9378964901
leaf_count=1149 7285 9907 5316 797 13814 2075 2590 1134 51759 4091 1380 1013 3016 14718
internal_value=0.000127613 0.000388249 -0.000967645 -0.00126226 -0.00178741 0.000722588 0.00249065 0.000442524 0.000753642 -0.00257895 0.000186745 0.000896777 -0.000921228 -0.00188561
internal_weight=1.32287e+08 1.06858e+08 2.54288e+07 1.79998e+07 1.62601e+07 8.88584e+07 1.21506e+07 7.67078e+07 6.95467e+07 7.16114e+06 4.15715e+06 6.82668e+07 1.28253e+07 1.20491e+07
internal_count=120044 107443 12601 15760 14963 91683 12497 79186 71640 7546 3455 70506 18747 17734
is_linear=0
shrinkage=0.03


Tree=136
num_leaves=15
num_cat=2
split_feature=16 11 2 14 9 9 2 0 1 0 12 10 12 12
split_gain=46075.6 70632.8 60301.7 91513.4 90722.2 79257.1 90602.4 186588 78205.5 74734.7 117515 84938.9 80238 192343
threshold=0.084970864173512087 1.1902710751006842 2.5000000000000004 0.80603527786693141 71.500000000000014 74.500000000000014 3.5000000000000004 0 14.500000000000002 1 1.018775169736519 1.0821230818239316 0.99523338337776046 0.98075970649359323
decision_type=2 2 2 2 2 2 2 1 2 1 2 2 2 2
left_child=1 2 3 -1 8 6 -4 -8 -5 -7 11 12 13 -11
right_child=-2 -3 5 4 -6 9 7 -9 -10 10 -12 -13 -14 -15
leaf_value=-0.0008733647990689749 -9.8121541115322693e-05 -0.00069120048400967673 0.00035154473554187217 0.00096611160864598254 -2.9882343376441823e-05 -0.00034569009517110483 -0.0011136448512210177 0.00057300475954286513 -4.4336178893910323e-05 0.00043086068907402698 2.0980523672252682e-05 0.0012071161928198361 0.00041929107053996376 -0.00094124525287777401
leaf_weight=2007216.8959769011 21821359.818061709 3125737.7084143162 1448585.4509655237 1661018.4245715141 47611108.427916765 4369944.1555054188 1888432.2511755228 996353.26222395897 1359703.4503626823 5797578.6753879786 20614477.411679983 1291616.7767276764 15059979.313745022 2997708.8481423855
leaf_count=3123 10629 3608 1228 1445 39739 6185 1830 1437 1081 6361 23827 1943 14379 3009
internal_value=8.22118e-05 0.000331544 0.000461277 -0.000262804 -1.37494e-05 0.00116109 -0.00273138 -0.0058053 0.00502781 0.00149755 0.0018555 0.00323195 0.00282625 0.000549549
internal_weight=1.32051e+08 1.10229e+08 1.07104e+08 5.2639e+07 5.06318e+07 5.44647e+07 4.33337e+06 2.88479e+06 3.02072e+06 5.01313e+07 4.57614e+07 2.51469e+07 2.38553e+07 8.79529e+06
internal_count=119824 109195 105587 45388 42265 60199 4495 3267 2526 55704 49519 25692 23749 9370
cat_boundaries=0 1 2
cat_threshold=341 256
is_linear=0
shrinkage=0.03


Tree=137
num_leaves=15
num_cat=2
split_feature=10 10 0 2 2 0 1 1 13 12 10 12 12 11
split_gain=48404.9 62318 166101 81590.7 76217.9 108971 64940.8 69784.1 61891.5 112352 189749 90433.9 98856 137638
threshold=1.2031119363884388 1.0804981498706023 0 5.5000000000000009 2.5000000000000004 1 10.500000000000002 16.500000000000004 0.47080211447719411 0.98075970649359323 0.81095062694523767 0.99523338337776046 1.0022632125571322 1.0023540593275329
decision_type=2 2 1 2 2 1 2 2 2 2 2 2 2 2
left_child=1 4 6 -4 -1 8 -3 -8 -6 10 -10 -11 -13 -14
right_child=-2 2 3 -5 5 -7 7 -9 9 11 -12 12 13 -15
leaf_value=-8.6894796933636688e-05 -0.00033767969489577749 0.00012551059540326977 0.00049532484146825554 -0.00059932772483802378 -0.00037389556240347151 -8.9816280688588117e-05 -0.00064323976880379524 -4.1130369952015095e-05 -0.0003734171130400294 -0.0007227396826466725 0.0017211721702280836 0.00051216606245506498 -0.00074929221734726631 0.00024148697497206907
leaf_weight=49640209.898876309 6475583.8167897463 2448551.1577122211 18220632.558543444 1439705.5496749878 1103621.2986242771 24326303.972820759 2961495.0280761719 2523513.1440429688 914905.48806476593 1740467.6454113722 1240704.789178133 3510217.9209823608 3383342.466062665 12472249.315437794
leaf_count=36175 7639 1802 21293 3243 1273 22941 1210 1372 1714 1652 1273 3243 3855 11432
internal_value=4.61733e-05 0.000176251 0.00143608 0.00291464 -0.000177282 0.000666035 -0.00222798 -0.00404146 0.00208411 0.00241345 0.00893737 0.00174715 0.00233585 0.00132734
internal_weight=1.32402e+08 1.25926e+08 2.75939e+07 1.96603e+07 9.8332e+07 4.86918e+07 7.93356e+06 5.48501e+06 2.43655e+07 2.32619e+07 2.15561e+06 2.11063e+07 1.93658e+07 1.58556e+07
internal_count=120117 112478 28920 24536 83558 47383 4384 2582 24442 23169 2987 20182 18530 15287
cat_boundaries=0 1 2
cat_threshold=24 242
is_linear=0
shrinkage=0.03


Tree=138
num_leaves=15
num_cat=2
split_feature=16 13 2 11 1 0 14 1 1 16 0 3 14 14
split_gain=31604.3 86256 58909.7 69417.5 78235.8 77079 76072.5 67838.3 65433.7 91670.9 56523.5 78355.6 69076.2 54895.4
threshold=0.065311385431554583 1.230564999705009 1.5000000000000002 0.95724998694521646 16.500000000000004 0 0.8711264372703923 12.500000000000002 6.5000000000000009 0.053380709878578576 1 2.5000000000000004 0.86110299051130601 0.82291761338925473
decision_type=2 2 2 2 2 1 2 2 2 2 1 2 2 2
left_child=1 2 13 5 6 -4 7 -5 -8 -10 12 -12 -2 -1
right_child=10 -3 3 4 -6 -7 8 -9 9 -11 11 -13 -14 -15
leaf_value=-0.00089166380521446336 0.00029576368387271052 0.00099698235483429106 0.00082096854040511675 -0.0010186963343777231 -0.00027066283264081623 4.7616833515458747e-05 -0.00036402212510937472 0.00030798672725596167 0.00075792075051494016 0.00014164402262674221 -6.8109150371702403e-05 -0.00076633848067732724 4.8672591799647911e-06 -0.00017572961527833141
leaf_weight=1564262.9101434946 3010973.1943359375 2708116.7855166197 3284840.0673900843 1604061.9550123215 9820622.3894515038 2779455.3058899641 2228352.5808502436 1000249.1539444923 4912299.1219658852 14384399.718251944 35095179.535077095 4706948.8592071533 24209564.342437744 21377802.176594853
leaf_count=2633 1430 9706 4028 3599 14771 3666 8562 691 5237 9422 19280 4872 11504 20577
internal_value=2.64635e-05 0.000494226 0.000268717 0.000963587 0.000435484 0.00392009 0.00135424 -0.00348846 0.00194016 0.00250224 -0.00043182 -0.0011523 0.000621668 -0.000943237
internal_weight=1.32687e+08 6.56645e+07 6.29563e+07 4.00143e+07 3.395e+07 6.0643e+06 2.41294e+07 2.60431e+06 2.15251e+07 1.92967e+07 6.70227e+07 3.98021e+07 2.72205e+07 2.29421e+07
internal_count=119978 82892 73186 49976 42282 7694 27511 4290 23221 14659 37086 24152 12934 23210
cat_boundaries=0 1 2
cat_threshold=185 81
is_linear=0
shrinkage=0.03


Tree=139
num_leaves=15
num_cat=3
split_feature=10 11 0 1 11 1 10 12 0 1 12 0 12 11
split_gain=43389 47204.2 114615 92628.3 84292 53788.6 51894 47079.9 158953 191514 156177 137004 158377 207773
threshold=0.72565943610004047 0.90644793995258399 0 16.500000000000004 0.83022427849027636 11.500000000000002 0.81586805158820941 1.0237498270125132 1 17.500000000000004 1.05637138242092 2 1.0137025498423149 0.98543013854132477
decision_type=2 2 1 2 2 2 2 2 1 2 2 1 2 2
left_child=-1 2 3 5 -4 -2 -3 11 -9 -10 -11 -8 13 -13
right_child=1 6 4 -5 -6 -7 7 8 9 10 -12 12 -14 -15
leaf_value=-0.00052798984664674553 0.00044752028829332993 -0.0010269982007816958 0.00018059349569031767 0.0012193769798597457 -0.0011098515463525158 -0.00021320510568064024 0.00028706565571791213 -0.00038002875447660427 0.00019561655296123365 -0.00081849161706416893 0.0001848470704640022 0.00022069685120258535 0.00024197150781003825 -0.0002287433873771359
leaf_weight=1546558.5118521452 1901538.8482395411 1219714.3060270548 2643804.2302677631 1655082.9542236328 1378381.9802457094 1652483.1707763672 24183988.928009987 19050058.418503404 22071095.43208158 3875541.9719650745 2898791.8983911276 8507135.6088234186 10726448.465614676 28989429.86397326
leaf_count=1734 1591 1403 3019 1113 1817 790 27189 18299 20564 4312 3913 6088 8052 20122
internal_value=9.45379e-06 6.85402e-05 0.00213669 0.00507407 -0.0016675 0.00234408 -8.85642e-05 -2.61413e-05 -0.000755842 0.000648647 -0.00376361 0.000456538 -0.000467594 -0.00138714
internal_weight=1.323e+08 1.30753e+08 9.23129e+06 5.2091e+06 4.02219e+06 3.55402e+06 1.21522e+08 1.20302e+08 4.78955e+07 2.88454e+07 6.77433e+06 7.2407e+07 4.8223e+07 3.74966e+07
internal_count=120006 118272 8330 3494 4836 2381 109942 108539 47088 28789 8225 61451 34262 26210
cat_boundaries=0 1 2 3
cat_threshold=92 138 234
is_linear=0
shrinkage=0.03


Tree=140
num_leaves=15
num_cat=2
split_feature=12 12 11 1 1 0 11 14 0 9 14 1 9 9
split_gain=40756.5 34437.4 60599.8 72542.7 64343.8 54449.6 71530.6 36155.9 93155.7 93763 42141.3 40814.5 183822 90512.1
threshold=1.1713962242554434 0.93483684010591095 0.88726764062237595 17.500000000000004 11.500000000000002 0 0.80374462859107221 1.0871137573723284 1 79.500000000000014 1.4099493185269965 18.500000000000004 89.500000000000014 89.500000000000014
decision_type=2 2 2 2 2 1 2 2 1 2 2 2 2 2
left_child=1 5 3 4 -3 -1 -7 11 -9 -10 -11 13 -13 -4
right_child=-2 2 7 -5 -6 6 -8 8 9 10 -12 12 -14 -15
leaf_value=-0.0010884571657787938 -0.0007003300839325665 0.00043382905442203708 0.00018546847046580498 0.00081026076882469459 -0.00028455105083099926 0.00048835008732711334 -0.00056024992385114085 0.0033342530668364293 0.0010106974444306863 0.00014106663244561486 -0.0017057384217250289 -0.00084344802461930606 1.2258642223111034e-05 -1.9915119912930203e-05
leaf_weight=1313845.7515610456 1695322.0664759874 2132062.841614604 17498689.674951077 1390177.0596494675 2390761.8723754883 1572300.6315765381 1502171.5069948435 805600.65474307537 670023.09942853451 4774816.5254095793 971316.59695065022 3058850.2701337337 13532697.448014259 78914777.142521501
leaf_count=1325 1695 2213 13148 1417 1429 1803 1795 1583 1307 9207 3871 4131 17168 57883
internal_value=9.72098e-05 0.000157236 0.000248124 0.00321314 0.00137091 -0.0024553 -0.00027076 0.000102298 0.00216026 0.000952916 -0.00028547 -2.92189e-05 -0.00140359 0.000207294
internal_weight=1.32223e+08 1.30528e+08 1.2614e+08 5.913e+06 4.52282e+06 4.38832e+06 3.07447e+06 1.20227e+08 7.22176e+06 6.41616e+06 5.74613e+06 1.13005e+08 1.65915e+07 9.64135e+07
internal_count=119975 118280 113357 5059 3642 4923 3598 108298 15968 14385 13078 92330 21299 71031
cat_boundaries=0 1 2
cat_threshold=256 16
is_linear=0
shrinkage=0.03


Tree=141
num_leaves=15
num_cat=2
split_feature=12 11 1 1 0 1 3 11 12 12 14 0 9 1
split_gain=28245.2 49415.8 55217.7 55929 44656.9 67309.3 38066.4 106175 106528 156784 91577.9 86597.4 56569 272738
threshold=0.93483684010591095 0.88726764062237595 17.500000000000004 11.500000000000002 0 16.500000000000004 2.5000000000000004 0.99579473430313603 1.0336496147759966 0.99523338337776046 1.0647054261394127 1 89.500000000000014 17.500000000000004
decision_type=2 2 2 2 1 2 2 2 2 2 2 1 2 2
left_child=4 2 3 -2 -1 -6 12 -8 9 -9 -11 -10 13 -3
right_child=1 6 -4 -5 5 -7 7 8 11 10 -12 -13 -14 -15
leaf_value=-0.0010958182911341382 0.00044083473644698833 0.00031130205519986265 0.00099594699251927634 -0.00024650932261699411 -0.00034906417874311938 0.00065291823011587021 -0.0012665497946038225 -0.0018675812097367582 0.00020469317658864156 0.00027765218686859626 0.0022387218032415787 -0.0010862812588617824 -3.1326218251235543e-06 -0.00047277039587579998
leaf_weight=1308784.784375906 2162233.1475403309 15333586.400890708 1381238.3564581871 2423917.7273254395 2108576.5585148335 946041.65343570709 2879700.7595950365 1089545.9286863804 1147115.4837992191 4269642.1326065063 976284.03439879417 1416228.9834617376 90144191.618598938 4721082.0263483524
leaf_count=1317 2214 12199 1424 1453 2428 1165 4537 1565 2518 5469 1972 2131 74560 4866
internal_value=0.000167972 0.000248919 0.00291449 0.00133077 -0.00220558 -0.000218976 0.000118514 -0.00150253 0.000117768 0.00220563 0.0043564 -0.00504251 0.000291778 0.00173284
internal_weight=1.32308e+08 1.27945e+08 5.96739e+06 4.58615e+06 4.3634e+06 3.05462e+06 1.21977e+08 1.17785e+07 8.89882e+06 6.33547e+06 5.24593e+06 2.56334e+06 1.10199e+08 2.00547e+07
internal_count=119818 114908 5091 3667 4910 3593 109817 18192 13655 9006 7441 4649 91625 17065
cat_boundaries=0 1 2
cat_threshold=256 105
is_linear=0
shrinkage=0.03


Tree=142
num_leaves=15
num_cat=2
split_feature=13 2 16 14 13 3 9 12 0 10 11 0 11 16
split_gain=37816.6 80014.9 88113.1 57618.3 50650.7 37608.3 97328.4 79054.9 88525.2 80456.8 50078 43062.4 40596.2 38378.6
threshold=1.1572415640492089 4.5000000000000009 0.059909238958973939 1.1186570060333347 1.2391897170313413 2.5000000000000004 80.500000000000014 1.0339868807011932 0 0.99451885417014119 0.88726764062237595 1 0.97193150850967303 0.030894146538012413
decision_type=2 2 2 2 2 2 2 2 1 2 2 1 2 2
left_child=5 2 -2 -3 -4 13 -7 9 -9 10 -8 -11 -12 -1
right_child=1 3 4 -5 -6 6 7 8 -10 11 12 -13 -14 -15
leaf_value=-0.00037830272547483495 0.00061804690753153053 0.00059275394447087727 3.410892762245022e-05 0.0039306661182122761 -0.0010943672562323671 -0.00098465595413891531 0.00043928543932329089 -0.0018795351041843234 -0.00016531329412104238 0.00050160920627595603 -0.0026005869297206028 -9.7646804361435714e-05 -0.00030662996870344834 2.5469814970950269e-05
leaf_weight=7485723.8808721304 3373156.7788817883 1649161.6804842949 1790584.672454834 778335.97719573975 1632777.8760375977 776658.50110840797 778856.45199346542 917171.72872960567 1627533.7468349934 2901471.3292635679 895937.84228122234 1711782.9521077871 774688.46455430984 105135960.36730051
leaf_count=25614 8865 3293 1234 2371 1419 1151 1310 1328 2811 2913 1181 3299 1099 62078
internal_value=0.000103301 0.00195598 0.000286111 0.00663129 -0.0031046 -3.56287e-05 -0.00176316 -0.000937376 -0.00547104 0.000696104 -0.00369812 0.00302929 -0.00662697 0.000123656
internal_weight=1.3223e+08 9.22402e+06 6.79652e+06 2.4275e+06 3.42336e+06 1.23006e+08 1.03841e+07 9.60744e+06 2.54471e+06 7.06274e+06 2.44948e+06 4.61325e+06 1.67063e+06 1.12622e+08
internal_count=119966 17182 11518 5664 2653 102784 15092 13941 4139 9802 3590 6212 2280 87692
cat_boundaries=0 1 2
cat_threshold=262 86
is_linear=0
shrinkage=0.03


Tree=143
num_leaves=15
num_cat=0
split_feature=12 11 11 11 9 12 9 12 2 11 11 1 11 11
split_gain=35122.7 182420 131738 113626 95850.8 74487.2 74120.5 140036 92834.5 86685.7 225484 70554.6 119098 107031
threshold=1.0051336041564809 1.0141369090599361 1.0299326936213087 0.94992444022328815 89.500000000000014 0.93483684010591095 74.500000000000014 1.0215739068061271 4.5000000000000009 1.0297360778716553 1.0256949624400986 18.500000000000004 1.0356440921432803 1.0825199503494998
decision_type=2 2 2 2 2 2 2 2 2 2 2 2 2 2
left_child=2 3 5 -2 -5 -1 -3 8 -8 10 -9 12 -11 -13
right_child=1 6 -4 4 -6 -7 7 9 -10 11 -12 13 -14 -15
leaf_value=-0.00029874122876384304 5.9579974119019199e-05 -0.00022610247354653063 -0.00041776470079227972 9.0546729626782098e-05 -0.00099184597021320284 0.00016819423546233229 0.00017968707259655815 0.00016557990286866306 0.00098936496113082484 0.0005337969908052239 -0.0027513445344963311 -0.0010801795885646407 1.8541088558671936e-05 2.3841720823015874e-05
leaf_weight=4114679.4987077713 3897954.9733339548 5687653.7259647846 6147246.8036614656 2247617.3379642963 9070335.3901426792 38309384.723887444 15041154.516781449 1379823.0661945343 3031458.2732672691 1899812.7348681688 1671321.1144634485 2401891.1014504433 33670781.802210689 3911698.1283781528
leaf_count=4630 3351 5315 5936 1791 8534 31059 12353 1194 4572 1233 1198 3012 29370 6504
internal_value=1.88543e-05 -0.000352779 0.000660886 -0.00332487 -0.00484628 0.00125562 0.000305532 0.000601602 0.00283171 -0.00029533 -0.00517729 6.03077e-05 0.00057905 -0.00286227
internal_weight=1.32483e+08 8.39115e+07 4.85713e+07 1.52159e+07 1.1318e+07 4.24241e+07 6.86956e+07 6.30079e+07 1.80726e+07 4.49353e+07 3.05114e+06 4.18842e+07 3.55706e+07 6.31359e+06
internal_count=120052 78427 41625 13676 10325 35689 64751 59436 16925 42511 2392 40119 30603 9516
is_linear=0
shrinkage=0.03


Tree=144
num_leaves=15
num_cat=2
split_feature=10 10 10 0 11 2 11 9 16 9 12 3 0 11
split_gain=37496.4 178188 79096.3 87594.8 88961.4 104553 78900.7 62126.3 57205.6 67351.5 95546.8 98350 93439.2 158140
threshold=1.0375161902555876 1.0361774965034085 1.0428102923176461 0 1.0486312805951197 4.5000000000000009 1.0164731896702961 80.500000000000014 0.054281178458792413 89.500000000000014 1.0185072359810103 1.5000000000000002 1 0.9442096572761115
decision_type=2 2 2 1 2 2 2 2 2 2 2 2 1 2
left_child=1 8 7 6 5 -5 -4 -2 -1 -10 12 -12 13 -11
right_child=2 -3 3 4 -6 -7 -8 -9 9 10 11 -13 -14 -15
leaf_value=0.00016443790446123323 -0.00010801542999542664 -0.0014420191289419388 -0.00084430275579129035 2.3678827761063885e-05 -0.00017197609834473568 0.0011303311967960868 0.00029381837138141932 0.00044471076636401187 0.00012019910358789536 -0.00032758983607135075 -0.00028932062945719424 -0.0019566066159881711 -0.00015887254727816515 0.00055032330774226887
leaf_weight=16390550.817558289 1419708.0448806286 2021076.1008424759 1268927.0087850094 8623226.5877212286 23881000.083006501 1597724.4347304106 19642568.469409704 5186773.1643984318 10306647.471087933 4907251.3782653809 5977045.1382751465 1877149.2600708008 21328922.916183472 7823185.9248046875
leaf_count=29245 1078 1581 1179 5933 21219 2196 23853 3907 5081 3310 3534 1975 10057 5880
internal_value=-2.07188e-05 -0.000492538 0.000520104 0.000147635 -0.000789773 0.00155237 0.00167634 0.00362172 -0.000233922 -0.000719235 -0.0012535 -0.00423627 -0.000565665 0.00146824
internal_weight=1.32252e+08 7.06318e+07 6.16199e+07 5.50134e+07 3.4102e+07 1.0221e+07 2.09115e+07 6.60648e+06 6.86108e+07 5.22202e+07 4.19136e+07 7.85419e+06 3.40594e+07 1.27304e+07
internal_count=120028 60663 59365 54380 29348 8129 25032 4985 59082 29837 24756 5509 19247 9190
cat_boundaries=0 1 2
cat_threshold=356 203
is_linear=0
shrinkage=0.03


Tree=145
num_leaves=15
num_cat=3
split_feature=10 9 13 10 12 0 16 12 0 12 11 10 0 11
split_gain=41629.8 36185.3 33544.8 63566.3 40520.8 243293 104759 89074.8 212921 95767.4 92359.1 187369 138185 120351
threshold=0.72565943610004047 63.500000000000007 0.32622127426299957 0.8852919625665473 0.98244423354187715 0 0.053960103680405928 0.99523338337776046 1 1.0017366156455199 1.0010768912057286 0.99369075874247714 2 0.98059644709439753
decision_type=2 2 2 2 2 1 2 2 1 2 2 2 1 2
left_child=-1 -2 3 -3 5 -4 -7 8 -6 -9 11 12 -11 -14
right_child=1 2 4 -5 7 6 -8 9 -10 10 -12 -13 13 -15
leaf_value=-0.00049108554844091339 -0.00053083382059855447 9.4873468943334493e-05 0.00054104061231787133 -0.0015541272931108485 0.0010377303291947296 0.00071777421872553033 -0.00018395559150353823 0.00034588297883463264 -0.00058547606470171472 -0.00063411385035171282 3.6600979619690795e-05 -0.0013742867313786523 -3.0291324051435328e-05 0.00090941553627809832
leaf_weight=1517423.1860268116 1972544.1488620043 717730.99532568455 3342435.6945611238 456066.70010089874 1962427.0282815695 2942290.1350609064 10047062.352203369 8652699.1171981096 8091399.1072686911 3565272.7517033815 80062175.622012854 3139165.1264690161 4326629.011428833 1835265.0425601006
leaf_count=1690 1539 733 1868 2314 2863 5798 6333 7306 6296 3886 71941 2797 3177 1620
internal_value=8.28322e-05 0.000140011 0.000201606 -0.0048468 0.000247913 0.00164362 -0.000213788 4.37261e-05 -0.00264991 0.000310325 2.92478e-05 -0.00233 -0.000273366 0.0024465
internal_weight=1.32631e+08 1.31113e+08 1.29141e+08 1.1738e+06 1.27967e+08 1.63318e+07 1.29894e+07 1.11635e+08 1.00538e+07 1.01581e+08 9.29285e+07 1.28663e+07 9.72717e+06 6.16189e+06
internal_count=120161 118471 116932 3047 113885 13999 12131 99886 9159 90727 83421 11480 8683 4797
cat_boundaries=0 1 2 3
cat_threshold=80 129 196
is_linear=0
shrinkage=0.03


Tree=146
num_leaves=15
num_cat=2
split_feature=11 12 12 2 2 12 12 0 0 2 10 11 11 12
split_gain=35532.8 44048.9 61033.5 41965.3 54184.9 39727.3 72216.8 61586 47614.6 53323.5 43408.8 91806.1 69522.2 160433
threshold=1.1818563742125845 1.1153931218449846 1.1108806325759313 2.5000000000000004 4.5000000000000009 1.0671690946621852 1.03376952192731 0 1 2.5000000000000004 0.81586805158820941 0.78683299918466465 0.99272723637215787 0.99470952913458499
decision_type=2 2 2 2 2 2 2 1 1 2 2 2 2 2
left_child=1 2 5 -2 -5 6 10 -8 9 -7 11 -1 -12 -14
right_child=3 -3 -4 4 -6 8 7 -9 -10 -11 12 -13 13 -15
leaf_value=0.00038757195741406054 2.1094143833538485e-05 0.00048634791022387103 -0.00042888165489841484 -0.00027658462298002691 -0.0022700313027511423 0.0009151744274301485 -0.00045199764503278244 -1.1768275224183419e-05 -4.7451957860350814e-05 0.00017519645909622923 0.00018638919014007246 -0.00048704326866599022 -0.00045150602540795776 4.3647139569313589e-05
leaf_weight=1864370.5837562084 2899626.0197634697 4196298.257997632 1123016.6210384369 1808538.5745333433 902619.63327240944 1755791.1071463823 7858447.959528923 8090815.0693122149 3204939.260986805 1726019.8839318752 22642811.192364216 4820646.221301198 7875077.9827411175 61406721.823554039
leaf_count=2198 2635 4213 499 1652 1571 2037 6776 9982 3410 2666 19374 5204 6879 50725
internal_value=2.32099e-05 0.000126775 2.31347e-05 -0.00231296 -0.00499613 8.76155e-05 -4.35821e-05 -0.00191648 0.00233532 0.00476411 0.000259344 -0.00207473 0.000429084 -4.25686e-05
internal_weight=1.32176e+08 1.26565e+08 1.22369e+08 5.61078e+06 2.71116e+06 1.21246e+08 1.14559e+08 1.59493e+07 6.68675e+06 3.48181e+06 9.86096e+07 6.68502e+06 9.19246e+07 6.92818e+07
internal_count=119821 113963 109750 5858 3223 109251 101138 16758 8113 4703 84380 7402 76978 57604
cat_boundaries=0 1 2
cat_threshold=76 368
is_linear=0
shrinkage=0.03


Tree=147
num_leaves=15
num_cat=3
split_feature=14 5 16 12 3 2 0 12 0 12 10 0 12 1
split_gain=35786.2 61372.6 54506.9 57397.4 50236.3 70847.9 85785.1 67357.6 63530.5 176231 72207.3 48948.1 86704.8 85417.5
threshold=1.0051720084524249 1.0000000180025095e-35 0.030894146538012413 0.97931461060566405 1.0000000180025095e-35 1.5000000000000002 0 1.1259084148829819 1 1.0091514731206532 1.0923206408361679 2 1.0075532020675959 10.500000000000002
decision_type=2 2 2 2 2 2 1 2 1 2 2 1 2 2
left_child=1 2 3 -1 5 8 -7 -6 9 -4 11 13 -13 -10
right_child=-2 -3 4 -5 7 6 -8 -9 10 -11 -12 12 -14 -15
leaf_value=0.00084214459998349265 8.1532758245941476e-05 -0.0010368834075360233 0.00023201462621143945 -0.0005703495762855534 -6.5505523685541618e-05 2.7975422042828253e-06 0.00038694114086680788 -0.0010124188250234633 0.00030568382413381296 -0.00080495716929307221 0.00036073239348346619 0.00011400377432835018 -0.00055999325433163339 -6.5322250121337944e-05
leaf_weight=647273.45497989655 45008515.562783599 1433449.1545153856 3143466.5405883789 4766171.895970583 24742318.54301405 13049342.213684082 11826174.50982666 1368701.3145904541 2689948.9166259766 3378801.0545043945 5593682.8648681641 3711043.5405273438 4285155.5537414551 6754145.1765136719
leaf_count=2451 48463 908 1847 17833 19208 4944 8723 1163 1000 2160 3561 2248 2673 2922
internal_value=0.000111072 -0.000242889 -0.000140222 -0.00305419 5.56317e-05 0.000574554 0.00175432 -0.00102613 -0.000418378 -0.00303218 0.000321743 -0.000629518 -0.00235675 0.000832908
internal_weight=1.32398e+08 8.73897e+07 8.59562e+07 5.41345e+06 8.05428e+07 5.44318e+07 2.48755e+07 2.6111e+07 2.95562e+07 6.52227e+06 2.3034e+07 1.74403e+07 7.9962e+06 9.44409e+06
internal_count=120104 71641 70733 20284 50449 30078 13667 20371 16411 4007 12404 8843 4921 3922
cat_boundaries=0 1 2 3
cat_threshold=280 136 336
is_linear=0
shrinkage=0.03


Tree=148
num_leaves=15
num_cat=4
split_feature=16 0 10 11 12 0 12 0 0 12 13 11 12 14
split_gain=48874.5 55990 83952 52729 52183.3 97762.9 58220.4 64549.3 55538.4 58877.4 50365.4 48204.1 70090.4 45327
threshold=0.081293069914542063 0 1.0261451834643835 1.1974644592326587 1.0671690946621852 1 1.0330675526569519 2 3 0.93483684010591095 1.0204187681418353 0.98847787974541212 1.0250886305132016 1.0845167044415083
decision_type=2 1 2 2 2 1 2 1 1 2 2 2 2 2
left_child=3 2 -2 4 6 -6 8 -8 9 -1 -4 -11 -13 -10
right_child=1 -3 10 -5 5 -7 7 -9 13 11 -12 12 -14 -15
leaf_value=-0.0011457965398109437 -0.00027032272515870943 -0.00014099057787078217 0.00070708842832090948 -0.00062870818916337221 0.00079131167504169404 -3.5572142961412562e-05 0.00012776953743481086 -0.00040002228898696217 6.3392969690253447e-05 0.00029621473167290374 4.0346636199307899e-05 -0.0002986540823034307 0.00066851785580155894 0.00076388111899545661
leaf_weight=1231001.8848834038 3465452.7198061943 23037275.727386475 2358273.8994851112 2575634.6642743349 4800927.0356544256 5544192.5223397017 4064259.4249414206 10022916.754546762 55821432.99476254 3713755.8340479136 2163742.5098829269 8877481.5897564888 1037090.2977446318 3734960.511130929
leaf_count=1480 1936 10660 1464 2910 6736 6196 5436 10580 45709 4450 1274 10854 1334 8909
internal_value=-3.05586e-05 -0.00107253 0.00109185 0.000288172 0.000398588 0.0024147 0.000162925 -0.00160556 0.000497705 -0.00114307 0.00378429 -0.000575523 -0.0016675 0.00090708
internal_weight=1.32448e+08 3.10247e+07 7.98747e+06 1.01424e+08 9.8848e+07 1.03451e+07 8.85029e+07 1.40872e+07 7.44157e+07 1.48593e+07 4.52202e+06 1.36283e+07 9.91457e+06 5.95564e+07
internal_count=119928 15334 4674 104594 101684 12932 88752 16016 72736 18118 2738 16638 12188 54618
cat_boundaries=0 1 2 3 4
cat_threshold=321 356 305 257
is_linear=0
shrinkage=0.03


Tree=149
num_leaves=15
num_cat=4
split_feature=13 2 16 0 10 13 0 12 0 12 12 0 10 12
split_gain=35901.5 93006.2 136307 40760.7 37075.1 58449.6 54706.4 46396.1 164899 118643 84505 76525.5 126678 68714.5
threshold=1.1860754665335995 4.5000000000000009 0.059909238958973939 0 0.85635765199566871 0.87710951479302091 1 1.0051336041564809 2 0.99983254367729579 0.98244423354187715 3 0.99583216397804264 0.96636452254130412
decision_type=2 2 2 1 2 2 1 2 1 2 2 1 2 2
left_child=4 2 -2 -3 5 6 -1 8 10 -10 13 12 -9 -6
right_child=1 3 -4 -5 7 -7 -8 11 9 -11 -12 -13 -14 -15
leaf_value=-0.00040968836845236 0.00082226647920667639 0.0022644313376290813 -0.00071791916081955019 0.00092142854485147564 -0.00016042698014503469 -0.0004321698023570495 0.00027141292896328706 -0.00064365596801583289 0.0001723984389647322 0.00082910981009702968 -0.00017292106041829665 -9.2373983184392683e-05 0.00019865046487846052 0.0002984147241188481
leaf_weight=2402448.25154531 2520465.349167347 922338.26704716682 2449093.2525939941 910797.16373276711 2933789.2578995228 4574209.4885442257 3617141.6388884783 3458629.7225587368 9829079.5094970465 5867501.152287364 15709951.62852037 46580581.606823325 26482680.599850893 3858990.0236852169
leaf_count=2214 7684 1440 1972 3289 2237 4283 3312 3185 9724 5620 8948 35374 28418 2202
internal_value=4.44436e-05 0.002167 3.6526e-05 0.00794261 -7.07787e-05 -0.00176885 0.000173647 8.6028e-05 0.000939924 0.00329995 -0.000706293 -0.000340232 0.000843078 0.00208952
internal_weight=1.32118e+08 6.80269e+06 4.96956e+06 1.83314e+06 1.25315e+08 1.05938e+07 6.01959e+06 1.14721e+08 3.81993e+07 1.56966e+07 2.25027e+07 7.65219e+07 2.99413e+07 6.79278e+06
internal_count=119902 14385 9656 4729 105517 9809 5526 95708 28731 15344 13387 66977 31603 4439
cat_boundaries=0 1 2 3 4
cat_threshold=28 296 276 356
is_linear=0
shrinkage=0.03


Tree=150
num_leaves=15
num_cat=1
split_feature=10 14 0 16 14 14 16 9 16 1 11 9 1 1
split_gain=37181.1 37655.2 64973.9 66794.2 64452.6 46117.4 42338.4 97404.6 56790.7 84648.1 68874.9 51075.7 189394 136232
threshold=0.72565943610004047 1.0592675685713924 0 0.062783979611122129 1.1238625207980144 1.1141298339909882 0.030894146538012413 83.500000000000014 0.053380709878578576 13.500000000000002 0.98543013854132477 89.500000000000014 17.500000000000004 8.5000000000000018
decision_type=2 2 1 2 2 2 2 2 2 2 2 2 2 2
left_child=-1 6 5 -4 -5 -3 7 -2 9 -8 -11 12 13 -10
right_child=1 2 3 4 -6 -7 8 -9 11 10 -12 -13 -14 -15
leaf_value=-0.00052766810489596975 -0.0012852107225028546 0.00016322795346952813 0.00042046399805181664 2.4049590302535964e-05 -0.0015069726574474859 0.0031970342582600835 0.00045635441190237626 -0.00012870516608236974 -0.00022548029396105021 0.00089610157768457363 -0.00031359866807447839 -3.8832254308535083e-05 -0.00056617170036273783 0.00040632592399253599
leaf_weight=1536097.3010517359 1055366.3999367952 1102994.8683568239 6065685.6611088514 3636525.2983589172 1505370.0761758089 1126955.5509006977 8180882.0219862461 6472059.8881925344 2469699.5184326172 1132569.2981567383 4815484.3231682777 80413088.000732422 2733243.1672153473 10153534.679125786
leaf_count=1763 3617 1779 14402 2330 1546 3438 7265 22638 1141 1118 5015 45918 1530 6518
internal_value=0.000102731 0.000157199 0.00166154 0.000731024 -0.00178441 0.00633823 -1.49493e-05 -0.00219155 0.000134136 0.00190965 -0.000813605 -0.000127806 0.00145757 0.00300786
internal_weight=1.324e+08 1.30863e+08 1.34375e+07 1.12076e+07 5.1419e+06 2.22995e+06 1.17426e+08 7.52743e+06 1.09899e+08 1.41289e+07 5.94805e+06 9.57696e+07 1.53565e+07 1.26232e+07
internal_count=120018 118255 23495 18278 3876 5217 94760 26255 68505 13398 6133 55107 9189 7659
cat_boundaries=0 1
cat_threshold=48
is_linear=0
shrinkage=0.03


Tree=151
num_leaves=15
num_cat=3
split_feature=10 2 16 2 9 0 9 1 0 11 14 12 0 11
split_gain=36006.7 37497.7 32506.7 50653.4 97547.4 96554 81828.3 84132.1 79389 68035.5 65785.6 64231 71547.1 64223.4
threshold=1.2540893860992715 2.5000000000000004 0.084970864173512087 2.5000000000000004 74.500000000000014 0 71.500000000000014 14.500000000000002 1 1.1088402703233367 0.81146616402850247 1.0237498270125132 2 0.99985733322981363
decision_type=2 2 2 2 2 1 2 2 1 2 2 2 1 2
left_child=2 -2 3 6 5 -5 7 -1 -6 10 -8 12 -10 -12
right_child=1 -3 -4 4 8 -7 9 -9 11 -11 13 -13 -14 -15
leaf_value=0.00082893535069468384 -1.7114678511777531e-05 -0.0011004442308799138 -8.6591407157444965e-05 -0.000750090157645557 -0.00040067350009405307 0.00011416711217872319 -0.002545036036360838 -8.9247922676586347e-05 0.00013557759807180389 0.00025103208250205547 5.9970787000962178e-05 1.8140010737292307e-05 0.0003951379273990169 -0.00015801266747091195
leaf_weight=1656903.0278298855 1606031.2600643635 1552302.2309128046 21072238.898112655 2185478.6845407486 4424277.0977606773 2150939.1191167831 1787648.0931409597 1385645.9677715302 13528709.067911506 6364267.0217833519 14166003.262308121 17971344.691182852 13941571.458368778 27386038.302375078
leaf_count=1487 1350 1675 10338 1549 6378 2964 2559 1118 12709 6844 11791 20914 15807 21813
internal_value=-4.42008e-05 -0.0032086 3.38664e-05 0.000246061 0.00089012 -0.00342563 -0.000415774 0.0043601 0.00126542 -0.000708122 -0.00113345 0.00163893 0.0025512 -0.000891019
internal_weight=1.31179e+08 3.15833e+06 1.28021e+08 1.06949e+08 5.42023e+07 4.33642e+06 5.27465e+07 3.04255e+06 4.98659e+07 4.9704e+07 4.33397e+07 4.54416e+07 2.74703e+07 4.1552e+07
internal_count=119296 3025 116271 105933 60321 4513 45612 2605 55808 43007 36163 49430 28516 33604
cat_boundaries=0 1 2 3
cat_threshold=21 256 13
is_linear=0
shrinkage=0.03


Tree=152
num_leaves=15
num_cat=4
split_feature=14 0 16 12 1 0 12 0 9 12 10 0 9 12
split_gain=38891.9 63706.2 61786.2 50199.9 83792.4 68603.9 64646.4 143004 82746.4 78718.7 80850 103745 98378.1 99193
threshold=1.0574666454817534 0 0.06641745348188037 0.98244423354187715 18.500000000000004 1 0.99523338337776046 2 89.500000000000014 1.0018254659386108 1.0120802147637469 3 74.500000000000014 1.0122423620091374
decision_type=2 1 2 2 2 1 2 1 2 2 2 1 2 2
left_child=3 -2 -3 4 -1 -6 7 -5 -9 -8 11 -11 -12 -14
right_child=1 2 -4 6 5 -7 9 8 -10 10 12 -13 13 -15
leaf_value=5.5943389742586223e-05 0.0010869451545940845 0.00033569101966932926 -0.0003086191547593446 -0.0014325306575814871 0.0012495447002260438 0.00019362395051148099 0.00022408376570001024 0.00011039070802825401 -0.0007182092295280277 9.3080101408424718e-05 -0.00023550927459155472 -0.00041506799172034086 0.00030815798646104949 -1.296120709007823e-05
leaf_weight=14370802.561683178 2306057.1188358068 7418563.1949667931 4436171.3975493908 1693307.5729660988 1225358.5436611176 1033028.4250340462 9070324.0710425377 1904282.3405698538 5444940.7066181898 6410264.7261682749 6151549.055398941 11216968.859320641 9757605.1368845701 49940576.211730123
leaf_count=10141 5209 15748 3336 2292 1188 1515 6564 1333 3517 5678 5090 7794 7472 43082
internal_value=5.18191e-05 0.00153755 0.000650068 -0.000126148 0.00140184 0.00677375 -0.000376263 -0.00279732 -0.00460823 -0.000139708 -0.000428116 -0.00223264 5.49353e-05 0.00042716
internal_weight=1.3238e+08 1.41608e+07 1.18547e+07 1.18219e+08 1.66292e+07 2.25839e+06 1.0159e+08 9.04253e+06 7.34922e+06 9.25473e+07 8.3477e+07 1.76272e+07 6.58497e+07 5.96982e+07
internal_count=119959 24293 19084 95666 12844 2703 82822 7142 4850 75680 69116 13472 55644 50554
cat_boundaries=0 1 2 3 4
cat_threshold=48 89 129 43
is_linear=0
shrinkage=0.03


Tree=153
num_leaves=15
num_cat=0
split_feature=12 11 11 10 11 12 1 9 12 12 11 11 16 3
split_gain=33068.3 159514 151998 128934 114727 89088.4 87035.1 107996 106708 104877 88276.7 138201 78904 66546.4
threshold=1.0051336041564809 1.0141369090599361 1.0274286010340197 1.0169331504814727 1.0221330673894578 1.0059837287205067 17.500000000000004 88.500000000000014 1.0215739068061271 1.05637138242092 1.022573638648314 1.0270319883738244 0.06641745348188037 1.5000000000000002
decision_type=2 2 2 2 2 2 2 2 2 2 2 2 2 2
left_child=2 3 4 5 -1 -2 10 -8 -9 -10 -3 -12 -4 -7
right_child=1 6 12 -5 -6 13 7 8 9 -11 11 -13 -14 -15
leaf_value=9.2281125918622175e-05 -0.0016961783045339079 0.00034473686188123988 -4.6974779610299848e-05 -0.0018262922111775884 0.00059855799165412047 -2.9712707795196262e-05 -0.00070482368161052696 0.00047182065531123439 -0.00055423607562782946 0.00012228067001301626 -0.00056422787420058729 8.0016821443822835e-05 -0.00083947830900994301 -0.00096157575537827999
leaf_weight=39837626.184790254 1163629.0663907528 6825372.8391566277 3349144.5182981491 1691056.4449830055 2097186.4537783861 9718177.2990006208 2979738.6433217525 3647140.8903954029 4863018.6920948029 4502014.7402945757 2206079.5463360548 43213140.977826118 3326660.1815185547 2884200.4648685455
leaf_count=34011 506 4946 4368 1782 1389 7305 3420 4338 4825 5821 1501 39664 2038 4185
internal_value=-1.71838e-05 -0.000378644 0.000605147 -0.00313046 0.00127447 -0.00217014 0.000244703 -0.00169186 -0.00051211 -0.00220748 0.000837478 0.000359435 -0.00359931 -0.00143679
internal_weight=1.32304e+08 8.36936e+07 4.86106e+07 1.54571e+07 4.19348e+07 1.3766e+07 6.82365e+07 1.59919e+07 1.30122e+07 9.36503e+06 5.22446e+07 4.54192e+07 6.6758e+06 1.26024e+07
internal_count=120099 78293 41806 13778 35400 11996 64515 18404 14984 10646 46111 41165 6406 11490
is_linear=0
shrinkage=0.03


Tree=154
num_leaves=15
num_cat=2
split_feature=14 3 12 2 11 12 14 0 0 11 9 9 1 2
split_gain=41142.6 49891.4 91785.8 73422.4 66771 56334.9 69645.8 62104.9 57841.6 54711.5 51896 79545.8 56353.7 50847.2
threshold=0.99308575721099357 1.0000000180025095e-35 1.1399017412380001 2.5000000000000004 1.1088402703233367 1.0333425717838167 0.80066380668717885 0 1 1.0519185774417348 74.500000000000014 89.500000000000014 10.500000000000002 4.5000000000000009
decision_type=2 2 2 2 2 2 2 1 1 2 2 2 2 2
left_child=1 3 10 4 5 6 7 -1 -7 -5 -3 -12 13 -13
right_child=-2 2 -4 9 -6 8 -8 -9 -10 -11 11 12 -14 -15
leaf_value=-0.00011293905735489243 5.7134352656408496e-05 -0.00089351762742089337 -0.0015229651516164031 0.00032427584295676972 0.00023922399237222286 1.8254897011872751e-05 -1.3341049797431522e-05 -0.001078228669387588 -0.00057895071945297382 -3.7038702340546961e-05 0.00051764941030173239 -0.00012170520926675868 -0.00029478243605997773 0.00053281635576737073
leaf_weight=918567.22919011116 56341121.738016009 1449127.6989057064 1017805.3933579922 6757478.2466942072 6454709.5913519859 1635969.0775390863 27603864.653720737 1049919.9009121656 2652298.2664533854 4156107.5690068007 1890751.5961425304 2959769.1924812794 14869151.880173206 2197749.4910229445
leaf_count=1298 56344 1830 1089 4638 5817 2188 18190 1090 1517 3371 2009 2821 12834 4719
internal_value=1.32426e-05 -0.000444023 -0.00156098 8.76356e-05 -0.000503281 -0.00103634 -0.000570362 -0.00602222 -0.00424973 0.00227051 -0.00117684 -0.000813305 -0.00136863 0.00133346
internal_weight=1.31954e+08 7.56133e+07 2.43844e+07 5.12289e+07 4.03153e+07 3.38606e+07 2.95724e+07 1.96849e+06 4.28827e+06 1.09136e+07 2.33665e+07 2.19174e+07 2.00267e+07 5.15752e+06
internal_count=119755 63411 25302 38109 30100 24283 20578 2388 3705 8009 24213 22383 20374 7540
cat_boundaries=0 1 2
cat_threshold=213 482
is_linear=0
shrinkage=0.03


Tree=155
num_leaves=15
num_cat=4
split_feature=10 11 13 0 16 13 10 0 12 11 11 0 11 0
split_gain=32152.7 32976.2 29327.1 75188.8 67046.1 76144.4 31931.3 56478.8 38090.2 183031 127389 181417 157636 122339
threshold=0.72565943610004047 1.1902710751006842 1.1916736199267965 0 0.059670204921532327 1.3422589265392804 1.1413265287497878 1 1.0051336041564809 1.0274286010340197 1.0141369090599361 2 1.0346667605123312 3
decision_type=2 2 2 1 2 2 2 1 2 2 2 1 2 1
left_child=-1 2 6 -4 -5 -6 8 -8 9 -2 13 12 -12 -10
right_child=1 -3 3 4 5 -7 7 -9 10 -11 11 -13 -14 -15
leaf_value=-0.00047414314570907513 0.00012959730559284052 -0.001958929132198466 0.0039647664519406314 0.00088335103739978487 0.00033919416864482138 -0.0012915787133858639 -0.00023129122101821575 0.00034242800618161315 0.00017175192569270285 -0.00064636142637266886 -0.0022021415114940454 7.6526806838908001e-05 -0.00020880845759523693 -0.00057702056209920087
leaf_weight=1525223.9657020569 38877413.396936536 3700113.3963500261 648761.85123825073 2806739.3082748652 1673251.6659393311 1165888.2840614319 2938973.5803884268 8690776.6878249645 3790456.6620737314 5634748.8482590914 1843322.4056055546 41315752.490685105 6756291.3184691668 10657492.590781093
leaf_count=1742 30135 3887 1173 9612 1494 1245 4230 8142 3549 4635 1266 34619 5753 8250
internal_value=6.48362e-05 0.000115449 0.000196913 0.00219316 0.00108169 -0.0021688 9.26385e-05 0.00158683 -6.69666e-05 0.000607783 -0.000533607 0.000184441 -0.00377981 -0.00301435
internal_weight=1.32025e+08 1.305e+08 1.268e+08 6.29464e+06 5.64588e+06 2.83914e+06 1.20505e+08 1.16298e+07 1.08875e+08 4.45122e+07 6.43633e+07 4.99154e+07 8.59961e+06 1.44479e+07
internal_count=119732 117990 114103 13524 12351 2739 100579 12372 88207 34770 53437 41638 7019 11799
cat_boundaries=0 1 2 3 4
cat_threshold=16 168 136 136
is_linear=0
shrinkage=0.03


Tree=156
num_leaves=15
num_cat=4
split_feature=10 12 0 12 12 0 9 2 12 11 0 0 12 7
split_gain=26616.1 41573.7 137123 73480 54806.3 151112 102740 64009.2 56452.9 96633.1 287384 182783 132698 89611.5
threshold=0.72565943610004047 0.98244423354187715 0 0.96636452254130412 0.99523338337776046 1 73.500000000000014 1.5000000000000002 1.0018254659386108 1.0141369090599361 2 3 1.0097365641906493 1.0000000180025095e-35
decision_type=2 2 1 2 2 1 2 2 2 2 1 1 2 2
left_child=-1 2 -2 -4 5 -3 -7 -8 -6 10 12 -11 -10 -14
right_child=1 4 3 -5 8 6 7 -9 9 11 -12 -13 13 -15
leaf_value=-0.00044361951086705116 0.00037236863409320154 0.00085749723556526318 -0.00016876207945765615 0.00038127098617296611 0.00020117611498009572 0.00029945479543356553 -0.00019516135893486703 -0.0010082975851850738 0.0008761931708555265 0.00029530379317706782 -0.00053653269405473777 -6.4392698276528927e-05 0.0001209576329119359 -0.0015800137811986042
leaf_weight=1535337.5042338371 3602221.9289250374 2027155.1897207499 9312156.7316851616 3921173.651825428 9865855.9609787464 1703016.4894564152 2549117.0726876259 4346429.4236710072 3909274.8855674267 27450180.470597267 12567782.772131443 43345933.796588659 4250048.4176971912 1331687.9903934002
leaf_count=1721 2020 2971 9467 3204 7988 1160 1570 4064 3689 32133 9500 34350 3590 2115
internal_value=6.59069e-05 0.000112219 0.00150328 9.06936e-05 -9.43969e-05 -0.00214548 -0.00388256 -0.00551225 0.000117772 -0.000111473 -0.00184526 0.000428744 0.00209509 -0.000873568
internal_weight=1.31717e+08 1.30182e+08 1.68356e+07 1.32333e+07 1.13346e+08 1.06257e+07 8.59856e+06 6.89555e+06 1.02721e+08 9.28549e+07 2.20588e+07 7.07961e+07 9.49101e+06 5.58174e+06
internal_count=119542 117821 14691 12671 103130 9765 6794 5634 93365 85377 18894 66483 9394 5705
cat_boundaries=0 1 2 3 4
cat_threshold=80 129 139 356
is_linear=0
shrinkage=0.03


Tree=157
num_leaves=15
num_cat=0
split_feature=16 3 10 10 16 12 12 16 12 11 16 16 10 12
split_gain=34142 45048.1 36866.1 35655.8 45395.8 34380.9 47458 44136.1 38695.6 55398.4 39510.4 44432.2 34268.6 34138.9
threshold=0.087415563134378219 1.0000000180025095e-35 1.0804981498706023 1.2540893860992715 0.065311385431554583 1.0762276900299448 1.0333425717838167 0.053960103680405928 1.0411366704732052 1.0778926805556452 0.049070504732675803 0.055837334735462339 1.0821230818239316 1.0321335269730831
decision_type=2 2 2 2 2 2 2 2 2 2 2 2 2 2
left_child=3 2 -2 5 -5 6 13 -7 9 -8 -10 -12 -13 -1
right_child=1 -3 -4 4 -6 7 8 -9 10 -11 11 12 -14 -15
leaf_value=4.0610433591249858e-05 -0.00011426366525062737 -0.00040678808875175399 0.00027375463864211101 -4.6000202864667288e-06 -0.0011479934338275621 0.00064737467729120298 -0.00022650735870155701 0.00011993279582555887 -0.00056642204621297455 -0.00086141111849398521 0.000495125726645803 -0.00021509911158107067 0.00021546686147079895 0.00041110931269692353
leaf_weight=82489972.177406073 10888501.69708252 3878915.3294323683 4015268.3411254883 1653761.9139766693 1062293.3135986328 2686990.3981654644 4274183.9065836668 7436570.8362451792 2030400.6476703882 1187308.612005949 1694226.2924351692 4555061.769744873 3329078.0572150946 1169669.5323678255
leaf_count=76613 3975 2929 1893 2134 677 5975 4489 5237 6411 1214 1376 2914 3098 1111
internal_value=8.47399e-05 -0.00110008 -0.000350552 0.000280691 -0.00311526 0.000363896 0.000196405 0.00203044 -0.00124516 -0.00332759 -0.000265457 0.000540346 -0.000406836 0.000490548
internal_weight=1.32352e+08 1.87827e+07 1.49038e+07 1.1357e+08 2.71606e+06 1.10853e+08 1.0073e+08 1.01236e+07 1.70703e+07 5.46149e+06 1.16088e+07 9.57837e+06 7.88414e+06 8.36596e+07
internal_count=120046 8797 5868 111249 2811 108438 97226 11212 19502 5703 13799 7388 6012 77724
is_linear=0
shrinkage=0.03


Tree=158
num_leaves=15
num_cat=0
split_feature=14 12 4 16 9 16 1 11 9 1 1 1 1 2
split_gain=27868.8 49327.9 99631.1 41299.9 87406.5 45379.9 68424.8 77323.7 49047.9 168792 116438 53412.7 79998.4 70459
threshold=1.0592675685713924 0.98366571989275564 1.0000000180025095e-35 0.030894146538012413 84.500000000000014 0.053380709878578576 13.500000000000002 0.97193150850967303 89.500000000000014 17.500000000000004 8.5000000000000018 9.5000000000000018 16.500000000000004 1.0000000180025095e-35
decision_type=2 2 2 2 2 2 2 2 2 2 2 2 2 2
left_child=3 2 -2 4 -1 6 -5 -8 9 10 -7 -10 13 -13
right_child=1 -3 -4 5 -6 8 7 -9 11 -11 -12 12 -14 -15
leaf_value=-0.0011395887710203012 0.00023091712083921439 0.00031723540559406861 -0.0034143359144892149 0.00041590080567074195 -0.00011597460405234589 -0.00020816396416059458 0.00091262553740022558 -0.00025366026555558849 7.8260181638617612e-05 -0.00048679572789059127 0.00036266629838506767 -0.00046839284111006065 4.4285963202206559e-05 -0.0001263836961960769
leaf_weight=1115975.6243811846 1361815.1317981482 11808345.62621069 541237.0111656189 8235030.0159261227 6469080.8366533518 2531939.161895752 989532.03842163086 5013571.0579731464 20211687.835357666 2811239.1481266022 10104403.891703606 6293126.2245788574 22785083.47833252 32097173.304199219
leaf_count=3815 3168 20112 755 7342 22824 1150 960 5179 9637 1571 6446 3747 12014 21230
internal_value=0.000137627 0.00141817 -0.00306408 -1.03453e-05 -0.00215211 0.000135914 0.0017173 -0.000718525 -9.6606e-05 0.00145315 0.00293228 -0.000390756 -0.000832508 -0.00166828
internal_weight=1.32369e+08 1.37114e+07 1.90305e+06 1.18658e+08 7.58506e+06 1.11073e+08 1.42381e+07 6.0031e+06 9.68347e+07 1.54476e+07 1.26363e+07 8.13871e+07 6.11754e+07 3.83903e+07
internal_count=119950 24035 3923 95915 26639 69276 13481 6139 55795 9167 7596 46628 36991 24977
is_linear=0
shrinkage=0.03


Tree=159
num_leaves=15
num_cat=4
split_feature=10 12 1 0 1 0 14 0 16 9 9 16 11 0
split_gain=31513.6 39287.3 121493 69749.3 75440.5 67875 48836.9 75273.8 56335.1 57209.7 52859 59840.2 47117.5 279134
threshold=0.72565943610004047 0.98244423354187715 18.500000000000004 0 11.500000000000002 1 1.0898738100051839 2 0.034724369560389469 84.500000000000014 84.500000000000014 0.060847490334298489 1.0141369090599361 3
decision_type=2 2 2 1 2 1 2 1 2 2 2 2 2 1
left_child=-1 2 3 -2 -5 -4 8 -8 9 -3 -9 -12 13 -10
right_child=1 6 5 4 -6 -7 7 10 12 -11 11 -13 -14 -15
leaf_value=-0.00043619436700957149 0.0002284077605957058 -0.00099916030302464012 0.00042471892952675904 0.00023040256863745371 -0.0003386748717633333 0.0014101552873124605 0.0015230529037068281 0.00098870857231252683 0.00030846805402663874 -0.00021109898608910209 0.00055454906930387069 -0.00074608195225361494 3.8951499865010095e-05 -0.00035829615915734678
leaf_weight=1541127.5380591154 3610469.0421690941 1244468.0286015272 1295037.3737325668 4583332.9228589535 6145515.8505859375 1327919.9216790199 1582758.0353044271 536372.06063508987 12839353.25579834 6805075.22669065 2293273.3598059416 2047766.2867226601 68326913.654717445 18003889.842214584
leaf_count=1728 2601 4058 1888 4985 3681 1610 2607 1406 9304 22297 8461 2079 44351 8877
internal_value=0.000168281 0.000218591 0.0015654 0.000479507 -0.000734253 0.00750181 1.7633e-05 0.00255083 -0.000134996 -0.00254867 0.000706083 -0.000391714 6.0919e-05 -0.000912361
internal_weight=1.32183e+08 1.30642e+08 1.69623e+07 1.43393e+07 1.07288e+07 2.62296e+06 1.1368e+08 6.46017e+06 1.0722e+08 8.04954e+06 4.87741e+06 4.34104e+06 9.91702e+07 3.08432e+07
internal_count=119933 118205 14765 11267 8666 3498 103440 14553 88887 26355 11946 10540 62532 18181
cat_boundaries=0 1 2 3 4
cat_threshold=208 390 20 139
is_linear=0
shrinkage=0.03


Tree=160
num_leaves=15
num_cat=2
split_feature=2 11 3 5 11 9 0 11 1 12 12 12 2 0
split_gain=33247.1 50466.5 47839.6 114618 112682 92498.1 90865.8 175409 95627.1 83282.7 114826 103936 127390 112113
threshold=1.0000000180025095e-35 0.78683299918466465 1.0000000180025095e-35 1.0000000180025095e-35 0.99272723637215787 67.500000000000014 0 1.0128747137800109 10.500000000000002 0.99523338337776046 0.99089825308228641 1.0185072359810103 4.5000000000000009 1
decision_type=2 2 2 2 2 2 1 2 2 2 2 2 2 1
left_child=-1 -2 4 5 -3 -4 7 -6 -9 10 -7 12 13 -11
right_child=1 2 3 -5 6 9 -8 8 -10 11 -12 -13 -14 -15
leaf_value=-9.2022822733162801e-05 0.0006074549712875041 0.00030932940777593011 -0.0009070870160111889 0.0011550959702171042 -0.00079349984162254024 -0.00028698269336326277 -9.1742432713400623e-05 -7.5488156719650637e-05 0.00045590805922628516 -0.00081227851351053644 -0.0026153270614232564 -0.00015081655533486201 0.00051527470742672974 0.00011933890848837353
leaf_weight=22487232.081389189 1712494.5319384336 13966429.299767375 1305312.7775266171 1007063.1801941395 3256899.0271103382 8276125.9609199762 25910242.729022861 6602176.1263488531 13763925.017924309 2155519.1352512836 1002020.1163676977 19048477.624836683 7910072.1186416149 4239429.5553138256
leaf_count=17692 2031 10627 1311 749 2816 9756 16877 7227 11762 1716 1047 23473 9983 3100
internal_value=2.59431e-05 0.000240538 0.000159846 -0.000589121 0.000689952 -0.000818485 1.88989e-05 0.00136458 0.00239836 -0.000577625 -0.00309167 0.000121722 0.00205422 -0.00109437
internal_weight=1.32643e+08 1.10156e+08 1.08444e+08 4.4944e+07 6.34997e+07 4.3937e+07 4.95332e+07 2.3623e+07 2.03661e+07 4.26316e+07 9.27815e+06 3.33535e+07 1.4305e+07 6.39495e+06
internal_count=120167 102475 100444 51135 49309 50386 38682 21805 18989 49075 10803 38272 14799 4816
cat_boundaries=0 1 2
cat_threshold=358 261
is_linear=0
shrinkage=0.03


Tree=161
num_leaves=15
num_cat=0
split_feature=10 11 12 3 12 10 10 10 13 3 10 14 3 11
split_gain=36957.7 66358.5 63113.2 62057.7 50079.4 41804.3 114735 72609.2 54037.2 59127.6 51864.2 52180.9 69286.2 59984.1
threshold=0.79976984507662452 0.9124081244535126 0.91201871032151005 1.5000000000000002 0.94549931222377859 1.0375161902555876 1.0361774965034085 1.0428102923176461 0.79137049295665907 1.5000000000000002 1.0299409605171272 0.91867092195472144 1.5000000000000002 0.98543013854132477
decision_type=2 2 2 2 2 2 2 2 2 2 2 2 2 2
left_child=2 3 -1 -2 -4 6 10 -7 9 -9 11 12 13 -3
right_child=1 5 4 -5 -6 7 -8 8 -10 -11 -12 -13 -14 -15
leaf_value=0.00029810961491259986 0.00012171495076394975 0.00016953223857278248 -0.0012668901056684691 0.0011304217597998094 -0.00025521453650317915 0.00030436513607600009 -0.0011747070781136584 -9.1469565075988105e-05 4.2292727651744761e-05 -0.0052199596801833061 0.00017799614068399845 -2.3559056029177353e-05 -0.0015501979413299822 -0.00054616431249425565
leaf_weight=1462562.7843877077 4973752.2048318386 1583820.053837657 1234426.6442632675 1269872.6081110239 2981260.6242738962 6642839.705347538 1998185.7039836645 1499375.1704776287 52524490.892587662 645367.68213367462 5652171.2307877541 45645943.884281039 1219496.1528164148 2451393.5086084604
leaf_count=1681 3455 1321 1580 1513 3054 5039 1554 3287 48947 1834 4400 37343 1883 2842
internal_value=0.000111794 0.000218399 -0.00225577 0.00323366 -0.00411871 6.13349e-05 -0.000511982 0.000608834 0.00024896 -0.00441859 -0.000262355 -0.000565097 -0.00339611 -0.00150234
internal_weight=1.31785e+08 1.26107e+08 5.67825e+06 6.24362e+06 4.21569e+06 1.19863e+08 5.8551e+07 6.13121e+07 5.46692e+07 2.14474e+06 5.65528e+07 5.09007e+07 5.25471e+06 4.03521e+06
internal_count=119733 113418 6315 4968 4634 108450 49343 59107 54068 5121 47789 43389 6046 4163
is_linear=0
shrinkage=0.03


Tree=162
num_leaves=15
num_cat=0
split_feature=12 11 11 10 10 11 1 9 12 12 11 11 10 10
split_gain=28888.1 134099 132034 110823 83676.7 86508.1 80657.3 99456.9 90239.1 108550 84722.3 118591 70904.4 73917.2
threshold=1.0051336041564809 1.0141369090599361 1.0299326936213087 1.0169331504814727 0.83817355033030538 0.78683299918466465 17.500000000000004 88.500000000000014 1.0215739068061271 1.0557143713395758 1.0217613179853879 1.0311932712351803 1.0252958866243655 1.0434611972545575
decision_type=2 2 2 2 2 2 2 2 2 2 2 2 2 2
left_child=2 3 4 -2 5 -1 10 -8 -9 -10 -3 12 -12 -14
right_child=1 6 -4 -5 -6 -7 7 8 9 -11 11 -13 13 -15
leaf_value=0.00030184354689274126 -0.00023087619124593822 0.00033031840949166753 -0.00042978179303374719 -0.0017281424553381463 0.00017367905300367528 -0.00047734787343954376 -0.00063092986423886528 0.00043823901154107684 -0.00060606670380704329 0.00019563432369936861 0.00026324179943519003 9.0533974245643735e-05 -0.00069948931563994872 3.0405524618860236e-05
leaf_weight=2064174.8327174187 13590005.825995803 6236774.0619817972 6114203.545340538 1676829.5539363623 35777110.111907125 4330438.7716261148 3036122.9065535069 3686583.16852355 4668956.220313549 4682921.392718792 1283426.0205944777 40096315.667392015 3369107.9918601513 1466560.2120145559
leaf_count=2387 11903 4378 5946 1748 28578 4679 3479 4343 4703 5946 1160 37125 2518 1178
internal_value=5.83818e-05 -0.000278415 0.000642846 -0.00282105 0.00124018 -0.00192071 0.00028805 -0.00157114 -0.000432429 -0.00199943 0.000857822 0.000414903 -0.00347522 -0.0051389
internal_weight=1.3208e+08 8.37936e+07 4.82859e+07 1.52668e+07 4.21717e+07 6.39461e+06 6.85268e+07 1.60746e+07 1.30385e+07 9.35188e+06 5.24522e+07 4.62154e+07 6.11909e+06 4.83567e+06
internal_count=120071 78481 41590 13651 35644 7066 64830 18471 14992 10649 46359 41981 4856 3696
is_linear=0
shrinkage=0.03


Tree=163
num_leaves=15
num_cat=3
split_feature=14 5 12 3 9 2 11 0 0 12 11 1 0 10
split_gain=29486.5 57001.1 44356.8 37752.1 101328 78461.3 80654.1 79284 75159.6 99561.6 79091.1 75398.7 71245.3 86784.8
threshold=1.0051720084524249 1.0000000180025095e-35 1.165234938327268 1.0000000180025095e-35 68.500000000000014 1.5000000000000002 1.1360154568496554 0 1 1.0075532020675959 1.0427239847918768 10.500000000000002 2 1.0894429618428247
decision_type=2 2 2 2 2 2 2 1 1 2 2 2 1 2
left_child=1 2 3 5 -5 8 12 -8 11 -10 -11 -1 -7 -14
right_child=-2 -3 -4 4 -6 6 7 -9 9 10 -12 -13 13 -15
leaf_value=0.00024920132723916388 6.4781092938732301e-05 -0.001025386833507682 -0.00084378652612155107 -0.0010402938476155022 -6.8981722782435027e-05 0.00035338337117312492 0.00084204297666300957 0.0001631328160839586 9.8893791825023942e-05 -0.00075211685882795953 -0.00021437352984385107 -2.8655652443647373e-05 3.6405746185458781e-05 -0.00044693924472549354
leaf_weight=4439252.8014502525 44842251.14228189 1434011.8856611252 1499464.5458811522 1121941.5786950588 26429607.823300362 8019129.9946203232 1452764.3289737701 1449939.11657691 5945643.4294823408 4484372.0280066729 5391599.5234143734 10824857.408744812 12710454.301584482 2022127.9318937063
leaf_count=3687 48343 889 1385 1290 26555 7696 912 1612 4539 3172 5107 6672 6606 1275
internal_value=6.82954e-07 -0.000320726 -0.000221575 -0.000130593 -0.00104171 0.00031182 0.00153983 0.00624916 -0.000701635 -0.00215055 -0.00399706 0.000800202 0.000939008 -0.000299551
internal_weight=1.32067e+08 8.72252e+07 8.57912e+07 8.42917e+07 2.75515e+07 5.67401e+07 2.56544e+07 2.9027e+06 3.10857e+07 1.58216e+07 9.87597e+06 1.52641e+07 2.27517e+07 1.47326e+07
internal_count=119740 71397 70508 69123 27845 41278 18101 2524 23177 12818 8279 10359 15577 7881
cat_boundaries=0 1 2 3
cat_threshold=27 337 230
is_linear=0
shrinkage=0.03


Tree=164
num_leaves=15
num_cat=1
split_feature=10 10 10 16 1 9 2 3 9 12 1 3 0 12
split_gain=32131 101255 86007.3 54586.3 61297 128704 63243.3 58286.6 57551.7 97702.2 72506.3 63786 60054.8 57882.8
threshold=1.0389604186223813 1.0361774965034085 1.0428102923176461 0.055837334735462339 9.5000000000000018 82.500000000000014 1.5000000000000002 1.0000000180025095e-35 89.500000000000014 1.0185072359810103 16.500000000000004 1.5000000000000002 0 0.99850866959735451
decision_type=2 2 2 2 2 2 2 2 2 2 2 2 1 2
left_child=1 3 -2 4 5 -1 -6 -8 10 13 -5 12 -11 -10
right_child=2 -3 -4 8 6 -7 7 -9 9 11 -12 -13 -14 -15
leaf_value=-0.0013669082603631403 0.00035284864034544275 -0.00087459494830123856 1.9718606435696527e-05 0.00024952427051959137 -1.9310473473929391e-05 2.0642296612740049e-05 0.00069748556211604888 0.00013339948092891773 -0.00023119552969003441 8.8338243610826993e-05 -0.00015457235513385517 -0.0018512296072341471 -0.00048663737091498541 5.9688976592485064e-05
leaf_weight=683699.82307589054 5432271.2614691257 3119281.1780378819 55021373.817028284 6641397.0052690506 6075340.3311419487 3373971.220143795 5761317.4477334023 4229893.3798716068 13897104.688079834 2126733.9987487793 3103871.7829847336 1798937.4950866699 3296083.0692749023 17485174.029937744
leaf_count=1993 3906 2666 54371 3395 5574 12173 5180 6395 8695 1202 1378 1890 2013 8985
internal_value=8.07313e-05 -0.000349296 0.000589996 -0.000108494 0.00120442 -0.00209019 0.00203649 0.00350421 -0.000654963 -0.001175 0.00140507 -0.00432114 -0.00269724 -0.000451006
internal_weight=1.32046e+08 7.15928e+07 6.04536e+07 6.84735e+07 2.01242e+07 4.05767e+06 1.60666e+07 9.99121e+06 4.83493e+07 3.8604e+07 9.74527e+06 7.22175e+06 5.42282e+06 3.13823e+07
internal_count=119816 61539 58277 58873 31315 14166 17149 11575 27558 22785 4773 5105 3215 17680
cat_boundaries=0 1
cat_threshold=57
is_linear=0
shrinkage=0.03


Tree=165
num_leaves=15
num_cat=3
split_feature=12 11 16 0 0 11 0 11 3 5 14 9 11 11
split_gain=30282 37988.8 116761 49270.1 39701.5 38765.6 36877.8 55638.4 30369.4 123274 104228 116457 127537 97789.2
threshold=0.93483684010591095 0.90644793995258399 0.051942812090352376 0 1 0.92084674428756708 2 0.77380315183205817 1.0000000180025095e-35 1.0000000180025095e-35 0.83304713396108399 68.500000000000014 1.0010768912057286 0.99272723637215787
decision_type=2 2 2 1 1 2 1 2 2 2 2 2 2 2
left_child=6 2 3 -2 -4 -3 7 -1 13 10 -10 -12 -13 -7
right_child=1 5 4 -5 -6 8 -8 -9 9 -11 11 12 -14 -15
leaf_value=0.00057333545661640984 0.0028936580960681273 -0.00061658999347779218 0.00025999650235675664 0.0007560246659486312 -0.00021325283074585634 0.00027919259933104355 -0.00078239139330177321 -0.00036805156368457617 -0.00097595200391969832 0.0011126818131657423 -0.00081078160369936535 -0.00047883309037772534 0.00011483221533050729 -1.2462518146120931e-06
leaf_weight=1036611.7727979422 474130.26638424397 1120814.7498376369 3209542.2367553711 787339.69461858273 2753005.4958496094 12735685.902698994 1577029.467194438 1815273.5660011768 2712984.2713942528 989187.53972291946 1891544.1837229729 8224204.7172503471 26893345.11949265 65785232.667251468
leaf_count=1344 824 1114 1498 2037 1855 9620 1622 1997 3642 766 1961 9481 30572 51530
internal_value=9.70974e-05 0.000181758 0.00229477 0.0105867 0.000540474 5.49271e-05 -0.00234158 -0.000305892 0.000107129 -0.000557804 -0.000818313 -0.000402243 -1.16758e-05 0.000451881
internal_weight=1.32006e+08 1.27577e+08 7.22402e+06 1.26147e+06 5.96255e+06 1.20353e+08 4.42891e+06 2.85189e+06 1.19232e+08 4.07113e+07 3.97221e+07 3.70091e+07 3.51175e+07 7.85209e+07
internal_count=119863 114900 6214 2861 3353 108686 4963 3341 107572 46422 45656 42014 40053 61150
cat_boundaries=0 1 2 3
cat_threshold=24 276 194
is_linear=0
shrinkage=0.03


Tree=166
num_leaves=15
num_cat=1
split_feature=5 3 9 16 2 1 10 0 9 16 12 10 9 12
split_gain=30921.3 57349.8 103243 80613.2 73306.1 94453.9 63502.4 60734.1 95940.9 106535 96943.1 192379 82857.8 72616.3
threshold=1.0000000180025095e-35 1.0000000180025095e-35 67.500000000000014 0.087415563134378219 2.5000000000000004 8.5000000000000018 1.2540893860992715 0 89.500000000000014 0.06641745348188037 0.97676308171397053 0.84111886285238691 80.500000000000014 0.9931501175091878
decision_type=2 2 2 2 2 2 2 1 2 2 2 2 2 2
left_child=1 4 -3 6 -1 -6 7 8 9 -4 11 -10 -9 -14
right_child=-2 2 3 -5 5 -7 -8 12 10 -11 -12 -13 13 -15
leaf_value=7.2189710577273228e-06 -0.00058558597870877083 -0.00092914173216816277 6.342490189402553e-06 -0.0005087617059616826 -0.00012030549374319259 0.00035035295038828446 -0.0014703326683792165 -0.0009352523989945772 -0.00046853767627694161 0.0011620987742011577 -4.3778811382866385e-05 0.0022783417975752013 -0.00051572584568692042 7.9698727314132852e-05
leaf_weight=65543608.913533926 2007751.6790020466 1368135.7939107418 1413538.1122094393 3696203.5980991125 4095809.7967841625 16224908.277469158 957647.23872458935 1409898.7554641962 760273.60818147659 1557779.252166748 14555062.009000778 741619.40574121475 5041341.9309812784 12994548.615953207
leaf_count=51283 1497 1366 2469 2813 4643 11314 1181 1553 1360 1148 18202 954 5950 14380
internal_value=4.64107e-05 0.000103314 -0.000770783 -0.000513402 0.000556284 0.00213056 -0.000116302 7.36367e-05 0.00127858 0.00623058 0.000362219 0.00761886 -0.00110544 -0.000557915
internal_weight=1.32368e+08 1.3036e+08 4.4496e+07 4.31279e+07 8.58643e+07 2.03207e+07 3.94317e+07 3.84741e+07 1.90283e+07 2.97132e+06 1.6057e+07 1.50189e+06 1.94458e+07 1.80359e+07
internal_count=120113 118616 51376 50010 67240 15957 47197 46016 24133 3617 20516 2314 21883 20330
cat_boundaries=0 1
cat_threshold=179
is_linear=0
shrinkage=0.03


Tree=167
num_leaves=15
num_cat=5
split_feature=11 12 0 16 12 12 11 0 0 1 0 10 14 0
split_gain=24331.8 28889.3 116648 78280.4 43743.9 41326.7 65964.8 46036.9 33884.6 35332.2 32036.2 43570 44253.8 32689.9
threshold=1.1818563742125845 1.0671690946621852 0 0.071071132527627645 1.0336496147759966 1.0411366704732052 1.084649342795361 1 2 14.500000000000002 3 1.1537366032060119 1.0015234374374167 4
decision_type=2 2 1 2 2 2 2 1 1 2 1 2 2 1
left_child=1 4 3 -3 -1 6 8 -7 -6 -10 11 13 -13 -4
right_child=-2 2 10 -5 5 7 -8 -9 9 -11 -12 12 -14 -15
leaf_value=3.1559901525873797e-05 -0.00023745377738714177 6.3804047482571519e-05 0.0010077278756033977 -0.00070701093150045045 7.6897148127434749e-05 0.00012753699487190093 -0.00085490631858912774 -0.00031653426792347213 -9.5110318982492251e-05 -0.0010561898786067821 0.00022077278867529233 0.0006550754200615723 0.0026317103278325205 -0.00012032205176580551
leaf_weight=97939351.409289002 5529234.2499288321 2315375.3514060974 1625201.8341480494 1642686.4809265137 2229196.0368350744 5846092.8910425901 1322247.19678545 5435826.1807590723 1045454.1868000031 899593.08756542206 4170771.182919383 590139.83601522446 711988.77623689175 1136216.5523046255
leaf_count=84151 5805 2381 2391 833 2130 6859 1264 4711 1329 1018 3606 979 1249 1376
internal_value=0.000156525 0.000241401 0.0016298 -0.00260262 9.38401e-05 -0.00132152 -0.00345462 -0.000282292 -0.00160491 -0.00449852 0.00366422 0.00555999 0.0100838 0.00342684
internal_weight=1.32439e+08 1.2691e+08 1.21924e+07 3.95806e+06 1.14718e+08 1.67784e+07 5.49649e+06 1.12819e+07 4.17424e+06 1.94505e+06 8.23432e+06 4.06355e+06 1.30213e+06 2.76142e+06
internal_count=120082 114277 12815 3214 101462 17311 5741 11570 4477 2347 9601 5995 2228 3767
cat_boundaries=0 1 2 3 4 5
cat_threshold=152 369 136 352 288
is_linear=0
shrinkage=0.03


Tree=168
num_leaves=15
num_cat=2
split_feature=13 3 12 11 2 12 12 0 1 12 1 14 0 3
split_gain=29605.5 61835.3 26697.6 24568.1 54001.5 47952 31379.3 141354 63723.9 60371.3 42645 39029.6 69558.3 64290
threshold=0.32622127426299957 1.5000000000000002 1.1713962242554434 0.78683299918466465 2.5000000000000004 0.91874762502524698 0.98244423354187715 0 18.500000000000004 0.96636452254130412 12.500000000000002 1.0871137573723284 1 2.5000000000000004
decision_type=2 2 2 2 2 2 2 1 2 2 2 2 1 2
left_child=1 -1 3 4 -2 -5 7 -7 9 -9 -11 -8 13 -13
right_child=2 -3 -4 5 -6 6 11 8 -10 10 -12 12 -14 -15
leaf_value=7.2985063979689934e-05 -0.00014311931510187169 -0.023111189116070182 -0.00054700368460305004 -0.00062687189960178714 0.0013557587108201442 0.00035222003632027582 -7.9865591855038732e-06 -0.00034171472658432657 0.00092101590716558643 0.00043218544273322348 -0.00025869664613356423 0.00037894477330152973 9.0783404118664044e-05 0.0038000070720902151
leaf_weight=816140.53439462185 987796.80659306049 422618.35430276394 1666571.895731926 1594039.3125567436 881168.64304280281 3060129.8807660341 105206994.8883549 5611817.6141165495 1700142.3669281006 1852917.8168652058 1869175.9698791504 876937.2976539135 5040409.202270031 737311.26584756374
leaf_count=1921 940 1259 1631 1644 1250 1553 85644 4997 2469 1645 1011 1395 11667 1095
internal_value=0.000126339 -0.00448972 0.000169961 0.000218545 0.0036332 0.000168511 0.000233948 0.00156794 -1.42495e-05 -0.000987256 0.00197527 6.58695e-05 0.00229398 0.00771373
internal_weight=1.32324e+08 1.23876e+06 1.31085e+08 1.29419e+08 1.86897e+06 1.2755e+08 1.25956e+08 1.40942e+07 1.10341e+07 9.33391e+06 3.72209e+06 1.11862e+08 6.65466e+06 1.61425e+06
internal_count=120121 3180 116941 115310 2190 113120 111476 11675 10122 7653 2656 99801 14157 2490
cat_boundaries=0 1 2
cat_threshold=80 20
is_linear=0
shrinkage=0.03


Tree=169
num_leaves=15
num_cat=2
split_feature=10 16 10 10 0 9 11 12 11 11 9 0 10 12
split_gain=34779.1 35605.3 30707.3 120599 52012.4 108592 111576 123833 105071 142362 88009.6 68024.8 59815.8 56404.8
threshold=1.2883310473777285 0.063947497329114575 1.0375161902555876 1.0361774965034085 0 66.500000000000014 1.0186267927115271 1.0079872680763284 1.0292425370146423 1.0344887901146891 65.500000000000014 1 1.0059420147743474 1.0172057967491581
decision_type=2 2 2 2 1 2 2 2 2 2 2 1 2 2
left_child=2 -2 3 4 10 -6 7 11 13 -10 -1 -7 -13 -8
right_child=1 -3 -4 -5 5 6 8 -9 9 -11 -12 12 -14 -15
leaf_value=-0.00062486885351334539 3.0021066111248453e-05 -0.0012445371993995097 5.154336602875857e-05 -0.0012075097088530252 0.00053605670264959284 0.00011678281812997335 0.0011367267686341798 -0.00095912829584149774 -0.0010418278954795472 0.00028877248414535799 7.0529577149496016e-05 -0.00026092294528642701 -0.0012722999293598098 4.0789057424530028e-05
leaf_weight=1673533.7573287487 1155787.4725271463 1191608.5838012695 59488285.435172558 2001572.5785130262 1337105.9561308622 4731790.6116166115 1781773.980320096 4152263.3101024628 1443178.0021635294 2505654.0962034464 42130535.651929736 5734964.3859871626 1620498.205652833 1197875.5510969162
leaf_count=1019 1422 653 57464 1586 1048 3279 1666 4251 1206 2947 32688 7251 2013 1316
internal_value=2.66924e-05 -0.00359236 9.21425e-05 -0.000332293 -0.000119611 -0.0012264 -0.00170617 -0.00306603 0.00148119 -0.00172798 0.000499554 -0.0015306 -0.00333568 0.0057342
internal_weight=1.32146e+08 2.3474e+06 1.29799e+08 7.03107e+07 6.83092e+07 2.45051e+07 2.3168e+07 1.62395e+07 6.92848e+06 3.94883e+06 4.38041e+07 1.20873e+07 7.35546e+06 2.97965e+06
internal_count=119809 2075 117734 60270 58684 24977 23929 16794 7135 4153 33707 12543 9264 2982
cat_boundaries=0 1 2
cat_threshold=155 4
is_linear=0
shrinkage=0.03


Tree=170
num_leaves=15
num_cat=3
split_feature=13 2 16 14 0 16 11 9 9 1 1 0 16 0
split_gain=20029.8 75549 93543.2 28865.9 25069 24177.5 54282.5 30580.8 26377 215395 251233 82596.2 81276.6 74127.6
threshold=1.1860754665335995 4.5000000000000009 0.06254181201238794 1.1490865773862715 0 0.02149461468853919 0.98543013854132477 82.500000000000014 89.500000000000014 17.500000000000004 8.5000000000000018 1 0.052935951605260545 2
decision_type=2 2 2 2 1 2 2 2 2 2 2 1 2 1
left_child=5 2 4 -3 -2 6 -1 -8 9 10 -7 -12 -10 -11
right_child=1 3 -4 -5 -6 8 7 -9 12 13 11 -13 -14 -15
leaf_value=0.00098543099533246058 0.00090941817129586752 0.00013475005706582794 -0.00079261567781955622 0.0038429976398950466 -3.3756850893631128e-05 -0.00031701896487466771 -0.0018749218782935196 -0.00053412199271904654 0.00020902935346448788 2.7797310551209191e-05 0.0001106044054551812 0.0005565862938291513 -4.6649132276190096e-05 -0.00061253677693598983
leaf_weight=820782.31695306301 1778486.9011580944 1249205.0846643448 2185654.3792114258 567523.35100948811 992029.30879223347 3729951.3625178337 458811.63693618774 2503482.4057905674 15912243.019328117 1546023.362087965 3966497.2840576172 7957984.6261218786 85772077.900870681 2947657.8038635254
leaf_count=5140 4483 2768 1715 1948 3497 2367 2701 15729 18206 1853 2711 5136 50097 1647
internal_value=0.000116596 0.00170576 -0.000212559 0.00693907 0.00344815 3.09118e-05 -0.002331 -0.0042226 0.000104253 0.00109591 0.00275781 0.00488337 -9.22384e-05 -0.00469356
internal_weight=1.32388e+08 6.7729e+06 4.95617e+06 1.81673e+06 2.77052e+06 1.25616e+08 3.78308e+06 2.96229e+06 1.21832e+08 2.01481e+07 1.56544e+07 1.19245e+07 1.01684e+08 4.49368e+06
internal_count=119998 14411 9695 4716 7980 105587 23570 18430 82017 13714 10214 7847 68303 3500
cat_boundaries=0 1 2 3
cat_threshold=62 69 419
is_linear=0
shrinkage=0.03


Tree=171
num_leaves=15
num_cat=4
split_feature=10 12 0 11 16 1 10 0 11 0 12 11 0 10
split_gain=29763.1 30031.3 83967 96448.6 103776 101478 106310 95422 94818.5 80404.9 117424 148205 98450.7 87614.5
threshold=0.72565943610004047 1.0237498270125132 0 1.0089959652172589 0.067416919633109459 18.500000000000004 1.0540730195893848 1 0.96685428712680199 2 1.0137025498423149 0.96685428712680199 3 0.96771506909300131
decision_type=2 2 1 2 2 2 2 1 2 1 2 2 1 2
left_child=-1 9 8 4 -4 6 7 -5 -3 13 11 -11 -12 -2
right_child=1 2 3 5 -6 -7 -8 -9 -10 10 12 -13 -14 -15
leaf_value=-0.00044796674171276911 -0.00031194117891235269 0.00074980544280257204 5.4624303443481114e-06 0.00047846882522381047 -0.0015751757199057835 -0.00040548572533659517 3.2516553078924346e-05 0.00018794348321737845 -0.00054398971349168439 0.00014929359472790161 -0.00063469324041149397 -0.00018501539985990134 0.00031862858346215798 0.00028212604909901246
leaf_weight=1523160.8134939671 3619894.4319902658 1001855.023988843 1362806.4420576096 2154754.1928853989 1176595.2648925781 5357300.3726713657 23835864.253898978 4030669.4632239342 9842275.154900074 11474941.51012826 1594578.8570823669 32240262.266165495 10149079.64528048 22500410.073558092
leaf_count=1709 3871 1141 2057 1105 833 8131 21098 3799 9762 9521 1797 23848 9252 21843
internal_value=3.38687e-05 8.25911e-05 -0.000506409 0.000159338 -0.0054881 0.000564699 0.00124343 0.00474791 -0.00283428 0.000434653 -0.00021171 -0.000927193 0.00245164 0.00180702
internal_weight=1.31864e+08 1.30341e+08 4.87621e+07 3.7918e+07 2.5394e+06 3.53786e+07 3.00213e+07 6.18542e+06 1.08441e+07 8.15792e+07 5.54589e+07 4.37152e+07 1.17437e+07 2.61203e+07
internal_count=119767 118058 47926 37023 2890 34133 26002 4904 10903 70132 44418 33369 11049 25714
cat_boundaries=0 1 2 3 4
cat_threshold=136 17 202 1
is_linear=0
shrinkage=0.03


Tree=172
num_leaves=15
num_cat=4
split_feature=11 10 0 0 9 2 2 9 0 11 0 11 12 10
split_gain=28102.8 39655.9 163609 65429.7 76059.9 60138 59798.5 64594.5 61490.5 58559.5 76422.2 64391.2 150690 68502.6
threshold=1.1818563742125845 1.0804981498706023 0 1 72.500000000000014 5.5000000000000009 2.5000000000000004 68.500000000000014 2 1.0256949624400986 3 0.92084674428756708 0.99549366363837055 1.0120802147637469
decision_type=2 2 1 1 2 2 2 2 1 2 1 2 2 2
left_child=1 3 -3 4 -1 -4 9 -8 -9 10 -5 -12 -13 -14
right_child=-2 2 5 6 -6 -7 7 8 -10 -11 11 12 13 -15
leaf_value=0.00030370945588276301 -0.00073397016814802536 -0.00023574092465829374 0.00043828810541666937 0.00031479996757331508 -0.00025665413500854068 -0.00045982398560984601 -0.00053246078063742201 0.00022931209535972651 -6.2204199878873817e-06 -0.00018561545438665038 -0.00041322461300064727 0.0004346819687246294 -0.00038446875371687267 5.6837894522504258e-05
leaf_weight=2201786.8404130936 5569292.5474462509 7809905.1127198935 18842696.320821285 5209416.1384605169 22313815.910855055 1553658.3645492792 2027111.8442867994 20187390.019642711 14636042.606850386 13225028.748823166 2779122.2967306376 2852051.1427285671 7002536.8485230207 6128987.5417615175
leaf_count=1701 5823 4338 22654 2987 18128 3539 1768 19025 15298 10005 2632 1912 5666 4293
internal_value=2.14409e-05 0.000113072 0.00110494 -0.000170774 -0.00151411 0.00251877 0.000273977 0.00113051 0.00143355 -0.000574573 0.000309545 -0.000582989 0.000149842 -0.00120768
internal_weight=1.32339e+08 1.2677e+08 2.82063e+07 9.85633e+07 2.45156e+07 2.03964e+07 7.40477e+07 3.68505e+07 3.48234e+07 3.71971e+07 2.39721e+07 1.87627e+07 1.59836e+07 1.31315e+07
internal_count=119769 113946 30531 83415 19829 26193 63586 36091 34323 27495 17490 14503 11871 9959
cat_boundaries=0 1 2 3 4
cat_threshold=24 260 178 8
is_linear=0
shrinkage=0.03


Tree=173
num_leaves=15
num_cat=0
split_feature=13 2 16 11 16 1 9 16 13 1 16 2 1 3
split_gain=25792.3 70328.8 89279.6 26600.7 27379.1 22578.2 105360 65444.2 41262.6 27693.1 43582.2 49592.2 84681.1 60803.5
threshold=1.1860754665335995 4.5000000000000009 0.062033132775257162 1.0713054911821842 0.052935951605260545 6.5000000000000009 82.500000000000014 0.032359141224377538 0.96649513344776039 10.500000000000002 0.084970864173512087 1.0000000180025095e-35 15.500000000000002 1.0000000180025095e-35
decision_type=2 2 2 2 2 2 2 2 2 2 2 2 2 2
left_child=5 2 -2 4 -3 6 -1 8 -8 -7 11 12 -11 -13
right_child=1 3 -4 -5 -6 9 7 -9 -10 10 -12 13 -14 -15
leaf_value=-0.0013773062237106078 7.8935349749109993e-05 0.0010097569323105514 -0.00071764100915158854 3.6167324368906099e-05 0.002384001644191332 6.4733795100875959e-05 -0.0012111026495392415 0.0006690845327090221 2.4176653091305296e-05 -0.00039227210804157107 -0.00017591773510721581 0.00011329882685051068 4.1660250745201326e-05 -9.0620383597234743e-05
leaf_weight=549432.96929347515 2734226.1318172216 538407.46572053432 2226912.4353942871 419976.28674614429 882636.36174511909 34216948.536715865 1224708.6883994341 1031817.2567014694 1554815.1408809423 6232861.5997009277 11472084.830547571 35519796.78263402 6509213.4349184036 26995173.801598549
leaf_count=2031 7912 2357 1744 1384 982 21039 8983 788 6033 4001 6318 25799 5449 24999
internal_value=1.60678e-05 0.0018152 -4.30414e-05 0.00682276 0.00878317 -8.15966e-05 -0.00220236 -0.000431857 -0.00282701 -5.13132e-06 -0.000290265 -2.76979e-05 -0.00173349 0.000319984
internal_weight=1.32109e+08 6.80216e+06 4.96114e+06 1.84102e+06 1.42104e+06 1.25307e+08 4.36077e+06 3.81134e+06 2.77952e+06 1.20946e+08 8.67291e+07 7.5257e+07 1.27421e+07 6.2515e+07
internal_count=119819 14379 9656 4723 3339 105440 17835 15804 15016 87605 66566 60248 9450 50798
is_linear=0
shrinkage=0.03


Tree=174
num_leaves=15
num_cat=0
split_feature=5 3 9 2 1 11 11 2 13 11 10 3 16 1
split_gain=30082.5 47784.7 105140 67731.2 68599.5 60563.4 59801.6 72791.6 79643.1 84638.1 216871 78521 120525 66046
threshold=1.0000000180025095e-35 1.0000000180025095e-35 68.500000000000014 2.5000000000000004 7.5000000000000009 1.0069201742998883 1.2076425530695396 4.5000000000000009 1.2742008917972059 0.89451372984939514 0.90675470765210653 2.5000000000000004 0.070374416810937979 18.500000000000004
decision_type=2 2 2 2 2 2 2 2 2 2 2 2 2 2
left_child=1 3 -3 -1 -5 -6 7 11 9 -9 -11 -4 -13 -12
right_child=-2 2 6 4 5 -7 -8 8 -10 10 13 12 -14 -15
leaf_value=8.4030204950517658e-06 -0.00057124218247056927 -0.00075273487621154247 -6.997656646053673e-05 -0.00018664291332560982 0.00060605943223022627 0.00016491694904334362 -0.001469910689038648 0.0011287141481285347 0.0021443741462122139 -0.0031703456992769013 0.00020541439330497551 0.0002608067254873626 -0.0042447579827997522 -0.00043270465243045575
leaf_weight=65074975.090838552 2043666.5010151863 1905701.1590797901 18008294.145323634 2144005.3054977655 5867906.0183172226 12467382.900492191 883003.04320859909 1758174.0285139084 838488.29525637627 1430595.1203153133 15033636.87303555 710509.58841311932 875011.07583618164 2912017.1501197815
leaf_count=51070 1525 2075 14048 3895 3626 8402 1098 2508 2895 1647 18396 1875 863 5735
internal_value=0.000109361 0.000166175 -0.000632909 0.000580458 0.00208514 0.00267887 -0.000323436 -0.000159321 0.00102619 0.000666434 9.45537e-05 -0.00148877 -0.00788914 0.000990673
internal_weight=1.31953e+08 1.2991e+08 4.43554e+07 8.55543e+07 2.04793e+07 1.83353e+07 4.24497e+07 4.15667e+07 2.19729e+07 2.11344e+07 1.93762e+07 1.95938e+07 1.58552e+06 1.79457e+07
internal_count=119658 118133 51140 66993 15923 12028 49065 47967 31181 28286 25778 16786 2738 24131
is_linear=0
shrinkage=0.03


Tree=175
num_leaves=15
num_cat=3
split_feature=14 12 12 1 9 0 1 14 1 0 10 9 10 0
split_gain=28364.1 32506.6 74265.1 84138 61790.1 72684.8 101980 65481.2 61816.9 57041.8 79308.2 54860.4 56451.3 127961
threshold=0.63766516999298961 1.0018254659386108 1.0002001870955406 19.500000000000004 73.500000000000014 0 11.500000000000002 1.0167226813525663 7.5000000000000009 1 1.0184092183406726 63.500000000000007 1.0120802147637469 2
decision_type=2 2 2 2 2 1 2 2 2 1 2 2 2 1
left_child=-1 2 3 4 -2 8 9 -8 -6 10 -7 -3 13 -13
right_child=1 11 -4 -5 5 6 7 -9 -10 -11 -12 12 -14 -15
leaf_value=-0.0010333656840058507 0.00041150702649012447 -0.00068670815900196097 0.00045848475654679022 0.00085932737925178157 -0.00045517488406445806 0.00058451818819704249 -0.00029381866022807907 -0.0012934501592790672 0.00020105865128691565 -0.0002756264142229023 -0.00041196571722144362 0.00019071893677935085 3.0734209967228819e-05 -0.00035302127727104257
leaf_weight=1511872.6989125013 2363004.3056694269 1530110.2408484221 3984063.1533281803 3108188.2522888184 1308403.0732793808 2458665.4908354282 7415578.6067199707 1922481.9501953125 12013842.341583252 2640528.4355511665 1129853.4465633631 8124911.0638622046 70265497.744807124 12886464.616908908
leaf_count=2629 1636 1231 2732 5924 2905 2620 4435 1439 7542 3080 1150 8000 64332 10292
internal_value=9.94082e-05 0.000146506 0.000881288 0.00043172 -3.64453e-05 -0.000417952 -0.00181001 -0.00379317 0.00120868 0.00116296 0.00362556 -0.00015708 -6.26433e-05 -0.00142698
internal_weight=1.32663e+08 1.31152e+08 3.83446e+07 3.43605e+07 3.12524e+07 2.88894e+07 1.55671e+07 9.33806e+06 1.33222e+07 6.22905e+06 3.58852e+06 9.2807e+07 9.12769e+07 2.10114e+07
internal_count=119947 117318 33463 30731 24807 23171 12724 5874 10447 6850 3770 83855 82624 18292
cat_boundaries=0 1 2 3
cat_threshold=147 260 43
is_linear=0
shrinkage=0.03


Tree=176
num_leaves=15
num_cat=2
split_feature=12 11 12 1 0 16 12 12 0 2 9 12 2 11
split_gain=20804.7 45441.2 38566 108382 49768.1 46300.8 38706.7 38231.7 126739 91510.4 87550 53469.7 64075.2 56566.8
threshold=0.93483684010591095 0.78683299918466465 0.98244423354187715 19.500000000000004 0 0.053649998474035857 0.96636452254130412 0.99523338337776046 1 4.5000000000000009 89.500000000000014 1.0018254659386108 4.5000000000000009 1.0141369090599361
decision_type=2 2 2 2 1 2 2 2 1 2 2 2 2 2
left_child=1 -1 3 4 -2 -6 -7 8 -4 10 -10 12 -9 -13
right_child=2 -3 7 -5 5 6 -8 11 9 -11 -12 13 -14 -15
leaf_value=0.00024214542117574698 0.00019943659036261954 -0.00047569812986310832 0.00088518779162624064 0.0016424477618315234 0.00060724418336634593 -0.00044017153325673526 6.5514082450454013e-05 9.3612614880395106e-05 0.00038898675628722118 -0.0024376355171829259 -0.0004403090438264601 -0.00016715403345814533 0.00088436194120021028 2.8680878236175142e-05
leaf_weight=1486689.1343090534 4308633.9949146509 2872568.3946652412 1938630.7216556072 1269275.4765977859 1344593.7386580706 4026040.8878173828 3106454.7331848145 8258819.1038877964 1893691.8483346701 1363542.1670548916 5412431.4069778919 22134726.163865447 1760883.128972888 71195347.373788476
leaf_count=1776 2490 3159 2872 2167 2614 2650 1597 5859 1198 1886 3715 18982 2206 66766
internal_value=9.30507e-05 -0.00194504 0.000162454 0.00164515 0.000815114 -0.000519272 -0.00148192 -2.04143e-05 -0.00173553 -0.00328612 -0.00195461 0.000155633 0.00223822 -6.79494e-05
internal_weight=1.32372e+08 4.35926e+06 1.28013e+08 1.4055e+07 1.27857e+07 8.47709e+06 7.1325e+06 1.13958e+08 1.06083e+07 8.66967e+06 7.30612e+06 1.0335e+08 1.00197e+07 9.33301e+07
internal_count=119937 4935 115002 11518 9351 6861 4247 103484 9671 6799 4913 93813 8065 85748
cat_boundaries=0 1 2
cat_threshold=272 129
is_linear=0
shrinkage=0.03


Tree=177
num_leaves=15
num_cat=5
split_feature=12 0 12 0 12 0 1 2 12 10 0 12 12 0
split_gain=30031.2 89841.1 144368 68233.8 86550.5 113350 98411.5 84003.2 87322.5 63457.1 65536.1 60714.2 139421 61011.4
threshold=1.0051336041564809 0 1.0022632125571322 1 1.013544279386674 2 17.500000000000004 1.5000000000000002 1.0155628707660178 0.99896106769128634 3 1.0671690946621852 1.0282823097421547 4
decision_type=2 1 2 1 2 1 2 2 2 2 1 2 2 1
left_child=1 2 -1 7 5 -5 -6 9 -9 -2 -11 12 -8 -14
right_child=3 -3 -4 4 6 -7 11 8 -10 10 -12 -13 13 -15
leaf_value=0.00016008075509303191 -3.0832676412662771e-05 -2.3680548128714381e-05 0.001079643312704198 0.00072125030735451542 0.00016838161624384838 -0.00023489471637419193 0.00012050353858979087 0.00044577961805237386 -0.00017287221074707422 -0.00034025274583225748 -0.00094900532781183545 0.00044469066789672038 -5.6074080870697771e-05 -0.00086108325911585194
leaf_weight=16495673.267208338 2042925.6233079433 28826904.264458418 2993278.6518383026 1679565.7177150249 33453909.799587011 11932053.300183535 3934670.6637983322 3059271.7532266378 14402908.86113441 3841756.1349842548 3026059.5313565731 2411552.7982587814 979364.99432480335 2914650.6607666016
leaf_count=16789 1625 22167 2606 2008 30583 8463 4616 2928 14790 3922 1691 3230 2063 2375
internal_value=0.000141432 0.000736946 0.00231027 -0.000202417 0.000378741 -0.00171014 0.00102947 -0.00146521 -0.000255737 -0.0038354 -0.00521617 -0.00154389 -0.00282597 -0.00685032
internal_weight=1.31995e+08 4.83159e+07 1.9489e+07 8.36787e+07 5.73058e+07 1.36116e+07 4.36941e+07 2.63729e+07 1.74622e+07 8.91074e+06 6.86782e+06 1.02402e+07 7.82869e+06 3.89402e+06
internal_count=119856 41562 19395 78294 53338 10471 42867 24956 17718 7238 5613 12284 9054 4438
cat_boundaries=0 1 2 3 4 5
cat_threshold=139 138 64 130 289
is_linear=0
shrinkage=0.03


Tree=178
num_leaves=15
num_cat=1
split_feature=12 5 3 9 0 2 2 3 16 4 14 10 14 1
split_gain=25550.2 25548.6 47300.1 81852.4 136873 62426.5 58182.8 84818.1 106192 80849.8 64024.5 54288.1 116437 103129
threshold=1.1713962242554434 1.0000000180025095e-35 1.0000000180025095e-35 68.500000000000014 0 2.5000000000000004 4.5000000000000009 2.5000000000000004 0.069564008863616147 1.0000000180025095e-35 1.0574666454817534 0.99583216397804264 0.91710045033201182 17.500000000000004
decision_type=2 2 2 2 1 2 2 2 2 2 2 2 2 2
left_child=1 2 5 4 -4 -1 7 10 -9 11 -5 -8 -13 -14
right_child=-2 -3 3 6 -6 -7 9 8 -10 -11 -12 12 13 -15
leaf_value=7.8654239997912919e-07 -0.00060635103095604153 -0.00052427543284009606 0.00020766031982068521 -0.00014748384627833065 -0.0010548514953741884 0.00019692177207647591 -0.00037081713926021221 0.00018141171366436437 -0.0042210604915671806 0.0013482630032853079 0.00060837383309201264 -0.00053770671888238504 0.00040334937959913121 -0.00028823318776986508
leaf_weight=64546508.344479799 1654955.7425742149 2059450.9721386433 895405.86836338043 16706346.643210888 999549.71958303452 20192744.542598009 5832607.9706587791 666116.871707201 898312.35192871094 949566.65705430508 1470238.0268213749 2765928.2182463408 9429272.323079586 3246970.510563612
leaf_count=50637 1657 1545 1185 12154 937 15813 8214 1835 905 1465 2088 4187 12264 5409
internal_value=-4.82833e-05 -1.36536e-06 5.1722e-05 -0.000748 -0.00684684 0.000465651 -0.000472605 -0.00165784 -0.00836067 0.000580189 -0.00108093 0.000197913 0.00112928 0.00234613
internal_weight=1.32314e+08 1.30659e+08 1.286e+08 4.38603e+07 1.89496e+06 8.47393e+07 4.19654e+07 1.9741e+07 1.56443e+06 2.22243e+07 1.81766e+07 2.12748e+07 1.54422e+07 1.26762e+07
internal_count=120295 118638 117093 50643 2122 66450 48521 16982 2740 31539 14242 30074 21860 17673
cat_boundaries=0 1
cat_threshold=203
is_linear=0
shrinkage=0.03


Tree=179
num_leaves=15
num_cat=0
split_feature=14 16 9 16 10 10 10 2 10 13 16 9 1 13
split_gain=27045.5 46574.1 47218.1 42878.6 42311.6 41243.7 40203.2 62493.3 83902.6 48279.9 37825.3 43889.6 196501 62392
threshold=1.0051720084524249 0.033731398184704074 82.500000000000014 0.056042834494157735 0.96771506909300131 1.1866650474107496 1.0804981498706023 4.5000000000000009 1.053404392603321 1.0355934143850345 0.041128545564504647 89.500000000000014 17.500000000000004 0.95904171927350446
decision_type=2 2 2 2 2 2 2 2 2 2 2 2 2 2
left_child=1 2 -1 -2 -5 6 7 8 9 -6 -3 12 13 -12
right_child=3 10 -4 4 5 -7 -8 -9 -10 -11 11 -13 -14 -15
leaf_value=-0.0010840842917319588 0.00023555364645904642 0.00051392461582139553 -0.00023833675527436715 -0.00040626807012076032 0.00017623808065457853 -0.00058654542051432264 0.00040427354560795213 0.00043573345669933796 -0.00061302175893760541 -0.00013273736204219769 0.00070202450414724726 -4.7333695142932754e-05 -0.00045404283203470653 0.00018868415222483462
leaf_weight=830555.79592049122 15048966.357802391 2142061.4771559238 5068228.740750432 4149010.4590606689 7067948.1128540039 1601567.2157111168 4197771.916798234 3285393.5844249725 2298127.8728637695 7313962.249206543 2499930.4022459984 68295480.925369263 2486228.4760186672 6109993.3331942558
leaf_count=2833 28996 2683 18179 3177 3410 1239 3564 2860 1320 3860 1918 40647 1534 3804
internal_value=-2.14872e-05 -0.000328971 -0.00290318 0.000576432 -8.06702e-05 0.000372097 0.000681114 0.000120008 -0.000624885 0.000225645 -0.000142732 -0.000248871 0.00150107 0.00364638
internal_weight=1.32395e+08 8.74325e+07 5.89878e+06 4.49627e+07 2.99138e+07 2.57648e+07 2.41632e+07 1.99654e+07 1.668e+07 1.43819e+07 8.15337e+07 7.93916e+07 1.10962e+07 8.60992e+06
internal_count=120024 71598 21012 48426 19430 16253 15014 11450 8590 7270 50586 47903 7256 5722
is_linear=0
shrinkage=0.03


Tree=180
num_leaves=15
num_cat=4
split_feature=5 2 9 10 11 1 11 11 0 0 11 0 0 16
split_gain=28166.6 33000.3 92428.4 67943.2 59182.7 100100 97114.2 88967.4 147699 132281 75429.6 66665.1 60053.1 73329.7
threshold=1.0000000180025095e-35 3.5000000000000004 67.500000000000014 1.2540893860992715 0.99272723637215787 18.500000000000004 0.98059644709439753 1.0141369090599361 0 1 1.0039162426793975 2 3 0.072218818002115062
decision_type=2 2 2 2 2 2 2 2 1 1 2 1 1 2
left_child=1 4 -3 -4 5 6 12 8 10 -9 -6 -7 13 -1
right_child=-2 2 3 -5 7 11 -8 9 -10 -11 -12 -13 -14 -15
leaf_value=-3.0735422110101534e-05 -0.00062732440483404559 -0.00080213397623392173 -1.1890312591137055e-05 -0.0013441096100684207 0.00065768325430787104 0.0011021300543207525 0.00068695828547569245 0.00029871137275448782 -0.00049794494741275497 -4.8875416664243461e-05 -0.0002241029882178654 0.00019104774674785958 -0.00023086751388790396 0.00036098002815074216
leaf_weight=6057847.3703290224 2064731.7390344143 1351641.1153175831 41151021.342872381 1032038.6562646627 2381542.1509524584 1913924.6071891785 2448451.8330768347 20002975.434137583 7875383.8807193041 33143488.764485598 2469501.7923563719 1120961.5578269958 5369783.8607311249 3767965.4951782227
leaf_count=5065 1535 1360 47405 1233 2257 1715 1892 19929 4688 23284 1930 2113 3972 1612
internal_value=8.09329e-05 0.000136111 -0.000537616 -0.000290177 0.000474989 0.00187512 0.00100947 3.54565e-05 -0.00221758 0.000574967 0.00190032 0.00690783 0.000116058 0.00151025
internal_weight=1.32151e+08 1.30087e+08 4.35347e+07 4.21831e+07 8.65518e+07 2.06789e+07 1.7644e+07 6.58729e+07 1.27264e+07 5.31465e+07 4.85104e+06 3.03489e+06 1.51956e+07 9.82581e+06
internal_count=119990 118455 49998 48638 68457 16369 12541 52088 8875 43213 4187 3828 10649 6677
cat_boundaries=0 1 2 3 4
cat_threshold=107 356 29 405
is_linear=0
shrinkage=0.03


Tree=181
num_leaves=15
num_cat=2
split_feature=14 0 16 14 16 11 4 5 2 9 9 10 0 2
split_gain=24743.9 46634.7 58037.5 49972.3 27890.2 44001.7 26842 26274.4 36565.4 57898.4 70703.7 51719 62804.8 58294.4
threshold=1.0592675685713924 0 0.061320044736709899 1.1025619973285943 0.02149461468853919 0.96422914078869548 1.0000000180025095e-35 1.0000000180025095e-35 3.5000000000000004 74.500000000000014 82.500000000000014 1.1413265287497878 1 1.0000000180025095e-35
decision_type=2 1 2 2 2 2 2 2 2 2 2 2 1 2
left_child=4 6 -3 -4 5 -1 -2 8 11 -10 -11 -6 -13 -14
right_child=1 2 3 -5 7 -7 -8 -9 9 10 -12 12 13 -15
leaf_value=0.0011323028604092499 0.00055859111655987036 0.00035147358542916726 4.8409124318573099e-05 -0.0008930700426745974 1.9330896086814901e-05 -0.00077942641220310395 0.0044861291690545492 -0.00066522508951776644 -0.00049814963044602972 0.00059260542708889047 -5.9240550730938388e-05 0.00071394598828598865 -0.00038395861985668453 0.00037170058157814907
leaf_weight=495805.68073749542 2668756.9475467205 5444877.0305047035 3065148.4039077759 2065353.9663983583 66643955.95803833 2806439.8175525665 435977.57888746262 1834040.3646392822 3067970.543982029 1931910.782030344 32291231.889116287 1587618.9717407227 2217804.6328887939 6019261.7917175293
leaf_count=2940 6679 12603 1753 1786 37455 17019 1008 983 2464 1643 26506 695 1730 4703
internal_value=0.00014999 0.00135825 0.000409187 -0.00188032 1.0968e-05 -0.00270751 0.00459096 8.86285e-05 0.000146057 -0.000624138 -0.000270208 0.000521655 0.00255366 0.00150061
internal_weight=1.32576e+08 1.36801e+07 1.05754e+07 5.1305e+06 1.18896e+08 3.30225e+06 3.10473e+06 1.15594e+08 1.1376e+08 3.72911e+07 3.42231e+07 7.64686e+07 9.82469e+06 8.23707e+06
internal_count=119967 23829 16142 3539 96138 19959 7687 76179 75196 30613 28149 44583 7128 6433
cat_boundaries=0 1 2
cat_threshold=176 20
is_linear=0
shrinkage=0.03


Tree=182
num_leaves=15
num_cat=3
split_feature=13 0 2 3 10 1 9 0 0 10 11 10 11 1
split_gain=23828.1 82866.3 37776.4 66007.5 34097.9 28461.7 112005 81531.3 34295 23370.2 25468.8 29445.7 31008.8 89817.1
threshold=1.230564999705009 0 4.5000000000000009 2.5000000000000004 1.1828968528919626 6.5000000000000009 82.500000000000014 1 2 0.72565943610004047 0.78683299918466465 0.83817355033030538 0.96214500782476298 18.500000000000004
decision_type=2 1 2 2 2 2 2 1 1 2 2 2 2 2
left_child=5 -2 3 4 -3 6 -1 -8 -9 -7 -11 -12 13 -13
right_child=1 2 -4 -5 -6 9 7 8 -10 10 11 12 -14 -15
leaf_value=-0.0013784915916672056 0.0067378350975002381 0.00081720882107998096 0.0015282330062019735 -0.0022291159548331781 -0.00024199365281046869 -0.0004158959669034571 -0.001378488245419703 0.00097875289806771009 -8.3495207092280034e-06 0.00052391043711473161 -0.00023240187124818698 4.8873465988811006e-05 1.385273833439382e-06 0.00099149011556349284
leaf_weight=562356.49170482159 430926.4827619791 1384216.8846117258 951448.59806668758 916069.81163406372 985956.0635625124 1437863.9479789734 808378.55762219429 802212.68102800846 2287898.0199855566 1657996.8139543533 4988868.6965222359 10512843.089126587 103021835.92876804 1845315.075314045
leaf_count=2144 1022 4571 3270 1441 1235 1320 4251 2136 9868 1536 4012 5776 75367 2192
internal_value=9.64618e-05 0.00220164 0.000927075 -0.000597011 0.00204626 1.96339e-05 -0.00233452 -0.00052906 0.00168994 0.000104691 0.000149495 9.86279e-05 0.000196197 0.00161619
internal_weight=1.32594e+08 4.66862e+06 4.23769e+06 3.28624e+06 2.37017e+06 1.27926e+08 4.46085e+06 3.89849e+06 3.09011e+06 1.23465e+08 1.22027e+08 1.20369e+08 1.1538e+08 1.23582e+07
internal_count=120141 11539 10517 7247 5806 108602 18399 16255 12004 90203 88883 87347 83335 7968
cat_boundaries=0 1 2 3
cat_threshold=16 35 8
is_linear=0
shrinkage=0.03


Tree=183
num_leaves=15
num_cat=2
split_feature=13 2 16 12 5 3 2 10 12 0 13 0 12 16
split_gain=26409.2 50969 89024.7 29041.9 26696.5 44242.9 51554.8 68943.3 80455.2 54074.1 70090.9 52252.7 86400.6 51316.8
threshold=1.1860754665335995 4.5000000000000009 0.059670204921532327 1.0242844499832067 1.0000000180025095e-35 1.0000000180025095e-35 1.0000000180025095e-35 1.1413265287497878 0.9905120747951105 0 0.97112998397949013 1 1.0091514731206532 0.071353482513974276
decision_type=2 2 2 2 2 2 2 2 2 1 2 1 2 2
left_child=4 2 -2 -3 5 6 11 8 9 10 -8 12 -1 -13
right_child=1 3 -4 -5 -6 -7 7 -9 -10 -11 -12 13 -14 -15
leaf_value=-0.00031671342758246145 0.00068234056042046495 0.0020075352077014732 -0.00061255546776006829 4.0490298928340841e-05 -0.00061994454548950511 -9.3483160900428912e-05 0.00075843314416689271 0.00040906886782331127 -1.0585095044165769e-05 5.2057634225300248e-05 0.0001494667469929831 -7.3495086276271148e-05 -0.00071919793891959147 0.00024352538218851545
leaf_weight=3116554.2226800919 2472450.7363263369 1290441.1032017469 2408358.7425231934 539862.08582961559 2010618.0802544355 40712836.553939462 2503156.3398193121 7399037.7510430813 42715643.122175813 4727215.0636428595 3347547.5672485828 10036407.039634228 4012005.6746535301 5104339.4203491211
leaf_count=2327 7652 2970 1958 1734 1409 43388 1851 6713 30235 3595 1992 8803 3129 2140
internal_value=1.82199e-05 0.00185183 0.000250821 0.00612117 -7.96876e-05 -2.39395e-05 0.000373553 0.000826557 0.00044981 0.00279217 0.0047202 -0.000861061 -0.00297891 0.000136065
internal_weight=1.32396e+08 6.71111e+06 4.88081e+06 1.8303e+06 1.25685e+08 1.23675e+08 8.29619e+07 6.06926e+07 5.32936e+07 1.05779e+07 5.8507e+06 2.22693e+07 7.12856e+06 1.51407e+07
internal_count=119896 14314 9610 4704 105582 104173 60785 44386 37673 7438 3843 16399 5456 10943
cat_boundaries=0 1 2
cat_threshold=151 138
is_linear=0
shrinkage=0.03


Tree=184
num_leaves=15
num_cat=3
split_feature=13 0 16 13 16 11 16 9 16 0 9 0 16 9
split_gain=23537.5 60351.4 50697.6 29375.2 27528.2 43489.7 27582.6 26522.7 156398 79501.8 73734.6 108780 103991 81677.3
threshold=1.1860754665335995 0 0.067938593945057454 1.3010146422181246 0.02149461468853919 0.98543013854132477 0.013183841264170824 89.500000000000014 0.051292865818768199 1 74.500000000000014 2 0.069564008863616147 67.500000000000014
decision_type=2 1 2 2 2 2 2 2 2 1 2 1 2 2
left_child=4 -2 -3 -4 5 -1 -7 8 -6 -10 12 -12 13 -11
right_child=1 2 3 -5 7 6 -8 -9 9 10 11 -13 -14 -15
leaf_value=0.0009103982894109392 0.0030098449968325399 0.0004811927406037428 0.00010356245008098014 -0.0011573469722817985 -0.00066760098155347464 -0.00034758738927666527 -0.0012211367901402406 -1.9565107232853934e-05 0.00057619517282226339 0.0005359103177031727 -0.00028401944886876013 0.00038058285053132996 -0.00044593746486562541 -0.00019131675411832686
leaf_weight=795789.0901376009 692781.09392738342 3932425.8602902889 1084870.6489429474 1077500.0575466156 2394158.5624275208 1853897.9434506893 1132330.1135884523 101663149.577281 5014949.285380125 1720607.849029541 2231656.1864013672 4346808.4489135742 2634489.3577880859 1779804.2144470215
leaf_count=5130 1215 11108 935 1075 3112 15302 3146 68297 3437 989 1334 2502 1273 1073
internal_value=2.84962e-05 0.00174922 0.000795481 -0.0028943 -6.4518e-05 -0.00258514 -0.00424584 1.37592e-05 0.00100887 0.00198081 0.000719041 0.00292536 -0.0016468 0.00174167
internal_weight=1.32355e+08 6.78758e+06 6.0948e+06 2.16237e+06 1.25568e+08 3.78202e+06 2.98623e+06 1.21786e+08 2.01225e+07 1.77283e+07 1.27134e+07 6.57846e+06 6.1349e+06 3.50041e+06
internal_count=119928 14333 13118 2010 105595 23578 18448 82017 13720 10608 7171 3836 3335 2062
cat_boundaries=0 1 2 3
cat_threshold=16 392 68
is_linear=0
shrinkage=0.03


Tree=185
num_leaves=15
num_cat=4
split_feature=12 0 0 12 10 1 12 12 0 10 10 0 16 2
split_gain=18492.6 124992 124127 131904 120563 89318.4 80819.2 73225 78620.5 69648 152154 132970 121957 65615.3
threshold=1.0215739068061271 0 1 1.02768276543342 0.96771506909300131 18.500000000000004 0.98705230107501618 1.0552800080532883 2 1.0108989429607649 1.053404392603321 3 0.065311385431554583 1.0000000180025095e-35
decision_type=2 1 1 2 2 2 2 2 1 2 2 1 2 2
left_child=1 4 3 -2 6 9 -1 8 -7 12 11 -11 -4 -5
right_child=2 -3 5 13 -6 7 -8 -9 -10 10 -12 -13 -14 -15
leaf_value=-1.8050658953249058e-05 -0.0017514064906565881 -3.3043889517763065e-05 0.00043086389182526525 -0.00080685961582625712 0.00035668204565060795 -0.0012666731134324497 -0.0015929276003307808 4.3032205455121819e-05 -0.00024167015584309365 0.00059673438791364817 4.5490669236476261e-05 3.848325841937849e-05 -0.00087644103622773234 -3.9577614260801543e-05
leaf_weight=3967346.8476279974 2490800.6447206736 54423177.612870574 1354071.9610846043 1566415.5395549536 21487680.903491616 1529716.7618713379 1027036.5467809439 2885229.6336562634 1583940.2394149303 3341772.0607533455 24552491.002192736 2589770.020793438 1859109.2471313477 7658961.6143118143
leaf_count=4210 1707 43554 1792 1411 21016 1191 1165 4674 3281 1968 21842 2577 1159 8306
internal_value=0.000125924 0.000408644 -0.00031898 -0.00303231 0.00209904 0.00048185 -0.00209958 -0.00289086 -0.00608145 0.00108227 0.00152507 0.0058372 -0.00311867 -0.00137831
internal_weight=1.32318e+08 8.09052e+07 5.14123e+07 1.17162e+07 2.64821e+07 3.96961e+07 4.99438e+06 5.99889e+06 3.11366e+06 3.36972e+07 3.0484e+07 5.93154e+06 3.21318e+06 9.22538e+06
internal_count=119853 69945 49908 11424 26391 38484 5375 9146 4472 29338 26387 4545 2951 9717
cat_boundaries=0 1 2 3 4
cat_threshold=202 136 20 273
is_linear=0
shrinkage=0.03


Tree=186
num_leaves=15
num_cat=0
split_feature=5 3 2 1 11 14 11 2 11 11 13 14 1 3
split_gain=22012 27470 58251.4 69371.2 81405.8 62963 47096.7 66663.4 85278.3 172045 85816.1 78785.6 102760 66017.7
threshold=1.0000000180025095e-35 1.0000000180025095e-35 2.5000000000000004 8.5000000000000018 0.99928936633935284 0.9548727549488718 1.2076425530695396 4.5000000000000009 0.90644793995258399 0.99579473430313603 1.0920741926051589 0.96811367019662631 18.500000000000004 2.5000000000000004
decision_type=2 2 2 2 2 2 2 2 2 2 2 2 2 2
left_child=1 2 -1 5 -5 -4 7 13 -9 10 -10 -11 -13 -3
right_child=-2 6 3 4 -6 -7 -8 8 9 11 -12 12 -14 -15
leaf_value=-3.5297487888388398e-06 -0.00047921739438781423 -0.0001047810984265186 0.00017064346391302982 0.00066194110422184544 0.0001681750267944649 -0.00045709620128148133 -0.0013622890032445423 0.0010469821017070531 -0.0012650940507098515 -0.00014658404663924019 0.00073434268962059253 0.00048492112628855234 -0.00042363356681642737 -0.0020809656078641979
leaf_weight=65316718.944157124 2078845.3460886478 18920219.520709395 1422722.3435949087 4306503.6342492104 12049706.29032588 2590808.9791307449 892142.0496134758 1915498.2703154087 3657391.9507274628 5785520.4993613958 735798.2327054739 8809059.5502210855 2053619.0184881687 1551554.7637131214
leaf_count=51163 1519 14858 1758 2769 8562 2798 1107 2851 4492 8385 1526 11283 3994 2699
internal_value=2.32993e-05 7.22715e-05 0.000385899 0.00178657 0.00265382 -0.00174766 -0.000534072 -0.000393907 0.00071603 0.000164349 -0.00511643 0.00155786 0.003064 -0.00163858
internal_weight=1.32086e+08 1.30007e+08 8.56865e+07 2.03697e+07 1.63562e+07 4.01353e+06 4.43208e+07 4.34287e+07 2.29569e+07 2.10414e+07 4.39319e+06 1.66482e+07 1.08627e+07 2.04718e+07
internal_count=119764 118245 67050 15887 11331 4556 51195 50088 32531 29680 6018 23662 15277 17557
is_linear=0
shrinkage=0.03


Tree=187
num_leaves=15
num_cat=2
split_feature=11 10 11 1 1 12 0 1 9 0 9 1 9 16
split_gain=28105.2 67996.3 57103.3 117686 66792.8 51651.2 38543.7 37245.9 103178 82585.4 76664.5 248178 155102 116465
threshold=0.78683299918466465 0.81586805158820941 0.94087527417298034 17.500000000000004 9.5000000000000018 0.9927388970595955 0 17.500000000000004 88.500000000000014 1 89.500000000000014 8.5000000000000018 68.500000000000014 0.059909238958973939
decision_type=2 2 2 2 2 2 1 2 2 1 2 2 2 2
left_child=-1 6 3 4 -3 -6 -2 10 9 -9 11 12 -4 -14
right_child=1 2 7 -5 5 -7 -8 8 -10 -11 -12 -13 13 -15
leaf_value=0.0003888937587978206 3.6117581663430901e-05 0.00027613795013903589 -0.0016619480818043919 0.00084809337349318968 8.2305946197963777e-05 -0.00041752647060854886 -0.00061475595901421042 -3.1946574309894558e-05 -2.7004914223534632e-05 -0.00071921455490188597 -2.1329038496674461e-05 0.00036782799306213972 -0.0010104116330954562 0.00021070061368264796
leaf_weight=2098908.1685482264 1512933.6101467609 2544235.7400727272 1041213.9274724722 2376419.6206812859 3381939.6086730957 1982493.2694854736 3482098.6673424244 1991049.0909676552 22172214.821910977 2939518.0559158325 71400061.028399587 12438112.392066717 865112.28754854202 2131542.7721738815
leaf_count=2414 1904 2717 1391 2102 1869 998 3547 2910 24475 2402 60888 8345 3119 934
internal_value=1.20741e-05 -4.34183e-05 9.34542e-05 0.00223508 0.000475983 -0.00142269 -0.00347587 -9.81187e-05 -0.00107037 -0.00499559 0.000201745 0.00204636 -0.0044158 -0.000949989
internal_weight=1.32358e+08 1.30259e+08 1.25264e+08 1.02851e+07 7.90867e+06 5.36443e+06 4.99503e+06 1.14979e+08 2.71028e+07 4.93057e+06 8.7876e+07 1.6476e+07 4.03787e+06 2.99666e+06
internal_count=120015 117601 112150 7686 5584 2867 5451 104464 29787 5312 74677 13789 5444 4053
cat_boundaries=0 1 2
cat_threshold=388 425
is_linear=0
shrinkage=0.03


Tree=188
num_leaves=15
num_cat=3
split_feature=5 11 7 11 10 11 0 13 0 11 13 0 10 10
split_gain=26110.9 21646.2 73134.5 141116 152645 84288.6 77434.2 74697.5 73200.3 64603.8 58468.4 47264.4 45335.1 173539
threshold=1.0000000180025095e-35 0.99272723637215787 1.0000000180025095e-35 0.89451372984939514 1.0299409605171272 0.88002456839183818 0 1.133388147547441 1 0.98927509523083523 0.89501103834151807 2 0.98774918197535599 0.99583216397804264
decision_type=2 2 2 2 2 2 1 2 1 2 2 1 2 2
left_child=1 2 5 6 7 -1 -4 11 10 -10 -7 -5 -3 -14
right_child=-2 12 3 4 -6 8 -8 -9 9 -11 -12 -13 13 -15
leaf_value=-0.00011732216756911477 -0.00055432250902367748 0.0002436937393670871 0.0013747085350361097 -0.0010126176603173795 0.0012827187711211469 0.00069663455792364892 -0.00041115578416324352 0.00042395023226857984 4.2581252665084863e-05 0.00066987923558652432 0.00024485834676497891 -0.0024172615488819459 -0.0014502866740578166 -9.6164141612189317e-06
leaf_weight=6378164.8017805815 2167489.8179030418 5705194.7074794769 1062898.5004974604 1388953.6680858135 693786.16427111626 1720204.090846777 927417.6514737606 748682.63038253784 10718452.869015813 1274162.1419945955 4727699.2985053062 1954128.7854411602 2312058.727268815 90674866.197574258
leaf_count=5226 1592 5429 1115 2275 1066 1083 1872 1609 9122 954 2798 2040 1634 82355
internal_value=3.44427e-05 8.87712e-05 0.000772206 -0.00199017 -0.00478221 0.00152638 0.00472306 -0.00698846 0.00255458 0.00116864 0.00513231 -0.00890666 -0.000130018 -0.000289284
internal_weight=1.32454e+08 1.30287e+08 3.15946e+07 6.77587e+06 4.78555e+06 2.48187e+07 1.99032e+06 4.09177e+06 1.84405e+07 1.19926e+07 6.4479e+06 3.34308e+06 9.86921e+07 9.29869e+07
internal_count=120170 118578 29160 9977 6990 19183 2987 5924 13957 10076 3881 4315 89418 83989
cat_boundaries=0 1 2 3
cat_threshold=29 19 393
is_linear=0
shrinkage=0.03


Tree=189
num_leaves=15
num_cat=0
split_feature=13 2 16 14 16 16 9 10 1 1 14 16 5 3
split_gain=24117.3 45271.5 61671.1 21723.8 34982.6 19822.6 44604.9 23514.3 52997.5 37146.9 20212.5 19273.7 17991.6 25595.3
threshold=1.1860754665335995 4.5000000000000009 0.06254181201238794 0.63766516999298961 0.067416919633109459 0.02149461468853919 82.500000000000014 0.83817355033030538 17.500000000000004 13.500000000000002 1.0211101855435654 0.052935951605260545 1.0000000180025095e-35 1.0000000180025095e-35
decision_type=2 2 2 2 2 2 2 2 2 2 2 2 2 2
left_child=3 2 -2 4 -1 6 -5 8 9 -7 -8 -3 13 -9
right_child=1 11 -4 5 -6 7 10 12 -10 -11 -12 -13 -14 -15
leaf_value=0.00017324217748848069 0.00054174201420170058 0.00060702420247057216 -0.00067175128856444475 -0.0016905450170533807 -0.00076217934970354486 -0.00011010075511235893 -0.00040706120717246902 5.0936477062432067e-05 0.00037589713214414999 -0.00060903972253935899 0.00053302815971000017 0.0017323808438802029 -0.00041696179738043732 -4.5518081196554234e-05
leaf_weight=695013.31108784676 2728121.4285531044 708170.78767073154 2215408.2261047363 501964.39086639881 813966.03050518036 3748632.5347213745 2218360.2488709688 74326265.037368774 1727270.7458953857 2400718.603515625 1020444.4425605536 1132371.3560018539 1971415.3190765381 35911054.213938594
leaf_count=2067 7930 3312 1728 2748 453 2898 12385 43525 1634 1635 7152 1396 1110 30096
internal_value=4.47836e-05 0.00178696 0.000291615 -4.95163e-05 -0.00362733 -5.91611e-06 -0.00215652 6.10771e-05 -0.0015234 -0.0028276 -0.000866851 0.00580334 0.000172301 0.000223102
internal_weight=1.32119e+08 6.78407e+06 4.94353e+06 1.25335e+08 1.50898e+06 1.23826e+08 3.74077e+06 1.20085e+08 7.87662e+06 6.14935e+06 3.2388e+06 1.84054e+06 1.12209e+08 1.10237e+08
internal_count=120069 14366 9658 105703 2520 103183 22285 80898 6167 4533 19537 4708 74731 73621
is_linear=0
shrinkage=0.03


Tree=190
num_leaves=15
num_cat=1
split_feature=5 3 11 10 12 12 0 10 10 2 11 10 11 14
split_gain=34326.8 41789.5 63750.8 99210.3 82148.7 83076.5 76744.4 65146.8 60264.6 62485.1 74042.4 154508 117936 69680.2
threshold=1.0000000180025095e-35 1.0000000180025095e-35 0.99272723637215787 0.83817355033030538 0.9608647852025366 0.9927388970595955 0 1.1413265287497878 1.2712243120222828 4.5000000000000009 0.89451372984939514 0.99583216397804264 1.003224464819122 0.94996696603761654
decision_type=2 2 2 2 2 2 1 2 2 2 2 2 2 2
left_child=1 2 3 -1 -5 -6 -7 -4 9 -3 -11 12 -12 -13
right_child=-2 8 7 4 5 6 -8 -9 -10 10 11 13 -14 -15
leaf_value=-0.00010975984484202832 -0.00051542874703806591 -0.00016365325613380572 -3.3965292533009803e-05 -0.00021978027580117621 0.00055282171467824768 0.00065771727605085724 -8.0472061893374796e-05 0.00024468672122260045 -0.0015657461927080717 0.0010035283414819402 -0.0013329385945015306 -0.00023672991948042607 0.00079470704838310597 0.00030050207032459469
leaf_weight=5714536.7582365274 2035714.0120522976 20456057.961262465 54183037.343635559 2105542.8498005867 5996392.8278541565 2716562.4460915327 3813513.8623864651 11266906.299966097 863291.78856348991 1827512.9769718647 3581154.3118898869 4313692.6136672497 849611.24159014225 12250044.157731175
leaf_count=4772 1522 17548 40513 1793 4132 1951 3121 10853 1014 2663 4900 6428 1190 17441
internal_value=6.65821e-05 0.000127142 0.000513042 0.00197973 0.00328889 0.00421048 0.00186932 5.70891e-05 -0.000622923 -0.000466365 0.000612853 0.000108701 -0.00486734 0.00143978
internal_weight=1.31974e+08 1.29938e+08 8.57965e+07 2.03465e+07 1.4632e+07 1.25265e+07 6.53008e+06 6.54499e+07 4.41414e+07 4.32781e+07 2.2822e+07 2.09945e+07 4.43077e+06 1.65637e+07
internal_count=119841 118319 67135 15769 10997 9204 5072 51366 51184 50170 32622 29959 6090 23869
cat_boundaries=0 1
cat_threshold=43
is_linear=0
shrinkage=0.03


Tree=191
num_leaves=15
num_cat=4
split_feature=12 0 11 11 1 1 0 11 14 0 16 1 0 12
split_gain=23688.1 44352.3 57852 42061.2 84898.1 86236.2 44584 41720.9 40819.7 64824.3 47921.2 34390.9 40366.6 103053
threshold=0.93483684010591095 0 0.77380315183205817 0.9124081244535126 17.500000000000004 11.500000000000002 1 0.92170800641855088 1.0898738100051839 2 0.061103403121143131 6.5000000000000009 3 1.0065793869439743
decision_type=2 1 2 2 2 2 1 2 2 1 2 2 1 2
left_child=1 2 -1 4 5 6 -2 -5 11 -10 -11 -9 13 -13
right_child=3 -3 -4 7 -6 -7 -8 8 9 10 -12 12 -14 -15
leaf_value=0.00068298688879807161 0.00080255679574115402 -0.00073602206840307121 -0.000263065473100207 -0.00080104508967644792 0.00081687568628996648 -0.00030531108298520942 3.3415975796418539e-05 -0.00029331833105062136 0.0024143988445094245 0.00060628979337375339 -0.00022747846945956888 0.00064718243353295926 -3.357887635954788e-05 8.2892354016101934e-06
leaf_weight=1014390.2777320147 1144913.1145474911 1606746.7341016531 1762388.5961068869 1129859.2294067144 1872440.532746315 3161187.2867431641 1665762.5234177113 3871194.5124944448 796481.33282744884 3199608.8372170925 2707877.5332386494 6934706.0570335388 74743716.567605972 26769919.971475601
leaf_count=1348 1084 1641 1957 1139 1893 1890 1806 14910 1548 10960 2546 6528 43150 27528
internal_value=9.12504e-05 -0.00207727 0.000218209 0.000165515 0.00229391 0.000546307 0.00436954 2.65616e-05 8.10277e-05 0.00235508 0.00127187 -5.4703e-05 4.44775e-05 0.000906391
internal_weight=1.32381e+08 4.38353e+06 2.77678e+06 1.27998e+08 7.8443e+06 5.97186e+06 2.81068e+06 1.20153e+08 1.19024e+08 6.70397e+06 5.90749e+06 1.1232e+08 1.08448e+08 3.37046e+07
internal_count=119928 4946 3305 114982 6673 4780 2890 108309 107170 15054 13506 92116 77206 34056
cat_boundaries=0 1 2 3 4
cat_threshold=194 264 16 99
is_linear=0
shrinkage=0.03


Tree=192
num_leaves=15
num_cat=0
split_feature=10 11 2 10 11 11 14 2 12 3 12 9 10 12
split_gain=31579.2 25034.2 66074.9 38439.4 36512.7 35497.3 29131.7 50673 28489.9 22940.4 78718.6 75919.1 55310.5 44205.3
threshold=0.72565943610004047 0.9124081244535126 4.5000000000000009 0.81586805158820941 0.88002456839183818 0.92170800641855088 1.1490865773862715 4.5000000000000009 0.98366571989275564 2.5000000000000004 1.0949928461663163 80.500000000000014 0.99583216397804264 0.9997177749366184
decision_type=2 2 2 2 2 2 2 2 2 2 2 2 2 2
left_child=-1 2 4 -4 -2 -3 9 8 -8 -7 11 -11 -13 -14
right_child=1 5 3 -5 -6 6 7 -9 -10 10 -12 12 13 -15
leaf_value=-0.00046463469543539738 -8.1532387640064855e-05 -0.00061537995143633444 0.0003087556412303747 0.0013854447330842541 0.00023468737180616775 6.0490227645717015e-06 -0.0022442326568832684 0.0037755629194141157 0.00043782728307175355 -0.00077834473908358539 -0.0013675283969707148 -0.00095627278020921124 -0.00048343165906605427 0.00027772961561543623
leaf_weight=1514764.6304519176 5396557.7567856312 1478773.43227458 731341.97561132908 1098470.4359432459 2493697.9749370813 106685100.42088342 335224.9698266983 874409.15887546539 1790514.6798887253 841986.39069950581 718739.68152213097 1706191.5123225451 1153362.4869605303 5178489.177546978
leaf_count=1721 4419 1520 1344 1212 1858 84107 620 3403 5737 1214 1173 2465 1539 7409
internal_value=3.29974e-05 8.29933e-05 0.00154767 0.00668393 0.000356535 -3.48974e-05 2.23706e-05 0.00294115 0.000440573 -5.29346e-05 -0.00145771 -0.000684794 0.00021298 0.00150479
internal_weight=1.31998e+08 1.30483e+08 9.72007e+06 1.82981e+06 7.89026e+06 1.20763e+08 1.19284e+08 3.00015e+06 2.12574e+06 1.16284e+08 9.59877e+06 8.88003e+06 8.03804e+06 6.33185e+06
internal_count=119741 118020 8833 2556 6277 109187 107667 9760 6357 97907 13800 12627 11413 8948
is_linear=0
shrinkage=0.03


Tree=193
num_leaves=15
num_cat=1
split_feature=11 10 11 1 1 2 13 14 0 4 16 11 3 10
split_gain=23398 50616.3 50889.2 70825.1 54764.3 47825 35062.7 30486.6 56075.1 39027.6 63806.7 38084.3 38056.7 67368.8
threshold=0.78683299918466465 0.78049706914582051 0.9124081244535126 17.500000000000004 9.5000000000000018 2.5000000000000004 0.6877629916028617 1.0871137573723284 0 1.0000000180025095e-35 0.069943382351979763 1.0931653523248852 2.5000000000000004 0.99583216397804264
decision_type=2 2 2 2 2 2 2 2 1 2 2 2 2 2
left_child=5 6 3 4 -3 -1 -2 12 -9 11 -11 -10 -4 -14
right_child=1 2 7 -5 -6 -7 -8 8 9 10 -12 -13 13 -15
leaf_value=-0.00018742335398098286 5.5267490099602575e-05 0.00034880149377019746 1.5551359295830305e-06 0.0010091076217979412 -0.00010973274411619614 0.0011403900646044412 -0.00067910458903924071 0.0025237835554854171 0.00049433773790863553 0.0012137504896193752 -0.0022093333225789392 -0.00028501048414423093 -0.001201696619034716 -7.1874202340010086e-05
leaf_weight=966347.84209787846 1124287.7861956358 1503844.8455294371 104259574.24324179 1444480.5420875549 3111379.4845581055 1105411.1620047092 2621801.5836012363 815179.30640387535 3466031.0211548805 646927.46292054653 767106.60598754883 1380092.7066267729 1908821.7438722849 7258022.5778342485
leaf_count=947 1072 1578 80420 1294 1700 1438 3211 1575 8676 1547 754 3098 2532 10311
internal_value=6.35324e-05 1.32419e-05 0.000114965 0.00279755 0.00098309 0.00322665 -0.00342347 -1.9935e-05 0.00189063 0.000926867 -0.00345825 0.00220639 -0.000139113 -0.00199233
internal_weight=1.32379e+08 1.30308e+08 1.26561e+08 6.0597e+06 4.61522e+06 2.07176e+06 3.74609e+06 1.20502e+08 7.07534e+06 6.26016e+06 1.41403e+06 4.84612e+06 1.13426e+08 9.16684e+06
internal_count=120153 117768 113485 4572 3278 2385 4283 108913 15650 14075 2301 11774 93263 12843
cat_boundaries=0 1
cat_threshold=16
is_linear=0
shrinkage=0.03


Tree=194
num_leaves=15
num_cat=2
split_feature=10 11 11 12 0 11 1 12 0 11 14 12 9 1
split_gain=20882 24755.9 183555 74211.9 91841.7 117821 97530.9 89990.9 87607.2 86404.1 62103.9 55783.7 68585.3 67975
threshold=0.72565943610004047 0.99985733322981363 1.0004858951054538 1.0051336041564809 0 0.96883901988821342 17.500000000000004 1.0073001185390182 1 0.96422914078869548 1.0007736956843802 0.9997177749366184 63.500000000000007 19.500000000000004
decision_type=2 2 2 2 1 2 2 2 1 2 2 2 2 2
left_child=-1 3 -3 4 5 6 10 -5 9 -9 -2 -4 -13 -14
right_child=1 2 11 7 -6 -7 -8 8 -10 -11 -12 12 13 -15
leaf_value=-0.00033341031614163042 0.00012107876161097568 -0.0012842048887688974 -0.00025943194251290368 -0.001708222911722249 2.7659553592469328e-05 0.00083644223605076765 0.00075105472782352153 0.0004438925218660367 -0.0004687718372560279 -0.00030649805468181858 -0.00059433968249982233 -0.00069789969279706742 6.0277022879431482e-05 -0.00030572822257319768
leaf_weight=1509487.1206667423 3912394.5823216438 1446383.2599585056 9165809.9447112083 1117501.7956547737 15511335.809790015 3135569.770301342 1735632.9823169708 2894941.8353296518 3942773.3052520752 1927690.0252394676 1587315.198007226 1474105.152721405 75486626.246271729 7321263.8218824863
leaf_count=1716 2273 971 8261 486 15308 2003 1420 2556 4023 2083 1396 1191 61777 14445
internal_value=5.65777e-05 9.71087e-05 -0.000156404 0.000769744 0.00161419 0.00379971 0.00169471 -0.00144175 -0.0004196 0.00229224 -0.000261975 7.74591e-06 0.000249464 0.000363646
internal_weight=1.32169e+08 1.30659e+08 9.48942e+07 3.57652e+07 2.58822e+07 1.03709e+07 7.23534e+06 9.88291e+06 8.76541e+06 4.82263e+06 5.49971e+06 9.34478e+07 8.4282e+07 8.28079e+07
internal_count=119909 118193 86645 31548 22400 7092 5089 9148 8662 4639 3669 85674 77413 76222
cat_boundaries=0 1 2
cat_threshold=19 153
is_linear=0
shrinkage=0.03


Tree=195
num_leaves=15
num_cat=0
split_feature=12 10 9 10 2 14 12 10 12 16 16 16 10 11
split_gain=24543.3 79094.8 62427.9 67115 67230.9 76313.9 58219.3 66193.9 56400.3 119871 51684.4 51499.3 47089.6 47033.7
threshold=1.0215739068061271 1.0804981498706023 83.500000000000014 1.1267163222885357 3.5000000000000004 0.82842493645359361 1.0253180588473227 1.0647914447174665 1.03376952192731 0.070374416810937979 0.080644508632545811 0.081293069914542063 1.0364186429297959 1.092339999011235
decision_type=2 2 2 2 2 2 2 2 2 2 2 2 2 2
left_child=1 -1 11 6 -5 -6 12 8 9 -8 -7 -2 -4 -3
right_child=2 13 3 4 5 10 7 -9 -10 -11 -12 -13 -14 -15
leaf_value=5.9907387109268913e-06 0.00012036300157408654 0.00057089599819151466 -0.00012357015450378158 0.00020059813503697828 -0.0017047865222805229 0.00012400676317321144 -8.3911708448592559e-05 -0.00027230214607675999 -0.00025757076600370083 0.00048232776518163881 -0.00061125314607479437 0.00096584230721511464 -0.00091068929918950207 -0.00048310373809021311
leaf_weight=74683678.154317856 2584064.7902203798 5336111.6062591076 2233388.0576858521 13080106.299935102 993369.05630707741 4251166.8998562098 3334116.5864341259 10313778.341072917 7715558.3897525072 2133902.063293457 1311136.7869375944 851428.2724583149 2372697.0413463116 852969.25742483139
leaf_count=62537 3808 6347 1851 12075 1331 6372 3163 9300 7610 966 1050 644 1497 1232
internal_value=-6.11481e-06 0.000319234 -0.000520272 -0.000801359 0.000544344 -0.00193524 -0.0017416 -0.00113705 0.00027131 0.00260216 -0.000567376 0.00338567 -0.00482563 0.0035783
internal_weight=1.32047e+08 8.08728e+07 5.11747e+07 4.77392e+07 1.96358e+07 6.55567e+06 2.81034e+07 2.34974e+07 1.31836e+07 5.46802e+06 5.5623e+06 3.43549e+06 4.60609e+06 6.18908e+06
internal_count=119783 70116 49667 45215 20828 8753 24387 21039 11739 4129 7422 4452 3348 7579
is_linear=0
shrinkage=0.03


Tree=196
num_leaves=15
num_cat=3
split_feature=12 0 10 11 0 12 1 12 0 11 16 11 11 12
split_gain=24325.6 114398 114722 94210.6 84610.2 142642 93969.3 83330.4 77019.1 72833.1 76016.5 70911.8 70106.7 126427
threshold=1.0215739068061271 0 0.96771506909300131 0.80374462859107221 1 1.0280252953070812 17.500000000000004 1.0552800080532883 2 1.0089959652172589 0.068823161288237386 1.0713054911821842 0.98543013854132477 1.013544279386674
decision_type=2 1 2 2 1 2 2 2 1 2 2 2 2 2
left_child=1 2 3 -1 5 -2 9 8 -8 10 -6 -7 -3 -14
right_child=4 12 -4 -5 6 11 7 -9 -10 -11 -12 -13 13 -15
leaf_value=0.00041847035660546222 -0.001696865513275027 0.00010194852542055421 0.00032807154375540126 -0.0006433794808492142 0.00017095988815138901 0.00017014281564548184 8.2909983937071907e-06 5.8952285815446872e-05 -0.00075454285243321253 0.00013523937696006841 -0.0012609279420591837 -0.00045077121635717841 -0.00019711277635605195 0.00017493852619125167
leaf_weight=1586038.8652489185 2541946.2163972855 16109905.337767124 21613463.593075275 3299161.6526591778 959139.44501173496 3916432.1608364582 1639341.3867616653 4502682.5344783068 3192040.6809844971 28133621.742209315 961448.64025878906 5259362.6509701014 28761924.139894128 9692009.9881850481
leaf_count=1835 1910 13004 21108 3484 1353 3535 2694 5587 2715 25308 687 5988 21427 9359
internal_value=1.95119e-05 0.00034267 0.00195986 -0.0021921 -0.00049307 -0.00273106 0.000172717 -0.00245663 -0.00519308 0.000989325 -0.00466302 -0.000988917 -0.00044271 -0.00113874
internal_weight=1.32169e+08 8.10625e+07 2.64987e+07 4.8852e+06 5.1106e+07 1.17177e+07 3.93883e+07 9.33406e+06 4.83138e+06 3.00542e+07 1.92059e+06 9.17579e+06 5.45638e+07 3.84539e+07
internal_count=119994 70217 26427 5319 49777 11433 38344 10996 5409 27348 2040 9523 43790 30786
cat_boundaries=0 1 2 3
cat_threshold=202 136 291
is_linear=0
shrinkage=0.03


Tree=197
num_leaves=15
num_cat=2
split_feature=16 3 12 10 11 0 0 1 9 16 12 2 1 16
split_gain=27879.6 57900.3 39331 32497 38544.3 52775.1 28035.6 111576 46116.1 55116.5 40002.6 37190.3 33252.8 52167.6
threshold=0.087415563134378219 1.0000000180025095e-35 1.1713962242554434 1.0804981498706023 0.99272723637215787 0 1 7.5000000000000009 83.500000000000014 0.065311385431554583 1.0126630682341327 1.0000000180025095e-35 10.500000000000002 0.079730269226034226
decision_type=2 2 2 2 2 1 1 2 2 2 2 2 2 2
left_child=2 3 6 4 -2 -6 7 -1 -9 11 -11 -10 13 -8
right_child=1 -3 -4 -5 5 -7 12 8 9 10 -12 -13 -14 -15
leaf_value=-0.00077574623082255498 0.00010737062467129665 -0.00038058524210769459 -0.00061872868187353596 0.00027265473523621072 -0.00031310169442592349 7.2497450632145525e-05 5.8397928658753049e-05 0.00059829184509438231 -0.00032822461987185047 0.0004787142948875543 -0.0004465573467644431 0.0007076939569693768 -3.7310561173007308e-05 0.00058040431773766568
leaf_weight=1639877.0739971399 3386713.0408325195 3932697.2963930368 1476595.0553251505 3984538.8160400391 4625438.2580566406 2957707.9013061523 25044236.405597806 1788681.3998913765 1264595.3699047565 1408508.4686431885 3192759.7399902344 5823892.5442657471 70352000.316762805 1233150.4507141113
leaf_count=5217 1263 2964 1569 1873 1210 1499 33061 2295 1755 1063 2563 9226 53600 625
internal_value=-4.57386e-05 -0.00111278 0.000132256 -0.000260976 -0.00110382 -0.00229223 0.000196529 0.00139785 0.00229682 0.00161039 -0.000946409 0.00327006 8.57401e-06 0.000919175
internal_weight=1.32111e+08 1.88871e+07 1.13224e+08 1.49544e+07 1.09699e+07 7.58315e+06 1.11748e+08 1.51183e+07 1.34784e+07 1.16898e+07 4.60127e+06 7.08849e+06 9.66294e+07 2.62774e+07
internal_count=119783 8809 110974 5845 3972 2709 109405 22119 16902 14607 3626 10981 87286 33686
cat_boundaries=0 1 2
cat_threshold=22 34
is_linear=0
shrinkage=0.03


Tree=198
num_leaves=15
num_cat=4
split_feature=11 11 0 1 11 12 0 1 12 1 12 0 2 0
split_gain=22722.9 167503 88707.5 106461 59698.9 82298.3 69642.2 58217.3 57688.4 53958.7 53720 115292 96248.1 92743.6
threshold=0.99985733322981363 1.0004858951054538 0 16.500000000000004 0.98059644709439753 1.0051336041564809 1 13.500000000000002 0.99523338337776046 19.500000000000004 1.0059837287205067 2 2.5000000000000004 3
decision_type=2 2 1 2 2 2 1 2 2 2 2 1 2 1
left_child=2 -2 -1 4 7 6 -6 -4 -3 10 11 -10 -13 -12
right_child=1 8 3 -5 5 -7 -8 -9 9 -11 13 12 -14 -15
leaf_value=-0.00033908058876367097 -0.0011993062479485324 -0.0003199317134887573 2.2971227934120601e-05 0.00039921277194791951 0.00090580301576640083 -0.00078803551239365938 0.00016644716344166356 -0.00042918544437717097 0.000710923354996607 -0.0002977343770446047 -0.00036878847910637008 -0.00019039188541516175 0.00027266970832188358 5.4001219789171563e-05
leaf_weight=7294273.1695142984 1474007.8194687366 6667124.0010818243 10316768.001246333 9463948.4235811234 1694726.0809111595 1406791.3659569025 2843660.7827632427 4319831.1653137207 3635034.6477103233 7715508.8949263096 11246147.846120119 4704056.2876756191 4592920.6605681181 54712221.919199347
leaf_count=9540 978 5917 9198 7859 985 936 2381 2515 2616 15187 9394 2977 3813 45691
internal_value=2.3939e-05 -0.000223078 0.000650724 0.00137119 0.000160257 0.00269539 0.00466055 -0.000869478 -6.4508e-05 0.000142498 0.000376677 0.00214466 0.000373445 3.004e-05
internal_weight=1.32087e+08 9.4747e+07 3.734e+07 3.00457e+07 2.05818e+07 5.94518e+06 4.53839e+06 1.46366e+07 9.3273e+07 8.66059e+07 7.88904e+07 1.2932e+07 9.29698e+06 6.59584e+07
internal_count=119987 86573 33414 23874 16015 4302 3366 11713 85595 79678 64491 9406 6790 55085
cat_boundaries=0 1 2 3 4
cat_threshold=352 18 74 136
is_linear=0
shrinkage=0.03


Tree=199
num_leaves=15
num_cat=3
split_feature=10 11 13 12 11 0 12 11 0 0 11 9 11 1
split_gain=26454.6 55556.2 40169.3 28263.9 122107 119073 93128.8 88695.9 187810 179674 106910 136033 102259 90848.3
threshold=0.78049706914582051 0.81778362804508808 0.6877629916028617 1.0051336041564809 1.0299326936213087 0 0.99894081004665003 1.0128747137800109 1 2 1.0297360778716553 84.500000000000014 1.0028311946027937 17.500000000000004
decision_type=2 2 2 2 2 1 2 2 1 1 2 2 2 2
left_child=1 -1 -3 4 5 6 -2 9 13 12 11 -10 -5 -9
right_child=3 2 -4 7 -6 -7 -8 8 10 -11 -12 -13 -14 -15
leaf_value=0.0001991467295381696 0.00019610889156831428 4.9142632285572761e-05 -0.00083847541501653284 -0.00048545490483713135 -0.00036509447603135295 1.2191792074116569e-05 0.00075679932770476225 0.00021126892084481053 0.00015689188274695917 3.8171261266948232e-06 -0.00010819807589448378 -0.0013699943965351309 -0.0032332394134208216 -7.7595400793154041e-05
leaf_weight=1836190.6963587999 7444732.1833584309 1003050.5849670172 2168168.6207317114 2867205.7053889036 6139631.2055313587 24332447.479959488 5917263.7430875301 32109171.010731101 1563699.0278773308 9241697.9674679041 22386739.45980227 3394406.4375034571 1584999.0334715843 10000098.761415124
leaf_count=2160 6752 925 2608 3062 5956 18285 5389 27646 1567 7934 22281 2980 1221 11035
internal_value=8.92045e-05 -0.00204958 -0.00445409 0.000173545 0.000789978 0.001429 0.00370434 -0.000151427 0.000283646 -0.00235807 -0.00165226 -0.0056382 -0.00730901 0.00154078
internal_weight=1.3199e+08 5.00741e+06 3.17122e+06 1.26982e+08 4.38341e+07 3.76944e+07 1.3362e+07 8.3148e+07 6.94541e+07 1.36939e+07 2.73448e+07 4.95811e+06 4.4522e+06 4.21093e+07
internal_count=119801 5693 3533 114108 36382 30426 12141 77726 65509 12217 26828 4547 4283 38681
cat_boundaries=0 1 2 3
cat_threshold=43 372 100
is_linear=0
shrinkage=0.03


Tree=200
num_leaves=15
num_cat=3
split_feature=5 3 9 10 12 12 12 0 0 12 12 2 0 12
split_gain=17491.7 16961.5 85305.7 58253.1 44515.6 41937.8 115535 146084 76870.7 61225 59458.7 129323 97654.1 95497.7
threshold=1.0000000180025095e-35 1.0000000180025095e-35 68.500000000000014 1.2712243120222828 1.0091514731206532 0.99523338337776046 0.97676308171397053 0 1 0.96636452254130412 1.0185072359810103 4.5000000000000009 2 1.0047066218812479
decision_type=2 2 2 2 2 2 2 1 1 2 2 2 1 2
left_child=1 -1 4 5 -3 6 7 -4 -8 -9 11 12 -7 -14
right_child=-2 2 3 -5 -6 10 8 9 -10 -11 -12 -13 13 -15
leaf_value=2.3345795088055081e-05 -0.0004511681501888208 -0.00028171127178427876 0.0012323998520416806 -0.0015287685287174056 -0.0012351244895912254 0.00051138368797914438 -8.6212371201336522e-05 -0.00063817988253953364 -0.0011429550070170024 0.00047534961572693647 -6.5976011255394464e-05 0.00056735709522064907 -0.0008710157408644471 -3.6442487771705575e-05
leaf_weight=85952127.603855491 2067517.160975337 907821.16433894634 1010256.2090865374 878884.78509497643 959599.11363244057 1915025.5180060863 1787457.2229337692 3259750.3131684065 2782798.7428876162 1009277.9565907717 18008107.150956154 7410577.6422790289 1478514.3326528072 2933226.4462076426
leaf_count=67316 1521 917 1223 1023 1161 1747 2911 4309 2300 909 22229 9482 1009 2011
internal_value=-2.43671e-05 1.9076e-05 -0.000457483 -0.000181574 -0.00673295 -2.00762e-05 -0.00173023 0.00129286 -0.00522233 -0.0011348 0.000510528 0.00199705 -0.00115318 -0.00360878
internal_weight=1.32361e+08 1.30293e+08 4.43413e+07 4.24739e+07 1.86742e+06 4.1595e+07 9.84954e+06 5.27928e+06 4.57026e+06 4.26903e+06 3.17455e+07 1.37373e+07 6.32677e+06 4.41174e+06
internal_count=120068 118547 51231 49153 2078 48130 11652 6441 5211 5218 36478 14249 4767 3020
cat_boundaries=0 1 2 3
cat_threshold=81 387 202
is_linear=0
shrinkage=0.03


Tree=201
num_leaves=15
num_cat=0
split_feature=3 12 9 10 16 16 11 11 1 11 11 10 11 12
split_gain=20909.6 80887 81358.1 38289.4 33722.9 33719.9 31662.2 132946 43350.3 83170.4 63140.3 111893 38758.3 41299.3
threshold=2.5000000000000004 1.1082288400369311 80.500000000000014 0.9848991912119649 0.080304507937281097 0.089132263921251384 0.99985733322981363 1.0004858951054538 18.500000000000004 0.98543013854132477 0.97755348269850095 0.99820296043893053 1.0024578481330415 1.0671690946621852
decision_type=2 2 2 2 2 2 2 2 2 2 2 2 2 2
left_child=6 2 -2 4 -4 -5 8 -8 10 -10 -1 -12 -9 -14
right_child=1 -3 3 5 -6 -7 7 12 9 -11 11 -13 13 -15
leaf_value=-3.7069198191878674e-05 -0.00077980576473286498 -0.0014370014277041601 -0.00012810224068149153 0.00023263661753549649 -0.0012206292754844206 -0.00072644454268633166 -0.0013202901626027551 0.0006267281645850317 0.00067863294925546555 -0.00052365734551672782 0.00046674028217743381 -0.00038981088634420624 -3.6586941275934514e-05 0.00015888690774655873
leaf_weight=20140150.030359983 845170.40921807289 677321.12653100491 1964214.7906543016 7551872.3540583849 1004400.7748718262 719042.24813127518 1280088.1521480083 1364814.8394218683 3850845.9295105934 1126103.3828530312 5154233.1408723593 2741927.2976652384 67729459.113319278 15994402.164521933
leaf_count=14905 1330 1109 3934 11971 924 713 797 1572 4981 1337 3665 1841 54854 15961
internal_value=2.78006e-05 -0.0011264 -0.000560963 0.000114034 -0.00280868 0.00116306 0.000151185 -0.000150871 0.00094142 0.00352161 0.00048339 0.00275711 -6.5053e-06 -8.82538e-05
internal_weight=1.32144e+08 1.2762e+07 1.20847e+07 1.12395e+07 2.96862e+06 8.27091e+06 1.19382e+08 8.63688e+07 3.30133e+07 4.97695e+06 2.80363e+07 7.89616e+06 8.50887e+07 8.37239e+07
internal_count=119894 19981 18872 17542 4858 12684 99913 73184 26729 6318 20411 5506 72387 70815
is_linear=0
shrinkage=0.03


Tree=202
num_leaves=15
num_cat=4
split_feature=9 0 12 0 10 11 0 12 1 11 12 9 0 12
split_gain=19573.6 151073 20479.5 105514 119796 95122.4 84707.1 126412 114561 83866.5 77751.6 68782.9 64050.9 62160.8
threshold=64.500000000000014 0 1.0215739068061271 1 0.96771506909300131 0.81778362804508808 2 1.0280252953070812 17.500000000000004 0.96685428712680199 1.0552800080532883 83.500000000000014 3 1.0303254378924587
decision_type=2 1 2 1 2 2 1 2 2 2 2 2 1 2
left_child=1 -1 3 4 5 -2 7 -4 11 -9 12 -8 -10 -14
right_child=2 -3 6 -5 -6 -7 8 9 10 -11 -12 -13 13 -15
leaf_value=0.00035626600093223546 0.00035048603831944105 -0.00087769872356549517 -0.0016229205472248084 -2.2418711485473393e-05 0.00034893893769942172 -0.00061964045442280274 0.00060519481542576508 0.00090564958334217569 -1.9563881124894231e-05 -0.00024378054106134848 3.6892876814071956e-05 8.9031477787784294e-05 -8.745617848765262e-05 -0.0011454486168969988
leaf_weight=1316392.752378583 1883410.9928400517 1434101.1351376772 2590877.526311636 52925926.062347412 20542000.697968721 3108882.5479909182 2162024.1480540037 980527.04683148861 1565882.6922869682 8171716.1870288849 4525989.7327202559 27685860.543985367 1194180.4394378662 2013393.5230026245
leaf_count=964 2306 1169 1927 42718 20310 3065 2582 964 2524 8533 5580 24535 824 1878
internal_value=0.000140649 -0.00236363 0.0001939 0.000497911 0.0020818 -0.00208643 -0.000274809 -0.00250952 0.000395544 -0.000853437 -0.00251193 0.0013014 -0.00518302 -0.00761106
internal_weight=1.32101e+08 2.75049e+06 1.29351e+08 7.84602e+07 2.55343e+07 4.99229e+06 5.08905e+07 1.17431e+07 3.91473e+07 9.15224e+06 9.29945e+06 2.98479e+07 4.77346e+06 3.20757e+06
internal_count=119879 2133 117746 68399 25681 5371 49347 11424 37923 9497 10806 27117 5226 2702
cat_boundaries=0 1 2 3 4
cat_threshold=332 202 136 291
is_linear=0
shrinkage=0.03


Tree=203
num_leaves=15
num_cat=0
split_feature=2 9 9 16 16 2 10 16 11 12 16 16 12 13
split_gain=27779.5 52332.3 78181.4 90502.3 68252.6 59813.7 55074.7 44867.6 41677.2 40189.2 39005.5 37981.3 56200.8 39021.3
threshold=1.0000000180025095e-35 74.500000000000014 82.500000000000014 0.070732717102147027 0.052378471402187772 4.5000000000000009 1.0133092217113286 0.053380709878578576 0.93203134380749886 0.95319693640010461 0.063215648643965172 0.049804194175047133 0.9608647852025366 1.2610560881254382
decision_type=2 2 2 2 2 2 2 2 2 2 2 2 2 2
left_child=9 5 3 4 -3 6 -2 8 -4 -1 -8 12 -10 -14
right_child=1 2 7 -5 -6 -7 10 -9 11 -11 -12 -13 13 -15
leaf_value=-0.00049462463059277021 0.00031627796563436891 -0.00076093644353098368 0.0008123857108660469 0.00087940119307102947 0.00028672936106148187 -0.00070598544770775207 5.3728998257616155e-05 -7.981235246245488e-06 0.0019567060968008654 -4.8091922554200999e-05 -0.00032200599739360986 0.00040886940471242397 -7.3594825795142771e-05 0.0015159033571639322
leaf_weight=1435544.8629252911 1907956.4434298277 845590.64054226875 2309090.8537820578 1891457.1737697124 2107248.2394146919 1391839.5972216129 2461593.6995816231 76692932.451640248 464606.54384016991 21041529.191369295 2929656.0790100098 4232495.2572412491 11476471.95206356 866398.81124210358
leaf_count=1390 1279 2106 5428 1139 1531 2045 2986 47106 1111 16243 1479 3052 27935 5008
internal_value=2.43534e-05 0.000221421 0.000413848 0.00413238 0.000850568 -0.00201228 -0.000925502 0.000226288 0.00151722 -0.000936367 -0.00247574 0.00100469 0.000190473 -0.00019509
internal_weight=1.32054e+08 1.09577e+08 1.00886e+08 4.8443e+06 2.95284e+06 8.69105e+06 7.29921e+06 9.6042e+07 1.93491e+07 2.24771e+07 5.39125e+06 1.704e+07 1.28075e+07 1.23429e+07
internal_count=119838 102205 94416 4776 3637 7789 5744 89640 42534 17633 4465 37106 34054 32943
is_linear=0
shrinkage=0.03


Tree=204
num_leaves=15
num_cat=0
split_feature=11 12 2 11 11 12 10 10 9 3 12 12 9 12
split_gain=20957.4 63658.1 30511.3 18777.7 174607 59449.7 80844.2 59640 86106.6 57348.5 120237 102768 56782.5 58803.4
threshold=0.78683299918466465 0.91874762502524698 2.5000000000000004 0.99985733322981363 1.0004858951054538 1.0051336041564809 0.83817355033030538 0.94045034183903997 89.500000000000014 1.0000000180025095e-35 0.97676308171397053 0.99666199701913605 63.500000000000007 0.9997177749366184
decision_type=2 2 2 2 2 2 2 2 2 2 2 2 2 2
left_child=2 -2 -1 5 -5 6 -3 -7 -9 -8 -11 -12 -6 -14
right_child=1 3 -4 4 12 7 9 8 -10 10 11 -13 13 -15
leaf_value=-0.00012603716389608809 -0.00063405585938494842 -0.00030961123912169136 0.00092746073768361532 -0.001294010815876704 -0.0005702241464749585 6.5671367536272916e-05 0.00029375139855300378 0.00044002841984271552 -0.00094337724002451189 0.00066128013462110743 -0.00076704021041766124 0.00034818454423094202 -0.00026076164301559339 4.670736911116245e-05
leaf_weight=1005847.1007976532 1663825.6765424013 3680219.6337691545 1076430.0663714409 1452119.7702460289 1624164.7215485573 4951172.3843052387 12926683.152028203 1124500.7157554626 3778586.50137043 2082590.0359780788 3283566.9773389101 1939915.8167811632 8770320.2876429558 82727130.384788632
leaf_count=971 1793 3928 1425 974 1306 3843 9066 1072 4289 2104 3367 1808 7891 76159
internal_value=0.000114216 6.63917e-05 0.00310008 0.000141977 -7.48539e-05 0.000749269 0.00155733 -0.00121162 -0.00355691 0.00230127 0.000176771 -0.00225331 8.61153e-05 0.000184815
internal_weight=1.32087e+08 1.30005e+08 2.08228e+06 1.28341e+08 9.45737e+07 3.37672e+07 2.3913e+07 9.85426e+06 4.90309e+06 2.02328e+07 7.30607e+06 5.22348e+06 9.31216e+07 9.14975e+07
internal_count=119996 117600 2396 115807 86330 29477 20273 9204 5361 16345 7279 5175 85356 84050
is_linear=0
shrinkage=0.03


Tree=205
num_leaves=15
num_cat=2
split_feature=2 16 16 12 0 12 16 11 0 14 16 1 1 16
split_gain=24406.1 58609.7 41009.3 60718.2 47830.8 68760.7 48031.8 53800.1 94074.1 47639.9 46843.8 51888.9 45574.4 43489.6
threshold=1.0000000180025095e-35 0.060170933035498107 0.059185428176345513 0.98159646488267815 0 1.0603178070352504 0.057502829843042357 1.0507163897489569 1 1.0928661270507152 0.051660970355294954 11.500000000000002 19.500000000000004 0.051660970355294954
decision_type=2 2 2 2 1 2 2 2 1 2 2 2 2 2
left_child=1 -1 3 12 -5 6 7 9 13 -6 11 -10 -2 -9
right_child=2 -3 -4 4 5 -7 -8 8 10 -11 -12 -13 -14 -15
leaf_value=-0.00026205396236590284 0.00025544840190361528 3.0514298491228641e-05 -2.3069027323217337e-05 0.0003807811623167184 -8.1073176960409137e-05 0.00037223857902231262 0.00033063586941325343 -0.00048925362763379589 0.00025984363225392369 0.001008075997550203 -0.00083580492259150276 -0.0011302858176946526 0.0016021069785416085 0.00062230950223865174
leaf_weight=9085814.1960570812 4008184.4519811869 13600501.758911133 69820684.644310355 9526790.3466515541 14175923.673077941 3194855.0088496208 2110839.6435546875 865065.59499657154 498048.45772063732 1024746.8157699108 1254675.3163757324 770000.37167739868 1324566.2813076973 1066222.0170898438
leaf_count=10976 5451 6790 42217 22124 14886 4381 1162 2352 1463 3218 566 1154 2523 822
internal_value=6.84914e-06 -0.000888824 0.000192178 0.000960456 0.000499799 -0.000190432 -0.000793695 -0.00125554 -0.00415512 -0.000405921 -0.00796988 -0.00390351 0.00393955 0.000827906
internal_weight=1.32327e+08 2.26863e+07 1.09641e+08 3.98199e+07 3.44872e+07 2.49604e+07 2.17655e+07 1.96547e+07 4.45401e+06 1.52007e+07 2.52272e+06 1.26805e+06 5.33275e+06 1.93129e+06
internal_count=120085 17766 102319 60102 52128 30004 25623 24461 6357 18104 3183 2617 7974 3174
cat_boundaries=0 1 2
cat_threshold=418 68
is_linear=0
shrinkage=0.03


Tree=206
num_leaves=15
num_cat=5
split_feature=2 16 0 11 0 16 0 14 0 12 11 0 13 10
split_gain=22526.9 40132.6 43484.6 30098.4 80385.6 66484.7 72098.7 62446 51599.6 92683.2 51997 48544.9 47843 42080.8
threshold=1.0000000180025095e-35 0.060170933035498107 0 0.96214500782476298 1 0.042688784365488237 2 0.8711264372703923 3 1.0091514731206532 0.99579473430313603 4 0.60542637678489164 0.83817355033030538
decision_type=2 2 1 2 1 2 1 2 1 2 2 1 2 2
left_child=1 -1 -3 4 12 6 -6 -7 9 -5 -11 -9 -2 -14
right_child=3 2 -4 8 5 7 -8 11 -10 10 -12 -13 13 -15
leaf_value=-0.00023528369090640013 -7.0064779533831378e-05 -0.00036164343980374635 8.4188742916183258e-05 0.00092629733861040835 0.0023957434773731745 0.00025727990423323474 0.0002535249377289967 -8.0724076283047812e-05 -3.9497627553563956e-05 -0.00099159250425429665 0.0001020301831870881 -0.00069689538897391601 9.9253353824909713e-05 0.00055811418637534665
leaf_weight=9095399.3784934282 1200978.0645639896 2648942.930267334 10922749.298095703 3523095.5411199331 408523.13933396339 2707094.0225524902 1064565.5448186398 4187454.8887329102 70231876.486399174 1065143.685757041 17588094.055661321 3056264.0645599365 1358247.2575085163 3346285.2869054079
leaf_count=11005 1068 2185 4562 4410 818 1510 3686 2609 56803 1412 23471 2228 1842 2516
internal_value=1.74022e-05 -0.000843592 0.000189802 0.000195247 0.00134255 -0.000126512 0.00582174 -0.00100707 -1.99085e-05 0.00124166 0.000398789 -0.00245991 0.00418437 0.00554868
internal_weight=1.32405e+08 2.26671e+07 1.35717e+07 1.09738e+08 1.73294e+07 1.14239e+07 1.47309e+06 9.95081e+06 9.24082e+07 2.21763e+07 1.86532e+07 7.24372e+06 5.90551e+06 4.70453e+06
internal_count=120125 17752 6747 102373 16277 10851 4504 6347 86096 29293 24883 4837 5426 4358
cat_boundaries=0 1 2 3 4 5
cat_threshold=162 145 8 98 262
is_linear=0
shrinkage=0.03


Tree=207
num_leaves=15
num_cat=0
split_feature=11 1 11 1 12 12 12 9 16 9 5 2 11 9
split_gain=26385.9 116773 84859.7 42877.7 39932.6 91957.7 39106 72891.5 85181.2 62805.9 44346.1 42479.6 173802 116063
threshold=0.98543013854132477 18.500000000000004 0.98059644709439753 11.500000000000002 0.99379942660604637 0.9608647852025366 0.99523338337776046 73.500000000000014 0.067651891954113669 63.500000000000007 1.0000000180025095e-35 4.5000000000000009 1.1898158400972219 74.500000000000014
decision_type=2 2 2 2 2 2 2 2 2 2 2 2 2 2
left_child=1 2 3 4 5 -1 7 -2 -9 -8 11 -11 13 -13
right_child=6 -3 -4 -5 -6 -7 9 8 -10 10 -12 12 -14 -15
leaf_value=-0.00017117181905127674 0.00038420490296823867 0.00070709719539589332 0.00094014923685623454 -0.00015382516788394279 -0.0001632111187748522 0.00044470371343011285 -0.00061436873162739616 -8.9023402127799231e-05 -0.0007698541022350448 -3.0609951854139939e-05 0.00050891393477202373 -0.00069648438723966615 -0.002932473315893335 0.00032309918463423556
leaf_weight=2523867.2729070187 1507721.7028341293 4347488.2668495178 1350366.6380853653 13306139.272125244 3374414.1698430777 3831543.2017208338 1579071.5923566818 4318739.8038749695 3753438.3488769531 74863593.462658048 1175470.6935218573 1046585.1794475317 722281.73319685459 14453573.882187605
leaf_count=3482 1344 6236 1126 8205 3600 3653 1261 5147 2082 59625 923 1582 1203 20375
internal_value=1.78342e-05 0.000822052 1.45542e-05 -0.000413917 0.00109967 0.00250009 -0.000205605 -0.00203141 -0.00316236 -1.92144e-05 8.23209e-05 7.60405e-06 0.00139936 0.00206967
internal_weight=1.32154e+08 2.87338e+07 2.43863e+07 2.3036e+07 9.72982e+06 6.35541e+06 1.0342e+08 9.5799e+06 8.07218e+06 9.38406e+07 9.22615e+07 9.1086e+07 1.62224e+07 1.55002e+07
internal_count=119844 26302 20066 18940 10735 7135 93542 8573 7229 84969 83708 82785 23160 21957
is_linear=0
shrinkage=0.03


Tree=208
num_leaves=15
num_cat=3
split_feature=10 0 0 2 10 2 2 11 14 9 0 12 12 16
split_gain=18493.5 83782 53962.5 53033.1 52227.9 51844.2 68205.9 105720 91324.9 47899.3 58864.5 55101.5 143198 121412
threshold=1.0804981498706023 0 1 2.5000000000000004 1.0706261925406164 1.0000000180025095e-35 3.5000000000000004 1.1248979320239345 0.95387076633792656 74.500000000000014 2 0.99523338337776046 0.98075970649359323 0.064366902212945387
decision_type=2 1 1 2 2 2 2 2 2 2 1 2 2 2
left_child=2 5 4 -4 -1 -2 7 -7 -8 10 -5 12 13 -11
right_child=1 -3 3 9 -6 6 8 -9 -10 11 -12 -13 -14 -15
leaf_value=-0.0001039028510303362 -0.00051211039339248664 0.00026077109042868583 -3.6330638439723363e-05 0.00015121105119449032 -0.00076903959308885527 -0.00023007243409811027 -0.00093657758294483093 0.00053946893875278252 2.9161072076006151e-05 0.0010446716606628533 -0.00044545844762420688 0.00022841570414742091 -0.00078668933624073917 -0.00017206092323806158
leaf_weight=31320530.642890453 2279020.2946258783 20542829.194976211 32629826.47145927 1720365.3268176317 1796493.8447316885 3021394.048828721 1894685.8083103895 3322572.796647191 2629097.934896946 1975326.5924817324 1383422.9898824692 22262847.082276225 2610142.7169337273 2572792.8096618652
leaf_count=28034 1390 27300 23319 1728 1509 1586 1413 2274 2365 3195 804 20896 2354 1766
internal_value=7.78559e-05 0.000684416 -0.000130086 0.000371108 -0.00111614 -0.0011857 -0.000322991 0.00168394 -0.00313743 0.00122839 -0.00231617 0.00160232 -0.000687282 0.00252713
internal_weight=1.31961e+08 3.36896e+07 9.82717e+07 6.51547e+07 3.3117e+07 1.31468e+07 1.08678e+07 6.34397e+06 4.52378e+06 3.25249e+07 3.10379e+06 2.94211e+07 7.15826e+06 4.54812e+06
internal_count=119933 36328 83605 54062 29543 9028 7638 3860 3778 30743 2532 28211 7315 4961
cat_boundaries=0 1 2 3
cat_threshold=26 261 74
is_linear=0
shrinkage=0.03


Tree=209
num_leaves=15
num_cat=3
split_feature=11 1 0 7 11 11 2 1 9 0 9 1 9 0
split_gain=23913.9 64849.6 117444 64847.6 86734.8 79330 64143.1 48777.5 125649 82252.1 59807 216510 140250 91392.7
threshold=0.99272723637215787 17.500000000000004 0 1.0000000180025095e-35 0.89451372984939514 0.97755348269850095 1.0000000180025095e-35 17.500000000000004 88.500000000000014 1 89.500000000000014 8.5000000000000018 68.500000000000014 2
decision_type=2 2 1 2 2 2 2 2 2 1 2 2 2 1
left_child=1 3 -3 5 -5 6 -1 10 9 -9 11 12 -2 -13
right_child=7 2 -4 4 -6 -7 -8 8 -10 -11 -12 13 -14 -15
leaf_value=-0.00028619650985980667 -0.0014048787676822691 0.00075319737611734391 -9.3584680465843924e-06 0.00048920525231475106 -0.00092515351807452584 0.00055666141215321104 7.7101445598856973e-05 -0.00012194961868760503 -3.3833739481691802e-05 -0.00089504045943768359 -1.9627471055624646e-05 -0.00012182700202627388 -6.9935136000921991e-05 0.00045695598050139464
leaf_weight=3647244.5017176867 890480.95283925533 3206340.3590927124 4313509.112631321 1506874.671921134 3681356.5267459154 3011901.1128668785 12456742.565881371 1699657.2663967609 19338008.308036923 2465780.6240692139 62640850.667951345 2133323.256652832 2521737.0134774446 8552392.5645997524
leaf_count=2669 1276 2577 5814 2129 5018 2386 8874 2806 21120 1863 52681 1476 3513 5855
internal_value=7.02889e-05 0.00078676 0.00322139 3.34698e-05 -0.00294104 0.00084078 4.99178e-06 -0.00015717 -0.00135294 -0.00607913 0.000209069 0.00197446 -0.00460464 0.00407533
internal_weight=1.32066e+08 3.1824e+07 7.51985e+06 2.43041e+07 5.18823e+06 1.91159e+07 1.6104e+07 1.00242e+08 2.35034e+07 4.16544e+06 7.67388e+07 1.40979e+07 3.41222e+06 1.06857e+07
internal_count=120057 29467 8391 21076 7147 13929 11543 90590 25789 4669 64801 12120 4789 7331
cat_boundaries=0 1 2 3
cat_threshold=25 419 68
is_linear=0
shrinkage=0.03


Tree=210
num_leaves=15
num_cat=0
split_feature=10 12 11 1 12 12 10 3 12 10 2 16 1 11
split_gain=20197.3 47642 34246.5 62833.9 56579.2 52214.7 60413.3 51962.7 44403.6 77303.5 55314.4 60329.3 49958.9 38298.8
threshold=0.79976984507662452 0.91201871032151005 0.99272723637215787 18.500000000000004 1.0116324710920543 0.98075970649359323 0.91803706662057427 1.5000000000000002 0.99523338337776046 1.0308391627668356 1.5000000000000002 0.062303194746538261 19.500000000000004 0.97755348269850095
decision_type=2 2 2 2 2 2 2 2 2 2 2 2 2 2
left_child=1 -1 3 4 13 -5 -7 -6 9 -4 -11 -12 -10 -2
right_child=2 -3 8 5 7 6 -8 -9 12 10 11 -13 -14 -15
leaf_value=0.00030177194090380013 3.8453543182499243e-05 -0.00037641250853255576 -0.00077950836396331808 0.0013002582643551542 -0.00036882416643290871 0.00082155547236337136 -0.00022990139841008711 -0.0017596068540757237 2.2522345532709814e-05 0.0002500488778447305 0.00023408865422867343 -0.00083715785899926792 -0.00030107828008749007 0.00046553851961829201
leaf_weight=1405807.3925818205 13408587.837978005 4315864.4753769636 2316084.3589884043 1235891.3559370041 3594970.3151022196 1247011.6799879074 1547330.4272532463 1348384.3493771553 83777565.372550845 2192469.514546752 1457887.3834884167 2143824.3424072266 8164372.3368368149 3817204.8462728262
leaf_count=1663 9822 4658 1891 1669 2578 1313 2525 1933 67423 1516 2292 1426 15925 3243
internal_value=3.44095e-05 -0.00170893 0.000113417 0.00107898 0.00045256 0.00452471 0.00225379 -0.00237658 -0.000139422 -0.00226735 -0.000415587 -0.00270254 4.82843e-05 0.00126445
internal_weight=1.31973e+08 5.72167e+06 1.26252e+08 2.61994e+07 2.21691e+07 4.03023e+06 2.79434e+06 4.94335e+06 1.00052e+08 8.11027e+06 5.79418e+06 3.60171e+06 9.19419e+07 1.72258e+07
internal_count=119877 6321 113556 23083 17576 5507 3838 4511 90473 7125 5234 3718 83348 13065
is_linear=0
shrinkage=0.03


Tree=211
num_leaves=15
num_cat=1
split_feature=12 0 12 12 12 14 10 10 10 16 12 12 10 10
split_gain=21907.1 79131.4 106906 44976.8 53894.8 47159.7 57386.3 42325.3 41005.2 40753.7 64362.6 77384.2 35954.2 35381
threshold=1.0051336041564809 0 1.0022632125571322 0.98244423354187715 0.93483684010591095 1.0395001055201685 0.98305682978426401 0.98774918197535599 0.91803706662057427 0.06641745348188037 0.98124154101434635 0.99089825308228641 1.0049949454514786 1.0375161902555876
decision_type=2 1 2 2 2 2 2 2 2 2 2 2 2 2
left_child=1 2 9 4 -3 7 -7 8 -5 -1 -11 -12 -8 -2
right_child=13 3 -4 5 -6 6 12 -9 -10 10 11 -13 -14 -15
leaf_value=0.00028827294069866079 -0.00010359998309279686 -0.00026711923201446831 0.0010015784610772098 -0.00027505613151300115 0.00016794112884546038 -0.00054284732228387803 0.00095434881423787357 -0.00024369733951152609 0.00023633215258688764 -0.00040236247572721047 0.00099260727008424116 -0.00018983508556722121 -0.0022559869353643378 1.569294866286494e-05
leaf_weight=8419990.6786282063 31877248.542174935 2500760.3097943068 2998041.6778265238 1736062.6711696386 8615156.4881170988 833729.87313556671 793797.21065568924 11099113.439532518 2409533.5266829729 3270884.9602355957 1671627.9654541016 3102703.0980834961 1061399.7463428974 51864953.09269619
leaf_count=11541 27904 2835 2606 1013 6840 917 959 6419 1626 1931 1207 2020 1627 50338
internal_value=-7.82936e-06 0.000499456 0.00197969 -0.000492302 0.00100706 -0.00142166 0.00224138 -0.00206777 0.000518733 0.00103094 -0.00049595 0.00172503 0.0051794 -0.000301705
internal_weight=1.32255e+08 4.85128e+07 1.94632e+07 2.90496e+07 1.11159e+07 1.79336e+07 2.68893e+06 1.52447e+07 4.1456e+06 1.64652e+07 8.04522e+06 4.77433e+06 1.8552e+06 8.37422e+07
internal_count=119783 41541 19305 22236 9675 12561 3503 9058 2639 16699 5158 3227 2586 78242
cat_boundaries=0 1
cat_threshold=139
is_linear=0
shrinkage=0.03


Tree=212
num_leaves=15
num_cat=0
split_feature=13 2 1 3 1 9 13 1 9 9 2 14 1 12
split_gain=18693.7 36367.3 24891.5 37572.6 20478.5 83114.4 39358.4 27316.2 38441.9 33839 32298.4 44252.7 224498 104577
threshold=1.230564999705009 4.5000000000000009 18.500000000000004 1.0000000180025095e-35 6.5000000000000009 82.500000000000014 0.96153825777798452 10.500000000000002 70.500000000000014 79.500000000000014 4.5000000000000009 0.9576031826385033 8.5000000000000018 1.004046389019269
decision_type=2 2 2 2 2 2 2 2 2 2 2 2 2 2
left_child=4 2 3 -2 5 -1 -7 8 -6 -10 11 12 13 -11
right_child=1 -3 -4 -5 7 6 -8 -9 9 10 -12 -13 -14 -15
leaf_value=-0.0011318470925929954 0.00024235643158068438 0.0017507570748501141 0.0011723574216958368 -0.0010843543641747967 -0.00021866319303875934 -0.00072534965847334749 0.00019302355292710743 -2.3552321481580605e-05 0.00040472789839634008 3.9103164119768402e-05 0.00036532211449984576 -5.3115568991064506e-05 -0.00026910625692160559 0.00064572189113853984
leaf_weight=564912.06336271763 1527812.9844405651 1247389.3866916895 737299.4569299221 1183572.090420723 1939426.927491188 1359925.6286308765 2544318.3088963032 88530949.977454782 1922029.8386267424 2145412.4511413574 3633499.6234705448 16478872.011230469 4576658.583404541 3674239.0332336426
leaf_count=2165 3793 3736 2010 1995 1142 8881 7434 68592 1147 913 5368 8216 2798 1785
internal_value=3.30862e-05 0.00189191 0.000304156 -0.00102491 -3.54478e-05 -0.00203026 -0.000474043 3.70911e-05 0.000754902 0.00100026 0.000757023 0.000398112 0.00193075 0.00584018
internal_weight=1.32066e+08 4.69607e+06 3.44868e+06 2.71139e+06 1.2737e+08 4.46916e+06 3.90424e+06 1.22901e+08 3.43701e+07 3.24307e+07 3.05087e+07 2.68752e+07 1.03963e+07 5.81965e+06
internal_count=119975 11534 7798 5788 108441 18480 16315 89961 21369 20227 19080 13712 5496 2698
is_linear=0
shrinkage=0.03


Tree=213
num_leaves=15
num_cat=1
split_feature=14 11 11 16 14 11 1 16 9 0 2 13 9 9
split_gain=19437.6 53831.8 17779.7 15240.9 61921.6 56882.2 46265.4 39285 103660 60917.7 56038.9 41322.8 37258.9 63436.2
threshold=0.63766516999298961 1.3328353141383971 0.92084674428756708 0.055837334735462339 0.9576031826385033 0.98543013854132477 18.500000000000004 0.049804194175047133 89.500000000000014 0 1.5000000000000002 1.4514817602815107 64.500000000000014 89.500000000000014
decision_type=2 2 2 2 2 2 2 2 2 1 2 2 2 2
left_child=1 2 -1 4 5 6 -2 8 9 -6 -9 -10 -5 -14
right_child=3 -3 -4 12 7 -7 -8 10 11 -11 -12 -13 13 -15
leaf_value=-0.00025525501698063215 1.9008448653605263e-05 0.00045624196733633096 -0.0013891613507715081 -0.0003771739667640633 -8.7930908464889626e-05 -0.00029146524088402765 0.0012492822439773531 -1.3846955583353969e-05 0.00015300835039831293 -0.0011796592290562753 0.0004372911864668955 0.0029493796141700003 0.00013883362882717362 -4.2077327692816455e-05
leaf_weight=524193.16760313511 2172376.123237133 598821.51237344742 422723.67807972431 1955201.4591369629 1039983.9676718712 9564606.8239996433 796680.63340520859 4111527.4920349121 11333160.474644542 1090242.5005911589 7757714.8528680801 467399.47332918644 13304383.938294649 77125897.014215469
leaf_count=463 2733 419 1806 1028 2677 15800 1398 2348 25610 2351 5120 3693 8279 46131
internal_value=-2.88623e-06 -0.00334731 -0.00779942 3.66612e-05 0.000539546 -0.00119036 0.00243703 0.00137994 0.000299378 -0.00579148 0.00264817 0.00139889 -0.000172002 -8.3414e-05
internal_weight=1.32265e+08 1.54574e+06 946917 1.30719e+08 3.83337e+07 1.25337e+07 2.96906e+06 2.58e+07 1.39308e+07 2.13023e+06 1.18692e+07 1.18006e+07 9.23855e+07 9.04303e+07
internal_count=119856 2688 2269 117168 61730 19931 4131 41799 34331 5028 7468 29303 55438 54410
cat_boundaries=0 1
cat_threshold=433
is_linear=0
shrinkage=0.03


Tree=214
num_leaves=15
num_cat=4
split_feature=10 11 11 0 1 1 1 11 10 0 14 0 0 9
split_gain=17451 40654.9 38468.9 83748.7 84887.2 53524.9 73988.2 52577 40941.5 38397.2 37124 38539 31913.3 54934.7
threshold=0.81586805158820941 0.78683299918466465 0.98543013854132477 0 17.500000000000004 10.500000000000002 18.500000000000004 0.97444208477667915 0.90675470765210653 1 0.99124785666208559 2 3 75.500000000000014
decision_type=2 2 2 1 2 2 2 2 2 1 2 1 1 2
left_child=1 -1 3 4 7 -5 8 10 -7 -6 -2 -12 13 -4
right_child=2 -3 12 5 9 6 -8 -9 -10 -11 11 -13 -14 -15
leaf_value=0.00028715328325393491 0.00011475718667537667 -0.00032082864454703982 -0.00061794639507685672 0.00022731720800015762 0.00091840767165006238 -0.00059274211659902812 0.00057487070521993009 0.0014813740312821469 -0.00013615813653932858 0.00060419393691189783 -0.00045819785917572468 0.00020396915403695512 -2.7039841377705873e-05 0.00025866172514278114
leaf_weight=1865374.7734616995 4255166.1235328913 4894169.7130231857 1327120.203605175 3412646.8720804453 1664569.7254600525 2713721.2731933594 1690008.8846588135 1209763.2528973818 3468104.7415161133 951859.30820655823 1421973.554579258 1404011.5492138863 90235529.396850944 11545519.014815688
leaf_count=2210 2819 5386 2111 3614 1160 1393 2039 1436 1941 1675 762 1889 72004 19336
internal_value=4.39746e-05 -0.00144081 0.000124074 0.00125713 0.00313167 -0.000554765 -0.00191516 0.00164493 -0.00343589 0.00784285 0.000657474 -0.00200797 -0.000119792 0.00127759
internal_weight=1.3206e+08 6.75954e+06 1.253e+08 2.21918e+07 1.09073e+07 1.12845e+07 7.87183e+06 8.29091e+06 6.18183e+06 2.61643e+06 7.08115e+06 2.82599e+06 1.03108e+08 1.28726e+07
internal_count=119775 7596 112179 18728 9741 8987 5373 6906 3334 2835 5470 2651 93451 21447
cat_boundaries=0 1 2 3 4
cat_threshold=179 17 16 96
is_linear=0
shrinkage=0.03


Tree=215
num_leaves=15
num_cat=4
split_feature=14 16 11 3 0 16 0 12 10 0 0 11 11 12
split_gain=25195.5 54745.3 33552 51676.4 54090.5 43311.9 36678 28264.8 96961.3 78664.8 72086.6 54755.2 89328.6 75452.7
threshold=0.82291761338925473 0.079404344500914756 0.95724998694521646 1.0000000180025095e-35 0 0.056042834494157735 1 1.0237498270125132 1.0804981498706023 2 3 1.0292425370146423 1.0318169443797804 1.0048876901737636
decision_type=2 2 2 2 1 2 1 2 2 1 1 2 2 2
left_child=1 2 -1 5 -5 6 -4 8 11 -9 -10 -2 -13 -14
right_child=7 -3 3 4 -6 -7 -8 9 10 -11 -12 12 13 -15
leaf_value=2.287804576376516e-05 5.9661708857862806e-05 0.00014736216936949215 -0.00033309863198072685 -0.00046083515862569281 -0.0021523267453400661 3.8455786387310247e-05 -0.0013069955063499446 0.00028575575426253964 -0.00051912253140214799 -9.2342951257298671e-05 0.00075190638146517617 -0.00064855634453573816 -0.00038882693068472069 0.00015553051322330595
leaf_weight=2153677.5842274427 57470370.03139174 3334442.5409402847 526371.99545502663 632270.87727177143 923746.71077775955 2332262.0807495117 544428.00474560261 9021863.6360535622 901989.00539290905 36472033.677961349 4174791.9889582396 2241504.0992999077 3694111.2747489214 7866832.2760232687
leaf_count=2087 45975 1699 1330 1374 1364 1623 1616 12954 1570 30619 4911 2027 3127 7497
internal_value=0.000155567 -0.00125834 -0.00274525 -0.0041031 -0.00863202 -0.0020323 -0.00702717 0.000276799 0.000629508 -0.00031513 0.00463527 0.000344177 -0.00135257 -0.000289864
internal_weight=1.32291e+08 1.04472e+07 7.11276e+06 4.95908e+06 1.55602e+06 3.40306e+06 1.0708e+06 1.21843e+08 7.63496e+07 4.54939e+07 5.07678e+06 7.12728e+07 1.38024e+07 1.15609e+07
internal_count=119773 11093 9394 7307 2738 4569 2946 108680 65107 43573 6481 58626 12651 10624
cat_boundaries=0 1 2 3 4
cat_threshold=376 278 289 288
is_linear=0
shrinkage=0.03


Tree=216
num_leaves=15
num_cat=4
split_feature=12 16 16 14 0 12 2 0 14 2 12 0 16 0
split_gain=24118.5 22269.6 33939.5 43668 36761.2 28594.2 47592.2 102559 65877.8 54529 45908.3 112174 122014 77377
threshold=1.1713962242554434 0.099461805862942745 0.091205136300103837 0.9576031826385033 0 1.080090879916801 3.5000000000000004 1 0.94996696603761654 1.5000000000000002 1.0215739068061271 2 0.071622727945162223 3
decision_type=2 2 2 2 1 2 2 1 2 2 2 1 2 1
left_child=1 2 5 -4 -5 10 7 -7 -8 -9 13 12 -12 -1
right_child=-2 -3 3 4 -6 6 8 9 -10 -11 11 -13 -14 -15
leaf_value=0.00020916914021458171 -0.00050227648398196308 0.00024913112918991699 5.0221823650732354e-05 -0.00033426412692492052 -0.00014415438393409615 0.0007981396931361044 -0.0011569506252227483 -0.00044233917822455472 8.9373624956125085e-05 0.00029846065452580005 -2.6175483876358272e-05 -0.00028550216785634767 0.00038914152591143817 -2.3251541918110827e-05
leaf_weight=23755399.431600213 1724588.3763693571 3433552.0175116062 3208359.3257083893 2977251.9703369141 3063083.0559902191 3374739.5770611763 813018.93887221813 1782359.9525922537 3135133.2283428907 1778031.5757339001 7467036.4868998528 22881631.164251924 3114174.7038553953 49656476.646803379
leaf_count=25236 1707 2244 1293 796 1555 3446 1000 1535 3980 1518 6679 26068 1353 41438
internal_value=3.32895e-05 7.98884e-05 1.54374e-05 -0.00173447 -0.00323683 0.000152875 0.00161782 0.00311468 -0.00101147 -0.000437157 3.6959e-06 -0.000917243 0.001637 0.000423481
internal_weight=1.32165e+08 1.3044e+08 1.27007e+08 9.24869e+06 6.04034e+06 1.17758e+08 1.08833e+07 6.93513e+06 3.94815e+06 3.56039e+06 1.06875e+08 3.34628e+07 1.05812e+07 7.34119e+07
internal_count=119848 118141 115897 3644 2351 112253 11479 6499 4980 3053 100774 34100 8032 66674
cat_boundaries=0 1 2 3 4
cat_threshold=18 102 273 202
is_linear=0
shrinkage=0.03


Tree=217
num_leaves=15
num_cat=0
split_feature=5 3 9 11 11 10 10 14 11 2 1 14 10 11
split_gain=16030.3 31956.5 54511.4 55052.4 40296.3 96606.5 86917.1 72259.6 70620.1 84193.2 54107.9 50774.9 39858.1 49639.8
threshold=1.0000000180025095e-35 1.0000000180025095e-35 66.500000000000014 1.2076425530695396 1.003224464819122 1.0008153620506099 1.0428102923176461 0.91710045033201182 0.9124081244535126 4.5000000000000009 9.5000000000000018 1.0558804221331071 1.1413265287497878 0.99272723637215787
decision_type=2 2 2 2 2 2 2 2 2 2 2 2 2 2
left_child=1 12 -3 4 6 -6 8 10 9 -4 -7 -10 13 -1
right_child=-2 2 3 -5 5 7 -8 -9 11 -11 -12 -13 -14 -15
leaf_value=0.00010800745470160545 -0.0004407978643608123 -0.00090657630568177967 -0.00035693574381489733 -0.001204259492368704 0.00063005337115179896 -0.00024936421395999845 0.00054424661669401093 5.300579150321487e-05 -0.00062240009691191432 0.0007985079742444096 -0.00067246855119384855 0.00012301616076146338 0.00023772622741812145 -3.2769754114295583e-05
leaf_weight=20404023.173056006 2090440.8549290895 957947.04386162758 1891671.5638022423 913650.62263119221 2374634.9687385559 823361.53072786331 1274462.9042600393 21495100.53859365 7368148.9774186611 2055199.8807442188 3342620.9675424099 1690243.3273062706 11313686.474040151 54062924.244074345
leaf_count=15742 1534 759 1704 1100 2626 2104 1545 24571 7033 2982 3551 3193 10898 40514
internal_value=-5.56845e-05 -1.37655e-05 -0.000669201 -0.000512346 -0.000355034 0.000305673 -0.00165221 -0.000230037 -0.0023849 0.000964175 -0.00384616 -0.00384414 0.000323861 7.17999e-05
internal_weight=1.32058e+08 1.29968e+08 4.4187e+07 4.32291e+07 4.23154e+07 2.80357e+07 1.42797e+07 2.56611e+07 1.30053e+07 3.94687e+06 4.16598e+06 9.05839e+06 8.57806e+07 7.44669e+07
internal_count=119856 118322 51168 50409 49309 32852 16457 30226 14912 4686 5655 10226 67154 56256
is_linear=0
shrinkage=0.03


Tree=218
num_leaves=15
num_cat=0
split_feature=16 16 3 14 2 9 16 14 11 3 12 16 12 12
split_gain=20482.8 101493 62708.2 52803.5 51668.2 74373.5 62146.8 49558.4 39262.1 41675.2 40359.8 44842.9 39227.5 45590.3
threshold=0.080905883085398492 0.076430906454491812 1.0000000180025095e-35 0.81770397650469617 2.5000000000000004 71.500000000000014 0.059414521901604671 0.85383693405725902 0.95910723597782088 1.0000000180025095e-35 1.0910749318255806 0.060847490334298489 0.98075970649359323 0.99523338337776046
decision_type=2 2 2 2 2 2 2 2 2 2 2 2 2 2
left_child=1 3 -3 8 5 6 -5 -2 -1 10 11 -10 -6 -14
right_child=7 2 -4 4 12 -7 -8 -9 9 -11 -12 -13 13 -15
leaf_value=6.9707752244808235e-05 0.0002252169270343078 0.00060504556949935915 0.00014654460554068807 0.0008681338020443863 0.00047266920801662248 -7.7613581851823413e-05 -9.3055078545788196e-05 -9.1911527370583653e-05 -0.00097068404329921781 -0.001307257575699517 0.00036778754927426903 1.3233616060128042e-05 -0.00036303938189012912 0.0001012785401701207
leaf_weight=2009496.212714076 3705060.2398300171 2950241.1575317383 4837616.3789606094 1451690.812841773 4068848.4547100067 42493930.445077658 1126367.2153930664 28104394.453474402 1268499.3918764591 1284626.8394596577 853090.1795258522 1070252.401184082 3934655.5265746117 33070615.354298115
leaf_count=2037 1881 1480 3639 1636 5719 37819 647 13941 2779 2477 858 730 4795 39503
internal_value=4.85099e-05 0.000258655 0.00354794 -1.78847e-05 0.000178651 -0.000522717 0.00442488 -0.000614903 -0.00262826 -0.00419211 -0.00235574 -0.00439316 0.000948285 0.000640862
internal_weight=1.32229e+08 1.0042e+08 7.78786e+06 9.26321e+07 8.61461e+07 4.5072e+07 2.57806e+06 3.18095e+07 6.48597e+06 4.47647e+06 3.19184e+06 2.33875e+06 4.10741e+07 3.70053e+07
internal_count=119941 104119 5119 99000 90119 40102 2283 15822 8881 6844 4367 3509 50017 44298
is_linear=0
shrinkage=0.03


Tree=219
num_leaves=15
num_cat=0
split_feature=10 11 11 11 3 9 16 9 12 11 10 12 12 12
split_gain=23702.1 16909.4 129520 51738 49021.2 74010.9 73479.3 52396.9 54086 58435.6 85888.4 55104.5 51871.9 51242.7
threshold=0.72565943610004047 0.99985733322981363 1.0004858951054538 1.0023540593275329 1.0000000180025095e-35 80.500000000000014 0.06641745348188037 85.500000000000014 1.0051336041564809 0.92170800641855088 1.0064121020445238 0.97179232307377039 1.0174118085830168 0.98927941568421962
decision_type=2 2 2 2 2 2 2 2 2 2 2 2 2 2
left_child=-1 4 -3 -4 7 -6 -7 -2 9 11 13 -9 -10 -11
right_child=1 2 3 -5 5 6 -8 8 12 10 -12 -13 -14 -15
leaf_value=-0.00035654843283783452 0.00049964823688167877 -0.0011330569310846795 0.00067929745104636176 -1.7005282716800279e-06 -0.00099021222623267091 0.00030121988381895723 -0.00027025917626429533 0.00012589666653900142 -0.0005334413669437259 0.00078791159215846514 -5.1747415373108635e-05 -0.00039961615692478056 3.8715966271828126e-05 0.00038616818831794316
leaf_weight=1527200.2983882427 2417257.1758205891 1472222.6630039215 1216469.9721982479 92532472.221451521 952808.69260156155 5305996.8265165091 6485408.0302429199 4600952.1466529369 1811921.3440164328 1994905.7306149006 3237126.8169081211 1451493.7016700506 3883632.3148672581 3761944.6402049065
leaf_count=1719 1618 995 1405 84189 788 8979 4664 4063 1007 1482 2195 935 3223 2784
internal_value=8.07052e-05 0.000123983 -8.52091e-05 5.3443e-05 0.000678791 -0.000815554 -0.000165675 0.00150111 0.00101397 0.00195649 0.00349017 -0.000322557 -0.00147596 0.00568853
internal_weight=1.32652e+08 1.31125e+08 9.52212e+07 9.37489e+07 3.59034e+07 1.27442e+07 1.17914e+07 2.31592e+07 2.0742e+07 1.50464e+07 8.99398e+06 6.05245e+06 5.69555e+06 5.75685e+06
internal_count=120046 118327 86589 85594 31738 14431 13643 17307 15689 11459 6461 4998 4230 4266
is_linear=0
shrinkage=0.03


Tree=220
num_leaves=15
num_cat=3
split_feature=10 16 16 10 12 11 11 0 0 11 2 10 0 9
split_gain=19519.2 24699 36712.4 59587.7 21254.3 84416.1 63811.6 140347 132581 94311.1 73477.8 73233.4 68781 105366
threshold=0.72565943610004047 0.099461805862942745 0.091205136300103837 1.0395588043783788 1.0051336041564809 1.0299326936213087 1.0141369090599361 0 1 1.0346667605123312 1.5000000000000002 0.99530105105811595 2 89.500000000000014
decision_type=2 2 2 2 2 2 2 1 1 2 2 2 1 2
left_child=-1 2 4 -4 5 -2 8 9 -6 -8 -11 -10 13 -9
right_child=1 -3 3 -5 6 -7 7 12 11 10 -12 -13 -14 -15
leaf_value=-0.00034152098961708473 0.00012036053033074237 0.0002661761493297426 -0.00025988081735367827 5.2355467720605962e-05 -0.0006889997315975585 -0.00032375471903324922 -0.0017202701405181614 -0.00044506281351046914 -0.00021641787456612468 -0.00068748687576114336 4.4249640626459008e-05 -0.0016007802486577795 2.7449034869480547e-05 0.00056571001976423081
leaf_weight=1531625.7662905455 37294820.849542737 3467084.2095644474 4750426.5771307945 4591673.7693157196 6695371.1717407703 5627226.9904488325 1714684.1899473667 1764782.9436856508 4436613.3804957867 2840316.0071640015 5932980.9374668598 3062530.1381487846 38934495.414460421 9486049.5778918266
leaf_count=1714 32498 2263 1789 1913 6982 5693 1315 2591 3725 2640 6587 2444 36470 11124
internal_value=4.46272e-05 8.41145e-05 1.59833e-05 -0.00179424 0.000159555 0.000691783 -0.000145574 0.000278054 -0.00195634 -0.00287815 -0.00162048 -0.00469591 0.000937655 0.00300371
internal_weight=1.32131e+08 1.30599e+08 1.27132e+08 9.3421e+06 1.1779e+08 4.2922e+07 7.48678e+07 6.06733e+07 1.41945e+07 1.0488e+07 8.7733e+06 7.49914e+06 5.01853e+07 1.12508e+07
internal_count=119748 118034 115771 3702 112069 38191 73878 60727 13151 10542 9227 6169 50185 13715
cat_boundaries=0 1 2 3
cat_threshold=136 139 36
is_linear=0
shrinkage=0.03


Tree=221
num_leaves=15
num_cat=3
split_feature=10 11 0 0 16 13 13 10 0 12 14 3 11 12
split_gain=18621.1 38932.8 93873.8 55936.7 61790.5 43183.6 40977.4 39532.9 33735 96869.8 61110.7 69750.1 94268.3 54685.3
threshold=0.79976984507662452 0.96214500782476298 0 1 0.04412256231149083 1.0045068259632339 0.80212293079249208 0.88835278063957712 2 1.0091514731206532 0.91007864357583435 1.5000000000000002 1.3328353141383971 1.0671690946621852
decision_type=2 2 1 1 2 2 2 2 1 2 2 2 2 2
left_child=-1 2 -2 -4 -5 6 -6 -8 9 -3 11 12 -11 -12
right_child=1 8 3 4 5 -7 7 -9 -10 10 13 -13 -14 -15
leaf_value=-0.00017420572199309349 -0.00093179345634260529 0.00075569280824815122 0.0013139835944970155 0.0010324187360904462 -4.7671581681309061e-05 -0.00025965540063387261 7.1509797688998266e-05 0.00043308307629972572 -3.0702542966892373e-05 -0.00046246767989313738 -8.0952205441488186e-06 -0.0025275916787060046 0.00097136896735383919 0.00065374240384479009
leaf_weight=5783214.815699935 1535847.2279042006 4259529.4373341799 1609802.7874889374 1630003.1158001423 3168069.648651123 2828556.6946716309 2354801.4485473633 2280203.9343261719 84828894.97168386 3052303.0553100109 13263210.773615599 814293.71564424038 864289.8095870018 4397702.0478090048
leaf_count=6403 1726 5131 2427 3651 1631 1414 1040 995 66830 3949 16604 1768 622 6113
internal_value=8.11551e-05 0.000157032 0.00157056 0.00234975 0.00165948 0.0008256 0.00197675 0.0037741 -3.83268e-05 0.000892728 0.000103882 -0.00292422 -0.00126326 0.00091503
internal_weight=1.32671e+08 1.26888e+08 1.54073e+07 1.38714e+07 1.22616e+07 1.06316e+07 7.80308e+06 4.63501e+06 1.1148e+08 2.66513e+07 2.23918e+07 4.73089e+06 3.91659e+06 1.76609e+07
internal_count=120304 113901 12884 11158 8731 5080 3666 2035 101017 34187 29056 6339 4571 22717
cat_boundaries=0 1 2 3
cat_threshold=66 129 98
is_linear=0
shrinkage=0.03


Tree=222
num_leaves=15
num_cat=4
split_feature=2 5 10 10 0 2 14 0 0 3 1 9 0 2
split_gain=15952.7 93700.8 62216.9 57416.1 116895 62617.2 54412.4 62461.4 46981.9 43914.4 66882.2 62274.1 195481 57799.1
threshold=2.5000000000000004 1.0000000180025095e-35 1.2883310473777285 1.0804981498706023 0 1.5000000000000002 0.81146616402850247 1 2 1.0000000180025095e-35 9.5000000000000018 74.500000000000014 3 4.5000000000000009
decision_type=2 2 2 2 1 2 2 1 1 2 2 2 1 2
left_child=3 2 9 6 5 -5 7 -1 -8 10 -2 12 -11 -13
right_child=1 -3 -4 4 -6 -7 8 -9 -10 11 -12 13 -14 -15
leaf_value=-0.00032793646319285552 -8.7629989930455612e-05 0.0010232257863036064 -0.00099847347915386735 -0.00070951138311016449 0.0002888266117290067 0.00019843755961533217 -0.00029112876569115792 -0.0011507905889195857 -8.9244472610609608e-06 0.0010616163656665134 0.00028698546072403376 -0.00010142688700328194 -0.00082713147961008488 0.00015646277400445502
leaf_weight=781144.81701362133 5516826.8307437897 996265.94241642952 1066107.6329079866 2430945.7321423292 13370289.296722054 1188755.8298056126 10014656.193722606 772602.28723526001 37896100.19784534 995915.0723323822 14597050.424113035 18521143.23213315 2341809.6417933702 21654785.500464559
leaf_count=1083 5333 751 1058 2541 12073 1271 9745 964 24300 1205 10361 16079 2400 30600
internal_value=7.0806e-05 0.000402339 0.000261734 -0.000256913 0.0012477 -0.0035348 -0.000773716 -0.00629893 -0.000594533 0.000382161 0.00154138 -0.000153682 -0.00409118 0.000173436
internal_weight=1.32144e+08 6.56899e+07 6.46936e+07 6.64545e+07 1.699e+07 3.6197e+06 4.94645e+07 1.55375e+06 4.79108e+07 6.36275e+07 2.01139e+07 4.35137e+07 3.33772e+06 4.01759e+07
internal_count=119764 67787 67036 51977 15885 3812 36092 2047 34045 65978 15694 50284 3605 46679
cat_boundaries=0 1 2 3 4
cat_threshold=136 117 164 138
is_linear=0
shrinkage=0.03


Tree=223
num_leaves=15
num_cat=0
split_feature=12 10 14 9 11 11 10 13 13 10 2 16 2 12
split_gain=17814.9 68177.4 54112.6 51644.1 38575.7 89869.1 50597.8 38390.7 55553.3 53996.9 37043.4 35531.7 36295.6 35208.1
threshold=1.0215739068061271 1.0804981498706023 0.80066380668717885 83.500000000000014 1.0497631304646522 1.0685583530526284 1.0495977992914343 1.0180641976844422 1.230564999705009 0.91803706662057427 2.5000000000000004 0.080905883085398492 4.5000000000000009 1.0264271478443214
decision_type=2 2 2 2 2 2 2 2 2 2 2 2 2 2
left_child=1 4 -3 10 7 6 -6 -1 9 -9 -2 12 -11 -5
right_child=3 2 -4 13 5 -7 -8 8 -10 11 -12 -13 -14 -15
leaf_value=6.2197223527920268e-05 0.0006952251344207143 -0.0003724301411604183 0.00056993505660811027 -0.00035204177802709304 -0.0002166637026695325 0.00043420605113726675 -0.0012660384632282838 -0.00066639188930181167 0.0010906693991863036 -7.2011962050902076e-05 -0.00022086857003188212 -0.00022277255065670203 0.00030566990735578106 -3.5494729220209007e-05
leaf_weight=44948178.238359571 1507327.0477664471 1223662.2881817818 5012266.9953653812 6204870.2331775427 1209624.5985196829 1088198.8014699221 1554380.1198542118 2017596.9939836264 1767719.112642169 14249221.310701251 1912212.3380014896 5012150.6926574707 2957130.9350633621 41492192.712797523
leaf_count=35080 1649 1226 6317 4818 1422 1730 1459 1992 4991 10155 2771 2133 3636 40621
internal_value=1.65477e-05 0.000293178 0.0033069 -0.000422021 4.19435e-05 -0.00288183 -0.00575695 0.000200684 -0.000716781 -0.00109126 0.00313931 -0.000664553 -1.70532e-05 -0.000677343
internal_weight=1.32157e+08 8.10401e+07 6.23593e+06 5.11166e+07 7.48042e+07 3.8522e+06 2.764e+06 7.0952e+07 2.60038e+07 2.42361e+07 3.41954e+06 2.22185e+07 1.72064e+07 4.76971e+07
internal_count=120000 70141 7543 49859 62598 4611 2881 57987 22907 17916 4420 15924 13791 45439
is_linear=0
shrinkage=0.03


Tree=224
num_leaves=15
num_cat=2
split_feature=11 12 0 16 2 2 12 0 1 13 2 2 2 12
split_gain=20064.8 31151.5 67433.5 57068.4 39119.6 34959 33461.8 35138.8 38514.2 34837.6 32514 42699.2 43320.6 29005.9
threshold=1.1818563742125845 1.0671690946621852 0 0.082448142054577969 1.5000000000000002 2.5000000000000004 1.0336496147759966 1 12.500000000000002 0.94176080596858547 1.5000000000000002 3.5000000000000004 4.5000000000000009 1.0321335269730831
decision_type=2 2 1 2 2 2 2 1 2 2 2 2 2 2
left_child=1 6 5 4 -4 -3 13 10 9 -9 -8 -12 -13 -1
right_child=-2 2 3 -5 -6 -7 7 8 -10 -11 11 12 -14 -15
leaf_value=7.3966492018813603e-06 -0.00024477306607750268 0.00095179774982474699 -0.00030859782524502133 -0.00053832925321882648 0.00030275155409818831 0.00037188251254234144 0.00033803365697699685 -0.00068851498019028472 -0.00041389863140103535 6.9753731949972523e-05 -0.00046567888738084905 0.00071215269735959593 -0.00046952471868810065 0.0002223008217137184
leaf_weight=95265814.116470695 5487527.2139919996 2061287.2308478355 1907384.2303943634 1788519.3090820312 4101668.1325805187 2006368.3590431213 1912085.7561028004 1084631.7396309376 6553084.6589398384 3674165.4522993565 1831704.416639328 885593.92597818375 854122.09840989113 2393206.0627022982
leaf_count=81976 5774 2619 1660 774 4225 3435 1888 1628 5680 3561 1876 956 1753 1912
internal_value=2.39861e-05 0.000101134 0.00156433 -6.915e-05 0.00133103 0.00469565 -5.05529e-05 -0.00128747 -0.00224286 -0.000188682 0.0006834 -0.00100689 0.002359 0.000162172
internal_weight=1.31807e+08 1.2632e+08 1.18652e+07 7.79757e+06 6.00905e+06 4.06766e+06 1.14454e+08 1.67954e+07 1.13119e+07 4.7588e+06 5.48351e+06 3.57142e+06 1.73972e+06 9.7659e+07
internal_count=119717 113943 12713 6659 5885 6054 101230 17342 10869 5189 6473 4585 2709 83888
cat_boundaries=0 1 2
cat_threshold=352 387
is_linear=0
shrinkage=0.03


Tree=225
num_leaves=15
num_cat=4
split_feature=12 0 11 12 0 12 14 0 3 13 14 0 12 12
split_gain=17232.3 41576.1 37706.2 33540.8 89829 31510 29049.3 93280.6 33374.4 28715 25561.1 22115.2 95898.7 84963.2
threshold=0.93483684010591095 0 0.77380315183205817 0.97931461060566405 1 0.95319693640010461 1.1490865773862715 2 1.5000000000000002 1.0204187681418353 0.93605299253836838 3 1.013544279386674 1.0336496147759966
decision_type=2 1 2 2 1 2 2 1 2 2 2 1 2 2
left_child=1 2 -1 4 -2 10 11 -8 -9 -7 -6 12 -5 -14
right_child=3 -3 -4 6 5 9 7 8 -10 -11 -12 -13 13 -15
leaf_value=0.00054640406216552881 0.00043502889393609801 -0.00066110841851056462 -0.00025669548727093859 -0.00013270038261941502 1.9603234988083911e-05 0.00020171720638593798 0.0041253222774788939 -0.00017994081328552995 -0.0009427850142437426 -0.00016151603895432569 -0.0014955935122788837 4.3348390900385925e-05 0.00015072857695447474 -0.00013259563776608533
leaf_weight=1015327.4131646156 2645478.5840650797 1597829.4307804108 1808806.3180152178 23120954.712360501 641577.85496211052 4188861.3717272282 853226.26950502396 825602.44768631458 1168734.520326376 2463728.7463579178 843036.57466471195 70178339.758366227 13772274.418920755 7431350.3709723949
leaf_count=1343 1816 1636 1989 11269 806 3066 1916 3918 3760 2142 1532 73560 7230 4191
internal_value=0.000171456 -0.00166982 0.000518245 0.000235 0.00183624 0.000274954 8.78706e-05 0.00308095 -0.000470588 0.00115685 -0.00367686 1.3436e-05 -0.000511175 0.000945971
internal_weight=1.32555e+08 4.42196e+06 2.82413e+06 1.28133e+08 1.07827e+07 8.1372e+06 1.1735e+08 2.84756e+06 1.99434e+06 6.65259e+06 1.48461e+06 1.14503e+08 4.43246e+07 2.12036e+07
internal_count=120174 4968 3332 115206 9362 7546 105844 9594 7678 5208 2338 96250 22690 11421
cat_boundaries=0 1 2 3 4
cat_threshold=194 272 20 20
is_linear=0
shrinkage=0.03


Tree=226
num_leaves=15
num_cat=2
split_feature=13 2 16 12 1 0 0 14 1 13 1 14 13 14
split_gain=18961.1 46025.7 48694.4 24220.6 22629.8 61376.4 51659 51380.1 152762 62611.7 68047.6 59227.8 49821 49853.1
threshold=1.1860754665335995 4.5000000000000009 0.059670204921532327 1.0242844499832067 10.500000000000002 0 1 0.86110299051130601 8.5000000000000018 1.0707174912656292 7.5000000000000009 0.7440957282754741 1.0227549860122203 0.94768511884211415
decision_type=2 2 2 2 2 1 1 2 2 2 2 2 2 2
left_child=4 2 -2 -3 6 -6 -1 8 11 10 -9 -8 13 -7
right_child=1 3 -4 -5 5 12 7 9 -10 -11 -12 -13 -14 -15
leaf_value=-0.00023528544051958013 0.00051522379561742587 0.00186740284355232 -0.00048539575303442584 6.3052448979899011e-06 0.00013343983733350273 -0.00013289920554311236 3.4259692697695446e-05 -0.00017561324631945214 -0.00028612591818240492 0.00029310201956958077 9.0677798246539723e-05 0.00081620307854175431 -0.00018207322671892043 4.6130736238012362e-05
leaf_weight=7083947.139117837 2439258.6362118721 1273635.3288362026 2398795.1853027344 545349.27356564999 23406484.330803156 16146483.517098427 628740.58249759674 7348479.411849618 1436349.2031273842 4597189.5534921885 15852066.037183285 1560639.3177040815 20340319.206267357 26926353.389602661
leaf_count=11092 7565 2980 1952 1722 28731 9788 1779 11474 811 4131 7792 1787 12199 15851
internal_value=3.13283e-05 0.00159151 6.19704e-05 0.0056597 -5.15443e-05 -0.000320019 0.000553764 0.00107548 0.00443439 0.000637366 3.58245e-06 0.0094221 -0.000804627 -0.000226778
internal_weight=1.31984e+08 6.65704e+06 4.83805e+06 1.81898e+06 1.25327e+08 8.68196e+07 3.85074e+07 3.14235e+07 3.62573e+06 2.77977e+07 2.32005e+07 2.18938e+06 6.34132e+07 4.30728e+07
internal_count=119654 14219 9517 4702 105435 66569 38866 27774 4377 23397 19266 3566 37838 25639
cat_boundaries=0 1 2
cat_threshold=226 162
is_linear=0
shrinkage=0.03


Tree=227
num_leaves=15
num_cat=3
split_feature=12 0 12 1 11 0 10 11 12 0 9 12 11 1
split_gain=19643.7 86774.6 125075 99972 77321 77105.3 84806.3 98781 71203.9 69019.6 55822.4 44802.3 65015.4 77185.3
threshold=1.0215739068061271 0 1.02768276543342 18.500000000000004 0.96685428712680199 1 0.96771506909300131 0.88002456839183818 1.0552800080532883 2 83.500000000000014 0.93483684010591095 0.98543013854132477 17.500000000000004
decision_type=2 1 2 2 2 1 2 2 2 1 2 2 2 2
left_child=5 2 -2 10 -4 6 7 -1 9 -5 -3 -7 13 -13
right_child=1 3 4 8 -6 11 -8 -9 -10 -11 -12 12 -14 -15
leaf_value=4.4681801118373572e-05 -0.0014787019023598681 0.00047383522860777017 0.00087551573152219362 -0.0012548846435497716 -0.00023237859660956299 -0.00058283811781118509 0.00026046941214495308 -0.0015257231172653039 1.1607473478546137e-05 -0.00034556219831968966 5.3982218142419709e-05 2.7524101656790353e-05 -7.6482209582994938e-05 0.0004227406844109962
leaf_weight=3805774.7468292713 2526665.8926973343 2743513.441524148 955190.17010521889 1516575.5448150635 8425652.3784652948 1569826.4870760441 21708356.825846195 1118242.8509562016 2848976.8092024326 1599891.2426707745 30829470.905517101 11342984.143649697 37924216.601692915 3529142.4159812927
leaf_count=3940 1746 3110 939 1168 8874 1613 21234 1361 4685 3295 26127 8468 30255 3347
internal_value=9.34144e-05 -0.000365022 -0.00261015 0.000311128 -0.00101446 0.000384589 0.00170705 -0.00184749 -0.00326756 -0.00640132 0.00094701 -0.000263248 -0.000114746 0.00156638
internal_weight=1.32444e+08 5.14459e+07 1.19075e+07 3.95384e+07 9.38084e+06 8.09985e+07 2.66324e+07 4.92402e+06 5.96544e+06 3.11647e+06 3.3573e+07 5.43662e+07 5.27963e+07 1.48721e+07
internal_count=120162 49944 11559 38385 9813 70218 26535 5301 9148 4463 29237 43683 42070 11815
cat_boundaries=0 1 2 3
cat_threshold=136 202 20
is_linear=0
shrinkage=0.03


Tree=228
num_leaves=15
num_cat=3
split_feature=16 0 11 13 11 2 10 13 0 16 0 16 16 16
split_gain=21533.1 77868.4 41639.9 32536.2 25207.7 27221.5 36222.3 19001.9 64802.9 45239.9 19525.7 19515.8 35248 19222.4
threshold=0.091205136300103837 0 1.0166516806937385 0.99411818638148952 1.1902710751006842 2.5000000000000004 1.2883310473777285 1.230564999705009 1 0.060404811388209766 2 0.05445495842145575 0.0356981485934625 0.077091155074881179
decision_type=2 1 2 2 2 2 2 2 1 2 1 2 2 2
left_child=4 2 -2 -3 7 -6 -7 13 -9 10 -10 12 -12 -1
right_child=1 3 -4 -5 5 6 -8 8 9 -11 11 -13 -14 -15
leaf_value=-5.9270005260455617e-06 -0.00022289290727199617 -0.00011193141927693332 0.00037494005992388496 -0.00038312750535477867 1.8137052774789397e-05 -6.7857402125479926e-05 -0.0014621607487805947 0.0081467478822649497 0.0015358293079867917 -0.00054052672727527662 0.0013048856794949254 0.00093670939060489053 -0.0011260654235887475 7.6225264654971532e-05
leaf_weight=86704092.334435225 2272654.1066894531 3539583.1009216309 3715227.2980451584 3467166.7297973633 1689872.8729052544 845352.61804926395 867823.24850893021 424869.68663680553 911768.69646418095 1896348.546200037 414220.84730768204 390023.78771066666 402166.19771742821 24443354.282817841
leaf_count=85672 957 1757 1678 1627 1655 1267 838 1031 3404 1921 3808 437 611 13152
internal_value=2.86019e-05 -0.00113094 0.00138119 -0.00327777 0.000155233 -0.00238956 -0.00505439 0.000230156 0.00215481 0.000975648 0.00398895 0.00148488 -0.00115244 0.000153282
internal_weight=1.31985e+08 1.29946e+07 5.98788e+06 7.00675e+06 1.1899e+08 3.40305e+06 1.71318e+06 1.15587e+08 4.4394e+06 4.01453e+06 2.11818e+06 1.20641e+06 816387 1.11147e+08
internal_count=119815 6019 2635 3384 113796 3760 2105 110036 11212 10181 8260 4856 4419 98824
cat_boundaries=0 1 2 3
cat_threshold=456 16 42
is_linear=0
shrinkage=0.03


Tree=229
num_leaves=15
num_cat=3
split_feature=11 11 13 14 13 14 0 16 14 16 11 12 0 0
split_gain=21321.8 18197.9 20203.8 17932.6 18977.9 42322.6 47965.8 39367.1 35646.2 48952.5 96678.4 51599 46767.3 46099.9
threshold=1.1902710751006842 1.3328353141383971 0.95780812804472149 0.65985277686012767 0.98242304151561755 1.0898738100051839 0 0.05852787979769019 0.91007864357583435 0.066671385770565486 0.98543013854132477 0.99850866959735451 1 2
decision_type=2 2 2 2 2 2 1 2 2 2 2 2 1 1
left_child=3 2 -2 -1 8 -6 -7 -8 9 10 -5 -11 -13 -12
right_child=1 -3 -4 4 5 6 7 -9 -10 11 13 12 -14 -15
leaf_value=-0.00029345511182841738 -0.00092025087072145431 0.00027128200834347502 -0.0022378924029747417 0.00025660322433682862 -4.2116375639042571e-05 0.0019493981577874265 0.00051768623737662373 -0.00016000236948455953 6.5860823386034372e-05 -0.00014299267074882404 -0.00025214922893241286 0.00038455998849680023 -5.9003107877456307e-05 -0.00065328023055036385
leaf_weight=1144635.1215205193 1122580.9902631044 966569.86193013191 1683347.1751514673 2783427.9322762489 65618320.806553245 696707.32266974449 2798590.8329036236 2656892.3178682327 39592607.550477982 2714358.9665222168 2546280.4430328608 2752984.7537021637 2107843.7937927246 3135292.7650746107
leaf_count=2425 1279 817 1829 2844 50060 1187 9068 2524 36100 1404 4538 1127 1619 3090
internal_value=8.24415e-06 -0.00221475 -0.00343766 7.34823e-05 0.000107068 -0.000215296 0.00216391 0.00121726 0.000522942 -0.000670125 -0.00223791 0.00108182 0.00293204 -0.00448194
internal_weight=1.3232e+08 3.7725e+06 2.80593e+06 1.28548e+08 1.27403e+08 7.17705e+07 6.15219e+06 5.45548e+06 5.56328e+07 1.60402e+07 8.465e+06 7.57519e+06 4.86083e+06 5.68157e+06
internal_count=119911 3925 3108 115986 113561 62839 12779 11592 50722 14622 10472 4150 2746 7628
cat_boundaries=0 1 2 3
cat_threshold=16 281 484
is_linear=0
shrinkage=0.03


Tree=230
num_leaves=15
num_cat=3
split_feature=10 10 10 1 1 0 1 0 11 3 10 2 0 2
split_gain=15630.7 95764.5 66914.1 49889 41159 56315.2 76033 51319.2 77022.3 48601 47598.2 133450 155999 59658
threshold=1.0375161902555876 1.0361774965034085 1.0428102923176461 17.500000000000004 8.5000000000000018 0 18.500000000000004 1 1.1097774341648921 1.5000000000000002 1.0804981498706023 4.5000000000000009 2 1.5000000000000002
decision_type=2 2 2 2 2 1 2 1 2 2 2 2 1 2
left_child=1 -1 3 -2 7 6 9 8 -4 -6 13 -12 -13 -7
right_child=2 -3 4 -5 5 10 -8 -9 -10 -11 11 12 -14 -15
leaf_value=-5.8081237513112395e-06 0.00034959996155345266 -0.00097866743573454167 0.00048713164673341446 -0.00015499187693597535 -0.00026955548897287715 -0.00048856788585844451 0.00021637498015197502 -2.2906609945320438e-05 -0.00015873687307494953 6.6203840965950648e-05 0.00033568917307829537 0.00033006929266856397 -0.0013365681495316633 5.3335985581965484e-05
leaf_weight=68669008.867439032 5031023.0807489157 2009273.2604110241 3431395.978808403 1585473.0486087799 9333713.4133300781 3106127.5749993324 2853374.0160179138 5425215.8263839483 1135909.6225504875 2595939.2838134766 17163153.95745945 1988829.4975504875 1868013.6679064035 6269907.1540331841
leaf_count=58995 3594 1555 4163 1417 3232 2570 2330 9659 1634 1461 16643 4149 2252 6322
internal_value=6.52156e-05 -0.00023948 0.000413752 0.00326458 7.18635e-05 -0.000313495 -0.00183226 0.00181418 0.00415734 -0.00288448 0.000425155 0.00121802 -0.00382448 -0.00135237
internal_weight=1.32466e+08 7.06783e+07 6.17881e+07 6.6165e+06 5.51716e+07 4.51791e+07 1.4783e+07 9.99252e+06 4.56731e+06 1.19297e+07 3.0396e+07 2.102e+07 3.85684e+06 9.37603e+06
internal_count=119976 60550 59426 5011 54415 38959 7023 15456 5797 4693 31936 23044 6401 8892
cat_boundaries=0 1 2 3
cat_threshold=24 88 225
is_linear=0
shrinkage=0.03


Tree=231
num_leaves=15
num_cat=4
split_feature=14 11 10 12 0 12 11 0 0 11 11 2 11 0
split_gain=19126.6 32602.2 19621.9 17419.2 62399.8 56127.7 52060.9 220677 143035 154125 87486.9 74418.5 59062.7 55135.7
threshold=0.63766516999298961 1.3328353141383971 0.96500844037247047 1.0079872680763284 0 0.99983254367729579 1.0141369090599361 1 2 1.0346667605123312 1.0028311946027937 1.5000000000000002 1.0713054911821842 3
decision_type=2 2 2 2 1 2 2 1 1 2 2 2 2 1
left_child=1 2 -1 4 5 -2 7 10 9 -8 -5 -11 -13 -10
right_child=3 -3 -4 6 -6 -7 8 -9 13 11 -12 12 -14 -15
leaf_value=-0.00017807999575557697 7.7982497175886465e-05 0.00031960689908357219 -0.001250501326742129 -0.00050459098350704389 -2.8366283761679758e-05 0.00047198786861025414 -0.0023403880106365772 0.00016286201034328718 0.00021993481718318277 -0.00056436822017441157 -0.0025189244937247352 0.00043618969104818587 -0.00027783245580003361 -1.0041955528636847e-05
leaf_weight=493947.47575461864 13598805.32055819 585599.88035583496 439031.47195577621 2502340.6432852745 33835317.940620542 7748707.0071709156 1566029.1290670633 7121711.0692975521 26287124.184136868 3222627.6657266617 1953708.0332913399 2444169.7159597874 3923996.241748929 26473479.553648829
leaf_count=491 13686 407 1717 2787 24841 7142 1177 6897 30293 2736 1425 1928 4744 19532
internal_value=8.65634e-05 -0.00326088 -0.00674337 0.000125463 0.00053059 0.00180064 -0.000170662 -0.0020217 0.000164627 -0.00292153 -0.00725776 -0.00149671 0.000383181 0.00081723
internal_weight=1.32197e+08 1.51858e+06 932979 1.30678e+08 5.51828e+07 2.13475e+07 7.54952e+07 1.15778e+07 6.39174e+07 1.11568e+07 4.45605e+06 9.59079e+06 6.36817e+06 5.27606e+07
internal_count=119803 2615 2208 117188 45669 20828 71519 11109 60410 10585 4212 9408 6672 49825
cat_boundaries=0 1 2 3 4
cat_threshold=139 100 136 356
is_linear=0
shrinkage=0.03


Tree=232
num_leaves=15
num_cat=4
split_feature=13 0 16 11 2 13 0 11 0 11 2 1 0 11
split_gain=14733.6 69858.5 44801 16091.4 70040.8 102684 67938.3 30904.6 48873.9 42247.8 33607.4 46847.6 56538.9 58931.5
threshold=1.2227617666748578 0 0.069040338539711726 1.1219708317889039 4.5000000000000009 0.89277546044186062 1 1.1026362285922378 2 1.0957219423535587 2.5000000000000004 10.500000000000002 3 0.97496938264852517
decision_type=2 1 2 2 2 2 1 2 1 2 2 2 1 2
left_child=3 -2 -3 7 6 -6 -5 9 -9 10 11 12 13 -1
right_child=1 2 -4 4 5 -7 -8 8 -10 -11 -12 -13 -14 -15
leaf_value=0.00038675032234143181 0.0059576446392171764 0.00045603220423686731 -0.00064215406619432599 0.00043707723410079627 -0.0033465299347557914 -4.6661835363869366e-05 -0.00011020512912936679 -0.00046314562227913375 -2.3049103731026883e-05 0.00051121540416663178 4.0917971794309711e-05 -0.00011566447409386011 -0.00029488542949306312 3.0636453321927139e-05
leaf_weight=3036417.3290801048 498546.84226536751 2930293.1477462053 1571602.4002566338 7100370.4632520676 602612.24903535843 1964637.6807625294 5432307.7425743341 1892045.259449482 3402001.9384487867 1949441.1326061487 51018667.300337315 35860030.490794182 3936210.1865285635 10723398.777958035
leaf_count=2080 1086 9449 1517 5009 1180 3153 6403 965 4076 2033 46815 23929 4975 7168
internal_value=2.37413e-05 0.00162102 0.000441005 -3.91898e-05 0.000880043 -0.00363433 0.00180479 -0.000163323 -0.00240053 -5.21379e-05 -0.00013371 -0.00065862 0.000604452 0.00151142
internal_weight=1.31919e+08 5.00044e+06 4.5019e+06 1.26918e+08 1.50999e+07 2.56725e+06 1.25327e+07 1.11818e+08 5.29405e+06 1.06524e+08 1.04575e+08 5.35561e+07 1.7696e+07 1.37598e+07
internal_count=119838 12052 10966 107786 15745 4333 11412 92041 5041 87000 84967 38152 14223 9248
cat_boundaries=0 1 2 3 4
cat_threshold=16 278 24 285
is_linear=0
shrinkage=0.03


Tree=233
num_leaves=15
num_cat=0
split_feature=9 1 2 1 9 10 9 1 16 16 11 11 14 10
split_gain=17484.7 88310.3 127459 86983.9 81185.2 48203.8 38107.2 126561 52783.6 51776.9 51763 45131.4 45883.9 38845.5
threshold=74.500000000000014 8.5000000000000018 3.5000000000000004 13.500000000000002 68.500000000000014 1.0155051720594799 87.500000000000014 18.500000000000004 0.052378471402187772 0.072921466047146763 1.0323118499713326 0.9124081244535126 0.84173742766001058 0.8852919625665473
decision_type=2 2 2 2 2 2 2 2 2 2 2 2 2 2
left_child=1 4 3 -3 -1 -5 7 9 11 10 -2 13 -13 -8
right_child=6 2 -4 5 -6 -7 8 -9 -10 -11 -12 12 -14 -15
leaf_value=-0.0012178436370184967 0.00032588649940009718 0.00070457580508572902 -0.00052565046086127266 0.0003322110152561947 -0.00010509657022848719 -0.00014756958155571714 0.00046922348561335796 -0.00077256834117532319 -3.808013881428443e-05 0.00057069945649444026 -0.00021826778546436734 -0.0012460241900577392 0.00015058970990381734 0.0015571173093720924
leaf_weight=1078137.7541468143 3252660.6830991507 2060628.713470459 2802279.2062745094 1367770.669506073 926640.69894337654 2216866.7530708313 1358588.4899443388 1541420.864066124 91100735.841393709 3386622.2011051178 2090196.6908620596 888482.39736115932 17056718.318337679 652951.06580781937
leaf_count=1396 2763 1316 2616 873 1193 1775 3821 2184 54725 1738 2472 4438 37262 1051
internal_value=-4.15272e-05 -0.00121886 0.000124489 0.00272079 -0.00687933 -0.000102633 5.98988e-05 0.00180819 -0.000101788 0.00320756 0.00136809 0.00129559 0.000817941 0.00555672
internal_weight=1.31781e+08 1.04523e+07 8.44755e+06 5.64527e+06 2.00478e+06 3.58464e+06 1.21328e+08 1.02709e+07 1.11057e+08 8.72948e+06 5.34286e+06 1.99567e+07 1.79452e+07 2.01154e+06
internal_count=119623 9169 6580 3964 2589 2648 110454 9157 101297 6973 5235 46572 41700 4872
is_linear=0
shrinkage=0.03


Tree=234
num_leaves=15
num_cat=0
split_feature=11 10 2 2 11 11 2 14 9 16 2 16 16 9
split_gain=13243.2 31324.5 30328 25606.2 18578.9 42635 30431.7 18129 34303.7 34707 38197.7 33401.9 32926 28366.9
threshold=0.78683299918466465 0.78049706914582051 3.5000000000000004 2.5000000000000004 0.9124081244535126 0.88002456839183818 3.5000000000000004 1.0871137573723284 79.500000000000014 0.025395853775066996 4.5000000000000009 0.072921466047146763 0.02149461468853919 82.500000000000014
decision_type=2 2 2 2 2 2 2 2 2 2 2 2 2 2
left_child=3 2 -2 -1 5 6 -3 12 -9 -10 11 -11 13 -6
right_child=1 4 -4 -5 7 -7 -8 8 9 10 -12 -13 -14 -15
leaf_value=-8.6763599603042153e-05 -7.9552880101068548e-05 -0.00017137419565678091 -0.0012037666294413643 0.00077663397269176599 -0.0015953870484419915 0.0003650505292386128 0.0003640891717921094 0.00082555414130817484 0.0013403033127826151 2.0230459339954725e-05 0.0010615120465732758 -0.00093244939953683863 -1.0073417660765974e-06 -0.00037345446929015026
leaf_weight=1006963.2764285803 2559166.8431755304 2225443.3439844847 1225602.1145703793 1083895.6220467091 495053.25599813461 2538784.2334122658 1259365.8999167681 671807.70886075497 853760.05037915707 2881166.3946838379 1420950.2398295403 1260636.5524902344 109641679.80363011 2784362.5882174969
leaf_count=976 2471 1589 1834 1413 2812 1769 1235 1371 7951 3062 2356 998 73150 16946
internal_value=2.50193e-05 -1.31291e-05 -0.0027023 0.00239359 6.76267e-05 0.00169343 -0.000460838 -1.39768e-05 0.00145771 0.000782417 -8.19598e-05 -0.00153806 -0.000106358 -0.00306841
internal_weight=1.31909e+08 1.29818e+08 3.78477e+06 2.09086e+06 1.26033e+08 6.02359e+06 3.48481e+06 1.20009e+08 7.08832e+06 6.41651e+06 5.56275e+06 4.1418e+06 1.12921e+08 3.27942e+06
internal_count=119933 117544 4305 2389 113239 4593 2824 108646 15738 14367 6416 4060 92908 19758
is_linear=0
shrinkage=0.03


Tree=235
num_leaves=15
num_cat=3
split_feature=10 16 2 5 9 16 10 0 2 0 10 12 12 0
split_gain=17706.3 23691.2 17433 100707 54900.8 46953.6 40115.6 85230.2 49030.7 45110 41571.4 36786.8 77401.3 33715.7
threshold=1.2883310473777285 0.063947497329114575 2.5000000000000004 1.0000000180025095e-35 62.500000000000007 0.087415563134378219 1.0854075201444009 0 1.5000000000000002 1 1.1925834006211711 1.0077918519281821 1.013544279386674 2
decision_type=2 2 2 2 2 2 2 1 2 1 2 2 2 1
left_child=2 -2 6 4 -4 13 9 8 -8 11 -9 -1 -13 -6
right_child=1 -3 3 -5 5 -7 7 10 -10 -11 -12 12 -14 -15
leaf_value=-7.9919340289459308e-05 6.7815727129489907e-05 -0.00095967154393064179 -0.00088742323984098434 0.0011065378482587856 0.00015450609583961218 -0.00019414734685347103 -0.00060345238098764647 0.00033725115119487243 0.00015878802053849231 -1.5130369271740684e-05 -0.00020890130753606091 -0.0014586756079176288 -0.00020291811670879712 5.286995348352757e-06
leaf_weight=4995981.1797903776 1128431.1413487196 1149901.5095825195 967936.53165721893 1035399.2715324163 22840365.868218422 7130823.894851923 2111337.7945514917 9092154.27630651 1033916.8298791647 40175270.025123358 2354147.6133098602 1578947.9951621294 4086781.2742912769 32686358.37489903
leaf_count=5048 1397 626 757 778 25659 4211 2305 8270 1160 26232 2482 1322 4247 35435
internal_value=2.84255e-05 -0.00259341 7.43434e-05 0.000423684 0.000272652 0.000382182 -0.000270899 0.00111564 -0.00325828 -0.000668873 0.00231753 -0.00240361 -0.00405838 0.00067648
internal_weight=1.32368e+08 2.27833e+06 1.30089e+08 6.46609e+07 6.36255e+07 6.26575e+07 6.54285e+07 1.45916e+07 3.14525e+06 5.0837e+07 1.14463e+07 1.06617e+07 5.66573e+06 5.55267e+07
internal_count=119929 2023 117906 66840 66062 65305 51066 14217 3465 36849 10752 10617 5569 61094
cat_boundaries=0 1 2 3
cat_threshold=136 164 178
is_linear=0
shrinkage=0.03


Tree=236
num_leaves=15
num_cat=1
split_feature=3 12 2 14 9 14 16 16 16 11 11 12 0 14
split_gain=17477.3 70641.6 80597.9 103731 83700.3 43486.5 42721.7 27368.7 32631.8 28073.4 33334.1 22229 70351.9 75884.1
threshold=2.5000000000000004 1.1082288400369311 4.5000000000000009 1.6214991660913538 80.500000000000014 1.1141298339909882 0.070374416810937979 0.087415563134378219 0.084481426804544263 0.9124081244535126 0.99579473430313603 1.0671690946621852 0 0.99377989416422208
decision_type=2 2 2 2 2 2 2 2 2 2 2 2 1 2
left_child=11 2 3 -2 -4 7 -7 8 9 -6 -11 -1 13 -13
right_child=1 -3 4 -5 5 6 -8 -9 -10 10 -12 12 -14 -15
leaf_value=-2.9469003678776801e-06 -0.0038962839502265805 -0.0013300983735064556 -0.00068771906859652727 -6.8140166096971702e-05 0.0010021163611953036 0.00044763708330273008 0.0034817548596902765 -0.00061304906090202871 0.00058365747895486406 -0.00073895482526439708 0.00013420858438914751 0.00012951104479747762 -0.00018226372500122531 0.00089918575062048779
leaf_weight=103331045.35345113 756378.65641582012 675928.84111607075 825822.22119152546 813739.36967670918 708977.359385252 502353.54023039341 341085.10945165157 1132274.1761927605 807666.99755859375 1396488.4109460115 4712700.9438412189 7093017.288284421 5282617.3230667114 3571994.753331542
leaf_count=83928 1140 1125 1319 1565 1119 2060 430 980 570 2112 7508 6635 4823 4366
internal_value=-3.38772e-07 -0.00105956 -0.000527925 -0.00686457 0.000426226 0.00121449 0.00772037 0.000587946 0.00123416 0.000558728 -9.70533e-05 0.000112204 0.00115468 0.00255703
internal_weight=1.31952e+08 1.26734e+07 1.19975e+07 1.57012e+06 1.04274e+07 9.60155e+06 843439 8.75811e+06 7.62583e+06 6.81817e+06 6.10919e+06 1.19279e+08 1.59476e+07 1.0665e+07
internal_count=119680 19928 18803 2705 16098 14779 2490 12289 11309 10739 9620 99752 15824 11001
cat_boundaries=0 1
cat_threshold=358
is_linear=0
shrinkage=0.03


Tree=237
num_leaves=15
num_cat=4
split_feature=2 16 0 11 0 1 12 0 9 0 1 2 9 1
split_gain=13440.5 39352.1 37077.2 29532.2 31923.2 33880.8 27532 29417.1 27363.4 110070 63358.8 91402 58733.8 109647
threshold=1.0000000180025095e-35 0.060170933035498107 0 0.96841507918557901 1 14.500000000000002 1.0116324710920543 2 74.500000000000014 3 9.5000000000000018 3.5000000000000004 82.500000000000014 17.500000000000004
decision_type=2 2 1 2 1 2 2 1 2 1 2 2 2 2
left_child=1 3 -3 -1 5 -5 -6 -8 9 -2 -11 -12 13 -10
right_child=8 2 -4 4 6 -7 7 -9 12 10 11 -13 -14 -15
leaf_value=-0.00048960565455018201 0.00040242065896671145 -0.0003025002644631805 8.9603881165904405e-05 0.00017284003726195457 -2.8300652385459402e-05 -0.00028011190036521152 -0.00030234636339814572 -0.00099492144041428768 0.00058715566973190233 -0.00064113812504982388 0.00012568987690271573 -0.0006188841269659872 1.1689348396933713e-05 -0.00059707822635262698
leaf_weight=1615351.9847319126 2536266.9179105759 2258555.1011352539 11165425.597290039 2711274.9658997059 1661967.6141163111 1006466.6342790127 1130368.747132659 1024427.0356425047 3678556.7793807983 1472946.8540463448 2699896.7691750526 1935337.304649353 96165400.606636882 1157783.7463328838
leaf_count=1974 2589 1502 5217 2869 2055 1378 1225 1471 3349 1693 1850 1627 89672 1381
internal_value=3.98841e-07 -0.000666214 0.000367901 -0.00218339 -0.00139422 0.000584366 -0.00332147 -0.00555917 0.00013764 -0.00148232 -0.00366368 -0.00194132 0.000276288 0.00350219
internal_weight=1.3222e+08 2.25738e+07 1.3424e+07 9.14986e+06 7.5345e+06 3.71774e+06 3.81676e+06 2.1548e+06 1.09646e+08 8.64445e+06 6.10818e+06 4.63523e+06 1.01002e+08 4.83634e+06
internal_count=119852 17691 6719 10972 8998 4247 4751 2696 102161 7759 5170 3477 94402 4730
cat_boundaries=0 1 2 3 4
cat_threshold=130 114 260 392
is_linear=0
shrinkage=0.03


Tree=238
num_leaves=15
num_cat=1
split_feature=11 11 0 3 9 16 16 1 2 13 11 11 16 1
split_gain=18867.6 134847 70796.3 46907.6 59725.5 60833.8 45420.4 52800 44771.6 43439.2 47548.3 42618 46603.4 40081.5
threshold=0.99985733322981363 1.0004858951054538 0 1.0000000180025095e-35 80.500000000000014 0.064827896061758039 0.076430906454491812 19.500000000000004 1.0000000180025095e-35 0.92920745693000206 0.92170800641855088 0.81778362804508808 0.063453872265148092 17.500000000000004
decision_type=2 2 1 2 2 2 2 2 2 2 2 2 2 2
left_child=2 -2 11 6 -5 -6 7 8 -4 10 -10 -1 -13 -3
right_child=1 13 3 4 5 -7 -8 -9 9 -11 -12 12 -14 -15
leaf_value=0.00010509194776018751 -0.0014165535299555851 3.2702430506552763e-05 -0.00021702773624018035 -0.00081357642200939595 0.00037316199938314384 -0.00018409207066697922 0.00031682093192062578 0.0007057457892153783 6.3671544273489783e-05 -2.37704454316914e-06 0.0006824036821336453 -0.00055419820258452131 -0.0014415445194452267 -0.00011717119954991736
leaf_weight=838097.54325854778 1486619.5846791267 71483193.546631932 3820884.718979001 984092.54027295113 4668716.8144569397 6412204.1603393555 6234274.9237060547 1863238.3775663376 1752397.6261131763 6753502.56515944 1919079.9523826838 1006373.1354169846 1172198.0166931152 21935369.35195446
leaf_count=1166 975 61069 2814 804 7546 4342 2324 2893 1369 4714 1592 2618 1290 24324
internal_value=9.11073e-05 -0.000133843 0.000661552 0.0010479 -0.000459475 0.000169549 0.00186185 0.0010204 0.000399256 0.00141743 0.00404388 -0.00374514 -0.0059568 8.81034e-06
internal_weight=1.3233e+08 9.49052e+07 3.74251e+07 3.44084e+07 1.2065e+07 1.10809e+07 2.23434e+07 1.61091e+07 1.42459e+07 1.0425e+07 3.67148e+06 3.01667e+06 2.17857e+06 9.34186e+07
internal_count=119840 86368 33472 28398 12692 11888 15706 13382 10489 7675 2961 5074 3908 85393
cat_boundaries=0 1
cat_threshold=96
is_linear=0
shrinkage=0.03


Tree=239
num_leaves=15
num_cat=1
split_feature=16 16 14 14 1 11 1 3 12 16 0 11 12 11
split_gain=20767 23788.1 50369.5 25537.2 81932.9 74639 67508.1 55897 54672.8 58837.5 24263.5 21565.5 39986.9 27706.6
threshold=0.099461805862942745 0.091205136300103837 0.9576031826385033 0.81770397650469617 8.5000000000000018 0.95724998694521646 12.500000000000002 1.0000000180025095e-35 0.99379942660604637 0.065815805334954 0 0.78683299918466465 0.95019929296490668 0.88726764062237595
decision_type=2 2 2 2 2 2 2 2 2 2 1 2 2 2
left_child=1 3 -3 4 8 -6 -7 -8 -1 10 -10 -5 13 -13
right_child=-2 2 -4 11 5 6 7 -9 9 -11 -12 12 -14 -15
leaf_value=-0.00034589586751722151 0.00024842494830272055 6.8364292177703348e-05 -0.00027175097442272455 0.00045948795843148767 0.00013310548979278912 -0.0010865873794331851 1.3308942465641068e-05 -0.0012957003394409837 0.00093937636764701701 0.0012067211239113872 -0.00065043437437400822 -0.0010055588836126027 2.284287921793948e-05 -0.0018838585253815692
leaf_weight=351252.31917858124 3535900.8228752613 3278745.6592330933 6042908.2107100487 1222149.5646152496 2459971.6762242317 1557745.3787374496 2254084.6718120575 1150208.0240516663 138847.56943702698 554234.82885742188 212062.56937897205 1465607.1752148867 106987322.5918051 938860.05628943443
leaf_count=1021 2291 1316 2359 1765 1576 1396 2023 1219 1372 260 1175 2209 98495 1548
internal_value=1.89602e-05 -4.33961e-05 -0.00150294 7.06544e-05 -0.00149641 -0.00269572 -0.00481398 -0.00244695 0.00558839 0.00948685 -0.000125692 0.000193601 0.000149325 -0.00367667
internal_weight=1.3215e+08 1.28614e+08 9.32165e+06 1.19292e+08 8.67841e+06 7.42201e+06 4.96204e+06 3.40429e+06 1.2564e+06 905145 350910 1.10614e+08 1.09392e+08 2.40447e+06
internal_count=120025 117734 3675 114059 10042 6214 4638 3242 3828 2807 2547 104017 102252 3757
cat_boundaries=0 1
cat_threshold=220
is_linear=0
shrinkage=0.03


Tree=240
num_leaves=15
num_cat=5
split_feature=14 12 11 1 0 0 10 0 1 14 12 12 0 0
split_gain=15057.7 38230.8 29600.8 51602.5 56490 51871.8 37419.5 113347 67928.8 128640 92724.8 150130 95927.3 84313.9
threshold=1.0051720084524249 1.1444146516122871 0.98543013854132477 16.500000000000004 0 1 1.021163124821922 2 8.5000000000000018 0.87434357228284487 1.0488857053949088 1.0264271478443214 3 4
decision_type=2 2 2 2 1 1 2 1 2 2 2 2 1 1
left_child=2 -2 3 4 -1 -5 7 -4 9 13 11 12 -11 -8
right_child=1 -3 6 5 -6 -7 8 -9 -10 10 -12 -13 -14 -15
leaf_value=0.00011918132428962077 4.6735191441394237e-05 0.00072032141635860135 0.00028922616519165735 0.000445631918216968 -0.00021144393595254191 -0.00012669364011762187 0.00079830205143037241 -0.00027946402106705971 -4.4469426143225569e-05 0.00059270994120442448 -0.00041367429706323626 0.00082817070590338916 -0.00031941729029030667 4.9929393458843098e-05
leaf_weight=6515683.9104269743 43152098.133465767 1590660.0187113285 4548763.8314853907 4471217.7378139496 6834515.526886344 1528962.9419565201 1374454.5074740648 11687534.910607576 42789123.584271193 1050916.9470827579 2176646.7566599846 1293028.3237285614 2500175.9445025921 749761.71887791157
leaf_count=4954 46583 1843 4296 2695 5285 1988 1895 8637 32368 1077 2694 1331 2685 1781
internal_value=9.23161e-05 0.000540004 -0.000136553 0.000898996 -0.000139608 0.00320986 -0.000430497 -0.00168755 -3.74996e-05 0.00230941 0.000352259 0.00266333 -0.000523584 0.00877802
internal_weight=1.32264e+08 4.47428e+07 8.75208e+07 1.93504e+07 1.33502e+07 6.00018e+06 6.81704e+07 1.62363e+07 5.19341e+07 9.14498e+06 7.02077e+06 4.84412e+06 3.55109e+06 2.12422e+06
internal_count=120112 48426 71686 14922 10239 4683 56764 12933 43831 11463 7787 5093 3762 3676
cat_boundaries=0 1 2 3 4 5
cat_threshold=402 31 106 72 93
is_linear=0
shrinkage=0.03


Tree=241
num_leaves=15
num_cat=0
split_feature=5 12 1 12 2 9 10 10 11 2 2 14 12 1
split_gain=17709.1 23125.1 62047.7 57405.3 46150 41830.8 32317.7 31513.6 35502.3 58308.5 33271.8 30350.1 41393.7 35775.5
threshold=1.0000000180025095e-35 0.9905120747951105 19.500000000000004 0.99523338337776046 3.5000000000000004 63.500000000000007 0.79976984507662452 0.99949619706298598 0.92170800641855088 2.5000000000000004 2.5000000000000004 1.1408790155553841 1.02768276543342 15.500000000000002
decision_type=2 2 2 2 2 2 2 2 2 2 2 2 2 2
left_child=1 2 6 4 -3 -5 -1 8 10 -10 -8 -7 13 -13
right_child=-2 3 -4 5 -6 11 7 -9 9 -11 -12 12 -14 -15
leaf_value=-0.00018395812971424137 -0.00039635981926994907 -0.00016949735477136564 0.0009669314928753965 -0.00045505857903509466 -0.0015331649030579598 3.5072808795164572e-06 -0.00023278792429193672 6.562307068138393e-06 0.00061285517852697059 0.00015698801115491022 0.00034085530540878202 0.00091899537345697393 -0.00012062723947426898 0.0035990132694311327
leaf_weight=4903226.7580339909 2046159.1733227968 2482566.6960004568 2139854.4034023285 1564337.556101203 1405579.2192014456 98064619.225818157 1375842.4417102337 11121790.047490239 1605158.1905207634 1623488.5820877552 1672788.6648132801 703843.48791515827 1199659.6462862492 543783.11396503448
leaf_count=4776 1517 1905 4210 1270 1501 83416 1021 8521 1016 1300 1557 2947 3791 1358
internal_value=6.05215e-05 0.000103973 0.000935782 -8.78945e-05 -0.00366563 4.83836e-05 0.000467581 0.00107382 0.00277327 0.0049656 0.000451489 0.000124148 0.00342409 0.00724998
internal_weight=1.32453e+08 1.30407e+08 2.44421e+07 1.05964e+08 3.88815e+06 1.02076e+08 2.23023e+07 1.73991e+07 6.27728e+06 3.22865e+06 3.04863e+06 1.00512e+08 2.44729e+06 1.24763e+06
internal_count=120106 118589 22401 96188 3406 92782 18191 13415 4894 2316 2578 91512 8096 4305
is_linear=0
shrinkage=0.03


Tree=242
num_leaves=15
num_cat=2
split_feature=16 12 16 10 12 0 12 10 11 11 11 0 12 10
split_gain=21192.2 27810.8 23103 34284.6 21771.8 63154.9 79386.9 68497 72533.4 66846 65870.5 62925.8 51921.5 47196.1
threshold=0.099461805862942745 1.0159481287294361 0.091205136300103837 1.0375161902555876 1.0237498270125132 0 1.0201843884705277 0.96771506909300131 0.86737031308685941 1.0292425370146423 1.0358710028942417 1 1.0022632125571322 0.99026110741411444
decision_type=2 2 2 2 2 1 2 2 2 2 2 1 2 2
left_child=2 -2 4 -4 5 7 -7 8 -1 12 -11 -6 13 -9
right_child=1 -3 3 -5 11 6 -8 9 -10 10 -12 -13 -14 -15
leaf_value=0.00013601886166895199 0.00046520257662953233 -3.8298623304282575e-05 -0.00024239351899076519 9.1424022167708859e-06 0.00022967913691359433 -5.1918587905388678e-05 0.00045254374301781684 -0.00034419969825607075 -0.00095052664660006184 -0.0005183370246081494 0.00016364432548447591 -0.00010386647068050068 0.0008400281569172183 0.00035351373313740768
leaf_weight=2797199.3575742245 1588589.4215202332 2006181.8544604778 4675742.4146094322 4702834.4375953674 8192158.0396261215 47888913.951678157 3281337.6599507332 1585532.3317072392 1629495.2307575941 1903881.6196638346 5829910.75629282 35229543.355578184 5054560.5165047646 6044417.1936905384
leaf_count=3308 916 1400 1759 1956 13018 39407 3237 1957 1820 2023 6120 32248 4976 5886
internal_value=-9.07893e-06 0.00226286 -7.24805e-05 -0.00150623 4.01018e-05 0.000346229 -0.00025631 0.00158721 -0.00179584 0.00232065 0.000122337 -0.000495813 0.00366097 0.00209876
internal_weight=1.3241e+08 3.59477e+06 1.28816e+08 9.37858e+06 1.19437e+08 7.60152e+07 5.11703e+07 2.4845e+07 4.42669e+06 2.04183e+07 7.73379e+06 4.34217e+07 1.26845e+07 7.62995e+06
internal_count=120031 2316 117715 3715 114000 68734 42644 26090 5128 20962 8143 45266 12819 7843
cat_boundaries=0 1 2
cat_threshold=202 289
is_linear=0
shrinkage=0.03


Tree=243
num_leaves=15
num_cat=2
split_feature=10 16 2 5 3 9 11 16 10 0 11 10 11 0
split_gain=32036.8 29450.2 19926.1 91648.3 44182 46864.2 42475.4 40249 38366.1 63864.8 36468 103140 98717.6 61471.4
threshold=1.2883310473777285 0.065081415764580611 2.5000000000000004 1.0000000180025095e-35 1.0000000180025095e-35 66.500000000000014 0.99928936633935284 0.087415563134378219 1.0962830087383653 0 1.003224464819122 1.0008153620506099 0.96214500782476298 1
decision_type=2 2 2 2 2 2 2 2 2 1 2 2 2 1
left_child=2 -2 8 4 6 -6 -4 10 -1 -10 12 -12 -7 -14
right_child=1 -3 3 -5 5 7 -8 -9 9 -11 11 -13 13 -15
leaf_value=-5.7588792333574136e-05 -3.9315091605486298e-05 -0.0011035733600519187 0.00035990702294534188 0.0010839939219087606 -0.00085233755143155883 -0.0012167858683166998 6.4788983845824786e-05 -0.00029832739023801349 -0.00034707253667739418 0.00025620234879723412 0.00064858308958130103 3.0373540120103542e-05 -8.1068060487260021e-05 -0.00086717054596768968
leaf_weight=52437230.060834646 1179484.3460019827 1122330.2045898438 5248757.7754569054 1003426.7521671057 937527.94974386692 6786590.4551573992 14727919.484143019 3675384.2526257038 2634087.9123440981 10222551.657440186 2299373.2320361137 23418715.567757368 2909466.5855234861 3398485.4232696295
leaf_count=38723 1442 613 3882 772 746 8272 11736 2815 2937 9414 2570 28670 4397 2899
internal_value=8.90072e-06 -0.00349935 7.11627e-05 0.000445564 0.000303196 -0.000233936 0.00147082 -8.754e-05 -0.000298145 0.00117049 0.000196599 0.000852769 -0.00109214 -0.00379395
internal_weight=1.32001e+08 2.30181e+06 1.297e+08 6.44056e+07 6.34022e+07 4.34255e+07 1.99767e+07 4.2488e+07 6.52939e+07 1.28566e+07 3.88126e+07 2.57181e+07 1.30945e+07 6.30795e+06
internal_count=119888 2055 117833 66759 65987 50369 15618 49623 51074 12351 46808 31240 15568 7296
cat_boundaries=0 1 2
cat_threshold=136 171
is_linear=0
shrinkage=0.03


Tree=244
num_leaves=15
num_cat=0
split_feature=12 16 16 3 16 13 12 2 9 12 1 14 10 14
split_gain=17362.7 14376 71335.1 52211.6 39601.4 64438.7 54460.3 60808.7 101285 60300.8 60324.4 47845.3 42515.1 37857.5
threshold=1.1713962242554434 0.081293069914542063 0.077630109716740101 1.5000000000000002 0.071936236158022554 1.0411843020915632 1.080090879916801 2.5000000000000004 71.500000000000014 1.0297174435185821 18.500000000000004 0.81146616402850247 1.073376012901605 0.85383693405725902
decision_type=2 2 2 2 2 2 2 2 2 2 2 2 2 2
left_child=1 2 4 -4 6 -6 7 8 -1 -9 12 -10 -11 -3
right_child=-2 13 3 -5 5 -7 -8 9 11 10 -12 -13 -14 -15
leaf_value=0.00041702838802121602 -0.00047089953244298493 0.00015625833043580623 0.00037612487382071298 1.3184712173443039e-05 -0.0003632978828641152 0.00020218348851678238 0.00030776124806120844 0.00017879243643181291 -0.00072708713590329227 0.0002444168198834682 -0.00087497727920847923 -0.00010153514312039578 -0.00025530883918146167 -8.1834391500131416e-05
leaf_weight=2516580.2082469463 1687543.9367398024 3414237.1811389923 4167476.6513061523 3173240.889837265 6735329.6839038134 2784565.3897585869 7754110.6614986658 27301822.768931985 1627365.5476970673 3185081.9342273474 2024856.3176143169 35898860.955732584 2719977.0998462439 27395733.996284246
leaf_count=2380 1674 1753 1983 2595 4224 1823 9442 33658 2777 3984 3699 32461 4040 13510
internal_value=1.22345e-06 4.02625e-05 0.000215001 0.00306162 -1.0785e-05 -0.00184348 0.000199348 -4.725e-05 -0.000847057 0.000861774 -0.00144114 -0.00123778 9.10734e-05 -0.00052626
internal_weight=1.32387e+08 1.30699e+08 9.98893e+07 7.34072e+06 9.25486e+07 9.5199e+06 8.30287e+07 7.52745e+07 4.00428e+07 3.52317e+07 7.92992e+06 3.75262e+07 5.90506e+06 3.081e+07
internal_count=120003 118329 103066 4578 98488 6047 92441 82999 37618 45381 11723 35238 8024 15263
is_linear=0
shrinkage=0.03


Tree=245
num_leaves=15
num_cat=3
split_feature=5 12 10 10 10 9 16 0 1 12 0 12 12 0
split_gain=20335.3 19924 17768.7 88988.6 53280.3 43944.8 57791.7 40417.3 27415.4 115087 157290 66818 59110.8 86274.2
threshold=1.0000000180025095e-35 1.1713962242554434 1.0375161902555876 1.0364186429297959 1.0428102923176461 80.500000000000014 0.069943382351979763 0 8.5000000000000018 1.0488857053949088 1 1.0557143713395758 0.9880996573646984 2
decision_type=2 2 2 2 2 2 2 1 2 2 1 2 2 1
left_child=1 2 3 -1 5 -4 7 -7 9 10 -6 12 -10 -14
right_child=-2 -3 4 -5 8 6 -8 -9 11 -11 -12 -13 13 -15
leaf_value=-2.4250860839856057e-06 -0.00046368590011077419 -0.00049422106721290157 -0.00013125664674504254 -0.0011765818455033075 -0.00062635494983933465 0.00063165631530321916 0.00070616080991826326 -0.00016347110936109391 0.00014763740707552454 -0.00022814768125744523 0.00054968471811130506 0.000183165805112024 -0.00033089102478247933 -4.4085022174986005e-05
leaf_weight=67641741.900304317 2103362.2252403498 1685335.6759083271 1409666.4197044373 1610328.6910262108 1047026.7389918566 1227347.3430560827 1997532.69424963 1756663.8930944204 4421019.6361322403 3908653.7578902245 4647374.5197111368 15854550.993796945 7703292.3332519531 15121362.454554915
leaf_count=58544 1543 1664 1091 1128 2086 1459 899 1420 3520 6267 6502 14694 3672 15524
internal_value=5.56968e-05 0.00010303 0.000145584 -0.000180489 0.000527704 0.00311448 0.00443778 0.00179404 0.000214012 0.00166357 0.00438451 -0.00010896 -0.00101003 -0.00162501
internal_weight=1.32135e+08 1.30032e+08 1.28347e+08 6.92521e+07 5.90945e+07 6.39121e+06 4.98154e+06 2.98401e+06 5.27033e+07 9.60306e+06 5.6944e+06 4.31002e+07 2.72457e+07 2.28247e+07
internal_count=120013 118470 116806 59672 57134 4869 3778 2879 52265 14855 8588 37410 22716 19196
cat_boundaries=0 1 2 3
cat_threshold=454 290 24
is_linear=0
shrinkage=0.03


Tree=246
num_leaves=15
num_cat=4
split_feature=16 0 2 16 0 11 12 16 10 16 9 12 0 0
split_gain=15725.2 55605.1 17530.5 30385.4 34335.1 30659.8 27072.6 23891.9 41103.2 32453.1 97198.5 73116.7 67193.8 39819.8
threshold=0.097463111238922054 0 1.0000000180025095e-35 0.060170933035498107 1 0.91501632610319705 1.0033879215670958 0.058752574683033888 0.97119576682951958 0.049070504732675803 89.500000000000014 0.96462961323702578 2 3
decision_type=2 1 2 2 1 2 2 2 2 2 2 2 1 1
left_child=2 -2 3 5 -5 -1 -6 8 -4 10 12 -12 -10 -11
right_child=1 -3 7 4 6 -7 -8 -9 9 13 11 -13 -14 -15
leaf_value=-0.00061782662116596884 0.00043701771416991233 -0.00026118957710610308 0.00035784979811803258 -0.00035423000874952945 0.00022472244494397956 -0.00018554264120175412 -2.8989445888387969e-05 -1.8074428262055024e-05 -0.0001190350267843876 0.00069820942389637317 0.001753446530769937 -4.5141059064076032e-05 -0.001262156885315679 5.9389711898205604e-05
leaf_weight=839480.8791962862 2969663.8006341457 1752384.8772583008 5917517.9915286303 2095572.4533691406 3672814.1642456055 8227669.8529567719 6566356.3611450195 67021435.177668929 1255576.6184709072 2558461.9598388672 777284.09745514393 10386783.51979804 1335417.8704878092 16416648.834136724
leaf_count=1054 1460 1318 9691 1375 1561 9884 3186 40691 3670 2532 1937 27905 3152 10257
internal_value=9.37605e-06 0.0017093 -5.37945e-05 -0.000836761 0.000132404 -0.00215519 0.000848456 0.000104785 0.000698828 0.000282828 -0.000826695 0.000388209 -0.00606147 0.00108712
internal_weight=1.31793e+08 4.72205e+06 1.27071e+08 2.14019e+07 1.23347e+07 9.06715e+06 1.02392e+07 1.05669e+08 3.86477e+07 3.27302e+07 1.37551e+07 1.11641e+07 2.59099e+06 1.89751e+07
internal_count=119673 2778 116895 17060 6122 10938 4747 99835 59144 49453 36664 29842 6822 12789
cat_boundaries=0 1 2 3 4
cat_threshold=456 130 433 130
is_linear=0
shrinkage=0.03


Tree=247
num_leaves=15
num_cat=3
split_feature=5 13 1 0 3 12 11 11 0 0 12 11 11 12
split_gain=16473.6 17237.6 41754.5 51458.9 40202.8 110973 43004.2 73767.3 46197.6 38869.5 51099.5 49957.4 85209.9 36690.9
threshold=1.0000000180025095e-35 0.98141287301538704 6.5000000000000009 0 1.5000000000000002 1.0940698503776656 0.88002456839183818 0.98543013854132477 1 2 0.98705230107501618 0.89451372984939514 0.98403972272170692 1.080090879916801
decision_type=2 2 2 1 2 2 2 2 1 1 2 2 2 2
left_child=1 2 3 -1 6 9 -4 8 -8 10 -6 -11 -13 -9
right_child=-2 -3 4 -5 5 -7 7 13 -10 11 -12 12 -14 -15
leaf_value=-1.1592520879681488e-05 -0.00039230987978287164 -1.0938271002821234e-05 -0.0001210282971897595 -0.0013685870345863478 -0.0038582220310559297 -0.0022498041463576059 0.00039104351319886122 2.7751614467316058e-05 0.00021734814863973788 0.00082824610500025777 4.4954287667632489e-05 -0.0010679982814743958 0.00022473912749686555 0.00040835313549668681
leaf_weight=1220094.6847059727 2051300.2681609392 72647987.165504098 4674440.4432888031 704751.00020337105 545683.17972564697 821560.93150115013 3393772.3490905762 26963904.577847719 5293704.0028886795 1304634.393863678 737623.77199983597 1676140.8348655701 5221512.2682609558 4713351.8225631714
leaf_count=6436 1515 64180 3091 4653 971 1090 1528 18643 3482 1351 1890 1603 6079 3356
internal_value=0.000143146 0.000185263 0.000574457 -0.00376916 0.00072552 -0.000964651 0.00111231 0.00142777 0.00387672 -4.85412e-05 -0.00490359 0.000711072 -0.000307161 0.000756152
internal_weight=1.3197e+08 1.29919e+08 5.72712e+07 1.92485e+06 5.53463e+07 1.03072e+07 4.50392e+07 4.03647e+07 8.68748e+06 9.48559e+06 1.28331e+06 8.20229e+06 6.89765e+06 3.16773e+07
internal_count=119868 118353 54173 11089 43084 12984 30100 27009 5010 11894 2861 9033 7682 21999
cat_boundaries=0 1 2 3
cat_threshold=412 19 384
is_linear=0
shrinkage=0.03


Tree=248
num_leaves=15
num_cat=3
split_feature=11 0 11 0 1 13 14 0 16 1 11 10 13 16
split_gain=16999 33504.5 29006.6 19292.3 50564.6 61516.7 67501.6 63890.1 61568.6 48947.3 47217.1 35453.8 36799.9 37657.2
threshold=1.1818563742125845 0 1.3328353141383971 1 7.5000000000000009 1.0355934143850345 0.86110299051130601 2 0.069564008863616147 9.5000000000000018 0.92084674428756708 0.85635765199566871 0.99411818638148952 0.084970864173512087
decision_type=2 1 2 1 2 2 2 1 2 2 2 2 2 2
left_child=3 -2 -3 9 5 6 -5 -7 -8 10 -1 -11 -13 -14
right_child=1 2 -4 4 -6 7 8 -9 -10 11 -12 12 13 -15
leaf_value=0.00055646140939405691 0.00029667900028118062 -0.00053951366968951471 0.0003071141312549863 0.00039673430956319592 5.264464219557499e-05 0.00048443882573307232 -0.00026577584127666817 -0.00032772262857320305 -0.00049694045211271345 -0.00042156668032072164 4.453131725349125e-05 4.4388635904077594e-05 -0.00012493594399119365 -0.00068515738354749816
leaf_weight=1643789.3502184153 1389673.6680617332 3152647.5059286356 990236.9185090065 586664.49980521202 67387673.199281931 839165.47799372673 2733206.3488813639 1215204.9726865292 1379979.0718078613 3602074.8841171265 11812174.425801158 17587256.124596834 16038326.455182076 1848436.1767525673
leaf_count=1845 1192 3771 854 1950 57234 1414 7627 5208 587 2417 12526 11374 11203 799
internal_value=1.41013e-05 -0.00161365 -0.00296576 8.51942e-05 0.000396832 -0.00207783 -0.00397073 0.00225262 -0.00532855 -0.00035464 0.00120589 -0.000892013 -0.000604062 -0.00156219
internal_weight=1.32207e+08 5.53256e+06 4.14288e+06 1.26674e+08 7.41419e+07 6.75422e+06 4.69985e+06 2.05437e+06 4.11319e+06 5.25321e+07 1.3456e+07 3.90761e+07 3.5474e+07 1.78868e+07
internal_count=120001 5817 4625 114184 74020 16786 10164 6622 8214 40164 14371 25793 23376 12002
cat_boundaries=0 1 2 3
cat_threshold=268 268 16
is_linear=0
shrinkage=0.03


Tree=249
num_leaves=15
num_cat=4
split_feature=11 2 0 0 12 12 0 12 12 0 9 2 12 11
split_gain=21193.3 67304 102486 53380.7 21304.5 32896.9 30175.6 26205.8 39388 30732.5 55447.7 37108.9 34178.4 57212.9
threshold=1.1688523830738735 4.5000000000000009 0 1 1.1153931218449846 1.1108806325759313 2 1.0671690946621852 1.0336496147759966 3 83.500000000000014 2.5000000000000004 0.93483684010591095 0.83022427849027636
decision_type=2 2 1 1 2 2 1 2 2 1 2 2 2 2
left_child=4 3 -3 -2 5 7 -6 8 9 10 11 -1 -12 -14
right_child=1 2 -4 -5 6 -7 -8 -9 -10 -11 12 -13 13 -15
leaf_value=0.00095794942748948482 -0.00051837672637458198 -0.003010268165538706 0.00017529057096241364 0.00017175721434487521 0.00097012713415749164 -0.00030073701392759744 -4.2698952146947105e-05 0.0002562083782583365 -0.00014660575438349546 3.8793644080652174e-05 -0.00086871253579174767 -0.00010398705348496421 0.00068555664973431435 -0.0002498795374622494
leaf_weight=910815.27923846245 1803812.2393391132 706544.2108168602 650432.24174118042 4992716.8674645424 1396193.7107907534 1127526.3952007294 1668290.0933538675 6278367.3069072962 15978249.114361882 83997894.981554747 1317836.1770412922 742547.52226424217 810672.18094325066 9118675.1747179031
leaf_count=1036 2297 948 1426 3923 2067 503 1216 7426 16267 65830 1327 1294 1094 12855
internal_value=4.50186e-05 -0.0014363 -0.00753626 -0.000218401 0.000142937 8.00054e-05 0.00261304 0.000128267 2.33409e-05 0.000250907 -0.00111239 0.00401736 -0.00186648 -0.001264
internal_weight=1.31501e+08 8.15351e+06 1.35698e+06 6.79653e+06 1.23347e+08 1.20283e+08 3.06448e+06 1.19155e+08 1.12877e+08 9.68984e+07 1.29005e+07 1.65336e+06 1.12472e+07 9.92935e+06
internal_count=119509 8594 2374 6220 110915 107632 3283 107129 99703 83436 17606 2330 15276 13949
cat_boundaries=0 1 2 3 4
cat_threshold=6 193 226 288
is_linear=0
shrinkage=0.03


Tree=250
num_leaves=15
num_cat=3
split_feature=12 11 12 11 11 0 11 0 12 9 16 1 0 11
split_gain=19894 74753.6 78567.6 61837.5 61611.6 158199 127969 109238 93091 76838.8 79784.7 70780 59435.5 105385
threshold=1.0051336041564809 1.0299326936213087 0.9880996573646984 1.022573638648314 1.0128747137800109 0 1.0028311946027937 1 1.0059837287205067 89.500000000000014 0.07442473908687007 15.500000000000002 2 0.9333166076352869
decision_type=2 2 2 2 2 1 2 1 2 2 2 2 1 2
left_child=1 3 -3 12 5 6 -2 9 -7 10 11 -6 13 -1
right_child=4 2 -4 -5 7 8 -8 -9 -10 -11 -12 -13 -14 -15
leaf_value=-0.00020536104364796601 -0.00041119659319400364 2.5044605996316861e-05 -0.00065641262587736923 0.00034387374527142104 -0.00013769675112347438 -0.001467232855981752 -0.003084714728185764 -7.2887610359453485e-05 9.3055146144686382e-05 0.00030548784047485476 0.00020636920795002116 -0.0011660538379987125 5.4803847035695646e-06 0.00094679580490842198
leaf_weight=2454178.2570648193 2892999.4589495659 3230854.8916811943 2923180.7990213633 2532268.3229557276 2638377.4282975197 1160323.8203294277 1549217.8928461075 41492114.649484992 8507997.7589799166 22210448.317410588 1940852.1719079018 1227258.3186438084 33438318.893845797 4091479.049031496
leaf_count=2353 3104 3094 2848 1747 3648 505 1206 33128 7868 25285 1443 2023 27431 4196
internal_value=1.21544e-05 0.00049437 -0.00259595 0.000941679 -0.000268516 -0.00207589 -0.00676214 9.83852e-05 7.72733e-05 0.00154569 -0.00152703 -0.00401881 0.000653753 0.003268
internal_weight=1.3229e+08 4.86703e+07 6.15404e+06 4.25162e+07 8.36196e+07 1.41105e+07 4.44222e+06 6.95091e+07 9.66832e+06 2.80169e+07 5.80649e+06 3.86564e+06 3.9984e+07 6.54566e+06
internal_count=119879 41669 5942 35727 78210 12683 4310 65527 8373 32399 7114 5671 33980 6549
cat_boundaries=0 1 2 3
cat_threshold=100 356 3
is_linear=0
shrinkage=0.03


Tree=251
num_leaves=15
num_cat=3
split_feature=16 16 11 0 12 13 14 3 0 16 14 0 2 14
split_gain=12814.6 23039 40678.9 20115.2 15556.6 15596.7 45066.9 34558.3 126960 41360.2 31926.4 41934.3 31806.2 45694.5
threshold=0.099461805862942745 0.093489802824248333 1.0196581119313397 0 0.90257036491994902 0.9875222931406461 0.92190481170433314 1.5000000000000002 1 0.07808210564581948 0.89291432728637565 2 4.5000000000000009 1.0871137573723284
decision_type=2 2 2 1 2 2 2 2 1 2 2 1 2 2
left_child=1 4 -3 -2 -1 6 7 9 -9 -6 11 -7 -12 -14
right_child=3 2 -4 -5 5 10 -8 8 -10 -11 12 -13 13 -15
leaf_value=-0.00029665811286364989 -8.568361946966007e-05 -0.00029005978657377281 1.6025250432039326e-05 0.00041461377702315159 -8.2617069216578052e-05 0.0003376425290274812 -0.001130020220059593 -0.0038148045733572434 -0.00017103632970582024 0.0001864787590339021 -6.0445832117336232e-05 -9.8123415333280106e-05 3.3939641446428744e-05 0.001481962287851921
leaf_weight=1669635.4109822512 1712832.9811401367 2693185.5300941467 3290472.8616676331 1873294.5748901367 12973446.054565072 2031971.3758609295 37067304.203695297 779979.67321038246 2308768.8957843781 3257758.9556884766 49291318.179515362 1720310.5068680048 10103449.656618118 1387224.3015134335
leaf_count=1780 1340 934 1395 992 13450 1669 34615 1484 3099 1463 39726 2264 11897 3815
internal_value=8.21052e-05 3.27699e-05 -0.00178493 0.00185094 0.000121491 0.000161202 0.000525696 -0.000649072 -0.00355763 -9.55816e-05 -0.000157277 0.00252832 -0.000323068 0.00109829
internal_weight=1.32161e+08 1.28575e+08 5.98366e+06 3.58613e+06 1.22591e+08 1.20922e+08 5.63873e+07 1.932e+07 3.08875e+06 1.62312e+07 6.45343e+07 3.75228e+06 6.0782e+07 1.14907e+07
internal_count=119923 117591 2329 2332 115262 113482 54111 19496 4583 14913 59371 3933 55438 15712
cat_boundaries=0 1 2 3
cat_threshold=114 259 27
is_linear=0
shrinkage=0.03


Tree=252
num_leaves=15
num_cat=3
split_feature=13 14 1 12 16 1 1 0 12 0 3 0 14 14
split_gain=12824.9 43025.9 104943 83248.6 98160.9 57920.9 44729.7 43453.4 42000.7 41450.3 37371.8 86115.6 41083.5 35961.9
threshold=0.9875222931406461 0.92190481170433314 8.5000000000000018 0.9927388970595955 0.063215648643965172 7.5000000000000009 12.500000000000002 0 1.0071905098628122 1 1.5000000000000002 2 0.73373966299921112 1.0898738100051839
decision_type=2 2 2 2 2 2 2 1 2 1 2 1 2 2
left_child=1 2 3 -1 7 9 8 -5 -4 -3 12 -12 -8 -2
right_child=13 5 6 4 -6 -7 10 -9 -10 -11 11 -13 -14 -15
leaf_value=-0.00027061355510928705 -2.6340712062899897e-05 0.00016703366638166206 -3.9382986652262086e-05 0.00063921192793616269 0.00069714541523637581 0.00014155486786717784 0.00058047676465483556 -0.001127669737541442 -0.00060614295571897081 -0.00037773257608151548 0.00019131917444246678 -0.0023542407203679151 -6.8200848520919412e-05 0.00034711068670746739
leaf_weight=990432.58515536785 63677196.20737195 1187094.1595728397 2253058.3529510498 291744.60154533386 1808679.8647155762 36915607.1363796 1875232.7172226906 473067.37419104576 3480502.8047242165 2677923.0366381407 1083323.9214992523 901005.93622469902 8652556.7812190056 6136893.0219646692
leaf_count=1567 49295 2018 1535 2003 847 28259 1507 2107 2764 6454 880 1378 6571 12750
internal_value=0.000226258 0.000538086 -0.000537477 0.00417111 0.00701554 0.0011133 -0.0014572 -0.00199461 -0.00365148 -0.00238085 -0.000451695 -0.00422819 0.000260118 -5.33045e-05
internal_weight=1.32404e+08 6.25902e+07 2.18096e+07 3.56392e+06 2.57349e+06 4.07806e+07 1.82457e+07 764812 5.73356e+06 3.86502e+06 1.25121e+07 1.98433e+06 1.05278e+07 6.98141e+07
internal_count=119935 57890 21159 6524 4957 36731 14635 4110 4299 8472 10336 2258 8078 62045
cat_boundaries=0 1 2 3
cat_threshold=472 12 212
is_linear=0
shrinkage=0.03


Tree=253
num_leaves=15
num_cat=1
split_feature=14 1 14 0 1 11 11 11 10 11 1 1 3 1
split_gain=16428.6 52435.4 56924.2 54019.6 78950.6 57198 36954.7 20430.5 27689.1 35089.2 52501 55842.9 29944.8 25199.9
threshold=0.81146616402850247 8.5000000000000018 0.7440957282754741 0 12.500000000000002 0.98059644709439753 1.0191604908139353 0.78683299918466465 0.78049706914582051 0.9124081244535126 16.500000000000004 10.500000000000002 1.5000000000000002 13.500000000000002
decision_type=2 2 2 1 2 2 2 2 2 2 2 2 2 2
left_child=1 2 6 -3 -5 -6 -1 -2 12 10 11 -10 13 -9
right_child=7 3 -4 4 5 -7 -8 8 9 -11 -12 -13 -14 -15
leaf_value=-0.00034871297845630257 0.00040193114980714213 -0.00085325729990696673 0.00076549215266364344 -0.00064903243498006999 0.00073989749623112032 -0.0001236947370728577 -0.0068246190925898764 0.0002794194249497395 0.00035391923093971268 1.885967058765999e-05 0.00084017252933459019 -0.00029291397381939232 -0.0016059143829060647 -0.0003975198495608212
leaf_weight=623194.84655916691 1418352.9636797905 1969954.6131865978 955464.60366129875 1576673.3198547363 1231055.7376933098 2639187.4432849884 372638.92419397831 1239961.9105316401 1416669.6808274984 113286214.37237775 1596346.5453968048 1798409.8910217285 894726.33918571472 1300095.3444261551
leaf_count=1175 1870 1296 1333 1388 815 2661 1511 1228 1455 100280 1317 1016 1607 1089
internal_value=0.000192739 -0.00101827 0.0033575 -0.00216949 -0.000629772 0.00167552 -0.00166156 0.000285012 0.000243235 0.00032046 0.00282968 0.000621491 -0.00241199 -0.00074951
internal_weight=1.32319e+08 9.36817e+06 1.9513e+06 7.41687e+06 5.44692e+06 3.87024e+06 995834 1.22951e+08 1.21532e+08 1.18098e+08 4.81143e+06 3.21508e+06 3.43478e+06 2.54006e+06
internal_count=120041 10179 4019 6160 4864 3476 2686 109862 107992 104068 3788 2471 3924 2317
cat_boundaries=0 1
cat_threshold=260
is_linear=0
shrinkage=0.03


Tree=254
num_leaves=15
num_cat=0
split_feature=13 14 2 10 14 14 12 13 10 3 11 3 13 12
split_gain=22258.3 49471.4 31920.3 46205.6 42354.7 31890 33123 52764.9 39748.1 31222.9 30693.6 46364.4 45324.8 45046.7
threshold=0.98242304151561755 0.92190481170433314 4.5000000000000009 0.99583216397804264 0.94996696603761654 1.0928661270507152 1.0018254659386108 0.89732532734214909 0.81095062694523767 2.5000000000000004 0.98543013854132477 1.0000000180025095e-35 0.87162105422269109 1.0711361321990989
decision_type=2 2 2 2 2 2 2 2 2 2 2 2 2 2
left_child=1 10 -2 -4 -5 6 7 8 -3 -8 12 -12 -1 -13
right_child=2 5 3 4 -6 -7 9 -9 -10 -11 11 13 -14 -15
leaf_value=-9.4952988087012148e-06 -4.4425726476163917e-05 3.6340238360240435e-05 -0.00040543774788770812 -0.00025382850346476255 0.00029149486257721256 -0.0005258833653714591 9.421412565556003e-05 8.7688185434858676e-05 0.00056279859041888684 -0.00030874135677812605 -3.7190764095869403e-05 -0.0002925300476699286 0.0005218662105640039 -0.0017705215946262319
leaf_weight=5610788.4494992495 59824221.537474513 1543392.764502883 2644969.2389322519 1839927.445178628 8590582.2179532051 1308171.9758847952 22923099.049896598 6491466.3121931553 3222041.1552883387 2281782.0325161219 10545894.529916406 3129792.59631145 1293766.422868371 726789.40952932835
leaf_count=4438 46635 1548 3817 2450 11594 4357 18197 4501 2848 3187 9854 4464 978 922
internal_value=0.000207213 0.000639998 -0.00014351 0.00119926 0.0020973 0.00129204 0.00145716 0.00281017 0.00520737 0.000852883 -0.000515851 -0.00130423 0.00112865 -0.00411895
internal_weight=1.31977e+08 5.9077e+07 7.28997e+07 1.30755e+07 1.04305e+07 3.777e+07 3.64618e+07 1.12569e+07 4.76543e+06 2.52049e+07 2.1307e+07 1.44025e+07 6.90455e+06 3.85658e+06
internal_count=119790 55294 64496 17861 14044 34638 30281 8897 4396 21384 20656 15240 5416 5386
is_linear=0
shrinkage=0.03


Tree=255
num_leaves=15
num_cat=1
split_feature=10 10 10 0 1 11 1 3 1 16 10 1 9 9
split_gain=19098.2 15097 111919 61791.9 76827.2 80525.6 74492.1 41868 35981.9 30188.1 29693.3 25547.5 24913.3 40261.1
threshold=0.72565943610004047 0.99369075874247714 0.99583216397804264 0 16.500000000000004 0.98059644709439753 12.500000000000002 1.0000000180025095e-35 9.5000000000000018 0.080644508632545811 0.99820296043893053 13.500000000000002 63.500000000000007 69.500000000000014
decision_type=2 2 2 1 2 2 2 2 2 2 2 2 2 2
left_child=-1 3 -3 4 5 11 -5 -6 -7 -8 -4 -2 -12 -14
right_child=1 2 10 6 7 8 9 -9 -10 -11 12 -13 13 -15
leaf_value=-0.00025966040952698724 -4.9074602820517839e-06 -0.0011991841024534375 0.0002173439623274296 0.00016913899963702088 0.00054818616554188823 3.9654411787774308e-06 -0.00026289589176126078 0.00010139657361145941 0.00064991488349690955 -0.00078156524463314904 -0.00037085056799015837 -0.00036891927734304935 0.00027209405603891381 -1.0154698772383404e-06
leaf_weight=1543258.2387316227 5590779.477705121 1826224.8042975664 2676169.5720555782 5299077.1723587513 3575606.4107112885 1396284.1618019342 5272806.7472286224 1956647.9721155167 2365194.350479126 1852320.3562927246 1598674.6427108049 2324399.4574279785 3904909.3478059769 91286103.15568161
leaf_count=1716 4795 1484 1465 6422 2476 1577 5793 2124 1562 1210 1298 1273 3720 83067
internal_value=0.000136454 0.000175562 1.31877e-06 0.000771162 0.00193517 0.000555441 -0.00084112 0.0048473 0.00416937 -0.00284442 0.00013644 -0.00116198 5.02507e-05 0.000112625
internal_weight=1.32468e+08 1.30925e+08 1.01292e+08 2.96331e+07 1.72089e+07 1.16767e+07 1.24242e+07 5.53225e+06 3.76148e+06 7.12513e+06 9.94659e+07 7.91518e+06 9.67897e+07 9.5191e+07
internal_count=119982 118266 91034 27232 13807 9207 13425 4600 3139 7003 89550 6068 88085 86787
cat_boundaries=0 1
cat_threshold=59
is_linear=0
shrinkage=0.03


Tree=256
num_leaves=15
num_cat=3
split_feature=14 16 12 12 0 11 0 16 11 12 0 11 11 11
split_gain=16246.1 48739.1 46689.9 17325.9 61030.6 69338.9 55448 54442 63998.5 47254.5 70530.4 53193.9 83821.8 52512.2
threshold=0.63766516999298961 0.065593677765146144 1.0363246709871352 1.0215739068061271 0 0.97755348269850095 1 0.053380709878578576 0.81778362804508808 1.0137025498423149 2 0.99985733322981363 1.0004858951054538 1.0198976407657574
decision_type=2 2 2 2 1 2 1 2 2 2 1 2 2 2
left_child=1 2 -1 4 5 7 -5 -2 -9 11 13 -6 -13 -11
right_child=3 -3 -4 6 9 -7 -8 8 -10 10 -12 12 -14 -15
leaf_value=-0.00060983772004979638 0.00067299052409411754 -0.00060978452312740125 0.0017797230809935413 0.00037626490600753675 5.597769399833567e-05 0.00029904307376899826 -5.888210010278077e-05 0.00036776298522580631 -0.0004201449461874473 6.7304180263418685e-05 -0.00024110548830717687 -0.0011922197169625458 -8.3817656020653057e-05 0.00071113480313058633
leaf_weight=309541.25460720062 1469861.1429153681 928914.16091823578 289523.08700585365 5974018.6444914341 18869990.201033115 18527179.938479304 44379343.962166905 1425379.0596008301 4791315.7935791016 3684693.7477221489 3235375.0602399111 1428538.0307803154 23529918.869538069 3318189.2747730017
leaf_count=1426 3713 539 666 10027 14643 17827 38639 1188 3233 2639 3368 949 17490 3539
internal_value=0.000140423 -0.00293505 0.00373689 0.000176396 0.000450018 0.00163795 -0.00025985 -0.000757486 -0.00198515 -0.000125939 0.00170909 -0.000554599 -0.00146336 0.00340155
internal_weight=1.32162e+08 1.52798e+06 599064 1.30634e+08 8.02804e+07 2.62137e+07 5.03534e+07 7.68656e+06 6.21669e+06 5.40667e+07 1.02383e+07 4.38284e+07 2.49585e+07 7.00288e+06
internal_count=119886 2631 2092 117255 68589 25961 48666 8134 4421 42628 9546 33082 18439 6178
cat_boundaries=0 1 2 3
cat_threshold=202 288 52
is_linear=0
shrinkage=0.03


Tree=257
num_leaves=15
num_cat=3
split_feature=5 13 14 16 12 0 0 10 14 10 0 9 16 9
split_gain=17798.8 17267.6 35085.9 66376.9 39293.2 77192.5 52335.7 43954.5 34060.4 48914.1 49080.6 48346.1 46086.8 33853
threshold=1.0000000180025095e-35 0.9875222931406461 0.81146616402850247 0.078597412985082202 1.0237498270125132 0 1 1.0364186429297959 1.0871137573723284 1.0293999222527417 2 89.500000000000014 0.052935951605260545 83.500000000000014
decision_type=2 2 2 2 2 1 1 2 2 2 1 2 2 2
left_child=1 2 3 -1 13 7 -7 -6 9 10 -3 -12 -13 -4
right_child=-2 8 4 -5 5 6 -8 -9 -10 -11 11 12 -14 -15
leaf_value=-0.00039610604264701929 -0.00038247066143427962 0.00023954768565705783 -9.2095233359759947e-05 0.00020746539895770866 -8.3228511278791314e-05 0.00080407797623628576 7.0925776091235059e-06 -0.00080956210389230773 0.00020101064017043628 2.5688844945686814e-05 9.3948791627081645e-06 5.4654508708549679e-05 -0.00034419335697940645 0.00015639770253991349
leaf_weight=5534648.4835567474 2106799.4757019281 3079639.1074471474 5003683.2852950096 2609313.4107923508 1789546.6771275997 1497516.4376314878 14077546.297036886 1977256.4769434929 6379085.0654724836 36651298.297699094 6090578.3528608084 3257862.9049786329 13271793.67855835 28822319.766579151
leaf_count=7410 1547 2855 4524 1372 1101 1618 14852 1289 13104 29509 3507 5417 7120 24692
internal_value=0.000113783 0.000158099 0.000524113 -0.00130956 0.000804985 -0.000273543 0.00065849 -0.00412733 -0.00016841 -0.000382023 -0.00138547 -0.00186921 -0.00271109 0.00142169
internal_weight=1.32149e+08 1.30042e+08 6.13118e+07 8.14396e+06 5.31679e+07 1.93419e+07 1.55751e+07 3.7668e+06 6.87303e+07 6.23512e+07 2.56999e+07 2.26202e+07 1.65297e+07 3.3826e+07
internal_count=119917 118370 56858 8782 48076 18860 16470 2390 61512 48408 18899 16044 12537 29216
cat_boundaries=0 1 2 3
cat_threshold=8 256 66
is_linear=0
shrinkage=0.03


Tree=258
num_leaves=15
num_cat=0
split_feature=13 16 14 9 14 14 10 16 4 12 13 9 3 12
split_gain=18451.4 39521.9 39807.5 34594.8 26113.3 28088.5 35899.6 35691.7 28289.3 27136.9 26655 23075.7 22297.9 39596.7
threshold=0.9875222931406461 0.033731398184704074 0.86472078848466893 82.500000000000014 0.86110299051130601 1.0898738100051839 0.91803706662057427 0.034724369560389469 1.0000000180025095e-35 0.98316030772774532 1.3893699313914467 67.500000000000014 2.5000000000000004 1.03376952192731
decision_type=2 2 2 2 2 2 2 2 2 2 2 2 2 2
left_child=1 2 -1 -4 -2 6 9 8 -7 -6 -9 -3 -13 -14
right_child=4 11 3 -5 5 7 -8 10 -10 -11 -12 12 13 -15
leaf_value=-0.0014308702436088001 0.00020953830854574445 0.00035406129698130145 -0.00077794516065354932 2.8813697377217602e-05 -5.9909692225343979e-05 0.00075198161017241008 -2.962408734289949e-05 0.00028630176394838376 0.0042648917112583576 -0.00053754544189732055 -0.00066755956320361989 7.0033771974537394e-05 2.9677714186409445e-05 -0.00085325536998492315
leaf_weight=691023.78254342079 2531478.118463397 1736914.4282407761 630271.64986658096 3426994.4968934059 1229550.4237749577 912812.30205059052 58092694.839115024 3451327.2284393311 200224.67199778557 1994006.0949350595 1488428.8978819847 51024169.789130211 3434056.3960237503 1159070.0228289366
leaf_count=5022 2639 1143 2054 12767 1178 6636 44285 3202 923 1486 1994 31289 3890 1450
internal_value=0.000173752 0.000550048 -0.00208022 -0.000946604 -0.000160564 -0.000272965 -0.000465428 0.00167672 0.00652988 -0.00354699 0.000583198 0.000767804 0.000661463 -0.00134062
internal_weight=1.32003e+08 6.21025e+07 4.74829e+06 4.05727e+06 6.99005e+07 6.7369e+07 6.13163e+07 6.05279e+06 1.11304e+06 3.22356e+06 4.93976e+06 5.73542e+07 5.56173e+07 4.59313e+06
internal_count=119958 57615 19843 14821 62343 59704 46949 12755 7559 2664 5196 37772 36629 5340
is_linear=0
shrinkage=0.03


Tree=259
num_leaves=15
num_cat=0
split_feature=16 16 16 1 14 1 1 16 12 2 9 1 2 12
split_gain=14068.3 65723.2 51372.1 33305.7 31171.6 42318.1 52754.4 50083.8 31100.2 52734.4 30594 66244.9 32836 38299.9
threshold=0.080905883085398492 0.076430906454491812 0.074048259002629541 16.500000000000004 0.81770397650469617 8.5000000000000018 11.500000000000002 0.065815805334954 1.0242844499832067 2.5000000000000004 66.500000000000014 14.500000000000002 2.5000000000000004 0.98075970649359323
decision_type=2 2 2 2 2 2 2 2 2 2 2 2 2 2
left_child=1 2 4 -3 5 7 -7 -1 9 -8 11 -6 -12 -14
right_child=-2 3 -4 -5 10 6 8 -9 -10 -11 12 -13 13 -15
leaf_value=-0.0002114377545107935 -2.9068632528914253e-05 0.00011975441128267464 -0.00030611228445742581 0.00046169327671227327 0.00064833714792987399 -0.00064212925408631673 -0.00080762072084556076 0.0010207163677886204 0.00046074668236493089 0.00022760715137672388 -2.7751242611694517e-05 -0.00014751003747732246 0.00049635509249677768 6.718781405460223e-05
leaf_weight=493010.25168263912 31724041.035823822 4396672.114906311 3626942.6961073875 3546960.1968727112 1959329.8464512825 1616717.1697218418 1128094.0999498367 372015.87362670898 1148473.4021937847 1341070.3382871151 42033240.252455235 1243842.3980560303 3768843.0195887089 33668997.467890263
leaf_count=3403 15801 3299 2337 1902 1764 1330 1074 219 1406 1119 37927 1132 5444 41712
internal_value=0.000163352 0.000337449 0.000112332 0.00295601 0.000255313 -0.00181436 -0.00283019 0.00433257 -0.000816824 -0.00271386 0.000408005 0.00328254 0.000292143 0.000938292
internal_weight=1.32068e+08 1.00344e+08 9.24006e+07 7.94363e+06 8.87736e+07 6.09938e+06 5.23436e+06 865026 3.61764e+06 2.46916e+06 8.26743e+07 3.20317e+06 7.94711e+07 3.74378e+07
internal_count=119869 104068 98867 5201 96530 8551 4929 3622 3599 2193 87979 2896 85083 47156
is_linear=0
shrinkage=0.03


Tree=260
num_leaves=15
num_cat=2
split_feature=13 14 1 1 1 7 14 11 1 10 12 13 0 0
split_gain=18006.7 56204.6 107179 84765.8 44552.9 47384.1 48483.5 46799.1 39795.4 37722.6 42937.7 54845.1 74944.8 46412.7
threshold=0.9875222931406461 0.91007864357583435 8.5000000000000018 6.5000000000000009 12.500000000000002 1.0000000180025095e-35 0.73373966299921112 1.0311932712351803 8.5000000000000018 0.79976984507662452 1.0018254659386108 0.88515110523711216 0 1
decision_type=2 2 2 2 2 2 2 2 2 2 2 2 1 1
left_child=1 2 3 -1 7 6 -6 -4 -3 -10 11 12 -11 -12
right_child=-2 8 4 -5 5 -7 -8 -9 9 10 13 -13 -14 -15
leaf_value=-0.00080651921358991464 -2.3952009690625242e-05 -7.1157700267041941e-05 -0.00010753185328752606 0.0004677092571135947 0.00065426061040617953 -0.00071024501449286652 -9.8755933870635294e-05 -0.00068956457113577587 -0.00024115676435384627 0.00097289555410376546 -8.6530885390420986e-05 0.00016573329009116061 0.00024581233245576771 0.00017453170391753883
leaf_weight=580899.78752493858 70050505.802407384 7605162.7916764021 2419164.9944148064 2544440.1602854729 1835126.3753695488 1703013.8352367878 7479459.810863018 2750854.8216540813 2440376.3896970749 1383645.5176200867 8304904.1660308838 5807483.4770050049 1350838.3173885345 16382111.945375681
leaf_count=4502 62246 10770 1572 1421 1449 1932 5691 2286 2388 955 6027 3799 1461 13511
internal_value=9.08438e-05 0.000460643 -0.000885078 0.00420114 -0.00186707 -0.000788945 5.22978e-05 -0.00416462 0.00106122 0.0014813 0.00174569 0.00357901 0.00708223 0.00111134
internal_weight=1.32638e+08 6.25875e+07 1.9313e+07 3.12534e+06 1.61876e+07 1.10176e+07 9.31459e+06 5.17002e+06 4.32745e+07 3.56694e+07 3.3229e+07 8.54197e+06 2.73448e+06 2.4687e+07
internal_count=120010 57764 18853 5923 12930 9072 7140 3858 38911 28141 25753 6215 2416 19538
cat_boundaries=0 1 2
cat_threshold=25 140
is_linear=0
shrinkage=0.03


Tree=261
num_leaves=15
num_cat=3
split_feature=12 12 0 12 16 1 0 13 0 16 13 13 13 16
split_gain=16614.9 14639.1 56120 38533.7 36870.9 35719.6 58574.1 35276.9 25039 30307.5 23891.6 21075.4 21191.6 21024.1
threshold=1.1713962242554434 1.0671690946621852 0 1.0330675526569519 0.067938593945057454 18.500000000000004 1 1.120638505502471 2 0.069040338539711726 0.99411818638148952 1.0355934143850345 1.1303320200518308 0.068823161288237386
decision_type=2 2 1 2 2 2 1 2 1 2 2 2 2 2
left_child=1 3 7 -1 -4 8 -7 -3 9 10 -5 13 -13 -10
right_child=-2 2 4 5 -6 6 -8 -9 11 -11 -12 12 -14 -15
leaf_value=2.5697086886368392e-05 -0.00042818814231415799 0.00033884792912286299 0.0001263485928972466 0.00032358781054728231 -0.00026565579514779657 -0.0018868379196052623 -0.00020442257029400964 0.0011833149296305941 -5.6352860320466558e-05 0.00063401944042086697 -0.00039561848710014384 0.00019796609369314495 -0.00031879986662610815 -0.00028367852504056445
leaf_weight=96701846.116801262 1669006.9477958679 6061211.8693330288 5020374.5169957876 683256.90093207359 3746713.9500427246 855705.89036679268 1865596.4390163422 871917.21737587452 4100365.1055505276 1256146.5816287994 773065.36534452438 2641301.0691623688 1513635.4390605688 4305516.6133728027
leaf_count=83270 1678 6954 6081 1126 2185 1342 2987 1531 4247 1141 1067 1977 2064 2298
internal_value=0.000136444 0.000174513 0.00103366 5.69085e-05 -0.000561354 -0.00121781 -0.00438432 0.00305058 -0.000653616 0.00196029 -0.000984841 -0.00121808 0.00052979 -0.00208204
internal_weight=1.32066e+08 1.30397e+08 1.57002e+07 1.14696e+08 8.76709e+06 1.79946e+07 2.7213e+06 6.93313e+06 1.52733e+07 2.71247e+06 1.45632e+06 1.25608e+07 4.15494e+06 8.40588e+06
internal_count=119948 118270 16751 101519 8266 18249 4329 8485 13920 3334 2193 10586 4041 6545
cat_boundaries=0 1 2 3
cat_threshold=356 324 385
is_linear=0
shrinkage=0.03


Tree=262
num_leaves=15
num_cat=3
split_feature=5 3 16 14 2 11 10 11 0 14 1 0 1 0
split_gain=23706.7 23618.9 37971.9 46298.7 41515.5 58072.1 125290 113329 65398.8 57464.5 78053.5 40333 36594.7 45527.3
threshold=1.0000000180025095e-35 1.0000000180025095e-35 0.087415563134378219 0.70924694344664596 4.5000000000000009 0.90644793995258399 0.99583216397804264 1.003224464819122 0 0.96811367019662631 18.500000000000004 1 9.5000000000000018 2
decision_type=2 2 2 2 2 2 2 2 1 2 2 1 2 1
left_child=1 -1 3 -3 12 11 7 8 -7 -8 -11 -6 -5 -14
right_child=-2 2 -4 4 5 6 9 -9 -10 10 -12 -13 13 -15
leaf_value=3.6473219240446647e-05 -0.00052351660157757521 -0.00072858925235633697 -0.0003471039603505567 9.9109053231693118e-05 0.0012938601900016943 -0.00036249604878044466 -8.0671437381050175e-05 0.0007617233025388919 -0.0021215578434234674 0.00051147130298993685 -0.00036281449394246238 0.00019445736166518119 7.7402161844521145e-05 -0.00025596458009712042
leaf_weight=85770913.5271281 1968346.0994316339 1182907.6691761017 3893583.7931727171 3645239.4507546425 1012317.733930707 1376708.052942872 5389388.0235005617 828491.06009185314 1753725.6909672022 7814074.8852853775 2049044.2069644928 840066.54561924934 5257824.4343562126 9496206.1163711548
leaf_count=67189 1472 1790 2923 4905 982 2637 7496 1167 1780 10699 4064 1789 5997 5124
internal_value=0.000108379 0.000157739 -0.000402738 -0.000131628 4.36694e-05 0.000953086 0.000463958 -0.00429138 -0.00690261 0.00169825 0.00305942 0.00602592 -0.000997447 -0.00166247
internal_weight=1.32279e+08 1.3031e+08 4.45396e+07 4.0646e+07 3.94631e+07 2.10638e+07 1.92114e+07 3.95892e+06 3.13043e+06 1.52525e+07 9.86312e+06 1.85238e+06 1.83993e+07 1.4754e+07
internal_count=120014 118542 51353 48430 46640 30614 27843 5584 4417 22259 14763 2771 16026 11121
cat_boundaries=0 1 2 3
cat_threshold=425 28 227
is_linear=0
shrinkage=0.03


Tree=263
num_leaves=15
num_cat=2
split_feature=14 11 10 13 14 0 1 0 14 1 11 1 11 2
split_gain=16485.1 39702.3 19237.8 16805.2 40566.2 47324.5 37433.4 40859.2 34112.2 172324 46154.7 45877.2 32224.6 40801.8
threshold=0.63766516999298961 1.3328353141383971 0.90675470765210653 0.9875222931406461 0.89291432728637565 0 6.5000000000000009 1 0.91007864357583435 8.5000000000000018 0.98543013854132477 11.500000000000002 1.0344887901146891 3.5000000000000004
decision_type=2 2 2 2 2 1 2 1 2 2 2 2 2 2
left_child=1 2 -1 6 5 -5 7 -2 9 -8 -11 -12 -13 -14
right_child=3 -3 -4 4 -6 -7 8 -9 -10 10 11 12 13 -15
leaf_value=-0.00020891244768054466 -2.2776646905121139e-05 0.00060265777147020341 -0.0011943163431615267 0.00035537016233600367 -1.8632301029176508e-05 -2.1400921487716825e-06 0.00062429944818233405 -0.0011548318381261935 0.000119719870587212 8.6800978112892325e-05 -0.00057889217841786643 -0.00054499903544837395 0.00017448769978206592 -0.00051072639707088949
leaf_weight=451642.736500144 1352970.2871674299 575487.71961593628 473600.90557360649 1879368.9434204102 65779628.599569559 2286527.6262710094 2192647.7359466553 710716.64951014519 41547418.43519938 5014538.0271582603 2603685.0478210449 2522046.7142944336 3681820.8011536598 1534490.9968557358
leaf_count=460 6022 406 1761 1261 58079 2771 1235 4294 31731 3285 2043 2027 3015 1573
internal_value=0.0003073 -0.00281909 -0.00666738 0.000343087 2.54826e-05 0.00289636 0.000706313 -0.00326537 0.000845007 -0.000264009 -0.00138733 -0.00253256 -0.00137355 -2.74291e-05
internal_weight=1.32607e+08 1.50073e+06 925244 1.31106e+08 6.99455e+07 4.1659e+06 6.11603e+07 2.06369e+06 5.90966e+07 1.75492e+07 1.53566e+07 1.0342e+07 7.73836e+06 5.21631e+06
internal_count=119963 2627 2221 117336 62111 4032 55225 10316 44909 13178 11943 8658 6615 4588
cat_boundaries=0 1 2
cat_threshold=26 412
is_linear=0
shrinkage=0.03


Tree=264
num_leaves=15
num_cat=3
split_feature=14 1 11 3 12 12 13 0 9 0 12 13 0 13
split_gain=24590.2 53973.1 45184.2 62545.6 36646.9 28276.3 25182.2 54726 43869.2 81785.2 38236.9 34436.6 32670.4 39006.5
threshold=0.81146616402850247 8.5000000000000018 0.95724998694521646 1.0000000180025095e-35 1.0243764990400916 0.99666199701913605 0.9165133650555698 0 86.500000000000014 1 1.0116324710920543 0.7311778473867806 2 0.87450103592535178
decision_type=2 2 2 2 2 2 2 1 2 1 2 2 1 2
left_child=1 5 -3 4 -4 -1 7 -2 9 -9 -10 -12 -13 -14
right_child=6 2 3 -5 -6 -7 -8 8 10 -11 11 12 13 -15
leaf_value=-0.00016571603171575751 0.00024373967670725946 0.00010518775076627797 -0.00057895075629812358 -0.001227216215960937 0.00017089495652436722 0.00045302442340295246 1.5904709312541766e-06 0.00099487131184882263 0.00016061578186517663 -0.00039577349704304559 0.00059542646569435908 0.00012431596907794604 -0.00066997371395425545 -0.00011534965465045793
leaf_weight=616318.99561941624 3481303.5888743401 2467321.8382177353 1924513.4024991989 1615282.0598292351 1341413.8860430717 1400091.9845056534 99846939.756498575 1215894.3078044653 8916937.9244552851 1131975.0616146326 906829.60260057449 2293072.0752426386 2599805.3171987534 2335416.1400971413
leaf_count=1151 2189 1597 1490 1775 1284 2860 84321 1597 9670 1589 2163 2778 3021 2261
internal_value=0.000112354 -0.00136942 -0.00256244 -0.00423493 -0.00184669 0.00297836 0.000225423 0.00112311 0.000501593 0.00434621 -2.77649e-05 -0.00151507 -0.00220641 -0.0035812
internal_weight=1.32093e+08 9.36494e+06 7.34853e+06 4.88121e+06 3.26593e+06 2.01641e+06 1.22728e+08 2.28812e+07 1.93999e+07 2.34787e+06 1.70521e+07 8.13512e+06 7.22829e+06 4.93522e+06
internal_count=119746 10157 6146 4549 2774 4011 109589 25268 23079 3186 19893 10223 8060 5282
cat_boundaries=0 1 2 3
cat_threshold=16 394 292
is_linear=0
shrinkage=0.03


Tree=265
num_leaves=15
num_cat=3
split_feature=13 1 0 0 14 14 2 16 14 1 11 13 0 14
split_gain=21504.5 41536.4 44037 39281.3 40360.9 46097.3 49694.8 42580.1 34842.8 148028 44276.1 54400.4 50885.7 38537.2
threshold=0.9875222931406461 6.5000000000000009 0 1 0.89523984514083221 1.079496024391962 4.5000000000000009 0.069943382351979763 0.92190481170433314 8.5000000000000018 1.0039162426793975 0.87963724530981213 2 0.8798562679771581
decision_type=2 2 1 1 2 2 2 2 2 2 2 2 1 2
left_child=1 2 -1 -2 -5 -6 -7 -8 9 -3 11 12 -11 -12
right_child=3 8 -4 4 5 6 7 -9 -10 10 13 -13 -14 -15
leaf_value=-4.3843911652011416e-05 0.00016181748110266774 0.0004063456648061194 -0.0013529105705819375 0.00020472336069612382 -8.7219460226478014e-05 2.225436299822467e-05 0.00055753847396704259 0.0029291646476810908 0.00012028990997080688 -0.00034373594414776948 -0.00041338434915150327 0.00055748822810413332 0.00021150337841369077 9.5547836575146198e-06
leaf_weight=1357465.5672879219 15466209.225431919 2834952.0541286469 731782.28638494015 3329388.8316427469 46609511.906986237 3355110.7021141052 726623.41183853149 403402.45586180687 39026676.908417821 1896963.8931884766 7679227.7393825054 1613983.0317382812 3320270.8993782997 3770005.0576124191
leaf_count=6797 19860 1588 4794 2844 30868 5733 2415 419 29843 1025 6741 1138 2599 3094
internal_value=0.000206841 0.000612446 -0.00354595 -0.000154316 -0.000533458 -0.000742004 0.00216283 0.00760407 0.000756903 -0.000224777 -0.00121395 0.00069745 -0.000791577 -0.00235439
internal_weight=1.32122e+08 6.22313e+07 2.08925e+06 6.98902e+07 5.4424e+07 5.10946e+07 4.48514e+06 1.13003e+06 6.01421e+07 2.11154e+07 1.82805e+07 6.83122e+06 5.21723e+06 1.14492e+07
internal_count=119758 57619 11591 62139 42279 39435 8567 2834 46028 16185 14597 4762 3624 9835
cat_boundaries=0 1 2 3
cat_threshold=412 98 272
is_linear=0
shrinkage=0.03


Tree=266
num_leaves=15
num_cat=3
split_feature=16 16 0 14 1 0 14 12 1 1 0 16 12 3
split_gain=21618.7 64163.1 61899.8 52331.4 48780.9 67791 36860.1 31965.5 31808.5 45945.1 41009.2 39775.7 31708.5 25918
threshold=0.080905883085398492 0.077630109716740101 0 0.81770397650469617 8.5000000000000018 1 0.9576031826385033 0.99850866959735451 8.5000000000000018 12.500000000000002 2 0.041128545564504647 1.0038320698574057 1.5000000000000002
decision_type=2 2 1 2 2 1 2 2 2 2 1 2 2 2
left_child=1 3 -3 8 5 -2 -7 -6 11 -10 -11 -1 -9 -4
right_child=4 2 13 -5 7 6 -8 12 9 10 -12 -13 -14 -15
leaf_value=-0.00085735399198294939 0.00042680411242388571 0.00052742296208414081 0.00027431753621000922 2.624527982898196e-05 -0.00027383033266395218 0.00016134546747676416 -0.00018942478911534649 0.0002227739622210629 -0.00067129490044366648 -0.00043809055191863452 0.00028035175992474826 0.00069321036012809009 -0.00011547765704241878 -0.00013642423519194812
leaf_weight=259876.69954442978 2890778.3552355766 2386868.8948364258 2034048.0412597656 87158706.535965204 4816503.5031738281 2839728.0405883789 4640151.7925415039 2463866.2673950195 2090275.9645719528 2101047.8692874908 1391124.5004343987 625463.65314483643 14373417.131830096 2203171.2735052109
leaf_count=3271 1311 1312 929 90877 2592 1044 1624 1096 1734 1573 1875 437 8261 1975
internal_value=7.68563e-05 0.000293624 0.00314699 9.17484e-05 -0.000601722 0.00109016 -0.000417717 -0.00141201 -0.00251189 -0.00334972 -0.00124409 0.00277101 -0.000795525 0.000970384
internal_weight=1.32275e+08 1.00251e+08 6.62409e+06 9.36265e+07 3.20244e+07 1.03707e+07 7.47988e+06 2.16538e+07 6.46779e+06 5.58245e+06 3.49217e+06 885340 1.68373e+07 4.23722e+06
internal_count=119911 103983 4216 99767 15928 3979 2668 11949 8890 5182 3448 3708 9357 2904
cat_boundaries=0 1 2 3
cat_threshold=49 321 285
is_linear=0
shrinkage=0.03


Tree=267
num_leaves=15
num_cat=2
split_feature=14 11 13 0 14 12 2 11 10 11 1 0 14 4
split_gain=15971.4 50264.6 14828.5 33198.1 37491.2 21913.3 16470.4 47918 83840.6 73698 53495.5 46432.1 42834.8 39543.5
threshold=0.63766516999298961 1.3328353141383971 0.72140080341477619 0 0.82291761338925473 1.0229130170227574 4.5000000000000009 0.88002456839183818 0.9848991912119649 0.99099749058018094 19.500000000000004 1 0.96811367019662631 1.0000000180025095e-35
decision_type=2 2 2 1 2 2 2 2 2 2 2 1 2 2
left_child=1 -1 3 4 -2 -5 13 -8 9 11 12 -9 -10 -4
right_child=2 -3 6 5 -6 -7 7 8 10 -11 -12 -13 -14 -15
leaf_value=-0.00053488380224180586 -0.00055857684189112645 0.00051989087453368262 -6.9463751119726997e-06 0.00022044598632666636 -0.0054864953903816602 0.00086840727884711952 0.0012238842423149671 -0.0006611767359016406 -3.2014798029369904e-05 0.00058809110831555239 -0.00053922461385260746 -0.0041299228022371615 0.00031459361521375895 -0.0015020101394328201
leaf_weight=946443.91349601746 1129213.2290101051 587168.4470539093 101309820.3568691 3278647.3155908585 1130579.5892864466 899416.72122049332 1123984.3572214842 1531606.1952855587 5597814.6988182068 782235.50826346874 1913960.2044556141 774862.83855390549 10123150.814636946 1360986.923027277
leaf_count=2251 1009 412 76545 4022 1897 1762 1716 2168 6751 1261 4611 950 12590 2323
internal_value=5.82476e-05 -0.00298549 9.38924e-05 0.00149785 -0.00143143 0.0030822 2.1305e-05 0.000769264 0.000442062 -0.0041174 0.00124064 -0.00681611 0.00181717 -0.000137855
internal_weight=1.3249e+08 1.53361e+06 1.30956e+08 6.43786e+06 2.25979e+06 4.17806e+06 1.24518e+08 2.18476e+07 2.07236e+07 3.0887e+06 1.76349e+07 2.30647e+06 1.5721e+07 1.02671e+08
internal_count=120268 2663 117605 8690 2906 5784 108915 30047 28331 4379 23952 3118 19341 78868
cat_boundaries=0 1 2
cat_threshold=274 397
is_linear=0
shrinkage=0.03


Tree=268
num_leaves=15
num_cat=3
split_feature=5 13 14 16 16 13 0 16 16 12 0 9 0 16
split_gain=18272.9 24027.6 28901.5 41583.1 31708.5 32732.1 31636.1 44803 27733.6 72779.8 76398.1 46120.8 41228.1 44670.1
threshold=1.0000000180025095e-35 0.9875222931406461 0.91007864357583435 0.079404344500914756 0.066671385770565486 0.77199822438170862 0 0.063010046016815091 0.052935951605260545 0.97931461060566405 1 89.500000000000014 2 0.049070504732675803
decision_type=2 2 2 2 2 2 1 2 2 2 1 2 1 2
left_child=1 2 3 -1 5 -4 7 -7 9 10 -3 -11 13 -13
right_child=-2 8 4 -5 -6 6 -8 -9 -10 11 -12 12 -14 -15
leaf_value=-0.00013997652977631447 -0.00037197825089663167 0.0021085744248424162 0.00072975747918487639 0.00011445749689874855 1.2982457308443796e-05 -0.00010262152548171815 0.00023383481281603633 0.00069634996939709794 -4.9563384497861453e-05 -0.00051797551713378778 0.00018350214340453154 0.00044903318271666541 -3.7265300720953371e-05 0.0015728405782316245
leaf_weight=13857479.788192153 2020802.008510232 625574.00929105282 1534834.8863067627 5073925.6312551498 20063116.529083371 6449681.8682802916 13008913.367476583 991837.91723632812 55185609.880516768 1850530.2573465109 848244.68580389023 2857908.7148371935 6865026.1222578287 505635.013671875
leaf_count=15911 1499 1337 4190 2695 11521 7185 14736 569 32852 4022 1883 6838 14195 378
internal_value=8.33673e-05 0.000127466 0.00056096 -0.000412395 0.000999193 0.00178618 0.00146906 -9.10345e-05 -0.000257098 0.000958866 0.00725256 0.000190948 0.000979433 0.00370046
internal_weight=1.31739e+08 1.29718e+08 6.09798e+07 1.89314e+07 4.20484e+07 2.19853e+07 2.04504e+07 7.44152e+06 6.87385e+07 1.35529e+07 1.47382e+06 1.20791e+07 1.02286e+07 3.36354e+06
internal_count=119811 118312 56807 18606 38201 26680 22490 7754 61505 28653 3220 25433 21411 7216
cat_boundaries=0 1 2 3
cat_threshold=76 89 74
is_linear=0
shrinkage=0.03


Tree=269
num_leaves=15
num_cat=3
split_feature=16 16 0 0 11 16 13 3 9 1 2 9 0 11
split_gain=16199.7 65560.6 71442.3 39230.7 75722 34566.7 34505.2 31217 29219.3 52514.6 42045.6 36153.3 87132.2 33291.9
threshold=0.080905883085398492 0.076430906454491812 0 1 1.0141369090599361 0.074048259002629541 1.0355934143850345 1.0000000180025095e-35 66.500000000000014 14.500000000000002 1.0000000180025095e-35 74.500000000000014 2 1.0346667605123312
decision_type=2 2 1 1 2 2 2 2 2 2 2 2 1 2
left_child=1 5 -3 4 -2 8 -6 -4 9 -1 13 12 -12 -10
right_child=3 2 7 -5 6 -7 -8 -9 10 -11 11 -13 -14 -15
leaf_value=0.00055768824251327008 -0.00036714202907219381 0.0004928392985773548 0.00042770698946793616 -7.0850871668415956e-05 0.00049753738155143112 -0.00029057916122640604 1.4518338748807117e-05 -0.0001122412282977168 -0.00024201932530624066 -0.00012182623182798133 0.00019880143175940234 5.4528282889138937e-05 -0.000609364986296201 2.3902778834465354e-05
leaf_weight=1971350.8660652637 2692248.4453902245 2762748.8085632324 1613827.7102050781 23598035.282958984 3460729.486230135 3551170.9176313877 2316437.8554883003 3449931.5463323593 8762412.6720263958 1216128.1552081108 1615340.0259692669 67110185.683696032 1664370.6499167681 6476940.9540643692
leaf_count=1856 1503 1567 759 10947 2085 2318 1383 2828 7686 1145 2223 75319 1698 6476
internal_value=0.000114994 0.000302825 0.00293914 -0.000471883 0.00127963 7.94448e-05 0.00321608 0.000821993 0.00019549 0.0030158 9.05067e-05 0.00039982 -0.00267569 -0.0013382
internal_weight=1.32262e+08 1.00194e+08 7.82651e+06 3.20675e+07 8.46942e+06 9.23679e+07 5.77717e+06 5.06376e+06 8.88167e+07 3.18748e+06 8.56292e+07 7.03899e+07 3.27971e+06 1.52394e+07
internal_count=119793 103875 5154 15918 4971 98721 3468 3587 96403 3001 93402 79240 3921 14162
cat_boundaries=0 1 2 3
cat_threshold=49 321 395
is_linear=0
shrinkage=0.03


Tree=270
num_leaves=15
num_cat=3
split_feature=5 2 9 14 0 13 11 13 0 11 7 12 0 14
split_gain=13166.5 17294.9 36387 31013.2 83267.9 48200.1 52272.9 84915.5 81500.6 74183.2 52012.7 58532.7 48734.2 47163.3
threshold=1.0000000180025095e-35 3.5000000000000004 66.500000000000014 0.82291761338925473 0 0.64476926210543595 1.0024578481330415 1.1268641805763908 1 0.9124081244535126 1.0000000180025095e-35 1.0049522524183718 2 0.91710045033201182
decision_type=2 2 2 2 1 2 2 2 1 2 2 2 1 2
left_child=1 -1 -3 4 -4 -5 7 8 10 -10 -7 -12 -9 -8
right_child=-2 2 3 5 -6 6 13 12 9 -11 11 -13 -14 -15
leaf_value=3.1524501540132916e-05 -0.00037079818706244798 -0.00077399788256258834 0.00010305138865489722 0.00064386176491784079 -0.00085131251304585483 0.0015901228387638546 -0.00028528843017730428 0.0027525697296623772 0.00016990810754374206 -0.00078153410361743621 0.00051319551939618918 -0.0018623684236900825 4.7845867127331277e-05 9.2190120006727019e-05
leaf_weight=86608718.718067408 2017733.6041755676 943836.16908788681 2176322.1112474203 1256497.0343642235 1576398.406624794 690006.79299139977 3076657.0589948893 500801.56367528439 1425673.0955780745 5518970.4444624186 1168015.951418519 528772.04280519485 645906.39793908596 24111795.677934051
leaf_count=68642 1503 741 2266 2269 1974 854 3485 788 1500 4289 2305 999 1807 26634
internal_value=0.000103458 0.000140718 -0.000346436 -0.000217578 -0.00282214 3.35371e-05 -0.000159279 -0.00195952 -0.00290625 -0.0045499 0.00187614 -0.000947964 0.00574455 0.000534516
internal_weight=1.32246e+08 1.30228e+08 4.36197e+07 4.26758e+07 3.75272e+06 3.89231e+07 3.76666e+07 1.04781e+07 9.33144e+06 6.94464e+06 2.38679e+06 1.69679e+06 1.14671e+06 2.71885e+07
internal_count=120056 118553 49911 49170 4240 44930 42661 12542 9947 5789 4158 3304 2595 30119
cat_boundaries=0 1 2 3
cat_threshold=472 163 26
is_linear=0
shrinkage=0.03


Tree=271
num_leaves=15
num_cat=4
split_feature=13 3 12 0 9 12 11 12 12 0 10 1 0 0
split_gain=18629.6 32450.5 113920 43323.3 40990.1 34634 77912.2 31476.9 64255.8 29754.5 29728.6 28962.3 45423.6 36417.4
threshold=0.9875222931406461 1.5000000000000002 1.1259084148829819 0 80.500000000000014 1.0172057967491581 0.99579473430313603 0.99549366363837055 0.97676308171397053 1 0.81095062694523767 6.5000000000000009 2 3
decision_type=2 2 2 1 2 2 2 2 2 1 2 2 1 1
left_child=1 11 3 -3 -5 7 -7 8 10 -9 -6 12 -1 -13
right_child=-2 2 -4 4 5 6 -8 9 -10 -11 -12 13 -14 -15
leaf_value=-0.0004008040475186548 -2.9642514340888394e-05 -0.0017128652247710534 -0.0024906502125000523 -0.00055786446719200127 -0.00012700286168476158 -0.0018229425485062709 0.00011129393411878399 0.0010138424207103112 -0.0013151051882061631 0.00031198252213126052 0.00093503472723061368 -5.4071593829831917e-05 -0.0012302306354335074 0.00010188064636642466
leaf_weight=1166219.0489885807 70028903.904756069 817642.65874266624 733090.39538395405 779744.22756946087 738948.81481051445 892906.68180561066 2987215.3511481285 1293376.0664702654 980915.76415193081 1115874.2020971775 847506.99760627747 13214774.991961718 654719.46699476242 36129179.998174667
leaf_count=5008 62333 1953 1046 1236 1217 1171 4776 1334 1114 1794 1033 10552 3477 21985
internal_value=5.22604e-05 0.000429419 -0.00103421 -0.000232545 0.000330008 0.00091056 -0.00121405 0.00256706 0.000255808 0.00503 0.00398775 0.000749442 -0.00296609 0.000886556
internal_weight=1.32381e+08 6.23521e+07 1.11872e+07 1.04541e+07 9.63649e+06 8.85674e+06 3.88012e+06 4.97662e+06 2.56737e+06 2.40925e+06 1.58646e+06 5.11649e+07 1.82094e+06 4.9344e+07
internal_count=120029 57696 16674 15628 13675 12439 5947 6492 3364 3128 2250 41022 8485 32537
cat_boundaries=0 1 2 3 4
cat_threshold=256 56 412 104
is_linear=0
shrinkage=0.03


Tree=272
num_leaves=15
num_cat=2
split_feature=16 16 10 11 0 11 11 11 1 13 11 0 1 14
split_gain=14978.2 22422.1 38526.8 21748.6 75322.2 89883.3 68034 76591.4 52632.3 45559.9 44509.1 56516.3 45480.1 100575
threshold=0.099461805862942745 0.091205136300103837 1.0395588043783788 1.0236270768295064 0 1.0191604908139353 1.0028311946027937 1.0128747137800109 7.5000000000000009 1.0780530818008625 1.0344887901146891 1 8.5000000000000018 0.90636971050382387
decision_type=2 2 2 2 1 2 2 2 2 2 2 1 2 2
left_child=1 3 -3 4 5 6 -1 -8 9 -6 -5 -12 13 -13
right_child=-2 2 -4 10 8 -7 7 -9 -10 -11 11 12 -14 -15
leaf_value=-5.6998565026066725e-05 0.00020735203390035066 -0.00021122323800044939 4.4918297518265144e-05 -0.00016816223082979066 -0.00019980802341242686 0.00067280953878601072 -0.0012923972036870703 1.2465514937468816e-05 0.00014996228747992819 0.00063827665578333216 0.00023038741930793796 0.00108855544404487 -8.7385226706876624e-05 -1.661127382995486e-05
leaf_weight=11200331.870231867 3519543.7708756924 4755556.5882210732 4579852.6051139832 11062018.029919744 3811490.0621718168 1550380.5368487835 3108689.7705951929 1680033.2547812462 37662026.971544266 596316.1702132225 12655572.835154295 1145040.6345062256 31244229.384834766 3587536.2769348621
leaf_count=11831 2273 1795 1904 9539 6443 1342 2649 1503 26511 2694 16566 2307 25148 7461
internal_value=0.000125713 7.28853e-05 -0.00134302 0.000183678 0.000589019 -0.00106257 -0.00173132 -0.00472413 0.00127759 -0.00182413 -0.000221084 0.000169607 -0.000436955 0.00230371
internal_weight=1.32159e+08 1.28639e+08 9.33541e+06 1.19304e+08 5.96093e+07 1.75394e+07 1.59891e+07 4.78872e+06 4.20698e+07 4.40781e+06 5.96944e+07 4.86324e+07 3.59768e+07 4.73258e+06
internal_count=119966 117693 3699 113994 52973 17325 15983 4152 35648 9137 61021 51482 34916 9768
cat_boundaries=0 1 2
cat_threshold=292 292
is_linear=0
shrinkage=0.03


Tree=273
num_leaves=15
num_cat=1
split_feature=12 0 9 9 1 1 9 1 1 9 12 2 3 12
split_gain=14409.3 16560.8 71698.7 47703.6 79678.4 139167 83339.5 47207.9 41761.1 37290.4 36938.1 58683.5 33145.6 32877
threshold=1.1713962242554434 0 72.500000000000014 74.500000000000014 8.5000000000000018 14.500000000000002 67.500000000000014 9.5000000000000018 18.500000000000004 77.500000000000014 0.9997177749366184 1.0000000180025095e-35 1.0000000180025095e-35 1.0059837287205067
decision_type=2 1 2 2 2 2 2 2 2 2 2 2 2 2
left_child=1 2 -1 4 -3 6 -6 13 10 -5 12 -12 -9 -4
right_child=-2 3 7 9 5 -7 -8 8 -10 -11 11 -13 -14 -15
leaf_value=0.00045255708708950604 -0.00039945498517253127 -0.00085164578054118068 0.00031429234880947792 0.00045953456832234876 0.00069570544428997647 -0.00027780839914974239 -4.3922828771275204e-05 -0.00025911789033453749 0.00015829466164079704 4.0980189112239341e-05 -0.000535663100115281 -2.8555011326120357e-05 -0.00099306494909311583 -8.2612647257984231e-05
leaf_weight=2293815.3123998642 1671990.6040346622 1431062.5704487562 3713297.4371201992 1729763.0607831478 1400561.2477264404 3612478.4077868462 1520004.5609741211 4047966.0075683594 4587176.416615963 87242010.4409163 2119522.3489990234 10244130.69863975 2227654.3869628906 4300729.6625455618
leaf_count=1803 1664 1933 4387 1622 986 3090 1127 2016 5785 82456 982 5691 1701 4617
internal_value=0.000137778 0.000173242 -0.000401408 0.000372038 -0.00185236 -0.000447944 0.00442174 -0.000777291 -0.00146231 0.00057115 -0.00209338 -0.0011419 -0.00396789 0.00120805
internal_weight=1.32142e+08 1.3047e+08 3.35343e+07 9.69359e+07 7.96411e+06 6.53304e+06 2.92057e+06 3.12405e+07 2.32264e+07 8.89718e+07 1.86393e+07 1.23637e+07 6.27562e+06 8.01403e+06
internal_count=119860 118196 26982 91214 7136 5203 2113 25179 16175 84078 10390 6673 3717 9004
cat_boundaries=0 1
cat_threshold=264
is_linear=0
shrinkage=0.03


Tree=274
num_leaves=15
num_cat=5
split_feature=5 9 0 1 1 9 0 0 1 12 0 10 0 11
split_gain=15633.5 16201.1 64330.3 51268.6 123500 31490.8 45540.4 30436.8 26496.6 57356.3 57610.8 50793 73356.9 47790.2
threshold=1.0000000180025095e-35 74.500000000000014 0 8.5000000000000018 14.500000000000002 79.500000000000014 1 2 16.500000000000004 1.0215739068061271 3 1.1267163222885357 4 1.0164202224466048
decision_type=2 2 1 2 2 2 1 1 2 2 1 2 1 2
left_child=1 2 -1 -4 -5 6 -3 -6 -7 10 13 12 -11 -10
right_child=-2 5 3 4 7 8 -8 -9 9 11 -12 -13 -14 -15
leaf_value=0.00031283871705717694 -0.00040127949663328478 0.00044665970656554112 -0.00059002854286834775 0.0002940965846618094 -0.00039813694721453039 -2.0897724412463958e-05 -2.4884127269846315e-05 -0.00016423006576611008 -0.00057864479042641834 -0.00041687658081680594 0.00027048344227756729 0.0002379538737873791 0.00010786841052914115 0.0004624189080314877
leaf_weight=3037761.509898901 2037664.6242854595 1751039.7803049088 1345736.9258226156 2650413.4833374023 1837641.1454925537 79005167.530021548 2277678.1102160215 1497497.9702281952 2524787.7820272446 4446055.8795547485 17608451.008114815 6226335.3863368034 4687615.1382131577 1130364.1149516106
leaf_count=3031 1510 1545 1692 1748 868 70592 1982 1737 3600 2952 14612 7007 5491 1356
internal_value=5.73578e-05 9.82187e-05 -0.00103935 -0.00256041 -0.00137086 0.000196796 0.0028041 -0.00521236 0.000105953 0.00077296 0.001782 -0.000623903 -0.00204827 -0.00164538
internal_weight=1.32064e+08 1.30027e+08 1.03691e+07 7.33129e+06 5.98555e+06 1.19657e+08 4.02872e+06 3.33514e+06 1.15629e+08 3.66236e+07 2.12636e+07 1.536e+07 9.13367e+06 3.65515e+06
internal_count=119723 118213 9076 6045 4353 109137 3527 2605 105610 35018 19568 15450 8443 4956
cat_boundaries=0 1 2 3 4 5
cat_threshold=392 178 20 384 84
is_linear=0
shrinkage=0.03


Tree=275
num_leaves=15
num_cat=2
split_feature=13 1 0 9 14 1 1 10 16 12 0 13 1 7
split_gain=19331.1 34917.6 34445.5 32062.7 30500.2 140137 38333.4 44248.7 37168.4 37351.6 39491.9 41461 38704.1 36657.5
threshold=0.9875222931406461 6.5000000000000009 0 82.500000000000014 0.90840199936571642 8.5000000000000018 12.500000000000002 1.0379730489952987 0.068823161288237386 0.95319693640010461 1 0.91051573864533919 15.500000000000002 1.0000000180025095e-35
decision_type=2 2 1 2 2 2 2 2 2 2 1 2 2 2
left_child=1 2 3 -1 5 -3 7 -7 9 -6 11 12 -11 -8
right_child=-2 4 -4 -5 8 6 13 -9 -10 10 -12 -13 -14 -15
leaf_value=-0.0011727823339939593 -1.7517760902106749e-05 0.00046818614630632973 -0.0016066935379082123 3.6710046764379464e-05 -0.00028939275523325985 -1.8718467652985048e-05 1.9987293716815589e-05 -0.00058788276024284304 1.0929535384689854e-05 0.00088941980916889239 0.00014638360978488026 0.00020483103360347386 0.00014067453315889315 -0.00063763735794296946
leaf_weight=213660.87016773224 69807380.492802978 2520555.1004886627 737770.96049082279 1145778.0054246187 1350008.4084925652 2059434.7656316757 9119579.1077246666 2998371.8775143623 18643057.516833425 1598730.9219055176 12845193.291003585 6372179.699185133 1127405.6419780254 1725441.297267437
leaf_count=837 62263 1400 4801 5878 1732 1363 6971 2415 10571 1526 11327 4834 1994 1925
internal_value=0.000145123 0.000528554 -0.00327689 -0.0004445 0.000660775 -0.000356668 -0.00139832 -0.00355511 0.00110775 0.00190676 0.00220473 0.00371694 0.00681316 -0.00039246
internal_weight=1.32265e+08 6.24572e+07 2.09721e+06 1.35944e+06 6.036e+07 1.84234e+07 1.59028e+07 5.05781e+06 4.19366e+07 2.32935e+07 2.19435e+07 9.09832e+06 2.72614e+06 1.0845e+07
internal_count=119837 57574 11516 6715 46058 14074 12674 3778 31984 21413 19681 8354 3520 8896
cat_boundaries=0 1 2
cat_threshold=412 178
is_linear=0
shrinkage=0.03


Tree=276
num_leaves=15
num_cat=4
split_feature=11 2 10 0 2 1 12 11 0 10 0 11 12 0
split_gain=19105.6 30311.8 27726.8 26148.2 30022.3 21550.9 19299.8 67982.6 154673 168893 110980 112421 143683 67818.6
threshold=0.78683299918466465 2.5000000000000004 0.81586805158820941 0 3.5000000000000004 13.500000000000002 1.0051336041564809 1.0128747137800109 1 0.98305682978426401 2 1.0297360778716553 1.0220916018350206 3
decision_type=2 2 2 1 2 2 2 2 1 2 1 2 2 1
left_child=1 -1 3 -2 5 -5 13 8 -8 -10 11 12 -9 -4
right_child=2 -3 6 4 -6 -7 7 10 9 -11 -12 -13 -14 -15
leaf_value=-0.00016357214336708447 -0.00044991455097035077 0.00083513187883358828 -2.2329586502568756e-05 0.00050277749677629094 -0.00095985689340171386 -0.00015478474370158143 -0.00065889025345891496 -0.00025278066215957357 -7.8100242578514704e-05 -0.0023470022146268718 8.1412119619074017e-05 -6.9658072787784998e-05 -0.0042779858145699989 0.00025052370725492986
leaf_weight=1002580.5365840197 1826943.5786164999 1117089.4007143974 24817212.036624193 1097197.9169354439 967558.90328204632 1085985.0675153732 6734242.5882757902 2357361.1519104242 3980893.8338508606 3003228.7053393126 51424426.436468124 14360069.839725137 1333927.1186383963 17230273.555497646
leaf_count=981 1907 1460 16073 1107 1461 984 6533 2363 3163 2388 46995 15144 973 18432
internal_value=7.17446e-05 0.00289702 2.57556e-05 -0.00217005 -0.000514328 0.0014352 0.000113027 -0.00015173 -0.00208165 -0.00520964 0.000229343 -0.00179441 -0.006464 0.000636869
internal_weight=1.32339e+08 2.11967e+06 1.30219e+08 4.97769e+06 3.15074e+06 2.18318e+06 1.25242e+08 8.31941e+07 1.37184e+07 6.98412e+06 6.94758e+07 1.80514e+07 3.69129e+06 4.20475e+07
internal_count=119964 2441 117523 5459 3552 2091 112064 77559 12084 5551 65475 18480 3336 34505
cat_boundaries=0 1 2 3 4
cat_threshold=104 395 137 276
is_linear=0
shrinkage=0.03


Tree=277
num_leaves=15
num_cat=3
split_feature=11 0 11 11 1 9 0 11 11 1 9 0 11 2
split_gain=27596.4 55669 136804 109001 68703.8 58626 52995.9 53763.7 91787.3 74647.3 52061 62912.8 44738.4 44044.4
threshold=1.0236270768295064 0 1.0128747137800109 1.0063789504857958 8.5000000000000018 78.500000000000014 1 1.0297360778716553 1.0486312805951197 8.5000000000000018 88.500000000000014 2 1.0614420377737939 1.0000000180025095e-35
decision_type=2 1 2 2 2 2 1 2 2 2 2 1 2 2
left_child=1 4 3 -3 5 -1 10 -8 9 -9 11 -2 -10 -14
right_child=6 2 -4 -5 -6 -7 7 8 12 -11 -12 -13 13 -15
leaf_value=-0.00047375484506564144 0.00021420098900310365 -0.00013166842546881276 0.00049990806257006835 -0.0013864743952545749 0.00015742441582347255 -4.653322407269094e-05 -0.00038140307556168163 0.00059037931157235226 -0.00040537138874182727 4.6591043292630631e-05 0.0001577647824983717 -0.00054475791962491831 -0.00033361197712192546 -3.2911808831444675e-05
leaf_weight=1196990.6472272873 1990845.1241563559 15306892.601091862 4670058.8494120836 2395245.9236601591 34803443.600878716 6572211.9457836151 4623867.0621974468 1859630.4749765396 4647042.7549129725 8196928.9347009659 21610454.996925116 2696150.1256748438 3648279.4463690519 17880364.562909961
leaf_count=1307 3329 15983 4278 2037 23296 8274 3063 2242 3761 5302 24962 2615 2922 16672
internal_value=4.58949e-05 0.000486816 -0.000724804 -0.00192974 0.00112353 -0.00142723 -0.000380524 -0.00105666 -0.000667894 0.00176817 0.000669936 -0.00219626 -0.00160382 -0.00102759
internal_weight=1.32098e+08 6.49448e+07 2.23722e+07 1.77021e+07 4.25726e+07 7.7692e+06 6.71536e+07 4.08561e+07 3.62322e+07 1.00566e+07 2.62975e+07 4.687e+06 2.61757e+07 2.15286e+07
internal_count=120043 55175 22298 18020 32877 9581 64868 33962 30899 7544 30906 5944 23355 19594
cat_boundaries=0 1 2 3
cat_threshold=155 356 288
is_linear=0
shrinkage=0.03


Tree=278
num_leaves=15
num_cat=4
split_feature=16 16 11 0 9 11 11 12 0 2 10 12 0 0
split_gain=15110.1 24051 16126.4 54125.2 92845.7 77561.9 89117.3 61552.4 76411.7 40533.2 43423.5 39838.5 58911.3 55653.9
threshold=0.099461805862942745 0.095451428987462991 1.0240597352309715 0 66.500000000000014 1.0164731896702961 0.99469405307571501 1.0079872680763284 1 1.5000000000000002 0.91803706662057427 1.0022632125571322 2 3
decision_type=2 2 2 1 2 2 2 2 1 2 2 2 1 1
left_child=1 2 3 4 -1 6 9 8 -8 10 -6 12 -4 -13
right_child=-2 -3 11 -5 5 -7 7 -9 -10 -11 -12 13 -14 -15
leaf_value=0.00065595143345879782 0.00017033481492722709 -0.00015241493828861358 -0.0011235866575654155 8.2557149373295189e-05 -0.00015203338224437321 0.00049596547671425521 0.00027285629210955728 -0.0014675889762668737 -0.00093521451440028861 -0.0002014759634905138 0.00055639235431864653 0.00018977431820236509 -5.9789794632955858e-05 -5.4427913107482996e-05
leaf_weight=1048139.4697234631 3583259.9239375591 3917095.7533731461 1787638.1620197296 44477497.160327435 1623262.3645764589 1858150.1703625917 1611171.1711093187 2480046.2220225334 1453550.2824901342 6332776.8493282795 1408955.8274296522 15587778.498696566 4296256.1608592272 40745911.031664252
leaf_count=755 2294 1376 1721 36625 1386 1520 1866 2461 1632 6675 1177 18671 4095 37583
internal_value=6.40327e-05 1.05034e-05 8.32059e-05 0.000424689 -0.000972528 -0.00151399 -0.00223428 -0.00524853 -0.00240514 -0.000449628 0.00240264 -0.000257599 -0.00256388 -8.5262e-06
internal_weight=1.32211e+08 1.28628e+08 1.24711e+08 6.22935e+07 1.78161e+07 1.67679e+07 1.49098e+07 5.54477e+06 3.06472e+06 9.365e+06 3.03222e+06 6.24176e+07 6.08389e+06 5.63337e+07
internal_count=119837 117543 116167 54097 17472 16717 15197 5959 3498 9238 2563 62070 5816 56254
cat_boundaries=0 1 2 3 4
cat_threshold=292 36 5 292
is_linear=0
shrinkage=0.03


Tree=279
num_leaves=15
num_cat=4
split_feature=16 0 10 11 13 0 16 0 11 11 11 0 11 11
split_gain=15981.7 51211.2 33593.7 20273.6 22236 55067.3 28626.6 21878.2 33652.1 20833.7 27151.9 60685 58335.7 81174.9
threshold=0.091205136300103837 0 1.0450145130875153 1.1818563742125845 1.2742008917972059 1 0.059670204921532327 2 1.3328353141383971 1.1219708317889039 1.0236270768295064 3 1.0164731896702961 0.99469405307571501
decision_type=2 1 2 2 2 1 2 1 2 2 2 1 2 2
left_child=3 2 -2 4 9 -6 -7 -5 -9 10 11 12 13 -1
right_child=1 -3 -4 7 5 6 -8 8 -10 -11 -12 -13 -14 -15
leaf_value=-9.1976548611880465e-07 -0.00010219274285487307 -0.00013574100446576845 0.00064932562418821291 0.00019168322202652892 0.010778372118206054 0.00084725799179513931 -0.0003915899658718858 -0.00051139071956458817 0.00036126030004536845 0.00020328323441972686 -4.3037208789612926e-05 9.6644088843617879e-05 0.00049114746310280962 -0.00060933930657434835
leaf_weight=9470596.864299655 2388908.7578568459 8530539.6542358398 2026990.2170717716 1153181.0908615589 346302.18527019024 1505622.5715465546 1357725.3013262749 2943296.053638339 919697.87020516396 8488812.8677277565 43993897.094933033 41187098.936262012 1863455.3123682737 5638311.0552078485
leaf_count=8768 1116 3833 1090 1138 907 6922 1495 3637 814 9660 40385 32953 1469 5520
internal_value=7.07633e-05 -0.000930178 0.00169227 0.00017978 0.000262018 0.00272358 0.00135699 -0.00168676 -0.00276926 0.00019061 7.19394e-05 0.000497323 -0.00101227 -0.00162995
internal_weight=1.31814e+08 1.29464e+07 4.4159e+06 1.18868e+08 1.13852e+08 3.20965e+06 2.86335e+06 5.01618e+06 3.86299e+06 1.10642e+08 1.02153e+08 5.81595e+07 1.69724e+07 1.51089e+07
internal_count=119707 6039 2206 113668 108079 9324 8417 5589 4451 98755 89095 48710 15757 14288
cat_boundaries=0 1 2 3 4
cat_threshold=448 16 268 292
is_linear=0
shrinkage=0.03


Tree=280
num_leaves=15
num_cat=2
split_feature=13 1 0 16 2 2 14 16 1 0 14 16 2 1
split_gain=22740.9 31232.5 33155.9 27093.8 34054.2 32969.5 50722.4 44916.9 42717 48231.2 52028 41840.2 40796.6 40495.7
threshold=0.9875222931406461 6.5000000000000009 0 0.055837334735462339 1.5000000000000002 4.5000000000000009 1.0527815109342729 0.080304507937281097 10.500000000000002 1 0.97445592737451536 0.07808210564581948 2.5000000000000004 14.500000000000002
decision_type=2 2 1 2 2 2 2 2 2 1 2 2 2 2
left_child=1 2 -1 4 -2 8 7 -7 9 11 -11 -5 -12 -10
right_child=3 -3 -4 5 -6 6 -8 -9 13 10 12 -13 -14 -15
leaf_value=-2.037385687309252e-05 -0.00011248829369857426 5.5809132592929014e-05 -0.0011666725725419038 -7.2998606923639755e-06 0.00018008215348460055 0.00019890845530336364 0.0010947675333930786 -0.00034423276643756975 -0.0005350847862650173 0.00022457437418077313 -0.00031934154681077364 0.0004398278193321303 4.5753141305492113e-07 -9.1074038134790196e-05
leaf_weight=1368808.9883495569 6486617.6245907545 60275332.087645769 745639.72924983501 3676735.4909667969 14393575.347740293 4608044.4303364754 1394937.1597504616 2727866.7335672379 5314945.8876342773 2216637.0483093262 3314603.1548461914 3015128.5540771484 2409142.0049133301 20298913.835418701
leaf_count=6772 8556 46024 4831 2151 24704 4000 1655 1959 3911 1076 1439 1240 1121 10446
internal_value=9.57998e-05 0.000512075 -0.00307169 -0.000275978 0.000628879 -0.000661743 0.00100941 1.22969e-05 -0.00102428 0.000268853 -0.00131233 0.00214504 -0.00282355 -0.00176299
internal_weight=1.32247e+08 6.23898e+07 2.11445e+06 6.98571e+07 2.08802e+07 4.8977e+07 8.73085e+06 7.33591e+06 4.02461e+07 1.46322e+07 7.94038e+06 6.69186e+06 5.72375e+06 2.56139e+07
internal_count=119885 57627 11603 62258 33260 28998 7614 5959 21384 7027 3636 3391 2560 14357
cat_boundaries=0 1 2
cat_threshold=412 329
is_linear=0
shrinkage=0.03


Tree=281
num_leaves=15
num_cat=3
split_feature=12 12 1 0 0 10 10 0 1 12 12 12 10 12
split_gain=18508.1 17408.6 70089.2 52107.4 32865.3 18520.1 88969.6 81455.3 35682.8 43607.4 70452.5 52243.8 47947.9 39913.8
threshold=1.1713962242554434 0.96462961323702578 18.500000000000004 0 1 0.99369075874247714 0.99583216397804264 2 19.500000000000004 0.99523338337776046 1.0017366156455199 1.0022632125571322 1.0667504755501287 1.0048876901737636
decision_type=2 2 2 1 1 2 2 1 2 2 2 2 2 2
left_child=1 2 4 -4 -1 7 -7 -3 9 12 -11 -12 -8 -13
right_child=-2 5 3 -5 -6 6 8 -9 -10 10 11 13 -14 -15
leaf_value=-0.0006904442457903963 -0.0004383743733594362 -0.00076572592276810984 0.0014340597579170717 -1.8741419900155935e-05 -0.0001124060128547258 -0.00093905437762779268 -0.00026065159599973501 0.00013353232812194149 -0.00020541028375150986 0.00040856159578539709 -0.00035485230276568092 0.00026408766248924367 0.00042687247686795253 2.909094013008365e-05
leaf_weight=1645521.1677186489 1738570.6116781235 1410597.5463573933 709506.77883720398 879676.58731603622 7437532.7921897173 1581748.7117283344 6113489.3404114246 25357364.199702501 8056227.5019948483 4907165.4427483082 1712791.3845485449 4527042.6518608332 1358019.468452692 65155517.856284618
leaf_count=1864 1712 1723 923 1659 6546 1249 4260 21504 15588 3752 1062 2911 1477 53771
internal_value=0.000144142 0.000184998 -0.000976186 0.00483611 -0.00199311 0.000288114 8.87559e-05 0.000983811 0.000210267 0.000393654 0.000607836 0.000368845 -0.00179366 0.000496077
internal_weight=1.32591e+08 1.30852e+08 1.06722e+07 1.58918e+06 9.08305e+06 1.2018e+08 9.3412e+07 2.6768e+07 9.18303e+07 8.3774e+07 7.63025e+07 7.13954e+07 7.47151e+06 6.96826e+07
internal_count=120001 118289 10992 2582 8410 107297 84070 23227 82821 67233 61496 57744 5737 56682
cat_boundaries=0 1 2 3
cat_threshold=89 37 64
is_linear=0
shrinkage=0.03


Tree=282
num_leaves=15
num_cat=0
split_feature=10 16 16 16 16 13 3 14 13 3 12 12 14 11
split_gain=15822 17519.5 19730 38363.9 36264.4 35650.4 34915.4 36441.3 29728.8 27666.9 46891.6 51321.3 36763.8 54417.8
threshold=0.72565943610004047 0.099461805862942745 0.081293069914542063 0.076430906454491812 0.072218818002115062 1.0411843020915632 1.0000000180025095e-35 0.93972309176286128 1.2878181503467476 1.0000000180025095e-35 1.0557143713395758 0.99549366363837055 0.95196987159014379 0.99985733322981363
decision_type=2 2 2 2 2 2 2 2 2 2 2 2 2 2
left_child=-1 2 3 4 8 -6 -5 -8 -2 12 11 -11 -4 -14
right_child=1 -3 9 6 5 -7 7 -9 -10 10 -12 -13 13 -15
leaf_value=-0.00025950501914419788 5.961222640193396e-06 0.00025448360298626905 0.00012143635357141442 0.00031892271823925856 -0.00033700577450271503 0.00016508606933192846 -0.00031892913815467896 0.00024139123080577633 0.00077574024115514395 -0.00059718658207242269 -0.00058486522967521792 2.0745396094094144e-05 0.00022373080474990685 -0.0001501999563020072
leaf_weight=1532064.5657373667 81913961.849002361 3488479.8934924603 5522158.635925293 3418348.5341186523 5214306.34352386 2216575.240216732 1375574.6067428589 3879504.504491806 2204191.3754947186 1893707.9226074219 1655407.6288363934 5653683.7130377293 3470569.4883422852 9128284.5904541016
leaf_count=1737 85103 2269 2273 1695 3153 1408 966 2908 8030 1236 1180 3582 1178 3519
internal_value=5.92523e-06 4.13641e-05 -1.60043e-05 0.000178818 -1.84466e-06 -0.00201075 0.00208573 0.000550575 0.000175619 -0.000730603 -0.00207016 -0.00106725 -5.03046e-05 -0.000944905
internal_weight=1.32567e+08 1.31035e+08 1.27546e+08 1.00222e+08 9.1549e+07 7.43088e+06 8.67343e+06 5.25508e+06 8.41182e+07 2.73238e+07 9.2028e+06 7.54739e+06 1.8121e+07 1.25989e+07
internal_count=120237 118500 116231 103263 97694 4561 5569 3874 93133 12968 5998 4818 6970 4697
is_linear=0
shrinkage=0.03


Tree=283
num_leaves=15
num_cat=3
split_feature=13 13 16 0 16 14 16 0 16 13 4 3 0 13
split_gain=13924.5 27525.5 26144.4 28076.1 31787.3 23820.6 34402.2 33759.4 26835.7 25056.8 24579.3 21403.7 125736 62186.4
threshold=0.9875222931406461 0.98968650823172022 0.033731398184704074 0 0.023871837808065087 1.0871137573723284 0.034724369560389469 1 0.063215648643965172 1.3422589265392804 1.0000000180025095e-35 1.5000000000000002 2 0.88227553912363876
decision_type=2 2 2 1 2 2 2 1 2 2 2 2 1 2
left_child=2 -2 3 4 -1 -3 10 8 -8 -9 -7 -4 13 -13
right_child=1 5 11 -5 -6 6 7 9 -10 -11 -12 12 -14 -15
leaf_value=-0.0004042611929933947 -0.00029849076876920915 -2.7640764568004509e-05 7.6432625436030985e-05 -8.7460666361699712e-05 -0.001696543479178319 0.00069377063809340377 0.00015146509340397164 8.262069319865232e-05 0.0026914570214398329 -0.00084013358866981869 0.0047884681313074343 -0.0035006470792602576 0.00015746536671675071 -0.00041889237630950615
leaf_weight=730547.13266086578 1428404.6463587284 62133111.930928946 47500821.451141357 3464382.0464570522 539080.97286224365 964921.6830804348 624879.98892211914 2666683.5669498444 652754.8609161377 1300906.79758811 196341.16890358925 1029236.6518353224 8079852.4190063477 1071371.9551410675
leaf_count=5321 930 48330 26991 13467 1022 6820 1214 1983 833 1365 934 1473 8113 1297
internal_value=0.00011411 -0.000176487 0.000439871 -0.00170336 -0.00551969 -9.05871e-05 0.00165113 0.000616734 0.00485799 -0.000749036 0.00632332 0.000615769 -0.00063252 -0.00717128
internal_weight=1.32383e+08 6.9968e+07 6.24153e+07 4.73401e+06 1.26963e+06 6.85396e+07 6.40649e+06 5.24523e+06 1.27763e+06 3.96759e+06 1.16126e+06 5.76813e+07 1.01805e+07 2.10061e+06
internal_count=120093 62409 57684 19810 6343 61479 13149 5395 2047 3348 7754 37874 10883 2770
cat_boundaries=0 1 2 3
cat_threshold=35 176 258
is_linear=0
shrinkage=0.03


Tree=284
num_leaves=15
num_cat=2
split_feature=12 11 16 11 0 1 13 13 0 16 16 12 1 1
split_gain=11863 53669.4 61636.4 57804.8 51526.4 44228.3 48435.7 67082.2 49788.7 46994.3 46147.4 39508.4 31337.3 30837
threshold=1.0051336041564809 1.0299326936213087 0.067651891954113669 1.0221330673894578 0 7.5000000000000009 0.62621409387992 1.0264858880495522 1 0.071936236158022554 0.069943382351979763 1.004197057542799 9.5000000000000018 12.500000000000002
decision_type=2 2 2 2 1 2 2 2 1 2 2 2 2 2
left_child=1 3 -3 4 12 10 -7 11 -9 -10 -6 13 -1 -8
right_child=-2 2 -4 -5 5 6 7 8 9 -11 -12 -13 -14 -15
leaf_value=0.00016834232634515832 -1.6283445289831927e-05 7.0560344196817683e-05 -0.00066190913962381915 0.00037488564788018471 2.9702912397493391e-05 -0.00028730910544383544 0.00042607803635230141 0.00064327271416736128 5.901490575784834e-06 -0.00038687593746299624 -0.00037849570916480187 -0.00016219182886706017 -0.00036018290629838526 0.0001956308596655876
leaf_weight=1881040.7088249922 83681449.735065341 3310429.6669737101 2894888.0832519531 2583476.0447216034 2123367.4903059006 1974787.4217853546 5462427.0911407471 1985617.7062034607 4932133.6135911942 2224693.866027832 1142460.8706054688 1801776.0629272461 5832804.3802871704 10152101.806347847
leaf_count=3280 78243 4207 1776 1833 5539 1254 3001 1812 3467 1006 386 897 6489 6614
internal_value=3.53492e-05 0.00040971 -0.00219491 0.000793647 0.000509391 0.00104296 0.00142147 0.00175851 -0.000322465 -0.00148858 -0.00226411 0.0028509 -0.00169018 0.00333627
internal_weight=1.31983e+08 4.8302e+07 6.20532e+06 4.20967e+07 3.95132e+07 3.17994e+07 2.85335e+07 2.65588e+07 9.14245e+06 7.15683e+06 3.26583e+06 1.74163e+07 7.71385e+06 1.56145e+07
internal_count=119804 41561 5983 35578 33745 23976 18051 16797 6285 4473 5925 10512 9769 9615
cat_boundaries=0 1 2
cat_threshold=352 3
is_linear=0
shrinkage=0.03


Tree=285
num_leaves=15
num_cat=3
split_feature=13 10 13 2 10 16 0 16 14 10 16 0 0 16
split_gain=13455 43267.1 16317.6 26909.7 38273.2 35252.3 43188.2 35428.4 32534.2 32311 51757.7 39461.7 37928.7 32657.3
threshold=0.32622127426299957 0.83817355033030538 0.98028767570091735 4.5000000000000009 0.99583216397804264 0.052935951605260545 0 0.047803745274449076 1.1238625207980144 1.0948158151668064 0.080905883085398492 1 2 0.053809047178824766
decision_type=2 2 2 2 2 2 1 2 2 2 2 1 1 2
left_child=1 -1 -2 5 -5 6 7 8 -4 11 12 13 -11 -6
right_child=2 -3 3 4 9 -7 -8 -9 -10 10 -12 -13 -14 -15
leaf_value=0.0001698381395126838 3.7530902887412494e-05 -0.00051870033474174255 3.7408671086094943e-05 -0.00043028609845452746 1.4157633679747537e-05 -6.5545560173116318e-05 -0.00016682233379809283 0.00073050623595573749 0.0018192100844977325 0.00037044991175540931 -0.00099136801276822773 -8.4531470173565548e-05 -0.00033489175299751528 0.0005644320333595313
leaf_weight=603244.67029321194 56525886.771450996 645450.55039381981 4652278.2901482582 2713675.1013835669 1345485.2451301813 49974635.695755005 4264012.4886255264 1660044.6616973877 519373.8176202774 1177907.2657055855 653731.90014576912 2283955.5114921331 1066163.9006361961 4172238.4294433594
leaf_count=631 51116 2510 7940 3893 2956 26621 8676 1271 2933 1990 612 3691 2078 2916
internal_value=3.60869e-05 -0.0030633 6.56282e-05 -0.000226042 0.00099069 -0.000493279 0.00103639 0.00251506 0.00129107 0.00179774 -0.000907306 0.00280249 0.00125669 0.00417519
internal_weight=1.32258e+08 1.2487e+06 1.31009e+08 7.44835e+07 1.34132e+07 6.10703e+07 1.10957e+07 6.8317e+06 5.17165e+06 1.06995e+07 2.8978e+06 7.80168e+06 2.24407e+06 5.51772e+06
internal_count=119834 3141 116693 65577 18136 47441 20820 12144 10873 14243 4680 9563 4068 5872
cat_boundaries=0 1 2 3
cat_threshold=122 55 216
is_linear=0
shrinkage=0.03


Tree=286
num_leaves=15
num_cat=2
split_feature=11 11 1 0 11 11 0 14 1 10 13 11 2 1
split_gain=14375 79277.3 50725.8 124314 50451.7 38393.4 37317.1 53730.1 43699.4 60946.9 48788.2 32557.5 33694.5 28405.4
threshold=0.99985733322981363 1.0004858951054538 17.500000000000004 0 0.99579473430313603 0.96214500782476298 1 0.99186196576482299 11.500000000000002 0.89318320856760713 1.0110373475260686 0.94087527417298034 2.5000000000000004 19.500000000000004
decision_type=2 2 2 1 2 2 1 2 2 2 2 2 2 2
left_child=2 -2 4 11 6 -5 7 -1 -8 -10 -11 -4 -13 -3
right_child=1 13 3 5 -6 -7 8 -9 9 10 -12 12 -14 -15
leaf_value=-0.00014384061894596859 -0.0010165870265539413 4.8948780376106906e-06 0.00066604841418291347 -8.4409061561051298e-05 0.0003144269181339124 -0.0013679471607206284 -0.00030087931664027952 -0.0005918765444561532 -0.00046678618446464296 0.00029131230397267093 -0.0002773217377710055 0.0005021757060045261 -2.9622371474108102e-05 -0.00022058737896884039
leaf_weight=3996587.2279168367 1457704.912202239 85258774.142579198 3008628.165184021 1408718.8448224068 2545285.9626716375 819100.215695858 9115538.030174017 2695274.084924221 4114501.6582946777 3450893.924621582 2470950.0018005371 1800447.0644454956 1786313.5957641602 8285897.8056530952
leaf_count=2657 989 69349 2416 2517 1753 1744 10104 2561 2561 2298 1764 1208 1630 16218
internal_value=-1.14582e-05 -0.000207235 0.000488358 0.00247516 -0.000129133 -0.00365182 -0.000526027 -0.00245457 0.000147827 -0.00121788 0.000730796 0.00454476 0.00261431 -9.90536e-05
internal_weight=1.32215e+08 9.50024e+07 3.72122e+07 8.82321e+06 2.8389e+07 2.22782e+06 2.58437e+07 6.69186e+06 1.91519e+07 1.00363e+07 5.92184e+06 6.59539e+06 3.58676e+06 9.35447e+07
internal_count=119769 86556 33213 9515 23698 4261 21945 5218 16727 6623 4062 5254 2838 85567
cat_boundaries=0 1 2
cat_threshold=31 112
is_linear=0
shrinkage=0.03


Tree=287
num_leaves=15
num_cat=3
split_feature=2 5 11 11 0 2 1 14 16 16 0 3 1 0
split_gain=13469.2 107585 67184.8 50701.4 44606.6 42666 36605.8 34615.8 49348 34334.7 36174.7 34491 64884.4 47345.8
threshold=2.5000000000000004 1.0000000180025095e-35 1.2311683815667933 1.1219708317889039 0 1.0000000180025095e-35 10.500000000000002 0.81146616402850247 0.065593677765146144 0.087415563134378219 1 1.0000000180025095e-35 7.5000000000000009 2
decision_type=2 2 2 2 1 2 2 2 2 2 1 2 2 1
left_child=3 2 9 7 6 -6 -5 8 -1 11 -11 12 -2 -14
right_child=1 -3 -4 4 5 -7 -8 -9 -10 10 -12 -13 13 -15
leaf_value=-0.00077639109734249298 -0.00023245902243888654 0.0011814620773139177 -0.0010677951831789625 1.848619051626579e-06 -0.002761713345993328 0.0001648877055968378 0.00065624684392129632 -2.0996390160828979e-05 3.8714633618993647e-05 0.00018948937016058509 -0.00024140343081152703 2.4973342448961376e-05 0.00037471664109657609 0.00012854396091705307
leaf_weight=1254515.9565001726 2163449.3316791058 979730.2540563345 1198234.2568600178 1585709.2433997393 1037420.5941792727 2049043.7467412949 3304756.8378956318 56232729.485862017 1101221.6430358887 2490410.3218383789 4704559.7698761225 39795792.556083322 6487496.7143900394 8002090.796459198
leaf_count=2427 3798 754 1225 1621 1112 2210 2637 41355 610 2284 1949 47446 4728 5766
internal_value=0.000184638 0.000488942 0.000339856 -0.000116266 0.00212759 -0.000696302 0.00390979 -0.000421772 -0.00398451 0.000472358 -0.00147939 0.000721127 0.00186748 0.00259107
internal_weight=1.32387e+08 6.58218e+07 6.4842e+07 6.65654e+07 7.97693e+06 3.08646e+06 4.89047e+06 5.85885e+07 2.35574e+06 6.36438e+07 7.19497e+06 5.64488e+07 1.6653e+07 1.44896e+07
internal_count=119922 67950 67196 51972 7580 3322 4258 44392 3037 65971 4233 61738 14292 10494
cat_boundaries=0 1 2 3
cat_threshold=310 226 180
is_linear=0
shrinkage=0.03


Tree=288
num_leaves=15
num_cat=0
split_feature=13 1 16 12 10 10 12 10 9 13 10 10 12 1
split_gain=18420 25079.6 23600 43955.1 40092.9 31437.4 37263.5 32706 34407.7 31386.4 26354.9 34124 49872.6 24184.1
threshold=0.9875222931406461 6.5000000000000009 0.039226205732406684 0.97931461060566405 0.91803706662057427 0.98774918197535599 1.0079872680763284 1.0293999222527417 89.500000000000014 1.4175546637486365 1.0243909741692858 1.0184092183406726 1.001370405092715 11.500000000000002
decision_type=2 2 2 2 2 2 2 2 2 2 2 2 2 2
left_child=1 -1 3 -2 -4 6 -6 8 -7 -5 11 12 -10 -14
right_child=2 -3 4 9 5 7 -8 -9 10 -11 -12 -13 13 -15
leaf_value=-0.00030633429610986396 0.0013146072732457448 5.0138542878106123e-05 -0.00034045569682003118 1.4221485355656293e-05 0.00039770975558994873 5.2316400565318123e-05 -0.00012589865901926686 6.2904269234700595e-06 4.0771893746344707e-05 0.003271607714879349 -0.00045180296044315069 0.000166530227434588 -0.00025157888019111593 -0.0006250535231090245
leaf_weight=2108937.0394921303 771969.92256498337 60052588.697123766 3308734.1533508301 5905481.2829117775 2847138.5093688965 5265778.3057155609 2342635.8857116699 36510822.192472696 3358307.8460235596 332035.01222860813 2514941.4041595459 1873140.5440673828 1724488.2039031982 3018049.3949737549
leaf_count=11675 2558 46089 2173 16000 1842 2605 1997 23839 1931 3960 1353 1204 987 1797
internal_value=0.00012156 0.000497113 -0.000213021 0.00143797 -0.000397403 -0.000218534 0.00201214 -0.000431869 -0.00148802 0.000602215 -0.00234558 -0.00165355 -0.00249735 -0.00447815
internal_weight=1.31935e+08 6.21615e+07 6.97735e+07 7.00949e+06 6.2764e+07 5.94553e+07 5.18977e+06 5.42655e+07 1.77547e+07 6.23752e+06 1.24889e+07 9.97399e+06 8.10085e+06 4.74254e+06
internal_count=120010 57764 62246 22518 39728 37555 3839 33716 9877 19960 7272 5919 4715 2784
is_linear=0
shrinkage=0.03


Tree=289
num_leaves=15
num_cat=0
split_feature=13 10 10 9 1 10 14 10 16 10 3 12 1 12
split_gain=15867.1 28529.7 27271.3 40135.1 32162 25441.1 34691.5 32544.2 22657 21742.3 38311.2 33971 35306 30686.8
threshold=1.0191798250426214 1.0379730489952987 1.053404392603321 88.500000000000014 16.500000000000004 1.0335834421676138 1.0871137573723284 1.0293999222527417 0.033731398184704074 1.0752596991212953 1.5000000000000002 1.0215739068061271 17.500000000000004 1.080090879916801
decision_type=2 2 2 2 2 2 2 2 2 2 2 2 2 2
left_child=-1 5 3 -3 -5 6 7 -2 -8 10 -4 -11 -13 -14
right_child=1 2 9 4 -6 -7 8 -9 -10 11 -12 12 13 -15
leaf_value=2.293470272548226e-05 -0.00014983221654032042 -0.00011155696590655583 -0.00028795318576727962 0.00049248060212580419 -3.4244390343958118e-05 -0.00041802071703101861 0.0015007050254045441 0.00027782932318384232 0.00012570433433923569 0.00035591226517457116 0.00044375712278289591 7.5341492061450934e-05 -0.00080981728467551591 0.00011260531939928553
leaf_weight=81920455.892001033 17649515.170148253 1432237.1703411341 4033562.2935045958 3021837.1873652935 1484907.5686073303 2144708.2180048227 574413.39891731739 1623277.9979588985 2432615.6163470745 2763061.0066318512 1173209.00771451 8661989.8770648241 1796062.0214869976 1203715.3613584042
leaf_count=70958 14019 1008 2852 2392 1269 1818 3764 1052 2663 3691 1733 8671 2198 1637
internal_value=3.23156e-05 -0.000388851 0.000311553 0.00209281 0.00348309 -0.00112212 -0.000821716 -0.00128932 0.00217524 -0.000227315 -0.00188907 0.000372512 -0.00033614 -0.00314111
internal_weight=1.31916e+08 4.99951e+07 2.55706e+07 5.93898e+06 4.50674e+06 2.44245e+07 2.22798e+07 1.92728e+07 3.00703e+06 1.96316e+07 5.20677e+06 1.44248e+07 1.16618e+07 2.99978e+06
internal_count=119725 48767 25451 4669 3661 23316 21498 15071 6427 20782 4585 16197 12506 3835
is_linear=0
shrinkage=0.03


Tree=290
num_leaves=15
num_cat=0
split_feature=10 13 1 16 10 10 10 10 10 9 10 13 10 2
split_gain=13881.3 14893.8 32817.8 27193.8 24055 47747.6 45965.5 31126.1 27515.7 27189.7 24498.9 25870.8 25600.1 27031.5
threshold=0.72565943610004047 0.98141287301538704 6.5000000000000009 0.033731398184704074 1.0375161902555876 1.0361774965034085 1.0428102923176461 1.0450145130875153 1.0493579743620629 88.500000000000014 1.0308391627668356 1.230564999705009 0.85635765199566871 1.5000000000000002
decision_type=2 2 2 2 2 2 2 2 2 2 2 2 2 2
left_child=-1 2 3 -2 5 10 9 -8 -9 -6 11 12 -3 -14
right_child=1 4 -4 -5 6 -7 7 8 -10 -11 -12 -13 13 -15
leaf_value=-0.00023941927374308014 -0.00065946143381004731 -0.00041021196990076209 5.9112470002002696e-05 0.00038200593990831848 1.0239257203218762e-05 -0.0008983678625120214 -0.00068979936392426578 0.00042513829153588228 5.0328786042437282e-06 0.00039511940590410588 0.00021540673054988829 0.0008082264339515882 7.3156824496970862e-05 -0.00010646192625767921
leaf_weight=1492660.5863560438 1591581.3861354589 2022830.6312657595 55002696.114081979 338747.42176437378 1476479.9124304056 1253692.2928675413 1126066.1277765036 1347400.1818782091 30547369.650830388 2785662.141130209 2396114.7683165073 1611239.8453359604 9242156.6101529598 19363528.483820915
leaf_count=1740 10723 2037 42560 253 933 953 966 942 29349 1972 1898 4931 5787 14724
internal_value=0.000171363 0.000204365 0.000568254 -0.00327651 -7.87642e-05 -0.000633161 0.000454913 7.64687e-05 0.000249535 0.0033869 -0.000424978 -0.000642493 -0.000837409 -0.00060677
internal_weight=1.31598e+08 1.30106e+08 5.6933e+07 1.93033e+06 7.31725e+07 3.58896e+07 3.7283e+07 3.30208e+07 3.18948e+07 4.26214e+06 3.46359e+07 3.22398e+07 3.06285e+07 2.86057e+07
internal_count=119768 118028 53536 10976 64492 30330 34162 31257 30291 2905 29377 27479 22548 20511
is_linear=0
shrinkage=0.03


Tree=291
num_leaves=15
num_cat=1
split_feature=13 16 13 11 16 14 9 1 0 14 9 9 9 16
split_gain=17384.6 27230.5 31310 29988.4 24818.1 27818 29289.9 23078.9 29550 24386.4 21034 20477 33606.3 55027.2
threshold=0.9875222931406461 0.038617523334212034 1.4514817602815107 0.9124081244535126 0.033731398184704074 0.80066380668717885 82.500000000000014 6.5000000000000009 0 0.94768511884211415 89.500000000000014 89.500000000000014 74.500000000000014 0.072586835375158976
decision_type=2 2 2 2 2 2 2 2 1 2 2 2 2 2
left_child=4 2 3 -2 5 -1 -7 8 9 -8 -5 12 -3 -14
right_child=1 11 -4 10 -6 6 7 -9 -10 -11 -12 -13 13 -15
leaf_value=-0.0018781115339261839 0.0016124148232936775 -6.3818407452350185e-05 0.0036929419000229389 -0.00046955763407801113 5.4198033840493204e-05 -0.00071029128045517356 0.00019812793704481791 0.00028463897171847634 -0.0012425811680982974 -0.00023860453686812632 0.00020397147667562167 -7.0839295752159895e-05 -1.3728435554937828e-05 0.00056419170815155998
leaf_weight=321378.5238751173 422038.87674677372 6263035.9395308495 337445.65699183941 816865.59332573414 57920197.839598656 675264.45912182331 240650.15015172958 2409951.4843025208 708897.48438322544 407431.30645215511 5222654.5166931152 50422712.255508423 3855513.7948036194 2785272.4869997501
leaf_count=3221 1249 3756 4178 2493 37941 2236 1242 6466 4290 2319 14267 32152 2766 1430
internal_value=0.000133856 -0.000190654 0.00161353 0.0011483 0.000496892 -0.00158461 -0.000967972 6.34217e-05 -0.00306592 0.00156421 0.000608033 -0.000384359 0.000682029 0.00216884
internal_weight=1.32809e+08 7.01255e+07 6.799e+06 6.46156e+06 6.26838e+07 4.76357e+06 4.44219e+06 3.76693e+06 1.35698e+06 648081 6.03952e+06 6.33265e+07 1.29038e+07 6.64079e+06
internal_count=120006 62291 22187 18009 57715 19774 16553 14317 7851 3561 16760 40104 7952 4196
cat_boundaries=0 1
cat_threshold=408
is_linear=0
shrinkage=0.03


Tree=292
num_leaves=15
num_cat=4
split_feature=10 12 11 12 11 11 0 0 1 12 11 0 10 0
split_gain=14528 18061 55215.1 61408.4 59334.7 53411.2 47208 46629.2 80574.1 68713 46087.4 121887 97820.8 97604.8
threshold=0.72565943610004047 1.0051336041564809 1.0299326936213087 0.9880996573646984 1.0221330673894578 1.0201167971050777 0 1 10.500000000000002 1.0043866876767142 1.0128747137800109 2 0.98305682978426401 3
decision_type=2 2 2 2 2 2 1 1 2 2 2 1 2 1
left_child=-1 2 4 -4 5 7 -5 8 -2 -9 11 -3 -13 -12
right_child=1 10 3 6 -6 -7 -8 9 -10 -11 13 12 -14 -15
leaf_value=-0.00023198051149816225 0.00046741877024998791 0.00012833778935895804 7.6241492367892162e-05 -0.00085026810772109111 0.00037157419361203098 -0.00033420587580328093 -0.00030408304822653401 9.0331998440788773e-05 -0.00051545525944499723 0.00077247302536122471 -0.00021605689814234769 -0.0001922548627477835 -0.0019266829671538436 6.8393748493114623e-05
leaf_weight=1523945.210401535 1893821.3889204264 7165299.4709002972 3216711.5189644098 1324545.9998927116 2654904.9964771271 1703904.7644518614 1565882.7155137062 29184290.679092765 4332488.5402154922 1312313.4092912674 18036185.78289175 3972179.3464663029 3001757.6943199635 51540785.677242517
leaf_count=1721 2949 7172 3064 968 1887 985 1904 22424 4875 951 18454 3167 2381 47060
internal_value=4.25537e-06 3.81584e-05 0.00050751 -0.00215405 0.000903173 0.000603492 -0.00532756 0.000844413 -0.00152146 0.00132744 -0.000226404 -0.00178785 -0.00461119 9.09086e-05
internal_weight=1.32429e+08 1.30905e+08 4.71889e+07 6.10714e+06 4.10817e+07 3.84268e+07 2.89043e+06 3.67229e+07 6.22631e+06 3.04966e+07 8.37162e+07 1.41392e+07 6.97394e+06 6.9577e+07
internal_count=119962 118241 40007 5936 34071 32184 2872 31199 7824 23375 78234 12720 5548 65514
cat_boundaries=0 1 2 3 4
cat_threshold=28 288 395 137
is_linear=0
shrinkage=0.03


Tree=293
num_leaves=15
num_cat=4
split_feature=10 11 0 1 2 0 14 12 12 12 0 2 14 0
split_gain=13178.6 42146.4 51958.6 67549.1 56965.8 28806.5 26760.6 26058.9 37898.9 40013.1 25617.6 27985.4 22429.8 22065.7
threshold=0.81586805158820941 0.95492063932594939 0 17.500000000000004 1.0000000180025095e-35 1 0.98188199256125863 0.91201871032151005 0.94393087860401736 0.96791693131387035 2 2.5000000000000004 0.89750604985756677 3
decision_type=2 2 1 2 2 1 2 2 2 2 1 2 2 1
left_child=5 2 6 4 -4 -1 -2 -7 -9 -10 -6 -12 -13 -3
right_child=1 13 3 -5 10 7 -8 8 9 -11 11 12 -14 -15
leaf_value=0.00046370183962075602 2.6683293254438137e-05 0.00015847046447455375 -0.0002423308322974394 0.00060337554787746059 3.4795684886539695e-05 0.00015047409037517097 -0.00091356165642315153 -0.001005137102958457 0.00017992992138152533 -0.00046502057419169182 5.2439187169975086e-05 0.00011539922707462637 0.00081655173253668669 -1.5161202097611959e-05
leaf_weight=963847.90693795681 993994.22760879993 13388955.897517204 1490313.0014046431 2646964.2421960831 3061430.5568877459 1327775.321729064 891908.16088652611 1016818.0533521175 1401570.875404954 2013920.2702224255 1488762.9343805313 1185548.7688395977 1213914.2579650879 99431057.91765523
leaf_count=1508 869 22300 893 2306 2063 1463 1246 1109 1596 1897 898 713 1296 79760
internal_value=0.000102983 0.000172151 0.00179153 0.00257458 0.0012632 -0.00119102 -0.00281186 -0.00199426 -0.00309868 -0.00158507 0.00240454 0.00402073 0.00602552 -1.40572e-05
internal_weight=1.32517e+08 1.25793e+08 1.29728e+07 1.10869e+07 8.43997e+06 6.72393e+06 1.8859e+06 5.76008e+06 4.43231e+06 3.41549e+06 6.94966e+06 3.88823e+06 2.39946e+06 1.1282e+08
internal_count=119917 112344 10284 8169 5863 7573 2115 6065 4602 3493 4970 2907 2009 102060
cat_boundaries=0 1 2 3 4
cat_threshold=320 132 12 96
is_linear=0
shrinkage=0.03


Tree=294
num_leaves=15
num_cat=3
split_feature=14 1 13 14 0 13 0 16 14 16 1 9 0 13
split_gain=12109.8 53437.2 37038 32690.2 28896.8 26524.6 30132.5 27085.2 19538.4 91117.4 20480.8 117079 67233.5 77835.3
threshold=0.81146616402850247 8.5000000000000018 0.88800009478229003 0.73373966299921112 0 0.6877629916028617 1 0.063453872265148092 0.84173742766001058 0.067416919633109459 7.5000000000000009 71.500000000000014 2 1.0707174912656292
decision_type=2 2 2 2 1 2 1 2 2 2 2 2 1 2
left_child=1 -1 3 4 -3 6 -2 -8 9 -7 11 -10 13 -13
right_child=5 2 -4 -5 -6 8 7 -9 10 -11 -12 12 -14 -15
leaf_value=-0.0014602801483433322 0.00082578019615089286 0.00017490637223670737 0.00014450530222822963 -0.00063430576347206502 -0.00061361695662117029 -0.00022601188254650682 0.00029094830713728806 -0.00028526260512077781 -0.0010250877089899824 0.000506402888969992 2.5030355779097199e-05 -2.5302405271824955e-06 -0.00036795044391227963 0.0007710207710168159
leaf_weight=1953762.1457079649 1279137.0635539293 1188288.0610084534 2182572.0647649765 2470844.6830377579 1497436.3370938301 1418106.0935111046 990685.68703603745 953074.96048736572 825411.77902758121 1314896.5131530762 105619595.19307613 4832254.8816276789 4418297.5921372175 1419492.5644418001
leaf_count=4034 2714 848 1780 1952 1525 1646 1842 572 1407 671 79577 5198 12999 3175
internal_value=0.000171318 -0.000872939 -0.0020467 -0.00343322 -0.00114213 0.000250168 0.00293589 0.000582695 0.000177945 0.00268542 0.000119431 -0.0010831 -0.000241028 0.00176094
internal_weight=1.32364e+08 9.2929e+06 7.33914e+06 5.15657e+06 2.68572e+06 1.23071e+08 3.2229e+06 1.94376e+06 1.19848e+08 2.733e+06 1.17115e+08 1.14955e+07 1.067e+07 6.25175e+06
internal_count=119940 10139 6105 4325 2373 109801 5128 2414 104673 2317 102356 22779 21372 8373
cat_boundaries=0 1 2 3
cat_threshold=344 229 28
is_linear=0
shrinkage=0.03


Tree=295
num_leaves=15
num_cat=3
split_feature=12 0 11 16 0 11 11 16 11 11 12 0 11 12
split_gain=13086.8 59452.8 59818.9 75776.6 47121.7 76512 59759.6 50926.6 51952.8 49971.7 52120.8 68367.9 54708.5 43955
threshold=1.0215739068061271 0 1.0457554300361143 0.071071132527627645 1 0.97755348269850095 0.98630601238266269 0.043386889500301111 0.81778362804508808 0.96841507918557901 1.0137025498423149 2 1.0559171684260189 1.0586538094844589
decision_type=2 1 2 2 1 2 2 2 2 2 2 1 2 2
left_child=4 2 3 -2 5 7 -7 -1 -9 -6 -11 -12 -13 -3
right_child=1 13 -4 -5 9 6 -8 8 -10 10 11 12 -14 -15
leaf_value=0.00079902353190913647 0.00014287314352709444 -0.00023428037203969575 1.2068254334172885e-05 0.00065113048954978502 0.0001107833371220648 0.0024450422437522837 0.00021297023448708783 0.00025632597427538656 -0.00042301916988002277 -0.00010243809135300635 0.00037041922259968259 -0.00039509691100044115 0.00039075588409851077 3.6902025631461228e-05
leaf_weight=986319.04283905029 2385404.1069687605 19329467.665510654 14531506.968845487 1473187.1301388741 13547631.273593426 1046601.8423882723 17791974.195849657 1629804.8176879883 5159920.4408111572 32144871.3508389 4509116.6528372765 2861720.3805459738 1216714.8245975971 13309556.74799192
leaf_count=3242 2710 17650 14874 828 11233 1144 17225 1363 3588 23628 2795 3440 2340 13606
internal_value=0.000112921 -0.000263287 0.0011009 0.00442129 0.000350236 0.00138426 0.00241769 -0.00111937 -0.0020447 -0.000156769 -0.000681727 0.00139451 -0.00142005 -0.00103193
internal_weight=1.31924e+08 5.10291e+07 1.83901e+07 3.85859e+06 8.08947e+07 2.66146e+07 1.88386e+07 7.77604e+06 6.78973e+06 5.42801e+07 4.07324e+07 8.58755e+06 4.07844e+06 3.2639e+07
internal_count=119666 49668 18412 3538 69998 26562 18369 8193 4951 43436 32203 8575 5780 31256
cat_boundaries=0 1 2 3
cat_threshold=305 202 20
is_linear=0
shrinkage=0.03


Tree=296
num_leaves=15
num_cat=2
split_feature=12 9 12 11 11 11 0 0 12 11 9 9 3 14
split_gain=17903.8 47020.1 54649.8 57745.3 45880.2 69067.6 53657.4 46060.1 52758.9 51076.2 68540 61982.7 44316.2 114421
threshold=1.0237498270125132 83.500000000000014 1.0264271478443214 1.0412554551730746 1.0559171684260189 1.0497631304646522 0 1 1.0197477511393997 0.97755348269850095 78.500000000000014 69.500000000000014 1.5000000000000002 0.8798562679771581
decision_type=2 2 2 2 2 2 1 1 2 2 2 2 2 2
left_child=4 -2 3 -3 5 7 -6 8 9 -1 11 -11 -4 -14
right_child=1 2 12 -5 6 -7 -8 -9 -10 10 -12 -13 13 -15
leaf_value=-3.3815833734069028e-05 0.00035154605455007951 -0.0013458925698339717 1.5135255417443838e-05 -1.7422676278308327e-05 0.00086892727547929435 -0.00057497024268634005 0.00018140790002702838 -2.0166152389174697e-05 -0.00088089612124170227 0.00028887457612987471 0.00046384644857077657 -0.00042818532340297251 -0.0032888393780661795 -0.00016261539424898105
leaf_weight=7502704.6119191647 3272222.4499058723 2149304.0930050611 33913408.896384001 1784853.5327143669 1202852.6883369684 2599036.8398672342 4318338.5696171522 51038090.193482399 1158827.9362733364 2115960.1583880186 11194814.85448575 2085884.3434150219 682891.72875094414 7087789.9811947346
leaf_count=7936 4216 1949 28750 1206 843 2401 7049 38646 831 1884 10578 1829 1396 10374
internal_value=4.79811e-05 -0.000407661 -0.000656835 -0.00403675 0.000315675 0.000127896 0.00295815 0.000294297 0.00137645 0.00169249 0.00268153 -0.000585614 -0.000337838 -0.00238133
internal_weight=1.32107e+08 4.88905e+07 4.56182e+07 3.93416e+06 8.32165e+07 7.76953e+07 5.52119e+06 7.50963e+07 2.40582e+07 2.28994e+07 1.53967e+07 4.20184e+06 4.16841e+07 7.77068e+06
internal_count=119888 47891 43675 3155 71997 64105 7892 61704 23058 22227 14291 3713 40520 11770
cat_boundaries=0 1 2
cat_threshold=20 202
is_linear=0
shrinkage=0.03


Tree=297
num_leaves=15
num_cat=2
split_feature=16 0 10 13 16 3 16 12 12 14 16 0 10 9
split_gain=20171.5 51710.1 39380.9 21731.8 14603.2 40973.5 66758 53853.2 41782.9 50413.6 37813 37523.7 30125.5 28076.8
threshold=0.091205136300103837 0 1.044564381414131 0.97910673420048433 0.076430906454491812 1.0000000180025095e-35 0.080644508632545811 0.99549366363837055 1.0185072359810103 0.94083080372863359 0.074048259002629541 1 1.0912306131221923 66.500000000000014
decision_type=2 1 2 2 2 2 2 2 2 2 2 1 2 2
left_child=4 2 -2 -3 10 6 -6 -7 -9 -10 13 -11 -8 -1
right_child=1 3 -4 -5 5 7 12 8 9 11 -12 -13 -14 -15
leaf_value=0.00032764788201537841 -0.00016245327245255643 -4.1337294541045688e-05 0.00062239964816686527 -0.00024297183641111713 0.00057603527327660406 -0.00041128841777382437 1.1344493176984021e-05 0.00026770128087663853 -0.00061436766260610605 0.00028110723658464581 -0.00025658086738165387 -0.00035546155440262022 0.00041880492246470488 4.862532328065485e-06
leaf_weight=3247095.158298254 2318946.6245937347 3739035.5403747559 2021058.7170600891 4870990.4918823242 2480834.729309082 3059432.8377075195 8924184.8739013672 4670686.4808263779 1364423.1076374054 2082109.3394981623 3610483.2244315147 1903196.8006591797 2368671.5222167969 85517488.467661738
leaf_count=3017 1089 1752 1078 2076 1289 2241 3495 2729 1039 1367 2317 1595 1287 93555
internal_value=7.96737e-05 -0.00104484 0.00162528 -0.00239075 0.000201813 0.000817601 0.00195955 -0.000384929 0.000678733 -0.00113137 2.28027e-05 0.000572647 0.000980638 0.000145216
internal_weight=1.32179e+08 1.295e+07 4.34001e+06 8.61003e+06 1.19229e+08 2.68535e+07 1.37737e+07 1.30798e+07 1.00204e+07 5.34973e+06 9.23751e+07 3.98531e+06 1.12929e+07 8.87646e+07
internal_count=119926 5995 2167 3828 113931 15042 6071 8971 6730 4001 98889 2962 4782 96572
cat_boundaries=0 1 2
cat_threshold=448 309
is_linear=0
shrinkage=0.03


Tree=298
num_leaves=15
num_cat=3
split_feature=13 14 1 14 0 11 14 1 1 3 11 0 13 0
split_gain=17157.1 33302.9 88043.2 74918 65289.9 50719 45586.8 43916.9 43571.8 39044.5 60200.7 41867.8 38840.4 30653.8
threshold=0.9875222931406461 0.92190481170433314 8.5000000000000018 0.87434357228284487 0 0.98543013854132477 0.8798562679771581 12.500000000000002 8.5000000000000018 1.0000000180025095e-35 1.0347724860781087 1 0.77862267085686787 2
decision_type=2 2 2 2 1 2 2 2 2 2 2 1 2 1
left_child=1 2 3 4 12 -4 7 -7 13 10 -9 -12 -1 -3
right_child=-2 8 5 -5 -6 6 -8 9 -10 -11 11 -13 -14 -15
leaf_value=-0.0010252574875255578 -2.8972956856496458e-05 7.570998415275765e-05 6.5846148650342977e-05 -0.0003565515872229862 0.00015204579568625613 -0.0007233377516016467 -4.044704583904099e-06 -0.00080680309029816904 0.00014441806146924072 -0.00082848645081594905 0.00079112361285001913 -9.2761728990476547e-05 0.00094245184640594768 -0.00022590700664282037
leaf_weight=587153.01784777641 69831705.117844105 3622148.4897834063 5759972.0263795853 998881.56570243835 1277520.5693902969 2689197.1535813808 4154756.8260769844 1360380.3874635696 33564604.366890311 1537659.0832724571 1423968.9590911865 1216691.1951098442 658775.0397387743 3531413.7503830194
leaf_count=1540 62220 4668 3856 1690 2489 2212 3457 1026 26525 1702 1275 964 723 5450
internal_value=3.14559e-05 0.000393029 -0.000557233 0.00378312 0.00653582 -0.0013999 -0.00248173 -0.00377522 0.000898636 -0.002248 -0.000686506 0.00195474 0.0114221 -0.0012271
internal_weight=1.32215e+08 6.23831e+07 2.1665e+07 3.52233e+06 2.52345e+06 1.81426e+07 1.23827e+07 8.2279e+06 4.07182e+07 5.5387e+06 4.00104e+06 2.64066e+06 1.24593e+06 7.15356e+06
internal_count=119797 57577 20934 6442 4752 14492 10636 7179 36643 4967 3265 2239 2263 10118
cat_boundaries=0 1 2 3
cat_threshold=340 391 269
is_linear=0
shrinkage=0.03


Tree=299
num_leaves=15
num_cat=1
split_feature=13 0 9 12 11 11 11 2 12 12 12 10 1 13
split_gain=12163.4 24819.5 37013.4 41713.8 51319.4 47709.3 30884.8 25555.8 44055.8 54220 53037.1 33101.6 30870.1 53549.3
threshold=0.97234153124978284 0 67.500000000000014 1.0116324710920543 0.92988574658020606 1.0292425370146423 1.0519185774417348 4.5000000000000009 0.99523338337776046 1.0189249967437959 0.97676308171397053 1.0293999222527417 9.5000000000000018 1.0707174912656292
decision_type=2 1 2 2 2 2 2 2 2 2 2 2 2 2
left_child=-1 2 -2 4 -4 -6 -5 12 10 11 -9 -10 13 -3
right_child=1 7 3 6 5 -7 -8 8 9 -11 -12 -13 -14 -15
leaf_value=4.4424455618962657e-05 -0.00046711649729389379 -4.1273009890571404e-05 -0.00046766515326901768 -0.00019680716210939786 0.00095686263366867455 -6.2481124089896887e-05 0.00015721441450142136 0.00027767847056361504 0.0002738597384668345 -5.3112551033041511e-05 -0.0019699727894346968 0.00080938648654709693 -0.00010487800490041693 0.00031977741199794697
leaf_weight=53213739.71156168 1155244.7930575609 9708373.0941385031 1225845.7480100393 6144419.6184209585 4050877.1891287565 1468311.7990117073 10318131.844613552 1026658.0448147058 3075671.6101937294 3784986.1723970175 1007899.2715358734 1234266.7878851891 31676220.634896278 3135726.4465266466
leaf_count=51152 1164 5412 1795 7137 4670 1787 12874 1367 2596 4244 1453 1336 18502 4427
internal_value=0.000150055 -8.60753e-05 0.000710266 0.000971157 0.00295818 0.00419143 0.000157035 -0.000441084 0.000918973 0.00191085 -0.00302742 0.00421172 -0.000750531 0.000490053
internal_weight=1.32226e+08 7.90126e+07 2.43628e+07 2.32076e+07 6.74503e+06 5.51919e+06 1.64626e+07 5.46498e+07 1.01295e+07 8.09492e+06 2.03456e+06 4.30994e+06 4.45203e+07 1.28441e+07
internal_count=119916 68764 29427 28263 8252 6457 20011 39337 10996 8176 2820 3932 28341 9839
cat_boundaries=0 1
cat_threshold=99
is_linear=0
shrinkage=0.03


Tree=300
num_leaves=15
num_cat=5
split_feature=13 12 16 0 0 1 16 12 12 0 13 0 11 0
split_gain=16659.1 20928.5 46195.1 45170.5 38361.3 32359.8 25816.5 22664.3 22995.6 27801.2 24957.5 21750.4 27764.4 71755.5
threshold=1.0252373868049982 0.99894081004665003 0.040099238879225695 0 1 17.500000000000004 0.072586835375158976 1.080090879916801 1.0280252953070812 2 1.1657474190670187 3 1.0128747137800109 4
decision_type=2 2 2 1 1 2 2 2 2 1 2 1 2 1
left_child=-1 2 4 6 -2 11 -4 8 10 -10 -7 -3 13 -13
right_child=1 5 3 -5 -6 7 -8 -9 9 -11 -12 12 -14 -15
leaf_value=2.6824244196437295e-05 -0.00029113012201872039 -0.00021179887979064929 -0.00022526752579740713 -0.00035816405759874192 0.0011049769543654915 -0.00023009057344199692 0.00073162854085667901 0.00038589544419126187 -0.0010145742458503076 -0.00040729574000689757 0.00051796515204532902 6.7034884527615482e-05 0.00011463567712613521 -0.0010993949807714641
leaf_weight=85669136.480768204 680652.44182813168 3957386.8316254616 1601146.8038482666 5875521.3229675293 673760.98428070545 3905140.4706177711 1019348.8649291992 1121612.8308517933 857401.09885978699 1794500.2641859055 945532.98424506187 3867207.3069046736 18698069.022753716 1359475.532651782
leaf_count=73284 2714 5348 1708 3091 1870 3794 868 1564 645 2679 1927 2820 15875 1527
internal_value=3.64478e-05 -0.000421666 -0.0016488 -0.00246907 0.00349665 -9.05518e-05 0.000806395 -0.00169655 -0.00229118 -0.00453744 -0.00106313 0.000406196 0.000746975 -0.001186
internal_weight=1.32026e+08 4.63568e+07 9.85043e+06 8.49602e+06 1.35441e+06 3.65063e+07 2.6205e+06 8.62419e+06 7.50257e+06 2.6519e+06 4.85067e+06 2.78821e+07 2.39248e+07 5.22668e+06
internal_count=119714 46430 10251 5667 4584 36179 2576 10609 9045 3324 5721 25570 20222 4347
cat_boundaries=0 1 2 3 4 5
cat_threshold=449 391 276 129 90
is_linear=0
shrinkage=0.03


Tree=301
num_leaves=15
num_cat=0
split_feature=3 12 2 14 9 4 13 16 10 10 13 14 14 9
split_gain=16174.3 62207.5 62287 105689 64451.3 37954.3 21640.5 30426.4 23408.5 22700.5 30550.5 21916.7 25640.5 30037.8
threshold=2.5000000000000004 1.0910749318255806 4.5000000000000009 1.5289577085515897 80.500000000000014 1.0000000180025095e-35 0.97910673420048433 0.030894146538012413 0.74344838445811956 0.94045034183903997 0.81260868653833807 0.97982951192367063 0.73373966299921112 89.500000000000014
decision_type=2 2 2 2 2 2 2 2 2 2 2 2 2 2
left_child=6 2 3 -2 -4 -6 7 9 -9 -1 -11 12 -10 -14
right_child=1 -3 4 -5 5 -7 -8 8 11 10 -12 -13 13 -15
leaf_value=0.00042101236474877184 -0.003940639890178085 -0.00096350991952449765 -0.00065174025692906824 0.00019093245405038211 6.6332965016034043e-05 0.0010269278587768647 -1.4447443985524587e-05 -0.00020138133019259358 0.00025095452629001684 -0.0017668301457192191 -0.00023456582095255163 0.0001849930108923242 0.00026257435072873084 -1.0313489972742823e-05
leaf_weight=673506.00183618069 637017.20250582695 819060.28249657154 844209.59469652176 928560.78586244583 8645005.4884638786 830067.62547683716 67353074.956653357 2032295.2138366699 3254595.7550611496 549415.7092154026 2502008.5701874495 14229075.474826813 3375260.8247146606 25304012.03237915
leaf_count=2418 1003 1385 1342 1715 13304 1264 54194 1445 2270 5300 7877 9081 2359 14746
internal_value=6.82562e-05 -0.000949368 -0.000398262 -0.0059741 0.00044767 0.00115537 0.000176644 0.000636894 0.000838794 -0.0019754 -0.00307567 0.000977518 0.000541179 0.000254812
internal_weight=1.31977e+08 1.27039e+07 1.18849e+07 1.56558e+06 1.03193e+07 9.47507e+06 1.19273e+08 5.19202e+07 4.81952e+07 3.72493e+06 3.05142e+06 4.61629e+07 3.19339e+07 2.86793e+07
internal_count=119703 20013 18628 2718 15910 14568 99690 45496 29901 15595 13177 28456 19375 17105
is_linear=0
shrinkage=0.03


Tree=302
num_leaves=15
num_cat=3
split_feature=2 11 11 0 0 16 12 11 1 1 9 0 2 12
split_gain=17459.3 51480 44548 43156.3 35284.2 35572.9 46669.4 48277.4 34694.7 34672.6 33519.5 42188 30258.2 33986.5
threshold=2.5000000000000004 1.2311683815667933 1.1219708317889039 0 1 0.080905883085398492 0.99549366363837055 1.1026362285922378 11.500000000000002 10.500000000000002 74.500000000000014 2 1.0000000180025095e-35 1.0895840671027617
decision_type=2 2 2 1 1 2 2 2 2 2 2 1 2 2
left_child=2 4 -1 9 -2 10 -7 8 -8 -4 11 -6 -5 -14
right_child=1 -3 3 12 5 6 7 -9 -10 -11 -12 -13 13 -15
leaf_value=-5.3481029169619179e-05 -0.00026355105439980822 -0.00079899799114560935 -5.0789154644146268e-05 -0.00047561373255916822 -0.00035205870793168466 -0.00037930213475203471 0.00023372164400360464 -0.00042667761768812128 3.1362383965036603e-06 0.00059635896206633541 0.0001467568382456824 0.00017145929341879035 -0.00037142996820045004 0.0004528252506982327
leaf_weight=58300578.92188704 5791276.2329306602 1206437.4202359915 1599284.292620182 1022163.1977176666 1918650.6327116489 2686124.7455444336 2249674.4794921875 2207078.9274902344 6650892.1897888184 3312636.9542675018 41248212.207538605 1684960.9818329811 946404.72052419186 1104524.2642320395
leaf_count=44416 7364 1235 1633 1100 1468 1573 847 1579 4063 2611 47599 2395 1134 1059
internal_value=-1.02921e-05 0.000336508 -0.000353732 0.00174774 0.000451464 0.000672068 -0.000660261 0.000197859 0.00118274 0.00349222 0.00108181 -0.00169287 -0.00104058 0.00106096
internal_weight=1.31929e+08 6.56433e+07 6.62856e+07 7.98501e+06 6.44369e+07 5.86456e+07 1.37938e+07 1.11076e+07 8.90057e+06 4.91192e+06 4.48518e+07 3.60361e+06 3.07309e+06 2.05093e+06
internal_count=120076 68123 51953 7537 66888 59524 8062 6489 4910 4244 51462 3863 3293 2193
cat_boundaries=0 1 2 3
cat_threshold=310 256 21
is_linear=0
shrinkage=0.03


Tree=303
num_leaves=15
num_cat=2
split_feature=14 16 11 13 3 14 0 14 13 1 10 1 0 1
split_gain=15525.1 37620 38214.6 22654.7 44218.3 70173.7 41276.5 33171.1 20761.7 20513.8 16545 24895.2 34830 24626.5
threshold=0.63766516999298961 0.066932727782279877 1.3328353141383971 0.72140080341477619 1.5000000000000002 0.8498878906702908 0 0.80603527786693141 0.60542637678489164 12.500000000000002 0.85635765199566871 18.500000000000004 1 13.500000000000002
decision_type=2 2 2 2 2 2 1 2 2 2 2 2 1 2
left_child=1 2 -1 4 6 -6 7 -2 -7 -8 11 12 -5 -14
right_child=3 -3 -4 10 5 8 9 -9 -10 -11 -12 -13 13 -15
leaf_value=-0.00066405490703665517 0.00014690195087843652 -0.00062228928713858032 0.0011815075114767106 7.7930375856969538e-05 -0.0045302928653736642 0.0007419481042424675 0.0003490775796548424 0.00083527254616961634 -0.00032293119622728902 -0.00018489801077158438 4.0293184667979376e-06 0.00021305610323676106 -0.00026377498754383749 -0.00061812845743079953
leaf_weight=334666.01978933811 741721.20884287357 872301.00050401688 334441.5988073349 2046421.3725078106 511314.44664633274 513160.33163321018 1238402.4945379496 930670.57644069195 532255.71871733665 1892092.837346077 117154773.74714291 1124351.5895180702 2190902.9604725838 1690490.804473877
leaf_count=1848 856 494 271 1873 771 1462 1850 1527 870 1363 101306 1904 2401 1106
internal_value=1.50426e-05 -0.00297812 0.00237315 5.03785e-05 0.00179677 -0.00259714 0.00322094 0.00702597 0.00185739 0.00118817 -3.904e-05 -0.00145028 -0.00222656 -0.00389632
internal_weight=1.32108e+08 1.54141e+06 669108 1.30567e+08 6.35962e+06 1.55673e+06 4.80289e+06 1.67239e+06 1.04542e+06 3.1305e+06 1.24207e+08 7.05217e+06 5.92782e+06 3.88139e+06
internal_count=119902 2613 2119 117289 8699 3103 5596 2383 2332 3213 108590 7284 5380 3507
cat_boundaries=0 1 2
cat_threshold=209 400
is_linear=0
shrinkage=0.03


Tree=304
num_leaves=15
num_cat=2
split_feature=12 0 13 9 11 1 12 16 11 13 0 10 2 16
split_gain=19198 33191.6 29098.2 26059 25809.4 57725.4 60984.3 31902.4 29373.5 38156.9 39031.1 24642.5 62481.9 46297.3
threshold=1.0330675526569519 0 1.0264858880495522 85.500000000000014 1.0559171684260189 8.5000000000000018 1.02768276543342 0.089869429603364012 1.0497631304646522 1.2878181503467476 1 1.1289514811175707 3.5000000000000004 0.082834569891331561
decision_type=2 1 2 2 2 2 2 2 2 2 1 2 2 2
left_child=2 3 -1 -2 7 -6 -7 8 9 -4 -11 -3 -13 -14
right_child=1 11 4 -5 5 6 -8 -9 -10 10 -12 12 13 -15
leaf_value=6.4709364257228038e-05 -0.00024052453592360748 -0.00015954175404615879 -3.8276660657578832e-05 0.00043103792855126355 0.00037049227702286969 0.00036615828699791946 -0.00059576640839983138 -0.00033752322631562607 -0.00087516370753302488 0.006433923149168224 0.00035439417094531569 0.0001909920846386297 -0.00015106023762172788 -0.00092274742646543449
leaf_weight=63852979.098374009 747350.08876574039 17135622.410466552 23574856.420317888 3888651.662168026 914684.09095215797 2241112.9572212696 1278076.9258718491 2565141.1499323845 1099975.1392335892 403067.76222860813 957411.3090056181 8882204.8261598349 3757673.3834049702 904007.22637939453
leaf_count=51369 1260 15038 19588 6741 1475 2780 942 1121 1256 1111 3597 7782 5168 607
internal_value=0.000144633 -0.000454164 0.000362895 0.00191178 -0.000359923 0.0017698 2.46666e-05 -0.000690089 -0.000375589 -0.000163947 0.00472121 -0.000811684 0.000144667 -0.00266798
internal_weight=1.32203e+08 3.53155e+07 9.68873e+07 4.636e+06 3.30343e+07 4.43387e+06 3.51919e+06 2.86005e+07 2.60353e+07 2.49353e+07 1.36048e+06 3.06795e+07 1.35439e+07 4.66168e+06
internal_count=119835 36596 83239 8001 31870 5197 3722 26673 25552 24296 4708 28595 13557 5775
cat_boundaries=0 1 2
cat_threshold=288 18
is_linear=0
shrinkage=0.03


Tree=305
num_leaves=15
num_cat=2
split_feature=10 10 0 16 16 1 1 0 12 10 12 10 10 10
split_gain=15148.7 77730.1 50994.4 38005.7 36958.4 50448.9 47263.8 59206.6 43496.9 36169.6 116048 49032.4 45110.2 30374.9
threshold=0.98774918197535599 0.9857309345025429 0 0.074928723801683 0.054095680746598977 9.5000000000000018 9.5000000000000018 1 1.0203119929770657 0.99583216397804264 0.99379942660604637 0.99820296043893053 0.99369075874247714 1.0012311179196864
decision_type=2 2 1 2 2 2 2 1 2 2 2 2 2 2
left_child=1 2 3 -1 5 -4 -6 -8 -7 10 -2 -11 -12 -13
right_child=9 -3 4 -5 6 8 7 -9 -10 11 12 13 -14 -15
leaf_value=-0.0001006874238471463 0.0004813781989161002 0.00057166745294416296 -0.00028392939545239071 -0.00094975501112070141 0.00018354487050545697 0.00042710493200391261 -0.00032935178450462286 8.5069351217684135e-05 0.0015332328080138657 0.00025290078155872238 -0.00031421335554002969 -0.00046074443028439722 -0.0021020112456116911 -4.3776975384075912e-06
leaf_weight=1506970.9611541033 1186322.1925258636 1713779.5022550821 1450707.6233106852 813969.27795410156 4624866.9677429199 3401752.2735700607 6604890.6467285156 7819487.2324676514 795922.83177042007 2652353.6763422489 1944452.8628879786 2360456.5216276646 1257259.0004148483 94488539.734872937
leaf_count=2311 1196 1032 5271 584 2314 4473 3477 5913 1302 1457 1541 2144 1015 85952
internal_value=2.97955e-05 0.000639474 0.000246489 -0.00400505 0.000646025 0.00277724 1.40891e-05 -0.000832062 0.00444399 -0.000138821 -0.00280437 -2.12699e-05 -0.00577409 -0.000131479
internal_weight=1.32622e+08 2.87323e+07 2.70186e+07 2.32094e+06 2.46976e+07 5.64838e+06 1.90492e+07 1.44244e+07 4.19768e+06 1.03889e+08 4.38803e+06 9.95013e+07 3.20171e+06 9.6849e+07
internal_count=119982 26677 25645 2895 22750 11046 11704 9390 5775 93305 3752 89553 2556 88096
cat_boundaries=0 1 2
cat_threshold=64 268
is_linear=0
shrinkage=0.03


Tree=306
num_leaves=15
num_cat=0
split_feature=12 13 12 13 10 1 10 10 12 10 16 10 12 1
split_gain=14055 37723.6 31735.3 31721.2 30980.1 51271.9 49984.7 33535.3 42758.3 32480.1 42661.8 36980.1 31473.4 45265.3
threshold=1.0051336041564809 0.58562252165691475 1.0043866876767142 0.47080211447719411 1.0375161902555876 19.500000000000004 1.0364186429297959 1.1165423743012803 1.0243764990400916 1.0428102923176461 0.072218818002115062 1.0450145130875153 1.02768276543342 8.5000000000000018
decision_type=2 2 2 2 2 2 2 2 2 2 2 2 2 2
left_child=2 3 -1 -2 6 9 -3 8 -7 10 -6 -11 13 -13
right_child=1 4 -4 -5 5 7 -8 -9 -10 11 -12 12 -14 -15
leaf_value=2.4054349375194838e-05 0.00072502157553002192 -5.3532981313762524e-05 -0.00039158243860074445 -0.00012471750753172389 3.3242407653147402e-05 -7.7908892386450651e-05 -0.00081999400668047832 1.2411360818347573e-05 -0.0010317491253461232 -0.00047983180691763775 0.00038683099011938476 0.00046545974650801636 -7.4507766726030662e-06 8.2595642902177951e-05
leaf_weight=45118557.031623721 626769.78800821304 29538266.321451306 3206190.4857295752 461984.27159821987 2735376.6492911577 1106911.8855333328 1492727.2169445753 1974710.5614740849 1515519.6015751362 1665261.3302009106 1881017.4377603531 2235131.8998293877 29909253.726606607 8709061.1266784668
leaf_count=39046 2256 25622 2395 865 2016 2102 1044 4490 2709 1226 726 3162 25927 6229
internal_value=7.75843e-05 -0.000157264 0.000485087 0.00539059 -0.000230246 0.000219287 -0.000979668 -0.0028049 -0.00502835 0.000514239 0.00290423 0.00025475 0.000433375 0.00180992
internal_weight=1.32177e+08 8.3852e+07 4.83247e+07 1.08875e+06 8.27632e+07 5.17322e+07 3.1031e+07 4.59714e+06 2.62243e+06 4.71351e+07 4.61639e+06 4.25187e+07 4.08534e+07 1.09442e+07
internal_count=119815 78374 41441 3121 75253 48587 26666 9301 4811 39286 2742 36544 35318 9391
is_linear=0
shrinkage=0.03


Tree=307
num_leaves=15
num_cat=0
split_feature=12 9 12 1 9 12 10 10 12 14 12 12 10 2
split_gain=13538 29470.9 26607.2 46257.8 41349 48807.6 35754.3 70493 44531.2 51871.4 44180.8 42593.1 38337.6 37521.1
threshold=1.0079872680763284 63.500000000000007 0.99850866959735451 19.500000000000004 73.500000000000014 0.9905120747951105 0.98774918197535599 0.99583216397804264 1.0017366156455199 1.0110944622978508 1.0017366156455199 1.0022632125571322 1.0239702552515217 3.5000000000000004
decision_type=2 2 2 2 2 2 2 2 2 2 2 2 2 2
left_child=2 -2 3 4 -1 -6 10 -8 9 -9 -4 -10 13 -13
right_child=1 -3 6 -5 5 -7 7 8 11 -11 -12 12 -14 -15
leaf_value=0.00032251518795863834 -0.000519406620785575 -7.4618914399683921e-06 -1.2401797819641081e-05 0.00051459552088892538 -2.64598626902736e-05 -0.00059561791897836346 -0.00044889975248585282 0.00015930856916498078 -0.00029534708841045881 0.00083046805376599708 0.00045567447627293091 -0.00018704551035633846 0.00025262029184097056 0.00027646962026129637
leaf_weight=2361814.0561929941 1249368.2936661243 75211609.004202724 1924809.6834757328 2701659.0751638412 21747182.303716302 3555281.4454798698 2536420.4689837694 2952178.2208795547 1858337.5571994781 1465714.769167304 3121018.3102710247 3907805.7961478233 5403691.5723265409 2193075.6305855513
leaf_count=1660 981 72421 1582 5275 17686 3226 1951 2223 1263 1485 2131 2285 4135 1659
internal_value=0.000111918 -0.000147273 0.000467531 -0.000131553 -0.000497464 -0.000851817 0.00118479 0.000623454 0.00129087 0.00390195 0.003445 0.000427624 0.00110834 -0.000521506
internal_weight=1.3219e+08 7.6461e+07 5.5729e+07 3.03659e+07 2.76643e+07 2.53025e+07 2.53631e+07 2.03172e+07 1.77808e+07 4.41789e+06 5.04583e+06 1.33629e+07 1.15046e+07 6.10088e+06
internal_count=119963 73402 46561 27847 22572 20912 18714 15001 13050 3708 3713 9342 8079 3944
is_linear=0
shrinkage=0.03


Tree=308
num_leaves=15
num_cat=0
split_feature=12 12 9 12 10 10 1 16 13 16 13 12 10 16
split_gain=15446.8 25832 31467.1 44722 25631.3 46191.9 21371 39441.1 29549.6 28942.5 26425.3 26360 23674.9 27122
threshold=1.0079872680763284 1.0043866876767142 74.500000000000014 1.0048876901737636 1.0239702552515217 0.99820296043893053 7.5000000000000009 0.069564008863616147 1.0342398360974716 0.042105939670710912 0.62621409387992 1.0033879215670958 0.8852919625665473 0.093489802824248333
decision_type=2 2 2 2 2 2 2 2 2 2 2 2 2 2
left_child=1 6 -3 -4 5 -5 7 -1 10 -10 -8 12 -12 -14
right_child=-2 2 3 4 -6 -7 8 -9 9 -11 11 -13 13 -15
leaf_value=-1.2706990867105571e-05 -2.2504672586328561e-05 -8.0582038208662859e-05 0.00064868050774280343 0.00021898766606867463 0.00026035031627981789 -0.00039580635562255117 -0.00020839178046830654 -0.00038913791508000023 0.00054771208232472148 -0.00017101158329723749 -4.7737810962752355e-05 -0.00024177375495534859 0.00020257631260887752 -7.2433611066680426e-05
leaf_weight=3101068.927577734 76470761.306011438 1900212.4538245201 1706199.7477545738 1846681.4280538559 3016609.9045392275 2045572.2180950642 2823784.7229442596 1270680.6810302734 1305974.4416508675 10638537.625411987 5308136.0697956085 1517651.5112228394 17521250.170836926 1755338.408996582
leaf_count=9168 73403 1412 1240 1306 2339 1177 2137 471 2866 6926 4565 929 11515 640
internal_value=5.51621e-05 0.00043489 0.00177429 0.00254504 0.00147089 -0.000137765 0.000123586 -0.00187002 0.000336832 -0.000918481 0.00085519 0.00115343 0.0013903 0.00187882
internal_weight=1.32228e+08 5.57577e+07 1.05153e+07 8.61506e+06 6.90886e+06 3.89225e+06 4.52424e+07 4.37175e+06 4.08707e+07 1.19445e+07 2.89262e+07 2.61024e+07 2.45847e+07 1.92766e+07
internal_count=120094 46691 7474 6062 4822 2483 39217 9639 29578 9792 19786 17649 16720 12155
is_linear=0
shrinkage=0.03


Tree=309
num_leaves=15
num_cat=2
split_feature=10 11 0 11 1 1 11 2 14 0 16 1 1 3
split_gain=13416.3 25575.1 57698.9 48464.9 45855.2 46267.4 29297.4 25313.4 17046.4 64309.7 42654.2 41555.2 20997 32446.9
threshold=0.72565943610004047 0.9124081244535126 0 0.83022427849027636 16.500000000000004 11.500000000000002 0.92170800641855088 1.5000000000000002 1.1408790155553841 1 0.068192879003344239 11.500000000000002 18.500000000000004 1.5000000000000002
decision_type=2 2 1 2 2 2 2 2 2 1 2 2 2 2
left_child=-1 2 4 7 5 -2 -3 -4 12 11 -11 -10 -8 -14
right_child=1 6 3 -5 -6 -7 8 -9 9 10 -12 -13 13 -15
leaf_value=-0.00025144349300021147 0.00028471126471715471 -0.00058504434828516086 -0.00031883127042473805 -0.00073982196332377979 0.00075545306143635059 -0.00013992860772437749 1.0192217061251719e-05 0.00043769235217741629 -0.00037346361158191183 -0.0041777608075627311 -0.0014030411240691352 0.0033881592936061246 -4.0650815021970139e-05 -0.00051787986952753933
leaf_weight=1507995.9769819975 2039774.8171477318 1481831.5491492748 900094.09725403786 1454095.4866366386 1832880.75050354 1873800.5036010742 98803565.645964861 1718250.0822731256 398690.54005992413 1265341.3449449539 688408.25075960159 843521.50026464462 13970607.000620604 3244770.7046635151
leaf_count=1693 1693 1524 870 2044 1213 884 74728 2154 1951 5721 824 1596 16714 6300
internal_value=5.8194e-05 9.07013e-05 0.00156307 -0.00116872 0.00349904 0.00166506 -2.90782e-05 0.00127016 2.3032e-05 0.00218444 -0.00120887 0.00752138 -3.6508e-05 -0.00100337
internal_weight=1.32024e+08 1.30516e+08 9.8189e+06 4.07244e+06 5.74646e+06 3.91358e+06 1.20697e+08 2.61834e+06 1.19215e+08 3.19596e+06 1.95375e+06 1.24221e+06 1.16019e+08 1.72154e+07
internal_count=119909 118216 8858 5068 3790 2577 109358 3024 107834 10092 6545 3547 97742 23014
cat_boundaries=0 1 2
cat_threshold=92 52
is_linear=0
shrinkage=0.03


Tree=310
num_leaves=15
num_cat=3
split_feature=2 0 1 0 9 1 1 12 12 0 9 9 1 1
split_gain=13495.5 28098.3 40510.5 55850.4 41539.7 37443.8 32487.8 31695.3 31592.1 29856.3 21165.6 78092 98330.6 78990
threshold=1.0000000180025095e-35 0 15.500000000000002 1 89.500000000000014 10.500000000000002 10.500000000000002 1.0073001185390182 1.0054388920960851 2 74.500000000000014 71.500000000000014 8.5000000000000018 17.500000000000004
decision_type=2 1 2 1 2 2 2 2 2 1 2 2 2 2
left_child=1 5 4 -4 -3 8 -6 -5 -1 -8 11 12 -2 -14
right_child=10 2 3 7 6 -7 9 -9 -10 -11 -12 -13 13 -15
leaf_value=-0.00015280395769673124 -0.00062618280301911559 0.00015931724186303201 -0.00049730274118128012 0.00060779710017297808 -0.00019533769299347404 -5.162695564407508e-05 -0.00080140957825708013 2.0099291111983056e-05 0.00031528013932033671 -0.00053828006993617548 2.8933309743347859e-05 -0.00065243722445205488 0.00032952018847879716 -0.00039506038108900831
leaf_weight=1377857.0668278933 1397146.6874847412 1268719.2580196857 1449680.3736619949 1458145.1081500053 3658017.5768923759 6254634.1464157104 1401611.7193603516 2253051.4896247387 1677375.6574701071 1805166.1163330078 100759305.52790904 1436948.9258830547 4261390.0164091587 1719528.9926741123
leaf_count=1005 1790 1141 1511 1066 3689 3630 797 1883 1452 1561 94294 1506 2752 1826
internal_value=5.69626e-05 -0.000610449 -0.00149557 0.000583399 -0.00281472 0.000653497 -0.00373641 0.00253392 0.00337568 -0.00594063 0.000194644 -0.00121501 3.11173e-05 0.00170502
internal_weight=1.32179e+08 2.26043e+07 1.32944e+07 5.16088e+06 8.13351e+06 9.30987e+06 6.8648e+06 3.7112e+06 3.05523e+06 3.20678e+06 1.09574e+08 8.81501e+06 7.37807e+06 5.98092e+06
internal_count=119903 17735 11648 4460 7188 6087 6047 2949 2457 2358 102168 7874 6368 4578
cat_boundaries=0 1 2 3
cat_threshold=336 130 9
is_linear=0
shrinkage=0.03


Tree=311
num_leaves=15
num_cat=3
split_feature=11 0 9 12 0 0 11 12 9 10 11 14 10 3
split_gain=11505.7 48777.3 55206.5 57290.2 55023 37614.2 111661 69116.9 77919.9 37805.2 67315.7 37167.3 35948.3 89431.9
threshold=1.0236270768295064 0 89.500000000000014 0.99850866959735451 1 2 1.0166516806937385 0.98244423354187715 67.500000000000014 1.0059420147743474 0.94582335825913144 1.0819043855913637 1.0287464565096112 1.0000000180025095e-35
decision_type=2 1 2 2 1 1 2 2 2 2 2 2 2 2
left_child=5 2 4 -4 -2 11 7 -7 -9 10 -10 -1 13 -3
right_child=1 12 3 -5 -6 6 -8 8 9 -11 -12 -13 -14 -15
leaf_value=4.781195955675892e-05 0.00017992780307397269 -0.0005444755214226751 -0.00067734660149060342 0.00022639509877565159 -0.00050012052800395203 0.00010408361514396728 0.00074031132562774255 0.00035908602366642483 -0.0010105043328486559 -0.00078262073490089127 -0.00010744068904030547 0.00068881694535331741 -5.4656202760891186e-05 0.00051586542738312608
leaf_weight=40609966.335011959 2025666.8164548874 2887195.603674531 1568951.4008908272 19799586.992758751 2846339.9160497189 6513482.5190463066 2805870.864915967 1046708.9942084551 1823995.7851662636 3748398.6152966022 6287090.7799171209 2392244.2711855173 36775787.126888871 1236236.6195406914
leaf_count=28315 3437 2214 1420 23185 2794 6980 2737 804 1703 3961 5982 4758 29926 1766
internal_value=8.60774e-06 -0.000267078 0.000742434 0.00139948 -0.00213936 0.000292374 -0.0007097 -0.00151798 -0.00278943 -0.00348194 -0.00233048 0.000810293 -0.000914771 -0.00357093
internal_weight=1.32368e+08 6.71398e+07 2.62405e+07 2.13685e+07 4.87201e+06 6.52278e+07 2.22255e+07 1.94197e+07 1.29062e+07 1.18595e+07 8.11109e+06 4.30022e+07 4.08992e+07 4.12343e+06
internal_count=119982 64742 30836 24605 6231 55240 22167 19430 12450 11646 7685 33073 33906 3980
cat_boundaries=0 1 2 3
cat_threshold=356 288 155
is_linear=0
shrinkage=0.03


Tree=312
num_leaves=15
num_cat=3
split_feature=16 16 0 0 14 1 11 16 2 2 0 11 1 1
split_gain=14760.2 54432.2 49832.2 43793.7 40781.6 33561.2 35792.7 32461.5 33786 29107.9 46389.1 33120.6 47347.4 36071.4
threshold=0.081293069914542063 0.077091155074881179 0 1 0.86110299051130601 10.500000000000002 1.0166516806937385 0.074048259002629541 4.5000000000000009 1.5000000000000002 2 0.93203134380749886 17.500000000000004 18.500000000000004
decision_type=2 2 1 1 2 2 2 2 2 2 1 2 2 2
left_child=1 7 5 -3 -4 -2 -7 9 -9 -1 -11 12 -12 -13
right_child=2 3 4 -5 -6 6 -8 8 -10 10 11 13 -14 -15
leaf_value=-5.0685944983736132e-05 0.0003766293051090871 0.0003316419095572149 0.00014903387502456574 0.00010962966835596433 -0.00011636102932304987 -0.0004221504538213447 0.0002382322147132419 -0.00031753856715767192 0.00012127874061350467 -0.00014723203541228396 0.00013378331037222963 0.00011625500787917575 0.00099206616711866331 -9.7395576588251968e-05
leaf_weight=31130120.898889303 3040447.2855806351 3611493.5130615234 2662385.6155395508 4573924.5654058456 20313999.25012207 1719560.0694570541 3299781.5619696379 2444117.4631347656 1753671.8924361467 10452634.389309287 3889746.5701833963 31995125.338930964 1466573.2916779518 10080261.387269735
leaf_count=29075 1393 2190 1316 2978 9373 1084 2236 1219 1580 14861 4017 32709 1963 14034
internal_value=0.000139343 0.000314565 -0.000433121 0.00266015 -0.00114509 0.00159653 8.98407e-05 0.000108588 -0.00246945 0.000230164 0.000628002 0.00102668 0.00324855 0.000743835
internal_weight=1.32434e+08 1.01398e+08 3.10362e+07 8.18542e+06 2.29764e+07 8.05979e+06 5.01934e+06 9.32123e+07 4.19779e+06 8.90145e+07 5.78843e+07 4.74317e+07 5.35632e+06 4.20754e+07
internal_count=120028 104626 15402 5168 10689 4713 3320 99458 2799 96659 67584 52723 5980 46743
cat_boundaries=0 1 2 3
cat_threshold=321 113 257
is_linear=0
shrinkage=0.03


Tree=313
num_leaves=15
num_cat=2
split_feature=11 0 9 1 11 11 1 9 0 1 1 11 11 16
split_gain=15604.2 42900.2 73601.8 85103.5 60740.6 76921 48358.7 43865.4 41052.8 54080.4 48246.5 37403.7 35626 34059.5
threshold=1.0240597352309715 0 66.500000000000014 8.5000000000000018 1.0191604908139353 0.99469405307571501 8.5000000000000018 78.500000000000014 1 8.5000000000000018 16.500000000000004 1.0128747137800109 1.0144223363856211 0.096476869161371062
decision_type=2 1 2 2 2 2 2 2 1 2 2 2 2 2
left_child=1 2 -1 -4 5 -5 7 -3 9 -2 -11 -7 13 -9
right_child=8 6 3 4 -6 11 -8 12 -10 10 -12 -13 -14 -15
leaf_value=0.00058881262191142999 0.00022243475923188632 -0.00045356039158232439 0.00032742472151891811 -0.00014319793043454356 0.00058409547953140479 -0.0011453414092613221 0.00012003335654849038 -1.1246487185686077e-05 8.8059944543232507e-07 -0.00064457328548473314 -0.00011663573205112898 -0.0001546679405600751 0.00021169552802468872 -0.00038440404261316964
leaf_weight=1126118.2733528614 2082983.0890905857 1289175.8700777292 3289009.2147600651 8166980.6728739738 1305358.7374753952 3845597.7208023071 38364873.986493111 4984563.0705559254 55319896.893770337 5249599.9962158203 3331042.3716430664 1290906.0638713837 1075616.847121954 1092321.4240112305
leaf_count=794 2276 1423 5090 6734 904 3646 26319 7711 57144 2577 2259 986 1401 400
internal_value=2.51549e-05 0.000351942 -0.000849327 -0.00131739 -0.00229896 -0.00290491 0.000840184 -0.00121551 -0.000300875 -0.00200524 -0.00305786 -0.00578136 -0.000297395 -0.00118816
internal_weight=1.31814e+08 6.58305e+07 1.9024e+07 1.78979e+07 1.46088e+07 1.33035e+07 4.68066e+07 8.44168e+06 6.59835e+07 1.06636e+07 8.58064e+06 5.1365e+06 7.1525e+06 6.07688e+06
internal_count=119664 55408 18154 17360 12270 11366 37254 10935 64256 7112 4836 4632 9512 8111
cat_boundaries=0 1 2
cat_threshold=292 8
is_linear=0
shrinkage=0.03


Tree=314
num_leaves=15
num_cat=3
split_feature=16 0 9 16 10 0 13 16 3 14 0 2 16 13
split_gain=13613.2 56277.4 62642.7 39945.5 34281 47490.3 47396.2 33893.5 33598.7 32593.6 43205.6 31005.1 30412.8 48510.3
threshold=0.081293069914542063 0 89.500000000000014 0.076430906454491812 1.0518818874540934 1 1.0314632451524928 0.091205136300103837 1.0000000180025095e-35 0.93855770115734927 2 1.5000000000000002 0.071936236158022554 1.0411843020915632
decision_type=2 1 2 2 2 1 2 2 2 2 1 2 2 2
left_child=3 2 -2 12 6 7 11 -6 -5 -10 -11 -3 -1 -14
right_child=1 4 -4 8 5 -7 -8 -9 9 10 -12 -13 13 -15
leaf_value=1.8772937112967343e-05 0.00064391485665831849 0.00018025310907844182 3.5240014079627948e-05 0.00032937489427453703 0.00021309471671538232 -0.00034005724182997635 -0.00026960179436374965 -0.00045849570214218977 -0.00031020725637881911 0.00056377040357970265 -6.0244757444941371e-05 -3.631653770252306e-05 -0.00029645880951571383 0.00019883963420449737
leaf_weight=84008698.922210574 1675213.9839736223 3770106.5377197266 7955237.6782382727 3437920.2451171875 2106818.2453308105 3252414.5310058594 3516424.7574462891 1821225.3609924316 1374621.0718002319 1529847.7879638672 2440970.6533937454 6865314.9873657227 5956864.5908089876 2382013.7786006927
leaf_count=93703 1111 1228 5323 1688 1310 917 1567 1244 978 853 2148 2665 3632 1528
internal_value=6.37435e-05 -0.000486661 0.00141689 0.000232258 -0.00134602 -0.00303436 -0.000489377 -0.000814296 0.00216554 0.000677524 0.00205584 0.00050892 4.83796e-05 -0.00167963
internal_weight=1.32094e+08 3.09628e+07 9.63045e+06 1.01131e+08 2.13323e+07 7.18046e+06 1.41518e+07 3.92804e+06 8.78336e+06 5.34544e+06 3.97082e+06 1.06354e+07 9.23476e+07 8.33888e+06
internal_count=119895 15365 6434 104530 8931 3471 5460 2554 5667 3979 3001 3893 98863 5160
cat_boundaries=0 1 2 3
cat_threshold=449 38 50
is_linear=0
shrinkage=0.03


Tree=315
num_leaves=15
num_cat=5
split_feature=9 0 1 0 0 16 11 2 14 0 11 9 0 11
split_gain=17467.5 90800.8 15009.1 53309.8 49189.2 61229.4 47758.3 42997.1 41581.6 39253.5 45968.6 32079.1 36192.2 31270.6
threshold=65.500000000000014 0 9.5000000000000018 1 2 0.061103403121143131 1.0198976407657574 1.5000000000000002 0.86110299051130601 3 1.0274286010340197 89.500000000000014 4 1.0323118499713326
decision_type=2 1 2 1 1 2 2 2 2 1 2 2 1 2
left_child=1 -1 3 -2 5 6 -4 9 -9 13 -11 12 -7 -5
right_child=2 -3 4 7 -6 11 -8 8 -10 10 -12 -13 -14 -15
leaf_value=0.0002829816953024543 -0.00026397433606616106 -0.00054445615238004372 0.00074314458509507856 0.00020102995506092819 -4.6039316813497566e-05 0.00083685602086871135 0.00013922604875195879 0.00024834521407744107 -2.629613192625424e-05 0.00027737088737626295 -0.00011497665520146121 -6.671557809776424e-05 -4.5783401563989457e-05 0.00042438982403604953
leaf_weight=1377452.4873964787 4482066.554138422 2293533.5208083391 4870289.819026947 2499739.760851264 61126539.416706204 1518922.9596252441 9006969.4585194588 2336700.9334952831 14773706.233572483 3023618.2692095041 3195846.7166075706 18854949.561233521 1509140.2151489258 1385271.8683265448
leaf_count=1257 7683 1596 8484 1804 34544 1835 14859 3327 19062 3061 3342 16939 1171 1013
internal_value=8.20331e-05 -0.00195845 0.000140288 0.000706956 -4.51007e-05 0.000838668 0.00239751 0.00120625 0.00028989 0.00275796 0.00128012 -0.000149883 0.00271633 0.00512378
internal_weight=1.32255e+08 3.67099e+06 1.28584e+08 3.1697e+07 9.68868e+07 3.57603e+07 1.38773e+07 2.72149e+07 1.71104e+07 1.01045e+07 6.21946e+06 2.1883e+07 3.02806e+06 3.88501e+06
internal_count=119977 2853 117124 39292 77832 43288 23343 31609 22389 9220 6403 19945 3006 2817
cat_boundaries=0 1 2 3 4 5
cat_threshold=452 34 227 272 161
is_linear=0
shrinkage=0.03


Tree=316
num_leaves=15
num_cat=2
split_feature=5 13 0 14 14 10 0 1 9 1 13 1 1 10
split_gain=17160.6 22098.8 29411.6 32958.5 26624.9 32983.2 37276.2 32821.8 60472.3 51458.1 36154.9 39821.3 32355.7 29199.3
threshold=1.0000000180025095e-35 0.9875222931406461 0 0.90840199936571642 1.1186570060333347 1.0155051720594799 1 10.500000000000002 89.500000000000014 14.500000000000002 1.0707174912656292 7.5000000000000009 16.500000000000004 1.0012311179196864
decision_type=2 2 1 2 2 2 1 2 2 2 2 2 2 2
left_child=1 -1 -3 -4 7 6 -6 10 9 -9 11 -5 -7 -12
right_child=-2 2 3 4 5 12 -8 8 -10 -11 13 -13 -14 -15
leaf_value=3.8903236309144504e-05 -0.00039310111217154373 0.00011429809135518147 0.00012141705792870395 -0.00020480082490141564 0.0034692264610845457 -0.001086548026050771 0.00037759292236511251 0.00035601170449755029 -0.00022985301599998985 -8.2236015840155065e-05 -0.001115398401147283 3.8107733844476512e-05 0.0010415078925255141 0.00029636830783770095
leaf_weight=61305890.003985643 2050778.8857374191 15405126.175924182 4066831.7235482931 3324703.7761435509 414973.13724184036 891917.59348809719 520866.96633732319 2491586.3244400024 25256911.680260658 3981933.4656295776 947316.0323549509 7178255.6748504639 611903.41783595085 3578682.7435246706
leaf_count=56946 1517 19833 3471 3239 717 2378 1850 1437 16616 2471 1128 3259 1069 3922
internal_value=-1.32193e-05 2.97425e-05 -0.000339861 -0.00067375 -0.000888301 0.00216702 0.00658883 -0.00104771 -0.00159472 0.000992189 0.000107182 -0.00085874 -0.000584713 0.00234868
internal_weight=1.32028e+08 1.29977e+08 6.8671e+07 5.32659e+07 4.91991e+07 2.43966e+06 935840 4.67594e+07 3.17304e+07 6.47352e+06 1.5029e+07 1.0503e+07 1.50382e+06 4.526e+06
internal_count=119853 118336 61390 41557 38086 6014 2567 32072 20524 3908 11548 6498 3447 5050
cat_boundaries=0 1 2
cat_threshold=98 20
is_linear=0
shrinkage=0.03


Tree=317
num_leaves=15
num_cat=2
split_feature=13 0 12 12 16 0 12 11 9 1 16 12 12 12
split_gain=14374.2 29400.2 41071.1 64833.5 88828.2 66602 49241.9 48890.3 45736.6 52904.1 46298.2 30075.7 50810.3 44024.2
threshold=0.98242304151561755 0 1.0139625738046953 1.0336496147759966 0.067938593945057454 1 1.0079872680763284 1.1219708317889039 77.500000000000014 15.500000000000002 0.053186285838874754 1.0116324710920543 0.99983254367729579 1.0411366704732052
decision_type=2 1 2 2 2 1 2 2 2 2 2 2 2 2
left_child=-1 2 6 4 5 -4 8 -5 -2 10 -10 12 -3 -13
right_child=1 11 3 7 -6 -7 -8 -9 9 -11 -12 13 -14 -15
leaf_value=3.7741431757368183e-05 0.00021768742511565835 -2.7247098349626537e-05 0.00042789414104326702 -0.00028572994637198818 0.0003616771736663482 -0.00016903059929574617 -0.00038324982500165798 0.00018565409169475668 0.00013908100582299599 3.5376021567475841e-05 -0.0003439942380622596 -0.00017772832034494983 0.00037895060659895138 0.00014272874927320916
leaf_weight=59310348.210939527 1943977.2672588825 7386558.6763795614 1838683.0538784266 4319265.2044587135 3874498.3292346001 2996041.576031208 3431088.8307085037 2475983.2429038286 1594687.1014560461 5915560.1778488159 7577502.781829834 12198521.707628131 6996681.7912877798 10615014.274925232
leaf_count=55353 960 8451 1593 2599 1492 2425 2072 1813 2883 3590 3097 14027 6958 12693
internal_value=6.2046e-05 -0.000219314 -0.000830885 0.000333749 0.00204733 -0.000664911 -0.00171332 -0.00186249 -0.00105279 -0.00161082 -0.00303746 0.000372041 0.00144639 -0.000305301
internal_weight=1.32474e+08 7.31641e+07 3.59673e+07 1.55045e+07 8.70922e+06 4.83472e+06 2.04628e+07 6.79525e+06 1.70317e+07 1.50878e+07 9.17219e+06 3.71968e+07 1.43832e+07 2.28135e+07
internal_count=120006 64653 22524 9922 5510 4018 12602 4412 10530 9570 5980 42129 15409 26720
cat_boundaries=0 1 2
cat_threshold=276 4
is_linear=0
shrinkage=0.03


Tree=318
num_leaves=15
num_cat=3
split_feature=2 5 11 10 0 11 2 14 0 11 12 10 0 12
split_gain=17162.8 111237 55854.8 45697.8 62143.7 37878.9 37799.1 36818.2 40811.8 58553.3 47856.1 53986.9 61298 47085.6
threshold=2.5000000000000004 1.0000000180025095e-35 1.2311683815667933 1.0962830087383653 0 0.78683299918466465 1.5000000000000002 0.80066380668717885 1 1.0166516806937385 1.0082616987134958 1.0243909741692858 2 0.95745544049221387
decision_type=2 2 2 2 1 2 2 2 1 2 2 2 1 2
left_child=3 2 5 7 6 -2 -5 -1 9 -9 13 -12 -13 -10
right_child=1 -3 -4 4 -6 -7 -8 8 10 -11 11 12 -14 -15
leaf_value=-0.00065203788473309891 -0.014850082209927139 0.0011390512742787604 -0.00087729911058067049 -0.00051284797978801708 0.00023782653612733571 2.73358483395302e-05 0.0002372608506567256 -6.3141075950420714e-05 -0.00032318826496303526 0.00058417784681794396 -2.161317225427973e-05 -0.00070973737820544233 -0.00011079959738532451 5.6987674286675122e-05
leaf_weight=1530953.8050675392 1066405.4376372099 979436.92820394039 1264657.231588006 1810721.7437833548 11430709.379646778 62587527.204425573 924902.71374750137 3066038.1061362028 3096002.9438979626 2004788.758694768 8636344.5412000418 4512356.7077633142 8737068.2484439611 20866526.555063486
leaf_count=2042 1423 755 1292 1988 10308 64603 1000 2475 2853 1602 6632 2575 7355 13209
internal_value=6.51302e-05 0.000408402 0.000257006 -0.00027444 0.00123746 0.00038104 -0.00282416 -0.000682791 -0.000544968 0.00200888 -0.000827425 -0.0018416 -0.00304456 9.88567e-05
internal_weight=1.32514e+08 6.5898e+07 6.49186e+07 6.66164e+07 1.41663e+07 6.36539e+07 2.73562e+06 5.24501e+07 5.09191e+07 5.07083e+06 4.58483e+07 2.18858e+07 1.32494e+07 2.39625e+07
internal_count=120112 68073 67318 52039 13296 66026 2988 38743 36701 4077 32624 16562 9930 16062
cat_boundaries=0 1 2 3
cat_threshold=136 256 12
is_linear=0
shrinkage=0.03


Tree=319
num_leaves=15
num_cat=0
split_feature=11 2 10 11 14 1 16 12 3 1 9 1 9 16
split_gain=32467.1 53184.5 18973.6 19872 19295.4 39744.4 35689.9 35259.2 27978.5 24759.6 48476.1 28910.8 49778.4 87881.7
threshold=0.78683299918466465 2.5000000000000004 0.81586805158820941 0.9124081244535126 1.1408790155553841 15.500000000000002 0.033731398184704074 1.0306009201534621 2.5000000000000004 6.5000000000000009 82.500000000000014 14.500000000000002 89.500000000000014 0.051660970355294954
decision_type=2 2 2 2 2 2 2 2 2 2 2 2 2 2
left_child=1 -1 -2 -4 9 6 -6 -7 -8 10 -5 12 -11 -14
right_child=2 -3 3 4 5 7 8 -9 -10 11 -12 -13 13 -15
leaf_value=-0.00011185809871704415 -0.00021328340700015044 0.0012348117828284047 0.0001240796945772369 -0.00089852271582757822 0.0031745654209822927 0.0026028541044150551 0.00041592668914958392 -3.6231689653978273e-05 -0.0016889640010615376 0.00019509666211485818 -8.1596626437485038e-05 -4.4048874737647431e-05 0.00064580151247499581 -2.2013493730718616e-05
leaf_weight=1014252.5395588875 4939233.8700627089 1111646.2474813461 5379192.5378316641 590935.87111592293 276268.4557107687 922683.17929625511 757216.76044464111 469496.81036615372 843139.78658652306 10961367.822652102 3494838.708378315 52873635.638191223 3212871.9020767212 45049118.068023682
leaf_count=978 5405 1449 3920 2200 4819 2138 994 1153 1171 7278 14059 42692 4581 26932
internal_value=7.29241e-05 0.00375034 1.26804e-05 8.48373e-05 4.51362e-06 0.00227766 -0.000571539 0.00611832 -0.00229049 -5.94416e-05 -0.00235338 2.41693e-05 0.000479396 6.48952e-05
internal_weight=1.31896e+08 2.1259e+06 1.2977e+08 1.24831e+08 1.19452e+08 3.2688e+06 1.87663e+06 1.39218e+06 1.60036e+06 1.16183e+08 4.08577e+06 1.12097e+08 5.92234e+07 4.8262e+07
internal_count=119769 2427 117342 111937 108017 10275 6984 3291 2165 97742 16259 81483 38791 31513
is_linear=0
shrinkage=0.03


Tree=320
num_leaves=15
num_cat=0
split_feature=12 1 16 9 13 16 1 16 12 14 10 13 2 10
split_gain=22925 27019.4 52619.1 35510.8 27526.5 26274.3 28865.5 29907.5 38491.2 37140 51891.8 39665.2 28337 24883.6
threshold=1.0052579752399988 7.5000000000000009 0.069943382351979763 82.500000000000014 1.1268641805763908 0.089869429603364012 9.5000000000000018 0.054095680746598977 0.99983254367729579 1.0080598070875928 0.91803706662057427 1.0227549860122203 4.5000000000000009 0.99757665840061127
decision_type=2 2 2 2 2 2 2 2 2 2 2 2 2 2
left_child=1 2 3 -1 -5 6 13 -8 9 11 -11 -9 -10 -3
right_child=-2 5 -4 4 -6 -7 7 8 12 10 -12 -13 -14 -15
leaf_value=-0.0010640796229780009 -2.0836445232586834e-05 0.00047547511700399026 -0.00035893678445298962 3.1916663601515532e-05 0.0011972342225110633 -5.2143340678479566e-05 0.00026203764561381053 9.9981168530680761e-05 5.2907628814459521e-05 -0.0010128396686108136 -5.1206093645957339e-05 -0.00025042983414836148 0.00055970771547040666 0.00015146191364445372
leaf_weight=392117.27925217152 82611068.93842876 1915380.9387817383 1436865.7117919922 2636735.1065045595 356469.63358831406 5630889.4954833984 8650660.6382246017 10495887.340576172 6350005.4128723145 1548702.6757202148 3187774.1735839844 2860034.4886169434 2000531.4291229248 2259949.838394165
leaf_count=1024 77872 1321 507 6470 2359 2245 10607 6363 3005 1243 2451 1739 1324 1503
internal_value=0.000107134 0.000616097 -0.00151786 0.000523784 0.00163588 0.000845282 0.00112009 0.000839534 0.000338616 -0.000438984 -0.00272145 0.000370457 0.00202338 0.00347815
internal_weight=1.32333e+08 4.9722e+07 4.82219e+06 3.38532e+06 2.9932e+06 4.48998e+07 3.92689e+07 3.50936e+07 2.64429e+07 1.80924e+07 4.73648e+06 1.33559e+07 8.35054e+06 4.17533e+06
internal_count=120033 42161 10360 9853 8829 31801 29556 26732 16125 11796 3694 8102 4329 2824
is_linear=0
shrinkage=0.03


Tree=321
num_leaves=15
num_cat=0
split_feature=13 3 14 2 13 14 10 16 16 16 2 13 2 9
split_gain=15962.5 56664.7 105196 25240.2 24676.1 20768.3 19712.6 15842.8 18675.1 18620 15430.5 14358.6 13318.1 70381.4
threshold=0.72140080341477619 1.5000000000000002 0.82291761338925473 2.5000000000000004 0.60542637678489164 0.90193412911900028 0.98873969880633472 0.10502982824484795 0.099461805862942745 0.095451428987462991 3.5000000000000004 0.60542637678489164 4.5000000000000009 74.500000000000014
decision_type=2 2 2 2 2 2 2 2 2 2 2 2 2 2
left_child=1 3 -3 5 10 6 -1 8 9 12 -5 -4 -2 -14
right_child=7 2 11 4 -6 -7 -8 -9 -10 -11 -12 -13 13 -15
leaf_value=-0.00064234810640851204 -1.2335800187843093e-05 -0.0053867252431964415 0.00082626444577847127 0.00030016423033447611 0.00046121468182329058 0.00048730847819301122 6.2861422287478606e-05 -0.00039145070057817111 0.00027788405209865601 -0.00013323012464879508 1.9574541788927543e-05 -0.00042528827887288687 -0.00043902414078397404 0.0001540909369418656
leaf_weight=662354.03147304058 96638249.19941628 497560.89664268494 606376.34225928783 1256270.178284049 1184988.5124293566 707214.20190382004 554826.38547468185 1181531.3129463196 2202249.094329834 3695377.6599931717 1217982.8611956835 534788.41379570961 1367786.7937632799 20152064.053082466
leaf_count=722 76413 1150 1528 1208 1053 1263 1493 858 1287 1268 1221 892 1846 27815
internal_value=4.32678e-05 0.00141464 -0.0034904 0.00285421 0.00431693 7.28495e-05 -0.00230275 -3.58188e-05 -2.88931e-06 -5.23726e-05 0.00261203 0.00152858 1.32101e-05 0.000688151
internal_weight=1.3246e+08 7.22236e+06 1.63873e+06 5.58364e+06 3.65924e+06 1.92439e+06 1.21718e+06 1.25237e+08 1.24056e+08 1.21853e+08 2.47425e+06 1.14116e+06 1.18158e+08 2.15199e+07
internal_count=120017 10530 3570 6960 3482 3478 2215 109487 108629 107342 2429 2420 106074 29661
is_linear=0
shrinkage=0.03


Tree=322
num_leaves=15
num_cat=1
split_feature=11 2 12 14 11 16 16 16 1 12 14 0 1 16
split_gain=36487.2 57948 16330 60758.4 33078.3 31192 31693.1 23930.4 23860.3 21065.2 16612.8 62538.8 52961.2 40485.6
threshold=0.78683299918466465 2.5000000000000004 0.95319693640010461 0.86797719764953507 0.9124081244535126 0.053809047178824766 0.042105939670710912 0.070732717102147027 17.500000000000004 0.94210720543558113 1.1408790155553841 0 11.500000000000002 0.069943382351979763
decision_type=2 2 2 2 2 2 2 2 2 2 2 1 2 2
left_child=1 -1 3 -2 5 6 -4 -7 9 -5 -6 12 -12 -13
right_child=2 -3 4 8 10 7 -8 -9 -10 -11 11 13 -14 -15
leaf_value=-0.00011422924207217518 0.00013049164503776327 0.0012078762283858349 0.0014154191886216918 -0.00046520265143999766 -1.035082459637715e-05 -7.6988582100000433e-05 0.00011420040899237518 0.00018736664727564824 -5.0456970790936021e-06 -0.0010254866381518737 -0.00064846932590679281 0.00045312771406631427 0.0030150731686236442 -0.0013302878436755241
leaf_weight=1032718.5128893852 1927205.0765655041 1111087.7262419462 825557.26151585579 1333357.6646586657 114882537.50451064 2671206.8174438477 629006.5461730957 2618121.6345825195 821885.56702041626 952379.53444337845 391556.70690691471 1300477.3558012247 873721.21576547623 700492.60015547276
leaf_count=974 1627 1453 1936 1766 96429 1327 406 1079 1340 1152 1926 5791 1610 836
internal_value=3.60472e-05 0.00391795 -2.80043e-05 -0.0017031 3.95244e-05 0.00208307 0.00597371 0.00101314 -0.00429837 -0.00587467 -7.71203e-05 0.00203263 0.00725294 -0.00126837
internal_weight=1.32071e+08 2.14381e+06 1.29928e+08 5.03483e+06 1.24893e+08 6.74389e+06 1.45456e+06 5.28933e+06 3.10762e+06 2.28574e+06 1.18149e+08 3.26625e+06 1.26528e+06 2.00097e+06
internal_count=119652 2427 117225 5885 111340 4748 2342 2406 4258 2918 106592 10163 3536 6627
cat_boundaries=0 1
cat_threshold=52
is_linear=0
shrinkage=0.03


Tree=323
num_leaves=15
num_cat=3
split_feature=11 3 9 12 0 12 0 11 14 0 13 12 1 14
split_gain=32675.5 18388.1 56580.8 59867.8 59084.9 47177.2 32719 52766.4 30699.2 22862.3 20741.8 18199.9 64203.9 47019.4
threshold=0.78683299918466465 2.5000000000000004 80.500000000000014 1.0339868807011932 0 0.99523338337776046 1 1.0198976407657574 1.0072897610428542 2 1.3893699313914467 1.0575536855777516 7.5000000000000009 0.99437395999479128
decision_type=2 2 2 2 1 2 1 2 2 1 2 2 2 2
left_child=-1 11 -3 5 -5 8 -7 -8 -4 -9 -10 -2 -13 -14
right_child=1 2 3 4 -6 6 7 9 10 -11 -12 12 13 -15
leaf_value=0.0003839223719973024 2.6211702693056396e-06 -0.00066729689274990303 4.8918283207782307e-05 0.00027015595658000792 -0.0007567141444280069 0.00050326946259588638 -0.00079193003763956664 0.0009106754530886456 -0.0022635816541227215 -0.0001732913328067794 -0.00035353861054327368 -0.0002642968866020179 5.9027951019602135e-05 0.00044776104110882888
leaf_weight=2132649.2765833139 98287640.30757165 821550.68601644039 1499867.701800108 982774.01074755192 1875177.3996731043 2856886.0075407028 1312626.7741754055 1035605.3782252073 903788.52678287029 596528.7951477766 544223.49853789806 1879918.8560928106 11133705.430158138 6508891.8151516914
leaf_count=2432 78569 1314 1954 2678 2376 2527 2797 1873 1722 1342 973 4494 8860 6005
internal_value=0.000149429 8.91142e-05 -0.00100835 -0.000469853 -0.00423961 0.000761504 0.00233177 0.000112716 -0.00232891 0.00371408 -0.00544471 0.000204898 0.00104155 0.00160315
internal_weight=1.32372e+08 1.30239e+08 1.2429e+07 1.16075e+07 2.85795e+06 8.74953e+06 5.80165e+06 2.94476e+06 2.94788e+06 1.63213e+06 1.44801e+06 1.1781e+08 1.95225e+07 1.76426e+07
internal_count=119916 117484 19556 18242 5054 13188 8539 6012 4649 3215 2695 97928 19359 14865
cat_boundaries=0 1 2 3
cat_threshold=225 20 298
is_linear=0
shrinkage=0.03


Tree=324
num_leaves=15
num_cat=3
split_feature=11 2 10 0 2 11 16 16 0 10 16 9 12 0
split_gain=27217.7 62126.3 21914.4 23903.1 23697.3 18911.5 45584.8 37150.7 25482.3 19218.4 23298.9 80579.2 65298.8 50411.9
threshold=0.78683299918466465 2.5000000000000004 0.81586805158820941 0 3.5000000000000004 0.94087527417298034 0.052593091820404066 0.059185428176345513 1 0.89318320856760713 0.049804194175047133 89.500000000000014 0.9608647852025366 2
decision_type=2 2 2 1 2 2 2 2 1 2 2 2 2 1
left_child=1 -1 3 -2 -5 6 -4 -8 -9 -7 11 13 -13 -11
right_child=2 -3 5 4 -6 9 7 8 -10 10 -12 12 -14 -15
leaf_value=-0.00020302432553941785 0.00013093086188259708 0.00099708532579936187 0.0007031349243980361 -0.00012225508493360481 -0.001108000285582578 -0.00035450087470057071 -0.0002562995008784549 0.00019088571551463754 -6.3595270935702262e-05 -0.0012442447090112083 1.7264778083652866e-05 0.0017678328282068033 -5.5912897244244284e-05 -0.00023916637443625383
leaf_weight=993891.30466234684 1491823.7734906673 1089748.0855388641 1803975.9697746038 2309334.0674273968 1136300.1932067871 1778647.7914464474 2251462.5207061768 3477629.0503540039 2905083.9611206055 1292422.4471738338 96215253.290885448 565336.59932291508 13156794.125842929 1806130.0517711639
leaf_count=959 1893 1429 3564 2013 1495 1226 1147 1640 1397 2765 58783 1299 35076 5288
internal_value=5.97456e-05 0.00346138 5.30383e-06 -0.00195507 -0.00332854 8.25816e-05 0.00130516 0.000398962 0.00156772 -2.85671e-05 2.01205e-05 -0.00100998 -2.32963e-05 -0.00537959
internal_weight=1.32274e+08 2.08364e+06 1.3019e+08 4.93746e+06 3.44563e+06 1.25253e+08 1.04382e+07 8.63418e+06 6.38271e+06 1.14815e+08 1.13036e+08 1.68207e+07 1.37221e+07 3.09855e+06
internal_count=119974 2388 117586 5401 3508 112185 7748 4184 3037 104437 103211 44428 36375 8053
cat_boundaries=0 1 2 3
cat_threshold=388 433 76
is_linear=0
shrinkage=0.03


Tree=325
num_leaves=15
num_cat=2
split_feature=11 2 12 13 12 0 13 3 12 13 11 0 12 13
split_gain=26280.1 33907.2 16859.2 12338.2 18796.2 40711.1 35088.1 25120.6 109095 72974.2 69276.6 39810.2 31903 29796.7
threshold=0.78683299918466465 2.5000000000000004 0.91874762502524698 0.9875222931406461 1.0116324710920543 0 0.62621409387992 1.5000000000000002 1.0876464237402439 0.74812704221484094 1.0221330673894578 1 1.0926462481961561 0.86524780882646068
decision_type=2 2 2 2 2 1 2 2 2 2 2 1 2 2
left_child=1 -1 -2 4 6 -6 -4 9 10 -7 -9 -11 13 -13
right_child=2 -3 3 -5 5 7 -8 8 -10 11 -12 12 -14 -15
leaf_value=-7.0565084700485123e-05 -0.0003196710605595649 0.0010248299462388161 -0.00025316198846834007 -2.5724924908298668e-05 6.4750605701168043e-05 0.00063893972733840699 0.0001026135067139136 -0.0014985669363720717 -0.0023931848146195598 -0.0004137186748354676 0.00050905818480792683 -0.00065783418864747442 0.00051792305585021388 -3.1043295522647309e-05
leaf_weight=997364.26395249367 1691692.0361499786 1078857.6698063612 2466089.3803817034 69360214.884393215 16525611.645315289 1108831.4857020378 25036777.531664014 783248.15579223633 702394.53865146637 3411561.6235013008 1468588.8455709219 1035101.2089679241 1606599.0548987389 4852576.0062358379
leaf_count=977 1749 1427 3230 61362 16203 1781 19672 1100 964 1818 2485 1278 1395 4615
internal_value=4.08633e-07 0.00334897 -5.30508e-05 -1.38373e-05 0.000305078 -0.000195315 0.000878096 -0.00132861 -0.00380703 -0.000719205 -0.000587268 -0.00146472 -0.000241783 -0.00126426
internal_weight=1.32126e+08 2.07622e+06 1.30049e+08 1.28358e+08 5.89974e+07 3.14945e+07 2.75029e+07 1.49689e+07 2.95423e+06 1.20147e+07 2.25184e+06 1.09058e+07 7.49428e+06 5.88768e+06
internal_count=120056 2404 117652 115903 54541 31639 22902 15436 4549 10887 3585 9106 7288 5893
cat_boundaries=0 1 2
cat_threshold=309 8
is_linear=0
shrinkage=0.03


Tree=326
num_leaves=15
num_cat=3
split_feature=14 16 13 0 14 2 9 3 14 12 0 12 12 0
split_gain=14875.3 25854.3 23508.7 37376.1 25650 17471.9 53959.4 45219.9 79488.8 43290.3 64506.7 60175.7 76848.6 111464
threshold=0.63766516999298961 0.067416919633109459 0.58562252165691475 0 0.80066380668717885 4.5000000000000009 74.500000000000014 2.5000000000000004 1.6214991660913538 1.0251497263952054 1 0.99549366363837055 0.98124154101434635 2
decision_type=2 2 2 1 2 2 2 2 2 2 1 2 2 1
left_child=1 -1 3 4 -2 7 -7 -4 -9 11 -11 12 13 -8
right_child=2 -3 5 -5 -6 6 9 8 -10 10 -12 -13 -14 -15
leaf_value=9.6094256888054874e-05 8.0325432742369879e-05 -0.00054299380456723073 -1.0452453782057169e-05 -6.5351853470365182e-06 0.0012153113562816374 -0.00044427185081768637 0.0017033752883782091 -0.0036662667101788676 0.00029093159155307266 -0.00062824572832574578 0.0001140931303970446 0.00051521803217765834 -0.0016164762982691322 -0.0003136882969531453
leaf_weight=692483.45461523533 519004.86081647873 832219.92692470551 103578659.44510818 1951196.0674334764 767414.14200484753 1373017.7203261852 1106582.9876992702 673174.95517015457 843860.41466772556 2173190.6216392517 5631707.1994973421 8634007.1487547159 1514136.41233325 1680520.2938125134
leaf_count=2163 746 477 78966 2400 1795 1901 1755 892 1613 2732 8883 10946 2385 2235
internal_value=-5.23905e-06 -0.00295128 2.91953e-05 0.00255364 0.00652337 -3.50547e-05 0.000731424 -0.000196329 -0.00533832 0.00111272 -0.000651751 0.00217737 -0.000721667 0.00223395
internal_weight=1.31971e+08 1.5247e+06 1.30446e+08 3.23762e+06 1.28642e+06 1.27209e+08 2.21132e+07 1.05096e+08 1.51704e+06 2.07401e+07 7.8049e+06 1.29352e+07 4.30124e+06 2.7871e+06
internal_count=119889 2640 117249 4941 2541 112308 30837 81471 2505 28936 11615 17321 6375 3990
cat_boundaries=0 1 2 3
cat_threshold=229 6 211
is_linear=0
shrinkage=0.03


Tree=327
num_leaves=15
num_cat=0
split_feature=11 12 3 9 12 12 12 11 11 16 14 13 16 16
split_gain=24656.6 16195.5 13644.6 45922.9 51087.7 37929.3 41762.7 47461.7 48827.4 33354.5 45770.5 15877.2 23109.8 20701.2
threshold=0.78683299918466465 0.91201871032151005 2.5000000000000004 80.500000000000014 1.1082288400369311 0.99523338337776046 1.0008167906410759 1.0217613179853879 1.0441410288220176 0.049804194175047133 1.0072897610428542 1.0023437153037056 0.030894146538012413 0.042105939670710912
decision_type=2 2 2 2 2 2 2 2 2 2 2 2 2 2
left_child=1 -1 11 -4 5 9 -7 -8 -9 -5 -11 12 -2 -14
right_child=2 -3 3 4 -6 6 7 8 -10 10 -12 -13 13 -15
leaf_value=0.00060364824424701089 -0.00020147563727846002 5.2475786940944044e-05 -0.00055857372199087044 0.00085302495825549782 -0.0010185446504513665 0.001572767978556973 -0.0002594295966223245 0.00089563805148849915 2.5920399693937157e-05 -7.7502637040109511e-05 -0.0029296224849698019 -1.6429833201752288e-05 0.00037642803392715784 4.7126434156582324e-05
leaf_weight=945932.52246773243 4395471.014945507 1148731.0641157627 850102.61563181877 651567.70250725746 659267.24679481983 735713.53867435455 3202722.3669877052 1421090.7684226036 2810605.1637278795 1233468.4379882812 1040818.3224639893 53367204.641153455 2204497.7401990891 57664039.582215309
leaf_count=1166 17141 1244 1331 2323 1102 1106 4484 2135 4928 1156 1115 44977 2436 33464
internal_value=0.000162599 0.00339158 0.000110666 -0.000827369 -0.000340426 0.000141645 0.00119128 0.000516546 0.00260186 -0.00278934 -0.00450381 0.000211186 0.0005288 0.000682949
internal_weight=1.32331e+08 2.09466e+06 1.30237e+08 1.26054e+07 1.17553e+07 1.1096e+07 8.17013e+06 7.43442e+06 4.2317e+06 2.92585e+06 2.27429e+06 1.17631e+08 6.4264e+07 5.98685e+07
internal_count=120108 2410 117698 19680 18349 17247 12653 11547 7063 4594 2271 98018 53041 35900
is_linear=0
shrinkage=0.03


Tree=328
num_leaves=15
num_cat=1
split_feature=16 16 16 12 12 12 9 0 1 16 1 10 16 1
split_gain=14498.7 25265.5 15072.8 32384.4 14553 46948.8 38271.1 25218.5 50903.1 52194.7 36568.7 44014.9 28373.4 31019.9
threshold=0.10502982824484795 0.099461805862942745 0.093489802824248333 1.0071905098628122 1.0051336041564809 1.0043866876767142 63.500000000000007 0 7.5000000000000009 0.069943382351979763 10.500000000000002 1.0059420147743474 0.054785640621372388 15.500000000000002
decision_type=2 2 2 2 2 2 2 1 2 2 2 2 2 2
left_child=1 2 4 -4 5 7 -6 10 9 -9 11 -1 -12 -14
right_child=-2 -3 3 -5 6 -7 -8 8 -10 -11 12 -13 13 -15
leaf_value=0.00041145695280954365 -0.00034643455814686419 0.00032309616379938393 -0.00022475149006503787 1.4720326278136089e-05 -0.00057621116243241483 0.00034974677933007309 -2.3246693605855803e-06 2.3111947302497255e-05 0.00010541096082166849 -0.00037411804720411898 0.00010360167182055792 -0.00026652413093436087 -0.00060637175620480903 -0.00013811988591657984
leaf_weight=2154625.4932783842 1165448.2912893295 2390268.8206329346 2621447.8979797363 3226698.9621276855 1327943.6470527649 2998220.8264986277 76413793.189408302 1883120.6167333126 26476595.536265373 1217247.8950195312 2397165.6953201294 1344938.0106387138 2887799.2809143066 3574221.8467712402
leaf_count=2944 875 1399 867 1423 1145 2354 73804 5908 18764 413 3483 1923 2127 2195
internal_value=9.32675e-05 0.000122924 6.6088e-05 -0.00142189 0.000137022 0.000566814 -0.000111393 0.000307524 0.000783078 -0.0028539 -0.000830571 0.00176587 -0.00185622 -0.00289028
internal_weight=1.3208e+08 1.30914e+08 1.28524e+08 5.84815e+06 1.22676e+08 4.49339e+07 7.77417e+07 4.19357e+07 2.9577e+07 3.10037e+06 1.23588e+07 3.49956e+06 8.85919e+06 6.46202e+06
internal_count=119624 118749 117350 2290 115060 40111 74949 37757 25085 6321 12672 4867 7805 4322
cat_boundaries=0 1
cat_threshold=292
is_linear=0
shrinkage=0.03


Tree=329
num_leaves=15
num_cat=0
split_feature=11 13 14 10 3 1 2 16 5 1 12 12 10 16
split_gain=21522.7 16573.8 24801.7 24531.5 27453.4 32388.8 24043.9 37749.1 22955.7 22252.7 23913.8 87424.5 28990.8 23124.1
threshold=0.77380315183205817 1.0216491553869906 1.0592675685713924 1.0293999222527417 1.0000000180025095e-35 8.5000000000000018 2.5000000000000004 0.054785640621372388 1.0000000180025095e-35 9.5000000000000018 1.0470769130312347 1.0252236949159943 1.1393889361136644 0.087415563134378219
decision_type=2 2 2 2 2 2 2 2 2 2 2 2 2 2
left_child=-1 8 3 4 5 -3 7 -7 -2 10 11 -5 -12 -11
right_child=1 2 -4 9 -6 6 -8 -9 -10 13 12 -13 -14 -15
leaf_value=0.00033720917411584082 3.600380205747183e-05 -0.00041755179191522692 0.00015037575197338952 -9.3677433265901998e-06 -0.00032232128686630348 0.0001932824259703684 0.0002704599364620955 -0.00020533494834602635 -0.00049131163978522342 -2.5939864372657224e-05 -0.00056893426130844103 0.00071769263761281067 0.00027738909513363812 -0.00051753885689093853
leaf_weight=1459193.1332175732 80699168.239217639 1813890.0212017298 9693549.6742423773 3000908.9737813473 5630109.1573213339 1747397.4596414566 2056968.1260643005 3937595.7771911621 1368677.8151186705 15864042.653620243 937081.42431116104 1255657.7509336472 1125225.6628848314 1513587.4685587883
leaf_count=1774 69594 1678 16084 2685 5514 1499 1142 1998 935 12910 963 980 1381 876
internal_value=0.000145702 0.000105233 -0.000333968 -0.000672434 -0.00161373 -0.000634644 0.000210759 -0.000794891 0.000365196 -6.92005e-05 0.00145536 0.00273998 -0.00119605 -0.000623565
internal_weight=1.32103e+08 1.30644e+08 4.8576e+07 3.88825e+07 1.5186e+07 9.55585e+06 7.74196e+06 5.68499e+06 8.20678e+07 2.36965e+07 6.31887e+06 4.25657e+06 2.06231e+06 1.73776e+07
internal_count=120013 118239 47710 31626 11831 6317 4639 3497 70529 19795 6009 3665 2344 13786
is_linear=0
shrinkage=0.03


Tree=330
num_leaves=15
num_cat=2
split_feature=11 12 16 16 16 1 0 9 13 12 0 16 12 9
split_gain=25407.7 21579.6 11667.2 55516.3 43829 37401.4 47395.5 46529.2 29093.9 25825 56743.1 56558.3 31906.6 27247.7
threshold=0.78683299918466465 0.91874762502524698 0.081293069914542063 0.076430906454491812 0.074048259002629541 8.5000000000000018 0 86.500000000000014 1.0156263004365866 0.97931461060566405 1 0.052593091820404066 0.96462961323702578 66.500000000000014
decision_type=2 2 2 2 2 2 1 2 2 2 1 2 2 2
left_child=-1 -2 3 4 9 6 -4 -7 -6 10 11 -3 -12 -11
right_child=1 2 5 -5 8 7 -8 -9 -10 13 12 -13 -14 -15
leaf_value=0.00034634703121545204 -0.00040626554597728769 0.001400332536923646 0.00039574903358907383 0.00024294036836838712 -0.00054449798676425853 0.00018619260920254224 -2.1123904875151985e-05 -0.0001443533202462752 -5.2860750399603064e-05 0.00029197639010251106 -0.00042548845682404145 0.00015741842924154096 0.00017470211537428019 -1.3016505418826478e-05
leaf_weight=2083728.1660839319 1604637.3145444393 1054342.0657647848 3221858.8980050087 8415083.3700227737 1989234.3437184095 2596980.7801787853 6748908.2135009766 17610460.532426834 1579929.3583779335 3170456.0271785259 1698441.0856890678 3406239.4970703125 1648995.1684033871 75216906.654325843
leaf_count=2409 1745 2416 1663 5432 1301 1474 2174 9640 981 2965 2381 1948 1496 81847
internal_value=7.34383e-05 2.07453e-05 6.3968e-05 0.000222541 4.11817e-06 -0.000451921 0.0010516 -0.00119379 -0.00325356 0.000139012 0.00178434 0.00399981 -0.00116787 -2.48763e-05
internal_weight=1.32046e+08 1.29962e+08 1.28358e+08 9.81796e+07 8.97645e+07 3.01782e+07 9.97077e+06 2.02074e+07 3.56916e+06 8.61954e+07 7.80802e+06 4.46058e+06 3.34744e+06 7.83874e+07
internal_count=119872 117463 115718 100767 95335 14951 3837 11114 2282 93053 8241 4364 3877 84812
cat_boundaries=0 1 2
cat_threshold=449 472
is_linear=0
shrinkage=0.03


Tree=331
num_leaves=15
num_cat=0
split_feature=11 2 10 1 1 12 14 1 12 12 2 1 12 11
split_gain=23713.7 28007.6 22239.9 22469.9 45584.3 23603.4 16937.4 41870.1 36677.8 23338.3 21403.7 20971.9 16423.4 15680.9
threshold=0.78683299918466465 2.5000000000000004 0.81586805158820941 13.500000000000002 16.500000000000004 0.96462961323702578 1.1490865773862715 17.500000000000004 0.98366571989275564 1.02768276543342 3.5000000000000004 14.500000000000002 1.0411366704732052 0.9124081244535126
decision_type=2 2 2 2 2 2 2 2 2 2 2 2 2 2
left_child=1 -1 3 5 -5 -2 13 8 -8 11 -9 -10 -11 -4
right_child=2 -3 6 4 -6 -7 7 10 9 12 -12 -13 -14 -15
leaf_value=-6.7841009743068104e-05 -0.00037839848562350664 0.00093152765576625047 7.9560326006618244e-05 -0.0010168655149773562 -7.0174099446282476e-05 0.00029859872605991387 -0.0035052481268169097 0.0008084205434345657 0.00034914579800742509 -0.0013009321590281011 0.0032315896536236994 0.0021634183661197442 0.00026895914913605131 -1.1227766618462641e-05
leaf_weight=972561.3059784174 862307.3888835907 1105102.3012682199 5318557.3165653944 1021921.4583740234 1535581.3643183708 1552781.8089849949 312080.26323342323 459904.02877783775 833958.4101151228 413220.69451439381 488788.9280602932 316150.10444688797 301195.62185132504 116496484.26307762
leaf_count=936 1311 1448 3577 795 1824 1535 850 1352 3593 1159 1431 358 1431 98140
internal_value=-3.39243e-05 0.00314579 -8.47766e-05 -0.00205231 -0.004012 2.29496e-05 -6.46945e-06 0.00217424 -0.000118212 0.00147503 0.00743386 0.00412035 -0.00278355 -6.2418e-05
internal_weight=1.31991e+08 2.07766e+06 1.29913e+08 4.97259e+06 2.5575e+06 2.41509e+06 1.2494e+08 3.1253e+06 2.17661e+06 1.86452e+06 948693 1.15011e+06 714416 1.21815e+08
internal_count=119740 2384 117356 5465 2619 2846 111891 10174 7391 6541 2783 3951 2590 101717
is_linear=0
shrinkage=0.03


Tree=332
num_leaves=15
num_cat=2
split_feature=11 2 12 11 2 11 0 1 14 13 13 0 11 10
split_gain=23884.5 42216.2 12571.8 12513.8 44129.2 30742.1 30100 45123.7 20599.7 53272.6 29396.8 36836 27586.9 24125.7
threshold=0.78683299918466465 2.5000000000000004 0.91874762502524698 0.90644793995258399 4.5000000000000009 0.92084674428756708 0 11.500000000000002 0.70924694344664596 0.78545007751400653 0.71120509979220137 1 1.3328353141383971 1.0804981498706023
decision_type=2 2 2 2 2 2 1 2 2 2 2 1 2 2
left_child=1 -1 -2 4 6 -5 7 -4 9 12 11 -10 13 -7
right_child=2 -3 3 5 -6 8 -8 -9 10 -11 -12 -13 -14 -15
leaf_value=-0.00013101046703325005 -0.00030989459553299587 0.00099960028246737611 -9.8681490208425352e-05 -0.00038393690487710405 0.00083745689987479392 -0.00061418504051749556 -0.00030805466383176288 -7.8360696796548929e-05 0.0015424775482766472 0.00033236513106387128 -2.32287164981237e-06 -1.5660072061516567e-05 -0.00015042505355641539 -0.0032472264222713561
leaf_weight=990373.82266747952 1666423.1094330549 1087818.2247979641 1668323.1954755783 1316185.4169678688 1423308.6538999081 382747.50914382935 1623942.5226051807 2731337.7249221802 561092.730260849 743058.99003684521 114995134.09970629 2024225.026127696 518810.56304883957 363586.82168197632
leaf_count=951 1761 1434 1330 1266 1863 1157 1717 1577 1772 964 99604 3176 376 989
internal_value=3.32342e-05 0.00322399 -1.77664e-05 1.58468e-05 0.00120942 -5.76692e-05 8.6839e-05 0.00137524 -7.48353e-06 -0.00302028 4.39733e-05 0.00320761 -0.00676493 -0.0104584
internal_weight=1.32096e+08 2.07819e+06 1.30018e+08 1.28352e+08 7.44691e+06 1.20905e+08 6.0236e+06 4.39966e+06 1.19589e+08 2.0082e+06 1.1758e+08 2.58532e+06 1.26514e+06 746334
internal_count=119937 2385 117552 115791 6487 109304 4624 2907 108038 3486 104552 4948 2522 2146
cat_boundaries=0 1 2
cat_threshold=334 161
is_linear=0
shrinkage=0.03


Tree=333
num_leaves=15
num_cat=2
split_feature=11 2 10 0 11 11 16 14 0 11 10 16 10 12
split_gain=23098.6 30484.3 17941.1 20481.5 18958.1 27604.6 23057.8 18128.1 16397.1 42030.5 85420.3 29081.5 40503.2 71991.1
threshold=0.78683299918466465 2.5000000000000004 0.81586805158820941 0 0.9124081244535126 0.86137251788604408 0.060404811388209766 0.96230859825465387 1 0.92988574658020606 0.94045034183903997 0.061103403121143131 1.0248049355301982 1.0097365641906493
decision_type=2 2 2 1 2 2 2 2 1 2 2 2 2 2
left_child=1 -1 3 7 5 -4 -7 -2 -6 -10 -11 -12 13 -13
right_child=2 -3 4 -5 8 6 -8 -9 9 10 11 12 -14 -15
leaf_value=-6.00267841666891e-05 0.00037046655896162781 0.00096308309226410911 -0.00018394389034578768 -0.00037878415239710357 -2.3750846383120536e-05 1.6487819671554684e-05 0.00033412659096866291 -0.00030669117320058142 -0.00071538435596122827 0.0013961960501802267 0.00017343135614954691 7.8359543847982273e-05 4.985892025139866e-05 -0.00049263290408653893
leaf_weight=1000991.2211321592 1057134.2548286915 1106872.4404674768 1572634.8147389889 2627293.9459065199 64748125.084267259 1623711.165968895 2238077.4090576172 1263278.7177340984 1195549.8746259212 1265947.1637272835 19724857.854612827 5715846.2895812988 22074284.04391253 5142189.219499588
leaf_count=977 958 1466 1474 2797 37745 1590 870 1647 1412 1826 40558 4398 18261 3918
internal_value=3.18848e-05 0.00314723 -1.8532e-05 -0.00179041 5.14334e-05 0.0017845 0.00314894 0.000263458 -2.71388e-05 0.000353156 0.000476509 0.000291372 -0.000254256 -0.00175436
internal_weight=1.32357e+08 2.10786e+06 1.30249e+08 4.94771e+06 1.25301e+08 5.43442e+06 3.86179e+06 2.32041e+06 1.19867e+08 5.51187e+07 5.39231e+07 5.26572e+07 3.29323e+07 1.0858e+07
internal_count=119897 2443 117454 5402 112052 3934 2460 2605 108118 70373 68961 67135 26577 8316
cat_boundaries=0 1 2
cat_threshold=390 28
is_linear=0
shrinkage=0.03


Tree=334
num_leaves=15
num_cat=3
split_feature=12 11 11 0 1 11 12 16 11 0 11 9 0 11
split_gain=13101.9 51155.8 77686.9 45939.1 79426.1 71899.7 40184.2 38063.8 35459.2 81926.4 100938 79501.6 99178.6 50358
threshold=1.0051336041564809 1.0507163897489569 1.0666949504806087 0 10.500000000000002 0.97444208477667915 1.0043866876767142 0.071353482513974276 1.0141369090599361 1 1.0346667605123312 89.500000000000014 2 1.0713054911821842
decision_type=2 2 2 1 2 2 2 2 2 1 2 2 1 2
left_child=1 3 -3 4 5 7 -5 -1 11 10 -10 -2 -13 -12
right_child=8 2 -4 6 -6 -7 -8 -9 9 -11 13 12 -14 -15
leaf_value=0.00034939456608920356 0.00037602403184382752 -0.0010056292396975063 0.00032141384728733865 8.2803636735998711e-05 -0.00027793735126476583 -9.4878714232274691e-05 0.00042153701736207476 0.00075833174904364254 -0.0014473250681368824 4.9447873284586791e-05 0.00022557595196365208 -1.4376574502633008e-05 -0.0007894586713576079 -0.0002813965378790616
leaf_weight=1284889.1401042938 2534535.9937711954 1659977.3971806765 1235153.36429739 29217428.727345943 9366149.7587308884 2117828.5365252495 2757018.3980685472 804624.61578369141 1834933.1029922962 56730175.930352807 3721842.1242201328 7390667.6396596432 5370345.2659374475 5897225.9699416161
leaf_count=2270 2369 1462 1803 23191 8107 2597 1926 342 1332 53469 2834 5470 5826 6804
internal_value=0.000103104 0.000495571 -0.00337124 0.000741354 -0.000720937 0.00270306 0.00136211 0.0066513 -0.000124643 0.0001682 -0.0021461 -0.00143008 -0.00239398 -0.000916079
internal_weight=1.31923e+08 4.84431e+07 2.89513e+06 4.55479e+07 1.35735e+07 4.20734e+06 3.19744e+07 2.08951e+06 8.34797e+07 6.81842e+07 1.1454e+07 1.52955e+07 1.2761e+07 9.61907e+06
internal_count=119802 41698 3265 38433 13316 5209 25117 2612 78104 64439 10970 13665 11296 9638
cat_boundaries=0 1 2 3
cat_threshold=292 136 27
is_linear=0
shrinkage=0.03


Tree=335
num_leaves=15
num_cat=2
split_feature=11 12 14 5 12 16 14 0 11 10 10 0 14 13
split_gain=13059.3 16943.3 11246.1 35839.2 24950.5 23396.8 22275.3 53674.2 20233.2 42234.2 33783.5 25645.9 23973.3 32446
threshold=0.78683299918466465 0.91874762502524698 1.0051720084524249 1.0000000180025095e-35 1.1444146516122871 0.02149461468853919 0.99934968733239504 0 1.0993817019966132 1.0804981498706023 1.0706261925406164 1 1.0150734652541153 1.0191798250426214
decision_type=2 2 2 2 2 2 2 1 2 2 2 1 2 2
left_child=-1 -2 3 5 8 -3 -7 -8 9 10 12 -11 13 -4
right_child=1 2 4 -5 -6 6 7 -9 -10 11 -12 -13 -14 -15
leaf_value=0.0002744450828966494 -0.00049311794433087777 -0.00055267796749224312 0.00032426600873791922 -0.00059306982520685358 0.00054432705498070331 1.0885876851415262e-05 -0.00028743042631071902 9.8284485536503482e-05 -0.000204355841203966 -1.9768462956413563e-05 -0.00060965173232069736 0.00073391458686019695 -1.1713792850814586e-06 -7.8187588273947664e-05
leaf_weight=2096764.2543395758 1626985.8348994255 2352266.7146471739 3598159.7319699526 1453150.5626952648 1586107.6433268785 75537974.248320818 2170907.0733642578 3037409.034327507 4680525.0944589376 1052213.6023476124 1176382.2001652718 2234056.2171686888 26547066.12460041 3133784.4165124893
leaf_count=2419 1740 15004 2291 898 1841 49936 834 2271 6328 1790 1364 3130 28122 1957
internal_value=4.95392e-05 1.17107e-05 5.0212e-05 -0.000152218 0.000439135 -7.05416e-05 1.53766e-05 -0.00188223 0.000301013 0.000531737 0.000221806 0.00378126 0.000398423 0.00199739
internal_weight=1.32284e+08 1.30187e+08 1.2856e+08 8.45517e+07 4.40083e+07 8.30986e+07 8.07463e+07 5.20832e+06 4.24222e+07 3.77417e+07 3.44554e+07 3.28627e+06 3.3279e+07 6.73194e+06
internal_count=119925 117506 115766 68943 46823 68045 53041 3105 44982 38654 33734 4920 32370 4248
cat_boundaries=0 1 2
cat_threshold=18 304
is_linear=0
shrinkage=0.03


Tree=336
num_leaves=15
num_cat=1
split_feature=13 14 2 1 1 16 1 10 0 13 16 16 1 2
split_gain=13696.6 22401.2 27885.8 53445.7 38211.9 31586.7 26722.2 45838.7 27335.8 36923.7 35067.3 27233.4 30450.6 26077.4
threshold=1.0191798250426214 1.0898738100051839 4.5000000000000009 11.500000000000002 7.5000000000000009 0.025395853775066996 17.500000000000004 0.91803706662057427 0 1.0899670415413303 0.065081415764580611 0.052935951605260545 9.5000000000000018 3.5000000000000004
decision_type=2 2 2 2 2 2 2 2 1 2 2 2 2 2
left_child=-1 6 5 4 -4 -3 7 -2 -8 -10 13 12 -9 -11
right_child=1 2 3 -5 -6 -7 8 11 9 10 -12 -13 -14 -15
leaf_value=2.3913161210795343e-05 -0.00099052864892807909 0.0015530678769360524 0.00082925182709057152 0.0023398426479837972 -0.0023179750483434784 -7.3005357148351647e-05 -0.00035141066005902743 -2.420449311812291e-06 0.00012071220685436581 0.00036084096589963628 -0.00085126573114030003 -2.2180961015861085e-05 0.00053900764739573011 -0.00075988111703033454
leaf_weight=82228346.526408672 1586597.9980310202 578413.53606772423 226113.55653166771 889728.58414387703 228051.98900747299 3723556.6084899902 3024355.1945500374 2335619.151129961 4114939.8189573288 1157833.4142699242 1257250.6957702637 28068547.649674416 1972153.0702667236 799645.86541080475
leaf_count=71110 1414 4718 1700 1558 393 3619 2228 6382 4131 1972 803 16637 1527 1662
internal_value=5.81083e-05 -0.000333646 0.00144608 0.00521831 -0.00315538 0.00026767 -0.000560378 -0.000153631 -0.00189458 -0.000904406 -0.00331343 9.03488e-05 0.00231132 -0.000802336
internal_weight=1.32191e+08 4.99628e+07 5.64586e+06 1.34389e+06 454166 4.30197e+06 4.43169e+07 3.39629e+07 1.0354e+07 7.32967e+06 3.21473e+06 3.23763e+07 4.30777e+06 1.95748e+06
internal_count=119854 48744 11988 3651 2093 8337 36756 25960 10796 8568 4437 24546 7909 3634
cat_boundaries=0 1
cat_threshold=272
is_linear=0
shrinkage=0.03


Tree=337
num_leaves=15
num_cat=0
split_feature=11 13 16 12 12 1 13 1 16 16 10 13 12 16
split_gain=16339.6 15025 36929.6 12364.2 17292.2 57298.1 30922.5 41066.5 20614.9 52277.5 34913.6 36446.8 32684.1 26281.3
threshold=0.77380315183205817 1.5827002510397203 0.040648969563471166 0.91874762502524698 0.97931461060566405 18.500000000000004 1.0133148023774952 11.500000000000002 0.049804194175047133 0.052174601620179527 0.97119576682951958 0.80212293079249208 1.080090879916801 0.04412256231149083
decision_type=2 2 2 2 2 2 2 2 2 2 2 2 2 2
left_child=-1 3 -3 -2 5 6 -5 -8 10 -10 -6 -12 13 -13
right_child=1 2 -4 4 8 -7 7 -9 9 -11 11 12 -14 -15
leaf_value=0.00032080481055714712 -0.00036539478046157905 0.0044382937012827917 0.00014593673478916996 0.00010619185203102116 0.00050371123747508138 0.0008447689106645947 0.00012087149235407759 -0.00045506649962044827 0.00052810429086880847 3.0916050258313773e-06 -0.0015457048933335367 -0.00013079084710497743 0.00031257634207628457 -0.00063453136123526905
leaf_weight=1421870.6991560459 1884127.6483792067 262569.87499570847 908691.05227041245 6957006.6683123112 1983384.5942661762 1801571.8883895874 1425207.0045579672 1609909.1078186035 2552376.2855792046 96653427.634863257 752315.31252467632 10568157.183147669 1968630.9550147057 1883649.1117773056
leaf_count=1734 1899 3314 1251 5274 4744 2437 1486 1021 2002 57364 5842 24471 5024 2258
internal_value=0.000115692 8.10291e-05 0.00346366 5.05618e-05 8.60311e-05 0.00118064 0.000292738 -0.00223396 -2.49111e-05 0.000141142 -0.000985118 -0.00147442 -0.00113859 -0.00170648
internal_weight=1.32633e+08 1.31211e+08 1.17126e+06 1.3004e+08 1.28156e+08 1.17937e+07 9.99212e+06 3.03512e+06 1.16362e+08 9.92058e+07 1.71561e+07 1.51728e+07 1.44204e+07 1.24518e+07
internal_count=120121 118387 4565 113822 111923 10218 7781 2507 101705 59366 42339 37595 31753 26729
is_linear=0
shrinkage=0.03


Tree=338
num_leaves=15
num_cat=2
split_feature=11 2 0 16 0 12 1 11 14 1 1 16 7 12
split_gain=17527 45921.6 41632.6 35465.4 48994.4 28353.8 14291.7 13667.1 15445.5 140219 63395.7 56861.9 49424.5 51858.3
threshold=0.90644793995258399 4.5000000000000009 0 0.051942812090352376 1 0.97179232307377039 11.500000000000002 0.92084674428756708 0.8798562679771581 8.5000000000000018 11.500000000000002 0.057715162697057433 1.0000000180025095e-35 1.080090879916801
decision_type=2 2 1 2 1 2 2 2 2 2 2 2 2 2
left_child=1 3 -3 4 -1 6 -5 -2 9 11 -11 -9 13 -12
right_child=7 2 -4 5 -6 -7 -8 8 -10 10 12 -13 -14 -15
leaf_value=0.001221918535767927 -0.00029121567427981514 0.001310702206452276 0.00033747077064611217 0.00022608397491083207 -0.00042782598499417173 -0.00021795720274733548 -4.1941659843853104e-05 -0.0024315194775993056 1.5555168898456506e-05 -0.00056835088899731751 -0.0001126956501211201 0.00042028481522873699 -0.00090435796715685303 0.00056371194603091772
leaf_weight=822208.22528147697 1615539.5947687626 833034.02920913696 1119228.6734703779 1889433.2190246582 479135.05623996258 2379339.5700683594 3129767.0527954102 545494.35014533997 105504620.73062837 2792606.2184886932 5991441.0093317032 2301862.7478637695 1568914.9501626492 1453635.5289001465
leaf_count=1490 1604 966 1909 1111 1613 980 2006 4402 92931 2187 4937 1065 1788 998
internal_value=0.000118431 0.00128537 0.0054435 0.000352277 0.00491941 -0.000451046 0.000827643 1.63534e-05 5.32056e-05 -0.000859441 -0.00230058 0.00511625 -0.00107699 -5.72281e-05
internal_weight=1.32426e+08 1.06521e+07 1.95226e+06 8.69988e+06 1.30134e+06 7.39854e+06 5.0192e+06 1.21774e+08 1.20159e+08 1.4654e+07 1.18066e+07 2.84736e+06 9.01399e+06 7.44508e+06
internal_count=119987 10075 2875 7200 3103 4097 3117 109912 108308 15377 9910 5467 7723 5935
cat_boundaries=0 1 2
cat_threshold=84 92
is_linear=0
shrinkage=0.03


Tree=339
num_leaves=15
num_cat=2
split_feature=11 10 11 1 1 13 11 14 0 16 1 1 0 1
split_gain=17580.8 12394 22892.6 20042.3 31390.7 15883.7 16248.3 14728 45356.5 48456.3 26319.5 40732.5 28460.2 17839.2
threshold=0.78683299918466465 0.81586805158820941 0.9124081244535126 16.500000000000004 11.500000000000002 0.6877629916028617 0.86737031308685941 1.1408790155553841 0 0.060404811388209766 10.500000000000002 8.5000000000000018 1 21.500000000000004
decision_type=2 2 2 2 2 2 2 2 1 2 2 2 1 2
left_child=-1 5 3 4 -3 -2 -7 13 9 -9 11 -10 -12 -4
right_child=1 2 7 -5 -6 6 -8 8 10 -11 12 -13 -14 -15
leaf_value=-0.0011514677252854094 8.1155605733789941e-05 0.000202277604047677 -2.2882256185768645e-06 0.00037077309229823321 -0.00027407144117923699 -5.3944461248187069e-05 -0.00066666537232464907 0.00079958366583999857 0.0014460323321943338 -0.0022976735412588369 0.0027204054498157475 -0.0027483073376097199 0.00046250528723125288 -0.00045042706169697608
leaf_weight=2133056.4534682035 1614767.9174252748 1967886.1054799557 114139926.44102192 1693182.3739767075 1729341.8288269043 1570578.7270073891 1737422.2249971628 445272.69601428509 343360.66438937187 451281.88977050781 957865.74115395546 208998.45786499977 900495.67029070854 2291700.4325203896
leaf_count=2441 1481 1751 89214 1232 910 1912 2004 2714 3286 426 1749 393 1742 8676
internal_value=4.40604e-05 -2.48577e-07 5.78404e-05 0.00197032 0.000732381 -0.00147678 -0.00266738 -2.82555e-05 0.00194588 -0.00381501 0.00408837 -0.00166126 0.00579735 -8.43313e-05
internal_weight=1.32185e+08 1.30052e+08 1.25129e+08 5.39041e+06 3.69723e+06 4.92277e+06 3.308e+06 1.19739e+08 3.30728e+06 896555 2.41072e+06 552359 1.85836e+06 1.16432e+08
internal_count=119931 117490 112093 3893 2661 5397 3916 108200 10310 3140 7170 3679 3491 97890
cat_boundaries=0 1 2
cat_threshold=73 52
is_linear=0
shrinkage=0.03


Tree=340
num_leaves=15
num_cat=4
split_feature=12 16 0 0 12 16 12 14 0 16 1 3 0 9
split_gain=17706.2 45638.7 88771 39630.7 26161.3 25898.1 23536.5 19266.6 70931.5 38397.4 23710.8 42544.4 43916.6 33242.3
threshold=0.97931461060566405 0.044870415960815466 0 1 0.96636452254130412 0.067169957458346335 0.94549931222377859 1.1408790155553841 2 0.06641745348188037 15.500000000000002 1.0000000180025095e-35 3 89.500000000000014
decision_type=2 2 1 1 2 2 2 2 1 2 2 2 1 2
left_child=1 2 -1 6 5 -5 -3 10 -9 -10 13 -12 -13 -2
right_child=7 3 -4 4 -6 -7 -8 8 9 -11 11 12 -14 -15
leaf_value=0.0015496738223425191 0.00014921150851528997 5.5810898984469571e-05 -5.7073862687673068e-05 1.3623184719568482e-05 0.00010633708676577797 -0.00051438695587004949 0.00028184304264655571 0.0028115972779148221 0.00051614284834367486 -0.00098964769831188571 2.2170133553638658e-06 5.9513989122189168e-05 -0.00027276278408600913 -5.8303430242818131e-06
leaf_weight=882750.62134099007 13026157.203221321 3152061.8803710938 1163149.4514548779 2654808.4925537109 2418606.4452819824 2950273.6456604004 2047475.9785308838 885670.67270064354 1387801.7789331675 813010.04012024403 29783270.680296659 4630647.0752630234 9871378.2067704201 56849552.538419247
leaf_count=2003 10977 2722 3886 1882 1219 1648 1003 1961 7019 1068 21751 6985 8313 47688
internal_value=9.98061e-05 0.00106074 0.00523046 0.0004156 -0.000906498 -0.00203177 0.0024558 -2.53363e-05 0.0023135 -0.000571574 -8.85695e-05 -0.000631656 -0.00196421 0.000255623
internal_weight=1.32517e+08 1.52691e+07 2.0459e+06 1.32232e+07 8.02369e+06 5.60508e+06 5.19954e+06 1.17247e+08 3.08648e+06 2.20081e+06 1.14161e+08 4.42853e+07 1.4502e+07 6.98757e+07
internal_count=120125 14363 5889 8474 4749 3530 3725 105762 10048 8087 95714 37049 15298 58665
cat_boundaries=0 1 2 3 4
cat_threshold=88 464 20 169
is_linear=0
shrinkage=0.03


Tree=341
num_leaves=15
num_cat=2
split_feature=12 0 2 0 10 2 12 1 1 12 12 12 13 14
split_gain=17112.5 55381.2 75141.5 40500.4 69600 56099.9 51377.9 41337.8 40149.3 38104.1 35159.9 32235.4 38404.4 42767
threshold=1.0116324710920543 0 1.0000000180025095e-35 1 0.95679863267342224 1.5000000000000002 1.0481219099133832 9.5000000000000018 18.500000000000004 1.0130620951705351 1.0351016622858451 0.93483684010591095 0.97910673420048433 0.9729472094267223
decision_type=2 1 2 1 2 2 2 2 2 2 2 2 2 2
left_child=1 2 -1 4 -2 -6 7 -7 9 -5 -9 -3 13 -13
right_child=3 11 -4 8 5 6 -8 10 -10 -11 -12 12 -14 -15
leaf_value=-0.00035440743452563081 0.00037673271487186061 -0.00061480436921757008 0.00054530600602587865 -0.00040076455377824864 -0.0005939404000263489 9.3256097835344592e-05 0.00024352084571692723 -0.00033702716936362111 -0.00021116192665441278 4.4422148987489462e-05 -0.0011140629999330486 1.2705813828559049e-05 -3.8972109933093538e-05 0.000279361730039128
leaf_weight=1862224.6203484535 1803146.2476929426 1593518.1896338463 8180953.9135366678 1665028.9761292934 3713669.3026155233 1247240.3406219482 2382070.9332984686 2661948.5220823288 8588208.4612457752 46665840.79047966 1120497.1148967743 13647596.92388773 29180913.644610286 7996649.2554639578
leaf_count=2081 1652 1640 11123 1292 3274 1687 2950 2473 13069 40291 917 10155 20831 6518
internal_value=0.000147788 0.000508575 0.00254938 -0.000174848 -0.0016906 -0.00257675 -0.00106881 -0.00278773 0.000169439 0.000505309 -0.00434949 0.000117565 0.000249295 0.00120682
internal_weight=1.3231e+08 6.24619e+07 1.00432e+07 6.98477e+07 1.29286e+07 1.11254e+07 7.41176e+06 5.02969e+06 5.69191e+07 4.83309e+07 3.78245e+06 5.24187e+07 5.08252e+07 2.16442e+07
internal_count=119953 52348 13204 67605 12953 11301 8027 5077 54652 41583 3390 39144 37504 16673
cat_boundaries=0 1 2
cat_threshold=194 136
is_linear=0
shrinkage=0.03


Tree=342
num_leaves=15
num_cat=2
split_feature=11 1 0 11 11 16 0 16 2 11 14 1 3 11
split_gain=17273.7 52859 69260.9 72953.1 66754.3 40757.1 39888.4 30476.2 29321.1 35692.1 21985.1 57015.5 29102.5 29401.5
threshold=0.96214500782476298 18.500000000000004 0 0.90644793995258399 0.9442096572761115 0.081559073521826744 1 0.067169957458346335 2.5000000000000004 0.91501632610319705 0.80066380668717885 8.5000000000000018 1.0000000180025095e-35 1.0878904107190734
decision_type=2 2 1 2 2 2 1 2 2 2 2 2 2 2
left_child=1 2 4 -4 5 8 -3 -5 9 -1 11 -2 13 -13
right_child=10 6 3 7 -6 -7 -8 -9 -10 -11 -12 12 -14 -15
leaf_value=-0.0005089267956818502 0.00039643304629104279 -0.00025282784180681545 3.9877803151153613e-05 -0.0003276845470283869 0.0013038196561328955 0.00029589065170722425 0.00064917240779579057 -0.00083006848370743565 0.00011120329486433964 3.9427259064890837e-05 3.5193403012821779e-06 -0.00060151416167429216 -0.00091726666935929707 0.00024396032789022351
leaf_weight=1394247.6555268764 1066373.7091110945 784477.89111709595 5932575.698118329 1505817.881849885 1355948.3156907558 2002070.3809509277 2413153.5546169281 1758390.8464050293 2646554.5800410509 1467907.7573922873 105698923.27986777 1597577.2179346085 1424757.7224888802 1190928.8158631325
leaf_count=1180 2921 1407 4817 1734 1522 853 3115 960 2762 917 93698 1349 1585 1052
internal_value=0.000122603 0.000905958 0.000276596 -0.00154742 0.0021685 0.0010625 0.00446124 -0.00514953 -0.000269781 -0.00237443 -2.74714e-05 -0.00191677 -0.00348518 -0.00170296
internal_weight=1.3224e+08 2.12611e+07 1.80635e+07 9.19678e+06 8.86673e+06 7.51078e+06 3.19763e+06 3.26421e+06 5.50871e+06 2.86216e+06 1.10979e+08 5.27964e+06 4.21326e+06 2.78851e+06
internal_count=119872 19267 14745 7511 7234 5712 4522 2694 4859 2097 100605 6907 3986 2401
cat_boundaries=0 1 2
cat_threshold=401 290
is_linear=0
shrinkage=0.03


Tree=343
num_leaves=15
num_cat=2
split_feature=5 12 0 12 10 11 10 11 16 0 3 11 12 16
split_gain=17722.5 19218.5 64302.8 33406.7 57619.7 37158.3 31689.5 57504.4 25476.2 45931.9 40358.6 59310.9 24283.9 24322.2
threshold=1.0000000180025095e-35 0.98927941568421962 0 0.99850866959735451 0.90675470765210653 1.0164731896702961 0.83817355033030538 0.77380315183205817 0.040099238879225695 1 1.5000000000000002 0.98927509523083523 0.99549366363837055 0.068192879003344239
decision_type=2 2 1 2 2 2 2 2 2 1 2 2 2 2
left_child=1 2 6 4 -3 12 7 -1 9 -4 -10 -12 13 -6
right_child=-2 3 8 -5 5 -7 -8 -9 10 -11 11 -13 -14 -15
leaf_value=0.00060004879186483547 -0.00041072307231313469 -0.0013005182378997555 0.0015733217737078844 1.4783979968533454e-05 -8.8494162622480894e-05 -0.00081377523117584982 0.00029552238294727485 -0.00041288329628269733 1.9681724649208766e-05 -4.3256379388811186e-05 -4.5476785807644116e-05 -0.0019937046011090308 -0.00047076254033775588 0.00038136228278520579
leaf_weight=751552.40920996666 2065186.7837028503 1122178.7697768211 472302.5998467207 100190490.97092986 1908954.7171208858 1104503.1726921797 6514221.1412220001 1285488.4935774803 10259489.905273438 1069970.8821326494 1688185.2999725342 1143033.4467315674 1013972.1308883429 1415442.5431213379
leaf_count=1125 1544 739 1162 90724 2338 1132 5305 1817 5294 3869 1702 1008 1168 857
internal_value=0.000184876 0.000228698 0.0010116 5.86737e-05 -0.00201451 -0.000738347 0.00307837 -0.000187472 -0.000196179 0.00345071 -0.000625835 -0.00379675 0.00051236 0.00175194
internal_weight=1.32005e+08 1.2994e+08 2.31842e+07 1.06756e+08 6.56505e+06 5.44287e+06 8.55126e+06 2.03704e+06 1.4633e+07 1.54227e+06 1.30907e+07 2.83122e+06 4.33837e+06 3.3244e+06
internal_count=119784 118240 21282 96958 6234 5495 8247 2942 13035 5031 8004 2710 4363 3195
cat_boundaries=0 1 2
cat_threshold=209 8
is_linear=0
shrinkage=0.03


Tree=344
num_leaves=15
num_cat=5
split_feature=11 2 10 2 0 12 16 0 0 14 0 16 1 0
split_gain=22812 27349.2 15283.2 25538.9 23585.7 19606.3 48709 50211.2 46073.2 21017.4 54053.6 36729 28510.1 28346
threshold=0.78683299918466465 2.5000000000000004 0.78049706914582051 3.5000000000000004 0 0.98075970649359323 0.051942812090352376 1 2 1.1408790155553841 3 0.060614346226005908 10.500000000000002 4
decision_type=2 2 2 2 1 2 2 1 1 2 1 2 2 1
left_child=1 -1 3 4 -2 6 7 -4 -8 -7 12 -12 -11 -14
right_child=2 -3 5 -5 -6 9 8 -9 -10 10 11 -13 13 -15
leaf_value=-4.9244662127331938e-05 0.00027435607591654216 0.00087919978681481306 0.0012744724721099174 -0.00086462445645354405 -0.000349885927801963 -1.4892533729326481e-05 0.00019311370218172151 0.0001668264920597296 -0.00013839478188366181 -0.00049014744181467319 0.00063792789467693588 -0.0013819438442395835 0.0029401488467643757 0.00074450717869603805
leaf_weight=996440.15158247948 1366009.6725171804 1098574.914075613 812076.63725078106 1226585.7684038877 1089976.6671267748 111943044.44497681 3411672.441192627 1138214.2919688225 5794371.6200866699 453223.89674425125 572472.63697695732 512453.86727643013 689101.56178665161 772882.29378175735
leaf_count=963 1314 1435 1524 1813 1088 93901 2281 2879 2826 2689 3641 719 861 1811
internal_value=2.10008e-05 0.00312651 -2.913e-05 -0.00193416 -0.000168602 2.6504e-05 0.00122723 0.005534 0.000314844 -9.00379e-05 0.00238794 -0.00296226 0.00541871 0.00745671
internal_weight=1.31877e+08 2.09502e+06 1.29782e+08 3.68257e+06 2.45599e+06 1.261e+08 1.11563e+07 1.95029e+06 9.20604e+06 1.14943e+08 3.00013e+06 1.08493e+06 1.91521e+06 1.46198e+06
internal_count=119745 2398 117347 4215 2402 113132 9510 4403 5107 103622 9721 4360 5361 2672
cat_boundaries=0 1 2 3 4 5
cat_threshold=135 88 496 182 20
is_linear=0
shrinkage=0.03


Tree=345
num_leaves=15
num_cat=1
split_feature=5 13 16 2 0 1 16 12 12 16 11 2 2 11
split_gain=12786.1 15368.8 18597 18399.2 33272.8 68618.2 26567.6 24842.2 21817.6 19232.8 20695.4 34230.2 20239.1 18715.7
threshold=1.0000000180025095e-35 0.98141287301538704 0.018600789302954588 3.5000000000000004 0 16.500000000000004 0.087415563134378219 1.0175878884720293 1.0949928461663163 0.091881150514448909 1.0441410288220176 1.0000000180025095e-35 2.5000000000000004 0.99985733322981363
decision_type=2 2 2 2 1 2 2 2 2 2 2 2 2 2
left_child=1 2 -1 4 5 -4 8 -7 -5 10 11 -6 -12 -13
right_child=-2 -3 3 6 9 7 -8 -9 -10 -11 12 13 -14 -15
leaf_value=-0.0004823713770494438 -0.00035976562235566571 -1.5133911779018872e-05 -0.00019869835488335171 5.2188585159679652e-05 -0.00013042409735366614 0.0004797685397471498 -0.00031871332772058649 5.0886721779226638e-05 -0.00040944071592506989 0.00020559339074776721 0.0002886774709957676 0.00023723986857202931 -4.3625431687086485e-05 2.2194604915740889e-05
leaf_weight=1719804.006034255 2050536.1580402851 72984929.711996436 7093959.123626709 15228909.152912855 5375704.8742523193 1583167.6077575684 1598542.8132265806 1492144.3289337158 1341145.7634811401 2950246.4194946289 5579426.606842041 5844498.5997848511 1577384.5172424316 5597774.7586669922
leaf_count=13965 1529 64438 5301 14291 3086 1052 1292 1246 1274 1057 3780 3434 1033 3047
internal_value=8.28626e-05 0.000119947 0.000489153 0.000584761 0.000967859 -0.000494135 -0.0001974 0.00324866 0.000158917 0.00152004 0.00123877 0.000663792 0.00258994 0.00159148
internal_weight=1.32018e+08 1.29968e+08 5.69827e+07 5.52629e+07 3.70943e+07 1.01693e+07 1.81686e+07 3.07531e+06 1.65701e+07 2.6925e+07 2.39748e+07 1.6818e+07 7.15681e+06 1.14423e+07
internal_count=119825 118296 53858 39893 23036 7599 16857 2298 15565 15437 14380 9567 4813 6481
cat_boundaries=0 1
cat_threshold=104
is_linear=0
shrinkage=0.03


Tree=346
num_leaves=15
num_cat=1
split_feature=11 1 0 11 16 11 10 2 11 11 14 1 11 10
split_gain=17344.3 52330.3 40481.1 51308.4 53152.4 50494.9 35497.7 33112.5 36826.2 40105.6 37004.1 31416.6 30376.9 38505.8
threshold=0.98543013854132477 18.500000000000004 0 0.97444208477667915 0.090582173183061984 0.90644793995258399 0.95679863267342224 1.0000000180025095e-35 0.96841507918557901 0.92084674428756708 0.97129995922941614 12.500000000000002 0.98927509523083523 0.98774918197535599
decision_type=2 2 1 2 2 2 2 2 2 2 2 2 2 2
left_child=1 2 3 4 7 -4 11 -1 9 10 -9 -7 -2 -14
right_child=12 -3 5 -5 -6 6 -8 8 -10 -11 -12 -13 13 -15
leaf_value=-0.00025907996596804796 -0.0005372169763293459 0.00045458680509232911 7.9584327400506827e-05 0.0014494387652899919 0.0003494694228739451 -0.00030168754963107977 -5.0215513757017546e-05 0.00010209032107078233 -0.00054973200578283129 0.00033390936773284593 -0.00047496036352969476 -0.00076447898928424889 0.00024031153607259752 -1.3050794411135224e-05
leaf_weight=1954544.3934680223 1428015.9276766777 4367271.4313011169 4844409.1599746943 1280507.1098250151 1815991.6039428711 1470023.6533403397 2590506.3606159687 2284485.2113727331 1175550.4446921349 4269139.6480150223 1456621.5290353298 1513246.9860839844 6218516.9650535583 95847564.853900313
leaf_count=1501 1628 6203 3916 1395 645 1450 2138 1824 959 3862 1800 817 5994 86093
internal_value=0.000144959 0.00079308 0.000256933 0.00129681 0.000730629 -0.0011641 -0.00311123 -4.51708e-05 0.000709282 0.00143696 -0.000830665 -0.0053422 -3.67901e-05 2.40039e-05
internal_weight=1.32516e+08 2.90223e+07 2.4655e+07 1.42368e+07 1.29563e+07 1.04182e+07 5.57378e+06 1.11403e+07 9.1858e+06 8.01025e+06 3.74111e+06 2.98327e+06 1.03494e+08 1.02066e+08
internal_count=120225 26510 20307 11986 10591 8321 4405 9946 8445 7486 3624 2267 93715 92087
cat_boundaries=0 1
cat_threshold=403
is_linear=0
shrinkage=0.03


Tree=347
num_leaves=15
num_cat=0
split_feature=11 12 10 12 11 12 2 1 13 9 1 1 11 12
split_gain=14694.6 37311.7 72696.3 41987.4 120079 39295.1 31266.7 30184.7 29789.5 32781.8 28956.5 29970.3 28713.2 67698.6
threshold=1.0236270768295064 1.0008167906410759 1.0308391627668356 1.0065793869439743 1.0259789571696876 0.9880996573646984 2.5000000000000004 19.500000000000004 0.99822745772166999 89.500000000000014 8.5000000000000018 16.500000000000004 1.1158401476357727 1.0282823097421547
decision_type=2 2 2 2 2 2 2 2 2 2 2 2 2 2
left_child=8 2 -2 6 -5 -4 -3 -6 -1 10 -10 -12 13 -9
right_child=1 3 5 4 7 -7 -8 12 9 -11 11 -13 -14 -15
leaf_value=8.1053695270957342e-05 -0.00080722268179192263 0.00068443987736681051 0.00010765779631532702 -0.00059740625339048837 9.8513633251573873e-06 -0.00044974421437054163 5.2043502725434789e-06 6.0535468992037923e-05 -0.0001216156972627424 -0.00011150327305607385 0.00025912030829836616 -5.804425970067324e-05 0.00014917561599655642 -0.0010445254962362248
leaf_weight=36409536.675663114 1225006.1416970491 1469682.4411087036 2919667.0488055944 1720665.7996631861 51740607.849717379 1615370.9647423029 1310231.2066984177 1649552.928612709 1519501.7399289608 21475574.455628395 3829731.0932865143 1850152.0635159016 1565464.1749997139 1817748.3792641163
leaf_count=30263 952 1154 2849 1222 44919 1579 1418 3422 1372 20113 2075 1320 3590 3635
internal_value=1.52639e-05 -0.000296489 -0.00260494 -7.94831e-05 -0.000250683 -0.000853308 0.00352284 -1.40499e-05 0.000336355 -0.000386865 0.00136504 0.00234912 -0.00223201 -0.00375461
internal_weight=1.32118e+08 6.7034e+07 5.76004e+06 6.1274e+07 5.8494e+07 4.53504e+06 2.77991e+06 5.67734e+07 6.50845e+07 2.8675e+07 7.19938e+06 5.67988e+06 5.03277e+06 3.4673e+06
internal_count=119883 64740 5380 59360 56788 4428 2572 55566 55143 24880 4767 3395 10647 7057
is_linear=0
shrinkage=0.03


Tree=348
num_leaves=15
num_cat=3
split_feature=11 11 0 16 10 9 9 9 0 12 11 9 0 11
split_gain=14174.2 94527.7 33987.6 31623.8 33234.1 28813.4 40667 30662.3 41254 61270.5 41182.6 39132.2 37477 27669.9
threshold=0.99985733322981363 1.0004858951054538 0 0.063215648643965172 0.94660554909741312 64.500000000000014 69.500000000000014 74.500000000000014 1 1.0949928461663163 1.1329827571889444 77.500000000000014 2 1.0024578481330415
decision_type=2 2 1 2 2 2 2 2 1 2 2 2 1 2
left_child=2 -2 3 4 -1 -3 -7 12 9 10 -9 -10 -8 -13
right_child=1 5 -4 -5 -6 6 7 8 11 -11 -12 13 -14 -15
leaf_value=-0.00027760204281709747 -0.0010094799785390074 -0.00029997832709601987 7.597911082081269e-05 -0.00063825249412238728 0.00091951431876040139 0.00030077036897207583 0.00014468040287008905 0.00028310842320516006 0.00042643572434579268 0.00165581397671801 -0.00025604299326571192 0.00055647218009437075 -0.00022759617172900357 -2.8304431988219564e-05
leaf_weight=852656.0120947361 1484627.327965498 2253572.415399313 34590444.662947297 1590968.4309082031 502081.96151077747 3120701.4945434332 1203770.4879081249 7989640.6938862801 1460689.6623079777 794083.98111844063 2450629.6356173754 1281809.432700038 1829896.5207726955 71030049.646788836
leaf_count=2004 971 1831 28545 1648 1396 3106 1298 13302 1225 1557 3723 1251 1545 56738
internal_value=0.000106079 -8.91121e-05 0.000599565 -0.00249385 0.00087464 3.02509e-05 0.000113091 -6.20377e-06 9.95605e-05 0.00179312 0.00118211 -0.000158341 -0.00296984 -0.000256542
internal_weight=1.32436e+08 9.48995e+07 3.75362e+07 2.94571e+06 1.35474e+06 9.34148e+07 9.11613e+07 8.80406e+07 8.50069e+07 1.12344e+07 1.04403e+07 7.37725e+07 3.03367e+06 7.23119e+07
internal_count=120140 86547 33593 5048 3400 85576 83745 80639 77796 18582 17025 59214 2843 57989
cat_boundaries=0 1 2 3
cat_threshold=96 96 397
is_linear=0
shrinkage=0.03


Tree=349
num_leaves=15
num_cat=2
split_feature=11 11 13 16 14 12 11 0 16 0 16 9 16 14
split_gain=15546.5 11247.1 10074.5 20158.5 18319.8 26433.4 26470.8 24876.6 20580.3 27261.9 18599.5 17029.1 21810.3 16359.9
threshold=0.78683299918466465 0.76757840839707958 1.0216491553869906 0.018600789302954588 1.0592675685713924 0.98366571989275564 0.99099749058018094 0 0.071071132527627645 1 0.055169049131881628 82.500000000000014 0.010697248326322991 1.079496024391962
decision_type=2 2 2 2 2 2 2 1 2 1 2 2 2 2
left_child=1 -1 3 11 -4 10 7 -7 9 13 -6 12 -2 -8
right_child=2 -3 4 -5 5 6 8 -9 -10 -11 -12 -13 -14 -15
leaf_value=3.2356825887137921e-05 -0.00019083839520466937 0.00050360529951528309 -4.9710960952968854e-05 2.9270118229057654e-05 4.9547953515361637e-05 0.00088446399645601616 0.00060109813892212358 0.00038317977149811088 0.00038472697691372917 -0.00038244814156981779 -0.0012984489720125599 -0.00026274712568311764 -0.0033311937380983664 -3.8363600232375215e-05
leaf_weight=1080134.6646877527 154698.28188860416 1046215.3385725021 38526413.941074133 79922441.093027353 532356.89491772652 741446.71268761158 731696.69126045704 1038921.2484879494 2246246.951335907 2168690.36254251 555386.31433105469 1826091.3304576874 166210.96750676632 1704601.4488816261
leaf_count=1161 1573 1263 31379 54054 1587 1330 913 1494 1720 4496 469 14024 545 3958
internal_value=9.68406e-05 0.00264136 5.53217e-05 0.000257565 -0.000288708 0.000875186 0.00143057 0.00468961 0.00058368 -0.000564679 -0.00353201 -0.00261109 -0.00898448 0.00161312
internal_weight=1.32442e+08 2.12635e+06 1.30315e+08 8.20694e+07 4.82458e+07 9.71935e+06 8.6316e+06 1.78037e+06 6.85124e+06 4.60499e+06 1.08774e+06 2.147e+06 320909 2.4363e+06
internal_count=119966 2424 117542 70196 47346 15967 13911 2824 11087 9367 2056 16142 2118 4871
cat_boundaries=0 1 2
cat_threshold=153 102
is_linear=0
shrinkage=0.03


Tree=350
num_leaves=15
num_cat=4
split_feature=11 11 12 12 0 10 0 16 12 16 0 12 10 0
split_gain=17008.2 36708.5 40744.5 95079 150049 38923.9 49941.3 49004.9 48508.6 46512.1 36801.5 37623.6 34485.6 32765.6
threshold=1.0236270768295064 1.0344887901146891 1.0008167906410759 1.0065793869439743 0 1.050358658284354 1 0.054785640621372388 1.029585465119887 0.051292865818768199 2 1.0243764990400916 1.0375161902555876 3
decision_type=2 2 2 2 1 2 1 2 2 2 1 2 2 1
left_child=-1 2 -2 -4 -5 6 -3 8 9 -8 -6 -12 -9 -7
right_child=1 5 3 4 10 13 7 12 -10 -11 11 -13 -14 -15
leaf_value=4.4695821193177143e-05 -0.00070701581186157739 -0.00027094248758756931 0.00044495600719353997 -0.0023419290764006241 0.00026839662822513739 -9.9319690693709911e-05 0.00100234180476267 0.00016448560443278209 -0.00052936819137720944 -0.00029921484077610435 -0.00029170520469663569 0.00020017342434540297 0.00035242081849651432 4.9960870614950822e-05
leaf_weight=64980051.631496191 1486603.2576088905 2374368.9010602236 2288542.851793766 1469086.5724174976 1881078.3555035591 17102470.633325934 913794.86143481731 3220430.166220665 1079755.4123539925 760237.13746738434 3631444.8502688408 1528344.0073558092 3834599.7559103966 25392713.278947949
leaf_count=55035 1199 2539 1982 925 1652 12075 2398 2067 1703 421 3042 1207 1866 31515
internal_value=0.000136704 -0.000198823 -0.00168067 -0.00103964 -0.00249945 0.000134118 0.00162901 0.00257402 -0.000820014 0.00237775 -0.000679802 -0.00198937 0.00389882 -0.000294463
internal_weight=1.31944e+08 6.69635e+07 1.22851e+07 1.07985e+07 8.50995e+06 5.46784e+07 1.21832e+07 9.80882e+06 2.75379e+06 1.67403e+06 7.04087e+06 5.15979e+06 7.05503e+06 4.24952e+07
internal_count=119626 64591 10007 8808 6826 54584 10994 8455 4522 2819 5901 4249 3933 43590
cat_boundaries=0 1 2 3 4
cat_threshold=8 131 5 25
is_linear=0
shrinkage=0.03


Tree=351
num_leaves=15
num_cat=2
split_feature=16 16 12 12 2 5 2 1 13 10 0 10 0 9
split_gain=10866.4 23429 14705.5 9513.56 11446.6 91049.9 42114.9 34631.3 35606.1 54911.4 54943 47059.4 42759.1 33923.2
threshold=0.099461805862942745 0.096476869161371062 1.0159481287294361 1.1713962242554434 2.5000000000000004 1.0000000180025095e-35 3.5000000000000004 7.5000000000000009 1.1176149359256635 1.0557838013323353 0 1.1413265287497878 1 66.500000000000014
decision_type=2 2 2 2 2 2 2 2 2 2 1 2 1 2
left_child=1 3 -2 4 -1 6 7 -6 9 10 -9 -11 -10 -8
right_child=2 -3 -4 -5 5 -7 13 8 12 11 -12 -13 -14 -15
leaf_value=-1.4744018671475281e-05 0.00039243509506815572 -0.00016518893623304934 -4.9399565081794883e-06 -0.00032155056169737669 -0.00015236572203976664 0.0010525669200224467 -0.00075953650692385489 0.00050009637342843369 0.00028891216466927518 -0.00020868047686785021 0.00019226241290360609 0.00052975175815470174 -0.0010234613591089603 -1.5409692081937628e-05
leaf_weight=61498577.153512239 1630375.6612167358 2653239.7407798767 1975955.1545603275 1594318.0654294491 2229618.8030147552 986069.1627304554 933318.73641598225 4805542.1462440491 1497003.4107308388 3309553.5409219265 5362010.1545410156 1617918.7237372398 965054.14955329895 41237010.917453647
leaf_count=49404 951 912 1367 1628 4203 765 745 3186 1573 2239 2919 1299 1194 47575
internal_value=9.60976e-05 5.05827e-05 0.00172026 0.000109314 0.000138816 0.000423219 0.000279275 0.00142113 0.00186839 0.00241401 0.00367363 -0.000185147 -0.00147683 -0.000256494
internal_weight=1.32296e+08 1.28689e+08 3.60633e+06 1.26036e+08 1.24442e+08 6.29431e+07 6.1957e+07 1.97867e+07 1.75571e+07 1.5095e+07 1.01676e+07 4.92747e+06 2.46206e+06 4.21703e+07
internal_count=119960 117642 2318 116730 115102 65698 64933 16613 12410 9643 6105 3538 2767 48320
cat_boundaries=0 1 2
cat_threshold=241 118
is_linear=0
shrinkage=0.03


Tree=352
num_leaves=15
num_cat=2
split_feature=11 0 11 11 16 16 12 11 3 10 12 16 0 10
split_gain=14412.7 41926.5 79635.2 66606.2 41660.1 40959.6 24815.2 20516.4 56876.4 27321.7 38337.3 51279.6 32499 22097.9
threshold=0.96214500782476298 0 0.9442096572761115 0.9124081244535126 0.052593091820404066 0.067651891954113669 0.95636642102347713 0.97444208477667915 1.0000000180025095e-35 0.97979788898686204 1.0339868807011932 0.060404811388209766 1 0.9857309345025429
decision_type=2 1 2 2 2 2 2 2 2 2 2 2 1 2
left_child=1 2 -1 4 6 -5 -3 8 -2 10 12 -12 -9 -11
right_child=7 3 -4 5 -6 -7 -8 9 -10 13 11 -13 -14 -15
leaf_value=6.5271930749357922e-05 7.2759130361055378e-05 6.8904398376261873e-05 0.0014235928801214833 -0.00011106716508554757 1.905541250541879e-05 -0.00077653762532963291 0.0011188543627743122 0.0019962960192010364 -0.0011465548912148445 -0.0002348911806888675 0.00051796840424664283 -0.00033894341075333594 0.00023170736386223602 2.4308875143167511e-06
leaf_weight=8888525.6724975109 2439004.4907366037 466175.19345593452 1502658.7161521912 2091386.2089924812 5801385.3491516113 1621032.2970275879 867700.42145621777 966561.80719411373 1437603.9771749973 3138949.6399210691 1007265.4754118919 1632576.6123352051 1392215.8162466288 99148016.416692734
leaf_count=7599 1831 1600 1932 2351 3464 835 1455 1123 1682 3034 1611 1029 1593 89007
internal_value=0.000134549 0.000850629 0.0022125 -0.000453931 0.00124171 -0.00371295 0.00602233 -2.26666e-06 -0.00214633 7.52061e-05 0.00224086 -0.000242621 0.00502027 -3.06266e-05
internal_weight=1.32401e+08 2.12389e+07 1.03912e+07 1.08477e+07 7.13526e+06 3.71242e+06 1.33388e+06 1.11162e+08 3.87661e+06 1.07286e+08 4.99862e+06 2.63984e+06 2.35878e+06 1.02287e+08
internal_count=120146 19236 9531 9705 6519 3186 3055 100910 3513 97397 5356 2640 2716 92041
cat_boundaries=0 1 2
cat_threshold=401 34
is_linear=0
shrinkage=0.03


Tree=353
num_leaves=15
num_cat=4
split_feature=11 10 0 11 0 14 13 0 11 0 12 16 14 3
split_gain=18708.6 11853.6 29987.9 18922.8 72654.5 36989.9 48773.5 42044.1 85358.4 21834.3 50868.2 33459.2 30531.5 50483.5
threshold=0.78683299918466465 0.81586805158820941 0 0.96214500782476298 1 0.89750604985756677 0.6877629916028617 2 0.9124081244535126 3 1.0091514731206532 0.081293069914542063 0.90840199936571642 1.5000000000000002
decision_type=2 2 1 2 1 2 2 1 2 1 2 2 2 2
left_child=-1 2 -2 4 -3 6 -6 -7 -9 10 11 -5 13 -12
right_child=1 3 -4 9 5 7 -8 8 -10 -11 12 -13 -14 -15
leaf_value=0.00027147772498173123 0.00032003965700814151 0.0012267397370161076 -0.00030025233116306191 0.0009301922274371527 -5.5945275929547671e-05 4.5896870729821005e-05 0.00056967407443779354 0.00016922880152556697 -0.0011915018159622318 -2.439632772809771e-05 -7.8740754066601934e-05 -5.9014209459546802e-05 7.2724849748471935e-05 -0.0021584094330341476
leaf_weight=2072482.9268641472 1489765.2843893766 1479483.0190628767 3426441.2451671362 3123950.3155441284 1554581.8384594917 6712733.1956276894 1672823.7055794001 1230166.240241766 1568084.0131442547 84519065.915546894 3775095.2742438316 1184354.2841796875 17720461.083758593 766877.3602616787
leaf_count=2386 1892 2455 3532 4418 930 4421 1182 954 1533 66513 4461 811 22738 1681
internal_value=6.4925e-05 1.99193e-05 -0.0014251 7.66119e-05 0.0011071 0.000376242 0.00315143 -0.000565473 -0.00365482 -5.52761e-05 0.000694842 0.00367868 0.000117398 -0.00207704
internal_weight=1.32296e+08 1.30224e+08 4.91621e+06 1.25308e+08 1.42179e+07 1.27384e+07 3.22741e+06 9.51098e+06 2.79825e+06 1.1109e+08 2.65707e+07 4.3083e+06 2.22624e+07 4.54197e+06
internal_count=119907 117521 5424 112097 11475 9020 2112 6908 2487 100622 34109 5229 28880 6142
cat_boundaries=0 1 2 3 4
cat_threshold=388 161 276 98
is_linear=0
shrinkage=0.03


Tree=354
num_leaves=15
num_cat=0
split_feature=16 3 12 9 2 14 10 10 12 14 1 12 16 14
split_gain=19047.9 12199.6 50807.4 47287.4 44431.8 72598.9 23261.6 42167.4 33462.7 21134.6 18742.6 19236.5 18177.9 15838.3
threshold=0.10502982824484795 2.5000000000000004 1.1082288400369311 80.500000000000014 4.5000000000000009 1.7235884199566895 1.0948158151668064 1.0434611972545575 1.0290978962948742 1.0707952848521314 15.500000000000002 1.004046389019269 0.057028742070996251 0.95956924304330815
decision_type=2 2 2 2 2 2 2 2 2 2 2 2 2 2
left_child=1 -1 3 -3 5 -5 7 9 -9 10 13 -12 -11 -6
right_child=-2 2 -4 4 6 -7 -8 8 -10 12 11 -13 -14 -15
leaf_value=2.2450964956472471e-05 -0.00034884483098292528 -0.00058991831286273391 -0.00089696481869046382 -0.0028746121433393893 0.00032625036186550863 0.00079785729756460069 -0.0003199803471431129 0.0012799630691311874 1.783694164354672e-05 0.00019551877029215379 9.0922504033423161e-05 -0.00082144250938264666 0.0027356786181663502 -4.6819680161611908e-05
leaf_weight=117985352.92077661 1205114.1226871014 837097.86861622334 688280.52886199951 833000.28300964832 1229042.8216025829 715999.82954514027 1593009.8219194412 1253636.8391178846 781118.96040225029 353884.12999856472 993378.94680309296 1095004.5502541065 366652.10070800781 2003205.6949753761
leaf_count=98958 905 1322 1132 1239 1612 1466 3095 1907 1150 1612 1251 1400 429 2399
internal_value=0.00012175 0.00015636 -0.000725465 -0.000272835 0.00024043 -0.00447667 0.000996128 0.00164966 0.00538489 0.000391574 -0.000261413 -0.00247655 0.0052134 0.00116981
internal_weight=1.31934e+08 1.30729e+08 1.27433e+07 1.2055e+07 1.12179e+07 1.549e+06 9.66893e+06 8.07592e+06 2.03476e+06 6.04117e+06 5.32063e+06 2.08838e+06 720536 3.23225e+06
internal_count=119877 118972 20014 18882 17560 2705 14855 11760 3057 8703 6662 2651 2041 4011
is_linear=0
shrinkage=0.03


Tree=355
num_leaves=15
num_cat=3
split_feature=10 10 0 10 16 0 9 10 16 14 12 1 0 1
split_gain=10066.1 64837.3 35358.4 35429.8 29274 28900.9 47593.4 69697.8 43515.9 40493.4 34432.6 28508.6 56869.8 44247.6
threshold=0.98774918197535599 0.9857309345025429 0 0.98305682978426401 0.074928723801683 1 84.500000000000014 1.1925834006211711 0.090582173183061984 1.022908267559467 1.0131338228234275 17.500000000000004 2 13.500000000000002
decision_type=2 2 1 2 2 1 2 2 2 2 2 2 1 2
left_child=1 2 4 11 -1 6 -2 8 9 10 -8 13 -13 -4
right_child=5 -3 3 -5 -6 -7 7 -9 -10 -11 -12 12 -14 -15
leaf_value=-0.00010160374922139759 -0.00032347593359549485 0.00044781535319612882 0.00010594649918474639 -0.00044600529076178766 -0.00090443200647480977 -2.5239593149103683e-05 0.00094696599203489393 -0.00032173387345279088 0.0011581164438767251 0.0010635841168586558 -3.8403272237148716e-05 -0.00046482061682233888 0.00041080279912758988 -0.00013585233201527747
leaf_weight=1516313.1640310287 1525184.12964046 1651237.4457907677 11113706.672568917 1629826.4347704649 821247.90155029297 94497000.620646238 1157574.8723635674 1596242.0124331713 842142.27416992188 836104.65353775024 2773258.5958921909 1052051.9905977249 4377019.0545592308 6489331.2066040039
leaf_count=2326 1808 1008 11025 1779 589 82312 1393 1962 448 1668 3522 1924 4103 3997
internal_value=2.85689e-05 0.000526071 0.000173138 0.000507378 -0.00335318 -0.000109513 0.00154195 0.00256103 0.00413504 0.0030244 0.00174919 0.000809857 0.00271038 0.000223704
internal_weight=1.31878e+08 2.86507e+07 2.69995e+07 2.46619e+07 2.33756e+06 1.03228e+08 8.73051e+06 7.20532e+06 5.60908e+06 4.76694e+06 3.93083e+06 2.30321e+07 5.42907e+06 1.7603e+07
internal_count=119864 26751 25743 22828 2915 93113 10801 8993 7031 6583 4915 21049 6027 15022
cat_boundaries=0 1 2 3
cat_threshold=64 64 384
is_linear=0
shrinkage=0.03


Tree=356
num_leaves=15
num_cat=3
split_feature=12 11 12 11 0 0 11 9 9 11 0 9 11 1
split_gain=17529.7 35400.3 82234.7 33823.9 59073.6 54236.1 69777.9 106241 59783.2 58213.9 75391.8 53425.1 48650.2 44650.5
threshold=1.0051336041564809 1.0299326936213087 0.9905120747951105 1.0141369090599361 0 1 1.0297360778716553 86.500000000000014 84.500000000000014 1.0347724860781087 2 85.500000000000014 0.99272723637215787 17.500000000000004
decision_type=2 2 2 2 1 1 2 2 2 2 1 2 2 2
left_child=1 -1 -3 4 11 8 7 -7 13 10 -10 -2 -6 -5
right_child=3 2 -4 5 12 6 -8 -9 9 -11 -12 -13 -14 -15
leaf_value=8.2194450614053862e-05 0.00081915393694995716 5.5865296333150497e-05 -0.00075777928328043251 -2.1709912716167312e-05 -4.6812748243221877e-05 0.00023823325822470222 -3.0300571759346308e-05 -0.001004430167781616 0.00040546875452547408 5.8412873460974145e-05 -0.00020493494247000288 -4.2413731236409059e-05 -0.00085115005605727802 -0.00067019250409935569
leaf_weight=42495109.604380965 1146706.5107102394 3824616.1657780409 2336584.4770382643 5770719.3864626884 4201975.1294915676 1345414.4331585169 22409975.111446261 3101414.450379014 6401994.1582992077 25966383.754674554 1580874.5782011747 4966276.7100656033 4948630.8852491379 1776728.2119235992
leaf_count=35713 1163 3571 2426 4898 3578 1338 22330 2688 4384 25183 1687 4787 4103 2003
internal_value=0.000148676 0.000601417 -0.00152374 -0.000114772 -0.00139162 0.000170352 -0.000880071 -0.00431287 0.00085019 0.00138708 0.00362759 0.000891817 -0.00291704 -0.00156482
internal_weight=1.32273e+08 4.86563e+07 6.1612e+06 8.36171e+07 1.52636e+07 6.83535e+07 2.68568e+07 4.44683e+06 4.14967e+07 3.39493e+07 7.98287e+06 6.11298e+06 9.15061e+06 7.54745e+06
internal_count=119852 41710 5997 78142 13631 64511 26356 4026 38155 31254 6071 5950 7681 6901
cat_boundaries=0 1 2 3
cat_threshold=394 372 84
is_linear=0
shrinkage=0.03


Tree=357
num_leaves=15
num_cat=2
split_feature=11 2 12 16 9 9 0 9 1 9 9 1 2 0
split_gain=17862.9 27624.5 15441.2 13654 47935.2 84193.2 77747.3 63674.7 44745.8 42229.8 51188.5 53335.3 49696.8 42082.1
threshold=0.78683299918466465 2.5000000000000004 0.91874762502524698 0.065311385431554583 66.500000000000014 82.500000000000014 0 77.500000000000014 14.500000000000002 66.500000000000014 74.500000000000014 10.500000000000002 2.5000000000000004 1
decision_type=2 2 2 2 2 2 1 2 2 2 2 2 2 1
left_child=1 -1 -2 9 -5 7 -7 8 -6 12 11 -11 -4 -13
right_child=2 -3 3 4 5 6 -8 -9 -10 10 -12 13 -14 -15
leaf_value=-9.1248427405545165e-05 -0.00040906017435049985 0.00085119401593311442 0.00083395696163072618 -0.00039624513145504952 0.00022721982343057364 5.3118151742280283e-05 -0.00015173144279826651 0.00081610433324827783 -9.5515946875693517e-05 -0.00078803777832817373 4.0696060487209972e-05 0.000257654834596455 -0.00011603017173154603 -0.00046784796545860333
leaf_weight=1005182.0167255402 1648032.9382354021 1117601.0055097342 1390868.9149184227 2259817.8430786133 1993138.3610267639 22811240.881866455 34061588.561022758 1765880.4773917198 2182159.3116493225 766088.41418540478 58458136.759552002 990933.26180577278 1000598.714076519 1060832.2144112587
leaf_count=962 1759 1454 1516 1035 1140 10760 20561 1063 1299 1628 73672 1218 1072 943
internal_value=3.85908e-05 0.00276843 -5.85192e-06 3.10853e-05 -0.00027451 -0.000120073 -0.000475062 0.00327812 0.00125833 0.000343431 0.000190795 -0.00375855 0.0042544 -0.00123655
internal_weight=1.32512e+08 2.12278e+06 1.30389e+08 1.28741e+08 6.50738e+07 6.2814e+07 5.68728e+07 5.94118e+06 4.1753e+06 6.36675e+07 6.1276e+07 2.81785e+06 2.39147e+06 2.05177e+06
internal_count=120082 2416 117666 115907 35858 34823 31321 3502 2439 80049 77461 3789 2588 2161
cat_boundaries=0 1 2
cat_threshold=81 395
is_linear=0
shrinkage=0.03


Tree=358
num_leaves=15
num_cat=4
split_feature=11 11 0 11 1 0 1 0 0 14 16 16 12 11
split_gain=13425.8 36451.8 31297.7 61031.3 22293.8 59228.6 34914.8 57620 57359 37944.9 61522.7 32394.5 29537.6 23870.2
threshold=0.99272723637215787 0.99579473430313603 0 0.9124081244535126 17.500000000000004 1 10.500000000000002 2 3 0.94996696603761654 0.051660970355294954 0.064153281496883749 0.99379942660604637 0.92988574658020606
decision_type=2 2 1 2 2 1 2 1 1 2 2 2 2 2
left_child=2 -2 3 -1 6 -6 7 -4 -8 11 13 -9 -12 -11
right_child=1 -3 4 -5 5 -7 8 9 -10 10 12 -13 -14 -15
leaf_value=7.2940056355302359e-05 -0.00047595757271872325 -9.5620857582206873e-06 0.00073130277799730739 -0.0014366766005640434 -0.00049234651857186465 0.00036275292007372439 0.00045809995387733666 0.00016174445840752276 -0.0001318167332889844 0.00025640232286604686 0.00041048328448823338 -0.00026062427598252182 7.7846536844328743e-05 -0.0011190772592637821
leaf_weight=1123202.1048569679 1935560.8505876064 98454665.129512787 1281719.5488729477 790395.17578327656 1501805.6198282242 5548651.5572376251 2763557.0545349121 1106070.115016222 11192120.004302979 390642.87999105453 2138858.2643127441 1459859.816986084 2011537.7986450195 727231.09014987946
leaf_count=1455 1446 89121 1709 999 2671 5005 2737 2194 6263 1410 1122 667 1111 2178
internal_value=-1.68988e-05 -0.000187537 0.000517831 -0.00320246 0.000754175 0.00223057 0.000303004 0.00174699 -0.000640214 0.000782249 0.00223935 -0.00220941 0.00392186 -0.00400739
internal_weight=1.32426e+08 1.0039e+08 3.20357e+07 1.9136e+06 3.01221e+07 7.05046e+06 2.30716e+07 9.11592e+06 1.39557e+07 7.8342e+06 5.26827e+06 2.56593e+06 4.1504e+06 1.11787e+06
internal_count=120088 90567 29521 2454 27067 7676 19391 10391 9000 8682 5821 2861 2233 3588
cat_boundaries=0 1 2 3 4
cat_threshold=64 384 256 130
is_linear=0
shrinkage=0.03


Tree=359
num_leaves=15
num_cat=2
split_feature=11 2 10 0 2 13 10 13 0 12 12 13 10 10
split_gain=23255.5 28545.3 11687.9 20195.2 23314.7 23410 10624.2 15561 58944.8 12591.4 40912 40344.5 47712.1 59112.3
threshold=0.78683299918466465 2.5000000000000004 0.81586805158820941 0 1.5000000000000002 0.72140080341477619 0.83866519279172203 0.50210851474476836 1 1.0051336041564809 1.0047066218812479 0.91051573864533919 0.90675470765210653 0.97979788898686204
decision_type=2 2 2 1 2 2 2 2 1 2 2 2 2 2
left_child=1 -1 3 -2 -5 -6 -4 8 -8 10 11 -9 -13 -14
right_child=2 -3 6 4 5 -7 7 9 -10 -11 -12 12 13 -15
leaf_value=-5.4898677426250873e-05 -0.0005196174474098018 0.00089219627224130431 0.00012255284759985131 3.0168470847954914e-05 6.0349090219013468e-05 -0.00074841744587351435 -0.00090789980663985841 0.00020961324251162565 -0.0003727259092995267 -2.7237060050628783e-05 0.00030776931213822472 -0.00057645318783582772 0.00063306502333150712 -3.9635046548291144e-05
leaf_weight=1000365.2407119274 1436260.2145349979 1101137.7278009653 2075557.2746493816 1207643.0448309183 1081864.8440304995 1199173.9077669382 708235.86796879768 7397896.8191245794 552942.70418226719 80848883.967624545 2719457.5377596617 1869194.003651619 2041542.6395871639 27091792.311260462
leaf_count=969 2058 1438 1435 981 828 1535 1570 6916 2132 74072 1910 1442 2058 20546
internal_value=-7.80979e-05 0.00305261 -0.000128618 -0.00156218 -0.000329552 -0.00211402 -7.22735e-05 -0.000108124 -0.00342338 -7.38434e-05 0.000353566 0.000101744 -0.000373264 -7.51588e-05
internal_weight=1.32332e+08 2.1015e+06 1.3023e+08 4.92494e+06 3.48868e+06 2.28104e+06 1.25306e+08 1.2323e+08 1.26118e+06 1.21969e+08 4.11199e+07 3.84004e+07 3.10025e+07 2.91333e+07
internal_count=119890 2407 117483 5402 3344 2363 112081 110646 3702 106944 32872 30962 24046 22604
cat_boundaries=0 1 2
cat_threshold=97 274
is_linear=0
shrinkage=0.03


Tree=360
num_leaves=15
num_cat=0
split_feature=16 11 11 16 16 1 2 16 3 12 14 13 2 9
split_gain=22144.5 20405.9 26434 12209.2 45092.6 41836.9 45388.7 40054.2 36545.2 31469.9 30700 29752.4 21572 43459.1
threshold=0.093489802824248333 1.0186267927115271 1.0497631304646522 0.076430906454491812 0.080905883085398492 8.5000000000000018 1.5000000000000002 0.074048259002629541 1.0000000180025095e-35 0.99850866959735451 0.94190914796663516 1.0169031107542397 1.5000000000000002 71.500000000000014
decision_type=2 2 2 2 2 2 2 2 2 2 2 2 2 2
left_child=3 -2 -3 7 8 -6 -7 12 -5 -8 -10 -9 13 -1
right_child=1 2 -4 4 5 6 9 11 10 -11 -12 -13 -14 -15
leaf_value=0.00043332930576191534 -0.00021122255539110431 0.00018503363997423948 -0.00020410472107634285 0.00040286615671425452 0.00022315464703588674 0.00014456779220774107 -0.00038391295283108853 -0.00061553688579426234 -0.00027171296223074128 -4.6326472081485939e-05 0.00026920772951699709 1.2006954255443842e-05 5.5160760146395997e-05 -7.8277511091237402e-05
leaf_weight=1329169.8882718086 3815280.0843887329 2212728.6573257446 3424458.2737050056 2954858.4865112305 3536735.1103515625 5544042.0538330078 2956694.5357666016 2069290.194376111 1345207.3675842285 10252322.652692914 3609156.2542247772 1545460.3754668236 57459386.427792549 29976567.793850899
leaf_count=1232 1662 853 2073 1470 1309 2311 1752 1380 962 5831 2762 965 67216 27885
internal_value=0.000119504 -0.0012796 -0.00013288 0.000227394 0.000751053 6.05095e-05 -0.000503925 5.6209e-05 0.00269715 -0.0014601 0.00112228 -0.00303935 0.000182268 -0.000451329
internal_weight=1.32031e+08 9.45247e+06 5.63719e+06 1.22579e+08 3.0199e+07 2.22898e+07 1.87531e+07 9.23799e+07 7.90922e+06 1.3209e+07 4.95436e+06 3.61475e+06 8.87651e+07 3.13057e+07
internal_count=119663 4588 2926 115075 16397 11203 9894 98678 5194 7583 3724 2345 96333 29117
is_linear=0
shrinkage=0.03


Tree=361
num_leaves=15
num_cat=3
split_feature=5 12 0 1 1 16 14 10 12 13 0 16 14 0
split_gain=12156.4 20107.4 39897.2 65551.3 41544.4 35237.2 45760.6 32584.5 32281.1 49128.3 36572.5 25264.7 45743 30843.6
threshold=1.0000000180025095e-35 0.9905120747951105 0 17.500000000000004 11.500000000000002 0.054281178458792413 1.0101747940800341 0.81095062694523767 0.99523338337776046 0.92014857035436626 1 0.077091155074881179 0.85383693405725902 2
decision_type=2 2 1 2 2 2 2 2 2 2 1 2 2 1
left_child=1 2 3 7 -4 -6 -7 -1 9 -3 -11 13 -13 -10
right_child=-2 8 4 -5 5 6 -8 -9 11 10 -12 12 -14 -15
leaf_value=-0.00030301002648699493 -0.00034636762750056424 0.00017511917541161983 0.00016283586027118923 0.00068824934054551859 0.00021457621466712551 -9.349158677871381e-05 -0.00072073690208435235 0.00014404921024798625 -7.367668273615074e-05 -0.007489278146962563 -0.00021706484393016836 0.00035372199628424936 3.0701491404716726e-05 4.1337967747817768e-05
leaf_weight=1393300.6674433947 2066036.7137339115 1148821.1282877922 5734593.8768159151 2002311.2975492477 2217026.6689696312 5949744.526550293 1788813.3666992188 5325454.9182057381 26948357.87359643 1168544.2095052004 1582878.2661318779 2892397.5442314148 27240501.759535909 44976905.709218264
leaf_count=1822 1530 1006 6159 2420 3118 3392 1203 4219 25597 813 1575 1599 14247 51282
internal_value=0.000152772 0.000188954 0.000965173 0.00259194 6.09631e-05 -0.00111064 -0.00206595 0.00117208 1.01252e-05 -0.00266846 -0.00484411 0.00011249 0.000841737 -0.000193027
internal_weight=1.32436e+08 1.3037e+08 2.44112e+07 8.72107e+06 1.56902e+07 9.95558e+06 7.73856e+06 6.71876e+06 1.05958e+08 3.90024e+06 2.75142e+06 1.02058e+08 3.01329e+07 7.19253e+07
internal_count=119982 118452 22333 8461 13872 7713 4595 6041 96119 3394 2388 92725 15846 76879
cat_boundaries=0 1 2 3
cat_threshold=209 88 145
is_linear=0
shrinkage=0.03


Tree=362
num_leaves=15
num_cat=2
split_feature=11 2 12 11 2 0 2 11 14 0 16 2 14 3
split_gain=11874.4 32299.4 11928.3 10783.4 39006.6 24313.7 38622.1 22096.5 17238.7 42793.1 29776.6 20295.4 23607.1 17196.1
threshold=0.78683299918466465 2.5000000000000004 0.91874762502524698 0.90644793995258399 4.5000000000000009 0 1.5000000000000002 0.92084674428756708 1.1408790155553841 1 0.070374416810937979 4.5000000000000009 1.2635179670009087 2.5000000000000004
decision_type=2 2 2 2 2 1 2 2 2 1 2 2 2 2
left_child=1 -1 -2 4 5 -4 -7 -5 13 11 -11 12 -10 -9
right_child=2 -3 3 7 -6 6 -8 8 9 10 -12 -13 -14 -15
leaf_value=-0.0001726625450405402 -0.00027615318006590946 0.00088784977539585247 -0.00025013470084451177 -0.00037932246021491991 0.00084235989041437146 0.00030342912916515668 -0.00010037471034003389 8.0464837541638806e-06 -0.00062412411324033669 -0.0075970280590315388 -0.0010508285770804632 0.0035025493232940796 0.0019717387814092305 -0.00012578580647133121
leaf_weight=966432.48488819599 1681079.2691476345 1081988.1022231579 1423915.2890782356 1319442.3022600412 1378116.4327223301 1899804.9800097942 2731015.1840398312 106966384.01500535 386445.37030279636 1379144.7595690489 661403.70106673241 528473.20411026478 384883.87956988811 9627722.7491875887
leaf_count=948 1784 1438 1266 1284 1841 1361 1994 84038 758 5884 793 1316 1519 13756
internal_value=6.86212e-05 0.002335 3.30104e-05 6.58088e-05 0.00117499 0.000138159 0.00119233 -2.18397e-06 4.02935e-05 0.00216522 -0.000544843 0.00641967 0.00331678 -2.05843e-05
internal_weight=1.32416e+08 2.04842e+06 1.30368e+08 1.28687e+08 7.43285e+06 6.05474e+06 4.63082e+06 1.21254e+08 1.19934e+08 3.34035e+06 2.04055e+06 1.2998e+06 771329 1.16594e+08
internal_count=119980 2386 117594 115810 6462 4621 3355 109348 108064 10270 6677 3593 2277 97794
cat_boundaries=0 1 2
cat_threshold=49 52
is_linear=0
shrinkage=0.03


Tree=363
num_leaves=15
num_cat=4
split_feature=14 0 16 1 1 2 1 11 2 0 16 0 0 1
split_gain=15186.3 49732.6 47424.5 31257.5 26248.6 17979.4 12742.9 11423.5 44209 38409.1 23461.7 30172.2 21360.4 15169.7
threshold=1.1408790155553841 0 0.066087745737715795 10.500000000000002 8.5000000000000018 3.5000000000000004 7.5000000000000009 0.9124081244535126 4.5000000000000009 1 0.052174601620179527 2 3 21.500000000000004
decision_type=2 1 2 2 2 2 2 2 2 1 2 1 1 2
left_child=7 3 6 4 -2 -5 -3 8 10 -10 11 -1 -12 -9
right_child=1 2 -4 5 -6 -7 -8 13 9 -11 12 -13 -14 -15
leaf_value=0.0010251183455971989 0.0010914053764735721 0.0019825010593191158 -0.0015123051927489002 0.00067830238052141298 -0.0033535758331914882 0.002034608743642113 7.2587316251632549e-05 8.1471800616955836e-06 0.0012363920619682231 0.00028445105553125534 6.3900596748279624e-05 -0.00014316028466601657 -0.0001680601814353379 -0.00041526526546133022
leaf_weight=737158.73889029026 294500.85666418076 180720.28294932842 640241.20932245255 756550.2289249897 191907.89552307129 793760.55483555794 840975.20231020451 115039090.26191437 857089.62200152874 1205347.2847164869 4381550.906829834 617713.19841313362 3273366.1810913086 2312567.3470191956
leaf_count=1109 2358 3424 881 1258 305 1209 2256 89986 871 1826 2537 1455 1549 8768
internal_value=0.000194713 0.00208993 -0.00176111 0.00523232 -0.00140266 0.00731407 0.00225056 0.00014013 0.00106127 0.00502337 0.000154299 0.00379316 -0.000489756 5.32195e-05
internal_weight=1.32123e+08 3.69866e+06 1.66194e+06 2.03672e+06 486409 1.55031e+06 1.0217e+06 1.28424e+08 1.10722e+07 2.06244e+06 9.00979e+06 1.35487e+06 7.65492e+06 1.17352e+08
internal_count=119792 11691 6561 5130 2663 2467 5680 108101 9347 2697 6650 2564 4086 98754
cat_boundaries=0 1 2 3 4
cat_threshold=54 148 76 454
is_linear=0
shrinkage=0.03


Tree=364
num_leaves=15
num_cat=3
split_feature=11 0 12 13 0 13 11 10 2 12 12 0 11 13
split_gain=14667.2 28702.2 30865.5 28127.2 52798.9 35806.1 27487.9 26062.8 29176.8 70770.1 65430.7 44218 26360.2 26159.1
threshold=0.99272723637215787 0 0.91874762502524698 1.1528725357792051 1 1.0314632451524928 0.99579473430313603 0.83817355033030538 3.5000000000000004 0.97676308171397053 0.9608647852025366 2 0.83022427849027636 0.74034941993548342
decision_type=2 1 2 2 1 2 2 2 2 2 2 1 2 2
left_child=1 2 -1 5 -5 7 -2 12 10 -10 -9 -11 -3 -14
right_child=6 3 -4 4 -6 -7 -8 8 9 11 -12 -13 13 -15
leaf_value=3.1844444555017278e-05 -0.00046101606746970736 0.00025296365773694524 -0.0010093520053005281 0.0018378455448669418 9.0860619824791516e-05 -0.00017770201178012886 -2.913339328246784e-06 -0.00022850773542439141 0.00042353510928308969 -0.00037497968335809348 0.00028487407735466018 0.00035021058359884655 4.0873642241660854e-05 -0.00033119307022303678
leaf_weight=1032430.354300499 1941272.6285723448 2141282.8287876844 890130.61153101921 627375.92317974567 1151313.1277270317 5768163.5554492474 98022461.517367482 1482812.6526191235 1457051.9416824579 2947947.3311306238 8760292.7098642588 1255915.7239916325 1891133.0668417215 2471998.7021331787
leaf_count=1315 1442 2225 1149 1090 2541 4965 88983 1159 1377 1973 5854 1919 1622 2206
internal_value=8.55175e-05 0.000645849 -0.00290744 0.000873903 0.00453273 0.000642935 -9.3169e-05 0.00118552 0.00183982 0.000111362 0.00279506 -0.00186341 -0.000414316 -0.00175223
internal_weight=1.31842e+08 3.18778e+07 1.92256e+06 2.99553e+07 1.77869e+06 2.81766e+07 9.99637e+07 2.24084e+07 1.5904e+07 5.66091e+06 1.02431e+07 4.20386e+06 6.50441e+06 4.36313e+06
internal_count=119820 29395 2464 26931 3631 23300 90425 18335 12282 5269 7013 3892 6053 3828
cat_boundaries=0 1 2 3
cat_threshold=64 25 28
is_linear=0
shrinkage=0.03


Tree=365
num_leaves=15
num_cat=3
split_feature=11 2 10 0 2 13 10 0 11 11 10 12 11 0
split_gain=9331.83 28706 10006.9 16837.6 15454.4 24850.3 14083.1 72442.1 40718.9 32196.8 55905.9 66485.2 43240.2 38007.1
threshold=0.78683299918466465 2.5000000000000004 0.81586805158820941 0 1.5000000000000002 0.72140080341477619 0.98774918197535599 1 0.98059644709439753 0.98630601238266269 0.99583216397804264 1.001370405092715 0.99579473430313603 2
decision_type=2 2 2 1 2 2 2 1 2 2 2 2 2 1
left_child=1 -1 3 -2 -5 -6 7 -4 -9 13 11 -11 -12 -8
right_child=2 -3 6 4 5 -7 9 8 -10 10 12 -13 -14 -15
leaf_value=-0.0001635070907142019 -0.00042221385323887116 0.00076598119609605627 -0.00019260388290482676 0.00020138632577796237 0.0001042228443864497 -0.00079521929275254541 0.0010536505692766754 5.7467759968299056e-05 0.00040639897969180103 1.2794824382080185e-05 -0.00071781389939890234 -0.0015795877648417205 3.9243196601513822e-06 6.0563892899481034e-05
leaf_weight=1012431.7526264191 1440500.6053552628 1101992.5358681679 7841976.2011326551 1227432.7866052389 1052113.4459162951 1212393.0146094561 1366945.932610631 9132088.6295901537 4780609.8005479574 1684773.9864791632 1707231.8751862049 1609944.6569567919 91010086.320890665 6094530.2539542913
leaf_count=984 2085 1433 7864 981 825 1543 2124 6543 4513 1300 1421 1437 82319 4455
internal_value=9.35911e-05 0.0020706 6.14751e-05 -0.00126394 -0.000138152 -0.00160751 0.00011368 0.000807516 0.00210723 -3.21948e-05 -0.000179719 -0.00401996 -4.32553e-05 0.0018661
internal_weight=1.32275e+08 2.11442e+06 1.30161e+08 4.93244e+06 3.49194e+06 2.26451e+06 1.25228e+08 2.17547e+07 1.39127e+07 1.03474e+08 9.6012e+07 3.29472e+06 9.27173e+07 7.46148e+06
internal_count=119827 2417 117410 5434 3349 2368 111976 18920 11056 93056 86477 2737 83740 6579
cat_boundaries=0 1 2 3
cat_threshold=97 196 226
is_linear=0
shrinkage=0.03


Tree=366
num_leaves=15
num_cat=3
split_feature=11 2 10 0 11 13 12 0 12 11 11 10 0 16
split_gain=13091.8 29679.7 12099 21077.3 21985.5 29050.1 17480.1 54896 63306.8 60796.9 52354.8 40888.8 55134.5 35292.9
threshold=0.78683299918466465 2.5000000000000004 0.83817355033030538 0 0.86737031308685941 0.75594892320878915 1.0097365641906493 1 1.0022632125571322 1.0292425370146423 0.96214500782476298 0.98873969880633472 2 0.06641745348188037
decision_type=2 2 2 1 2 2 2 1 2 2 2 2 1 2
left_child=1 -1 3 -2 -5 -6 7 8 11 -10 -9 -4 -13 -14
right_child=2 -3 6 4 5 -7 -8 10 9 -11 -12 12 13 -15
leaf_value=-0.00013251226135824168 -0.00045345127133091862 0.00080465243348952812 -0.00033796653284940971 0.00031161383938048816 0.0001597185515468537 -0.00037282530580973005 -1.2043169917909954e-05 0.00013035866259458262 0.00094723797454664138 -8.7513955658006574e-05 -5.6223315827624727e-05 0.00098776463630227381 0.00020450346916595858 -0.00017049495404263784
leaf_weight=1011281.3397260904 1452995.4960415363 1122808.8251180649 2259463.0721280575 1402978.6882439852 1353054.741653204 2225079.589869976 70612360.56789887 7827091.0850321054 4268831.0380922556 1492224.2131556273 27771731.232450128 1960522.4390420914 3864753.3471788168 3534997.4701538086
leaf_count=972 2072 1449 3172 1440 980 1913 68485 5419 4134 1314 19103 3807 3934 1573
internal_value=0.000155476 0.00248614 0.000117223 -0.0011511 -0.000223727 -0.00147175 0.000183251 0.000595144 0.00197718 0.00454852 -7.96231e-05 0.000702318 0.00157666 0.000391529
internal_weight=1.3216e+08 2.13409e+06 1.30026e+08 6.43411e+06 4.98111e+06 3.57813e+06 1.23592e+08 5.29796e+07 1.73808e+07 5.76106e+06 3.55988e+07 1.16197e+07 9.36027e+06 7.39975e+06
internal_count=119767 2421 117346 6405 4333 2893 110941 42456 17934 5448 24522 12486 9314 5507
cat_boundaries=0 1 2 3
cat_threshold=97 234 224
is_linear=0
shrinkage=0.03


Tree=367
num_leaves=15
num_cat=3
split_feature=13 0 16 16 16 16 16 3 2 0 12 0 13 13
split_gain=13826.9 76347.5 34425.4 11285.9 33192.3 16311.3 61502 42978.9 30169.7 54800.1 44273.4 43569.2 29994.9 22331.3
threshold=1.5827002510397203 0 0.050626979030067097 0.10502982824484795 0.099461805862942745 0.080905883085398492 0.077091155074881179 1.0000000180025095e-35 1.5000000000000002 1 0.99549366363837055 2 0.98028767570091735 0.9603421201706317
decision_type=2 1 2 2 2 2 2 2 2 1 2 1 2 2
left_child=3 -2 -3 4 5 6 -1 -8 11 -10 -11 -7 -12 -9
right_child=1 2 -4 -5 -6 8 7 13 9 10 12 -13 -14 -15
leaf_value=-0.00035968022369890312 -0.01647216202870716 0.0023469748036260021 -0.0010292994524437405 -0.0002681533091337211 0.0003303320840201859 0.00018241795760389617 0.00040832333819919406 -0.00014743738784651068 0.00010743364923851036 -0.0003826851138225007 2.4139137573582602e-05 -0.00012696666898157327 -0.00017082290754837369 0.00024481304534440198
leaf_weight=91940215.772843242 293858.94603478909 264842.70899498463 602014.31986904144 1180922.5568180084 2366174.3883361816 6012065.216796875 2912810.9651489258 1553063.2232494354 6517357.4632263184 3018803.1670532227 3527116.5642648935 3447595.8207397461 5727205.7732486725 2644458.1395568848
leaf_count=94864 1292 2599 707 891 1389 2041 1437 1259 5486 1132 1222 1628 1880 1837
internal_value=0.000160081 0.00341997 -0.00105983 0.000131164 0.000157753 9.23143e-05 0.00027367 0.00296177 -0.000543556 -0.00123917 -0.00241976 0.000838188 -0.00139065 0.00101881
internal_weight=1.32009e+08 1.16072e+06 866857 1.30848e+08 1.29667e+08 1.27301e+08 9.90505e+07 7.11033e+06 2.82501e+07 1.87905e+07 1.22731e+07 9.45966e+06 9.25432e+06 4.19752e+06
internal_count=119664 4598 3306 115066 114175 112786 99397 4533 13389 9720 4234 3669 3102 3096
cat_boundaries=0 1 2 3
cat_threshold=48 227 341
is_linear=0
shrinkage=0.03


Tree=368
num_leaves=15
num_cat=0
split_feature=11 11 12 12 10 11 10 11 11 16 12 3 11 12
split_gain=13923.8 43011.5 61735.7 94430.1 46432.4 38454.8 46880.7 35139.4 43144.7 45331.5 45182.6 38044 46053.2 33912.1
threshold=1.0240597352309715 1.0344887901146891 1.001370405092715 1.0065793869439743 1.0239702552515217 1.0308370703839311 1.0379730489952987 1.0497631304646522 1.0559171684260189 0.073303067967267058 1.02768276543342 1.5000000000000002 1.0427239847918768 1.0411366704732052
decision_type=2 2 2 2 2 2 2 2 2 2 2 2 2 2
left_child=-1 2 -2 -4 -5 6 -6 11 9 -9 -10 12 -3 -12
right_child=1 7 3 4 5 -7 -8 8 10 -11 13 -13 -14 -15
leaf_value=5.185160807064111e-05 -0.00079898185230079877 -5.1812003445379159e-05 0.00056656077064267784 0.0002772560139237044 -0.0010019141282454019 2.5471973946267271e-05 -0.00026100308459676871 -8.8099169390571188e-05 0.000310135990301287 -0.00066451899273538696 -0.00017183001572155751 0.00059862703190278923 0.00028767549439677643 2.4616185166070349e-05
leaf_weight=66144605.320702314 1505578.8305251598 5782307.8153953552 1937229.6984316111 1384048.7626423836 2029584.3093036413 1585492.7912851572 2891458.8267389536 2458438.8579242229 6442285.6227763891 1243402.483581543 7049569.7248929739 1925269.8309147358 3380336.1635211706 26429435.155867219
leaf_count=55599 1216 3927 1732 1180 1706 1409 2269 2563 8703 662 6072 2611 2494 27669
internal_value=0.000246072 -6.20555e-05 -0.00174416 -0.000877532 -0.00233461 -0.00339601 -0.00470512 0.000286393 -9.69148e-05 -0.00319519 0.000190384 0.00179444 0.000988919 -0.000252346
internal_weight=1.32189e+08 6.60444e+07 1.13334e+07 9.82781e+06 7.89058e+06 6.50654e+06 4.92104e+06 5.4711e+07 4.36231e+07 3.70184e+06 3.99213e+07 1.10879e+07 9.16264e+06 3.3479e+07
internal_count=119812 64213 9512 8296 6564 5384 3975 54701 45669 3225 42444 9032 6421 33741
is_linear=0
shrinkage=0.03


Tree=369
num_leaves=15
num_cat=2
split_feature=14 16 10 2 10 2 16 9 16 0 0 12 12 12
split_gain=9878.9 42514.7 24354.3 9826.9 31638 30355.2 71756.6 69982.6 69298.7 66521.3 52805.5 34692.5 50359.8 50290.8
threshold=0.63766516999298961 0.065593677765146144 1.3953303454829544 2.5000000000000004 1.1289514811175707 1.5000000000000002 0.071353482513974276 71.500000000000014 0.058752574683033888 0 1 1.0048876901737636 0.95319693640010461 1.0174118085830168
decision_type=2 2 2 2 2 2 2 2 2 1 1 2 2 2
left_child=1 2 -1 4 5 6 7 -2 -7 -8 -10 12 -9 -13
right_child=3 -3 -4 -5 -6 8 9 11 10 -11 -12 13 -14 -15
leaf_value=-0.00030240740033868476 0.0004443493219481555 -0.0004700000582155334 -0.072725485390719921 5.0514089423318317e-05 0.00017188403408643492 9.1001027453998715e-05 0.00021668945115768947 -0.00049567327929911776 -0.00030924335413061546 -0.00013172637876642708 -0.00015121841322422472 -0.00053681386033039387 8.0961812107272e-05 -6.7055538231945125e-05
leaf_weight=301360.23784816265 1322706.3070816994 926090.04493951797 285848.53268373013 64610638.533794999 9569237.3505475521 7063107.4431530237 9471915.6224365234 1575404.053508997 2733199.6408691406 3232349.2191162109 9124198.4834594727 5152714.9951280355 8554111.4926046133 8400647.416585207
leaf_count=1819 1200 533 272 66381 9206 8197 3012 1857 660 2299 5096 4402 7067 7991
internal_value=0.000188778 -0.00222121 0.00409357 0.000216658 -4.02232e-05 -0.000309819 0.000182167 -0.000750616 -0.00129038 0.00201815 -0.00269165 -0.00112569 0.000202475 -0.00211833
internal_weight=1.32324e+08 1.5133e+06 587209 1.3081e+08 6.61996e+07 5.66304e+07 3.77098e+07 2.50056e+07 1.89205e+07 1.27043e+07 1.18574e+07 2.36829e+07 1.01295e+07 1.35534e+07
internal_count=119992 2624 2091 117368 50987 41781 27828 22517 13953 5311 5756 21317 8924 12393
cat_boundaries=0 1 2
cat_threshold=285 16
is_linear=0
shrinkage=0.03


Tree=370
num_leaves=15
num_cat=2
split_feature=3 12 9 2 14 4 12 11 11 0 16 0 12 12
split_gain=10368.2 42546.4 47074.2 38818.5 54606.1 22366.9 23674.4 33377.2 24444.2 41686.1 29702.3 22075.7 21010.5 18263.2
threshold=2.5000000000000004 1.1082288400369311 80.500000000000014 4.5000000000000009 1.7235884199566895 1.0000000180025095e-35 0.97676308171397053 1.0086132715351341 1.0766544007495955 0 0.063010046016815091 1 1.004046389019269 1.1153931218449846
decision_type=2 2 2 2 2 2 2 2 2 1 2 1 2 2
left_child=13 2 -2 4 -4 6 -5 12 10 -10 11 -9 -8 -1
right_child=1 -3 3 5 -6 -7 7 8 9 -11 -12 -13 -14 -15
leaf_value=1.1917418024973123e-05 -0.00057484309948175932 -0.00085516190006755175 -0.002605808761197028 0.00053878723883546051 0.00050240011981868564 0.00081967492164646688 -8.2798030991237858e-05 -0.00052974276759551204 0.00063479646400958767 -0.00067959008926386094 0.00053521990888215777 0.00029405893321146788 -0.0010231786820370011 0.0002656099221848731
leaf_weight=112757760.84534597 832698.26187431812 693245.5410670042 836281.59232985973 1330430.221143961 727408.67041659355 867033.25326526165 1382193.0394786596 395779.27248477936 573288.13644528389 903705.38480556011 2158978.6974778175 751884.95002508163 1211638.547542572 6767236.0215364695
leaf_count=93729 1333 1145 1232 2121 1482 1313 1986 637 1245 1563 1878 2263 1718 6286
internal_value=0.000177456 -0.000638766 -0.000220329 0.000294035 -0.00408842 0.00100974 0.000552209 -0.000112063 0.00137382 -0.00183492 0.00280708 -0.00109269 -0.00285238 0.000263941
internal_weight=1.3219e+08 1.26646e+07 1.19713e+07 1.11386e+07 1.56369e+06 9.57493e+06 8.7079e+06 7.37747e+06 4.78364e+06 1.47699e+06 3.30664e+06 1.14766e+06 2.59383e+06 1.19525e+08
internal_count=119931 19916 18771 17438 2714 14724 13411 11290 7586 2808 4778 2900 3704 100015
cat_boundaries=0 1 2
cat_threshold=104 144
is_linear=0
shrinkage=0.03


Tree=371
num_leaves=15
num_cat=3
split_feature=11 2 14 0 1 3 1 11 0 1 10 10 0 9
split_gain=12512.4 17415.1 10164.1 44911.7 50651.3 28957.1 47881.1 10468.4 10452.1 8042.84 7089.72 59390.7 49192.8 33446
threshold=0.78683299918466465 2.5000000000000004 1.1408790155553841 0 11.500000000000002 1.5000000000000002 17.500000000000004 1.0299326936213087 1 12.500000000000002 0.98774918197535599 0.9857309345025429 2 89.500000000000014
decision_type=2 2 2 1 2 2 2 2 1 2 2 2 1 2
left_child=1 -1 10 4 7 9 8 -4 -7 -5 11 12 13 -2
right_child=2 -3 3 5 -6 6 -8 -9 -10 -11 -12 -13 -14 -15
leaf_value=-7.9323257198121808e-05 0.00020329907520432686 0.0006405636275484864 -0.0019645338021868409 0.0011399926320854559 0.0026386012111048358 -0.00086803975178362095 0.0015668192191335246 0.0005117057065027968 -0.0021062551407157576 0.0003217106447605722 -4.0447254795519455e-06 0.00023529683633350307 7.9163039087633345e-05 -0.00032426556435185633
leaf_weight=997516.40148139 1717337.0740561485 1116099.2003955841 205193.59811520576 308093.36481130123 922575.36805152893 489962.76432299614 380099.57555294037 220044.38616716862 573488.10140430927 554101.97175598145 101347591.44023585 1658461.4876029491 15390169.727042794 6441581.2941879034
leaf_count=974 1297 1473 1002 2487 1735 1207 1191 1116 1695 993 85350 969 12047 6493
internal_value=0.000153895 0.00244361 0.000116727 0.0016767 0.00602712 -0.000866337 -0.00346459 -0.002539 -0.00673104 0.00348383 7.16918e-05 0.000521925 0.000135486 -0.00174769
internal_weight=1.32322e+08 2.11362e+06 1.30209e+08 3.65356e+06 1.34781e+06 2.30575e+06 1.44355e+06 425238 1.06345e+06 862195 1.26555e+08 2.52075e+07 2.35491e+07 8.15892e+06
internal_count=120029 2447 117582 11426 3853 7573 4093 2118 2902 3480 106156 20806 19837 7790
cat_boundaries=0 1 2 3
cat_threshold=52 131 196
is_linear=0
shrinkage=0.03


Tree=372
num_leaves=15
num_cat=0
split_feature=14 12 1 12 1 4 1 9 13 11 13 1 1 11
split_gain=14092.8 37766.8 32067.4 33150.6 26596.3 14432.9 13935.1 41851.4 21312.8 16117.6 13534.6 27491.8 17639.3 28406.3
threshold=1.1408790155553841 0.96791693131387035 12.500000000000002 1.02768276543342 7.5000000000000009 1.0000000180025095e-35 6.5000000000000009 78.500000000000014 0.9641589666228475 1.0526983633288749 1.0528337296312513 14.500000000000002 21.500000000000004 0.99469405307571501
decision_type=2 2 2 2 2 2 2 2 2 2 2 2 2 2
left_child=6 -2 4 -4 5 -3 7 -1 9 -9 12 -12 -8 -14
right_child=1 2 3 -5 -6 -7 10 8 -10 -11 11 -13 13 -15
leaf_value=-0.00091395582064608704 -0.0038540903800785703 0.00099912483845891503 0.0021998861417131675 2.2262988036757192e-05 -0.00069602490077062655 0.0058437755622699804 4.3019857261112035e-05 -0.00011499598383293609 0.00010756632790054822 -0.00093624844137250418 5.5923976221822882e-05 -0.00014128490021519751 0.00099398033955376422 -0.00071602993350869046
leaf_weight=485260.84403884411 539653.92673444748 246622.37913298607 1152066.2818498611 735755.9845508337 912524.71410143375 74988.264008641243 92978322.966168165 922655.59025382996 2617185.8436881304 475883.29538750648 15195699.520827293 13858477.367263556 398794.09547948837 1368742.8421149254
leaf_count=1805 1581 4399 2397 1540 1344 509 59581 4938 8294 2954 11020 13161 1527 5113
internal_value=0.000290234 0.00212539 0.00339212 0.00585045 -0.000368317 0.00705002 0.00023786 -0.00140185 -0.000396244 -0.00338603 0.000297475 -0.000268972 0.000471179 -0.00249767
internal_weight=1.31963e+08 3.66161e+06 3.12196e+06 1.88782e+06 1.23414e+06 321611 1.28301e+08 4.50099e+06 4.01572e+06 1.39854e+06 1.238e+08 2.90542e+07 9.47459e+07 1.76754e+06
internal_count=120163 11770 10189 3937 6252 4908 108393 17991 16186 7892 90402 24181 66221 6640
is_linear=0
shrinkage=0.03


Tree=373
num_leaves=15
num_cat=3
split_feature=16 16 0 14 12 12 0 12 16 10 13 12 0 12
split_gain=12714.5 35776.2 46879.5 25384.1 28011.9 24715.3 93494.2 19197.9 27450.1 24086.1 32624.2 23274.2 20374.9 34094.6
threshold=0.080905883085398492 0.07808210564581948 0 0.84595081917188897 0.98124154101434635 1.0541899075023504 1 1.080090879916801 0.065081415764580611 1.1670761313345819 1.2878181503467476 1.0408053950521179 2 1.0116324710920543
decision_type=2 2 1 2 2 2 1 2 2 2 2 2 1 2
left_child=1 7 -3 -2 -5 -6 -7 9 -9 10 12 -11 -1 -14
right_child=3 2 -4 4 5 6 -8 8 -10 11 -12 -13 13 -15
leaf_value=-6.5021448987296113e-05 0.00015955625297161576 0.00046625476775342939 7.9879144233673316e-05 -0.00018250715028404841 1.1324223507501293e-05 0.00020177228530507543 -0.0005507610442610681 0.00029472394674249689 -0.00010135823093408831 4.278679266692308e-05 0.0011057335207103347 -0.00057078493255980527 7.9995784196636781e-05 -4.3601354726940067e-05
leaf_weight=27983801.468063235 3636850.9111223221 2147802.727355957 3808000.1822834015 2891746.0587463379 20250733.292956352 2928680.4927353859 2221691.7691040039 7143885.2183907032 2899588.5625209808 1302161.5785911083 1689224.8290066719 1613251.9721992016 28425796.411023736 23204930.366418719
leaf_count=27553 1830 1159 2559 1414 9704 2157 772 9761 1912 1910 6741 3049 24993 24105
internal_value=0.000185476 0.000351574 0.00260656 -0.000335858 -0.000639127 -0.000320628 -0.0021762 0.000209097 0.00144887 6.12491e-05 0.00015732 -0.00261794 6.9785e-05 0.000423108
internal_weight=1.32148e+08 1.00218e+08 5.9558e+06 3.19297e+07 2.82929e+07 2.54011e+07 5.15037e+06 9.42626e+07 1.00435e+07 8.42192e+07 8.13038e+07 2.91541e+06 7.96145e+07 5.16307e+07
internal_count=119619 103742 3718 15877 14047 12633 2929 100024 11673 88351 83392 4959 76651 49098
cat_boundaries=0 1 2 3
cat_threshold=49 482 261
is_linear=0
shrinkage=0.03


Tree=374
num_leaves=15
num_cat=3
split_feature=16 16 16 11 11 0 9 12 0 0 12 11 3 16
split_gain=14408.6 28707 21536.2 13570 32159.3 84973.5 35156.6 35628.1 60919 50970.5 86281.2 123406 37993.2 33706.7
threshold=0.10502982824484795 0.099461805862942745 0.093489802824248333 1.0069201742998883 1.0141369090599361 0 63.500000000000007 1.0020316595648078 1 2 1.0166521525691514 1.0346667605123312 1.5000000000000002 0.067651891954113669
decision_type=2 2 2 2 2 1 2 2 1 1 2 2 2 2
left_child=1 2 3 -1 5 -5 -6 8 -8 10 -9 -12 -13 -10
right_child=-2 -3 -4 4 6 -7 7 9 13 -11 11 12 -14 -15
leaf_value=7.0265993938644069e-05 -0.0002644716775870126 0.00033567388457908639 -8.2128200995300519e-05 -0.00096376064461123302 -0.00059358308059622334 6.5200202583057384e-05 0.00068997690553473131 0.00035979660876208887 -6.4980356677596249e-05 8.4381433541302404e-05 -0.003619869877930634 -0.00026915956638660232 0.00046138265644382663 -0.00045764851452176672
leaf_weight=41103094.870866656 1233345.2809972763 2405973.3888397217 5956540.2162923813 2720722.2904402018 1173073.7058806419 4115707.820323348 1394171.2465879917 2380612.9863654375 4450597.8729028702 53618653.323384762 1216902.7607337236 6020821.446526885 1410191.1921995878 3112005.0852355957
leaf_count=37833 915 1417 2294 2212 985 3174 2184 1895 4454 52011 920 5649 2307 1589
internal_value=0.000275843 0.000306211 0.000245502 0.00033101 0.00010713 -0.0018624 0.000287193 0.000369314 -0.00140392 0.000614993 -0.0012424 -0.00263463 -0.0011844 -0.00246621
internal_weight=1.32312e+08 1.31079e+08 1.28673e+08 1.22717e+08 8.16135e+07 6.83643e+06 7.4777e+07 7.3604e+07 8.95677e+06 6.46472e+07 1.10285e+07 8.64792e+06 7.43101e+06 7.5626e+06
internal_count=119839 118924 117507 115213 77380 5386 71994 71009 8227 62782 10771 8876 7956 6043
cat_boundaries=0 1 2 3
cat_threshold=37 448 136
is_linear=0
shrinkage=0.03


Tree=375
num_leaves=15
num_cat=2
split_feature=13 0 16 16 13 16 5 16 12 0 11 2 16 9
split_gain=10842.1 94371.5 35430.7 16048.3 8960.71 26441 19362.3 19765.8 28149.3 51177.9 29284.8 38571.3 32025.4 27889.7
threshold=1.5827002510397203 0 0.051292865818768199 0.038009580956616364 1.0542824193163163 0.088549899781465588 1.0000000180025095e-35 0.077091155074881179 1.0541899075023504 1 1.01747247632864 1.5000000000000002 0.089869429603364012 67.500000000000014
decision_type=2 1 2 2 2 2 2 2 2 1 2 2 2 2
left_child=4 -2 3 -3 6 -6 7 13 10 -10 11 -9 -13 -1
right_child=1 2 -4 -5 5 -7 -8 8 9 -11 -12 12 -14 -15
leaf_value=0.00023908621751756324 0.023450780720077946 0.0031601687319568936 -0.0011677061635907565 -0.00020049590157601396 -3.2421707659042274e-06 -0.00032172251032843048 -0.00035246092954126115 0.00024021219146526607 0.0002556786854210319 -0.0003261659381292556 0.00012860475769508321 4.2020903706805509e-05 -0.00016733838301111669 -8.645188733061683e-06
leaf_weight=2685292.4563069344 301993.56791341305 166092.86765873432 627669.35022640228 102901.51144528389 27852787.676730514 3247704.5086603165 1687179.2815637589 4381002.211730957 3022972.5188020468 2586691.6756591797 10902866.897875905 6186524.2268981934 2956389.7615413666 65550659.616142154
leaf_count=2544 1310 2410 734 197 30135 1788 1106 1737 2103 1187 5374 3379 1306 64654
internal_value=0.000135301 0.00297553 -0.0019097 0.00719967 0.000109324 -0.000335395 0.00024769 0.000302398 0.000943674 -0.000972767 0.00138379 0.000451119 -0.00065792 2.0118e-05
internal_weight=1.32259e+08 1.19866e+06 896664 268994 1.3106e+08 3.11005e+07 9.99596e+07 9.82724e+07 3.00364e+07 5.60966e+06 2.44268e+07 1.35239e+07 9.14291e+06 6.8236e+07
internal_count=119964 4651 3341 2607 115313 31923 83390 82284 15086 3290 11796 6422 4685 67198
cat_boundaries=0 1 2
cat_threshold=48 354
is_linear=0
shrinkage=0.03


Tree=376
num_leaves=15
num_cat=3
split_feature=13 0 16 16 16 16 12 11 1 0 0 16 16 16
split_gain=16316.4 75768.3 26855.9 8797.45 10904.9 12596 7901.33 12826.7 7661.7 67330.5 39153 33712.6 36055.5 32153.7
threshold=1.5827002510397203 0 0.049070504732675803 0.10502982824484795 0.099461805862942745 0.096476869161371062 1.1713962242554434 1.2678794882090096 10.500000000000002 1 2 0.059185428176345513 0.057238211703991994 0.055345523113174512
decision_type=2 1 2 2 2 2 2 2 2 1 1 2 2 2
left_child=3 -2 -3 4 5 6 7 8 9 13 -10 12 -11 -1
right_child=1 2 -4 -5 -6 -7 -8 -9 10 11 -12 -13 -14 -15
leaf_value=-1.0506032856324158e-05 0.022646344392370066 0.0024919983220490424 -0.00086123819006331498 -0.00021190015003992406 0.00022001482818733318 -0.00025054364397316271 -0.00027324646590170734 0.00034437005854791037 0.00024492650916295254 -0.00016287516888238316 -1.6721894428907927e-05 -0.0003657178129622805 0.00076113925977602933 0.00013353885864567593
leaf_weight=8440907.2772785425 299554.87438881397 264476.31936359406 629347.85294270515 1252001.26171422 2339269.4552307129 2789041.1720161438 1625563.6599984169 1179288.9159460068 11852452.105977297 2953050.5961953402 76580726.777378082 4596535.6936950684 781107.14343261719 17121389.902267933
leaf_count=16614 1319 2625 747 928 1383 951 1626 1046 14440 11123 55452 3785 654 7523
internal_value=0.000227762 0.00371983 -0.000656368 0.000196074 0.000220129 0.00018301 0.000227454 0.000254804 0.000224785 0.000608295 7.78008e-05 -0.00173394 0.000383418 0.00137163
internal_weight=1.32705e+08 1.19338e+06 893824 1.31511e+08 1.30259e+08 1.2792e+08 1.25131e+08 1.23505e+08 1.22326e+08 3.3893e+07 8.84332e+07 8.33069e+06 3.73416e+06 2.55623e+07
internal_count=120216 4691 3372 115525 114597 113214 112263 110637 109591 39699 69892 15562 11777 24137
cat_boundaries=0 1 2 3
cat_threshold=48 285 34
is_linear=0
shrinkage=0.03


Tree=377
num_leaves=15
num_cat=2
split_feature=2 11 2 1 16 0 0 1 9 12 11 10 1 12
split_gain=12016.9 40313.2 39309.8 82252.1 65398.5 55555.1 52674.3 50799.2 48080.6 46137.9 51573.8 41032.3 36464.9 47910
threshold=2.5000000000000004 1.1219708317889039 1.5000000000000002 10.500000000000002 0.058752574683033888 0 1 9.5000000000000018 89.500000000000014 1.0237498270125132 1.0212992845148721 0.9817597133097965 16.500000000000004 1.0033879215670958
decision_type=2 2 2 2 2 1 1 2 2 2 2 2 2 2
left_child=1 2 3 6 7 -6 11 -4 -9 10 -10 -1 -5 -14
right_child=-2 -3 4 12 5 -7 -8 8 9 -11 -12 -13 13 -15
leaf_value=0.00054383923894808805 4.0151561135073265e-05 0.00021030826927169008 -0.00058662746001285858 -0.00019889786906592211 -0.00029519676548564786 -0.00019348515677690108 -2.7277647442176599e-05 0.00052935500058164087 -2.8228162329853052e-05 -0.00037681514415180406 0.0007681619617636808 0.00017674026873382552 0.00026357651264160209 -8.1328056496623546e-05
leaf_weight=1385764.6084035635 65735771.7233634 7960726.1660869122 837590.89724195004 13568586.95703125 2739405.1245117188 9450569.8447265625 4977465.8002744913 1183751.7522482872 2427015.7748756409 1543715.1832363605 1270650.1472158432 6428630.455717206 4604016.9671759605 7850898.930129528
leaf_count=1074 67917 7519 3012 8347 661 5333 5688 1087 2119 1370 1127 4765 3459 6302
internal_value=0.000138174 -0.000147036 -0.000420615 0.000131011 -0.00152131 -0.00286397 0.00210075 0.000732235 0.00163812 0.000404813 0.00222345 0.00363717 -0.000837216 0.000334907
internal_weight=1.31965e+08 6.62288e+07 5.82681e+07 3.88154e+07 1.94527e+07 1.219e+07 1.27919e+07 7.26272e+06 6.42513e+06 5.24138e+06 3.69767e+06 7.8144e+06 2.60235e+07 1.24549e+07
internal_count=119780 51863 44344 29635 14709 5994 11527 8715 5703 4616 3246 5839 18108 9761
cat_boundaries=0 1 2
cat_threshold=16 281
is_linear=0
shrinkage=0.03


Tree=378
num_leaves=15
num_cat=3
split_feature=13 3 10 10 11 11 0 11 11 0 0 11 2 12
split_gain=16802.9 32329.3 142514 52651.6 46635.4 31347.3 30556.9 24753.2 45183.5 47747.9 40603.5 46572.4 30742.1 27084.5
threshold=0.91051573864533919 1.5000000000000002 1.1492947894123116 1.258026449946861 1.0028311946027937 0.89451372984939514 0 1.003224464819122 0.88002456839183818 1 2 1.0166516806937385 1.5000000000000002 0.96636452254130412
decision_type=2 2 2 2 2 2 1 2 2 1 1 2 2 2
left_child=1 3 4 7 5 -3 -6 8 13 -10 11 -9 -12 -1
right_child=-2 2 -4 -5 6 -7 -8 10 9 -11 12 -13 -14 -15
leaf_value=0.00011345634927196509 9.0263918817227116e-06 0.00024292589292457356 -0.0025385228699115851 0.0011568778178893519 0.00095768853405979785 -0.00083619968079379323 0.00024642049980142623 -0.0004008145454698172 0.00040786890509557854 -7.637370368699163e-06 -0.00042671466766161428 0.00026570228850119926 4.4951117244043586e-05 -0.00025008115720355793
leaf_weight=2438357.3577336073 103944081.00880849 1319970.3981240988 722634.34117364883 1054213.7780160904 647848.79287171364 1663478.408591032 1200573.212374568 1071021.1150127649 4349806.2695982456 2596250.993160367 2587112.6625196934 4746255.9275388718 2598014.6069097519 1427841.7257759571
leaf_count=2301 88228 1802 1467 858 998 2495 3017 976 2955 2764 2852 5305 3105 794
internal_value=0.00026974 0.000916116 -0.00113685 0.00141475 0.000721507 -0.00159836 0.00446589 0.00109831 0.00211771 0.00356457 9.65168e-05 0.00181711 -0.00183385 -0.000481726
internal_weight=1.32367e+08 2.84234e+07 5.55451e+06 2.28689e+07 4.83187e+06 2.98345e+06 1.84842e+06 2.18147e+07 1.08123e+07 6.94606e+06 1.10024e+07 5.81728e+06 5.18513e+06 3.8662e+06
internal_count=119917 31689 9779 21910 8312 4297 4015 21052 8814 5719 12238 6281 5957 3095
cat_boundaries=0 1 2 3
cat_threshold=152 283 468
is_linear=0
shrinkage=0.03


Tree=379
num_leaves=15
num_cat=0
split_feature=16 2 10 13 11 16 9 16 16 1 14 16 16 9
split_gain=19516.1 24698.6 18306.7 17042.4 33038.7 24627.2 15607.9 49345.3 57528.8 15966.5 112566 75497.7 42946.4 41194.7
threshold=0.093489802824248333 1.5000000000000002 1.0395588043783788 1.2878181503467476 0.96214500782476298 0.061103403121143131 67.500000000000014 0.059414521901604671 0.053186285838874754 8.5000000000000018 0.87434357228284487 0.033731398184704074 0.074928723801683 78.500000000000014
decision_type=2 2 2 2 2 2 2 2 2 2 2 2 2 2
left_child=3 -2 -3 6 -5 -6 7 8 -1 10 11 -8 13 -12
right_child=1 2 -4 4 5 -7 9 -9 -10 -11 12 -13 -14 -15
leaf_value=-5.7083305734913747e-05 2.7532603964253975e-05 -0.00028941629951588927 -7.4302199921444181e-05 0.0030776724962779172 0.00073430718551828738 -0.00036605838630425632 -0.00059537313663900226 -5.7109500532031619e-05 0.0010043016631537047 -1.3292858475045528e-05 -0.00057065413165531933 0.0006506435231039972 0.0002522718091197053 -4.547863552224325e-05
leaf_weight=860728.5964833498 4208526.0278930664 2891812.6925210953 2474334.8608863354 360886.86981344223 1457793.6586806774 1269017.6759905815 460204.11100876331 2704198.4198160172 1061433.6876502037 98637097.797111869 756085.26138496399 1917891.3751273155 2857261.7878417969 10074365.090832591
leaf_count=1652 1788 1370 1478 1347 6365 1374 4185 1497 664 76028 1320 1034 1084 18735
internal_value=4.32039e-05 -0.00126117 -0.00261054 0.000145224 0.00234573 0.00121678 8.82851e-05 0.00179667 0.0054716 1.93799e-05 0.000896398 0.00692094 -0.000150303 -0.00101342
internal_weight=1.31992e+08 9.57467e+06 5.36615e+06 1.22417e+08 3.0877e+06 2.72681e+06 1.19329e+08 4.62636e+06 1.92216e+06 1.14703e+08 1.60658e+07 2.3781e+06 1.36877e+07 1.08305e+07
internal_count=119921 4636 2848 115285 9086 7739 106199 3813 2316 102386 26358 5219 21139 20055
is_linear=0
shrinkage=0.03


Tree=380
num_leaves=15
num_cat=3
split_feature=16 16 0 3 0 1 11 14 1 0 11 16 1 16
split_gain=11017.9 36759.4 34324.5 27584.4 25349 34456.1 25332.2 22717 30021.1 33806.2 37718 24944 23142.3 21763.7
threshold=0.081293069914542063 0.077091155074881179 0 1.5000000000000002 1 8.5000000000000018 1.0166516806937385 0.81770397650469617 8.5000000000000018 2 0.95724998694521646 0.041128545564504647 13.500000000000002 0.096476869161371062
decision_type=2 2 1 2 1 2 2 2 2 1 2 2 2 2
left_child=1 7 3 -3 5 -2 -7 8 11 12 -11 -1 -10 -6
right_child=4 2 -4 -5 13 6 -8 -9 9 10 -12 -13 -14 -15
leaf_value=-0.00059433850305242743 0.00032029573359809943 0.00032814766222379169 3.3695620036404545e-05 0.00010145887467453249 -3.0702175833740307e-05 -0.00038582882933475311 0.00015023952999348693 2.5320485981994469e-05 -0.00031613839986235551 -1.6955154948341819e-05 -0.00070274874321942925 0.00046213005504198052 0.00048669803428389851 -0.00022876815184428765
leaf_weight=267030.16482424736 2929529.3836746216 2360115.9669799805 4204061.5662126541 1632462.4275817871 19454882.932342529 1770177.241651535 3442159.0152513981 86321508.501325965 1012269.6832580566 1321262.577375412 2205959.9107718468 619137.22134923935 1110360.9798259735 3649030.8940429688
leaf_count=3239 1331 1268 2407 1527 8654 1107 2330 90278 944 880 2066 426 1339 2056
internal_value=0.000161723 0.000313957 0.00223979 0.0042319 -0.000330625 0.00110879 -0.000354311 0.000143961 -0.0015613 -0.00236653 -0.00416672 0.0035725 0.000624919 -0.000837878
internal_weight=1.323e+08 1.01054e+08 8.19664e+06 3.99258e+06 3.12458e+07 8.14187e+06 5.21234e+06 9.28575e+07 6.53602e+06 5.64985e+06 3.52722e+06 886167 2.12263e+06 2.31039e+07
internal_count=119852 104374 5202 2795 15478 4768 3437 99172 8894 5229 2946 3665 2283 10710
cat_boundaries=0 1 2 3
cat_threshold=241 321 194
is_linear=0
shrinkage=0.03


Tree=381
num_leaves=15
num_cat=0
split_feature=11 2 16 16 16 1 13 1 16 2 13 12 13 16
split_gain=15782.9 15833.1 13548.5 40967.3 35047.2 33112.5 32547.3 28764.5 28186.1 48817.4 19497.1 22886.1 19254.5 15741.8
threshold=0.78683299918466465 2.5000000000000004 0.081293069914542063 0.076430906454491812 0.074048259002629541 10.500000000000002 1.0169031107542397 16.500000000000004 0.093489802824248333 1.5000000000000002 1.2878181503467476 1.0243764990400916 1.1176149359256635 0.021136276798906038
decision_type=2 2 2 2 2 2 2 2 2 2 2 2 2 2
left_child=1 -1 3 4 10 8 -6 -5 -4 -10 12 -12 13 -2
right_child=2 -3 5 7 6 -7 -8 -9 9 -11 11 -13 -14 -15
leaf_value=-8.87048732584221e-05 -0.00033013396401757554 0.00069913305313753669 0.00023013270586212881 4.8639275154693341e-05 -0.00058286967159184232 -9.9021906337306027e-05 2.7851645280138261e-05 0.00029878375682234915 0.00018039040639518901 -0.0001336860748882693 0.0014125611612036495 -0.00011526112409215071 -0.00015191118293836199 3.1405178175866024e-05
leaf_weight=986237.56182861328 3265643.7989912033 1099600.8156841993 3624017.9133758545 4698747.3016471863 2019343.9113171101 20400893.103695393 1586419.0295958519 3837970.9965839386 3062107.2685546875 3784014.7364578247 1298541.7565852404 954053.63374567032 7917013.3375799656 73923465.73055017
leaf_count=968 21074 1453 1370 3479 1323 11169 978 2021 1159 1510 4998 3137 10777 54638
internal_value=0.000108385 0.00269736 6.6964e-05 0.000237311 5.08301e-05 -0.000482087 -0.00284762 0.0022244 0.000889395 -0.000243098 0.000170465 0.00292527 9.75503e-05 0.000242064
internal_weight=1.32458e+08 2.08584e+06 1.30372e+08 9.95012e+07 9.09645e+07 3.0871e+07 3.60576e+06 8.53672e+06 1.04701e+07 6.84612e+06 8.73587e+07 2.2526e+06 8.51061e+07 7.71891e+07
internal_count=120054 2421 117633 102425 96925 15208 2301 5500 4039 2669 94624 8135 86489 75712
is_linear=0
shrinkage=0.03


Tree=382
num_leaves=15
num_cat=4
split_feature=5 3 10 11 0 10 14 11 10 0 0 10 10 0
split_gain=10642.8 10750 28344 38339.4 65252.4 43885.5 36697 58093.6 45472.1 91173.5 54406.6 29272.9 49764.8 24891
threshold=1.0000000180025095e-35 1.0000000180025095e-35 1.1413265287497878 1.0674559289204744 0 1.0912306131221923 0.77161301694020135 1.1708616494053674 1.1828968528919626 1 2 1.0672995701776651 1.0790776943470022 3
decision_type=2 2 2 2 1 2 2 2 2 1 1 2 2 1
left_child=1 2 3 5 -5 11 -4 8 9 -8 -10 -1 -13 -9
right_child=-2 -3 6 4 -6 -7 7 13 10 -11 -12 12 -14 -15
leaf_value=3.0790017890376668e-05 -0.00029545750375085787 -2.4183538351572443e-05 0.00092555254597985709 0.00018255826000341968 -0.00026820289764172429 0.00054347990250329316 0.00092390711748835516 -0.00057082766330753475 0.00045034093666778622 0.00015199730288864064 -0.00049076330391626831 -0.00075971001210614045 5.567220067567608e-05 -4.0623074771399522e-05
leaf_weight=58317279.672392607 2119891.5964452028 44559718.159779072 1118481.5504368544 4153747.0809916258 6954310.8269546032 1959233.5774368048 1547352.7544753551 1061074.3569433689 1345215.0932170153 2182489.1411354542 1203143.5567542315 1409226.6268503666 1654420.6533824205 2916905.3052364588
leaf_count=41615 1561 51320 1222 4444 5816 1867 1185 1156 1137 2021 1648 1365 1234 2606
internal_value=9.47618e-05 0.000129045 0.00032533 0.000112225 -0.00151346 0.000397324 0.00172012 0.0011574 0.00295464 0.00506502 -0.000134166 0.000256243 -0.00260211 -0.00167907
internal_weight=1.32502e+08 1.30383e+08 8.58229e+07 7.44482e+07 1.11081e+07 6.33402e+07 1.13747e+07 1.02562e+07 6.2782e+06 3.72984e+06 2.54836e+06 6.13809e+07 3.06365e+06 3.97798e+06
internal_count=120197 118636 67316 56341 10260 46081 10975 9753 5991 3206 2785 44214 2599 3762
cat_boundaries=0 1 2 3 4
cat_threshold=294 84 134 97
is_linear=0
shrinkage=0.03


Tree=383
num_leaves=15
num_cat=2
split_feature=13 0 1 10 4 13 16 16 16 16 1 16 12 0
split_gain=12669.2 38678.2 30114 21830.8 24027.8 20755.1 23555.5 19875.9 19334.5 34824.4 45393.3 30569.8 30394 70898.7
threshold=1.2742008917972059 0 10.500000000000002 1.1828968528919626 1.0000000180025095e-35 1.0542824193163163 0.088549899781465588 0.045624272449549183 0.077091155074881179 0.080644508632545811 16.500000000000004 0.074048259002629541 1.0541899075023504 1
decision_type=2 1 2 2 2 2 2 2 2 2 2 2 2 1
left_child=5 2 7 4 -3 8 -7 -2 11 10 -10 -1 -11 -14
right_child=1 3 -4 -5 -6 6 -8 -9 9 12 -12 -13 13 -15
leaf_value=1.2290893601169365e-05 0.0027924484976289423 0.00095971878248989658 0.0015228255610704551 -0.0009298907257003601 -0.00068058406500873302 -3.7621050480561996e-05 -0.00032933582811130738 -0.00098789079226118499 3.2003964031824961e-05 7.0568231551061724e-05 0.00055676042829719567 -0.00025653380803069333 -0.00051176734351420124 0.00019977772590019772
leaf_weight=66265240.516104698 202956.28128194809 597622.32302641869 1333461.2979979515 438380.64581167698 651282.15301465988 25775670.616270423 3018247.65097332 256262.21286010742 2740491.3628158569 20961545.3963449 2074532.7291898727 3042615.1775015593 2202962.361328125 2656356.7126282454
leaf_count=66121 2059 3373 2020 701 1242 25335 1601 266 1991 9546 1108 2006 851 1775
internal_value=0.000135948 0.00192209 0.00499046 -0.00133796 0.000683759 8.76658e-05 -0.000622007 -0.00163526 0.000292124 0.000919729 0.00326198 1.47057e-05 0.00048295 -0.00165478
internal_weight=1.32218e+08 3.47996e+06 1.79268e+06 1.68729e+06 1.2489e+06 1.28738e+08 2.87939e+07 459218 9.99437e+07 3.06359e+07 4.81502e+06 6.93079e+07 2.58209e+07 4.85932e+06
internal_count=119995 9661 4345 5316 4615 110334 26936 2325 83398 15271 3099 68127 12172 2626
cat_boundaries=0 1 2
cat_threshold=54 156
is_linear=0
shrinkage=0.03


Tree=384
num_leaves=15
num_cat=3
split_feature=11 10 16 0 2 10 9 0 16 16 2 9 0 11
split_gain=11604.1 15107.9 8578.68 31541.3 36191.2 17079 12145.3 57316.1 80432.6 14956.1 16039.4 30153 82662.4 18414
threshold=1.3226651072567843 1.2825983160898982 0.089869429603364012 0 1.5000000000000002 1.0299409605171272 67.500000000000014 1 0.062033132775257162 0.088549899781465588 2.5000000000000004 74.500000000000014 2 0.78683299918466465
decision_type=2 2 2 1 2 2 2 1 2 2 2 2 1 2
left_child=1 2 6 4 -4 -6 7 -1 -9 10 -8 12 -12 -13
right_child=-2 -3 3 -5 5 -7 9 8 -10 -11 11 13 -14 -15
leaf_value=0.00044318629879344212 0.00032449981110887935 -0.00036569748463352386 0.00013435407985033123 -0.00026242595081036891 -0.00018936705167215892 1.1506237024073517e-06 -2.9264626131000376e-05 0.00040578915975742239 -0.00039579147951230637 0.0002197542862234383 -0.00071900429231156414 0.0007271665236061669 0.00025990830275150826 5.3974583975587067e-05
leaf_weight=2147954.8490966558 1213948.930409193 1267853.0747683048 4584023.3624267578 4523698.9965820312 2887491.071141243 3045343.614276886 52378824.641603112 1090800.4154881239 1275987.0069580078 1808726.3719406128 1256266.9708555937 984635.66854774952 1232183.9744336605 52498708.442858696
leaf_count=1796 1048 1239 1531 3085 1006 1181 44875 1429 752 895 949 1375 1759 56892
internal_value=0.000113347 8.62882e-05 0.000118142 -0.000555514 0.000345505 -0.00120143 0.000206498 0.00173156 -0.0014886 0.000143995 9.88313e-05 0.000451928 -0.00277617 0.000602123
internal_weight=1.32196e+08 1.30982e+08 1.29715e+08 1.50406e+07 1.05169e+07 5.93283e+06 1.14674e+08 4.51474e+06 2.36679e+06 1.10159e+08 1.08351e+08 5.59718e+07 2.48845e+06 5.34833e+07
internal_count=119812 118764 117525 6803 3718 2187 110722 3977 2181 106745 105850 60975 2708 58267
cat_boundaries=0 1 2 3
cat_threshold=472 332 84
is_linear=0
shrinkage=0.03


Tree=385
num_leaves=15
num_cat=4
split_feature=16 2 0 0 13 16 0 10 2 9 10 0 12 16
split_gain=10592.7 33345.1 67184.7 40035.5 30246.9 28510.6 23972.4 23225.5 20945.7 31348.6 25267.2 52737.7 53042.6 34930.6
threshold=0.080905883085398492 1.5000000000000002 0 1 0.98028767570091735 0.077091155074881179 2 1.0193551385802377 1.0000000180025095e-35 79.500000000000014 1.022958258627247 3 1.0116324710920543 0.060170933035498107
decision_type=2 2 1 1 2 2 1 2 2 2 2 1 2 2
left_child=5 2 -2 7 -5 8 -7 -3 9 -1 -11 13 -13 -12
right_child=1 3 -4 4 -6 6 -8 -9 -10 10 11 12 -14 -15
leaf_value=0.00026251296924112758 -0.00037478132988279548 -0.00020094687306459452 0.0001718699301460583 -4.2948950457175796e-05 -0.00022181224992477662 0.000270610228337418 0.00011297723483056473 0.00019632931566538876 3.0367860948258766e-05 -0.00026230950861068624 -2.3017681168943492e-05 0.00022289447675024517 -0.00073537526473240172 0.00031755780316635536
leaf_weight=1253096.6567124128 2416310.5297241211 2606590.7437744141 8456919.8546142578 5732616.7396793365 7404752.8578336239 2030885.7230224609 5263340.8799371719 5215719.1163330078 76503844.972973347 5977508.1989501715 3059667.3037575483 1366829.6033092737 2594520.9533053637 1949076.393951416
leaf_count=1165 1692 2287 2848 2055 2648 1221 3488 4323 84178 5413 3584 1225 2616 1056
internal_value=9.14358e-05 -0.000385185 0.000962885 -0.00108452 -0.00209625 0.00024316 0.00204904 0.000614654 0.000101069 -0.000878857 -0.00126095 -0.000254075 -0.00284065 0.00179162
internal_weight=1.31832e+08 3.18329e+07 1.08732e+07 2.09597e+07 1.31374e+07 9.99988e+07 7.29423e+06 7.82231e+06 9.27045e+07 1.62007e+07 1.49476e+07 8.97009e+06 3.96135e+06 5.00874e+06
internal_count=119799 15853 4540 11313 4703 103946 4709 6610 99237 15059 13894 8481 3841 4640
cat_boundaries=0 1 2 3 4
cat_threshold=162 227 112 372
is_linear=0
shrinkage=0.03


Tree=386
num_leaves=15
num_cat=3
split_feature=3 9 12 2 0 4 1 10 10 0 12 10 0 12
split_gain=13736.7 49245.6 46833 42466.6 53811.3 20696 19257.1 18500.1 26780.2 55234.3 19999.8 34271.1 24252.4 19073.2
threshold=2.5000000000000004 80.500000000000014 1.0910749318255806 4.5000000000000009 0 1.0000000180025095e-35 19.500000000000004 1.0287464565096112 1.0948158151668064 1 1.004046389019269 0.90675470765210653 2 1.0290978962948742
decision_type=2 2 2 2 1 2 2 2 2 1 2 2 1 2
left_child=-1 -2 3 4 -3 6 7 10 13 -10 11 -5 -12 -9
right_child=1 2 -4 5 -6 -7 -8 8 9 -11 12 -13 -14 -15
leaf_value=2.4913656743017025e-05 -0.00059014450911785358 0.00034737561564205044 -0.00077085244968297666 -0.001027222352168335 -0.0035458999955062629 0.00091143825083040157 -0.00063468272455606957 0.00082578954086038128 0.00027154603133535256 -0.0012005186936403108 -0.00089413905207240798 0.00055146083214475039 5.5883846194179614e-05 1.092840539988892e-05
leaf_weight=119642740.26723349 835553.53977704048 650283.94572603703 792875.73664283752 852335.64329850674 917218.09237265587 820115.42104947567 920668.66316080093 1691056.7109549046 612404.3183453083 656940.71420395374 874989.59280514717 1310016.0896068811 971128.12417888641 817114.93154358864
leaf_count=99949 1332 1205 1365 1215 1498 1278 2473 2236 1019 1146 1001 1699 1441 1016
internal_value=0.000203108 -0.000734086 -0.000239247 0.000264152 -0.00431162 0.00101703 0.000587889 0.00107305 0.00257944 -0.000971256 -0.000346548 0.00161145 -0.00263994 0.00437639
internal_weight=1.32365e+08 1.27227e+07 1.18871e+07 1.10943e+07 1.5675e+06 9.52677e+06 8.70665e+06 7.78599e+06 3.77752e+06 1.26935e+06 4.00847e+06 2.16235e+06 1.84612e+06 2.50817e+06
internal_count=119873 19924 18592 17227 2703 14524 13246 10773 5417 2165 5356 2914 2442 3252
cat_boundaries=0 1 2 3
cat_threshold=338 120 408
is_linear=0
shrinkage=0.03


Tree=387
num_leaves=15
num_cat=3
split_feature=11 10 12 0 2 0 12 2 9 0 12 12 11 12
split_gain=8616.76 11070.8 11274.2 36703.5 24230.6 19437.4 18779.3 10254.1 51364.5 31991.7 53828.3 43381.1 74438.9 52037
threshold=1.3226651072567843 1.2825983160898982 1.1153931218449846 0 1.5000000000000002 1 1.1108806325759313 4.5000000000000009 74.500000000000014 2 0.98886300231096069 1.0189249967437959 0.99349440725769278 1.0075532020675959
decision_type=2 2 2 1 2 1 2 2 2 1 2 2 2 2
left_child=1 2 6 -4 -5 -6 7 -1 -9 10 -10 13 -13 -11
right_child=-2 -3 3 4 5 -7 -8 8 9 11 -12 12 -14 -15
leaf_value=2.9958619086735898e-07 0.00033392549999227409 -0.00035461465915352983 0.0011476503853556513 -0.00036966958027731468 0.0005522401472132048 -0.0001498467176650094 -0.00032872566172125031 -0.0004237879071210326 -0.0027641855326250983 0.00019711914586905283 0.0004453336117489363 -0.0017700454202027667 6.8755885158568758e-05 0.00083165079526881756
leaf_weight=100838654.19949472 1251814.6658937931 1290274.3580071926 1007178.2202954292 1542772.8282822371 1419118.7827486992 1739013.4783672094 1113609.59182024 1385828.1803847551 593590.49291837215 8020501.5165668726 701104.20073652267 977366.76487016678 6943945.6380923986 3098848.6744930744
leaf_count=80289 1077 1241 1778 1168 1216 1732 497 2073 1194 9904 1874 1464 10087 4189
internal_value=0.000158232 0.000134501 0.000162077 0.00146561 0.000352092 0.00185748 0.000101913 0.000137152 0.000728397 0.00110923 -0.00345397 0.00141952 -0.000277051 0.00262814
internal_weight=1.31924e+08 1.30672e+08 1.29382e+08 5.70808e+06 4.70091e+06 3.15813e+06 1.23673e+08 1.2256e+08 2.17212e+07 2.03354e+07 1.29469e+06 1.90407e+07 7.92131e+06 1.11194e+07
internal_count=119783 118706 117465 5894 4116 2948 111571 111074 30785 28712 3068 25644 11551 14093
cat_boundaries=0 1 2 3
cat_threshold=224 10 256
is_linear=0
shrinkage=0.03


Tree=388
num_leaves=15
num_cat=2
split_feature=14 14 13 2 3 10 13 14 0 0 10 11 14 13
split_gain=9436.95 34685.8 28928.1 21020.2 43594.3 15122.9 13444.8 24392.3 38581.5 23668.9 23929.2 23809.9 21659.9 30959.8
threshold=1.1408790155553841 2.6218253155670035 0.88515110523711216 3.5000000000000004 2.5000000000000004 1.0155051720594799 0.9875222931406461 0.90636971050382387 0 1 1.1537366032060119 1.072844287040468 0.92190481170433314 0.74034941993548342
decision_type=2 2 2 2 2 2 2 2 1 1 2 2 2 2
left_child=6 2 -2 4 -4 -5 12 8 -8 10 11 -9 -1 -14
right_child=1 -3 3 5 -6 -7 7 9 -10 -11 -12 -13 13 -15
leaf_value=-3.6445210416072032e-05 -0.0043111401448544112 0.0056047761357256101 0.00047851293890511772 0.0014440950616549137 -0.0033081497879667095 -0.001192591656079065 0.00015741564923140377 0.00019772307605632399 -9.1618506007376505e-05 -6.2088248003317405e-05 0.00070834416930644437 -0.00040787010915176684 0.00045059553587015834 4.6735547584693042e-05
leaf_weight=21556009.413865805 368139.81853365898 359578.45238745213 1125423.5717096329 607539.44304847717 431416.84968793392 782820.17992651463 2429497.641317606 2849753.6629049778 2838010.6867319345 56349387.072069645 1164121.6252912283 1122868.967009902 1471019.7122126818 38583992.710339665
leaf_count=20948 1763 1844 3664 1527 607 2250 1652 2972 3510 42893 1378 1231 2344 31120
internal_value=5.73595e-05 0.0015563 0.00059644 0.00158686 -0.000807431 0.00426784 1.44467e-05 -0.000280517 0.00167876 -0.000448368 0.00150113 0.000392713 0.000334031 0.000746675
internal_weight=1.3204e+08 3.67492e+06 3.31534e+06 2.9472e+06 1.55684e+06 1.39036e+06 1.28365e+08 6.67536e+07 5.26751e+06 6.14861e+07 5.13674e+06 3.97262e+06 6.1611e+07 4.0055e+07
internal_count=119703 11655 9811 8048 4271 3777 108048 53636 5162 48474 5581 4203 54412 33464
cat_boundaries=0 1 2
cat_threshold=26 64
is_linear=0
shrinkage=0.03


Tree=389
num_leaves=15
num_cat=3
split_feature=16 16 2 0 0 3 12 16 0 13 13 10 12 16
split_gain=10679.2 33677.2 25466.6 50503 45441.7 36965.2 33395.4 30771.6 25026.4 19394.6 20344.9 17128.6 16912.5 32535.5
threshold=0.080905883085398492 0.079404344500914756 1.5000000000000002 0 1 1.5000000000000002 1.0033879215670958 0.093489802824248333 2 0.9641589666228475 1.0110373475260686 1.0193551385802377 1.080090879916801 0.065081415764580611
decision_type=2 2 2 1 1 2 2 2 1 2 2 2 2 2
left_child=1 12 3 -2 5 11 -5 9 -3 -6 -11 -4 -1 -14
right_child=2 8 4 6 7 -7 -8 -9 -10 10 -12 -13 13 -15
leaf_value=4.4176019945290493e-06 -0.00039376293242611232 0.00032794642709454031 -2.2806377039634057e-05 0.00036143749295135426 1.562556767981642e-05 -0.00042276095005280476 3.9317722850742367e-05 -0.00036726779905138751 2.5534472133190419e-05 -0.00027213290176849887 -8.8925137280629132e-05 0.00036386863934449189 0.00029256822951050223 -9.7481389178462064e-05
leaf_weight=86265553.018620729 2439941.2644042969 2151201.8700256348 1658577.4303588867 3062312.3245849609 3749685.9199770689 2380474.9828186035 5647507.4572753906 2797565.1566867828 1752394.0231704712 2788477.9143447876 3878963.1060204506 3736291.6598510742 7066604.4263869524 3144594.7046146393
leaf_count=89947 1719 1032 1079 952 1417 3045 1970 822 1333 932 1554 2447 9640 2126
internal_value=0.000152472 0.000304859 -0.000323467 0.000835201 -0.000938943 0.000880802 0.00190384 -0.00200966 0.00303663 -0.00125945 -0.00223019 0.00225484 0.000194327 0.00134883
internal_weight=1.3252e+08 1.0038e+08 3.21398e+07 1.11498e+07 2.099e+07 7.77534e+06 8.70982e+06 1.32147e+07 3.9036e+06 1.04171e+07 6.66744e+06 5.39487e+06 9.64768e+07 1.02112e+07
internal_count=120015 104078 15937 4641 11296 6571 2922 4725 2365 3903 2486 3526 101713 11766
cat_boundaries=0 1 2 3
cat_threshold=162 227 57
is_linear=0
shrinkage=0.03


Tree=390
num_leaves=15
num_cat=5
split_feature=9 1 1 2 9 0 9 0 16 9 0 16 0 0
split_gain=9279.95 114050 84824.9 81054.3 11959 66018.5 22841.3 68771.9 25028.4 36083.5 54046.1 22428.7 43188 25896.3
threshold=69.500000000000014 8.5000000000000018 17.500000000000004 3.5000000000000004 74.500000000000014 0 79.500000000000014 1 0.052174601620179527 89.500000000000014 2 0.049804194175047133 3 4
decision_type=2 2 2 2 2 1 2 1 2 2 1 2 1 1
left_child=1 -1 3 -3 5 -2 7 -6 9 10 -8 13 -13 -11
right_child=4 2 -4 -5 6 -7 8 -9 -10 11 -12 12 -14 -15
leaf_value=-0.00069626953635828885 0.00038971296520805369 0.00074946563269559085 -0.00047927458603633255 4.4194527586839549e-05 0.00041328428684167165 -0.00020313303567425607 0.0002938308825549958 -0.0001369240654698562 -1.9744437661501684e-05 0.0004744867439789095 -0.0012907148394438045 2.089976826713947e-06 0.00083221374017476127 2.8916158518995482e-05
leaf_weight=1240367.5377378464 1137973.2861530781 2032219.760559082 1497395.0138356686 1669652.9941148758 1716209.2528494596 2708048.6536757946 628110.35465443134 2262411.9091575146 97092503.920340896 3843712.9781137705 637024.95269906521 1309187.7263145447 1248523.6245880127 12706143.477031708
leaf_count=1639 1126 1220 1614 1205 1515 2300 1722 1954 58517 10113 1374 844 1220 33417
internal_value=7.57202e-05 0.00118638 0.00313641 0.00557349 1.86348e-05 -0.00162836 7.07938e-05 0.00230633 -4.92527e-06 0.000951061 -0.00395559 0.00127594 0.00389046 0.000871874
internal_weight=1.31729e+08 6.43964e+06 5.19927e+06 3.70187e+06 1.2529e+08 3.84602e+06 1.21444e+08 3.97862e+06 1.17465e+08 2.03727e+07 1.26514e+06 1.91076e+07 2.55771e+06 1.65499e+07
internal_count=119780 5678 4039 2425 114102 3426 110676 3469 107207 48690 3096 45594 2064 43530
cat_boundaries=0 1 2 3 4 5
cat_threshold=388 178 179 260 72
is_linear=0
shrinkage=0.03


Tree=391
num_leaves=15
num_cat=4
split_feature=5 3 13 0 12 12 0 14 11 0 12 11 16 0
split_gain=11590.3 13125.3 25167 64961.1 30157.8 27545.1 36476.8 41411.9 36500.7 57714.9 55034.4 83262.4 75398.8 57126.7
threshold=1.0000000180025095e-35 1.0000000180025095e-35 0.71120509979220137 0 0.97676308171397053 1.0048876901737636 1 0.9043142089023245 1.1360154568496554 2 1.0384758702027086 1.0427239847918768 0.054785640621372388 3
decision_type=2 2 2 1 2 2 1 2 2 1 2 2 2 1
left_child=1 2 3 -1 -5 -4 7 -7 10 -10 11 -8 13 -13
right_child=-2 -3 5 4 -6 6 8 -9 9 -11 -12 12 -14 -15
leaf_value=-0.0057324096402035334 -0.00031682546425398065 -2.9340332663813089e-05 6.8554794234665877e-05 -0.00026609896550301081 0.00010768008341923711 -0.00035242837535969293 -0.00010222008481306543 0.00022083887751396628 0.00044847307588978427 -1.1135224767355076e-05 -0.00031577046943218295 0.00031305793932155489 0.00027706886214731675 -0.00046114413970551878
leaf_weight=1012316.1391018629 2033696.4794286489 44447811.931555271 27794152.728032827 980924.58859157562 1552035.6773945093 1770812.2192018032 20674252.467591524 11253574.131548047 1579312.8789342642 4873266.4847695827 7628843.6518044472 1001399.2282091379 5061666.8038330078 984412.92849111557
leaf_count=1924 1521 51306 19696 933 2150 2403 12591 12644 817 4225 5228 1055 2392 1152
internal_value=8.61209e-05 0.000121113 0.000337103 0.00281218 0.000244916 0.000230898 -0.00015911 0.00122719 -0.000591031 0.00148388 -0.000969767 -0.000348813 0.00246719 -0.0024869
internal_weight=1.32648e+08 1.30615e+08 8.6167e+07 3.54528e+06 2.53296e+06 8.26217e+07 5.48275e+07 1.30244e+07 4.18032e+07 6.45258e+06 3.53506e+07 2.77217e+07 7.04748e+06 1.98581e+06
internal_count=120037 118516 67210 5007 3083 62203 42507 15047 27460 5042 22418 17190 4599 2207
cat_boundaries=0 1 2 3 4
cat_threshold=131 352 20 14
is_linear=0
shrinkage=0.03


Tree=392
num_leaves=15
num_cat=3
split_feature=11 1 10 3 1 14 1 0 0 13 0 12 11 10
split_gain=10376.8 12529.2 11779.4 24602.8 23815.8 13454.7 31974 33309.1 27472.2 19014.7 15240.4 12235.1 42674.6 98956
threshold=0.78683299918466465 13.500000000000002 0.78049706914582051 1.5000000000000002 13.500000000000002 1.1408790155553841 16.500000000000004 0 1 1.0707174912656292 2 1.0079872680763284 1.0292425370146423 1.0248049355301982
decision_type=2 2 2 2 2 2 2 1 1 2 1 2 2 2
left_child=1 -1 3 4 -2 11 7 -7 -8 -9 -11 12 -4 -14
right_child=2 -3 5 -5 -6 6 8 9 -10 10 -12 -13 13 -15
leaf_value=-0.00058968987979305103 0.00027604661374110704 0.00047559992367882304 6.1035224817614938e-05 -0.0013474543936951937 -0.00030302557625737272 -0.0019983753165346563 0.0024287307602140636 0.0014027883848980512 0.00022425404531421967 -0.00092297617292316748 -0.00067550157158197588 -9.9419072231659915e-06 -0.00067735311383780117 8.7486322256298282e-06
leaf_weight=1014757.0759359598 1403366.0121188164 1060946.487622261 42667679.162192822 911695.8624458313 1441874.4710803032 348484.96256136894 577797.04587554932 442686.62887632847 633252.66456151009 488708.01491248608 866246.36394441128 74049428.697963238 1362808.922516346 4863601.5103160143
leaf_count=1261 1376 1123 31011 1652 1219 1480 799 1938 2347 1757 2336 66162 811 4574
internal_value=0.000187586 0.002292 0.000154 -0.00150139 -0.000127151 0.000203241 0.00207703 -0.000122279 0.00597447 0.0015233 -0.000240291 0.000152074 0.000520377 -0.00179973
internal_weight=1.32133e+08 2.0757e+06 1.30058e+08 3.75694e+06 2.84524e+06 1.26301e+08 3.35718e+06 2.14613e+06 1.21105e+06 1.79764e+06 1.35495e+06 1.22944e+08 4.88941e+07 6.22641e+06
internal_count=119846 2384 117462 4247 2595 113215 10657 7511 3146 6031 4093 102558 36396 5385
cat_boundaries=0 1 2 3
cat_threshold=9 28 176
is_linear=0
shrinkage=0.03


Tree=393
num_leaves=15
num_cat=0
split_feature=11 2 5 11 11 9 10 1 1 12 12 16 9 12
split_gain=11947.8 12252.6 106176 29495.9 27512.4 26839.3 47435.4 36416.6 63096.4 56330.2 54519.8 36363.5 74727 34200
threshold=1.3226651072567843 2.5000000000000004 1.0000000180025095e-35 1.1088402703233367 0.78683299918466465 79.500000000000014 1.012969803707177 9.5000000000000018 17.500000000000004 1.0488857053949088 1.0247081950625578 0.063717937336181696 71.500000000000014 1.0225064902837186
decision_type=2 2 2 2 2 2 2 2 2 2 2 2 2 2
left_child=1 3 4 5 -3 6 -1 9 -9 13 -10 12 -8 -7
right_child=-2 2 -4 -5 -6 7 11 8 10 -11 -12 -13 -14 -15
leaf_value=0.00045460491865152903 0.00031154635238647666 0.0007654387135390254 0.00089160578271042822 0.00014398018991761802 2.483732021752018e-05 3.0011854495689116e-05 0.00055904240470246581 -0.00017216017982824364 0.000216289645916175 -0.00061738793920837769 -0.00033305895225768509 -0.00014018783246478111 -0.00025572887667575108 0.00030143294923629679
leaf_weight=1936458.6302729845 1259218.4250421524 1119757.3176990747 977341.65729534626 8977887.3854894638 63012493.362006545 9626407.6402362585 1370106.2318412066 24195936.286956787 8758095.8215842247 1132440.4677962065 3062555.7837412357 2695586.6322937012 1177411.7579703331 2872400.1847895384
leaf_count=1254 1087 1464 749 8447 65195 9036 1563 13968 7630 1170 2904 1363 1403 2622
internal_value=0.000221022 0.000193048 0.000484823 -9.56422e-05 0.000335269 -0.000348095 0.00136637 -0.000596023 -0.00109587 0.000724676 0.000700611 -0.000115577 0.00245439 0.00130517
internal_weight=1.32174e+08 1.30915e+08 6.51096e+07 6.58053e+07 6.41323e+07 5.68274e+07 7.17956e+06 4.96478e+07 3.60166e+07 1.36312e+07 1.18207e+07 5.2431e+06 2.54752e+06 1.24988e+07
internal_count=119855 118768 67408 51360 66659 42913 5583 37330 24502 12828 10534 4329 2966 11658
is_linear=0
shrinkage=0.03


Tree=394
num_leaves=15
num_cat=3
split_feature=16 0 10 10 10 11 16 9 1 1 0 9 9 0
split_gain=10933 40779.8 28046.9 25522.8 15945.5 23542.4 13980.3 14818.7 73642.8 92033.4 70184.3 57619.5 18895.1 74093.9
threshold=0.090582173183061984 0 1.0450145130875153 0.99757665840061127 1.0395588043783788 1.0713054911821842 0.089132263921251384 71.500000000000014 9.5000000000000018 17.500000000000004 1 74.500000000000014 79.500000000000014 2
decision_type=2 1 2 2 2 2 2 2 2 2 1 2 2 1
left_child=6 2 -2 -3 -5 -6 7 8 -1 10 -10 -9 13 -13
right_child=1 3 -4 4 5 -7 -8 11 9 -11 -12 12 -14 -15
leaf_value=-0.00036983196109757066 -4.5834002771400888e-05 2.1081391290815894e-05 0.00054797544797614459 -0.00024016727298486253 1.3647643772192384e-05 -0.00038102896995512002 0.00017247293273589564 -0.00043742498911896854 0.00098853765828929791 -0.00038596739912087608 0.0001185753679680503 0.00047225414898329236 1.1148993182174902e-05 -0.00028144521945932502
leaf_weight=1478504.8860125542 2595817.6737055779 2412917.2745361328 2056364.626853466 2680715.4063415527 2198812.0942382812 2247029.3236694336 2071870.0792994499 1907259.5380460024 1876915.7207751274 1715850.2691054344 2315130.2171478271 1438988.8745350838 103376209.36303294 2036957.1719441414
leaf_count=2084 1225 958 1119 1086 883 1217 927 1949 1223 1944 1442 1405 100729 1848
internal_value=0.000126428 -0.000660356 0.00164247 -0.00178339 -0.00268632 -0.00158441 0.000220879 0.000177306 0.0014776 0.00297613 0.00537167 8.89962e-05 0.00018125 0.00235685
internal_weight=1.32409e+08 1.41917e+07 4.65218e+06 9.53947e+06 7.12656e+06 4.44584e+06 1.18218e+08 1.16146e+08 7.3864e+06 5.9079e+06 4.19205e+06 1.08759e+08 1.06852e+08 3.47595e+06
internal_count=120039 6488 2344 4144 3186 2100 113551 112624 6693 4609 2665 105931 103982 3253
cat_boundaries=0 1 2 3
cat_threshold=448 330 178
is_linear=0
shrinkage=0.03


Tree=395
num_leaves=15
num_cat=4
split_feature=16 16 0 1 0 16 14 14 0 13 0 10 16 3
split_gain=16466.6 25958.7 24747.5 21966.7 41323 19171.4 16832 30491.6 50245.1 26081 46080.6 15673.1 14195.2 19273.9
threshold=0.081293069914542063 0.077091155074881179 0 8.5000000000000018 1 0.096476869161371062 0.99377989416422208 1.0184816913116788 2 0.9875222931406461 3 1.0375161902555876 0.074048259002629541 1.5000000000000002
decision_type=2 2 1 2 1 2 2 2 1 2 1 2 2 2
left_child=1 12 11 4 -2 -6 9 -8 -9 -5 -11 -3 -1 -14
right_child=3 2 -4 6 5 -7 7 8 -10 10 -12 -13 13 -15
leaf_value=2.0381354064595619e-05 0.00023123657256508351 0.00015439930037570938 2.248095561496219e-05 -8.5732786545423097e-05 3.169876691752993e-05 -0.00014804250911630226 0.00014080461996259948 0.00030896760359375592 -0.00043556585026295071 -5.271559082332545e-05 -0.00042667597622487405 0.00035932829815168554 -0.00022234506498869635 0.00012777357930685937
leaf_weight=88655322.973463774 4403653.3297967911 1960475.2514038086 4145003.6263227463 7979331.674489975 3022480.5505371094 2940736.2572631836 3668845.4703941345 1540169.6727232933 2834180.3710632324 1990487.2055664062 2505226.5925292969 2066485.3905944824 2395093.9908447266 1838922.1191362143
leaf_count=96455 1796 1282 2394 4335 900 1312 1682 1011 1864 1419 1034 1510 1162 1679
internal_value=0.000101895 0.000287166 0.00190819 -0.000504342 0.000621235 -0.00100641 -0.00107304 -2.9391e-06 -0.00169457 -0.00176298 -0.00359043 0.00358312 0.000144555 -0.00155246
internal_weight=1.31946e+08 1.01061e+08 8.17196e+06 3.08851e+07 1.03669e+07 5.96322e+06 2.05182e+07 8.0432e+06 4.37435e+06 1.2475e+07 4.49571e+06 4.02696e+06 9.28893e+07 4.23402e+06
internal_count=119835 104482 5186 15353 4008 2212 11345 4557 2875 6788 2453 2792 99296 2841
cat_boundaries=0 1 2 3 4
cat_threshold=241 325 400 422
is_linear=0
shrinkage=0.03


Tree=396
num_leaves=15
num_cat=3
split_feature=10 0 2 12 10 0 2 11 13 0 12 12 12 2
split_gain=11873.2 42377.4 46167.8 54847.9 40333 49179.2 38576.4 27060.1 42430.3 66364.6 29294.4 59688.7 41545.5 34848.1
threshold=1.0804981498706023 0 4.5000000000000009 1.0552800080532883 1.0672995701776651 1 2.5000000000000004 1.3328353141383971 0.8309644552169192 2 1.013544279386674 1.0411366704732052 1.0252236949159943 2.5000000000000004
decision_type=2 1 2 2 2 1 2 2 2 1 2 2 2 2
left_child=4 2 3 -2 -1 -6 -7 8 9 -3 13 12 -12 -10
right_child=1 7 -4 -5 5 6 -8 -9 10 -11 11 -13 -14 -15
leaf_value=7.132547622651614e-06 0.00070398312755730189 7.1325737763733906e-06 -0.0002369208065137994 5.4531890175191558e-05 6.8257594395560868e-05 -0.0008555863204176376 -0.00020373236450621116 0.00061723613858057189 -5.3286848096937179e-05 -0.0021580431032869945 4.8781816283121418e-05 9.4661293373106726e-05 -0.00041764711253170877 0.00093530373027075897
leaf_weight=93912117.247490644 3324851.939964056 921781.24207210541 1348288.4739028215 2841804.7851942778 1524500.8293758631 1590495.8894876242 1571315.9236898422 967222.61282348633 1158688.0281072855 610420.08460760117 2693483.1036087275 14409749.837216377 4114298.9686748981 1132756.8949298859
leaf_count=79128 2556 2285 1841 2219 1772 1171 1565 812 1185 1338 3082 15591 3646 1578
internal_value=0.00011197 0.000599699 0.002584 0.0036835 -5.38578e-05 -0.00277006 -0.00490404 2.63464e-05 -0.000163834 -0.00500099 0.000151429 -0.000196591 -0.00251156 0.0033739
internal_weight=1.32122e+08 3.35233e+07 7.51495e+06 6.16666e+06 9.85984e+07 4.68631e+06 3.16181e+06 2.60084e+07 2.50412e+07 1.5322e+06 2.3509e+07 2.12175e+07 6.80778e+06 2.29144e+06
internal_count=119769 36133 6616 4775 83636 4508 2736 29517 28705 3623 25082 22319 6728 2763
cat_boundaries=0 1 2 3
cat_threshold=5 368 232
is_linear=0
shrinkage=0.03


Tree=397
num_leaves=15
num_cat=3
split_feature=10 10 10 11 0 11 12 1 1 0 16 12 0 16
split_gain=17608.9 50111.2 30350.2 37614.3 38399.2 57657.4 30015.5 27850.7 50497 36769.4 28033.8 24874.6 22956.7 21664.9
threshold=0.98774918197535599 0.9857309345025429 0.9817597133097965 0.97755348269850095 0 0.81778362804508808 1.0351016622858451 17.500000000000004 13.500000000000002 1 0.078597412985082202 0.99379942660604637 2 0.06254181201238794
decision_type=2 2 2 2 1 2 2 2 2 1 2 2 1 2
left_child=1 2 3 4 5 -1 12 8 11 -9 -10 -6 -5 -8
right_child=-2 -3 -4 6 7 -7 13 9 10 -11 -12 -13 -14 -15
leaf_value=0.00018311938939439878 -1.6659865898759966e-06 0.0004244176089832446 -0.00028206255721220197 0.0017846003485916147 0.00025915732385714237 -0.0011078859499699999 0.00044382968038418348 0.00058667315718703445 -0.00041628847400067113 6.9183764943347696e-06 1.9926033935402687e-05 -2.6459334131684318e-05 0.00024014800301169268 -0.00021115394214136422
leaf_weight=836016.6919926405 103647187.81609762 1694284.8032723665 2193932.8935484886 1032640.0920677185 5028892.0714395046 1270197.8663268089 945082.32704114914 1897471.6424751282 2966973.483215332 2252139.0029392242 1995219.6027832031 3676628.0472958088 1784531.6272875071 1271132.1260070801
leaf_count=1185 93273 1043 2254 1342 4789 2054 1502 1497 1720 2630 1057 3218 1671 844
internal_value=0.000161652 0.000817245 0.000504886 0.000802276 0.00021688 -0.00361373 0.00311943 0.000669705 1.6163e-05 0.0028223 -0.00239911 0.00139288 0.0051742 0.000507483
internal_weight=1.32492e+08 2.88451e+07 2.71509e+07 2.49569e+07 1.99235e+07 2.10621e+06 5.03339e+06 1.78173e+07 1.36677e+07 4.14961e+06 4.96219e+06 8.70552e+06 2.81717e+06 2.21621e+06
internal_count=120079 26806 25763 23509 18150 3239 5359 14911 10784 4127 2777 8007 3013 2346
cat_boundaries=0 1 2 3
cat_threshold=96 25 34
is_linear=0
shrinkage=0.03


Tree=398
num_leaves=15
num_cat=4
split_feature=12 1 0 14 0 14 14 0 14 14 1 3 1 0
split_gain=11272.8 48566.5 34355.5 27702.4 40075.3 27499.8 23205.7 40613.2 19307 18059.6 28403.8 17453.7 26374 19004.4
threshold=0.97931461060566405 18.500000000000004 0 1.0558804221331071 1 1.0960774799293869 1.1490865773862715 2 0.95294090406745047 0.89750604985756677 11.500000000000002 1.5000000000000002 17.500000000000004 3
decision_type=2 2 1 2 1 2 2 1 2 2 2 2 2 1
left_child=1 3 -3 4 8 -5 -2 -8 -1 -6 -11 -9 13 -13
right_child=6 2 -4 5 9 -7 7 11 -10 10 -12 12 -14 -15
leaf_value=5.8567665085048196e-05 -1.1413588614413162e-06 0.0010521965269775348 0.00018869110538610745 8.7563928525992803e-05 0.00014101901668535572 -0.0017574136832893053 0.0022715233828005947 0.00080670199956909736 0.00024231828056636969 1.8771105118776548e-05 -0.00057976587173057563 0.0003489501568145448 0.0015177984421462618 -0.0016420823340732096
leaf_weight=4428929.50784266 114279489.66952515 1032705.7105712891 1267200.1027150154 530529.96775186062 1397245.6374158859 669895.98876476288 853194.66602396965 836858.43103253841 2542674.2247906923 1508517.540230751 1769001.7424316406 320194.0812445879 310537.83579409122 545293.90234911442
leaf_count=3334 96034 1225 2151 607 1135 1660 1924 3924 1830 1271 1093 1046 1071 1685
internal_value=0.000142444 0.000912592 0.00492748 0.000193825 0.00064108 -0.00414538 4.28652e-05 0.00270908 0.00208212 -0.00150799 -0.00272547 0.000384043 -0.00197249 -0.00466357
internal_weight=1.32292e+08 1.51467e+07 2.29991e+06 1.28468e+07 1.16464e+07 1.20043e+06 1.17146e+08 2.86608e+06 6.9716e+06 4.67476e+06 3.27752e+06 2.01288e+06 1.17603e+06 865488
internal_count=119990 14306 3376 10930 8663 2267 105684 9650 5164 3499 2364 7726 3802 2731
cat_boundaries=0 1 2 3 4
cat_threshold=85 468 20 162
is_linear=0
shrinkage=0.03


Tree=399
num_leaves=15
num_cat=3
split_feature=14 1 0 16 4 16 0 1 9 1 9 9 0 16
split_gain=9422.66 34182.5 34599.6 57023.5 25376.2 20314.5 14959.2 10468 31898.6 103151 117746 68790.9 46671.9 35895.7
threshold=1.1490865773862715 17.500000000000004 0 0.041128545564504647 1.0000000180025095e-35 0.072921466047146763 1 14.500000000000002 79.500000000000014 8.5000000000000018 68.500000000000014 66.500000000000014 2 0.052174601620179527
decision_type=2 2 1 2 2 2 1 2 2 2 2 2 1 2
left_child=7 2 5 -4 6 -2 -3 8 9 10 -1 -11 -13 -10
right_child=1 4 3 -5 -6 -7 -8 -9 13 11 -12 12 -14 -15
leaf_value=-0.0010591014264810965 -0.0024724417492740015 0.0018118189203061264 0.0018926795540289835 -0.001257568613718868 0.0031230706918125503 0.0022691878668217305 -0.00059942648517176639 -2.6003281850796386e-05 0.00020116323194646485 0.00075922283511472221 0.00018735239567128453 0.00036909544029144485 -6.5107874332862646e-05 -2.4550667787743014e-05
leaf_weight=1072670.8957231045 616079.35716044903 289561.21280908585 255210.11766898632 1087632.4616351128 459785.14949703217 402330.92727661133 300333.54737043381 58365062.414145708 9043697.7908011675 1595057.4032592773 1719151.3705519438 1413218.3198852539 2096666.822753191 53517862.857489586
leaf_count=1237 2421 1226 3868 1401 916 417 944 47294 22374 1022 1891 859 1665 32205
internal_value=5.73509e-05 0.00161366 -0.000388704 -0.00355122 0.00611798 0.00378128 0.00199988 1.61435e-05 0.000262274 0.00205895 -0.00257749 0.00459456 0.00224691 3.54905e-05
internal_weight=1.32234e+08 3.41093e+06 2.36125e+06 1.34284e+06 1.04968e+06 1.01841e+06 589895 1.28823e+08 7.04583e+07 7.89676e+06 2.79182e+06 5.10494e+06 3.50989e+06 6.25616e+07
internal_count=119740 11193 8107 5269 3086 2838 2170 108547 61253 6674 3128 3546 2524 54579
cat_boundaries=0 1 2 3
cat_threshold=50 174 146
is_linear=0
shrinkage=0.03


Tree=400
num_leaves=15
num_cat=2
split_feature=11 14 11 2 0 11 16 3 1 14 1 14 0 14
split_gain=11230.1 11446.5 26614.8 11791 37067.9 42738.4 31806.8 26751.2 34507.5 42035.1 34034.8 47560.7 31299.1 76918.9
threshold=1.3226651072567843 0.65985277686012767 0.92084674428756708 2.5000000000000004 0 0.81778362804508808 0.063453872265148092 1.0000000180025095e-35 8.5000000000000018 0.9548727549488718 8.5000000000000018 0.89291432728637565 1 0.94083080372863359
decision_type=2 2 2 2 1 2 2 2 2 2 2 2 1 2
left_child=1 2 -1 -3 6 -6 -5 8 9 -7 11 -9 13 -10
right_child=-2 3 -4 4 5 7 -8 10 12 -11 -12 -13 -14 -15
leaf_value=3.0224744724305253e-06 0.00031886657052064175 -7.7622673653532147e-06 -0.00082816318145031401 0.00012865505915055271 0.0009787312865503551 0.00019443483387880927 -0.00046156313797922289 0.00072475736221155537 -0.00013956170058779087 -0.00036731231087419581 -2.4345531267980537e-05 0.00010273672305192598 6.047915610192662e-05 0.00041327919007257634
leaf_weight=725248.38173902035 1279146.4610886574 65688116.164683104 548824.58060979843 2489492.1897984743 1027927.0651358366 1011980.0607370138 3188085.9656282663 640292.52549862862 1620500.4744415283 2485779.2499053478 34406430.545524836 4887223.8092215061 6242201.8730401993 6128384.4931662083
leaf_count=588 1090 50482 1965 4730 1559 1209 2453 1625 1017 2499 31704 10429 4679 3906
internal_value=0.000159512 0.000132216 -0.00269748 0.000159988 0.000449356 0.000674148 -0.00186488 0.000565612 0.00154407 -0.00112112 0.000137103 0.00232218 0.00221036 0.0034839
internal_weight=1.3237e+08 1.3109e+08 1.27407e+06 1.29816e+08 6.41283e+07 5.84507e+07 5.67758e+06 5.74228e+07 1.74888e+07 3.49776e+06 3.99339e+07 5.52752e+06 1.39911e+07 7.74888e+06
internal_count=119935 118845 2553 116292 65810 58627 7183 57068 13310 3708 43758 12054 9602 4923
cat_boundaries=0 1 2
cat_threshold=256 116
is_linear=0
shrinkage=0.03


Tree=401
num_leaves=15
num_cat=0
split_feature=13 5 16 12 14 12 16 12 1 16 1 1 11 16
split_gain=11434.4 18481.4 16010.8 34332.5 18420.4 18649.5 21063 15313.7 36731 22212.1 21999.6 25658 24154.1 18956.6
threshold=1.0191798250426214 1.0000000180025095e-35 0.039226205732406684 0.97931461060566405 1.2390451124038417 1.0552800080532883 0.027034333089976544 0.99983254367729579 17.500000000000004 0.052935951605260545 17.500000000000004 10.500000000000002 0.97193150850967303 0.05445495842145575
decision_type=2 2 2 2 2 2 2 2 2 2 2 2 2 2
left_child=1 -1 3 -2 5 -5 -7 10 9 -9 11 -4 -13 -11
right_child=2 -3 7 4 -6 6 -8 8 -10 13 -12 12 -14 -15
leaf_value=2.6020939823904994e-05 0.0012573667128578641 -0.00041412632314823176 -1.3108134403303738e-06 -0.00015247932545151181 0.0023794758973906976 -4.7801694431966126e-05 0.0008738125429971549 0.00032744606011718343 -0.00026339515361261095 -0.00024830228264381769 0.00015880075790594797 -0.00068677527593082456 -0.00021416758925897215 1.9678099276521754e-05
leaf_weight=80748156.022876263 684371.95901608467 1378369.1949961185 2826409.2942352295 3675844.7685792446 294671.74180734158 540242.46778714657 346926.84121704102 2530657.9709119797 6628659.7818090916 1939369.3642883301 2152707.1054229736 1722681.5805664062 2974401.4654846191 23515305.268090725
leaf_count=70109 2240 942 1770 10354 3319 2609 509 2428 4920 1172 1571 1146 2069 14654
internal_value=3.13725e-05 0.000248904 -0.000327133 0.00119303 0.000306754 -0.000162707 0.00374124 -0.000517352 -0.000222412 0.000253207 -0.00157242 -0.00233759 -0.00369661 -1.32845e-05
internal_weight=1.31959e+08 8.21265e+07 4.98322e+07 5.54206e+06 4.85769e+06 4.56301e+06 887169 4.42902e+07 3.4614e+07 2.79853e+07 9.6762e+06 7.52349e+06 4.69708e+06 2.54547e+07
internal_count=119812 71051 48761 19031 16791 13472 3118 29730 23174 18254 6556 4985 3215 15826
is_linear=0
shrinkage=0.03


Tree=402
num_leaves=15
num_cat=3
split_feature=9 16 1 13 1 0 0 1 16 1 0 13 1 14
split_gain=10903.1 120385 82494.4 79329.6 61272.7 48741.5 46866.8 35010.6 34187.8 37928.4 46188.7 38836.4 34792.7 111648
threshold=89.500000000000014 0.051292865818768199 17.500000000000004 0.95662121211561602 8.5000000000000018 0 1 9.5000000000000018 0.052174601620179527 17.500000000000004 2 1.0191798250426214 8.5000000000000018 0.87434357228284487
decision_type=2 2 2 2 2 1 1 2 2 2 1 2 2 2
left_child=1 5 3 -3 -5 -1 -6 -7 -2 12 11 -11 13 -10
right_child=8 2 -4 4 6 7 -8 -9 9 10 -12 -13 -14 -15
leaf_value=-0.0015233112144778431 0.00014739215381495997 0.00058432206530144293 -0.00029642339187370013 -0.0001352095485930131 0.00025876720735353319 -0.00077440897346222508 -2.9932500057052374e-05 -2.2856491892867034e-05 0.00043873368577205727 0.00026454991050948637 -0.00013287020482698723 -8.203664456822262e-06 -8.2307221417829936e-05 -2.9923415058546446e-05
leaf_weight=768505.78495442867 18990529.792821288 2872740.6691706181 3130874.9127175808 2548284.7583217621 6325634.3903996944 802500.50909030437 3429699.4555053711 1646593.164693594 2626000.8120422363 6403541.5911102295 5545117.5983724594 4067944.9286346436 60787808.114297628 11994138.600476265
leaf_count=1802 45439 2141 1864 1130 3439 3291 2669 3250 1259 2917 4119 2269 38867 5333
internal_value=0.000105113 0.000722778 0.00166335 0.00257803 0.00152997 -0.0046288 0.00261201 -0.0025604 -1.52971e-05 -0.000255888 0.00106997 0.00224231 -0.000537499 0.000776482
internal_weight=1.3194e+08 2.15248e+07 1.83072e+07 1.51764e+07 1.23036e+07 3.2176e+06 9.75533e+06 2.44909e+06 1.10415e+08 9.14246e+07 1.60166e+07 1.04715e+07 7.54079e+07 1.46201e+07
internal_count=119789 19586 11243 9379 7238 8343 6108 6541 100203 54764 9305 5186 45459 6592
cat_boundaries=0 1 2 3
cat_threshold=68 410 61
is_linear=0
shrinkage=0.03


Tree=403
num_leaves=15
num_cat=4
split_feature=9 1 1 0 13 9 0 0 11 16 16 11 16 0
split_gain=12041.3 123435 104529 53478.8 50264.7 50188.5 55958.1 30151.4 26742.8 25608.2 42796.2 28273.6 23791 29766.7
threshold=89.500000000000014 18.500000000000004 7.5000000000000009 0 0.91837649239373609 68.500000000000014 1 2 1.0221330673894578 0.080905883085398492 0.065815805334954 1.019544107602844 0.052935951605260545 3
decision_type=2 2 2 1 2 2 1 1 2 2 2 2 2 1
left_child=1 2 5 -3 -4 -1 -7 9 -8 10 11 -6 13 -2
right_child=12 3 4 -5 7 6 8 -9 -10 -11 -12 -13 -14 -15
leaf_value=-0.0012585085377094507 0.00038041889245719169 -0.0011657569520273589 0.00059404876373247962 -0.00014353906011464542 0.00045430989757486211 -0.00081099417517408346 -0.00046562547120073625 1.1042196460045999e-05 -0.00021151055305025009 1.6884352713880404e-05 0.0004799688922847572 4.9469470303309925e-07 -1.8491991513707512e-05 1.1685871290918343e-05
leaf_weight=554117.15584921837 6992543.9548697472 1304611.6602554321 1848655.058955431 1953841.0727813244 1833923.153901577 537266.78203809261 503552.86034440994 5204353.4352722168 519213.50858402252 2907272.6764941216 2256684.6038184166 2385324.8768157959 89507130.258499861 14022089.844767809
leaf_count=1148 15841 1568 1562 3092 1044 1213 835 4000 1323 1182 1243 1414 53557 30986
internal_value=0.000145399 0.000789623 0.00173554 -0.00459548 0.00254321 -0.00454356 -0.00178876 0.00195261 0.00232932 0.00296837 0.00401846 0.00223489 1.82775e-05 0.000926667
internal_weight=1.32331e+08 2.18088e+07 1.85504e+07 3.25845e+06 1.64362e+07 2.11415e+06 1.56003e+06 1.45876e+07 1.02277e+06 9.38321e+06 6.47593e+06 4.21925e+06 1.10522e+08 2.10146e+07
internal_count=120008 19624 14964 4660 10445 4519 3371 8883 2158 4883 3701 2458 100384 46827
cat_boundaries=0 1 2 3 4
cat_threshold=76 73 410 74
is_linear=0
shrinkage=0.03


Tree=404
num_leaves=15
num_cat=2
split_feature=9 16 1 0 1 0 9 9 16 1 16 2 1 14
split_gain=12580.5 101641 82092.2 64407.7 50738.3 56993.8 36938.7 86126.9 33740.4 30370.4 24949.7 23394 23272.5 72037.3
threshold=89.500000000000014 0.051660970355294954 17.500000000000004 0 8.5000000000000018 1 69.500000000000014 74.500000000000014 0.069040338539711726 9.5000000000000018 0.039665157302135337 3.5000000000000004 8.5000000000000018 0.87434357228284487
decision_type=2 2 2 1 2 1 2 2 2 2 2 2 2 2
left_child=1 3 4 -1 -3 11 -7 -8 -9 10 -5 -6 13 -2
right_child=12 2 -4 9 5 6 7 8 -10 -11 -12 -13 -14 -15
leaf_value=-0.0015469241729746948 0.00033485395843881575 -5.4995421541328127e-05 -0.00030594146711376065 -0.00029819396476302954 0.00016482203537173811 0.00058250407785578634 -0.00013231072933312188 0.00024974920588703378 0.00087644164537184466 7.6003140470335339e-05 -0.0010612492650080175 -0.00042825921155535739 -2.1358570212891334e-05 1.0398433204563253e-05
leaf_weight=774525.31778073311 3192177.6699546576 3056123.0461616516 3103321.063904047 545983.93117821217 2001028.4252319336 2676775.8713932037 1634392.7922697067 3003555.1630554199 1618947.010266304 1717011.2297682762 257237.14911985397 1319649.0852966309 90425035.775125146 16661920.720931888
leaf_count=1798 5349 1418 1861 2942 1415 1558 962 1867 1049 3320 298 1124 71179 23638
internal_value=0.000125765 0.000785902 0.00165422 -0.00406698 0.00255604 0.0034185 0.00466584 0.0034041 0.00549701 -0.00174166 -0.00655665 6.27215e-05 -4.18395e-06 0.000925885
internal_weight=1.31988e+08 2.17086e+07 1.84138e+07 3.29476e+06 1.53105e+07 1.22543e+07 8.93367e+06 6.25689e+06 4.6225e+06 2.52023e+06 803221 3.32068e+06 1.10279e+08 1.98541e+07
internal_count=119778 19612 11254 8358 9393 7975 5436 3878 2916 6560 3240 2539 100166 28987
cat_boundaries=0 1 2
cat_threshold=68 100
is_linear=0
shrinkage=0.03


Tree=405
num_leaves=15
num_cat=3
split_feature=13 0 0 11 2 12 13 14 0 10 11 2 1 1
split_gain=9959.02 75902.5 9170.75 9060.91 13169.1 10513.7 8160.43 30835.7 24204.8 34308.6 32060.6 22687 19493.3 18198.8
threshold=1.5827002510397203 0 1 0.78683299918466465 2.5000000000000004 0.91874762502524698 0.97112998397949013 0.99053498868856404 2 1.0155051720594799 0.97444208477667915 3.5000000000000004 15.500000000000002 16.500000000000004
decision_type=2 1 1 2 2 2 2 2 1 2 2 2 2 2
left_child=3 -2 -3 4 -1 -5 7 13 10 11 -9 -10 -11 -7
right_child=1 2 -4 5 -6 6 -8 8 9 12 -12 -13 -14 -15
leaf_value=-4.8188389246605414e-05 0.020509351191501556 0.00018634079209081631 -0.0011217666012276486 -0.00025173525083458721 0.00053086989023583481 -3.2317897650517789e-05 -5.1685029911098061e-06 -0.00061798661431189579 0.00043693886364687726 0.00030030316549415709 0.00022564447980468898 8.2916775171522014e-05 -0.00032952700343006887 7.0506100669289845e-05
leaf_weight=959419.47211456299 297164.13530051708 559526.3361543417 338597.04769515991 1636520.8717575073 1138160.1453438997 26205727.270922184 77522162.53685689 828341.6251502037 3110277.5290145874 1987844.5734578371 2566458.3055714369 1482187.2324835062 1642562.4705612659 11677450.815552473
leaf_count=902 1299 1858 1456 1689 1424 23154 63507 1058 2271 2795 3681 1938 1973 10654
internal_value=0.00015957 0.00288552 -0.00146309 0.000134651 0.0020905 0.000102764 0.000133546 0.000434461 0.00178655 0.0026664 -0.000344617 0.00438932 0.000486905 1.98141e-05
internal_weight=1.31952e+08 1.19529e+06 898123 1.30757e+08 2.09758e+06 1.2866e+08 1.27023e+08 4.95008e+07 1.16177e+07 8.22287e+06 3.3948e+06 4.59246e+06 3.63041e+06 3.78832e+07
internal_count=119659 4613 3314 115046 2326 112720 111031 47524 13716 8977 4739 4209 4768 33808
cat_boundaries=0 1 2 3
cat_threshold=48 202 194
is_linear=0
shrinkage=0.03


Tree=406
num_leaves=15
num_cat=4
split_feature=9 16 13 0 11 9 16 2 0 16 0 0 16 12
split_gain=10964.9 98672.2 58961.9 46044.9 30463.2 26698.8 47162.9 34477.8 25707.4 22204 26806.5 24479.3 29626.1 28109.5
threshold=89.500000000000014 0.051292865818768199 0.9165133650555698 0 1.0164731896702961 68.500000000000014 0.070732717102147027 1.5000000000000002 1 0.052174601620179527 2 3 0.053649998474035857 1.0175878884720293
decision_type=2 2 2 1 2 2 2 2 1 2 1 1 2 2
left_child=1 3 -3 -1 -4 -6 7 -7 -8 10 -2 13 -13 -11
right_child=9 2 4 -5 5 6 8 -9 -10 11 -12 12 -14 -15
leaf_value=-0.0014176587061406358 0.00046596772765443157 0.00050625741846888918 0.0002273573547800518 -0.00020942903835458179 -0.00023867290017294182 -0.0002236616443102801 0.00033056464618273909 4.0483390830863907e-05 6.6755156043290492e-05 -1.9133990555625715e-05 3.9738537603552249e-05 -0.00020112443534094481 1.9079732382364537e-05 -0.00025097230962255342
leaf_weight=768379.67885708809 4172917.2102793455 2158155.7378675938 5243465.701687336 2453365.707043767 2740420.4390206337 1636723.0436706543 1889171.8232853413 2860344.2633881569 1819403.5244140625 16897559.297863245 14867756.307081342 3183093.069152832 59872593.427947998 11773106.592283487
leaf_count=1776 10335 1682 2737 6510 1673 1052 747 2032 1320 11003 35215 1869 34163 7711
internal_value=0.000117939 0.000736765 0.00158703 -0.00410545 0.000966103 6.54203e-05 0.00092165 -0.00114375 0.00342618 -2.56409e-06 0.000929696 -0.000196084 0.000134385 -0.000922886
internal_weight=1.32336e+08 2.15694e+07 1.83477e+07 3.22175e+06 1.61895e+07 1.09461e+07 8.20564e+06 4.49707e+06 3.70858e+06 1.10767e+08 1.90407e+07 9.17264e+07 6.30557e+07 2.86707e+07
internal_count=119825 19529 11243 8286 9561 6824 5151 3084 2067 100296 45550 54746 36032 18714
cat_boundaries=0 1 2 3 4
cat_threshold=68 400 72 392
is_linear=0
shrinkage=0.03


Tree=407
num_leaves=15
num_cat=1
split_feature=11 14 0 11 10 1 12 13 12 10 11 14 12 12
split_gain=12050.5 10138.9 26081.2 37279.4 19891.3 22419.9 20445.5 19427.6 19483.1 18085.1 16227.4 14356.1 13869.3 13253.5
threshold=1.3226651072567843 1.0574666454817534 0 0.94582335825913144 1.0243909741692858 11.500000000000002 1.0048876901737636 1.3010146422181246 1.0264271478443214 1.0616079765969781 1.0785647262416 1.0512532917611082 1.0762276900299448 1.0142516549446432
decision_type=2 2 1 2 2 2 2 2 2 2 2 2 2 2
left_child=1 11 3 -3 5 -4 -7 13 -9 -6 -11 -1 -12 -5
right_child=-2 2 4 7 9 6 -8 8 -10 10 12 -13 -14 -15
leaf_value=1.1262970664434466e-06 0.00042032377305275951 -0.00062792323401067354 3.3065062502659111e-05 -0.00010129631511653749 -0.00026443828214309608 0.0010574963714497028 0.000348382293701606 0.00011401147644791155 -0.001006518915852028 0.00094514153023973215 -0.00033782654028197178 -0.00024460335642352999 0.00053453226539048996 0.00032761133831035554
leaf_weight=114719046.50478792 1256825.3357048035 1048129.260556221 1517367.6628307104 1298785.9896028042 2015224.7800678015 1351014.8002481461 1625246.5447015762 482733.84706020355 433618.46225404739 781237.58156037331 947621.75041520596 2079709.9148344994 552059.16036093235 2168117.4354034662
leaf_count=92465 1076 1903 3473 1762 3290 1906 2007 1330 881 1822 1824 1915 1267 3003
internal_value=9.24273e-05 6.43825e-05 0.000820692 -0.00081368 0.0018306 0.00322602 0.00473906 0.000401692 -0.00348314 0.000371042 0.00220061 -2.7704e-05 0.000374268 0.00142851
internal_weight=1.32277e+08 1.3102e+08 1.42212e+07 5.43138e+06 8.78977e+06 4.49363e+06 2.97626e+06 4.38326e+06 916352 4.29614e+06 2.28092e+06 1.16799e+08 1.49968e+06 3.4669e+06
internal_count=119924 118848 24468 8879 15589 7386 3913 6976 2211 8203 4913 94380 3091 4765
cat_boundaries=0 1
cat_threshold=324
is_linear=0
shrinkage=0.03


Tree=408
num_leaves=15
num_cat=2
split_feature=13 1 0 0 1 12 13 16 16 12 16 1 9 16
split_gain=16353.9 28926.6 20599.1 20477.4 33179.2 37541.3 44091.4 46623.8 25839.2 22277.2 20141.1 30825.8 39661.9 39017.7
threshold=0.97234153124978284 6.5000000000000009 0 1 7.5000000000000009 1.0876464237402439 1.1236350966057607 0.065311385431554583 0.054281178458792413 1.067954796714975 0.096476869161371062 9.5000000000000018 89.500000000000014 0.070374416810937979
decision_type=2 2 1 1 2 2 2 2 2 2 2 2 2 2
left_child=1 2 -1 4 8 6 9 -8 -2 -6 11 -5 13 -13
right_child=3 -3 -4 10 5 -7 7 -9 -10 -11 -12 12 -14 -15
leaf_value=0.00038584514886064116 -1.3696797977268191e-05 5.6980630446135503e-05 -0.00049825548804732572 6.5369992383845622e-05 0.00028697115634567633 0.00085588324269443539 0.00013507664555301036 -0.00073392364715987922 -0.00079826090500700496 -0.00036893523592290668 -0.00018095609601951506 -2.3741911226959829e-05 -0.00011198544175338667 0.00029653040578372919
leaf_weight=320875.15897345543 816435.77807199955 51463647.231131792 1472834.196752429 13849227.917788148 9083552.5701212883 1716632.1275620461 2141888.2677938938 1793607.4715270996 612558.84942626953 1263261.8125309944 2723233.8685827255 5172124.1606218815 36443505.683530807 3148067.424990654
leaf_count=1987 4157 40522 8637 15259 8988 1804 3671 1534 546 1264 1001 3765 25030 1573
internal_value=0.000151488 0.000557542 -0.00318748 -0.000123071 0.000784393 0.0011756 0.000671782 -0.00203095 -0.00359548 0.00169979 -0.000380917 -0.000263737 -0.000646414 0.0012225
internal_weight=1.32021e+08 5.32574e+07 1.79371e+06 7.87641e+07 1.74279e+07 1.59989e+07 1.42823e+07 3.9355e+06 1.42899e+06 1.03468e+07 6.13362e+07 5.86129e+07 4.47637e+07 8.32019e+06
internal_count=119738 51146 10624 68592 21964 17261 15457 5205 4703 10252 46628 45627 30368 5338
cat_boundaries=0 1 2
cat_threshold=136 98
is_linear=0
shrinkage=0.03


Tree=409
num_leaves=15
num_cat=4
split_feature=13 0 16 13 9 12 12 0 10 0 12 12 0 12
split_gain=11171.7 65939.5 30655.3 10689.9 28767 21217 20113.1 16974.3 16867.8 44843.2 24791.9 45621.3 32402.7 25124.9
threshold=1.5827002510397203 0 0.050626979030067097 0.9165133650555698 72.500000000000014 1.1399017412380001 1.0926462481961561 1 1.0804981498706023 2 1.02768276543342 1.0411366704732052 3 1.0339868807011932
decision_type=2 1 2 2 2 2 2 1 2 1 2 2 1 2
left_child=3 -2 -3 4 -1 6 7 -6 -5 -10 12 13 -11 -12
right_child=1 2 -4 8 5 -7 -8 -9 9 10 11 -13 -14 -15
leaf_value=0.00033239436910927354 -0.052076450778008605 0.0022575226286811511 -0.0010396399906601008 -2.8317702934139248e-05 8.0547020941524746e-05 -0.0004712711349884758 0.0004679541074122878 -1.2649417383890229e-05 -0.00014915625214364177 -0.00033696823757107885 -4.0979296796903794e-05 0.00014678678703536528 0.00045190817245053974 -0.00055390282696430562
leaf_weight=1173661.6603503227 301409.82393741608 267175.15495479107 626785.53229165077 74492061.478280544 8043193.6783407927 1348344.4523932934 962529.05517411232 18336242.967138767 3633361.9724552631 1038104.9745129347 1727765.5048674345 14605947.739621639 4407966.5754814148 1293170.9169838428
leaf_count=1759 1294 2617 734 56430 9039 1385 1199 19656 1541 1315 1598 15658 4619 1167
internal_value=6.18061e-05 0.00294889 -0.00114249 3.54741e-05 0.000534223 0.000345902 0.00052707 0.000371645 -0.000111708 0.000535155 0.00102298 0.00047637 0.00279216 -0.00287955
internal_weight=1.32258e+08 1.19537e+06 893961 1.31062e+08 2.9864e+07 2.86903e+07 2.7342e+07 2.63794e+07 1.01198e+08 2.67063e+07 2.3073e+07 1.76269e+07 5.44607e+06 3.02094e+06
internal_count=120011 4645 3351 115366 33038 31279 29894 28695 82328 25898 24357 18423 5934 2765
cat_boundaries=0 1 2 3 4
cat_threshold=48 145 16 288
is_linear=0
shrinkage=0.03


Tree=410
num_leaves=15
num_cat=3
split_feature=10 10 10 11 0 11 1 1 0 12 0 16 11 10
split_gain=14240.9 47042.6 38633 46416.8 34943.3 35463.1 30394.9 51296.3 35174.6 28155.2 34306.9 27325.1 26218.8 52166.8
threshold=0.98774918197535599 0.9857309345025429 0.9817597133097965 0.97755348269850095 0 0.86737031308685941 17.500000000000004 11.500000000000002 1 1.0351016622858451 2 0.062033132775257162 0.9847744481008941 0.99583216397804264
decision_type=2 2 2 2 1 2 2 2 1 2 1 2 2 2
left_child=1 2 3 4 5 -1 7 -6 -8 10 -5 -11 -2 -14
right_child=12 -3 -4 9 6 -7 8 -9 -10 11 -12 -13 13 -15
leaf_value=2.9017306193466954e-05 0.00013330216376889302 0.00042845637961395401 -0.00038844580812595543 0.0018910797098030212 0.00016336307726080873 -0.0078100001806401453 0.00057086846294138627 -0.00017551362770567533 -2.3735851640888371e-05 0.00056718493349544781 0.00014152999950565616 -0.00022039005368450359 -0.00042875073796707204 -6.4153561853053683e-06
leaf_weight=2224074.5411888361 7300280.8332858086 1686545.9434450865 2155392.9439080954 1075837.7177363634 5597106.5939372778 2214379.3354356289 1898237.2373542786 6223841.6466064453 1641298.9801836014 936183.86674880981 1778019.6877690554 1260450.3916625977 3273980.120791316 93072204.310523868
leaf_count=2740 6359 1030 2213 1377 5565 2602 1516 3628 2070 1513 1647 839 2767 84208
internal_value=0.000108065 0.000699558 0.00039598 0.000730164 7.5307e-05 -0.00226929 0.000752786 2.25458e-05 0.00319156 0.00329733 0.00526249 0.000744216 -5.56714e-05 -0.000187013
internal_weight=1.32338e+08 2.86914e+07 2.70048e+07 2.48494e+07 1.97989e+07 4.43845e+06 1.53605e+07 1.18209e+07 3.53954e+06 5.05049e+06 2.85386e+06 2.19663e+06 1.03646e+08 9.63462e+07
internal_count=120074 26740 25710 23497 18121 5342 12779 9193 3586 5376 3024 2352 93334 86975
cat_boundaries=0 1 2 3
cat_threshold=98 25 34
is_linear=0
shrinkage=0.03


Tree=411
num_leaves=15
num_cat=5
split_feature=16 0 10 16 12 2 0 0 16 16 16 0 12 0
split_gain=22148.7 37721.1 29903.5 14075.5 9896.59 47553.1 164631 84260.5 72490.1 33869.1 32732.5 24371.6 22773.6 32150.6
threshold=0.090582173183061984 0 1.0450145130875153 0.096476869161371062 1.0557143713395758 4.5000000000000009 1 2 0.08186253286260016 0.077630109716740101 0.068192879003344239 3 1.0333425717838167 4
decision_type=2 1 2 2 2 2 1 1 2 2 2 1 2 1
left_child=4 2 -2 -3 12 7 -7 9 11 -6 -9 -8 -1 -14
right_child=1 3 -4 -5 5 6 8 10 -10 -11 -12 -13 13 -15
leaf_value=2.5950510324303107e-05 -8.8178411212558994e-05 -6.7781857856102256e-05 0.00053100449746718785 -0.00026734530564625147 0.00028949577600524906 -0.0023348023197571248 0.00052011917804385308 3.0066575393985191e-05 -0.0006206483266084354 0.00069430304573487461 -0.00035065118730952542 7.8477599574820728e-05 -0.00023974718739900767 0.00012721809281542246
leaf_weight=87712005.463897228 2574700.4320368767 6313812.5455932617 2001964.9307870865 3115296.3633117676 8100825.0998469591 937074.8569971323 741117.1575319767 4102946.2446848154 567110.61645340919 1614275.5874023438 1972581.1965332031 1340839.9072332382 7372774.655877471 3801731.6334018707
leaf_count=79464 1201 2415 1084 1703 8650 1418 1314 4903 491 843 1264 2990 6667 5385
internal_value=0.000126867 -0.00100121 0.0012335 -0.00208588 0.000260463 0.000880428 -0.00223815 0.00158867 0.00158487 0.00332168 -0.00118251 0.00417495 0.000138981 -0.00113653
internal_weight=1.32269e+08 1.40058e+07 4.57667e+06 9.42911e+06 1.18263e+08 1.93768e+07 3.58614e+06 1.57906e+07 2.64907e+06 9.7151e+06 6.07553e+06 2.08196e+06 9.88865e+07 1.11745e+07
internal_count=119792 6403 2285 4118 113389 21873 6213 15660 4795 9493 6167 4304 91516 12052
cat_boundaries=0 1 2 3 4 5
cat_threshold=448 2 302 145 76
is_linear=0
shrinkage=0.03


Tree=412
num_leaves=15
num_cat=4
split_feature=9 0 9 0 9 0 16 0 1 14 11 14 16 9
split_gain=16779.7 54081.4 28580.1 89325.9 16204.8 53947.6 22675.4 18747.3 37398.7 46982.7 56655.8 51058.8 52810.8 44218.9
threshold=65.500000000000014 0 69.500000000000014 1 74.500000000000014 2 0.067651891954113669 3 9.5000000000000018 0.95196987159014379 0.92988574658020606 1.0237796223741646 0.069300023199382402 89.500000000000014
decision_type=2 1 2 1 2 1 2 1 2 2 2 2 2 2
left_child=1 -1 3 -2 5 -4 -7 -6 9 -9 -11 12 -12 -10
right_child=2 -3 4 -5 7 6 -8 8 13 10 11 -13 -14 -15
leaf_value=0.00013638588525319886 0.00051227683921477405 -0.00046057097034076449 0.00034383850534213376 -0.00044028260778372364 0.00011378440277206102 -0.00044371508898380108 -4.5017255525559052e-05 0.00019870472175905857 0.00014215314594659672 0.00032811558196425952 4.9016642616655357e-05 0.00022600108872130741 -0.00023088763594532433 -5.7635301082619556e-05
leaf_weight=1624346.5280940533 1822550.6189899445 2081906.8286831379 1166216.9159895182 1099342.406437993 28203393.672453642 1603244.6527519226 1202332.8171081543 7482217.6354544163 6496185.8835890293 1419879.904968977 4475617.349547863 4231599.4523720741 5702611.0995483398 63589787.264615297
leaf_count=1315 1580 1585 1152 1274 36171 1771 585 8449 4661 1778 5375 7824 2079 44302
internal_value=0.000141759 -0.00184832 0.00019916 0.00313226 0.000130911 -0.00175478 -0.00400897 0.000192503 -1.21905e-05 0.00102871 0.000102773 -0.00046061 -0.00161206 -0.000358412
internal_weight=1.32201e+08 3.70625e+06 1.28495e+08 2.92189e+06 1.25573e+08 3.97179e+06 2.80558e+06 1.21601e+08 9.33979e+07 2.33119e+07 1.58297e+07 1.44098e+07 1.01782e+07 7.0086e+07
internal_count=119901 2900 117001 2854 114147 3508 2356 110639 74468 25505 17056 15278 7454 48963
cat_boundaries=0 1 2 3 4
cat_threshold=326 409 388 98
is_linear=0
shrinkage=0.03


Tree=413
num_leaves=15
num_cat=2
split_feature=12 12 3 0 3 12 16 16 10 12 12 1 0 14
split_gain=11171.4 11627.5 24303.6 60475.5 24995.7 9894.81 8783.92 20475.7 16371 15997.4 11713.3 38649.7 27494.9 22069.4
threshold=1.1713962242554434 1.1153931218449846 1.0000000180025095e-35 0 1.5000000000000002 1.1082288400369311 0.099461805862942745 0.093489802824248333 1.0293999222527417 1.0159481287294361 1.0557143713395758 7.5000000000000009 1 0.90840199936571642
decision_type=2 2 2 1 2 2 2 2 2 2 2 2 1 2
left_child=1 5 3 -3 -4 6 7 10 -9 -8 -1 -12 -13 -14
right_child=-2 2 4 -5 -6 -7 9 8 -10 -11 11 12 13 -15
leaf_value=-7.8477832020008126e-07 -0.00033110420282593284 0.00062769431693121135 0.00023786587144663515 -0.00029617451193657897 -0.00051889145486863208 -0.00017602766528405908 0.00033700580275980311 -0.00027938568899407641 -1.8320591628105204e-05 -3.8271433370839641e-05 -0.00035239829184307051 0.00027324754346228994 -0.00045990310946506083 0.00013845973941391945
leaf_weight=102151431.42286015 1707784.8942149878 2256227.5629478693 903069.51780962944 1410329.1004371643 958898.65357148647 1300938.656080246 1574828.2357406616 2821219.3232212067 2634615.9411621094 1724343.625549078 1236644.0143551826 4770940.3832377195 1337715.0525507927 5242852.1617918015
leaf_count=92978 1691 1982 782 1207 1581 826 921 983 1100 1223 3505 3129 1816 6120
internal_value=5.93953e-05 9.09847e-05 0.0014373 0.00285476 -0.00135392 3.13419e-05 5.87595e-05 1.68415e-05 -0.00177881 0.00158591 0.000102224 0.00096569 0.00151436 0.000257194
internal_weight=1.32032e+08 1.30324e+08 5.52852e+06 3.66656e+06 1.86197e+06 1.24796e+08 1.23495e+08 1.20195e+08 5.45584e+06 3.29917e+06 1.1474e+08 1.25882e+07 1.13515e+07 6.58057e+06
internal_count=119844 118153 5552 3189 2363 112601 111775 109631 2083 2144 107548 14570 11065 7936
cat_boundaries=0 1 2
cat_threshold=102 281
is_linear=0
shrinkage=0.03


Tree=414
num_leaves=15
num_cat=1
split_feature=13 0 16 16 10 10 10 12 10 10 10 9 9 16
split_gain=16886.9 74806.6 16956.3 15905.6 13317.6 47989 27675.5 91035.1 30170.7 24508.5 36895.4 25004.3 24443.5 62524.3
threshold=1.5827002510397203 0 0.051660970355294954 0.038009580956616364 0.98774918197535599 0.9857309345025429 0.99583216397804264 0.99666199701913605 0.99026110741411444 0.99820296043893053 0.99949619706298598 63.500000000000007 69.500000000000014 0.075391371678797447
decision_type=2 1 2 2 2 2 2 2 2 2 2 2 2 2
left_child=4 -2 3 -3 5 -1 7 -6 -9 -8 -11 -12 13 -13
right_child=1 2 -4 -5 6 -7 9 8 -10 10 11 12 -14 -15
leaf_value=2.6002479057632952e-05 0.02364034927228411 0.0031437884406240878 -0.00086513721307845449 -0.000744941146716312 0.00030577937340958337 0.00048182577236090387 0.00018016744006357026 -0.00026356883872618431 -0.001403935297515146 -0.00057170530936458933 -0.00051157751269427564 0.00044565702769395088 -7.934687755999267e-06 -0.0003161560287171639
leaf_weight=26714002.466207385 289937.03888189793 166245.21477031708 604295.51832056046 106580.24595713615 1356858.4250141382 1666304.3954725266 2662429.2690806389 1517124.6197856665 1509706.8910896778 1295628.6612068415 1603165.2301470041 2584982.1535013914 89063228.79247582 1226672.1644220352
leaf_count=24566 1277 2396 705 211 1293 995 1450 1158 1221 950 1239 2861 79217 635
internal_value=4.17221e-05 0.00363447 -0.000732453 0.00547535 9.76364e-06 0.000585067 -0.000149032 -0.00248135 -0.00537588 -4.51657e-05 -0.000124091 -5.51374e-05 8.9841e-06 0.00236158
internal_weight=1.32367e+08 1.16706e+06 877121 272825 1.312e+08 2.83803e+07 1.0282e+08 4.38369e+06 3.02683e+06 9.84361e+07 9.57737e+07 9.4478e+07 9.28749e+07 3.81165e+06
internal_count=120174 4589 3312 2607 115585 25561 90024 3672 2379 86352 84902 83952 82713 3496
cat_boundaries=0 1
cat_threshold=48
is_linear=0
shrinkage=0.03


Tree=415
num_leaves=15
num_cat=0
split_feature=14 1 1 2 16 13 13 14 1 12 16 1 1 14
split_gain=12277.6 34556.3 47979.1 39625.8 17637.2 14584.1 10298.3 27951.7 36507.3 68303.7 42660.5 29882.5 26397.3 23970.5
threshold=1.1408790155553841 12.500000000000002 7.5000000000000009 4.5000000000000009 0.063215648643965172 1.3893699313914467 0.97112998397949013 0.92652781902703107 8.5000000000000018 0.9927388970595955 0.065815805334954 8.5000000000000018 12.500000000000002 0.89291432728637565
decision_type=2 2 2 2 2 2 2 2 2 2 2 2 2 2
left_child=6 2 5 4 -3 -2 7 8 9 -1 -11 -9 -13 -8
right_child=1 3 -4 -5 -6 -7 13 11 -10 10 -12 12 -14 -15
leaf_value=-0.00036289154159231988 0.00052848660602095759 0.00090672705688694185 -0.0010637187543881519 0.0035908394995517864 -0.0004033246929865085 0.0047460598100622295 0.00015380643711866522 -6.7757840365282579e-05 -9.3524476845504158e-05 -4.7409477432462135e-05 0.00043116430644094564 0.00028311842754339138 7.0017763556271112e-05 -2.5551186985537991e-05
leaf_weight=972488.28825283051 222675.43300199509 816108.78184556961 1050862.5928717852 606702.86864078045 879165.49014282227 138323.4392054081 4976205.9391928911 5218103.8372461796 18007049.724937201 772772.08218276501 1712693.0271606445 6840600.2198762894 18499937.993845701 71691494.250992298
leaf_count=1623 2997 2235 1521 1520 819 2616 4891 6763 14401 4065 777 5021 15162 55623
internal_value=9.41468e-05 0.0017947 -0.00190042 0.004061 0.00170634 0.00753521 4.50715e-05 0.000370859 -0.000458851 0.00236445 0.00500183 0.000953665 0.00137937 -0.000175995
internal_weight=1.32405e+08 3.71384e+06 1.41186e+06 2.30198e+06 1.69527e+06 360999 1.28691e+08 5.20236e+07 2.1465e+07 3.45795e+06 2.48547e+06 3.05586e+07 2.53405e+07 7.66677e+07
internal_count=120034 11708 7134 4574 3054 5613 108326 47812 20866 6465 4842 26946 20183 60514
is_linear=0
shrinkage=0.03


Tree=416
num_leaves=15
num_cat=2
split_feature=13 0 16 5 2 13 0 14 13 10 10 13 14 11
split_gain=12721.6 67204.9 21221.6 9801.5 17754 27299.8 95711 22797.8 39764.8 34953 31961.8 49167.1 39128.3 26714.4
threshold=1.5827002510397203 0 0.050626979030067097 1.0000000180025095e-35 3.5000000000000004 0.71120509979220137 1 1.0730559973402756 0.89277546044186062 1.0160270175798636 1.0293999222527417 1.0314632451524928 0.77161301694020135 1.0023540593275329
decision_type=2 1 2 2 2 2 1 2 2 2 2 2 2 2
left_child=3 -2 -3 4 5 6 -1 10 -9 -10 11 -6 -12 -14
right_child=1 2 -4 -5 7 -7 -8 8 9 -11 12 -13 13 -15
leaf_value=0.0016159790893433455 0.022068638121298723 0.001998261913885416 -0.00083830596277304685 -0.00021011705193911231 -5.7658968888439337e-05 1.8940632062349957e-05 -1.053888006739746e-05 -0.0024877507423434349 0.0010871640456492793 5.4818668720703048e-05 -0.00065042954229023995 -0.00044591587042440932 0.00052284737350251733 1.9090609284279115e-05
leaf_weight=1050404.0889562368 291457.03191816807 265786.879160285 618174.09191679955 2057203.2548291683 13427195.679082632 82580524.809344649 2578707.3539903164 487476.02230930328 1369020.4461036921 1614586.8084508181 1288181.579005599 4918145.0113271475 1103335.4869099855 18708601.500347018
leaf_count=1988 1259 2595 723 1497 12421 61066 3180 1894 2429 3383 1865 4933 1116 19419
internal_value=0.000105915 0.00321304 -0.000906086 7.80752e-05 0.000110806 0.000359003 0.00290561 -0.000387766 0.00194312 0.00324103 -0.000592877 -0.00150871 0.00020339 0.00053281
internal_weight=1.32359e+08 1.17542e+06 883961 1.31183e+08 1.29126e+08 8.62096e+07 3.62911e+06 4.29165e+07 3.47108e+06 2.98361e+06 3.94455e+07 1.83453e+07 2.11001e+07 1.98119e+07
internal_count=119768 4577 3318 115191 113694 66234 5168 47460 7706 5812 39754 17354 22400 20535
cat_boundaries=0 1 2
cat_threshold=48 131
is_linear=0
shrinkage=0.03


Tree=417
num_leaves=15
num_cat=0
split_feature=13 16 14 12 11 16 16 12 11 16 12 13 16 16
split_gain=14433.5 23450.4 9861.32 13838.9 22437.3 19630.2 18240.7 17921.8 19109.8 20583 15320.2 12307 18885.4 14193
threshold=1.5827002510397203 0.040648969563471166 1.0592675685713924 0.98366571989275564 1.0323118499713326 0.04833514407008515 0.076430906454491812 1.0762276900299448 1.0993817019966132 0.052935951605260545 1.029585465119887 1.1236350966057607 0.080644508632545811 0.02149461468853919
decision_type=2 2 2 2 2 2 2 2 2 2 2 2 2 2
left_child=2 -2 11 5 6 -4 10 8 9 -6 -5 13 -13 -1
right_child=1 -3 3 4 7 -7 -8 -9 -10 -11 -12 12 -14 -15
leaf_value=-0.00035700040899107761 0.0037290603701490427 0.00025035077349102165 0.00061307307617349601 9.8461877139081953e-05 -0.00066308786564034199 -0.00057655082990708218 0.00058616610859161546 0.00052372170804793191 -0.00048254044837169361 0.0002728522523751321 0.00056507087530282326 -4.3435174794375961e-05 -0.00062169750204321141 1.1137218157473496e-05
leaf_weight=2935927.547906518 265809.31336307526 904698.25983381271 571224.16969609261 3632059.7775123119 910223.92754566669 1089012.2994537354 1406445.3900756836 875574.67214477062 1202618.5852640867 1831119.2283420563 995924.68359601498 5714822.9550044537 1474825.7146444321 108324089.35055113
leaf_count=17042 3374 1250 2227 5934 2998 1014 971 1945 1734 1586 1388 7761 942 69765
internal_value=0.000136685 0.00345325 0.000107043 0.000907943 0.00129812 -0.00164287 0.0025171 -0.000228138 -0.0010901 0.000293033 0.00160783 2.24275e-05 -0.00118052 0.000100162
internal_weight=1.32134e+08 1.17051e+06 1.30964e+08 1.25142e+07 1.0854e+07 1.66024e+06 6.03443e+06 4.81954e+06 3.94396e+06 2.74134e+06 4.62798e+06 1.1845e+08 7.18965e+06 1.1126e+08
internal_count=119931 4624 115307 19797 16556 3241 8293 8263 6318 4584 7322 95510 8703 86807
is_linear=0
shrinkage=0.03


Tree=418
num_leaves=15
num_cat=3
split_feature=12 0 1 16 0 1 16 13 13 1 2 0 16 9
split_gain=9926.97 13264.4 27981.3 45137.9 21761.9 39639.4 20347.1 18178 23804.6 16420.8 62623.1 44524.4 38984.7 37261.4
threshold=1.1713962242554434 0 7.5000000000000009 0.05852787979769019 1 14.500000000000002 0.038009580956616364 1.1303320200518308 0.90630343675259095 9.5000000000000018 1.5000000000000002 2 0.093489802824248333 89.500000000000014
decision_type=2 1 2 2 1 2 2 2 2 2 2 1 2 2
left_child=1 2 -1 4 5 -4 -7 8 -5 10 11 -3 13 -12
right_child=-2 9 3 7 -6 6 -8 -9 -10 -11 12 -13 -14 -15
leaf_value=-0.00032541156146896882 -0.00035138200585100091 0.0002364215954198054 0.00092116420518159397 -0.00014856203004431586 0.00014858667471235267 0.00082632262723908651 -0.00054690086181726058 -0.00031900832119443814 0.00012431727677973936 -2.5178383752305986e-05 -0.00022001086452762535 -5.5398405554494955e-06 -0.000181046549822913 6.2143455642032057e-05
leaf_weight=2176335.7548691034 1689510.6858309507 5959282.0057345629 2602330.9000244141 3586215.2977600098 3109580.6696090698 723352.05142211914 653016.90795898438 1923108.7167358398 10520382.894897461 78951859.986708641 2254426.5655791759 3736212.1966525316 2965032.6911625862 11390004.29505372
leaf_count=6822 1680 4337 1986 2315 4738 1826 674 1298 6814 61431 3217 4592 1154 17171
internal_value=6.81636e-05 9.77327e-05 0.000714596 0.00102074 0.00301421 0.00448374 0.000366305 0.00013924 0.000512251 -5.05061e-05 0.00059866 0.00251451 -0.000519688 0.000157841
internal_weight=1.32241e+08 1.30551e+08 2.52943e+07 2.3118e+07 7.08828e+06 3.9787e+06 1.37637e+06 1.60297e+07 1.41066e+07 1.05257e+08 2.6305e+07 9.69549e+06 1.66095e+07 1.36444e+07
internal_count=120055 118375 26473 19651 9224 4486 2500 10427 9129 91902 30471 8929 21542 20388
cat_boundaries=0 1 2 3
cat_threshold=66 2 280
is_linear=0
shrinkage=0.03


Tree=419
num_leaves=15
num_cat=3
split_feature=10 10 10 11 10 11 1 0 1 10 0 13 0 2
split_gain=14573.4 54508.5 29845 72938.6 28055.2 44688.7 32307.4 41921.7 31794.3 30764.4 24899.6 21761.7 27407.3 18644.7
threshold=0.98774918197535599 0.9857309345025429 0.99583216397804264 0.99579473430313603 0.9817597133097965 0.97755348269850095 17.500000000000004 0 14.500000000000002 0.86478281687913083 1 0.95523944968064278 2 1.0000000180025095e-35
decision_type=2 2 2 2 2 2 2 1 2 2 1 2 1 2
left_child=1 4 3 -2 5 6 8 -8 10 -9 -1 -7 -13 -12
right_child=2 -3 -4 -5 -6 11 7 9 -10 -11 13 12 -14 -15
leaf_value=0.00039512914822941884 0.00012773335040126778 0.00045607508354511366 4.7580972214728216e-06 -0.00065577374965814449 -0.00028684489538347702 8.912407193963949e-05 0.00044937577261900774 0.00020747727383474613 -0.00028850115565368339 -0.00055479292570458322 -0.00025677246784542104 0.00074819559101810512 8.2763980759847393e-05 8.3671674040797541e-06
leaf_weight=1992721.8465459347 2005586.3856705427 1700571.8709849119 99401322.800122023 2366905.5907176733 2150374.7337931395 2146909.4150774479 1904512.607831955 1580440.0554280281 4328700.7997131348 1060118.9869117737 1510125.504050374 1840393.0782061815 1033529.7472981215 7298361.813062191
leaf_count=2768 2048 1038 89501 1679 2230 2183 1498 2192 2550 1359 1124 1883 1278 6552
internal_value=0.000111666 0.000711945 -5.34629e-05 -0.0024792 0.000382008 0.000668183 2.35105e-05 0.00224152 -0.000642786 -0.000205379 0.000227818 0.00319444 0.0049015 -0.000457283
internal_weight=1.32321e+08 2.85468e+07 1.03774e+08 4.37249e+06 2.68462e+07 2.46958e+07 1.9675e+07 4.54507e+06 1.51299e+07 2.64056e+06 1.08012e+07 5.02083e+06 2.87392e+06 8.80849e+06
internal_count=119883 26655 93228 3727 25617 23387 18043 5049 12994 3551 10444 5344 3161 7676
cat_boundaries=0 1 2 3
cat_threshold=25 384 294
is_linear=0
shrinkage=0.03


Tree=420
num_leaves=15
num_cat=4
split_feature=2 16 11 0 1 0 16 16 11 1 0 11 14 0
split_gain=9919.3 19782.2 29142.7 28392.2 28152.6 18033 26968.1 24770.2 16069.5 35341.7 27934.7 85466.4 26926.5 20186.8
threshold=1.0000000180025095e-35 0.060170933035498107 0.96841507918557901 0 17.500000000000004 1 0.042688784365488237 0.032359141224377538 0.96422914078869548 18.500000000000004 2 0.92988574658020606 1.0080598070875928 3
decision_type=2 2 2 1 2 1 2 2 2 2 1 2 2 1
left_child=1 2 -1 -3 -5 -4 7 -7 9 10 11 -2 13 -12
right_child=8 3 5 4 -6 6 -8 -9 -10 -11 12 -13 -14 -15
leaf_value=-0.00033156499035960808 -0.00024811213387205926 -0.00033568557755106341 4.3153578088201344e-05 2.3354126008096539e-06 0.00032800467549026568 -0.0026277473237630257 -0.00042755092557767094 0.00066206534468994671 6.9649149189546706e-06 0.00053517010240139071 0.0001697940611218338 0.0015504960333713868 -0.00025389602875851378 -4.8248965311147168e-05
leaf_weight=1598058.1150060892 1078657.8857780695 2058292.8934326172 4329015.7162235975 8751482.5740356445 2634796.8090209961 500839.43629145622 2196817.4319152832 438132.80471801758 91948933.155776501 2716380.3118209839 5039295.5970392227 926502.33710300922 3416674.7656502724 4800687.2537351847
leaf_count=1951 1469 1470 5179 4113 1142 2006 1464 343 85670 3946 2843 1230 3833 3410
internal_value=0.00012294 -0.000450847 -0.00153412 0.000279376 0.000865528 -0.000746997 -0.00247947 0.00177596 0.000240422 0.00106072 0.000499562 0.00379969 3.91284e-07 0.000797098
internal_weight=1.32435e+08 2.25074e+07 9.06286e+06 1.34446e+07 1.13863e+07 7.46481e+06 3.13579e+06 938972 1.09927e+08 1.79782e+07 1.52618e+07 2.00516e+06 1.32567e+07 9.83998e+06
internal_count=120069 17668 10943 6725 5255 8992 3813 2349 102401 16731 12785 2699 10086 6253
cat_boundaries=0 1 2 3 4
cat_threshold=34 370 129 274
is_linear=0
shrinkage=0.03


Tree=421
num_leaves=15
num_cat=5
split_feature=13 0 1 9 11 0 0 1 0 9 0 12 12 10
split_gain=9649.17 76554.5 8496.25 36546.1 26414.5 26038.4 10935.6 8894.55 36864.3 52278.9 23995.2 30188.7 21891.4 27736.1
threshold=1.5827002510397203 0 21.500000000000004 82.500000000000014 0.99469405307571501 1 2 6.5000000000000009 3 82.500000000000014 4 1.0002001870955406 0.98886300231096069 1.0647914447174665
decision_type=2 1 2 2 2 1 1 2 1 2 1 2 2 2
left_child=2 -2 7 -4 6 -6 -5 8 -1 -10 11 -11 -12 -14
right_child=1 -3 3 4 5 -7 -8 -9 9 10 12 -13 13 -15
leaf_value=-0.00096076599905358523 0.021381282046729025 -0.0016251691806749792 -0.0022820976235554086 0.0018710671614642028 0.0010340035255933322 -0.00072864866047668358 9.7090811529563405e-05 1.2529411948334009e-05 -0.0007880535967986599 0.0020768278135915585 -0.00056853146059849256 0.00023756757786470267 0.00034624382568590841 -0.00043967853792446023
leaf_weight=894193.87231338024 300352.65754389763 900755.30006194115 331367.51219964027 354419.34788894653 487621.6203315258 1259842.8019497395 267515.86168622971 123889451.13733256 479837.32243514061 259660.10721099377 482789.27068734169 744756.53657150269 1183596.2696671486 670475.28471529484
leaf_count=4560 1288 3335 1348 845 2329 4592 1642 83841 1847 1110 2231 2775 4765 3462
internal_value=9.39804e-05 0.00277067 6.94956e-05 -0.00159575 -0.000290677 -0.00218037 0.00501884 0.000104467 -0.00117438 0.00010882 0.0014386 0.00531639 -0.000228148 0.00125354
internal_weight=1.32507e+08 1.20111e+06 1.31306e+08 2.70077e+06 2.3694e+06 1.74746e+06 621935 1.28605e+08 4.71531e+06 3.82111e+06 3.34128e+06 1.00442e+06 2.33686e+06 1.85407e+06
internal_count=119970 4623 115347 10756 9408 6921 2487 104591 20750 16190 14343 3885 10458 8227
cat_boundaries=0 1 2 3 4 5
cat_threshold=48 322 28 3 136
is_linear=0
shrinkage=0.03


Tree=422
num_leaves=15
num_cat=4
split_feature=16 0 2 12 12 1 2 0 0 16 16 0 14 13
split_gain=12161.1 25510.8 37169.2 9757.72 16494.6 45147.1 28113.6 80929.1 54257.2 38407.4 26800.5 32531.2 25161.4 37516.5
threshold=0.093489802824248333 0 1.5000000000000002 1.165234938327268 1.0557143713395758 7.5000000000000009 4.5000000000000009 1 2 0.077630109716740101 0.067651891954113669 3 0.96046889402853342 0.9042122871000764
decision_type=2 1 2 2 2 2 2 1 1 2 2 1 2 2
left_child=3 2 -2 4 -1 10 8 -8 -7 -9 11 -6 13 -10
right_child=1 -3 -4 -5 5 6 7 9 12 -11 -12 -13 -14 -15
leaf_value=2.3967119921797541e-06 3.4439280632753533e-05 0.00010302775927238814 -0.0002561013082705881 -0.00026874639666106656 0.00094799335127583649 -0.00014359075594036735 -0.0014091592069267495 0.00050559301780489421 0.00059889626807072243 -0.00025376704756271463 -0.00088267627443835853 -0.00041336625074808351 0.00052112802790554651 -7.4400083481879076e-05
leaf_weight=102357118.35051203 2560792.0729980469 3752567.6702876091 3051514.1263427734 1818027.5908676386 282029.64725458622 2836746.6464242935 976359.89909744263 1372295.6410956383 1192063.474252224 850670.68593478203 669906.94413566589 956707.58988404274 6488198.0111460686 2818683.1260690689
leaf_count=93020 1021 1986 1551 2039 1421 2077 1664 2047 1119 675 347 3157 5333 2354
internal_value=7.3913e-05 -0.000968103 -0.00224844 0.000153496 0.000186327 0.00101216 0.00151644 -0.00100911 0.00212234 0.00215306 -0.00335654 -0.000742282 0.00311701 0.00124906
internal_weight=1.31984e+08 9.36487e+06 5.61231e+06 1.22619e+08 1.20801e+08 1.84437e+07 1.6535e+07 3.19933e+06 1.33357e+07 2.22297e+06 1.90864e+06 1.23874e+06 1.04989e+07 4.01075e+06
internal_count=119811 4558 2572 115253 113214 20194 15269 4386 10883 2722 4925 4578 8806 3473
cat_boundaries=0 1 2 3 4
cat_threshold=58 34 144 165
is_linear=0
shrinkage=0.03


Tree=423
num_leaves=15
num_cat=3
split_feature=13 14 1 14 16 16 1 0 2 16 1 0 1 0
split_gain=11427.3 28174.9 35275.8 44019.5 54089 80285.7 29808.7 42734.4 23578.3 34847.9 48196 56492.1 41126.8 55792.3
threshold=0.97234153124978284 0.92190481170433314 8.5000000000000018 0.86472078848466893 0.090582173183061984 0.041128545564504647 7.5000000000000009 0 4.5000000000000009 0.055837334735462339 10.500000000000002 1 14.500000000000002 2
decision_type=2 2 2 2 2 2 2 1 2 2 2 1 2 1
left_child=1 2 3 4 5 -1 7 -3 9 -2 11 -11 13 -12
right_child=8 6 -4 -5 -6 -7 -8 -9 -10 10 12 -13 -14 -15
leaf_value=-0.00074625539641603566 3.8303084255093078e-05 0.0001256864985772934 -0.00010490735646996477 -0.00029056048076254266 -3.7507683360056027e-05 0.00096758146286086608 0.00010803736381205386 -0.00035218308266288473 9.9132650896688584e-05 0.00012197087548843853 -9.6661144651700206e-06 -0.00015040498381993668 -7.5540623323346685e-05 -0.00068868670219259399
leaf_weight=376045.43345761299 19210341.743487 874069.24108219147 17007511.090563059 1009674.2420763969 833570.029296875 1084123.2994990349 29735990.221215606 2132062.6279927492 14188092.153512836 9523999.700592041 2199457.6510925293 7163377.0021972656 22933863.303100586 3811210.6672668457
leaf_count=3397 25831 1682 13739 1817 353 602 23793 5618 18961 3805 2130 4208 11574 2287
internal_value=6.34225e-05 0.000403996 -0.000473784 0.00236305 0.00466068 0.00814143 0.00094851 -0.00189842 -0.000165205 -0.000407594 -0.000858841 0.000425209 -0.00159913 -0.00380804
internal_weight=1.32083e+08 5.3053e+07 2.03109e+07 3.30341e+06 2.29374e+06 1.46017e+06 3.27421e+07 3.00613e+06 7.90303e+07 6.48423e+07 4.56319e+07 1.66874e+07 2.89445e+07 6.01067e+06
internal_count=119797 51001 19908 6169 4352 3999 31093 7300 68796 49835 24004 8013 15991 4417
cat_boundaries=0 1 2 3
cat_threshold=12 89 226
is_linear=0
shrinkage=0.03


Tree=424
num_leaves=15
num_cat=4
split_feature=16 16 14 1 0 0 16 0 0 12 9 12 12 11
split_gain=12966.2 25754 34303.8 21756.3 30237.3 18123.8 17681.5 18438.2 16141.9 37674.6 60616.6 44492.5 51026.6 50835.5
threshold=0.076430906454491812 0.080905883085398492 0.91205692413839945 8.5000000000000018 0 1 0.074048259002629541 2 3 1.0185072359810103 84.500000000000014 1.080090879916801 1.1399017412380001 1.0051616974116562
decision_type=2 2 2 2 1 1 2 1 1 2 2 2 2 2
left_child=6 2 -2 4 -3 -4 8 -8 9 -1 -11 13 -13 -12
right_child=1 3 5 -5 -6 -7 7 -9 -10 10 11 12 -14 -15
leaf_value=0.00020896350851196978 -0.00012006999778911651 0.0003271123105038266 0.00034608968251010458 -1.9065001496767738e-05 2.0209124675087761e-05 0.00017862416301915634 -1.803934442515517e-05 -0.00048997044708148343 -4.0395042423566628e-05 0.00067587688021924716 0.00026843197994405891 0.00060619047512291708 -0.00024717101048555499 -0.00046221758794751826
leaf_weight=13321193.959248662 1537317.1383666992 2991663.6413550377 2282729.0233764648 21572237.079574704 7329611.3540649414 4107882.4027328491 1926444.7787780762 1668887.2561368942 61071448.929901838 847896.32419013977 2121649.2192100286 1802684.6673249006 2053800.7231832743 7524707.6564894915
leaf_count=14165 971 1355 1262 11848 2623 2967 1117 1237 64536 1625 2412 2397 2005 9291
internal_value=0.000176159 0.000628652 0.00215888 0.000248275 0.00138105 0.00312676 -1.89802e-05 -0.00208145 6.45783e-05 0.000665655 -0.000400842 -0.000889426 0.00183414 -0.00197827
internal_weight=1.3216e+08 3.98214e+07 7.92793e+06 3.18935e+07 1.03213e+07 6.39061e+06 9.23387e+07 3.59533e+06 8.87434e+07 2.76719e+07 1.43507e+07 1.35028e+07 3.85649e+06 9.64636e+06
internal_count=119811 21026 5200 15826 3978 4229 98785 2354 96431 31895 17730 16105 4402 11703
cat_boundaries=0 1 2 3 4
cat_threshold=321 49 150 42
is_linear=0
shrinkage=0.03


Tree=425
num_leaves=15
num_cat=3
split_feature=13 9 0 9 1 1 0 1 16 16 0 2 16 9
split_gain=10384.3 23800.2 19206.2 18414.7 99379 97783.5 40808.8 37733.1 37728.3 37514.1 35264.7 41959.6 41470.7 33907.5
threshold=1.0542824193163163 67.500000000000014 0 89.500000000000014 17.500000000000004 7.5000000000000009 1 17.500000000000004 0.052593091820404066 0.033731398184704074 2 1.0000000180025095e-35 0.059185428176345513 84.500000000000014
decision_type=2 2 1 2 2 2 1 2 2 2 1 2 2 2
left_child=3 -2 -3 4 5 -1 -6 8 9 -5 11 -10 -13 -7
right_child=1 2 -4 7 6 13 -8 -9 10 -11 -12 12 -14 -15
leaf_value=-0.00040948551742386527 -0.00039529677733524522 -0.00037011777197709585 2.7272036822922665e-06 -0.0001386740276081022 -0.00081347796979394562 0.00022013597445902545 -8.6807418771355738e-05 0.00010542496495676778 -0.00025601391848403251 0.0004644211930103472 -7.0577346547059914e-05 0.00052088150086916207 3.0231051146903393e-05 0.00049750264428251626
leaf_weight=1394713.5160862207 1382188.7181173563 3113017.5452376604 27908753.509548664 2512312.4886000156 1042980.8014602661 7971200.5463995934 3026436.3378477097 18765932.012288094 4135569.9789733887 4475003.4758110046 38105028.970010877 3143333.1138000488 13675688.127410889 1608637.6632993221
leaf_count=2885 1261 3926 31542 12805 1043 4976 3188 18654 3222 4360 15859 3076 12078 1123
internal_value=6.99736e-05 -0.000396669 -0.00022505 0.000221401 0.00118871 0.00267348 -0.00281548 4.98216e-05 -0.000287474 0.00179711 -0.0005341 0.000454448 0.00112013 0.00375398
internal_weight=1.32261e+08 3.2404e+07 3.10218e+07 9.98568e+07 1.5044e+07 1.09746e+07 4.06942e+06 8.48129e+07 6.60469e+07 6.98732e+06 5.90596e+07 2.09546e+07 1.6819e+07 9.57984e+06
internal_count=119998 36729 35468 83269 13215 8984 4231 70054 51400 17165 34235 18376 15154 6099
cat_boundaries=0 1 2 3
cat_threshold=256 68 227
is_linear=0
shrinkage=0.03


Tree=426
num_leaves=15
num_cat=3
split_feature=13 0 16 16 16 14 2 11 11 0 16 12 12 0
split_gain=12053.3 46553.1 17638.3 11461.5 9691.28 9855.14 9293.48 54610.5 25912.1 19779.5 25585 24672.9 58325.7 64530.8
threshold=1.5827002510397203 0 0.047803745274449076 0.10502982824484795 0.033731398184704074 1.4658008860337535 2.5000000000000004 1.2311683815667933 1.2311683815667933 1 0.063453872265148092 0.95745544049221387 0.99549366363837055 2
decision_type=2 1 2 2 2 2 2 2 2 1 2 2 2 1
left_child=3 -2 4 6 5 -3 8 9 -1 10 -8 -11 13 -13
right_child=1 2 -4 -5 -6 -7 7 -9 -10 11 -12 12 -14 -15
leaf_value=-2.0122687678825385e-05 0.0053414565046231346 0.00012622838001724118 -0.00094141894297261792 -0.00026956865197801989 -0.00060191716463344608 0.0020925042590498521 0.00015382548453522733 -0.0008217112823545998 0.00041737395808637056 0.00031038704004751649 -0.00036282535495270844 0.00075663674719919475 7.8849791443816994e-05 -0.00030766305594003891
leaf_weight=64139722.202262998 463363.35314834118 52384.999506473541 530276.45823407173 1247671.991114378 85710.815101385117 73045.521527051926 2450188.2687624693 1194703.485248208 1358703.0903347731 3135815.4702112675 3053124.9230525494 1264405.7247109413 46097203.893782496 7028935.9327671528
leaf_count=49002 1080 1178 761 919 232 1381 4457 1255 1056 4156 2255 2110 45093 4989
internal_value=6.47359e-05 0.00305171 -0.00161031 3.72591e-05 0.00572265 0.0110356 6.47822e-05 0.000321212 -0.000186659 0.00044165 -0.00127657 0.000606025 0.000456845 -0.00185928
internal_weight=1.32175e+08 1.20478e+06 741418 1.3097e+08 211141 125431 1.29723e+08 6.42244e+07 6.54984e+07 6.30297e+07 5.50331e+06 5.75264e+07 5.43905e+07 8.29334e+06
internal_count=119924 4632 3552 115292 2791 2559 114373 64315 50058 63060 6712 56348 52192 7099
cat_boundaries=0 1 2 3
cat_threshold=18 256 161
is_linear=0
shrinkage=0.03


Tree=427
num_leaves=15
num_cat=2
split_feature=14 13 1 9 0 1 14 16 16 13 0 2 1 9
split_gain=10938.7 21372.8 20167.7 18386.1 51016.3 22316.4 56401.9 48736.4 84684.6 40350.2 48715.8 37150.2 29889.6 38177.8
threshold=0.99377989416422208 1.0264858880495522 21.500000000000004 71.500000000000014 0 8.5000000000000018 0.89750604985756677 0.090582173183061984 0.06641745348188037 0.9930812543542461 1 1.5000000000000002 17.500000000000004 89.500000000000014
decision_type=2 2 2 2 1 2 2 2 2 2 1 2 2 2
left_child=2 -2 3 4 -1 6 7 8 -5 11 -11 -8 13 -7
right_child=1 -3 -4 5 -6 12 9 -9 -10 10 -12 -13 -14 -15
leaf_value=0.00076480812572738636 9.9673787362526678e-05 -5.9350122265389696e-06 -0.00073173482856684941 3.3767870619096297e-05 -5.9058935310927235e-05 0.00013055323798938576 5.7661881239611268e-05 -2.7336796768793657e-05 0.00097348483831678377 0.00038177712267522217 -0.00026065464449562687 -0.00028817866993943898 6.630346695210897e-05 -0.00010235875210748873
leaf_weight=1418741.600705862 26004805.003807425 29935076.882157564 1358019.8694415092 1069227.5807964802 2495310.7417365313 3906759.1006193161 2026328.7573912144 1417245.9811401367 1311370.0853271484 2021191.1787073612 1899311.8079526424 2914300.5547066927 14421510.157175779 39772595.94972229
leaf_count=1465 24370 31610 5374 5650 1843 2776 1927 576 592 1617 2297 3562 10582 25481
internal_value=0.000175961 0.000494381 -5.83144e-05 7.57567e-06 0.0020091 -0.000103138 0.00103825 0.004097 0.00671916 -0.000272724 0.00199986 -0.00207607 -0.000351822 -0.000742804
internal_weight=1.31972e+08 5.59399e+07 7.60319e+07 7.46739e+07 3.91405e+06 7.07598e+07 1.2659e+07 3.79784e+06 2.3806e+06 8.86113e+06 3.9205e+06 4.94063e+06 5.81009e+07 4.36794e+07
internal_count=119722 55980 63742 58368 3308 55060 16221 6818 6242 9403 3914 5489 38839 28257
cat_boundaries=0 1 2
cat_threshold=456 88
is_linear=0
shrinkage=0.03


Tree=428
num_leaves=15
num_cat=3
split_feature=14 12 0 7 16 13 14 13 14 0 2 12 0 12
split_gain=13692.6 38076.5 32397.3 18551.9 17340.1 14218.3 22687.7 24090.7 20842.4 26599.3 26187.8 61271.3 61907.9 50052.3
threshold=1.1490865773862715 0.98366571989275564 0 1.0000000180025095e-35 0.063947497329114575 0.97112998397949013 0.92190481170433314 0.72140080341477619 0.92190481170433314 1 2.5000000000000004 0.99523338337776046 2 0.9905120747951105
decision_type=2 2 1 2 2 2 2 2 2 1 2 2 1 2
left_child=5 4 -3 -4 -2 6 -1 -8 -7 -10 13 12 -12 -11
right_child=1 2 3 -5 -6 8 7 -9 9 10 11 -13 -14 -15
leaf_value=-2.4808460433111624e-05 0.00012834368538691294 0.0020999722928388364 0.00088746677790114894 -0.00038980465508255797 -0.0024421478657148275 8.5685646611053062e-05 0.00056391473478598075 6.2788684963076272e-05 6.7983561194019033e-05 0.00010344172090967695 1.8239943133344974e-05 3.7881786661091403e-05 -0.0011100724404599601 -0.00015145822640293081
leaf_weight=20243811.424389958 338015.94897019863 819800.60701239109 820151.43869745731 1055263.7437061071 342848.99893188477 8080779.1369463205 1182961.6201438904 30502336.71361196 20803036.304402232 4866327.6756813526 1951887.9474976063 20462747.223660946 2073816.6666277647 18788847.532393813
leaf_count=19833 1711 1813 3798 3503 343 7686 2042 25953 22454 2833 2209 14094 1309 10264
internal_value=0.000100335 0.00198635 0.00358767 0.001413 -0.00435248 5.0959e-05 0.000434614 0.000935834 -0.000207687 -0.000376631 -0.000763972 -7.62965e-05 -0.00345952 -0.00147587
internal_weight=1.32333e+08 3.37608e+06 2.69522e+06 1.87542e+06 680865 1.28957e+08 5.19291e+07 3.16853e+07 7.70274e+07 6.89467e+07 4.81436e+07 2.44885e+07 4.0257e+06 2.36552e+07
internal_count=119845 11168 9114 7301 2054 108677 47828 27995 60849 53163 30709 17612 3518 13097
cat_boundaries=0 1 2 3
cat_threshold=20 99 388
is_linear=0
shrinkage=0.03


Tree=429
num_leaves=15
num_cat=2
split_feature=11 11 2 5 0 11 10 10 10 16 10 0 10 11
split_gain=8340.86 15104.9 11530.1 99041.2 32646.7 50531 68843.7 36871.3 31306.4 30755.2 38198.4 53885.6 51093.7 27767.5
threshold=1.3226651072567843 1.2311683815667933 2.5000000000000004 1.0000000180025095e-35 0 1.0089959652172589 1.1828968528919626 1.1492947894123116 1.0881839043954797 0.091881150514448909 1.0912306131221923 1 1.0682499759298314 0.78683299918466465
decision_type=2 2 2 2 1 2 2 2 2 2 2 1 2 2
left_child=1 2 4 13 5 -1 7 8 -7 10 12 -12 -6 -4
right_child=-2 -3 3 -5 9 6 -8 -9 -10 -11 11 -13 -14 -15
leaf_value=-0.00014004266739454585 0.00029619782182605865 -0.00051637646241450472 0.00078638732839381175 0.0010186686111882414 -2.3988881107649127e-05 0.00033122192400455509 -0.00051296491556806979 0.0011053623800556169 -0.00018442997995779151 -0.00020066840160099029 -0.00021926784624793291 0.00029012653396100701 -0.00046718184630667838 1.9773449664689553e-05
leaf_weight=4225245.3684518337 1236475.5945467949 1293392.1013416052 1104353.7373706102 1019834.3715367317 35862176.936653495 4994567.6275874376 1047450.3461971283 1166642.2459741831 1212964.3163297176 4965778.3166503906 2579198.3101348877 6313619.5154956579 2776032.5177867413 62709102.323362947
leaf_count=3675 1070 1229 1459 770 25761 4664 1067 1163 1186 2071 3030 6036 2275 64647
internal_value=0.000159978 0.000136878 0.000168979 0.000452211 -0.000112903 0.00125539 0.00259858 0.00362085 0.00270121 -0.000442535 -0.000207832 0.00156491 -0.000615838 0.00030398
internal_weight=1.32507e+08 1.3127e+08 1.29977e+08 6.48333e+07 6.51437e+07 1.26469e+07 8.42162e+06 7.37417e+06 6.20753e+06 5.24968e+07 4.7531e+07 8.89282e+06 3.86382e+07 6.38135e+07
internal_count=120103 119033 117804 66876 50928 11755 8080 7013 5850 39173 37102 9066 28036 66106
cat_boundaries=0 1 2
cat_threshold=320 136
is_linear=0
shrinkage=0.03


Tree=430
num_leaves=15
num_cat=1
split_feature=10 10 0 11 2 1 14 11 3 1 1 10 10 11
split_gain=14280.8 51476.6 34500.6 30289 49683.3 34537.2 29364.9 27345.6 26747.1 25437.8 40136.6 36818.1 23783 23047.7
threshold=0.98774918197535599 0.9857309345025429 0 0.92084674428756708 4.5000000000000009 9.5000000000000018 0.98337014555348445 0.81778362804508808 1.5000000000000002 12.500000000000002 18.500000000000004 0.8852919625665473 0.76375309174027717 0.9847744481008941
decision_type=2 2 1 2 2 2 2 2 2 2 2 2 2 2
left_child=1 2 3 8 5 -5 -6 -4 12 -9 -11 -12 -1 -2
right_child=13 -3 7 4 6 -7 -8 9 -10 10 11 -13 -14 -15
leaf_value=0.00013575403755607354 0.00010572226389099668 0.00050527595128692306 0.00040088744297698127 -2.2838984394388018e-06 0.00021099703886811959 0.00046174410175813506 -0.0015638665707157959 3.6735322878057373e-05 0.00059398342666162874 -0.00036835821404691349 0.00068640889117186038 -0.00037842760493477683 -0.00023753380584765171 -1.6359917868212636e-05
leaf_weight=1726537.4267337322 7286137.5802739859 1716134.9710394144 1044756.3494876623 1742088.90442276 801729.54628300667 5024979.386423111 739952.97089195251 4989067.7004565001 1145543.455345273 5012549.6152038574 911450.70157337189 926382.73391056061 2708193.2434250116 95899217.303868651
leaf_count=1425 6344 1028 1550 1839 1017 3565 1102 5373 1801 3144 1065 1586 2103 86655
internal_value=9.01403e-05 0.000684726 0.000361869 0.0013991 0.00254723 0.0036545 -0.00231306 -0.000756259 -0.000310392 -0.00116682 -0.00235354 0.00143883 -0.001366 -7.40243e-05
internal_weight=1.31675e+08 2.84894e+07 2.67732e+07 1.3889e+07 8.30875e+06 6.76707e+06 1.54168e+06 1.28842e+07 5.58027e+06 1.18395e+07 6.85038e+06 1.83783e+06 4.43473e+06 1.03185e+08
internal_count=119597 26598 25570 12852 7523 5404 2119 12718 5329 11168 5795 2651 3528 92999
cat_boundaries=0 1
cat_threshold=307
is_linear=0
shrinkage=0.03


Tree=431
num_leaves=15
num_cat=0
split_feature=5 3 14 2 1 12 11 11 12 1 1 16 14 11
split_gain=11698.9 15104.5 33894.7 26057.6 51214.8 69841.1 49733.1 61757.3 59547.6 57589.3 49098.6 45603.2 43204.2 36519.3
threshold=1.0000000180025095e-35 1.0000000180025095e-35 0.70924694344664596 4.5000000000000009 9.5000000000000018 1.0462583589386607 0.89451372984939514 0.99579473430313603 0.97676308171397053 19.500000000000004 16.500000000000004 0.066087745737715795 0.96811367019662631 1.1158401476357727
decision_type=2 2 2 2 2 2 2 2 2 2 2 2 2 2
left_child=1 -1 -3 4 -4 10 -5 8 -8 12 11 -6 -9 -7
right_child=-2 2 3 6 5 13 7 9 -10 -11 -12 -13 -14 -15
leaf_value=3.0093746113022207e-05 -0.00022898017246790402 -0.0005421081598070823 0.0001234097771828979 0.00075687488595890481 -0.00027372399813331902 0.00058559462127851457 0.00085299932285224571 -7.0991387319201395e-05 -0.00099566835294501751 -0.0006333977250909678 -6.0586383412023219e-05 -0.0008698492350256758 0.00031732217067637948 -6.4161203713542967e-05
leaf_weight=85755958.63338232 2061541.6389584541 1306625.146186471 4957879.3727874756 1797919.2226235867 4619802.9205169678 1291720.4183158875 718265.72271668911 5240466.13218081 3625080.2699478865 1823902.5206885338 4913252.1550776958 2396128.8383789062 9673300.8769180775 1850660.8664250374
leaf_count=67241 1541 1848 5467 2620 2819 1098 1048 6671 5001 4592 4480 1592 12474 1506
internal_value=0.000121841 0.000157406 -0.000292993 -0.000148047 -0.000938181 -0.00180825 0.000543678 0.000135203 -0.00305233 0.000962353 -0.0028564 -0.00446701 0.00157775 0.00217075
internal_weight=1.32033e+08 1.29971e+08 4.4215e+07 4.29084e+07 2.00294e+07 1.50716e+07 2.28789e+07 2.1081e+07 4.34335e+06 1.67377e+07 1.19292e+07 7.01593e+06 1.49138e+07 3.14238e+06
internal_count=119998 118457 51216 49368 16962 11495 32406 29786 6049 23737 8891 4411 19145 2604
is_linear=0
shrinkage=0.03


Tree=432
num_leaves=15
num_cat=2
split_feature=10 10 13 0 11 12 16 13 1 0 10 12 1 11
split_gain=9923.49 38184.4 31634.4 32321.9 52539.2 39598.9 36649.5 37472.2 33686 27502 20135.9 62996.7 17107.7 55876.6
threshold=0.98774918197535599 0.9857309345025429 1.1528725357792051 0 0.9333166076352869 1.0197477511393997 0.053960103680405928 0.89976741811931604 11.500000000000002 1 0.99583216397804264 1.001370405092715 19.500000000000004 0.9847744481008941
decision_type=2 2 2 1 2 2 2 2 2 1 2 2 2 2
left_child=1 2 3 4 -1 -6 7 -5 -9 -4 11 -2 -12 -14
right_child=10 -3 9 6 5 -7 -8 8 -10 -11 12 -13 13 -15
leaf_value=-9.1487739324345871e-05 9.7594299118547044e-05 0.00037845490717623573 0.0013133087186408439 0.00059322891734058772 0.00073433357987825586 -1.7296721381609842e-06 -0.00010411050487162192 -0.00068657561287361441 0.00039302672318227929 2.8907403997386535e-05 1.2747526638740773e-05 -0.00090761286329566545 0.0013253805253966638 -0.00023011776622577652
leaf_weight=4422279.1421924829 2419693.4911180735 1674440.5667483807 759471.98351407051 1496890.8157769442 3126467.1997852325 1841326.1900414228 12730510.578201294 1041887.3860062361 994957.03179264069 664889.97691047192 90305529.511263132 1941906.5034285784 542534.11922073364 8286957.1478476524
leaf_count=4834 2043 1017 1377 2663 3112 1555 7128 1640 1401 2071 72483 1716 1009 16012
internal_value=8.72131e-05 0.000580247 0.000308388 6.67766e-05 0.00146821 0.00358545 -0.000742332 0.00196066 -0.000687691 0.00466007 -4.976e-05 -0.00204472 3.80115e-05 -0.00122234
internal_weight=1.3225e+08 2.87531e+07 2.70787e+07 2.56543e+07 9.39007e+06 4.96779e+06 1.62642e+07 3.53374e+06 2.03684e+06 1.42436e+06 1.03497e+08 4.3616e+06 9.9135e+07 8.82949e+06
internal_count=120061 26798 25781 22333 9501 4667 12832 5704 3041 3448 93263 3759 89504 17021
cat_boundaries=0 1 2
cat_threshold=291 30
is_linear=0
shrinkage=0.03


Tree=433
num_leaves=15
num_cat=3
split_feature=13 14 1 0 12 0 16 0 13 13 10 2 12 12
split_gain=11237.6 25116.3 17253.2 19278.2 9815.33 33618.7 26367.9 30663.7 24310.7 17638.3 16152.9 13461 34142.8 40246
threshold=1.2742008917972059 1.0348319376228785 18.500000000000004 0 0.97931461060566405 1 0.054281178458792413 2 0.94721427080282306 1.0355934143850345 0.74815102239271081 5.5000000000000009 1.0846724526985918 0.99523338337776046
decision_type=2 2 2 1 2 1 2 1 2 2 2 2 2 2
left_child=4 -2 3 -3 5 8 7 -7 -1 10 -8 -6 13 -13
right_child=1 2 -4 -5 11 6 9 -9 -10 -11 -12 12 -14 -15
leaf_value=8.614539990809081e-05 0.0014878233417344076 0.00044569230933028109 0.0011585402615246101 -0.00046989122579435571 -1.2768504989872629e-06 0.0008769081509452071 -0.00023255439952209192 3.8228834844875143e-05 0.00031548991741268631 -0.00040909571850913657 7.0105930875400953e-05 -0.0016528338412731811 -0.00068291126509312629 2.7275745335771247e-05
leaf_weight=1170802.6233596802 471898.77526319027 1153638.1237760782 661720.56170916557 1290987.6892257929 104769214.50053394 896811.18737351894 1800901.1261901855 1890906.1171734333 1159470.4636728764 1754292.5054626465 6037590.5868225098 1000687.5851919651 935999.18893623352 7077779.5968688726
leaf_count=1137 1527 2866 1968 3421 83870 1308 1182 3980 993 1043 3555 1459 1547 10199
internal_value=3.37196e-05 0.001692 0.000712368 -0.000450853 -1.24594e-05 0.000716753 9.45532e-05 0.00266281 0.00402241 -0.000651796 -4.32231e-05 -0.000106737 -0.00121915 -0.000590697
internal_weight=1.32073e+08 3.57825e+06 3.10635e+06 2.44463e+06 1.28494e+08 1.47108e+07 1.23805e+07 2.78772e+06 2.33027e+06 9.59278e+06 7.83849e+06 1.13784e+08 9.01447e+06 8.07847e+06
internal_count=120055 9782 8255 6287 110273 13198 11068 5288 2130 5780 4737 97075 13205 11658
cat_boundaries=0 1 2 3
cat_threshold=178 144 9
is_linear=0
shrinkage=0.03


Tree=434
num_leaves=15
num_cat=0
split_feature=13 12 10 13 12 10 10 11 16 9 1 1 16 9
split_gain=14674.3 20165.1 21080.4 15448.3 19308.2 24266.6 19913.8 46123 23801 16930.9 49025.4 53453.1 16841.2 16408.5
threshold=1.5827002510397203 1.0247081950625578 1.012969803707177 1.0528337296312513 1.0671690946621852 1.1555808040932931 1.1537366032060119 1.1688523830738735 0.063453872265148092 71.500000000000014 17.500000000000004 9.5000000000000018 0.088549899781465588 74.500000000000014
decision_type=2 2 2 2 2 2 2 2 2 2 2 2 2 2
left_child=3 2 -2 9 5 12 8 -8 -6 10 11 -1 -5 -11
right_child=1 -3 -4 4 6 -7 7 -9 -10 13 -12 -13 -14 -15
leaf_value=-7.1348383565083594e-05 0.0063615931774767933 -0.00043359898707472891 0.00046634457480296553 -3.0429259090375869e-05 -0.00024409736336368187 -0.00052548257624921986 0.0010096824340813813 -9.808493488137688e-05 -0.0004976177801427681 -0.00022601319050870566 -0.00037069760858472707 0.0006265401550433669 -0.00030896882620288233 1.5999377433517891e-05
leaf_weight=1558905.3221484423 259364.34558677673 393223.95447528362 501317.69450652599 23690357.04447937 946989.26327836514 1750588.9647754431 967718.05379009247 1149796.7587518692 926214.97046661377 1557255.3448741436 1572025.9550647736 2692237.8117365837 2576425.1073741913 92058474.082701921
leaf_count=1579 1265 1575 1763 24436 1579 1923 1241 1401 672 1486 1549 1670 1354 76612
internal_value=0.000124199 0.00349254 0.00634392 9.46303e-05 -0.000478606 -0.000756689 0.00147371 0.00346692 -0.000779456 0.000279148 0.00184871 0.00352261 -0.00052876 0.000181517
internal_weight=1.32601e+08 1.15391e+06 760682 1.31447e+08 3.20081e+07 2.80174e+07 3.99072e+06 2.11751e+06 1.8732e+06 9.94389e+07 5.82317e+06 4.25114e+06 2.62668e+07 9.36157e+07
internal_count=120105 4603 3028 115502 32606 27713 4893 2642 2251 82896 4798 3249 25790 78098
is_linear=0
shrinkage=0.03


Tree=435
num_leaves=15
num_cat=2
split_feature=11 1 0 11 0 14 1 12 1 16 12 16 12 1
split_gain=11796.7 51922.6 42858 41689.7 39197.8 30302.8 26255.9 25290.9 22521.9 46915.2 21482.1 21153.1 19253.5 18834.1
threshold=0.98543013854132477 16.500000000000004 0 0.9333166076352869 1 0.90636971050382387 14.500000000000002 0.96791693131387035 19.500000000000004 0.045624272449549183 1.0116324710920543 0.044870415960815466 0.9608647852025366 10.500000000000002
decision_type=2 2 1 2 1 2 2 2 2 2 2 2 2 2
left_child=1 2 3 -1 7 -6 12 -3 -2 -10 13 -7 -4 -5
right_child=8 4 6 10 5 11 -8 -9 9 -11 -12 -13 -14 -15
leaf_value=-8.8054561900960068e-05 -5.0723451052522091e-07 0.00010340724216347542 -0.00022434064258674207 0.0011519541636638706 0.0005322122192399141 0.000835478203715484 -0.00033758045423228349 -0.0010903857759120659 -0.00012505644421164543 -0.001247785238226816 1.347189647335115e-05 0.00014438630900520964 -6.9849308125859183e-06 0.00033064825093353367
leaf_weight=3893498.2950276136 94275098.438384056 1033978.8918366432 1547333.8403894901 1134593.6051489115 1412199.7442579269 1655950.39016819 2488621.9975280762 821461.72927904129 8550839.3131780624 553109.54988002777 1077137.2541856766 4198781.0812683105 8165681.8375786543 1441225.8706054688
leaf_count=4306 75726 1507 1925 1625 1069 2786 1254 1021 17105 620 1380 2351 5879 1250
internal_value=7.89376e-06 0.000544053 -0.000320644 0.00145646 0.00241595 0.00340962 -0.00141974 -0.00147585 -0.000141838 -0.00156676 0.00375849 0.00245819 -0.00071533 0.00524619
internal_weight=1.3225e+08 2.88705e+07 1.97481e+07 7.54646e+06 9.12237e+06 7.26693e+06 1.22016e+07 1.85544e+06 1.03379e+08 9.10395e+06 3.65296e+06 5.85473e+06 9.71302e+06 2.57582e+06
internal_count=119804 26353 17619 8561 8734 6206 9058 2528 93451 17725 4255 5137 7804 2875
cat_boundaries=0 1 2
cat_threshold=387 352
is_linear=0
shrinkage=0.03


Tree=436
num_leaves=15
num_cat=3
split_feature=13 0 12 2 16 16 13 9 12 0 2 1 0 16
split_gain=9291.14 33613.2 39948.1 22917.4 27863.8 17091.5 11484.2 23209.2 18848.8 33288.1 18983.8 18317.6 54736.3 51179.7
threshold=1.2742008917972059 0 1.0243764990400916 4.5000000000000009 0.061103403121143131 0.05445495842145575 1.0528337296312513 65.500000000000014 1.0671690946621852 1 2.5000000000000004 8.5000000000000018 2 0.068192879003344239
decision_type=2 1 2 2 2 2 2 2 2 1 2 2 1 2
left_child=6 2 -2 4 -3 -5 -1 -8 11 -10 -11 12 13 -9
right_child=1 3 -4 5 -6 -7 7 8 9 10 -12 -13 -14 -15
leaf_value=1.5944856591456222e-05 -0.014869778167033068 0.00031795580581617911 -4.9789044152078709e-05 -0.00039325661320142641 -0.0010870491859905249 0.0021540072632186902 -0.00049264835239693037 -6.586589169682103e-05 0.0006465070608906308 -0.00037750032777236731 0.00024547357970972609 -0.00010905340653844076 -0.00036867188763452057 0.0004113561112911236
leaf_weight=99307710.700692058 581111.47897255421 940466.5815987587 515054.85205674171 262029.52480840683 940211.57284545898 301712.89545035362 1109911.130068779 1354616.9709215164 1234167.4399859905 1345765.0155086517 1296572.2604842186 19990161.258008003 1558988.2084267139 1559875.3597412109
leaf_count=82900 1296 4313 843 1814 910 576 789 2571 1640 1186 1452 16535 2662 498
internal_value=8.67474e-05 0.00160285 0.00596785 -0.000354606 -0.00194498 0.00495097 4.50577e-05 -0.000475218 -0.00030855 0.00163503 -0.000264914 -0.000616529 0.00111879 0.00354582
internal_weight=1.32298e+08 3.54059e+06 1.09617e+06 2.44442e+06 1.88068e+06 563742 1.28758e+08 2.94501e+07 2.83401e+07 3.8765e+06 2.64234e+06 2.44636e+07 4.47348e+06 2.91449e+06
internal_count=119985 9752 2139 7613 5223 2390 110233 27333 26544 4278 2638 22266 5731 3069
cat_boundaries=0 1 2 3
cat_threshold=18 104 92
is_linear=0
shrinkage=0.03


Tree=437
num_leaves=15
num_cat=2
split_feature=10 11 10 10 10 12 10 12 0 0 11 12 11 10
split_gain=19301.9 28545.1 27675.8 30795 36327.4 82330.2 50413 24398.8 30384.6 20257.2 34420.2 19595.8 20142.8 15518.4
threshold=0.9817597133097965 0.97755348269850095 0.9857309345025429 0.98774918197535599 0.99583216397804264 0.99379942660604637 0.99369075874247714 1.0351016622858451 0 1 0.81778362804508808 1.029585465119887 0.96841507918557901 0.99820296043893053
decision_type=2 2 2 2 2 2 2 2 1 1 2 2 2 2
left_child=1 9 -2 -4 5 -5 -7 8 -3 10 -1 -11 -13 -6
right_child=2 7 3 4 13 6 -8 -9 -10 11 -12 12 -14 -15
leaf_value=0.00020541283967100705 -0.00035132983405742355 0.0011356499204027526 0.00023564019447647178 0.00046480468544189164 0.00015503466255536712 -0.0002674812727007336 -0.0023171457959767854 3.2828053926674546e-05 0.00013740822870217007 3.1089372456895119e-05 -0.00086838620886762151 0.00061440382319134692 5.3120406002962938e-05 -2.7030096726790063e-06
leaf_weight=805603.06792938709 2135015.3561344147 1507138.5505353212 1710208.7366299629 1163498.9571430683 2659126.6234688759 1993920.4673621655 1250457.2910456657 2246737.8436077833 1353211.7946738005 15427229.840772629 1282740.3145344257 1066285.1636012793 1142193.6744788885 96494644.946947932
leaf_count=1148 2202 1848 1035 1190 1465 1583 1011 2387 1188 12769 2037 1166 966 87939
internal_value=8.65411e-05 0.000840349 -8.773e-05 -1.91496e-05 -8.50868e-05 -0.00274997 -0.00520527 0.00283929 0.00467703 0.000322769 -0.00247111 0.000653609 0.00329665 3.33806e-05
internal_weight=1.32238e+08 2.48311e+07 1.07407e+08 1.05272e+08 1.03562e+08 4.40788e+06 3.24438e+06 5.10709e+06 2.86035e+06 1.97241e+07 2.08834e+06 1.76357e+07 2.20848e+06 9.91538e+07
internal_count=119934 23509 96425 94223 93188 3784 2594 5423 3036 18086 3185 14901 2132 89404
cat_boundaries=0 1 2
cat_threshold=290 96
is_linear=0
shrinkage=0.03


Tree=438
num_leaves=15
num_cat=2
split_feature=16 0 13 11 0 1 16 14 4 16 2 16 1 1
split_gain=12797.4 36232.8 16909.9 36606.9 19262.6 27986.9 48073.7 17214.7 11018.7 10928.4 10614.2 10108.5 34210.1 27575.8
threshold=0.093489802824248333 0 1.2878181503467476 0.98630601238266269 1 10.500000000000002 0.034724369560389469 1.4099493185269965 1.0000000180025095e-35 0.066087745737715795 1.5000000000000002 0.076430906454491812 11.500000000000002 16.500000000000004
decision_type=2 1 2 2 1 2 2 2 2 2 2 2 2 2
left_child=2 -2 11 8 -5 6 7 -6 -4 -7 -3 -1 -13 -14
right_child=1 10 3 4 5 9 -8 -9 -10 -11 -12 12 13 -15
leaf_value=-1.2079826052769499e-05 0.00016238427781207999 -8.4956497350490223e-05 0.0027662304699202916 -0.00056425628072288316 0.00019486622444938245 0.0011617293666230108 -0.0014771583786799864 0.0026469027416840128 0.00093231524581129739 0.0002181201105405635 -0.00022718046503342819 0.00020731747009623599 -0.0001461957029389374 5.1187293880972058e-05
leaf_weight=89756319.97820735 3783999.1483571529 2626948.1001586914 311404.46974992752 499580.28881251812 108132.89879238605 803202.92238211632 325711.10922169685 70052.254562854767 322616.39564061165 667193.48807621002 3121658.0592041016 4714391.6655769348 8438864.2773497105 16397083.369916916
leaf_count=90495 2012 1039 1463 1501 1547 1708 473 1011 600 751 1567 2126 6405 7132
internal_value=7.96626e-06 -0.00105078 9.04126e-05 0.00227502 0.000626737 0.00195838 -0.00414315 0.00838491 0.00870644 0.00404935 -0.00255136 3.35042e-05 0.00051477 7.00468e-05
internal_weight=1.31947e+08 9.53261e+06 1.22415e+08 3.10789e+06 2.47387e+06 1.97429e+06 503896 178185 634021 1.4704e+06 5.74861e+06 1.19307e+08 2.95503e+07 2.48359e+07
internal_count=119830 4618 115212 9054 6991 5490 3031 2558 2063 2459 2606 106158 15663 13537
cat_boundaries=0 1 2
cat_threshold=449 65
is_linear=0
shrinkage=0.03


Tree=439
num_leaves=15
num_cat=3
split_feature=13 11 14 16 14 0 5 11 11 12 0 11 16 0
split_gain=11049.2 38520.9 16125.3 18986.2 18111.6 15103.2 11074.2 13018 45250.5 60660.2 58073.5 28426.4 39100.3 36672.9
threshold=1.2742008917972059 0.96422914078869548 1.0348319376228785 0.033731398184704074 1.4099493185269965 0 1.0000000180025095e-35 1.0344887901146891 1.0292425370146423 1.0290978962948742 1 1.0507163897489569 0.063717937336181696 2
decision_type=2 2 2 2 2 1 2 2 2 2 1 2 2 1
left_child=6 -2 -3 4 -4 -5 7 8 -1 10 -10 12 -9 -14
right_child=1 2 3 5 -6 -7 -8 11 9 -11 -12 -13 13 -15
leaf_value=-4.6056387919550254e-07 0.0022519817450668664 0.00087229236487831765 0.00036622916009281046 0.00016839889581603227 0.0048355868809316829 -0.00046843788308043938 -0.00031866378809142692 -2.9309698497305572e-05 -0.00018155784088324538 0.00021284156817527879 -0.0012969586475308293 4.068570830989352e-06 0.00042730908347440654 5.3634287548126967e-05
leaf_weight=69473901.902795792 429642.54933166504 377853.49157500267 323631.82056200504 1088415.2828674316 106829.20207500458 1214018.2122907639 2052090.5371837616 5013411.8107116222 2800843.541585207 1293267.48498106 1144888.1372958422 41103124.199025989 3165501.9427490234 2726663.2812194824
leaf_count=55111 1485 1304 2429 1522 1784 1282 1471 5563 2807 911 741 40790 1172 1704
internal_value=5.85057e-05 0.00171188 0.00054892 -0.000254225 0.0055288 -0.00133542 1.30492e-05 4.84519e-05 -0.000205241 -0.00289381 -0.00474193 0.000412894 0.00177452 0.00343149
internal_weight=1.32314e+08 3.54039e+06 3.11075e+06 2.73289e+06 430461 2.30243e+06 1.28774e+08 1.26722e+08 7.47129e+07 5.239e+06 3.94573e+06 5.20087e+07 1.09056e+07 5.89217e+06
internal_count=120076 9806 8321 7017 4213 2804 110270 108799 59570 4459 3548 49229 8439 2876
cat_boundaries=0 1 2 3
cat_threshold=178 323 152
is_linear=0
shrinkage=0.03


Tree=440
num_leaves=15
num_cat=4
split_feature=16 1 0 12 1 11 16 16 0 12 0 0 1 12
split_gain=13484.4 20004.2 23474.4 13348.5 48536.2 47255.9 35558.8 27749.1 33577.7 24551.3 39418.3 22765.3 22656 21552.6
threshold=0.089869429603364012 11.500000000000002 0 1.0552800080532883 7.5000000000000009 1.1688523830738735 0.082121563846884488 0.066087745737715795 1 1.0376390563615552 2 3 14.500000000000002 1.0405475702305094
decision_type=2 2 1 2 2 2 2 2 1 2 1 1 2 2
left_child=3 2 -2 9 -5 6 11 8 -7 -1 12 -6 -11 -12
right_child=1 -3 -4 4 5 7 -8 -9 -10 10 13 -13 -14 -15
leaf_value=1.6898270048684613e-05 0.00020230572209526947 -0.00016766442073304442 -4.1076314611256119e-05 -0.00030018784817080566 0.00036527461573492367 0.00051377211243293223 -0.00019772990332858815 -0.00035110549105081464 -0.00029269538986738505 -0.00021822635475423496 -0.00065771245438255737 0.00024452969685617222 -0.00076627486928752928 0.00013209464757147458
leaf_weight=89599328.456458449 3361366.0222406387 6665560.4934725761 5301360.0264892578 2091819.6780636311 4419286.4817428589 1977491.8901519775 1659822.3848952055 2201285.0092773438 1311640.551905632 1661764.3535690308 858587.02969944477 5934280.4444842339 1590225.4094390869 3582561.4264281988
leaf_count=82091 1558 3667 1704 5540 3019 1756 997 1599 1933 1315 1235 7315 985 4980
internal_value=0.000102392 -0.000734236 0.000216426 0.000212104 0.000926457 0.0014426 0.00249639 -0.000863153 0.000881625 6.82267e-05 -0.00155814 0.00314989 -0.00406766 0.000279436
internal_weight=1.32216e+08 1.53283e+07 8.66273e+06 1.16888e+08 1.95956e+07 1.75038e+07 1.20134e+07 5.49042e+06 3.28913e+06 9.72925e+07 7.69314e+06 1.03536e+07 3.25199e+06 4.44115e+06
internal_count=119694 6929 3262 112765 22159 16619 11331 5288 3689 90606 8515 10334 2300 6215
cat_boundaries=0 1 2 3 4
cat_threshold=452 266 12 88
is_linear=0
shrinkage=0.03


Tree=441
num_leaves=15
num_cat=2
split_feature=11 0 12 11 12 11 16 9 0 12 10 2 2 10
split_gain=15370.8 31164.9 47848.7 45713.7 90252.3 57860.1 51434.7 43785.2 32491.3 28118.9 26421.3 40261.1 57006.7 47720.7
threshold=1.0236270768295064 0 1.0022632125571322 1.0308370703839311 1.0126630682341327 1.0497631304646522 0.069943382351979763 86.500000000000014 1 1.0126630682341327 1.1289514811175707 3.5000000000000004 1.5000000000000002 1.1946814165199082
decision_type=2 1 2 2 2 2 2 2 1 2 2 2 2 2
left_child=-1 2 -2 4 -3 6 9 8 -4 -5 -7 12 13 -12
right_child=1 3 7 5 -6 10 -8 -9 -10 -11 11 -13 -14 -15
leaf_value=3.7854202001215831e-05 -0.00058920014813738084 -2.2952776283997627e-05 6.8234389670039411e-05 0.00020615878918493413 -0.0016322625631917276 -0.00017645796925102109 0.00039199949067797565 0.00014846466199907628 -0.00044807714521570151 -0.00015624515515397046 -0.0004836591880756488 -0.0003316553436410223 0.00038818029451867791 0.00024107570477085923
leaf_weight=65275457.608226657 2587332.5366311073 2990152.1828354597 2389002.6639425755 1796922.1711887121 1913064.3540796041 12123217.079440713 3238411.4463500977 24919292.343115449 2408120.16399014 3181535.1160402298 1751519.1748770475 3294724.5428341627 3145343.517608285 1424405.7027243376
leaf_count=55209 2699 1842 3655 1540 1417 8952 1305 29104 2319 2722 1367 3909 2677 1364
internal_value=0.00011957 -0.000199049 0.000472259 -0.000821144 -0.00350641 -0.000381619 0.00176294 0.000812948 -0.00181166 -0.000151386 -0.00119221 -1.78813e-05 0.00138356 -0.00145162
internal_weight=1.32439e+08 6.7163e+07 3.23037e+07 3.48593e+07 4.90322e+06 2.99561e+07 8.21687e+06 2.97164e+07 4.79712e+06 4.97846e+06 2.17392e+07 9.61599e+06 6.32127e+06 3.17592e+06
internal_count=120081 64872 37777 27095 3259 23836 5567 35078 5974 4262 18269 9317 5408 2731
cat_boundaries=0 1 2
cat_threshold=357 289
is_linear=0
shrinkage=0.03


Tree=442
num_leaves=15
num_cat=0
split_feature=14 14 13 11 2 1 16 1 1 12 1 16 14 13
split_gain=13492.8 30410.6 25737.2 22710.8 34766.6 32480.7 19595 24887 24961.6 23560.9 19113.1 15096.4 11942.8 9122.65
threshold=1.0845167044415083 2.2586090609240035 0.89277546044186062 1.0186267927115271 3.5000000000000004 12.500000000000002 0.082121563846884488 12.500000000000002 18.500000000000004 1.029585465119887 11.500000000000002 0.05852787979769019 2.9328610291804433 0.98141287301538704
decision_type=2 2 2 2 2 2 2 2 2 2 2 2 2 2
left_child=13 2 -2 4 10 -6 7 11 -9 -10 -4 -5 -3 -1
right_child=1 12 3 6 5 -7 -8 8 9 -11 -12 -13 -14 -15
leaf_value=2.2701048011462991e-05 -0.0011940987036215879 -0.0094187697794146149 0.00037886308426243401 -9.2921897567758345e-05 0.00011408466363306949 0.0019458453644486621 -0.00041226802585451263 0.0008021676058729987 0.00050538068166640034 -0.00097255924887309825 -0.00012247013546979086 -0.00084573047827032975 0.0062468621903726037 -2.3538533453225363e-05
leaf_weight=56948920.919510245 615587.37178170681 256091.48066186905 613771.45799195766 847917.18131959438 450358.94541633129 684207.68292093277 653141.99121165276 1176075.5056762695 448717.41973590851 457472.59855937958 1436558.1274437904 410265.66377925873 239405.90795052052 67097498.876394272
leaf_count=50399 2368 958 1542 3599 1375 1188 500 1019 1040 1033 1844 387 1397 51493
internal_value=6.31268e-05 0.00123494 0.000776795 0.00128163 0.00317116 0.00738475 -0.000225279 0.000703931 0.00271677 -0.00102518 0.000839542 -0.00262727 0.00844151 -1.51815e-05
internal_weight=1.32336e+08 8.28957e+06 7.79407e+06 7.17849e+06 3.1849e+06 1.13457e+06 3.99359e+06 3.34045e+06 2.08227e+06 906190 2.05033e+06 1.25818e+06 495497 1.24046e+08
internal_count=120142 18250 15895 13527 5949 2563 7578 7078 3092 2073 3386 3986 2355 101892
is_linear=0
shrinkage=0.03


Tree=443
num_leaves=15
num_cat=2
split_feature=16 0 1 2 13 14 14 16 1 16 13 16 9 0
split_gain=12173.1 13760.9 35451.6 27426.4 50062.8 40021.9 32747.5 29081.3 36119.9 46234.7 18904.1 18617 17767.2 52163.2
threshold=0.10502982824484795 0 7.5000000000000009 4.5000000000000009 0.92920745693000206 0.7440957282754741 0.9139329828719428 0.05567588004933436 18.500000000000004 0.038009580956616364 1.1268641805763908 0.077630109716740101 71.500000000000014 1
decision_type=2 1 2 2 2 2 2 2 2 2 2 2 2 1
left_child=1 2 -1 5 -5 -4 -7 8 -8 -10 11 -9 13 -3
right_child=-2 12 3 4 -6 6 7 10 9 -11 -12 -13 -14 -15
leaf_value=-0.00035395889659576972 -0.00026448440108992971 0.0005111737811528198 0.00083687912040770096 -0.0011373503362559143 0.00016135062264950438 -0.00017474275651356889 0.00087713530974364926 5.4459078553141173e-05 0.00090429042535528439 -0.00071873032584590679 -0.0002112248763466968 0.00030417038697041148 -7.8819374737884815e-06 -3.817426576722003e-05
leaf_weight=2238204.565020442 1174703.9780056477 2408552.0807102919 1396218.4957580566 1423513.8715133667 2911137.9900741577 2832885.4202957153 1743721.2336120605 6218033.839050293 865596.92367553711 552010.46633911133 1802529.3365478516 3660711.2347412109 98561140.5976789 4220838.6712421179
leaf_count=7016 891 2363 873 1832 3817 2186 1351 4144 2363 579 1132 1698 86594 3064
internal_value=9.63142e-05 0.000123612 0.000746734 0.00109166 -0.00106239 0.00158124 0.00119499 0.00175912 0.00431173 0.000755244 0.00106831 0.00158383 -2.83005e-05 0.00147504
internal_weight=1.3201e+08 1.30835e+08 2.56446e+07 2.34064e+07 4.33465e+06 1.90717e+07 1.76755e+07 1.48426e+07 3.16133e+06 1.41761e+06 1.16813e+07 9.87875e+06 1.05191e+08 6.62939e+06
internal_count=119903 119012 26991 19975 5649 14326 13453 11267 4293 2942 6974 5842 92021 5427
cat_boundaries=0 1 2
cat_threshold=66 392
is_linear=0
shrinkage=0.03


Tree=444
num_leaves=15
num_cat=3
split_feature=11 1 13 0 0 11 12 14 3 12 11 13 11 0
split_gain=14629.2 23411.6 26592.7 25595.3 20699.8 23778.7 48539 22854.5 52791.1 53509.4 39994.8 22254.6 21097.9 32723.8
threshold=0.99272723637215787 19.500000000000004 1.1528725357792051 0 1 0.9333166076352869 0.9880996573646984 0.87434357228284487 1.0000000180025095e-35 0.97676308171397053 0.96422914078869548 0.9641589666228475 0.9333166076352869 2
decision_type=2 2 2 1 1 2 2 2 2 2 2 2 2 1
left_child=1 2 4 -3 5 -1 -7 -6 10 -10 12 -11 13 -9
right_child=-2 3 -4 -5 7 6 -8 8 9 11 -12 -13 -14 -15
leaf_value=-3.955531343106645e-05 -1.3501202009648047e-05 0.00084293392530801297 0.00064869242617383806 0.0001086124623076204 0.00011347194953442065 0.0010536241437623965 0.0001424864044678829 0.0001227377004099626 7.6842320135999355e-05 -0.00042779901149920477 0.00022086989994732207 -0.0012573673199378506 -0.0002793462314917975 -0.00018431756500952628
leaf_weight=5000466.2997715473 100252496.99978685 1173075.1285018921 1578227.0951712132 1633559.4436616898 3058183.7072006464 1232013.40876472 4167317.2424061298 2718140.810578227 1439569.6326352358 1469643.5285307169 2804012.3088792562 1371605.7392270565 2164165.3233006001 2085827.4543064833
leaf_count=4814 90323 1632 3046 3919 2050 1181 4214 1090 1481 1189 1410 935 1013 1437
internal_value=1.4296e-05 0.000573901 0.000321438 0.00319054 0.000104183 0.00115973 0.00254024 -0.000537357 -0.00104882 -0.00382693 0.000168166 -0.00621438 -0.00104931 5.86614e-05
internal_weight=1.32148e+08 3.18958e+07 2.90892e+07 2.80663e+06 2.75109e+07 1.03998e+07 5.39933e+06 1.71111e+07 1.4053e+07 4.28082e+06 9.77215e+06 2.84125e+06 6.96813e+06 4.80397e+06
internal_count=119734 29411 23860 5551 20814 10209 5395 10605 8555 3605 4950 2124 3540 2527
cat_boundaries=0 1 2 3
cat_threshold=88 387 20
is_linear=0
shrinkage=0.03


Tree=445
num_leaves=15
num_cat=2
split_feature=13 0 16 16 14 13 1 10 16 11 10 11 11 0
split_gain=12169 56687.3 10209 15849.4 8577.21 8422.57 15581.6 33586.6 24786.1 30636.1 20449.7 21394.3 55828.3 40286.1
threshold=1.5827002510397203 0 0.051660970355294954 0.038617523334212034 1.5289577085515897 1.0216491553869906 17.500000000000004 0.91803706662057427 0.085602289631758685 0.94087527417298034 0.9817597133097965 1.0141369090599361 1.0191604908139353 1
decision_type=2 1 2 2 2 2 2 2 2 2 2 2 2 1
left_child=5 -2 3 4 -3 -1 7 -7 9 -8 -9 13 -13 -12
right_child=1 2 -4 -5 -6 6 8 10 -10 -11 11 12 -14 -15
leaf_value=1.4617439353053654e-05 0.0036522422107970864 0.00068490240623624282 -0.00078314844416968758 -0.00072858355005054861 0.0043115896375958591 -0.00045718814857136195 0.00069055018782874676 0.00031812156727552049 -0.00044969261445502919 -0.00015705286994178525 0.00010492184815623331 0.00031013218121362149 -1.187138930473015e-06 -0.00040828912513254885
leaf_weight=83738382.865326166 287204.52005052567 76666.456047415733 619309.97462391853 111074.83227968216 92145.292333245277 1882428.3654460907 775585.02508449554 2091090.1906294823 1825712.1942806244 8764014.8794658184 2785311.0976598263 1950538.8139457703 21698639.306498289 5278031.7280651331
leaf_count=72122 1284 1274 724 199 1099 1986 1110 2079 758 11355 2472 1321 18194 3837
internal_value=1.05377e-06 0.00302568 -0.000680492 0.00407448 0.00986532 -2.63828e-05 -0.000347551 -3.94575e-05 -0.00131494 -0.000702043 0.000177729 -1.17469e-05 0.000443246 -0.00134621
internal_weight=1.31976e+08 1.1864e+06 899197 279887 168812 1.3079e+08 4.70514e+07 3.5686e+07 1.13653e+07 9.5396e+06 3.38036e+07 3.17125e+07 2.36492e+07 8.06334e+06
internal_count=119814 4580 3296 2572 2373 115234 43112 29889 13223 12465 27903 25824 19515 6309
cat_boundaries=0 1 2
cat_threshold=48 202
is_linear=0
shrinkage=0.03


Tree=446
num_leaves=15
num_cat=4
split_feature=13 0 16 12 16 1 13 0 11 12 0 16 0 1
split_gain=12694.9 56101.8 16397 10311.5 35183.5 42456.8 46159.1 37103.2 48617.9 34936.6 40642.1 28873.9 27403.6 26032.3
threshold=1.4514817602815107 0 0.040099238879225695 0.99850866959735451 0.054281178458792413 9.5000000000000018 1.0856022169815265 1 1.0164731896702961 0.97676308171397053 2 0.063215648643965172 3 10.500000000000002
decision_type=2 1 2 2 2 2 2 1 2 2 1 2 1 2
left_child=3 -2 -3 4 5 9 -7 13 11 10 -1 -9 -11 -6
right_child=1 2 -4 -5 7 6 -8 8 -10 12 -12 -13 -14 -15
leaf_value=0.0011412456371390183 0.002291784065263325 0.0011091862851243691 -0.00071244693030081874 1.7677194650091991e-05 0.00017172493977612888 0.00046631186061800423 -0.00031042996294736635 -0.00040373568627920497 -0.00080159934571342605 -0.00018368163450697785 -0.00033814458487883272 -2.5991343225652176e-05 -0.001366667668450631 -7.7989479208286322e-05
leaf_weight=310592.24827027321 635520.49263131618 253407.3400490284 854489.2446410656 100810781.19725525 3685899.5842590332 4079417.8557162285 1184741.7681369781 2332893.6581420898 2111574.7291564941 349005.22670602798 576810.04217302799 6607810.0171508789 459742.34661102295 7997855.1994018555
leaf_count=753 1392 3398 1244 87919 2250 4991 1624 1399 1029 1482 2263 3143 1256 5840
internal_value=8.00725e-05 0.00262312 -0.00145282 4.61004e-05 -0.000445223 0.00142108 0.00275107 -0.00101657 -0.00226261 -0.00270667 0.00140365 -0.00129565 -0.00721673 0.000162138
internal_weight=1.32251e+08 1.74342e+06 1.1079e+06 1.30507e+08 2.96963e+07 6.96031e+06 5.26416e+06 2.2736e+07 1.10523e+07 1.69615e+06 887402 8.9407e+06 808748 1.16838e+07
internal_count=119983 6034 4642 113949 26030 12369 6615 13661 5571 5754 3016 4542 2738 8090
cat_boundaries=0 1 2 3 4
cat_threshold=18 433 25 422
is_linear=0
shrinkage=0.03


Tree=447
num_leaves=15
num_cat=1
split_feature=13 0 11 2 12 13 14 12 3 16 16 10 2 11
split_gain=13768.9 42032.9 13452.6 13884.8 13104.5 11473.2 35203.7 31784.1 46098 20086.2 22484.6 14585.4 27777.4 13927.6
threshold=1.5827002510397203 0 0.78683299918466465 2.5000000000000004 0.91874762502524698 0.71120509979220137 0.93080717322494688 1.0179620399481915 1.0000000180025095e-35 0.079730269226034226 0.063453872265148092 0.78049706914582051 1.5000000000000002 0.92170800641855088
decision_type=2 1 2 2 2 2 2 2 2 2 2 2 2 2
left_child=2 -2 3 -1 -4 6 7 9 -9 10 -6 12 -7 -8
right_child=1 -3 4 -5 5 11 13 8 -10 -11 -12 -13 -14 -15
leaf_value=-4.1694872224528393e-05 0.0048155418252999876 -0.00032927216415403008 -0.00021688926943304066 0.00080778921643256409 -0.00030028353181735717 0.00011141236502023283 0.00025865010052278825 0.0012891202673011716 -0.00048049944129743654 6.8908374390139833e-05 -0.00040123074482721844 5.3374512990723203e-06 -0.00088588161459017306 0.00097609010470145832
leaf_weight=1008308.4158818722 449473.56500375271 731578.41723787785 1650029.0902084112 1080329.3319048882 1382552.9227750301 932576.03205442429 407936.54112231731 707148.20030808449 586303.32387185097 1032625.1462907791 1032911.8972682953 119749336.02207017 1122127.5977869034 590420.04738557339
leaf_count=936 1094 3595 1688 1414 2565 866 557 1335 1113 491 566 99753 1622 2371
internal_value=0.000106917 0.00333163 7.79071e-05 0.00246632 3.92943e-05 7.36601e-05 0.00138439 0.00030632 0.00431665 -0.00119804 -0.00269515 1.18933e-05 -0.00249428 0.0065045
internal_weight=1.32464e+08 1.18105e+06 1.31283e+08 2.08864e+06 1.29194e+08 1.27544e+08 5.7399e+06 4.74154e+06 1.29345e+06 3.44809e+06 2.41546e+06 1.21804e+08 2.0547e+06 998357
internal_count=119966 4689 115277 2350 112927 111239 8998 6070 2448 3622 3131 102241 2488 2928
cat_boundaries=0 1
cat_threshold=18
is_linear=0
shrinkage=0.03


Tree=448
num_leaves=15
num_cat=3
split_feature=11 11 0 0 9 1 12 11 1 12 0 2 2 2
split_gain=10394.1 30332.4 113483 41378.8 49148.3 52527.6 49844.3 43481.4 52597.4 46867.6 38296.8 41647.8 35191.4 36417.8
threshold=1.0069201742998883 1.0128747137800109 0 1 89.500000000000014 17.500000000000004 0.99850866959735451 1.1080124201305639 12.500000000000002 1.0935405065140742 2 2.5000000000000004 1.5000000000000002 3.5000000000000004
decision_type=2 2 1 1 2 2 2 2 2 2 1 2 2 2
left_child=-1 2 -2 4 5 -3 -6 8 10 -9 11 -8 -10 -14
right_child=1 3 -4 -5 6 -7 7 9 12 -11 -12 -13 13 -15
leaf_value=4.258101375502318e-05 -0.0019896092134017948 1.5706290189078826e-06 -3.7667761718028447e-06 -3.0153453707070033e-05 -0.00046373415928454881 -0.00095248243438812643 -7.2189818154852741e-05 -0.00023874905957533117 0.00017841402851730701 0.00039287259532828705 -0.00027143774009135731 0.00050929150567744061 0.0010098766252755636 0.00046293208880732526
leaf_weight=44349217.224632502 1365715.229711175 4494353.5403513908 4634437.1234754324 51193649.246896267 1906418.9566216469 1334161.8642864227 2344316.1110477448 4603270.9694054127 2838615.5108275414 3317565.8199598789 1820740.764564991 2256789.8184809685 2912363.220688343 3044952.6322075129
leaf_count=39393 1077 5085 3502 41057 1669 2071 2078 6271 2478 3652 3051 2672 2513 3521
internal_value=0.000124603 -6.40138e-05 -0.00212308 8.65302e-05 0.000953972 -0.00152724 0.0015314 0.00191556 0.0028538 0.00011298 0.000789663 0.00224702 0.00436081 0.00567068
internal_weight=1.32417e+08 8.80674e+07 6.00015e+06 8.20672e+07 3.08735e+07 5.82852e+06 2.5045e+07 2.31386e+07 1.52178e+07 7.92084e+06 6.42185e+06 4.60111e+06 8.79593e+06 5.95732e+06
internal_count=120090 80697 4579 76118 35061 7156 27905 26236 16313 9923 7801 4750 8512 6034
cat_boundaries=0 1 2 3
cat_threshold=36 356 68
is_linear=0
shrinkage=0.03


Tree=449
num_leaves=15
num_cat=2
split_feature=16 0 10 11 11 0 2 3 10 1 10 16 10 11
split_gain=10492.9 24487.9 33429.1 24211.8 17043.1 28554.7 30594 47059.8 36018.8 31505.3 23901.7 23722.8 21892.8 32744.4
threshold=0.090582173183061984 0 1.0261451834643835 1.0486312805951197 1.0069201742998883 1 1.0000000180025095e-35 1.5000000000000002 0.8273945122033517 15.500000000000002 0.95679863267342224 0.07808210564581948 1.0049949454514786 0.96214500782476298
decision_type=2 1 2 2 2 1 2 2 2 2 2 2 2 2
left_child=4 2 -2 -3 5 6 9 8 -8 -1 -10 12 -7 -14
right_child=1 3 -4 -5 -6 11 7 -9 10 -11 -12 -13 13 -15
leaf_value=-0.00036919371789222741 -0.00016919990734402509 -2.9193610013094386e-05 0.00037080663832181066 -0.00031398651189940241 -1.1204600853721234e-05 -4.7525682844153759e-08 -2.1922210108959922e-05 -0.00029639739983650738 0.00063382507175801465 0.00033556687762717615 0.00038837747274458808 0.0001305192577063584 5.8788184350514685e-05 -0.00037430783830101768
leaf_weight=1654315.1456701756 2044482.8111934662 6182675.1376342773 2560249.7758402824 3439262.4468994141 77769074.66153276 13598142.04853797 2301021.5528759956 3582977.6913679838 1409613.2938841581 1157205.5374517441 6474718.5201662779 5218534.1535949707 1247871.7787212133 3183161.7589854002
leaf_count=1568 966 2327 1347 1847 75888 13312 2137 5717 1080 998 5978 2496 1100 2968
internal_value=1.67043e-05 -0.000752814 0.00104636 -0.00161384 0.0001098 0.000614472 0.00156566 0.00214801 0.00318826 -0.00128614 0.00415204 -6.3901e-05 -0.000579486 -0.00241083
internal_weight=1.31823e+08 1.42267e+07 4.60473e+06 9.62194e+06 1.17597e+08 3.98276e+07 1.65799e+07 1.37683e+07 1.01854e+07 2.81152e+06 7.88433e+06 2.32477e+07 1.80292e+07 4.43103e+06
internal_count=119729 6487 2313 4174 113242 37354 17478 14912 9195 2566 7058 19876 17380 4068
cat_boundaries=0 1 2
cat_threshold=448 139
is_linear=0
shrinkage=0.03


Tree=450
num_leaves=15
num_cat=4
split_feature=2 0 13 14 0 1 9 0 10 16 9 9 9 0
split_gain=11263.2 23452.4 29422.3 23011.4 35747.7 29132.4 44576 33094.1 22724.2 16388.4 35891.2 46164.9 66168.3 40848.9
threshold=1.0000000180025095e-35 0 0.81704888163572009 0.93605299253836838 1 17.500000000000004 89.500000000000014 2 1.049913976748585 0.058752574683033888 66.500000000000014 82.500000000000014 77.500000000000014 3
decision_type=2 1 2 2 1 2 2 1 2 2 2 2 2 1
left_child=1 -1 -3 4 -4 6 -5 -8 -9 -2 -11 12 13 -12
right_child=9 2 3 5 -6 -7 7 8 -10 10 11 -13 -14 -15
leaf_value=-0.0003157220573975496 7.2654661183157811e-05 -0.00035245750516998888 0.00035761364911384536 0.00013873980367338584 -6.9145985004976282e-05 0.00022754515420276046 -0.00079130203978652045 -0.00017482340265873153 6.6309096862688502e-05 -0.00038519458098820047 0.00014341568213779304 -1.8716828248846459e-05 0.0008103891338394944 -0.00023036751961490586
leaf_weight=3625676.8064380884 38461971.644244432 1385645.022862196 2261001.1812331676 1963707.453587532 2442771.9430600405 3198921.8257982731 1671673.1791799068 4293182.1298472881 1692854.0561392307 2304546.3758544922 2415377.9138879776 62415719.58743155 1639107.1933293343 2272844.462097168
leaf_count=3841 59083 1807 1131 1211 2283 2329 1195 2572 1259 1186 1277 37758 1112 1708
internal_value=3.59331e-05 -0.000574845 -0.000151071 0.000181684 0.00197642 -0.000476804 -0.0013014 -0.00233545 -0.00129324 0.000161622 -0.000108403 1.50549e-05 0.00245679 0.000642801
internal_weight=1.32045e+08 2.25354e+07 1.89098e+07 1.75241e+07 4.70377e+06 1.28203e+07 9.62142e+06 7.65771e+06 5.98604e+06 1.0951e+08 7.10476e+07 6.8743e+07 6.32733e+06 4.68822e+06
internal_count=119752 17628 13787 11980 3414 8566 6237 5026 3831 102124 43041 41855 4097 2985
cat_boundaries=0 1 2 3 4
cat_threshold=130 24 9 408
is_linear=0
shrinkage=0.03


Tree=451
num_leaves=15
num_cat=2
split_feature=11 11 11 13 0 16 0 16 9 10 14 12 16 1
split_gain=18226.3 67830.1 22534.1 21848.9 40842.4 22741 21619.1 53661.7 48976.6 36956.2 35741.2 26364 25250.9 23046.6
threshold=0.99985733322981363 1.0004858951054538 1.0023540593275329 1.1528725357792051 0 0.066087745737715795 1 0.091205136300103837 84.500000000000014 1.1925834006211711 1.022908267559467 1.02768276543342 0.095451428987462991 21.500000000000004
decision_type=2 2 2 2 1 2 1 2 2 2 2 2 2 2
left_child=3 -2 -3 -1 -5 -6 7 8 -4 10 11 -10 13 -8
right_child=1 2 6 4 5 -7 12 -9 9 -11 -12 -13 -14 -15
leaf_value=4.0765738358447551e-05 -0.0010550456373640972 0.0005432516043878963 -0.00060572036367904491 0.0015167681506697711 -0.00059687947354001994 0.00067417126019184994 -5.4582081823048208e-06 0.00061871227971742868 0.00047664357348106375 -0.00032009053438476792 0.00088228083553345085 -0.00011693273680290914 -0.00017097104269324926 -0.00062237017625427432
leaf_weight=35067534.074951053 1447639.7565450668 1201767.4150065184 1303019.9325748682 609473.21066713333 943490.1243724823 652858.84307861328 76804516.576530099 1278724.4855957031 1653401.1404137611 1403652.2994536161 1104848.7074917555 2257555.374227643 4641909.4630730152 1739425.8437139988
leaf_count=28771 966 1426 1696 966 3045 668 63716 649 1971 1870 1930 2871 2325 6942
internal_value=3.89466e-05 -0.000181963 -8.20714e-05 0.000601017 0.00349705 0.000974658 -0.000135278 0.00126135 0.000318778 0.00139515 0.00259929 0.00125329 -0.000286402 -0.000159336
internal_weight=1.3211e+08 9.48365e+07 9.33888e+07 3.72734e+07 2.20582e+06 1.59635e+06 9.21871e+07 9.0012e+06 7.72248e+06 6.41946e+06 5.01581e+06 3.91096e+06 8.31859e+07 7.85439e+07
internal_count=119812 86362 85396 33450 4679 3713 83970 10987 10338 8642 6772 4842 72983 70658
cat_boundaries=0 1 2
cat_threshold=24 64
is_linear=0
shrinkage=0.03


Tree=452
num_leaves=15
num_cat=2
split_feature=14 0 12 10 12 3 0 9 12 3 14 1 1 13
split_gain=12437.7 23119.7 33132.7 34660.1 16293.2 16023.4 23244.4 15927.3 17616.5 15734.8 14936.2 60609 16627.3 12600.3
threshold=1.0574666454817534 0 1.0051336041564809 0.9848991912119649 0.98366571989275564 1.0000000180025095e-35 1 87.500000000000014 1.0724230698355492 2.5000000000000004 1.189641366672092 13.500000000000002 17.500000000000004 1.1489273437838803
decision_type=2 1 2 2 2 2 1 2 2 2 2 2 2 2
left_child=-1 2 5 -4 9 -2 -7 -5 -9 -3 12 -12 13 -6
right_child=1 4 3 7 10 6 -8 8 -10 -11 11 -13 -14 -15
leaf_value=-7.3581615625205697e-06 0.0002637031568748033 -7.4966194612321538e-05 0.00048254128242541911 -0.00062072489738463222 0.00011798142406303635 0.0020454674569560169 0.00042400871507442325 -0.00042335285457477818 0.00020892887704579161 -0.0020764558353903789 -0.0011494582710163655 0.002118007651869193 -0.00042234365036095757 -0.00012640955247215167
leaf_weight=118100181.86810172 1113390.5576910973 799452.29158675671 1393997.4277254343 672445.95934665203 2735187.8233462572 777746.80624973774 478571.22551190853 2050070.1939544678 484115.88356554508 543980.12027430534 304989.38546419144 410217.86892461777 1474811.0862731934 1037075.6941802502
leaf_count=95519 1942 1483 2076 1167 2527 1248 1489 4030 1208 990 2244 832 2003 1277
internal_value=1.54692e-05 0.000851856 0.00208784 0.000603402 -0.000327389 0.00496977 0.00729211 -0.00111345 -0.00220258 -0.00331202 0.000345114 0.00441214 -0.000209246 0.000846696
internal_weight=1.32376e+08 1.42761e+07 6.97034e+06 4.60063e+06 7.30571e+06 2.36971e+06 1.25632e+06 3.20663e+06 2.53419e+06 1.34343e+06 5.96228e+06 715207 5.24707e+06 3.77226e+06
internal_count=120035 24516 13160 8481 11356 4679 2737 6405 5238 2473 8883 3076 5807 3804
cat_boundaries=0 1 2
cat_threshold=179 18
is_linear=0
shrinkage=0.03


Tree=453
num_leaves=15
num_cat=3
split_feature=13 0 16 3 2 10 0 9 16 16 10 0 9 1
split_gain=10501.3 59448.2 13589.9 12095.5 44698.2 40925.7 77757.8 49171.3 26187.2 25919 25699.8 49126.9 19585.8 76056.8
threshold=1.5827002510397203 0 0.049070504732675803 2.5000000000000004 4.5000000000000009 1.1431678767070663 1 89.500000000000014 0.087415563134378219 0.069300023199382402 1.042224977287155 2 89.500000000000014 18.500000000000004
decision_type=2 1 2 2 2 2 1 2 2 2 2 1 2 2
left_child=3 -2 -3 12 -5 7 -7 9 10 -6 -9 -12 13 -1
right_child=1 2 -4 4 5 6 -8 8 -10 -11 11 -13 -14 -15
leaf_value=0.00012344385631584827 0.012178340770618419 0.0012950414557857768 -0.00095869332384276884 -0.0020250232280407164 -0.00085843102092837307 0.00035676091900393656 -0.0017019849944566773 9.3832470839171571e-05 -0.0004712901242560169 -0.00010091126076352321 0.00096267324038115665 5.9663670264683411e-05 -5.8847215807752661e-06 -0.00039027773853531533
leaf_weight=16951927.911352873 347123.08303010464 249135.9271645546 570554.11079120636 900690.10722196102 682901.56036841869 549846.65490579605 705254.01468360424 4479760.0059568882 1105429.1629157066 996361.44223308563 1130890.3735723495 1339383.7292550802 99021463.856003642 2983799.8971874714
leaf_count=12511 999 2832 752 1434 1604 1134 1271 6959 934 861 1873 1877 80658 3964
internal_value=3.06031e-05 0.00286404 -0.00154265 5.33636e-06 -0.000906979 -0.000380406 -0.00547895 0.000276951 0.00125044 -0.00439288 0.00193261 0.00438928 9.6528e-05 0.000954446
internal_weight=1.32015e+08 1.16681e+06 819690 1.30848e+08 1.18905e+07 1.09898e+07 1.2551e+06 9.73473e+06 8.05546e+06 1.67926e+06 6.95003e+06 2.47027e+06 1.18957e+08 1.99357e+07
internal_count=119663 4583 3584 115080 17947 16513 2405 14108 11643 2465 10709 3750 97133 16475
cat_boundaries=0 1 2 3
cat_threshold=24 121 242
is_linear=0
shrinkage=0.03


Tree=454
num_leaves=15
num_cat=3
split_feature=13 0 13 12 14 0 9 1 10 4 0 10 11 14
split_gain=18353.3 43277.2 12125.3 25364.9 36134.1 25513 18912.1 14880.8 11931.6 20836.2 11390.1 19282.6 15211.9 10798.5
threshold=1.2878181503467476 0 1.1176149359256635 1.0671690946621852 1.0898738100051839 1 85.500000000000014 15.500000000000002 1.1828968528919626 1.0000000180025095e-35 2 1.0282515116123769 1.0481177777849275 1.1570363360148355
decision_type=2 1 2 2 2 1 2 2 2 2 1 2 2 2
left_child=2 -2 -1 4 6 -5 -4 -6 9 13 -8 -12 -13 -3
right_child=1 8 3 5 7 -7 10 -9 -10 -11 11 12 -14 -15
leaf_value=4.6266611192489982e-06 0.00094573474900637 0.00047072261005970373 3.9270554841672012e-05 -0.00025657579979771156 -1.3932193424036361e-05 0.00078552218790482742 -0.00077138262553711726 0.00083480336307223803 -0.00051996823977662043 -0.00056575858391331199 -0.00054342812487655873 0.0001885123319681845 -0.00046598062153404706 0.0020693975618621607
leaf_weight=117990164.63508403 1027372.7479330301 653554.03282904625 1476535.4980301857 729554.13855028152 998617.59520435333 740854.51074433327 1821976.6949770451 812709.12667798996 488293.59398055077 858767.30616354942 1605108.2806129456 1444228.9224812984 1413712.3832406998 197688.48845016956
leaf_count=97775 2006 2249 1471 995 1620 1048 2261 1215 956 1559 1766 1299 1303 2459
internal_value=7.65102e-06 0.0022428 -4.82249e-05 -0.000998806 -0.0015623 0.00266971 -0.00245269 0.00225305 -0.000132751 0.0010483 -0.00317046 -0.00235445 -0.000876658 0.00437445
internal_weight=1.32259e+08 3.22568e+06 1.29033e+08 1.10433e+07 9.57289e+06 1.47041e+06 7.76156e+06 1.81133e+06 2.1983e+06 1.71001e+06 6.28503e+06 4.46305e+06 2.85794e+06 851243
internal_count=119982 9229 110753 12978 10935 2043 8100 2835 7223 6267 6629 4368 2602 4708
cat_boundaries=0 1 2 3
cat_threshold=18 394 35
is_linear=0
shrinkage=0.03


Tree=455
num_leaves=15
num_cat=3
split_feature=13 0 16 3 2 9 10 0 10 0 14 13 9 16
split_gain=9288.99 67582.5 25868.2 9631.08 45937.5 54144.9 59740.1 83698.7 49833.1 49927.7 19059 20511.1 14753.4 68564.7
threshold=1.5827002510397203 0 0.051292865818768199 2.5000000000000004 4.5000000000000009 89.500000000000014 1.0923206408361679 1 1.042224977287155 2 1.0483315867982361 1.0227549860122203 89.500000000000014 0.049070504732675803
decision_type=2 1 2 2 2 2 2 1 2 1 2 2 2 2
left_child=3 -2 -3 12 -5 -6 8 -8 10 -10 11 -7 13 -1
right_child=1 2 -4 4 5 6 7 -9 9 -11 -12 -13 -14 -15
leaf_value=-0.000412666068099487 -0.02365782477835348 0.0017524265785737341 -0.0010161214789486802 -0.0018041869637171915 -0.00042149299592293601 0.0001524509821955541 -0.0015738747354045821 0.00011580185090426008 0.0012996002391949162 0.00014284533551772025 -0.0002850110139938195 -0.00033999536569803013 1.735021960487971e-06 0.00010634239793646079
leaf_weight=2669207.8466762304 299742.4313993454 271478.59332203865 628689.79463028908 883355.81002497673 1682399.8937488794 3054900.70756042 905857.19281625748 1321178.6304535866 997643.74279940128 874285.18973970413 855938.59230101109 1407163.10750103 99057707.251390219 17269083.918787003
leaf_count=6447 1301 2603 731 1416 2509 3772 1360 2525 1203 1395 1970 1901 80755 10092
internal_value=0.000116385 0.00274393 -0.00136457 9.23135e-05 -0.000718362 -0.000194344 0.000691303 -0.00360206 0.00202114 0.00623081 0.000539348 -0.000247245 0.000173947 0.000918509
internal_weight=1.32179e+08 1.19991e+06 900168 1.30979e+08 1.19827e+07 1.10994e+07 9.41697e+06 2.22704e+06 7.18993e+06 1.87193e+06 5.318e+06 4.46206e+06 1.18996e+08 1.99383e+07
internal_count=119980 4635 3334 115345 18051 16635 14126 3885 10241 2598 7643 5673 97294 16539
cat_boundaries=0 1 2 3
cat_threshold=48 262 182
is_linear=0
shrinkage=0.03


Tree=456
num_leaves=15
num_cat=3
split_feature=13 0 16 16 0 1 16 1 13 16 1 16 0 13
split_gain=16279 51737.5 10953.6 11015.1 9990.43 36700.1 33790.7 29778 27148.6 26250.8 23234.4 39689.3 17873.6 17272.2
threshold=1.5827002510397203 0 0.050626979030067097 0.038009580956616364 1 7.5000000000000009 0.063010046016815091 18.500000000000004 0.90837719281977647 0.038009580956616364 13.500000000000002 0.053537133397368319 2 1.1236350966057607
decision_type=2 1 2 2 1 2 2 2 2 2 2 2 1 2
left_child=4 -2 3 -3 5 -1 7 10 -8 -9 11 -7 -13 -10
right_child=1 2 -4 -5 -6 6 8 9 13 -11 -12 12 -14 -15
leaf_value=-0.00037561812895022971 0.020126185126544165 0.0014958206572765805 -0.0007115413066923834 -0.00057270875378664682 -1.1722174608465848e-05 0.00082936083442511062 -0.0002656719301671269 0.00050703582487103386 0.00013133163156921898 -0.00039312813573327084 0.00090551662141403512 0.00035391336280148663 -0.00016127061671112556 -0.00023056302777353131
leaf_weight=2200586.1405907869 295778.31995654106 166236.93961644173 628761.89272046089 106259.99894928932 105729953.02069092 1293256.5502624512 3410238.272277832 1350365.0086135864 9005198.3634643555 1460019.8180236816 1535664.6647338867 2064553.1872558594 1976227.9338989258 1602507.1139526367
leaf_count=6321 1316 2397 729 203 89309 1276 2167 3888 5669 1613 1071 1427 1817 1049
internal_value=1.27765e-05 0.00349547 -7.7575e-05 0.00494626 -1.88953e-05 0.000509184 0.00085332 0.00221654 -8.80525e-05 -0.000384908 0.00328079 0.00234465 0.000880659 0.000660521
internal_weight=1.32826e+08 1.19704e+06 901259 272497 1.31629e+08 2.58986e+07 2.3698e+07 9.68009e+06 1.40179e+07 2.81038e+06 6.8697e+06 5.33404e+06 4.04078e+06 1.06077e+07
internal_count=120252 4645 3329 2600 115607 26298 19977 11092 8885 5501 5591 4520 3244 6718
cat_boundaries=0 1 2 3
cat_threshold=48 66 2
is_linear=0
shrinkage=0.03


Tree=457
num_leaves=15
num_cat=2
split_feature=14 14 1 4 0 16 16 12 0 16 16 12 1 16
split_gain=10823.2 37081.4 24209.9 54159.8 19017 15773.3 13392.5 10422.7 9418.88 8780.54 15968.6 12430.9 34210.4 34345.7
threshold=1.1408790155553841 2.6218253155670035 11.500000000000002 1.0000000180025095e-35 0 0.059670204921532327 0.063215648643965172 1.1713962242554434 1 0.10502982824484795 0.099461805862942745 1.0552800080532883 7.5000000000000009 0.082121563846884488
decision_type=2 2 2 2 1 2 2 2 1 2 2 2 2 2
left_child=7 2 3 5 -4 8 -6 9 -2 10 11 -1 -13 -14
right_child=1 -3 4 -5 6 -7 -8 -9 -10 -11 -12 12 13 -15
leaf_value=-4.5854288768509135e-06 -0.00026976318767536875 0.0020511872816650102 0.0012774145933199758 -0.0029113883403343748 0.00070196061318216689 -0.0010080175814742309 -0.00043722424496246936 -0.00028722844359163624 0.001793488314870197 -0.00024638425622647812 0.00023706743850393147 -0.00029208943109109694 0.00020011035119938956 -0.00012985506323635155
leaf_weight=103398076.16070151 249289.93719446659 370509.19147515297 776770.34066319466 366848.00534856319 787307.83997559547 146160.3726568222 810902.71833920479 1699193.2398358583 193051.45450568199 1199023.3527364731 2257034.4171447754 1863294.7776412964 13841216.262263775 4247462.5279445648
leaf_count=84377 2734 1841 1247 694 2051 145 895 1612 2136 887 1328 4341 13433 2206
internal_value=0.000106537 0.00170603 0.000704408 -0.00332854 0.00232668 0.00231105 0.000455154 6.04729e-05 0.00513427 9.17482e-05 0.000116139 7.03827e-05 0.000755975 0.00115467
internal_weight=1.32206e+08 3.70084e+06 3.33033e+06 955350 2.37498e+06 588502 1.59821e+06 1.28505e+08 442341 1.26806e+08 1.25607e+08 1.2335e+08 1.9952e+07 1.80887e+07
internal_count=119927 11743 9902 5709 4193 5015 2946 108184 4870 106572 105685 104357 19980 15639
cat_boundaries=0 1 2
cat_threshold=52 468
is_linear=0
shrinkage=0.03


Tree=458
num_leaves=15
num_cat=3
split_feature=13 0 16 14 0 9 11 12 11 14 12 0 13 14
split_gain=13120.9 63210 23599.6 11424.8 8821.8 21364 26352.1 55617.9 38946.2 33506.4 31320.7 21672.8 18380.8 22597.2
threshold=1.4514817602815107 0 0.041598230536822753 1.4099493185269965 1 75.500000000000014 0.96883901988821342 1.0126630682341327 1.0039162426793975 0.95673257874858531 0.91908275567921338 2 0.99411818638148952 0.97445592737451536
decision_type=2 1 2 2 1 2 2 2 2 2 2 1 2 2
left_child=4 -2 3 -3 5 -1 9 8 -8 -7 -11 -10 13 -6
right_child=1 2 -4 -5 12 6 7 -9 11 10 -12 -13 -14 -15
leaf_value=-0.00020122538548666966 0.010980249981921391 9.9056312752088843e-05 -0.00055091010514667148 0.0033811469587827878 -1.2839945967473306e-05 6.6626433013706497e-05 0.0035731080338957662 5.5776359039283055e-05 0.00077356160202306614 -7.3314977774082139e-06 -0.0011028387258366866 -2.5233020076871921e-05 -3.9536088613591002e-05 9.326864046710985e-05
leaf_weight=2050925.2408224344 378767.74143457413 159145.68288493156 1016872.7438921928 147626.96591210365 32684687.714783549 1364732.5159212351 1107887.985812664 15958969.900225163 1247256.2391171455 1261194.8795846701 1327856.3465502262 1245133.3744310141 51826460.607506633 20544353.855856538
leaf_count=2148 1595 1727 1151 1532 27893 1153 907 16202 1455 1496 1315 1074 41425 18906
internal_value=0.000122323 0.00273905 -0.000353308 0.00693979 8.82179e-05 0.000588012 0.000844147 0.0012957 0.00466381 -0.00138965 -0.00339474 0.00258351 -3.34009e-05 0.000358157
internal_weight=1.32322e+08 1.70241e+06 1.32365e+06 306773 1.30619e+08 2.5564e+07 2.3513e+07 1.95592e+07 3.60028e+06 3.95378e+06 2.58905e+06 2.49239e+06 1.05056e+08 5.3229e+07
internal_count=119979 6005 4410 3259 113974 25750 23602 19638 3436 3964 2811 2529 88224 46799
cat_boundaries=0 1 2 3
cat_threshold=48 66 64
is_linear=0
shrinkage=0.03


Tree=459
num_leaves=15
num_cat=2
split_feature=13 14 0 10 11 11 11 0 2 11 2 16 10 11
split_gain=9864.92 49841.4 8502.28 26380.2 46530.4 49715.9 44587.3 40953.3 47257.6 38630.5 37197.5 42965.3 56246.9 30298.2
threshold=0.32622127426299957 0.75394341546386812 0 1.0804981498706023 1.0507163897489569 1.065400449660032 1.0427239847918768 1 1.5000000000000002 1.092339999011235 4.5000000000000009 0.051942812090352376 1.1492947894123116 1.0766544007495955
decision_type=2 2 1 2 2 2 2 1 2 2 2 2 2 2
left_child=1 -1 -2 4 6 -6 -4 10 -9 -10 11 -5 -13 -7
right_child=2 -3 3 7 5 13 -8 8 9 -11 -12 12 -14 -15
leaf_value=-0.00070582656037640359 2.563363694687062e-05 0.00023601747295651115 -3.1953845477709393e-05 -0.00026343267100151343 -0.00094316995267585953 0.000348637366987447 0.00043160058784040019 -0.00046152356486203684 0.00060146957830536007 -8.3094274276189476e-05 -0.00024045214601025943 0.00065785406970484957 8.3873058895787988e-05 -0.00044982171386011137
leaf_weight=577920.18705677986 59918142.352714539 597405.96919476986 44983081.518045187 1374328.865208745 2393902.0102185011 1207810.4087920189 2095052.0748767853 2381756.6899273396 1660037.1237598658 3156269.0443958044 1635475.0795514584 4687351.4018554688 3568657.4649658203 1674654.7635208368
leaf_count=1580 51918 1528 39552 3084 2137 1136 1433 2537 2291 3791 2569 2581 1973 1557
internal_value=0.000145112 -0.00259107 0.00016971 -5.28238e-05 -0.000396676 -0.00306817 -9.72632e-05 0.000922173 -0.000845401 0.000863986 0.00205153 0.00276192 0.00357948 -0.000414349
internal_weight=1.31912e+08 1.17533e+06 1.30737e+08 7.08184e+07 5.23545e+07 5.27637e+06 4.70781e+07 1.84639e+07 7.19806e+06 4.81631e+06 1.12658e+07 9.63034e+06 8.25601e+06 2.88247e+06
internal_count=119667 3108 116559 64641 45815 4830 40985 18826 8619 6082 10207 7638 4554 2693
cat_boundaries=0 1 2
cat_threshold=114 261
is_linear=0
shrinkage=0.03


Tree=460
num_leaves=15
num_cat=2
split_feature=13 0 13 0 14 1 9 12 11 2 12 12 13 13
split_gain=10680.1 60376.8 10973.1 34725.6 37933 27199.7 25639.5 22228.6 23846.2 22078.3 15906.2 23295.7 32690 43214.3
threshold=1.5827002510397203 0 0.9165133650555698 1 0.91710045033201182 15.500000000000002 73.500000000000014 1.1399017412380001 1.1566402080084894 2.5000000000000004 0.93483684010591095 1.0048876901737636 0.6592591238061839 0.86861950957499034
decision_type=2 1 2 1 2 2 2 2 2 2 2 2 2 2
left_child=2 -2 3 4 9 -6 -5 8 10 -1 -8 -12 -13 -14
right_child=1 -3 -4 6 5 -7 7 -9 -10 -11 11 12 13 -15
leaf_value=0.00033493490819585159 0.01916015150701527 -0.00019719926733369832 -3.495262349464827e-06 0.00041662626245486987 0.00048618122013103864 -5.3693875398073575e-06 -0.00020326201581741661 -0.00051818765347769191 0.00045525704059515607 -0.00015439277137459972 0.00018933845273431087 0.00031942340702363208 -0.0004211258401206928 8.4282361668457529e-05
leaf_weight=1179429.5080577135 285730.22808504105 884116.5350818634 101357313.44198298 1056397.7163081169 1769379.9062453508 1243207.7850542068 2467288.7233854532 1369569.8251261711 1194179.014778614 1726508.3898429871 7424324.1361097097 956676.4981071949 5115047.6498520374 4251601.7824435234
leaf_count=1458 1297 3322 82327 1530 2112 1440 2405 1376 1355 1376 7353 2598 5990 4024
internal_value=0.000143731 0.00299748 0.000118268 0.00062482 0.00268155 0.00504038 0.000114109 -9.77841e-05 0.000139247 0.000236156 -0.000104102 0.000209665 -0.000712072 -0.00125159
internal_weight=1.32281e+08 1.16985e+06 1.31111e+08 2.97536e+07 5.91853e+06 3.01259e+06 2.38351e+07 2.27787e+07 2.14091e+07 2.90594e+06 2.02149e+07 1.77477e+07 1.03233e+07 9.36665e+06
internal_count=119963 4619 115344 33017 6386 3552 26631 25101 23725 2834 22370 19965 12612 10014
cat_boundaries=0 1 2
cat_threshold=48 144
is_linear=0
shrinkage=0.03


Tree=461
num_leaves=15
num_cat=1
split_feature=5 3 9 13 9 1 12 1 12 10 10 11 11 0
split_gain=12729.1 10778.8 20589.9 18636.9 26376.8 51680.5 37106.7 32056.2 31010.1 34736.5 48641.9 44081 43304.3 43565
threshold=1.0000000180025095e-35 1.0000000180025095e-35 66.500000000000014 0.97112998397949013 89.500000000000014 14.500000000000002 1.0616462961516742 9.5000000000000018 1.0091514731206532 1.009035500706591 1.0402442227162492 0.99892088283283897 0.92170800641855088 0
decision_type=2 2 2 2 2 2 2 2 2 2 2 2 2 1
left_child=1 3 -3 4 5 7 8 -1 9 11 -11 12 13 -6
right_child=-2 2 -4 -5 6 -7 -8 -9 -10 10 -12 -13 -14 -15
leaf_value=0.00014877909258703039 -0.00024478031141755488 -0.00052371973298717298 -1.4438300362706115e-05 -6.030581603272115e-06 0.00036509934813567244 -3.9672661960458652e-05 0.00034266396100480372 0.0010010870800900241 -7.6857477448736267e-05 0.00047988180713477284 -2.9649991430472214e-05 -0.00041013218475143985 0.00031976809075316351 -0.00020612914783126342
leaf_weight=955335.51785635948 2027415.5915454626 984334.7453674078 43258364.558711529 51255165.796691298 1327255.6790412664 2109179.9460654259 4491184.8465102911 1202964.6596374512 11779221.074153066 2451028.4480757713 1892636.3643621206 2046477.1055400372 2856728.0764110088 3243816.7208679914
leaf_count=1463 1529 769 50332 38388 1083 1906 4337 875 9630 1929 1534 1499 1955 2526
internal_value=7.90916e-05 0.000115919 -0.00026429 0.000312407 0.000853051 0.00306027 0.000539998 0.00632389 9.86987e-05 0.00106278 0.00328423 4.43114e-05 0.00111842 -0.000692431
internal_weight=1.31881e+08 1.29854e+08 4.42427e+07 8.5611e+07 3.43558e+07 4.26748e+06 3.00883e+07 2.1583e+06 2.55972e+07 1.38179e+07 4.34366e+06 9.47428e+06 7.4278e+06 4.57107e+06
internal_count=119755 118226 51101 67125 28737 4244 24493 2338 20156 10526 3463 7063 5564 3609
cat_boundaries=0 1
cat_threshold=134
is_linear=0
shrinkage=0.03


Tree=462
num_leaves=15
num_cat=3
split_feature=16 0 13 11 0 16 13 14 9 12 0 4 16 16
split_gain=11902.6 41186.9 11933.5 46213.7 18685 22908 15843.6 16448.7 21690.2 32616.1 14888.3 12347.9 10711.1 14700.7
threshold=0.096476869161371062 0 1.2878181503467476 0.98630601238266269 1 0.073303067967267058 1.1406696268477645 1.1186570060333347 85.500000000000014 1.0664942906908104 2 1.0000000180025095e-35 0.054986455241558319 0.038009580956616364
decision_type=2 1 2 2 1 2 2 2 2 2 1 2 2 2
left_child=2 -2 6 11 -5 -6 -1 8 -8 10 -10 -4 13 -12
right_child=1 -3 3 4 5 -7 7 -9 9 -11 12 -13 -14 -15
leaf_value=2.3038847311522908e-05 9.8280921312036049e-05 -0.00023336218602774158 0.0027524262797704395 0.00056139971148678439 5.4776003073813968e-05 -0.0012174642302884091 0.00020891397040887589 0.00029430979496204485 -0.00088240627990785218 0.00041013637132808532 -0.00027255887571841169 0.00087311456784964581 -8.2745777771302259e-05 -0.00077453915277806915
leaf_weight=115406715.16554666 3884172.5805518627 2271497.3265380859 323487.62203121185 1141541.9316922426 1042982.4676097631 419288.69026613235 955684.90575325489 987144.00302231312 1450347.7441512346 956968.05079054832 550090.71172142029 312758.77178525925 1830177.9102172852 625201.51388549805
leaf_count=98087 2601 605 1474 2105 4483 530 1118 1806 1684 1301 1601 583 1411 653
internal_value=0.000181073 -0.00110702 0.000244001 0.0020411 0.00027002 -0.00197538 0.00019657 -0.00115339 -0.00171193 -0.0024476 -0.00352682 0.00928916 -0.00232215 -0.00455704
internal_weight=1.32158e+08 6.15567e+06 1.26002e+08 3.24006e+06 2.60381e+06 1.46227e+06 1.22762e+08 7.35561e+06 6.36847e+06 5.41279e+06 4.45582e+06 636246 3.00547e+06 1.17529e+06
internal_count=120042 3206 116836 9175 7118 5013 107661 9574 7768 6650 5349 2057 3665 2254
cat_boundaries=0 1 2 3
cat_threshold=480 22 146
is_linear=0
shrinkage=0.03


Tree=463
num_leaves=15
num_cat=3
split_feature=13 0 16 13 12 2 0 16 11 0 2 3 3 12
split_gain=9430.9 39679.2 16924.6 10991.3 17609.8 18656.4 27893.6 27845.2 11588.8 12769.5 8971.89 12019.4 8481.86 43082.3
threshold=1.2878181503467476 0 0.080905883085398492 1.1303320200518308 1.0664942906908104 4.5000000000000009 1 0.056042834494157735 1.0356440921432803 2 4.5000000000000009 2.5000000000000004 2.5000000000000004 1.0910749318255806
decision_type=2 1 2 2 2 2 1 2 2 1 2 2 2 2
left_child=3 -2 10 12 5 6 -5 -7 9 -8 11 -3 -1 -14
right_child=1 2 -4 4 -6 7 8 -9 -10 -11 -12 -13 13 -15
leaf_value=1.449309892204731e-05 0.0012425629167091511 0.00029036179162180629 -0.0010312317062406518 -0.00058689889210265312 0.000400849058325501 -0.00078959628796055985 -0.0012023134201870924 0.00050632826311083066 9.5508969599031917e-05 -7.3588319865011716e-05 0.00089970819389458413 -0.00098750983314414495 -1.9275457915053245e-05 -0.00070325348987090516
leaf_weight=109611350.1093359 1031219.6623256207 809455.88345777988 408291.29373574257 1822703.6411004066 1299590.7394948006 669351.43407058716 1039473.8693189621 1426846.0188932419 1526048.0701782703 1345810.4914139509 429051.8251388073 584723.38395738602 9313741.8890484571 780684.63992547989
leaf_count=84709 1999 3708 452 1811 1834 1823 918 1373 1753 1721 2050 1055 13404 1266
internal_value=5.88377e-05 0.00165169 -0.000597304 1.84989e-05 -0.000984857 -0.00152162 -0.00240701 0.000900313 -0.000978634 -0.00228478 0.000639053 -0.000528397 9.50237e-05 -0.000737116
internal_weight=1.32098e+08 3.26274e+06 2.23152e+06 1.28836e+08 9.12982e+06 7.83023e+06 5.73404e+06 2.0962e+06 3.91133e+06 2.38528e+06 1.82323e+06 1.39418e+06 1.19706e+08 1.00944e+07
internal_count=119876 9264 7265 110612 11233 9399 6203 3196 4392 2639 6813 4763 99379 14670
cat_boundaries=0 1 2 3
cat_threshold=18 82 5
is_linear=0
shrinkage=0.03


Tree=464
num_leaves=15
num_cat=2
split_feature=10 16 1 0 12 10 10 10 12 0 10 10 14 1
split_gain=9299.14 22561.2 20645.5 25759.9 22801.8 20301.8 28017.9 21768.7 68494.6 34722.1 22083.5 19364.7 19654.6 24270.8
threshold=0.9817597133097965 0.054095680746598977 9.5000000000000018 0 1.0203119929770657 0.9857309345025429 0.98774918197535599 0.99583216397804264 0.99379942660604637 1 0.99820296043893053 0.96771506909300131 0.86110299051130601 9.5000000000000018
decision_type=2 2 2 1 2 2 2 2 2 1 2 2 2 2
left_child=1 2 3 -1 -4 -2 -7 8 -8 -10 -9 12 -3 -14
right_child=5 11 4 -5 -6 6 7 10 9 -11 -12 -13 13 -15
leaf_value=0.00058948931322554674 -0.00029625781501967791 8.76975881031143e-05 0.00031107409156803722 -0.00051540144619303594 0.0010355812829554757 0.00032251108012727931 0.00046459910032360441 0.00018239287011449226 -0.00073143752117368302 -0.00024467041860595594 -2.9430845407086922e-06 0.00016245870503869399 0.00011522191892359321 -0.00016843387324822661
leaf_weight=339839.79040229321 2185755.0593303442 3143039.8054199219 3050791.8366332054 1160926.9380698204 938718.77786445618 1648367.6229102612 1177011.0342937708 2710420.3573319912 1417736.5774136782 1748964.4005094767 96458440.132478237 4027938.3833007812 2834381.231048584 9440279.85887146
leaf_count=1339 2244 1639 4181 4261 1523 989 1180 1481 1121 1406 87778 2436 1457 6624
internal_value=9.12883e-05 0.000613171 0.00231143 -0.000688009 0.00343975 -2.99415e-05 2.95381e-05 -3.22554e-05 -0.00211099 -0.00440769 5.87955e-05 0.000133686 -0.000350205 -0.000892223
internal_weight=1.32283e+08 2.49359e+07 5.49028e+06 1.50077e+06 3.98951e+06 1.07347e+08 1.05161e+08 1.03513e+08 4.34371e+06 3.1667e+06 9.91689e+07 1.94456e+07 1.54177e+07 1.22747e+07
internal_count=119659 23460 11304 5600 5704 96199 93955 92966 3707 2527 89259 12156 9720 8081
cat_boundaries=0 1 2
cat_threshold=264 144
is_linear=0
shrinkage=0.03


Tree=465
num_leaves=15
num_cat=0
split_feature=2 5 11 12 12 9 16 9 9 16 11 12 16 12
split_gain=10644.4 73372.7 32672.2 28519.6 30622.1 40573.9 32517.2 65666.8 30486.3 28285.2 31111.6 78769.8 29771.6 26557.2
threshold=2.5000000000000004 1.0000000180025095e-35 1.2311683815667933 1.05637138242092 1.0051336041564809 89.500000000000014 0.063215648643965172 70.500000000000014 84.500000000000014 0.070732717102147027 1.0164731896702961 1.0189249967437959 0.080644508632545811 1.0215739068061271
decision_type=2 2 2 2 2 2 2 2 2 2 2 2 2 2
left_child=3 2 -2 4 -1 6 7 -6 -9 10 11 -7 -11 -12
right_child=1 -3 -4 -5 5 9 -8 8 -10 12 13 -13 -14 -15
leaf_value=3.4539878948226541e-05 3.7146418222239494e-05 0.0010145460709728796 -0.00068275365622234472 0.00010370608486326693 0.00098897242028532831 -0.0010074076194651488 -3.7596709534434547e-05 -0.0001808364280397269 0.00036607313091213163 0.00017811073699225058 2.3864445648793601e-05 4.2176208010385132e-05 -7.100676769864694e-05 -0.00024988346269087965
leaf_weight=24687935.434866667 63385551.56254518 995618.36333608627 1182472.4804589748 10873941.164574504 886862.57361805439 2726826.803342104 3816479.9488525391 1448772.7669136524 869518.6794834137 2656941.7046508789 4837115.0123612881 1627731.8251947165 5870748.0216064453 6232138.0235302448
leaf_count=17945 65814 762 1237 9969 1005 2162 1838 1773 906 1297 5079 1827 2441 5744
internal_value=0.000183176 0.000454462 0.000329839 -8.4149e-05 -0.000358676 -0.000986898 0.00101849 0.00324624 0.000590323 -0.0015748 -0.00234138 -0.00448957 -0.000188316 -0.00149629
internal_weight=1.32099e+08 6.55636e+07 6.4568e+07 6.6535e+07 5.56611e+07 3.09731e+07 7.02163e+06 3.20515e+06 2.31829e+06 2.39515e+07 1.54238e+07 4.35456e+06 8.52769e+06 1.10693e+07
internal_count=119799 67813 67051 51986 42017 24072 5522 3684 2679 18550 14812 3989 3738 10823
is_linear=0
shrinkage=0.03


Tree=466
num_leaves=15
num_cat=1
split_feature=11 12 3 11 0 1 11 11 1 11 10 11 3 1
split_gain=9991.56 31870.8 59630.7 28248.9 26151.9 55921.4 57182 77820.1 46211.6 57642.5 45094.5 29401 56383.7 46287
threshold=1.0240597352309715 1.0201843884705277 1.5000000000000002 1.0259789571696876 0 10.500000000000002 1.0128747137800109 1.0063789504857958 8.5000000000000018 1.0205127915344043 1.0059420147743474 0.92170800641855088 1.5000000000000002 18.500000000000004
decision_type=2 2 2 2 1 2 2 2 2 2 2 2 2 2
left_child=1 4 -3 -2 5 10 7 -7 -6 11 -1 12 -10 -13
right_child=3 2 -4 -5 8 6 -8 -9 9 -11 -12 13 -14 -15
leaf_value=0.00038988937738442263 -0.00043696598008470983 0.00032499892574109924 -0.00064225497812073955 -7.4874138102521672e-06 -0.00012299887112703303 -0.00021475760347068907 0.00034515430846771705 -0.001444766450654817 -0.00013914989504120758 -0.00018487737824689627 -0.00080997340334525993 0.00020767405533648141 0.00063731167272616915 -8.6433554832944661e-05
leaf_weight=3475083.4760611057 1778672.0048666 5951209.9139299393 1829845.6588144302 64491754.786414981 7450535.3512880802 8737011.3523187637 1886476.508014679 1423675.9051132202 4519096.5760040283 2692819.1850814819 1802234.123134613 20068676.444976807 1434232.0970096588 4633300.2884721756
leaf_count=4025 1539 4996 2997 62675 9302 7583 1371 945 3035 1378 2268 10788 1671 5405
internal_value=7.58494e-05 0.000337407 0.00214049 -0.000184263 9.60245e-05 -0.000880519 -0.00200861 -0.00289919 0.000510698 0.000987932 0.00169471 0.0013576 -0.0005349 0.0018137
internal_weight=1.32175e+08 6.59042e+07 7.78106e+06 6.62704e+07 5.81231e+07 1.73245e+07 1.20472e+07 1.01607e+07 4.07987e+07 3.33481e+07 5.27732e+06 3.06553e+07 5.95333e+06 2.4702e+07
internal_count=119978 55764 7993 64214 47771 16192 9899 8528 31579 22277 6293 20899 4706 16193
cat_boundaries=0 1
cat_threshold=292
is_linear=0
shrinkage=0.03


Tree=467
num_leaves=15
num_cat=0
split_feature=5 12 11 11 10 10 10 14 2 12 9 13 10 13
split_gain=11138.3 13435.4 24744.8 28769.5 30823 26853 32245.7 20103.9 18947.7 18818.4 30867 22394.4 18380.1 15464.5
threshold=1.0000000180025095e-35 0.98927941568421962 1.0363772682811321 0.99272723637215787 1.0375161902555876 0.8852919625665473 1.0179502634892119 1.1490865773862715 1.5000000000000002 0.99850866959735451 89.500000000000014 0.90179377207367384 1.0327028894079586 1.0264858880495522
decision_type=2 2 2 2 2 2 2 2 2 2 2 2 2 2
left_child=1 2 3 5 -5 13 8 9 -7 10 -3 -12 -9 -1
right_child=-2 7 -4 4 -6 6 -8 12 -10 -11 11 -13 -14 -15
leaf_value=1.591405472232295e-05 -0.00021135247136712301 7.6687211843435134e-05 0.00031736210552353627 -0.00065118135605045791 6.4242916951157947e-05 0.00048991135061378008 1.1638478134452061e-05 0.00093518752656031746 0.00021834293781729382 1.3997305389420147e-06 1.3541088571432863e-05 -0.00073659803270127527 -0.00033472483956366062 -0.005381463251897734
leaf_weight=7759568.5295749903 2109850.1983082294 2466371.4601999521 3039823.6953474283 1323338.9829888344 1474468.966945529 1316916.5280840397 4596154.1748855114 1585828.7446676493 2620397.0730849504 98283244.874795198 1111451.1115635633 2706035.7702431679 914826.80410599709 1026747.1135101318
leaf_count=7307 1534 1869 2972 1154 1164 1011 3429 4369 2425 83105 1002 2647 4003 1722
internal_value=7.95297e-05 0.000114562 0.000769777 0.000388576 -0.0024341 0.000844547 0.00204318 -2.71526e-05 0.00403565 -9.0724e-05 -0.00168235 -0.00337239 0.00263114 -0.000319594
internal_weight=1.32335e+08 1.30225e+08 2.31574e+07 2.01176e+07 2.79781e+06 1.73198e+07 8.53347e+06 1.07068e+08 3.93731e+06 1.04567e+08 6.28386e+06 3.81749e+06 2.50066e+06 8.78632e+06
internal_count=119713 118179 21184 18212 2318 15894 6865 96995 3436 88623 5518 3649 8372 9029
is_linear=0
shrinkage=0.03


Tree=468
num_leaves=15
num_cat=0
split_feature=14 12 1 12 1 10 10 10 2 10 1 1 12 14
split_gain=9972.38 32674.1 25992.1 27761.5 18773 8161.8 36881.2 16878.6 64513 25102.2 14492 24950.1 19656.3 19063.6
threshold=1.1408790155553841 0.96791693131387035 12.500000000000002 1.0193127695882025 7.5000000000000009 0.99369075874247714 0.99583216397804264 0.9857309345025429 2.5000000000000004 0.98305682978426401 16.500000000000004 14.500000000000002 0.99470952913458499 0.78027651377826102
decision_type=2 2 2 2 2 2 2 2 2 2 2 2 2 2
left_child=5 -2 4 -4 -3 7 -7 9 -9 10 11 13 -13 -1
right_child=1 2 3 -5 -6 6 -8 8 -10 -11 -12 12 -14 -15
leaf_value=-0.0001999262426361647 -0.001414116802733064 0.0013202331921357139 0.0023037292865751959 0.00035780390833364898 -0.00068415324573264035 -0.00057381736934340494 -9.8228096156470392e-06 -0.00012981135162548849 0.00047640389037329904 -0.00039914738322983923 0.00013341914785114709 -0.00050877731132549552 -4.4104762873094865e-05 7.1974591087385552e-05
leaf_weight=1164987.6438977718 555200.00928604603 312727.27269244194 872634.12653696537 1021770.7204294205 888369.54019749165 1827642.6639351845 97351997.810271144 1991237.1200956106 2182084.6122980118 1533416.8592598438 7502828.7087936401 1742307.7631225586 1657764.8756713867 12044204.140727401
leaf_count=1183 1588 4844 1849 2069 1321 1393 82059 1305 1812 1552 6802 1122 993 10403
internal_value=1.6256e-06 0.00154785 0.00274982 0.00493874 -0.000702599 -4.21331e-05 -0.000172978 0.000393066 0.0021624 0.000105141 0.000341833 -0.000152484 -0.00244428 0.000437429
internal_weight=1.32649e+08 3.6507e+06 3.0955e+06 1.8944e+06 1.2011e+06 1.28998e+08 9.91796e+07 2.98188e+07 4.17332e+06 2.56455e+07 2.41121e+07 1.66093e+07 3.40007e+06 1.32092e+07
internal_count=120295 11671 10083 3918 6165 108624 83452 25172 3117 22055 20503 13701 2115 11586
is_linear=0
shrinkage=0.03


Tree=469
num_leaves=15
num_cat=2
split_feature=11 0 12 9 0 16 10 11 12 11 16 10 14 11
split_gain=11643.9 40341.6 32434.7 37008.8 61842.7 34193 33710.8 31704.1 62066.9 44143.2 42360.2 41446.7 37578.1 29501.5
threshold=1.0240597352309715 0 0.99850866959735451 89.500000000000014 1 0.071936236158022554 1.0239702552515217 1.0308370703839311 1.0091514731206532 1.0507163897489569 0.069943382351979763 1.1289514811175707 0.91710045033201182 1.1688523830738735
decision_type=2 1 2 2 1 2 2 2 2 2 2 2 2 2
left_child=-1 2 -2 4 -4 -6 -5 8 -3 10 -9 12 -11 -13
right_child=1 7 3 6 5 -7 -8 9 -10 11 -12 13 -14 -15
leaf_value=3.5874300872819574e-05 -0.0004574382176227453 0.00015915921975198763 0.00024823952347701188 0.00071373279914917155 -0.00066223698326028241 3.1229013256210042e-05 0.00013679505607173248 -2.8600659330852377e-05 -0.00067451921235895502 -0.00037294618116608363 0.00026456262032920768 0.00017214591656092935 -0.00010407653408434894 -0.00012594126214180966
leaf_weight=66035160.067101717 1552118.7289255857 1724823.4138617516 2011451.3166555166 1308093.814078927 1794557.4098206758 1035328.8227539062 18501540.991927505 5862535.3527729511 2887563.1550483704 3083114.1910133362 3712425.6496582031 5926278.6601660252 11454243.175293684 5348325.698079586
leaf_count=55655 1409 1379 3434 1428 2148 630 21754 5387 2101 2343 1640 5662 9403 5550
internal_value=0.000177641 -0.000103512 0.000811466 0.00107631 -0.00127501 -0.0041336 0.00165096 -0.000702905 -0.00304234 -0.000397979 0.00134172 -0.00104332 -0.002102 0.000321726
internal_weight=1.32238e+08 6.62024e+07 2.62031e+07 2.4651e+07 4.84134e+06 2.82989e+06 1.98096e+07 3.99993e+07 4.61239e+06 3.53869e+07 9.57496e+06 2.5812e+07 1.45374e+07 1.12746e+07
internal_count=119923 64268 30803 29394 6212 2778 23182 33465 3480 29985 7027 22958 11746 11212
cat_boundaries=0 1 2
cat_threshold=356 288
is_linear=0
shrinkage=0.03


Tree=470
num_leaves=15
num_cat=0
split_feature=10 10 10 5 11 16 11 3 12 9 11 11 3 11
split_gain=14034.7 51474.8 23185.3 22585.7 18956.7 16270.1 15646.9 67361.9 18877.4 15608.8 13486 69049.7 38301.6 28444.6
threshold=0.99369075874247714 0.99583216397804264 0.99820296043893053 1.0000000180025095e-35 0.98059644709439753 0.026649454977149156 1.0024578481330415 1.0000000180025095e-35 1.0089400379775288 78.500000000000014 1.0010768912057286 0.99272723637215787 1.0000000180025095e-35 1.0051616974116562
decision_type=2 2 2 2 2 2 2 2 2 2 2 2 2 2
left_child=4 -2 -3 10 5 -1 9 8 -8 -6 11 -4 -13 -12
right_child=1 2 3 -5 6 -7 7 -9 -10 -11 13 12 -14 -15
leaf_value=0.00068547838435233696 -0.00060347890836867386 0.00022887063278340521 4.9352715987009526e-05 -0.00042495321083957708 8.1333297147330263e-06 5.1326849348307697e-06 -0.00059345595861177818 0.00052323016557651362 1.5671644208617392e-05 0.00042691035609906648 0.0003820835616607346 -0.00078648522337193408 -7.9649623767857878e-05 1.1781160002156028e-05
leaf_weight=1154946.3789393902 1841566.1206351519 2639848.2817666531 6875011.5927405357 1507951.5298229456 1265165.6105655432 20079676.660018921 1598385.3561761379 1711870.6349824667 1532529.1312693357 3968791.0950574875 2542169.6651780605 2062585.605304122 1247585.7393280268 82679831.02262938
leaf_count=5978 1490 1452 6067 1035 816 13507 1132 1951 1449 4122 2095 1536 1315 76206
internal_value=0.00021298 4.15391e-05 0.000133472 5.7912e-05 0.000768162 0.000259664 0.00183971 0.000610739 -0.00200552 0.00297684 0.000115489 -0.000916236 -0.00447606 0.000238794
internal_weight=1.32708e+08 1.01397e+08 9.9555e+07 9.69151e+07 3.13114e+07 2.12346e+07 1.00767e+07 4.84279e+06 3.13091e+06 5.23396e+06 9.54072e+07 1.01852e+07 3.31017e+06 8.5222e+07
internal_count=120151 91196 89706 88254 28955 19485 9470 4532 2581 4938 87219 8918 2851 78301
is_linear=0
shrinkage=0.03


Tree=471
num_leaves=15
num_cat=0
split_feature=11 11 13 1 13 11 14 2 2 14 14 12 14 14
split_gain=14728.9 45628.5 27775 23664.8 26465 22586.9 21853.2 30526 24494.7 19671.9 18199.5 29551.4 25468.3 17862.2
threshold=0.98543013854132477 0.98059644709439753 1.1808880024702046 19.500000000000004 1.0023437153037056 0.98927509523083523 1.0167226813525663 1.0000000180025095e-35 3.5000000000000004 1.0542580601845326 0.95294090406745047 0.9905120747951105 0.86110299051130601 0.8798562679771581
decision_type=2 2 2 2 2 2 2 2 2 2 2 2 2 2
left_child=1 2 3 4 6 -2 7 -1 -8 -6 12 -12 -9 -7
right_child=5 -3 -4 -5 9 13 8 10 -10 -11 11 -13 -14 -15
leaf_value=-0.00012438813564826193 -0.00052027910101258166 0.00071741538432734122 0.00094841166890996553 0.00050495214429840517 -0.00023455030986026406 -9.4606417252623629e-05 8.2137676944460289e-06 0.00013986111466487904 -0.0015141590456868095 0.0001797349067060213 0.00040481051426718599 2.3376232166765587e-05 -7.0755038406104559e-05 8.8064500520184983e-06
leaf_weight=2959039.5383601189 1376729.071446538 1593396.7511622906 1123107.6037086248 2233566.6849660873 5041866.2440150976 12653594.649827719 1781318.8649053574 3851734.8424123526 966859.82067000866 1372358.2111757994 2408826.7371580601 1818875.8007128239 3649086.2362362146 89127714.404068828
leaf_count=1864 1616 1485 2874 4039 3411 13582 1521 2695 1587 1406 1729 1164 2540 78292
internal_value=5.51927e-05 0.000655043 0.000366063 0.000167162 -0.00010937 -0.000112276 0.00049676 0.000956176 -0.00195858 -0.00175701 0.00164314 0.00321724 0.00075593 -6.06474e-05
internal_weight=1.31958e+08 2.88e+07 2.72066e+07 2.60835e+07 2.385e+07 1.03158e+08 1.74357e+07 1.46876e+07 2.74818e+06 6.41422e+06 1.17285e+07 4.2277e+06 7.50082e+06 1.01781e+08
internal_count=119805 26315 24830 21956 17917 93490 13100 9992 3108 4817 8128 2893 5235 91874
is_linear=0
shrinkage=0.03


Tree=472
num_leaves=15
num_cat=3
split_feature=16 1 9 12 12 0 16 10 10 16 0 2 0 3
split_gain=9479.81 10131.1 134075 42759.2 82444.3 52161.3 39041.1 37155.1 36114 41032.2 31865.8 30939.6 30360.3 47378.9
threshold=0.10502982824484795 8.5000000000000018 68.500000000000014 1.0481219099133832 1.0282823097421547 0 0.064600996353887399 1.1943298426289399 1.0836693483425468 0.071353482513974276 1 1.5000000000000002 2 1.0000000180025095e-35
decision_type=2 2 2 2 2 1 2 2 2 2 1 2 1 2
left_child=1 2 -1 4 8 -6 -7 -5 11 10 -10 -4 -13 -14
right_child=-2 -3 3 7 5 6 -8 -9 9 -11 -12 12 13 -15
leaf_value=-0.00085923760005034719 -0.00022266780490278712 2.9944504042575954e-06 0.00016428319204078224 -0.00029108563988147122 0.0007334213838569259 -0.00016688215522848261 0.00060310214837359444 0.00033253334843637246 0.00067028509229499604 0.0007428337210541138 -0.00076395071802086575 0.00010228142262060063 -0.00031018986798218829 4.0850190622932739e-05
leaf_weight=948833.33122885227 1198965.0802619457 107841904.7808497 5081620.0912274122 3299561.2345819473 770253.82953548431 892779.64269161224 1276698.2889709473 988437.4787042141 375008.34027791023 591021.91662597656 361645.6659938097 4361937.6146404743 2271357.4363205433 1637504.9219510555
leaf_count=1364 907 85123 5412 5362 632 3149 605 1925 761 232 1374 7172 2274 3674
internal_value=0.000131698 0.000156058 0.000729779 0.00120795 0.00186178 0.00644754 0.00406635 -0.00147869 0.000943466 0.00566223 0.000938249 0.000474264 -0.000657683 -0.00257774
internal_weight=1.31898e+08 1.30699e+08 2.28567e+07 2.19078e+07 1.76198e+07 2.93973e+06 2.16948e+06 4.288e+06 1.46801e+07 1.32768e+06 736654 1.33524e+07 8.2708e+06 3.90886e+06
internal_count=119966 119059 33936 32572 25285 4386 3754 7287 20899 2367 2135 18532 13120 5948
cat_boundaries=0 1 2 3
cat_threshold=16 29 205
is_linear=0
shrinkage=0.03


Tree=473
num_leaves=15
num_cat=0
split_feature=16 16 2 14 16 12 2 16 14 12 1 12 14 2
split_gain=15427.8 34093.1 25250.1 32022.5 23766.5 21535.6 22740.5 27161.9 24593.2 20277.7 39627.7 23958.5 30495.4 34289.4
threshold=0.081293069914542063 0.076430906454491812 1.5000000000000002 0.91007864357583435 0.074048259002629541 1.080090879916801 1.0000000180025095e-35 0.065593677765146144 0.83304713396108399 0.97931461060566405 17.500000000000004 0.95636642102347713 0.97445592737451536 1.5000000000000002
decision_type=2 2 2 2 2 2 2 2 2 2 2 2 2 2
left_child=1 4 -3 -4 5 9 -7 8 -8 10 11 12 -1 -14
right_child=-2 2 3 -5 -6 6 7 -9 -10 -11 -12 -13 13 -15
leaf_value=5.2081672986136448e-05 -3.9114012607497706e-05 0.00030043533556144673 -0.00023862598244894017 0.00023508512951796764 -0.00019796188523445892 -0.00022985927192040073 0.0013369798978996083 -9.596796132687631e-05 0.00026651590896548263 -2.0909099625536579e-05 0.00057339027692559477 0.00017270930289992864 -0.00077798303712827148 -0.0001010861910580006
leaf_weight=2414778.0295885801 31107230.386564493 1754284.6342773438 1457785.0869140625 5542212.823392868 3618181.8559939861 1601338.3347344398 716310.44642615318 1713283.1240386963 5317891.5474984646 69184654.898716569 2635603.8613572121 3756224.9908504486 662811.19292092323 813065.35395467281
leaf_count=2399 15409 864 913 3880 2335 1663 999 1154 7404 73746 3658 3070 768 1685
internal_value=1.14138e-05 0.000191039 0.00198039 0.00117381 2.15724e-05 0.000118665 0.00148064 0.00215331 0.00309983 -4.15628e-05 0.0012015 0.000108123 -0.00154184 -0.00493919
internal_weight=1.32296e+08 1.01188e+08 8.75428e+06 7e+06 9.24341e+07 8.8816e+07 9.34882e+06 7.74749e+06 6.0342e+06 7.94671e+07 1.02825e+07 7.64688e+06 3.89065e+06 1.47588e+06
internal_count=119947 104538 5657 4793 98881 96546 11220 9557 8403 85326 11580 7922 4852 2453
is_linear=0
shrinkage=0.03


Tree=474
num_leaves=15
num_cat=0
split_feature=16 14 13 11 11 16 1 14 14 10 14 14 16 10
split_gain=12229.5 18318.9 14166.1 43759.4 16292.3 12470.6 34343.6 24679 31582.9 26676.4 30920.9 24673.8 20779.7 20202.6
threshold=0.090582173183061984 0.9576031826385033 1.2742008917972059 0.98630601238266269 1.1425677478095451 0.076430906454491812 10.500000000000002 0.94083080372863359 0.97908092697526905 0.9857309345025429 0.99377989416422208 0.85383693405725902 0.074048259002629541 1.0155051720594799
decision_type=2 2 2 2 2 2 2 2 2 2 2 2 2 2
left_child=2 -2 5 -4 -5 12 -7 11 -9 -10 -11 -8 -1 -12
right_child=1 -3 3 4 -6 6 7 8 9 10 13 -13 -14 -15
leaf_value=-5.5351974132488665e-06 1.586122435157008e-05 -0.00010463123090784223 0.0016752311551765881 0.00028380542448530312 -0.0064581915630829694 0.00033523647917672254 7.3339774617632336e-05 0.00021422933214304763 -0.00032581278161395707 -0.00017003791650414918 0.00029282813514677124 -0.00021876434307111398 -0.00018958033693489785 4.9956533829753406e-05
leaf_weight=86161003.088978648 4919230.9805593491 9310857.1960382462 668643.72061824799 2235517.371026516 421398.09557306767 3100119.0921516418 2428888.3289690018 4618836.8608703613 2112983.1971130371 2166052.7014160156 2052270.4579467773 3684921.5946960449 3607272.0614002943 4678739.0107735395
leaf_count=87813 2364 4120 2148 6497 927 1498 1358 2610 1373 1046 868 2250 2272 2753
internal_value=-2.68069e-05 -0.000857586 7.34339e-05 0.00200363 0.000277267 1.74271e-05 0.000612285 0.000191097 0.000823247 -5.02363e-05 0.000669404 -0.00142489 -0.000147196 0.00167267
internal_weight=1.32167e+08 1.42301e+07 1.17937e+08 3.32556e+06 2.65692e+06 1.14611e+08 2.48428e+07 2.17427e+07 1.56289e+07 1.101e+07 8.89706e+06 6.11381e+06 8.97683e+07 6.73101e+06
internal_count=119897 6484 113413 9572 7424 103841 13756 12258 8650 6040 4667 3608 90085 3621
is_linear=0
shrinkage=0.03


Tree=475
num_leaves=15
num_cat=1
split_feature=10 10 0 12 14 10 1 3 12 12 12 13 2 10
split_gain=12277.5 39325.2 13303.9 26164.1 18471.1 17202 36390.3 27950 34215.3 29554.8 23786.3 29084.6 20232 16438
threshold=0.99369075874247714 0.99583216397804264 0 0.94393087860401736 0.80066380668717885 0.81586805158820941 13.500000000000002 2.5000000000000004 1.0089400379775288 0.9927388970595955 0.9997177749366184 0.9627282913262255 2.5000000000000004 0.9857309345025429
decision_type=2 2 1 2 2 2 2 2 2 2 2 2 2 2
left_child=2 -2 13 -4 -5 6 -6 9 -9 -7 -11 -12 -13 -1
right_child=1 -3 3 4 5 7 -8 8 -10 10 11 12 -14 -15
leaf_value=-8.1284942019296827e-05 -0.00065261677511093319 2.513325961525574e-06 -0.00023815985968030876 0.00029462556672095198 0.0002260625085435142 0.00027958395700199661 -0.00036996171102060717 -0.0013000633067223786 0.00046469111486842335 -0.00012596389368894976 -1.3585821229668404e-06 0.00020759351632275189 0.00045738981735138909 0.00037789500031868057
leaf_weight=9349430.571928978 1778012.9746189117 99260157.76472187 2126466.6833680868 1298589.7863209248 1513009.0061568022 2741698.0377990007 1490084.7353582382 822354.60864567757 758877.50021290779 2182803.2998746634 3479113.6755616665 2678568.1997929811 1767518.7152285576 1022463.9277597666
leaf_count=10325 1461 89526 2211 1077 1604 1940 1430 1032 1081 1369 2245 1825 1532 1275
internal_value=0.000119205 -4.14881e-05 0.000639078 0.00107569 0.00143367 0.00117657 -0.000889163 0.00160645 -0.00215724 0.0020696 0.00132028 0.00208403 0.00369169 -0.000239006
internal_weight=1.32269e+08 1.01038e+08 3.1231e+07 2.08591e+07 1.87326e+07 1.7434e+07 3.00309e+06 1.44309e+07 1.58123e+06 1.28497e+07 1.0108e+07 7.9252e+06 4.44609e+06 1.03719e+07
internal_count=119933 90987 28946 17346 15135 14058 3034 11024 2113 8911 6971 5602 3357 11600
cat_boundaries=0 1
cat_threshold=196
is_linear=0
shrinkage=0.03


Tree=476
num_leaves=15
num_cat=2
split_feature=16 0 12 16 9 0 16 14 9 2 9 1 16 16
split_gain=11424.1 28776.3 10704 9704.06 11723.1 57043 31430.7 30912.4 17729.7 35475.5 22835.6 33256 14280.6 22120.6
threshold=0.091205136300103837 0 1.0250886305132016 0.089132263921251384 69.500000000000014 1 0.066932727782279877 0.97982951192367063 74.500000000000014 2.5000000000000004 79.500000000000014 14.500000000000002 0.039226205732406684 0.034724369560389469
decision_type=2 1 2 2 2 1 2 2 2 2 2 2 2 2
left_child=3 -2 -3 4 5 -1 7 -7 9 -6 11 -10 13 -12
right_child=1 2 -4 -5 8 6 -8 -9 10 -11 12 -13 -14 -15
leaf_value=0.00045445762767960601 0.0001459942750249524 -4.1136274741200921e-05 -0.00022778392178503384 8.5857771786009953e-05 7.7114157710439423e-07 -0.00024626210099475766 -0.00034716476855008681 0.00034065584744551365 0.00053408680884271191 -0.00059902956743955818 5.0596579729517262e-05 -6.5909489001404292e-05 -8.8699723091383688e-06 0.00048800307716544529
leaf_weight=2443596.6754522324 4389289.48864007 5326257.5901489258 3318496.2429504395 3357287.7656188011 2222061.9158425331 945839.29741418362 1309250.7310791016 1099962.4811859131 1846821.5244237185 1077857.4980877638 9616231.0120844841 1644817.3710758686 91650422.360008955 1946677.2952976227
leaf_count=2441 2191 2254 1604 1398 1899 1197 708 1039 1824 1251 36780 1418 61340 2632
internal_value=7.55124e-05 -0.000767728 -0.00177216 0.000167748 0.000121651 0.00143634 -0.00110302 0.00121987 5.23505e-05 -0.00211339 0.000119327 0.00250542 3.86072e-05 0.00103209
internal_weight=1.32195e+08 1.3034e+07 8.64475e+06 1.19161e+08 1.15804e+08 5.79865e+06 3.35505e+06 2.0458e+06 1.10005e+08 3.29992e+06 1.06705e+08 3.49164e+06 1.03213e+08 1.15629e+07
internal_count=119976 6049 3858 113927 112529 5385 2944 2236 107144 3150 103994 3242 100752 39412
cat_boundaries=0 1 2
cat_threshold=448 330
is_linear=0
shrinkage=0.03


Tree=477
num_leaves=15
num_cat=5
split_feature=11 2 0 11 14 13 1 0 1 0 11 0 0 12
split_gain=11769.2 30226.1 31176.5 62137.4 25459.6 35476.8 25933.9 30503.5 23588 32113.5 24213.9 22846.9 19806.5 47747.9
threshold=0.96214500782476298 1.0000000180025095e-35 0 0.9333166076352869 0.88790119811263557 0.64476926210543595 19.500000000000004 1 14.500000000000002 2 0.90644793995258399 3 4 1.0091514731206532
decision_type=2 2 1 2 2 2 2 1 2 1 2 1 1 2
left_child=1 11 3 -3 5 -4 8 -8 9 -6 -11 -1 13 -2
right_child=12 2 4 -5 6 -7 7 -9 -10 10 -12 -13 -14 -15
leaf_value=1.8369104269098103e-05 0.00060703826408362277 4.7836220888648498e-05 -2.6127863635483279e-08 0.0017822488900234908 0.0002179866805152258 0.00052877556581322396 0.0010120181006380532 -0.0002422169726073226 -0.00021591873965750059 9.5753812355253557e-05 -0.00055741672816729375 -0.00036879207132819308 -2.612485339725199e-05 5.028090026592991e-06
leaf_weight=2142523.1330924034 3764565.4820799828 1521704.4154679775 2456560.819357872 813259.02653264999 2149019.9289186001 1843019.0665792227 643687.87745809555 561073.38347625732 3828896.4745483398 2328189.972078681 1298501.7545000315 1668868.0508047342 88481248.003279567 18886200.090458274
leaf_count=1520 3659 2360 1600 1231 1786 1363 1103 1045 2137 2356 1327 1441 77362 19745
internal_value=-4.44431e-06 0.000642336 0.00117114 0.00439733 0.000672561 0.00262518 -0.00010412 0.00404489 -0.000624554 0.000585935 -0.00113604 -0.00177791 -0.000128149 0.000663422
internal_weight=1.32387e+08 2.12553e+07 1.74439e+07 2.33496e+06 1.51089e+07 4.29958e+06 1.08094e+07 1.20476e+06 9.60461e+06 5.77571e+06 3.62669e+06 3.81139e+06 1.11132e+08 2.26508e+07
internal_count=120035 19269 16308 3591 12717 2963 9754 2148 7606 5469 3683 2961 100766 23404
cat_boundaries=0 1 2 3 4 5
cat_threshold=129 120 272 404 66
is_linear=0
shrinkage=0.03


Tree=478
num_leaves=15
num_cat=3
split_feature=16 16 16 3 1 0 14 14 13 0 12 12 0 13
split_gain=10118.7 8950.49 28576.8 33130.7 24107.6 23515 16011.9 15670.8 25990 32655.1 23133.3 20905.4 21446.8 20577.2
threshold=0.10502982824484795 0.077091155074881179 0.080905883085398492 1.5000000000000002 8.5000000000000018 0 0.99792345346399569 0.81146616402850247 0.9165133650555698 1 1.080090879916801 1.0333425717838167 2 0.71120509979220137
decision_type=2 2 2 2 2 1 2 2 2 1 2 2 1 2
left_child=1 7 3 -3 5 -4 -5 -1 9 11 -10 -9 -13 -11
right_child=-2 2 4 6 -6 -7 -8 8 10 13 -12 12 -14 -15
leaf_value=-0.00014710460807301241 -0.00017665320473264425 0.00031843718908344674 -2.5426043203874406e-07 -0.00012865252721163222 -3.7553849340928505e-05 0.00029356039909681766 0.00027285326626879465 0.00021901826930293517 -3.4834967698994699e-05 0.00047158274157460073 0.00014041221223451381 0.00026507563084614272 -0.00037720423573497713 -0.00020473253038432181
leaf_weight=6154591.7432558537 1183321.656879425 3887138.3950195312 5032550.1069335938 2014764.4312057495 21480021.791172743 3972692.3344516754 1320218.4556035995 9166405.887262702 62535959.9985075 613527.93173491955 7584820.4176845551 815284.6238348484 1321814.9905914068 4724608.5197944641
leaf_count=8520 903 1852 1317 1589 11787 1793 1229 9368 60873 1868 8400 1567 1086 7488
internal_value=0.000111248 0.000136266 0.000526088 0.00222288 0.00012411 0.00142705 2.91998e-05 -2.19312e-05 8.18343e-05 0.00114765 -0.000171115 0.0020609 -0.000611067 -0.000786142
internal_weight=1.31808e+08 1.30624e+08 3.77074e+07 7.22212e+06 3.04853e+07 9.00524e+06 3.33498e+06 9.2917e+07 8.67624e+07 1.66416e+07 7.01208e+07 1.13035e+07 2.1371e+06 5.33814e+06
internal_count=119640 118737 19567 4670 14897 3110 2818 99170 90650 21377 69273 12021 2653 9356
cat_boundaries=0 1 2 3
cat_threshold=26 412 400
is_linear=0
shrinkage=0.03


Tree=479
num_leaves=15
num_cat=2
split_feature=16 14 9 0 0 12 10 12 12 10 10 16 11 16
split_gain=14561.5 13687.2 20289.2 34227.2 18987.7 28015.4 22502.6 21285.6 20937.4 26882.7 25221.4 22652.8 20466.5 25298.1
threshold=0.10502982824484795 1.0574666454817534 83.500000000000014 0 1 1.0185072359810103 1.0243909741692858 0.98886300231096069 1.074358649636278 0.9848991912119649 1.0554372366351619 0.061320044736709899 0.93513319243778092 0.056245537459661633
decision_type=2 2 2 1 1 2 2 2 2 2 2 2 2 2
left_child=1 -1 3 -3 7 6 12 -4 9 11 -11 -7 -6 -14
right_child=-2 2 4 -5 5 8 -8 -9 -10 10 -12 -13 13 -15
leaf_value=-4.4725244969085376e-06 -0.00029606650703361431 -0.00012667820871517651 -0.00080959653735334226 0.000681785896955436 0.00014802419776311764 0.00059149064392809527 3.4709684963701152e-05 -0.00010009536544589683 0.00041499505306757457 -0.00095619971279734092 -7.0832707491596167e-05 -0.00025215823832945442 0.00043797756533371076 0.001196413649648858
leaf_weight=117008729.10301995 1245773.22326684 679490.09610402584 920048.31278383732 1012011.5784609318 897787.57942354679 1010595.5644192696 1557818.7353205681 1924184.1949459314 726177.33850359917 1038896.7781713009 1576314.5962729454 975057.93688964844 680165.6341792345 976277.94073486328
leaf_count=94612 928 886 1590 1694 1967 1919 3159 3136 1647 1818 2904 726 1991 907
internal_value=3.59361e-05 6.66384e-05 0.000954013 0.00403438 0.000529824 0.00117729 0.00303753 -0.0016189 -0.000258665 -0.00100587 -0.00300406 0.00162585 0.00477068 0.0067477
internal_weight=1.32229e+08 1.30984e+08 1.39748e+07 1.6915e+06 1.22833e+07 9.43909e+06 4.11205e+06 2.84423e+06 5.32704e+06 4.60086e+06 2.61521e+06 1.98565e+06 2.55423e+06 1.65644e+06
internal_count=119884 118956 24344 2580 21764 17038 8024 4726 9014 7367 4722 2645 4865 2898
cat_boundaries=0 1 2
cat_threshold=74 260
is_linear=0
shrinkage=0.03


Tree=480
num_leaves=15
num_cat=4
split_feature=16 0 10 10 10 11 11 12 12 0 11 0 1 0
split_gain=13079.7 13815.2 18939.1 16201.8 14626.2 12192.9 24681.1 30103.7 65741.1 95945.2 25461.2 22409.1 35560.3 96643.9
threshold=0.090582173183061984 0 1.044564381414131 0.99757665840061127 1.0375161902555876 1.0236270768295064 1.0344887901146891 1.0008167906410759 1.0065793869439743 1 1.0259789571696876 2 8.5000000000000018 3
decision_type=2 1 2 2 2 2 2 2 2 1 2 1 2 1
left_child=5 2 -2 -3 -5 -1 7 -7 -9 -10 -11 -8 13 -13
right_child=1 3 -4 4 -6 6 11 8 9 10 -12 12 -14 -15
leaf_value=3.3868410567545871e-05 -9.2979471134346114e-05 3.9857397619015832e-05 0.00028796763601099092 -0.00025170116531001053 -9.063080986315846e-05 -0.00066997336724149972 0.00013575720084768887 0.00040016518920855395 -0.0019931019568385018 -0.00029272381343247735 2.8074264823159867e-05 0.00057958142948571784 -6.0870665124965255e-05 -0.0001537143467675052
leaf_weight=58783350.712379336 2474196.8486618996 2380616.2729492188 1999269.752158165 2462225.5887451172 4707536.7463378906 1405993.5879456997 12702372.994316816 2075901.5363333225 1326646.1773846149 1128213.7629101276 5088473.2908831835 2063155.8380836248 31202218.36988306 2596700.1866362095
leaf_count=52621 1168 957 1096 997 2186 1190 16626 1900 867 915 4693 2959 25229 6775
internal_value=-2.06613e-06 -0.000868376 0.000507421 -0.00151281 -0.00222482 0.000100567 -0.000201839 -0.00148323 -0.000883913 -0.00218496 -0.00062198 8.9067e-05 -0.000294463 0.00215005
internal_weight=1.32397e+08 1.40238e+07 4.47347e+06 9.55038e+06 7.16976e+06 1.18373e+08 5.95897e+07 1.10252e+07 9.61923e+06 7.54333e+06 6.21669e+06 4.85644e+07 3.58621e+07 4.65986e+06
internal_count=120179 6404 2264 4140 3183 113775 61154 9565 8375 6475 5608 51589 34963 9734
cat_boundaries=0 1 2 3 4
cat_threshold=448 8 292 24
is_linear=0
shrinkage=0.03


Tree=481
num_leaves=15
num_cat=3
split_feature=11 11 11 0 16 3 14 14 12 1 12 0 0 1
split_gain=11496.1 45081.4 36435.2 29870.9 67762.4 50957.1 114850 43481.6 38526.8 58168.3 72562.7 42461.9 37014.1 32416.3
threshold=1.0507163897489569 1.0526983633288749 1.0427239847918768 0 0.082121563846884488 1.5000000000000002 0.83304713396108399 0.72237707380011162 1.0481219099133832 9.5000000000000018 1.0317115303107665 1 2 7.5000000000000009
decision_type=2 2 2 1 2 2 2 2 2 2 2 1 1 2
left_child=2 -2 -1 4 8 7 -7 -5 9 -3 -11 -10 -8 -9
right_child=1 3 -4 5 -6 6 12 13 11 10 -12 -13 -14 -15
leaf_value=8.7942352441274189e-07 -0.00052205842465483825 7.9759004231824736e-05 0.00021694483980211514 0.00093125310395771402 -0.00034048430806275922 -0.0030937255860251805 0.00043411249320624137 -0.00031343322184595231 0.00017490351857199715 -5.3159544491639978e-05 -0.00071478170532421369 -0.00063271077414117237 -0.0003663632669306574 0.00011994677800924574
leaf_weight=84283562.88482964 1271082.4312288761 1317956.6926301718 4608401.1392745972 1048831.718703866 2961202.6145935059 522820.00714063644 1702624.4372854233 2210154.7561872005 4130603.6700936556 2902752.9474363327 1889226.7516317368 1068010.627022624 2515451.3710368872 19661302.100932121
leaf_count=70648 936 1889 3951 1349 1293 1057 4605 4934 2574 2584 1175 2371 3587 17011
internal_value=-3.33893e-05 -0.000434842 0.000161719 -0.000266114 -0.00138093 0.000308997 -0.00252219 0.000894607 -0.000323051 -0.00193824 -0.00347335 0.00157529 -0.000878284 0.000608467
internal_weight=1.32094e+08 4.3202e+07 8.8892e+07 4.19309e+07 1.42698e+07 2.76612e+07 4.7409e+06 2.29203e+07 1.13086e+07 6.10994e+06 4.79198e+06 5.19861e+06 4.21808e+06 2.18715e+07
internal_count=119964 45365 74599 44429 11886 32543 9249 23294 10593 5648 3759 4945 8192 21945
cat_boundaries=0 1 2 3
cat_threshold=152 24 352
is_linear=0
shrinkage=0.03


Tree=482
num_leaves=15
num_cat=0
split_feature=9 1 1 9 16 2 10 2 16 16 2 12 16 1
split_gain=7647.91 87502 94100.5 34539.6 36050.9 21607.3 18185.1 28862.4 50158.1 32358.5 30719.1 23536.6 18126 23378.5
threshold=89.500000000000014 17.500000000000004 7.5000000000000009 68.500000000000014 0.059909238958973939 3.5000000000000004 1.0155051720594799 3.5000000000000004 0.069040338539711726 0.063215648643965172 1.5000000000000002 1.0071905098628122 0.052593091820404066 17.500000000000004
decision_type=2 2 2 2 2 2 2 2 2 2 2 2 2 2
left_child=1 2 3 -1 -5 -3 11 9 -9 10 -8 -4 -2 -14
right_child=12 5 6 4 -6 -7 7 8 -10 -11 -12 -13 13 -15
leaf_value=-0.0010858328354541005 8.4539788566357244e-05 -0.00012689943909926119 0.00012636064837355697 -0.00063185101071507315 9.2776133060198934e-05 -0.001226011740033483 -3.951635853750957e-05 -0.00010023438159990161 0.00054998373456395164 -5.5650521066342835e-05 0.0005182760604898587 0.00055765429591783547 -4.4050949423227184e-05 6.0976666148080267e-05
leaf_weight=550188.29175305367 20460806.461114168 3431046.3156118393 2414771.6920166016 762536.7828938961 835917.8121919632 1720838.859184742 1521414.9902038574 1382285.8871672153 2048280.6355237961 3332685.1070861816 1473078.2351074219 2306660.2311275005 73994151.874305248 15985193.73526001
leaf_count=1159 46322 3229 1286 2983 445 2398 1075 1339 1551 1773 1042 1394 44607 9238
internal_value=-2.59181e-05 0.000487867 0.00154632 -0.00431222 -0.00208069 -0.0029283 0.0024157 0.00167614 0.00389196 0.000474734 0.00273805 0.00394413 -0.000127241 -0.000310514
internal_weight=1.3222e+08 2.17797e+07 1.66278e+07 2.14864e+06 1.59845e+06 5.15189e+06 1.44792e+07 9.75774e+06 3.43057e+06 6.32718e+06 2.99449e+06 4.72143e+06 1.1044e+08 8.99793e+07
internal_count=119841 19674 14047 4587 3428 5627 9460 6780 2890 3890 2117 2680 100167 53845
is_linear=0
shrinkage=0.03


Tree=483
num_leaves=15
num_cat=1
split_feature=0 12 11 10 12 10 10 16 13 16 12 13 10 10
split_gain=13008.3 23313.5 23255.3 22212.1 59425.5 60406.8 58738.3 53019.4 37595 63377.8 30880 28951.7 36301.2 31691.9
threshold=0 0.93483684010591095 1.0063789504857958 1.0293999222527417 1.0043866876767142 1.0155051720594799 1.0327028894079586 0.061818214200165582 0.87450103592535178 0.065311385431554583 1.0139625738046953 1.0761744053992637 1.044564381414131 1.053404392603321
decision_type=1 2 2 2 2 2 2 2 2 2 2 2 2 2
left_child=1 -1 -3 4 -4 10 -5 -7 9 -8 -6 12 -10 -14
right_child=-2 2 3 6 5 7 8 -9 11 -11 -12 -13 13 -15
leaf_value=-0.00048018743997621196 2.8616195540854662e-05 9.2014913891650673e-05 0.0002728565268768949 0.00063644801186870563 -0.0004020111953148669 -0.00011249322863944018 -0.00088777220757733975 -0.0009533521362512094 -0.00033976777351186869 3.3778744463436902e-05 0.00030822956941611146 -0.0002395549850998345 0.00042966695419423951 5.8637963728924349e-05
leaf_weight=1576346.9167521 86903019.737600207 15086339.88802886 1727495.1015211344 1667007.6065485477 1324813.2073520422 1124287.0430907011 1032372.1329869032 2161736.7506046295 2614415.683975935 1007110.8975709677 1476823.0861361027 3707629.2922403812 1440457.7667973042 9410646.921838522
leaf_count=1610 79485 12958 1590 1454 1239 1841 2140 1360 1725 682 1459 4231 891 7222
internal_value=0.000160817 -0.000251004 -0.000121947 -0.000623283 -0.00198757 -0.00338112 -0.000112635 -0.00614049 -0.000581336 -0.0044322 -0.000144677 -0.000124007 0.000522346 0.00128692
internal_weight=1.32261e+08 4.53575e+07 4.37811e+07 2.86948e+07 7.81516e+06 6.08766e+06 2.08796e+07 3.28602e+06 1.92126e+07 2.03948e+06 2.80164e+06 1.71731e+07 1.34655e+07 1.08511e+07
internal_count=119887 40402 38792 25834 7489 5899 18345 3201 16891 2822 2698 14069 9838 8113
cat_boundaries=0 1
cat_threshold=265
is_linear=0
shrinkage=0.03


Tree=484
num_leaves=15
num_cat=3
split_feature=14 0 13 13 12 0 16 2 1 16 0 10 12 12
split_gain=8997.85 28167.5 27863.6 23478.5 31527.2 13040 12438.6 8130.19 26164.5 29391.7 31272.2 29458.4 28159.8 26587.3
threshold=0.75394341546386812 0 0.62621409387992 0.58562252165691475 1.0163365844656924 1 0.065815805334954 4.5000000000000009 19.500000000000004 0.087415563134378219 2 1.0287464565096112 0.9905120747951105 1.0174118085830168
decision_type=2 1 2 2 2 1 2 2 2 2 1 2 2 2
left_child=1 -1 -3 4 5 -2 -4 -5 9 10 -9 13 -10 -12
right_child=3 2 6 7 -6 -7 -8 8 12 -11 11 -13 -14 -15
leaf_value=-0.00062218721776981483 -0.00016915040202686882 -0.00031892845060084462 0.00058262361539911274 -3.54841037166439e-06 0.0007423167712655341 0.00027741617261235307 -3.0542321842922647e-05 0.00028146856028572997 0.0010795751884715694 -0.00034573363028979028 1.8154617862388052e-05 0.00023413463385336584 -0.00058129724135110234 -0.0009393986876586758
leaf_weight=997670.03443706036 861157.45452654362 1216181.10632658 1437840.2124683857 102262194.99796259 622097.18038260937 820581.27217137814 1466588.3398790359 6259687.5237669945 416442.67411327362 1769655.5247590542 3657206.3067463636 6341515.7264297009 1976667.7543971539 1559311.6449356079
leaf_count=1808 849 1847 1887 78938 1442 1520 855 7292 1116 1707 4720 8908 4799 1953
internal_value=7.6264e-05 -0.00115689 -6.1806e-05 0.00012614 0.00312697 0.000992506 0.00153454 7.04956e-05 0.000593945 0.000955732 0.00132197 0.000397038 -0.00236724 -0.00127286
internal_weight=1.31665e+08 5.11828e+06 4.12061e+06 1.26547e+08 2.30384e+06 1.68174e+06 2.90443e+06 1.24243e+08 2.19805e+07 1.95874e+07 1.78177e+07 1.1558e+07 2.39311e+06 5.21652e+06
internal_count=119641 6397 4589 113244 3811 2369 2742 109433 30495 24580 22873 15581 5915 6673
cat_boundaries=0 1 2 3
cat_threshold=37 24 145
is_linear=0
shrinkage=0.03


Tree=485
num_leaves=15
num_cat=3
split_feature=13 0 10 4 16 13 13 9 14 16 0 11 0 13
split_gain=9008.08 40716.7 15697.1 21844.7 19703 12301.8 9068.75 17521.1 19617.7 18725.8 21532.5 16019.5 19561.3 16259.2
threshold=1.2742008917972059 0 1.1550149044616651 1.0000000180025095e-35 0.054281178458792413 1.486395225384757 1.0528337296312513 67.500000000000014 1.0574666454817534 0.063215648643965172 1 1.0825199503494998 2 1.0655271186755775
decision_type=2 1 2 2 2 2 2 2 2 2 1 2 1 2
left_child=6 5 3 4 -3 -2 -1 -8 11 10 -10 13 -13 -9
right_child=1 2 -4 -5 -6 -7 7 8 9 -11 -12 12 -14 -15
leaf_value=8.676292238021769e-06 0.00023088620586538515 -8.8031575581014679e-05 -0.00055360924852375479 -0.00070532947631370992 0.0016509546036122236 -0.0082321172210307342 -0.00031405793633139005 -0.00020215527611642644 0.00045446614427498529 0.00039460550553844739 -0.00022317019351327251 0.0002191923842670196 -0.00016812363186001521 -5.7035546864249087e-05
leaf_weight=99123001.23254776 565063.57105123997 449441.70824575424 622112.50488710403 909862.45109832287 463138.40479540825 564178.9269644022 1372524.6635857821 3402656.0372729301 1057289.3827905655 2537331.4181442261 2271653.16556108 3205708.2540812492 2389133.1068735123 13421104.508770823
leaf_count=82712 863 3992 1330 1628 656 1265 1021 2239 2047 1690 3478 2996 2456 11510
internal_value=2.73983e-05 0.00151309 -0.000663308 0.000741243 0.00402083 0.00622444 -1.38313e-05 -0.000474078 -0.000313451 0.00123106 -0.000248716 -0.000717603 0.000673017 -0.00118006
internal_weight=1.32354e+08 3.5738e+06 2.44456e+06 1.82244e+06 912580 1.12924e+06 1.2878e+08 2.96574e+07 2.82849e+07 5.86627e+06 3.32894e+06 2.24186e+07 5.59484e+06 1.68238e+07
internal_count=119883 9734 7606 6276 4648 2128 110149 27437 26416 7215 5525 19201 5452 13749
cat_boundaries=0 1 2 3
cat_threshold=18 104 109
is_linear=0
shrinkage=0.03


Tree=486
num_leaves=15
num_cat=0
split_feature=11 2 16 16 2 16 3 14 16 16 9 12 9 9
split_gain=13029.9 36813.3 43517 16820.4 17481.9 22781.5 21059.5 20791.9 12948 49858.1 42712.1 32324.2 26390.3 26038.6
threshold=0.96685428712680199 1.0000000180025095e-35 0.071622727945162223 0.027034333089976544 1.5000000000000002 0.063453872265148092 2.5000000000000004 0.97129995922941614 0.049804194175047133 0.052174601620179527 89.500000000000014 0.9608647852025366 82.500000000000014 78.500000000000014
decision_type=2 2 2 2 2 2 2 2 2 2 2 2 2 2
left_child=1 2 -1 -3 -5 7 -7 -6 10 -10 -2 -12 13 -11
right_child=8 3 -4 4 5 6 -8 -9 9 12 11 -13 -14 -15
leaf_value=-0.00030874282178502141 -0.00039296446701561443 0.00057111764282376145 0.00015400471094390762 0.00021916203257442857 0.00034283055871389917 -8.4172382212524956e-05 0.00034428967221601534 3.8085742718270339e-06 0.00045995163289848091 3.8584106641103536e-05 0.0012623501867836085 -3.9505480613385639e-05 -2.324765974739538e-05 0.0004317693020636924
leaf_weight=2694311.167257905 3090527.5193402767 1080377.2021536827 1311319.6555786133 3286881.4040527344 3032655.1063842773 6635459.1926269531 1638896.2777709961 2594603.3191986084 2514438.8307499886 11588863.404294014 390823.0902569294 12917594.225413561 77039337.133098006 2045163.6146435738
leaf_count=2556 7893 5454 570 1819 2147 3564 1610 2713 1991 6846 947 33959 46314 1374
internal_value=5.3891e-05 0.000715357 -0.00188924 0.00128644 0.00105822 0.000593004 -0.000408519 0.00206565 -8.0558e-05 5.62375e-05 -0.000857905 -0.000120099 -5.9318e-05 0.00115728
internal_weight=1.31861e+08 2.22745e+07 4.00563e+06 1.82689e+07 1.71885e+07 1.39016e+07 8.27436e+06 5.62726e+06 1.09587e+08 9.31878e+07 1.63989e+07 1.33084e+07 9.06734e+07 1.3634e+07
internal_count=119757 20433 3126 17307 11853 10034 5174 4860 99324 56525 42799 34906 54534 8220
is_linear=0
shrinkage=0.03


Tree=487
num_leaves=15
num_cat=2
split_feature=13 11 0 16 1 16 2 13 0 11 1 2 9 16
split_gain=14298.1 36858.3 14377.1 15734.2 14668.1 28831.1 13116.9 11705.1 27146 36858.7 38861.7 35835.5 30735.6 31032.5
threshold=1.2878181503467476 0.98630601238266269 0 0.056245537459661633 10.500000000000002 0.033731398184704074 3.5000000000000004 0.98028767570091735 1 1.0128747137800109 17.500000000000004 3.5000000000000004 66.500000000000014 0.097463111238922054
decision_type=2 2 1 2 2 2 2 2 1 2 2 2 2 2
left_child=7 -2 3 4 5 -3 -4 -1 9 -9 -11 -12 -10 -14
right_child=1 2 6 -5 -6 -7 -8 8 12 10 11 -13 13 -15
leaf_value=1.8328468903138683e-05 0.0015162244976742974 0.0034662727899118437 -0.00062850791712057734 -9.0018146157823438e-05 0.0018368590457324256 -0.0032344502968704798 0.00018855512162796069 -0.00017418241209130812 -0.00030737213789591857 2.9892769147208585e-05 -5.4351338482934296e-05 -0.00058647389142611056 3.5208228131826519e-05 0.00055355314839270115
leaf_weight=57791719.427009463 641136.01007330418 145382.63917636871 593978.01571583748 860425.66659545898 484783.52553534508 140981.72406005859 435684.09553337097 12691704.048446298 1645281.4308023453 17820105.537591338 3446308.9185028076 1735974.3026666641 32621890.66481936 1292992.5682983398
leaf_count=54469 2060 1831 1668 812 1055 244 1540 7307 1309 9160 2163 1471 33933 1061
internal_value=-3.8175e-05 0.00191104 0.000355401 0.00210709 0.00521902 -0.000164347 -0.00242028 -8.80568e-05 -0.000345371 -0.000929828 -0.00021374 -0.00250034 0.000241287 0.000435548
internal_weight=1.32348e+08 3.30237e+06 2.66124e+06 1.63157e+06 771148 286364 1.02966e+06 1.29046e+08 7.12543e+07 3.56941e+07 2.30024e+07 5.18228e+06 3.55602e+07 3.39149e+07
internal_count=120083 9210 7150 3942 3130 2075 3208 110873 56404 20101 12794 3634 36303 34994
cat_boundaries=0 1 2
cat_threshold=62 276
is_linear=0
shrinkage=0.03


Tree=488
num_leaves=15
num_cat=0
split_feature=12 13 14 16 13 14 1 14 1 14 12 16 16 14
split_gain=10981.7 8541.95 22036.6 20747 9292.19 21715 37364.2 18671.5 18387.1 46010.1 32466.9 29153.2 69062.4 28954.4
threshold=1.1713962242554434 1.4514817602815107 1.1141298339909882 0.040648969563471166 0.98242304151561755 0.94768511884211415 7.5000000000000009 1.0015234374374167 8.5000000000000018 0.86472078848466893 1.0047518409474658 0.090582173183061984 0.057715162697057433 0.87711363213539906
decision_type=2 2 2 2 2 2 2 2 2 2 2 2 2 2
left_child=1 4 -3 -4 5 8 7 -7 9 11 -11 12 -1 -10
right_child=-2 2 3 -5 -6 6 -8 -9 13 10 -12 -13 -14 -15
leaf_value=-0.00039169786707590455 -0.0003281172770309765 0.00186413257036847 0.0022326450968620406 -0.00032647504784318802 -1.0255313947759224e-05 -0.0002297315369352438 0.0001078055685525215 -0.0036179112752607137 -0.00016130223203082456 -0.00039527734538603599 0.00022612490866797172 -1.3619768400980265e-05 0.001030800425815001 4.3425706025602956e-05
leaf_weight=442711.89842140675 1721818.5811197758 308559.15797638893 311538.8449434042 1094675.9933209419 70515155.58803165 1864929.134591341 27961472.23759377 1105230.2014764547 11211721.076387405 1049810.6594084501 1093118.8441772461 851313.20721435547 888809.06661987305 11755132.185901642
leaf_count=3498 1675 1074 3379 1472 57700 2681 21806 4166 8990 1180 2029 370 458 9246
internal_value=0.000113381 0.000144796 0.0022482 0.000655135 0.000116779 0.000397267 0.000941482 -0.00225769 -0.00021951 0.00157471 -0.00154794 0.00464027 0.00741246 -0.000557447
internal_weight=1.32176e+08 1.30454e+08 1.71477e+06 1.40621e+06 1.28739e+08 5.82242e+07 3.09316e+07 2.97016e+06 2.72926e+07 4.32576e+06 2.14293e+06 2.18283e+06 1.33152e+06 2.29669e+07
internal_count=119724 118049 5925 4851 112124 54424 28653 6847 25771 7535 3209 4326 3956 18236
is_linear=0
shrinkage=0.03


Tree=489
num_leaves=15
num_cat=4
split_feature=13 0 12 2 4 10 14 9 0 9 0 14 9 0
split_gain=10440.6 40308.8 48748.9 18596.9 11877.1 21026.8 11529.6 9305.98 80423.1 28729.9 19332.2 16878.2 14253.9 85583.3
threshold=1.2742008917972059 0 1.0243764990400916 4.5000000000000009 1.0000000180025095e-35 1.1550149044616651 1.1570363360148355 71.500000000000014 1 74.500000000000014 2 1.0044424366709088 89.500000000000014 3
decision_type=2 1 2 2 2 2 2 2 1 2 1 2 2 1
left_child=7 2 -2 4 5 -3 -5 8 11 -9 -10 -1 13 -11
right_child=1 3 -4 6 -6 -7 -8 9 10 12 -12 -13 -14 -15
leaf_value=0.00080343520904227982 0.0028708326397846556 0.00036390236199223847 -9.121695992227226e-05 -0.00017593317143841197 -0.0015718584424262167 -0.00045737366458445432 0.0030926788927180104 -0.0002140831228764508 2.5296683518922033e-06 -0.00036091544921533546 -0.000281210869450459 0.00021667008474618641 -0.0001358068625794972 0.00021779956748437104
leaf_weight=1407763.0782598257 598954.1897367239 600153.23422312737 527557.19743299484 329767.4307488203 708961.32961642742 537293.77464163303 242144.98220860958 2143088.4191718102 3568482.3476986885 2702549.3931133747 1887336.3366594315 1250796.4505312443 107335764.57287025 8302843.0057702065
leaf_count=1272 1296 3049 849 1202 1202 984 1185 1967 2289 2265 2090 944 91907 7524
internal_value=5.63517e-05 0.00166248 0.00634964 -0.000520932 -0.00198509 -8.55011e-05 0.00420605 1.20785e-05 0.000995459 -5.41502e-05 -0.0010894 0.00527394 8.19105e-06 0.00103642
internal_weight=1.32143e+08 3.54483e+06 1.12651e+06 2.41832e+06 1.84641e+06 1.13745e+06 571912 1.28599e+08 8.11438e+06 1.20484e+08 5.45582e+06 2.65856e+06 1.18341e+08 1.10054e+07
internal_count=120025 9767 2145 7622 5235 4033 2387 110258 6595 103663 4379 2216 101696 9789
cat_boundaries=0 1 2 3 4
cat_threshold=18 328 148 68
is_linear=0
shrinkage=0.03


Tree=490
num_leaves=15
num_cat=3
split_feature=13 0 13 11 11 0 12 0 9 1 1 12 12 12
split_gain=13170.7 50820.7 9210.18 16017.1 17161.1 26042.6 45541.2 21566.5 23338.8 58815.1 53043.3 24731.3 38563.3 31954.2
threshold=1.4514817602815107 0 0.98242304151561755 0.86737031308685941 0.96883901988821342 1 0.98124154101434635 2 89.500000000000014 9.5000000000000018 8.5000000000000018 1.0008167906410759 1.0321335269730831 1.0209734100947196
decision_type=2 1 2 2 2 1 2 1 2 2 2 2 2 2
left_child=2 -2 -1 -4 5 -5 -7 -6 10 -10 -9 -11 13 -13
right_child=1 -3 3 4 7 6 -8 8 9 11 -12 12 -14 -15
leaf_value=2.9356299878918929e-05 0.0022627218877870913 -0.00024869894215087944 0.00019050163217107933 7.9231398229786726e-05 7.0484083591074788e-05 -1.4450370173594083e-05 -0.00069644877718472869 -0.00022612083837064307 9.6590539475618727e-05 1.4520534431761852e-05 0.00013477339072533485 -0.0001878534582631499 -2.5822020637963934e-05 -0.00051452654542637687
leaf_weight=58967802.809249282 591733.24468803406 1098435.5670212507 1272224.8236199617 2782943.3160957098 21911130.472386956 1883341.9240496159 1889327.6053242683 1910943.1603758335 8457505.0506014824 4883828.4452733994 7448968.1053476334 8724974.6453108788 7100809.7772548199 3169393.904074192
leaf_count=55178 1364 4627 1540 3265 17780 1132 1409 1615 8224 3651 5024 6584 6372 2019
internal_value=0.000119033 0.0027503 8.4929e-05 -0.000144138 -0.000204628 -0.00166609 -0.00329008 -5.40048e-05 -0.000454447 -0.000836304 0.000864788 -0.00159774 -0.00208729 -0.00313169
internal_weight=1.32093e+08 1.69017e+06 1.30403e+08 7.14354e+07 7.01632e+07 6.55561e+06 3.77267e+06 6.36076e+07 4.16964e+07 3.23365e+07 9.35991e+06 2.3879e+07 1.89952e+07 1.18944e+07
internal_count=119784 5991 113793 58615 57075 5806 2541 51269 33489 26850 6639 18626 14975 8603
cat_boundaries=0 1 2 3
cat_threshold=18 425 70
is_linear=0
shrinkage=0.03


Tree=491
num_leaves=15
num_cat=1
split_feature=14 16 16 13 13 12 12 0 1 16 1 14 12 12
split_gain=10090.1 37788.2 45124 22950.1 13839.7 41745.5 9249.08 53321.3 24438.1 24183.9 26207.5 23787.5 27568.5 28482.5
threshold=0.70924694344664596 0.065593677765146144 0.057502829843042357 0.77862267085686787 0.50210851474476836 0.99666199701913605 0.9880996573646984 0 11.500000000000002 0.067169957458346335 15.500000000000002 0.93972309176286128 0.97931461060566405 0.95636642102347713
decision_type=2 2 2 2 2 2 2 1 2 2 2 2 2 2
left_child=1 2 3 -1 5 -2 7 -6 11 10 -10 -9 13 -13
right_child=4 -3 -4 -5 6 -7 -8 8 9 -11 -12 12 -14 -15
leaf_value=-0.001113989634345582 -9.9270670980128436e-05 -0.0002771101427648111 0.00086616517544384165 -0.00316518744202066 0.0001723390300580288 0.0005993905984288606 -8.379321259271788e-06 -0.00015014232647260429 -0.00018669797860159119 -0.00030584291901764396 0.00026495388405393505 2.5170071347340414e-05 -8.139986527687997e-05 0.00062568413665158322
leaf_weight=382789.71886861324 1160448.9816118479 1921364.9952073097 746452.11501979828 244615.8919917345 5944744.8186558485 579743.2053283453 106982925.67326713 1724717.9024647474 2484889.3731079102 4140041.9794006348 2582152.351600647 883251.84667026997 1209531.1737262011 1268305.7111438513
leaf_count=2064 1345 1147 585 705 5442 1737 94389 1471 1518 2426 3448 1399 1252 1131
internal_value=1.01902e-05 -0.00162907 0.00217012 -0.00376023 5.20767e-05 0.00270935 1.5729e-05 0.000603854 -0.00038926 -0.00131122 7.85648e-05 0.00127982 0.00274954 0.00478667
internal_weight=1.32256e+08 3.29522e+06 1.37386e+06 627406 1.28961e+08 1.74019e+06 1.27221e+08 2.02376e+07 1.42929e+07 9.20708e+06 5.06704e+06 5.08581e+06 3.36109e+06 2.15156e+06
internal_count=120059 4501 3354 2769 115558 3082 112476 18087 12645 7392 4966 5253 3782 2530
cat_boundaries=0 1
cat_threshold=208
is_linear=0
shrinkage=0.03


Tree=492
num_leaves=15
num_cat=3
split_feature=13 0 10 4 16 16 5 12 13 0 16 0 13 12
split_gain=13184.5 33913.2 12487 16070.7 35106.7 14661.3 8155.71 13142.2 23001.3 33215.6 39842.5 25473.4 20839.7 14669
threshold=1.230564999705009 0 1.1555808040932931 1.0000000180025095e-35 0.054095680746598977 0.023871837808065087 1.0000000180025095e-35 0.97676308171397053 0.8309644552169192 1 0.05445495842145575 2 1.0191798250426214 0.94549931222377859
decision_type=2 1 2 2 2 2 2 2 2 1 2 1 2 2
left_child=6 -2 3 4 5 -3 7 8 11 13 -11 -1 -12 -10
right_child=1 2 -4 -5 -6 -7 -8 -9 9 10 12 -13 -14 -15
leaf_value=0.00020149766218022626 0.0044415598233228226 0.0011229849502186965 -0.00023149503926914579 -0.00036100198479472548 0.0011216412777077848 -0.00068643850040130269 -0.00017871121294904378 -3.2848980585464172e-06 0.00020341386008076884 0.00061763672105970442 6.040277441420792e-05 -0.0002345440998460752 -0.00037055736039646293 0.00031169752104035262
leaf_weight=1601898.9826589823 431969.69697999954 336264.0823289156 1206600.3264564276 1122354.0993071795 1037501.8472924232 532256.06513166428 2000199.3450942039 111833864.97414279 1277081.8777382374 1726726.1619700193 3341308.9512634277 2449767.9453399181 1936751.0394287109 1307451.3862967491
leaf_count=2282 1015 4551 1956 1926 1153 910 1427 94397 1568 2563 1884 2045 1088 959
internal_value=8.03308e-05 0.00164646 0.000829694 0.00185795 0.00353496 -0.000915009 2.29937e-05 5.32906e-05 0.000932395 0.00173315 0.000660655 -0.000962791 -0.000633455 0.00463987
internal_weight=1.32142e+08 4.66695e+06 4.23498e+06 3.02838e+06 1.90602e+06 868520 1.27475e+08 1.25475e+08 1.3641e+07 9.58932e+06 7.00479e+06 4.05167e+06 5.27806e+06 2.58453e+06
internal_count=119724 11511 10496 8540 6614 5461 108213 106786 12389 8062 5535 4327 2972 2527
cat_boundaries=0 1 2 3
cat_threshold=16 400 229
is_linear=0
shrinkage=0.03


Tree=493
num_leaves=15
num_cat=3
split_feature=13 10 0 12 1 0 10 10 12 10 12 0 12 12
split_gain=10759.1 19365.7 13692.1 23509.7 23602.6 46803.9 35327.6 22960 19607.4 37204.6 29237.1 25603.3 22712.7 20720.4
threshold=1.0528337296312513 0.84111886285238691 0 1.0671690946621852 7.5000000000000009 1 1.0389604186223813 1.152304740267297 1.0237498270125132 1.0667504755501287 1.0411366704732052 2 0.99666199701913605 1.0052579752399988
decision_type=2 2 1 2 2 1 2 2 2 2 2 1 2 2
left_child=-1 -2 -3 4 5 6 -4 -5 9 12 11 -10 -6 -14
right_child=1 2 3 7 8 -7 -8 -9 10 -11 -12 -13 13 -15
leaf_value=2.1162622184876623e-05 0.00032647168121250009 -0.0001988669191463358 1.830663763275456e-05 -6.1662583584886423e-05 -0.0002933868861063925 -0.00029075130914728618 0.00074625608569665511 0.00050423105548195795 -0.00064591625295019471 0.00045759167098961129 4.0479213791248834e-05 -0.00018526998646109071 0.00018203865461367293 -0.00011921460632436276
leaf_weight=98950541.355691075 978745.58664214611 7865250.4034178257 546460.0508466959 1103932.3046005964 3555659.860976696 1080662.20210886 710981.45963680744 1765527.4462183714 1722874.8196411133 1576040.031891346 2142678.0058870316 2242242.6238117218 3159021.1570773125 4531664.6929912567
leaf_count=82800 1709 11431 1250 1328 2630 3324 1152 2124 1284 1493 2047 1904 1901 3392
internal_value=0.000116939 -0.000352313 -0.000479441 -0.000125224 -0.000469123 0.00237456 0.0063094 0.00242373 -0.000820351 -0.000153986 -0.00221928 -0.00374508 -0.000758928 0.000157773
internal_weight=1.31932e+08 3.29817e+07 3.2003e+07 2.41377e+07 2.12683e+07 2.3381e+06 1.25744e+06 2.86946e+06 1.89302e+07 1.28224e+07 6.1078e+06 3.96512e+06 1.12463e+07 7.69069e+06
internal_count=119769 36969 35260 23829 20377 5726 2402 3452 14651 9416 5235 3188 7923 5293
cat_boundaries=0 1 2 3
cat_threshold=385 24 80
is_linear=0
shrinkage=0.03


Tree=494
num_leaves=15
num_cat=4
split_feature=13 0 16 13 0 10 10 12 0 10 12 10 0 14
split_gain=8131.71 57203.8 14215.7 7536.76 17781.5 20243.6 36963.8 26384.1 22526.5 23198.8 23829.3 41972.5 23670.7 19968.7
threshold=1.5827002510397203 0 0.049070504732675803 0.98242304151561755 1 1.0293999222527417 1.0243909741692858 1.0122423620091374 2 1.0049949454514786 0.9927388970595955 0.99583216397804264 3 1.0051720084524249
decision_type=2 1 2 2 1 2 2 2 1 2 2 2 1 2
left_child=3 -2 -3 -1 -5 6 7 8 -6 10 -10 12 -12 -9
right_child=1 2 -4 4 5 -7 -8 13 9 -11 11 -13 -14 -15
leaf_value=2.9883169162263304e-05 0.0080400641657120062 0.0013950902034575335 -0.00094968990080744207 9.7683916173105296e-05 7.6998470820576208e-05 1.0479603488727226e-05 -0.0003493637779002144 -7.3896169555664023e-05 0.00015164842839971107 -0.00034578657373940277 -9.9342006467064635e-05 8.7174135050778587e-05 -0.0005745899521248524 0.00023190302078634882
leaf_weight=59400468.090846658 349842.15948367119 256280.09726929665 571328.71396398544 15753833.334017873 4457023.4642083645 30454807.398545027 3091710.8599259853 2035218.6818972826 2436152.1469771862 4367863.9436347485 1431297.1396193504 2346824.2137944698 2423011.3145346642 3038347.3003886938
leaf_count=55531 1240 2688 699 18891 3615 22374 2052 1393 2557 2507 897 1252 1835 2402
internal_value=0.000133134 0.00261513 -0.0016841 0.000110866 -9.58673e-05 -0.000346025 -0.000967362 -0.000545354 -0.00109866 -0.00172945 -0.000828411 -0.00181607 -0.00374197 0.00135901
internal_weight=1.32414e+08 1.17745e+06 827609 1.31237e+08 7.18361e+07 5.60823e+07 2.56274e+07 2.25357e+07 1.74622e+07 1.30051e+07 8.63728e+06 6.20113e+06 3.85431e+06 5.07357e+06
internal_count=119933 4627 3387 115306 59775 40884 18510 16458 12663 9048 6541 3984 2732 3795
cat_boundaries=0 1 2 3 4
cat_threshold=80 98 9 4
is_linear=0
shrinkage=0.03


Tree=495
num_leaves=15
num_cat=2
split_feature=14 0 12 1 16 11 16 0 13 16 7 13 11 12
split_gain=9675.3 28591.4 28667.6 24710.7 61099.2 31984 22899.8 30635.8 26929.9 25624.8 23047.2 18858.1 12709.5 24250.8
threshold=1.0372213097697585 0 1.05637138242092 8.5000000000000018 0.066087745737715795 1.0028311946027937 0.073653528475011068 1 1.0688721728089237 0.030894146538012413 1.0000000180025095e-35 1.0383657391983179 0.97444208477667915 1.0048876901737636
decision_type=2 1 2 2 2 2 2 1 2 2 2 2 2 2
left_child=-1 6 3 11 5 -5 8 -8 10 -10 12 -3 -2 -14
right_child=1 2 -4 4 -6 -7 7 -9 9 -11 -12 -13 13 -15
leaf_value=-3.4128618762505267e-06 2.6830131378225331e-05 0.000551779534680224 4.1444289327989774e-05 0.00046662393323852047 -0.00053946481069247878 -0.00021949332039255848 0.00072795367171675897 0.00019494865068507162 0.00059705068620318858 -0.00022769225344317984 -0.00048704761352324989 -4.6088199340532264e-05 0.00073035993677955018 0.00027944038123106396
leaf_weight=109907927.95620453 836068.60464763641 746090.65373766422 1031904.9095846415 1897557.2761268616 3037865.664855957 2786071.3199195862 1433835.3278410435 1782431.5392150879 782197.10290038586 3370523.7608108521 735390.67914843559 1331684.1912305355 861580.67442142963 1491976.7365087271
leaf_count=88155 1085 1807 1608 2045 1939 3101 902 1720 4856 3816 2454 2977 958 2248
internal_value=6.65864e-05 0.000638965 -0.000462275 -0.000963119 -0.0017446 0.000404628 0.00169507 0.00383591 0.000842673 -0.000841349 0.00262439 0.00194103 0.00372821 0.0048569
internal_weight=1.32033e+08 2.21252e+07 1.08312e+07 9.79927e+06 7.72149e+06 4.68363e+06 1.1294e+07 3.21627e+06 8.07774e+06 4.15272e+06 3.92502e+06 2.07777e+06 3.18963e+06 2.35356e+06
internal_count=119671 31516 13477 11869 7085 5146 18039 2622 15417 8672 6745 4784 4291 3206
cat_boundaries=0 1 2
cat_threshold=434 272
is_linear=0
shrinkage=0.03


Tree=496
num_leaves=15
num_cat=3
split_feature=13 0 16 11 12 10 0 3 12 10 0 10 11 11
split_gain=10192.7 48180.7 14535.7 8923.99 7976.88 11319.7 19894.8 22690.9 63002.4 17568.7 47563.5 27803.3 13569.5 37099.5
threshold=1.2878181503467476 0 0.072218818002115062 1.0540421388010814 1.1713962242554434 1.1335724133140028 1 1.5000000000000002 1.08148863737067 1.1828968528919626 2 1.1537366032060119 1.0240597352309715 1.0344887901146891
decision_type=2 1 2 2 2 2 1 2 2 2 1 2 2 2
left_child=4 3 -3 -2 5 12 7 9 -9 11 -11 -7 -1 -14
right_child=1 2 -4 -5 -6 6 -8 8 -10 10 -12 -13 13 -15
leaf_value=2.3021300612173543e-05 0.003496432592157673 0.00022609975778071047 -0.00074086920416003329 -0.0044183621994670266 -0.00025301089153589656 0.00026431077049239099 -5.3895231818237768e-05 0.00043399259810236165 -0.00067594969874331941 0.00040711147579020865 -0.00032489344987367925 0.0007064865741546549 -0.00015969145631065503 4.9634462648012236e-06
leaf_weight=64980053.707230926 525123.60336518288 1506781.5022143126 724681.18224740028 529214.64628612995 1747150.6464809179 2470320.7859985828 6128755.0264801979 883071.08956229687 935551.14583802223 2609685.2794767618 1391274.2035753727 1496223.7181799412 11096789.263948441 35210127.756222486
leaf_count=51937 1317 6458 830 702 1677 1811 7853 1273 1349 1881 1434 1426 8811 31330
internal_value=0.000120392 0.00177038 -0.000726707 0.00705531 7.8348e-05 0.000106001 0.000854364 0.00169376 -0.00132989 0.00238393 0.000981263 0.00379876 -1.02016e-06 -0.000393437
internal_weight=1.32235e+08 3.2858e+06 2.23146e+06 1.05434e+06 1.28949e+08 1.27202e+08 1.59149e+07 9.78613e+06 1.81862e+06 7.9675e+06 4.00096e+06 3.96654e+06 1.11287e+08 4.63069e+07
internal_count=120089 9307 7288 2019 110782 109105 17027 9174 2622 6552 3315 3237 92078 40141
cat_boundaries=0 1 2 3
cat_threshold=18 87 6
is_linear=0
shrinkage=0.03


Tree=497
num_leaves=15
num_cat=2
split_feature=10 10 10 0 11 11 13 0 12 12 1 11 11 11
split_gain=8554.29 34401 22282.3 22406.9 26321.4 23004.1 24934.3 21334.3 34648.1 39541.1 55922.6 30458.3 29699.9 44398.9
threshold=0.99369075874247714 0.99583216397804264 0.9857309345025429 0 0.81778362804508808 0.98059644709439753 0.95523944968064278 1 1.0311048179617022 1.0926462481961561 18.500000000000004 1.0486312805951197 1.0292425370146423 1.0344887901146891
decision_type=2 2 2 1 2 2 2 1 2 2 2 2 2 2
left_child=2 -2 3 5 -5 -1 -7 8 11 10 -10 12 -3 -14
right_child=1 7 -4 4 -6 6 -8 -9 9 -11 -12 -13 13 -15
leaf_value=4.4011285304893184e-05 -0.00064603293709903839 0.00023142737752597276 0.00022792945226389504 0.00046586768136817024 -9.2913806785363339e-05 -3.0370712260530556e-05 0.00066840644597255378 -8.0873754022402374e-06 -3.2106929417454742e-05 0.00037014495658422501 -0.0010342072023263201 0.00049571812297276633 -0.00052618902927080219 0.00011558179206365157
leaf_weight=10934150.373401165 1821471.6701509953 7634603.2599039078 4293683.3088524342 1033919.519187808 11929019.181609154 1202450.4412523508 1854986.2365380526 73488937.38759625 7232309.0962411165 1961614.7184268236 1296179.8334178925 4393363.9899903536 1420803.2304654121 1881800.1156258583
leaf_count=9494 1477 7383 3308 1585 11170 1238 2207 62023 7354 2313 2318 5154 1416 1602
internal_value=0.000194685 6.06326e-05 0.000628528 0.000308795 -0.000589829 0.00114135 0.00344176 0.000135567 0.000877375 -0.00045114 -0.00133448 0.00178643 0.000938923 -0.00143798
internal_weight=1.32379e+08 1.01131e+08 3.12482e+07 2.69545e+07 1.29629e+07 1.39916e+07 3.05744e+06 9.93096e+07 2.58207e+07 1.04901e+07 8.52849e+06 1.53306e+07 1.09372e+07 3.3026e+06
internal_count=120042 91040 29002 25694 12755 12939 3445 89563 27540 11985 9672 15555 10401 3018
cat_boundaries=0 1 2
cat_threshold=307 196
is_linear=0
shrinkage=0.03


Tree=498
num_leaves=15
num_cat=4
split_feature=11 2 0 14 14 0 11 1 12 0 11 11 2 0
split_gain=9459.58 33128.8 81793.5 87988.4 47982.8 42356.6 40750.5 29948.3 21728.6 24689.5 20513.7 43331.2 24435.9 31388.6
threshold=1.1219708317889039 4.5000000000000009 0 0.96306934138034073 0.7630144546391503 1 1.1724748071690783 16.500000000000004 1.1384891256332732 2 1.1026362285922378 1.0979770383013885 2.5000000000000004 3
decision_type=2 2 1 2 2 1 2 2 2 1 2 2 2 1
left_child=10 4 -3 -4 -2 7 8 -6 9 -7 11 12 -1 -14
right_child=1 2 3 -5 5 6 -8 -9 -10 -11 -12 -13 13 -15
leaf_value=-4.6797375299785518e-05 0.0010645732535922287 0.00029928349273487245 -0.0028023639776296036 -0.00019827715323439386 9.8039809501476052e-05 0.00026710542039129199 -0.00029968361826547964 0.00071736827746870819 0.00067889682221778497 -0.00031520453112248754 -0.00019527676624231735 0.00051332719401440562 8.7177659516100812e-05 -2.4181405906651489e-05
leaf_weight=54916494.42817843 1101791.8761763573 1363268.7956566811 551345.84734690189 810795.09352660179 3543131.650305748 1260646.6743388176 3379674.2741011381 1624927.259339571 997079.19953799248 1215304.2945697308 5509507.1401516199 1289318.1583995819 26610285.053863883 27516595.313556552
leaf_count=41249 1141 2355 896 1578 2871 1009 3433 1514 1101 1397 5635 1356 27864 26047
internal_value=8.31968e-05 0.000770625 -0.00223913 -0.00743839 0.00139572 0.000846507 -0.00069999 0.00289711 0.00158214 7.63018e-05 -1.08478e-05 7.83624e-05 1.37151e-05 0.000466071
internal_weight=1.3169e+08 1.5848e+07 2.72541e+06 1.36214e+06 1.31226e+07 1.20208e+07 6.8527e+06 5.16806e+06 3.47303e+06 2.47595e+06 1.15842e+08 1.10333e+08 1.09043e+08 5.41269e+07
internal_count=119446 17295 4829 2474 12466 11325 6940 4385 3507 2406 102151 96516 95160 53911
cat_boundaries=0 1 2 3 4
cat_threshold=217 316 3 242
is_linear=0
shrinkage=0.03


Tree=499
num_leaves=15
num_cat=0
split_feature=13 11 16 11 2 13 11 2 14 13 2 3 9 10
split_gain=12859.1 26123.5 11478.1 11352.5 40670.5 24955.2 21400.9 19716.7 18032.6 15726.3 15097.7 13594.3 38194.8 27428.2
threshold=1.4514817602815107 0.97193150850967303 0.040099238879225695 0.90644793995258399 4.5000000000000009 0.84590368993403409 0.92084674428756708 3.5000000000000004 1.1408790155553841 1.0542824193163163 4.5000000000000009 2.5000000000000004 80.500000000000014 1.1431678767070663
decision_type=2 2 2 2 2 2 2 2 2 2 2 2 2 2
left_child=3 -2 -3 4 7 -6 -5 -1 11 -10 -11 -8 -13 -14
right_child=1 2 -4 6 5 -7 8 -9 9 10 -12 12 13 -15
leaf_value=5.5521796694190382e-05 0.0019763315235449062 0.0018714038211531735 -0.00012858660405360014 -0.00027183291381506307 0.000244449999342333 0.0011068159718308538 8.4753716483987654e-07 -0.00028972350032131485 0.00077867861398395969 -0.00034580972656855286 0.0009603422106319948 -0.00043602384726524175 7.1581059719902534e-06 -0.00052851315659360005
leaf_weight=6950842.471310854 341031.24766206741 298621.28645706177 1114475.1076283455 1596743.9697782993 960193.67441105843 981815.04234600067 106519866.96243179 1702910.3904190063 663716.76109778881 882136.58547151089 507661.19170188904 801276.4790276289 7550498.4664449692 1220506.1909809113
leaf_count=5494 1291 3346 1460 1514 1342 1451 83064 1382 3011 1876 1040 1132 10225 2186
internal_value=2.89641e-05 0.00258045 0.000781919 -5.37457e-06 0.000935842 0.00485932 -8.86609e-05 5.53644e-05 -4.20356e-05 0.00274469 0.000930416 -9.1329e-05 -0.00117427 -0.0006015
internal_weight=1.32092e+08 1.75413e+06 1.4131e+06 1.30338e+08 1.05958e+07 1.94201e+06 1.19742e+08 8.65375e+06 1.18146e+08 2.05351e+06 1.3898e+06 1.16092e+08 9.57228e+06 8.771e+06
internal_count=119814 6097 4806 113717 9669 2793 104048 6876 102534 5927 2916 96607 13543 12411
is_linear=0
shrinkage=0.03


end of trees

feature_importances:
route=1114
lvl_wd20=910
lvl_wd10=860
hour_share=737
lvl_wd5=684
hour=640
lag_m4=485
days_to_ny=440
dow=423
lag_w1=408
ptype=203
is_short_workday=53
is_holiday=31
is_day_off=12

parameters:
[boosting: gbdt]
[objective: regression_l1]
[metric: l1]
[tree_learner: serial]
[device_type: cpu]
[data_sample_strategy: bagging]
[data: ]
[valid: ]
[num_iterations: 500]
[learning_rate: 0.03]
[num_leaves: 15]
[num_threads: 2]
[seed: 42]
[deterministic: 1]
[force_col_wise: 1]
[force_row_wise: 0]
[histogram_pool_size: -1]
[max_depth: -1]
[min_data_in_leaf: 1000]
[min_sum_hessian_in_leaf: 0.001]
[bagging_fraction: 0.8]
[pos_bagging_fraction: 1]
[neg_bagging_fraction: 1]
[bagging_freq: 1]
[bagging_seed: 400]
[bagging_by_query: 0]
[feature_fraction: 0.8]
[feature_fraction_bynode: 1]
[feature_fraction_seed: 30056]
[extra_trees: 0]
[extra_seed: 12879]
[early_stopping_round: 0]
[early_stopping_min_delta: 0]
[first_metric_only: 0]
[max_delta_step: 0]
[lambda_l1: 0]
[lambda_l2: 1]
[linear_lambda: 0]
[min_gain_to_split: 0]
[drop_rate: 0.1]
[max_drop: 50]
[skip_drop: 0.5]
[xgboost_dart_mode: 0]
[uniform_drop: 0]
[drop_seed: 17869]
[top_rate: 0.2]
[other_rate: 0.1]
[min_data_per_group: 100]
[max_cat_threshold: 32]
[cat_l2: 10]
[cat_smooth: 10]
[max_cat_to_onehot: 4]
[top_k: 20]
[monotone_constraints: ]
[monotone_constraints_method: basic]
[monotone_penalty: 0]
[feature_contri: ]
[forcedsplits_filename: ]
[refit_decay_rate: 0.9]
[cegb_tradeoff: 1]
[cegb_penalty_split: 0]
[cegb_penalty_feature_lazy: ]
[cegb_penalty_feature_coupled: ]
[path_smooth: 0]
[interaction_constraints: ]
[verbosity: -1]
[saved_feature_importance_type: 0]
[use_quantized_grad: 0]
[num_grad_quant_bins: 4]
[quant_train_renew_leaf: 0]
[stochastic_rounding: 1]
[linear_tree: 0]
[max_bin: 255]
[max_bin_by_feature: ]
[min_data_in_bin: 3]
[bin_construct_sample_cnt: 200000]
[data_random_seed: 175]
[is_enable_sparse: 1]
[enable_bundle: 1]
[use_missing: 1]
[zero_as_missing: 0]
[feature_pre_filter: 1]
[pre_partition: 0]
[two_round: 0]
[header: 0]
[label_column: ]
[weight_column: ]
[group_column: ]
[ignore_column: ]
[categorical_feature: 0]
[forcedbins_filename: ]
[precise_float_parser: 0]
[parser_config_file: ]
[objective_seed: 16083]
[num_class: 1]
[is_unbalance: 0]
[scale_pos_weight: 1]
[sigmoid: 1]
[boost_from_average: 1]
[reg_sqrt: 0]
[alpha: 0.9]
[fair_c: 1]
[poisson_max_delta_step: 0.7]
[tweedie_variance_power: 1.5]
[lambdarank_truncation_level: 30]
[lambdarank_norm: 1]
[label_gain: ]
[lambdarank_position_bias_regularization: 0]
[eval_at: ]
[multi_error_top_k: 1]
[auc_mu_weights: ]
[num_machines: 1]
[local_listen_port: 12400]
[time_out: 120]
[machine_list_filename: ]
[machines: ]
[gpu_platform_id: -1]
[gpu_device_id: -1]
[gpu_use_dp: 0]
[num_gpu: 1]

end of parameters

pandas_categorical:[[1, 7, 11, 12, 17, 25, 26, 28, 50]]
