tree
version=v4
num_class=1
num_tree_per_iteration=1
label_index=0
max_feature_idx=16
objective=regression_l1
feature_names=route hour dow ptype is_holiday is_short_workday is_working_weekend is_day_off pre_new_year_week days_to_ny lvl_wd5 lvl_wd10 lvl_wd20 lag_w1 lag_m4 in_regime hour_share
feature_infos=-1:4:3:2:6:1:8:0:7:5 [0:23] [0:6] [0:3] [0:1] [0:1] none [0:1] none [62:90] [0.65018269224127812:1.5233017575096777] [0.69067921004942157:1.4605996151119214] [0.71326988065097863:1.2140828604622831] [0:132.58822579527782] [0:290.00569000834537] [0:1] [2.6520978093672095e-05:0.24330789648307899]
tree_sizes=1755 1848 1842 1874 1880 1861 1867 1883 1862 1864 1863 1880 1850 1850 1858 1861 1868 1846 1890 1861 1871 1836 1871 1842 1873 1868 1865 1866 1873 1871 1859 1868 1865 1864 1885 1867 1820 1849 1852 1855 1838 1837 1847 1844 1860 1885 1858 1811 1833 1850 1829 1850 1836 1853 1878 1868 1837 1852 1839 1871 1856 1868 1848 1861 1879 1855 1844 1838 1851 1857 1847 1864 1874 1871 1863 1864 1836 1865 1870 1862 1877 1830 1877 1850 1851 1863 1865 1844 1853 1850 1874 1866 1851 1857 1848 1869 1854 1853 1855 1878 1860 1872 1879 1881 1872 1864 1892 1841 1885 1883 1838 1851 1876 1879 1865 1843 1873 1841 1861 1868 1842 1829 1881 1858 1904 1870 1860 1849 1864 1862 1860 1865 1837 1857 1846 1867 1878 1842 1843 1853 1867 1856 1863 1873 1886 1870 1824 1884 1862 1862 1882 1859 1877 1864 1834 1829 1863 1874 1857 1864 1886 1862 1862 1877 1844 1857 1850 1846 1836 1848 1865 1853 1854 1877 1842 1849 1855 1854 1862 1860 1890 1879 1873 1857 1856 1831 1855 1867 1864 1888 1847 1830 1867 1861 1871 1858 1878 1854 1872 1870 1869 1876 1864 1852 1869 1827 1860 1856 1821 1859 1860 1862 1847 1877 1851 1842 1829 1866 1860 1866 1853 1883 1868 1859 1850 1855 1887 1856 1875 1855 1856 1865 1841 1862 1847 1840 1842 1837 1849 1871 1859 1862 1841 1838 1841 1860 1865 1860 1813 1862 1869 1846 1847 1847 1860 1843 1848 1849 1861 1862 1867 1833 1813 1845 1873 1866 1847 1882 1855 1877 1858 1850 1838 1827 1863 1869 1866 1837 1885 1878 1868 1851 1863 1850 1877 1840 1852 1844 1860 1861 1872 1841 1844 1870 1824 1879 1864 1863 1875 1880 1864 1850 1859 1887 1852 1856 1856 1867 1866 1869 1847 1848 1843 1880 1835 1854 1812 1840 1881 1856 1869 1842 1846 1835 1861 1845 1852 1865 1897 1861 1869 1867 1820 1858 1855 1878 1846 1857 1866 1825 1852 1877 1852 1867 1858 1862 1831 1847 1859 1871 1861 1861 1830 1876 1853 1859 1829 1875 1835 1833 1869 1840 1826 1861 1857 1863 1845 1856 1857 1863 1828 1876 1857 1846 1859 1858 1889 1831 1850 1864 1838 1873 1835 1856 1829 1875 1852 1859 1846 1874 1819 1883 1860 1862 1834 1866 1876 1863 1830 1831 1875 1871 1872 1838 1796 1860 1876 1882 1833 1840 1868 1846 1872 1853 1863 1853 1837 1873 1831 1853 1852 1823 1831 1846 1856 1824 1840 1837 1872 1831 1850 1872 1852 1834 1870 1830 1867 1815 1838 1845 1852 1858 1859 1835 1788 1858 1847 1833 1815 1836 1859 1867 1831 1838 1812 1853 1856 1833 1837 1846 1812 1833 1866 1845 1847 1858 1831 1862 1861 1835 1839 1841 1853 1864 1854 1850 1840 1846 1873 1852 1838 1849 1849 1844 1855 1843 1844 1833 1837 1836 1819 1822 1844 1854 1866 1848 1882 1853 1874 1848

Tree=0
num_leaves=15
num_cat=3
split_feature=13 2 14 12 12 0 16 1 0 2 0 14 14 13
split_gain=3.68141e+06 979828 928180 835443 717569 575884 551548 526565 471385 415521 412535 341599 280552 265856
threshold=0.96681452316473726 1.0000000180025095e-35 0.93731744019469587 1.0659909429752294 1.0659909429752294 0 0.055845160148253276 8.5000000000000018 1 1.0000000180025095e-35 2 0.85973408525515194 0.99366223172670864 1.0170519093619481
decision_type=2 2 2 2 2 1 2 2 1 2 1 2 2 2
left_child=2 -2 7 5 9 13 -7 10 -9 -4 -1 -12 -5 -3
right_child=1 3 4 12 -6 6 -8 8 -10 -11 11 -13 -14 -15
leaf_value=1.0001260960102081 1.0009987396698852 1.0015651474421425 1.0004133216110591 1.0021251590909639 1.0023549370899036 1.0020972760928428 1.0011050167677378 1.0006871877257846 0.99996882028604295 1.0011565730494663 1.0021390724182129 1.0006349020143048 1.0031290614604951 1.0021467543258293
leaf_weight=2519824.3016475439 22013006.858838916 22791779.439447641 8604909.3698099852 9807170.8800559044 6736575.1770135164 16009966.347424507 32808120.543246269 17406574.516329288 25550991.819484949 34041508.259874821 3818293.9848800898 1969284.8851665258 10511808.228372931 38594473.162321448
leaf_count=5113 16649 15097 6253 8687 8016 24065 19279 19250 14287 34497 5628 3252 11804 37889
internal_value=1.0014 1.00434 0.996948 1.00533 0.999883 1.0043 1.00187 0.994121 0.992784 0.998446 1.00103 1.00545 1.01092 1.00623
internal_weight=2.53184e+08 1.52536e+08 1.00648e+08 1.30523e+08 4.9383e+07 1.10204e+08 4.88181e+07 5.1265e+07 4.29576e+07 4.26464e+07 8.3074e+06 5.78758e+06 2.0319e+07 6.13863e+07
internal_count=229766 133470 96296 116821 48766 96330 43344 47530 33537 40750 13993 8880 20491 52986
cat_boundaries=0 1 2 3
cat_threshold=115 229 290
is_linear=0
shrinkage=1


Tree=1
num_leaves=15
num_cat=4
split_feature=13 10 14 14 10 12 9 1 0 12 0 0 12 0
split_gain=3.52078e+06 1.31899e+06 937416 925153 749460 666674 490843 494514 493899 483825 448361 421428 405330 333308
threshold=0.96681452316473726 0.97741814070190836 0.98805223679250753 0.93857135555860627 0.98075172570208025 1.0598131614188067 89.500000000000014 17.500000000000004 0 1.0174118085830168 1 2 1.0556393429599884 3
decision_type=2 2 2 2 2 2 2 2 1 2 1 1 2 1
left_child=3 11 6 10 9 13 7 -3 -8 -5 -1 -2 -6 -4
right_child=1 2 5 4 12 -7 8 -9 -10 -11 -12 -13 -14 -15
leaf_value=-0.00054397914684826737 -0.0034838796210083733 0.0010505473023720744 0.00010810109731001797 -0.00049903151243353748 -9.6812961811904705e-05 0.0015816490100207432 0.0011730050952112648 -0.00074353540152897546 -0.00015481689075527724 -0.0028332090032192193 -0.0011317644238471969 -0.00066509264656534537 0.0009215224595837745 0.0006918091362393329
leaf_weight=21204271.77331388 1812167.5958849192 8705794.0301275253 15703664.931072235 9378626.8656078577 27409034.114583135 14398005.675475359 4105246.9641000032 2038897.4122641087 43746074.370050669 4408024.6809947491 30743841.36963439 12377351.657468796 7507381.5650776625 49942937.302574396
leaf_count=27089 2565 6580 12827 8846 26188 15363 4451 2019 32249 4123 21188 13655 8927 43743
internal_value=-6.65422e-05 0.00280273 0.00369435 -0.00442329 -0.00145282 0.00580497 0.000811151 0.00660555 -0.000489942 -0.00737529 -0.00720821 -0.0059089 0.00088565 0.00452277
internal_weight=2.53481e+08 1.5283e+08 1.38641e+08 1.00651e+08 4.87031e+07 8.00446e+07 5.8596e+07 1.07447e+07 4.78513e+07 1.37867e+07 5.19481e+07 1.41895e+07 3.49164e+07 6.56466e+07
internal_count=229813 133452 117232 96361 48084 71933 45299 8599 36700 12969 48277 16220 35115 56570
cat_boundaries=0 1 2 3 4
cat_threshold=64 229 64 260
is_linear=0
shrinkage=0.03


Tree=2
num_leaves=15
num_cat=5
split_feature=13 10 14 14 10 12 1 12 0 0 0 2 0 0
split_gain=3.25921e+06 1.23764e+06 979899 823883 682955 645700 583580 567566 424032 420834 417411 385674 361984 330568
threshold=0.96315057481187116 0.97741814070190836 0.98805223679250753 0.92787256087341596 1.0083026460753131 1.0598131614188067 8.5000000000000018 1.0174118085830168 0 1 2 1.0000000180025095e-35 3 4
decision_type=2 2 2 2 2 2 2 2 1 1 1 2 1 1
left_child=3 9 8 6 7 13 10 -5 -3 -2 -1 -10 -8 -4
right_child=1 2 5 4 -6 -7 12 -9 11 -11 -12 -13 -14 -15
leaf_value=-0.0011754198617130317 -0.0033911838190151954 0.0010957029685161081 0.00010439123664201705 -0.00040507904371100593 0.00021867363670367504 0.001522318085062763 -0.00065245564209556847 -0.0018763403169924247 -0.00051993956286666883 -0.00061215587281566346 0.00043584855115413434 0.00012607659693929739 -0.001387709335513912 0.00067086270639767401
leaf_weight=2316987.8903698921 1865760.0661262274 5266899.309556365 16020033.963273287 16756489.448328733 27473999.730443954 14527906.85698235 16189628.487550735 5696457.5976066589 11229705.441132784 12774909.892368197 5425450.2589571476 44107907.085228562 23182446.983682871 50903027.19706893
leaf_count=4811 2620 5712 12996 15467 29009 15578 17825 5334 7302 13979 8286 33680 12945 44343
internal_value=-3.09773e-05 0.0026447 0.00350064 -0.00435149 -0.00166624 0.00564989 -0.00719704 -0.00554751 0.000612099 -0.00566027 0.000332171 -0.000162071 -0.00867764 0.00440537
internal_weight=2.53738e+08 1.56696e+08 1.42055e+08 9.70415e+07 4.99269e+07 8.1451e+07 4.71145e+07 2.24529e+07 6.06045e+07 1.46407e+07 7.74244e+06 5.53376e+07 3.93721e+07 6.69231e+07
internal_count=229887 136210 119611 93677 49810 72917 43867 20801 46694 16599 13097 40982 30770 57339
cat_boundaries=0 1 2 3 4 5
cat_threshold=64 64 290 229 260
is_linear=0
shrinkage=0.03


Tree=3
num_leaves=15
num_cat=2
split_feature=13 10 14 14 10 12 0 10 16 0 9 9 16 12
split_gain=3.08084e+06 1.19325e+06 820122 711916 664230 662233 509183 452103 421286 359734 396488 676438 375778 356350
threshold=0.96681452316473726 0.97741814070190836 0.97533775125393551 0.93857135555860627 1.0083026460753131 1.0598131614188067 0 1.2883310473777285 0.052915134947898658 1 67.500000000000014 89.500000000000014 0.069297429202284114 0.99712577792716017
decision_type=2 2 2 2 2 2 1 2 2 1 2 2 2 2
left_child=3 8 -3 7 6 9 -5 13 -2 10 12 -12 -4 -1
right_child=1 2 5 4 -6 -7 -8 -9 -10 -11 11 -13 -14 -15
leaf_value=-0.0011998232578815603 0.00068905249611970576 3.0269011220470585e-05 0.00044708067359246141 -0.0034371673063557273 0.00025771271393270289 0.0013812230748184717 -0.00050137763786471451 -0.003198064532823796 -0.0012423811605323993 0.00023399851888467318 0.0013595107431158642 0.00049652398561868391 -0.0013353720632799445 -0.00048923874331174616
leaf_weight=16335063.174386978 3269656.3319818974 44848602.607515216 1780479.6021652222 1826814.4818507433 26453574.828505754 16914994.473833442 20037474.255460024 3821856.3479104042 11113963.299636841 32508173.710084081 8558383.7198728323 32479322.187760115 1448060.9474487305 31866926.756769538
leaf_count=13281 8603 36046 1616 2003 28014 17443 18093 3186 7632 27674 5978 27604 651 31873
internal_value=5.56884e-05 0.00273594 0.00358983 -0.00402904 -0.00140698 0.00518683 -0.005276 -0.00646431 -0.00548844 0.00400295 0.00576275 0.00655912 -0.00435976 -0.00567683
internal_weight=2.53263e+08 1.52922e+08 1.38538e+08 1.00342e+08 4.83179e+07 9.36894e+07 2.18643e+07 5.20238e+07 1.43836e+07 7.67744e+07 4.42662e+07 4.10377e+07 3.22854e+06 4.8202e+07
internal_count=229697 133247 117012 96450 48110 80966 20096 48340 16235 63523 35849 33582 2267 45154
cat_boundaries=0 1 2
cat_threshold=64 115
is_linear=0
shrinkage=0.03


Tree=4
num_leaves=15
num_cat=2
split_feature=13 10 14 2 12 12 0 1 9 9 1 0 16 16
split_gain=3.04586e+06 1.14316e+06 818971 780166 614726 574454 564312 487412 433307 922419 832884 420429 398594 386317
threshold=0.96681452316473726 0.97741814070190836 0.93857135555860627 1.0000000180025095e-35 1.0659909429752294 1.0598131614188067 0 8.5000000000000018 68.500000000000014 89.500000000000014 17.500000000000004 1 0.055845160148253276 0.052915134947898658
decision_type=2 2 2 2 2 2 1 2 2 2 2 1 2 2
left_child=2 13 7 -3 -4 6 8 -1 -5 10 -10 -9 -8 -2
right_child=1 3 4 5 -6 -7 12 11 9 -11 -12 -13 -14 -15
leaf_value=-1.5194834781497338e-05 0.00063907777980011071 -0.00024211172516728246 -0.00035348466482976469 -0.00056363518506871539 0.0009352285153607908 0.0011098735452914799 0.00073430907983219678 -0.00058948150216994722 0.0016172677806680952 0.00046839113301905581 -0.00024779843388521121 -0.0012505966544055552 -0.00015816052266530653 -0.0012440280212208769
leaf_weight=8459809.9564771652 3283391.560803175 19699630.404649615 41645347.587177038 3840714.8888654709 6627535.3022987843 22803592.419852734 13925334.63725996 17860202.882880688 7568729.7784764767 40356381.508085847 1792792.8199052811 25763726.808546543 28956414.868047714 10904742.035018921
leaf_count=14165 8733 14492 40065 3022 7872 22584 19570 19672 5182 34556 1593 14466 16245 7517
internal_value=-4.63705e-05 0.00261581 -0.00410853 0.00344411 -0.0012935 0.00435781 0.00334529 -0.00671758 0.00539869 0.00614868 0.0146329 -0.0079956 0.000780634 -0.00549565
internal_weight=2.53488e+08 1.53132e+08 1.00357e+08 1.38944e+08 4.82729e+07 1.19244e+08 9.64404e+07 5.20837e+07 5.35586e+07 4.97179e+07 9.36152e+06 4.36239e+07 4.28817e+07 1.41881e+07
internal_count=229734 133494 96240 117244 47937 102752 80168 48303 44353 41331 6775 34138 35815 16250
cat_boundaries=0 1 2
cat_threshold=115 229
is_linear=0
shrinkage=0.03


Tree=5
num_leaves=15
num_cat=3
split_feature=14 10 12 0 12 0 1 1 14 9 9 0 10 9
split_gain=2.51856e+06 2.18831e+06 1.08145e+06 768051 715233 579323 586474 557496 606373 500625 959232 465041 454161 411512
threshold=0.95321217120250823 1.0073430709674736 1.0182782321369752 0 1.05577266697232 1 17.500000000000004 8.5000000000000018 0.81478135714231403 89.500000000000014 74.500000000000014 2 0.83310007439074751 74.500000000000014
decision_type=2 2 2 1 2 1 2 2 2 2 2 1 2 2
left_child=7 2 3 12 5 -3 9 -1 -9 10 -7 -6 -2 -8
right_child=1 4 -4 -5 11 6 13 8 -10 -11 -12 -13 -14 -15
leaf_value=2.9374053674216473e-05 -0.0010779519229169997 2.3420243815029817e-05 -0.001640898302763507 -0.00038081459740137705 0.0018763287335419763 0.00046346457026633889 -0.0012321903878683401 -0.0014077941324681796 -0.00044914530862116478 0.00051616160948916607 0.0019312676744529121 0.00042340556466319334 0.001278399004956552 0.00022184474155919736
leaf_weight=15354354.416826248 2568422.6377768517 34822674.029941797 11456213.908030868 27663071.325646996 15505634.932349682 7153546.3893047571 1943901.6629056931 17967142.214639664 54939658.158384085 24623069.625392437 5784169.7277947664 11672061.474499226 10894682.576613903 11014938.449595928
leaf_count=22974 3357 26806 12844 18839 18740 5454 1846 14888 42230 22762 4033 10043 13067 12081
internal_value=-1.85612e-05 0.00216836 -0.00288399 -0.000613255 0.00452941 0.00317965 0.00523176 -0.00410944 -0.00520362 0.00713035 0.0119084 0.00876785 0.00526346 -0.000271241
internal_weight=2.53364e+08 1.65102e+08 5.25824e+07 4.11262e+07 1.1252e+08 8.53423e+07 5.05196e+07 8.82612e+07 7.29068e+07 3.75608e+07 1.29377e+07 2.71777e+07 1.34631e+07 1.29588e+07
internal_count=229964 149872 48107 35263 101765 72982 46176 80092 57118 32249 9487 28783 16424 13927
cat_boundaries=0 1 2 3
cat_threshold=171 268 358
is_linear=0
shrinkage=0.03


Tree=6
num_leaves=15
num_cat=3
split_feature=13 14 10 10 0 10 14 12 0 2 12 1 0 16
split_gain=2.65008e+06 1.08774e+06 879321 832524 662257 531567 508526 468755 443827 497539 379816 452169 483751 341835
threshold=1.0122118118033123 0.95321217120250823 1.012904860052575 0.97590040702797165 0 1.2883310473777285 0.98805223679250753 1.0598131614188067 1 1.5000000000000002 0.99493778713559811 8.5000000000000018 2 0.065293844758091996
decision_type=2 2 2 2 1 2 2 2 1 2 2 2 1 2
left_child=1 5 4 -2 -3 10 -5 -8 -4 -10 -1 -12 -13 -6
right_child=3 2 8 6 13 -7 7 -9 9 -11 11 12 -14 -15
leaf_value=-0.00098618960448672646 -0.00081643724156286275 -0.0031400874492308207 0.00086152338504645013 0.00021680714870074214 9.8742683544807003e-05 -0.0029948226392520552 0.00066415473751059808 0.001680228532974386 -0.00056584667913984977 0.00031486734150817496 0.00032808807810285186 -8.5085862668825564e-05 -0.00074357509357896024 -0.00059955712066663209
leaf_weight=20379965.74931848 8891642.7607983351 2338602.9619523287 19811115.795662284 31781580.25834167 14692976.943487167 4084746.3553028107 49896342.572909355 9921669.6620982885 8592030.304219842 18213296.257058978 8000840.2146351337 17581833.407483578 22292213.828605652 17195867.847290039
leaf_count=15742 11906 2447 23930 27343 16376 3382 46155 11604 4602 12547 12935 16855 15389 8598
internal_value=6.3155e-05 -0.00242038 -2.90376e-05 0.00384892 -0.00368039 -0.00509285 0.00469967 0.00632897 0.00265191 0.000135381 -0.00446374 -0.00300361 -0.00430961 -0.00255031
internal_weight=2.53675e+08 1.53183e+08 8.08439e+07 1.00491e+08 3.42274e+07 7.23396e+07 9.15996e+07 5.9818e+07 4.66164e+07 2.68053e+07 6.82549e+07 4.78749e+07 3.9874e+07 3.18888e+07
internal_count=229811 132803 68500 97008 27421 64303 85102 57759 41079 17149 60921 45179 32244 24974
cat_boundaries=0 1 2 3
cat_threshold=64 355 358
is_linear=0
shrinkage=0.03


Tree=7
num_leaves=15
num_cat=1
split_feature=13 10 14 14 10 12 12 10 1 12 16 12 0 11
split_gain=2.548e+06 995059 766113 692038 641948 526046 474693 436990 427177 401817 393828 363496 346885 337035
threshold=0.97409007539405623 0.98364139411840446 0.93731744019469587 1.0068168762179825 0.98075172570208025 1.0294283446165053 1.0174118085830168 1.2883310473777285 8.5000000000000018 1.0556393429599884 0.065293844758091996 1.0556393429599884 0 0.92167517421559297
decision_type=2 2 2 2 2 2 2 2 2 2 2 2 1 2
left_child=2 10 7 5 6 12 13 8 -1 -5 -2 -6 -3 -4
right_child=1 3 4 9 11 -7 -8 -9 -10 -11 -12 -13 -14 -15
leaf_value=6.7209286726802755e-05 -9.0956010790682107e-06 0.00095189638152442645 -0.0012051556991223011 0.00064966616494255823 -5.8741368823628992e-05 0.00056379388619043596 -0.0019747953463574806 -0.0029379957918113254 -0.00077430462120020908 0.0016250040186918009 -0.0013350532721291737 0.00082267778075935697 -0.00011695729394871536 0.00045663769484933126
leaf_weight=7930482.348982811 8868490.799128294 5513353.1826909781 4901499.7714259624 42868958.207941413 31396475.47799933 28310378.062660336 4776337.1571700573 3889156.6957507133 41343993.03184104 9683362.3568199873 7687242.9900817871 8601446.5732884407 42719784.789348125 4894017.9563217163
leaf_count=13445 13556 5169 5438 41586 29026 22833 4431 3209 32536 11860 4808 9876 28271 3810
internal_value=7.8015e-06 0.00259511 -0.00349014 0.0034831 -0.000993114 0.0016631 -0.00638395 -0.00605322 -0.00528909 0.00613397 -0.0043291 0.000970851 -0.000242273 -0.00260298
internal_weight=2.53385e+08 1.45652e+08 1.07733e+08 1.29096e+08 5.45698e+07 7.65435e+07 1.45719e+07 5.31636e+07 4.92745e+07 5.25523e+07 1.65557e+07 3.99979e+07 4.82331e+07 9.79552e+06
internal_count=229854 128083 101771 109719 52581 56273 13679 49190 45981 53446 18364 38902 33440 9248
cat_boundaries=0 1
cat_threshold=66
is_linear=0
shrinkage=0.03


Tree=8
num_leaves=15
num_cat=3
split_feature=13 14 10 10 2 12 14 1 12 0 0 0 12 10
split_gain=2.44029e+06 1.02862e+06 901391 766818 637465 563939 522563 513765 454029 423275 406752 386592 375284 364703
threshold=1.0109399026120844 0.92174722321304547 0.98364139411840446 0.97590040702797165 1.0000000180025095e-35 1.019141366626745 0.98805223679250753 8.5000000000000018 1.0556393429599884 0 1 2 1.0666052657390228 0.83310007439074751
decision_type=2 2 2 2 2 2 2 2 2 1 1 1 2 2
left_child=1 7 5 -2 -4 10 -5 11 -6 -9 13 -1 -8 -3
right_child=3 2 4 6 8 -7 12 9 -10 -11 -12 -13 -14 -15
leaf_value=-0.0010585507803289318 -0.00080021220884156374 -0.00083591876114020365 -0.00054085124207558816 0.00017055427912504332 8.0232629185522856e-05 -0.0020398660213003105 0.00065700553959323186 -0.00047747305054990916 0.000855606205776311 -0.0011679330458219249 -0.0012207709771837234 0.00040738470177778871 0.001627899349545736 0.00074160117229375309
leaf_weight=2495374.5977540016 8979510.4191594124 3312313.4592044353 13834509.923906684 32357479.263841152 49042949.343000054 5907077.528387785 51631163.44804287 18239794.608355522 14496658.431721807 25546464.966650963 7011165.813747406 6245198.7213388681 8420813.0976705551 5252233.4651708603
leaf_count=5161 11979 2886 9605 27726 40572 5427 47974 19800 14680 14149 6895 8883 10047 3574
internal_value=-2.82006e-05 -0.00244051 -0.00063792 0.00357362 0.000871541 -0.00607451 0.0043869 -0.00583303 0.00214215 -0.00715864 -0.00308119 0.00080764 0.00604288 0.00130519
internal_weight=2.52773e+08 1.51384e+08 9.88569e+07 1.01389e+08 7.73741e+07 2.14828e+07 9.24095e+07 5.25268e+07 6.35396e+07 4.37863e+07 1.55757e+07 8.74057e+06 6.0052e+07 8.56455e+06
internal_count=229358 131632 83639 97726 64857 18782 85747 47993 55252 33949 13355 14044 58021 6460
cat_boundaries=0 1 2 3
cat_threshold=229 155 290
is_linear=0
shrinkage=0.03


Tree=9
num_leaves=15
num_cat=2
split_feature=13 10 14 10 2 0 9 1 9 12 0 10 12 12
split_gain=2.17924e+06 875376 693528 597237 587887 475162 558204 977792 662501 458511 425723 421068 410224 400692
threshold=0.97409007539405623 0.98364139411840446 0.93731744019469587 0.98364139411840446 1.0000000180025095e-35 0 89.500000000000014 17.500000000000004 68.500000000000014 1.0100722254825036 1 1.2883310473777285 1.05577266697232 1.019141366626745
decision_type=2 2 2 2 2 1 2 2 2 2 1 2 2 2
left_child=2 13 11 9 -3 -6 7 8 -7 -4 -10 -1 -8 -2
right_child=1 4 3 -5 5 6 12 -9 10 -11 -12 -13 -14 -15
leaf_value=-0.00058133012243864908 -0.00011568822743526857 -0.00022702742127092248 -0.00035327301804361172 0.0001265439837143686 0.001155304352054867 6.7307048441016727e-06 7.4516446642178174e-05 -0.00059348961703721255 0.00074613759074540194 -0.0016685712817636885 0.0015619396533646057 -0.0028787416145150827 0.00070726198394910063 -0.0017987511944887382
leaf_weight=49145434.677494884 11092547.271137953 18361170.338270187 10014358.970849752 39255591.693506956 22671477.598922372 3751453.5499879122 56402649.199560523 3525242.2766571045 3764039.0221452713 5378728.1036062241 7418116.9398121834 3900342.0876016617 13400183.883029461 5491920.2434597015
leaf_count=45715 11693 13490 9251 38409 29397 2403 42972 3237 2262 5104 4917 3213 10954 6777
internal_value=-7.8421e-05 0.00231117 -0.00331527 -0.000943389 0.00314347 0.00396647 0.00297137 0.00761081 0.0109655 -0.00595171 0.0146254 -0.00575882 0.00174451 -0.00417759
internal_weight=2.53573e+08 1.45879e+08 1.07694e+08 5.46487e+07 1.29294e+08 1.10933e+08 8.82617e+07 1.84589e+07 1.49336e+07 1.53931e+07 1.11822e+07 5.30458e+07 6.98028e+07 1.65845e+07
internal_count=229794 128102 101692 52764 109632 96142 66745 12819 9582 14355 7179 48928 53926 18470
cat_boundaries=0 1 2
cat_threshold=98 12
is_linear=0
shrinkage=0.03


Tree=10
num_leaves=15
num_cat=0
split_feature=13 14 10 10 12 14 10 2 12 1 12 9 12 2
split_gain=2.18881e+06 880137 706844 626892 574066 484088 460489 389071 383862 401947 357119 292589 273240 269025
threshold=1.0109399026120844 0.95321217120250823 1.0073430709674736 0.97590040702797165 1.0174118085830168 0.98805223679250753 1.2883310473777285 1.5000000000000002 0.99549366363837055 8.5000000000000018 1.0666052657390228 68.500000000000014 1.0622133946398484 4.5000000000000009
decision_type=2 2 2 2 2 2 2 2 2 2 2 2 2 2
left_child=1 6 4 -2 -3 -5 8 -4 -1 -10 13 -9 -11 -7
right_child=3 2 7 5 -6 10 -8 11 9 12 -12 -13 -14 -15
leaf_value=-0.00093873941669077917 -0.00071143454179686697 -0.00017296199738110968 -0.00020381942493729243 0.00014790113330446426 -0.0014828882702174557 0.00046130686255175136 -0.002576986440046804 -0.0010463364434529919 0.00036796317116508706 -0.00051401241128271621 0.0015646422074571181 0.00058495742094395449 0.00031355655763931151 0.0015288809423675653
leaf_weight=20759079.868042469 9070087.8362990618 23879226.119878292 15410864.5298208 32190307.398393035 7250814.6220591068 42671478.854077339 4162156.925121069 2014524.8694559336 7889568.9358131886 33851656.536885738 8430262.7437567711 30950842.543456793 5716089.4788713455 9396753.4133293629
leaf_count=16091 12020 19006 11245 27634 6498 34931 3434 1854 12816 26175 10062 29270 5781 13156
internal_value=-4.71038e-05 -0.00232819 -0.000149263 0.00335764 -0.00367548 0.00409423 -0.0047217 0.00211985 -0.00413063 -0.00264224 0.00567569 0.00395937 -0.00387509 0.00474825
internal_weight=2.53644e+08 1.51885e+08 7.95063e+07 1.01759e+08 3.113e+07 9.26888e+07 7.23786e+07 4.83762e+07 6.82164e+07 4.74573e+07 6.04985e+07 3.29654e+07 3.95677e+07 5.20682e+07
internal_count=229973 132170 67873 97803 25504 85783 64297 42369 60863 44772 58149 31124 31956 48087
is_linear=0
shrinkage=0.03


Tree=11
num_leaves=15
num_cat=1
split_feature=13 10 12 10 12 13 0 12 2 1 9 9 16 12
split_gain=2.09391e+06 876184 550382 546047 760536 543962 467682 457610 398561 381335 491752 570438 349149 319221
threshold=0.96184378540658844 1.0098181770434389 1.0182782321369752 1.2883310473777285 1.0659909429752294 1.0556547475556222 0 0.9353060627559534 1.0000000180025095e-35 17.500000000000004 89.500000000000014 68.500000000000014 0.056042049674143786 0.99549366363837055
decision_type=2 2 2 2 2 2 1 2 2 2 2 2 2 2
left_child=3 2 6 4 7 8 -2 -1 -3 10 11 -10 -8 -12
right_child=1 5 -4 -5 -6 -7 12 -9 9 -11 13 -13 -14 -15
leaf_value=-0.0017261061722343774 0.00085757985427173356 -0.00040977252265306469 -0.0014315426726088259 -0.0026824007515681642 -0.00089111143265881187 0.00084003175697007807 0.00036549066381987401 -0.0003907490799861642 -0.0002791328763380951 -0.00018323180547138797 -0.00049980748755493513 0.0013065022043311078 -0.00057248549686792849 0.00038816892216180898
leaf_weight=5691798.8606173992 10173393.953635812 11846649.806581259 7901447.9140549898 3851473.3369125128 9301996.0984008312 45719333.271627426 7438021.169005394 77163514.895771742 2583435.8850073814 13904209.693088531 4829871.3778809309 7933369.3789563179 15052565.355666161 30401504.681888819
leaf_count=5672 12543 7267 9790 3370 11878 49952 8573 72101 1663 11830 2547 5249 6211 21431
internal_value=4.70094e-05 0.00217263 -0.00162758 -0.0034463 -0.00298378 0.00348776 9.1094e-05 -0.00389693 0.00185355 0.00285171 0.00417406 0.00986692 -0.00232322 0.00247471
internal_weight=2.53793e+08 1.57784e+08 4.05654e+07 9.60088e+07 9.21573e+07 1.17218e+08 3.2664e+07 8.28553e+07 7.1499e+07 5.96524e+07 4.57482e+07 1.05168e+07 2.24906e+07 3.52314e+07
internal_count=230077 137056 37117 93021 89651 99939 27327 77773 49987 42720 30890 6912 14784 23978
cat_boundaries=0 1
cat_threshold=171
is_linear=0
shrinkage=0.03


Tree=12
num_leaves=15
num_cat=3
split_feature=13 2 10 10 12 0 12 9 1 9 1 0 0 3
split_gain=2.03573e+06 770927 630931 582156 858613 401594 376805 411819 592709 477742 381529 350959 341603 298221
threshold=1.0109399026120844 1.0000000180025095e-35 0.97590040702797165 1.2883310473777285 1.0598131614188067 0 1.0666052657390228 89.500000000000014 17.500000000000004 68.500000000000014 9.5000000000000018 1 2 1.0000000180025095e-35
decision_type=2 2 2 2 2 1 2 2 2 2 2 1 1 2
left_child=1 -1 -2 4 5 -3 7 8 9 10 -4 -11 -8 -5
right_child=2 3 6 13 -6 -7 12 -9 -10 11 -12 -13 -14 -15
leaf_value=-0.00073923397532645496 -0.00070231500036547481 -0.00053350864699276733 -0.0010813452689894612 -0.000611420752156301 0.00069113769963745819 -2.4175931316901478e-05 0.0020111896265227543 0.0002717384276714596 -0.0004741496498268856 0.00061346709890398692 0.00094795929625998069 0.0015383438142453588 0.00043059796081219376 -0.0081669069814652769
leaf_weight=30222516.764120579 8951420.8499852419 43556189.423819661 1447804.0101083517 1965365.6254831553 17380562.531888843 57095452.612504482 6666652.7640242577 60129285.780743718 3345453.3188316822 4055472.9692628384 2972169.0205464363 7139072.7152490616 7116250.5336487293 1461748.3263019323
leaf_count=22877 12009 32685 1440 1504 18877 54494 8058 55463 3523 2712 1955 5416 7328 1586
internal_value=2.73339e-05 -0.00217531 0.00330851 -0.00110844 -0.000754536 -0.0018178 0.00404166 0.00324394 0.00709908 0.00955428 0.00120312 0.0128516 0.00861913 -0.0132973
internal_weight=2.53505e+08 1.51682e+08 1.01824e+08 1.21459e+08 1.18032e+08 1.00652e+08 9.28722e+07 7.90893e+07 1.896e+07 1.56145e+07 4.41997e+06 1.11945e+07 1.37829e+07 3.42711e+06
internal_count=229927 132023 97904 109146 106056 87179 85895 70509 15046 11523 3395 8128 15386 3090
cat_boundaries=0 1 2 3
cat_threshold=268 76 356
is_linear=0
shrinkage=0.03


Tree=13
num_leaves=15
num_cat=3
split_feature=13 10 2 9 10 16 9 9 0 0 10 16 16 0
split_gain=1.89632e+06 741467 652132 555146 554324 466140 485034 595919 465134 436750 433515 444190 365224 315339
threshold=0.96184378540658844 0.97741814070190836 1.0000000180025095e-35 62.500000000000007 1.2883310473777285 0.06641745348188037 89.500000000000014 67.500000000000014 0 1 0.88315745690132064 0.054077039484020338 0.052915134947898658 2
decision_type=2 2 2 2 2 2 2 2 1 1 2 2 2 1
left_child=4 12 13 -4 10 -5 7 -7 -9 -8 11 -1 -2 -3
right_child=1 2 3 5 -6 6 9 8 -10 -11 -12 -13 -14 -15
leaf_value=0.00043232927329721956 0.00077238377384181579 0.00044730548482184147 -0.0018662533522036098 0.00071036218808367881 -0.002577751628837549 -0.00055626719286693807 0.0014294565604681439 0.00030664290058488139 0.0014279720530894044 -5.485353132473992e-05 -0.00024769349563864005 -0.0011886708503245265 -0.0010075074564122495 -0.00051208674451417983
leaf_weight=2937334.7413700819 3334124.847440362 6434845.9366567135 1356446.8325436115 62342170.677171826 3893980.4601126909 2309564.848097086 3709576.8517456055 3862651.4177856445 6103009.6645765305 42562677.9246912 76510667.693771958 12323929.907333374 11416025.567214966 14126301.249745131
leaf_count=5599 8815 6707 976 72500 3385 1175 2698 1915 3497 22447 76297 7437 7814 8347
internal_value=-8.33929e-06 0.00201461 0.00267602 0.00350743 -0.00334004 0.00372158 0.00179928 0.00710078 0.0102829 0.000392885 -0.00286964 -0.00748636 -0.004389 -0.00226718
internal_weight=2.53223e+08 1.57557e+08 1.42807e+08 1.22246e+08 9.56659e+07 1.2089e+08 5.85475e+07 1.22752e+07 9.96566e+06 4.62723e+07 9.17719e+07 1.52613e+07 1.47502e+07 2.05611e+07
internal_count=229609 136891 120262 105208 92718 104232 31732 6587 5412 25145 89333 13036 16629 15054
cat_boundaries=0 1 2 3
cat_threshold=76 64 353
is_linear=0
shrinkage=0.03


Tree=14
num_leaves=15
num_cat=3
split_feature=13 14 10 0 10 14 0 0 2 9 13 1 14 16
split_gain=1.81612e+06 731201 595151 602837 564662 457113 403151 392417 376226 305569 249150 245633 361544 239284
threshold=1.0065374835689795 0.95321217120250823 1.012904860052575 0 0.97590040702797165 0.98805223679250753 1 2 1.5000000000000002 86.500000000000014 0.33722492917240238 8.5000000000000018 0.85973408525515194 0.054077039484020338
decision_type=2 2 2 1 2 2 1 1 2 2 2 2 2 2
left_child=1 7 3 -3 13 -6 8 9 -4 -1 -9 12 -12 -2
right_child=4 2 6 -5 5 -7 -8 10 -10 -11 11 -13 -14 -15
leaf_value=0.00063405215472673562 0.00065791264414440912 -0.00286567317702678 -0.00054126676103458441 -0.00024028533665682161 0.00012035210530899043 0.00067622454792134893 0.00075055764605796863 -0.0028716865490803333 0.0002312368137898806 -0.0010683644411098126 0.0011232849123157295 -0.00033676908523997296 -0.00036541883745506157 -0.0011284810986465137
leaf_weight=2128241.3694293499 2856977.4416615963 2311207.8568178415 7605062.8175541162 30025068.096544981 34557631.902433157 62715112.079846263 19692172.652060628 1287894.7991409302 15855435.418040514 27119729.164003372 3020474.9018981457 33912207.949216366 3450700.5567048788 6643304.2261352539
leaf_count=2492 7385 2402 3753 23953 29243 59718 25211 2477 9895 19800 4010 29147 5274 5014
internal_value=1.6582e-05 -0.00215325 -9.83153e-05 -0.00317549 0.00299187 0.00367367 0.00220755 -0.00434059 -0.000449068 -0.00700428 -0.00247101 -0.00205675 0.00329936 -0.00398904
internal_weight=2.53181e+08 1.46408e+08 7.54889e+07 3.23363e+07 1.06773e+08 9.72727e+07 4.31527e+07 7.09192e+07 2.34605e+07 2.9248e+07 4.16713e+07 4.03834e+07 6.47118e+06 9.50028e+06
internal_count=229774 128414 65214 26355 101360 88961 38859 63200 13648 22292 40908 38431 9284 12399
cat_boundaries=0 1 2 3
cat_threshold=64 28 266
is_linear=0
shrinkage=0.03


Tree=15
num_leaves=15
num_cat=3
split_feature=13 10 12 10 12 0 0 2 10 16 16 0 10 2
split_gain=1.7295e+06 666695 531006 524462 629740 490624 442910 563000 438043 348846 328796 296534 279643 257526
threshold=0.96807374927879086 1.0379730489952987 0.9353060627559534 1.2883310473777285 1.0659909429752294 0 1 1.0000000180025095e-35 1.0428102923176461 0.069031015178948774 0.055845160148253276 2 1.1942558122392908 1.0000000180025095e-35
decision_type=2 2 2 2 2 1 1 2 2 2 2 1 2 2
left_child=2 5 -1 4 13 10 12 -8 -9 -7 -2 -6 -3 -4
right_child=1 6 3 -5 11 9 7 8 -10 -11 -12 -13 -14 -15
leaf_value=-0.0015876408995572863 0.00029028931475228451 0.0014151134899790595 -0.00072114759559895004 -0.0024683681467391281 0.0015250939669568273 0.00047799215736979748 -0.00044921369713420736 0.0010920680225113865 0.00034604776010284074 -0.00012762914362654757 -0.00084124208776253267 2.5595467470296283e-05 9.5711895975196114e-05 -0.00024885416067912947
leaf_weight=5788621.2672264576 7179872.117125988 14277495.238804221 17610253.532477736 3881535.2594214678 4834313.5914287567 29740634.038790464 8407417.21882236 6126996.0042715073 44746329.406476021 21387595.065124512 16384845.602581501 5423995.1589324474 3554672.5405691862 64407219.364010811
leaf_count=5731 12126 18674 13916 3388 6894 31274 5654 3691 36231 10689 9307 5810 5168 61515
internal_value=4.77842e-05 0.00207742 -0.0029745 -0.00244327 -0.00198887 5.73565e-05 0.00403408 0.0027871 0.00397561 0.00170801 -0.00352406 0.0050188 0.00817952 -0.00286535
internal_weight=2.53752e+08 1.51806e+08 1.01946e+08 9.61573e+07 9.22758e+07 7.46929e+07 7.71129e+07 5.92807e+07 5.08733e+07 5.11282e+07 2.35647e+07 1.02583e+07 1.78322e+07 8.20175e+07
internal_count=230068 132814 97254 91523 88135 63396 69418 45576 39922 41963 21433 12704 23842 75431
cat_boundaries=0 1 2 3
cat_threshold=324 352 356
is_linear=0
shrinkage=0.03


Tree=16
num_leaves=15
num_cat=0
split_feature=13 14 12 3 14 9 1 16 1 16 12 1 9 3
split_gain=1.64896e+06 877903 651763 544481 485791 435704 1.48726e+06 568691 450876 342531 320292 301076 287355 376769
threshold=1.0434257691905195 0.92174722321304547 1.0666052657390228 1.0000000180025095e-35 1.3876853833066318 89.500000000000014 17.500000000000004 0.065293844758091996 7.5000000000000009 0.061653988897474789 1.0659909429752294 8.5000000000000018 74.500000000000014 1.0000000180025095e-35
decision_type=2 2 2 2 2 2 2 2 2 2 2 2 2 2
left_child=1 3 5 11 10 6 8 -7 -3 -6 -2 -1 13 -10
right_child=4 2 -4 -5 9 7 -8 -9 12 -11 -12 -13 -14 -15
leaf_value=0.00027097739637380036 0.00049070956435224807 -0.00059941385577691171 0.00067639646758122732 -0.0011920052373311707 0.0011124597378881699 9.3411032093310679e-05 -0.0010108658870043533 -0.00044671429720424474 0.00097416247222852006 -0.0065225096129918007 0.0013422639223971294 -0.00043448628408318367 0.0013104919475358666 -0.00061105404157694749
leaf_weight=7059819.8338222504 57010730.375624895 2028936.1419117451 17497107.933219075 17811323.315610409 1200541.9168606997 42043893.840566516 5887425.5253863335 46378574.810721874 5128193.0599365234 1407761.2226393223 9922644.9212479591 31151341.34457922 6989237.8184809685 2447523.300624609
leaf_count=9391 55649 3250 17160 19053 6717 45926 5178 23519 2634 1712 11768 22634 3970 1654
internal_value=7.12947e-05 -0.00141312 -4.59115e-05 -0.00454669 0.00400793 -0.000894881 0.00283431 -0.00184302 0.00743045 -0.00869388 0.0045029 -0.00252746 0.00927612 0.00522869
internal_weight=2.53965e+08 1.84423e+08 1.28401e+08 5.60225e+07 6.95417e+07 1.10904e+08 2.24813e+07 8.84225e+07 1.65939e+07 2.6083e+06 6.69334e+07 3.82112e+07 1.4565e+07 7.57572e+06
internal_count=230215 154369 103291 51078 75846 86131 16686 69445 11508 8429 67417 32025 8258 4288
is_linear=0
shrinkage=0.03


Tree=17
num_leaves=15
num_cat=4
split_feature=14 10 0 10 12 12 0 0 16 3 10 9 0 12
split_gain=1.56406e+06 1.26464e+06 731203 562743 555902 537679 496344 428543 369585 400300 353933 349050 379354 304246
threshold=0.9744458253047491 0.98364139411840446 0 1.2883310473777285 1.05577266697232 1.0611621958700792 1 2 0.054077039484020338 1.5000000000000002 1.021163124821922 62.500000000000007 3 1.0081207388974922
decision_type=2 2 1 2 2 2 1 1 2 2 2 2 1 2
left_child=3 2 -2 5 11 7 -6 -1 -4 13 -9 -3 -13 -10
right_child=1 4 8 -5 6 -7 -8 10 9 -11 -12 12 -14 -15
leaf_value=-0.00078228137260229473 -0.0028961383845571074 -0.001571902516729988 0.00077604367744664427 -0.0022035414630942451 -6.6677122949816112e-05 0.0004128143797541441 0.0014520487255030301 -0.00055257535601474581 0.00027415277820794356 -0.0034002074563435534 2.9787411037962564e-06 4.3172926456797644e-05 0.00046985105027880155 -0.00078984179040635354
leaf_weight=28719476.556450009 3192644.4304820299 1189520.4196097851 5510859.2138217688 4711718.2874405384 4638805.4243355989 15210525.517355204 17090142.040074587 26270744.732787371 7291195.315032959 3655473.3006744385 42593850.816705227 35272247.523947001 54052293.041415572 4669646.5113525391
leaf_count=20224 3928 809 11642 4090 4097 15553 19960 24110 3736 3750 38233 28078 49369 2660
internal_value=1.84258e-05 0.00220184 -0.00400026 -0.00251909 0.00354566 -0.00209477 0.00785469 -0.00291252 -0.0019781 -0.0043352 -0.00162866 0.00251123 0.00272621 -0.00167988
internal_weight=2.54069e+08 1.36563e+08 2.43198e+07 1.17506e+08 1.12243e+08 1.12795e+08 2.17289e+07 9.75841e+07 2.11272e+07 1.56163e+07 6.88646e+07 9.05141e+07 8.93245e+07 1.19608e+07
internal_count=230239 128029 25716 102210 102313 98120 24057 82567 21788 10146 62343 78256 77447 6396
cat_boundaries=0 1 2 3 4
cat_threshold=64 144 264 268
is_linear=0
shrinkage=0.03


Tree=18
num_leaves=15
num_cat=1
split_feature=13 2 16 10 12 10 12 12 9 9 0 2 3 2
split_gain=1.45758e+06 610960 595258 566985 482563 436420 563438 367632 405335 588644 398802 328068 299372 364787
threshold=0.96681452316473726 1.0000000180025095e-35 0.06641745348188037 0.98364139411840446 0.9353060627559534 1.2825983160898982 1.0659909429752294 0.99493778713559811 67.500000000000014 89.500000000000014 0 1.0000000180025095e-35 1.0000000180025095e-35 2.5000000000000004
decision_type=2 2 2 2 2 2 2 2 2 2 1 2 2 2
left_child=4 -2 -3 -4 -1 6 11 -5 -9 10 -10 -6 13 -13
right_child=1 2 3 7 5 -7 -8 8 9 -11 -12 12 -14 -15
leaf_value=-0.0015328282192883225 -0.00034327743938421902 0.00059636520362565579 -0.0011812267107759269 -0.00062996878126712506 -0.0007435377152598552 -0.0022063516763464459 0.00064723380326755511 -0.00085600231975678997 0.0012973849921327477 0.00017130691066524753 0.00046102063157489435 -0.00022888886851819493 -0.00057987562757240928 0.00047488899441429106
leaf_weight=5769917.1984682083 22202387.388200641 68305901.372613549 6714585.6335144043 6973351.526550293 17297917.301852226 4007553.5972702503 10149961.702737689 2427472.0049693584 4838966.6750161648 37670413.01601696 4154010.7448120117 25838663.092319369 26174065.276267052 11318096.394748449
leaf_count=5739 16716 82324 4382 3829 13712 3566 12615 1201 2282 20514 2572 20976 30953 8922
internal_value=4.31043e-05 0.00188433 0.0026638 0.00055507 -0.00276364 -0.00225089 -0.00182319 0.00154173 0.00245733 0.00307908 0.00997525 -0.00266176 -0.00166165 6.95097e-05
internal_weight=2.53843e+08 1.53287e+08 1.31085e+08 6.27788e+07 1.00556e+08 9.47863e+07 9.07787e+07 5.60642e+07 4.90909e+07 4.66634e+07 8.99298e+06 8.06287e+07 6.33308e+07 3.71568e+07
internal_count=230303 133820 117104 34780 96483 90744 87178 30398 26569 25368 4854 74563 60851 29898
cat_boundaries=0 1
cat_threshold=401
is_linear=0
shrinkage=0.03


Tree=19
num_leaves=15
num_cat=3
split_feature=13 2 16 10 0 10 10 12 0 9 9 0 16 12
split_gain=1.4544e+06 877404 573506 789978 537749 394819 358047 517740 350120 335598 322270 309355 328149 301429
threshold=1.0434257691905195 1.0000000180025095e-35 0.069297429202284114 0.96771506909300131 0 0.97590040702797165 1.2516632137042227 1.0598131614188067 1 89.500000000000014 74.500000000000014 2 0.06641745348188037 0.98344643590589009
decision_type=2 2 2 2 1 2 2 2 1 2 2 1 2 2
left_child=1 -1 6 8 -5 -2 7 -3 -4 10 -6 -7 -13 -14
right_child=5 2 3 4 9 11 -8 -9 -10 -11 -12 12 13 -15
leaf_value=-0.00063751697472316077 -0.00057216489673874999 9.3267608955450884e-05 -0.00036636351774096526 0.00066715295633344631 -0.00034629632774809603 0.00087156802203681939 -0.0014886496627908622 0.00097168007178158788 -0.0018170964879406222 -0.00034131027248839106 0.00096681623262668192 0.00080707722655634976 -0.0015110340344300199 0.00019368729998862861
leaf_weight=35472886.704436541 6338676.2257124186 69579438.30312562 3875668.3932495117 8559294.9423828125 3138488.655367136 19640482.732681632 3062835.7654001713 11663822.908903003 6429260.8356933594 38546607.77105689 3793522.7156652212 23892074.494884491 1925461.4474182129 17456353.849167109
leaf_count=25866 9691 73642 2587 6624 1505 21974 3706 15729 3436 19106 2039 32357 1041 10535
internal_value=0.00011174 -0.00128222 -0.000270552 -0.00240354 -0.000951924 0.00381782 0.00135736 0.00173696 -0.0100157 -0.00225023 0.00382679 0.00453682 0.00311959 0.000219087
internal_weight=2.53375e+08 1.84122e+08 1.48649e+08 6.43428e+07 5.40379e+07 6.9253e+07 8.43061e+07 8.12433e+07 1.03049e+07 4.54786e+07 6.93201e+06 6.29144e+07 4.32739e+07 1.93818e+07
internal_count=229838 154240 128374 35297 29274 75598 93077 89371 6023 22650 3544 65907 43933 11576
cat_boundaries=0 1 2 3
cat_threshold=65 177 112
is_linear=0
shrinkage=0.03


Tree=20
num_leaves=15
num_cat=0
split_feature=13 10 1 14 1 12 14 16 16 3 12 10 16 16
split_gain=1.39508e+06 611556 602040 559855 629195 505975 496085 379945 362671 358088 308064 291028 266045 262036
threshold=1.0363483127281377 0.88315745690132064 18.500000000000004 0.91694653386238911 8.5000000000000018 1.0666052657390228 1.3465466527055063 0.061653988897474789 0.027505680972414012 1.0000000180025095e-35 1.0666052657390228 1.2883310473777285 0.069297429202284114 0.082548718854359174
decision_type=2 2 2 2 2 2 2 2 2 2 2 2 2 2
left_child=1 2 -1 4 8 12 10 -8 -3 -6 -2 -11 -5 -7
right_child=6 3 -4 5 9 13 7 -9 -10 11 -12 -13 -14 -15
leaf_value=-0.0010401715017279178 0.00040776592489943876 -0.0022732125126527312 0.00059960087781723388 8.9781265383264111e-05 -0.00035977919638519815 0.00088331798854610392 0.0011901501939256048 -0.0062665714310418457 0.00051657395781782309 -0.0010721290843714959 0.0012347287983489874 -0.009515713142408927 -0.00024269664335702345 -0.00019943532565700137
leaf_weight=15646789.197037458 62542550.493855357 964448.33440411091 2504355.4996008873 56493463.670141935 25759648.295754433 12991903.923521161 1283833.5799396038 1500468.6579890251 6682613.4922924042 11059506.476918221 10223507.912132859 1200997.2304229736 40629120.7070117 4174093.0127034187
leaf_count=11944 59161 8996 3405 54598 19013 14593 7299 1828 3657 10036 11816 1047 20107 2238
internal_value=6.15711e-05 -0.00138745 -0.00660596 -0.000795273 -0.00360302 0.000326642 0.00347758 -0.00895002 0.00424881 -0.00518228 0.0039531 -0.0094024 -0.000512544 0.00507463
internal_weight=2.53657e+08 1.78107e+08 1.81511e+07 1.59956e+08 4.56672e+07 1.14289e+08 7.55504e+07 2.7843e+06 7.64706e+06 3.80202e+07 7.27661e+07 1.22605e+07 9.71226e+07 1.7166e+07
internal_count=229738 149634 15349 134285 42749 91536 80104 9127 12653 30096 70977 11083 74705 16831
is_linear=0
shrinkage=0.03


Tree=21
num_leaves=15
num_cat=5
split_feature=14 10 0 0 9 1 0 13 11 0 16 3 0 9
split_gain=1.35264e+06 1.06352e+06 693408 477037 453520 843409 515057 428519 375854 346236 285344 297118 273819 255574
threshold=0.97286923582110807 0.97741814070190836 0 1 89.500000000000014 17.500000000000004 2 1.0434257691905195 1.0550358880747772 3 0.054077039484020338 1.5000000000000002 4 67.500000000000014
decision_type=2 2 1 1 2 2 1 2 2 1 2 2 1 2
left_child=4 2 -2 13 5 -1 8 -5 -6 -10 -4 -12 -7 -3
right_child=1 3 10 7 6 12 -8 -9 9 -11 11 -13 -14 -15
leaf_value=0.00079073571003865709 -0.0027815977169398411 -0.00042005357948238762 0.00075053916912543831 2.0050442225562467e-05 -0.00030621232424330011 -0.0017727107370272479 -0.00076953606869637815 0.00062518414736604632 0.00087725272096621557 -0.00010666870484436499 -0.00018123107249030674 -0.0034282575135056426 -0.00030868854597597835 0.00098767606285905417
leaf_weight=10891526.089293361 3239486.3219506741 2226924.7324283123 4677499.1697269678 51020975.465922832 36093093.692486882 1727112.3611755371 45178874.099196911 32264695.03702879 8170250.4589622021 10681942.627531171 9520234.8276062012 3140263.5758514404 1928371.5734376907 32719359.747879624
leaf_count=10909 4019 2356 10178 33320 27643 1316 38664 28533 7843 10430 5173 3318 3265 42981
internal_value=6.20324e-05 0.00205389 -0.00424053 0.00314939 -0.00234911 0.00260055 -0.00306824 0.00191502 -0.00111713 0.00231605 -0.00186008 -0.00419939 -0.00986827 0.0060912
internal_weight=2.53481e+08 1.38809e+08 2.05775e+07 1.18232e+08 1.14671e+08 1.4547e+07 1.00124e+08 8.32857e+07 5.49453e+07 1.88522e+07 1.7338e+07 1.26605e+07 3.65548e+06 3.49463e+07
internal_count=229948 129878 22688 107190 100070 15490 84580 61853 45916 18273 18669 8491 4581 45337
cat_boundaries=0 1 2 3 4 5
cat_threshold=64 99 117 68 84
is_linear=0
shrinkage=0.03


Tree=22
num_leaves=15
num_cat=3
split_feature=14 12 9 1 0 16 4 2 3 14 13 0 0 2
split_gain=1.26566e+06 615585 593527 1.05643e+06 550188 526154 580025 446589 393757 469290 332303 331019 323658 281370
threshold=0.98729719223882884 1.0666052657390228 89.500000000000014 17.500000000000004 0 0.06182075518437579 1.0000000180025095e-35 1.0000000180025095e-35 1.0000000180025095e-35 0.92174722321304547 1.0133781707265581 1 2 2.5000000000000004
decision_type=2 2 2 2 1 2 2 2 2 2 2 1 1 2
left_child=2 5 3 11 -4 -2 10 -6 13 -10 -7 -1 -3 -9
right_child=1 12 4 -5 7 6 -8 8 9 -11 -12 -13 -14 -15
leaf_value=-0.00034369210328326724 0.00056745913464863651 0.0019518650515625248 0.0005237338002972914 -0.0011485691747713182 -0.00078983396722383519 -0.0002638432406068813 -0.0051857116467186309 -0.00021844192529480409 -0.001147737868927141 -0.0001613443908904612 0.00029238792663038355 0.00096739000894736958 0.00041542115176848848 0.00029752582193466376
leaf_weight=2068504.093380332 43510123.422746539 7040715.5375926495 9145834.2510361671 4830387.0815227032 24183600.696588278 23840737.976742148 2606683.9946746826 36489055.949174523 16682171.762639165 17876702.764649153 29799711.789077759 12802646.654260397 7776814.5133802891 15108200.731863141
leaf_count=1421 63272 9455 10642 5463 17191 12997 2573 25773 17026 17387 16233 12026 8257 10380
internal_value=9.55962e-05 0.00243078 -0.00182666 0.00299781 -0.00262215 0.00158329 -0.000332956 -0.00320824 -0.00219706 -0.0046752 0.000338616 0.00695703 0.00813643 -0.000537251
internal_weight=2.53762e+08 1.14575e+08 1.39187e+08 1.97015e+07 1.19486e+08 9.97573e+07 5.62471e+07 1.1034e+08 8.61561e+07 3.45589e+07 5.36404e+07 1.48712e+07 1.48175e+07 5.15973e+07
internal_count=230096 112787 117309 18910 98399 95075 31803 87757 70566 34413 29230 13447 17712 36153
cat_boundaries=0 1 2 3
cat_threshold=64 4 356
is_linear=0
shrinkage=0.03


Tree=23
num_leaves=15
num_cat=4
split_feature=14 10 0 0 9 1 0 10 13 3 10 9 16 0
split_gain=1.21075e+06 1.05504e+06 680027 511799 426939 877141 502075 398674 349474 318053 291059 314235 276395 261482
threshold=0.9744458253047491 0.98364139411840446 0 1 89.500000000000014 17.500000000000004 2 1.0854075201444009 1.0556547475556222 1.5000000000000002 1.1942558122392908 74.500000000000014 0.068552922853071116 3
decision_type=2 2 1 1 2 2 1 2 2 2 2 2 2 1
left_child=4 2 -2 10 5 -1 7 -6 -5 -4 11 -3 -11 -9
right_child=1 3 9 8 6 -7 -8 13 -10 12 -12 -13 -14 -15
leaf_value=0.00077123695401490745 -0.0026816829878440803 -1.5631697914147003e-05 3.4426496349711947e-05 8.9588034751311038e-05 -0.00027604747234305152 -0.0012249124480976574 -0.00074140678693116347 0.00087949387024499333 0.00066078043516037076 -0.00032895343533694552 -0.00011651409141622404 0.001627388009791651 -0.0036701110746862626 -7.8416375658500647e-05
leaf_weight=11415606.941348195 3169241.1242485046 3099587.629232645 15741351.681307077 58628208.810281992 40569966.102847815 3797611.3889524937 46099186.380118966 7628942.8673855066 30909527.445727348 2461155.0489839315 3654948.1225978136 15921467.858088732 2674364.3929138184 8006134.7162843943
leaf_count=11202 3956 3626 13248 40674 31715 4652 39313 7088 30352 5916 5062 22767 2474 7981
internal_value=2.45791e-05 0.00194895 -0.00375363 0.00317095 -0.0022067 0.00248239 -0.002904 -0.00100065 0.00215135 -0.00178797 0.00719689 0.00868678 -0.00827084 0.00306935
internal_weight=2.53777e+08 1.3626e+08 2.40461e+07 1.12214e+08 1.17517e+08 1.52132e+07 1.02304e+08 5.6205e+07 8.95377e+07 2.08769e+07 2.2676e+07 1.90211e+07 5.13552e+06 1.56351e+07
internal_count=230026 128075 25594 102481 101951 15854 86097 46784 71026 21638 31455 26393 8390 15069
cat_boundaries=0 1 2 3 4
cat_threshold=64 98 117 68
is_linear=0
shrinkage=0.03


Tree=24
num_leaves=15
num_cat=2
split_feature=13 2 14 16 10 3 0 14 16 0 9 9 10 1
split_gain=1.15907e+06 749762 633152 605690 608954 591090 508686 452446 365441 359759 295030 277163 250814 244100
threshold=1.0462436902938006 1.0000000180025095e-35 0.91001876844533969 0.069297429202284114 0.98075172570208025 1.0000000180025095e-35 0 1.3465466527055063 0.061653988897474789 1 89.500000000000014 74.500000000000014 1.2883310473777285 14.500000000000002
decision_type=2 2 2 2 2 2 1 2 2 1 2 2 2 2
left_child=1 -1 5 13 -5 9 -6 -2 -9 -3 11 -8 -7 -4
right_child=7 2 3 4 6 12 10 8 -10 -11 -12 -13 -14 -15
leaf_value=-0.00056776867650434534 0.0005249824878279638 -0.0006927099814302073 0.0005254514389498331 -0.0012031651185818676 0.00072380445462871779 -0.00087409349720164449 -0.00028518046437793406 0.0014270355165364765 -0.0056751198739482464 0.00023033012568755338 -0.00036203317609110724 0.0010484801342038779 -0.0080524224763533214 8.5171746838772522e-05
leaf_weight=36074995.022458553 63772431.360196233 7418543.1612616777 36869499.391479254 8533288.5298156738 10561126.726043701 14661597.296957731 2596796.2657293081 1270173.0217607021 1499940.1407456398 16557442.447517395 23223623.017069101 3021978.3810757399 1405371.357164979 26355465.641960382
leaf_count=26252 64481 4683 39234 5277 8669 15610 1019 7200 1836 15097 9770 1312 1432 27950
internal_value=1.18271e-05 -0.00119659 -0.000269418 0.000895721 -0.00164747 -0.00350392 -7.39555e-05 0.00341283 -0.0084564 -0.000520159 -0.00213657 0.00403197 -0.00795644 0.00282395
internal_weight=2.53822e+08 1.8728e+08 1.51205e+08 1.11162e+08 4.79368e+07 4.0043e+07 3.94035e+07 6.65425e+07 2.77011e+06 2.3976e+07 2.88424e+07 5.61877e+06 1.6067e+07 6.3225e+07
internal_count=229822 156305 130053 93231 26047 36822 20770 73517 9036 19780 12101 2331 17042 67184
cat_boundaries=0 1 2
cat_threshold=99 264
is_linear=0
shrinkage=0.03


Tree=25
num_leaves=15
num_cat=2
split_feature=2 12 16 3 9 10 12 9 1 12 10 0 0 9
split_gain=1.03642e+06 749801 687975 642406 574667 562496 579329 531774 1.69274e+06 652538 858204 638211 593325 596739
threshold=1.0000000180025095e-35 0.99493778713559811 0.067205987083066007 1.5000000000000002 62.500000000000007 1.2883310473777285 1.0666052657390228 89.500000000000014 17.500000000000004 1.019141366626745 1.0389604186223813 0 1 74.500000000000014
decision_type=2 2 2 2 2 2 2 2 2 2 2 1 1 2
left_child=-1 2 -2 -4 -3 6 7 8 12 11 -11 -9 13 -6
right_child=1 4 3 -5 5 -7 -8 9 -10 10 -12 -13 -14 -15
leaf_value=-0.00047259105800933222 0.00012049135230654843 -0.0019835596806126363 -0.00031208104305770142 -0.0034563419452643368 0.00079979411334596677 -0.0016632488173602225 0.00082163770231278514 0.0014977033250503577 -0.00079310075983028596 -0.0012684431067945773 9.3072272235231583e-05 0.00014586587837478053 0.00052241943820110928 0.001683501696650857
leaf_weight=43553161.746329784 21984300.353225708 1410049.59116745 12973146.110900879 6577256.5471801758 5160579.0872365236 4372023.0059969425 25703412.952632546 8471982.6945192814 6579140.470800519 16432750.143349409 28822031.222231984 55450991.989137053 10791977.693884373 5239910.1878684759
leaf_count=34045 27497 1146 5594 5613 3716 3996 28729 8940 6974 17853 25290 46966 10011 3731
internal_value=-4.29629e-05 0.000830638 -0.00277952 -0.00687383 0.00172088 0.00188188 0.00216731 0.00139166 0.00509822 0.000448816 -0.00230765 0.00240028 0.00922499 0.0143383
internal_weight=2.53523e+08 2.0997e+08 4.15347e+07 1.95504e+07 1.68435e+08 1.67025e+08 1.62653e+08 1.36949e+08 2.77716e+07 1.09178e+08 4.52548e+07 6.3923e+07 2.11925e+07 1.04005e+07
internal_count=230101 196056 38704 11207 157352 156206 152210 123481 24432 99049 43143 55906 17458 7447
cat_boundaries=0 1 2
cat_threshold=66 402
is_linear=0
shrinkage=0.03


Tree=26
num_leaves=15
num_cat=3
split_feature=14 10 0 9 1 0 10 2 3 14 5 0 1 1
split_gain=1.06566e+06 896682 537405 470905 1.02651e+06 489613 474862 386625 344484 439554 374175 304362 293706 292607
threshold=0.98805223679250753 0.97741814070190836 0 89.500000000000014 17.500000000000004 1 0.97017296776822393 1.0000000180025095e-35 1.0000000180025095e-35 0.92174722321304547 1.0000000180025095e-35 2 7.5000000000000009 14.500000000000002
decision_type=2 2 1 2 2 1 2 2 2 2 2 1 2 2
left_child=3 2 -2 4 11 6 -5 -7 10 -10 -9 -1 -13 -3
right_child=1 13 -4 5 -6 7 -8 8 9 -11 -12 12 -14 -15
leaf_value=-0.00034118444353906563 -0.0025379570307968681 0.00059117339592481134 -0.00024004395835783252 -0.0020235797571294158 -0.0010686413332369328 -0.00071536672979946819 0.00075904977743119324 -8.7667455339230543e-06 -0.0010921079205438694 -0.00014534873973151793 -0.0025042889670764961 -0.0010642165383155085 0.0010136096677344816 0.00020206162982690172
leaf_weight=2118003.3770235777 2957013.1983566284 50388308.915498257 14751026.794369698 1107688.1077953577 4901775.4230396748 24528819.799401641 8055825.8478240967 50059135.429976702 16730519.003527045 18244705.177081227 1463645.8153810501 1148071.4003784657 11902887.061564922 45053065.108655095
leaf_count=1441 3741 51130 16680 1325 5549 17365 9415 35478 17110 17653 800 3713 8538 40079
internal_value=-1.81317e-05 0.00214788 -0.0040522 -0.00176547 0.00248829 -0.00247581 0.00418912 -0.00302589 -0.00208316 -0.00438101 -0.000523312 0.00634502 0.00805693 0.00329824
internal_weight=2.5341e+08 1.13149e+08 1.7708e+07 1.40261e+08 2.00707e+07 1.2019e+08 9.16351e+06 1.11027e+08 8.6498e+07 3.49752e+07 5.15228e+07 1.5169e+07 1.3051e+07 9.54414e+07
internal_count=230017 111630 20421 118387 19241 99146 10740 88406 71041 34763 36278 13692 12251 91209
cat_boundaries=0 1 2 3
cat_threshold=64 64 4
is_linear=0
shrinkage=0.03


Tree=27
num_leaves=15
num_cat=0
split_feature=13 12 2 12 9 16 1 14 16 14 9 9 3 14
split_gain=971872 471600 429234 397111 394602 483446 436797 407025 392781 530140 351421 265782 260427 354672
threshold=1.0065374835689795 0.9353060627559534 1.0000000180025095e-35 1.0666052657390228 86.500000000000014 0.053521434381979857 18.500000000000004 1.310639838797375 0.069297429202284114 0.88072654936915795 74.500000000000014 89.500000000000014 1.0000000180025095e-35 0.85973408525515194
decision_type=2 2 2 2 2 2 2 2 2 2 2 2 2 2
left_child=1 -1 -3 4 6 -6 10 -7 9 -4 -2 -10 13 -13
right_child=3 2 8 -5 5 7 -8 -9 11 -11 -12 12 -14 -15
leaf_value=-0.0012918642396921544 0.00034900365480497616 -0.00051775811970270933 -0.00053278071695671595 0.00089379206960021591 0.00072548859866945889 -6.6510334124187626e-05 -0.0011879163563868549 -0.004647429682144372 0.00038108046970895771 0.00033823399755704192 0.0011292368862211453 0.00044148514704667017 -0.00079647551207336791 -0.00028599379140310468
leaf_weight=6393148.8850673437 9494479.5737988949 28228424.413330913 14286610.625023127 14711085.021447897 18021059.530539989 54023927.07434082 1851208.0320382118 1891397.4670066833 5878700.939406991 49118872.571125507 7326435.1219661236 5250605.1599121094 20789976.373344064 16763594.669830322
leaf_count=6378 6859 21194 18410 16292 36989 31466 2644 2259 3653 55288 5156 2491 14105 7079
internal_value=-5.29866e-05 -0.00164005 -0.00127698 0.00211658 0.00138925 0.000405139 0.00528605 -0.000972041 -0.000444307 0.0011118 0.00680823 -0.00247102 -0.00329249 -0.00101845
internal_weight=2.5403e+08 1.4671e+08 1.40317e+08 1.0732e+08 9.26085e+07 7.39364e+07 1.86721e+07 5.59153e+07 1.12088e+08 6.34055e+07 1.68209e+07 4.86829e+07 4.28042e+07 2.20142e+07
internal_count=230263 128598 122220 101665 85373 70714 14659 33725 101026 73698 12015 27328 23675 9570
is_linear=0
shrinkage=0.03


Tree=28
num_leaves=15
num_cat=2
split_feature=13 2 16 10 0 4 2 16 9 9 7 10 12 0
split_gain=989486 702389 423170 497131 424540 331441 942389 380671 292948 383798 282391 277812 526218 297289
threshold=1.0556547475556222 1.0000000180025095e-35 0.071982162002032904 0.97590040702797165 0 1.0000000180025095e-35 4.5000000000000009 0.060416396499146929 89.500000000000014 74.500000000000014 1.0000000180025095e-35 1.2306657227023974 1.0659909429752294 1
decision_type=2 2 2 2 1 2 2 2 2 2 2 2 2 1
left_child=1 -1 11 10 -5 -2 7 -7 9 -6 -4 12 13 -3
right_child=5 2 3 4 8 6 -8 -9 -10 -11 -12 -13 -14 -15
leaf_value=-0.0005222139917957807 0.00054526577975481602 -0.00020984621717027696 -0.00046569344736921946 0.00070589822440746185 -0.00035295502821468987 0.00017414440041482043 0.0063679293062906938 -0.0065650636728214005 -0.00031870997510327457 0.0010344805318986451 -0.0031760052394051706 -0.0011535182760444773 0.00088999476978317456 0.00025866334185960574
leaf_weight=36786535.277944326 55793515.100098968 35043461.989396214 7176637.2933959961 7768478.6360473633 3111422.827988863 968825.07007420063 878944.50419020653 1722694.2730712891 35347686.505767822 3655528.6410884857 3410370.2132873535 3949934.3373383284 11305307.727077007 46422115.805315852
leaf_count=26814 62553 31313 3235 5945 1435 2560 1439 1810 17169 1887 2939 5369 14111 51098
internal_value=5.61165e-05 -0.000981075 -0.000107771 -0.00207636 -0.000823228 0.00344524 -0.00541595 -0.0142235 -0.00201188 0.00370665 -0.00798077 0.00112299 0.00145476 0.000613065
internal_weight=2.53341e+08 1.93977e+08 1.57191e+08 6.04701e+07 4.98831e+07 5.9364e+07 3.57046e+06 2.69152e+06 4.21146e+07 6.76695e+06 1.0587e+07 9.67208e+07 9.27709e+07 8.14656e+07
internal_count=229677 161315 134501 32610 26436 68362 5809 4370 20491 3322 6174 101891 96522 82411
cat_boundaries=0 1 2
cat_threshold=65 268
is_linear=0
shrinkage=0.03


Tree=29
num_leaves=15
num_cat=2
split_feature=14 10 12 0 0 16 1 16 1 14 16 12 11 12
split_gain=918211 877708 762741 678853 497671 460910 428634 369492 339808 294745 290303 274246 354376 243528
threshold=0.95321217120250823 1.0098181770434389 1.0182782321369752 0 1 0.085001989604789538 8.5000000000000018 0.067677326371912927 14.500000000000002 0.82904377039527477 0.033408427236835604 1.0413889212874852 1.1042288194034449 0.99983254367729579
decision_type=2 2 2 1 1 2 2 2 2 2 2 2 2 2
left_child=6 2 3 -2 11 8 10 -4 13 -8 -1 12 -3 -6
right_child=1 4 7 -5 5 -7 9 -9 -10 -11 -12 -13 -14 -15
leaf_value=-0.001225812714554786 -0.00075769669559139631 0.00069692939104496279 -0.00059032557618784889 0.00029318377862691075 -0.00018669168654203539 -0.00037918506533208228 -0.00092400859575732046 -0.0019729454245683621 1.4687174122742516e-05 -0.00023982539465539039 0.00035573108627103451 0.0013560981872100394 -0.00091723656135857539 0.00059422961881783057
leaf_weight=2508622.1939637661 14931997.640968323 19433203.225674033 6363733.966837883 28656569.275507808 4392833.3937046528 10176045.691619873 20740736.504873037 5149512.7691650391 30788637.939215183 52308378.876563549 13136753.908055782 14317828.09197247 2451726.4349176884 28254532.112371325
leaf_count=16312 13631 22401 9317 23170 4520 3725 16867 3540 22929 40249 6880 19531 2677 24019
internal_value=-5.16565e-06 0.00131864 -0.00177102 4.29843e-05 0.00286894 0.00145263 -0.00246662 -0.00863877 0.00240341 -0.00343179 0.00203979 0.00574876 0.0036368 0.00453567
internal_weight=2.53611e+08 1.64917e+08 5.51018e+07 4.35886e+07 1.09815e+08 7.3612e+07 8.86945e+07 1.15132e+07 6.3436e+07 7.30491e+07 1.56454e+07 3.62028e+07 2.18849e+07 3.26474e+07
internal_count=229768 149460 49658 36801 99802 55193 80308 12857 51468 57116 23192 44609 25078 28539
cat_boundaries=0 1 2
cat_threshold=324 354
is_linear=0
shrinkage=0.03


Tree=30
num_leaves=15
num_cat=3
split_feature=14 10 0 16 2 3 5 14 9 9 0 2 1 0
split_gain=960660 841673 552495 440107 343438 421687 524971 399013 281122 591529 363320 386511 291057 262204
threshold=0.9744458253047491 0.97741814070190836 0 0.065048105878625501 1.0000000180025095e-35 1.0000000180025095e-35 1.0000000180025095e-35 0.91194318212774761 67.500000000000014 83.500000000000014 1 4.5000000000000009 16.500000000000004 2
decision_type=2 2 1 2 2 2 2 2 2 2 1 2 2 1
left_child=4 2 -2 -3 -1 6 13 -7 -5 12 -11 -12 -10 -6
right_child=1 3 -4 8 5 7 -8 -9 9 10 11 -13 -14 -15
leaf_value=-0.00058029696169246557 -0.0024609939943224246 0.00059924471908865773 -0.00023570799480947895 -0.0005475698804266253 -0.00026478513778195178 -0.0009277258476208238 -0.0025125290866963102 -9.4869931697001318e-05 0.0011817907669806834 0.00060227647802129313 -0.00033460405364447575 0.00063220658223111842 0.00013820823572786563 0.00026118192553821674
leaf_weight=26289710.090997219 3222428.2191987038 56999077.200838327 17059608.288913846 3779345.5860807896 14751260.418155432 17775275.986503839 1417837.761918664 19477308.673938751 5507595.4869778156 13748490.547409058 25264787.076019287 7536537.0021913052 3027229.6087150574 37515358.873297691
leaf_count=20220 3997 73671 18502 1875 9154 19755 780 20271 3136 10867 9500 4942 1550 31731
internal_value=3.45294e-06 0.00171757 -0.00392022 0.00270447 -0.00198729 -0.00111421 0.000587561 -0.00356661 0.000885032 0.00142808 9.69125e-05 -0.00161898 0.00868839 0.00107617
internal_weight=2.53372e+08 1.36145e+08 2.0282e+07 1.15863e+08 1.17227e+08 9.0937e+07 5.36845e+07 3.72526e+07 5.8864e+07 5.50846e+07 4.65498e+07 3.28013e+07 8.53483e+06 5.22666e+07
internal_count=229951 128040 22499 105541 101911 81691 41665 40026 31870 29995 25309 14442 4686 40885
cat_boundaries=0 1 2 3
cat_threshold=64 99 264
is_linear=0
shrinkage=0.03


Tree=31
num_leaves=15
num_cat=0
split_feature=13 2 14 1 16 14 16 3 1 16 9 9 11 12
split_gain=916811 556322 470011 500054 457560 400503 336638 326578 286351 275370 256263 542346 254046 226259
threshold=1.0556547475556222 1.0000000180025095e-35 0.92174722321304547 8.5000000000000018 0.069297429202284114 1.3465466527055063 0.062808446144450511 1.0000000180025095e-35 14.500000000000002 0.033408427236835604 89.500000000000014 68.500000000000014 1.2076425530695396 1.0659909429752294
decision_type=2 2 2 2 2 2 2 2 2 2 2 2 2 2
left_child=1 -1 3 9 8 13 -7 -5 -4 -3 11 -6 -9 -2
right_child=5 2 4 7 10 6 -8 12 -10 -11 -12 -13 -14 -15
leaf_value=-0.00048069326722315092 0.00041371425785500338 -0.0015145048129060164 0.00049966269755858967 -0.00021082557371965492 -0.00082749034361801941 0.0011413931726691152 -0.0049573697959006671 -0.00086863317398850888 1.5495513466981454e-05 0.00054908413622515966 -0.0002678720109173792 0.00084890081947892296 -0.0086769037122083701 0.0012439335002085877
leaf_weight=37124670.48909688 48197926.916508436 1270415.7314842939 37485705.384704709 21669510.845365047 2301620.4827356339 1300478.0696732998 1452792.5698609352 14412064.528151035 26627478.907447338 6201374.5553264618 39386793.012222409 6543433.6843934059 1213634.5625610352 8294520.9242473841
leaf_count=27021 49076 9359 39179 15057 1176 7274 1761 12693 28080 3285 21225 3533 1067 10222
internal_value=3.42225e-06 -0.000993015 -0.000212565 -0.00281194 0.000823228 0.00327024 -0.00790268 -0.00423111 0.00248381 0.00427184 -0.00138414 0.00323033 -0.00753704 0.00381477
internal_weight=2.53482e+08 1.94237e+08 1.57112e+08 4.4767e+07 1.12345e+08 5.92457e+07 2.75327e+06 3.72952e+07 6.41132e+07 7.47179e+06 4.82318e+07 8.84505e+06 1.56257e+07 5.64924e+07
internal_count=230008 161675 134654 41461 93193 68333 9035 28817 67259 12644 25934 4709 13760 59298
is_linear=0
shrinkage=0.03


Tree=32
num_leaves=15
num_cat=3
split_feature=13 2 14 3 16 10 14 0 16 0 0 3 1 10
split_gain=859007 483999 395256 514285 480847 410640 328986 323591 291903 281680 271966 238646 234801 291818
threshold=1.0363483127281377 1.0000000180025095e-35 0.91001876844533969 1.0000000180025095e-35 0.069297429202284114 0.96771506909300131 1.3465466527055063 0 0.062808446144450511 1 2 1.5000000000000002 16.500000000000004 1.0379730489952987
decision_type=2 2 2 2 2 2 2 1 2 1 1 2 2 2
left_child=1 -1 3 10 12 7 -2 -6 -8 -7 -3 -9 13 -4
right_child=6 2 4 -5 5 9 8 11 -10 -11 -12 -13 -14 -15
leaf_value=-0.00049056476647034886 0.00040189723617068735 -0.00072392580041550118 0.00018040614501169176 -0.00096053824943934411 -0.0023311165246837182 0.00062089042678023401 0.0010348347132576822 6.5172015547561928e-05 -0.0049105642604497166 -0.00017920499344001892 0.00021717415087110811 -0.0031501231521306357 -6.6893890285736488e-05 0.00070624815272281229
leaf_weight=34612137.621447325 72724946.203547359 7228656.8621832132 24068916.388132691 15818552.244179487 1967496.9503173828 6979563.7058410645 1307768.0643604994 2926775.7907104492 1451641.0443539619 31489267.768830538 16392437.392316103 1610349.934967041 17805313.862587214 17243363.628005028
leaf_count=25351 70998 4595 22309 16818 1147 6504 7377 1292 1774 13932 14960 1619 22969 18384
internal_value=-7.52009e-06 -0.00114401 -0.000376117 -0.00293369 0.000592936 -0.00174481 0.0026746 -0.00871617 -0.00749292 -0.00056604 -0.00013026 -0.00430982 0.00237137 0.00361259
internal_weight=2.53627e+08 1.78143e+08 1.43531e+08 3.94396e+07 1.04091e+08 4.49735e+07 7.54844e+07 6.50462e+06 2.75941e+06 3.84688e+07 2.36211e+07 4.53713e+06 5.91176e+07 4.13123e+07
internal_count=230029 149880 124529 36373 88156 24494 80149 4058 9151 20436 19555 2911 63662 40693
cat_boundaries=0 1 2 3
cat_threshold=72 97 264
is_linear=0
shrinkage=0.03


Tree=33
num_leaves=15
num_cat=3
split_feature=13 12 10 12 0 12 0 10 0 14 16 16 1 14
split_gain=807785 400277 396134 473062 396837 339638 384788 428199 347163 303316 273146 245440 221013 272903
threshold=1.0280055165547377 0.9353060627559534 1.2825983160898982 1.0598131614188067 0 1.0336496147759966 1 0.96771506909300131 2 1.3465466527055063 0.058530610710911528 0.082548718854359174 10.500000000000002 0.92941846505806636
decision_type=2 2 2 2 1 2 1 2 1 2 2 2 2 2
left_child=1 -1 3 5 -5 6 7 -3 -7 -2 -11 -6 -8 -14
right_child=9 2 -4 4 11 8 12 -9 -10 10 -12 -13 13 -15
leaf_value=-0.0011056860303667192 0.00035582985117120453 -0.0021657102361689528 -0.0017650671913558155 0.0011249432588963536 0.00025690081917056971 0.00036867362763981715 5.1390983682923725e-05 0.00074977836138741532 -0.0010668445593687752 0.0014537082464022035 -0.0045203681120918804 -0.00067754678170637813 -0.0005691367470600368 -0.00011583205330785197
leaf_weight=6460670.3276367188 80429661.112688661 1061219.8271558285 4445822.7850757837 10108022.042818546 10944403.687202573 3518576.4350771904 32343512.565259814 12231537.05608952 12286907.889256597 1188382.7301031351 1551340.9171319008 3597633.2279968262 25480781.006347656 47764449.095732689
leaf_count=6478 76215 1049 4015 12795 10656 4801 29995 12562 10782 7196 1956 1576 18018 31617
internal_value=-2.02467e-05 -0.00120411 -0.000915194 -0.000668745 0.00315225 -0.00136805 -0.000818749 0.00399159 -0.00549966 0.00240306 -0.00741311 -2.12595e-05 -0.00142433 -0.00233639
internal_weight=2.53413e+08 1.70244e+08 1.63783e+08 1.59337e+08 2.46501e+07 1.34687e+08 1.18881e+08 1.32928e+07 1.58055e+07 8.31694e+07 2.73972e+06 1.4542e+07 1.05589e+08 7.32452e+07
internal_count=229711 144344 137866 133851 25027 108824 93241 13611 15583 85367 9152 12232 79630 49635
cat_boundaries=0 1 2 3
cat_threshold=356 66 305
is_linear=0
shrinkage=0.03


Tree=34
num_leaves=15
num_cat=1
split_feature=13 2 14 1 10 1 16 10 14 2 16 0 12 16
split_gain=787578 521888 370743 470255 402456 414780 388001 362257 348880 312828 295082 290163 274145 261186
threshold=1.0572888975570989 1.0000000180025095e-35 0.92174722321304547 8.5000000000000018 1.0379730489952987 17.500000000000004 0.069962061796292815 1.0428102923176461 1.3465466527055063 3.5000000000000004 0.062808446144450511 0 1.0294283446165053 0.027505680972414012
decision_type=2 2 2 2 2 2 2 2 2 2 2 1 2 2
left_child=1 -1 3 13 6 7 -4 -6 -2 11 -10 -5 -9 -3
right_child=8 2 4 9 5 -7 -8 12 10 -11 -12 -13 -14 -15
leaf_value=-0.00044850259611671072 0.00049810519120336693 -0.0016729428819915121 0.00017041991720136265 -0.000863353123848084 0.001054383905390141 -0.00021064864225868907 -0.00034257601274715504 -9.8202079877359778e-05 0.0011958162704508155 -0.00098066060933785942 -0.0049088594067146418 0.00010526292208243648 0.00057871508619446567 0.00051992161309189324
leaf_weight=37104012.981431723 55271567.645423651 1010881.2567228079 38634188.417762518 6612732.8334350586 4418879.2356681824 11910080.741158009 27654716.718536377 9330303.8414905071 1304766.6605074406 15641685.321314335 1472166.736790657 15047423.725772858 21075597.762183428 6673870.259976387
leaf_count=27003 58397 9009 37528 3398 2667 12978 14039 8247 7274 13683 1769 11682 18246 3717
internal_value=0.000102436 -0.000810245 -5.83922e-05 -0.00236173 0.000858402 0.00299044 -0.000644725 0.00464325 0.00317017 -0.00375392 -0.00720588 -0.00141928 0.00347681 0.00439593
internal_weight=2.53163e+08 1.95114e+08 1.5801e+08 4.49866e+07 1.13024e+08 4.67349e+07 6.62889e+07 3.48248e+07 5.80485e+07 3.73018e+07 2.77693e+06 2.16602e+07 3.04059e+07 7.68475e+06
internal_count=229637 162197 135194 41489 93705 42138 51567 29160 67440 28763 9043 15080 26493 12726
cat_boundaries=0 1
cat_threshold=264
is_linear=0
shrinkage=0.03


Tree=35
num_leaves=15
num_cat=0
split_feature=2 14 10 12 9 3 16 16 12 3 9 9 12 11
split_gain=751084 561437 673317 556990 391494 357356 320410 287985 237053 544496 271838 230711 253702 225912
threshold=1.0000000180025095e-35 0.93731744019469587 1.0379730489952987 1.0233061924905116 89.500000000000014 1.0000000180025095e-35 0.065048105878625501 0.068552922853071116 0.99493778713559811 1.5000000000000002 68.500000000000014 83.500000000000014 1.0017672621402147 1.2744203364317281
decision_type=2 2 2 2 2 2 2 2 2 2 2 2 2 2
left_child=-1 5 3 6 -5 -2 -3 -6 9 -8 -10 -12 -13 -7
right_child=1 2 -4 4 7 13 8 -9 10 -11 11 12 -14 -15
leaf_value=-0.00040790589407678691 1.9680396096240091e-05 0.00041263357994709217 0.00048238965024162184 0.00039998704479031586 -0.00059254078760992261 -0.00052968562827635781 1.8087078240437439e-05 -0.0021105275464946894 -0.00081040190067919972 -0.0034042104244572033 0.00071241352699222802 0.00053086628351637678 -0.00015348501588046781 -0.0067673670242145642
leaf_weight=43223887.950273633 33999910.557074547 34206577.943280816 67630374.119664788 3542626.0585712194 6205236.4162125587 21740878.661577702 6591489.3177490234 5033881.9392089844 2252620.1449928284 3418865.7196655273 3192060.7906599045 4950364.6915893555 16116814.961456299 1302037.9787340164
leaf_count=33935 28376 40918 66891 3184 8659 24367 2749 3359 1005 3169 1279 2548 8213 1339
internal_value=1.3835e-05 0.000754494 0.00170079 -6.82861e-05 -0.00536456 -0.001786 0.00103859 -0.00810562 -0.000915532 -0.00484887 0.000569618 0.0014953 0.000356496 -0.0046703
internal_weight=2.53408e+08 2.10184e+08 1.53141e+08 8.55105e+07 1.47817e+07 5.70428e+07 7.07288e+07 1.12391e+07 3.65222e+07 1.00104e+07 2.65119e+07 2.42592e+07 2.10672e+07 2.30429e+07
internal_count=229991 196056 141974 75083 15202 54082 59881 12018 18963 5918 13045 12040 10761 25706
is_linear=0
shrinkage=0.03


Tree=36
num_leaves=15
num_cat=5
split_feature=14 11 0 9 1 0 1 12 11 0 0 11 0 1
split_gain=703580 568322 566898 354419 801620 422420 329275 306837 371903 345860 282069 278370 357559 266189
threshold=0.9865664650043301 0.97444208477667915 0 89.500000000000014 17.500000000000004 1 18.500000000000004 1.05577266697232 1.0982257806560121 2 3 1.0550358880747772 4 17.500000000000004
decision_type=2 2 1 2 2 1 2 2 2 1 1 2 1 2
left_child=3 2 -2 4 10 11 -4 8 -3 -9 -1 13 -13 -5
right_child=1 7 6 5 -6 -7 -8 9 -10 -11 -12 12 -14 -15
leaf_value=-0.00035090374141152897 -0.0016030155928982782 0.00028289743781334992 -0.0001721983776250626 -0.00030808018026973969 -0.00097001348916273488 -0.00058324850979958034 0.0019850157076564743 0.0016545318667984575 -0.00082430830788626916 0.00028283915631477857 0.00083306960674977789 0.00079519947112721007 -9.7679350852807417e-05 0.00030900652299271718
leaf_weight=2038283.7605296373 7083896.6348543167 75024817.306750536 8303935.8498209715 34871947.106843591 4710095.333707571 52055365.819795489 2019572.7518935204 7737934.0904555321 4954773.2587485313 10318839.895403743 12633870.720106602 9602274.3882495165 12663086.148808241 9460600.7865104675
leaf_count=1378 8739 66759 7823 24296 5419 44163 2978 10871 5914 10456 11980 9095 11804 8421
internal_value=-2.56061e-06 0.00172573 -0.00326955 -0.00144799 0.00231317 -0.00206238 0.00121511 0.0026127 0.00181523 0.00614494 0.00576995 -0.000479836 0.002257 -0.00185437
internal_weight=2.53479e+08 1.15444e+08 1.74074e+07 1.38036e+08 1.93822e+07 1.18653e+08 1.03235e+07 9.80364e+07 7.99796e+07 1.80568e+07 1.46722e+07 6.65979e+07 2.22654e+07 4.43325e+07
internal_count=230096 113540 19540 116556 18777 97779 10801 94000 72673 21327 13358 53616 20899 32717
cat_boundaries=0 1 2 3 4 5
cat_threshold=322 117 356 4 68
is_linear=0
shrinkage=0.03


Tree=37
num_leaves=15
num_cat=3
split_feature=13 12 14 14 1 12 0 16 0 16 14 11 3 0
split_gain=659667 407354 346620 289123 426192 302119 396815 289871 272046 256766 255720 248802 311222 263606
threshold=1.0708652456545009 0.9353060627559534 1.3465466527055063 0.9501478120155229 8.5000000000000018 1.0666052657390228 0 0.027505680972414012 1 0.062808446144450511 0.82429078277395884 0.91408087203224231 1.5000000000000002 2
decision_type=2 2 2 2 2 2 1 2 1 2 2 2 2 1
left_child=1 -1 -2 4 7 -5 -7 -3 -9 -4 11 -6 -13 -14
right_child=2 3 9 5 10 6 -8 8 -10 -11 -12 12 13 -15
leaf_value=-0.0010143824067209201 0.00053162576465036113 -0.0014195814936337075 0.0010113408009830168 -1.8165024620913072e-05 0.00057331663443669202 0.0010834104096650477 -9.2631689720717308e-05 0.00073670123509934275 0.00016528851240882859 -0.004583546984966571 -0.00018392114673462405 -0.00067681421953327923 -0.010141191561562068 -0.00088913324108980834
leaf_weight=6858471.0467791557 45821176.231152177 1645681.6582434177 1280289.6598753929 104986641.41377378 1449299.080786705 9847807.1215742826 7667383.9552381039 3948887.0924072266 7378273.7644553185 1460516.4146752357 45538330.630563259 12763857.08804369 1404543.7721209526 1193773.8343191147
leaf_count=6926 51340 12448 7158 79097 899 10687 6206 1787 4385 1744 34201 10029 1157 1792
internal_value=6.52717e-05 -0.000680525 0.00320872 -0.00043133 -0.00189395 0.00046799 0.00411551 0.00305327 0.00476257 -0.00715448 -0.00292329 -0.00608537 -0.00720635 -0.0166704
internal_weight=2.53245e+08 2.04683e+08 4.8562e+07 1.97824e+08 7.53226e+07 1.22502e+08 1.75152e+07 1.29728e+07 1.13272e+07 2.74081e+06 6.23498e+07 1.68115e+07 1.53622e+07 2.59832e+06
internal_count=229856 169614 60242 162688 66698 95990 16893 18620 6172 8902 48078 13877 12978 2949
cat_boundaries=0 1 2 3
cat_threshold=358 81 274
is_linear=0
shrinkage=0.03


Tree=38
num_leaves=15
num_cat=3
split_feature=2 16 10 14 12 3 10 0 12 3 0 0 10 12
split_gain=666215 553409 683970 549918 388212 333875 283883 281756 250158 207452 205493 203308 389406 349233
threshold=1.0000000180025095e-35 0.065048105878625501 0.96771506909300131 0.87240828042121621 0.99493778713559811 1.5000000000000002 1.2883310473777285 0 1.0598131614188067 1.5000000000000002 1 2 1.0804981498706023 1.0078314957339256
decision_type=2 2 2 2 2 2 2 1 2 2 1 1 2 2
left_child=11 3 7 -2 5 -4 10 9 -5 -3 -6 13 -13 -1
right_child=1 2 4 8 6 -7 -8 -9 -10 -11 -12 12 -14 -15
leaf_value=-4.886000426555639e-05 -0.00046181062694234721 -3.0636208277425655e-06 -0.00016487296951114453 0.00031865504065185188 0.00074840284033437577 -0.0027637631727860826 -0.0019341951190288841 -0.001443477379693549 0.00092989466721587089 -0.0028170178465474899 6.546834019653715e-05 -0.00039519356185935012 0.00042010699947724761 -0.001457441713728317
leaf_weight=5276256.9557394981 13454131.126830935 5306988.3442382812 8726308.8483886719 73239373.298098564 6781813.778137207 4173776.9820861816 2192560.4780883789 6471014.09375 14793223.640473247 2310386.1468200684 72760382.621363401 22382515.130501032 7150637.9829493761 8739182.4612594843
leaf_count=4279 19901 2835 3629 92057 5101 3548 1239 3404 21597 2529 40156 16029 6657 7126
internal_value=-2.70284e-05 0.000672618 -0.000814554 0.00226583 0.000103533 -0.00473303 0.000866882 -0.00698155 0.00312915 -0.00307123 0.00116042 -0.00340424 -0.00199215 -0.00637976
internal_weight=2.53759e+08 2.1021e+08 1.08723e+08 1.01487e+08 9.46348e+07 1.29001e+07 8.17348e+07 1.40884e+07 8.80326e+07 7.61737e+06 7.95422e+07 4.35486e+07 2.95332e+07 1.40154e+07
internal_count=230087 195996 62441 133555 53673 7177 46496 8768 113654 5364 45257 34091 22686 11405
cat_boundaries=0 1 2 3
cat_threshold=433 64 138
is_linear=0
shrinkage=0.03


Tree=39
num_leaves=15
num_cat=0
split_feature=13 2 16 14 9 9 14 3 11 14 13 16 14 11
split_gain=640707 405690 356311 323517 319615 393252 274882 252047 240098 277415 239513 250169 195456 172740
threshold=1.0462436902938006 1.0000000180025095e-35 0.071982162002032904 0.81980602617696507 89.500000000000014 68.500000000000014 1.3465466527055063 1.0000000180025095e-35 1.0007501084115906 0.91694653386238911 3.123948921667965 0.0634588025206895 0.86320648166248037 1.1240227698648033
decision_type=2 2 2 2 2 2 2 2 2 2 2 2 2 2
left_child=1 -1 3 -3 5 -4 -2 12 -9 -10 11 -8 -6 -5
right_child=6 2 4 13 7 -7 10 8 9 -11 -12 -13 -14 -15
leaf_value=-0.00041489985021022632 0.00039106409816867436 -0.00052620217430881426 -0.0008485204691596217 0.00013647793921832017 0.00031710937550939267 0.00087847115617636364 0.0001713204598777988 -0.0013516564597439277 -0.001213577739529017 -5.3633552236855982e-05 0.0093170955425786219 -0.0050778867628475102 -0.00021001119277404954 0.00070334728352068198
leaf_weight=35780461.105837941 63889415.461954236 10590199.372366667 1888198.8548927307 73055591.158670783 5629960.8486938477 5986005.7092272043 975652.49305295944 8047717.7129516602 4717577.7023010254 11263194.4898417 497925.2683993578 1268033.4847822189 20534281.46685791 8896514.8788781166
leaf_count=26079 64622 13826 977 72561 2666 3387 4949 5256 3300 7523 2638 1390 8288 11693
internal_value=4.71114e-05 -0.000855499 -0.00017331 0.000982548 -0.00201542 0.00360394 0.00257202 -0.00289699 -0.00511535 -0.00298726 -0.0067298 -0.010907 -0.000859706 0.00162018
internal_weight=2.53021e+08 1.8639e+08 1.50609e+08 9.25423e+07 5.80669e+07 7.8742e+06 6.6631e+07 5.01927e+07 2.40285e+07 1.59808e+07 2.74161e+06 2.24369e+06 2.61642e+07 8.19521e+07
internal_count=229155 155556 129477 98080 31397 4364 73599 27033 16079 10823 8977 6339 10954 84254
is_linear=0
shrinkage=0.03


Tree=40
num_leaves=15
num_cat=4
split_feature=13 10 1 9 9 1 16 0 0 0 10 0 10 9
split_gain=659524 380387 509994 367831 403479 1.47926e+06 514725 366452 330001 307088 451152 402472 307786 287533
threshold=1.061908490381245 0.88315745690132064 18.500000000000004 62.500000000000007 89.500000000000014 17.500000000000004 0.051279197897697977 0 1 2 0.97017296776822393 3 1.0804981498706023 74.500000000000014
decision_type=2 2 2 2 2 2 2 1 1 1 2 1 2 2
left_child=1 2 -1 -3 5 6 -5 -8 -7 10 -6 -12 -13 -9
right_child=-2 3 -4 4 9 8 7 13 -10 -11 11 12 -14 -15
leaf_value=-0.00077160103257555663 0.00041598373272137449 -0.0020594809090881995 0.0010282372703648312 -0.0010951295884920221 -0.001578084029204091 -0.0012058590717116797 0.00035416418370238476 0.00061565007206899349 -0.00023970808403764535 -0.00019260884843693592 0.00084284927753467309 -0.00020111328737863613 0.00059502639158331018 0.0013167044057752191
leaf_weight=16171123.03605783 54521225.339557171 1315020.7941963673 2717487.995724678 1765529.8199342489 3314151.9867916107 4129686.2128067017 8241458.6097412109 5854886.3698189259 3711766.6910829544 98850784.099143505 10083823.526405811 24913188.200768113 11014908.909240007 7059240.162738204
leaf_count=12408 64808 990 3645 5747 3650 2999 4568 3581 5186 68778 12051 24054 12731 4770
internal_value=4.9039e-05 -0.000751361 -0.00480173 -0.000326928 -0.000210752 0.00291574 0.00676354 0.00806226 -0.00833164 -0.000859835 0.00107353 0.00184354 0.000357091 0.0112164
internal_weight=2.53664e+08 1.99143e+08 1.88886e+07 1.80254e+08 1.78939e+08 3.07626e+07 2.29211e+07 2.11556e+07 7.84145e+06 1.48177e+08 4.93261e+07 4.60119e+07 3.59281e+07 1.29141e+07
internal_count=229966 165158 16053 149105 148115 26851 18666 12919 8185 121264 52486 48836 36785 8351
cat_boundaries=0 1 2 3 4
cat_threshold=76 84 101 64
is_linear=0
shrinkage=0.03


Tree=41
num_leaves=15
num_cat=4
split_feature=10 14 0 16 0 9 1 1 14 0 14 16 3 0
split_gain=615737 693444 611143 531346 488581 349404 803086 334966 329821 309057 303654 368132 299140 284227
threshold=0.96771506909300131 0.99299077581828932 0 0.052915134947898658 1 86.500000000000014 17.500000000000004 8.5000000000000018 0.81478135714231403 2 0.9138032277660072 0.06110678919232481 1.5000000000000002 3
decision_type=2 2 1 2 1 2 2 2 2 1 2 2 2 1
left_child=2 4 -1 -4 -2 6 -6 10 12 -8 11 -7 -9 -10
right_child=1 -3 3 -5 5 7 9 8 13 -11 -12 -13 -14 -15
leaf_value=0.00018943452934840687 0.00059117538669793018 0.00031754535177035489 0.00057533584584013714 -0.00113993447288991 0.000649933992112214 -0.001193373453118429 -0.001243211320031869 -0.00078070360617550009 -0.00035150511152093577 -0.00014360319410330181 -0.00014603673107508331 0.00075649193934979584 -0.0062472755805600359 -1.7107783252683327e-05
leaf_weight=12194720.620104909 10400988.076163769 91032026.930297494 3796065.6912591457 17127933.611755371 13086602.639144897 1536601.5432631969 2086048.1601867676 10689673.447141647 35688217.335349083 2331532.5520832539 11469980.605494857 5596858.7044677734 1927640.7688169479 34421200.920183659
leaf_count=13604 12176 89187 8834 9924 10865 8232 1178 8053 19366 3421 11044 2473 2302 29014
internal_value=2.35673e-05 0.000597009 -0.0037903 -0.00690144 -0.000815719 -0.00136143 0.00255249 -0.00203754 -0.00285549 -0.00850744 0.00159976 0.00645986 -0.0073207 -0.0020519
internal_weight=2.53386e+08 2.20267e+08 3.31187e+07 2.0924e+07 1.29235e+08 1.18834e+08 1.75042e+07 1.0133e+08 8.27267e+07 4.41758e+06 1.86034e+07 7.13346e+06 1.26173e+07 7.01094e+07
internal_count=229673 197311 32362 18758 108124 95948 15464 80484 58735 4599 21749 10705 10355 48380
cat_boundaries=0 1 2 3 4
cat_threshold=177 64 20 152
is_linear=0
shrinkage=0.03


Tree=42
num_leaves=15
num_cat=3
split_feature=2 9 9 1 0 9 13 1 2 0 0 12 10 12
split_gain=618838 447280 544397 1.38059e+06 495373 397213 370784 290035 280341 253974 232453 334718 321741 252625
threshold=1.0000000180025095e-35 62.500000000000007 89.500000000000014 17.500000000000004 0 74.500000000000014 1.0708652456545009 7.5000000000000009 5.5000000000000009 1 2 1.0078314957339256 1.0804981498706023 0.9608647852025366
decision_type=2 2 2 2 1 2 2 2 2 1 1 2 2 2
left_child=10 -2 3 4 5 -3 -4 -6 -9 -5 11 13 -12 -1
right_child=1 2 6 9 7 -7 -8 8 -10 -11 12 -13 -14 -15
leaf_value=-0.0013318550722514189 -0.0018159732790925072 0.00062963406202579976 -6.4900870177901624e-05 0.0011886012996247092 -0.00082526730696023682 0.0014268527951425936 0.00043802553309766647 0.00084647727220291309 -0.00108339437564989 -0.0007850260536311583 -0.00036053462533112122 -0.0013697449531542801 0.00038902435420315392 0.00055027069353984529
leaf_weight=1390504.6451696157 1677673.9801989794 4450095.6378934383 139418989.85644376 1290598.2489469051 2068866.0520168543 5376089.6115262508 35357977.628806114 12521142.395263672 1527693.4508514404 6759344.1442584991 22326019.45613265 8652209.8026151657 7161400.0603612661 3888755.1893430948
leaf_count=1126 1354 3276 117353 2977 5053 4253 45355 8476 1781 6195 16022 7071 6643 3145
internal_value=2.07941e-05 0.000693574 0.000817555 0.00429121 0.0076589 0.0129681 0.000141936 0.00442213 0.00596646 -0.00656241 -0.00324012 -0.00643364 -0.00173133 -0.000480594
internal_weight=2.53867e+08 2.10448e+08 2.08771e+08 3.39938e+07 2.59439e+07 9.82619e+06 1.74777e+08 1.61177e+07 1.40488e+07 8.04994e+06 4.34189e+07 1.39315e+07 2.94874e+07 5.27926e+06
internal_count=230080 196073 194719 32011 22839 7529 162708 15310 10257 9172 34007 11342 22665 4271
cat_boundaries=0 1 2 3
cat_threshold=400 416 138
is_linear=0
shrinkage=0.03


Tree=43
num_leaves=15
num_cat=0
split_feature=2 16 12 3 11 12 9 9 1 14 9 16 3 2
split_gain=584593 455080 595005 586160 361323 450980 355220 561152 690837 346232 264756 233385 203896 195360
threshold=1.0000000180025095e-35 0.058762905724713911 0.99493778713559811 1.5000000000000002 0.98059644709439753 1.019141366626745 67.500000000000014 83.500000000000014 17.500000000000004 0.87823417826745143 78.500000000000014 0.057505427333663137 1.5000000000000002 4.5000000000000009
decision_type=2 2 2 2 2 2 2 2 2 2 2 2 2 2
left_child=-1 9 3 -3 5 -4 -6 8 10 11 -8 -2 -7 -5
right_child=1 2 4 13 6 12 7 -9 -10 -11 -12 -13 -14 -15
leaf_value=-0.0003482520227853847 -0.0006681005882130459 -0.00018067212422936296 0.00038176920886118747 -0.0063082588137330963 -0.00074702434878221415 -0.00073106408761353288 0.0008585249784956164 6.637659319133377e-05 -0.00058735218143497444 0.00043556777846113609 0.0016876121405452983 0.00083886173542275339 -0.0041255398500066398 -0.0018348034568603784
leaf_weight=43393689.943659306 8310295.989654541 19248733.691436768 3059667.9757385254 1379311.9354553223 4129328.4596736431 2963921.312286377 6595335.9884757996 85960223.943945408 2369012.8724832535 64487337.377421975 2548690.4910290241 1166819.0914611816 1542368.197265625 6275222.335144043
leaf_count=33976 16504 9290 1787 1208 2363 1681 3983 51641 1339 96065 1756 804 1479 5616
internal_value=2.72178e-05 0.000682133 -0.000347411 -0.00434358 0.000637396 -0.00568732 0.00110837 0.00147348 0.00769322 0.00257618 0.0114337 -0.00277799 -0.0117226 -0.0113657
internal_weight=2.5343e+08 2.10036e+08 1.36072e+08 2.69033e+07 1.09169e+08 7.56596e+06 1.01603e+08 9.74733e+07 1.1513e+07 7.39645e+07 9.14403e+06 9.47712e+06 4.50629e+06 7.65453e+06
internal_count=229492 195516 82143 16114 66029 4947 61082 58719 7078 113373 5739 17308 3160 6824
is_linear=0
shrinkage=0.03


Tree=44
num_leaves=15
num_cat=0
split_feature=14 10 9 5 10 12 1 12 16 12 11 10 16 14
split_gain=580333 625118 299353 284668 266989 253012 244251 239337 239216 234115 252341 194470 192854 202086
threshold=0.98067854729718318 0.97741814070190836 62.500000000000007 1.0000000180025095e-35 1.2883310473777285 1.019141366626745 9.5000000000000018 1.0598131614188067 0.074115702150600274 1.0598131614188067 1.1329827571889444 0.88315745690132064 0.027002791709078589 0.89316335908130429
decision_type=2 2 2 2 2 2 2 2 2 2 2 2 2 2
left_child=3 5 -3 4 6 -2 11 -8 -7 10 -4 -1 -13 -14
right_child=1 2 9 -5 -6 8 7 -9 -10 -11 -12 12 13 -15
leaf_value=-0.00047201444572359799 -0.00012651675916898911 -0.0013521160814882614 0.00023805555769279227 -0.0018753038097358704 -0.0015472572090751509 -0.0006323922417092473 -0.00026668424382356957 0.00027732528415192354 -0.0021588174585313556 0.00072208013564615918 -0.0010162232760106964 -0.0010746328518676735 0.00048055300116651805 0.00010178056526214137
leaf_weight=3074410.5743266344 12301550.299597383 1142229.482064724 83820844.857325077 1901039.0675970316 4671287.1483696699 4613839.71212852 78576202.168430805 12922548.417105198 2099079.58203125 19570549.378260732 2207121.7865308523 2169317.1906695366 8487675.6596546173 16031482.80809021
leaf_count=3003 14083 800 74049 1185 4012 6064 58482 11776 1425 21964 2410 16403 4902 9410
internal_value=2.25062e-05 0.00146946 0.00236218 -0.00140092 -0.00122698 -0.00354198 -0.000955865 -0.00172377 -0.00822659 0.00252741 0.00185368 0.00140487 0.00222793 0.00298647
internal_weight=2.53589e+08 1.25755e+08 1.06741e+08 1.27834e+08 1.25933e+08 1.90145e+07 1.21262e+08 9.14988e+07 6.71292e+06 1.05599e+08 8.6028e+07 2.97629e+07 2.66885e+07 2.45192e+07
internal_count=229968 120795 99223 109173 107988 21572 103976 70258 7489 98423 76459 33718 30715 14312
is_linear=0
shrinkage=0.03


Tree=45
num_leaves=15
num_cat=1
split_feature=13 2 9 9 1 16 16 0 3 9 12 4 2 16
split_gain=528599 352078 323321 357415 1.05457e+06 496545 361729 330456 266840 244271 227473 217512 772371 281287
threshold=1.061908490381245 1.0000000180025095e-35 62.500000000000007 89.500000000000014 17.500000000000004 0.046939640207243567 0.071982162002032904 0 1.0000000180025095e-35 74.500000000000014 0.99493778713559811 1.0000000180025095e-35 4.5000000000000009 0.049033904159648291
decision_type=2 2 2 2 2 2 2 1 2 2 2 2 2 2
left_child=1 -1 -3 4 5 -4 -5 9 -8 -7 -10 -2 13 -13
right_child=11 2 3 6 -6 7 8 -9 10 -11 -12 12 -14 -15
leaf_value=-0.00036799994583850657 0.0004191255546601904 -0.0019329088816384934 -0.0011661486292454911 8.0081132001252276e-05 -0.00066236064732758094 0.00068695981783061519 -4.6767303290399883e-05 0.00058832992401585489 -0.0014684702786307393 0.0013764080057023554 -0.0004355874081065443 0.0015382937952541122 0.0059194494766323189 -0.0050386110321294668
leaf_weight=37500262.936415792 50868744.302545071 1264274.8188918829 1288579.3056682348 82536406.377737522 6489156.7923851013 2779542.7915554047 27944249.323730469 10453605.383239746 5765409.8169250488 3671706.1466718912 19338326.444107294 631004.36158072948 871467.48075985909 2044245.8218536377
leaf_count=27259 59119 950 4598 85964 6999 1464 11718 7338 3933 2114 12949 2080 1431 2261
internal_value=-1.97229e-06 -0.000718348 -0.000110398 8.8112e-06 0.00332925 0.00703265 -0.00059566 0.00840098 -0.0025285 0.0137403 -0.00477336 0.00261827 -0.00456487 -0.0125552
internal_weight=2.53447e+08 1.99032e+08 1.61531e+08 1.60267e+08 2.46826e+07 1.81934e+07 1.35584e+08 1.69049e+07 5.3048e+07 6.45125e+06 2.51037e+07 5.44155e+07 3.54672e+06 2.67525e+06
internal_count=230177 165286 138027 137077 22513 15514 114564 10916 28600 3578 16882 64891 5772 4341
cat_boundaries=0 1
cat_threshold=400
is_linear=0
shrinkage=0.03


Tree=46
num_leaves=15
num_cat=3
split_feature=14 10 0 16 10 10 0 12 9 7 2 14 12 0
split_gain=530156 468593 449832 272911 271217 273546 511951 277096 299952 258633 255819 237197 231400 241351
threshold=0.9865664650043301 0.97741814070190836 0 0.065048105878625501 1.2883310473777285 1.0389604186223813 1 1.0182782321369752 89.500000000000014 1.0000000180025095e-35 4.5000000000000009 1.0766976746816785 0.9353060627559534 2
decision_type=2 2 1 2 2 2 1 2 2 2 2 2 2 1
left_child=4 2 -2 -3 5 7 -7 12 -9 -4 -5 -12 -1 -14
right_child=1 3 9 10 -6 6 -8 8 -10 -11 11 -13 13 -15
leaf_value=-0.00094592050217395048 -0.0021012655248457196 0.00052092974188996282 0.00019424196962307018 -2.6835968079138371e-05 -0.0015682127330399476 -0.00056041042025297197 0.00020122999006588611 0.00030142059152473474 -0.0013653960608084644 -0.0017346510778775135 0.00047388627920545728 0.004503594951618348 0.00071374639711132431 -0.00016605955080967134
leaf_weight=4163259.0204175711 3003014.3341069221 48914076.854839683 10831367.894694924 38220186.281097412 4704383.1531859636 15821661.933605909 50755557.319185615 2374916.9497081041 8230208.6879780293 3986359.3012926579 9200526.2770347595 1494616.8269722462 4640293.5275435448 47195381.43127346
leaf_count=3436 3793 65856 9853 17919 4060 13975 44368 2443 8068 6879 7153 1989 4731 35344
internal_value=0.000102752 0.00160068 -0.00287355 0.00241571 -0.00115362 -0.000903553 0.000456331 -0.00226289 -0.00670939 -0.000727831 0.000831211 0.00493248 -0.00142081 -0.000874277
internal_weight=2.53536e+08 1.1565e+08 1.78207e+07 9.78294e+07 1.37886e+08 1.33181e+08 6.65772e+07 6.66041e+07 1.06051e+07 1.48177e+07 4.89153e+07 1.06951e+07 5.59989e+07 5.18357e+07
internal_count=229867 113442 20525 92917 116425 112365 58343 54022 10511 16732 27061 9142 43511 40075
cat_boundaries=0 1 2 3
cat_threshold=64 136 66
is_linear=0
shrinkage=0.03


Tree=47
num_leaves=15
num_cat=6
split_feature=14 10 0 9 0 9 10 0 3 0 2 0 0 9
split_gain=525152 470606 433553 282814 258663 303141 245503 231272 205225 205223 203853 387947 226090 176651
threshold=0.98067854729718318 0.96771506909300131 0 62.500000000000007 1 86.500000000000014 0.97017296776822393 2 1.5000000000000002 3 2.5000000000000004 4 5 68.500000000000014
decision_type=2 2 1 2 1 2 2 1 2 1 2 1 1 2
left_child=4 2 -2 -3 6 9 -1 -7 -4 -6 11 -5 -12 -11
right_child=1 3 8 10 5 7 -8 -9 -10 13 12 -13 -14 -15
leaf_value=-0.0013120184815713291 -0.0021460418187150276 -0.0013476450702331287 0.00012006353772550099 -0.00018790984290812166 -0.00083793197535986838 -8.8157330565665772e-05 0.00053984377272592646 -0.00052974123406494139 -0.002018235919097288 -0.00037961465625996083 0.00014902823409221027 0.0003893297195515517 0.00062368206562584013 0.00060526289570559961
leaf_weight=1050127.1906806231 2712730.1095814705 1166526.1665797234 9017465.9928264618 21101521.500721455 2092946.6752530336 53672007.474748135 9077558.9920289516 50169111.430426002 3436868.9173504114 3167712.122428298 22859655.195433855 28727292.560371637 36808467.041959524 8701790.4008666277
leaf_count=1245 3431 831 8214 12686 1563 40932 10712 42784 6026 3350 21353 26844 41415 8646
internal_value=-1.80007e-06 0.00137429 -0.00358145 0.0020535 -0.00135529 -0.00175082 0.00324541 -0.00230885 -0.00121424 0.00239937 0.00221004 0.000793557 0.00339294 0.00392665
internal_weight=2.53762e+08 1.25831e+08 1.51671e+07 1.10663e+08 1.27931e+08 1.17804e+08 1.01277e+07 1.03841e+08 1.24543e+07 1.39624e+07 1.09497e+08 4.98288e+07 5.96681e+07 1.18695e+07
internal_count=230032 120800 17671 103129 109232 97275 11957 83716 14240 13559 102298 39530 62768 11996
cat_boundaries=0 1 2 3 4 5 6
cat_threshold=64 64 53 4 148 268
is_linear=0
shrinkage=0.03


Tree=48
num_leaves=15
num_cat=4
split_feature=2 16 11 3 9 0 9 9 1 0 13 0 0 11
split_gain=468202 430854 468776 470556 328563 282316 261533 612982 476306 303493 258371 237047 218028 226976
threshold=1.0000000180025095e-35 0.065048105878625501 0.97444208477667915 1.5000000000000002 62.500000000000007 0 89.500000000000014 67.500000000000014 17.500000000000004 1 1.067238894888886 2 3 1.0840211422052726
decision_type=2 2 2 2 2 1 2 2 2 1 2 1 1 2
left_child=12 4 3 5 -2 -3 7 -4 9 -9 -6 -8 -1 -14
right_child=1 2 6 -5 10 -7 11 8 -10 -11 -12 -13 13 -15
leaf_value=-0.00080532324632197859 -0.0019568075807419446 0.00038906587062396833 -0.0006434908755393354 -0.002510801464024669 0.00017136618505934513 -0.00056854344260176505 0.00040598627106674045 0.0012103149112787318 -0.00035569715938547073 0.0005699770135101143 0.00069999980296172096 -0.0001488778650621296 -0.00024028574013222782 0.00046356136690588559
leaf_weight=13881279.485461354 865902.69166696072 4244063.5577392578 3917933.4032299519 5797741.0490722656 76082211.961357713 7513732.8295593262 12825510.162109375 4525926.7819939852 2887281.080090642 6602827.4375610352 24681507.749116302 60058202.255875587 24179766.063248754 5355602.0427571535
leaf_count=11351 939 1978 2062 5053 91204 3310 9809 2622 1521 3986 41366 31904 17634 5071
internal_value=9.90081e-05 0.000685327 -0.000630573 -0.00511825 0.00208854 -0.0016693 0.000236918 0.00348238 0.00641477 0.00923168 0.00224667 -0.000561669 -0.00273697 -0.00127952
internal_weight=2.53419e+08 2.10003e+08 1.08373e+08 1.75555e+07 1.0163e+08 1.17578e+07 9.08177e+07 1.7934e+07 1.4016e+07 1.11288e+07 1.00764e+08 7.28837e+07 4.34166e+07 2.95354e+07
internal_count=229810 195754 62245 10341 133509 5288 51904 10191 8129 6608 132570 41713 34056 22705
cat_boundaries=0 1 2 3 4
cat_threshold=145 432 65 138
is_linear=0
shrinkage=0.03


Tree=49
num_leaves=15
num_cat=4
split_feature=2 14 1 12 0 11 3 12 0 11 0 12 1 0
split_gain=430092 328444 411885 348023 323030 765511 305539 297671 292907 227250 511171 332905 464418 325757
threshold=1.0000000180025095e-35 0.92941846505806636 8.5000000000000018 1.0666052657390228 0 1.0142450752632377 1.0000000180025095e-35 1.0081207388974922 1 1.0256949624400986 2 1.0100722254825036 17.500000000000004 3
decision_type=2 2 2 2 1 2 2 2 1 2 1 2 2 1
left_child=-1 2 -2 4 5 7 -4 -3 -5 -6 -11 -12 13 -13
right_child=1 3 6 8 9 -7 -8 -9 -10 10 11 12 -14 -15
leaf_value=-0.00031297873810027182 0.00038004654451263587 -0.00057499507577934918 -5.8668802839063616e-05 0.0011433469357404068 0.00032912715930188871 0.00023850463732935344 -0.00076017802505363497 -0.0017754065348919205 2.0863053366660978e-05 -0.00084855994163681098 -0.00043640328453312197 0.00085201471403706125 -0.00032657364618253655 0.00040794652022843711
leaf_weight=43391564.219523549 9038552.5335878134 12572457.399799585 25018123.625810623 13129361.637737751 56046748.194536328 25079733.195495725 18355739.616490126 5188480.825981617 8456577.0126341581 11295016.355771065 5117093.7563294172 6073571.2626321316 5540682.1185276508 9179265.0924370289
leaf_count=34059 15634 12810 17811 15699 46303 23436 16423 4331 8084 10253 4919 2877 6298 11180
internal_value=2.8251e-05 0.000589849 -0.00146755 0.00127373 0.000712412 -0.00144398 -0.00268157 -0.00620935 0.00481265 0.00170307 -0.000114596 0.0022071 0.003894 0.00659621
internal_weight=2.53483e+08 2.10091e+08 5.24124e+07 1.57679e+08 1.36093e+08 4.28407e+07 4.33739e+07 1.77609e+07 2.15859e+07 9.32524e+07 3.72056e+07 2.59106e+07 2.07935e+07 1.52528e+07
internal_count=230117 196058 49868 146190 122407 40577 34234 17141 23783 81830 35527 25274 20355 14057
cat_boundaries=0 1 2 3 4
cat_threshold=324 358 136 16
is_linear=0
shrinkage=0.03


Tree=50
num_leaves=15
num_cat=4
split_feature=10 1 14 0 0 13 0 16 12 0 2 3 14 10
split_gain=470090 523734 476133 403033 394284 286192 241840 221997 220223 231656 217807 388710 323136 213340
threshold=0.97590040702797165 18.500000000000004 0.99299077581828932 0 1 0.74391178448351203 2 0.054077039484020338 1.0598131614188067 3 4.5000000000000009 2.5000000000000004 1.1312247926346461 1.0118941684945517
decision_type=2 2 2 1 1 2 1 2 2 1 2 2 2 2
left_child=1 4 3 -2 -1 -5 -6 -8 10 -10 11 -4 13 -12
right_child=2 -3 8 5 6 -7 7 -9 9 -11 12 -13 -14 -15
leaf_value=-0.001824326117793193 0.00055473576338887717 0.00089109619961488427 0.00012682163861140036 -0.0011528023127327311 3.2407468005338242e-05 -8.5264322618267403e-05 0.00030457867684629338 -0.00080447560480069685 0.0014638144621858962 0.00026394515107325316 -0.00059769795901725819 -0.0038653350664752768 0.0063910246975411372 0.00095132074754019627
leaf_weight=3644717.435503602 10273851.06285882 5815574.2358760834 56971373.695959568 5895748.3823597431 10135855.751510382 110985296.6272794 3053773.8833500147 15720335.532592773 6818958.4296885729 8845642.646936655 3532338.0512162447 1896675.4772101641 1491730.0289011002 8045940.7158688307
leaf_count=4095 11928 8920 45237 10362 9416 83533 6199 8988 9663 9155 3828 2908 4719 10462
internal_value=6.36747e-06 -0.0030522 0.000552836 -0.000619639 -0.00453359 -0.00112039 -0.00336132 -0.00537742 0.00225468 0.00547808 0.00155278 0.000774963 0.0050561 0.00336294
internal_weight=2.53128e+08 3.83703e+07 2.14758e+08 1.27155e+08 3.25547e+07 1.16881e+08 2.891e+07 1.87741e+07 8.76027e+07 1.56646e+07 7.19381e+07 5.8868e+07 1.307e+07 1.15783e+07
internal_count=229413 37618 191795 105823 28698 93895 24603 15187 85972 18818 67154 48145 19009 14290
cat_boundaries=0 1 2 3 4
cat_threshold=64 64 145 356
is_linear=0
shrinkage=0.03


Tree=51
num_leaves=15
num_cat=3
split_feature=13 12 9 9 1 0 1 9 0 14 0 10 12 12
split_gain=428889 283277 288336 343570 1.2125e+06 414015 355267 546986 269570 214214 225751 209626 337325 224816
threshold=1.0708652456545009 0.9353060627559534 62.500000000000007 89.500000000000014 17.500000000000004 0 8.5000000000000018 68.500000000000014 1 1.3465466527055063 2 1.2825983160898982 1.1153931218449846 1.019141366626745
decision_type=2 2 2 2 2 1 2 2 1 2 1 2 2 2
left_child=1 -1 -3 4 5 -4 7 -7 -6 -2 -11 12 13 -5
right_child=9 2 3 11 8 6 -8 -9 -10 10 -12 -13 -14 -15
leaf_value=-0.00081517244044556519 0.00042596694530747841 -0.001823831000832623 0.00012325503898276999 -1.4795543849853542e-05 -0.0010914656176828524 -0.0026497469711452555 0.0009966692655842171 0.00063383878867878532 -0.00024043417113608714 0.0039143555720877864 -0.0031482037197016152 -0.001307119944315058 0.00068525713421266419 -0.00028763713884191446
leaf_weight=6810290.0974495411 45747423.343352079 1368684.688372612 9563404.8992038965 96405224.543025136 4232856.4002456665 815213.08367264271 11299027.035985827 2629220.6451730728 3858037.8290801048 905521.03067922592 1846234.2070457935 4641900.5139548779 8951222.916058898 54329494.689582229
leaf_count=6920 51357 1036 6944 74230 3095 1023 8028 3577 5409 2987 6033 4164 8531 46802
internal_value=-1.16234e-05 -0.000612076 -0.000405253 -0.000309785 0.00251377 0.00586218 0.00901553 0.000581004 -0.00754562 0.00252523 -0.00560413 -0.000866458 -0.000683773 -0.00101978
internal_weight=2.53404e+08 2.04905e+08 1.98094e+08 1.96726e+08 3.23978e+07 2.43069e+07 1.47435e+07 3.44443e+06 8.09089e+06 4.84992e+07 2.75176e+06 1.64328e+08 1.59686e+08 1.50735e+08
internal_count=230136 169759 162839 161803 28076 19572 12628 4600 8504 60377 9020 133727 129563 121032
cat_boundaries=0 1 2 3
cat_threshold=76 84 52
is_linear=0
shrinkage=0.03


Tree=52
num_leaves=15
num_cat=4
split_feature=10 0 14 0 1 9 1 0 1 14 14 0 11 12
split_gain=416102 490946 468075 360019 305818 263740 661180 270994 253574 328771 256490 251468 281110 311881
threshold=0.97590040702797165 0 0.99299077581828932 1 19.500000000000004 89.500000000000014 18.500000000000004 2 8.5000000000000018 0.89759450283627651 0.80921779155480411 3 1.0256949624400986 1.0477841128593066
decision_type=2 1 2 1 2 2 2 1 2 2 2 1 2 2
left_child=1 -1 3 -2 -3 6 7 -5 9 -7 -10 -12 -13 -14
right_child=2 4 -4 5 -6 8 -8 -9 10 -11 11 12 13 -15
leaf_value=0.00025264009381109235 0.00052106660967674555 -0.00078349392504353582 0.00026735026826538942 -0.00046224225871372066 0.0010561749924981095 0.00051271425124733256 -0.0012975805150787409 0.00063446065180310747 -0.00096529961701370725 -0.00012973472696227551 0.00017264702497922727 1.5378799383605203e-05 -0.00062128019545582426 -4.148227302352207e-06
leaf_weight=12005363.90661943 10261791.797021389 24047570.015746117 88041271.027201056 2307477.2513364553 2302592.049448967 6200242.4382475615 3073291.4399321079 13911222.633033633 11689554.943834305 11935645.482749224 20218936.789588451 16647717.973405838 21681864.26134491 9231320.4716377258
leaf_count=12459 11983 20491 86439 1505 4641 9041 4269 11499 9429 11646 16698 11159 12139 6576
internal_value=4.49297e-05 -0.00283374 0.000558 -0.000606198 -0.00512471 -0.00107915 0.00212605 0.00454366 -0.00171267 0.0014882 -0.00244315 -0.00173536 -0.00292678 -0.00461933
internal_weight=2.53556e+08 3.83555e+07 2.152e+08 1.27159e+08 2.63502e+07 1.16897e+08 1.9292e+07 1.62187e+07 9.76053e+07 1.81359e+07 7.94694e+07 6.77798e+07 4.75609e+07 3.09132e+07
internal_count=229974 37591 192383 105944 25132 93961 17273 13004 76688 20687 56001 46572 29874 18715
cat_boundaries=0 1 2 3 4
cat_threshold=145 64 4 38
is_linear=0
shrinkage=0.03


Tree=53
num_leaves=15
num_cat=3
split_feature=2 10 10 0 0 1 12 3 10 14 12 0 11 3
split_gain=426432 313304 425032 414519 414480 446039 362202 292480 276922 265766 248313 247795 239800 223444
threshold=1.0000000180025095e-35 1.0389604186223813 1.2236955986104996 0 1 17.500000000000004 1.0233061924905116 1.5000000000000002 1.0428102923176461 0.79413159547333489 1.0375626961833271 2 1.0559171684260189 1.5000000000000002
decision_type=2 2 2 1 1 2 2 2 2 2 2 1 2 2
left_child=-1 3 4 10 -3 8 -5 -4 -6 -9 -2 -7 13 -10
right_child=1 2 7 6 5 11 -8 9 12 -11 -12 -13 -14 -15
leaf_value=-0.00030801049358063735 -0.00034210311104257576 -7.0448946369213288e-05 -0.00023050198843806879 0.00018370905420917911 0.00093985267960508447 -0.00038162646825073103 -0.0005781084705385771 -0.009496346770160282 -0.00010095383993773303 -0.0010044255438957711 -0.0022491693567673028 0.00053478064013602958 0.00064541407420949605 0.0014175675427316352
leaf_weight=43494655.519614577 36727003.620556116 27612341.975896597 6826528.2653272152 60961947.069799423 5329466.3020685911 7916793.0148200989 12520200.337307453 857890.88480484486 10091100.740480423 1067147.5790581703 1772000.1099441051 6736061.9736255407 28932676.631816268 2612175.9555562735
leaf_count=33952 33439 28583 6975 50081 3528 5122 13419 1180 6718 2306 2211 11226 27307 3494
internal_value=9.91201e-06 0.000569978 0.00180887 -0.000514033 0.00242766 0.00379637 0.000807125 -0.00450031 0.00522206 -0.0148281 -0.0030357 -0.000773255 0.00439789 0.000961926
internal_weight=2.53458e+08 2.09963e+08 9.79822e+07 1.11981e+08 8.92306e+07 6.16183e+07 7.34821e+07 8.75157e+06 4.69654e+07 1.92504e+06 3.8499e+07 1.46529e+07 4.1636e+07 1.27033e+07
internal_count=229541 195589 96439 99150 85978 57395 63500 10461 41047 3486 35650 16348 37519 10212
cat_boundaries=0 1 2 3
cat_threshold=324 137 20
is_linear=0
shrinkage=0.03


Tree=54
num_leaves=15
num_cat=1
split_feature=2 16 12 7 10 12 9 14 9 9 9 0 12 12
split_gain=350821 457609 440922 499757 351854 531841 402322 341975 307051 304348 253047 250676 272155 243139
threshold=1.0000000180025095e-35 0.069297429202284114 0.99493778713559811 1.0000000180025095e-35 1.0118941684945517 1.0182782321369752 67.500000000000014 0.84147441079431173 83.500000000000014 62.500000000000007 78.500000000000014 0 1.0020641799475636 1.0781710215531561
decision_type=2 2 2 2 2 2 2 2 2 2 2 1 2 2
left_child=-1 7 3 -3 5 11 -6 -2 10 -9 -8 -4 -13 -11
right_child=1 2 4 -5 6 -7 8 9 -10 13 -12 12 -14 -15
leaf_value=-0.00028485553645704581 -0.00040373493761098321 -0.00014721527392357498 0.00083838264737951635 -0.0027098361605691038 -0.0011362575453420581 -0.0014997722380181669 0.00041013890029188065 -0.0014578990276414147 8.4248513362596313e-05 0.00021893436756367137 0.0015053796599708994 0.00034528712987060169 -0.00054501158067316415 0.00079641584031918422
leaf_weight=43409637.388319731 12533814.792307615 11543031.50378418 3355602.0639038086 6228307.0976257324 2167536.2541410923 5452601.5987854004 4414767.3419462442 1037415.1865686178 43153724.846129417 97101683.265988708 1878470.2147542238 3373531.525177002 6400000.0109176636 11747557.457230449
leaf_count=34025 17147 4856 1788 5216 1149 3937 2479 992 24994 111909 1211 1797 2810 15513
internal_value=-5.17829e-06 0.000501466 -0.00114907 -0.00537028 -8.03941e-05 -0.00362027 0.001194 0.00168749 0.00174854 0.00222299 0.00793908 -0.000349483 -0.00277843 0.00237712
internal_weight=2.53798e+08 2.10388e+08 8.79676e+07 1.77713e+07 7.01962e+07 1.85817e+07 5.16145e+07 1.2242e+08 4.9447e+07 1.09887e+08 6.29324e+06 1.31291e+07 9.77353e+06 1.08849e+08
internal_count=229823 195798 50237 10072 40165 10332 29833 145561 28684 128414 3690 6395 4607 127422
cat_boundaries=0 1
cat_threshold=75
is_linear=0
shrinkage=0.03


Tree=55
num_leaves=15
num_cat=2
split_feature=2 16 12 3 14 9 9 11 0 9 9 0 12 12
split_gain=376283 405853 408886 442488 330538 273203 434065 351555 376481 272678 256948 236632 257141 230790
threshold=1.0000000180025095e-35 0.069297429202284114 0.99493778713559811 1.5000000000000002 0.84147441079431173 67.500000000000014 83.500000000000014 0.98059644709439753 0 62.500000000000007 78.500000000000014 1 1.0076809644919542 1.0598131614188067
decision_type=2 2 2 2 2 2 2 2 1 2 2 1 2 2
left_child=11 4 3 -3 -2 -4 10 8 -8 -6 -7 -1 -13 -11
right_child=1 2 5 -5 9 6 7 -9 -10 13 -12 12 -14 -15
leaf_value=-4.3290344616046651e-05 -0.00039995661750573229 -0.00016418515868239498 -0.00095621307661242878 -0.0025326619102140455 -0.0015839497190709094 0.00039890956995138977 -5.1192068056120629e-05 1.472563930252357e-05 -0.0024204547513972932 0.00019478178310256044 0.0015049110552706284 -7.5471658672887699e-05 -0.00090356011994689733 0.00067702992913132353
leaf_weight=23156615.035506129 12492133.378060579 11464559.791809082 2677619.3400127888 6166457.7278442383 1054890.8195310831 5430680.657754302 2436408.1068115234 55569245.681162834 1999965.9498596191 90647189.730252624 2180248.7144352198 7568711.082006216 12839112.741439819 17754543.47454083
leaf_count=18791 17140 4815 1395 5169 995 3002 1486 31804 1217 103376 1421 5672 9577 24034
internal_value=-2.20871e-05 0.000504571 -0.0010491 -0.00513405 0.00162477 -2.45198e-05 0.00034766 -0.000508382 -0.00863528 0.00215241 0.00709681 -0.00255929 -0.00491451 0.00230012
internal_weight=2.53438e+08 2.09874e+08 8.79252e+07 1.7631e+07 1.21949e+08 7.02942e+07 6.76165e+07 6.00056e+07 4.43637e+06 1.09457e+08 7.61093e+06 4.35644e+07 2.04078e+07 1.08402e+08
internal_count=229894 195854 50309 9984 145545 40325 38930 34507 2703 128405 4423 34040 15249 127410
cat_boundaries=0 1 2
cat_threshold=153 369
is_linear=0
shrinkage=0.03


Tree=56
num_leaves=15
num_cat=4
split_feature=10 10 0 1 12 9 0 10 16 0 9 10 0 12
split_gain=380643 518904 532741 481586 478485 649136 576609 397095 352890 301738 378540 293594 268227 259394
threshold=1.2883310473777285 1.0389604186223813 0 17.500000000000004 1.019141366626745 89.500000000000014 1 0.83310007439074751 0.053521434381979857 2 89.500000000000014 1.0428102923176461 3 1.0071326926472344
decision_type=2 2 1 2 2 2 1 2 2 1 2 2 1 2
left_child=1 4 -3 11 6 12 7 -1 -7 -5 -11 -4 -6 -9
right_child=-2 2 3 9 5 8 -8 13 -10 10 -12 -13 -14 -15
leaf_value=-0.00053635236048037225 -0.0013619080036522849 -0.00018526460149225757 0.0008287074534473563 -0.0005302675687160486 0.0010779008984281441 9.6905349349731159e-05 -0.00018045744743074539 0.00087976851632632898 -0.0012965467377408909 -0.0011936271545698951 0.00066263466053578216 0.00037518740051787529 -0.00024741727553880379 -1.0794163236602436e-05
leaf_weight=5706500.9239971638 5475069.2076681852 34733344.788588285 6352545.6604403257 5835948.0119056702 2942984.3943741322 3916794.7946350574 74551400.285256386 20930522.376603723 16053941.817626953 3011592.5476073027 9734325.8292794228 53314925.776007295 3143592.2718371153 8490096.225677371
leaf_count=5440 4942 35894 4106 2993 3192 9882 55599 21090 10968 4436 13132 47706 2237 8408
internal_value=1.1088e-05 0.00018333 0.00168527 0.00305775 -0.00106684 -0.00472114 -0.000198656 0.00297024 -0.00733519 -0.00115962 0.00142717 0.00437114 0.00385585 0.00437501
internal_weight=2.54194e+08 2.48719e+08 1.12983e+08 7.82493e+07 1.35736e+08 2.60573e+07 1.09679e+08 3.51271e+07 1.99707e+07 1.85819e+07 1.27459e+07 5.96675e+07 6.08658e+06 2.94206e+07
internal_count=230025 225083 108267 72373 116816 26279 90537 34938 20850 20561 17568 51812 5429 29498
cat_boundaries=0 1 2 3 4
cat_threshold=137 139 16 401
is_linear=0
shrinkage=0.03


Tree=57
num_leaves=15
num_cat=3
split_feature=14 10 0 0 5 2 14 4 1 0 3 10 10 2
split_gain=352392 352416 416350 284304 237922 226422 346584 222089 220777 210431 210244 202923 200767 450400
threshold=0.98067854729718318 0.97741814070190836 0 1 1.0000000180025095e-35 4.5000000000000009 1.1312247926346461 1.0000000180025095e-35 13.500000000000002 2 2.5000000000000004 1.1942558122392908 1.2306657227023974 4.5000000000000009
decision_type=2 2 1 1 2 2 2 2 2 1 2 2 2 2
left_child=4 2 -2 11 9 10 8 -4 -7 -1 -5 -3 -11 -14
right_child=1 3 7 5 -6 6 -8 -9 -10 12 -12 -13 13 -15
leaf_value=0.0003876531020496894 -0.0017849404471953305 0.00095681101247483585 4.1985431897193497e-05 5.1905775110574539e-05 -0.0016814602789135525 0.00087137137714756244 0.0061547297169517986 -0.0029669459846507194 -1.7617603117652257e-05 -9.7937073908351208e-05 -0.0034460306582973516 -0.0002866042736726241 -0.00047704716658926243 -0.0084560508873178543
leaf_weight=9946943.7394154072 3138030.7408200502 18781329.274006605 14910254.86027348 67041993.41280818 1899993.0268580914 5724025.1016875505 1375154.9952816963 1100956.2158340216 8554332.1767892838 108810793.31564438 1606428.7616797686 3612544.0950510502 5530767.6937608719 1067755.3683949709
leaf_count=11734 3890 25918 15885 45811 1204 7545 4409 1708 8153 89087 2345 4982 5069 1803
internal_value=8.33878e-05 0.00120905 -0.00253834 0.00188161 -0.00102979 0.00108346 0.00433936 -0.000579983 0.00295402 -0.000870093 0.000341038 0.00488626 -0.00123094 -0.00631207
internal_weight=2.53101e+08 1.25845e+08 1.91492e+07 1.06696e+08 1.27256e+08 8.43019e+07 1.56535e+07 1.60112e+07 1.42784e+07 1.25356e+08 6.86484e+07 2.23939e+07 1.15409e+08 6.59852e+06
internal_count=229543 120646 21483 99163 108897 68263 20107 17593 15698 107693 48156 30900 95959 6872
cat_boundaries=0 1 2 3
cat_threshold=64 98 64
is_linear=0
shrinkage=0.03


Tree=58
num_leaves=15
num_cat=4
split_feature=13 9 1 16 0 9 0 16 10 12 0 0 10 14
split_gain=375437 258874 1.19728e+06 495825 276071 244960 238249 235855 268834 809864 513168 374351 488136 320449
threshold=1.0708652456545009 89.500000000000014 17.500000000000004 0.047751377251044363 0 63.500000000000007 1 0.052915134947898658 1.0377336508874493 1.0182782321369752 2 3 0.83310007439074751 0.97608628268721431
decision_type=2 2 2 2 1 2 1 2 2 2 1 1 2 2
left_child=1 2 3 -1 -5 -6 -4 -3 9 11 -10 12 -9 -14
right_child=-2 7 6 4 5 -7 -8 8 10 -11 -12 -13 13 -15
leaf_value=-0.0011416265268953632 0.00035223781236944204 0.0001980941555866692 -0.0010870932397652273 -0.00011476444720034044 -0.000363220426473079 0.00080797404748663261 -0.00036814790679185394 -0.00079768408724461887 0.00050582712666962957 -0.0012217819327581141 -0.00018634978164829851 -0.0002856448406976346 0.0001009800410860992 0.0012862453858774529
leaf_weight=1728546.3960617781 48393508.685809612 28933695.700835347 4439635.9541854858 3315676.7308349609 1654701.4235229492 18485266.63180995 3980804.1988011599 4591803.8996276855 20576136.032735825 13824298.955291748 43558370.113647461 43737467.0365448 9413948.7335510254 6920907.4741821289
leaf_count=5878 60366 59142 3233 1570 906 11947 5596 3189 15385 8985 22546 19069 6795 5492
internal_value=4.17586e-05 -0.000518902 0.00188891 0.00516324 0.00630595 0.00762653 -0.00790409 -0.000990545 -0.00149156 -0.00266892 -5.06844e-05 -0.00125991 0.00204003 0.0044693
internal_weight=2.53555e+08 2.05161e+08 3.36046e+07 2.51842e+07 2.34556e+07 2.014e+07 8.42044e+06 1.71557e+08 1.42623e+08 7.84884e+07 6.41345e+07 6.46641e+07 2.09267e+07 1.63349e+07
internal_count=230099 169733 29130 20301 14423 12853 8829 140603 81461 43530 37931 34545 15476 12287
cat_boundaries=0 1 2 3 4
cat_threshold=4 84 356 171
is_linear=0
shrinkage=0.03


Tree=59
num_leaves=15
num_cat=0
split_feature=12 9 9 1 16 16 11 12 3 12 11 11 11 11
split_gain=313587 303824 372197 1.09851e+06 528667 431778 258672 210606 421521 407693 849230 404435 364454 197044
threshold=0.92324355344902431 62.500000000000007 87.500000000000014 17.500000000000004 0.049763224875981803 0.053356818994415696 1.2744203364317281 0.99493778713559811 1.5000000000000002 1.0051969303918387 1.0132613496646867 0.99436605146338497 0.99953296935072145 1.0007501084115906
decision_type=2 2 2 2 2 2 2 2 2 2 2 2 2 2
left_child=-1 -2 3 4 -3 6 -4 8 11 12 -11 -7 -9 -14
right_child=1 2 5 -5 -6 7 -8 9 -10 10 -12 -13 13 -15
leaf_value=-0.00079582349941344427 -0.0015245427432772321 -0.0010999991050494619 0.00040454618485451325 -0.0006590073278299241 0.00064644619933911104 0.00012291276410564562 -0.0029535710101720267 0.00085635212285254563 -0.0021555436604077543 -0.00081868277801001692 -8.6104691632807103e-07 -0.0005925563791465869 -0.00094145435977257901 0.00017696194412301691
leaf_weight=6591271.1477608681 1730075.2437511683 2127964.658882618 40671262.458907008 9368811.9557256699 27852885.274436831 18251797.161651611 694595.5404406786 7420543.3130493164 7054566.3330078125 18703588.83392334 83118659.490749121 7797023.9548950195 2101844.9100036621 19388687.179916382
leaf_count=7023 1367 7856 86772 10142 17122 9440 1570 4044 6251 10955 52401 3154 927 10608
internal_value=-1.08531e-05 0.000161976 0.000250602 0.00292326 0.00572529 -0.000261906 0.00247679 -0.00095338 -0.00309089 -0.000412134 -0.00130483 -0.00132917 0.00273188 0.000752609
internal_weight=2.52874e+08 2.46282e+08 2.44552e+08 3.93497e+07 2.99808e+07 2.05203e+08 4.13659e+07 1.63837e+08 3.31034e+07 1.30733e+08 1.01822e+08 2.60488e+07 2.89111e+07 2.14905e+07
internal_count=229632 222609 221242 35120 24978 186122 88342 97780 18845 78935 63356 12594 15579 11535
is_linear=0
shrinkage=0.03


Tree=60
num_leaves=15
num_cat=3
split_feature=2 15 9 12 0 9 1 1 9 0 12 1 12 0
split_gain=338309 289520 291565 271372 346036 299437 940925 475154 470225 438124 310639 402212 542890 506384
threshold=1.0000000180025095e-35 1.0000000180025095e-35 62.500000000000007 1.0666052657390228 0 89.500000000000014 17.500000000000004 8.5000000000000018 68.500000000000014 1 1.0213035412072564 18.500000000000004 0.99493778713559811 2
decision_type=2 2 2 2 1 2 2 2 2 1 2 2 2 1
left_child=-1 2 -2 5 -5 6 7 8 -4 -9 11 12 -7 -14
right_child=1 -3 3 4 -6 10 -8 9 -10 -11 -12 -13 13 -15
leaf_value=-0.0002692586214219306 -0.0014626605303201476 -0.005670438782004102 -0.0019345438843540483 0.0008759300427643883 -1.5855595782161558e-05 -0.00040568955063597067 -0.00064410607974160045 0.0010145840385580569 0.00029166845325279486 0.00045962481781473835 -0.00029617349035078585 0.00069241932799893856 0.00073529188880016639 -1.2022788952309744e-05
leaf_weight=43544537.828576207 1711958.702812314 1169012.4056996107 1292465.5041513443 15404604.344069123 13216602.687304378 32517441.860421062 7080521.5473036766 8089419.7086486816 4219624.2948668003 9465453.3623504639 40287186.353935957 16240065.749688387 15299915.691574097 43906332.674648523
leaf_count=34081 1344 3218 1732 17270 13387 27213 7263 4213 5551 6772 37500 22989 11903 35531
internal_value=6.48862e-05 0.000564111 0.000647492 0.000749453 0.0034612 0.000314396 0.00303993 0.0059763 -0.00170764 0.00838899 -0.000239853 0.000599017 -0.000171466 0.00153899
internal_weight=2.53445e+08 2.09901e+08 2.08732e+08 2.0702e+08 2.86212e+07 1.78398e+08 3.01475e+07 2.3067e+07 5.51209e+06 1.75549e+07 1.48251e+08 1.07964e+08 9.17237e+07 5.92062e+07
internal_count=229967 195886 192668 191324 30657 160667 25531 18268 7283 10985 135136 97636 74647 47434
cat_boundaries=0 1 2 3
cat_threshold=364 402 74
is_linear=0
shrinkage=0.03


Tree=61
num_leaves=15
num_cat=2
split_feature=2 15 10 10 0 0 11 1 9 14 9 11 3 11
split_gain=328286 278054 291250 338617 386240 320426 304004 244745 241931 235149 249143 226262 230911 321162
threshold=1.0000000180025095e-35 1.0000000180025095e-35 1.0389604186223813 1.0428102923176461 0 1 0.9847744481008941 17.500000000000004 87.500000000000014 1.0331705990741289 89.500000000000014 1.0256949624400986 1.5000000000000002 0.98403972272170692
decision_type=2 2 2 2 1 1 2 2 2 2 2 2 2 2
left_child=-1 2 5 7 -5 -2 -6 -4 -3 10 -8 12 -7 -14
right_child=1 8 3 4 6 11 9 -9 -10 -11 -12 -13 13 -15
leaf_value=-0.00027898311826428287 -0.00036067319648095048 0.001254632647500241 0.00085262332626956231 0.00051842882411424335 0.0013375823448835784 0.00024677891504330693 0.00057534646029228423 -0.00018068551638944074 -0.0096755151588177619 0.00064023106274575998 -0.00023059423236138722 -0.00039149857220237906 -0.0016686577698934084 0.00029057284279276273
leaf_weight=43659810.636639237 38730964.416017532 424615.36981546879 6380102.473254323 33414234.609537005 1851244.1465507746 46412210.17637229 4201970.1291184425 2068408.012745142 731760.29335319996 7533526.8744848967 41332414.007007241 11878446.694442868 6243670.2425211668 8718254.6999840736
leaf_count=34146 35613 1633 4351 40258 2157 32972 4360 1723 1612 10582 30278 11930 8646 9825
internal_value=1.58613e-05 0.000508128 0.000589388 0.00179472 0.00124593 -0.000452318 -0.000301434 0.00753259 -0.0141621 -0.000718318 -0.0015306 0.000714561 0.00144807 -0.00179289
internal_weight=2.53582e+08 2.09922e+08 2.08765e+08 9.67819e+07 8.83334e+07 1.11984e+08 5.49192e+07 8.44851e+06 1.15638e+06 5.30679e+07 4.55344e+07 7.32526e+07 6.13741e+07 1.49619e+07
internal_count=230086 195940 192695 93709 87635 98986 47377 6074 3245 45220 34638 63373 51443 18471
cat_boundaries=0 1 2
cat_threshold=356 324
is_linear=0
shrinkage=0.03


Tree=62
num_leaves=15
num_cat=4
split_feature=13 2 3 14 14 0 16 10 0 12 10 12 0 0
split_gain=311293 229550 204700 205112 186088 227413 228135 185818 182409 281146 198387 167640 278624 234134
threshold=1.0708652456545009 1.0000000180025095e-35 2.5000000000000004 0.78792964845128977 1.3465466527055063 0 0.067433115422407527 0.98305682978426401 1 1.0090220366767901 1.0804981498706023 1.0598131614188067 2 3
decision_type=2 2 2 2 2 1 2 2 1 2 2 2 1 1
left_child=1 8 11 -4 -2 -6 -7 -5 9 -1 -10 13 -13 -3
right_child=4 2 3 7 5 6 -8 -9 10 -11 -12 12 -14 -15
leaf_value=-4.8226563455595877e-05 0.00036799051054443432 8.8885048750404863e-05 -0.00752690040594153 -0.001695129933198996 0.0036476035773585882 -9.8325047962193304e-05 -0.0046715459173999364 -0.00012034836560956246 -0.00027627116783439083 -0.0013335859456104497 0.00038644538076735522 0.00073372128886300145 -5.9904575073040553e-05 -0.00018893210487173529
leaf_weight=5140127.5299584866 45714921.557213902 68622280.098630905 713131.41631996632 3468774.6241929531 898110.26240801811 883187.72934305668 975442.03770089149 12655024.380459309 20590337.466545224 6804210.8466284275 5486612.4665168524 12279091.692851782 13198129.081826806 55996853.952536464
leaf_count=3861 51290 51458 1727 5103 2966 4830 1164 17598 13824 5197 4804 12456 10969 42496
internal_value=3.52939e-06 -0.000507794 -2.86423e-05 -0.00316526 0.00216558 -0.00540392 -0.0113935 -0.0024689 -0.00261152 -0.0056818 -0.0012052 0.000323206 0.00254059 -0.000130118
internal_weight=2.53426e+08 2.04955e+08 1.66933e+08 1.68369e+07 4.84717e+07 2.75674e+06 1.85863e+06 1.61238e+07 3.80213e+07 1.19443e+07 2.60769e+07 1.50096e+08 2.54772e+07 1.24619e+08
internal_count=229743 169493 141807 24428 60250 8960 5994 22701 27686 9058 18628 117379 23425 93954
cat_boundaries=0 1 2 3 4
cat_threshold=52 138 364 211
is_linear=0
shrinkage=0.03


Tree=63
num_leaves=15
num_cat=0
split_feature=13 9 9 1 16 16 14 10 12 12 12 11 2 3
split_gain=314741 209432 290457 891438 395771 234435 257341 245640 701038 278432 253146 250925 230790 223796
threshold=1.0708652456545009 62.500000000000007 89.500000000000014 18.500000000000004 0.045511633013058099 0.053356818994415696 0.79413159547333489 1.0377336508874493 1.0182782321369752 0.99493778713559811 1.0017672621402147 0.99436605146338497 5.5000000000000009 1.5000000000000002
decision_type=2 2 2 2 2 2 2 2 2 2 2 2 2 2
left_child=1 -1 3 4 -3 6 -4 8 9 11 -11 13 -6 -7
right_child=-2 2 5 -5 12 7 -8 -9 -10 10 -12 -13 -14 -15
leaf_value=-0.0016000597350233957 0.00031370482191449793 -0.0011238358350547587 -0.0015824456974407835 -0.0010094573679318057 0.00056930668368696533 -0.00011226346664093876 0.00028030747934764576 -3.8789732760622354e-06 -0.0011597772601627347 0.00037966360481078698 -9.9132391486252608e-05 -0.001100426951680484 -0.00055555939557079624 -0.0018934648382257437
leaf_weight=1324887.2029676437 48797578.815020919 1533231.6409194469 1932135.3876489401 5352922.7706384659 23437348.052684784 18553348.652801514 28441175.858995914 63375932.497107625 13901419.314117432 10921821.903167725 26928218.263778687 3282495.3134460449 2158286.2453942299 4232399.2544250488
leaf_count=995 60614 5417 7060 7149 13468 9715 52778 37429 9036 5484 13610 1554 2020 3795
internal_value=1.83674e-06 -0.000512749 -0.000435554 0.00216576 0.00437339 -0.00092804 0.00146295 -0.00144238 -0.00257159 -0.0012437 0.000399505 -0.00362956 0.00526024 -0.00251242
internal_weight=2.54173e+08 2.05376e+08 2.04051e+08 3.24818e+07 2.71289e+07 1.71569e+08 3.03733e+07 1.41196e+08 7.78197e+07 6.39183e+07 3.785e+07 2.60682e+07 2.55956e+07 2.27857e+07
internal_count=230124 169510 168515 28054 20905 140461 59838 80623 43194 34158 19094 15064 15488 13510
is_linear=0
shrinkage=0.03


Tree=64
num_leaves=15
num_cat=2
split_feature=14 16 11 3 1 5 1 16 0 0 11 3 2 11
split_gain=262123 340315 258280 261089 236502 194341 192741 211092 205671 193827 401028 188223 369709 313225
threshold=0.98729719223882884 0.065048105878625501 0.97444208477667915 1.0000000180025095e-35 18.500000000000004 1.0000000180025095e-35 9.5000000000000018 0.027505680972414012 0 1 1.0256949624400986 1.0000000180025095e-35 1.0000000180025095e-35 1.2678794882090096
decision_type=2 2 2 2 2 2 2 2 1 1 2 2 2 2
left_child=5 -2 3 -3 -4 6 7 -1 -9 10 -8 12 -11 -13
right_child=1 2 4 -5 -6 -7 9 8 -10 11 -12 13 -14 -15
leaf_value=-0.0011059498568614706 0.00034808605943948616 -0.00013008572345659145 7.3324018655405852e-05 -0.0025834383530844709 -0.0011584046752545873 -0.001404044821167811 7.9788388548323225e-05 0.00029427414222315949 -0.00015135158345647742 -0.00037253298221181608 -0.0010461368452163236 -0.00028295335716072961 0.00022208140988596309 -0.0069433190062955091
leaf_weight=2777435.4632203579 58086396.588110328 4840010.386932373 46613336.006015897 3211804.5095214844 2070580.3525848389 2087624.8162046671 8446826.8794555664 19565504.371895075 11217047.535049438 18295870.628935814 9945452.2236175537 28164949.462306261 37308185.786538601 1093050.1296844482
leaf_count=19668 80547 2086 26117 2898 1040 1312 4483 9312 8334 13897 5165 26490 27357 988
internal_value=1.7924e-05 0.00107848 -0.000574082 -0.00555128 0.000249094 -0.000858777 -0.000720162 0.00125493 0.00196961 -0.00136211 -0.0041541 -0.000756998 0.000267875 -0.00270474
internal_weight=2.53724e+08 1.14822e+08 5.67357e+07 8.05181e+06 4.86839e+07 1.38902e+08 1.36814e+08 3.356e+07 3.07826e+07 1.03254e+08 1.83923e+07 8.48621e+07 5.56041e+07 2.9258e+07
internal_count=229694 112688 32141 4984 27157 117006 115694 37314 17646 78380 9648 68732 41254 27478
cat_boundaries=0 1 2
cat_threshold=345 8
is_linear=0
shrinkage=0.03


Tree=65
num_leaves=15
num_cat=3
split_feature=14 16 14 0 5 11 2 10 0 11 16 1 0 9
split_gain=284658 274270 238895 261666 205920 194381 183613 179167 367900 229722 203746 177910 178046 172076
threshold=0.98729719223882884 0.06557557904524898 1.2807652450441551 0 1.0000000180025095e-35 1.2504224695822432 3.5000000000000004 1.0389604186223813 1 1.0280500500846799 0.034482511755755542 8.5000000000000018 2 67.500000000000014
decision_type=2 2 2 1 2 2 2 2 1 2 2 2 1 2
left_child=4 -2 13 -4 5 7 -7 -1 9 -9 -10 12 -12 -3
right_child=1 2 3 -5 -6 6 -8 8 10 -11 11 -13 -14 -15
leaf_value=-0.00017962888540331293 0.00034406807470473177 -0.0006028852957121021 0.00064096777107552818 -0.0051598359628919205 -0.0014552051965770172 -0.00042954130809298881 -0.0043076731579034539 0.00074107091535833571 -0.0007100104216166542 -0.00063876792427417211 0.00081030068121479531 0.00015101944979778147 0.00019436043473483792 5.3006641344186587e-05
leaf_weight=66294406.374133229 59304026.225258112 3139667.3395080566 839296.02413201332 1001143.892364502 2097860.2333296537 3262844.277407527 1478498.2388973236 2366430.8498226404 3608338.2703255415 13387671.425150871 3891855.4172363281 38974893.947062492 3497284.5480804443 50607927.886211395
leaf_count=53782 81324 1520 1318 1070 1330 2436 1541 2334 13578 11705 1681 26457 2193 27549
internal_value=7.58457e-05 0.00118049 -0.000333479 -0.0109615 -0.00083813 -0.000695047 -0.00666314 -0.000480711 0.000629224 -0.00336824 0.00188945 0.00242384 0.00669187 3.04487e-05
internal_weight=2.53752e+08 1.14892e+08 5.5588e+07 1.84044e+06 1.3886e+08 1.36762e+08 4.74134e+06 1.32021e+08 6.57265e+07 1.57541e+07 4.99724e+07 4.6364e+07 7.38914e+06 5.37476e+07
internal_count=229818 112781 31457 2388 117037 115707 3977 111730 57948 14039 43909 30331 3874 29069
cat_boundaries=0 1 2 3
cat_threshold=308 136 81
is_linear=0
shrinkage=0.03


Tree=66
num_leaves=15
num_cat=4
split_feature=10 12 0 9 9 1 16 16 0 0 0 12 12 12
split_gain=272542 406941 440090 224962 277942 1.02939e+06 417827 393973 325782 320698 280300 350741 333969 557814
threshold=1.2883310473777285 1.0666052657390228 0 62.500000000000007 89.500000000000014 17.500000000000004 0.051279197897697977 0.052364209944619891 1 2 3 1.0213035412072564 0.99493778713559811 1.0064015881057771
decision_type=2 2 1 2 2 2 2 2 1 1 1 2 2 2
left_child=1 3 -3 -1 5 6 -5 -6 -7 -8 -9 12 -12 -14
right_child=-2 2 -4 4 7 8 9 10 -10 -11 11 -13 13 -15
leaf_value=-0.0013868377595388037 -0.0011274346388962101 0.00096877492278023085 -1.4288048383074527e-05 -0.001049632914652163 0.0003470814406005979 -0.000960117773961686 -3.696789383052211e-05 -1.0516864114636244e-05 -0.0001497938645229187 0.00074072027926354485 -0.00054977400798996497 -0.00092131317530648579 0.00071153548474001929 -0.00034562573758313721
leaf_weight=1709983.9364091158 5498919.5688297749 14895006.209267855 16083465.864906788 2217868.2160998583 31567362.632978797 4511109.7936630249 5760269.5042114258 75092398.637252808 4351520.1053901911 20200237.296123266 23669530.400085449 15660197.519570231 11527422.4503479 20869891.992027402
leaf_count=1329 4919 18033 15689 7424 72535 3125 3242 38537 6014 12089 15031 10885 8145 13264
internal_value=-3.30031e-05 0.000113404 0.00333 -0.0003455 -0.00025947 0.00210529 0.00491003 -0.000750499 -0.00681227 0.00597779 -0.00140423 -0.00274544 -0.00163673 0.000342341
internal_weight=2.53615e+08 2.48116e+08 3.09785e+07 2.17138e+08 2.15428e+08 3.7041e+07 2.81784e+07 1.78387e+08 8.86263e+06 2.59605e+07 1.46819e+08 7.1727e+07 5.60668e+07 3.23973e+07
internal_count=230261 225342 33722 191620 190291 31894 22755 158397 9139 15331 85862 47325 36440 21409
cat_boundaries=0 1 2 3 4
cat_threshold=356 84 68 83
is_linear=0
shrinkage=0.03


Tree=67
num_leaves=15
num_cat=4
split_feature=13 12 9 9 16 0 0 14 0 16 12 16 0 16
split_gain=308754 236752 191118 246397 618504 229774 181386 174912 225450 205601 168118 252628 246875 164564
threshold=1.0708652456545009 0.9353060627559534 62.500000000000007 89.500000000000014 0.051279197897697977 0 1 1.3465466527055063 2 0.06641745348188037 1.0147104157921063 0.061653988897474789 3 0.053521434381979857
decision_type=2 2 2 2 2 1 1 2 1 2 2 2 1 2
left_child=1 -1 -3 4 6 -6 -4 -2 -9 -10 11 -7 -12 -5
right_child=7 2 3 13 5 10 -8 8 9 -11 12 -13 -14 -15
leaf_value=-0.00075513221897565124 0.00036707694999919068 -0.0014665684951460634 -0.0028627514504072017 0.00017831659631990392 -0.00036257966425963891 0.00089332434648342347 -0.00049156068444102603 0.0045804148317358769 -0.00026350484324182149 -0.0043091235090701166 0.00027304238269296139 -8.8425971490889302e-05 0.00090357932872361913 -0.00012321542774399808
leaf_weight=6815875.7281913757 45698038.288194656 1336288.054838419 1220940.8728626966 30342775.71478796 3885479.5379638672 3028174.0669677258 3742572.9069334269 893878.8607814312 868064.35081756115 970961.79412889481 5684637.2898254395 6449200.3236786127 8232613.1297835112 133799452.07006967
leaf_count=6929 51265 1024 2599 57832 1799 1750 8969 2976 4844 1162 3719 2988 6066 75599
internal_value=4.23239e-05 -0.000467674 -0.000278172 -0.000201235 0.00219634 0.00396866 -0.00754455 0.0021962 -0.00517616 -0.0111834 0.00509071 0.00200892 0.00718935 -0.000672207
internal_weight=2.52969e+08 2.04538e+08 1.97722e+08 1.96386e+08 3.22436e+07 2.72801e+07 4.96351e+06 4.84309e+07 2.73291e+06 1.83903e+06 2.33946e+07 9.47737e+06 1.39173e+07 1.64142e+08
internal_count=229521 169274 162345 161321 27890 16322 11568 60247 8982 6006 14523 4738 9785 133431
cat_boundaries=0 1 2 3 4
cat_threshold=4 68 52 74
is_linear=0
shrinkage=0.03


Tree=68
num_leaves=15
num_cat=3
split_feature=12 11 12 0 12 0 0 11 11 1 12 9 1 1
split_gain=266699 233569 367824 420121 256358 345045 286334 348687 265634 243733 237665 220072 656666 393665
threshold=0.9353060627559534 1.2504224695822432 1.0666052657390228 0 1.0336496147759966 1 2 0.96973899304761912 1.0097664918894187 10.500000000000002 1.0294283446165053 89.500000000000014 17.500000000000004 17.500000000000004
decision_type=2 2 2 1 2 1 1 2 2 2 2 2 2 2
left_child=-1 2 4 -4 6 -6 7 -2 -9 10 -8 12 -11 -13
right_child=1 -3 3 -5 5 -7 9 8 -10 11 -12 13 -14 -15
leaf_value=-0.00070314199377903498 -0.0014941561841339103 -0.001140956112935918 0.00087305694596344363 -9.9223250095220543e-05 0.00027387959973684351 -0.00059352280826924762 0.00010357954830147698 0.0019033715242025558 0.00033699935609525088 0.00067741306274626161 0.00061908905009588336 -0.00035539960285200698 -0.00056436737009268271 0.00011097408597716905
leaf_weight=7219849.4377110004 1563075.0355505943 5040555.2986161709 18336966.73535049 11640393.002894402 9546501.5028347969 22998099.860580206 43933717.275710583 3929951.8735152483 17396000.169316053 10791126.311377048 3603455.1968002319 60858653.607499599 5614836.64202106 30717798.609100103
leaf_count=7815 1700 4506 21396 11378 11637 21897 45788 3597 18105 5947 3401 36515 5023 31136
internal_value=5.16494e-05 0.000218462 0.000352177 0.00346168 -8.96969e-05 -0.00253831 0.00035697 0.00348974 0.00449219 -0.000104104 0.00168587 -0.000892104 0.00230766 -0.00146534
internal_weight=2.53191e+08 2.45971e+08 2.40931e+08 2.99774e+07 2.10953e+08 3.25446e+07 1.78409e+08 2.2889e+07 2.1326e+07 1.5552e+08 4.75372e+07 1.07982e+08 1.6406e+07 9.15765e+07
internal_count=229841 222026 217520 32774 184746 33534 151212 23402 21702 127810 49189 78621 10970 67651
cat_boundaries=0 1 2 3
cat_threshold=358 305 66
is_linear=0
shrinkage=0.03


Tree=69
num_leaves=15
num_cat=3
split_feature=10 0 1 11 0 11 11 10 16 10 11 0 14 3
split_gain=289377 424132 513841 339376 327056 305448 276257 236702 206077 205853 203348 201785 186291 332418
threshold=1.0389604186223813 0 17.500000000000004 1.0256949624400986 1 1.0256949624400986 1.0297360778716553 1.0428102923176461 0.055673327516139855 0.78049706914582051 1.0550358880747772 2 0.90834235703794575 1.5000000000000002
decision_type=2 1 2 2 1 2 2 2 2 2 2 1 2 2
left_child=4 2 7 -3 8 9 -7 -2 -1 -6 -9 -4 13 -5
right_child=1 3 11 12 5 6 -8 10 -10 -11 -12 -13 -14 -15
leaf_value=3.5028936117342562e-05 0.00068890559627633524 0.00072499019112847981 -0.00047993236505498621 -0.00041200838720102315 -0.00064624789050330908 -0.0023647721138131731 -0.0002905272145785142 1.936581011094623e-05 -0.00051976295482402464 0.00014463385039909603 0.00046541419847921119 7.1051276086577002e-05 -6.7378299777643157e-05 -0.0046852787976848099
leaf_weight=12965914.581936002 5319618.180352211 7428204.1707588434 5736500.3832130432 12986209.514995456 4310556.4163253307 1667080.1837009192 12815724.177295208 12372556.045370698 33987161.696293354 69444551.16216433 32818422.330500484 10051992.862683892 29880066.836798906 1742872.1291860342
leaf_count=22686 3187 7578 2965 10783 4983 1010 13016 9254 19433 55411 31629 14693 30454 2801
internal_value=2.11845e-05 0.0011045 0.00269567 -0.000922754 -0.000927073 0.000149301 -0.0038339 0.00417226 -0.00294988 0.000931455 0.00346766 -0.00202825 -0.00191139 -0.00467265
internal_weight=2.53527e+08 1.18336e+08 6.62991e+07 5.20374e+07 1.35191e+08 8.82379e+07 1.44828e+07 5.05106e+07 4.69531e+07 7.37551e+07 4.5191e+07 1.57885e+07 4.46091e+07 1.47291e+07
internal_count=229883 113344 61728 51616 116539 74420 14026 44070 42119 60394 40883 17658 44038 13584
cat_boundaries=0 1 2 3
cat_threshold=372 324 16
is_linear=0
shrinkage=0.03


Tree=70
num_leaves=15
num_cat=3
split_feature=2 15 9 16 9 9 0 4 2 9 0 14 12 0
split_gain=304428 264686 257889 259077 323557 310894 411896 259172 786268 251740 210958 198528 187248 168314
threshold=1.0000000180025095e-35 1.0000000180025095e-35 62.500000000000007 0.065293844758091996 89.500000000000014 74.500000000000014 0 1.0000000180025095e-35 4.5000000000000009 87.500000000000014 1 0.88072654936915795 1.1153931218449846 2
decision_type=2 2 2 2 2 2 1 2 2 2 1 2 2 1
left_child=-1 2 -2 11 5 10 -7 13 -9 -3 -5 -4 -13 -6
right_child=1 9 3 4 7 6 -8 8 -10 -11 -12 12 -14 -15
leaf_value=-0.00026682127008448227 -0.0013969509608888853 0.0015524366057304846 -0.0002352554205308101 0.00067977423196154531 0.0002673545145625669 0.0012516439971597521 0.00023984784506846481 -0.005061741377991813 0.0016147689180779925 -0.008676567645892086 -0.00044521605328821766 0.00023910266541210689 0.0012160106744400513 -0.0001453829755058377
leaf_weight=43438209.849775434 1742187.642338872 405820.33096897602 14333444.486670852 2908876.1209716797 14920984.527587891 3145189.3551330566 6097692.0484008789 2140815.0772094727 1040317.3965454102 717921.52548110485 4713826.7938842773 82186055.317756057 4611477.2064676285 71288179.83203125
leaf_count=33947 1377 1601 20770 1622 11212 1881 3369 2119 946 1564 2446 103476 6781 36543
internal_value=1.28831e-05 0.000485246 0.000563273 0.00065983 -0.000374621 0.00343661 0.00713555 -0.0010937 -0.00950292 -0.0140355 -0.00104854 0.0017467 0.00228685 -0.000783397
internal_weight=2.53691e+08 2.10253e+08 2.09129e+08 2.07387e+08 1.06256e+08 1.68656e+07 9.24288e+06 8.93903e+07 3.18113e+06 1.12374e+06 7.6227e+06 1.01131e+08 8.67975e+07 8.62092e+07
internal_count=229654 195707 192542 191165 60138 9318 5250 50820 3065 3165 4068 131027 110257 47755
cat_boundaries=0 1 2 3
cat_threshold=176 394 65
is_linear=0
shrinkage=0.03


Tree=71
num_leaves=15
num_cat=2
split_feature=13 9 9 1 16 0 1 0 11 12 16 11 16 1
split_gain=295305 216165 254037 880107 359789 289026 189936 171898 307923 224349 218767 200551 151625 151803
threshold=1.0885113934714541 62.500000000000007 89.500000000000014 18.500000000000004 0.046261003507847509 0 8.5000000000000018 1 0.96260014076720346 0.9927388970595955 0.052915134947898658 1.2744203364317281 0.030497419635198537 13.500000000000002
decision_type=2 2 2 2 2 1 2 1 2 2 2 2 2 2
left_child=1 -1 3 4 -3 -6 -7 8 9 -4 11 12 -9 -14
right_child=-2 2 7 -5 5 6 -8 10 -10 -11 -12 -13 13 -15
leaf_value=-0.0014245828543684618 0.00036588306080196129 -0.0010211958661148597 -7.6992182961889628e-05 -0.0010300768064766782 -9.1797104113423316e-05 6.2345452711917934e-05 0.00076330109474518346 -0.00020828924841232287 0.00034557098502754723 -0.0016212239121222269 -0.00019279247866364906 -0.0031662347618512032 0.00068697245954705036 -4.8158299071724448e-06
leaf_weight=1499550.7806936502 38909739.655640721 1650205.1982340813 2975977.936273694 5485295.7784011364 6243973.3428344727 3677855.9428720474 17401400.117290258 9127679.3799153566 24958765.061179996 1942856.8991061449 122162034.11857343 550451.21520709991 10091270.053066254 7213485.2900648117
leaf_count=1097 52465 5680 3263 7355 3762 1701 11031 31860 27674 2109 64699 1313 9057 7099
internal_value=6.13869e-05 -0.000373887 -0.000294158 0.00206466 0.00415078 0.00497235 0.00665165 -0.000748189 0.0013288 -0.0055316 -0.00116426 0.00128047 0.0016537 0.0033039
internal_weight=2.53891e+08 2.14981e+08 2.13481e+08 3.44587e+07 2.89734e+07 2.73232e+07 2.10793e+07 1.79023e+08 2.98776e+07 4.91883e+06 1.49145e+08 2.69829e+07 2.64324e+07 1.73048e+07
internal_count=230165 177700 176603 29529 22174 16494 12732 147074 33046 5372 114028 49329 48016 16156
cat_boundaries=0 1 2
cat_threshold=68 65
is_linear=0
shrinkage=0.03


Tree=72
num_leaves=15
num_cat=2
split_feature=2 15 16 10 12 10 10 0 10 0 11 11 14 12
split_gain=262540 259644 242656 277198 277484 242649 195726 181504 171094 166584 292170 328555 163753 181032
threshold=1.0000000180025095e-35 1.0000000180025095e-35 0.069297429202284114 1.0389604186223813 1.03376952192731 1.0990918803224481 1.0428102923176461 0 1.1942558122392908 1 0.96973899304761912 1.0256949624400986 0.84147441079431173 1.0598131614188067
decision_type=2 2 2 2 2 2 2 1 2 1 2 2 2 2
left_child=-1 2 12 4 9 -3 -5 8 -8 10 -4 -12 -2 -14
right_child=1 5 3 6 -6 -7 7 -9 -10 -11 11 -13 13 -15
leaf_value=-0.00024675589789243584 -0.00025046205967010514 0.00063142027546025698 -0.00077731523605908493 0.00067111482461083242 -0.001406398640399016 -0.0093178410637563183 0.00082370117768671325 -8.2521232348460748e-05 -0.00051407604365778141 -0.00028206836728354696 0.00069130170019855806 -0.00062770208857612208 0.00014910072327234042 0.00058090685123883545
leaf_weight=43378111.061019182 12287384.017047048 501493.20854628086 4362882.3885192871 3408678.3712463379 3680820.4430847168 644832.05432581902 7651863.9195251465 27520472.142578125 1987606.3890075684 26292754.228790283 9115405.9984741211 3634536.0243835449 91813959.998709917 17623946.081532836
leaf_count=33952 16536 1706 2944 1459 2601 1507 6581 14140 1824 11796 5986 2118 103492 23260
internal_value=7.42984e-05 0.000512188 0.000590143 -0.00061337 -0.00217931 -0.0137265 0.00120416 0.000573045 0.00411569 -0.00150867 0.000795016 0.00308805 0.0014568 0.0018255
internal_weight=2.53905e+08 2.10527e+08 2.0938e+08 8.7655e+07 4.70864e+07 1.14633e+06 4.05686e+07 3.71599e+07 9.63947e+06 4.34056e+07 1.71128e+07 1.27499e+07 1.21725e+08 1.09438e+08
internal_count=229902 195950 192737 49449 25445 3213 24004 22545 8405 22844 11048 8104 143288 126752
cat_boundaries=0 1 2
cat_threshold=352 203
is_linear=0
shrinkage=0.03


Tree=73
num_leaves=15
num_cat=2
split_feature=2 15 10 16 10 12 12 3 0 10 12 12 0 14
split_gain=249034 241796 244787 231053 283011 288665 264800 460863 306730 213337 213297 208810 188135 176753
threshold=1.0000000180025095e-35 1.0000000180025095e-35 1.0990918803224481 0.065048105878625501 1.0379730489952987 1.0182782321369752 0.99493778713559811 1.5000000000000002 0 1.2095953772569914 1.0017672621402147 1.0131338228234275 1 0.88072654936915795
decision_type=2 2 2 2 2 2 2 2 1 2 2 2 1 2
left_child=-1 3 -3 13 5 6 7 -5 -8 12 -10 -12 -6 -2
right_child=1 2 -4 4 9 -7 8 -9 10 -11 11 -13 -14 -15
leaf_value=-0.0002370724294569691 -0.00024065431498084547 0.00074757551438058131 -0.0091159638492518263 -2.3042084229983584e-05 0.00033835927596620783 -0.00079214278596546417 0.00061623670286931542 -0.0021771547535812067 0.00030004738742058916 -0.00068849813699752851 -0.00041197325570163353 0.00024389181603470955 -1.965820881776577e-05 0.00026355471101823717
leaf_weight=43377346.42965138 14201450.272840261 515441.95032000542 640801.52549111843 11585854.461730957 24033184.679168701 11424244.366699219 9527268.3765869141 5485906.018737793 4840249.2100830078 5130318.5606536865 10881676.524383545 3805071.4924621582 20895269.608978271 86859002.238052964
leaf_count=33953 20730 1702 1511 5019 13695 7532 5703 4597 2353 3716 4464 1656 12368 110537
internal_value=7.13279e-05 0.000499106 -0.013182 0.000574913 -0.000392504 -0.00182738 -0.000769991 -0.00373532 0.000972384 0.00125711 -0.0011807 -0.00298067 0.00191891 0.00160502
internal_weight=2.53203e+08 2.09826e+08 1.15624e+06 2.08669e+08 1.07609e+08 5.75503e+07 4.6126e+07 1.70718e+07 2.90543e+07 5.00588e+07 1.9527e+07 1.46867e+07 4.49285e+07 1.0106e+08
internal_count=229536 195583 3213 192370 61103 31324 23792 9616 14176 29779 8473 6120 26063 131267
cat_boundaries=0 1 2
cat_threshold=75 370
is_linear=0
shrinkage=0.03


Tree=74
num_leaves=15
num_cat=3
split_feature=2 9 10 3 12 10 0 12 0 12 10 0 12 10
split_gain=222688 196898 200562 320534 289959 262880 217042 212304 275601 359121 289974 193200 288583 220822
threshold=1.0000000180025095e-35 62.500000000000007 1.2236955986104996 1.5000000000000002 1.0666052657390228 1.2883310473777285 0 1.0336496147759966 1 1.0294283446165053 0.96771506909300131 2 1.0090220366767901 1.0804981498706023
decision_type=2 2 2 2 2 2 1 2 1 2 2 1 2 2
left_child=11 -2 4 -4 7 -5 -6 8 10 -10 -3 12 -1 -13
right_child=1 2 3 5 6 -7 -8 -9 9 -11 -12 13 -14 -15
leaf_value=2.5746646210499049e-05 -0.0012246001773983726 -0.00043297117615029009 -0.00011711585369179556 -0.00051374355907332994 -0.00023285643462022084 -0.0074533311879717455 0.00069345359929976044 -0.00030294563110032602 -3.4802785507439269e-05 0.0004285744729203398 0.00073170665884657088 -0.00022698108610419752 -0.0011225243538221384 0.00042276360859999228
leaf_weight=5809926.0459439754 1721664.1388959885 5182506.5232275724 6889944.5460662842 915272.18835163116 4320785.0341750383 1002764.9497172832 19008263.428902149 25701223.826749802 115325754.89649785 9112814.9605683088 21144788.578419089 22203755.195990801 8207210.4925303459 7105056.3401538134
leaf_count=4605 1341 7057 7082 2119 4432 1372 20375 26635 92127 6059 27409 15991 6782 6623
internal_value=1.57636e-06 0.000405016 0.000488405 -0.00394196 0.000683717 -0.0147887 0.00382697 0.000268177 0.000697806 0.000107828 0.00348639 -0.00195692 -0.00485373 -0.000571499
internal_weight=2.53652e+08 2.10326e+08 2.08604e+08 8.80798e+06 1.99796e+08 1.91804e+06 2.3329e+07 1.76467e+08 1.50766e+08 1.24439e+08 2.63273e+07 4.33259e+07 1.40171e+07 2.93088e+07
internal_count=230009 196008 194667 10573 184094 3491 24807 159287 132652 98186 34466 34001 11387 22614
cat_boundaries=0 1 2 3
cat_threshold=144 194 138
is_linear=0
shrinkage=0.03


Tree=75
num_leaves=15
num_cat=0
split_feature=13 12 11 10 16 9 1 16 1 10 3 12 12 1
split_gain=243459 192501 171883 230076 159345 187001 770844 184580 165809 163215 380217 220306 143927 137469
threshold=1.0556547475556222 0.9353060627559534 0.89451372984939514 0.74478466775923013 0.030497419635198537 89.500000000000014 17.500000000000004 0.05215966109183421 7.5000000000000009 0.96771506909300131 1.5000000000000002 0.9927388970595955 1.0666052657390228 19.500000000000004
decision_type=2 2 2 2 2 2 2 2 2 2 2 2 2 2
left_child=1 -1 3 -3 -4 6 8 13 -6 10 11 -9 -2 -7
right_child=12 2 4 -5 5 7 -8 9 -10 -11 -12 -13 -14 -15
leaf_value=-0.00069897624737168674 0.00015036396905802456 -0.0010201923496137846 -0.00059833445146649381 0.00064906063009124255 -0.00041945640860006439 0.00075287290232738991 -0.00065766107301509053 0.00051739427019137623 0.00049358147766390224 -7.6370235042472385e-05 -0.0028769666709519827 -0.00036488732262097154 0.00077798448001211264 -5.5573134799157999e-05
leaf_weight=6768540.9790244102 51537818.029709339 1351515.4046869278 11755753.595024347 7205236.573715806 1822695.7123823166 6675006.4619407654 6506768.9080197811 3607800.0263977051 20191773.634818792 111727691.46003091 2699589.2190246582 8128569.347442627 7879119.2507214546 5969265.3323698044
leaf_count=6795 58178 1144 44221 5496 1177 7296 4520 1986 12939 63151 2388 4113 10295 6281
internal_value=-1.05807e-05 -0.000524223 -0.000344931 0.00380889 -0.000543402 -0.00030621 0.00190627 -0.000760815 0.00458759 -0.00110714 -0.00410901 -0.00177396 0.00167004 0.00269481
internal_weight=2.53827e+08 1.9441e+08 1.87642e+08 8.55675e+06 1.79085e+08 1.67329e+08 2.85212e+07 1.38808e+08 2.20145e+07 1.26164e+08 1.4436e+07 1.17364e+07 5.94169e+07 1.26443e+07
internal_count=229980 161507 154712 6640 148072 103851 18636 85215 14116 71638 8487 6099 68473 13577
is_linear=0
shrinkage=0.03


Tree=76
num_leaves=15
num_cat=4
split_feature=13 14 0 16 9 9 1 16 0 16 16 14 0 0
split_gain=267139 159498 188146 169505 152534 172979 727511 317683 219377 210378 139192 206310 163164 161979
threshold=1.0708652456545009 1.3465466527055063 0 0.066931060223080013 62.500000000000007 89.500000000000014 18.500000000000004 0.047751377251044363 1 0.08861376837402056 0.053356818994415696 0.79413159547333489 2 3
decision_type=2 2 1 2 2 2 2 2 1 2 2 2 1 1
left_child=4 -2 -3 -4 -1 6 7 -6 -9 -10 11 12 -7 -12
right_child=1 2 3 -5 5 10 -8 8 9 -11 13 -13 -14 -15
leaf_value=-0.0012990054179313627 0.00034230913677160826 0.0037503015458114049 -0.00047657638908615158 -0.0040273617353426012 -0.001000793258787455 0.00045111926117977956 -0.00098380217275420155 -7.513890164683838e-05 0.00067410967637996201 -0.00021174009510376566 0.00012600895645629342 0.00022657438256271152 -0.0020339058849667508 -0.00017740343360590205
leaf_weight=1372725.2860872746 45818797.80936408 870035.6270160675 854826.15821743011 981824.48969841003 1663752.5719766617 632614.45123410225 5311581.2401397228 5794657.9693603516 16491767.917542696 3032103.5002233982 24568097.5987854 28371984.526294231 1296584.103307724 116606129.50870359
leaf_count=1011 51387 2983 4834 1159 5620 2580 7132 3455 10515 1308 19127 52828 4492 61416
internal_value=2.01729e-05 0.00202188 -0.00505458 -0.0104984 -0.000453322 -0.000386179 0.00162796 0.00362577 0.00446022 0.00598157 -0.000765501 0.00107941 -0.00841367 -0.00116149
internal_weight=2.53667e+08 4.85255e+07 2.70669e+06 1.83665e+06 2.05142e+08 2.03769e+08 3.22939e+07 2.69823e+07 2.53185e+07 1.95239e+07 1.71475e+08 3.03012e+07 1.9292e+06 1.41174e+08
internal_count=229847 60363 8976 5993 169484 168473 28030 20898 15278 11823 140443 59900 7072 80543
cat_boundaries=0 1 2 3 4
cat_threshold=52 68 340 65
is_linear=0
shrinkage=0.03


Tree=77
num_leaves=15
num_cat=2
split_feature=15 9 10 9 9 1 0 1 9 16 0 10 12 12
split_gain=245470 235416 205877 192104 210618 852786 360632 330230 605561 299636 225346 248853 797132 318322
threshold=1.0000000180025095e-35 87.500000000000014 0.74478466775923013 62.500000000000007 89.500000000000014 18.500000000000004 0 8.5000000000000018 68.500000000000014 0.052915134947898658 1 1.012904860052575 1.0182782321369752 1.0020641799475636
decision_type=2 2 2 2 2 2 1 2 2 2 1 2 2 2
left_child=2 -2 -1 -4 5 6 -5 8 -8 -6 -11 12 -12 -13
right_child=1 -3 3 4 9 -7 7 -9 -10 10 11 13 -14 -15
leaf_value=-0.00078881322220201533 0.0013093710838200704 -0.007611002586005282 -0.0012364911196051137 -0.00014777817633072494 0.00032755991644874187 -0.00098580174525450689 -0.0019216374423728052 0.00073758919876968298 0.00041329889004117714 -0.00031049717169905782 9.2954557806063209e-06 -0.00032757334092230764 -0.0014194171773801146 0.0002122504184266516
leaf_weight=5342944.6666964293 426354.5926681757 736304.98125100136 1743451.8244433403 8283076.0074478388 38942349.792356491 6156090.9048891068 1294979.2727684975 20285168.109664917 4431988.3087091446 51112346.257324219 32055409.846511841 14508474.819396973 6867217.3731384277 61071664.077224731
leaf_count=5957 1619 1609 1391 6431 85671 8485 1712 12931 6018 33038 14864 7545 5008 37506
internal_value=1.01249e-05 -0.0137428 7.35532e-05 0.000199708 0.000270319 0.00224829 0.00409378 0.00582975 -0.000531871 -0.000120825 -0.00067759 6.17624e-05 -0.00188713 0.00106541
internal_weight=2.53258e+08 1.16266e+06 2.52095e+08 2.46752e+08 2.45009e+08 4.04513e+07 3.42952e+07 2.60121e+07 5.72697e+06 2.04557e+08 1.65615e+08 1.14503e+08 3.89226e+07 7.55801e+07
internal_count=229785 3228 226557 220600 219209 35577 27092 20661 7730 183632 97961 64923 19872 45051
cat_boundaries=0 1 2
cat_threshold=68 392
is_linear=0
shrinkage=0.03


Tree=78
num_leaves=15
num_cat=2
split_feature=15 2 9 16 4 12 14 9 9 9 9 0 0 12
split_gain=224101 236366 221965 210867 239695 292063 174950 177135 158453 366788 198094 188413 156036 226382
threshold=1.0000000180025095e-35 1.0000000180025095e-35 87.500000000000014 0.065048105878625501 1.0000000180025095e-35 0.99613586028316414 0.87240828042121621 62.500000000000007 68.500000000000014 83.500000000000014 78.500000000000014 0 1 1.0076809644919542
decision_type=2 2 2 2 2 2 2 2 2 2 2 1 1 2
left_child=1 12 -2 6 8 -6 -3 -8 11 10 -10 -5 -1 -14
right_child=2 3 -4 4 5 -7 7 -9 9 -11 -12 -13 13 -15
leaf_value=-2.4377498161575586e-05 0.0011774850473273786 -0.00024766481636016077 -0.0073867709462089827 2.0397851165548442e-05 -0.0050992927507172324 -0.00022012930263548325 -0.0012303376530436354 0.00027093726622819608 0.00029713051783907652 -4.7984817074911826e-05 0.0011981314430389604 -0.001339926064718669 2.37042080389291e-05 -0.00079626779352030266
leaf_weight=23053906.319982171 420585.08360314369 13306597.21323657 726507.44721639156 2370692.0724487305 1316732.910736084 1874252.0104980469 859532.19307768345 87095276.286117554 7165581.4952697754 90214032.916534424 2674056.4656066895 2110490.2993774414 7592569.2593518496 12663905.554832935
leaf_count=18754 1616 19375 1619 1362 1118 1962 869 111517 3751 50130 1642 1066 5692 9507
internal_value=7.44307e-05 0.000134582 -0.0131555 0.000552598 -0.000371307 -0.00847082 0.00153549 0.00202051 -0.000124065 0.000123119 0.00562308 -0.00564308 -0.00188249 -0.00380349
internal_weight=2.53445e+08 2.52298e+08 1.14709e+06 2.08987e+08 1.07726e+08 3.19098e+06 1.01261e+08 8.79548e+07 1.04535e+08 1.00054e+08 9.83964e+06 4.48118e+06 4.33104e+07 2.02565e+07
internal_count=229980 226745 3235 192792 61031 3080 131761 112386 57951 55523 5393 2428 33953 15199
cat_boundaries=0 1 2
cat_threshold=460 369
is_linear=0
shrinkage=0.03


Tree=79
num_leaves=15
num_cat=2
split_feature=15 9 13 9 9 1 16 0 12 16 16 0 11 12
split_gain=226006 208903 177793 153053 164177 702015 307244 230693 195264 217682 177391 173508 466078 215080
threshold=1.0000000180025095e-35 87.500000000000014 1.1002953456547913 62.500000000000007 89.500000000000014 18.500000000000004 0.046261003507847509 0 1.0147104157921063 0.081083792322249923 0.052915134947898658 1 0.98059644709439753 1.0197477511393997
decision_type=2 2 2 2 2 2 2 1 2 2 2 1 2 2
left_child=2 -2 3 -1 5 6 -5 -8 9 -9 -6 12 13 -12
right_child=1 -3 -4 4 10 -7 7 8 -10 -11 11 -13 -14 -15
leaf_value=-0.001206135691287644 0.0010452311422161215 -0.0072873382194124326 0.00034359019375823722 -0.00099904747802478 0.00020043221201837959 -0.00090125385658295731 -6.6486382336564522e-05 0.00048406223598605427 0.00077920139747755031 -0.00039435570837426906 -0.00031239049879324153 -0.00016551709827987098 0.00027445744015106526 -0.0014468726907991547
leaf_weight=1467668.6962661743 416650.61642050743 717667.98329997063 33057390.762148142 1707743.2463600636 31503545.184057236 5486834.956887722 6536385.3046875 6559292.6122131348 12209862.643707275 2625725.1533203125 5959047.2516479492 104110749.20736694 38184379.887985229 3028381.5462646484
leaf_count=1104 1611 1584 47217 5505 63209 7140 3900 3357 7993 930 4760 49188 30545 2034
internal_value=-1.79569e-05 -0.013379 4.20806e-05 -0.000266976 -0.000201946 0.00167649 0.00350127 0.00425653 0.0057635 0.00245911 -0.000562922 -0.000989405 0.000519958 -0.00562663
internal_weight=2.53571e+08 1.13432e+06 2.52437e+08 2.1938e+08 2.17912e+08 3.51258e+07 2.9639e+07 2.79313e+07 2.13949e+07 9.18502e+06 1.82786e+08 1.51283e+08 4.71718e+07 8.98743e+06
internal_count=230077 3195 226882 179665 178561 28825 21685 16180 12280 4287 149736 86527 37339 6794
cat_boundaries=0 1 2
cat_threshold=68 99
is_linear=0
shrinkage=0.03


Tree=80
num_leaves=15
num_cat=1
split_feature=14 5 16 4 12 1 14 16 14 3 13 12 1 0
split_gain=196870 221557 207227 182740 260125 164065 339082 288786 210043 236709 429807 264918 255020 170693
threshold=0.98729719223882884 1.0000000180025095e-35 0.06133114434014638 1.0000000180025095e-35 0.99613586028316414 8.5000000000000018 0.8884171423713475 0.033408427236835604 0.82429078277395884 1.5000000000000002 0.72006412115108376 1.0094282815670288 12.500000000000002 0
decision_type=2 2 2 2 2 2 2 2 2 2 2 2 2 1
left_child=1 5 -2 -4 -5 6 7 -1 9 12 -11 -12 -7 -9
right_child=2 -3 3 4 -6 8 -8 13 -10 10 11 -13 -14 -15
leaf_value=-0.0014101854762034248 0.00033703499253251614 -0.0013917519995219406 2.0916239184080928e-05 -0.0046678109470483951 3.4469893365732097e-05 -0.00086149486428725199 -9.2207463358225548e-05 0.00098591408111383988 -5.0596627240713804e-05 -0.0069338813723153463 0.00094075189251781809 -0.0026369660302703432 5.7766543482630771e-07 0.00033940975139696937
leaf_weight=1093994.1315107346 48514492.270892739 2086803.996997714 62946863.139840841 1282881.9494628906 1737965.1438293457 4919589.836517334 15812318.252604485 3553704.4270629883 93226112.365708828 1294595.6038599014 982811.29232978821 966491.89397382736 11520971.391170979 3499567.4687328339
leaf_count=9885 73592 1318 35819 1136 1877 3709 17728 1503 68388 1474 677 1376 8875 2114
internal_value=1.80658e-05 -0.000740866 0.000939247 -0.000155327 -0.007363 -0.000592951 0.00166182 0.00663376 -0.00107141 -0.0038873 -0.0112934 -0.0023942 -0.00242599 0.00885817
internal_weight=2.53439e+08 1.38957e+08 1.14482e+08 6.59677e+07 3.02085e+06 1.3687e+08 2.39596e+07 8.14727e+06 1.12911e+08 1.96845e+07 3.2439e+06 1.9493e+06 1.64406e+07 7.05327e+06
internal_count=229471 117047 112424 38832 3013 115729 31230 13502 84499 16111 3527 2053 12584 3617
cat_boundaries=0 1
cat_threshold=85
is_linear=0
shrinkage=0.03


Tree=81
num_leaves=15
num_cat=5
split_feature=10 12 0 12 0 12 12 0 11 11 11 0 11 0
split_gain=289327 275144 363106 195502 274783 210933 193724 240198 302686 244357 243388 332240 301950 300166
threshold=1.2883310473777285 1.0666052657390228 0 1.0336496147759966 1 1.0321335269730831 0.9353060627559534 2 0.96973899304761912 1.0097664918894187 1.0069201742998883 3 1.0132613496646867 4
decision_type=2 2 1 2 1 2 2 1 2 2 2 1 2 1
left_child=1 3 -3 5 -5 6 -1 8 -8 -10 11 -9 -12 -14
right_child=-2 2 -4 4 -6 -7 7 10 9 -11 12 -13 13 -15
leaf_value=-0.00059651843423816657 -0.0011759507825763807 0.0007313733978029876 -0.00013076993520338851 0.00043502464799443795 -0.0004228344581710415 0.00057049917183024418 -0.0013520164128214844 0.0003091034442110955 0.0018456347196564888 0.00031571946779009166 -0.00069110463175879578 -0.00024215774579170355 -0.00047576010880162519 6.5003706950588429e-05
leaf_weight=7276640.2396091223 5522283.366116643 19438254.541647673 11719738.396205306 6185307.5084106922 26144682.554307461 4080039.6255267859 1551332.5616874695 42058455.717825532 3984939.1482089758 15332515.378638506 12042854.911008477 21583401.721725106 24725561.720992327 52300663.881210089
leaf_count=7868 4908 22335 11346 10115 23082 3292 1674 32729 3654 15985 8662 22045 20769 41516
internal_value=1.13287e-05 0.000162304 0.00279873 -0.000215784 -0.00236811 0.00016048 8.30341e-06 0.000209334 0.0032282 0.00425207 -0.00020321 0.00121365 -0.00121559 -0.00052492
internal_weight=2.53947e+08 2.48424e+08 3.1158e+07 2.17266e+08 3.233e+07 1.84936e+08 1.80856e+08 1.7358e+08 2.08688e+07 1.93175e+07 1.52711e+08 6.36419e+07 8.90691e+07 7.70262e+07
internal_count=229980 225072 33681 191391 33197 158194 154902 147034 21313 19639 125721 54774 70947 62285
cat_boundaries=0 1 2 3 4 5
cat_threshold=358 289 66 153 9
is_linear=0
shrinkage=0.03


Tree=82
num_leaves=15
num_cat=2
split_feature=15 9 12 0 12 0 2 5 3 9 12 16 2 1
split_gain=205316 216454 211838 465536 295769 299016 194881 404684 260969 279164 329762 330014 260974 247536
threshold=1.0000000180025095e-35 87.500000000000014 1.0598131614188067 0 1.0336496147759966 1 2.5000000000000004 1.0000000180025095e-35 1.0000000180025095e-35 68.500000000000014 0.99613586028316414 0.063734243933729354 4.5000000000000009 10.500000000000002
decision_type=2 2 2 1 2 1 2 2 2 2 2 2 2 2
left_child=2 -2 4 -4 6 -6 7 13 -8 -10 11 -11 -12 -1
right_child=1 -3 3 -5 5 -7 8 -9 9 10 12 -13 -14 -15
leaf_value=0.00012963496998996259 0.0012728067016270694 -0.0068620779474556299 0.00066245133929454232 -0.00013011355534730401 0.00032768304230664202 -0.00064928930293033679 0.00037408610235630495 -0.0020954008682462517 -0.0011313773977079597 0.00035438543538227697 -5.5486936201425198e-05 -0.00090278332009261929 0.00060549976670694989 -0.0001798695770221875
leaf_weight=30155689.406960011 421069.45588433743 733478.89958572388 20737699.346289039 20299843.678270459 5833479.2005444765 20089685.43596375 28140645.085857153 1769996.3149356842 3032243.6802442074 6948717.2477403879 20693965.282437921 10458455.577331543 22276995.533780456 61668360.102637291
leaf_count=26405 1616 1572 23167 18889 7885 19137 20805 1219 2857 12822 15962 7737 28211 41407
internal_value=-1.43877e-05 -0.0126366 4.3417e-05 0.00201563 -0.000340035 -0.00334126 8.01822e-05 -0.000882443 0.00106429 -2.72693e-06 0.000443354 -0.00304006 0.00185446 -0.000608561
internal_weight=2.5326e+08 1.15455e+06 2.52106e+08 4.10375e+07 2.11068e+08 2.59232e+07 1.85145e+08 9.3594e+07 9.1551e+07 6.34104e+07 6.03781e+07 1.74072e+07 4.2971e+07 9.1824e+07
internal_count=229691 3188 226503 42056 184447 27022 157425 69031 88394 67589 64732 20559 44173 67812
cat_boundaries=0 1 2
cat_threshold=364 305
is_linear=0
shrinkage=0.03


Tree=83
num_leaves=15
num_cat=3
split_feature=14 16 10 0 12 0 10 10 0 12 16 9 10 3
split_gain=199193 209148 206373 334955 157571 141565 172924 136381 229068 132540 120707 119404 117434 448797
threshold=0.9865664650043301 0.055845160148253276 1.0022981177563166 0 1.0197477511393997 1 0.97017296776822393 1.1942558122392908 2 1.0081207388974922 0.090659472269326052 74.500000000000014 1.2306657227023974 1.5000000000000002
decision_type=2 2 2 1 2 1 2 2 1 2 2 2 2 2
left_child=5 -2 3 9 -5 6 -1 8 11 -3 -8 -4 -7 -14
right_child=1 2 7 4 -6 12 10 -9 -10 -11 -12 -13 13 -15
leaf_value=-0.0010848606916289748 0.00037598712538861045 -0.00059217517067998221 -0.00021414645668231663 0.00024964411924100388 -0.00066025581654603565 -9.1040969634528345e-05 0.00028155870814961436 -0.00063771890227965595 4.4230085182166823e-05 -0.0015157121816675406 0.0012970759031696406 0.00096566853693716523 -0.00024405876486961791 -0.0062526150398550528
leaf_weight=1114997.2019129992 36249218.2509197 5119744.7953491211 1988314.193359375 11911051.835998535 4428288.447265625 120539122.07370627 8474054.3455592394 3470074.3486022949 40257618.71982336 3035239.3939819336 1164603.2467041016 9169376.8341827393 5635485.8827404976 1057064.8540581465
leaf_count=1318 64757 3137 1609 6826 3293 96845 10714 2877 21101 1815 610 8204 5162 1787
internal_value=-2.66041e-05 0.000891845 2.96429e-05 -0.00226011 0.000218316 -0.000796246 0.00250899 0.00105152 0.00144002 -0.00722589 0.00380288 0.00524361 -0.00107561 -0.00494362
internal_weight=2.53614e+08 1.15629e+08 7.93797e+07 2.44943e+07 1.63393e+07 1.37985e+08 1.07537e+07 5.48854e+07 5.14153e+07 8.15498e+06 9.63866e+06 1.11577e+07 1.27232e+08 6.69255e+06
internal_count=230055 113619 48862 15071 10119 116436 12642 33791 30914 4952 11324 9813 103794 6949
cat_boundaries=0 1 2 3
cat_threshold=324 64 98
is_linear=0
shrinkage=0.03


Tree=84
num_leaves=15
num_cat=3
split_feature=2 16 4 2 0 16 9 13 9 9 1 9 0 0
split_gain=177208 201898 199312 757477 167903 166964 165220 150367 143197 352072 206875 238626 206423 181366
threshold=1.0000000180025095e-35 0.065048105878625501 1.0000000180025095e-35 4.5000000000000009 0 0.071698968275871661 86.500000000000014 1.1196341568815777 67.500000000000014 83.500000000000014 17.500000000000004 78.500000000000014 1 2
decision_type=2 2 2 2 1 2 2 2 2 2 2 2 1 1
left_child=4 7 8 -4 6 -6 -1 -2 12 10 11 13 -3 -10
right_child=1 2 3 -5 5 -7 -8 -9 9 -11 -12 -13 -14 -15
leaf_value=0.00051929246945078009 0.00010944696864762586 5.8854147431271695e-05 -0.0044860689454452136 0.0017290844785664017 -0.00019899506544588782 0.00022340971693792289 -0.00077289039293418056 0.00068872308402432312 -0.00036597565119604754 -6.838070514663621e-05 -0.00031717812461489641 0.0013934643380007325 -0.0012966639135589498 0.00069723191791891859
leaf_weight=1669742.0910778046 87854487.411309481 2077053.662322998 2178098.3173217773 1056101.4622344971 19808756.064948797 9605093.9123535156 12129170.192688823 13694291.825233579 2110866.2875366211 90669946.730167031 2059350.9469206333 2293368.1459681988 1883069.3135070801 4047552.1034514904
leaf_count=1433 103927 1162 2135 976 18530 4053 9845 29739 1311 50779 1133 1544 972 2297
internal_value=2.85615e-05 0.000388692 -0.000511901 -0.00784734 -0.00172092 -0.000440095 -0.00445115 0.00134983 -0.000286259 -6.72275e-05 0.00513027 0.00720777 -0.0058825 0.00413162
internal_weight=2.53137e+08 2.09924e+08 1.08375e+08 3.2342e+06 4.32128e+07 2.94138e+07 1.37989e+07 1.01549e+08 1.05141e+08 1.01181e+08 1.05111e+07 8.45179e+06 3.96012e+06 6.15842e+06
internal_count=229836 195975 62309 3111 33861 22583 11278 133666 59198 57064 6285 5152 2134 3608
cat_boundaries=0 1 2 3
cat_threshold=138 460 69
is_linear=0
shrinkage=0.03


Tree=85
num_leaves=15
num_cat=3
split_feature=15 9 12 0 12 0 9 9 3 4 14 1 12 0
split_gain=199314 205792 186740 455724 247300 284606 179008 170662 141264 140448 215949 209041 209583 168547
threshold=1.0000000180025095e-35 87.500000000000014 1.0598131614188067 0 1.0336496147759966 1 82.500000000000014 89.500000000000014 1.0000000180025095e-35 1.0000000180025095e-35 1.0368370670723384 17.500000000000004 0.98446444983219006 2
decision_type=2 2 2 1 2 1 2 2 2 2 2 2 2 1
left_child=2 -2 4 8 9 7 -5 -6 -4 10 -1 12 -11 -12
right_child=1 -3 3 6 5 -7 -8 -9 -10 11 13 -13 -14 -15
leaf_value=-1.9628867694915355e-05 0.0010021973572358817 -0.0066149473757228768 0.00083989294986572228 0.0012761951788354564 0.00096924603401349709 -0.00060895529559045446 -0.00020832875398515572 -0.00019856543382421927 0.00021474316683077086 -0.0054039262568545427 0.00066978624742861125 0.0021154131632030409 -0.00065859494748999583 -0.00022931148848541802
leaf_weight=155790046.19551349 418430.89860653877 719912.62984752655 13973350.232690811 1091064.7413929701 2734830.0753514767 18542261.858269572 19315524.370661139 4584405.1250098944 6764216.4472774267 1173797.4369987249 14678122.419477344 797788.05161857605 1487044.7365441322 11216422.498195529
leaf_count=116324 1590 1569 13638 1297 4170 15967 17675 6828 9524 1397 19791 1617 2585 15832
internal_value=4.61603e-05 -0.0124788 0.000102705 0.00195156 -0.000257807 -0.00300579 -0.00123126 0.00200337 0.00508358 0.000126042 0.000240045 -0.00586265 -0.00990114 0.00277695
internal_weight=2.53287e+08 1.13834e+06 2.52149e+08 4.11442e+07 2.11005e+08 2.58615e+07 2.04066e+07 7.31924e+06 2.07376e+07 1.85143e+08 1.81685e+08 3.45863e+06 2.66084e+06 2.58945e+07
internal_count=229804 3159 226645 42134 184511 26965 18972 10998 23162 157546 151947 5599 3982 35623
cat_boundaries=0 1 2 3
cat_threshold=364 433 186
is_linear=0
shrinkage=0.03


Tree=86
num_leaves=15
num_cat=0
split_feature=13 2 3 14 16 10 2 10 10 2 5 3 5 1
split_gain=211037 175595 333442 181964 173592 131478 292036 273960 244133 144647 369016 333576 210076 188106
threshold=1.0885113934714541 4.5000000000000009 2.5000000000000004 1.0331705990741289 0.066931060223080013 1.2306657227023974 4.5000000000000009 1.1419459761965169 1.2883310473777285 2.5000000000000004 1.0000000180025095e-35 1.0000000180025095e-35 1.0000000180025095e-35 10.500000000000002
decision_type=2 2 2 2 2 2 2 2 2 2 2 2 2 2
left_child=5 2 -2 -3 -4 7 -7 9 -8 10 13 -11 -13 -1
right_child=1 3 4 -5 -6 6 8 -9 -10 11 -12 12 -14 -15
leaf_value=6.0396095883882284e-05 0.00023748642287310006 0.00026600632006963166 -2.8088680009560345e-05 0.0022229466887661864 -0.0038899635595921658 -0.00020202825027461951 -0.00029675085406777595 0.000385925125795028 -0.0066561095518785918 0.00032384825122915793 -0.0017773587730977309 -0.00014776067333695396 0.0015134034033118481 -0.00021504914490138254
leaf_weight=31966433.505058885 27373389.709439158 4564925.186447978 1079719.4893602133 4153788.0382721424 1544503.4647216797 6336141.4127627611 602912.43329453468 19399669.464212894 861835.16301620007 28539658.865267396 1792043.8280637264 59755535.063755989 1332423.6435139179 64340733.470703602
leaf_count=25462 31990 7024 2668 9138 1574 6141 1349 19482 1138 19605 1100 60158 935 42172
internal_value=-1.82541e-05 0.00202061 0.000931393 0.00576816 -0.00928392 -0.000385528 -0.00420891 -0.00024153 -0.0162815 -0.000592266 -0.00138824 0.000278947 -0.000972015 -0.00113725
internal_weight=2.53644e+08 3.87163e+07 2.99976e+07 8.71871e+06 2.62422e+06 2.14927e+08 7.80089e+06 2.07126e+08 1.46475e+06 1.87727e+08 9.80992e+07 8.96276e+07 6.1088e+07 9.63072e+07
internal_count=229936 52394 36232 16162 4242 177542 8628 168914 2487 149432 68734 80698 61093 67634
is_linear=0
shrinkage=0.03


Tree=87
num_leaves=15
num_cat=5
split_feature=10 12 0 12 0 12 12 0 11 11 0 11 0 12
split_gain=192197 204436 326230 155806 229758 171162 159646 209446 284552 242141 309300 237746 278835 447214
threshold=1.2883310473777285 1.0666052657390228 0 1.0336496147759966 1 1.0321335269730831 0.9353060627559534 2 0.96973899304761912 1.0069201742998883 3 1.0132613496646867 4 1.0131338228234275
decision_type=2 2 1 2 1 2 2 1 2 2 1 2 1 2
left_child=1 3 -3 5 -5 6 -1 8 -8 10 -9 -11 13 -13
right_child=-2 2 -4 4 -6 -7 7 9 -10 11 -12 12 -14 -15
leaf_value=-0.00055472246522228258 -0.00099623595715998261 0.00074774938733030761 -5.7438894246736483e-05 0.00039958505548186166 -0.00039675805946451002 0.00051800427167051071 -0.0015774630138586728 0.00029335124036889597 0.00055003449881889984 -0.00062170493025413593 -0.00024947572111943324 -0.00023163718431777071 -0.00042593609686761492 0.00028540276689533893
leaf_weight=7318932.6869153976 5497452.5846221447 14829017.338891745 16274343.207978129 6229485.4562346935 25916438.053372383 4122834.8227082491 1581765.7945367098 41929207.836995363 19337404.665431142 11992659.30275631 21639383.101834655 21635491.872467756 27117715.87887466 27899849.50539577
leaf_count=7908 4907 18023 15735 10174 23029 3281 1711 32658 19650 8670 22260 14693 25852 21367
internal_value=3.5957e-05 0.000159031 0.00243347 -0.000167392 -0.00209486 0.000168299 3.02111e-05 0.000213676 0.00302831 -0.000173146 0.00123983 -0.0011864 -0.000571876 0.000766872
internal_weight=2.53322e+08 2.47825e+08 3.11034e+07 2.16721e+08 3.21459e+07 1.84575e+08 1.80452e+08 1.73133e+08 2.09192e+07 1.52214e+08 6.35686e+07 8.86457e+07 7.66531e+07 4.95353e+07
internal_count=229918 225011 33758 191253 33203 158050 154769 146861 21361 125500 54918 70582 61912 36060
cat_boundaries=0 1 2 3 4 5
cat_threshold=356 289 66 153 308
is_linear=0
shrinkage=0.03


Tree=88
num_leaves=15
num_cat=4
split_feature=2 16 14 12 3 0 0 12 10 12 0 12 0 1
split_gain=195994 189861 214361 188606 177858 495017 140827 240835 198359 173763 119771 155898 152411 123607
threshold=1.0000000180025095e-35 0.081083792322249923 0.81478135714231403 1.0812877938101331 1.5000000000000002 0 1 1.0090220366767901 1.0804981498706023 0.9608647852025366 2 1.0213035412072564 3 14.500000000000002
decision_type=2 2 2 2 2 1 1 2 2 2 1 2 1 2
left_child=6 2 4 10 -2 -6 7 9 -8 -1 -4 12 -12 -13
right_child=1 -3 3 -5 5 -7 8 -9 -10 -11 11 13 -14 -15
leaf_value=-0.00097725234854881596 -0.00014341674465225405 -0.00012048303633749988 0.0002039633023164408 0.00049957548554219059 -0.0077143351203443978 0.00013396685840338484 -0.00021947216207398264 -0.0010002720138878238 0.00041531989451137842 0.00055138275564411542 0.00041461846325070847 4.4336903095059555e-06 -9.8960368188499418e-06 -0.00061545715470545507
leaf_weight=1426320.5910848379 11111474.832988381 50042349.882385612 53736279.496429443 15431955.458891869 859229.36753106117 1236244.0673177242 22450043.251351118 8233564.1170893908 7120627.7992087603 4334806.5160835981 18211161.427195907 14220956.184987307 33945818.701452732 11041717.552817106
leaf_count=1140 12053 25739 56926 17990 1558 2763 16076 6799 6645 3436 17537 14614 35694 10900
internal_value=4.50485e-05 0.000425209 0.000930202 0.00126001 -0.00273047 -0.0107473 -0.00178603 -0.00426541 -0.000612634 0.000439366 0.000890895 0.000135609 0.00107252 -0.00179873
internal_weight=2.53403e+08 2.09837e+08 1.59795e+08 1.46588e+08 1.32069e+07 2.09547e+06 4.35654e+07 1.39947e+07 2.95707e+07 5.76113e+06 1.31156e+08 7.74197e+07 5.2157e+07 2.52627e+07
internal_count=229870 195774 170035 153661 16374 4321 34096 11375 22721 4576 135671 78745 53231 25514
cat_boundaries=0 1 2 3 4
cat_threshold=258 138 178 72
is_linear=0
shrinkage=0.03


Tree=89
num_leaves=15
num_cat=3
split_feature=13 2 3 0 16 3 2 14 0 2 0 1 11 12
split_gain=208653 161851 280109 208164 169400 137859 203173 180140 159944 143411 158204 217969 177123 261360
threshold=1.1002953456547913 4.5000000000000009 2.5000000000000004 0 0.067433115422407527 2.5000000000000004 4.5000000000000009 0.88354585953519404 1 1.0000000180025095e-35 2 6.5000000000000009 0.99953296935072145 1.0137025498423149
decision_type=2 2 2 1 2 2 2 2 1 2 1 2 2 2
left_child=5 2 -2 -3 -4 9 -7 8 -8 -1 11 -11 -12 -14
right_child=1 3 4 -5 -6 6 7 -9 -10 10 12 -13 13 -15
leaf_value=-0.00019918180969019737 0.00028062013492956284 0.0021374320135475649 0.00013360242268343057 0.00042897989882944399 -0.0034152265099176666 -0.0046543753395433115 -0.0060545770361486225 -0.00017904144150427239 -0.00071283998408905357 -0.0013957147625959581 0.00017308481632002649 0.0002611103514294746 -0.00028513427346297989 4.315928688673513e-05
leaf_weight=40018772.86242342 23041316.7797153 3069321.6022481918 1074645.3477106094 4640785.3929111958 1526921.9661865234 741486.04142892361 603500.00709879398 15417149.572232485 1403573.0548769236 1805928.9366495609 29597837.276941657 54243974.429468155 34950888.340255141 41564120.258145571
leaf_count=29135 28846 3279 2675 11569 1576 1332 1141 21538 2257 10046 17254 56088 18862 24264
internal_value=6.59054e-06 0.00221795 0.00107202 0.00602917 -0.00825918 -0.000328133 -0.00283153 -0.00217704 -0.0106312 -0.000103207 0.000293708 0.001583 -0.000387308 -0.00114962
internal_weight=2.537e+08 3.3353e+07 2.56429e+07 7.71011e+06 2.60157e+06 2.20347e+08 1.81657e+07 1.74242e+07 2.00707e+06 2.02182e+08 1.62163e+08 5.60499e+07 1.06113e+08 7.6515e+07
internal_count=229862 47945 33097 14848 4251 181917 26268 24936 3398 155649 126514 66134 60380 43126
cat_boundaries=0 1 2 3
cat_threshold=20 259 227
is_linear=0
shrinkage=0.03


Tree=90
num_leaves=15
num_cat=0
split_feature=15 10 2 16 9 10 12 1 12 12 2 5 3 3
split_gain=193077 204008 165496 177231 219264 158100 210206 154695 169031 154639 166113 158504 138502 133691
threshold=1.0000000180025095e-35 1.0990918803224481 1.0000000180025095e-35 0.081083792322249923 62.500000000000007 1.2236955986104996 1.0659909429752294 8.5000000000000018 0.99493778713559811 1.0336496147759966 2.5000000000000004 1.0000000180025095e-35 1.5000000000000002 1.0000000180025095e-35
decision_type=2 2 2 2 2 2 2 2 2 2 2 2 2 2
left_child=2 -2 -1 4 -4 6 9 -5 12 10 11 -6 -9 -12
right_child=1 -3 3 7 5 -7 -8 8 -10 -11 13 -13 -14 -15
leaf_value=-0.00017537532350150241 0.0005739094893524436 -0.0069361831199828295 -0.001359268833896229 0.00011073364324166886 1.0941166182498371e-05 -0.00056017579907772098 0.00048196708037900188 -0.00032696423431579469 -0.00012575621934930029 -0.00023693699065408858 0.00043667310859457387 -0.0013726117483089874 -0.0022368331871962218 0.00016119549294323668
leaf_weight=43283608.604993343 518800.93342804909 649975.82539594173 1396386.2391963005 15614006.426452637 44749952.925256133 6329589.9902770519 18640954.493312478 4232325.0742797852 27609487.109161377 18314624.824686289 20983008.128208876 1312766.2703859806 2546377.2572021484 46946073.753519058
leaf_count=33865 1677 1525 1227 6024 38029 8677 22098 1715 15813 21280 17784 1054 1969 56811
internal_value=3.60622e-05 -0.012129 9.24931e-05 0.000442661 0.000933453 0.00103853 0.00123331 -0.00111478 -0.00223918 0.00081309 0.00122419 -0.000166525 -0.00648396 0.00216724
internal_weight=2.53128e+08 1.16878e+06 2.51959e+08 2.08676e+08 1.58673e+08 1.57277e+08 1.50947e+08 5.00022e+07 3.43882e+07 1.32306e+08 1.13992e+08 4.60627e+07 6.7787e+06 6.79291e+07
internal_count=229548 3202 226346 192481 166960 165733 157056 25521 19497 134958 113678 39083 3684 74595
is_linear=0
shrinkage=0.03


Tree=91
num_leaves=15
num_cat=3
split_feature=15 14 2 16 10 4 10 12 9 0 10 0 14 0
split_gain=171849 200006 154596 146883 182663 201090 182506 153091 314952 273095 162974 143869 139994 134638
threshold=1.0000000180025095e-35 0.84553577600308794 1.0000000180025095e-35 0.065048105878625501 1.0379730489952987 1.0000000180025095e-35 1.2060796710146005 1.0182782321369752 89.500000000000014 0 0.83310007439074751 1 1.0299691155985322 2
decision_type=2 2 2 2 2 2 2 2 2 1 2 1 2 1
left_child=2 -2 13 -4 5 7 11 9 -9 10 -5 12 -6 -1
right_child=1 -3 3 4 6 -7 -8 8 -10 -11 -12 -13 -14 -15
leaf_value=-7.1538225859955806e-06 -0.006830651603367102 -0.00034519535622873479 0.00014754534712399557 -0.00052038504594763182 0.00017577106986081179 -0.0026893037042553052 -0.00061936304738464064 0.00041744784660103178 -0.0010262988999986929 -0.00017871214721753697 0.00053512128401364913 -3.9167867456462543e-05 0.0012864814631662663 -0.00043628606622898755
leaf_weight=23175014.802164555 473474.64446675777 690744.56686675549 100821075.27495861 2205057.9311828613 20431063.143966675 2107367.4472961426 5338291.285949707 2710113.4204101562 8024720.6743164062 30369356.301422119 12244734.893371582 20963914.726196289 3486807.9365692139 20236468.75375092
leaf_count=18880 905 2327 131553 1337 11012 2003 3857 1539 5233 13299 7923 12385 2526 15196
internal_value=-5.03737e-05 -0.0115498 2.72885e-06 0.000341542 -0.000427847 -0.00157989 0.0008949 -0.00123484 -0.00445274 -0.000464105 0.00293085 0.00151862 0.00310879 -0.00162613
internal_weight=2.53278e+08 1.16422e+06 2.52114e+08 2.08703e+08 1.07881e+08 5.76614e+07 5.02201e+07 5.5554e+07 1.07348e+07 4.48191e+07 1.44498e+07 4.48818e+07 2.39179e+07 4.34115e+07
internal_count=229975 3232 226743 192667 61114 31334 29780 29331 6772 22559 9260 25923 13538 34076
cat_boundaries=0 1 2 3
cat_threshold=139 370 369
is_linear=0
shrinkage=0.03


Tree=92
num_leaves=15
num_cat=4
split_feature=12 10 7 14 10 2 5 11 0 12 0 1 0 0
split_gain=210490 182247 277812 265899 259624 173281 379549 246591 545023 366622 293918 260577 202038 171697
threshold=0.9353060627559534 1.2236955986104996 1.0000000180025095e-35 0.72129665078146499 1.1419459761965169 2.5000000000000004 1.0000000180025095e-35 1.0063114542196836 0 1.0051969303918387 1 10.500000000000002 2 3
decision_type=2 2 2 2 2 2 2 2 1 2 1 2 1 1
left_child=-1 4 -3 -4 5 6 7 9 -9 10 -2 -10 -11 -6
right_child=1 2 3 -5 13 -7 -8 8 11 12 -12 -13 -14 -15
leaf_value=-0.00062131219016578259 0.00049742862320669703 -0.00022174622806739449 -0.0064109261547545815 -0.00099866428924314334 0.00069944529218576813 0.00010829777610133966 -0.0018006383952242544 0.00020109886099421159 -2.3392759326641477e-05 0.00020276889246214345 -0.00035669346849871985 -0.00050177371118838852 -0.00063964786812145289 -0.00026583378171427766
leaf_weight=7289899.2354320288 19236567.746989608 8645408.1902830601 730472.29372775555 1260176.9869920015 15673676.839527249 104975032.90057588 1969806.7437405586 26793532.217674851 14102206.35806787 3821947.7463514805 6603689.1542721987 28332989.874706268 5846141.8130469322 8393736.0643764734
leaf_count=7869 11136 8835 895 2676 17015 103876 1361 27800 9470 3625 8202 14280 4058 8851
internal_value=1.61262e-05 0.000164771 -0.00367654 -0.0137807 0.000338076 2.38373e-06 -0.000848955 -0.000603585 -0.0016461 0.00142895 0.00329356 -0.00376123 -0.00355465 0.00329061
internal_weight=2.53675e+08 2.46385e+08 1.06361e+07 1.99065e+06 2.35749e+08 2.11682e+08 1.06707e+08 1.04737e+08 6.92287e+07 3.55083e+07 2.58403e+07 4.24352e+07 9.66809e+06 2.40674e+07
internal_count=229949 222080 12406 3571 209674 183808 79932 78571 51550 27021 19338 23750 7683 25866
cat_boundaries=0 1 2 3 4
cat_threshold=355 31 137 358
is_linear=0
shrinkage=0.03


Tree=93
num_leaves=15
num_cat=0
split_feature=10 10 12 9 12 1 12 14 10 11 3 1 1 10
split_gain=181312 243380 310839 456954 187462 183660 190170 171526 148341 340157 143301 138475 126719 125253
threshold=1.2883310473777285 1.0379730489952987 1.0182782321369752 89.500000000000014 0.96636452254130412 19.500000000000004 0.9931501175091878 1.0269306371829447 0.82120607435980486 0.88624555706363617 1.0000000180025095e-35 19.500000000000004 18.500000000000004 1.0428102923176461
decision_type=2 2 2 2 2 2 2 2 2 2 2 2 2 2
left_child=1 2 4 -4 12 7 -7 13 -6 -10 -2 -5 -1 -3
right_child=10 5 3 11 8 6 -8 -9 9 -11 -12 -13 -14 -15
leaf_value=-0.00060928341348027103 -0.00033785729135506654 0.00034519084671907039 0.00034859138478611631 -0.00090742930392681087 -0.00061641211897998287 0.0022363375206989368 -0.00060334038853195092 0.00063725878412528546 0.00095016733571016033 3.2458260608975751e-05 -0.0030359216665155229 0.00040949721259675225 0.00067782348683920169 6.265413117585776e-05
leaf_weight=10283187.352587819 3672566.8586803675 8346394.1976444721 6348790.1086162329 18482829.18895483 4730604.0194712877 940666.48309755325 9139321.46813941 16456025.827991366 2996824.802041173 87785827.726566792 1883497.9291554689 1767171.5857481956 1801839.0445270538 78475069.454102397
leaf_count=9852 2899 5198 5779 17636 3826 1803 18996 21788 1886 69418 2061 4138 3037 61222
internal_value=-6.28179e-05 5.74714e-05 -0.000807063 -0.00371101 -8.91921e-05 0.00108094 -0.00278429 0.00145819 0.000356225 0.000626109 -0.0054224 -0.00591272 -0.00360952 0.000925922
internal_weight=2.53111e+08 2.47555e+08 1.34197e+08 2.65988e+07 1.07598e+08 1.13357e+08 1.008e+07 1.03277e+08 9.55133e+07 9.07827e+07 5.55606e+06 2.025e+07 1.2085e+07 8.68215e+07
internal_count=229539 224579 115572 27553 88019 109007 20799 88208 75130 71304 4960 21774 12889 66420
is_linear=0
shrinkage=0.03


Tree=94
num_leaves=15
num_cat=3
split_feature=15 10 13 2 3 14 0 13 2 0 12 10 0 10
split_gain=193566 200890 150171 165083 290299 208584 146641 130064 105266 135520 277619 160431 135213 170501
threshold=1.0000000180025095e-35 1.0990918803224481 1.1002953456547913 4.5000000000000009 2.5000000000000004 1.0654946539539478 0 2.2786117162444017 1.0000000180025095e-35 1 1.0090220366767901 1.0804981498706023 2 1.1433932923899872
decision_type=2 2 2 2 2 2 1 2 2 1 2 2 1 2
left_child=2 -2 8 4 -4 -5 -7 -6 9 10 -1 -11 -10 -14
right_child=1 -3 3 5 7 6 -8 -9 12 11 -12 -13 13 -15
leaf_value=0.00014055650489500437 0.00070195899407928517 -0.0061976046909203598 0.00024786822879525579 0.00034383707701360783 -0.0030265442566002362 0.0041868352968852801 0.0009187688976056951 0.00069020777205142244 0.00017636344726902294 -0.0001683863876691528 -0.0010046035701929501 0.00041754680096084949 -7.3591565640803219e-05 0.00039342058787802475
leaf_weight=5396837.7833534479 496671.27259099483 665128.6668343544 22961057.926001906 5025150.4738121033 1882788.1632310152 1660243.9047256708 892731.1249191761 736608.66969633102 61528882.229312181 21390275.767262459 7296360.9883232117 6038071.8006666899 108965741.69618535 8603136.8807075024
leaf_count=4025 1692 1554 28903 7840 2464 3126 3182 1805 78781 14373 5574 5210 65016 6278
internal_value=4.25843e-05 -0.0121746 9.88253e-05 0.00198043 0.000828306 0.00586952 0.0128523 -0.00863374 -0.000185782 -0.00157472 -0.00413771 -0.000388622 0.000125367 -0.000470952
internal_weight=2.5354e+08 1.1618e+06 2.52378e+08 3.31586e+07 2.55805e+07 7.57813e+06 2.55298e+06 2.6194e+06 2.19219e+08 4.01215e+07 1.26932e+07 2.74283e+07 1.79098e+08 1.17569e+08
internal_count=229823 3246 226577 47320 33172 14148 6308 4269 179257 29182 9599 19583 150075 71294
cat_boundaries=0 1 2 3
cat_threshold=60 138 227
is_linear=0
shrinkage=0.03


Tree=95
num_leaves=15
num_cat=2
split_feature=15 14 9 10 11 12 1 1 14 0 16 0 9 1
split_gain=178278 174591 144344 134573 159873 232023 142903 136094 129074 215419 182400 208594 194561 400972
threshold=1.0000000180025095e-35 0.84553577600308794 62.500000000000007 0.79976984507662452 0.90644793995258399 0.91874762502524698 17.500000000000004 18.500000000000004 1.0368370670723384 0 0.032073096904710725 1 89.500000000000014 17.500000000000004
decision_type=2 2 2 2 2 2 2 2 2 1 2 1 2 2
left_child=2 -2 -1 7 5 -5 -7 -4 10 -10 -6 -12 13 -13
right_child=1 -3 3 4 8 6 -8 -9 9 -11 11 12 -14 -15
leaf_value=-0.0010305712836771719 -0.0061780258542413194 -0.0005890287933548985 -0.00060381030285253025 -0.00089703035685159693 -0.00054910435157147649 0.0004818582602114509 0.0017872560987555184 0.00080469218343353168 0.00070466081159426572 2.6879577519799657e-05 0.00022630943316745707 0.00037849393275322674 -9.9458267750933115e-05 -0.00051114256787575035
leaf_weight=1721850.9347521067 478053.15786504745 678797.7576893568 8239365.1766923666 1322647.4964203835 12719510.338971019 5036160.4272255898 1527876.5558452606 1396685.4117431641 13408547.881205797 24398052.490783811 54216443.782546997 16963272.274963379 107002355.02270508 4303596.9732513428
leaf_count=1368 885 2311 7867 1257 43740 3842 1484 2395 17855 34931 47721 8565 53341 2269
internal_value=0.00012251 -0.0116275 0.000176396 0.000235889 0.000374948 0.00457576 0.00688557 -0.00324055 0.000232764 0.00183717 -7.79704e-05 0.000164137 -0.000495283 0.00212551
internal_weight=2.53413e+08 1.15685e+06 2.52256e+08 2.50535e+08 2.40898e+08 7.88668e+06 6.56404e+06 9.63605e+06 2.33012e+08 3.78066e+07 1.95205e+08 1.82486e+08 1.28269e+08 2.12669e+07
internal_count=229831 3196 226635 225267 215005 6583 5326 10262 208422 52786 155636 111896 64175 10834
cat_boundaries=0 1 2
cat_threshold=50 99
is_linear=0
shrinkage=0.03


Tree=96
num_leaves=15
num_cat=0
split_feature=13 2 3 14 16 12 11 10 14 3 10 1 1 10
split_gain=170484 158933 262692 191344 154264 124583 190792 189931 138641 318420 228780 217943 166369 151130
threshold=1.1029454278722046 4.5000000000000009 2.5000000000000004 1.1312247926346461 0.049033904159648291 0.9353060627559534 0.89451372984939514 0.74478466775923013 0.80434234060582843 1.5000000000000002 1.2883310473777285 8.5000000000000018 12.500000000000002 1.1419459761965169
decision_type=2 2 2 2 2 2 2 2 2 2 2 2 2 2
left_child=5 2 -2 -3 -4 -1 7 -7 9 11 -11 -8 -13 -10
right_child=1 3 4 -5 -6 6 8 -9 13 10 -12 12 -14 -15
leaf_value=-0.00052628682853442818 0.00026354714739552969 0.00059346192588124503 0.0015413168175576705 0.0047852928328234994 -0.0030260491732246133 -0.0010730027572950381 0.00050367771789823642 0.00064526562544096715 -4.2621602786981887e-05 -0.00089531895008480595 -0.0059922280366285644 -0.00099331896855582948 -0.00017611616291047318 0.00027520517876998058
leaf_weight=6960941.7494443655 22029851.058854938 6012055.3027532101 624444.75967741013 1476912.5190885067 1995212.489944458 1320286.6507198811 3167916.4505239725 7560097.0362458229 166987748.98982441 1499762.155095458 706337.64977610111 2952646.3922119141 7647834.9152336121 22223722.673035622
leaf_count=7086 28060 10210 2060 4420 2200 1146 4996 5829 128233 3014 852 2442 6084 22763
internal_value=8.534e-06 0.00205014 0.000887287 0.00587758 -0.0080937 -0.000288325 -0.000159889 0.00414523 -0.000346213 -0.00303003 -0.0136113 -0.0013346 -0.00339797 -0.000119627
internal_weight=2.53166e+08 3.21385e+07 2.46495e+07 7.48897e+06 2.61966e+06 2.21027e+08 2.14066e+08 8.88038e+06 2.05186e+08 1.59745e+07 2.2061e+06 1.37684e+07 1.06005e+07 1.89211e+08
internal_count=229395 46950 32320 14630 4260 182445 175359 6975 168384 17388 3866 13522 8526 150996
is_linear=0
shrinkage=0.03


Tree=97
num_leaves=15
num_cat=3
split_feature=10 10 3 14 0 3 13 0 14 16 0 1 12 12
split_gain=161716 264958 227595 257974 168300 162723 134793 133034 191835 149951 126323 260199 188525 370484
threshold=1.2236955986104996 1.1419459761965169 1.5000000000000002 0.74069438544019672 0 1.0000000180025095e-35 1.1566748004926652 1 1.310639838797375 0.03553230016294702 2 10.500000000000002 1.0213035412072564 1.0598131614188067
decision_type=2 2 2 2 1 2 2 1 2 2 1 2 2 2
left_child=1 6 -2 -4 -3 -6 10 -8 -9 -10 11 -1 -13 -14
right_child=2 4 3 -5 5 -7 7 8 9 -11 -12 12 13 -15
leaf_value=0.00013824566861318809 -0.00024627141714212732 -8.6362247953102451e-05 -0.0057297517401033839 -0.0007814534901558187 0.00088468493940402999 9.5655814569882945e-05 0.0025578758644087718 0.00055758398256404657 0.0041572450987096736 -0.0023049698714337707 2.4174420829674797e-05 -0.00017007670298729583 -0.00090979259216513657 0.00059435112582235364
leaf_weight=27202535.649513483 8727858.470202446 7330797.1303936243 739560.97888052464 1193398.2308557034 10979737.177901506 5578547.5012556314 1707792.1042797565 9512938.4692214727 339605.44883680344 1926566.2410087585 119346631.75256538 42853048.720341921 13542216.355272293 2984045.4953435659
leaf_count=23346 8912 8365 920 2576 9977 7347 2616 16529 4418 2665 105403 27142 7894 2172
internal_value=-3.62757e-05 0.000122188 -0.00365279 -0.0129671 0.00312251 0.00479796 -0.000204475 0.00270104 0.00156652 -0.0062775 -0.000394766 -0.00126713 -0.00238026 -0.00510229
internal_weight=2.53965e+08 2.43304e+08 1.06608e+07 1.93296e+06 2.38891e+07 1.65583e+07 2.19415e+08 1.34869e+07 1.17791e+07 2.26617e+06 2.05928e+08 8.65818e+07 5.93793e+07 1.65263e+07
internal_count=230282 217874 12408 3496 25689 17324 192185 26228 23612 7083 165957 60554 37208 10066
cat_boundaries=0 1 2 3
cat_threshold=137 16 268
is_linear=0
shrinkage=0.03


Tree=98
num_leaves=15
num_cat=3
split_feature=10 12 0 12 0 2 2 0 10 1 12 2 10 1
split_gain=149732 179337 266991 209292 235218 158398 153465 148620 301229 218352 199629 157057 136657 179771
threshold=1.2883310473777285 1.0598131614188067 0 1.0336496147759966 1 3.5000000000000004 2.5000000000000004 2 0.96771506909300131 10.500000000000002 1.0274884283874488 1.0000000180025095e-35 0.93078066328201858 18.500000000000004
decision_type=2 2 1 2 1 2 2 1 2 2 2 2 2 2
left_child=1 3 -3 7 -5 -4 -2 8 11 10 -9 -1 -6 -14
right_child=6 2 5 4 12 -7 -8 9 -10 -11 -12 -13 13 -15
leaf_value=-0.0015830901847092456 -1.6821872495711432e-05 -0.00016964836859794801 0.00064437251312433029 0.00029259237477131239 0.00038837912512609373 4.1273009059846632e-05 -0.001661074450559146 7.482319312966894e-05 0.00046448406791690716 -0.00011709291374450706 0.00051930278882356183 -0.00025622865170240477 -0.00044996018398353263 -0.001801105110246328
leaf_weight=1258769.2583397627 2826262.2877739668 10536325.105616808 18358116.501264215 5786888.377458334 2050424.665784955 8920846.3594237566 2698849.2935945988 41832832.713032365 26933198.68169117 105484471.23062086 4309798.0747128725 5163548.035417676 14991315.369224429 2730536.0505666733
leaf_count=1382 2224 10360 17210 7924 2003 12679 2683 41559 33678 71025 3570 7006 12818 3886
internal_value=-1.10179e-05 9.76484e-05 0.00199984 -0.000244003 -0.00278861 0.00356647 -0.00489563 0.000107587 0.00192059 -0.000291244 0.00143005 -0.00391768 -0.00434557 -0.00519392
internal_weight=2.53882e+08 2.48357e+08 3.78153e+07 2.10542e+08 2.55592e+07 2.7279e+07 5.52511e+06 1.84983e+08 3.33555e+07 1.51627e+08 4.61426e+07 6.42232e+06 1.97723e+07 1.77219e+07
internal_count=230007 225100 40249 184851 26631 29889 4907 158220 42066 116154 45129 8388 18707 16704
cat_boundaries=0 1 2 3
cat_threshold=145 305 194
is_linear=0
shrinkage=0.03


Tree=99
num_leaves=15
num_cat=2
split_feature=15 10 2 16 10 12 10 0 10 0 12 10 12 10
split_gain=167110 192555 138249 144202 156884 181861 159349 183509 184030 130484 238957 137591 134337 127489
threshold=1.0000000180025095e-35 1.0990918803224481 1.0000000180025095e-35 0.065048105878625501 1.0379730489952987 1.0375626961833271 1.0363308762909964 0 0.85635765199566871 1 1.0090220366767901 1.0804981498706023 0.99984781307094417 1.2060796710146005
decision_type=2 2 2 2 2 2 2 1 2 1 2 2 2 2
left_child=2 -2 9 -4 5 6 7 8 -5 10 12 -11 -1 -6
right_child=1 -3 3 4 13 -7 -8 -9 -10 11 -12 -13 -14 -15
leaf_value=-0.0003190465052878829 0.00051020562756886375 -0.0054299786212978528 0.00015046413995685814 -0.00056444872682604689 0.00013230206022888866 -0.0011521071063019951 -0.0011057204962281069 -0.00017720227262835601 0.00040166469543280735 -0.00014995700560478661 -0.0009905315968471095 0.00033262275348420014 0.0009664878243405467 -0.00054628073722491112
leaf_weight=3684655.4582314491 502840.85748493671 649295.48107457161 101258407.32734954 2801966.0529785156 44814659.669448853 3457514.3254394531 2298351.8482055664 35740213.988922119 13459063.891845703 22455060.700146556 8315101.0924887657 7080205.0453463793 2052276.6348462105 5286179.0573883057
leaf_count=3089 1705 1493 131637 1572 25991 2386 1064 18926 7474 16067 6852 6645 1482 3833
internal_value=-8.67355e-06 -0.0114081 4.32991e-05 0.000363654 -0.000399658 -0.00146528 -0.00104049 -0.000698831 0.00194326 -0.00149365 -0.00387335 -0.000361459 0.000836485 0.000828812
internal_weight=2.53856e+08 1.15214e+06 2.52704e+08 2.09116e+08 1.07858e+08 5.77571e+07 5.42996e+07 5.20012e+07 1.6261e+07 4.35873e+07 1.4052e+07 2.95353e+07 5.73693e+06 5.01008e+07
internal_count=230216 3198 227018 192883 61246 31422 29036 27972 9046 34135 11423 22712 4571 29824
cat_boundaries=0 1 2
cat_threshold=11 138
is_linear=0
shrinkage=0.03


Tree=100
num_leaves=15
num_cat=0
split_feature=15 9 9 9 1 1 16 2 9 12 12 11 11 3
split_gain=155326 177022 139639 165544 697650 322531 287769 201228 219581 170019 357002 554868 306377 223164
threshold=1.0000000180025095e-35 87.500000000000014 62.500000000000007 89.500000000000014 18.500000000000004 6.5000000000000009 0.05215966109183421 5.5000000000000009 80.500000000000014 0.99493778713559811 1.0051969303918387 1.0132613496646867 0.99905885809627903 1.5000000000000002
decision_type=2 2 2 2 2 2 2 2 2 2 2 2 2 2
left_child=2 -2 -1 4 5 -4 -5 -7 -9 13 12 -12 -11 -8
right_child=1 -3 3 6 -6 7 9 8 -10 10 11 -13 -14 -15
leaf_value=-0.0010122983469168783 0.00091180195112840353 -0.0043484173269244461 -0.0010899231560062288 0.00031984278456760883 -0.0009163411772711319 0.00045216574450855082 -0.0001445500661768196 -0.0013213418539412803 0.00041106192249236218 0.00072942749759763285 -0.00065792940417949578 -9.5534636752048563e-06 0.00010180753993803184 -0.0015283926455036529
leaf_weight=1693555.0094419718 414493.28323566914 735646.39827942848 1495671.1197490692 36364013.548876524 6227069.9044470787 30273955.970664978 31677448.921051025 1241392.9306716919 1304948.1539230347 7038591.9906616211 19150455.855361938 85002174.348861694 23209985.002441406 7901977.9121398926
leaf_count=1337 1606 1616 6774 86407 8499 17805 15887 1212 1274 3611 11178 52981 12731 7210
internal_value=-6.49591e-05 -0.0110647 -1.48713e-05 4.30829e-05 0.00179836 0.00347475 -0.00029524 0.00409563 -0.0040041 -0.000802538 -0.000293614 -0.00112686 0.00257543 -0.00253071
internal_weight=2.53731e+08 1.15014e+06 2.52581e+08 2.50888e+08 4.0543e+07 3.4316e+07 2.10345e+08 3.28203e+07 2.54634e+06 1.73981e+08 1.34401e+08 1.04153e+08 3.02486e+07 3.95794e+07
internal_count=230128 3222 226906 225569 35564 27065 190005 20291 2486 103598 80501 64159 16342 23097
is_linear=0
shrinkage=0.03


Tree=101
num_leaves=15
num_cat=0
split_feature=10 3 10 10 2 5 3 5 10 14 11 12 11 10
split_gain=167850 225969 250100 200398 159306 350876 258505 241793 216155 230491 205179 183464 255749 268969
threshold=1.2236955986104996 1.5000000000000002 1.2883310473777285 1.1419459761965169 2.5000000000000004 1.0000000180025095e-35 1.0000000180025095e-35 1.0000000180025095e-35 1.0389604186223813 0.92340685776936104 0.99953296935072145 1.0051969303918387 1.0301164719085267 0.74478466775923013
decision_type=2 2 2 2 2 2 2 2 2 2 2 2 2 2
left_child=3 -2 -3 4 5 11 10 8 -8 -10 -6 12 13 -1
right_child=1 2 -4 -5 6 -7 7 -9 9 -11 -12 -13 -14 -15
leaf_value=-0.00088432843730960312 -0.00025109635528791435 -0.00024967184664349693 -0.0050407630978813239 0.00036646713620516844 0.00075900076298257839 -0.0018832453494982088 -0.0002203891337238087 0.0012670791732025243 -0.00039624626679720033 0.00034506989596255739 0.000171625342766555 -0.00016645570108836708 -0.00046817722721600134 0.0002394874025070089
leaf_weight=2718172.6495871544 8538992.2044469118 920006.74763298035 1006194.549813509 23804902.507348299 8972383.6592918634 1931637.0034370422 46093948.553216577 1598965.2234019041 6409774.9531081915 21422539.290716767 24298474.101565361 62828310.532102585 6078646.6566563845 37034270.629711866
leaf_count=2476 8749 2145 1355 25600 6816 1348 50619 1198 6591 24930 18315 48953 4192 26525
internal_value=3.74593e-05 -0.00368268 -0.0129643 0.000197547 -8.61282e-05 -0.000887952 0.000728924 -0.000241664 -0.000491305 0.00159631 0.00293217 -0.000662648 0.000780666 0.001657
internal_weight=2.53657e+08 1.04652e+07 1.9262e+06 2.43192e+08 2.19387e+08 1.10591e+08 1.08796e+08 7.55252e+07 7.39263e+07 2.78323e+07 3.32709e+07 1.08659e+08 4.58311e+07 3.97524e+07
internal_count=229812 12249 3500 217563 191963 83494 108469 83338 82140 31521 25131 82146 33193 29001
is_linear=0
shrinkage=0.03


Tree=102
num_leaves=15
num_cat=2
split_feature=15 10 14 16 5 16 3 9 0 12 2 12 10 0
split_gain=145255 176155 127896 214230 178270 134316 117981 138068 181491 239293 160195 158760 124613 191743
threshold=1.0000000180025095e-35 1.0990918803224481 0.98729719223882884 0.065048105878625501 1.0000000180025095e-35 0.030497419635198537 2.5000000000000004 79.500000000000014 0 1.0073531584289153 2.5000000000000004 0.99984781307094417 1.0854075201444009 1
decision_type=2 2 2 2 2 2 2 2 1 2 2 2 2 1
left_child=2 -2 4 -4 5 -1 7 -7 9 11 -11 -9 -10 -14
right_child=1 -3 3 -5 -6 6 -8 8 12 10 -12 -13 13 -15
leaf_value=-0.00066924477395719189 0.00052781037077927174 -0.004862206946023938 0.00026593602473568343 -5.4761351845397631e-05 -0.0010928507555961306 0.00033074259277567086 -0.00050966929218314045 -0.00012937560933018162 -3.6858528627126859e-05 -0.00086338116850981155 -0.00013580007481297127 0.0011604088675565779 0.0004589851993120472 -0.0001026008440223685
leaf_weight=8522782.7528262138 505980.92595005035 645741.36461007595 57818432.051172972 56188959.92565918 2022002.3004876375 10400575.495864868 8986452.9766845703 7342089.1005249023 56320115.663314819 8976945.422668457 6265888.7495117188 2223783.6604614258 15454590.628356934 11554489.563827515
leaf_count=33866 1691 1534 79424 31408 1292 6702 9896 4649 30517 5405 4240 1395 10226 7628
internal_value=-1.40049e-05 -0.0106438 3.45618e-05 0.000778208 -0.000579485 -0.000448066 -0.000204379 4.6865e-05 -0.00027066 -0.00252311 -0.00485718 0.00119613 0.000399939 0.00207519
internal_weight=2.53229e+08 1.15172e+06 2.52077e+08 1.14007e+08 1.3807e+08 1.36048e+08 1.27525e+08 1.18538e+08 1.08138e+08 2.48087e+07 1.52428e+07 9.56587e+06 8.33292e+07 2.70091e+07
internal_count=229873 3225 226648 110832 115816 114524 80658 70762 64060 15689 9645 6044 48371 17854
cat_boundaries=0 1 2
cat_threshold=136 325
is_linear=0
shrinkage=0.03


Tree=103
num_leaves=15
num_cat=1
split_feature=15 14 9 13 2 3 14 16 0 16 9 1 16 1
split_gain=150576 167571 140753 120973 146016 230837 200138 145503 111023 107038 166165 478113 217724 188197
threshold=1.0000000180025095e-35 0.82904377039527477 62.500000000000007 1.0708652456545009 4.5000000000000009 2.5000000000000004 1.1379704899628078 0.049033904159648291 0 0.030497419635198537 89.500000000000014 17.500000000000004 0.052915134947898658 8.5000000000000018
decision_type=2 2 2 2 2 2 2 2 1 2 2 2 2 2
left_child=2 -2 -1 9 5 -5 -6 -7 -8 -4 11 13 -12 -11
right_child=1 -3 3 4 6 7 8 -9 -10 10 12 -13 -14 -15
leaf_value=-0.00097933556941885236 -0.0049781533042320969 -0.0003340694941323501 -0.00043755473955177181 0.00015258555607537358 0.00048539033847114791 0.0013916235199491413 0.0056933973157611839 -0.0029505656230088594 0.0005560357311531469 -0.00011301774738808743 0.00032976456419071549 -0.00047166686411590744 -9.2173447708265399e-05 0.00048986548826571467
leaf_weight=1777012.8106169701 465583.80854535103 701281.04812896252 13178556.839575887 35440127.782296896 8584476.0812808275 640731.31646835804 1004841.9597514868 2029486.379699707 392545.81890451908 4789610.8229064941 17979744.538391113 6556969.3489990234 141712155.17477417 18153160.640914917
leaf_count=1391 833 2378 49165 37836 13365 2102 2449 2244 1513 2495 17681 4354 80797 11541
internal_value=-4.63071e-05 -0.0107982 3.43153e-06 6.31237e-05 0.0014156 0.000569605 0.00464557 -0.00793643 0.0151744 -0.000258285 -7.61894e-05 0.00199239 -0.000458316 0.00403416
internal_weight=2.53406e+08 1.16686e+06 2.52239e+08 2.50462e+08 4.80922e+07 3.81103e+07 9.98186e+06 2.67022e+06 1.39739e+06 2.0237e+08 1.89192e+08 2.94997e+07 1.59692e+08 2.29428e+07
internal_count=230144 3211 226933 225542 59509 42182 17327 4346 3962 166033 116868 18390 98478 14036
cat_boundaries=0 1
cat_threshold=188
is_linear=0
shrinkage=0.03


Tree=104
num_leaves=15
num_cat=2
split_feature=15 9 2 16 9 3 9 0 11 11 0 12 12 11
split_gain=143450 186196 124734 142132 160056 118037 146824 130699 202896 113234 106193 102734 196435 179723
threshold=1.0000000180025095e-35 87.500000000000014 1.0000000180025095e-35 0.081083792322249923 62.500000000000007 1.0000000180025095e-35 89.500000000000014 0 0.99953296935072145 0.93513319243778092 1 1.0598131614188067 1.0336496147759966 1.1902710751006842
decision_type=2 2 2 2 2 2 2 1 2 2 1 2 2 2
left_child=2 -2 10 4 -4 7 -7 8 -5 -8 -1 12 -6 -13
right_child=1 -3 3 5 11 6 9 -9 -10 -11 -12 13 -14 -15
leaf_value=-0.00062819481231374534 0.0013147260270399601 -0.0040837385533664386 -0.0011928466317735714 0.00025824644281678731 0.00011060162401299421 0.00040583208521255751 -0.001124670248264482 0.00019881591105097698 -0.00033463550857369939 -0.00035581431971989637 -0.00010019896516359281 0.00044022975776849849 -0.00033352099802925117 -0.0004024554855023785
leaf_weight=7025634.0994272232 423105.23918306828 737913.07337546349 1411609.6369762421 3007529.6427612305 115755659.5182656 2422990.7040405273 2246752.4423522949 17936674.330505371 9448775.969543457 14681468.156524658 36385562.225252271 20354861.887506843 16797134.562765837 4792439.2194470167
leaf_count=7364 1610 1595 1212 981 115401 1559 1316 8037 3607 9854 26653 24778 20116 5746
internal_value=3.38291e-06 -0.0105175 5.18038e-05 0.000355935 0.000793522 -0.00104373 -0.00287517 0.000122343 -0.00223839 -0.0038638 -0.0014114 0.000883543 0.00055003 0.00264151
internal_weight=2.53428e+08 1.16102e+06 2.52267e+08 2.08856e+08 1.59112e+08 4.97442e+07 1.93512e+07 3.0393e+07 1.24563e+07 1.69282e+07 4.34112e+07 1.577e+08 1.32553e+08 2.51473e+07
internal_count=229829 3205 226624 192607 167253 25354 12729 12625 4588 11170 34017 166041 135517 30524
cat_boundaries=0 1 2
cat_threshold=52 130
is_linear=0
shrinkage=0.03


Tree=105
num_leaves=15
num_cat=2
split_feature=15 9 13 0 16 3 13 10 1 0 16 10 11 1
split_gain=145496 171638 130734 159708 177304 120887 103913 103320 104469 215862 163873 153545 152506 146341
threshold=1.0000000180025095e-35 88.500000000000014 1.1259746304100324 0 0.067979758385097996 2.5000000000000004 1.3243150038582081 0.74478466775923013 10.500000000000002 1 0.032073096904710725 1.1493816470633826 0.91408087203224231 17.500000000000004
decision_type=2 2 2 1 2 2 2 2 2 1 2 2 2 2
left_child=2 -2 7 5 -5 -4 -6 -1 10 -10 -9 12 13 -11
right_child=1 -3 3 4 6 -7 -8 8 9 11 -12 -13 -14 -15
leaf_value=-0.000581445010718879 0.00044049250918920627 -0.004430570394229014 -0.00011538993693287161 0.00052582728372384333 -5.625750759018668e-05 0.0038901499447305571 -0.0015656997192494359 -0.0005156386443984734 0.00014001213782849345 -1.8523681135429253e-05 0.00011793460341950151 0.00036550511635367866 -0.00021111929754993341 0.0012686727366531198
leaf_weight=5209471.6680856943 522131.79109370708 647066.90839600563 1262527.7144321203 13830556.780085921 6243046.1034545898 1100659.0023792982 1898473.8823242188 6383533.514246583 52991091.602479935 4344911.751159668 62558045.862518311 7108079.5858459473 87701556.965438843 2023576.4232635498
leaf_count=5425 1866 1374 1672 29686 4731 1389 1814 31380 61541 2175 36211 4529 44909 1656
internal_value=-4.86605e-05 -0.0106071 2.00249e-07 0.00209049 0.00129344 0.00950107 -0.00221902 -0.000222591 -0.000125074 -0.000559181 0.000845689 -0.00137158 -0.00169283 0.00278972
internal_weight=2.53825e+08 1.1692e+06 2.52656e+08 2.43353e+07 2.19721e+07 2.36319e+06 8.14152e+06 2.2832e+08 2.23111e+08 1.54169e+08 6.89416e+07 1.01178e+08 9.407e+07 6.36849e+06
internal_count=230358 3240 227118 39292 36231 3061 6545 187826 182401 114810 67591 53269 48740 3831
cat_boundaries=0 1 2
cat_threshold=16 227
is_linear=0
shrinkage=0.03


Tree=106
num_leaves=15
num_cat=1
split_feature=15 10 2 16 9 9 9 0 10 4 11 16 13 11
split_gain=140557 179868 131715 131880 139741 299717 201170 165416 121003 114406 196652 106626 104509 99073.4
threshold=1.0000000180025095e-35 1.0990918803224481 1.0000000180025095e-35 0.065293844758091996 67.500000000000014 83.500000000000014 78.500000000000014 0 0.78049706914582051 1.0000000180025095e-35 0.98911976491513476 0.077212083450137817 1.1610842593873461 0.99953296935072145
decision_type=2 2 2 2 2 2 2 1 2 2 2 2 2 2
left_child=2 -2 8 12 -5 6 7 -6 -1 -7 -11 -10 13 -4
right_child=1 -3 3 4 5 9 -8 -9 11 10 -12 -13 -14 -15
leaf_value=-0.00099159097242893933 0.00046184150930918255 -0.0044799601082728948 0.00037078073857759548 -0.00059751593828363944 -0.0004499453686420766 -4.8883375712873952e-05 0.0010684782980892146 0.00048628649287117887 -0.00021061306611535281 -0.0037868736170230512 -0.00016854140637985747 0.00011808526271814328 0.00070781745612277184 3.198565929705792e-05
leaf_weight=1683764.0095878839 503366.70405316353 644228.90098536015 23823622.766430974 3845370.6022033691 2684747.186706543 89161072.953369141 2679665.8606872559 4858760.3126525879 30218201.174047351 1194733.4080810547 1954985.0427246094 11770048.633666992 9014237.2780690193 69447088.992415786
leaf_count=1535 1690 1511 27955 1982 1600 49691 1623 2490 27635 1090 1957 4958 23041 81284
internal_value=2.11171e-05 -0.0104542 6.87577e-05 0.000382322 -0.000357222 -0.000146655 0.00472724 0.00221903 -0.00142945 -0.000686427 -0.00630558 -0.00111323 0.00115147 0.000853354
internal_weight=2.53484e+08 1.1476e+06 2.52336e+08 2.08664e+08 1.06379e+08 1.02534e+08 1.02232e+07 7.54351e+06 4.3672e+07 9.23108e+07 3.14972e+06 4.19882e+07 1.02285e+08 9.32707e+07
internal_count=230042 3201 226841 192713 60433 58451 5713 4090 34128 52738 3047 32593 132280 109239
cat_boundaries=0 1
cat_threshold=69
is_linear=0
shrinkage=0.03


Tree=107
num_leaves=15
num_cat=5
split_feature=15 10 10 12 11 0 1 0 0 11 0 12 0 11
split_gain=138545 160261 137704 102448 365690 795698 511862 510614 364424 340091 366218 329622 306479 244672
threshold=1.0000000180025095e-35 1.0990918803224481 0.74478466775923013 1.0051969303918387 1.0142450752632377 0 17.500000000000004 1 2 1.0275274932361529 3 0.99712577792716017 4 0.99953296935072145
decision_type=2 2 2 2 2 1 2 1 1 2 1 2 1 2
left_child=2 -2 -1 9 7 -6 -7 -5 -8 10 13 -12 -11 -4
right_child=1 -3 3 4 5 6 8 -9 -10 12 11 -13 -14 -15
leaf_value=-0.00060579425028185318 0.00046256168895443929 -0.0043227934669706949 0.00019218398498511161 5.5744031067601786e-05 -0.00067999504418561185 0.00026110759816621996 -0.000541094075925215 -0.0010431015209117426 -4.6950436063335271e-05 0.0008085689683476195 0.00020268646995519395 0.00087656522967022614 -0.00056218641339780189 -0.00029496631562691384
leaf_weight=5340030.6711534262 501454.95429313183 660752.71256256104 18372540.741963029 14308715.422924161 22477961.432615399 83215876.233140349 6408382.9982910156 13651309.958941817 19233550.5981884 2300245.0430084467 22392739.050169826 16585792.314621925 11261753.433398128 16618195.232889891
leaf_count=5931 1690 1536 14096 12463 21685 72385 3184 12678 25651 2936 20603 15081 9146 10720
internal_value=-3.09403e-05 -0.0103651 1.66887e-05 0.000119805 -0.000333257 0.000329956 0.00139105 -0.00344855 -0.00231487 0.000944319 0.00174502 0.00374502 -0.00342286 -0.000482905
internal_weight=2.53329e+08 1.16221e+06 2.52167e+08 2.46827e+08 1.59296e+08 1.31336e+08 1.08858e+08 2.796e+07 2.56419e+07 8.75313e+07 7.39693e+07 3.89785e+07 1.3562e+07 3.49907e+07
internal_count=229785 3226 226559 220628 148046 122905 101220 25141 28835 72582 60500 35684 12082 24816
cat_boundaries=0 1 2 3 4 5
cat_threshold=136 153 16 304 448
is_linear=0
shrinkage=0.03


Tree=108
num_leaves=15
num_cat=1
split_feature=10 2 14 10 0 2 5 5 2 9 14 10 2 9
split_gain=141709 189841 259416 180961 188331 162110 332507 183600 192766 219742 167376 307908 256747 237957
threshold=1.2236955986104996 4.5000000000000009 0.74069438544019672 1.1493816470633826 0 2.5000000000000004 1.0000000180025095e-35 1.0000000180025095e-35 3.5000000000000004 67.500000000000014 0.95321217120250823 1.0118941684945517 4.5000000000000009 74.500000000000014
decision_type=2 2 2 2 1 2 2 2 2 2 2 2 2 2
left_child=3 -2 -3 5 -5 6 -1 8 -7 -10 -11 -12 -13 -14
right_child=1 2 -4 4 -6 7 -8 -9 9 10 11 12 13 -15
leaf_value=-6.0644002768881503e-05 -0.00023800690677711669 -0.0050034503553191469 -0.00051452860557941061 0.00070511332158305602 -6.8975344120059348e-05 0.00027379989043764633 -0.0016774769529837314 0.0013835955920214426 -0.00099730999100981939 -0.00022930850331912827 -0.00031277256984861936 -1.1055786672326378e-05 -0.0013042320720124383 0.00097888874310511111
leaf_weight=110025764.87644291 8606420.1410961151 740836.19483399391 1116228.361130476 12816850.933880568 8293260.0088332891 35492304.161098003 1983564.7029724121 1579826.8715933561 2530500.3131186962 23136859.269254327 18340063.146447897 12975222.543899179 1082929.487983942 14783360.376769066
leaf_count=83260 8883 923 2463 12831 10049 28284 1380 1190 2631 23905 21735 10309 1461 20650
internal_value=8.15556e-05 -0.00333689 -0.012036 0.000228728 0.00288295 -2.37431e-05 -0.000826957 0.00079473 0.000646674 -0.000236599 7.59615e-05 0.0011009 0.00303348 0.00559315
internal_weight=2.53504e+08 1.04635e+07 1.85706e+06 2.43041e+08 2.11101e+07 2.2193e+08 1.12009e+08 1.09921e+08 1.08341e+08 7.28489e+07 7.03184e+07 4.71816e+07 2.88415e+07 1.58663e+07
internal_count=229954 12269 3386 217685 22880 194805 84640 110165 108975 80691 78060 54155 32420 22111
cat_boundaries=0 1
cat_threshold=326
is_linear=0
shrinkage=0.03


Tree=109
num_leaves=15
num_cat=1
split_feature=10 10 2 9 1 0 3 9 11 14 2 9 3 1
split_gain=135958 143306 186337 211242 227932 253624 187621 223315 191595 299389 209617 249090 191878 182666
threshold=1.2883310473777285 1.1419459761965169 2.5000000000000004 85.500000000000014 17.500000000000004 0 1.0000000180025095e-35 67.500000000000014 1.0011991564699063 0.92340685776936104 4.5000000000000009 74.500000000000014 1.5000000000000002 18.500000000000004
decision_type=2 2 2 2 2 1 2 2 2 2 2 2 2 2
left_child=1 2 3 4 -1 -6 -4 -8 12 -10 -11 -12 -9 -13
right_child=-2 -3 6 -5 5 -7 7 8 9 10 11 13 -14 -15
leaf_value=0.00033959287647621376 -0.00079730167676526822 0.00027420427957452586 0.00029595736515562141 -0.00015466593010950624 -0.00071939638876810589 0.00038242849114433758 -0.00096681940686219742 0.00015521331796085927 -0.00041602890116447766 1.0874102962336224e-05 -0.0011864522721988374 0.00090277826453285745 -0.00082401991951739631 -0.00012894393504099566
leaf_weight=12854789.121585608 5638145.2593237162 28910581.251573801 33173209.178715467 93698190.178630114 1933235.8990783691 2020046.2978210449 2558788.1054486036 9161055.6938668489 9081849.7970821857 18677407.898723722 1286754.2595717907 15864036.471247673 15085482.699119925 3683552.5064759254
leaf_count=9439 4996 33103 25020 70188 1305 2422 2628 7068 10068 14755 1747 19294 21150 6751
internal_value=2.66479e-05 0.000131379 -0.000130599 -0.000997835 0.00209905 -0.00420063 0.000752085 -7.51203e-05 0.000230885 0.00131772 0.00244667 0.00451557 -0.00194729 0.00535718
internal_weight=2.53627e+08 2.47989e+08 2.19078e+08 1.10506e+08 1.68081e+07 3.95328e+06 1.08572e+08 7.53989e+07 7.28401e+07 4.85936e+07 3.95118e+07 2.08343e+07 2.42465e+07 1.95476e+07
internal_count=229934 224938 191835 83354 13166 3727 108481 83461 80833 52615 42547 27792 28218 26045
cat_boundaries=0 1
cat_threshold=84
is_linear=0
shrinkage=0.03


Tree=110
num_leaves=15
num_cat=4
split_feature=12 10 2 10 10 12 11 0 12 11 0 1 0 0
split_gain=124613 128333 174914 228816 163490 153671 418963 326961 362819 249921 666471 538665 496937 342823
threshold=0.92324355344902431 1.2236955986104996 4.5000000000000009 1.2883310473777285 1.1419459761965169 1.0051969303918387 1.0275274932361529 0 0.99613586028316414 1.0142450752632377 1 17.500000000000004 2 3
decision_type=2 2 2 2 2 2 2 1 2 2 1 2 1 1
left_child=-1 4 -3 -4 5 6 7 8 -2 12 -11 -12 -7 -13
right_child=1 2 3 -5 -6 9 -8 -9 -10 10 11 13 -14 -15
leaf_value=-0.00054435362937842852 0.00014798114807664602 -0.0002166787764735198 -0.00013085286957852078 -0.0043381490599881571 0.00034021404939648449 8.5609426666992901e-05 -0.0004382465303519718 5.6797286379931479e-05 0.0010219111607926352 -0.00075177812605325663 0.0002456746659385932 -0.00055807842578488266 -0.0010217480525175628 -6.1697762790994393e-05
leaf_weight=6525503.8720941544 11363954.716463923 8666514.3271604776 893255.50182688236 965219.88061547279 23678635.822487354 14483907.46725738 12299438.626271248 50163224.030895591 11794076.827905297 17340953.27149725 62244448.442946196 6195322.9645385742 13552158.867103934 13109680.501617193
leaf_count=6948 9235 8863 2095 1300 25628 12834 10929 41341 9622 14940 52468 3031 12697 17968
internal_value=5.96233e-05 0.000167837 -0.00307342 -0.011425 0.000312251 4.88278e-05 0.00103097 0.00189048 0.00483894 -0.000613698 9.51084e-05 0.0012308 -0.00311384 -0.0031473
internal_weight=2.53276e+08 2.46751e+08 1.0525e+07 1.85848e+06 2.36226e+08 2.12547e+08 8.56207e+07 7.33213e+07 2.3158e+07 1.26926e+08 9.88904e+07 8.15495e+07 2.80361e+07 1.9305e+07
internal_count=229899 222951 12258 3395 210693 185065 71127 60198 18857 113938 88407 73467 25531 20999
cat_boundaries=0 1 2 3 4
cat_threshold=11 136 153 16
is_linear=0
shrinkage=0.03


Tree=111
num_leaves=15
num_cat=0
split_feature=10 2 12 13 12 12 11 12 2 1 14 1 10 12
split_gain=130278 121161 120212 139351 119207 182470 154662 171301 251255 216513 324391 214147 168481 160374
threshold=1.2883310473777285 2.5000000000000004 1.0666052657390228 1.1482442084774827 1.0336496147759966 1.0321335269730831 1.0256949624400986 1.0022632125571322 4.5000000000000009 8.5000000000000018 0.9138032277660072 17.500000000000004 1.0854075201444009 1.0281187774485046
decision_type=2 2 2 2 2 2 2 2 2 2 2 2 2 2
left_child=2 -2 4 -4 5 6 -1 11 9 10 -9 12 -8 -12
right_child=1 -3 3 -5 -6 -7 7 8 -10 -11 13 -13 -14 -15
leaf_value=7.2814460728465861e-05 -5.4498105815651847e-05 -0.001421054156978242 0.00015326366899320702 0.0013221336222176915 -0.00019842754307183738 0.00053132681748879545 -0.00073456268652755238 0.00079774447946552899 0.0005876908100633354 -0.00024699712337899544 -0.00037583220465134729 0.00038800336293062413 0.00047715612054866199 0.00070020486868830722
leaf_weight=117346089.3141607 2837426.4734390974 2723116.1898218393 28966794.357798696 2153969.493265748 32344957.04298234 4070053.8706731796 8454729.0167378187 2601062.0866686106 8949723.8875992298 33234641.658243418 4815134.3731131554 2887027.6362628937 1323217.8364747763 996850.72363805771
leaf_count=99172 2218 2731 29165 4579 33206 3264 6304 2588 12296 23049 5808 3092 1648 985
internal_value=-2.10572e-06 -0.00454347 9.96595e-05 0.00184336 -0.000150384 0.000143865 2.30504e-06 -0.00119335 -0.000412321 -0.00139232 0.00290687 -0.0043136 -0.00643331 -0.001034
internal_weight=2.53705e+08 5.56054e+06 2.48144e+08 3.11208e+07 2.17023e+08 1.84679e+08 1.80608e+08 6.32624e+07 5.05974e+07 4.16477e+07 8.41305e+06 1.2665e+07 9.77795e+06 5.81199e+06
internal_count=230105 4949 225156 33744 191412 158206 154942 55770 44726 32430 9381 11044 7952 6793
is_linear=0
shrinkage=0.03


Tree=112
num_leaves=15
num_cat=1
split_feature=13 9 0 3 16 14 3 9 9 1 1 14 11 11
split_gain=131237 113307 113155 139476 135529 123065 111125 239704 178916 443759 284903 172212 165855 195869
threshold=1.1002953456547913 62.500000000000007 0 2.5000000000000004 0.06608297931401752 1.2537189294823887 2.5000000000000004 80.500000000000014 89.500000000000014 18.500000000000004 7.5000000000000009 0.78792964845128977 1.0007501084115906 1.0766544007495955
decision_type=2 2 1 2 2 2 2 2 2 2 2 2 2 2
left_child=1 -1 3 -2 -4 -6 8 -8 9 10 -3 -9 -13 -14
right_child=2 6 4 -5 5 -7 7 11 -10 -11 -12 12 13 -15
leaf_value=-0.00093556570466339162 0.00021497731554982204 -0.00053694782456563405 0.00038035429776465425 0.0029791167390848098 -4.0119828014206855e-05 -0.0025035991536830125 -0.0016212693807419747 -0.0037522456432593429 -5.0194684803422126e-05 -0.00061884292921298508 0.00042403108375788253 -0.0010332596837819515 0.00063311022059544836 -0.00059643406902596665
leaf_weight=1495476.1436086893 2331291.4705777168 3347837.4975143671 17268681.704599857 1357875.1589698792 10914265.311210155 1358464.1722772121 1467426.9085718393 736226.35891926289 168049986.78430891 5021384.1751117706 23985525.649918079 5346474.9655146599 6606228.7504001856 3747517.3311545849
leaf_count=1115 2209 5676 34586 1530 7929 1535 2087 1683 128599 6450 13880 7279 8756 6174
internal_value=-7.20026e-05 -0.000337653 0.00168514 0.00663896 0.0010665 -0.00134386 -0.000281278 -0.00254578 -7.89706e-05 0.00196391 0.00346979 -0.00150858 -0.000843612 0.00137212
internal_weight=2.53035e+08 2.19804e+08 3.32306e+07 3.68917e+06 2.95414e+07 1.22727e+07 2.18309e+08 1.79039e+07 2.00405e+08 3.23547e+07 2.73334e+07 1.64364e+07 1.57002e+07 1.03537e+07
internal_count=229488 181699 47789 3739 44050 9464 180584 25979 154605 26006 19556 23892 22209 14930
cat_boundaries=0 1
cat_threshold=16
is_linear=0
shrinkage=0.03


Tree=113
num_leaves=15
num_cat=1
split_feature=13 0 3 3 9 2 11 10 11 12 14 2 5 5
split_gain=121188 124283 119936 116082 217117 231630 169186 166359 138128 120271 115893 112163 412513 211953
threshold=1.1002953456547913 0 2.5000000000000004 2.5000000000000004 80.500000000000014 4.5000000000000009 1.0979770383013885 0.99451885417014119 0.90644793995258399 0.99493778713559811 1.4356776800721678 2.5000000000000004 1.0000000180025095e-35 1.0000000180025095e-35
decision_type=2 1 2 2 2 2 2 2 2 2 2 2 2 2
left_child=3 2 -2 11 -5 -6 7 8 -7 -9 -3 12 -1 -13
right_child=1 10 -4 4 5 6 -8 9 -10 -11 -12 13 -14 -15
leaf_value=-4.6724376100974944e-05 -0.00042167466984448839 0.00020555902458573993 0.002888543236407839 -0.0014524184253058888 -0.0045573989807242352 0.00095079350643585052 -0.00098355847904750744 -0.00066537128880619694 -0.0014312028268344665 0.00066883062121288054 -0.0017210951793849654 6.0458307922121757e-05 -0.0017163268239781019 0.0013484115591677309
leaf_weight=112219724.65525043 2318222.5173488855 27696547.272065759 1397389.0552017689 1459377.2526558638 725045.51275479794 1017620.6381508112 3385850.1146897078 1591285.4642430544 2816522.4718388319 6958698.1490883827 1977774.2818640471 86962257.946542025 1833408.7079473734 1707677.3194596767
leaf_count=81344 2207 37580 1562 2131 1313 1657 5747 2007 3895 9531 6518 72403 1152 1217
internal_value=-3.37442e-05 0.00165066 0.00682308 -0.000288606 -0.00260062 -0.00161935 -0.000857074 0.000767686 -0.00442462 0.00309612 0.00100301 -8.38399e-05 -0.000706038 0.000716472
internal_weight=2.54067e+08 3.33899e+07 3.71561e+06 2.20677e+08 1.79544e+07 1.6495e+07 1.577e+07 1.23841e+07 3.83414e+06 8.54998e+06 2.96743e+07 2.02723e+08 1.14053e+08 8.86699e+07
internal_count=230264 47867 3769 182397 26281 24150 22837 17090 5552 11538 44098 156116 82496 73620
cat_boundaries=0 1
cat_threshold=16
is_linear=0
shrinkage=0.03


Tree=114
num_leaves=15
num_cat=3
split_feature=15 14 2 0 12 12 12 14 2 11 0 3 0 12
split_gain=132144 148801 108298 103775 153516 167428 90155.7 150789 154535 109944 437578 309039 206402 174938
threshold=1.0000000180025095e-35 0.75808805599974149 1.0000000180025095e-35 0 1.0076809644919542 0.99984781307094417 1.0666052657390228 1.0269306371829447 5.5000000000000009 1.0069201742998883 1 1.0000000180025095e-35 2 1.0033879215670958
decision_type=2 2 2 1 2 2 2 2 2 2 1 2 1 2
left_child=2 -2 3 -1 5 -5 9 8 -8 10 -4 -12 13 -11
right_child=1 -3 6 4 -6 -7 7 -9 -10 12 11 -13 -14 -15
leaf_value=7.0279349661988656e-06 -0.0040519790046088158 -0.00056764949520734793 -0.00062244429012953085 -0.00025676476556642453 -0.0006232679580058971 0.0010827221465231538 -2.5546937872230804e-05 0.00093227931456212835 -0.0012049571789105081 -0.00027194488341339944 0.00042058770235474776 -5.5663388298584759e-05 -0.00024844993582844006 0.00013201021675088623
leaf_weight=23226551.82577312 390601.11144912243 767117.95758914948 11456634.556579947 5434796.509521246 12934045.384317994 1985977.5366928577 22097170.962872863 5022408.553732872 1728421.7372722626 10217749.216146946 31228607.962967157 23734841.90403676 51820392.037251353 52021405.595703125
leaf_count=18799 708 2527 13071 4171 9631 1455 19955 7849 2850 7224 23070 25030 45844 47956
internal_value=7.54064e-06 -0.0101048 5.38311e-05 -0.00130671 -0.00287049 0.000569093 0.000337092 0.00189435 0.000898527 8.81787e-05 0.00105849 0.0021702 -0.000476859 0.000687616
internal_weight=2.54067e+08 1.15772e+06 2.52909e+08 4.35814e+07 2.03548e+07 7.42077e+06 2.09328e+08 2.8848e+07 2.38256e+07 1.8048e+08 6.64201e+07 5.49634e+07 1.1406e+08 6.22392e+07
internal_count=230140 3235 226905 34056 15257 5626 192849 30654 22805 162195 61171 48100 101024 55180
cat_boundaries=0 1 2 3
cat_threshold=369 320 370
is_linear=0
shrinkage=0.03


Tree=115
num_leaves=15
num_cat=4
split_feature=10 13 0 4 1 3 10 0 10 3 0 1 10 0
split_gain=125907 122239 131588 124829 136306 116843 97078 107016 102507 137672 87172.2 209135 154582 173182
threshold=1.2883310473777285 1.1482442084774827 0 1.0000000180025095e-35 17.500000000000004 1.0000000180025095e-35 1.1419459761965169 1 1.1942558122392908 1.0000000180025095e-35 2 10.500000000000002 1.0193551385802377 3
decision_type=2 2 1 2 2 2 2 1 2 2 1 2 2 1
left_child=1 6 -3 -4 -5 -2 10 8 9 -8 12 -12 13 -1
right_child=5 2 3 4 -6 -7 7 -9 -10 -11 11 -13 -14 -15
leaf_value=-0.00077023880097026095 -0.00023139368967828222 0.0022532325974924947 0.00043714243374214003 -0.0021039778266861652 0.0019116338255680406 -0.0018257901303795514 0.0011355641077319845 -1.700562114802417e-05 2.5075308073900432e-05 5.2430310444814933e-06 8.1815091455134903e-05 -0.00015193467765898399 0.00024773270200405961 -9.1281790470941012e-06
leaf_weight=4387462.602429986 3644153.0515578985 1870089.2123789787 13742152.746031404 2072315.5805029869 654248.66459178925 1872591.8541648388 4634610.1574413776 13927051.74153316 4418339.8083590269 2329584.6668330431 43374745.98981607 96897309.203873158 36582223.112454057 22886967.224293351
leaf_count=4812 2887 2714 26570 3250 1362 2033 3813 15733 4372 2957 32191 51148 46720 29224
internal_value=-8.72098e-06 9.10822e-05 0.002448 0.00159165 -0.00427201 -0.00449124 -9.73039e-05 0.0016552 0.00381301 0.00608064 -0.000314594 -0.000732882 0.000604248 -0.00110519
internal_weight=2.53294e+08 2.47777e+08 1.83388e+07 1.64687e+07 2.72656e+06 5.51674e+06 2.29438e+08 2.53096e+07 1.13825e+07 6.96419e+06 2.04129e+08 1.40272e+08 6.38567e+07 2.72744e+07
internal_count=229786 224866 33896 31182 4612 4920 190970 26875 11142 6770 164095 83339 80756 34036
cat_boundaries=0 1 2 3 4
cat_threshold=16 324 227 64
is_linear=0
shrinkage=0.03


Tree=116
num_leaves=15
num_cat=2
split_feature=10 3 10 10 0 2 2 5 3 9 0 12 16 2
split_gain=125291 169852 211970 165770 147358 145368 138202 283494 183664 186499 275508 184638 206325 187705
threshold=1.2236955986104996 1.5000000000000002 1.3953303454829544 1.1419459761965169 0 5.5000000000000009 2.5000000000000004 1.0000000180025095e-35 1.0000000180025095e-35 68.500000000000014 1 0.99493778713559811 0.063017502112994797 4.5000000000000009
decision_type=2 2 2 2 1 2 2 2 2 2 1 2 2 2
left_child=3 -2 -3 6 5 -5 7 -1 -8 10 -10 12 -11 -13
right_child=1 2 -4 4 -6 -7 8 -9 9 11 -12 13 -14 -15
leaf_value=-6.7160910508729882e-05 -0.00019342129395407703 -0.00080924874735279666 -0.0048127089793365404 0.00068866810271207336 -5.620468497309225e-05 -0.0010242986652039868 0.00027024798132271123 -0.0014275204445608944 0.00046229456822315768 0.00028267568507995444 -0.0014107510896890193 -7.5583376920996365e-05 -0.00073654063353697033 0.00037625294559334
leaf_weight=108704337.91010821 8489337.255538702 1244173.9895788431 657259.25781059265 13459414.119551301 9309142.0592672825 1055900.0947034359 33389067.360579252 1971408.1679463387 1494943.6290266514 6656071.2535067797 2015690.297917366 26542352.417592168 10437494.084960938 28599960.146699786
leaf_count=82188 8685 2609 873 12413 11396 1932 25143 1371 2120 12486 1829 21481 7696 37992
internal_value=-1.11691e-05 -0.00323734 -0.0113419 0.000126423 0.00250336 0.00439282 -0.000131203 -0.000878186 0.000626321 -0.00019077 -0.00694323 0.000137397 -0.00258676 0.000981857
internal_weight=2.54027e+08 1.03908e+07 1.90143e+06 2.43636e+08 2.38245e+07 1.45153e+07 2.19811e+08 1.10676e+08 1.09136e+08 7.57465e+07 3.51063e+06 7.22359e+07 1.70936e+07 5.51423e+07
internal_count=230214 12167 3482 218047 25741 14345 192306 83559 108747 83604 3949 79655 20182 59473
cat_boundaries=0 1 2
cat_threshold=326 395
is_linear=0
shrinkage=0.03


Tree=117
num_leaves=15
num_cat=4
split_feature=13 2 3 14 14 0 0 4 2 2 9 0 9 0
split_gain=115130 101633 185470 182195 117154 111259 96472.4 91707.5 127461 97686.8 97904.1 342340 245393 290115
threshold=1.1002953456547913 4.5000000000000009 2.5000000000000004 1.1312247926346461 1.4894901571766581 0 1 1.0000000180025095e-35 4.5000000000000009 1.0000000180025095e-35 74.500000000000014 2 82.500000000000014 3
decision_type=2 2 2 2 2 1 1 2 2 2 2 1 2 1
left_child=7 2 -2 -3 -4 -6 -5 9 -9 -1 11 -11 13 -12
right_child=1 3 4 6 5 -7 -8 8 -10 10 12 -13 -14 -15
leaf_value=-0.0001572695540648949 0.00021748879890661247 0.00041060535879451014 -0.0049582759102425236 0.0051595726033368573 0.00099442093655938819 -0.0024971846624883944 0.00082235098066976893 -0.0040474019691714557 -0.0002072604093673341 0.00067183101119667869 0.00095008060435739492 -0.00050546480619229083 3.2899458992307718e-06 4.7746993011780768e-05
leaf_weight=40061192.562479973 22993238.660157681 6293227.8769484758 677723.26927447319 998160.89741289616 1131215.9253424406 829527.49637246132 486273.86401093006 707020.63842737675 825986.83129799366 3969775.2648320198 3825922.7363512516 10553601.645377159 155110472.05306351 4817922.9954835176
leaf_count=29111 28778 10461 808 2088 1576 1879 2376 1291 1236 3863 3419 8214 129826 4498
internal_value=-1.96938e-06 0.00163886 0.000727396 0.00464265 -0.00680605 -0.0030895 0.0140968 -0.000251293 -0.00756322 -0.000199954 0.000100853 -0.00225982 0.000310221 0.00522974
internal_weight=2.53281e+08 3.34094e+07 2.56317e+07 7.77766e+06 2.63847e+06 1.96074e+06 1.48443e+06 2.19872e+08 1.53301e+06 2.18339e+08 1.78278e+08 1.45234e+07 1.63754e+08 8.64385e+06
internal_count=229424 47966 33041 14925 4263 3455 4464 181458 2527 178931 149820 12077 137743 7917
cat_boundaries=0 1 2 3 4
cat_threshold=30 60 392 178
is_linear=0
shrinkage=0.03


Tree=118
num_leaves=15
num_cat=2
split_feature=14 16 11 0 2 14 0 13 1 1 14 16 9 1
split_gain=113869 114834 130356 219761 144437 222307 145730 126737 110339 107814 319583 244433 122921 301199
threshold=0.98729719223882884 0.055845160148253276 0.97444208477667915 0 4.5000000000000009 1.0870219147707336 1 1.3243150038582081 15.500000000000002 8.5000000000000018 0.88354585953519404 0.033408427236835604 85.500000000000014 18.500000000000004
decision_type=2 2 2 1 2 2 1 2 2 2 2 2 2 2
left_child=9 -2 3 -3 6 8 -4 -8 -6 10 11 -1 13 -11
right_child=1 2 4 -5 5 -7 7 -9 -10 12 -12 -13 -14 -15
leaf_value=-0.0014689347600857631 0.00029310146184920996 -0.001030779358918425 -0.00018704817155068342 8.8902371839351258e-05 0.0006376439859274378 0.0035942328504203966 0.00019923460122351887 -0.0010020405407207638 -0.00026902063859100356 0.00035068741181585277 -9.879396371256449e-05 0.00061678627204839567 -0.0001482834751651115 -0.00087631602622953626
leaf_weight=1034392.2640365362 35700642.191438913 4891044.09765625 21100179.06803894 6679439.1252288818 6129009.3435792923 1559516.9944523573 31921690.978759766 1742794.8481445312 4784180.4376678467 11609301.909752369 16337009.193359613 6913956.9712004662 100025784.64346504 2869584.7351527214
leaf_count=9671 64049 3475 8752 4393 5107 2241 19078 1482 3995 7764 18449 3501 73652 4101
internal_value=1.36309e-05 0.000713905 7.44769e-05 -0.00286677 0.000580619 0.00349419 -8.29495e-05 0.00114224 0.00198015 -0.000564129 0.00125147 0.00618534 -0.000949199 0.00163432
internal_weight=2.53299e+08 1.14508e+08 7.88079e+07 1.15705e+07 6.72374e+07 1.24727e+07 5.47647e+07 3.36645e+07 1.09132e+07 1.3879e+08 2.42854e+07 7.94835e+06 1.14505e+08 1.44789e+07
internal_count=229710 112572 48523 7868 40655 11343 29312 20560 9102 117138 31621 13172 85517 11865
cat_boundaries=0 1 2
cat_threshold=322 148
is_linear=0
shrinkage=0.03


Tree=119
num_leaves=15
num_cat=0
split_feature=10 3 14 10 3 12 11 1 12 12 10 1 11 1
split_gain=103649 171856 237931 141709 138332 117052 257565 223171 213043 240379 294927 206536 200259 310806
threshold=1.2236955986104996 1.5000000000000002 0.70973154498075464 1.1419459761965169 1.0000000180025095e-35 1.0051969303918387 1.0301164719085267 17.500000000000004 0.99880713796770515 1.0017672621402147 1.0293999222527417 18.500000000000004 1.0142450752632377 17.500000000000004
decision_type=2 2 2 2 2 2 2 2 2 2 2 2 2 2
left_child=3 -2 -3 5 -5 6 8 -8 11 -10 -11 -1 -7 -14
right_child=1 2 -4 4 -6 12 7 -9 9 10 -12 -13 13 -15
leaf_value=-9.9227411846466629e-05 -0.00014181137029652978 -0.0045313700118745784 -0.00065501871824790055 0.00049846526960115761 -0.00010731814573821276 -0.00033756814178228595 -0.00053846684482550917 0.00045709640616448935 0.00062143510003199304 -8.1552323024605092e-05 0.00079897722860640104 0.00074691864894241094 9.9959193093966851e-05 -0.00031140464115134159
leaf_weight=40077419.837848425 8595464.8258168697 659420.38917577267 1259821.3642817736 15854600.947736382 7995446.8972146511 28172756.259781241 8868476.2608217001 2715431.5058107376 13555562.368728518 15025687.086529613 4838357.9823378325 6980313.6417460442 75349092.166248083 23564189.916004896
leaf_count=32782 8799 792 2712 14719 10930 25565 7419 2951 10433 10924 3489 9973 63073 25430
internal_value=4.83052e-05 -0.00286783 -0.0109844 0.000174489 0.00237054 -6.45104e-05 0.000750105 -0.00343239 0.00135213 0.00318374 0.00108193 5.13548e-05 -0.000654619 -1.90606e-05
internal_weight=2.53512e+08 1.05147e+07 1.91924e+06 2.42997e+08 2.385e+07 2.19147e+08 9.20612e+07 1.15839e+07 8.04773e+07 3.34196e+07 1.9864e+07 4.70577e+07 1.27086e+08 9.89133e+07
internal_count=229991 12303 3504 217688 25649 192039 77971 10370 67601 24846 14413 42755 114068 88503
is_linear=0
shrinkage=0.03


Tree=120
num_leaves=15
num_cat=5
split_feature=15 13 14 16 10 0 10 0 16 0 11 12 0 0
split_gain=112416 153405 95934.2 143291 172730 131984 150001 120804 111224 102917 150511 214681 188707 172997
threshold=1.0000000180025095e-35 0.77783150428640047 1.004678821214996 0.056042049674143786 0.96771506909300131 0 1.1942558122392908 1 0.021489999432519832 2 1.0069201742998883 1.0051969303918387 3 4
decision_type=2 2 2 2 2 1 2 1 2 1 2 2 1 1
left_child=2 -2 8 -4 7 -6 -7 -5 -1 -10 11 13 -13 -11
right_child=1 -3 3 4 5 6 -8 -9 9 10 -12 12 -14 -15
leaf_value=-0.0010049870836051705 -0.0038000889352474343 -6.8254596386070561e-05 0.00037434417659164564 0.00021071517025915998 -0.00040673711634758798 0.00021683970668604283 -0.00070422069240784371 -0.00087003760286065218 0.00024823889472253956 -0.00035390136505088416 -0.00010940590689531965 -2.0477625059634498e-05 -0.0011304179211768909 0.00029448746490277872
leaf_weight=4634596.8555272818 484224.17860746384 673467.86348688602 27860656.110903025 2287664.4817504883 7101295.0914306641 37719763.056838989 2469991.137008667 5045199.23046875 12920090.045669556 6714260.9239501953 103922500.65648651 6990355.2440032959 3050306.9636230469 31800320.711555481
leaf_count=29833 1389 1834 54145 2445 3207 24083 2088 3273 11855 4466 65395 4313 2159 19456
internal_value=-2.7191e-05 -0.00935425 1.557e-05 0.000855112 -3.78834e-05 0.000626411 0.00129261 -0.00432205 -0.000391701 -0.000263262 -0.000481098 0.000897822 -0.00300907 0.00191634
internal_weight=2.53675e+08 1.15769e+06 2.52517e+08 8.24846e+07 5.46239e+07 4.7291e+07 4.01898e+07 7.33286e+06 1.70032e+08 1.65398e+08 1.52478e+08 4.85552e+07 1.00407e+07 3.85146e+07
internal_count=229941 3223 226718 89241 35096 29378 26171 5718 137477 107644 95789 30394 6472 23922
cat_boundaries=0 1 2 3 4 5
cat_threshold=4 165 64 153 256
is_linear=0
shrinkage=0.03


Tree=121
num_leaves=15
num_cat=5
split_feature=13 11 3 10 3 0 10 0 0 11 0 0 1 3
split_gain=99156.2 95318.8 174403 108709 159178 120435 105902 301607 173535 103971 569492 310869 268989 206875
threshold=0.28104573522942611 1.1974644592326587 1.5000000000000002 1.1419459761965169 1.0000000180025095e-35 0 1.1942558122392908 1 2 1.0069201742998883 3 4 17.500000000000004 1.5000000000000002
decision_type=2 2 2 2 2 1 2 1 1 2 1 1 2 2
left_child=-1 3 -3 9 5 -5 7 -7 -8 10 -2 -11 -12 -13
right_child=1 2 -4 4 -6 6 8 -9 -10 11 12 13 -14 -15
leaf_value=-0.00082407334553198587 -0.00063900354718433524 -0.00017889798801316598 -0.0027957659335444995 -3.366727120880244e-05 -0.00018874787292097087 0.0028521885042120643 -0.00071524954220634736 0.00050638774096934064 0.00065172711249511983 0.00021811270058566117 0.00010075260460083931 -0.00020546115227250994 0.00063065861488740204 0.00018597246907596317
leaf_weight=1465743.1068848372 14186527.485859394 6153810.2101324797 1202405.2797740698 5108782.4240211248 9092737.350943327 1363066.8652527332 1589997.6114001274 6649234.9846971035 3111825.5050721169 39116955.340684652 50077518.080904841 79732959.388639212 15802169.79575634 18787223.494401455
leaf_count=5178 15340 5151 1909 5410 12648 1589 1588 5310 3432 48169 39327 48583 16168 20183
internal_value=-4.3564e-05 1.69375e-06 -0.00336303 0.000102878 0.0019015 0.00354935 0.00511258 0.00721 0.00153841 -0.000119494 0.000740091 -0.000619531 0.00191418 -0.00151792
internal_weight=2.53441e+08 2.51975e+08 7.35622e+06 2.44619e+08 2.69156e+07 1.78229e+07 1.27141e+07 8.0123e+06 4.70182e+06 2.17703e+08 8.00662e+07 1.37637e+08 6.58797e+07 9.85202e+07
internal_count=229985 224807 7060 217747 29977 17329 11919 6899 5020 187770 70835 116935 55495 68766
cat_boundaries=0 1 2 3 4 5
cat_threshold=137 64 64 320 354
is_linear=0
shrinkage=0.03


Tree=122
num_leaves=15
num_cat=2
split_feature=15 14 2 16 16 11 1 1 1 16 0 16 12 0
split_gain=108349 132045 91307.6 123784 104821 104603 222880 147063 130143 183723 203777 123282 114822 111647
threshold=1.0000000180025095e-35 0.73141327315926918 1.0000000180025095e-35 0.058762905724713911 0.075475448066587833 0.9569913468292458 14.500000000000002 19.500000000000004 6.5000000000000009 0.053356818994415696 0 0.041059285419687973 1.0233061924905116 1
decision_type=2 2 2 2 2 2 2 2 2 2 1 2 2 1
left_child=2 -2 4 5 -1 6 -4 8 -7 -10 -11 13 -13 -9
right_child=1 -3 3 -5 -6 7 -8 11 9 10 -12 12 -14 -15
leaf_value=-0.00021981228567277678 -0.0034532808591196222 -0.00050046386393924028 0.00014827492810021208 -2.1910278137171662e-05 0.00012787495907425596 -0.00026325343494703571 0.0019631340383919667 0.00052278572203283175 0.00068949852644543703 -0.00011887626705648641 0.00053994104956727634 -0.00019083705824255787 -0.0014663910780294931 -0.00051823800874806723
leaf_weight=30850862.688196421 377646.87061274052 800304.23887491226 6041790.7759951353 135102710.31307983 12512211.844848633 6499765.0856165886 2984429.1359791756 6291307.1135616302 14253900.129241943 15697114.612960815 11965117.296630859 2903449.0009918213 1958274.9433746338 5335097.573340416
leaf_count=28711 667 2578 9012 80862 5352 32465 5117 15941 15393 7301 10597 2461 1947 11718
internal_value=3.90727e-05 -0.00903827 8.14374e-05 0.000341325 -0.00117136 0.00132821 0.00435419 0.000907388 0.00174074 0.00235323 0.0009275 -0.00153967 -0.00555122 0.000137807
internal_weight=2.53574e+08 1.17795e+06 2.52396e+08 2.09033e+08 4.33631e+07 7.39302e+07 9.02622e+06 6.4904e+07 4.84159e+07 4.19161e+07 2.76622e+07 1.64881e+07 4.86172e+06 1.16264e+07
internal_count=230122 3245 226877 192814 34063 111952 14129 97823 65756 33291 17898 32067 4408 27659
cat_boundaries=0 1 2
cat_threshold=280 362
is_linear=0
shrinkage=0.03


Tree=123
num_leaves=15
num_cat=3
split_feature=12 11 14 3 5 14 0 2 11 0 13 9 0 9
split_gain=120954 112004 102796 140903 264188 153279 166083 152827 189645 178961 131285 117539 213787 116838
threshold=0.9353060627559534 0.90644793995258399 0.98729719223882884 1.0000000180025095e-35 1.0000000180025095e-35 0.83314520053279539 0 1.0000000180025095e-35 0.97496938264852517 1 0.71084552796975031 74.500000000000014 2 82.500000000000014
decision_type=2 2 2 2 2 2 1 2 2 1 2 2 1 2
left_child=-1 -2 3 4 7 6 -5 -3 9 -9 -8 12 -7 -13
right_child=1 2 -4 5 -6 11 10 8 -10 -11 -12 13 -14 -15
leaf_value=-0.00048026244998813488 0.00038446244827239427 -0.00015824407545408765 8.2814569835777614e-05 0.00022929410361982705 -0.001518134237899173 0.00056624982708183965 -0.0021486576937627291 0.00092245321322199155 5.6091017931965607e-05 -1.2233294552396283e-05 -0.000632083082197445 0.0006821843455251512 -0.0018393181711878867 -0.00014532004192002339
leaf_weight=7240834.5809147358 10944842.00440228 27899401.710908294 108930048.02307284 1502794.3280900717 1367988.938207984 926741.31699180603 1666965.742149353 2973653.5086079836 52191090.963925123 2086530.5257970095 4093457.5595581532 1995682.2807486057 1395758.9703701735 27786589.304364681
leaf_count=7859 9501 20875 105466 1755 767 1458 2638 2100 39845 1484 4366 2007 1091 28570
internal_value=-6.17877e-06 0.000106413 -3.1855e-05 -0.000615743 6.1289e-05 -0.00210365 -0.00603925 0.00027141 0.00115863 0.0067038 -0.00835632 -0.00121328 -0.00771351 -0.000706373
internal_weight=2.53002e+08 2.45762e+08 2.34817e+08 1.25887e+08 8.65187e+07 3.9368e+07 7.26322e+06 8.51507e+07 5.72513e+07 5.06018e+06 5.76042e+06 3.21048e+07 2.3225e+06 2.97823e+07
internal_count=229782 221923 212422 106956 65071 41885 8759 64304 43429 3584 7004 33126 2549 30577
cat_boundaries=0 1 2 3
cat_threshold=72 209 171
is_linear=0
shrinkage=0.03


Tree=124
num_leaves=15
num_cat=1
split_feature=15 10 10 9 2 11 16 3 0 11 9 10 10 11
split_gain=98727.1 129125 96553.9 91227.4 80551.4 107385 94236.5 126807 121821 119427 105032 88672.2 116329 115068
threshold=1.0000000180025095e-35 1.0962830087383653 0.74478466775923013 62.500000000000007 1.0000000180025095e-35 1.1901084494770153 0.081083792322249923 1.0000000180025095e-35 0 0.99953296935072145 87.500000000000014 1.2236955986104996 1.1493816470633826 1.0256949624400986
decision_type=2 2 2 2 2 2 2 2 1 2 2 2 2 2
left_child=2 -2 -1 -4 5 -5 11 8 9 -8 -9 12 13 -6
right_child=1 -3 3 4 6 -7 7 10 -10 -11 -12 -13 -14 -15
leaf_value=-0.00051032247281932992 0.00071806675440403073 -0.0030547278245333081 -0.00077268568912909022 -7.5175753515543253e-05 0.00018395821784641567 -0.0010657278859151247 0.00019847825936299983 0.00046074209849929025 0.00024384229442970143 -0.00026518186868494355 -0.00037168807224739064 -0.00041384144470401577 0.00045366957237917609 -2.9732259447926057e-05
leaf_weight=5455311.2095354795 448603.11336553097 689941.62200403214 1753965.9064848423 41014726.785340548 73594411.995572209 1567050.5246396065 2927919.8121337891 1843083.8162231445 17440971.592224121 9311071.8438720703 17238008.149780273 6314789.9969257116 12986314.763378739 61520293.969757557
leaf_count=6023 1562 1652 1372 31819 72697 1356 918 1173 7826 3574 11292 8606 16303 63945
internal_value=2.4723e-05 -0.0087896 6.43941e-05 0.000151407 0.000200064 -0.000986329 0.000448708 -0.000701041 0.000525622 -0.00176874 -0.00260907 0.000811773 0.000960219 0.000699557
internal_weight=2.54106e+08 1.13854e+06 2.52968e+08 2.47513e+08 2.45759e+08 4.25818e+07 2.03177e+08 4.87611e+07 2.968e+07 1.2239e+07 1.90811e+07 1.54416e+08 1.48101e+08 1.35115e+08
internal_count=230118 3214 226904 220881 219509 33175 186334 24783 12318 4492 12465 161551 152945 136642
cat_boundaries=0 1
cat_threshold=52
is_linear=0
shrinkage=0.03


Tree=125
num_leaves=15
num_cat=2
split_feature=13 0 16 2 4 13 1 0 16 7 14 2 11 16
split_gain=89635 115646 128830 95490.9 148633 85730.2 85650.9 175048 155561 143826 338331 149818 149380 128212
threshold=1.1482442084774827 0 0.06816616070551193 4.5000000000000009 1.0000000180025095e-35 1.2060634392023106 10.500000000000002 1 0.032073096904710725 1.0000000180025095e-35 0.69802184948550128 1.0000000180025095e-35 0.9333166076352869 0.053356818994415696
decision_type=2 1 2 2 2 2 2 1 2 2 2 2 2 2
left_child=6 5 -3 4 -4 -2 8 9 -1 11 -11 12 -8 -10
right_child=1 2 3 -5 -6 -7 7 -9 13 10 -12 -13 -14 -15
leaf_value=-0.00050296102060739254 0.00034512326765482557 0.00047564184097806015 -0.00012001776814431087 0.00099414958325021153 -0.0032396508459721861 0.0050161231941867326 -0.0013815627015824413 -0.00012801819181117464 0.00050593453998689741 -0.0042390365259818699 -0.0001872563970145237 0.00031524098582593922 -5.4096878721169706e-05 5.9865508369431062e-05
leaf_weight=6663223.0371704102 843539.83431577682 11198007.512541413 3211921.6329040527 1479001.2614810467 1343783.1372680664 1029822.787776947 1084236.4393935204 104566233.38547945 8099012.6634275913 638293.24336242676 11117728.924962997 35732824.15798378 8921940.0187315941 57307614.879033327
leaf_count=33319 686 26562 2087 1899 1344 2078 1064 56220 8538 765 18765 36942 9412 30190
internal_value=6.20791e-06 0.001982 0.00121245 -0.00232098 -0.00447119 0.00906088 -0.000155025 -0.000537669 0.000705415 0.000791993 -0.00216764 0.00155269 -0.0016919 0.00115028
internal_weight=2.53237e+08 1.91061e+07 1.72327e+07 6.03471e+06 4.5557e+06 1.87336e+06 2.34131e+08 1.62061e+08 7.20699e+07 5.7495e+07 1.1756e+07 4.5739e+07 1.00062e+07 6.54066e+07
internal_count=229871 34656 31892 5330 3431 2764 195215 123168 72047 66948 19530 47418 10476 38728
cat_boundaries=0 1 2
cat_threshold=16 227
is_linear=0
shrinkage=0.03


Tree=126
num_leaves=15
num_cat=4
split_feature=2 16 10 11 16 16 0 0 13 14 12 0 16 0
split_gain=96760.7 107181 90463.6 90014.7 130419 136691 178673 127747 112041 110149 95202.6 78998 76348 87658.1
threshold=1.0000000180025095e-35 0.058762905724713911 0.78049706914582051 0.9569913468292458 0.049763224875981803 0.053356818994415696 0 1 1.1259746304100324 0.88072654936915795 1.0556393429599884 2 0.075475448066587833 3
decision_type=2 2 2 2 2 2 1 1 2 2 2 1 2 1
left_child=2 3 -1 7 8 10 9 -2 11 -7 -6 -5 -4 -14
right_child=1 -3 12 4 5 6 -8 -9 -10 -11 -12 -13 13 -15
leaf_value=-0.00092530566842168602 -0.00046662337375560925 -2.7632378269272546e-05 -0.00020025411892172538 0.00010460094450354784 0.00045801551940509401 -0.00064647155175010288 0.00050376344555152217 0.00080098014279392856 0.00074185122302454541 -2.3353577844682146e-05 0.00098508228310038946 -0.00039007071598406588 0.00064157690799530778 -7.6564757159986734e-05
leaf_weight=1646806.2965613604 2084015.9556030035 136005405.55100977 29720263.348987579 8789331.5101661682 7491897.0372853279 2183021.2064828873 11995105.676513672 6817601.5465474129 5064713.0690481663 13473408.147121191 1964809.9392795563 14052992.449374795 3392210.1799316406 8561270.3186035156
leaf_count=1525 4859 82388 27392 28632 5147 1016 10680 9134 19501 6394 1632 26105 1646 3421
internal_value=-4.64924e-06 0.000261742 -0.00129552 0.00118125 0.000793877 0.00195909 0.000894293 0.00401055 -0.000755517 -0.0012165 0.00507257 -0.00165059 -0.001023 0.00100173
internal_weight=2.53243e+08 2.09922e+08 4.33206e+07 7.39169e+07 6.50153e+07 3.71082e+07 2.76515e+07 8.90162e+06 2.7907e+07 1.56564e+07 9.45671e+06 2.28423e+07 4.16737e+07 1.19535e+07
internal_count=229472 195488 33984 113100 99107 24869 18090 13993 74238 7410 6779 54737 32459 5067
cat_boundaries=0 1 2 3 4
cat_threshold=280 352 488 321
is_linear=0
shrinkage=0.03


Tree=127
num_leaves=15
num_cat=3
split_feature=10 7 10 10 0 2 2 5 9 2 0 5 9 0
split_gain=87147.1 155819 199700 132439 131757 117731 104146 278094 141364 228094 147795 153917 135055 467994
threshold=1.2236955986104996 1.0000000180025095e-35 1.3953303454829544 1.1419459761965169 0 3.5000000000000004 2.5000000000000004 1.0000000180025095e-35 74.500000000000014 5.5000000000000009 1 1.0000000180025095e-35 82.500000000000014 2
decision_type=2 2 2 2 1 2 2 2 2 2 1 2 2 1
left_child=3 -2 -3 6 5 -5 7 -1 9 -8 -10 12 13 -12
right_child=1 2 -4 4 -6 -7 8 -9 10 -11 11 -13 -14 -15
leaf_value=-5.600609132559435e-05 -0.00011851428035926628 -0.00051917262760795902 -0.004268678656890644 0.00076648011904525374 -6.670258617170304e-05 2.5907899624011409e-05 -9.0687422195989196e-05 -0.0013971191960820688 -0.00038121971946831318 -0.0014001581538167424 0.0015412371264710756 0.0013058810297354284 9.5030535830546115e-05 -0.00032056811892780654
leaf_weight=108388249.32412505 8619410.3664262295 1249204.4229733944 665653.81963348389 10263105.853484988 8363189.7718068361 5190213.6707099676 8060079.5877648592 1923451.4888702631 9030806.251473546 1696171.8550868034 2721003.6614853144 1386888.6839712858 82696029.182565331 3069104.6394449472
leaf_count=82097 8793 2621 881 9696 8832 7231 6956 1359 11354 2566 2883 1038 80741 3091
internal_value=-3.6545e-06 -0.00267495 -0.010416 0.00011225 0.00223681 0.00387833 -0.000118829 -0.00076817 0.000540382 -0.00290486 0.000880234 0.00124785 0.00109242 0.00552176
internal_weight=2.53323e+08 1.05343e+07 1.91486e+06 2.42788e+08 2.38165e+07 1.54533e+07 2.18972e+08 1.10312e+08 1.0866e+08 9.75625e+06 9.89038e+07 8.9873e+07 8.84861e+07 5.79011e+06
internal_count=230139 12295 3502 217844 25759 16927 192085 83456 108629 9522 99107 87753 86715 5974
cat_boundaries=0 1 2 3
cat_threshold=358 256 178
is_linear=0
shrinkage=0.03


Tree=128
num_leaves=15
num_cat=2
split_feature=13 0 12 11 4 3 9 14 10 11 12 14 0 11
split_gain=93249.4 115643 136076 135451 110077 90420.6 226063 138302 169992 138631 196609 96925.1 88064.4 92611.9
threshold=1.1482442084774827 0 1.0666052657390228 1.0982257806560121 1.0000000180025095e-35 2.5000000000000004 80.500000000000014 0.78118195219137643 0.99451885417014119 1.0766544007495955 0.99493778713559811 1.0091836239517578 1 0.90644793995258399
decision_type=2 1 2 2 2 2 2 2 2 2 2 2 1 2
left_child=5 -2 3 4 -3 -1 -7 -8 12 10 -10 -12 -9 -14
right_child=1 2 -4 -5 -6 6 7 8 9 -11 11 -13 13 -15
leaf_value=-6.0353867266500135e-07 0.0019421017207581924 0.00044872098196314177 0.0011493342727207569 -0.00088718476892837926 -0.0012237283156092231 -0.0013446126338804013 -0.003140274544052623 0.00026740045543206331 -0.0010207989348658233 -0.00049045024248479366 0.00039430903041962924 0.0015529246801770228 1.4233367945398363e-05 -0.0021032520065465041
leaf_weight=215049858.49406028 1834802.1514840126 9920705.299536705 2170664.2910407782 2894414.5826265812 2337552.2520811558 1619844.8813421726 705603.31337654591 1313752.1882514954 1652763.7125183344 3890235.6263893843 5009049.7707169056 2096192.8973829746 888371.08778107166 2477994.1950185299
leaf_count=167059 2744 19386 4565 4062 3797 2263 1612 2327 2003 6473 6063 3049 1460 3055
internal_value=-1.79225e-05 0.00199454 0.00123599 0.000229649 0.00160792 -0.000182194 -0.00212998 -0.0011657 -0.000635556 0.00117191 0.00326516 0.00543305 -0.00552031 -0.0080911
internal_weight=2.53862e+08 1.91581e+07 1.73233e+07 1.51527e+07 1.22583e+07 2.34704e+08 1.96538e+07 1.8034e+07 1.73284e+07 1.26482e+07 8.75801e+06 7.10524e+06 4.68012e+06 3.36637e+06
internal_count=229918 34554 31810 27245 23183 195364 28305 26042 24430 17588 11115 9112 6842 4515
cat_boundaries=0 1 2
cat_threshold=16 133
is_linear=0
shrinkage=0.03


Tree=129
num_leaves=15
num_cat=0
split_feature=10 7 14 12 12 12 10 10 1 12 1 11 12 12
split_gain=102870 135302 196220 130099 133184 117798 162357 131584 175212 104621 281056 159989 148346 189616
threshold=1.2236955986104996 1.0000000180025095e-35 0.70973154498075464 1.0666052657390228 1.03376952192731 1.0409231421374501 0.93078066328201858 1.0287464565096112 18.500000000000004 1.0312643583499335 17.500000000000004 1.0256949624400986 0.9353060627559534 1.0051969303918387
decision_type=2 2 2 2 2 2 2 2 2 2 2 2 2 2
left_child=3 -2 -3 4 9 6 -6 -7 -9 11 -11 12 -1 -14
right_child=1 2 -4 -5 5 7 -8 8 -10 10 -12 -13 13 -15
leaf_value=-0.0004551504246973781 -0.00017859109889863299 -0.0039214628252777165 -0.00049256907488308486 0.00024133578218235688 0.00030340145537217873 -0.00068358353767979867 -0.0008951712458178003 0.00016793087509490038 -0.0008510869382781194 0.00050901514228615305 -0.00050195809567205702 -0.00012855135215707593 0.00020083815610308532 -7.6388800881002075e-05
leaf_weight=6762267.9957127571 8622950.0823404789 686423.51423299313 1234964.204698205 28311589.344232082 1847861.0040380955 4532926.2922224998 6410701.9383585453 14196665.725288033 2566327.88691926 6299118.301762104 1954273.5092711449 59614657.917762041 71995654.127583623 39048922.687068224
leaf_count=7277 8772 821 2660 29301 1526 4462 7277 12789 4117 4131 1579 53382 58949 33130
internal_value=3.30541e-05 -0.00286797 -0.0100672 0.000158657 -9.28229e-05 -0.00196334 -0.00500475 -0.000783882 0.000442394 0.000204913 0.00350663 5.13223e-05 0.000692169 0.000954876
internal_weight=2.54085e+08 1.05443e+07 1.92139e+06 2.43541e+08 2.15229e+08 2.95545e+07 8.25856e+06 2.12959e+07 1.6763e+07 1.85675e+08 8.25339e+06 1.77422e+08 1.17807e+08 1.11045e+08
internal_count=230173 12253 3481 217920 188619 30171 8803 21368 16906 158448 5710 152738 99356 92079
is_linear=0
shrinkage=0.03


Tree=130
num_leaves=15
num_cat=3
split_feature=9 12 11 16 14 0 16 16 0 9 0 16 12 11
split_gain=89851.2 78962.5 93170.7 189317 96280.1 198256 139480 122828 101294 146082 181236 132837 129601 144315
threshold=62.500000000000007 0.92324355344902431 0.89451372984939514 0.044813661194155065 1.0577981349574546 0 0.069297429202284114 0.021489999432519832 1 86.500000000000014 2 0.052364209944619891 1.0147104157921063 1.01747247632864
decision_type=2 2 2 2 2 1 2 2 1 2 1 2 2 2
left_child=-1 -2 3 -3 7 6 -6 -4 -9 10 -10 -11 13 -12
right_child=1 2 4 -5 5 -7 -8 8 9 11 12 -13 -14 -15
leaf_value=-0.00075294581315336483 -0.00042491516039999254 0.0023720872286437798 -0.00087042289344474628 0.00014710096964751866 0.00051572977956597409 0.00013535497928618818 0.0040632240609594569 0.00015306357719263954 -0.00048902839380994079 0.00017567643439432971 0.00030846186338825374 -0.00011389485877284627 0.00044928865751189573 -0.00026565481725288758
leaf_weight=1702362.5598478317 6541327.00824368 1394875.2924900055 5852227.8002239466 8885192.2414855957 1796566.6777449846 21488251.614741683 995955.32238769531 41124655.55594635 4675408.6240234375 19925811.383453369 6106396.0587768555 118426063.85270119 10091839.164444208 4591738.9758825302
leaf_count=1352 6933 3625 35544 5185 3330 38210 731 44867 2396 18741 3301 57207 6149 2373
internal_value=1.39024e-05 6.03246e-05 0.000147052 0.00294261 2.47993e-05 0.00181369 0.00933346 -0.000181258 -5.88851e-05 -0.000393056 0.00169507 -0.000777402 0.00289527 0.000594724
internal_weight=2.53599e+08 2.51896e+08 2.45355e+08 1.02801e+07 2.35075e+08 2.42808e+07 2.79252e+06 2.10794e+08 2.04942e+08 1.63817e+08 2.54654e+07 1.38352e+08 2.079e+07 1.06981e+07
internal_count=229944 228592 221659 8810 212849 42271 4061 170578 135034 90167 14219 75948 11823 5674
cat_boundaries=0 1 2 3
cat_threshold=16 97 4
is_linear=0
shrinkage=0.03


Tree=131
num_leaves=15
num_cat=2
split_feature=9 10 3 14 12 0 0 1 9 12 12 1 12 3
split_gain=84600.6 87069.3 129146 200699 105856 196329 83927.1 205048 262096 150242 324957 201033 201599 231170
threshold=62.500000000000007 1.2236955986104996 1.5000000000000002 0.72129665078146499 1.1215458779551306 0 1 10.500000000000002 66.500000000000014 1.0598131614188067 1.0213035412072564 18.500000000000004 0.99549366363837055 1.5000000000000002
decision_type=2 2 2 2 2 1 1 2 2 2 2 2 2 2
left_child=-1 4 -3 -4 6 -6 7 -2 -9 10 11 12 -10 -14
right_child=1 2 3 -5 5 -7 -8 8 9 -11 -12 -13 13 -15
leaf_value=-0.00071487589316568737 0.00016368306852893142 -0.00016492687321722677 -0.0037810496998761604 -0.00039684123515163611 0.0021240105218275633 0.00021973090379497767 4.8864441413904254e-05 0.00092580765034843402 -0.00058065598970912663 0.00038392778384067818 -0.00079401293797377826 0.00042102645158223148 -0.00021021305036628669 0.00089615244915021083
leaf_weight=1705734.2427556515 30190783.480811715 8643204.26040411 696679.69392812252 1237180.5496367216 1314420.2007341385 8985858.2118462324 134352940.55328763 1943611.0589141846 15455749.975585938 5109680.8002569675 14323391.554525614 9782722.0723869801 16026323.656616211 3824788.1083118916
leaf_count=1360 29741 8776 872 2648 2228 8480 131917 1194 8599 3871 8657 11570 7182 2837
internal_value=1.70739e-05 6.21651e-05 -0.00260197 -0.00961012 0.000178939 0.00315459 4.62604e-05 -0.000627901 -0.00155916 -0.00188612 -0.00231066 -0.00106017 -0.0021146 -0.000114331
internal_weight=2.53593e+08 2.51887e+08 1.05771e+07 1.93386e+06 2.4131e+08 1.03003e+07 2.3101e+08 9.66571e+07 6.64663e+07 6.45227e+07 5.9413e+07 4.50896e+07 3.53069e+07 1.98511e+07
internal_count=229932 228572 12296 3520 216276 10708 205568 73651 43910 42716 38845 30188 18618 10019
cat_boundaries=0 1 2
cat_threshold=96 268
is_linear=0
shrinkage=0.03


Tree=132
num_leaves=15
num_cat=5
split_feature=10 12 0 12 11 11 0 0 1 0 9 0 11 12
split_gain=88082.2 83125.8 304498 374306 261528 231151 636585 530876 386822 303171 248283 239572 211465 190683
threshold=0.68171730937635744 1.0051969303918387 0 1.0024913181220338 1.0314271113197637 1.0142450752632377 1 2 17.500000000000004 3 89.500000000000014 4 0.9569913468292458 1.0483975785225208
decision_type=2 2 1 2 2 2 1 1 2 1 2 1 2 2
left_child=-1 2 3 -2 -4 7 13 12 -8 -10 11 -11 -3 -7
right_child=1 5 4 -5 -6 6 8 -9 9 10 -12 -13 -14 -15
leaf_value=-0.00099108651228665772 0.00024424586804224792 0.00054207919714124994 3.0269415293141694e-05 0.0014442735502372718 -0.00059043128646830685 -0.00087117017792740013 0.0002133740278438473 -0.0011118389503748784 -0.00051107600634116865 -0.0020036229093146735 0.00026962386324593093 -0.0001036685826557808 -0.00017963596660046621 -5.084181976041379e-05
leaf_weight=1235329.1123439074 23775111.523163915 4352140.2670994997 57024848.914007902 4477730.4636696577 6409746.3300350904 15474465.783384442 83981438.326915026 10315819.630774379 6419118.0363464355 1836770.2521362305 14851562.834841371 2680342.5624554157 13580329.773795962 7129063.8495317698
leaf_count=966 23675 4155 45186 3399 5766 13308 74172 9797 3178 2013 19973 4363 11600 8455
internal_value=3.71452e-05 7.62711e-05 0.000796996 0.00338754 -0.000356794 -0.000335141 0.000190591 -0.00279875 0.00113465 -0.00207917 -0.000206563 -0.00636543 0.000320531 -0.00439402
internal_weight=2.53544e+08 2.52308e+08 9.16874e+07 2.82528e+07 6.34346e+07 1.60621e+08 1.32373e+08 2.82483e+07 1.09769e+08 2.57878e+07 1.93687e+07 4.51711e+06 1.79325e+07 2.26035e+07
internal_count=230006 229040 78026 27074 50952 151014 125462 25552 103699 29527 26349 6376 15755 21763
cat_boundaries=0 1 2 3 4 5
cat_threshold=138 136 155 16 68
is_linear=0
shrinkage=0.03


Tree=133
num_leaves=15
num_cat=0
split_feature=9 9 1 1 2 9 1 9 1 12 10 12 10 12
split_gain=84147.3 87265.5 564627 263878 209803 133794 132804 400606 128481 354403 181371 372345 176875 155978
threshold=62.500000000000007 89.500000000000014 18.500000000000004 6.5000000000000009 5.5000000000000009 80.500000000000014 8.5000000000000018 71.500000000000014 17.500000000000004 1.0218310413711047 1.0379730489952987 1.0182782321369752 1.0428102923176461 0.99613586028316414
decision_type=2 2 2 2 2 2 2 2 2 2 2 2 2 2
left_child=-1 2 3 -2 6 -6 7 -5 10 -10 11 13 -12 -3
right_child=1 8 -4 4 5 -7 -8 -9 9 -11 12 -13 -14 -15
leaf_value=-0.00071499168753941223 -0.0010666394014863781 -0.00028075329244639155 -0.00085527714745472464 -0.00093414923707726722 -0.0010716595283168635 0.00016759865745406783 0.00046028388250198189 0.00045638860307625935 0.0003762060597430559 -0.00025068374291876581 0.00057598405899550627 -0.0007653210227194535 3.9837659099604208e-06 5.6564057006023602e-05
leaf_weight=1666525.5727192163 1492900.8218671083 29435300.7355901 6315099.3425748348 2168826.4904117584 1334276.4376000166 1407213.8982725143 24512297.034034252 3744805.7740306854 31100803.442005157 18259980.578129649 4906649.4596017599 15435790.469087243 70098470.763642073 41365005.359353304
leaf_count=1347 6995 25197 8997 1077 1497 1554 15398 2006 33048 21068 3985 15397 61169 30739
internal_value=-3.10851e-05 1.34233e-05 0.00128013 0.00278332 0.00333867 -0.0046101 0.00405489 1.96471e-05 -0.000233031 0.00110621 -0.000643012 -0.00158137 0.000435851 -0.000660928
internal_weight=2.53244e+08 2.51577e+08 4.09754e+07 3.46603e+07 3.31674e+07 2.74149e+06 3.04259e+07 5.91363e+06 2.10602e+08 4.93608e+07 1.61241e+08 8.62361e+07 7.50051e+07 7.08003e+07
internal_count=229474 228127 37524 28527 21532 3051 18481 3083 190603 54116 136487 71333 65154 55936
is_linear=0
shrinkage=0.03


Tree=134
num_leaves=15
num_cat=4
split_feature=11 2 13 12 0 2 12 0 12 11 0 0 12 12
split_gain=86113.9 133534 153614 110039 241881 121330 114716 123568 102888 130417 344254 344108 164313 153165
threshold=1.1901084494770153 4.5000000000000009 0.88495679637606695 1.0666052657390228 0 3.5000000000000004 1.0336496147759966 1 1.0321335269730831 1.0256949624400986 2 3 1.0206910855985722 1.0043866876767142
decision_type=2 2 2 2 1 2 2 1 2 2 1 1 2 2
left_child=3 -2 -3 6 5 -5 8 -8 9 10 13 12 -11 -1
right_child=1 2 -4 4 -6 -7 7 -9 -10 11 -12 -13 -14 -15
leaf_value=-4.2929902934122784e-05 -0.00017312428807687811 -0.0032726945121405999 -0.00022242415619400853 0.00071960371608440681 -0.00018795001857283396 7.76154597869675e-05 0.00026089315343622856 -0.00028557883285684456 0.00032799497824376254 -0.00033492683729368261 0.00017257359603682182 3.6616446311699746e-05 -0.0011537689868337862 -0.00054191203707332702
leaf_weight=22865107.32815516 7602902.8387314081 784894.29578948021 676865.52449941635 11152537.587571263 9694022.9261846542 5506212.7781530619 6185868.2279517651 26341044.356467962 4711141.9366945028 11992973.558614135 81862187.952296734 44777186.329166412 6560070.8585802317 13181060.766290307
leaf_count=22872 6586 1044 1416 11157 9055 8215 10072 23519 3774 10315 64740 40764 4744 11853
internal_value=1.01024e-05 -0.00286126 -0.0111654 0.000116413 0.00194768 0.00414018 -0.000104476 -0.00174812 0.000183036 6.92616e-05 0.000659049 -0.00102881 -0.00446426 -0.00178382
internal_weight=2.53894e+08 9.06466e+06 1.46176e+06 2.44829e+08 2.63528e+07 1.66588e+07 2.18477e+08 3.25269e+07 1.8595e+08 1.81239e+08 1.17908e+08 6.33302e+07 1.8553e+07 3.60462e+07
internal_count=230126 9046 2460 221080 28427 19372 192653 33591 159062 155288 99465 55823 15059 34725
cat_boundaries=0 1 2 3 4
cat_threshold=358 289 292 9
is_linear=0
shrinkage=0.03


Tree=135
num_leaves=15
num_cat=0
split_feature=14 5 1 14 16 16 16 2 10 3 14 14 14 1
split_gain=96127.1 165356 145148 270190 224637 117325 114011 118512 280316 259175 173029 133551 112709 195548
threshold=0.98000143226936309 1.0000000180025095e-35 8.5000000000000018 0.88622088061380999 0.033408427236835604 0.090659472269326052 0.055845160148253276 4.5000000000000009 0.99451885417014119 2.5000000000000004 1.1108503586172571 1.5574229678104363 0.82429078277395884 12.500000000000002
decision_type=2 2 2 2 2 2 2 2 2 2 2 2 2 2
left_child=1 2 3 4 -1 -6 -2 9 -9 -8 -10 -11 13 -4
right_child=6 -3 12 -5 5 -7 7 8 10 11 -12 -13 -14 -15
leaf_value=-0.0012731184184981007 0.00023993641873107461 -0.001116280440733254 -0.000836132020118161 -8.7611448367319941e-05 0.0012825177728430653 0.0001662101370418947 -1.9471878384314277e-05 -0.0009390297823281534 0.00047393614570439489 -0.0045984571667394428 0.0044663926122846878 -0.00092125577747529308 -4.0672870923062739e-05 -0.00013589805361494974
leaf_weight=1048626.0373040438 38967254.802252293 1861132.3200758696 5863563.6895933151 13608525.95095253 3911781.6135306358 3053600.4486694336 69460344.800445557 3984619.6892242432 11319278.142206192 1066193.4678039551 1137671.0378040075 1208087.3221435547 83159164.969660759 13796014.597346067
leaf_count=9719 68178 1194 4741 15849 2288 1240 36000 3696 9592 954 1777 1459 61975 11360
internal_value=2.85542e-05 -0.000557642 -0.000424892 0.00180934 0.00617936 0.00812819 0.000610872 1.36682e-05 0.00231098 -0.000512876 0.00452643 -0.0104784 -0.000894745 -0.00293758
internal_weight=2.53446e+08 1.26302e+08 1.24441e+08 2.16225e+07 8.01401e+06 6.96538e+06 1.27143e+08 8.81762e+07 1.64416e+07 7.17346e+07 1.24569e+07 2.27428e+06 1.02819e+08 1.96596e+07
internal_count=230022 108366 107172 29096 13247 3528 121656 53478 15065 38413 11369 2413 78076 16101
is_linear=0
shrinkage=0.03


Tree=136
num_leaves=15
num_cat=1
split_feature=10 2 2 5 5 2 0 11 11 1 1 10 12 14
split_gain=78779.7 105523 83371.9 290385 220065 173356 131507 426176 365459 154058 142673 128609 140139 150059
threshold=1.311423601463038 2.5000000000000004 2.5000000000000004 1.0000000180025095e-35 1.0000000180025095e-35 3.5000000000000004 0 1.0023984355928093 0.9333166076352869 17.500000000000004 11.500000000000002 1.0138281127492375 1.0021060686342065 0.9019674314090026
decision_type=2 2 2 2 2 2 1 2 2 2 2 2 2 2
left_child=2 -2 3 6 5 -4 8 9 -1 11 -9 12 13 -8
right_child=1 -3 4 -5 -6 -7 7 10 -10 -11 -12 -13 -14 -15
leaf_value=-0.00069548392820409605 8.7045341980937401e-05 -0.0012119369684958047 0.0002340330446720446 -0.0013980210754330363 0.0011112383193890834 -3.5632584622723069e-05 -0.00049101997401129868 -5.7604414104215246e-05 0.00022582803378430873 0.00070333649044794304 -0.00036810033971303142 0.00050817005258685247 -0.00029996688393360717 0.00038035061373695471
leaf_weight=5667317.8897367716 2597756.3010818958 2455512.7793524265 39802756.338363171 2088372.1680114269 1983969.4795669317 81594386.22859478 1875827.3388130665 18958426.885375023 45466965.168302774 5422222.5302209854 30699323.582050323 3150003.66967237 5559881.7626689672 6477018.2166495323
leaf_count=5269 2050 2446 32505 1495 1560 93368 1226 12956 46983 4185 16494 1916 3328 4144
internal_value=5.05203e-05 -0.00365778 0.000125854 -0.00041901 0.000679481 0.000517511 -0.000231086 -0.00105601 0.00093276 0.00237062 -0.00260758 0.000970764 -0.000268552 0.00218791
internal_weight=2.538e+08 5.05327e+06 2.48746e+08 1.25365e+08 1.23381e+08 1.21397e+08 1.23277e+08 7.21427e+07 5.11343e+07 2.2485e+07 4.96578e+07 1.70627e+07 1.39127e+07 8.35285e+06
internal_count=229925 4496 225429 97996 127433 125873 96501 44249 52252 14799 29450 10614 8698 5370
cat_boundaries=0 1
cat_threshold=355
is_linear=0
shrinkage=0.03


Tree=137
num_leaves=15
num_cat=5
split_feature=15 13 12 11 0 0 1 0 0 12 11 12 11 0
split_gain=73770 100642 70207.7 224247 589805 397309 346753 302455 222491 345190 201267 200892 178414 250620
threshold=1.0000000180025095e-35 0.82743670333683472 1.0051969303918387 1.0142450752632377 0 1 17.500000000000004 2 3 1.0024913181220338 0.9569913468292458 1.0483975785225208 0.99953296935072145 4
decision_type=2 2 2 2 1 1 2 1 1 2 2 2 2 1
left_child=2 -2 8 5 11 10 -6 -8 9 -1 -4 -5 13 -10
right_child=1 -3 3 4 6 -7 7 -9 12 -11 -12 -13 -14 -15
leaf_value=0.00021742677279355297 -0.0027367653204097863 4.3988739889769115e-05 0.00047190516224870422 -0.00089589764926314953 0.00020052528158258037 -0.0010026159262751363 -0.00045161588642815944 1.5293121919291835e-07 0.00039801835747995794 0.0013973714677107975 -0.00023598298593515319 -5.3276320419334939e-06 -0.00016597850462878359 -0.00015947647380218575
leaf_weight=24535412.091512918 529643.88897812366 610773.63887429237 4383694.5978314877 15479007.347826242 83289283.470469356 10238230.60804677 6504940.3848571777 19184867.216174364 14041150.523854852 4445708.0735031366 13717844.491186976 7124791.2605195045 31444606.070689917 18041782.079068184
leaf_count=24029 1532 1670 4180 13352 72389 9782 3209 25640 8797 3385 11636 8461 23616 18534
internal_value=6.57328e-05 -0.00754717 0.000100126 -0.000280395 0.000240954 -0.00270104 0.00115569 -0.00189132 0.000757944 0.0029362 -2.96219e-05 -0.00416923 -0.000235773 0.00133818
internal_weight=2.53572e+08 1.14042e+06 2.52431e+08 1.59923e+08 1.31583e+08 2.83398e+07 1.08979e+08 2.56898e+07 9.25087e+07 2.89811e+07 1.81015e+07 2.26038e+07 6.35275e+07 3.20829e+07
internal_count=230212 3202 227010 148649 123051 25598 101238 28849 78361 27414 15816 21813 50947 27331
cat_boundaries=0 1 2 3 4 5
cat_threshold=136 155 16 138 17
is_linear=0
shrinkage=0.03


Tree=138
num_leaves=15
num_cat=3
split_feature=1 0 16 0 14 12 1 14 1 14 0 2 16 11
split_gain=67474.8 154837 178529 129949 118656 118329 129158 116948 327564 106470 218958 161445 110649 101726
threshold=10.500000000000002 0 0.063220076633974567 1 0.63293050922003624 1.0094282815670288 18.500000000000004 0.8560457533171264 8.5000000000000018 1.1108503586172571 2 4.5000000000000009 0.068552922853071116 0.96973899304761912
decision_type=2 1 2 1 2 2 2 2 2 2 1 2 2 2
left_child=3 2 5 -1 -4 -2 -7 8 13 -3 11 -11 -12 -5
right_child=1 9 4 7 -6 6 -8 -9 -10 10 12 -13 -14 -15
leaf_value=-0.00027255002756134067 0.0011679487551606712 -0.00010304553406003633 -0.00130886981943053 1.2726113412246127e-05 1.7208557489077723e-06 0.00061042409315682224 -0.0002996420793343005 7.9295344848960659e-05 -0.00032516288650654237 0.00062244165752621615 0.00045516892417520283 0.0058738615881574969 -0.0024564499031821266 0.00085228925032201214
leaf_weight=14486212.870609164 6271540.7077512741 122377873.99078321 1283443.3641662598 960952.03209173679 26505861.151947021 9874666.2546234131 5837139.8991811275 54242516.179424047 3056003.9254875183 1242487.2023124695 1281873.0328994989 959801.22199249268 935161.85616743565 3862917.888882637
leaf_count=25702 10911 72138 907 1517 24965 10509 15838 53316 1709 1259 2889 1109 1106 5784
internal_value=9.28308e-05 -0.000229765 0.00118818 0.00083636 -0.000409864 0.00320828 0.0018177 0.00143301 0.00484812 -0.000786362 0.00378824 0.0104882 -0.00286718 0.00971655
internal_weight=2.53178e+08 1.7657e+08 4.97727e+07 7.66086e+07 2.77893e+07 2.19833e+07 1.57118e+07 6.21224e+07 7.87987e+06 1.26797e+08 4.41932e+06 2.20229e+06 2.21703e+06 4.82387e+06
internal_count=229659 141631 63130 88028 25872 37258 26347 62326 9010 78501 6363 2368 3995 7301
cat_boundaries=0 1 2 3
cat_threshold=226 162 20
is_linear=0
shrinkage=0.03


Tree=139
num_leaves=15
num_cat=3
split_feature=10 14 0 4 2 11 0 2 0 10 9 10 9 1
split_gain=77019.6 80190.6 185310 103549 261259 102389 145913 100536 97632.1 257898 229122 213670 95489.6 447290
threshold=0.72565943610004047 1.0577981349574546 0 1.0000000180025095e-35 4.5000000000000009 0.90644793995258399 1 4.5000000000000009 2 0.97017296776822393 84.500000000000014 1.1942558122392908 89.500000000000014 18.500000000000004
decision_type=2 2 1 2 2 2 1 2 1 2 2 2 2 2
left_child=-1 5 7 -4 -5 6 -2 -3 9 -7 -11 -12 13 -10
right_child=1 2 3 4 -6 8 -8 -9 12 10 11 -13 -14 -15
leaf_value=-0.00055931074549403416 0.00059460062850100344 0.00069093454140132366 0.00021853809954340041 -0.0021012773663024189 0.0032542383148911462 -0.0014518342020718392 -0.00017848929437570582 0.0035213883625579215 0.00021962073515087809 -0.00050081732587266975 0.0007806738331102833 -0.00034323845266567995 -8.4964847316100158e-05 -0.00080216507286702272
leaf_weight=2879142.1207853556 6651749.8424754143 1628659.221247673 19731598.497171283 2663097.4210828543 650875.91835546494 1203526.132950902 5286974.5763489008 1222700.7180299759 29662115.523318172 2756672.2769757509 10316879.616405964 2511970.7662183046 161242932.47418606 5138352.0898492336
leaf_count=3054 4194 2213 35529 4178 1313 1269 5208 1900 21660 3039 11759 2926 125074 6553
internal_value=-2.54475e-05 3.05895e-05 0.0016114 0.00071875 -0.00418815 -0.000151543 0.0025519 0.00882602 -0.000303191 0.00189245 0.00292569 0.00461182 -0.000491225 0.000933959
internal_weight=2.53547e+08 2.50668e+08 2.58969e+07 2.30456e+07 3.31397e+06 2.24771e+08 1.19387e+07 2.85136e+06 2.12832e+08 1.6789e+07 1.55855e+07 1.28289e+07 1.96043e+08 3.48005e+07
internal_count=229869 226815 45133 41020 5491 181682 9402 4113 172280 18993 17724 14685 153287 28213
cat_boundaries=0 1 2 3
cat_threshold=16 92 64
is_linear=0
shrinkage=0.03


Tree=140
num_leaves=15
num_cat=2
split_feature=9 10 3 14 12 0 10 12 12 12 0 11 9 11
split_gain=81125.9 70669.9 113688 169850 98675.9 180790 70039 69614.1 67973.8 124533 135780 148194 194208 119526
threshold=62.500000000000007 1.2126353484185692 1.5000000000000002 0.70973154498075464 1.1215458779551306 0 0.72565943610004047 1.1108806325759313 1.0666052657390228 1.03376952192731 1 0.96973899304761912 75.500000000000014 1.0165661152875569
decision_type=2 2 2 2 2 1 2 2 2 2 1 2 2 2
left_child=-1 4 -3 -4 6 -6 -2 8 9 10 11 -8 -13 -14
right_child=1 2 3 -5 5 -7 7 -9 -10 -11 -12 12 13 -15
leaf_value=-0.00071060457802285743 -0.00048730939293649926 -9.49394386906511e-05 -0.0034167773717638438 -0.00057513698611993296 0.0022210570527638009 0.00023307720856887755 -0.00042251680952456609 -0.0003506843150476011 0.00024511154047408238 -0.00018619692850401851 1.0764706091330818e-05 -0.00038032004193143078 0.0014801707156058424 0.00043816905190796314
leaf_weight=1737526.8708788157 2861064.7530992031 9813407.5216876268 666012.79655146599 1527207.8110893965 1340363.8849493265 8676964.2986775637 4041052.8448097706 2683421.3758260012 14819164.135520101 29582668.595833182 157699861.3678422 2785686.2331334352 4211917.6023926735 11267523.680798888
leaf_count=1359 3015 10067 814 3243 2265 8092 3972 1462 16412 30270 129935 2954 3891 12149
internal_value=0.000113137 0.000157684 -0.0020884 -0.0082634 0.000270065 0.00318475 0.000143093 0.000201861 0.000259298 0.000120462 0.000416914 0.0026077 0.00375786 0.00507016
internal_weight=2.53714e+08 2.51976e+08 1.20066e+07 2.19322e+06 2.3997e+08 1.00173e+07 2.29952e+08 2.27091e+08 2.24408e+08 2.09589e+08 1.80006e+08 2.23062e+07 1.82651e+07 1.54794e+07
internal_count=229900 228541 14124 4057 214417 10357 204060 201045 199583 183171 152901 22966 18994 16040
cat_boundaries=0 1 2
cat_threshold=96 66
is_linear=0
shrinkage=0.03


Tree=141
num_leaves=15
num_cat=0
split_feature=9 2 14 3 9 2 14 14 11 11 12 12 9 1
split_gain=69201.9 72022 80249.4 66477.8 240102 238787 318382 192904 173678 135706 166047 140537 112281 317559
threshold=62.500000000000007 1.0000000180025095e-35 0.68578448120145119 2.5000000000000004 80.500000000000014 4.5000000000000009 1.0469668777963319 1.4894901571766581 1.0979770383013885 1.0011991564699063 1.0024913181220338 0.99712577792716017 89.500000000000014 18.500000000000004
decision_type=2 2 2 2 2 2 2 2 2 2 2 2 2 2
left_child=-1 2 -2 12 -5 7 8 -6 9 10 -7 -11 13 -3
right_child=1 3 -4 4 5 6 -8 -9 -10 11 -12 -13 -14 -15
leaf_value=-0.00079846998852828885 -0.001302524895073243 0.00031236564759760639 -8.595824224582406e-05 -0.0012890924186490457 -0.0046463098525340116 0.00010386667888876625 0.0017509874275181366 -0.00074638028323393342 -0.00099695097006277655 -0.0019253830530128943 -0.0021103645747348335 0.00057630575313989706 1.3127463075376235e-05 -0.00051571264026078578
leaf_weight=1727448.4126274586 1280115.5522264242 25838166.353841424 42181062.647072077 1674774.2948843241 1215069.3204317093 3334378.1702033281 3631653.401309967 2133893.816152215 3092127.1338282824 787798.384360075 1649048.2480751276 7069829.6838830709 153210575.31175447 4721008.6179997921
leaf_count=1362 1709 20344 32387 2588 1774 4284 8570 3774 5046 929 1969 9340 129334 6419
internal_value=3.69929e-06 4.47489e-05 -0.00106612 0.000276464 -0.00118849 -0.000387032 0.000880022 -0.00778923 -0.000947063 0.000589926 -0.00328267 0.00304598 0.000472477 0.00213287
internal_weight=2.53547e+08 2.5182e+08 4.34612e+07 2.08358e+08 2.45886e+07 2.29138e+07 1.95648e+07 3.34896e+06 1.59332e+07 1.28411e+07 4.98343e+06 7.85763e+06 1.8377e+08 3.05592e+07
internal_count=229829 228467 34096 194371 38274 35686 30138 5548 21568 16522 6253 10269 156097 26763
is_linear=0
shrinkage=0.03


Tree=142
num_leaves=15
num_cat=2
split_feature=10 14 0 2 16 9 11 0 13 3 12 16 1 16
split_gain=80901.2 73493.9 175631 110095 105708 146508 102477 212439 146464 243410 124949 109093 112942 115782
threshold=0.72565943610004047 1.0577981349574546 0 4.5000000000000009 0.06641745348188037 87.500000000000014 0.90644793995258399 1 0.39295324403799864 1.5000000000000002 0.92324355344902431 0.032073096904710725 10.500000000000002 0.053356818994415696
decision_type=2 2 1 2 2 2 2 1 2 2 2 2 2 2
left_child=-1 6 3 -3 -4 -6 7 -2 9 -8 -9 -10 13 -13
right_child=1 2 4 -5 5 -7 8 10 11 -11 -12 12 -14 -15
leaf_value=-0.0005294270901848758 0.0010884617750644031 0.00063903332995272205 0.00034566700535096985 0.0033937138238424032 0.00062333990614641538 -0.00064652899252132397 0.00011275463307680795 -0.00047335556934052694 -0.000414840767830299 -0.022510884449317058 0.00040165053801135186 0.00048600186707946455 -4.5858114160973935e-05 5.1201243106613867e-05
leaf_weight=2954113.5761520863 1271692.7573419809 2942693.2137099504 13248488.027233958 1490411.7589638233 1571180.0307527781 6607777.0070083141 706522.6364812851 3002746.8997848034 13874372.797276616 743693.29192435741 7530604.5307451487 7209015.728477478 138881192.76143718 51887754.764396191
leaf_count=3076 717 6827 28964 3170 1050 5122 2493 2374 45228 1418 6233 7593 88639 27179
internal_value=5.77572e-05 0.000115854 0.00163051 0.00706593 0.000505976 -0.00217581 -5.81509e-05 0.00266269 -0.000208734 -0.00971015 0.00126434 -0.000143692 3.65269e-05 0.00113498
internal_weight=2.53922e+08 2.50968e+08 2.58606e+07 4.4331e+06 2.14274e+07 8.17896e+06 2.25108e+08 1.1805e+07 2.13303e+08 1.45022e+06 1.05334e+07 2.11852e+08 1.97978e+08 5.90968e+07
internal_count=230083 227007 45133 9997 35136 6172 181874 9324 172550 3911 8607 168639 123411 34772
cat_boundaries=0 1 2
cat_threshold=48 80
is_linear=0
shrinkage=0.03


Tree=143
num_leaves=15
num_cat=0
split_feature=2 3 5 5 11 12 1 14 11 9 11 2 14 12
split_gain=65896.1 84764.6 371117 276272 204116 197111 147581 136575 174103 132943 135197 189659 179130 265709
threshold=1.0000000180025095e-35 1.0000000180025095e-35 1.0000000180025095e-35 1.0000000180025095e-35 0.99482939277925664 1.0571250827248355 7.5000000000000009 0.83750963749447582 0.91700597683295093 68.500000000000014 1.0007501084115906 4.5000000000000009 1.1312247926346461 0.99493778713559811
decision_type=2 2 2 2 2 2 2 2 2 2 2 2 2 2
left_child=-1 2 4 7 -2 -6 -7 8 -3 -9 -11 -12 13 -13
right_child=1 3 -4 -5 5 6 -8 9 -10 10 11 12 -14 -15
leaf_value=-0.00011618958834238285 0.00033943658524803811 0.0005446387349648693 -0.001481728093225092 0.0011973165295181905 -4.0841431480135005e-05 -0.0004684377582029383 0.00042546978234352323 -0.0007610846208962902 -0.00079538031056822461 -0.000334840539948729 -0.00012519687206621554 -0.0021477611198258174 0.0036405292396567601 0.0003302297249378112
leaf_weight=43693120.75730741 26149172.436817646 1734952.3189176321 2077602.2941691875 1946849.7712831497 74361616.737252712 2160785.0462168455 18543366.022045612 3544070.9814093113 7780330.0318784714 20153176.002139211 23745038.477270365 1354799.0640356541 1597041.6077739 25121999.451031208
leaf_count=34065 20443 1403 1535 1517 55205 4533 14534 3761 9365 24339 19576 1618 5429 32547
internal_value=-2.98654e-05 0.000190418 0.000696331 -0.000526719 0.000911814 0.000266161 0.00285503 -0.000782554 -0.00416964 -0.00035577 -7.64486e-05 0.000734419 0.00240359 0.00181504
internal_weight=2.53964e+08 2.10271e+08 1.23293e+08 8.69783e+07 1.21215e+08 9.50658e+07 2.07042e+07 8.50314e+07 9.51528e+06 7.55161e+07 7.19721e+07 5.18189e+07 2.80738e+07 2.64768e+07
internal_count=229870 195805 96250 99555 94715 74272 19067 98038 10768 87270 83509 59170 39594 34165
is_linear=0
shrinkage=0.03


Tree=144
num_leaves=15
num_cat=1
split_feature=10 10 2 5 3 10 11 12 0 9 12 11 12 3
split_gain=78417.9 111751 120197 206058 155477 139783 168537 146874 173024 161753 159759 178914 168801 224727
threshold=1.2031119363884388 1.1419459761965169 2.5000000000000004 1.0000000180025095e-35 1.0000000180025095e-35 1.0389604186223813 0.9847744481008941 1.0300344433885027 0 68.500000000000014 0.99712577792716017 0.91408087203224231 1.0017672621402147 1.5000000000000002
decision_type=2 2 2 2 2 2 2 2 1 2 2 2 2 2
left_child=1 2 3 -1 -4 7 -7 8 -6 -10 11 -11 13 -12
right_child=-2 -3 4 -5 5 6 -8 -9 9 10 12 -13 -14 -15
leaf_value=-5.3288066434686849e-05 -0.00030278657452142548 0.00030575691038068373 0.00025594886981037188 -0.0012742979751467376 0.00034385282826141032 0.0016218011997574395 0.00011683348134397811 -0.0010413444794305732 -0.0010318965179625047 0.00029312858316827976 -0.00020906686093000951 -0.00097316010527818519 -8.6255641306460674e-05 0.0015893726426440167
leaf_weight=108486983.76167178 13748670.072725654 20755675.503228426 33118610.834239483 1961772.4338487387 13587685.5201509 1100788.534662962 27373067.841334939 4874114.1107720137 1587747.4673651457 2569967.6011937857 1549786.1741652489 6523237.1728264093 14286488.184057951 1836416.7730255127
leaf_count=82027 16102 22021 25018 1378 18506 1491 30602 7008 1241 2817 794 6643 12507 1683
internal_value=5.14024e-05 0.000177828 -2.16891e-05 -0.000718216 0.00068795 -6.55681e-05 0.00159193 -0.00107368 -0.000500855 -0.00183475 -0.00128287 -0.00451401 0.000379662 0.00640197
internal_weight=2.53361e+08 2.39612e+08 2.18857e+08 1.10449e+08 1.08408e+08 7.52893e+07 2.84739e+07 4.68154e+07 4.19413e+07 2.83536e+07 2.67659e+07 9.0932e+06 1.76727e+07 3.3862e+06
internal_count=229838 213736 191715 83405 108310 83292 32093 51199 44191 25685 24444 9460 14984 2477
cat_boundaries=0 1
cat_threshold=234
is_linear=0
shrinkage=0.03


Tree=145
num_leaves=15
num_cat=2
split_feature=10 3 10 13 0 4 1 16 11 16 9 1 0 9
split_gain=72391.5 99784.2 167334 81947.7 80700 92004.6 133517 76214.3 89508 84014.1 129430 398049 185446 158182
threshold=1.2236955986104996 1.5000000000000002 1.3953303454829544 1.1566748004926652 0 1.0000000180025095e-35 17.500000000000004 0.021489999432519832 0.98536147366073423 0.053521434381979857 89.500000000000014 17.500000000000004 1 74.500000000000014
decision_type=2 2 2 2 1 2 2 2 2 2 2 2 1 2
left_child=3 -2 -3 7 -5 -6 -7 8 -1 -9 11 13 -13 -11
right_child=1 2 -4 4 5 6 -8 9 -10 10 -12 12 -14 -15
leaf_value=0.00092760134171459392 -0.00015552208673657407 -0.00032400283047504219 -0.0035850542507991231 0.0018082538813948554 0.00041976277334126636 -0.0018849910078107611 0.0021516069733614959 0.00015981354477837467 -0.00089775628560016026 7.2885424280975673e-05 -5.5862238410210263e-05 0.00033284581583562872 -0.00062542336881353988 0.00042100941014411899
leaf_weight=1317656.8953933716 8593808.0294269323 1263225.5272101164 670729.36464118958 1685422.6371431351 11404578.903085828 2038160.4262677431 668051.52192497253 38002255.861257792 5366183.0794616938 12457604.374429941 150891443.8909955 1948621.761169076 3969944.5181884766 13353540.967944264
leaf_count=8532 8794 2628 881 2628 23569 3170 1352 40699 32951 7254 86026 1731 1607 8292
internal_value=5.06095e-05 -0.00238491 -0.00854169 0.000156081 0.00224549 0.00150442 -0.00346847 1.08821e-05 -0.00314518 0.000106496 -0.000160559 0.00158109 -0.00543591 0.00319011
internal_weight=2.53631e+08 1.05278e+07 1.93395e+06 2.43103e+08 1.57962e+07 1.41108e+07 2.70621e+06 2.27307e+08 6.68384e+06 2.20623e+08 1.82621e+08 3.17297e+07 5.91857e+06 2.58111e+07
internal_count=230114 12303 3509 217811 30719 28091 4522 187092 41483 145609 104910 18884 3338 15546
cat_boundaries=0 1 2
cat_threshold=16 419
is_linear=0
shrinkage=0.03


Tree=146
num_leaves=15
num_cat=6
split_feature=10 12 0 12 11 0 1 11 0 0 1 0 9 0
split_gain=79712.7 85973.3 220637 285830 214391 223150 218860 203499 553129 436146 339580 261465 232096 224020
threshold=0.72565943610004047 1.0051969303918387 0 1.0024913181220338 1.0186267927115271 1 9.5000000000000018 1.0142450752632377 2 3 17.500000000000004 4 89.500000000000014 5
decision_type=2 2 1 2 2 1 2 2 1 1 2 1 2 1
left_child=-1 2 3 -2 5 6 -4 9 -9 -3 -10 -12 13 -13
right_child=1 7 4 -5 -6 -7 -8 8 10 -11 11 12 -14 -15
leaf_value=-0.00060288261635359111 0.00021045848046932094 1.4682807791005968e-05 0.00054518848110350724 0.001266872182613883 -0.00030834300001547806 0.00017726090360526079 -0.00079980099332260736 -0.00057112854547268857 0.00018836923017645035 -0.0010018028811815956 -0.00043653243547342273 -0.001830423633144309 0.00024752048691316651 -7.9498372044594531e-05
leaf_weight=2828991.2075189352 25463591.969714403 17975204.075196862 2597388.4616196156 4418049.6407010555 14609616.451041698 35329994.60336864 7607151.5783462524 22632819.369176269 83721236.020275593 10221990.083866954 6485721.9980163574 1852424.265007019 14891654.571796894 2665411.6927163601
leaf_count=2999 25657 15755 3768 3363 11303 25075 6729 21794 74054 9723 3200 2029 19915 4359
internal_value=2.27315e-05 7.92906e-05 0.000821292 0.00292833 -0.000225554 0.000789003 -0.00311872 -0.000337043 0.000156293 -0.00265087 0.00103789 -0.00196447 -0.000221899 -0.00617789
internal_weight=2.53301e+08 2.50472e+08 9.00258e+07 2.98816e+07 6.01442e+07 4.55345e+07 1.02045e+07 1.60446e+08 1.32249e+08 2.81972e+07 1.09616e+08 2.58952e+07 1.94095e+07 4.51784e+06
internal_count=229723 226724 75895 29020 46875 35572 10497 150829 125351 25478 103557 29503 26303 6388
cat_boundaries=0 1 2 3 4 5 6
cat_threshold=202 256 136 155 16 68
is_linear=0
shrinkage=0.03


Tree=147
num_leaves=15
num_cat=2
split_feature=10 14 0 12 2 16 10 16 11 3 16 12 11 0
split_gain=69555.6 64336.4 161800 116090 106546 91280.4 95997.5 86821.9 77858.5 74467.7 124848 108842 87995.3 263262
threshold=0.68171730937635744 1.0577981349574546 0 1.0182782321369752 4.5000000000000009 0.055673327516139855 0.96500844037247047 0.021489999432519832 0.93513319243778092 2.5000000000000004 0.087445513065073616 1.0336496147759966 1.0086132715351341 1
decision_type=2 2 1 2 2 2 2 2 2 2 2 2 2 1
left_child=-1 7 3 4 8 -4 -7 -2 -3 12 11 -11 13 -9
right_child=1 2 5 -5 -6 6 -8 9 -10 10 -12 -13 -14 -15
leaf_value=-0.00081661751459295576 -0.00072122459973731549 -0.0006158400065066407 0.00038339573264623765 0.00018702596153703094 0.0051694005052219253 -0.0012937811315506355 -0.00016214296776258599 -0.00038233363951899158 0.0011837777808439232 0.00010596065866349612 -0.0010599172346522061 -0.00071749258291744784 -2.811324444655674e-05 0.00020137983718057409
leaf_weight=1252914.8455089331 6202853.5110304356 604835.2079937458 6211494.7835484743 6313560.3661988974 1176811.9421921968 1934828.3130493164 7115110.4362524748 12395463.898864746 2759344.0984451771 11076161.090752363 2636611.6866183281 3741400.1500813961 139462800.30295563 50530918.296920776
leaf_count=982 37934 1069 18586 11589 3041 1601 5189 10283 4687 12092 2275 5006 87794 27787
internal_value=-6.53139e-06 2.85028e-05 0.00143829 0.00423823 0.0078965 -0.000553137 -0.00247529 -0.000134376 0.00517863 -3.56169e-05 -0.00191577 -0.000845487 0.000126529 0.00105779
internal_weight=2.53415e+08 2.52162e+08 2.6116e+07 1.08546e+07 4.54099e+06 1.52614e+07 9.04994e+06 2.26046e+08 3.36418e+06 2.19843e+08 1.74542e+07 1.48176e+07 2.02389e+08 6.29264e+07
internal_count=229915 228933 45762 20386 8797 25376 6790 183171 5756 145237 19373 17098 125864 38070
cat_boundaries=0 1 2
cat_threshold=178 352
is_linear=0
shrinkage=0.03


Tree=148
num_leaves=15
num_cat=4
split_feature=10 14 0 16 4 0 10 16 11 12 0 0 12 1
split_gain=66417.1 66105.2 142860 112810 96634.4 86526 189183 181561 123158 151686 422515 262561 228251 203190
threshold=0.68171730937635744 1.0368370670723384 0 0.056042049674143786 1.0000000180025095e-35 1 0.97017296776822393 0.097814422449162955 1.0069201742998883 1.0130620951705351 2 3 1.0483975785225208 19.500000000000004
decision_type=2 2 1 2 2 1 2 2 2 2 1 1 2 2
left_child=-1 5 -3 -4 -5 6 -2 -8 -7 11 12 -10 -11 -12
right_child=1 2 3 4 -6 8 7 -9 9 10 13 -13 -14 -15
leaf_value=-0.00080011947613563587 -0.00082504381825622799 0.00043744122545082002 0.00036343418982992841 -0.00016389377788649166 -0.0019027938959428534 7.7279464493595866e-05 0.00020840896331506534 0.0014171057033544768 5.9075167067108363e-05 -0.00095991427747734912 0.00012049077751974052 -0.00036303710414989533 6.7769421108839796e-06 -0.00071665645345448076
leaf_weight=1242860.2406076193 1770527.5816187859 16755425.472629786 9083219.0982040167 13246519.237955332 1835327.2975463867 61583803.183666587 13430496.193907738 1239903.0040283203 17828767.29888308 10422831.355136275 65810612.134468555 26853761.111157656 6228156.9400473833 5765335.012740612
leaf_count=968 1932 26203 22789 8505 1771 47249 16104 601 14204 7973 47880 16695 6724 10161
internal_value=-5.51654e-05 -2.10262e-05 0.00108246 -0.000393552 -0.00198427 -0.000235099 0.00185473 0.0029727 -0.000411756 -0.000925628 -0.000204381 -0.00234975 -0.00450871 0.000796951
internal_weight=2.53098e+08 2.51855e+08 4.09205e+07 2.41651e+07 1.50818e+07 2.10934e+08 1.64409e+07 1.46704e+07 1.94493e+08 1.32909e+08 8.82269e+07 4.46825e+07 1.6651e+07 7.15759e+07
internal_count=229759 228791 59268 33065 10276 169523 18637 16705 150886 103637 72738 30899 14697 58041
cat_boundaries=0 1 2 3 4
cat_threshold=178 64 136 394
is_linear=0
shrinkage=0.03


Tree=149
num_leaves=15
num_cat=3
split_feature=15 10 12 0 12 10 0 0 12 16 10 2 12 12
split_gain=69649.5 83009 62043.2 204997 257478 184204 306423 183421 167961 171793 172535 149603 177344 227103
threshold=1.0000000180025095e-35 1.0962830087383653 1.0051969303918387 0 1.0024913181220338 1.0049949454514786 1 2 1.0137025498423149 0.049763224875981803 1.1942558122392908 1.5000000000000002 1.0166521525691514 1.0483975785225208
decision_type=2 2 2 1 2 2 1 1 2 2 2 2 2 2
left_child=2 -2 3 4 -1 7 11 -4 -8 -10 -11 -7 -13 -14
right_child=1 -3 5 -5 -6 6 8 -9 9 10 -12 12 13 -15
leaf_value=0.00021497196375807519 0.00066762313095326375 -0.0023867401825009979 -6.3812030412266536e-06 -2.5613331493554168e-05 0.0012128180677034855 -0.00083264375470392738 -0.0001785695535538641 -0.0006530203177550969 -0.00022589109524534393 0.00023826600601863104 -0.00020239221567650297 0.00043704245768286904 -0.0010263620636531343 0.00021046889967078566
leaf_weight=24523433.92472446 438368.45255315304 695185.27478790283 13169124.373655915 63508369.585903287 4518335.7406617403 7813297.5984336138 20794287.311955094 13064442.818800449 13340658.233326912 64346141.708175659 11670706.90184021 4274458.008158803 6460733.1818647385 4684985.2301950455
leaf_count=23909 1544 1637 14102 50930 3407 6276 17310 11085 36597 39300 8492 3883 5574 5768
internal_value=4.45155e-05 -0.00737516 7.78685e-05 0.000695851 0.00278375 -0.00028045 0.000171514 -0.00257847 0.000831887 0.001397 0.00194805 -0.00295937 -0.00124578 -0.00323815
internal_weight=2.53303e+08 1.13355e+06 2.52169e+08 9.25501e+07 2.90418e+07 1.59619e+08 1.33385e+08 2.62336e+07 1.10152e+08 8.93575e+07 7.60168e+07 2.32335e+07 1.54202e+07 1.11457e+07
internal_count=229814 3181 226633 78246 27316 148387 123200 25187 101699 84389 47792 21501 15225 11342
cat_boundaries=0 1 2 3
cat_threshold=138 136 185
is_linear=0
shrinkage=0.03


Tree=150
num_leaves=15
num_cat=2
split_feature=13 0 13 16 13 16 16 14 10 10 0 10 9 1
split_gain=59723.1 87581.9 96451.4 82390.9 70024.7 65131.5 76767 108514 107379 160303 182732 153611 140743 129465
threshold=1.1482442084774827 0 1.2619601300593011 0.067979758385097996 1.239368311973873 0.021489999432519832 0.053521434381979857 0.79413159547333489 1.0389604186223813 1.0428102923176461 1 1.0363308762909964 82.500000000000014 8.5000000000000018
decision_type=2 1 2 2 2 2 2 2 2 2 1 2 2 2
left_child=5 2 -2 -3 -5 -1 7 -7 11 -10 -11 -8 -12 -14
right_child=1 3 -4 4 -6 6 8 -9 9 10 12 -13 13 -15
leaf_value=-0.00058249811267034178 0.00034566158030784175 0.00039247632364283741 -0.0018139946024267116 0.00013602624925408013 -0.00092043581673094843 -0.00088895198771450699 -6.7822018616425447e-05 0.0001807001594915366 0.00031045040341353422 0.00023927204689022554 0.00056394187477071755 -0.00067717791705848877 0.00015325403214392079 -0.00023353411637407298
leaf_weight=6891441.4032576084 1157997.0447063446 11064901.680332184 689280.29982674122 3268380.1825675964 2916931.1089999676 1733456.3965656757 97427087.899465561 37198319.712203979 7692382.4477491379 28660291.585587978 2919860.6938476562 4885583.1642456055 7943883.2812194824 39088578.085083008
leaf_count=43590 1008 26349 1729 2632 2782 2225 53810 40027 3629 21894 2652 2496 3211 21916
internal_value=3.21914e-05 0.00164543 0.0078537 0.000980601 -0.00179244 -9.92228e-05 -1.22032e-05 0.00120065 -0.000262544 0.000516815 0.000112371 -0.000919965 -0.000983211 -0.00137998
internal_weight=2.53538e+08 1.90975e+07 1.84728e+06 1.72502e+07 6.18531e+06 2.34441e+08 2.27549e+08 3.89318e+07 1.88618e+08 8.6305e+07 7.86126e+07 1.02313e+08 4.99523e+07 4.70325e+07
internal_count=229950 34500 2737 31763 5414 195450 151860 42252 109608 53302 49673 56306 27779 25127
cat_boundaries=0 1 2
cat_threshold=16 356
is_linear=0
shrinkage=0.03


Tree=151
num_leaves=15
num_cat=3
split_feature=12 11 16 10 14 0 16 16 9 0 9 1 0 16
split_gain=68361.8 99043 198805 91208 80417.8 137397 102018 98400.8 91791.9 91636.3 148826 307782 212823 155160
threshold=0.92324355344902431 0.89451372984939514 0.051931273749223662 0.79976984507662452 1.0577981349574546 0 0.032073096904710725 0.069569966783518497 82.500000000000014 1 89.500000000000014 18.500000000000004 2 0.042119697567762744
decision_type=2 2 2 2 2 1 2 2 2 1 2 2 1 2
left_child=-1 2 -2 -4 6 7 8 -6 -3 -8 11 12 -11 -12
right_child=1 4 3 -5 5 -7 9 -9 -10 10 13 -13 -14 -15
leaf_value=-0.00047926153805651458 0.0020775350479763852 -0.00097988697347823218 -0.00029350151764631188 0.00038086086296794028 0.00052905906189458572 0.0001282809257282331 0.00011867458469313913 0.0032760635147632724 -0.00025278489497806462 -0.00029992433751387017 0.00060941373335649017 -0.00070541700706440642 0.00036764697741521328 -0.000111838145515896
leaf_weight=6553838.1553814411 1809685.3346968889 1961955.2164834738 3678876.4092712402 4804205.4091186523 1802005.5592275858 21525027.590496778 60315544.633407593 982370.58926391602 11995989.892765164 4677057.7803955078 4346915.8689727783 2712389.7584774494 17156163.799926519 108992530.36677551
leaf_count=6973 4029 6863 2268 2479 3314 38337 53667 700 41208 2258 4163 1789 8640 52973
internal_value=2.05532e-05 0.00010087 0.00298168 0.00105596 -2.45233e-05 0.00160986 -0.000211793 0.00788077 -0.00269076 -3.72157e-05 -0.000463853 0.00165405 0.0028381 -0.00092252
internal_weight=2.53315e+08 2.46761e+08 1.02928e+07 8.48308e+06 2.36468e+08 2.43094e+07 2.12159e+08 2.78438e+06 1.39579e+07 1.98201e+08 1.37885e+08 2.45456e+07 2.18332e+07 1.13339e+08
internal_count=229661 222688 8776 4747 213912 42351 171561 4014 48071 123490 69823 12687 10898 57136
cat_boundaries=0 1 2 3
cat_threshold=16 99 4
is_linear=0
shrinkage=0.03


Tree=152
num_leaves=15
num_cat=2
split_feature=10 2 3 12 0 16 2 9 2 5 0 5 3 12
split_gain=58388.9 92289.7 143959 67582 169002 58031.6 72168.2 57233.2 57357.8 234145 132658 151374 143214 128180
threshold=1.2883310473777285 2.5000000000000004 1.5000000000000002 1.1215458779551306 0 0.082548718854359174 1.5000000000000002 62.500000000000007 2.5000000000000004 1.0000000180025095e-35 1 1.0000000180025095e-35 1.0000000180025095e-35 0.98069331508495938
decision_type=2 2 2 2 1 2 2 2 2 2 1 2 2 2
left_child=3 -2 -3 7 -5 6 -6 -1 9 -9 -10 12 13 -12
right_child=1 2 -4 4 5 -7 -8 8 10 -11 11 -13 -14 -15
leaf_value=-0.00061007902493249208 0.00011944734184690268 -0.00027290610192272179 -0.0029188473685208471 0.0019741801489044771 -0.00026753539982862714 -0.00047326989921380277 0.00059556208923149969 -2.4162033598388313e-05 -0.00034548888670013803 -0.0013992362036557174 0.00097876439655795642 0.0011428074786050751 -5.0886755323024177e-06 0.00018610616589372585
leaf_weight=1731932.0318967104 2823521.6960946321 1698692.3980923891 1042656.8914260864 1320237.7336807251 2466434.3668012619 2082034.4670715332 5014016.5504592657 117823603.011994 10568990.288681388 2098468.3415470123 2548969.1509783268 1465709.0760297775 71611644.054713726 29774743.733527899
leaf_count=1350 2225 1335 1389 2240 2296 1024 5747 91543 13491 1497 1978 1082 79874 22904
internal_value=4.14172e-05 -0.00299772 -0.0069186 0.000109473 0.00242124 0.00103212 0.00226507 3.59873e-06 4.34928e-05 -0.000416535 0.000519198 0.000840497 0.000705486 0.00236303
internal_weight=2.54072e+08 5.56487e+06 2.74135e+06 2.48507e+08 1.08827e+07 9.56249e+06 7.48045e+06 2.37624e+08 2.35892e+08 1.19922e+08 1.1597e+08 1.05401e+08 1.03935e+08 3.23237e+07
internal_count=229975 4949 2724 225026 11307 9067 8043 213719 212369 93040 119329 105838 104756 24882
cat_boundaries=0 1 2
cat_threshold=96 256
is_linear=0
shrinkage=0.03


Tree=153
num_leaves=15
num_cat=0
split_feature=14 10 16 16 12 16 12 11 2 12 14 1 11 9
split_gain=59875.2 131840 98401.1 79790.5 107757 104065 74346.5 145258 105616 180668 136760 93214.4 86103.7 72466.8
threshold=1.0320974020590354 0.96771506909300131 0.048302731157169397 0.032073096904710725 0.98069331508495938 0.039100406238253532 1.0659909429752294 1.0982257806560121 4.5000000000000009 1.0336496147759966 1.1152883984085862 17.500000000000004 1.0132613496646867 82.500000000000014
decision_type=2 2 2 2 2 2 2 2 2 2 2 2 2 2
left_child=3 2 -2 4 -1 -5 7 8 -3 10 11 12 -10 -6
right_child=1 6 -4 5 13 -7 -8 -9 9 -11 -12 -13 -14 -15
leaf_value=0.00036809212551488894 0.00076369879076847473 0.00011453000767134509 -0.00065472710999083482 0.00068819966349371495 -0.0010083999265693428 -1.6422450204617211e-05 0.00063216623158842203 -0.00067920558575856372 -8.072896273798363e-05 -0.0017324391645827234 0.0041194605820436686 -0.00038129411265206277 0.0016957873613876241 -0.00034910942342338143
leaf_weight=1383953.2300550938 1793556.1420440674 24144936.807038426 5669783.2361297607 3824428.0249824524 1786762.9489098787 191245885.00772429 5336661.9510022402 3135553.4854849577 841665.13669574261 734889.11955344677 1510591.9564285278 1331445.7362442017 1266561.0034422874 10159478.521682382
leaf_count=4938 6732 27009 4931 4797 6203 115688 9123 4453 1283 1451 4469 2061 1800 35433
internal_value=-1.06503e-05 0.000971924 -0.00267579 -0.000226428 -0.00247199 -7.29768e-05 0.00168269 0.0011509 0.00179654 0.0054753 0.00753587 0.0042314 0.0081561 -0.00339005
internal_weight=2.54166e+08 4.57656e+07 7.46334e+06 2.08401e+08 1.33302e+07 1.9507e+08 3.83023e+07 3.29656e+07 2.98301e+07 5.68515e+06 4.95026e+06 3.43967e+06 2.10823e+06 1.19462e+07
internal_count=230371 63312 11663 167059 46574 120485 51649 42526 38073 11064 9613 5144 3083 41636
is_linear=0
shrinkage=0.03


Tree=154
num_leaves=15
num_cat=5
split_feature=10 12 0 11 12 11 0 0 1 0 12 9 0 1
split_gain=64801.5 79556.1 229485 231047 227655 169742 440929 333996 310730 234255 184276 177463 228079 152263
threshold=0.72565943610004047 1.0051969303918387 0 1.0314271113197637 1.0024913181220338 1.0142450752632377 1 2 17.500000000000004 3 1.0483975785225208 89.500000000000014 4 9.5000000000000018
decision_type=2 2 1 2 2 2 1 1 2 1 2 2 1 2
left_child=-1 2 4 -4 -2 7 10 -3 -8 -10 13 12 -11 -7
right_child=1 5 3 -5 -6 6 8 -9 9 11 -12 -13 -14 -15
leaf_value=-0.00047000534470388898 0.00024176112487367998 -0.00094499001647139905 3.9352262223893084e-05 -0.00054096962041251778 0.0011974700020266442 -7.3713062137193832e-05 0.00017556263704266188 -7.5283436779614293e-06 -0.00044191156519448054 -0.001774451718339875 2.7827566564605889e-05 0.00020425656210719623 2.3685612027899366e-05 -0.00098441832282396822
leaf_weight=2918385.9509868622 25358176.607289791 9461972.0550614595 54218047.262529969 6078951.1904774904 4421030.0739791393 3969486.1230922937 83952467.568375111 18897263.508933306 6556685.5668640137 1856337.3303375244 7173940.065605402 14836316.855084419 2676460.5016046762 11520206.086521149
leaf_count=3059 25653 8987 41419 5291 3342 4536 74151 16640 3215 2031 8490 19904 4367 8807
internal_value=6.19669e-05 0.000113649 0.000827512 -0.000236637 0.0029822 -0.000285988 0.000164731 -0.00239251 0.000950578 -0.00192025 -0.00364523 -0.000261097 -0.00545626 -0.0054862
internal_weight=2.53896e+08 2.50977e+08 9.00762e+07 6.0297e+07 2.97792e+07 1.60901e+08 1.32542e+08 2.83592e+07 1.09878e+08 2.59258e+07 2.26636e+07 1.93691e+07 4.5328e+06 1.54897e+07
internal_count=229892 226833 75705 46710 28995 151128 125501 25627 103668 29517 21833 26302 6398 13343
cat_boundaries=0 1 2 3 4 5
cat_threshold=202 136 100 16 68
is_linear=0
shrinkage=0.03


Tree=155
num_leaves=15
num_cat=5
split_feature=13 10 11 0 0 12 11 0 12 0 10 0 12 12
split_gain=64337.8 66174.8 56431.8 398128 211530 171085 167498 184163 138671 165770 138296 134510 119904 116856
threshold=0.28104573522942611 1.0135079437829182 1.0069201742998883 0 1 1.0051969303918387 0.9569913468292458 2 1.0853076765851486 3 0.85635765199566871 4 1.0182782321369752 1.0137025498423149
decision_type=2 2 2 1 1 2 2 1 2 1 2 1 2 2
left_child=1 -1 3 12 8 10 11 -8 -4 -10 -5 -7 -2 -6
right_child=2 -3 4 5 13 6 7 -9 9 -11 -12 -13 -14 -15
leaf_value=-0.00015319148288991054 -0.00032730806406368215 -0.021350968120332332 0.00011816745996983903 -8.0805257246683939e-05 -0.00019986360532423073 0.00066825740584534801 0.00025474834593630961 -0.00075568181644867778 0.0018516856446693908 0.00030160906740582039 0.00037684412598938026 -0.00023652420194598768 -0.0013575743902279464 -7.888210928120869e-06
leaf_weight=1106595.2462950945 13879408.418817043 311170.1522885561 32145822.564431071 8291714.012384057 49150157.417473197 3505198.7947452068 4088281.7316682339 7305998.5428749323 2301314.2571418285 3683685.2753610611 38469827.282515407 1905726.9332338572 2398648.7494696379 84741698.452155471
leaf_count=2114 17226 2979 44250 6970 34893 3223 3144 6252 4006 3702 28446 1571 3807 66916
internal_value=8.22529e-05 -0.00629059 0.000118126 0.000777249 -0.000187808 0.00184925 -0.000746927 -0.00281087 0.0017835 0.00597631 0.00278227 0.00359929 -0.00340898 -0.000749212
internal_weight=2.53285e+08 1.41777e+06 2.51867e+08 7.98448e+07 1.72023e+08 6.35667e+07 1.68052e+07 1.13943e+07 3.81308e+07 5.985e+06 4.67615e+07 5.41093e+06 1.62781e+07 1.33892e+08
internal_count=229499 5093 224406 70639 153767 49606 14190 9396 51958 7708 35416 4794 21033 101809
cat_boundaries=0 1 2 3 4 5
cat_threshold=352 352 9 96 152
is_linear=0
shrinkage=0.03


Tree=156
num_leaves=15
num_cat=3
split_feature=2 0 9 1 1 0 0 10 10 2 14 10 2 9
split_gain=60006.1 94045.6 67863.3 90340.1 260509 89420.8 81770.9 65311.4 63288.8 57201.7 140596 148379 168738 252022
threshold=1.0000000180025095e-35 0 72.500000000000014 9.5000000000000018 15.500000000000002 1 2 1.0138281127492375 1.0237797238331394 3.5000000000000004 0.95321217120250823 0.99451885417014119 4.5000000000000009 74.500000000000014
decision_type=2 1 2 2 2 1 1 2 2 2 2 2 2 2
left_child=1 -1 -3 6 5 8 7 -4 -5 -2 -11 -12 -13 -14
right_child=9 2 3 4 -6 -7 -8 -9 -10 10 11 12 13 -15
leaf_value=-0.00059471877574483257 7.1415310311622569e-05 0.00065213218586367789 -6.6446862273202329e-06 -0.00046111358300036785 0.00014348957188509308 -0.00082390797104137299 -0.000225721468905125 0.00047031454391766546 3.158658792160534e-05 -0.00024616027463140528 -0.00040206684726446694 -5.1606254242675897e-05 -0.00089447936775608795 0.0005757801222916909
leaf_weight=7070269.9587811232 123891442.28561223 1654931.8021562099 2373816.1171933413 2721464.812713623 13700235.066473246 5570119.7396240234 2953854.7810263634 4064092.4952139854 3481677.3665771484 27696190.18594718 12674247.508802652 21609929.683691502 1801795.9008936882 21634555.965556145
leaf_count=7454 98544 1204 1910 1614 9568 3073 3334 3420 2478 30367 16046 17172 2499 30586
internal_value=0.000132145 -0.000880468 -0.000267346 -0.000549097 -0.00147634 -0.00474903 0.00196589 0.00386202 -0.00227149 0.000343031 -0.000254254 0.000588849 0.00139566 0.00315878
internal_weight=2.52899e+08 4.35905e+07 3.65202e+07 3.48653e+07 2.54735e+07 1.17733e+07 9.39176e+06 6.43791e+06 6.20314e+06 2.09308e+08 8.54167e+07 5.77205e+07 4.50463e+07 2.34364e+07
internal_count=229269 34055 26601 25397 16733 7165 8664 5330 4092 195214 96670 66303 50257 33085
cat_boundaries=0 1 2 3
cat_threshold=130 368 344
is_linear=0
shrinkage=0.03


Tree=157
num_leaves=15
num_cat=0
split_feature=10 3 14 13 4 12 11 11 16 9 16 12 16 9
split_gain=69679.9 90929.5 157132 79201.8 83964.9 82639 82566.2 80312.8 65422.7 75441.8 60791.5 84830.6 104956 109937
threshold=1.2236955986104996 1.5000000000000002 0.70973154498075464 1.1259746304100324 1.0000000180025095e-35 1.0666052657390228 1.1010820262994694 0.9847744481008941 0.021489999432519832 82.500000000000014 0.053521434381979857 0.97665741464072364 0.049033904159648291 89.500000000000014
decision_type=2 2 2 2 2 2 2 2 2 2 2 2 2 2
left_child=3 -2 -3 4 8 6 -5 -6 9 -1 11 -10 13 -13
right_child=1 2 -4 5 7 -7 -8 -9 10 -11 -12 12 -14 -15
leaf_value=-0.0019742931402197692 -0.00016455123392564478 -0.0030988150604830808 -0.00031590472379007528 0.00029677385559396868 -0.0036923383448663671 0.00097498040104401101 -0.00084811240570664692 -0.00022772703882319441 0.00084787262041709764 -0.0003089633100291472 -1.009904557464178e-05 -0.00053927666808051484 0.00034822140277237623 5.4789486066742709e-05
leaf_weight=928103.8193551302 8556503.8625458479 669901.12510836124 1275296.8765269518 18207586.034677863 651132.67735671997 2464242.4006410837 1676725.9971876144 971915.97866749763 3218748.8715744019 5420641.8038583994 176613636.79610348 4274999.8903574944 11869269.12537384 16693995.589420319
leaf_count=5496 8749 816 2739 29992 963 4389 2900 1616 3733 33684 100528 5468 7971 20999
internal_value=5.58139e-05 -0.00233672 -0.00819149 0.000159215 -1.31594e-05 0.00186104 0.00121883 -0.00681147 3.72196e-05 -0.0029637 0.000126804 0.00124936 0.000793784 -0.00048224
internal_weight=2.53493e+08 1.05017e+07 1.9452e+06 2.42991e+08 2.20642e+08 2.23486e+07 1.98843e+07 1.62305e+06 2.19019e+08 6.34875e+06 2.12671e+08 3.6057e+07 3.28383e+07 2.0969e+07
internal_count=230043 12304 3555 217739 180458 37281 32892 2579 177879 39180 138699 38171 34438 26467
is_linear=0
shrinkage=0.03


Tree=158
num_leaves=15
num_cat=0
split_feature=16 11 1 16 9 1 9 1 9 2 2 1 16 12
split_gain=69630.4 169149 168567 151285 110825 215364 226330 151049 180473 163046 141749 135179 150963 142326
threshold=0.053521434381979857 0.9569913468292458 13.500000000000002 0.032073096904710725 82.500000000000014 17.500000000000004 74.500000000000014 8.5000000000000018 71.500000000000014 3.5000000000000004 4.5000000000000009 16.500000000000004 0.081083792322249923 1.0203119929770657
decision_type=2 2 2 2 2 2 2 2 2 2 2 2 2 2
left_child=1 -1 3 -3 5 6 7 -2 9 -9 -8 -6 13 -13
right_child=4 2 -4 -5 11 -7 10 8 -10 -11 -12 12 -14 -15
leaf_value=0.00092592756802439087 -0.00056706581099640139 -0.0002583914214020463 -0.00023092369543817681 0.00041323127329596828 -0.00011688092483829321 -0.00042125738099567107 0.00031357859824976094 0.00060175197423682444 -0.00052318004107943916 -0.00013513358619069961 0.0014697001829691878 0.00048398369924411666 -8.405163902863399e-05 -4.2752162184823344e-05
leaf_weight=5978856.7290248871 3054054.1460800171 6714913.9486852884 21740137.999873638 17892374.464563608 125777886.65371203 4743499.2943263054 5479186.772277832 5161461.7634887695 2253556.0249526501 3010125.0111749172 1843045.402094245 14113095.559901237 25500656.291095734 10268394.066113591
leaf_count=13519 1390 39616 40127 16072 77185 2812 3079 3030 1525 2148 1757 9452 10963 7289
internal_value=-5.41181e-05 0.000920792 0.000308171 0.00200874 -0.000307658 0.00153865 0.00285406 0.000547653 0.00226653 0.00433938 0.00709982 -0.000576153 0.000745353 0.00243318
internal_weight=2.53531e+08 5.23263e+07 4.63474e+07 2.46073e+07 2.01205e+08 2.55449e+07 2.08014e+07 1.34792e+07 1.04251e+07 8.17159e+06 7.32223e+06 1.7566e+08 4.98821e+07 2.43815e+07
internal_count=229964 109334 95815 55688 120630 15741 12929 8093 6703 5178 4836 104889 27704 16741
is_linear=0
shrinkage=0.03


Tree=159
num_leaves=15
num_cat=2
split_feature=10 11 12 1 1 14 0 12 3 9 10 10 11 0
split_gain=72306.9 128030 131341 127533 116534 73586.6 152143 103813 98018.3 180187 133919 187688 102984 241694
threshold=0.79976984507662452 0.89451372984939514 0.91874762502524698 18.500000000000004 17.500000000000004 1.0577981349574546 0 1.0182782321369752 2.5000000000000004 80.500000000000014 0.99451885417014119 1.0957310755203389 1.0069201742998883 1
decision_type=2 2 2 2 2 2 1 2 2 2 2 2 2 1
left_child=3 2 -2 -1 -4 8 7 -7 12 -10 -11 -12 13 -3
right_child=1 5 4 -5 -6 6 -8 -9 9 10 11 -13 -14 -15
leaf_value=-0.00046679491880014797 -0.00051852877207924763 0.00052729289469531909 0.00040426636477763743 0.00085485873104353442 0.0015816810770119109 0.0016894022006535309 -3.7646329203719784e-05 0.0003355109732310729 -0.0012256400281505518 -0.0012669692927649999 0.00035576247557991158 -0.00077290158878028667 -3.6769254490460613e-05 -1.566966738140495e-05
leaf_weight=8263535.1897557974 1305444.0388076305 15964077.267268896 4532125.0225281715 1383175.0069351196 1361231.6357955933 3315208.0242553949 15449210.381052375 5441798.1042263508 1564454.0124017 3151944.2717565298 8492460.0344263315 3871260.5671317577 145285351.87268007 34354880.404531598
leaf_count=7889 1255 11065 3456 2383 1327 5654 27232 9019 2108 4261 10736 6377 112234 25001
internal_value=6.59199e-05 0.000166598 0.00410796 -0.00248153 0.00601513 4.68251e-05 0.00161412 0.00477318 -0.000131553 -0.00231102 -0.00133258 7.46678e-05 5.87575e-05 0.00122843
internal_weight=2.53736e+08 2.44089e+08 7.1988e+06 9.64671e+06 5.89336e+06 2.36891e+08 2.42062e+07 8.75701e+06 2.12684e+08 1.70801e+07 1.55157e+07 1.23637e+07 1.95604e+08 5.0319e+07
internal_count=229997 219725 6038 10272 4783 213687 41905 14673 171782 23482 21374 17113 148300 36066
cat_boundaries=0 1 2
cat_threshold=50 11
is_linear=0
shrinkage=0.03


Tree=160
num_leaves=15
num_cat=2
split_feature=9 2 0 12 10 12 14 0 12 1 3 5 5 11
split_gain=60167.2 61781.9 87410.1 131297 92913 91362.9 66958.4 103035 76389.9 74441.5 65299.9 242661 206849 161115
threshold=62.500000000000007 1.0000000180025095e-35 0 1.0094282815670288 1.0237797238331394 0.99984781307094417 0.97761694099146157 1 1.0021060686342065 15.500000000000002 1.0000000180025095e-35 1.0000000180025095e-35 1.0000000180025095e-35 0.99482939277925664
decision_type=2 2 1 2 2 2 2 1 2 2 2 2 2 2
left_child=-1 2 3 5 6 -2 8 9 -4 -8 11 13 -12 -3
right_child=1 10 4 -5 -6 -7 7 -9 -10 -11 12 -13 -14 -15
leaf_value=-0.00056869556497726335 -0.00029033044682586021 0.00032281941199190491 -0.00016815050900238608 -0.00068074265309558154 0.00013462866910150798 0.00074749118085048083 -0.00014641620452905067 -0.00071318783422332963 -0.00062840343441734003 0.00059065415321910431 -5.6344763061504006e-05 -0.0013028802587258588 0.0011287932714819319 4.3283953218170736e-05
leaf_weight=1779992.7897082567 3690349.3407301903 26107851.832838297 3682496.6547436714 8041047.4559284449 17174189.409827232 2254057.8141844273 2167758.1882300377 1891534.1460301876 2533044.2368550301 2097885.8724899292 83448885.285134673 2108402.9968708754 1910923.3456971645 94949253.437682033
leaf_count=1407 3046 20408 2744 6680 13850 1635 1194 2060 1840 913 96882 1538 1511 74515
internal_value=0.000149836 0.00018865 -0.000839307 -0.00279326 8.55579e-05 0.000587485 -0.00189647 0.000320912 -0.00409302 0.00290518 0.000403249 0.000845206 -0.00023445 0.00102094
internal_weight=2.53838e+08 2.52058e+08 4.35324e+07 1.39855e+07 2.95469e+07 5.94441e+06 1.23727e+07 6.15718e+06 6.21554e+06 4.26564e+06 2.08525e+08 1.23166e+08 8.53598e+07 1.21057e+08
internal_count=230223 228816 33962 11361 22601 4681 8751 4167 4584 2107 194854 96461 98393 94923
cat_boundaries=0 1 2
cat_threshold=138 21
is_linear=0
shrinkage=0.03


Tree=161
num_leaves=15
num_cat=0
split_feature=10 3 14 12 11 12 10 12 11 16 14 13 12 12
split_gain=64204.8 79513.6 148815 77049 87443.4 62836.4 62296.2 85026.3 145582 141172 111745 97838.1 189684 74091.8
threshold=1.2236955986104996 1.5000000000000002 0.73141327315926918 1.1153931218449846 1.1671507471139435 1.1108806325759313 0.74478466775923013 0.90150706348843312 0.90644793995258399 0.044813661194155065 0.87240828042121621 0.33722492917240238 0.98609395010972944 0.9608647852025366
decision_type=2 2 2 2 2 2 2 2 2 2 2 2 2 2
left_child=3 -2 -3 5 -5 6 -1 -8 9 -9 -11 12 -10 -13
right_child=1 2 -4 4 -6 -7 7 8 11 10 -12 13 -14 -15
leaf_value=-0.00037159076000814516 -0.00021829002152088528 -0.002891104841996439 -0.00021303346117566607 0.00069566802061719207 -4.5212428292267225e-05 -0.00031856188658255111 -0.00069499167551122709 0.002076910771686446 -0.020840879447958219 0.00081636588211756865 4.4255091411150556e-05 0.00040915331874045112 -0.1020608895642456 3.2746643806488494e-06
leaf_weight=5405136.3250389099 8533570.573142767 740937.3041716814 1198504.1946047544 5375380.61561656 5462127.2213138342 2254524.9873924255 2155033.8407095671 1435990.7931782007 729948.53814995289 2217607.5194702148 6837223.1051025391 6069507.8021776676 468834.10700154305 204089547.72814691
leaf_count=5929 8757 927 2591 6047 5196 984 2118 3719 913 1193 4076 5248 3574 178072
internal_value=8.59963e-05 -0.00221379 -0.00769698 0.000185319 0.00265768 6.96582e-05 0.000118638 0.000195432 0.000253038 0.0037025 0.00231661 8.18228e-05 -0.00846431 0.000130571
internal_weight=2.52974e+08 1.0473e+07 1.93944e+06 2.42501e+08 1.08375e+07 2.31663e+08 2.29409e+08 2.24004e+08 2.21849e+08 1.04908e+07 9.05483e+06 2.11358e+08 1.19878e+06 2.10159e+08
internal_count=229344 12275 3518 217069 11243 205826 204842 198913 196795 8988 5269 187807 4487 183320
is_linear=0
shrinkage=0.03


Tree=162
num_leaves=15
num_cat=0
split_feature=13 12 11 13 10 1 12 11 10 12 1 10 3 1
split_gain=63474.1 244266 168544 84020.5 73963.2 97103.8 89149.7 237342 194255 174552 160935 209225 147526 145564
threshold=0.54078925851391635 0.99947707111996298 0.91700597683295093 0.33722492917240238 0.79976984507662452 18.500000000000004 1.0017672621402147 1.0275274932361529 1.0022981177563166 0.99880713796770515 17.500000000000004 1.0854075201444009 1.5000000000000002 19.500000000000004
decision_type=2 2 2 2 2 2 2 2 2 2 2 2 2 2
left_child=1 2 -1 -3 5 -2 7 9 -8 -6 11 -9 -11 -10
right_child=4 3 -4 -5 6 -7 8 10 13 12 -12 -13 -14 -15
leaf_value=0.00034673032812018809 -0.00050056202829655203 0.0030163842710854098 -0.0034830861915710648 -4.5127612091862621e-06 0.00010439057047654405 0.0006795629570747584 -0.00029513602811471242 -0.00056257315204578018 4.8179769719953486e-05 0.00029634351078113415 0.00038190201436527838 0.00065461490746264288 0.0014533486553106637 -0.0004300524051179689
leaf_weight=2639280.3384842873 6582155.9890834093 586919.21227455139 1205535.1714428663 1140883.6620299816 35561572.228318453 1224093.1920952797 28666053.300670743 7383683.5755338669 137505590.75626731 11120678.938456774 2749994.7848176956 1635623.4784090519 2440118.7850391865 13360998.560246468
leaf_count=2640 6339 3719 2017 2231 30375 2172 26067 5190 108923 7381 2756 1737 2845 25668
internal_value=8.15204e-05 0.00324794 -0.000962549 0.0126174 1.04363e-05 -0.00286345 0.000103747 0.00109569 -0.000232686 0.00201247 -0.00273074 -0.00466784 0.00490842 0.000197467
internal_weight=2.53803e+08 5.57262e+06 3.84482e+06 1.7278e+06 2.48231e+08 7.80625e+06 2.40424e+08 6.08917e+07 1.79533e+08 4.91224e+07 1.17693e+07 9.01931e+06 1.35608e+07 1.50867e+08
internal_count=230060 10607 4657 5950 219453 8511 210942 50284 160658 40601 9683 6927 10226 134591
is_linear=0
shrinkage=0.03


Tree=163
num_leaves=15
num_cat=1
split_feature=12 11 1 14 1 14 0 2 3 9 10 11 12 11
split_gain=64386 95965.9 160459 89773.9 92516.7 66382.1 122889 112846 79171.4 144777 119959 153029 99647.1 77361.1
threshold=0.9353060627559534 0.89451372984939514 18.500000000000004 0.87240828042121621 11.500000000000002 1.0577981349574546 0 4.5000000000000009 2.5000000000000004 80.500000000000014 0.98075172570208025 1.0979770383013885 0.99493778713559811 0.98536147366073423
decision_type=2 2 2 2 2 2 1 2 2 2 2 2 2 2
left_child=-1 2 3 -2 -5 8 7 -7 13 -10 -11 12 -12 -3
right_child=1 5 -4 4 -6 6 -8 -9 9 10 11 -13 -14 -15
leaf_value=-0.00031086163597929544 0.00067448490219281529 0.00019527059415792622 0.0018736805671248499 0.00042810395811413256 -0.0004105614224150097 0.00046339712897181055 8.5488635241486548e-05 0.0027935806430506626 -0.0011845008521088442 -0.0013375334269587183 -0.00094839790887918613 -0.00084783888527219817 0.00039478394275157435 -1.6061797614637177e-05
leaf_weight=7194643.7040302753 1915489.3132265806 24154892.307296753 1507864.661383152 2725508.7438259125 3493696.1874084473 2885403.9014031887 19995136.714841604 1495580.2808749676 1531060.2595814466 2365413.5419832468 1536985.1361669302 3031001.1299096346 8592670.7483311892 170578830.15259635
leaf_count=7821 1378 17957 1952 2842 2052 6705 32383 3125 2093 3280 1864 5072 11150 129948
internal_value=0.000114938 0.000196814 0.00313037 0.0014642 -0.000284833 7.70392e-05 0.00155959 0.00611021 -9.3595e-05 -0.00205343 -0.0011855 -6.75504e-05 0.00170201 7.8071e-05
internal_weight=2.53004e+08 2.4581e+08 9.64256e+06 8.13469e+06 6.2192e+06 2.36167e+08 2.43761e+07 4.38098e+06 2.11791e+08 1.70571e+07 1.55261e+07 1.31607e+07 1.01297e+07 1.94734e+08
internal_count=229622 221801 8224 6272 4894 213577 42213 9830 171364 23459 21366 18086 13014 147905
cat_boundaries=0 1
cat_threshold=48
is_linear=0
shrinkage=0.03


Tree=164
num_leaves=15
num_cat=4
split_feature=12 0 12 11 0 12 3 12 0 11 11 1 10 0
split_gain=57805 179417 245992 144094 215303 140038 216375 345813 132608 446407 304252 252070 183106 173138
threshold=1.0051969303918387 0 1.0024913181220338 0.99953296935072145 1 0.97665741464072364 1.0000000180025095e-35 0.99880713796770515 2 1.0142450752632377 0.96260014076720346 17.500000000000004 1.0368600691440639 3
decision_type=2 1 2 2 1 2 2 2 1 2 2 2 2 1
left_child=1 2 -1 4 5 -3 -7 -8 10 12 -2 -11 -10 -13
right_child=8 3 -4 -5 -6 6 7 -9 9 11 -12 13 -14 -15
leaf_value=0.00019456958230483053 0.0014949098830893579 0.0008949267752369199 0.0011704875502491754 -0.00016940634405976634 -0.00014257290354824351 0.0004556297376342378 -0.0019317445147951841 0.00060253528065393669 -0.00034920040449305659 0.00015920008141678176 -0.00038858590158457338 -0.0003920724032302087 -0.0021538177467742637 -4.7478989425947493e-05
leaf_weight=24718242.635308385 1689775.1752076149 1740811.4947146177 4345098.9486292601 31792129.458857775 18195718.09548068 7965583.7150332928 2758456.8485805988 1739717.4654978514 19033887.702417731 83920781.130768538 28609391.016750574 6446125.7353820801 1489850.3382539749 19360684.079796553
leaf_count=24261 2323 1065 3315 24026 18518 4337 2332 1127 16699 74157 27309 3180 974 26338
internal_value=1.74576e-05 0.000611505 0.00256712 -0.000273909 0.00113404 0.00390189 0.00278867 -0.00247139 -0.000327595 8.82436e-05 -0.00211522 0.000847811 -0.00397269 -0.00174512
internal_weight=2.53806e+08 9.32558e+07 2.90633e+07 6.41924e+07 3.24003e+07 1.42046e+07 1.24638e+07 4.49817e+06 1.6055e+08 1.30251e+08 3.02992e+07 1.09728e+08 2.05237e+07 2.58068e+07
internal_count=229961 78981 27576 51405 27379 8861 7796 3459 150980 121348 29632 103675 17673 29518
cat_boundaries=0 1 2 3 4
cat_threshold=138 17 136 16
is_linear=0
shrinkage=0.03


Tree=165
num_leaves=15
num_cat=3
split_feature=10 10 3 0 12 2 5 9 0 2 0 5 3 2
split_gain=57871.4 84178.8 93968.2 106010 410134 93058 173538 129958 171076 156595 130212 112871 127329 200306
threshold=1.2031119363884388 1.1419459761965169 1.0000000180025095e-35 0 1.0571250827248355 2.5000000000000004 1.0000000180025095e-35 74.500000000000014 1 5.5000000000000009 2 1.0000000180025095e-35 1.0000000180025095e-35 4.5000000000000009
decision_type=2 2 2 1 2 2 2 2 1 2 1 2 2 2
left_child=1 5 3 4 -3 6 -1 8 -7 -10 -9 12 -12 -14
right_child=-2 2 -4 -5 -6 7 -8 10 9 -11 11 -13 13 -15
leaf_value=-4.0352373721708808e-05 -0.00026500563801867361 -0.0012045782316006258 -0.00011737898176009972 0.00027440383544658853 0.0024038623675556926 0.00070131439323457888 -0.0011897811312194832 -0.00031594381970532955 -0.000325736919295728 -0.0012793310660109336 0.00030656925338698107 0.0012978163616569512 -0.00014948409414121335 0.00028805073202646037
leaf_weight=108460288.27694929 13630585.310685635 707577.71728634834 6960262.3161207438 11406225.890980721 1621042.7095261812 1917412.6552789211 1930388.6658675671 9053461.6649719477 6427077.2617326975 1323589.6585935354 26663146.871028185 1373255.0181801319 28146487.626462698 33630410.073927879
leaf_count=81935 15934 991 9374 9292 2325 2092 1368 11442 5388 1963 19726 1035 23375 43615
internal_value=8.9433e-05 0.000197595 0.00202643 0.00346549 0.00929864 2.47139e-05 -0.00058858 0.000648494 -0.00267116 -0.00465603 0.00097312 0.00131879 0.00118626 0.000438433
internal_weight=2.53251e+08 2.39621e+08 2.06951e+07 1.37348e+07 2.32862e+06 2.18926e+08 1.10391e+08 1.08535e+08 9.66808e+06 7.75067e+06 9.88668e+07 8.98133e+07 8.844e+07 6.17769e+07
internal_count=229855 213921 21982 12608 3316 191939 83303 108636 9443 7351 99193 87751 86716 66990
cat_boundaries=0 1 2 3
cat_threshold=96 136 256
is_linear=0
shrinkage=0.03


Tree=166
num_leaves=15
num_cat=4
split_feature=9 2 0 16 16 11 0 1 9 16 9 1 0 0
split_gain=61071.5 59619 87210.1 96610.7 75957.4 99616.8 124597 119960 105309 170856 98561.3 178555 128415 84412.7
threshold=62.500000000000007 1.0000000180025095e-35 0 0.060185319116737239 0.058762905724713911 0.98536147366073423 1 17.500000000000004 66.500000000000014 0.052915134947898658 74.500000000000014 9.5000000000000018 2 3
decision_type=2 2 1 2 2 2 1 2 2 2 2 2 1 1
left_child=-1 2 -2 -4 5 6 -3 -8 9 -7 11 -10 -13 -12
right_child=1 4 3 -5 -6 8 7 -9 10 -11 13 12 -14 -15
leaf_value=-0.00054548173074956405 -0.00053393361251038757 -0.00037044303325429312 -0.00022553490263390577 8.5578146941892125e-05 -7.7813627387954646e-06 -0.00038444720688321634 0.00033057624791016328 0.0018689348920284364 -0.00170430668766265 0.0013125768734109314 0.0003003888287583102 0.00088207812434656365 -0.00088170275544163313 -3.579006296846165e-05
leaf_weight=1746520.4927070141 7025290.0514208078 2859132.4412944317 14738937.67163384 22000059.119445801 134922817.93040025 808309.42314553261 7640417.9682585001 3226768.1771011353 639425.94512140751 1035365.4241027832 23924253.034560204 1061473.644002676 1451712.4857645035 30555527.870603681
leaf_count=1363 7394 6719 16516 10187 81889 1655 9817 5445 2132 631 46408 1448 1396 36973
internal_value=0.000115205 0.000153968 -0.000852526 -0.000266909 0.000365612 0.00114369 0.00344735 0.00491343 0.000612035 0.00766991 0.000386252 -0.00477106 -0.00116979 0.000684693
internal_weight=2.53636e+08 2.51889e+08 4.37643e+07 3.6739e+07 2.08125e+08 7.32024e+07 1.37263e+07 1.08672e+07 5.94761e+07 1.84367e+06 5.76324e+07 3.15261e+06 2.51319e+06 5.44798e+07
internal_count=229973 228610 34097 26703 194513 112624 21981 15262 90643 2286 88357 4976 2844 83381
cat_boundaries=0 1 2 3 4
cat_threshold=130 352 395 230
is_linear=0
shrinkage=0.03


Tree=167
num_leaves=15
num_cat=4
split_feature=12 13 12 11 0 12 11 0 12 11 0 1 0 12
split_gain=61439.5 86115.9 211477 132198 116503 70079.8 223246 204933 266883 176831 412105 251053 247936 173218
threshold=0.9353060627559534 0.54078925851391635 0.99947707111996298 0.91700597683295093 0 1.0051969303918387 1.0301164719085267 1 0.99613586028316414 1.0142450752632377 2 18.500000000000004 3 1.0017672621402147
decision_type=2 2 2 2 1 2 2 1 2 2 1 2 1 2
left_child=-1 2 3 -2 -4 6 7 8 -3 12 -11 -12 -7 -9
right_child=1 5 4 -5 -6 9 -8 13 -10 10 11 -13 -14 -15
leaf_value=-0.00032477492629252598 0.00047224120848045608 4.4166094756931296e-05 0.0021634609949726306 -0.0028035101092823635 0.000597891566843299 -2.9698045606495257e-05 -0.00032045424013375193 0.00016429377478690109 0.00084552600281780532 -0.00048727010239764433 0.00014720292917950052 -0.00029867879946247216 -0.00088080912165910551 -0.00021633713177145853
leaf_weight=7253894.4217590094 1532679.9285801649 10626961.656435609 798251.63399636745 1138386.4634600878 883344.23252618313 16972059.78250432 11967655.998556852 34688073.46609652 11855128.607762456 22625479.288801074 92937187.81989491 16390692.468013525 9824104.3305407763 14075045.811086178
leaf_count=7900 1591 8369 1028 1815 4865 14782 10113 29759 9458 21216 76217 24101 9373 9474
internal_value=0.000109815 0.000189953 0.00437224 -0.000874559 0.0127063 0.000114717 0.000819905 0.00145677 0.00382638 -0.000254926 0.000196276 0.000958967 -0.00247679 0.000364263
internal_weight=2.53569e+08 2.46315e+08 4.35266e+06 2.67107e+06 1.6816e+06 2.41962e+08 8.32129e+07 7.12452e+07 2.24821e+07 1.5875e+08 1.31953e+08 1.09328e+08 2.67962e+07 4.87631e+07
internal_count=230061 222161 9299 3406 5893 212862 67173 57060 17827 145689 121534 100318 24155 39233
cat_boundaries=0 1 2 3 4
cat_threshold=24 11 136 155
is_linear=0
shrinkage=0.03


Tree=168
num_leaves=15
num_cat=4
split_feature=2 0 13 3 14 12 1 1 0 0 12 12 14 0
split_gain=67047.8 76509.4 65699.6 178004 255007 109573 55191.1 127420 109189 96963.8 90867.1 81555.4 67929.4 86805
threshold=1.0000000180025095e-35 0 0.56770116993704289 1.5000000000000002 0.84920864226268733 1.0160145315503237 9.5000000000000018 15.500000000000002 1 2 1.0033879215670958 1.05577266697232 0.95899354419947336 3
decision_type=2 1 2 2 2 2 2 2 1 1 2 2 2 1
left_child=1 -1 3 5 -5 -2 12 9 -9 -8 -10 -12 13 -3
right_child=2 6 -4 4 -6 -7 7 8 10 -11 11 -13 -14 -15
leaf_value=-0.00052134733310073473 0.00033098419831173844 0.00040427040012551164 3.0510724802814841e-05 -0.0050693648449967495 0.0019929135122902916 0.0016890020800449782 -5.8861384543322143e-05 0.0012267135760419977 0.0003129218820157055 -0.00072356461625286677 -0.00037582163616675548 0.00041479742061236992 -5.1770157220058987e-05 0.00020566790314110445
leaf_weight=7083806.1675307751 2767800.6022597551 1356281.9859131575 204510940.82116914 1020957.8831738234 765188.93124866486 1316691.5420222282 6415435.1817626953 1424536.8886909485 4622186.6322903633 5800859.6965332031 6373605.9237689972 1710010.1497006416 5744416.1164788008 2875392.9251106977
leaf_count=7490 3622 1107 185921 1821 2274 2420 4241 1416 2790 3193 4248 1475 5297 2662
internal_value=0.000140655 -0.00093285 0.000362144 0.00349121 -0.00440838 0.00694569 -0.000376631 -0.00109622 0.000843646 -0.00334002 -3.93787e-05 -0.0019578 0.00152379 0.00440806
internal_weight=2.53788e+08 4.34065e+07 2.10382e+08 5.87064e+06 1.78615e+06 4.08449e+06 3.63227e+07 2.63466e+07 1.41303e+07 1.22163e+07 1.27058e+07 8.08362e+06 9.97609e+06 4.23167e+06
internal_count=229977 33919 196058 10137 4095 6042 26429 17363 9929 7434 8513 5723 9066 3769
cat_boundaries=0 1 2 3 4
cat_threshold=130 1 368 80
is_linear=0
shrinkage=0.03


Tree=169
num_leaves=15
num_cat=3
split_feature=11 3 0 10 12 13 12 0 12 14 3 0 16 10
split_gain=57646.8 277151 196631 235154 166744 112173 134670 103921 286747 135909 125870 117476 113297 104806
threshold=0.99217020718281967 1.5000000000000002 0 0.82120607435980486 1.0249057070288117 0.81864892453040128 1.0121289381029088 1 1.0894550804295779 1.1108503586172571 1.0000000180025095e-35 2 0.06641745348188037 1.1751841682950552
decision_type=2 2 1 2 2 2 2 1 2 2 2 1 2 2
left_child=1 2 3 -1 -3 -5 -7 8 13 -9 -10 12 -11 -2
right_child=7 4 -4 5 -6 6 -8 9 10 11 -12 -13 -14 -15
leaf_value=-0.00023083163567505754 0.00018859433453070689 -0.0003561903003467834 -5.9913190413909663e-05 0.00083342146729914717 -0.0020575829313230522 0.00057535175092644688 -6.9636363473189584e-05 -6.6109985097147409e-05 0.0024636051615238249 0.0010599355908103194 0.00030262610727745305 0.00014039135807773488 0.0050605948653481723 -0.0004418410449584707
leaf_weight=5069901.9556028843 18983848.083072782 9976172.9796103239 16360570.071308017 3810808.350685358 1955993.0391914845 13174529.405959845 4196423.2342932224 168529955.49977064 1242880.1548629999 1198813.7196335793 693312.71107578278 3217991.6555943489 877456.7658996582 4274214.494305253
leaf_count=4306 31810 14208 13809 2897 3162 9387 3349 123342 1979 3110 1560 9430 696 6906
internal_value=1.61942e-05 0.000880242 0.00201185 0.00362065 -0.00316097 0.00500976 0.00398722 -0.000220613 0.00158004 -0.000481601 0.0126726 0.00425129 0.0098147 0.000656602
internal_weight=2.53563e+08 5.45444e+07 4.26122e+07 2.62517e+07 1.19322e+07 2.11818e+07 1.7371e+07 1.99018e+08 2.51943e+07 1.73824e+08 1.93619e+06 5.29426e+06 2.07627e+06 2.32581e+07
internal_count=229951 51118 33748 19939 17370 15633 12736 178833 42255 136578 3539 13236 3806 38716
cat_boundaries=0 1 2 3
cat_threshold=155 96 20
is_linear=0
shrinkage=0.03


Tree=170
num_leaves=15
num_cat=3
split_feature=2 0 11 16 16 9 9 1 9 0 0 11 1 14
split_gain=54200.7 74670.3 96398.7 74939.7 66848.2 114325 217562 210385 155554 128690 126439 90368.1 110789 110449
threshold=1.0000000180025095e-35 0 1.0283096653012935 0.071698968275871661 0.058336580742461501 67.500000000000014 83.500000000000014 17.500000000000004 78.500000000000014 1 2 0.98536147366073423 19.500000000000004 0.89087468346962673
decision_type=2 1 2 2 2 2 2 2 2 1 1 2 2 2
left_child=1 2 -1 -3 11 10 7 8 9 -7 -6 -2 13 -13
right_child=4 3 -4 -5 5 6 -8 -9 -10 -11 -12 12 -14 -15
leaf_value=-1.5556161608151044e-05 0.00045284764693862716 -0.00010240995672798746 -0.00072672784390025928 0.00023012708133082315 -8.1401576522680306e-06 -0.00060580141715986654 -4.3675786014186021e-05 -0.0003215232170172696 0.00094394980284772648 0.00046873951573007179 -0.00095441866577446763 -0.000265181094557817 -0.00027994489240211148 0.00020261040218134716
leaf_weight=7000123.2017867565 13304673.599601626 19869356.320372462 6942723.0920926332 9744963.5023803711 2562023.8579940796 1748744.3048706055 119741062.61905646 2686021.2287085056 2904045.0743043423 6303753.4208254814 2592509.0494689941 6470142.6782482862 15290096.268515825 36694432.125303268
leaf_count=5727 21659 18632 5655 4116 1533 988 72546 1574 2015 3971 1415 11573 29897 48807
internal_value=1.24654e-05 -0.000950739 -0.002761 -9.84425e-05 0.000211966 -0.000172984 -3.5688e-06 0.00358594 0.00543052 0.00328387 -0.00455692 0.000955147 0.000447242 0.00122456
internal_weight=2.53855e+08 4.35572e+07 1.39428e+07 2.96143e+07 2.10298e+08 1.38538e+08 1.33384e+08 1.36426e+07 1.09565e+07 8.0525e+06 5.15453e+06 7.17593e+07 5.84547e+07 4.31646e+07
internal_count=230108 34130 11382 22748 195978 84042 81094 8548 6974 4959 2948 111936 90277 60380
cat_boundaries=0 1 2 3
cat_threshold=138 68 460
is_linear=0
shrinkage=0.03


Tree=171
num_leaves=15
num_cat=3
split_feature=2 16 9 1 0 16 9 0 9 0 2 1 1 16
split_gain=69298 77868.8 97604 79093.1 76560.3 66432.8 62998.8 289164 221971 307457 182068 208523 171696 142871
threshold=1.0000000180025095e-35 0.076603777319970187 72.500000000000014 15.500000000000002 0 0.051931273749223662 74.500000000000014 1 82.500000000000014 2 5.5000000000000009 8.5000000000000018 17.500000000000004 0.072676572516731083
decision_type=2 2 2 2 1 2 2 1 2 1 2 2 2 2
left_child=1 2 -1 4 -4 -6 7 -2 9 12 11 -9 -8 -11
right_child=6 -3 3 -5 5 -7 8 10 -10 13 -12 -13 -14 -15
leaf_value=0.00076027875451963154 0.00054481838004627242 0.00010035009704861737 -0.00012877563747612191 2.9710080320329355e-05 0.00010103494248364572 -0.00066640537958368763 0.0011401646069774329 -0.00086982395647971957 3.1653359907625217e-05 -0.00042985841830532644 -0.0013073543921898654 -5.0980837683729006e-05 5.2798073660620604e-05 0.00075715365299857784
leaf_weight=1377424.7487858534 4929922.5079342127 12177785.472106934 11408305.463598132 8893557.3108189106 1342540.5833995342 8281462.2397460938 3234760.4854998589 2110375.4126415253 182982173.30137587 3815131.7279297113 1297130.5344120264 8736058.2034659386 1059066.303961277 1788503.2345657349
leaf_count=1285 5026 5214 10226 9039 3264 5063 3055 2385 170682 4420 1821 6087 1255 1058
internal_value=0.000144947 -0.000945137 -0.00173699 -0.00209638 -0.00309929 -0.00506995 0.000370703 -0.00137596 0.000525315 0.00490123 -0.00386355 -0.00259323 0.0109416 0.000272732
internal_weight=2.53434e+08 4.34811e+07 3.13033e+07 2.99259e+07 2.10323e+07 9.624e+06 2.09953e+08 1.70735e+07 1.9288e+08 9.89746e+06 1.21436e+07 1.08464e+07 4.29383e+06 5.60363e+06
internal_count=229880 34091 28877 27592 18553 8327 195789 15319 180470 9788 10293 8472 4310 5478
cat_boundaries=0 1 2 3
cat_threshold=370 392 178
is_linear=0
shrinkage=0.03


Tree=172
num_leaves=15
num_cat=3
split_feature=10 12 0 2 12 3 14 12 12 0 2 9 0 9
split_gain=54509.8 80354.9 137954 110417 84158.6 79952.7 141593 53220.9 93414.9 131018 183190 104470 98098.4 118204
threshold=1.2126353484185692 1.1153931218449846 0 3.5000000000000004 1.1108806325759313 1.5000000000000002 0.72129665078146499 1.0666052657390228 1.0336496147759966 1 4.5000000000000009 84.500000000000014 2 72.500000000000014
decision_type=2 2 1 2 2 2 2 2 2 1 2 2 1 2
left_child=1 4 3 -3 7 -2 -7 8 12 10 -10 -11 13 -1
right_child=5 2 -4 -5 -6 6 -8 -9 9 11 -12 -13 -14 -15
leaf_value=-0.00018634525726264739 -0.00010822142483336879 0.0011116988364603068 -9.6743498176898692e-05 3.7801018037436399e-05 -0.00037015044657956741 -0.0028349247982204194 -0.00033562526054352945 0.0001993606020318757 -0.00024125523083814001 0.00050305377269492784 -0.0016619308344469361 -0.0001017210950956283 -4.6865781072106874e-05 0.00011144373880039704
leaf_weight=7633812.6251790524 9804214.3105051517 3139648.1617645025 5574224.446567297 1730613.1326781511 2157788.9942030907 695254.92220771313 1525667.4476492405 14765356.184899449 10772663.287449956 3882813.3455270529 2577738.516734004 13639691.0032655 100520451.35405099 74501700.877926111
leaf_count=5734 10076 2861 5669 2214 970 857 3219 16436 8875 4948 3531 13856 92371 57917
internal_value=9.96077e-05 0.000198008 0.00277171 0.0064603 8.1363e-05 -0.00187162 -0.00701125 0.000137099 1.66487e-05 -0.00150961 -0.00374859 0.000196263 0.000274621 0.00104375
internal_weight=2.52922e+08 2.40897e+08 1.04445e+07 4.87026e+06 2.30452e+08 1.20251e+07 2.22092e+06 2.28294e+08 2.13529e+08 3.08729e+07 1.33504e+07 1.75225e+07 1.82656e+08 8.21355e+07
internal_count=229534 215382 10744 5075 204638 14152 4076 203668 187232 31210 12406 18804 156022 63651
cat_boundaries=0 1 2 3
cat_threshold=102 70 210
is_linear=0
shrinkage=0.03


Tree=173
num_leaves=15
num_cat=0
split_feature=2 5 3 11 5 9 16 14 3 10 11 11 10 14
split_gain=59214.4 222217 151139 144299 130265 105997 124746 103057 131864 99681 91084 141559 97253.9 89682
threshold=2.5000000000000004 1.0000000180025095e-35 1.0000000180025095e-35 0.99953296935072145 1.0000000180025095e-35 68.500000000000014 0.087445513065073616 0.70973154498075464 1.5000000000000002 0.83310007439074751 1.0063114542196836 1.0128747137800109 1.1419459761965169 0.79413159547333489
decision_type=2 2 2 2 2 2 2 2 2 2 2 2 2 2
left_child=1 9 3 -2 5 -4 7 8 -7 -1 13 -12 -13 -11
right_child=2 -3 4 -5 -6 6 -8 -9 -10 10 11 12 -14 -15
leaf_value=-0.00036260926636269542 0.0006122425017442368 -0.0013217823643099295 -0.00062245851814880012 0.00011200289883803336 0.00092466488641732925 7.8440066287365067e-06 -0.00043048598420323815 5.2906827815949027e-05 -0.0025614225190259883 -0.00043008993015447583 -0.00055413234611340263 -6.9772715598367951e-05 0.00022637974632030541 0.00018104867242848294
leaf_weight=6887107.9400132895 8942477.5061039925 2146904.439770937 3460943.4873392582 30168618.359818697 1980734.2583094835 1490853.619826436 7098043.0227855444 71813213.652336478 1122184.5723135471 2374382.7345507145 6925078.4100447893 62556290.849554539 17155127.594419718 29903427.855502605
leaf_count=5679 6787 1538 3958 23752 1521 1549 5363 84717 2344 2301 4553 47213 16423 22247
internal_value=7.2487e-05 -0.000382184 0.000533906 0.00208278 -0.000162666 -0.000339923 -0.000121624 0.000240784 -0.0056115 -0.000218858 -1.56284e-05 -0.000522417 -0.000164987 0.00134464
internal_weight=2.54025e+08 1.27948e+08 1.26077e+08 3.91111e+07 8.6966e+07 8.49852e+07 8.15243e+07 7.44263e+07 2.61304e+06 1.25801e+08 1.18914e+08 8.66365e+07 7.97114e+07 3.22778e+07
internal_count=229945 99954 129991 30539 99452 97931 93973 88610 3893 98416 92737 68189 63636 24548
is_linear=0
shrinkage=0.03


Tree=174
num_leaves=15
num_cat=3
split_feature=13 3 14 2 0 10 1 11 0 1 13 0 1 14
split_gain=77796.7 125260 207652 82284.7 85880.6 66033.2 82770 63196.8 81813.3 113450 64538.7 64194.4 194281 124318
threshold=0.54078925851391635 1.5000000000000002 0.84147441079431173 1.5000000000000002 0 0.79976984507662452 18.500000000000004 0.90644793995258399 1 17.500000000000004 1.0133781707265581 2 6.5000000000000009 1.1108503586172571
decision_type=2 2 2 2 1 2 2 2 1 2 2 1 2 2
left_child=1 3 -3 -1 -5 6 -2 8 -7 10 -10 12 -9 -13
right_child=5 2 -4 4 -6 7 -8 11 9 -11 -12 13 -14 -15
leaf_value=-0.00045255627578805538 -0.00046344523093437123 -0.0056732302538474487 0.0015741127593825253 0.0011924949300274718 0.00053163511905916056 -0.00043889318083238952 0.0006217287578799 -0.0012320696679286789 0.0004052372944584487 0.0015155153068995646 -0.00043260050977577709 -4.562930528077726e-05 0.00011882094997962582 0.0010016469787628435
leaf_weight=580400.36950027943 6602356.9743402004 816301.11621296406 742010.12922465801 981978.64923918247 2311692.4391673803 1268947.3975996971 1188246.3483242989 2363161.170075655 2776518.1855796576 1412322.6274514198 1433447.0446021557 153309758.11999607 72688169.311551094 4763550.6279156208
leaf_count=2389 6371 1612 2140 722 3707 1198 2152 14737 1870 1338 1171 102142 76434 11641
internal_value=6.4412e-05 0.0036158 -0.00356692 0.00650498 0.00834034 -1.3441e-05 -0.00273164 7.47881e-05 0.00290614 0.00445906 0.00199078 -8.90764e-06 0.000713572 -0.000351932
internal_weight=2.53239e+08 5.43238e+06 1.55831e+06 3.87407e+06 3.29367e+06 2.47806e+08 7.7906e+06 2.40016e+08 6.89124e+06 5.62229e+06 4.20997e+06 2.33125e+08 7.50513e+07 1.58073e+08
internal_count=229624 10570 3752 6818 4429 219054 8523 210531 5577 4379 3041 204954 91171 113783
cat_boundaries=0 1 2 3
cat_threshold=24 258 99
is_linear=0
shrinkage=0.03


Tree=175
num_leaves=15
num_cat=4
split_feature=2 0 12 12 10 0 1 0 0 12 10 10 10 9
split_gain=47944.8 70947.7 144914 77693 67877.9 65406.4 72801.9 49441.7 45821.5 150493 178086 121093 115014 109071
threshold=1.0000000180025095e-35 0 1.0094282815670288 0.99984781307094417 1.0242312619031082 1 16.500000000000004 2 3 1.0094282815670288 1.0135079437829182 0.93078066328201858 1.1942558122392908 75.500000000000014
decision_type=2 1 2 2 2 1 2 1 1 2 2 2 2 2
left_child=1 2 3 -1 5 6 -3 -6 9 -2 11 -11 13 -12
right_child=8 4 -4 -5 7 -7 -8 -9 -10 10 12 -13 -14 -15
leaf_value=-0.00020025483910134632 0.00046398115066257863 -0.000140881841789731 -0.00065921999120155395 0.0007728424511584984 0.00041794830402515143 -0.00035580540234178136 0.00054547346232351832 2.1351272876786899e-07 -8.6671189202890945e-06 0.0009463785359440888 -0.00034538753897516398 -0.00083139826426083382 -0.00024962103561980073 0.00038207960585355034
leaf_weight=3673327.4028580189 16086795.426575065 4108298.7131236792 7982709.5467675924 2194611.5602658987 5678159.0170681477 6883958.3127121925 1924330.2320289612 11128214.912835836 151220842.8991524 875142.26135909557 3478072.0979216099 7190662.9870986938 10514631.104247689 20623483.564366817
leaf_count=3071 23814 2153 6617 1600 6938 5972 1024 6673 111131 1571 5110 10382 13904 30119
internal_value=8.71121e-06 -0.000896888 -0.00267022 0.000908876 -7.05309e-05 -0.00170585 0.000574616 0.0011863 0.000196626 0.000907495 -2.45105e-05 -0.00403899 0.00091089 0.00205306
internal_weight=2.53563e+08 4.35736e+07 1.38506e+07 5.86794e+06 2.9723e+07 1.29166e+07 6.03263e+06 1.68064e+07 2.0999e+08 5.87688e+07 4.2682e+07 8.06581e+06 3.46162e+07 2.41016e+07
internal_count=230079 34048 11288 4671 22760 9149 3177 13611 196031 84900 61086 11953 49133 35229
cat_boundaries=0 1 2 3 4
cat_threshold=138 17 352 226
is_linear=0
shrinkage=0.03


Tree=176
num_leaves=15
num_cat=4
split_feature=9 12 13 12 11 0 11 12 0 3 12 0 0 11
split_gain=56584.2 54254 73126.7 170382 124958 83080.6 56556.8 87491.8 148214 171840 131681 111381 99699.7 132488
threshold=62.500000000000007 0.9353060627559534 0.54078925851391635 0.99947707111996298 0.91700597683295093 0 1.1901084494770153 1.0598131614188067 1 1.0000000180025095e-35 1.0336496147759966 2 3 0.96973899304761912
decision_type=2 2 2 2 2 1 2 2 1 2 2 1 1 2
left_child=-1 -2 3 4 -3 -5 7 10 -9 -10 12 -12 13 -4
right_child=1 2 6 5 -6 -7 -8 8 9 -11 11 -13 -14 -15
leaf_value=-0.00050228198464639126 -0.00027707172195273082 0.00039437139751448457 -0.00093620257468974199 0.0019726562171736447 -0.0027050467483962157 7.5290526647924034e-05 -0.00033633008536844308 -0.00012955548051238463 0.00053219017042443594 -9.8263107867518267e-05 0.0002214242388543233 -0.00035755466362507156 -4.2713102668759578e-07 0.00034776819009970159
leaf_weight=1703958.5544404984 7322241.7662625313 1583090.5099378824 1607195.7076905966 802875.57247924805 1133781.1127942801 891947.04062986374 8861184.5662430525 9175744.7149856091 16071434.172216892 7830975.0022952557 5288168.3962581158 20113194.114816427 150579836.40897691 20668003.501864195
leaf_count=1357 7892 1599 1707 974 1830 4875 8589 8224 14887 10671 7185 18804 120774 20558
internal_value=8.03613e-05 0.000117213 0.000193383 0.00402079 -0.000635696 0.0114853 0.000123085 0.000213181 0.00164151 0.00288572 -2.51288e-05 -0.00204202 0.000271256 0.00214452
internal_weight=2.53634e+08 2.5193e+08 2.44607e+08 4.41169e+06 2.71687e+06 1.69482e+06 2.40196e+08 2.31335e+08 3.30782e+07 2.39024e+07 1.98256e+08 2.54014e+07 1.72855e+08 2.22752e+07
internal_count=229926 228569 220677 9278 3429 5849 211399 202810 33782 25558 169028 25989 143039 22265
cat_boundaries=0 1 2 3 4
cat_threshold=24 145 49 66
is_linear=0
shrinkage=0.03


Tree=177
num_leaves=15
num_cat=3
split_feature=10 10 0 2 0 2 10 14 0 10 12 9 2 12
split_gain=44813.1 92827.2 213247 64214.2 60859.7 53796.4 108103 72649.6 48503.3 186831 242344 162636 97607.8 81024.7
threshold=1.1942558122392908 1.1518019304498228 0 2.5000000000000004 1 4.5000000000000009 1.3953303454829544 0.70973154498075464 2 1.0804981498706023 1.0501009489392852 66.500000000000014 4.5000000000000009 1.0051969303918387
decision_type=2 2 1 2 1 2 2 2 1 2 2 2 2 2
left_child=1 8 3 -3 -2 7 -7 -6 9 10 11 -1 -11 -10
right_child=4 2 -4 -5 5 6 -8 -9 13 12 -12 -13 -14 -15
leaf_value=0.00063627703071976558 0.00030812495996825593 0.0022527029210970525 0.00012669202505982257 0.00084287948315612258 0.00047799786093780772 -0.00037505528710190259 -0.0029121071612347232 -0.00033569881635775835 0.00011404451566948516 0.0005478479233145616 -0.0013419155066827712 -0.00019156426231781327 -0.00066866260195846136 -2.1464468350443555e-05
leaf_weight=2046954.3409394026 3341207.5930956602 853943.2015941143 10717072.377133369 909594.41177165508 2381884.5361019373 1779762.1134792566 642254.28719520569 8909215.5873180628 67130611.227119565 8110563.8294906616 1611833.021040082 43193818.198254347 1507063.9392254353 99971444.38914156
leaf_count=1422 4939 1008 10711 1374 1939 3349 865 9107 56449 6022 1086 35521 2173 93776
internal_value=0.000102891 0.000210188 0.00272813 0.0123951 -0.00138222 -0.00226683 -0.00632387 -0.00139657 6.96272e-05 -0.000690487 -0.0014723 -0.00106505 0.00311814 0.000326499
internal_weight=2.53107e+08 2.36053e+08 1.24806e+07 1.76354e+06 1.70543e+07 1.37131e+07 2.42202e+06 1.12911e+07 2.23572e+08 5.64702e+07 4.68526e+07 4.52408e+07 9.61763e+06 1.67102e+08
internal_count=229741 209542 13093 2382 20199 15260 4214 11046 196449 46224 38029 36943 8195 150225
cat_boundaries=0 1 2 3
cat_threshold=64 292 260
is_linear=0
shrinkage=0.03


Tree=178
num_leaves=15
num_cat=2
split_feature=10 1 12 12 1 0 16 14 0 2 9 12 16 10
split_gain=47117.5 74612 62919.3 92764.2 205504 150179 125051 63445.7 173684 109921 126826 126786 90673.2 71139.7
threshold=0.79976984507662452 18.500000000000004 0.90935930987391711 0.98115963927892413 18.500000000000004 0 0.054444299526872915 1.0870219147707336 1 4.5000000000000009 83.500000000000014 1.019141366626745 0.021489999432519832 1.042224977287155
decision_type=2 2 2 2 2 1 2 2 1 2 2 2 2 2
left_child=1 -1 -2 4 5 -4 -7 12 -9 10 -10 -11 -5 -13
right_child=2 -3 3 7 -6 6 -8 8 9 11 -12 13 -14 -15
leaf_value=-0.00035402478912951785 -0.00069817136014249919 0.00055921565093700824 0.00038706602408425318 -0.00067769789213052408 0.0013826572062396606 0.00061418594604406899 -0.00037604741286010939 -0.00064459443971891218 0.0012689665561382564 0.004829506057149502 7.9020570973931424e-05 -0.0017275285731541163 6.8310514415183918e-06 0.0013710532747711554
leaf_weight=8246747.7226641178 2043948.7054055929 1412762.9521899223 6422938.8029807806 6000549.8311377764 2945413.63149786 2121408.2800222635 7909355.6178588867 2815946.912812233 1150992.2121235132 1261297.2251474857 6222974.9911439419 341380.40220654011 203967919.84746265 1002518.4616324902
leaf_count=7883 2057 2419 5132 36431 3590 3110 3772 6812 1780 3518 12983 1225 136762 2746
internal_value=0.000140277 -0.00191472 0.000221562 0.000265802 0.00225551 0.000949091 -0.00134438 9.25305e-05 0.00214348 0.00400019 0.00212872 0.00929738 -3.24509e-05 0.00288584
internal_weight=2.53866e+08 9.65951e+06 2.44207e+08 2.42163e+08 1.93991e+07 1.64537e+07 1.00308e+07 2.22764e+08 1.27951e+07 9.97916e+06 7.37397e+06 2.6052e+06 2.09968e+08 1.3439e+06
internal_count=230220 10302 219918 217861 15604 12014 6882 202257 29064 22252 14763 7489 173193 3971
cat_boundaries=0 1 2
cat_threshold=496 65
is_linear=0
shrinkage=0.03


Tree=179
num_leaves=15
num_cat=0
split_feature=9 9 2 1 1 9 16 16 1 16 9 5 1 14
split_gain=49869.8 48346.6 292638 255162 279884 174059 116531 103192 100487 142416 170239 128531 140975 272417
threshold=62.500000000000007 79.500000000000014 5.5000000000000009 7.5000000000000009 14.500000000000002 71.500000000000014 0.057920467695699883 0.05215966109183421 16.500000000000004 0.081083792322249923 88.500000000000014 1.0000000180025095e-35 9.5000000000000018 0.89316335908130429
decision_type=2 2 2 2 2 2 2 2 2 2 2 2 2 2
left_child=-1 2 3 5 -5 -2 -7 -3 11 10 -10 12 13 -9
right_child=1 7 -4 4 -6 6 -8 8 9 -11 -12 -13 -14 -15
leaf_value=-0.0004822081682582696 -0.0011557642602882654 0.00019284331796772474 -0.0010693607871200544 0.00054774268188987642 -1.5027862788160159e-05 -0.0010079791780131201 0.00082484301817882576 0.00041320156774411439 -0.00078525040128456464 -7.4173188550884727e-05 0.00034470502150380411 0.00081669958022295621 -0.00018377404989964577 -6.0703404835566449e-05
leaf_weight=1726269.8374516964 1392947.446639657 38869126.23758781 1690772.642545104 11354018.722945213 11306293.214888573 496446.70598900318 660793.27972221375 9757538.7174377441 1606159.0801842213 25809138.349596024 23474686.940564036 2549026.5150146484 90193123.962025762 32258124.916683674
leaf_count=1373 2657 93105 2606 7144 9072 1985 351 5031 1087 11186 16389 1328 60727 15938
internal_value=9.25717e-05 0.000127463 0.00132929 0.00213961 0.0031521 -0.00685714 0.00174168 -1.65391e-05 -0.000310831 0.000824945 0.00243485 -0.000739745 -0.000868394 0.000566909
internal_weight=2.53144e+08 2.51418e+08 2.69013e+07 2.52105e+07 2.26603e+07 2.55019e+06 1.15724e+06 2.24517e+08 1.85648e+08 5.089e+07 2.50808e+07 1.34758e+08 1.32209e+08 4.20157e+07
internal_count=229979 228606 23815 21209 16216 4993 2336 204791 111686 28662 17476 83024 81696 20969
is_linear=0
shrinkage=0.03


Tree=180
num_leaves=15
num_cat=1
split_feature=13 0 16 9 2 4 13 4 2 16 9 11 1 16
split_gain=40079.8 82299.9 75978.4 93383.8 87993.9 83936.1 60817.3 55914.8 179869 54845.1 71266.3 53524.8 52794.4 52435.5
threshold=1.1482442084774827 0 0.059906100491050239 83.500000000000014 4.5000000000000009 1.0000000180025095e-35 1.2619601300593011 1.0000000180025095e-35 4.5000000000000009 0.021489999432519832 82.500000000000014 0.98536147366073423 22.500000000000004 0.053521434381979857
decision_type=2 1 2 2 2 2 2 2 2 2 2 2 2 2
left_child=7 6 -3 -4 5 -5 -2 9 -9 10 12 -12 -1 -11
right_child=1 2 3 4 -6 -7 -8 8 -10 13 11 -13 -14 -15
leaf_value=-0.0023164607175686332 0.00041203288342366083 0.00046649279711334109 0.00080394278426508677 -0.00029224791969478385 0.00075188066677923644 -0.0024882970303566616 0.013688384868172856 -0.0037217445691767981 0.00042434200048184191 0.00011557350761260142 0.00095512573154153332 -0.00054889484509741606 0.00066217849968653513 -2.1473953399202531e-05
leaf_weight=773197.43529486656 1158838.2892087698 8318680.8609054089 1126693.9617657661 4665593.9122924805 1666462.4857165813 1489394.4352722168 689070.02808451653 784205.53136396408 943253.80575883389 38672683.077284336 1215596.7764930725 4648418.2230389118 183440.53520965576 187463714.68539333
leaf_count=4552 1000 23930 1147 3182 2092 1550 1722 1403 1359 41677 7736 29278 1113 108448
internal_value=-8.75956e-06 0.00131222 0.000668242 -0.00125052 -0.00241371 -0.00406943 0.00732952 -0.000116352 -0.0054938 -7.6476e-05 -0.00272696 -0.00148837 -0.0103193 3.46692e-06
internal_weight=2.53799e+08 1.91147e+07 1.72668e+07 8.94814e+06 7.82145e+06 6.15499e+06 1.84791e+06 2.34685e+08 1.72746e+06 2.32957e+08 6.82065e+06 5.86401e+06 956638 2.26136e+08
internal_count=230189 34623 31901 7971 6824 4732 2722 195566 2762 192804 42679 37014 5665 150125
cat_boundaries=0 1
cat_threshold=16
is_linear=0
shrinkage=0.03


Tree=181
num_leaves=15
num_cat=2
split_feature=2 5 5 2 14 11 11 9 0 0 11 11 1 1
split_gain=50501.2 188607 132929 126498 97481.9 100587 95204.6 89917.2 216213 88556.6 306305 242657 110015 105853
threshold=2.5000000000000004 1.0000000180025095e-35 1.0000000180025095e-35 3.5000000000000004 0.70973154498075464 0.98931796563596863 1.1906780813946514 68.500000000000014 0 1 0.99643748933528864 0.9333166076352869 17.500000000000004 7.5000000000000009
decision_type=2 2 2 2 2 2 2 2 1 1 2 2 2 2
left_child=1 9 3 6 5 -5 -2 8 -6 11 12 -1 -11 -13
right_child=2 -3 -4 4 7 -7 -8 -9 -10 10 -12 13 -14 -15
leaf_value=-0.00052983786448012259 0.00021235708826664122 -0.0011584845611966712 0.00090671694865050018 0.00018011896817842046 0.0009434893623045975 -0.0014421778073201012 -0.0010031933007307319 1.7575776677487254e-05 -0.00092569468085412212 0.00010492554247613881 -0.00019032508561151858 -0.00030539778253319623 0.00068530109429865789 0.00023015673603774128
leaf_weight=5603898.8041399717 39339765.751525521 2162208.8047164679 1928444.8801651001 963229.69446861744 1038934.5342648029 1897208.3112061024 1379346.182248354 77053825.220448494 2453190.2128549814 13856055.527306557 53975367.951684952 4539223.2839539051 4445374.3213367462 43055939.040483236
leaf_count=5248 32221 1573 1489 943 1337 3182 1191 87390 2551 8898 31824 11593 3542 37165
internal_value=0.000102915 -0.000317722 0.000528837 0.000407407 -0.000261757 -0.00570414 0.00177808 -6.84805e-05 -0.00477688 -0.000166338 -0.000850099 0.000762627 0.00250383 0.00145786
internal_weight=2.53692e+08 1.27638e+08 1.26054e+08 1.24125e+08 8.34064e+07 2.86044e+06 4.07191e+07 8.05459e+07 3.49212e+06 1.25476e+08 7.22768e+07 5.31991e+07 1.83014e+07 4.75952e+07
internal_count=230147 99843 130304 128815 95403 4125 33412 91278 3888 98270 44264 54006 12440 48758
cat_boundaries=0 1 2
cat_threshold=138 355
is_linear=0
shrinkage=0.03


Tree=182
num_leaves=15
num_cat=2
split_feature=2 5 5 3 11 0 11 11 1 1 13 1 0 11
split_gain=51820 175739 124269 128073 132168 111719 272852 269857 152588 119800 103957 99399.5 93882.9 71578.4
threshold=2.5000000000000004 1.0000000180025095e-35 1.0000000180025095e-35 1.0000000180025095e-35 0.99953296935072145 0 0.99643748933528864 0.9333166076352869 17.500000000000004 10.500000000000002 0.91827530575951777 7.5000000000000009 1 0.96973899304761912
decision_type=2 2 2 2 2 1 2 2 2 2 2 2 1 2
left_child=1 5 3 4 -2 7 8 -1 -7 10 12 -9 -8 -10
right_child=2 -3 -4 -5 -6 6 9 11 13 -11 -12 -13 -14 -15
leaf_value=-0.00054270746154733509 0.00058547094050499392 -0.0011455652639574207 0.00087092050928324087 -2.8002218406861187e-05 8.5864695344932583e-05 4.92428286177238e-05 0.00052907608124849184 -0.00030602346322837612 0.0010137590169069749 -0.00028257570244073315 -7.51027253185719e-05 0.00024426154423574139 -0.00016990130109227519 0.00026880694998224729
leaf_weight=5597995.0600509644 8947504.6699289083 2127973.9164477587 1946211.7179199457 85109852.425228834 30101363.033191681 13844864.014930248 1778380.4819750786 4596113.5480283499 2594886.2071342468 36112113.993476868 14487108.421568036 43225604.396456003 1501697.276021719 1837608.4009284973
leaf_count=5257 6772 1553 1516 98105 23776 8946 1732 11563 1927 19283 9191 37237 1651 1595
internal_value=8.7144e-05 -0.000338826 0.000518517 0.000400609 0.00182309 -0.000193955 -0.00096387 0.000846007 0.00220351 -0.00203834 -2.15665e-05 0.00157553 0.0048011 0.00704797
internal_weight=2.53809e+08 1.27704e+08 1.26105e+08 1.24159e+08 3.90489e+07 1.25576e+08 7.21567e+07 5.34197e+07 1.82774e+07 5.38793e+07 1.77672e+07 4.78217e+07 3.28008e+06 4.43249e+06
internal_count=230104 99935 130169 128653 30548 98382 44325 54057 12468 31857 12574 48800 3383 3522
cat_boundaries=0 1 2
cat_threshold=355 20
is_linear=0
shrinkage=0.03


Tree=183
num_leaves=15
num_cat=4
split_feature=2 16 0 16 12 13 0 16 16 12 0 1 0 1
split_gain=43741.9 75041.6 80261.8 75709 66923.8 59236.5 56324.3 52318.8 45565.7 76012.5 90944 91438.8 81871.3 104043
threshold=1.0000000180025095e-35 0.060185319116737239 0 0.054077039484020338 1.0094282815670288 0.9062109863027229 1 0.033408427236835604 0.058762905724713911 0.98115963927892413 2 14.500000000000002 3 6.5000000000000009
decision_type=2 2 1 2 2 2 1 2 2 2 1 2 1 2
left_child=1 3 -3 4 7 -6 -5 -1 9 10 -2 -12 13 -11
right_child=8 2 -4 6 5 -7 -8 -9 -10 12 11 -13 -14 -15
leaf_value=-0.00035241735821849067 -0.00067638232459117154 -0.00049244600380653962 7.2498329894302247e-05 -0.00010613092922734846 -0.00093362531744136344 -0.000135845151389264 -0.00053654585108132492 0.00038842638538368225 -8.6105239979861747e-06 -0.0010518068010491335 0.00033921040311988583 0.0017635602833315327 -1.9108458049572337e-06 0.00063147789057507492
leaf_weight=1374219.898219347 1153392.8424463272 3048738.1616210938 22976935.081756592 2223828.2528076172 1388720.0027625561 4168335.2731294632 5190288.5540771484 3166556.6735534668 135998900.88102102 1134868.1410467625 4955885.349955678 2238496.8586387634 53165063.369190931 11304826.898333311
leaf_count=4722 2323 1440 11478 1851 3047 6543 2872 2080 82392 8638 6746 3648 69094 23249
internal_value=6.10619e-05 -0.000804339 0.00021732 -0.00232269 -0.000632474 -0.00284017 -0.00462473 0.00206934 0.00024052 0.000839858 0.00353617 0.00478992 0.000496771 0.0026877
internal_weight=2.53489e+08 4.35376e+07 2.60257e+07 1.75119e+07 1.00978e+07 5.55706e+06 7.41412e+06 4.54078e+06 2.09951e+08 7.39525e+07 8.34778e+06 7.19438e+06 6.56048e+07 1.24397e+07
internal_count=230123 34033 12918 21115 16392 9590 4723 6802 196090 113698 12717 10394 100981 31887
cat_boundaries=0 1 2 3 4
cat_threshold=2 99 256 162
is_linear=0
shrinkage=0.03


Tree=184
num_leaves=15
num_cat=2
split_feature=10 11 3 0 10 11 10 11 13 14 11 11 0 14
split_gain=42278.3 42000.6 200499 147379 138945 186605 130793 127958 115229 111157 89013.8 102297 86906.4 84192.5
threshold=0.68171730937635744 0.99217020718281967 1.5000000000000002 0 1.0339200468393874 0.89451372984939514 0.82120607435980486 0.9333166076352869 0.74391178448351203 1.0963560956706422 0.9569913468292458 0.9740154224333436 1 1.1108503586172571
decision_type=2 2 2 1 2 2 2 2 2 2 2 2 1 2
left_child=-1 2 3 6 5 9 -2 -7 -8 12 -9 -12 -4 -3
right_child=1 13 4 -5 -6 7 8 10 -10 -11 11 -13 -14 -15
leaf_value=-0.00064670918743599736 -0.00014997821539904676 -2.2005751977608861e-05 0.0019691036005566186 -3.907439938727702e-05 0.0018087848440332052 -0.0030454718813360394 0.00087682193975322973 0.00091523455688517416 0.000346733718937217 -0.0025381528288384234 -0.0021362877106180143 -0.00025900757777425016 0.0002824178900599 0.00064227670335391905
leaf_weight=1207668.1274628639 4488497.7820601463 192366082.80033052 849506.3824596405 15825036.777430773 830761.07932388783 2410437.4984153509 2505503.511252284 1050132.4298936129 18424361.414343953 688191.03834009171 1831425.5600064993 2597703.1170204878 1512013.4334093332 6804186.0409713984
leaf_count=933 4008 160113 831 13378 1447 2629 2006 1730 13470 1366 2756 4009 2262 18962
internal_value=7.0854e-05 9.76703e-05 0.000848099 0.00183369 -0.00260548 -0.00350372 0.0032487 -0.00593977 0.00424527 0.0027984 -0.00340574 -0.00526762 0.00589025 -0.000102073
internal_weight=2.53392e+08 2.52184e+08 5.30136e+07 4.12434e+07 1.17702e+07 1.09394e+07 2.54184e+07 7.8897e+06 2.09299e+07 3.04971e+06 5.47926e+06 4.42913e+06 2.36152e+06 1.9917e+08
internal_count=229900 228967 49892 32862 17030 15583 19484 11124 15476 4459 8495 6765 3093 179075
cat_boundaries=0 1 2
cat_threshold=155 21
is_linear=0
shrinkage=0.03


Tree=185
num_leaves=15
num_cat=5
split_feature=16 14 0 0 12 9 9 0 0 12 12 12 3 0
split_gain=46307.8 117345 117416 110966 101904 99249.7 222462 302448 142411 159682 309472 171821 161470 140464
threshold=0.053521434381979857 0.82429078277395884 0 1 1.024112885485482 82.500000000000014 74.500000000000014 2 3 1.0175172891964588 1.0296685703366102 0.99984781307094417 1.5000000000000002 4
decision_type=2 2 1 1 2 2 2 1 1 2 2 2 2 1
left_child=1 3 4 -1 -3 6 7 -2 9 11 -11 12 -7 -8
right_child=5 2 -4 -5 -6 8 13 -9 -10 10 -12 -13 -14 -15
leaf_value=-0.0016116501650722947 0.00065607487554154235 0.00089451954198825384 9.0212818700954903e-06 -0.001273577340187283 9.8943139973983418e-05 -0.00011980549781821606 0.00075651681758788524 -0.00024557250485765053 1.5287069553166379e-05 -0.0011275471617956062 -0.00018128024922470313 0.00025042508536615661 -0.001427735703849389 0.00020279483916068374
leaf_weight=1090702.2318469286 4380633.1626609564 9436144.7827507257 31693815.255630374 1791862.4691522121 8135082.4949908257 14922937.910888672 3970474.4966430664 11984562.771392822 120668301.21807861 6517020.290802002 15183918.124560595 15060942.269377589 3504482.0875244141 5139147.8918117285
leaf_count=4201 3007 22068 56289 6929 19672 8683 2628 6747 68984 3474 10989 9033 3934 3330
internal_value=4.70042e-05 0.000843743 0.00118798 -0.00503948 0.00315497 -0.000159361 0.0015907 -0.000500918 -0.000412876 -0.00167523 -0.00367984 -0.000376215 -0.00231892 0.00534825
internal_weight=2.5348e+08 5.21476e+07 4.9265e+07 2.88256e+06 1.75712e+07 2.01332e+08 2.54748e+07 1.63652e+07 1.75858e+08 5.51893e+07 2.17009e+07 3.34884e+07 1.84274e+07 9.10962e+06
internal_count=229968 109159 98029 11130 41740 120809 15712 9754 105097 36113 14463 21650 12617 5958
cat_boundaries=0 1 2 3 4 5
cat_threshold=170 340 392 392 178
is_linear=0
shrinkage=0.03


Tree=186
num_leaves=15
num_cat=3
split_feature=2 11 16 16 0 11 1 0 14 11 0 3 11 1
split_gain=39045.5 76854 69581.2 63373.9 61482 56362.2 219453 125887 126858 94760.9 82819.4 73914.9 207835 69075
threshold=1.0000000180025095e-35 1.1901084494770153 0.060185319116737239 0.054077039484020338 0 0.9569913468292458 18.500000000000004 1 1.0744089602257154 0.9333166076352869 2 1.5000000000000002 0.92167517421559297 11.500000000000002
decision_type=2 2 2 2 1 2 2 1 2 2 1 2 2 2
left_child=1 2 3 -1 -4 6 7 9 13 11 -8 -2 -13 -9
right_child=5 -3 4 -5 -6 -7 10 8 -10 -11 -12 12 -14 -15
leaf_value=-4.3346440526480076e-05 0.0002688105733068469 -0.00097792056499888358 -0.00035535554487182953 -0.00036674698531332305 0.00010587255032139976 2.9981182391601362e-06 -8.9646919086813453e-05 0.00030285466838948728 -0.0013651751203843134 0.00021994316687884308 0.0014724867499899103 0.0013252545010603225 -0.0044469888219756211 -0.00030980381723774811
leaf_weight=9764617.3938581944 4603324.7229244709 1535181.7382861376 4605496.8184814453 6990924.9276733398 20516548.279785156 184281988.64979625 826872.87042236328 4690889.4261771441 1576641.9693410397 2365729.7507178783 3124413.4381651878 1023550.3797867298 1006670.0329566002 6333714.9713745117
leaf_count=15673 3004 1327 3960 4429 8547 171579 1328 4428 2735 2297 4408 1367 766 3862
internal_value=4.47917e-05 -0.00077417 -0.000532494 -0.00202985 0.00046619 0.000214228 0.00153464 0.000345535 -0.00158989 0.00305561 0.0080351 0.00121721 -0.00355126 -0.000451584
internal_weight=2.53247e+08 4.34128e+07 4.18776e+07 1.67555e+07 2.5122e+07 2.09834e+08 2.55518e+07 2.16005e+07 1.26012e+07 8.99927e+06 3.95129e+06 6.63355e+06 2.03022e+06 1.10246e+07
internal_count=229710 33936 32609 20102 12507 195774 24195 18459 11025 7434 5736 5137 2133 8290
cat_boundaries=0 1 2 3
cat_threshold=162 147 258
is_linear=0
shrinkage=0.03


Tree=187
num_leaves=15
num_cat=2
split_feature=10 11 3 0 1 10 12 2 12 0 2 11 12 11
split_gain=42437.9 53912.1 203131 151548 169496 148335 123343 126334 108356 111823 141335 131210 216446 127520
threshold=0.68171730937635744 0.99217020718281967 1.5000000000000002 0 17.500000000000004 0.83310007439074751 1.019141366626745 4.5000000000000009 0.99493778713559811 1 4.5000000000000009 1.0142450752632377 1.0112998619576685 1.0201167971050777
decision_type=2 2 2 1 2 2 2 2 2 1 2 2 2 2
left_child=-1 2 3 -2 5 -5 7 -4 -3 11 13 12 -10 -11
right_child=1 8 6 4 -6 -7 -8 -9 9 10 -12 -13 -14 -15
leaf_value=-0.00076466471882055177 -0.0001650819502199882 -0.00028057527963685662 -0.0025328447608931556 -0.00029907601929971884 0.00072040884628835175 0.00026998411045737509 -0.0017353427530198988 5.9760289258932532e-05 6.0782931088927965e-05 4.5984114548216926e-05 0.0002039399143187167 0.00016218955865908552 -0.0011987519701099441 -0.00017574466425873117
leaf_weight=1272502.7052512169 9309139.0266658068 15701196.508247256 1280902.5704581738 5073874.3739651442 7599871.2323474884 19531742.380144358 2361628.9329209328 8029948.6724954844 9805272.0475684404 26088606.690597177 17288301.024917006 75072447.398171544 3814695.1165832281 51380855.060058355
leaf_count=972 9428 13403 1841 3613 6692 13311 3798 11413 9334 15790 19029 82160 3873 35229
internal_value=4.59809e-05 7.35392e-05 0.000922057 0.00190513 0.00287964 0.0016701 -0.00257437 -0.00102124 -0.000153073 5.16481e-05 -0.00066493 0.00081723 -0.0018918 -0.00121226
internal_weight=2.53611e+08 2.52338e+08 5.31871e+07 4.15146e+07 3.22055e+07 2.46056e+07 1.16725e+07 9.31085e+06 1.99151e+08 1.8345e+08 9.47578e+07 8.86924e+07 1.362e+07 7.74695e+07
internal_count=229886 228914 50096 33044 23616 16924 17052 13254 178818 165415 70048 95367 13207 51019
cat_boundaries=0 1 2
cat_threshold=352 358
is_linear=0
shrinkage=0.03


Tree=188
num_leaves=15
num_cat=2
split_feature=9 4 2 14 2 14 13 11 16 11 0 0 9 2
split_gain=44666.7 34787.9 264704 179153 148617 81665.8 57323.1 123977 65842 45394.3 184136 90879.5 104188 86506.8
threshold=62.500000000000007 1.0000000180025095e-35 4.5000000000000009 1.4894901571766581 5.5000000000000009 2.646106140762714 1.275313048505496 1.1010820262994694 0.056231783736978881 0.99217020718281967 0 1 84.500000000000014 4.5000000000000009
decision_type=2 2 2 2 2 2 2 2 2 2 1 1 2 2
left_child=-1 6 3 -3 -4 -5 9 -8 -9 10 -2 12 -11 -12
right_child=1 2 4 5 -6 -7 7 8 -10 11 13 -13 -14 -15
leaf_value=-0.00047258393014069249 -0.00027499883572197381 -0.0040606110780637208 0.0038898435412912042 -0.0013043776265150059 -0.0002920764230711661 0.0031763206249997358 0.0016379903547719408 0.0011877549491101625 -0.00074475263571977055 -0.00032648252931326348 0.00024883987260651476 -4.0404131941993316e-05 0.0003317293481446461 -0.00020629589201422345
leaf_weight=1692007.8552891016 11567467.670575142 1249123.4492441416 872723.89989066124 1599386.4450190067 748442.90641653538 568338.1187428236 2573156.8373656273 546420.82270824909 1068005.9174571037 4016545.9986875057 32269888.070975065 167418899.61352754 19485517.3940593 7824976.1983281374
leaf_count=1349 12960 1802 1371 2229 1177 1601 10522 2642 829 6091 22614 124334 31040 9540
internal_value=3.47599e-05 6.74029e-05 -0.00240044 -0.0071371 0.00758278 -0.00192249 0.000117786 0.00359785 -0.00291893 5.77111e-05 0.000846628 -0.000155766 0.00159117 0.00180864
internal_weight=2.53501e+08 2.51809e+08 5.03801e+06 3.41685e+06 1.62117e+06 2.16772e+06 2.46771e+08 4.18758e+06 1.61443e+06 2.42583e+08 5.16623e+07 1.90921e+08 2.35021e+07 4.00949e+07
internal_count=230101 228752 8180 5632 2548 3830 220572 13993 3471 206579 45114 161465 37131 32154
cat_boundaries=0 1 2
cat_threshold=352 96
is_linear=0
shrinkage=0.03


Tree=189
num_leaves=15
num_cat=0
split_feature=9 2 5 5 3 16 1 14 10 16 14 3 16 14
split_gain=39674.7 42006.7 181356 115459 124546 99411.3 97324 131168 90065.4 83814.4 75178.4 92650.4 73703.3 140917
threshold=62.500000000000007 2.5000000000000004 1.0000000180025095e-35 1.0000000180025095e-35 1.0000000180025095e-35 0.087445513065073616 7.5000000000000009 0.85973408525515194 1.1419459761965169 0.053356818994415696 0.70973154498075464 1.5000000000000002 0.076603777319970187 0.80921779155480411
decision_type=2 2 2 2 2 2 2 2 2 2 2 2 2 2
left_child=-1 2 8 4 6 10 7 -3 12 -8 11 -6 13 -2
right_child=1 3 -4 -5 5 -7 9 -9 -10 -11 -12 -13 -14 -15
leaf_value=-0.00039518133274160996 -0.00067522975368311078 0.0010890715725872309 -0.001094191124939115 0.00088487837593678731 -1.5107290279333466e-05 -0.00041445735015118514 0.00080505818921546067 -0.00044561571394767898 0.0002266242372334437 0.00015681872726743784 2.249551044532296e-05 -0.0022823258629872866 7.2556846892437595e-05 -5.8537430462316629e-05
leaf_weight=1760867.6455794573 4863758.1013003588 596543.43348896503 2131660.5322673321 1946755.5327395201 1467761.4362689257 7129789.8868031502 5941908.4462332726 3497425.5674939156 17242407.171251416 28705789.766235352 73721608.215450883 1090465.0010684729 30447532.298950195 73362046.773300409
leaf_count=1394 6183 1361 1534 1495 1550 5467 7806 6049 16413 15201 87384 2399 12532 63508
internal_value=5.07123e-05 8.20509e-05 -0.000299149 0.000475382 0.000359861 -0.000292995 0.00176544 -0.00260884 -0.000152249 0.00228231 2.36439e-05 -0.00503217 -0.000471842 -0.000959263
internal_weight=2.53906e+08 2.52145e+08 1.28047e+08 1.24098e+08 1.22151e+08 8.34096e+07 3.87417e+07 4.09397e+06 1.25916e+08 3.46477e+07 7.62798e+07 2.55823e+06 1.08673e+08 7.82258e+07
internal_count=230276 228882 100170 128712 127217 96800 30417 7410 98636 23007 91333 3949 82223 69691
is_linear=0
shrinkage=0.03


Tree=190
num_leaves=15
num_cat=3
split_feature=0 1 1 12 12 11 11 0 16 12 3 0 1 1
split_gain=37888 134404 106293 101151 216121 216568 142822 252551 165885 144579 167900 122871 148908 116663
threshold=0 9.5000000000000018 6.5000000000000009 1.0598131614188067 1.0213035412072564 1.019207512660228 1.0142450752632377 1 0.08995274063160387 0.99549366363837055 1.5000000000000002 2 17.500000000000004 16.500000000000004
decision_type=1 2 2 2 2 2 2 1 2 2 2 1 2 2
left_child=2 -2 -1 4 6 -6 7 -3 -9 10 -8 12 -7 -13
right_child=1 3 -4 -5 5 11 9 8 -10 -11 -12 13 -14 -15
leaf_value=-0.00050550697292749472 0.00014804506649481125 0.00019307240996793186 4.7234223659449605e-05 0.00024856033081418458 0.00016269476082452866 7.386774638715914e-05 7.3961569649651186e-05 -0.00043146087313531128 -0.0017320391384691048 0.00036007090973180507 -0.0025392804177344387 -0.0014535041730023674 -0.0015967670362452982 -0.00067481776694644827
leaf_weight=4509301.1120511293 29456819.874761939 13846027.396727562 133685551.0537138 12095948.824171901 4195915.1051566601 3985583.5249109268 3688358.8255319595 18508247.174468994 1407812.7729492188 16342025.138207555 1649644.2604322433 4702117.6578979492 1935647.2506051064 3398422.5324068069
leaf_count=23759 35348 12822 103080 11013 3696 2177 2497 13712 520 11814 1548 3147 1654 3129
internal_value=3.477e-05 -0.000366982 0.00036971 -0.000967518 -0.00138504 -0.00421987 -0.000453543 -0.00167369 -0.00383712 0.00144659 -0.00283997 -0.00600917 -0.00272446 -0.00841018
internal_weight=2.53407e+08 1.15213e+08 1.38195e+08 8.57558e+07 7.36598e+07 1.82177e+07 5.54421e+07 3.37621e+07 1.99161e+07 2.168e+07 5.338e+06 1.40218e+07 5.92123e+06 8.10054e+06
internal_count=229916 103077 126839 67729 56716 13803 42913 27054 14232 15859 4045 10107 3831 6276
cat_boundaries=0 1 2 3
cat_threshold=115 136 260
is_linear=0
shrinkage=0.03


Tree=191
num_leaves=15
num_cat=5
split_feature=11 0 12 1 0 11 12 0 14 0 1 0 12 16
split_gain=40825.8 202334 201123 239684 191330 194255 268173 127561 130902 124477 237370 116646 112493 106164
threshold=1.0256949624400986 0 1.0104869764896158 18.500000000000004 1 1.0164468161792957 1.0081207388974922 2 1.0174817682842783 3 9.5000000000000018 4 1.0048876901737636 0.041059285419687973
decision_type=2 1 2 2 1 2 2 1 2 1 2 1 2 2
left_child=4 13 7 -4 -1 6 9 -3 -9 10 -6 -5 -10 -2
right_child=1 2 3 11 5 -7 -8 8 12 -11 -12 -13 -14 -15
leaf_value=0.00012891345936886093 0.00048082508892209163 -0.00082562127443305518 0.00014074688136194894 -0.00061448804257378841 0.0005781872644394434 0.00041630715837773669 -0.00085570229593245049 -0.00017069599029066659 0.005072672880005377 0.0001431336737155539 -0.00072746960434185717 -0.000217283996224723 -0.00029777011156134094 -0.0004467146932452975
leaf_weight=81250394.687847376 3018933.4207587242 4956914.3538227081 75302214.549539447 2951272.3012390137 2850893.7668008804 7856557.9720100164 9018830.0301319361 8420160.262975812 591217.43144953251 14481780.297047615 8574885.1623306274 10382004.030981064 606892.77086400986 23189183.385345459
leaf_count=62780 9084 4800 65802 1857 4195 7841 8997 6081 1398 14658 7565 18659 812 15548
internal_value=4.62377e-05 -0.000326507 0.000271234 0.000808258 0.000435167 -0.00118859 -0.00214735 -0.00299455 -0.000979749 -0.000596345 -0.00293745 -0.00289917 0.00829832 -0.00268048
internal_weight=2.53452e+08 1.29419e+08 1.03211e+08 8.86355e+07 1.24033e+08 4.27829e+07 3.49264e+07 1.45752e+07 9.61827e+06 2.59076e+07 1.14258e+07 1.33333e+07 1.19811e+06 2.62081e+07
internal_count=230077 124041 99409 86318 106036 43256 35415 13091 8291 26418 11760 20516 2210 24632
cat_boundaries=0 1 2 3 4 5
cat_threshold=136 155 5 256 16
is_linear=0
shrinkage=0.03


Tree=192
num_leaves=15
num_cat=0
split_feature=2 14 9 12 2 9 9 9 2 10 12 12 13 10
split_gain=38463.4 68068.2 62733.9 67282.3 70455.7 58821.6 113417 136880 64666.4 58105.6 54173.8 50471.2 134464 129185
threshold=1.0000000180025095e-35 0.68578448120145119 68.500000000000014 0.9931501175091878 3.5000000000000004 82.500000000000014 74.500000000000014 71.500000000000014 1.5000000000000002 0.97017296776822393 1.0048876901737636 1.019141366626745 0.56770116993704289 1.0389604186223813
decision_type=2 2 2 2 2 2 2 2 2 2 2 2 2 2
left_child=1 -1 3 -2 -5 6 7 -4 -8 -3 -11 -7 -13 -14
right_child=2 9 5 4 -6 11 8 -9 -10 10 -12 12 13 -15
leaf_value=-0.0010144711799829579 0.00045519693734986873 -0.00029693018219785738 0.00018749308193292309 -0.00010774367479550715 -0.00069820807786390919 6.1789176907139925e-05 0.00065625775260828899 -0.0005030875030828455 0.000304479863584153 0.00016750245222694744 -9.6821696843989183e-05 0.0012338426465968119 -0.00037305812235339191 3.3323276475028029e-06
leaf_weight=1285216.3792150021 1098590.1828833818 6221368.9080663919 5411189.5564551353 4797582.5465403795 3036497.8189475536 104087165.51259267 1681574.9121096134 2755496.4667955637 8229003.9651945829 11345741.086046338 24413635.109109521 1100754.4832177162 16831399.937685013 61170920.126142263
leaf_count=1697 1010 5003 4260 3748 3474 93105 1346 2795 8518 7750 19557 2767 17981 57085
internal_value=-2.02943e-06 -0.0008166 0.000165635 -0.00229446 -0.00326946 0.00027482 0.00190745 -0.000710253 0.00406453 -0.000608399 -0.000142863 0.000113711 -0.000457496 -0.000604429
internal_weight=2.53466e+08 4.3266e+07 2.102e+08 8.93267e+06 7.83408e+06 2.01268e+08 1.80773e+07 8.16669e+06 9.91058e+06 4.19807e+07 3.57594e+07 1.8319e+08 7.91031e+07 7.80023e+07
internal_count=230096 34007 196089 8232 7222 187857 16919 7055 9864 32310 27307 170938 77833 75066
is_linear=0
shrinkage=0.03


Tree=193
num_leaves=15
num_cat=3
split_feature=13 3 14 11 1 16 11 1 1 0 14 0 0 16
split_gain=53658.1 119087 219848 61757.3 49168.8 45960.2 96857.1 141355 149977 130449 106800 108863 97860.6 86619.2
threshold=0.54078925851391635 1.5000000000000002 0.84147441079431173 0.88002456839183818 9.5000000000000018 0.053521434381979857 0.9569913468292458 13.500000000000002 6.5000000000000009 0 0.82429078277395884 1 2 0.040024316593599417
decision_type=2 2 2 2 2 2 2 2 2 1 2 1 1 2
left_child=1 3 -3 -1 -5 6 12 8 9 -8 -9 -12 -2 -13
right_child=5 2 -4 4 -6 -7 7 10 -10 -11 11 13 -14 -15
leaf_value=0.00012705704035912492 0.0011460471199446578 -0.0054186749450036726 0.00096090792957492961 -0.034269300868441148 0.00075594379616028985 -2.808726619819183e-05 -0.0011803894008753011 -0.0011373416965721086 0.00042601424928380828 5.7945576389104077e-05 -0.00050028806996273232 0.00047365034572890269 -0.00032980991448262859 -0.00037076446783281886
leaf_weight=1990757.6962324381 3846953.6922578812 882852.42677509785 715790.37028038502 662540.46400153637 1346218.3325107098 196772880.89000201 2149016.2681818008 963518.71029019356 16446681.821178436 5785525.2033975124 8883593.2239279747 7685039.3156864643 1538023.9857368469 4081097.3622090816
leaf_count=1621 7057 1649 2139 3726 1486 117679 12185 2177 16607 22362 11880 20319 4468 4680
internal_value=-1.31322e-05 0.00289137 -0.00402947 0.0056577 0.00936883 -7.8656e-05 0.000720333 0.000274645 0.00184051 -0.00154703 -0.00149176 -0.00103623 0.00452707 0.000856469
internal_weight=2.5375e+08 5.59816e+06 1.59864e+06 3.99952e+06 2.00876e+06 2.48152e+08 5.13794e+07 4.59945e+07 2.43812e+07 7.93454e+06 2.16132e+07 2.06497e+07 5.38498e+06 1.17661e+07
internal_count=230035 10621 3788 6833 5212 219414 101735 90210 51154 34547 39056 36879 11525 24999
cat_boundaries=0 1 2 3
cat_threshold=67 148 220
is_linear=0
shrinkage=0.03


Tree=194
num_leaves=15
num_cat=2
split_feature=13 12 11 13 16 12 9 1 0 9 1 16 0 3
split_gain=73916.1 223473 125551 95448 45899.9 117435 108468 318734 173081 203618 130325 191746 206353 121072
threshold=0.54078925851391635 0.99947707111996298 0.92167517421559297 0.33722492917240238 0.05393807821676181 0.98115963927892413 89.500000000000014 18.500000000000004 0 63.500000000000007 16.500000000000004 0.081083792322249923 1 1.0000000180025095e-35
decision_type=2 2 2 2 2 2 2 2 1 2 2 2 1 2
left_child=1 2 -1 -3 5 -2 7 8 -6 -10 -8 12 -12 -11
right_child=4 3 -4 -5 6 -7 10 -9 9 13 11 -13 -14 -15
leaf_value=0.00029220735780648036 0.00066727480333124748 0.0036504283558948599 -0.0024914547300932603 0.00075326744933669064 -8.1609407095233362e-05 3.2560230779516015e-05 -0.00011766970822576111 -0.00091135527512307545 -0.00075111614726995016 0.00021104780749849877 0.00045979869754707813 -0.00011763694622889981 -0.00021632978309232386 0.00087009554793819784
leaf_weight=2643029.5482158661 5780374.3094336987 556599.14740073681 1245836.4507261515 1131308.6345490217 10493416.707641602 50386215.415968299 113203423.47702312 2685258.5566959381 1717456.216583252 11974089.080871582 15607505.187545776 23863388.874786377 6864237.4373378754 5890241.310608387
leaf_count=2666 10801 3706 2031 2204 6317 93569 69580 1819 913 6498 8836 10225 6558 4391
internal_value=4.65714e-05 0.00346227 -0.000494179 0.0125777 -3.00934e-05 0.000724379 -0.000250459 0.00132186 0.00220606 0.00387205 -0.000573327 0.000766895 0.00275563 0.00482059
internal_weight=2.54042e+08 5.57677e+06 3.88887e+06 1.68791e+06 2.48466e+08 5.61666e+07 1.92299e+08 3.27605e+07 3.00752e+07 1.95818e+07 1.59539e+08 4.63351e+07 2.24717e+07 1.78643e+07
internal_count=230114 10607 4697 5910 219507 104370 115137 19938 18119 11802 95199 25619 15394 10889
cat_boundaries=0 1 2
cat_threshold=70 61
is_linear=0
shrinkage=0.03


Tree=195
num_leaves=15
num_cat=0
split_feature=13 12 11 13 10 10 11 10 12 9 16 2 9 10
split_gain=57045.6 208237 114049 95552.2 54119.7 56011.5 126331 113112 101082 239227 128575 81790 78503.4 73493.2
threshold=0.54078925851391635 0.99947707111996298 0.92167517421559297 0.33722492917240238 1.311423601463038 1.0389604186223813 0.9847744481008941 1.0428102923176461 1.0182782321369752 89.500000000000014 0.053786432273626665 2.5000000000000004 72.500000000000014 1.0434611972545575
decision_type=2 2 2 2 2 2 2 2 2 2 2 2 2 2
left_child=1 2 -1 -3 5 8 11 12 -2 -10 -11 -7 -8 -9
right_child=4 3 -4 -5 -6 6 7 13 9 10 -12 -13 -14 -15
leaf_value=0.00021679668970096233 3.6011581055805393e-06 0.0034997379686550548 -0.010987587800925762 0.00075593492156934578 -0.00051301277937225865 0.00018087382977478096 -0.00028738380512603821 -0.00090058128403550238 0.00026064462215481278 0.00013649144321259201 -0.00062346846833937744 0.0012419066129948364 0.0003347426099700929 1.6573254753638895e-05
leaf_weight=2600180.14168787 104357300.41208816 523252.75091612339 1202135.9488273859 1128220.7249861956 4857354.5842468739 1490146.0592881441 1530616.3230619431 1211736.241589427 6435538.2859882116 4174029.1997411251 15300665.004272461 1561388.569464922 8741816.8972421885 98611510.583450317
leaf_count=2624 83666 3626 2026 2220 4182 1328 1006 946 5526 9958 10859 1883 6251 93786
internal_value=5.79634e-05 0.00309301 -0.000770329 0.0119879 -8.70736e-06 5.38619e-05 0.000542157 0.000375268 -0.000370259 -0.00204739 -0.00370449 0.00656331 0.00337284 6.6799e-05
internal_weight=2.53726e+08 5.45379e+06 3.80232e+06 1.65147e+06 2.48272e+08 2.43415e+08 1.13147e+08 1.10096e+08 1.30268e+08 2.59102e+07 1.94747e+07 3.05153e+06 1.02724e+07 9.98232e+07
internal_count=229887 10496 4650 5846 219391 215209 105200 101989 110009 26343 20817 3211 7257 94732
is_linear=0
shrinkage=0.03


Tree=196
num_leaves=15
num_cat=1
split_feature=10 12 0 16 3 12 3 10 14 1 10 1 12 10
split_gain=35363.3 84732.9 119203 95522.2 82266.1 62407.7 58203.8 102342 52167.5 43146.4 41614.7 148495 180548 137039
threshold=1.2095953772569914 1.1153931218449846 0 0.082548718854359174 1.0000000180025095e-35 1.1108806325759313 1.5000000000000002 1.311423601463038 0.65200648454514376 16.500000000000004 1.0389604186223813 19.500000000000004 0.9931501175091878 1.0428102923176461
decision_type=2 2 1 2 2 2 2 2 2 2 2 2 2 2
left_child=1 5 4 9 -3 10 8 -8 -2 -4 -1 13 -13 -12
right_child=6 2 3 -5 -6 -7 7 -9 -10 -11 11 12 -14 -15
leaf_value=-2.4172884012440806e-05 0.0006460034189509665 0.001484919204663327 0.00011776829189790765 -0.00063467815777294397 0.00010656504818880057 -0.0003466016889482719 -0.00010240588058661196 -0.0025035484301611159 -0.00021262089620301046 0.00075599202867646239 0.00033204360456288274 0.0018777932659204551 -0.00076159259574210328 5.3578332124944078e-05
leaf_weight=135528637.07757521 1916357.05816257 1854242.0599352121 4362127.7763749361 1584794.185546875 1005826.4696743488 2255483.2456846237 1389854.4074472189 901194.30317115784 8373341.6645914316 1667793.6003894806 9259862.1374932528 939105.17435407639 7333177.8901324272 75199391.158210516
leaf_count=116846 1415 2087 4307 782 1575 984 2915 1240 8925 2043 6018 1791 14728 64117
internal_value=7.50073e-05 0.000155954 0.00279487 0.000833515 0.00801679 3.60403e-05 -0.00147557 -0.00579999 -0.00051272 0.00255609 8.51079e-05 0.000574809 -0.00326115 0.000950519
internal_weight=2.53571e+08 2.4099e+08 1.04748e+07 7.61472e+06 2.86007e+06 2.30516e+08 1.25807e+07 2.29105e+06 1.02897e+07 6.02992e+06 2.2826e+08 9.27315e+07 8.27228e+06 8.44593e+07
internal_count=229773 215278 10794 7132 3662 204484 14495 4155 10340 6350 203500 86654 16519 70135
cat_boundaries=0 1
cat_threshold=98
is_linear=0
shrinkage=0.03


Tree=197
num_leaves=15
num_cat=3
split_feature=13 12 13 11 10 1 11 12 11 0 0 1 12 0
split_gain=63273.4 238161 90678.2 86586.8 61778.9 81006.3 65633.4 86209.9 64014.4 54060.2 48376.4 46607.8 45971.9 108275
threshold=0.54078925851391635 0.99947707111996298 0.33722492917240238 0.92167517421559297 0.79976984507662452 18.500000000000004 0.90644793995258399 0.97001371905166367 0.82067536127917817 0 1 13.500000000000002 0.9608647852025366 2
decision_type=2 2 2 2 2 2 2 2 2 1 1 2 2 1
left_child=1 3 -3 9 5 8 7 -6 -2 -1 -7 -10 13 -8
right_child=4 2 -4 -5 6 10 12 -9 11 -11 -12 -13 -14 -15
leaf_value=-0.00017181658488776876 4.3015524554314611e-05 0.0034434969876983514 0.00072591206642114408 -0.0020975969687939589 3.0917111921694354e-05 0.0013376382085464424 0.00083733425772918718 0.00065297218814834254 -0.00035574482266496524 0.00071565434254460263 -0.00015167675593010888 -0.0010540019582980526 -1.3298993537612937e-05 6.2153305369304495e-05
leaf_weight=1457021.567309618 2099994.6039147377 568729.34159827232 1142883.6788482666 1232318.7226834297 4361519.3906209469 566625.71116065979 1551667.5710895061 2539866.2067433596 2605741.4092955589 1090181.8812834024 615757.26375484467 1933940.1507873535 226059806.68774164 5553255.9164038897
leaf_count=1172 2190 3703 2247 2023 3955 874 1572 1616 2840 1433 1256 1322 198842 4351
internal_value=1.4458e-05 0.0031997 0.0124838 -0.00100475 -5.61005e-05 -0.00267982 2.93881e-05 0.00291263 -0.00396815 0.00215358 0.00455477 -0.00597162 -5.59524e-05 0.00232017
internal_weight=2.53379e+08 5.49114e+06 1.71161e+06 3.77952e+06 2.47888e+08 7.82206e+06 2.40066e+08 6.90139e+06 6.63968e+06 2.5472e+06 1.18238e+06 4.53968e+06 2.33165e+08 7.10492e+06
internal_count=229396 10578 5950 4628 218818 8482 210336 5571 6352 2605 2130 4162 204765 5923
cat_boundaries=0 1 2 3
cat_threshold=91 77 242
is_linear=0
shrinkage=0.03


Tree=198
num_leaves=15
num_cat=2
split_feature=13 12 13 11 0 9 16 14 9 16 16 2 5 0
split_gain=46150.2 177438 119790 105602 45996.6 43722.1 48587.5 126098 69368.2 223440 242679 78800.2 102704 90125.2
threshold=0.54078925851391635 0.99947707111996298 0.33722492917240238 0.92167517421559297 0 62.500000000000007 0.087445513065073616 0.84147441079431173 66.500000000000014 0.063017502112994797 0.049763224875981803 2.5000000000000004 1.0000000180025095e-35 1
decision_type=2 2 2 2 1 2 2 2 2 2 2 2 2 1
left_child=1 3 -3 -1 -4 -2 8 -8 9 10 -7 13 -13 -10
right_child=5 2 4 -5 -6 6 7 -9 11 -11 -12 12 -14 -15
leaf_value=0.00020060213211008963 -0.0005288002872315317 0.0033306101899366041 0.0011342294216321047 -0.0022717442929365578 -6.1965725196030607e-05 -0.00059942541979517074 0.00023492939359340343 -0.00015318886096554399 6.6129315704664427e-05 -0.00026275626805269598 0.0013673425483059607 6.0444930976084166e-05 0.0011305063993628027 -0.00011286945401209151
leaf_weight=2659071.460865736 1674752.6748541594 548373.790776968 550733.89298474789 1229240.1027413607 545970.37717962265 909215.92102456093 4219660.926074028 30978122.321220398 41727940.73806572 2671975.086151123 2444568.6790771484 102814110.0181905 1779756.4269278049 58687474.587031245
leaf_count=2667 1319 3699 1233 2019 966 2112 2078 14290 45710 1390 1580 110963 1404 38476
internal_value=2.20921e-05 0.00273178 0.010991 -0.000762538 0.00526651 -3.83892e-05 -5.53205e-06 -0.00103741 0.000166572 0.0033391 0.00849547 7.3323e-05 0.000649619 -0.000526953
internal_weight=2.53441e+08 5.53339e+06 1.64508e+06 3.88831e+06 1.0967e+06 2.47908e+08 2.46233e+08 3.51978e+07 2.11035e+08 6.02576e+06 3.35378e+06 2.05009e+08 1.04594e+08 1.00415e+08
internal_count=229906 10584 5898 4686 2199 219322 218003 16368 201635 5082 3692 196553 112367 84186
cat_boundaries=0 1 2
cat_threshold=139 355
is_linear=0
shrinkage=0.03


Tree=199
num_leaves=15
num_cat=2
split_feature=13 12 13 11 10 1 11 12 0 11 12 0 12 2
split_gain=63040.9 181683 102447 90772.1 53090.8 74477.2 74396.8 58083.8 43382.4 43306.3 72986.9 125180 57047.9 50643.8
threshold=0.54078925851391635 0.99947707111996298 0.33722492917240238 0.92167517421559297 0.79976984507662452 18.500000000000004 0.90644793995258399 0.97001371905166367 0 1.1902710751006842 1.1215458779551306 1 1.1108806325759313 1.5000000000000002
decision_type=2 2 2 2 2 2 2 2 1 2 2 1 2 2
left_child=1 3 -3 -1 5 -2 7 -6 -7 10 12 -12 -8 -13
right_child=4 2 -4 -5 6 8 9 -9 -10 -11 11 13 -14 -15
leaf_value=0.00025501316724090586 -0.00037896718806275956 0.0032675686959854552 0.00056273189673674564 -0.0019666352740363813 0.000119794360323407 0.0012967967529994124 -1.9632013269936332e-06 0.00062291553785717637 -0.00014502272411251886 -0.00031443152873852903 0.0016721679113430091 -0.00032124474911114165 -0.00032603309448748157 0.00039155801888402945
leaf_weight=2608153.1246757507 6574161.6297535896 578632.70761692524 1163344.7381653786 1193846.2957452536 4291960.1644947529 564918.63881874084 213417903.33208811 2562152.2270137072 622552.83689117432 8082516.2919925451 1313441.3393973112 2561077.8125435114 2677273.1067848206 5139707.4996236563
leaf_count=2679 6281 3667 2255 2016 3955 880 186302 1628 1275 8048 2218 2033 1427 4946
internal_value=3.47568e-05 0.00319862 0.0112219 -0.000477447 -3.60254e-05 -0.00247802 4.29339e-05 0.00312351 0.00443655 -4.76123e-05 2.98547e-05 0.00267473 -8.0474e-05 0.00121469
internal_weight=2.53352e+08 5.54398e+06 1.74198e+06 3.802e+06 2.47808e+08 7.76163e+06 2.40046e+08 6.85411e+06 1.18747e+06 2.33192e+08 2.25109e+08 9.01423e+06 2.16095e+08 7.70079e+06
internal_count=229610 10617 5922 4695 218993 8436 210557 5583 2155 204974 196926 9197 187729 6979
cat_boundaries=0 1 2
cat_threshold=77 96
is_linear=0
shrinkage=0.03


Tree=200
num_leaves=15
num_cat=2
split_feature=9 10 13 3 14 12 0 10 10 0 12 14 10 9
split_gain=34155 33570.2 37675.2 129903 188274 122830 44952.4 33677 181844 124135 181485 123323 151580 160507
threshold=62.500000000000007 0.68171730937635744 0.58921576065633674 1.5000000000000002 0.84920864226268733 1.0253180588473227 0 1.0377336508874493 1.0363308762909964 1 1.0097365641906493 0.80921779155480411 0.83310007439074751 65.500000000000014
decision_type=2 2 2 2 2 2 1 2 2 1 2 2 2 2
left_child=-1 -2 3 5 -5 6 -3 8 9 10 11 -4 -13 -14
right_child=1 2 7 4 -6 -7 -8 -9 -10 -11 -12 12 13 -15
leaf_value=-0.00041487857794392826 -0.00072852902893114112 0.00054420139564677892 -0.00099416791100841997 -0.0029221932633123017 0.00036659992808148867 0.0017532598762590712 1.75094027329182e-05 3.7831856561299731e-05 -0.00085574595967068611 -7.8661097592673808e-05 -0.00016172458156546777 -0.00031334284087726992 -0.00071075045610985291 0.00063260539574574396
leaf_weight=1705180.5151386261 1280806.819136858 1199805.9033153057 1626790.797315836 1083978.4916089773 799677.82035028934 843492.69909417629 2563908.6149493456 119209943.36040807 4346968.8305307627 75563066.006665945 18632836.060276866 3563824.5184272528 1115680.7567489147 20013192.630243778
leaf_count=1363 980 1193 1452 1925 2441 2396 4082 110367 2948 58076 18450 3681 761 19875
internal_value=-9.34142e-06 1.93094e-05 4.40731e-05 0.00229986 -0.00433754 0.00501356 0.00269464 -1.59174e-05 -0.000360243 -0.000142809 0.00110551 0.00270937 0.00323646 0.0042018
internal_weight=2.53549e+08 2.51844e+08 2.50563e+08 6.49086e+06 1.88366e+06 4.60721e+06 3.76371e+06 2.44072e+08 1.24862e+08 1.20515e+08 4.49523e+07 2.63195e+07 2.46927e+07 2.11289e+07
internal_count=229990 228627 227647 12037 4366 7671 5275 215610 105243 102295 44219 25769 24317 20636
cat_boundaries=0 1 2
cat_threshold=272 139
is_linear=0
shrinkage=0.03


Tree=201
num_leaves=15
num_cat=0
split_feature=13 12 11 13 12 10 1 11 1 12 12 14 16 12
split_gain=54410.3 178915 117113 113128 39873.9 35954.4 73924.5 63300.7 205276 65806.1 71182.9 74637.3 96317.1 70877.4
threshold=0.54078925851391635 0.99947707111996298 0.92167517421559297 0.33722492917240238 0.92324355344902431 0.79976984507662452 18.500000000000004 0.9569913468292458 17.500000000000004 0.9608647852025366 0.98344643590589009 1.0577981349574546 0.032073096904710725 1.0064015881057771
decision_type=2 2 2 2 2 2 2 2 2 2 2 2 2 2
left_child=1 2 4 -3 -1 6 -2 8 -7 -9 -11 12 -12 -13
right_child=5 3 -4 -5 -6 7 -8 9 -10 10 11 13 -14 -15
leaf_value=-0.00026214368478659657 -0.00033532824899071848 0.0031649057832410401 -0.0020142694903395571 0.000608833973847355 0.00050395005731267324 -4.6306771548489459e-06 0.00054316433782306982 0.00034962175357917757 0.00086529842293753343 -0.00039033069348346573 -0.00042759060011350603 0.00066023112349984994 -5.994543641942188e-06 7.4929419206870077e-05
leaf_weight=988728.39063644409 6613889.6279478073 551503.56188964844 1246851.3850466013 1141814.3708357811 1598194.7700408697 14981341.390360713 1212935.9637703896 5332464.9404045343 4671603.7816534042 5860992.3408666849 12555673.444624662 5295062.1338022947 176418170.4512732 15689869.956095576
leaf_count=950 6355 3665 2002 2203 1708 11563 2168 3942 4760 4808 40167 9004 110824 25901
internal_value=7.25358e-05 0.00301654 -0.000570626 0.0111381 0.00306957 7.09046e-06 -0.00199396 7.21302e-05 0.00170377 -7.28674e-05 -0.000154212 -6.31822e-05 -0.000251671 0.0016342
internal_weight=2.54159e+08 5.52709e+06 3.83377e+06 1.69332e+06 2.58692e+06 2.48632e+08 7.82683e+06 2.40805e+08 1.96529e+07 2.21152e+08 2.1582e+08 2.09959e+08 1.88974e+08 2.09849e+07
internal_count=230020 10528 4660 5868 2658 219492 8523 210969 16323 194646 190704 185896 150991 34905
is_linear=0
shrinkage=0.03


Tree=202
num_leaves=15
num_cat=2
split_feature=13 12 13 11 0 10 1 12 12 10 0 10 11 1
split_gain=49810.2 180779 105112 92207.4 44171.2 43710.3 57910.2 51759 160170 148208 204099 157882 133263 141709
threshold=0.54078925851391635 0.99947707111996298 0.33722492917240238 0.91700597683295093 0 0.79976984507662452 18.500000000000004 1.0017672621402147 1.0002001870955406 1.0022981177563166 1 0.90135704482050072 1.0165661152875569 17.500000000000004
decision_type=2 2 2 2 1 2 2 2 2 2 1 2 2 2
left_child=1 3 -3 4 -1 6 -2 8 12 10 -9 -12 -7 -14
right_child=5 2 -4 -5 -6 7 -8 9 -10 -11 11 -13 13 -15
leaf_value=0.00086737767857113322 -0.00035848676279725048 0.003069903469020004 0.00050349581907609576 -0.0018663014045430162 -7.2937678146358631e-05 0.00012182676690383503 0.00048476562409826483 8.603032018056716e-05 0.00050786039754449326 1.3718812128931951e-05 6.1264686991693217e-05 -0.00079565890110276779 -0.0003404799919150111 0.00034231313302946376
leaf_weight=1029774.9023735523 6619701.8064326048 546234.56404280663 1143701.9558948278 1255176.6680992842 1593762.2175986767 39856056.942404389 1211583.2956972122 12305122.442097306 7065911.3212475777 150514633.55659175 4045173.6267155409 12306930.970568419 10502754.85165298 3297982.1291294098
leaf_count=1230 6327 3673 2211 2079 1426 34183 2172 11307 5125 134356 3570 11076 7810 3134
internal_value=2.19503e-05 0.00282789 0.0110168 -0.00074 0.0024594 -4.11247e-05 -0.0022467 3.08756e-05 0.000787819 -0.000225658 -0.00220306 -0.0043993 0.000228695 -0.00231204
internal_weight=2.53295e+08 5.56865e+06 1.68994e+06 3.87871e+06 2.62354e+06 2.47726e+08 7.83129e+06 2.39895e+08 6.07227e+07 1.79172e+08 2.86572e+07 1.63521e+07 5.36568e+07 1.38007e+07
internal_count=229679 10619 5884 4735 2656 219060 8499 210561 50252 160309 25953 14646 45127 10944
cat_boundaries=0 1 2
cat_threshold=388 43
is_linear=0
shrinkage=0.03


Tree=203
num_leaves=15
num_cat=0
split_feature=13 12 13 11 12 11 9 10 11 12 11 10 2 10
split_gain=45244 176433 93130.2 84651.2 50091.3 129952 141966 166436 112653 163285 104645 117663 120310 92701.3
threshold=0.54078925851391635 0.99947707111996298 0.33722492917240238 0.92167517421559297 1.0051969303918387 1.0142450752632377 87.500000000000014 1.0368600691440639 1.0314271113197637 0.98842126986668599 1.0039162426793975 0.93078066328201858 4.5000000000000009 0.83310007439074751
decision_type=2 2 2 2 2 2 2 2 2 2 2 2 2 2
left_child=1 3 -3 -1 8 6 -6 10 13 -10 11 -8 -13 -2
right_child=4 2 -4 -5 5 -7 7 -9 9 -11 -12 12 -14 -15
leaf_value=0.000164707843779242 -0.00020831655885801301 0.002983212768463197 0.00061093202568209101 -0.0018715284484298739 0.00035777356631008404 1.4589195419926815e-05 -7.5985356738430366e-05 -0.0019873148859066493 0.00011333189176359841 -0.00070820165692892336 8.5408127405991945e-05 -0.00050319645602635798 -0.0028440317744438588 0.0001431324921814545
leaf_weight=2610410.8851928711 8606594.9542765617 531186.15322554111 1131799.0270135403 1157598.0093871355 4129718.5791995525 131958451.06732273 6074612.6985569 1531665.8074293137 5745322.3579272032 5074661.9817004204 6761386.948223114 6535229.9378380775 1805289.5859844685 69675720.257520676
leaf_count=2646 9219 3711 2247 1988 3770 121492 4624 998 4696 4792 5944 6195 2572 55087
internal_value=0.000138378 0.00284705 0.0109863 -0.000745141 7.90359e-05 -0.000240404 -0.00214339 -0.00307388 0.000648336 -0.0022209 -0.00238315 -0.00382746 -0.00614055 0.00104491
internal_weight=2.5333e+08 5.43099e+06 1.66299e+06 3.76801e+06 2.47899e+08 1.58796e+08 2.68379e+07 2.27082e+07 8.91023e+07 1.082e+07 2.11765e+07 1.44151e+07 8.34052e+06 7.82823e+07
internal_count=229981 10592 5958 4634 219389 145595 24103 20333 73794 9488 19335 13391 8767 64306
is_linear=0
shrinkage=0.03


Tree=204
num_leaves=15
num_cat=0
split_feature=13 2 16 12 10 3 14 13 12 13 11 16 9 16
split_gain=45712.7 101112 99962.3 76059.9 54351.6 59926.3 54247.1 42043.2 130938 97792.7 67999.7 39549.6 66651 49339.2
threshold=1.1566748004926652 4.5000000000000009 0.061653988897474789 1.0249057070288117 1.1942558122392908 2.5000000000000004 1.1152883984085862 0.54078925851391635 0.99947707111996298 0.33722492917240238 0.91700597683295093 0.021489999432519832 82.500000000000014 0.054077039484020338
decision_type=2 2 2 2 2 2 2 2 2 2 2 2 2 2
left_child=7 2 -2 6 5 -4 -3 8 10 -10 -1 12 -9 -13
right_child=1 3 4 -5 -6 -7 -8 11 9 -11 -12 13 -14 -15
leaf_value=0.00013646974974589759 0.00042690220986595431 0.0010362117139645546 0.00015440935059140933 -1.5033258986164879e-05 -0.00092375604405869752 -0.0015914735627432037 0.0040023372695445463 -0.0017018564826919568 -0.0049509026460302632 -0.00016649371430931421 -0.0017495004559326961 8.8586061189963126e-05 -0.00023272066975239586 -2.5350946271832823e-05
leaf_weight=2615219.9405068159 6918135.3084108829 1970973.3759300709 3313157.570526123 1522701.770080328 1367715.080871582 1532766.896697998 948890.60409808159 954212.27712547779 524793.41325950623 1112071.7989786863 1182584.1722304821 45176160.98494339 5851116.8564214706 178392360.69025135
leaf_count=2627 17789 3563 2226 4079 932 1610 2705 4887 3692 2217 2041 45075 32682 103854
internal_value=3.76569e-05 0.00151367 0.000190132 0.00542593 -0.00257171 -0.0010811 0.00826063 -7.23476e-05 0.00253572 0.00962867 -0.000521359 -0.000133874 -0.00238685 -6.52942e-05
internal_weight=2.53383e+08 1.75743e+07 1.31318e+07 4.44257e+06 6.21364e+06 4.84592e+06 2.91986e+06 2.35809e+08 5.43467e+06 1.63687e+06 3.7978e+06 2.30374e+08 6.80533e+06 2.23569e+08
internal_count=229979 32904 22557 10347 4768 3836 6268 197075 10577 5909 4668 186498 37569 148929
is_linear=0
shrinkage=0.03


Tree=205
num_leaves=15
num_cat=5
split_feature=13 12 1 11 0 13 2 0 12 16 0 0 16 0
split_gain=52716.8 165193 113582 75238.9 39392.9 34675.2 78957.8 101470 83770.2 92698 74265.8 50692.1 41191 54736
threshold=0.54078925851391635 0.99947707111996298 9.5000000000000018 0.92167517421559297 0 1.1482442084774827 4.5000000000000009 1 1.0666052657390228 0.061653988897474789 2 3 0.021489999432519832 4
decision_type=2 2 2 2 1 2 2 1 2 2 1 1 2 1
left_child=1 3 -3 4 -1 12 8 -8 9 -7 -11 -10 13 -2
right_child=5 2 -4 -5 -6 6 7 -9 11 10 -12 -13 -14 -15
leaf_value=0.00013278819142461442 5.3930496123484187e-05 0.0012749964702224647 0.00050141554019975283 -0.0016131510350684171 -7.3687274653022399e-05 0.00028517501258342229 0.0020088820695692146 0.00024883110120254908 0.0018096615188627294 0.0004975685798979942 -0.00073783006460777711 0.00027577561537664745 -2.4363795284212324e-06 -0.00083254981102969287
leaf_weight=1001875.1586347818 3280992.453797698 575263.19774413109 1152174.8813306093 1248935.3743600845 1581093.7410180569 6610932.6322333813 1793340.0086797476 2922375.8693469763 670700.90748262405 1406613.5788269043 4458742.6237487793 1140726.6420190334 222500617.19738102 3457679.4964287281
leaf_count=1221 20859 3923 1923 2038 1450 16067 2351 8482 1452 1379 3049 1731 147817 16317
internal_value=7.14211e-05 0.0029606 0.0106627 -0.000511554 0.00241156 6.7185e-06 0.00123818 0.00460415 0.000127229 -0.000748062 -0.00349341 0.00615583 -9.5367e-05 -0.00240613
internal_weight=2.53802e+08 5.55934e+06 1.72744e+06 3.8319e+06 2.58297e+06 2.48243e+08 1.90034e+07 4.71572e+06 1.42877e+07 1.24763e+07 5.86536e+06 1.81143e+06 2.29239e+08 6.73867e+06
internal_count=230059 10555 5846 4709 2671 219504 34511 10833 23678 20495 4428 3183 184993 37176
cat_boundaries=0 1 2 3 4 5
cat_threshold=388 20 400 97 458
is_linear=0
shrinkage=0.03


Tree=206
num_leaves=15
num_cat=2
split_feature=13 12 13 11 11 10 16 0 11 12 11 16 12 0
split_gain=42408.7 133005 103852 81379 50767.9 49682.5 52139.2 66507 57925.7 50369 92637.4 69308.1 62250.8 164707
threshold=0.54078925851391635 0.99947707111996298 0.33722492917240238 0.91700597683295093 0.92833667948537613 0.79976984507662452 0.043347229934692762 0 0.80374462859107221 0.90935930987391711 0.90644793995258399 0.052915134947898658 0.9608647852025366 1
decision_type=2 2 2 2 2 2 2 1 2 2 2 2 2 1
left_child=1 3 4 -1 -3 6 7 -2 -8 -7 11 -11 13 -12
right_child=5 2 -4 -5 -6 9 8 -9 -10 10 12 -13 -14 -15
leaf_value=0.00019058765985530357 0.0029673617679484587 0.00083142496021757298 -0.0049981482767424848 -0.0017417461415662535 -0.012958302661309946 -0.00062558876054081983 0.00013375538030691587 -0.00015596195287427084 -0.00052943721648192527 0.0015078216892207025 0.0008382264223145752 0.00023709433543750436 -2.3249774087925789e-06 1.8563003407806154e-05
leaf_weight=2576202.9721878767 309633.20331633091 163475.95887637138 1132670.5688723326 1193434.3625372648 405629.42666852474 1848472.2764149904 1842266.5035705566 710951.83114755154 4933066.0137176514 1299356.111472249 1523625.9472398758 4614109.9834594727 226330359.31804383 4643595.3301275969
leaf_count=2659 927 121 2237 2041 3582 1701 1376 2523 3690 2251 1341 2431 199515 3670
internal_value=9.86881e-05 0.00271122 0.00967273 -0.000431507 0.0201279 4.1063e-05 -0.00231591 0.00400544 -0.00326811 0.000117542 0.00015579 0.00386379 6.14785e-05 0.00303527
internal_weight=2.53527e+08 5.47141e+06 1.70178e+06 3.76964e+06 569105 2.48055e+08 7.79592e+06 1.02059e+06 6.77533e+06 2.4026e+08 2.38411e+08 5.91347e+06 2.32498e+08 6.16722e+06
internal_count=230065 10640 5940 4700 3703 219425 8516 3450 5066 210909 209208 4682 204526 5011
cat_boundaries=0 1 2
cat_threshold=72 368
is_linear=0
shrinkage=0.03


Tree=207
num_leaves=15
num_cat=0
split_feature=13 12 11 1 16 11 12 1 9 13 9 11 1 9
split_gain=60770.2 204966 86521.2 85463.3 42147.6 92317.7 116931 99687.1 142243 87045.9 83227.7 79227.2 70954.9 116340
threshold=0.54078925851391635 0.99947707111996298 0.91700597683295093 9.5000000000000018 0.055845160148253276 1.0280500500846799 1.0556393429599884 9.5000000000000018 78.500000000000014 1.289670603337201 66.500000000000014 1.1902710751006842 9.5000000000000018 78.500000000000014
decision_type=2 2 2 2 2 2 2 2 2 2 2 2 2 2
left_child=1 2 -1 -3 5 7 9 8 -2 12 -9 -8 13 -7
right_child=4 3 -4 -5 -6 6 11 10 -10 -11 -12 -13 -14 -15
leaf_value=0.00018094016196523396 -0.0010993371073515468 0.0019802742116234724 -0.0016839265910734151 0.00076751809768007032 -2.6171383586280131e-05 -0.0016078272924886017 0.00036746619272819364 0.0010853934714571633 7.764006247854702e-06 0.0013496668069702864 0.0002289858433002633 -0.00071704621924639734 -0.0003516730119817828 0.00028626952624876979
leaf_weight=2646441.4225856066 907776.20220243931 520934.27470946312 1243861.3483527899 1161339.7615988255 175430567.77116132 455637.06261324883 9913959.3741428852 1670580.1593332291 6514297.1298751831 1301135.3866949081 28043404.6013062 1725444.2309170961 17839706.781910896 4170264.73899436
leaf_count=2667 2370 3908 2072 1943 105260 1324 18772 1284 21085 5566 29630 3761 19267 10968
internal_value=3.45283e-05 0.00313275 -0.000650726 0.0118821 -3.50966e-05 0.000573127 -0.000522915 0.00161811 -0.00149189 -0.00172941 0.00239494 0.00194066 -0.00216634 0.00114458
internal_weight=2.53545e+08 5.57258e+06 3.8903e+06 1.68227e+06 2.47973e+08 7.25422e+07 3.54061e+07 3.71361e+07 7.42207e+06 2.37667e+07 2.9714e+07 1.16394e+07 2.24656e+07 4.6259e+06
internal_count=229877 10590 4739 5851 219287 114027 59658 54369 23455 37125 30914 22533 31559 12292
is_linear=0
shrinkage=0.03


Tree=208
num_leaves=15
num_cat=5
split_feature=13 12 13 11 0 11 10 10 0 2 0 11 0 0
split_gain=46643.2 175681 93059 76817 45269.3 44395.5 42091 93020.7 183547 170454 74705.6 61328.7 189140 84354.4
threshold=0.54078925851391635 0.99947707111996298 0.33722492917240238 0.91700597683295093 0 0.92833667948537613 1.1942558122392908 1.1493816470633826 1 3.5000000000000004 2 1.0766544007495955 3 4
decision_type=2 2 2 2 1 2 2 2 1 2 1 2 1 1
left_child=1 3 5 4 -1 -3 7 11 9 -9 -8 13 -13 -2
right_child=6 2 -4 -5 -6 -7 10 8 -10 -11 -12 12 -14 -15
leaf_value=0.00073392207968359091 6.110889013424821e-05 0.0009439534635060625 0.0006114397541929934 -0.0039228915148270746 -9.7535338781318192e-05 -0.0012586139859752374 0.00031130811288252255 0.0020253955718821347 0.00010817526633691734 -6.5323045767372976e-05 -0.00033268155689831656 0.00038006952034141852 -0.00027255017315993928 -8.2933697404403704e-05
leaf_weight=998407.71218955517 119044621.08638871 150277.35371625423 1111162.8343182802 1235347.7485537529 1590253.2734918594 388950.89595639706 3416242.921374321 1353346.1172503233 12357085.142763257 762900.54080021381 13422359.208005309 6743855.0583931208 22219141.331566572 69017812.898203611
leaf_count=1206 87994 112 2168 2050 1438 3489 4802 1591 11464 1239 14498 9583 18921 69347
internal_value=7.31451e-05 0.00281227 0.0109928 -0.000718338 0.00221896 0.0212189 1.27632e-05 0.000118098 0.00244677 0.0106104 -0.0014354 -3.71996e-05 -0.00132227 0.000160711
internal_weight=2.53812e+08 5.4744e+06 1.65039e+06 3.82401e+06 2.58866e+06 539228 2.48337e+08 2.31499e+08 1.44733e+07 2.11625e+06 1.68386e+07 2.17025e+08 2.8963e+07 1.88062e+08
internal_count=229902 10463 5769 4694 2644 3601 219439 200139 14294 2830 19300 185845 28504 157341
cat_boundaries=0 1 2 3 4 5
cat_threshold=388 64 292 289 218
is_linear=0
shrinkage=0.03


Tree=209
num_leaves=15
num_cat=2
split_feature=11 12 0 16 2 12 2 10 2 14 2 12 0 11
split_gain=33222.2 49869.4 103317 69469.1 65824.2 51962.8 49068.3 89755 51063.3 61799.2 46438.3 34711.1 53584.1 48971.4
threshold=1.1902710751006842 1.1153931218449846 0 0.082548718854359174 1.5000000000000002 1.1108806325759313 4.5000000000000009 1.3953303454829544 1.0000000180025095e-35 0.70973154498075464 2.5000000000000004 1.0853076765851486 1 1.0766544007495955
decision_type=2 2 1 2 2 2 2 2 2 2 2 2 1 2
left_child=1 5 10 4 -4 11 8 -8 -2 -10 -3 13 -13 -1
right_child=6 2 3 -5 -6 -7 7 -9 9 -11 -12 12 -14 -15
leaf_value=2.4766548013833304e-05 -0.00072844176509585736 0.0022792913545903511 -0.0002930412740338025 -0.00053862130232579144 0.00063898353879213794 -0.00027143952966104105 7.332118981309221e-06 -0.0025395337164652999 0.00091045906628740153 -0.0001964635670186913 0.000656575832250998 0.0007196153254382607 3.2055470507121515e-05 -0.00011179849218456527
leaf_weight=193037124.90273404 1437292.873968482 638433.19978368282 2125240.5242317915 1801828.5112609863 4287078.8673501015 2232844.8721761703 697040.75401473045 632610.25374412537 1568555.1739041805 3849121.5908871889 676257.34946095943 2248965.2321574688 4327244.1523863077 33912968.255671859
leaf_count=165897 1283 952 1943 896 4759 971 1450 851 1174 3730 1292 3162 3344 38320
internal_value=0.000109983 0.000172721 0.00230044 0.0010507 0.00251316 8.67235e-05 -0.00177024 -0.00704443 -0.000747205 0.000586436 0.0101087 0.000130274 0.00227892 6.8014e-05
internal_weight=2.53473e+08 2.45288e+08 9.52884e+06 8.21415e+06 6.41232e+06 2.35759e+08 8.18462e+06 1.32965e+06 6.85497e+06 5.41768e+06 1.31469e+06 2.33526e+08 6.57621e+06 2.2695e+08
internal_count=230024 221536 9842 7598 6702 211694 8488 2301 6187 4904 2244 210723 6506 204217
cat_boundaries=0 1 2
cat_threshold=96 352
is_linear=0
shrinkage=0.03


Tree=210
num_leaves=15
num_cat=0
split_feature=13 12 13 14 10 11 12 11 11 1 12 12 12 1
split_gain=65858.3 173010 78749.2 72388.6 67069.1 54068.2 35707.8 148254 135674 133675 120578 111863 218067 96541.5
threshold=0.54078925851391635 0.99947707111996298 0.33722492917240238 0.84920864226268733 0.88315745690132064 0.92833667948537613 1.0051969303918387 1.0142450752632377 1.0314271113197637 18.500000000000004 0.98842126986668599 1.0281187774485046 1.0556393429599884 17.500000000000004
decision_type=2 2 2 2 2 2 2 2 2 2 2 2 2 2
left_child=1 3 5 4 -1 -3 8 13 -2 -9 -10 -11 -13 -8
right_child=6 2 -4 -5 -6 -7 7 9 10 11 -12 12 -14 -15
leaf_value=3.464330014451585e-05 9.8642776584853344e-05 0.00061222036480491232 0.00066778870546637065 0.00096726747265701287 -0.0013792573365522614 0.0034227484308143748 -0.00040715102085889335 5.7733496273755324e-05 2.1603252257484612e-05 6.4291075400029927e-05 -0.00069819589326599555 -0.0010510282675979777 -3.2254629075378303e-05 0.00011275287130942662
leaf_weight=1810640.456489563 78286920.813268661 159394.80048882961 1142027.2275506258 1068774.6026600599 963970.30518114567 408099.69315004349 20560006.397382379 111903566.12903214 5803275.8667165041 8277899.2876000404 5072835.345798254 5230079.3325972557 6394495.5764183998 6451887.8511428833
leaf_count=1523 64101 119 2249 1748 1432 3612 17141 92217 4663 11481 4798 7072 10626 7015
internal_value=6.11359e-05 0.00329229 0.0112322 -0.000239354 -0.00279465 0.0203663 -1.12176e-05 -0.000280952 0.000469236 0.000133987 -0.00267044 -0.00213142 -0.00402936 -0.00230567
internal_weight=2.53534e+08 5.55291e+06 1.70952e+06 3.84339e+06 2.77461e+06 567494 2.47981e+08 1.58818e+08 8.9163e+07 1.31806e+08 1.08761e+07 1.99025e+07 1.16246e+07 2.70119e+07
internal_count=229797 10683 5980 4703 2955 3731 219114 145552 73562 121396 9461 29179 17698 24156
is_linear=0
shrinkage=0.03


Tree=211
num_leaves=15
num_cat=2
split_feature=13 12 13 14 10 0 10 10 12 0 16 12 14 7
split_gain=58608.1 168015 90384.1 46731.1 70988.6 42713.2 38299.1 68943.5 69416.5 156813 94325.1 83458.7 82852.5 56308.4
threshold=0.54078925851391635 0.99947707111996298 0.33722492917240238 0.84920864226268733 0.83866519279172203 0 1.2031119363884388 1.1493816470633826 1.0477841128593066 1 0.082548718854359174 1.0278711375767708 0.99164271058386322 1.0000000180025095e-35
decision_type=2 2 2 2 2 1 2 2 2 1 2 2 2 2
left_child=1 3 5 4 -1 -3 7 -2 11 12 -11 -9 -10 -8
right_child=6 2 -4 -5 -6 -7 13 8 9 10 -12 -13 -14 -15
leaf_value=0.00025972763958237753 -3.7063816318812842e-06 0.0033175406503336401 0.00060984980618950348 0.00082228505511514202 -0.0010824000888573755 0.0021428395992226404 -8.7000774246552762e-05 0.00027926920590285115 0.00022362184340301634 0.00034381036860226704 -0.00034535169622501826 -0.0014935164319177109 0.0017882070628578927 -0.0010484451088733969
leaf_weight=1481020.3517264128 216668271.14782834 315949.5334559679 1115189.6048072577 1049018.7396997213 1272130.435680747 222427.87911319733 11170417.760805607 1478904.5208688974 854681.45278549194 10155298.796536088 2994138.5619182587 1036349.056825161 1255546.322551012 2375897.2912064791
leaf_count=1238 185677 560 2248 1755 1685 3079 10997 1993 1122 10284 1480 1692 1671 4323
internal_value=7.98427e-05 0.00315557 0.0111387 -0.000316298 -0.00236928 0.0212332 1.21771e-05 0.000101794 0.00189795 0.00265909 0.00144079 -0.0027198 0.0102506 -0.00153881
internal_weight=2.53445e+08 5.45574e+06 1.65357e+06 3.80217e+06 2.75315e+06 538377 2.4799e+08 2.34443e+08 1.77749e+07 1.52597e+07 1.31494e+07 2.51525e+06 2.11023e+06 1.35463e+07
internal_count=229804 10565 5887 4678 2923 3639 219239 203919 18242 14557 11764 3685 2793 15320
cat_boundaries=0 1 2
cat_threshold=24 64
is_linear=0
shrinkage=0.03


Tree=212
num_leaves=15
num_cat=0
split_feature=13 12 1 14 11 14 12 11 11 1 2 1 9 11
split_gain=54908 166082 98963.9 62827.6 41515 32325.6 65412 106945 59214.3 131827 73562.7 117233 194493 118178
threshold=0.54078925851391635 0.99947707111996298 9.5000000000000018 0.65200648454514376 0.91700597683295093 1.004678821214996 1.0894550804295779 1.1010820262994694 0.97755348269850095 18.500000000000004 4.5000000000000009 17.500000000000004 88.500000000000014 1.0142450752632377
decision_type=2 2 2 2 2 2 2 2 2 2 2 2 2 2
left_child=1 3 -3 -1 -5 -2 7 8 9 -7 -10 13 -13 -12
right_child=5 2 -4 4 -6 6 -8 -9 10 -11 11 12 -14 -15
leaf_value=-0.00060847796496584904 -1.7793849212593831e-05 0.0025738266208772359 0.00071310394851376436 0.00039946365774587141 -0.00094996584080513937 -0.00032505860596428822 0.00040283219069184886 -0.00046177308227939327 5.8965125229296817e-05 0.00083649699585051668 -5.2485730344350681e-05 -0.0018608449413794416 0.00038227227772477326 0.0012346630921803666
leaf_weight=928299.07057285309 165230626.2131635 537353.84760379791 1153846.3025648594 1925050.1003795862 972646.67872703075 11823317.383022547 7082129.4379341602 5657729.7923469543 45044614.051670551 3004126.4563851357 2047503.2639918327 665036.40805387497 2796497.5481214523 4393710.0559229851
leaf_count=1371 130946 3916 1956 1979 1318 12511 8605 7836 39202 5035 2781 994 4370 7055
internal_value=9.68566e-05 0.00305689 0.0108857 -0.000403684 0.00177223 3.09376e-05 0.000515859 0.000257046 0.000578704 -0.00110368 0.00103269 0.00337379 -0.00107884 0.00576666
internal_weight=2.53262e+08 5.5172e+06 1.6912e+06 3.826e+06 2.8977e+06 2.47745e+08 8.25147e+07 7.54325e+07 6.97748e+07 1.48274e+07 5.49474e+07 9.90275e+06 3.46153e+06 6.44121e+06
internal_count=229875 10540 5872 4668 3297 219335 88389 79784 71948 17546 54402 15200 5364 9836
is_linear=0
shrinkage=0.03


Tree=213
num_leaves=15
num_cat=2
split_feature=13 7 14 11 1 9 0 1 9 1 13 0 16 1
split_gain=64350.6 94098.5 149112 116276 94872.9 28592.2 29165.6 117057 238789 92706.1 91266.5 84389.6 75438.6 94671
threshold=0.54078925851391635 1.0000000180025095e-35 0.86944186738941187 0.88002456839183818 9.5000000000000018 62.500000000000007 0 9.5000000000000018 66.500000000000014 6.5000000000000009 0.80989146869998085 1 0.089245365304897725 16.500000000000004
decision_type=2 2 2 2 2 2 1 2 2 2 2 1 2 2
left_child=1 3 -3 -1 -5 -2 7 -7 -9 11 -10 -8 13 -12
right_child=5 2 -4 4 -6 6 9 8 10 -11 12 -13 -14 -15
leaf_value=5.7806292844299329e-05 -0.00037522465480966234 -0.002621809000815243 0.0025225053066869401 0.0023208079507202497 0.00069134145329890595 0.0001507966483529642 -0.0013346604717522337 0.00094955839856537209 -0.00053491647829691312 3.7589040736572361e-05 -0.00020434028200163411 -8.6585583030744924e-05 -0.00071071330545633869 0.00010234719435812248
leaf_weight=1901680.1452584267 1706073.2798880339 1103830.8176574707 454506.74975860119 644796.41553044319 1366518.2825906277 25701554.959216833 1682883.3777559996 2118738.923866272 7500780.6295876503 141574060.58214974 36619124.440785408 2935485.7770249844 3556789.5678241253 25195773.147128344
leaf_count=1585 1332 1817 1891 3732 1497 25086 8439 1296 4795 119905 20740 15669 1447 20762
internal_value=7.28433e-05 0.00329112 -0.00294321 0.00577392 0.0108024 2.01104e-06 2.87567e-05 -0.000364135 -0.000962953 0.000299368 -0.00125161 -0.00388337 -0.000891981 -0.000647522
internal_weight=2.54063e+08 5.47133e+06 1.55834e+06 3.91299e+06 2.01131e+06 2.48591e+08 2.46885e+08 1.00693e+08 7.49912e+07 1.46192e+08 7.28725e+07 4.61837e+06 6.53717e+07 6.18149e+07
internal_count=229993 10522 3708 6814 5229 219471 218139 74126 49040 144013 47744 24108 42949 41502
cat_boundaries=0 1 2
cat_threshold=268 3
is_linear=0
shrinkage=0.03


Tree=214
num_leaves=15
num_cat=3
split_feature=13 3 14 11 1 10 1 0 11 0 11 16 14 0
split_gain=53109.2 88029.9 158359 109432 104989 35862.2 50626.6 55239.5 50825.9 46624.7 44687.6 63922.7 43427.4 101793
threshold=0.54078925851391635 1.5000000000000002 0.83314520053279539 0.88002456839183818 9.5000000000000018 0.79976984507662452 18.500000000000004 0 0.78683299918466465 1 0.90644793995258399 0.052364209944619891 1.0577981349574546 2
decision_type=2 2 2 2 2 2 2 1 2 1 2 2 2 1
left_child=1 3 -3 -1 -5 6 8 -8 -2 -10 11 -7 -12 -14
right_child=5 2 -4 4 -6 10 7 -9 9 -11 12 -13 13 -15
leaf_value=5.036426627911192e-05 0.00013406243114619942 -0.0080687779631567272 0.0012571153562311768 0.0020905739283233896 0.00064834502596526351 0.0011044369249476888 0.0012603653055265659 -0.00030337207096689295 -0.00018629876952821022 -0.00095334563180657611 -1.1506446761050841e-05 8.6404378406723566e-05 0.0005548560910022802 -6.9275709130902372e-05
leaf_weight=1916181.4386885166 1398322.6233849525 822744.42093193531 789185.37535178661 640206.08561003208 1344561.1160113811 1381575.5857356787 571025.54119682312 640069.88737487793 3010205.6675070524 2180011.5179803371 209442695.36012733 5528570.565246582 10215551.543489337 13633644.716860056
leaf_count=1596 1410 1603 2184 3736 1497 2577 881 1291 2565 2383 165449 2962 18262 21533
internal_value=7.39757e-05 0.00298632 -0.00291106 0.0054232 0.0103603 9.23664e-06 -0.00199276 0.00364464 -0.00302902 -0.00439669 7.42438e-05 0.00245181 3.81991e-06 0.00121679
internal_weight=2.53515e+08 5.51288e+06 1.61193e+06 3.90095e+06 1.98477e+06 2.48002e+08 7.79964e+06 1.2111e+06 6.58854e+06 5.19022e+06 2.40202e+08 6.91015e+06 2.33292e+08 2.38492e+07
internal_count=229929 10616 3787 6829 5233 219313 8530 2172 6358 4948 210783 5539 205244 39795
cat_boundaries=0 1 2 3
cat_threshold=77 396 178
is_linear=0
shrinkage=0.03


Tree=215
num_leaves=15
num_cat=4
split_feature=13 12 13 11 0 0 12 11 0 12 0 14 16 11
split_gain=66101.7 158850 82094.1 54071.7 48987.5 48571.7 40379.1 136346 175976 192799 158280 104667 101390 95223.1
threshold=0.54078925851391635 0.99947707111996298 0.33722492917240238 0.91700597683295093 0 1 1.0051969303918387 1.0314271113197637 2 0.99983254367729579 3 0.99939508353557927 0.084550225891846673 0.97755348269850095
decision_type=2 2 2 2 1 1 2 2 1 2 1 2 2 2
left_child=1 3 4 5 -3 -1 7 8 9 12 -9 13 -2 -10
right_child=6 2 -4 -5 -6 -7 -8 10 11 -11 -12 -13 -14 -15
leaf_value=0.00076873535727389568 0.00025586934671719493 0.0031127640135792181 0.00054975500398893936 -0.0014080826457634938 -0.022794349917540216 -8.0460951793390927e-05 -2.476532628719457e-05 -0.0011203757453885233 0.00024504004576707261 0.00074830869654539845 -4.9770133002620113e-05 -0.00020689789416523995 -0.00063880991438812137 -2.8122497043653936e-05
leaf_weight=1015031.4826327562 15450091.122908235 334844.04347681999 1137915.7927128077 1218029.3986377716 215862.70153868198 1588162.9661842585 158920279.16737413 2928357.489964366 12359628.399071217 10767663.629228473 7906374.9977037907 18621841.900603175 2449815.4788818359 18491840.493923545
leaf_count=1220 16743 601 2197 2013 3073 1412 145718 2769 8527 9898 6658 16074 1337 11614
internal_value=7.6626e-05 0.00332663 0.0109893 -5.95503e-05 0.0204977 0.00238152 4.38991e-06 0.000516094 0.000953392 0.00282364 -0.00263773 -0.000130333 0.000915484 0.000941716
internal_weight=2.53406e+08 5.50985e+06 1.68862e+06 3.82122e+06 550707 2.60319e+06 2.47896e+08 8.89756e+07 7.81409e+07 2.86676e+07 1.08347e+07 4.94733e+07 1.78999e+07 3.08515e+07
internal_count=229854 10516 5871 4645 3674 2632 219338 73620 64193 27978 9427 36215 18080 20141
cat_boundaries=0 1 2 3 4
cat_threshold=24 388 139 5
is_linear=0
shrinkage=0.03


Tree=216
num_leaves=15
num_cat=4
split_feature=4 2 14 2 0 14 0 12 2 12 0 16 0 12
split_gain=36446.7 178654 183555 115546 65286.4 51122.6 145839 70388.8 62872.3 49343.1 144887 106207 109163 56097
threshold=1.0000000180025095e-35 4.5000000000000009 1.4894901571766581 5.5000000000000009 0 1.1741017445246944 1 1.0166521525691514 4.5000000000000009 0.98305573952904635 2 0.05215966109183421 3 0.97665741464072364
decision_type=2 2 2 2 1 2 1 2 2 2 1 2 1 2
left_child=5 2 -2 -3 -4 9 8 -8 -7 10 13 12 -12 -1
right_child=1 3 4 -5 -6 6 7 -9 -10 -11 11 -13 -14 -15
leaf_value=0.00072169658066706356 -0.0038562126855788575 0.0029703632618391686 0.00059644941090467225 -0.00030141278371950475 -0.0022053157109288429 -0.00041815849428775804 0.0072597706695175087 0.00053089213814557228 -0.028317249964191642 -2.2198531791693162e-06 0.0012991791017002341 -0.00010039483754878833 -0.00042600673713611884 0.00022866608590473814
leaf_weight=2943334.2251574993 1220147.6733397245 853107.26634860039 1504695.447884798 777267.88255143166 626132.14181017876 308205.90710544586 854748.60366439819 1088937.1294378042 193962.98302257061 215387328.17255354 2548172.8690510988 18945753.434692383 1227014.4979023933 4885183.1909964085
leaf_count=3171 1808 1339 2193 1201 1561 2213 4812 5415 1660 182920 4276 10801 3507 2642
internal_value=0.000122634 -0.00241813 -0.00638103 0.00572696 -0.0010679 0.000173589 0.00448941 0.00821292 -0.00992269 0.000130668 0.00125898 4.62624e-05 0.0046411 0.0047787
internal_weight=2.53364e+08 4.98135e+06 3.35098e+06 1.63038e+06 2.13083e+06 2.48383e+08 2.44585e+06 1.94369e+06 502169 2.45937e+08 3.05495e+07 2.27209e+07 3.77519e+06 7.82852e+06
internal_count=229519 8102 5562 2540 3754 221417 14100 10227 3873 207317 24397 18584 7783 5813
cat_boundaries=0 1 2 3 4
cat_threshold=286 257 145 76
is_linear=0
shrinkage=0.03


Tree=217
num_leaves=15
num_cat=0
split_feature=13 3 14 11 1 11 10 3 1 11 1 11 1 10
split_gain=45871.9 70340.5 136742 111741 110705 38036.7 44407.9 104446 72644.1 68203.5 104808 72614.6 104252 83713.1
threshold=0.54078925851391635 1.5000000000000002 0.86944186738941187 0.88002456839183818 9.5000000000000018 1.1902710751006842 1.1433932923899872 1.0000000180025095e-35 7.5000000000000009 1.0766544007495955 18.500000000000004 1.0644937101200254 19.500000000000004 1.1037060526275941
decision_type=2 2 2 2 2 2 2 2 2 2 2 2 2 2
left_child=1 3 -3 -1 -5 6 9 8 -8 11 -11 -2 13 -13
right_child=5 2 -4 4 -6 -7 7 -9 -10 10 -12 12 -14 -15
leaf_value=-1.5305516036704216e-05 3.5807119192418643e-06 -0.0030437950507100756 0.0025141810958307169 0.0023165358910590865 0.00069654732372525347 -0.00031354836983606252 -0.00028837521571015791 -0.00018070735806679188 0.00043010337066185455 -5.6245906674706167e-05 -0.00077342328209314547 0.00033572539522873688 -0.000785302258602454 -0.00017129602519225731
leaf_weight=1956437.3940621614 175339003.77959156 1124553.4373531342 462024.79400670528 628508.54331147671 1352448.3324694633 8053268.7575390339 1648481.8831351995 8574447.4215848446 14842902.44816184 23085234.070533872 4102960.5784857273 9473975.9078538418 1126190.0511727333 1714774.0311273336
leaf_count=1605 146260 1839 1900 3736 1497 8053 3466 11560 12385 20192 6436 6978 2110 1875
internal_value=0.000117078 0.00282094 -0.00251207 0.00496988 0.00999237 5.68428e-05 0.000124919 0.00131986 0.00271624 -1.44963e-05 -0.00141878 0.000188962 0.00241574 0.00329146
internal_weight=2.53485e+08 5.52397e+06 1.58658e+06 3.93739e+06 1.98096e+06 2.47961e+08 2.39908e+08 2.50658e+07 1.64914e+07 2.14842e+08 2.71882e+07 1.87654e+08 1.23149e+07 1.11887e+07
internal_count=229892 10577 3739 6838 5233 219315 211262 27411 15851 183851 26628 157223 10963 8853
is_linear=0
shrinkage=0.03


Tree=218
num_leaves=15
num_cat=0
split_feature=13 12 13 14 11 16 12 16 9 9 12 2 2 16
split_gain=66503.5 135550 126779 50057 52375.9 40693.5 112209 101963 179596 86508.8 120447 101656 86092.6 72998.1
threshold=0.54078925851391635 0.99947707111996298 0.33722492917240238 0.82429078277395884 0.87414304782204222 0.053521434381979857 0.98115963927892413 0.049763224875981803 89.500000000000014 79.500000000000014 1.0438544048453264 1.5000000000000002 4.5000000000000009 0.041552130173696904
decision_type=2 2 2 2 2 2 2 2 2 2 2 2 2 2
left_child=1 3 -3 4 -1 6 -2 8 12 -9 11 -11 13 -8
right_child=5 2 -4 -5 -6 -7 7 9 -10 10 -12 -13 -14 -15
leaf_value=8.8671893708990648e-05 0.00074980128516382422 0.0027872656147987099 0.00045510803600368497 0.00057988268748490189 -0.0011769180666186415 -1.4760750904585163e-05 -0.00059676873561432446 0.00089696077344811386 6.8180828848591501e-05 -0.00038215074648423878 0.00070402968777185087 0.00029560467258911931 -0.00124388957082317 0.0003974671556565877
leaf_weight=1406066.2321648598 5363811.0388473272 537267.55125010014 1124328.9919099808 1382328.5119210482 969849.72694516182 196336609.85686922 3484379.4162218571 1934180.8392133713 26996124.651664495 3016336.058013916 2948757.4466514587 4862449.690032959 1684669.3543714285 1056769.4419250488
leaf_count=1157 10616 3686 2209 1984 1512 117357 9297 1233 67542 1805 2318 3421 4656 1011
internal_value=9.06058e-05 0.00337799 0.0105132 0.000223358 -0.00241754 1.86711e-05 0.000770599 0.000291627 -0.000583926 0.00257091 0.00152696 -0.00040877 -0.00517706 -0.00302833
internal_weight=2.53104e+08 5.41984e+06 1.6616e+06 3.75824e+06 2.37592e+06 2.47684e+08 5.13475e+07 4.59837e+07 3.32219e+07 1.27617e+07 1.08275e+07 7.87879e+06 6.22582e+06 4.54115e+06
internal_count=229804 10548 5895 4653 2669 219256 101899 91283 82506 8777 7544 5226 14964 10308
is_linear=0
shrinkage=0.03


Tree=219
num_leaves=15
num_cat=0
split_feature=13 12 13 14 11 13 13 14 11 2 11 10 11 16
split_gain=45412.5 135850 89039.3 56878.3 74282 36004.2 62782.6 40365.4 33757.5 29305.2 62093.1 63573.5 51578.5 87844.7
threshold=0.54078925851391635 1.0073531584289153 0.33722492917240238 0.85278111942976487 0.91700597683295093 2.040948787038904 4.2362837806469642 1.3465466527055063 0.93513319243778092 1.0000000180025095e-35 1.1901084494770153 0.97017296776822393 0.9569913468292458 0.048302731157169397
decision_type=2 2 2 2 2 2 2 2 2 2 2 2 2 2
left_child=1 3 -3 4 -1 7 -7 9 -9 10 11 -2 13 -11
right_child=5 2 -4 -5 -6 6 -8 8 -10 12 -12 -13 -14 -15
leaf_value=7.129616255041634e-05 -0.00027338758953472777 0.0026380413164466023 0.00046030854327407225 0.0010756721382498293 -0.0030701299584384267 9.7501040885443916e-05 0.036918295272340425 -0.0022144058466970393 -0.000537771867065771 0.0011905178699338282 -0.00085349784000131443 2.0013922674436314e-06 9.3010281654878504e-08 6.5849366745013359e-05
leaf_weight=1986089.0107685328 6226463.3819521666 528384.92103540897 1072978.0640112162 974996.96858286858 892964.7386392355 867948.5186226368 353816.41458880901 564728.07750356197 1360161.8138352633 3073185.2976417542 1558079.5573329926 35439664.882350802 181168617.4081372 17632303.813644409
leaf_count=1688 4712 3185 1964 1976 1685 3611 1804 1211 5202 7367 1267 25874 157401 11051
internal_value=6.3473e-05 0.00277101 0.0101153 -0.000280559 -0.00240142 3.97228e-06 0.00514124 -2.14364e-05 -0.00434881 1.25488e-05 -0.000696376 -0.000476498 0.00016434 0.00158279
internal_weight=2.537e+08 5.45541e+06 1.60136e+06 3.85405e+06 2.87905e+06 2.48245e+08 1.22176e+06 2.47023e+08 1.92489e+06 2.45098e+08 4.32242e+07 4.16661e+07 2.01874e+08 2.07055e+07
internal_count=229998 10498 5149 5349 3373 219500 5415 214085 6413 207672 31853 30586 175819 18418
is_linear=0
shrinkage=0.03


Tree=220
num_leaves=15
num_cat=2
split_feature=13 12 13 0 13 11 11 10 11 16 0 12 11 14
split_gain=52089.6 140407 106945 38327.3 37884.9 46803.1 33710.5 32431.6 65219 51314.7 64128.2 49515.5 86690.4 100811
threshold=0.54078925851391635 0.99947707111996298 0.33722492917240238 0 0.43892950188008456 0.91700597683295093 0.93171241057181342 0.82120607435980486 0.82067536127917817 0.051279197897697977 1 0.90935930987391711 0.9452772592406341 0.8884171423713475
decision_type=2 2 2 1 2 2 2 2 2 2 1 2 2 2
left_child=1 4 6 -4 5 -1 -3 8 -2 10 -10 -9 13 -13
right_child=7 2 3 -5 -6 -7 -8 11 9 -11 -12 12 -14 -15
leaf_value=4.889533876410749e-05 0.00021332196072058448 0.00086856268697392373 0.0011429703433673889 -0.00049166067813355755 0.00052882411613154275 -0.014493866872323128 0.0034577996564299635 -0.00055437868509562651 0.0020368604866426326 -0.00055245682960246409 -0.00062734404144578664 0.00072964237017892676 -5.8427450616631377e-06 0.00013322215660539226
leaf_weight=1846068.2533849478 2940929.8862457275 166506.14238631725 531958.27224767208 595155.50987958908 1075619.924413681 930030.10325801373 388978.60166680813 1879028.2597621679 404717.99971175194 5312200.7062683105 584881.8989341259 1832608.5891073942 221924060.26071846 13019564.002125859
leaf_count=1891 3543 122 1112 1097 1268 1581 3547 1729 688 3721 2211 1479 196268 9534
internal_value=2.91862e-05 0.00290771 0.0101374 0.0048278 -0.000250541 -0.00210253 0.020911 -3.50769e-05 -0.00177871 -0.00350025 0.00277191 3.24511e-05 7.0946e-05 0.00228988
internal_weight=2.53432e+08 5.53432e+06 1.6826e+06 1.12711e+06 3.85172e+06 2.7761e+06 555485 2.47898e+08 9.24273e+06 6.3018e+06 989600 2.38655e+08 2.36776e+08 1.48522e+07
internal_count=229791 10618 5878 2209 4740 3472 3669 219173 10163 6620 2899 209010 207281 11013
cat_boundaries=0 1 2
cat_threshold=170 12
is_linear=0
shrinkage=0.03


Tree=221
num_leaves=15
num_cat=1
split_feature=13 12 13 13 11 0 12 10 10 2 11 10 16 14
split_gain=70865.3 127542 89880.8 49671.2 44515.4 31028.8 97873.7 170591 99774.4 98356 130789 95644.8 121087 74472.9
threshold=0.54078925851391635 0.99947707111996298 0.33722492917240238 0.33722492917240238 0.92833667948537613 0 1.0094282815670288 1.0135079437829182 1.1942558122392908 1.5000000000000002 0.96973899304761912 0.93078066328201858 0.064136398922387719 0.91194318212774761
decision_type=2 2 2 2 2 1 2 2 2 2 2 2 2 2
left_child=1 3 4 -1 -3 6 9 11 13 10 -2 -8 -13 -9
right_child=5 2 -4 -5 -6 -7 7 8 -10 -11 -12 12 -14 -15
leaf_value=-0.00052193344122183655 -0.00083285101317938121 0.0012750983205656397 0.00049782378150032538 0.00034318460625332517 -8.8788362193137764e-05 -1.5217542471565418e-05 0.00086139105402995594 -0.00027032303512420204 -0.00023222138319679077 0.00064204344060396891 0.00038679465617160347 -0.00016811091504133447 -0.0011483115427391979 0.00031813830474701558
leaf_weight=1686930.0964845419 2041250.2943902016 151049.28076219559 1145592.5133053064 2161393.8569449186 398346.24084913731 179103851.85412157 935657.77844643593 4214160.5253630877 12561909.003756881 11816630.061964631 4503741.37576437 4161424.9476288557 4467350.7431640625 24413293.601346493
leaf_count=2376 2456 113 2264 2299 3525 124246 1630 7128 15646 18419 5599 7859 3897 32791
internal_value=8.8844e-05 0.00344357 0.0103003 0.000423543 0.020276 1.39252e-05 0.000553872 -0.000125157 0.000712955 0.00243079 -0.000519457 -0.0037345 -0.00472238 0.00169104
internal_weight=2.53763e+08 5.54331e+06 1.69499e+06 3.84832e+06 549396 2.48219e+08 6.91154e+07 5.07538e+07 4.11894e+07 1.83616e+07 6.54499e+06 9.56443e+06 8.62878e+06 2.86275e+07
internal_count=230248 10577 5902 4675 3638 219671 95425 68951 55565 26474 8055 13386 11756 39919
cat_boundaries=0 1
cat_threshold=226
is_linear=0
shrinkage=0.03


Tree=222
num_leaves=15
num_cat=2
split_feature=13 12 13 14 12 0 2 9 1 12 12 0 10 1
split_gain=49013.3 119441 92729.7 49315.2 34530.8 131680 126227 121873 80941.3 67562.1 95371.4 169388 76512.9 70009.5
threshold=0.54078925851391635 1.0147104157921063 0.33722492917240238 0.65200648454514376 1.0598131614188067 0 3.5000000000000004 82.500000000000014 7.5000000000000009 1.03376952192731 1.0409231421374501 1 1.1039426284101042 15.500000000000002
decision_type=2 2 2 2 2 1 2 2 2 2 2 1 2 2
left_child=1 3 -3 -1 9 6 -6 -7 -9 -2 12 13 -11 -12
right_child=4 2 -4 -5 5 7 -8 8 -10 10 11 -13 -14 -15
leaf_value=-0.00054203969708545622 8.1587612349696142e-07 0.001980717866292963 0.0004668969780934134 0.00022076204380571437 0.00045210839256745153 0.00098862867314630483 -0.00012044341521473267 -0.0006525796671909606 -9.5694935466402172e-05 -0.00027208217608470713 -0.00013247142172974298 0.0002981271907157143 -0.0010191501602887854 -0.00093134872687034497
leaf_weight=999514.62192296982 181863575.21589816 459899.42897355556 1013894.7270407677 2975112.149269104 13857492.983898759 1215983.3134573698 6699966.3093949556 1846975.9118995667 17764810.891462326 5926873.131929636 4315724.579076767 8760197.2991446257 2434779.1694447994 2769760.0638122559
leaf_count=1939 151849 2683 1660 4260 13273 1545 9444 3976 13801 6819 3246 11114 2123 1955
internal_value=3.43838e-05 0.00284896 0.0101434 0.000144177 -2.75868e-05 0.000763203 0.00246652 -0.000918007 -0.00148943 -0.000186401 -0.0016753 -0.000307418 -0.00426748 -0.00375631
internal_weight=2.52905e+08 5.44842e+06 1.47379e+06 3.97463e+06 2.47456e+08 4.13852e+07 2.05575e+07 2.08278e+07 1.96118e+07 2.06071e+08 2.42073e+07 1.58457e+07 8.36165e+06 7.08548e+06
internal_count=229687 10542 4343 6199 219145 42039 22717 19322 17777 177106 25257 16315 8942 5201
cat_boundaries=0 1 2
cat_threshold=364 14
is_linear=0
shrinkage=0.03


Tree=223
num_leaves=15
num_cat=0
split_feature=13 12 13 11 10 11 16 2 12 11 1 3 12 12
split_gain=57624.9 116241 104581 40381.5 38670.7 65764.3 58692.5 49771.9 49393.5 41800.6 198477 76315.4 76090.9 60575.9
threshold=0.54078925851391635 0.99947707111996298 0.33722492917240238 0.93171241057181342 0.82120607435980486 0.82067536127917817 0.053356818994415696 1.5000000000000002 0.91874762502524698 0.9569913468292458 17.500000000000004 2.5000000000000004 0.9927388970595955 0.96636452254130412
decision_type=2 2 2 2 2 2 2 2 2 2 2 2 2 2
left_child=1 -1 3 -3 5 7 -7 -2 -9 10 11 12 13 -6
right_child=4 2 -4 -5 9 6 -8 8 -10 -11 -12 -13 -14 -15
leaf_value=3.0603387346927352e-05 -0.00025277899795375387 0.00084427388915444635 -0.0011467240547564546 0.0018239289922768747 -0.0001595346564704192 0.00040273166796317336 -0.00054915178373659624 0.0014175571749344706 -8.4894956839221249e-05 -6.2700172678683944e-06 0.00080696916337626016 -0.0011620444328712691 -0.00023017217630816227 0.00033200659200117235
leaf_weight=3812738.0516254902 1302148.4533445835 166256.94523775578 1165612.2400906086 401586.70706355572 3075678.8448970318 1156299.4200085402 5129936.9352722168 842328.15342462063 782854.47149252892 220706292.6697849 4458696.9422488213 1691661.5643590689 3761182.5547366142 5279594.8585292101
leaf_count=4679 1220 123 2219 3598 2572 3058 3605 1205 1102 194574 4366 2061 2841 2951
internal_value=3.65711e-05 0.0030609 0.00950208 0.0200594 -3.10133e-05 -0.00193816 -0.00366775 0.00177601 0.00527753 4.25163e-05 0.00142167 -0.000355301 0.000478052 0.00207313
internal_weight=2.53733e+08 5.54619e+06 1.73346e+06 567844 2.48187e+08 9.21357e+06 6.28624e+06 2.92733e+06 1.62518e+06 2.38973e+08 1.82668e+07 1.38081e+07 1.21165e+07 8.35527e+06
internal_count=230174 10619 5940 3721 219555 10190 6663 3527 2307 209365 14791 10425 8364 5523
is_linear=0
shrinkage=0.03


Tree=224
num_leaves=15
num_cat=2
split_feature=13 12 13 13 11 12 0 9 1 9 1 1 9 0
split_gain=50731 147344 101596 52262.4 38056.9 37461.6 30054.1 115059 338279 198898 169414 161522 161429 121539
threshold=0.54078925851391635 0.99947707111996298 0.33722492917240238 0.33722492917240238 0.93171241057181342 1.0253180588473227 0 72.500000000000014 8.5000000000000018 89.500000000000014 14.500000000000002 17.500000000000004 66.500000000000014 1
decision_type=2 2 2 2 2 2 1 2 2 2 2 2 2 1
left_child=1 3 4 -1 -3 -4 -2 8 -8 11 12 13 -10 -9
right_child=6 2 5 -5 -6 -7 7 9 10 -11 -12 -13 -14 -15
leaf_value=-0.00064678739922908264 -4.6702896729081081e-05 0.0013140787142599155 -4.810915285162211e-05 0.00027043759019556776 -0.0074508052210181964 0.00098682091700794507 -0.0011002835652910083 -0.00020996348502107546 0.00084809174655817924 6.3718040318972286e-06 -0.00031611099443659951 -0.00019429804244257368 -0.00012617782761501829 0.00050262115144068559
leaf_weight=1645585.422554493 101194356.68523264 164335.30150771141 590993.20392167568 2172810.4865487814 391803.05176460743 520779.18407571316 2028997.3654816151 1638437.2068147659 1888018.3822937012 121124761.26241839 4856075.9004688263 3551166.8195991516 2010230.1288604736 9845152.1147409678
leaf_count=2374 74521 123 1032 2292 3553 1192 2667 1852 1343 119619 4336 4407 1598 8930
internal_value=3.16901e-05 0.00288513 0.0103239 -0.000364192 0.0207925 0.0050872 -3.13994e-05 0.000242588 -0.00274042 0.000478831 -0.000182351 0.0037333 0.00447557 0.00546246
internal_weight=2.53624e+08 5.48631e+06 1.66791e+06 3.8184e+06 556138 1.11177e+06 2.48137e+08 1.46943e+08 1.07833e+07 1.3616e+08 8.75432e+06 1.50348e+07 3.89825e+06 1.14836e+07
internal_count=229839 10566 5900 4666 3676 2224 219273 144752 9944 134808 7277 15189 2941 10782
cat_boundaries=0 1 2
cat_threshold=268 64
is_linear=0
shrinkage=0.03


Tree=225
num_leaves=15
num_cat=3
split_feature=13 12 13 14 14 12 0 12 11 11 0 0 12 10
split_gain=53112.7 131137 77770.9 47508.8 40778.3 32236.9 123198 194268 121162 117087 266156 244379 115626 110517
threshold=0.54078925851391635 0.99947707111996298 0.33722492917240238 0.77327115767909194 0.65200648454514376 1.0051969303918387 0 1.0024913181220338 1.0314271113197637 1.0142450752632377 1 2 0.98842126986668599 1.0368600691440639
decision_type=2 2 2 2 2 2 1 2 2 2 1 1 2 2
left_child=1 4 3 -3 -1 6 7 -2 -8 11 -11 -7 -10 -13
right_child=5 2 -4 -5 -6 9 8 -9 12 10 -12 13 -14 -15
leaf_value=-0.00052523653779570272 0.0001435975677660929 -0.01257735603114063 0.00044549686875169453 0.0030402208992077887 0.00018862248381958793 0.00011565371788118966 1.5394682650628417e-05 0.0010290412996168091 -3.8188193321283636e-06 -0.00039364914226802796 7.9395168739150671e-05 -0.00044818996546624275 -0.00082325878864113124 -0.0019665412257200516
leaf_weight=926825.4003521204 26093944.750153184 163290.67706489563 1102459.7407573462 393106.93184769154 2966544.2315108776 13103125.249034166 52552863.485485911 4451415.8948582411 2823760.0583822727 22590920.062399387 109699044.35969269 12440630.572692633 3098618.2262792587 1546974.3110656738
leaf_count=1347 26117 1764 2213 1885 3348 13027 39135 3341 1948 21130 100597 10323 3003 962
internal_value=0.000154137 0.00305606 0.0101194 0.0192629 4.65757e-05 8.92735e-05 0.000546565 0.00209072 -0.000260045 -0.000166143 0.000201821 -0.00196299 -0.00432793 -0.00472076
internal_weight=2.53954e+08 5.55223e+06 1.65886e+06 556398 3.89337e+06 2.48401e+08 8.90206e+07 3.05454e+07 5.84752e+07 1.59381e+08 1.3229e+08 2.70907e+07 5.92238e+06 1.39876e+07
internal_count=230140 10557 5862 3649 4695 219583 73544 29458 44086 146039 121727 24312 4951 11285
cat_boundaries=0 1 2 3
cat_threshold=202 136 139
is_linear=0
shrinkage=0.03


Tree=226
num_leaves=15
num_cat=1
split_feature=13 12 1 13 10 10 12 12 1 0 14 16 13 14
split_gain=52222.6 129627 125226 45458.3 29904.5 29445.9 52046.3 66646 174689 140236 107040 74200.1 64245.2 46974.1
threshold=0.54078925851391635 0.99947707111996298 9.5000000000000018 0.43892950188008456 0.88656517134269841 0.79976984507662452 0.90935930987391711 0.98159646488267815 18.500000000000004 0 0.99496064308281695 0.054444299526872915 1.007562757184272 1.0766976746816785
decision_type=2 2 2 2 2 2 2 2 2 1 2 2 2 2
left_child=1 3 -3 4 -1 -2 -7 8 9 10 -8 -11 -13 -9
right_child=5 2 -4 -5 -6 6 7 13 -10 11 -12 12 -14 -15
leaf_value=1.4178242733077077e-05 -0.00018409102572512076 0.0020077842903437055 0.00047316788935409837 -2.2335028255558374e-05 -0.0017062079671748293 -0.00069063261561406574 0.00046928479429381772 -1.3132957747018521e-05 0.0011616577601999795 0.00039834151137137501 -0.00022804015850826006 -7.8878901742001923e-05 -0.0006335644294114248 0.00025279466343934413
leaf_weight=1783166.1346273422 7769806.9197641611 552436.95437431335 1136539.9553511143 1095729.3281966448 997343.07706201077 1882325.9199639559 4904103.5044169426 203495721.98810172 2991007.5320959091 2159342.0152608156 1489406.8949549198 4348009.8510131836 3325128.3659362793 15326671.67244637
leaf_count=1671 8447 3969 1968 1292 1731 1741 3170 163983 3517 2753 1499 2010 1632 30206
internal_value=8.07064e-05 0.00295469 0.00989088 -6.75862e-05 -0.00210703 1.61327e-05 7.49965e-05 0.000114289 0.00180818 0.00058014 0.00403879 -0.00166883 -0.00305133 -3.44696e-05
internal_weight=2.53257e+08 5.56522e+06 1.68898e+06 3.87624e+06 2.78051e+06 2.47692e+08 2.39922e+08 2.38039e+08 1.9217e+07 1.6226e+07 6.39351e+06 9.83248e+06 7.67314e+06 2.18822e+08
internal_count=229589 10631 5937 4694 3402 218958 210511 208770 14581 11064 4669 6395 3642 194189
cat_boundaries=0 1
cat_threshold=496
is_linear=0
shrinkage=0.03


Tree=227
num_leaves=15
num_cat=3
split_feature=13 12 13 13 16 12 0 1 1 11 0 9 16 0
split_gain=62975 131248 144650 32767.9 32498.5 84566.9 140104 104264 144690 107523 106495 122910 72272.1 104965
threshold=0.54078925851391635 0.99947707111996298 0.33722492917240238 0.33722492917240238 0.053521434381979857 0.98115963927892413 0 13.500000000000002 6.5000000000000009 0.98536147366073423 1 82.500000000000014 0.041059285419687973 2
decision_type=2 2 2 2 2 2 1 2 2 2 1 2 2 1
left_child=1 3 -3 -1 5 6 -2 8 10 -9 -7 -12 13 -11
right_child=4 2 -4 -5 -6 7 -8 9 -10 12 11 -13 -14 -15
leaf_value=-0.00049876664900310472 0.0016192120000573114 0.00064808723856493266 0.00033599172076553472 0.00024313538927565713 -2.3799473538236245e-05 -0.0013133025753788742 9.4357867534964562e-06 0.00089090589968642399 0.00038308764559170553 -0.00059981531413718845 -0.0010413068295268954 0.00019119212056844327 -0.00053540258571598573 0.00025122007279496957
leaf_weight=1624593.3331007957 2177862.6584647894 584915.3436088562 1153269.2210764885 2198938.60937953 197199369.50642228 1620779.4251664877 3148382.4350378513 2550859.9834289551 16134117.206565857 4527938.5771980286 925443.9089666605 5360593.1961946487 6877786.2128839493 7790692.490499258
leaf_count=2369 3897 3657 2217 2327 118010 8035 6721 4908 16504 8084 3541 23443 6180 20359
internal_value=-8.2642e-06 0.00314885 0.009984 4.15817e-05 -7.89771e-05 0.000595137 0.00417293 0.000178955 0.00154052 -0.00132622 -0.00178405 -1.6138e-05 -0.00209517 -0.000719739
internal_weight=2.53876e+08 5.56172e+06 1.73818e+06 3.82353e+06 2.48314e+08 5.11145e+07 5.32625e+06 4.57882e+07 2.40409e+07 2.17473e+07 7.90682e+06 6.28604e+06 1.91964e+07 1.23186e+07
internal_count=230252 10570 5874 4696 219682 101672 10618 91054 51523 39531 35019 26984 34623 28443
cat_boundaries=0 1 2 3
cat_threshold=89 3 148
is_linear=0
shrinkage=0.03


Tree=228
num_leaves=15
num_cat=2
split_feature=13 0 1 3 10 16 3 13 16 1 16 0 16 2
split_gain=54735.3 78918.7 52026.9 44563 41926 31529.3 91675.4 86864.3 79470.9 105928 141584 121832 95680.2 97724.1
threshold=0.54078925851391635 0 12.500000000000002 1.5000000000000002 0.73877059037293324 0.087445513065073616 1.5000000000000002 0.89713437140145724 0.076603777319970187 8.5000000000000018 0.081083792322249923 1 0.072299485717510797 1.5000000000000002
decision_type=2 1 2 2 2 2 2 2 2 2 2 1 2 2
left_child=1 2 -1 4 -3 8 7 -7 12 -10 11 -11 13 -2
right_child=5 3 -4 -5 -6 6 -8 -9 9 10 -12 -13 -14 -15
leaf_value=0.0014163993941518499 -8.3839237594241273e-05 -0.00030944436061882818 0.00040845106265975352 -0.0012702314742818522 0.00039865443512463865 0.00019188646221239314 -0.00084986860338784624 -8.0046862452636311e-05 0.00099637747299838298 0.00057400936984082658 -5.9791810880784479e-05 0.00014677767998857037 -0.00022145020206520088 7.5679302657910552e-05
leaf_weight=813528.45095598698 57369260.71642065 690060.74088943005 987349.82482147217 1207812.1502878666 1798528.0947035551 5834437.5989379883 3857920.8589837551 25408688.768371582 1772852.1909179688 5485603.2964172363 21903263.431369781 9505522.8067760468 14160451.90637064 102533798.53262019
leaf_count=2472 52549 524 1022 2779 3810 2477 3764 10066 889 2938 11999 6746 8837 119069
internal_value=0.000100868 0.00306172 0.00821143 0.000552769 0.00284756 3.51916e-05 -0.000797827 -0.000259077 0.000172642 0.00140289 0.00105869 0.00330508 -0.000100651 0.000108658
internal_weight=2.53329e+08 5.49728e+06 1.80088e+06 3.6964e+06 2.48859e+06 2.47832e+08 3.5101e+07 3.12431e+07 2.12731e+08 3.86672e+07 3.68944e+07 1.49911e+07 1.74064e+08 1.59903e+08
internal_count=229941 10607 3494 7113 4334 219334 16307 12543 203027 22572 21683 9684 180455 171618
cat_boundaries=0 1 2
cat_threshold=140 49
is_linear=0
shrinkage=0.03


Tree=229
num_leaves=15
num_cat=3
split_feature=13 12 13 0 13 11 0 16 0 16 3 14 16 16
split_gain=54285.1 116171 110012 44444.3 35485.1 27361.7 27075.1 26343.8 73389.6 44492.1 90368 84191.9 69545.1 107284
threshold=0.54078925851391635 0.99947707111996298 0.33722492917240238 0 0.28104573522942611 0.93171241057181342 1 0.099543307276843615 2 0.087445513065073616 1.0000000180025095e-35 0.89316335908130429 0.076603777319970187 0.081083792322249923
decision_type=2 2 2 1 2 2 1 2 1 2 2 2 2 2
left_child=1 4 3 -3 -1 -5 -6 9 -9 12 11 -11 -2 -14
right_child=7 2 -4 5 6 -7 -8 8 -10 10 -12 -13 13 -15
leaf_value=-0.00069827611453340572 -1.5654832949045701e-05 0.0025537366782941232 0.00037661373213160348 -0.00040529686803246332 0.00045366725877980628 -0.048826316469055185 -8.0321399051638351e-05 0.00043601087396018414 -0.00028548229817980842 0.00019164045645842358 -0.00053544009541174316 -0.00010761975117646994 0.0003297340712944959 -4.34275750572234e-06
leaf_weight=1028013.9123213291 174110815.28937984 332272.99920737743 1138046.5813791752 94659.018355488777 1077248.6939119101 134658.57591736317 1660208.9304976463 4829612.343588829 1786347.3949584961 3854027.1627197266 5923572.4096984863 18746546.67175293 15134310.376893044 23939440.003592968
leaf_count=1870 180438 572 2225 84 1407 3013 1341 2385 1883 1388 4344 6378 9774 12925
internal_value=5.96502e-05 0.00301722 0.00952754 0.0203926 7.86255e-05 0.0102321 0.00186331 -5.43979e-06 0.00186223 -5.65609e-05 -0.00116929 -0.000304808 9.23221e-05 0.00123611
internal_weight=2.5379e+08 5.46511e+06 1.69964e+06 561591 3.76547e+06 229318 2.73746e+06 2.48325e+08 6.61596e+06 2.41709e+08 2.85241e+07 2.26006e+07 2.13185e+08 3.90738e+07
internal_count=230027 10512 5894 3669 4618 3097 2748 219515 4268 215247 12110 7766 203137 22699
cat_boundaries=0 1 2 3
cat_threshold=24 421 448
is_linear=0
shrinkage=0.03


Tree=230
num_leaves=15
num_cat=4
split_feature=16 0 16 9 11 0 16 9 1 1 0 2 16 0
split_gain=33958.6 75078.6 47733 55200.1 42725.6 95869.5 42778.7 41305.2 250224 349680 135934 56592.3 109015 56017.9
threshold=0.099543307276843615 0 0.091250173667429463 62.500000000000007 1.0346667605123312 1 0.096598222124024177 66.500000000000014 9.5000000000000018 14.500000000000002 2 1.0000000180025095e-35 0.060856665697047466 3
decision_type=2 1 2 2 2 1 2 2 2 2 1 2 2 1
left_child=2 -2 3 -1 6 -6 -4 8 -5 -10 -11 12 -9 -13
right_child=1 -3 4 7 5 -7 -8 11 9 10 -12 13 -14 -15
leaf_value=-0.00055875477199389292 0.00049736025795363802 -0.00030982712113372749 -0.00011943509096060821 -0.00077477372419653551 0.00030764108950135635 -0.00023649454311439814 -0.00055726608120078367 -0.00028282657619884208 0.0015940862935390754 -0.00054683152343501756 0.00047426565048768935 8.429700831592489e-05 5.5084234634050921e-05 -2.1225724373780825e-05
leaf_weight=1617397.8686277866 4979034.2897441387 1808808.1565246582 6450614.0853857994 1360226.2848485708 4376476.5019598007 4083454.3355102539 2827319.7258872986 17182335.478778481 2048922.0836486816 1356183.2145309448 1731637.8641734123 93312993.833945632 19188638.419586182 91303219.605372667
leaf_count=1343 2476 1917 2537 1698 1779 1866 861 20559 1386 801 1563 97415 9832 84115
internal_value=0.000104403 0.00219774 4.68386e-05 0.000162919 -0.00145246 8.94475e-05 -0.00285841 0.000202185 0.00255982 0.00558946 -0.000786558 0.000132871 -0.000948747 0.000345959
internal_weight=2.53627e+08 6.78784e+06 2.46839e+08 2.29102e+08 1.77379e+07 8.45993e+06 9.27793e+06 2.27484e+08 6.49697e+06 5.13674e+06 3.08782e+06 2.20987e+08 3.6371e+07 1.84616e+08
internal_count=230148 4393 225755 218712 7043 3645 3398 217369 5448 3750 2364 211921 30391 181530
cat_boundaries=0 1 2 3 4
cat_threshold=448 330 19 179
is_linear=0
shrinkage=0.03


Tree=231
num_leaves=15
num_cat=3
split_feature=13 12 13 13 10 10 0 1 12 12 0 14 12 0
split_gain=67982.2 122653 115836 38893.7 31042.8 159398 106011 151650 169773 170833 112832 97530.1 97173.3 136332
threshold=0.54078925851391635 0.99947707111996298 0.33722492917240238 0.33722492917240238 1.0377336508874493 1.0363308762909964 0 17.500000000000004 1.0233061924905116 1.0556393429599884 1 1.0202824115127569 1.0300344433885027 2
decision_type=2 2 2 2 2 2 1 2 2 2 1 2 2 1
left_child=1 3 -3 -1 5 12 7 11 -9 10 -10 -6 13 -2
right_child=4 2 -4 -5 6 -7 -8 8 9 -11 -12 -13 -14 -15
leaf_value=-0.00053374961795861909 0.00022991591065653569 0.0026117912335688036 0.00036087751981979475 0.00032056535627825476 0.00010226185233489304 -0.00081448923191076539 -8.2616955192096693e-05 0.00036246758478356695 -6.1002900681983832e-05 -5.4718409702480723e-06 -0.00082899240896838126 0.0005568247520302479 -0.00031156258730054217 -4.7380338325921488e-05
leaf_weight=1639329.7053078413 33181205.088172436 549572.94541323185 1135645.9540611506 2225150.9307575226 42575647.380573511 4406888.9760767221 52228557.047857881 5593423.7284836769 1397074.2237362862 5528746.6985354424 3629553.5844421387 8879589.1761209965 13351432.336622477 77640731.715319037
leaf_count=2309 31771 3599 2222 2339 31804 3063 50566 6123 2427 7009 2113 11267 14588 58896
internal_value=5.63604e-05 0.00334023 0.0100939 0.000395082 -1.70034e-05 -0.000340757 0.000330384 0.00111467 -0.00142163 -0.0036608 -0.00766342 0.00191067 -0.000141769 0.000149525
internal_weight=2.53963e+08 5.5497e+06 1.68522e+06 3.86448e+06 2.48413e+08 1.2858e+08 1.19833e+08 6.7604e+07 1.61488e+07 1.05554e+07 5.02663e+06 5.14552e+07 1.24173e+08 1.10822e+08
internal_count=230096 10469 5821 4648 219627 108318 111309 60743 17672 11549 4540 43071 105255 90667
cat_boundaries=0 1 2 3
cat_threshold=372 352 202
is_linear=0
shrinkage=0.03


Tree=232
num_leaves=15
num_cat=4
split_feature=13 12 13 10 10 11 11 1 0 13 0 16 0 0
split_gain=51627.6 110839 77643.9 36434.5 36060.8 54487.3 50469.2 163267 100283 62561.2 57493.3 53708.6 53409.8 48681.1
threshold=0.54078925851391635 1.0147104157921063 0.33722492917240238 1.0184092183406726 0.82120607435980486 0.82067536127917817 0.9569913468292458 18.500000000000004 0 0.89490769763221423 1 0.0634588025206895 2 3
decision_type=2 2 2 2 2 2 2 2 1 2 1 2 1 1
left_child=1 3 -3 -1 5 -2 7 8 9 -6 -9 -11 -10 -8
right_child=4 2 -4 -5 6 -7 13 10 12 11 -12 -13 -14 -15
leaf_value=0.00019292590663937833 0.00020165391820479338 0.0025191115427671529 0.00050017647095234056 -0.0029901792715744504 0.00055803824684210997 -0.00037995135906099725 0.00010618370945690174 0.0012500836771179294 -6.6685940254477728e-05 -0.00018749126877470027 0.00047619718601331362 0.00034165757872595365 -0.00092836215661633401 -1.7457254364755928e-05
leaf_weight=3448123.1380565166 2932178.6279504299 464381.87046790123 942818.30971539021 668471.95298552513 2123488.2050709724 6347295.421428442 52699826.689515352 1694548.2408614159 7294587.3422687054 1777736.1716947556 1229844.7913970947 2797477.7765808105 1473617.4405534267 167618052.77042973
leaf_count=4181 3515 2699 1670 2058 1456 6648 66201 1962 4919 1821 1649 1379 1537 128133
internal_value=0.000167336 0.00303587 0.0103043 0.000551259 0.000103441 -0.00173139 0.000174768 0.00168456 0.000455485 0.0032192 0.00818508 0.00124406 -0.00165593 4.87354e-05
internal_weight=2.53512e+08 5.5238e+06 1.4072e+06 4.1166e+06 2.47989e+08 9.27947e+06 2.38709e+08 1.83913e+07 1.54669e+07 6.6987e+06 2.92439e+06 4.57521e+06 8.7682e+06 2.20318e+08
internal_count=229828 10608 4369 6239 219220 10163 209057 14723 11112 4656 3611 3200 6456 194334
cat_boundaries=0 1 2 3 4
cat_threshold=177 185 268 98
is_linear=0
shrinkage=0.03


Tree=233
num_leaves=15
num_cat=0
split_feature=10 10 3 16 3 10 14 11 1 11 1 10 11 13
split_gain=33003.9 60364.4 96722.6 61069.7 57298.9 102687 59766.7 54077.9 95227.1 75881.9 124445 81338.3 61267.9 74039.3
threshold=1.1942558122392908 1.1493816470633826 1.0000000180025095e-35 0.082907891132556658 1.5000000000000002 1.3953303454829544 0.70973154498075464 1.0766544007495955 18.500000000000004 1.0631792722561391 18.500000000000004 1.1037060526275941 1.0662157011343227 1.0319898071062719
decision_type=2 2 2 2 2 2 2 2 2 2 2 2 2 2
left_child=1 7 -3 -4 6 -6 -2 9 -9 -1 11 12 -11 -14
right_child=4 2 3 -5 5 -7 -8 8 -10 10 -12 -13 13 -15
leaf_value=4.0877440762080136e-06 5.0873831203451926e-05 0.0004333189028876902 4.3690865052606522e-05 -0.001044231402617089 -0.00032151418170039807 -0.0024429149801819539 -0.00014720061090565224 -4.4494613399366664e-05 -0.00070806870085585942 0.00066448823337190283 -0.0004837913433015788 -0.00016018790095859937 9.2744707892073944e-05 0.00082465133873142217
leaf_weight=180175480.95236182 2388217.591770649 9724832.2287654877 3752443.2174206972 1039012.7920722961 2485351.0654659271 673466.57276344299 11516468.11118269 24751943.164871931 4401277.8458070755 2337515.4595196247 1891854.1743457317 1753548.0364878178 4625299.3335700035 2027736.6991480589
leaf_count=153130 1995 8628 5496 754 4922 901 12340 22458 7095 1552 2931 2125 3656 2005
internal_value=5.52078e-05 0.00014715 0.0020214 -0.00146731 -0.001219 -0.00486636 -0.000390407 2.45753e-05 -0.00117966 0.000206657 0.00245399 0.00370329 0.00485607 0.00338812
internal_weight=2.53544e+08 2.36481e+08 1.45163e+07 4.79146e+06 1.70635e+07 3.15882e+06 1.39047e+07 2.21965e+08 2.91532e+07 1.92811e+08 1.2636e+07 1.07441e+07 8.99055e+06 6.65304e+06
internal_count=229988 209830 14878 6250 20158 5823 14335 194952 29553 165399 12269 9338 7213 5661
is_linear=0
shrinkage=0.03


Tree=234
num_leaves=15
num_cat=0
split_feature=13 3 14 11 13 11 9 10 9 16 2 2 16 9
split_gain=47732.7 70965.1 97235.4 85800.6 70744.5 48417.8 38666.6 34075.6 29277.2 234835 107487 149590 118327 236641
threshold=0.54078925851391635 1.5000000000000002 0.79942586552422157 0.89451372984939514 0.33722492917240238 0.92833667948537613 62.500000000000007 0.83866519279172203 89.500000000000014 0.051279197897697977 5.5000000000000009 4.5000000000000009 0.057920467695699883 68.500000000000014
decision_type=2 2 2 2 2 2 2 2 2 2 2 2 2 2
left_child=1 3 -3 -1 5 -5 -2 -6 9 -8 11 12 13 -11
right_child=6 2 -4 4 7 -7 8 -9 -10 10 -12 -13 -14 -15
leaf_value=7.0799531993424964e-05 -0.00043018736606614772 -0.010333684410845674 0.00024738938426724274 0.00029783496878100498 9.1049253331517034e-05 0.0023499821961139953 -0.00059519743233511638 0.00089513030045077012 -7.2713354547247818e-06 0.0017691406890499935 -0.00038460111057324255 0.0011407195579750333 3.4259957500968451e-05 0.00018522107306739895
leaf_weight=2130941.0572314262 1735447.9199397564 442829.01360476017 1170368.7825056314 243773.79028868675 607847.59321141243 327140.31767261028 6076360.1728869677 673335.51562428474 205317219.50373805 1662879.3440246582 2641919.5512230396 3090040.6409244537 21901787.964660645 5630901.0202026367
leaf_count=1797 1327 1377 2403 273 410 2617 14623 1731 182026 1009 2565 2759 11577 3453
internal_value=0.00010125 0.00284116 -0.00246718 0.00499113 0.00971408 0.0184973 3.94363e-05 0.00580012 7.08753e-05 0.000802748 0.0017497 0.00222577 0.00156143 0.00487098
internal_weight=2.53653e+08 5.59624e+06 1.6132e+06 3.98304e+06 1.8521e+06 570914 2.48057e+08 1.28118e+06 2.46321e+08 4.10039e+07 3.49275e+07 3.22856e+07 2.91956e+07 7.29378e+06
internal_count=229947 10608 3780 6828 5031 2890 219339 2141 218012 35986 21363 18798 16039 4462
is_linear=0
shrinkage=0.03


Tree=235
num_leaves=15
num_cat=4
split_feature=13 12 13 0 13 0 10 10 0 10 0 12 12 9
split_gain=56028.6 117868 95108.7 44093.7 39636 33367.3 31552.4 108349 109215 96852.1 120155 129247 121737 178441
threshold=0.54078925851391635 0.99947707111996298 0.33722492917240238 0 0.33722492917240238 1 1.0389604186223813 1.0428102923176461 2 1.0363308762909964 3 1.0097365641906493 0.99983254367729579 88.500000000000014
decision_type=2 2 2 1 2 1 2 2 1 2 1 2 2 2
left_child=1 4 5 -4 -1 -3 9 -8 -9 10 11 12 -2 -14
right_child=6 2 3 -5 -6 -7 7 8 -10 -11 -12 -13 13 -15
leaf_value=-0.00052720452629786703 0.00010047620866210084 0.0023787848304984115 0.00099442341622939354 -0.0046672159136034296 0.00027868061718443047 0.0017189552433356926 0.00025971446911315796 0.00022555201584892315 -4.6439903739901627e-05 -0.00046420066437939076 -7.4243553652564198e-05 -0.00013045446220351115 -0.00047908506950363237 0.00075508662263219209
leaf_weight=1640908.9266827106 16315502.05384922 360583.3402223587 513387.91695070267 621595.93343031406 2144021.6099851131 198450.33864629269 10212397.757952929 26038880.71155858 81460048.057317734 6457051.4781891108 76978308.172170997 18818136.857750297 2193160.7196842432 9350488.1533178091
leaf_count=2330 16428 957 955 1302 2285 2702 7236 36787 65150 5040 59418 18689 1898 8626
internal_value=8.74279e-05 0.00308817 0.00966536 0.00467655 0.000144424 0.0197939 2.10867e-05 0.000376977 9.64419e-05 -0.000300883 -0.000113846 0.00108708 0.00238451 0.00474214
internal_weight=2.53303e+08 5.47895e+06 1.69402e+06 1.13498e+06 3.78493e+06 559034 2.47824e+08 1.17711e+08 1.07499e+08 1.30113e+08 1.23656e+08 4.66773e+07 2.78592e+07 1.15436e+07
internal_count=229803 10531 5916 2257 4615 3659 219272 109173 101937 110099 105059 45641 26952 10524
cat_boundaries=0 1 2 3 4
cat_threshold=138 56 352 139
is_linear=0
shrinkage=0.03


Tree=236
num_leaves=15
num_cat=4
split_feature=11 0 12 0 0 11 12 0 16 9 12 12 2 2
split_gain=34393.4 164586 149226 138352 116588 164428 218068 103623 140663 94291 88741.4 138670 116945 87721.6
threshold=1.0256949624400986 0 1.0022632125571322 1 2 1.0142450752632377 1.0081207388974922 3 0.097814422449162955 64.500000000000014 1.0483975785225208 1.0166521525691514 1.0000000180025095e-35 4.5000000000000009
decision_type=2 1 2 1 1 2 2 1 2 2 2 2 2 2
left_child=4 10 3 -3 9 6 7 8 -6 -1 11 -2 -12 -13
right_child=1 2 -4 -5 5 -7 -8 -9 -10 -11 12 13 -14 -15
leaf_value=-0.00046533924514872348 -7.967236019464579e-05 -0.00090285892911409597 6.7531189905156732e-05 -2.7882131489248585e-05 -0.0004650996838564797 0.00037415403654083429 -0.00079971586711859383 0.0001210545111112082 0.00074552190030905503 0.00012962124290017915 -0.0012026427130123292 -0.0008294140944628657 0.00025691560742717147 3.0082050556874155e-05
leaf_weight=2592599.0941411257 8316343.9286324978 3684335.156432271 94032132.758283377 5170591.3809551001 10312992.842382193 9121241.699133873 8219761.1921356916 14014611.300721765 1027342.5603027344 78862446.329179645 1188702.7848800421 8904102.4714360237 5957694.3913890123 1933900.7618751526
leaf_count=1582 6923 3388 91484 4330 11329 8976 8185 14244 378 61227 1205 6597 7245 2598
internal_value=0.000128563 -0.000214104 0.000327287 -0.00339585 0.000485133 -0.000784678 -0.00175505 -0.000378443 -0.00251049 0.00115072 -0.00233199 -0.00339641 0.000520931 -0.0056324
internal_weight=2.53339e+08 1.29188e+08 1.02887e+08 8.85493e+06 1.24151e+08 4.26959e+07 3.35747e+07 2.53549e+07 1.13403e+07 8.1455e+07 2.63007e+07 1.91543e+07 7.1464e+06 1.0838e+07
internal_count=229691 123770 99202 7718 105921 43112 34136 25951 11707 62809 24568 16118 8450 9195
cat_boundaries=0 1 2 3 4
cat_threshold=136 5 155 256
is_linear=0
shrinkage=0.03


Tree=237
num_leaves=15
num_cat=3
split_feature=13 12 13 11 13 13 2 12 16 4 0 0 12 0
split_gain=57286.8 136574 86538 57370.9 35188.9 27566.4 72070.2 79783.2 71364.9 86277.5 70798.8 65741.8 45710.7 53931
threshold=0.54078925851391635 0.99947707111996298 0.33722492917240238 0.92833667948537613 0.43892950188008456 1.1482442084774827 4.5000000000000009 1.0222447880274059 0.038465513575636691 1.0000000180025095e-35 0 1 1.0666052657390228 2
decision_type=2 2 2 2 2 2 2 2 2 2 1 1 2 1
left_child=1 4 3 -3 -1 -2 8 10 -7 12 -8 -11 13 -10
right_child=5 2 -4 -5 -6 6 7 -9 9 11 -12 -13 -14 -15
leaf_value=-0.00023560184877837668 -7.0387539277996928e-06 0.00078838865781122021 -0.0019477173307251041 0.0014196665886382263 0.00056034585389027572 0.001209879567047338 0.0024018376577688428 -8.1240511933330025e-05 -0.00064637251618990753 -0.00031333611709433086 0.00059412702930088308 -0.0032605226927241659 0.00055947990333661849 0.00010655762864477887
leaf_weight=2753919.3542990685 228744960.26948607 167392.12620639801 1126521.4022032022 384196.78838372231 1085948.5346134901 2315865.0762170553 1402797.4973467588 1828384.7558623552 1950505.5 1135333.0844116211 1527959.4558353424 1027210.6610717773 1542579.9523010254 6390354.9703674316
leaf_count=3418 184786 116 2211 3550 1299 13366 2093 4623 1069 1185 4150 1402 1465 5254
internal_value=8.1138e-05 0.00310441 0.0102438 0.0199797 -1.56841e-05 1.3834e-05 0.0011081 0.00430762 4.78643e-05 -0.00087938 0.00737563 -0.00630714 0.00030824 -0.000569154
internal_weight=2.53384e+08 5.51798e+06 1.67811e+06 551589 3.83987e+06 2.47866e+08 1.9121e+07 4.75914e+06 1.43618e+07 1.2046e+07 2.93076e+06 2.16254e+06 9.88344e+06 8.34086e+06
internal_count=229987 10594 5877 3666 4717 219393 34607 10866 23741 10375 6243 2587 7788 6323
cat_boundaries=0 1 2 3
cat_threshold=84 278 88
is_linear=0
shrinkage=0.03


Tree=238
num_leaves=15
num_cat=2
split_feature=13 12 13 11 14 11 16 1 12 0 2 2 16 0
split_gain=51857 166049 77666.8 62360.7 36540.2 29545.1 58469.1 53974.2 47318.5 87952.4 50690 46607.6 48637.6 45048.1
threshold=0.54078925851391635 0.99947707111996298 0.33722492917240238 0.92833667948537613 0.67021016678877732 1.1902710751006842 0.085001989604789538 11.500000000000002 1.1153931218449846 0 3.5000000000000004 1.5000000000000002 0.065806155754243423 1
decision_type=2 2 2 2 2 2 2 2 2 1 2 2 2 1
left_child=1 4 3 -3 -1 8 7 -7 -2 11 13 -10 -13 -11
right_child=5 2 -4 -5 -6 6 -8 -9 9 10 -12 12 -14 -15
leaf_value=-0.0004611841912699336 -1.631237600602558e-06 0.0007328473501261489 -0.0058147610368249822 0.0026167515424535088 0.00015546523804288928 -0.00080809542280388673 0.00037190848693252241 -0.00012106217460812196 -0.00075165712711286654 0.0010490464657039356 9.21101037177173e-05 0.00076274210789250153 -0.00032485328310563784 0.00030038921627231866
leaf_weight=1073967.3580091 230550726.36885428 168718.69777715206 1149329.2581664324 412719.77935433388 2811028.8997797966 2408829.544128418 1412912.7521362305 4348430.4347691536 1209353.4762281179 2187369.9083017111 2020263.8848057985 1231832.8739472628 1193339.9718322754 1660097.0152363777
leaf_count=1481 201645 118 2232 3541 3237 3228 658 4244 1045 2070 2585 1754 837 1340
internal_value=7.01392e-05 0.00292091 0.0106497 0.0195846 -0.000522267 5.64375e-06 -0.00176847 -0.00292896 6.60254e-05 0.00214071 0.00441225 -0.00152656 0.000872444 0.00643278
internal_weight=2.53839e+08 5.61576e+06 1.73077e+06 581438 3.885e+06 2.48223e+08 8.17017e+06 6.75726e+06 2.40053e+08 9.50226e+06 5.86773e+06 3.63453e+06 2.42517e+06 3.84747e+06
internal_count=230015 10609 5891 3659 4718 219406 8130 7472 211276 9631 5995 3636 2591 3410
cat_boundaries=0 1 2
cat_threshold=137 100
is_linear=0
shrinkage=0.03


Tree=239
num_leaves=15
num_cat=1
split_feature=13 12 13 11 14 0 9 12 12 1 9 16 11 12
split_gain=77271.4 182868 67048.1 46525.8 34394.2 88913.5 127753 105685 64186.9 78330.9 57439.1 70973.9 74641.3 78971.9
threshold=0.54078925851391635 0.99947707111996298 0.33722492917240238 0.92833667948537613 1.0320974020590354 0 66.500000000000014 1.0666052657390228 1.0375626961833271 17.500000000000004 84.500000000000014 0.052915134947898658 0.97444208477667915 1.015250755764568
decision_type=2 2 2 2 2 1 2 2 2 2 2 2 2 2
left_child=1 -1 3 -3 -2 6 -6 8 -7 -10 -8 -12 -13 -14
right_child=4 2 -4 -5 5 7 10 -9 9 -11 11 12 13 -15
leaf_value=-0.00010070356060911246 -1.8193585378231545e-05 0.00085921385953209703 0.00065958649826010644 0.0021656793351443205 -0.0011545127580058054 -9.7137883300134508e-05 0.00066823728903926541 0.00055521157538403448 -0.00029747909365056253 -0.0017967683060844252 0.00073438870740303946 -0.00051355426250894334 0.00052875873875800415 -7.3591294247189921e-05
leaf_weight=3866477.316917181 202646513.5742166 161729.27313554287 1137880.0424792767 412768.70775794983 954938.99693906307 14663473.121366739 3245954.0924972296 2587114.9813666344 2512618.8059754372 989384.65364384651 6501538.6397380829 2888084.7391357422 5108804.8080291748 5862255.6981506348
leaf_count=4706 158685 111 2244 3588 894 19306 3875 4068 2841 1313 17815 2132 3437 5010
internal_value=4.73176e-05 0.00353893 0.0117005 0.020055 -3.12402e-05 0.00071594 0.00193745 -0.000729766 -0.0015377 -0.00518676 0.00237261 0.00178175 0.000568602 0.0016982
internal_weight=2.5354e+08 5.57886e+06 1.71238e+06 574498 2.47961e+08 4.53142e+07 2.45616e+07 2.07526e+07 1.81655e+07 3.502e+06 2.36066e+07 2.03607e+07 1.38591e+07 1.09711e+07
internal_count=230025 10649 5943 3699 219376 60691 33163 27528 23460 4154 32269 28394 10579 8447
cat_boundaries=0 1
cat_threshold=186
is_linear=0
shrinkage=0.03


Tree=240
num_leaves=15
num_cat=3
split_feature=11 0 1 11 4 14 11 11 11 0 0 1 12 9
split_gain=29480 185372 114637 156920 126409 97374.5 91710.7 112490 86815.3 201157 144455 120675 226844 183018
threshold=1.0069201742998883 0 17.500000000000004 0.96562958517018271 1.0000000180025095e-35 1.0107815004042069 1.0011991564699063 0.99953296935072145 1.0132613496646867 1 2 17.500000000000004 1.0019210461987851 84.500000000000014
decision_type=2 1 2 2 2 2 2 2 2 1 1 2 2 2
left_child=1 5 4 -4 6 -1 7 -3 9 -2 -10 12 -12 -13
right_child=8 2 3 -5 -6 -7 -8 -9 10 -11 11 13 -14 -15
leaf_value=-8.1789986319027211e-05 0.00024099707070385481 6.8207798209510878e-05 0.00074459245765000771 0.00011473758698368042 -0.0022074190071091938 -0.00076085639033160696 0.00039650654572525793 -0.00078497184484250691 -0.00016787978783533883 -0.0006377681239642418 -0.00028227074529160631 -0.00070026137669115351 0.00015923048729872229 6.9447945706528875e-06
leaf_weight=9129910.984387517 4699767.0050090551 39527062.983504772 6436439.5602521896 9297662.5549507141 1473152.843303442 5210651.1805717945 7258933.9855134487 2710853.235281229 44660534.339093208 8904679.8302772045 9417635.5253958702 5272293.4500969648 77594202.792321801 22018515.46775651
leaf_count=8098 4366 30765 6698 9682 1903 7630 5235 2647 45086 5854 6960 5436 66127 23464
internal_value=0.000105423 0.000577397 0.00124265 0.00348109 0.000551663 -0.00251699 0.000809406 0.000274069 -0.000116234 -0.00241634 8.06142e-05 0.000645906 0.00119182 -0.00109463
internal_weight=2.53612e+08 8.10447e+07 6.67041e+07 1.57341e+07 5.097e+07 1.43406e+07 4.94969e+07 4.22379e+07 1.72568e+08 1.36044e+07 1.58963e+08 1.14303e+08 8.70118e+07 2.72908e+07
internal_count=229951 72658 56930 16380 40550 15728 38647 33412 157293 10220 147073 101987 73087 28900
cat_boundaries=0 1 2 3
cat_threshold=320 203 137
is_linear=0
shrinkage=0.03


Tree=241
num_leaves=15
num_cat=0
split_feature=13 12 13 11 10 1 11 1 14 12 14 14 16 2
split_gain=71440.4 208489 65730.1 55239.6 35459.7 145155 65155.1 103904 63201.5 47303.3 54684.7 43571.6 68768.5 50670.2
threshold=0.54078925851391635 0.99947707111996298 0.33722492917240238 0.92833667948537613 0.86883337326258692 18.500000000000004 0.9569913468292458 18.500000000000004 1.0259051638099339 0.96462961323702578 0.9397358606537326 1.0577981349574546 0.021489999432519832 4.5000000000000009
decision_type=2 2 2 2 2 2 2 2 2 2 2 2 2 2
left_child=1 -1 3 -3 5 -2 7 8 9 -6 -11 12 -8 -13
right_child=4 2 -4 -5 6 -7 11 -9 -10 10 -12 13 -14 -15
leaf_value=-5.1800838862953776e-05 -0.00026856876205998408 0.0007170890140949938 0.00065521492579325563 0.0027347740142318255 -0.00011738928295292788 0.00069356547875585705 -0.00064817925717930056 0.0010148196892458404 -0.00046361524186969356 0.00050653475373526604 0.00013619852479165344 7.4501336319532144e-05 -1.1035585273037429e-05 0.00084554699068994227
leaf_weight=3833021.7580373287 13411828.86353147 165702.71833992004 1101961.8665530682 422706.7751250267 2983991.7963637114 2567232.1325688362 5426428.0742337704 2026754.9764552116 2338157.810967207 2037095.5232236385 3613441.5452492237 17374578.864315867 191891802.96373129 4501256.6817013025
leaf_count=4715 11184 113 2222 3558 2117 3821 29982 2669 2838 1419 1950 25610 126966 10971
internal_value=2.78871e-05 0.00340239 0.0121792 0.020275 -4.72168e-05 -0.00141419 4.68556e-05 0.00211044 0.000957735 0.00214254 0.00375616 -7.55266e-05 -0.00021636 0.00119478
internal_weight=2.53696e+08 5.52339e+06 1.69037e+06 588409 2.48173e+08 1.59791e+07 2.32194e+08 1.29994e+07 1.09727e+07 8.63453e+06 5.65054e+06 2.19194e+08 1.97318e+08 2.18758e+07
internal_count=230135 10608 5893 3671 219527 15005 204522 10993 8324 5486 3369 193529 156948 36581
is_linear=0
shrinkage=0.03


Tree=242
num_leaves=15
num_cat=4
split_feature=13 12 13 10 16 0 0 12 11 0 0 12 14 11
split_gain=81823.1 152025 84707.5 46463.5 56396.8 66089.7 61848.9 51098.1 146545 165720 150727 142564 127348 108171
threshold=0.54078925851391635 0.99947707111996298 0.33722492917240238 0.82120607435980486 0.043347229934692762 0 1 1.0051969303918387 1.0314271113197637 2 3 1.0024913181220338 0.8560457533171264 1.0142450752632377
decision_type=2 2 2 2 2 1 1 2 2 1 1 2 2 2
left_child=1 -1 -3 4 5 -2 -6 8 9 11 -10 -5 -11 -9
right_child=3 2 -4 7 6 -7 -8 13 10 12 -12 -13 -14 -15
leaf_value=1.8541873654180668e-05 0.0024074560024417947 0.00201920618336389 0.00060831286840293004 0.00027357571897171308 -0.00063346997291670478 -0.00015090306529158768 -0.0001101993030824117 -0.00026106963750686138 -0.0010335647096385476 0.00035146660136986492 -7.0545417010837153e-05 0.00090786980154436653 -5.2596022849668063e-05 5.2958805221403727e-06
leaf_weight=3711518.5306121111 410831.21366548538 533890.52827310562 1112592.4064276218 19971177.023514628 2851047.1558227539 796631.48004496098 5226116.8891296387 26531330.358308792 3023780.1607092619 6406157.2157040834 7833134.7220481634 5303545.248018384 38207324.061842561 132020982.77089965
leaf_count=4610 1121 3665 2205 21817 1966 2976 4142 23324 2849 3861 6597 4902 24448 121468
internal_value=2.72915e-05 0.00369527 0.0112823 -5.17691e-05 -0.002134 0.00391326 -0.00303801 2.90205e-05 0.000643324 0.00114706 -0.00259931 0.00308792 4.7502e-05 -0.000283823
internal_weight=2.5394e+08 5.358e+06 1.64648e+06 2.48582e+08 9.28463e+06 1.20746e+06 8.07716e+06 2.39297e+08 8.07451e+07 6.98882e+07 1.08569e+07 2.52747e+07 4.46135e+07 1.58552e+08
internal_count=229951 10480 5870 219471 10205 4097 6108 209266 64474 55028 9446 26719 28309 144792
cat_boundaries=0 1 2 3 4
cat_threshold=72 41 171 5
is_linear=0
shrinkage=0.03


Tree=243
num_leaves=15
num_cat=4
split_feature=13 12 13 11 9 9 16 12 0 0 16 0 0 12
split_gain=71005.8 156585 55539.7 79351.2 26268.7 27022.5 229548 127852 179135 126087 92776.5 122394 104221 124767
threshold=0.54078925851391635 0.99947707111996298 0.33722492917240238 0.92833667948537613 62.500000000000007 82.500000000000014 0.051279197897697977 1.01444308625972 0 1 0.05215966109183421 2 3 1.0175172891964588
decision_type=2 2 2 2 2 2 2 2 1 1 2 1 1 2
left_child=1 -1 3 -3 -2 6 9 -8 -9 -6 11 -7 13 -12
right_child=4 2 -4 -5 5 10 7 8 -10 -11 12 -13 -14 -15
leaf_value=7.4181975477785055e-06 -0.00027370516696416332 -0.00061051841334403424 -0.00051858015996097539 0.0034365541076739029 -0.0021498516721929024 0.00084080104295191987 -9.7230371276152301e-06 -0.00012626020160754557 0.00058872792274194128 -0.00031579588281893174 -3.1069068109250855e-05 8.3216844207562428e-05 1.3180561060584144e-05 -0.00037900401543690236
leaf_weight=3827575.1404634714 1701073.0507497787 144010.60806155205 1125161.7304004431 384994.11116707325 1117659.1722468138 5821972.2401947975 12567115.199069023 3876725.889465332 9377683.4826450348 3381326.3822757006 33161354.965805054 31528186.52361536 123005487.21716309 21981328.391854525
leaf_count=4665 1334 110 2233 3534 2478 9972 6482 2346 6980 8474 21520 74559 70391 14641
internal_value=0.000144106 0.00352127 0.011234 0.019251 6.93132e-05 9.50224e-05 0.000933575 0.00202315 0.00407867 -0.00531993 -2.29616e-05 0.00133649 -0.000307981 -0.00139172
internal_weight=2.53002e+08 5.48174e+06 1.65417e+06 529005 2.4752e+08 2.45819e+08 3.03205e+07 2.58215e+07 1.32544e+07 4.49899e+06 2.15498e+08 3.73502e+07 1.78148e+08 5.51427e+07
internal_count=229719 10542 5877 3644 219177 217843 26760 15808 9326 10952 191083 84531 106552 36161
cat_boundaries=0 1 2 3 4
cat_threshold=68 68 8 392
is_linear=0
shrinkage=0.03


Tree=244
num_leaves=15
num_cat=0
split_feature=13 12 1 10 14 14 9 1 1 2 1 14 16 14
split_gain=69387.3 178845 56734.5 35657.6 54525.5 32292.3 25153.9 417220 280813 154013 65523 307116 196654 124206
threshold=0.54078925851391635 0.99947707111996298 9.5000000000000018 0.88656517134269841 0.81478135714231403 0.76599082437519839 68.500000000000014 8.5000000000000018 14.500000000000002 2.5000000000000004 8.5000000000000018 0.8884171423713475 0.030497419635198537 0.88072654936915795
decision_type=2 2 2 2 2 2 2 2 2 2 2 2 2 2
left_child=1 3 5 -1 -5 -3 7 -2 9 -9 11 12 -8 -12
right_child=6 2 -4 4 -6 -7 10 8 -10 -11 13 -13 -14 -15
leaf_value=0.00018197611254371784 -0.0012827031687159521 0.00061590791282076284 0.00070797233420427533 -0.0020364647306324699 0.00078468335269384927 0.0017990937600371323 -0.0011040783396831576 0.0011771516113505394 -0.00034639614320008499 0.00018054221001662405 -0.00021157448655036547 -5.5440921819840817e-07 0.00069101697434675467 1.5098027424517169e-05
leaf_weight=2560457.1744221449 2020719.1618041992 134110.12097430229 1133851.1164809465 697991.16876971722 572996.6093505621 377639.81330609322 897761.92871904373 1859972.707611084 4936097.231754303 2021397.5455300808 30032260.39283371 35498287.002025962 6287239.0073623657 163940318.91393685
leaf_count=2464 2533 1861 1971 1266 983 2019 6280 1211 4127 1525 23490 48198 3254 128683
internal_value=8.15693e-05 0.00342148 0.0116934 -0.000131297 -0.00423905 0.0199849 7.65699e-06 -0.0014056 0.00141218 0.00744967 7.23804e-05 0.00113653 0.00679284 -0.000161783
internal_weight=2.52971e+08 5.47705e+06 1.6456e+06 3.83144e+06 1.27099e+06 511750 2.47494e+08 1.08382e+07 8.81747e+06 3.88137e+06 2.36656e+08 4.26833e+07 7.185e+06 1.93973e+08
internal_count=229865 10564 5851 4713 2249 3880 219301 9396 6863 2736 209905 57732 9534 152173
is_linear=0
shrinkage=0.03


Tree=245
num_leaves=15
num_cat=3
split_feature=11 0 14 12 1 7 10 10 0 12 14 0 16 12
split_gain=36738.4 127137 116808 115214 111481 73299 80826.5 78184.7 148428 72607.4 65425 109017 89871.2 84295.1
threshold=0.99217020718281967 0 0.85973408525515194 1.0306009201534621 19.500000000000004 1.0000000180025095e-35 0.83866519279172203 0.83866519279172203 1 0.9353060627559534 1.1108503586172571 2 0.069962061796292815 0.99493778713559811
decision_type=2 1 2 2 2 2 2 2 1 2 2 1 2 2
left_child=1 2 -1 9 5 6 -4 -7 -9 -3 13 12 -12 -2
right_child=10 3 4 -5 -6 7 -8 8 -10 -11 11 -13 -14 -15
leaf_value=0.00062786744285803307 -0.00025290432478513366 -0.00030935319635074036 -0.0002355345455284143 -0.00082194844339341354 0.0014494017864506565 0.00097887313836484487 0.00027593916648331151 -0.00019964838373065922 -0.0070245836584331327 9.3001884824426767e-05 0.0008301553358882989 -6.7158499904702618e-05 0.0036368980739194981 -8.0876754231342708e-06
leaf_weight=3717168.7935608625 14540367.145572782 5879857.9163675308 3200131.4820306301 3028222.2460386753 1969812.6548137665 896232.17227256298 11465706.182168841 1936729.8866472244 762551.42937672138 21706779.247953415 1740569.1423453093 4072345.3814663887 925109.2453918457 177998988.3904115
leaf_count=2775 10944 5977 1919 3087 3491 1218 7557 2944 616 21426 6034 11947 947 149188
internal_value=1.1489e-05 0.00070122 0.00233855 -0.000579571 0.00144046 0.000709058 0.00165015 -0.00312958 -0.00567868 3.01786e-05 -0.000177363 0.00272838 0.00744488 -0.000279051
internal_weight=2.53841e+08 5.45632e+07 2.39483e+07 3.06149e+07 2.02312e+07 1.82614e+07 1.46658e+07 3.59551e+06 2.69928e+06 2.75866e+07 1.99277e+08 6.73802e+06 2.66568e+06 1.92539e+08
internal_count=230070 51010 20520 30490 17745 14254 9476 4778 3560 27403 179060 18928 6981 160132
cat_boundaries=0 1 2 3
cat_threshold=152 136 52
is_linear=0
shrinkage=0.03


Tree=246
num_leaves=15
num_cat=2
split_feature=13 12 13 11 13 11 0 12 0 2 2 13 12 12
split_gain=70984.4 167753 81027.4 38127.8 28392.2 27376 26708.3 26247.8 102686 90044.5 69734.7 63600.1 60671.3 61299.4
threshold=0.54078925851391635 0.99947707111996298 0.33722492917240238 0.93171241057181342 0.43892950188008456 0.91700597683295093 0 1.0666052657390228 1 1.0000000180025095e-35 5.5000000000000009 1.1259746304100324 1.03376952192731 1.0409231421374501
decision_type=2 2 2 2 2 2 1 2 1 2 2 2 2 2
left_child=1 4 3 -3 5 -1 -4 12 11 -10 -11 -9 -2 -14
right_child=7 2 6 -5 -6 -7 -8 8 9 10 -12 -13 13 -15
leaf_value=4.778912495151053e-05 8.0315990304886325e-06 0.0011157369164808415 0.0010172477773738163 0.0015423796904400816 0.00041078069689761592 -0.0030746369882720861 0.00019442305005255974 0.00022648116980741206 -0.00057629304402498588 9.3919168575082936e-05 -0.000778638644786707 0.0012235286130477571 -0.0004038193051682156 -5.7320401926059444e-05
leaf_weight=1794424.3853070736 182258330.99187076 169098.57381081581 506547.38877630234 396715.78676533699 1072559.3086408377 917706.51171684265 602179.59266829491 13227979.849690914 3318175.3097083569 15105615.932841778 1562850.6714787483 1692164.1008644104 8380880.0251262188 22553241.841096759
leaf_count=1818 151827 122 944 3629 1262 1562 1251 14394 2702 13280 2528 3084 8957 22489
internal_value=7.90764e-05 0.00346292 0.0113689 0.0206066 -3.51055e-05 -0.00166914 0.00665466 4.61755e-06 0.000767198 -0.000638647 0.000259777 0.00265043 -0.000120243 -0.00134868
internal_weight=2.53558e+08 5.45923e+06 1.67454e+06 565814 3.78469e+06 2.71213e+06 1.10873e+06 2.48099e+08 3.49068e+07 1.99866e+07 1.66685e+07 1.49201e+07 2.13192e+08 3.09341e+07
internal_count=229849 10588 5946 3751 4642 3380 2195 219261 35988 18510 15808 17478 183273 31446
cat_boundaries=0 1 2
cat_threshold=138 356
is_linear=0
shrinkage=0.03


Tree=247
num_leaves=15
num_cat=3
split_feature=13 12 13 11 13 16 12 0 16 2 0 13 12 0
split_gain=85318.8 154760 71383.9 42731.7 28989.5 24854.9 81696.8 126797 91388.7 76195.2 88876.8 62818.2 82429.3 139442
threshold=0.54078925851391635 0.99947707111996298 0.33722492917240238 0.92833667948537613 0.33722492917240238 0.053356818994415696 0.98115963927892413 0 0.049763224875981803 1.5000000000000002 1 0.98077887089228521 1.01444308625972 2
decision_type=2 2 2 2 2 2 2 1 2 2 1 2 2 1
left_child=1 4 3 -3 -1 6 7 -2 -8 10 -10 -7 -13 -14
right_child=5 2 -4 -5 -6 11 8 -9 9 -11 -12 12 13 -15
leaf_value=-0.00041000693197288323 0.0014409032938529057 0.00085720250511107097 -0.0031694155471425627 0.0022494973316920853 0.00025452623652611584 3.8622244657327049e-05 -9.1388305755144253e-05 2.4182234821089599e-05 -0.00063774888604820534 0.00052893549477330123 0.00026831410827803435 -0.00015245661971799188 -0.00026291025317965453 0.00011066656504580538
leaf_weight=1672258.9157683849 2127822.489028573 149919.61944556236 1153990.4872199297 402775.80271279812 2183025.0311775208 88905082.108467579 33145077.677184939 3134678.3083946705 1641118.2646789551 6910102.8787946701 2818943.899597168 52784971.518593788 18007306.597290039 38720226.366883755
leaf_count=2385 3881 112 2228 3561 2303 54063 82165 6658 1232 5166 1566 28252 11475 24796
internal_value=4.78773e-05 0.00372253 0.0112437 0.0201092 0.000392994 -3.44705e-05 0.00056491 0.00409971 0.000147033 0.00246784 -0.000589004 -0.000184839 -0.000665795 0.000128146
internal_weight=2.53757e+08 5.56197e+06 1.70669e+06 552695 3.85528e+06 2.48195e+08 4.97777e+07 5.2625e+06 4.45152e+07 1.13702e+07 4.46006e+06 1.98418e+08 1.09513e+08 5.67275e+07
internal_count=229843 10589 5901 3673 4688 219254 100668 10539 90129 7964 2798 118586 64523 36271
cat_boundaries=0 1 2 3
cat_threshold=89 36 138
is_linear=0
shrinkage=0.03


Tree=248
num_leaves=15
num_cat=5
split_feature=13 11 0 13 0 0 10 11 16 11 1 0 13 0
split_gain=71648.4 74942 211867 88885.1 58408.8 41811.1 30997.2 62727.5 56573 45374.2 130983 98270.2 72973.6 46521
threshold=0.54078925851391635 0.93513319243778092 0 0.33722492917240238 1 2 0.82120607435980486 0.78683299918466465 0.043347229934692762 0.9569913468292458 18.500000000000004 3 0.95313912088660868 4
decision_type=2 2 1 2 1 1 2 2 2 2 2 1 2 1
left_child=1 5 3 -3 -4 -1 7 -2 -9 10 11 12 -8 -12
right_child=6 2 4 -5 -6 -7 9 8 -10 -11 13 -13 -14 -15
leaf_value=0.00047326353844017322 0.00035769345023898728 -0.011135479998961414 -0.015928202486413606 0.00077205010877481168 -0.010354785151863895 -0.00011955228115149988 0.00043097656096028415 0.0006330277158266564 -0.00045026736394926229 -1.0797672230831308e-06 0.0011344948761822439 -0.00017376380282842368 1.3810685714644327e-05 0.00044612119836156725
leaf_weight=2030575.1840965748 2124715.3584177494 398832.02288210392 185831.99608409405 986071.63385593891 120545.97598016262 1873048.5989667177 2980736.6711797714 941303.07363736629 6197000.4720611572 220374666.82426858 1629177.6759114265 8748336.3255647421 3583322.12012887 1325402.3266420364
leaf_count=2093 2478 2218 1438 1578 1859 1405 1922 3060 4610 194553 1658 6459 2692 1996
internal_value=0.000119288 0.00347652 0.00875141 0.0137455 -0.0138232 0.00119113 4.35197e-05 -0.00165918 -0.00300605 0.000109611 0.00154642 0.000430531 0.00320504 0.00732964
internal_weight=2.535e+08 5.59491e+06 1.69128e+06 1.3849e+06 306378 3.90362e+06 2.47905e+08 9.26302e+06 7.1383e+06 2.38642e+08 1.8267e+07 1.53124e+07 6.56406e+06 2.95458e+06
internal_count=230019 10591 7093 3796 3297 3498 219428 10148 7670 209280 14727 11073 4614 3654
cat_boundaries=0 1 2 3 4 5
cat_threshold=158 256 397 177 57
is_linear=0
shrinkage=0.03


Tree=249
num_leaves=15
num_cat=3
split_feature=2 11 11 0 16 11 0 14 14 2 16 9 16 0
split_gain=31524.1 54855.7 49929.6 116845 107862 78929.4 72524.1 68683.8 61737 56676.5 49916.1 82612.9 68625.1 56967.5
threshold=1.0000000180025095e-35 1.1901084494770153 0.9569913468292458 0 0.045511633013058099 0.9333166076352869 1 1.0697798846528437 1.0009244477825365 2.5000000000000004 0.060185319116737239 79.500000000000014 0.051931273749223662 2
decision_type=2 2 2 1 2 2 1 2 2 2 2 2 2 1
left_child=1 10 3 5 6 8 -5 -6 -2 -7 11 -1 -13 -14
right_child=2 -3 -4 4 7 9 -8 -9 -10 -11 -12 12 13 -15
leaf_value=0.00058751942269308734 0.00041578935896113118 -0.00079873316479414647 -1.1694369039473478e-06 0.0024855472642470347 -5.7147574054041194e-05 0.00032167411079255561 0.00029809267703934724 -0.0010673943004958831 -0.00023850619828463639 0.001735826911482205 3.2197432617172361e-05 1.2467664222718576e-05 -0.00018931418247861159 -0.00063588946259368118
leaf_weight=1526686.0533012152 5820881.7370868921 1520087.1012613773 184196004.43362391 634041.4855017662 11330306.839004517 1384243.8950271606 1442915.2664240599 1569309.8405151367 2135196.4508383274 1474539.534226656 24957992.522705078 5773753.870036006 5781876.9727783203 3710155.4946289062
leaf_count=1772 4100 1325 171751 1311 6888 1042 4873 1413 2616 2000 12435 12678 3350 2338
internal_value=9.65114e-06 -0.000727678 0.000161587 0.00139784 -0.000318065 0.00377404 0.00602681 -0.00133965 0.00223776 0.00804956 -0.000523861 -0.00178848 -0.00245391 -0.00402265
internal_weight=2.53258e+08 4.32706e+07 2.09987e+08 2.57914e+07 1.49766e+07 1.08149e+07 2.07696e+06 1.28996e+07 7.95608e+06 2.85878e+06 4.17505e+07 1.67925e+07 1.52658e+07 9.49203e+06
internal_count=229892 33898 195994 24243 14485 9758 6184 8301 6716 3042 32573 20138 18366 5688
cat_boundaries=0 1 2 3
cat_threshold=147 8 370
is_linear=0
shrinkage=0.03


Tree=250
num_leaves=15
num_cat=2
split_feature=13 12 13 11 12 0 12 16 12 11 0 1 11 16
split_gain=64434.2 219267 61246.6 60040.8 32283.9 89264.8 179800 118344 82035.7 64895.3 136981 108226 98666.9 91695.3
threshold=0.54078925851391635 0.99947707111996298 0.33722492917240238 0.92833667948537613 1.0051969303918387 0 1.0024913181220338 0.084550225891846673 1.0055498152309033 0.99953296935072145 1 10.500000000000002 1.0007501084115906 0.077212083450137817
decision_type=2 2 2 2 2 1 2 2 2 2 1 2 2 2
left_child=1 -1 3 -3 5 6 7 -2 -6 10 -7 13 -11 -12
right_child=4 2 -4 -5 8 9 -8 -9 -10 12 11 -13 -14 -15
leaf_value=-4.9885840269086428e-05 0.00022006106065964933 0.00067178712474566104 0.0006910327908356557 0.0034062246172782279 -0.00056302478513378304 0.0002596628558621712 0.00095951179903591732 -0.00049286565270908458 -1.262014029894939e-05 -0.0008011033593683703 -4.6239498294226616e-05 -0.00035863265112097122 -4.5416161598781882e-05 0.00076014596241891588
leaf_weight=3795812.8478381634 22056238.860230565 163565.73407578468 1095791.5656660795 428432.16077792645 3055092.8456363678 12989671.243744612 4505558.3496966362 3983042.5595092773 155635144.19994855 3057268.1769543886 2943203.6965123415 10318868.201276779 27600597.500613213 1644803.8377075195
leaf_count=4627 24105 115 2193 3605 1857 7962 3333 2028 143808 2430 4615 9025 19565 679
internal_value=0.000109507 0.00332608 0.0123225 0.0200976 3.83243e-05 0.000495319 0.00181004 0.000852615 -0.000218263 -0.000190507 0.000856486 -0.00110589 -0.0011432 0.00272762
internal_weight=2.53273e+08 5.4836e+06 1.68779e+06 591998 2.47789e+08 8.90993e+07 3.05448e+07 2.60393e+07 1.5869e+08 5.85544e+07 2.78965e+07 1.49069e+07 3.06579e+07 4.58801e+06
internal_count=229947 10540 5913 3720 219407 73742 29466 26133 145665 44276 22281 14319 21995 5294
cat_boundaries=0 1 2
cat_threshold=202 17
is_linear=0
shrinkage=0.03


Tree=251
num_leaves=15
num_cat=3
split_feature=13 12 13 11 13 13 0 14 0 0 2 14 16 12
split_gain=53744.8 172473 61808.8 63495.9 29015.9 25027.7 119847 31670.3 29998.7 29063.1 27483.9 26985.5 78657.4 87967.9
threshold=0.54078925851391635 0.99947707111996298 0.33722492917240238 0.92833667948537613 0.43892950188008456 2.040948787038904 0 1.3876853833066318 1 2 3.5000000000000004 1.0068168762179825 0.056042049674143786 0.99493778713559811
decision_type=2 2 2 2 2 2 1 2 1 1 2 2 2 2
left_child=1 4 3 -3 -1 7 -7 11 -8 -9 -11 -2 -13 -14
right_child=5 2 -4 -5 -6 6 8 9 -10 10 -12 12 13 -15
leaf_value=-0.00019084912508707784 -1.9243978576281119e-05 0.00052091396691545321 0.00059102849309122156 0.0030951850068619948 0.00039098708488926595 0.054268829635428062 0.0011249903105997874 -0.00021487218834881681 -0.0016073974548521087 -0.00039791411821288477 -0.0026653876127386076 0.00024570625293602574 -0.00039719997535310849 3.1665730657524382e-05
leaf_weight=2734065.6629765034 168992577.83413172 151709.25017762184 1171878.4742780924 389825.3859821558 1068468.2213288546 332495.24957561493 434657.81288862228 1034140.5101995468 437686.41673243046 288719.74023008347 398604.05822312832 25958273.780270815 7287671.0935058594 42602079.223937988
leaf_count=3418 133376 105 2236 3550 1289 909 2039 2766 2425 1456 1467 43291 4847 26745
internal_value=5.17016e-05 0.00298056 0.0108833 0.0192652 -0.000580398 -1.35025e-05 0.00429979 -3.45796e-05 -0.00154174 -0.00408945 -0.00887075 -6.07002e-06 0.000464047 -0.000232822
internal_weight=2.53283e+08 5.51595e+06 1.71341e+06 541535 3.80253e+06 2.47767e+08 1.20484e+06 2.46562e+08 872344 1.72146e+06 687324 2.44841e+08 7.5848e+07 4.98898e+07
internal_count=229919 10598 5891 3655 4707 219321 5373 213948 4464 5689 2923 208259 74883 31592
cat_boundaries=0 1 2 3
cat_threshold=16 46 62
is_linear=0
shrinkage=0.03


Tree=252
num_leaves=15
num_cat=4
split_feature=13 12 0 1 14 0 13 1 0 3 9 0 14 16
split_gain=70614.4 187909 54835.2 41429.9 30422.4 29471.7 24729 93725.8 80732.3 72572.3 76989.5 85312.6 81755.5 80053.1
threshold=0.54078925851391635 0.99947707111996298 0 14.500000000000002 0.67021016678877732 1 0.97157855593931763 6.5000000000000009 2 1.0000000180025095e-35 79.500000000000014 3 0.96185063048532482 0.060856665697047466
decision_type=2 2 1 2 2 1 2 2 1 2 2 1 2 2
left_child=1 4 -3 -4 -1 -6 7 8 -2 10 -9 12 13 -12
right_child=6 2 3 -5 5 -7 -8 9 -10 -11 11 -13 -14 -15
leaf_value=-0.0003426568250079072 3.5035744112531879e-05 0.0013641791299585761 0.0013625313792258687 -0.00039168007652476351 0.00046769420350411845 -0.00020895384961843645 -3.0547114985540198e-05 0.00038808938546212998 -0.0012948239942913214 -8.4379143374227448e-05 -0.00065222886683548027 0.00012102879780871182 0.00027029157745796852 -5.5847541235397174e-05
leaf_weight=1055402.3249228001 1363848.6362524033 923519.14056324959 459333.10555100441 285045.59354329109 1251206.3470554352 1487512.2406933308 147845965.02452624 5663150.9002232552 1765558.4694675207 30463491.851249933 4742894.6062412262 45244849.534461975 4518527.6140551567 6116467.2092590332
leaf_count=1502 6568 1562 3154 1100 1625 1525 129992 4295 8477 30068 5206 25861 4649 4098
internal_value=2.85772e-05 0.00340266 0.0117951 0.00573597 -0.000286678 0.00138094 -4.5817e-05 0.000318859 -0.00479098 0.00048414 0.00104115 0.000728657 -0.00120174 -0.00261274
internal_weight=2.53187e+08 5.46202e+06 1.6679e+06 744379 3.79412e+06 2.73872e+06 2.47725e+08 9.98788e+07 3.12941e+06 9.67494e+07 6.62859e+07 6.06227e+07 1.53779e+07 1.08594e+07
internal_count=229682 10468 5816 4254 4652 3150 219214 89222 15045 74177 44109 39814 13953 9304
cat_boundaries=0 1 2 3 4
cat_threshold=26 391 408 168
is_linear=0
shrinkage=0.03


Tree=253
num_leaves=15
num_cat=3
split_feature=12 11 14 0 14 9 0 2 0 11 12 12 10 2
split_gain=26835.2 52057.1 43281.4 106353 95452 50281.8 44615.2 67578.7 41180.4 40092.8 51773.4 38898.1 47529.7 41424.1
threshold=0.9353060627559534 0.86323173388241103 1.0675907449549897 0 1.4356776800721678 80.500000000000014 1 5.5000000000000009 2 0.8583963594932722 0.96791693131387035 1.0666052657390228 1.1493816470633826 1.5000000000000002
decision_type=2 2 2 1 2 2 1 2 1 2 2 2 2 2
left_child=-1 9 -3 4 -4 8 -7 11 -5 10 -2 12 13 -8
right_child=1 2 3 5 -6 6 7 -9 -10 -11 -12 -13 -14 -15
leaf_value=-0.00018739596217348702 0.00063940603412365477 -1.1179173481897001e-05 0.00040393597965086262 -0.00020266042902733993 0.052320242447401889 0.00023867565282248031 0.00019817468540953793 0.0010185870878105924 0.00095071441608949616 0.00061974779067340351 -0.00022388165951060134 0.00036763423303994019 -0.0018408629180647449 -0.00058853550398413031
leaf_weight=7319972.140332818 1889067.5640416145 221343650.27908909 1712918.014097929 650809.29795598984 620678.54645204544 7727319.6378908157 1288296.652893424 824083.83907961845 1526522.8571102619 1173341.8377058506 1570976.0618451834 692806.84791100025 612173.2224470377 4752345.1959569454
leaf_count=7910 2159 179188 2072 1034 1700 15871 2344 2687 2520 688 1436 1738 984 7817
internal_value=8.74439e-06 6.19255e-05 1.55581e-06 0.00132352 0.00735071 0.000545344 -4.02535e-05 -0.00158592 0.00482088 0.00321177 0.00158668 -0.00249981 -0.0032043 -0.00239707
internal_weight=2.53705e+08 2.46385e+08 2.41752e+08 2.0408e+07 2.3336e+06 1.80744e+07 1.5897e+07 8.16971e+06 2.17733e+06 4.63339e+06 3.46004e+06 7.34562e+06 6.65282e+06 6.04064e+06
internal_count=230148 222238 217955 38767 3772 34995 31441 15570 3554 4283 3595 12883 11145 10161
cat_boundaries=0 1 2 3
cat_threshold=16 170 73
is_linear=0
shrinkage=0.03


Tree=254
num_leaves=15
num_cat=0
split_feature=13 12 13 11 14 11 12 12 3 10 2 14 2 2
split_gain=63203.5 156301 69839.5 52382.3 32680.7 29963.9 80765.2 47414.7 44805.3 96294.1 45191.1 45633.8 44773.4 81403
threshold=0.54078925851391635 0.99947707111996298 0.33722492917240238 0.93171241057181342 0.68578448120145119 1.1818563742125845 1.1153931218449846 1.1108806325759313 1.5000000000000002 1.3953303454829544 1.0000000180025095e-35 0.70973154498075464 3.5000000000000004 2.5000000000000004
decision_type=2 2 2 2 2 2 2 2 2 2 2 2 2 2
left_child=1 4 3 -3 -1 6 7 -2 10 -10 -7 -12 13 -8
right_child=5 2 -4 -5 -6 8 12 -9 9 -11 11 -13 -14 -15
leaf_value=-0.00033343546473173989 3.0985544085193189e-06 0.00060606901193853121 0.00058502505004601408 -0.00011547107690334581 0.00015987583547080611 -0.00056958711224859235 0.00029186365541848669 -0.00026873295053028484 -0.00014610734811215233 -0.0025739098510419445 0.00076572263655917672 -7.1605602004238875e-05 -3.9483653883957503e-06 0.001102960309080526
leaf_weight=1145571.9086207151 225642298.68437552 163381.77745234966 1146261.0836423635 375090.17995584011 2637355.2967184782 2017488.4646718502 4162087.8731887341 2269379.1478657722 1314394.3479409218 599539.79297828674 1599445.5641080141 6195805.2149455547 2900347.2626665831 1417669.0100933313
leaf_count=1588 198213 119 2236 3512 3069 1760 3576 993 2483 772 1067 5758 3582 1182
internal_value=9.32365e-05 0.00328373 0.0108844 0.0197962 -0.000101225 2.29292e-05 9.63573e-05 -1.0606e-05 -0.00145727 -0.00565611 -0.000638301 0.000397421 0.00297111 0.00454273
internal_weight=2.53586e+08 5.46766e+06 1.68473e+06 538472 3.78293e+06 2.48118e+08 2.36392e+08 2.27912e+08 1.17267e+07 1.91393e+06 9.81274e+06 7.79525e+06 8.4801e+06 5.57976e+06
internal_count=229910 10524 5867 3631 4657 219386 207546 199206 11840 3255 8585 6825 8340 4758
is_linear=0
shrinkage=0.03


Tree=255
num_leaves=15
num_cat=3
split_feature=14 0 3 2 2 9 1 0 16 0 14 14 10 11
split_gain=30569.2 202443 31906.7 187010 195481 161746 133579 118800 121374 116069 82174.6 80923.7 71174.8 53260.1
threshold=1.8922278956263101 0 2.5000000000000004 4.5000000000000009 5.5000000000000009 89.500000000000014 17.500000000000004 1 0.087445513065073616 2 0.91001876844533969 1.310639838797375 1.0118941684945517 1.0943055986001446
decision_type=2 1 2 2 2 2 2 1 2 1 2 2 2 2
left_child=2 -2 -1 11 -5 6 9 8 12 -6 -9 -4 -7 -14
right_child=1 -3 3 4 5 7 -8 10 -10 -11 -12 -13 13 -15
leaf_value=9.741573231589568e-06 0.043388642182329212 -0.0012704897803739062 -0.0043745025270554095 0.0031927570366330382 0.00033169459236413989 -2.2824575930085497e-05 -0.0019949268315703566 -0.0018833287197821276 -0.00081328611241297268 -0.0014872770833630267 -0.00030074824348082278 -0.0014316788390199926 0.00087839240411003979 1.0441482433169299e-05
leaf_weight=228534431.80635309 671346.97563433647 930678.25964677334 751628.51346421242 843371.37529492378 1219556.7975107431 3337206.0489257574 820996.46743893623 925840.44691503048 1593332.5943603516 1369472.378164053 4420017.6265360117 1303403.6251274347 5065318.5117735863 1500512.0076644421
leaf_count=188863 1737 4658 1192 1306 1676 4178 1497 1853 1178 2002 9191 1679 6511 2628
internal_value=1.98188e-05 0.00415077 -6.47553e-06 -0.00106775 -0.00022619 -0.000815508 -0.0067738 0.000390861 0.002109 -0.00343021 -0.00330403 -0.00970666 0.00334544 0.00515864
internal_weight=2.53287e+08 1.60203e+06 2.51685e+08 2.31507e+07 2.10956e+07 2.02523e+07 3.41003e+06 1.68422e+07 1.14964e+07 2.58903e+06 5.34586e+06 2.05503e+06 9.90304e+06 6.56583e+06
internal_count=230149 6395 223754 34891 32020 30714 5175 25539 14495 3678 11044 2871 13317 9139
cat_boundaries=0 1 2 3
cat_threshold=24 124 177
is_linear=0
shrinkage=0.03


Tree=256
num_leaves=15
num_cat=4
split_feature=11 0 12 12 12 0 12 0 12 9 14 12 1 0
split_gain=31573.2 144546 133359 219503 215483 126920 116341 108338 147506 113056 126836 106189 177014 146316
threshold=1.0256949624400986 0 1.0137025498423149 1.0300344433885027 1.0017672621402147 1 0.99880713796770515 2 1.0112998619576685 77.500000000000014 0.93214414310702065 1.0104869764896158 17.500000000000004 3
decision_type=2 1 2 2 2 1 2 1 2 2 2 2 2 1
left_child=1 -1 4 -4 6 -2 -3 -6 9 -9 -11 -7 -13 -14
right_child=5 2 3 -5 7 11 -8 8 -10 10 -12 12 13 -15
leaf_value=0.00021112822724178451 -0.00028098341234980198 -3.1156991479165836e-05 0.00036513767488755358 -0.0008518684233932832 0.00050952016963796455 -0.00020491109963851489 0.00033421573045086002 0.00010647924135617968 -0.0010822992903102701 0.00031420819889952669 -0.0004633619691876709 0.00012781310839916164 -0.00041200136716230116 -5.7335916114277265e-05
leaf_weight=46762505.638631344 26358909.880573511 29602603.40323782 11505297.449452996 2156511.8425717354 2376561.8033384085 14777832.974880338 6994184.3190386295 4215547.6459546089 2361059.3089356422 1792503.9845274687 16492806.174160719 67690187.919041276 4461110.8808898926 16463307.820494533
leaf_count=47016 24539 25128 9203 2783 3805 13113 4272 1985 1337 1562 8867 61654 2211 22500
internal_value=2.97722e-05 0.000371551 -0.000423262 0.00226682 -0.000998986 -0.000297541 0.000504737 -0.00301934 -0.0036043 -0.00285577 -0.00387681 0.00017621 0.000568827 -0.00184279
internal_weight=2.54011e+08 1.2426e+08 7.74971e+07 1.36618e+07 6.38353e+07 1.29751e+08 3.65968e+07 2.72385e+07 2.48619e+07 2.25009e+07 1.82853e+07 1.03392e+08 8.86146e+07 2.09244e+07
internal_count=229975 105958 58942 11986 46956 124017 29400 17556 13751 12414 10429 99478 86365 24711
cat_boundaries=0 1 2 3 4
cat_threshold=139 136 96 16
is_linear=0
shrinkage=0.03


Tree=257
num_leaves=15
num_cat=3
split_feature=13 12 13 0 10 16 14 0 14 16 9 9 13 0
split_gain=67488.4 142377 71253.9 37212 40148.4 34051.6 90147.1 87820.2 60972.8 79182.1 55663.5 149741 55340.1 47987.4
threshold=0.54078925851391635 0.99947707111996298 0.33722492917240238 0 0.85635765199566871 0.084106029726928572 0.85278111942976487 1 0.81478135714231403 0.057505427333663137 87.500000000000014 71.500000000000014 0.92919808096021173 2
decision_type=2 2 2 1 2 2 2 1 2 2 2 2 2 1
left_child=1 -1 3 -3 -5 8 7 -7 9 12 11 -8 13 -2
right_child=5 2 -4 4 -6 6 10 -9 -10 -11 -12 -13 -14 -15
leaf_value=1.7411276131394909e-06 -0.00056716873368490184 0.0017352183184176819 0.00051498450513752991 0.0029592836269130532 -0.0012815580153851625 0.00044455505975222868 -0.00037653669358011236 -0.00013864231043263955 2.8475321105997804e-05 -3.3625928487264921e-05 -0.0001731854179130262 0.00047294157310210836 0.00024407054514540686 -0.00095012441637815309
leaf_weight=3812504.9050992727 2495585.8021821976 197434.08614909649 1152504.3160735369 221943.38218855858 127340.10342895985 3068229.4100952148 2780619.3066353798 2150587.7753601074 187479735.46368098 10848528.908890247 32294579.524129391 4005608.1103758812 882125.76362919807 1421465.6691454649
leaf_count=4705 3674 348 2241 169 3153 1297 1285 1455 181827 7401 15636 1867 2529 2197
internal_value=8.40767e-06 0.00329169 0.010514 0.0194335 0.0135477 -6.47312e-05 -0.000818349 0.00288498 9.96235e-05 -0.00169948 -0.00131289 0.00115699 -0.00490805 -0.00643683
internal_weight=2.52939e+08 5.51173e+06 1.69922e+06 546718 349283 2.47427e+08 4.42996e+07 5.21882e+06 2.03127e+08 1.56477e+07 3.90808e+07 6.78623e+06 4.79918e+06 3.91705e+06
internal_count=229784 10616 5911 3670 3322 219168 21540 2752 197628 15801 18788 3152 8400 5871
cat_boundaries=0 1 2 3
cat_threshold=16 214 454
is_linear=0
shrinkage=0.03


Tree=258
num_leaves=15
num_cat=0
split_feature=13 12 13 11 13 10 10 10 12 3 11 10 12 11
split_gain=72676 133069 61381.3 49129.9 38386.3 27086.4 132381 76281.2 70141.7 73747.6 66545.5 60954 57567.9 52835.1
threshold=0.54078925851391635 0.99947707111996298 0.33722492917240238 0.93171241057181342 0.43892950188008456 1.0377336508874493 1.0363308762909964 1.0428102923176461 1.0375626961833271 1.5000000000000002 0.9847744481008941 1.0434611972545575 1.012215049947701 1.0159515886172132
decision_type=2 2 2 2 2 2 2 2 2 2 2 2 2 2
left_child=1 4 3 -3 -1 6 8 -7 -2 -10 -9 -12 -8 -13
right_child=5 2 -4 -5 -6 7 12 10 9 -11 11 13 -14 -15
leaf_value=-9.365746597658951e-05 6.6233466970798126e-06 0.00055407956328371705 -5.8535816661967226e-05 0.0023185508762234631 0.00057160043769027672 0.00020560923298380102 -0.00016092231901625417 0.00044479592934118615 -0.00013761657706909755 -0.001473568341020183 -0.00084868429679013679 -0.00069768200675011385 -0.0011516668045724486 1.0403171872117628e-05
leaf_weight=2730096.0095399618 115973947.83114016 164462.25059723854 1139243.6484328508 378330.62751269341 1061684.2254235744 12216124.336131096 1858627.0966335535 3017399.2068670988 5854230.4375839233 2160215.0004665852 1183032.5464810133 2312170.6202905178 2541925.652068615 101018407.79301572
leaf_count=3395 96509 120 2246 3555 1267 9194 1357 3175 5262 3338 922 1982 1684 95916
internal_value=6.89091e-05 0.00348818 0.0105111 0.0188137 0.000372803 -6.51911e-06 -0.000309225 0.000318032 -0.000127743 -0.00284207 6.28224e-05 -6.39847e-05 -0.00542259 1.35364e-05
internal_weight=2.5361e+08 5.47382e+06 1.68204e+06 542793 3.79178e+06 2.48136e+08 1.28389e+08 1.19747e+08 1.23988e+08 8.01445e+06 1.07531e+08 1.04514e+08 4.40055e+06 1.03331e+08
internal_count=229922 10583 5921 3675 4662 219339 108150 111189 105109 8600 101995 98820 3041 97898
is_linear=0
shrinkage=0.03


Tree=259
num_leaves=15
num_cat=0
split_feature=11 3 12 2 2 12 1 2 9 11 11 16 14 12
split_gain=23873.9 122681 118707 90710.1 90653.6 70336.1 86219.5 125496 240078 170317 94793.5 94088 89656 81431.4
threshold=0.99217020718281967 1.5000000000000002 1.019141366626745 1.0000000180025095e-35 4.5000000000000009 0.99549366363837055 19.500000000000004 4.5000000000000009 74.500000000000014 1.1329827571889444 1.0007501084115906 0.081369975086276788 0.95321217120250823 1.0294283446165053
decision_type=2 2 2 2 2 2 2 2 2 2 2 2 2 2
left_child=1 3 4 -1 -3 -2 7 13 -9 10 -10 -11 -12 -7
right_child=5 2 -4 -5 -6 6 -8 8 9 11 12 -13 -14 -15
leaf_value=-0.00010457847844464331 -0.00020136212734342193 -0.002182397971668477 -0.0018990053377230525 0.0002254234253823456 8.0879721126636022e-05 -6.2045836798262742e-05 -0.00030495679327229133 -0.00086585435040331291 -0.00034952217476552318 1.7093749486272165e-05 0.00014452400208268376 -0.0013098950953422731 0.00075288689092054353 7.13125852367185e-05
leaf_weight=10133704.689891458 16872832.984930515 1256295.4281160831 2376935.2032961845 32202386.829273582 8239658.2273558378 80293305.562696695 16148136.77327466 1777880.7934012413 2094155.1166036129 3396144.6988452673 5876500.26600492 1246676.8864791393 14295932.532467842 57706709.555711865
leaf_count=8004 14658 1872 3788 25499 11633 52168 31218 2365 1840 6005 7729 1200 17380 44825
internal_value=4.17306e-05 0.000600072 -0.00209488 0.00135585 -0.00059409 -0.000109826 6.12055e-05 0.000263976 0.0020694 0.00277483 0.00386467 -0.00245194 0.00449535 -0.000111335
internal_weight=2.53917e+08 5.4209e+07 1.18729e+07 4.23361e+07 9.49595e+06 1.99708e+08 1.82835e+08 1.66687e+08 2.86873e+07 2.69094e+07 2.22666e+07 4.64282e+06 2.01724e+07 1.38e+08
internal_count=230184 50796 17293 33503 13505 179388 164730 133512 36519 34154 26949 7205 25109 96993
is_linear=0
shrinkage=0.03


Tree=260
num_leaves=15
num_cat=2
split_feature=13 12 13 11 14 10 10 10 0 11 11 0 12 12
split_gain=49665.3 145264 71201 53993.6 31844.5 29476.8 31845.1 125943 100735 123284 98046.2 160719 94623.4 191783
threshold=0.54078925851391635 0.99947707111996298 0.33722492917240238 0.93171241057181342 0.65200648454514376 1.311423601463038 1.0377336508874493 1.0363308762909964 0 1.0427239847918768 0.9847744481008941 1 1.0300344433885027 1.0131338228234275
decision_type=2 2 2 2 2 2 2 2 1 2 2 1 2 2
left_child=1 4 3 -3 -1 6 7 8 9 -2 11 -8 13 -10
right_child=5 2 -4 -5 -6 -7 10 -9 12 -11 -12 -13 -14 -15
leaf_value=-0.00041159645589008466 0.00018254164450635132 -0.0096718385249902217 0.00049427333055337031 -0.060756475076572558 0.00014624914090533196 -0.00039376282891864599 0.001096555964891441 -0.00069536331694785691 -0.00011612908187875063 -0.00051419558057196806 2.7347655725518356e-05 4.0218827607661933e-05 -0.00063464080872674693 0.00024035623104844633
leaf_weight=934890.17659378052 41839445.11065793 166822.15210461617 1092668.0036824942 397155.90462505817 2902755.789026618 4846420.4293115139 1109902.2687242031 4424575.889721036 58094459.415815949 4596320.8527513742 111908111.76783228 1971780.9263808727 4826641.6150730848 14279747.407711625
leaf_count=1363 41147 113 2217 3591 3338 4187 1377 3034 41600 4313 103988 1831 5591 12338
internal_value=6.39059e-05 0.00288509 0.0103095 0.0189664 -0.000319906 1.37831e-06 4.75725e-05 -0.000277825 -9.98489e-05 0.00100429 0.00040996 0.00568886 -0.00076398 -0.000492748
internal_weight=2.53392e+08 5.49429e+06 1.65665e+06 563978 3.83765e+06 2.47897e+08 2.43051e+08 1.28061e+08 1.23637e+08 4.64358e+07 1.1499e+08 3.08168e+06 7.72008e+07 7.23742e+07
internal_count=230028 10622 5921 3704 4701 219406 215219 108023 104989 45460 107196 3208 59529 53938
cat_boundaries=0 1 2
cat_threshold=139 176
is_linear=0
shrinkage=0.03


Tree=261
num_leaves=15
num_cat=3
split_feature=13 12 13 11 4 1 0 11 13 12 0 0 1 11
split_gain=52130.7 169242 102237 43933.5 24598.9 192485 96069.5 68108.8 47333.5 113987 54221 44638.5 39632.1 36359.5
threshold=0.54078925851391635 0.99947707111996298 0.33722492917240238 0.92833667948537613 1.0000000180025095e-35 16.500000000000004 0 0.99482939277925664 1.275313048505496 1.0243090240668089 1 2 13.500000000000002 0.98931796563596863
decision_type=2 2 2 2 2 2 1 2 2 2 1 1 2 2
left_child=1 -1 3 -3 8 6 7 -6 -2 10 -10 -11 -8 -7
right_child=4 2 -4 -5 5 13 12 -9 9 11 -12 -13 -14 -15
leaf_value=-5.8102229378632909e-05 -8.6462174356531523e-07 0.001035331061120112 0.00047948333952509245 -0.077010020253324984 -0.0018954289038305601 9.8007362297340293e-05 -0.0029900972850789775 0.00080710459535468645 0.011899800287743009 0.0003366568518350244 0.00094737099886323172 -0.0012225837610477686 -0.0012204601362220361 0.0020706404016046912
leaf_weight=3866617.6305968761 239026735.89746165 153914.00777208805 1153776.6620204449 381104.16874325275 673025.89647996426 579249.36176395416 1215020.9019839764 856253.56472945213 418174.36877965927 1124784.8220888376 1571538.9781615734 1088023.488977313 695338.15600585938 949216.22843122482
leaf_count=4706 197492 111 2211 3518 1003 945 2123 1301 1729 3160 6320 2770 651 1710
internal_value=6.95168e-05 0.00294362 0.0108667 0.0217063 5.18558e-06 -0.00208456 -0.00602093 -0.000417233 4.78699e-05 0.00320408 0.00841447 -0.00148101 -0.0105067 0.0067738
internal_weight=2.53753e+08 5.55541e+06 1.68879e+06 535018 2.48197e+08 4.9681e+06 3.43964e+06 1.52928e+06 2.43229e+08 4.20252e+06 1.98971e+06 2.21281e+06 1.91036e+06 1.52847e+06
internal_count=229750 10546 5840 3629 219204 7733 5078 2304 211471 13979 8049 5930 2774 2655
cat_boundaries=0 1 2 3
cat_threshold=402 24 47
is_linear=0
shrinkage=0.03


Tree=262
num_leaves=15
num_cat=5
split_feature=13 11 0 13 0 10 10 0 16 11 0 11 1 0
split_gain=44628.6 75738.8 227004 121616 44701.3 33614.3 27533.5 47921.4 49582.3 63559.5 62948.2 36147.3 168889 104267
threshold=0.54078925851391635 0.93513319243778092 0 0.33722492917240238 1 1.1006815628803313 0.82120607435980486 2 0.041059285419687973 0.80374462859107221 3 0.9569913468292458 17.500000000000004 4
decision_type=2 2 1 2 1 2 2 1 2 2 1 2 2 1
left_child=1 4 5 -4 -1 -3 7 -2 10 -10 -9 12 -8 -14
right_child=6 2 3 -5 -6 -7 11 8 9 -11 -12 -13 13 -15
leaf_value=-0.00031194887592455239 0.00046010068638577267 -0.0029098109420454136 0.0074705333898377147 0.00082830016694645093 -0.007398638588026629 -0.015520137219431903 -2.6595879431242491e-05 0.0022774692203273122 9.5041746434511464e-05 -0.00057885612505365611 -0.00042108341223264076 -3.2845931599773525e-06 0.00092565402669897673 5.6182485263388234e-05
leaf_weight=1716851.5974992514 1366533.4120210409 93723.02258002758 392545.00201070309 1018425.3393731117 2097075.7907611132 154110.27626252174 13961834.159928679 406680.40752732754 2151314.2898864746 4795689.6051635742 572137.4348410368 220330764.16262126 2609057.3237633705 1828183.4600906372
leaf_count=1143 2024 1580 2654 1767 2305 1149 10467 1099 1555 3339 2175 194294 2382 1946
internal_value=7.50621e-05 0.00275476 0.00810616 0.0127573 0.000427263 -0.0183735 1.59332e-05 -0.00158619 -0.00248076 -0.00337142 0.00384059 7.82946e-05 0.00135575 0.0064542
internal_weight=2.53495e+08 5.47273e+06 1.6588e+06 1.41097e+06 3.81393e+06 247833 2.48022e+08 9.29236e+06 7.92582e+06 6.947e+06 978818 2.3873e+08 1.83991e+07 4.43724e+06
internal_count=229879 10598 7150 4421 3448 2729 219281 10192 8168 4894 3274 209089 14795 4328
cat_boundaries=0 1 2 3 4 5
cat_threshold=321 82 132 72 185
is_linear=0
shrinkage=0.03


Tree=263
num_leaves=15
num_cat=3
split_feature=13 12 13 11 0 3 10 0 12 14 10 9 10 0
split_gain=93334.3 142058 121563 49811.1 39700.3 46083.2 28020 112688 119373 119174 146893 146689 109147 92594.1
threshold=0.54078925851391635 0.99947707111996298 0.33722492917240238 0.92833667948537613 0 1.5000000000000002 1.0287464565096112 1 1.0137968994692892 0.80921779155480411 0.83310007439074751 65.500000000000014 1.0165892169178157 2
decision_type=2 2 2 2 1 2 2 1 2 2 2 2 2 1
left_child=1 4 3 -3 -1 -6 7 8 9 -2 -11 -12 -10 -8
right_child=6 2 -4 -5 5 -7 13 -9 12 10 11 -13 -14 -15
leaf_value=-0.0039604787085525213 -0.00067335252928821222 -0.0003525432214448609 -0.0013148941542325773 0.0061048259778581073 0.00018673565197836094 -0.24009414294788117 0.00036754317109832855 -0.00010090621661021114 2.9159128482785611e-06 -0.00027857100544882642 -0.00054955870480117512 0.00058556656946017718 -0.00097066381279833642 4.9295278551732986e-06
leaf_weight=1011083.8918516636 1681827.9440767765 154530.48372197151 1115145.4418599606 422660.01700747013 1843237.0050177574 1013826.5046260357 10680039.866733074 75263499.105092406 9601148.7306885719 3909669.6249098778 1477386.0558661222 15998381.572267413 2291651.214245677 127366420.76575029
leaf_count=1821 1102 115 2240 3592 1769 1154 10186 64357 7916 3064 1036 13822 2058 115772
internal_value=9.12106e-05 0.00393514 0.0111846 0.0223605 0.000763464 -0.00104455 5.11836e-06 -0.000351553 0.00105588 0.00231461 0.00291932 0.00409534 -0.00138555 0.000289904
internal_weight=2.53831e+08 5.56048e+06 1.69234e+06 577191 3.86815e+06 2.85706e+06 2.4827e+08 1.10224e+08 3.49601e+07 2.30673e+07 2.13854e+07 1.74758e+07 1.18928e+07 1.38046e+08
internal_count=230004 10691 5947 3707 4744 2923 219313 93355 28998 19024 17922 14858 9974 125958
cat_boundaries=0 1 2 3
cat_threshold=172 11 256
is_linear=0
shrinkage=0.03


Tree=264
num_leaves=15
num_cat=1
split_feature=13 12 13 14 11 13 13 16 1 14 14 1 16 0
split_gain=162495 121512 108561 42994.9 37641.9 31976.4 27895.7 76573.4 63925.4 378404 219154 225514 135129 96243.9
threshold=0.54078925851391635 0.99947707111996298 0.33722492917240238 0.82429078277395884 0.93171241057181342 0.33722492917240238 0.97157855593931763 0.030497419635198537 8.5000000000000018 0.88354585953519404 0.87823417826745143 11.500000000000002 0.08995274063160387 0
decision_type=2 2 2 2 2 2 2 2 2 2 2 2 2 1
left_child=1 3 4 5 -3 -1 7 -2 9 12 11 -10 -9 -11
right_child=6 2 -4 -5 -6 -7 -8 8 10 13 -12 -13 -14 -15
leaf_value=-0.00042378139732490808 -0.00041804876446681642 0.0010989697407374323 0.00042065243054384996 0.00081678560378561677 0.0068390920910374247 0.00030965552219838218 -3.2252707371119174e-05 0.001527203467328761 -0.0007168609767928243 0.00021750191089299584 0.00012001533697479598 -4.5465961499144205e-05 0.00014833738808246559 -0.0003229409180877951
leaf_weight=1306089.3930039406 7162747.8156245947 158233.42986190319 1104114.1933240891 1440726.3253810406 399006.64047634602 1099963.7816060781 148257510.01522708 2266432.8641967773 5971879.8751416206 4861155.4241714478 55507075.315814018 17124845.290374756 2177365.3850708008 4414081.9545135498
leaf_count=1640 27638 118 2210 2001 3559 1062 129926 1399 4543 2567 38168 11184 892 2636
internal_value=6.98397e-05 0.00516624 0.0119465 0.00223798 0.0227412 -0.000216277 -4.347e-05 0.000345143 0.000576971 0.00246654 0.000247176 -0.00220851 0.00966472 -0.00098213
internal_weight=2.53251e+08 5.50813e+06 1.66135e+06 3.84678e+06 557240 2.40605e+06 2.47743e+08 9.94856e+07 9.23228e+07 1.3719e+07 7.86038e+07 2.30967e+07 4.4438e+06 9.27524e+06
internal_count=229543 10590 5887 4703 3677 2702 218953 89027 61389 7494 53895 15727 2291 5203
cat_boundaries=0 1
cat_threshold=269
is_linear=0
shrinkage=0.03


Tree=265
num_leaves=15
num_cat=0
split_feature=13 12 13 11 14 13 13 3 16 16 2 11 14 11
split_gain=143712 98224.4 115595 33352.2 30059.5 26643.6 25139 81536.7 82464.9 72579.6 78538.1 128835 116877 120940
threshold=0.54078925851391635 0.99947707111996298 0.33722492917240238 0.92833667948537613 0.82429078277395884 0.33722492917240238 0.98077887089228521 1.0000000180025095e-35 0.032073096904710725 0.055845160148253276 4.5000000000000009 1.0011991564699063 0.92340685776936104 1.0979770383013885
decision_type=2 2 2 2 2 2 2 2 2 2 2 2 2 2
left_child=1 4 3 -3 5 -1 7 8 -2 -8 -11 -12 -13 -14
right_child=6 2 -4 -5 -6 -7 9 -9 -10 10 11 12 13 -15
leaf_value=-0.00040530972276487786 -0.00039848279699420807 0.0011052362597303593 0.00043938083323346531 0.0030830853598937682 0.00088163443123891931 0.00031427123229901095 9.8764195913037493e-05 -0.00010704418703976538 9.8428057103144641e-05 -0.00010426661238652419 -0.00066046658105831861 -0.00081318284154727237 0.00061595707037329767 -0.00029567884706265912
leaf_weight=1290049.0814038515 5215741.0754425526 151634.28581655025 1128245.0020378828 374954.61386215687 1428198.4989792109 1081719.850628376 41192271.852018952 34451045.876245856 69546740.853668213 79594510.264984131 4198233.1217346191 1442885.3752150536 9326287.7047822475 2694196.1572504044
leaf_count=1647 17260 106 2210 3568 2002 1036 65605 39251 39787 42117 3543 1276 7541 2778
internal_value=9.26701e-05 0.00490934 0.0110097 0.0226156 0.00225272 0.000182201 -1.3418e-05 0.000326889 0.00088333 -0.000281866 -0.000728893 0.0010809 0.0025117 0.00348012
internal_weight=2.53117e+08 5.4548e+06 1.65483e+06 526589 3.79997e+06 2.37177e+06 2.47662e+08 1.09214e+08 7.47625e+07 1.38448e+08 9.72561e+07 1.76616e+07 1.34634e+07 1.20205e+07
internal_count=229727 10569 5884 3674 4685 2683 219158 96298 57047 122860 57255 15138 11595 10319
is_linear=0
shrinkage=0.03


Tree=266
num_leaves=15
num_cat=4
split_feature=11 1 14 0 0 12 11 11 14 0 12 16 3 0
split_gain=37315.9 142677 118117 98344.9 94572.3 85687 85216.8 82701.3 56742.3 92500.8 103029 69339.7 61780.7 52384
threshold=0.9569913468292458 18.500000000000004 0.87240828042121621 0 1 0.94288066048179553 0.89451372984939514 0.9442096572761115 1.0577981349574546 2 1.0008167906410759 0.021489999432519832 1.5000000000000002 3
decision_type=2 2 2 1 1 2 2 2 2 1 2 2 2 1
left_child=1 2 5 7 -3 -1 -5 -4 11 10 12 -2 -10 -13
right_child=8 4 3 6 -6 -7 -8 -9 9 -11 -12 13 -14 -15
leaf_value=-7.0395391370189125e-05 -0.00063132434972382157 -0.00028101395121266646 -2.5426590826886019e-05 -0.0001457415877702195 0.0010436251510134132 0.00064971790062042976 -0.00085855782978375985 0.0010329723484132386 0.00066680786609386183 -7.4165211237396602e-06 0.00038686401230343215 0.00016293981739548682 0.044473537906736228 -2.3670706100567216e-05
leaf_weight=2671664.4549702406 5501187.5746048689 1033619.460144043 11342997.409769654 4770574.4797903299 3751507.999569416 4117313.069028616 2535251.6212460995 1585825.6837464571 536977.57196903229 13967075.181995153 7289392.2867891788 16014985.831161499 538871.40645873547 177887847.51836491
leaf_count=2032 33762 1599 8594 4052 5195 3089 2528 1842 761 24835 11839 14572 1260 113994
internal_value=0.000118449 0.00107937 0.000233891 -0.000914948 0.00585412 0.00365802 -0.00369718 0.000657241 -1.93971e-05 0.00141463 0.00390945 -0.000180001 0.0125757 -8.57728e-05
internal_weight=2.53545e+08 3.18088e+07 2.70236e+07 2.02346e+07 4.78513e+06 6.78898e+06 7.30583e+06 1.29288e+07 2.21736e+08 2.23323e+07 8.36524e+06 1.99404e+08 1.07585e+06 1.93903e+08
internal_count=229954 28931 22137 17016 6794 5121 6580 10436 201023 38695 13860 162328 2021 128566
cat_boundaries=0 1 2 3 4
cat_threshold=405 258 50 64
is_linear=0
shrinkage=0.03


Tree=267
num_leaves=15
num_cat=1
split_feature=13 12 13 11 14 13 13 16 16 2 10 14 0 14
split_gain=136392 110260 81056.5 54706.1 36956 29850.8 28440.8 85661.6 64426.9 71335 127242 113063 78105.8 72029.2
threshold=0.54078925851391635 0.99947707111996298 0.33722492917240238 0.92833667948537613 0.82429078277395884 0.28104573522942611 0.98077887089228521 0.030497419635198537 0.055845160148253276 4.5000000000000009 0.99451885417014119 1.0870219147707336 0 0.94553537011803435
decision_type=2 2 2 2 2 2 2 2 2 2 2 2 1 2
left_child=1 4 3 -3 5 -1 7 -2 -8 13 12 -12 -11 -10
right_child=6 2 -4 -5 -6 -7 8 -9 9 10 11 -13 -14 -15
leaf_value=-0.0014457404275703251 -0.00039114173388239833 0.00074323341863828359 0.00055998478245029458 -0.0061823778680548643 0.00076898313814927999 0.00029269543435000772 9.0069676703433626e-05 5.8198404968458481e-05 8.7405241641191439e-05 0.00014013299876477518 0.00018673212537099278 0.0020900456312382444 -0.0017256797238116494 -0.00013978318069795295
leaf_weight=969261.96817886829 7789282.761750102 146353.29862082005 1114125.9462076426 367559.08680832386 1429318.2672594786 1487862.4052785635 41347597.040349841 101795248.21078396 13045959.927459717 1433024.2243041992 13171606.111399651 1210718.1384634972 1925076.5753479004 66654130.172180176
leaf_count=1438 29282 100 2213 3520 1992 1303 65727 67023 7187 1426 10774 1505 1465 35013
internal_value=0.000130316 0.00479685 0.0113511 0.0212072 0.00205127 -0.000179928 2.67075e-05 0.000387986 -0.000258551 -0.000679601 0.00104088 0.00226856 -0.00421713 -0.00106256
internal_weight=2.53887e+08 5.51448e+06 1.62804e+06 513912 3.88644e+06 2.45712e+06 2.48373e+08 1.09585e+08 1.38788e+08 9.74405e+07 1.77404e+07 1.43823e+07 3.3581e+06 7.97001e+07
internal_count=229968 10566 5833 3620 4733 2741 219402 96305 123097 57370 15170 12279 2891 42200
cat_boundaries=0 1
cat_threshold=141
is_linear=0
shrinkage=0.03


Tree=268
num_leaves=15
num_cat=3
split_feature=13 12 13 12 0 13 16 0 14 16 14 3 0 16
split_gain=127506 116511 109105 40374.8 35603.7 28645.2 88943.6 60764.5 54707.5 69783.5 67311.6 55058.5 98649.4 88080.5
threshold=0.54078925851391635 0.99947707111996298 0.33722492917240238 0.92324355344902431 0 0.98077887089228521 0.030497419635198537 1 0.95321217120250823 0.091250173667429463 1.0929637701834825 1.0000000180025095e-35 2 0.06133114434014638
decision_type=2 2 2 2 1 2 2 1 2 2 2 2 1 2
left_child=1 3 4 -1 -3 6 7 -2 11 10 -10 12 13 -8
right_child=5 2 -4 -5 -6 -7 8 -9 9 -11 -12 -13 -14 -15
leaf_value=-0.00032188256200987311 -3.9800185978147736e-05 -0.037519454189052996 0.00043999670369570881 0.00051154255195547484 -0.064432323784219744 -2.386243867806994e-05 -0.00060524432724196411 -0.0010836859436134678 0.00019736033505581227 -0.00014331013133237508 -0.00064571325665518161 -0.0001591645469847552 0.00011734722228689799 4.2812054344323979e-05
leaf_weight=1067008.5599544048 4523882.1384847164 353470.39597785473 1138571.8386656046 2796494.6485038996 216813.46112918854 137939414.6835438 3503405.8319091797 3271639.2228324413 41220037.247802734 5086298.7778320312 1620608.619146347 15603391.986673355 30918436.56918335 4157657.373046875
leaf_count=1180 16298 584 2221 3537 3054 122581 1694 13059 27709 2359 1938 12661 19619 1392
internal_value=0.000157635 0.00464549 0.0111681 0.00176048 0.021879 5.6733e-05 0.000418053 -0.00267068 0.000653861 0.00139219 0.00178663 7.758e-07 0.000608958 -0.00243862
internal_weight=2.53417e+08 5.57236e+06 1.70886e+06 3.8635e+06 570284 2.47845e+08 1.09905e+08 7.79552e+06 1.0211e+08 4.79269e+07 4.28406e+07 5.41829e+07 3.85795e+07 7.66106e+06
internal_count=229886 10576 5859 4717 3638 219310 96729 29357 67372 32006 29647 35366 22705 3086
cat_boundaries=0 1 2 3
cat_threshold=24 472 8
is_linear=0
shrinkage=0.03


Tree=269
num_leaves=15
num_cat=2
split_feature=13 12 13 12 12 12 0 12 11 12 16 0 11 11
split_gain=175875 117497 141615 35755.7 26027 25615.9 87466.1 160286 89379.1 86880.8 79774.8 69723.6 222578 213423
threshold=0.54078925851391635 0.99947707111996298 0.33722492917240238 0.92324355344902431 0.97169678200662513 1.0051969303918387 0 1.0024913181220338 1.0314271113197637 0.99055603889192501 0.084550225891846673 1 1.0128747137800109 0.96260014076720346
decision_type=2 2 2 2 2 2 1 2 2 2 2 1 2 2
left_child=1 3 -3 -1 -5 6 7 10 -8 -10 -2 13 -13 -7
right_child=5 2 -4 4 -6 11 8 -9 9 -11 -12 12 -14 -15
leaf_value=-0.00024200807282428186 0.00019580633502652467 0.006425168712415298 0.00054352911876966127 0.00089699650270360048 -0.011722819560675567 0.0012853001123994882 8.9107204782622364e-06 0.00088865772529836504 -9.1038578434481186e-05 -0.0011962031889225543 -0.00033044160738473003 -0.00037850431871244103 5.5666647616016253e-05 -0.00028042089486871036
leaf_weight=1089147.2014596462 21991539.579627395 554549.43482637405 1113653.0201091766 984491.54592013359 1805751.8894474506 1481007.1627223492 52515612.719765186 4444262.2060656548 4025538.0965312719 1893177.8845385313 3987112.2983703613 17707830.634499669 111251292.5927335 28439107.573496938
leaf_count=1184 24071 3662 2212 1475 2064 2120 39284 3327 2888 2066 1987 15275 101921 26496
internal_value=0.000115815 0.00539859 0.0120565 0.00253557 0.00433499 -2.48333e-06 0.00040543 0.00170988 -0.000273713 -0.00376862 0.000809224 -0.000230619 7.20952e-05 -0.00153535
internal_weight=2.53284e+08 5.54759e+06 1.6682e+06 3.87939e+06 2.79024e+06 2.47736e+08 8.88572e+07 3.04229e+07 5.84343e+07 5.91872e+06 2.59787e+07 1.58879e+08 1.28959e+08 2.99201e+07
internal_count=230032 10597 5874 4723 3539 219435 73623 29385 44238 4954 26058 145812 117196 28616
cat_boundaries=0 1 2
cat_threshold=202 136
is_linear=0
shrinkage=0.03


Tree=270
num_leaves=15
num_cat=2
split_feature=13 12 1 12 14 0 12 11 12 12 1 1 0 13
split_gain=205645 87886.1 114356 53988.4 23692.4 70091.2 51599.7 44485.1 70424.4 44080.9 44188.9 71921.9 49520.8 42816.4
threshold=0.54078925851391635 0.94288066048179553 9.5000000000000018 1.0073531584289153 1.0577981349574546 0 1.0182782321369752 0.93513319243778092 0.99055603889192501 0.99712577792716017 18.500000000000004 8.5000000000000018 1 1.275313048505496
decision_type=2 2 2 2 2 1 2 2 2 2 2 2 1 2
left_child=1 -1 3 -3 13 6 7 -6 -9 10 11 -7 -12 -2
right_child=4 2 -4 -5 5 9 -8 8 -10 -11 12 -13 -14 -15
leaf_value=-0.00021894789070867884 -1.2573727865344821e-05 0.0009353471032876484 0.00075441846813281894 0.004320773181377845 -0.00030609840864663659 0.00053973928131028465 0.00012654581755988496 0.0087937915463340201 0.00064201069679639179 8.5928122458881626e-05 0.0016853060417885584 -0.0010311073745838508 -0.00083947148379012607 0.00092793880131928014
leaf_weight=1134842.3205065727 220377173.83692396 622130.13544356823 3237654.956892848 491315.7507956028 767544.84960591793 815840.51745307446 6286054.4437820911 579273.7847635746 2986719.0489041805 11034188.972160459 541129.03156280518 2654432.7206115723 511715.46353530884 1329424.3065414429
leaf_count=1346 171727 2341 3516 3358 1529 3140 11216 1537 5043 17175 913 2119 1282 3710
internal_value=0.000138416 0.00588356 0.00782277 0.0161161 1.12693e-05 0.000864825 0.00274374 0.00526234 0.0066725 -0.000417744 -0.00291194 -0.00454521 0.00247148 -8.951e-05
internal_weight=2.53369e+08 5.48594e+06 4.3511e+06 1.11345e+06 2.47883e+08 2.61769e+07 1.06196e+07 4.33354e+06 3.56599e+06 1.55573e+07 4.52312e+06 3.47027e+06 1.05284e+06 2.21707e+08
internal_count=229952 10561 9215 5699 219391 43954 19325 8109 6580 24629 7454 5259 2195 175437
cat_boundaries=0 1 2
cat_threshold=178 76
is_linear=0
shrinkage=0.03


Tree=271
num_leaves=15
num_cat=3
split_feature=13 12 13 12 0 11 10 11 1 0 14 0 12 12
split_gain=169345 101264 155456 43054.1 29246.8 23360 40300.9 38076 166271 96225 88150.2 87346 52105.1 106320
threshold=0.54078925851391635 0.99947707111996298 0.33722492917240238 0.92324355344902431 0 0.78683299918466465 0.78049706914582051 0.9569913468292458 17.500000000000004 1 0.88622088061380999 2 0.98609395010972944 1.017769022820241
decision_type=2 2 2 2 1 2 2 2 2 1 2 1 2 2
left_child=1 3 -3 -1 -4 -2 -7 8 9 -8 -11 -10 -12 -14
right_child=5 2 4 -5 -6 6 7 -9 11 10 12 -13 13 -15
leaf_value=-0.00029338762358445907 0.00041595678605234641 0.0059876690269446602 -0.0024159217830278796 0.00068866711331063975 -2.0559306166619537e-05 -0.00029887882224906265 0.0011358848306759672 -1.4606348294646109e-05 0.0010206056819161784 0.00039360010904727146 -5.9808190620709566e-05 0.00026751476550514322 -0.00072355946251691336 4.9414707725124122e-05
leaf_weight=1097501.8984100819 2104598.2186213732 545256.94704091549 509563.86592400074 2808801.5734540224 618144.56144881248 5372089.9460612535 1583090.878862977 220417647.14104867 2059114.4065947533 2525131.5307674408 6569398.3056768179 2853098.6312789917 2597162.8201485872 1807161.7557634115
leaf_count=1178 2506 3667 952 3525 1259 6073 2219 194471 2092 1837 4460 2768 1571 1403
internal_value=5.61436e-05 0.00522489 0.0114008 0.00257992 0.00504186 -6.01904e-05 -8.71391e-05 -2.97148e-05 0.00122383 -0.000337472 -0.00115809 0.0060175 -0.00232101 -0.0048457
internal_weight=2.53468e+08 5.57927e+06 1.67297e+06 3.9063e+06 1.12771e+06 2.47888e+08 2.45784e+08 2.40412e+08 1.99942e+07 1.50819e+07 1.34989e+07 4.91221e+06 1.09737e+07 4.40432e+06
internal_count=229981 10581 5878 4703 2211 219400 216894 210821 16350 11490 9271 4860 7434 2974
cat_boundaries=0 1 2 3
cat_threshold=138 129 177
is_linear=0
shrinkage=0.03


Tree=272
num_leaves=15
num_cat=4
split_feature=13 0 1 11 16 11 0 0 16 11 11 11 0 1
split_gain=181263 54936.6 86556.5 35672.2 36306.9 30705.8 129177 112914 104533 114220 85822.4 154861 123861 168804
threshold=0.54078925851391635 0 9.5000000000000018 0.90644793995258399 0.06880972133262335 1.0256949624400986 1 2 0.042119697567762744 1.0346667605123312 1.0128747137800109 1.0069201742998883 3 17.500000000000004
decision_type=2 1 2 2 2 2 1 1 2 2 2 2 1 2
left_child=1 2 3 -1 -5 7 8 -2 -7 -10 11 12 -9 -14
right_child=5 -3 -4 4 -6 6 -8 10 9 -11 -12 -13 13 -15
leaf_value=0.00057024472525782203 0.00022507097773295231 0.00022935606686793841 0.00066494926683751331 -0.0042785579147476861 0.0053409318530497282 0.00050822708250842813 1.1539417172687155e-05 -0.00031829228858382884 -0.0010828816710149996 -0.00026519770073387869 7.2582110656445477e-05 -0.00060743618390628347 -4.6008323858131485e-05 0.00044478694440294709
leaf_weight=390811.95225596428 35388369.7085675 2241076.8757263422 2292294.9902915955 256823.22138679028 271689.56915283203 3194879.6396613121 102466120.86061251 13483954.293587208 3216361.9043579102 19943191.080749512 25819731.037783146 8288006.1287691593 27838622.077495337 8710111.1850867271
leaf_count=620 34046 5079 2336 2475 101 8524 95658 14609 1363 14038 18794 5624 19003 7918
internal_value=9.0951e-05 0.00550166 0.00801709 0.0157941 0.0208758 -2.78453e-05 -0.000349169 0.000318458 -0.00222237 -0.00292412 -0.000279523 -0.000917028 -0.000287843 0.000618794
internal_weight=2.53802e+08 5.4527e+06 3.21162e+06 919325 528513 2.48349e+08 1.28821e+08 1.19529e+08 2.63544e+07 2.31596e+07 8.41404e+07 5.83207e+07 5.00327e+07 3.65487e+07
internal_count=230188 10611 5532 3196 2576 219577 119583 99994 23925 15401 65948 47154 41530 26921
cat_boundaries=0 1 2 3 4
cat_threshold=188 136 138 320
is_linear=0
shrinkage=0.03


Tree=273
num_leaves=15
num_cat=4
split_feature=13 12 13 12 0 1 14 1 1 0 0 13 1 0
split_gain=163801 92335.4 128598 34702.1 28755.4 22928.3 22386.5 133029 128890 79659.1 69402.6 52334.5 62295 59772.6
threshold=0.54078925851391635 0.98922990193883686 0.33722492917240238 0.92324355344902431 0 11.500000000000002 0.80434234060582843 8.5000000000000018 11.500000000000002 1 2 0.97157855593931763 6.5000000000000009 3
decision_type=2 2 2 2 1 2 2 2 2 1 1 2 2 1
left_child=1 3 -3 -1 -4 -5 7 10 -9 -10 -2 12 13 -8
right_child=6 2 4 5 -6 -7 11 8 9 -11 -12 -13 -14 -15
leaf_value=-0.0002268522494856705 -0.0040711594138658483 0.005266814814833428 0.00096398119629014206 0.00085778446845784825 -0.013274545937351109 0.00039399473068038691 1.7387961126092754e-05 -0.00080527372593915288 -0.00074449328377995552 2.4400567716747067e-05 0.00070368612271924473 -2.5799761155797945e-05 7.6932338156563421e-05 -0.0010338002890129582
leaf_weight=1060157.7144405842 1099694.8953900337 579856.24498927593 587832.75738716125 853574.0819671154 693308.05569779873 1687283.4507226944 1303909.0950952768 3181580.4786057472 1465126.4144134521 9826971.014124155 2107869.1618777514 146330279.92772889 81084677.535761118 1592414.5561265945
leaf_count=1151 1668 3892 1044 1725 1357 1311 5869 2715 620 8339 2949 127435 62507 7350
internal_value=0.000121903 0.00526083 0.0106867 0.00245676 0.00538117 0.00435907 8.71893e-06 -0.00102 -0.002245 -0.000742289 0.00450765 8.76947e-05 0.000684639 -0.00363854
internal_weight=2.53455e+08 5.46201e+06 1.861e+06 3.60102e+06 1.28114e+06 2.54086e+06 2.47993e+08 1.76812e+07 1.44737e+07 1.12921e+07 3.20756e+06 2.30311e+08 8.3981e+07 2.89632e+06
internal_count=229932 10480 6293 4187 2401 3036 219452 16291 11674 8959 4617 203161 75726 13219
cat_boundaries=0 1 2 3 4
cat_threshold=138 8 50 408
is_linear=0
shrinkage=0.03


Tree=274
num_leaves=15
num_cat=2
split_feature=13 12 13 12 1 12 0 2 12 12 0 12 1 1
split_gain=236749 154356 91823.5 47427.8 32113.2 27630.7 86841 71915 55004.6 76796.4 117162 82685.5 55379.3 94821.4
threshold=0.54078925851391635 0.99947707111996298 0.33722492917240238 0.92324355344902431 11.500000000000002 1.0666052657390228 0 3.5000000000000004 1.03376952192731 1.0409231421374501 1 1.0401549524141978 8.5000000000000018 15.500000000000002
decision_type=2 2 2 2 2 2 1 2 2 2 1 2 2 2
left_child=1 3 -3 -1 -5 8 7 -7 -2 11 -11 -10 -12 -14
right_child=5 2 -4 4 -6 6 -8 -9 9 10 12 -13 13 -15
leaf_value=-0.00031315438843360299 5.4379691471516827e-06 0.0054954171676626648 0.00068772550692278753 0.0011213673010685302 0.00036854963110202066 0.00038262726524295761 -9.7585791314043962e-05 -5.6042194940174913e-05 -0.00024355050361016923 0.00024682116638291915 -0.00056509599770060708 -0.0011093159726011275 0.0001355617215449824 -0.00050939758637274667
leaf_weight=1006617.0035506487 181910144.97096288 541672.58894360065 1093679.2916158438 934140.50857830048 1789772.0852656364 12391567.983584166 16313655.810088515 6075164.6810324192 6370303.0260906219 10102184.099336863 2275861.3444325924 1983695.9713613987 5245185.422141552 4872397.3054428101
leaf_count=1130 151912 3641 2220 2088 1406 11439 16118 8413 6978 13664 2576 1913 2916 3347
internal_value=0.000121977 0.00635629 0.0140413 0.00298742 0.00504373 -1.31632e-05 0.000770757 0.00217971 -0.000141313 -0.00131264 -0.000400497 -0.00376887 -0.00235518 -0.00140407
internal_weight=2.52906e+08 5.36588e+06 1.63535e+06 3.73053e+06 2.72391e+06 2.4754e+08 3.47804e+07 1.84667e+07 2.1276e+08 3.08496e+07 2.24956e+07 8.354e+06 1.23934e+07 1.01176e+07
internal_count=229761 10485 5861 4624 3494 219276 35970 19852 183306 31394 22503 8891 8839 6263
cat_boundaries=0 1 2
cat_threshold=364 233
is_linear=0
shrinkage=0.03


Tree=275
num_leaves=15
num_cat=2
split_feature=13 12 13 12 12 16 16 0 14 16 0 1 10 16
split_gain=263551 168021 84734.3 49825.9 28117.2 25799.4 154218 112636 100239 65184.5 63497.9 138972 85162.6 76192.1
threshold=0.54078925851391635 0.98922990193883686 0.33722492917240238 0.92324355344902431 0.97169678200662513 0.076603777319970187 0.081083792322249923 0 0.85278111942976487 0.072299485717510797 1 10.500000000000002 1.0242312619031082 0.10107186579718457
decision_type=2 2 2 2 2 2 2 1 2 2 1 2 2 2
left_child=1 3 -3 -1 -5 9 7 -7 -8 -2 11 13 -13 -10
right_child=5 2 -4 4 -6 6 8 -9 10 -11 -12 12 -14 -15
leaf_value=-0.00028774826790360246 -4.0049272442372968e-06 0.0047905543893457274 0.00068819410759872707 0.00095726891807184939 0.0005870783771122107 0.00050889335680548941 0.00022456321482895202 0.00015592610142281413 0.0010114655430440431 -0.000228092672712832 -0.00011359167585675678 -0.00066581965553225251 0.00013094089698239371 0.00013100004024025504
leaf_weight=1036638.4636832476 159808365.87416112 605893.786059618 1296995.3764516115 983045.45633518696 1539006.5775980949 5212138.5633544922 7153176.2060217857 9729026.8992624283 2429866.3426513672 14095838.219409466 38535017.458770752 3297466.561809063 5244293.6741361618 2613287.5869441032
leaf_count=1138 171495 3983 2434 1493 1541 2428 3763 7270 1231 8768 17687 2111 3531 1060
internal_value=0.000133387 0.00665217 0.013848 0.00280443 0.00508026 -1.01041e-05 0.000458178 0.00318202 -0.00022843 -0.000209945 -0.000685474 0.00107812 -0.00125337 0.00502704
internal_weight=2.5358e+08 5.46158e+06 1.90289e+06 3.55869e+06 2.52205e+06 2.48118e+08 7.42143e+07 1.49412e+07 5.92731e+07 1.73904e+08 5.21199e+07 1.35849e+07 8.54176e+06 5.04315e+06
internal_count=229933 10589 6417 4172 3034 219344 39081 9698 29383 180263 25620 7933 5642 2291
cat_boundaries=0 1 2
cat_threshold=17 321
is_linear=0
shrinkage=0.03


Tree=276
num_leaves=15
num_cat=2
split_feature=11 7 12 14 2 12 0 11 10 12 12 0 12 2
split_gain=49618.1 112038 116584 107766 100899 124917 92109.2 190813 82058.1 76513.7 78578.1 77342.3 60958.6 59260.7
threshold=0.99217020718281967 1.0000000180025095e-35 1.019141366626745 0.86613134518559198 2.5000000000000004 1.004046389019269 0 0.93513319243778092 0.90135704482050072 0.9608647852025366 1.0100722254825036 1 0.9931501175091878 4.5000000000000009
decision_type=2 2 2 2 2 2 1 2 2 2 2 1 2 2
left_child=1 4 3 -3 9 12 7 -5 -7 11 -11 -1 -6 -8
right_child=-2 2 -4 6 5 8 13 -9 -10 10 -12 -13 -14 -15
leaf_value=1.9156233642363832e-05 -1.2480938563583065e-05 0.0016780834419220184 -0.0015280411652258108 -0.0072123430858316269 0.0003466884457977023 0.0013351059990930881 -0.0020201955913040411 0.00024741438468712075 0.00050003710504260065 0.00022010941048425636 -0.00015324662632113569 -0.00096149373773264657 -0.00026545477969961898 0.00019971649520117443
leaf_weight=3042827.7951660156 199157755.80806875 1664972.6655085087 2381003.7017052174 1003073.0054049492 8760262.7243345976 1775912.7434235811 778695.06893777847 1209664.0407582521 1722663.1092885733 17019175.448551297 6040687.2638858557 1905641.8448951244 2239339.4679929018 4931793.1975961924
leaf_count=2980 178785 1453 3790 1471 6980 1207 1075 1989 1638 12142 5059 1890 1677 7586
internal_value=0.000108478 0.000910775 -0.00165311 -0.000177671 0.00163273 0.00366426 -0.00163563 -0.0068319 0.00860188 0.000581125 0.00130749 -0.00280373 0.00209378 0.000377867
internal_weight=2.53633e+08 5.44757e+07 1.19692e+07 9.5882e+06 4.25065e+07 1.44982e+07 7.92323e+06 2.21274e+06 3.49858e+06 2.80083e+07 2.30599e+07 4.94847e+06 1.09996e+07 5.71049e+06
internal_count=229722 50937 17364 13574 33573 11502 12121 3460 2845 22071 17201 4870 8657 8661
cat_boundaries=0 1 2
cat_threshold=272 468
is_linear=0
shrinkage=0.03


Tree=277
num_leaves=15
num_cat=4
split_feature=11 14 0 1 3 0 11 16 1 16 11 11 0 0
split_gain=41224.2 140717 199722 137497 112280 132801 111252 92173 85716.2 79809.8 66690.9 80172.1 214993 56112.7
threshold=0.98536147366073423 0.86944186738941187 0 19.500000000000004 1.5000000000000002 1 0.97755348269850095 0.07340591182653608 16.500000000000004 0.081648113409416342 0.96092504511688037 0.93513319243778092 2 3
decision_type=2 2 1 2 2 1 2 2 2 2 2 2 1 1
left_child=1 2 -1 4 5 9 7 -7 -9 -3 11 12 -6 -5
right_child=-2 3 -4 13 10 6 -8 8 -10 -11 -12 -13 -14 -15
leaf_value=0.0009889661221430372 -6.1089314390028785e-06 -0.00012426036669986769 0.00010082425261284409 0.0017014166665775023 -0.0072997284392870669 -5.2285957861756917e-05 0.00095451800322733996 0.00071519820467310453 9.8640718998311265e-05 -0.00065483919066108062 -0.0014755261944692263 0.00099962610691564082 -4.3353466167455308e-05 0.00042212296380646675
leaf_weight=3131383.4533336163 204601752.74589062 5307120.9869551659 6173952.3237513304 1670731.926902771 872251.65310406685 12682607.565621495 2178859.1107633114 2491835.2153930664 3389862.940246582 1561495.8781738281 2573145.6285697222 1314002.0895411968 3277010.4116325378 2312867.0286140442
leaf_count=1693 184862 4283 5953 2303 1204 9934 1509 1063 1362 658 3513 2016 4409 5334
internal_value=0.000140305 0.000922491 0.00424243 0.000142986 -0.000447711 0.000460607 0.00165782 0.000905138 0.00400924 -0.00315497 -0.00356854 -0.00169299 -0.00373811 0.00542898
internal_weight=2.53539e+08 4.89371e+07 9.30534e+06 3.96318e+07 3.56482e+07 2.76118e+07 2.07432e+07 1.85643e+07 5.8817e+06 6.86862e+06 8.03641e+06 5.46326e+06 4.14926e+06 3.9836e+06
internal_count=230096 45234 7646 37588 29951 18809 13868 12359 2425 4941 11142 7629 5613 7637
cat_boundaries=0 1 2 3 4
cat_threshold=24 104 272 88
is_linear=0
shrinkage=0.03


Tree=278
num_leaves=15
num_cat=1
split_feature=13 12 13 12 11 11 12 0 12 12 5 12 11 11
split_gain=179961 135210 82997.4 43205.9 41026.8 26702 46572.9 39289.7 31054.6 109993 108640 99197.7 67962.5 63801.6
threshold=0.54078925851391635 0.99947707111996298 0.33722492917240238 0.92324355344902431 0.92833667948537613 0.78683299918466465 0.91874762502524698 0 1.0017672621402147 1.0002001870955406 1.0000000180025095e-35 1.0022632125571322 1.0205127915344043 1.0011991564699063
decision_type=2 2 2 2 2 2 2 1 2 2 2 2 2 2
left_child=1 3 4 -1 -3 7 -7 -2 9 10 -8 12 -10 -13
right_child=5 2 -4 -5 -6 6 8 -9 11 -11 -12 13 -14 -15
leaf_value=-0.00027324956822569885 0.00091632526023257795 -0.011584360573268962 0.00061212305235207071 0.00070002755065071587 0.0056033301857477472 -0.00047868269200002198 3.6334222541924865e-05 -0.00012470506037497715 -0.00024700369980222873 0.0004111239394067438 -0.00083149558926906011 -0.00018943137068513975 -0.00096266202309315671 1.0631887988580599e-05
leaf_weight=1042522.061461091 1083284.473164916 160889.24088680744 1135815.5805380344 2747212.8564699888 383077.52819383144 2758854.4149672985 54436146.262695909 1089526.9059437513 3007673.8062471151 7157228.8634675741 1634899.8285604715 20599294.742694497 1505326.6212012768 154921980.34685779
leaf_count=1124 1417 115 2244 3490 3540 2827 46855 1115 2811 5169 952 18938 944 138451
internal_value=0.000101255 0.00548399 0.0125688 0.00234367 0.0222048 -1.73655e-05 -4.66085e-05 0.00329373 -2.65147e-06 0.000569312 0.000122267 -0.000203526 -0.00459516 -9.06081e-05
internal_weight=2.53664e+08 5.46952e+06 1.67978e+06 3.78973e+06 543967 2.48194e+08 2.46021e+08 2.17281e+06 2.43263e+08 6.32283e+07 5.6071e+07 1.80034e+08 4.513e+06 1.75521e+08
internal_count=229992 10513 5899 4614 3655 219479 216947 2532 214120 52976 47807 161144 3755 157389
cat_boundaries=0 1
cat_threshold=194
is_linear=0
shrinkage=0.03


Tree=279
num_leaves=15
num_cat=2
split_feature=13 0 11 13 10 11 14 0 16 4 4 13 16 14
split_gain=180710 64122.9 76260.6 123748 54281.7 69868.2 28144.5 90270.9 49628.7 76080.9 56312.5 40993.5 73915.2 62059.8
threshold=0.54078925851391635 0 0.93513319243778092 0.33722492917240238 0.75379524715512736 0.98931796563596863 1.0577981349574546 1 0.03553230016294702 1.0000000180025095e-35 1.0000000180025095e-35 0.98077887089228521 0.030497419635198537 0.98000143226936309
decision_type=2 1 2 2 2 2 2 1 2 2 2 2 2 2
left_child=1 4 -3 -4 -1 -6 11 -8 10 -10 -9 12 -2 -14
right_child=6 2 3 -5 5 -7 7 8 9 -11 -12 -13 13 -15
leaf_value=0.0003525234882386401 -0.00039499896820739151 0.00050965284944963333 0.0060922217914325758 0.0008222928037710615 -1.6827576407254076e-06 -0.0076386437839710006 0.00048325777891537844 0.0003293340391784537 -3.3657788037083206e-05 -0.0013634269669966482 0.0040836844605273582 -5.0539269956352328e-05 4.6912451915949274e-06 0.00017257973321090891
leaf_weight=615255.8049877882 7132696.733970046 3015089.3938367367 386819.60034132004 1021012.3561013937 239222.45918357372 179673.78749167919 10569808.432943225 2430501.0278908014 10479443.25444603 2249297.5910949707 311977.2654838562 117044011.40597498 71214595.723225594 26595588.796203613
leaf_count=562 24153 2530 2967 2090 463 1923 19155 13118 7679 2398 1280 88133 45755 17521
internal_value=9.54258e-05 0.00549559 0.00706806 0.012833 -0.00122971 -0.00955943 -2.33878e-05 0.000909657 -0.000550291 -0.00133898 0.00311026 -0.000132842 0.000297698 0.000512702
internal_weight=2.53485e+08 5.45707e+06 4.42292e+06 1.40783e+06 1.03415e+06 418896 2.48028e+08 2.6041e+07 1.54712e+07 1.27287e+07 2.74248e+06 2.21987e+08 1.04943e+08 9.78102e+07
internal_count=229727 10535 7587 5057 2948 2386 219192 43630 24475 10077 14398 175562 87429 63276
cat_boundaries=0 1 2
cat_threshold=320 178
is_linear=0
shrinkage=0.03


Tree=280
num_leaves=15
num_cat=1
split_feature=13 12 13 12 11 11 12 0 16 2 2 2 13 16
split_gain=148203 136164 110462 35744.6 29724.2 29260.5 77983.2 57249.1 87329 70911.2 53424.1 43570.4 35448.3 74054.3
threshold=0.54078925851391635 0.99947707111996298 0.33722492917240238 0.92324355344902431 0.92833667948537613 1.1818563742125845 1.1215458779551306 0 0.082907891132556658 1.5000000000000002 3.5000000000000004 2.5000000000000004 0.98696205593185182 0.055845160148253276
decision_type=2 2 2 2 2 2 2 1 2 2 2 2 2 2
left_child=1 3 4 -1 -3 6 12 11 9 -9 -11 -8 -2 -14
right_child=5 2 -4 -5 -6 -7 7 8 -10 10 -12 -13 13 -15
leaf_value=-0.000254261588450057 3.9018497554964451e-05 0.0013973908394883223 0.00057926391806043052 0.00054518777407194417 0.0059360344514300086 -0.00018717670450740619 0.001934306598426011 -0.00022427600697937718 -0.00049381770524644373 -2.7482221069485626e-05 0.00030771916300672013 0.00044722508522878973 9.9888539541624313e-05 -7.9449381089511908e-05
leaf_weight=1067339.4552687407 107071779.38529003 169136.4833906889 1128945.4068557024 2748508.3620038033 384849.16913342476 11634317.025010347 635653.39642095566 1690331.8573485613 1449964.1947937012 1713032.8854655027 1790448.2397459745 698209.23987269402 36347390.983430862 84783197.599263906
leaf_count=1166 92211 117 2205 3547 3514 11763 948 1436 657 1423 2115 1303 57510 49761
internal_value=0.000151671 0.00502304 0.0121316 0.00188789 0.0231035 4.35792e-05 0.000115931 0.0030315 0.00189277 0.00371008 0.00614493 0.00870327 1.40065e-05 -0.000337529
internal_weight=2.53313e+08 5.49878e+06 1.68293e+06 3.81585e+06 553986 2.47814e+08 2.3618e+08 7.97764e+06 6.64378e+06 5.19381e+06 3.50348e+06 1.33386e+06 2.28202e+08 1.21131e+08
internal_count=229676 10549 5836 4713 3631 219127 207364 7882 5631 4974 3538 2251 199482 107271
cat_boundaries=0 1
cat_threshold=96
is_linear=0
shrinkage=0.03


Tree=281
num_leaves=15
num_cat=3
split_feature=13 12 13 13 13 0 16 1 0 0 16 12 1 9
split_gain=161333 127796 117620 39617.3 26026.8 106166 27617.3 26249.9 123099 96488.5 114520 88974.7 70151.7 370098
threshold=0.54078925851391635 0.99947707111996298 0.33722492917240238 0.28104573522942611 2.040948787038904 0 0.038465513575636691 10.500000000000002 1 2 0.063017502112994797 1.0094282815670288 16.500000000000004 89.500000000000014
decision_type=2 2 2 2 2 1 2 2 1 1 2 2 2 2
left_child=1 3 -3 -1 7 -6 -7 8 -2 10 11 -9 13 -11
right_child=4 2 -4 -5 5 6 -8 9 -10 12 -12 -13 -14 -15
leaf_value=-0.0005115431148188577 -0.00035618036310230917 0.0044800359168773599 0.00056064879657310757 0.0005057752240998387 0.047896017166221938 0.0028098610299549008 -0.0011957338344545344 0.00095331537112596692 8.0619809904362781e-05 0.00031333530552072394 -4.0687459785950699e-05 0.00020448469774997014 1.4130809093886524e-05 -0.00025417059395287919
leaf_weight=1058918.1227191687 10511113.723513603 537397.22561645508 1163883.4034340382 2747627.7525968552 324872.07884645462 230485.13020682335 658289.72827243805 5912549.0017433167 64164036.724150896 11523736.574178696 27298623.535049438 15311312.03456521 56642557.03314209 55355226.357870102
leaf_count=1887 15558 3648 2213 2780 881 3392 1104 10220 62353 6011 25370 25112 40560 28671
internal_value=0.000135698 0.00521403 0.0120495 0.00215902 2.28825e-05 0.00440536 -0.000959226 1.32438e-06 0.000471018 -0.000202545 0.000931001 0.00258391 -0.000647831 -0.00130579
internal_weight=2.53441e+08 5.50783e+06 1.70128e+06 3.80655e+06 2.47933e+08 1.21365e+06 888775 2.46719e+08 7.46752e+07 1.72044e+08 4.85225e+07 2.12239e+07 1.23522e+08 6.6879e+07
internal_count=229760 10528 5861 4667 219232 5377 4496 213855 77911 135944 60702 35332 75242 34682
cat_boundaries=0 1 2 3
cat_threshold=16 34 226
is_linear=0
shrinkage=0.03


Tree=282
num_leaves=15
num_cat=0
split_feature=13 12 13 12 11 10 10 11 1 11 3 12 10 14
split_gain=148270 139338 119988 42718.5 39783.8 33360.4 71988.4 59926.6 95679.8 70674 54527.8 58658.4 52027.5 50298.1
threshold=0.54078925851391635 0.99947707111996298 0.33722492917240238 0.92324355344902431 0.92833667948537613 1.1942558122392908 1.1493816470633826 1.0766544007495955 17.500000000000004 1.0840211422052726 1.0000000180025095e-35 1.1600870110256618 1.0862148502590399 0.8755578290714513
decision_type=2 2 2 2 2 2 2 2 2 2 2 2 2 2
left_child=1 3 4 -1 -3 6 7 12 13 -10 11 -8 -2 -9
right_child=5 2 -4 -5 -6 -7 10 8 9 -11 -12 -13 -14 -15
leaf_value=-0.0003528947072582231 5.2216501382457739e-06 0.0012198356947577475 0.00053841541574100433 0.00054897170725569399 0.0061951453817928777 -0.00016015731217659796 0.0004970501922374681 -0.00042880669920570831 -0.0012538858944749587 -0.00037762123996691729 -4.0980580446233407e-05 -0.00028467196767951661 0.00028145843711171878 1.428160406153521e-05
leaf_weight=1076449.9036918879 178400861.33785605 160435.01999878883 1156082.7321821451 2796161.6679939032 427389.00335979462 16909138.551311135 7972506.5050182343 2757708.4443148375 1137717.3424844742 5715541.8278570175 4741031.0187989473 1703351.0981529951 9621239.6775099039 19525383.91131115
leaf_count=1170 146065 112 2242 3549 3540 19415 7091 2340 1182 7193 5820 1373 11171 17928
internal_value=0.000120056 0.00494022 0.0119817 0.00176931 0.0230174 1.11057e-05 0.000105035 -3.12517e-05 -0.00129724 -0.00439718 0.00215789 0.00344937 0.000164929 -0.000343841
internal_weight=2.54101e+08 5.61652e+06 1.74391e+06 3.87261e+06 587824 2.48484e+08 2.31575e+08 2.17158e+08 2.91364e+07 6.85326e+06 1.44169e+07 9.67586e+06 1.88022e+08 2.22831e+07
internal_count=230191 10613 5894 4719 3652 219578 200163 185879 28643 8375 14284 8464 157236 20268
is_linear=0
shrinkage=0.03


Tree=283
num_leaves=15
num_cat=3
split_feature=13 0 11 13 10 11 14 0 1 13 0 13 14 5
split_gain=165223 70409 89269 111876 36108.7 83274.6 35103.7 66256.1 71189.7 50397.7 61398.7 42014.5 64890.9 82874
threshold=0.54078925851391635 0 0.93513319243778092 0.33722492917240238 0.75379524715512736 0.98931796563596863 1.0577981349574546 1 10.500000000000002 1.275313048505496 2 0.98077887089228521 0.98000143226936309 1.0000000180025095e-35
decision_type=2 1 2 2 2 2 2 1 2 2 1 2 2 2
left_child=1 4 -3 -4 -1 -6 9 8 -8 11 -11 12 13 -2
right_child=6 2 3 -5 5 -7 7 -9 -10 10 -12 -13 -14 -15
leaf_value=0.00022972402830980976 -3.2879511227882595e-06 0.00047781290683571398 -0.067558318158645575 0.00076927617622047663 0.00020076808207495264 -0.007460889252969484 -0.00024331206905338988 -4.3727845154420681e-05 0.00065875109864933562 0.002300200831274401 -8.5268818695477769e-05 -5.1531476627563201e-05 0.00014890065791066455 -0.00091049929994006318
leaf_weight=610835.77432072163 75071858.597411633 3093594.1635921001 392001.90013694763 1024203.462618351 252896.59307324886 185050.2797665596 2535692.8909078836 15481493.539059997 8123201.466571331 618916.55202329159 708872.82521212101 115421034.86265004 28565764.314031243 1279590.9706330299
leaf_count=563 62606 2567 3021 2071 465 1944 7717 24542 11630 1292 2405 84142 24041 716
internal_value=0.000123879 0.00523902 0.00686724 0.0131055 -0.00176247 -0.00833656 9.1405e-06 0.0010489 0.00286914 -0.000113476 0.00571369 -0.000148591 0.000285914 -0.000170442
internal_weight=2.53365e+08 5.55858e+06 4.5098e+06 1.41621e+06 1.04878e+06 437947 2.47806e+08 2.61404e+07 1.06589e+07 2.21666e+08 1.32779e+06 2.20338e+08 1.04917e+08 7.63514e+07
internal_count=229722 10631 7659 5092 2972 2409 219091 43889 19347 175202 3697 171505 87363 63322
cat_boundaries=0 1 2 3
cat_threshold=320 178 30
is_linear=0
shrinkage=0.03


Tree=284
num_leaves=15
num_cat=1
split_feature=13 12 13 13 11 12 12 1 0 12 13 10 9 10
split_gain=118624 134206 121149 45060.6 28784.8 23395.4 124501 108136 103438 91798.6 64540.2 87045.5 62310.9 58373.3
threshold=0.54078925851391635 0.99947707111996298 0.33722492917240238 0.33722492917240238 0.92833667948537613 1.0017672621402147 1.0002001870955406 18.500000000000004 0 1.0022632125571322 1.0109399026120844 0.90675470765210653 62.500000000000007 1.0022981177563166
decision_type=2 2 2 2 2 2 2 2 1 2 2 2 2 2
left_child=1 3 4 -1 -3 6 7 10 -9 -7 -2 -12 -11 -14
right_child=5 2 -4 -5 -6 9 -8 8 -10 12 11 -13 13 -15
leaf_value=-0.00040288022268527115 2.568750539524403e-05 0.0013161042444004988 0.00050932250116430633 0.00044785177928300215 -0.027458126578732495 -0.00050444926741418088 0.00041980198391384723 -0.00032900795636680474 0.0005850996347812348 -0.00052015002765027772 -0.0010413307827778866 -0.00012874867781857108 -0.00014830745018059492 2.3542086226004699e-05
leaf_weight=1615606.099834919 33646396.301192045 151943.33367705345 1153563.8588140011 2168109.1576938629 379751.6951649189 4553759.1375572681 7161182.9936395884 2608160.0916595459 6776968.0125865936 1307136.8461054564 2215683.9071960449 15530586.6126827 27238084.950320601 146563025.95089459
leaf_count=2377 23948 108 2272 2296 3554 3760 5219 5183 7767 1029 2662 13436 25016 131265
internal_value=0.000109387 0.00447968 0.0115214 0.00134331 0.0233692 1.28564e-05 0.000487076 4.62482e-05 0.00300743 -0.000166469 -0.00049451 -0.00195838 -5.71129e-05 -8.0352e-06
internal_weight=2.5307e+08 5.46897e+06 1.68526e+06 3.78372e+06 531695 2.47601e+08 6.7939e+07 6.07778e+07 9.38513e+06 1.79662e+08 5.13927e+07 1.77463e+07 1.75108e+08 1.73801e+08
internal_count=229892 10607 5934 4673 3662 219285 58215 52996 12950 161070 40046 16098 157310 156281
cat_boundaries=0 1
cat_threshold=386
is_linear=0
shrinkage=0.03


Tree=285
num_leaves=15
num_cat=4
split_feature=13 0 11 13 13 2 10 0 10 0 3 16 0 2
split_gain=129843 56486.7 47069.6 46091.3 26839.5 44636.4 23439.1 148674 101468 81734.4 61864.8 60592.5 69863.3 65709
threshold=0.54078925851391635 0 0.96260014076720346 0.33722492917240238 0.33722492917240238 3.5000000000000004 1.0804981498706023 1 1.0692909671149702 2 1.0000000180025095e-35 0.05393807821676181 3 4.5000000000000009
decision_type=2 1 2 2 2 2 2 1 2 1 2 2 1 2
left_child=1 4 -3 -4 5 -1 8 10 11 -10 -8 12 -2 -13
right_child=6 2 3 -5 -6 -7 7 -9 9 -11 -12 13 -14 -15
leaf_value=0.00042692954307430448 0.00037917617381058745 0.00071303708825026151 -0.051904832317404247 0.00092572072121947921 0.00024892215171625615 -0.0023183284536342249 0.00044737092711392566 -5.0874720466104813e-05 -0.00077975712045857861 -4.5768681963043023e-05 2.5680187566101378e-05 -6.0218885653066657e-05 2.1847519157224488e-06 0.00014655504343958161
leaf_weight=322408.77490699291 14474569.362829208 3031768.9608917236 180827.08632862568 410006.32940363884 1103424.1280058622 391665.67150270939 13513732.769236088 46888924.79557097 3440325.9168208838 3806792.4376590252 6379608.2170889378 111364511.65829468 25152435.290571213 22907320.46066618
leaf_count=1040 28591 2776 2368 1390 1572 1334 13622 46087 2835 3772 9242 55404 40463 19349
internal_value=8.24151e-05 0.00466714 0.00683243 0.0145788 0.000351291 -0.0041805 -1.81841e-05 0.000462227 -0.000195295 -0.00367335 0.00263537 -5.03493e-05 0.000980462 -0.000354568
internal_weight=2.53368e+08 5.4401e+06 3.6226e+06 590833 1.8175e+06 714074 2.47928e+08 6.67823e+07 1.81146e+08 7.24712e+06 1.98933e+07 1.73899e+08 3.9627e+07 1.34272e+08
internal_count=229845 10480 6534 3758 3946 2374 219365 68951 150414 6607 22864 143807 69054 74753
cat_boundaries=0 1 2 3 4
cat_threshold=322 292 7 202
is_linear=0
shrinkage=0.03


Tree=286
num_leaves=15
num_cat=3
split_feature=13 0 11 13 10 1 0 2 0 14 1 1 9 13
split_gain=124756 65230.9 78542.1 130788 35653.5 31173.6 106006 108206 105891 124499 381358 90581.9 171693 114570
threshold=0.54078925851391635 0 0.93513319243778092 0.33722492917240238 0.90135704482050072 10.500000000000002 1 1.0000000180025095e-35 2 0.8755578290714513 8.5000000000000018 7.5000000000000009 71.500000000000014 1.0708652456545009
decision_type=2 1 2 2 2 2 1 2 1 2 2 2 2 2
left_child=1 -1 -3 -4 -5 8 7 -7 -2 10 -10 12 -11 -14
right_child=5 2 3 4 -6 6 -8 -9 9 11 -12 -13 13 -15
leaf_value=-0.00028032818768191758 -0.00026866817144577686 0.00042904202784300002 -0.0038624860012143017 4.0384950888453702e-05 0.00099474255032346221 -0.00036635760573862055 -5.634340874842054e-05 0.00033212783342087998 0.00072112223660230593 -0.00084429180603266644 -0.00029578718487529334 0.00011123094718110905 -0.00013137934553332923 0.00046666233078744823
leaf_weight=1032539.5606886148 14186202.774285436 3049220.7137768269 377072.45680809021 487560.39455032349 504256.99033272266 5582118.5814487934 138311319.82255268 28331893.631170273 4930843.1844784021 1348125.2012423277 3276971.9280071259 35292386.562358141 12379417.45629704 3678601.1348768473
leaf_count=2958 24142 2565 2957 357 1713 6666 91748 39052 5483 1958 1802 18303 18136 11513
internal_value=0.000106752 0.0045962 0.00618276 0.0121526 0.00643498 7.80917e-06 -0.000214592 0.00128847 0.000517888 0.00106158 0.00449841 0.000526294 -0.00124476 -0.000381452
internal_weight=2.52769e+08 5.45065e+06 4.41811e+06 1.36889e+06 991817 2.47318e+08 1.72225e+08 3.3914e+07 7.50925e+07 6.09063e+07 8.20782e+06 5.26985e+07 1.74061e+07 1.6058e+07
internal_count=229353 10550 7592 5027 2070 218803 137466 45718 81337 57195 7285 49910 31607 29649
cat_boundaries=0 1 2 3
cat_threshold=320 162 162
is_linear=0
shrinkage=0.03


Tree=287
num_leaves=15
num_cat=4
split_feature=11 1 14 0 0 0 11 11 3 16 12 11 14 0
split_gain=43279.5 114648 105750 87741.6 86732.9 84334.1 76348.3 64297.3 62385.6 70874.8 86914.7 38758.8 37300.8 97586.5
threshold=0.9569913468292458 18.500000000000004 0.8755578290714513 0 1 2 0.89451372984939514 0.9442096572761115 2.5000000000000004 0.078715075217429029 0.98305573952904635 0.88002456839183818 1.0929637701834825 3
decision_type=2 2 2 1 1 1 2 2 2 2 2 2 2 1
left_child=1 2 5 -3 7 -1 -6 8 9 10 -4 -7 -2 -14
right_child=12 3 4 -5 6 11 -8 -9 -10 -11 -12 -13 13 -15
leaf_value=0.00074864613211869169 -8.5701155326188392e-06 -0.00033055617277113564 0.00014798622203360731 0.00096838574827264197 -0.00012390957209463917 -9.8571046169718821e-05 -0.0008373453038091216 0.00089553473553289503 -0.0015371888567231511 0.00036391136967809453 -0.0004630267594798686 0.00044750134292361235 0.0020357742153573706 0.00010008864647889251
leaf_weight=2369180.1988110542 210369089.82832801 1032736.8494110107 4262323.1142271757 3788145.685423851 4784749.1211993694 2852957.7946330309 2495964.4371727705 1554703.3019676208 1429055.423740387 3131938.4044799805 2503913.5826706886 1700742.6696214676 1330715.7445180416 9903349.4243485928
leaf_count=1583 174496 1588 3544 5219 4064 2066 2481 1798 1986 1169 1876 1629 2498 24081
internal_value=0.000152352 0.00118539 0.000426701 0.00544796 -0.000671702 0.00362576 -0.00328894 0.000807529 2.23134e-05 0.000868271 -0.000858849 0.00123741 3.61557e-06 0.0016879
internal_weight=2.5351e+08 3.19064e+07 2.70855e+07 4.82088e+06 2.01626e+07 6.92288e+06 7.28071e+06 1.28819e+07 1.13272e+07 9.89818e+06 6.76624e+06 4.5537e+06 2.21603e+08 1.12341e+07
internal_count=230078 29003 22196 6807 16918 5278 6545 10373 8575 6589 5420 3695 201075 26579
cat_boundaries=0 1 2 3 4
cat_threshold=258 405 152 16
is_linear=0
shrinkage=0.03


Tree=288
num_leaves=15
num_cat=0
split_feature=13 12 13 12 10 10 10 12 10 12 16 2 12 1
split_gain=113673 109839 156201 35602.4 26820.1 25730.8 93282.4 77862.6 66688.2 137056 188820 105972 107708 89309.8
threshold=0.54078925851391635 0.99947707111996298 0.33722492917240238 0.92324355344902431 0.86883337326258692 1.0377336508874493 1.0363308762909964 1.012215049947701 1.0535811583164076 1.0294283446165053 0.071104724230351343 4.5000000000000009 1.0078314957339256 18.500000000000004
decision_type=2 2 2 2 2 2 2 2 2 2 2 2 2 2
left_child=1 3 -3 -1 -4 6 -2 -8 9 11 13 12 -7 -11
right_child=5 2 4 -5 -6 8 7 -9 -10 10 -12 -13 -14 -15
leaf_value=-0.00041411663516161988 -1.773585057649447e-05 0.0070239490506011004 -6.4748410568258357e-05 0.00051744978054516953 0.00045293854818071833 0.00013027603468490742 -4.6434111509081397e-05 -0.001075170427137867 -9.9289561996023846e-06 0.00025478685429468627 0.00068650433104258755 0.00078430243664888595 -0.00035901697517745802 -0.00052315630234967621
leaf_weight=1033606.2728956938 124027687.15735996 580653.70958292484 552954.91071820259 2743471.8998866081 555459.83728218079 7578487.1821256876 1889087.0502947569 2558631.7411596775 91322674.478886366 3612209.1566866636 3111208.7883210182 3430759.4484578371 9153922.2834436893 1271112.3290314674
leaf_count=1141 105175 3688 351 3484 1895 5094 1368 1683 89243 3010 1265 4452 6720 1297
internal_value=6.66366e-05 0.00434596 0.0107053 0.00150212 0.00410223 -2.77004e-05 -0.000322413 -0.00459117 0.0002892 0.0015656 0.00488955 0.000247685 -0.000737128 0.00120949
internal_weight=2.53422e+08 5.46615e+06 1.68907e+06 3.77708e+06 1.10841e+06 2.47956e+08 1.28475e+08 4.44772e+06 1.1948e+08 2.81577e+07 7.99453e+06 2.01632e+07 1.67324e+07 4.88332e+06
internal_count=229866 10559 5934 4625 2246 219307 108226 3051 111081 21838 5572 16266 11814 4307
is_linear=0
shrinkage=0.03


Tree=289
num_leaves=15
num_cat=0
split_feature=13 12 13 12 11 10 16 11 12 11 12 11 13 14
split_gain=131840 119317 119576 32059.8 28795.3 26934.8 46738.6 53446 33888 98926.8 129323 68991.2 61526.5 67575.5
threshold=0.54078925851391635 0.99947707111996298 0.33722492917240238 0.92324355344902431 0.93171241057181342 0.82120607435980486 0.043347229934692762 0.82067536127917817 1.0051969303918387 1.0314271113197637 0.98842126986668599 1.0567133163051989 0.99892753575412041 0.8884171423713475
decision_type=2 2 2 2 2 2 2 2 2 2 2 2 2 2
left_child=1 3 4 -1 -3 6 -2 -8 9 12 11 -11 -7 -14
right_child=5 2 -4 -5 -6 8 7 -9 -10 10 -12 -13 13 -15
leaf_value=-0.00025224170242024507 0.00071894938484869336 0.0012150049783523241 0.00048580188097219174 0.00045810629334042992 -0.041909871377858239 0.00016707384724372237 0.00012925434431464863 -0.0004462486334733159 -2.0099732897955058e-05 -7.7078939497306038e-05 -0.00065083332717287329 0.00086087164095694077 0.0004320449921460806 -2.4874755236078611e-05
leaf_weight=1079638.9878798723 1197233.2572647333 161163.22508895397 1116869.3032140732 2778470.0727567673 372052.05803489685 37274060.551116228 2561934.3684387207 5468640.464630127 158853224.78788757 4357638.251401186 5054118.7009856701 1417578.1706596613 1258242.4670801163 30750545.369202256
leaf_count=1162 4056 118 2221 3543 3504 28310 2074 3986 145033 2891 4788 1761 1294 25220
internal_value=9.46142e-05 0.00468527 0.0114368 0.00179769 0.0231248 -7.26691e-06 -0.00159765 -0.00242202 5.41467e-05 0.000557213 -0.00210928 0.000957596 0.000974003 9.26719e-06
internal_weight=2.53701e+08 5.50819e+06 1.65008e+06 3.85811e+06 533215 2.48193e+08 9.22781e+06 8.03057e+06 2.38965e+08 8.01122e+07 1.08293e+07 5.77522e+06 6.92828e+07 3.20088e+07
internal_count=229961 10548 5843 4705 3622 219413 10116 6060 209297 64264 9440 4652 54824 26514
is_linear=0
shrinkage=0.03


Tree=290
num_leaves=15
num_cat=0
split_feature=13 12 13 13 10 10 10 12 1 12 10 16 12 12
split_gain=90971.7 109726 125009 25826.9 20241.9 116730 71856.8 68321 80353.5 76066.7 64260.6 61180.2 58699.8 57534.9
threshold=0.54078925851391635 0.99947707111996298 0.33722492917240238 0.43892950188008456 1.0377336508874493 1.0363308762909964 1.0428102923176461 0.98446444983219006 19.500000000000004 1.0008167906410759 1.0658413189851337 0.054444299526872915 1.0450853805310099 1.012215049947701
decision_type=2 2 2 2 2 2 2 2 2 2 2 2 2 2
left_child=1 3 -3 -1 5 12 -6 11 9 10 -9 -8 -2 -7
right_child=4 2 -4 -5 6 13 7 8 -10 -11 -12 -13 -14 -15
leaf_value=-5.7550903381143772e-05 7.4919243311391875e-06 0.0059197241610845878 0.00049316457630385526 0.00056899288423357096 0.00020304178873994618 -0.00010173975492149474 -0.0090231173715895497 -0.00062336802827450254 -0.0004332479864543371 3.6330601393291916e-05 -2.0350444576361473e-05 0.00012342448471710295 -0.00045720285223054056 -0.00097598375179084674
leaf_weight=2704190.1553593874 119942297.4673059 532876.0562864542 1079011.6672472954 1064379.5878686905 12248225.943368554 1864022.0810810328 1529113.4653445482 2369658.9882098436 8891636.7371864319 87298337.152851939 2713700.8054862022 4650198.1982116699 4229466.6970151663 2534927.0348563194
leaf_count=3399 100523 3651 2199 1285 9234 1359 2578 1437 18427 73961 2601 2794 4696 1670
internal_value=0.000132362 0.00399167 0.0105423 0.00118982 4.8725e-05 -0.000212648 0.000329466 8.13045e-05 -0.000105554 0.000156611 -0.0034108 0.00314374 -4.25093e-05 -0.00501527
internal_weight=2.53652e+08 5.38046e+06 1.61189e+06 3.76857e+06 2.48272e+08 1.28571e+08 1.19701e+08 1.07453e+08 1.01273e+08 9.23817e+07 5.08336e+06 6.17931e+06 1.24172e+08 4.39895e+06
internal_count=229814 10534 5850 4684 219280 108248 111032 101798 96426 77999 4038 5372 105219 3029
is_linear=0
shrinkage=0.03


Tree=291
num_leaves=15
num_cat=3
split_feature=13 12 13 11 13 2 9 2 0 0 12 9 0 1
split_gain=136180 89131.3 131103 40544.4 21909.6 20369.8 81833.3 160012 106937 98875 92089 88150.5 385164 151297
threshold=0.54078925851391635 0.99947707111996298 0.33722492917240238 0.92833667948537613 0.28104573522942611 2.5000000000000004 74.500000000000014 5.5000000000000009 0 1 0.95513059896937513 82.500000000000014 2 15.500000000000002
decision_type=2 2 2 2 2 2 2 2 1 1 2 2 1 2
left_child=1 4 3 -3 -1 -2 7 8 -7 -8 -11 12 -12 -14
right_child=5 2 -4 -5 -6 6 9 -9 -10 10 11 -13 13 -15
leaf_value=-0.00044658051896319135 -2.8507467938302324e-05 0.00085448953711518983 0.00041513057871262312 0.010022567970945445 0.00041582699847393401 0.00057612615990929766 -0.00029815296973854347 -0.0010455792487607586 -0.00026697960154384933 0.00081024098278017977 0.0013111994589886499 3.0292076222964383e-05 0.00031360022180097259 -0.0010468807036041557
leaf_weight=1031873.4772301912 126798056.62734425 152325.60840213299 1126100.4197696447 387373.80870258808 2751862.8387650251 2328635.2792059183 10092155.392996192 1668047.4317238331 5925793.1153349876 2737794.2983300686 2277665.9381053448 92552675.892746091 2277407.3389285803 1459221.4011306763
leaf_count=1886 96484 116 2232 3590 2787 2305 12187 2423 4550 4134 2282 91214 2360 1522
internal_value=6.54761e-05 0.00475663 0.010539 0.022696 0.00221093 -3.75582e-05 0.000240335 -0.00237031 -0.000657742 0.000472873 0.000754974 0.000604229 0.00412364 -0.00180367
internal_weight=2.53567e+08 5.44954e+06 1.6658e+06 539699 3.78374e+06 2.48117e+08 1.21319e+08 9.92248e+06 8.25443e+06 1.11397e+08 1.01305e+08 9.8567e+07 6.01429e+06 3.73663e+06
internal_count=230072 10611 5938 3706 4673 219461 122977 9278 6855 113699 101512 97378 6164 3882
cat_boundaries=0 1 2 3
cat_threshold=200 256 176
is_linear=0
shrinkage=0.03


Tree=292
num_leaves=15
num_cat=3
split_feature=13 12 13 11 14 11 0 1 9 0 0 2 12 11
split_gain=117828 93755.3 139560 48716.5 33576.3 48907.7 105512 67607.4 105234 75931.7 74751.1 69765.3 102029 91701.2
threshold=0.54078925851391635 0.99947707111996298 0.33722492917240238 0.92833667948537613 1.004678821214996 0.97755348269850095 0 18.500000000000004 89.500000000000014 1 2 4.5000000000000009 1.0336496147759966 1.0011991564699063
decision_type=2 2 2 2 2 2 1 2 2 1 1 2 2 2
left_child=1 -1 3 -3 -2 6 -6 11 10 -10 -9 -7 13 -13
right_child=4 2 -4 -5 5 7 -8 8 9 -11 -12 12 -14 -15
leaf_value=0.00021977013863225508 -2.0946676869703796e-05 0.0008229586710454804 0.0003985647306871331 -0.04609472375719606 0.00025304061894930642 8.667292830097629e-05 -0.00040791397537523699 -0.0022253097108908136 -0.00046149590061431134 0.00029860823605310367 -0.00027025694420520309 -0.00038345476537619881 -0.00011221489271048226 0.00099347022115347052
leaf_weight=3842133.1101236343 165832618.76289213 161413.98540592194 1138072.45685637 408997.79061877728 6753375.0935219526 45737806.003536582 8194448.6929596663 924923.37077331543 2639282.9714751244 7576770.4955971241 1476415.7158174515 1147289.7315936089 3311651.1779036522 5081492.5105727911
leaf_count=4644 131370 114 2205 3555 8680 36645 8984 1326 3250 12727 2081 1458 5829 7337
internal_value=0.000108622 0.00443158 0.0102785 0.0223897 1.21306e-05 0.000505334 -0.00104817 0.000847352 -0.00113413 0.00019418 -0.00678517 0.00129963 0.00363318 0.00589532
internal_weight=2.54227e+08 5.55062e+06 1.70848e+06 570412 2.48676e+08 8.28435e+07 1.49478e+07 6.78956e+07 1.26174e+07 1.02161e+07 2.40134e+06 5.52782e+07 9.54043e+06 6.22878e+06
internal_count=230205 10518 5874 3669 219687 88317 17664 70653 19384 15977 3407 51269 14624 8795
cat_boundaries=0 1 2 3
cat_threshold=173 144 70
is_linear=0
shrinkage=0.03


Tree=293
num_leaves=15
num_cat=1
split_feature=13 12 13 11 12 13 1 2 9 1 0 9 14 11
split_gain=101578 110511 132665 45815 24487.9 21095.7 69995.5 67094.4 75623.4 81973.2 62035.4 61409.1 69134.5 146085
threshold=0.54078925851391635 0.99947707111996298 0.33722492917240238 0.92833667948537613 0.92324355344902431 0.97157855593931763 6.5000000000000009 3.5000000000000004 79.500000000000014 14.500000000000002 0 74.500000000000014 0.88072654936915795 1.0147009219858605
decision_type=2 2 2 2 2 2 2 2 2 2 1 2 2 2
left_child=1 4 3 -3 -1 6 10 8 9 -8 -2 -9 13 -13
right_child=5 2 -4 -5 -6 -7 7 11 -10 -11 -12 12 -14 -15
leaf_value=-0.00026983741370503576 -0.0013178811743581112 0.00061357269929268165 0.00039280325087190084 0.011057764845075055 0.00042988423651699886 -1.5419004625354379e-05 0.00076277230917789595 -0.00083411388296675249 7.4021375703935778e-05 2.3529180397141816e-05 -7.3111284613598177e-05 0.00034928437680129573 7.0805861861720213e-05 -0.00061483178630052158
leaf_weight=1038952.7726955414 1192249.094737649 154303.75367951393 1108323.9630233049 403040.10638284683 2801880.8642568588 148301893.85427177 2694859.2783813477 1725099.9803819656 60566125.995814562 2984733.5876231194 1901340.368969202 2596197.1710662842 20321541.657492638 5585251.1149046421
leaf_count=1128 5841 108 2198 3552 3558 130041 1800 1900 39998 2529 9178 2018 21047 4988
internal_value=0.000165817 0.00419589 0.0106495 0.0225888 0.00139712 7.62875e-05 0.000414058 0.000556495 0.00109092 0.00440091 -0.00402787 -0.000614711 -0.000282055 -0.00261061
internal_weight=2.53376e+08 5.5065e+06 1.66567e+06 557344 3.84083e+06 2.47869e+08 9.95674e+07 9.64738e+07 6.62457e+07 5.67959e+06 3.09359e+06 3.02281e+07 2.8503e+07 8.18145e+06
internal_count=229884 10544 5858 3660 4686 219340 89299 74280 44327 4329 15019 29953 28053 7006
cat_boundaries=0 1
cat_threshold=67
is_linear=0
shrinkage=0.03


Tree=294
num_leaves=15
num_cat=3
split_feature=13 0 10 10 10 1 14 16 10 10 0 9 0 1
split_gain=118304 54831 34383.7 67752.7 34100.1 37629.3 41457.2 46973.2 24335.3 100605 113093 98302 87163.2 85668.4
threshold=0.54078925851391635 0 0.75379524715512736 0.96500844037247047 0.82120607435980486 9.5000000000000018 0.67021016678877732 0.067979758385097996 1.0287464565096112 1.024560965295868 1 72.500000000000014 2 7.5000000000000009
decision_type=2 1 2 2 2 2 2 2 2 2 1 2 1 2
left_child=1 2 -1 -4 -3 6 -6 -8 9 10 11 -2 13 -10
right_child=8 4 3 -5 5 -7 7 -9 12 -11 -12 -13 -14 -15
leaf_value=0.00030325230476981865 0.00077794532313930356 0.0002323249424774161 0.00045980535587688642 -0.0070322484193247282 -0.012147659594956887 0.00087160595265222058 0.0019947651576485517 0.0079685653463855768 -0.00036532046553318967 -0.00035702938775482242 4.3265821630917233e-05 -0.00029447499591705648 -1.101155337613696e-05 0.00028179694067682849
leaf_weight=586039.63383591175 1007472.7372516394 1457473.0974078178 233624.78186547756 177984.16085767746 232062.61463654041 2172700.4544212818 334163.74598240852 261102.8466796875 2509164.5518218279 8822758.1589903831 80192276.351810932 20057492.709332824 107471760.71845138 28017484.017528057
leaf_count=550 981 1436 376 1995 1587 2324 2202 83 8840 6597 60576 25402 83186 33819
internal_value=0.000107514 0.00447764 -0.00187989 -0.00852544 0.00590053 0.00772944 0.0131742 0.0173673 1.14164e-05 -0.000321264 -5.35541e-05 -0.00200974 0.000276793 0.00169147
internal_weight=2.53534e+08 5.45515e+06 997649 411609 4.4575e+06 3.00003e+06 827329 595267 2.48078e+08 1.1008e+08 1.01257e+08 2.1065e+07 1.37998e+08 3.05266e+07
internal_count=229954 10553 2921 2371 7632 6196 3872 2285 219401 93556 86959 26383 125845 42659
cat_boundaries=0 1 2 3
cat_threshold=320 352 352
is_linear=0
shrinkage=0.03


Tree=295
num_leaves=15
num_cat=1
split_feature=13 12 13 11 14 0 2 16 1 12 9 1 13 16
split_gain=85628.4 84601.2 134099 51728.3 25968 51590 54430.2 46673.9 98076.2 53653.3 51632 94290.5 41804.2 75349.5
threshold=0.54078925851391635 0.99947707111996298 0.33722492917240238 0.92833667948537613 1.0320974020590354 0 3.5000000000000004 0.056042049674143786 9.5000000000000018 0.99493778713559811 89.500000000000014 9.5000000000000018 0.98077887089228521 0.030497419635198537
decision_type=2 2 2 2 2 1 2 2 2 2 2 2 2 2
left_child=1 -1 3 -3 12 6 -6 10 -9 -10 11 -7 13 -2
right_child=4 2 -4 -5 5 7 -8 8 9 -11 -12 -13 -14 -15
leaf_value=0.00017893304457186791 -0.00042051626764196188 -0.0057218081739461267 0.00034003840435053323 0.010120092302222819 6.3539880624227039e-05 -0.0016319002498958108 0.00059173636414746407 0.00024971700613740785 -0.00079635180626890867 -0.00019052780187954924 0.00043687287136315322 0.00017166715052485104 -5.0722965066554441e-05 4.9470696474272866e-05
leaf_weight=3883262.8438136578 6747557.7039114237 150958.28958213329 1143583.4694391489 382718.44624423981 10929352.171914935 543808.77013802528 7371245.5437344313 4172800.4488687515 3017356.410949707 9708466.1832356453 8104569.0333883762 1171215.2730698586 101682869.47003591 94294209.536717892
leaf_count=4740 22792 104 2212 3533 14236 1654 12177 2045 2328 6675 19696 1537 75419 60448
internal_value=0.000109581 0.00379131 0.00942185 0.0218392 2.69452e-05 0.000678717 0.00190581 -0.00016178 -0.0011176 -0.00242632 0.0014831 -0.00324584 -0.000117793 0.000314374
internal_weight=2.53304e+08 5.56052e+06 1.67726e+06 533677 2.47743e+08 4.50188e+07 1.83006e+07 2.67182e+07 1.68986e+07 1.27258e+07 9.81959e+06 1.71502e+06 2.02725e+08 1.01042e+08
internal_count=229596 10589 5849 3637 219007 60348 26413 33935 11048 9003 22887 3191 158659 83240
cat_boundaries=0 1
cat_threshold=178
is_linear=0
shrinkage=0.03


Tree=296
num_leaves=15
num_cat=2
split_feature=13 12 13 11 0 14 0 12 3 9 13 1 1 14
split_gain=112848 89426.2 124204 70448.5 27731.2 22515.4 73857.3 62102.1 56874.3 46358.8 44349.1 75662.7 77037.1 378614
threshold=0.54078925851391635 0.98922990193883686 0.33722492917240238 0.92833667948537613 0 1.0596894800670869 1 1.0182782321369752 1.0000000180025095e-35 72.500000000000014 0.98077887089228521 6.5000000000000009 8.5000000000000018 0.88354585953519404
decision_type=2 2 2 2 1 2 1 2 2 2 2 2 2 2
left_child=1 4 3 -3 -1 10 7 8 -7 -8 11 -2 13 -13
right_child=5 2 -4 -5 -6 6 9 -9 -10 -11 -12 12 -14 -15
leaf_value=-4.3325898921094119e-05 -0.00057623069010462389 0.00034434130169136049 0.00036650209893202414 0.010179964915417231 -5.7273235350258513e-05 -0.001020657474332688 0.00030526332911247122 0.00013049216801235732 0.0017597408921678759 -0.00018172068972501304 -4.2715878593595731e-05 0.00084171464080953426 2.0091230253245826e-05 -6.2644068631852146e-05
leaf_weight=1470086.2720001936 3266669.4894864559 202059.63192808628 1302958.3821922541 409877.96887946129 2120455.8790730238 2113620.2682698965 1369010.8597157001 6243588.924341917 2119314.6524034739 13345725.310630202 117695265.1076436 4521777.013053894 87776248.439220667 9904985.6886901855
leaf_count=1789 13067 140 2458 3784 2405 3708 1411 11131 4160 22445 88503 2462 66801 5674
internal_value=0.00015783 0.00440609 0.00964167 0.0207904 0.00161386 6.3657e-05 0.000913839 0.00283897 0.00564416 -0.000456808 -3.23131e-05 0.000414439 0.000558093 0.00258972
internal_weight=2.53862e+08 5.50544e+06 1.9149e+06 611938 3.59054e+06 2.48356e+08 2.51913e+07 1.04765e+07 4.23293e+06 1.47147e+07 2.23165e+08 1.0547e+08 1.02203e+08 1.44268e+07
internal_count=229938 10576 6382 3924 4194 219362 42855 18999 7868 23856 176507 88004 74937 8136
cat_boundaries=0 1 2
cat_threshold=180 178
is_linear=0
shrinkage=0.03


Tree=297
num_leaves=15
num_cat=2
split_feature=13 12 13 14 10 10 0 9 0 10 12 10 9 12
split_gain=108153 95568.6 133371 38256.5 26492 118667 75877.1 142075 163831 99679.7 96873.2 87637.2 122545 70421.1
threshold=0.54078925851391635 0.98922990193883686 0.33722492917240238 0.75023302573501549 1.0377336508874493 1.0363308762909964 0 89.500000000000014 1 1.1897847251825524 1.0781710215531561 1.0535811583164076 84.500000000000014 1.0294283446165053
decision_type=2 2 2 2 2 2 1 2 1 2 2 2 2 2
left_child=1 -1 3 -3 5 -2 7 8 -6 -9 -11 13 -13 -8
right_child=4 2 -4 -5 6 -7 11 9 -10 10 -12 12 -14 -15
leaf_value=0.00021394295294195563 -1.1093334879675099e-05 -0.023384729544202877 0.00037958804743218626 0.0087618537017350381 0.00035989313044491297 -0.00057391081830432638 1.4651363669814907e-05 0.0003682984200311336 -0.00056707090089605874 -0.00054655878106577081 0.00031837529515066316 0.00046177749247620545 -0.00012228900732854899 0.00026667800969289727
leaf_weight=3616123.1371722221 123996004.18236053 150294.96624004841 1307886.4886928797 436217.59126222134 3944446.0031611919 4468898.8087707758 12645011.420754194 28341723.857345819 5624584.721149087 3513738.7231987715 2740918.6215186119 4221521.9566727877 51865896.593711495 6720188.7635409832
leaf_count=4219 105079 1841 2430 2061 6074 3059 8908 30471 5257 4976 3146 5397 43083 3841
internal_value=9.74748e-05 0.00425442 0.00971285 0.0215996 5.13903e-06 -0.000294009 0.000326412 0.001314 -0.00192135 0.00220886 -0.00121898 -0.000251661 -0.000852428 0.00148834
internal_weight=2.53593e+08 5.51052e+06 1.8944e+06 586513 2.48083e+08 1.28465e+08 1.19618e+08 4.41654e+07 9.56903e+06 3.45964e+07 6.25466e+06 7.54526e+07 5.60874e+07 1.93652e+07
internal_count=229842 10551 6332 3902 219291 108138 111153 49924 11331 38593 8122 61229 48480 12749
cat_boundaries=0 1 2
cat_threshold=356 288
is_linear=0
shrinkage=0.03


Tree=298
num_leaves=15
num_cat=1
split_feature=13 12 13 11 14 0 12 3 12 16 14 1 16 13
split_gain=95086.2 103269 155687 31425.7 24724.8 75708.1 58308.6 63258.1 46734.6 46530.9 50478.1 133823 46266.8 40434.3
threshold=0.54078925851391635 0.98922990193883686 0.33722492917240238 0.92833667948537613 1.0577981349574546 0 1.0182782321369752 1.0000000180025095e-35 0.98446444983219006 0.03553230016294702 1.2155083539367697 13.500000000000002 0.070782843089919098 1.275313048505496
decision_type=2 2 2 2 2 1 2 2 2 2 2 2 2 2
left_child=1 -1 3 -3 13 6 7 -6 -9 -7 -11 -12 -10 -2
right_child=4 2 -4 -5 5 9 -8 8 12 10 11 -13 -14 -15
leaf_value=0.00018218186576475067 -1.3741698863554962e-05 0.00021961492807226571 0.0003484843800959471 -0.0019275120498677362 0.00022811888877672697 0.00064741888258902343 0.00013633983026902763 0.00034572388141701423 0.0013499346313218534 -7.3773878108075253e-05 -0.0036700784247676397 0.0001652866075642722 0.0041060327137980796 0.00091475605235848882
leaf_weight=3677054.0632945299 220615842.14233005 185034.85949575901 1321595.8889690638 381907.00600755215 2197691.729886055 2736602.7383680344 6370086.2604265213 506203.40727555752 1081385.7455054522 10503299.548870087 816398.25807571411 1249638.6953127384 559041.28784179688 1319033.3496214151
leaf_count=4221 171835 134 2459 3769 3808 14451 11345 1106 2527 7379 1114 1508 638 3741
internal_value=8.11684e-05 0.00395913 0.00966127 0.0228124 -5.87626e-06 0.000869021 0.00280313 0.00548301 0.0091459 -0.00048489 -0.0012567 -0.00554328 0.0116048 -0.000108452
internal_weight=2.53521e+08 5.56559e+06 1.88854e+06 566942 2.47955e+08 2.60203e+07 1.07144e+07 4.34432e+06 2.14663e+06 1.53059e+07 1.25693e+07 2.06604e+06 1.64043e+06 2.21935e+08
internal_count=230035 10583 6362 3903 219452 43876 19424 8079 4271 24452 10001 2622 3165 175576
cat_boundaries=0 1
cat_threshold=178
is_linear=0
shrinkage=0.03


Tree=299
num_leaves=15
num_cat=1
split_feature=13 12 13 11 12 1 12 12 1 4 12 13 0 11
split_gain=93656.7 93345.2 144450 38879.8 27615.6 29594.3 25697.7 59082.6 61343.8 84476.7 80773 67073.1 87940 100954
threshold=0.54078925851391635 0.98922990193883686 0.33722492917240238 0.92833667948537613 0.92324355344902431 12.500000000000002 1.0051969303918387 1.0043866876767142 18.500000000000004 1.0000000180025095e-35 0.98305573952904635 0.99892753575412041 0 0.94087527417298034
decision_type=2 2 2 2 2 2 2 2 2 2 2 2 1 2
left_child=1 4 3 -3 -1 -6 7 8 9 11 -11 -2 13 -13
right_child=6 2 -4 -5 5 -7 -8 -9 -10 10 -12 12 -14 -15
leaf_value=-0.0003501387893314754 7.8290868678110575e-05 0.00082396116887711206 0.00031885893801606536 0.0091700776472418907 0.0010848858576268257 5.6687150067113658e-05 -2.0849597390197605e-05 0.00031210006644347518 0.00024137637460843546 -0.0026769831466883507 0.00030055726172182646 -0.00078399742080419101 -0.00021080599766959063 0.00024855003391852803
leaf_weight=1067642.2282575369 39720354.860240102 177974.68565905094 1250352.6107621193 379698.08211004734 1009764.7141603231 1575974.9023456573 158722851.74905157 7189380.4532067776 12628133.203017712 1180270.7690182924 809057.26803255081 1577422.2643554211 15814989.744555235 10149369.798345804
leaf_count=1160 28027 134 2404 3780 1838 1224 145608 5051 16662 1230 1298 1749 9833 9812
internal_value=0.000119032 0.00400505 0.00958024 0.0222773 0.00124593 0.00292192 3.33834e-05 0.000441216 0.000212263 -0.000138387 -0.00623105 4.18083e-05 -0.00109587 0.000872753
internal_weight=2.53253e+08 5.46141e+06 1.80803e+06 557673 3.65338e+06 2.58574e+06 2.47792e+08 8.9069e+07 8.18796e+07 6.92515e+07 1.98933e+06 6.72621e+07 2.75418e+07 1.17268e+07
internal_count=229810 10540 6318 3914 4222 3062 219270 73662 68611 51949 2528 49421 21394 11561
cat_boundaries=0 1
cat_threshold=171
is_linear=0
shrinkage=0.03


Tree=300
num_leaves=15
num_cat=2
split_feature=13 12 13 11 12 0 2 1 1 2 11 0 2 1
split_gain=109266 105291 157478 32256.1 24667.5 76774.9 70919.3 49334.8 46994 48351.1 39356.6 107791 83091.8 74201.2
threshold=0.54078925851391635 0.98922990193883686 0.33722492917240238 0.92833667948537613 1.0666052657390228 0 3.5000000000000004 12.500000000000002 7.5000000000000009 5.5000000000000009 1.0766544007495955 1 1.5000000000000002 8.5000000000000018
decision_type=2 2 2 2 2 1 2 2 2 2 2 1 2 2
left_child=1 -1 3 -3 10 6 7 -6 -7 -10 -2 12 -12 -13
right_child=4 2 -4 -5 5 8 -8 -9 9 -11 11 13 -14 -15
leaf_value=0.00016360943323005599 -5.7145461493337616e-07 0.0006486020218837373 0.00034051377419087718 0.0097318822190463009 0.00011397176255847418 -0.00056454260303991349 -8.9521853429214897e-05 0.00056016681505474924 2.2177459245161693e-05 -0.00091674684750849911 0.00068796538114233256 0.00012152918797447749 -4.1938122391334484e-05 -0.00038866364319636203
leaf_weight=3590536.4651926756 185562177.69469678 206121.00424063206 1291320.7280275822 394941.62168121338 5347466.1282789707 1501671.5247824192 6122650.1634509563 6917083.1005635262 13619652.887312889 1229362.4434776306 2516750.2951258421 3633261.3626241684 4626400.6795694828 16210233.916966438
leaf_count=4191 155309 148 2437 3795 5319 3515 8414 6077 10869 1751 2951 5017 6845 13033
internal_value=5.23928e-05 0.00424126 0.00996772 0.0226525 -4.04841e-05 0.000700674 0.00203064 0.00334704 -0.000794938 -0.000283477 -0.000161615 -0.00123208 0.00192803 -0.00236963
internal_weight=2.5277e+08 5.48292e+06 1.89238e+06 601063 2.47287e+08 3.47379e+07 1.83872e+07 1.22645e+07 1.63507e+07 1.4849e+07 2.12549e+08 2.69866e+07 7.14315e+06 1.98435e+07
internal_count=229671 10571 6380 3943 219100 35945 19810 11396 16135 12620 183155 27846 9796 18050
cat_boundaries=0 1 2
cat_threshold=364 289
is_linear=0
shrinkage=0.03


Tree=301
num_leaves=15
num_cat=0
split_feature=13 12 13 11 10 2 10 10 11 2 12 10 9 12
split_gain=69156.3 72942.7 181572 30329.9 22838.3 46247.4 28666 115264 89621.1 85519.2 73281 67035.6 59096 55588.9
threshold=0.54078925851391635 0.98922990193883686 0.33722492917240238 0.92833667948537613 1.311423601463038 2.5000000000000004 1.0377336508874493 1.0363308762909964 0.9847744481008941 1.5000000000000002 1.012215049947701 1.0428102923176461 74.500000000000014 1.0438544048453264
decision_type=2 2 2 2 2 2 2 2 2 2 2 2 2 2
left_child=1 -1 3 -3 6 -6 7 -2 9 -8 -9 12 -10 -13
right_child=4 2 -4 -5 5 -7 8 10 11 -11 -12 13 -14 -15
leaf_value=0.00015530746732231613 -2.5837991883175287e-06 0.00044644012518612079 8.7145610301136725e-06 0.0095653489807405109 0.00015469171608167387 -0.00080644464210883672 -0.00013482205113656169 -5.6289213844829508e-05 -0.00022753567232694784 0.00088022446399251214 -0.0010002961509506037 -6.2978063198621079e-05 0.00026017639821527259 8.6372565721588545e-05
leaf_weight=3635473.0986740589 124302048.96973717 180249.8980602026 1293081.8461384773 373639.32269096375 2527306.2396609783 2335832.1176666021 1008511.6211996078 1837343.1234523058 1765087.5427780151 2075731.9150007963 2511393.0432932377 53574766.742260337 10476901.848019004 45537346.388693333
leaf_count=4181 105284 136 2413 3834 1886 2296 900 1343 1150 2340 1658 47529 8036 46799
internal_value=0.000135493 0.00346823 0.00832308 0.0226951 6.1803e-05 -0.0019738 0.000102526 -0.00020473 0.000447943 0.00549246 -0.0050056 0.000308222 0.00240262 4.95292e-05
internal_weight=2.53435e+08 5.48244e+06 1.84697e+06 553889 2.47952e+08 4.86314e+06 2.43089e+08 1.28651e+08 1.14438e+08 3.08424e+06 4.34874e+06 1.11354e+08 1.2242e+07 9.91121e+07
internal_count=229785 10564 6383 3970 219221 4182 215039 108285 106754 3240 3001 103514 9186 94328
is_linear=0
shrinkage=0.03


Tree=302
num_leaves=15
num_cat=2
split_feature=13 12 13 10 11 11 0 9 0 1 10 10 1 9
split_gain=74450.3 117439 170311 34773.5 94317.6 151041 111439 169999 164428 112887 108363 100262 94593.9 298503
threshold=0.54078925851391635 0.99613586028316414 0.33722492917240238 1.0293999222527417 1.009134200366411 1.0142450752632377 0 88.500000000000014 1 17.500000000000004 1.0302166471360206 1.1897847251825524 8.5000000000000018 72.500000000000014
decision_type=2 2 2 2 2 2 1 2 1 2 2 2 2 2
left_child=1 -1 -3 -2 -5 -6 7 8 -7 -10 -8 -9 13 -12
right_child=3 2 -4 4 5 6 10 11 9 -11 12 -13 -14 -15
leaf_value=4.308340950065573e-05 -2.5558902534587493e-05 0.0054375390053858297 0.00028027416559463128 0.00038258946216793692 -0.0011864994653422265 0.00036629857647942857 -0.017144982551846592 0.00040381696801816848 -0.0002496269515910093 -0.0014407158431441044 -0.0012736156275902403 -0.00012633202810814496 -9.56805206231246e-05 0.00023455268550070838
leaf_weight=3750993.0570573807 111918810.21088958 584756.92229366302 1149509.4823259115 8745002.3990474939 1778629.3146696091 4218807.674454689 1314249.8196066618 29412452.349027038 4974091.0634344816 1537208.5369033813 856678.85045051575 6308633.3503757715 64033876.142778397 13635075.852377415
leaf_count=4536 95259 3795 2248 7740 1426 6263 953 32109 4230 1725 1009 8246 44370 16385
internal_value=0.000207646 0.0036648 0.0101205 0.000131406 0.000452227 0.000246398 0.000368663 0.00153699 -0.00177436 -0.00476365 -0.000311076 0.00253167 -0.000454059 0.00173467
internal_weight=2.54219e+08 5.48526e+06 1.73427e+06 2.48734e+08 1.36815e+08 1.2807e+08 1.26291e+08 4.64512e+07 1.07301e+07 6.5113e+06 7.98399e+07 3.57211e+07 7.85256e+07 1.44918e+07
internal_count=230294 10579 6043 219715 124456 116716 115290 52573 12218 5955 62717 40355 61764 17394
cat_boundaries=0 1 2
cat_threshold=356 288
is_linear=0
shrinkage=0.03


Tree=303
num_leaves=15
num_cat=1
split_feature=13 12 13 11 12 0 12 16 11 11 12 11 14 11
split_gain=86140.7 78394.8 142862 52841.7 30716.4 100047 157194 84033.7 73434.6 73185.6 96772.7 94548.8 78848.2 68117.4
threshold=0.54078925851391635 0.98922990193883686 0.33722492917240238 0.92833667948537613 1.0051969303918387 0 1.0024913181220338 0.05516457443449433 0.96562958517018271 0.99953296935072145 0.9353060627559534 1.0007501084115906 1.0766976746816785 0.86323173388241103
decision_type=2 2 2 2 2 1 2 2 2 2 2 2 2 2
left_child=1 -1 3 -3 5 6 7 -2 13 10 -7 -11 -13 -9
right_child=4 2 -4 -5 -6 9 -8 8 -10 11 -12 12 -14 -15
leaf_value=0.00017224243650266566 0.00053006263505559652 0.00018632040115446576 0.00027620770994861009 -0.012617163641706541 -2.9510607598759856e-05 -0.00065401513888884019 0.00089827561332453073 4.1870231934823205e-05 0.00014453329617135507 -0.00074647030994967536 0.00012508350483779522 -0.00010307003683118547 0.0012679186647356689 -0.00072178046890859662
leaf_weight=3635238.6795039177 7088699.032697916 174401.65448915958 1287524.4301601648 379941.60458636284 158895847.28608215 2173438.3354325294 4398587.9665427208 2863701.5329589844 12830472.17175293 3168265.2479983568 25696169.384203315 26172203.721746445 1530089.3150048256 3120814.6036987305
leaf_count=4215 12969 141 2428 3781 145617 2055 3313 1931 9121 2511 20197 16308 3259 1994
internal_value=2.88999e-05 0.00375029 0.00879256 0.0215258 -5.33079e-05 0.000392751 0.00179284 0.000902454 -0.00014636 -0.000329511 0.000784971 -0.00133565 -0.00077418 -0.00289063
internal_weight=2.53415e+08 5.47711e+06 1.84187e+06 554343 2.47938e+08 8.90424e+07 3.03023e+07 2.59037e+07 1.8815e+07 5.87402e+07 2.78696e+07 3.08706e+07 2.77023e+07 5.98452e+06
internal_count=229840 10565 6350 3922 219275 73658 29328 26015 13046 44330 22252 22078 19567 3925
cat_boundaries=0 1
cat_threshold=202
is_linear=0
shrinkage=0.03


Tree=304
num_leaves=15
num_cat=2
split_feature=13 12 13 11 12 10 2 12 0 2 16 0 11 2
split_gain=91134.3 88963.2 164238 33988.2 32486.1 26797.5 35392.4 30921.1 71056.6 39115.8 61237.2 53862.1 42663 34575.4
threshold=0.54078925851391635 0.98922990193883686 0.33722492917240238 0.92833667948537613 0.92324355344902431 1.311423601463038 2.5000000000000004 1.1153931218449846 0 1.5000000000000002 0.082548718854359174 1 1.1818563742125845 2.5000000000000004
decision_type=2 2 2 2 2 2 2 2 1 2 2 1 2 2
left_child=1 4 3 -3 -1 7 -7 -2 13 11 12 -10 -11 -9
right_child=5 2 -4 -5 -6 6 -8 8 9 10 -12 -13 -14 -15
leaf_value=-0.00037618408184604335 1.1116503373886939e-06 0.00059442071885783276 0.00027760660010282286 -0.055555819936091703 0.00053549283318707461 4.6613216694830762e-05 -0.00082613499013776698 0.0017943088627615891 0.00020598532896923337 0.00064712581317123024 -0.00049506692050552917 -0.00061664858086148307 -6.3117557832664188e-05 0.00047707965212014948
leaf_weight=1071090.5720826387 231119416.89941287 179767.11317360401 1317822.4733768702 388713.08240640163 2577051.9347947836 2535993.5897123814 2302620.7713997364 640697.37056279182 1327549.4641305208 3777644.0248850584 1520573.732635498 2237198.8357143402 1768381.3482685089 672509.21326065063
leaf_count=1164 203132 136 2473 3798 3029 1914 2271 930 948 3881 823 1873 2340 1257
internal_value=0.000129943 0.00393736 0.00922692 0.0227048 0.00120235 4.49425e-05 -0.00216575 8.89502e-05 0.00157736 0.000764126 0.00205657 -0.00179796 0.00351887 0.00816097
internal_weight=2.53437e+08 5.53445e+06 1.8863e+06 568480 3.64814e+06 2.47903e+08 4.83861e+06 2.43064e+08 1.19446e+07 1.06313e+07 7.0666e+06 3.56475e+06 5.54603e+06 1.31321e+06
internal_count=229969 10600 6407 3934 4193 219369 4185 215184 12052 9865 7044 2821 6221 2187
cat_boundaries=0 1 2
cat_threshold=96 260
is_linear=0
shrinkage=0.03


Tree=305
num_leaves=15
num_cat=3
split_feature=10 10 0 12 3 11 11 11 0 1 12 11 0 1
split_gain=42690.4 30809.7 110541 74753.6 58012.8 164696 57301.9 53162 45716.2 55012.8 69607.6 72931.8 62643.3 56385.4
threshold=0.68171730937635744 0.97998433574410881 0 0.9353060627559534 1.5000000000000002 0.88002456839183818 0.82067536127917817 0.96973899304761912 1 17.500000000000004 0.98697337007541763 0.97496938264852517 2 9.5000000000000018
decision_type=2 2 1 2 2 2 2 2 1 2 2 2 1 2
left_child=-1 2 6 -4 8 -6 -2 -8 -5 10 -10 13 -11 -12
right_child=1 -3 3 4 5 -7 7 -9 9 12 11 -13 -14 -15
leaf_value=-0.00049717132597633103 0.00030644633449555792 1.5998782118689065e-06 -0.00025357121119599869 5.7745593872049529e-05 0.0021511961607874517 -0.00043971369342221054 -0.00090292547974431974 -0.00010213290086313446 0.00049058598945250927 0.00075645411634019273 0.00027689145944556387 0.00053311442536500657 0.00022165129116917355 -0.00029231471568927185
leaf_weight=1252962.1511663198 1066315.3369833231 211070824.97987068 3945877.9914727211 7055795.4063625336 785309.43662643433 6198669.2897963524 2335598.8126584291 1750166.6706960201 4815181.5297929049 2605882.8199882507 2010405.3839393854 3125754.4648987055 1625045.5819854736 3653132.236328125
leaf_count=980 1562 189361 4064 6974 1069 8542 3476 2635 3056 1692 1601 1961 1480 1642
internal_value=0.000134418 0.000161878 0.000914698 0.00150565 0.00198784 -0.000428335 -0.00319406 -0.00481036 0.00266577 0.00347443 0.00254527 0.000956954 0.00646212 -0.00107323
internal_weight=2.53297e+08 2.52044e+08 4.09731e+07 3.58211e+07 3.18752e+07 6.98398e+06 5.15208e+06 4.08577e+06 2.48912e+07 1.78354e+07 1.36045e+07 8.78929e+06 4.23093e+06 5.66354e+06
internal_count=230095 229115 39754 32081 28017 9611 7673 6111 18406 11432 8260 5204 3172 3243
cat_boundaries=0 1 2 3
cat_threshold=96 132 25
is_linear=0
shrinkage=0.03


Tree=306
num_leaves=15
num_cat=0
split_feature=13 12 13 13 13 1 16 16 1 14 3 16 5 2
split_gain=90459.5 89860 168122 31356 55083.9 19737 19512.8 148775 86905.4 85768.2 71210.9 68889.2 97026.9 226491
threshold=0.54078925851391635 0.98922990193883686 0.33722492917240238 2.040948787038904 4.2362837806469642 17.500000000000004 0.076603777319970187 0.081083792322249923 16.500000000000004 0.85278111942976487 1.0000000180025095e-35 0.06880972133262335 1.0000000180025095e-35 3.5000000000000004
decision_type=2 2 2 2 2 2 2 2 2 2 2 2 2 2
left_child=1 -1 -3 6 5 -5 11 8 -8 10 -9 12 -2 -14
right_child=3 2 -4 4 -6 -7 7 9 -10 -11 -12 -13 13 -15
leaf_value=0.00015664572885638696 -1.1329067024358587e-06 0.004064310166347368 0.00026216835404215943 -0.0018159991654859537 0.01742287522692329 0.0017923400610858318 0.00012409616065544777 0.00033863867335077173 0.0004838165734805896 -6.5142282688693899e-05 -0.00015256158610842899 -0.0001401133024463428 -0.00020033080361384097 0.0019214962974724154
leaf_weight=3631728.6172575951 139707176.77948618 600011.6084176302 1318135.2171931267 580665.09634518623 353021.43542730808 266416.46433258057 8165409.4829893112 5144667.6060180664 6662787.6389465332 51893524.751371384 1991497.120218277 30607912.325005531 1308383.5279947519 1137078.6509132385
leaf_count=4238 154759 3945 2464 2886 1778 696 6096 2332 3476 25263 1392 18379 1115 1098
internal_value=0.000102815 0.00389071 0.00914335 1.79859e-05 0.00485545 0.000706266 -5.55437e-06 0.00040257 0.00308902 -0.000272264 0.00281144 -0.000180034 9.79464e-05 0.00602199
internal_weight=2.53368e+08 5.54988e+06 1.91815e+06 2.47819e+08 1.2001e+06 847082 2.46618e+08 7.38579e+07 1.48282e+07 5.90297e+07 7.13616e+06 1.72761e+08 1.42153e+08 2.44546e+06
internal_count=229917 10647 6409 219270 5360 3582 213910 38559 9572 28987 3724 175351 156972 2213
is_linear=0
shrinkage=0.03


Tree=307
num_leaves=15
num_cat=0
split_feature=13 12 10 13 13 13 13 1 1 14 14 1 16 16
split_gain=81141.7 233657 34657.6 25328.8 23232.8 43761 19644.1 57322.5 62687.1 373298 196269 212846 147422 81506.5
threshold=0.33722492917240238 0.99077193618339965 0.68171730937635744 0.54078925851391635 2.040948787038904 4.2362837806469642 0.97157855593931763 6.5000000000000009 8.5000000000000018 0.88354585953519404 0.87823417826745143 12.500000000000002 0.090659472269326052 0.053521434381979857
decision_type=2 2 2 2 2 2 2 2 2 2 2 2 2 2
left_child=1 -1 -2 -4 6 -6 7 -5 9 12 11 13 -9 -10
right_child=2 -3 3 4 5 -7 -8 8 10 -11 -12 -13 -14 -15
leaf_value=-4.3772271315793583e-05 -0.00050890381698575563 0.0064000494279023235 0.00032901840311016053 -0.00055140227675813593 0.00016312672872929897 0.033942891992531657 -1.6539105641674244e-05 0.0014376605916452589 6.9808940530253837e-06 -0.00010293140986546674 0.0001076054090064352 -7.350578410236881e-06 7.8793699364925526e-05 -0.00072700541645174166
leaf_weight=1593247.1965502501 1268624.4235163927 591721.32044219971 3066802.9322142601 3106667.8999716043 872931.9612685442 359387.28754556179 146686081.34521616 2564409.9397506714 1457881.6120910645 8849768.3603649139 58848423.059239388 15844645.927305937 1924361.6977539062 6432772.2898101807
leaf_count=2183 958 3868 4304 14930 3584 1786 124336 1610 1470 5416 47649 12411 794 4551
internal_value=0.000131718 0.00588798 8.16654e-05 0.000106763 7.31124e-05 0.00418199 5.25053e-05 0.000378969 0.000508863 0.00241715 0.000200646 -0.00210223 0.00946403 -0.00612793
internal_weight=2.53468e+08 2.18497e+06 2.51283e+08 2.50014e+08 2.46947e+08 1.23232e+06 2.45715e+08 9.90289e+07 9.59223e+07 1.33385e+07 8.25837e+07 2.37353e+07 4.48877e+06 7.89065e+06
internal_count=229850 6051 223799 222841 218537 5370 213167 88831 73901 7820 66081 18432 2404 6021
is_linear=0
shrinkage=0.03


Tree=308
num_leaves=15
num_cat=0
split_feature=13 12 13 14 10 10 14 12 9 12 16 10 12 12
split_gain=61641 81926.8 140723 29663.7 29116.3 100930 107380 94365.4 112923 97560.5 96593.6 89513.3 82693.4 90812
threshold=0.54078925851391635 1.0136044181729742 0.33722492917240238 0.84920864226268733 1.0287464565096112 1.024560965295868 0.98213629905309119 1.0300344433885027 89.500000000000014 1.0131338228234275 0.067677326371912927 1.0302166471360206 1.0171212900349216 1.0222447880274059
decision_type=2 2 2 2 2 2 2 2 2 2 2 2 2 2
left_child=1 3 -3 -1 5 7 -7 9 -9 -2 -10 -6 -11 -14
right_child=4 2 -4 -5 11 6 -8 8 10 12 -12 -13 13 -15
leaf_value=-6.7216558583366452e-05 -2.1967755078978768e-05 0.009143878204439888 0.00021851118478888716 0.000869912072827501 0.00051081355430508603 1.8378658587287928e-05 -0.00065026296049803894 0.00028676994222361112 -0.00019081259666990777 0.00041298980302796053 -0.00081163276547193482 1.2834275748733009e-05 -0.00018870469273058106 0.00036852233710765698
leaf_weight=2911351.1132913828 74248988.786724448 445562.67332935333 967541.24887812138 1147663.6015168428 4057023.9111373425 3764742.5810133219 4933249.6420909166 2722010.9468699694 5123296.6857792139 4931408.9336051941 4155196.3452453613 134036238.81515753 5811570.1676175594 4573690.3738180399
leaf_count=3706 60888 2785 1687 2416 3734 2868 3621 2638 7235 3033 2917 122329 6280 4038
internal_value=4.88217e-05 0.00319835 0.00941963 0.00103248 -2.05727e-05 -0.000384086 -0.00348565 -0.000118472 -0.00261665 0.000216248 -0.00419288 0.000269684 0.00239622 0.000877241
internal_weight=2.5383e+08 5.47212e+06 1.4131e+06 4.05901e+06 2.48357e+08 1.10264e+08 8.69799e+06 1.01566e+08 1.20005e+07 8.95657e+07 9.27849e+06 1.38093e+08 1.53167e+07 1.03853e+07
internal_count=230175 10594 4472 6122 219581 93518 6489 87029 12790 74239 10152 126063 13351 10318
is_linear=0
shrinkage=0.03


Tree=309
num_leaves=15
num_cat=3
split_feature=10 14 0 14 1 11 1 14 0 12 11 1 16 0
split_gain=40255.3 40193.3 89322.5 76536.8 51005.3 50700.7 69994.4 74139.6 88549 84915.7 58615.8 55404.2 94512.8 51695.1
threshold=0.68171730937635744 1.0596894800670869 0 1.8922278956263101 11.500000000000002 0.9569913468292458 19.500000000000004 0.8755578290714513 1 0.94288066048179553 0.89451372984939514 21.500000000000004 0.013207034492394663 2
decision_type=2 2 1 2 2 2 2 2 1 2 2 2 2 1
left_child=-1 5 3 4 -3 6 7 9 -9 -2 -10 13 -13 -7
right_child=1 2 -4 -5 -6 11 -8 8 10 -11 -12 12 -14 -15
leaf_value=-0.00054437243579720529 -6.7611183418751081e-05 -0.00012708547917463192 -2.8056364023562532e-05 0.041552360882724647 0.00063562386767209041 0.00014823312974505704 0.0011175954859991041 0.00010324785991887388 -0.00013721724303622499 0.00061223415123124066 -0.00072318074529756306 0.00013913754769141146 -0.0015904361049741144 -3.1161230258249969e-05
leaf_weight=1270788.7389383316 2848981.1996413469 2290361.4363186359 16120362.361653328 679274.83361101151 6027284.8572764397 16079792.30500412 2001304.4046010971 11988919.232161164 3906386.5525889397 4209497.1030721664 1967093.3478808403 1854662.0496888161 1667627.2592003345 180833522.68178606
leaf_count=968 2189 5396 29499 2570 7380 17040 3404 7857 2779 3141 1567 9098 4234 132827
internal_value=1.57008e-05 4.25086e-05 0.00118133 0.00357606 0.00278532 -8.33029e-05 0.00113908 0.000705592 -0.000323017 0.00330862 -0.00334078 -0.000247491 -0.00397681 -0.000180782
internal_weight=2.53746e+08 2.52475e+08 2.51173e+07 8.99692e+06 8.31765e+06 2.27358e+08 2.69222e+07 2.49209e+07 1.78624e+07 7.05848e+06 5.87348e+06 2.00436e+08 3.52229e+06 1.96913e+08
internal_count=229949 228981 44845 15346 12776 184136 20937 17533 12203 5330 4346 163199 13332 149867
cat_boundaries=0 1 2 3
cat_threshold=50 405 64
is_linear=0
shrinkage=0.03


Tree=310
num_leaves=15
num_cat=3
split_feature=13 12 13 12 0 2 2 1 1 9 14 0 0 9
split_gain=60207.6 74806.4 134601 29030.7 142545 104522 77714.4 63490.1 41242.8 376923 241438 135204 95425.8 94338.4
threshold=0.54078925851391635 1.0136044181729742 0.33722492917240238 1.0853076765851486 0 3.5000000000000004 5.5000000000000009 7.5000000000000009 8.5000000000000018 68.500000000000014 0.88354585953519404 1 2 66.500000000000014
decision_type=2 2 2 2 1 2 2 2 2 2 2 1 1 2
left_child=1 -1 -3 8 5 -5 7 -6 9 11 12 -2 -11 -10
right_child=3 2 -4 4 6 -7 -8 -9 13 10 -12 -13 -14 -15
leaf_value=0.00015143200457967798 -0.00038817260099366477 0.0061357374569560212 0.00023585188234872791 0.0016168422168494237 -0.00045401609913447256 -6.0173016152389777e-05 -0.00084576702245943327 0.00013364176377861242 0.00029260652287028054 -0.0001079703252145087 3.82957688771898e-05 -0.0015995458697392389 0.000732004067556597 -4.1218557505673439e-05
leaf_weight=4116209.5407012701 1017962.6434878111 465557.29769134521 939859.3628423214 1468547.6615983248 2084727.5469626188 819157.43551015854 1751425.1541708708 19142242.789604187 7116424.450630188 1099413.7402123213 32410326.818154216 1044314.4776842594 4846991.4973301888 175029023.55869031
leaf_count=6112 1142 2811 1678 2228 4011 1754 2632 12939 5004 2365 43454 1398 5349 137004
internal_value=8.39266e-05 0.00318226 0.00915816 1.48961e-05 0.000978573 0.00812004 0.000267572 0.000768718 -9.4503e-05 0.000772426 0.00144418 -0.0117216 0.00700089 -0.000286879
internal_weight=2.53352e+08 5.52163e+06 1.40542e+06 2.47831e+08 2.52661e+07 2.28771e+06 2.29784e+07 2.1227e+07 2.22564e+08 4.0419e+07 3.83567e+07 2.06228e+06 5.94641e+06 1.82145e+08
internal_count=229881 10601 4489 219280 23564 3982 19582 16950 195716 53708 51168 2540 7714 142008
cat_boundaries=0 1 2 3
cat_threshold=96 332 290
is_linear=0
shrinkage=0.03


Tree=311
num_leaves=15
num_cat=3
split_feature=13 12 11 0 14 0 9 10 10 9 12 11 14 0
split_gain=62715.9 206946 65967.9 33513.4 23759.8 68988.3 89809.9 61205.5 55065.6 51200.6 59737.8 81805.5 53231.9 76515.6
threshold=0.33722492917240238 0.99984781307094417 0.93171241057181342 0 1.0331705990741289 1 66.500000000000014 1.1942558122392908 1.1493816470633826 84.500000000000014 1.0182782321369752 0.93513319243778092 1.0963560956706422 2
decision_type=2 2 2 1 2 1 2 2 2 2 2 2 2 1
left_child=1 3 -3 -1 -2 6 -6 8 -7 -8 11 -11 -13 -14
right_child=4 2 -4 -5 5 7 9 -9 -10 10 -12 12 13 -15
leaf_value=0.0015896888520418313 -6.6127106646405745e-06 0.00065800035600047568 -0.0067638387786677062 -0.00061751622320116797 -0.0010116980475902769 -9.0772073091283572e-05 0.00057519457582014494 -0.00094524040512353137 0.00062286069930989497 -0.0025613595339746675 -6.749397029866886e-06 0.00035244892466306096 0.0048596611156476351 0.00055929931489160929
leaf_weight=698144.15454626083 207007638.36415255 156108.12361836433 387429.72284293175 934494.83960545063 913284.90457975864 17478045.454143882 3154345.4174841642 1153185.8196421862 1652190.7183650732 1529676.3367637396 10157986.371340156 6279618.7211432457 1053248.4824498892 1003819.5118564367
leaf_count=636 163320 116 3502 1784 887 23506 3836 1639 2476 2403 14887 5812 2148 3068
internal_value=0.000103036 0.00517401 0.0212077 -0.00016392 5.91377e-05 0.000689074 0.00177443 -0.000600076 -0.000195467 0.00213802 0.0015784 0.00324102 0.00441115 0.0085996
internal_weight=2.53559e+08 2.17618e+06 543538 1.63264e+06 2.51383e+08 4.43754e+07 2.4092e+07 2.02834e+07 1.91302e+07 2.31787e+07 2.00243e+07 9.86636e+06 8.33669e+06 2.05707e+06
internal_count=230020 6038 3618 2420 223982 60662 33041 27621 25982 32154 28318 13431 11028 5216
cat_boundaries=0 1 2 3
cat_threshold=24 186 18
is_linear=0
shrinkage=0.03


Tree=312
num_leaves=15
num_cat=4
split_feature=10 11 0 11 10 0 1 1 16 0 16 14 0 11
split_gain=35878.5 32899.6 156315 107563 134168 87195.7 85524.1 85428.5 133908 81565.8 72212.5 67382.8 112444 66066
threshold=0.68171730937635744 1.0086132715351341 0 1.0128747137800109 1.0368600691440639 1 18.500000000000004 9.5000000000000018 0.07303417435466393 2 0.054782007181655559 1.0430422875888892 3 1.0347724860781087
decision_type=2 2 1 2 2 1 2 2 2 1 2 2 1 2
left_child=-1 2 -2 4 9 -5 11 8 -4 -3 -9 -7 13 -13
right_child=1 3 7 5 -6 6 -8 10 -10 -11 -12 12 -14 -15
leaf_value=-0.00044007900568271245 0.00016854603538216483 0.00019853291965146475 -0.00017629036503896789 -0.00012611132418355211 -0.0015237320191739615 4.5088432433662703e-05 -0.00016101577590296457 0.00011916882924040701 0.00066911446864734289 -0.00041039015862680939 -0.00037157024571133864 0.00035516469313926711 0.00020437964605579751 0.001761651086397964
leaf_weight=1231985.5185649395 53226536.499872565 3871216.070366621 4105922.2699706554 45017369.687324166 1526441.2355501652 86247514.19839108 17595878.486420393 5390849.4361777306 2896717.8051147461 5199107.25794065 15979985.164154053 805113.61560726166 9644972.1194227934 851438.15531611443
leaf_count=955 43555 3053 9063 45205 995 62088 24303 8295 1268 3137 11678 913 14181 1315
internal_value=9.69191e-05 0.000121852 0.000617363 -0.000114937 -0.00304215 7.87355e-05 0.000516415 -0.00118103 0.00169469 -0.00165735 -0.00212332 0.000863661 0.00304182 0.0102623
internal_weight=2.53591e+08 2.52359e+08 8.16e+07 1.70759e+08 1.05968e+07 1.60162e+08 1.15145e+08 2.83735e+07 7.00264e+06 9.07032e+06 2.13708e+07 9.7549e+07 1.13015e+07 1.65655e+06
internal_count=230004 229049 73859 155190 7185 148005 102800 30304 10331 6190 19973 78497 16409 2228
cat_boundaries=0 1 2 3 4
cat_threshold=155 137 141 16
is_linear=0
shrinkage=0.03


Tree=313
num_leaves=15
num_cat=1
split_feature=13 0 11 13 10 10 10 13 16 16 2 11 11 11
split_gain=77175.4 53134.4 75472.9 177590 69354.3 60026.6 46691.4 31826 55768.3 54958.6 74240.7 116924 88721 77556.6
threshold=0.54078925851391635 0 0.93513319243778092 0.33722492917240238 0.78049706914582051 1.0990918803224481 0.90135704482050072 0.98077887089228521 0.030497419635198537 0.053521434381979857 4.5000000000000009 0.99766428482265146 1.0559171684260189 1.0766544007495955
decision_type=2 1 2 2 2 2 2 2 2 2 2 2 2 2
left_child=1 4 -3 -4 -1 -6 -5 8 -2 -9 12 -12 -11 -13
right_child=7 2 3 6 5 -7 -8 9 -10 10 11 13 -14 -15
leaf_value=0.00030894003244819529 -0.00030022567271398558 0.00025207368110402107 0.010555200815180733 -0.000219142715450263 -0.00025108646096489188 -0.0072258268279474045 0.0012331394585088397 0.00010443681930822574 4.3588376179195009e-05 -0.00015321731613813445 -0.00065388885883785742 0.00043703579023232565 2.3108237599005821e-05 -0.00017694073671417154
leaf_weight=665973.89213204384 7770054.9522447586 3109713.4687678814 408069.29383850098 505902.43393445015 198502.94469964504 151378.71384108067 506360.23414731026 29960821.870788932 101704107.78061008 59022702.614318848 3577486.3291320801 10703864.531708241 31046223.744110107 4185854.4696280956
leaf_count=614 29247 2554 3007 365 1313 1035 1699 59022 67051 28730 3129 8437 19241 4386
internal_value=9.55709e-06 0.00350959 0.00490013 0.0106298 -0.00269136 -0.013506 0.00389452 -6.87214e-05 0.000313554 -0.000370889 -0.000684873 0.0010479 -0.00104015 0.00221799
internal_weight=2.53517e+08 5.5459e+06 4.53005e+06 1.42033e+06 1.01586e+06 349882 1.01226e+06 2.47971e+08 1.09474e+08 1.38497e+08 1.08536e+08 1.84672e+07 9.00689e+07 1.48897e+07
internal_count=229830 10587 7625 5071 2962 2348 2064 219243 96298 122945 63923 15952 47971 12823
cat_boundaries=0 1
cat_threshold=320
is_linear=0
shrinkage=0.03


Tree=314
num_leaves=15
num_cat=3
split_feature=13 0 11 13 10 10 10 4 2 2 14 0 13 0
split_gain=60042.5 42638.6 67302.5 168814 65936.8 63288.2 40299.1 22369.8 131000 104164 101651 53920.1 37149.3 106572
threshold=0.54078925851391635 0 0.93513319243778092 0.33722492917240238 0.78049706914582051 1.090378971707578 0.90135704482050072 1.0000000180025095e-35 4.5000000000000009 5.5000000000000009 1.4894901571766581 1 1.275313048505496 2
decision_type=2 1 2 2 2 2 2 2 2 2 2 1 2 1
left_child=1 4 -3 -4 -1 -6 -5 12 10 -10 -9 -12 -2 -14
right_child=7 2 3 6 5 -7 -8 8 9 -11 11 -13 13 -15
leaf_value=0.00031077638533644734 3.1270219008066859e-06 0.00023323254485721164 0.0058648247960199932 -0.00022968926334352476 -0.00010852604600019765 -0.007013911088553329 0.00098730201484717819 -0.0031114064557680077 0.0025119057001214474 -0.00040260188654177965 0.0010330906389108181 -0.0013503683890724837 0.0030869370317039993 7.1096929227331622e-05
leaf_weight=679115.29774212837 238757541.62012911 3049223.8061555624 375353.01539111137 525129.75219607353 203022.77824878693 153433.36626219749 504663.81103217602 1210036.894012332 853882.02564167976 771206.89377725124 837507.88026082516 1275682.8881328106 868034.572473526 3336433.0272227526
leaf_count=610 197474 2555 2950 379 1293 1051 1702 1557 1320 1185 1430 2337 3381 10610
internal_value=0.000114312 0.00321752 0.00449229 0.00992452 -0.00226578 -0.0127145 0.00364668 4.55921e-05 -0.00195126 0.00502897 -0.00536465 -0.00139431 8.62612e-05 0.0028817
internal_weight=2.534e+08 5.48994e+06 4.45437e+06 1.40515e+06 1.03557e+06 356456 1.02979e+06 2.4791e+08 4.94832e+06 1.62509e+06 3.32323e+06 2.11319e+06 2.42962e+08 4.20447e+06
internal_count=229834 10540 7586 5031 2954 2344 2081 219294 7829 2505 5324 3767 211465 13991
cat_boundaries=0 1 2 3
cat_threshold=320 280 28
is_linear=0
shrinkage=0.03


Tree=315
num_leaves=15
num_cat=3
split_feature=13 0 11 2 14 16 9 9 0 1 9 1 14 0
split_gain=52071.3 111285 70693.1 43009.3 27724.7 52240.4 86756.8 89379.4 80312.4 80002.8 71917.6 51527.7 47860.6 77049.9
threshold=0.33722492917240238 0 0.93171241057181342 3.5000000000000004 1.004678821214996 0.06557557904524898 67.500000000000014 82.500000000000014 1 16.500000000000004 66.500000000000014 8.5000000000000018 0.99939508353557927 2
decision_type=2 1 2 2 2 2 2 2 1 2 2 2 2 1
left_child=1 2 -1 -3 12 8 -7 9 11 -8 -10 -6 -2 -14
right_child=4 3 -4 -5 5 6 7 -9 10 -11 -12 -13 13 -15
leaf_value=0.00047368046482378101 -2.2048434975565974e-06 -0.0061346815465775761 0.0099555904071423583 -0.0014390396709049139 -0.00010443401788082342 -0.00045725659127771528 0.00051855584086557701 -5.6671154526218745e-05 0.00079525061940698973 -0.00032553086829877856 -1.1128617088101113e-05 0.00054979506488842011 -0.00037868471805127351 -3.9054947575395349e-05
leaf_weight=620733.22661828995 159398499.00066733 473456.24698030949 593518.16014504433 522222.03259396553 2760408.0371156931 2334298.37596035 3075400.4085960388 30815237.540963888 1159692.2770240307 1828170.8872036934 27223683.874845743 13664566.593150139 3209165.2032186985 6075651.3265138865
leaf_count=546 128543 1729 1993 1751 10023 1157 1803 18775 1075 1031 36407 18944 1166 5138
internal_value=0.000117421 0.00470234 0.0107984 -0.00273207 7.71404e-05 0.000526513 -0.000290883 7.53083e-05 0.00122068 0.0038373 0.000254509 0.00289028 -0.000143603 -0.00223738
internal_weight=2.53755e+08 2.20993e+06 1.21425e+06 995678 2.51545e+08 8.28615e+07 3.80531e+07 3.57188e+07 4.48084e+07 4.90357e+06 2.83834e+07 1.6425e+07 1.68683e+08 9.28482e+06
internal_count=230081 6019 2539 3480 224062 89215 22766 21609 66449 2834 37482 28967 134847 6304
cat_boundaries=0 1 2 3
cat_threshold=60 170 16
is_linear=0
shrinkage=0.03


Tree=316
num_leaves=15
num_cat=5
split_feature=13 11 0 1 10 4 1 0 0 13 0 11 1 0
split_gain=71394.2 41708.5 114045 90753.5 78111.1 22081.8 186018 64358.6 63963.2 41135.6 89223.8 37031.1 34004.1 22245
threshold=0.54078925851391635 0.92833667948537613 0 9.5000000000000018 1.0990918803224481 1.0000000180025095e-35 13.500000000000002 1 2 1.275313048505496 3 1.1010820262994694 17.500000000000004 4
decision_type=2 2 1 2 2 2 2 1 1 2 1 2 2 1
left_child=1 -1 4 -4 -3 9 8 -8 -7 -2 -11 -12 -9 -13
right_child=5 2 3 -5 -6 6 7 12 -10 10 11 13 -14 -15
leaf_value=0.0001323859147700523 1.3578686192010055e-06 0.0008112541991045502 -0.032702493165088255 0.00088587559495856706 -0.0075644792745840845 -0.00070234773647935567 0.0014700886163659993 -0.00098160286837827015 -0.0026669676024126208 0.0064218909536256814 0.0007196187274689245 -0.00080890899835929498 0.0011651145425583564 0.00022792310563008765
leaf_weight=3308373.5798163414 238550638.29630756 188681.09450769424 427639.09312200546 1497011.5069308281 161366.18265807629 926557.76970148087 1254552.5484771729 893886.22631835938 1206093.8638287783 510169.66276049614 2073117.1487390995 833129.81298029423 619687.53828668594 785857.69495785236
leaf_count=3089 197005 1583 3048 1528 1408 1827 1279 1005 2148 2277 8389 1557 1504 1836
internal_value=0.000105936 0.0034608 0.0065879 0.00945261 -0.009163 3.03041e-05 -0.00196342 0.00316676 -0.00862227 7.05541e-05 0.00301291 0.00138794 -0.000997867 -0.00201189
internal_weight=2.53237e+08 5.58307e+06 2.2747e+06 1.92465e+06 350047 2.47654e+08 4.90078e+06 2.76813e+06 2.13265e+06 2.42753e+08 4.20227e+06 3.6921e+06 1.51357e+06 1.61899e+06
internal_count=229483 10656 7567 4576 2991 218827 7763 3788 3975 211064 14059 11782 2509 3393
cat_boundaries=0 1 2 3 4 5
cat_threshold=448 276 402 24 192
is_linear=0
shrinkage=0.03


Tree=317
num_leaves=15
num_cat=4
split_feature=13 12 13 11 1 12 0 12 16 11 0 11 0 0
split_gain=66181.8 67466.1 121530 86802.4 37415 20959.9 80904.9 170459 73168.5 72977 87123.7 70720.2 149456 144587
threshold=0.54078925851391635 0.99947707111996298 0.33722492917240238 0.92833667948537613 14.500000000000002 1.0051969303918387 0 1.0024913181220338 0.084550225891846673 1.0314271113197637 1 1.0142450752632377 2 3
decision_type=2 2 2 2 2 2 1 2 2 2 1 2 1 1
left_child=1 -1 3 -3 -4 6 7 8 -2 -8 -11 13 -13 -7
right_child=5 2 4 -5 -6 11 9 -9 -10 10 -12 12 -14 -15
leaf_value=0.00017134959658277277 0.00017639469994630189 9.3782540931390613e-05 0.00076874772847981832 0.0029874696460022929 -0.00025122340356066331 -0.00060842961379480693 3.8842288153959651e-06 0.00033240588131143938 -0.00035467579519620206 1.5949451551724193e-05 -0.00088969902686413199 -0.00029681329596076722 5.023048224968845e-05 -1.1821723867827339e-05
leaf_weight=3810690.6977766752 22032698.506932616 163736.52356934547 602414.15114331245 382292.35984396935 510052.61266994476 9082327.5840404034 52589135.255880475 4419624.4518460035 3898398.9851379395 2909865.6816532612 3040838.9446672201 22469192.401502013 109242803.65238881 17871606.797450185
leaf_count=4681 24066 120 1601 3524 624 8561 39372 3296 1968 2133 2836 21086 100399 15598
internal_value=8.7425e-05 0.00335168 0.00840233 0.0199939 0.00271287 1.53089e-05 0.00038411 0.00164107 0.0007129 -0.000267578 -0.00341643 -0.000191307 9.5209e-05 -0.00159139
internal_weight=2.53026e+08 5.46919e+06 1.6585e+06 546029 1.11247e+06 2.47556e+08 8.88906e+07 3.03507e+07 2.59311e+07 5.85398e+07 5.9507e+06 1.58666e+08 1.31712e+08 2.69539e+07
internal_count=229865 10550 5869 3644 2225 219315 73671 29330 26034 44341 4969 145644 121485 24159
cat_boundaries=0 1 2 3 4
cat_threshold=202 304 136 100
is_linear=0
shrinkage=0.03


Tree=318
num_leaves=15
num_cat=2
split_feature=2 0 9 16 9 16 1 0 14 1 16 11 11 1
split_gain=21465.4 55009.5 58235.8 80331.7 107022 67772.9 60786.8 58552.1 44043.9 63156.9 41892.8 38852.2 37377.8 97953.9
threshold=1.0000000180025095e-35 0 72.500000000000014 0.060185319116737239 86.500000000000014 0.044059173375584744 17.500000000000004 1 0.95798044583783115 8.5000000000000018 0.030497419635198537 0.96754564929085751 0.9569913468292458 19.500000000000004
decision_type=2 1 2 2 2 2 2 1 2 2 2 2 2 2
left_child=1 11 -3 4 -4 10 8 -7 9 -5 -6 -1 13 -2
right_child=12 2 3 6 5 7 -8 -9 -10 -11 -12 -13 -14 -15
leaf_value=-0.00096836894443887633 6.6221737683648706e-05 0.00066746295998482705 -0.0015350844390207025 0.00034611355717665312 -0.00010687390084561615 -0.00057072733232462077 0.00032738527998013301 -6.0403206712585137e-05 -0.00016439102005698537 -2.8369556767949577e-05 0.00063232134937026235 -0.00029350287180071578 9.8353120990540835e-07 0.0014010785095511077
leaf_weight=995542.4599738121 23573696.491849303 1622503.2696682215 1187904.1257534027 2548379.4928894043 2153257.7572077513 3446120.6678466797 5041131.4352722168 5640522.5139160156 8377864.1132202148 4989281.1083984375 1591245.0465393066 6041032.3310283422 184353131.51576996 2331727.2080025673
leaf_count=1125 19794 1181 1313 1023 7662 1726 2117 3632 3822 2749 1399 6312 171585 4629
internal_value=4.60364e-05 -0.00055948 -9.24175e-05 -0.000350166 -0.00210802 -0.00131047 0.000825759 -0.0027101 -8.35642e-05 0.00158024 0.00208595 -0.00298873 0.000171699 0.00123874
internal_weight=2.53893e+08 4.36348e+07 3.65982e+07 3.49757e+07 1.40191e+07 1.28311e+07 2.09567e+07 9.08664e+06 1.59155e+07 7.53766e+06 3.7445e+06 7.03657e+06 2.10259e+08 2.59054e+07
internal_count=230069 34061 26624 25443 15732 14419 9711 5358 7594 3772 9061 7437 196008 24423
cat_boundaries=0 1 2
cat_threshold=130 12
is_linear=0
shrinkage=0.03


Tree=319
num_leaves=15
num_cat=0
split_feature=13 12 13 11 12 14 12 1 9 1 2 9 9 2
split_gain=65461.1 92298.1 102709 24958.5 43468.3 64597.5 29026.8 22209.4 78454.9 226575 104572 83006.7 102682 82839.8
threshold=0.54078925851391635 1.0147104157921063 0.33722492917240238 0.78683299918466465 0.91874762502524698 0.86613134518559198 0.91874762502524698 10.500000000000002 71.500000000000014 8.5000000000000018 3.5000000000000004 79.500000000000014 84.500000000000014 1.5000000000000002
decision_type=2 2 2 2 2 2 2 2 2 2 2 2 2 2
left_child=1 -1 -3 6 5 -5 -2 8 9 10 -6 13 -13 -10
right_child=3 2 -4 4 7 -7 -8 -9 11 -11 -12 12 -14 -15
leaf_value=0.00011807123782674943 0.00047820218580462256 0.0082658806573725086 0.00038432386353593183 8.0949800818657325e-06 -0.00096831339257283974 -0.0012884242396195692 -3.5779828847480901e-05 -1.6349072447113764e-05 0.00072117186549671276 0.00036397525323899276 1.3226805194258564e-05 -0.0004990658991705538 6.1547852615455857e-05 8.1380915815071399e-05
leaf_weight=4100007.4716373682 974479.72684311867 452891.94008636475 979208.22846615314 1634546.5619897842 2193188.8541167974 1156929.8248128891 1097492.6852111816 169357093.84929466 1746246.746039629 1961882.662582159 903819.81120717525 2118298.2502441406 62161308.872240067 2150258.9789506197
leaf_count=6198 1246 2701 1666 1133 2232 1694 1205 134304 1524 1296 1451 2427 67863 2435
internal_value=9.45215e-05 0.00332202 0.00987861 2.23675e-05 -5.3179e-06 -0.00372757 0.00330115 3.75136e-05 0.000474023 -0.0031306 -0.00818378 0.000741499 0.00048377 0.00499318
internal_weight=2.52988e+08 5.53211e+06 1.4321e+06 2.47456e+08 2.45384e+08 2.79148e+06 2.07197e+06 2.42592e+08 7.3235e+07 5.05889e+06 3.09701e+06 6.81761e+07 6.42796e+07 3.89651e+06
internal_count=229375 10565 4367 218810 216359 2827 2451 213532 79228 4979 3683 74249 70290 3959
is_linear=0
shrinkage=0.03


Tree=320
num_leaves=15
num_cat=0
split_feature=13 12 13 14 12 12 12 12 1 13 10 10 9 12
split_gain=55905.2 64833.4 126208 23610 23950.1 22500.9 71148.8 58312.2 53309.9 56613.6 70354 67582.1 99798.6 67392.8
threshold=0.54078925851391635 1.0147104157921063 0.33722492917240238 0.82429078277395884 0.98069331508495938 1.0051969303918387 1.0047066218812479 1.0055498152309033 17.500000000000004 0.99142452720851415 0.90675470765210653 0.98774918197535599 79.500000000000014 1.0017672621402147
decision_type=2 2 2 2 2 2 2 2 2 2 2 2 2 2
left_child=1 3 -3 -1 -5 6 8 -7 9 -2 -11 -12 -13 -14
right_child=5 2 -4 4 -6 7 -8 -9 -10 10 11 12 13 -15
leaf_value=-7.3679745994018373e-05 4.9416334450304666e-05 0.0082905704835558487 0.00018876410682205756 0.00011162172876316405 0.001636265899890064 -0.00049993291688892711 0.0003076131007651358 -1.282748915006051e-05 0.00015727865454865007 -0.00064495448220159787 0.00029401485393925898 0.00038251315042174794 -0.00011491685424379199 -0.00050090779776206862
leaf_weight=2524277.4141221046 34256213.734268308 453182.99259412289 950229.74988019466 894124.42180728912 616375.11805641651 3126311.4879286289 6031135.4531394243 156354237.7931118 19699309.072405815 2705477.9613822699 3594383.7707803249 2374340.7390114069 15068186.080588579 5299929.0653933287
leaf_count=3500 25612 2678 1619 1188 1523 1902 4068 144018 20242 3031 3419 1727 11846 3695
internal_value=7.94894e-05 0.00308847 0.00864253 0.00115661 0.00412327 1.36431e-05 0.000395709 -0.000199642 0.000167093 -0.000257058 -0.00123146 -0.000758211 -0.00136237 -0.00204088
internal_weight=2.53948e+08 5.43819e+06 1.40341e+06 4.03478e+06 1.5105e+06 2.4851e+08 8.9029e+07 1.59481e+08 8.29978e+07 6.32985e+07 2.90423e+07 2.63368e+07 2.27425e+07 2.03681e+07
internal_count=230068 10508 4297 6211 2711 219560 73640 145920 69572 49330 23718 20687 17268 15541
is_linear=0
shrinkage=0.03


Tree=321
num_leaves=15
num_cat=0
split_feature=13 14 3 10 1 14 14 14 1 1 16 16 1 16
split_gain=39362 46509.2 44235.7 60759.4 41904.6 48473 26803.6 21747.3 80314.2 89013.8 42270.9 47540 37468.5 27091.6
threshold=0.54078925851391635 0.90643794990002313 1.5000000000000002 0.73877059037293324 9.5000000000000018 0.72129665078146499 1.8922278956263101 0.77327115767909194 8.5000000000000018 11.500000000000002 0.056042049674143786 0.06557557904524898 16.500000000000004 0.053521434381979857
decision_type=2 2 2 2 2 2 2 2 2 2 2 2 2 2
left_child=1 2 3 -1 5 -5 -3 8 -2 -10 -11 -12 -13 -9
right_child=7 6 -4 4 -6 -7 -8 13 9 10 11 12 -14 -15
leaf_value=-0.00038396632201141625 0.00031349200692515572 -0.0017481071897087501 -0.00070991563150969467 -5.7488776515009725e-05 0.00016371752021303022 -0.011565712613484358 0.06109070500915724 9.7816308415877242e-05 -0.00082388065495758505 -0.00071119726114908933 0.00066240800106349041 -0.00073906409885131493 0.00013702219617068632 -2.4616519514432023e-06
leaf_weight=840757.37314593792 2233356.9162071943 386616.36801743507 1267839.2747483253 477627.04029500484 1900319.4693555832 479379.55903637409 164995.32753932476 49929812.240851164 2232927.781519413 1567582.3111650944 2415323.0114135742 2169441.0369110107 1963156.3636679649 185570325.10797977
leaf_count=646 3480 2294 2022 1982 1571 978 1081 97328 2023 2048 1862 1578 1128 110078
internal_value=0.000130583 0.00263675 0.00171877 0.00337664 0.00546255 0.0105821 0.010901 7.48436e-05 -0.00114037 -0.00225386 -0.000794399 0.000264971 -0.00168926 0.000139767
internal_weight=2.53599e+08 5.51753e+06 4.96592e+06 3.69808e+06 2.85733e+06 957007 551612 2.48082e+08 1.25818e+07 1.03484e+07 8.1155e+06 6.54792e+06 4.1326e+06 2.355e+08
internal_count=230099 10574 7199 5177 4531 2960 3375 219525 12119 8639 6616 4568 2706 207406
is_linear=0
shrinkage=0.03


Tree=322
num_leaves=15
num_cat=3
split_feature=13 12 13 11 10 10 0 1 10 11 10 0 0 11
split_gain=62430 79438.9 130127 73769.1 22358.6 123251 95187.9 117248 116619 79203.3 89503 77040.8 73752.2 124182
threshold=0.54078925851391635 0.99947707111996298 0.33722492917240238 0.93171241057181342 1.0293999222527417 1.0302166471360206 0 10.500000000000002 1.0155051720594799 1.0368959547711512 1.0263327617117912 1 2 0.98059644709439753
decision_type=2 2 2 2 2 2 1 2 2 2 2 1 1 2
left_child=1 -1 3 -3 6 -6 7 8 -2 10 12 -11 13 -8
right_child=4 2 -4 -5 5 -7 9 -9 -10 11 -12 -13 -14 -15
leaf_value=0.0001255333528141766 0.00047112044700546737 0.0001102609358897068 0.00029125475329028216 0.010197505662072276 0.00082513730294779867 1.635658587799806e-05 -8.771371588562894e-05 -0.00058641792240835737 -0.00080682309961432961 -0.00013051572812570078 -0.00037693856694043004 -0.0013704424919415558 -1.3918855549686082e-05 0.00033667977428841457
leaf_weight=3873544.0117638111 3554872.1916601658 169673.98791003227 1106186.1750158072 387312.08303427696 2480668.7743384838 133699893.14730453 11876443.519931316 9419785.1134688854 877281.258679986 3541670.9393066168 5219526.9644421339 1544353.453741312 55235533.372073054 20145847.338170648
leaf_count=4675 4278 118 2196 3558 2001 121870 9872 8399 1058 4206 3791 1774 44910 16821
internal_value=0.000111947 0.00326252 0.00874652 0.0205722 4.14943e-05 0.000299356 -0.000273684 -0.00260085 0.00142291 5.67247e-05 0.000257182 -0.00358811 0.000485445 0.00163093
internal_weight=2.53133e+08 5.53672e+06 1.66317e+06 556986 2.47596e+08 1.36181e+08 1.11415e+08 1.38519e+07 4.43215e+06 9.75634e+07 9.24774e+07 5.08602e+06 8.72578e+07 3.20223e+07
internal_count=229527 10547 5872 3676 218980 123871 95109 13735 5336 81374 75394 5980 71603 26693
cat_boundaries=0 1 2 3
cat_threshold=256 114 11
is_linear=0
shrinkage=0.03


Tree=323
num_leaves=15
num_cat=3
split_feature=13 12 11 3 14 1 9 12 0 0 11 12 0 11
split_gain=76403 206872 76903.8 21138.6 17426.8 46472.7 58075 40023.3 49357.1 38402.1 34510 32716.4 88209.6 67146.9
threshold=0.33722492917240238 0.99984781307094417 0.92833667948537613 1.5000000000000002 1.004678821214996 21.500000000000004 80.500000000000014 0.9353060627559534 0 1 0.99766428482265146 1.0853076765851486 2 1.1010820262994694
decision_type=2 2 2 2 2 2 2 2 1 1 2 2 1 2
left_child=1 3 -3 -1 5 -2 -7 8 -6 -8 -11 13 -13 -9
right_child=4 2 -4 -5 7 6 9 11 -10 10 -12 12 -14 -15
leaf_value=0.00026296244499741944 -8.9860026246266056e-06 7.1420374159244431e-05 0.0090026465964867883 -0.0058311380195198055 0.0002021520448549505 -0.0030739258260601993 0.00018996144230257927 6.1117535113619381e-05 -0.0014061094570761335 0.00066338299571828648 -0.0017089198421717483 0.0014122819991160209 0.00012882274652399446 -0.00039364947697006396
leaf_weight=901236.26327323914 165395085.9718678 161088.45831573009 412754.06334662437 762188.65933430195 668559.752125144 410632.84213209152 1493776.3764352798 68302138.414222717 930247.04597580433 252328.31274843216 766865.07041597366 1040137.494486928 6422910.7182211876 5560162.9538847208
leaf_count=1448 123629 111 3510 965 1255 1532 5295 69547 1544 1032 3224 2016 6926 7784
internal_value=6.74342e-05 0.00558684 0.0211185 0.00022877 1.8285e-05 -0.000157086 -0.00390644 0.000374252 -0.00432634 -0.00219725 -0.00668693 0.000466662 0.00235963 0.000275396
internal_weight=2.5348e+08 2.23727e+06 573843 1.66342e+06 2.51243e+08 1.68319e+08 2.9236e+06 8.29242e+07 1.59881e+06 2.51297e+06 1.01919e+06 8.13253e+07 7.46305e+06 7.38623e+07
internal_count=229818 6034 3621 2413 223784 134712 11083 89072 2799 9551 4256 86273 8942 77331
cat_boundaries=0 1 2 3
cat_threshold=193 334 96
is_linear=0
shrinkage=0.03


Tree=324
num_leaves=15
num_cat=3
split_feature=11 0 11 0 0 12 12 11 16 10 11 12 12 9
split_gain=24763.9 99377.5 92409 181976 75177.6 71067.8 129657 121747 110028 91958.9 78959.9 69320.1 64810.1 62747.9
threshold=1.0069201742998883 0 1.0128747137800109 1 2 1.0477841128593066 1.0206910855985722 1.0297360778716553 0.062552854707015951 1.0625774086502771 1.0507163897489569 1.0571250827248355 1.0317115303107665 74.500000000000014
decision_type=2 1 2 1 1 2 2 2 2 2 2 2 2 2
left_child=1 -1 3 -2 5 6 -4 -8 10 -7 -9 -3 -10 -6
right_child=2 11 4 -5 13 9 7 8 12 -11 -12 -13 -14 -15
leaf_value=-0.00020361691964365414 0.00019962976705025274 0.00012371252570666662 -3.632780555166388e-05 -0.00056077434492570626 -0.00013190100192625258 -0.00074449578120533682 -0.0013813943967748048 -0.00022289006065101969 -0.00043486402478493753 2.2719993155239723e-05 -0.001048030492897955 -0.0005402345802635526 0.0002769348039343902 6.3525334135261925e-05
leaf_weight=16615916.910033107 4721178.8377449512 63080799.032350063 19872176.508709311 7670287.8927598 12418853.940505385 914155.08737504482 2647869.1838160753 1240806.1562730074 2782514.0469665527 11444134.07137239 2919113.6180211306 1659252.0161132812 3157998.8957214355 102835204.12393141
leaf_count=21658 4454 49796 19467 4967 10441 922 1930 1468 1788 13556 4279 1430 1834 92197
internal_value=8.39029e-05 0.000515409 -0.000119461 -0.00261544 7.35634e-05 -0.00096663 -0.00170062 -0.00406202 -0.00256095 0.000970772 -0.00630267 0.00104659 5.92444e-05 0.000479507
internal_weight=2.5398e+08 8.1356e+07 1.72624e+08 1.23915e+07 1.60233e+08 4.49788e+07 3.26205e+07 1.27483e+07 1.01004e+07 1.23583e+07 4.15992e+06 6.47401e+07 5.94051e+06 1.15254e+08
internal_count=230187 72884 157303 9421 147882 45244 30766 11299 9369 14478 5747 51226 3622 102638
cat_boundaries=0 1 2 3
cat_threshold=352 203 137
is_linear=0
shrinkage=0.03


Tree=325
num_leaves=15
num_cat=3
split_feature=13 1 12 11 0 0 12 12 12 9 11 0 1 4
split_gain=64043.8 62367.9 125329 37983.7 36426.8 29199.7 25793.7 78527.1 70266.1 74324.4 71119.6 86038.8 115951 79579.5
threshold=0.54078925851391635 9.5000000000000018 0.99984781307094417 0.92833667948537613 0 1 1.0051969303918387 1.0055498152309033 1.0047066218812479 83.500000000000014 1.0063114542196836 2 10.500000000000002 1.0000000180025095e-35
decision_type=2 2 2 2 1 1 2 2 2 2 2 1 2 2
left_child=1 2 5 -4 -3 -1 8 -8 10 -10 11 12 -2 -13
right_child=6 4 3 -5 -6 -7 7 -9 9 -11 -12 13 -14 -15
leaf_value=0.0006743727244099963 0.00045770499529960198 -0.00042709597854949664 0.00012561834770263622 -0.013216144418305127 0.00041141368329050898 -0.00063426294687841283 -0.00055044436330722326 -1.6885544967224866e-05 -5.4285756832857283e-05 0.0005087680348476734 -0.00010448642234599475 0.00014410467123488288 -0.00055078088597003774 -0.0013529422456216719
leaf_weight=562819.1174236536 3007802.7373168468 1147450.821778059 147415.35855579376 362068.15089702606 2917393.715341568 396399.25802135468 3059591.1920368671 155593358.61456001 1976683.5596086979 4178527.9811817408 27697085.949486136 44766143.428065419 6339155.5522460938 1274210.1476513147
leaf_count=1821 3698 1172 114 3718 3041 677 1888 143787 999 3096 21645 37094 5796 1540
internal_value=6.36314e-05 0.00325564 0.00855417 0.0205788 0.00134118 0.00216731 -7.62173e-06 -0.000237131 0.000400408 0.00349322 0.00017128 0.000791961 -0.00183224 0.00132472
internal_weight=2.53426e+08 5.53355e+06 1.4687e+06 509484 4.06484e+06 959218 2.47893e+08 1.58653e+08 8.92396e+07 6.15521e+06 8.30844e+07 5.53873e+07 9.34696e+06 4.60404e+07
internal_count=230086 10543 6330 3832 4213 2498 219543 145675 73868 4095 69773 48128 9494 38634
cat_boundaries=0 1 2 3
cat_threshold=264 316 256
is_linear=0
shrinkage=0.03


Tree=326
num_leaves=15
num_cat=3
split_feature=13 12 1 14 10 3 10 0 16 1 16 0 0 9
split_gain=76720.6 68500.1 114651 27280.4 22232.7 48943.7 79439.1 66338.3 53089.1 47077.3 63126.5 73689.2 39808.6 142014
threshold=0.54078925851391635 0.99947707111996298 9.5000000000000018 0.73141327315926918 1.1942558122392908 1.5000000000000002 1.311423601463038 0 0.079810867405749664 10.500000000000002 0.084550225891846673 1 2 84.500000000000014
decision_type=2 2 2 2 2 2 2 1 2 2 2 1 1 2
left_child=1 -1 3 -3 12 7 8 -6 -7 10 11 -9 13 -2
right_child=4 2 -4 -5 5 6 -8 9 -10 -11 -12 -13 -14 -15
leaf_value=0.00017057823690719683 -0.00038431987859235766 -0.0010215488027453597 0.00024859928467379822 0.0061237331974638943 -0.00041111859592195629 0.00020324118767878349 -0.0020367407317533138 -0.00092961415663752375 -0.0014285448210398389 0.00034781452417119701 0.00040883919488137474 0.00023346297656246971 -3.2806332178374158e-06 0.00030524741975211417
leaf_weight=3813614.547563076 2964696.7028820515 143225.27737116814 1101496.9977279902 394495.62599730492 3240982.3981940746 1556235.5784037113 843273.60620737076 1682229.4413423538 632980.31402587891 7106113.8658132553 987457.43487548828 742589.23082756996 213392082.24299836 14766201.159025669
leaf_count=4696 3447 1709 1937 2213 3313 3593 1129 2216 767 6665 514 1092 178234 18149
internal_value=8.74918e-05 0.00360748 0.00873617 0.0200916 1.00703e-05 -0.00104392 -0.00449393 -0.000283562 -0.00148038 0.000872732 -0.00202359 -0.00462749 8.66466e-05 0.00145252
internal_weight=2.53368e+08 5.45283e+06 1.63922e+06 537721 2.47915e+08 1.67919e+07 3.03249e+06 1.37594e+07 2.18922e+06 1.05184e+07 3.41228e+06 2.42482e+06 2.31123e+08 1.77309e+07
internal_count=229674 10555 5859 3922 219119 19289 5489 13800 4360 10487 3822 3308 199830 21596
cat_boundaries=0 1 2 3
cat_threshold=65 130 64
is_linear=0
shrinkage=0.03


Tree=327
num_leaves=15
num_cat=0
split_feature=13 1 11 10 16 16 16 1 9 12 3 13 14 1
split_gain=59337.2 57599.9 122401 64459.6 27340.8 38899.3 123692 133100 73000.1 89058.2 77578.3 79441.5 67236.6 103100
threshold=0.54078925851391635 9.5000000000000018 0.92833667948537613 1.0214387864575236 0.091250173667429463 0.076603777319970187 0.081083792322249923 8.5000000000000018 87.500000000000014 1.0171212900349216 1.0000000180025095e-35 1.0556547475556222 0.81980602617696507 8.5000000000000018
decision_type=2 2 2 2 2 2 2 2 2 2 2 2 2 2
left_child=1 2 -1 -4 5 12 -7 -8 9 -9 -10 -12 13 -2
right_child=4 -3 3 -5 -6 6 7 8 10 -11 11 -13 -14 -15
leaf_value=0.00011138537820051942 0.00056126951096801278 0.00018121775585442726 0.0049714137351518006 -0.0021585263826492283 -8.5527224297444627e-05 0.00029644362504811241 0.00045486016700392991 -0.00011383619363157777 -6.5444114695778156e-07 0.00055832614322074998 -0.00053592269185956365 0.0001203245900109886 1.7061721580023621e-07 -0.0003726733345997481
leaf_weight=967698.60548877716 1600892.282805562 4040824.9665464163 397253.36741316319 106481.10433506966 24430195.712359428 14878199.143266678 4176788.0803222656 2256032.0078697205 14227706.160766602 2352405.6374630928 9359542.5039825439 2956861.8830127716 160239179.02490616 12122290.990608215
leaf_count=1502 4304 4201 1541 3250 11289 9656 1723 995 5907 1452 5855 2262 165584 10572
internal_value=7.80478e-06 0.00308644 0.0081684 0.0201609 -6.04583e-05 4.34023e-05 0.000779011 -0.000187296 -0.00086154 0.00262378 -0.00146664 -0.00320978 -0.000168903 -0.00218427
internal_weight=2.54112e+08 5.51226e+06 1.47143e+06 503734 2.486e+08 2.2417e+08 5.02075e+07 3.53293e+07 3.11525e+07 4.60844e+06 2.65441e+07 1.23164e+07 1.73962e+08 1.37232e+07
internal_count=230093 10494 6293 4791 219599 208310 27850 18194 16471 2447 14024 8117 180460 14876
is_linear=0
shrinkage=0.03


Tree=328
num_leaves=15
num_cat=1
split_feature=13 12 13 0 3 5 5 16 16 16 9 1 1 9
split_gain=64068.4 94866.2 97517.5 20389.3 18510.5 164809 92139.2 68508.4 134657 118840 92473.7 152220 164995 72489.1
threshold=0.54078925851391635 1.0147104157921063 0.33722492917240238 0 1.0000000180025095e-35 1.0000000180025095e-35 1.0000000180025095e-35 0.076603777319970187 0.080731524969182081 0.07340591182653608 71.500000000000014 9.5000000000000018 14.500000000000002 71.500000000000014
decision_type=2 2 2 1 2 2 2 2 2 2 2 2 2 2
left_child=1 3 -3 -1 5 7 -6 9 -9 10 11 -2 -13 -10
right_child=4 2 -4 -5 6 -7 -8 8 13 -11 -12 12 -14 -15
leaf_value=0.00032849250111281243 -0.00043198586852854034 0.0058769768638114303 0.00035153204036386676 -0.00022678117275667266 -5.1285937077917549e-05 -0.0010826147508101055 0.00070896826236958258 0.00051858732980948348 -0.00036681221842066545 -0.00040327535755567092 -9.7304924155931538e-06 0.0010317218627805087 3.9169657752939806e-05 8.9195805618929547e-05
leaf_weight=2433399.7951900959 1518550.2319282293 492322.2266920805 962555.89048922062 1607661.1787477732 81714606.352789283 2053191.4953025579 1871994.8509780169 4921979.8460083008 2693358.6368408203 4087844.7884521484 104627289.99207103 3003540.3324584961 2928165.337366581 38111530.277893066
leaf_count=3348 2088 2727 1691 2844 92451 1465 1463 2463 1154 2030 95390 2022 2721 15862
internal_value=0.000133692 0.0033374 0.00990627 0.000972456 6.25599e-05 0.000247799 -0.000300765 0.000354918 0.00133855 -3.22754e-05 0.000150978 0.00338027 0.00554996 0.000773139
internal_weight=2.53028e+08 5.49594e+06 1.45488e+06 4.04106e+06 2.47532e+08 1.63945e+08 8.35866e+07 1.61892e+08 4.57269e+07 1.16165e+08 1.12078e+08 7.45026e+06 5.93171e+06 4.08049e+07
internal_count=229719 10610 4418 6192 219109 125195 93914 123730 19479 104251 102221 6831 4743 17016
cat_boundaries=0 1
cat_threshold=182
is_linear=0
shrinkage=0.03


Tree=329
num_leaves=15
num_cat=0
split_feature=13 12 11 12 12 10 1 2 14 2 12 12 12 10
split_gain=48018.4 210226 62198.6 39095.6 91416.9 53620.7 92201.5 98366 121746 116947 101850 95354.9 77233.1 118235
threshold=0.33722492917240238 0.99984781307094417 0.93171241057181342 1.0051969303918387 1.0055498152309033 1.0028758215749067 19.500000000000004 4.5000000000000009 0.91694653386238911 5.5000000000000009 1.0336496147759966 1.0147104157921063 1.0294283446165053 1.058144395982304
decision_type=2 2 2 2 2 2 2 2 2 2 2 2 2 2
left_child=1 -1 -3 -2 -5 -6 7 12 11 -10 -11 -9 -7 -14
right_child=3 2 -4 4 5 6 -8 8 9 10 -12 -13 13 -15
leaf_value=-0.00022501700185581999 5.5873021667946095e-05 0.00028462153954834934 0.0062593568333083301 -0.00057752416369894095 -0.00017034382643292727 -8.0843318307874387e-05 -0.00037062617961530151 0.00050447410937130529 0.00078675031394949131 0.00042234383107310155 -0.0003621398332154672 -0.00073436662552060609 0.00026954169781123765 8.8822708220704637e-06
leaf_weight=1642861.9918636084 91518382.722014546 171397.72274625301 367618.89252388477 3100091.0997993946 23043863.795247555 47709884.201950073 11865687.358623981 1060069.9154953957 8497815.4505252838 4618219.4042414427 3586109.6771938801 2743667.5954180956 9105579.3798612356 44951688.05290401
leaf_count=2422 76308 121 3467 1909 22234 32166 23688 1207 10455 5625 5512 4288 5978 34841
internal_value=0.00010185 0.0045332 0.0207905 6.34522e-05 -0.000219015 -0.000118396 0.000111264 0.00035628 0.00225186 0.003355 0.000800172 -0.00259198 -2.56767e-05 0.000750743
internal_weight=2.53983e+08 2.18188e+06 539017 2.51801e+08 1.60283e+08 1.57183e+08 1.34139e+08 1.22273e+08 2.05059e+07 1.67021e+07 8.20433e+06 3.80374e+06 1.01767e+08 5.40573e+07
internal_count=230221 6010 3588 224211 147903 145994 123760 100072 27087 21592 11137 5495 72985 40819
is_linear=0
shrinkage=0.03


Tree=330
num_leaves=15
num_cat=2
split_feature=13 12 11 11 10 10 11 11 0 9 0 1 10 12
split_gain=55793.1 171060 108046 20954.7 18846.8 95750.3 83770.8 138344 92809.4 149114 137234 104225 76667.2 85217.2
threshold=0.33722492917240238 0.99984781307094417 0.92833667948537613 0.91700597683295093 1.0293999222527417 1.0302166471360206 1.009134200366411 1.0142450752632377 0 84.500000000000014 1 17.500000000000004 1.024560965295868 1.0450853805310099
decision_type=2 2 2 2 2 2 2 2 1 2 1 2 2 2
left_child=1 3 -3 -1 12 -6 -7 -8 9 10 -9 -12 13 -2
right_child=4 2 -4 -5 5 6 7 8 -10 -11 11 -13 -14 -15
leaf_value=6.0142958670299464e-05 1.9439872930726745e-05 -0.00012019766907344144 -0.0016604737441390366 -0.0058465689344578617 0.00070942646538400703 0.00033658818151975476 -0.0010579996462570362 0.00030471076256429857 -4.6131170532657348e-05 0.00024830845276738162 -0.00029216811064868508 -0.0014429739194894717 -0.00028136386856493202 -0.00051521699038350186
leaf_weight=920567.33424186707 100548892.82645524 160399.59700381756 390139.02116382122 675921.51830410957 2509776.5408438444 8142895.1091449261 1752330.6033787727 3343189.8573179245 78589057.717852473 37326106.516252875 3923725.8243736029 1234555.5701446533 10406784.152990341 3983214.4305156469
leaf_count=1109 85963 113 3507 1279 2075 7448 1417 5173 62427 42440 3419 1387 8342 3956
internal_value=0.000102539 0.00491812 0.0193381 -5.45334e-05 6.14717e-05 0.000299376 0.00019089 5.52946e-07 0.000118448 0.00119144 -0.00239428 -0.00546282 -0.000221727 2.27437e-05
internal_weight=2.53908e+08 2.14703e+06 550539 1.59649e+06 2.51761e+08 1.36822e+08 1.34312e+08 1.26169e+08 1.24417e+08 4.58276e+07 8.50147e+06 5.15828e+06 1.14939e+08 1.04532e+08
internal_count=230055 6008 3620 2388 224047 125786 123711 116263 114846 52419 9979 4806 98261 89919
cat_boundaries=0 1 2
cat_threshold=356 288
is_linear=0
shrinkage=0.03


Tree=331
num_leaves=15
num_cat=0
split_feature=12 11 1 14 12 12 7 12 16 12 11 2 1 9
split_gain=25107.4 48437 130188 81341.1 52344.5 82650.1 50084 42748.3 103925 59985.6 51257 179865 55961.4 192126
threshold=0.9353060627559534 0.9569913468292458 17.500000000000004 0.85973408525515194 0.98609395010972944 1.017769022820241 1.0000000180025095e-35 0.9608647852025366 0.05516457443449433 0.98344643590589009 0.9740154224333436 4.5000000000000009 18.500000000000004 89.500000000000014
decision_type=2 2 2 2 2 2 2 2 2 2 2 2 2 2
left_child=-1 2 3 -2 6 -6 -5 8 -3 -9 11 -11 -12 -14
right_child=1 7 -4 4 5 -7 -8 9 -10 10 12 -13 13 -15
leaf_value=-0.00018673823107376937 0.00046827180627883333 -0.00052892179279243122 0.00054587305842492494 0.00018172839039412659 -0.00051029217987946492 0.00016799605603398212 -0.0006858523810977826 -0.00031246146794734628 -2.1669105981833375e-05 -1.3411546899033782e-05 3.0953605048505865e-05 -0.002319198799671802 -0.000656952226549169 2.1680925830626362e-05
leaf_weight=7266864.9824858904 3375367.1627224684 1385489.3360308409 6037065.5599808693 7731662.6494399309 3595347.2967065573 2580391.9253361225 2169743.2751059532 5858668.4744411707 2946322.0831604004 6211691.0933376551 172378876.1454525 1472323.0661137104 6313273.2775328159 24420266.475658894
leaf_count=7885 2724 1780 6320 4851 2820 2434 2940 4980 1388 5466 140396 2084 8722 35047
internal_value=9.21118e-05 0.000143352 0.00138165 0.000187244 -0.000701639 -0.00286913 0.000650273 5.21671e-07 0.00295137 -5.84777e-05 2.47423e-05 -0.0023804 0.000115732 -0.00106359
internal_weight=2.53743e+08 2.46476e+08 2.54896e+07 1.94525e+07 1.60771e+07 6.17574e+06 9.90141e+06 2.20987e+08 4.33181e+06 2.16655e+08 2.10796e+08 7.68401e+06 2.03112e+08 3.07335e+07
internal_count=229837 221952 22089 15769 13045 5254 7791 199863 3168 196695 191715 7550 184165 43769
is_linear=0
shrinkage=0.03


Tree=332
num_leaves=15
num_cat=4
split_feature=13 12 11 14 4 1 2 14 0 13 0 0 0 1
split_gain=57365.2 165151 128495 32577.6 29826.7 169593 105133 92127.7 59319.7 31384.9 83994.1 31008.6 30504 25947.4
threshold=0.33722492917240238 0.99984781307094417 0.92833667948537613 0.79413159547333489 1.0000000180025095e-35 17.500000000000004 4.5000000000000009 1.4894901571766581 0 1.289670603337201 1 2 3 9.5000000000000018
decision_type=2 2 2 2 2 2 2 2 1 2 1 1 1 2
left_child=1 3 -3 -1 9 6 7 -6 -9 -2 -11 -7 -12 -14
right_child=4 2 -4 -5 5 11 -8 8 -10 10 12 -13 13 -15
leaf_value=-0.00051093853896719461 1.3801099298748271e-05 -0.00026759480991814401 -0.083928358655118551 0.0012518369693004603 -0.0035332573676659746 0.0035493152059881206 0.00021446950208788251 0.00061512204367600602 -0.0025866440102406399 0.01931830388522884 -0.00043883744390887117 0.00065697915784596983 -0.0004854383963381816 0.00095064535405435296
leaf_weight=872268.3032336235 242256236.59165406 159705.87609541416 405398.45396006107 674208.8922380209 1045237.497205615 590983.50121307373 1248668.1606020927 665762.35840415955 874692.34334886074 346817.07681179047 1311222.8389384747 565797.90791797638 486319.23646807671 1647049.2328073978
leaf_count=1480 202565 112 3503 893 1132 769 1807 1101 1587 1067 4828 1547 4177 3207
internal_value=0.000178931 0.00510298 0.0189822 3.13212e-05 0.000137513 -0.00215844 -0.00519586 -0.00864792 -0.00398335 0.000184087 0.00289246 0.00790962 0.00147557 0.00368884
internal_weight=2.5315e+08 2.11158e+06 565104 1.54648e+06 2.51039e+08 4.99114e+06 3.83436e+06 2.58569e+06 1.54045e+06 2.46048e+08 3.79141e+06 1.15678e+06 3.44459e+06 2.13337e+06
internal_count=229775 5988 3615 2373 223787 7943 5627 3820 2688 215844 13279 2316 12212 7384
cat_boundaries=0 1 2 3 4
cat_threshold=274 16 28 321
is_linear=0
shrinkage=0.03


Tree=333
num_leaves=15
num_cat=2
split_feature=13 12 13 14 14 10 13 16 12 0 14 16 9 0
split_gain=55406.4 73709.7 107014 28708.5 40811.5 20401.5 36175.4 17324.1 85580.4 137977 69366.2 73394.7 142052 97157.9
threshold=0.54078925851391635 1.0147104157921063 0.33722492917240238 0.87240828042121621 0.9138032277660072 0.90135704482050072 0.33722492917240238 0.053521434381979857 0.97665741464072364 0 0.76599082437519839 0.049033904159648291 82.500000000000014 1
decision_type=2 2 2 2 2 2 2 2 2 1 2 2 2 1
left_child=1 3 -3 5 -5 -1 -7 8 9 -2 -10 12 13 -12
right_child=7 2 -4 4 -6 6 -8 -9 10 -11 11 -13 -14 -15
leaf_value=0.00013398523339597777 0.0016714959049634963 -0.099746711838502936 0.00020355408808061921 -0.00019157196166737721 0.0043985402074006056 -0.0049817420249954197 -0.00087749101875130313 -1.3976060475862084e-06 -0.0008562933993390648 0.00011886753065357779 -0.0014248850236491086 0.00022176686113370577 6.5696767984499944e-05 -0.00017498428970563401
leaf_weight=2474871.4825216532 1504602.4937887192 446605.92009699345 997376.45783805847 334734.2480956316 358265.52724051476 429435.14899218082 452092.95674347878 196699353.82476306 1041800.7673666477 3219940.4815434217 1932125.7416865826 13016769.358590126 27745702.536596298 2609887.4248741865
leaf_count=1951 2361 2706 1674 389 1672 1381 781 117688 3638 7129 3817 9058 68593 6947
internal_value=0.000179373 0.0031594 0.00897879 0.00108425 0.0066433 -6.35403e-05 -0.00398252 0.000113302 0.00060561 0.00445197 0.000213512 0.000389511 -0.000377172 -0.0052953
internal_weight=2.53264e+08 5.49338e+06 1.44398e+06 4.0494e+06 693000 3.3564e+06 881528 2.4777e+08 5.10708e+07 4.72454e+06 4.63463e+07 4.53045e+07 3.22877e+07 4.54201e+06
internal_count=229785 10554 4380 6174 2061 4113 2162 219231 101543 9490 92053 88415 79357 10764
cat_boundaries=0 1 2
cat_threshold=25 76
is_linear=0
shrinkage=0.03


Tree=334
num_leaves=15
num_cat=2
split_feature=13 12 13 14 14 14 0 9 12 12 1 12 14 0
split_gain=77151.7 75162.6 179988 49629 33581.2 30088.9 48529.5 65357.1 45886.7 59476.7 68765.8 40867.7 41027.4 81937
threshold=0.56770116993704289 1.0136044181729742 0.33722492917240238 0.88354585953519404 0.92174722321304547 1.0320974020590354 0 66.500000000000014 1.0666052657390228 1.0375626961833271 17.500000000000004 0.99493778713559811 1.1456545707036587 1
decision_type=2 2 2 2 2 2 1 2 2 2 2 2 2 1
left_child=1 3 -3 -1 -5 -2 7 -7 9 11 -11 -8 -13 -14
right_child=5 2 -4 4 -6 6 8 -9 -10 10 -12 12 13 -15
leaf_value=-4.7364009830896118e-06 -1.4611397424577242e-05 0.012479194277079752 0.00023968624400486833 0.00028473532851766158 0.0034882426822590122 -0.00076967049352957752 -0.00031349059226488263 0.00024351306212421411 0.00036700800881041826 -0.00025266214722881862 -0.0016073246070955121 5.4249544371914898e-05 0.0038094351304376458 -0.00014564863990965479
leaf_weight=3813552.6768974066 202044667.23258758 452524.47964894772 1198901.121750474 369177.84349000454 387579.46247696877 946671.30404067039 4909842.3262088299 23628000.175100923 2528670.3992878199 2518020.9552408457 980032.55225348473 8651699.0299897194 392383.60139298439 610214.39609515667
leaf_count=4497 157688 2777 2006 439 1751 894 7445 32228 4070 2842 1308 8313 859 2600
internal_value=8.23558e-05 0.0033818 0.00886721 0.00139971 0.00841753 -6.8396e-07 0.000699337 0.00159949 -0.000374966 -0.00090486 -0.00441754 -6.11749e-05 0.00107212 0.00681705
internal_weight=2.53432e+08 6.22174e+06 1.65143e+06 4.57031e+06 756757 2.4721e+08 4.51655e+07 2.45747e+07 2.05909e+07 1.80622e+07 3.49805e+06 1.45641e+07 9.6543e+06 1.0026e+06
internal_count=229717 11470 4783 6687 2190 218247 60559 33122 27437 23367 4150 19217 11772 3459
cat_boundaries=0 1 2
cat_threshold=186 4
is_linear=0
shrinkage=0.03


Tree=335
num_leaves=15
num_cat=2
split_feature=13 12 0 12 12 0 12 16 10 11 3 10 12 12
split_gain=81053.7 255644 27071.8 24896.8 67960.9 66790.4 176275 78998.7 59124.4 94199.4 102632 93868.6 101276 73490.1
threshold=0.33722492917240238 1.015774644378785 0 1.0051969303918387 1.0055498152309033 1 1.0024913181220338 0.084550225891846673 0.9886891224358052 0.99884827123419984 2.5000000000000004 0.99451885417014119 0.9608647852025366 1.0033879215670958
decision_type=2 2 1 2 2 1 2 2 2 2 2 2 2 2
left_child=1 2 -1 5 -5 6 7 -2 9 10 -7 -10 -13 -14
right_child=3 -3 -4 4 -6 8 -8 -9 11 -11 -12 12 13 -15
leaf_value=0.00023384017574457853 0.00017999455990148512 0.0087457464678481513 -0.00050528027698882076 -0.00046802948874159642 -5.6274307811142362e-06 0.00010726302539531827 0.0008463944919050926 -0.00035208932755434599 -0.00067339212719450816 0.00057106666866512507 -0.0015117088666292068 0.00046575985945706411 -0.0001301031414948423 0.0001569414741716099
leaf_weight=826263.30050635338 22961648.887821913 482394.60328376293 902420.49943590164 3126357.460855484 156899878.95332873 14277279.0525316 4393799.1942721605 4189374.1348876953 3484239.9557030201 2854676.2032784224 1603964.4246839285 2540625.8014079332 28287685.514754295 6608834.9587962627
leaf_count=1382 25111 2643 1990 1889 146012 11094 3339 2128 2097 2187 2444 2177 20840 4816
internal_value=0.000115814 0.00583459 0.000445923 6.54825e-05 -0.000159975 0.000461078 0.00157754 0.000675388 -0.000129269 0.00126649 0.000364619 -0.00076832 -0.000329982 -0.000751002
internal_weight=2.53439e+08 2.21108e+06 1.72868e+06 2.51228e+08 1.60026e+08 9.12021e+07 3.15448e+07 2.7151e+07 5.96573e+07 1.87359e+07 1.58812e+07 4.09214e+07 3.74371e+07 3.48965e+07
internal_count=230149 6015 3372 224134 147901 76233 30578 27239 45655 15725 13538 29930 27833 25656
cat_boundaries=0 1 2
cat_threshold=28 202
is_linear=0
shrinkage=0.03


Tree=336
num_leaves=15
num_cat=3
split_feature=13 0 10 10 4 1 2 16 0 13 0 16 10 13
split_gain=88910.6 100783 61705.4 55798.2 26283.7 179570 189516 61002.4 60668.9 31924.1 77967 46604.5 41652.1 28866.7
threshold=0.33722492917240238 0 0.76375309174027717 1.1163582065134401 1.0000000180025095e-35 13.500000000000002 4.5000000000000009 0.069962061796292815 1 1.275313048505496 2 0.057031717998155339 1.1942558122392908 0.97157855593931763
decision_type=2 1 2 2 2 2 2 2 1 2 1 2 2 2
left_child=1 -1 -3 -4 9 8 7 -7 -6 13 -11 -12 -13 -2
right_child=4 2 3 -5 5 6 -8 -9 -10 10 11 12 -14 -15
leaf_value=-0.026451508788833587 4.5427245573263151e-05 0.00063763167521875487 -0.00010096838965138832 -0.0056904616003452622 -0.0010154572948801734 0.0010462549625682737 0.0018537157032734995 -0.001623486754057382 -0.0028591402195700232 0.017800285974852715 0.0009422822691701829 0.00044050313002087749 -0.00053283326987180234 -1.9798261178987247e-05
leaf_weight=1178660.0968669653 102588253.78222954 589835.43664109707 256128.55334305763 155454.08969521523 1129125.7468218803 741843.96695423126 919164.65304422379 1180649.9838867188 1024588.0414001942 369793.28668093681 1787005.8913706541 1045886.8102087975 1043762.3425292969 140210031.57424438
leaf_count=2013 92616 545 2212 1296 2198 1537 1225 1137 1858 1113 10994 1321 720 109417
internal_value=0.000135658 0.00616808 -0.000829822 -0.00974463 8.3479e-05 -0.00207096 0.00288083 -0.00247617 -0.00860446 0.000127043 0.00270575 0.00145023 -0.00159158 8.19422e-05
internal_weight=2.5422e+08 2.18008e+06 1.00142e+06 411583 2.5204e+08 4.99537e+06 2.84166e+06 1.92249e+06 2.15371e+06 2.47045e+08 4.24645e+06 3.87666e+06 2.08965e+06 2.42798e+08
internal_count=230202 6066 4053 3508 224136 7955 3899 2674 4056 216181 14148 13035 2041 202033
cat_boundaries=0 1 2 3
cat_threshold=28 403 16
is_linear=0
shrinkage=0.03


Tree=337
num_leaves=15
num_cat=0
split_feature=13 12 13 11 13 1 14 1 14 16 1 14 16 3
split_gain=115180 115377 182125 24989.3 24638.9 71392 49972.3 206051 189001 143716 124333 145730 70892 58169.5
threshold=0.54078925851391635 0.99712577792716017 0.33722492917240238 0.92833667948537613 0.97157855593931763 6.5000000000000009 0.95321217120250823 8.5000000000000018 0.88354585953519404 0.090659472269326052 11.500000000000002 0.86613134518559198 0.064351050717504119 1.0000000180025095e-35
decision_type=2 2 2 2 2 2 2 2 2 2 2 2 2 2
left_child=1 -1 3 -3 5 -2 7 8 9 -7 11 -9 -8 -12
right_child=4 2 -4 -5 -6 6 12 10 -10 -11 13 -13 -14 -15
leaf_value=0.00024689803374981653 -0.00054706107512270076 0.00099150408902074329 0.00032322770971115442 0.01176135805915348 -2.516281201828702e-05 0.0013298537768659778 0.00015180248683197668 -0.00068915707655599877 -0.00016809910322326092 5.1546626608166488e-05 7.6322165707672361e-05 -2.1881757729576827e-05 2.0645440158992817e-05 -0.00020869902761417678
leaf_weight=3742973.3459287882 3096787.8356462717 199046.60746240616 1122440.5204812288 410400.86468410492 148394030.63811445 2591387.2594909668 18968248.629747152 5449959.0097332001 2835963.436630249 1902273.0735473633 24300832.482840061 5824373.2446289062 24147148.127716064 10943893.898391962
leaf_count=4500 14944 129 2246 3603 130288 1639 20171 4229 1735 781 17839 4133 14059 9972
internal_value=0.000101608 0.00440579 0.0108082 0.0240108 6.76304e-06 0.000370581 0.000513788 -9.56214e-05 0.00457953 0.00840657 -0.000832247 -0.00357446 0.00127491 4.49516e-05
internal_weight=2.5393e+08 5.47486e+06 1.73189e+06 609447 2.48455e+08 1.00061e+08 9.69641e+07 5.38487e+07 7.32962e+06 4.49366e+06 4.65191e+07 1.12743e+07 4.31154e+07 3.52447e+07
internal_count=230268 10478 5978 3732 219790 89502 74558 40328 4155 2420 36173 8362 34230 27811
is_linear=0
shrinkage=0.03


Tree=338
num_leaves=15
num_cat=3
split_feature=13 12 0 11 12 14 0 14 16 16 0 13 12 1
split_gain=127729 273335 30604.9 20723.3 41323.6 50822.4 27587 23630 38579.7 81823.9 63665 54591.7 63081 108352
threshold=0.33722492917240238 0.99077193618339965 0 0.78683299918466465 0.91874762502524698 0.81478135714231403 1 1.0331705990741289 0.033408427236835604 0.039100406238253532 2 0.98077887089228521 1.0137025498423149 7.5000000000000009
decision_type=2 2 1 2 2 2 1 2 2 2 1 2 2 2
left_child=1 2 -1 6 5 -5 -2 8 10 -10 -6 -11 13 -13
right_child=3 -3 -4 4 7 -7 -8 -9 9 11 -12 12 -14 -15
leaf_value=0.0021847675526784111 0.00065343129685876977 -0.076360742023876438 -0.00053845155679438871 2.6148434589375867e-05 0.00039839754502514355 -0.0010992805921250758 -8.9287077668947514e-05 9.232719740087257e-05 0.00058584299990428659 3.9626891262423974e-05 -0.00036811607183177163 -0.00046678214429426529 1.6692142437436776e-05 -9.0698536659013728e-05
leaf_weight=755335.19046068192 1399789.9498565197 592596.51411223412 871712.21020102501 1496482.9992996454 2590136.3192719221 1456508.4222726822 1208539.4887275696 43396505.251708388 3321451.395980835 92173100.484828949 10889137.853546977 2666288.5204772949 49395870.289291859 41523750.605545044
leaf_count=973 1699 3870 1201 1035 8825 1992 1222 58512 4175 57536 34239 1271 31382 21726
internal_value=7.14949e-05 0.0072365 0.000883093 8.26362e-06 -1.96122e-05 -0.00354736 0.00266841 2.27426e-05 -0.000113363 -2.81913e-06 -0.00166401 -8.62693e-05 -0.000596664 -0.00142014
internal_weight=2.53737e+08 2.21964e+06 1.62705e+06 2.51518e+08 2.48909e+08 2.95299e+06 2.60833e+06 2.45956e+08 2.0256e+08 1.8908e+08 1.34793e+07 1.85759e+08 9.35859e+07 4.419e+07
internal_count=229658 6044 2174 223614 220693 3027 2921 217666 159154 116090 43064 111915 54379 22997
cat_boundaries=0 1 2 3
cat_threshold=60 194 264
is_linear=0
shrinkage=0.03


Tree=339
num_leaves=15
num_cat=4
split_feature=13 10 0 0 11 10 16 0 11 0 1 13 1 9
split_gain=161481 152124 88223.8 87559.6 27591.9 28128.2 76285.6 63185.2 51653.3 81738.5 90602.4 45679.2 40685.9 177961
threshold=0.33722492917240238 1.0138281127492375 0 1 0.78683299918466465 0.85635765199566871 0.042649282462877046 2 0.9569913468292458 3 17.500000000000004 1.0133781707265581 18.500000000000004 89.500000000000014
decision_type=2 2 1 1 2 2 2 1 2 1 2 2 2 2
left_child=1 2 -1 -3 -2 6 7 -6 9 -7 11 -11 -10 -14
right_child=4 3 -4 -5 5 8 -8 -9 12 10 -12 -13 13 -15
leaf_value=0.0090012249295217915 0.00035392478953464359 -0.0055131972673360119 0.00048609746490020742 0.0031413632405696956 0.0021461501464604734 -0.00032156059673456056 -0.00020849114761935895 0.00018346990787013 1.2425383544278211e-05 0.00024147679923450563 0.00068130853365595346 -0.000198809959416628 -0.00062646923346157542 1.1685774754961455e-05
leaf_weight=962809.22293698788 2595472.0123341084 144310.86779999733 810850.97204196453 303588.03860497475 491391.53050875664 3006984.6604145765 12306821.067077637 1283776.5430619717 186329485.80533409 6267758.5692386627 2893097.72697258 2831385.606195569 6371714.7995970249 26755496.429949284
leaf_count=1148 2910 1031 1467 2400 930 3328 7787 4100 148953 4022 2668 2565 8670 38108
internal_value=0.00011029 0.00816298 0.012108 -0.00745901 3.90545e-05 6.91997e-06 -0.00129533 0.00451852 8.51363e-05 0.00178839 0.00289735 0.001427 -3.12762e-05 -0.00100004
internal_weight=2.53355e+08 2.22156e+06 1.77366e+06 447899 2.51133e+08 2.48538e+08 1.4082e+07 1.77517e+06 2.34456e+08 1.49992e+07 1.19922e+07 9.09914e+06 2.19457e+08 3.31272e+07
internal_count=230087 6046 2615 3431 224041 221131 12817 5030 208314 12583 9255 6587 195731 46778
cat_boundaries=0 1 2 3 4
cat_threshold=28 256 8 320
is_linear=0
shrinkage=0.03


Tree=340
num_leaves=15
num_cat=3
split_feature=10 1 0 14 0 12 12 12 16 14 0 16 9 14
split_gain=29220.2 93938.2 123319 87582.7 115614 98637.7 57394 50585.9 35676.2 32795.7 77185 154505 84785.7 51612.3
threshold=0.93078066328201858 17.500000000000004 0 0.85973408525515194 1 0.99907259255046421 0.99907259255046421 0.94549931222377859 0.075957394022962921 1.0898738100051839 2 0.069569966783518497 72.500000000000014 1.8922278956263101
decision_type=2 2 1 2 1 2 2 2 2 2 1 2 2 2
left_child=1 3 6 5 7 -1 -3 -5 -9 -2 11 -11 -12 -14
right_child=9 2 -4 4 -6 -7 -8 8 -10 10 12 -13 13 -15
leaf_value=0.00012005143418947466 -3.961364371815937e-06 0.00043882672535455064 -2.0251971117813941e-05 -0.00033498264224561075 -0.00020176731459870331 0.0018030481006830888 0.0011699152711919507 0.00057261116034442133 0.0012603317185813001 -9.7645470119671708e-06 0.00094891033839799698 0.0060533988240371621 8.1248895472504868e-05 -0.0013363780769968514
leaf_weight=3500953.9573271275 213065261.33353019 2053718.9584345818 2969568.4392852783 741891.91962730885 13656971.317935348 1434755.5687217712 1463854.0100774765 1297522.5771641731 856427.24179077148 903481.38373422623 839186.69443583488 624934.44122314453 9119584.1819428205 953872.34504139423
leaf_count=2807 177058 2182 3288 1366 10176 987 1492 1933 630 2311 1524 550 19881 4050
internal_value=0.000151501 0.00106599 0.00422993 0.000110831 -0.000935011 0.00361825 0.00803036 0.00450975 0.00683679 3.80526e-05 0.00153525 0.0078492 0.000650912 -0.000112322
internal_weight=2.53482e+08 2.79757e+07 6.48714e+06 2.14885e+07 1.65528e+07 4.93571e+06 3.51757e+06 2.89584e+06 2.15395e+06 2.25506e+08 1.24411e+07 1.52842e+06 1.09126e+07 1.00735e+07
internal_count=230235 24861 6962 17899 14105 3794 3674 3929 2563 205374 28316 2861 25455 23931
cat_boundaries=0 1 2 3
cat_threshold=185 384 16
is_linear=0
shrinkage=0.03


Tree=341
num_leaves=15
num_cat=1
split_feature=13 12 10 13 14 14 13 0 10 1 13 14 1 10
split_gain=125265 362876 26296.2 30701 31486.5 24899.6 22026.5 67554.4 50013.1 39828 37980.1 36910 145682 114304
threshold=0.33722492917240238 0.99077193618339965 0.68171730937635744 0.66640152528550789 0.93072718622719541 0.78118195219137643 0.79469541895624662 0 1.0535811583164076 16.500000000000004 0.74391178448351203 0.85278111942976487 8.5000000000000018 1.0451515685799888
decision_type=2 2 2 2 2 2 2 1 2 2 2 2 2 2
left_child=1 5 -2 4 -4 -1 7 8 9 10 -5 12 13 -8
right_child=2 -3 3 6 -6 -7 11 -9 -10 -11 -12 -13 -14 -15
leaf_value=-0.00069502457013141292 -0.000458334708106368 0.014554260104635992 0.00013901467049177139 0.00053259776033030728 0.00098124941073857727 0.00011891214619038428 0.0012074239274685473 -0.00039414243797797561 -0.00072417384109352148 0.00061087628821686964 -0.00024013147696135906 -6.9826887801793614e-06 -1.1573320009365264e-06 -0.0001327791396066153
leaf_weight=772133.02582764626 1210719.8750935793 570741.97816181183 6885499.7774534225 1339523.2176605463 972185.28568053246 820339.30022597313 902561.77163493633 8634408.4838869572 848979.22296965122 1045602.8333301544 1230973.0473048687 210739241.42347956 14723295.190601826 2721620.4684195518
leaf_count=1271 920 3869 7673 1392 2677 912 1627 8541 1676 1297 1252 182757 11038 2879
internal_value=6.08177e-05 0.0072491 -1.07097e-06 2.02853e-05 0.0018658 -0.000106777 -3.9592e-05 -0.00123604 0.00175983 0.00329826 0.00129023 2.88223e-05 0.00131938 0.00670746
internal_weight=2.53418e+08 2.16321e+06 2.51255e+08 2.50044e+08 7.85769e+06 1.59247e+06 2.42186e+08 1.30995e+07 4.46508e+06 3.6161e+06 2.5705e+06 2.29087e+08 1.83475e+07 3.62418e+06
internal_count=229781 6052 223729 222809 10350 2183 212459 14158 5617 3941 2644 198301 15544 4506
cat_boundaries=0 1
cat_threshold=209
is_linear=0
shrinkage=0.03


Tree=342
num_leaves=15
num_cat=3
split_feature=13 0 10 0 10 10 0 11 11 1 10 10 11 10
split_gain=139473 134554 60250.7 55456.4 20861 112006 80334.5 99197.4 103045 107419 82212.6 83073.4 81601.4 78742.5
threshold=0.33722492917240238 0 0.81095062694523767 1 1.0293999222527417 1.0302166471360206 2 1.022573638648314 1.0273366141169642 17.500000000000004 1.0804981498706023 1.0667504755501287 1.0920770998811604 1.024560965295868
decision_type=2 1 2 1 2 2 1 2 2 2 2 2 2 2
left_child=1 -1 -3 -4 13 -6 7 -7 -9 -10 11 -8 -12 -2
right_child=4 2 3 -5 5 6 10 8 9 -11 12 -13 -14 -15
leaf_value=0.0080310443058423525 -1.3704438683607225e-06 0.00049005435420370767 -0.0051493939934442422 -0.0010310756871724231 0.00074770271723498705 0.00031573806204066696 -0.00011243408065498545 -0.00062467503938470187 0.00011669369257104369 -0.00017425988172102135 0.00045197082512305555 -0.00059626747944847814 -2.4692809337525428e-05 -0.0003091175658327669
leaf_weight=1153277.6579189301 104500275.58500051 751645.96369695663 156361.5117623806 111909.1598097086 2479986.384958148 8339935.5024062395 32135465.939272881 1124930.3841552734 40497196.164682984 12521339.840688467 6679659.887851119 5541205.4247158766 27567240.846713662 10489378.859747291
leaf_count=2028 89878 730 1180 2103 2007 8068 24779 669 40836 16748 5271 4520 22767 8374
internal_value=0.000104915 0.0076724 -0.000265547 -0.0124706 3.96224e-05 0.000289854 0.000173288 0.000960179 0.000491044 0.000681683 -0.000510321 -0.00147733 0.000553528 -0.000258261
internal_weight=2.5405e+08 2.17319e+06 1.01992e+06 268271 2.51877e+08 1.36887e+08 1.34407e+08 6.24834e+07 5.41435e+07 5.30185e+07 7.19236e+07 3.76767e+07 3.42469e+07 1.1499e+08
internal_count=229958 6041 4013 3283 223917 125665 123658 66321 58253 57584 57337 29299 28038 98252
cat_boundaries=0 1 2 3
cat_threshold=28 256 496
is_linear=0
shrinkage=0.03


Tree=343
num_leaves=15
num_cat=3
split_feature=13 12 10 16 16 0 12 2 0 0 3 16 16 16
split_gain=111662 363849 29946.3 24215.7 130378 105701 87897.4 63933.3 101385 79992.8 106883 65811.1 56571.8 67405.9
threshold=0.33722492917240238 0.99077193618339965 0.68171730937635744 0.076603777319970187 0.081083792322249923 0 1.0076809644919542 1.5000000000000002 1 2 1.5000000000000002 0.095563585634923495 0.072299485717510797 0.071698968275871661
decision_type=2 2 2 2 2 1 2 2 1 1 2 2 2 2
left_child=1 -1 -2 12 5 6 -5 8 -6 10 -9 -11 13 -4
right_child=2 -3 3 4 7 -7 -8 9 -10 11 -12 -13 -14 -15
leaf_value=-5.5754397506457338e-05 -0.00038170997086476465 0.012638807119619188 -5.0308822699861195e-06 0.00018611431329945699 -0.00034959852736993912 0.00015372625954490675 0.00055359012487289335 0.00032010468660271266 0.00017365032557316922 -9.8813594904856067e-05 -0.00061482535212997692 -0.00052644443948945334 -0.00021883800387044474 0.00059993459223070609
leaf_weight=1590471.1029297113 1241993.7948080301 567225.95763611794 157970586.95266187 2159661.5952758789 4614765.6652832031 9836085.3895292282 3101914.8770751953 9833389.9244384766 16167052.049804688 20256881.562933922 4510366.9252319336 4179355.6605598927 14315801.185219288 2904192.3276691437
leaf_count=2163 938 3832 172728 1070 3246 7324 1365 6490 5414 7421 5781 1191 8862 1760
internal_value=0.00010215 0.00689763 4.37547e-05 6.68538e-05 0.000519275 0.00300934 0.00644142 -0.000111904 0.00123075 -0.000831417 0.000946979 -0.00187531 -0.000125951 3.48655e-05
internal_weight=2.5325e+08 2.1577e+06 2.51092e+08 2.4985e+08 7.46595e+07 1.50977e+07 5.26158e+06 5.95618e+07 2.07818e+07 3.878e+07 1.43438e+07 2.44362e+07 1.75191e+08 1.60875e+08
internal_count=229585 5995 223590 222652 39302 9759 2435 29543 8660 20883 12271 8612 183350 174488
cat_boundaries=0 1 2 3
cat_threshold=17 162 227
is_linear=0
shrinkage=0.03


Tree=344
num_leaves=15
num_cat=3
split_feature=11 0 14 14 16 0 1 1 14 0 1 16 16 14
split_gain=27961.3 92815.6 57039.3 51521.1 51840.5 60146.4 49690.6 49233 40137.2 41426.8 105123 39987.1 32489.1 32251.2
threshold=0.9569913468292458 0 0.84147441079431173 1.1379704899628078 0.054077039484020338 1 17.500000000000004 9.5000000000000018 0.73141327315926918 2 11.500000000000002 0.055333643521159707 0.083659545331816784 0.80434234060582843
decision_type=2 1 2 2 2 1 2 2 2 1 2 2 2 2
left_child=1 2 -1 4 5 -3 11 -7 -6 10 -10 -4 -11 -2
right_child=13 3 6 -5 8 7 -8 -9 9 12 -12 -13 -14 -15
leaf_value=0.0018422024774085719 -0.00016352820350530218 0.0012836448895527462 -0.00024196934624189017 -0.00093387472749602177 0.00032894884539882746 -0.0011240541492967228 0.00065601655280101269 0.00042645823594348594 0.00055041254463121471 -0.00016188714989201229 -0.00021964274153149106 0.00022452059336547684 -0.00060276345997179056 1.0019925632202245e-05
leaf_weight=1454542.5147435665 15618561.198719978 1192721.551214695 1597692.5171564817 1336205.8420249224 2025939.5533752441 882672.25487816334 1839538.3659162521 2405173.3054876328 2920732.8856506348 5484075.4071044922 5260639.4379577637 3909011.7835235596 1671797.4389953613 205522374.09303308
leaf_count=1089 17668 1526 1813 3491 1201 3048 1753 3572 1638 3573 3108 2371 880 183156
internal_value=0.000122614 0.000951749 0.00357466 -4.40973e-05 0.000305711 0.00318272 0.00249998 0.00108919 -0.000436699 -0.000960927 0.000497238 0.00107393 -0.00262806 2.70662e-06
internal_weight=2.53122e+08 3.19807e+07 8.80079e+06 2.318e+07 2.18438e+07 4.48057e+06 7.34624e+06 3.28785e+06 1.73632e+07 1.53372e+07 8.18137e+06 5.5067e+06 7.15587e+06 2.21141e+08
internal_count=229887 29063 7026 22037 18546 8146 5937 6620 10400 9199 4746 4184 4453 200824
cat_boundaries=0 1 2 3
cat_threshold=144 8 261
is_linear=0
shrinkage=0.03


Tree=345
num_leaves=15
num_cat=3
split_feature=13 12 0 12 0 12 16 11 11 1 0 11 13 12
split_gain=134680 343174 22953.1 19495.2 65628.8 132074 65933.7 78282.7 100418 57855.8 107036 74644.5 73113 66949.1
threshold=0.33722492917240238 0.99077193618339965 0 1.0051969303918387 1 1.0024913181220338 0.040024316593599417 0.95227440265594698 0.82067536127917817 17.500000000000004 2 1.0314271113197637 0.99791021082784626 1.0047066218812479
decision_type=2 2 1 2 1 2 2 2 2 2 1 2 2 2
left_child=1 2 -1 4 5 6 -2 8 -8 11 -11 12 -6 -14
right_child=3 -3 -4 -5 9 -7 7 -9 -10 10 -12 -13 13 -15
leaf_value=0.0016008489431306935 0.00088373463336058734 0.013067248165409348 -0.00055076812037105729 -1.619209079186892e-05 6.590867369805785e-05 0.00076710036204304468 0.00040058855648756079 0.0001722695482870314 -0.00049511946194488038 -0.00046690595028808015 0.00026321454912438328 -0.00032492905347977595 -0.00023192596981271271 0.00028017867796199217
leaf_weight=758414.91696250439 2840177.4244093895 604692.21644198895 798151.7803196907 159819424.58472192 23632871.918795705 4419919.2255948782 1896216.1217498779 16375727.175079346 6004142.5050048828 2842627.1737365723 11489328.739540577 4596418.051581502 15446668.933261156 1940718.9035851955
leaf_count=1087 9708 3846 1052 147484 16372 3361 1623 12127 3675 3557 9754 3585 11509 1073
internal_value=0.000103237 0.00756017 0.000109272 3.91057e-05 0.000388347 0.00149619 0.000712368 0.000206376 -0.00224631 -0.000194438 0.00146826 -0.00071683 -0.000310603 -0.00178719
internal_weight=2.53465e+08 2.16126e+06 1.55657e+06 2.51304e+08 9.14848e+07 3.15362e+07 2.71163e+07 2.42761e+07 7.90036e+06 5.99486e+07 1.4332e+07 4.56167e+07 4.10203e+07 1.73874e+07
internal_count=229813 5985 2139 223828 76344 30494 27133 17425 5298 45850 13311 32539 28954 12582
cat_boundaries=0 1 2 3
cat_threshold=188 202 256
is_linear=0
shrinkage=0.03


Tree=346
num_leaves=15
num_cat=4
split_feature=10 0 16 1 16 0 0 14 1 16 0 2 11 11
split_gain=23751.3 77220.9 64511.4 56415.8 108960 88614.6 84584.1 96689.6 70727.3 64686.9 73280.7 50020.1 46830.1 53485.8
threshold=0.97232699120128163 0 0.091250173667429463 9.5000000000000018 0.054077039484020338 1 2 0.8755578290714513 17.500000000000004 0.075957394022962921 3 1.5000000000000002 0.82067536127917817 0.96973899304761912
decision_type=2 1 2 2 2 1 1 2 2 2 1 2 2 2
left_child=1 2 12 6 -5 8 -3 -8 11 10 -9 -6 -1 -14
right_child=-2 3 -4 4 5 -7 7 9 -10 -11 -12 -13 13 -15
leaf_value=0.00045147024956869187 -2.9943855563534886e-06 -0.00054093889694917479 -0.0010451646234752919 0.00055927624185415307 -0.00026444581913739917 -0.00025154091563632232 0.0013788131845991101 0.00084493538464956545 0.00044730739839362726 0.00063789158191891694 -0.00011499459938688536 0.0002535789216393928 -0.0008444008085656987 0.00020512566007243609
leaf_weight=941958.596144557 216417180.82955003 1067334.3560632467 726554.53408813477 5083190.5500545502 2258838.0123291016 8709860.6788024902 1372675.0156406164 732362.44502389431 2312847.5337219238 1793146.1180419922 2812909.4047827721 5276848.9586791992 2000486.640301466 1498705.132085681
leaf_count=1491 194315 1393 524 6682 1441 4843 1672 837 1449 675 4993 3969 3244 2434
internal_value=8.59676e-05 0.000792901 -0.0026055 0.00135184 0.000622678 -0.000443216 0.00356805 0.00481564 0.00150629 0.00298969 0.000641101 9.7838e-05 -0.00124977 -0.0028481
internal_weight=2.53005e+08 3.65877e+07 5.1677e+06 3.142e+07 2.36416e+07 1.85584e+07 7.77843e+06 6.71109e+06 9.84853e+06 5.33842e+06 3.54527e+06 7.53569e+06 4.44115e+06 3.49919e+06
internal_count=229962 35647 7693 27954 18384 11702 9570 8177 6859 6505 5830 5410 7169 5678
cat_boundaries=0 1 2 3 4
cat_threshold=96 147 2 8
is_linear=0
shrinkage=0.03


Tree=347
num_leaves=15
num_cat=0
split_feature=13 12 14 2 9 10 11 12 11 12 12 1 9 9
split_gain=115759 314431 21266.4 16195.4 194931 119036 114841 208515 145896 136311 142552 115170 135821 123222
threshold=0.33722492917240238 0.99415645601000158 0.78792964845128977 4.5000000000000009 74.500000000000014 1.311423601463038 1.0011991564699063 1.004197057542799 0.9452772592406341 0.99493778713559811 1.0203119929770657 17.500000000000004 88.500000000000014 87.500000000000014
decision_type=2 2 2 2 2 2 2 2 2 2 2 2 2 2
left_child=1 2 -1 -2 -5 6 7 -6 -9 -8 -11 13 -13 -12
right_child=3 -3 -4 4 5 -7 9 8 -10 10 11 12 -14 -15
leaf_value=-0.00053744691488023322 -1.0087382063604826e-05 0.010973434098730788 0.0010789196239720509 -0.00089184125366359663 0.00021441425463364391 -0.0017676487314153338 -0.0012454267280798599 0.00084910253731305572 -0.0024159963085859703 0.00070251014198638982 0.001144964650934864 -0.0020938243027973603 -0.00018092478112459242 0.00015201368562815345
leaf_weight=811729.09621310234 207225742.18551958 571115.66709256172 760102.32787430286 2638996.6373251677 8199788.1862063408 848887.83945035934 1788557.5617464781 821530.33937251568 2798581.7215266228 11083136.920905352 1319029.0821065903 589209.45715880394 3097637.9058103561 10613023.110487223
leaf_count=1323 162650 3803 885 3686 11807 1124 2364 1031 3650 15011 1843 1064 5414 14223
internal_value=5.35176e-05 0.00699652 6.96413e-05 -5.75353e-06 0.000518393 0.00102517 0.00125929 -0.00122672 -0.00722358 0.00229067 0.00282772 0.00098125 -0.00365317 0.00241322
internal_weight=2.53167e+08 2.14295e+06 1.57183e+06 2.51024e+08 4.37984e+07 4.11594e+07 4.03105e+07 1.18199e+07 3.62011e+06 2.84906e+07 2.6702e+07 1.56189e+07 3.68685e+06 1.19321e+07
internal_count=229878 6011 2208 223867 61217 57531 56407 16488 4681 39919 37555 22544 6478 16066
is_linear=0
shrinkage=0.03


Tree=348
num_leaves=15
num_cat=3
split_feature=13 12 10 12 0 16 10 0 10 0 12 12 10 16
split_gain=108990 305754 24001.9 70156.7 111809 76092.4 72154.2 71039.3 78675.7 83275.4 56797.3 78886.8 81765.6 68964
threshold=0.33722492917240238 0.99077193618339965 1.0389604186223813 0.98446444983219006 0 0.067205987083066007 1.0428102923176461 1 1.046044138653544 2 1.0853076765851486 1.0815940336562109 1.1751841682950552 0.077212083450137817
decision_type=2 2 2 2 1 2 2 1 2 1 2 2 2 2
left_child=1 -1 -2 4 -4 -6 -5 10 9 -9 11 12 13 -8
right_child=2 -3 3 6 5 -7 7 8 -10 -11 -12 -13 -14 -15
leaf_value=-8.5088647824740638e-05 -1.7320012726773499e-05 0.012420340805200393 0.00096248225016168289 0.00019802758385435311 0.00058983002240411248 -0.00027494859880528092 0.0001020316693701742 2.7268185189232337e-05 -2.3059993219489781e-05 -0.0012363388043240742 0.00052159595393861725 -0.00078065386975336478 -0.0002561530896081183 0.00061997087618412901
leaf_weight=1572829.1460494995 133675229.60648739 601607.90049314499 1268426.310606122 10337127.459827065 2730915.6818417311 2275815.4013671875 8361837.8754107952 1671637.9161707163 72695779.240096331 2358658.7473088503 5993140.7354460955 1156371.3061960936 5033445.2941678762 4258854.3073723316
leaf_count=2163 113334 3844 1517 7413 2884 1113 15528 1255 59295 1475 7691 1392 7447 3855
internal_value=0.000148109 0.00683577 9.03607e-05 0.000401908 0.00348859 0.00147298 0.000228761 -1.43499e-05 -0.000465541 -0.0045455 0.00138134 0.00057102 0.00106824 0.0023576
internal_weight=2.53992e+08 2.17444e+06 2.51817e+08 1.18142e+08 6.27516e+06 5.00673e+06 1.11867e+08 1.0153e+08 7.67261e+07 4.0303e+06 2.48036e+07 1.88105e+07 1.76541e+07 1.26207e+07
internal_count=230206 6007 224199 110865 5514 3997 105351 97938 62025 2730 35913 28222 26830 19383
cat_boundaries=0 1 2 3
cat_threshold=240 352 19
is_linear=0
shrinkage=0.03


Tree=349
num_leaves=15
num_cat=2
split_feature=13 12 12 12 12 5 4 13 11 3 11 0 0 11
split_gain=106405 293802 24562.9 75148.5 74354.7 68006.7 69771.5 95387 55432.5 167780 132945 122483 103756 95501.3
threshold=0.33722492917240238 0.99415645601000158 1.0017672621402147 1.0002001870955406 1.0022632125571322 1.0000000180025095e-35 1.0000000180025095e-35 1.460586317597184 1.0011991564699063 1.5000000000000002 0.9569913468292458 0 1 1.0023984355928093
decision_type=2 2 2 2 2 2 2 2 2 2 2 1 1 2
left_child=1 -1 3 5 -4 6 -2 -8 9 11 -11 -6 -12 -10
right_child=2 -3 4 -5 8 -7 7 -9 13 10 12 -13 -14 -15
leaf_value=-0.00028164290562074758 4.8351423176915051e-05 0.0058701098588613476 -0.00047242948561280237 0.00034512522575686383 0.00030469683837286974 -0.00067315964124050687 -0.0025504766344447752 0.00022526379438301115 0.0008046095228796227 0.00030204846503605244 -0.020248344849786794 -0.00021588691751160522 -0.0011425431603050828 1.846768581466217e-06
leaf_weight=1652542.8682775497 59392956.764662862 614371.30932939053 4494652.6506471634 7215484.0354282856 7761496.2760895491 1596001.6061412096 958710.40873336792 1211750.3166207075 1776686.6134611368 1394452.6123267412 1060621.525197506 8568031.0557566881 2704359.8564862013 153064933.55992639
leaf_count=2240 51240 3865 3758 5267 8028 941 1164 1957 1373 1989 600 4558 4395 138526
internal_value=5.84529e-05 0.0065289 6.13911e-08 0.000475585 -0.000185006 0.000144235 0.000302737 -0.00498038 -8.78814e-05 -0.00151571 -0.00623166 -2.56695e-05 -0.0091624 0.000110273
internal_weight=2.53467e+08 2.26691e+06 2.512e+08 7.03749e+07 1.80825e+08 6.31594e+07 6.15634e+07 2.17046e+06 1.76331e+08 2.1489e+07 5.15943e+06 1.63295e+07 3.76498e+06 1.54842e+08
internal_count=229901 6105 223796 60569 163227 55302 54361 3121 159469 19570 6984 12586 4995 139899
cat_boundaries=0 1 2
cat_threshold=171 272
is_linear=0
shrinkage=0.03


Tree=350
num_leaves=15
num_cat=3
split_feature=11 0 1 11 16 12 0 11 0 1 1 12 11 12
split_gain=24247 80068.2 104287 127654 100520 89012.3 92637.6 80215.6 76266.7 89043.8 137365 90396.2 69843.1 69576.3
threshold=1.0256949624400986 0 10.500000000000002 1.0164468161792957 0.071982162002032904 1.0043866876767142 1 1.0240597352309715 2 9.5000000000000018 16.500000000000004 1.0598131614188067 0.99905885809627903 1.0104869764896158
decision_type=2 1 2 2 2 2 1 2 1 2 2 2 2 2
left_child=1 2 4 5 -1 6 12 -3 9 -2 11 -11 -4 -10
right_child=8 7 3 -5 -6 -7 -8 -9 13 10 -12 -13 -14 -15
leaf_value=-3.2050335406525172e-05 0.0001524594395859523 7.2006293443583128e-05 -0.00010363524238732727 0.00055732773451774408 0.00058417374003126891 -0.00074962507389461522 -0.00052224111704592959 0.00080246563494528736 -0.00015944870804049681 -0.00079366812035401308 2.3041455679526666e-05 -6.895088708755689e-05 0.00075333531509659459 4.6847629772462431e-05
leaf_weight=7217546.7903100252 6682096.2570313215 85681614.98759985 5198287.4363913536 3565624.6270055771 3766160.3247070312 6683031.2940936089 7121501.2582473755 1948149.5375938416 14734407.265999556 8271572.413848877 8091561.5295753479 3040740.0066833496 2405375.2659487724 88479365.43754065
leaf_count=11732 8120 69267 4084 2774 1572 5346 6427 1733 13134 5455 8139 2778 2646 86177
internal_value=0.000117306 0.000417775 -0.000774278 -0.00184573 0.00166191 -0.00272107 -0.00141786 0.000906915 -0.000169888 -0.00161918 -0.00264774 -0.00478253 0.000884954 0.000196402
internal_weight=2.52887e+08 1.23587e+08 3.59575e+07 2.49738e+07 1.09837e+07 2.14082e+07 1.47252e+07 8.76298e+07 1.293e+08 2.6086e+07 1.94039e+07 1.13123e+07 7.60366e+06 1.03214e+08
internal_count=229384 105581 34581 21277 13304 18503 13157 71000 123803 24492 16372 8233 6730 99311
cat_boundaries=0 1 2 3
cat_threshold=292 36 136
is_linear=0
shrinkage=0.03


Tree=351
num_leaves=15
num_cat=3
split_feature=13 12 13 2 16 12 12 12 0 12 14 12 0 0
split_gain=104479 279083 26136.8 56774.4 69105 74187.4 73830.5 89403.2 80019.1 67531.2 119704 95041.4 83670.9 80859.3
threshold=0.33722492917240238 0.99077193618339965 0.97157855593931763 4.5000000000000009 0.055845160148253276 0.9787796254026907 1.0137025498423149 1.0064015881057771 0 1.0274884283874488 1.0766976746816785 1.0073531584289153 1 2
decision_type=2 2 2 2 2 2 2 2 1 2 2 2 1 1
left_child=1 -1 -2 4 5 -4 7 -6 -9 10 11 -5 -11 -13
right_child=2 -3 3 9 6 -7 -8 8 -10 12 -12 13 -14 -15
leaf_value=6.7004823756464663e-05 3.665158505845793e-05 0.0079450026629272336 0.00060706637996220717 -9.5418097727953822e-05 -9.9961629838231538e-05 1.4778845915199084e-05 -1.2521733974542747e-05 -0.00059284867338220968 -0.00025644135014585637 0.00014395895696149867 0.0018980573132675138 0.00081604149029021337 -0.00071657186702213643 -3.9232833850827525e-05
leaf_weight=1633356.4217576981 103299918.50930977 579542.54877591133 2927472.2412682772 8905693.9351934195 29887606.928253174 33282296.17736423 46044735.339324951 3881328.4124755859 5384307.6370239258 5656181.8797010183 1829180.0749003887 3885017.294271946 4017363.9158478975 2562665.5420968533
leaf_count=2206 93853 3868 4182 9314 14281 44979 26175 1274 3183 7662 4990 3096 6410 4418
internal_value=9.20394e-05 0.00658217 3.49484e-05 -0.000220296 -0.000496403 0.000601476 -0.00096301 -0.00192071 -0.00449538 0.0010279 0.00215665 0.00129237 -0.000977051 0.00406638
internal_weight=2.53777e+08 2.2129e+06 2.51564e+08 1.48264e+08 1.21408e+08 3.62098e+07 8.5198e+07 3.91532e+07 9.26564e+06 2.68561e+07 1.71826e+07 1.53534e+07 9.67355e+06 6.44768e+06
internal_count=229891 6074 223817 129964 94074 49161 44913 18738 4457 35890 21818 16828 14072 7514
cat_boundaries=0 1 2 3
cat_threshold=20 185 22
is_linear=0
shrinkage=0.03


Tree=352
num_leaves=15
num_cat=4
split_feature=13 12 0 11 16 0 10 16 0 11 16 16 0 12
split_gain=93436.9 244816 28877.1 27939 21672.3 109127 70181.5 55745 72574.2 43529 40928.7 91951.5 95727.4 72571.9
threshold=0.33722492917240238 0.99984781307094417 0 0.93171241057181342 0.090659472269326052 1 1.0256811482550938 0.097814422449162955 2 1.079818594765658 0.076603777319970187 0.081083792322249923 3 1.0147104157921063
decision_type=2 2 1 2 2 1 2 2 1 2 2 2 1 2
left_child=1 2 -1 -3 10 6 -6 -7 -9 -8 -2 12 13 -12
right_child=4 3 -4 -5 5 7 9 8 -10 -11 11 -13 -14 -15
leaf_value=-0.000532187679246174 -1.0229956303154283e-05 0.0012057557630007463 -0.014378798953620374 0.014235071897903937 -0.00014745850119721868 -0.00010393002232064989 0.00077665985471731132 -0.00021591691746332832 -0.00065618971499239564 0.00022497163130905942 0.00024061476577878622 6.4425035019169003e-07 0.00011500800557985699 0.00060774656714041541
leaf_weight=835018.62061357498 176289398.28351283 169232.94938790798 796560.91813349724 385477.76702427864 3772432.0787358284 14822166.114013672 2311621.1303570271 1710717.0846252441 1280177.2678222656 2647931.4876236916 2796261.981262207 33368805.783946991 9925993.8208675385 2300266.0972290039
leaf_count=1254 184268 122 1148 3490 1783 5343 1132 2159 270 1439 1351 17628 7385 1023
internal_value=7.61849e-05 0.0062513 0.00039779 0.0234683 2.2446e-05 -0.000788204 0.00195911 -0.00213494 -0.00587097 0.00430478 0.000118221 0.000891046 0.00284006 0.00618215
internal_weight=2.53412e+08 2.18629e+06 1.63158e+06 554711 2.51226e+08 2.6545e+07 8.73198e+06 1.78131e+07 2.99089e+06 4.95955e+06 2.24681e+08 4.83913e+07 1.50225e+07 5.09653e+06
internal_count=229795 6014 2402 3612 223781 12126 4354 7772 2429 2571 211655 27387 9759 2374
cat_boundaries=0 1 2 3 4
cat_threshold=355 448 41 17
is_linear=0
shrinkage=0.03


Tree=353
num_leaves=15
num_cat=2
split_feature=13 12 11 11 11 16 16 16 5 3 16 0 12 0
split_gain=97435.3 234824 34246.1 26903.7 20153.3 36029.3 32128.1 66109.8 65720.4 170885 61024.4 66745.6 67942.8 59785.3
threshold=0.33722492917240238 0.99907259255046421 0.92833667948537613 0.91700597683295093 1.1902710751006842 0.084106029726928572 0.084106029726928572 0.075957394022962921 1.0000000180025095e-35 1.0000000180025095e-35 0.081083792322249923 0 1.0076809644919542 1
decision_type=2 2 2 2 2 2 2 2 2 2 2 1 2 1
left_child=1 3 -3 -1 6 -6 7 8 -2 -10 11 12 -9 -8
right_child=4 2 -4 -5 5 -7 13 10 9 -11 -12 -13 -14 -15
leaf_value=0.00035538975637905136 -1.1706687099338696e-05 0.00073287620854349577 0.010953443268112139 -0.0047719068659071526 -0.00036856661739677554 0.00023220560474302706 0.00012478509590831144 0.00016536042779036891 -0.00025846551325006608 0.0013710137647934004 5.5900930173977951e-06 0.00015290011012939486 0.00049019736637902342 -0.00010896568543184565
leaf_weight=865491.4422570467 166494763.77338326 196070.96936440468 381247.59281754494 733332.60284328461 6624622.7615448236 1575215.36328125 11227575.872130871 2266719.5905761719 1498306.9361153841 1377804.401812315 14803498.253481388 10339348.589103699 3044823.6658325195 32148681.04574585
leaf_count=1088 174017 123 3514 1237 7551 761 6673 1190 1258 1258 7673 7789 1348 14426
internal_value=3.00671e-05 0.00635075 0.0227506 0.000428918 -2.4645e-05 -0.00148746 2.46757e-05 0.000185326 -4.60587e-05 0.00445018 0.00147216 0.00277821 0.00551159 -0.000715406
internal_weight=2.53578e+08 2.17614e+06 577319 1.59882e+06 2.51401e+08 8.19984e+06 2.43202e+08 1.99825e+08 1.69371e+08 2.87611e+06 3.04544e+07 1.56509e+07 5.31154e+06 4.33763e+07
internal_count=229906 5962 3637 2325 223944 8312 215632 194533 176533 2516 18000 10327 2538 21099
cat_boundaries=0 1 2
cat_threshold=17 448
is_linear=0
shrinkage=0.03


Tree=354
num_leaves=15
num_cat=0
split_feature=13 12 3 10 10 14 12 2 10 16 16 16 9 14
split_gain=84368 217731 25894.6 24922 22229 21208.2 41989.7 67979 44349.6 68069.8 39610.2 64935.2 41195.4 34799.6
threshold=0.33722492917240238 0.99077193618339965 1.5000000000000002 0.88315745690132064 0.68171730937635744 1.0320974020590354 1.0853076765851486 2.5000000000000004 1.1942558122392908 0.0634588025206895 0.033408427236835604 0.039100406238253532 84.500000000000014 0.76599082437519839
decision_type=2 2 2 2 2 2 2 2 2 2 2 2 2 2
left_child=1 2 -1 -3 -2 10 8 -8 -7 -10 12 -12 -6 -14
right_child=4 3 -4 -5 5 6 7 -9 9 -11 11 -13 13 -15
leaf_value=0.00039717938904180886 -0.0004157104425711881 0.011880365525919034 -0.0046291817175203353 -0.0014333735989108989 -0.00057662782388539992 8.256268082400675e-05 -6.8589257528827409e-05 0.0010622726447107032 0.00018706096129571188 -0.0012557646099351754 0.00055271151836559426 2.7420631365481155e-06 -0.0016775442204219723 -9.421838841658363e-05
leaf_weight=865246.50551211834 1246207.3559362888 379031.33464634418 767031.35745358467 185510.33400821686 2028411.8848332167 39525547.260324836 1640563.3319761753 2013965.8523119688 1054109.0305520296 1020090.4185943604 3292457.6999511719 187783947.16546226 470875.36415839195 11065760.801568985
leaf_count=1285 930 377 920 3463 6443 52605 2035 3651 2173 727 4158 113767 3455 33846
internal_value=0.000155194 0.00600877 0.000454399 0.0220683 0.000103991 0.000123922 0.000711628 0.00379476 0.000440776 -0.00383519 -6.0431e-06 0.000105165 -0.00157251 -0.000879286
internal_weight=2.53339e+08 2.19682e+06 1.63228e+06 564542 2.51142e+08 2.49896e+08 4.52543e+07 3.65453e+06 4.15997e+07 2.0742e+06 2.04641e+08 1.91076e+08 1.3565e+07 1.15366e+07
internal_count=229835 6045 2205 3840 223790 222860 61191 5686 55505 2900 161669 117925 43744 37301
is_linear=0
shrinkage=0.03


Tree=355
num_leaves=15
num_cat=3
split_feature=13 12 0 0 13 16 14 3 9 0 16 9 16 14
split_gain=81909.3 261052 28121.4 23779.8 23110 55390.6 55830.7 55168.5 77662.4 74645.2 57970 54879.6 60236.8 52516.1
threshold=0.33722492917240238 0.99077193618339965 0 1 0.97157855593931763 0.030497419635198537 0.83314520053279539 1.0000000180025095e-35 79.500000000000014 2 0.058123115379318434 74.500000000000014 0.071423714342700409 0.82904377039527477
decision_type=2 2 1 1 2 2 2 2 2 1 2 2 2 2
left_child=1 2 -1 -3 5 6 -2 8 10 -10 -7 -9 13 -13
right_child=4 3 -4 -5 -6 7 -8 11 9 -11 -12 12 -14 -15
leaf_value=0.0013630426463416411 -0.0016322246764573754 0.010851627757071056 -0.00052559931141616149 0.0090716489416008631 -1.9294268110027833e-05 0.00071880906012604774 -0.00016485718558371444 -0.00079914922753338675 0.00013019199611233765 -4.6316816282637751e-05 0.00018223441179588914 -0.00029118435029340414 -0.00017258074771378786 0.00027798088838800779
leaf_weight=775745.66656756401 831574.08037269115 346393.70520567894 832367.54505431652 221362.69203615189 148166105.40638638 1952365.0258789062 6557482.8998750448 1628694.3680911064 32890517.22833252 26955193.021850586 3428600.8360290527 3115281.8018341064 14362669.328824997 11315715.519293785
leaf_count=993 5123 631 1176 3227 129912 1474 25008 1490 14763 19553 1919 2697 10702 11136
internal_value=0.000108848 0.00590445 -0.000269904 0.0233927 5.86475e-05 0.000403698 -0.00209887 0.000597026 0.00108908 0.000778673 0.00454131 -0.00045795 -0.000154909 0.001214
internal_weight=2.5338e+08 2.17587e+06 1.60811e+06 567756 2.51204e+08 1.03038e+08 7.38906e+06 9.5649e+07 6.52267e+07 5.98457e+07 5.38097e+06 3.04224e+07 2.87937e+07 1.4431e+07
internal_count=229804 6027 2169 3858 223777 93865 30131 63734 37709 34316 3393 26025 24535 13833
cat_boundaries=0 1 2 3
cat_threshold=156 24 23
is_linear=0
shrinkage=0.03


Tree=356
num_leaves=15
num_cat=3
split_feature=13 12 11 0 4 1 2 16 14 0 13 12 0 16
split_gain=85078.4 189325 72073.5 23147.9 23081.6 164652 146072 63868.6 62095.7 38357.9 31763.8 86084.4 48156.1 24930.9
threshold=0.33722492917240238 0.99077193618339965 0.92833667948537613 0 1.0000000180025095e-35 13.500000000000002 4.5000000000000009 0.069297429202284114 1.4894901571766581 1 1.289670603337201 1.0253180588473227 2 0.056231783736978881
decision_type=2 2 2 1 2 2 2 2 2 1 2 2 1 2
left_child=1 3 -3 -1 10 8 7 -7 -6 -10 -2 12 -12 -13
right_child=4 2 -4 -5 5 6 -8 -9 9 -11 11 13 -14 -15
leaf_value=0.0020572506738653733 5.1295368740596238e-06 0.00033780489653488407 0.011534601154105871 -0.00038334689348054087 -0.0021921126557719658 0.001134357267861214 0.0018252418957664716 -0.0014367627130532836 0.0010964609782465448 -0.0025073998518977225 0.021481407556998643 0.00051058953639987969 0.00098864814916727094 -0.00046593255257862165
leaf_weight=782366.17660057545 242545123.11009169 186234.85051774979 393903.67244458199 866028.8136703968 1235524.7255704403 717538.13067913055 906422.26015758514 1147320.3832092285 456818.86778080463 471096.97100305557 324800.89177644253 807220.64952397346 1478602.2397227287 1145338.7363519669
leaf_count=1008 202651 139 3706 1191 1866 1497 1217 1119 1115 1069 914 4348 6964 1011
internal_value=0.000110256 0.0059461 0.0206855 0.000758681 5.849e-05 -0.001973 0.00286878 -0.00193304 -0.00817514 -0.00231036 9.91916e-05 0.00283692 0.00756275 -0.00152791
internal_weight=2.53464e+08 2.22853e+06 580139 1.64839e+06 2.51236e+08 4.93472e+06 2.77128e+06 1.86486e+06 2.16344e+06 927916 2.46301e+08 3.75596e+06 1.8034e+06 1.95256e+06
internal_count=229815 6044 3845 2199 223771 7883 3833 2616 4050 2184 215888 13237 7878 5359
cat_boundaries=0 1 2 3
cat_threshold=156 402 16
is_linear=0
shrinkage=0.03


Tree=357
num_leaves=15
num_cat=1
split_feature=13 12 11 0 1 16 9 9 10 10 12 12 16 16
split_gain=95507.3 244525 54644.3 20490.7 145613 100107 67756.2 66755 72583.8 95993.6 86407.9 76177.5 51563 47480.5
threshold=0.33722492917240238 0.99077193618339965 0.92833667948537613 0 7.5000000000000009 0.063220076633974567 71.500000000000014 72.500000000000014 1.0073430709674736 1.1942558122392908 1.0182782321369752 1.0486813190517508 0.097814422449162955 0.081896605697631311
decision_type=2 2 2 1 2 2 2 2 2 2 2 2 2 2
left_child=1 -1 -3 4 6 -6 -2 -7 10 12 -9 -11 -10 -13
right_child=3 2 -4 -5 5 7 -8 8 9 11 -12 13 -14 -15
leaf_value=-0.00026764225519285265 -0.0017722682872324872 0.00045343573705688224 0.011181993863578486 -1.1449956531512278e-05 0.00039390222889592658 -0.00042788502454758594 -0.0004837225493487726 7.1642716183720296e-05 0.00018826200957263296 -0.00076909920165327327 -0.00069661911489967072 -0.00036581234051120395 0.00086649943599337222 0.00059058922002463543
leaf_weight=1612932.3853368759 314615.59776210785 203585.28653931618 430085.8027586937 193268545.62046301 22552755.990770817 2167773.9065246582 4530798.9841399193 4094544.801361084 12865720.313262939 2174176.7710266113 3613068.0451660156 2119975.7647094727 1958490.3721313477 1829658.3758239746
leaf_count=2159 984 153 3754 150223 33812 1670 14982 3130 10620 1376 2635 1678 1626 1202
internal_value=8.44865e-05 0.00624256 0.0220331 2.94754e-05 0.000522851 0.000974885 -0.00445668 -0.000136435 0.000247559 0.00116341 -0.00224157 -0.00199629 0.00246867 0.000486231
internal_weight=2.53737e+08 2.2466e+06 633671 2.5149e+08 5.82216e+07 5.33762e+07 4.84541e+06 3.08234e+07 2.86556e+07 2.0948e+07 7.70761e+06 6.12381e+06 1.48242e+07 3.94963e+06
internal_count=230004 6066 3907 223938 73715 57749 15966 23937 22267 16502 5765 4256 12246 2880
cat_boundaries=0 1
cat_threshold=98
is_linear=0
shrinkage=0.03


Tree=358
num_leaves=15
num_cat=5
split_feature=2 5 0 11 0 11 11 14 0 9 2 0 9 0
split_gain=25879.6 103470 84476.1 72644.3 71810.1 119677 101020 68682.7 77262.6 68329.7 140247 105707 75763 329424
threshold=2.5000000000000004 1.0000000180025095e-35 0 1.073069580398949 1 0.9333166076352869 0.9333166076352869 0.77327115767909194 2 74.500000000000014 4.5000000000000009 3 80.500000000000014 4
decision_type=2 2 1 2 1 2 2 2 1 2 2 1 2 1
left_child=1 4 -2 9 6 -6 -1 8 -7 10 -4 -12 13 -11
right_child=2 -3 3 -5 5 7 -8 -9 -10 12 11 -13 -14 -15
leaf_value=-0.00029718746132949183 -0.00015543455231377829 -0.0009065987331381305 0.00011176649721997725 -5.9647994199110997e-05 0.00026376642201393326 -0.00089563434663417543 0.00015185152880092221 -5.6482005170171426e-05 -0.0002659173722683668 0.0012949407038178539 4.3985067648982946e-05 -0.0011143240690167028 0.00015806340058254601 -0.00047077739598725028
leaf_weight=5416259.7081314325 21829280.432038665 2124171.8714330196 5388957.1784849167 26283983.910596609 6557419.7253021002 825059.52428352833 44242793.675695419 67092584.400786757 1634636.5866825581 1580841.2244743109 895138.58199191093 1376317.2801308632 66983122.527149796 1514173.7615414858
leaf_count=4739 28315 1512 3752 31062 4541 560 39714 46300 2607 1143 1505 1179 61818 1316
internal_value=0.000213297 -8.72468e-05 0.000518715 0.000874768 2.36489e-05 -0.000555389 0.000911108 -0.000920662 -0.00584429 0.00133575 -0.00135438 -0.00760671 0.00162982 0.00621873
internal_weight=2.53745e+08 1.27893e+08 1.25852e+08 1.04023e+08 1.25769e+08 7.61097e+07 4.96591e+07 6.95523e+07 2.4597e+06 7.77386e+07 7.66041e+06 2.27146e+06 7.00781e+07 3.09501e+06
internal_count=230063 99973 130090 101775 98461 54008 44453 49467 3167 70713 6436 2684 64277 2459
cat_boundaries=0 1 2 3 4 5
cat_threshold=257 323 8 202 146
is_linear=0
shrinkage=0.03


Tree=359
num_leaves=15
num_cat=3
split_feature=13 12 9 11 10 9 2 16 16 9 0 9 0 0
split_gain=76420.8 211181 24005.1 21672.6 29426.2 18251.8 176044 112738 88515.9 134458 148972 115345 104745 98624.8
threshold=0.33722492917240238 1.015774644378785 62.500000000000007 0.92167517421559297 1.0274783606039628 79.500000000000014 5.5000000000000009 0.041552130173696904 0.058123115379318434 68.500000000000014 0 67.500000000000014 1 2
decision_type=2 2 2 2 2 2 2 2 2 2 1 2 1 1
left_child=1 3 -2 -1 -5 6 7 -4 11 10 -10 -9 -11 -13
right_child=2 -3 5 4 -6 -7 -8 8 9 12 -12 13 -14 -15
leaf_value=0.00039640947025517331 -0.00032616681213071681 0.0092210161558142212 -0.00050526391595408801 0.0067704083340706352 -0.0046161681310595264 -2.1243085007480381e-06 -0.00088736161083264339 0.0012886378479625288 -0.00072574235224739708 0.00039719333945451328 5.7792673083622663e-05 0.00049593259291452199 3.3810935145916442e-05 -0.00021685170206372603
leaf_weight=965311.89895009995 1697143.0880233049 434892.02132713795 2532536.9155446291 344731.47089278698 390251.74061572552 222852415.9768697 1689547.4333291054 1832677.0527648926 1877749.9969482422 4798484.4079589844 3540030.94643116 2055422.1403503418 6231355.2959823608 2380074.6490421295
leaf_count=1113 1338 2618 7223 1024 1194 199483 2432 1234 697 2501 2359 1543 3607 1596
internal_value=9.43176e-05 0.00574594 4.6334e-05 0.000974384 -0.0029072 7.04935e-05 0.000808081 0.00143544 0.0021048 0.00094872 -0.00292151 0.00513833 0.00284975 0.00252242
internal_weight=2.53623e+08 2.13519e+06 2.51487e+08 1.7003e+06 734983 2.4979e+08 2.69379e+07 2.52483e+07 2.27158e+07 1.64476e+07 5.41778e+06 6.26817e+06 1.10298e+07 4.4355e+06
internal_count=229962 5949 224013 3331 2218 222675 23192 20760 13537 9164 3056 4373 6108 3139
cat_boundaries=0 1 2 3
cat_threshold=18 184 179
is_linear=0
shrinkage=0.03


Tree=360
num_leaves=15
num_cat=0
split_feature=13 12 13 11 16 2 12 14 12 16 1 1 16 1
split_gain=104558 189212 23661 47795 47550.2 77414.2 96191.4 77976.7 76070.8 64812.2 51909.1 84206.5 54180 53430.2
threshold=0.33722492917240238 1.015774644378785 0.98696205593185182 1.0256949624400986 0.055845160148253276 4.5000000000000009 1.0137968994692892 1.0929637701834825 0.97665741464072364 0.080091835026706623 7.5000000000000009 10.500000000000002 0.085623344857939668 16.500000000000004
decision_type=2 2 2 2 2 2 2 2 2 2 2 2 2 2
left_child=1 -1 3 -2 8 6 10 9 -4 -7 -6 12 -12 -13
right_child=2 -3 4 -5 5 7 -8 -9 -10 -11 11 13 -14 -15
leaf_value=0.00029388551159605699 8.7655133446083177e-05 -0.085332623069012542 0.00066706853465128152 -2.8139853606547591e-05 -0.00039480182189238766 0.00024985106943432742 -3.7209588620357682e-06 0.0016840453960515059 3.0216945937034526e-05 -0.00026954429914870861 0.00025099947265274329 -0.0004603745304330685 -0.00016730071976723776 -0.00012480589154523748
leaf_weight=1713683.7555465698 62850845.918034792 468774.43592059612 3225509.2884792089 57295854.147232294 3087055.5285644531 9434986.342505455 40892955.688568115 1330262.7672481537 36073792.647125721 5620871.3294353485 4970277.6381378174 10895282.944702148 4089323.2891845703 11206610.501037598
leaf_count=3310 52390 2654 5426 53929 1397 8415 23357 1645 57820 4146 2625 6376 1360 4888
internal_value=9.8315e-05 0.00663634 4.14605e-05 0.000345421 -0.000237685 -0.000612456 -0.00101989 0.00125589 0.00063515 0.000640739 -0.00219276 -0.00182516 0.000610665 -0.0028236
internal_weight=2.53156e+08 2.18246e+06 2.50974e+08 1.20147e+08 1.30827e+08 9.15276e+07 7.51415e+07 1.63861e+07 3.92993e+07 1.50559e+07 3.42485e+07 3.11615e+07 9.0596e+06 2.21019e+07
internal_count=229738 5964 223774 106319 117455 54209 40003 14206 63246 12561 16646 15249 3985 11264
is_linear=0
shrinkage=0.03


Tree=361
num_leaves=15
num_cat=3
split_feature=13 12 10 0 16 16 1 0 0 16 1 16 9 9
split_gain=110608 274902 25965.8 22032.8 19445.3 113213 77716.9 117539 74678.8 62616.9 61043.2 57256.5 53831.2 141277
threshold=0.33722492917240238 0.99077193618339965 0.88656517134269841 0 0.076603777319970187 0.081083792322249923 10.500000000000002 1 2 0.097814422449162955 16.500000000000004 0.10107186579718457 87.500000000000014 77.500000000000014
decision_type=2 2 2 1 2 2 2 1 1 2 2 2 2 2
left_child=1 3 -3 -1 -2 8 7 11 10 -9 -6 -7 13 -8
right_child=4 2 -4 -5 5 6 12 9 -10 -11 -12 -13 -14 -15
leaf_value=0.0012190137145711578 -1.7217738942977287e-05 0.011199510750768102 0.00077792294044872357 -0.00046503957764562864 9.39581574294232e-05 0.00086393360224094678 -0.0001705573755121263 4.272827120495996e-05 0.00012831655174781349 -0.00028498638299455592 0.00063349036234286048 0.00020319731114073464 -0.00013900350368943609 0.00081855337952262944
leaf_weight=759518.04659438133 176458636.78112042 445163.61063718796 164902.41398870945 832593.29155778885 1994054.031036377 2776176.9321517944 3238281.0569827557 10837667.800292969 9673981.2295322418 3037338.8400268555 3461494.7724609375 3163869.2829890251 34689348.153195381 2133826.9522535801
leaf_count=983 184586 407 3452 1157 1274 1425 1807 3037 6821 1950 1711 1300 19005 1162
internal_value=6.85164e-05 0.00676265 0.0238857 0.000201405 9.89316e-06 0.000414528 -0.000171349 0.00136545 0.00273319 -0.000146349 0.00553985 0.00489676 -0.000931474 0.001863
internal_weight=2.53667e+08 2.20218e+06 610066 1.59211e+06 2.51465e+08 7.5006e+07 5.98765e+07 1.98151e+07 1.51295e+07 1.3875e+07 5.45555e+06 5.94005e+06 4.00615e+07 5.37211e+06
internal_count=230077 5999 3859 2140 224078 39492 29686 7712 9806 4987 2985 2725 21974 2969
cat_boundaries=0 1 2 3
cat_threshold=156 321 49
is_linear=0
shrinkage=0.03


Tree=362
num_leaves=15
num_cat=5
split_feature=13 12 0 9 2 16 12 0 0 16 0 0 16 9
split_gain=87072 264927 38678.7 22673.5 176559 126513 83711.1 115329 99512.8 165963 83601.8 47283.2 45119.8 80197.4
threshold=0.33722492917240238 1.015774644378785 0 79.500000000000014 5.5000000000000009 0.041552130173696904 1.0147104157921063 1 2 0.062318469711816718 3 4 0.052364209944619891 82.500000000000014
decision_type=2 2 1 2 2 2 2 1 1 2 1 1 2 2
left_child=1 2 -1 4 5 11 8 -8 -7 -10 -6 -2 13 -5
right_child=3 -3 -4 12 10 6 7 -9 9 -11 -12 -13 -14 -15
leaf_value=0.0012039419629737572 0.0011665135244557894 0.0089914916560302413 -0.00048696619992111761 -0.0013098827524021573 -0.00016209006893327487 0.00034864490092381407 0.00053321498292401568 6.3662755945248742e-05 0.00038418960215835519 -0.00030687775542856665 -0.0022378967123268508 -0.00058988526530603632 -2.309543962682047e-05 0.0001571667273091471
leaf_weight=800604.65623307228 351277.49587762356 453740.72874748707 926101.80634117126 703664.13921451569 887028.80490088463 5428062.0442886353 6061644.6303291321 5223247.3125915527 2740489.1367492676 4657988.3032226562 780332.28215813637 2307025.2645585537 183072740.84730148 39198745.35945642
leaf_count=1399 1583 2675 1986 1784 883 3198 3561 4254 1391 1859 1531 6052 109630 87906
internal_value=0.000115342 0.00608449 0.00072398 6.35731e-05 0.000861334 0.00145129 0.00213608 0.00402063 0.000478036 -0.00178534 -0.00861044 -0.00475993 -3.81692e-05 0.000875921
internal_weight=2.53593e+08 2.18045e+06 1.72671e+06 2.51412e+08 2.84371e+07 2.67697e+07 2.41114e+07 1.12849e+07 1.28265e+07 7.39848e+06 1.66736e+06 2.6583e+06 2.22975e+08 3.99024e+07
internal_count=229692 6060 3385 223632 24312 21898 14263 7815 6448 3250 2414 7635 199320 89690
cat_boundaries=0 1 2 3 4 5
cat_threshold=28 410 396 152 288
is_linear=0
shrinkage=0.03


Tree=363
num_leaves=15
num_cat=3
split_feature=11 11 0 1 16 16 1 14 9 11 0 1 16 0
split_gain=23342.7 98953.3 84610.7 94771.6 94102.9 92355.2 67193.3 175287 118167 79936 93853.6 67074.9 63585.6 61883.4
threshold=1.0256949624400986 1.0273366141169642 0 8.5000000000000018 0.089245365304897725 0.089245365304897725 7.5000000000000009 0.85973408525515194 71.500000000000014 1.0125103192591238 1 17.500000000000004 0.039570333660781935 2
decision_type=2 2 1 2 2 2 2 2 2 2 1 2 2 1
left_child=2 -2 3 4 -1 11 7 -4 -9 10 12 -5 -10 -13
right_child=1 -3 6 5 -6 -7 -8 8 9 -11 -12 13 -14 -15
leaf_value=-9.4764928067648599e-06 -0.00063131042004032582 3.9457754354807194e-07 0.0011853407360040492 -0.00022925164228530904 0.00065797788222117818 -0.00094108582200626517 0.00011562716375209714 -0.0010387420003320246 0.0012317520227704169 0.00036549771251996198 -0.00044343770125735869 0.00045060011747120854 -0.00037063857523689318 -0.00031449963956668849
leaf_weight=4196328.320930481 2935196.6764310598 126372544.86787128 920841.23045170307 20069657.445244074 2265255.3610839844 2702124.7774395943 79736620.019619942 858603.33520925045 773485.40385484695 1531794.0418541431 3414478.1690407991 4468386.4375529289 1046097.7301635742 2225713.1451728344
leaf_count=9113 2088 121667 2605 13868 953 1635 53682 1257 3520 3040 6507 5436 683 3633
internal_value=0.00017221 -0.000109926 0.000465926 -0.000761454 0.00252886 -0.00148299 0.000965425 -0.00156279 -0.003056 -0.00172554 -0.0034896 -0.00094932 0.00201346 0.00165115
internal_weight=2.53517e+08 1.29308e+08 1.24209e+08 3.59275e+07 6.46158e+06 2.94659e+07 8.82819e+07 8.5453e+06 7.62446e+06 6.76586e+06 5.23406e+06 2.67638e+07 1.81958e+06 6.6941e+06
internal_count=229687 123755 105932 34638 10066 24572 71294 17612 15007 13750 10710 22937 4203 9069
cat_boundaries=0 1 2 3
cat_threshold=292 136 36
is_linear=0
shrinkage=0.03


Tree=364
num_leaves=15
num_cat=2
split_feature=13 12 0 14 12 11 0 2 10 3 12 13 12 12
split_gain=108559 263008 28235 19485.2 37818.7 79120.4 43520.6 41906 80841.9 35727.3 36264.9 37147.1 31894 38952.6
threshold=0.33722492917240238 1.015774644378785 0 1.0320974020590354 1.0659909429752294 1.0982257806560121 1 3.5000000000000004 1.042224977287155 1.5000000000000002 1.0182782321369752 1.0634641315903186 1.0468485921243087 0.99712577792716017
decision_type=2 2 1 2 2 2 1 2 2 2 2 2 2 2
left_child=1 2 -1 -2 5 6 7 -5 9 -9 11 -11 13 -8
right_child=3 -3 -4 4 -6 -7 12 8 -10 10 -12 -13 -14 -15
leaf_value=-0.0096386827535336374 -1.1902344829065284e-05 0.01152576181171254 -0.00078662418936123934 -2.5328344483540945e-05 0.00032918629501587368 -0.00051598112953762552 -0.00025177504628236757 0.00048558742932258144 0.0016478671202657831 -0.0004458373994709564 -0.0011744264014456516 0.0010295726692956578 -0.00057508057428447355 0.00012050191017374784
leaf_weight=818274.48471915722 206086759.38639009 456858.67118811607 899060.03454053402 8775617.875860095 5386879.1686887741 3413521.4708718061 6634744.3571646214 1791546.6911734343 1761024.1559876204 774135.97917699814 975121.75564098358 790457.35920512676 1223185.9810892344 13996890.904650331
leaf_count=1404 162467 2656 1972 11160 9018 4624 9336 1768 3140 1257 1722 1541 1275 16636
internal_value=6.70146e-05 0.0067418 0.00136009 9.33691e-06 0.000571055 0.000254274 0.000660373 0.0019125 0.00382404 0.00162048 -0.000667936 0.00216216 -0.000191457 8.75932e-05
internal_weight=2.53784e+08 2.17419e+06 1.71733e+06 2.5161e+08 4.55231e+07 4.01362e+07 3.67227e+07 1.48679e+07 6.09229e+06 4.33126e+06 2.53972e+06 1.56459e+06 2.18548e+07 2.06316e+07
internal_count=229976 6032 3376 223944 61477 52459 47835 20588 9428 6288 4520 2798 27247 25972
cat_boundaries=0 1 2
cat_threshold=28 178
is_linear=0
shrinkage=0.03


Tree=365
num_leaves=15
num_cat=2
split_feature=13 12 11 10 12 12 12 0 4 13 13 13 0 10
split_gain=126681 245872 24550.5 20680.5 20014.4 89509 71720.5 52916.8 45047.6 93879.5 60990.6 68688.2 48547.5 45046.8
threshold=0.33722492917240238 0.99077193618339965 0.92833667948537613 0.68171730937635744 1.0017672621402147 1.0002001870955406 1.0022632125571322 0 1.0000000180025095e-35 1.460586317597184 1.16554504061617 1.0363483127281377 1 1.012904860052575
decision_type=2 2 2 2 2 2 2 1 2 2 2 2 1 2
left_child=1 -1 -3 -2 5 8 7 -6 10 -10 11 -5 -12 -8
right_child=3 2 -4 4 6 -7 13 -9 9 -11 12 -13 -14 -15
leaf_value=0.00018090823785404725 -0.00041867067420375012 0.00088986414112716353 0.013125157368506444 5.062940326810634e-05 6.8379656133471676e-06 0.00033970637021506759 -0.00011470996048891996 -0.00060004599080674189 -0.0023513177329225047 0.00049668156110740231 0.001996137903628372 -0.00023532877631970804 0.00027938257736418164 1.3816380410240407e-05
leaf_weight=1589968.9267741442 1177112.9870610237 191939.53813445568 400341.998919487 45125186.535632014 1756332.1175729036 7144645.6281083822 36883901.680896163 2779615.347209096 960038.95127534866 1166311.6372309923 778382.71126139164 12213301.189673543 1784120.5148768425 139579030.99434066
leaf_count=2152 904 145 3735 35472 2274 5186 32774 1469 1175 1927 1528 9925 4424 126922
internal_value=1.22005e-05 0.00720912 0.0237079 -5.02845e-05 -3.16183e-05 0.000402438 -0.000197501 -0.00392225 3.61794e-05 -0.00425489 0.000188503 -1.38669e-05 0.00471671 -0.000101757
internal_weight=2.5353e+08 2.18225e+06 592282 2.51348e+08 2.50171e+08 6.9172e+07 1.80999e+08 4.53595e+06 6.20273e+07 2.12635e+06 5.9901e+07 5.73385e+07 2.5625e+06 1.76463e+08
internal_count=230012 6032 3880 223980 223076 59637 163439 3743 54451 3102 51349 45397 5952 159696
cat_boundaries=0 1 2
cat_threshold=133 24
is_linear=0
shrinkage=0.03


Tree=366
num_leaves=15
num_cat=4
split_feature=13 12 2 0 9 1 1 0 12 0 12 11 11 0
split_gain=103694 288135 19718.5 47546.1 67771.1 84639.9 180140 60474.1 80484.2 58017.6 57714.9 50021.8 41997.4 40879.8
threshold=0.33722492917240238 0.99077193618339965 1.0000000180025095e-35 0 72.500000000000014 15.500000000000002 10.500000000000002 1 1.0033879215670958 2 1.0413889212874852 1.0113103415893632 0.96754564929085751 3
decision_type=2 2 2 1 2 2 2 1 2 1 2 2 2 1
left_child=1 -1 3 12 -5 6 9 -7 -9 11 -10 -6 -2 -8
right_child=2 -3 -4 4 5 7 13 8 10 -11 -12 -13 -14 -15
leaf_value=-1.7645117096422996e-05 -0.0011049556474957956 0.010310280364077679 1.0871670634699964e-05 0.00057752378911950979 -2.6409986765037517e-05 0.00042502635129610408 -0.00016661221122145969 0.00032609994215706091 -0.00039063674530529597 -0.00011140402278058278 0.00016078958590260938 0.00038473801066788669 -0.00025115233890835812 -0.00065034461069497025
leaf_weight=1609143.9396858215 976664.75892841816 590226.49396038055 207770736.66777861 1629704.4536385536 2216342.1352478266 3758373.7904968262 5107336.6611328125 3686556.1725683212 4253627.7414622307 5739050.4059660435 1825349.6578164101 3295937.16132617 6099511.250087738 4680624.3642578125
leaf_count=2172 1114 3865 190451 1162 1630 2727 3367 2244 2842 5095 1636 2643 6185 2558
internal_value=3.56274e-05 0.0065213 -2.11938e-05 -0.00060382 -0.000164098 -0.000445988 -0.00163624 0.00140569 0.000161155 0.000952903 -0.00195976 0.00315103 -0.00285288 -0.00461247
internal_weight=2.53239e+08 2.19937e+06 2.5104e+08 4.32691e+07 3.61929e+07 3.45632e+07 2.10393e+07 1.35239e+07 9.76553e+06 1.12513e+07 6.07898e+06 5.51228e+06 7.07618e+06 9.78796e+06
internal_count=229691 6037 223654 33203 25904 24742 15293 9449 6722 9368 4478 4273 7299 5925
cat_boundaries=0 1 2 3 4
cat_threshold=130 5 336 368
is_linear=0
shrinkage=0.03


Tree=367
num_leaves=15
num_cat=0
split_feature=13 12 11 11 13 14 1 14 16 16 1 14 16 1
split_gain=104998 227136 37455.4 25782 22121.2 41088.5 113569 154194 160969 134467 95556.9 124535 60587.2 56668.9
threshold=0.33722492917240238 0.99984781307094417 0.92833667948537613 0.91700597683295093 0.98696205593185182 0.96185063048532482 8.5000000000000018 0.88354585953519404 0.02923902979503375 0.090659472269326052 11.500000000000002 0.81478135714231403 0.084106029726928572 7.5000000000000009
decision_type=2 2 2 2 2 2 2 2 2 2 2 2 2 2
left_child=1 3 -3 -1 5 6 7 8 -2 -10 11 -8 -12 -7
right_child=4 2 -4 -5 -6 13 10 -9 9 -11 12 -13 -14 -15
leaf_value=-0.00065275616667340511 -0.0010121613793335549 0.0013110293039279165 0.011688535758928382 -0.0042268224545451661 -2.7866871517199114e-05 -0.00017826724644949774 -0.00071060231264767507 -0.00010068870544884982 0.0012212712028096891 4.8718520191374673e-05 4.7734100492133726e-05 -8.6326204536691512e-05 -0.00022625025804830489 0.00012767776401314228
leaf_weight=922544.456579566 745541.04584884644 156457.02226614952 400578.38486647606 767258.74033391476 130763050.19765079 4879602.2923971415 3591777.1028270721 5302209.6301345825 2792314.3213553429 2036451.637512207 36931449.072793722 10028438.60515213 7098459.8123474121 46573268.372354746
leaf_count=1111 5196 116 3419 1322 117436 10978 3000 7057 1642 864 30148 6985 4235 35885
internal_value=6.25666e-05 0.00651894 0.0231322 0.00104246 4.71266e-06 0.000298884 -0.00018218 0.00262957 0.00611329 0.00811644 -0.000712656 -0.00290866 -3.33425e-05 0.000939582
internal_weight=2.52989e+08 2.24684e+06 557035 1.6898e+06 2.50743e+08 1.1998e+08 6.85266e+07 1.08765e+07 5.57431e+06 4.82877e+06 5.76501e+07 1.36202e+07 4.40299e+07 5.14529e+07
internal_count=229394 5968 3535 2433 223426 105990 59127 14759 7702 2506 44368 9985 34383 46863
is_linear=0
shrinkage=0.03


Tree=368
num_leaves=15
num_cat=0
split_feature=13 12 12 1 9 11 11 16 9 16 3 10 12 16
split_gain=79104.8 237973 26149.4 100497 135794 155598 117906 86835.6 107567 83591.1 82500.5 73408 75280.9 71415.1
threshold=0.33722492917240238 1.015250755764568 1.019141366626745 18.500000000000004 82.500000000000014 1.0308370703839311 1.0256949624400986 0.059906100491050239 78.500000000000014 0.06816616070551193 1.5000000000000002 0.93078066328201858 1.0853076765851486 0.05215966109183421
decision_type=2 2 2 2 2 2 2 2 2 2 2 2 2 2
left_child=1 -1 -2 4 7 6 10 -4 -9 11 -6 -5 -13 -7
right_child=2 -3 3 9 5 13 -8 8 -10 -11 -12 12 -14 -15
leaf_value=0.00013317172802851406 2.764918344456657e-05 0.010673278937174216 -8.1585788119847919e-05 0.00091209075094223478 -4.2107466028473985e-06 0.00040259420669726856 -0.00095748434826292423 0.00022977432400470103 0.00084910937847633569 -0.0014763019878500463 -0.0011946893717678323 -0.0004914978479663558 0.00014129534348006849 -8.1194693920194596e-06
leaf_weight=1731982.9927797318 143071265.31875145 450821.07728302479 3707428.5190477371 710525.72493553162 7991507.2198185921 6647919.7563260794 3549286.1031428576 5911300.4100019932 2135699.8690607548 754503.71095275879 2760881.3510056734 11149604.801491737 3739051.0594341755 58970074.88676548
leaf_count=3345 120263 2699 5298 1105 6162 18166 2384 4078 1553 368 3931 17590 5711 36981
internal_value=7.65937e-05 0.00576297 2.7162e-05 -0.000325158 6.13113e-05 -0.000381494 -0.00321689 0.00307199 0.0048222 -0.0024916 -0.00165189 -0.00201989 -0.00246947 0.000236491
internal_weight=2.53282e+08 2.1828e+06 2.51099e+08 1.08028e+08 9.16741e+07 7.99197e+07 1.43017e+07 1.17544e+07 8.047e+06 1.63537e+07 1.07524e+07 1.55992e+07 1.48887e+07 6.5618e+07
internal_count=229634 6044 223590 103327 78553 67624 12477 10929 5631 24774 10093 24406 23301 55147
is_linear=0
shrinkage=0.03


Tree=369
num_leaves=15
num_cat=2
split_feature=13 12 10 14 14 0 12 3 16 13 0 12 9 16
split_gain=113368 210120 35847.6 61267.4 19287.2 57995.4 55876.4 68722.8 39320 37149.2 38710.9 33230.5 32433.6 32401.4
threshold=0.33722492917240238 1.015774644378785 0.90135704482050072 0.79942586552422157 1.0577981349574546 0 1.0182782321369752 1.0000000180025095e-35 0.070782843089919098 1.275313048505496 1 1.0781710215531561 84.500000000000014 0.03553230016294702
decision_type=2 2 2 2 2 1 2 2 2 2 1 2 2 2
left_child=1 2 -1 -4 9 6 7 -6 -9 -2 -11 12 -8 -7
right_child=4 -3 3 -5 5 13 11 8 -10 10 -12 -13 -14 -15
leaf_value=0.00070178435598464899 -1.8075123234785721e-05 0.0092503735940331362 -0.0036022844952113627 -0.028213298107776303 0.00018396213607155428 0.000516920479242804 0.0010181514931282111 0.0010734980316839981 0.0027350183485061416 0.0018993654269125249 -7.9828902518972231e-05 0.0011223336594685491 -0.00013936732144703047 -0.00015826659021579397
leaf_weight=1198268.1157977581 223842282.18617165 471525.58427679539 284624.56001913548 249192.60680770874 2187973.9704866409 2761713.1421691179 712660.64375519753 1458538.9102414846 799025.17266845703 663005.72557175159 637542.21036827564 705369.0935407877 4907359.1773232222 12715095.925665855
leaf_count=1140 175520 2673 1300 887 3858 14802 1434 3601 877 1676 2021 1891 7965 10163
internal_value=-5.16588e-06 0.00676976 0.00193632 -0.00452984 -6.45527e-05 0.000705047 0.00239543 0.00497289 0.00864495 -0.000154275 0.00490135 0.000583981 -0.000186364 -0.000471362
internal_weight=2.53594e+08 2.20361e+06 1.73209e+06 533817 2.51391e+08 2.62477e+07 1.07709e+07 4.44554e+06 2.25756e+06 2.25143e+08 1.30055e+06 6.32539e+06 5.62002e+06 1.54768e+07
internal_count=229808 6000 3327 2187 223808 44591 19626 8336 4478 179217 3697 11290 9399 24965
cat_boundaries=0 1 2
cat_threshold=178 286
is_linear=0
shrinkage=0.03


Tree=370
num_leaves=15
num_cat=3
split_feature=13 12 0 2 9 0 0 14 12 12 11 12 11 11
split_gain=86147 214204 38909.1 23792.2 140237 162801 136688 109033 114022 131910 120074 124817 111795 106788
threshold=0.33722492917240238 1.015774644378785 0 4.5000000000000009 74.500000000000014 1 2 1.1312247926346461 0.99493778713559811 1.019141366626745 1.022573638648314 1.0017672621402147 1.0011991564699063 1.0209261560550928
decision_type=2 2 1 2 2 1 1 2 2 2 2 2 2 2
left_child=1 2 -1 -2 5 -5 7 8 13 10 11 -10 -13 -6
right_child=3 -3 -4 4 6 -7 -8 -9 9 -11 -12 12 -14 -15
leaf_value=-0.0049645468341906708 -1.1677900596217522e-05 0.0057887533791144792 -0.00045662205180233072 0.00073458860280135559 7.9818882830193607e-05 -0.0010799706066663508 -0.00020509824431589647 0.0027565470622035191 0.0010360446047672442 6.9133109940776809e-05 0.0013170380946408774 -0.0016384622296247676 0.00044259669379938574 -0.0017560701815019855
leaf_weight=855752.68002092838 207766581.12810278 466184.30348205566 900963.22307991982 941207.52723455429 3206758.7569078207 1680428.8460849524 16325788.431756735 1196160.3246685266 1892392.4986763 10086593.733721852 2411576.7972055674 1664885.8416700363 3337189.8428864479 1243475.9714816809
leaf_count=1430 162549 2655 1975 1716 3188 1975 31530 2754 1505 10609 2779 1363 2675 1169
internal_value=4.87385e-05 0.00592867 0.0011313 -3.17943e-06 0.00063066 -0.00609791 0.00105711 0.00244962 0.00200621 0.00300003 0.00557595 0.00356054 0.00107775 -0.00232454
internal_weight=2.53976e+08 2.2229e+06 1.75672e+06 2.51753e+08 4.39865e+07 2.62164e+06 4.13648e+07 2.5039e+07 2.38429e+07 1.93926e+07 9.30604e+06 6.89447e+06 5.00208e+06 4.45023e+06
internal_count=229872 6060 3405 223812 61263 3691 57572 26042 23288 18931 8322 5543 4038 4357
cat_boundaries=0 1 2 3
cat_threshold=28 139 60
is_linear=0
shrinkage=0.03


Tree=371
num_leaves=15
num_cat=2
split_feature=11 0 11 11 14 0 1 1 1 10 10 11 10 11
split_gain=26290.8 71282.1 68034 57024.1 59146.8 53292.5 73011 98830.4 62028 71357.6 69013.2 87771.8 71402.1 75042.5
threshold=1.0256949624400986 0 1.0273366141169642 0.97755348269850095 0.80921779155480411 1 9.5000000000000018 16.500000000000004 19.500000000000004 1.0311113330063433 1.0263327617117912 1.0301164719085267 1.048252232555178 1.0559171684260189
decision_type=2 1 2 2 2 1 2 2 2 2 2 2 2 2
left_child=1 3 -2 -1 -5 6 -4 -8 10 -10 11 -7 -12 -14
right_child=2 -3 5 4 -6 8 7 -9 9 -11 12 -13 13 -15
leaf_value=1.414757015469866e-05 -0.0005126001761240988 2.8969763596486577e-06 0.00015978366628192122 -0.00042342815840403636 0.0003749504252231311 0.00068017928995341734 -0.00050289302064601899 4.4721815301117174e-05 0.00078559150776101128 -0.0004377809291798216 0.00022270669383347175 -0.00024262938605241487 -0.00017605364351110426 8.1841612363631866e-05
leaf_weight=15060086.010455608 2971806.2779949903 87266251.637654901 6424654.2543792725 1672385.7779289484 20332318.732097268 1393531.3825112581 10731840.157409668 7612240.6636180878 1322344.3565618992 7723668.7982029915 13731261.538173556 10812694.771269321 10326948.997594118 55929635.547897577
leaf_count=15390 2121 70083 7934 1724 18908 1165 7932 7899 2819 15879 10649 8817 7978 50603
internal_value=0.000191143 0.000502436 -0.000108927 0.00160465 0.00257812 -3.11602e-06 -0.00125044 -0.00221436 0.000302045 -0.00206857 0.000534649 -0.0015665 0.000855286 0.000447244
internal_weight=2.53312e+08 1.24331e+08 1.28981e+08 3.70648e+07 2.20047e+07 1.26009e+08 2.47687e+07 1.83441e+07 1.0124e+08 9.04601e+06 9.21941e+07 1.22062e+07 7.99878e+07 6.62566e+07
internal_count=229901 106105 123796 36022 20632 121675 23765 15831 97910 18698 79212 9982 69230 58581
cat_boundaries=0 1 2
cat_threshold=138 136
is_linear=0
shrinkage=0.03


Tree=372
num_leaves=15
num_cat=0
split_feature=13 12 11 11 12 12 2 2 13 3 10 14 12 2
split_gain=102201 227737 48165.3 22319.4 40391.6 45214.8 38582.3 64432.7 47877.7 35262.8 80080.6 53694.7 34176.7 31532.9
threshold=0.33722492917240238 0.99415645601000158 0.92833667948537613 1.1818563742125845 1.1215458779551306 1.1108806325759313 3.5000000000000004 2.5000000000000004 1.0280055165547377 1.5000000000000002 1.3953303454829544 0.72129665078146499 1.1052056455555423 4.5000000000000009
decision_type=2 2 2 2 2 2 2 2 2 2 2 2 2 2
left_child=1 -1 -3 4 5 13 7 8 -6 11 -11 -5 -13 -2
right_child=3 2 -4 9 6 -7 -8 -9 -10 10 -12 12 -14 -15
leaf_value=-0.00078264482819337324 -1.2267513498936234e-05 -0.0057865785021244866 0.010133608693208876 0.00046128260006690283 0.0005727588844136295 -0.00024861556404080136 -7.8077799758800788e-05 0.00099088209503254672 -0.0003424839480763823 -0.00010573269850146507 -0.0018817879450074844 4.1269989500674886e-05 -0.00039754499701661423 0.00011475735787418229
leaf_weight=1582041.0898132324 188884754.00402749 177044.04729235172 413208.23271214962 2092657.4748209715 2408878.7606676817 2743475.1134046316 2777147.2732329369 1343186.4737187624 1477318.8602794409 1385816.9451639652 668551.25653839111 3482085.4363442659 4230820.2368888855 40032134.698147178
leaf_count=2195 147141 118 3690 1502 1983 1488 3426 1132 1401 2548 858 3300 3882 55216
internal_value=5.24887e-05 0.00653171 0.0224343 -3.46871e-06 5.93961e-05 -1.30074e-05 0.00215431 0.00367195 0.00171421 -0.00127385 -0.00484769 -0.000525089 -0.00168144 3.28751e-05
internal_weight=2.53699e+08 2.17229e+06 590252 2.51527e+08 2.39667e+08 2.3166e+08 8.00653e+06 5.22938e+06 3.8862e+06 1.18599e+07 2.05437e+06 9.80556e+06 7.71291e+06 2.28917e+08
internal_count=229880 6003 3808 223877 211787 203845 7942 4516 3384 12090 3406 8684 7182 202357
is_linear=0
shrinkage=0.03


Tree=373
num_leaves=15
num_cat=4
split_feature=13 12 0 10 13 14 16 12 16 9 0 9 0 0
split_gain=106853 245162 24263.5 20559.9 20243.6 51550.5 45172.9 66319.2 62465.3 56984.9 55867.4 51792.3 76790.8 75816.4
threshold=0.33722492917240238 0.99415645601000158 0 0.88315745690132064 0.98077887089228521 0.93731744019469587 0.055845160148253276 0.96220403169546309 0.057031717998155339 64.500000000000014 1 84.500000000000014 2 3
decision_type=2 2 1 2 2 2 2 2 2 2 1 2 1 1
left_child=1 2 -1 -3 5 -2 7 10 -8 -9 -6 13 -13 -11
right_child=4 3 -4 -5 6 -7 8 9 -10 11 -12 12 -14 -15
leaf_value=0.0013296381652159912 -3.0238696701307744e-05 0.0095622642493117041 -0.00047701709119856009 0.0011725398268719457 0.0012059930153108551 9.4584762388540307e-05 -0.00049821769477034566 0.00084051928338615208 -3.6233849757674501e-05 -0.00073763572776477232 -7.3263260635953026e-05 0.00026761873546681246 -0.00011894169130390281 2.4487743428722149e-05
leaf_weight=726051.81004810333 52439375.398149252 410093.39968454838 830905.95088028908 201379.31001114845 1306542.7380324602 60090324.303333759 3488951.3217697144 1000996.0424666405 93426327.957310677 2149499.5602720976 797523.34858679771 18303879.224959373 14741628.980299234 2780915.7783447504
leaf_count=998 46117 374 1220 3371 1922 54834 2465 1267 54617 2660 1983 30398 22623 4506
internal_value=0.00012561 0.00675648 0.0004349 0.0228527 6.82163e-05 0.00036685 -0.000175306 0.000658379 -0.000528693 0.000378322 0.00584631 0.000192088 0.000620031 -0.00267614
internal_weight=2.52694e+08 2.16843e+06 1.55696e+06 611473 2.50526e+08 1.1253e+08 1.37996e+08 4.1081e+07 9.69153e+07 3.89769e+07 2.10407e+06 3.79759e+07 3.30455e+07 4.93042e+06
internal_count=229355 5963 2218 3745 223392 100951 122441 65359 57082 61454 3905 60187 53021 7166
cat_boundaries=0 1 2 3 4
cat_threshold=60 89 110 76
is_linear=0
shrinkage=0.03


Tree=374
num_leaves=15
num_cat=2
split_feature=13 12 11 16 16 16 0 11 14 3 16 16 0 5
split_gain=136954 200974 46700.6 31258 61989.4 26550 69528 51057 30829 22011.4 19448.9 86299 76311.4 57627.6
threshold=0.33722492917240238 0.99415645601000158 0.92833667948537613 0.10479512185759511 0.10297058263586813 0.093489802824248333 0 1.0497631304646522 0.9744458253047491 1.5000000000000002 0.076603777319970187 0.081083792322249923 1 1.0000000180025095e-35
decision_type=2 2 2 2 2 2 1 2 2 2 2 2 1 2
left_child=1 9 -3 4 5 10 -7 8 -8 -1 13 12 -12 -2
right_child=3 2 -4 -5 -6 6 7 -9 -10 -11 11 -13 -14 -15
leaf_value=0.00055397559707464771 -1.405384283780488e-05 -0.0018447591817850888 0.010232421195732663 -0.00033098016230076135 0.00065129204222557269 0.00022596946677715292 3.4939467814254754e-05 -0.00057392246562082362 -0.00027055915226915288 -0.0035876239210192473 0.00041709951332149386 -1.0672565757357225e-05 0.00010723626134773339 0.00038948864579017623
leaf_weight=876422.90492355824 173253433.81253004 199068.5857950449 408843.5434794426 2306228.6404521465 1473928.4437332153 3928299.1397094727 2867562.9759521484 2906315.0188426971 4399324.8983306885 747660.96677672863 5211196.5037841797 42049816.054109097 9855776.8845214844 2920104.1689014435
leaf_count=1270 181724 134 3703 1699 866 1834 1132 1678 1461 941 2412 21098 7394 2541
internal_value=8.19535e-05 0.00748041 0.0221943 1.62085e-05 4.84254e-05 1.18792e-05 -0.00125221 -0.00256121 -0.00121716 0.00197282 8.82883e-05 0.000569358 0.00251746 -6.76783e-05
internal_weight=2.53404e+08 2.232e+06 607912 2.51172e+08 2.48866e+08 2.47392e+08 1.41015e+07 1.01732e+07 7.26689e+06 1.62408e+06 2.3329e+08 5.71168e+07 1.5067e+07 1.76174e+08
internal_count=229887 6048 3837 223839 222140 221274 6105 4271 2593 2211 215169 30904 9806 184265
cat_boundaries=0 1 2
cat_threshold=194 17
is_linear=0
shrinkage=0.03


Tree=375
num_leaves=15
num_cat=2
split_feature=13 12 11 4 2 14 2 0 12 12 0 2 16 12
split_gain=99357.2 202743 51338.7 31128.6 100912 98964.1 77184.4 44864.8 27634.1 25218.4 75858.8 70204.5 54109.2 60311.2
threshold=0.33722492917240238 0.99077193618339965 0.92833667948537613 1.0000000180025095e-35 4.5000000000000009 1.310639838797375 5.5000000000000009 0 0.98344643590589009 0.98768638537180919 1 4.5000000000000009 0.054782007181655559 0.9353060627559534
decision_type=2 2 2 2 2 2 2 1 2 2 1 2 2 2
left_child=1 -1 -3 9 5 -5 -6 8 -7 10 11 -2 13 -12
right_child=3 2 -4 4 6 7 -8 -9 -10 -11 12 -13 -14 -15
leaf_value=-0.0037214287881473184 0.00015929179701647635 0.00069425134190332369 0.0096727065099216861 -0.0032283930644808907 0.002142990817993547 -0.0010275225926515766 -0.00038915189020441568 -0.0021684087367724119 0.0009120202257426566 -3.7578491747405094e-06 -0.0005287610020284527 0.001939189999658568 -8.9280193471478718e-05 0.00049823173345367466
leaf_weight=1572928.1148116589 8982753.6524934769 191855.2405192852 393465.6239130497 762621.85288703442 861778.8638831377 938897.39343619347 763040.50034236908 793580.03194403648 884022.36246180534 209718020.71439123 1091866.1852018833 1419128.3551747799 19257734.955780029 5812901.0085990429
leaf_count=2127 6286 143 3722 1069 1327 1111 1190 1864 1385 184794 2234 2453 10846 9228
internal_value=9.90408e-05 0.00650838 0.0215814 4.39923e-05 -0.00229849 -0.00525268 0.0038453 -0.00248094 0.000111027 9.15867e-05 0.000818616 0.00298571 -4.29956e-05 0.00223549
internal_weight=2.53445e+08 2.15825e+06 585321 2.51286e+08 5.00394e+06 3.37912e+06 1.62482e+06 2.6165e+06 1.82292e+06 2.46282e+08 3.65644e+07 1.04019e+07 2.61625e+07 6.90477e+06
internal_count=229779 5992 3865 223787 7946 5429 2517 4360 2496 215841 31047 8739 22308 11462
cat_boundaries=0 1 2
cat_threshold=286 208
is_linear=0
shrinkage=0.03


Tree=376
num_leaves=15
num_cat=1
split_feature=13 12 11 11 11 12 14 12 1 13 12 0 11 12
split_gain=116579 217117 62077.2 28977.9 19531.5 27072.6 69980 24926.7 89962.8 55876.3 52382.5 87599.9 53783.9 49900.1
threshold=0.33722492917240238 0.99077193618339965 0.92833667948537613 0.91700597683295093 0.78683299918466465 0.91874762502524698 0.81478135714231403 0.98697337007541763 18.500000000000004 1.0363483127281377 0.99712577792716017 0 0.95791355267053857 1.0017672621402147
decision_type=2 2 2 2 2 2 2 2 2 2 2 1 2 2
left_child=1 3 -3 -1 -2 6 -6 8 9 -7 11 -9 -13 -12
right_child=4 2 -4 -5 5 7 -8 10 -10 -11 13 12 -14 -15
leaf_value=0.00055610110416320414 0.00028646965929828022 0.00042257276876122684 0.0093840799657768335 -0.0037724341462033722 0.00011239285735116732 8.200368624131202e-05 -0.0010685635915109474 0.00086835918642962767 0.00054806236593146665 -0.00024118169604128362 0.00014524059695296312 -0.0012835547234871811 -0.00021368409006405854 -1.2231089308232064e-05
leaf_weight=805335.93798553944 2533448.7795921564 198860.56788563728 430721.19741296768 744411.15725457668 1504357.9771468639 19765452.59878397 1457713.119469285 1588817.6245653629 4961886.6331038475 7259197.1154192686 17652699.270463228 1402894.8635957241 12306968.419314623 180901321.85414064
leaf_count=1042 2864 145 3649 1100 1022 13176 1977 3155 6307 6790 13590 1215 10516 163435
internal_value=6.86874e-05 0.00697736 0.0218337 0.000942006 8.78209e-06 -1.79045e-05 -0.00286884 1.6446e-05 0.000797538 0.000115808 -0.000100384 -0.00179187 -0.00256467 2.9946e-05
internal_weight=2.53514e+08 2.17933e+06 629582 1.54975e+06 2.51335e+08 2.48801e+08 2.96207e+06 2.45839e+08 3.19865e+07 2.70246e+07 2.13853e+08 1.52987e+07 1.37099e+07 1.98554e+08
internal_count=229983 5936 3794 2142 224047 221183 2999 218184 26273 19966 191911 14886 11731 177025
cat_boundaries=0 1
cat_threshold=128
is_linear=0
shrinkage=0.03


Tree=377
num_leaves=15
num_cat=3
split_feature=13 12 11 11 9 2 1 1 0 9 0 16 0 1
split_gain=111278 202948 50310.8 32458.1 22681.9 183895 121640 167375 169918 135757 97689.1 83353 80942.4 60196.6
threshold=0.33722492917240238 0.99077193618339965 0.92833667948537613 0.92167517421559297 79.500000000000014 5.5000000000000009 7.5000000000000009 14.500000000000002 0 71.500000000000014 1 0.060856665697047466 2 18.500000000000004
decision_type=2 2 2 2 2 2 2 2 1 2 1 2 1 2
left_child=1 3 -3 -1 5 6 9 -8 13 10 -2 -11 -7 -9
right_child=4 2 -4 -5 -6 12 7 8 -10 11 -12 -13 -14 -15
leaf_value=0.00056284314318116716 -0.00017499222486138129 0.00057229840577954273 0.0083343461857060819 -0.0036067296637910654 -7.6307723432354226e-06 -0.00014753617004041733 0.00037222492609160102 0.00077295986180048713 -0.00024393954833570774 -0.0005382647224667044 -0.0011963186537152645 0.00069192476116399935 -0.0020945711556126265 -0.00013600891876331333
leaf_weight=878205.67287802696 737809.88514947891 181974.22400557995 398965.08572328091 742366.79716134071 222223921.97600949 864692.9057700634 12074812.668795109 2728474.1523036957 8223684.5391407013 560009.86753225327 870749.9151712656 631231.63766479492 775221.13844299316 1322106.4134378433
leaf_count=1071 1207 130 3683 1116 199161 888 7521 1904 5437 1811 1661 329 1528 2305
internal_value=9.21232e-05 0.00680747 0.0220207 0.00135386 3.3226e-05 0.00082554 0.00141483 0.00209577 -0.00037123 -0.00450707 -0.0101919 0.00316934 -0.00893019 0.00465818
internal_weight=2.53214e+08 2.20151e+06 580939 1.62057e+06 2.51013e+08 2.87888e+07 2.71489e+07 2.43491e+07 1.22743e+07 2.7998e+06 1.60856e+06 1.19124e+06 1.63991e+06 4.05058e+06
internal_count=229752 6000 3813 2187 223752 24591 22175 17167 9646 5008 2868 2140 2416 4209
cat_boundaries=0 1 2 3
cat_threshold=424 300 152
is_linear=0
shrinkage=0.03


Tree=378
num_leaves=15
num_cat=3
split_feature=13 12 11 10 1 0 0 12 13 0 2 11 1 9
split_gain=81547.9 194968 25856.2 30050.3 21382.3 89496.8 67121.3 79629.4 70038.2 88497.9 62032 78036.2 59098.5 306788
threshold=0.33722492917240238 1.0147104157921063 0.91700597683295093 1.0184092183406726 10.500000000000002 0 1 1.0094282815670288 1.3710372291101909 2 1.5000000000000002 0.96973899304761912 16.500000000000004 89.500000000000014
decision_type=2 2 2 2 2 1 1 2 2 1 2 2 2 2
left_child=1 2 -1 -4 5 -2 7 10 12 -10 11 -6 13 -8
right_child=4 -3 3 -5 6 -7 8 -9 9 -11 -12 -13 -14 -15
leaf_value=0.00054781803703357959 -0.00024596305911529521 -0.038878751544799105 -0.16131777760859364 -0.0037484089740669408 -0.00070941173788834305 8.0529991303660416e-05 0.00027213614869111332 1.9684139428141673e-05 0.0062708310143754706 -9.104131286589786e-05 0.00062986809789902798 0.00040374391759981165 1.6468683393269985e-05 -0.00022727432081088016
leaf_weight=970861.51081895828 10830683.693484068 452261.19291102886 369116.76847445965 411144.76775968075 1470201.2902712822 65198271.049953103 11456939.778166771 35869040.157863617 703621.77061843872 938669.76035690308 9220534.081325531 3029461.8316860199 56657666.837216616 55829600.265810013
leaf_count=1110 16763 2670 911 1310 1648 67084 5957 44699 923 1628 12605 3654 40100 28848
internal_value=0.000178201 0.00592447 0.00138929 -0.00267705 0.000127799 0.000547928 -5.45429e-05 0.000879985 -0.000423552 0.00573112 0.00282375 -6.38495e-05 -0.000505103 -0.00110622
internal_weight=2.53408e+08 2.20338e+06 1.75112e+06 780262 2.51205e+08 7.6029e+07 1.75176e+08 4.95892e+07 1.25586e+08 1.64229e+06 1.37202e+07 4.49966e+06 1.23944e+08 6.72865e+07
internal_count=229910 6001 3331 2221 223909 83847 140062 62606 77456 2551 17907 5302 74905 34805
cat_boundaries=0 1 2 3
cat_threshold=34 226 20
is_linear=0
shrinkage=0.03


Tree=379
num_leaves=15
num_cat=0
split_feature=13 10 10 11 10 14 1 16 14 11 16 4 11 1
split_gain=130137 104134 70303.1 64526.3 20249.2 17383.3 33323.2 68219.4 32918.9 32777.3 31967.5 40556.2 34619.3 46222.7
threshold=0.33722492917240238 1.0138281127492375 1.1163582065134401 0.87414304782204222 0.68171730937635744 1.0320974020590354 21.500000000000004 0.013207034492394663 0.96604771792195721 1.0063114542196836 0.026185160957008333 1.0000000180025095e-35 0.97755348269850095 18.500000000000004
decision_type=2 2 2 2 2 2 2 2 2 2 2 2 2 2
left_child=1 3 -3 -1 -2 6 -6 8 -8 -9 11 -7 -12 -14
right_child=4 2 -4 -5 5 10 7 9 -10 -11 12 -13 13 -15
leaf_value=0.00039118068434512634 -0.00035731698981324785 -0.020147824286169947 -0.0039862341688413419 0.0065338649547465912 3.1136407096373153e-07 0.00045132219347015742 -0.0004355543009469336 -0.00033196599240189068 0.0010744683265273968 -0.001799985566842595 -0.0002022816360219247 0.0037378096112085815 0.00014186430638581628 -0.00027780765444209858
leaf_weight=695107.32140958309 1230124.7550672293 305075.75197637081 136194.57513165474 1047110.2220805883 201865960.47244716 3949015.6943290234 1065988.1752943993 468285.36874389648 772158.11726045609 1159869.9384498596 8808912.6896209717 286233.93912732601 27193881.42262888 5142387.4901106358
leaf_count=724 926 2020 1370 1928 149092 24459 5608 1099 3278 2999 7831 1792 21145 5794
internal_value=0.000119599 0.00741203 -0.00560588 0.0107092 5.63986e-05 7.52377e-05 -4.21994e-05 -0.00295872 0.00100224 -0.00743053 0.000606604 0.00308837 0.000351145 0.000805334
internal_weight=2.54126e+08 2.18349e+06 441270 1.74222e+06 2.51943e+08 2.50713e+08 2.05332e+08 3.4663e+06 1.83815e+06 1.62816e+06 4.53804e+07 4.23525e+06 4.11452e+07 3.23363e+07
internal_count=230065 6042 3390 2652 224023 223097 162076 12984 8886 4098 61021 26251 34770 26939
is_linear=0
shrinkage=0.03


Tree=380
num_leaves=15
num_cat=4
split_feature=13 12 0 4 1 12 0 14 1 13 0 13 1 0
split_gain=130166 208584 39149.1 28366.2 158464 69835.8 77459.9 52908.1 35433.8 32288.8 73848.3 24532.6 64152.2 88488.5
threshold=0.33722492917240238 1.015774644378785 0 1.0000000180025095e-35 16.500000000000004 0.98159646488267815 1 1.3465466527055063 12.500000000000002 1.460586317597184 2 0.99791021082784626 11.500000000000002 3
decision_type=2 2 1 2 2 2 1 2 2 2 1 2 2 1
left_child=1 2 -1 9 5 -5 8 -6 -7 11 -11 -2 13 -13
right_child=3 -3 -4 4 7 6 -8 -9 -10 10 -12 12 -14 -15
leaf_value=-0.00043506861154635646 3.0427849008887044e-05 -0.07265041604134069 0.0012807283297747512 -0.0034797650121251899 0.0021415629630223282 -0.00055592822685801937 -0.0018159943558390108 0.00016284958578282997 0.00087942046635449333 -0.093427650269123072 0.00014943449733158866 0.00033510041714353099 -9.2804193950585004e-05 -1.2090245086712904e-05
leaf_weight=648136.14584469795 132674621.52260983 462956.05193853378 1065041.794885397 931100.26574659348 581363.07488203049 733929.77090966702 978727.47511315346 978851.0081076622 761513.7099609375 296643.05022394657 1196700.4097405672 10393286.739771962 70357735.209740877 31013612.222969413
leaf_count=1521 113577 2688 1833 1001 1060 1657 1847 1657 700 1941 5857 9515 55679 29086
internal_value=0.000108021 0.00741355 0.00258531 4.46569e-05 -0.00220026 -0.00582788 -0.00319235 0.00571725 0.00110196 8.99828e-05 0.00448787 6.31149e-05 -0.000264338 0.000672564
internal_weight=2.53074e+08 2.17613e+06 1.71318e+06 2.50898e+08 4.96549e+06 3.40527e+06 2.47417e+06 1.56021e+06 1.49544e+06 2.45933e+08 1.49334e+06 2.44439e+08 1.11765e+08 4.14069e+07
internal_count=229619 6042 3354 223577 7922 5205 4204 2717 2357 215655 7798 207857 94280 38601
cat_boundaries=0 1 2 3 4
cat_threshold=353 406 28 72
is_linear=0
shrinkage=0.03


Tree=381
num_leaves=15
num_cat=0
split_feature=13 12 11 2 14 16 16 12 12 16 13 14 12 11
split_gain=115017 287252 20225.3 15884 63882 45839.2 57321.9 69786.5 69116.5 51693.1 38522.8 37547.9 58833.8 69359.4
threshold=0.33722492917240238 0.99984781307094417 0.91700597683295093 1.0000000180025095e-35 0.69802184948550128 0.060185319116737239 0.054077039484020338 0.99549366363837055 1.0094282815670288 0.032073096904710725 0.8995954204883273 0.95798044583783115 1.0048876901737636 1.0344887901146891
decision_type=2 2 2 2 2 2 2 2 2 2 2 2 2 2
left_child=1 2 -1 4 -2 6 8 -8 9 -6 -10 12 -7 -14
right_child=3 -3 -4 -5 5 11 7 -9 10 -11 -12 -13 13 -15
leaf_value=-0.0033922730901202766 -0.00066923866886478447 0.0082213131459174128 -0.0033073466957642909 1.5476341874184553e-05 -0.00025030888794877454 0.00028854302731984538 -0.0006717722315942176 -0.00019515064517140095 -0.00071754083753235317 0.00040498268110941319 -0.00013611531953442951 -4.1691033767562827e-05 -0.00046396317605195211 0.00023314850962115151
leaf_weight=912411.19902801514 1458173.7156164646 554595.16730582714 715287.43708908558 208089418.66417122 1338858.0218530893 4274090.175201416 1586586.198638916 5299990.6158447266 1184034.4197113514 3107129.582244873 4284659.6782844067 14294063.761993408 1919477.4201049805 4848612.0213317871
leaf_count=1108 1434 3635 1308 190747 4226 2082 956 3414 2265 2010 6605 6780 986 2596
internal_value=9.89991e-05 0.00695658 0.000603302 3.95388e-05 -0.000481147 -0.000267518 -0.0014826 -0.00358516 -2.21956e-05 0.00275579 -0.00228067 0.000538241 0.00185223 0.000112047
internal_weight=2.53867e+08 2.18229e+06 1.6277e+06 2.51685e+08 4.35957e+07 4.21375e+07 1.68013e+07 6.88658e+06 9.91468e+06 4.44599e+06 5.46869e+06 2.53362e+07 1.10422e+07 6.76809e+06
internal_count=230152 6051 2416 224101 33354 31920 19476 4370 15106 6236 8870 12444 5664 3582
is_linear=0
shrinkage=0.03


Tree=382
num_leaves=15
num_cat=4
split_feature=13 10 0 0 16 5 9 9 9 0 2 16 0 9
split_gain=141459 113015 99623.4 49629.9 21293.2 124213 84571.1 128225 139736 143065 96524.6 87249.1 71029.6 69257.2
threshold=0.33722492917240238 1.0138281127492375 0 1 0.065293844758091996 1.0000000180025095e-35 66.500000000000014 82.500000000000014 78.500000000000014 2 3.5000000000000004 0.065806155754243423 3 66.500000000000014
decision_type=2 2 1 1 2 2 2 2 2 1 2 2 1 2
left_child=1 3 -3 -1 13 6 -6 8 9 -8 -11 -9 -13 -2
right_child=4 2 -4 -5 5 -7 7 11 -10 10 -12 12 -14 -15
leaf_value=0.0095656880405869393 0.00043061341126401285 -0.0036461911285361739 0.00936866574843454 0.00074736882360505481 -0.00032345142614159108 -0.00091359746032825321 -0.00061400211460233554 -0.0005059024273035154 0.00072105044421765375 1.1411468758374738e-06 0.00080778706022846308 3.5474506748321053e-05 -0.00012656195787609363 1.1093019169853276e-05
leaf_weight=907361.98793637753 4684630.6853448153 136750.98363256454 299025.50490283966 866707.01993274689 4373826.8263244629 1939273.6220703125 2184035.283203125 2682350.8525085449 2811141.8507072926 3842134.3592224121 3013690.0167002678 58044056.640472412 47692076.173913717 120679453.53358066
leaf_count=1149 4969 1001 2396 1516 2044 872 1188 1391 1818 1818 2245 26968 31849 149205
internal_value=2.8912e-05 0.00758608 -0.00610259 0.0109485 -3.73725e-05 -0.000311838 -0.000194617 -4.5595e-05 0.00291722 0.00110062 0.00323076 -0.000369454 -0.000233905 0.00023976
internal_weight=2.54157e+08 2.20985e+06 435776 1.77407e+06 2.51947e+08 1.26583e+08 1.24643e+08 1.20269e+08 1.1851e+07 9.03986e+06 6.85582e+06 1.08418e+08 1.05736e+08 1.25364e+08
internal_count=230429 6062 3397 2665 224367 70193 69321 67277 7069 5251 4063 60208 58817 154174
cat_boundaries=0 1 2 3 4
cat_threshold=256 28 68 85
is_linear=0
shrinkage=0.03


Tree=383
num_leaves=15
num_cat=3
split_feature=13 12 7 10 1 0 13 10 12 0 0 2 2 12
split_gain=153239 244459 22267.3 18797.5 65426 39553.4 31301.4 29291.5 120296 77281.8 52783.9 37241.2 40210.9 33325.2
threshold=0.33722492917240238 1.015774644378785 1.0000000180025095e-35 0.85635765199566871 18.500000000000004 0 0.54078925851391635 0.97917871843321136 1.0100722254825036 1 2 4.5000000000000009 2.5000000000000004 0.9608647852025366
decision_type=2 2 2 2 2 1 2 2 2 1 1 2 2 2
left_child=1 2 -1 4 -2 -6 -5 8 9 -8 -10 12 -12 -9
right_child=3 -3 -4 6 5 -7 7 13 10 -11 11 -13 -14 -15
leaf_value=0.00054026064194391532 -0.00018831120387064276 -0.0041834594901501224 -0.017755097720759359 0.00045979964354047953 -0.00027527858010825153 0.0007615507516530221 0.0013895833591207908 0.00020349433735190569 0.00059437269221928278 0.00019159469204948213 -0.00036352033806849474 -0.0012273600356376034 0.00029875795385885787 -9.9914034791674315e-06
leaf_weight=933653.02212882042 14062934.426891327 459785.51559507847 771180.94702100754 1414925.1856769323 729346.97867584229 1857627.4620132446 1705446.4559144974 7220685.9497736692 977905.30765283108 11496280.958730221 4015070.7429025173 1531214.4931868315 1953867.3660690784 204783164.08636498
leaf_count=2044 11849 2661 1271 2950 1099 2773 1416 5896 1304 9891 3818 2555 2512 178259
internal_value=0.000106669 0.00805464 0.00281899 3.83296e-05 -0.000935779 0.00344885 0.000107317 8.0381e-05 0.0011307 0.00292152 -0.0016579 -0.00251265 -0.00144195 -2.70262e-05
internal_weight=2.53913e+08 2.16462e+06 1.70483e+06 2.51748e+08 1.66499e+07 2.58697e+06 2.35099e+08 2.33684e+08 2.16798e+07 1.32017e+07 8.47806e+06 7.50015e+06 5.96894e+06 2.12004e+08
internal_count=230298 5976 3315 224322 15721 3872 208601 205651 21496 11307 10189 8885 6330 184155
cat_boundaries=0 1 2 3
cat_threshold=258 2 40
is_linear=0
shrinkage=0.03


Tree=384
num_leaves=15
num_cat=4
split_feature=13 0 10 13 10 16 16 11 0 10 16 0 0 11
split_gain=124567 117256 97403.5 54235.1 50099.9 20849.4 50303.9 19724.5 23821.1 16727.7 41043.1 52621.5 46816.8 28701.3
threshold=0.33722492917240238 0 0.88656517134269841 0.18523270721042387 1.1163582065134401 0.10479512185759511 0.10297058263586813 0.78683299918466465 1 0.82120607435980486 0.041059285419687973 2 3 0.9569913468292458
decision_type=2 1 2 2 2 2 2 2 1 2 2 1 1 2
left_child=1 2 -1 4 -3 6 7 8 -2 10 12 -12 -9 -11
right_child=5 3 -4 -5 -6 -7 -8 9 -10 13 11 -13 -14 -15
leaf_value=0.0092229644950626386 0.00067879013100604095 -1.4014116173938059e-05 0.0021885602462842807 0.00052070380950710682 -0.002892454576028955 -0.0002724200049986225 0.00056557488261745113 0.0019618420394242019 -6.6514663801818356e-05 0.00010793751879868813 0.00019888790617510711 -0.00040681376828869016 -4.6042773546590407e-05 -6.255142679715011e-06
leaf_weight=723613.54983592033 1344206.1042350531 120432.93351578712 609842.06674253941 547322.24817991257 138575.31625640392 2294265.6795172691 1466585.3762893677 313241.21174764633 1110464.6188089848 19031975.047906041 2313019.6287078857 4607897.5424957275 634238.66062009335 218133636.13626361
leaf_count=684 1690 1454 1877 1001 996 1678 886 592 1170 15435 2052 3172 2622 194398
internal_value=8.70362e-05 0.00729473 0.0127557 -0.00173634 -0.0130465 2.56513e-05 5.1886e-05 1.90585e-05 0.00269492 -7.74743e-06 -0.00136859 -0.00217027 0.00448733 3.74011e-05
internal_weight=2.53389e+08 2.13979e+06 1.33346e+06 806330 259008 2.5125e+08 2.48955e+08 2.47489e+08 2.45467e+06 2.45034e+08 7.8684e+06 6.92092e+06 947480 2.37166e+08
internal_count=229707 6012 2561 3451 2450 223695 222017 221131 2860 218271 8438 5224 3214 209833
cat_boundaries=0 1 2 3 4
cat_threshold=29 194 388 8
is_linear=0
shrinkage=0.03


Tree=385
num_leaves=15
num_cat=2
split_feature=13 12 14 12 12 1 0 4 11 10 12 13 10 0
split_gain=98537.5 300967 28202.2 22472.4 91493 74751.2 130796 77826.2 65704 110376 64417.8 47794.9 47636.2 102479
threshold=0.33722492917240238 1.015250755764568 0.80434234060582843 1.0017672621402147 1.0002001870955406 17.500000000000004 0 1.0000000180025095e-35 1.0165661152875569 1.0854075201444009 1.0022632125571322 1.460586317597184 1.0022981177563166 1
decision_type=2 2 2 2 2 2 1 2 2 2 2 2 2 1
left_child=1 2 -1 4 5 7 -7 8 -2 -10 -5 -9 13 -12
right_child=3 -3 -4 10 -6 6 -8 11 9 -11 12 -13 -14 -15
leaf_value=-0.00028139498439203547 2.8538396983181903e-05 0.0090339556969231283 -0.032293476792412311 -0.00045274297711974705 0.00037209983980484386 -0.00067239431339072351 0.00032528914426379393 -0.0027905643809280696 -0.00026179267183705133 0.00055464641544958034 6.2839109726787334e-05 -0.00068108454436560412 1.1350545555656926e-05 -0.00035723243574785926
leaf_weight=1094806.2474412918 36350760.03872633 464981.30150365829 597964.12160527706 4530039.2922409773 7147581.0666985512 2267540.5432815552 12670873.745939732 790162.31932592392 8364153.8037183285 1660089.6300996542 12942979.637123942 843807.84788525105 148372344.46234405 15167218.867942095
leaf_count=2023 29755 2695 1310 3732 5182 2866 13172 822 5391 1792 12144 1349 133926 13659
internal_value=4.69359e-05 0.0064305 0.000558327 -7.91768e-06 0.000448148 8.29215e-05 0.00193624 -0.000493755 -0.000267028 -0.00241736 -0.000184524 -0.00692867 -9.38524e-05 -0.00122621
internal_weight=2.53265e+08 2.15775e+06 1.69277e+06 2.51108e+08 7.0095e+07 6.29474e+07 1.49384e+07 4.8009e+07 4.6375e+07 1.00242e+07 1.81013e+08 1.63397e+06 1.76483e+08 2.81102e+07
internal_count=229818 6028 3333 223790 60329 55147 16038 39109 36938 7183 163461 2171 159729 25803
cat_boundaries=0 1 2
cat_threshold=256 43
is_linear=0
shrinkage=0.03


Tree=386
num_leaves=15
num_cat=3
split_feature=10 9 2 3 1 0 12 3 12 0 1 0 16 1
split_gain=26824.5 78992.8 60774.3 56974 54508.8 52332.8 49173.5 57964.4 52965.1 51402.5 32266.5 36377.4 31774.9 29288.2
threshold=0.97232699120128163 89.500000000000014 1.0000000180025095e-35 1.5000000000000002 17.500000000000004 0 1.0182782321369752 2.5000000000000004 0.99907259255046421 1 19.500000000000004 2 0.062808446144450511 21.500000000000004
decision_type=2 2 2 2 2 1 2 2 2 1 2 1 2 2
left_child=1 -1 5 10 6 12 8 -8 9 -5 -4 -12 -3 -2
right_child=13 2 3 4 -6 -7 7 -9 -10 -11 11 -13 -14 -15
leaf_value=0.0010967705293138399 3.0996448218920411e-06 -0.00021346263739016445 0.00016055351643872096 -0.0050644010952490834 0.00072577453925580699 -0.00054459231122404902 -0.0029780383646015756 -0.00033115050037081672 0.0015934406882404015 -5.8870116589719552e-05 0.0015840537473530956 0.00044537987198751586 0.00017303747252648429 -0.00047723545365806891
leaf_weight=1049916.9668838978 212330893.18627036 1669047.1067045927 19205260.009973407 754778.51929330826 1889501.9966430664 3027728.701058507 778994.53188288212 1090699.6558940411 840762.53724861145 2663718.3645788431 619767.15068769455 1150505.4781570435 2007733.6064453125 4508529.3557057381
leaf_count=1374 175860 1574 13695 413 3473 3051 1006 1742 1143 4265 811 2397 764 18280
internal_value=0.000106361 0.000855863 0.00061733 0.00121256 -0.000938322 -0.00195678 -0.0023117 -0.00636749 -0.000531321 -0.00219041 0.00203479 0.00591032 0.000448417 -2.0659e-05
internal_weight=2.53588e+08 3.67484e+07 3.56985e+07 2.8994e+07 8.01846e+06 6.70451e+06 6.12895e+06 1.86969e+06 4.25926e+06 3.4185e+06 2.09755e+07 1.77027e+06 3.67678e+06 2.16839e+08
internal_count=229848 35708 34334 28945 12042 5389 8569 2748 5821 4678 16903 3208 2338 194140
cat_boundaries=0 1 2 3
cat_threshold=281 16 56
is_linear=0
shrinkage=0.03


Tree=387
num_leaves=15
num_cat=2
split_feature=13 12 10 10 12 12 0 1 11 12 12 9 1 0
split_gain=152481 255579 31779.8 27523.4 16096.8 59120.1 91567.7 68893.5 75529.1 125324 80568.1 67343.4 60456.2 111917
threshold=0.33722492917240238 1.015774644378785 0.88656517134269841 1.0184092183406726 1.0051969303918387 1.0137025498423149 0 18.500000000000004 1.0344887901146891 1.0081207388974922 1.0073531584289153 65.500000000000014 18.500000000000004 1
decision_type=2 2 2 2 2 2 1 2 2 2 2 2 2 1
left_child=1 2 -1 -4 -2 6 7 8 9 10 -6 -8 13 -7
right_child=4 -3 3 -5 5 12 11 -9 -10 -11 -12 -13 -14 -15
leaf_value=0.00073825181436285383 3.5179830916685802e-05 0.01036755781490132 0.00074109339431819785 -0.0025802336419484713 -0.00058055418513075323 0.000129281308313971 -0.0006466460122105819 0.00017763966994001465 -1.3934404239582694e-05 -0.00081311428847141124 0.00010296002586673406 0.00010510319612574123 -0.00018180587687617415 -4.1774750784187272e-05
leaf_weight=954379.42681598663 91214012.668696404 474177.60631716251 408853.87335669994 418599.73375380039 2471741.7989227772 46268734.760360718 1146132.2743350267 2530993.9846434593 4062731.7697921991 4757160.0808150768 2532590.6496355534 16902981.752386928 19085524.612217903 60103250.022480726
leaf_count=1019 76175 2716 1011 1349 976 30937 962 2319 2561 2784 1229 16750 28977 60159
internal_value=0.000163025 0.00792757 0.0027186 -0.0015842 9.32577e-05 -8.81882e-05 -0.00118988 -0.00281574 -0.00364886 -0.00507943 -0.00176521 0.000283408 0.000213929 0.000492882
internal_weight=2.53332e+08 2.25601e+06 1.78183e+06 827454 2.51076e+08 1.59862e+08 3.44043e+07 1.63552e+07 1.38242e+07 9.76149e+06 5.00433e+06 1.80491e+07 1.25458e+08 1.06372e+08
internal_count=229924 6095 3379 2360 223829 147654 27581 9869 7550 4989 2205 17712 120073 91096
cat_boundaries=0 1 2
cat_threshold=52 84
is_linear=0
shrinkage=0.03


Tree=388
num_leaves=15
num_cat=4
split_feature=13 10 0 11 16 0 10 2 16 16 0 14 13 0
split_gain=131044 107975 91727.3 72240.4 30300.2 61072.5 70264.3 88113.8 46045 59020.9 61410.2 56239.7 64153.5 68807.2
threshold=0.33722492917240238 1.0138281127492375 0 0.88624555706363617 0.084550225891846673 1 1.0343648345375296 2.5000000000000004 0.076603777319970187 0.081083792322249923 2 0.80921779155480411 0.91045759547390526 3
decision_type=2 2 1 2 2 1 2 2 2 2 1 2 2 1
left_child=1 3 -3 -1 8 6 -6 -8 11 -10 -11 12 13 -2
right_child=4 2 -4 -5 5 -7 7 -9 9 10 -12 -13 -14 -15
leaf_value=0.00022604374688328001 -0.00079312361775564911 -0.0029418612647048549 0.0077592016818565099 0.0089763877813947828 -0.00013932616899401841 -0.00011511007958006515 0.00069399214405211696 -7.9267388783454783e-05 0.00024488527691993655 0.00034426247239012091 -0.00012304513916320961 7.7699659691561089e-06 0.00028900481033003261 -0.00018877846222679705
leaf_weight=761134.1587921381 2701229.891070962 132857.53846907616 288851.84237325191 1013302.0298223495 5033980.3069934845 33118252.768798828 2886384.9201660156 2017814.2276301384 15049162.779752731 5099820.8417000771 11581259.239379883 162737036.67695773 2498219.643696785 8399204.4904081821
leaf_count=850 2715 995 2380 1778 2379 15965 1347 1251 9729 4268 4451 168919 3671 8927
internal_value=2.02794e-05 0.00731667 -0.00632842 0.0105595 -4.35299e-05 -0.000767937 0.00129462 0.0038503 0.000106376 0.00115845 -7.04939e-05 -8.29359e-05 -0.00193633 -0.00291386
internal_weight=2.53319e+08 2.19615e+06 421709 1.77444e+06 2.51122e+08 4.30564e+07 9.93818e+06 4.9042e+06 2.08066e+08 3.17302e+07 1.66811e+07 1.76336e+08 1.35987e+07 1.11004e+07
internal_count=229625 6003 3375 2628 223622 20942 4977 2598 202680 18448 8719 184232 15313 11642
cat_boundaries=0 1 2 3 4
cat_threshold=256 320 419 56
is_linear=0
shrinkage=0.03


Tree=389
num_leaves=15
num_cat=2
split_feature=13 12 10 10 13 16 0 16 2 10 1 0 11 16
split_gain=107537 236515 29023.9 27175.6 24716 39607 59596.8 64107.4 38802.2 88008.3 83442.3 66282.9 53254.7 50244.9
threshold=0.33722492917240238 1.015250755764568 0.88656517134269841 1.0184092183406726 0.98077887089228521 0.033408427236835604 0 0.024351924251316815 4.5000000000000009 0.99451885417014119 19.500000000000004 1 0.96092504511688037 0.055845160148253276
decision_type=2 2 2 2 2 2 1 2 2 2 2 1 2 2
left_child=1 2 -1 -4 5 6 7 -2 13 11 -11 -10 -13 -6
right_child=4 -3 3 -5 8 -7 -8 -9 9 10 -12 12 -14 -15
leaf_value=0.00070521625417887775 -0.00037951929320083995 0.0098886347877472358 0.00049464534735396042 -0.0025033298434770849 4.7043301563765106e-05 4.1026170406121935e-05 -1.2895395777703451e-05 -0.0015748597913738847 0.00019158821628528202 0.00026608506094056601 -0.00064279828440835113 0.0001363202118874504 -0.0017414642942318659 -8.4463135602351119e-05
leaf_weight=939654.19255912304 1400154.9971193075 439368.52375102043 409214.32039737701 392068.29251921177 33981607.300870061 104232963.5508194 6100777.2862522602 969738.77754211426 2119711.0479611158 18024287.27910769 2217133.6316063404 789354.25940179825 1902435.5124549866 79656915.823287964
leaf_count=1039 8884 2672 1026 1344 46821 68542 21737 1799 3360 21918 5174 1329 2150 42213
internal_value=4.74796e-05 0.00668133 0.00171751 -0.00247716 -1.00546e-05 0.000319925 -0.00165287 -0.00569026 -0.000278203 0.000790503 0.00165741 -0.00285648 -0.00598111 -0.000513812
internal_weight=2.53575e+08 2.18031e+06 1.74094e+06 801283 2.51395e+08 1.12704e+08 8.47067e+06 2.36989e+06 1.38691e+08 2.50529e+07 2.02414e+07 4.8115e+06 2.69179e+06 1.13639e+08
internal_count=230008 6081 3409 2370 223927 100962 32420 10683 122965 33931 27092 6839 3479 89034
cat_boundaries=0 1 2
cat_threshold=35 141
is_linear=0
shrinkage=0.03


Tree=390
num_leaves=15
num_cat=3
split_feature=13 10 0 11 4 1 2 1 16 1 13 0 16 0
split_gain=98906.9 114445 78516.3 62452.4 17206.2 146390 139286 45790.2 44966.3 64358.8 32041.8 88244.7 22336.1 24333
threshold=0.33722492917240238 1.0274783606039628 0 0.91408087203224231 1.0000000180025095e-35 12.500000000000002 4.5000000000000009 17.500000000000004 0.045511633013058099 7.5000000000000009 1.460586317597184 1 0.050577338602451581 2
decision_type=2 2 1 2 2 2 2 2 2 2 2 1 2 1
left_child=1 3 -3 -1 10 8 7 -7 9 -6 -2 -12 13 -13
right_child=4 2 -4 -5 5 6 -8 -9 -10 -11 11 12 -14 -15
leaf_value=0.00035821571563983412 6.0339487594049498e-06 -0.0030638192345157165 0.0078959679136623301 0.0041077420980872156 0.0028010474758451333 -0.001265036775288033 0.0016238590930356012 0.0010023699262043332 -0.0023590145579853814 -0.002054617699502367 0.027008857295179382 0.0034188939881185875 -0.00038541829399785623 -0.0039780831453749997
leaf_weight=929629.67607104778 244874935.24943566 145474.68235826492 264778.5612308979 827760.83618938923 255235.36140871048 1415859.6256713867 1051632.7383179665 764787.2393245697 1252507.1063232422 209089.56996154785 288782.14421129227 218302.67332184315 761866.99689388275 172387.9339953661
leaf_count=1042 208055 937 2127 1866 1754 1346 1335 1569 1464 467 1472 2377 816 3117
internal_value=0.000115183 0.00649598 -0.00777104 0.00982655 6.01363e-05 -0.00169124 0.00206906 -0.00225568 -0.00877077 -0.000796702 9.5326e-05 0.00455519 0.000839429 0.00667142
internal_weight=2.53433e+08 2.16764e+06 410253 1.75739e+06 2.51265e+08 4.94911e+06 3.23228e+06 2.18065e+06 1.71683e+06 464325 2.46316e+08 1.44134e+06 1.15256e+06 390691
internal_count=229744 5972 3064 2908 223772 7935 4250 2915 3685 2221 215837 7782 6310 5494
cat_boundaries=0 1 2 3
cat_threshold=256 24 38
is_linear=0
shrinkage=0.03


Tree=391
num_leaves=15
num_cat=1
split_feature=13 12 14 11 16 16 14 12 0 16 16 11 11 12
split_gain=92578.9 230552 35516 30139.4 24554 52249.4 16936.1 30064.3 34553.7 48599.1 40356.4 39770.5 31507.6 71384.8
threshold=0.33722492917240238 1.015250755764568 0.80434234060582843 0.86323173388241103 0.10479512185759511 0.10297058263586813 1.0320974020590354 0.9353060627559534 0 0.056042049674143786 0.05393807821676181 0.90644793995258399 0.93513319243778092 0.98922990193883686
decision_type=2 2 2 2 2 2 2 2 1 2 2 2 2 2
left_child=1 2 3 -1 5 6 -2 -8 12 10 11 -10 -9 -14
right_child=4 -3 -4 -5 -6 -7 7 8 9 -11 -12 -13 13 -15
leaf_value=2.9548077232201261e-05 -5.6524430047431927e-06 0.0088271527496615754 -0.033749975519088926 -0.0014486061943514881 -0.00029167459354602609 0.00056066440475847814 -0.00053801671187171771 -0.00047853357873474655 0.0015122783885163549 -0.00016507747252388552 0.0009075223728861625 3.5106207741790105e-05 0.0019833238413456038 0.00016260037165841793
leaf_weight=548971.48605799675 202686606.61537504 445882.32960402966 613762.30478847027 564027.94146859646 2330121.766471386 1482773.1516189575 1153814.8201495409 1110204.3250302076 467832.90650308132 13243551.361480713 991500.60626220703 6394871.9873496294 1415849.8713952303 19868552.938064694
leaf_count=499 160528 2653 1328 1536 1716 881 2304 1989 901 8300 762 15620 2924 28136
internal_value=0.000113566 0.00627969 0.00131371 -0.00188129 6.02228e-05 8.89286e-05 5.52682e-05 0.00058421 0.000711009 -0.000160187 0.0017095 0.000892114 0.00153175 0.00178875
internal_weight=2.53318e+08 2.17264e+06 1.72676e+06 1.113e+06 2.51146e+08 2.48816e+08 2.47333e+08 4.46462e+07 4.34924e+07 2.10978e+07 7.85421e+06 6.8627e+06 2.23946e+07 2.12844e+07
internal_count=230077 6016 3363 2035 224061 222345 221464 60936 58632 25583 17283 16521 33049 31060
cat_boundaries=0 1
cat_threshold=434
is_linear=0
shrinkage=0.03


Tree=392
num_leaves=15
num_cat=3
split_feature=13 12 14 0 16 9 16 0 1 14 0 12 12 12
split_gain=141777 230318 43908.1 23745 20815.1 62633.6 139448 92662.2 74150.5 67447.4 84273.2 101708 77512.7 52999.8
threshold=0.33722492917240238 1.015774644378785 0.80434234060582843 0 0.053356818994415696 82.500000000000014 0.051649335966063865 1 21.500000000000004 0.72129665078146499 2 1.0387885024560239 1.0920528378804466 1.0243090240668089
decision_type=2 2 2 1 2 2 2 1 2 2 1 2 2 2
left_child=1 2 3 -1 5 6 7 -2 -9 -7 11 -11 13 -12
right_child=4 -3 -4 -5 -6 9 -8 8 -10 10 12 -13 -14 -15
leaf_value=0.00031200739300495534 -0.0012907766278110718 0.0079155455433740519 0.002875723444718755 -0.00075896319551046619 -1.443936283696093e-05 -0.00079459219942134716 0.000680330959499736 9.8205042639253171e-05 -0.0029758509523447134 0.00076137914434434579 5.0658202319662903e-05 -6.7966222414278339e-05 0.00048555836695644491 -0.00030612109323950679
leaf_weight=572357.38395798206 2141952.0971077681 478034.04102301598 585084.34492850304 563513.49069356918 200517091.88246679 913366.09077751637 1698846.0338630676 2393666.3913726807 388768.19471645355 9366177.6255271435 19948988.417063951 4962100.3471277952 2453594.6888376474 6183079.3924078941
leaf_count=617 4105 2635 1311 1432 120032 3093 1021 5964 1757 18872 39341 11044 5546 12955
internal_value=3.85101e-05 0.00762286 0.00250582 -0.000933356 -2.79443e-05 0.000516739 -0.00220239 -0.00475916 -0.00114846 0.000927657 0.00109935 0.00297713 0.000158133 -0.00032055
internal_weight=2.53167e+08 2.19899e+06 1.72096e+06 1.13587e+06 2.50968e+08 5.04505e+07 6.62323e+06 4.92439e+06 2.78243e+06 4.38273e+07 4.29139e+07 1.43283e+07 2.85857e+07 2.61321e+07
internal_count=229725 5995 3360 2049 223730 103698 12847 11826 7721 90851 87758 29916 57842 52296
cat_boundaries=0 1 2 3
cat_threshold=154 76 74
is_linear=0
shrinkage=0.03


Tree=393
num_leaves=15
num_cat=0
split_feature=11 11 10 12 14 2 14 1 3 12 12 12 12 10
split_gain=23138.5 49324.2 117065 74342 49093.3 87527.3 70039.2 69249.4 107936 82869.1 136674 69841.2 81268 64250.9
threshold=1.0063114542196836 1.0128747137800109 1.0364295936507311 1.0047066218812479 0.86944186738941187 2.5000000000000004 0.79413159547333489 7.5000000000000009 1.5000000000000002 1.004197057542799 0.99712577792716017 1.0059837287205067 1.0182782321369752 0.83310007439074751
decision_type=2 2 2 2 2 2 2 2 2 2 2 2 2 2
left_child=4 2 3 -2 5 6 -1 -6 13 10 -10 -11 -13 -9
right_child=1 -3 -4 -5 7 -7 -8 8 9 11 -12 12 -14 -15
leaf_value=-0.00044128129146553424 -0.00036542102527874573 1.2309290204248952e-06 -0.001488599029228443 0.00014974835255279789 -0.00027355143357552962 0.00044099924530579106 0.0003471701759387763 -0.00014791046580598486 -0.00050833953767178775 -0.0035616173276245256 0.00067257809311132839 0.00071143457899849405 -0.0012235682893233992 0.00015185661159565966
leaf_weight=2844539.8880236149 6204469.4084877968 160576082.70699608 1549627.5920109749 6325236.1330429316 6598264.9113273621 7889345.0854814053 2051885.0800552368 6772492.9092917442 6698249.087937355 1080351.5832653046 2481949.3420534134 957489.6577091217 2508921.1898975372 39551960.567996979
leaf_count=2841 4433 148121 1007 5103 14290 6423 1730 4717 8545 675 2410 1261 3300 25283
internal_value=5.81659e-05 -0.000134902 -0.00183749 -0.000875461 0.000482666 0.00218545 -0.000965272 0.000156011 0.000476552 -0.00185992 -0.000219497 -0.00517203 -0.00309631 0.0011689
internal_weight=2.54091e+08 1.74655e+08 1.40793e+07 1.25297e+07 7.94354e+07 1.27858e+07 4.89642e+06 6.66497e+07 6.00514e+07 1.3727e+07 9.1802e+06 4.54676e+06 3.46641e+06 4.63245e+07
internal_count=230139 158664 10543 9536 71475 10994 4571 60481 46191 16191 10955 5236 4561 30000
is_linear=0
shrinkage=0.03


Tree=394
num_leaves=15
num_cat=4
split_feature=13 10 0 11 13 16 0 16 1 13 0 16 0 13
split_gain=107459 106694 94056.1 18656.2 17340.3 32292.8 67104.5 69619.2 38552 190293 64925.9 52527.2 70855.3 49062.4
threshold=0.33722492917240238 0.88656517134269841 0 0.92833667948537613 0.98077887089228521 0.033408427236835604 1 0.024351924251316815 8.5000000000000018 0.89713437140145724 2 0.090659472269326052 3 0.84602471435489091
decision_type=2 2 1 2 2 2 1 2 2 2 1 2 1 2
left_child=1 -1 -3 -4 5 6 7 -2 9 11 -11 12 -7 -10
right_child=4 2 3 -5 -6 8 -8 -9 13 10 -12 -13 -14 -15
leaf_value=0.0024075456219200095 -0.00033862284557639505 -0.0025301361719828699 -0.00028985578796031158 0.014244304773619319 -1.547416518832303e-05 0.00091672381196677532 1.835179988956915e-05 -0.0015418694135547252 -0.00010603683933893677 0.00016368750185113376 -0.00023770554830426115 0.00010175097139279294 0.0002150217477623567 6.2752842837329482e-05
leaf_weight=1360702.4360839128 1402405.0606817007 183453.48890841007 313719.35628795624 317222.75590252876 138508677.48458993 2549976.0005493164 6111269.1792875528 964225.64882659912 26041172.396286964 3438159.4259033203 5355689.5618438721 2667388.3574542999 1501267.4055294991 63276566.726745605
leaf_count=1419 8881 1839 191 2616 122813 1202 21742 1780 19034 1653 2843 1078 1540 41508
internal_value=0.000118081 0.00675759 -0.00183087 0.00366672 6.07318e-05 0.000335974 -0.00144494 -0.0057339 0.000480002 0.00186048 -0.00104383 0.00566185 0.00781425 0.000240244
internal_weight=2.53992e+08 2.1751e+06 814396 630942 2.51817e+08 1.13308e+08 8.4779e+06 2.36663e+06 1.0483e+08 1.55125e+07 8.79385e+06 6.71863e+06 4.05124e+06 8.93177e+07
internal_count=230139 6065 4646 2807 224074 101261 32403 10661 68858 8316 4496 3820 2742 60542
cat_boundaries=0 1 2 3 4
cat_threshold=260 35 13 29
is_linear=0
shrinkage=0.03


Tree=395
num_leaves=15
num_cat=2
split_feature=13 10 0 11 13 14 1 1 16 16 1 0 16 10
split_gain=95757.7 89874.8 87039.4 21308.5 17602.3 44002.9 198051 144453 113426 106170 87795.5 61448.8 59090.6 59015.6
threshold=0.33722492917240238 0.88656517134269841 0 0.92833667948537613 0.98287774933766825 0.91001876844533969 8.5000000000000018 11.500000000000002 0.033408427236835604 0.090659472269326052 7.5000000000000009 1 0.053356818994415696 0.99750563163480688
decision_type=2 2 1 2 2 2 2 2 2 2 2 1 2 2
left_child=1 -1 -3 -4 5 6 8 12 -2 -10 11 -7 -8 -14
right_child=4 2 3 -5 -6 10 7 -9 9 -11 -12 -13 13 -15
leaf_value=0.0023003058384572627 -0.00074568668724220397 -0.0022183182692575814 -0.00030089538288211623 0.014024111307036135 -1.5618696941355351e-05 5.1372021023784603e-05 2.635490010737706e-05 -2.3352200380509988e-05 0.00099293675769515145 3.0927026039927278e-05 0.00010269832933606998 -0.00044267614741090372 -8.5720484929485306e-05 -0.00065034960415050029
leaf_weight=1318236.3974043131 1054753.6035233736 177351.84272408485 292799.48793709278 337441.70097649097 136158250.08915484 3291021.4238352776 1550488.5428619385 26725303.877029896 2977715.7401633263 2354108.3969726562 66570023.576132298 3611140.056045413 1618095.1450805664 5376803.7236766815
leaf_count=1380 6454 1786 181 2625 121295 6617 1580 20815 1844 973 51361 8260 1031 3709
internal_value=0.000119898 0.00646027 -0.00142064 0.00380397 6.62597e-05 0.000339314 -0.000439591 -0.00131981 0.00442154 0.00619974 0.000780938 -0.00243971 -0.00471507 -0.00588958
internal_weight=2.53414e+08 2.12583e+06 807593 630241 2.51288e+08 1.15129e+08 4.16573e+07 3.52707e+07 6.38658e+06 5.33182e+06 7.34722e+07 6.90216e+06 8.54539e+06 6.9949e+06
internal_count=229911 5972 4592 2806 223939 102644 36406 27135 9271 2817 66238 14877 6320 4740
cat_boundaries=0 1 2
cat_threshold=260 396
is_linear=0
shrinkage=0.03


Tree=396
num_leaves=15
num_cat=1
split_feature=13 12 14 12 12 3 5 12 2 11 0 10 11 12
split_gain=123125 210283 47793.9 16628.5 74013.5 97930.7 76865.4 60543.5 59927.5 47643.9 57258.1 40909 50409.5 51588.3
threshold=0.33722492917240238 1.015774644378785 0.80434234060582843 1.0017672621402147 0.99983254367729579 1.5000000000000002 1.0000000180025095e-35 1.0022632125571322 1.5000000000000002 1.0205127915344043 0 1.0990918803224481 1.0069201742998883 0.99850866959735451
decision_type=2 2 2 2 2 2 2 2 2 2 1 2 2 2
left_child=1 2 -1 4 6 8 11 9 -6 10 -5 12 -2 -14
right_child=3 -3 -4 7 5 -7 -8 -9 -10 -11 -12 -13 13 -15
leaf_value=-0.00021090830213753333 4.8699833175353494e-05 0.0085555672127828226 0.0026456114452133223 0.00036976911489938345 0.00036374084466671486 0.0011018439091389973 -0.00092119376739358591 -6.0022988525031812e-07 -3.4813892177976063e-05 -0.00064659655206431076 -0.00059085031325705828 0.00045861133486302846 -8.4794521307179812e-05 -0.00062496320476442555
leaf_weight=1131943.943780899 42815360.902509451 459736.42342507839 654605.07058560848 1347247.0647110939 3244368.0381190777 1648290.4163210392 1491130.1625868082 176222847.6403482 4689645.3165447712 1523814.2136986256 1646338.4475879669 2586103.7717674971 12095195.459806561 2056798.3016322851
leaf_count=2018 39172 2677 1332 1846 2036 1946 892 159334 2974 923 967 2820 9097 1762
internal_value=0.000119685 0.00711213 0.00245586 5.71987e-05 0.000447533 0.00289874 6.2761e-05 -9.53299e-05 0.0015164 -0.0035247 -0.00132658 0.00023121 6.36818e-05 -0.00148855
internal_weight=2.53613e+08 2.24629e+06 1.78655e+06 2.51367e+08 7.06269e+07 9.5823e+06 6.10446e+07 1.8074e+08 7.93401e+06 4.5174e+06 2.99359e+06 5.95535e+07 5.69674e+07 1.4152e+07
internal_count=229796 6027 3350 223769 60699 6956 53743 163070 5010 3736 2813 52851 50031 10859
cat_boundaries=0 1
cat_threshold=133
is_linear=0
shrinkage=0.03


Tree=397
num_leaves=15
num_cat=2
split_feature=13 12 14 11 0 1 12 12 2 0 11 11 12 12
split_gain=115472 187752 48902.2 21063.6 75059.5 78854.1 123831 105190 71058.9 70955.5 138256 108018 123956 114304
threshold=0.33722492917240238 1.015250755764568 0.80434234060582843 1.0256949624400986 0 9.5000000000000018 1.0598131614188067 1.0222447880274059 4.5000000000000009 1 1.0246391602897307 1.0142450752632377 1.0020641799475636 1.01444308625972
decision_type=2 2 2 2 1 2 2 2 2 1 2 2 2 2
left_child=1 2 -1 9 5 -5 7 -7 -9 10 -2 12 -11 -13
right_child=3 -3 -4 4 -6 6 -8 8 -10 11 -12 13 -14 -15
leaf_value=-0.00017793725225370013 0.00010379919105391645 0.0075308571966299174 0.0033206358142111739 0.00011375712290362269 1.4960396512752169e-05 -0.00018564366012796665 0.00015958224881633973 -0.00090584989903981722 -8.7542149516074336e-05 1.8515101696976999e-05 0.0012981803721079648 1.0402689264336593e-05 -0.00032938473062595877 0.00046734622485516687
leaf_weight=1120644.6176127195 51995131.236641049 449371.93724322319 610652.5371581316 6685548.104617238 103062310.70289111 6935271.102060318 5115824.3525819778 5829508.2622079849 1452549.1640081406 30190136.608069062 1172592.7082533836 12710406.238433838 21035384.036490917 5075945.8673270941
leaf_count=2048 53392 2636 1315 7874 96883 5247 5386 3994 1560 22961 985 7248 15059 3360
internal_value=0.000111806 0.00698547 0.00250074 5.21503e-05 -0.000215085 -0.00165488 -0.00262608 -0.00406631 -0.00658459 0.00033448 0.00115815 -0.000300086 -0.000999456 0.00171413
internal_weight=2.53441e+08 2.18067e+06 1.7313e+06 2.51261e+08 1.29081e+08 2.60187e+07 1.93332e+07 1.42173e+07 7.28206e+06 1.2218e+08 5.31677e+07 6.90119e+07 5.12255e+07 1.77864e+07
internal_count=229948 5999 3363 223949 120944 24061 16187 10801 5554 103005 54377 48628 38020 10608
cat_boundaries=0 1 2
cat_threshold=136 203
is_linear=0
shrinkage=0.03


Tree=398
num_leaves=15
num_cat=5
split_feature=10 14 2 1 0 0 3 10 0 0 12 0 1 2
split_gain=31388.7 60363.7 69768.9 64984.5 82910.5 82526.5 60931.1 54425.9 73803.3 50576.8 47829.5 40659.7 39013.7 55774.4
threshold=0.97917871843321136 0.85973408525515194 2.5000000000000004 18.500000000000004 0 1 1.5000000000000002 0.83310007439074751 2 3 1.0121289381029088 4 7.5000000000000009 1.0000000180025095e-35
decision_type=2 2 2 2 1 1 2 2 1 1 2 1 2 2
left_child=1 2 -1 4 -3 -5 12 9 10 -8 -9 -4 -6 -14
right_child=-2 3 11 5 6 -7 7 8 -10 -11 -12 -13 13 -15
leaf_value=-6.8904606220191128e-05 -7.7120323986406602e-06 -0.00032424927844797353 0.0010718806098743753 -0.00033920519598734769 -0.00022712225604234256 0.00067544185208865293 0.0023419709412376409 0.00061857114269803291 -0.003067928497071948 -0.00067234226198453675 -0.00093877693969266211 0.00047201143631933742 -9.0016143354131802e-05 0.00032000406745741626
leaf_weight=2364297.6264127493 212797066.79885471 7139778.3590764999 1804181.9630814791 1818126.576634407 2094443.6786946058 3781723.5717797279 661751.09622144699 830526.28272771835 1111978.8202791214 669663.82248878479 1299157.0512704849 3243501.8423733711 3661528.0911254883 10295165.945556641
leaf_count=2363 190411 7083 904 4005 3743 4493 1128 1035 1440 1098 1905 3023 1944 5637
internal_value=5.89093e-05 0.000821406 0.00327035 0.000277359 -0.000317255 0.00322545 0.000647326 -0.0024076 -0.00450505 0.00269918 -0.00123413 0.00526235 0.0015177 0.00209065
internal_weight=2.53573e+08 4.07758e+07 7.41198e+06 3.33638e+07 2.7764e+07 5.59985e+06 2.06242e+07 4.57308e+06 3.24166e+06 1.33141e+06 2.12968e+06 5.04768e+06 1.60511e+07 1.39567e+07
internal_count=230212 39801 6290 33511 25013 8498 17930 6606 4380 2226 2940 3927 11324 7581
cat_boundaries=0 1 2 3 4 5
cat_threshold=104 448 134 146 24
is_linear=0
shrinkage=0.03


Tree=399
num_leaves=15
num_cat=4
split_feature=13 10 14 10 11 0 10 16 0 1 0 11 1 0
split_gain=81646.5 84796.7 56433 33646.5 16545.8 20905.6 19521.8 41083.2 54222.2 37775.4 37769.9 25774.1 60658.5 64519.1
threshold=0.33722492917240238 0.88656517134269841 0.75808805599974149 1.113019863325601 0.78683299918466465 0 0.82120607435980486 0.043347229934692762 1 13.500000000000002 2 0.9569913468292458 19.500000000000004 3
decision_type=2 2 2 2 2 1 2 2 1 2 1 2 2 1
left_child=1 -1 3 -3 5 -2 7 10 9 -9 -6 12 13 -8
right_child=4 2 -4 -5 6 -7 11 8 -10 -11 -12 -13 -14 -15
leaf_value=0.0020762210369085652 0.00054546062317687826 -0.014816898321081571 0.0080183490848283728 -0.0023073898775066177 0.0019945210408848319 -4.6514738284121387e-05 0.00094539552777728208 0.00060316726248035271 -0.00046309540619850106 -0.00036627651904959184 1.5184395484173495e-05 -6.4175783305290069e-06 0.0010710154526265912 -1.1310688386374593e-05
leaf_weight=1370558.0187550783 1383432.3939348459 109719.49780523777 584076.36183393002 134311.30508470535 316126.41965794563 1198078.2987713814 1913956.7748526335 1183647.3830566406 4616585.6786651611 1210314.1241455078 737389.16973006725 221139492.14502549 1786626.6494755745 15563647.738976479
leaf_count=1406 1689 1555 2245 776 584 1218 2831 995 3112 1055 2779 196734 2994 9743
internal_value=5.46108e-05 0.00581056 -0.00176887 -0.0138848 4.20075e-06 0.00239358 -2.06242e-05 -0.00147253 -0.00230262 0.00136122 0.00405119 2.80785e-05 0.00108052 0.000542294
internal_weight=2.53248e+08 2.19867e+06 828107 244031 2.51049e+08 2.58151e+06 2.48468e+08 8.06406e+06 7.01055e+06 2.39396e+06 1.05352e+06 2.40404e+08 1.92642e+07 1.74776e+07
internal_count=229716 5982 4576 2331 223734 2907 220827 8525 5162 2050 3363 212302 15568 12574
cat_boundaries=0 1 2 3 4
cat_threshold=194 388 8 161
is_linear=0
shrinkage=0.03


Tree=400
num_leaves=15
num_cat=2
split_feature=13 12 11 11 16 16 16 1 0 16 16 14 0 2
split_gain=80389.1 174095 76876.5 28186.7 18989.6 60736.3 18433.6 60260.9 129371 53678.2 42681.4 48965.7 68887.8 97726.9
threshold=0.33722492917240238 0.99077193618339965 0.92833667948537613 0.91700597683295093 0.10479512185759511 0.10297058263586813 0.084106029726928572 11.500000000000002 0 0.095563585634923495 0.076603777319970187 0.81478135714231403 1 2.5000000000000004
decision_type=2 2 2 2 2 2 2 2 1 2 2 2 1 2
left_child=1 3 -3 -1 5 6 10 8 -8 -10 11 12 13 -2
right_child=4 2 -4 -5 -6 -7 7 -9 9 -11 -12 -13 -14 -15
leaf_value=0.00051446242099385147 -0.00099090151346954117 0.00019616405075243199 0.0088009602679688 -0.0019885505785488151 -0.00027523114699699365 0.0006384462810644318 0.00075540500884744145 -0.0001348353914092463 8.1400764380203013e-05 -0.00017865719954858597 0.00010306351845665249 9.5646470207846301e-06 -9.6415364172208019e-05 2.0327773461309286e-05
leaf_weight=857014.6680688858 1301030.3340709209 180458.2871209383 382287.74858415127 768032.73891937733 2356791.5158305168 1462867.0647659302 3110299.209482193 25603227.922477722 6984409.7746582031 5067618.1892700195 29899246.395323277 161968306.91042531 11793149.113784432 1131289.6662641764
leaf_count=1056 1492 144 3707 1121 1733 874 1607 14257 2185 1161 17543 168262 12927 1724
internal_value=6.8379e-05 0.00579409 0.0201751 0.000814026 1.84078e-05 4.38453e-05 7.72791e-06 -0.000575163 0.000923683 -0.000484078 0.000123025 -5.48212e-05 -0.00174236 -0.00633923
internal_weight=2.52866e+08 2.18779e+06 562746 1.62505e+06 2.50678e+08 2.48321e+08 2.46859e+08 4.07656e+07 1.51623e+07 1.2052e+07 2.06093e+08 1.76194e+08 1.42255e+07 2.43232e+06
internal_count=229793 6028 3851 2177 223765 222032 221158 19210 4953 3346 201948 184405 16143 3216
cat_boundaries=0 1 2
cat_threshold=449 40
is_linear=0
shrinkage=0.03


Tree=401
num_leaves=15
num_cat=0
split_feature=13 12 14 16 16 13 14 1 16 1 1 16 14 14
split_gain=102548 202177 41624.8 15873.3 53096.2 18680 52126.5 176746 112390 99910.9 80422.3 70633.3 52824.1 43421.2
threshold=0.33722492917240238 1.015774644378785 0.80434234060582843 0.10479512185759511 0.10297058263586813 0.98696205593185182 0.91194318212774761 8.5000000000000018 0.06110678919232481 11.500000000000002 7.5000000000000009 0.053521434381979857 0.81980602617696507 0.89316335908130429
decision_type=2 2 2 2 2 2 2 2 2 2 2 2 2 2
left_child=1 2 -1 4 5 6 7 8 -2 11 -8 -9 -13 -7
right_child=3 -3 -4 -5 -6 13 10 9 -10 -11 -12 12 -14 -15
leaf_value=-0.00026447851593238954 -0.00038906561589427944 0.0079778315516460842 -0.0026978877789695307 -0.00024643570865654575 0.00050107473520449256 0.00017162347672853865 -0.00018303962709215519 0.00013855628482134879 0.00057559893595499837 -3.561526841377671e-05 0.00010159952540063352 -0.00072506628045601574 -0.00028620120460075895 -3.0947127359242693e-05
leaf_weight=1126486.2117658854 1714303.155454278 469221.14126527309 624912.42110466957 2258516.5567657948 1479938.8432693481 7665295.3882958889 7440972.9508210421 1704903.0149688721 4203992.0245666504 27453541.588613749 69108835.300358295 3217604.4725079536 3875785.074798584 121321420.05217874
leaf_count=2043 7276 2662 1320 1669 887 7892 15438 1657 1838 21351 52752 2411 2416 108193
internal_value=0.000142614 0.0065612 0.00187579 8.59284e-05 0.000108621 7.4772e-05 0.000346323 -0.000500628 0.00430622 -0.00128537 0.000812895 -0.0040674 -0.00538521 -0.000175165
internal_weight=2.53666e+08 2.22062e+06 1.7514e+06 2.51445e+08 2.49187e+08 2.47707e+08 1.1872e+08 4.21701e+07 5.9183e+06 3.62518e+07 7.65498e+07 8.79829e+06 7.09339e+06 1.28987e+08
internal_count=229805 6025 3363 223780 222111 221224 105139 36949 9114 27835 68190 6484 4827 116085
is_linear=0
shrinkage=0.03


Tree=402
num_leaves=15
num_cat=1
split_feature=13 12 11 14 10 12 1 0 10 13 11 12 14 10
split_gain=77152.2 191437 59485.5 32767.1 18080.3 20832 68544.5 77501.5 61418.8 54539.4 45471.7 52265.9 45963.1 40945.3
threshold=0.33722492917240238 0.99077193618339965 0.92833667948537613 0.78792964845128977 0.68171730937635744 0.98697337007541763 18.500000000000004 0 1.0836693483425468 1.0192751233951858 0.97496938264852517 0.94549931222377859 0.8884171423713475 1.0428102923176461
decision_type=2 2 2 2 2 2 2 1 2 2 2 2 2 2
left_child=1 3 -3 -1 -2 6 8 -8 9 10 11 -6 -12 -9
right_child=4 2 -4 -5 5 -7 7 13 -10 -11 12 -13 -14 -15
leaf_value=-0.00056346450088228157 -0.00039489467575735601 0.0002110199179321171 -0.0025381015073731839 -0.038026821766327955 -0.00010730252436077383 -7.6776098669958304e-06 -0.00030892648579915926 0.00047215914816218851 0.00062643048243373877 -0.00033287496421194616 -0.0004941144458129479 0.00023042842971078884 -3.1076356244239192e-05 0.0012525472503734144
leaf_weight=817663.5594162941 1238849.1025077105 198329.40055787563 372469.87075173855 767085.26025760174 5022570.2773009539 213739646.09417498 1436147.328918457 3287682.4797468185 2126276.3831812143 8356694.992613554 1824590.0049368143 9333221.4220193624 3982755.1689549685 963021.057908535
leaf_count=1313 932 148 3708 866 4785 191410 2277 4108 2199 7346 1082 6059 2277 1222
internal_value=6.02881e-05 0.00571176 0.0206086 0.000346176 1.18143e-05 2.97242e-05 0.000693843 0.00371873 0.00013253 -0.000234179 0.000610402 0.00151653 -0.00162954 0.0057544
internal_weight=2.53467e+08 2.15555e+06 570799 1.58475e+06 2.51311e+08 2.50073e+08 3.6333e+07 5.68685e+06 3.06461e+07 2.85198e+07 2.01631e+07 1.43558e+07 5.80735e+06 4.2507e+06
internal_count=229732 6035 3856 2179 223697 222765 31355 7607 23748 21549 14203 10844 3359 5330
cat_boundaries=0 1
cat_threshold=258
is_linear=0
shrinkage=0.03


Tree=403
num_leaves=15
num_cat=4
split_feature=13 10 0 14 10 3 1 11 10 0 0 16 11 0
split_gain=113793 95738.8 73446.6 56888 15594 70971.6 73031.7 57601.5 52632.1 153562 113349 49634.7 49581.7 136165
threshold=0.33722492917240238 1.0184092183406726 0 0.80434234060582843 1.1419459761965169 1.0000000180025095e-35 7.5000000000000009 1.3328353141383971 1.1942558122392908 1 2 0.081648113409416342 1.0766544007495955 3
decision_type=2 2 1 2 2 2 2 2 2 1 1 2 2 1
left_child=1 3 -3 -1 12 6 -6 11 9 -8 -10 -7 -2 -14
right_child=4 2 -4 -5 5 7 8 -9 10 -11 -12 -13 13 -15
leaf_value=0.00058243540045313698 7.5754466284822172e-06 -0.0021369834692847199 0.010652621631415447 0.0055851881562174396 -0.00050031750931492434 4.4130934328653338e-05 0.0010967124991766125 -0.0013563559620592433 -0.00051582814335490203 0.00025264684254363624 0.00028293661865927031 -0.00057057579649851008 0.00022451447711775892 -0.00026042039513318391
leaf_weight=1076045.8626788855 191089204.73818314 140984.37333798409 290738.75921630859 680190.21122169495 2235602.9885766506 8357512.8451657295 1883576.8249206543 774082.42469382286 2366552.3840103149 8567206.294239521 7649878.5683619976 2400380.3204901218 8088353.9271628857 18185216.447705984
leaf_count=1509 161030 942 2373 1265 4880 12761 1451 801 2023 6343 6699 1986 10738 15238
internal_value=6.14744e-05 0.00687354 -0.00578356 0.00998494 2.23484e-06 0.000597357 0.00157087 -0.00131918 0.00213322 0.00362258 0.000579275 -0.000750439 -9.14973e-05 -0.00131343
internal_weight=2.53786e+08 2.18796e+06 431723 1.75624e+06 2.51598e+08 3.42348e+07 2.27028e+07 1.1532e+07 2.04672e+07 1.04508e+07 1.00164e+07 1.07579e+07 2.17363e+08 2.62736e+07
internal_count=230039 6089 3315 2774 223950 36944 21396 15548 16516 7794 8722 14747 187006 25976
cat_boundaries=0 1 2 3 4
cat_threshold=256 80 65 291
is_linear=0
shrinkage=0.03


Tree=404
num_leaves=15
num_cat=6
split_feature=9 2 1 1 0 9 0 0 0 1 0 2 9 0
split_gain=26384 145050 113374 166181 153386 140034 114297 94685.6 84736.7 63515.1 60143 57388.1 61753.4 51468.8
threshold=79.500000000000014 5.5000000000000009 7.5000000000000009 14.500000000000002 0 71.500000000000014 1 2 3 18.500000000000004 4 1.0000000180025095e-35 74.500000000000014 5
decision_type=2 2 2 2 1 2 1 1 1 2 1 2 2 1
left_child=1 2 5 11 9 8 -7 -3 -1 -5 -11 -4 13 -13
right_child=-2 7 3 4 -6 6 -8 -9 -10 10 -12 12 -14 -15
leaf_value=-0.00022682301757186876 -4.3787545089956509e-06 -0.0022682048291321655 0.00065714246753104967 0.0007725804134934627 -0.00022215469833899635 0.00073999040297493027 -0.00076619489833681541 -0.00019105422891668372 -0.0011514717924968254 -0.00081823157633842934 0.0011077111160089988 0.00062621267295559925 0.00059353472822472623 3.2509828827715346e-05
leaf_weight=696612.58427226543 224806606.70164001 648408.67041873932 1605549.9918212891 2695288.805316925 8144732.3662586212 625284.55526816845 557885.88992893696 1003155.4288179874 864156.4724894762 652030.06883239746 676015.58867001534 2025843.7824730873 3514260.3999152184 4770412.3599243164
leaf_count=1241 204594 1206 949 1898 5370 1043 1324 1363 1698 601 1809 1399 2341 2806
internal_value=6.13806e-05 0.000921628 0.00145284 0.00211111 -0.000354944 -0.00432496 0.00345892 -0.00770735 -0.0102257 0.0044374 -0.000932444 0.00462932 0.00380776 0.00213823
internal_weight=2.53286e+08 2.84796e+07 2.68281e+07 2.40841e+07 1.21681e+07 2.74394e+06 1.18317e+06 1.65156e+06 1.56077e+06 4.02333e+06 1.32805e+06 1.19161e+07 1.03105e+07 6.79626e+06
internal_count=229642 25048 22479 17173 9678 5306 2367 2569 2939 4308 2410 7495 6546 4205
cat_boundaries=0 1 2 3 4 5 6
cat_threshold=424 54 102 300 8 392
is_linear=0
shrinkage=0.03


Tree=405
num_leaves=15
num_cat=3
split_feature=13 12 14 13 14 1 0 11 0 1 14 0 1 14
split_gain=101722 139802 51265.2 14641.6 39479 64859.4 71994.3 73595.7 68964.4 53528.9 141221 129932 79197.5 108966
threshold=0.33722492917240238 1.015774644378785 0.80434234060582843 0.98287774933766825 0.97286923582110807 8.5000000000000018 0 1.0142450752632377 1 8.5000000000000018 0.87240828042121621 2 12.500000000000002 0.82904377039527477
decision_type=2 2 2 2 2 2 1 2 1 2 2 1 2 2
left_child=1 2 -1 4 9 8 7 -7 -6 10 11 -2 13 -11
right_child=3 -3 -4 -5 5 6 -8 -9 -10 12 -12 -13 -14 -15
leaf_value=-0.00022371447709252981 -0.00030234884840815783 0.0071187700233026497 0.0036588568567003676 -2.473295100531535e-05 0.0001555260314152281 -0.00034956161714378732 0.00024478302211374209 0.00027159047661004721 -0.00034735006467348376 -0.00053469737090281247 -0.00013802327967780417 0.00071651634887874766 1.7625861543754871e-05 -7.1358871124913242e-05
leaf_weight=1098688.1251875162 1102427.3862497807 392161.04979765415 592482.63698780537 135848560.50285089 3479618.0391924381 5660149.9291992188 21363263.328115225 5710815.2841815948 3610723.4239503145 5359568.7503662109 6875225.8928790092 4076548.2729401588 43321506.712076187 14620883.89723587
leaf_count=2033 2013 2636 1316 120994 5287 4555 17832 4916 5980 4324 8760 5055 33812 9983
internal_value=2.52872e-05 0.00662696 0.00288466 -2.95011e-05 0.000219322 0.000983331 0.00154679 -0.000381639 -0.00161802 -0.000184445 0.00164785 0.00538915 -0.000533357 -0.00209585
internal_weight=2.53113e+08 2.08333e+06 1.69117e+06 2.51029e+08 1.15181e+08 3.98246e+07 3.27342e+07 1.1371e+07 7.09034e+06 7.53562e+07 1.20542e+07 5.17898e+06 6.3302e+07 1.99805e+07
internal_count=229496 5985 3349 223511 102517 38570 27303 9471 11267 63947 15828 7068 48119 14307
cat_boundaries=0 1 2 3
cat_threshold=324 269 34
is_linear=0
shrinkage=0.03


Tree=406
num_leaves=15
num_cat=2
split_feature=13 12 11 11 11 2 16 16 2 0 16 0 5 2
split_gain=136904 150080 72099.3 29886.4 20963.6 21309.9 20275.1 63595.7 56532.9 89765.5 87137.5 78415.9 43128.6 141777
threshold=0.33722492917240238 0.99077193618339965 0.92833667948537613 0.91700597683295093 0.78683299918466465 2.5000000000000004 0.084106029726928572 0.076603777319970187 1.5000000000000002 0 0.095563585634923495 1 1.0000000180025095e-35 3.5000000000000004
decision_type=2 2 2 2 2 2 2 2 2 1 2 1 2 2
left_child=1 3 -3 -1 5 -2 7 12 11 -10 -11 -8 -6 -14
right_child=4 2 -4 -5 6 -7 8 -9 9 10 -12 -13 13 -15
leaf_value=0.00075691442260692572 6.198609027990611e-06 0.00016980684901544429 0.0085929260696985411 -0.0015162153758942732 -2.0286925602281201e-05 0.00088372558435981317 -0.00037013852278771974 0.00011220116924020686 0.00012564544842759269 -0.00012265036595605227 -0.00057142712248999645 0.00013794057375450384 -0.00034050839437076115 0.0011844850293966146
leaf_weight=877285.19526910782 1446321.4056406021 194569.44870877266 395659.20447337627 752686.82030642033 171574492.95096743 1128948.6470727921 3857577.9310302734 30020619.59289217 9196400.4376525879 14174999.454717636 4465446.8982486725 12416516.702392578 1525322.0736271143 1375429.3074493408
leaf_count=1058 1324 146 3716 1120 179445 1570 2586 17443 7736 5685 1512 4004 1270 1260
internal_value=5.31016e-05 0.00746999 0.0204318 0.00277637 -1.24564e-05 0.00268035 -4.03507e-05 8.54774e-05 -0.000623683 -0.00144486 -0.00264145 0.000780942 -0.000133973 0.00349353
internal_weight=2.53402e+08 2.2202e+06 590229 1.62997e+06 2.51182e+08 2.57527e+06 2.48607e+08 2.04496e+08 4.41109e+07 2.78368e+07 1.86404e+07 1.62741e+07 1.74475e+08 2.90075e+06
internal_count=229875 6040 3862 2178 223835 2894 220941 199418 21523 14933 7197 6590 181975 2530
cat_boundaries=0 1 2
cat_threshold=226 162
is_linear=0
shrinkage=0.03


Tree=407
num_leaves=15
num_cat=1
split_feature=13 12 11 14 11 12 14 10 11 12 0 14 1 1
split_gain=127444 157660 60928.4 45488.8 17033.4 30932.6 45016.2 17737.3 40539.6 29781.4 109595 28590.3 162212 121229
threshold=0.33722492917240238 0.99415645601000158 0.92833667948537613 0.78792964845128977 0.78683299918466465 0.91874762502524698 0.86613134518559198 0.82120607435980486 0.86323173388241103 0.9608647852025366 0 0.81478135714231403 8.5000000000000018 11.500000000000002
decision_type=2 2 2 2 2 2 2 2 2 2 1 2 2 2
left_child=1 3 -3 -1 -2 6 -6 -7 -9 10 -10 12 -11 -14
right_child=4 2 -4 -5 5 7 -8 8 9 11 -12 -13 13 -15
leaf_value=-0.00042536058838485755 0.00026838153360703116 0.00021035783499123636 0.0075327610351770304 0.0010490276912356322 -5.0091798095929842e-06 -0.0001749497378868916 -0.0010392334468354945 0.00046642317778860083 0.00064646868888050915 0.00039527702530516072 -3.3602007100575635e-05 1.0682077613477533e-05 -0.00072920133045398044 -0.00014097054995883159
leaf_weight=793564.74661529064 2593513.2285702229 188396.47017705441 386340.46901476383 777285.97840225697 1773575.1978168488 7217539.743260026 1219624.6931700706 1770303.6641316414 1589297.5023905039 3384452.6329876184 4637116.5679200888 213715526.08403993 2897147.267346859 10401087.097136497
leaf_count=1300 2893 125 3685 894 1267 7508 1767 1444 1421 5183 3701 187317 2558 8719
internal_value=0.000111055 0.00739156 0.0208359 0.00247258 4.88694e-05 2.36374e-05 -0.00300768 6.05791e-05 0.000104939 7.11004e-05 0.00211841 1.57726e-05 -0.00118035 -0.00267272
internal_weight=2.53345e+08 2.14559e+06 574737 1.57085e+06 2.51199e+08 2.48606e+08 2.9932e+06 2.45612e+08 2.38395e+08 2.36625e+08 6.22641e+06 2.30398e+08 1.66827e+07 1.32982e+07
internal_count=229782 6004 3810 2194 223778 220885 3034 217851 210343 208899 5122 203777 16460 11277
cat_boundaries=0 1
cat_threshold=368
is_linear=0
shrinkage=0.03


Tree=408
num_leaves=15
num_cat=4
split_feature=13 12 11 14 12 12 1 0 10 1 0 9 0 0
split_gain=106651 164931 71668.2 47393.8 20800.1 46294.5 76670.1 72313.1 71886.9 69565.2 100757 119915 223235 91520
threshold=0.33722492917240238 0.99077193618339965 0.92833667948537613 0.78118195219137643 1.0051969303918387 1.0124435480921343 18.500000000000004 0 1.042224977287155 18.500000000000004 1 89.500000000000014 2 3
decision_type=2 2 2 2 2 2 2 1 2 2 1 2 1 1
left_child=1 3 -3 -1 -2 6 7 8 -6 13 -11 12 -12 -7
right_child=4 2 -4 -5 5 9 -8 -9 -10 10 11 -13 -14 -15
leaf_value=-0.00057884410751032152 3.5580579017404791e-05 0.00015508887109131429 0.0085615832437968917 0.0028212068235384411 -0.00044805530780958109 0.00011962660031645968 0.00027584664676595058 -5.1017122678735161e-05 4.714056348452024e-05 -0.00045867730035098193 -0.0028462251523984376 0.00013924016894238312 -0.00025064999677306565 -2.5643694711432276e-05
leaf_weight=738219.98489904404 91137999.644022942 193405.06277751923 390191.71991121769 871668.72679579258 8636041.9326268435 36445673.585927606 4292654.4343514442 12763312.944288492 2447225.0914007425 3646294.8478240967 764202.85601806641 12865880.134334326 2693228.4887189865 75518281.372037649
leaf_count=1274 76011 139 3742 903 4719 18622 5321 11157 1386 2324 759 21642 5308 76400
internal_value=0.000125427 0.00671185 0.0203748 0.0017589 6.7917e-05 -0.000138063 -0.00124277 -0.00190717 -0.00367999 9.75531e-05 -0.0015336 -0.000526441 -0.00548662 0.000388481
internal_weight=2.53404e+08 2.19349e+06 583597 1.60989e+06 2.51211e+08 1.60073e+08 2.81392e+07 2.38466e+07 1.10833e+07 1.31934e+08 1.99696e+07 1.63233e+07 3.45743e+06 1.11964e+08
internal_count=229707 6058 3881 2177 223649 147638 22583 17262 6105 125055 30033 27709 6067 95022
cat_boundaries=0 1 2 3 4
cat_threshold=52 16 4 20
is_linear=0
shrinkage=0.03


Tree=409
num_leaves=15
num_cat=3
split_feature=13 12 3 0 13 16 0 1 13 9 1 16 0 1
split_gain=118697 172823 31391.2 15875.6 15151.8 36014.2 73680 42793.2 153064 48403.8 140445 47415.3 51311.4 46739.9
threshold=0.33722492917240238 1.015774644378785 1.5000000000000002 0 0.9657592390698625 0.033408427236835604 1 8.5000000000000018 0.8995954204883273 85.500000000000014 17.500000000000004 0.090659472269326052 2 16.500000000000004
decision_type=2 2 2 1 2 2 1 2 2 2 2 2 1 2
left_child=1 2 -1 -3 5 6 -2 8 11 10 -9 12 -7 -11
right_child=4 3 -4 -5 -6 7 -8 9 -10 13 -12 -13 -14 -15
leaf_value=-0.0030487008212332313 0.0001012080111255061 0.0031040369133388478 -0.0014561683067470747 -0.0032741403936084211 -1.9606831019017335e-05 0.0009672206143386266 -0.00090892652177939888 0.00048802789724985919 -0.00010069980138461277 -6.1656558099950647e-05 -0.00021877322906038729 8.9693524566575978e-05 0.00035013517246923421 8.5947638333890367e-05
leaf_weight=973622.15879380703 4133092.8905825615 289874.34433329105 799584.0038946867 182133.46489942074 154708936.4274292 2104343.4075317383 3314066.6406155825 5537206.1277537346 6026021.6556549072 45835424.33776474 2899227.2869415283 2686745.8181209564 1958421.0113558769 22556349.182163239
leaf_count=2059 16360 677 1309 1994 134738 872 13232 4198 3119 32024 2065 1084 1859 14586
internal_value=5.00068e-05 0.00691728 0.00262301 0.0230497 -1.12361e-05 0.000282609 -0.00172198 0.000449215 0.00205696 0.000181869 0.00232586 0.00515971 0.00720449 -8.26025e-05
internal_weight=2.54005e+08 2.24521e+06 1.77321e+06 472008 2.5176e+08 9.70509e+07 7.44716e+06 8.96037e+07 1.27755e+07 7.68282e+07 8.43643e+06 6.74951e+06 4.06276e+06 6.83918e+07
internal_count=230176 6039 3368 2671 224137 89399 29592 59807 6934 52873 6263 3815 2731 46610
cat_boundaries=0 1 2 3
cat_threshold=56 472 28
is_linear=0
shrinkage=0.03


Tree=410
num_leaves=15
num_cat=1
split_feature=13 12 11 16 9 16 9 2 9 9 0 12 11 1
split_gain=97532.9 156370 100218 22450.7 79022 162901 106321 92952 89521.8 78391.6 84491.9 68660.7 120786 121274
threshold=0.33722492917240238 0.98609395010972944 0.92833667948537613 0.055845160148253276 66.500000000000014 0.051649335966063865 83.500000000000014 4.5000000000000009 79.500000000000014 85.500000000000014 0 1.0556393429599884 1.0205127915344043 9.5000000000000018
decision_type=2 2 2 2 2 2 2 2 2 2 1 2 2 2
left_child=1 -1 -3 4 5 -2 7 8 -6 -8 11 12 -11 -14
right_child=3 2 -4 -5 6 -7 9 -9 -10 10 -12 -13 13 -15
leaf_value=0.00028884376326098848 -0.00023891556905390081 0.00021439780569192237 0.0069941453294193835 -1.086363373791525e-05 2.034973372318311e-05 0.0014548317675803556 0.00051750041253546385 -0.0011265360209164257 -0.0009038018793372858 3.6227686784383497e-05 0.00018273477369175873 0.00026150893809421378 0.0002653016161802705 -0.00052513351239491415
leaf_weight=1545111.5590283871 1243960.3360307217 213169.57933306694 408621.36040961742 177718135.95694566 4766041.7679628134 1372196.0993652344 1094010.0972372293 1560504.8600393534 968234.23959290981 10955498.139264703 41370699.64253211 3138311.6532421112 1358693.3880900145 5956910.1142549515
leaf_count=1938 2798 169 3965 106832 6459 789 1447 3922 1309 15240 69949 5035 4650 5709
internal_value=0.000122801 0.00646024 0.0191641 6.81984e-05 0.000508091 0.00562873 0.000319857 -0.00311131 -0.00134471 0.000711715 0.000572977 -0.000956918 -0.00166103 -0.00464599
internal_weight=2.5367e+08 2.1669e+06 621791 2.51503e+08 7.37851e+07 2.61616e+06 7.11689e+07 7.29478e+06 5.73428e+06 6.38741e+07 6.27801e+07 2.14094e+07 1.82711e+07 7.3156e+06
internal_count=230211 6072 4134 224139 117307 3587 113720 11690 7768 102030 100583 30634 25599 10359
cat_boundaries=0 1
cat_threshold=145
is_linear=0
shrinkage=0.03


Tree=411
num_leaves=15
num_cat=2
split_feature=13 12 3 0 12 16 0 10 2 12 2 16 16 9
split_gain=124046 167955 29590.3 25844.8 18980.2 17670 82555 68513.6 40492.3 65701.3 37011 34096.5 61276.8 74506.7
threshold=0.33722492917240238 0.99077193618339965 1.5000000000000002 0 1.0251274134934043 0.087445513065073616 1 1.0343648345375296 1.5000000000000002 1.0048876901737636 2.5000000000000004 0.076603777319970187 0.081083792322249923 84.500000000000014
decision_type=2 2 2 1 2 2 1 2 2 2 2 2 2 2
left_child=1 2 -1 -3 -5 11 7 -7 9 -8 -9 -2 -13 -14
right_child=5 3 -4 4 -6 6 8 10 -10 -11 -12 12 13 -15
leaf_value=0.00076564479309269374 -3.8805053404389137e-06 0.006303084479757603 -0.0014946555686828533 0.00050542846033017246 0.0029349438804259992 -9.2937646187358974e-05 0.00027632194784602129 0.00062933341528327385 -0.00019621066657965456 -0.00011811517128035571 9.0360685436093269e-05 0.00022983800091492922 0.000355403664177487 -6.2065994925799119e-05
leaf_weight=867539.16283011436 176499668.49148238 363302.37870275974 747577.0825728178 125225.44123649597 83572.850493311882 5283691.2607207298 3441919.1478881836 3087015.0207519531 15055507.526153564 6597732.0394287109 1928687.2613317966 15168999.824832916 2940669.6410851479 21343293.930225372
leaf_count=1278 184427 1035 896 1236 1610 2698 1059 1540 7408 2533 1277 9787 1688 11441
internal_value=9.7423e-05 0.00721095 0.00226321 0.021179 0.0127659 3.55213e-05 -0.000585797 0.00167579 -0.00151398 -3.82754e-05 0.00418714 0.000137355 0.000934668 2.35024e-07
internal_weight=2.53534e+08 2.18722e+06 1.61512e+06 572101 208798 2.51347e+08 3.53946e+07 1.02994e+07 2.50952e+07 1.00397e+07 5.0157e+06 2.15953e+08 3.9453e+07 2.4284e+07
internal_count=229913 6055 2174 3881 2846 223858 16515 5515 11000 3592 2817 207343 22916 13129
cat_boundaries=0 1 2
cat_threshold=56 448
is_linear=0
shrinkage=0.03


Tree=412
num_leaves=15
num_cat=2
split_feature=13 2 11 14 16 16 0 1 0 1 9 16 16 5
split_gain=120440 70392.9 104112 50788.6 17814.1 95486.4 70306.3 72496.2 69371.9 84082.9 110199 88205.9 52631.7 39592.6
threshold=0.33722492917240238 4.5000000000000009 0.91700597683295093 0.81980602617696507 0.081083792322249923 0.076603777319970187 0 16.500000000000004 1 8.5000000000000018 89.500000000000014 0.10107186579718457 0.093489802824248333 1.0000000180025095e-35
decision_type=2 2 2 2 2 2 1 2 1 2 2 2 2 2
left_child=1 2 -1 -3 5 13 7 -7 9 11 -11 -6 -12 -2
right_child=4 3 -4 -5 8 6 -8 -9 -10 10 12 -13 -14 -15
leaf_value=0.00063444588828874657 -1.6758313282526895e-05 -0.0017355592650396094 -0.0027385552277851247 0.015334533896060874 0.00089925699025495006 0.00018375790489640227 2.5108154386277021e-05 0.00055466627627893223 -9.5170735290517003e-05 0.00068492057567822969 -8.5564420018924923e-05 0.00014438147324609445 -0.0008651818211846561 0.00031999779121490689
leaf_weight=980016.62337601185 173301308.73763132 405909.89295351505 398859.27212381363 386962.66739809513 2431995.4544124603 4014829.9231300354 7486445.1496887207 3605096.2553024292 41324394.199859619 2232191.8362720013 8025517.7651233673 3958068.7824397087 1985118.396484375 2881215.2390545607
leaf_count=1003 181768 933 2843 1265 1279 2642 5315 1867 17272 1624 6484 2002 1129 2518
internal_value=1.26588e-05 0.00704715 0.0111428 -7.55022e-05 -4.81467e-05 9.32795e-05 0.00238229 0.00441091 -0.000499356 0.00102033 -0.000435615 0.00380981 -0.00177963 -0.000102987
internal_weight=2.53418e+08 2.17175e+06 1.37888e+06 792873 2.51246e+08 1.91289e+08 1.51064e+07 7.61993e+06 5.99573e+07 1.86329e+07 1.22428e+07 6.39006e+06 1.00106e+07 1.76183e+08
internal_count=229944 6044 3846 2198 223900 194110 9824 4509 29790 12518 9237 3281 7613 184286
cat_boundaries=0 1 2
cat_threshold=305 449
is_linear=0
shrinkage=0.03


Tree=413
num_leaves=15
num_cat=3
split_feature=10 14 3 10 0 10 0 1 12 12 16 0 12 12
split_gain=29430.7 54577.2 70936.2 79533 112236 77431.2 73199.7 63737.2 50642.3 59964.9 50613 50597.7 42951.6 42611.6
threshold=0.97917871843321136 0.85973408525515194 1.5000000000000002 0.83310007439074751 0 0.79976984507662452 1 8.5000000000000018 1.0121289381029088 0.94549931222377859 0.051649335966063865 2 1.0121289381029088 0.99712577792716017
decision_type=2 2 2 2 1 2 1 2 2 2 2 1 2 2
left_child=1 7 6 5 -5 -4 8 -1 9 -3 -8 -9 -6 -12
right_child=-2 2 3 4 12 -7 10 11 -10 -11 13 -13 -14 -15
leaf_value=0.00029096571984008626 -3.5335152806784891e-06 -0.00018598732540925768 -0.00021236123870624717 -0.0031361411550417106 0.00023287180928224696 0.0024016857582925197 0.00051871759526745222 -0.00012067503825462647 -1.6325146255954745e-05 0.0004163168341391645 -0.0003051068073628391 0.00041668630131452041 -0.00089639247965626206 1.9752036870139005e-05
leaf_weight=1350936.9067256451 213033369.72951686 1761708.1705607176 1953434.3316708803 1391743.6738189459 1869751.6482337713 610043.90693032742 1533937.6726230383 2893423.10891819 4649105.4940655231 9363542.2922785282 4116964.0443725586 3083418.1237802505 2016668.6880850792 3953315.9873352051
leaf_count=2043 190515 2015 3363 1821 3019 1020 3369 2262 4137 6906 2133 1984 3201 2144
internal_value=0.000104284 0.000845086 0.000328161 -0.00216577 -0.00427131 0.00216952 0.00109875 0.00318855 0.00235593 0.00345477 -0.000966092 0.00185836 -0.0016534 -0.00191556
internal_weight=2.53581e+08 4.0548e+07 3.32202e+07 7.84164e+06 5.27816e+06 2.56348e+06 2.53786e+07 7.32778e+06 1.57744e+07 1.11253e+07 9.60422e+06 5.97684e+06 3.88642e+06 8.07028e+06
internal_count=229932 39417 33128 12424 8041 4383 20704 6289 13058 8921 7646 4246 6220 4277
cat_boundaries=0 1 2 3
cat_threshold=80 403 388
is_linear=0
shrinkage=0.03


Tree=414
num_leaves=15
num_cat=2
split_feature=13 12 14 0 14 0 1 12 3 1 16 12 4 13
split_gain=98161.6 185872 66937.2 16545.4 15616 43521.1 58702.1 39423.2 43170 37323.9 35072.5 43643.7 38899.9 33920.6
threshold=0.33722492917240238 1.015774644378785 0.80434234060582843 0 1.0577981349574546 1 10.500000000000002 1.0182782321369752 1.0000000180025095e-35 18.500000000000004 0.03553230016294702 0.98344643590589009 1.0000000180025095e-35 1.275313048505496
decision_type=2 2 2 1 2 1 2 2 2 2 2 2 2 2
left_child=1 2 -1 -3 13 6 -6 8 -8 -9 12 -12 -7 -2
right_child=4 3 -4 -5 5 10 7 9 -10 -11 11 -13 -14 -15
leaf_value=-0.00023351702899343274 -5.1249027717234363e-06 0.006358364864370295 -0.0057583199366864485 0.0061573359886199427 -0.00024528868721552187 0.00029053574615162548 0.00032498209610315335 0.00047736334167210491 0.0018981864593427382 -0.00044214238585782765 -0.00078162435886957877 -2.8079735327837384e-05 0.0033263775911220759 0.0007745712197065025
leaf_weight=1146606.9313126802 224070576.78358591 275596.35106861591 593853.13675415516 183935.68670475483 2545753.9044839144 2450821.4676400423 1620061.1445837021 3479034.0980682373 1734704.1198458672 1336242.3651111126 2070856.5230102539 10607802.797047615 313747.81220507622 1306965.2873549461
leaf_count=2050 175881 672 1295 1966 7802 13467 2254 3549 2580 3365 1865 8260 1281 3669
internal_value=0.000101961 0.00641139 0.00193072 0.0233818 4.67771e-05 0.000740602 0.00220959 0.00344905 0.00594574 0.00170962 -0.000278702 -0.000946297 0.00278297 -3.37535e-05
internal_weight=2.53737e+08 2.19999e+06 1.74046e+06 459532 2.51537e+08 2.6159e+07 1.07158e+07 8.17004e+06 3.35477e+06 4.81528e+06 1.54432e+07 1.26787e+07 2.76457e+06 2.25378e+08
internal_count=229956 5983 3345 2638 223973 44423 19550 11748 4834 6914 24873 10125 14748 179550
cat_boundaries=0 1 2
cat_threshold=56 178
is_linear=0
shrinkage=0.03


Tree=415
num_leaves=15
num_cat=0
split_feature=13 12 14 2 9 10 10 12 10 14 1 14 16 16
split_gain=99198.3 180786 61630.7 16889.2 131217 107757 85717.9 115046 148997 106061 124622 92214.7 82454.4 80709.9
threshold=0.33722492917240238 1.015774644378785 0.80434234060582843 4.5000000000000009 74.500000000000014 1.311423601463038 0.99451885417014119 1.019141366626745 0.9886891224358052 0.9501478120155229 19.500000000000004 0.86320648166248037 0.074527288830099334 0.063220076633974567
decision_type=2 2 2 2 2 2 2 2 2 2 2 2 2 2
left_child=1 2 -1 -2 13 6 7 8 11 12 -11 -6 -8 -5
right_child=3 -3 -4 4 5 -7 9 -9 -10 10 -12 -13 -14 -15
leaf_value=-0.00020909199323348001 -1.0354598245294437e-05 0.0060554580967186276 0.0035986897521552209 -0.001615853468133937 0.0020112067686094519 -0.0015278775746048619 0.00026756966415925808 -0.0012440348093815227 -0.0026999468484694752 0.00050501792793479971 -0.00047978290081352576 0.00018581872071122405 -0.00053990656237123936 -0.00022242862635988564
leaf_weight=1171884.8572303057 207316707.09930038 471910.37132978439 598316.85172975063 897519.17294490337 760318.73489260674 854123.49083161354 4764476.9879460335 2638153.681032896 987196.30716896057 18942431.266371131 2743157.9537417889 5528784.437436223 4152706.9857788086 1670504.0213868618
leaf_count=2057 162550 2638 1330 2124 784 1138 8541 3937 1071 23722 6413 8347 3638 1508
internal_value=4.13735e-05 0.00632363 0.00192523 -1.46869e-05 0.00051958 0.00092803 0.00115033 -0.00127395 0.000671932 0.00193573 0.00306825 0.00237277 -0.000818447 -0.00606063
internal_weight=2.53498e+08 2.24211e+06 1.7702e+06 2.51256e+08 4.39394e+07 4.13713e+07 4.05172e+07 9.91445e+06 7.2763e+06 3.06028e+07 2.16856e+07 6.2891e+06 8.91718e+06 2.56802e+06
internal_count=229798 6025 3387 223773 61223 57591 56453 14139 10202 42314 30135 9131 12179 3632
is_linear=0
shrinkage=0.03


Tree=416
num_leaves=15
num_cat=4
split_feature=13 10 0 11 2 0 16 9 16 16 0 13 0 14
split_gain=111038 92796 82060 62768 19660.2 59157.4 54761.6 70771.1 72310.1 56672.7 51168.7 41395.6 31997.9 28852.9
threshold=0.33722492917240238 1.0184092183406726 0 0.92167517421559297 1.0000000180025095e-35 1 0.060185319116737239 79.500000000000014 0.044059173375584744 0.027505680972414012 2 0.97742662729234897 3 0.95798044583783115
decision_type=2 2 1 2 2 1 2 2 2 2 1 2 1 2
left_child=1 3 -3 -1 5 -2 7 -7 9 12 -10 -12 -9 -8
right_child=4 2 -4 -5 -6 6 13 8 10 -11 11 -13 -14 -15
leaf_value=0.00052513643670105156 -0.00039055806489556076 -0.0024585014129377336 0.010184585149361075 -0.062677217531417209 1.6558672692795706e-05 0.00064227876691196745 0.00016417322111846451 0.00037199500192696783 3.5601353164883037e-06 0.00043120376486416513 -0.00025597907002977325 -0.00055282535027271866 -0.00065487113227776124 -3.586253282059197e-06
leaf_weight=1094570.9349504709 7035784.3223111629 144717.96084928513 274450.05769824982 695039.96006679535 207361861.71748745 1279616.1384499073 9292594.546875 651786.99524199963 2571214.1780395508 1894773.635345459 4273032.4912109375 2591062.9537353516 1245758.8152592182 12466281.1824646
leaf_count=1220 7311 938 2300 1557 190581 1331 4552 2993 2526 1648 1905 1129 4221 5560
internal_value=0.000106844 0.00680376 -0.00590182 0.0097797 4.78326e-05 -0.000533575 -4.51721e-05 -0.00147286 -0.00212458 0.00137411 -0.0035308 -0.00488294 -0.00229058 0.000906709
internal_weight=2.52873e+08 2.20878e+06 419168 1.78961e+06 2.50664e+08 4.33019e+07 3.62661e+07 1.45072e+07 1.32276e+07 3.79232e+06 9.43531e+06 6.8641e+06 1.89755e+06 2.17589e+07
internal_count=229772 6015 3238 2777 223757 33176 25865 15753 14422 8862 5560 3034 7214 10112
cat_boundaries=0 1 2 3 4
cat_threshold=256 130 352 104
is_linear=0
shrinkage=0.03


Tree=417
num_leaves=15
num_cat=0
split_feature=13 12 14 16 16 14 14 2 3 5 13 11 14 13
split_gain=118422 150365 75504.8 16615.1 63980.5 61381.3 58199.3 47255.5 69995.9 89494.6 39146.7 40679.6 38572.2 42617.3
threshold=0.33722492917240238 1.015250755764568 0.80434234060582843 0.058336580742461501 0.057505427333663137 0.82429078277395884 0.92014130769720315 1.5000000000000002 1.0000000180025095e-35 1.0000000180025095e-35 0.97742662729234897 1.0678791492101112 1.0132426690778591 0.73657537842813825
decision_type=2 2 2 2 2 2 2 2 2 2 2 2 2 2
left_child=1 2 -1 4 5 10 -6 -7 -9 12 -2 -12 13 -10
right_child=3 -3 -4 -5 6 7 -8 8 9 -11 11 -13 -14 -15
leaf_value=-0.00022624693372944171 -0.0004799198610898369 0.007377494232865961 -0.0035425283000026972 -1.4764669962965823e-05 0.00082938901288166029 -6.9483977824318503e-05 0.00014295254479306411 0.00023270605201020618 0.00057742468903035067 0.0016963536842014798 0.00097010119485542055 -0.00029768181848633405 0.00018329489277323777 -0.00019480633510306444
leaf_weight=1090986.9298850298 5158781.4988553524 450561.1051492691 609736.99657428265 164364259.4002955 1426491.4282531738 26120764.882257819 3603975.1962509155 25118221.251252055 968570.72478508949 604591.95707678795 299133.00365400314 289185.49108028412 9436564.1272264719 13607429.638614893
leaf_count=2019 8455 2688 1331 96970 999 32157 2580 31677 1965 815 1098 938 23717 22383
internal_value=6.81418e-05 0.0070768 0.00299449 8.07107e-06 0.000344271 0.000141852 0.00362788 0.000368324 0.000910965 -0.000225878 -0.00284736 0.00448445 -0.000512898 -0.00148035
internal_weight=2.53149e+08 2.15129e+06 1.70072e+06 2.50998e+08 8.66337e+07 8.16032e+07 5.03047e+06 7.58561e+07 4.97354e+07 2.46172e+07 5.7471e+06 588318 2.40126e+07 1.4576e+07
internal_count=229792 6038 3350 223754 126784 123205 3579 112714 80557 48880 10491 2036 48065 24348
is_linear=0
shrinkage=0.03


Tree=418
num_leaves=15
num_cat=4
split_feature=13 12 0 16 2 3 1 9 0 9 2 0 0 9
split_gain=115774 143203 25847.7 15878.2 61010.1 71464.3 144264 78792.9 76476.8 71494.5 114439 64873.3 63873.4 152130
threshold=0.33722492917240238 0.98609395010972944 0 0.055845160148253276 1.5000000000000002 1.0000000180025095e-35 8.5000000000000018 84.500000000000014 1 89.500000000000014 4.5000000000000009 2 3 89.500000000000014
decision_type=2 2 1 2 2 2 2 2 1 2 2 1 1 2
left_child=1 -1 -3 4 -2 6 7 -6 -9 10 -7 -12 -8 -14
right_child=3 2 -4 -5 5 9 12 8 -10 -11 11 -13 13 -15
leaf_value=0.0004788011595024817 -7.7083430213001773e-05 -0.0035723286999164747 -0.02002117962954806 -1.1196445462665254e-05 -0.0013055267040922127 0.00012495585076950001 0.00086678213977253228 0.00083792529329136819 -0.00041848982291906413 9.5933028957764847e-05 -0.00034841902895580882 -0.0018200011908387436 0.00057267241725938935 4.7445167678628792e-05
leaf_weight=1519855.8135892153 25704340.612454176 395049.18558180332 226018.58256077766 177813213.846277 531513.5168762207 1779759.977886796 7320633.0031712055 594232.48081982136 2233807.7849518061 19318574.241396904 952651.67869067192 1111904.2081662416 2549931.3759975433 11359989.344760895
leaf_count=1928 34161 1111 2952 106794 1847 2663 9383 2083 7973 42374 2340 2869 2097 9459
internal_value=6.9222e-05 0.007016 0.0191535 1.00326e-05 0.000381069 0.00101539 0.00214176 -0.00363468 -0.00164291 -0.000180387 -0.00391667 -0.00872247 0.00305583 0.00186208
internal_weight=2.53411e+08 2.14092e+06 621068 2.51271e+08 7.34573e+07 4.7753e+07 2.45901e+07 3.35955e+06 2.82804e+06 2.31629e+07 3.84432e+06 2.06456e+06 2.12306e+07 1.39099e+07
internal_count=230034 5991 4063 224043 117249 83088 32842 11903 10056 50246 7872 5209 20939 11556
cat_boundaries=0 1 2 3 4
cat_threshold=56 136 147 102
is_linear=0
shrinkage=0.03


Tree=419
num_leaves=15
num_cat=3
split_feature=13 10 0 11 10 0 11 11 10 10 9 13 10 0
split_gain=125727 91493.4 72136.9 56159.9 17317.8 57204.4 73857.5 80720.9 59100 57519.2 58751.8 52199.1 51162.1 64835
threshold=0.33722492917240238 1.0184092183406726 0 0.92167517421559297 1.0287464565096112 1 1.0427239847918768 0.98059644709439753 1.0240227005496314 1.0256811482550938 65.500000000000014 0.75120686073511089 1.0339200468393874 2
decision_type=2 2 1 2 2 1 2 2 2 2 2 2 2 1
left_child=1 3 -3 -1 5 6 7 -2 -7 10 -9 -12 13 -6
right_child=4 2 -4 -5 12 8 -8 9 -10 -11 11 -13 -14 -15
leaf_value=0.00055253954998413127 -8.011937191629756e-05 -0.0018208764966272542 -0.00088520437240102831 0.0091168585963604006 0.0010421715314661312 -4.7168467342723704e-05 -0.00059184232259410993 -0.00039065479831976727 -0.00034273785675220891 -0.00027097557453024089 -0.00050379212914534999 0.00038107425378356379 7.8616813478130236e-06 9.8303418858351795e-05
leaf_weight=1100726.9635487795 16122670.264597297 142090.13035964966 273548.8638510704 696527.95832228661 1731183.4035153389 64043726.953909159 2515804.1213763952 1447096.2556496859 5981567.4293515682 2427301.6223299503 1177497.2403182983 19283068.848230839 128190708.60414958 7919831.7618244886
leaf_count=1226 14533 958 2284 1570 1654 54090 2553 1092 3942 2381 1171 16656 119298 6278
internal_value=7.70344e-05 0.00719651 -0.00548824 0.01013 1.42269e-05 -0.000261083 0.000600558 0.000910697 -0.000789859 0.00200143 0.00248691 0.00290008 0.000239918 0.00234635
internal_weight=2.53053e+08 2.21289e+06 415639 1.79725e+06 2.5084e+08 1.12999e+08 4.29734e+07 4.04576e+07 7.00253e+07 2.4335e+07 2.19077e+07 2.04606e+07 1.37842e+08 9.65102e+06
internal_count=229686 6038 3242 2796 223648 96418 38386 35833 58032 21300 18919 17827 127230 7932
cat_boundaries=0 1 2 3
cat_threshold=256 75 258
is_linear=0
shrinkage=0.03


Tree=420
num_leaves=15
num_cat=3
split_feature=13 10 0 11 13 14 1 1 1 14 0 0 14 16
split_gain=114643 83218.8 73311.2 55156.6 19593 52929.2 94658.3 86937.2 84676.7 83137.9 80173 73915.7 77522.4 120851
threshold=0.33722492917240238 1.0184092183406726 0 0.92167517421559297 0.98077887089228521 0.93731744019469587 8.5000000000000018 12.500000000000002 7.5000000000000009 0.83750963749447582 1 2 0.88354585953519404 0.090659472269326052
decision_type=2 2 1 2 2 2 2 2 2 2 1 1 2 2
left_child=1 3 -3 -1 5 6 11 9 -7 10 -8 -2 13 -13
right_child=4 2 -4 -5 -6 8 7 -9 -10 -11 -12 12 -14 -15
leaf_value=0.00053476279348560766 -0.00025476561502801599 -0.0017395193800446237 -0.021885739258032083 -0.23411710760721646 -2.3176662586859975e-05 -0.00022809878875679375 -9.440325284277353e-05 -5.0745202234741409e-07 0.0001230076102991689 -6.8741907282123343e-05 -0.00073120703996426225 0.0011165677483209759 -3.7167503367472086e-05 3.5081784530282094e-06
leaf_weight=1047623.7546908855 1742902.4498722553 140434.91810071468 277133.92883646488 708469.95617449284 138823712.39777851 5836204.4395158291 1903728.1420898438 29930299.457309484 54900215.642636061 8515292.8970947266 3962223.3897123337 2483569.9837366343 2065519.5192927122 1725379.9285888672
leaf_count=1181 3118 945 2313 1583 123140 12558 1138 23895 42464 5869 3556 4798 3164 613
internal_value=7.64909e-05 0.00693664 -0.00510111 0.00979901 1.72916e-05 0.000310471 -0.00038882 -0.000931554 0.000912963 -0.00284856 -0.00559679 0.00261084 0.00412901 0.00646502
internal_weight=2.54063e+08 2.17366e+06 417569 1.75609e+06 2.51889e+08 1.13065e+08 5.23289e+07 4.43115e+07 6.07364e+07 1.43812e+07 5.86595e+06 8.01737e+06 6.27447e+06 4.20895e+06
internal_count=230335 6022 3258 2764 224313 101173 46151 34458 55022 10563 4694 11693 8575 5411
cat_boundaries=0 1 2 3
cat_threshold=256 6 34
is_linear=0
shrinkage=0.03


Tree=421
num_leaves=15
num_cat=4
split_feature=13 10 11 0 13 1 0 1 13 0 1 12 0 2
split_gain=248903 183636 253201 64088.4 19168.2 36765.8 77342.5 39968.1 105183 80581.2 35106.1 34730.6 59904.4 87256.8
threshold=0.33722492917240238 1.0184092183406726 0.92167517421559297 0 0.9657592390698625 6.5000000000000009 1 7.5000000000000009 0.91045759547390526 2 5.5000000000000009 1.0048876901737636 3 4.5000000000000009
decision_type=2 2 2 1 2 2 1 2 2 1 2 2 1 2
left_child=1 2 -1 -3 5 6 10 8 9 -7 -2 -9 13 -13
right_child=4 3 -4 -5 -6 7 -8 11 -10 -11 -12 12 -14 -15
leaf_value=0.00053494212952295524 0.0001396444178385047 -0.0016797400258054538 0.016295822522187645 0.0061300074571160167 -1.8367930108263455e-05 0.00097841936514304548 8.9821369173379671e-05 9.3958474918076786e-05 -0.0001717644900491407 6.1018985586790116e-05 -0.0013961366378994128 -0.0001465970359121113 6.6163799688747401e-05 0.00037486605639549251
leaf_weight=1078687.1926846504 269345.18129205704 149493.68291258812 698365.74018573761 282701.65060758591 154448172.98267567 1725650.1595592499 1909199.8802833557 34680209.503307819 2137406.4630432129 1357659.488822937 905696.92504119873 15950667.745819092 35601462.077185869 2602028.997253418
leaf_count=1231 4475 955 1551 2335 134422 849 10067 25687 1450 1480 1730 6353 35655 1720
internal_value=0.000104651 0.0101304 0.0143958 -0.00740796 1.6613e-05 0.000346801 -0.00287622 0.00045249 0.0030035 0.00654889 -0.00893174 0.000302569 -0.000172122 -0.0015543
internal_weight=2.53797e+08 2.20925e+06 1.77705e+06 432195 2.51587e+08 9.71393e+07 3.08424e+06 9.40551e+07 5.22072e+06 3.08331e+06 1.17504e+06 8.88344e+07 5.41542e+07 1.85527e+07
internal_count=229960 6072 2782 3290 223888 89466 16272 73194 3779 2329 6205 69415 43728 8073
cat_boundaries=0 1 2 3 4
cat_threshold=256 67 281 24
is_linear=0
shrinkage=0.03


Tree=422
num_leaves=15
num_cat=3
split_feature=13 14 0 14 4 1 2 14 13 0 14 12 11 0
split_gain=303225 163914 48932.8 24601 17993.2 148873 128840 54664.4 41472.7 73773.1 34630.9 20654.9 49047 122684
threshold=0.33722492917240238 0.75808805599974149 0 0.80434234060582843 1.0000000180025095e-35 12.500000000000002 4.5000000000000009 1.4356776800721678 1.460586317597184 1 1.3465466527055063 1.0051969303918387 1.0142450752632377 2
decision_type=2 2 1 2 2 2 2 2 2 1 2 2 2 1
left_child=1 2 -1 -3 8 10 7 -7 11 -10 -6 -2 13 -13
right_child=4 3 -4 -5 5 6 -8 -9 9 -11 -12 12 -14 -15
leaf_value=0.0006050956952497762 3.1945838488395734e-05 -0.012886078147164217 -0.0005888619604875855 -0.01663578889170551 -0.0017833220077933969 -0.0016711491536637933 0.0013404280415594202 0.00018951005222267615 0.026687024462237995 0.00024194190488151246 -0.0015866885055292681 0.00012461392846367707 2.290123180220756e-06 -0.00032770697344981575
leaf_weight=325366.00577127934 88555857.243505359 489074.59718894958 528895.77862644196 841188.77116978168 720285.55866122246 786882.48251914978 1074053.9549832344 1404254.6107263565 277940.25357866287 1193626.5381866693 1025513.5774681568 9932531.0685549974 129353056.12418175 17028373.213600397
leaf_count=1458 69905 415 1517 2656 1343 935 1347 1970 1446 6291 2363 9696 115525 12754
internal_value=9.12992e-05 0.01122 0.000965305 0.0178054 -5.4216e-06 -0.0017851 0.00199594 -0.00217631 3.078e-05 0.00505202 -0.00885681 6.04336e-07 -0.000206779 -0.00137077
internal_weight=2.53537e+08 2.18453e+06 854262 1.33026e+06 2.51352e+08 5.01099e+06 3.26519e+06 2.19114e+06 2.46341e+08 1.47157e+06 1.7458e+06 2.4487e+08 1.56314e+08 2.69609e+07
internal_count=229621 6046 2975 3071 223575 7958 4252 2905 215617 7737 3706 207880 137975 22450
cat_boundaries=0 1 2 3
cat_threshold=220 24 137
is_linear=0
shrinkage=0.03


Tree=423
num_leaves=15
num_cat=3
split_feature=13 14 0 10 10 2 5 5 3 2 9 0 0 14
split_gain=354551 205326 36645.4 28517.1 77898.1 21954.8 101162 79600.8 81798 90941.3 139345 140695 118007 89368.9
threshold=0.33722492917240238 0.76599082437519839 0 0.88315745690132064 1.024560965295868 2.5000000000000004 1.0000000180025095e-35 1.0000000180025095e-35 1.0000000180025095e-35 4.5000000000000009 74.500000000000014 1 2 0.65200648454514376
decision_type=2 2 1 2 2 2 2 2 2 2 2 1 1 2
left_child=1 2 -1 -3 -5 6 -2 8 -7 -10 11 -11 -12 -14
right_child=5 3 -4 4 -6 7 -8 -9 9 10 12 -13 13 -15
leaf_value=0.00046299629663935644 -1.6825187567244376e-05 0.0056792346342251351 -0.00071478802515205898 0.020008371724342024 0.011518962129637399 0.00012761105505202009 -0.00090297062430471286 0.00070614170088879121 -0.00013135658329491194 0.00063985058498739692 0.00028493533353261764 -0.00096377807445451383 -0.0018208993333200913 -9.441068200197265e-05
leaf_weight=423673.99831116199 125245924.12875271 732713.92052304745 432548.82658803463 291153.45928680897 268950.27134895325 38229431.080813527 2118248.1178970337 1965998.1269887686 39562582.491917253 940240.03049945831 25068127.948915601 1668622.7890479565 545287.03928899765 15749564.190367341
leaf_count=1594 96290 744 1425 758 1422 29618 1500 1486 33363 1724 26135 1958 667 30860
internal_value=7.52303e-05 0.0122088 0.000814244 0.0197553 0.0146591 -2.86173e-05 -0.000305108 0.000255995 0.000159307 -0.00036671 0.0005722 -0.00615229 0.00099633 -0.000991164
internal_weight=2.53243e+08 2.14904e+06 856223 1.29282e+06 560104 2.51094e+08 1.27364e+08 1.2373e+08 1.21764e+08 8.35344e+07 4.39718e+07 2.60886e+06 4.1363e+07 1.62949e+07
internal_count=229544 5943 3019 2924 2180 223601 97790 125811 124325 94707 61344 3682 57662 31527
cat_boundaries=0 1 2 3
cat_threshold=158 139 60
is_linear=0
shrinkage=0.03


Tree=424
num_leaves=15
num_cat=3
split_feature=11 0 14 16 0 1 14 0 1 11 12 12 16 1
split_gain=41300.8 96855.9 159006 49802.9 98036.3 48989.6 45554.5 46916.6 67204.5 53136.1 37372.5 75539.8 67722.4 46279.4
threshold=0.9569913468292458 0 0.84147441079431173 0.044813661194155065 1 16.500000000000004 0.85973408525515194 2 11.500000000000002 0.90644793995258399 0.9608647852025366 0.98344643590589009 0.054444299526872915 19.500000000000004
decision_type=2 1 2 2 1 2 2 1 2 2 2 2 2 2
left_child=1 2 -1 4 -3 -4 -5 8 -8 -9 12 -12 -2 -13
right_child=10 3 5 6 -6 -7 7 9 -10 -11 11 13 -14 -15
leaf_value=0.0017986423981034244 0.000924367767573112 0.001828405210431926 8.8552750778130659e-06 0.00019754606824666133 8.280411707833653e-05 0.00046123161620292337 0.00045342026278983693 -0.00013368058823027851 -0.0002160744362915883 -0.00068047080843844495 -0.00033935558442742681 1.2352439957000427e-05 1.6566007866741689e-05 -0.00020632700562975346
leaf_weight=1457400.3276124001 1409231.5167677402 784947.51800954342 4767733.9996691942 4882787.5394897461 2314251.6046168804 2407897.2258205414 2742882.2180480957 5167035.6278381348 4793320.5092468262 2509599.9724578857 5978221.1719938517 191626749.11547315 3886415.322265625 18719916.220077515
leaf_count=1095 2234 1576 3853 2916 7635 2049 1690 3329 3098 1755 5029 155102 2007 36513
internal_value=0.00010626 0.00111681 0.00382946 0.000107167 0.00364697 0.00199459 -0.00043875 -0.00124797 0.000433503 -0.00289867 -3.8869e-05 -9.98226e-05 0.00245106 -5.31333e-06
internal_weight=2.53448e+08 3.18279e+07 8.63303e+06 2.31948e+07 3.0992e+06 7.17563e+06 2.00956e+07 1.52128e+07 7.5362e+06 7.67664e+06 2.21621e+08 2.16325e+08 5.29565e+06 2.10347e+08
internal_count=229881 28996 6997 21999 9211 5902 12788 9872 4788 5084 200885 196644 4241 191615
cat_boundaries=0 1 2 3
cat_threshold=144 8 261
is_linear=0
shrinkage=0.03


Tree=425
num_leaves=15
num_cat=5
split_feature=13 10 0 0 1 0 0 16 16 12 13 0 9 9
split_gain=282106 148498 116292 74544 22047.2 93339.9 83013.6 91420.3 64985.4 64339.1 59076.3 55760.4 55344.1 103558
threshold=0.33722492917240238 1.0138281127492375 0 1 10.500000000000002 2 3 0.063220076633974567 0.091250173667429463 1.0090220366767901 1.3038248356899209 4 71.500000000000014 81.500000000000014
decision_type=2 2 1 1 2 1 1 2 2 2 2 1 2 2
left_child=1 2 -1 -3 5 12 7 9 10 -6 -8 -12 -2 -14
right_child=4 3 -4 -5 6 -7 8 -9 -10 -11 11 -13 13 -15
leaf_value=0.010737424961970174 -0.00091198183014169223 -0.0017592806650525556 0.0013065262732139381 -0.096453316184571716 0.00081977108754590158 6.4717529482934396e-05 -6.0620846013933726e-05 -3.437477207533208e-05 -0.00029618328930625858 0.00018244560134532417 0.0039258988954759457 2.9046221080107474e-05 0.0011821926999654171 -0.00027053952512753546
leaf_weight=779870.79485356808 896142.5351382494 138376.57406961918 980533.32878267765 295430.54176795483 6148829.0083088875 61761541.13087678 119084686.58343506 27585024.309890747 4649090.9921786785 15705301.094619513 894926.45463180542 1156642.827280283 856033.92891454697 12744107.900770307
leaf_count=798 1526 1005 1828 2366 10629 59195 72346 25756 2088 26064 1105 1998 1603 21776
internal_value=4.79717e-05 0.0107583 0.0146325 -0.00496346 -4.54769e-05 0.000380317 -0.000230783 0.000810762 -0.000640155 0.00226012 -0.000506569 0.00454092 -0.00178611 -0.00131028
internal_weight=2.53677e+08 2.19421e+06 1.7604e+06 433807 2.51482e+08 7.62578e+07 1.75225e+08 4.94392e+07 1.25785e+08 2.18541e+07 1.21136e+08 2.05157e+06 1.44963e+07 1.36001e+07
internal_count=230083 5997 2626 3371 224086 84100 139986 62449 77537 36693 75449 3103 24905 23379
cat_boundaries=0 1 2 3 4 5
cat_threshold=24 256 162 226 20
is_linear=0
shrinkage=0.03


Tree=426
num_leaves=15
num_cat=2
split_feature=13 14 2 12 11 2 9 0 0 14 14 12 1 12
split_gain=215928 212430 46428.7 28426.8 30349.5 14859.2 147948 141792 118996 105674 100436 92670 131693 129925
threshold=0.33722492917240238 0.76599082437519839 3.5000000000000004 0.98115963927892413 0.93171241057181342 4.5000000000000009 74.500000000000014 0 1 0.65200648454514376 1.1312247926346461 0.99493778713559811 19.500000000000004 1.0017672621402147
decision_type=2 2 2 2 2 2 2 1 1 2 2 2 2 2
left_child=1 2 -1 -3 -5 -2 7 -7 10 -10 11 -8 13 -13
right_child=5 3 -4 4 -6 6 8 -9 9 -11 -12 12 -14 -15
leaf_value=0.00067599169640913058 -1.0435236836521627e-05 0.0033815734325156996 -0.0007415838732288655 -0.01125120142509317 0.0086761172674019154 0.00046388567069453169 -0.00032679904921301763 -0.00095526632743056386 -0.0018617056273828613 -9.599168891986157e-05 0.0025546309599896793 0.0010965627748397691 -0.00078777965657208658 0.00029495327745720183
leaf_weight=405711.99441492558 207611597.38876927 611318.45460987091 481927.14264309406 339237.21500504017 346931.32171559334 967069.62860131264 4338340.6505346298 1695111.4245628119 566689.61740338802 15833354.474861741 1200975.6725600958 1973965.9504694939 2024243.6008872986 15294301.710685253
leaf_count=1792 162548 657 1286 208 2083 1744 4282 1958 667 30994 2764 1602 3566 13776
internal_value=5.55251e-05 0.00944537 -0.00186362 0.0171821 0.0213734 -2.60556e-05 0.000475442 -0.00637898 0.000918005 -0.00106514 0.00222776 0.00179764 0.00268852 0.00353714
internal_weight=2.53691e+08 2.18513e+06 887639 1.29749e+06 686169 2.51506e+08 4.38941e+07 2.66218e+06 4.12319e+07 1.64e+07 2.48318e+07 2.36309e+07 1.92925e+07 1.72683e+07
internal_count=229927 6026 3078 2948 2291 223901 61353 3702 57651 31661 25990 23226 18944 15378
cat_boundaries=0 1 2
cat_threshold=139 60
is_linear=0
shrinkage=0.03


Tree=427
num_leaves=15
num_cat=3
split_feature=13 14 3 14 13 13 0 16 0 14 16 1 0 9
split_gain=222915 195762 30473.4 26054.8 19211.1 17771.5 122396 23535.9 16912.9 16580.6 52994 16423.8 88800.1 60702.5
threshold=0.33722492917240238 0.76599082437519839 1.0000000180025095e-35 0.80434234060582843 0.54078925851391635 2.040948787038904 0 0.038465513575636691 1 0.63293050922003624 0.065293844758091996 10.500000000000002 2 71.500000000000014
decision_type=2 2 2 2 2 2 1 2 1 2 2 2 1 2
left_child=1 2 -1 -3 -2 9 -7 8 -8 10 -6 12 13 -11
right_child=4 3 -4 -5 5 6 7 -9 -10 11 -12 -13 -14 -15
leaf_value=0.00033207085265725287 0.00021310987873186072 0.0041073979239870939 -0.00064493714781345445 -0.016274436050334427 0.00030542210331033676 0.041814768465202816 -0.006700308664540292 -0.0010631331290340178 -0.0004342696401286236 -0.0011622828647361925 -0.0006695502867736313 -1.832831648181275e-05 5.6673917755330795e-05 -0.00019569318503445199
leaf_weight=415286.51523911953 3344324.4302339554 480133.92103362083 471585.63746201992 802131.56611979008 1422865.5322356224 332013.15880060196 88604.484015345573 652341.43518209457 136968.99774324894 671240.39386320114 1554337.7855405807 169411435.88992167 64130956.542216539 9201323.1282888651
leaf_count=1664 4549 351 1340 2611 2097 896 707 1089 2669 954 932 134075 61769 13959
internal_value=8.43412e-05 0.0096602 -0.00117658 0.0171554 1.56905e-06 -2.89369e-05 0.003598 -0.00226989 0.00608329 -4.67473e-05 -0.00227199 -1.95303e-05 0.000353316 -0.00229531
internal_weight=2.53116e+08 2.16914e+06 886872 1.28227e+06 2.50946e+08 2.47602e+08 1.20993e+06 877915 225573 2.46392e+08 2.9772e+06 2.43415e+08 7.40035e+07 9.87256e+06
internal_count=229662 5966 3004 2962 223696 219147 5361 4465 3376 213786 3029 210757 76682 14913
cat_boundaries=0 1 2 3
cat_threshold=16 12 34
is_linear=0
shrinkage=0.03


Tree=428
num_leaves=15
num_cat=1
split_feature=13 14 12 2 10 10 10 11 11 0 9 2 9 10
split_gain=291960 201205 47147.5 31094 20491.1 78505.5 62554 56849.5 107793 86210.5 144775 123495 113302 82296.3
threshold=0.33722492917240238 0.76599082437519839 0.98115963927892413 3.5000000000000004 1.0293999222527417 1.0302166471360206 1.024560965295868 1.009134200366411 1.0142450752632377 0 89.500000000000014 2.5000000000000004 83.500000000000014 1.1897847251825524
decision_type=2 2 2 2 2 2 2 2 2 1 2 2 2 2
left_child=1 3 -3 -1 6 -6 -2 -7 -9 10 11 -10 -13 -12
right_child=4 2 -4 -5 5 7 -8 8 9 -11 13 12 -14 -15
leaf_value=0.00064353386053496084 -1.6198842059957417e-05 0.0034213310099224081 0.012569053867288056 -0.00059323924606317425 0.0006632015858102036 0.00026675270525084973 -0.00026898864753995721 -0.00089950027249149065 8.4657254774596872e-05 -5.0324779391404945e-05 0.00035456215809287988 -0.00036763579123279218 -0.0014645610991427401 -0.00014113532670666226
leaf_weight=393397.27314698696 104389117.66429794 609456.23961389065 697309.12534952164 471456.22098875046 2457429.0839085579 8176426.9815913439 10451856.554071784 1810897.271407485 5635797.6388052702 78276967.945329666 28618026.460494995 4104563.6216202974 1195845.4142150879 6273031.0731087923
leaf_count=1788 89986 688 2317 1264 2023 7460 8400 1454 5711 62313 31495 5450 1536 8232
internal_value=4.60061e-05 0.0109988 0.0184276 -0.000225977 -4.86087e-05 0.000199781 -0.000343951 0.000102402 -5.50059e-05 5.10245e-05 0.00108441 -0.00192741 -0.00521469 0.00202843
internal_weight=2.53562e+08 2.17162e+06 1.30677e+06 864853 2.5139e+08 1.36549e+08 1.14841e+08 1.34092e+08 1.25915e+08 1.24104e+08 4.58273e+07 1.09362e+07 5.30041e+06 3.48911e+07
internal_count=230117 6057 3005 3052 224060 125674 98386 123651 116191 114737 52424 12697 6986 39727
cat_boundaries=0 1
cat_threshold=356
is_linear=0
shrinkage=0.03


Tree=429
num_leaves=15
num_cat=5
split_feature=10 14 0 0 11 1 0 0 16 0 16 16 10 10
split_gain=48467.3 95130.1 127857 46125 46484.8 54556.8 97573.9 65993.3 55434.8 43653.7 112306 65259.2 49587.8 77000.6
threshold=0.97232699120128163 0.85278111942976487 0 1 0.97755348269850095 17.500000000000004 2 3 0.082548718854359174 4 0.095563585634923495 0.090659472269326052 1.1942558122392908 1.1493816470633826
decision_type=2 2 1 1 2 2 1 1 2 1 2 2 2 2
left_child=1 2 -1 -3 5 7 -7 8 -5 10 12 -11 13 -2
right_child=9 3 -4 4 -6 6 -8 -9 -10 11 -12 -13 -14 -15
leaf_value=0.0015090775904090901 5.3761096806527268e-05 -0.00030885689829828703 0.00018059298213860857 9.0699528790111667e-05 0.00048649823214650035 -0.00077480785487307659 0.00049689289689747282 -0.00015423390370618696 0.00079588672485008988 1.5031066917431123e-06 0.00089449081339334862 -0.0001359140603732465 -0.00035215665820527252 0.00082664834619035267
leaf_weight=1798282.8662321568 10686932.116871715 4474706.4509005547 4199020.9171813726 4404573.2346389294 4028744.5166134834 1006563.5427322388 4616180.5565137863 11348155.4103688 1039769.7820129395 178903496.932356 1466865.4683837891 20429903.677056313 2914723.3336199522 1979302.4731621742
leaf_count=991 13725 6718 4178 6060 4254 1350 4541 6931 719 163924 710 9218 3806 2763
internal_value=0.000136713 0.00114141 0.00459925 0.000470687 0.000947335 0.000414091 0.00297184 -0.000442337 0.00227287 -3.4694e-05 0.00142237 -0.000159308 0.000675254 0.00148712
internal_weight=2.53297e+08 3.6916e+07 5.9973e+06 3.09187e+07 2.6444e+07 2.24152e+07 5.62274e+06 1.67925e+07 5.44434e+06 2.16381e+08 1.70478e+07 1.99333e+08 1.5581e+07 1.26662e+07
internal_count=229888 35742 5169 30573 23855 19601 5891 13710 6779 194146 21004 173142 20294 16488
cat_boundaries=0 1 2 3 4 5
cat_threshold=24 96 256 385 64
is_linear=0
shrinkage=0.03


Tree=430
num_leaves=15
num_cat=4
split_feature=11 0 2 0 11 11 11 11 10 0 3 11 3 0
split_gain=31424.7 101059 129396 33694.1 96660.9 107064 84296 78089.7 62828.2 84040.3 61933.1 60896.3 77687.6 69992.9
threshold=0.96562958517018271 0 4.5000000000000009 1 1.0256949624400986 1.0354403673043082 1.0246391602897307 1.0128747137800109 0.98774918197535599 2 2.5000000000000004 0.98796786190177499 1.0000000180025095e-35 3
decision_type=2 1 2 1 2 2 2 2 2 1 2 2 2 1
left_child=1 2 -1 4 6 -6 10 8 11 -10 -2 12 -5 -14
right_child=3 -3 -4 7 5 -7 -8 -9 9 -11 -12 -13 13 -15
leaf_value=0.0001373555819527279 0.00020963851829683511 -7.4040955926067366e-06 0.0032500635497660405 7.0378429238291486e-05 -0.00039155574670826838 2.2029033254048365e-05 0.0010610472489253132 3.4630966814793436e-06 -0.00012068631863236084 -0.00054479257571965272 -0.00055553335380149915 0.00024869504670037946 -0.00015829083205628073 -0.0018562548721834783
leaf_weight=7623823.2328248024 24055829.628906727 26797641.74693954 1773785.2295775414 3289935.6119295359 8420612.8795469999 50380491.936570525 1156943.3562580347 94024619.643890977 17368596.372873664 8998764.0612473488 2667385.4299864769 5156838.7604877949 771463.05614721775 917402.62931036949
leaf_count=5524 20904 25581 2220 3106 6934 56710 1002 76702 12298 7603 4367 4303 1762 571
internal_value=4.26699e-05 0.000861064 0.0035379 -9.37058e-05 0.000364803 -0.000325022 0.00181969 -0.000398194 -0.00157586 -0.00234752 0.00147646 0.000431574 -0.001935 -0.00716535
internal_weight=2.53404e+08 3.61953e+07 9.39761e+06 2.17209e+08 8.66813e+07 5.88011e+07 2.78802e+07 1.30528e+08 3.6503e+07 2.63674e+07 2.67232e+07 1.01356e+07 4.9788e+06 1.68887e+06
internal_count=229587 33325 7744 196262 89917 63644 26273 106345 29643 19901 25271 9742 5439 2333
cat_boundaries=0 1 2 3 4
cat_threshold=144 106 145 384
is_linear=0
shrinkage=0.03


Tree=431
num_leaves=15
num_cat=0
split_feature=13 14 13 11 16 16 14 14 5 1 1 2 11 12
split_gain=221048 194158 38497.1 42929.4 21601.5 60852.3 62594.7 57718.3 43704.2 51811.5 66536.4 64117.9 78271.5 53897.1
threshold=0.33722492917240238 0.80434234060582843 0.18523270721042387 0.93171241057181342 0.058336580742461501 0.057505427333663137 0.92499794747457431 0.82429078277395884 1.0000000180025095e-35 16.500000000000004 14.500000000000002 2.5000000000000004 1.1240227698648033 0.97001371905166367
decision_type=2 2 2 2 2 2 2 2 2 2 2 2 2 2
left_child=1 2 3 -1 5 7 -7 -2 9 10 13 12 -12 -6
right_child=4 -3 -4 -5 8 6 -8 -9 -10 -11 11 -13 -14 -15
leaf_value=0.00042909169910454161 -0.0003610326635772968 -0.16253884160469018 0.001003558592391545 -0.0014769062910018978 -0.00027278186028879998 0.00081133071531906817 0.00011880698275793689 3.527789020573284e-05 -0.00043070697054065928 4.7375579892970258e-05 -0.00038477135653661372 -6.2436135242272469e-05 0.00023908578051796601 1.1892744898209574e-05
leaf_weight=211361.91427457333 5755365.9174989462 866053.31838178635 888533.02601361275 202761.31583631039 6065601.2889099121 1524891.0545043945 3547324.5087928772 76150176.370394111 2700552.1909179688 53581854.606836796 13297538.981811523 17418307.27341032 2112360.1500244141 68798534.837625027
leaf_count=378 10536 2647 852 2161 3892 1042 2534 112901 1318 28946 7320 11740 1435 41977
internal_value=1.05207e-05 0.00954715 0.00222808 -0.00532618 -7.1894e-05 0.000310272 0.00349897 0.000112803 -0.000274608 -0.00021123 -0.000590517 -0.0017166 -0.00312619 -9.67237e-05
internal_weight=2.53121e+08 2.16871e+06 1.30266e+06 414123 2.50953e+08 8.69778e+07 5.07222e+06 8.19055e+07 1.63975e+08 1.61274e+08 1.07692e+08 3.28282e+07 1.54099e+07 7.48641e+07
internal_count=229679 6038 3391 2539 223641 127013 3576 123437 96628 95310 66364 20495 8755 45869
is_linear=0
shrinkage=0.03


Tree=432
num_leaves=15
num_cat=3
split_feature=13 12 0 10 12 0 1 3 16 11 12 10 10 0
split_gain=311019 136180 56909.2 58709.6 18305.1 77629.6 90575.9 66344.7 63383.4 64199 51905.1 64606.3 102716 52386
threshold=0.33722492917240238 1.015250755764568 0 0.78049706914582051 0.98842126986668599 1 11.500000000000002 1.5000000000000002 0.042649282462877046 0.99436605146338497 0.99549366363837055 0.90675470765210653 1.0073430709674736 2
decision_type=2 2 1 2 2 1 2 2 2 2 2 2 2 1
left_child=1 2 -1 -4 5 6 -2 -7 -9 -10 11 -6 -13 -14
right_child=4 -3 3 -5 10 7 -8 8 9 -11 -12 12 13 -15
leaf_value=-0.010899306444511451 -6.5397004732883367e-05 0.015698570296491923 0.0021702771423859129 -0.00062532216230467425 -0.00060022641744391086 4.2731346015886375e-05 0.00039384400096055251 0.001026028843292702 -0.00034971817393534665 -0.0018751183903694744 1.8939011119510476e-07 0.00026624999053818715 -6.5736470397737278e-05 -0.00082557160485973737
leaf_weight=731066.09759008884 3870726.9664371014 457761.0954400301 589993.68573725224 432560.95592796803 2264139.9930942059 21753945.104304552 7194616.7048664093 1052469.1305862665 3668602.7452850342 1579713.1083374023 200658171.76729512 4531649.8012129068 2276981.5659767389 2763722.0361201763
leaf_count=619 4034 2633 569 2139 1433 15905 5648 3681 3599 1276 179116 4736 2415 2286
internal_value=9.54834e-05 0.0112972 0.00749351 0.00292377 -2.96548e-06 0.000593401 0.00272132 -0.000245894 -0.00295667 -0.0043041 -0.000112756 -0.00204325 -0.000965326 -0.00391187
internal_weight=2.53826e+08 2.21138e+06 1.75362e+06 1.02255e+06 2.51615e+08 3.91201e+07 1.10653e+07 2.80547e+07 6.30078e+06 5.24832e+06 2.12495e+08 1.18365e+07 9.57235e+06 5.0407e+06
internal_count=230089 5960 3327 2708 224129 34143 9682 24461 8556 4875 189986 10870 9437 4701
cat_boundaries=0 1 2 3
cat_threshold=16 208 241
is_linear=0
shrinkage=0.03


Tree=433
num_leaves=15
num_cat=3
split_feature=13 14 0 4 1 2 14 2 13 0 0 1 16 10
split_gain=401497 260265 133803 22185.6 130113 118829 49200.4 42058.6 35799.7 82990 33651.8 18474.8 98153.8 52938
threshold=0.33722492917240238 0.80434234060582843 0 1.0000000180025095e-35 12.500000000000002 4.5000000000000009 1.4356776800721678 3.5000000000000004 1.460586317597184 1 2 21.500000000000004 0.013207034492394663 0.99530105105811595
decision_type=2 2 1 2 2 2 2 2 2 1 1 2 2 2
left_child=1 2 -1 8 7 6 -6 -5 11 -10 -9 -2 -13 -14
right_child=3 -3 -4 4 5 -7 -8 10 9 -11 -12 12 13 -15
leaf_value=0.0032510170607334622 6.7611443578318704e-06 0.0066280196056720782 -0.00041985745590236988 -0.00055481164564693901 -0.0019481101545631 0.0013443333937755077 0.00015526133197426705 -0.0012821911248747197 0.0048461193725842129 0.00012718629746352614 -0.0027991621431460102 0.00041374999195855386 0.00068295407415162131 -0.0015853412934013036
leaf_weight=609296.81184375286 240216280.22116184 841403.3065340519 752526.70109713078 572518.72831213474 786806.59346485138 1049750.5907864571 1443688.6023864746 535842.55688452721 305762.33237850666 1175973.0516660213 658521.6508936882 2848013.9514069557 464589.6598815918 1749561.6395065784
leaf_count=1154 188982 2600 2272 1229 940 1327 2018 1126 1959 5800 1364 13761 1268 4470
internal_value=0.000128108 0.012879 0.00477423 1.65418e-05 -0.00195242 0.00158274 -0.00233441 -0.00851551 5.68142e-05 0.0047059 -0.0117201 2.87289e-05 -0.00176482 -0.00650259
internal_weight=2.54011e+08 2.20323e+06 1.36182e+06 2.51807e+08 5.04713e+06 3.28025e+06 2.2305e+06 1.76688e+06 2.4676e+08 1.48174e+06 1.19436e+06 2.45278e+08 5.06217e+06 2.21415e+06
internal_count=230270 6026 3426 224244 8004 4285 2958 3719 216240 7759 2490 208481 19499 5738
cat_boundaries=0 1 2 3
cat_threshold=28 28 402
is_linear=0
shrinkage=0.03


Tree=434
num_leaves=15
num_cat=0
split_feature=13 14 14 2 16 2 16 3 16 9 13 14 14 16
split_gain=338435 280904 59550.4 38842.8 18606.5 30514.5 27809.7 68022.3 68986.3 57637.9 44677.4 43085.5 62110.3 60975.6
threshold=0.33722492917240238 0.80434234060582843 0.76599082437519839 3.5000000000000004 0.08995274063160387 1.5000000000000002 0.076603777319970187 1.0000000180025095e-35 0.080731524969182081 87.500000000000014 1.060359030407968 0.91694653386238911 0.82429078277395884 0.081648113409416342
decision_type=2 2 2 2 2 2 2 2 2 2 2 2 2 2
left_child=1 2 3 -1 6 -6 -2 8 -8 -9 -10 12 -11 -13
right_child=4 -3 -4 -5 5 -7 7 9 10 11 -12 13 -14 -15
leaf_value=0.0005122701630722688 -3.4597385931543021e-06 0.0057980403446274672 0.0075817728219490762 -0.00054331832135262072 2.5836744752489091e-05 -0.00012308030538274778 0.00041040203447571382 0.00033399160461596727 0.00017241923737092851 2.4176182238408734e-05 -0.00016731875109746958 0.00024443268782517702 -0.00051086040693664576 -0.00022732104357238108
leaf_weight=406714.13488280773 176357179.13335109 838753.28660476208 483893.81387329102 488764.90195035934 12541528.765808105 16222095.546769142 4996940.0327758789 2979037.5888562202 13949013.038757324 2137520.7005004883 3382457.2617797852 6912588.958152771 2747770.0298156738 9207703.0454444885
leaf_count=1743 184606 2642 359 1276 4874 8159 2516 1935 6092 1356 1736 5204 1860 5845
internal_value=0.000150266 0.0118172 0.00349225 -0.00108991 4.73409e-05 -0.000670702 0.000140095 0.000794329 0.00198593 -0.000314993 0.00109055 -0.000868827 -0.00333691 -0.000120867
internal_weight=2.53652e+08 2.21813e+06 1.37937e+06 895479 2.51434e+08 2.87636e+07 2.2267e+08 4.6313e+07 2.23284e+07 2.39846e+07 1.73315e+07 2.10056e+07 4.88529e+06 1.61203e+07
internal_count=230203 6020 3378 3019 224183 13033 211150 26544 10344 16200 7828 14265 3216 11049
is_linear=0
shrinkage=0.03


Tree=435
num_leaves=15
num_cat=5
split_feature=14 1 11 1 16 16 0 3 0 0 0 16 0 14
split_gain=31032.4 148493 151809 146032 95809.7 177723 94855 84836 87985.5 74923.8 73196.7 54048.8 57590 62586.4
threshold=0.85973408525515194 8.5000000000000018 0.97496938264852517 11.500000000000002 0.06110678919232481 0.090659472269326052 0 1.0000000180025095e-35 1 2 3 0.053521434381979857 4 0.80434234060582843
decision_type=2 2 2 2 2 2 1 2 1 1 1 2 1 2
left_child=1 4 6 10 9 -6 -3 11 -9 -1 -4 -5 -13 -14
right_child=-2 2 3 7 5 -7 -8 8 -10 -11 -12 12 13 -15
leaf_value=-0.0010289376916766382 -4.5277818595490802e-06 0.00090746543960454557 -8.9628713657621296e-05 -0.00041023527431030955 0.0011295121596086159 2.6164830607801006e-05 2.7351497690519821e-05 -6.1793640904231714e-06 -0.00092816816684865191 0.00075727051015719805 -0.00084705709132443122 0.00065642947305969139 -0.0002770895489312093 0.00029171195582419697
leaf_weight=679834.41651630402 218508941.86219239 3169570.2215499878 1633357.4068465233 1345980.9908003807 2780512.3888244629 2597676.6588745117 3357488.6940288544 3313090.3269250393 1978804.1703977585 673785.80446517467 3367566.6432800293 3398374.3830566406 3248406.6055908203 3049951.4946899414
leaf_count=2945 196447 1602 823 2627 1380 1081 2824 2676 2469 5789 3134 2417 1916 1484
internal_value=9.11629e-05 0.000926019 -4.00898e-05 -0.00126489 0.00492469 0.00672021 0.00396352 0.000108404 -0.00301472 -0.00220925 -0.00575051 0.00160507 0.00238703 0.00068876
internal_weight=2.53103e+08 3.45944e+07 2.78626e+07 2.13355e+07 6.73181e+06 5.37819e+06 6.52706e+06 1.63346e+07 5.29189e+06 1.35362e+06 5.00092e+06 1.10427e+07 9.69673e+06 6.29836e+06
internal_count=229614 33167 21972 17546 11195 2461 4426 13589 5145 8734 3957 8444 5817 3400
cat_boundaries=0 1 2 3 4 5
cat_threshold=90 334 35 276 131
is_linear=0
shrinkage=0.03


Tree=436
num_leaves=15
num_cat=2
split_feature=13 0 13 10 12 12 13 16 12 5 10 10 0 10
split_gain=332853 118724 85713.8 44938.8 25914.1 65627.3 56232.5 51541.9 66123.8 38092.8 36293.8 39022 35427.9 62445.1
threshold=0.33722492917240238 0 0.18523270721042387 1.1163582065134401 1.0048876901737636 1.0047518409474658 1.0192751233951858 0.040024316593599417 0.97665741464072364 1.0000000180025095e-35 0.90675470765210653 1.0140370453833489 1 1.0299409605171272
decision_type=2 1 2 2 2 2 2 2 2 2 2 2 1 2
left_child=1 -1 3 -3 5 6 9 8 -8 -2 -9 -12 -13 -14
right_child=4 2 -4 -5 -6 -7 7 10 -10 -11 11 12 13 -15
leaf_value=0.011308078054873907 8.3694150367057254e-05 0.00033210742959702841 0.0021419753347191425 -0.0015522689067040858 -2.3781561964723438e-05 0.00082664693456897169 0.0018065033290240956 -0.0005440837630582043 -3.2113432043666951e-05 -0.00044902160902654049 4.1802055924988325e-05 8.6022359690128076e-05 -0.00047997078660406278 -6.4616761803422529e-05
leaf_weight=1160160.1977629662 55904885.524151325 155157.17672622204 727079.59646248817 135618.86303639412 163156743.1122216 1293917.6527359486 1173339.5398682356 2208144.8381652832 2668129.4356893301 1515668.0757795572 10355938.765304565 3219441.1399383545 3928079.7015380859 5912450.4880371094
leaf_count=2015 43978 1737 1236 1036 149832 1028 3494 1571 8734 783 6809 3068 1533 2930
internal_value=7.48765e-05 0.0117522 0.00427421 -0.00949197 -2.63161e-05 0.000388045 0.00028817 -0.000777239 0.00246332 0.000834888 -0.00126305 -0.000916338 -0.00200688 -0.00290061
internal_weight=2.53515e+08 2.17802e+06 1.01786e+06 290776 2.51337e+08 8.818e+07 8.68861e+07 2.94655e+07 3.84147e+06 5.74206e+07 2.56241e+07 2.34159e+07 1.306e+07 9.84053e+06
internal_count=229784 6024 4009 2773 223760 73928 72900 28139 12228 44761 15911 14340 7531 4463
cat_boundaries=0 1 2
cat_threshold=28 227
is_linear=0
shrinkage=0.03


Tree=437
num_leaves=15
num_cat=3
split_feature=13 14 14 10 10 14 0 9 9 13 0 9 0 10
split_gain=259879 326455 55631.7 21889.4 37528.7 19162.9 50709.8 65058.9 44196.5 40142 75970.4 34902.6 34102.5 30165.9
threshold=0.33722492917240238 0.80434234060582843 0.75808805599974149 0.85635765199566871 1.0083026460753131 1.0343909195733023 0 66.500000000000014 80.500000000000014 2.040948787038904 1 71.500000000000014 2 1.1897847251825524
decision_type=2 2 2 2 2 2 1 2 2 2 1 2 1 2
left_child=1 2 -1 -3 -5 -2 7 -7 12 -10 -11 -8 -9 -13
right_child=5 3 -4 4 -6 6 11 8 9 10 -12 13 -14 -15
leaf_value=-0.00035769452906084253 -5.0643217779119348e-06 0.0096143018379468651 0.0033264345800860127 0.024204156587729078 0.017342994462651109 -0.00091374333779569101 0.00032352954776257209 4.2252323519460287e-05 0.0001598154077160523 0.040181578220160837 -0.00014286865568661488 -6.0907753797432491e-05 0.00077155040341224878 -0.0007161394141822965
leaf_weight=848925.90890300274 208254221.8932662 476880.96951317787 519357.32544100285 185326.98506474495 202057.89670801163 875980.78873240948 1669498.8645653725 912508.09420359135 19645304.447419286 341001.58907270432 388651.91218519211 16852696.324118972 1375598.4802936316 1219883.3059786558
leaf_count=3007 164278 578 433 518 1549 867 1577 720 26331 904 1829 23761 1983 1735
internal_value=0.000156718 0.010347 0.00122968 0.0247813 0.019484 6.62722e-05 0.000640654 0.00158107 0.00189115 0.00144718 0.00835663 -0.000480631 0.0058445 -0.000864017
internal_weight=2.53768e+08 2.23255e+06 1.36828e+06 864266 387385 2.51535e+08 4.32811e+07 2.3539e+07 2.26631e+07 2.0375e+07 729654 1.97421e+07 2.28811e+06 1.80726e+07
internal_count=230070 6085 3440 2645 2067 223985 59707 32634 31767 29064 2733 27073 2703 25496
cat_boundaries=0 1 2 3
cat_threshold=186 16 8
is_linear=0
shrinkage=0.03


Tree=438
num_leaves=15
num_cat=3
split_feature=13 14 14 0 2 9 0 0 9 14 1 14 16 3
split_gain=291631 308863 53129.1 24836.1 24740 108606 112977 111522 87856.5 77300.9 72619.3 70570.6 69225.5 54968.6
threshold=0.33722492917240238 0.76599082437519839 0.80434234060582843 0 4.5000000000000009 74.500000000000014 1 2 89.500000000000014 1.185941298572607 19.500000000000004 0.85973408525515194 0.081083792322249923 2.5000000000000004
decision_type=2 2 2 1 2 2 1 1 2 2 2 2 2 2
left_child=1 3 -3 -1 -2 6 -6 8 -7 10 12 -10 -9 -14
right_child=4 2 -4 -5 5 7 -8 9 11 -11 -12 -13 13 -15
leaf_value=0.00044414932022854932 -1.1301699843338294e-05 0.0080578619886963604 -0.013878173144784784 -0.011756379115345144 -0.0018325558519035542 0.0017167351891911196 -9.9337240469047914e-05 0.00039799804974260423 -0.0013152940620988725 0.0037674689460466307 -0.00048319740726588057 -0.00026357836979999514 -0.00059571701371965286 0.00019447859017252475
leaf_weight=328705.17080354691 207315857.24757671 439885.83536148071 858027.53222131729 516794.34002029896 840307.15391969681 716542.41191291809 1762791.0476998091 19388278.760192037 1169315.0070750713 899613.06905865669 3081589.8245172501 8740693.6464906931 2454963.217956543 4766145.8657836914
leaf_count=1485 162403 339 2627 1554 1328 1738 2366 23720 1693 3075 6737 15149 1849 3587
internal_value=0.000123477 0.0111424 0.0203339 -0.00296727 2.94321e-05 0.00067709 -0.0052659 0.00105242 -0.00159522 0.00197216 0.00170966 -0.00232872 0.00221456 -0.000292732
internal_weight=2.5328e+08 2.14341e+06 1.29791e+06 845500 2.51136e+08 4.38202e+07 2.6031e+06 4.12171e+07 1.06266e+07 3.05906e+07 2.9691e+07 9.91001e+06 2.66094e+07 7.22111e+06
internal_count=229650 6005 2966 3039 223645 61242 3694 57548 18580 38968 35893 16842 29156 5436
cat_boundaries=0 1 2 3
cat_threshold=142 100 259
is_linear=0
shrinkage=0.03


Tree=439
num_leaves=15
num_cat=4
split_feature=13 14 0 2 16 16 14 0 11 0 16 0 13 5
split_gain=293358 290592 49255.8 25005.4 16051 54542.5 55457.5 65396.1 90131.9 49351.4 52991.3 46298.2 42793.3 41806.4
threshold=0.33722492917240238 0.80434234060582843 0 3.5000000000000004 0.058336580742461501 0.057505427333663137 0.82429078277395884 1 0.9740154224333436 2 0.042119697567762744 3 0.91457949051512621 1.0000000180025095e-35
decision_type=2 2 1 2 2 2 2 1 2 1 2 1 2 2
left_child=1 2 -1 -4 5 6 7 -2 -9 10 -8 -7 -12 -6
right_child=4 -3 3 -5 13 11 9 8 -10 -11 12 -13 -14 -15
leaf_value=0.0024306940066199921 9.6045721254105478e-05 0.012917177875896475 0.0004193224973199706 -0.00051749351816965069 -1.2404461800703467e-05 -0.00021125343274158606 -5.9563164272473519e-05 0.0005285029027347108 -0.00081980982303555281 4.1517368976674068e-06 0.0017025461271071376 0.00050536398321109988 0.00052341613800111712 -0.00041729560800433582
leaf_weight=515444.45544481277 2601490.0701736212 799141.65868651867 369615.82969617844 447283.78958249092 161520813.59559083 1532548.3523406982 3971332.5207517147 534494.2751096487 2543799.6024442911 66786693.809436917 1084137.2598571777 3467990.7734069824 4492082.2048492432 2741367.4184875488
leaf_count=494 4116 2599 1649 1240 95579 906 15337 1040 5333 90340 1519 2628 5859 1325
internal_value=7.59022e-05 0.0111586 0.0025798 -0.00200215 -1.81081e-05 0.000311326 0.000125863 -0.00273404 -0.00569332 0.000338659 0.00235614 0.00335311 0.00424229 -0.000192619
internal_weight=2.53408e+08 2.13149e+06 1.33234e+06 816900 2.51277e+08 8.70146e+07 8.2014e+07 5.67978e+06 3.07829e+06 7.63342e+07 9.54755e+06 5.00054e+06 5.57622e+06 1.64262e+08
internal_count=229964 5982 3383 2889 223982 127078 123544 10489 6373 113055 22715 3534 7378 96904
cat_boundaries=0 1 2 3 4
cat_threshold=24 262 34 268
is_linear=0
shrinkage=0.03


Tree=440
num_leaves=15
num_cat=3
split_feature=11 0 3 3 16 1 0 12 12 12 0 11 11 12
split_gain=34605.2 98151 53261.2 93067.1 38512.8 36959 51337.2 40227.7 62734.3 34884.6 34608.6 82851.9 130620 103877
threshold=0.9569913468292458 0 1.5000000000000002 2.5000000000000004 0.081369975086276788 18.500000000000004 1 0.98609395010972944 1.024112885485482 0.98159646488267815 2 1.0256949624400986 1.0354403673043082 1.0182782321369752
decision_type=2 1 2 2 2 2 1 2 2 2 1 2 2 2
left_child=1 2 4 -4 -1 7 -7 9 -9 -3 11 13 -13 -2
right_child=10 5 3 -5 -6 6 -8 8 -10 -11 -12 12 -14 -15
leaf_value=8.9495833845093799e-05 0.00035140846108470161 -1.3062070286125005e-05 0.0064500268730843116 0.00079240366346759511 0.00034640060593407285 -0.00028576768304073213 0.0007018442756904148 -0.00057287774364628177 8.2343729315879208e-05 0.00069740474071034743 -2.698732251253398e-05 -0.00042669113229867553 4.4111261175208662e-05 -9.7451212146556994e-05
leaf_weight=5091230.5581656694 20550045.583687782 13171338.340456486 894014.14480245113 1099451.8508530855 1564313.5988769531 1037437.2821502686 2408271.589761734 2816568.1263757944 2424208.4391394854 1432400.4265283346 133461939.32410526 8267761.6585509777 50595982.823112965 8399778.5584014654
leaf_count=4008 18577 11360 997 1396 556 1613 3543 2117 2054 1356 109689 6839 56807 8831
internal_value=0.000157528 0.00108063 0.00380967 0.00811128 0.00252126 6.71823e-05 0.00293516 -0.0004308 -0.00268555 0.000378351 2.42852e-05 0.00048682 -0.000159415 0.00180081
internal_weight=2.53215e+08 3.19392e+07 8.64901e+06 1.99347e+06 6.65554e+06 2.32902e+07 3.44571e+06 1.98445e+07 5.24078e+06 1.46037e+07 2.21276e+08 8.78136e+07 5.88637e+07 2.89498e+07
internal_count=229743 29000 6957 2393 4564 22043 5156 16887 4171 12716 200743 91054 63646 27408
cat_boundaries=0 1 2 3
cat_threshold=144 258 106
is_linear=0
shrinkage=0.03


Tree=441
num_leaves=15
num_cat=3
split_feature=16 16 0 2 5 2 14 0 0 11 11 10 12 16
split_gain=26859.2 49099 52581.8 73098.2 48438.9 109936 47387.5 41984.7 36303.4 88290.2 63444.7 39760 33548.6 32393.6
threshold=0.087445513065073616 0.076603777319970187 0 1.5000000000000002 1.0000000180025095e-35 3.5000000000000004 0.89316335908130429 1 2 1.009134200366411 1.0427239847918768 1.1090965515198772 1.0598131614188067 0.082907891132556658
decision_type=2 2 1 2 2 2 2 1 1 2 2 2 2 2
left_child=1 4 3 -3 -1 -6 7 -2 10 -10 -8 -12 -11 -5
right_child=6 2 -4 13 5 -7 8 -9 9 12 11 -13 -14 -15
leaf_value=-6.1621198674904727e-06 0.00042791369885380781 0.00079187952458820209 5.2286319853731541e-05 -2.1330877997286102e-05 -0.00027279580203198975 0.0011325804924552138 -0.00023308829017128793 -4.5728509155687989e-05 5.43437479461504e-05 -0.00018116185569922214 0.00063989700900716996 4.1722745074514094e-05 -0.0006755391846339511 0.00056086809259201062
leaf_weight=174634539.55118287 3807398.6081528664 2495569.6083984375 31980171.587188721 3814029.182182312 1522518.3489003181 1446536.1849228144 5386753.0676584244 2933752.1732788086 6507286.4307556152 9664261.7010498047 2184049.1831510067 2587858.3075119257 3056563.4696044922 1565505.3472652435
leaf_count=187519 1737 1338 17887 2940 1308 1306 3362 1549 2060 3186 1797 2047 1111 1082
internal_value=0.000100668 0.000226514 0.00117811 0.00337398 1.29704e-05 0.00381266 -0.000656812 0.0016117 -0.00117719 -0.00194362 0.000273478 0.00279242 -0.00339757 0.00140538
internal_weight=2.53587e+08 2.17459e+08 3.98553e+07 7.8751e+06 1.77604e+08 2.96905e+06 3.61279e+07 6.74115e+06 2.93868e+07 1.92281e+07 1.01587e+07 4.77191e+06 1.27208e+07 5.37953e+06
internal_count=230229 213380 23247 5360 190133 2614 16849 3286 13563 6357 7206 3844 4297 4022
cat_boundaries=0 1 2 3
cat_threshold=257 454 480
is_linear=0
shrinkage=0.03


Tree=442
num_leaves=15
num_cat=0
split_feature=13 14 14 3 2 12 11 1 2 14 12 14 11 1
split_gain=264278 303412 33083.6 27363.9 16413.4 84973.8 89369.1 95987.2 86442.4 121901 83057.5 68150 60801.3 60187.9
threshold=0.33722492917240238 0.80434234060582843 0.76599082437519839 1.0000000180025095e-35 4.5000000000000009 1.0251274134934043 1.0198976407657574 18.500000000000004 5.5000000000000009 0.91842528933447209 0.99493778713559811 1.0766976746816785 0.96562958517018271 19.500000000000004
decision_type=2 2 2 2 2 2 2 2 2 2 2 2 2 2
left_child=1 2 3 -1 -2 10 -7 8 9 -8 12 13 -6 -12
right_child=4 -3 -4 -5 5 6 7 -9 -10 -11 11 -13 -14 -15
leaf_value=0.00040089241864466394 -1.3628932005473129e-05 -0.0019735926892877243 0.0021856480487912082 -0.00043197962512759105 0.00025769661066358282 -0.0014135589485437658 -0.00068473745861327511 -0.0007704663500412239 -0.00023636155575866341 0.00062366589578897915 0.00034790196964251262 0.0014086824882734803 -0.00074782393248384123 -0.00052064349858357373
leaf_weight=402763.88460695744 207367850.37134612 848141.70253920555 478827.66590178013 481009.42597198486 4441266.2317295074 1950224.2027019262 1299259.269634366 2413179.8680944443 5398279.0479147434 5179300.8013654947 16339561.356097102 1365569.7289686203 3953565.6043934822 1810237.3302412033
leaf_count=1699 162750 2648 354 1353 6687 2983 1771 5130 8006 6407 17417 3712 5449 3890
internal_value=7.24316e-05 0.0103996 0.00163126 -0.00180956 -1.83403e-05 0.000506876 -0.00121849 -0.000396353 0.000711944 0.00304821 0.00151082 0.00258419 -0.000984412 0.00209791
internal_weight=2.53729e+08 2.21074e+06 1.3626e+06 883773 2.51518e+08 4.41504e+07 1.62402e+07 1.429e+07 1.18768e+07 6.47856e+06 2.79102e+07 1.95154e+07 8.39483e+06 1.81498e+07
internal_count=230256 6054 3406 3052 224202 61452 24297 21314 16184 8178 37155 25019 12136 21307
is_linear=0
shrinkage=0.03


Tree=443
num_leaves=15
num_cat=4
split_feature=13 14 0 16 1 0 14 9 1 0 16 3 0 16
split_gain=274982 282245 37320.2 18142 57803.2 84681.2 55647 54436.1 58823.2 52092 54901.4 40259.9 96214.5 53580.3
threshold=0.33722492917240238 0.80434234060582843 0 0.084106029726928572 11.500000000000002 1 0.95712331511058057 86.500000000000014 17.500000000000004 2 0.091250173667429463 2.5000000000000004 3 0.087445513065073616
decision_type=2 2 1 2 2 1 2 2 2 1 2 2 1 2
left_child=1 2 -1 -2 5 -5 -7 -6 11 -10 -11 12 -9 -13
right_child=3 -3 -4 4 7 6 -8 8 9 10 -12 13 -14 -15
leaf_value=0.0012941186294394352 7.6665660518057064e-06 0.013227986215432214 -0.0002991350802684372 0.00028423378814112772 0.0001196910756117734 0.00010825264444278671 -0.00023217148130849931 -0.00033787539576906434 -0.00057658864154755244 0.00028930435808755065 -7.8683085326424873e-05 0.00030828946527225665 -0.00082208041238724012 -0.0006276489771307928
leaf_weight=590189.90147566795 206621444.18972039 808416.44168817997 749109.94617903233 9031832.2536883354 3371191.2923541069 3841609.4955444336 6002552.4709472656 5058159.772233963 2939391.8578305244 3167197.1974487305 4498240.8451538086 1921483.3070678711 2116037.7668457031 2857759.7101314068
leaf_count=1128 202014 2585 2250 3883 1835 1347 1975 3858 1101 930 1946 1514 848 2602
internal_value=5.32177e-05 0.0107422 0.00229286 -3.80892e-05 -0.000585332 0.000677581 -0.0012471 -0.0015047 -0.00203608 -0.000409646 0.000892368 -0.00347902 -0.00490006 -0.00134589
internal_weight=2.53575e+08 2.14772e+06 1.3393e+06 2.51427e+08 4.48055e+07 1.8876e+07 9.84416e+06 2.59295e+07 2.25583e+07 1.06048e+07 7.66544e+06 1.19534e+07 7.1742e+06 4.77924e+06
internal_count=229816 5963 3378 223853 21839 7205 3322 14634 12799 3977 2876 8822 4706 4116
cat_boundaries=0 1 2 3 4
cat_threshold=28 457 392 419
is_linear=0
shrinkage=0.03


Tree=444
num_leaves=15
num_cat=4
split_feature=13 14 0 13 10 10 10 4 1 14 0 0 13 0
split_gain=280854 270721 62032 26784.3 28684.1 25373.1 49309.4 19512 124524 69150.6 55032.4 30949.9 26307.5 89943.8
threshold=0.33722492917240238 0.80434234060582843 0 0.18523270721042387 1.1163582065134401 0.88656517134269841 1.0177510491870221 1.0000000180025095e-35 13.500000000000002 1.4894901571766581 1 2 1.460586317597184 3
decision_type=2 2 1 2 2 2 2 2 2 2 1 1 2 1
left_child=1 2 -1 4 -4 -3 -7 12 9 -9 -10 -11 -2 -14
right_child=7 5 3 -5 -6 6 -8 8 10 11 -12 -13 13 -15
leaf_value=0.0021575566977492175 1.5447688898181639e-06 0.0085789754430131444 -0.00037131467849744055 6.8734814022290244e-05 -0.00088128472378605049 0.014884627478265525 0.018471435077977057 -0.0018532801066736314 0.001026815660722347 0.0010845166198678042 -0.00047364427417668955 -0.0019592437731061133 0.021918009349326039 3.8256779264335922e-05
leaf_weight=489561.1285161972 244488478.43365371 491167.10215377808 153221.76684892178 515291.11407971382 134370.11459505558 177103.44599890709 176853.2034894228 1247478.049108386 1696432.6015930176 472010.06352877617 1108551.8033108711 461773.13010656834 293119.94574356079 1174142.942925334
leaf_count=493 207898 616 1512 648 705 622 1409 1891 1711 1133 2125 1071 1982 5757
internal_value=9.83918e-05 0.0109267 0.00229337 -0.00283881 -0.0101734 0.0241295 0.0180061 6.15463e-06 -0.00185176 -0.00722792 0.00232894 -0.00105403 4.38201e-05 0.00404887
internal_weight=2.5308e+08 2.13757e+06 1.29244e+06 802883 287592 845124 353957 2.50942e+08 4.98625e+06 2.18126e+06 2.80498e+06 933783 2.45956e+08 1.46726e+06
internal_count=229573 6005 3358 2865 2217 2647 2031 223568 7931 4095 3836 2204 215637 7739
cat_boundaries=0 1 2 3 4
cat_threshold=24 284 402 28
is_linear=0
shrinkage=0.03


Tree=445
num_leaves=15
num_cat=2
split_feature=13 14 10 10 16 16 16 0 11 11 9 9 0 16
split_gain=269337 266674 52502.4 26124.4 15218 33997.2 21058.4 22470.3 56661.3 36759.2 21713 24020.2 152725 115564
threshold=0.33722492917240238 0.80434234060582843 0.88315745690132064 0.88656517134269841 0.099543307276843615 0.10479512185759511 0.091900526140102648 0 1.0354403673043082 1.0486312805951197 62.500000000000007 66.500000000000014 1 0.063017502112994797
decision_type=2 2 2 2 2 2 2 1 2 2 2 2 1 2
left_child=1 2 -1 -3 6 -6 10 8 -8 -9 -2 12 -12 -14
right_child=4 3 -4 -5 5 -7 7 9 -10 -11 11 -13 13 -15
leaf_value=0.0011122360605378928 -0.00031531056540382713 0.0089036909465245954 -0.0016675060764605664 0.018667011623314335 0.00032700442572014055 -0.0001492917115629833 -0.00031552529650955534 -5.2306826016163255e-05 0.00025468270748354467 -0.0003492608873810347 -0.00048543009359673899 2.3579195777387013e-06 0.0010604901117553032 -3.6454262355693512e-05
leaf_weight=851319.32695031166 1610345.7508870363 482383.22767841816 479329.59441494942 331725.4012491703 4354401.5534515381 2324888.225733757 4918265.1172156334 3992174.4671936035 3943486.7082033157 2549586.0892333984 1658113.8360061646 221062612.74716353 2555418.6649392843 2307838.281463623
leaf_count=770 1297 619 2685 2010 2608 1717 1755 1473 1548 1380 1807 206709 2524 1002
internal_value=0.000115531 0.0107016 0.00242728 0.0242258 2.51743e-05 0.00143799 -1.34057e-05 -0.00108715 -0.000102672 -0.00242075 5.87574e-05 8.33196e-05 0.00187775 0.00455846
internal_weight=2.53422e+08 2.14476e+06 1.33065e+06 814109 2.51277e+08 6.67929e+06 2.44598e+08 1.54035e+07 8.86175e+06 6.54176e+06 2.29194e+08 2.27584e+08 6.52137e+06 4.86326e+06
internal_count=229904 6084 3455 2629 223820 4325 219495 6156 3303 2853 213339 212042 5333 3526
cat_boundaries=0 1 2
cat_threshold=330 131
is_linear=0
shrinkage=0.03


Tree=446
num_leaves=15
num_cat=2
split_feature=13 14 0 10 2 10 10 12 0 12 12 1 14 2
split_gain=288966 260914 50595.4 27035.8 21184.7 16947.3 98751.3 95616.4 92119.9 78866.9 97704.3 197849 109233 79748
threshold=0.33722492917240238 0.80434234060582843 0 0.88315745690132064 3.5000000000000004 1.0804981498706023 1.0692909671149702 1.0501009489392852 1 1.0227473549302106 1.0413889212874852 8.5000000000000018 0.95899354419947336 1.5000000000000002
decision_type=2 2 1 2 2 2 2 2 1 2 2 2 2 2
left_child=1 2 -1 -3 -4 6 -2 -8 -7 13 11 12 -11 -10
right_child=5 3 4 -5 -6 8 7 -9 9 10 -12 -13 -14 -15
leaf_value=-0.0042750789319283286 -2.7807596968086188e-06 0.0085469816743041112 0.00037500745679254775 0.013584757207780277 -0.00048279532029085211 0.00023192959300002441 -0.00012409319550145176 -0.0010401335074602307 -0.00027505227654621244 0.00077431240771396305 -4.0635323727321882e-06 -0.0005154194207294847 -0.00033491780671772214 0.0006865042868230215
leaf_weight=524014.16292500496 177372879.6345737 489879.6846575737 354419.25076508522 349276.89703452587 446644.25185608864 26058121.861669302 5517877.6798052788 1840985.0886657238 1994467.450509429 1084887.595552206 24711899.683772802 8530862.8803281784 777668.19097685814 3873390.7071508169
leaf_count=507 147745 614 1640 2034 1240 29974 5296 1396 2128 1000 24193 5967 1480 5095
internal_value=7.361e-05 0.0109889 0.00269955 0.0240782 -0.00204175 -2.02211e-05 -0.000168488 -0.00357383 0.000388388 -0.000498525 -0.00103664 -0.00347706 0.00538124 0.0027208
internal_weight=2.53927e+08 2.16423e+06 1.32508e+06 839157 801064 2.51763e+08 1.84732e+08 7.35886e+06 6.70313e+07 4.09732e+07 3.51053e+07 1.03934e+07 1.86256e+06 5.86786e+06
internal_count=230309 6035 3387 2648 2880 224274 154437 6692 69837 39863 32640 8447 2480 7223
cat_boundaries=0 1 2
cat_threshold=24 293
is_linear=0
shrinkage=0.03


Tree=447
num_leaves=15
num_cat=3
split_feature=13 14 0 10 13 10 16 2 3 1 0 14 0 13
split_gain=320293 246077 67889.2 27780.4 25984.6 31361.9 18631.8 62246.7 60849.6 143920 72610.7 46768.8 50903.8 44271.1
threshold=0.33722492917240238 0.80434234060582843 0 0.88315745690132064 0.18523270721042387 1.1163582065134401 0.055673327516139855 1.5000000000000002 1.0000000180025095e-35 9.5000000000000018 1 0.9397358606537326 2 0.99469022402953544
decision_type=2 2 1 2 2 2 2 2 2 2 1 2 1 2
left_child=1 2 -1 -3 5 -4 7 -2 9 10 -9 12 -11 -13
right_child=6 3 4 -5 -6 -7 -8 8 -10 11 -12 13 -14 -15
leaf_value=0.0097291497669663284 -8.8199697452075762e-05 0.0086645653459296468 -0.011352834735234669 -0.050991665089312313 0.00014690229512569851 -0.00079391997686602527 -1.2781331683407739e-05 3.3870858327537971e-05 -4.7850638497405217e-06 0.00096101213813163029 -0.00082047229194212579 0.00063531474912160014 -0.00017462898042914439 0.00031707169773080438
leaf_weight=510631.88006436825 25219546.403858781 493362.1065518856 156104.91721022129 346537.63071215153 546320.61121702194 142745.52237796783 178950763.67625213 1653817.854151845 22852815.76962328 1368404.5764770508 1760793.4003793001 5737596.4960839748 3372785.660320282 10133437.105912447
leaf_count=497 33871 600 1538 2004 662 734 107614 6219 49845 1712 5748 5611 2768 10458
internal_value=0.000136934 0.0115451 0.00364044 0.0243052 -0.00157762 -0.00868982 3.7157e-05 0.000444321 0.00109085 0.00214495 -0.00355965 0.00308997 0.000475426 0.00387102
internal_weight=2.53246e+08 2.1957e+06 1.3558e+06 839900 845171 298850 2.5105e+08 7.20992e+07 4.68797e+07 2.40268e+07 3.41461e+06 2.06122e+07 4.74119e+06 1.5871e+07
internal_count=229881 6035 3431 2604 2934 2272 223846 116232 82361 32516 11967 20549 4480 16069
cat_boundaries=0 1 2 3
cat_threshold=24 440 38
is_linear=0
shrinkage=0.03


Tree=448
num_leaves=15
num_cat=5
split_feature=16 16 11 0 2 16 0 1 0 12 1 0 0 2
split_gain=21210.8 26180 23722.9 73277.1 144619 34681.1 77819.2 34171.3 28469.1 36848.3 27138.2 42115.7 35885.2 108678
threshold=0.10479512185759511 0.10297058263586813 0.9569913468292458 0 4.5000000000000009 0.044813661194155065 1 16.500000000000004 2 0.9353060627559534 11.500000000000002 3 4 1.5000000000000002
decision_type=2 2 2 1 2 2 1 2 1 2 2 1 1 2
left_child=1 2 3 4 7 6 -5 -1 -8 -10 11 -7 13 -12
right_child=-2 -3 -4 5 -6 10 8 -9 9 -11 12 -13 -14 -15
leaf_value=-1.1328631745311505e-05 -0.0002587673012062401 0.00037152262032088705 -2.7202735302057336e-06 0.0016127612109130035 0.0042732523697060435 0.00034524934440127838 0.00041105776044723973 0.00029718193719034615 -0.0024110153904532963 0.00041708158944246584 -0.00054397835218047074 -0.00021389500601219367 -0.00026231486173822205 0.00050793760396420262
leaf_weight=4648561.1766885519 2377249.1045644283 1475929.754524231 218773230.7475245 748357.73380684853 1572823.3237533569 3554735.6467285156 1374129.1386151314 2331214.3695344925 511068.64927172661 431887.34671449661 1578073.3796081543 3121958.3863983154 8330680.1381530762 2939826.130645752
leaf_count=3217 1774 891 198962 1528 2010 2141 4050 1650 1642 1987 1120 2054 4497 2655
internal_value=7.99393e-05 0.00010661 8.30834e-05 0.000857763 0.0032228 -3.76176e-05 0.00292895 0.00137097 0.000212475 -0.00380176 -0.000503365 0.00104816 -0.00130961 0.000843287
internal_weight=2.5377e+08 2.51392e+08 2.49917e+08 3.11433e+07 8.5526e+06 2.25907e+07 3.06544e+06 6.97978e+06 2.31709e+06 942956 1.95253e+07 6.67669e+06 1.28486e+07 4.5179e+06
internal_count=230178 228404 227513 28551 6877 21674 9207 4867 7679 3629 12467 4195 8272 3775
cat_boundaries=0 1 2 3 4 5
cat_threshold=144 8 69 261 99
is_linear=0
shrinkage=0.03


Tree=449
num_leaves=15
num_cat=4
split_feature=10 14 11 0 1 0 11 0 1 1 1 3 10 0
split_gain=32476.5 64767.8 84590.1 107343 54622.2 53977.9 49694.1 45015.1 36146.8 30237.8 65359.2 40281.9 42160.8 32975.3
threshold=0.97232699120128163 0.86944186738941187 0.92167517421559297 0 20.500000000000004 1 0.97755348269850095 2 10.500000000000002 16.500000000000004 13.500000000000002 1.5000000000000002 0.83310007439074751 3
decision_type=2 2 2 1 2 1 2 1 2 2 2 2 2 1
left_child=1 2 -1 -4 5 8 9 -6 -3 10 11 13 -13 -7
right_child=-2 4 3 -5 7 6 -8 -9 -10 -11 -12 12 -14 -15
leaf_value=0.00012989227450525617 -6.5883614074901203e-08 -0.00086821030126134303 0.0047204489540636028 0.00013928759830605296 0.0019647958181326784 0.00049462256706476148 0.00042828596240984418 0.00033126906812996193 -0.00018194483805440505 0.00013938895027156437 -0.00042330455229981254 -0.00018889980500211046 -0.0016262484908592721 7.069975856002933e-06
leaf_weight=4695978.3730312586 216373366.86439812 1251126.0839778185 1082558.1038737297 987232.26892662048 672679.78356552124 2663712.3028991222 3734664.2618708611 930680.65790557861 2966876.3968811035 5920490.4897918701 4129976.9837646484 915228.05443751812 1223699.0848076344 5435968.4153975248
leaf_count=3618 194034 2487 773 1433 1459 3058 3553 3054 3134 3677 2562 1702 1912 3161
internal_value=0.000140979 0.000967314 0.00361748 0.00867017 0.00036653 6.0729e-05 0.000610291 0.00575294 -0.00306931 2.4898e-05 -0.000718527 0.000566526 -0.00309525 0.00153351
internal_weight=2.52984e+08 3.66109e+07 6.76577e+06 2.06979e+06 2.98451e+07 2.82417e+07 2.40237e+07 1.60336e+06 4.218e+06 2.02891e+07 1.43686e+07 1.02386e+07 2.13893e+06 8.09968e+06
internal_count=229617 35583 5824 2206 29759 25246 19625 4513 5621 16072 12395 9833 3614 6219
cat_boundaries=0 1 2 3 4
cat_threshold=27 96 88 385
is_linear=0
shrinkage=0.03


Tree=450
num_leaves=15
num_cat=2
split_feature=13 14 0 10 0 1 16 9 1 9 9 1 16 1
split_gain=331546 268669 45032.1 17966.7 16430.7 103311 97718.8 53939.5 46167.6 85231.1 73685.6 253274 196728 101618
threshold=0.33722492917240238 0.80434234060582843 0 0.88656517134269841 1 7.5000000000000009 0.062808446144450511 71.500000000000014 9.5000000000000018 68.500000000000014 89.500000000000014 18.500000000000004 0.044813661194155065 16.500000000000004
decision_type=2 2 1 2 1 2 2 2 2 2 2 2 2 2
left_child=1 2 -1 -3 5 7 -7 -2 9 -6 11 -10 -13 -12
right_child=4 3 -4 -5 8 6 -8 -9 10 -11 13 12 -14 -15
leaf_value=0.0017164400175283291 -0.001609478813713893 0.0077046510363883887 -0.0002404077701640177 0.022342304945010223 -0.00041645439839247105 0.0003757107317500152 -2.7777305059424053e-05 -0.00037406793416169348 0.00020212824258625017 6.4784909474982705e-05 -0.00016063615442075651 0.00011610942993241975 -0.0011495056463243264 3.1878432656422816e-05
leaf_weight=626569.79328453541 323141.33996105194 510366.60779416561 731009.89496350288 361875.65770232677 2108088.3376916647 21916514.76294899 31461401.153396606 4560312.6192756891 19564689.879652023 45986424.057181001 69766138.389965057 2625594.0361995697 2455665.7171645164 50400588.598293304
leaf_count=1160 980 642 2245 2016 2030 33246 24556 15015 10994 47660 41713 4470 1528 41504
internal_value=0.000103586 0.0116206 0.00327355 0.0246121 1.34019e-06 0.00044286 0.000824969 -0.00373373 -0.000132007 0.000673319 -0.000399468 0.0010948 -0.00487273 -0.000705939
internal_weight=2.53398e+08 2.22982e+06 1.35758e+06 872242 2.51169e+08 5.82614e+07 5.33779e+07 4.88345e+06 1.92907e+08 4.80945e+07 1.44813e+08 2.46459e+07 5.08126e+06 1.20167e+08
internal_count=229759 6063 3405 2658 223696 73797 57802 15995 149899 49690 100209 16992 5998 83217
cat_boundaries=0 1 2
cat_threshold=28 98
is_linear=0
shrinkage=0.03


Tree=451
num_leaves=15
num_cat=1
split_feature=13 14 11 10 10 13 14 12 10 16 0 1 14 16
split_gain=285915 247424 40291.9 141205 29814.3 20049.2 35548.6 44358.8 42084.3 37996.7 58844.7 41226.8 165085 97908.1
threshold=0.33722492917240238 0.80434234060582843 0.91408087203224231 1.0138281127492375 0.88656517134269841 0.97157855593931763 0.98000143226936309 0.94549931222377859 0.73877059037293324 0.033408427236835604 0 8.5000000000000018 0.88354585953519404 0.08995274063160387
decision_type=2 2 2 2 2 2 2 2 2 2 1 2 2 2
left_child=1 2 -1 -4 -3 6 9 8 -8 10 -2 12 13 -11
right_child=5 4 3 -5 -6 -7 7 -9 -10 11 -12 -13 -14 -15
leaf_value=-0.00019030672372833779 5.9101858292481638e-05 -0.02071261751580827 0.010176949681982383 -0.00080612455532712692 0.0060481979513289652 -2.6606618716170978e-05 0.00013352723822439487 0.00014527806982682405 -0.0020294761904694979 0.0011117006915276587 -0.0010415200236931737 -1.542716402287434e-05 -0.00017939558160723706 1.8732862446154572e-05
leaf_weight=762088.61620366573 2697417.6166411638 491234.66652417183 359654.67229139805 224429.06563186646 362934.94530403614 147855705.13272536 684361.62590026855 27283272.029770255 660802.86974012852 2309949.2877554893 2451673.6746418476 59792416.636370659 5198655.4216766357 2205470.9807739258
leaf_count=709 9676 597 738 1911 2013 129539 918 28132 1261 1425 9096 39733 2791 900
internal_value=8.09774e-05 0.0108481 0.00283468 0.00876317 0.0234773 -1.33581e-05 0.000307354 0.00120612 -0.00411218 -3.73004e-05 -0.00252393 0.000146911 0.00195959 0.00615593
internal_weight=2.5334e+08 2.20034e+06 1.34617e+06 584084 854170 2.5114e+08 1.03284e+08 2.86284e+07 1.34516e+06 7.46556e+07 5.14909e+06 6.95065e+07 9.71408e+06 4.51542e+06
internal_count=229439 5968 3358 2649 2610 223471 93932 30311 2179 63621 18772 44849 5116 2325
cat_boundaries=0 1
cat_threshold=472
is_linear=0
shrinkage=0.03


Tree=452
num_leaves=15
num_cat=3
split_feature=13 14 0 10 10 12 0 12 12 13 12 3 0 12
split_gain=290588 222870 43413.2 29157.4 59617.4 15583.3 50263.6 132525 50183.6 60184.6 44320.9 113958 84699.5 95269.3
threshold=0.33722492917240238 0.80434234060582843 0 0.88315745690132064 1.0140370453833489 1.0064015881057771 1 1.0022632125571322 1.0048876901737636 0.97275852921548656 1.0137025498423149 1.5000000000000002 2 1.0078314957339256
decision_type=2 2 1 2 2 2 1 2 2 2 2 2 1 2
left_child=1 2 -1 -3 -5 6 7 -2 9 -9 11 12 13 -7
right_child=5 3 -4 4 -6 10 -8 8 -10 -11 -12 -13 -14 -15
leaf_value=-0.0002408301223934521 4.8550907306663348e-05 0.0083385752155195128 -0.00020074248522145913 0.026194310063254334 0.017387952567766336 -4.7879837856753966e-06 -1.6598122559662017e-05 0.0016649034040812972 0.00013144305778144762 0.00058248638112441285 1.0473046022139751e-05 0.00038098498392006685 -6.4098697158413147e-05 -0.00051072693899459223
leaf_weight=605170.24098730087 28613945.810716391 465553.0302875042 701266.57669770718 181623.4843287468 187154.39072489738 3553630.4353713989 62279077.882276654 1386648.5089021921 1953220.2958076 2455957.7382296324 125904049.2625885 4971084.5749696493 13321519.028360844 7470521.9096518755
leaf_count=1462 30674 595 1913 616 1405 1606 43814 1357 1958 2325 120253 6291 11054 4698
internal_value=0.000147055 0.0111533 0.00341777 0.0232659 0.0169645 5.35229e-05 0.000352484 0.0012727 0.00540946 0.00739971 -0.000132704 -0.00118324 -0.00202843 -0.00397358
internal_weight=2.5405e+08 2.14077e+06 1.30644e+06 834331 368778 2.5191e+08 9.66889e+07 3.44098e+07 5.79583e+06 3.84261e+06 1.55221e+08 2.93168e+07 2.43457e+07 1.10242e+07
internal_count=230021 5991 3375 2616 2021 224030 80128 36314 5640 3682 143902 23649 17358 6304
cat_boundaries=0 1 2 3
cat_threshold=156 234 52
is_linear=0
shrinkage=0.03


Tree=453
num_leaves=15
num_cat=3
split_feature=13 14 0 10 10 14 0 1 1 13 0 16 4 4
split_gain=245862 265389 39088.5 34775.7 58596.5 13508.7 48208 46503.7 47336.9 31322.7 33974.4 29946.1 44511.6 34254.9
threshold=0.33722492917240238 0.80434234060582843 0 0.88656517134269841 1.0140370453833489 1.0577981349574546 1 11.500000000000002 13.500000000000002 1.275313048505496 2 0.034482511755755542 1.0000000180025095e-35 1.0000000180025095e-35
decision_type=2 2 1 2 2 2 1 2 2 2 1 2 2 2
left_child=1 2 -1 -3 -5 9 7 -7 -9 -2 -11 12 -8 -13
right_child=5 3 -4 4 -6 6 11 8 -10 10 -12 13 -14 -15
leaf_value=0.0013864396885548138 -1.0509540014968871e-05 0.0085222717265467408 -0.00022189155263986195 0.027488148342555519 0.0055025412543636305 -0.00012722881710487883 0.00021179647536390757 0.0013819688099446907 0.00035088972570677392 0.0017192832214227695 1.9613060297440889e-05 -6.5772041992423935e-05 0.0037343799755334404 -0.00090523606765253604
leaf_weight=584457.33412086964 223468536.55759931 505103.12471342087 738828.41135919094 164830.1543431282 166053.32756149769 3235578.3623929024 2323970.6346670389 1320507.4306945801 6252784.5921056271 572285.4333319664 762139.43557405472 10597744.047390699 299313.53256440163 2211348.7521972656
leaf_count=1149 175367 623 2236 595 1443 8703 13346 1480 9433 1151 2543 7871 1231 2391
internal_value=7.99498e-05 0.0101598 0.00180026 0.0233921 0.0158322 -6.74857e-06 0.000637363 0.0021738 0.00346 -8.19357e-05 0.00450066 -0.000438761 0.00248143 -0.00103681
internal_weight=2.53203e+08 2.15927e+06 1.32329e+06 835987 330883 2.51044e+08 2.62412e+07 1.08089e+07 7.57329e+06 2.24803e+08 1.33442e+06 1.54324e+07 2.62328e+06 1.28091e+07
internal_count=229562 6046 3385 2661 2038 223516 44455 19616 10913 179061 3694 24839 14577 10262
cat_boundaries=0 1 2 3
cat_threshold=28 178 274
is_linear=0
shrinkage=0.03


Tree=454
num_leaves=15
num_cat=4
split_feature=13 14 0 10 10 13 0 4 1 12 0 1 12 0
split_gain=294565 243614 37983.5 28892.5 47565 13892 120079 19892.7 146458 73356.6 46563.9 27108.7 52844.9 60450
threshold=0.33722492917240238 0.80434234060582843 0 0.88315745690132064 1.0140370453833489 2.040948787038904 1 1.0000000180025095e-35 12.500000000000002 0.9927388970595955 2 14.500000000000002 0.9787796254026907 3
decision_type=2 2 1 2 2 2 1 2 2 2 1 2 2 1
left_child=1 2 -1 -3 -5 7 -7 11 -9 -10 -11 -2 13 -13
right_child=5 3 -4 4 -6 6 -8 8 9 10 -12 12 -14 -15
leaf_value=-0.00022340381058623719 2.2575499810517965e-05 0.0072687033315117664 0.0013967182819621883 -0.0082060642462978874 0.016858246492322131 0.038405597559899016 -0.00062967532487027056 -0.0017833886209512083 -0.0011395167575214131 0.0011759970417416128 0.00014424433153857651 0.00051228716301504628 -6.353149062553423e-05 5.1675417368764992e-05
leaf_weight=677301.44194352627 133992708.58365691 509722.12017464638 652129.41995918751 173677.79404175282 173987.00658226013 343622.43339312077 875169.40573167801 1275670.6813615561 981770.05854034424 859595.06924438477 923909.52320814133 1845404.7518157959 101492411.16085458 9127821.3303933144
leaf_count=1901 119902 600 1467 597 1447 919 4431 2326 997 717 1747 1231 83736 7887
internal_value=5.11955e-05 0.0110141 0.00297291 0.0234825 0.0168142 -4.40458e-05 0.00315105 -5.95914e-05 -0.00214742 0.00173173 0.00535699 -2.53592e-05 -0.000368786 0.00160892
internal_weight=2.53905e+08 2.18682e+06 1.32943e+06 857387 347665 2.51718e+08 1.21879e+06 2.50499e+08 4.04095e+06 2.76527e+06 1.7835e+06 2.46458e+08 1.12466e+08 1.09732e+07
internal_count=229905 6012 3368 2644 2044 223893 5350 218543 5787 3461 2464 212756 92854 9118
cat_boundaries=0 1 2 3 4
cat_threshold=355 16 284 80
is_linear=0
shrinkage=0.03


Tree=455
num_leaves=15
num_cat=3
split_feature=13 14 10 0 10 13 2 10 14 10 0 16 2 0
split_gain=241611 254297 34189.8 48400.6 34135.8 20147.9 30291.5 73146.5 84105.7 52704.8 74533.4 49499.9 51933.3 80354.1
threshold=0.33722492917240238 0.80434234060582843 0.88315745690132064 0 0.88315745690132064 0.96455165748835203 4.5000000000000009 0.99451885417014119 0.96788936556543426 0.83310007439074751 1 0.055845160148253276 1.5000000000000002 2
decision_type=2 2 2 1 2 2 2 2 2 2 1 2 2 1
left_child=1 2 -1 -4 -3 -2 11 9 -9 -8 -11 -7 13 -13
right_child=5 4 3 -5 -6 6 7 8 -10 10 -12 12 -14 -15
leaf_value=0.00096377444315350253 3.4382733476265297e-05 0.0069840850325790967 -0.00099582992503281635 0.00033157580709496803 0.020125039479389897 6.005275813008314e-05 0.0011855600469722403 -0.00020081225937434592 0.00034682881879346433 -0.0015958183894868119 1.0791278715256002e-05 -0.00043556542946890234 -0.00011890166288548203 5.6819130290724735e-05
leaf_weight=810590.20339739323 95530721.121557474 489279.06330943108 197559.48496937752 322386.98063099384 348658.42148518562 37983054.661821604 707803.50710618496 6284654.3955544233 16247479.185177565 2249820.0537625551 2426410.7096480131 5934434.9948120117 54837140.211700439 28792599.153381348
leaf_count=754 88195 618 1389 1256 2055 51235 1370 7850 21792 2143 4109 5288 29387 12405
internal_value=0.000135951 0.0101069 0.00195405 -0.00405045 0.0230525 4.98071e-05 -0.000160892 0.000734216 0.00148488 -0.00240729 -0.00356207 -0.000356803 -0.000741675 0.000166105
internal_weight=2.53163e+08 2.16847e+06 1.33054e+06 519946 837937 2.50994e+08 1.55463e+08 2.79162e+07 2.25321e+07 5.38403e+06 4.67623e+06 1.27547e+08 8.95642e+07 3.4727e+07
internal_count=229846 6072 3399 2645 2673 223774 135579 37264 29642 7622 6252 98315 47080 17693
cat_boundaries=0 1 2 3
cat_threshold=268 82 162
is_linear=0
shrinkage=0.03


Tree=456
num_leaves=15
num_cat=2
split_feature=13 14 14 10 10 0 11 14 2 5 5 2 9 0
split_gain=265721 278844 41718.3 25042.9 24719.8 30970.4 20471.3 28029.1 23320.4 94435.3 67726.3 65896.4 120670 139319
threshold=0.33722492917240238 0.80434234060582843 0.76599082437519839 0.88315745690132064 0.88315745690132064 0 0.78683299918466465 0.84920864226268733 3.5000000000000004 1.0000000180025095e-35 1.0000000180025095e-35 4.5000000000000009 74.500000000000014 1
decision_type=2 2 2 2 2 1 2 2 2 2 2 2 2 1
left_child=1 2 4 -3 -1 -6 7 -2 9 -8 11 -10 13 -13
right_child=6 3 -4 -5 5 -7 8 -9 10 -11 -12 12 -14 -15
leaf_value=0.00016514693575556634 -0.00011748344891698076 -0.11549980122596976 0.0049908795255312992 0.019631746248114489 -0.00082814487177789982 -0.00068570290154908457 1.9340383631329382e-05 0.00051543283586151707 -0.00012947587828409599 -0.00077334771091975381 0.00060080920375084844 0.00064781073133619003 7.8452966939844369e-05 -0.00087330557124678816
leaf_weight=525903.05556476116 914333.62075281143 500736.66961097717 463071.9901829958 371517.66143667698 163895.48550784588 152430.11038303375 163561621.41106987 1677572.5398398638 37601395.328675985 2114296.2302516699 1929699.4775993824 955014.29861450195 41040684.713361025 1675494.9378540516
leaf_count=593 737 601 357 2023 788 1657 127109 2159 30477 1495 1512 1719 56888 1939
internal_value=7.62909e-05 0.0105109 0.00173519 0.0236435 -0.00224165 -0.0088686 -1.40658e-05 0.0026383 -4.16886e-05 0.000164106 -0.000451476 -0.000583364 0.000209292 -0.00601959
internal_weight=2.53648e+08 2.17755e+06 1.3053e+06 872254 842229 316326 2.5147e+08 2.59191e+06 2.48878e+08 1.65676e+08 8.32023e+07 8.12726e+07 4.36712e+07 2.63051e+06
internal_count=230054 6019 3395 2624 3038 2445 224035 2896 221139 128604 92535 91023 60546 3658
cat_boundaries=0 1 2
cat_threshold=264 139
is_linear=0
shrinkage=0.03


Tree=457
num_leaves=15
num_cat=3
split_feature=13 14 0 10 10 14 16 1 9 12 0 3 0 1
split_gain=241369 226727 51222 49612.4 33275.6 16956.5 32118.6 61444.7 89565.6 63881 60164.5 51023.2 50149.4 43280.4
threshold=0.33722492917240238 0.80434234060582843 0 0.88315745690132064 1.0140370453833489 1.0054431747562322 0.026185160957008333 18.500000000000004 89.500000000000014 0.99493778713559811 1 1.5000000000000002 2 8.5000000000000018
decision_type=2 2 1 2 2 2 2 2 2 2 1 2 1 2
left_child=1 2 -1 -3 -5 -2 -7 9 -9 10 -8 -10 -13 -11
right_child=5 3 -4 4 -6 6 7 8 11 13 -12 12 -14 -15
leaf_value=0.0012609982614729533 -1.9530694484049832e-05 0.010523026810181224 -0.00022555215455091309 0.021830861567032282 0.012958083341033112 0.00049337742767209894 0.00021050011501163739 -0.00092759203585660336 -0.00022469005620775752 -7.5478931828162427e-05 -0.00034762671406977767 0.0011849355072193323 -0.00043108279167220474 0.00015206551564867974
leaf_weight=623505.4490493536 169636889.23932779 451264.9769910574 759107.41252911091 170302.89943051338 177386.8614885807 5851792.9720422029 3428461.2471618652 1904629.3947367668 6610955.2790985107 11375565.459405899 6856212.0484619141 1628953.2448120117 1276316.750834465 42404046.733203411
leaf_count=1151 135524 597 2280 611 1428 32174 2973 1854 5164 7391 4839 2440 2090 29260
internal_value=7.52581e-05 0.010011 0.00265906 0.0227336 0.0142168 -1.11071e-05 0.000345009 0.000179024 -0.00184815 0.000540412 -0.00162586 -0.000659607 0.00265408 0.000954684
internal_weight=2.53155e+08 2.18157e+06 1.38261e+06 798955 347690 2.50974e+08 8.13369e+07 7.54851e+07 1.14209e+07 6.40643e+07 1.02847e+07 9.51623e+06 2.90527e+06 5.37796e+07
internal_count=229776 6067 3431 2636 2039 223709 88185 56011 11548 44463 7812 9694 4530 36651
cat_boundaries=0 1 2 3
cat_threshold=28 137 110
is_linear=0
shrinkage=0.03


Tree=458
num_leaves=15
num_cat=2
split_feature=13 14 10 10 14 10 0 12 0 12 3 16 9 13
split_gain=260832 251659 59898.1 42009 37965.3 29338.8 33170.9 16889 38039.4 92130.7 47640.5 44397.1 39541.9 37836.6
threshold=0.33722492917240238 0.80434234060582843 0.88315745690132064 1.0140370453833489 0.75023302573501549 0.88315745690132064 0 1.0051969303918387 1 1.0024913181220338 1.0000000180025095e-35 0.055469169271562938 66.500000000000014 1.0217776048716147
decision_type=2 2 2 2 2 2 1 2 1 2 2 2 2 2
left_child=1 4 -3 -4 5 -1 -7 8 9 11 -11 -2 -10 -13
right_child=7 2 3 -5 -6 6 -8 -9 12 10 -12 13 -14 -15
leaf_value=0.00036907513783715988 0.00032168986487831182 0.01081439454553371 0.024226211133851271 0.0067388469670719474 -0.015512440590578372 -0.00089491574634339586 -0.00063908792193552552 -9.1040348065452595e-06 0.00027376588864898717 0.00091329323996825233 0.0001092520724682869 5.7454414164388687e-05 -1.7394516503752555e-05 -0.00023581629687194076
leaf_weight=528372.16123461723 7683371.8378653526 521439.26460111141 181507.21052801609 189738.27496850491 486170.66066658497 158113.51342821121 157813.17306756973 159945759.76468551 1440413.9720288515 2895359.0807523727 1559577.3396244049 13572730.833343506 58155074.065333843 5759976.7346801758
leaf_count=570 13741 599 610 1421 461 732 1612 147707 791 1913 1461 9306 44855 4079
internal_value=0.00017338 0.010404 0.0227264 0.0135166 0.0021362 -0.00170935 -0.00894155 8.27701e-05 0.000408894 0.00125264 0.00524986 0.000593496 -3.66675e-05 -0.000173189
internal_weight=2.53235e+08 2.22315e+06 892685 371245 1.33047e+06 844299 315927 2.51012e+08 9.10665e+07 3.1471e+07 4.45494e+06 2.70161e+07 5.95955e+07 1.93327e+07
internal_count=229858 6005 2630 2031 3375 2914 2344 223853 76146 30500 3374 27126 45646 13385
cat_boundaries=0 1 2
cat_threshold=264 202
is_linear=0
shrinkage=0.03


Tree=459
num_leaves=15
num_cat=2
split_feature=13 14 10 10 14 0 13 0 9 16 9 16 9 2
split_gain=216218 251031 64695.3 50292.3 24768.2 16865.2 57298.5 100111 56445 90621.3 44137.6 88511.2 78114 70756.3
threshold=0.33722492917240238 0.80434234060582843 0.88315745690132064 0.88315745690132064 0.75808805599974149 0 1.460586317597184 1 67.500000000000014 0.06641745348188037 79.500000000000014 0.051649335966063865 81.500000000000014 4.5000000000000009
decision_type=2 2 2 2 2 1 2 1 2 2 2 2 2 2
left_child=1 3 -3 -1 -5 8 10 -8 9 -2 11 13 -12 -7
right_child=5 2 -4 4 -6 6 7 -9 -10 -11 12 -13 -14 -15
leaf_value=0.0010561210674216196 6.783190093575972e-05 0.010453144425987262 0.017944926207344794 -0.00056551780290380244 0.0013863156548784773 -0.00016399134131232364 0.026963533236120756 0.00013670984475230312 6.269338303399511e-05 -0.00079404881199820045 -0.00060662994656790882 0.0001493298140636754 -2.6454550363328402e-05 -0.00097985187335472069
leaf_weight=819067.29689013958 1783819.0638334751 508493.70138657093 342590.37412858009 288043.27543604374 223566.93776237965 2419995.2533818483 504076.42066252232 1270501.7690775394 76783208.400697827 1360712.9696350098 1836242.9232193232 16429984.058301926 148371469.38290608 636049.63631916046
leaf_count=753 2666 609 2019 2380 240 4137 1341 4695 94288 969 1399 7874 105169 1214
internal_value=0.000103925 0.00950737 0.0222316 0.00136911 -0.00601037 2.2316e-05 -0.000145446 0.00521729 0.000382215 -0.00355728 -0.000201527 0.00114178 -0.000375792 -0.00354632
internal_weight=2.53578e+08 2.18176e+06 851084 1.33068e+06 511610 2.51396e+08 1.71468e+08 1.77458e+06 7.99277e+07 3.14453e+06 1.69694e+08 1.9486e+07 1.50208e+08 3.05604e+06
internal_count=229753 6001 2628 3373 2620 223752 125829 6036 97923 3635 119793 13225 106568 5351
cat_boundaries=0 1 2
cat_threshold=99 16
is_linear=0
shrinkage=0.03


Tree=460
num_leaves=15
num_cat=4
split_feature=13 14 10 0 12 4 1 0 14 13 0 14 1 0
split_gain=225555 208368 69824 38467.8 15694 15688 131345 64720.8 34992.7 34659.5 71276.3 31611.3 24332.3 82655.1
threshold=0.33722492917240238 0.80434234060582843 0.88315745690132064 0 0.92324355344902431 1.0000000180025095e-35 16.500000000000004 1 1.3465466527055063 1.460586317597184 2 1.4894901571766581 10.500000000000002 3
decision_type=2 2 2 1 2 2 2 1 2 2 1 2 2 1
left_child=1 3 -3 -1 -5 9 7 11 -8 12 -11 -7 -2 -14
right_child=5 2 -4 4 -6 6 8 -9 -10 10 -12 -13 13 -15
leaf_value=0.0014336455938873786 3.4237035973287958e-05 0.010118059249894919 0.012621892584878851 -0.00044365886032985579 0.00016146874313753581 -0.00057920104421076677 0.0019861163657781465 -0.001400011131084373 0.00040591496839441067 0.02035009020829821 0.00015758713933024948 0.0010469091815000339 0.0001275031030670077 -6.0256106801656298e-05
leaf_weight=617586.90251111984 74658595.187848091 476162.2223328352 359165.67368102074 332392.37191331387 433919.30215930939 828913.21277570724 602434.28939819336 1961070.2212942839 942618.3627781868 297460.04134178162 1212767.7666387558 695676.14300739765 39650479.33480835 130643828.6576159
leaf_count=1152 75468 610 2040 441 1845 977 1087 2913 1590 1964 5900 1402 44125 88574
internal_value=5.99787e-05 0.00958222 0.0214142 0.00244034 -0.00204986 -2.40472e-05 -0.0016825 -0.00490982 0.00559839 9.80445e-06 0.00454062 -0.000273501 -1.81298e-05 -0.000216105
internal_weight=2.53713e+08 2.21923e+06 835328 1.3839e+06 766312 2.51494e+08 5.03071e+06 3.48566e+06 1.54505e+06 2.46463e+08 1.51023e+06 1.52459e+06 2.44953e+08 1.70294e+08
internal_count=230088 6088 2650 3438 2286 224000 7969 5292 2677 216031 7864 2379 208167 132699
cat_boundaries=0 1 2 3 4
cat_threshold=28 402 28 98
is_linear=0
shrinkage=0.03


Tree=461
num_leaves=15
num_cat=3
split_feature=13 12 10 10 12 4 1 0 13 13 0 3 1 0
split_gain=230198 145914 44970.3 26104.2 20940.7 15745.8 112737 53126.6 29551.3 28546.4 85038.4 21017.4 20829 20208.2
threshold=0.33722492917240238 1.015774644378785 0.84046969010850592 1.0274783606039628 0.90150706348843312 1.0000000180025095e-35 12.500000000000002 0 1.460586317597184 1.460586317597184 1 1.5000000000000002 16.500000000000004 2
decision_type=2 2 2 2 2 2 2 1 2 2 1 2 2 1
left_child=1 2 -1 -4 -2 9 8 -8 -7 13 11 -11 -9 -6
right_child=4 -3 3 -5 5 6 7 12 -10 10 -12 -13 -14 -15
leaf_value=0.0020812873276361017 -0.00032937555684852348 0.013858614869808628 0.00090188298425397315 -0.00050285611249370303 -2.8630402988110464e-05 -0.0016683748663584665 0.00090275739266917042 -0.0010320817232956274 -0.0012442026348536957 -0.0037959517138589499 -0.00025663547734643464 0.01608128062323429 0.00027473993019803115 2.2467204181128887e-05
leaf_weight=843412.18974363804 2818890.1638157368 466733.88936173916 526072.47338271141 394757.65030574799 91989359.651504636 932503.03285884857 1427010.167755127 962214.38659667969 804004.83330285549 179925.04431355 995354.09127485752 308349.35407280922 858413.09762430191 149686201.89658082
leaf_count=845 2778 2664 1314 1211 47930 1720 1425 1045 1987 2084 4326 1262 1806 157207
internal_value=3.60946e-05 0.00963016 0.00568397 0.00110007 -4.91937e-05 -1.99858e-05 -0.00168916 0.00161008 -0.00785943 1.4228e-05 0.00416287 0.0144174 -0.00178693 -1.12402e-05
internal_weight=2.53193e+08 2.23098e+06 1.76424e+06 920830 2.50962e+08 2.48143e+08 4.98415e+06 3.24764e+06 1.73651e+06 2.43159e+08 1.48363e+06 488274 1.82063e+06 2.41676e+08
internal_count=229604 6034 3370 2525 223570 220792 7983 4276 3707 212809 7672 3346 2851 205137
cat_boundaries=0 1 2 3
cat_threshold=276 60 20
is_linear=0
shrinkage=0.03


Tree=462
num_leaves=15
num_cat=1
split_feature=13 14 11 13 12 14 13 16 0 14 11 1 14 14
split_gain=182918 254939 56519.6 82598.6 47932.9 28199.1 21267 32173.1 46885.6 28439.9 26816.2 25503.6 173928 104021
threshold=0.33722492917240238 0.80434234060582843 0.92167517421559297 0.18523270721042387 0.98115963927892413 0.72129665078146499 0.9657592390698625 0.030497419635198537 0 0.9264478784321788 1.1974644592326587 8.5000000000000018 0.88354585953519404 0.87823417826745143
decision_type=2 2 2 2 2 2 2 2 1 2 2 2 2 2
left_child=1 2 -1 5 -3 -4 7 8 -2 -10 -8 12 -9 -13
right_child=6 4 3 -5 -6 -7 10 11 9 -11 -12 13 -14 -15
leaf_value=-0.00035411780622260136 6.123184979315167e-05 0.0075740871353277102 -0.0012435637516574705 0.0099856510807062628 -0.075166326634646313 -0.0021722530318229699 -1.8948564424426697e-05 0.0005251070135556331 -0.0012614201959939883 -0.00029517370236204708 -0.00033544568834239759 -0.00013951873322839127 -6.7039640797795827e-05 9.3441037155739262e-05
leaf_weight=836082.01730668545 3994429.1054997444 387212.43234074116 130768.98383057117 263819.7640850544 469112.92943298817 114637.24640679359 151889290.7205168 4478354.6578140259 1551853.8249998093 1562674.3685696125 2729671.5269212723 24958776.935447216 8499471.5106220245 52250561.120137215
leaf_count=813 16194 507 1963 401 2117 238 131721 2342 6349 6598 2921 16903 4856 36308
internal_value=7.01412e-05 0.00867983 0.000535126 0.00841426 0.0214754 -0.0041132 -5.10395e-06 0.000342377 -0.0016007 -0.0043598 -0.000223761 0.000495539 0.00172604 0.000288708
internal_weight=2.54117e+08 2.20163e+06 1.34531e+06 509226 856325 245406 2.51915e+08 9.72961e+07 7.10896e+06 3.11453e+06 1.54619e+08 9.01872e+07 1.29778e+07 7.72093e+07
internal_count=230231 6039 3415 2602 2624 2201 224192 89550 29141 12947 134642 60409 7198 53211
cat_boundaries=0 1
cat_threshold=472
is_linear=0
shrinkage=0.03


Tree=463
num_leaves=15
num_cat=2
split_feature=13 12 13 1 13 0 4 1 2 12 16 0 1 9
split_gain=171716 116362 33852.8 30132.3 19859.6 118786 22743.2 126470 93999.8 32376.8 21628.9 21038.6 20688.4 69452.8
threshold=0.33722492917240238 1.015774644378785 0.28104573522942611 8.5000000000000018 2.040948787038904 0 1.0000000180025095e-35 13.500000000000002 4.5000000000000009 1.0097365641906493 0.038465513575636691 1 14.500000000000002 79.500000000000014
decision_type=2 2 2 2 2 1 2 2 2 2 2 1 2 2
left_child=1 2 3 -1 6 -6 12 9 -9 -8 11 -7 13 -2
right_child=4 -3 -4 -5 5 10 7 8 -10 -11 -12 -13 -14 -15
leaf_value=-0.00029765360480631689 0.00016416224753830233 0.0012419423699147275 0.0041510219191008106 0.0016564082130577991 0.035279949478774324 0.0047466603481457889 -0.0024721238292093779 -0.00058409668579130502 0.0013206121012279181 -0.00081922069968853124 -0.0008996452844771863 -0.00057134310340757968 -3.4529822461163452e-05 -2.0108886877806402e-06
leaf_weight=441048.46350729465 15621590.657218099 432903.74223124981 581823.02089500427 719223.53624486923 324935.50009846687 89377.87670314312 766341.89484763145 1423272.3403253555 922581.70478582382 882025.92439234257 661026.17938804626 138998.44183588028 112506693.24533463 118220352.40030146
leaf_count=1983 13500 2691 571 769 892 708 1003 1906 1205 1643 1105 2670 92768 106443
internal_value=2.76228e-05 0.00842082 0.00496176 0.00200034 -4.4946e-05 0.0037823 -6.35108e-05 -0.00230914 0.00216568 -0.00867744 -0.00188909 0.00607013 -2.71008e-05 0.000224958
internal_weight=2.53732e+08 2.175e+06 1.7421e+06 1.16027e+06 2.51557e+08 1.21434e+06 2.50343e+08 3.99422e+06 2.34585e+06 1.64837e+06 889402 228376 2.46349e+08 1.33842e+08
internal_count=229857 6014 3323 2752 223843 5375 218468 5757 3111 2646 4483 3378 212711 119943
cat_boundaries=0 1 2
cat_threshold=16 12
is_linear=0
shrinkage=0.03


Tree=464
num_leaves=15
num_cat=3
split_feature=14 0 1 16 10 14 14 3 0 10 10 0 12 16
split_gain=26983.4 217132 29725.8 42512.5 23691.6 38438 81699.9 45386.4 61656.5 78031.6 116988 47903.2 52408.7 52243
threshold=1.751209243664962 0 17.500000000000004 0.037899250941781586 0.97917871843321136 0.85973408525515194 0.78118195219137643 1.5000000000000002 1 0.83866519279172203 0.90675470765210653 2 1.0121289381029088 0.044059173375584744
decision_type=2 1 2 2 2 2 2 2 1 2 2 1 2 2
left_child=4 -2 3 -3 5 6 -1 11 9 -9 -11 12 -7 -13
right_child=1 2 -4 -5 -6 7 -8 8 -10 10 -12 13 -14 -15
leaf_value=-4.2431364355145549e-05 0.038661761395626083 0.0020559159762060259 0.0009693432833910152 -0.0021280512707683766 -1.3296325661212545e-05 0.0003214562991692462 0.00081674420134242396 0.00068367537243156184 2.3422899646615814e-05 -0.010101245196074601 -0.00032466799089620992 0.00056874363710407384 -8.1041710797459166e-05 -0.00014248848311987228
leaf_weight=3772337.6165697575 571482.83431005478 223666.33305764198 436944.27251279354 699542.15550100803 211338318.61492455 11217774.870059848 3494773.7290065289 759479.67668509483 4756325.1248545647 835997.83919143677 870334.00204491615 1378587.184946537 4602303.0603166819 8156518.9917602539
leaf_count=3488 1508 3060 1389 1284 185177 8775 2751 1352 7115 865 1569 2880 4055 4460
internal_value=2.42979e-05 0.00355648 -0.00296327 -0.00601439 -2.86516e-06 0.000668144 0.002641 0.000228055 -0.00187005 -0.0057198 -0.00928025 0.000825676 0.00183802 -0.000853947
internal_weight=2.53114e+08 1.93164e+06 1.36015e+06 923208 2.51183e+08 3.98444e+07 7.26711e+06 3.25773e+07 7.22214e+06 2.46581e+06 1.70633e+06 2.53552e+07 1.58201e+07 9.53511e+06
internal_count=229728 7241 5733 4344 222487 37310 6239 31071 10901 3786 2434 20170 12830 7340
cat_boundaries=0 1 2 3
cat_threshold=16 336 403
is_linear=0
shrinkage=0.03


Tree=465
num_leaves=15
num_cat=0
split_feature=13 12 10 10 3 5 5 2 9 10 11 12 12 10
split_gain=194872 142305 32659.8 31891.7 13842.2 73420.4 60786.5 70560.5 117112 113052 83778.6 179684 145591 115915
threshold=0.33722492917240238 1.015774644378785 0.84046969010850592 1.0184092183406726 1.0000000180025095e-35 1.0000000180025095e-35 1.0000000180025095e-35 4.5000000000000009 74.500000000000014 1.311423601463038 1.0011991564699063 1.004197057542799 0.99493778713559811 0.99310217739854456
decision_type=2 2 2 2 2 2 2 2 2 2 2 2 2 2
left_child=1 2 -1 -4 5 -2 7 -6 -9 10 11 -10 -12 -13
right_child=4 -3 3 -5 6 -7 -8 8 9 -11 12 13 -14 -15
leaf_value=0.0020661709112582624 2.1547778909594882e-05 0.011913113863110109 -0.026007337623345225 -0.00059788541391146558 -0.00011454662954814851 -0.00079819667674831303 0.00059389183173146401 -0.00066921878888209839 0.0002077662022486342 -0.0015417288735538326 -0.0012909547985952233 -0.00059588632456600093 0.00030631660069314529 -0.0097245640326737801
leaf_weight=822556.26821315289 163833545.34163344 457279.50802600384 516643.93062531948 363999.1753680706 39497971.634637952 2027607.6993054152 1963653.9575921297 2631959.6766405106 8334112.3324123621 868151.93166708946 1816561.9718317986 2720935.6731336117 26612512.843224287 928144.83013415337
leaf_count=843 126100 2690 1186 1300 33460 1464 1523 3702 11970 1138 2396 3827 37435 921
internal_value=0.000102943 0.00907437 0.0050849 0.00106997 2.57943e-05 0.000185556 -0.000284585 -0.000407409 0.000420125 0.000811322 0.00104143 -0.00106248 0.00192825 -0.0066142
internal_weight=2.53396e+08 2.16048e+06 1.7032e+06 880643 2.51235e+08 1.65861e+08 8.5374e+07 8.34104e+07 4.39124e+07 4.12804e+07 4.04123e+07 1.19832e+07 2.84291e+07 3.64908e+06
internal_count=229955 6019 3329 2486 223936 127564 96372 94849 61389 57687 56549 16718 39831 4748
is_linear=0
shrinkage=0.03


Tree=466
num_leaves=15
num_cat=4
split_feature=13 14 10 0 10 3 1 0 11 0 1 1 11 0
split_gain=260787 165969 79174.5 72356.5 19495.2 64304.2 57046 42320.3 41894.9 125241 79354.7 46898.3 45911.2 86382.4
threshold=0.33722492917240238 0.80434234060582843 0.88656517134269841 0 1.1419459761965169 2.5000000000000004 7.5000000000000009 1 1.0766544007495955 2 18.500000000000004 9.5000000000000018 1.0631792722561391 3
decision_type=2 2 2 1 2 2 2 1 2 1 2 2 2 1
left_child=1 3 -3 -1 8 6 -6 -7 12 11 -11 -10 -2 -14
right_child=4 2 -4 -5 5 7 -8 -9 9 10 -12 -13 13 -15
leaf_value=0.0014563871132971279 -1.2072529398146955e-05 0.011235849080764266 0.015291877257210052 -0.00016448682390598969 -0.00031423389439688828 3.2392770541413984e-05 0.00017641306705332363 -0.0011326784859812897 -0.00025795600022221157 -0.00016733168851442546 -0.00082139379368978372 0.00039234618847688602 0.00059451944864817054 1.0350805362014555e-06
leaf_weight=587177.53370511532 177845187.85707128 477015.63202536106 357940.55382025242 764506.28088152409 3065512.9564656019 1237245.5312919617 28505933.0375247 1619334.0537946224 2017011.6010444164 15405102.350588202 2857232.4883151054 5977535.4134626389 3944584.4425631762 8642397.4054421186
leaf_count=1135 148995 608 2021 2272 7247 2672 24460 2775 3207 11579 3634 7501 3809 8133
internal_value=5.02713e-05 0.0103658 0.0208818 0.00386991 -3.9553e-05 0.000623593 0.00101359 -0.00368672 -0.000144915 -0.00126831 -0.00263916 0.0018632 9.97904e-06 0.00176092
internal_weight=2.53304e+08 2.18664e+06 834956 1.35168e+06 2.51117e+08 3.4428e+07 3.15714e+07 2.85658e+06 2.16689e+08 2.62569e+07 1.82623e+07 7.99455e+06 1.90432e+08 1.2587e+07
internal_count=230048 6036 2629 3407 224012 37154 31707 5447 186858 25921 15213 10708 160937 11942
cat_boundaries=0 1 2 3 4
cat_threshold=28 121 291 332
is_linear=0
shrinkage=0.03


Tree=467
num_leaves=15
num_cat=0
split_feature=13 14 10 12 2 3 5 2 9 10 11 12 12 12
split_gain=291815 131297 90212.9 23850.1 23189.1 61095.4 70202.5 71681.6 111830 80555.4 77044.3 154704 113812 133894
threshold=0.33722492917240238 0.76599082437519839 0.88315745690132064 0.92324355344902431 2.5000000000000004 1.0000000180025095e-35 1.0000000180025095e-35 4.5000000000000009 74.500000000000014 1.3607046622344718 1.0011991564699063 1.004197057542799 0.99493778713559811 1.0203119929770657
decision_type=2 2 2 2 2 2 2 2 2 2 2 2 2 2
left_child=1 3 -3 -1 -2 -6 7 -7 -9 10 11 -10 -12 -14
right_child=4 2 -4 -5 5 6 -8 8 9 -11 12 -13 13 -15
leaf_value=-0.00035258697363356115 -2.6580690696334778e-05 0.0089244053349158328 0.011182733489109389 0.00053767643175869158 0.00011931122666974428 -0.00010895304468189298 0.00060637783612904833 -0.00056806135235209923 0.00022687690672033888 -0.0012475215954744412 -0.0011954908868518257 -0.0012618131106979739 0.00060129000307949888 6.6339102365713673e-05
leaf_weight=286317.53750705719 127529662.53092825 750691.87041544914 548332.08838880062 589882.48501491547 38252343.130641699 39503746.872142553 1942699.2765182257 2612427.6935786009 8211291.2065382004 781146.04808807373 1782084.0222872496 3624904.7206250429 11217915.792793989 15404190.10651958
leaf_count=390 98120 768 2191 2704 29628 33431 1498 3683 11830 1000 2353 4712 15154 22432
internal_value=8.27383e-05 0.0110235 0.0170768 0.00204914 -1.2129e-05 0.000281171 -0.000166543 -0.000298274 0.000539898 0.000923168 0.00110839 -0.000925114 0.00195577 0.00244709
internal_weight=2.53038e+08 2.17522e+06 1.29902e+06 876200 2.50862e+08 1.23333e+08 8.50804e+07 8.31377e+07 4.3634e+07 4.10215e+07 4.02404e+07 1.18362e+07 2.84042e+07 2.66221e+07
internal_count=229894 6053 2959 3094 223841 125721 96093 94595 61164 57481 56481 16542 39939 37586
is_linear=0
shrinkage=0.03


Tree=468
num_leaves=15
num_cat=0
split_feature=14 2 14 11 14 11 1 10 14 12 14 1 2 1
split_gain=24555.8 77953.2 50269.5 19513.7 59420.1 97953.7 55869.2 46090.6 30845.5 34978.1 28259.6 93441.3 73523 55537.6
threshold=1.8922278956263101 4.5000000000000009 2.9391279078288322 0.9569913468292458 0.83750963749447582 0.8583963594932722 19.500000000000004 0.89250296402008533 1.1108503586172571 0.98159646488267815 0.80434234060582843 8.5000000000000018 1.0000000180025095e-35 11.500000000000002
decision_type=2 2 2 2 2 2 2 2 2 2 2 2 2 2
left_child=3 2 -2 4 5 -1 8 -7 -6 -10 11 12 -5 -13
right_child=1 -3 -4 10 6 7 -8 -9 9 -11 -12 13 -14 -15
leaf_value=-9.7743583936487708e-05 -0.00079902223971930911 0.042736017117869771 0.003327479923363351 -0.0002923706897088146 -3.5101502172515989e-06 0.0014745779473440627 0.00072858407501527253 0.00026925964911593753 -0.0014867263094429741 0.0002292765098643834 6.9253035817239063e-06 -0.00060961195815843056 0.00056411507169936369 -0.00017601649085037706
leaf_weight=2665257.0819963217 818030.11860942841 300795.50523591042 443995.15592622757 684477.50890612602 21845131.731770158 1561219.1266723871 2557937.0278453827 1675084.4487622976 804629.14016628265 530944.25284254551 205388035.3920989 2668682.4788918495 2427554.4834190607 9868405.7597754002
leaf_count=2098 2414 1921 1976 1106 15459 1240 4721 1502 1718 955 178597 2436 5516 8577
internal_value=0.000104023 0.00385293 0.000581892 8.08361e-05 0.000777657 0.00349271 0.000155129 0.00700017 -0.000309168 -0.00473502 -1.89099e-05 -0.0012478 0.00340508 -0.00240277
internal_weight=2.5424e+08 1.56282e+06 1.26203e+06 2.52677e+08 3.16402e+07 5.90156e+06 2.57386e+07 3.2363e+06 2.31807e+07 1.33557e+06 2.21037e+08 1.56491e+07 3.11203e+06 1.25371e+07
internal_count=230236 6311 4390 223925 27693 4840 22853 2742 18132 2673 196232 17635 6622 11013
is_linear=0
shrinkage=0.03


Tree=469
num_leaves=15
num_cat=3
split_feature=13 14 10 0 2 9 0 0 14 14 12 12 10 10
split_gain=229507 181393 96472.1 61183.1 21924.8 102354 121355 110701 99521.3 89355 72500.4 132960 120135 97943.6
threshold=0.33722492917240238 0.80434234060582843 0.88315745690132064 0 4.5000000000000009 74.500000000000014 1 2 1.1312247926346461 0.65200648454514376 0.99493778713559811 1.019141366626745 1.0118941684945517 0.9886891224358052
decision_type=2 2 2 1 2 2 1 1 2 2 2 2 2 2
left_child=1 3 -3 -1 -2 6 -6 8 10 -9 -7 12 13 -12
right_child=4 2 -4 -5 5 7 -8 9 -10 -11 11 -13 -14 -15
leaf_value=0.0018359206557144179 -9.3744023309959627e-06 0.010670884668784323 0.0077680460925835916 -0.00027335324347213665 0.00060601564700208906 -0.00026809464789659805 -0.00080949405950191285 -0.0015876172650644603 0.0024274447490969654 -7.9817899626694684e-05 0.0011046583918157067 1.5308080378371293e-05 0.00092920906968749553 -0.00012103092054227469
leaf_weight=612889.24282765388 207461320.82193315 512787.43691837788 321679.83097028732 711622.27760851383 967393.4241874218 4379922.369732976 1685245.2309141159 565866.33072257042 1151781.622264266 15740659.762571216 1480838.7283860445 9878398.6099382639 4677076.1442043781 3314137.0712759495
leaf_count=1167 162396 614 2034 2240 1740 4329 1964 680 2715 30791 1461 10569 4362 2611
internal_value=0.000103488 0.00984301 0.0207985 0.00294086 1.98147e-05 0.000629376 -0.00508254 0.000997236 0.00225629 -0.000923961 0.0018383 0.00262721 0.00516676 0.00182997
internal_weight=2.53462e+08 2.15898e+06 834467 1.32451e+06 2.51303e+08 4.38413e+07 2.65264e+06 4.11887e+07 2.48822e+07 1.63065e+07 2.37304e+07 1.93505e+07 9.47205e+06 4.79498e+06
internal_count=229673 6055 2648 3407 223618 61222 3704 57518 26047 31471 23332 19003 8434 4072
cat_boundaries=0 1 2 3
cat_threshold=28 139 60
is_linear=0
shrinkage=0.03


Tree=470
num_leaves=15
num_cat=0
split_feature=13 12 10 10 10 16 9 16 9 3 9 9 10 16
split_gain=240112 106632 133046 38221.2 49922.2 19105.7 72149.7 129906 94627.3 74850.8 76857.7 61117.3 102361 56960.5
threshold=0.33722492917240238 0.98115963927892413 0.88315745690132064 1.1493816470633826 0.90675470765210653 0.055845160148253276 66.500000000000014 0.051649335966063865 83.500000000000014 1.5000000000000002 79.500000000000014 86.500000000000014 1.050358658284354 0.056231783736978881
decision_type=2 2 2 2 2 2 2 2 2 2 2 2 2 2
left_child=1 -1 -3 4 -4 6 7 -2 9 10 -8 12 -10 -7
right_child=5 2 3 -5 -6 13 8 -9 11 -11 -12 -13 -14 -15
leaf_value=0.00088762296949655478 -0.00023322690868321716 0.010353765081951374 -0.0014360041903248046 -0.00085554671593556463 0.02137293097979372 -0.00048172459586616104 5.9814474286260214e-06 0.0013220244493368487 0.00080800011151085547 -0.00091253110437677009 -0.00094447740633438659 5.4773719572373602e-05 -0.00020302243557584226 -5.1672779574499338e-06
leaf_weight=1239006.2198852301 1231775.1331954002 652838.76119327545 76713.052729964256 74727.457113862038 128784.76403236389 2616297.2369155884 4748724.6646908522 1353795.5147399902 802835.74752926826 1542584.0648733377 968794.75701701641 62126867.982461572 832956.11081790924 175297487.74035978
leaf_count=1561 2757 574 97 907 2883 1820 6390 766 754 3968 1327 99849 1395 105041
internal_value=0.000125295 0.010057 0.0177166 0.000425839 0.00710707 3.9528e-05 0.000446023 0.00536863 0.000266817 -0.00297839 -0.00139616 0.00063632 0.00636027 -0.000128652
internal_weight=2.53694e+08 2.17207e+06 933064 280225 205498 2.51522e+08 7.36083e+07 2.58557e+06 7.10228e+07 7.2601e+06 5.71752e+06 6.37627e+07 1.63579e+06 1.77914e+08
internal_count=230089 6022 4461 3887 2980 224067 117206 3523 113683 11685 7717 101998 2149 106861
is_linear=0
shrinkage=0.03


Tree=471
num_leaves=15
num_cat=0
split_feature=13 14 10 11 10 13 12 16 16 4 1 2 12 13
split_gain=202207 224055 78481.9 41720.9 153543 16369.5 39992.9 15591.3 42160.2 14907.3 143816 59186 37180.9 18920
threshold=0.33722492917240238 0.80434234060582843 0.88656517134269841 0.92167517421559297 1.0184092183406726 2.040948787038904 0.98922990193883686 0.10479512185759511 0.10297058263586813 1.0000000180025095e-35 13.500000000000002 4.5000000000000009 1.0016697722488643 1.289670603337201
decision_type=2 2 2 2 2 2 2 2 2 2 2 2 2 2
left_child=1 3 -3 -1 -5 7 -7 8 9 13 12 -12 -11 -2
right_child=5 2 -4 4 -6 6 -8 -9 -10 10 11 -13 -14 -15
leaf_value=-0.00023208093144976331 -2.0481153237414556e-07 0.01041073771419695 -0.040643753868819986 -0.00049997612537410862 -0.0007059382950465894 0.0046224501353023875 -0.00050925428658075262 -0.00027098090025398712 0.00052248163773973113 -0.0027245123629785254 -0.00017036819530641254 0.0012376143081660265 -0.00079168259341929606 0.00031852447046673321
leaf_weight=835390.36460351944 239096399.33858812 499690.09592223167 343355.41218626499 289906.7624758482 233007.53274905682 630492.82706058025 589463.90748143196 2324957.5547437668 1490622.5042724609 678035.81780731678 1389990.4718675613 921501.05065870285 1016001.1704303026 3474375.1924625635
leaf_count=782 200076 613 2022 712 1857 1735 3656 1692 888 845 1896 1205 1839 10057
internal_value=0.000103853 0.00915666 0.0213053 0.00161649 0.008262 2.46503e-05 0.0034913 7.76014e-06 3.06781e-05 2.69487e-07 -0.00181497 0.00305145 -0.00845514 3.02443e-05
internal_weight=2.53813e+08 2.20135e+06 843046 1.3583e+06 522914 2.51612e+08 1.21996e+06 2.50392e+08 2.48067e+08 2.46576e+08 4.00553e+06 2.31149e+06 1.69404e+06 2.42571e+08
internal_count=229875 5986 2635 3351 2569 223889 5391 218498 216806 215918 5785 3101 2684 210133
is_linear=0
shrinkage=0.03


Tree=472
num_leaves=15
num_cat=2
split_feature=13 12 10 0 16 9 16 9 0 9 9 1 9 16
split_gain=219794 102773 35278.5 21155.4 16851.8 87951.9 117137 91400.6 104873 91864.2 95693.4 65162.8 54012.8 54252.8
threshold=0.33722492917240238 1.015774644378785 0.90135704482050072 0 0.058336580742461501 66.500000000000014 0.049763224875981803 83.500000000000014 1 78.500000000000014 75.500000000000014 9.5000000000000018 85.500000000000014 0.057505427333663137
decision_type=2 2 2 1 2 2 2 2 1 2 2 2 2 2
left_child=1 2 -1 -3 5 6 -2 8 11 10 -10 -7 -9 -14
right_child=4 3 -4 -5 -6 7 -8 12 9 -11 -12 -13 13 -15
leaf_value=0.0015784357604738933 -0.00023349664170309965 -0.056659678954677634 -0.016426804706047238 -0.17295145540597426 -1.0306200734033778e-05 -0.0013628167027104894 0.001048567930131077 0.00046198301965394759 -4.3554047842361973e-05 -0.00059414399018759044 0.0010927543422595009 -0.00046428888016466097 2.5758453808947326e-05 0.0004041199982956054
leaf_weight=1193394.0921015739 1160930.8961242437 224534.05531907082 521990.46371376514 231559.5400544405 164081286.8609519 853669.13284921646 2080974.7582702637 1298335.4226272106 2424279.9863269329 1342520.5933640003 1054050.1855826378 2981450.8248901367 69681639.638948679 4165823.3341293335
leaf_count=1143 2679 781 2242 1885 96817 2002 1300 1607 4240 2312 1507 2751 105610 2969
internal_value=0.000130237 0.0096337 0.00626835 0.0222909 4.80604e-05 0.000385473 0.00523391 0.000197909 -0.00272129 0.000223971 0.00279678 -0.00642354 0.000534168 0.000427523
internal_weight=2.53296e+08 2.17148e+06 1.71538e+06 456094 2.51125e+08 8.70437e+07 3.24191e+06 8.38018e+07 8.65597e+06 4.82085e+06 3.47833e+06 3.83512e+06 7.51458e+07 7.38475e+07
internal_count=229845 6051 3385 2666 223794 126977 3979 122998 12812 8059 5747 4753 110186 108579
cat_boundaries=0 1 2
cat_threshold=52 76
is_linear=0
shrinkage=0.03


Tree=473
num_leaves=15
num_cat=0
split_feature=14 1 11 1 2 16 2 3 16 11 16 16 11 11
split_gain=29886.1 104661 97692.5 129754 91561.7 90383.3 81967 74025.1 65049.4 47897.4 37659.5 68852.4 55192.9 33728.6
threshold=0.85278111942976487 8.5000000000000018 0.97444208477667915 12.500000000000002 1.0000000180025095e-35 0.065806155754243423 2.5000000000000004 1.0000000180025095e-35 0.054606234290606979 0.91700597683295093 0.06816616070551193 0.05427723194554801 1.0979770383013885 1.0142450752632377
decision_type=2 2 2 2 2 2 2 2 2 2 2 2 2 2
left_child=1 4 6 10 -1 -6 -3 8 -5 -8 11 -4 -13 -10
right_child=-2 2 3 7 5 -7 9 -9 13 -11 -12 12 -14 -15
leaf_value=-0.00014902406880284625 2.3003489757710517e-06 -0.00023960194762325879 -7.7173895753514617e-05 -0.00038648699157595948 -0.00015000714127833597 0.00069153783962548545 0.00030008531153118899 -0.00029988034728968674 -5.0922694750133201e-05 0.0011592633878196698 -1.2097326385876982e-05 -0.0010775095226146661 -0.00043383455116709224 0.00041255073527919444
leaf_weight=1187619.8965116739 221007096.48548698 1717419.4894356728 1500031.2624700069 1422631.8290801048 1201202.6921628714 3992080.7698364258 2795072.7487449646 4280286.5181326866 1885922.9461975098 1681857.46322155 1388152.1213684082 1818809.0519137383 1366808.0507326126 6030378.8386535645
leaf_count=1632 198393 1442 1443 2501 7345 1762 1789 4335 981 978 962 1363 1139 3712
internal_value=0.000157568 0.00101042 0.000162172 -0.000871421 0.00445177 0.00617029 0.00344816 0.000754798 0.00225214 0.00558559 -0.00451787 -0.00580364 -0.00829909 0.00331355
internal_weight=2.53275e+08 3.22683e+07 2.58874e+07 1.9693e+07 6.3809e+06 5.19328e+06 6.19435e+06 1.36192e+07 9.33893e+06 4.47693e+06 6.0738e+06 4.68565e+06 3.18562e+06 7.9163e+06
internal_count=229777 31384 20645 16436 10739 9107 4209 11529 7194 2767 4907 3945 2502 4693
is_linear=0
shrinkage=0.03


Tree=474
num_leaves=15
num_cat=0
split_feature=13 14 11 10 12 13 13 16 16 16 12 14 16 16
split_gain=331670 169124 65429.8 62103.5 51338.6 16366.8 39945.8 15313.4 30481.6 16226.8 21222.4 37137.5 18881.4 69077.9
threshold=0.33722492917240238 0.80434234060582843 0.87414304782204222 0.88656517134269841 1.0043866876767142 2.040948787038904 4.2362837806469642 0.10479512185759511 0.10297058263586813 0.091250173667429463 0.90150706348843312 0.77327115767909194 0.075957394022962921 0.081083792322249923
decision_type=2 2 2 2 2 2 2 2 2 2 2 2 2 2
left_child=1 2 -1 -3 -4 7 -7 8 9 10 11 -2 -12 -14
right_child=5 3 4 -5 -6 6 -8 -9 -10 -11 12 -13 13 -15
leaf_value=-0.00027683335546767985 6.0059016862026114e-05 0.01010032698541901 0.00026361476899198935 0.017177856161137119 0.0095272953039613542 -5.3788088977963066e-05 0.027775533513917011 -0.00023086341182359046 0.00034542778791993593 -7.3317057575821406e-05 -5.706913825232547e-06 -0.00086805543976973382 0.00020260197115950525 -1.1463883826946593e-05
leaf_weight=578203.56831920147 1168324.8443028927 486796.71799838543 469877.92606937885 341483.08598935604 288020.33308970928 860512.28157627583 364480.61573982239 2276044.883934021 1469283.0408935547 20375084.510485649 172107802.72605538 1286902.9962874651 15986303.203551292 35015506.359741211
leaf_count=516 846 597 1195 2031 1723 3631 1845 1663 869 8690 176075 1767 10426 17968
internal_value=0.000111654 0.0118051 0.00520233 0.022456 0.0110009 1.07853e-05 0.00346997 -6.186e-06 1.63482e-05 -9.38951e-06 6.38485e-05 -0.00271009 9.43745e-05 0.000601349
internal_weight=2.53075e+08 2.16438e+06 1.3361e+06 828280 757898 2.5091e+08 1.22499e+06 2.49685e+08 2.47409e+08 2.4594e+08 2.25565e+08 2.45523e+06 2.2311e+08 5.10018e+07
internal_count=229842 6062 3434 2628 2918 223780 5476 218304 216641 215772 207082 2613 204469 28394
is_linear=0
shrinkage=0.03


Tree=475
num_leaves=15
num_cat=2
split_feature=13 12 14 2 9 0 0 14 14 1 12 12 10 12
split_gain=318328 156800 120695 16143.7 104217 122156 109044 90364.2 80635.2 80404.8 108424 136461 104346 116383
threshold=0.33722492917240238 1.015774644378785 0.80434234060582843 4.5000000000000009 74.500000000000014 0 1 1.12049032836002 0.65200648454514376 19.500000000000004 0.99493778713559811 1.0017672621402147 1.0022981177563166 1.0203119929770657
decision_type=2 2 2 2 2 1 1 2 2 2 2 2 2 2
left_child=1 2 -1 -2 5 -5 7 9 -8 10 -6 -12 -13 -14
right_child=3 -3 -4 4 6 -7 8 -9 -10 -11 11 12 13 -15
leaf_value=0.00016108632101034052 -1.1536569682311227e-05 0.0079251315102782383 -0.0097758073220845666 0.000513982471657156 -0.00036101675303588232 -0.00080711247196599571 -0.0015397242711758412 0.0020933266924981942 -0.00010520450645296434 -0.00058945122399430873 0.0010734566096269951 -0.00054228651834347004 0.00080140431569055597 0.00010461079352808641
leaf_weight=1130684.449814558 207763362.00522339 436644.38256800175 605459.4123711586 948985.47205066681 3940670.5738452673 1747364.8583923578 558639.08877563477 1290339.8454341888 15819740.953991413 2473653.7134819031 1934278.1489808559 2700891.049456358 4846602.5924848318 7746670.2803118229
leaf_count=2025 162703 2681 1320 1713 3449 2007 678 2895 30924 4381 1561 2306 4116 7212
internal_value=8.51298e-05 0.0115188 0.00747711 -1.35425e-05 0.000508419 -0.00520601 0.000881393 0.0021306 -0.0010203 0.00170868 0.00230672 0.00333354 0.00238403 0.0035316
internal_weight=2.53944e+08 2.17279e+06 1.73614e+06 2.51771e+08 4.40078e+07 2.69635e+06 4.13115e+07 2.49331e+07 1.63784e+07 2.36428e+07 2.11691e+07 1.72284e+07 1.52942e+07 1.25933e+07
internal_count=229971 6026 3345 223945 61242 3720 57522 25920 31602 23025 18644 15195 13634 11328
cat_boundaries=0 1 2
cat_threshold=139 60
is_linear=0
shrinkage=0.03


Tree=476
num_leaves=15
num_cat=4
split_feature=12 0 2 3 0 12 1 16 2 0 12 0 9 12
split_gain=23617.9 66220.6 116295 57944.1 82934.6 78205 54021 49067.1 43035.6 52248.8 40173.4 68461 35474.9 32750.8
threshold=0.98697337007541763 0 4.5000000000000009 1.5000000000000002 1 0.95513059896937513 18.500000000000004 0.045511633013058099 2.5000000000000004 2 0.99712577792716017 3 62.500000000000007 0.99077193618339965
decision_type=2 1 2 2 1 2 2 2 2 1 2 1 2 2
left_child=1 2 6 8 -5 -6 -1 -7 9 -3 11 13 -12 -2
right_child=10 3 -4 4 5 7 -8 -9 -10 -11 12 -13 -14 -15
leaf_value=2.1247923639503126e-05 0.0014254891736497565 -0.0006502470075530224 0.002463428707211899 0.00093165798522611934 -0.0050439269144389566 0.00093145631487053611 0.00054789732376387247 -0.00066854181786885633 0.00030950591291187089 3.9729960165312579e-05 -0.00053431185747275262 -0.00023915139953765784 1.0486646504760465e-05 -0.00029664174554401454
leaf_weight=8074976.594812274 1008068.0783622265 1776260.9024021626 1956271.9258705378 1036319.7997244596 785913.13488709927 839536.99297964573 1426052.8042058945 3558149.1970214844 7008388.2726073265 12523544.296080709 1364922.0454580784 13706127.726137757 198072429.7746079 567346.26626098156
leaf_count=5209 2019 1899 2683 1988 1359 2503 1594 2824 5349 8851 1096 11917 179541 1118
internal_value=9.03869e-05 0.000769688 0.00268621 -2.79756e-05 -0.0025755 -0.00412441 0.00131473 -0.00256667 0.000715654 -0.000228202 -3.29503e-05 -0.00151538 8.06385e-05 0.00440729
internal_weight=2.53704e+08 3.89854e+07 1.14573e+07 2.75281e+07 6.21992e+06 5.1836e+06 9.50103e+06 4.39769e+06 2.13082e+07 1.42998e+07 2.14719e+08 1.52815e+07 1.99437e+08 1.57541e+06
internal_count=229950 34259 9486 24773 8674 6686 6803 5327 16099 10750 195691 15054 180637 3137
cat_boundaries=0 1 2 3 4
cat_threshold=208 35 34 128
is_linear=0
shrinkage=0.03


Tree=477
num_leaves=15
num_cat=3
split_feature=13 14 10 0 10 10 0 1 12 12 0 12 1 2
split_gain=299187 144213 66651.3 43742.2 15249.6 77859.7 49323.2 66701.3 148618 96289.5 131560 62439.6 96619.8 61190.2
threshold=0.33722492917240238 0.80434234060582843 0.88315745690132064 0 1.0293999222527417 1.0302166471360206 1 18.500000000000004 1.0218310413711047 1.0556393429599884 2 1.0477841128593066 8.5000000000000018 3.5000000000000004
decision_type=2 2 2 1 2 2 1 2 2 2 1 2 2 2
left_child=1 3 -3 -1 -2 -6 11 -8 -9 10 -10 12 -7 -11
right_child=4 2 -4 -5 5 6 7 8 9 13 -12 -13 -14 -15
leaf_value=0.00088705290605466905 -1.3666981296205663e-05 0.0096863142114841511 0.016650913942349237 -0.0024975594534306961 0.00066338032079997446 0.00026044084921305634 7.9424633678809529e-05 0.00029362517227497477 3.3406565854027282e-05 0.00017615940560202181 -0.0012428318775043663 0.00014296211350386327 -0.0002929874121960049 -0.00057641717723818547
leaf_weight=898274.52868926525 114829122.24985838 466689.32442891598 363297.18715500832 413906.85261416435 2483489.439561367 4597056.7617419958 84592393.17656219 5628057.2624688148 1517162.9784247875 3497825.4086289406 2808248.4419050217 9632137.0196814537 19947174.177288055 1930558.100675106
leaf_count=1921 98354 594 2019 1469 2035 5556 72634 8162 3178 5312 2539 8929 13688 3865
internal_value=0.000214471 0.0113786 0.0211658 0.00518793 0.000119366 0.000333537 0.000236098 0.000572431 -0.00124478 -0.00348477 -0.00682399 -0.000747758 -0.00155105 -0.000824026
internal_weight=2.53605e+08 2.14217e+06 829987 1.31218e+06 2.51463e+08 1.36634e+08 1.34151e+08 9.99742e+07 1.53819e+07 9.75379e+06 4.32541e+06 3.41764e+07 2.45442e+07 5.42838e+06
internal_count=230255 6003 2613 3390 224252 125898 123863 95690 23056 14894 5717 28173 19244 9177
cat_boundaries=0 1 2 3
cat_threshold=284 9 354
is_linear=0
shrinkage=0.03


Tree=478
num_leaves=15
num_cat=2
split_feature=13 12 14 12 1 0 13 16 16 9 16 9 3 0
split_gain=315753 158004 136815 17273.5 49738.8 91648.4 54575.4 54417.1 53849.4 45966.6 48538 45433.4 51435.2 66727.6
threshold=0.33722492917240238 1.015774644378785 0.80434234060582843 1.0051969303918387 7.5000000000000009 0 0.8995954204883273 0.055469169271562938 0.028389923954229589 89.500000000000014 0.067205987083066007 69.500000000000014 1.0000000180025095e-35 1
decision_type=2 2 2 2 2 1 2 2 2 2 2 2 2 1
left_child=1 2 -1 4 5 9 7 -7 -8 -2 -11 -6 -13 -14
right_child=3 -3 -4 -5 11 6 8 -9 -10 10 -12 12 13 -15
leaf_value=0.00013770656954672792 -0.00091509005007218188 0.015766226861488174 0.0085306362433473885 -1.1165716375481392e-05 0.00029060787012607559 -0.00079376167679496505 -0.00015250280341085507 0.00040105585352268519 -0.00051610516677135388 0.00079308424868539302 -0.00012842460461669623 8.8895975089850316e-05 8.3001580852310071e-05 -0.00029185460463784947
leaf_weight=1130541.2958836555 581358.74649035931 471062.62260985374 620891.08110034466 159809490.15578365 3589909.4433288574 512280.87718486786 1418198.4998270273 643959.25817871094 2603088.2565612793 1735799.5493233204 1208018.2399902344 51968408.302958012 12741662.763048172 14049153.919977188
leaf_count=2050 928 2691 1332 147590 2250 2902 6687 344 1319 5057 587 31656 11430 12928
internal_value=0.000154686 0.0114126 0.00726425 5.49468e-05 0.000384747 -0.00177214 -0.00431244 0.00143158 -0.00596403 0.00195888 0.00348125 0.000612688 0.000462246 -0.000605524
internal_weight=2.53084e+08 2.22249e+06 1.75143e+06 2.50861e+08 9.10518e+07 8.7027e+06 5.17753e+06 1.15624e+06 4.02129e+06 3.52518e+06 2.94382e+06 8.23491e+07 7.87592e+07 2.67908e+07
internal_count=229751 6073 3382 223678 76088 17824 11252 3246 8006 6572 5644 58264 56014 24358
cat_boundaries=0 1 2
cat_threshold=140 242
is_linear=0
shrinkage=0.03


Tree=479
num_leaves=15
num_cat=3
split_feature=13 12 14 16 9 16 9 9 0 0 9 1 14 0
split_gain=309840 159035 116081 18896.9 61463.3 123093 81102.3 79465.1 181035 72139.5 71574.4 116366 92596.8 80701.8
threshold=0.33722492917240238 1.015774644378785 0.80434234060582843 0.055673327516139855 66.500000000000014 0.051649335966063865 83.500000000000014 86.500000000000014 0 1 79.500000000000014 9.5000000000000018 0.98729719223882884 2
decision_type=2 2 2 2 2 2 2 2 1 1 2 2 2 1
left_child=1 2 -1 4 5 -2 10 8 -8 -9 11 13 -12 -6
right_child=3 -3 -4 -5 6 -7 7 9 -10 -11 12 -13 -14 -15
leaf_value=0.0001436684394925217 -0.00019857149809793793 0.015130994360345647 0.0082932461280148476 -1.9109443331820151e-05 -0.0015510995235306691 0.0012753205805280893 0.00081489943968095961 -0.00010990578028931898 -0.00053789603322256419 0.00015541453609392138 -0.0014893865118739288 8.2227252900617058e-05 -0.00010018174492884178 -0.00013769420079024809
leaf_weight=1124631.0638222694 1234044.9019935131 461352.73021745682 619022.63086807728 179242412.81783152 628013.80168640614 1292412.6911315918 800137.37052321434 20793710.595373869 793946.86653101444 40198682.079102635 809088.62648200989 4486600.5921597481 668235.2516232729 605433.38093173504
leaf_count=2053 2741 2670 1334 107566 1443 743 616 30206 1543 69008 1280 5141 1386 2368
internal_value=4.10961e-05 0.0112378 0.00709351 -5.70495e-05 0.000352327 0.00494907 0.000185906 0.000532728 0.00714501 0.000359911 -0.00282997 -0.00130959 -0.00871671 -0.00947041
internal_weight=2.53758e+08 2.20501e+06 1.74365e+06 2.51553e+08 7.23103e+07 2.52646e+06 6.97838e+07 6.25865e+07 1.59408e+06 6.09924e+07 7.19737e+06 5.72005e+06 1.47732e+06 1.23345e+06
internal_count=230098 6057 3387 224041 116475 3484 112991 101373 2159 99214 11618 8952 2666 3811
cat_boundaries=0 1 2 3
cat_threshold=24 145 76
is_linear=0
shrinkage=0.03


Tree=480
num_leaves=15
num_cat=4
split_feature=10 0 12 14 0 14 1 0 1 16 11 12 16 0
split_gain=27213.6 96702.3 55740.9 44560.3 44490.1 38900.1 35104.8 110046 54245.7 34557.1 31965.3 30030.4 76794 75922.1
threshold=0.90135704482050072 0 1.017769022820241 1.12049032836002 1 0.90643794990002313 11.500000000000002 2 16.500000000000004 0.082164237330656198 0.90644793995258399 0.9608647852025366 0.054444299526872915 3
decision_type=2 1 2 2 1 2 2 1 2 2 2 2 2 1
left_child=1 2 5 6 -5 -1 7 -3 10 -10 -8 12 -2 -14
right_child=11 3 -4 4 -6 -7 8 -9 9 -11 -12 -13 13 -15
leaf_value=0.00079615959809135677 0.00081107257359606477 0.0003951348365889902 0.0011395296678227346 -0.0036395645051420767 -0.00013470469478918441 6.5220247493083864e-05 -8.6822061114334178e-05 -0.00062393436104516927 0.00034744288955501396 -0.00016385996198624083 -0.00054657104837403669 -1.7435878608483132e-06 0.00034502549844039616 -0.00031264315801813561
leaf_weight=1432332.0815576315 1845718.9935780764 4921121.6300563812 1323291.8104026318 483002.87410497665 798988.49685156345 3284877.8829058409 3431066.282989502 1391656.2034668922 3427783.6602039337 1849688.9186096191 2212058.1561889648 221600916.15375459 2636818.6083984375 2979681.8173217773
leaf_count=987 3298 4166 1687 1279 1878 2399 2347 1786 3789 759 1348 201238 1625 1602
internal_value=0.000145815 0.00109494 0.00439097 1.96314e-05 -0.00537637 0.00286462 0.00042104 0.00220191 -0.000608413 0.00157798 -0.00265313 4.4068e-05 0.00191594 0.000171319
internal_weight=2.53619e+08 2.45559e+07 6.0405e+06 1.85154e+07 1.28199e+06 4.71721e+06 1.72334e+07 6.31278e+06 1.09206e+07 5.27747e+06 5.64312e+06 2.29063e+08 7.46222e+06 5.6165e+06
internal_count=230188 22425 5073 17352 3157 3386 14195 5952 8243 4548 3695 207763 6525 3227
cat_boundaries=0 1 2 3 4
cat_threshold=144 260 269 370
is_linear=0
shrinkage=0.03


Tree=481
num_leaves=15
num_cat=2
split_feature=13 14 10 11 10 13 14 0 16 1 1 1 16 0
split_gain=304450 166532 67778.5 46398.4 68452 17059.7 45997 85551.2 62833.5 50040.6 87745.5 49458.5 51490.8 92391.9
threshold=0.33722492917240238 0.80434234060582843 0.88315745690132064 0.92167517421559297 1.0184092183406726 0.9657592390698625 0.81478135714231403 0 0.067205987083066007 8.5000000000000018 11.500000000000002 18.500000000000004 0.069297429202284114 1
decision_type=2 2 2 2 2 2 2 1 2 2 2 2 2 1
left_child=1 3 -3 -1 -5 6 7 8 -2 -9 -11 12 13 -12
right_child=5 2 -4 4 -6 -7 -8 9 -10 10 11 -13 -14 -15
leaf_value=-1.3452073422816691e-05 -0.00054735358506466652 0.0091818562019519625 0.017475540683801569 0.013096242697439203 -7.2611419998075611e-05 -2.2485631030152311e-05 5.3856078522637164e-05 0.00054232622782826806 -8.9214989278864573e-05 -0.00048411829550272278 0.0013212706847767913 -0.00050592665973537188 -0.00016863306049656705 8.8152196056973681e-05
leaf_weight=805513.95398104191 2444298.1559473276 496380.43153369427 348321.47152221203 291630.72425973415 239086.31245839596 154152514.43699336 78676038.979841352 2131848.0827240944 2433066.3667297363 2797919.1305174828 1436097.9067382812 1234357.1690397263 3422363.1543579102 2493696.1051025391
leaf_count=784 2917 603 2047 735 1868 134437 72751 3088 1281 2175 993 2079 2204 1854
internal_value=5.62349e-05 0.0112167 0.0216431 0.00462553 0.0115126 -4.0652e-05 0.000270887 -0.00107973 -0.00448566 0.000149309 -0.000640599 0.000862845 0.00179577 0.00413869
internal_weight=2.53403e+08 2.18093e+06 844702 1.33623e+06 530717 2.51222e+08 9.70697e+07 1.83936e+07 4.87736e+06 1.35163e+07 1.13844e+07 8.58651e+06 7.35216e+06 3.92979e+06
internal_count=229816 6037 2650 3387 2603 223779 89342 16591 4198 12393 9305 7130 5051 2847
cat_boundaries=0 1 2
cat_threshold=56 66
is_linear=0
shrinkage=0.03


Tree=482
num_leaves=15
num_cat=0
split_feature=14 2 14 1 9 1 16 9 1 2 9 1 5 16
split_gain=26303.9 99413 39265.5 29017.2 42749.5 264228 42266.6 49407.5 107239 68901.5 63667.8 43244.7 313212 151566
threshold=1.751209243664962 4.5000000000000009 2.9391279078288322 10.500000000000002 68.500000000000014 8.5000000000000018 0.08995274063160387 71.500000000000014 16.500000000000004 2.5000000000000004 74.500000000000014 16.500000000000004 1.0000000180025095e-35 0.05215966109183421
decision_type=2 2 2 2 2 2 2 2 2 2 2 2 2 2
left_child=3 2 -2 4 5 -1 7 8 9 -5 -9 13 -13 -12
right_child=1 -3 -4 6 -6 -7 -8 10 -10 -11 11 12 -14 -15
leaf_value=-0.0008867517455691165 -0.00069821215220005218 0.029041386339949279 0.0027877234666291075 0.00065254587738590875 5.6323973193313862e-05 0.00045913041478229616 -0.00014879058686451539 -0.00046125146578412072 -9.6562776447517597e-05 0.00018925826681742691 0.00065359448870333894 7.9352730460515719e-05 -0.0021027498954545626 -8.2962997635055766e-05
leaf_weight=1996907.1546250582 1048520.1333088875 407499.82516467571 449478.82855570316 2520617.2300415039 72921102.354240537 1313428.6640498638 12724712.033865929 2922215.835034132 4573449.393042326 3389785.8644957542 4756532.057800293 62086190.05488801 1149694.7153205872 80849459.796454906
leaf_count=2633 3036 2189 1989 1616 80287 909 7002 2460 4363 2295 4598 63214 944 52247
internal_value=7.90397e-05 0.00359049 1.655e-05 5.24038e-05 0.000540891 -0.00279345 -0.000160419 -2.98409e-05 0.00196199 0.004631 -0.000167436 -8.13388e-05 0.000513632 -0.000520835
internal_weight=2.5311e+08 1.9055e+06 1.498e+06 2.51204e+08 7.62314e+07 3.31034e+06 1.74973e+08 1.62248e+08 1.04839e+07 5.9104e+06 1.51764e+08 1.48842e+08 6.32359e+07 8.5606e+07
internal_count=229782 7214 5025 222568 83829 3542 138739 131737 8274 3911 123463 121003 64158 56845
is_linear=0
shrinkage=0.03


Tree=483
num_leaves=15
num_cat=4
split_feature=13 12 14 0 1 16 1 16 13 0 2 16 0 0
split_gain=236580 154994 98187.3 21241 88177.5 76467.3 51519.2 69087 60445 82040.8 53557.1 105014 68461.3 60753.3
threshold=0.33722492917240238 1.015774644378785 0.80434234060582843 0 7.5000000000000009 0.062808446144450511 10.500000000000002 0.094550042041173996 1.4253517695578941 1 1.5000000000000002 0.095563585634923495 2 3
decision_type=2 2 2 1 2 2 2 2 2 1 2 2 1 1
left_child=1 2 -1 4 -2 -6 10 8 -8 -10 13 12 -12 -5
right_child=3 -3 -4 6 5 -7 7 -9 9 -11 11 -13 -14 -15
leaf_value=-0.00083399999107615656 -0.00044800028574736391 0.01420888151521385 -0.030942252610652504 0.00048722662106877291 0.00033909281917683339 -1.6219534233625964e-05 -5.1811836714161717e-05 -0.00083604380444649137 0.0097247756050075108 -2.7824580265983866e-05 -0.0004171716463620627 -0.00041919431611718349 6.6498919505347947e-05 6.9693937633127429e-05
leaf_weight=1146928.3177467585 4896312.256029129 445829.11467802525 595059.21779048443 3092326.0873014927 21945578.113473892 31517468.241348267 131071143.98271203 1593193.428442955 594295.73863601685 949620.67154169083 3526431.2308372259 4280744.0019168854 29481781.612443805 18677882.986095905
leaf_count=2049 16040 2659 1313 2912 33340 24575 89423 913 797 1972 6160 1486 32474 14000
internal_value=1.60899e-05 0.00983866 0.00579909 -6.93144e-05 0.000432282 0.000785183 -0.000220777 -0.0005457 -0.000471095 0.00543019 0.00051759 -0.000172693 0.000400634 0.00169994
internal_weight=2.53815e+08 2.18782e+06 1.74199e+06 2.51627e+08 5.83594e+07 5.3463e+07 1.93267e+08 1.34208e+08 1.32615e+08 1.54392e+06 5.90592e+07 3.7289e+07 3.30082e+07 2.17702e+07
internal_count=230113 6021 3362 224092 73955 57915 150137 93105 92192 2769 57032 40120 38634 16912
cat_boundaries=0 1 2 3 4
cat_threshold=98 20 256 256
is_linear=0
shrinkage=0.03


Tree=484
num_leaves=15
num_cat=3
split_feature=13 14 10 0 10 10 10 12 12 0 0 12 10 10
split_gain=327949 149628 82941.8 61605.3 15327.8 75233.3 70632.2 58167.8 49348.9 105754 70103.8 117477 135573 63918
threshold=0.33722492917240238 0.80434234060582843 0.88315745690132064 0 1.0293999222527417 1.0339200468393874 1.024560965295868 1.0473427238368127 1.0131338228234275 1 2 1.0020641799475636 1.0184092183406726 0.99681930606790881
decision_type=2 2 2 1 2 2 2 2 2 1 1 2 2 2
left_child=1 3 -3 -1 6 -6 7 8 10 13 -2 12 -12 -10
right_child=4 2 -4 -5 5 -7 -8 -9 9 -11 11 -13 -14 -15
leaf_value=0.0010149999397648893 9.1553776742564781e-05 0.0094766070364060186 0.016908658511829166 -0.0003052215036614023 0.00024192184478144885 -1.4602294696687872e-06 -0.00027127474821101968 -0.00049259880671827466 3.0444952347853883e-05 -0.00022311634730552568 5.6209532491709509e-05 -0.00029012047410935832 -0.00080371094293461268 0.0003421689887512958
leaf_weight=855761.78734850883 26779872.695829272 502088.23812460899 363342.70325064659 501383.90471231937 7993656.3337059021 128345122.74799407 10587316.526632428 3582766.7807775736 7212512.9952368736 8061159.0129134655 30046303.917928576 17601284.772572279 1849199.3615754843 9156783.7762385607
leaf_count=1300 25790 614 2012 2094 6126 119195 8432 3514 5026 12435 24831 10957 1449 5892
internal_value=5.07799e-05 0.011524 0.0212715 0.00530806 -5.07265e-05 0.000164376 -0.000306015 -6.89986e-05 6.46366e-05 0.00123807 -0.000311201 -0.000980178 0.000105539 0.0026232
internal_weight=2.53439e+08 2.22258e+06 865431 1.35715e+06 2.51216e+08 1.36339e+08 1.14877e+08 1.0429e+08 1.00707e+08 2.44305e+07 7.62767e+07 4.94968e+07 3.18955e+07 1.63693e+07
internal_count=229667 6020 2626 3394 223647 125321 98326 89894 86380 23353 63027 37237 26280 10918
cat_boundaries=0 1 2 3
cat_threshold=280 286 107
is_linear=0
shrinkage=0.03


Tree=485
num_leaves=15
num_cat=3
split_feature=13 14 10 11 10 11 10 16 0 0 13 1 13 0
split_gain=302808 137702 83528.2 62070.6 86103.1 16272.2 20865.3 37948.5 48956.3 33621.5 25857.3 21732.3 20145.4 18728
threshold=0.33722492917240238 0.80434234060582843 0.88315745690132064 0.92167517421559297 1.0140370453833489 0.78683299918466465 0.82120607435980486 0.043347229934692762 0 1 0.93892796633978926 13.500000000000002 0.74391178448351203 2
decision_type=2 2 2 2 2 2 2 2 1 1 2 2 2 1
left_child=1 3 -3 -1 -5 12 7 9 11 -7 -10 -9 -2 -8
right_child=5 2 -4 4 -6 6 13 8 10 -11 -12 -13 -14 -15
leaf_value=-0.00010151048132416384 -5.6759830516812369e-05 0.0096224018209537174 0.0026385610797218127 0.010572365362729416 -0.00017478427918993879 0.00076023803422505388 4.4583827885835979e-05 0.00052394775392972527 -0.00024978030382533052 -0.00012140692662076759 -0.00085128682096075113 -0.00028201562718761363 0.00052458208741074813 -1.6016511139035557e-05
leaf_weight=813838.88926577568 1190853.5559419394 469346.75748944283 359197.21298480034 298583.3887706995 221927.18941485882 418697.66722154617 75880726.531677246 1203366.0218200684 3149900.9139709473 620094.69846761227 1497447.7043762207 1195027.4438171387 1420070.508625865 164697887.60349739
leaf_count=802 1084 599 2022 661 1900 802 93186 1008 2099 2557 1059 1041 1862 119319
internal_value=6.64915e-05 0.0112435 0.0208497 0.00527869 0.0133693 -2.97171e-05 -5.44549e-05 -0.00155355 -0.00234276 0.00379936 -0.00413922 0.00113825 0.0023263 -4.07859e-06
internal_weight=2.53437e+08 2.16289e+06 828544 1.33435e+06 520511 2.51274e+08 2.48663e+08 8.08453e+06 7.04574e+06 1.03879e+06 4.64735e+06 2.39839e+06 2.61092e+06 2.40579e+08
internal_count=230001 5984 2621 3363 2561 224017 221071 8566 5207 3359 3158 2049 2946 212505
cat_boundaries=0 1 2 3
cat_threshold=388 12 99
is_linear=0
shrinkage=0.03


Tree=486
num_leaves=15
num_cat=0
split_feature=13 14 11 12 13 9 2 16 13 16 14 9 2 16
split_gain=274757 164578 58785.6 57631.6 48093.7 16652.7 91140.8 74113.6 71478.3 48270.2 51353.3 44229.4 53441.7 59253.7
threshold=0.33722492917240238 0.80434234060582843 0.92167517421559297 0.98115963927892413 0.18523270721042387 79.500000000000014 5.5000000000000009 0.041552130173696904 0.90403366148855868 0.054077039484020338 0.96788936556543426 77.500000000000014 3.5000000000000004 0.069962061796292815
decision_type=2 2 2 2 2 2 2 2 2 2 2 2 2 2
left_child=1 2 -1 -3 -4 6 7 -2 -9 -10 -11 12 13 -12
right_child=5 3 4 -5 -6 -7 -8 8 9 10 11 -13 -14 -15
leaf_value=-8.2534063852833468e-05 -0.00035148101139534469 0.0051691311433067471 0.00010977098846390632 0.016097118905493781 0.01080435311888909 -1.3884277491286318e-05 -0.00055923535495479672 0.00067035273728442853 0.00042113890463195912 -0.00025333874167287381 8.2354964284200115e-05 0.00040537383915036459 0.00038200272608499453 -0.00023406653617373454
leaf_weight=821061.58768451214 2691730.6903498173 363687.28802895546 255501.46948373318 459791.51862406731 276629.61435747147 222847266.65845966 1657717.5485219955 2712890.4354200363 3210965.0208854675 3657831.9808273315 4337235.4910583496 1868709.0101928711 4282879.153875351 4292416.8263549805
leaf_count=797 7670 523 2191 2079 401 199368 2451 1946 2215 2339 2588 930 2625 1797
internal_value=3.40821e-05 0.0106468 0.00421171 0.0212215 0.0119787 -5.7747e-05 0.000622259 0.00104065 0.00156256 0.000987345 0.000396219 0.0011838 0.000559505 -0.000800144
internal_weight=2.53736e+08 2.17667e+06 1.35319e+06 823479 532131 2.5156e+08 2.87124e+07 2.70547e+07 2.43629e+07 2.165e+07 1.84391e+07 1.47812e+07 1.29125e+07 8.62965e+06
internal_count=229920 5991 3389 2602 2592 223929 24561 22110 14440 12494 10279 7940 7010 4385
is_linear=0
shrinkage=0.03


Tree=487
num_leaves=15
num_cat=3
split_feature=13 11 10 13 0 0 0 11 11 11 16 9 2 16
split_gain=273624 65731.9 84897.1 13890.7 123474 20399 13856.2 51699.6 89210.8 75457.7 68194.2 51738.5 46648.1 45252
threshold=0.33722492917240238 0.9333166076352869 1.0138281127492375 2.040948787038904 0 1 2 1.0256949624400986 1.0346667605123312 1.0246391602897307 0.084550225891846673 69.500000000000014 4.5000000000000009 0.08995274063160387
decision_type=2 2 2 2 1 1 1 2 2 2 2 2 2 2
left_child=1 -1 -3 6 -5 -6 7 9 12 10 11 -2 -9 -10
right_child=3 2 -4 4 5 -7 -8 8 13 -11 -12 -13 -14 -15
leaf_value=0.0013691960748078186 0.00048823386922161431 0.0098363436055280661 0.000237117093801106 0.0306234287253715 -0.0024615652461058416 4.5334518634003741e-05 -1.8266370376817548e-05 -0.00043418412437306919 -2.9661273886648156e-05 0.00091494581739733148 -0.00018883736642488674 0.00012185448136056888 0.00034096202743950113 0.00023608948994793068
leaf_weight=1706379.0700044632 2571451.924362421 312107.50372576714 205757.99076640606 334529.91985440254 260218.97883379459 622104.97974073887 140525125.81201112 6895527.1311334372 48511852.396155477 1146665.0404261351 7467916.9461669922 34533770.986138821 1342777.0246019363 7314795.1044006348
leaf_count=1546 2278 1249 3240 901 1572 2936 97574 4876 60472 966 4575 41314 1818 4798
internal_value=7.24538e-05 0.0105484 0.01991 -2.01851e-05 0.00317732 -0.00270702 -3.57294e-05 0.000216799 -0.000333166 0.00098744 0.000791959 0.00131839 -0.00324738 9.68824e-05
internal_weight=2.53751e+08 2.22424e+06 517865 2.51527e+08 1.21685e+06 882324 2.5031e+08 1.09785e+08 6.4065e+07 4.57198e+07 4.45731e+07 3.71052e+07 8.2383e+06 5.58266e+07
internal_count=230115 6035 4489 224080 5409 4508 218671 121097 71964 49133 48167 43592 6694 65270
cat_boundaries=0 1 2 3
cat_threshold=16 193 234
is_linear=0
shrinkage=0.03


Tree=488
num_leaves=15
num_cat=0
split_feature=13 14 10 10 10 2 10 10 10 12 1 14 12 14
split_gain=272284 177591 92350.7 44230.9 39273.8 17512.1 76006.1 60533.8 80666 107764 77891.1 97393.2 61650 57439.3
threshold=0.33722492917240238 0.80434234060582843 0.88315745690132064 0.82120607435980486 0.88315745690132064 4.5000000000000009 1.3607046622344718 0.99451885417014119 0.98920865456736562 1.0182782321369752 19.500000000000004 0.96876554781003421 0.99493778713559811 0.86320648166248037
decision_type=2 2 2 2 2 2 2 2 2 2 2 2 2 2
left_child=1 3 -3 -1 -5 -2 7 8 9 13 11 12 -9 -7
right_child=5 2 -4 4 -6 6 -8 10 -10 -11 -12 -13 -14 -15
leaf_value=-0.00033437029683230224 -1.5523780373283592e-05 0.0088310801435543471 0.01612011525130352 0.0062414457098620216 -0.014944588397541047 0.0015531528644405143 -0.001220664727159666 -0.00075559084805230622 -0.0026115853043198706 -0.0010947383481847812 -0.00048679992779033344 0.00040820662312480803 9.6758839032020454e-05 7.132117366635364e-05
leaf_weight=561906.35816395283 207199619.46077132 520292.97916603088 356792.37706768513 269604.50593686104 528378.17612123489 722612.76093113422 771236.37878990173 2367146.1435257196 728350.19365310669 2727938.4260898829 3577076.0697627068 17488363.825988531 9367380.2774703503 6033668.0925983191
leaf_count=527 162351 615 2018 242 2670 755 983 2200 939 4173 8816 22566 12186 8701
internal_value=3.76511e-05 0.0104578 0.020983 0.00366938 0.0082095 -5.52222e-05 0.000489915 0.000657288 -0.00135965 -0.000620775 0.00128528 0.00179676 -0.000317534 0.00141121
internal_weight=2.5322e+08 2.23697e+06 877085 1.35989e+06 797983 2.50983e+08 4.37838e+07 4.30125e+07 1.02126e+07 9.48422e+06 3.28e+07 2.92229e+07 1.17345e+07 6.75628e+06
internal_count=229742 6072 2633 3439 2912 223670 61319 60336 14568 13629 45768 36952 14386 9456
is_linear=0
shrinkage=0.03


Tree=489
num_leaves=15
num_cat=2
split_feature=13 12 14 11 10 14 12 11 0 2 13 0 13 12
split_gain=322231 158858 53529.8 41443.7 14147.1 13028.6 26863.4 57509.4 35606.5 37013.3 23923.7 100985 22841.5 74939.3
threshold=0.33722492917240238 0.98115963927892413 0.80434234060582843 0.93171241057181342 0.84046969010850592 1.0320974020590354 1.0853076765851486 1.1010820262994694 0 2.5000000000000004 2.2786117162444017 1 1.0229446776118076 1.0137025498423149
decision_type=2 2 2 2 2 2 2 2 1 2 2 1 2 2
left_child=1 -1 3 -3 -5 12 7 10 -8 -10 -7 -12 -2 -14
right_child=5 2 -4 4 -6 6 8 -9 9 -11 11 -13 13 -15
leaf_value=0.00063638036900995093 9.8724628074021816e-06 0.00024433478414124924 0.016073674242141969 0.0082471019812396691 -0.00060477928055826722 5.9097143890950472e-05 0.0011726691905060806 -0.00043647881886200421 -0.00025344779104236287 0.00061414552183613514 0.028966928629438133 -0.0007842004466236031 -0.00014282532653902744 4.4428974268062048e-05
leaf_weight=1255454.1612592936 148002028.4963572 239827.30198121071 463028.35638284683 120991.08292913437 114100.92810833454 37209200.122208118 669570.64338803291 3985279.9363888502 1305143.6164808273 1628660.2069480419 312642.11146521568 497703.30803251266 27290960.683063745 30783436.468151689
leaf_count=1566 114971 168 2109 91 2063 46271 1393 6032 1444 2794 834 2866 20567 26963
internal_value=0.000135961 0.0115848 0.0209255 0.0138488 0.0227998 3.61856e-05 0.000494997 0.000281749 0.00298085 0.00155615 0.00064114 0.00574057 -6.53571e-05 -0.000569566
internal_weight=2.53878e+08 2.1934e+06 937948 474919 235092 2.51685e+08 4.56082e+07 4.20048e+07 3.60337e+06 2.9338e+06 3.80195e+07 810345 2.06076e+08 5.80744e+07
internal_count=230132 5997 4431 2322 2154 224135 61634 56003 5631 4238 49971 3700 162501 47530
cat_boundaries=0 1 2
cat_threshold=96 16
is_linear=0
shrinkage=0.03


Tree=490
num_leaves=15
num_cat=3
split_feature=13 12 11 12 9 0 1 9 1 0 2 9 0 12
split_gain=335896 115310 40000.2 18481 13099.7 107247 77757.6 132409 98275.5 65728 58831.8 143563 245730 79036.2
threshold=0.33722492917240238 0.98115963927892413 0.92833667948537613 0.98609395010972944 79.500000000000014 0 14.500000000000002 76.500000000000014 9.5000000000000018 1 3.5000000000000004 68.500000000000014 2 1.0076809644919542
decision_type=2 2 2 2 2 1 2 2 2 1 2 2 1 2
left_child=1 -1 -3 -4 5 10 7 8 9 -7 -2 13 -13 -12
right_child=4 2 3 -5 -6 6 -8 -9 -10 -11 11 12 -14 -15
leaf_value=0.00081689253110298966 6.1695680736697234e-05 0.00074335261324514821 0.0037016567137437427 -0.0097793407753728849 -1.2680130911265134e-05 0.00013654908734526866 -0.00042008435170494309 0.00081215131693167339 0.00022594487187426712 -0.00086218169692080693 0.00028574781313315547 0.0013699533360062911 -0.00012361609429193532 -0.00074026630409975867
leaf_weight=1228126.5285388231 11167346.288757682 326742.2834789753 187574.94674789906 407325.80309736729 222919328.4665792 905111.32911682129 5613607.8712501526 1256946.6370635033 3081848.2189025879 1559407.6639326811 1004427.6039686203 1704726.9689493179 1441418.2629057169 1032419.9646519423
leaf_count=1562 8468 255 282 3910 199250 716 4889 1031 2275 2260 811 1261 1693 1238
internal_value=4.33141e-05 0.0118514 0.0198719 0.0245037 -5.75444e-05 0.00054494 -0.001557 0.000599479 -0.00139291 -0.0058585 0.00214122 0.00478271 0.00880008 -0.00142259
internal_weight=2.53836e+08 2.14977e+06 921643 594901 2.51687e+08 2.87673e+07 1.24169e+07 6.80331e+06 5.54637e+06 2.46452e+06 1.63503e+07 5.18299e+06 3.14615e+06 2.03685e+06
internal_count=229901 6009 4447 4192 223892 24642 11171 6282 5251 2976 13471 5003 2954 2049
cat_boundaries=0 1 2 3
cat_threshold=440 4 144
is_linear=0
shrinkage=0.03


Tree=491
num_leaves=15
num_cat=4
split_feature=13 12 14 12 16 0 9 16 1 16 0 12 0 0
split_gain=321518 131916 65301.4 39163 15505.5 45479.1 57417 54680.7 84442.1 82033.7 56446.3 47639.9 129184 42948.3
threshold=0.33722492917240238 0.98115963927892413 0.80434234060582843 1.0076809644919542 0.053356818994415696 0 89.500000000000014 0.049033904159648291 13.500000000000002 0.052364209944619891 1 0.97665741464072364 2 3
decision_type=2 2 2 2 2 1 2 2 2 2 1 2 1 1
left_child=1 -1 3 -3 5 6 13 11 9 10 -9 12 -7 -2
right_child=4 2 -4 -5 -6 7 -8 8 -10 -11 -12 -13 -14 -15
leaf_value=0.00070893807423087893 7.9303036404187237e-06 0.00021874823387321363 0.0053837912801579669 0.0061893569493771516 -1.14731959155092e-05 0.0018424410523395129 -1.3393790663951991e-05 0.00097271752615596418 -0.00028224929718339642 9.2651171912059733e-05 0.00038721385167536415 -7.7483846483073133e-06 -0.00070354589650020781 -0.00097944135862912222
leaf_weight=1237239.294085145 835338.86027634144 224088.35685193539 475276.34191811085 251717.828135252 200842613.40258527 1351630.1485689878 12982819.334450722 2195070.5784912109 1800133.698059082 3568713.8148574829 1372318.3541326523 23752675.334218383 1017994.7665686607 1489339.1464173794
leaf_count=1546 3243 730 2122 1588 120313 2959 27440 1223 1615 2020 1844 58102 3371 1922
internal_value=9.57211e-05 0.0115452 0.0199462 0.0120896 -4.01703e-06 0.000466642 -0.000897636 0.00106232 0.003088 0.00455269 0.00776981 0.000369354 0.00442554 -0.00523966
internal_weight=2.53397e+08 2.18832e+06 951083 475806 2.51209e+08 5.0366e+07 1.53075e+07 3.50585e+07 8.93624e+06 7.1361e+06 3.56739e+06 2.61223e+07 2.36962e+06 2.32468e+06
internal_count=230038 5986 4440 2318 224052 103739 32605 71134 6702 5087 3067 64432 6330 5165
cat_boundaries=0 1 2 3 4
cat_threshold=133 82 88 129
is_linear=0
shrinkage=0.03


Tree=492
num_leaves=15
num_cat=2
split_feature=13 12 14 12 0 11 9 16 9 9 12 12 10 0
split_gain=274253 153377 62185.6 45628 16408.9 44420.8 54966 62891.3 62033.2 70774.8 61965.2 74235.4 50847.5 49050.9
threshold=0.33722492917240238 0.98115963927892413 0.80434234060582843 1.015774644378785 0 0.96973899304761912 75.500000000000014 0.08995274063160387 80.500000000000014 84.500000000000014 1.0278711375767708 1.0438544048453264 0.97998433574410881 1
decision_type=2 2 2 2 1 2 2 2 2 2 2 2 2 1
left_child=1 -1 3 -3 5 -2 7 -7 -8 -10 12 -12 -11 -13
right_child=4 2 -4 -5 -6 6 8 -9 9 10 11 13 -14 -15
leaf_value=0.00056052563010723731 -0.0001807295420453918 0.00030019951072322593 -0.021681088656144397 -0.052044366658271841 -1.2465141392297676e-05 -0.00010373887289149398 0.0006400276661907556 -0.00086119239055349177 -0.00064214362727994096 0.0011550746952721145 -0.0003721652227598404 0.00035617612201851377 0.00024765839925852288 -5.1416399307423217e-05
leaf_weight=1249451.4258872271 7626132.9317116737 255660.68374729156 459564.87578082085 225455.11952710152 193427917.37328601 4153522.1630446911 1980985.0222119093 783154.12762451172 1222783.7397838831 2225055.1655629873 5323476.3403948545 8500421.487144351 15364311.280860782 10986608.604941607
leaf_count=1567 9285 986 2102 1344 150180 5916 2213 507 1855 2576 6632 14079 20813 9851
internal_value=8.1903e-05 0.010652 0.0198017 0.012263 -1.011e-05 0.000431699 0.00075374 -0.00225325 0.00107925 0.000843466 0.00104867 8.30238e-05 0.00241076 0.000940721
internal_weight=2.53785e+08 2.19013e+06 940681 481116 2.51594e+08 5.81665e+07 5.05403e+07 4.93668e+06 4.56036e+07 4.36227e+07 4.23999e+07 2.48105e+07 1.75894e+07 1.9487e+07
internal_count=229906 5999 4432 2330 223907 73727 64442 6423 58019 55806 53951 30562 23389 23930
cat_boundaries=0 1 2
cat_threshold=98 96
is_linear=0
shrinkage=0.03


Tree=493
num_leaves=15
num_cat=2
split_feature=13 12 0 0 1 9 2 10 3 12 12 10 10 10
split_gain=314969 162385 35679.5 20073.1 72642 41150.4 40144.2 77125 46073.2 89778.7 67806.4 56246.2 41440.5 57812
threshold=0.33722492917240238 1.015774644378785 0 1 7.5000000000000009 71.500000000000014 1.0000000180025095e-35 0.96771506909300131 1.5000000000000002 1.0300344433885027 1.0853076765851486 1.0360712921110895 1.0535811583164076 1.0881839043954797
decision_type=2 2 1 1 2 2 2 2 2 2 2 2 2 2
left_child=1 2 -1 4 5 -2 7 -6 10 12 11 -8 -10 -14
right_child=3 -3 -4 -5 6 -7 8 -9 9 -11 -12 -13 13 -15
leaf_value=0.0012197097016818776 -0.001561148278880658 0.0025865500686214618 5.5955216809903779e-05 -5.8823509927434339e-06 -0.0009614037557134302 -0.00028209534928741285 0.00036504478683928299 1.7930514845469543e-05 0.00018713744792095096 -0.00051847589697403293 0.00068222814293963853 8.8330236837615322e-06 0.002525126152386164 1.0810363358516303e-05
leaf_weight=1124057.3652825356 306760.96852779388 483557.82406246662 579182.14513456821 193358622.42270648 1223929.1108560562 4592539.8477692604 11637744.905663967 7825295.6021156311 3860035.0272064209 5878151.2403945923 5263501.2179481983 16412482.50590229 707659.82175445557 609004.4899597168
leaf_count=1685 969 2694 1689 149921 1095 15070 10598 7394 6228 9132 4387 16765 1130 1092
internal_value=0.000179194 0.0115155 0.00715962 8.06936e-05 0.000568549 -0.00292762 0.000889207 -0.000931842 0.00126062 -0.000417577 0.00181751 0.00123122 0.0024633 0.00705915
internal_weight=2.53863e+08 2.1868e+06 1.70324e+06 2.51676e+08 5.83171e+07 4.8993e+06 5.34178e+07 9.04922e+06 4.43686e+07 1.10549e+07 3.33137e+07 2.80502e+07 5.1767e+06 1.31666e+06
internal_count=229849 6068 3374 223781 73860 16039 57821 8489 49332 17582 31750 27363 8450 2222
cat_boundaries=0 1 2
cat_threshold=280 98
is_linear=0
shrinkage=0.03


Tree=494
num_leaves=15
num_cat=2
split_feature=13 12 14 10 10 12 14 11 0 10 0 13 10 10
split_gain=343124 152942 90980.4 22473 15439.2 14101.6 28569.6 21338.1 54324.6 24320.7 39657.6 20316.6 40490.4 37234
threshold=0.33722492917240238 1.015774644378785 0.80434234060582843 0.84046969010850592 0.68171730937635744 0.90150706348843312 0.83314520053279539 0.86323173388241103 0 0.74478466775923013 1 0.54078925851391635 0.97410101846984154 0.82120607435980486
decision_type=2 2 2 2 2 2 2 2 1 2 1 2 2 2
left_child=1 2 3 -1 -2 6 -6 8 -7 -10 -11 12 -9 -13
right_child=4 -3 -4 -5 5 7 -8 11 9 10 -12 13 -14 -15
leaf_value=-0.0002150963398252083 -0.00033223930588741188 0.012407510356377315 0.0072086182693831503 0.00050376310721716143 1.558761654570427e-05 0.00079152580293729386 -0.00083702475211711405 1.0558867104419179e-05 -0.00032520474039081425 0.0008213791667776697 -3.1090061866849841e-06 -0.00037074779607807878 0.00057933968439247802 7.8522224733049069e-06
leaf_weight=564083.70224690437 1245105.7345426083 457742.10830020905 632055.49344158173 563365.46921372414 1765387.3729025126 1009072.7797424793 1037625.1463176012 1432313.1255502701 1608511.0800135136 1108721.055385828 2795561.0479422808 3463317.6135874987 619238.45539224148 234830202.91390622
leaf_count=535 950 2649 1309 1533 1244 1077 1541 1189 1668 1229 2668 4048 2177 205929
internal_value=0.000169748 0.0119195 0.00790074 0.00279299 6.5919e-05 8.25375e-05 -0.00203334 0.000106562 0.00179973 0.000628306 0.00190729 6.06172e-05 0.00303327 3.50246e-05
internal_weight=2.53132e+08 2.21725e+06 1.7595e+06 1.12745e+06 2.50915e+08 2.4967e+08 2.80301e+06 2.46867e+08 6.52187e+06 5.51279e+06 3.90428e+06 2.40345e+08 2.05155e+06 2.38294e+08
internal_count=229746 6026 3377 2068 223720 222770 2785 219985 6642 5565 3897 213343 3366 209977
cat_boundaries=0 1 2
cat_threshold=148 320
is_linear=0
shrinkage=0.03


Tree=495
num_leaves=15
num_cat=3
split_feature=13 12 14 10 14 16 1 11 0 10 16 0 0 1
split_gain=306926 141378 99054.4 24623.3 15466.7 43224.2 46971.9 17582.5 24121.2 19301.9 30894.2 49597.3 36976.5 23059
threshold=0.33722492917240238 1.015774644378785 0.80434234060582843 0.84046969010850592 0.63293050922003624 0.06557557904524898 12.500000000000002 0.78683299918466465 0 0.82120607435980486 0.043347229934692762 1 2 13.500000000000002
decision_type=2 2 2 2 2 2 2 2 1 2 2 1 1 2
left_child=1 2 3 -1 5 6 -2 8 -6 10 12 13 -9 -12
right_child=4 -3 -4 -5 7 -7 -8 9 -10 -11 11 -13 -14 -15
leaf_value=-0.00027391549417406903 -0.00057839719275783348 -0.057644298177286134 0.0067861685910467519 0.00048540655053237953 0.00060152357080112682 -0.00050231125857702066 0.00083731368144151271 0.0014963616042609827 -7.7094138889896658e-05 8.1172007421453783e-06 0.00039053890957766086 -0.00042462398464192507 -0.0001194251351902121 -0.0002801720715095443
leaf_weight=564054.01160037518 707254.98431539536 424380.12591874599 607422.44880270958 571209.21527051926 1257965.7343882322 1779177.0931797028 979519.67514443398 319237.31416511536 1122897.3667629957 237032373.98921955 1655241.1270751953 3609946.7038879395 721865.99955260754 1713075.3210144043
leaf_count=516 1601 2650 1279 1518 1596 1079 1086 593 1176 208762 1295 2529 2704 1349
internal_value=0.000131908 0.0113737 0.00759234 0.0023606 3.48107e-05 -0.00195535 0.00148541 6.26882e-05 0.00262833 3.77611e-05 -0.00140977 -0.00212899 0.003411 0.000489323
internal_weight=2.53066e+08 2.16707e+06 1.74269e+06 1.13526e+06 2.50899e+08 3.46595e+06 1.68677e+06 2.47433e+08 2.38086e+06 2.45052e+08 8.01937e+06 6.97826e+06 1.0411e+06 3.36832e+06
internal_count=229733 5963 3313 2034 223770 3766 2687 220004 2772 217232 8470 5173 3297 2644
cat_boundaries=0 1 2 3
cat_threshold=194 390 8
is_linear=0
shrinkage=0.03


Tree=496
num_leaves=15
num_cat=1
split_feature=13 12 14 10 10 0 13 10 12 3 16 10 12 11
split_gain=343544 178209 98617.3 23126.1 16432.9 91790.8 67383.8 57877.6 99831 54773.1 59861.8 59190.4 58168.5 68178.4
threshold=0.33722492917240238 1.015774644378785 0.80434234060582843 0.84046969010850592 1.0804981498706023 0 0.89490769763221423 1.0692909671149702 1.0501009489392852 2.5000000000000004 0.046939640207243567 1.1714616938353537 1.0703241224694275 1.1404910237737402
decision_type=2 2 2 2 2 1 2 2 2 2 2 2 2 2
left_child=1 2 3 -1 7 6 -6 -2 -9 10 -7 12 -12 -14
right_child=4 -3 -4 -5 5 9 -8 8 -10 -11 11 -13 13 -15
leaf_value=-0.00026580348641860716 -5.4677211301628357e-06 -0.14844368604590216 0.0061297117177338215 0.00029031514310321409 -0.00055862845958016356 -0.0002318799110702387 -6.3462355189228679e-05 -6.292759650769063e-05 -0.00089428973879161593 -0.00037938494211727419 0.0004799133751474732 3.5877020313545505e-05 -0.00015476232810400517 0.00050446658075271953
leaf_weight=554855.58826732635 177902442.26598477 458722.07443749905 628707.68360483646 546608.60551702976 1859504.7141871452 5897012.0548042059 14383231.381730914 5455626.1436165571 1832977.0085946321 4204500.9927897453 14314883.936904907 16482125.525147438 5557750.2728233337 4138066.1551856995
leaf_count=522 147789 2692 1348 1519 1184 19907 7819 5250 1374 8901 12105 12446 4066 3378
internal_value=7.91574e-05 0.0119129 0.00750528 0.00209409 -2.36202e-05 0.000379612 -0.00158254 -0.00016915 -0.00278935 0.00100954 0.00130671 0.00171796 0.00266826 0.000874091
internal_weight=2.54217e+08 2.18889e+06 1.73017e+06 1.10146e+06 2.52028e+08 6.68371e+07 1.62427e+07 1.85191e+08 7.2886e+06 5.05943e+07 4.63898e+07 4.04928e+07 2.40107e+07 9.69582e+06
internal_count=230300 6081 3389 2041 224219 69806 9003 154413 6624 60803 51902 31995 19549 7444
cat_boundaries=0 1
cat_threshold=24
is_linear=0
shrinkage=0.03


Tree=497
num_leaves=15
num_cat=3
split_feature=13 12 14 10 13 0 12 11 14 14 12 1 0 0
split_gain=334778 176928 109945 32479.3 15848.8 30970.9 95373.9 43724.9 39434.4 48091.8 40153.7 66208.5 67708.5 50378.1
threshold=0.33722492917240238 1.015774644378785 0.80434234060582843 0.83310007439074751 0.98485150532138543 0 1.0894550804295779 1.1083675583369528 1.0596894800670869 0.90643794990002313 1.024112885485482 9.5000000000000018 1 2
decision_type=2 2 2 2 2 1 2 2 2 2 2 2 1 1
left_child=1 2 3 -1 -2 6 7 -6 9 10 13 -12 -13 -7
right_child=4 -3 -4 -5 5 8 -8 -9 -10 -11 11 12 -14 -15
leaf_value=-0.0003868227942621884 1.5806812267571757e-05 0.018134552911995606 0.0052197138751801601 0.00037869137645116035 0.00018566077675118833 0.00067308427512956812 0.0011908573388543437 -0.00033479690991790849 9.4134481871936617e-05 -7.8226772358005426e-05 0.00036654202889124354 0.00012951552351213585 -0.00074859817854745932 6.4192030130702754e-05
leaf_weight=548733.22494781017 118227349.95958948 426441.23159170151 610577.70693469048 568385.04912805557 10613528.764787436 1887186.7987707853 1232432.0168435574 3921333.1952427626 17047723.17130661 91839595.860837698 1457136.6670879126 1513726.3262991905 1421500.7157335281 2453137.7932730913
leaf_count=500 104718 2622 1322 1529 17683 1467 2170 5770 25156 61005 1452 1140 995 2603
internal_value=2.67712e-05 0.0118031 0.00753165 0.0019367 -7.40494e-05 -0.000298207 0.000950334 0.000270921 -0.000465577 -0.000691735 0.00143571 -0.000586481 -0.00318161 0.00348215
internal_weight=2.53769e+08 2.15414e+06 1.7277e+06 1.11712e+06 2.51615e+08 1.33387e+08 1.57673e+07 1.45349e+07 1.1762e+08 1.00572e+08 8.73269e+06 4.39236e+06 2.93523e+06 4.34032e+06
internal_count=230132 5973 3351 2029 224159 119441 25623 23453 93818 68662 7657 3587 2135 4070
cat_boundaries=0 1 2 3
cat_threshold=96 263 26
is_linear=0
shrinkage=0.03


Tree=498
num_leaves=15
num_cat=2
split_feature=2 3 11 5 5 1 14 2 0 1 1 12 0 14
split_gain=27671.8 73493.2 100035 73304 71018.5 67582.4 112940 63577 74361.3 92403.6 75054.4 72314.8 116781 130191
threshold=2.5000000000000004 1.0000000180025095e-35 1.1906780813946514 1.0000000180025095e-35 1.0000000180025095e-35 7.5000000000000009 0.91842528933447209 4.5000000000000009 0 9.5000000000000018 13.500000000000002 1.0251274134934043 1 1.0766976746816785
decision_type=2 2 2 2 2 2 2 2 1 2 2 2 1 2
left_child=4 2 5 7 -1 6 -2 8 -3 -10 -11 12 -9 -14
right_child=1 3 -4 -5 -6 -7 -8 11 9 10 -12 -13 13 -15
leaf_value=-1.0560608962137732e-05 0.00075914087973811314 0.00014833872001694985 -0.00084373236281128842 0.00064193959130767709 -0.00075129853017228624 0.00022755916764894904 -0.00040805522486538488 -0.00051666219587324653 6.1985815013576047e-05 -0.0005106679705828924 -0.00013650055778949164 -0.00013241386884429773 0.00025111228104157803 0.00214462483465157
leaf_weight=125372407.01154852 836176.10733139515 9840277.1457321644 1347793.1870020628 1902309.0265606642 2156267.0592273474 33480915.205708265 3144694.6032809019 4675428.107919693 7827103.1259211302 7066497.3548278809 15533455.975111723 15966345.598633528 22192892.34951961 1925267.7753715515
leaf_count=98212 1942 11459 1168 1483 1558 22050 5120 9528 7773 4386 10921 24788 23922 5148
internal_value=0.000115683 0.000431487 0.00151697 -5.3126e-05 -0.00019569 0.00180587 -0.00188946 -0.000183432 -0.00104832 -0.00178147 -0.0027544 0.000594648 0.00149258 0.00233378
internal_weight=2.53268e+08 1.25739e+08 3.88096e+07 8.69296e+07 1.27529e+08 3.74618e+07 3.98087e+06 8.50273e+07 4.02673e+07 3.04271e+07 2.26e+07 4.47599e+07 2.87936e+07 2.41182e+07
internal_count=229458 129688 30280 99408 99770 29112 7062 97925 34539 23080 15307 63386 38598 29070
cat_boundaries=0 1 2
cat_threshold=194 257
is_linear=0
shrinkage=0.03


Tree=499
num_leaves=15
num_cat=0
split_feature=13 11 10 14 9 2 16 14 13 9 14 2 10 10
split_gain=317477 112052 129881 24080.1 19254.4 99998.1 69439.6 61770.6 66846.2 38253.8 36147 34599.3 63872.3 51310.2
threshold=0.33722492917240238 0.8583963594932722 0.88656517134269841 0.67021016678877732 79.500000000000014 5.5000000000000009 0.041552130173696904 1.0654946539539478 0.90403366148855868 72.500000000000014 1.0269306371829447 4.5000000000000009 1.311423601463038 0.99451885417014119
decision_type=2 2 2 2 2 2 2 2 2 2 2 2 2 2
left_child=1 -1 -3 -4 5 6 -2 8 -8 10 -10 -6 13 -13
right_child=4 2 3 -5 11 -7 7 -9 9 -11 -12 12 -14 -15
leaf_value=-0.00020169854138926035 -0.00034073701088062065 0.012210055739932266 0.00051512289404393363 -0.01130961126280693 -2.4296398427956625e-05 -0.00059667642228756926 0.00059877370275699467 0.0005914917397080307 3.6046329146141298e-05 0.00017167647571400424 -0.00027806331585913859 -0.00018032840563865805 -0.001135463758909921 0.00019246979705387862
leaf_weight=584339.52010333538 2672976.4846885204 770003.76712477207 187308.81566262245 586607.76493823528 182264663.95399725 1668801.2256557941 2585791.5432415009 1911663.8775844574 9903488.4373016357 7098075.2761535645 2745995.2736816406 9573586.0113692284 848789.4234815836 29725705.887287498
leaf_count=631 7698 781 2006 2590 143149 2455 1814 1403 5613 4085 1489 13867 1137 41197
internal_value=0.000107478 0.0116455 0.0158804 0.00720111 9.64532e-06 0.000742549 0.00118434 0.00169027 0.00124724 0.000653328 -0.000335761 -8.4555e-05 0.000712693 0.000888548
internal_weight=2.53128e+08 2.12826e+06 1.54392e+06 773917 2.51e+08 2.85868e+07 2.6918e+07 2.4245e+07 2.23334e+07 1.97476e+07 1.26495e+07 2.22413e+08 4.01481e+07 3.92993e+07
internal_count=229915 6008 5377 4596 223907 24557 22102 14404 13001 11187 7102 199350 56201 55064
is_linear=0
shrinkage=0.03


end of trees

feature_importances:
route=1153
lvl_wd20=964
lvl_wd5=670
lvl_wd10=626
lag_w1=617
hour_share=608
hour=584
lag_m4=564
days_to_ny=449
dow=380
ptype=218
is_short_workday=73
is_holiday=53
in_regime=28
is_day_off=13

parameters:
[boosting: gbdt]
[objective: regression_l1]
[metric: l1]
[tree_learner: serial]
[device_type: cpu]
[data_sample_strategy: bagging]
[data: ]
[valid: ]
[num_iterations: 500]
[learning_rate: 0.03]
[num_leaves: 15]
[num_threads: 2]
[seed: 42]
[deterministic: 1]
[force_col_wise: 1]
[force_row_wise: 0]
[histogram_pool_size: -1]
[max_depth: -1]
[min_data_in_leaf: 1000]
[min_sum_hessian_in_leaf: 0.001]
[bagging_fraction: 0.8]
[pos_bagging_fraction: 1]
[neg_bagging_fraction: 1]
[bagging_freq: 1]
[bagging_seed: 400]
[bagging_by_query: 0]
[feature_fraction: 0.8]
[feature_fraction_bynode: 1]
[feature_fraction_seed: 30056]
[extra_trees: 0]
[extra_seed: 12879]
[early_stopping_round: 0]
[early_stopping_min_delta: 0]
[first_metric_only: 0]
[max_delta_step: 0]
[lambda_l1: 0]
[lambda_l2: 1]
[linear_lambda: 0]
[min_gain_to_split: 0]
[drop_rate: 0.1]
[max_drop: 50]
[skip_drop: 0.5]
[xgboost_dart_mode: 0]
[uniform_drop: 0]
[drop_seed: 17869]
[top_rate: 0.2]
[other_rate: 0.1]
[min_data_per_group: 100]
[max_cat_threshold: 32]
[cat_l2: 10]
[cat_smooth: 10]
[max_cat_to_onehot: 4]
[top_k: 20]
[monotone_constraints: ]
[monotone_constraints_method: basic]
[monotone_penalty: 0]
[feature_contri: ]
[forcedsplits_filename: ]
[refit_decay_rate: 0.9]
[cegb_tradeoff: 1]
[cegb_penalty_split: 0]
[cegb_penalty_feature_lazy: ]
[cegb_penalty_feature_coupled: ]
[path_smooth: 0]
[interaction_constraints: ]
[verbosity: -1]
[saved_feature_importance_type: 0]
[use_quantized_grad: 0]
[num_grad_quant_bins: 4]
[quant_train_renew_leaf: 0]
[stochastic_rounding: 1]
[linear_tree: 0]
[max_bin: 255]
[max_bin_by_feature: ]
[min_data_in_bin: 3]
[bin_construct_sample_cnt: 200000]
[data_random_seed: 175]
[is_enable_sparse: 1]
[enable_bundle: 1]
[use_missing: 1]
[zero_as_missing: 0]
[feature_pre_filter: 1]
[pre_partition: 0]
[two_round: 0]
[header: 0]
[label_column: ]
[weight_column: ]
[group_column: ]
[ignore_column: ]
[categorical_feature: 0]
[forcedbins_filename: ]
[precise_float_parser: 0]
[parser_config_file: ]
[objective_seed: 16083]
[num_class: 1]
[is_unbalance: 0]
[scale_pos_weight: 1]
[sigmoid: 1]
[boost_from_average: 1]
[reg_sqrt: 0]
[alpha: 0.9]
[fair_c: 1]
[poisson_max_delta_step: 0.7]
[tweedie_variance_power: 1.5]
[lambdarank_truncation_level: 30]
[lambdarank_norm: 1]
[label_gain: ]
[lambdarank_position_bias_regularization: 0]
[eval_at: ]
[multi_error_top_k: 1]
[auc_mu_weights: ]
[num_machines: 1]
[local_listen_port: 12400]
[time_out: 120]
[machine_list_filename: ]
[machines: ]
[gpu_platform_id: -1]
[gpu_device_id: -1]
[gpu_use_dp: 0]
[num_gpu: 1]

end of parameters

pandas_categorical:[[1, 7, 11, 12, 17, 25, 26, 28, 50]]
