tree
version=v4
num_class=1
num_tree_per_iteration=1
label_index=0
max_feature_idx=16
objective=regression_l1
feature_names=route hour dow ptype is_holiday is_short_workday is_working_weekend is_day_off pre_new_year_week days_to_ny lvl_wd5 lvl_wd10 lvl_wd20 lag_w1 lag_m4 in_regime hour_share
feature_infos=-1:3:4:2:6:1:8:0:7:5 [0:23] [0:6] [0:3] [0:1] none none [0:1] none [62:90] [0.65713011808851129:1.462536067591621] [0.72943063814253739:1.3606895271502915] [0.87567123603492825:1.2140828604622831] [0:132.58822579527782] [0:290.00569000834537] none [2.6520978093672095e-05:0.24330789648307899]
tree_sizes=1736 1873 1845 1836 1844 1853 1838 1852 1850 1864 1850 1845 1859 1845 1846 1850 1838 1860 1848 1876 1849 1861 1859 1864 1855 1860 1854 1856 1851 1873 1859 1860 1864 1846 1834 1860 1840 1843 1859 1852 1831 1841 1869 1850 1859 1871 1862 1839 1862 1852 1863 1845 1839 1874 1873 1850 1872 1855 1859 1857 1867 1865 1863 1862 1863 1860 1842 1870 1859 1838 1838 1833 1835 1870 1864 1880 1863 1869 1858 1861 1843 1872 1846 1854 1862 1840 1857 1835 1849 1851 1860 1855 1838 1861 1836 1861 1839 1880 1852 1858 1856 1856 1874 1880 1838 1861 1868 1848 1860 1866 1861 1865 1866 1861 1869 1861 1861 1868 1863 1871 1856 1856 1836 1858 1866 1861 1857 1862 1869 1870 1859 1872 1844 1841 1867 1871 1865 1885 1871 1849 1857 1883 1852 1882 1867 1860 1832 1856 1859 1839 1854 1866 1847 1859 1865 1847 1864 1852 1843 1858 1861 1864 1848 1869 1865 1848 1853 1872 1861 1882 1875 1861 1873 1881 1831 1869 1868 1867 1869 1857 1862 1873 1854 1868 1858 1853 1876 1862 1853 1848 1864 1849 1856 1860 1864 1864 1874 1862 1855 1871 1868 1843 1868 1854 1865 1872 1851 1853 1859 1855 1865 1836 1863 1854 1842 1897 1874 1880 1857 1859 1851 1861 1861 1882 1861 1872 1848 1842 1861 1879 1878 1861 1860 1858 1855 1863 1858 1861 1867 1872 1884 1858 1866 1850 1849 1862 1847 1849 1845 1852 1869 1861 1871 1867 1860 1855 1883 1870 1888 1871 1855 1855 1853 1854 1870 1859 1860 1854 1870 1860 1867 1857 1894 1852 1859 1856 1876 1863 1873 1861 1864 1866 1858 1847 1833 1868 1876 1872 1858 1851 1866 1849 1837 1855 1864 1850 1854 1858 1870 1838 1863 1881 1866 1859 1850 1853 1850 1871 1871 1866 1863 1850 1864 1858 1854 1859 1865 1861 1862 1876 1848 1849 1863 1872 1876 1866 1825 1859 1852 1853 1866 1847 1856 1856 1856 1874 1859 1866 1875 1882 1850 1880 1858 1871 1864 1868 1853 1866 1863 1880 1866 1886 1849 1852 1883 1858 1874 1871 1853 1854 1869 1857 1864 1859 1861 1877 1881 1843 1864 1881 1862 1847 1866 1856 1856 1857 1851 1849 1864 1862 1837 1839 1860 1876 1841 1864 1843 1862 1837 1831 1841 1861 1840 1838 1852 1829 1846 1856 1834 1858 1830 1843 1864 1856 1870 1853 1871 1866 1857 1880 1858 1860 1852 1862 1848 1848 1851 1838 1868 1839 1833 1848 1875 1830 1835 1865 1866 1853 1867 1855 1874 1855 1867 1881 1848 1882 1866 1855 1861 1867 1858 1869 1848 1833 1823 1866 1883 1850 1840 1850 1842 1851 1883 1856 1869 1853 1871 1878 1885 1843 1858 1857 1827 1873 1877 1841 1861 1854 1861 1862 1886 1857 1860 1875 1879 1859 1864 1883 1857 1889 1846 1876 1874 1859 1859 1839 1857 1849 1856 1837 1874 1866 1849 1868 1836 1855 1869 1840 1862 1868

Tree=0
num_leaves=15
num_cat=3
split_feature=13 11 2 2 16 11 12 12 0 0 13 12 13 0
split_gain=518372 140976 123375 82036.2 58309.6 69318.8 54180.1 41199.3 44526.8 39441.8 27716.1 27365.3 31799.1 27338.9
threshold=0.98962541196304199 0.96883901988821342 1.0000000180025095e-35 1.0000000180025095e-35 0.06883424290670058 0.99908282658262915 1.0081464412505341 1.0139625738046953 0 1 0.93655923709812028 1.0077918519281821 0.95199980385592953 2
decision_type=2 2 2 2 2 2 2 2 1 1 2 2 2 1
left_child=3 -2 -3 10 11 -6 9 -8 -9 -4 -1 -5 13 -13
right_child=1 2 6 4 5 -7 7 8 -10 -11 -12 12 -14 -15
leaf_value=1.0003610308845887 1.0010829319919206 1.0013592767737929 1.0023285789269869 1.0018177537634017 1.0002946374478396 1.0013572851801824 1.0016011507811275 1.00281640379368 1.0020718410464982 1.0025679156680991 1.0010289424628251 1.0015410318200544 1.0017223187989197 1.0005754508061824
leaf_weight=1624217.4775575399 1891409.30384624 1895384.0439143181 1720562.2648938894 2563149.9451189041 1945533.7224121094 2938152.0178153515 1156129.3395471573 1814678.0785473585 4371512.0774716139 2702384.1849598885 1259840.7837511301 944034.3586666584 1234461.0735840797 1164405.0771481991
leaf_count=1482 1995 1454 1337 3027 1108 1795 925 1619 4306 2179 801 1970 1207 1324
internal_value=1.00155 1.0053 1.00636 0.997291 0.998492 0.996067 1.00751 1.00593 1.0069 1.01013 0.992796 1.0005 0.99871 0.996471
internal_weight=2.92259e+07 1.55521e+07 1.36606e+07 1.36738e+07 1.07897e+07 4.88369e+06 1.17653e+07 7.34232e+06 6.18619e+06 4.42295e+06 2.88406e+06 5.90605e+06 3.3429e+06 2.10844e+06
internal_count=26529 13815 11820 12714 10431 2903 10366 6850 5925 3516 2283 7528 4501 3294
cat_boundaries=0 1 2 3
cat_threshold=68 268 484
is_linear=0
shrinkage=1


Tree=1
num_leaves=15
num_cat=1
split_feature=13 11 2 2 3 11 13 16 2 11 16 0 1 2
split_gain=480862 123576 134127 95791.6 80847.9 76215.9 54950.9 43786.6 40522.7 40180.4 33836.4 27211.7 26106.5 19886.5
threshold=0.98962541196304199 0.97755348269850095 1.0000000180025095e-35 1.0000000180025095e-35 1.5000000000000002 0.95791355267053857 1.0437288525276693 0.065587605489676196 2.5000000000000004 1.0583855732689953 0.066633989729168841 0 15.500000000000002 3.5000000000000004
decision_type=2 2 2 2 2 2 2 2 2 2 2 1 2 2
left_child=3 7 -3 -1 8 -6 12 -2 10 -7 -5 -8 -4 -10
right_child=1 2 6 4 5 9 11 -9 13 -11 -12 -13 -14 -15
leaf_value=-0.00099686945365173537 0.0001196137468770481 -0.00043039746510823617 0.0004523190791461984 -0.00017062158992114403 -0.0049319964977633281 -0.00016101335147034921 0.0010212028150730838 -0.0011503382938855729 0.00039032431757435928 -0.0014118927447433977 -0.00055104604974208786 0.00084097949908903448 9.0974181308682491e-05 -0.00016204380005783791
leaf_weight=2906245.9606148005 1360304.0419527292 1823871.6684145927 3268235.1309717894 2381992.8191490173 750998.26381921768 1144243.5488001108 2714654.6578371525 1046178.3482666016 1862308.1476790905 685855.16977059841 1975721.3672485352 3467640.4779684544 1990235.0982596874 1973027.376922369
leaf_count=2281 1838 1407 2213 2674 995 1612 2149 561 1485 1200 912 4365 1379 1581
internal_value=-7.91043e-06 0.00357978 0.00471449 -0.00411768 -0.00281388 -0.00744392 0.00591897 -0.00267475 -0.00135525 -0.00414155 -0.00333459 0.00783648 0.0036646 0.000893674
internal_weight=2.93515e+07 1.56711e+07 1.32646e+07 1.36804e+07 1.07741e+07 2.5811e+06 1.14408e+07 2.40648e+06 8.19305e+06 1.8301e+06 4.35771e+06 6.1823e+06 5.25847e+06 3.83534e+06
internal_count=26652 13912 11513 12740 10459 3807 10106 2399 6652 2812 3586 6514 3592 3066
cat_boundaries=0 1
cat_threshold=84
is_linear=0
shrinkage=0.03


Tree=2
num_leaves=15
num_cat=0
split_feature=10 14 10 2 12 12 12 2 14 12 3 14 1 12
split_gain=546805 396465 160528 99997.5 88716.6 82865.5 78223.7 64573.2 57483.4 61445.6 67467.1 45533.5 30118.4 26629.5
threshold=0.91803706662057427 0.973393084649678 1.009035500706591 1.0000000180025095e-35 0.98159646488267815 1.0053593290700693 1.0017672621402147 2.5000000000000004 0.93400352397339514 0.98075970649359323 1.0000000180025095e-35 0.9925975254525472 15.500000000000002 0.99227196909529336
decision_type=2 2 2 2 2 2 2 2 2 2 2 2 2 2
left_child=4 3 6 -2 -1 13 -3 -8 9 -5 -11 -7 -13 -4
right_child=1 2 5 8 -6 11 7 -9 -10 10 -12 12 -14 -15
leaf_value=-0.00094104019657615756 -0.00073541184223250384 0.00058451491512886533 0.00089615590254863179 0.00026537147410609887 -0.0027571086586768126 0.00013468115357989034 -0.0010830282030636264 0.00013334953371918595 0.00013048988814593556 -0.00032996619322551025 -0.0015813723910752379 0.00084423994468805325 0.00036967632319917157 0.0013375947280997672
leaf_weight=1811165.4391577244 2619157.0388923883 1492261.8171644211 1531197.4388417006 1006100.8503036499 1658975.8060436249 2065076.5186164379 1228579.5281004906 1404898.8499867916 3824384.9246457815 2257352.596457243 1239929.1636112928 3409084.6180462837 2223519.3344829082 1455426.0071012974
leaf_count=1757 2046 1279 1497 720 1427 1517 932 1353 3131 2133 1758 3588 2317 1050
internal_value=5.59156e-05 0.00156207 0.00476203 -0.00276713 -0.0111235 0.0067029 -0.000264182 -0.00337373 -0.00115913 -0.00345602 -0.00533556 0.00505722 0.0064543 0.0109445
internal_weight=2.92271e+07 2.5757e+07 1.481e+07 1.09469e+07 3.47014e+06 1.06843e+07 4.12574e+06 2.63348e+06 8.32777e+06 4.50338e+06 3.49728e+06 7.69768e+06 5.6326e+06 2.98662e+06
internal_count=26505 23321 13533 9788 3184 9969 3564 2285 7742 4611 3891 7422 5905 2547
is_linear=0
shrinkage=0.03


Tree=3
num_leaves=15
num_cat=3
split_feature=10 14 13 10 14 16 12 9 1 12 0 12 0 0
split_gain=505979 405855 162732 142742 119279 94999.2 67888.4 50339.3 50008.7 31891.3 63884 28936.9 24218.7 24215.1
threshold=0.91803706662057427 0.94793288859221747 0.98962541196304199 0.99694253062548166 0.9925975254525472 0.058521633269240945 1.0021555390626555 77.500000000000014 13.500000000000002 1.0091514731206532 0 1.0247081950625578 1 2
decision_type=2 2 2 2 2 2 2 2 2 2 1 2 1 1
left_child=5 2 13 6 9 -1 -3 -6 12 -5 -11 -4 -9 -2
right_child=1 3 11 4 7 -7 -8 8 -10 10 -12 -13 -14 -15
leaf_value=-0.00059272045850551614 -0.0011004547372062009 0.00028892882439612735 0.00041713482546206745 0.00042458422688691587 8.4388140127756992e-05 -0.0022780870851987212 -0.0008355284501071603 0.00095469136179254115 0.00073345630684252649 0.00049680724248236149 -0.00034929245359876696 -0.00013193090193545221 0.0011816467702792318 -0.00082888129168354706
leaf_weight=1203127.0335837603 1412935.4168390036 1480660.9272013903 1389100.1530441046 2424400.0592412949 1067485.8833073378 2280779.0250854492 1857210.1930931807 1150694.2199699879 4147720.4078943729 2016377.0967378616 1859749.9805041552 1170806.4628750086 2421407.0051022768 3271847.6098774672
leaf_count=1833 1014 1175 1231 1558 924 1376 1661 994 3872 1814 1147 1041 3130 3755
internal_value=-1.64268e-05 0.00143955 -0.00457624 0.00380486 0.00504681 -0.0107444 -0.00180903 0.00730547 0.00814983 0.00189667 0.000208672 0.00150624 0.0107517 -0.0078999
internal_weight=2.91543e+07 2.56704e+07 7.24469e+06 1.84257e+07 1.50878e+07 3.48391e+06 3.33787e+06 8.78731e+06 7.71982e+06 6.30053e+06 3.87613e+06 2.55991e+06 3.5721e+06 4.68478e+06
internal_count=26525 23316 7041 16275 13439 3209 2836 8920 7996 4519 2961 2272 4124 4769
cat_boundaries=0 1 2 3
cat_threshold=358 80 18
is_linear=0
shrinkage=0.03


Tree=4
num_leaves=15
num_cat=0
split_feature=10 14 13 14 10 16 16 9 11 1 10 11 10 10
split_gain=501070 359038 163024 140945 115117 80700.5 72768.7 43825.4 53582.3 26242.3 25764.5 23897.2 23313.8 46473.8
threshold=0.91803706662057427 0.99069238779689206 0.98962541196304199 0.93650401968429875 1.009035500706591 0.065075257163764486 0.066633989729168841 78.500000000000014 1.028352128358649 13.500000000000002 1.0239702552515217 1.0502959332616639 1.1404111661944714 1.0327028894079586
decision_type=2 2 2 2 2 2 2 2 2 2 2 2 2 2
left_child=5 2 3 12 6 -1 -3 -6 -9 -10 -4 -12 13 -2
right_child=1 4 10 -5 7 -7 -8 8 9 -11 11 -13 -14 -15
leaf_value=-0.00087868008153047666 -0.0015777074566499646 0.00074717777978383735 -0.00012021606495952851 -8.6630017817352901e-05 7.168365806432677e-05 -0.0021310717158701093 -0.00031184535505858523 0.0010926116002069905 -0.00026168484492550465 0.00049299848329829063 0.00054223632241458416 0.00013726743061372277 -0.0013803819169516758 -0.00056742389630503665
leaf_weight=1665017.3737045527 1107595.9027510881 1857230.9809724092 1303692.3677011728 3996074.5797554255 1093894.0667819977 1846579.440246582 1562165.5242919922 2711255.922193408 2034741.8592643738 2378433.2925879955 2027008.8109387159 2648305.6348444223 1070893.8433212042 1987752.2070869207
leaf_count=2169 1239 2256 1078 3053 911 1042 811 2300 2593 2465 1430 2269 1182 1847
internal_value=7.77266e-05 0.00152591 -0.00168588 -0.00444271 0.00542865 -0.0105536 0.000802982 0.00735325 0.00821168 0.00617245 0.00207764 0.00311756 -0.00830356 -0.00698356
internal_weight=2.92906e+07 2.5779e+07 1.41413e+07 8.16232e+06 1.16377e+07 3.5116e+06 3.4194e+06 8.21833e+06 7.12443e+06 4.41318e+06 5.97901e+06 4.67531e+06 4.16624e+06 3.09535e+06
internal_count=26645 23434 12098 7321 11336 3211 3067 8269 7358 5058 4777 3699 4268 3086
is_linear=0
shrinkage=0.03


Tree=5
num_leaves=15
num_cat=2
split_feature=10 13 2 16 13 1 2 0 11 0 16 13 2 11
split_gain=451334 357635 107383 79203.4 77188.8 52398.5 45630 36518.7 34618 33162.8 34515.6 28129.1 21350.3 18766
threshold=0.94660554909741312 0.99072696340569 1.0000000180025095e-35 0.056267559538562863 0.85157275299330004 13.500000000000002 2.5000000000000004 0 1.0481177777849275 1 0.055481574928382162 1.022048550829594 1.0000000180025095e-35 1.0481177777849275
decision_type=2 2 2 2 2 2 2 1 2 1 2 2 2 2
left_child=3 4 -3 -1 -2 9 7 -6 -8 -4 -11 -7 -9 -13
right_child=1 2 5 -5 6 11 8 12 -10 10 -12 13 -14 -15
leaf_value=-0.00040829328248318761 -0.0012623105813044529 -0.00027187135978813171 0.00059676308824553907 -0.0017860467580804017 -0.00051261627642074732 3.3433223398307499e-05 0.00036018192336884287 -0.00052422030866644629 -0.00040162812534553501 0.0013571592857620145 0.00047311691746145418 0.00069439909292721221 -2.4793940309103877e-05 0.00033692924402523521
leaf_weight=1119417.4187426567 1816783.0207532644 2031227.3864222765 2037056.6839997768 2639022.6957244873 1444307.625718832 1876148.2269515991 2569026.5522708893 1505189.7762793303 1518903.7918202877 1311888.8794976473 2767847.6347353458 2712611.3634266853 2251168.221542716 1753468.7525179386
leaf_count=1896 3004 1553 1410 1606 853 1226 2182 1097 1641 2475 1897 2268 1714 1800
internal_value=-0.000252733 0.00117273 0.0042772 -0.00996041 -0.00287796 0.00531997 -0.00177183 -0.00363603 0.000599816 0.00730103 0.0057401 0.00340933 -0.00207719 0.00470426
internal_weight=2.93541e+07 2.55956e+07 1.44902e+07 3.75844e+06 1.11054e+07 1.2459e+07 9.2886e+06 5.20067e+06 4.08793e+06 6.11679e+06 4.07974e+06 6.34223e+06 3.75636e+06 4.46608e+06
internal_count=26622 23120 12629 3502 10491 11076 7487 3664 3823 5782 4372 5294 2811 4068
cat_boundaries=0 1 2
cat_threshold=144 80
is_linear=0
shrinkage=0.03


Tree=6
num_leaves=15
num_cat=0
split_feature=10 14 13 10 14 16 2 9 10 1 2 1 2 10
split_gain=451937 384103 132647 125958 106759 94302.3 69349 49943.8 59785.5 32489.3 31573.4 29686.3 26670.5 29978.7
threshold=0.94660554909741312 0.94793288859221747 0.98962541196304199 1.0126286975463843 0.99069238779689206 0.058521633269240945 2.5000000000000004 78.500000000000014 1.0358161514028457 9.5000000000000018 1.5000000000000002 14.500000000000002 4.5000000000000009 1.0658413189851337
decision_type=2 2 2 2 2 2 2 2 2 2 2 2 2 2
left_child=5 2 9 6 10 -1 -3 -6 -9 -2 -5 -12 13 -10
right_child=1 3 -4 4 7 -7 -8 8 12 -11 11 -13 -14 -15
leaf_value=-0.0004646029607881475 -0.00029615188882237717 -0.00031049546272522526 0.00012045556723188815 -7.3614872961878135e-05 7.1243022055685466e-05 -0.0018299753588489182 0.00041946597906947458 0.0012269754556652099 0.00015154263925947501 -0.0010666577866621963 0.00057266127533937405 0.00011988832990116887 0.0016454227095529571 0.0011613645130301067
leaf_weight=1256361.466406703 1078844.2686223984 2538146.9345231056 2529763.8577868938 1855090.3136107922 1069654.1608593464 2454515.2598266602 2566623.1740152836 1945606.2824276686 1730404.8236358166 3560513.6100933552 1873955.3379764557 1674661.4678993225 1063133.6439430714 2115955.9020240307
leaf_count=1964 1647 1778 2209 1215 902 1465 2459 1687 1293 3021 1463 1242 1858 2283
internal_value=0.000108053 0.00152622 -0.00436592 0.00381781 0.00535254 -0.00967625 -0.000189337 0.00756964 0.00851041 -0.00737926 0.00210107 0.00375909 0.00674672 0.00558423
internal_weight=2.93132e+07 2.56024e+07 7.16912e+06 1.84332e+07 1.33285e+07 3.71088e+06 5.10477e+06 7.92475e+06 6.8551e+06 4.63936e+06 5.40371e+06 3.54862e+06 4.90949e+06 3.84636e+06
internal_count=26486 23057 6877 16180 11943 3429 4237 8023 7121 4668 3920 2705 5434 3576
is_linear=0
shrinkage=0.03


Tree=7
num_leaves=15
num_cat=2
split_feature=10 14 14 10 12 12 10 12 2 1 12 0 1 0
split_gain=419361 321115 105760 95901.2 87081.9 77937.5 62833.5 57097 39199.2 38718.6 38609.6 48244.1 32661 25010.2
threshold=0.94660554909741312 0.98710187378469316 0.92839959098897473 1.009035500706591 0.98613925267429281 1.0017672621402147 1.0064121020445238 0.98075970649359323 1.0000000180025095e-35 17.500000000000004 1.0081464412505341 0 9.5000000000000018 1
decision_type=2 2 2 2 2 2 2 2 2 2 2 1 2 1
left_child=4 2 7 5 -1 -3 -4 -2 -8 -10 -5 -12 -9 -14
right_child=1 3 6 10 -6 -7 8 12 9 -11 11 -13 13 -15
leaf_value=-0.0007075323057141598 -0.00010426237930942114 0.00077830865206817183 -0.00051149812758914247 0.00091970191147046256 -0.0021933719062893677 -0.00031474761986543544 -0.00027889871523752283 -0.00027092337400854929 0.00043087785373439056 -0.00011655449013488827 0.00090944761592993539 0.00029924160921305137 -0.0012712118435465156 -0.00091691120465992493
leaf_weight=1914440.8275841475 1036077.0221107006 1206011.0827875137 1398711.4714133739 2947705.6699700356 1752413.3950504065 2216947.9236221313 1370164.9118965864 1136436.9799928665 3736588.5046396255 1323043.4121365547 2628954.2695481777 3177744.6702417135 1260162.4539000988 2019094.4985146523
leaf_count=1898 787 1065 1116 2587 1518 1924 907 1728 2792 1179 3227 2765 691 2245
internal_value=7.67733e-05 0.001443 -0.00178338 0.0049616 -0.00940846 0.000703955 0.000450748 -0.00499148 0.0017043 0.00292326 0.00662633 0.00520683 -0.00647863 -0.00799751
internal_weight=2.91245e+07 2.54576e+07 1.32803e+07 1.21774e+07 3.66685e+06 3.42296e+06 7.82851e+06 5.45177e+06 6.4298e+06 5.05963e+06 8.7544e+06 5.8067e+06 4.41569e+06 3.27926e+06
internal_count=26429 23013 11445 11568 3416 2989 5994 5451 4878 3971 8579 5992 4664 2936
cat_boundaries=0 1 2
cat_threshold=356 280
is_linear=0
shrinkage=0.03


Tree=8
num_leaves=15
num_cat=0
split_feature=10 13 14 2 16 13 1 13 10 1 2 14 16 14
split_gain=392872 314306 179537 83313.4 75081.5 45394.5 40715.5 34687.5 33933.7 33235.9 24573 21292.5 20903.5 20457
threshold=0.91803706662057427 0.98962541196304199 0.93768177000603836 1.0000000180025095e-35 0.064391008892545815 1.061197350288499 17.500000000000004 0.92714722143700057 1.013600680214118 13.500000000000002 4.5000000000000009 0.99614958007291154 0.05516457443449433 0.81519309494764192
decision_type=2 2 2 2 2 2 2 2 2 2 2 2 2 2
left_child=4 2 13 -3 7 9 8 -1 -4 11 12 -5 -7 -2
right_child=1 3 6 5 -6 10 -8 -9 -10 -11 -12 -13 -14 -15
leaf_value=-5.5799334222544896e-05 -0.0013771454012322184 -0.00017290541845619721 -0.00041983781144404748 0.00021715325911017818 -0.0017247991348261769 0.00079959921636666949 -0.00040216186552258009 -0.0016774163963490087 0.00030072387230766152 0.00011816012881844218 0.0017315871588076631 0.00062286354367040088 0.00053234302525009868 -0.00072884271089750053
leaf_weight=786800.15683329105 1139455.4255582094 1991764.1739137173 1793116.5487065315 1869866.5508459806 1883408.0106201172 1359495.6053858995 1804197.012516737 817652.53726613522 3226748.2538561821 3550411.3966343403 1224137.1669126749 1667948.3512721062 2958320.4581604004 3051062.8687412739
leaf_count=988 1416 1555 1422 1302 1073 2439 1846 1119 2918 2399 2100 1192 1812 2874
internal_value=-0.000131046 0.00115415 -0.0026731 0.00403718 -0.00957749 0.00493645 0.000328319 -0.0048086 0.00171755 0.00334614 0.00697047 0.00540406 0.00590681 -0.00756077
internal_weight=2.91244e+07 2.56365e+07 1.10146e+07 1.46219e+07 3.48786e+06 1.26302e+07 6.82406e+06 1.60445e+06 5.01986e+06 7.08823e+06 5.54195e+06 3.53781e+06 4.31782e+06 4.19052e+06
internal_count=26455 23275 10476 12799 3180 11244 6186 2107 4340 4893 6351 2494 4251 4290
is_linear=0
shrinkage=0.03


Tree=9
num_leaves=15
num_cat=1
split_feature=13 14 11 14 11 16 2 2 0 1 1 16 2 1
split_gain=326430 124751 104555 110583 95029.9 42887.9 39140.8 43230.6 38788.7 35197.4 33534.6 25351.4 21855.7 19912.3
threshold=0.98962541196304199 0.9566951877467208 0.97657270501056159 0.99614958007291154 1.0008996729328536 0.066099849000144359 1.0000000180025095e-35 3.5000000000000004 0 17.500000000000004 13.500000000000002 0.069947367393446425 2.5000000000000004 13.500000000000002
decision_type=2 2 2 2 2 2 2 2 1 2 2 2 2 2
left_child=1 6 5 8 11 -2 -1 -8 -4 -6 -5 -3 -12 -10
right_child=2 4 3 10 9 -7 7 -9 13 -11 12 -13 -14 -15
leaf_value=-0.001077130443024677 5.4242039232076287e-05 -0.00028892739173961798 0.00043289860285965161 0.00084580811306686954 0.00039042400512084613 -0.0012550618246009789 -0.00038240757444238122 -0.0010199710927767665 7.5144927338537541e-05 -0.00034191900499449152 0.00014588538905509302 -0.0010166236136135438 0.00078964107453247567 -0.0002729625135154137
leaf_weight=1692246.7639315128 1321503.0102257729 1680675.6984717846 2673147.520848155 3539887.8776443005 3121018.0622167587 991238.90493774414 2812947.0784934759 2010950.822560668 1683924.4481922388 1115528.6103899479 1537977.1422827244 1198347.555847168 2189108.9389119148 1669493.1147863865
leaf_count=1429 1812 1818 2577 3586 2775 523 2447 2297 1115 1212 1164 663 2057 997
internal_value=5.92073e-06 -0.00338578 0.00296849 0.00399269 -0.000639405 -0.0029186 -0.00638479 -0.00500766 0.000988085 0.0022186 0.00648444 -0.00484502 0.00449834 -0.00116077
internal_weight=2.9238e+07 1.36317e+07 1.56063e+07 1.32935e+07 7.11557e+06 2.31274e+06 6.51614e+06 4.8239e+06 6.02657e+06 4.23655e+06 7.26697e+06 2.87902e+06 3.72709e+06 3.35342e+06
internal_count=26472 12641 13831 11496 6468 2335 6173 4744 4689 3987 6807 2481 3221 2112
cat_boundaries=0 1
cat_threshold=103
is_linear=0
shrinkage=0.03


Tree=10
num_leaves=15
num_cat=2
split_feature=10 14 12 10 14 12 0 12 1 1 10 12 0 14
split_gain=343031 312979 128866 105184 81163.4 56819.9 43202.3 50878 34620.1 31619.3 29944.5 59497.8 18456.3 13707.6
threshold=0.90675470765210653 0.99325377257379344 0.98159646488267815 1.009035500706591 0.91058912034072559 1.0017672621402147 0 1.0039311402383728 13.500000000000002 12.500000000000002 1.046044138653544 1.0281187774485046 1 1.054038708701446
decision_type=2 2 2 2 2 2 1 2 2 2 2 2 1 2
left_child=2 4 -1 5 10 -3 -6 -8 12 -9 -2 -12 -5 -10
right_child=1 3 -4 8 6 -7 7 9 13 -11 11 -13 -14 -15
leaf_value=-0.00046948008504952329 -0.0011931152499627434 0.00051090550794857163 -0.002892764231413384 0.00089611119993087112 0.00027079890555822985 -0.0014890783635738093 0.00015576436974411718 -7.0634206626549897e-05 0.00040201955597761962 -0.00049555644659619684 5.2864171168510329e-05 -0.00086705419645225542 0.00098174418205665653 0.0012977745504458948
leaf_weight=1777481.7112770081 1039559.8679702282 1311393.6488372087 1524867.7711679935 1681925.286863327 3556538.8127989769 2052569.737552166 2349320.9283095598 1815670.1648607254 2998768.0755801201 2507823.7713017464 1572371.9209272861 1837387.9148564339 1995811.5472052097 1073343.884126544
leaf_count=1778 1361 1128 1329 1463 3376 1888 1581 1335 2289 1614 1291 1834 2699 1498
internal_value=-5.83937e-05 0.00110719 -0.00916203 0.0049051 -0.00176835 0.000475281 -0.000297124 -0.00172047 0.00682794 -0.00365148 -0.00515083 -0.00379191 0.00893783 0.0049224
internal_weight=2.90948e+07 2.57925e+07 3.30235e+06 1.11138e+07 1.46787e+07 3.36396e+06 1.02294e+07 6.67281e+06 7.74985e+06 4.32349e+06 4.44932e+06 3.40976e+06 3.67774e+06 4.07211e+06
internal_count=26464 23357 3107 10965 12392 3016 7906 4530 7949 2949 4486 3125 4162 3787
cat_boundaries=0 1 2
cat_threshold=102 84
is_linear=0
shrinkage=0.03


Tree=11
num_leaves=15
num_cat=3
split_feature=10 14 10 12 9 11 14 2 14 0 12 2 0 0
split_gain=360597 259741 133039 99688.5 85770.2 82956.9 68073.8 65145.7 34998.7 40655.2 34496.9 31360.9 26019.6 25291.9
threshold=0.90675470765210653 0.94793288859221747 0.99694253062548166 0.98159646488267815 74.500000000000014 0.98543013854132477 0.99069238779689206 2.5000000000000004 0.81519309494764192 0 1.0053593290700693 1.5000000000000002 1 2
decision_type=2 2 2 2 2 2 2 2 2 1 2 2 1 1
left_child=3 5 7 -1 -4 -2 11 -3 -7 -10 -8 -6 -12 -13
right_child=1 2 4 -5 6 8 10 -9 9 -11 12 13 -14 -15
leaf_value=-0.00059098329976610897 0.00040562729202768809 -0.00067475445155549087 -0.00023666337397634655 -0.0027002839395023231 -6.5950926002663915e-05 -0.00127566079182517 0.00096962581674258285 0.00027186142740294125 -0.000602545375062377 -0.00022010315773812099 0.00092204837363947317 0.00051305888006947817 0.00035403407197785475 2.1388398913158913e-05
leaf_weight=1788000.6235795021 1057958.7932612896 1769833.5903126001 1565540.8411364555 1505951.0504801273 1894037.4471524954 1149812.9210535288 2794829.2189337015 1708099.2782270908 1967350.0810925961 3166240.1226066351 2452595.3319735527 2114905.8612123728 2963556.1672050953 1329550.1100720167
leaf_count=1747 902 1256 1267 1331 1228 1494 2575 1672 1026 3639 3034 1507 2674 1136
internal_value=-0.000104135 0.00108342 0.00296997 -0.00945409 0.00418726 -0.00369452 0.00495542 -0.00232034 -0.00500309 -0.00394346 0.00667002 0.00231825 0.00527318 0.00402331
internal_weight=2.92283e+07 2.59343e+07 1.85929e+07 3.29395e+06 1.5115e+07 7.34136e+06 1.35495e+07 3.47793e+06 6.2834e+06 5.13359e+06 8.21098e+06 5.33849e+06 5.41615e+06 3.44446e+06
internal_count=26488 23410 16349 3078 13421 7061 12154 2928 6159 4665 8283 3871 5708 2643
cat_boundaries=0 1 2 3
cat_threshold=24 356 118
is_linear=0
shrinkage=0.03


Tree=12
num_leaves=15
num_cat=2
split_feature=13 10 2 10 12 2 12 1 9 9 0 0 11 12
split_gain=297737 216048 94696.2 85816.2 59830.2 47591.5 49017 40251.9 36428.4 67314.5 32519.1 32459.3 28364.9 60995.1
threshold=0.98962541196304199 0.96771506909300131 1.0000000180025095e-35 0.83817355033030538 0.98603147315637651 1.0000000180025095e-35 0.98075970649359323 17.500000000000004 74.500000000000014 89.500000000000014 0 1 1.0015731347400096 1.0091514731206532
decision_type=2 2 2 2 2 2 2 2 2 2 1 1 2 2
left_child=3 -2 -3 -1 -4 -5 -7 12 -6 -10 -11 -9 -8 -14
right_child=1 2 4 5 8 6 7 11 9 10 -12 -13 13 -15
leaf_value=-0.0014495712388431241 -0.0016792360699675202 -0.00029975849774933108 0.0011533446772735976 -0.0005351722385366029 -0.00015318356171504388 0.00044072003885526722 -0.00064491657314216105 -0.00086267334081865086 0.0010531351957977406 0.00077383904894601512 0.00027736587536867036 -0.00043382148312345664 0.00056253978233129678 -0.00027115155142272288
leaf_weight=1279158.2232297659 1249402.7176513672 1978270.8862122297 1444664.9953930378 2616104.4310978651 1173013.6176384687 1337957.6374471188 1521072.7806164026 1115179.1123847961 1134779.9445679188 2810634.3586742878 5751782.9849636555 986501.26015663147 1024507.0538289547 3786014.2075010538
leaf_count=1306 1491 1509 1302 2081 894 993 1268 729 965 2663 5013 1644 915 3770
internal_value=-4.42159e-05 0.00279597 0.0038417 -0.00327428 0.00482041 -0.00251036 -0.00154819 -0.00239453 0.0040581 0.00466212 0.00375218 -0.00599193 -0.00120042 -7.13123e-05
internal_weight=2.9209e+07 1.55425e+07 1.42931e+07 1.36665e+07 1.23149e+07 1.23873e+07 9.77123e+06 8.43327e+06 1.08702e+07 9.6972e+06 8.56242e+06 2.10168e+06 6.33159e+06 4.81052e+06
internal_count=26543 13837 12346 12706 10837 11400 9319 8326 9535 8641 7676 2373 5953 4685
cat_boundaries=0 1 2
cat_threshold=69 28
is_linear=0
shrinkage=0.03


Tree=13
num_leaves=15
num_cat=3
split_feature=10 14 16 10 13 14 2 1 13 10 0 11 0 0
split_gain=286360 233793 104249 100509 99254.3 70261.6 44228.4 32569.2 31932.7 25972.6 24333.2 27042.3 23192.6 16832.4
threshold=0.90675470765210653 0.9776759709218189 0.058353498549022963 0.99694253062548166 0.98962541196304199 0.93650401968429875 2.5000000000000004 13.500000000000002 1.0744548180772988 1.0257916065140924 0 1.0540421388010814 1 2
decision_type=2 2 2 2 2 2 2 2 2 2 1 2 1 1
left_child=2 4 -1 6 5 12 -3 13 -9 -7 -6 -12 -2 -5
right_child=1 3 -4 7 10 9 -8 8 -10 -11 11 -13 -14 -15
leaf_value=-0.0001856473548228436 -0.0010111348498857329 -0.0004974704263717044 -0.0018319141944395884 0.00059706643858764628 0.00050754738963274622 -0.00040721801672218965 0.00035157619401451527 0.00024610220511434418 0.00099059148404818313 0.00010740604311634432 0.00022098731627523134 -0.00033977679774788671 -0.00059678267667836115 0.00063419665765641192
leaf_weight=1118992.0335924625 1683589.0291693211 1417099.0751302242 2252061.0555114746 1895522.956258893 1515828.6218492985 1291528.9955143929 1396319.7246892452 4027220.0263041258 1881510.5526213646 1665103.6118656397 1696285.6204910278 1471363.4986437559 2403136.6367850304 3447653.1986430883
leaf_count=1760 1416 1005 1358 1450 1303 975 1397 3054 2017 1341 1300 1224 2808 4069
internal_value=1.59e-05 0.00109063 -0.00820692 0.00369864 -0.00203745 -0.00428806 -0.00137296 0.00496673 0.00343189 -0.000765327 0.00134718 -0.000148695 -0.00683665 0.00666404
internal_weight=2.91632e+07 2.57922e+07 3.37105e+06 1.40653e+07 1.17268e+07 7.04336e+06 2.81342e+06 1.12519e+07 5.90873e+06 2.95663e+06 4.68348e+06 3.16765e+06 4.08673e+06 5.34318e+06
internal_count=26477 23359 3118 12992 10367 6540 2402 10590 5071 2316 3827 2524 4224 5519
cat_boundaries=0 1 2 3
cat_threshold=69 274 80
is_linear=0
shrinkage=0.03


Tree=14
num_leaves=15
num_cat=0
split_feature=10 14 13 16 10 14 12 13 13 10 16 12 11 12
split_gain=291490 227062 104557 98122.8 76598.5 62998.4 60059.4 37420.3 31082.3 30345.9 27434.7 25385.1 30559.5 24523
threshold=0.90675470765210653 0.98480013305751657 0.97249370231748167 0.065337552170939048 1.009035500706591 0.92839959098897473 1.0017672621402147 1.0437288525276693 0.92347215966364249 1.0239702552515217 0.066633989729168841 1.0081464412505341 1.0727301992088165 0.9880996573646984
decision_type=2 2 2 2 2 2 2 2 2 2 2 2 2 2
left_child=3 2 5 8 6 -2 -3 11 -1 -7 -8 -6 -13 -4
right_child=1 4 13 -5 7 9 10 -9 -10 -11 -12 12 -14 -15
leaf_value=0.0001817415773164367 -0.00088355782558142927 0.00043929215944966201 0.00040951178285277186 -0.001980541718210094 0.00070727624509488737 -0.00051987715178906566 4.0718059565715958e-05 0.00089946046263338813 -0.0012961618757230077 9.3628290987814606e-05 -0.00064661119763948123 -2.2163153706777721e-05 0.00062087064463320612 8.0136461575400456e-06
leaf_weight=781063.44228518009 3336630.9720184803 1436361.5959221125 1308168.0268433094 1736447.5986328125 1574467.172547698 1270732.0076227188 1199368.1674188375 4354562.563965559 782510.5860953331 1879462.1260128021 1131238.1339111328 1940756.1944031715 1078329.763884902 5302104.7369326353
leaf_count=994 3644 1229 869 994 1202 998 1515 4666 1097 1587 591 1554 1333 4297
internal_value=4.43908e-05 0.00111774 -0.00165464 -0.00835116 0.00397342 -0.00436049 0.000384682 0.0054842 -0.00289962 -0.00131782 -0.00258913 0.00359531 0.00198479 0.00100067
internal_weight=2.91122e+07 2.58122e+07 1.30971e+07 3.30002e+06 1.27151e+07 6.48683e+06 3.76697e+06 8.94812e+06 1.56357e+06 3.15019e+06 2.33061e+06 4.59355e+06 3.01909e+06 6.61027e+06
internal_count=26570 23485 11395 3085 12090 6229 3335 8755 2091 2585 2106 4089 2887 5166
is_linear=0
shrinkage=0.03


Tree=15
num_leaves=15
num_cat=0
split_feature=10 14 13 9 10 2 12 14 14 10 2 1 1 12
split_gain=264465 262303 98738.9 79755.8 79132.4 94811.7 76391.4 64399.9 42862.6 35504.9 28503.2 24040.3 20272.2 17905.5
threshold=0.94660554909741312 0.97261381920622114 0.98962541196304199 74.500000000000014 0.99694253062548166 2.5000000000000004 0.98159646488267815 0.91253551578178571 1.0171436463973118 1.0239702552515217 1.5000000000000002 15.500000000000002 10.500000000000002 1.0250886305132016
decision_type=2 2 2 2 2 2 2 2 2 2 2 2 2 2
left_child=6 2 7 -3 5 -5 -1 -2 10 -9 -6 -12 -10 -4
right_child=1 3 13 4 8 -7 -8 9 12 -11 11 -13 -14 -15
leaf_value=-0.00038697231228714847 -0.00096204959564029683 -0.00029804086062069077 0.00019982034054754328 -0.00072970421301725788 1.6372961545140532e-05 0.00061617516355251111 -0.0017251620683640416 -0.00060460975436140698 0.0011364964614916494 -0.00036014945668199803 0.00068343003391602728 0.00028192165374021851 0.00085296057812887793 -0.00013677888870240471
leaf_weight=1810333.1083850861 3145048.9538896084 1547125.0623378754 2396983.9695709944 1267832.1589838266 1981403.03893888 1237752.1825165749 1900544.447917819 1257573.994001627 1429340.834438324 2250408.4877948761 2605348.4995322227 1643632.6702232361 3196715.5840321779 1737315.7236988544
leaf_count=1774 3299 1188 1951 919 1210 1214 1692 1014 2394 1876 1973 1260 3351 1506
internal_value=-0.000104201 0.000976931 -0.00258639 0.00355513 0.00430176 -0.000503888 -0.00759065 -0.00484895 0.00541086 -0.00205422 0.00378657 0.00517222 0.00759847 0.00105458
internal_weight=2.94074e+07 2.56965e+07 1.07873e+07 1.49092e+07 1.3362e+07 2.50558e+06 3.71088e+06 6.65303e+06 1.08564e+07 3.50798e+06 6.23038e+06 4.24898e+06 4.62606e+06 4.1343e+06
internal_count=26621 23155 9646 13509 12321 2133 3466 6189 10188 2890 4443 3233 5745 3457
is_linear=0
shrinkage=0.03


Tree=16
num_leaves=15
num_cat=3
split_feature=10 2 16 12 0 11 0 10 0 16 12 12 12 1
split_gain=279501 146090 114510 68969.1 63089.3 62599.1 82160.6 62460.5 36364.8 31805.2 27575.4 35829.9 31938.1 26319
threshold=0.90675470765210653 1.0000000180025095e-35 0.065337552170939048 1.0081464412505341 0 1.016828407656591 1 1.0147528084570501 2 0.060641964681954132 1.0365083271516857 1.0173151576393422 1.0671690946621852 13.500000000000002
decision_type=2 2 2 2 1 2 1 2 1 2 2 2 2 2
left_child=2 9 -1 4 -3 -5 10 -6 -9 -2 11 -7 -12 -8
right_child=1 3 -4 5 7 6 13 8 -10 -11 12 -13 -14 -15
leaf_value=-0.00039167974598373315 -0.00052288203789583394 -2.5911424690923806e-05 -0.0020448746021924295 -0.00046333130176683102 0.0002287885940765049 0.00017133087797159999 0.0001604358695929512 0.00064925503091774043 0.00096998609163985699 -0.00025553407293266514 -0.00015105242207402988 0.001136926990751414 0.000631322769158408 -0.00030422234652078428
leaf_weight=1618130.2446836233 1870199.1608016491 2159638.3353723288 1720535.9533996582 1778870.2056565285 2541412.3256897926 964052.43015313148 2726359.3836125135 1655032.5751129389 2141061.6425030231 2695753.26171875 1217094.2605409622 1785238.5339148045 1507810.660148859 2997962.418586731
leaf_count=2139 2240 1878 976 1776 2155 1055 2312 1405 1654 1330 1578 2127 1860 2069
internal_value=3.95774e-05 0.00108732 -0.00813248 0.00212344 0.00422453 0.000747724 0.00157816 0.00573354 0.00817043 -0.00378575 0.00420584 0.00632561 0.00206712 -0.000934721
internal_weight=2.93792e+07 2.60405e+07 3.33867e+06 2.14745e+07 8.49714e+06 1.29774e+07 1.11985e+07 6.33751e+06 3.79609e+06 4.56595e+06 5.4742e+06 2.74929e+06 2.7249e+06 5.72432e+06
internal_count=26554 23439 3115 19869 7092 12777 11001 5214 3059 3570 6620 3182 3438 4381
cat_boundaries=0 1 2 3
cat_threshold=260 357 9
is_linear=0
shrinkage=0.03


Tree=17
num_leaves=15
num_cat=2
split_feature=13 10 14 10 14 2 2 2 16 1 14 0 0 11
split_gain=239750 147949 105478 94887.1 71158.9 66626.5 47056 60631.2 39536.7 27915.1 23734.1 23414.4 21355.1 18213.4
threshold=0.98962541196304199 0.96293023917017251 0.95289656704802284 0.99547996673316497 1.0067046735049967 1.0000000180025095e-35 1.0000000180025095e-35 4.5000000000000009 0.069947367393446425 13.500000000000002 0.99069238779689206 0 1 1.0257794414340189
decision_type=2 2 2 2 2 2 2 2 2 2 2 1 1 2
left_child=2 -2 6 8 5 -3 -1 -8 -4 -6 -5 -11 -7 -14
right_child=1 4 3 10 9 12 7 -9 -10 11 -12 -13 13 -15
leaf_value=-0.00097446239652339674 -0.001348512851748225 -0.00048231579001194083 -0.00027054965338343132 1.8102481736502547e-05 0.00083796555773731388 0.00065714602962588242 -0.00025086527738359398 -0.0017018746753002297 -0.0009725513113391489 0.00068443800043557475 0.00053409973896090496 0.00014813929714042339 0.00034222880363335862 -1.7362264785167307e-05
leaf_weight=1590507.3274942636 1139017.5645039082 1401619.262365818 1557515.7243584394 2595360.9824703932 3124477.4310979843 2129887.3265920877 3590813.5170173645 1009167.5976970196 1190241.350769043 1724209.2655949593 2157219.5377748013 1543674.2823705673 2077669.9802025557 2436295.8088436127
leaf_count=1344 1292 928 1721 1880 3441 1737 3165 1421 669 1679 2491 1337 1464 1971
internal_value=0.000134649 0.0026802 -0.00276157 -0.000369301 0.0035014 0.00162408 -0.00566002 -0.00412202 -0.00480702 0.00586422 0.00219642 0.00392572 0.00287801 0.00170968
internal_weight=2.92677e+07 1.55769e+07 1.36908e+07 7.50034e+06 1.44378e+07 8.04547e+06 6.19049e+06 4.59998e+06 2.74776e+06 6.39236e+06 4.75258e+06 3.26788e+06 6.64385e+06 4.51397e+06
internal_count=26540 13849 12691 6761 12557 6100 5930 4586 2390 6457 4371 3016 5172 3435
cat_boundaries=0 1 2
cat_threshold=369 70
is_linear=0
shrinkage=0.03


Tree=18
num_leaves=15
num_cat=3
split_feature=13 2 3 11 14 0 14 12 11 14 0 0 11 11
split_gain=228484 106569 85732.2 96423.1 56308.4 52860.3 40972.7 36045.6 57379.3 60669.3 57554.2 48300.4 32552.4 28170.6
threshold=1.0437288525276693 1.0000000180025095e-35 1.5000000000000002 0.97755348269850095 0.95101795393994237 0 0.94793288859221747 0.98603147315637651 1.01278369294476 0.93768177000603836 1 2 0.97657270501056159 1.0344887901146891
decision_type=2 2 2 2 2 1 2 2 2 2 1 1 2 2
left_child=1 6 7 -4 -5 -2 -1 -3 10 -10 -9 -11 -7 -13
right_child=5 2 3 4 -6 12 -8 8 9 11 -12 13 -14 -15
leaf_value=-0.00080853640485139622 0.00077528733286522252 0.00044718512661060992 -0.003245224903853258 -0.00092230392602633403 0.00025169873700432743 -0.00044188337657454939 -0.00038169032408403588 -0.00066979910829360304 -0.00042987515974715097 -2.5241622582306175e-05 3.2868702638195766e-05 0.00096950704342414621 0.00048092575130731274 0.00043776404295359353
leaf_weight=1812970.9720531702 2980706.3681092262 2427926.5813544989 1059503.7589280605 838872.64332509041 1829618.1191703081 917716.34280335903 2375243.0042207241 1510259.7648911476 2263139.2223558426 2091788.8481087685 1562826.7732762098 1199950.8593879938 4483966.1233904362 1887942.0886727571
leaf_count=1520 2824 1633 1383 1292 2347 1144 1503 740 2082 928 1396 907 4968 1860
internal_value=5.99773e-05 -0.00162103 -0.000546287 -0.00455491 -0.00151478 0.00424325 -0.00589919 0.00060825 -0.000152444 0.0012715 -0.00360116 0.00306187 0.00247354 0.00544622
internal_weight=2.92424e+07 2.086e+07 1.66718e+07 3.72799e+06 2.66849e+06 8.38239e+06 4.18821e+06 1.29438e+07 1.05159e+07 7.44282e+06 3.07309e+06 5.17968e+06 5.40168e+06 3.08789e+06
internal_count=26527 17591 14568 5022 3639 8936 3023 9546 7913 5777 2136 3695 6112 2767
cat_boundaries=0 1 2 3
cat_threshold=81 84 24
is_linear=0
shrinkage=0.03


Tree=19
num_leaves=15
num_cat=1
split_feature=10 13 2 16 12 14 10 1 3 12 0 16 16 12
split_gain=258000 184837 98110.5 75243.8 55571.3 79089.2 70028.2 45448.2 37452.4 35901 32115 36092.3 28904.2 26461.2
threshold=0.86883337326258692 1.0437288525276693 1.0000000180025095e-35 0.065337552170939048 0.98244423354187715 0.92683527085931527 0.99547996673316497 17.500000000000004 1.0000000180025095e-35 1.0073531584289153 0 0.05516457443449433 0.059925944433296623 1.0053593290700693
decision_type=2 2 2 2 2 2 2 2 2 2 1 2 2 2
left_child=3 2 12 -1 -4 8 -7 9 -6 -8 13 -12 -2 -3
right_child=1 10 4 -5 5 6 7 -9 -10 -11 11 -13 -14 -15
leaf_value=-0.00068286961982342751 -0.00074468871554173803 0.00094607255210619459 0.00044995924119041383 -0.0021450838025467117 -0.0002409625822389522 -0.00040417711039655721 0.00062954584761886043 -0.00013902766017325404 -0.0012251896966119877 0.00022530463252575227 0.0010790301848476068 0.00022242666082870105 -0.0003209799325262306 0.00047124487229332763
leaf_weight=1133932.5224746466 1508368.9285330772 1134824.9773454666 1844590.86326015 1217412.0600891113 1771552.9989277124 2368418.4053976536 1719391.5819712877 2042443.791410923 985752.71355605125 4429929.1076414585 1617715.5371272564 3488568.7526342869 2261987.3047790527 1756283.0603483915
leaf_count=1605 1658 948 1299 762 1691 1841 1148 2033 1388 3624 3267 2474 1084 1744
internal_value=6.66731e-05 0.000898778 -0.000716586 -0.00946338 0.000360344 -0.000315593 0.000865749 0.00217935 -0.00484 0.00346716 0.00472287 0.00329237 -0.00504734 0.00724939
internal_weight=2.92812e+07 2.69298e+07 1.89324e+07 2.35134e+06 1.51621e+07 1.33175e+07 1.05602e+07 8.19176e+06 2.75731e+06 6.14932e+06 7.99739e+06 5.10628e+06 3.77036e+06 2.89111e+06
internal_count=26566 24199 15766 2367 13024 11725 8646 6805 3079 4772 8433 5741 2742 2692
cat_boundaries=0 1
cat_threshold=81
is_linear=0
shrinkage=0.03


Tree=20
num_leaves=15
num_cat=3
split_feature=10 14 12 13 14 10 12 16 0 1 12 10 0 0
split_gain=256767 179119 110453 86637.7 60553.8 56397.5 50470.7 42726.4 36055.5 33094.2 32801.1 30694.3 26665.1 22388.8
threshold=0.90675470765210653 0.99614958007291154 0.98159646488267815 0.97249370231748167 0.93892460339467232 1.013600680214118 0.9880996573646984 0.059014050135174294 0 11.500000000000002 1.0081464412505341 1.0850035725096141 1 2
decision_type=2 2 2 2 2 2 2 2 1 2 2 2 1 1
left_child=2 3 -1 4 12 7 -5 -3 -8 -10 13 -12 -2 -7
right_child=1 5 -4 6 -6 10 8 -9 9 -11 11 -13 -14 -15
leaf_value=-0.00041552719765299966 -0.00090031012307357746 0.00063486627348343402 -0.0024321615848617406 0.00049206750970489526 -7.0192157808826141e-05 0.0011011879077099842 0.00025632150017038693 -0.00015558504296502796 9.8873549460821812e-05 -0.00033084469886515152 0.00023044032741306793 0.00096760581166092626 -0.00056379707570526627 0.00076910757887400233
leaf_weight=1781267.0112546682 1180202.6815592051 1421327.0885683298 1567374.748437047 1470599.7261250019 3345766.0686849356 1042654.8707147837 2184553.1937711239 2251594.3695373535 1705690.5904248953 2748027.4574854374 3027674.9581466913 1793469.9133741856 2631490.8310943842 1097620.6289765835
leaf_count=1749 864 2012 1355 969 2668 894 1791 1252 1387 1992 2743 2448 3135 1171
internal_value=-0.000162587 0.000848089 -0.00797984 -0.00123412 -0.00363963 0.00383724 0.000889158 0.00082951 -0.00022483 -0.00177329 0.00542415 0.00405208 -0.00622488 0.00851485
internal_weight=2.92493e+07 2.59007e+07 3.34864e+06 1.52663e+07 7.15746e+06 1.06343e+07 8.10887e+06 3.67292e+06 6.63827e+06 4.45372e+06 6.96142e+06 4.82114e+06 3.81169e+06 2.14028e+06
internal_count=26430 23326 3104 12806 6667 10520 6139 3264 5170 3379 7256 5191 3999 2065
cat_boundaries=0 1 2 3
cat_threshold=70 18 242
is_linear=0
shrinkage=0.03


Tree=21
num_leaves=15
num_cat=2
split_feature=10 13 12 2 12 13 1 12 0 11 0 16 2 16
split_gain=235997 150901 89363 53990.2 54207.7 46415.5 40124.5 34732.5 54672.3 36224.9 25267.1 24100.8 17951.5 18900.7
threshold=0.90675470765210653 0.98962541196304199 0.98159646488267815 1.0000000180025095e-35 0.98603147315637651 0.81006121639996953 13.500000000000002 1.0039311402383728 0 1.016828407656591 1 0.082150628621246377 1.5000000000000002 0.059014050135174294
decision_type=2 2 2 2 2 2 2 2 1 2 1 2 2 2
left_child=2 5 -1 -3 -5 -2 12 10 -9 -10 -7 -8 -6 -14
right_child=1 3 -4 4 6 7 11 8 9 -11 -12 -13 13 -15
leaf_value=-0.00038053943980001997 -0.001325443378553973 -0.00023675202298622676 -0.0023415990489055244 0.00099923161695517808 0.00052564154052093994 0.00043698686462323536 0.0002482073910640471 -0.00050771507758109568 -0.00070985392128305991 0.00013332729574502708 -0.00017389675123139425 -0.00021532228362050007 0.0006754486944699176 0.00023232466820479448
leaf_weight=1763877.4610571861 1106284.5893143415 2089995.7298324108 1540931.2756336927 1493457.6938519478 1197513.9665535688 1460520.7469075918 4524320.2463128567 2678041.2812418938 1009271.8431850672 3429406.6623343229 1497202.0436717272 1280228.5967311859 1891020.0858706236 2379784.8495633602
leaf_count=1729 2268 1587 1341 1354 907 803 4139 1721 844 3591 1372 691 2819 1452
internal_value=-9.71556e-05 0.00086138 -0.00764901 0.00284268 0.00357443 -0.00177126 0.00286289 -0.00113073 -0.00226631 -0.000223871 0.00160164 0.00112569 0.00470691 0.00379673
internal_weight=2.93419e+07 2.6037e+07 3.30481e+06 1.48563e+07 1.27663e+07 1.11807e+07 1.12729e+07 1.00744e+07 7.11672e+06 4.43868e+06 2.95772e+06 5.80455e+06 5.46832e+06 4.2708e+06
internal_count=26618 23548 3070 12949 11362 10599 10008 8331 6156 4435 2175 4830 5178 4271
cat_boundaries=0 1 2
cat_threshold=152 56
is_linear=0
shrinkage=0.03


Tree=22
num_leaves=15
num_cat=2
split_feature=10 14 16 13 10 14 12 14 0 0 16 10 1 13
split_gain=213279 181544 89395.9 81350.3 55155.8 53350 47510 37886.8 30018.8 27106.5 23777.3 16359.5 16156.1 12141.1
threshold=0.99694253062548166 0.9925975254525472 0.058521633269240945 0.97493813005198982 0.90675470765210653 0.93768177000603836 1.0091514731206532 1.0097580670986954 0 1 0.0862256971107183 0.96293023917017251 13.500000000000002 1.0047919176943925
decision_type=2 2 2 2 2 2 2 2 1 1 2 2 2 2
left_child=2 3 7 5 -4 9 -5 -1 -8 -2 12 -9 -3 -14
right_child=1 10 4 6 -6 -7 8 11 -10 -11 -12 -13 13 -15
leaf_value=-0.00049934800928556834 -0.00097020838011417025 0.00073849675611519698 -0.0015236455686719716 0.00042752349689211802 -0.00042219620589656131 -1.6043702515526473e-05 0.0002740942451278198 6.3805509741659435e-05 -0.00026348513432166326 -0.0005322102487632668 0.00010912020079584122 0.00085179523905065592 0.00023781756810092839 0.00062637667473097313
leaf_weight=1370770.8346791267 1089431.3414601088 3494834.0933033228 2233617.2007751465 2611713.7549898624 2520224.2334594727 2705300.986281991 2005987.0530086756 595747.97183787823 2305349.2075532675 2316425.9883179665 1317632.4991518259 620613.36500549316 1279352.3426148891 2781706.7639894485
leaf_count=1809 776 4370 1362 1779 1481 2134 1666 1170 1752 2781 656 896 1268 2662
internal_value=-8.22535e-05 0.00140068 -0.00450777 -0.000852627 -0.00695002 -0.00337521 0.00137412 -2.01513e-05 -0.000560168 -0.00587338 0.00471052 0.00383381 0.00535902 0.00407213
internal_weight=2.92487e+07 2.19077e+07 7.34097e+06 1.30342e+07 4.75384e+06 6.11116e+06 6.92305e+06 2.58713e+06 4.31134e+06 3.40586e+06 8.87353e+06 1.21636e+06 7.55589e+06 4.06106e+06
internal_count=26562 19844 6718 10888 2843 5691 5197 3875 3418 3557 8956 2066 8300 3930
cat_boundaries=0 1 2
cat_threshold=71 18
is_linear=0
shrinkage=0.03


Tree=23
num_leaves=15
num_cat=2
split_feature=10 14 14 13 16 12 14 0 12 12 10 0 12 11
split_gain=219854 185919 73311.9 73399.6 71756.2 45232.9 39605.4 37077.5 35293.1 26476.9 25272.4 23471.8 23361.5 21657.2
threshold=0.99694253062548166 1.0067046735049967 0.93131592582655343 0.99766403289603123 0.066633989729168841 1.0252236949159943 0.98644033392861885 0 1.0053593290700693 1.024112885485482 0.94660554909741312 1 1.0073531584289153 1.0702650376535423
decision_type=2 2 2 2 2 2 2 1 2 2 2 1 2 2
left_child=4 2 3 5 6 -2 -1 13 -9 -10 -8 -3 -13 -4
right_child=1 11 7 -5 -6 -7 10 8 9 -11 -12 12 -14 -15
leaf_value=-0.00063027368566137608 -0.00041469760731139405 0.00073305558421937398 0.00021070295161904081 0.00017510803574766526 -0.00088747622555746647 -0.00085323350825068764 -0.00037167364925640286 0.00024223776765582749 -0.00033551061228027641 2.6610417165781947e-05 0.00059553549404166978 0.0011864566141302725 0.00030317027801418368 0.00097729207540969395
leaf_weight=1520472.8019737005 2056784.733494997 3042749.134637475 2009225.6520357132 1645919.4618053436 3535101.9631347656 1698204.7934126854 1037262.7950799465 2465270.1205797195 1883597.5829726458 2277954.3109594584 1246113.295052886 1129606.2729678154 2449707.7609012127 1274304.4976278543
leaf_count=1785 1927 3240 1743 1474 1997 1855 1465 1483 1222 1567 1461 1269 2832 1319
internal_value=-8.20247e-05 0.0014219 -0.000394548 -0.00320654 -0.00457667 -0.00552199 -0.00171695 0.00113792 -0.000153745 -0.00183882 0.000781019 0.00562181 0.003975 0.00374475
internal_weight=2.92723e+07 2.19333e+07 1.53113e+07 5.40091e+06 7.33895e+06 3.75499e+06 3.80385e+06 9.91035e+06 6.62682e+06 4.16155e+06 2.28338e+06 6.62206e+06 3.57931e+06 3.28353e+06
internal_count=26639 19931 12590 5256 6708 3782 4711 7334 4272 2789 2926 7341 4101 3062
cat_boundaries=0 1 2
cat_threshold=102 464
is_linear=0
shrinkage=0.03


Tree=24
num_leaves=15
num_cat=0
split_feature=10 13 14 10 12 9 10 10 12 3 12 14 1 12
split_gain=195747 118272 82076.2 62736.5 60810.6 57287.6 60035.5 57490.8 56604.9 33738.3 30961.1 26147.1 21526.3 25424.8
threshold=0.86883337326258692 1.0659168810329069 0.92683527085931527 1.0126286975463843 1.0017672621402147 76.500000000000014 1.0449516634702618 1.0658413189851337 0.98075970649359323 1.0000000180025095e-35 1.0017672621402147 1.0032777294000772 17.500000000000004 1.0137025498423149
decision_type=2 2 2 2 2 2 2 2 2 2 2 2 2 2
left_child=-1 2 8 4 -4 -5 -7 -8 -2 -10 -3 -6 13 -12
right_child=1 10 3 5 11 6 7 -9 9 -11 12 -13 -14 -15
leaf_value=-0.0012345641580566473 0.00018204819080580334 0.00095767776689504799 0.000182953371290943 -0.00038318727526852488 -0.00071296444724135654 0.00053816219561825262 -0.00025494910094859532 0.00029638221860024553 -0.0003550311429442219 -0.0013763857626203097 -2.422481184717497e-05 -0.00022678373418070236 -5.9776607998843097e-05 0.00080411659842889672
leaf_weight=2334783.6069763899 1077797.164613843 1623967.8389003277 2194362.0277994871 1257903.9709479809 1517419.4539996386 3881296.3567550182 1737691.3213994503 3550671.2359182835 3038727.0517506599 1098415.8282183409 974870.61142790318 1525509.2590138912 1069024.3273992538 2304770.7240797281
leaf_count=2377 736 1895 1547 935 1061 2700 1188 3572 2734 1469 861 1196 1477 2702
internal_value=-0.000155656 0.000568787 -0.000496068 0.000589178 -0.00208972 0.00193467 0.00275825 0.000678665 -0.00375598 -0.00535127 0.00429142 -0.00483487 0.00297147 0.00417653
internal_weight=2.91872e+07 2.68524e+07 2.08798e+07 1.56649e+07 5.23729e+06 1.04276e+07 9.16966e+06 5.28836e+06 5.21494e+06 4.13714e+06 5.97263e+06 3.04293e+06 4.34867e+06 3.27964e+06
internal_count=26450 24073 17138 12199 3804 8395 7460 4760 4939 4203 6935 2257 5040 3563
is_linear=0
shrinkage=0.03


Tree=25
num_leaves=15
num_cat=2
split_feature=13 10 14 10 10 12 12 14 3 0 0 16 2 11
split_gain=172313 80210.1 82770.8 63764.3 59480.8 51047 44318.3 40576.1 36459.8 35789.8 32554.2 29186.5 27241.8 26214.9
threshold=1.0437288525276693 0.86883337326258692 0.92839959098897473 0.98441456963735618 0.99694253062548166 0.98075970649359323 1.0017672621402147 1.010522322190589 1.0000000180025095e-35 0 1 0.082905232067444642 1.0000000180025095e-35 1.0201167971050777
decision_type=2 2 2 2 2 2 2 2 2 1 1 2 2 2
left_child=1 -1 5 -2 6 -3 -4 9 12 -6 -5 -12 -7 -11
right_child=3 2 4 10 7 8 -8 -9 -10 13 11 -13 -14 -15
leaf_value=-0.0011112150083746998 -0.00049008946772293599 8.982621957136935e-05 5.6778569660296281e-05 0.00075047321800974175 0.0006144887757585138 -0.00067392022273215916 -0.00088170051050069523 0.00053932547392388777 -0.0013180131970220654 0.00011873700310592547 0.00064398952679908274 -0.00012724362647119643 -0.00016849675214806407 -0.00012877878745146603
leaf_weight=2080239.8663728237 1087655.5486875772 1079610.2636795044 1492184.1056754589 1989370.0863677263 1566113.725155592 1110930.932061553 1825328.8702789545 2469301.2618793249 1081719.4610596895 2390717.3935689926 4279263.715341568 973714.54237604141 1848842.2589403391 4195663.8449627161
leaf_count=1900 1420 733 1012 1617 1758 981 1408 2761 1455 1382 5303 596 1723 2596
internal_value=9.46547e-05 -0.0013453 -0.000734825 0.0037491 0.000463445 -0.00399644 -0.00304312 0.00155865 -0.0055445 0.000538185 0.00476627 0.00352848 -0.00382189 -0.000431085
internal_weight=2.94707e+07 2.11407e+07 1.90604e+07 8.33e+06 1.39393e+07 5.1211e+06 3.31751e+06 1.06218e+07 4.04149e+06 8.15249e+06 7.24235e+06 5.25298e+06 2.95977e+06 6.58638e+06
internal_count=26645 17709 15809 8936 10917 4892 2420 8497 4159 5736 7516 5899 2704 3978
cat_boundaries=0 1 2
cat_threshold=98 80
is_linear=0
shrinkage=0.03


Tree=26
num_leaves=15
num_cat=3
split_feature=10 13 11 9 11 12 12 0 11 3 0 0 12 12
split_gain=196747 122323 71544.5 59964.3 70757.3 46162.1 74563.3 53829.5 59015 29596.2 46621.7 27706.5 26444.4 22941.6
threshold=0.94660554909741312 1.0437288525276693 0.88726764062237595 74.500000000000014 1.1671507471139435 1.0703241224694275 1.0335218718495895 0 0.9847744481008941 1.0000000180025095e-35 1 2 1.0222447880274059 1.0053593290700693
decision_type=2 2 2 2 2 2 2 1 2 2 1 1 2 2
left_child=2 3 -1 -2 5 6 7 -5 -9 -10 -11 13 -13 -3
right_child=1 11 -4 4 -6 -7 -8 8 9 10 -12 12 -14 -15
leaf_value=-0.0003731022919325061 -0.00059940874805340021 0.00074669310764667639 -0.0016039238737051793 0.00076863098911438292 -0.00075671820992142581 0.00055654849417672561 -0.00049570349055990011 0.00054637520193297781 -0.00019740563461201463 -0.00032054799302151806 0.00060015095809271099 0.00055112507073676504 -0.00018170348181171083 0.00044493251186521052
leaf_weight=1682267.2979658842 1521631.7328441143 1483774.5693645477 2022636.4976274967 1524924.9735240936 1280394.8401734829 1340002.1133358479 2288217.7025922537 1526652.1533420086 5747693.0950111151 1258800.8294016123 1353068.6114569902 1947365.514586091 1346851.3864684105 2905603.3292939663
leaf_count=1660 1314 1272 1783 1475 1302 1309 2204 1280 3675 1130 1244 2165 1480 3098
internal_value=-0.00019536 0.000742346 -0.0066557 -0.000620541 -8.94719e-05 0.000486906 -3.29128e-05 0.000958188 0.000148946 -0.00084158 0.00180642 0.00390699 0.00182748 0.00546763
internal_weight=2.92299e+07 2.5525e+07 3.7049e+06 1.78414e+07 1.63198e+07 1.50394e+07 1.36994e+07 1.14111e+07 9.88621e+06 8.35956e+06 2.61187e+06 7.68359e+06 3.29422e+06 4.38938e+06
internal_count=26391 22948 3443 14933 13619 12317 11008 8804 7329 6049 2374 8015 3645 4370
cat_boundaries=0 1 2 3
cat_threshold=66 268 117
is_linear=0
shrinkage=0.03


Tree=27
num_leaves=15
num_cat=0
split_feature=10 2 9 14 10 11 10 11 16 1 9 13 1 2
split_gain=162502 114695 64707.7 62472.6 77897.2 53238.8 49940.6 45103 42487.5 42101.4 35884.5 28952.6 28009.9 23346.8
threshold=0.86883337326258692 1.0000000180025095e-35 74.500000000000014 0.94793288859221747 0.98553520411782791 0.98543013854132477 1.022958258627247 1.0540421388010814 0.06858641399137054 9.5000000000000018 87.500000000000014 0.98159233739680662 11.500000000000002 3.5000000000000004
decision_type=2 2 2 2 2 2 2 2 2 2 2 2 2 2
left_child=8 6 -3 5 -5 -4 -2 -8 -1 -7 -6 -11 13 -12
right_child=1 2 3 4 10 9 7 -9 -10 11 12 -13 -14 -15
leaf_value=-0.00051243000674752455 -0.00070133825987213415 -0.00031292433614804957 0.00051956441317139383 -0.00036737791511751822 0.0008247830296437273 0.00027111360547794964 0.00019247874061125705 -0.00056580189862319831 -0.0018491967029870499 -0.00077369737687955084 0.00032730488893861829 -5.7075386044477572e-05 0.00026564291960642363 0.0007748628862146291
leaf_weight=1310006.9291085005 1596938.0930999517 1843805.5785542727 1311213.1286891699 2080575.6192218065 1407059.5785880089 1108217.3764420748 1434331.2504472733 1631246.7969820499 1050782.6374206543 1887932.3864305019 2453185.5370187759 1309072.8541686535 7369902.5845540762 1470757.4538503885
leaf_count=1710 1147 1649 1000 1937 1177 1603 1031 1451 667 1690 2084 1061 6045 2144
internal_value=0.000142716 0.000804923 0.00170175 0.00218825 0.00321165 -0.000505158 -0.00347324 -0.00123232 -0.00740399 -0.00211708 0.0040931 -0.00386376 0.00353024 0.00557775
internal_weight=2.9265e+07 2.69042e+07 2.22417e+07 2.03979e+07 1.47815e+07 5.61644e+06 4.66252e+06 3.06558e+06 2.36079e+06 4.30522e+06 1.27009e+07 3.19701e+06 1.12938e+07 3.92394e+06
internal_count=26396 24019 20390 18741 13387 5354 3629 2482 2377 4354 11450 2751 10273 4228
is_linear=0
shrinkage=0.03


Tree=28
num_leaves=15
num_cat=3
split_feature=10 13 2 7 10 10 10 0 11 0 0 1 16 11
split_gain=145042 115774 64109.7 44576.6 37613 37589.4 35706.7 35081.2 31510.9 61384.2 47872.9 38953.8 25806.3 23560.4
threshold=0.80264756421392891 1.0690629589621599 1.0000000180025095e-35 1.0000000180025095e-35 1.0239702552515217 0.99451885417014119 1.0958369012820295 0 0.99677933585499845 1 2 15.500000000000002 0.082150628621246377 1.0165661152875569
decision_type=2 2 2 2 2 2 2 1 2 1 1 2 2 2
left_child=-1 2 4 8 -2 -5 -7 -3 9 -4 11 -10 -9 -12
right_child=1 7 3 5 -6 6 -8 12 10 -11 13 -13 -14 -15
leaf_value=-0.0016617601778430929 -0.00064891916499062216 0.0008573872641340093 0.00068662776731961864 -0.0017110306807041015 -0.00013159701028698227 0.00018365958640140288 -0.00072665059997968704 0.00063787671582835124 2.2023532723491804e-05 -0.00011454926975250164 -0.00024049649052489483 -0.0005117846744248462 -0.00034184690796550441 0.0003239103559628439
leaf_weight=1136303.979902029 1612138.5658279657 1433105.2432076931 2101851.0148631334 893498.28808307648 2588726.6499372721 2123379.0503773689 866721.0144892931 3533008.0126079321 2785955.6045337915 1515845.7971893549 1255143.8585191965 1908575.8690443039 780914.5476462841 4653414.9336645603
leaf_count=1358 1062 1359 1239 1073 1929 2529 1368 5041 1558 1161 1045 949 515 4250
internal_value=0.000307066 0.000732689 -0.000245586 0.000529156 -0.00358448 -0.00231942 -0.000706023 0.00452955 0.00130708 0.00372471 0.000482204 -0.00177928 0.00317857 0.00227902
internal_weight=2.91886e+07 2.80523e+07 2.23053e+07 1.81044e+07 4.20087e+06 3.8836e+06 2.9901e+06 5.74703e+06 1.42208e+07 3.6177e+06 1.06031e+07 4.69453e+06 4.31392e+06 5.90856e+06
internal_count=26436 25078 18163 15172 2991 4970 3897 6915 10202 2400 7802 2507 5556 5295
cat_boundaries=0 1 2 3
cat_threshold=17 154 152
is_linear=0
shrinkage=0.03


Tree=29
num_leaves=15
num_cat=1
split_feature=13 2 3 12 12 14 14 16 16 0 12 13 16 14
split_gain=159030 58921.5 69190 46272.6 59417 38667.6 38659.5 31857.2 29704.1 25519.7 21346.3 14951.5 47162.9 31833.2
threshold=1.061197350288499 1.0000000180025095e-35 1.5000000000000002 0.98603147315637651 0.99977566849591148 0.99614958007291154 0.91443092205121779 0.059925944433296623 0.079397016934599399 0 0.98159646488267815 1.2344120048382761 0.062316929962483197 1.033928317361464
decision_type=2 2 2 2 2 2 2 2 2 1 2 2 2 2
left_child=1 7 3 -3 -5 9 -4 -1 -8 -6 -2 13 -13 -12
right_child=10 2 6 4 5 -7 8 -9 -10 -11 11 12 -14 -15
leaf_value=-0.00061052268724097133 0.001140622693109952 0.00044332506636818547 -0.0016034886189067493 -0.00063962291995761883 -0.00019096921198174301 0.00030694763749708817 -0.00011473191455984966 -0.0002438956338622576 -0.00074884902794456636 9.412811341356736e-05 0.00031107381013810106 0.0012025919340475676 -0.0011056349595958222 0.00081197595782370429
leaf_weight=1729753.4779102802 866025.54214644432 2582651.5203255415 770877.97221529484 1421188.7860894203 2606384.6907333136 3827309.6148996353 2255679.4634430408 2614430.8305664062 998694.96725296974 3843557.0136443377 3109515.0233010054 444336.45433688164 428890.81152939796 1678887.6792412996
leaf_count=1895 1134 1735 1092 906 1096 2808 3455 1268 818 3752 2740 1635 407 1731
internal_value=-2.01093e-05 -0.00120908 -0.00046371 0.00051546 -0.000286904 0.000508157 -0.00393768 -0.00435006 -0.00250677 -0.000909351 0.00410554 0.00343458 -0.000175568 0.00409293
internal_weight=2.91782e+07 2.26505e+07 1.83063e+07 1.42811e+07 1.16984e+07 1.02773e+07 4.02525e+06 4.34418e+06 3.25437e+06 6.44994e+06 6.52766e+06 5.66163e+06 873227 4.7884e+06
internal_count=26472 18825 15662 10297 8562 7656 5365 3163 4273 4848 7647 6513 2042 4471
cat_boundaries=0 1
cat_threshold=24
is_linear=0
shrinkage=0.03


Tree=30
num_leaves=15
num_cat=2
split_feature=10 13 2 12 10 9 13 12 2 0 2 1 10 0
split_gain=127883 88348.7 52415.4 54363.2 110474 49184.7 33873.4 30013.2 38833 34106.2 28051.7 27452.7 26503.5 26490.8
threshold=0.80264756421392891 1.0690629589621599 1.0000000180025095e-35 0.98603147315637651 0.95679863267342224 74.500000000000014 0.97249370231748167 1.0331847365990243 2.5000000000000004 0 4.5000000000000009 15.500000000000002 1.0411906669980231 1
decision_type=2 2 2 2 2 2 2 2 2 1 2 2 2 1
left_child=-1 2 -2 -4 -5 -6 7 8 -7 -9 13 -8 -12 -3
right_child=1 10 3 4 5 6 11 9 -10 -11 12 -13 -14 -15
leaf_value=-0.0018082203473986371 -0.00034471230830046329 0.00053034990934945571 0.00042757378058294279 -0.0016167728751876448 -0.00049896406819700399 -0.00025439959320275047 0.00034719526615405063 5.9528761884961882e-05 0.00044838271871918924 -0.00098741898405933673 0.00063067938337897937 -8.63707605179484e-06 0.0021120191915793055 0.00010073833185002925
leaf_weight=1148473.6799393892 4133577.5914891958 1634921.4396332502 2809751.9193657637 1173116.6297618151 1427681.1173753738 1524418.4021399021 4578048.86792171 861350.85042405128 1808210.7926558256 1006496.9688339233 576111.94402360916 2913808.5793759823 584834.72291588783 2962821.2138887644
leaf_count=1397 3013 2050 2133 948 1209 1227 3211 1356 2050 967 987 2083 1046 2774
internal_value=-5.34208e-05 0.000349088 -0.00050856 0.000187437 -0.000517233 0.000217714 0.000811546 -0.00104863 0.000657585 -0.00409286 0.00366079 0.00210279 0.00782761 0.00260865
internal_weight=2.91436e+07 2.79952e+07 2.22365e+07 1.81029e+07 1.52931e+07 1.412e+07 1.26923e+07 5.20048e+06 3.33263e+06 1.86785e+06 5.75869e+06 7.49186e+06 1.16095e+06 4.59774e+06
internal_count=26451 25054 18197 15184 13051 12103 10894 5600 3277 2323 6857 5294 2033 4824
cat_boundaries=0 1 2
cat_threshold=357 113
is_linear=0
shrinkage=0.03


Tree=31
num_leaves=15
num_cat=2
split_feature=14 10 9 16 2 3 9 2 16 11 0 0 11 10
split_gain=140430 171055 69027.2 60510.9 42642.7 69915.5 33721.8 41464 40942 30247.4 23167.7 21582.7 21082.2 63013.8
threshold=0.94793288859221747 0.99451885417014119 74.500000000000014 0.056267559538562863 1.0000000180025095e-35 1.0000000180025095e-35 87.500000000000014 1.5000000000000002 0.082905232067444642 0.97193150850967303 0 1 1.0339549670663619 1.0658413189851337
decision_type=2 2 2 2 2 2 2 2 2 2 1 1 2 2
left_child=4 3 -3 -2 -1 11 -4 10 12 -5 -8 -6 -9 -14
right_child=1 2 6 9 5 -7 7 8 -10 -11 -12 -13 13 -15
leaf_value=-0.0007510885145182942 0.00027970452088597571 -0.00029674931851808177 0.0007444556720664602 -0.0012362873462911806 0.00024350797374678726 -0.0006840059944210003 0.00017508570491164398 0.00071016032271921511 -2.8072294735111078e-05 -0.00027821908953398912 -0.00019212111345122651 -0.00023087060157646539 -0.00011234660638117068 0.00072457738102690633
leaf_weight=1989115.0622025728 1646102.8508323431 1586931.3810639381 1659754.4963623285 1830102.0158233643 2070522.2210546732 2664220.9064270258 1991473.5518785715 3165354.0349854231 1569937.034580946 1803950.2323608398 1956412.7723540068 1661341.6005647182 1394504.6634770632 2264454.7221319675
leaf_count=1704 2581 1262 1380 1145 1755 3049 1403 3001 860 1050 1484 1496 1386 2977
internal_value=0.000169182 0.00148672 0.00306744 -0.00318011 -0.00310989 -0.00191683 0.0037395 0.00319961 0.00439209 -0.00534157 0.000664068 0.000733335 0.005397 0.00384611
internal_weight=2.92542e+07 2.0869e+07 1.55888e+07 5.28016e+06 8.3852e+06 6.39608e+06 1.40019e+07 1.23421e+07 8.39425e+06 3.63405e+06 3.94789e+06 3.73186e+06 6.82431e+06 3.65896e+06
internal_count=26533 18529 13753 4776 8004 6300 12491 11111 8224 2195 2887 3251 7364 4363
cat_boundaries=0 1 2
cat_threshold=368 213
is_linear=0
shrinkage=0.03


Tree=32
num_leaves=15
num_cat=2
split_feature=13 2 3 11 12 0 12 12 14 0 16 11 16 14
split_gain=118918 59227.4 61874.4 73948 39421.1 41420 70721.1 39284.9 35799.9 31132.9 28679 32575.9 25655.3 23444.7
threshold=1.061197350288499 1.0000000180025095e-35 1.5000000000000002 0.98059644709439753 0.98603147315637651 0 1.0131860351239512 1.0071326926472344 0.93997663549076893 1 0.054614443413379128 1.0524009772156184 0.059925944433296623 0.9857165625866009
decision_type=2 2 2 2 2 1 2 2 2 1 2 2 2 2
left_child=1 12 4 -4 -3 6 -6 -7 -5 -2 -11 -12 -1 -9
right_child=9 2 3 8 5 7 -8 13 -10 10 11 -13 -14 -15
leaf_value=-0.00061523501321151825 0.00077782760554849473 0.00045217087944542371 -0.0027136002605034825 -0.0007470354836350805 -0.00036265027532593659 0.00070387600123776627 6.9361605931724408e-05 -0.00018281917958786034 0.00017925559672551659 0.0010109604723719202 -7.5772971959912666e-05 0.00065171764965450761 -0.00022880723413636956 0.00029661435638347265
leaf_weight=1730508.5536288023 954396.79031383991 2537129.0637725592 1117971.0883309841 749401.89866757393 2367501.2148419619 1668073.9607880116 2235859.3554496765 3024316.4964985847 2101043.484048605 1631350.4967073202 2340607.7307839394 1589081.5893204212 2575003.2907409668 2372561.7266807556
leaf_count=1878 664 1709 1438 1181 1007 1379 1071 2982 2675 4049 1675 1297 1255 2116
internal_value=0.000153209 -0.000881133 -0.000131619 -0.00344348 0.000793578 5.66491e-05 -0.00215766 0.00149945 -0.000878787 0.00372186 0.00286274 0.00147465 -0.00404488 0.000255746
internal_weight=2.89948e+07 2.24794e+07 1.81739e+07 3.96842e+06 1.42054e+07 1.16683e+07 4.60336e+06 7.06495e+06 2.85045e+06 6.51544e+06 5.56104e+06 3.92969e+06 4.30551e+06 5.39688e+06
internal_count=26376 18691 15558 5294 10264 8555 2078 6477 3856 7685 7021 2972 3133 5098
cat_boundaries=0 1 2
cat_threshold=20 16
is_linear=0
shrinkage=0.03


Tree=33
num_leaves=15
num_cat=3
split_feature=10 14 2 13 14 10 14 0 1 10 16 0 10 0
split_gain=128620 141160 100277 56444.8 51452.2 41631.7 29552.9 27274.3 21892.1 21395.7 17634.6 14938.3 14509.5 14027.3
threshold=0.94660554909741312 0.94793288859221747 3.5000000000000004 0.98962541196304199 1.0067046735049967 1.0126286975463843 0.81519309494764192 0 13.500000000000002 0.99694253062548166 0.065075257163764486 1 1.0658413189851337 2
decision_type=2 2 2 2 2 2 2 1 2 2 2 1 2 1
left_child=2 3 -1 6 5 -3 -2 -7 9 -6 -10 -11 -9 -8
right_child=1 4 -4 -5 8 7 13 12 10 11 -12 -13 -14 -15
leaf_value=-0.00014062565952230251 -0.0012361380653059363 -0.00021759609703737097 -0.0032098114599701626 6.6292025213026011e-05 0.00014871927995274996 -4.9409223382145613e-05 -0.00017389015544130282 0.00014442697423882223 0.00067701625254488161 0.0006142416918111359 5.9811029019908642e-05 0.00063412442947573407 0.0005265915490996545 -0.0004488449710342967
leaf_weight=2381344.1427364349 1111725.6145120859 2450321.7160582542 1363933.4791250229 2574673.6354281902 909850.34265089035 2683849.4822098017 1497200.1867824793 3018856.4287048578 2104001.8555967808 993090.62898373604 2254361.3748395443 2054782.2286815643 1826431.9501041174 2121371.3300513029
leaf_count=1907 1370 1702 1552 2256 905 1960 1820 1790 2839 955 1424 2879 1720 1532
internal_value=-3.53321e-05 0.000724329 -0.00522793 -0.00280113 0.00213196 0.000679661 -0.00474668 0.00178506 0.00387475 0.00549002 0.00240796 0.00669519 0.00312889 -0.00343233
internal_weight=2.93458e+07 2.56005e+07 3.74528e+06 7.30497e+06 1.82955e+07 9.97946e+06 4.7303e+06 7.52914e+06 8.31609e+06 3.95772e+06 4.35836e+06 3.04787e+06 4.84529e+06 3.61857e+06
internal_count=26611 23152 3459 6978 16174 7172 4722 5470 9002 4739 4263 3834 3510 3352
cat_boundaries=0 1 2 3
cat_threshold=265 272 484
is_linear=0
shrinkage=0.03


Tree=34
num_leaves=15
num_cat=4
split_feature=10 14 12 0 10 10 14 1 0 0 1 0 1 13
split_gain=141780 107605 73789.4 73084 71214.4 61190.2 50594.8 46357 37661.8 36153.2 34806 29489.8 22281.2 18920.4
threshold=0.80264756421392891 1.0067046735049967 0.98603147315637651 0 1.0126286975463843 0.97979788898686204 0.94793288859221747 9.5000000000000018 1 2 15.500000000000002 3 15.500000000000002 1.1013760515969071
decision_type=2 2 2 1 2 2 2 2 1 1 2 1 2 2
left_child=-1 2 3 -2 8 -3 7 -6 -4 -8 -11 -9 -7 -14
right_child=1 5 4 -5 6 12 9 11 -10 10 -12 -13 13 -15
leaf_value=-0.0016467846121455034 0.00063962661237120606 -0.00034730349730715805 -0.00022715302981870836 -0.00021250392872063326 0.00012875149356726283 0.00061419622411828623 0.00054574629682136431 -0.00016440028252561598 -0.0007238567016657119 0.00017739954613932819 -0.00027934438721149854 -0.00073948522070457746 4.0541194615156947e-05 0.00083838318746889983
leaf_weight=1144771.3762004375 1777436.563449502 1656425.4734885693 1286002.6444678307 1547893.7033486366 1320322.2027286291 4549667.7224462032 2383274.4447053671 1601397.857131958 2498329.0662055016 2564396.4856784344 1764673.4450235367 2094193.7451605797 2114492.7100031376 947545.96267318726
leaf_count=1369 1227 1705 1600 1129 1769 4957 2183 1414 1453 1665 1078 1797 1949 1300
internal_value=6.78291e-05 0.000489349 -0.000812672 0.00324266 -0.00168199 0.00313577 -0.000527362 -0.00280676 -0.00526035 0.00117595 -0.000457655 -0.00453061 0.0042729 0.00229441
internal_weight=2.92508e+07 2.81061e+07 1.88379e+07 3.32533e+06 1.55126e+07 9.26813e+06 1.17283e+07 5.01591e+06 3.78433e+06 6.71234e+06 4.32907e+06 3.69559e+06 7.61171e+06 3.06204e+06
internal_count=26595 25226 15315 2356 12959 9911 9906 4980 3053 4926 2743 3211 8206 3249
cat_boundaries=0 1 2 3 4
cat_threshold=181 419 102 325
is_linear=0
shrinkage=0.03


Tree=35
num_leaves=15
num_cat=2
split_feature=10 14 2 10 12 14 0 12 1 0 12 2 10 10
split_gain=132706 123826 75017.4 42911.1 73324.9 37840 36142 45722.2 34450.4 26817.5 26098.2 23267.9 27334.7 59165.6
threshold=0.90675470765210653 0.9925975254525472 3.5000000000000004 1.0076829688863238 1.0017672621402147 0.85033606218380209 0 1.0039311402383728 17.500000000000004 1 1.0331847365990243 4.5000000000000009 1.0850035725096141 1.0358161514028457
decision_type=2 2 2 2 2 2 1 2 2 1 2 2 2 2
left_child=2 5 -1 4 -3 9 -7 -8 10 -2 -9 12 13 -5
right_child=1 3 -4 11 -6 6 7 8 -10 -11 -12 -13 -14 -15
leaf_value=-0.00024074132679424918 -0.00019586849537802362 0.00046897873758932587 -0.003050410464061651 0.0004886619193414112 -0.00037689059849648702 0.00021861278041430501 0.00010470192354948149 -3.3263461274834792e-05 -0.00066600158677979624 -0.00094309106868468203 -0.00039885066550064891 0.00095238471822881856 0.00085974730952252968 -7.4864079651468249e-05
leaf_weight=2083821.7053819895 1089636.9524483681 1337024.5889877081 1266489.4869798422 2489624.3292067051 1912754.741981864 3157435.3774899244 3042354.6938896179 2920946.8100601435 1490113.0467386246 1112678.0106706619 1789449.9823918343 1530257.4176505804 1564336.2465535402 2489201.8262221813
leaf_count=1675 1244 1144 1442 1743 1792 3224 2150 1902 1301 1219 1315 2520 1869 1956
internal_value=-0.000230931 0.000495153 -0.00584961 0.00284961 -6.12622e-05 -0.00133055 -0.000686963 -0.00163358 -0.00311158 -0.00495429 -0.00185385 0.00402132 0.00324246 0.00215556
internal_weight=2.92761e+07 2.59258e+07 3.35031e+06 1.13232e+07 3.24978e+06 1.46026e+07 1.24003e+07 9.24286e+06 6.20051e+06 2.20231e+06 4.7104e+06 8.07342e+06 6.54316e+06 4.97883e+06
internal_count=26496 23379 3117 11024 2936 12355 9892 6668 4518 2463 3217 8088 5568 3699
cat_boundaries=0 1 2
cat_threshold=100 248
is_linear=0
shrinkage=0.03


Tree=36
num_leaves=15
num_cat=4
split_feature=13 2 3 11 0 0 11 1 0 11 11 0 14 11
split_gain=84488.1 49949.5 49335.6 50524.2 33205.9 31934 27333.2 41664.1 37715.7 26337.4 32444.9 23004.6 21827.6 19120.4
threshold=1.0437288525276693 1.0000000180025095e-35 1.5000000000000002 0.95791355267053857 0 1 0.9569913468292458 17.500000000000004 2 1.01278369294476 1.0305996897562559 3 0.98411750405571041 1.012201310103076
decision_type=2 2 2 2 1 1 2 2 1 2 2 1 2 2
left_child=1 11 6 -4 -5 -2 -3 8 -8 -10 -11 -1 -9 -7
right_child=5 2 3 4 -6 13 7 12 9 10 -12 -13 -14 -15
leaf_value=-0.00017719176217571785 0.00048886883928063517 0.00045515284934185559 -0.0029849478179804195 0.00019756273409186621 -0.00062910093871170261 -0.00023734703662959143 0.00053644472692269453 -0.00051023326216294523 -0.00044019607366421222 0.0004399132243771803 -9.2085050712384375e-05 -0.00080109432111150015 -5.4312461318450079e-05 0.00032266527784421945
leaf_weight=2494420.9983936548 3339085.9834878445 2319055.2465111017 830489.82045209408 1305179.4300386906 1538889.2416800261 1647817.7754421234 1581250.7793680429 1380541.5449371338 2004649.4697542191 1541629.2534708977 3055390.4727458954 1589686.0161161423 1161711.6191043854 3277296.913834095
leaf_count=1679 3834 1574 1100 1692 2175 1852 1333 1234 1265 858 2312 1318 978 3184
internal_value=-8.85577e-05 -0.00110799 -0.000381426 -0.0034519 -0.00155097 0.00247758 0.000483527 -0.000155047 0.000887163 -0.000109626 0.00114168 -0.00408225 -0.00350968 0.000942057
internal_weight=2.90671e+07 2.08029e+07 1.67188e+07 3.67456e+06 2.84407e+06 8.2642e+06 1.30442e+07 1.07252e+07 8.18292e+06 6.60167e+06 4.59702e+06 4.08411e+06 2.54225e+06 4.92511e+06
internal_count=26388 17518 14521 4967 3867 8870 9554 7980 5768 4435 3170 2997 2212 5036
cat_boundaries=0 1 2 3 4
cat_threshold=113 113 66 372
is_linear=0
shrinkage=0.03


Tree=37
num_leaves=15
num_cat=3
split_feature=10 14 12 10 14 12 1 10 0 9 0 1 14 0
split_gain=114574 99828.3 74889 70367 61783.8 47786.2 41679.2 40581.7 36304.4 33610.1 30095.1 21840.8 24137.4 18885.9
threshold=0.80264756421392891 1.0097580670986954 0.98244423354187715 0.99547996673316497 0.91058912034072559 0.95818454082904669 17.500000000000004 0.98441456963735618 0 89.500000000000014 1 13.500000000000002 1.033928317361464 2
decision_type=2 2 2 2 2 2 2 2 1 2 1 2 2 1
left_child=-1 2 5 -4 10 -2 9 -3 -8 -6 -5 -9 -13 -11
right_child=1 7 3 4 6 -7 8 11 -10 13 -12 12 -14 -15
leaf_value=-0.0015592068304301552 -1.2243613771520156e-05 -0.00012727636373348374 -0.0008552229386688282 -0.00018226863441635983 0.00050125958682607265 0.00058477822216247157 -0.00049728494937962837 0.00061524186018918885 5.8077672112649329e-05 0.00036200201851099769 -0.00079696549157531242 -2.7929579326821805e-05 0.00059439264037768394 -6.0730883929256623e-05
leaf_weight=1147797.603634119 1491945.450876832 2003927.7164592743 2425727.7273691893 1880707.8586860895 1692025.4409664869 1582711.6228380203 1170156.4890594482 3111379.6447736025 1358650.5002155304 2209890.3639529943 1451116.9795360565 1544477.4778137207 1988573.69272089 4128756.955745101
leaf_count=1368 1217 1927 2054 1947 1273 896 599 3930 1696 1916 1584 1119 2428 2530
internal_value=9.06791e-05 0.000470962 -0.000724451 -0.00153373 -0.000710478 0.00357037 0.000413369 0.00315136 -0.00294538 0.00147102 -0.00427226 0.00427994 0.00266585 0.000468285
internal_weight=2.91878e+07 2.804e+07 1.93917e+07 1.6317e+07 1.38913e+07 3.07466e+06 1.05595e+07 8.64836e+06 2.52881e+06 8.03067e+06 3.33182e+06 6.64443e+06 3.53305e+06 6.33865e+06
internal_count=26484 25116 15712 13599 11545 2113 8014 9404 2295 5719 3531 7477 3547 4446
cat_boundaries=0 1 2 3
cat_threshold=24 205 102
is_linear=0
shrinkage=0.03


Tree=38
num_leaves=15
num_cat=2
split_feature=10 12 10 14 12 10 12 14 0 0 13 12 11 11
split_gain=115922 96578.4 120977 91184.2 82031 42723.8 53032.9 42443.2 44209 37611.7 35335.6 30029.8 22044.5 19134.5
threshold=0.80264756421392891 0.98124154101434635 0.90675470765210653 0.9086172557266351 0.95818454082904669 1.0850035725096141 1.032817921528111 1.0046522558627082 0 1 0.99163492319233237 1.0073531584289153 1.0149762260337312 1.1507531914413449
decision_type=2 2 2 2 2 2 2 2 1 1 2 2 2 2
left_child=-1 4 -3 10 -2 6 7 8 11 -7 -4 -5 -10 -11
right_child=1 2 3 5 -6 9 -8 -9 12 13 -12 -13 -14 -15
leaf_value=-0.0014998810566510918 5.8631359015519396e-05 -0.0015741617014280427 -0.00068674577655446136 0.00086361191634762931 0.00093014108208991884 0.0010184057703448983 -0.00037161672552303489 0.0003735596101094465 -0.00035191095637508122 0.00039652091482224262 -2.1499558529479962e-05 -2.6099166378440351e-05 -1.1595425247439663e-05 -0.00016753046824835311
leaf_weight=1135886.5500929356 1910480.1027702093 1453601.9323661327 2438485.1416244507 1095029.0465193987 1665845.9854415655 1305619.9108878374 2483223.0249255896 5460852.6070706844 2117720.132433176 2017404.8946313858 915322.54989731312 1379433.1595674753 2910408.7912125587 1036522.635838151
leaf_count=1379 1849 1145 2790 1002 1083 1344 2224 4985 1280 2508 955 1264 1654 1175
internal_value=0.000220456 0.000599072 -7.02657e-05 0.000456646 0.0052057 0.00123125 0.000491034 0.00126038 -0.000204116 0.00385397 -0.00411785 0.00307859 -0.00181962 0.00203197
internal_weight=2.93258e+07 2.81899e+07 2.46136e+07 2.316e+07 3.57633e+06 1.98062e+07 1.54467e+07 1.29634e+07 7.50259e+06 4.35955e+06 3.35381e+06 2.47446e+06 5.02813e+06 3.05393e+06
internal_count=26637 25258 22326 21181 2932 17436 12409 10185 5200 5027 3745 2266 2934 3683
cat_boundaries=0 1 2
cat_threshold=234 68
is_linear=0
shrinkage=0.03


Tree=39
num_leaves=15
num_cat=3
split_feature=14 16 2 3 2 13 0 16 11 0 14 11 0 11
split_gain=91326.5 62746.9 39322.6 40240.4 33600.2 37640.4 29844.3 28521.8 26905.3 24814.4 24724.3 21122.8 44226.1 26332.8
threshold=0.98480013305751657 0.066413331616518564 1.0000000180025095e-35 1.0000000180025095e-35 2.5000000000000004 0.99766403289603123 0 0.063220076633974567 1.0144223363856211 1 0.95289656704802284 1.01278369294476 2 1.0201167971050777
decision_type=2 2 2 2 2 2 1 2 2 1 2 2 1 2
left_child=2 11 7 4 5 9 -3 -1 -8 -4 -5 12 -2 -13
right_child=1 6 3 10 -6 -7 8 -9 -10 -11 -12 13 -14 -15
leaf_value=-0.00061342460674448376 0.00057057831025155922 -0.00025344411485305656 -0.00096436903389565643 -0.00053955914939286353 0.00042968704418089911 0.00029762685686624712 -0.00017925640691641954 -0.00022442657308364741 0.00032461368291965086 4.7211522010522643e-05 -7.2405784360292844e-06 0.001022996213085724 -0.00038589183620607744 0.00047584539909274146
leaf_weight=1676291.9120215178 2060042.8711843491 2580771.7993774414 1646138.9296033382 2886004.888184309 2077305.3020569086 1626075.2173038721 1789547.8310852051 1691025.3734741211 2241820.7578202486 1404377.1195123196 1810975.581413269 744235.40070331097 1312869.900047183 3657151.7561488152
leaf_count=1744 2237 1173 846 3276 1555 1177 1035 788 1534 1564 1689 730 1996 5239
internal_value=0.00018285 0.00188546 -0.00147015 -0.000632104 0.000850978 -0.000559286 -0.000262868 -0.00432 0.00134974 -0.00252431 -0.00276466 0.00371264 0.00192632 0.00508155
internal_weight=2.92046e+07 1.43864e+07 1.48182e+07 1.14509e+07 6.7539e+06 4.67659e+06 6.61214e+06 3.36732e+06 4.03137e+06 3.05052e+06 4.69698e+06 7.7743e+06 3.37291e+06 4.40139e+06
internal_count=26583 13944 12639 10107 5142 3587 3742 2532 2569 2410 4965 10202 4233 5969
cat_boundaries=0 1 2 3
cat_threshold=14 28 59
is_linear=0
shrinkage=0.03


Tree=40
num_leaves=15
num_cat=4
split_feature=10 13 12 10 0 1 10 9 0 2 10 12 0 0
split_gain=114430 67772.7 38797.1 105126 53881.2 42072.5 59375.6 51105.3 43524.5 35845.7 90845.4 86075.4 39583.7 31488.5
threshold=0.80264756421392891 1.0674750536828765 0.98603147315637651 0.91803706662057427 0 17.500000000000004 1.0658413189851337 89.500000000000014 1 2.5000000000000004 1.0126286975463843 1.0331847365990243 2 3
decision_type=2 2 2 2 1 2 2 2 1 2 2 2 1 1
left_child=-1 2 4 -4 -2 7 8 -5 -7 10 -9 -11 -12 -3
right_child=1 13 3 5 -6 6 -8 9 -10 11 12 -13 -14 -15
leaf_value=-0.0014147622834501674 0.00057966356183236059 0.00081992539197988182 -0.0013542964440572643 0.00047027923587226458 -0.00022833171949686768 -0.00070291732742380308 0.00023462576604627462 -0.00076827398219565899 -0.00019837990068591953 0.0004608412371229366 0.00018784923491259141 -0.0003782285087256034 -0.00016863449042113526 0.0003250688097067458
leaf_weight=1144850.1837766171 1878847.7300748825 843916.12683999538 1322872.8489711285 2540794.637370348 1531397.265775919 1469586.1299972534 1316347.7099773884 1525541.4534260035 1308414.7256228924 3116057.1427019835 1685295.3569579124 1988227.7290711403 2642961.4734464884 5094561.5406491756
leaf_count=1376 1322 608 918 1990 1208 963 1628 994 1552 2498 1045 2008 1994 6483
internal_value=0.000113284 0.0004899 -0.000267726 -0.000798719 0.00267761 -0.000185457 -0.00284927 0.000622506 -0.00533613 -0.000266333 -0.00186855 0.00157115 0.000350206 0.00333827
internal_weight=2.94097e+07 2.82648e+07 2.23263e+07 1.89161e+07 3.41024e+06 1.75932e+07 4.09435e+06 1.34989e+07 2.778e+06 1.09581e+07 5.8538e+06 5.10428e+06 4.32826e+06 5.93848e+06
internal_count=26587 25211 18120 15590 2530 14672 4143 10529 2515 8539 4033 4506 3039 7091
cat_boundaries=0 1 2 3 4
cat_threshold=181 84 336 16
is_linear=0
shrinkage=0.03


Tree=41
num_leaves=15
num_cat=3
split_feature=13 14 12 11 12 0 11 0 1 11 14 0 16 16
split_gain=68520 46087.6 40888.4 39757.9 52749.7 45060.9 41858 61400 35760.8 31259.9 30050.8 27771.8 21461.7 20761
threshold=1.0690629589621599 0.93131592582655343 0.98075970649359323 1.0142450752632377 0.99227196909529336 0 1.0201167971050777 1 9.5000000000000018 0.9255113813882313 0.85033606218380209 2 0.065587605489676196 0.068187999090089851
decision_type=2 2 2 2 2 1 2 1 2 2 2 1 2 2
left_child=1 2 -1 4 9 -6 -5 -8 -4 -3 -10 -2 -13 -9
right_child=11 3 8 6 5 -7 7 13 10 -11 -12 12 -14 -15
leaf_value=0.00011255002325458885 0.00066628845978086997 -0.00036297853273013612 2.6150369147207463e-05 0.00053801766987623695 -0.00012612923179745097 -0.0010295427228623948 0.00048537249210827321 8.4722054100598902e-06 -0.0012517248353751524 0.000571928063388072 -0.00039049721624172495 0.00057694009339813175 -2.1696611072943023e-05 -0.00024175908470383479
leaf_weight=1624884.9314715862 1095421.8979824781 1178524.0426489115 1111125.8296723366 1495662.4615182877 3186618.1221219301 1699527.3569737673 3562260.3077050447 2515806.2091798782 1190297.4484872818 1523628.3205370903 2290671.809666872 2639720.7323843241 2071009.4540429115 1966478.6947937012
leaf_count=1198 1484 1274 1656 954 2167 1329 4008 1979 1090 1068 1899 4293 1367 772
internal_value=9.65831e-05 -0.000628756 -0.00284125 0.000174293 -0.00144632 -0.0033064 0.00146333 0.000606497 -0.00428848 0.00191714 -0.0057842 0.00301304 0.0020125 -0.00173001
internal_weight=2.91516e+07 2.33455e+07 6.21698e+06 1.71285e+07 7.5883e+06 4.88615e+06 9.54021e+06 8.04455e+06 4.5921e+06 2.70215e+06 3.48097e+06 5.80615e+06 4.71073e+06 4.48228e+06
internal_count=26538 19394 5843 13551 5838 3496 7713 6759 4645 2342 2989 7144 5660 2751
cat_boundaries=0 1 2 3
cat_threshold=186 355 48
is_linear=0
shrinkage=0.03


Tree=42
num_leaves=15
num_cat=2
split_feature=10 14 16 10 11 14 10 0 11 10 1 9 0 14
split_gain=94939.1 68562.8 52315.9 40074.5 38144.1 40822.8 37690.8 40649.3 37152.3 38454.2 33381.6 31647.4 65773.6 21980.8
threshold=0.86883337326258692 1.0067046735049967 0.06858641399137054 0.97979788898686204 0.96422914078869548 0.81519309494764192 1.0821230818239316 0 1.0502959332616639 1.0126286975463843 13.500000000000002 84.500000000000014 1 1.0445772495972367
decision_type=2 2 2 2 2 2 2 1 2 2 2 2 1 2
left_child=2 4 -1 -3 -2 -6 8 -8 9 -7 -5 -11 -13 -12
right_child=1 3 -4 10 5 6 7 -9 -10 11 13 12 -14 -15
leaf_value=-0.00020449694575268437 0.00036695044762010662 -0.00030858067654548552 -0.0019048825845014593 0.00051597853895233138 -0.00062006939980679509 -0.00032598617254986752 0.00058321439064524584 -3.8380511243791267e-05 -0.00050653760716696996 -0.00021664817586065251 -1.13204901878066e-05 0.00056299056663169542 -6.9367331912183476e-05 0.00057835082162699142
leaf_weight=1338686.1875793934 1885133.6302748919 1264788.8367308378 1034924.4676818848 3603077.0554589033 1253838.2720453739 2960765.6426333189 1601172.6607874632 2783242.2618014812 1891656.4644964933 1487130.7371652126 2350306.8122401237 1815277.0013591051 2313202.3871622086 1634357.4012265205
leaf_count=1771 1342 1255 650 4298 1561 2270 1473 2625 1475 1055 1745 1317 1571 2133
internal_value=1.29582e-06 0.00050981 -0.00574966 0.00267124 -0.000553704 -0.00102628 -0.000587453 0.00174771 -0.00156551 -0.000726143 0.00349533 0.000732486 0.00208416 0.00160316
internal_weight=2.92176e+07 2.68439e+07 2.37361e+06 8.85253e+06 1.79914e+07 1.61063e+07 1.48524e+07 4.38441e+06 1.0468e+07 8.57638e+06 7.58774e+06 5.61561e+06 4.12848e+06 3.98466e+06
internal_count=26541 24120 2421 9431 14689 13347 11786 4098 7688 6213 8176 3943 2888 3878
cat_boundaries=0 1 2
cat_threshold=69 211
is_linear=0
shrinkage=0.03


Tree=43
num_leaves=15
num_cat=0
split_feature=10 14 16 14 11 10 14 11 14 2 1 10 11 1
split_gain=95387 87702.5 55780.4 38629.4 37906.8 33167.1 25133.6 24638.8 21942.1 18579.1 17209.5 38354.6 20988.5 23121
threshold=1.0076829688863238 0.99614958007291154 0.058521633269240945 0.80202550585573529 1.009134200366411 0.8854012774121286 0.98710187378469316 1.026438361650045 1.0445772495972367 2.5000000000000004 17.500000000000004 1.0658413189851337 1.028352128358649 9.5000000000000018
decision_type=2 2 2 2 2 2 2 2 2 2 2 2 2 2
left_child=2 3 6 -2 -5 -4 -1 -3 -9 -7 12 -12 -6 -14
right_child=1 7 5 4 10 9 -8 8 -10 -11 11 -13 13 -15
leaf_value=-0.0004221716034191052 -0.00058808060768213751 0.00050827755555002397 -0.0010455851849940495 0.0004165675949162068 0.00019959461799222411 -0.00044357799865910643 0.00045093916634945973 0.00011027320646425179 0.00087813987939936767 -0.00015486074087964235 -0.00058224119097788102 9.4370832711579425e-05 0.00018250974867267358 -0.00015935731909698928
leaf_weight=1233089.7060271502 1235968.0682536364 3102031.190217495 1794100.7278137207 1508016.3504086733 1872599.5453674793 1862292.8725891113 1853351.8905326128 2933729.5941091776 1506302.4096249342 2158063.716583252 1257286.2854781151 1177720.0673074722 1876455.6031403542 3973506.8251285553
leaf_count=1776 1459 2539 1145 1058 1256 927 2892 2516 2670 1390 1049 1258 1869 2672
internal_value=-1.06221e-05 0.00111798 -0.0026028 -0.000384376 0.000149955 -0.00433309 0.000656853 0.00368793 0.00225469 -0.00281949 -0.000508968 -0.00270805 0.000184425 -0.00070044
internal_weight=2.93445e+07 2.04436e+07 8.9009e+06 1.29016e+07 1.16656e+07 5.81446e+06 3.08644e+06 7.54206e+06 4.44003e+06 4.02036e+06 1.01576e+07 2.43501e+06 7.72256e+06 5.84996e+06
internal_count=26476 18346 8130 10621 9162 3462 4668 7725 5186 2317 8104 2307 5797 4541
is_linear=0
shrinkage=0.03


Tree=44
num_leaves=15
num_cat=0
split_feature=14 16 10 10 13 2 14 16 12 12 2 12 12 14
split_gain=73424.1 58905.7 54307.7 38388.5 27305.4 26123.2 23588.6 20423.1 20375.8 35750.7 22997.4 22628.1 15801.4 15350.4
threshold=0.98480013305751657 0.066413331616518564 0.99694253062548166 0.8854012774121286 0.95470031130501709 1.0000000180025095e-35 0.81519309494764192 0.082150628621246377 0.98124154101434635 0.9986158363148413 1.5000000000000002 1.0053593290700693 1.0081980654565956 1.0067046735049967
decision_type=2 2 2 2 2 2 2 2 2 2 2 2 2 2
left_child=3 8 -3 -1 6 -6 -5 12 -2 -10 -11 -12 -7 -4
right_child=1 2 13 4 5 7 -8 -9 9 10 11 -13 -14 -15
leaf_value=-0.00081637056432198667 0.0010512465003570208 -0.00064327530895192883 -6.923235705089054e-05 -0.00083194577492820998 -0.00022024425673992994 0.00041416276538003912 -0.00015218400490406105 -0.00014343787832150315 -0.00051492570483012423 0.00010882806609444691 0.00072367518090750806 0.00049350950808385813 7.4681453448127461e-05 0.00024460559831735888
leaf_weight=1373986.877779603 937687.75515007973 1978831.9068908691 1859753.8932495117 1036356.6903406382 1594944.6400687695 1926769.1540931463 4641227.5884987116 1438442.081319809 830315.45187234879 1686098.1351046562 916133.5964204073 3299623.1878154278 2842106.8597351313 2955982.2848564386
leaf_count=1133 1471 1087 912 1290 1088 1549 4226 704 1082 1814 918 4692 2687 1805
internal_value=0.000252907 0.0017743 -0.000259757 -0.0012286 -0.000741684 0.000410109 -0.0023245 0.00129003 0.00357622 0.00299914 0.00381914 0.00500346 0.00223511 0.00145951
internal_weight=2.93183e+07 1.44644e+07 6.79457e+06 1.48538e+07 1.34798e+07 7.80226e+06 5.67758e+06 6.20732e+06 7.66986e+06 6.73217e+06 5.90185e+06 4.21576e+06 4.76888e+06 4.81574e+06
internal_count=26458 13781 3804 12677 11544 6028 5516 4940 9977 8506 7424 5610 4236 2717
is_linear=0
shrinkage=0.03


Tree=45
num_leaves=15
num_cat=0
split_feature=12 12 14 12 12 16 11 11 2 14 16 16 3 16
split_gain=88047.6 127645 89161.1 73334.4 64051.3 47806.9 35984.9 34257.4 34568.8 39085.3 24747.7 24294.7 19178.1 12474.6
threshold=0.94365407296847026 0.98124154101434635 0.99325377257379344 0.99504303367625979 1.0017672621402147 0.069947367393446425 1.0142450752632377 0.99884827123419984 1.5000000000000002 0.93400352397339514 0.085638666222475901 0.055842721573730943 1.0000000180025095e-35 0.066633989729168841
decision_type=2 2 2 2 2 2 2 2 2 2 2 2 2 2
left_child=-1 5 7 -4 -5 -2 13 -3 11 12 -8 -9 -10 -6
right_child=1 2 3 4 6 -7 10 8 9 -11 -12 -13 -14 -15
leaf_value=-0.0010955106083354238 0.00084144761941610309 -0.00058901637300773715 -0.00072825647927277038 0.00088247577823596165 0.00013574129021017855 7.7285716311530656e-05 0.00035261631939629304 -0.00063422913955096523 -7.4202061429754951e-05 0.0001597121062707192 -8.2052248897552179e-05 -0.00016823904811894444 -0.00094211282679354329 -0.00042507132147262007
leaf_weight=1277665.3388894796 2005551.8449496031 1973225.6139162779 1311052.5532587767 1110212.3166992664 1437070.3147708178 1270109.0895996094 5183937.3630914688 1366875.6609916687 1364681.2885465622 4501053.9874284267 987757.26702785492 3119135.7537841797 1109447.7014032602 1185597.6357727051
leaf_count=1558 1988 1719 1269 887 1728 583 5789 1804 1204 3613 530 1673 1605 626
internal_value=-2.04333e-05 0.000331913 -0.000407457 0.00156723 0.00244981 0.00589583 0.00159264 -0.00205601 -0.00142742 -0.000106126 0.00284361 -0.00348188 -0.0031351 -0.00135117
internal_weight=2.92034e+07 2.79257e+07 2.465e+07 1.12156e+07 9.90457e+06 3.27566e+06 8.79436e+06 1.34344e+07 1.14612e+07 6.97518e+06 6.17169e+06 4.48601e+06 2.47413e+06 2.62267e+06
internal_count=26576 25018 22447 10829 9560 2571 8673 11618 9899 6422 6319 3477 2809 2354
is_linear=0
shrinkage=0.03


Tree=46
num_leaves=15
num_cat=2
split_feature=10 11 13 10 11 0 0 11 11 11 11 12 10 2
split_gain=89801.8 80633.8 74609.2 40111.9 39292.1 52222.5 30376.4 38938.8 29828.5 48587.5 31709.6 19239.1 16713.3 30505
threshold=0.80264756421392891 0.90531449438650002 1.0437288525276693 1.0076829688863238 1.1671507471139435 0 1 1.0001372609616839 1.0201167971050777 1.0979770383013885 1.0481177777849275 1.0286147346963392 1.013600680214118 4.5000000000000009
decision_type=2 2 2 2 2 1 1 2 2 2 2 2 2 2
left_child=-1 -2 3 6 5 11 -3 -8 -7 10 -10 -5 -4 -14
right_child=1 2 12 4 -6 8 7 -9 9 -11 -12 -13 13 -15
leaf_value=-0.0018139917346517678 0.00081578800530597649 -0.00087262197822611499 -4.3505254685559715e-05 0.00083372183481841822 -0.00057243360248438921 0.00015911385003670778 9.7724624655498444e-05 -0.00076238737690618444 -3.9083162937445212e-05 0.00029885525572035152 -0.00046522982361849307 0.00013019791208727978 0.00023787276846891454 0.0014093155736397179
leaf_weight=1134894.9290441275 1181423.8511054516 1849321.5669254065 1900426.5259199142 1465803.8182969093 1221060.9467687607 3275307.631911397 2062500.2067738771 1233463.3531364202 2910039.0594069958 1309933.3622180223 2626364.9233762026 1000063.6712888479 4957783.3383520842 1111008.4426698685
leaf_count=1355 919 1339 2167 1647 1268 2182 1715 1033 1909 1235 2102 1281 4440 1826
internal_value=9.05237e-06 0.000343147 6.53282e-06 -0.0010175 -0.00017506 0.000323363 -0.00327839 -0.00155174 -0.000630399 -0.00175684 -0.00298616 0.00423825 0.00244208 0.00321089
internal_weight=2.92394e+07 2.81045e+07 2.69231e+07 1.89539e+07 1.38086e+07 1.25875e+07 5.14529e+06 3.29596e+06 1.01216e+07 6.84634e+06 5.5364e+06 2.46587e+06 7.96922e+06 6.06879e+06
internal_count=26418 25063 24144 15711 11624 10356 4087 2748 7428 5246 4011 2928 8433 6266
cat_boundaries=0 1 2
cat_threshold=194 76
is_linear=0
shrinkage=0.03


Tree=47
num_leaves=15
num_cat=3
split_feature=10 3 9 14 13 10 11 12 0 0 12 0 12 12
split_gain=81028.9 83918 66632.5 77233.8 40029.7 39992.7 51573.3 43248.2 39790.3 28553.2 24423.6 18252 17625 31599.4
threshold=0.8854012774121286 1.0000000180025095e-35 68.500000000000014 0.96783154261323878 0.98962541196304199 1.013600680214118 1.0201167971050777 1.0017672621402147 0 1 1.0375626961833271 2 1.0735842439152392 1.0312643583499335
decision_type=2 2 2 2 2 2 2 2 1 1 2 1 2 2
left_child=1 -1 -2 4 10 7 -7 -5 -8 -9 11 -4 13 -10
right_child=2 -3 3 5 -6 6 8 9 12 -11 -12 -13 -14 -15
leaf_value=-4.8054847174644704e-05 -0.00081490623890473075 -0.0029990002601715999 0.00014920085675912301 0.0003279705191662269 0.00017148112621120917 0.00059728694974138898 -7.5439600874082189e-06 -0.00055506867216423381 0.0006038737268950963 5.8638909932871283e-05 -0.00064948451976559599 -0.0002543252614843741 0.0009462367068137006 -5.9771162278646305e-05
leaf_weight=1622634.7014764547 1136324.7917962074 1032497.6875214577 1363866.5011906624 2112267.6400797367 3790990.0964244604 2425417.0264638662 3482036.3857382536 1189492.1123656034 2200141.3287608624 1687219.7477892637 1688995.0434464216 3119741.379273653 953056.7269462347 1299279.4004707336
leaf_count=1241 1037 1377 1884 1729 3207 1957 2429 972 2393 1535 1829 2058 1284 1540
internal_value=0.00011663 -0.0048794 0.000618169 0.000937209 -0.00111957 0.00227235 0.00333502 6.56372e-05 0.00216475 -0.00232782 -0.00260978 -0.00145156 0.00404348 0.00305846
internal_weight=2.9104e+07 2.65513e+06 2.64488e+07 2.53125e+07 9.96359e+06 1.53489e+07 1.03599e+07 4.98898e+06 7.93451e+06 2.87671e+06 6.1726e+06 4.48361e+06 4.45248e+06 3.49942e+06
internal_count=26472 2618 23854 22817 8978 13839 9603 4236 7646 2507 5771 3942 5217 3933
cat_boundaries=0 1 2 3
cat_threshold=25 208 227
is_linear=0
shrinkage=0.03


Tree=48
num_leaves=15
num_cat=2
split_feature=13 3 2 11 12 0 11 12 11 0 16 12 1 12
split_gain=77991.8 38657 51640.4 50496 47498.4 43999.4 37218.6 28045.4 20566.5 30828 20046.4 19005.8 18751.6 17950.5
threshold=1.061197350288499 1.5000000000000002 1.0000000180025095e-35 0.99677933585499845 0.98603147315637651 0 1.0524009772156184 0.98603147315637651 1.01278369294476 1 0.059925944433296623 1.0335218718495895 17.500000000000004 1.0747571261860707
decision_type=2 2 2 2 2 1 2 2 2 1 2 2 2 2
left_child=1 2 10 -3 -4 -6 -5 -2 -7 -10 -1 -11 -9 -13
right_child=7 3 4 6 5 8 -8 12 9 11 -12 13 -14 -15
leaf_value=-0.00049258798640761255 0.00091480310351977929 -0.0017044363391596183 0.00045321640896915698 0.00029320856228136875 -0.00018373315907913013 -0.00013000877790661188 -0.00051040091852245801 0.00031615611419356357 -0.00011348361674083802 0.00053503400994872098 -0.00017943486290740692 -0.0022055141066655345 -0.00014618647817949519 0.00029077004023002166
leaf_weight=1734509.7685360909 936249.87723100185 1377500.3785743713 2576237.3908296824 1401158.8403203487 3012383.9493961334 2424607.7588969469 1196368.0741854906 4240369.5158654451 1526613.6938337088 2637313.3723950386 2633586.3319396973 1049820.4964277744 1381079.4351007938 1042508.0978761911
leaf_count=1890 1250 1723 1745 1706 1149 1964 1863 4516 1168 2298 1279 1117 1910 914
internal_value=2.52572e-05 -0.000810107 -0.000237264 -0.00349597 0.000636437 -0.000175985 -0.00103365 0.0029058 0.000908069 0.00181711 -0.00309143 0.00301354 0.00210514 0.000878452
internal_weight=2.91703e+07 2.26126e+07 1.86376e+07 3.97503e+06 1.42695e+07 1.16932e+07 2.59753e+06 6.5577e+06 8.68086e+06 6.25626e+06 4.3681e+06 4.72964e+06 5.62145e+06 2.09233e+06
internal_count=26492 18816 13524 5292 10355 8610 3569 7676 7461 5497 3169 4329 6426 2031
cat_boundaries=0 1 2
cat_threshold=16 136
is_linear=0
shrinkage=0.03


Tree=49
num_leaves=15
num_cat=3
split_feature=14 16 11 12 0 11 13 11 16 12 0 11 0 16
split_gain=62605.6 46522.9 33033.4 34031.3 31839.2 50557.1 25486.9 29666.6 21162.3 19516.6 17736 16177.6 31072.9 22675.2
threshold=0.9776759709218189 0.065075257163764486 0.98927509523083523 1.0081464412505341 0 1.0650063805139773 0.94242386084695129 1.0204143974676605 0.061345816388801523 1.0100722254825036 1 1.01278369294476 2 0.053545453698065515
decision_type=2 2 2 2 1 2 2 2 2 2 1 2 1 2
left_child=4 11 -3 -4 5 9 -6 -8 -9 -1 -5 12 -2 -14
right_child=1 2 3 10 6 -7 7 8 -10 -11 -12 -13 13 -15
leaf_value=4.7559346438148984e-05 -0.00033233024129169142 -0.00056250895342835588 0.00026621638884284789 6.3557920293742012e-05 -0.00048761527144593745 0.00056202294655414704 0.00028669419815675759 -0.00041840868622232912 -6.2905007733923102e-05 -0.00059711039680342528 -0.00022637980156245161 0.00049613700609467111 0.00083372397878771676 0.00010598397031297503
leaf_weight=1582408.2296295166 1034918.0323047638 1789763.3513183594 2285525.6365661621 2078410.5656801462 3959285.4816608429 1488494.5308018923 1831305.4508780241 1363654.8681499958 2072427.5060310364 1150386.9632996321 1891451.817199707 4514015.4692878723 1025032.367822051 1275638.8630218506
leaf_count=1371 1406 1055 1101 1452 3787 1433 1471 1490 1050 1095 865 6168 1975 808
internal_value=0.000145028 0.00141964 -0.000183546 0.00084471 -0.0013615 0.000796617 -0.00234885 -0.000981856 -0.00262549 -0.00162642 -0.000834243 0.00306277 0.00147842 0.00342043
internal_weight=2.93427e+07 1.58948e+07 8.04515e+06 6.25539e+06 1.3448e+07 4.22129e+06 9.22667e+06 5.26739e+06 3.43608e+06 2.7328e+06 3.96986e+06 7.8496e+06 3.33559e+06 2.30067e+06
internal_count=26527 14830 4473 3418 11697 3899 7798 4011 2540 2466 2317 10357 4189 2783
cat_boundaries=0 1 2 3
cat_threshold=69 357 324
is_linear=0
shrinkage=0.03


Tree=50
num_leaves=15
num_cat=2
split_feature=10 11 10 13 12 12 0 10 0 2 11 12 11 1
split_gain=73745 56819.8 61133.7 54417.6 36273.4 76534.9 63882.8 61473.2 56490.1 63214.3 44974.7 43779.9 42056.9 31563.9
threshold=0.82120607435980486 0.9093237613342906 0.90675470765210653 0.81454381478994542 1.0081464412505341 1.0137025498423149 0 1.013600680214118 1 1.5000000000000002 1.0201167971050777 1.0286147346963392 0.99985733322981363 17.500000000000004
decision_type=2 2 2 2 2 2 1 2 1 2 2 2 2 2
left_child=-1 -2 -3 -4 6 -6 -5 12 9 -7 -9 -11 -8 -10
right_child=1 2 3 4 5 8 7 10 13 11 -12 -13 -14 -15
leaf_value=-0.0013391302120393162 0.00067588182600919412 -0.00074207786370265373 -0.00099336424839618041 -0.0002032588632405339 -0.00039204997392689025 -0.00092979318668808366 0.00027388878245533963 0.00071722331613241247 0.00030380216607606104 0.00058458848843835544 0.00024331831155378425 -0.00026165924426492634 -0.00029811500307348835 -8.9769049598260693e-05
leaf_weight=1426249.4841828346 1124911.4158394337 1291153.2865821123 1130007.4826588631 2306078.6405118704 2190754.7157461643 1397979.0323270559 1381413.2712129354 2485515.6180034876 6396708.0993118286 1044385.564237237 1901972.9843369722 1802151.8532735109 1289545.4285799265 1928665.952319622
leaf_count=1675 822 975 2251 1862 1699 1120 1074 1769 5604 895 1540 1847 1028 2260
internal_value=0.00016425 0.000507131 0.000227288 0.000552805 0.00085419 -7.23638e-05 0.00231465 0.00373094 0.000829476 -0.00198715 0.00591536 0.000578553 0.000142684 0.00226547
internal_weight=2.90975e+07 2.76712e+07 2.65463e+07 2.52552e+07 2.41252e+07 1.47606e+07 9.36453e+06 7.05845e+06 1.25699e+07 4.24452e+06 4.38749e+06 2.84654e+06 2.67096e+06 8.32537e+06
internal_count=26421 24746 23924 22949 20698 13425 7273 5411 11726 3862 3309 2742 2102 7864
cat_boundaries=0 1 2
cat_threshold=260 138
is_linear=0
shrinkage=0.03


Tree=51
num_leaves=15
num_cat=3
split_feature=10 14 3 12 11 0 11 0 11 10 11 10 0 2
split_gain=79158.2 72937.5 71613.6 68770.7 51495.5 36323.2 37631.1 29522.3 25197.3 31641.8 29273.2 27795.8 24041.9 23395
threshold=0.99451885417014119 1.0067046735049967 1.5000000000000002 0.99227196909529336 0.98630601238266269 0 1.0650063805139773 1 1.0481177777849275 1.0798652044123178 1.1671507471139435 1.0366124446983094 2 2.5000000000000004
decision_type=2 2 2 2 2 1 2 1 2 2 2 2 1 2
left_child=2 4 3 -1 -2 6 -6 -4 11 -10 -11 13 -3 -7
right_child=1 12 7 -5 5 8 -8 -9 9 10 -12 -13 -14 -15
leaf_value=0.00042043996414040102 0.00042763314423609997 0.00042412095475932314 -0.0010840472454380261 -0.00041828748868366834 -9.3372949715746502e-05 -0.00026309709276822236 0.0006734420621643995 -0.0030440577324634473 -0.00053624187491712466 3.1877842346904e-05 -0.00071824219050475641 0.00030053587828469258 0.00027532654751387424 7.3636130096275547e-05
leaf_weight=2163743.408821702 1434250.8378047943 2507264.0991135836 692700.04936075211 3285730.4934010506 1742255.2459433079 1978490.9159214497 1485987.3580867052 746370.9220174551 1588965.5287111998 2769242.7130835056 1101609.4374983311 1902713.0024375916 4316555.0762786865 1708195.6290744543
leaf_count=1744 1037 2449 1203 2434 1396 1244 1336 945 1232 2711 1080 1250 5062 1483
internal_value=0.00033238 0.00119268 -0.00248203 -0.000910153 6.79024e-05 -0.000476452 0.00232298 -0.00843442 -0.00129436 -0.00274389 -0.00128064 0.000121558 0.00378244 -0.00139828
internal_weight=2.94241e+07 2.25355e+07 6.88854e+06 5.44947e+06 1.57117e+07 1.42775e+07 3.22824e+06 1.43907e+06 1.10492e+07 5.45982e+06 3.87085e+06 5.5894e+06 6.82382e+06 3.68669e+06
internal_count=26606 20280 6326 4178 12769 11732 2732 2148 9000 5023 3791 3977 7511 2727
cat_boundaries=0 1 2 3
cat_threshold=68 434 400
is_linear=0
shrinkage=0.03


Tree=52
num_leaves=15
num_cat=3
split_feature=12 12 10 14 0 12 12 11 9 0 1 2 0 2
split_gain=65433.5 86741 92323.5 80719.1 60996.8 43710.9 60195.1 59383.3 54542.3 65886.3 48983.4 38905.7 32256.3 22541.8
threshold=0.94365407296847026 0.98124154101434635 0.90675470765210653 0.93131592582655343 0 1.0017672621402147 0.9986158363148413 1.01278369294476 74.500000000000014 1 16.500000000000004 2.5000000000000004 2 1.5000000000000002
decision_type=2 2 2 2 1 2 2 2 2 1 2 2 1 2
left_child=-1 4 -3 12 -2 6 -5 11 -9 10 -10 -7 -4 -11
right_child=1 2 3 5 -6 7 -8 8 9 13 -12 -13 -14 -15
leaf_value=-0.00090891943394120231 0.00015109576938399335 -0.0013112706791550278 -0.000608437387563157 8.1126901739424554e-05 0.0007744071519845833 -0.0006928099341922424 0.00074702634991694484 -0.00036509918632418603 0.0004755204098906241 -0.00045723009440488418 4.9306770118302752e-05 -6.6309933153409014e-05 -0.00015603710267411987 7.6350874200794978e-05
leaf_weight=1232612.2056274414 1850918.6332138777 1633284.8099617958 1380033.5378165245 2012765.2428429127 1431636.2685916424 1657174.054662466 1372459.3638592958 1337406.5464842319 4530412.5770709515 1122570.8476970196 2307852.0811178684 1541663.198626399 3176826.8570188284 2728937.0745748281
leaf_count=1511 1259 1382 1032 1799 1284 1136 961 1087 3892 935 2147 1501 3804 2836
internal_value=0.000266364 0.00056329 -4.32679e-05 0.00044272 0.00514615 0.00131893 0.00440232 0.000633398 0.00159961 0.0023142 0.00408177 -0.00299944 -0.00313593 -0.000824087
internal_weight=2.93166e+07 2.80839e+07 2.48014e+07 2.31681e+07 3.28255e+06 1.86112e+07 3.38522e+06 1.5226e+07 1.20272e+07 1.06898e+07 6.83826e+06 3.19884e+06 4.55686e+06 3.85151e+06
internal_count=26566 25055 22512 21130 2543 16294 2760 13534 10897 9810 6039 2637 4836 3771
cat_boundaries=0 1 2 3
cat_threshold=12 372 18
is_linear=0
shrinkage=0.03


Tree=53
num_leaves=15
num_cat=2
split_feature=12 12 0 14 12 12 1 1 16 0 3 2 13 2
split_gain=59475.8 92342.9 63364.3 58571.2 63844.4 62805.8 59586.7 47566.1 36808.8 31997.1 24395.3 23633.7 19232.5 18081.8
threshold=0.94365407296847026 0.98124154101434635 0 0.94793288859221747 0.99504303367625979 1.0017672621402147 9.5000000000000018 17.500000000000004 0.067129503413044148 1 1.0000000180025095e-35 1.0000000180025095e-35 1.0409415849393595 1.5000000000000002
decision_type=2 2 1 2 2 2 2 2 2 1 2 2 2 2
left_child=-1 2 -2 6 -5 -6 -3 8 13 -9 11 -8 -10 -7
right_child=1 3 -4 4 5 7 10 9 12 -11 -12 -13 -14 -15
leaf_value=-0.00088608882623221127 0.00017606599496970671 0.00018865760537286697 0.0008423146929348996 -0.00066718178011061649 0.00056613386002529634 5.8703568139490752e-05 -0.00064957071389822995 -0.00053434442870339523 -8.3902765488965778e-05 -6.3348020465162717e-05 -0.00095994529063535912 -9.8587933369816843e-05 0.00025261620051934499 0.00047027644580395885
leaf_weight=1201714.6950414181 1928587.0446692705 1583746.0925023556 1320661.8046485186 2098323.1326460838 1639178.1289787292 1896806.1189335585 1256425.6585073471 988845.98427152634 3635926.9397826195 2649392.0182418823 1434301.0823142529 2045956.408536911 1799526.2833452225 3763518.1451208591
leaf_count=1481 1550 2283 997 1778 1248 1762 1022 759 1963 3124 1493 1621 1114 4386
internal_value=0.000159512 0.000439593 0.00519501 -0.000183655 0.000669308 0.0013007 -0.00267645 0.000680965 0.00165702 -0.00229579 -0.00436078 -0.00294191 -0.000106254 0.00335025
internal_weight=2.92429e+07 2.80412e+07 3.24925e+06 2.47919e+07 1.84715e+07 1.63732e+07 6.32043e+06 1.4734e+07 1.10958e+07 3.63824e+06 4.73668e+06 3.30238e+06 5.43545e+06 5.66032e+06
internal_count=26581 25100 2547 22553 16134 14356 6419 13108 9225 3883 4136 2643 3077 6148
cat_boundaries=0 1 2
cat_threshold=44 144
is_linear=0
shrinkage=0.03


Tree=54
num_leaves=15
num_cat=1
split_feature=12 12 10 16 9 13 0 1 9 10 16 10 10 10
split_gain=61158.6 80187 83747.7 56701.9 50183.2 43363.1 37260.4 24657.8 60958.2 32670.6 27570.7 26216.2 29960.2 29984.2
threshold=0.94365407296847026 0.98124154101434635 0.90675470765210653 0.066413331616518564 68.500000000000014 0.90601081397897909 0 17.500000000000004 89.500000000000014 1.0821230818239316 0.052673485965430346 1.0126286975463843 1.0428102923176461 1.0727546394858944
decision_type=2 2 2 2 2 2 1 2 2 2 2 2 2 2
left_child=-1 3 -3 -2 -4 6 -6 8 -7 -9 -10 -12 -13 -14
right_child=1 2 4 -5 5 7 -8 9 10 -11 11 12 13 -15
leaf_value=-0.0008609177268659343 0.00081621774762380395 -0.0012032794788701625 -0.00055964828427638677 7.5006125404302089e-05 -0.0009096936874302986 0.00052150232524440007 5.0192506784259919e-05 -0.00023041212910826863 0.00050352610576817885 0.00037151194973246502 -0.00020933785261709867 0.00030251965924247068 -0.00022479150624043728 0.0001498946331604277
leaf_weight=1201421.944488287 1758190.8509091139 1664692.2128865719 1121514.08320117 1562723.4119873047 1501817.9536451101 2394635.0854216814 1591945.1318892241 3091899.4539716244 1518086.8440355062 1348159.1918525696 2633195.0300750732 2349572.5536499023 1715074.2124633789 3828206.4032578468
leaf_count=1493 1863 1409 1009 731 1416 1820 2703 2918 3330 1616 1551 1270 869 2542
internal_value=0.000225141 0.000508742 -7.8397e-05 0.00488611 0.000390049 0.000705994 -0.0025862 0.0012455 0.00184673 -0.000709656 0.000977562 0.000432465 0.00129723 9.38929e-05
internal_weight=2.92811e+07 2.80797e+07 2.47588e+07 3.32091e+06 2.30941e+07 2.19726e+07 3.09376e+06 1.88788e+07 1.44388e+07 4.44006e+06 1.20441e+07 1.0526e+07 7.89285e+06 5.54328e+06
internal_count=26540 25047 22453 2594 21044 20035 4119 15916 11382 4534 9562 6232 4681 3411
cat_boundaries=0 1
cat_threshold=14
is_linear=0
shrinkage=0.03


Tree=55
num_leaves=15
num_cat=3
split_feature=10 11 14 10 13 14 11 0 0 10 13 0 10 16
split_gain=72815.2 72292.7 69829.6 50604.5 42272.8 38056 35382.2 34710.6 34644.7 32676.5 28156.6 21507.8 19235.2 25215
threshold=0.80264756421392891 0.90531449438650002 1.034957998826606 0.99694253062548166 0.95470031130501709 0.91253551578178571 1.0031234500651489 0 1 0.97979788898686204 0.96607831913932296 2 1.1167637388112681 0.08093095206115429
decision_type=2 2 2 2 2 2 2 1 1 2 2 1 2 2
left_child=-1 -2 3 10 5 7 -6 -5 -8 -4 -3 -11 13 -10
right_child=1 2 9 4 6 -7 8 -9 12 11 -12 -13 -14 -15
leaf_value=-0.0011311157770710744 0.00077601735076678361 -0.00018440933668395067 -0.00030466329640468632 -0.001068203439245685 0.00042911285912562453 5.3022150585992165e-06 0.00047758845131940262 -0.00025390636859089639 -2.4825884470256014e-06 0.00098923531531231812 -0.00084074969718312732 0.00040891234527643493 0.00021799986731355027 -0.00028963335301257276
leaf_weight=1133459.5170087814 1227923.310641408 1796313.0507056713 924481.3291028738 897959.87783241272 1671465.7693641186 3202936.9340897799 2175379.2934800386 1393212.1116365194 5241249.0047755241 742147.85621857643 1993453.5114856958 3026731.6876300573 2050807.3130333424 1783774.556014061
leaf_count=1365 951 1491 1109 834 1104 2914 2012 1721 3811 1270 1426 4059 1707 718
internal_value=0.000252678 0.000553092 0.000228147 -0.000474549 0.000175094 -0.00202921 0.00111226 -0.0049813 0.000507217 0.00355294 -0.00363156 0.0047927 -0.000307797 -0.00105401
internal_weight=2.92613e+07 2.81278e+07 2.68999e+07 2.22066e+07 1.84168e+07 5.49411e+06 1.29227e+07 2.29117e+06 1.12512e+07 4.69336e+06 3.78977e+06 3.76888e+06 9.07583e+06 7.02502e+06
internal_count=26492 25127 24176 17738 14821 5469 9352 2555 8248 6438 2917 5329 6236 4529
cat_boundaries=0 1 2 3
cat_threshold=274 66 48
is_linear=0
shrinkage=0.03


Tree=56
num_leaves=15
num_cat=1
split_feature=2 9 10 3 14 10 13 14 10 0 10 10 2 13
split_gain=60889.7 54211.7 55603.1 83626.3 58258.9 38153.8 32473.9 26665.6 25444.5 23306.9 23433.5 26349.6 22287.8 26087.9
threshold=1.0000000180025095e-35 69.500000000000014 0.97979788898686204 1.0000000180025095e-35 0.92839959098897473 0.8854012774121286 0.99072696340569 1.033928317361464 0.99845861747995823 0 1.0404380744152888 1.0727546394858944 4.5000000000000009 1.1326558111458165
decision_type=2 2 2 2 2 2 2 2 2 1 2 2 2 2
left_child=8 -2 3 -3 6 -5 -4 9 -1 10 -6 -12 13 -9
right_child=1 2 4 5 7 -7 -8 12 -10 -11 11 -13 -14 -15
leaf_value=-0.00067552739063283216 -0.00068650166138644535 0.00022173995212215565 -0.00037084946712137541 -0.0026303891331267166 0.00095991223320802195 -0.00046910841674120349 0.00021219461465685395 0.00053769757018668114 -0.00014617833316304298 8.1417486223808947e-05 -0.00021181735198703375 0.0006978146249545015 0.0014898467219356571 -8.0081272851184119e-05
leaf_weight=1345606.8124949932 1213607.4267873764 2189890.8314288855 2630303.3034416437 1023816.4268369675 1083384.9209320545 829122.27135968208 1416911.1893321276 1722703.4979529381 3735605.8354196548 8210448.5999977589 873768.4614136219 1240956.7535799742 761828.14601421356 895923.78804135323
leaf_count=1002 1071 1778 2739 1358 1174 933 1286 1679 2982 5082 909 1516 1667 1357
internal_value=6.41437e-05 0.000693559 0.00102131 -0.00217101 0.00170648 -0.00686163 -0.00148283 0.00257928 -0.00292024 0.00188585 0.00405847 0.00222043 0.00491949 0.0036056
internal_weight=2.91739e+07 2.40927e+07 2.28791e+07 4.04283e+06 1.88362e+07 1.85294e+06 4.04721e+06 1.4789e+07 5.08121e+06 1.14086e+07 3.19811e+06 2.11473e+06 3.38046e+06 2.61863e+06
internal_count=26533 22549 21478 4069 17409 2291 4025 13384 3984 8681 3599 2425 4703 3036
cat_boundaries=0 1
cat_threshold=99
is_linear=0
shrinkage=0.03


Tree=57
num_leaves=15
num_cat=3
split_feature=10 12 12 0 12 13 14 10 1 0 0 16 12 14
split_gain=61575.7 47940.8 86373.6 81501.8 73815.1 46533.4 35961.1 45877.7 27421.9 36905.2 26503.9 22227.7 19649.6 18175.8
threshold=0.80264756421392891 0.98603147315637651 0.99504303367625979 0 1.0017672621402147 0.85157275299330004 1.0010397174024745 1.021163124821922 8.5000000000000018 1 2 0.0862256971107183 0.95818454082904669 0.94902032388666524
decision_type=2 2 2 1 2 2 2 2 2 1 1 2 2 2
left_child=-1 3 -3 -2 -4 10 7 -7 -9 13 -6 -8 -5 -10
right_child=1 2 4 12 5 6 11 8 9 -11 -12 -13 -14 -15
leaf_value=-0.0012828667764533592 0.00073078236502804601 -0.00075084720905051856 0.00058414821985061573 -0.0001848264537498159 -0.001572860911833184 -0.00034985351798239142 0.00027091485296642273 0.00034011428772989902 -8.8023157483275533e-05 -0.00021535784595473956 -6.7015490533726724e-05 -0.00020972332278067666 0.0003098266936052355 0.00051162160702271278
leaf_weight=1138182.0669173002 1284698.1647166014 1868430.1435983181 1954127.7687048912 1455045.0105793476 814375.57860720158 2672417.3325301409 6322942.4743759632 1490939.3651112318 1430356.2092971802 3879365.0763087273 650048.27148270607 1116508.552778244 1509072.1915954351 1749365.6825485229
leaf_count=1345 964 1602 1583 1402 893 2023 6654 1592 1078 2808 1612 567 1180 1309
internal_value=0.000108791 0.000384929 -0.000136096 0.00332174 0.000387992 -0.000152494 0.000251595 -0.000820632 0.000251744 -0.00052906 -0.005302 0.00186905 0.000586299 0.00186688
internal_weight=2.93359e+07 2.81977e+07 2.39489e+07 4.24882e+06 2.20804e+07 2.01263e+07 1.86619e+07 1.12224e+07 8.55003e+06 7.05909e+06 1.46442e+06 7.43945e+06 2.96412e+06 3.17972e+06
internal_count=26612 25267 21721 3546 20119 18536 16031 8810 6787 5195 2505 7221 2582 2387
cat_boundaries=0 1 2 3
cat_threshold=208 326 14
is_linear=0
shrinkage=0.03


Tree=58
num_leaves=15
num_cat=0
split_feature=12 12 10 11 12 14 12 16 16 10 12 11 12 10
split_gain=65646.9 92559.3 106700 61263.9 71798.6 49311.3 34042.4 33984.7 33474.6 29068 24006 51422.2 18238.4 17256
threshold=0.94365407296847026 0.98124154101434635 0.90675470765210653 1.1761963940655993 1.0920528378804466 1.0046522558627082 1.0365083271516857 0.046308676563561926 0.066413331616518564 1.0126286975463843 1.0077918519281821 1.0308370703839311 1.0281187774485046 1.0962830087383653
decision_type=2 2 2 2 2 2 2 2 2 2 2 2 2 2
left_child=-1 8 -3 4 5 7 -7 -4 -2 -9 -11 -12 -13 -14
right_child=1 2 3 -5 -6 6 -8 9 -10 10 11 12 13 -15
leaf_value=-0.00099898165297338253 0.00077532855779360985 -0.0013403615808923945 -0.00057824435752894872 -0.00057802726028436269 0.00064080546266290694 0.00028407698157634453 -0.00018065261960998298 -0.00025476064999834219 0.00013447024760727537 0.00027833356266937417 -0.00032022216226626092 0.00045910563032594163 0.0001801717690441767 -0.0001652353722584511
leaf_weight=1244170.0432168245 1733252.0520083904 1684999.3988929987 1558911.7956771851 1228539.0030745268 1490605.7113673687 6135433.0651717186 1537287.1659761667 2722074.420425415 1584015.297088623 1891998.829284668 1627400.5018291473 1756235.4297680855 1594689.3127536774 1549662.7113666534
leaf_count=1499 1812 1420 3985 1304 1334 5956 1819 1619 743 1023 869 1166 884 1155
internal_value=0.000264584 0.00056321 -6.68393e-05 0.000464942 0.000831221 0.000366215 0.00226512 -0.000780924 0.00526927 -0.000200464 0.000670781 -0.000191594 0.00134278 -2.50051e-05
internal_weight=2.93393e+07 2.80951e+07 2.47778e+07 2.30928e+07 2.18643e+07 2.03737e+07 7.67272e+06 1.2701e+07 3.31727e+06 1.11421e+07 8.41999e+06 6.52799e+06 4.90059e+06 3.14435e+06
internal_count=26588 25089 22534 21114 19810 18476 7775 10701 2555 6716 5097 4074 3205 2039
is_linear=0
shrinkage=0.03


Tree=59
num_leaves=15
num_cat=0
split_feature=10 12 12 12 12 13 9 9 12 12 2 12 12 13
split_gain=51423.6 47762.3 58726.9 49887 56185 43622.6 37715.2 46226.6 32526.1 54135.1 33626.5 32786.3 30899.5 20096.5
threshold=0.82120607435980486 0.98603147315637651 0.95818454082904669 0.99504303367625979 1.0017672621402147 0.90381899467457216 74.500000000000014 87.500000000000014 1.0137025498423149 1.0305204927338953 2.5000000000000004 1.0747571261860707 1.0077918519281821 1.0331604709699025
decision_type=2 2 2 2 2 2 2 2 2 2 2 2 2 2
left_child=-1 2 -2 -3 -5 -6 -7 -8 12 10 -10 13 -9 -11
right_child=1 3 -4 4 5 6 7 8 9 11 -12 -13 -14 -15
leaf_value=-0.00088771918207120526 -6.9336014912506154e-05 -0.00055299455013264214 0.00067681816526922423 0.00052832181434183593 -0.00042968093540011722 -0.00031213355317885578 0.00050945232996453473 2.0599518911174264e-05 0.00011072941917758617 -0.00030058439941808997 0.00074690929899224635 0.00021290313154429064 -0.00039403701794463343 2.4333812194227725e-05
leaf_weight=1441992.5324982405 1733608.4733419418 1834871.9658695459 2296989.4279896021 1919096.7422412634 2869070.6974914074 1555208.1953799725 1512228.966593504 2226497.284203887 1905073.8937877417 2355155.2543867826 2030850.6424108744 2508063.5305119753 1309828.9374530315 1774869.0402879715
leaf_count=1674 1657 1576 1667 1558 3819 1270 1178 1626 1274 1931 1992 2420 1114 1845
internal_value=0.000426002 0.000712209 0.00373221 0.00020078 0.00059774 0.000128298 0.000700225 0.00114375 0.000609513 0.00144247 0.00423013 -0.000210412 -0.00188114 -0.00185342
internal_weight=2.92734e+07 2.78314e+07 4.0306e+06 2.38008e+07 2.19659e+07 2.00468e+07 1.71778e+07 1.56226e+07 1.41103e+07 1.0574e+07 3.93592e+06 6.63809e+06 3.53633e+06 4.13002e+06
internal_count=26601 24927 3324 21603 20027 18469 14650 13380 12202 9462 3266 6196 2740 3776
is_linear=0
shrinkage=0.03


Tree=60
num_leaves=15
num_cat=2
split_feature=14 2 3 12 11 2 11 12 0 11 13 16 11 0
split_gain=46503.6 46668.8 63444.1 70105.7 44389.1 90307.1 38874.3 38606.1 32827.5 28255.1 41382.3 21252.3 19938.7 29291
threshold=1.0067046735049967 1.0000000180025095e-35 1.0000000180025095e-35 0.9880996573646984 0.97657270501056159 2.5000000000000004 1.0631792722561391 1.0017672621402147 0 0.97193150850967303 0.97151326773712088 0.062033132775257162 1.01278369294476 1
decision_type=2 2 2 2 2 2 2 2 1 2 2 2 2 1
left_child=1 11 3 -3 5 -2 8 -6 -5 -4 -11 -1 -9 -14
right_child=4 2 9 6 7 -7 -8 12 -10 10 -12 -13 13 -15
leaf_value=-0.00047434484966103079 0.00035630731716318367 0.00046714947672304454 -0.00099262450946229776 -0.00029160821213876115 0.00074406581879452689 -0.0018443102045249832 0.00027138647911032762 -0.00017786392627824302 0.0002408001712289347 -0.00049913379906276389 0.00011275457298766212 -0.00012433764165616481 0.00040035412153545396 9.175391365687555e-07
leaf_weight=1853387.1777360439 1219686.8495994806 1859967.1390442848 1296078.7051626444 2233862.5344789028 1480157.9568448067 1059642.1083427668 2873596.4804575443 1185689.7898905277 2066858.1904480457 2031474.7352805138 3000172.9340173006 2183314.0393066406 2945555.8461850882 1891905.5998374224
leaf_count=1927 1085 1199 1138 1242 1617 1511 2393 1064 1743 2478 2768 1022 3237 2088
internal_value=0.000380232 -0.000470228 0.000284061 0.00189756 0.00206667 -0.00159985 0.000551971 0.00318047 -0.00125314 -0.00201958 -0.00100215 -0.00334074 0.00211372 0.00296826
internal_weight=2.91814e+07 1.93987e+07 1.5362e+07 9.03428e+06 9.78264e+06 2.27933e+06 7.17432e+06 7.50331e+06 4.30072e+06 6.32773e+06 5.03165e+06 4.0367e+06 6.02315e+06 4.83746e+06
internal_count=26512 15910 12961 6577 10602 2596 5378 8006 2985 6384 5246 2949 6389 5325
cat_boundaries=0 1 2
cat_threshold=21 372
is_linear=0
shrinkage=0.03


Tree=61
num_leaves=15
num_cat=0
split_feature=11 12 14 2 12 12 12 11 10 12 12 12 10 3
split_gain=54459.7 38439.4 39614.6 34975 50053.8 43657.7 44590.2 53527.7 40808.6 31070 39104.7 42078.6 75139.6 28510.8
threshold=1.1761963940655993 1.0920528378804466 1.0067046735049967 1.0000000180025095e-35 0.98603147315637651 0.99913987212100885 1.0077918519281821 1.0188102196094191 1.022958258627247 1.0365083271516857 1.0137025498423149 1.0053593290700693 0.94660554909741312 1.0000000180025095e-35
decision_type=2 2 2 2 2 2 2 2 2 2 2 2 2 2
left_child=1 2 3 8 13 -6 -7 -8 -1 10 11 12 -4 -5
right_child=-2 -3 9 4 5 6 7 -9 -10 -11 -12 -13 -14 -15
leaf_value=-0.00074219859777299388 -0.00064741326081765296 0.00042995531582512288 -0.00080588761081040207 0.00050362657281783133 -0.00064461652816740248 0.00028442679073322998 -0.00065884343586623199 -1.3265946205228353e-05 -0.00010056676040157298 -0.00025842521701837252 0.00053431770332781556 -0.00034167345611258376 0.00048964186987808262 7.7696801241496477e-06
leaf_weight=1483767.9948384762 1235204.3383383751 1446766.9206075668 957214.67545926571 1636316.2245758772 1176434.4163286686 2323813.7826812267 1296256.2959375381 5865387.6892460585 2161368.2298234701 1590128.9824039936 2478330.5075753927 1223164.9504170418 2972570.113165617 1401896.4412964582
leaf_count=1029 1309 1325 1143 1086 940 1728 1106 5312 1631 1911 2744 1056 2975 1235
internal_value=0.000187483 0.00045931 0.000199977 -0.000644697 5.01757e-05 -0.000917812 -0.000241745 -0.00141342 -0.00325635 0.00178879 0.00258368 0.00109436 0.00260682 0.0034471
internal_weight=2.92486e+07 2.80134e+07 2.65667e+07 1.73452e+07 1.37001e+07 1.06619e+07 9.48546e+06 7.16164e+06 3.64514e+06 9.22141e+06 7.63128e+06 5.15295e+06 3.92978e+06 3.03821e+06
internal_count=26530 25221 23896 14067 11407 9086 8146 6418 2660 9829 7918 5174 4118 2321
is_linear=0
shrinkage=0.03


Tree=62
num_leaves=15
num_cat=0
split_feature=10 12 12 12 12 13 12 12 12 12 10 10 14 10
split_gain=47811.9 46411.8 50514.8 57765.9 49851.2 36500.8 41089.2 42721.4 83145.4 29827.9 29858.7 20372.4 20107.5 29249.2
threshold=0.82120607435980486 0.98603147315637651 0.99504303367625979 1.0017672621402147 0.95565302303404753 0.96101897856810492 1.0048191846126253 1.0077918519281821 1.0137025498423149 1.0205961516350299 1.1267163222885357 1.0545958361464314 0.83203973666264386 1.0126286975463843
decision_type=2 2 2 2 2 2 2 2 2 2 2 2 2 2
left_child=-1 4 -3 -4 -2 12 -7 -8 -9 -10 11 -11 -5 -14
right_child=1 2 3 5 -6 6 7 8 9 10 -12 -13 13 -15
leaf_value=-0.00095164555747849705 -0.00012025412848160283 -0.0049754973889895669 0.00053537660268776542 -0.00065263564368910098 0.00053286813240664113 -0.00029788113533652714 0.00050944497640871989 -0.00033300921352196681 0.0005705995551732228 0.00012013999500660099 0.00040987285801638676 -0.00025572756485906986 -0.00043740350638981273 1.7459198649876083e-05
leaf_weight=1411923.6877046824 1410481.6802536249 1829979.403259635 1963461.0079301596 947302.82152068615 2634292.4868488312 1419981.5813404322 1267938.0167365074 1785055.72273314 1808347.468508482 2481194.622521162 2868128.9127056599 2350814.7798990011 1587819.5435503721 3756089.6265702248
leaf_count=1671 1408 1559 1564 1206 1912 943 854 1338 1735 2118 2865 1984 1450 3968
internal_value=0.000330275 0.000600845 0.000101107 0.000495402 0.00357425 1.95377e-05 0.000873439 0.00142024 0.000834024 0.00194933 0.00113506 -0.000304209 -0.00187815 -0.00116407
internal_weight=2.95228e+07 2.81109e+07 2.40661e+07 2.22361e+07 4.04477e+06 2.02727e+07 1.39815e+07 1.25615e+07 1.12935e+07 9.50849e+06 7.70014e+06 4.83201e+06 6.29121e+06 5.34391e+06
internal_count=26575 24904 21584 20025 3320 18461 11837 10894 10040 8702 6967 4102 6624 5418
is_linear=0
shrinkage=0.03


Tree=63
num_leaves=15
num_cat=2
split_feature=2 16 10 10 0 13 16 14 1 9 14 14 0 1
split_gain=47551.5 56123.7 54891.8 37404.7 42213.8 25280.4 25798.2 24598.5 20865.7 19148.8 15711.5 14348.5 13619.3 9379.82
threshold=1.0000000180025095e-35 0.059014050135174294 0.90675470765210653 1.022958258627247 0 1.061197350288499 0.031094538954865185 0.88300502562602323 17.500000000000004 89.500000000000014 0.93650401968429875 1.0137440949355379 1 11.500000000000002
decision_type=2 2 2 2 1 2 2 2 2 2 2 2 1 2
left_child=3 5 -3 -1 -5 6 11 -4 9 -9 -8 -2 -7 -12
right_child=1 2 7 4 -6 12 10 8 -10 -11 13 -13 -14 -15
leaf_value=-0.0004614905428405356 -0.00064851684492985158 -0.00067627806323658393 -0.00024916999360072577 0.00019263069888097908 -0.00063464767218084149 0.00018760214274005587 -1.0668405973720792e-05 0.00035827313746780205 -0.00012374589564661081 7.4382433033546677e-05 0.00049819226759330163 0.00042708467332156565 0.00088317399256963305 0.00027156357225135188
leaf_weight=1999955.2885481119 849369.70495533943 1806111.9842224121 1705924.2526268959 1800182.3244572878 1267129.6107839346 588642.02963852882 1344783.4839820862 1938713.1781394482 2528885.6602232456 7517343.09422791 1380338.3049157858 349423.84106445312 1866500.7309001684 2328666.4585165977
leaf_count=1471 3048 1133 1057 1430 1057 1562 1113 1194 1401 4584 1147 1587 2942 1742
internal_value=0.000228184 0.000781425 -0.000301438 -0.00241447 -0.000333201 0.00270858 0.00169567 0.00034706 0.000826818 0.00147415 0.0026342 -0.00226093 0.00528818 0.00364141
internal_weight=2.9272e+07 2.42047e+07 1.5497e+07 5.06727e+06 3.06731e+06 8.70772e+06 6.25258e+06 1.36909e+07 1.19849e+07 9.45606e+06 5.05379e+06 1.19879e+06 2.45514e+06 3.709e+06
internal_count=26468 22510 9369 3958 2487 13141 8637 8236 7179 5778 4002 4635 4504 2889
cat_boundaries=0 1 2
cat_threshold=117 448
is_linear=0
shrinkage=0.03


Tree=64
num_leaves=15
num_cat=2
split_feature=12 12 16 14 12 12 14 0 12 12 12 0 1 12
split_gain=57572.1 74463.3 57730.8 47021.6 40748 31556.8 28685.3 34000.6 33165.6 28564.3 21516.4 17511.9 17171.8 18397.5
threshold=0.94365407296847026 0.98124154101434635 0.065800905902728843 1.0046522558627082 0.99504303367625979 1.0365083271516857 0.82684760277095048 0 1.0218310413711047 1.0664942906908104 1.0664942906908104 1 17.500000000000004 1.0137025498423149
decision_type=2 2 2 2 2 2 2 1 2 2 2 1 2 2
left_child=-1 2 -2 6 -5 12 -3 8 -8 -7 11 -9 13 -6
right_child=1 3 -4 4 5 9 7 10 -10 -11 -12 -13 -14 -15
leaf_value=-0.00089860095649752576 0.00083451914111940125 -0.0004917266070337109 5.2311027542986949e-05 -0.00061416394178078165 0.00016157889632876046 -0.00036029411012743987 0.0007153137943201951 0.00011015357541436831 -3.6163785203981017e-05 0.0004423688944110159 0.00016423866835617144 -0.00016907216969456784 6.262245490990163e-05 0.00068554497415235899
leaf_weight=1225552.6039464474 1671018.7248870134 1251109.5964289904 1643337.3551940918 1124395.0445121527 2406905.4827820063 1320493.2921541929 1235213.2769235373 1703980.1053514481 1774654.5633188486 930687.45177316666 1482196.9129923582 8245633.7363411188 1377886.4838073254 1914425.1868525743
leaf_count=1488 1804 1689 779 1141 1834 1410 1445 2125 2198 1357 1192 4545 1594 1955
internal_value=0.000196556 0.000474329 0.00469733 -9.07858e-05 0.00162815 0.00238415 -0.00108481 -0.000707289 0.00212958 -0.000623145 -0.0014542 -0.00195655 0.00357203 0.00450189
internal_weight=2.93075e+07 2.80819e+07 3.31436e+06 2.47676e+07 9.07479e+06 7.9504e+06 1.56928e+07 1.44417e+07 3.00987e+06 2.25118e+06 1.14318e+07 9.94961e+06 5.69922e+06 4.32133e+06
internal_count=26556 25068 2583 22485 9291 8150 13194 11505 3643 2767 7862 6670 5383 3789
cat_boundaries=0 1 2
cat_threshold=98 129
is_linear=0
shrinkage=0.03


Tree=65
num_leaves=15
num_cat=2
split_feature=11 10 11 10 13 12 12 0 11 1 11 11 12 0
split_gain=60717.9 40556.8 86043.2 72493.2 35925.5 44381.4 39423.7 41534.9 33664.7 36165.1 45986.4 49748 25904.6 49480.8
threshold=1.1761963940655993 0.80264756421392891 0.90531449438650002 0.90675470765210653 1.0437288525276693 1.0747571261860707 1.0331847365990243 0 0.99469405307571501 17.500000000000004 1.01278369294476 1.0275274932361529 1.0051969303918387 1
decision_type=2 2 2 2 2 2 2 1 2 2 2 2 2 1
left_child=1 -1 -3 -4 5 6 7 -5 -9 10 -10 -12 13 -6
right_child=-2 2 3 4 12 -7 -8 8 9 -11 11 -13 -14 -15
leaf_value=-0.00088369713538709576 -0.00060091984926061474 0.00081489947621129024 -0.00088269223292715339 0.00050023977409736388 5.1065445674563443e-05 0.00038753932576720006 -0.00036652695769106289 0.00020371154453395498 -0.00032168491664646178 -0.00038467476268066423 0.00040255757913668512 -9.475954067634669e-05 0.0001651787779719947 0.00074403187458481465
leaf_weight=1166950.0940221548 1244711.4391131401 1257792.9085667133 1371456.4953538179 2500341.63410604 1250841.2952495813 1497132.1263251305 2681290.3980097771 2053479.6333003044 1657888.7760504484 1886488.4371955395 1943935.4760798216 2694637.0545102358 4764991.1357393265 1417940.1782890558
leaf_count=1394 1313 980 1077 3364 1116 1359 2718 1379 988 1382 1172 1717 5160 1525
internal_value=0.000366565 0.000653322 0.00089017 0.000515509 0.0008935 0.000129579 -0.000349269 0.00034676 -0.00049993 -0.00136177 -0.0002701 0.00126266 0.00263177 0.00499812
internal_weight=2.93899e+07 2.81452e+07 2.69782e+07 2.57204e+07 2.4349e+07 1.69152e+07 1.54181e+07 1.27368e+07 1.02364e+07 8.18295e+06 6.29646e+06 4.63857e+06 7.43377e+06 2.66878e+06
internal_count=26644 25331 23937 22957 21880 14079 12720 10002 6638 5259 3877 2889 7801 2641
cat_boundaries=0 1 2
cat_threshold=226 268
is_linear=0
shrinkage=0.03


Tree=66
num_leaves=15
num_cat=3
split_feature=9 9 16 12 10 14 13 0 0 0 14 1 16 13
split_gain=44541.7 65612.7 49626.8 69198.3 48244.1 37426.9 34357.8 48173 33133 28802.2 24650.5 17534 14033.2 13034
threshold=74.500000000000014 89.500000000000014 0.052979303042598229 0.98075970649359323 1.0126286975463843 0.95755032181688737 0.98036236086411988 0 1 2 0.99069238779689206 13.500000000000002 0.034808494735768351 0.91846934119704582
decision_type=2 2 2 2 2 2 2 1 1 1 2 2 2 2
left_child=-1 8 3 -3 6 13 7 -4 -2 -6 -11 12 -7 -5
right_child=1 2 4 5 9 11 -8 -9 -10 10 -12 -13 -14 -15
leaf_value=-0.00031861198074124348 0.000660932050784626 0.0017716206266772815 0.00019949129040023076 -0.0010286889426038754 0.000215203612746288 0.00021755297093952865 -0.0005236666845652117 -0.00054761438481072114 0.000142018225550861 -0.00014623389685994523 0.00026166594451003259 0.00016510656532371697 0.00093944422665172061 -0.00013321524086208882
leaf_weight=2236775.0100754499 1231860.1058022976 812800.30923175812 2107487.6672515869 463900.97268140316 3909270.8349609375 513821.73225915432 2997221.9053955078 1740828.1898498535 1145451.1518458128 5931918.4154052734 3276211.2318043709 1448955.6948747635 873730.85511875153 645855.86494386196
leaf_count=1932 1234 1846 995 1372 1831 2434 1784 1349 1002 3705 2272 2613 832 1391
internal_value=0.000398691 0.000734533 0.000276773 0.00302966 -0.000379502 0.00138791 -0.00242101 -0.000545351 0.00549484 0.000685893 -0.000230059 0.00321535 0.00562566 -0.00328296
internal_weight=2.93361e+07 2.70993e+07 2.4722e+07 4.75907e+06 1.99629e+07 3.94627e+06 6.84554e+06 3.84832e+06 2.37731e+06 1.31174e+07 9.20813e+06 2.83651e+06 1.38755e+06 1.10976e+06
internal_count=26592 24660 22424 10488 11936 8642 4128 2344 2236 7808 5977 5879 3266 2763
cat_boundaries=0 1 2 3
cat_threshold=277 179 80
is_linear=0
shrinkage=0.03


Tree=67
num_leaves=15
num_cat=2
split_feature=2 9 16 16 1 11 14 2 0 14 11 13 0 16
split_gain=44741.4 42659.7 38665.2 34496.7 32997.7 38843.8 37176.9 26932.4 26284.1 19300.2 26664.4 26614.4 11044.4 8648.84
threshold=1.0000000180025095e-35 74.500000000000014 0.059014050135174294 0.062033132775257162 9.5000000000000018 0.97657270501056159 0.94793288859221747 4.5000000000000009 0 0.99139221160090141 0.9847744481008941 0.98749970395885911 1 0.054451771786092014
decision_type=2 2 2 2 2 2 2 2 1 2 2 2 1 2
left_child=3 -2 9 13 -4 -6 -7 8 -8 10 -3 12 -12 -1
right_child=1 2 4 -5 5 6 7 -9 -10 -11 11 -13 -14 -15
leaf_value=-0.00029557395492784072 -0.0003135067408903332 0.00060224070073737924 0.00018353439741414403 -3.8820148050712238e-05 -0.00059060857418215165 -0.00029125658793701753 0.0003295574492715089 0.0004694600209973795 -0.00014398260825598772 0.00050483917683879142 -6.0555766088292642e-05 0.0002694695133434965 -0.00046438148347582907 -0.00059922420393699824
leaf_weight=1242702.9566574097 1838405.3345544338 836363.64914095402 3918884.8052649498 2859065.5097351074 2278994.3400268555 2128775.6193127632 1968870.712890625 1894878.6249059439 2123421.530456543 4170155.5168895721 698777.93102586269 1389490.4742799997 872417.06180083752 988714.45849609375
leaf_count=1937 1642 1134 1848 1370 1535 1479 1324 1676 836 6763 1468 1764 1058 656
internal_value=0.000165955 0.00070535 0.00106776 -0.00238978 0.000135388 -0.000749026 0.000222766 0.00143348 6.43185e-05 0.00274285 0.00119545 -0.000140732 -0.00281556 -0.00518523
internal_weight=2.92099e+07 2.41194e+07 2.2281e+07 5.09048e+06 1.43138e+07 1.03949e+07 8.11595e+06 5.98717e+06 4.09229e+06 7.9672e+06 3.79705e+06 2.96069e+06 1.57119e+06 2.23142e+06
internal_count=26490 22527 20885 3963 8698 6850 5315 3836 2160 12187 5424 4290 2526 2593
cat_boundaries=0 1 2
cat_threshold=355 484
is_linear=0
shrinkage=0.03


Tree=68
num_leaves=15
num_cat=2
split_feature=2 16 12 3 11 0 11 14 10 0 12 12 1 11
split_gain=60150.8 51176.8 68573.3 56599.9 76192.4 47539.9 43314.7 27382 24017.5 36213.2 23007.5 30599.5 24567.6 27376
threshold=1.0000000180025095e-35 0.07190894582191279 0.98124154101434635 1.0000000180025095e-35 1.0025409389413917 0 1.0481177777849275 0.95289656704802284 1.022958258627247 1 0.9986158363148413 1.0024913181220338 18.500000000000004 1.01278369294476
decision_type=2 2 2 2 2 1 2 2 2 1 2 2 2 2
left_child=8 2 5 -3 -5 -2 -6 -4 -1 -10 -9 -12 13 -13
right_child=1 3 7 4 6 -7 -8 10 9 -11 11 12 -14 -15
leaf_value=-0.00045629282248335867 0.0009578079226482566 7.3738375288656316e-05 -0.00013203924419060993 -0.0011358464013975329 0.00033141938701282381 0.00031933465909164075 -0.00049159340380409088 -0.00034880364942678363 0.00013794438526403772 -0.00053121069610020011 0.000469220291548076 -9.0176746818644387e-05 -0.00019135360131049319 0.00036865227684349016
leaf_weight=1948962.1624795198 1033693.5259268284 4642084.9061279297 3058744.1719636917 1457474.6979370117 1467052.0825896263 1294865.41013062 1440251.5063607693 1266113.0433485508 1599536.1073733568 1455648.3785772324 928131.14902245998 1415195.5292346478 1921288.4616339207 4166879.5942320824
leaf_count=1483 949 2025 4115 1023 899 1699 1153 1420 1391 1079 884 1331 2677 4365
internal_value=0.000192247 0.000813912 0.00188233 -0.000975491 -0.00342804 0.00661653 -0.000621628 0.00101814 -0.00280067 -0.00114069 0.00179874 0.00236499 0.00172936 0.00273646
internal_weight=2.90959e+07 2.40918e+07 1.50849e+07 9.00686e+06 4.36478e+06 2.32856e+06 2.9073e+06 1.27564e+07 5.00415e+06 3.05518e+06 9.69761e+06 8.43149e+06 7.50336e+06 5.58208e+06
internal_count=26493 22540 17440 5100 3075 2648 2052 14792 3953 2470 10677 9257 8373 5696
cat_boundaries=0 1 2
cat_threshold=152 369
is_linear=0
shrinkage=0.03


Tree=69
num_leaves=15
num_cat=3
split_feature=11 12 12 2 9 0 11 12 0 14 9 12 0 11
split_gain=44125 49539.7 39800.1 51936.6 51954 45269.4 33913.1 33397.8 28267.1 23292 21979.2 25386.2 53123.5 17882.3
threshold=1.1761963940655993 1.0747571261860707 1.0331847365990243 1.0000000180025095e-35 74.500000000000014 0 1.01278369294476 0.98613925267429281 1 0.9857165625866009 89.500000000000014 0.98603147315637651 2 1.0486312805951197
decision_type=2 2 2 2 2 1 2 2 1 2 2 2 1 2
left_child=1 2 3 -1 -5 6 7 -6 -4 -8 -7 -12 -13 -14
right_child=-2 -3 8 4 5 10 9 -9 -10 -11 11 12 13 -15
leaf_value=-0.0001993234041935256 -0.00054258323862340588 0.00042646696178640347 -0.00069692489734412123 -0.00031378145981902813 0.00016463618054606257 0.00055720515385378655 -4.137400377513731e-06 -0.0011664712896928501 -9.8895590514644013e-05 0.00067607213027339906 0.00050166515526019889 0.00098220661091749282 9.718888959355475e-05 -0.00037728598613275948
leaf_weight=3695470.4266952276 1217573.9403947592 1983651.8586287498 1445410.7319052219 1777831.114084363 1774149.3376871347 1165320.2634749413 1838567.3308180571 1821142.209592104 2800571.8252811432 1543033.0763204098 1879360.0052832365 1379708.5700093508 3779867.3467476368 1096851.1050031185
leaf_count=2714 1310 1997 1132 1489 1466 1137 1273 1396 3418 1326 1956 1400 3270 1192
internal_value=0.000357072 0.000600348 0.000251662 0.000770278 0.00143347 0.0019653 0.000138626 -0.00188984 -0.0024051 0.00229528 0.0033355 0.00278358 0.00186511 0.000394718
internal_weight=2.91985e+07 2.79809e+07 2.59973e+07 2.17513e+07 1.80558e+07 1.6278e+07 6.97689e+06 3.59529e+06 4.24598e+06 3.3816e+06 9.30111e+06 8.13579e+06 6.25643e+06 4.87672e+06
internal_count=26476 25166 23169 18619 15905 14416 5461 2862 4550 2599 8955 7818 5862 4462
cat_boundaries=0 1 2 3
cat_threshold=268 10 66
is_linear=0
shrinkage=0.03


Tree=70
num_leaves=15
num_cat=4
split_feature=11 10 0 2 16 11 0 0 16 10 10 0 16 10
split_gain=39805.3 33003.1 32718.1 31513 44713.4 30093 55432.1 31565.5 29601.9 24456.4 22209.8 19251.4 14222 11246.3
threshold=1.1792307564141953 1.1167637388112681 0 1.0000000180025095e-35 0.066633989729168841 1.0201167971050777 1 2 0.059925944433296623 0.97219489813754789 1.0291511211659856 3 0.05132675896361856 0.99026110741411444
decision_type=2 2 1 2 2 2 1 1 2 2 2 1 2 2
left_child=1 3 -3 8 5 7 -7 13 -1 -6 12 -11 -9 -5
right_child=-2 2 -4 4 9 6 -8 10 -10 11 -12 -13 -14 -15
leaf_value=-0.0003931416688908796 -0.00055928736714192353 0.00042522824013801081 -6.6924935599269375e-05 0.00024529376418645765 -0.00054767328184748495 -0.00046183102676064275 0.00026512491312876969 0.00010765339889261525 -2.8792278609509607e-05 0.00015490150899664666 0.000325533854595752 -7.0242933337674463e-05 0.00039916215081048481 -0.00027327226342093309
leaf_weight=1689838.3468488455 1183118.7746120691 2345682.1214908361 1335299.2376343012 935633.02544784546 1834556.6752624512 1464257.4200364351 3120856.0665729046 1015233.4091944695 2436363.2112121582 2514963.1720275879 868964.54685819149 5420580.8699939251 2166596.4456176758 955650.4408800602
leaf_count=1946 1237 2042 1985 1149 1116 1331 4391 2441 1180 2164 921 2090 1366 1188
internal_value=0.000195958 0.00042288 0.00307097 2.3773e-05 0.000509641 0.00186612 4.01627e-05 0.0032751 -0.00236627 -0.000951957 0.00476915 -0.000230277 0.00360828 7.50835e-05
internal_weight=2.92876e+07 2.81045e+07 3.68098e+06 2.44235e+07 2.02973e+07 1.05272e+07 4.58511e+06 5.94208e+06 4.1262e+06 9.7701e+06 4.05079e+06 7.93554e+06 3.18183e+06 1.89128e+06
internal_count=26547 25310 4027 21283 18157 12787 5722 7065 3126 5370 4728 4254 3807 2337
cat_boundaries=0 1 2 3 4
cat_threshold=87 17 324 227
is_linear=0
shrinkage=0.03


Tree=71
num_leaves=15
num_cat=4
split_feature=12 12 10 1 16 0 0 11 0 0 11 10 10 10
split_gain=42479.4 92562.7 69596.5 41780.8 32040.1 30202.8 25125.5 28699 24826 24392.4 16856.2 23511.5 35828.6 48198.9
threshold=0.94365407296847026 0.98124154101434635 0.90675470765210653 17.500000000000004 0.069565211448766054 0 1 1.0273366141169642 2 3 1.1475241188057654 1.1167637388112681 1.0449516634702618 1.0283647253166985
decision_type=2 2 2 2 2 1 1 2 1 1 2 2 2 2
left_child=-1 4 -3 6 -2 -5 7 8 -4 -9 11 12 13 -8
right_child=1 2 3 5 -6 -7 10 9 -10 -11 -12 -13 -14 -15
leaf_value=-0.00076181240243728689 0.00071767295015652034 -0.0010719491034175974 0.00042233916141290071 -0.00037771649946441552 0.0001126271938374204 -3.196392127080417e-05 0.00011346805099647091 -2.4033788818666878e-05 -0.00013447697116411385 -0.00061521371553944929 -0.00021112581949199989 0.00062766395327455346 -8.7232958036318348e-05 0.0005797094615003596
leaf_weight=1256163.2128578424 2025357.0107473135 1646924.4740177393 1158542.8537144661 2031207.2192611694 1329368.592010498 3398908.4207215309 5161343.7084115744 1394057.8637638092 1214917.3239591122 1347378.4180562496 1306484.5006853342 1416319.0917716026 3206036.0677707195 1514210.8274190426
leaf_count=1510 1984 1408 750 1398 606 4630 3700 1731 1486 822 1256 1372 2767 1201
internal_value=0.000283794 0.000524651 -0.000108091 0.000315833 0.00520154 -0.00198645 0.00102137 -0.000751992 0.0016631 -0.00284292 0.00174101 0.00211408 0.00159596 0.00284784
internal_weight=2.94072e+07 2.81511e+07 2.47963e+07 2.31494e+07 3.35473e+06 5.43012e+06 1.77193e+07 5.1149e+06 2.37346e+06 2.74144e+06 1.26044e+07 1.12979e+07 9.88159e+06 6.67555e+06
internal_count=26621 25111 22521 21113 2590 6028 15085 4789 2236 2553 10296 9040 7668 4901
cat_boundaries=0 1 2 3 4
cat_threshold=18 392 8 384
is_linear=0
shrinkage=0.03


Tree=72
num_leaves=15
num_cat=4
split_feature=9 2 10 0 3 11 9 11 10 0 11 11 0 0
split_gain=40770.2 44649.5 38142.7 40097.3 35289.1 66432.1 30059.4 31807.4 45332 28646.9 26361.3 56827.8 38379.2 25325.1
threshold=68.500000000000014 1.0000000180025095e-35 1.022958258627247 0 2.5000000000000004 1.0025409389413917 89.500000000000014 0.90531449438650002 0.94660554909741312 1 1.0001372609616839 1.01278369294476 2 3
decision_type=2 2 2 1 2 2 2 2 2 1 2 2 1 1
left_child=-1 2 -2 -4 6 -6 -3 -8 -9 -7 13 -12 -13 -10
right_child=1 4 3 -5 5 9 7 8 10 -11 11 12 -14 -15
leaf_value=-0.00053514920674730846 -0.00042678573365024554 0.00036820637695117144 0.00017542485938892358 -0.00062267247858674034 -0.001440756189116434 -0.00024366892284084663 0.00060267618423487249 -0.00073360643384672573 0.00040450551488904605 -0.00018757967176946135 -0.00046143776082349696 0.00041954609220707279 1.3875825806306988e-05 6.1286638329656815e-05
leaf_weight=1208594.1176531315 1845044.4664312601 2583779.4659477472 1823551.3594791889 1271909.5729846954 1072452.8636165857 665232.62557268143 1565278.5705138445 1242251.4713982344 1619858.5939781666 1055167.0561676025 1392638.406483531 2913121.4758788347 7893699.1910812855 1290794.2083320618
leaf_count=1059 1381 2232 1364 1071 1597 980 1349 1021 1076 1733 1091 2477 6715 1347
internal_value=0.000315344 0.000546309 -0.00204415 -9.06513e-06 0.00109572 -0.0020679 0.00152669 0.00109047 0.000699406 0.00158519 0.00115231 0.000540245 0.00127527 0.00371765
internal_weight=2.94434e+07 2.82348e+07 4.94051e+06 3.09546e+06 2.32943e+07 2.79285e+06 2.05014e+07 1.79176e+07 1.63524e+07 1.7204e+06 1.51101e+07 1.21995e+07 1.08068e+07 2.91065e+06
internal_count=26493 25434 3816 2435 21618 4310 17308 15076 13727 2713 12706 10283 9192 2423
cat_boundaries=0 1 2 3 4
cat_threshold=372 112 68 57
is_linear=0
shrinkage=0.03


Tree=73
num_leaves=15
num_cat=1
split_feature=11 12 12 2 10 0 12 12 1 11 12 10 12 12
split_gain=41593.8 46156.3 43796.6 46538.9 41805.1 42779.1 31836.5 56481.3 55557.6 29634.8 35826.9 28107.6 24518.9 44276.5
threshold=1.1761963940655993 1.0920528378804466 1.0331847365990243 1.0000000180025095e-35 1.0862148502590399 0 0.98603147315637651 0.99929039374996764 17.500000000000004 1.01278369294476 0.99227196909529336 1.022958258627247 1.0053593290700693 1.0149511273734639
decision_type=2 2 2 2 2 1 2 2 2 2 2 2 2 2
left_child=1 2 3 11 5 6 -5 -8 12 10 -7 -1 -9 -14
right_child=-2 -3 -4 4 -6 9 7 8 -10 -11 -12 -13 13 -15
leaf_value=-0.00042675663721523412 -0.00049893819220419395 0.00044045986627996538 -0.0003041885521575714 0.00040797479730310041 0.00077042662179403515 -2.3672484930939445e-05 -0.00051393038909217916 0.0004852315308005696 -0.000227890060345437 0.00013771920635254013 -0.00084873173359588481 1.0246743379621118e-05 -0.00012460215990271075 0.0004777779053598893
leaf_weight=1727644.0797171593 1257491.3151528835 1502342.0380110741 4754445.975758791 2312737.1782362461 1735162.3664940596 1870325.594892621 1335123.2658548355 1832383.9400480986 1634478.4630219936 2401636.5550539494 1421508.8941026926 1939583.2949384451 1579762.0761090517 1829140.760782361
leaf_count=1284 1320 1349 5186 1843 1945 1973 947 1228 1525 2336 1494 1422 1074 1512
internal_value=0.000230803 0.000471556 0.000180205 0.000753505 0.0013826 0.000909055 0.00204238 0.00116666 0.00226308 -0.00118575 -0.00303446 -0.00232612 0.00376901 0.00226464
internal_weight=2.91338e+07 2.78763e+07 2.63739e+07 2.16195e+07 1.79523e+07 1.62171e+07 1.05236e+07 8.21089e+06 6.87577e+06 5.69347e+06 3.29183e+06 3.66723e+06 5.24129e+06 3.4089e+06
internal_count=26438 25118 23769 18583 15877 13932 8129 6286 5339 5803 3467 2706 3814 2586
cat_boundaries=0 1
cat_threshold=59
is_linear=0
shrinkage=0.03


Tree=74
num_leaves=15
num_cat=0
split_feature=12 11 10 12 12 11 12 10 10 11 14 12 11 1
split_gain=35447.6 75730.4 71337.7 52955.8 55849.7 40945 63089.4 39930.5 68267 45340.5 30523.7 28354.2 37927.2 24689.8
threshold=0.94365407296847026 0.88726764062237595 0.91803706662057427 1.0081464412505341 1.0137025498423149 1.1847991086997858 1.1119442343149464 0.98873969880633472 1.0283647253166985 1.0273366141169642 0.97261381920622114 1.0222447880274059 1.0358148757179293 8.5000000000000018
decision_type=2 2 2 2 2 2 2 2 2 2 2 2 2 2
left_child=-1 -2 -3 7 -5 6 11 -4 10 -10 -9 12 -6 -13
right_child=1 2 3 4 5 -7 -8 8 9 -11 -12 13 -14 -15
leaf_value=-0.00064472779894171573 0.00067823748197525077 -0.00082873198155810235 0.00066676379208656822 -0.00036868548311330137 -6.8398264155490103e-05 -0.00051350730353972359 0.00075611433223592974 -0.00056648573345783183 0.00058320538402820642 1.188439177566538e-05 3.0964892923273397e-05 0.00021992660266622916 0.00085997100006571085 -0.00017695624407156927
leaf_weight=1262042.7549283504 1274669.1463639736 1856550.8109110594 1577572.8423950672 2339584.7502373457 1721172.0850670338 1032343.6928027868 1052828.3307087421 1317673.4160220623 2190347.6944863796 1375626.8348315954 2938143.0545783043 1447805.4762302637 1307272.1573255062 6581837.2056910992
leaf_count=1529 982 1553 1382 1866 1516 1090 1007 1136 1610 1279 2155 2235 1514 5710
internal_value=0.000195175 0.000416748 7.61816e-05 0.000499453 -0.000578891 0.000181303 0.000670173 0.00227573 0.00139758 0.00445937 -0.00116791 2.06015e-06 0.00247565 -0.000930876
internal_weight=2.92755e+07 2.80134e+07 2.67388e+07 2.48822e+07 1.54828e+07 1.31433e+07 1.21109e+07 9.39936e+06 7.82179e+06 3.56597e+06 4.25582e+06 1.10581e+07 3.02844e+06 8.02964e+06
internal_count=26564 25035 24053 22500 14938 13072 11982 7562 6180 2889 3291 10975 3030 7945
is_linear=0
shrinkage=0.03


Tree=75
num_leaves=15
num_cat=1
split_feature=12 12 10 12 12 0 11 10 1 10 10 10 11 10
split_gain=40677.7 50867.9 53895.6 27519.6 43012.6 30060.7 47438.4 21331.9 22228.5 44918.4 34850.6 34386 29190.3 20737.8
threshold=0.94365407296847026 0.98124154101434635 0.91803706662057427 1.0017672621402147 0.99894081004665003 0 1.0188102196094191 1.0029542376457479 17.500000000000004 1.0557838013323353 1.1163582065134401 1.0763747251879987 1.1551876131005787 1.0361774965034085
decision_type=2 2 2 2 2 1 2 2 2 2 2 2 2 2
left_child=-1 13 -3 4 -4 6 -5 -7 9 -9 -11 -10 -12 -2
right_child=1 2 3 5 -6 7 -8 8 11 10 12 -13 -14 -15
leaf_value=-0.00070871115624051597 0.00064742330974560942 -0.00076934969391279789 6.8587745267970193e-05 -0.00043053314119234474 0.00081281877102780907 -0.00039174257432361757 0.00036980331040953562 0.0001803142827252307 -0.00043915351803489679 -0.00039294352927241505 0.00024899987766862443 0.00012293983935506659 -0.00033291543059748657 0.00017114033474745287
leaf_weight=1264772.0241402388 1883745.6566628218 1822168.8253214359 2537680.1088078022 1138809.8515121937 1145006.6608362198 1823255.8792006969 4428803.6000837088 4779647.2780650854 1604041.3547844887 1836923.3321837187 1261429.0169116259 1084548.8096532822 1230833.2838497162 1433944.0902061462
leaf_count=1551 1432 1501 2308 1154 954 1665 5400 3177 1383 1414 1088 1231 1156 1132
internal_value=0.00030061 0.000538234 6.96252e-05 0.00046523 0.00284063 9.33524e-06 0.00186657 -0.000749833 -0.000283102 0.000424378 -0.00178921 -0.00268001 0.000521642 0.00402603
internal_weight=2.92756e+07 2.80108e+07 2.46931e+07 2.2871e+07 3.68269e+06 1.91883e+07 5.56761e+06 1.36207e+07 1.17974e+07 9.10883e+06 4.32919e+06 2.68859e+06 2.49226e+06 3.31769e+06
internal_count=26546 24995 22431 20930 3262 17668 6554 11114 9449 6835 3658 2614 2244 2564
cat_boundaries=0 1
cat_threshold=100
is_linear=0
shrinkage=0.03


Tree=76
num_leaves=15
num_cat=2
split_feature=12 11 11 14 16 2 13 0 12 0 2 11 16 12
split_gain=41034.8 54438 40949.1 38344.4 24916.5 19915.3 17193.7 16789.5 15177.8 25974.4 38716.3 24084.6 17628.8 15305.1
threshold=0.94365407296847026 0.88726764062237595 0.93688309830656225 1.0328077751776397 0.028591112356170421 4.5000000000000009 1.143061739782258 0 1.0331847365990243 1 2.5000000000000004 1.0979770383013885 0.07190894582191279 1.0053593290700693
decision_type=2 2 2 2 2 2 2 1 2 1 2 2 2 2
left_child=-1 -2 -3 4 -4 6 -5 -6 9 -9 13 -10 -12 -11
right_child=1 2 3 5 7 -7 -8 8 11 10 12 -13 -14 -15
leaf_value=-0.00076431050387353624 0.00059458377974052777 -0.00075338308659703417 -0.0005856011261113689 0.00027116772032575412 0.0002555128371974515 0.0011213399456815839 -0.00021568039659029223 -0.00017820887349850832 -0.0005151388400578854 6.4878646365574722e-05 0.00037675633758071415 3.1763697325613026e-06 3.9463517015896504e-05 -0.0001583461356212222
leaf_weight=1224331.4645303488 1312515.040160656 1380658.3440486193 1242663.4863911867 2758696.2950773239 2106100.8721160889 884178.66860985756 1037437.4875600338 3507441.9165458679 1823012.3224697113 2519562.4388122559 2471510.1909790039 2732933.3160858154 1983464.3577880859 2382780.8725585938
leaf_count=1508 1014 1169 4521 2603 2528 1912 1679 1957 1118 1126 1632 1770 925 1107
internal_value=0.000268724 0.000502624 0.000210796 0.000483776 -6.90067e-05 0.00293682 0.00199237 0.000193121 -0.000112745 0.00041422 0.00123952 -0.00160075 0.00326381 -0.000600035
internal_weight=2.93673e+07 2.8143e+07 2.68304e+07 2.54498e+07 2.07695e+07 4.68031e+06 3.79613e+06 1.95268e+07 1.74207e+07 1.28648e+07 9.35732e+06 4.55595e+06 4.45497e+06 4.90234e+06
internal_count=26569 25061 24047 22878 16684 6194 4282 12163 9635 6747 4790 2888 2557 2233
cat_boundaries=0 1 2
cat_threshold=96 260
is_linear=0
shrinkage=0.03


Tree=77
num_leaves=15
num_cat=2
split_feature=9 11 12 12 11 10 12 14 0 14 3 12 12 0
split_gain=32821.3 31855.9 40267.6 29215.6 47650.1 54319.8 31696.6 35052 31604.6 21319.4 30488.2 60773.1 44269.4 36614.6
threshold=68.500000000000014 1.1761963940655993 1.0920528378804466 0.94365407296847026 0.88726764062237595 0.90675470765210653 1.0331847365990243 1.0657102020289662 0 0.87472871039131206 1.0000000180025095e-35 1.0039311402383728 1.013544279386674 1
decision_type=2 2 2 2 2 2 2 2 1 2 2 2 2 1
left_child=-1 2 3 -2 -5 -6 7 8 -7 -10 11 -11 -13 -12
right_child=1 -3 -4 4 5 6 -8 -9 9 10 13 12 -14 -15
leaf_value=-0.00057067256989329156 -0.00070794705501565588 -0.00045963200051075005 0.00032079203836273381 0.00059438944687733621 -0.00082495182549319386 0.00056195116104181529 -0.0001753171701770555 0.0008101035406461618 -0.00025817059395732582 0.00021834670745784674 0.00039788135305100553 -0.0004230279871630197 -1.0794002070296551e-05 7.6848420513971958e-05
leaf_weight=1149889.9567558765 1213059.6878395081 1226803.1998310089 1494823.8410545588 1227470.6472592354 1728721.3481147289 2038925.7295414209 4365352.1024315357 1345209.421843648 1394649.1963119507 3471107.77240026 1594802.4065868855 2054578.0597045422 2454940.8722980022 2264378.9667813778
leaf_count=1031 1503 1295 1354 963 1455 1896 4726 2474 1311 2117 1360 1180 1644 2052
internal_value=0.000194584 0.000399482 0.000617085 0.000332793 0.000562942 0.000251798 0.000672898 0.00127048 0.000861587 0.000325941 0.000739195 -0.000319435 -0.00261626 0.0029284
internal_weight=2.90247e+07 2.78748e+07 2.6648e+07 2.51532e+07 2.39401e+07 2.27127e+07 2.09839e+07 1.66186e+07 1.52734e+07 1.32345e+07 1.18398e+07 7.98063e+06 4.50952e+06 3.85918e+06
internal_count=26361 25330 24035 22681 21178 20215 18760 14034 11560 9664 8353 4941 2824 3412
cat_boundaries=0 1 2
cat_threshold=66 176
is_linear=0
shrinkage=0.03


Tree=78
num_leaves=15
num_cat=0
split_feature=11 10 2 16 2 11 10 14 10 1 14 11 11 10
split_gain=33077.3 42255.5 30137.7 28236.8 48318.3 33228.8 23775.7 18102.1 16309.5 12676 15610.2 18379.7 25964.2 12362.4
threshold=1.1792307564141953 1.1267163222885357 3.5000000000000004 0.065075257163764486 1.0000000180025095e-35 0.9569913468292458 0.99451885417014119 1.0584267691984788 1.0428102923176461 18.500000000000004 0.93997663549076893 1.01278369294476 1.0287142808548067 1.0698983284546284
decision_type=2 2 2 2 2 2 2 2 2 2 2 2 2 2
left_child=1 3 -3 4 -1 -6 -5 9 -8 10 -7 -12 -13 -10
right_child=-2 2 -4 6 5 7 8 -9 13 -11 11 12 -14 -15
leaf_value=-0.00020859275334600226 -0.00049822698727504627 0.00069183764209790495 -2.7334059050698589e-05 -0.00041441137931545502 0.0006703893809627471 -0.00015043430561367276 7.1059807686090615e-05 0.00068982009735128324 -0.00021545502058104615 -0.00020833945192546259 -6.1627697381300017e-05 0.00054946689134790355 6.8914701891841616e-05 -4.0014086017081353e-06
leaf_weight=2235068.1690199375 1170616.2680476904 2169719.9424012899 1133860.8253974915 3570313.1567382812 1814703.5373636484 1005524.5079426765 5165829.0581874847 1132094.9906256199 1945328.6590576172 1892793.7745485306 1292823.3657922745 1124022.2428258657 1505954.9890772104 2058252.5292290449
leaf_count=2344 1216 2075 1578 2020 2419 1519 2538 2537 961 2490 1149 843 1511 1265
internal_value=0.000352121 0.000558345 0.00374515 0.00013285 0.00117695 0.00208744 -0.000850866 0.00125163 -4.21606e-05 0.000668547 0.00147001 0.00232483 0.00376458 -0.00147936
internal_weight=2.92169e+07 2.80463e+07 3.30358e+06 2.47427e+07 1.2003e+07 9.76792e+06 1.27397e+07 7.95321e+06 9.16941e+06 6.82112e+06 4.92833e+06 3.9228e+06 2.62998e+06 4.00358e+06
internal_count=26465 25249 3653 21596 14812 12468 6784 10049 4764 7512 5022 3503 2354 2226
is_linear=0
shrinkage=0.03


Tree=79
num_leaves=15
num_cat=2
split_feature=10 12 1 1 10 12 12 0 0 10 2 1 13 10
split_gain=33002.4 35871.2 62517.8 43133.2 33641 33215.3 70283 49487.9 45599.9 24826.6 24641.5 23596.9 14133.7 17574.9
threshold=0.80264756421392891 0.98603147315637651 16.500000000000004 11.500000000000002 0.90675470765210653 1.0077918519281821 1.0137025498423149 0 1 0.99369075874247714 1.0000000180025095e-35 9.5000000000000018 1.0176836054921354 1.0727546394858944
decision_type=2 2 2 2 2 2 2 1 1 2 2 2 2 2
left_child=-1 2 3 -2 -3 8 -7 12 -6 -10 -9 -12 13 -8
right_child=1 4 -4 -5 5 6 7 10 9 -11 11 -13 -14 -15
leaf_value=-0.00074342642718087666 0.00031943153660593857 -0.00099781810001983522 0.00089835154659161217 -0.00036179156907243889 0.00061583178494125116 -0.00033715953452037606 -0.00020565704502852877 -0.00063162116693216022 0.00024936127243124382 -0.00011360882438373222 0.00021969814847945833 -0.000130071889163832 0.00054253877357960713 0.00028370345206583372
leaf_weight=1127694.4158462286 1500393.2006698847 1282149.5038043261 1309476.9356513023 1333998.805267334 2519422.9473446608 2464669.7687165737 1280991.3807127476 1236459.4829130173 1490389.37799263 3020003.6454207897 1538864.2621896267 4918345.3734264374 2450371.4780055285 1761456.7230942249
leaf_count=1338 1528 1065 1138 823 2257 1971 1483 928 1235 2028 1864 3695 2949 2191
internal_value=0.000278182 0.000480081 0.00305733 0.000552722 3.4406e-05 0.000301659 -0.000467751 0.000401385 0.00201467 0.000208845 -0.00115149 -0.000408549 0.00257646 0.00121076
internal_weight=2.92347e+07 2.8107e+07 4.14387e+06 2.83439e+06 2.39631e+07 2.2681e+07 1.56512e+07 1.31865e+07 7.02982e+06 4.51039e+06 7.69367e+06 6.45721e+06 5.49282e+06 3.04245e+06
internal_count=26493 25155 3489 2351 21666 20601 15081 13110 5520 3263 6487 5559 6623 3674
cat_boundaries=0 1 2
cat_threshold=356 75
is_linear=0
shrinkage=0.03


Tree=80
num_leaves=15
num_cat=3
split_feature=3 10 12 12 12 12 0 12 16 9 12 0 12 0
split_gain=28573.3 76163.7 44219.8 46089.5 63198.3 35798.4 71484.8 47476.4 31504.9 33905.1 28550.8 26461.8 23870.4 23594
threshold=1.0000000180025095e-35 0.90675470765210653 1.0747571261860707 1.0039311402383728 0.95565302303404753 1.013544279386674 0 1.0205961516350299 0.079739806672640287 80.500000000000014 1.05637138242092 1 0.98244423354187715 2
decision_type=2 2 2 2 2 2 1 2 2 2 2 1 2 1
left_child=2 -2 3 4 -1 6 -5 -7 9 -3 -11 -9 -6 -14
right_child=1 8 -4 5 12 7 -8 11 -10 10 -12 -13 13 -15
leaf_value=-0.0003488186294723296 -0.0016110597062914058 -0.00075759330065182698 0.00045966493523903919 -0.0005653362444890676 0.00047606459021747808 0.0004827279571153031 2.4429388672952444e-05 0.00019372446140331938 -0.00028726359339017164 0.00031092918731737276 -0.00035315889880968695 -0.00022147713644660223 0.00066405033577572148 9.7324043560238968e-06
leaf_weight=1410789.4104778767 1325424.6322497129 767788.58864545822 1989819.3694658279 1660865.5712810755 1762296.6115398407 1704278.828998208 1822057.8634952307 2001880.0160115957 2180606.0779658556 4590315.558137536 1008693.0346761942 3618343.4276174307 1506430.3776465654 1767051.067866087
leaf_count=1303 1547 894 1718 838 1089 1471 1548 2141 1511 5861 1582 2596 1144 1204
internal_value=0.000330783 -0.000981284 0.00100392 0.000515557 0.00252314 -0.000681957 -0.00318581 0.000508669 5.63282e-05 0.00112224 0.00193294 -0.000821372 0.00409534 0.00257985
internal_weight=2.91166e+07 9.87283e+06 1.92438e+07 1.7254e+07 6.44657e+06 1.08074e+07 3.48292e+06 7.3245e+06 8.5474e+06 6.3668e+06 5.59901e+06 5.62022e+06 5.03578e+06 3.27348e+06
internal_count=26447 11395 15052 13334 4740 8594 2386 6208 9848 8337 7443 4737 3437 2348
cat_boundaries=0 1 2 3
cat_threshold=52 356 47
is_linear=0
shrinkage=0.03


Tree=81
num_leaves=15
num_cat=1
split_feature=10 11 11 9 9 11 0 12 12 11 13 11 11 12
split_gain=39816 48225.7 50464.3 32853.8 55722.9 26926.8 32864.8 28904.1 70400.8 35649.5 27120 22937.9 51841.2 45265.6
threshold=0.80264756421392891 0.90531449438650002 0.93688309830656225 74.500000000000014 87.500000000000014 1.1761963940655993 0 1.0671690946621852 1.0286147346963392 1.0280500500846799 1.1039984447842242 1.0275274932361529 1.01278369294476 1.0039311402383728
decision_type=2 2 2 2 2 2 1 2 2 2 2 2 2 2
left_child=-1 -2 -3 -4 -5 6 7 8 9 -6 11 12 13 -8
right_child=1 2 3 4 5 -7 10 -9 -10 -11 -12 -13 -14 -15
leaf_value=-0.00072806438072739942 0.00056648531178173859 -0.00070416838092893859 -0.00022294797624399827 0.00043559936619856214 0.00023270637031079597 -0.0004361354297197094 0.00011047787128026143 0.00098158103267162412 -0.00038492770881243672 0.0015585516116579288 0.00050553163681443998 -0.00012152395370939769 0.0004758714963476263 -0.00039292560566190731
leaf_weight=1124746.0467002392 1294419.4426825047 1218638.8072868586 2255230.2042746544 2209542.3974752426 953672.59647476673 1215776.4687418938 3062446.0064332485 956559.28753900528 1502924.0051980019 891000.24621033669 1833687.3499658108 6979204.4209545851 1769288.5791240931 1850350.1862337589
leaf_count=1361 977 1014 1990 1959 1254 1311 2153 1328 1932 1248 2494 4954 1153 1359
internal_value=0.000330775 0.000553146 0.000278967 0.000564208 0.000899899 0.00042341 0.000689516 0.00300859 0.00169444 0.00562136 4.53274e-05 -0.000414492 0.000841826 -0.000743935
internal_weight=2.91175e+07 2.79927e+07 2.66983e+07 2.54797e+07 2.32245e+07 2.10149e+07 1.97991e+07 4.30416e+06 3.3476e+06 1.84467e+06 1.5495e+07 1.36613e+07 6.68208e+06 4.9128e+06
internal_count=26487 25126 24149 23135 21145 19186 17875 5762 4434 2502 12113 9619 4665 3512
cat_boundaries=0 1
cat_threshold=98
is_linear=0
shrinkage=0.03


Tree=82
num_leaves=15
num_cat=3
split_feature=14 10 12 12 14 9 12 0 0 1 10 0 11 10
split_gain=25618.7 25524.8 45494.1 49837.9 44729.9 43375.9 36834.1 45261.5 38616.5 26488.2 36357.8 20176.2 18266.9 20963.1
threshold=1.0762140636938837 0.99451885417014119 0.99227196909529336 1.0049158022346554 0.82684760277095048 74.500000000000014 1.0222447880274059 0 1 9.5000000000000018 1.1267163222885357 2 1.0301164719085267 1.0291511211659856
decision_type=2 2 2 2 2 2 2 1 1 2 2 1 2 2
left_child=1 2 -1 -4 -3 -6 8 -8 12 -9 -11 -2 13 -7
right_child=11 4 3 -5 5 6 7 9 -10 10 -12 -13 -14 -15
leaf_value=0.00018197554627591702 0.0013936967910912032 -0.00037923422154874468 -0.00096168015340627729 -8.3383234063625508e-05 -0.00035220068379708687 0.00022920659472696136 -0.0006294451304365812 0.00037234305173961858 3.0912713203131825e-05 -0.00020972150133984305 0.00029419513737248364 0.0002072946674496094 0.00014917007503096333 0.00056476583648745759
leaf_weight=2409472.5243184566 557730.593303442 1659962.3953763247 1576681.8228321075 1954733.168377161 1784757.4111310244 2483101.6589676142 1531406.6243765354 1414021.4779114723 4097816.0653392076 2791074.0906524658 1903709.1782889366 1672869.5761051178 1605652.1838328838 1683158.4679700136
leaf_count=2009 1368 1875 1063 1668 1430 1436 1248 1482 3671 1986 1702 3102 1203 1150
internal_value=0.000325699 6.94698e-05 -0.00166624 -0.00383474 0.000561563 0.000968109 0.00142223 -0.000141649 0.00263284 0.00101447 -6.96842e-05 0.0034152 0.00421398 0.00526171
internal_weight=2.91261e+07 2.68955e+07 5.94089e+06 3.53141e+06 2.09547e+07 1.92947e+07 1.75099e+07 7.64021e+06 9.86973e+06 6.1088e+06 4.69478e+06 2.2306e+06 5.77191e+06 4.16626e+06
internal_count=26393 21923 4740 2731 17183 15308 13878 6418 7460 5170 3688 4470 3789 2586
cat_boundaries=0 1 2 3
cat_threshold=136 218 49
is_linear=0
shrinkage=0.03


Tree=83
num_leaves=15
num_cat=3
split_feature=14 11 16 3 2 11 11 11 14 11 0 16 0 0
split_gain=35299.9 26822.5 36656.8 22070 40341.6 56146.2 43158.1 35619.3 43511.7 32494.6 29574.9 22976.3 19302.8 17966.2
threshold=1.0328077751776397 0.97755348269850095 0.059194665732289951 1.0000000180025095e-35 1.0000000180025095e-35 0.99677933585499845 1.0144223363856211 0.97193150850967303 0.92369419509046402 1.1240227698648033 0 0.063720597560634681 1 2
decision_type=2 2 2 2 2 2 2 2 2 2 1 2 1 1
left_child=3 2 -2 4 11 -6 -7 -5 -9 10 -8 -1 -3 -10
right_child=1 12 -4 7 5 6 9 8 13 -11 -12 -13 -14 -15
leaf_value=-0.0003749124961055357 0.00050795127433264555 0.00043377603530810895 -0.00090539608235780118 -0.00094910965338719391 0.00044282728695131516 -0.00037899212673528479 -0.00012549337249232473 -0.0006786477663368785 -0.00026360738452944801 0.00043845477124448349 0.00020924601200587474 -5.56677471819319e-07 0.00036681134508342693 0.00014699037074690239
leaf_weight=2186485.4266793728 742997.08430552483 1114690.9219878912 743446.4111328125 1444388.5964715481 2775406.8273541927 1416537.8772882223 2663428.4489922523 1214411.6171224117 1185751.344951272 1383880.7088463306 2977142.932015419 2324433.166809082 2889638.2735624313 4037115.2208254337
leaf_count=2221 1471 1068 544 1326 1868 891 1383 1686 999 1218 2587 1037 4379 3752
internal_value=0.000196655 0.00236329 -0.00107819 -0.000307241 0.000342089 0.00130564 8.85559e-05 -0.00160293 -0.00064762 0.00105186 4.11932e-05 -0.00205379 0.0036408 0.000541709
internal_weight=2.90998e+07 5.49077e+06 1.48644e+06 2.3609e+07 1.57273e+07 1.12164e+07 8.44099e+06 7.88167e+06 6.43728e+06 7.02445e+06 5.64057e+06 4.51092e+06 4.00433e+06 5.22287e+06
internal_count=26430 7462 2015 18968 11205 7947 6079 7763 6437 5188 3970 3258 5447 4751
cat_boundaries=0 1 2 3
cat_threshold=152 24 260
is_linear=0
shrinkage=0.03


Tree=84
num_leaves=15
num_cat=0
split_feature=10 11 14 14 10 10 3 11 11 10 10 11 12 10
split_gain=30038.2 42537.8 38939.3 26095 25795.4 60147.2 31990.4 99783.3 72988.2 36663.7 24031.9 36359.9 18701 18739.4
threshold=0.82120607435980486 0.9093237613342906 0.79649620921133757 1.0657102020289662 1.0283647253166985 1.0358161514028457 1.0000000180025095e-35 0.99677933585499845 0.99677933585499845 1.0064121020445238 1.1267163222885357 1.1671507471139435 1.0222447880274059 1.0658413189851337
decision_type=2 2 2 2 2 2 2 2 2 2 2 2 2 2
left_child=-1 -2 -3 4 6 -6 8 -8 -4 -10 12 -12 13 -7
right_child=1 2 3 -5 5 10 7 -9 9 -11 11 -13 -14 -15
leaf_value=-0.0006601102061285218 0.00053615948954184145 -0.00044304017753281317 0.00039139375909424837 0.00048416574929586526 0.00044801604894482186 -2.1436199865800887e-05 -0.001620060611846597 4.8893047290813132e-05 -0.00068833555975483893 1.1516919285709353e-05 0.00052458661617873668 -0.0002684994144818655 -0.00017093953417390378 0.00030275867213364185
leaf_weight=1360877.2007639408 1117665.1150672436 1187281.9724577665 2183947.2370057106 2349387.2084261179 1310058.3599010706 3110355.9931426048 1256326.1224466562 2266410.5530844927 1589105.7327213287 2310557.1424229145 2339875.3800514936 1264954.8730614185 3879723.9811902046 1575746.8565466404
leaf_count=1616 817 1505 1438 4303 974 2234 1117 2007 1080 1379 2349 1224 2939 1460
internal_value=0.000299995 0.000513467 0.000272772 0.000520645 0.000214121 0.00106063 -0.000973795 -0.00324885 0.000343586 -0.0021155 0.000403182 0.00245813 -0.000461619 0.000813832
internal_weight=2.91023e+07 2.77414e+07 2.66237e+07 2.54364e+07 2.30871e+07 1.34807e+07 9.60635e+06 3.52274e+06 6.08361e+06 3.89966e+06 1.21707e+07 3.60483e+06 8.56583e+06 4.6861e+06
internal_count=26442 24826 24009 22504 18201 11180 7021 3124 3897 2459 10206 3573 6633 3694
is_linear=0
shrinkage=0.03


Tree=85
num_leaves=15
num_cat=3
split_feature=13 2 3 11 10 11 0 10 11 0 12 2 10 0
split_gain=37174.3 37389.4 31483 40856.6 38373.5 30454 76299.2 23949.9 31802.4 26815 29214.6 24800.5 23105.5 22077.4
threshold=1.0708464113732441 4.5000000000000009 1.5000000000000002 0.97193150850967303 1.0958369012820295 0.9569913468292458 0 1.1267163222885357 1.1671507471139435 1 1.0062873681656186 2.5000000000000004 1.0390686685543671 2
decision_type=2 2 2 2 2 2 1 2 2 1 2 2 2 1
left_child=2 -2 5 -4 -5 6 -1 9 -9 10 -7 -11 -3 -12
right_child=1 12 3 4 -6 7 -8 8 -10 11 13 -13 -14 -15
leaf_value=0.00063739316666306127 0.00013051227445436782 0.00037735999122178387 -0.0023855017782132425 0.0001059616621949829 -0.00078243506788928453 0.00041261007806081795 -0.0001790050903881282 0.0006345483532746389 -0.00018565551910272075 -0.00018516380796170179 0.00016179431293431319 1.7585134870491086e-05 0.0019041469006981675 -0.0003053943670936483
leaf_weight=1465298.2536549568 4541817.7766320705 594554.28841876984 1031198.1175923347 2235977.2762143612 836490.48246502876 2085320.6008627415 1666745.9221773148 1586697.541898489 1139921.1044392586 4736343.8772888184 1762791.8225650787 2784639.6179559231 576674.50222289562 2169169.454886198
leaf_count=1048 4935 1042 1331 2812 1329 1455 1143 1407 1002 2906 2040 1649 1047 1344
internal_value=0.000265 0.00243548 -0.000262648 -0.00264991 -0.000915733 0.000242407 0.00295128 -0.000279226 0.00228595 -0.000795855 0.000696824 -0.00199009 0.00721468 -0.000825483
internal_weight=2.92136e+07 5.71305e+06 2.35006e+07 4.10367e+06 3.07247e+06 1.93969e+07 3.13204e+06 1.62649e+07 2.72662e+06 1.35383e+07 6.01728e+06 7.52098e+06 1.17123e+06 3.93196e+06
internal_count=26490 7024 19466 5472 4141 13994 2191 11803 2409 9394 4839 4555 2089 3384
cat_boundaries=0 1 2 3
cat_threshold=401 362 352
is_linear=0
shrinkage=0.03


Tree=86
num_leaves=15
num_cat=0
split_feature=11 12 11 10 12 12 1 10 11 10 10 12 11 11
split_gain=28045.4 29722.7 46541.1 50276.6 28059.7 55218.8 27594.3 26508 25868.8 37926.9 39260.3 25803.7 20510.5 20322.2
threshold=1.1761963940655993 0.94365407296847026 0.88726764062237595 0.90675470765210653 1.0077918519281821 1.0137025498423149 17.500000000000004 1.0821230818239316 1.0301164719085267 1.0297948582309389 0.98873969880633472 1.0205961516350299 1.0089144817108773 1.0298519489200137
decision_type=2 2 2 2 2 2 2 2 2 2 2 2 2 2
left_child=1 -1 -3 -4 8 -6 11 -8 9 10 -5 -7 -12 -13
right_child=-2 2 3 4 5 6 7 -9 -10 -11 12 13 -14 -15
leaf_value=-0.00065010819617459734 -0.00048786904813651381 0.00052760509400993796 -0.00081350833472065311 0.00058235952256256533 -0.0002638674414217256 0.00047017513633476404 -0.00056377296214158454 0.00017384275200089543 -0.00015436628333421497 0.00044214998310475979 -0.00019771938899770022 -0.00027914154169993686 0.00017340957746296147 0.00013843151166943661
leaf_weight=1228427.6227890253 1223476.7158417702 1259949.0278388262 1774771.571596384 1601711.7082992792 2460794.1670372486 1870326.5725325346 1623405.798746109 1179965.8412983418 1505246.3665050268 2300548.6436282396 2463474.3479619026 1199420.0303744078 1420996.9398181438 6077529.2410217524
leaf_count=1527 1292 974 1493 1372 1997 1783 1774 1570 1367 1737 2025 1077 986 5526
internal_value=0.000251558 0.000446055 0.000655686 0.000377352 0.00074201 -8.68058e-05 0.000755855 -0.00184814 0.00202747 0.00272342 0.00136761 0.0015539 -0.000262017 0.00074611
internal_weight=2.919e+07 2.79666e+07 2.67381e+07 2.54782e+07 2.37034e+07 1.44114e+07 1.19506e+07 2.80337e+06 9.29198e+06 7.78673e+06 5.48618e+06 9.14728e+06 3.88447e+06 7.27695e+06
internal_count=26500 25208 23681 22707 21214 13727 11730 3344 7487 6120 4383 8386 3011 6603
is_linear=0
shrinkage=0.03


Tree=87
num_leaves=15
num_cat=4
split_feature=10 14 13 11 11 14 0 2 11 13 11 0 0 0
split_gain=26941.9 31740.8 25711.9 25151.1 37667.1 27918.2 34107.5 33911.6 37236.2 29594.3 26404.4 26209 23047.8 19681.1
threshold=0.82120607435980486 1.0762140636938837 1.2645405000245351 0.9569913468292458 0.97496938264852517 0.93131592582655343 0 2.5000000000000004 1.0546192281003315 0.99683150433297107 1.0149762260337312 1 2 3
decision_type=2 2 2 2 2 2 1 2 2 2 2 1 1 1
left_child=-1 3 13 -2 -5 9 -7 10 12 -6 -8 -12 -9 -3
right_child=1 2 -4 4 5 6 7 8 -10 -11 11 -13 -14 -15
leaf_value=-0.00068193614491095721 0.00025611554463301421 0.0012335015415737643 -0.00049246641295811117 -0.00055532542605520084 -0.0003630639347852001 0.00040853231129577781 -0.00036580963289413866 0.00031653252839327077 -0.00023944037956235919 0.00015290130664929232 5.934841989841478e-05 -0.00033768245302765398 7.3647927516594529e-05 0.00039646011482950838
leaf_weight=1421038.3603570461 2843841.6704778671 613594.48284339905 538703.71264374256 1219905.9493510723 3625903.7977977991 3575792.0816986561 2131814.872913003 2496999.4478927851 1891640.5987679958 1383896.4699385166 2416825.1153824329 1893255.9867178202 2409482.117398262 876205.60990405083
leaf_count=1683 1995 1023 1503 925 3787 4067 1247 1634 1714 1315 1337 1173 1736 1464
internal_value=0.000116315 0.00032142 0.0039352 3.82699e-05 -0.000290202 -3.46147e-06 0.000582181 -0.000119969 0.00135799 -0.00196922 -0.00167966 -0.000328881 0.00273661 0.00596621
internal_weight=2.93389e+07 2.79179e+07 2.0285e+06 2.58894e+07 2.30455e+07 2.18256e+07 1.68158e+07 1.324e+07 6.79812e+06 5.0098e+06 6.4419e+06 4.31008e+06 4.90648e+06 1.4898e+06
internal_count=26603 24920 3990 20930 18935 18010 12908 8841 5084 5102 3757 2510 3370 2487
cat_boundaries=0 1 2 3 4
cat_threshold=98 273 145 281
is_linear=0
shrinkage=0.03


Tree=88
num_leaves=15
num_cat=0
split_feature=13 3 11 14 11 10 11 12 12 1 9 9 12 12
split_gain=29176.7 29746.7 38370.3 34892.4 43743.2 30765 30890.8 20946.7 16322.5 15689 13662.2 29772.7 21610 29957.7
threshold=1.0690629589621599 1.5000000000000002 0.9569913468292458 0.92211866534237341 0.97496938264852517 1.1267163222885357 1.1671507471139435 0.98603147315637651 0.97128255268728891 12.500000000000002 89.500000000000014 75.500000000000014 0.9986158363148413 1.0039311402383728
decision_type=2 2 2 2 2 2 2 2 2 2 2 2 2 2
left_child=1 2 8 -3 -5 10 -7 -2 -1 -6 11 -4 -12 -14
right_child=7 3 5 4 9 6 -8 -9 -10 -11 12 -13 13 -15
leaf_value=0.00011430381486882387 0.00074565353635963974 -0.0010774094104566013 -0.00013557857823183602 -0.002068962857613146 0.00037024856830658012 0.00062209066218097103 -0.00011622791997610129 0.00012975873448148762 0.00044806564172672031 -0.00013132485161211106 -0.00032956827332562979 0.00026160525072275358 0.00023142635395421901 -0.00010039326072603069
leaf_weight=1499267.404515624 857399.32272589207 860103.52592098713 1489741.3026262522 801116.74262559414 825757.03941011429 1619759.1618002653 1139267.1017407179 5033124.6078447104 1604144.8655660152 1614261.8439508677 1831475.612680316 1340895.9974644184 1487062.4328831434 7233897.441835165
leaf_count=1266 1186 1242 1130 1132 1316 1427 1013 6006 912 1760 1157 989 936 5100
internal_value=0.000356489 -0.000119542 0.000374792 -0.00243926 -0.00101379 -0.000212554 0.00267194 0.00224321 0.00342981 0.000983212 -0.000807215 0.00104349 -0.00130366 -0.000681514
internal_weight=2.92373e+07 2.33468e+07 1.92455e+07 4.10124e+06 3.24114e+06 1.61421e+07 2.75903e+06 5.89052e+06 3.10341e+06 2.44002e+06 1.33831e+07 2.83064e+06 1.05524e+07 8.72096e+06
internal_count=26572 19380 13930 5450 4208 11752 2440 7192 2178 3076 9312 2119 7193 6036
is_linear=0
shrinkage=0.03


Tree=89
num_leaves=15
num_cat=3
split_feature=12 11 14 11 12 12 12 12 0 0 14 11 12 0
split_gain=23593.3 40511.1 31486.1 25143.1 18908.3 27034 28541.8 61644.4 39525.6 35734.9 30951.4 25874.4 20167.1 17845.1
threshold=0.94365407296847026 0.88726764062237595 0.80202550585573529 0.93688309830656225 1.1119442343149464 1.0365083271516857 1.0149511273734639 1.0081464412505341 0 1 0.9776759709218189 1.0298519489200137 1.0671690946621852 2
decision_type=2 2 2 2 2 2 2 2 1 1 2 2 2 1
left_child=-1 -2 -3 -4 5 6 7 9 10 -5 -8 -10 -7 -11
right_child=1 2 3 4 -6 12 8 -9 11 13 -12 -13 -14 -15
leaf_value=-0.00054379552432842727 0.00056172880964056341 -0.00041042436478831717 -0.00076149228373783456 -9.3847163631899339e-06 0.00034339295029710558 -0.00031971726454500679 7.9806508325381938e-05 -0.00090116128220927248 -0.00047506507002581646 0.00024230456100279312 0.00063228772221617623 0.00030375010684091327 4.7527335711083228e-05 0.00095286105815687683
leaf_weight=1256377.0943883657 1251165.8554750681 1174023.4365359545 1220443.2245906591 5223850.6046565771 1387977.9650872946 3088631.7225414515 1552260.0128911734 2902852.5642768145 1060181.2703822851 2613222.0537358522 1837381.4250822067 1481720.110460043 1904471.098739624 1220317.050391078
leaf_count=1511 972 1533 1059 3160 1333 3014 941 2299 1112 2153 1440 1898 2157 1845
internal_value=0.000287071 0.000468049 0.000220518 0.000441733 0.000652993 0.000446785 0.000991489 0.00014767 0.00269295 0.00136697 0.00481364 -0.000135026 -0.00150505 0.00356665
internal_weight=2.91749e+07 2.79185e+07 2.66673e+07 2.54933e+07 2.42729e+07 2.28849e+07 1.78918e+07 1.19602e+07 5.93154e+06 9.05739e+06 3.38964e+06 2.5419e+06 4.9931e+06 3.83354e+06
internal_count=26427 24916 23944 22411 21352 20019 14848 9457 5391 7158 2381 3010 5171 3998
cat_boundaries=0 1 2 3
cat_threshold=340 276 9
is_linear=0
shrinkage=0.03


Tree=90
num_leaves=15
num_cat=2
split_feature=10 11 14 9 10 10 0 14 1 0 14 14 11 11
split_gain=32000.2 34726.1 40904.5 22235.8 28664.3 27877.2 29141.8 24406.1 23566 33885.1 22285.1 21447.5 19936.8 36507.9
threshold=0.82120607435980486 0.90531449438650002 0.79649620921133757 68.500000000000014 1.0126286975463843 1.0340049789758805 0 1.054038708701446 8.5000000000000018 1 1.0046522558627082 0.9693596859299255 1.0631792722561391 1.1088402703233367
decision_type=2 2 2 2 2 2 1 2 2 1 2 2 2 2
left_child=-1 -2 -3 -4 10 6 -6 8 11 -10 -5 -7 -11 -14
right_child=1 2 3 4 5 7 -8 -9 9 12 -12 -13 13 -15
leaf_value=-0.00068374063101883339 0.00023500130599333726 -0.0004445793610877314 -0.00044087881540048451 -0.00023328942044820912 0.00038113931492229507 0.00043166254423962253 2.498757800461878e-05 0.00067734059774573661 -0.00022675917174156421 -0.00011902220545373208 7.1167284841071728e-05 6.9796282280053274e-06 0.00071050215260966439 -7.3894144858352738e-05
leaf_weight=1424321.1542937756 1137274.7757511139 1225920.6470624208 1166052.4925141335 3618994.6432300806 2322426.5013014078 1003409.93930161 1916879.1264737844 1305037.8613048792 3625512.5854187012 2579256.0629329681 3161745.2628002167 1113106.0705502033 1627711.3800196648 1962474.035466671
leaf_count=1632 781 1566 1006 2780 1349 1193 1990 2437 1606 2227 3044 1155 1645 2024
internal_value=8.36597e-05 0.000308632 8.93749e-05 0.000347675 0.00054236 0.00118538 0.00330222 0.000506388 7.96694e-05 -0.000540616 -0.00111298 0.00295027 0.000812038 0.00225753
internal_weight=2.91901e+07 2.77658e+07 2.66285e+07 2.54026e+07 2.42366e+07 1.74558e+07 4.23931e+06 1.32165e+07 1.19115e+07 9.79495e+06 6.78074e+06 2.11652e+06 6.16944e+06 3.59019e+06
internal_count=26435 24803 24022 22456 21450 15626 3339 12287 9850 7502 5824 2348 5896 3669
cat_boundaries=0 1 2
cat_threshold=90 24
is_linear=0
shrinkage=0.03


Tree=91
num_leaves=15
num_cat=2
split_feature=14 2 9 9 1 12 2 1 12 0 0 14 12 12
split_gain=29877.2 29262.3 19671.5 38723.5 25292.7 52694.3 33283.6 26324.3 29129.1 20733 18815.1 17509.3 14060.7 23500.5
threshold=1.0657102020289662 4.5000000000000009 74.500000000000014 89.500000000000014 17.500000000000004 1.0218310413711047 1.0000000180025095e-35 11.500000000000002 0.99977566849591148 0 1 1.1196935330933309 0.98613925267429281 1.0045628678959269
decision_type=2 2 2 2 2 2 2 2 2 1 1 2 2 2
left_child=2 11 -1 -4 6 9 10 12 -9 -6 -5 -2 -8 -14
right_child=1 -3 3 4 5 -7 7 8 -10 -11 -12 -13 13 -15
leaf_value=-0.00020904886835098897 0.00040561922452042327 0.0024059157068783816 0.00033450868220535261 -4.765503946558672e-05 0.00058453037128478882 -0.00022953084268126573 0.00031612169055795646 -0.00047064481798233848 -2.9717647423208729e-06 0.00011007732921418824 -0.00063703647342678931 -0.001080993781574825 -0.00055387643382801401 0.0001283971895170972
leaf_weight=2102045.920845747 1344490.6437330246 599666.56057703495 2153916.7563797235 1598963.0016331673 1898246.3682956696 2117928.4670968056 1323931.8761723042 2070750.183807373 5389865.1887207031 1108750.104092598 1578925.7971063852 819402.01817286015 1125369.6056489944 4045757.1541085243
leaf_count=1718 1359 1658 1852 980 1434 2202 1204 1253 3379 1328 1129 1997 973 4025
internal_value=0.000379405 0.00334784 7.00097e-05 0.000309791 -6.18901e-05 0.00178717 -0.000614974 1.59928e-05 -0.00119971 0.00434016 -0.00338586 0.00172274 0.00141243 0.000706152
internal_weight=2.9278e+07 2.76356e+06 2.65145e+07 2.44124e+07 2.22585e+07 5.12492e+06 1.71336e+07 1.39557e+07 7.46062e+06 3.007e+06 3.17789e+06 2.16389e+06 6.49506e+06 5.17113e+06
internal_count=26491 5014 21477 19759 17907 4964 12943 10834 4632 2762 2109 3356 6202 4998
cat_boundaries=0 1 2
cat_threshold=91 337
is_linear=0
shrinkage=0.03


Tree=92
num_leaves=15
num_cat=4
split_feature=10 14 16 3 12 0 10 10 12 0 10 12 0 0
split_gain=25156.6 24441.6 22635.7 21732.3 32623.2 30469.6 30455.9 45541.4 26969.9 24532.2 21679.5 18854.5 16547.7 14748.8
threshold=0.82120607435980486 1.034957998826606 0.081601726438578062 1.0000000180025095e-35 1.032817921528111 0 0.98137359294060911 1.0049949454514786 1.0747571261860707 1 1.0366124446983094 1.0051969303918387 2 3
decision_type=2 2 2 2 2 1 2 2 2 1 2 2 1 1
left_child=-1 3 -3 6 5 -5 -2 -8 9 -9 -7 -11 -13 -6
right_child=1 2 -4 4 13 10 7 8 -10 11 -12 12 -14 -15
leaf_value=-0.0006510093647046697 0.00043842191800490168 0.00034392530849197526 -0.0001992872657731243 -0.00042874812370690015 -0.00019005895521721384 -3.708776110579901e-05 -0.00042361774540055963 -0.00016250111881268921 0.00030284548360446766 0.00023886256191463118 0.00046465763801923433 0.00031095219378399327 -5.0510066057972984e-05 -0.00079507449198963317
leaf_weight=1358487.6861755848 1587993.7139127254 4007205.8586583138 843504.73498034477 1974870.7844059467 937437.6657500267 2228290.6702566147 1741761.8892920017 3559092.737200737 1800448.0489199162 2080571.5497374535 1375428.366232276 1351538.9270613194 3110021.7873979807 1073491.3241317272
leaf_count=1618 1080 6054 548 1988 1318 1877 1179 2457 1418 1333 1237 1237 2095 1044
internal_value=0.000330435 0.000526109 0.00246 0.00011505 -0.00119646 -1.55545e-05 0.000768547 0.000310881 0.000973941 0.00037102 0.00162574 0.00146149 0.00036168 -0.00447244
internal_weight=2.90301e+07 2.76717e+07 4.85071e+06 2.28209e+07 7.58952e+06 5.57859e+06 1.52314e+07 1.36434e+07 1.19017e+07 1.01012e+07 3.60372e+06 6.54213e+06 4.46156e+06 2.01093e+06
internal_count=26483 24865 6602 18263 7464 5102 10799 9719 8540 7122 3114 4665 3332 2362
cat_boundaries=0 1 2 3 4
cat_threshold=261 44 320 357
is_linear=0
shrinkage=0.03


Tree=93
num_leaves=15
num_cat=0
split_feature=16 2 11 11 13 14 1 11 16 11 2 2 13 13
split_gain=21638.2 50135.9 28993.9 28676.2 24173.2 23460.7 22058.8 21343.9 15595.6 12608.4 21389.7 17945.1 12345.9 8660.12
threshold=0.066633989729168841 1.0000000180025095e-35 0.96938913150432404 0.9569913468292458 1.061197350288499 0.93650401968429875 18.500000000000004 1.01278369294476 0.054451771786092014 1.0481177777849275 2.5000000000000004 2.5000000000000004 0.93799625511472839 0.96822611188112273
decision_type=2 2 2 2 2 2 2 2 2 2 2 2 2 2
left_child=1 13 -2 8 5 12 7 -7 -3 10 -4 -11 -5 -1
right_child=2 3 9 4 -6 6 -8 -9 -10 11 -12 -13 -14 -15
leaf_value=-0.00036766409760623404 -0.00045061936540077667 0.0011457498359572732 -5.4628369419224018e-05 -0.00097550571012026868 0.00013903589831513907 -6.5612674803010068e-05 -0.00023369334811585834 0.00029865960744769441 0.00022590297587346704 4.5219928246181487e-05 0.00018236419775464419 -0.00029598407581248563 -2.7311200936834852e-05 -9.1127681290608561e-05
leaf_weight=1412943.1141773462 2691353.891418457 908548.66329395771 3060661.1203613281 941285.21328473091 2988663.6117379665 1340959.6065618992 1674268.8233444691 2780634.5146617889 1050497.0487060547 2255193.6903076172 3509332.1531662941 2435702.9864963293 929672.46167433262 1420055.3838487864
leaf_count=1511 1482 1777 1228 1706 4511 1235 2153 2803 746 1159 2028 1785 979 1437
internal_value=0.000147897 0.000921383 -0.000708485 0.00173133 0.00111801 0.000225873 0.00116875 0.00234835 0.00506721 -3.99077e-05 0.000808317 -0.00122792 -0.00269499 -0.00268506
internal_weight=2.93998e+07 1.54475e+07 1.39522e+07 1.26145e+07 1.06555e+07 7.66682e+06 5.79586e+06 4.12159e+06 1.95905e+06 1.12609e+07 6.56999e+06 4.6909e+06 1.87096e+06 2.833e+06
internal_count=26540 18858 7682 15910 13387 8876 6191 4038 2523 6200 3256 2944 2685 2948
is_linear=0
shrinkage=0.03


Tree=94
num_leaves=15
num_cat=4
split_feature=12 11 10 12 10 0 11 0 12 12 12 0 0 10
split_gain=24153.2 53584.1 45475.1 21990.3 38766.6 56489.8 38606.1 45165 26403.8 23061.8 36203.2 32897.1 22997.3 21455.1
threshold=0.94365407296847026 0.88726764062237595 0.90675470765210653 1.0077918519281821 0.98873969880633472 0 1.016828407656591 1 1.0222447880274059 1.0155628707660178 1.0335218718495895 2 3 1.0281371528762648
decision_type=2 2 2 2 2 1 2 1 2 2 2 1 1 2
left_child=-1 -2 -3 4 -4 13 -5 9 -9 -8 11 -11 -7 -6
right_child=1 2 3 6 5 12 7 8 -10 10 -12 -13 -14 -15
leaf_value=-0.00052801091504133207 0.00051143350099832989 -0.00061028622718471768 0.00060191122972597111 -0.00052694357400008031 -0.00025972734986445285 0.00020222974431316826 -0.00020902864577312933 0.00012355203797200808 -0.00021559651813764241 0.00079693536745516636 0.00010334158460752616 0.00028065362624807072 0.001041257147056906 4.5444719735240916e-05
leaf_weight=1250078.3980029821 1276925.2756515741 1782167.9922119379 1627604.4713045359 2007360.1527113914 2617663.8639889956 2365459.4152727127 992110.09434819221 1744066.0357792377 5250899.8846230507 1174990.8203158379 3489792.0211482048 1007452.7110751867 976087.61876785755 1677634.9281344414
leaf_count=1540 988 1485 1410 1980 1583 1985 1042 1176 4042 1041 4308 1484 1458 1011
internal_value=0.000232082 0.000414297 0.000127314 0.000458253 0.00161688 0.000720987 -0.0002269 0.000343999 -0.00133981 0.00211134 0.00284941 0.00588013 0.00364629 -0.00155477
internal_weight=2.92403e+07 2.79902e+07 2.67133e+07 2.49311e+07 9.26445e+06 7.63685e+06 1.56667e+07 1.36593e+07 6.99497e+06 6.66435e+06 5.67224e+06 2.18244e+06 3.34155e+06 4.2953e+06
internal_count=26533 24993 24005 22520 7447 6037 15073 13093 5218 7875 6833 2525 3443 2594
cat_boundaries=0 1 2 3 4
cat_threshold=276 357 68 9
is_linear=0
shrinkage=0.03


Tree=95
num_leaves=15
num_cat=3
split_feature=14 12 12 3 11 14 13 11 12 0 0 0 11 11
split_gain=23765.5 33521.2 32793.6 41660.7 31979.9 24338.1 19193.9 16851.5 59409.3 50670.8 49954.4 24625.8 32093.4 27324.6
threshold=0.91916070165964914 1.1119442343149464 0.97403275874320727 1.0000000180025095e-35 1.1097774341648921 1.0762140636938837 0.92876174461070604 1.01278369294476 0.99227196909529336 0 1 2 1.0650063805139773 1.0481177777849275
decision_type=2 2 2 2 2 2 2 2 2 1 1 1 2 2
left_child=2 4 -1 6 5 7 -4 8 10 -10 -2 12 -9 -13
right_child=1 -3 3 -5 -6 -7 -8 11 9 -11 -12 13 -14 -15
leaf_value=0.00018816760963980906 0.00051530723718647056 0.00056502576139292292 -0.00044035330985496606 -0.00093089490836430872 -0.00042814516354328823 0.00055506335564453266 8.8600914065199357e-05 8.0393458490727861e-05 -5.2456824045228274e-05 -0.00084605062179772018 -0.00011263983012969344 7.2052868554692788e-05 0.00082641975787054605 -0.00027163920186641237
leaf_weight=1454779.0096049309 1465549.5665299892 1143231.7339383364 1483783.3136196136 1205240.1381589174 1527850.9624660015 1987971.3538929224 1600544.1629670858 4111568.6949473619 3583661.6962399483 1564357.1805075407 1653974.5472044945 3345614.8474020958 1500672.4819438457 1757240.0977519751
leaf_count=1164 1209 1112 1599 1653 1760 3928 1336 3391 2380 1205 1214 1699 1287 1649
internal_value=0.000249429 0.000669967 -0.00148136 -0.0028014 0.000415323 0.000720617 -0.000953258 0.000389878 -0.00062771 -0.00260734 0.00263919 0.00117503 0.0025464 -0.000333247
internal_weight=2.9386e+07 2.36417e+07 5.74435e+06 4.28957e+06 2.24985e+07 2.09706e+07 3.08433e+06 1.89826e+07 8.26754e+06 5.14802e+06 3.11952e+06 1.07151e+07 5.61224e+06 5.10285e+06
internal_count=26586 20834 5752 4588 19722 17962 2935 14034 6008 3585 2423 8026 4678 3348
cat_boundaries=0 1 2 3
cat_threshold=186 401 327
is_linear=0
shrinkage=0.03


Tree=96
num_leaves=15
num_cat=3
split_feature=16 2 12 12 0 12 9 3 12 12 0 0 11 12
split_gain=26471.2 44404.6 51964.4 49431.7 34884.4 34152.8 22702.8 26550 20315.3 30719.4 29582 27532.5 16762 16575.3
threshold=0.066633989729168841 1.0000000180025095e-35 0.98603147315637651 0.99504303367625979 0 1.0017672621402147 89.500000000000014 1.5000000000000002 1.0149511273734639 1.0281187774485046 1 2 1.0034761733181858 1.0142516549446432
decision_type=2 2 2 2 1 2 2 2 2 2 1 1 2 2
left_child=1 -1 4 -4 -3 -5 -2 13 11 10 -10 -7 -9 -8
right_child=6 2 3 5 -6 8 7 12 9 -11 -12 -13 -14 -15
leaf_value=-0.00022096514915178377 0.00017013191591252477 -0.0010678229193501207 -0.00068582081851710323 0.00065322258173444389 0.0002618735181472266 0.00035861400938264141 -0.00011600286282974312 -0.0010969662366261347 0.0002632957827189736 5.8953530574450677e-05 0.00096563737594414678 -0.00028806808718848429 -0.00021275226172215585 5.5858282276548496e-05
leaf_weight=2842253.597868681 2129781.806235075 1104382.5718512535 847290.2490054369 879851.02132582664 1122739.4189097881 943578.54658460617 4448146.8647460938 1200436.9822692871 903752.04257881641 4046995.4186375141 794349.51279377937 1950108.4260646105 1657939.260689497 4449220.7481079102
leaf_count=2941 1195 1183 1007 963 1622 1294 1887 963 1460 5577 944 1861 1480 2164
internal_value=0.00026899 0.00112395 0.00188839 0.000995129 0.00604597 0.00161321 -0.000681387 -0.00119771 0.00103973 0.00207221 0.0054588 -0.00101016 -0.00371307 -0.000389625
internal_weight=2.93208e+07 1.54353e+07 1.2593e+07 1.03659e+07 2.22712e+06 9.51863e+06 1.38855e+07 1.17557e+07 8.63878e+06 5.7451e+06 1.6981e+06 2.89369e+06 2.85838e+06 8.89737e+06
internal_count=26541 18852 15911 13106 2805 12099 7689 6494 11136 7981 2404 3155 2443 4051
cat_boundaries=0 1 2 3
cat_threshold=153 299 234
is_linear=0
shrinkage=0.03


Tree=97
num_leaves=15
num_cat=1
split_feature=14 10 0 12 16 3 10 10 10 1 3 12 12 10
split_gain=25101.5 28658.2 31535.2 25571.2 31738.8 23771.5 37706.3 25332.1 22639 28268 16430.3 14507.9 20787.5 17950.7
threshold=0.99325377257379344 0.96771506909300131 0 1.0017672621402147 0.066900352591049719 1.0000000180025095e-35 1.0958369012820295 1.0366124446983094 1.1273225476870523 18.500000000000004 1.0000000180025095e-35 1.0747571261860707 1.0250886305132016 1.0239702552515217
decision_type=2 2 1 2 2 2 2 2 2 2 2 2 2 2
left_child=5 2 -2 4 -3 11 7 -7 9 10 -5 12 13 -1
right_child=1 3 -4 8 -6 6 -8 -9 -10 -11 -12 -13 -14 -15
leaf_value=-8.4435381403010412e-05 0.00022488589252876137 0.00072139356722866321 -0.00094482476329555299 -5.6775171040332372e-06 1.0190182957576751e-05 -0.00031333343548776863 -0.00067381465748962038 0.00025553461233706492 0.00056625916675321578 -0.00052181947001186219 0.00035461768800456575 0.00021854301902347783 -0.00024226931291441127 0.00016793094606435912
leaf_weight=3407473.2987558842 986290.01034760475 1451547.7081702948 987653.53297364712 3632840.9982782602 1157474.3464660645 2671746.3753198385 1248605.9271821976 1411556.7549587488 1302386.9871633053 1136244.4440793991 2079713.6188496351 1452065.3483114243 2673916.8944007158 3880937.1195976734
leaf_count=2357 1205 1925 1039 2505 644 2767 1477 1269 1790 1532 2066 1123 2263 2748
internal_value=0.000158726 0.0011626 -0.0021602 0.00177216 0.00435714 -0.000604633 -0.0022584 -0.000863338 0.00094476 0.000255311 0.00111488 0.000167878 -0.000240451 0.000589589
internal_weight=2.94805e+07 1.27342e+07 1.97394e+06 1.07602e+07 2.60902e+06 1.67463e+07 5.33191e+06 4.0833e+06 8.15119e+06 6.8488e+06 5.71255e+06 1.14144e+07 9.96233e+06 7.28841e+06
internal_count=26710 12706 2244 10462 2569 14004 5513 4036 7893 6103 4571 8491 7368 5105
cat_boundaries=0 1
cat_threshold=433
is_linear=0
shrinkage=0.03


Tree=98
num_leaves=15
num_cat=3
split_feature=13 7 11 2 1 2 13 0 0 11 12 0 12 12
split_gain=21976.3 31159.7 38616.6 29839.5 27892.6 16889.4 19625.2 16392.2 16374.5 16161.1 21716.6 27841.7 26426 19371.1
threshold=1.1013760515969071 1.0000000180025095e-35 0.94992444022328815 4.5000000000000009 11.500000000000002 1.0000000180025095e-35 0.8333066379066566 0 1 1.1240227698648033 1.0375626961833271 2 1.0139625738046953 1.0039311402383728
decision_type=2 2 2 2 2 2 2 1 1 2 2 1 2 2
left_child=1 5 -3 -2 -4 7 -7 -1 -6 10 11 -8 13 -13
right_child=3 2 4 -5 8 6 9 -9 -10 -11 -12 12 -14 -15
leaf_value=1.7910189933880475e-05 9.8096330547479827e-05 -0.0023584290275201884 0.00033479253539932561 0.0012011396130129825 3.3744648327353026e-05 0.00043740671834900153 0.0004674172075203462 -0.00041121933196417408 -0.00042297354474463671 0.00027466606026752807 -0.00021522489610052264 2.098111202337003e-05 0.00016879477081484121 -0.00023479499290478359
leaf_weight=2815318.0069701672 2931665.2055284977 894384.77073216438 992743.02306163311 884215.03893816471 1031564.1061730385 1538982.9198826551 1885179.1433260441 1842492.4859979153 1539489.822892189 1658534.7139029503 1981071.9910874367 4005392.169478178 2832506.1472377777 2331038.2205605507
leaf_count=1895 3759 1162 1953 1724 1562 1842 1802 1503 1233 1373 1494 2211 1747 1241
internal_value=0.00024777 -7.17441e-05 -0.0023486 0.00237029 -0.000949868 0.000414153 0.000871083 -0.00117827 -0.00259906 0.000533497 0.000178606 0.000696985 1.42914e-05 -0.00106252
internal_weight=2.91646e+07 2.53487e+07 4.45818e+06 3.81588e+06 3.5638e+06 2.08905e+07 1.62327e+07 4.65781e+06 2.57105e+06 1.46937e+07 1.30352e+07 1.10541e+07 9.16894e+06 6.33643e+06
internal_count=26501 21018 5910 5483 4748 15108 11710 3398 2795 9868 8495 7001 5199 3452
cat_boundaries=0 1 2 3
cat_threshold=309 233 194
is_linear=0
shrinkage=0.03


Tree=99
num_leaves=15
num_cat=2
split_feature=16 2 10 13 16 9 0 11 10 0 11 14 11 2
split_gain=26100 33888.4 23446.9 17364.2 19122.1 54063.1 15711.1 16168.3 15967.2 12030.8 15089.2 11871.7 9287.64 10132.8
threshold=0.065075257163764486 1.0000000180025095e-35 0.97979788898686204 1.1681778169877601 0.049930599699384785 89.500000000000014 0 1.0502959332616639 1.022958258627247 1 1.028352128358649 0.9776759709218189 0.99985733322981363 4.5000000000000009
decision_type=2 2 2 2 2 2 1 2 2 1 2 2 2 2
left_child=1 11 -2 4 5 -3 -4 8 -8 -6 -11 -1 -7 -14
right_child=2 3 6 -5 9 12 7 -9 -10 10 -12 -13 13 -15
leaf_value=-0.0003404688618783447 -0.0004285516508347478 -0.0011508039035944061 -0.0001214162707623427 0.00093192993654929261 0.0005684468983688124 0.00059588921233064542 -1.0978316619372631e-05 -4.2265687526938053e-05 0.00026358749745245089 0.00025950706487382779 -1.5179497339434945e-05 5.1539527989923713e-06 -0.00023443727562640841 0.00040450162545000291
leaf_weight=1676114.2908184528 2544574.6061706543 544424.2059327364 5037458.4120490551 982500.76595163345 1544169.4234619141 864020.32801699638 2072218.1253967285 3069754.2191925049 2222184.4447631836 3501432.349758625 2401520.82687819 920139.07129395008 1291556.2446854115 535842.05799412727
leaf_count=1742 1519 1257 2293 2569 1437 2060 1054 2224 1226 1993 1599 1098 2836 1600
internal_value=0.000259588 0.00117765 -0.000616428 0.00186754 0.00151653 -0.000408969 -7.81984e-05 0.000804943 0.00199342 0.00235318 0.00173645 -0.00192219 0.00133507 0.000123277
internal_weight=2.92079e+07 1.42617e+07 1.49462e+07 1.16655e+07 1.0683e+07 3.23584e+06 1.24016e+07 7.36416e+06 4.2944e+06 7.44712e+06 5.90295e+06 2.59625e+06 2.69142e+06 1.8274e+06
internal_count=26507 18191 8316 15351 12782 7753 6797 4504 2280 5029 3592 2840 6496 4436
cat_boundaries=0 1 2
cat_threshold=268 35
is_linear=0
shrinkage=0.03


Tree=100
num_leaves=15
num_cat=3
split_feature=10 11 0 14 10 2 11 11 11 1 10 11 0 0
split_gain=30661.6 36566.3 67927.5 34115.3 27175.7 22492.1 63763.1 51666.2 19358.5 13831.1 49666.6 16352.8 68003.8 57670
threshold=0.82120607435980486 0.9569913468292458 0 0.81519309494764192 1.0126286975463843 2.5000000000000004 1.0001372609616839 0.99884827123419984 1.0099514182531915 17.500000000000004 1.053404392603321 1.0481177777849275 1 2
decision_type=2 2 1 2 2 2 2 2 2 2 2 2 1 1
left_child=-1 2 -2 -3 5 6 -5 -7 -6 11 -11 13 -13 -10
right_child=1 3 -4 4 8 7 -8 -9 9 10 -12 12 -14 -15
leaf_value=-0.00063703746770723483 0.00073364856709689152 -0.00031845803334209393 -2.5111880953709782e-05 7.4763057950648229e-05 0.0003566169051743159 -0.00041064643541767519 -0.00071222218021077663 0.00039189925694673827 -0.00013710528640755658 -0.00050599126484408494 0.00021410521677132723 0.00042233728114626404 -0.00027206886526826241 0.00034843731900167235
leaf_weight=1392493.1762602329 1265290.0733259916 1267229.1843987703 1812790.1131607294 1553502.4651993513 1502346.0027873516 1456395.597102046 1451088.2796090841 1639096.0491088629 1872519.3184474707 1706854.2015800476 2144760.5548090935 3320970.4857662916 3151959.8694658279 3708445.0725319386
leaf_count=1655 887 1572 1578 1183 1131 1431 1054 1661 1456 1604 2618 3576 2514 2607
internal_value=0.000342916 0.000560109 0.00364395 0.000176971 0.000435439 -0.00128765 -0.00313667 0.000507064 0.00103925 0.000731783 -0.000833229 0.00123186 0.000205831 0.00242186
internal_weight=2.92457e+07 2.78532e+07 3.07808e+06 2.47752e+07 2.35079e+07 6.10008e+06 3.00459e+06 3.09549e+06 1.74079e+07 1.59055e+07 3.85161e+06 1.20539e+07 6.47293e+06 5.58096e+06
internal_count=26527 24872 2465 22407 20835 5329 2237 3092 15506 14375 4222 10153 6090 4063
cat_boundaries=0 1 2 3
cat_threshold=145 358 262
is_linear=0
shrinkage=0.03


Tree=101
num_leaves=15
num_cat=3
split_feature=14 0 10 11 14 13 0 9 9 11 11 0 11 10
split_gain=23734.2 29244.2 19207.9 33691.8 34113.5 32026.6 50101.2 21995.7 22570.3 23036.2 32005 23279.5 30846.3 38332.4
threshold=1.0762140636938837 0 0.99451885417014119 0.96291343927101836 0.81519309494764192 0.96607831913932296 1 74.500000000000014 89.500000000000014 1.0043317453751401 1.01747247632864 2 1.0481177777849275 1.1273225476870523
decision_type=2 1 2 2 2 2 1 2 2 2 2 1 2 2
left_child=2 -2 5 -4 -5 6 -1 -6 -9 -10 -11 -12 -13 -14
right_child=1 -3 3 4 7 -7 -8 8 9 10 11 12 13 -15
leaf_value=0.0005492381176138109 -0.00019275906563799046 0.00087365832339670333 0.00035315117436182241 -0.00030562079687883662 -0.00012998101033666662 -0.00053645949189228567 -0.0003230761903129813 0.0003366597562911901 0.00022057404578533602 -0.00038384842909893461 0.00028781403226243335 0.00014263421574005827 -0.00038255731942384068 5.8712145248714982e-05
leaf_weight=1397421.4570609331 722824.32725858688 1518373.5732705593 1246307.7082239389 1256703.6821787357 1762633.3033639193 2668305.2209603786 1838096.6841375828 1866483.2989699841 1808508.3482763767 1248409.4725449085 3549578.2620078325 3046117.2824342251 3003129.9404135942 2175058.4561454058
leaf_count=1178 1172 3302 1032 1509 1419 2076 1483 1522 1292 895 3553 1898 2006 2005
internal_value=0.000258283 0.00322427 1.08633e-05 0.000436554 0.000134173 -0.00150065 0.000505925 0.000459763 0.000796222 0.000404934 -3.56818e-05 0.000448608 -0.000427763 -0.00183691
internal_weight=2.9108e+07 2.2412e+06 2.68668e+07 2.09629e+07 1.97166e+07 5.90382e+06 3.23552e+06 1.84599e+07 1.66973e+07 1.48308e+07 1.30223e+07 1.17739e+07 8.22431e+06 5.17819e+06
internal_count=26342 4474 21868 17131 16099 4737 2661 14590 13171 11649 10357 9462 5909 4011
cat_boundaries=0 1 2 3
cat_threshold=66 147 100
is_linear=0
shrinkage=0.03


Tree=102
num_leaves=15
num_cat=1
split_feature=11 10 11 0 9 9 10 11 10 16 16 14 10 11
split_gain=26186.6 28966.6 26790 30262.7 62726.4 22134.9 21139.4 32107.4 33095 35644.4 20823.6 20958.2 19174.8 16903.1
threshold=1.1671507471139435 0.82120607435980486 0.90531449438650002 0 74.500000000000014 89.500000000000014 1.1368811814709636 1.0486312805951197 1.0126286975463843 0.069040338539711726 0.066413331616518564 0.95855505886030057 1.0479853145160096 1.0068457163993452
decision_type=2 2 2 1 2 2 2 2 2 2 2 2 2 2
left_child=1 -1 -3 10 -5 -6 7 8 9 -7 11 -4 -13 -10
right_child=-2 2 3 4 5 6 -8 -9 13 -11 -12 12 -14 -15
leaf_value=-0.00062724563645954578 -0.0003600951566271436 0.00045649254305926473 -0.00027153827245139319 -0.00037965150426555992 0.00039647075371610733 0.0001949212866881536 0.00062866157462345958 -8.9459792530549608e-05 0.00056995721961605457 -0.00027770952773184033 -0.00020335930211865812 3.186298105725128e-05 0.00056990475054624385 0.00018151020159690501
leaf_weight=1423741.9064997435 1721901.6555655003 1134721.2737845182 1800872.8343755007 1409441.5352983475 1453888.3390704393 2147788.1060657501 1359815.2741221189 3433918.4034205675 1223287.1894708872 1686793.1058654785 4706357.2508308887 2444343.6640614271 1062532.5382685661 2429292.386782527
leaf_count=1657 1762 781 1871 1336 1507 2552 1875 3402 1015 932 2145 2473 1216 2167
internal_value=0.00027254 0.000495555 0.000721235 0.000517863 0.00136395 0.00198245 0.00156807 0.00112887 0.00223048 0.00028384 -0.000761669 0.00052652 0.00187743 0.00427411
internal_weight=2.94387e+07 2.77168e+07 2.62931e+07 2.51583e+07 1.51442e+07 1.37348e+07 1.22809e+07 1.09211e+07 7.48716e+06 3.83458e+06 1.00141e+07 5.30775e+06 3.50688e+06 3.65258e+06
internal_count=26691 24929 23272 22491 14786 13450 11943 10068 6666 3484 7705 5560 3689 3182
cat_boundaries=0 1
cat_threshold=268
is_linear=0
shrinkage=0.03


Tree=103
num_leaves=15
num_cat=1
split_feature=10 10 16 11 12 2 12 0 14 2 2 12 12 16
split_gain=20060.9 64794.7 32847.2 26018.9 46769 26032.8 43804 28379.1 24930.8 22522 21062.3 35935.2 39332.7 17827.3
threshold=1.0283647253166985 1.0340049789758805 0.069040338539711726 1.1847991086997858 1.1119442343149464 4.5000000000000009 1.0338984810808276 0 0.91742188292686122 3.5000000000000004 1.0000000180025095e-35 0.98075970649359323 0.99621837533410573 0.077091071773349881
decision_type=2 2 2 2 2 2 2 1 2 2 2 2 2 2
left_child=2 -2 10 4 5 7 -7 -3 -9 -4 -1 -12 -13 -10
right_child=1 3 9 -5 -6 6 -8 8 13 -11 11 12 -14 -15
leaf_value=-0.00027149498157207996 0.00041325351830367508 -0.00023745977757175636 -5.3366659326694021e-05 -0.00043691916077588308 0.00066461469231298104 0.00095560285574941095 -0.00023304779260969262 0.00028391439515276323 -0.0001026948884712251 -0.00046730216377311872 0.00074739776109885203 -0.00076702601767013919 0.0001025443398137849 0.00012348004784815361
leaf_weight=1393885.0355155468 1245150.2989807129 3230537.0051972866 3230994.5603027344 1063812.3204991817 1099076.6600817442 1370915.362405777 673178.60466241837 1728254.8390680552 3858173.417996645 2356770.7902626991 1041770.8127100468 1018368.248159647 4357369.2168738842 1563127.5026855469
leaf_count=1293 1013 1924 1410 1122 1018 1936 1206 1813 4063 1551 1344 1228 4839 760
internal_value=0.000407376 0.00113038 -0.000446911 0.000569657 0.000925021 0.000400286 0.00349484 -0.000209106 0.000845324 -0.00220312 0.000809369 0.00153538 0.000547129 -0.00015491
internal_weight=2.92314e+07 1.58322e+07 1.33992e+07 1.45871e+07 1.35233e+07 1.24242e+07 2.04409e+06 1.03801e+07 7.14956e+06 5.58777e+06 7.81139e+06 6.41751e+06 5.37574e+06 5.4213e+06
internal_count=26520 14855 11665 13842 12720 11702 3142 8560 6636 2961 8704 7411 6067 4823
cat_boundaries=0 1
cat_threshold=12
is_linear=0
shrinkage=0.03


Tree=104
num_leaves=15
num_cat=3
split_feature=12 12 10 1 1 1 12 0 12 0 10 0 10 10
split_gain=29898.6 28598.8 47265.7 43566.2 36691.4 35238.1 31787.1 41754.4 40047 35333 24877.9 18921 15149.8 14486.4
threshold=0.94365407296847026 0.98603147315637651 0.91803706662057427 17.500000000000004 16.500000000000004 11.500000000000002 1.0081464412505341 0 1.0137025498423149 1 1.0821230818239316 2 1.0126286975463843 1.050358658284354
decision_type=2 2 2 2 2 2 2 1 2 1 2 1 2 2
left_child=-1 4 -3 6 5 -2 7 -4 -8 13 11 -5 -9 -10
right_child=1 2 3 10 -6 -7 8 12 9 -11 -12 -13 -14 -15
leaf_value=-0.00059126085939066445 0.00029688031309712501 -0.00068129810896521293 0.00080959559856403761 -0.0004882129757708939 0.00077599658638442218 -0.00021729689387093483 -0.00024531084898392482 -5.4561087927947016e-05 0.00040884237011864192 -9.2620123415215687e-05 0.00013314608231258543 -0.0001343755058405355 0.00018886624662880168 0.00015067336675585272
leaf_weight=1237535.0585331917 1432091.8246837854 1581707.0229017735 1875942.1725033522 1914574.3097763062 1297855.4667701721 1291414.7246398926 1794329.8358814716 1625847.296470046 2168261.915137887 4257962.1588454247 1601221.0503325462 1798101.1603150368 1763362.4160906076 3629414.7748024464
leaf_count=1512 1405 1312 1348 1357 1074 760 1367 1332 1914 3901 2098 2425 1252 3471
internal_value=0.000411567 0.000613027 0.000220878 0.000574346 0.00295447 0.000976288 0.00131107 0.00325066 0.00044928 0.00118599 -0.00179853 -0.00314657 0.00126305 0.00270997
internal_weight=2.92696e+07 2.80321e+07 2.40107e+07 2.2429e+07 4.02136e+06 2.72351e+06 1.71151e+07 5.26515e+06 1.185e+07 1.00556e+07 5.3139e+06 3.71268e+06 3.38921e+06 5.79768e+06
internal_count=26528 25016 21777 20465 3239 2165 14585 3932 10653 9286 5880 3782 2584 5385
cat_boundaries=0 1 2 3
cat_threshold=78 372 84
is_linear=0
shrinkage=0.03


Tree=105
num_leaves=15
num_cat=0
split_feature=2 12 12 12 1 1 12 12 12 12 14 12 11 2
split_gain=24273.7 39726.2 46374.3 45928.2 45588.8 22550.1 17533.1 22057.5 40833 34542.2 34278.7 31732.1 25947.7 24059.6
threshold=1.0000000180025095e-35 0.98124154101434635 0.99504303367625979 1.0017672621402147 16.500000000000004 11.500000000000002 1.0045628678959269 1.0081464412505341 1.0137025498423149 1.0331847365990243 1.0053660075542854 1.0441643509458864 1.0311932712351803 2.5000000000000004
decision_type=2 2 2 2 2 2 2 2 2 2 2 2 2 2
left_child=-1 4 -3 -4 5 -2 -5 -8 -9 10 12 -11 -10 -13
right_child=1 2 3 6 -6 -7 7 8 9 11 -12 13 -14 -15
leaf_value=-0.00011273277484669922 0.00033436826506553493 -0.00051824402708089314 0.00047582359041947416 -0.00035063418028873306 0.0009005939675318772 -0.00012212792216361246 0.00030849681267424995 -0.00037051055644512083 -0.00023924544386079121 -0.00065912266494340789 0.00052889990983913089 0.00019920628054732629 0.00020088409727997834 -0.00017371174545520012
leaf_weight=5030592.6086251736 1306163.3987052441 2210027.8525607586 1646931.1467524767 1190547.7979943752 1175935.3634395599 1241286.0794372559 1845238.9300090075 1853562.6061336994 1371787.8190566301 1333556.0130969286 2135849.9175575972 2114871.5653011799 2123192.1021329165 2550492.2779247761
leaf_count=3948 1486 2040 1364 941 1133 817 1377 1532 1134 1442 2345 1918 1771 3166
internal_value=0.000462383 0.000858045 0.000337372 0.000836565 0.0037074 0.00145202 0.000360271 0.000632654 0.000211659 0.000870752 0.00255832 -0.000713268 0.000728493 0.000453265
internal_weight=2.913e+07 2.40994e+07 2.03761e+07 1.8166e+07 3.72338e+06 2.54745e+06 1.65191e+07 1.53286e+07 1.34833e+07 1.16297e+07 5.63083e+06 5.99892e+06 3.49498e+06 4.66536e+06
internal_count=26414 22466 19030 16990 3436 2303 15626 14685 13308 11776 5250 6526 2905 5084
is_linear=0
shrinkage=0.03


Tree=106
num_leaves=15
num_cat=2
split_feature=12 11 3 11 14 11 12 12 0 12 0 14 11 12
split_gain=24544.6 38388.3 24156.9 131269 52088 50007.9 27325.1 29416.6 48868.2 34631.9 33128.1 25844.3 27704.7 16635.8
threshold=0.94365407296847026 0.88726764062237595 1.0000000180025095e-35 0.97496938264852517 0.9086172557266351 0.94992444022328815 1.0747571261860707 1.0081464412505341 0 1.013544279386674 1 1.0267209169125229 1.0311932712351803 1.0031166613366176
decision_type=2 2 2 2 2 2 2 2 1 2 1 2 2 2
left_child=-1 -2 5 -4 -5 -3 7 8 13 -9 -11 -6 -13 -7
right_child=1 2 3 4 11 6 -8 9 -10 10 -12 12 -14 -15
leaf_value=-0.00054043245840843467 0.00041868909309868325 0.00046500395190477312 -0.0019308470003050241 -0.00084524072295501479 8.4926780370058419e-06 7.8341711367657516e-05 0.00026386409260816592 -0.00038221460124886382 0.00072259116631705764 -0.00036544484793556218 7.6225708346222331e-05 0.00071518970758496401 6.3833687052269579e-05 -0.00013986181024500712
leaf_weight=1244465.8256494999 1259824.3536081314 1303268.2461291552 1277397.0621532202 921384.21642494202 5097611.2692489624 2614600.4163455963 2007329.2038905621 1548844.6524139643 1540282.029415369 2416925.3095793724 4600923.7947934866 917516.29111850262 842894.80415475368 1562271.51570189
leaf_count=1515 983 915 1436 1331 4716 1843 1755 1108 1175 1952 4065 1224 1558 931
internal_value=9.29285e-05 0.000276727 3.48311e-05 -0.00122404 0.000239495 0.000682842 0.000230472 -0.000230116 0.00143641 -0.0013423 -0.000446207 0.00113928 0.00427314 -0.000247897
internal_weight=2.91555e+07 2.79111e+07 2.66512e+07 9.0568e+06 7.77941e+06 1.75944e+07 1.62912e+07 1.42838e+07 5.71715e+06 8.56669e+06 7.01785e+06 6.85802e+06 1.76041e+06 4.17687e+06
internal_count=26507 24992 24009 10265 8829 13744 12829 11074 3949 7125 6017 7498 2782 2774
cat_boundaries=0 1 2
cat_threshold=405 138
is_linear=0
shrinkage=0.03


Tree=107
num_leaves=15
num_cat=2
split_feature=12 11 10 9 11 10 12 12 2 11 0 0 12 11
split_gain=25101.2 30113.4 44856 23890 24590 22933.6 49476.8 27069.5 26731.3 44807 58261 26049.2 48414.5 25756.4
threshold=0.94365407296847026 0.88726764062237595 0.90675470765210653 68.500000000000014 1.1671507471139435 1.0862148502590399 1.024112885485482 1.0671690946621852 2.5000000000000004 1.0481177777849275 0 1 1.004197057542799 0.99884827123419984
decision_type=2 2 2 2 2 2 2 2 2 2 1 1 2 2
left_child=-1 -2 -3 -4 5 8 -7 -8 11 10 13 -5 -13 -10
right_child=1 2 3 4 -6 6 7 -9 9 -11 -12 12 -14 -15
leaf_value=-0.000569992366942379 0.00046930599412830831 -0.0020323102745576113 -0.00028992387950918199 0.000192086653225611 -0.00029397310060866788 0.0010933349227838685 -0.00030857619141997435 0.00035477082232928531 8.7981227572474493e-05 -0.00030522790913726502 -9.6290644519139219e-05 7.8692550477886295e-05 -0.00036097380536937877 0.00047660015039074899
leaf_weight=1230434.6211465597 1218780.385240674 1819458.157535553 1180117.4452167749 2448449.4719088078 1763248.8399015665 1255601.688559413 1872388.0694878101 1753603.3524175882 1272121.6601667404 1699374.6529682875 2390163.9421628714 2514869.471842289 3554321.2771238089 3213041.6009259224
leaf_count=1497 942 1539 1063 2398 1809 1494 1998 1921 1001 1710 2668 1606 2136 2719
internal_value=0.000175402 0.000359979 0.000149758 0.000481804 0.000688926 0.000962446 0.00277597 0.000998696 0.000444502 0.00162695 0.0027051 -0.000745863 -0.00179961 0.00472109
internal_weight=2.9186e+07 2.79555e+07 2.67368e+07 2.49173e+07 2.37372e+07 2.19739e+07 4.88159e+06 3.62599e+06 1.70923e+07 8.5747e+06 6.87533e+06 8.51764e+06 6.06919e+06 4.48516e+06
internal_count=26501 25004 24062 22523 21460 19651 5413 3919 14238 8098 6388 6140 3742 3720
cat_boundaries=0 1 2
cat_threshold=59 354
is_linear=0
shrinkage=0.03


Tree=108
num_leaves=15
num_cat=2
split_feature=3 11 11 2 12 12 11 11 12 0 12 1 0 11
split_gain=24779.6 37960.5 26128.2 21251.9 42841.9 41948 34617.5 31626.2 23447.6 60923.6 40445.1 23058 30760.9 40489.1
threshold=2.5000000000000004 1.0025409389413917 1.0481177777849275 1.0000000180025095e-35 0.98613925267429281 0.9689176920627357 0.96938913150432404 0.99469405307571501 1.0149511273734639 0 1.0205961516350299 8.5000000000000018 1 1.1475241188057654
decision_type=2 2 2 2 2 2 2 2 2 1 2 2 1 2
left_child=3 -2 -3 -1 5 -5 -6 -8 9 -9 -10 -12 13 -13
right_child=1 2 -4 4 6 -7 7 8 10 -11 11 12 -14 -15
leaf_value=-0.00010138469751369598 -0.0011427180433038774 0.00039881266313310324 -0.00044975285905263083 0.00013039949150944855 -0.00073303543121644313 0.00061695791583416882 0.0004573832596047999 0.00024953204933747048 0.00063513904962481148 -0.00027837406757480043 0.00025477987219727323 0.00050122979098117678 -0.00022287945875191638 -0.00037285533605348328
leaf_weight=5086438.6904870272 1057469.9356826544 923104.5974932909 877346.23428106308 2361381.6853051186 1219137.8770326376 1462817.9792981148 1400149.329582572 2549544.1523647308 1420374.70457232 3496266.6750230789 1399097.4145689011 2093837.6783058643 3056263.390463829 975397.49012255669
leaf_count=3970 1606 1349 1529 2135 1032 1017 1185 2342 1447 1988 1942 2275 1828 879
internal_value=0.000218611 -0.00243551 0.000214247 0.000504623 0.000918318 0.00379646 0.000293302 0.000656057 0.000253322 -0.00118986 0.00122875 0.000352308 -0.00044137 0.00168007
internal_weight=2.93786e+07 2.85792e+06 1.80045e+06 2.65207e+07 2.14343e+07 3.8242e+06 1.76101e+07 1.63909e+07 1.49908e+07 6.04581e+06 8.94497e+06 7.5246e+06 6.1255e+06 3.06924e+06
internal_count=26524 4484 2878 22040 18070 3152 14918 13886 12701 4330 8371 6924 4982 3154
cat_boundaries=0 1 2
cat_threshold=203 355
is_linear=0
shrinkage=0.03


Tree=109
num_leaves=15
num_cat=2
split_feature=3 11 11 11 2 11 11 13 0 0 2 13 13 16
split_gain=26328.3 63781 66881.1 61418.8 38126.6 46757.1 32501.7 32183.9 31457.8 25810.7 23400.7 22763.5 20716.2 19687.3
threshold=1.0000000180025095e-35 0.97496938264852517 0.92833667948537613 1.1240227698648033 1.0000000180025095e-35 0.94992444022328815 1.1240227698648033 0.985358865565367 0 1 4.5000000000000009 1.076634619165022 1.0037999005036717 0.063720597560634681
decision_type=2 2 2 2 2 2 2 2 1 1 2 2 2 2
left_child=4 2 -2 7 8 -6 9 -3 -1 -7 -9 -12 -11 -10
right_child=1 3 -4 -5 5 6 -8 10 13 12 11 -13 -14 -15
leaf_value=-0.00056667355917600169 -7.4738546276176409e-05 -9.2380392598380095e-05 -0.002398080739594874 -0.00082333266740695769 0.000504408461653552 0.00024237201966836075 0.00038820489816766769 4.4691889480561101e-05 -0.00018791250433905285 -0.00019753336847437599 0.00017446072211373402 0.0012819335603507396 2.8821272174149616e-05 0.00014810887547868741
leaf_weight=1589120.3965806961 1009701.7675443888 2583198.0087221861 1018002.4923603535 920082.85585188866 2086020.1392108202 4815203.6543613672 1741176.9300529957 2115720.9963821173 1660509.5119776726 2618924.4181140661 1281561.0431032181 946571.2108618021 3002142.0206830502 1789084.8543701172
leaf_count=1304 1275 3080 1119 1329 1552 4204 1648 1669 1856 1797 1292 1571 1907 802
internal_value=0.000337426 -0.000922517 -0.00566554 0.000303083 0.000982002 0.00177447 0.00106356 0.00127037 -0.00126129 0.000430497 0.00284728 0.00499292 -0.000950354 0.000347587
internal_weight=2.9177e+07 9.87484e+06 2.0277e+06 7.84713e+06 1.93022e+07 1.42635e+07 1.21774e+07 6.92705e+06 5.03871e+06 1.04363e+07 4.34385e+06 2.22813e+06 5.62107e+06 3.44959e+06
internal_count=26405 11335 2394 8941 15070 11108 9556 7612 3962 7908 4532 2863 3704 2658
cat_boundaries=0 1 2
cat_threshold=138 362
is_linear=0
shrinkage=0.03


Tree=110
num_leaves=15
num_cat=0
split_feature=10 9 2 12 10 14 12 2 12 12 12 12 2 12
split_gain=19152.3 20641.7 18992.5 25126.8 23274.9 29273.7 32903.5 32077.8 23483.2 29705.1 44010.3 25120.1 28004.5 26480
threshold=0.82120607435980486 68.500000000000014 1.0000000180025095e-35 0.98075970649359323 0.90675470765210653 0.88037675086529255 1.0015572315294419 2.5000000000000004 1.004725325582458 1.0077918519281821 1.0137025498423149 1.032817921528111 3.5000000000000004 1.0671690946621852
decision_type=2 2 2 2 2 2 2 2 2 2 2 2 2 2
left_child=-1 -2 -3 -4 -5 7 -7 -6 -8 -10 -11 12 -12 -13
right_child=1 2 3 4 5 6 8 -9 9 10 11 13 -14 -15
leaf_value=-0.001312595421488885 -0.00045814898462073837 -0.00013548274642372475 0.00029529552644786745 -0.00075309868422115738 3.7925421361279249e-05 0.00034923375851767094 -0.00032335441893154699 -0.00085026957887273627 0.00032609488025634706 -0.0003686800282851813 4.3463307781539628e-05 -0.00028377823583685378 0.00048143887989756013 0.00017726092220705987
leaf_weight=1391696.2108107805 1160424.1106783152 4556201.3644274473 2569763.0094822645 1111077.7434878349 910253.18496775627 3011413.1972432137 1417483.0327711105 855396.93194508553 1369486.6688441038 1565196.0886049271 2580369.5973396301 2633721.0322124958 1730015.237259388 2387318.225407362
leaf_count=1642 1044 3548 2207 916 905 2604 1067 1190 922 1325 2056 2619 1899 2633
internal_value=9.12241e-05 0.000262804 0.000433055 0.000796027 0.000429827 0.000683632 0.00107214 -0.00298985 0.000447345 0.000869825 0.000346446 0.00112729 0.00280724 -0.000314891
internal_weight=2.92498e+07 2.78581e+07 2.66977e+07 2.21415e+07 1.95717e+07 1.84607e+07 1.6695e+07 1.76565e+06 1.36836e+07 1.22661e+07 1.08966e+07 9.33142e+06 4.31038e+06 5.02104e+06
internal_count=26577 24935 23891 20343 18136 17220 15125 2095 12521 11454 10532 9207 3955 5252
is_linear=0
shrinkage=0.03


Tree=111
num_leaves=15
num_cat=1
split_feature=3 12 12 14 12 12 12 10 1 10 14 1 10 0
split_gain=25627 27161.5 20814.6 14964.1 17667.2 11591.4 64403.3 22949.4 22639.7 24108.5 16079.2 24325.7 35133.2 21011.1
threshold=2.5000000000000004 0.99977566849591148 1.0343853821195739 1.0741774926236383 1.004197057542799 0.98244423354187715 0.9655380253813558 0.96771506909300131 17.500000000000004 1.0658413189851337 0.88037675086529255 7.5000000000000009 1.0366124446983094 0
decision_type=2 2 2 2 2 2 2 2 2 2 2 2 2 1
left_child=3 -2 -3 5 -5 6 -1 -7 10 -10 -9 12 -12 -13
right_child=1 2 -4 4 -6 7 -8 8 9 -11 11 13 -14 -15
leaf_value=-8.1261902518136811e-05 -0.0015497224974417663 0.00017471425668071319 -0.0005986436312899919 0.0012612085276827987 0.00013911553224033222 -0.00037974938022693628 0.00052572571778106755 -0.00011287774378835904 -0.00031168270890278177 0.00016120013414517941 -0.00048564216959860827 0.00049569072142574804 0.0002156553370325614 8.5574798119324012e-05
leaf_weight=2600654.4346928596 872521.63018763065 1300675.1844825745 671204.84759664536 525250.0979886055 1113878.8118240833 1575578.7724630833 1431518.7706656456 1887704.2994810343 2871031.6320362091 1613668.3387680054 820124.03925013542 2234094.5567016602 872755.07044732571 8786940.2122612
leaf_count=2023 1417 1834 1151 1099 2035 1156 837 1868 2385 1809 1099 1468 1326 4901
internal_value=0.000388826 -0.00231639 -0.000366316 0.000681032 0.0034568 0.000496783 0.0019681 0.000209654 0.000496918 -0.00136744 0.00106953 0.00145313 -0.00189507 0.00196743
internal_weight=2.91776e+07 2.8444e+06 1.97188e+06 2.63332e+07 1.63913e+06 2.46941e+07 4.03217e+06 2.06619e+07 1.90863e+07 4.4847e+06 1.46016e+07 1.27139e+07 1.69288e+06 1.1021e+07
internal_count=26408 4402 2985 22006 3134 18872 2860 16012 14856 4194 10662 8794 2425 6369
cat_boundaries=0 1
cat_threshold=66
is_linear=0
shrinkage=0.03


Tree=112
num_leaves=15
num_cat=2
split_feature=10 12 12 16 13 12 12 0 10 10 12 0 12 12
split_gain=21881.4 28751.1 57282.8 40306.9 30871.6 29817.9 24268 16386.4 9123.02 22072.8 25743.3 12878.1 28385.1 14469.7
threshold=0.80264756421392891 0.99055910426597582 0.99977566849591148 0.05427723194554801 0.84087385819613791 1.0039311402383728 0.9689176920627357 0 0.98310466343209058 1.0126286975463843 1.0077918519281821 1 1.0149511273734639 1.0205961516350299
decision_type=2 2 2 2 2 2 2 1 2 2 2 1 2 2
left_child=-1 3 -3 -2 7 -6 -5 -4 -7 -10 -11 -12 -13 -14
right_child=1 2 4 6 5 8 -8 -9 9 10 11 12 13 -15
leaf_value=-0.00051123459885111936 0.00072294153656617219 -0.00059794695699139338 -0.0013102117115486929 -0.00010057541992824455 0.0003069508268258889 0.00019604437753292141 0.0002522042549177712 -4.4333516134331133e-05 -0.00047381238045596903 0.00036410265993786877 -0.0002042314056311653 -0.00019788389544647033 0.00057092222452055229 7.2371850381413509e-05
leaf_weight=1140077.3615317345 1295820.0707496405 1833652.3527297974 733919.24258053303 2067142.2133789062 2023655.5677075386 1772007.8726273775 1913334.0137023926 557866.75296831131 1958137.9255003929 1162755.727879405 2242168.834985733 1831341.2976909876 1258848.7075092793 7432391.9554299116
leaf_count=1369 2214 1567 835 1235 1454 1652 1012 1486 1444 893 2012 1411 1222 6745
internal_value=0.000386704 0.000552105 9.04059e-05 0.0025478 0.000534964 0.00082984 0.00105173 -0.00395767 0.000434532 0.000206784 0.000626092 0.000236818 0.000676678 0.00139191
internal_weight=2.92231e+07 2.8083e+07 2.28067e+07 5.2763e+06 2.09731e+07 1.96813e+07 3.98048e+06 1.29179e+06 1.76577e+07 1.58856e+07 1.39275e+07 1.27648e+07 1.05226e+07 8.69124e+06
internal_count=26551 25182 20721 4461 19154 16833 2247 2321 15379 13727 12283 11390 9378 7967
cat_boundaries=0 1 2
cat_threshold=14 136
is_linear=0
shrinkage=0.03


Tree=113
num_leaves=15
num_cat=0
split_feature=11 10 13 10 12 11 10 12 10 10 11 11 11 10
split_gain=20579.5 25421.1 37173.9 24244.1 21325.3 37398.4 45922.9 27802.1 46396.3 28447 25400.6 21642.1 24614.1 18081.8
threshold=1.1761963940655993 1.1714616938353537 1.1639587238023308 1.0283647253166985 0.9450986751568452 0.88978298854405191 0.90675470765210653 1.0077918519281821 0.98873969880633472 1.0297948582309389 1.0210193763411664 1.0308370703839311 1.0563311894196821 1.0157067546290344
decision_type=2 2 2 2 2 2 2 2 2 2 2 2 2 2
left_child=1 2 4 -4 -1 -6 -7 8 -8 -10 -11 13 -13 -9
right_child=-2 -3 3 -5 5 6 7 11 9 10 -12 12 -14 -15
leaf_value=-0.0005455815842450311 -0.00044225419227328898 0.00069829145641725563 2.5136284624487825e-05 0.0011228929469502631 0.0005207028956493488 -0.00075247284730038135 0.00051601376891468275 -9.4438956770510827e-06 -8.7343053170802553e-05 0.00031697155297572542 -3.7733265857934468e-06 0.00018421548163084835 -6.2018646336589909e-05 -0.00029964777622616852
leaf_weight=1242604.1347652674 1225728.2594866753 1191424.8651663065 620489.34153437614 874936.07641744614 1276508.3569239378 1580094.9180828333 1666196.7637435198 1851541.0954451561 4021799.347079277 1495337.9547836781 1586904.5204726458 2628188.3257706165 5476429.9251365662 2564014.9695397615
leaf_count=1431 1311 1506 1442 1666 889 1251 1322 1534 2851 1025 1196 2035 5061 1984
internal_value=0.000219443 0.00038556 0.000195529 0.00479206 -7.52027e-05 0.000122029 -0.000156898 0.000209326 0.00150462 0.000447878 0.0026164 -0.00069801 0.000222634 -0.00238782
internal_weight=2.93022e+07 2.80765e+07 2.6885e+07 1.49543e+06 2.53896e+07 2.4147e+07 2.28705e+07 2.12904e+07 8.77024e+06 7.10404e+06 3.08224e+06 1.25202e+07 8.10462e+06 4.41556e+06
internal_count=26504 25193 23687 3108 20579 19148 18259 17008 6394 5072 2221 10614 7096 3518
is_linear=0
shrinkage=0.03


Tree=114
num_leaves=15
num_cat=2
split_feature=16 2 13 0 16 2 12 10 1 0 10 11 1 11
split_gain=16869.6 31476.6 18405.1 25160.8 23993 14887 24785.6 28869.8 26693.9 24392.8 22788.2 25999.3 22194.9 20543.5
threshold=0.08093095206115429 3.5000000000000004 1.1089925050022069 0 0.053545453698065515 1.0000000180025095e-35 0.98124154101434635 0.94660554909741312 17.500000000000004 1 1.0428102923176461 1.0631792722561391 9.5000000000000018 1.0408546074434091
decision_type=2 2 2 1 2 2 2 2 2 1 2 2 2 2
left_child=2 -2 5 -4 -5 -1 9 -8 10 -7 12 -12 -9 -10
right_child=1 -3 3 4 -6 6 7 8 13 -11 11 -13 -14 -15
leaf_value=-0.00013016214314460242 1.9211513408920999e-07 -0.00044261550450168575 0.00083002434124464165 0.00031864769907739203 -0.00042678675240621135 0.00049663864088234544 -0.00073787940575418154 -5.8332966973531462e-05 -0.0005574948302626933 1.9415480499368084e-05 -0.00032282707631002978 6.9987600911408285e-05 0.00036050917681386733 2.8369184919569504e-05
leaf_weight=3468919.1995569468 4776298.0744934082 2251451.0741131306 1122211.7147984505 606552.82674384117 1079880.4187691212 1189243.0053833723 1158543.2031844854 1527298.9192804098 1654664.9578514099 1239249.6479501724 1251403.7478544712 3092898.2819399834 3628238.7359828949 1222282.3435089588
leaf_count=2918 2015 1482 1877 1924 914 942 1067 1991 1808 1365 1124 3174 2182 1771
internal_value=-2.11849e-05 -0.00130246 0.000383666 0.00265367 0.000337389 5.55783e-05 0.000442646 -5.80648e-05 0.000365833 0.00323338 0.00113254 -0.000468102 0.00248132 -0.00216588
internal_weight=2.92691e+07 7.02775e+06 2.22414e+07 2.80864e+06 1.68643e+06 1.94327e+07 1.59638e+07 1.35353e+07 1.23768e+07 2.42849e+06 9.49984e+06 4.3443e+06 5.15554e+06 2.87695e+06
internal_count=26554 3497 23057 4715 2838 18342 15424 13117 12050 2307 8471 4298 4173 3579
cat_boundaries=0 1 2
cat_threshold=53 153
is_linear=0
shrinkage=0.03


Tree=115
num_leaves=15
num_cat=2
split_feature=11 10 11 0 11 11 1 11 11 11 11 16 13 0
split_gain=19423.7 26557.8 17833.2 35541.4 28448.2 21083.4 19249 15800.2 30214.8 26118.5 17051.6 14069.3 21421.5 12142.7
threshold=0.8718556009368803 0.90675470765210653 1.0201167971050777 0 1.0144223363856211 1.0099514182531915 8.5000000000000018 1.0650063805139773 1.1097774341648921 1.0305996897562559 1.0373145399245411 0.052979303042598229 0.96701110183881833 1
decision_type=2 2 2 1 2 2 2 2 2 2 2 2 2 1
left_child=-1 -2 4 7 5 11 -5 9 -9 -4 -11 12 -3 -8
right_child=1 2 3 6 -6 -7 13 8 -10 10 -12 -13 -14 -15
leaf_value=0.00037937680217519753 -0.00038842462834459788 -0.00021883616359703471 0.00030718113612316673 0.0001075348742868813 0.00035857735016192274 -0.0003125774630963998 -4.2644258117302001e-05 0.00072947427311826274 -6.3961086877869542e-05 -0.00051738051251391196 -5.0086153306192718e-06 4.851870729478427e-05 0.0002818719191538251 -0.00026354216095039095
leaf_weight=1358262.2341743708 2067232.1473171711 482534.13800728321 1225598.0922967196 1504739.6207406521 1839643.7287803888 1236532.6551251411 2163529.9285678864 2110455.8917741776 1929649.9193314314 885168.43962109089 1301051.791638732 5868567.7106933594 901602.19254422188 4464075.6184310913
leaf_count=1465 1696 1148 1230 1789 1428 947 2224 2499 2424 799 1685 3361 1778 2037
internal_value=0.000312001 0.000141929 0.00040298 -0.000237728 0.00136968 0.000636765 -0.00160915 0.00125892 0.00252837 -0.000244298 -0.0022096 0.00125409 0.00397481 -0.00230461
internal_weight=2.93386e+07 2.79804e+07 2.59131e+07 1.55843e+07 1.03289e+07 8.48924e+06 8.13235e+06 7.45192e+06 4.04011e+06 3.41182e+06 2.18622e+06 7.2527e+06 1.38414e+06 6.62761e+06
internal_count=26510 25045 23349 14687 8662 7234 6050 8637 4923 3714 2484 6287 2926 4261
cat_boundaries=0 1 2
cat_threshold=357 130
is_linear=0
shrinkage=0.03


Tree=116
num_leaves=15
num_cat=0
split_feature=11 14 3 11 11 14 9 16 10 10 11 13 10 12
split_gain=18610.3 20527 24893.6 107128 39594.4 37299.8 36181.5 32484.2 26829.9 21638 25420.4 20618.9 19850.1 14422.4
threshold=0.8718556009368803 1.0762140636938837 1.0000000180025095e-35 0.97193150850967303 0.94992444022328815 0.95289656704802284 88.500000000000014 0.079739806672640287 1.0958369012820295 1.1267163222885357 1.1671507471139435 1.2645405000245351 1.0208764262866457 1.0039311402383728
decision_type=2 2 2 2 2 2 2 2 2 2 2 2 2 2
left_child=-1 2 4 -4 -2 8 -7 12 -5 13 -11 -3 -8 -6
right_child=1 11 3 5 9 6 7 -9 -10 10 -12 -13 -14 -15
leaf_value=0.00029603224650047742 0.00031272018158173278 0.00055635325376818072 -0.0020936580303049204 -9.9200622206194064e-05 5.7632176220378682e-05 -0.00047779073056705912 0.00062338783686769015 -0.00013820695181099781 -0.0009493035616385656 0.0004981541285421897 -0.00015497665501990415 -0.00068329104347812804 0.00021168784076604907 -0.00011044779687456886
leaf_weight=1358246.0836316347 1935544.5757712126 1521189.8062279224 1176115.2971510887 1162913.778000474 3918006.4111469984 1192832.2746185064 937320.01427316666 1091796.0599975586 811893.74200034142 1650856.0533275604 1152374.0569953918 513310.14732456207 2087894.5741052628 8763251.6146098375
leaf_count=1462 1216 2557 1057 1490 2575 1001 978 659 1037 1479 1025 1490 2323 6169
internal_value=-1.86299e-05 -0.000185481 -0.000413569 -0.00174861 0.000234851 -0.000392214 0.000916944 0.00224992 -0.00391226 -0.000270819 0.00211443 0.00271602 0.0038508 -0.000798084
internal_weight=2.92735e+07 2.79153e+07 2.58808e+07 8.46077e+06 1.742e+07 7.28465e+06 5.30984e+06 4.11701e+06 1.97481e+06 1.54845e+07 2.80323e+06 2.0345e+06 3.02521e+06 1.26813e+07
internal_count=26518 25056 21009 8545 12464 7488 4961 3960 2527 11248 2504 4047 3301 8744
is_linear=0
shrinkage=0.03


Tree=117
num_leaves=15
num_cat=2
split_feature=9 12 12 2 16 12 12 12 0 16 2 0 1 2
split_gain=21046.3 18059.6 37410.6 26189.9 24306.2 19255.4 34906.5 76756.3 50075 35929.9 29705.8 29939.9 21793.3 16969.6
threshold=68.500000000000014 1.0375626961833271 1.0470769130312347 1.0000000180025095e-35 0.06255046960384486 1.0149511273734639 0.98613925267429281 0.99504303367625979 0 0.057920311354693062 2.5000000000000004 1 15.500000000000002 2.5000000000000004
decision_type=2 2 2 2 2 2 2 2 1 2 2 1 2 2
left_child=-1 3 -3 4 -2 6 8 -8 -5 -10 -9 -12 -7 -4
right_child=1 2 13 5 -6 12 7 10 9 -11 11 -13 -14 -15
leaf_value=-0.00039555863903558309 -0.00028986782007705452 -0.00065718704377903492 0.00010703959831170925 0.00049700985012045317 3.347518415229911e-05 0.00042090912552127666 -0.0011392024508925542 -9.5990551650329117e-05 0.00058192661187579349 -0.00017708885563977217 0.00031100674822492539 -2.9984307544951846e-05 -0.00038857986872977129 -0.00019408769527073691
leaf_weight=1190476.611038208 1641079.4276381731 1109173.7064312696 3019135.9271888733 1285870.156009078 2053771.1321411133 3257770.347672224 1391255.6334537268 2759777.3090578318 1038961.0183949471 2044747.4558410645 2232871.5246776342 1679343.5282355547 2078418.7206561565 2525443.9386036396
leaf_count=1062 1808 1138 2695 1135 926 3163 1264 1939 1730 1233 1706 1785 1915 3092
internal_value=0.000291318 0.000456738 -0.000908808 0.000880054 -0.00141804 0.00135791 0.000710927 -0.000459258 0.00287029 0.000796435 0.000877335 0.00255861 0.00286534 9.73136e-05
internal_weight=2.93081e+07 2.81176e+07 6.65375e+06 2.14639e+07 3.69485e+06 1.7769e+07 1.24328e+07 8.06325e+06 4.36958e+06 3.08371e+06 6.67199e+06 3.91222e+06 5.33619e+06 5.54458e+06
internal_count=26591 25529 6925 18604 2734 15870 10792 6694 4098 2963 5430 3491 5078 5787
cat_boundaries=0 1 2
cat_threshold=145 184
is_linear=0
shrinkage=0.03


Tree=118
num_leaves=15
num_cat=3
split_feature=11 11 0 14 13 16 12 10 11 0 1 14 0 14
split_gain=15597.8 32745.6 26557.1 13493.5 17829.4 10567.2 17547.9 11861.5 18810.2 47692.9 33863.1 36294.2 26608.4 21130.1
threshold=0.9093237613342906 0.93688309830656225 0 1.0835609173153526 1.2645405000245351 0.028591112356170421 1.0017672621402147 0.99547996673316497 1.0201167971050777 1 8.5000000000000018 0.99069238779689206 2 0.94902032388666524
decision_type=2 2 1 2 2 2 2 2 2 1 2 2 1 2
left_child=2 -2 -1 5 -5 6 -3 -7 9 -9 -10 12 -12 -14
right_child=1 3 -4 4 -6 7 -8 8 10 -11 11 -13 13 -15
leaf_value=0.00064761296616327373 -0.00097678172678602082 0.00036922414047260379 -4.6809282376743419e-05 0.00077446523860173603 -0.00040811498827421843 -0.00014826897322462758 -0.00057361447306196424 0.00030496794825633636 0.00024170816993682284 -1.6648096664435734e-05 -0.00035948335703848034 0.0001223308214521383 -0.00019320020820162183 0.00031052288466079252
leaf_weight=1058693.5518429279 1300910.2350184917 355644.16102492809 1226723.9302771091 1079824.5434836149 470283.71960997581 3414381.0979309082 1157198.5799065828 2493951.9865264893 2289791.4547138214 2993203.5061905384 3074598.1874542236 3941647.6725621223 2371908.4589521885 1806418.4985771179
leaf_count=760 1182 1166 1409 1994 1372 2227 4324 1051 1278 2000 1555 2804 1957 1391
internal_value=0.000428592 0.00022535 0.00280745 0.000462666 0.00317508 0.000286735 -0.00213989 0.000450727 0.000743687 0.00222453 0.000141091 -0.000538838 -0.00179811 -0.000239384
internal_weight=2.90352e+07 2.67498e+07 2.28542e+06 2.54489e+07 1.55011e+06 2.38987e+07 1.51284e+06 2.23859e+07 1.89715e+07 5.48716e+06 1.34844e+07 1.11946e+07 7.25293e+06 4.17833e+06
internal_count=26470 24301 2169 23119 3366 19753 5490 14263 12036 3051 8985 7707 4903 3348
cat_boundaries=0 1 2 3
cat_threshold=13 146 152
is_linear=0
shrinkage=0.03


Tree=119
num_leaves=15
num_cat=2
split_feature=12 11 10 14 12 11 0 10 12 1 0 11 12 12
split_gain=20054.7 37129.3 26021.5 20533.8 22245.1 56136.6 50137.2 37368.3 28599.4 24083.4 17277.5 11725.4 28167.5 34229.2
threshold=0.94365407296847026 0.88726764062237595 0.90675470765210653 0.81519309494764192 1.0017672621402147 1.0275274932361529 0 0.99547996673316497 0.98603147315637651 19.500000000000004 1 1.0273366141169642 1.0331847365990243 1.0671690946621852
decision_type=2 2 2 2 2 2 1 2 2 2 1 2 2 2
left_child=-1 -2 -3 -4 5 6 -5 -6 -8 10 11 -9 -13 -14
right_child=1 2 3 4 7 -7 8 9 -10 -11 -12 12 13 -15
leaf_value=-0.00047427481036294391 0.00047503682314917466 -0.00037735727761515221 -0.00021590620768458679 0.00051652296828891286 -0.00056861829152970555 -0.00025631594768474943 -0.00025754974568474289 3.243457208768382e-05 0.00048673891369598672 -0.00034586655217039769 -2.7889254473601256e-05 0.00042092995104723495 -0.00022340231332956185 0.00032425189168283348
leaf_weight=1236871.8749400377 1248636.5818657875 1748327.1725565195 1338246.0678116083 1248464.9730494022 1950250.9696614742 1338520.2336678505 1089372.2765171528 3389285.9158488512 1872816.8333371878 1479369.5390300751 5285105.6576020718 2749952.7300317287 1547611.4623771906 1718850.8117015362
leaf_count=1507 978 1475 1642 697 1871 1108 942 1911 1842 2838 4657 2120 1419 1579
internal_value=0.000446434 0.000611544 0.000375567 0.000622938 0.000827343 0.00248927 0.00419052 0.000318395 0.00206525 0.000791521 0.00115892 0.00193012 0.00272514 0.000841706
internal_weight=2.92417e+07 2.80048e+07 2.67562e+07 2.50078e+07 2.36696e+07 5.54917e+06 4.21065e+06 1.81204e+07 2.96219e+06 1.61702e+07 1.46908e+07 9.4057e+06 6.01642e+06 3.26646e+06
internal_count=26586 25079 24101 22626 20984 4589 3481 16395 2784 14524 11686 7029 5118 2998
cat_boundaries=0 1 2
cat_threshold=17 118
is_linear=0
shrinkage=0.03


Tree=120
num_leaves=15
num_cat=3
split_feature=11 10 11 0 16 11 1 11 10 11 0 10 10 0
split_gain=24678.2 18136.1 35061.7 25150 31567.8 30873.2 30761.6 37657.2 29000.9 28822.7 17071.6 14730.7 27588.3 14424.4
threshold=1.1792307564141953 0.80264756421392891 0.90531449438650002 0 0.087477238269254506 0.97193150850967303 7.5000000000000009 1.0201167971050777 0.99645774472557846 1.0308370703839311 1 1.0862148502590399 1.0513365094385227 2
decision_type=2 2 2 1 2 2 2 2 2 2 1 2 2 1
left_child=1 -1 -3 4 6 -5 -4 8 -8 -9 -11 12 -7 -13
right_child=-2 2 3 5 -6 11 7 9 -10 10 -12 13 -14 -15
leaf_value=-0.00046012167019174197 -0.00054431013035059078 0.00050519487242564772 -0.00043249844806991691 -0.00058894415264368143 -8.3068538713802569e-05 -7.3541748331202163e-06 0.00011797658505190185 -0.00035145371006260772 0.00040290421070273677 0.0006732745817340255 3.9602155298851989e-05 0.00054417450819428908 -0.00048388608790742293 -3.6200311849302958e-05
leaf_weight=1170010.104675293 1157544.8924863338 1277553.9600505829 1195775.7281280756 1364348.7116636038 2164300.4534301758 6972569.3305982351 1633354.4390897751 1063073.6586952209 2626676.5631890297 1410145.1128957272 3119968.5618076324 1258669.0678249598 1479180.0156333447 1305651.5004262924
leaf_count=1364 1210 972 2926 1177 1098 5737 1497 662 1795 2080 2646 1081 1162 1125
internal_value=0.000228428 0.000405629 0.00056483 0.000322717 0.00123302 -0.000648824 0.00188201 0.00243345 0.00455855 0.000814873 0.00185812 -0.000121602 -0.000725873 0.00187002
internal_weight=2.91988e+07 2.80413e+07 2.68713e+07 2.55937e+07 1.32133e+07 1.23804e+07 1.1049e+07 9.85322e+06 4.26003e+06 5.59319e+06 4.53011e+06 1.10161e+07 8.45175e+06 2.56432e+06
internal_count=26532 25322 23958 22986 12704 10282 11606 8680 3292 5388 4726 9105 6899 2206
cat_boundaries=0 1 2 3
cat_threshold=242 34 5
is_linear=0
shrinkage=0.03


Tree=121
num_leaves=15
num_cat=0
split_feature=10 13 11 11 10 11 10 11 2 13 11 10 11 11
split_gain=17801.4 19018 23172.2 14746.8 22737.4 23317.4 17477.7 29646.7 28722.8 28226.5 20236.6 21780.7 25282.7 18198.7
threshold=0.82120607435980486 0.87662391150672014 0.98543013854132477 0.9569913468292458 0.97391455835206509 0.98543013854132477 1.1267163222885357 1.1475241188057654 4.5000000000000009 1.076634619165022 1.0486312805951197 1.0126286975463843 1.0201167971050777 1.0295981725320928
decision_type=2 2 2 2 2 2 2 2 2 2 2 2 2 2
left_child=-1 2 -2 -3 -5 -6 8 -8 10 -10 11 -7 -13 -14
right_child=1 3 -4 4 5 6 7 -9 9 -11 -12 12 13 -15
leaf_value=-0.00044983707968665319 0.00010751792936286818 0.00026055358056267336 -0.00054973696076001137 -0.00037528450641396771 0.00032439115709437987 -0.00013107074593009851 0.00066814147202319118 -1.8480510859594992e-05 4.8888226009776503e-05 0.0010708849536835831 -0.00017215793159024628 0.00020982233651690345 -0.00015847725456633534 0.00011953596421362093
leaf_weight=1465225.616740942 1291756.0834676027 2095399.1722559929 2059940.0739687681 1214448.2684967518 1211944.5320132971 2933907.8254967928 1761935.4845292568 2095832.8621603251 2001418.721968174 818338.82675230503 3824377.9826046228 2491419.3664326668 1941308.8256995678 2268706.605222702
leaf_count=1708 1162 1667 3214 1182 947 2002 1904 2046 2133 1327 3045 1562 1150 1555
internal_value=0.000227356 0.000395975 -0.00172432 0.000684169 0.0004606 0.000687736 0.000444509 0.00226009 1.4268e-05 0.0027674 -0.000562502 0.000170355 0.00111412 -0.000303409
internal_weight=2.9476e+07 2.80107e+07 3.3517e+06 2.4659e+07 2.25636e+07 2.13492e+07 2.01372e+07 3.85777e+06 1.62795e+07 2.81976e+06 1.34597e+07 9.63534e+06 6.70143e+06 4.21002e+06
internal_count=26604 24896 4376 20520 18853 17671 16724 3950 12774 3460 9314 6269 4267 2705
is_linear=0
shrinkage=0.03


Tree=122
num_leaves=15
num_cat=4
split_feature=10 10 14 12 12 12 0 10 0 0 1 12 12 0
split_gain=27564.8 23989.6 24951.6 15198.4 37644.5 25035 28831.2 24522.9 32112.8 27084.7 21058 23198.6 17195.2 16316.6
threshold=0.80264756421392891 0.90372711552493334 0.79649620921133757 1.0077918519281821 1.0049158022346554 1.0149511273734639 0 1.0291511211659856 1 2 8.5000000000000018 1.0375626961833271 1.0205961516350299 3
decision_type=2 2 2 2 2 2 1 2 1 1 2 2 2 1
left_child=-1 -2 -3 4 7 13 -7 9 -9 -4 11 -8 -12 -5
right_child=1 2 3 5 -6 6 10 8 -10 -11 12 -13 -14 -15
leaf_value=-0.00059976547322923937 0.00039774090561945567 -0.00030592288314249737 0.00031282357391643418 2.5655851669686564e-05 0.00040419581327602198 -0.00017907149202578686 0.00081316479144397406 0.0004193793210346972 6.9178224580228865e-05 -0.00020123770589411882 0.00043254123447663553 4.242496922302865e-05 1.8507422222611387e-05 -0.00029309262298011932
leaf_weight=1124850.2677185535 2004325.298558712 1204954.3874710798 1339728.2171895504 1251536.5639127493 1489613.9855279922 4007387.7065390348 723242.90822565556 1182100.0165586472 1957474.1044079065 3931985.6957672834 1136420.3902328014 686664.31905066967 5370000.707674861 1876569.3967759609
leaf_count=1354 1632 1510 1124 1168 1122 3722 990 1165 1528 2999 1103 1110 4661 1333
internal_value=0.000428307 0.000612248 0.000369874 0.000573483 0.00148637 -2.70039e-05 0.000599661 0.000707905 0.00280692 -0.000542168 0.00164924 0.00497311 0.000928977 -0.00241572
internal_weight=2.92869e+07 2.8162e+07 2.61577e+07 2.49527e+07 9.9009e+06 1.50518e+07 1.19237e+07 8.41129e+06 3.13957e+06 5.27171e+06 7.91633e+06 1.40991e+06 6.50642e+06 3.12811e+06
internal_count=26521 25167 23535 22025 7938 14087 11586 6816 2693 4123 7864 2100 5764 2501
cat_boundaries=0 1 2 3 4
cat_threshold=138 496 11 395
is_linear=0
shrinkage=0.03


Tree=123
num_leaves=15
num_cat=0
split_feature=9 10 2 12 10 16 1 9 1 16 1 10 12 10
split_gain=20471.4 21833 16685.7 33758.9 41867.8 22471.7 20287.8 32960.5 18767.6 15221.4 17380.8 24143.7 15248.5 14424.6
threshold=68.500000000000014 0.82120607435980486 1.0000000180025095e-35 0.98613925267429281 0.96771506909300131 0.0706916940943038 17.500000000000004 89.500000000000014 15.500000000000002 0.052673485965430346 8.5000000000000018 1.0164263585506468 1.0671690946621852 1.053404392603321
decision_type=2 2 2 2 2 2 2 2 2 2 2 2 2 2
left_child=-1 -2 5 8 -5 -3 7 -6 -4 -9 -11 -12 13 -13
right_child=1 2 3 4 6 -7 -8 9 -10 10 11 12 -14 -15
leaf_value=-0.00029711336983324595 -0.00055662139180839073 -0.00021608176572765828 0.00019467897373395731 -0.00073109918686429577 0.00037367234074779285 0.0001318599290714813 -6.4984487142446024e-05 0.0004300717934096576 0.00039132073717857194 0.00021670478192941292 0.00015849128181495852 -1.7724783861259008e-05 0.00014517775266332064 -0.00030446396264391211
leaf_weight=1160340.3961544037 1420799.2596064806 2959666.8744721413 2065460.0983989239 1518298.3815914392 2101167.9425172806 1636518.1718139648 4036823.3128168583 1424891.4403084517 1278773.0587706566 1897249.1575746536 1955524.7167816162 1981506.9109802246 1547376.2078711987 2291944.1463165283
leaf_count=1052 1652 2885 1785 1495 1800 705 4565 3618 1043 866 1193 1143 1172 1528
internal_value=0.000448001 0.00060916 0.000802024 0.00114407 0.000648941 -0.000842594 0.00106963 0.00163881 0.00392082 0.000986531 0.000560135 -6.79769e-05 -0.00103687 -0.00196082
internal_weight=2.92763e+07 2.8116e+07 2.66952e+07 2.2099e+07 1.87548e+07 4.59619e+06 1.72365e+07 1.31997e+07 3.34423e+06 1.10985e+07 9.6736e+06 7.77635e+06 5.82083e+06 4.27345e+06
internal_count=26502 25450 23798 20208 17380 3590 15885 11320 2828 9520 5902 5036 3843 2671
is_linear=0
shrinkage=0.03


Tree=124
num_leaves=15
num_cat=0
split_feature=3 11 12 11 2 11 14 11 12 2 11 12 1 13
split_gain=21836.7 34579.9 95920.9 47194.7 28836.5 42632 19021.8 17245.5 29901.3 25064.3 22426.5 21569.9 15326.4 13518.9
threshold=1.0000000180025095e-35 0.97496938264852517 0.98075970649359323 1.1267345063990362 1.0000000180025095e-35 0.95492063932594939 1.0406232578893968 1.1240227698648033 1.0377844440427848 2.5000000000000004 1.01278369294476 1.0160145315503237 16.500000000000004 0.96480508903151596
decision_type=2 2 2 2 2 2 2 2 2 2 2 2 2 2
left_child=4 2 -2 6 -1 -6 12 8 9 10 -7 -12 13 -3
right_child=1 3 -4 -5 5 7 -8 -9 -10 -11 11 -13 -14 -15
leaf_value=-8.7602457485055595e-05 0.00012768333912613846 -0.00011445637765562161 -0.0026931843044148262 -0.00082226604842430655 -0.0001309283303925033 -0.00022857908645114664 0.00053013751327997459 0.00024743520625611766 -0.00029698943423472245 0.00022699017349011224 0.00025114707977712302 -8.7423497658221212e-05 -0.00019472772989063671 0.00015272331244039217
leaf_weight=5167023.0191686153 1047108.2514708042 1204434.7670818567 999815.51889884472 905069.83731043339 2136264.6031709909 1897547.1226139069 1200039.9115675688 1732099.6822543144 1830997.0044052601 2851351.6145931482 2146437.2321964502 1612090.3280826807 1728988.7283918858 2833148.2663755417
leaf_count=4013 1253 1389 1178 1317 1631 1403 2131 1628 1600 2149 1481 1258 1810 2357
internal_value=0.000135277 -0.00100949 -0.00448318 -0.00010621 0.000721354 0.00141936 0.000731058 0.000727994 0.000263847 0.00101233 -0.000143827 0.00119842 1.59437e-05 0.00102803
internal_weight=2.92924e+07 9.91861e+06 2.04692e+06 7.87168e+06 1.93738e+07 1.42068e+07 6.96661e+06 1.20705e+07 1.03384e+07 8.50743e+06 5.65607e+06 3.75853e+06 5.76657e+06 4.03758e+06
internal_count=26598 11435 2431 9004 15163 11150 7687 9519 7891 6291 4142 2739 5556 3746
is_linear=0
shrinkage=0.03


Tree=125
num_leaves=15
num_cat=0
split_feature=14 13 3 3 10 12 2 11 11 11 12 12 16 12
split_gain=14859.7 18284.9 15080.1 13391.4 50611 31446 26409.8 39089.1 50320.2 25957.2 37806.4 17807.9 21158.9 14705.8
threshold=1.0762140636938837 1.2645405000245351 1.0000000180025095e-35 1.0000000180025095e-35 0.90675470765210653 1.0335218718495895 1.0000000180025095e-35 0.99677933585499845 1.0142450752632377 1.1240227698648033 1.0205961516350299 1.0039311402383728 0.067129503413044148 1.0107535664831071
decision_type=2 2 2 2 2 2 2 2 2 2 2 2 2 2
left_child=3 2 -2 6 -5 11 -1 -8 -9 10 13 12 -6 -10
right_child=1 -3 -4 4 5 -7 7 8 9 -11 -12 -13 -14 -15
leaf_value=-9.1252044341712376e-05 0.00016945911852119674 -0.00060194855187369956 0.0013072002860587953 -0.0014305251978205813 0.00017046390723502025 -0.0003451377794610296 0.00027030163671515339 -0.00050135513078302361 7.0624869043641933e-05 0.0003625481283220628 -0.00014903044647086324 0.00025221923055462143 -0.00025708522434628335 0.00045244352421424603
leaf_weight=4944402.9921104908 1026388.3554394245 530037.31559514999 700668.55633568764 1080511.6741253138 1142992.3525480032 2109793.8300222158 3532909.7571089268 1517328.5194023848 1998909.6087701321 1592518.2901684046 3080610.431294322 3277915.6878243685 1315911.7329406738 1498721.3183479309
leaf_count=3595 1430 1556 1468 1026 1484 2507 2383 1011 1193 1412 2297 3196 829 1155
internal_value=0.00027098 0.00260968 0.00410554 7.61413e-05 -0.000875287 -3.70606e-05 0.000543707 0.00124324 0.000258174 0.00118989 0.000357919 0.00111466 -0.000815176 0.00249234
internal_weight=2.93496e+07 2.25709e+06 1.72706e+06 2.70925e+07 8.92713e+06 7.84661e+06 1.81654e+07 1.3221e+07 9.68809e+06 8.17076e+06 6.57824e+06 5.73682e+06 2.4589e+06 3.49763e+06
internal_count=26542 4454 2898 22088 9042 8016 13046 9451 7068 6057 4645 5509 2313 2348
is_linear=0
shrinkage=0.03


Tree=126
num_leaves=15
num_cat=0
split_feature=16 3 12 1 12 1 9 12 14 11 13 10 10 12
split_gain=20039.4 33365.9 23133.3 69249.4 23725.2 22589.9 26021.3 36655 33540 25208.5 20222.3 15957.9 16900.1 15275.9
threshold=0.081308984922925889 1.0000000180025095e-35 0.98244423354187715 16.500000000000004 0.95565302303404753 18.500000000000004 89.500000000000014 0.99977566849591148 0.99203730825741332 1.0196581119313397 0.9534222750650686 1.0850035725096141 1.0196970483553802 1.0137025498423149
decision_type=2 2 2 2 2 2 2 2 2 2 2 2 2 2
left_child=2 -2 3 4 -1 6 9 -8 10 -4 -9 12 -7 -10
right_child=1 -3 5 -5 -6 11 7 8 13 -11 -12 -13 -14 -15
leaf_value=-0.00032723972406666562 4.4212484949960541e-06 -0.00047153682223225059 0.00016765898781355369 0.0014084186084929466 0.00018650236964657131 -5.6540963223462733e-05 -0.00054880511870111987 -0.00024655926129140017 -1.8831370668548691e-05 -2.9556137179290493e-06 4.1628798257513505e-05 0.00014305396176087412 -0.00050523843575609145 0.00037629395690801857
leaf_weight=1219346.1081430912 4649075.3684082031 2238812.6343582869 1691662.0276683569 1042719.9999513626 1469815.8753246069 1350105.759500742 1429161.0293904543 2605261.0550986528 1575758.4626156092 1228210.0084985495 3518740.6874659061 993649.03426718712 1327810.7980337143 3006079.1281808615
leaf_count=1470 1934 1490 1274 1201 1107 1845 1380 2536 1271 1403 2840 1735 1704 3374
internal_value=0.000192916 -0.00122266 0.000627069 0.00278389 0.000239168 0.000197248 0.00071181 0.00010001 0.000702428 0.00325445 -0.00075 -0.00191266 -0.00311743 0.00264372
internal_weight=2.93462e+07 6.88789e+06 2.24583e+07 3.73188e+06 2.68916e+06 1.87264e+07 1.50549e+07 1.2135e+07 1.07058e+07 2.91987e+06 6.124e+06 3.67157e+06 2.67792e+06 4.58184e+06
internal_count=26564 3424 23140 3778 2577 19362 14078 11401 10021 2677 5376 5284 3549 4645
is_linear=0
shrinkage=0.03


Tree=127
num_leaves=15
num_cat=2
split_feature=11 12 16 12 12 16 12 13 13 0 0 2 11 11
split_gain=27237.2 20857.1 17006.1 17407.6 18355.6 17859.8 17376 16415.4 15818.5 14464 12874.7 8978.62 8242.19 28246
threshold=1.1736012742148112 1.0920528378804466 0.08093095206115429 1.0365083271516857 1.0470769130312347 0.077613742833548924 1.0004275174568331 1.1600159955609464 0.99766403289603123 0 1 2.5000000000000004 1.028352128358649 1.0420271971538217
decision_type=2 2 2 2 2 2 2 2 2 1 1 2 2 2
left_child=1 2 3 5 -5 7 -4 9 -8 11 -6 -1 -11 -14
right_child=-2 -3 6 4 10 -7 8 -9 -10 12 -12 -13 13 -15
leaf_value=9.7800384134804564e-05 -0.00045604730659030859 0.00030112384761464599 -0.00032231892578160203 -0.00060819238222537615 0.0002438259469148995 0.00040145329542584071 0.00010198521634049601 0.00085054516167665239 -0.00011917775703798185 7.0418593688059789e-05 -0.00018761748223602466 0.00075094965444848954 -0.00032730198132967616 -8.2956442285094992e-05
leaf_weight=903778.76353478432 1296846.5155402422 1529380.1702008247 2002618.651184082 941382.41649341583 807001.8696410656 1124745.1283464432 2035066.7577229738 1085789.021053791 2270895.6338918209 9087010.8434435129 1376666.7969681025 874112.4861369133 1346702.7248512506 2437256.2047771215
leaf_count=1121 1421 1355 963 1116 1187 672 1040 2468 1139 7622 1568 1365 1180 2274
internal_value=0.000383815 0.000581903 0.000383802 0.000812472 -0.00124407 0.00119367 -0.000974148 0.000932613 9.95814e-05 0.000668804 0.00026555 0.00320518 0.000318446 -0.000858005
internal_weight=2.91193e+07 2.78224e+07 2.6293e+07 1.99844e+07 3.12505e+06 1.68594e+07 6.30858e+06 1.57347e+07 4.30596e+06 1.46489e+07 2.18367e+06 1.77789e+06 1.2871e+07 3.78396e+06
internal_count=26491 25070 23715 20573 3871 16702 3142 16030 2179 13562 2755 2486 11076 3454
cat_boundaries=0 1 2
cat_threshold=130 368
is_linear=0
shrinkage=0.03


Tree=128
num_leaves=15
num_cat=2
split_feature=14 2 16 3 16 2 13 16 0 14 2 14 0 1
split_gain=16028 33241.4 22360.4 14096.3 11855.3 10961.9 17954.9 13000.4 22545.9 23526.3 15584.2 27046.1 12799.9 9758.43
threshold=1.0762140636938837 4.5000000000000009 0.057722049835957683 2.5000000000000004 0.079739806672640287 1.0000000180025095e-35 0.94384309952676693 0.066633989729168841 0 0.97624014042274398 1.5000000000000002 0.99963853412493653 1 13.500000000000002
decision_type=2 2 2 2 2 2 2 2 1 2 2 2 1 2
left_child=3 2 -2 5 -5 6 -1 8 9 -7 -9 12 -12 -8
right_child=1 -3 -4 4 -6 7 13 10 -10 -11 11 -13 -14 -15
leaf_value=-0.00034361763433172208 0.00069295473795975555 0.0024183191288457231 -0.00037492594082297987 -7.887056326993732e-05 -0.00060451381496641303 6.1570967084590802e-05 -6.2810897213524996e-05 8.8942589406199875e-05 3.4309242149042937e-05 0.00065608678963653244 -6.868849386103886e-05 -0.00023410800142232403 0.00016655557469735967 8.9855472841072828e-05
leaf_weight=1755104.2657628059 835167.36995625496 503721.98270773888 914972.68603515625 1355619.6495195627 921486.70266151428 1365685.0436506271 1552081.9118162394 2039279.3260803223 7584232.8519933224 1556719.0921651125 2750166.971282959 2421535.3226318359 2222100.7500915527 1563407.3686814308
leaf_count=1493 2293 1485 705 2391 733 1269 1057 911 8187 1303 1164 1259 1379 1000
internal_value=0.000167617 0.00259837 0.000643781 -3.46389e-05 -0.00229363 0.000172693 -0.00110321 0.000484352 0.00121018 0.00344894 -0.000324083 -0.000964469 0.000301748 0.000263925
internal_weight=2.93413e+07 2.25386e+06 1.75014e+06 2.70874e+07 2.27711e+06 2.48103e+07 4.87059e+06 1.99397e+07 1.05066e+07 2.9224e+06 9.43308e+06 7.3938e+06 4.97227e+06 3.11549e+06
internal_count=26629 4483 2998 22146 3124 19022 3550 15472 10759 2572 4713 3802 2543 2057
cat_boundaries=0 1 2
cat_threshold=10 404
is_linear=0
shrinkage=0.03


Tree=129
num_leaves=15
num_cat=1
split_feature=10 11 10 13 11 2 1 9 9 16 10 11 11 0
split_gain=17778.9 18576.9 18123.3 24284.8 15390 19328.7 15946.9 25779 34409.4 32138.7 20237.7 17999.2 23630 35319
threshold=0.82120607435980486 1.1671507471139435 1.1541225501345296 1.1600159955609464 0.9569913468292458 2.5000000000000004 17.500000000000004 89.500000000000014 74.500000000000014 0.052979303042598229 1.0654250738835296 1.01278369294476 1.0486312805951197 0
decision_type=2 2 2 2 2 2 2 2 2 2 2 2 2 1
left_child=-1 2 3 4 5 -2 7 8 -6 -9 -8 -11 -13 -14
right_child=1 -3 -4 -5 6 -7 10 9 -10 11 -12 12 13 -15
leaf_value=-0.00041396016508921449 0.00028133646009650124 -0.00031937962758166134 0.0007068309848394424 0.00074011729078572448 -1.4689486499092599e-05 -8.4480965473425299e-06 -0.00032418417335811225 5.8390784287024947e-05 0.00049011251317204209 -0.00015983508218164028 0.00015108959783634261 0.00017464637301352296 -0.00032873789036428556 0.00018385375036345219
leaf_weight=1428339.3638092279 1514151.7146661282 1760046.8687081337 1145580.6480052471 1523255.2286895514 1638672.0749876499 1439233.0424062014 3433901.3733775616 1602448.9626607895 1666850.5064349174 3442171.4838867188 1249483.2174696922 3412632.0242919922 1912114.3760375977 1998022.7377245426
leaf_count=1668 987 1834 1541 2951 1225 1153 3230 3202 1300 1923 1370 1738 746 1590
internal_value=0.000442235 0.000610309 0.000812389 0.000642199 0.000402376 0.00242615 0.000108758 0.00056776 0.00292118 -6.12548e-05 -0.00142729 -0.000651297 0.00018975 -0.00140233
internal_weight=2.91669e+07 2.77386e+07 2.59785e+07 2.48329e+07 2.33097e+07 2.95338e+06 2.03563e+07 1.56729e+07 3.30552e+06 1.23674e+07 4.68338e+06 1.07649e+07 7.32277e+06 3.91014e+06
internal_count=26458 24790 22956 21415 18464 2140 16324 11724 2525 9199 4600 5997 4074 2336
cat_boundaries=0 1
cat_threshold=26
is_linear=0
shrinkage=0.03


Tree=130
num_leaves=15
num_cat=2
split_feature=9 9 1 16 11 2 1 0 11 16 16 14 14 0
split_gain=13403.2 16379.1 42854.2 34624 21367.8 19668.9 18321.6 17669.9 34337.4 19342.9 17195.6 17068.4 15432.5 8580.64
threshold=68.500000000000014 89.500000000000014 16.500000000000004 0.052979303042598229 1.0043317453751401 1.5000000000000002 9.5000000000000018 0 1.01278369294476 0.056798183184861822 0.064391008892545815 0.95755032181688737 0.96689372804678408 1
decision_type=2 2 2 2 2 2 2 1 2 2 2 2 2 1
left_child=-1 2 10 4 6 -6 -3 8 -5 -9 -2 -7 -10 -11
right_child=1 3 -4 7 5 11 -8 9 12 13 -12 -13 -14 -15
leaf_value=-0.00019410464634499406 0.00018529002632371709 7.8163167810778013e-05 -0.00029708237028283949 -0.00043552628403012797 -0.00025364996781115728 -0.00034857618747281182 0.0010534225922988235 -0.00015370435860576656 -0.00017147945830252873 8.8808872748743643e-05 0.00049917134848446239 0.00061616688886592923 0.0001548122497636378 -6.0290833377437365e-05
leaf_weight=1192703.6364014149 1190079.9752002954 494430.17698872089 1095131.3445193768 3250560.8609313965 1018137.5487698317 520763.26045382023 1132958.232049942 1682173.4176177979 2159730.2881469727 6914696.7747802734 1170857.3095321655 1540836.7506355047 2428462.5003130436 3495017.2129211426
leaf_count=1053 1391 1859 1063 1648 1962 1441 1837 1079 1024 3596 700 3355 1206 3394
internal_value=0.000347893 0.00048013 0.00241419 0.000208829 0.00252298 0.00105368 0.00530355 -0.000337717 -0.00144715 0.00038149 0.00468938 0.0027385 0.000224094 0.000863829
internal_weight=2.92865e+07 2.80938e+07 3.45607e+06 2.46378e+07 4.70713e+06 3.07974e+06 1.62739e+06 1.99306e+07 7.83875e+06 1.20919e+07 2.36094e+06 2.0616e+06 4.58819e+06 1.04097e+07
internal_count=26608 25555 3154 22401 10454 6758 3696 11947 3878 8069 2091 4796 2230 6990
cat_boundaries=0 1 2
cat_threshold=268 81
is_linear=0
shrinkage=0.03


Tree=131
num_leaves=15
num_cat=1
split_feature=3 11 11 12 11 0 12 2 13 12 9 11 2 11
split_gain=15038.8 41780.1 48682.7 78119.7 36549 46854.6 20533.2 20528.7 36666.1 35652.6 15898.6 30809.2 17291.6 16003.6
threshold=1.0000000180025095e-35 1.1306875756434625 0.99677933585499845 0.98075970649359323 0.96092504511688037 0 1.0671690946621852 4.5000000000000009 1.0992877340221507 1.0137025498423149 89.500000000000014 1.0181847965554582 2.5000000000000004 1.01278369294476
decision_type=2 2 2 2 2 1 2 2 2 2 2 2 2 2
left_child=4 2 3 -2 5 -1 10 9 -9 -4 11 -6 13 -12
right_child=1 -3 7 -5 6 -7 -8 8 -10 -11 12 -13 -14 -15
leaf_value=0.0005651327677792771 0.00030473064545710976 -0.000787610052735361 -0.00046745403890608388 -0.0012989764109188528 0.000337901022418155 -3.0400202498961986e-05 0.0002293922224066142 0.00012387933150492624 0.0014463825456335385 0.00022785645401527033 -0.00030030165845314698 -0.00011556666766057116 0.00010136351212378221 -6.6639097390224462e-05
leaf_weight=1517065.3682491779 1095262.0606722832 876217.4060946703 1293510.0374838114 1712707.7229722738 1414431.7284604311 1540394.2821323872 2517589.6936627626 2490555.8045215607 706345.53317689896 1741425.1934745312 2638568.2102251053 1596868.5781371593 2501408.3897178173 5416518.6792428493
leaf_count=1166 1279 1257 958 1905 950 1199 2356 3253 1266 1483 1940 1382 1895 4127
internal_value=7.47464e-05 -0.000873504 -0.000267238 -0.00354699 0.000565942 0.00357265 -5.56415e-06 0.00121057 0.00288823 -0.000556627 -0.000467277 0.0014555 -0.00101576 -0.00169236
internal_weight=2.90589e+07 9.91602e+06 9.03981e+06 2.80797e+06 1.91428e+07 3.05746e+06 1.60854e+07 6.23184e+06 3.1969e+06 3.03494e+06 1.35678e+07 3.0113e+06 1.05565e+07 8.05509e+06
internal_count=26416 11401 10144 3184 15015 2365 12650 6960 4519 2441 10294 2332 7962 6067
cat_boundaries=0 1
cat_threshold=401
is_linear=0
shrinkage=0.03


Tree=132
num_leaves=15
num_cat=3
split_feature=3 12 12 11 10 0 10 1 11 9 12 0 12 0
split_gain=14439.7 21131.6 33071.2 20377 40887.9 37939.4 32126.9 20056.9 23010.2 22606.6 21913.3 15243.6 13230.7 29759.5
threshold=2.5000000000000004 0.99977566849591148 1.0343853821195739 1.0001372609616839 1.0064121020445238 0 0.86883337326258692 17.500000000000004 1.0408546074434091 89.500000000000014 1.0317115303107665 1 1.0137025498423149 2
decision_type=2 2 2 2 2 1 2 2 2 2 2 1 2 1
left_child=3 -2 -3 5 -5 -1 -7 9 -9 -6 -10 -8 13 -11
right_child=1 2 -4 4 7 6 11 8 10 12 -12 -13 -14 -15
leaf_value=0.00024404394035117217 -0.001256449021333711 0.00031982146016413621 -0.00085517734924023345 -0.00053407374119039555 0.00024266826187530063 -0.00044242919363945954 0.00027980164183692702 -0.00035764772468245863 0.00033190965272213087 0.00015195439720451821 -0.00019454632705799254 -9.7079998562197865e-05 0.00010614249847806675 -0.00021238470389474734
leaf_weight=2275111.2513215542 908365.33884704113 1302847.773124218 659870.4104257822 2118689.4578436613 2403512.5321227312 1538799.9103934765 2489372.3215258121 1678993.4263968468 883618.39137339592 1407529.6377590895 1366174.1571440697 1423632.054484725 7239338.9795811176 1589432.0143666267
leaf_count=1315 1466 1862 1139 1729 2008 1430 2248 1462 926 1116 1667 1250 5914 1047
internal_value=0.000346264 -0.00167429 7.66267e-05 0.000565888 3.00886e-05 0.0018617 0.000503709 0.000531895 -0.0013403 0.00111382 0.000643074 0.00194789 0.000499042 -0.00117725
internal_weight=2.92853e+07 2.87108e+06 1.96272e+06 2.64142e+07 1.86873e+07 7.72692e+06 5.4518e+06 1.65686e+07 3.92879e+06 1.26398e+07 2.24979e+06 3.913e+06 1.02363e+07 2.99696e+06
internal_count=26579 4467 3001 22112 15869 6243 4928 14140 4055 10085 2593 3498 8077 2163
cat_boundaries=0 1 2 3
cat_threshold=17 172 203
is_linear=0
shrinkage=0.03


Tree=133
num_leaves=15
num_cat=3
split_feature=10 11 11 9 0 11 10 11 10 11 2 0 11 0
split_gain=17179.8 28848.9 25081.4 17229.3 24911.9 37106.8 30108.5 57999.9 24061.9 23067.3 19961.8 18943.2 17873.5 40426.3
threshold=0.80264756421392891 0.9093237613342906 0.93688309830656225 68.500000000000014 0 1.1088402703233367 1.013600680214118 1.0188102196094191 1.0862148502590399 1.0280500500846799 3.5000000000000004 1 1.0546192281003315 2
decision_type=2 2 2 2 1 2 2 2 2 2 2 1 2 1
left_child=-1 -2 -3 -4 5 6 10 -8 -6 -9 -5 -10 -11 -14
right_child=1 2 3 4 8 -7 7 9 11 12 -12 -13 13 -15
leaf_value=-0.00046874177846355068 0.00041246870532422024 -0.00055314486060313865 -0.00029353217719818711 -9.7208276757985312e-05 -0.00013245669751528333 -0.00016162271314564396 0.00062437367671846664 -7.6644807932264473e-05 0.00044736844077114313 0.00038496357252758691 0.00016041945879208491 -7.5444007181196885e-05 0.00086688192633476953 -0.00015624948279011617
leaf_weight=1137544.2381336689 1324518.6394256353 1203464.2115819454 1235138.0567883253 2212880.1289048195 8799687.7497282028 2654905.2864525318 1185222.9087244272 1471551.996720314 1505703.5372928381 1669943.0527409315 1056055.1231851578 1560964.479100585 1085815.812979579 1121154.2031911612
leaf_count=1347 1009 999 1076 1848 7133 3097 892 948 1350 1541 1290 1366 1664 890
internal_value=0.000193032 0.000339415 0.00012552 0.000324807 0.000500326 0.00143735 0.00228944 0.00346547 -0.00048338 0.00213489 -6.11154e-05 0.001805 0.0033487 0.00157681
internal_weight=2.92245e+07 2.8087e+07 2.67625e+07 2.5559e+07 2.43239e+07 1.24575e+07 9.80262e+06 6.53369e+06 1.18664e+07 5.34847e+06 3.26894e+06 3.06667e+06 3.87691e+06 2.20697e+06
internal_count=26450 25103 24094 23095 22019 12170 9073 5935 9849 5043 3138 2716 4095 2554
cat_boundaries=0 1 2 3
cat_threshold=242 5 98
is_linear=0
shrinkage=0.03


Tree=134
num_leaves=15
num_cat=1
split_feature=9 11 10 13 14 14 13 16 0 10 10 10 10 10
split_gain=20402.9 16397.3 37975 28182.9 60086.7 13445.7 13387.1 14810.3 12382.1 12377.2 31614.2 29504.2 12161.4 14778
threshold=74.500000000000014 0.8718556009368803 0.94660554909741312 0.81897680867243572 0.85033606218380209 1.0097580670986954 1.1887651014546585 0.062316929962483197 0 1.0439860259432707 1.0654250738835296 1.013600680214118 1.0798652044123178 1.0340049789758805
decision_type=2 2 2 2 2 2 2 2 1 2 2 2 2 2
left_child=-1 -2 -3 4 -4 8 12 -8 9 11 -11 -5 13 -7
right_child=1 2 3 5 -6 6 7 -9 -10 10 -12 -13 -14 -15
leaf_value=-0.00018794884205144066 0.0003651913618518419 -0.00045096652356153372 -0.001529807425838754 -4.5112578222373185e-05 0.00036758428694539291 0.00023531636006627745 0.00050841403049618436 -0.00073421045285073858 -5.7978558549478763e-05 -0.0003481129041141531 9.5669101403180159e-05 0.00030735407635300527 0.00066648143024384589 -9.5808149657651033e-05
leaf_weight=2243885.41147542 1356864.6155920029 2360958.6272265911 560284.93284225464 1732635.0135307312 593554.85578227043 3192504.4160444736 517534.36224806309 489702.77541851997 5965443.1852468252 1347891.8496325016 3820648.4340902567 2400922.0563164949 1145827.849416852 1553387.4252904654
leaf_count=1968 1476 2005 912 1105 1268 2523 1640 441 5015 910 3031 1465 1493 1336
internal_value=0.000341071 0.000569199 0.000399383 0.000766444 -0.00380467 0.00100439 0.00210354 -0.00109261 0.000507712 0.00119188 0.00021325 0.00241555 0.00264994 0.00198023
internal_weight=2.9282e+07 2.70382e+07 2.56813e+07 2.33203e+07 1.15384e+06 2.21665e+07 6.89896e+06 1.00724e+06 1.52675e+07 9.3021e+06 5.16854e+06 4.13356e+06 5.89172e+06 4.74589e+06
internal_count=26588 24620 23144 21139 2180 18959 7433 2081 11526 6511 3941 2570 5352 3859
cat_boundaries=0 1
cat_threshold=118
is_linear=0
shrinkage=0.03


Tree=135
num_leaves=15
num_cat=2
split_feature=12 11 0 12 16 11 12 11 11 10 10 0 14 10
split_gain=16417.8 22787.5 20312.5 26645.7 21633.1 18820.7 30633.5 29493.1 23153.5 20647.4 26031.4 17782.3 15721.1 11171.1
threshold=0.94365407296847026 0.88978298854405191 0 0.9880996573646984 0.066413331616518564 1.0165661152875569 1.0149511273734639 1.0025409389413917 1.1696842455756711 1.1273225476870523 1.0545958361464314 1 0.96285834646787205 1.0076829688863238
decision_type=2 2 1 2 2 2 2 2 2 2 2 1 2 2
left_child=-1 -2 3 -3 13 7 11 -5 9 10 -8 -7 -6 -4
right_child=1 2 4 5 12 6 8 -9 -10 -11 -12 -13 -14 -15
leaf_value=-0.00043271539275842086 0.00029531856959505345 0.00021687298615253437 -0.00023999861075170426 -6.7371956955106878e-06 -3.5558807429677163e-05 -5.4921667919018194e-05 0.00017735873482225997 0.00032656205787863263 -0.00039067763591209124 0.00053247596199385678 -0.00012302350824063945 -0.00043002180853492081 -0.00036752727388689491 0.00013127831050980892
leaf_weight=1217423.7488855124 1381341.5786318779 1385067.0295581818 1717679.5297651291 2293367.5452007055 2084652.7288560867 1276031.52503407 1919976.2288429737 1770055.9249289036 1006892.388312459 1502973.0634633303 2303798.8486676216 1344001.6351308823 3539905.566157341 4379816.014964819
leaf_count=1520 1062 963 2274 2014 1134 1404 1867 1332 1050 1853 2262 665 1960 5187
internal_value=0.000169465 0.000318243 0.000122604 0.000861395 -0.000810312 0.000452438 -0.000288131 0.00215717 0.000782788 0.00152042 0.000445878 -0.00304046 -0.00215218 0.000427478
internal_weight=2.9123e+07 2.79056e+07 2.65242e+07 1.48022e+07 1.17221e+07 1.34171e+07 9.35367e+06 4.06342e+06 6.73364e+06 5.72675e+06 4.22378e+06 2.62003e+06 5.62456e+06 6.0975e+06
internal_count=26547 25027 23965 13410 10555 12447 9101 3346 7032 5982 4129 2069 3094 7461
cat_boundaries=0 1 2
cat_threshold=115 67
is_linear=0
shrinkage=0.03


Tree=136
num_leaves=15
num_cat=0
split_feature=9 3 10 2 16 9 16 16 13 10 10 16 13 2
split_gain=21725.6 16356.4 19903.9 18103.4 18477.3 16082.8 31408.4 16176.8 15343.2 18882.7 13757.2 12388.8 11748.8 24587
threshold=68.500000000000014 2.5000000000000004 0.99120826366094161 1.0000000180025095e-35 0.059925944433296623 89.500000000000014 0.065587605489676196 0.053399646997152321 1.0674750536828765 0.99369075874247714 1.0612853180609443 0.031094538954865185 1.0108837424179125 2.5000000000000004
decision_type=2 2 2 2 2 2 2 2 2 2 2 2 2 2
left_child=-1 3 -3 4 -2 6 -5 8 9 -7 -4 -11 -9 -14
right_child=1 2 10 5 -6 7 -8 12 -10 11 -12 -13 13 -15
leaf_value=-0.00046528295832316488 -0.00023921681312088496 -0.0013135366339436746 0.00018262309056646324 2.551027196019582e-05 5.0289725619195453e-05 -0.001180612274686517 0.00048292607496069412 8.2648456422775848e-05 0.00089833432974579434 -0.00047316327700675388 -0.00035655632266134567 0.00020283165921597201 7.9516816291665151e-05 -0.00016963632627730891
leaf_weight=1144594.9329975843 1930086.3562898636 742925.1528275013 1233378.1232699156 1353255.772210598 2886564.606262207 655058.57951116562 1211498.3580989838 8424014.9837474823 1027463.8880910873 665745.41890859604 807616.50108623505 1125768.6406297684 2679218.1530456543 3219218.1642742157
leaf_count=1047 2339 1182 1731 1611 1448 1200 639 4697 2386 2358 1406 1013 1456 1922
internal_value=0.000407308 0.000573135 -0.00160891 0.000814404 -0.000839542 0.00120566 0.00342664 0.000885584 0.00272209 0.00143007 -7.84821e-05 -0.000163618 0.000440123 -0.000586713
internal_weight=2.91064e+07 2.79618e+07 2.78392e+06 2.51779e+07 4.81665e+06 2.03612e+07 2.56475e+06 1.77965e+07 3.47404e+06 2.44657e+06 2.04099e+06 1.79151e+06 1.43225e+07 5.89844e+06
internal_count=26435 25388 4319 21069 3787 17282 2250 15032 6957 4571 3137 3371 8075 3378
is_linear=0
shrinkage=0.03


Tree=137
num_leaves=15
num_cat=1
split_feature=10 11 0 12 12 1 10 10 10 16 12 12 11 16
split_gain=18185.7 45241.5 19465.6 26295.4 25949.3 24384.3 29193.2 38742.6 35456.4 32330.9 22280.1 21640.2 31920.6 18890.4
threshold=0.80264756421392891 0.90531449438650002 0 1.0006923783943058 0.9880996573646984 18.500000000000004 1.0451515685799888 1.0283647253166985 1.0658413189851337 0.072593558827911894 1.0286147346963392 1.0081464412505341 1.0358148757179293 0.067129503413044148
decision_type=2 2 1 2 2 2 2 2 2 2 2 2 2 2
left_child=-1 -2 3 13 -4 6 7 9 -8 -6 -10 -5 -13 -3
right_child=1 2 4 11 5 -7 8 -9 10 -11 -12 12 -14 -15
leaf_value=-0.0004431397726583564 0.0004745730857910566 -0.00018354276612060773 0.00026634483980553095 0.00032589278210183505 0.00019352161678133634 -0.00030905414365690464 -0.00049322366297675237 0.00028796687840822925 0.00051175067606236467 -0.00013455436459430429 -5.5096886992030106e-05 -0.00033087499972672604 9.4359086224937464e-05 -0.00056366706159774373
leaf_weight=1167144.7283568382 1225037.7267912626 1666954.754188776 1802184.2914457321 1355985.2798682451 2944511.334435463 2131795.8073167801 1348988.8143804073 1454071.3949365616 986069.49186420441 2231864.6769714355 3229711.1285743713 2404743.2199101448 3877068.820556879 1446945.1926269531
leaf_count=1395 936 1767 1555 1023 2995 3454 1021 1185 1086 1186 3514 1807 2947 674
internal_value=1.18432e-05 0.000164219 -9.27283e-05 -0.00108151 0.000566394 0.000139618 0.000657078 0.00200176 -0.000945116 0.000786346 0.000409481 -0.000134206 -0.000876119 -0.00340507
internal_weight=2.92731e+07 2.81059e+07 2.68809e+07 1.07517e+07 1.61292e+07 1.4327e+07 1.21952e+07 6.63045e+06 5.56477e+06 5.17638e+06 4.21578e+06 7.6378e+06 6.28181e+06 3.1139e+06
internal_count=26545 25150 24214 8218 15996 14441 10987 5366 5621 4181 4600 5777 4754 2441
cat_boundaries=0 1
cat_threshold=268
is_linear=0
shrinkage=0.03


Tree=138
num_leaves=15
num_cat=2
split_feature=3 10 12 12 11 11 10 0 12 10 10 11 11 0
split_gain=12753.8 51042.1 42316.3 44938.6 37535.6 23630.7 47875.3 35615 22630.9 27064.7 21230.1 33905.2 23445.8 27066.8
threshold=1.0000000180025095e-35 0.8854012774121286 0.98075970649359323 0.99528009571186626 1.1267345063990362 0.99677933585499845 1.0049949454514786 0 1.0901776295687793 1.0361774965034085 1.0059420147743474 1.0216820434357365 1.0481177777849275 1
decision_type=2 2 2 2 2 2 2 1 2 2 2 2 2 1
left_child=5 -2 -3 -4 10 7 -7 -1 9 -8 -5 -12 -13 -14
right_child=1 2 3 4 -6 6 8 -9 -10 -11 11 12 13 -15
leaf_value=0.00032569719783688621 -0.0017331228223599075 0.00050243458613331317 -0.0012034236232005599 0.00026822091463850139 -0.00060342099024139357 -0.00056060623062589149 0.00015516376022909972 -0.0001649446833229485 0.0002654131245170554 -7.2027414834433128e-05 -0.00039095222027234661 0.0003738363995927255 0.00038427157714535212 -0.00039053693997373576
leaf_weight=3662855.0616672039 1057079.0730085373 979640.76334667206 939714.07853507996 1504894.8697388172 899500.37692022324 1698398.1831218004 3391356.8056342602 1607414.0828853846 1690662.5513952971 7295022.4495022297 1397635.9683837891 1375366.8118863106 850249.23869502544 1006533.4507791996
leaf_count=2519 1388 999 1030 1580 1296 1318 2302 1473 1389 6054 1361 1489 1121 1170
internal_value=0.000178594 -0.000690671 4.53868e-05 -0.00067751 0.000145655 0.000628403 -1.31794e-05 0.00234189 0.000634943 0.0001247 0.000984808 -2.13688e-05 0.00166684 -0.000532223
internal_weight=2.93563e+07 1.00106e+07 8.95354e+06 7.97389e+06 7.03418e+06 1.93457e+07 1.40754e+07 5.27027e+06 1.2377e+07 1.06864e+07 6.13468e+06 4.62979e+06 3.23215e+06 1.85678e+06
internal_count=26489 11434 10046 9047 8017 15055 11063 3992 9745 8356 6721 5141 3780 2291
cat_boundaries=0 1 2
cat_threshold=157 454
is_linear=0
shrinkage=0.03


Tree=139
num_leaves=15
num_cat=3
split_feature=14 2 11 11 11 16 0 11 16 1 11 0 10 0
split_gain=13934.6 29400.4 16746.5 26179.8 14847.5 16400 15409 20136.4 14154.5 13847.4 27323 26001.8 22560.3 19091.3
threshold=1.0762140636938837 4.5000000000000009 0.90531449438650002 0.93688309830656225 0.96685428712680199 0.027627901220463751 0 1.1088402703233367 0.062800227927991045 10.500000000000002 1.0204143974676605 1 1.0281371528762648 2
decision_type=2 2 2 2 2 2 1 2 2 2 2 1 2 1
left_child=2 8 -1 -4 -5 -6 7 -7 -2 12 11 -11 -8 -12
right_child=1 -3 3 4 5 6 9 -9 -10 10 13 -13 -14 -15
leaf_value=0.00026498338741376475 0.0003790107744734456 0.0020843703202504966 -0.00044850770016321333 0.00014298725884626811 -0.00051447186541151184 0.00028079535969861825 -0.00011165723314410745 -0.00012210722352588621 -0.00044035586127431545 0.00018050333769699685 -0.00034369274098425132 -0.00021467505159118852 0.00015193936976300816 -4.8948599798087268e-05
leaf_weight=1961551.1619675159 1027556.5738741159 498325.31404805183 1264893.6809763908 1281037.7286709547 1253906.7609033585 3206301.7566375732 2092256.5626516342 1595516.075958252 709887.73254394531 2518589.4981689453 3472718.5894775391 2040750.7790017128 3003754.1584682465 3440915.1567103863
leaf_count=1557 2510 1470 979 1023 4970 3044 1076 1409 509 957 1326 1520 1599 2649
internal_value=0.00026158 0.00253804 7.39924e-05 -0.00013407 8.84825e-05 -8.94221e-05 0.000106225 0.00160261 0.000695637 -0.000327439 -0.000905448 0.000897359 0.00097387 -0.00209435
internal_weight=2.9368e+07 2.23577e+06 2.71322e+07 2.51706e+07 2.39057e+07 2.26247e+07 2.13708e+07 4.80182e+06 1.73744e+06 1.6569e+07 1.1473e+07 4.55934e+06 5.09601e+06 6.91363e+06
internal_count=26598 4489 22109 20552 19573 18550 13580 4453 3019 9127 6452 2477 2675 3975
cat_boundaries=0 1 2 3
cat_threshold=98 24 24
is_linear=0
shrinkage=0.03


Tree=140
num_leaves=15
num_cat=0
split_feature=11 10 13 9 2 12 13 10 12 12 12 10 13 12
split_gain=16875.8 19370.1 23094 18336.2 29346.1 43731.6 18609.6 16931.8 15466.6 49607.8 25419.9 27862.5 18508.1 13734.6
threshold=0.8718556009368803 0.91803706662057427 0.87662391150672014 74.500000000000014 4.5000000000000009 1.0222447880274059 1.0132793597677145 1.1267163222885357 1.0077918519281821 1.0142516549446432 0.9655380253813558 1.022958258627247 0.99871594569843725 1.0205961516350299
decision_type=2 2 2 2 2 2 2 2 2 2 2 2 2 2
left_child=-1 -2 -3 -4 7 6 -6 8 10 -10 -5 12 -12 -11
right_child=1 2 3 4 5 -7 -8 -9 9 13 11 -13 -14 -15
leaf_value=0.00023823433521532448 -0.0003018170346176878 -0.00038622655534202745 -0.00018061642565171722 -0.00016170595268773146 0.00035857425162974445 -8.581828298008977e-05 0.0011476381432926177 0.00021748606309876322 -0.00054962588207471512 0.00027348190826091771 7.8965552058205723e-05 0.0003279818362667578 -0.00010389980314472575 -5.9219606023914885e-05
leaf_weight=1364847.0415304899 2236173.4814668894 2509662.196549654 2073829.4557679892 1626139.8687201738 924489.24917626381 1533727.2088974714 1137577.1401108503 3284419.2448335886 1351984.4950350523 1356413.4774965048 1536793.4737832546 1943675.2916532755 1814723.6789500713 4558342.5307688713
leaf_count=1442 1821 3716 1642 1098 1038 2171 1577 2925 1051 1187 907 1263 1315 3322
internal_value=0.000236206 7.68007e-05 0.000310239 0.000606667 0.000871606 0.0033397 0.00619298 0.000363678 -8.56498e-05 -0.00105233 0.000929269 0.00193678 0.000279559 0.000132743
internal_weight=2.92528e+07 2.7888e+07 2.56518e+07 2.31421e+07 2.10683e+07 3.59579e+06 2.06207e+06 1.74725e+07 1.41881e+07 7.26674e+06 6.92133e+06 5.29519e+06 3.35152e+06 5.91476e+06
internal_count=26475 25033 23212 19496 17854 4786 2615 13068 10143 5560 4583 3485 2222 4509
is_linear=0
shrinkage=0.03


Tree=141
num_leaves=15
num_cat=1
split_feature=12 11 10 12 11 12 11 0 1 11 10 1 12 13
split_gain=12582.3 21937 18440.2 17419.7 37415.9 34070.5 17033.9 16965.2 26094.4 34666.7 33273.8 29273.1 40943.3 25585.7
threshold=0.94365407296847026 0.88726764062237595 0.90675470765210653 1.0017672621402147 1.0275274932361529 0.98366571989275564 0.99884827123419984 0 17.500000000000004 1.0373145399245411 1.0540730195893848 8.5000000000000018 1.0441643509458864 0.98159233739680662
decision_type=2 2 2 2 2 2 2 1 2 2 2 2 2 2
left_child=-1 -2 -3 4 5 -4 -5 -8 10 -10 13 -12 -13 -9
right_child=1 2 3 6 -6 -7 7 8 9 -11 11 12 -14 -15
leaf_value=-0.00032011341252875634 0.00027746545075035665 -0.00036137836883823684 -9.7948949237972328e-05 -0.00018048752416715194 -0.00021490738834382598 0.00055799016426554405 -0.00014755849714500122 0.00043267837956766764 -0.00045493424686230896 8.7868038787300933e-05 0.00025753682943835832 -0.00044929057702408815 6.7493309782140626e-05 0.00010724124952029395
leaf_weight=1257937.0534439087 1268435.2914677858 1727132.5079551935 1615633.9149982929 1332683.5641927719 1407259.9272208214 2770408.8014737368 4130950.5447485447 1886884.1799176931 1481977.5054488182 1862949.1885888577 1235899.1128525734 1726039.6083221436 2090287.9893951416 3575437.5570036173
leaf_count=1546 969 1460 1236 1334 1239 2392 4981 1542 1191 2077 1767 1144 1472 2279
internal_value=0.000370675 0.000502026 0.000319856 0.000526046 0.00196895 0.00333459 9.34456e-05 0.000335874 0.000838831 -0.0014691 0.00157304 -0.000181746 -0.00148127 0.00319608
internal_weight=2.93699e+07 2.8112e+07 2.68435e+07 2.51164e+07 5.7933e+06 4.38604e+06 1.93231e+07 1.79904e+07 1.38595e+07 3.34493e+06 1.05145e+07 5.05223e+06 3.81633e+06 5.46232e+06
internal_count=26629 25083 24114 22654 4867 3628 17787 16453 11472 3268 8204 4383 2616 3821
cat_boundaries=0 1
cat_threshold=385
is_linear=0
shrinkage=0.03


Tree=142
num_leaves=15
num_cat=0
split_feature=3 11 12 11 9 11 2 11 2 13 12 11 12 16
split_gain=13985.2 37621.1 94629.8 46682.3 28695 28175 31929 29162.3 16514.9 26594 19905.4 15491 19660.9 15434.8
threshold=1.0000000180025095e-35 0.97193150850967303 0.98075970649359323 1.1306875756434625 80.500000000000014 0.99677933585499845 1.0000000180025095e-35 1.01278369294476 4.5000000000000009 1.0803655002896371 1.0173151576393422 1.0204143974676605 1.0901776295687793 0.058152140340821827
decision_type=2 2 2 2 2 2 2 2 2 2 2 2 2 2
left_child=5 2 -2 4 -3 6 -1 -7 10 -10 -6 -9 -13 -8
right_child=1 3 -4 -5 8 7 13 11 9 -11 -12 12 -14 -15
leaf_value=-0.00034912263955616453 0.00031354609001614639 -0.0006889829961528851 -0.0029144561520523114 -0.0007545934404608578 -0.00018301078836606603 -0.00031972521240081496 0.00063260063035962375 0.00018987716351277756 0.00013184598079603153 0.001332041997042475 0.00025654548272551701 -5.3068269514021487e-05 0.0002487235645899056 0.00018833354327872192
leaf_weight=1305260.4326372147 1032005.9247432947 985825.62552547455 895162.49211573601 890415.94233572483 1579128.553804636 2059095.8875814676 1381976.3475517035 1673268.5472753048 2481307.7614063025 841225.06323170662 1295563.3312143087 8627512.1052196026 1628191.1652387381 2498654.5564575195
leaf_count=1026 1236 1041 1032 1288 1183 1410 1719 1165 3111 1426 1179 7089 1360 1246
internal_value=2.88087e-05 -0.000880675 -0.00464679 1.83121e-05 0.000821486 0.000503171 0.00239188 -0.000197042 0.00157775 0.00301827 -8.71957e-05 0.00037206 -6.46159e-05 0.00375709
internal_weight=2.91746e+07 1.00006e+07 1.92717e+06 8.07347e+06 7.18305e+06 1.9174e+07 5.18589e+06 1.39881e+07 6.19722e+06 3.32253e+06 2.87469e+06 1.1929e+07 1.02557e+07 3.88063e+06
internal_count=26511 11496 2268 9228 7940 15015 3991 11024 6899 4537 2362 9614 8449 2965
is_linear=0
shrinkage=0.03


Tree=143
num_leaves=15
num_cat=1
split_feature=10 11 11 11 0 11 9 16 10 10 11 11 11 11
split_gain=16778.2 29788.6 13444.6 15299.7 13820.6 32762.5 14903.2 13208.1 12484.1 12074 12045.7 7178.6 17421 15957.6
threshold=0.80264756421392891 0.90531449438650002 0.93688309830656225 0.96092504511688037 0 1.1088402703233367 84.500000000000014 0.067129503413044148 0.99547996673316497 0.98310466343209058 1.0280500500846799 1.0099514182531915 1.016828407656591 1.0275274932361529
decision_type=2 2 2 2 1 2 2 2 2 2 2 2 2 2
left_child=-1 -2 -3 -4 5 6 -5 -7 9 -6 -8 -10 -13 -14
right_child=1 2 3 4 8 7 10 -9 11 -11 -12 12 13 -15
leaf_value=-0.00080149854847636989 0.00048997547126636959 -0.00033195447778993048 0.00027660302085774711 -4.3415425633382391e-05 -2.2810469952054048e-05 1.8783549992658858e-05 0.00021482566009730495 -0.00035936810627050113 8.4393763178959648e-05 -0.00042499898545008243 0.00080837119613389038 -0.00025050984267460332 0.00013869219159841286 -2.6452829898706729e-05
leaf_weight=1113113.0324240923 1274731.5024629831 1244731.5545672178 1136546.1970847845 878493.53357768059 1244785.2899610996 1047469.2411283255 1314468.0444575548 861068.47317504883 2714474.378252387 1323061.1317169666 1666105.9677182436 1353278.8941032887 2739835.056584239 9298577.7872223854
leaf_count=1356 976 1062 1028 1139 1176 1701 1622 637 1931 1025 2363 1019 1763 7735
internal_value=0.000409212 0.000552318 0.000339373 0.000487538 0.000329319 0.00161295 0.00320304 -0.00160221 -6.71402e-05 -0.00200978 0.00421518 0.00024258 -4.25679e-05 0.000320217
internal_weight=2.92107e+07 2.80976e+07 2.68229e+07 2.55782e+07 2.44416e+07 5.76761e+06 3.85907e+06 1.90854e+06 1.8674e+07 2.56785e+06 2.98057e+06 1.61062e+07 1.33917e+07 1.20384e+07
internal_count=26533 25177 24201 23139 22111 7462 5124 2338 14649 2201 3985 12448 10517 9498
cat_boundaries=0 1
cat_threshold=98
is_linear=0
shrinkage=0.03


Tree=144
num_leaves=15
num_cat=0
split_feature=12 11 11 11 14 10 12 12 10 12 2 10 9 10
split_gain=22610.5 21874.2 20835.7 21337.3 24119.4 12925.6 56782.1 42769.8 28621.7 21006.6 21942 61909.5 41644.6 19276.5
threshold=0.94365407296847026 0.88726764062237595 0.93688309830656225 0.96092504511688037 0.81519309494764192 1.0658413189851337 1.0281187774485046 1.0475322582993578 1.0540730195893848 0.99504303367625979 2.5000000000000004 0.99645774472557846 88.500000000000014 1.0049949454514786
decision_type=2 2 2 2 2 2 2 2 2 2 2 2 2 2
left_child=-1 -2 -3 -4 -5 8 -7 -8 9 -6 11 -11 -12 -14
right_child=1 2 3 4 5 6 7 -9 -10 10 12 -13 13 -15
leaf_value=-0.00038366514186698517 0.00034864649789293108 -0.00047803691463061022 0.00035352416620031591 -0.00030074297675762688 -0.00027488138882150579 0.00062566184429161677 -0.00030170764156524994 0.00016019243076532055 -0.00035066137210665289 -0.00058223342537109927 -0.00022360502144973664 8.8256785647247159e-05 0.00056863432735277579 0.00017583390431928422
leaf_weight=1244888.8542807102 1313735.6665812731 1375043.05809021 1121967.1212400198 1152222.1053887606 2215794.8200112581 1756637.5095705986 1444248.436013937 4016794.7276408672 1464222.1817640066 1495789.3200703859 1721489.1573592424 4619175.5651363134 1744456.9421597719 2737014.659424305
leaf_count=1508 999 1199 1017 1526 1693 1878 1297 4330 1094 1148 1447 3202 1786 2516
internal_value=0.000349857 0.000524654 0.000339817 0.000533865 0.000347618 0.000557886 0.00161176 0.000102615 8.24162e-05 0.000485182 0.000968915 -0.000306327 0.00222607 0.00374957
internal_weight=2.94235e+07 2.81786e+07 2.68649e+07 2.54898e+07 2.43678e+07 2.32156e+07 7.21768e+06 5.46104e+06 1.59979e+07 1.45337e+07 1.23179e+07 6.11496e+06 6.20296e+06 4.48147e+06
internal_count=26640 25132 24133 22934 21917 20391 7505 5627 12886 11792 10099 4350 5749 4302
is_linear=0
shrinkage=0.03


Tree=145
num_leaves=15
num_cat=0
split_feature=12 11 10 10 10 9 13 2 12 10 10 10 12 12
split_gain=11154.5 24365.8 10415 11709.2 16514.9 10896.2 13219.8 14276.2 18625.5 12463 21597.6 24864.4 27480.5 18780.1
threshold=0.94365407296847026 0.9093237613342906 0.90675470765210653 0.98137359294060911 0.99547996673316497 74.500000000000014 0.90601081397897909 4.5000000000000009 1.0222447880274059 1.0126286975463843 1.0358161514028457 1.0658413189851337 1.0281187774485046 1.0671690946621852
decision_type=2 2 2 2 2 2 2 2 2 2 2 2 2 2
left_child=-1 -2 -3 -4 -5 -6 -7 9 -9 -8 -11 -12 -13 -14
right_child=1 2 3 4 5 6 7 8 -10 10 11 12 13 -15
leaf_value=-0.00028488667353304887 0.00042273813442278505 -0.00029018439212487524 0.00027757389640298264 -0.00023251993308269896 -0.00014082463815036933 -0.00025235759056834567 -0.00017744162503386342 0.00065532814700849343 1.8591706031136461e-06 0.0002209718896928091 -0.00017582695086974334 0.00035496185183204879 -0.00014517372743553405 0.00016931200758717321
leaf_weight=1250091.577895999 1564410.291916132 1564186.8543527126 1803466.1307569742 1604048.6775946617 1846435.1827343702 2532719.027223587 1622308.3166370392 1648807.1414083242 1277922.1685712337 2903460.244336009 3660015.777258873 1619149.5811321735 1775636.4935880899 2453769.032060504
leaf_count=1539 1238 1284 1866 1341 1712 3415 1135 1961 1832 1907 2347 1409 1460 2071
internal_value=0.000319253 0.000443577 0.000227309 0.000377364 0.000194413 0.000415077 0.000623708 0.000925601 0.00283153 0.000528137 0.000851345 0.000159827 0.00137341 0.000101043
internal_weight=2.91264e+07 2.78763e+07 2.63119e+07 2.47477e+07 2.29443e+07 2.13402e+07 1.94938e+07 1.69611e+07 2.92673e+06 1.40343e+07 1.2412e+07 9.50857e+06 5.84856e+06 4.22941e+06
internal_count=26517 24978 23740 22456 20590 19249 17537 14122 3793 10329 9194 7287 4940 3531
is_linear=0
shrinkage=0.03


Tree=146
num_leaves=15
num_cat=4
split_feature=14 0 3 11 14 11 0 11 0 11 11 0 9 1
split_gain=17530.1 33271.3 16247.6 48242.3 30674.2 28787.5 34034.3 29978 39085.2 23564.6 32617 12957 12842.1 19575.3
threshold=1.0835609173153526 0 1.0000000180025095e-35 0.97193150850967303 0.97261381920622114 0.99677933585499845 1 1.1324593909708214 2 1.0142450752632377 1.0275274932361529 3 89.500000000000014 12.500000000000002
decision_type=2 1 2 2 2 2 1 2 1 2 2 1 2 2
left_child=2 -2 5 -4 11 6 -1 8 -7 -10 -11 -5 -6 -14
right_child=1 -3 3 4 12 7 -8 -9 9 10 -12 -13 13 -15
leaf_value=0.00037108203502815091 0.0011044781848680192 -0.00012184763879727787 -0.00095108881916733021 -0.0005496812901138199 -0.00015417194673628102 0.00022182610274523075 6.380364653703944e-05 0.00021455244233109253 -0.00049322669921684006 0.00014039677641689653 -0.00018401383722228032 -0.00016356584303552494 0.00052345074136231438 5.5531056167937855e-05
leaf_weight=1644303.1395708323 978913.36490571499 988906.80810773373 1643577.4384297132 887265.8183709383 1109665.6161088943 3351273.4044264555 3197671.5854998827 2087217.7263578176 1724327.0835092068 1905782.5067745447 4475773.9596520662 2038818.6010730267 1254830.5318640471 2126299.6549415588
leaf_count=1213 2050 2108 1580 698 930 3280 2097 1840 981 1008 2775 2697 1413 1911
internal_value=0.000220083 0.00295526 2.39822e-05 -0.0010158 1.46926e-05 0.000536368 0.00252175 -0.000173385 -0.000775791 -0.00190245 -0.00106164 -0.0023754 0.00157202 0.00249107
internal_weight=2.94146e+07 1.96782e+06 2.74468e+07 9.06046e+06 7.41688e+06 1.83863e+07 4.84197e+06 1.35444e+07 1.14572e+07 8.10588e+06 6.38156e+06 2.92608e+06 4.4908e+06 3.38113e+06
internal_count=26581 4158 22423 9229 7649 13194 3310 9884 8044 4764 3783 3395 4254 3324
cat_boundaries=0 1 2 3 4
cat_threshold=61 145 354 272
is_linear=0
shrinkage=0.03


Tree=147
num_leaves=15
num_cat=2
split_feature=14 10 1 9 0 16 9 1 1 0 10 10 10 14
split_gain=13006.7 22854.6 12203.2 25107 21994.2 10705.5 21177.8 19979.9 13900.4 13041.3 10778.1 21601.2 12135.6 9649.66
threshold=0.81519309494764192 0.82120607435980486 7.5000000000000009 89.500000000000014 0 0.053399646997152321 89.500000000000014 14.500000000000002 13.500000000000002 1 1.042224977287155 1.0049949454514786 1.0923206408361679 1.047023507217866
decision_type=2 2 2 2 1 2 2 2 2 1 2 2 2 2
left_child=-1 -2 3 -3 -5 8 7 -7 -4 10 11 -8 -12 -10
right_child=1 2 5 4 -6 6 9 -9 13 -11 12 -13 -14 -15
leaf_value=-0.0023512163630144689 -0.00048768644140082814 -0.0006143369561008125 0.00051902790691197459 0.00018541265672353911 -0.00052417592089472906 0.00037167153500434303 -6.7765123097998862e-06 -1.2139235624850132e-05 -1.7517372313607694e-05 -0.0001052729791072731 -0.00010856031129708528 0.00018123570533045693 8.2754794013827033e-05 0.0007302282142653177
leaf_weight=1927889.9532114267 1255652.9407346249 489845.39489388466 1666611.3050115108 1345670.7736712694 676375.22210741043 1771008.9469349384 2459073.9601745605 1685644.9070158005 2003508.9838576317 6995807.5425388813 2230164.5713195801 1991009.3232574463 2141926.9937744141 594784.32917881012
leaf_count=2158 1484 908 1511 2285 2036 1123 1300 990 3224 4107 1323 1079 1533 1423
internal_value=0.000289153 0.000457288 0.000647829 -0.00133982 0.000136404 0.00085993 0.000558985 0.00268622 0.00222001 9.4126e-05 0.000861201 0.00190056 -0.000196696 0.000848327
internal_weight=2.9235e+07 2.73071e+07 2.60514e+07 2.51189e+06 2.02205e+06 2.35395e+07 1.92746e+07 3.45665e+06 4.2649e+06 1.5818e+07 8.82217e+06 4.45008e+06 4.37209e+06 2.59829e+06
internal_count=26484 24326 22842 5229 4321 17613 11455 2113 6158 9342 5235 2379 2856 4647
cat_boundaries=0 1 2
cat_threshold=92 115
is_linear=0
shrinkage=0.03


Tree=148
num_leaves=15
num_cat=3
split_feature=16 0 10 12 12 0 16 9 12 10 0 16 12 13
split_gain=16068.4 32636.4 28078.3 20343.4 33777.4 32162.9 22438.3 37890.2 19717.3 15221.1 36687.1 21547.7 14880.2 10980.3
threshold=0.067129503413044148 0 1.0304287493282149 0.9880996573646984 0.99929039374996764 1 0.049930599699384785 89.500000000000014 1.0006923783943058 1.0335834421676138 2 0.059014050135174294 1.0300344433885027 0.89707948020426109
decision_type=2 1 2 2 2 1 2 2 2 2 1 2 2 2
left_child=3 2 -2 5 -5 -1 7 -6 -3 11 -11 -8 -10 -9
right_child=1 8 -4 4 6 -7 9 13 12 10 -12 -13 -14 -15
leaf_value=0.0003463944533360173 -7.1921099331205334e-05 -0.0004522513795498433 0.00013853539921622902 -0.00042371321117358121 -0.00099022766950265838 -1.8410583756208336e-06 0.00045952417730162428 -0.0007703182072404045 3.2215873357979384e-05 0.00029060576479228651 -0.00019571925605301138 5.211693258901176e-05 -0.00026978841086468166 0.00011394504681868312
leaf_weight=1581950.7467257977 3150698.6930847168 2250951.7456054688 3051139.044921875 1161863.2485562563 539239.40940928459 1601457.3144072294 1988180.7026867867 396119.02247083187 2898422.1993513107 2374621.8203430176 2314729.6458244324 1677343.5788388252 2117722.6825916767 2235752.6034393311
leaf_count=1663 1636 1179 1841 1354 1440 2103 1196 1716 1499 2145 1237 1063 1303 5228
internal_value=0.000194972 -0.000567134 0.00103142 0.000841722 0.000303726 0.00298597 0.000795175 -0.00135335 -0.00193136 0.00161065 0.000478552 0.00305897 -0.000884562 0.000131001
internal_weight=2.93402e+07 1.34689e+07 6.20184e+06 1.58713e+07 1.26879e+07 3.18341e+06 1.1526e+07 3.17111e+06 7.2671e+06 8.35488e+06 4.68935e+06 3.66552e+06 5.01614e+06 2.63187e+06
internal_count=26603 7458 3477 19145 15379 3766 14025 8384 3981 5641 3382 2259 2802 6944
cat_boundaries=0 1 2 3
cat_threshold=209 153 230
is_linear=0
shrinkage=0.03


Tree=149
num_leaves=15
num_cat=4
split_feature=1 0 2 3 10 11 0 14 0 2 11 0 16 16
split_gain=11546.9 22057.8 13176 19696.7 37390.7 35001.2 34792.6 30921 25010.3 24730.1 20972.5 14399.3 13281.2 12614.6
threshold=7.5000000000000009 0 1.0000000180025095e-35 1.0000000180025095e-35 0.90675470765210653 0.99677933585499845 1 0.92369419509046402 2 4.5000000000000009 1.0650063805139773 3 0.062033132775257162 0.063964068094454582
decision_type=2 1 2 2 2 2 1 2 1 2 2 1 2 2
left_child=1 -1 12 5 -5 8 13 -6 -4 11 -8 -9 -2 -7
right_child=2 -3 3 4 7 6 10 9 -10 -11 -12 -13 -14 -15
leaf_value=0.00029884129367039708 -0.00021400979702119576 -0.00021754139653047477 0.00050243275466412484 -0.0012848365721282815 -0.000441356212095689 0.00059739723421934504 -0.00012164874377437724 0.00012195823891613911 0.00019935764003026313 0.00032500766253940245 0.00012701349434536432 -0.00026524539651614294 3.7701654787383714e-05 0.00015243153252907243
leaf_weight=495508.77123177052 2037152.4731650352 2307676.4136843681 1745854.3250341415 1193282.8780965805 1449936.6673808098 1608991.9863386154 4123983.2041950226 1507392.6014032364 1724021.8830528259 3426336.693249464 1847394.6083240509 1560483.6726009846 2479233.3278503418 1733343.644317627
leaf_count=843 1823 5556 1101 1182 1382 1927 2041 987 1144 3977 1256 1165 1205 1016
internal_value=0.00040973 -0.00142108 0.000603852 0.000907849 -0.00015581 0.00166813 0.000709982 0.000587961 0.00423995 0.00147233 -0.00066182 -0.00048411 -0.000871646 0.00316082
internal_weight=2.92406e+07 2.80319e+06 2.64374e+07 2.1921e+07 9.13743e+06 1.27836e+07 9.31371e+06 7.94415e+06 3.46988e+06 6.49421e+06 5.97138e+06 3.06788e+06 4.51639e+06 3.34234e+06
internal_count=26605 6399 20206 17178 8693 8485 6240 7511 2245 6129 3297 2152 3028 2943
cat_boundaries=0 1 2 3 4
cat_threshold=8 354 149 147
is_linear=0
shrinkage=0.03


Tree=150
num_leaves=15
num_cat=0
split_feature=9 14 12 13 12 16 1 14 12 12 12 14 12 2
split_gain=10504.7 11064.3 15892.4 36733.6 28231.1 18522.8 15569.1 27040.2 15033.9 17939.1 13351.4 12138.9 9156.76 8691.56
threshold=68.500000000000014 0.98782129732423263 1.0137025498423149 0.95199980385592953 1.0305204927338953 0.05321402035528975 8.5000000000000018 0.89563309043574801 1.0172057967491581 1.0671690946621852 1.0049158022346554 1.0145702483347725 1.05637138242092 2.5000000000000004
decision_type=2 2 2 2 2 2 2 2 2 2 2 2 2 2
left_child=-1 6 3 -3 11 -5 7 -2 10 -10 -8 -4 -6 -14
right_child=1 2 4 5 12 -7 8 -9 9 -11 -12 -13 13 -15
leaf_value=-0.00021809240177212032 0.00048097306959016576 0.00043402414951644884 8.0882132067816158e-05 0.00027219911275211866 -0.00010373842081086731 -0.00011786119042521226 -4.0589570211218866e-05 -3.3720820015567157e-05 -0.00025180458120685836 4.2247627540601485e-05 0.0001694574241750582 0.00060997028645726811 0.00051172076785360677 -9.1446820892482921e-06
leaf_weight=1205694.8453584909 786038.68451297283 1195171.7216418982 1079515.938657403 1193734.0848374367 1901116.3241871595 4575695.9777984619 4750766.4089636803 1875564.6646045446 3819441.7462251186 1838333.2989997864 1984389.0906667709 1530355.0642302036 850670.8933147192 945220.24945831299
leaf_count=1087 1511 1413 752 2400 1907 2484 3257 1947 3017 1547 1431 1832 858 1323
internal_value=0.000331461 0.000448195 0.00107968 9.17745e-05 0.00217061 -0.000899865 -0.000108498 0.00197328 -0.000555598 -0.00169564 0.000402078 0.00455948 0.000484206 0.00202035
internal_weight=2.95317e+07 2.8326e+07 1.32715e+07 6.9646e+06 6.30688e+06 5.76943e+06 1.50545e+07 2.6616e+06 1.23929e+07 5.65778e+06 6.73516e+06 2.60987e+06 3.69701e+06 1.79589e+06
internal_count=26766 25679 12969 6297 6672 4884 12710 3458 9252 4564 4688 2584 4088 2181
is_linear=0
shrinkage=0.03


Tree=151
num_leaves=15
num_cat=2
split_feature=11 11 11 11 11 0 11 16 10 11 10 0 10 11
split_gain=17412 16261 13274.5 10197.6 12845.8 9400 39122.6 18637.9 18426 17299.9 36129.5 32754.8 16708.8 25572.4
threshold=0.8718556009368803 0.9255113813882313 0.9569913468292458 0.97193150850967303 0.98630601238266269 0 1.1088402703233367 0.065337552170939048 0.99547996673316497 1.0201167971050777 1.0283647253166985 1 1.0241209016370267 1.0362849322726702
decision_type=2 2 2 2 2 1 2 2 2 2 2 1 2 2
left_child=-1 -2 -3 -4 -5 6 12 -8 -7 11 -11 -10 -6 -14
right_child=1 2 3 4 5 8 7 -9 9 10 -12 -13 13 -15
leaf_value=0.00035449516361954036 -0.00036862948592972949 0.00010817042500026908 -0.00026976528376096502 0.00038251242268284098 0.00077791074563859734 -0.00033767745020052192 4.1002374900661254e-05 -0.00058688439677266255 0.00016501102326395379 -0.00044106586622605538 6.7502585917141172e-06 -0.00014152369516780711 -0.00029388211394656966 0.00053316553365230317
leaf_weight=1321613.4602016211 1520157.6963624954 1772303.8433241844 1191480.3489509821 1165983.4648293257 823831.97106659412 1505346.4691408873 994794.99307644367 945820.86337280273 2109434.0249857903 2013989.1285156012 9063637.3800426722 2420529.0197246075 906126.84194374084 1685067.5006160736
leaf_count=1456 1321 1446 972 1089 1123 1221 1661 694 1099 1581 7320 2069 972 2509
internal_value=0.000174699 1.65263e-05 0.000188997 9.92943e-06 0.000146447 -1.28795e-05 0.00108399 -0.0023174 -0.000356154 -5.04332e-05 -0.000689136 0.00151146 0.00301685 0.00183363
internal_weight=2.94401e+07 2.81185e+07 2.65983e+07 2.4826e+07 2.36346e+07 2.24686e+07 5.35564e+06 1.94062e+06 1.71129e+07 1.56076e+07 1.10776e+07 4.52996e+06 3.41503e+06 2.59119e+06
internal_count=26533 25077 23756 22310 21338 20249 6959 2355 13290 12069 8901 3168 4604 3481
cat_boundaries=0 1 2
cat_threshold=98 144
is_linear=0
shrinkage=0.03


Tree=152
num_leaves=15
num_cat=3
split_feature=11 11 11 0 11 10 11 0 10 2 0 11 10 10
split_gain=20079.6 17247.1 18114.5 10996.1 11794.9 11385.1 24438.2 21743.9 9209.73 27044 24416.8 20035.9 16123.4 14595.3
threshold=0.8718556009368803 0.9255113813882313 0.9569913468292458 0 1.1097774341648921 0.99547996673316497 1.0043317453751401 1 1.1267163222885357 4.5000000000000009 2 1.0201167971050777 1.0358161514028457 1.0281371528762648
decision_type=2 2 2 1 2 2 2 1 2 2 1 2 2 2
left_child=-1 -2 -3 4 -4 7 -7 -5 9 11 -10 -8 -11 -13
right_child=1 2 3 5 -6 6 8 -9 10 12 -12 13 -14 -15
leaf_value=0.00045083846407991844 -0.00029696452670054379 0.00026689831498879541 0.00034560179835344077 -0.0004571192821456085 -0.00030461764160887988 0.00016081003769405228 8.7209532455313047e-05 0.00012878348994437621 0.00037344834797603353 -6.0281069969801885e-05 -6.8247076484625422e-05 -0.00042872626490718184 0.00045978176734439553 -8.3646084252575015e-05
leaf_weight=1339027.9833477736 1525534.9311757088 1713241.2183922529 2014029.2213093042 1907219.9633603096 861465.0068141222 2328646.9077301025 2668547.386741519 1461975.1386018991 1131724.600489378 908686.86231207848 2418938.8343244791 1662939.1668994427 1184575.4184049368 6100742.7243000269
leaf_count=1440 1316 1423 3397 1716 1419 1667 1695 1168 897 1165 2484 1145 1434 4041
internal_value=0.000513398 0.000341096 0.000520563 0.000313241 0.00205684 8.2978e-05 0.000376485 -0.00152036 -3.95698e-05 -0.000421876 0.00130907 -0.0010463 0.0026901 -0.0018171
internal_weight=2.92273e+07 2.78883e+07 2.63627e+07 2.46495e+07 2.87549e+06 2.1774e+07 1.84048e+07 3.3692e+06 1.60762e+07 1.25255e+07 3.55066e+06 1.04322e+07 2.09326e+06 7.76368e+06
internal_count=26407 24967 23651 22228 4816 17412 14528 2884 12861 9480 3381 6881 2599 5186
cat_boundaries=0 1 2 3
cat_threshold=96 404 21
is_linear=0
shrinkage=0.03


Tree=153
num_leaves=15
num_cat=2
split_feature=12 12 2 12 10 0 0 12 2 2 12 10 10 13
split_gain=16566.1 20497.9 17035.2 15805.3 30611.7 47394.1 28753.7 31860.3 24389.2 17380 39068.8 26975.4 14714.8 11575.2
threshold=1.0331847365990243 1.0475322582993578 2.5000000000000004 1.0149511273734639 1.0157067546290344 0 1 0.98075970649359323 2.5000000000000004 1.5000000000000002 0.99977566849591148 1.0169331504814727 1.1289514811175707 0.95719289256107087
decision_type=2 2 2 2 2 1 1 2 2 2 2 2 2 2
left_child=3 -2 12 6 -5 -6 13 8 -8 -9 -11 -12 -3 -1
right_child=1 2 -4 4 5 -7 7 9 -10 10 11 -13 -14 -15
leaf_value=0.00038922785640763255 -0.00042733949325053411 -9.1986615483919727e-05 -0.00018515037212585585 0.00054973223654501073 0.00022095214841527254 -0.00034941970146617883 -8.794601601586992e-05 1.5907082067213687e-05 0.00032713976031102508 -0.00072118894339218999 0.00010117774373688944 -0.00030875119519108407 0.0002519461167351791 0.00012069883906564547
leaf_weight=2237175.489166975 1893401.5072294474 1314010.6118910313 2481149.8514996767 1376813.8631631136 2826999.7983629704 1641834.6207604408 1189123.7700802088 2474462.899748683 1306597.8918811083 1611391.1706399918 1741321.8237476349 1630787.7875784636 1683306.6345630884 3866715.9742125273
leaf_count=2254 2047 1142 3029 1409 2011 1962 974 1496 1290 1241 1185 1161 1572 3765
internal_value=0.000385892 -0.000844227 8.57643e-05 0.000799907 0.00213555 0.000930549 0.000313674 -0.000680448 0.00225359 -0.00166229 -0.00268278 -0.000846585 0.0016078 0.0019348
internal_weight=2.92751e+07 7.37187e+06 5.47847e+06 2.19032e+07 5.84565e+06 4.46883e+06 1.60576e+07 9.95369e+06 2.49572e+06 7.45796e+06 4.9835e+06 3.37211e+06 2.99732e+06 6.10389e+06
internal_count=26538 7790 5743 18748 5382 3973 13366 7347 2264 5083 3587 2346 2714 6019
cat_boundaries=0 1 2
cat_threshold=86 139
is_linear=0
shrinkage=0.03


Tree=154
num_leaves=15
num_cat=0
split_feature=16 2 10 16 2 12 12 16 12 10 16 1 14 10
split_gain=12776.5 19241 21327.6 15000.1 13015.2 26075.7 40983.4 26671.5 21902 15748.1 15431.4 15276.7 14181.4 11179
threshold=0.081308984922925889 1.5000000000000002 1.0395588043783788 0.077091071773349881 1.0000000180025095e-35 0.98124154101434635 0.99504303367625979 0.054777272205861115 1.0017672621402147 0.9773016198492529 0.031094538954865185 15.500000000000002 1.0418711156051994 1.0335834421676138
decision_type=2 2 2 2 2 2 2 2 2 2 2 2 2 2
left_child=3 -2 -3 4 11 7 -7 -6 -8 -10 12 -1 -11 -12
right_child=1 2 -4 -5 5 6 8 -9 9 10 13 -13 -14 -15
leaf_value=-0.00023643767262183192 7.4970088673707356e-05 -0.0003607384180567518 5.0477294826507498e-05 0.00025087091461815778 0.0010561223027072959 -0.00053434934014529218 0.00045184050520038506 0.00012475584564525753 0.00074749179898598553 -0.00061766238780954061 0.00016242086304313328 8.1627712907672372e-05 0.0006299192803843923 -2.9805084820158462e-05
leaf_weight=2509209.9201226234 2448791.3686523438 2589571.7182822227 1904148.552803874 1851677.4358558655 948287.27973675728 1545791.0366134644 1176009.3528573513 1598762.2249450684 997424.99461841583 861051.87014400959 3446508.4019367695 1063245.8498063087 253229.29514145851 6102241.6592919827
leaf_count=2251 1016 1320 1109 1147 1742 1650 1138 1068 1247 3090 2310 1109 1559 4770
internal_value=0.000392887 -0.000731299 -0.00189717 0.000742035 0.000508484 0.000855712 0.000360234 0.0036535 0.000915964 0.000522425 0.000185233 -0.00113698 -0.00315564 0.000575093
internal_weight=2.9296e+07 6.94251e+06 4.49372e+06 2.23534e+07 2.05018e+07 1.69293e+07 1.43823e+07 2.54705e+06 1.28365e+07 1.16605e+07 1.0663e+07 3.57246e+06 1.11428e+06 9.54875e+06
internal_count=26526 3445 2429 23081 21934 18574 15764 2810 14114 12976 11729 3360 4649 7080
is_linear=0
shrinkage=0.03


Tree=155
num_leaves=15
num_cat=3
split_feature=14 2 3 10 14 10 2 11 0 10 0 0 10 9
split_gain=12183.9 25864 12188.6 32849 27619.5 21413.2 16876.5 24163.4 30787.2 27651.8 25413.7 18440.3 16828.5 12191.2
threshold=1.0657102020289662 4.5000000000000009 1.0000000180025095e-35 0.90675470765210653 0.95289656704802284 1.0958369012820295 1.0000000180025095e-35 0.99677933585499845 0 1.1273225476870523 1 2 1.0404380744152888 88.500000000000014
decision_type=2 2 2 2 2 2 2 2 1 2 1 1 2 2
left_child=2 -2 6 -4 5 -5 11 8 -8 10 12 -1 -9 -6
right_child=1 -3 3 4 13 -7 7 9 -10 -11 -12 -13 -14 -15
leaf_value=-0.0005285170367081974 0.00010614589754624294 0.0018047096014343941 -0.0011006783972053302 -9.7082319782149941e-05 -0.00022887568885891831 -0.0008097260191436311 0.00039784290048989861 0.00047218079242473303 2.4714188735735302e-06 0.00032098871247015809 -0.0001246523425688414 1.3375815200947836e-05 -6.130091020214537e-05 0.00012526247312693331
leaf_weight=1546257.3442496061 2140595.2400802374 579021.87751603127 1029418.593124032 1524146.4113731384 1227719.719317317 840086.99679243565 1776783.2826994658 1084251.7913360596 1558778.616465807 1910934.3214234114 5361351.3554035425 3256059.7848106623 1091991.3461749554 4239842.4214708805
leaf_count=1177 3356 1628 971 1770 1012 1044 990 934 1264 1682 3099 2321 1201 4081
internal_value=0.000223438 0.00213552 2.68176e-05 -0.000880474 -0.000218255 -0.00292751 0.000483972 0.00105356 0.00324871 0.000278625 -0.000538535 -0.00103232 0.00219561 0.000953257
internal_weight=2.91672e+07 2.71962e+06 2.64476e+07 8.86121e+06 7.8318e+06 2.36423e+06 1.75864e+07 1.27841e+07 3.33556e+06 9.44853e+06 7.53759e+06 4.80232e+06 2.17624e+06 5.46756e+06
internal_count=26530 4984 21546 8878 7907 2814 12668 9170 2254 6916 5234 3498 2135 5093
cat_boundaries=0 1 2 3
cat_threshold=23 354 138
is_linear=0
shrinkage=0.03


Tree=156
num_leaves=15
num_cat=2
split_feature=3 16 10 12 12 2 12 14 16 14 12 0 0 12
split_gain=18205.7 27352 15149.9 11732.1 38269.7 39642.3 33083.4 22665.1 14439.5 19433.3 11347.1 53744.7 23182.7 20412.5
threshold=2.5000000000000004 0.079397016934599399 1.046044138653544 0.99227196909529336 0.96646321140865099 1.5000000000000002 0.99929039374996764 0.9693596859299255 0.031094538954865185 1.0154740277548553 1.0218310413711047 0 1 1.0050357263641356
decision_type=2 2 2 2 2 2 2 2 2 2 2 1 1 2
left_child=3 2 -2 4 5 -1 -5 -6 9 -8 11 -10 -12 -13
right_child=1 -3 -4 6 7 -7 8 -9 10 -11 12 13 -14 -15
leaf_value=-0.00038914598678292699 -0.00027439979230544704 -0.0006773968569149223 0.00036680022450332275 -0.00058444117647278506 0.00010329913017154233 0.00024657065470421087 -0.00060930596595675304 0.00062334390425546136 0.00047467612711985202 0.00052760209293403022 0.00022540285347690914 -0.00022581447590820606 -8.1465753560521132e-05 6.5252355929395892e-05
leaf_weight=1215885.1343493462 1095605.9414155483 1080228.4355733395 654647.04939579964 1189511.7267097235 1428806.5918518305 1648259.2806497812 884062.15130937099 1549131.161331296 2555603.3913574219 465798.90250337124 4081001.5571537018 1896807.2297515869 5103896.6371917725 4330155.2872467041
leaf_count=969 2144 932 1362 919 933 1595 3124 1234 1459 2200 3367 988 2774 2499
internal_value=0.000464168 -0.00182216 0.000494664 0.000709772 0.00189579 -0.000580061 0.000371893 0.00427704 0.000670904 -0.00232151 0.000895719 0.00166671 0.000158503 0.000163259
internal_weight=2.91794e+07 2.83048e+06 1.75025e+06 2.63489e+07 5.84208e+06 2.86414e+06 2.05068e+07 2.97794e+06 1.93173e+07 1.34986e+06 1.79675e+07 8.78257e+06 9.1849e+06 6.22696e+06
internal_count=26499 4438 3506 22061 4731 2564 17330 2167 16411 5324 11087 4946 6141 3487
cat_boundaries=0 1 2
cat_threshold=74 357
is_linear=0
shrinkage=0.03


Tree=157
num_leaves=15
num_cat=3
split_feature=3 12 0 12 10 0 12 12 0 12 12 12 10 10
split_gain=12454.9 21361.7 25424.4 16438.1 18767.7 87517.6 13088.5 20136.3 14260.8 34219.6 30430.1 35298.5 27383.7 23503.1
threshold=2.5000000000000004 0.99977566849591148 0 1.1119442343149464 0.90372711552493334 1 1.0331847365990243 1.0470769130312347 2 1.0149511273734639 1.0071326926472344 1.0004275174568331 1.0862148502590399 1.0361774965034085
decision_type=2 2 1 2 2 1 2 2 1 2 2 2 2 2
left_child=3 -2 -3 4 5 -1 8 -8 9 -6 11 -10 13 -12
right_child=1 2 -4 -5 6 -7 7 -9 10 -11 12 -13 -14 -15
leaf_value=0.00075652656731456727 -0.0012816012294639485 0.00021517013372878688 -0.0008424430939344054 0.00032809421376913365 -0.00010048427205305333 -0.00058450424060082844 -0.00048245621612660211 -4.0351027421395653e-06 0.00014807032073399628 0.0002067695776223023 3.1842026456088389e-05 0.00087966050437634775 0.00061307773935058863 -0.00049473302006002192
leaf_weight=1322706.1296327114 886085.51808834076 1246054.0439811945 710960.68656349182 1473417.0952471495 6787135.5704081059 1334008.3452533484 1388822.1674314737 3585509.2445298433 2455095.4036260843 2355065.9905108213 1737702.8908112049 1314533.1386948824 988555.99413645267 1497191.0547977686
leaf_count=1175 1439 1470 1548 1330 3878 1064 1389 3585 2395 1462 1830 1261 1201 1359
internal_value=0.000372942 -0.00151313 0.000236658 0.0005773 0.000394153 0.00277655 0.000107881 -0.00124685 0.000501157 -0.000308088 0.00142674 0.00338604 -0.000322022 -0.0016574
internal_weight=2.90828e+07 2.8431e+06 1.95701e+06 2.62397e+07 2.47663e+07 2.65671e+06 2.21096e+07 4.97433e+06 1.71353e+07 9.1422e+06 7.99308e+06 3.76963e+06 4.22345e+06 3.23489e+06
internal_count=26386 4457 3018 21929 20599 2239 18360 4974 13386 5340 8046 3656 4390 3189
cat_boundaries=0 1 2 3
cat_threshold=60 403 276
is_linear=0
shrinkage=0.03


Tree=158
num_leaves=15
num_cat=4
split_feature=3 10 13 13 0 12 12 10 12 0 0 16 12 0
split_gain=15907.5 20876.4 21373.6 20338.7 24465.9 17133.4 18826.2 15617.5 11714.2 17480.2 17367.3 11033.9 15758.9 21302
threshold=2.5000000000000004 1.1714616938353537 1.1557770723054401 0.97914387632358701 0 0.99977566849591148 1.0357207381524296 1.0990918803224481 1.0077918519281821 1 2 0.055672035124616014 1.0045628678959269 3
decision_type=2 2 2 2 1 2 2 2 2 1 1 2 2 1
left_child=1 2 3 4 -1 -2 -7 8 10 -10 -6 -5 -13 -14
right_child=5 -3 -4 11 7 6 -8 -9 9 -11 -12 12 13 -15
leaf_value=0.00016885437108044284 -0.0011615768734538191 0.00035026940811070588 0.00049032724689403466 3.0588780653434215e-05 0.00030922761182370539 0.00018138061805018734 -0.00056011693008135518 -0.00028544418586865791 -0.00032967222291875489 0.0001513828387310196 -0.00010779750496994754 -0.00020125720598287807 -0.00020829324304032047 4.8525571738228193e-05
leaf_weight=2142307.632830143 895250.91518771648 2041852.287248373 1320430.2812416553 3623869.8129457235 2580393.7573639154 1296644.5809464455 652848.91958582401 1132997.6735602617 1418314.1932533979 1888462.4603127241 1215214.8305786848 3236958.4011535645 2976999.7388210297 2945711.7633056641
leaf_count=986 1463 2200 2414 3909 1889 1868 1135 1322 1329 1944 1430 1549 1761 1387
internal_value=0.000193273 0.000421933 0.000178866 -3.27831e-05 0.0009539 -0.00193868 -0.000360947 0.000210963 0.000732756 -0.000572557 0.00186996 -0.000833773 -0.00138815 -0.000468227
internal_weight=2.93683e+07 2.65235e+07 2.44817e+07 2.31612e+07 1.03777e+07 2.84474e+06 1.94949e+06 8.23538e+06 7.10239e+06 3.30678e+06 3.79561e+06 1.27835e+07 9.15967e+06 5.92271e+06
internal_count=26586 22120 19920 17506 8900 4466 3003 7914 6592 3273 3319 8606 4697 3148
cat_boundaries=0 1 2 3 4
cat_threshold=16 69 15 391
is_linear=0
shrinkage=0.03


Tree=159
num_leaves=15
num_cat=3
split_feature=11 10 0 13 11 0 10 10 16 16 0 1 11 11
split_gain=12784.5 16778.8 18267.6 14437.1 12197.3 10335.7 10033.7 14346.7 12137.3 15362.6 12430.2 13311.4 37241.9 24162.9
threshold=1.1792307564141953 1.1267163222885357 0 1.1557770723054401 1.0816503814833049 1 1.0821230818239316 1.0596278767251972 0.08093095206115429 0.075419083314141697 2 18.500000000000004 0.99985733322981363 0.97193150850967303
decision_type=2 2 1 2 2 1 2 2 2 2 1 2 2 2
left_child=1 3 -3 4 6 -5 7 8 9 10 -1 13 -13 -12
right_child=-2 2 -4 5 -6 -7 -8 -9 -10 -11 11 12 -14 -15
leaf_value=-0.00019034379849710447 -0.00027499111620761182 0.00042939118525032034 -4.2643525073514478e-05 0.00094922035041242712 -0.00016715023809183696 0.00017596667682926107 -0.00026874682888984103 -0.00019440450308868377 -0.00010254387728691154 0.00031216722987898084 -0.00017768750445971144 0.00063938240199364635 -0.00047330699793780167 0.00016634274819360767
leaf_weight=1912304.0311162472 1146140.4679201841 1955783.9995311499 1279258.2241339684 572997.6996383667 1625243.7199448347 998398.69940078259 1436902.5341930389 2088029.1027457714 4490746.8728637695 1311893.233215332 2006135.3938013315 916765.53830480576 1357530.0835578442 6139967.7060310841
leaf_count=2369 1196 1831 1800 998 1700 2017 1367 1626 1977 764 1649 1107 1459 4662
internal_value=0.000362881 0.000489593 0.00252192 0.000225092 3.72739e-05 0.00300825 0.000225352 5.32417e-05 0.000324371 0.000769614 0.000441297 0.000849304 -0.00117997 0.00141586
internal_weight=2.92381e+07 2.8092e+07 3.23504e+06 2.48569e+07 2.32855e+07 1.5714e+06 2.16603e+07 2.02234e+07 1.81353e+07 1.36446e+07 1.23327e+07 1.04204e+07 2.2743e+06 8.1461e+06
internal_count=26522 25326 3631 21695 18680 3015 16980 15613 13987 12010 11246 8877 2566 6311
cat_boundaries=0 1 2 3
cat_threshold=87 52 320
is_linear=0
shrinkage=0.03


Tree=160
num_leaves=15
num_cat=2
split_feature=0 12 10 16 10 12 12 10 12 10 10 0 12 2
split_gain=11865.2 26343 17006.7 25351.4 23748.9 19687.6 36496.1 14951 44316.2 16231.3 26240.7 31631.1 14886.2 36437.7
threshold=0 1.0111022233292399 1.0076829688863238 0.067129503413044148 1.0147528084570501 1.0071326926472344 0.99227196909529336 1.0862148502590399 1.0252236949159943 1.2266859619941872 1.184584628071115 1 1.0155628707660178 1.5000000000000002
decision_type=1 2 2 2 2 2 2 2 2 2 2 1 2 2
left_child=1 -1 3 -2 -4 6 -6 12 -9 10 11 -10 -7 -14
right_child=2 -3 4 -5 5 7 -8 8 9 -11 -12 -13 13 -15
leaf_value=-6.6177513870048564e-06 7.9887107409685641e-05 0.00017500760929263406 0.00057188534735912438 -0.00033908427312925535 -1.1007828684515374e-06 -0.00037778317906066964 0.00062993588205229804 0.0008671094063395136 2.4257718744726332e-05 -0.00054412338105631051 0.00059862525808825962 -0.00051119133139111055 -0.00043293550232966714 0.00016383524711897497
leaf_weight=4037801.4780185223 3738775.7860018015 2535077.8207491636 1020330.6269687414 3288908.0814208984 2483910.7080790997 1664273.5581718683 1392709.1032083035 916934.5019916296 1587233.3771122694 877520.65688443184 904606.89624583721 1241703.7431069613 1089818.9147441387 2525482.2042344809
leaf_count=1857 5142 1187 935 2110 2368 1504 1320 1051 1800 1073 902 1616 951 2728
internal_value=0.000415519 0.00153813 9.09214e-05 -0.00113572 0.000639836 0.000332314 0.00216644 -0.00032558 0.000764876 -0.000432931 0.00042998 -0.000992241 -0.00146735 -0.000386526
internal_weight=2.93051e+07 6.57288e+06 2.27322e+07 7.02768e+06 1.57045e+07 1.46842e+07 3.87662e+06 1.08076e+07 5.528e+06 4.61106e+06 3.73354e+06 2.82894e+06 5.27957e+06 3.6153e+06
internal_count=26544 3044 23500 7252 16248 15313 3688 11625 6442 5391 4318 3416 5183 3679
cat_boundaries=0 1 2
cat_threshold=16 323
is_linear=0
shrinkage=0.03


Tree=161
num_leaves=15
num_cat=0
split_feature=11 10 13 10 11 10 2 10 10 9 10 12 12 11
split_gain=9959.07 16452.4 20233.8 16686.1 11402.3 24879.3 17579.7 38033.1 28325.5 19631.6 19099.5 18603.4 23796.1 13989.1
threshold=1.1761963940655993 1.1714616938353537 1.1557770723054401 1.0625774086502771 0.8718556009368803 0.91803706662057427 2.5000000000000004 0.99120826366094161 0.99451885417014119 76.500000000000014 1.0243909741692858 0.98644484216365713 1.0062873681656186 1.032815580354387
decision_type=2 2 2 2 2 2 2 2 2 2 2 2 2 2
left_child=1 2 4 -4 -1 -6 8 -8 -7 -9 -11 -10 -13 -14
right_child=-2 -3 3 -5 5 6 7 9 11 10 -12 12 13 -15
leaf_value=0.00022967868140163486 -0.00029300587908880532 0.00040240698299179344 0.0002273100419252343 0.0010692387048520896 -0.00038311901047559691 -0.0020729344122374046 0.00050043251422686745 -0.0005121892410371576 -0.00025018145927735425 0.00026158281012390416 -1.0020090404664446e-05 0.0001961821049851715 -0.00018954596467003965 4.5458777095950587e-05
leaf_weight=1308174.4292429686 1223130.1544015408 1215113.8109211922 1171987.0875093937 535138.25809431076 2144263.5383483171 1636413.4693094492 1406542.1602349281 1128680.6939885616 1576079.7533555031 2111465.1747061014 5915545.4957411289 2080760.5864480734 2090856.4685286283 3811877.0277915001
leaf_count=1306 1315 1553 2259 1017 1565 1204 1331 1046 995 1760 5465 1319 1494 2932
internal_value=0.000206849 0.000322065 0.000167924 0.00332874 -4.61087e-05 -0.000195367 0.000108474 0.000986423 -0.000719777 0.000280828 0.000801738 -9.54589e-05 0.000492559 -0.000479879
internal_weight=2.9356e+07 2.81329e+07 2.69178e+07 1.70713e+06 2.52107e+07 2.39025e+07 2.17582e+07 1.05622e+07 1.1196e+07 9.15569e+06 8.02701e+06 9.55957e+06 7.98349e+06 5.90273e+06
internal_count=26561 25246 23693 3276 20417 19111 17546 9602 7944 8271 7225 6740 5745 4426
is_linear=0
shrinkage=0.03


Tree=162
num_leaves=15
num_cat=3
split_feature=11 11 0 1 16 1 14 13 13 0 11 0 1 11
split_gain=17322.9 8942.02 10540.7 17083.4 19567.5 14691.6 13910.3 25993.3 22115 30998.6 15958.4 26942.3 16394.9 12752.2
threshold=1.1792307564141953 0.86277403626205151 0 8.5000000000000018 0.066413331616518564 7.5000000000000009 0.91058912034072559 0.94384309952676693 0.92876174461070604 1 0.96938913150432404 2 17.500000000000004 1.0275274932361529
decision_type=2 2 1 2 2 2 2 2 2 1 2 1 2 2
left_child=1 -1 3 -3 13 -4 7 -7 9 -8 -10 -12 -13 -5
right_child=-2 2 5 4 -6 6 8 -9 10 -11 11 12 -14 -15
leaf_value=0.00026814503549845386 -0.00042503008937616192 0.00019743126890330959 -0.00016810527208351521 0.00016219679120236293 -0.00026980437205365037 -0.00041815688919593714 0.00063638671659101934 0.00015341699039823011 -0.00025461913056474666 1.7096960719567289e-05 0.00036650212229095785 4.52029917913735e-05 -0.00026942511148742693 -0.0001993670402590952
leaf_weight=1128245.0259380341 1155032.3840068579 1686430.8682845831 1669970.8867545128 2135060.164352417 2993490.3721923828 1325270.1716718674 1175383.7377170324 1097188.0242261887 1435130.5480184555 979900.63277983665 3403838.7770822048 5414767.0688042641 1781018.386318922 1748247.5802154541
leaf_count=1271 1216 1850 4281 1447 1311 1355 937 941 1131 1302 3609 3015 1643 1210
internal_value=0.000218243 0.000366902 0.000256944 -0.000611652 -0.00127521 0.000663781 0.000933415 -0.00116763 0.0012921 0.00409069 0.000790901 0.00119287 0.000152619 0.000129812
internal_weight=2.9129e+07 2.79739e+07 2.68457e+07 8.56323e+06 6.8768e+06 1.82825e+07 1.66125e+07 2.42246e+06 1.419e+07 2.15528e+06 1.20348e+07 1.05996e+07 7.19579e+06 3.88331e+06
internal_count=26519 25303 24032 5818 3968 18214 13933 2296 11637 2239 9398 8267 4658 2657
cat_boundaries=0 1 2 3
cat_threshold=12 273 98
is_linear=0
shrinkage=0.03


Tree=163
num_leaves=15
num_cat=0
split_feature=11 14 13 10 10 10 12 10 12 10 16 14 16 2
split_gain=12298.4 18619.7 20409.6 19606.6 10854.4 34817.9 28052.2 31634.6 31008.7 24304.4 18300.6 12820.1 12319.6 16336.8
threshold=0.8718556009368803 1.0835609173153526 1.2645405000245351 0.8854012774121286 1.0293999222527417 1.0157067546290344 0.9931501175091878 0.99547996673316497 1.0049158022346554 1.0358161514028457 0.090597546988970934 0.99069238779689206 0.083213935661380453 4.5000000000000009
decision_type=2 2 2 2 2 2 2 2 2 2 2 2 2 2
left_child=-1 3 -3 -2 5 6 -5 8 -8 -6 12 -7 13 -11
right_child=1 2 -4 4 9 11 7 -9 -10 10 -12 -13 -14 -15
leaf_value=0.00029888793385258024 -0.00043572897722808646 0.00069783342801663204 -0.00061037902124151352 0.00036280375581640689 0.00031258069027449394 -0.00049429618547220983 -0.00071954930613089677 0.00011453825414298162 5.6613607379382664e-05 -2.2445536587584481e-05 0.00013467033077766699 -0.00017481814246379394 -0.00040377235775474163 0.00027256244897499738
leaf_weight=1320750.1419781446 1290684.9181015491 1303552.05816257 497377.61219036579 1347501.4393810034 1245539.7371439934 1434974.9178390503 1472429.8994034529 2863073.6337152719 1413680.9520895481 9108180.8419495821 1563510.5532531738 1457613.3692846298 1081649.2422790527 1737360.9260046482
leaf_count=1446 945 2317 1422 1057 890 1145 1061 2122 1305 7869 740 984 617 2599
internal_value=0.000261094 0.000126796 0.00307682 -7.74146e-05 0.00011075 -0.000652695 0.000478068 -0.000435074 -0.00265153 0.000628267 0.000258071 -0.00342691 -0.000141982 0.000162504
internal_weight=2.91379e+07 2.78171e+07 1.80093e+06 2.60162e+07 2.47255e+07 9.98927e+06 7.09669e+06 5.74918e+06 2.88611e+06 1.47362e+07 1.34907e+07 2.89259e+06 1.19272e+07 1.08455e+07
internal_count=26519 25073 3739 21334 20389 7674 5545 4488 2366 12715 11825 2129 11085 10468
is_linear=0
shrinkage=0.03


Tree=164
num_leaves=15
num_cat=2
split_feature=10 10 3 11 10 10 0 10 10 11 11 16 10 0
split_gain=17426.1 33580.9 23855.9 35644.9 20257.6 23424 19250.7 17030.9 18464.4 16451.6 15192.3 13436 12890.1 21710.3
threshold=1.0293999222527417 1.0350154479417271 1.5000000000000002 0.99884827123419984 0.99026110741411444 1.0126286975463843 0 1.0390686685543671 1.0449516634702618 1.0201167971050777 0.96938913150432404 0.069947367393446425 1.0658413189851337 1
decision_type=2 2 2 2 2 2 1 2 2 2 2 2 2 1
left_child=2 -2 4 11 6 -6 -1 -3 -9 -7 -8 -4 -10 -14
right_child=1 7 3 -5 5 9 10 8 12 -11 -12 -13 13 -15
leaf_value=0.00028949298143661717 -9.8255039971454247e-05 -0.00029904353141965706 -0.00044843696851423699 8.0357519506838335e-05 -0.00022357868551572263 0.00016230935077714162 -0.00029052345882926164 0.00021403421699968395 -0.00012300046114496304 -0.00018552001750841597 0.00021973786362785354 -0.0013629156394072582 0.00018471625445578134 -0.00012332591815315014
leaf_weight=1675995.3166410923 1154910.7111674547 1081579.053640008 749052.32412016392 1232859.2713257074 2527938.0252566338 1669539.6642547846 1536599.8082337379 1334556.6326528788 3063658.7214425802 1479939.6502732038 1845969.7843855619 920171.99252319336 5545771.8130344152 3413368.0957353115
leaf_count=1034 879 853 1542 1669 1897 1124 1318 1017 2466 1043 1548 727 4913 4505
internal_value=0.000257132 0.000942135 -0.000526103 -0.00293939 0.000126241 -0.00110384 0.0015068 0.000548405 0.00084159 0.00062256 0.000204097 -0.00579674 0.000469974 0.0010444
internal_weight=2.92319e+07 1.55938e+07 1.36381e+07 2.90208e+06 1.0736e+07 5.67742e+06 5.05856e+06 1.44389e+07 1.33574e+07 3.14948e+06 3.38257e+06 1.66922e+06 1.20228e+07 8.95914e+06
internal_count=26535 14633 11902 3938 7964 4064 3900 13754 12901 2167 2866 2269 11884 9418
cat_boundaries=0 1 2
cat_threshold=273 341
is_linear=0
shrinkage=0.03


Tree=165
num_leaves=15
num_cat=0
split_feature=11 2 10 10 10 10 11 2 2 2 10 10 10 11
split_gain=14337 11195 10030.9 17990 23319 11244 32930.3 62816.3 38800.8 13827.4 25023.6 15014.5 30972.3 26357.7
threshold=1.1475241188057654 2.5000000000000004 1.1267163222885357 1.1037060526275941 1.0862148502590399 0.98873969880633472 0.96938913150432404 3.5000000000000004 2.5000000000000004 4.5000000000000009 1.0297948582309389 1.0126286975463843 1.0449516634702618 1.0201167971050777
decision_type=2 2 2 2 2 2 2 2 2 2 2 2 2 2
left_child=2 -2 3 4 5 6 7 -1 -8 11 -11 -7 13 -13
right_child=1 -3 -4 -5 -6 9 8 -9 -10 10 -12 12 -14 -15
leaf_value=0.00022377940492564782 -4.8232400478786831e-06 -0.00046710650407539943 0.00033325425460227227 -0.00019944413187283333 0.00042082592248693726 -0.00020030843174774301 9.8822859629856651e-06 -0.0012499615027560989 0.00075481585723973974 -7.3960116104084114e-05 0.00055183195294257329 0.00019952310347058717 -0.00016603241559366925 -6.1382606021678061e-05
leaf_weight=2396704.0558100939 1380994.8968443871 1166017.1252264977 1969554.0977265835 1260543.1948488951 1194185.9539443254 2629984.972096324 1196581.7452434301 1310073.6821588278 1257197.5132670403 1500343.5153167248 1329709.307913065 2729442.473533392 4326298.9302626848 3451596.8937994242
leaf_count=1932 1233 1434 2275 1182 1425 2017 964 1505 1356 1792 1860 1863 3203 2402
internal_value=0.00027988 -0.00187015 0.000486121 0.000321074 0.00050975 0.000289377 0.0013781 -0.000406451 0.00407391 -0.000130675 0.00177141 -0.000540425 -3.30212e-05 0.00132964
internal_weight=2.90992e+07 2.54701e+06 2.65522e+07 2.45827e+07 2.33221e+07 2.21279e+07 6.16056e+06 3.70678e+06 2.45378e+06 1.59674e+07 2.83005e+06 1.31373e+07 1.05073e+07 6.18104e+06
internal_count=26443 2667 23776 21501 20319 18894 5757 3437 2320 13137 3652 9485 7468 4265
is_linear=0
shrinkage=0.03


Tree=166
num_leaves=15
num_cat=2
split_feature=12 12 2 12 11 13 16 0 12 2 2 11 0 13
split_gain=13242.6 15988.2 21991.4 13621.8 26046.1 11974.5 24810 17454.3 24818.6 23121.1 19530.9 36536.8 17627.6 14279
threshold=1.0331847365990243 1.0671690946621852 3.5000000000000004 0.94365407296847026 0.88726764062237595 1.0331604709699025 0.081601726438578062 0 1.0071326926472344 2.5000000000000004 3.5000000000000004 1.0001372609616839 1 1.0927235821103629
decision_type=2 2 2 2 2 2 2 1 2 2 2 2 1 2
left_child=3 -2 -3 -1 -5 7 13 8 12 -10 11 -9 -6 -7
right_child=1 2 -4 4 5 6 -8 10 9 -11 -12 -13 -14 -15
leaf_value=-0.00027717033443151008 -0.00020596419096432291 0.00020070976948801522 -0.00030311900523220998 0.00047582062010440934 0.00015277160649876617 -0.00015535595083430146 -0.0004628744889195316 0.00026505292786991962 -0.00021176672822994526 0.00023781574050308021 -0.00013093303674881725 -3.8753733850445235e-05 0.00093697177535253693 0.00023009651629189555
leaf_weight=1231792.890570879 3739501.2271949053 2546158.6367868185 1100539.0845800638 1252215.6641182899 1110036.8011052608 2744725.882478714 1347790.9475803375 1812217.8161364794 1403940.1511096954 1313578.4719486237 2511711.2397500277 3384235.2408442497 1221125.194005847 2443589.2013469934
leaf_count=1506 3882 2340 1519 970 700 2117 703 1077 1180 1471 2046 1955 1482 3511
internal_value=0.000360606 -0.000737081 0.000676327 0.000732913 0.000916632 0.000644501 -0.000399649 0.00117948 0.00255064 0.000602499 0.000281401 0.00133128 0.00482166 0.0005424
internal_weight=2.91632e+07 7.3862e+06 3.6467e+06 2.1777e+07 2.05452e+07 1.9293e+07 6.53611e+06 1.27568e+07 5.04868e+06 2.71752e+06 7.70816e+06 5.19645e+06 2.33116e+06 5.18832e+06
internal_count=26459 7741 3859 18718 17212 16242 6331 9911 4833 2651 5078 3032 2182 5628
cat_boundaries=0 1 2
cat_threshold=203 8
is_linear=0
shrinkage=0.03


Tree=167
num_leaves=15
num_cat=2
split_feature=12 3 12 0 11 10 11 10 11 12 11 0 16 11
split_gain=16950.5 17016.7 34061.9 23348.7 16241.5 28283.5 15189.9 17538.4 23299.3 13029 17114.8 17786.3 40503 15386.4
threshold=0.94365407296847026 2.5000000000000004 0.99977566849591148 0 0.93171241057181342 0.96293023917017251 0.99469405307571501 1.0126286975463843 1.012201310103076 1.1119442343149464 1.0201167971050777 1 0.079025595619747063 1.0287142808548067
decision_type=2 2 2 1 2 2 2 2 2 2 2 1 2 2
left_child=-1 4 -3 -4 -2 -6 -7 8 -8 10 -9 12 -12 -13
right_child=1 2 3 -5 5 6 7 9 -10 -11 11 13 -14 -15
leaf_value=-0.00033918567073297988 0.00028043807113314184 -0.001406414834770886 0.00016571255624682769 -0.00071357725211956542 -0.00061356318517243101 0.00020042897706135551 -0.00029655158957929287 0.00017066440538036776 0.00015122164373763912 0.00035195365541786463 -1.6025848567849495e-05 -0.00030534294951186931 0.00082390631032393995 -8.7303112917391282e-06
leaf_weight=1222064.4364190102 2003684.7821016312 724632.66201102734 1231730.7757663727 694997.30734860897 1232375.6078329086 2866436.7194315195 1976747.7240720987 2786744.1485828161 1351265.8994778395 1493145.2486696243 2831859.7363641262 1526860.2888615131 1035126.2591056824 6260631.3394147158
leaf_count=1518 1452 1096 1441 1537 1076 2286 1511 2007 1017 1333 3877 835 621 4842
internal_value=0.000263104 0.000413966 -0.00187288 0.00021243 0.000653007 0.000430683 0.000677023 0.000373818 -0.00160696 0.000787519 0.000511678 6.65904e-06 0.0016698 -0.000819199
internal_weight=2.92383e+07 2.80162e+07 2.65136e+06 1.92673e+06 2.53649e+07 2.33612e+07 2.21288e+07 1.92624e+07 3.32801e+06 1.59344e+07 1.44412e+07 1.16545e+07 3.86699e+06 7.78749e+06
internal_count=26449 24931 4074 2978 20857 19405 18329 16043 2528 13515 12182 10175 4498 5677
cat_boundaries=0 1 2
cat_threshold=60 449
is_linear=0
shrinkage=0.03


Tree=168
num_leaves=15
num_cat=2
split_feature=11 10 13 11 3 11 0 10 0 10 10 14 1 11
split_gain=12806.8 14770.9 13333.3 14446.6 17209.8 13014.1 34098.9 29270 25554 29809.4 29915.2 21836.4 17868.7 24416.7
threshold=1.1792307564141953 1.1714616938353537 1.1557770723054401 1.0563311894196821 1.0000000180025095e-35 1.0546192281003315 0 1.1167637388112681 1 1.0366124446983094 0.90372711552493334 0.9693596859299255 16.500000000000004 0.99884827123419984
decision_type=2 2 2 2 2 2 1 2 1 2 2 2 2 2
left_child=1 2 5 4 -4 8 -7 -8 9 10 -1 -11 13 -12
right_child=-2 -3 3 -5 -6 6 7 -9 -10 11 12 -13 -14 -15
leaf_value=0.00026121233108301298 -0.00060319469913273384 0.00047288197542685471 0.000586387989100398 0.0010128646289364722 -0.00061564184973043076 0.00023761077703267214 -0.00045285685441022596 3.3260026981816185e-05 -0.00010722019164723101 0.0003833938482412427 -0.00015531769929817943 5.8196179198043011e-05 -0.00023914905764559248 0.00013158965405621182
leaf_weight=1910916.2172379494 1130035.9225256443 1212527.8527263403 560363.31745934486 521614.8513777256 615260.93122565746 2404612.6033989191 2351471.3956238031 1387596.2678997517 6408501.8653645515 1536676.4060935974 1624493.4303684235 1819784.5211906433 2303600.4562492371 3385499.2872040272
leaf_count=1536 1181 1507 1020 960 1284 2829 1899 1051 5898 1055 1152 1224 1648 2205
internal_value=0.000316146 0.000442324 0.000295957 0.00286948 0.00102585 0.000122167 -0.00107801 -0.00287034 0.000510463 0.00129591 0.000415041 0.00371678 -0.000458233 0.000547281
internal_weight=2.9173e+07 2.80429e+07 2.68304e+07 1.69724e+06 1.17562e+06 2.51332e+07 6.14368e+06 3.73907e+06 1.89895e+07 1.2581e+07 9.22451e+06 3.35646e+06 7.31359e+06 5.00999e+06
internal_count=26449 25268 23761 3264 2304 20497 5779 2950 14718 8820 6541 2279 5005 3357
cat_boundaries=0 1 2
cat_threshold=356 155
is_linear=0
shrinkage=0.03


Tree=169
num_leaves=15
num_cat=2
split_feature=16 3 16 16 0 10 12 3 16 14 12 16 10 0
split_gain=14641.9 23466.3 15799.3 17876.6 11612.9 9512.41 11884.6 9875.28 9318.92 11374.6 10922.5 12813.6 9866.6 6229.85
threshold=0.081601726438578062 1.0000000180025095e-35 0.077091071773349881 0.072593558827911894 0 1.0177510491870221 1.004725325582458 1.0000000180025095e-35 0.066900352591049719 0.9086172557266351 0.98244423354187715 0.052405859868383246 1.0103377067276311 1
decision_type=2 2 2 2 1 2 2 2 2 2 2 2 2 1
left_child=2 -2 3 4 5 6 -1 -7 9 13 -11 -12 -13 -6
right_child=1 -3 -4 -5 8 7 -8 -9 -10 10 11 12 -14 -15
leaf_value=8.8009405412224208e-05 1.6657610870867721e-05 -0.00045424257398384759 0.00022007047248272349 -0.00024089647865135894 5.0954198476954991e-05 0.00011173473887509611 0.00038122808621496882 -0.00014619024559445667 -0.00019023487513559033 0.00035187309888797837 -0.00013841061814443741 -7.5616063986898166e-05 0.00022621822813044342 -0.00033360527233170466
leaf_weight=1543027.7457110882 4504698.6177978516 2013629.0520441532 1979933.7746477127 1663508.0119829178 778607.14887034893 2939825.1357827187 1106793.1569395065 1351904.6289175749 2289260.9305260181 1212564.5300915241 2309448.1547441483 1389224.9226989746 2992258.103972435 1047549.0583332777
leaf_count=1387 1873 1380 1223 1046 1269 2676 1037 1747 1445 1590 5338 1026 2177 1291
internal_value=0.000410788 -0.000841867 0.000772018 0.000526271 0.000787888 0.00176483 0.00317817 0.000892206 0.000223649 0.00062885 0.00112191 0.000647142 0.00160028 -0.00150509
internal_weight=2.91222e+07 6.51833e+06 2.26039e+07 2.0624e+07 1.89605e+07 6.94155e+06 2.64982e+06 4.29173e+06 1.20189e+07 9.72965e+06 7.9035e+06 6.69093e+06 4.38148e+06 1.82616e+06
internal_count=26505 3253 23252 22029 20983 6847 2424 4423 14136 12691 10131 8541 3203 2560
cat_boundaries=0 1 2
cat_threshold=50 196
is_linear=0
shrinkage=0.03


Tree=170
num_leaves=15
num_cat=1
split_feature=12 12 12 2 10 12 10 10 1 12 0 12 10 2
split_gain=12496.5 20869 26902.4 108997 26081.6 12483.6 18042.5 27145.7 15410 17105.6 18267.5 31746.9 21214.5 20651.9
threshold=0.94365407296847026 0.98075970649359323 0.99504303367625979 2.5000000000000004 1.0177510491870221 1.0017672621402147 0.95679863267342224 0.99547996673316497 19.500000000000004 1.0073531584289153 0 1.0149511273734639 1.1006815628803313 1.5000000000000002
decision_type=2 2 2 2 2 2 2 2 2 2 1 2 2 2
left_child=-1 4 3 -3 -2 -4 -7 -8 9 -9 11 -11 -13 -12
right_child=1 2 5 -5 -6 6 7 8 -10 10 13 12 -14 -15
leaf_value=-0.00027295996904354758 0.00063740063145007071 0.00024906549284726991 0.0002141567896956744 -0.001216331314672657 1.5378677226393431e-05 0.00017701712242711962 -0.00045459346699532489 0.0001388601699298804 -0.00031884553053100563 -0.00015191339148976868 -0.00043961736006607922 0.00016136999227517746 1.2107969650780183e-06 7.168144354957186e-06
leaf_weight=1215184.6694190502 1273028.8579287529 1264514.9949586391 1909044.4848643541 1570835.2134116888 1813305.6097875834 1129400.9951511621 1904452.2808187008 2477922.7904055119 1499253.9056077003 1796714.2541819811 1795096.0936273336 3506244.8551052809 2764630.0782110691 3330927.8324645758
leaf_count=1507 1034 864 1576 1522 1433 1050 1770 1578 2990 1224 1355 2881 2628 3118
internal_value=0.000197985 0.000327082 3.92009e-05 -0.00271196 0.00265423 0.000391947 0.000172847 -4.52918e-05 0.000331609 0.000609586 0.000180052 0.00106986 0.0020772 -0.00122037
internal_weight=2.92506e+07 2.80354e+07 2.4949e+07 2.83535e+06 3.08633e+06 2.21137e+07 2.02046e+07 1.90752e+07 1.71708e+07 1.56715e+07 1.31936e+07 8.06759e+06 6.27087e+06 5.12602e+06
internal_count=26530 25023 22556 2386 2467 20170 18594 17544 15774 12784 11206 6733 5509 4473
cat_boundaries=0 1
cat_threshold=372
is_linear=0
shrinkage=0.03


Tree=171
num_leaves=15
num_cat=2
split_feature=9 1 14 0 12 2 1 12 2 14 0 12 3 12
split_gain=11662.6 13027.8 28283 21222.4 20375.2 22464.5 25049.8 17166.5 17972.1 15345.2 15216 20552.2 14680.2 15846.8
threshold=68.500000000000014 9.5000000000000018 0.85781981196578549 0 1.0197477511393997 2.5000000000000004 16.500000000000004 1.0414893416045918 2.5000000000000004 1.0204456354754894 1 1.0045628678959269 1.0000000180025095e-35 1.0048191846126253
decision_type=2 2 2 1 2 2 2 2 2 2 1 2 2 2
left_child=-1 2 -2 12 5 6 -5 -6 -9 -7 11 -4 -3 -14
right_child=1 3 10 4 7 9 -8 8 -10 -11 -12 -13 13 -15
leaf_value=-0.00033393290563205915 0.00046232732147628462 -3.5451601581146704e-05 -2.0203087980357879e-05 -0.00018500376194062679 -0.00022630059907559338 0.00039109787371747801 0.00017677801240765958 0.00022288636565309674 -0.0001943972217218578 8.3962919904066353e-05 -0.00016143245424977599 0.00015201939045813846 -0.0006653259097969636 -7.9021503444085534e-05
leaf_weight=1179197.6546531916 814901.2356313467 5436590.1441192627 1463566.4225343466 1897124.2942504883 2434665.3759474754 2609935.3731679916 1495126.8171815872 1573354.0893321037 1446897.4657928944 1137684.5510962009 2563024.9109196663 2102268.7845566273 1320833.299659729 1683264.5843544006
leaf_count=1060 1283 3141 1415 1241 2283 2099 1225 1478 1677 1307 3628 2228 1073 1363
internal_value=0.000182165 0.000305337 0.00143206 -6.65914e-05 0.000713483 0.00176817 -5.43038e-07 -0.000666988 0.000844017 0.00336917 0.00073391 0.0020012 -0.00123058 -0.00291366
internal_weight=2.91584e+07 2.79792e+07 6.94376e+06 2.10355e+07 1.25948e+07 7.13987e+06 3.39225e+06 5.45492e+06 3.02025e+06 3.74762e+06 6.12886e+06 3.56584e+06 8.44069e+06 3.0041e+06
internal_count=26501 25441 8554 16887 11310 5872 2466 5438 3155 3406 7271 3643 5577 2436
cat_boundaries=0 1 2
cat_threshold=268 344
is_linear=0
shrinkage=0.03


Tree=172
num_leaves=15
num_cat=1
split_feature=16 12 16 9 16 9 9 1 16 1 0 13 13 12
split_gain=9578.2 27209.8 22116.4 43962.2 20902 14311 26903.8 17308.2 24304.8 31975.1 16424.9 13404.7 10599 9395.45
threshold=0.054451771786092014 0.98244423354187715 0.049199178493894991 89.500000000000014 0.044212303845833294 89.500000000000014 74.500000000000014 8.5000000000000018 0.084989138023889382 16.500000000000004 0 0.99379903116685353 1.0098845784959261 1.031134868810583
decision_type=2 2 2 2 2 2 2 2 2 2 1 2 2 2
left_child=1 4 3 -3 -1 6 -2 -7 9 10 13 -12 -11 -9
right_child=5 2 -4 -5 -6 7 -8 8 -10 12 11 -13 -14 -15
leaf_value=0.001529286987835761 -9.385090911590802e-05 -0.00094878518197195763 0.00019320367716318569 -0.00011103046259521994 2.6379592392450374e-05 8.8283474216209359e-05 0.00026510200286361079 0.00031504680091619489 -0.00032709379200149475 0.00020542825983230195 -7.3478583324618958e-05 -0.00029677818204631063 1.4334685507470784e-05 -0.00018023838366977704
leaf_weight=630446.52862989902 1711293.3790245056 665899.12499785423 2365773.2177462578 2889223.636261344 588924.41470336914 3192028.1321229935 1781622.5504331589 1380057.6940307617 2401491.4248443842 2271493.5399856567 3361107.0026359558 3077623.1194515228 1690995.5910778046 1374186.1256103516
leaf_count=1760 997 1727 1555 7729 421 1401 1125 1416 1360 1299 1816 1614 1062 1278
internal_value=0.000198271 0.00115425 0.000313824 -0.00118188 0.00523512 -0.000108626 0.00165443 -0.000437081 -0.000849967 -0.000343335 -0.00131436 -0.00214372 0.00190944 0.000624491
internal_weight=2.93822e+07 7.14027e+06 5.9209e+06 3.55512e+06 1.21937e+06 2.22419e+07 3.49292e+06 1.8749e+07 1.5557e+07 1.31555e+07 9.19297e+06 6.43873e+06 3.96249e+06 2.75424e+06
internal_count=26560 13192 11011 9456 2181 13368 2122 11246 9845 8485 6124 3430 2361 2694
cat_boundaries=0 1
cat_threshold=226
is_linear=0
shrinkage=0.03


Tree=173
num_leaves=15
num_cat=1
split_feature=11 10 0 10 10 10 10 10 11 12 10 12 10 11
split_gain=14744 14571.7 11095.8 43176.8 27996.4 22838.8 41647.4 22673.4 25317.3 16789.2 18720.5 16476.7 29914.2 15877.1
threshold=1.1792307564141953 1.1714616938353537 0 0.90372711552493334 0.86883337326258692 1.0293999222527417 1.042224977287155 1.0164263585506468 1.0025409389413917 0.99929039374996764 1.113019863325601 1.0375626961833271 0.98310466343209058 1.0358148757179293
decision_type=2 2 1 2 2 2 2 2 2 2 2 2 2 2
left_child=1 2 3 -1 -4 7 -7 8 -5 -8 -11 12 -6 -14
right_child=-2 -3 4 5 11 6 9 -9 -10 10 -12 -13 13 -15
leaf_value=0.00067815153299474978 -0.00032521407228975322 0.00051434147756634701 -0.0005873965684930995 -0.00020150142121101093 0.00053100044409978299 0.00033057791668496202 0.00031716794086741673 -0.00034394491669821603 0.00018248646259102081 -0.00014635980022157852 0.00014457208864249746 -0.00025273909157124319 -6.1088082543561974e-05 0.00022272337114318951
leaf_weight=1286975.5460420847 1135014.2293803692 1243820.3805557489 1440784.7357230186 1982612.1630882025 1193570.607427597 1354776.3317245245 1227342.8970576525 1661705.3117098808 1969078.5770097971 2339690.4261395931 1178252.9926571846 2450822.8027151823 6199010.0328586102 2690722.5537363291
leaf_count=1240 1205 1537 1383 1676 1018 885 1115 1151 1580 1885 1114 2677 5400 2704
internal_value=0.000409639 0.00054448 0.000398094 0.00102892 -0.000188749 0.000455851 0.0017266 -0.000925071 0.000311309 0.000402106 -0.000651901 0.000266501 0.000802747 0.000204007
internal_weight=2.93542e+07 2.82192e+07 2.69753e+07 1.30004e+07 1.39749e+07 1.17135e+07 6.10006e+06 5.6134e+06 3.95169e+06 4.74529e+06 3.51794e+06 1.25341e+07 1.00833e+07 8.88973e+06
internal_count=26570 25365 23828 10646 13182 9406 4999 4407 3256 4114 2999 11799 9122 8104
cat_boundaries=0 1
cat_threshold=147
is_linear=0
shrinkage=0.03


Tree=174
num_leaves=15
num_cat=4
split_feature=16 1 16 14 0 14 12 1 0 0 12 11 12 0
split_gain=15487.7 32550.5 17483.7 15137.7 14831.2 9204.66 12415.2 12023.9 19182.6 14791.1 18688 34022.7 24767.2 31089
threshold=0.081308984922925889 9.5000000000000018 0.077091071773349881 1.0910846953073767 0 0.86843321543707963 1.0095804244260049 7.5000000000000009 1 2 0.9931501175091878 1.0015731347400096 1.0222447880274059 3
decision_type=2 2 2 2 1 2 2 2 1 1 2 2 2 1
left_child=2 -2 3 5 -5 6 -1 8 -7 -9 -11 -12 13 -13
right_child=1 -3 -4 4 -6 7 -8 9 -10 10 11 12 -14 -15
leaf_value=4.38140356021552e-05 0.00010123413261845402 -0.00016245177849532282 0.0002433049041136682 -9.037408788279787e-06 0.0011059830669900279 1.9801636237338739e-05 -0.00030514831368341587 0.00039118955188037919 -0.00056960098430863533 0.00031769951680943759 -0.00029241051895980227 -0.00013878454493377698 -9.1873549733457682e-05 0.00022730978388106678
leaf_weight=1013532.2406215668 2288463.9375 4523774.7396509647 1786424.2992801666 592932.34301829338 724914.63695919514 1498291.7166601419 1260437.2853827477 1537118.2783966064 808720.92326819897 2803483.842757225 1905203.3512306213 1547323.9535005093 4166494.5347931385 2703222.7116122246
leaf_count=1144 893 2493 1123 1421 2097 1910 1745 1257 1757 2267 1445 1538 3739 1747
internal_value=0.000551418 -0.000700838 0.000933136 0.000685804 0.00379634 0.00047279 -0.00131957 0.000712967 -0.00130024 0.00102972 0.000703652 0.000113719 0.000933145 0.00254432
internal_weight=2.91603e+07 6.81224e+06 2.23481e+07 2.05617e+07 1.31785e+06 1.92438e+07 2.27397e+06 1.69699e+07 2.30701e+06 1.46628e+07 1.31257e+07 1.03222e+07 8.41704e+06 4.25055e+06
internal_count=26576 3386 23190 22067 3518 18549 2889 15660 3667 11993 10736 8469 7024 3285
cat_boundaries=0 1 2 3 4
cat_threshold=322 92 2 321
is_linear=0
shrinkage=0.03


Tree=175
num_leaves=15
num_cat=2
split_feature=12 11 9 12 12 0 12 0 12 12 12 11 11 12
split_gain=14186.1 22768.6 11519 12127.4 59042.3 38052 31818.4 12391.4 14418.3 35948.1 34030 20278.9 22445.4 20809.1
threshold=0.94365407296847026 0.88726764062237595 68.500000000000014 0.99504303367625979 0.9880996573646984 0 1.0017672621402147 1 1.0222447880274059 1.0149511273734639 1.0077918519281821 1.0308370703839311 1.0563311894196821 1.0671690946621852
decision_type=2 2 2 2 2 1 2 1 2 2 2 2 2 2
left_child=-1 -2 -3 4 5 -4 -5 -8 9 10 -9 -10 -13 -14
right_child=1 2 3 6 -6 -7 7 8 11 -11 -12 12 13 -15
leaf_value=-0.00033842389873112893 0.00042437044699546915 -0.00030843580266741151 0.0003066658827319976 0.00032289140504226536 -0.00094964309459454055 -0.00019739188838041035 -0.00014379731911786587 0.00010880881002138289 -0.00038203486305394153 0.00052438485187263528 -0.00022036371523091774 0.00019980432126873141 -0.00012893197761195007 0.00015055388643958454
leaf_weight=1236571.9382373095 1255592.2929114103 1178883.4306612015 1363044.6579488516 1766606.4537158012 1222812.1487095356 2020721.3122160435 4141435.5984140635 2495042.9537322521 1494189.3921715021 1774628.2886234522 2160110.4892568588 1260967.9800246954 3067422.1948601007 2639797.5858266354
leaf_count=1515 979 1070 992 1477 1117 1716 5244 1514 1294 1720 1632 943 2627 2568
internal_value=0.000231396 0.000371045 0.000184602 0.000319116 -0.00107364 0.000968066 0.000627567 0.000270099 0.000673761 0.00174466 0.000359663 -0.000139913 0.000540136 -0.000260186
internal_weight=2.90778e+07 2.78413e+07 2.65857e+07 2.54068e+07 4.60658e+06 3.38377e+06 2.08002e+07 1.90336e+07 1.48922e+07 6.42978e+06 4.65515e+06 8.46238e+06 6.96819e+06 5.70722e+06
internal_count=26408 24893 23914 22844 3825 2708 19019 17542 12298 4866 3146 7432 6138 5195
cat_boundaries=0 1 2
cat_threshold=145 385
is_linear=0
shrinkage=0.03


Tree=176
num_leaves=15
num_cat=0
split_feature=9 10 10 10 13 14 11 12 10 2 12 12 12 10
split_gain=16269.6 15195.5 16750.9 11804.6 16247.7 34443.1 10826.4 16305.1 12517.2 12422.5 19385.1 15425.9 24701.4 35892.9
threshold=68.500000000000014 0.82120607435980486 0.90372711552493334 0.97119576682951958 0.81897680867243572 0.85033606218380209 0.98630601238266269 0.9689176920627357 1.184584628071115 4.5000000000000009 1.0222447880274059 0.98944881953521702 1.0017672621402147 1.0126286975463843
decision_type=2 2 2 2 2 2 2 2 2 2 2 2 2 2
left_child=-1 -2 -3 -4 5 -5 7 -6 9 11 -11 -8 -13 -14
right_child=1 2 3 4 6 -7 8 -9 -10 10 -12 12 13 -15
leaf_value=-0.00036065520335502746 -0.00032956974148074626 0.00030950208363495017 -0.00054358244787047121 -0.0038858179384168687 1.3657711794632405e-06 0.00029249865879738636 -0.00022362961897644373 0.00037909666887410263 0.00034479588522245584 0.0005190057725312754 -8.3512988087904475e-05 0.00027796625763936469 -0.00044951006388475618 -2.3471649397800192e-05
leaf_weight=1152184.1007529497 1448130.7026816607 1760886.4031236172 1158812.9074180126 557296.96878170967 1236582.9793509245 582229.49031639099 1443468.0758094788 1268962.1194291115 1724843.827921629 1857697.8082491159 1346284.4442685843 1565394.6266498566 1778196.4412002563 10222479.593286633
leaf_count=1046 1693 1351 1198 924 957 1233 935 1115 1853 2352 1822 1124 1268 7574
internal_value=0.000329035 0.000473047 0.000636553 0.000435348 0.000580603 -0.00291402 0.000758033 0.00261673 0.00052446 0.000293143 0.00198892 -6.88423e-05 0.000244876 -0.000217468
internal_weight=2.91035e+07 2.79513e+07 2.65031e+07 2.47422e+07 2.35834e+07 1.13953e+06 2.24439e+07 2.50555e+06 1.99384e+07 1.82135e+07 3.20398e+06 1.50095e+07 1.35661e+07 1.20007e+07
internal_count=26445 25399 23706 22355 21157 2157 19000 2072 16928 15075 4174 10901 9966 8842
is_linear=0
shrinkage=0.03


Tree=177
num_leaves=15
num_cat=2
split_feature=10 10 10 9 0 1 1 2 10 12 2 12 2 0
split_gain=20071.3 30111.6 14461.4 16945.3 14801.1 11388.1 11803.2 13284.2 11754.6 9739.61 9009.65 14175.1 16421.7 13557.2
threshold=0.82120607435980486 0.90372711552493334 0.97119576682951958 74.500000000000014 0 9.5000000000000018 14.500000000000002 2.5000000000000004 1.0479853145160096 1.0222447880274059 1.0000000180025095e-35 1.032817921528111 2.5000000000000004 1
decision_type=2 2 2 2 1 2 2 2 2 2 2 2 2 1
left_child=-1 -2 -3 -4 10 8 7 -7 -6 -8 -5 13 -13 -12
right_child=1 2 3 4 5 6 9 -9 -10 -11 11 12 -14 -15
leaf_value=-0.00040615344706546849 0.00041645326315195059 -0.00039416298572012438 -0.00019416587713133688 -2.9625706830001445e-05 -0.00014541834927823331 -0.0003577076219626368 0.00010357667852782503 -1.0458060817327866e-05 0.00033824386201117203 -0.00013781665594039068 0.00045614139046203729 0.00015883921601286111 -0.00056632413054484164 8.0717098522670768e-05
leaf_weight=1422989.7096401453 1737540.6923589706 1182577.079760313 2125983.440651536 1828229.4163140059 1570566.3267582655 1761716.2978515625 3425716.998190403 1888199.4306995869 1516376.9841097593 1977596.8509216309 1729420.9949116707 1261203.9553451538 1684368.4323362112 4028835.8032953739
leaf_count=1664 1328 1223 1892 1375 1892 1160 2966 1500 1909 1764 1798 1193 2080 2687
internal_value=0.000454403 0.000632794 0.000377085 0.000531647 0.00077179 5.78434e-05 -0.000478691 -0.00179667 0.00163136 0.000411598 0.00159474 0.00199689 0.000304147 0.00286279
internal_weight=2.91413e+07 2.77183e+07 2.59808e+07 2.47982e+07 2.26722e+07 1.21402e+07 9.05323e+06 3.64992e+06 3.08694e+06 5.40331e+06 1.05321e+07 8.70383e+06 2.94557e+06 5.75826e+06
internal_count=26431 24767 23439 22216 20324 11191 7390 2660 3801 4730 9133 7758 3273 4485
cat_boundaries=0 1 2
cat_threshold=114 66
is_linear=0
shrinkage=0.03


Tree=178
num_leaves=15
num_cat=2
split_feature=11 11 2 10 10 2 10 11 11 10 9 13 0 0
split_gain=10300.1 19604.5 55687.4 29733.1 24486.2 19672.8 15454.3 13529.6 15749.6 18268.7 21474.3 11907.7 15554.3 6183.51
threshold=0.8718556009368803 0.96938913150432404 3.5000000000000004 0.98765159118368373 0.95679863267342224 2.5000000000000004 0.99694253062548166 1.0043317453751401 1.0144223363856211 1.0157067546290344 74.500000000000014 0.90601081397897909 0 1
decision_type=2 2 2 2 2 2 2 2 2 2 2 2 1 1
left_child=-1 2 4 5 -2 -3 -5 -8 -9 -10 -11 12 -12 -13
right_child=1 3 -4 6 -6 -7 7 8 9 10 11 13 -14 -15
leaf_value=0.00026128905777979885 0.00037974120700219957 5.7001055567179207e-05 -0.0012521672563609745 -0.00024366054210097772 -0.00023862400965799868 0.00063376419395587663 0.00014576847637142392 -0.00032815334021272537 0.00031418725114798555 -0.00035571631865071812 0.0001931379990883877 0.00015649557010689039 -0.00061168481119926003 2.5567486878682983e-06
leaf_weight=1334543.5654691458 1518905.1884050369 1181823.2136371136 1264021.4653038979 1170005.4115055799 1519299.2346674204 1169744.1830853224 1699806.0998117924 1485149.1968356371 1149556.1412198544 1068495.5450489521 816624.30107080936 6211672.4290579557 1167651.038803339 6526897.9786063433
leaf_count=1451 1072 934 1332 914 1192 1295 1427 1207 972 1059 1456 6529 1287 4454
internal_value=0.000323374 0.000200431 -0.00166232 0.000539326 0.000539191 0.00374057 0.000185834 0.00038069 0.000144441 0.000404132 0.000138327 0.000436358 -0.00172536 0.000773087
internal_weight=2.92842e+07 2.79497e+07 4.30223e+06 2.36474e+07 3.0382e+06 2.35157e+06 2.12959e+07 2.01259e+07 1.8426e+07 1.69409e+07 1.57913e+07 1.47228e+07 1.98428e+06 1.27386e+07
internal_count=26581 25130 3596 21534 2264 2229 19305 18391 16964 15757 14785 13726 2743 10983
cat_boundaries=0 1 2
cat_threshold=241 357
is_linear=0
shrinkage=0.03


Tree=179
num_leaves=15
num_cat=3
split_feature=3 10 12 12 10 11 11 0 10 12 11 10 0 0
split_gain=8093.78 38323.3 54480.8 56911.9 29543 36651.5 39791.6 29863.2 25145.1 26849.3 19180.5 52747.8 19703.4 18232.1
threshold=1.0000000180025095e-35 0.8854012774121286 0.98075970649359323 0.99504303367625979 1.0169331504814727 1.0216820434357365 1.1306875756434625 0 0.85413796973278877 0.96646321140865099 0.99677933585499845 1.0049949454514786 1 2
decision_type=2 2 2 2 2 2 2 1 2 2 2 2 1 1
left_child=8 -2 -3 -4 7 -6 13 -5 -1 -10 12 -12 -11 -7
right_child=1 2 3 4 5 6 -8 -9 9 10 11 -13 -14 -15
leaf_value=0.00036180910559927313 -0.0012782038962061294 0.00058653150709387682 -0.00098842173994467927 0.00039004162389409387 -0.00055758266334977641 0.00022633851824201882 -0.00065159640373191839 -0.0001423075664485747 -0.00028007784200319047 0.00059144269538611899 -0.00059474234137674999 6.9649721771073027e-05 -1.1133263478416703e-05 -0.0001163825572270183
leaf_weight=1310172.3242937326 1008094.7017768621 979321.01561999321 910757.26669621468 1166158.6490895748 891423.38006091118 1864641.8389998674 816645.77545940876 1012528.009172678 1566666.5350086689 1573555.2910660505 1774114.5283687115 11657939.069377542 1373624.5764006376 1314401.4549691677
leaf_count=1054 1336 1025 1002 809 833 1879 1209 1575 1123 1274 1334 9276 948 1803
internal_value=0.000354646 -0.000339457 0.000284756 -0.000535112 0.000374667 -0.000920539 0.000306582 0.00328 0.000713807 0.000420889 0.000779767 0.000298887 0.00297142 0.00182395
internal_weight=2.922e+07 9.96397e+06 8.95588e+06 7.97656e+06 7.0658e+06 4.88711e+06 3.99569e+06 2.17869e+06 1.92561e+07 1.79459e+07 1.63792e+07 1.34321e+07 2.94718e+06 3.17904e+06
internal_count=26480 11471 10135 9110 8108 5724 4891 2384 15009 13955 12832 10610 2222 3682
cat_boundaries=0 1 2 3
cat_threshold=28 141 472
is_linear=0
shrinkage=0.03


Tree=180
num_leaves=15
num_cat=2
split_feature=14 0 16 3 10 14 10 0 10 14 14 10 11 11
split_gain=16876.9 18653.2 17929.8 13357.8 43503.2 26848.3 15499.2 25544.1 19310.2 24926 17137.2 16516.3 15626.5 46187.4
threshold=1.0741774926236383 0 0.062800227927991045 1.0000000180025095e-35 0.90675470765210653 0.91443092205121779 1.0361774965034085 1 1.1267163222885357 0.98411750405571041 0.94902032388666524 1.1897847251825524 1.0144223363856211 0.99677933585499845
decision_type=2 1 2 2 2 2 2 1 2 2 2 2 2 2
left_child=3 -2 -3 6 -5 -6 10 -8 9 -9 -1 -10 13 -12
right_child=1 2 -4 4 5 -7 7 8 11 -11 12 -13 -14 -15
leaf_value=-9.6580756314235944e-05 0.001517118103408236 0.00059491358699969037 -0.00032402362895084523 -0.0024112799712416632 -0.00050448183643926549 3.8999682746896349e-05 -0.00039436258392420851 5.8839349061485551e-05 0.00038860878075629087 -0.00019957633295556045 0.00033505085771191249 -3.5579349773246451e-05 0.00024216218987882778 -0.00024408914340503192
leaf_weight=1888269.5733411312 510027.165589571 1037606.2688877583 762834.47458839417 1059131.4774868488 1364846.0346293449 6563252.2146892548 1591898.0447360277 3200578.8761930466 1362866.185688138 2114311.5479153395 2853992.3832663298 1066275.0695326328 2219507.6152989864 1762258.67506814
leaf_count=1683 1451 2529 568 1008 1691 6328 820 2581 1218 1485 1748 1079 1306 1015
internal_value=0.000244193 0.00270523 0.00127051 3.39622e-05 -0.000911127 -0.000148241 0.00050427 -0.000345297 0.000366184 -0.000646584 0.00141343 0.00258209 0.00211226 0.00111767
internal_weight=2.93577e+07 2.31047e+06 1.80044e+06 2.70472e+07 8.98723e+06 7.9281e+06 1.806e+07 9.33593e+06 7.74403e+06 5.31489e+06 8.72403e+06 2.42914e+06 6.83576e+06 4.61625e+06
internal_count=26510 4548 3097 21962 9027 8019 12935 7183 6363 4066 5752 2297 4069 2763
cat_boundaries=0 1 2
cat_threshold=176 8
is_linear=0
shrinkage=0.03


Tree=181
num_leaves=15
num_cat=1
split_feature=10 9 0 11 10 10 16 11 16 10 11 11 10 10
split_gain=11038.6 9433.68 12175.8 32827.7 26203.6 21269.5 16966.9 15726.7 16094.4 14323.5 14235.2 32503 13810.5 13181.6
threshold=0.82120607435980486 68.500000000000014 0 1.0486312805951197 1.0658413189851337 1.0439860259432707 0.053814351050768407 1.1097774341648921 0.074945409042165831 1.0366124446983094 1.0149762260337312 1.0305996897562559 1.0214387864575236 1.113019863325601
decision_type=2 2 1 2 2 2 2 2 2 2 2 2 2 2
left_child=-1 -2 3 9 5 10 -5 8 -6 12 -4 -12 -3 -8
right_child=1 2 4 6 7 -7 13 -9 -10 -11 11 -13 -14 -15
leaf_value=-0.00034387661086866366 -0.00018231544023456113 0.00014451221074248815 -0.00020505646283484568 0.00017248038833021949 0.00016621413550446101 -0.00055479350464859899 -0.00026641331184401959 -6.2636532978176785e-05 0.00081788650861322693 0.00024227036624087261 0.00038903659021424688 -0.00037896685519985955 -9.8123379297038556e-05 2.8128526964962035e-06
leaf_weight=1420694.2429823875 1173134.485735178 5263299.8278193474 3637294.5468939543 1138626.4074534178 2097661.6570780277 1040605.0099676847 1853443.9620819092 1949228.172499299 913368.41830265522 2934747.9030156136 1604013.1607676744 1145837.777281642 1599631.1724954844 1692194.0203704834
leaf_count=1667 1063 3612 3708 2146 2690 1000 1019 2357 609 1969 1572 1166 982 1084
internal_value=0.000465942 0.00059664 0.000711612 0.00130225 2.11343e-05 -0.00110639 -0.000763455 0.00170954 0.00306867 0.00228987 -0.000458407 0.00117045 0.00153977 -0.00178662
internal_weight=2.94638e+07 2.80431e+07 2.687e+07 1.44819e+07 1.2388e+07 7.42775e+06 4.68426e+06 4.96026e+06 3.01103e+06 9.79768e+06 6.38715e+06 2.74985e+06 6.86293e+06 3.54564e+06
internal_count=26644 24977 23914 10812 13102 7446 4249 5656 3299 6563 6446 2738 4594 2103
cat_boundaries=0 1
cat_threshold=58
is_linear=0
shrinkage=0.03


Tree=182
num_leaves=15
num_cat=3
split_feature=2 14 16 12 12 0 12 0 10 16 0 10 10 14
split_gain=10446.8 22572.2 16561.4 30393 25966.5 25203.4 22095.8 22773.3 17749.6 19344.7 17158 17922.3 15254 14967.3
threshold=1.0000000180025095e-35 0.99325377257379344 0.066633989729168841 0.98613925267429281 0.99929039374996764 0 0.99913987212100885 1 0.98137359294060911 0.028591112356170421 2 1.0335834421676138 1.0239702552515217 1.0328077751776397
decision_type=2 2 2 2 2 1 2 1 2 2 1 2 2 2
left_child=1 12 3 5 -5 -2 -4 -8 -6 13 -11 -12 -1 -10
right_child=2 -3 6 4 8 -7 7 -9 9 10 11 -13 -14 -15
leaf_value=-0.00038569744170088426 0.00056779027803260061 0.0001744227892016977 -0.00020885263180101427 -0.00044597172952784881 0.00072866382761619991 9.8238759781782103e-05 8.6493106656952503e-05 -0.00012468247907988948 -0.00059972855565712773 0.00040928175289088451 0.00016928634827754633 -0.00011440692046508061 -5.7828469162625344e-05 0.00047379385576041253
leaf_weight=1336865.2230240107 1242139.5434550047 1377489.3186099529 3144517.8997497559 1102313.700237155 874226.82998383045 1013797.7481886148 4033879.908996582 4461536.9043235779 789105.02859914303 2132336.0988769531 2190621.7596802711 2908138.3537538052 2355804.7574737072 297802.65018260479
leaf_count=950 1440 1220 1802 1354 1257 1405 1647 3213 3007 2068 1405 2266 1813 1728
internal_value=0.000137178 -0.001101 0.000396692 0.00115264 0.000461546 0.00430632 -0.000418393 0.000376825 0.000983301 0.000555927 0.00111683 0.000171788 -0.00232356 -0.0031757
internal_weight=2.92606e+07 5.07016e+06 2.41904e+07 1.25505e+07 1.02945e+07 2.25594e+06 1.16399e+07 8.49542e+06 9.19223e+06 8.318e+06 7.2311e+06 5.09876e+06 3.69267e+06 1.08691e+06
internal_count=26575 3983 22592 15930 13085 2845 6662 4860 11731 10474 5739 3671 2763 4735
cat_boundaries=0 1 2 3
cat_threshold=217 88 38
is_linear=0
shrinkage=0.03


Tree=183
num_leaves=15
num_cat=1
split_feature=9 0 11 10 10 16 11 11 12 12 11 10 12 12
split_gain=14367 15144.7 41115.6 29802.7 25491.5 35099.7 12562.9 17011 46528.1 31091.8 30765 16237.3 15327.1 32196.8
threshold=68.500000000000014 0 0.96291343927101836 0.86883337326258692 1.0126286975463843 0.066413331616518564 1.1671507471139435 1.0350458468647956 1.0077918519281821 1.00287161818184 1.0099514182531915 1.0059420147743474 1.0286147346963392 1.01444308625972
decision_type=2 1 2 2 2 2 2 2 2 2 2 2 2 2
left_child=-1 2 -2 -3 -4 -6 7 8 9 11 -10 -5 13 -9
right_child=1 3 4 6 5 -7 -8 12 10 -11 -12 -13 -14 -15
leaf_value=-0.00029551261926306357 0.00048618240251696582 -0.00049135475157972201 -0.00015859609779611956 0.00026861697166186734 -5.6247521322667407e-05 0.00017614450461898059 -0.00024071071434326281 -5.4622714849913442e-05 6.7050143823229087e-05 0.00065601545572378491 -0.00052765791160536157 -0.00014501131226669664 4.0113034526884851e-05 0.00072449479309195204
leaf_weight=1185104.9090605974 1584493.8694652319 1745225.8476507664 2302896.5554095507 1350957.1230714321 3177110.8848320246 3126291.44921875 1450839.4227101803 1225858.4219545126 1166795.2696766853 1184540.1942659616 2284391.763825655 2366815.701336503 3743739.1904287338 1476478.4714456797
leaf_count=1045 1463 1693 1918 1221 3394 1572 1347 1110 1135 1018 1992 1943 4148 1546
internal_value=0.000373883 0.000509933 0.00143401 -1.33677e-05 0.000616384 0.00160325 0.000386724 0.000647891 -0.00024557 0.00163301 -0.00291403 0.000284422 0.00180573 0.00352755
internal_weight=2.93715e+07 2.81864e+07 1.01908e+07 1.79956e+07 8.6063e+06 6.3034e+06 1.62504e+07 1.47996e+07 8.3535e+06 4.90231e+06 3.45119e+06 3.71777e+06 6.44608e+06 2.70234e+06
internal_count=26545 25500 8347 17153 6884 4966 15460 14113 7309 4182 3127 3164 6804 2656
cat_boundaries=0 1
cat_threshold=145
is_linear=0
shrinkage=0.03


Tree=184
num_leaves=15
num_cat=2
split_feature=11 10 11 0 10 14 0 2 10 11 13 1 13 1
split_gain=10339.9 20536.5 18906.9 90939.2 28048.9 11091.6 15199 18481.4 18191.5 17183.1 14995.9 12479.3 7430.33 9593.77
threshold=0.9093237613342906 0.81125270481118339 0.96938913150432404 0 0.98137359294060911 0.87740810827334437 1 4.5000000000000009 1.0404380744152888 1.0702650376535423 0.95588032871840678 13.500000000000002 1.0108837424179125 13.500000000000002
decision_type=2 2 2 1 2 2 1 2 2 2 2 2 2 2
left_child=1 -1 3 -2 -4 10 8 12 -7 -10 -6 -9 13 -8
right_child=2 -3 4 -5 5 6 7 11 9 -11 -12 -13 -14 -15
leaf_value=-0.00013969269795312397 -0.0011740171987524063 0.00040094436481796206 0.00043155848594695359 0.00010660777562776345 -0.00044184806835596108 0.00062294557243221336 -5.1410120710417204e-05 0.00040195573120854218 -0.00024578828286757478 0.00035477455680063736 5.8211095672547496e-05 3.1952081196118048e-05 -0.00011166351142990718 9.2834537857457085e-05
leaf_weight=1082837.642652154 1163039.3289395571 1215781.2280005217 1490878.3710384369 2142349.0007568598 1547153.0742678642 996155.48176133633 3242261.450173974 1279840.0405577421 1014690.6895724535 1484966.354771018 904166.46577394009 1641471.289494276 6450140.3694391251 3480867.9667515755
leaf_count=1252 950 921 1524 1914 1869 977 2478 1952 1053 1638 868 1888 4925 2319
internal_value=0.000317748 0.00224883 0.000152355 -0.00197226 0.000450779 0.000181413 0.000419466 3.00245e-05 0.00221243 0.000846267 -0.00172106 0.0021888 -0.000448706 0.000249169
internal_weight=2.91366e+07 2.29862e+06 2.6838e+07 3.30539e+06 2.35326e+07 2.20417e+07 1.95904e+07 1.60946e+07 3.49581e+06 2.49966e+06 2.45132e+06 2.92131e+06 1.31733e+07 6.72313e+06
internal_count=26528 2173 24355 2864 21491 19967 17230 13562 3668 2691 2737 3840 9722 4797
cat_boundaries=0 1 2
cat_threshold=78 66
is_linear=0
shrinkage=0.03


Tree=185
num_leaves=15
num_cat=0
split_feature=3 12 14 11 1 11 11 10 10 9 1 14 14 12
split_gain=12587.6 23010 14719.7 12525.7 26802 16203.1 22790 33313.1 17553.8 12316.6 17806.1 44144.1 29501.9 17090
threshold=2.5000000000000004 0.99977566849591148 1.0032777294000772 0.94087527417298034 15.500000000000002 0.96938913150432404 1.0001372609616839 1.0064121020445238 1.0157067546290344 74.500000000000014 8.5000000000000018 0.9693596859299255 0.87740810827334437 1.0671690946621852
decision_type=2 2 2 2 2 2 2 2 2 2 2 2 2 2
left_child=3 -2 -3 4 -1 -5 -7 -8 -9 -10 11 -11 -12 -14
right_child=1 2 -4 5 -6 6 7 8 9 10 12 -13 13 -15
leaf_value=8.6874471924975185e-06 -0.0011060467156223017 -0.00020774768044233731 0.00026045135807044957 -0.00015127592327937814 0.00043773332080435475 0.00022367906639000172 -0.00044684493882147304 0.00026266427937743987 -0.00024247265019914155 0.00054400870047255411 -0.00034663261773246835 -4.7178576490880262e-05 6.855920996063271e-06 0.00027308444927396427
leaf_weight=2005564.8567744493 879635.15397167206 1023001.69224298 915531.80818343163 1671309.6892032623 1279066.0433063507 2785049.7080397606 2079714.0670427084 1277827.3615061045 1163459.1145323515 1192022.2330709696 1740189.7066855431 1527897.4754626751 7567644.3931634426 2077794.7804746628
leaf_count=1659 1419 1452 1536 1343 1016 2218 1691 933 1017 1523 1417 1990 5410 1824
internal_value=0.000393332 -0.00151239 0.000313652 0.000597016 0.00233038 0.000350363 0.000572427 0.000193968 0.000643755 0.000361084 0.000605788 0.00278656 8.48214e-05 0.000733464
internal_weight=2.91857e+07 2.81817e+06 1.93853e+06 2.63675e+07 3.28463e+06 2.30829e+07 2.14116e+07 1.86265e+07 1.65468e+07 1.5269e+07 1.41055e+07 2.71992e+06 1.13856e+07 9.64544e+06
internal_count=26448 4407 2988 22041 2675 19366 18023 15805 14114 13181 12164 3513 8651 7234
is_linear=0
shrinkage=0.03


Tree=186
num_leaves=15
num_cat=1
split_feature=16 12 16 12 13 10 0 2 16 10 13 12 10 13
split_gain=7348.07 34180.1 26306.1 13681.9 30492.1 22217.9 13268.2 17866.2 14429.9 17532.6 11795 16534.7 10832.2 8236.88
threshold=0.053399646997152321 0.98075970649359323 0.049930599699384785 1.0049158022346554 0.95855750922717264 0.99694253062548166 0 1.5000000000000002 0.08093095206115429 1.0433061272440407 1.0523207149962668 1.0375626961833271 0.98553520411782791 1.1600159955609464
decision_type=2 2 2 2 2 2 1 2 2 2 2 2 2 2
left_child=1 -1 13 4 12 -6 7 -5 9 -9 11 -8 -2 -3
right_child=3 2 -4 6 5 -7 10 8 -10 -11 -12 -13 -14 -15
leaf_value=0.0011933526174284692 0.00028757959563471602 -0.00023796150322807737 0.00035099801802482739 0.00017157821198253382 -0.00051322431540566909 -5.8103203437702037e-05 0.00016172823817673697 0.00025930625349316418 -0.0001068657707180282 -7.9602663595769495e-05 -0.00038370756321983541 -0.00022124371084966067 -5.139749469595235e-05 0.00056151125605030379
leaf_weight=857524.03126752377 1663883.6592407227 3283304.8273304701 1260632.8091068268 2897648.2195739746 1886683.7233276367 3691344.195892334 2393855.1079711914 1885909.164100647 1885100.7907664776 1846644.6099202633 1524783.1070556641 2086964.7443237305 1643719.4182128906 425089.99513041973
leaf_count=1874 1052 7752 879 1559 1023 1950 1533 1064 1047 1385 1081 1412 952 2000
internal_value=5.12417e-05 0.00100455 5.00194e-05 -0.000186064 -0.00111328 -0.00246656 0.000381316 0.00114288 0.00015596 0.0012365 -0.000698504 7.7058e-05 0.00116893 -0.00122265
internal_weight=2.92331e+07 5.82655e+06 4.96903e+06 2.34065e+07 8.88563e+06 5.57803e+06 1.45209e+07 8.5153e+06 5.61765e+06 3.73255e+06 6.0056e+06 4.48082e+06 3.3076e+06 3.70839e+06
internal_count=26563 12505 10631 14058 4977 2973 9081 5055 3496 2449 4026 2945 2004 9752
cat_boundaries=0 1
cat_threshold=372
is_linear=0
shrinkage=0.03


Tree=187
num_leaves=15
num_cat=3
split_feature=16 12 12 11 0 11 12 12 10 11 12 0 2 0
split_gain=8772.68 57812.5 17499.8 13801.2 45266.9 17002.4 13637.8 18051.2 14769 47285.7 23620.7 16113.7 15660.8 10046.7
threshold=0.05321402035528975 0.98075970649359323 1.0557143713395758 0.96938913150432404 0 0.99469405307571501 0.99977566849591148 1.0077918519281821 1.0157067546290344 1.0311932712351803 1.0281187774485046 1 2.5000000000000004 2
decision_type=2 2 2 2 1 2 2 2 2 2 2 1 2 1
left_child=1 -1 13 4 -2 -5 -7 -8 -9 -10 -11 -12 -13 -3
right_child=3 2 -4 5 -6 6 7 8 9 10 11 12 -14 -15
leaf_value=0.0014152980406669353 5.4376955120764355e-05 0.00030989102617031116 0.0004250345359717259 0.00028033330555748943 -0.00056023845771131016 -0.00015030013225361734 0.00013382215830090737 0.00016427345362063727 -0.00038931825567225798 0.00034312827392095151 -0.00035471030364286736 0.00013546507939790064 -0.00017387775395359315 -0.00021405389685851743
leaf_weight=794401.71797013283 2250717.6590576172 933257.74631655216 946283.48380208015 1757529.3602600098 2247674.9733276367 2131152.5692138672 3102802.3893890381 1601754.8096008301 2142637.7358193398 2091010.0105133057 1833979.663482666 2297907.1792907715 2020873.2177550793 2954495.2961081266
leaf_count=1850 1335 3110 2339 1055 1325 1245 1532 979 1154 1393 1235 1363 1473 5034
internal_value=8.99284e-05 0.00115365 -7.88932e-05 -0.000165081 -0.00165913 0.000189025 -9.78155e-05 0.000219432 -0.000308425 -0.000721936 0.000310029 -0.000626125 0.00037434 -0.000969415
internal_weight=2.91065e+07 5.62844e+06 4.83404e+06 2.3478e+07 4.49839e+06 1.89796e+07 1.72221e+07 1.5091e+07 1.19882e+07 1.03864e+07 8.24377e+06 6.15276e+06 4.31878e+06 3.88775e+06
internal_count=26422 12333 10483 14089 2660 11429 10374 9129 7597 6618 5464 4071 2836 8144
cat_boundaries=0 1 2 3
cat_threshold=401 138 418
is_linear=0
shrinkage=0.03


Tree=188
num_leaves=15
num_cat=0
split_feature=12 2 10 16 14 12 10 13 1 14 10 2 13 13
split_gain=8567.83 48803.7 27387 19845.7 18985.6 16338.8 18196.8 15692 14937 12440.6 19125.7 10961.9 22742.7 17769.7
threshold=0.98075970649359323 1.5000000000000002 0.91803706662057427 0.064391008892545815 0.88037675086529255 1.0015572315294419 0.99547996673316497 0.87404251191269666 19.500000000000004 0.96285834646787205 1.0439860259432707 4.5000000000000009 1.0550214677430187 1.0077947430343481
decision_type=2 2 2 2 2 2 2 2 2 2 2 2 2 2
left_child=1 -1 -2 -3 7 -6 -7 -4 9 10 -8 12 -11 -13
right_child=2 3 4 -5 5 6 8 -9 -10 11 -12 13 -14 -15
leaf_value=-0.00023358794012156631 -0.00046014131969821062 0.00069234971087530381 -0.0013075838110665327 8.7980484794226771e-05 0.0002597386900443838 -0.00033546397156527955 -0.00019369421560158629 -5.2069851784574147e-05 -0.0002823539891900279 7.1916537327386369e-05 4.5279772318855148e-05 -7.308075988028032e-05 -0.00021459832600738437 0.00044331672632830677
leaf_weight=1496653.3034181595 1826504.7770762444 1319428.6606522799 900056.33108341694 1494554.0144042969 3490070.1158277988 2051918.8369323015 1280039.7261451483 1556092.9407881498 1388539.75477314 5350732.2986398935 2342200.4000840187 814763.08911645412 2875430.2842072248 1012067.9731246233
leaf_count=1185 1492 1871 1291 920 2932 1860 999 1459 2627 3300 1882 969 2341 1311
internal_value=0.000285221 0.00152003 7.13538e-05 0.003848 0.000351418 0.000648598 0.00026713 -0.00214176 0.000628153 0.000929175 0.00243659 0.000386031 -8.08084e-05 0.00248819
internal_weight=2.91991e+07 4.31064e+06 2.48884e+07 2.81398e+06 2.30619e+07 2.06058e+07 1.71157e+07 2.45615e+06 1.50638e+07 1.36752e+07 3.62224e+06 1.0053e+07 8.22616e+06 1.82683e+06
internal_count=26439 3976 22463 2791 20971 18221 15289 2750 13429 10802 2881 7921 5641 2280
is_linear=0
shrinkage=0.03


Tree=189
num_leaves=15
num_cat=3
split_feature=11 9 9 16 16 12 12 0 0 1 0 11 12 12
split_gain=10782.8 11640.3 22204.8 38699.2 26514.9 35831.3 35652 40973.8 18829.7 16632.2 18249 19644.7 11602.8 10015.5
threshold=1.1671507471139435 68.500000000000014 89.500000000000014 0.068187999090089851 0.052673485965430346 0.98075970649359323 0.99977566849591148 0 1 8.5000000000000018 2 1.028352128358649 1.0317115303107665 1.0149511273734639
decision_type=2 2 2 2 2 2 2 1 1 2 1 2 2 2
left_child=1 -1 3 8 5 -4 7 -6 -3 -8 12 -12 13 -11
right_child=-2 2 4 -5 6 -7 9 -9 -10 10 11 -13 -14 -15
leaf_value=-0.00026381120755120666 -0.00021381030186265755 -0.00027960366545036139 0.0013287179676886945 0.00052381285767280996 8.8925877919476842e-05 0.00010156948781633462 0.00015294749616540153 -0.00031722877497991869 0.00011176565586789859 3.0364150334100064e-05 6.8512674885264221e-05 -0.00045419821601321275 -3.9277475440955021e-05 0.00026288102524224874
leaf_weight=1133445.3521815538 1740058.4363164902 934906.88000011444 788724.32905578613 1443065.9705104828 2291323.9518127441 3500227.5398771763 2078321.0804362297 3597313.701965332 1081429.3777675629 2073003.7086791992 1708231.2132263184 2240365.2322018147 2509597.9906921387 2076779.0942382812
leaf_count=1038 1805 1031 1844 794 1803 7712 947 1671 1309 956 1195 1566 1673 1198
internal_value=8.52032e-05 0.00023034 0.000358516 0.00259852 1.95939e-05 0.00214567 -0.000471318 -0.00240044 -8.57936e-05 0.000424128 -5.66759e-05 -0.00167259 0.000901464 0.00187528
internal_weight=2.91968e+07 2.74567e+07 2.63233e+07 3.4594e+06 2.28639e+07 4.28895e+06 1.85749e+07 5.88864e+06 2.01634e+06 1.26863e+07 1.0608e+07 3.9486e+06 6.65938e+06 4.14978e+06
internal_count=26542 24737 23699 3134 20565 9556 11009 3474 2340 7535 6588 2761 3827 2154
cat_boundaries=0 1 2 3
cat_threshold=387 77 118
is_linear=0
shrinkage=0.03


Tree=190
num_leaves=15
num_cat=2
split_feature=10 10 10 10 9 16 13 10 11 0 2 13 14 0
split_gain=13306.1 21162.8 11199.6 13180.1 16143.5 12462.4 10004.5 13116 17581.8 19007.3 12407 14981.4 12146.5 12400.8
threshold=0.82120607435980486 0.89318320856760713 0.96771506909300131 0.98873969880633472 69.500000000000014 0.095502099787826242 0.94242386084695129 1.0283647253166985 1.0481177777849275 0 4.5000000000000009 1.0927235821103629 0.94106612061843942 1
decision_type=2 2 2 2 2 2 2 2 2 1 2 2 2 1
left_child=-1 -2 -3 -4 -5 6 7 -6 -9 -10 12 -12 13 -8
right_child=1 2 3 4 5 -7 10 8 9 -11 11 -13 -14 -15
leaf_value=-0.00037216955384888613 0.00042527839943974594 -0.00056900494383241654 0.0002575821464629279 -0.00028964917182509458 -0.00041947020718215074 0.00013816467162193884 0.00015042512221509531 0.00030474446942161477 -0.00069944075128637422 7.5346605218727165e-05 6.393792980562859e-05 0.0010010942792814876 -4.9211732297719853e-05 -1.1442028344556807e-05
leaf_weight=1406774.5095301867 1577805.0232294798 1122570.2098423243 2136576.548735261 1167916.8009836674 1217820.9251843691 1296238.0730001926 1322080.6245951653 1283393.1544449329 919457.17774093151 1171206.9242523909 2046297.8407222033 791870.64275372028 10233745.108199716 1423853.2267264128
leaf_count=1646 1170 1164 1833 1066 1307 644 736 1300 929 1791 2265 1449 7748 1394
internal_value=0.000187306 0.000331802 0.000128091 0.000259666 4.91867e-05 0.000234057 5.28988e-05 -0.00117986 -0.000216607 -0.00191334 0.000410767 0.00220754 1.788e-05 0.00178957
internal_weight=2.91176e+07 2.77108e+07 2.6133e+07 2.50105e+07 2.28739e+07 2.1706e+07 2.04097e+07 4.59188e+06 3.37406e+06 2.09066e+06 1.58178e+07 2.83817e+06 1.29797e+07 2.74593e+06
internal_count=26442 24796 23626 22462 20629 19563 18919 5327 4020 2720 13592 3714 9878 2130
cat_boundaries=0 1 2
cat_threshold=11 25
is_linear=0
shrinkage=0.03


Tree=191
num_leaves=15
num_cat=0
split_feature=10 11 11 11 1 1 10 16 16 2 16 2 1 14
split_gain=16392.9 21383.9 29451.1 14187.9 14307.5 21242.1 13334.5 11876.4 10364.8 18819.1 9144.44 9447.8 13813.5 14073.7
threshold=1.0658413189851337 1.0481177777849275 1.0594868768083783 1.1847991086997858 16.500000000000004 10.500000000000002 1.1097059186469014 0.08093095206115429 0.070340276199253635 2.5000000000000004 0.074945409042165831 1.0000000180025095e-35 7.5000000000000009 1.0145702483347725
decision_type=2 2 2 2 2 2 2 2 2 2 2 2 2 2
left_child=1 7 -3 4 5 8 -6 10 9 -2 11 -1 13 -13
right_child=3 2 -4 -5 6 -7 -8 -9 -10 -11 -12 12 -14 -15
leaf_value=-0.0001384212625059698 -0.00043596455378912524 -0.00069235533122120744 1.6221359430625145e-05 -0.00018684845923031541 0.00055242500058999382 -4.1819994023951747e-05 0.000134519761852859 -7.4200772964061682e-05 0.00040403228179213137 0.00036999076522104327 0.0002075582310329203 -0.00085689481809602156 0.00012651423812436562 0.00027219897949570685
leaf_weight=2133883.9785075188 708017.65703868866 1142105.5829879045 1136252.4062463045 1059795.1942094564 1210240.1882386208 2976779.2281540632 1332985.2219569683 4371373.811882019 981354.28835606575 722831.44689416885 1381020.8968935013 871259.449411273 8730587.4579474926 475841.77186739445
leaf_count=1812 1076 927 1100 1108 1272 2403 1536 1993 498 1507 833 1697 7271 1484
internal_value=0.000392635 -8.08442e-05 -0.00281879 0.00145851 0.00189408 0.00101881 0.00374875 0.000266408 0.00311115 0.00148256 0.00070385 0.000442175 0.000826152 -0.00200142
internal_weight=2.92343e+07 2.02423e+07 2.27836e+06 8.992e+06 7.93221e+06 5.38898e+06 2.54323e+06 1.7964e+07 2.4122e+06 1.43085e+06 1.35926e+07 1.22116e+07 1.00777e+07 1.3471e+06
internal_count=26517 17117 2027 9400 8292 5484 2808 15090 3081 2583 13097 12264 10452 3181
is_linear=0
shrinkage=0.03


Tree=192
num_leaves=15
num_cat=0
split_feature=11 10 10 12 10 10 12 10 1 14 1 12 10 12
split_gain=10766.6 16622.7 10430.9 43449.4 21275 26324.7 24355.6 20526.2 21950 35889.6 23543.7 26565.5 22603.6 19552.6
threshold=0.8718556009368803 0.91803706662057427 0.98873969880633472 1.0081464412505341 1.0293999222527417 1.0157067546290344 1.0084215893317665 1.0358161514028457 8.5000000000000018 0.9693596859299255 16.500000000000004 1.0131860351239512 1.0821230818239316 1.0470769130312347
decision_type=2 2 2 2 2 2 2 2 2 2 2 2 2 2
left_child=-1 -2 3 -3 5 6 -4 -6 9 -9 13 -12 -13 -10
right_child=1 2 4 -5 7 -7 -8 8 10 -11 11 12 -14 -15
leaf_value=0.00028950899237046332 -0.00029432272611918823 2.8222357963750279e-07 -8.1975197906504878e-05 -0.00030639964454153712 0.00029018408397030442 -0.00032821486729895988 0.00034283373028568806 0.00046252427576784895 -0.00013883727699029027 -3.5468726822545547e-06 0.00044155384149642811 -0.0002741431188559944 0.00021128281354484569 8.7342731914537568e-05
leaf_weight=1346912.5326769352 2213609.7610896826 1631924.6724038124 3000249.0971646309 1176143.8585127592 1278966.4447478056 2932621.2109962702 1328807.8568401337 1260599.6280115843 4504126.9743700027 1387464.8634557724 1369933.9297170639 1151157.5864598751 2062165.6195054054 2594189.5940926075
leaf_count=1470 1782 1382 2439 1282 989 2412 1156 1705 3072 2218 1271 969 2298 2074
internal_value=0.000377892 0.000251386 0.000466416 0.00219198 0.000254547 -0.00108693 0.000399743 0.000878651 0.000553634 0.00301972 -5.39575e-06 0.0016707 0.000179397 -0.00108762
internal_weight=2.92389e+07 2.7892e+07 2.56784e+07 2.80807e+06 2.28703e+07 7.26168e+06 4.32906e+06 1.56086e+07 1.43296e+07 2.64806e+06 1.16816e+07 4.58326e+06 3.21332e+06 7.09832e+06
internal_count=26519 25049 23267 2664 20603 6007 3595 14596 13607 3923 9684 4538 3267 5146
is_linear=0
shrinkage=0.03


Tree=193
num_leaves=15
num_cat=2
split_feature=10 11 11 11 11 0 11 11 16 1 11 10 11 0
split_gain=10478.8 20777.4 13830.3 13741.9 14140.1 8818.24 16763.2 20891.5 14127.5 13926.1 13479.7 17413.5 15062.4 12648.9
threshold=0.80264756421392891 0.9093237613342906 0.93688309830656225 0.96291343927101836 0.97755348269850095 0 1.0201167971050777 1.026438361650045 0.069947367393446425 12.500000000000002 1.1696842455756711 1.1393889361136644 1.0486312805951197 1
decision_type=2 2 2 2 2 1 2 2 2 2 2 2 2 1
left_child=-1 -2 -3 -4 -5 6 8 -8 9 -6 11 12 -9 -14
right_child=1 2 3 4 5 -7 7 10 -10 -11 -12 -13 13 -15
leaf_value=-0.00025877663707892022 0.00039609866001179115 -0.00039004092814065887 0.00028516832965838038 -0.0002288352985609508 0.00032491555780435967 -2.8000397682038504e-05 -0.00028979065054419084 0.00012935074717966081 1.1046440789829e-05 0.00012690748768966735 -0.00031743807576005428 0.0005538986802440405 0.00023170600539775094 -0.00014677805662485508
leaf_weight=1129337.7415935993 1312397.7094925642 1168472.3209069967 1188260.4415738583 1377838.5518385172 1104325.5468223095 10175094.907034636 1133939.1181912422 2030217.6307835579 1636004.5888366699 1340315.6352763176 976100.98415231705 1185559.5444835424 1009978.440005064 2437306.3796380758
leaf_count=1376 997 962 1130 1171 1260 8957 832 1909 754 1126 1032 1539 1846 1683
internal_value=0.00032238 0.00043635 0.000255628 0.000401341 0.000247961 0.000424587 0.000946899 0.000208021 0.00253544 0.00397946 0.00077205 0.00125439 0.00054088 -0.000666404
internal_weight=2.92051e+07 2.80758e+07 2.67634e+07 2.55949e+07 2.44067e+07 2.30288e+07 1.28537e+07 8.7731e+06 4.08065e+06 2.44464e+06 7.63916e+06 6.66306e+06 5.4775e+06 3.44728e+06
internal_count=26574 25198 24201 23239 22109 20938 11981 8841 3140 2386 8009 6977 5438 3529
cat_boundaries=0 1 2
cat_threshold=115 96
is_linear=0
shrinkage=0.03


Tree=194
num_leaves=15
num_cat=2
split_feature=16 12 11 11 11 1 9 9 12 0 0 12 10 12
split_gain=10117.8 18610.8 9451.78 12578.2 25598.5 11166.1 28015.9 18673.1 32647.2 28827.8 25805.6 30210.1 18687.8 13596.9
threshold=0.085638666222475901 1.0175172891964588 0.8718556009368803 0.93688309830656225 0.96291343927101836 18.500000000000004 89.500000000000014 89.500000000000014 0.9986158363148413 0 1 1.0077918519281821 1.021163124821922 1.0218310413711047
decision_type=2 2 2 2 2 2 2 2 2 1 1 2 2 2
left_child=2 -2 -1 -4 -5 7 -7 9 -9 -6 -10 -12 -13 -8
right_child=1 -3 3 4 5 6 13 8 10 -11 11 12 -14 -15
leaf_value=0.00031073805552357301 -0.00022175807966602474 4.7829382663039777e-05 -0.00025019516252414354 0.00047511939930787824 -5.0124522674174371e-05 -0.00084624286133698598 0.00028345478349605405 -0.0002266789086008 -0.00019022788932838628 0.00033511991852333968 0.00029784661539543176 0.00030293678400495234 5.7523630059317792e-06 -0.00025470970982756846
leaf_weight=1126332.6028912067 2556898.7149353027 2055353.5009902716 1960677.2949783802 1019017.023794055 1323369.9723360538 717994.13100981712 1535714.5018215179 2030465.723732233 2618565.44171381 1863788.6032731533 1770545.8629745245 1181845.0672138929 5962028.5329384804 1455513.8807258606
leaf_count=1329 1106 1135 1763 1045 1245 995 2102 1767 3121 1544 1097 1022 5070 2151
internal_value=0.000299124 -0.000990149 0.000541186 0.000412191 0.000622159 0.000391026 -0.00109831 0.000720823 0.000235276 0.00278714 0.000852846 0.00162196 0.000752528 0.00017906
internal_weight=2.91781e+07 4.61225e+06 2.45659e+07 2.34395e+07 2.14788e+07 2.04598e+07 3.70922e+06 1.67506e+07 1.35635e+07 3.18716e+06 1.1533e+07 8.91442e+06 7.14387e+06 2.99123e+06
internal_count=26492 2241 24251 22922 21159 20114 5248 14866 12077 2789 10310 7189 6092 4253
cat_boundaries=0 1 2
cat_threshold=325 385
is_linear=0
shrinkage=0.03


Tree=195
num_leaves=15
num_cat=0
split_feature=10 10 11 10 14 12 12 16 12 16 12 10 14 12
split_gain=9929.08 14222.1 8852.77 8707.16 7821.94 13516.1 9733.93 8251.84 14395 7043.48 18326.1 10949.1 10599.7 16145.8
threshold=0.82120607435980486 0.89318320856760713 1.1671507471139435 1.1541225501345296 1.0718390357772687 1.0015572315294419 1.024112885485482 0.031094538954865185 1.0017672621402147 0.052190683376536789 0.9689176920627357 1.1037060526275941 0.95940982542196973 1.0017672621402147
decision_type=2 2 2 2 2 2 2 2 2 2 2 2 2 2
left_child=-1 -2 3 4 7 -6 -7 8 -3 -9 -11 12 -12 -14
right_child=1 2 -4 -5 5 6 -8 9 -10 10 11 -13 13 -15
leaf_value=-0.00024984051896344354 0.00018166653751222628 0.00029077894194980445 -0.00014700903618896789 0.00043775384092981356 0.0012955207591094473 -0.00030883020606828939 0.0003097119077054728 0.00017453261963272672 -0.00044178267079461028 -0.000178187021813298 0.00014191652104118219 -0.00017880323072950167 0.00020482532047260901 -3.5273020851966102e-05
leaf_weight=1452664.7480490208 1602799.7538862228 412819.74711382389 1733817.5361771584 1152592.8924953938 552949.18177056313 516012.00455665588 671805.14301502705 2065178.1831758022 1011844.0254198313 1901451.5290222168 3707215.3584299088 2091423.5814819336 2459555.7696838379 7886576.0852360725
leaf_count=1673 1184 1329 1798 1569 1055 1084 1222 2078 3444 1033 2189 1339 1268 4257
internal_value=0.0002437 0.000370195 0.000202144 0.000349158 0.000223127 0.00215745 0.000353833 6.67749e-05 -0.0021396 0.000223071 3.31473e-05 0.000361235 0.000662623 0.000169433
internal_weight=2.92187e+07 2.7766e+07 2.61632e+07 2.44294e+07 2.32768e+07 1.74077e+06 1.18782e+06 2.15361e+07 1.42466e+06 2.01114e+07 1.80462e+07 1.61448e+07 1.40533e+07 1.03461e+07
internal_count=26522 24849 23665 21867 20298 3361 2306 16937 4773 12164 10086 9053 7714 5525
is_linear=0
shrinkage=0.03


Tree=196
num_leaves=15
num_cat=1
split_feature=10 12 2 3 11 11 12 9 10 12 2 12 1 0
split_gain=10219.8 10425.5 61132.8 24028.3 97407.5 33526 30708.8 27160 27035.4 32311.2 28346 19227.2 17286.6 13277.7
threshold=0.82120607435980486 0.98075970649359323 2.5000000000000004 1.0000000180025095e-35 0.97496938264852517 1.1267345063990362 0.99442375237442071 80.500000000000014 1.0059420147743474 1.0213035412072564 4.5000000000000009 1.0901776295687793 14.500000000000002 0
decision_type=2 2 2 2 2 2 2 2 2 2 2 2 2 1
left_child=-1 2 -2 6 -5 7 -3 -6 -9 10 -10 13 -11 -8
right_child=1 3 -4 4 5 -7 11 8 9 12 -12 -13 -14 -15
leaf_value=-0.00032460657589527745 -0.00015601953962726412 0.00035063604680894754 0.00049301751501812136 -0.0022068674481384985 -0.0005180021164820427 -0.00057981406991829815 4.9773633657311639e-05 0.00043040121955165037 -0.0014806343444645695 0.00037377148149872605 0.00019169523996998811 0.00022110183294430389 -3.5765417006680977e-05 -0.00012557389882963217
leaf_weight=1396235.4680228233 1532872.5167987347 1583414.0175669193 1659364.7923529148 910665.08516740799 947513.80162382126 899433.20171308517 7629821.1515944004 1330836.1281242371 1186954.8171947002 1137925.7843555212 993628.620834589 1674404.6772511005 987798.49462807178 5541046.2769687176
leaf_count=1655 1159 1086 1522 996 999 1323 5947 1414 987 1329 1420 1366 991 4333
internal_value=0.000220583 0.000345425 0.00195923 0.000137893 -0.00116782 -4.05664e-05 0.000805091 0.000701531 0.00149145 0.000336488 -0.00222925 0.000381493 0.00296844 -3.46086e-06
internal_weight=2.94119e+07 2.80157e+07 3.19224e+06 2.48234e+07 8.39476e+06 7.48409e+06 1.64287e+07 6.58466e+06 5.63714e+06 4.30631e+06 2.18058e+06 1.48453e+07 2.12572e+06 1.31709e+07
internal_count=26527 24872 2681 22191 9459 8463 12732 7140 6141 4727 2407 11646 2320 10280
cat_boundaries=0 1
cat_threshold=370
is_linear=0
shrinkage=0.03


Tree=197
num_leaves=15
num_cat=2
split_feature=14 0 13 11 0 3 13 12 1 12 12 3 11 10
split_gain=10678.1 29395.8 13732.9 24626.3 18128.1 15388.2 14771.8 12286.9 17716.7 12307.9 11783.7 11323.1 10858.5 10523.2
threshold=1.0835609173153526 0 1.0108837424179125 0.97496938264852517 1 1.5000000000000002 0.89457736787766307 1.0107535664831071 16.500000000000004 1.0017672621402147 1.0137968994692892 1.5000000000000002 0.96092504511688037 0.99547996673316497
decision_type=2 1 2 2 1 2 2 2 2 2 2 2 2 2
left_child=2 -2 5 -4 -5 12 -7 9 -9 -6 -8 -3 -1 -14
right_child=1 11 3 4 7 6 10 8 -10 -11 -12 -13 13 -15
leaf_value=0.00016764118929321343 -0.0024612006274256897 0.00022556233916951914 -0.00040742034594749572 0.00021477341310238428 -3.218187805345853e-05 -0.0010998808863689705 0.00034275249974270147 8.7534489485553021e-05 -0.0002272997052970215 -0.00032258705002713412 -0.00024639218659998769 -0.0011284491981868347 -0.00012326625444611977 7.6467562067542545e-05
leaf_weight=2588558.1356550455 663063.13312292099 865392.01071608067 1478968.2102841139 1869791.0132610798 1716277.0371063948 967850.83016645908 934639.00008261204 2761186.8951827288 1257913.8965051174 1844788.2177729607 952397.40746867657 443746.01537966728 1685096.6627365351 9258732.4313136339
leaf_count=1738 1113 1770 1239 1750 1291 1534 962 2221 1155 1188 1140 1312 1238 6918
internal_value=0.000131954 0.0022638 -2.1963e-05 -0.000845641 -0.000282266 0.00052736 -0.00147414 -0.000934854 0.000202059 -0.002218 7.13219e-05 -0.000342815 0.00094961 0.000536312
internal_weight=2.92884e+07 1.9722e+06 2.73162e+07 1.09289e+07 9.44996e+06 1.63873e+07 2.85489e+06 7.58017e+06 4.0191e+06 3.56107e+06 1.88704e+06 1.30914e+06 1.35324e+07 1.09438e+07
internal_count=26569 4195 22374 8844 7605 13530 3636 5855 3376 2479 2102 3082 9894 8156
cat_boundaries=0 1 2
cat_threshold=21 66
is_linear=0
shrinkage=0.03


Tree=198
num_leaves=15
num_cat=0
split_feature=14 13 13 3 12 11 11 1 12 12 12 12 14 12
split_gain=8220.92 30388.1 20245.6 7677.94 29488.2 83528 31171 19414 18233.6 23532.5 17300.8 13567.5 11633.9 9142.61
threshold=1.0941156038416191 1.2906392997433325 1.0822788106865204 1.0000000180025095e-35 0.98075970649359323 0.99884827123419984 1.1088402703233367 17.500000000000004 0.95565302303404753 0.99442375237442071 1.0735842439152392 1.0173151576393422 1.0384186471561574 1.0039311402383728
decision_type=2 2 2 2 2 2 2 2 2 2 2 2 2 2
left_child=3 2 -2 8 -5 -6 7 11 -1 -10 12 -7 13 -11
right_child=1 -3 -4 4 5 6 -8 -9 9 10 -12 -13 -14 -15
leaf_value=-0.00022542270700612958 0.00017668300457578313 -0.0013312004556519322 0.0010246151367446958 0.0003086316853819236 -0.00085228216441415319 8.8177817464292163e-06 -0.00063201010003113563 -0.00021896921599803471 0.000268017296557622 -0.00027002738071512419 0.00023375963917507449 0.00032648829351188905 -0.00027501228329553931 -3.2573428109977672e-05
leaf_weight=1402937.3997575045 686298.13602793217 438574.78736245632 522574.0106818676 1376265.3162817955 1538092.966817975 2158325.3564369678 1141452.7058898211 1131616.1477177143 2953874.124450922 1654080.3343046904 2025538.2219171524 1752679.7739341259 1530851.1560679674 9010911.1776787043
leaf_count=1132 1541 1382 857 1351 1466 1840 1511 1448 1827 1060 1681 1722 1233 6535
internal_value=0.000172792 0.00223162 0.00468576 5.02406e-05 -0.000663771 -0.00138479 0.000171259 0.00118461 0.000399919 0.000668529 0.000162438 0.00218589 -0.000263992 8.70546e-05
internal_weight=2.93241e+07 1.64745e+06 1.20887e+06 2.76766e+07 9.09843e+06 7.72217e+06 6.18407e+06 5.04262e+06 1.85782e+07 1.71753e+07 1.42214e+07 3.91101e+06 1.21958e+07 1.0665e+07
internal_count=26586 3780 2398 22806 9338 7987 6521 5010 13468 12336 10509 3562 8828 7595
is_linear=0
shrinkage=0.03


Tree=199
num_leaves=15
num_cat=2
split_feature=9 2 0 12 12 1 12 12 12 12 11 11 12 0
split_gain=9866.46 8549.75 17778.1 17392.3 14016.6 40358.8 38834.4 11705.6 24661.3 20423.2 13983.2 24624.4 13027.9 24896.7
threshold=68.500000000000014 1.0000000180025095e-35 0 1.0121640620794861 0.98075970649359323 16.500000000000004 0.99504303367625979 1.0017672621402147 1.0045628678959269 1.0077918519281821 1.009134200366411 1.0287142808548067 1.0281187774485046 1
decision_type=2 2 1 2 2 2 2 2 2 2 2 2 2 1
left_child=-1 2 -2 -4 5 -3 -6 -8 -9 -10 -11 -12 13 -13
right_child=1 4 3 -5 6 -7 7 8 9 10 11 12 -14 -15
leaf_value=-0.00018890452760937667 -0.00042665520973878755 4.0756875550976414e-06 -0.00012054536089708605 0.00017147254626601028 -0.00032385542273915722 0.00064891727710678939 0.00026796602145571342 -0.00038830885571554071 0.00038677754021735283 0.00031652305367592143 -0.0002678382732518419 0.00052488066949252286 -0.00012418286834684346 -3.0467397030360149e-05
leaf_weight=1150859.2992229462 1516988.9455522299 2360699.3502912521 1723698.3224340677 1604474.194008708 2232443.8182965517 1075272.2757015228 1645396.3058217764 1175305.6829822063 1534796.3759521246 1584953.9759221077 2241621.4603825808 1305250.9644895792 6620221.5904130936 1301877.7813782692
leaf_count=1056 1242 2219 1204 1370 1982 1063 1366 933 1088 1737 1802 1141 6698 1577
internal_value=0.000182863 0.000295059 -0.000850613 0.000376259 0.000535592 0.0023033 0.000226364 0.000704044 0.000452723 0.000789516 0.000404631 3.96258e-05 0.000724773 0.00252106
internal_weight=2.90739e+07 2.7923e+07 4.84516e+06 3.32817e+06 2.30778e+07 3.43597e+06 1.96419e+07 1.74094e+07 1.5764e+07 1.45887e+07 1.30539e+07 1.1469e+07 9.22735e+06 2.60713e+06
internal_count=26478 25422 3816 2574 21606 3282 18324 16342 14976 14043 12955 11218 9416 2718
cat_boundaries=0 1 2
cat_threshold=138 74
is_linear=0
shrinkage=0.03


Tree=200
num_leaves=15
num_cat=2
split_feature=14 0 16 2 11 0 2 12 11 14 13 1 16 14
split_gain=10156.3 24409.9 18460.4 8935.11 15772.8 18276.1 13383.2 28974.1 70369 23161.3 21642.2 16292.4 15522.3 9643.45
threshold=1.0835609173153526 0 0.055672035124616014 1.0000000180025095e-35 1.0563311894196821 1 3.5000000000000004 0.98075970649359323 0.99677933585499845 0.95010530881576905 0.86444175940752299 17.500000000000004 0.077613742833548924 0.9693596859299255
decision_type=2 1 2 2 2 1 2 2 2 2 2 2 2 2
left_child=3 -2 -3 4 5 -1 10 -8 -9 -10 -5 12 -11 -12
right_child=1 2 -4 6 -6 -7 7 8 9 11 13 -13 -14 -15
leaf_value=-0.00019429886763447384 0.0010838403951392201 0.00055165310625290365 -0.00031294131607872202 0.0004204018001132178 -0.00028502047836840671 9.4720036155665946e-05 0.0002966692484851147 -0.00088236148727498069 -0.00030894802708455733 0.00035637493566774084 9.3291867205814779e-05 -0.00014522819035232449 -1.678678781843425e-05 -5.0695412998444558e-06
leaf_weight=1505586.7510371208 767306.78028166294 500371.07308983803 688102.28965055943 1471701.2805360556 1560311.3583748341 1857959.5304012299 1349015.0536620617 1425888.0718890429 1497504.7343125343 2254700.6648988724 4090196.8779703379 1075751.0167746544 1466597.4645118713 7844683.349696517
leaf_count=1153 1655 1858 638 1574 1326 1124 1306 1368 2016 2284 3058 1324 916 4991
internal_value=0.000258585 0.00234719 -0.000345817 0.000109502 -0.00104795 0.000108506 0.000363067 -0.000526973 -0.00123577 0.000127402 0.000965173 0.00114416 0.00208418 0.000541907
internal_weight=2.93557e+07 1.95578e+06 1.18847e+06 2.73999e+07 4.92386e+06 3.36355e+06 2.2476e+07 9.06946e+06 7.72044e+06 6.29455e+06 1.34066e+07 4.79705e+06 3.7213e+06 1.19349e+07
internal_count=26591 4151 2496 22440 3603 2277 18837 9214 7908 6540 9623 4524 3200 8049
cat_boundaries=0 1 2
cat_threshold=53 358
is_linear=0
shrinkage=0.03


Tree=201
num_leaves=15
num_cat=4
split_feature=12 0 16 12 2 0 13 16 0 0 12 2 12 16
split_gain=18769.1 37196.5 58019.4 18448.2 46623.8 16083.6 13139 15228.6 14993.7 11999.8 11276.8 10760.1 10362.9 13268.5
threshold=0.99504303367625979 0 0.072216170579270766 0.98075970649359323 2.5000000000000004 1 0.87662391150672014 0.088579994534916148 2 3 1.0222447880274059 1.5000000000000002 1.0781710215531561 0.063720597560634681
decision_type=2 1 2 2 2 1 2 2 1 1 2 2 2 2
left_child=1 5 3 4 -3 -1 9 8 10 -2 -8 -10 13 -12
right_child=6 2 -4 -5 -6 -7 7 -9 11 -11 12 -13 -14 -15
leaf_value=0.00074912124628274425 -0.00059823304017562139 -0.00019974761554611507 -0.00053008310548948291 -0.0002154717479432424 0.00060112981585465082 -9.6344797812592159e-06 0.00017888345595982742 -5.3259689101864756e-05 0.00018818217757370258 0.00014893114384572663 -0.00013366182494972925 -9.0751579889284959e-05 0.00023724154848366529 0.00010116510191909477
leaf_weight=886175.4317381382 1227515.9036666155 1082172.8479448557 1837838.8983764648 1211940.3118252754 1092402.3903367519 1120646.0922522545 6417551.2895867825 2594574.1430575848 1779259.6886917353 974210.61014223099 2212334.4356138706 3641769.3352410793 1325943.2846843004 1862600.5516662598
leaf_count=1353 1200 936 817 909 1246 1169 4414 1188 1914 2109 2327 4844 1130 956
internal_value=0.000269798 -0.00105642 -0.00238995 -6.09639e-05 0.00159204 0.00241517 0.000705005 0.000949074 0.00127157 -0.00149367 0.00187077 -3.47684e-05 0.000860618 0.000111014
internal_weight=2.92669e+07 7.23118e+06 5.22435e+06 3.38652e+06 2.17458e+06 2.00682e+06 2.20358e+07 1.9834e+07 1.72395e+07 2.20173e+06 1.18184e+07 5.42103e+06 5.40088e+06 4.07493e+06
internal_count=26512 6430 3908 3091 2182 2522 20082 16773 15585 3309 8827 6758 4413 3283
cat_boundaries=0 1 2 3 4
cat_threshold=385 129 62 14
is_linear=0
shrinkage=0.03


Tree=202
num_leaves=15
num_cat=2
split_feature=10 14 16 16 14 0 16 16 9 16 16 1 0 13
split_gain=13595 8870.95 8988.15 15921.4 10911.8 12949.8 7773.27 11416.2 17590.9 21018.9 15324.1 16212.5 13893.3 10401.9
threshold=0.82120607435980486 1.0097580670986954 0.061142284669859583 0.074945409042165831 1.0910846953073767 0 0.032578257506547928 0.052190683376536789 89.500000000000014 0.057515192538335154 0.068187999090089851 13.500000000000002 1 0.97493813005198982
decision_type=2 2 2 2 2 1 2 2 2 2 2 2 1 2
left_child=-1 6 4 -4 5 -3 13 -8 -9 -10 11 -11 -12 -2
right_child=1 2 3 -5 -6 -7 7 8 9 10 12 -13 -14 -15
leaf_value=-0.00036952617483875341 -0.00066629641448523577 0.0005549297729433801 -0.0001291852996974021 0.00011977664055262026 0.00076601039878681284 -8.4356256359436964e-05 0.00018575357139744228 0.00013883561656652483 -0.00024452862425401907 -0.00010193158459902422 5.4482298354571745e-05 0.00022611236455481263 -9.9460634708325787e-05 3.0489459219151548e-05
leaf_weight=1411436.3240257502 670267.72162079811 1146681.90426898 2356221.3001067638 2486776.6200027466 868826.00566291809 1847404.1317014694 1664200.8486382961 2351432.098072052 2525823.170135498 1588206.2137145996 2738930.4158935547 2256716.8209381104 4824873.3899536133 585561.00481259823
leaf_count=1644 2614 1829 1581 1429 2808 1802 1714 1435 1515 1139 1773 1308 2131 1839
internal_value=0.000170315 0.000315573 0.00110994 0.000249049 0.00218926 0.00133035 -4.45075e-05 0.00011513 -0.000126719 -0.00053174 1.64895e-05 0.0015586 -0.000767416 -0.00232629
internal_weight=2.93234e+07 2.79119e+07 8.70591e+06 4.843e+06 3.86291e+06 2.99409e+06 1.9206e+07 1.79502e+07 1.6286e+07 1.39346e+07 1.14087e+07 3.84492e+06 7.5638e+06 1.25583e+06
internal_count=26561 24917 9449 3010 6439 3631 15468 11015 9301 7866 6351 2447 3904 4453
cat_boundaries=0 1 2
cat_threshold=355 105
is_linear=0
shrinkage=0.03


Tree=203
num_leaves=15
num_cat=3
split_feature=10 10 12 0 0 12 10 10 10 10 10 10 12 0
split_gain=10518.1 27563.9 43325 63897.8 42975.3 31863.3 39998.8 26479.5 19034.9 12968.6 26927.6 18312.9 28049.5 21506.8
threshold=1.0283647253166985 1.0157067546290344 1.0121640620794861 0 1 0.9931501175091878 0.99547996673316497 0.8854012774121286 1.0340049789758805 1.0390686685543671 1.0449516634702618 1.0654250738835296 1.0281187774485046 2
decision_type=2 2 2 1 1 2 2 2 2 2 2 2 2 1
left_child=1 2 5 -4 -3 7 -7 -1 -2 -10 -11 -12 13 -13
right_child=8 4 3 -5 -6 6 -8 -9 9 10 11 12 -14 -15
leaf_value=-0.00014565728732338345 0.00028629202853984188 -0.00051788471341163524 0.00069416318420792488 -6.0281847550466885e-06 3.6506678107000963e-05 -0.00057579977497593216 5.2439603887272623e-05 0.00042694841440877202 -0.00022882860273915065 0.00027855892609498335 -0.00014783950883849795 0.00054992628624985971 -8.8315380273521531e-06 0.00014617623642080966
leaf_weight=1839331.0122013092 1244888.3813079596 1311355.7441452742 1100192.4740263224 1826376.6204396486 1534316.6997141838 2293983.7586046457 2052259.7799161673 1563223.6571601629 1187495.0252283812 1348452.7565594912 2924018.9747741222 1127234.3299466372 6204575.8123620749 1796704.1347066164
leaf_count=1970 1018 779 1008 1805 1464 1799 1590 1305 954 1019 2397 1249 6451 1739
internal_value=0.000348829 -0.000265689 0.000433651 0.00354348 -0.00288922 -0.000740872 -0.00244301 0.00143335 0.000873601 0.000569743 0.000836007 0.000386195 0.00104803 0.00347048
internal_weight=2.93544e+07 1.3521e+07 1.06754e+07 2.92657e+06 2.84567e+06 7.7488e+06 4.34624e+06 3.40255e+06 1.58334e+07 1.45885e+07 1.3401e+07 1.20525e+07 9.12851e+06 2.92394e+06
internal_count=26547 11720 9477 2813 2243 6664 3389 3275 14827 13809 12855 11836 9439 2988
cat_boundaries=0 1 2 3
cat_threshold=305 272 210
is_linear=0
shrinkage=0.03


Tree=204
num_leaves=15
num_cat=2
split_feature=16 12 16 2 12 2 12 1 1 12 1 14 0 0
split_gain=15457 25356.1 14311.9 15825.3 23551.4 22791.7 22302.2 20314.2 14422 17079.5 10785.8 21164.8 20510.5 11406
threshold=0.082905232067444642 1.0213035412072564 0.077091071773349881 1.0000000180025095e-35 0.98075970649359323 2.5000000000000004 0.99504303367625979 17.500000000000004 15.500000000000002 1.0084215893317665 7.5000000000000009 0.97261381920622114 0 1
decision_type=2 2 2 2 2 2 2 2 2 2 2 2 1 1
left_child=2 -2 3 8 5 -5 -6 10 9 -1 12 -12 -8 -13
right_child=1 -3 -4 4 6 -7 7 -9 -10 -11 11 13 -14 -15
leaf_value=-0.00036507513812483863 -0.00020557839943954073 7.480062968986621e-05 0.00019735316329952312 -2.1839423078205999e-05 -0.00036691541935827575 0.00060002071724511187 0.00015440469844273336 -0.00019846136809946116 7.3501576601387621e-05 -7.5857749321665225e-05 -2.3100932684574852e-05 0.0003000447656999588 -0.00057803390458948517 0.00017425425393147561
leaf_weight=1131808.4124381542 3645722.3655223846 2188747.4522924423 2802275.7565259933 905637.38122463226 1632852.4458147287 1513457.5808647871 1035093.9919599295 3202651.9110429287 1091327.6380586624 1389593.8964347839 2897980.5446634293 2524562.9928870201 683728.29601156712 2557719.071685791
leaf_count=937 1699 1213 1630 858 1733 1865 1855 4444 1105 1300 2199 1637 2243 1902
internal_value=0.000223323 -0.00115797 0.000568191 0.000294142 0.000678294 0.00341906 0.000222129 0.000640193 -0.0015086 -0.00275561 0.00132424 0.00178853 -0.000831392 0.00295517
internal_weight=2.92032e+07 5.83447e+06 2.33687e+07 2.05664e+07 1.69537e+07 2.41909e+06 1.45346e+07 1.29017e+07 3.61273e+06 2.5214e+06 9.69908e+06 7.98026e+06 1.71882e+06 5.08228e+06
internal_count=26620 2912 23708 22078 18736 2723 16013 14280 3342 2237 9836 5738 4098 3539
cat_boundaries=0 1 2
cat_threshold=156 306
is_linear=0
shrinkage=0.03


Tree=205
num_leaves=15
num_cat=1
split_feature=10 11 11 2 10 10 10 2 9 12 0 10 16 11
split_gain=14349.3 13208.2 21008.5 53480.5 23539.4 16435.6 29805 27091.2 26834.3 13374.6 26263 22303.5 19015.8 14354.9
threshold=0.80264756421392891 0.9093237613342906 0.96938913150432404 2.5000000000000004 0.98137359294060911 1.0126286975463843 1.0169331504814727 2.5000000000000004 74.500000000000014 1.0222447880274059 0 1.050358658284354 0.090597546988970934 1.0420271971538217
decision_type=2 2 2 2 2 2 2 2 2 2 1 2 2 2
left_child=-1 -2 3 -3 -4 7 -7 -6 -8 10 11 -10 13 -11
right_child=1 2 4 -5 5 6 8 -9 9 12 -12 -13 -14 -15
leaf_value=-0.00035811087320132632 0.00035632152410340439 0.00014584588849933657 0.00043214684517772669 -0.00078218399145974708 -0.00027423044923726125 0.00026601613439536739 -0.00028727153867576282 6.477014698968486e-05 0.0007883298740604134 -0.00032796773339902995 1.7214054731256563e-05 0.00015940848910550489 0.00022167545785554805 -1.1508624144218966e-05
leaf_weight=1142827.3021203279 1276991.442338109 1540286.4908657074 1525966.4806529284 1594641.202688098 2115686.795976758 1112267.1255748272 1161643.9322865009 2048043.911010623 1137398.3611537218 1011426.2268500328 4464267.2891800404 1281966.8824112415 1111852.4783928394 6632151.4481195211
leaf_count=1358 997 1173 1550 1488 1457 906 1120 1923 986 789 3872 1282 530 7004
internal_value=0.000230723 0.000365142 0.000222783 -0.00208462 0.000529254 0.000280172 0.000674815 -0.00141764 0.000359951 0.000686715 0.00167615 0.00419329 -9.11909e-05 -0.000624421
internal_weight=2.91574e+07 2.80146e+07 2.67376e+07 3.13493e+06 2.36027e+07 2.20767e+07 1.7913e+07 4.16373e+06 1.68007e+07 1.56391e+07 6.88363e+06 2.41937e+06 8.75543e+06 7.64358e+06
internal_count=26435 25077 24080 2661 21419 19869 16489 3380 15583 14463 6140 2268 8323 7793
cat_boundaries=0 1
cat_threshold=202
is_linear=0
shrinkage=0.03


Tree=206
num_leaves=15
num_cat=3
split_feature=16 1 11 0 11 11 3 0 3 12 0 12 12 12
split_gain=10471.8 14540.8 12809.4 29463.2 31940.1 30901.1 21105.8 12525.9 12054.6 14287.5 13997.6 11593 10739.7 17441.8
threshold=0.0862256971107183 11.500000000000002 1.0201167971050777 0 1.0025409389413917 0.9569913468292458 1.0000000180025095e-35 1 1.5000000000000002 1.0197477511393997 2 0.99379942660604637 1.0175172891964588 1.0703241224694275
decision_type=2 2 2 1 2 2 2 1 2 2 1 2 2 2
left_child=2 -2 3 4 5 -1 -5 -4 10 -10 -9 -8 -12 -14
right_child=1 -3 7 6 -6 -7 11 8 9 -11 12 -13 13 -15
leaf_value=0.00034845099800110736 6.0955181548339691e-06 -0.00023618365961425704 0.00017715041174522762 0.00011836226979548241 0.0003643621641126844 -0.00012129583600012177 -6.2670870312394006e-05 -0.00017892228473240414 0.00058240696816726928 -5.3256348784640187e-05 0.0001444248270326264 -0.00055360664887788187 -0.0002868175523546294 0.00014469551943054331
leaf_weight=1753456.1743302345 2188010.9434332848 2369157.549639225 3829696.0754532814 3607423.6045607328 2223499.4604247808 1856241.3611266613 1115613.1819952726 1985465.2277135849 666495.07533347607 964510.97200083733 1841998.6201028824 1110395.1087763309 2380389.6695649624 1397852.9570015669
leaf_count=1685 823 1351 4966 3046 1759 1700 1355 894 1036 1433 1627 1245 2163 1424
internal_value=0.000218714 -0.00110277 0.000462204 0.00118473 0.00269236 0.000950081 -0.000322852 -0.000182917 -0.000781013 0.00155933 -0.00128289 -0.00262003 -0.000517937 -0.00143361
internal_weight=2.92902e+07 4.55717e+06 2.4733e+07 1.16666e+07 5.8332e+06 3.6097e+06 5.83343e+06 1.30664e+07 9.23671e+06 1.63101e+06 7.60571e+06 2.22601e+06 5.62024e+06 3.77824e+06
internal_count=26507 2174 24333 10790 5144 3385 5646 13543 8577 2469 6108 2600 5214 3587
cat_boundaries=0 1 2 3
cat_threshold=147 100 16
is_linear=0
shrinkage=0.03


Tree=207
num_leaves=15
num_cat=0
split_feature=11 11 2 10 10 11 16 9 11 11 13 11 12 10
split_gain=7596.68 16632.1 29950.7 17617.7 17641.8 11614.5 10699 14390.8 11645 10013.7 6164.78 5981.74 23057.6 19623.1
threshold=0.86277403626205151 0.96938913150432404 2.5000000000000004 0.98137359294060911 0.99547996673316497 1.0113161475382382 0.028591112356170421 88.500000000000014 1.0727301992088165 1.0025409389413917 1.0047919176943925 1.0420271971538217 1.0077918519281821 1.0340049789758805
decision_type=2 2 2 2 2 2 2 2 2 2 2 2 2 2
left_child=-1 2 -2 -3 -5 9 7 -7 -9 -6 -10 12 -8 -14
right_child=1 3 -4 4 5 6 11 8 10 -11 -12 -13 13 -15
leaf_value=0.00034798099773837869 3.6411316979811825e-05 0.00032274794940649111 -0.00055416471579947362 -0.00025727185068834946 3.1160050791620103e-05 -0.0012650086499691698 0.00017590962480467219 0.00022664140837207186 -0.0010925210080900956 0.00027728490295932432 -0.00021682013398086164 8.0600616721053519e-05 3.3940643248052158e-05 -0.00032391648131423656
leaf_weight=1131701.4451384544 2310196.4158008099 1527286.9586738348 2100282.1272784472 1694474.7944197655 1457696.2356379032 237681.70409464836 2420431.1097564697 548909.37569010258 221981.84810125828 1263138.2500849962 212208.92664110661 9587938.6649754047 2397755.9201581478 2214101.8047180176
leaf_count=1278 1746 1574 1996 1398 1233 1005 1387 2158 1132 962 1020 7202 1378 1203
internal_value=0.00026919 0.000172453 -0.00151959 0.000486229 0.000272339 0.000514806 0.000236365 -0.00247434 -0.000872771 0.00234059 -0.00454392 0.000435471 -0.000229084 -0.00147357
internal_weight=2.93258e+07 2.81941e+07 4.41048e+06 2.37836e+07 2.22563e+07 2.05618e+07 1.7841e+07 1.22078e+06 983100 2.72083e+06 434191 1.66202e+07 7.03229e+06 4.61186e+06
internal_count=26672 25394 3742 21652 20078 18680 16485 5315 4310 2195 2152 11170 3968 2581
is_linear=0
shrinkage=0.03


Tree=208
num_leaves=15
num_cat=0
split_feature=16 10 16 14 1 16 13 11 10 10 11 13 14 10
split_gain=11836.6 18910.6 13929.9 12703.2 10826.8 7750.47 6521.04 6075.03 14711.9 8508.22 18690.6 13839.3 18130.5 18171.5
threshold=0.081308984922925889 1.0625774086502771 0.077091071773349881 1.0910846953073767 16.500000000000004 0.057269459440026545 0.99163492319233237 1.1475241188057654 1.1267163222885357 1.0917106826497627 1.0631792722561391 0.93051769955962971 0.94220166620880963 1.0439860259432707
decision_type=2 2 2 2 2 2 2 2 2 2 2 2 2 2
left_child=2 6 3 7 5 -5 -2 8 9 10 11 -1 -13 -14
right_child=1 -3 -4 4 -6 -7 -8 -9 -10 -11 -12 12 13 -15
leaf_value=0.00018235885646049267 -4.4052982597413155e-05 8.6298367045855196e-05 0.000215248983883575 0.00057668889361260417 0.0011476011043248444 -0.00022526373849590957 -0.00037611835382173763 -0.00016765031840295882 0.00043906289481993738 -0.00030288669203938737 0.00025832977185170062 0.00019560762812746032 -2.6016577403946799e-05 -0.00029649318043848907
leaf_weight=3430930.0312708616 2369661.7808227539 2202253.1432111263 1826823.501748085 475538.95731055737 468864.97459292412 378531.395632267 2214700.2006845474 1708232.2792240381 1310909.8659054041 1308906.7826398611 1282146.9792097807 1351361.2774779797 7204538.461235404 1555005.5044715405
leaf_count=3767 1126 1245 1137 2001 1162 346 1012 2011 1613 1486 1367 1432 5456 1272
internal_value=0.000317089 -0.00077994 0.000650923 0.000426967 0.00327015 0.0012593 -0.00187753 0.000230573 0.000397775 0.000149425 0.000354143 2.63638e-05 -0.000532299 -0.00103127
internal_weight=2.90884e+07 6.78662e+06 2.23018e+07 2.0475e+07 1.32294e+06 854070 4.58436e+06 1.9152e+07 1.74438e+07 1.61329e+07 1.4824e+07 1.35418e+07 1.01109e+07 8.75954e+06
internal_count=26433 3383 23050 21913 3509 2347 2138 18404 16393 14780 13294 11927 8160 6728
is_linear=0
shrinkage=0.03


Tree=209
num_leaves=15
num_cat=0
split_feature=10 10 12 12 12 1 12 1 14 12 1 11 12 2
split_gain=8749.71 19561.9 18990.2 27731.9 24166 18818.6 27206.6 24065 35199.3 21257.3 15420.6 32933.9 21229.5 44234.8
threshold=1.0366124446983094 1.0428102923176461 1.024112885485482 1.0335218718495895 1.0172057967491581 16.500000000000004 1.0286147346963392 8.5000000000000018 0.9702529222687073 1.0735842439152392 8.5000000000000018 0.99374273592978624 0.99977566849591148 2.5000000000000004
decision_type=2 2 2 2 2 2 2 2 2 2 2 2 2 2
left_child=2 -2 4 -4 10 7 -7 8 -3 -8 11 -1 -12 -14
right_child=1 5 3 -5 -6 6 9 -9 -10 -11 12 -13 13 -15
leaf_value=8.7443516495322487e-05 0.00023462496120870639 0.00042825446975911581 0.00043480104393310353 -9.347424765994967e-05 -0.00050631412893743105 0.00043482446579339598 -0.00031050988129718154 -0.00011977182031394399 -0.00020786275550175128 0.00029784858578327884 -0.00011709490618923227 -0.00038839736043030384 -0.00010735145554049745 0.0003545385263901796
leaf_weight=963415.90743327141 1710409.5578889847 1138363.0449664593 1086409.5067330599 1254900.1823573112 1266197.0502396822 1741949.2257316113 1260967.2768669128 6132783.1974477768 1087939.5826948881 948613.31326031685 4545581.9664678574 1157849.3268398046 2237002.5470795631 2680135.0937724113
leaf_count=1350 1171 1516 1150 1317 1240 1690 1342 4621 1896 1039 3479 1432 1303 1934
internal_value=0.000210107 0.000750542 -0.000288689 0.00219622 -0.000741442 0.000332859 0.00203883 -0.000473592 0.00219801 -0.000171407 -0.00031132 -0.00262313 0.000206921 0.00157314
internal_weight=2.92125e+07 1.4021e+07 1.51915e+07 2.34131e+06 1.28502e+07 1.23106e+07 3.95153e+06 8.35909e+06 2.2263e+06 2.20958e+06 1.1584e+07 2.12127e+06 9.46272e+06 4.91714e+06
internal_count=26480 13275 13205 2467 10738 12104 4071 8033 3412 2381 9498 2782 6716 3237
is_linear=0
shrinkage=0.03


Tree=210
num_leaves=15
num_cat=0
split_feature=10 10 11 10 10 10 11 1 11 3 16 11 10 10
split_gain=8136.9 13590 8234.28 31892.3 22259.9 10516.9 11864.7 17473.8 16795.3 16172 15931.3 15914.1 13888.2 18199.3
threshold=0.82120607435980486 0.90372711552493334 0.96938913150432404 1.0291511211659856 0.98137359294060911 0.99547996673316497 1.0201167971050777 8.5000000000000018 1.0144223363856211 1.0000000180025095e-35 0.074097166936196293 1.0043317453751401 1.022958258627247 1.0350154479417271
decision_type=2 2 2 2 2 2 2 2 2 2 2 2 2 2
left_child=-1 -2 3 -3 -4 -6 8 9 11 10 -8 -7 -9 -14
right_child=1 2 4 -5 5 6 7 12 -10 -11 -12 -13 13 -15
leaf_value=-0.00023595874053876476 0.00022703799804411998 -0.00055385201561277016 0.00041563499449003791 6.8533397025054979e-05 -0.00014126128283097929 0.0001496994270275255 -0.00017911078464492324 -0.00033586949254327746 0.00023177054674309989 0.00044615622712497217 0.00017648225186863757 -0.00024717700129984327 0.00019756684080989245 -6.7360533242667489e-05
leaf_weight=1422295.7454799414 1759782.8990044594 1292557.9955816269 1311009.1652132273 1297866.4073336124 1706201.0196222067 1822208.8847711086 966351.09315395355 1304487.9096703529 1754521.1235444546 716632.04949522018 1100162.5205688477 1615066.8796963692 1281868.6143655777 9927328.1806633472
leaf_count=1666 1329 1128 1399 1054 1399 1509 1985 900 1313 1741 437 1271 1035 8385
internal_value=0.000149468 0.000262477 9.0404e-05 -0.00151486 0.00026731 4.2936e-05 0.000231387 -0.000189196 0.00147057 0.00196081 0.000614127 0.000251502 -0.000667374 -0.000326429
internal_weight=2.92783e+07 2.7856e+07 2.60963e+07 2.59042e+06 2.35058e+07 2.21948e+07 2.04886e+07 1.52968e+07 5.1918e+06 2.78315e+06 2.06651e+06 3.43728e+06 1.25137e+07 1.12092e+07
internal_count=26551 24885 23556 2182 21374 19975 18576 14483 4093 4163 2422 2780 10320 9420
is_linear=0
shrinkage=0.03


Tree=211
num_leaves=15
num_cat=4
split_feature=10 0 12 0 1 10 0 12 10 16 12 0 12 12
split_gain=15886.8 41812.5 9683.04 20935.3 29161.8 15173.9 12546.7 39643 30027 21725.7 17549.4 11206.9 9506.31 17479.1
threshold=0.91803706662057427 0 1.0039311402383728 1 11.500000000000002 1.0059420147743474 2 1.0077918519281821 1.0257916065140924 0.065800905902728843 1.0139625738046953 3 1.0320796884488568 1.0201843884705277
decision_type=2 1 2 1 2 2 1 2 2 2 2 1 2 2
left_child=1 -1 3 4 -2 -5 8 -8 -4 -10 -9 -12 13 -13
right_child=2 -3 6 5 -6 -7 7 10 9 -11 11 12 -14 -15
leaf_value=6.4083339528093875e-05 -4.2647821415450226e-05 -0.00066294916768942606 -0.0002329860840984727 0.00022917930499024631 0.00029123113143730541 -0.00028058343001501865 0.00074767393500317408 -0.00026490120105490553 -0.0001432563488208636 0.00014431651486782561 -5.3961892447757683e-05 2.0724437378184706e-05 2.3288155039074584e-05 0.00070851177900150284
leaf_weight=1894625.853602767 1252270.9299535751 1600005.3002281189 2158610.5649932623 1345462.2643369436 2222147.0604839325 2841621.1940345764 1116295.4905987978 1617042.0659108162 1951492.9568202496 1958477.1076049805 3865092.4145737886 1175960.1078616381 3197738.462838769 1134367.6733503342
leaf_count=1741 1353 1447 1634 1066 1827 2252 968 1416 2262 1071 3036 1323 3967 1313
internal_value=0.000193611 -0.0017048 0.000450389 0.00134491 0.00306645 -8.36229e-05 7.33129e-05 0.000631375 -0.00103999 0.000527964 8.42561e-05 0.000582184 0.00145114 0.00291741
internal_weight=2.93312e+07 3.49463e+06 2.58366e+07 7.6615e+06 3.47442e+06 4.18708e+06 1.81751e+07 1.21065e+07 6.06858e+06 3.90997e+06 1.09902e+07 9.37316e+06 5.50807e+06 2.31033e+06
internal_count=26676 3188 23488 6498 3180 3318 16990 12023 4967 3333 11055 9639 6603 2636
cat_boundaries=0 1 2 3 4
cat_threshold=403 241 145 10
is_linear=0
shrinkage=0.03


Tree=212
num_leaves=15
num_cat=2
split_feature=12 1 0 13 12 12 10 1 10 0 10 10 1 12
split_gain=11323.3 56101.9 38684.3 41963.3 24469.4 20704.3 9580.37 14029.2 30576.7 14586.8 17316 15305.3 26712.9 31807.4
threshold=0.99977566849591148 18.500000000000004 0 0.95719289256107087 0.98366571989275564 1.0039311402383728 0.95679863267342224 18.500000000000004 1.0557838013323353 1 1.0108989429607649 1.0596278767251972 9.5000000000000018 1.0515401412960188
decision_type=2 2 1 2 2 2 2 2 2 1 2 2 2 2
left_child=1 2 4 -4 -1 -2 -7 9 -9 -8 -11 -12 -13 -14
right_child=5 -3 3 -5 -6 6 7 8 -10 10 11 12 13 -15
leaf_value=-0.00015797203835374394 0.00019635683466702711 0.00065276817931126329 3.1305295963513452e-06 -0.00034507717000431223 0.00061276175652826535 0.00039172884348188979 0.0001572578158166768 -0.0005747682941528578 9.6500053076894416e-05 -0.00033819553284953295 8.8520135893728331e-05 -0.00014739304410902075 -0.00051380259001713318 1.3502745188417275e-05
leaf_weight=1456605.5576131344 2039018.6033300161 1236039.0037579536 1719706.1681339741 2744301.4635237455 1009807.3696525097 1134965.7928907871 6230616.6999428272 1436166.1030268669 1251306.5159811974 1263290.7768752575 3936402.1494007111 1096376.8380910158 1253437.2504577637 1553520.6597507
leaf_count=1490 1573 1720 1221 1679 1155 1064 5053 1894 2044 1091 2717 1593 990 1293
internal_value=0.00024296 -0.000706153 -0.00175625 -0.00342226 0.0012591 0.000608653 0.000302744 0.000134376 -0.00186501 0.000484802 -0.000280709 0.000244525 -0.00108661 -0.00263766
internal_weight=2.93616e+07 8.16646e+06 6.93042e+06 4.46401e+06 2.46641e+06 2.11951e+07 1.91561e+07 1.80211e+07 2.68747e+06 1.53336e+07 9.10303e+06 7.83974e+06 3.90333e+06 2.80696e+06
internal_count=26577 7265 5545 2900 2645 19312 17739 16675 3938 12737 7684 6593 3876 2283
cat_boundaries=0 1 2
cat_threshold=387 70
is_linear=0
shrinkage=0.03


Tree=213
num_leaves=15
num_cat=3
split_feature=11 14 0 16 10 12 11 10 0 12 10 0 2 2
split_gain=15318.2 18704.1 22662.9 16591.3 14229.4 13445.7 29913.6 27994.5 29461 15638.2 17098.3 14282.3 29468 15438.7
threshold=0.8718556009368803 1.0657102020289662 0 0.062316929962483197 0.91803706662057427 1.0081464412505341 1.016828407656591 0.98873969880633472 1 0.98366571989275564 1.022958258627247 2 1.5000000000000002 2.5000000000000004
decision_type=2 2 1 2 2 2 2 2 1 2 2 1 2 2
left_child=-1 4 -3 -4 -2 7 -7 -6 9 -9 -11 12 -8 -13
right_child=1 2 3 -5 5 6 11 8 -10 10 -12 13 -14 -15
leaf_value=0.00036863613284461257 -0.00028634057463761646 2.0379271708804228e-05 0.00041118201236906639 -0.00039016575097460503 0.00054257625692672091 -0.00058255495079377096 -0.00054692237673252347 -5.9655459876609874e-05 -7.8636150397551818e-05 0.00010622477622160235 0.00068801049353232424 0.00010814100594295458 1.2646798842119689e-05 -6.8410729012794905e-05
leaf_weight=1331629.6473075151 1915104.7550358772 622369.80013847351 1068688.6771868467 806335.427775383 1440065.4730490446 1609288.2943428755 1443698.5653494596 1181596.5142928362 4488044.7654291391 1090101.5680160522 1095020.3014068604 4376292.3458430767 2651606.9335968494 3977470.1711847782
leaf_count=1453 1326 1444 2500 587 1140 1412 1110 914 2699 1050 1028 3382 2396 3975
internal_value=9.75115e-05 -5.32315e-05 0.0024235 0.000776994 -0.00029802 -9.41513e-05 -0.000679471 0.000791141 8.61852e-05 0.00220749 0.00371101 -0.000181921 -0.00163319 0.000529545
internal_weight=2.90973e+07 2.77657e+07 2.49739e+06 1.87502e+06 2.52683e+07 2.33532e+07 1.40584e+07 9.29483e+06 7.85476e+06 3.36672e+06 2.18512e+06 1.24491e+07 4.09531e+06 8.35376e+06
internal_count=26416 24963 4531 3087 20432 19106 12275 6831 5691 2992 2078 10863 3506 7357
cat_boundaries=0 1 2 3
cat_threshold=49 203 138
is_linear=0
shrinkage=0.03


Tree=214
num_leaves=15
num_cat=4
split_feature=12 11 11 0 10 12 2 13 0 11 0 12 16 0
split_gain=12557.1 15667.7 13495.7 93789.7 27981.7 11611.5 11938.8 18569.3 10274.4 8947.67 18506.3 9724.2 23046.9 19330
threshold=0.94365407296847026 0.9093237613342906 0.96938913150432404 0 0.98137359294060911 1.1119442343149464 4.5000000000000009 1.0952339021005992 1 1.1097774341648921 2 1.0243090240668089 0.069040338539711726 3
decision_type=2 2 2 1 2 2 2 2 1 2 1 2 2 1
left_child=-1 -2 3 -3 -4 6 9 8 -8 10 -6 -12 13 -13
right_child=1 2 4 -5 5 -7 7 -9 -10 -11 11 12 -14 -15
leaf_value=-0.00028537746208733906 0.00032190980752490572 0.0002568850991453073 0.00044780540730247729 -0.001239892428101883 0.00021283105861625746 0.00031132439919256738 0.00010264939221789991 0.0010736951206125975 -0.00030709053132577633 -0.00018699409281494828 -6.9589344879235034e-05 -0.00029541329907249887 0.00022844409140899901 0.00024548522913593135
leaf_weight=1243780.0961059332 1558494.2115557194 1736162.8370019197 1489989.8118914366 1217887.5304899216 2219259.3299629688 1647939.8498284817 1848761.7270350456 735994.60073101521 875047.54316866398 1825803.095446229 9165150.4775677919 1115231.7428107262 1372999.2766723633 1041451.8038635254
leaf_count=1526 1226 1448 1545 1126 2051 1569 1705 1335 1858 1875 6464 690 609 1465
internal_value=0.000171008 0.000302719 0.000129477 -0.00178094 0.000371296 0.000100015 -9.75277e-05 0.00150675 0.000364286 -0.0004291 -0.000186423 -0.000628272 0.000709667 -0.00122454
internal_weight=2.9094e+07 2.78502e+07 2.62917e+07 2.95405e+06 2.33376e+07 2.18476e+07 2.01997e+07 3.4598e+06 2.72381e+06 1.67399e+07 1.49141e+07 1.26948e+07 3.52968e+06 2.15668e+06
internal_count=26492 24966 23740 2574 21166 19621 18052 4898 3563 13154 11279 9228 2764 2155
cat_boundaries=0 1 2 3 4
cat_threshold=401 156 66 24
is_linear=0
shrinkage=0.03


Tree=215
num_leaves=15
num_cat=1
split_feature=10 10 10 0 10 11 12 11 11 10 10 2 16 11
split_gain=11342.9 11758.1 10929.2 32200.5 14239.5 10161.3 35178.6 20545.8 26377.6 16525.7 12647.2 10078.3 8789.66 14476.2
threshold=0.82120607435980486 0.90372711552493334 0.99451885417014119 0 0.97998433574410881 1.0113161475382382 0.99894081004665003 1.016828407656591 1.0201167971050777 1.0283647253166985 1.0335834421676138 1.0000000180025095e-35 0.077091071773349881 1.0631792722561391
decision_type=2 2 2 1 2 2 2 2 2 2 2 2 2 2
left_child=-1 -2 3 -3 -5 6 10 -7 -9 -10 -4 -11 13 -13
right_child=1 2 5 4 -6 7 -8 8 9 11 -12 12 -14 -15
leaf_value=-0.00025506994392991884 0.00020702282101207051 -0.00053926317117544459 -0.00022952430449023822 0.00040503263537327363 -9.9398728537736987e-05 -0.00027891245569643765 0.00030311648509489338 0.00036139706309529576 -0.00037461282203599529 -9.9666751388914472e-05 0.00010306880123696195 -8.5221573242596352e-05 0.00013148934434657647 0.00012841613554528735
leaf_weight=1377056.7693617344 1788105.3992786407 1253442.4305866957 1210942.4261528254 1225629.5227873325 1289643.0012780428 1412931.3907651901 1996003.4085205793 1121445.9899252653 2319605.6570595503 2407940.0757545233 1328231.0013304949 3009661.6459128857 3230451.7315299511 4394561.0652481318
leaf_count=1637 1346 1211 1002 1096 1043 1144 1724 808 1973 2004 1103 3021 1844 5684
internal_value=0.000265349 0.000396132 0.000235496 -0.00125935 0.000698219 0.000486642 0.00175503 0.00016522 0.000462819 0.000138574 -0.000587571 0.000553527 0.000950346 0.000380658
internal_weight=2.93657e+07 2.79886e+07 2.62005e+07 3.76871e+06 2.51527e+06 2.24318e+07 4.53518e+06 1.78966e+07 1.64837e+07 1.53622e+07 2.53917e+06 1.30426e+07 1.06347e+07 7.40422e+06
internal_count=26640 25003 23657 3350 2139 20307 3829 16478 15334 14526 2105 12553 10549 8705
cat_boundaries=0 1
cat_threshold=208
is_linear=0
shrinkage=0.03


Tree=216
num_leaves=15
num_cat=2
split_feature=16 13 10 0 14 16 2 12 12 1 10 10 0 13
split_gain=12879.7 22370 15832.5 15415.8 13589.4 14772.9 9565.96 18584.2 16915.4 17813.8 11307.6 11126.3 9061.33 8582.39
threshold=0.065075257163764486 0.98036236086411988 1.0103377067276311 0 1.0910846953073767 0.063720597560634681 1.0000000180025095e-35 0.98613925267429281 0.99929039374996764 16.500000000000004 1.0335834421676138 1.0862148502590399 1 0.99683150433297107
decision_type=2 2 2 1 2 2 2 2 2 2 2 2 1 2
left_child=4 3 -3 -2 5 6 -1 -8 -9 10 -10 -12 -6 -13
right_child=1 2 -4 -5 12 -7 7 8 9 -11 11 13 -14 -15
leaf_value=-0.00012928546803076538 0.00011392750647654931 -0.00043953476598398875 -4.3777647111179059e-05 -0.00014672822511608652 2.2852928772851282e-05 0.00026492277501287713 0.00035748962650510583 -0.00045966973026551912 0.00020914069575951762 -0.00024754132838321786 -0.0001271506173122518 -6.1147053885234995e-05 0.0010121572540532171 0.00034433931688987446
leaf_weight=2394665.2199859619 4389500.0056660175 2084768.2802734375 6540468.8441143036 1889332.34765625 463480.92987954617 923818.00620269775 1742740.0006995201 852049.79478096962 2292445.8904646635 1881938.180454731 1571534.0103365183 768145.13083279133 594590.85708379745 801092.09950304031
leaf_count=2448 1992 1144 3474 1639 1285 584 1962 976 2333 3001 1561 1118 1918 979
internal_value=-3.61666e-05 -0.000653136 -0.00164478 0.000709086 0.000607473 0.000345798 7.10976e-05 0.000482284 -0.000117834 0.000348123 0.00121941 5.01576e-05 0.00387904 0.00183704
internal_weight=2.91906e+07 1.49041e+07 8.62524e+06 6.27883e+06 1.42865e+07 1.32284e+07 1.23046e+07 9.90995e+06 8.16721e+06 7.31516e+06 5.43322e+06 3.14077e+06 1.05807e+06 1.56924e+06
internal_count=26414 8249 4618 3631 18165 14962 14378 11930 9968 8992 5991 3658 3203 2097
cat_boundaries=0 1 2
cat_threshold=285 322
is_linear=0
shrinkage=0.03


Tree=217
num_leaves=15
num_cat=1
split_feature=14 0 3 11 10 10 2 10 10 10 12 11 11 11
split_gain=11429.4 29802.8 8132.16 7283.32 17846.1 10357.9 16579.8 8496.32 19745.9 19349 26955.7 11015.4 22796.1 39716.4
threshold=1.0835609173153526 0 1.5000000000000002 0.9093237613342906 0.90675470765210653 0.98873969880633472 2.5000000000000004 1.0283647253166985 1.0358161514028457 1.0157067546290344 1.0056064912116331 1.0099514182531915 1.0346667605123312 1.0481177777849275
decision_type=2 1 2 2 2 2 2 2 2 2 2 2 2 2
left_child=3 -2 -3 -1 -5 6 -6 9 -9 10 -7 -10 -13 -14
right_child=1 2 -4 4 5 7 -8 8 11 -11 -12 12 13 -15
leaf_value=0.00014861659763649817 0.0012147683806554511 0.00023220064789861129 -0.00074745214548908672 -0.00039717988994279838 -7.2020587356794635e-05 -9.2517213639194506e-05 0.00051536898195109107 0.00027697265186701767 0.00015062611745691911 -0.00029497771163515454 0.00026481531762144483 -0.00020125452564293645 0.00037503533923945474 -4.8467407245415317e-05
leaf_weight=2074700.8767566681 482549.2425467968 952145.19904696941 530175.91982698441 1326342.0642282963 1280132.2756850719 2411645.1771354675 1194252.58883214 1351565.6006070375 1376415.0404070616 2638047.5710921288 1476526.6861753464 2340017.8336859941 1125626.8126107454 8738568.2818058729
leaf_count=1652 723 1938 1519 961 944 1694 1183 1031 1051 1879 1206 1709 785 8239
internal_value=9.50193e-05 0.00230502 0.000196927 -6.38448e-05 -0.000204192 -1.64701e-05 0.00182145 -0.000228402 0.000166243 -0.00113136 0.000214151 -0.000177914 -0.000464847 0.000166655
internal_weight=2.92987e+07 1.96487e+06 1.48232e+06 2.73338e+07 2.52591e+07 2.39328e+07 2.47438e+06 2.14584e+07 1.49322e+07 6.52622e+06 3.88817e+06 1.35806e+07 1.22042e+07 9.8642e+06
internal_count=26514 4180 3457 22334 20682 19721 2127 17594 12815 4779 2900 11784 10733 9024
cat_boundaries=0 1
cat_threshold=20
is_linear=0
shrinkage=0.03


Tree=218
num_leaves=15
num_cat=0
split_feature=12 12 1 10 10 10 1 10 9 10 9 16 14 1
split_gain=9285.76 50284.7 33546.9 29955.1 42659.2 13091.5 16733.1 16779.5 15119 12288.2 12143.9 12042.4 12389.5 9727.47
threshold=0.99977566849591148 0.99379942660604637 17.500000000000004 1.011668313780669 0.8854012774121286 0.95679863267342224 18.500000000000004 1.0798652044123178 89.500000000000014 1.0554372366351619 74.500000000000014 0.052673485965430346 0.94902032388666524 8.5000000000000018
decision_type=2 2 2 2 2 2 2 2 2 2 2 2 2 2
left_child=1 2 3 4 -1 -2 8 -8 10 -5 -7 12 -10 -13
right_child=5 -3 -4 9 -6 6 7 -9 11 -11 -12 13 -14 -15
leaf_value=-0.00019603381580744831 0.0003615151627310698 -0.00054681641370454934 0.00053472456459078427 -0.00032472840026083949 0.00058468429921655141 1.8852271120247277e-05 -0.00040358451835047503 0.00017056972966190021 -0.0001678044996169884 -5.9773263794299249e-05 0.00027367608437677124 0.00012615230571184541 0.00042976996664856023 -4.1684318733333607e-05
leaf_weight=1383690.0141438246 1121825.9226926565 1320654.8849936724 1602217.5047302246 1320539.9438923597 1163591.2899893522 1510811.0635472536 1991806.7745256424 1011424.0039725304 406386.3416030407 1297340.8967961073 1598554.798827529 2238116.6108927727 1199300.6491141319 9935222.9288231134
leaf_count=1397 1077 1048 1739 923 938 1240 2608 1699 1257 1135 1323 1026 2736 6210
internal_value=0.000162188 -0.000701585 0.000343381 -0.000833021 0.00148305 0.000494652 0.000316826 -0.00174653 0.000683749 -0.00308663 0.00257331 0.000257351 0.00269934 -6.47516e-05
internal_weight=2.91015e+07 8.08803e+06 6.76738e+06 5.16516e+06 2.54728e+06 2.10134e+07 1.98916e+07 3.00323e+06 1.68884e+07 2.61788e+06 3.10937e+06 1.3779e+07 1.60569e+06 1.21733e+07
internal_count=26356 7180 6132 4393 2335 19176 18099 4307 13792 2058 2563 11229 3993 7236
is_linear=0
shrinkage=0.03


Tree=219
num_leaves=15
num_cat=3
split_feature=3 12 11 9 11 12 12 11 12 0 0 0 13 2
split_gain=10252.5 27768.5 86235.3 28288.3 31885 16968 40858.7 20221 26980 33112.4 20089 18275.1 16981.8 15691.6
threshold=1.0000000180025095e-35 0.98075970649359323 0.97193150850967303 80.500000000000014 1.1344432846807984 0.9689176920627357 0.99227196909529336 1.0144223363856211 1.0205961516350299 0 1 2 0.95068239938941779 1.5000000000000002
decision_type=2 2 2 2 2 2 2 2 2 1 1 1 2 2
left_child=5 -2 -3 -4 -5 -1 -7 11 10 -10 -9 -8 -11 -14
right_child=1 2 3 4 -6 6 7 8 9 12 -12 -13 13 -15
leaf_value=-0.00014287773113740002 0.00027192885911184531 -0.0021076586737999916 -0.00069287473726876406 0.00010431698661338871 -0.00056188812888890646 0.00031148741869601297 -7.9141808402535258e-06 -8.5227964833670456e-06 -0.00051524820901546514 0.00022999382040851432 0.00040391636864137739 -0.00077544881028866622 0.00011598672605763166 -0.00016520028836435199
leaf_weight=2190713.1951212883 1471098.1106784344 917961.52144682407 981680.33641374111 5711559.0510553122 889111.67824065685 2064479.9272329807 2797810.7840638161 1479207.2288635969 1354526.4987555742 1412559.7608916759 2410031.9999119043 1506685.6116222143 2046431.7640196085 2033042.2472755909
leaf_count=1800 1761 1038 1034 6374 1222 1385 1950 1007 1145 1487 1944 1152 1608 1579
internal_value=-1.59522e-05 -0.000797035 -0.00145564 -0.000404263 0.000302403 0.000387691 0.000706069 0.000162841 0.000859369 -0.00027413 0.00285476 -0.00157436 0.000761986 -0.000219642
internal_weight=2.92669e+07 9.97141e+06 8.50031e+06 7.58235e+06 6.60067e+06 1.92955e+07 1.71048e+07 1.50403e+07 1.07358e+07 6.84656e+06 3.88924e+06 4.3045e+06 5.49203e+06 4.07947e+06
internal_count=26486 11429 9668 8630 7596 15057 13257 11872 8770 5819 2951 3102 4674 3187
cat_boundaries=0 1 2 3
cat_threshold=136 304 186
is_linear=0
shrinkage=0.03


Tree=220
num_leaves=15
num_cat=3
split_feature=12 16 0 12 13 12 11 11 0 0 12 12 12 16
split_gain=9569.31 30502.7 35910.4 34956.6 25827.4 23540.2 17974.9 46380.1 25279.7 18244 25013.3 23240.2 12279.8 10293.6
threshold=1.0049158022346554 0.052979303042598229 0 0.98075970649359323 0.95855750922717264 1.0077918519281821 1.0099514182531915 1.01747247632864 1 2 1.0233061924905116 1.0781710215531561 0.99055910426597582 0.064391008892545815
decision_type=2 2 1 2 2 2 2 2 1 1 2 2 2 2
left_child=1 3 -3 -1 -4 -2 8 -8 -7 10 -9 -12 -6 -11
right_child=5 2 4 -5 12 6 7 9 -10 13 11 -13 -14 -15
leaf_value=-7.8923110980800982e-05 0.00031604839657170823 0.00027734212622975763 1.8747890079199227e-05 -8.6653008640576548e-05 -0.00012105410146541135 0.00054431799522208172 -0.00064371932316927179 0.00030951501607099665 -5.7383681756201849e-05 6.5259411408543498e-06 -0.00049231517185558207 8.0474796760527756e-05 -0.00030203709298081875 0.0001316807955987786
leaf_weight=805788.48317658901 1563196.8648188114 1903338.5817565918 2642955.6157226562 1232949.5206044912 2255391.5521850586 969812.14857900143 1108981.0295004845 1126337.4255503416 1002355.39798069 4169494.9722847939 2090471.5650633574 1217457.0988644361 2279737.2528381348 4819770.1582865715
leaf_count=1839 1187 1663 1371 2489 1097 1031 817 928 1012 5894 2019 1218 937 2857
internal_value=0.000211172 -0.000481228 -0.00122568 0.0028349 -0.0021971 0.000637321 0.000304066 -6.0648e-05 0.00299157 0.000426483 -0.00114822 -0.002463 -0.00357086 0.00120326
internal_weight=2.9188e+07 1.11202e+07 9.08142e+06 2.03874e+06 7.17808e+06 1.80679e+07 1.65047e+07 1.45325e+07 1.97217e+06 1.34235e+07 4.43427e+06 3.30793e+06 4.53513e+06 8.98927e+06
internal_count=26359 9396 5068 4328 3405 16963 15776 13733 2043 12916 4165 3237 2034 8751
cat_boundaries=0 1 2 3
cat_threshold=131 409 138
is_linear=0
shrinkage=0.03


Tree=221
num_leaves=15
num_cat=0
split_feature=11 10 14 10 10 14 10 16 10 10 10 10 10 14
split_gain=9365.04 18566.6 11693.6 8230.16 9562.53 13350.3 6888.68 14155.1 9254.85 6750.91 12319.5 10688.4 22801.8 17786.8
threshold=1.1792307564141953 1.1714616938353537 1.0810824828756298 0.86883337326258692 0.98873969880633472 1.0137440949355379 1.042224977287155 0.061648916207784669 0.97391455835206509 1.0037516213121001 1.0157067546290344 1.0283647253166985 1.0358161514028457 0.96115358117505822
decision_type=2 2 2 2 2 2 2 2 2 2 2 2 2 2
left_child=1 2 3 -1 5 -5 7 8 -4 -6 -11 -12 -13 -14
right_child=-2 -3 6 4 9 -7 -8 -9 -10 10 11 12 13 -15
leaf_value=-0.00016844017915189263 -0.00022366874078132368 0.00049469174381486149 0.00133098928438382 0.0002248606022065874 -0.00013433166611141262 -5.2673450805710011e-05 0.00091023480601002966 -0.00039577395362429924 5.5810624808898998e-05 0.00010871664137737257 -0.00015275327417794759 0.00026615330547764994 6.9717525981213875e-05 -9.3522897715655735e-05
leaf_weight=2073487.9642850161 1145832.1583126783 1203042.4391667843 359065.29898798466 2122940.9449977875 2100387.5448688269 1260276.4472488165 556702.05006670952 597908.80914831161 362860.20260739326 1916361.7814468145 2625265.6611579657 1463803.1008285284 5126843.1693131924 6272895.9463824034
leaf_count=1757 1196 1506 917 1757 1632 940 1376 524 1093 1369 1906 1088 4393 4990
internal_value=0.000170234 0.00027886 0.000115425 -5.62669e-05 0.000107687 0.00158004 0.00239933 0.00121884 0.00404625 -0.00014769 4.61907e-05 -0.000234552 0.000121468 -0.000331137
internal_weight=2.91877e+07 2.80418e+07 2.68388e+07 2.49623e+07 2.28888e+07 3.38322e+06 1.87654e+06 1.31983e+06 721926 1.95056e+07 1.74052e+07 1.54888e+07 1.28635e+07 1.13997e+07
internal_count=26444 25248 23742 19832 18075 2697 3910 2534 2010 15378 13746 12377 10471 9383
is_linear=0
shrinkage=0.03


Tree=222
num_leaves=15
num_cat=0
split_feature=11 11 11 11 16 14 10 10 1 14 11 16 11 1
split_gain=9243.19 11976.2 12741.6 10847.1 12403.2 14544.1 8778.65 21857.4 23748.4 21211.5 16165 12307.1 10125.6 9300.08
threshold=0.8718556009368803 0.93688309830656225 0.96092504511688037 0.97444208477667915 0.025890212792954795 1.0090697617620921 1.0157067546290344 1.0366124446983094 8.5000000000000018 0.87740810827334437 1.01278369294476 0.082504333683837763 0.99677933585499845 15.500000000000002
decision_type=2 2 2 2 2 2 2 2 2 2 2 2 2 2
left_child=-1 -2 -3 -4 5 -5 10 -8 -9 -10 12 13 -6 -11
right_child=1 2 3 4 6 -7 7 8 9 11 -12 -13 -14 -15
leaf_value=0.00037695084954161493 -0.00023056076333772356 0.00035113693638448698 -0.00020248349971633748 -0.00073022747926497012 0.00024977422450279664 0.00044980924331102933 -0.00013541607132616003 0.00024273027202920513 -0.00035423521168515584 5.6271589853837625e-05 0.00030035322076987976 -0.0001492040375277367 -3.2789647147969938e-05 0.000213830221450845
leaf_weight=1316797.2066498995 2280968.0232542753 1112514.4133946896 1120554.6235294342 714681.45300626755 1757624.5659332275 462325.09738183022 3942590.6184208393 2116768.7656188011 1735675.5603961945 4112323.5543897152 1876669.1609625816 1429961.2871220112 2320975.6599273682 2810104.787571907
leaf_count=1441 1922 1000 913 3431 1176 2812 2430 1329 1268 3010 1197 826 1429 2216
internal_value=0.000444842 0.000328485 0.000514689 0.000371532 0.000510307 -0.00249046 0.000670103 0.000307015 0.000934342 0.000328158 0.0016546 0.000955251 0.000594374 0.00147864
internal_weight=2.91105e+07 2.77937e+07 2.55128e+07 2.44003e+07 2.32797e+07 1.17701e+06 2.21027e+07 1.61474e+07 1.22048e+07 1.00881e+07 5.95527e+06 8.35239e+06 4.0786e+06 6.92243e+06
internal_count=26400 24959 23037 22037 21124 6243 14881 11079 8649 7320 3802 6052 2605 5226
is_linear=0
shrinkage=0.03


Tree=223
num_leaves=15
num_cat=1
split_feature=10 13 11 11 13 10 2 9 2 12 0 10 11 11
split_gain=9683.64 11814.5 20520.4 14857.8 14086.2 11725.1 27274.8 13766.5 11165.2 26195.1 31629.2 24432.7 16852.9 15341.2
threshold=0.82120607435980486 0.77868608343558521 0.94087527417298034 0.96883901988821342 0.67163282598405816 0.99120826366094161 2.5000000000000004 74.500000000000014 4.5000000000000009 1.0222447880274059 0 1.1267163222885357 1.1434764768741965 1.0502959332616639
decision_type=2 2 2 2 2 2 2 2 2 2 1 2 2 2
left_child=-1 4 -3 -4 -2 6 -5 -7 11 -10 -11 13 -13 -9
right_child=1 2 3 5 -6 7 -8 8 9 10 -12 12 -14 -15
leaf_value=-0.00022472159715656556 -0.0010257810030256133 0.00021863540163352015 -0.00021213994329551805 -6.9630044086796262e-05 1.4470684586485035e-05 -0.00016780025781734054 0.00060917343363776509 2.7635152382220515e-05 0.00046453804910119258 0.0001889874297654561 -0.00073543241072712641 0.00062780119499655221 3.4051304454595442e-05 -0.00015626274807953186
leaf_weight=1411008.0604789257 595035.69614899158 1783150.3162032366 1427478.9448816776 1311866.0181478262 688719.75176858902 1918418.995572567 1412757.7972775698 8071049.7053182125 1772505.5394319296 762380.75885772705 692678.34504580498 1450199.9822016954 2029918.977350235 3728692.1482951641
leaf_count=1666 1356 1367 1236 996 838 1637 1401 5338 2255 813 1329 1389 1803 2964
internal_value=0.000269984 0.000393716 0.000530577 0.000305125 -0.00241664 0.000488285 0.00233685 0.000241703 0.000492453 0.00209572 -0.000887243 0.000153796 0.00236275 -0.000497694
internal_weight=2.90559e+07 2.76449e+07 2.63611e+07 2.45779e+07 1.28376e+06 2.31505e+07 2.72462e+06 2.04258e+07 1.85074e+07 3.22756e+06 1.45506e+06 1.52799e+07 3.48012e+06 1.17997e+07
internal_count=26388 24722 22528 21161 2194 19925 2397 17528 15891 4397 2142 11494 3192 8302
cat_boundaries=0 1
cat_threshold=88
is_linear=0
shrinkage=0.03


Tree=224
num_leaves=15
num_cat=3
split_feature=13 16 7 13 12 11 0 12 16 12 13 14 0 0
split_gain=10450.9 23119 17177.8 19598.8 15331.2 12987.9 14766.8 12788.8 12722.2 14781.9 12338.3 9806.83 9851.69 8932.07
threshold=1.0108837424179125 0.066633989729168841 1.0000000180025095e-35 0.83719503076030943 1.0137968994692892 1.0198976407657574 0 1.0747571261860707 0.074945409042165831 1.0365083271516857 1.1949308559376723 0.99069238779689206 1 2
decision_type=2 2 2 2 2 2 1 2 2 2 2 2 1 1
left_child=2 10 7 -4 -5 -3 -7 8 9 11 13 12 -1 -2
right_child=1 5 3 4 -6 6 -8 -9 -10 -11 -12 -13 -14 -15
leaf_value=7.9661528926203395e-05 0.00020556753278815773 -0.00016726447888452381 -0.0014532063442248536 0.00035336060574753719 -0.00026800242586282882 5.6451285436949344e-05 -0.00032892532311026509 0.00032504434949564767 0.00012159695657197584 -0.00024834764811164069 0.00050304890802134775 0.00018189084941329619 -0.00010510074513224541 -6.9275214955703604e-05
leaf_weight=1883190.3285571337 2290347.4545714855 2285960.008559227 736615.90341198444 1150559.0154545307 1223821.568677187 1726701.8876435757 1728369.9267578125 1474899.5286968946 3508861.3231201172 1231955.3192485571 831932.70050156116 2348756.2520993948 3300222.9114096165 3625285.8206107616
leaf_count=1435 2653 1182 1403 1352 1589 939 1107 1228 1477 1462 2508 2086 2857 3371
internal_value=0.000180383 -0.00047738 0.000667636 -0.00134543 -1.91644e-05 -0.00187673 -0.000716083 0.00112317 0.000805977 0.000194816 0.000713232 0.000693092 -3.55874e-05 0.00023215
internal_weight=2.93475e+07 1.24886e+07 1.68589e+07 3.111e+06 2.37438e+06 5.74103e+06 3.45507e+06 1.37479e+07 1.2273e+07 8.76412e+06 6.74757e+06 7.53217e+06 5.18341e+06 5.91563e+06
internal_count=26649 11760 14889 4344 2941 3228 2046 10545 9317 7840 8532 6378 4292 6024
cat_boundaries=0 1 2 3
cat_threshold=337 208 106
is_linear=0
shrinkage=0.03


Tree=225
num_leaves=15
num_cat=2
split_feature=10 14 13 13 11 10 14 16 14 10 2 0 0 2
split_gain=14701.3 9592.05 16779.4 11195.9 13118.9 10046.5 8939.87 10322.6 11358.6 13902.9 8758.52 10089.1 9155.65 8620.21
threshold=0.80264756421392891 1.0941156038416191 1.2645405000245351 1.0108837424179125 0.96938913150432404 0.90372711552493334 1.0196496910063175 0.082150628621246377 0.87740810827334437 1.1037060526275941 2.5000000000000004 0 1 4.5000000000000009
decision_type=2 2 2 2 2 2 2 2 2 2 2 1 1 2
left_child=-1 3 -3 5 -5 -2 7 8 9 -7 12 -12 -10 -6
right_child=1 2 -4 4 13 6 -8 -9 10 -11 11 -13 -14 -15
leaf_value=-0.00027539093137777599 0.00034902737688168956 0.00074906187564523772 -0.00054689139755668449 -0.00026679715966176193 -2.4253802297824672e-05 4.1922168128603219e-05 -0.0001819900160771473 0.00013017752236200924 0.00010372872461799913 -0.0003760824911048956 0.00022803403968985118 -0.00010971588652584387 -0.00017578451110824054 0.0001532020267553727
leaf_weight=1157170.6431728601 1488228.4828770161 992195.43405985832 450995.46666371822 1246749.6861279011 8137534.4768505096 862501.24984169006 1665475.9886692762 2653557.037571907 2457401.4123654366 1006453.4275004864 2433582.2134387493 1077454.6995236874 1939295.1940071583 1655183.8256165981
leaf_count=1373 990 1955 1364 968 5822 1143 1600 1264 1549 1144 1956 1472 1706 2137
internal_value=0.000255247 0.000391873 0.00277393 0.000262748 -0.000468196 0.000780539 0.000533036 0.000809585 0.00035919 -0.00174417 0.000856309 0.00197357 -3.58964e-05 -9.91902e-05
internal_weight=2.92238e+07 2.80666e+07 1.44319e+06 2.66234e+07 1.10395e+07 1.55839e+07 1.40957e+07 1.24302e+07 9.77669e+06 1.86895e+06 7.90773e+06 3.51104e+06 4.3967e+06 9.79272e+06
internal_count=26443 25070 3319 21751 8927 12824 11834 10234 8970 2287 6683 3428 3255 7959
cat_boundaries=0 1 2
cat_threshold=157 338
is_linear=0
shrinkage=0.03


Tree=226
num_leaves=15
num_cat=2
split_feature=1 9 0 12 9 1 1 12 13 12 14 14 0 11
split_gain=9652.17 23578.9 17779 22718.4 12905.8 54178.4 22125 38158.4 19747.2 36962.6 26010.9 22663.2 19727.7 13343.4
threshold=7.5000000000000009 89.500000000000014 0 1.0095804244260049 87.500000000000014 16.500000000000004 17.500000000000004 0.98075970649359323 0.9946885987069799 1.0137025498423149 0.94793288859221747 0.9925975254525472 1 1.01278369294476
decision_type=2 2 1 2 2 2 2 2 2 2 2 2 1 2
left_child=1 -1 3 -3 5 -2 8 -8 10 -10 -6 -11 -12 -14
right_child=4 2 -4 -5 6 -7 7 -9 9 11 12 -13 13 -15
leaf_value=-0.00053003597725078961 0.00031048863546655664 -0.00017052972849214567 -0.00036736057535085198 -0.00052390169594935393 -0.00010257299755174433 -0.00022312388610340494 0.00083024269822500377 4.4883092569802135e-05 -0.00026990168670075005 -0.00013086231324079271 0.00026504529247139069 0.0002197430389385329 -0.0001627527379506754 0.0002835514805132035
leaf_weight=454543.2990334034 2594865.3685436249 650529.67135179043 989713.96702921391 692605.26222217083 4042653.4218463898 1366957.032283783 1014907.46997118 4910475.7504153252 3691054.5772857666 1988122.9744567871 1641790.7428458929 2273486.7412364483 1507881.0410003662 1516766.2997283936
leaf_count=973 1677 984 3327 1082 2610 1295 1121 5365 2234 1264 729 1647 1158 1135
internal_value=0.000271836 -0.00140757 -0.000189622 0.00205853 0.000448157 0.00202749 0.00017114 0.00174561 -0.000388785 -0.00146958 0.00059814 0.000433838 0.00212414 0.00068702
internal_weight=2.93364e+07 2.78739e+06 2.33285e+06 1.34313e+06 2.6549e+07 3.96182e+06 2.25871e+07 5.92538e+06 1.66618e+07 7.95266e+06 8.70909e+06 4.26161e+06 4.66644e+06 3.02465e+06
internal_count=26601 6366 5393 2066 20235 2972 17263 6486 10777 5145 5632 2911 3022 2293
cat_boundaries=0 1 2
cat_threshold=28 272
is_linear=0
shrinkage=0.03


Tree=227
num_leaves=15
num_cat=4
split_feature=10 12 0 11 11 12 0 0 12 0 16 11 12 12
split_gain=8064.32 26477.3 18987.5 17182 22394.5 19467.6 28367.1 21533.8 17246.2 21368.9 15648.3 18409.9 13037.8 12841.6
threshold=1.0658413189851337 1.0281187774485046 0 1.028352128358649 1.021968476268863 1.0137025498423149 1 2 1.0100722254825036 3 0.052979303042598229 0.97193150850967303 0.98613925267429281 1.0475322582993578
decision_type=2 2 1 2 2 2 1 1 2 1 2 2 2 2
left_child=3 2 -2 4 5 6 -1 -7 -5 -10 12 -12 -8 -3
right_child=1 13 -4 8 -6 7 10 -9 9 -11 11 -13 -14 -15
leaf_value=0.00030952430842827401 0.0004959318503402519 -0.00015818144973991203 0.00012389758971710705 -0.00051282941821817994 0.00019685161336888496 0.00032193261958503717 0.00091287378724228582 -6.6675257313144907e-05 0.00011591235630683448 -0.0003304436067161241 -0.00035769017130287089 -3.7073721066355824e-05 -0.00012017310549376425 3.5402067471671619e-05
leaf_weight=2263585.1067447662 1148614.6243607998 1483857.3293073177 1801277.1441407204 1199799.2287847996 1510626.4075809717 1382096.0930379629 576223.67553901672 1293833.0816202164 1774105.88511765 2300238.4691282511 2494335.8311462402 4320610.8542785645 1117119.0620405674 4518530.5535964966
leaf_count=2766 1270 1436 1765 1050 1138 1074 1231 1392 1512 2072 1298 1861 1750 4913
internal_value=0.000187987 0.000937683 0.00326497 -0.00014373 0.000375388 -1.36593e-05 -0.000582569 0.00227647 -0.00161604 -0.00068511 -0.00137664 -0.00201796 0.00120438 -0.00020607
internal_weight=2.91849e+07 8.95228e+06 2.94989e+06 2.02326e+07 1.49584e+07 1.34478e+07 1.07719e+07 2.67593e+06 5.27414e+06 4.07434e+06 8.50829e+06 6.81495e+06 1.69334e+06 6.00239e+06
internal_count=26528 9384 3035 17144 12510 11372 8906 2466 4634 3584 6140 3159 2981 6349
cat_boundaries=0 1 2 3 4
cat_threshold=210 131 408 50
is_linear=0
shrinkage=0.03


Tree=228
num_leaves=15
num_cat=0
split_feature=9 1 11 12 16 1 9 2 12 2 12 16 12 2
split_gain=11754.1 9819.89 24261.4 27333.8 14268.9 10348.7 38140.5 24123.7 19523 19886.9 17477.8 11236 8499.57 8076.91
threshold=68.500000000000014 8.5000000000000018 1.0305996897562559 1.0405475702305094 0.084989138023889382 15.500000000000002 89.500000000000014 1.0000000180025095e-35 0.98075970649359323 1.0000000180025095e-35 1.0049158022346554 0.064391008892545815 1.0137025498423149 1.5000000000000002
decision_type=2 2 2 2 2 2 2 2 2 2 2 2 2 2
left_child=-1 2 13 -4 5 6 -3 -8 -7 -10 -11 12 -9 -2
right_child=1 4 3 -5 -6 8 7 11 9 10 -12 -13 -14 -15
leaf_value=-0.00030829009425308848 0.00021146681394985532 0.00033650439170508195 0.00058665301413221506 -3.1669030968460148e-05 -0.0001397056246812592 0.00050940150322390887 -0.00030029978831142793 -5.7372129338037437e-05 0.00025911487376602439 -0.00017671032746342631 8.8776388085324149e-05 -0.00012937441212076405 0.00014746697636177438 -0.00037173697694000243
leaf_weight=1176085.3363429308 1023299.6349292994 1468772.7486793995 1224727.4458100796 1113997.910561204 2593727.3673038483 1400427.6469917297 1763127.0616455078 2642686.0354919434 1189655.6519212723 1749219.937142849 4455078.3836016655 2733922.8154792786 2827217.0299116373 1767486.037788868
leaf_count=1050 1120 1038 1743 1771 1470 1362 1116 1718 1020 1583 4662 1903 2152 2761
internal_value=0.000235923 0.000359533 0.00154561 0.00379941 9.2969e-05 0.000361556 -0.00023347 -0.000898557 0.0011353 0.000520141 -0.000161147 -0.000214337 0.000570577 -0.000343105
internal_weight=2.91294e+07 2.79533e+07 5.12951e+06 2.33873e+06 2.28238e+07 2.02301e+07 1.14357e+07 9.96695e+06 8.79438e+06 7.39395e+06 6.2043e+06 8.20383e+06 5.4699e+06 2.79079e+06
internal_count=26469 25419 7395 3514 18024 16554 7927 6889 8627 7265 6245 5773 3870 3881
is_linear=0
shrinkage=0.03


Tree=229
num_leaves=15
num_cat=1
split_feature=10 10 16 3 2 11 10 16 11 11 11 2 14 0
split_gain=10657.7 20961 19935.5 20149.2 28372.3 27860.5 32724.1 20484.2 16958.8 18509.1 18964.8 21021.3 16534.8 19147.1
threshold=1.0366124446983094 1.0449516634702618 0.091212508674444179 1.5000000000000002 1.0000000180025095e-35 0.99884827123419984 1.0181747271877069 0.069323036293978832 1.0275274932361529 1.0144223363856211 1.0001372609616839 2.5000000000000004 1.0525521510896121 0
decision_type=2 2 2 2 2 2 2 2 2 2 2 2 2 1
left_child=2 -2 3 4 -1 7 -7 -5 9 10 11 -6 -3 -14
right_child=1 12 -4 5 8 6 -8 -9 -10 -11 -12 -13 13 -15
leaf_value=-0.00014080675871601882 0.00026816199072305405 -3.6220468548537314e-06 -0.00027993293563623059 -0.00020459870525233584 0.0003681780823490753 0.00045957941200919678 -0.00047522810373971654 -0.0011747325494579123 -0.00020080994208234687 0.00027573549420632673 -0.00017070455576882572 -2.640297959167094e-06 0.0011541788299903144 1.9188797711158956e-05
leaf_weight=2211476.0167213678 1963916.2746168375 10932925.826533437 1359675.0288200378 742379.83451366425 2182741.8146908283 724392.68642914295 725741.13362956047 905413.70104980469 1360478.6302574873 1493982.766456008 1644931.3429167271 1932880.8468124866 524782.49830067158 621046.76835775375
leaf_count=1742 1436 9636 604 1536 1752 1095 921 716 1171 1001 1277 1436 1185 1027
internal_value=0.000236082 0.000832726 -0.000312102 2.64652e-05 0.000636921 -0.00210693 0.000925758 -0.00477582 0.00141502 0.00199144 0.00121973 0.00230796 0.000365364 0.00379397
internal_weight=2.93268e+07 1.40427e+07 1.52841e+07 1.39244e+07 1.08265e+07 3.09793e+06 1.45013e+06 1.64779e+06 8.61502e+06 7.25454e+06 5.76055e+06 4.11562e+06 1.20788e+07 1.14583e+06
internal_count=26535 13284 13251 12647 8379 4268 2016 2252 6637 5466 4465 3188 11848 2212
cat_boundaries=0 1
cat_threshold=181
is_linear=0
shrinkage=0.03


Tree=230
num_leaves=15
num_cat=1
split_feature=12 11 3 11 11 9 10 1 10 12 10 14 0 1
split_gain=13442.8 12341.1 13851.8 62930.2 28091.4 20036 20575.5 18825.4 26650 17312.3 23507.3 19101.8 28720.8 25239.8
threshold=0.94365407296847026 0.92833667948537613 1.0000000180025095e-35 0.97444208477667915 1.1306875756434625 80.500000000000014 0.99949619706298598 10.500000000000002 1.046044138653544 1.0039311402383728 1.011668313780669 0.95755032181688737 0 9.5000000000000018
decision_type=2 2 2 2 2 2 2 2 2 2 2 2 1 2
left_child=-1 -2 9 -4 5 -5 -7 8 -8 10 -3 -11 13 -13
right_child=1 2 3 4 -6 6 7 -9 -10 11 -12 12 -14 -15
leaf_value=-0.00033044678048021645 0.00020243721459490397 0.00050435819781160206 -0.0017477557672737492 -0.00047258795140526052 -0.00050194816249193625 0.00051005036910230358 -0.00026771648145856473 -5.0165936456403082e-05 0.00054293948217151266 0.00010992413451258914 1.6643450578215248e-05 -0.00022951045559258055 -0.00020128230016001341 0.00022198451500279258
leaf_weight=1200164.0321606398 2086993.3251297474 1921118.4911745787 904944.78421592712 990030.35177826881 887688.61786723137 1096058.7763863802 663449.98712897301 3659540.4749263525 647681.86308670044 4262791.4593691826 2544226.522544384 1187611.2477607727 3815951.866765976 3232514.6106317043
leaf_count=1479 1724 1461 967 1044 1288 1204 1000 3365 1072 3793 1676 1255 2440 2702
internal_value=0.000164432 0.000298161 0.000118759 -0.00084343 1.04037e-05 0.000643112 0.00128887 0.000468465 0.0035529 0.000620686 0.00222408 4.78584e-05 -0.000795884 0.000850168
internal_weight=2.91008e+07 2.79006e+07 2.58136e+07 8.84939e+06 7.94445e+06 7.05676e+06 6.06673e+06 4.97067e+06 1.31113e+06 1.69642e+07 4.46535e+06 1.24989e+07 8.23608e+06 4.42013e+06
internal_count=26470 24991 23267 9940 8973 7685 6641 5437 2072 13327 3137 10190 6397 3957
cat_boundaries=0 1
cat_threshold=358
is_linear=0
shrinkage=0.03


Tree=231
num_leaves=15
num_cat=3
split_feature=10 10 11 10 10 11 0 12 11 0 11 0 2 12
split_gain=10532.2 10579.5 10830.5 31740.1 12035.8 10675.6 24786.3 14477.4 24225.7 19348.5 23290.4 18672.9 28930.9 14738.3
threshold=0.82120607435980486 0.90372711552493334 0.96938913150432404 1.0335834421676138 0.98137359294060911 1.0025409389413917 0 1.0081464412505341 1.016828407656591 1 1.0204143974676605 2 1.5000000000000002 1.031134868810583
decision_type=2 2 2 2 2 2 1 2 2 1 2 1 2 2
left_child=-1 -2 3 -3 -4 6 -6 9 -9 -7 -11 12 -10 -14
right_child=1 2 4 -5 5 7 -8 8 11 10 -12 -13 13 -15
leaf_value=-0.00024878237268582558 0.00017694485149222995 -0.00046725004793594509 0.00028468660226860953 5.4024662314856784e-05 0.0001532567839129157 0.00052069180210038491 -0.00025743573755808864 -0.00054330830064882208 -0.00055722587289434259 0.00019209000306434233 -0.00014867852578714634 8.0493960681531332e-05 0.00027532687454752012 -0.00032207587292821621
leaf_weight=1433729.6451883316 1728389.2353924513 1360280.1954032183 1289376.0316946507 1229368.9466649294 1216234.2784029245 1655289.2375811338 1419128.8773914576 1122770.7082527876 1449692.7968101501 1732129.0463734865 1832666.4912538528 8985209.4014797211 1356800.8004114628 1505153.8591164351
leaf_count=1676 1324 1157 1364 1016 1455 1590 849 919 1222 1190 1395 8690 1198 1596
internal_value=0.000196884 0.000325827 0.000175603 -0.00166595 0.000377983 0.000214861 -0.00157804 0.000455443 -3.46311e-05 0.00180919 0.000564591 0.000322686 -0.00130022 0.000448764
internal_weight=2.93162e+07 2.78825e+07 2.61541e+07 2.58965e+06 2.35645e+07 2.22751e+07 2.63536e+06 1.96397e+07 1.44196e+07 5.22008e+06 3.5648e+06 1.32969e+07 4.31165e+06 2.86195e+06
internal_count=26641 24965 23641 2173 21468 20104 2304 17800 13625 4175 2585 12706 4016 2794
cat_boundaries=0 1 2 3
cat_threshold=171 234 138
is_linear=0
shrinkage=0.03


Tree=232
num_leaves=15
num_cat=0
split_feature=10 10 10 1 14 12 2 12 12 12 12 14 12 10
split_gain=11507 9811.26 10169.5 15301 20405.9 13734.7 14282.9 27622.3 29366.9 20019.5 37515.3 11888.8 24328.2 27769.4
threshold=0.82120607435980486 0.90372711552493334 1.0366124446983094 8.5000000000000018 0.9693596859299255 0.9880996573646984 2.5000000000000004 1.0182782321369752 1.0320796884488568 1.0552800080532883 1.024112885485482 0.93265428410218798 0.9931501175091878 0.99547996673316497
decision_type=2 2 2 2 2 2 2 2 2 2 2 2 2 2
left_child=-1 -2 11 4 -4 -5 9 -8 -9 10 -7 -3 -13 -14
right_child=1 2 3 5 -6 6 7 8 -10 -11 -12 12 13 -15
leaf_value=-0.00033955235887289561 0.00013140336826407547 -0.00031645450459277656 0.00038029726852468625 0.00024686433312543052 8.3527833167490269e-06 0.0001791457866073121 -0.00043028682378312987 0.00031495034193423888 -0.00017753453046901377 0.00025070969725441138 -0.00037192015643274683 0.0002769945605871723 -0.00028436910676103152 2.2239685033072373e-05
leaf_weight=1364119.8732743263 1754806.6258769035 1435248.3206489086 1187681.4269859791 1730149.4478502274 1331607.2473448515 1608298.0123505592 1114753.0625898838 1090423.9864983559 2453335.348510623 2037645.0487635136 1375887.3166685104 1683305.001131773 2820627.4833405018 6143335.5101416111
leaf_count=1639 1315 1703 1667 1322 2139 1213 944 848 2536 1658 964 1398 2400 4741
internal_value=0.000183418 0.000315573 0.000169105 0.000721549 0.00283758 0.000254356 -0.000185667 -0.00138211 -8.64647e-05 0.000924214 -0.000640981 -0.000467801 -0.000122295 -0.000743719
internal_weight=2.91312e+07 2.77671e+07 2.60123e+07 1.39298e+07 2.51929e+06 1.14105e+07 9.68034e+06 4.65851e+06 3.54376e+06 5.02183e+06 2.98419e+06 1.20825e+07 1.06473e+07 8.96396e+06
internal_count=26487 24848 23533 13291 3806 9485 8163 4328 3384 3835 2177 10242 8539 7141
is_linear=0
shrinkage=0.03


Tree=233
num_leaves=15
num_cat=0
split_feature=2 12 1 11 1 12 10 10 12 12 12 2 12 12
split_gain=10752 16486.9 30177 23600.8 22079.7 12062.1 10194.8 12481.8 43959.5 19325.9 18578.2 20567.5 20820.7 19140.6
threshold=1.0000000180025095e-35 0.98075970649359323 16.500000000000004 0.94582335825913144 11.500000000000002 1.0004275174568331 0.99120826366094161 1.0654250738835296 1.0243090240668089 1.0475322582993578 0.99977566849591148 4.5000000000000009 1.0121640620794861 1.0243090240668089
decision_type=2 2 2 2 2 2 2 2 2 2 2 2 2 2
left_child=5 2 4 -3 -2 -1 -5 10 -9 -10 -8 13 -13 -12
right_child=1 3 -4 6 -6 -7 7 8 9 -11 11 12 -14 -15
leaf_value=-0.00023935836503600393 0.00015877740429910876 -0.00038089768064683609 0.00078180829215499415 0.00020099893463445924 -0.00026581289074905734 -9.8892479118188894e-06 -0.00051549757750678357 0.00058496011381635189 -0.0002732301262012064 9.1643309304712746e-05 -0.000134539091750302 0.00059265173270435284 -2.9292761035788885e-05 9.7556931784785911e-05
leaf_weight=1515761.1980825663 1226829.4714112282 1304663.1885843277 1101987.086192131 2944040.8833636045 1163680.0532226562 3550493.7653204203 1216487.8946561813 1262833.7983332872 1488488.6555685997 3851295.539935112 5283372.1248420477 855693.16915214062 912015.66440713406 1603643.3873602152
leaf_count=1155 1422 1067 1105 2780 793 2824 1099 1403 1472 4234 3774 953 1282 1210
internal_value=0.000160594 0.000423543 0.00233033 0.000102181 0.000436962 -0.00109622 0.00036461 7.40173e-05 0.00108371 -0.000106709 -0.000601344 -0.000113405 0.00277325 -0.000854332
internal_weight=2.92813e+07 2.4215e+07 3.4925e+06 2.07225e+07 2.39051e+06 5.06625e+06 1.94179e+07 1.64738e+07 6.60262e+06 5.33978e+06 9.87121e+06 8.65472e+06 1.76771e+06 6.88702e+06
internal_count=26573 22594 3320 19274 2215 3979 18207 15427 7109 5706 8318 7219 2235 4984
is_linear=0
shrinkage=0.03


Tree=234
num_leaves=15
num_cat=2
split_feature=10 11 10 11 0 11 0 10 13 11 10 10 11 10
split_gain=10319 10481.4 8696.54 24579.2 20784 11660.6 10846 19677.9 14581.2 9725.14 23002.6 15811 23765 25897.1
threshold=0.82120607435980486 1.1671507471139435 1.0821230818239316 1.0702650376535423 0 1.0993817019966132 1 1.0449516634702618 1.0317660564421081 1.0502959332616639 1.0395588043783788 1.0169331504814727 1.0089144817108773 0.90372711552493334
decision_type=2 2 2 2 1 2 1 2 2 2 2 2 2 2
left_child=-1 2 6 -4 -5 -6 7 8 -2 10 11 12 13 -8
right_child=1 -3 3 4 5 -7 9 -9 -10 -11 -12 -13 -14 -15
leaf_value=-0.00030221093848382149 0.00010399702964940188 -0.00012839767813159708 0.00051680122541809825 0.00044740523150649014 -0.00046328459798869974 3.6794654274417156e-05 0.00038057932095770001 -0.0004857863934889164 -0.00019266696937896336 -9.0989216228112908e-05 0.00017358541051193702 -7.0492578000992462e-05 0.00028406143513422542 -6.1277018490875799e-05
leaf_weight=1392424.4173092842 2555620.6999126673 1749849.9894737005 1264750.4956790209 1455203.2051523924 1065452.722415328 1735827.0888762474 1168551.0854626894 1330160.9651247263 1317637.8345874548 2181414.2899491787 2821852.0334578753 3656287.99414289 1704882.6805871725 4078572.7697246075
leaf_count=1668 1997 1824 1181 1693 1357 1853 879 1095 1181 1986 2222 2772 1241 3678
internal_value=0.00034729 0.000472266 0.000621652 0.00168014 0.000589046 -0.000921886 0.000340884 -0.000845287 0.000235846 0.000736242 0.00103801 0.000397666 0.0012376 0.000237775
internal_weight=2.94785e+07 2.80861e+07 2.63362e+07 5.52123e+06 4.25648e+06 2.80128e+06 2.0815e+07 5.20342e+06 3.87326e+06 1.56116e+07 1.34301e+07 1.06083e+07 6.95201e+06 5.24712e+06
internal_count=26627 24959 23135 6084 4903 3210 17051 4273 3178 12778 10792 8570 5798 4557
cat_boundaries=0 1 2
cat_threshold=67 5
is_linear=0
shrinkage=0.03


Tree=235
num_leaves=15
num_cat=2
split_feature=14 13 2 3 10 16 1 1 0 13 14 0 10 10
split_gain=8063.07 18227.6 12634.8 11076.3 26367.7 21439 17957.6 14435 14245.6 12925.1 17242.3 17315.7 10341.8 9567.19
threshold=1.0784196890702222 1.2770952051181925 2.5000000000000004 1.0000000180025095e-35 0.90675470765210653 0.081308984922925889 7.5000000000000009 17.500000000000004 0 0.97914387632358701 0.93768177000603836 1 1.0281371528762648 1.0596278767251972
decision_type=2 2 2 2 2 2 2 2 1 2 2 1 2 2
left_child=3 2 -2 6 -5 7 8 13 -1 10 11 -8 -12 -6
right_child=1 -3 -4 4 5 -7 9 -9 -10 -11 12 -13 -14 -15
leaf_value=-1.1815867575665696e-05 -7.0600689102500886e-06 -0.00094453313946529359 0.00076734206747942804 -0.00090467494003174055 0.00022473729851596723 -0.00028449296141891698 0.00023880488620250519 -0.00016388256787567345 -0.00054724816672182945 8.907312054646908e-06 0.00030680611175367068 -0.00015400702089226665 8.9727596616802203e-05 -9.3822507582545497e-06
leaf_weight=1187690.0274550915 677895.4794511795 490997.99456632137 949194.49106252193 1090076.4243674278 2746580.6526494026 1752012.2496614456 1509744.8909578323 1769134.8487360477 710468.67368209362 9082337.4397602081 2449968.41294384 1476092.3649115562 1610723.2635011673 1669394.4636934996
leaf_count=1372 994 1530 1830 1008 2676 1130 1271 2293 1429 5487 1432 935 1096 2015
internal_value=0.000290981 0.00207349 0.00360228 0.000151427 -0.000706372 -0.000105505 0.000580979 0.00072432 -0.00217909 0.000905803 0.00186996 0.000139351 0.00314248 0.00164165
internal_weight=2.91723e+07 2.11809e+06 1.62709e+06 2.70542e+07 9.0272e+06 7.93712e+06 1.8027e+07 6.18511e+06 1.89816e+06 1.61289e+07 7.04653e+06 2.98584e+06 4.06069e+06 4.41598e+06
internal_count=26498 4354 2824 22144 9122 8114 13022 6984 2801 10221 4734 2206 2528 4691
cat_boundaries=0 1 2
cat_threshold=156 199
is_linear=0
shrinkage=0.03


Tree=236
num_leaves=15
num_cat=0
split_feature=10 11 10 13 14 10 11 11 2 9 13 9 10 14
split_gain=6785.59 13320.7 14410.1 7364.07 32546 8154.3 9244.52 12523.2 13908.6 20252.4 20422.3 19163.5 20134.9 19249.1
threshold=0.80264756421392891 0.91408087203224231 0.90675470765210653 0.81454381478994542 0.88037675086529255 1.184584628071115 1.0546192281003315 1.0420271971538217 2.5000000000000004 88.500000000000014 1.0395865760467105 85.500000000000014 1.0126286975463843 0.97624014042274398
decision_type=2 2 2 2 2 2 2 2 2 2 2 2 2 2
left_child=-1 -2 -3 4 -4 6 7 8 11 -10 -11 -5 -13 -14
right_child=1 2 3 5 -6 -7 -8 -9 9 10 -12 12 13 -15
leaf_value=-0.00017896748161208624 0.00034023868659930603 -0.00032454264087346376 -0.0013311324766439561 0.00012464413689051811 0.00015575352869174377 0.00026288905612463883 -5.065111435822394e-05 0.0001728361150524328 -0.00013596244258748762 0.0002890363000807549 -2.2481100666833824e-05 -0.0002559872880793097 0.00019261400116265119 -0.00011884439252915462
leaf_weight=1135289.6094777584 1394858.3804123402 1265998.4954637289 607086.80451452732 1606838.7207385302 503167.59616494179 1714290.0634921789 6941521.7684055567 1498569.4315091372 1863865.8788366318 3162347.0544530153 1891307.5536961555 2143337.7693516016 1513470.4219274521 2021700.7307099104
leaf_count=1362 1118 965 1081 996 1173 1855 6651 1212 1454 2585 2174 1535 994 1369
internal_value=0.000257777 0.000349554 0.000200429 0.000355721 -0.00203368 0.000464636 0.000313601 0.000716647 0.00044144 0.00140488 0.00239068 -0.000473356 -0.00129183 9.91478e-05
internal_weight=2.92637e+07 2.81284e+07 2.67335e+07 2.54675e+07 1.11025e+06 2.43572e+07 2.2643e+07 1.57014e+07 1.42029e+07 6.91752e+06 5.05365e+06 7.28535e+06 5.67851e+06 3.53517e+06
internal_count=26524 25162 24044 23079 2254 20825 18970 12319 11107 6213 4759 4894 3898 2363
is_linear=0
shrinkage=0.03


Tree=237
num_leaves=15
num_cat=3
split_feature=14 13 0 3 12 11 10 1 13 14 14 0 10 0
split_gain=7301.63 10733.9 13984.5 8402.77 28187.9 83344.1 25649.2 15901.9 12255 23386.1 12363.5 10851.3 9576.54 13334.5
threshold=1.0762140636938837 1.2546625793558597 0 1.0000000180025095e-35 0.98075970649359323 0.99884827123419984 1.0169331504814727 10.500000000000002 0.97028950630864397 0.98347962491359531 0.94220166620880963 1 0.99949619706298598 2
decision_type=2 2 1 2 2 2 2 2 2 2 2 1 2 1
left_child=3 2 -2 8 -5 -6 -7 -8 9 12 -10 -12 -1 -14
right_child=1 -3 -4 4 5 6 7 -9 10 -11 11 -13 13 -15
leaf_value=-0.00014518288451327064 0.00076958164645409661 -0.00035074439424195251 8.4813860205987241e-05 0.0002743732155164961 -0.00095683653279080667 0.00034280156000820924 0.00013983764707579886 -0.00015449024837321953 8.2784040392013816e-05 0.00035264245795465035 6.0522282221965444e-05 -0.00010582429519429854 0.00018799828581786795 -6.3154257044011373e-05
leaf_weight=1599210.3225752115 680084.28296089172 563903.50700032711 1007668.5244671106 1322222.8577508926 1497984.0788840055 1347394.8189496994 1231586.4765745401 3439608.2226772308 2009779.7710648775 1823410.7260755301 3865073.2334301472 4905569.9057666063 1235496.4934871197 2443211.5922822952
leaf_count=1217 1143 1609 1720 1300 1390 1369 1785 3124 1606 1371 2897 2677 968 2199
internal_value=0.000132118 0.00177275 0.00297004 -6.13298e-06 -0.000762823 -0.00147338 0.000102616 -0.000949211 0.000367893 0.00133555 -0.000269527 -0.000755859 0.000323641 0.0011662
internal_weight=2.89722e+07 2.25166e+06 1.68775e+06 2.67205e+07 8.8388e+06 7.51657e+06 6.01859e+06 4.67119e+06 1.78818e+07 7.10133e+06 1.07804e+07 8.77064e+06 5.27792e+06 3.67871e+06
internal_count=26375 4472 2863 21903 8968 7668 6278 4909 12935 5755 7180 5574 4384 3167
cat_boundaries=0 1 2 3
cat_threshold=281 358 400
is_linear=0
shrinkage=0.03


Tree=238
num_leaves=15
num_cat=2
split_feature=11 10 13 3 11 0 0 10 14 10 11 13 10 14
split_gain=8982.67 18771.3 8133.92 11270.9 9481.08 15578.8 10933.5 18738.9 27475.9 22490.8 33428.7 25235.8 16658.3 12773.2
threshold=1.1671507471139435 1.1541225501345296 1.1600159955609464 1.0000000180025095e-35 1.0816503814833049 0 1 1.0390686685543671 0.9975172121560284 1.0157067546290344 1.0074632817481786 1.0077947430343481 0.90372711552493334 0.99829009821466419
decision_type=2 2 2 2 2 1 1 2 2 2 2 2 2 2
left_child=1 2 4 -4 6 -6 -1 9 -9 10 12 -11 -8 -14
right_child=-2 -3 3 -5 5 -7 7 8 -10 11 -12 -13 13 -15
leaf_value=-5.1709372924022028e-05 -0.00017920825975775232 0.00050953808926186886 0.00060537803324824384 -1.570940976246321e-05 -0.00024256648542671154 2.4803324225942738e-05 9.9328798225100447e-05 0.00018093924489907869 -6.10665962868379e-05 -0.00029081637933191815 0.00014077770138480641 7.2532639301434954e-05 2.5116441755486041e-05 -0.00035389367825351236
leaf_weight=9067738.9823772907 1742796.8031089306 1128040.2473073006 761546.61377024651 813483.78954994678 1341271.4991260767 1620447.2104662657 1590825.9052586555 2735752.898399353 1297947.9727555513 1363717.7892767191 1656085.1507079601 1348456.1987960339 1308490.1391284466 1561607.6709270477
leaf_count=6514 1784 1535 1389 1720 787 2073 1572 2231 1256 1210 1161 825 1208 1260
internal_value=9.0002e-05 0.000221922 6.03909e-05 0.00215115 -7.18992e-05 -0.0016651 0.000143262 0.000705675 0.00239975 -6.82785e-05 0.000939935 -0.00234219 -0.00041133 -0.00177619
internal_weight=2.93382e+07 2.75954e+07 2.64674e+07 1.57503e+06 2.48923e+07 2.96172e+06 2.19306e+07 1.28629e+07 4.0337e+06 8.82918e+06 6.11701e+06 2.71217e+06 4.46092e+06 2.8701e+06
internal_count=26525 24741 23206 3109 20097 2860 17237 10723 3487 7236 5201 2035 4040 2468
cat_boundaries=0 1 2
cat_threshold=26 13
is_linear=0
shrinkage=0.03


Tree=239
num_leaves=15
num_cat=1
split_feature=12 1 10 10 10 1 10 12 13 10 0 12 10 12
split_gain=11523.3 32214.1 27727.4 30231.4 15290.2 14819.1 11978 19637.4 9349.18 12450 8503.84 15984.3 16619.6 12013.4
threshold=0.99977566849591148 18.500000000000004 0.91803706662057427 1.011668313780669 0.95679863267342224 19.500000000000004 0.99547996673316497 1.0050357263641356 1.1358245281939967 1.1714616938353537 0 1.0149511273734639 1.1039426284101042 1.0233061924905116
decision_type=2 2 2 2 2 2 2 2 2 2 1 2 2 2
left_child=1 2 -1 -4 -2 6 -6 -8 9 10 13 -12 -13 -9
right_child=4 -3 3 -5 5 -7 7 8 -10 -11 11 12 -14 -15
leaf_value=-0.00059990025504518527 0.00046352291642979637 0.00049109843759021833 0.00036829568024567276 -0.00013888469251771533 -0.00012570503468910062 -0.00030761692130063672 0.00022769006170750381 3.634362848056839e-05 -0.00026288420182308072 0.00034232936979990629 -7.3679129598871643e-05 0.00020337209710472593 -5.426896389860607e-05 -0.00030918690699950927
leaf_weight=2101067.5913378 1139607.2400677204 1242085.6168527603 1550950.5772227049 3223750.3146924973 1930405.7093726397 1783324.2347962856 2072606.5243546963 1402965.9021542072 1213122.04342556 1674597.7404793501 2541397.160500288 3983511.3681038618 1698104.4122152328 1721734.353592515
leaf_count=1789 1096 1708 1319 2425 1518 3509 1379 1094 1786 1642 1564 2987 1337 1410
internal_value=9.80141e-05 -0.000862894 -0.00166612 -0.000402369 0.000466634 0.000274245 0.000529458 0.000793968 0.000396744 0.0006314 0.000275061 0.000781309 0.00166592 -0.00105719
internal_weight=2.92792e+07 8.11785e+06 6.87577e+06 4.7747e+06 2.11614e+07 2.00218e+07 1.82384e+07 1.6308e+07 1.42354e+07 1.30223e+07 1.13477e+07 8.22301e+06 5.68162e+06 3.1247e+06
internal_count=26563 7241 5533 3744 19322 18226 14717 13199 11820 10034 8392 5888 4324 2504
cat_boundaries=0 1
cat_threshold=137
is_linear=0
shrinkage=0.03


Tree=240
num_leaves=15
num_cat=1
split_feature=11 12 12 12 1 12 12 12 12 12 11 11 0 16
split_gain=10620.3 10944.4 43172.6 29792.6 25398.2 23193 12043.8 25482.4 14269.6 10254.1 24188.1 22050.1 25149.5 17833.8
threshold=0.86277403626205151 0.9986158363148413 0.99055910426597582 1.0015572315294419 17.500000000000004 0.9689176920627357 1.0049158022346554 1.0081464412505341 1.0107535664831071 1.0375626961833271 1.0113161475382382 1.0308370703839311 0 0.056267559538562863
decision_type=2 2 2 2 2 2 2 2 2 2 2 2 1 2
left_child=-1 2 4 -3 5 -2 -5 -8 -9 10 -10 12 -12 -13
right_child=1 3 -4 6 -6 -7 7 8 9 -11 11 13 -14 -15
leaf_value=0.00035964383546301435 -0.00023518682088826393 0.00041024086759682796 -0.00085943924781939601 -0.00013347543431801637 0.00032180679354654358 -0.00016428332975506566 0.00032709632397028422 -0.00030500673614086059 0.00040592410050453563 -6.5609103131891456e-05 4.5484499263508676e-05 -0.0001406938620428004 -0.00059726979647684042 0.00021855265043911712
leaf_weight=1171826.1228746176 1933906.5214102268 1419920.2406742573 1165871.4791126251 2165154.4638506174 1221107.3598051071 2039779.7832535505 1731237.1172584295 1144766.2951911688 1259659.0575944185 6749875.3792468309 1343789.4643039703 1384465.023896575 1331674.3256348372 3226524.5783314705
leaf_count=1304 1647 1073 1087 1584 1236 1508 1309 854 1357 7037 1075 2329 1039 1999
internal_value=5.95404e-05 -5.70801e-05 -0.00115173 0.00026294 1.9159e-05 -0.00114368 -3.03939e-05 0.000221607 -0.000142944 9.88449e-05 0.000789156 0.000125556 -0.00204098 0.00138266
internal_weight=2.92896e+07 2.81177e+07 6.36067e+06 2.17571e+07 5.19479e+06 3.97369e+06 2.03371e+07 1.8172e+07 1.64408e+07 1.5296e+07 8.54611e+06 7.28645e+06 2.67546e+06 4.61099e+06
internal_count=26438 25134 5478 19656 4391 3155 18583 16999 15690 14836 7799 6442 2114 4328
cat_boundaries=0 1
cat_threshold=464
is_linear=0
shrinkage=0.03


Tree=241
num_leaves=15
num_cat=3
split_feature=11 11 0 16 14 1 14 14 13 2 16 0 0 12
split_gain=9262.1 14325.1 44538.3 8323.47 17967.7 10787.2 30045.7 24866.9 12262.2 14187.9 17935.4 12224 10431.9 10278.5
threshold=0.86277403626205151 0.96938913150432404 0 0.025470788926295406 1.0024343446213029 8.5000000000000018 0.86517391091762808 0.98782129732423263 0.97709518418763774 4.5000000000000009 0.05516457443449433 1 2 1.0222447880274059
decision_type=2 2 1 2 2 2 2 2 2 2 2 1 1 2
left_child=-1 2 -2 4 -3 7 -7 -5 12 10 -10 -12 -8 -14
right_child=1 3 -4 5 -6 6 8 -9 9 -11 11 -13 13 -15
leaf_value=0.00038736934202526383 0.00011833354819781943 -0.00073891396239748018 -0.00063066120031430456 0.00026452676438490683 0.00049436515656555878 -0.00036145950215550631 0.00015339949906128167 -2.0433117041774936e-05 0.00017943860785397231 0.00024613873566938876 2.8806407435819605e-05 -0.00015253378048748364 0.00023851664793108062 -8.7447781138509851e-05
leaf_weight=1136055.266703248 2429125.9945378304 673570.02151584625 1999685.7899229527 1930062.4593443871 498190.13364541531 1660792.8207070827 1781186.9539318085 1990057.0385305882 2246261.3070526123 2298952.4076635838 2484869.2828369141 4219453.5350189209 2090759.2595672607 1822405.0199661255
leaf_count=1281 1983 3322 1735 1126 2988 1245 866 1247 1645 2230 1821 1911 1588 1554
internal_value=0.000278615 0.000171345 -0.00139476 0.000464044 -0.0020011 0.000592283 0.000290924 0.00202252 0.000668368 9.41796e-05 -0.000445769 -0.0012231 0.00180271 0.000936395
internal_weight=2.92614e+07 2.81254e+07 4.42881e+06 2.36966e+07 1.17176e+06 2.25248e+07 1.86047e+07 3.92012e+06 1.69439e+07 1.12495e+07 8.95058e+06 6.70432e+06 5.69435e+06 3.91316e+06
internal_count=26542 25261 3718 21543 6310 15233 12860 2373 11615 7607 5377 3732 4008 3142
cat_boundaries=0 1 2 3
cat_threshold=401 99 272
is_linear=0
shrinkage=0.03


Tree=242
num_leaves=15
num_cat=2
split_feature=12 13 16 3 12 12 12 1 2 0 16 16 0 13
split_gain=11581.7 13221.7 15091.4 13427.4 13368.1 19679.8 10489.5 10367.1 12588 10199.9 10040.1 9552.8 9262.59 8936.27
threshold=0.94365407296847026 1.0108837424179125 0.052673485965430346 1.5000000000000002 1.0703241224694275 1.0375626961833271 1.0056064912116331 10.500000000000002 2.5000000000000004 0 0.068187999090089851 0.08093095206115429 1 0.96918224053381696
decision_type=2 2 2 2 2 2 2 2 2 1 2 2 1 2
left_child=-1 3 9 4 5 7 -4 13 12 -3 -8 -5 -9 -2
right_child=1 2 6 11 -6 -7 10 8 -10 -11 -12 -13 -14 -15
leaf_value=-0.0002615729523977973 0.00033169416559486448 0.00046607158193205618 -0.00015713667072397207 2.0423150380034774e-05 0.00026041625854189495 -0.0002509296354408931 9.0428879803617122e-05 0.00012423088709158465 0.0001547769437728576 -6.1606573188464648e-05 -6.3831342895809761e-05 -0.00051196112796652866 -7.1939976707097216e-05 1.6506029966687302e-05
leaf_weight=1226318.2638353109 1899876.8619186878 1373048.0196832418 3495660.0939178467 2145434.003223896 1638913.4113315344 1495627.4014904499 2826455.7305688858 1856510.0742416382 2344450.6666390896 1053018.3108710051 3373142.4517402649 770447.09152960777 2431760.6005449295 1310495.3587354422
leaf_count=1502 1917 2560 1874 3330 1450 1425 2028 1463 1500 2781 1961 596 1261 796
internal_value=0.000176419 0.000301335 -0.000444951 0.000870496 0.00128382 0.000917762 -0.000974472 0.00140495 0.000727596 0.00167116 -0.000233499 -0.000969089 -0.000238751 0.00280438
internal_weight=2.92412e+07 2.80148e+07 1.21213e+07 1.58935e+07 1.29776e+07 1.13387e+07 9.69526e+06 9.84309e+06 6.63272e+06 2.42607e+06 6.1996e+06 2.91588e+06 4.28827e+06 3.21037e+06
internal_count=26444 24942 11204 13738 9812 8362 5863 6937 4224 5341 3989 3926 2724 2713
cat_boundaries=0 1 2
cat_threshold=58 453
is_linear=0
shrinkage=0.03


Tree=243
num_leaves=15
num_cat=3
split_feature=10 12 0 0 12 12 12 10 11 11 0 1 14 1
split_gain=11314 24901.2 35915.6 13585.8 18548.3 12098.3 33629.2 20756.5 20250.7 14882.1 10514.2 18245 17935.2 17409.6
threshold=1.0658413189851337 1.0281187774485046 0 1 1.0735842439152392 0.99977566849591148 0.99379942660604637 1.011668313780669 0.9442096572761115 0.86277403626205151 2 18.500000000000004 1.0097580670986954 13.500000000000002
decision_type=2 2 1 1 2 2 2 2 2 2 1 2 2 2
left_child=5 2 -2 -3 -5 6 7 8 9 -1 11 -7 13 -12
right_child=1 3 -4 4 -6 10 -8 -9 -10 -11 12 -13 -14 -15
leaf_value=0.00024165021749109433 0.00054860774679419571 0.00012771447711391301 1.5186865662602829e-05 -0.00033511358974640162 1.6844389026053138e-05 6.6314094336020375e-05 -0.00053058764067271118 -0.00016863105414985594 0.00049544171560445677 -0.00031003342339900848 -0.0004542906715536825 -0.00028347424889078464 0.00020893240799423169 -1.6012731407700689e-05
leaf_weight=1078241.5357533693 1158105.0599491596 3091896.6616959572 1755918.0034524202 1263707.1626461744 1639821.5660215616 7660900.8042451143 1253761.7840828896 2079000.9743795395 1049751.2235223055 1217761.078573823 1417077.658313632 1378215.7928142548 1729494.3688027859 1415124.5590715408
leaf_count=1244 1273 3842 1739 985 1486 5204 1016 1600 1008 1030 1359 1602 1884 1249
internal_value=-9.37696e-05 0.000797325 0.00307226 -0.000308389 -0.00178207 -0.00048526 -0.00153094 -0.000507513 0.000955298 -0.000622863 2.82093e-05 0.000620761 -0.00114594 -0.00261592
internal_weight=2.91888e+07 8.90945e+06 2.91402e+06 5.99543e+06 2.90353e+06 2.02793e+07 6.67852e+06 5.42475e+06 3.34575e+06 2.296e+06 1.36008e+07 9.03912e+06 4.5617e+06 2.8322e+06
internal_count=26521 9325 3012 6313 2471 17196 5898 4882 3282 2274 11298 6806 4492 2608
cat_boundaries=0 1 2 3
cat_threshold=210 357 122
is_linear=0
shrinkage=0.03


Tree=244
num_leaves=15
num_cat=0
split_feature=16 9 9 12 16 3 10 13 12 9 16 1 14 10
split_gain=6848.59 27198.5 17796 15804.6 14751.2 13753.1 19546.7 15585.8 10181.3 10087.8 9287.4 10886.3 8491.45 8486.52
threshold=0.053399646997152321 82.500000000000014 89.500000000000014 0.98075970649359323 0.057045570311230684 1.5000000000000002 1.0798652044123178 0.99072696340569 1.0251497263952054 74.500000000000014 0.021567347515626913 13.500000000000002 1.0248106022545875 1.0335834421676138
decision_type=2 2 2 2 2 2 2 2 2 2 2 2 2 2
left_child=1 -1 9 -3 -4 6 7 -6 -7 -2 12 -12 -5 -9
right_child=2 3 4 10 5 8 -8 13 -10 -11 11 -13 -14 -15
leaf_value=-0.00064779171503689459 1.9553571955764384e-05 0.0009365693360073406 -0.00017946853104969251 -0.00061612653657344728 4.1576678870148691e-05 -4.7235448696122952e-05 0.00019328923864969202 -3.5211455078880258e-05 -0.00044533643458104444 0.00030623959934877214 0.00032267444439536096 -1.1226260206571334e-05 0.00057081603668808598 -0.00019926619086188746
leaf_weight=687932.50702095032 1762119.6798348427 838773.96455204487 2863500.9771060944 450953.82798492908 4952547.0730895996 2118286.0151367188 3988150.2160339355 2428090.5328674316 1196151.8692519665 1900679.5860009193 1986274.3704118729 1665755.7766561508 264117.44425737858 2124712.270324707
leaf_count=1462 1053 1885 1739 2861 2448 1883 2373 1222 1132 1209 2132 2109 2195 937
internal_value=0.00021999 0.00113373 -1.08028e-05 0.00187456 -0.000368301 -2.92161e-05 0.000396095 -0.000343507 -0.00176071 0.00190918 0.00115014 0.00176232 -0.0019764 -0.00161051
internal_weight=2.9228e+07 5.89381e+06 2.33342e+07 5.20588e+06 1.96714e+07 1.68079e+07 1.34935e+07 9.50535e+06 3.31444e+06 3.6628e+06 4.3671e+06 3.65203e+06 715071 4.5528e+06
internal_count=26640 12644 13996 11182 11734 9995 6980 4607 3015 2262 9297 4241 5056 2159
is_linear=0
shrinkage=0.03


Tree=245
num_leaves=15
num_cat=2
split_feature=1 0 13 12 16 16 12 1 10 13 0 1 12 1
split_gain=12696.5 20383.3 24974.5 24116.5 18837.3 15085.3 13783.6 12900.4 11365.3 9536.45 9493.52 13922.2 27664.2 19857.8
threshold=10.500000000000002 0 0.90807284333759319 1.024112885485482 0.081601726438578062 0.066900352591049719 1.0441643509458864 7.5000000000000009 1.0246755618021297 0.98036236086411988 1 15.500000000000002 0.99055910426597582 17.500000000000004
decision_type=2 1 2 2 2 2 2 2 2 2 1 2 2 2
left_child=1 -1 5 7 10 -3 -5 8 -4 -6 -2 -12 -13 -14
right_child=4 2 3 6 9 -7 -8 -9 -10 -11 11 12 13 -15
leaf_value=-0.00024543009245831101 0.00017185662949433929 0.00030901674498496132 -0.00035519739718332342 0.0003437909344017088 -6.4558296189948152e-05 0.00052010684846418519 2.3002182646968829e-05 1.8238605000256013e-05 -2.9311161420184993e-06 -0.00033834587197779513 -9.0575617986993562e-05 0.00032226157124864323 0.00015799994504759281 -0.00018141379855532517
leaf_weight=1261422.5471259356 4294842.2793633938 591080.45951640606 722884.7890444994 998096.94725608826 1962427.958063364 629622.93103313446 1185122.8030866385 2904460.9903411865 583925.89897155762 2325107.6181824207 5741928.9571688175 1456267.0987949371 1582334.6474342346 2833103.9756193161
leaf_count=2019 6030 1808 1308 919 1130 290 1273 1512 1046 1272 3055 1230 732 2834
internal_value=0.000106965 0.00105262 0.00163771 0.000887072 -0.00030867 0.00556983 0.00344585 -0.00043946 -0.00291484 -0.00207352 0.000166979 -0.000278688 0.00074847 -0.000434114
internal_weight=2.90726e+07 8.87662e+06 7.61519e+06 6.39449e+06 2.0196e+07 1.2207e+06 2.18322e+06 4.21127e+06 1.30681e+06 4.28754e+06 1.59085e+07 1.16136e+07 5.87171e+06 4.41544e+06
internal_count=26458 10175 8156 6058 16283 2098 2192 3866 2354 2402 13881 7851 4796 3566
cat_boundaries=0 1 2
cat_threshold=34 226
is_linear=0
shrinkage=0.03


Tree=246
num_leaves=15
num_cat=3
split_feature=14 13 0 11 11 14 0 11 2 11 11 11 11 0
split_gain=9404.04 26911.1 14886.7 6407 16262 7167.72 6633.32 14327.9 20441.6 11095.7 7490.11 15813.1 15312.9 13843
threshold=1.088594329392649 1.2906392997433325 0 0.91408087203224231 0.9442096572761115 0.81519309494764192 1 1.0546192281003315 2.5000000000000004 1.019544107602844 1.0350458468647956 0.99099749058018094 1.1088402703233367 2
decision_type=2 2 1 2 2 2 1 2 2 2 2 2 2 1
left_child=3 2 -2 -1 -5 -6 7 8 -7 -10 11 -8 13 -12
right_child=1 -3 -4 4 5 6 10 -9 9 -11 12 -13 -14 -15
leaf_value=0.00010686628786682133 0.0010082684746441225 -0.0016742119296104625 0.0002105791985688855 -0.00026208576308581926 -0.00016670185697411814 -8.0232792137155715e-05 0.00026698690459206817 -0.00015516694832175382 1.3241207266364803e-05 0.00018460328655661181 0.00061513232146553096 -0.00011289387139535323 -7.6607655662192962e-05 4.7160990196680824e-05
leaf_weight=2186304.9370983839 526213.28629767895 446314.68010854721 787725.91515111923 1446594.4594867229 1325971.3946897984 4078735.440731287 1787265.5221370459 2983401.7627717257 2202858.0534632206 1828745.6340254545 1601752.3941411972 4049626.3002641201 2253134.7470890284 1796926.9389494658
leaf_count=1768 920 1440 1605 980 1663 2039 1709 1895 1471 1098 1563 3631 2539 2192
internal_value=-5.40206e-05 0.00207185 0.00423374 -0.000189892 -0.000324255 -0.00013737 -1.15012e-05 -0.000534737 0.000119161 0.00163406 0.000493747 -0.000260013 0.00127219 0.00254362
internal_weight=2.93016e+07 1.76025e+06 1.31394e+06 2.75413e+07 2.5355e+07 2.39084e+07 2.25824e+07 1.10937e+07 8.11034e+06 4.0316e+06 1.14887e+07 5.83689e+06 5.65181e+06 3.39868e+06
internal_count=26513 3965 2525 22548 20780 19800 18137 6503 4608 2569 11634 5340 6294 3755
cat_boundaries=0 1 2 3
cat_threshold=149 25 322
is_linear=0
shrinkage=0.03


Tree=247
num_leaves=15
num_cat=3
split_feature=10 11 2 11 11 0 11 10 0 10 0 10 2 16
split_gain=8147.45 17627.9 18486.4 38216.8 56142.4 44062.8 29108.8 28445.3 16944.9 15376.7 11435 22261.2 14022.9 12543.8
threshold=1.0297948582309389 1.0339549670663619 3.5000000000000004 0.99677933585499845 0.92833667948537613 0 1.0144223363856211 0.85413796973278877 1 1.0358161514028457 2 1.0449516634702618 1.0000000180025095e-35 0.068187999090089851
decision_type=2 2 2 2 2 1 2 2 1 2 1 2 2 2
left_child=1 2 6 4 -4 -5 7 -1 -9 -2 11 -11 -13 -14
right_child=9 -3 3 5 -6 -7 -8 8 -10 10 -12 12 13 -15
leaf_value=0.00049315634168766982 0.00029196266014278456 -0.00043505835498561463 9.3744708281303293e-05 -0.00028416138579672297 -0.0010439895036172622 0.00050405314639572396 0.00024951905069412589 3.9412079546582627e-05 -0.00020403775073960518 0.0002832333040705981 -3.9983608941054509e-05 -0.0001254593700700364 0.0001718413073878509 -1.1022763921612028e-05
leaf_weight=1434511.5841622353 1176333.4978441 1167575.3345851898 954945.30604875088 1070596.1469891071 1336652.4843872786 1160963.2732645273 1571516.5543128252 2441020.666862011 2624553.2169036865 1339297.8581906557 6331386.2902085781 1157153.6445273161 3143403.5081561804 2416144.0881652832
leaf_count=1241 883 1249 1119 708 1440 1467 1039 2095 1678 1005 6076 1018 4080 1482
internal_value=0.000230546 -0.000301214 2.56928e-05 -0.00150967 -0.00423088 0.00128475 0.000886079 2.43126e-07 -0.00105586 0.000700759 0.000431128 0.00118091 0.000476715 0.00110209
internal_weight=2.93261e+07 1.37623e+07 1.25948e+07 4.52316e+06 2.2916e+06 2.23156e+06 8.0716e+06 6.50009e+06 5.06557e+06 1.55637e+07 1.43874e+07 8.056e+06 6.7167e+06 5.55955e+06
internal_count=26580 12036 10787 4734 2559 2175 6053 5014 3773 14544 13661 7585 6580 5562
cat_boundaries=0 1 2 3
cat_threshold=272 174 182
is_linear=0
shrinkage=0.03


Tree=248
num_leaves=15
num_cat=4
split_feature=16 12 16 9 12 0 11 10 12 0 16 0 12 0
split_gain=8002.09 41946.5 17692.2 25529.9 12298 31323.9 11801.1 14685.8 17961.6 23909.9 12575.7 7959.97 6125.06 5934.81
threshold=0.053399646997152321 0.98075970649359323 0.049930599699384785 89.500000000000014 0.99977566849591148 0 1.1097774341648921 0.99547996673316497 1.0050357263641356 1 0.06858641399137054 2 1.0781710215531561 3
decision_type=2 2 2 2 2 1 2 2 2 1 2 1 2 1
left_child=1 -1 3 -3 5 -2 7 -6 -9 -10 -11 -8 13 -5
right_child=4 2 -4 12 6 -7 11 8 9 10 -12 -13 -14 -15
leaf_value=0.0012299040054356367 0.00018874429913104355 -0.00078061427987967846 0.00029735930361712111 0.00041699846581682475 -7.9091940086910842e-05 -0.0001599655990419593 1.9301921935086433e-05 0.00026203865837745593 0.00023027038386482204 -0.00019359391143784465 2.7580209958539243e-05 -0.00020483465120410503 0.00023616923081586601 -0.0001338598912480995
leaf_weight=820358.02040803432 2388546.374786377 660406.35378742218 1259688.7681918144 500588.39738273621 2379776.0194702148 4149839.5592651367 1469568.8217315674 1836580.1251525879 3319474.5306091309 2841844.7961883545 3288194.3925539255 1719245.0191707611 452072.23338878155 2087462.3597966433
leaf_count=1862 1916 1740 881 2034 1421 1909 1176 904 1977 1867 1752 1079 1294 4552
internal_value=7.79867e-05 0.00107749 3.8207e-05 -0.00100714 -0.000168998 -0.00127338 0.000259422 0.00064288 0.00109447 0.000566852 -0.000543622 -0.00138391 0.000154237 -0.000408555
internal_weight=2.91736e+07 5.78058e+06 4.96022e+06 3.70053e+06 2.33931e+07 6.53839e+06 1.68547e+07 1.36659e+07 1.12861e+07 9.44951e+06 6.13004e+06 3.18881e+06 3.04012e+06 2.58805e+06
internal_count=26364 12363 10501 9620 14001 3825 10176 7921 6500 5596 3619 2255 7880 6586
cat_boundaries=0 1 2 3 4
cat_threshold=387 70 109 448
is_linear=0
shrinkage=0.03


Tree=249
num_leaves=15
num_cat=0
split_feature=16 1 16 13 1 16 16 2 9 11 10 10 11 9
split_gain=11293.3 17346.8 13252.6 10430 9821.07 9697.04 9015.02 8042.26 15254 14464.6 26822.7 13010 15176.4 12577.3
threshold=0.081308984922925889 11.500000000000002 0.077613742833548924 1.1600159955609464 15.500000000000002 0.055672035124616014 0.072216170579270766 2.5000000000000004 82.500000000000014 1.0318169443797804 0.94660554909741312 1.0827589189247127 1.1088402703233367 85.500000000000014
decision_type=2 2 2 2 2 2 2 2 2 2 2 2 2 2
left_child=2 -2 3 6 5 -5 7 13 -9 10 -10 -11 -13 -1
right_child=1 -3 -4 4 -6 -7 -8 8 9 11 -12 12 -14 -15
leaf_value=0.0001886808704178351 5.5325116714945817e-05 -0.00016072786603003273 0.00023457844702253147 0.00051166760226834191 0.00078909336456280447 -0.00024679445033141495 -0.00012504193176113645 -0.00032928811711576046 -0.00035352922283230886 -0.00019122930352784899 0.00034237591386863329 0.0005023334055608387 -0.00016197785147886352 -5.6430055636186982e-05
leaf_weight=1231494.5667420626 2342624.9570412636 4604704.3023576736 1690999.6259660721 414340.24440467358 609226.27191615105 470928.51686549187 1887614.5104379654 1075935.1567469835 1084193.9723728895 1339165.9754241705 2805100.8871884346 729258.75623381138 938227.82661259174 8201126.8387941122
leaf_count=1116 905 2530 1038 1738 1173 433 1151 1238 1291 1460 3034 984 1370 7242
internal_value=6.14432e-05 -0.000995713 0.000388187 0.00018042 0.00259485 0.000577388 -6.61816e-06 0.000206952 0.000908432 0.00142679 0.00263484 -0.000135896 0.0016326 -0.000385897
internal_weight=2.94249e+07 6.94733e+06 2.24776e+07 2.07866e+07 1.4945e+06 885269 1.92921e+07 1.74045e+07 7.97188e+06 6.89595e+06 3.88929e+06 3.00665e+06 1.66749e+06 9.43262e+06
internal_count=26703 3435 23268 22230 3344 2171 18886 17735 9377 8139 4325 3814 2354 8358
is_linear=0
shrinkage=0.03


Tree=250
num_leaves=15
num_cat=0
split_feature=11 10 16 12 13 10 14 12 10 16 10 12 16 12
split_gain=11057.3 25871 9983.65 9799.62 11646.6 17046.5 16508.6 22195.7 15151.6 26439 14627.8 12146.1 27257.1 25678.3
threshold=1.1097774341648921 1.1214158489752002 0.054777272205861115 0.94365407296847026 0.97028950630864397 0.96771506909300131 0.97408898661417298 1.0163365844656924 1.0293999222527417 0.065800905902728843 0.98873969880633472 1.0017672621402147 0.058152140340821827 1.0049158022346554
decision_type=2 2 2 2 2 2 2 2 2 2 2 2 2 2
left_child=1 3 -2 -1 6 -6 8 -8 10 -10 -5 12 -7 -13
right_child=2 -3 -4 4 5 11 7 -9 9 -11 -12 13 -14 -15
leaf_value=-0.0002806029829950228 0.00011136226490189684 0.00063968419252547057 -0.00014179473666290986 1.8633231160497217e-05 -0.00037566498555241572 0.00043962415181859194 0.00046716548392013326 -5.8037122485221483e-05 -7.3369658666111584e-05 0.00026850393327585396 -0.00031612815678637728 -0.00030932366216436519 -4.4438267977068653e-06 2.5519930690735912e-05
leaf_weight=1197833.7574332952 944783.75381612778 1164431.4402747154 3032235.7301365137 1546025.702101469 1337979.5179994106 1371269.1280101538 2094800.1830064058 1136678.8649332523 1240883.4813315868 1167295.1746139526 1280245.0695923567 1379332.8476974964 2458115.5143737793 7895729.7890660763
leaf_count=1474 2122 1358 2151 1255 1387 1710 1918 1269 1511 576 1198 965 1287 6364
internal_value=0.000304244 0.000535649 -0.00116614 0.000324682 0.000462995 -5.48983e-05 0.00134649 0.00303256 0.000305606 0.00205415 -0.00118428 0.000274434 0.00169586 -0.000312429
internal_weight=2.92476e+07 2.52706e+07 3.97702e+06 2.41062e+07 2.29084e+07 1.44424e+07 8.46593e+06 3.23148e+06 5.23445e+06 2.40818e+06 2.82627e+06 1.31044e+07 3.82938e+06 9.27506e+06
internal_count=26545 22272 4273 20914 19440 11713 7727 3187 4540 2087 2453 10326 2997 7329
is_linear=0
shrinkage=0.03


Tree=251
num_leaves=15
num_cat=0
split_feature=9 10 11 12 11 2 12 12 12 11 12 10 2 13
split_gain=9032.15 9544.46 8459.48 12480.4 13639 11194.3 30859 60882.5 27838.2 42799.2 18136.8 36203.2 18376.1 11691.7
threshold=68.500000000000014 0.82120607435980486 1.1792307564141953 1.0940698503776656 1.1097774341648921 3.5000000000000004 0.98075970649359323 0.99528009571186626 0.97403275874320727 0.96092504511688037 1.0039311402383728 1.0126286975463843 1.5000000000000002 0.96214772925758207
decision_type=2 2 2 2 2 2 2 2 2 2 2 2 2 2
left_child=-1 -2 3 4 5 8 -7 -8 -3 -10 12 -12 -11 -9
right_child=1 2 -4 -5 -6 6 7 13 9 10 11 -13 -14 -15
leaf_value=-0.0002039374288846613 -0.00023160025296491458 -0.00023384800268767285 -0.0001808535078301709 0.00017482647137227742 -0.00025916135282881959 0.00048926557574449506 -0.00089436653518162239 -4.8972788912912141e-05 0.00042450550166509899 0.00027627706830298324 -0.00048170004868257972 1.060032974227104e-05 -2.6354959614378115e-05 0.00021003613259610267
leaf_weight=1170066.5683038235 1418964.604254961 1866009.2301543951 1118145.6557502747 1252238.3244440556 1629464.0344543457 1100200.708863616 949155.86882793903 1536892.1038774252 1357145.7993056774 1344622.0552034378 1844086.1907976866 7080969.6828638315 1622291.7063654661 4070223.2208759785
leaf_count=1065 1668 1359 1186 1196 2010 1096 1021 2002 879 998 1433 5478 1246 3995
internal_value=5.78616e-05 0.00016506 0.000292146 0.000403482 0.000253581 0.000443311 0.00137789 0.000597688 -3.00933e-05 0.000453076 -0.000122937 -0.000798431 0.00190908 0.00178712
internal_weight=2.93605e+07 2.81904e+07 2.67714e+07 2.56533e+07 2.44011e+07 2.27716e+07 7.65647e+06 6.55627e+06 1.51151e+07 1.32491e+07 1.1892e+07 8.92506e+06 2.96691e+06 5.60712e+06
internal_count=26632 25567 23899 22713 21517 19507 8114 7018 11393 10034 9155 6911 2244 5997
is_linear=0
shrinkage=0.03


Tree=252
num_leaves=15
num_cat=1
split_feature=10 10 10 10 12 10 12 12 1 1 0 12 12 2
split_gain=6040.37 17555.1 14992.9 26411 27685.3 37437.4 36839.5 18676.1 12655.1 18175.7 22635.2 19110.9 22196 21302.4
threshold=1.0366124446983094 1.0439860259432707 1.0157067546290344 1.0103377067276311 0.99227196909529336 0.8854012774121286 1.0020970861562455 1.0077918519281821 8.5000000000000018 18.500000000000004 0 1.0470769130312347 1.024112885485482 2.5000000000000004
decision_type=2 2 2 2 2 2 2 2 2 2 1 2 2 2
left_child=2 -2 3 4 5 -1 -6 -4 -3 11 -11 12 13 -10
right_child=1 8 7 -5 6 -7 -8 -9 9 10 -12 -13 -14 -15
leaf_value=-9.0316023561734738e-05 0.00012592238358903428 0.00012570413461836233 8.8698967123176241e-06 0.00012993664435839182 -0.00043208212555314164 0.00064889340905517905 -1.4473372099321704e-05 -0.00038350446783018172 -0.0002725195679427423 0.00049386441162211617 -7.6901579266263985e-05 4.8102464293734564e-05 -0.00043260447734689569 0.00011835437399825255
leaf_weight=1822345.3345425129 1865009.6970107555 2212310.6099350452 2322075.424533844 1422544.1523075104 1720462.1759217978 1296077.0387892723 4312349.7066016197 2253078.8801772594 1578765.1228942871 739423.54249382019 1060204.7149915695 3450761.1432361603 1529247.3828277588 1496233.3002471924
leaf_count=1905 1333 3425 1684 1074 1373 1124 3939 2097 897 790 2016 2603 1009 1171
internal_value=-7.47217e-06 0.00044338 -0.000422105 0.000198707 -0.000392434 0.00190265 -0.00157879 -0.00185688 2.47231e-05 -0.000435596 0.00229016 -0.00104458 -0.00230963 -0.000840714
internal_weight=2.90809e+07 1.3932e+07 1.51489e+07 1.05738e+07 9.15123e+06 3.11842e+06 6.03281e+06 4.57515e+06 1.20669e+07 9.85464e+06 1.79963e+06 8.05501e+06 4.60425e+06 3.075e+06
internal_count=26440 13244 13196 9415 8341 3029 5312 3781 11911 8486 2806 5680 3077 2068
cat_boundaries=0 1
cat_threshold=25
is_linear=0
shrinkage=0.03


Tree=253
num_leaves=15
num_cat=0
split_feature=12 11 10 10 12 1 10 10 12 1 12 11 12 12
split_gain=7569.11 15482.9 17680.4 15562.7 6835.18 13899.7 22253.9 9847.58 22671.7 22979.6 27097.6 14386.6 22494.5 12598.7
threshold=0.94365407296847026 0.88726764062237595 0.90675470765210653 0.98137359294060911 0.98366571989275564 18.500000000000004 1.0557838013323353 1.0449516634702618 1.0243090240668089 8.5000000000000018 1.0065793869439743 1.0420271971538217 1.0252236949159943 1.0441643509458864
decision_type=2 2 2 2 2 2 2 2 2 2 2 2 2 2
left_child=-1 -2 -3 -4 -5 7 -7 8 9 10 -6 -9 -13 -14
right_child=1 2 3 4 5 6 -8 11 -10 -11 -12 12 13 -15
leaf_value=-0.00024133358326143534 0.00038016255966556148 -0.00033808038616418466 0.00035287712496072761 -0.00010211655745570516 7.3508208872545997e-05 -0.00042826597110719064 8.8750202339722968e-05 -0.00033612310530636559 0.00036910228434836653 9.1300896152630127e-05 -0.00052539054963039288 0.00031829618417097538 -0.00024108433938958119 1.5063132729602286e-05
leaf_weight=1204548.3799479008 1219077.7310050726 1797142.4606707096 1713210.9188686609 2129699.2363978624 828080.21579408646 1830857.3909740448 1368874.4453210831 1180862.8646377325 1368814.2858320475 6111584.814150095 799689.68432414532 1461283.3124097586 1597568.0115408897 4378213.3541661501
leaf_count=1494 967 1531 1817 1629 1076 2332 2190 941 1154 3465 1033 1314 1333 4137
internal_value=0.000107732 0.000208664 5.69605e-05 0.000265431 6.04421e-05 0.000225231 -0.0015946 0.000553728 0.00124153 0.000612074 -0.00255546 -0.000173203 0.000315221 -0.000500663
internal_weight=2.89895e+07 2.7785e+07 2.65659e+07 2.47687e+07 2.30555e+07 2.09258e+07 3.19973e+06 1.77261e+07 9.10817e+06 7.73935e+06 1.62777e+06 8.61793e+06 7.43706e+06 5.97578e+06
internal_count=26413 24919 23952 22421 20604 18975 4522 14453 6728 5574 2109 7725 6784 5470
is_linear=0
shrinkage=0.03


Tree=254
num_leaves=15
num_cat=0
split_feature=13 16 9 3 13 12 12 12 12 12 11 16 10 10
split_gain=9498.58 23153.9 32590.9 16496.7 16943.4 16253.7 15256.4 17936.5 13631.1 11841.4 9746.54 11359.3 17852.1 10482.4
threshold=1.0108837424179125 0.052673485965430346 85.500000000000014 1.5000000000000002 0.8333066379066566 1.0747571261860707 1.0137968994692892 1.031134868810583 0.98603147315637651 1.0137968994692892 0.96092504511688037 0.06883424290670058 1.0449516634702618 1.0076829688863238
decision_type=2 2 2 2 2 2 2 2 2 2 2 2 2 2
left_child=3 8 -3 5 -5 10 -4 -8 -2 -6 -1 12 13 -12
right_child=1 2 6 4 9 -7 7 -9 -10 -11 11 -13 -14 -15
leaf_value=0.00021762519372342648 0.00099409362063379841 0.00016993134688022676 -0.00019755760371604485 -0.0011756044083735741 0.00024683145327476964 0.00033709931003807398 0.00020987355542004499 -0.00012887460332344585 0.0001614231211222563 -0.00019270372235467449 -0.00010135693653656672 7.8243749219465849e-05 -0.00019356332389773616 0.0001818281607681794
leaf_weight=2604767.2338360548 459388.60603904724 1784838.8512611389 3957396.9036102295 725244.73450934887 1179585.2002167702 1468628.5567859411 1529134.0449523926 2754217.9815266132 2047816.675059557 1193553.6600681543 1507495.8010400534 3714781.5830078125 2285870.1333690882 2097308.9170690775
leaf_count=1839 1019 1070 2255 1373 1367 1216 944 1859 4588 1556 1480 1637 2487 1820
internal_value=0.000304702 -0.000320152 -0.000964988 0.000771476 -0.00120511 0.00121919 -0.00176102 -0.000520293 0.00225836 2.12965e-05 0.000860544 0.000419167 -0.000400095 0.000915033
internal_weight=2.931e+07 1.25328e+07 1.00256e+07 1.67772e+07 3.09838e+06 1.36789e+07 8.24075e+06 4.28335e+06 2.50721e+06 2.37314e+06 1.22102e+07 9.60546e+06 5.89067e+06 3.6048e+06
internal_count=26510 11735 6128 14775 4296 10479 5058 2803 5607 2923 9263 7424 5787 3300
is_linear=0
shrinkage=0.03


Tree=255
num_leaves=15
num_cat=3
split_feature=10 11 0 12 11 10 0 12 12 11 12 12 0 12
split_gain=12102.3 21910.8 13226.3 10123 31326.3 22171.2 41761.6 21700.4 37164.5 23847.7 20058.3 18554.2 31792.7 17404
threshold=0.91803706662057427 0.92833667948537613 0 1.0077918519281821 1.0287142808548067 0.98873969880633472 1 1.0281187774485046 1.0213035412072564 1.056935367891964 0.99894081004665003 1.0039311402383728 2 1.0411366704732052
decision_type=2 2 1 2 2 2 1 2 2 2 2 2 1 2
left_child=1 2 -1 5 -5 -2 10 8 -6 -9 -7 12 -8 -11
right_child=3 -3 -4 4 7 6 11 9 -10 13 -12 -13 -14 -15
leaf_value=0.0001408684295544017 -0.00010767321622526127 -0.00073658450646032277 -0.00036042818538291468 -0.00018889695550475046 1.3519827049611993e-05 0.00011192071237259684 9.7161584341057502e-05 0.00022593182211504909 0.00062369328887991384 -0.00024416249540048422 0.00079279277577604861 -0.00023699391680768602 -0.00041618016220713904 -1.1721695512042821e-05
leaf_weight=1286603.20888412 1608127.7866822481 1118043.2399123907 1086915.7350008488 4393865.122672677 2170639.8214687109 1894367.1562356949 2443238.1904363632 1046496.1622691154 1094629.2158184052 1518346.2089270353 1051274.7143913507 1571164.9601874352 1488282.6914467812 5503829.2396700382
leaf_count=971 1364 925 1302 3777 2329 1861 1591 913 962 1244 1058 1065 1328 5851
internal_value=-9.01342e-05 -0.00174769 -0.000116616 0.000134323 -0.000340998 0.000877702 0.000263136 0.000492635 0.00255614 -0.000342435 0.00314598 -0.00128008 -0.000178833 -0.000972053
internal_weight=2.92758e+07 3.49156e+06 2.37352e+06 2.57843e+07 1.57278e+07 1.00565e+07 8.44833e+06 1.13339e+07 3.26527e+06 8.06867e+06 2.94564e+06 5.50269e+06 3.93152e+06 7.02218e+06
internal_count=26541 3198 2273 23343 15076 8267 6903 11299 3291 8008 2919 3984 2919 7095
cat_boundaries=0 1 2 3
cat_threshold=277 234 17
is_linear=0
shrinkage=0.03


Tree=256
num_leaves=15
num_cat=1
split_feature=11 10 11 11 0 11 9 1 1 12 12 12 12 12
split_gain=8167.99 12008.5 12140.9 15812.5 13531.8 19026.3 10269.5 13638.2 15552.9 8736.23 22343.6 24512.3 18911.2 13321.5
threshold=0.86277403626205151 0.88066046847211721 0.96092504511688037 0.97444208477667915 0 1.0043317453751401 89.500000000000014 9.5000000000000018 16.500000000000004 1.0020970861562455 1.0081464412505341 1.0149511273734639 1.0281187774485046 1.0747571261860707
decision_type=2 2 2 2 1 2 2 2 2 2 2 2 2 2
left_child=-1 -2 -3 -4 5 -5 -6 -8 -9 -7 -11 -12 -13 -14
right_child=1 2 3 4 6 9 7 8 -10 10 11 12 13 -15
leaf_value=0.00038328905930418042 -0.00027624952403709654 0.00021306968492849516 -0.0003050804764831516 0.00026116741561511158 0.00016277262011258413 -0.00014748717090352399 8.365399459714174e-05 -0.00029697575703132293 -7.1080617763298101e-06 0.00024887270391890404 -0.00028218882100307737 0.00032998189899175671 -7.4103064634247639e-05 0.00013447774652187712
leaf_weight=1175207.5329089165 1400629.9655015469 2235519.8552867174 1151198.6705964804 1969495.3923170567 1703594.0349946022 1462138.683188796 1857910.7620792389 3210747.3285219669 2198895.7123193741 1212318.8942730427 1917029.0901817083 2180637.0663462877 3704216.3818364143 1815598.1704735756
leaf_count=1334 1250 1891 925 1520 1752 1052 2496 2467 2454 661 1443 2068 3524 1690
internal_value=0.00021183 0.000109065 0.000251525 5.75317e-05 0.00022759 0.000801829 -0.000685279 -0.00117671 -0.00193832 0.000363214 0.000657086 0.000173286 0.000928967 -5.47433e-06
internal_weight=2.91951e+07 2.80199e+07 2.66193e+07 2.43838e+07 2.32326e+07 1.42614e+07 8.97115e+06 7.26755e+06 5.40964e+06 1.22919e+07 1.08298e+07 9.61748e+06 7.70045e+06 5.51981e+06
internal_count=26527 25193 23943 22052 21127 11958 9169 7417 4921 10438 9386 8725 7282 5214
cat_boundaries=0 1
cat_threshold=118
is_linear=0
shrinkage=0.03


Tree=257
num_leaves=15
num_cat=2
split_feature=16 16 13 14 13 16 2 0 11 0 13 16 13 11
split_gain=8936.79 17826.8 14440.1 11836.6 12980.3 9749.61 7778.49 22029.9 16095.9 14358.2 9157.62 8372.89 7012.07 10234
threshold=0.059014050135174294 0.057515192538335154 1.1681778169877601 0.87740810827334437 0.88498575327715845 0.037606738989799902 1.5000000000000002 0 0.94582335825913144 1 1.0463401896133973 0.075923465119279984 0.87404251191269666 0.96938913150432404
decision_type=2 2 2 2 2 2 2 1 2 1 2 2 2 2
left_child=1 2 3 4 -1 -4 7 -2 -8 -10 11 -11 -5 -14
right_child=6 -3 5 12 -6 -7 8 -9 9 10 -12 -13 13 -15
leaf_value=-0.0021572635099698667 0.00011427938534229001 0.00028950378294922882 0.0017155222033113547 0.00013786201058592972 3.0023089355681722e-05 0.00012739226822722045 -0.00031779056589547277 -0.00010214763406691037 -6.8553971327632197e-05 3.3477994350056624e-05 -0.00020938543182832131 0.000273388515537008 -0.00026221772769434372 5.7181521877902201e-05
leaf_weight=503574.87772130966 4010182.8253173828 1022895.9724687338 319681.39794099331 819031.47047698498 521589.98104572296 442481.71961665154 1756746.9665222168 2113407.5910949707 4947596.752451539 2176562.1979522705 1833213.8056945801 1773182.3047180176 1019970.5622545481 5819188.1073021889
leaf_count=1289 1790 713 1997 1953 782 557 1109 1317 2110 1734 1564 1319 1274 6842
internal_value=0.000139092 0.000840327 0.000432926 8.54113e-05 -0.0029419 0.00439217 -0.000255344 0.000620479 -0.000684835 -0.000249035 0.000766004 0.00157932 0.000490663 0.000176518
internal_weight=2.90793e+07 1.04684e+07 9.44552e+06 8.68335e+06 1.02516e+06 762163 1.86109e+07 6.12359e+06 1.24873e+07 1.07306e+07 5.78296e+06 3.94974e+06 7.65819e+06 6.83916e+06
internal_count=26350 15407 14694 12140 2071 2554 10943 3107 7836 6727 4617 3053 10069 8116
cat_boundaries=0 1 2
cat_threshold=341 276
is_linear=0
shrinkage=0.03


Tree=258
num_leaves=15
num_cat=1
split_feature=10 16 10 2 10 11 12 1 11 10 12 0 10 16
split_gain=12291.5 7896.28 13850.9 8628.39 12428.6 25682.7 10883.6 13449.5 9899.61 20995.8 11590.1 23007 20759.8 27733.4
threshold=0.82120607435980486 0.088579994534916148 0.89318320856760713 1.0000000180025095e-35 1.022958258627247 1.0563311894196821 0.95947003494370919 18.500000000000004 0.97496938264852517 0.99120826366094161 0.99894081004665003 0 1.0545958361464314 0.063220076633974567
decision_type=2 2 2 2 2 2 2 2 2 2 2 1 2 2
left_child=-1 2 -2 4 -4 -6 -5 8 -8 -10 -11 12 13 -12
right_child=1 -3 3 6 5 -7 7 -9 9 10 11 -13 -14 -15
leaf_value=-0.00041031927358802097 0.00032804840021367638 -3.0844176747089842e-05 -0.00013966283723738511 0.00019661771379391471 -0.025263060624626667 -0.00016432938994521187 -0.00012877536037489027 -0.00016933007629232674 0.00038894514509191979 -0.00023627095480804568 5.2100085271585609e-05 -0.00011489401396269278 9.6265845703632111e-06 0.00028474611446156821
leaf_weight=1454937.144075036 1405668.0602463484 3596073.7626554966 1263746.8821825981 1245802.4711725712 1319080.8081697226 1295586.9687024355 1158323.865403533 3114259.734213829 1479408.6101756096 1186442.6830956936 1850959.3369404078 3702464.3615677357 3164122.8187276125 2088285.9542236328
leaf_count=1700 1102 1644 998 1261 1010 1288 1050 4519 1320 1025 1734 4432 2696 905
internal_value=0.000194881 0.000335213 0.000529572 0.000351903 -0.000937544 0.000243124 0.000615252 0.000424952 0.000806018 0.00103485 0.000618869 0.000927905 0.00192729 0.00338082
internal_weight=2.93252e+07 2.78702e+07 2.42742e+07 2.28685e+07 3.87841e+06 2.61467e+06 1.89901e+07 1.77443e+07 1.463e+07 1.34717e+07 1.19923e+07 1.08058e+07 7.10337e+06 3.93925e+06
internal_count=26684 24984 23340 22238 3296 2298 18942 17681 13162 12112 10792 9767 5335 2639
cat_boundaries=0 1
cat_threshold=62
is_linear=0
shrinkage=0.03


Tree=259
num_leaves=15
num_cat=2
split_feature=2 10 11 10 11 10 10 0 9 0 11 11 10 10
split_gain=15845.3 62633.6 113285 7339.41 7648.04 12590.4 11622.9 26955.1 12264.7 11090.4 17015.7 13515.1 12704.4 16243.9
threshold=1.0000000180025095e-35 0.99981514462892362 1.0563311894196821 1.184584628071115 0.8718556009368803 0.90675470765210653 0.98873969880633472 0 74.500000000000014 1 1.0068457163993452 1.0280500500846799 1.0990918803224481 1.0411906669980231
decision_type=2 2 2 2 2 2 2 1 2 1 2 2 2 2
left_child=1 -1 -3 4 -2 -6 7 -7 -8 10 -10 -12 13 -11
right_child=3 2 -4 -5 5 6 8 -9 9 12 11 -13 -14 -15
leaf_value=-0.00026575476246029097 0.00032967871586950779 0.00069817838941865545 -0.00016587484605131236 0.00024088530282568104 -0.00027974265137419751 0.00047520006468209665 -0.00025148494430932714 -6.9360988921125449e-05 0.00066977813572051566 -4.8761290629582652e-05 -0.00031421185470544173 0.00016278479454648494 -0.00027582137086332701 8.060093041172536e-05
leaf_weight=1321086.9147560596 1136476.2323343754 2172515.6934140921 1573639.84169209 1603404.4214172363 1699255.4495007992 1247890.1581932306 1586738.5374879837 1268399.7889838219 824967.28303039074 5397193.2224072218 886378.50757825375 3181145.0483682156 1857157.5550006628 3517833.529335618
leaf_count=1005 1279 1523 1408 1831 1438 972 1482 1392 1254 3614 1065 4571 1383 2231
internal_value=0.000607247 0.00213275 0.00411342 0.000287912 0.000148783 2.18126e-05 0.000234826 0.00213955 -4.29977e-05 0.000211586 0.00139605 0.000599278 -0.000326372 0.000143856
internal_weight=2.92741e+07 5.06724e+06 3.74616e+06 2.42068e+07 2.26034e+07 2.1467e+07 1.97677e+07 2.51629e+06 1.72514e+07 1.56647e+07 4.89249e+06 4.06752e+06 1.07722e+07 8.91503e+06
internal_count=26448 3936 2931 22512 20681 19402 17964 2364 15600 14118 6890 5636 7228 5845
cat_boundaries=0 1 2
cat_threshold=309 227
is_linear=0
shrinkage=0.03


Tree=260
num_leaves=15
num_cat=3
split_feature=2 12 12 0 10 11 12 11 10 12 0 0 1 11
split_gain=12103.6 14693.1 29593.5 17910.9 14687 17353.7 14296.6 58884.2 17304.4 18393.2 15063.9 14248.7 16838.7 22406.7
threshold=1.5000000000000002 0.97797291796091923 1.0039311402383728 0 1.0366124446983094 1.0631792722561391 0.98075970649359323 0.96938913150432404 0.99120826366094161 0.99894081004665003 1 2 17.500000000000004 1.0373145399245411
decision_type=2 2 2 1 2 2 2 2 2 2 1 1 2 2
left_child=1 -1 -3 -4 -5 -6 10 -8 -9 -10 -2 -11 -13 -14
right_child=6 2 3 4 5 -7 7 8 9 11 -12 12 13 -15
leaf_value=-0.00011671020571545552 0.0004350649819867522 0.00044508423080070943 0.00035688888289106947 -7.5259277862329397e-05 0.00034473574869203598 -2.3458988288482739e-05 -0.00082473491683676128 0.00026880043328780421 -0.00042289793660791941 -0.00023338085954029988 4.4174191701179876e-06 0.00010316565067521948 -0.00043586547265715925 7.4471647381432369e-05
leaf_weight=1426452.5738592148 1153699.5600417852 1815600.066506505 1377526.1846687794 2192910.7071393728 1237677.9793037176 1876062.2827891111 1535461.0246311426 2043406.0312345028 1053266.4724986553 2678053.2090049982 1629314.5774558783 7027841.3557380438 1064231.8440904617 1192493.6583063602
leaf_count=1125 1252 1284 1319 1527 831 1712 1475 1933 1022 3550 1516 5723 889 1424
internal_value=0.000528212 0.00138008 0.00185292 0.000930346 0.000139124 0.00146361 9.18418e-05 -0.00024186 0.000328767 -7.41704e-05 0.00208166 0.000260463 0.000816526 -0.00143805
internal_weight=2.9304e+07 9.92623e+06 8.49978e+06 6.68418e+06 5.30665e+06 3.11374e+06 1.93778e+07 1.65948e+07 1.50593e+07 1.30159e+07 2.78301e+06 1.19626e+07 9.28457e+06 2.25673e+06
internal_count=26582 7798 6673 5389 4070 2543 18784 16016 14541 12608 2768 11586 8036 2313
cat_boundaries=0 1 2 3
cat_threshold=320 211 385
is_linear=0
shrinkage=0.03


Tree=261
num_leaves=15
num_cat=3
split_feature=16 0 11 0 16 12 0 2 11 11 11 2 7 13
split_gain=10368.3 25307.4 12283.5 11954.8 12167.5 22312.6 16082.1 7519.25 6327.77 10263.2 13855.1 10535.1 10237.9 10393.1
threshold=0.08093095206115429 0 1.1475241188057654 1 0.065800905902728843 0.9880996573646984 2 2.5000000000000004 1.0982257806560121 1.0502959332616639 1.0358148757179293 2.5000000000000004 1.0000000180025095e-35 1.0098845784959261
decision_type=2 1 2 1 2 2 1 2 2 2 2 2 2 2
left_child=2 -2 3 4 5 -1 -7 -4 9 10 12 -11 13 -5
right_child=1 -3 7 8 -6 6 -8 -9 -10 11 -12 -13 -14 -15
leaf_value=0.00036437310497541744 9.9915161193383587e-05 -0.00011951870838181958 -2.8735889600265372e-06 0.00018937583298593344 0.00019262085397335699 0.00036651434915325299 -9.5063859458128792e-05 -0.00040797705869064177 0.00031332923986845739 -0.00037192072318043858 0.00043904159804823511 0.00013639692408751449 -0.00019805379068742256 -4.9697798756121157e-05
leaf_weight=958415.22013187408 3617654.9247262478 3384954.0453186035 1019680.1522678137 4001305.2833168507 2141547.0074157715 1508079.6988604069 2771293.0875964165 880133.91538488865 1072464.3419853449 1268300.5757040977 996897.53585076332 1097761.31394279 1632418.1637781858 2819706.9364840984
leaf_count=985 1817 1661 1094 3656 1024 2807 1742 1244 1440 1237 850 1503 2790 2666
internal_value=0.00050195 -0.000504367 0.000819834 0.00103604 0.00199894 0.00122001 0.000293371 -0.00148676 0.000484741 0.000284483 0.000726879 -0.00148249 0.000332412 0.000843155
internal_weight=2.91706e+07 7.00261e+06 2.2168e+07 2.02682e+07 7.37934e+06 5.23779e+06 4.27937e+06 1.89981e+06 1.28889e+07 1.18164e+07 9.45033e+06 2.36606e+06 8.45343e+06 6.82101e+06
internal_count=26516 3478 23038 20700 6558 5534 4549 2338 14142 12702 9962 2740 9112 6322
cat_boundaries=0 1 2 3
cat_threshold=327 50 34
is_linear=0
shrinkage=0.03


Tree=262
num_leaves=15
num_cat=0
split_feature=16 3 12 12 12 16 14 9 16 16 14 14 10 13
split_gain=14431.2 20071 10483.6 14685.8 10983.7 9583.95 18564.5 9109.57 9329.44 17360.5 8389.71 8209.28 7884.41 6123.24
threshold=0.072216170579270766 1.5000000000000002 0.9880996573646984 0.95565302303404753 0.9986158363148413 0.031094538954865185 1.0418711156051994 79.500000000000014 0.052979303042598229 0.057515192538335154 0.96285834646787205 0.96605338248448536 1.0190343363474577 1.0952339021005992
decision_type=2 2 2 2 2 2 2 2 2 2 2 2 2 2
left_child=2 12 3 -1 -4 6 -6 -7 -9 -10 -5 -11 -2 -8
right_child=1 -3 4 10 5 7 13 8 9 11 -12 -13 -14 -15
leaf_value=-0.0056955761919151235 -4.4066990498356587e-05 -0.00026620310465541743 -0.00025726334746508533 8.7588239801089944e-05 -0.00041801556332639626 0.00030914068258450423 2.2495517527228839e-05 0.00027988390843301049 -0.00013922316512819031 0.0001852945367410708 0.0005959013359247338 1.9549344203441345e-05 5.9957658996158195e-05 0.0014988837679170129
leaf_weight=1392285.9920790195 2920663.6029663086 2712498.3951069117 1098417.8997968435 1122160.2570477724 1201519.0328005552 1390680.3261756897 181050.78240215778 2322466.9182538986 2567751.8604626656 2297271.9488968849 1199411.1751695871 3832096.4332261086 4844377.7855834961 192530.35092031956
leaf_count=1915 1214 2277 1246 939 4298 1010 1036 2394 1639 1557 1225 2465 2178 1250
internal_value=0.000440572 -0.000451593 0.000937851 0.00236565 0.000586305 0.00081318 -0.00139123 0.00109296 0.00080422 0.00035314 0.00382659 0.00122067 0.000324456 0.00444968
internal_weight=2.92752e+07 1.04775e+07 1.87976e+07 3.71386e+06 1.50838e+07 1.39854e+07 1.5751e+06 1.24103e+07 1.10196e+07 8.69712e+06 2.32157e+06 6.12937e+06 7.76504e+06 373581
internal_count=26643 5669 20974 4079 16895 15649 6584 9065 8055 5661 2164 4022 3392 2286
is_linear=0
shrinkage=0.03


Tree=263
num_leaves=15
num_cat=0
split_feature=2 16 12 11 10 10 2 2 12 12 11 9 11 11
split_gain=19805.4 24970 26979.1 25617 16705 34197.8 85181.8 44636.1 19881.7 11060.2 17193.8 8275.95 9451.33 15118.6
threshold=1.5000000000000002 0.066633989729168841 0.96181022088655299 0.96938913150432404 1.0672995701776651 1.022958258627247 1.0000000180025095e-35 1.0000000180025095e-35 1.0405475702305094 1.0036740155255537 1.0481177777849275 83.500000000000014 1.0275274932361529 1.0631792722561391
decision_type=2 2 2 2 2 2 2 2 2 2 2 2 2 2
left_child=4 2 -2 -3 5 7 -7 -1 -6 -5 -11 -4 -13 -14
right_child=1 3 11 9 8 6 -8 -9 -10 10 -12 12 13 -15
leaf_value=-0.00017663492528806964 0.00061926184399431093 -0.00051174159511147639 -0.00021655038362612791 -0.00016853046660333262 -0.00026876877452199468 0.00073755663388221831 -4.4834736301052997e-05 0.00026612619820046 0.00014155096812328748 7.2995928741965226e-05 -0.00013633345466518108 0.000156886426233721 -0.00037663405868188925 0.00010190151173822749
leaf_weight=1968971.9963560104 906417.84236478806 1810174.500213623 1351890.3504915237 1878092.5350952148 1269345.4352142811 1465717.9442731142 1518778.2467749119 1946037.1529954672 1764665.3377428055 2919828.7724804878 2811308.3654265404 3648346.3764890432 1487367.5137650967 2473449.48670578
leaf_count=1471 1431 1075 1725 1090 1138 996 1052 1453 1651 1558 1916 4387 1858 3705
internal_value=0.000362509 -0.000198011 0.00085664 -0.00130283 0.00145081 0.00226663 0.00468567 0.000422546 -0.000404401 -0.000539761 0.000114983 0.000357736 0.00074202 -0.00027272
internal_weight=2.92204e+07 1.92869e+07 9.86747e+06 9.4194e+06 9.93352e+06 6.89951e+06 2.9845e+06 3.91501e+06 3.03401e+06 7.60923e+06 5.73114e+06 8.96105e+06 7.60916e+06 3.96082e+06
internal_count=26506 18745 13106 5639 7761 4972 2048 2924 2789 4564 3474 11675 9950 5563
is_linear=0
shrinkage=0.03


Tree=264
num_leaves=15
num_cat=2
split_feature=12 12 0 10 12 12 12 12 0 10 12 10 10 12
split_gain=12145 18421.2 17407.4 18562 9611.9 16278.2 13727.4 17811.9 7970.9 8751.47 36477.7 11012.6 11172.5 19876.7
threshold=0.99055910426597582 0.9986158363148413 0 0.91803706662057427 1.0015572315294419 1.0045628678959269 1.0077918519281821 1.0100722254825036 1 1.0850035725096141 1.0252236949159943 1.049913976748585 1.0366124446983094 1.024112885485482
decision_type=2 2 1 2 2 2 2 2 1 2 2 2 2 2
left_child=2 -2 -1 -4 -3 -6 -7 -8 -9 11 -11 12 13 -10
right_child=1 4 3 -5 5 6 7 8 9 10 -12 -13 -14 -15
leaf_value=0.00024613143282872075 -0.00054357167239106434 0.00024656937700035539 -0.0003077650408755151 0.00016176712893635749 -0.00022987346915775134 0.00017073306371723495 -0.00029725608996475518 6.2906172608278836e-05 -0.00039625471034796748 0.00086730950955583798 -1.9378029740368364e-05 -0.00031514088512205908 0.00026787758366808172 8.2477356628568626e-05
leaf_weight=2093897.3037180901 1141009.9673229456 1365147.1111944914 1384994.5534639359 2837882.8188152313 1695035.4060965776 2106240.4331796169 1127537.1742495298 2609902.0804430246 1958252.4240658283 891547.88565146923 4662548.2793376446 1808849.9401010275 1242695.7073463202 2348805.2060190439
leaf_count=1813 1090 1039 1405 2441 1258 1554 844 1188 2009 1008 5446 1810 1127 2445
internal_value=0.000289961 -3.05625e-05 0.00145487 0.000345905 0.000163781 1.09081e-06 0.000255526 -3.31335e-05 0.000231321 -7.43102e-05 0.000824658 -0.000752829 -9.02579e-05 -0.000813282
internal_weight=2.92743e+07 2.29576e+07 6.31677e+06 4.22288e+06 2.18166e+07 2.04514e+07 1.87564e+07 1.66501e+07 1.55226e+07 1.29127e+07 5.5541e+06 7.3586e+06 5.54975e+06 4.30706e+06
internal_count=26477 20818 5659 3846 19728 18689 17431 15877 15033 13845 6454 7391 5581 4454
cat_boundaries=0 1 2
cat_threshold=145 16
is_linear=0
shrinkage=0.03


Tree=265
num_leaves=15
num_cat=0
split_feature=11 2 10 11 13 3 11 10 10 10 2 13 10 10
split_gain=10541.5 13901.1 68641.7 127618 16373.9 14263.4 15700.8 12642.8 15146.2 11748.8 11471.3 18388.7 10436.8 27467.9
threshold=1.1792307564141953 1.0000000180025095e-35 1.022958258627247 1.0563311894196821 0.89707948020426109 1.5000000000000002 0.99099749058018094 0.94660554909741312 0.99120826366094161 1.1273225476870523 4.5000000000000009 1.0243669969427349 1.0126286975463843 1.0358161514028457
decision_type=2 2 2 2 2 2 2 2 2 2 2 2 2 2
left_child=1 2 -1 -4 5 6 -3 -6 -9 10 12 -12 -10 -14
right_child=-2 4 3 -5 7 -7 -8 8 9 -11 11 -13 13 -15
leaf_value=-0.00012381807635827529 -0.00024492494364031204 0.00061810231881430908 0.0008113843135247261 -0.00015460886924769488 -0.00026156436790996914 -0.00014415648619754673 4.0085790922936816e-06 0.00022823887332807792 -0.00025709405068453364 0.00017367075969548416 -3.899881248581245e-05 0.0004303681537984509 0.00014512899540887272 -0.00010786289151454271
leaf_weight=1962347.3597630262 1168570.1463016272 1370704.802159071 1537733.3737614155 1277551.0587930679 1631207.1461725235 1068111.645917654 1289826.4717652798 2080653.3160476685 1723342.4762010574 2357242.9217003584 1390222.6901409626 1340325.364256978 3090258.5837439299 6033566.503030777
leaf_count=1455 1217 1088 1097 1193 1633 1884 1697 1799 1289 2521 1472 1882 1977 4362
internal_value=0.000608401 0.00072429 0.00219883 0.005201 0.000422913 0.0022455 0.00342116 7.70166e-05 0.000306012 -8.30856e-06 -0.000347724 0.00139027 -0.000785226 -0.000380795
internal_weight=2.93217e+07 2.81531e+07 4.77763e+06 2.81528e+06 2.33755e+07 3.72864e+06 2.66053e+06 1.96468e+07 1.80156e+07 1.5935e+07 1.35777e+07 2.73055e+06 1.08472e+07 9.12383e+06
internal_count=26566 25349 3745 2290 21604 4669 2785 16935 15302 13503 10982 3354 7628 6339
is_linear=0
shrinkage=0.03


Tree=266
num_leaves=15
num_cat=2
split_feature=10 2 11 0 11 9 10 10 1 0 11 11 11 2
split_gain=16461.7 15761.3 79316.1 14093.5 13641.7 11071.2 10622.2 27338.6 15339.2 13434 21499.5 19816.2 18561.6 20806.2
threshold=0.99547996673316497 1.0000000180025095e-35 1.0563311894196821 0 0.92833667948537613 74.500000000000014 1.0243909741692858 1.0304287493282149 16.500000000000004 1 1.0287142808548067 1.024226400462054 1.0619082355085026 3.5000000000000004
decision_type=2 2 2 1 2 2 2 2 2 1 2 2 2 2
left_child=3 2 -2 -1 -5 -3 8 -8 -7 11 -11 -9 -13 -14
right_child=1 5 -4 4 -6 6 7 9 -10 10 -12 12 13 -15
leaf_value=0.00010483871095119794 0.00044730231321239619 -0.00018210470806626539 -0.00031011768896221074 2.5941110136956915e-05 -0.0002818769093040056 0.0001871810751543127 -0.00036481889354442692 0.00032486560450197905 -5.6755754689746963e-05 -0.00030321442722267987 3.6911831781521196e-05 -0.00021297721175345596 0.00022880902320962228 -3.4573965398011934e-05
leaf_weight=2778547.5137979984 2427663.2811368704 1552462.612740159 1570233.8249694109 1545669.0601902008 2710287.702586174 2598142.9049220085 1200011.2826342583 1177698.5446686745 1222947.1750388145 1475702.7107892036 4468521.4652616978 1413487.9106661081 1785643.1498407125 1344431.8569628
leaf_count=3604 1670 1456 1427 1120 1825 2133 983 1104 1048 1144 4081 1279 1828 1855
internal_value=0.00033025 0.000730393 0.00243634 -0.000934654 -0.00201964 0.000356459 0.000581906 0.000169404 0.00197079 0.000612949 -0.000385836 0.00165065 0.000751771 0.00204031
internal_weight=2.92715e+07 2.22369e+07 3.9979e+06 7.0345e+06 4.25596e+06 1.8239e+07 1.66866e+07 1.28655e+07 3.82109e+06 1.16655e+07 5.94422e+06 5.72126e+06 4.54356e+06 3.13008e+06
internal_count=26557 20008 3097 6549 2945 16911 15455 12274 3181 11291 5225 6066 4962 3683
cat_boundaries=0 1 2
cat_threshold=419 179
is_linear=0
shrinkage=0.03


Tree=267
num_leaves=15
num_cat=3
split_feature=16 2 0 12 0 12 0 16 16 10 10 10 10 12
split_gain=18118.9 22740.5 27396.9 12665.9 32785.4 20067.4 14726.9 19336.1 13534.3 11257.6 10521.3 19744.4 18837.7 9564.97
threshold=0.08093095206115429 1.5000000000000002 0 0.99077193618339965 1 0.99977566849591148 2 0.064391008892545815 0.065075257163764486 1.0428102923176461 1.0177510491870221 1.0428102923176461 1.0948158151668064 1.0201843884705277
decision_type=2 2 1 2 1 2 1 2 2 2 2 2 2 2
left_child=3 -2 -3 4 -1 -5 7 10 13 -6 -7 -12 -13 -8
right_child=1 2 -4 5 9 6 8 -9 -10 -11 11 12 -14 -15
leaf_value=0.00035928003252465145 8.9449671547767295e-05 -0.00022404164104152313 6.7175418633128283e-06 -0.00031947147816016586 -6.6587237125176921e-05 0.0002355136913084469 -8.2470904355758277e-05 0.00020333050611852984 -0.00017227866408254581 0.00026577663050346119 -0.0003499126075922092 0.00043203370774347891 -0.00018434587872285044 0.00022194961035187862
leaf_weight=1625033.153018117 2399093.0900268555 2321269.3183987141 2339824.4147033691 1342186.7851055861 2347066.1917238235 1297042.7617834806 2496441.7889043093 2327854.3873596191 3342264.6155130863 967832.34056210518 1235524.0557562113 786411.72958219051 780163.8618478775 3557540.5055680275
leaf_count=1649 1010 801 1707 1257 2428 1315 3494 1065 2398 1009 1059 888 1166 5271
internal_value=0.000294563 -0.00102854 -0.00225003 0.000717145 0.00205577 0.000331911 0.000630655 0.00173728 -0.000126278 0.00034457 0.000497256 -0.000536802 0.00169961 0.000719705
internal_weight=2.91655e+07 7.06019e+06 4.66109e+06 2.21054e+07 4.93993e+06 1.71654e+07 1.58232e+07 6.427e+06 9.39625e+06 3.3149e+06 4.09914e+06 2.8021e+06 1.56658e+06 6.05398e+06
internal_count=26517 3518 2508 22999 5086 17913 16656 5493 11163 3437 4428 3113 2054 8765
cat_boundaries=0 1 2 3
cat_threshold=280 145 56
is_linear=0
shrinkage=0.03


Tree=268
num_leaves=15
num_cat=1
split_feature=10 12 2 10 0 2 14 12 11 2 12 14 2 10
split_gain=16344.7 22360.9 28129.8 31978.3 21775 15329.4 23408.9 19938.1 84282.3 27507.1 33242.7 19229.1 14869.6 14761.7
threshold=1.0297948582309389 1.0222447880274059 1.0000000180025095e-35 1.0698983284546284 0 1.5000000000000002 1.0010397174024745 0.99504303367625979 0.92988574658020606 2.5000000000000004 1.0095804244260049 1.0024343446213029 1.5000000000000002 1.0495977992914343
decision_type=2 2 2 2 1 2 2 2 2 2 2 2 2 2
left_child=5 2 -2 13 12 6 -1 8 -7 -9 -11 -12 -3 -4
right_child=1 4 3 -5 -6 7 -8 9 -10 10 11 -13 -14 -15
leaf_value=-2.7290841989596011e-05 0.00055001922862273533 -0.00067271058375618052 0.00010544570153592659 0.00067008842890586677 8.5355935597730405e-05 0.0001902507672135332 0.00029740895311735043 -0.00023625297285565747 -0.001181852561243761 0.00033852139660557531 -0.00050061678768157346 8.7229421641890606e-05 -0.00014942482045630576 -0.00018556363514196981
leaf_weight=2716708.8981215954 1291747.257758379 1045406.6735565662 2598504.3773685694 1591957.7918964624 5695272.6564399004 1598139.9170116186 1708107.717425108 1626261.2714362144 1350639.0471234322 2377626.804698348 975276.42133724689 1233065.317976594 1780616.4462132454 1561599.3849896193
leaf_count=1992 1007 871 2076 1908 5566 1669 1344 1213 1228 2066 1038 1429 1848 1260
internal_value=0.000558826 0.00122249 0.00247315 0.00157474 0.000188683 -0.000201531 0.00124846 -0.000901884 -0.00293328 6.23649e-05 0.00125114 -0.00139914 -0.00196418 0.000191008
internal_weight=2.91509e+07 1.55651e+07 7.04381e+06 5.75206e+06 8.5213e+06 1.35858e+07 4.42482e+06 9.16101e+06 2.94878e+06 6.21223e+06 4.58597e+06 2.20834e+06 2.82602e+06 4.1601e+06
internal_count=26515 14536 6251 5244 8285 11979 3336 8643 2897 5746 4533 2467 2719 3336
cat_boundaries=0 1
cat_threshold=138
is_linear=0
shrinkage=0.03


Tree=269
num_leaves=15
num_cat=0
split_feature=10 11 12 12 12 10 12 16 11 12 10 2 11 12
split_gain=17381.4 23621.7 24362.5 22568.8 24300.2 20794.3 17830.4 19396.1 17815.7 48125.1 35347.9 25565.2 24726.5 7261.1
threshold=1.0366124446983094 1.0486312805951197 1.0051969303918387 1.024112885485482 1.0365083271516857 1.0449516634702618 1.0172057967491581 0.081308984922925889 1.012201310103076 0.99379942660604637 0.99547996673316497 3.5000000000000004 1.0201167971050777 1.1119442343149464
decision_type=2 2 2 2 2 2 2 2 2 2 2 2 2 2
left_child=3 2 -2 6 -5 -4 7 8 9 11 -11 -1 -10 -3
right_child=1 13 5 4 -6 -7 -8 -9 12 10 -12 -13 -14 -15
leaf_value=0.00043896964323673215 0.00038739939388317176 -8.348062707666737e-06 0.00022708170905813308 0.00046745973172511408 -0.00014860750845618626 -0.00013670188946925154 -0.00039914107833374589 -0.00014460905374112955 0.00034304841325173989 -0.00068707888850576455 -1.7081976228769769e-06 -0.00016228384452745607 -4.7998094795962662e-05 0.0001688058576490045
leaf_weight=1972713.9474856853 2092000.8910853863 7301251.6710041761 1344725.3408098221 1347529.3335939646 1017991.7852249146 1523756.479809165 1242616.4743615389 2792287.7870483398 1197425.1922954321 1587432.4969496727 1382408.2144204378 1158208.4547729492 1574936.2153334618 1667473.0769839287
leaf_count=1848 1728 7814 891 1443 1044 1356 1229 1237 961 1409 1255 1462 1413 1585
internal_value=0.000342349 0.00110875 0.00276994 -0.000356598 0.00233724 0.000974479 -0.000850271 -0.000486363 0.000199868 -0.000706318 -0.00344212 0.00188873 0.00219399 0.000189975
internal_weight=2.92028e+07 1.39292e+07 4.96048e+06 1.52735e+07 2.36552e+06 2.86848e+06 1.2908e+07 1.16654e+07 8.87312e+06 6.10076e+06 2.96984e+06 3.13092e+06 2.77236e+06 8.96872e+06
internal_count=26675 13374 3975 13301 2487 2247 10814 9585 8348 5974 2664 3310 2374 9399
is_linear=0
shrinkage=0.03


Tree=270
num_leaves=15
num_cat=1
split_feature=12 10 12 12 12 12 12 14 0 10 13 12 14 10
split_gain=11136.4 13830 22633 21927 18102.9 13267.8 20557.7 18601.2 16838.2 13015.4 50692 18576.4 25568 11315.5
threshold=1.0375626961833271 1.0366124446983094 1.024112885485482 1.0172057967491581 1.0056064912116331 1.0250886305132016 1.0189249967437959 0.92839959098897473 0 0.90675470765210653 0.86444175940752299 1.0039311402383728 0.95755032181688737 1.0059420147743474
decision_type=2 2 2 2 2 2 2 2 1 2 2 2 2 2
left_child=1 2 3 4 9 6 7 -3 -9 10 -1 12 -11 -14
right_child=-2 5 -4 -5 -6 -7 -8 8 -10 11 -12 -13 13 -15
leaf_value=0.00017239405498428468 -3.8591898051052106e-05 0.00035203036582843095 0.0003288088607564752 -0.00036371315312588647 0.00011479183370176866 -2.7941860783200841e-05 0.00060683142829850458 0.00011554125918249805 -0.00010933402380801432 -0.00028112782649952349 -0.0011170121142689297 -0.0001386927951003233 0.00027899514540588068 3.9903613517987045e-05
leaf_weight=1220626.1639450788 6761167.7910890579 1517878.6706653833 1441595.3200758696 1269651.3056141138 3015275.5780706406 1924049.6740090847 1122439.6698243618 1306496.8688676357 2192216.7218664885 1262932.4362475872 1165728.5491455793 1358942.3571332693 2155789.5097259283 1548624.7831705809
leaf_count=1018 7113 1295 1503 1230 2407 1571 981 1389 1854 1118 1247 904 1724 1188
internal_value=0.000470677 0.000791473 0.000235697 -0.000159863 0.000245563 0.00178674 0.00246803 0.00164685 0.00044361 -0.00044782 -0.00233574 0.000264325 0.00111461 0.00237133
internal_weight=2.92634e+07 2.25022e+07 1.44392e+07 1.29976e+07 1.17279e+07 8.06308e+06 6.13903e+06 5.01659e+06 3.49871e+06 8.71264e+06 2.38635e+06 6.32629e+06 4.96735e+06 3.70441e+06
internal_count=26542 19429 12339 10836 9606 7090 5519 4538 3243 7199 2265 4934 4030 2912
cat_boundaries=0 1
cat_threshold=177
is_linear=0
shrinkage=0.03


Tree=271
num_leaves=15
num_cat=0
split_feature=3 10 12 1 12 12 1 12 12 10 11 11 12 12
split_gain=12420.2 31360.4 26962.1 22806.8 18406.2 38275.7 18446.1 17700.4 18770.8 20276 46225.1 17727.5 12151.8 16623.9
threshold=1.0000000180025095e-35 0.8854012774121286 1.0819307251019412 7.5000000000000009 0.98075970649359323 0.99504303367625979 17.500000000000004 1.0039311402383728 1.0107535664831071 1.0164263585506468 1.0346667605123312 0.93171241057181342 1.0286147346963392 1.0671690946621852
decision_type=2 2 2 2 2 2 2 2 2 2 2 2 2 2
left_child=3 -2 4 -1 -3 -6 -7 11 -9 -10 -11 -5 -12 -14
right_child=1 2 -4 7 5 6 -8 8 9 10 12 -13 13 -15
leaf_value=-0.0001051770363652579 -0.0011401815936714443 0.00036863627224339724 -0.00047687805279194418 -4.241204360985819e-05 -0.00076538285859409426 0.00015177989446044343 -0.00017191423487346861 -0.00011937027526239886 0.00028471019305757733 -0.00046613185495830603 0.00039461800156226541 0.00027548681169490164 -0.00010963197806327906 0.00020646724967686534
leaf_weight=2051150.9479621649 1011113.8526246548 952674.55179071426 888828.53862476349 1648622.9970655441 912086.97922360897 4758637.6070348024 1404301.7870035172 2296044.1694946289 1852160.0572986603 1577603.7934837341 1327735.0346798897 4020237.3462796211 2212327.2125358582 2262751.6118192673
leaf_count=3695 1367 998 1113 1087 985 4966 1993 1272 1250 969 1029 2417 1583 1773
internal_value=0.00036667 -0.000495211 7.25836e-05 0.000811193 0.00062151 9.43815e-05 0.000943255 0.00116782 0.000492925 0.0010966 0.000392312 0.00254035 0.00163025 0.000882465
internal_weight=2.91763e+07 9.92764e+06 8.91653e+06 1.92486e+07 8.0277e+06 7.07503e+06 6.16294e+06 1.71975e+07 1.15286e+07 9.23258e+06 7.38042e+06 5.66886e+06 5.80281e+06 4.47508e+06
internal_count=26497 11422 10055 15075 8942 7944 6959 11380 7876 6604 5354 3504 4385 3356
is_linear=0
shrinkage=0.03


Tree=272
num_leaves=15
num_cat=1
split_feature=16 3 12 12 12 0 10 10 16 13 2 13 10 10
split_gain=11452.5 19747.8 25723.9 19074.4 28605.2 21763.1 15471.1 18331.6 15643.5 13513.8 12729.7 11831.1 11560.6 21649
threshold=0.07190894582191279 1.0000000180025095e-35 1.0020970861562455 0.99379942660604637 1.0004275174568331 0 0.97119576682951958 0.99547996673316497 0.028591112356170421 0.97151326773712088 1.0000000180025095e-35 0.92714722143700057 1.1273225476870523 1.0327028894079586
decision_type=2 2 2 2 2 1 2 2 2 2 2 2 2 2
left_child=3 9 -3 5 -5 -1 -6 -8 -9 -2 -10 -7 13 -12
right_child=1 2 -4 4 6 11 7 8 10 -11 12 -13 -14 -15
leaf_value=0.00029619983699295208 0.00019017356678362998 -0.00045857498282617798 -3.5262172732702296e-05 -0.00046597802120264259 0.00048245383963794883 0.0003728489030810571 -0.00040643661623838767 -0.00029203096537644711 0.00030688078335942875 -2.190306516935422e-05 0.00014757894316932781 -3.5765363672300804e-05 0.00018991058894164377 -0.00012518662846775907
leaf_weight=1333428.4462631941 2421362.4518432617 1487722.7220153809 2838105.3274736404 1038585.2105278969 956630.14717650414 1082707.1573780775 1095629.5341091156 1203016.5308601856 1865773.6157226562 3930707.6625366211 2542714.7325372696 1978337.2425872087 1958479.2198607922 3634163.8745355606
leaf_count=1494 1104 1022 2015 1071 1216 1260 1083 5128 1205 1667 1740 2102 1797 2698
internal_value=0.0002405 -0.000543281 -0.00210665 0.000688299 0.000156914 0.00241687 0.000532544 0.000246723 0.000608896 0.000521387 0.000997681 0.00102344 0.000485118 -0.000151674
internal_weight=2.93674e+07 1.06779e+07 4.32583e+06 1.86895e+07 1.4295e+07 4.39447e+06 1.32564e+07 1.22998e+07 1.12041e+07 6.35207e+06 1.00011e+07 3.06104e+06 8.13536e+06 6.17688e+06
internal_count=26602 5808 3037 20794 15938 4856 14867 13651 12568 2771 7440 3362 6235 4438
cat_boundaries=0 1
cat_threshold=145
is_linear=0
shrinkage=0.03


Tree=273
num_leaves=15
num_cat=3
split_feature=10 11 0 11 0 16 11 11 10 11 10 16 0 11
split_gain=19165.7 31019.4 36695.9 19225.8 18854.1 19662.5 13297.7 19597.6 11188.5 7678.98 26174 9800.41 7132.74 8456.68
threshold=1.0366124446983094 1.0481177777849275 0 0.86277403626205151 1 0.061819436899166635 0.96422914078869548 0.99272723637215787 1.0557838013323353 1.0089144817108773 1.0147528084570501 0.052979303042598229 2 1.1847991086997858
decision_type=2 2 1 2 1 2 2 2 2 2 2 2 1 2
left_child=3 2 -2 -1 6 9 -5 -8 -4 11 -11 -6 -3 -14
right_child=1 12 8 4 5 -7 7 -9 -10 10 -12 -13 13 -15
leaf_value=0.00034063778796623921 0.00035167913704046641 -0.00018378046195984853 0.00024210739048773905 -0.00056020323287560747 0.00040019515305291089 -5.179130510960214e-05 0.00017566975245898356 -0.00034200301757215685 -0.00014941232229654199 0.00057113414508380179 -6.4288424362806283e-06 -9.664617945118454e-05 8.0478024683874652e-05 -0.00022450124615509549
leaf_weight=1194344.1254895926 2245184.4480671883 1212244.9842458963 1415319.7764674425 1193454.9522135258 785924.86807465553 5398298.2617082596 1292808.1083343029 2456080.4488098621 1129229.7083439827 792338.47348809242 1066459.8244206905 1031595.908782959 6858854.9850777388 954607.09893786907
leaf_count=1325 1539 815 1276 953 1781 2851 1258 1935 1017 1005 1502 628 7467 1038
internal_value=0.000454327 0.00126321 0.00321458 -0.000280328 -0.000591656 0.000220333 -0.00208254 -0.00120454 0.000747985 0.00191252 0.0032683 0.000525945 0.00022766 0.000559847
internal_weight=2.90267e+07 1.38154e+07 4.78973e+06 1.52113e+07 1.4017e+07 9.07462e+06 4.94234e+06 3.74889e+06 2.54455e+06 3.67632e+06 1.8588e+06 1.81752e+06 9.02571e+06 7.81346e+06
internal_count=26390 13152 3832 13238 11913 7767 4146 3193 2293 4916 2507 2409 9320 8505
cat_boundaries=0 1 2 3
cat_threshold=184 140 8
is_linear=0
shrinkage=0.03


Tree=274
num_leaves=15
num_cat=2
split_feature=16 11 10 0 11 14 12 12 12 12 10 0 10 10
split_gain=10322.4 11727.6 22385.3 26440.3 12928.1 14926.6 14442 17176.8 11549.8 11336.6 35989.4 21554.8 20640.6 24188.3
threshold=0.0862256971107183 1.0546192281003315 1.0366124446983094 0 1.0650063805139773 0.87472871039131206 1.0296685703366102 1.0462583589386607 1.024112885485482 0.99379942660604637 0.98441456963735618 1 1.0064121020445238 0.8854012774121286
decision_type=2 2 2 1 2 2 2 2 2 2 2 1 2 2
left_child=1 2 8 -4 -3 -6 -7 -8 9 12 -11 -12 13 -1
right_child=-2 4 3 -5 5 6 7 -9 -10 10 11 -13 -14 -15
leaf_value=1.5848167992310175e-05 -3.634287865618565e-05 -0.0003897750529981268 0.00032289071989757709 1.5957595603620836e-05 -0.00024949084188155232 0.00029079941842115504 -0.00032636118207635546 9.4780456014874527e-05 0.00026685528399470712 -0.00050626122454304739 0.00011573858768831794 -0.00024082169979260372 -0.00014511621511274141 0.00068551108504823015
leaf_weight=1543790.5504071712 4504094.9836370945 871200.53830456734 2526305.1189069748 1920637.7546108961 1288736.5163303614 1115762.1303329468 941936.15439009666 3268950.7176121473 1774895.3464779854 1347297.5488454103 3585173.2630016804 2091981.5343636274 1125155.1980377436 1174719.2712422609
leaf_count=1817 2167 985 1988 1900 1522 1398 942 3802 1940 1119 2376 2516 869 1096
internal_value=0.000427432 0.000669397 0.00110314 0.00293389 -0.000320737 0.000131668 0.000832606 2.85112e-05 0.000459215 9.27825e-05 -0.00062394 0.00042215 0.00140262 0.00281695
internal_weight=2.90806e+07 2.45765e+07 1.709e+07 4.44694e+06 7.48659e+06 6.61539e+06 5.32665e+06 4.21089e+06 1.2643e+07 1.08681e+07 7.02445e+06 5.67715e+06 3.84367e+06 2.71851e+06
internal_count=26437 24270 15621 3888 8649 7664 6142 4744 11733 9793 6011 4892 3782 2913
cat_boundaries=0 1 2
cat_threshold=440 86
is_linear=0
shrinkage=0.03


Tree=275
num_leaves=15
num_cat=3
split_feature=3 13 13 16 13 0 16 1 0 2 0 13 14 2
split_gain=15677.2 27175.8 19303.1 12102.2 11234.6 11132.9 13020 10336.2 19473.7 14390.3 12578.2 14404.2 15590.5 6628.81
threshold=1.5000000000000002 0.82337158696090029 1.0108837424179125 0.071623177460404933 1.0437288525276693 0 0.05516457443449433 10.500000000000002 1 1.5000000000000002 2 0.92178864209550082 0.97101069555766195 5.5000000000000009
decision_type=2 2 2 2 2 1 2 2 1 2 1 2 2 2
left_child=2 -2 7 13 -4 -6 -7 8 9 -1 -9 -12 -13 -3
right_child=1 3 4 -5 5 6 -8 10 -10 -11 11 12 -14 -15
leaf_value=0.00039298132753388048 -0.0015673266267086084 0.00035577549594589325 -6.8568328129868977e-05 -8.6741789461985979e-05 0.00016956506770884216 0.00038850102744436397 -0.00011513683491800809 0.00033166125671513853 -7.1693027923992579e-05 8.1959037126165145e-05 -0.00013001137665032323 0.00019726603045740372 -1.8575026766243065e-05 -4.5224616604977227e-05
leaf_weight=1367768.1867947578 706699.65871357918 1392398.4430629015 3555733.7187418938 2446545.2509326935 1617685.3127119541 1486451.4950046539 3408284.6045227051 2401901.6323337555 1234870.6560847759 1865268.8951214552 2369072.3172793388 1983964.3701643944 2576913.5591197014 990780.52226507664
leaf_count=1061 1305 2442 2117 2008 1123 2751 2114 2096 1686 1377 1786 1140 1380 2182
internal_value=0.000520178 -0.000918097 0.000853802 -0.000114099 -0.000145021 0.000595468 -0.000117612 0.00158253 0.00276912 0.00399316 0.00101442 0.000365992 0.00135174 0.00140747
internal_weight=2.94043e+07 5.53642e+06 2.38679e+07 4.82972e+06 1.00682e+07 6.51242e+06 4.89474e+06 1.37998e+07 4.46791e+06 3.23304e+06 9.33185e+06 6.92995e+06 4.56088e+06 2.38318e+06
internal_count=26568 7937 18631 6632 8105 5988 4865 10526 4124 2438 6402 4306 2520 4624
cat_boundaries=0 1 2 3
cat_threshold=17 285 386
is_linear=0
shrinkage=0.03


Tree=276
num_leaves=15
num_cat=2
split_feature=3 10 12 12 12 10 10 0 14 1 12 12 10 0
split_gain=12780.8 21804.1 21527.3 15748.6 38582.2 14637.6 13081.8 35855 22804.8 30088.3 23132.2 17630.3 24157.4 10807.3
threshold=1.0000000180025095e-35 0.8854012774121286 1.0815940336562109 0.98075970649359323 1.0020970861562455 0.85413796973278877 1.0049949454514786 0 0.9547205523788248 8.5000000000000018 1.0247081950625578 1.0475322582993578 1.0361774965034085 1
decision_type=2 2 2 2 2 2 2 1 2 2 2 2 2 1
left_child=5 -2 3 -3 -5 -1 7 -7 10 -10 -8 12 -11 -12
right_child=1 2 -4 4 -6 6 8 -9 9 11 13 -13 -14 -15
leaf_value=0.00035838767432946206 -0.0010260295410819999 0.00030780823128273029 -0.00046259937303494121 -0.00034658392663261637 8.4426085516969138e-05 0.00015658235011549034 0.00031698986140542529 -0.00032793793731659125 -0.00022067598372786282 0.00020013430886454264 0.00017496118080630077 0.00033173723392468114 -0.00016055698765315773 -0.00015741872829044514
leaf_weight=1331415.9781806469 1007158.4579393864 976937.57478988171 907703.05095481873 1694872.5439897776 5444041.4101507664 1990488.1654664278 2772709.8305946589 2142424.1516008377 1776883.1806539297 2443929.6155195236 1237081.5273681879 1658675.706025362 2779300.9766349792 1180001.1639726162
leaf_count=1080 1350 1011 1175 1769 6174 1441 2154 1753 1922 1381 977 1330 1966 1102
internal_value=0.000220241 -0.000648521 -0.000181233 0.000308808 -0.000180061 0.000671457 0.000446719 -0.00103449 0.000888765 -5.37288e-05 0.00246125 0.000844871 -1.08009e-05 0.000316078
internal_weight=2.93436e+07 1.00307e+07 9.02355e+06 8.11585e+06 7.13891e+06 1.93129e+07 1.79815e+07 4.13291e+06 1.38486e+07 8.65879e+06 5.18979e+06 6.88191e+06 5.22323e+06 2.41708e+06
internal_count=26585 11479 10129 8954 7943 15106 14026 3194 10832 6599 4233 4677 3347 2079
cat_boundaries=0 1 2
cat_threshold=46 405
is_linear=0
shrinkage=0.03


Tree=277
num_leaves=15
num_cat=1
split_feature=12 1 1 2 12 12 12 0 12 1 10 1 10 10
split_gain=9613.64 27980.7 27234.3 22490.4 57026.7 23109.9 24237.8 27471.4 12559 17686 17586.9 12430.8 14466.5 18393.2
threshold=0.98075970649359323 16.500000000000004 11.500000000000002 1.5000000000000002 0.99504303367625979 1.0039311402383728 1.0107535664831071 0 1.0375626961833271 9.5000000000000018 1.0395588043783788 17.500000000000004 1.042224977287155 1.0126286975463843
decision_type=2 2 2 2 2 2 2 1 2 2 2 2 2 2
left_child=1 2 -1 5 -5 -2 -7 -8 9 10 -6 12 13 -11
right_child=3 -3 -4 4 8 6 7 -9 -10 11 -12 -13 -14 -15
leaf_value=0.0002341545725057493 0.00029390561605558075 0.00058697060522915664 -0.00022746620066139441 -0.00064261321782694929 -0.00026634196578812571 -0.00022162489367088116 0.00030057813423810687 1.3870878305355707e-05 -9.4332540699749274e-05 6.7254850105901082e-05 6.7534783304163673e-05 -4.2600972010573679e-05 -4.4158965410859185e-05 0.00043258349587500388
leaf_weight=1533527.3254369497 1810786.7870491743 1412570.4930872917 1351845.6511230469 1936602.4040280581 1590115.1094323397 1433341.8759015799 1396837.2527067661 3845780.9533094168 4346388.3925871849 1716426.8652954102 768153.01271867752 2361678.6750655174 1534462.8536682129 2119035.0547189713
leaf_count=1719 1266 1326 922 1790 2058 947 795 3622 4877 1174 1033 2630 1081 1252
internal_value=0.000413843 0.00172395 3.02967e-05 0.000187341 -0.000462312 0.00144067 0.00062535 0.00157052 0.00018616 0.000766915 -0.0015073 0.00146059 0.00225833 0.00324322
internal_weight=2.91576e+07 4.29794e+06 2.88537e+06 2.48596e+07 1.63729e+07 8.48675e+06 6.67596e+06 5.24262e+06 1.44363e+07 1.00899e+07 2.35827e+06 7.7316e+06 5.36992e+06 3.83546e+06
internal_count=26492 3967 2641 22525 15895 6630 5364 4417 14105 9228 3091 6137 3507 2426
cat_boundaries=0 1
cat_threshold=272
is_linear=0
shrinkage=0.03


Tree=278
num_leaves=15
num_cat=0
split_feature=2 10 11 16 11 10 10 12 14 14 14 11 11 11
split_gain=14241.8 42154.6 109765 14253.8 17942.3 29965.2 25496.4 15694.8 16336.6 17734.2 13225.7 9851.08 20541.6 8350.15
threshold=1.0000000180025095e-35 1.022958258627247 1.0563311894196821 0.093489802824248333 0.92833667948537613 0.94660554909741312 0.99120826366094161 0.95947003494370919 0.86843321543707963 0.96372369363272747 1.023005625093464 1.0144223363856211 1.0201167971050777 1.0631792722561391
decision_type=2 2 2 2 2 2 2 2 2 2 2 2 2 2
left_child=1 -1 -3 4 -2 -6 10 -8 -9 -10 -7 -11 -13 -14
right_child=3 2 -4 -5 5 6 7 8 9 11 -12 12 13 -15
leaf_value=-9.7583392802555786e-05 0.00029838934473609029 0.000706347493747249 -0.00016014748339419498 -0.00018292809215939969 -0.00079531398968539393 0.00043867850739483905 0.00029432343199851783 -0.00048005257880511583 9.04074705212139e-05 -0.00013700559985816072 3.700441985999495e-05 0.00027190519900138413 -0.00015607161927751775 2.0197288527829026e-05
leaf_weight=2003677.3455299139 2236442.8928774595 1545058.1992349625 1519517.2503069639 1622573.4808833599 1055906.9273915291 1240944.2331417799 1106318.4423699379 1395992.1331425905 3729693.1258497238 2500693.3243991137 1044223.5267663002 1131349.7538577318 3879267.3739858866 3008863.8864277601
leaf_count=1466 2311 1113 1377 812 987 1129 1001 1715 3510 2055 1090 813 3363 3620
internal_value=0.000315156 0.00175991 0.00397221 9.44845e-06 0.000206725 -7.69845e-05 0.000195859 -0.000209632 -0.000453808 -0.000150392 0.00316844 -0.000780546 -0.000267911 -0.000883247
internal_weight=2.90205e+07 5.06825e+06 3.06458e+06 2.39523e+07 2.23297e+07 2.00933e+07 1.90373e+07 1.67522e+07 1.56459e+07 1.42499e+07 2.28517e+06 1.05202e+07 8.01948e+06 6.88813e+06
internal_count=26362 3956 2490 22406 21594 19283 18296 16077 15076 13361 2219 9851 7796 6983
is_linear=0
shrinkage=0.03


Tree=279
num_leaves=15
num_cat=0
split_feature=16 11 2 11 11 1 3 14 3 11 14 11 11 11
split_gain=17224.4 8563.17 11375.3 29757.1 35743.6 10295.7 16743.2 12452.5 7544.42 18174.8 21409.8 14719.9 24345.1 12905
threshold=0.087477238269254506 0.86277403626205151 1.0000000180025095e-35 1.0563311894196821 1.0139433186184619 7.5000000000000009 1.0000000180025095e-35 1.0113950031598431 1.0000000180025095e-35 0.97193150850967303 0.92683527085931527 0.99677933585499845 1.0165661152875569 1.0298519489200137
decision_type=2 2 2 2 2 2 2 2 2 2 2 2 2 2
left_child=1 -1 3 4 -3 6 -4 -8 11 -10 -11 -7 -13 -14
right_child=-2 2 5 -5 -6 8 7 -9 9 10 -12 12 13 -15
leaf_value=0.00056553943228722608 -6.3918054947337635e-05 4.8143542394058727e-05 -0.00025436335166313808 -0.00016297788245837232 0.00075482802852003944 0.00030579601681335171 -0.00022824183783007619 0.00049296633154477835 -0.00037123843916245854 -0.0003567298870724562 8.2319362113912717e-05 -0.00030044897680860225 0.00018685705516381513 4.0828096772158432e-05
leaf_weight=1023455.7046734095 4195361.9593960047 1442444.420612812 1423330.8552190065 1308211.684543252 1275476.4197559357 2463632.8837313652 447359.92956995964 319344.80988025665 1231713.4947223663 1056643.4747257233 5590303.3526751995 1482003.5742197037 1407204.8446311951 4540070.4236242771
leaf_count=1224 1940 1143 2576 1326 993 1681 1292 1285 1104 1117 5329 988 799 3627
internal_value=0.000399417 0.000697797 0.000583138 0.0020378 0.00382714 0.000289741 -0.0016511 0.00192289 0.000528916 -0.000163724 0.000456536 0.00108053 0.000414142 0.00127142
internal_weight=2.92066e+07 2.50112e+07 2.39877e+07 4.02613e+06 2.71792e+06 1.99616e+07 2.19004e+06 766705 1.77716e+07 7.87866e+06 6.64695e+06 9.89291e+06 7.42928e+06 5.94728e+06
internal_count=26424 24484 23260 3462 2136 19798 5153 2577 14645 7550 6446 7095 5414 4426
is_linear=0
shrinkage=0.03


Tree=280
num_leaves=15
num_cat=0
split_feature=10 12 10 11 12 10 11 12 3 1 14 10 10 12
split_gain=10817.5 23293.2 15793.8 21932.2 22751.6 15497.8 11061.3 21704.9 31846.8 15570.4 18317.8 16180.9 13485.3 24806.9
threshold=1.0366124446983094 1.0053593290700693 1.0428102923176461 1.04552959995921 1.024112885485482 1.0607758417944242 0.86277403626205151 0.99504303367625979 1.0000000180025095e-35 8.5000000000000018 1.0010397174024745 0.99896106769128634 0.99547996673316497 1.0095804244260049
decision_type=2 2 2 2 2 2 2 2 2 2 2 2 2 2
left_child=6 5 -3 -4 -5 -2 -1 8 -8 11 12 -9 -11 -14
right_child=1 2 3 4 -6 -7 7 9 -10 10 -12 -13 13 -15
leaf_value=0.00034902100228432391 0.000557127633068921 0.00012816324161966773 -0.00034589537716021542 0.00040474805173376882 -2.1057865119732699e-05 0.00013977686360651034 -0.00012804136800978642 4.423965769847448e-05 -0.00096009485137437496 -0.00026543780883424365 0.00017450820031614429 -0.0003201965625368678 0.00018844752643900557 -0.00016237703243880751
leaf_weight=1200563.0867960453 1315894.5046378374 1287706.1158189774 1361976.7508699894 1082635.0324248075 7256773.0925040245 1649743.0805635452 2201094.8349633217 835464.35487723351 1332679.8653895855 1403748.2514858246 4156236.5241913795 1083029.0713828802 1676983.3387231827 1468528.7417843342
leaf_count=1321 1039 871 1256 1225 7240 1631 1530 1167 1371 1080 3191 1446 1091 1104
internal_value=0.000255756 0.000860351 0.000223624 -0.000190734 0.000385717 0.00321973 -0.000293585 -0.000528033 -0.00256473 0.000149418 0.000688569 -0.00229707 -0.00062678 0.000464358
internal_weight=2.93131e+07 1.39547e+07 1.09891e+07 9.70138e+06 8.33941e+06 2.96564e+06 1.53583e+07 1.41578e+07 3.53377e+06 1.0624e+07 8.7055e+06 1.91849e+06 4.54926e+06 3.14551e+06
internal_count=26563 13262 10592 9721 8465 2670 13301 11980 2901 9079 6466 2613 3275 2195
is_linear=0
shrinkage=0.03


Tree=281
num_leaves=15
num_cat=0
split_feature=10 10 2 10 10 12 12 12 12 2 14 13 12 10
split_gain=10914.3 24437 27122.9 29330.8 26905.4 15888.6 31121.9 22402.3 18383.1 19046.9 13612.9 16526.4 17867.3 27141.3
threshold=1.0283647253166985 1.0358161514028457 1.0000000180025095e-35 1.0414760349388581 1.090378971707578 0.9880996573646984 1.013544279386674 1.0243090240668089 1.0441643509458864 2.5000000000000004 0.91916070165964914 0.92876174461070604 1.0056064912116331 0.99451885417014119
decision_type=2 2 2 2 2 2 2 2 2 2 2 2 2 2
left_child=10 -2 4 -4 -3 -5 -7 -8 -9 -10 -1 -12 13 -13
right_child=1 2 3 5 -6 6 7 8 9 -11 11 12 -14 -15
leaf_value=-0.00025404905206210919 0.00031573575734229981 0.00052283779641448033 -0.00029095952446741549 0.00025049953270134875 8.9595782665310646e-06 -0.00049925560669305689 0.00041067156522714264 -0.00016404619867099786 0.00022271698804703964 -6.8146330230299019e-05 0.00027365549144663608 -0.00032099529937213269 5.8771517912223718e-05 2.1365847886865281e-05
leaf_weight=1600555.586004138 1522287.2885481119 1370035.5610455275 1298269.3542453051 1542498.0087774992 1239783.7356904745 1267108.1898264885 1333143.5265288353 1973404.4864891768 1876966.9935723543 2384222.0074614286 2573406.1821036339 2402334.024533391 4097186.7270902395 2621895.5327519178
leaf_count=1802 1250 982 1009 1492 1174 1136 1407 1768 1725 2916 2560 2077 3377 1802
internal_value=0.000413973 0.000946775 0.000561729 -5.62988e-05 0.00332662 0.000475543 -1.49511e-05 0.000713631 -4.11464e-05 0.00106744 -0.000219508 0.00013562 -0.000463393 -0.00166242
internal_weight=2.91031e+07 1.58077e+07 1.42854e+07 1.16756e+07 2.60982e+06 1.03773e+07 8.83485e+06 7.56774e+06 6.23459e+06 4.26119e+06 1.32954e+07 1.16948e+07 9.12142e+06 5.02423e+06
internal_count=26477 14859 13609 11453 2156 10444 8952 7816 6409 4641 11618 9816 7256 3879
is_linear=0
shrinkage=0.03


Tree=282
num_leaves=15
num_cat=0
split_feature=12 1 12 1 14 2 11 12 12 12 14 12 10 2
split_gain=9027.11 35407.8 29983.7 23077.5 17386.4 11224.9 24604.7 10054.7 13814.2 15078.8 9908.34 20648 14907.1 16007.5
threshold=0.99977566849591148 18.500000000000004 1.0019454115575417 10.500000000000002 0.98995064686758971 1.0000000180025095e-35 1.0631792722561391 1.004725325582458 1.0077918519281821 1.0137025498423149 1.010522322190589 1.0303254378924587 1.1267163222885357 3.5000000000000004
decision_type=2 2 2 2 2 2 2 2 2 2 2 2 2 2
left_child=1 3 -2 -1 -5 6 -4 -7 -9 -10 12 -12 -11 -14
right_child=2 -3 5 4 -6 7 -8 8 9 10 11 -13 13 -15
leaf_value=5.7120874928496354e-05 0.00051457718718533278 0.00049169355635288008 0.00027285749739083473 -9.5053861356309737e-05 -0.00053195852621977274 -0.00031937684200405211 -0.00013628022632450389 0.00020769850767126424 -0.00023124313832057549 -6.6298439574868402e-05 0.00037494071071099915 -2.5939273402754605e-05 0.00017770499372191003 -0.00013874185468798787
leaf_weight=2469777.0806859732 1113294.3678233624 1260853.3167777061 2127177.2611976862 2797952.1758422852 1661081.3277282715 1081483.8367264271 1342210.230697751 1656878.2253562212 2010101.5044075251 5123496.6527477503 1627583.0910553932 2276108.0185928345 1602014.4443283081 1095543.8427561522
leaf_count=2801 821 1719 1529 1608 1131 924 1257 1236 1638 4435 1853 2886 1397 1368
internal_value=0.000287091 -0.000558031 0.0006158 -0.0013995 -0.00268804 0.00034832 0.00189922 2.16879e-05 0.000218152 -9.40052e-05 0.000317571 0.001552 -0.000298563 0.00150646
internal_weight=2.92456e+07 8.18966e+06 2.10559e+07 6.92881e+06 4.45903e+06 1.99426e+07 3.46939e+06 1.64732e+07 1.53917e+07 1.37348e+07 1.17247e+07 3.90369e+06 7.82105e+06 2.69756e+06
internal_count=26603 7259 19344 5540 2739 18523 2786 15737 14813 13577 11939 4739 7200 2765
is_linear=0
shrinkage=0.03


Tree=283
num_leaves=15
num_cat=3
split_feature=16 11 10 14 0 11 11 0 0 10 10 2 10 2
split_gain=12912.4 11103.7 32477 30053.4 22170.3 20630.4 27637 24668 17083.4 13080 11461.2 10824.2 10737.4 8285.8
threshold=0.087477238269254506 1.0546192281003315 1.0366124446983094 1.0024343446213029 0 1.0201167971050777 1.0125103192591238 1 2 0.98137359294060911 0.90372711552493334 1.0000000180025095e-35 0.99645774472557846 2.5000000000000004
decision_type=2 2 2 2 1 2 2 1 1 2 2 2 2 2
left_child=1 2 5 4 -4 6 8 -7 10 -10 -1 -3 -12 -13
right_child=-2 11 3 -5 -6 7 -8 -9 9 -11 12 13 -14 -15
leaf_value=0.00040114465088776126 -6.7154264511909068e-05 -0.00021264104597457185 0.00035208931134025927 -9.7963619558963049e-06 0.00025666414919595451 0.00020939453584169359 0.00039255694424639902 -0.00036583766069911807 2.1635472231995751e-05 -0.00055210925671816242 -0.00013085237765174718 0.00012661191970550481 0.0001105443217384209 -5.1461056999969205e-05
leaf_weight=1688197.3850471973 4168702.884883523 1375710.7015619278 1610068.5420882702 1594183.5090017319 1417060.897734046 1164941.5382515192 1546412.2142758369 1811729.0140695572 1614196.5356961489 1244035.9113998413 1878992.4898401499 2449905.1117249727 1846180.4287481308 3745939.726028204
leaf_count=1528 1959 1384 1049 1678 1293 1524 1222 1164 1816 1436 1787 2526 1335 4741
internal_value=0.000310162 0.00056803 0.000985007 0.0031406 0.00489626 0.000206427 0.000869732 -0.00198137 0.00018152 -0.00169476 0.00117219 -0.000391094 0.000242924 0.000143397
internal_weight=2.91563e+07 2.49876e+07 1.7416e+07 4.62131e+06 3.02713e+06 1.27947e+07 9.81801e+06 2.97667e+06 8.2716e+06 2.85823e+06 5.41337e+06 7.57156e+06 3.72517e+06 6.19584e+06
internal_count=26442 24483 15832 4020 2342 11812 9124 2688 7902 3252 4650 8651 3122 7267
cat_boundaries=0 1 2 3
cat_threshold=184 355 155
is_linear=0
shrinkage=0.03


Tree=284
num_leaves=15
num_cat=4
split_feature=9 9 16 16 13 11 0 11 1 1 0 1 0 0
split_gain=15281.7 9651.81 35015.1 22209.2 18225.6 18971.9 17645.7 14306.8 16340.7 13326.6 12855.6 11184.4 16774.4 11164
threshold=68.500000000000014 89.500000000000014 0.068187999090089851 0.052673485965430346 1.0108837424179125 1.01278369294476 0 1.0043317453751401 9.5000000000000018 13.500000000000002 1 17.500000000000004 2 3
decision_type=2 2 2 2 2 2 1 2 2 2 1 2 1 1
left_child=-1 2 6 7 11 -6 -2 8 -3 13 -7 12 -5 -9
right_child=1 3 -4 4 5 10 -8 9 -10 -11 -12 -13 -14 -15
leaf_value=-0.00039783344216628199 0.00012284313420248406 -2.5841776122900308e-05 0.00041990720604907154 -0.00012882504051136488 -0.00020145697770937847 0.00012198570044398838 -0.00027581865691545676 0.00044190538673793392 0.00088502364620515826 -0.00015408470492359782 -0.00015571966824124133 0.00018647275432185869 5.6392585656038326e-05 0.00011053559233621209
leaf_weight=1200091.2070585489 989366.27224349976 505695.52658247948 1444186.2121312618 3278469.6434326172 2684154.1823120117 2153998.7144927979 1035048.8577804565 615210.41624093056 1104166.78185606 1532056.9334731102 3007551.5476646423 2026658.0483305454 6769612.7310029268 926800.23768627644
leaf_count=1055 1102 1871 793 1835 1622 1625 1282 1417 1796 2868 1576 1125 4155 2476
internal_value=0.000160039 0.00030176 0.00178329 9.29016e-05 -0.000344154 -0.00146989 -0.000762564 0.00195167 0.0042428 0.000751826 -0.000406052 0.000387304 -2.27467e-05 0.0027207
internal_weight=2.92731e+07 2.8073e+07 3.4686e+06 2.46044e+07 1.99204e+07 7.8457e+06 2.02442e+06 4.68393e+06 1.60986e+06 3.07407e+06 5.16155e+06 1.20747e+07 1.00481e+07 1.54201e+06
internal_count=26598 25543 3177 22366 11938 4823 2384 10428 3667 6761 3201 7115 5990 3893
cat_boundaries=0 1 2 3 4
cat_threshold=306 101 44 88
is_linear=0
shrinkage=0.03


Tree=285
num_leaves=15
num_cat=2
split_feature=2 10 11 11 10 0 12 0 14 11 2 12 10 2
split_gain=7789.96 47167.5 114423 10777.4 22436.3 13093.1 11067.3 41077.5 30777.7 11688.4 39508.1 14649.5 10780.9 9780.54
threshold=1.0000000180025095e-35 1.022958258627247 1.0563311894196821 0.92833667948537613 0.94660554909741312 0 1.0081464412505341 1 0.96865785668567095 1.0318169443797804 2.5000000000000004 1.0252236949159943 1.0304287493282149 4.5000000000000009
decision_type=2 2 2 2 2 1 2 1 2 2 2 2 2 2
left_child=1 -1 -3 -2 -5 12 7 -7 -9 10 -8 -11 -6 -13
right_child=3 2 -4 4 5 6 9 8 -10 11 -12 13 -14 -15
leaf_value=-0.00013550498699292518 0.00015716988990746835 0.00068322175736875291 -0.00016433752754625854 -0.00063460369980974246 -0.0001310545118645406 0.0011103707535103258 -0.00048320473504149614 -0.00034263681501146956 0.00027311082359048088 0.00030911851201894047 0.00011805717818545746 2.58583450127389e-05 -1.549198777142979e-06 -0.00036202262829132791
leaf_weight=2003563.149920702 2467482.6875385046 1550174.9463893175 1536939.4698972702 1130916.7775270939 2398278.137059927 1093951.7865147591 1306250.2120764256 1508270.7566559315 2636504.8107477427 2082581.8713968992 1800653.8509910107 4234617.6683055162 2376877.5703127384 1075544.1789352894
leaf_count=1494 2397 1120 1403 1023 1114 1694 1080 1282 2298 2148 2085 4252 1125 2036
internal_value=0.000224911 0.00129128 0.00361765 -2.27878e-07 -0.000214377 1.24107e-05 0.000429892 0.00155614 0.000191367 -0.000132044 -0.00167605 0.000516849 -0.00136356 -0.00031948
internal_weight=2.92026e+07 5.09068e+06 3.08711e+06 2.41119e+07 2.16444e+07 2.05135e+07 1.57384e+07 5.23873e+06 4.14478e+06 1.04996e+07 3.1069e+06 7.39274e+06 4.77516e+06 5.31016e+06
internal_count=26551 4017 2523 22534 20137 19114 16875 5274 3580 11601 3165 8436 2239 6288
cat_boundaries=0 1 2
cat_threshold=16 226
is_linear=0
shrinkage=0.03


Tree=286
num_leaves=15
num_cat=1
split_feature=0 10 11 11 10 11 12 11 10 12 11 11 11 2
split_gain=9068.1 47298.3 31518.3 25926.5 24221.5 15550.5 13918.8 26804.7 14748.4 13952.6 12876.2 15596.3 18478.5 11682.8
threshold=0 0.86883337326258692 0.96422914078869548 0.9255113813882313 1.0126286975463843 1.0074632817481786 1.0077918519281821 1.0323118499713326 1.0133092217113286 1.0286147346963392 1.0201167971050777 1.0273366141169642 1.0546192281003315 2.5000000000000004
decision_type=1 2 2 2 2 2 2 2 2 2 2 2 2 2
left_child=2 -2 3 -1 5 -4 8 -8 -3 -9 -6 -12 -13 -14
right_child=1 6 4 -5 10 -7 7 9 -10 -11 11 12 13 -15
leaf_value=9.1495917053976354e-05 -0.00074788720532841294 0.0004621163676191209 -0.00018309961112780005 0.00023496559966285007 0.00019191992991031989 1.5841023817374992e-05 -0.00033401249579720891 0.00025588960177537278 2.2950678964040585e-05 -3.6514784732992742e-05 -0.00023382184593466641 0.00023745534858711205 6.2870186406644107e-05 -0.00017061224413279053
leaf_weight=1373987.1487754583 1222656.7150796652 1495553.6572343111 2284549.7392659187 1414750.4385563135 2282643.6460272074 1475698.1903344393 2264815.1219156981 1758015.2026183605 2257944.8425021172 3458666.5591750145 1241280.5360332727 1916305.4976258278 2531068.0725178719 2288531.352833271
leaf_count=1395 1149 1268 2029 1181 1746 1228 1990 1788 1756 3854 858 1613 2171 2515
internal_value=0.000309438 -0.000303963 0.000764053 0.00367682 0.000184674 -0.00187505 0.000305843 -0.000442086 0.00179662 0.000741098 0.000939566 0.000371055 0.00094049 -5.03058e-05
internal_weight=2.92665e+07 1.24577e+07 1.68088e+07 2.78874e+06 1.40201e+07 3.76025e+06 1.1235e+07 7.4815e+06 3.7535e+06 5.21668e+06 1.02598e+07 7.97719e+06 6.7359e+06 4.8196e+06
internal_count=26541 11805 14736 2576 12160 3257 10656 7632 3024 5642 8903 7157 6299 4686
cat_boundaries=0 1
cat_threshold=403
is_linear=0
shrinkage=0.03


Tree=287
num_leaves=15
num_cat=2
split_feature=11 2 10 0 10 16 12 10 11 11 0 10 12 12
split_gain=8260.08 11083.8 23757.2 18361.5 27480.8 25880.7 18322.8 21871.2 19736.3 21261.3 19614.9 18292.5 29546 23358.8
threshold=0.86277403626205151 1.5000000000000002 0.90675470765210653 0 1.0557838013323353 0.075419083314141697 0.95947003494370919 0.99896106769128634 1.0216820434357365 1.0301164719085267 1 1.0654250738835296 1.0213035412072564 1.0281187774485046
decision_type=2 2 2 1 2 2 2 2 2 2 1 2 2 2
left_child=-1 3 -3 4 -2 -5 -4 10 -9 -10 -8 12 -11 -13
right_child=1 2 6 5 -6 -7 7 8 9 11 -12 13 -14 -15
leaf_value=0.00034518666577583348 0.00031220946690720949 -0.00051948387636502845 0.00028294515332444125 3.7756310374585539e-05 -0.00086541514575639645 0.00033292838216148927 0.00042556684824495051 -0.00013535510642624749 0.00028179609889926769 -0.00075973072515270537 -2.3248640986278248e-05 0.00031589521828021916 8.1135590995549308e-05 -4.4861424896398579e-05
leaf_weight=1152130.4592624903 881719.47291517258 1427846.9967916012 1169481.001842618 5653670.887334466 932076.60763454437 2150607.2188720703 1553328.5639306307 3920618.8441474438 1336631.1322598457 1288170.9385808706 1334164.0857503414 1016435.8063511848 1264572.3353222609 4047960.0562086105
leaf_count=1291 1101 1277 1145 4353 1235 742 1204 3307 1125 1337 1472 1244 1130 4427
internal_value=0.000285702 0.000183185 -0.000249011 0.00100817 -0.00171078 0.00164008 6.43808e-05 -0.000204441 -0.000733679 4.35788e-05 0.00215526 -0.000568805 -0.00263952 0.000474956
internal_weight=2.91294e+07 2.79773e+07 1.83592e+07 9.61807e+06 1.8138e+06 7.80428e+06 1.69314e+07 1.57619e+07 1.28744e+07 8.95377e+06 2.88749e+06 7.61714e+06 2.55274e+06 5.0644e+06
internal_count=26390 25099 17668 7431 2336 5095 16391 15246 12570 9263 2676 8138 2467 5671
cat_boundaries=0 1 2
cat_threshold=162 309
is_linear=0
shrinkage=0.03


Tree=288
num_leaves=15
num_cat=3
split_feature=16 12 16 0 12 12 0 16 13 0 12 13 12 13
split_gain=9111.74 14336.5 12457.8 10883.7 9423.08 22440.4 14814.3 13083.9 10402.3 11739.5 19170 13264.8 18823.4 8436.45
threshold=0.08093095206115429 1.0209991217275116 0.079025595619747063 0 0.99379942660604637 1.0004275174568331 1 0.053678396261770671 0.84087385819613791 2 1.0081464412505341 0.95470031130501709 1.0149511273734639 0.97709518418763774
decision_type=2 2 2 1 2 2 1 2 2 1 2 2 2 2
left_child=2 3 4 -2 6 -6 -1 -8 -7 13 -11 -12 -13 -10
right_child=1 -3 -4 -5 5 8 7 -9 9 10 11 12 -14 -15
leaf_value=0.00023821874010730894 -0.00013450803341857125 8.8817269587924806e-05 0.00025135348498792575 -6.5935501925632045e-06 -0.00036048348901740143 -0.00039060054698800031 0.00050594675097126972 -6.4112945168068132e-05 0.00012258925667973008 0.00025660278789589076 -0.00014161494695529874 -0.00032534892152309193 0.00015313300427909697 -0.00020447976756102793
leaf_weight=1519527.953915 2281450.3614501953 2658166.5211914778 1041674.3417472839 2157675.5670909882 1147425.3848342896 983340.76292490959 1028391.0804915428 2402227.4906311035 1066013.0645275116 2167357.9739165306 2116014.536429286 1303070.8524352312 5403426.5487809181 1986063.7757892609
leaf_count=1613 700 1468 624 1360 1138 2143 2118 1516 1330 1511 1995 1020 5317 2704
internal_value=0.000362646 -0.000572876 0.00066221 -0.00161625 0.000504266 0.000153709 0.00164958 0.000557322 0.000462522 0.00067141 0.00112853 0.000507515 0.00116093 -0.000974594
internal_weight=2.92618e+07 7.09729e+06 2.21645e+07 4.43913e+06 2.11229e+07 1.61727e+07 4.95015e+06 3.43062e+06 1.50253e+07 1.40419e+07 1.09899e+07 8.82251e+06 6.7065e+06 3.05208e+06
internal_count=26557 3528 23029 2060 22405 17158 5247 3634 16020 13877 9843 8332 6337 4034
cat_boundaries=0 1 2 3
cat_threshold=26 145 385
is_linear=0
shrinkage=0.03


Tree=289
num_leaves=15
num_cat=3
split_feature=10 10 12 0 10 10 10 0 13 10 11 11 10 0
split_gain=13901.4 24509.6 24264.8 24382 22604.3 18038.1 21667.6 15603.4 13008.6 12462.3 12163.3 9127.5 13517.7 13480.4
threshold=1.0297948582309389 1.0350154479417271 1.0056064912116331 0 0.95679863267342224 1.0395588043783788 1.0495977992914343 1 0.99072696340569 0.98441456963735618 1.016828407656591 1.1671507471139435 1.1541225501345296 2
decision_type=2 2 2 1 2 2 2 1 2 2 2 2 2 1
left_child=2 -2 3 9 -4 -3 -7 -6 -5 -1 -9 12 13 -8
right_child=1 5 4 8 7 6 11 10 -10 -11 -12 -13 -14 -15
leaf_value=0.00029146378304928161 0.00025267988153508149 -0.00025150746297534463 0.00050805907130685153 -0.00011762473588383721 0.0001867025110704426 0.00024188499174523687 0.00044256003433791325 -0.00035598067704247031 -0.00021843733698673223 -0.00016082454160827863 3.1512210404038756e-06 -0.00012729864225947111 0.00045153494657881573 -1.9954504540373442e-05
leaf_weight=1456613.9604694843 1078725.8563286066 1302183.0196304321 1157621.7743799686 2778575.72988379 1578298.0218924284 1815790.7535181046 1386598.7309947014 1338569.2745074034 2467354.1889200211 1195902.3302301168 1712558.4380799532 1680843.87476933 1135613.7587616444 7138806.1066533327
leaf_count=1673 803 1055 1077 1911 1441 1345 2542 1346 1633 1398 1467 1745 1535 5460
internal_value=0.000180814 0.000794866 -0.000516383 -0.00159766 0.000959395 0.000469435 0.000802771 2.18151e-05 -0.00278289 0.000746396 -0.00123084 0.000315659 0.000670642 0.000261081
internal_weight=2.92241e+07 1.55386e+07 1.36855e+07 7.89845e+06 5.78705e+06 1.44598e+07 1.31577e+07 4.62943e+06 5.24593e+06 2.65252e+06 3.05113e+06 1.13419e+07 9.66102e+06 8.5254e+06
internal_count=26431 14485 11946 6615 5331 13682 12627 4254 3544 3071 2813 11282 9537 8002
cat_boundaries=0 1 2 3
cat_threshold=387 74 416
is_linear=0
shrinkage=0.03


Tree=290
num_leaves=15
num_cat=2
split_feature=10 12 2 2 1 12 2 12 16 0 0 12 16 11
split_gain=10799.6 28242.4 23624.8 22858.4 20192.4 31909.9 19339.5 19280 29741.4 29289.2 18885.6 17857.9 15624.6 14980.8
threshold=1.0297948582309389 1.0233061924905116 1.0000000180025095e-35 4.5000000000000009 8.5000000000000018 1.0470769130312347 2.5000000000000004 1.0056064912116331 0.061819436899166635 0 1 1.0529077699885148 0.052673485965430346 0.97193150850967303
decision_type=2 2 2 2 2 2 2 2 2 1 1 2 2 2
left_child=7 2 -2 10 11 -6 -7 9 12 -1 -4 -3 -9 -11
right_child=1 4 3 -5 5 6 -8 8 -10 13 -12 -13 -14 -15
leaf_value=0.00018308219154445951 -0.00038438357919484207 0.00047475225869686097 0.00030931677610592412 0.00069083701909527671 -0.00061528128044629669 0.00014459912939780809 -0.00016176689403636302 3.1926291523140601e-05 -5.0180481423226666e-05 -0.00047361123419868207 -5.2614836548061178e-05 -0.00017920876244005164 0.00055856374235127267 -5.0658464694103166e-05
leaf_weight=2594988.6038136482 1281371.7114989758 677949.20477378368 1471178.885594964 1161517.6832506657 2556075.326685667 2225858.8621034622 1987614.698821187 1050419.8828691244 3479262.1288619041 2060842.5508308411 3227054.5570092201 861231.08445250988 1279844.0430455208 3240587.8214893341
leaf_count=3045 1008 907 1480 1708 1879 1795 2119 2474 2033 1613 2158 1412 875 1963
internal_value=0.000145936 0.000689756 0.0020733 0.0012664 -0.000499364 -0.00120456 0.000399681 -0.000467079 0.000844714 -0.00143219 0.000334757 0.00260221 0.00346756 -0.00271048
internal_weight=2.91558e+07 1.54499e+07 7.14112e+06 5.85975e+06 8.30873e+06 6.76955e+06 4.21347e+06 1.37059e+07 5.80953e+06 7.89642e+06 4.69823e+06 1.53918e+06 2.33026e+06 5.30143e+06
internal_count=26469 14466 6354 5346 8112 5793 3914 12003 5382 6621 3638 2319 3349 3576
cat_boundaries=0 1 2
cat_threshold=387 450
is_linear=0
shrinkage=0.03


Tree=291
num_leaves=15
num_cat=3
split_feature=0 11 12 11 0 0 11 12 12 2 12 1 1 12
split_gain=8739.27 11447.1 10420.8 17554.4 60928.7 15926.1 20473 20268.4 13598.6 12439.9 9792.2 6976.06 7657.96 6769.58
threshold=0 1.1792307564141953 0.94365407296847026 0.96422914078869548 1 2 1.0008996729328536 1.0077918519281821 1.0671690946621852 1.0000000180025095e-35 1.0233061924905116 9.5000000000000018 14.500000000000002 1.0017672621402147
decision_type=1 2 2 2 1 1 2 2 2 2 2 2 2 2
left_child=10 2 -2 4 -4 7 -7 -5 11 -8 -1 -9 -13 -11
right_child=1 -3 3 5 -6 6 9 8 -10 13 -12 12 -14 -15
leaf_value=2.0902626003396809e-05 -0.00021866198579775198 -0.00020400596753457036 0.00051317930241920242 0.00097119977243200818 -0.00022891109288956761 -0.00014466119953312765 0.00015181419243617727 -0.00016911253845497515 0.00046197132160903344 0.00012881593928715726 -0.00018685491607276116 0.00037942709418994978 -4.4678546709973111e-05 -1.2982762382305752e-05
leaf_weight=2882856.3502736092 1220490.7825409174 1093710.4689484835 1955575.6597938538 763907.21325099468 1270844.106025219 2489432.7063304186 1979694.2988681793 849472.0055180788 1001388.5545836687 1321218.2649409771 1725643.0110422373 1021517.2006072998 1563109.6267859936 8159113.8211431503
leaf_count=1920 1498 1152 1657 878 1175 2000 1342 1494 1406 1219 1160 1116 1947 6536
internal_value=0.00032847 0.000552324 0.000691398 0.000838643 0.00288575 0.000493722 -3.44834e-05 0.00191084 0.00113352 0.000501178 -0.000870797 0.000236516 0.00101168 4.95055e-05
internal_weight=2.9298e+07 2.46895e+07 2.35958e+07 2.23753e+07 3.22642e+06 1.91489e+07 1.39495e+07 5.19939e+06 4.43549e+06 1.146e+07 4.6085e+06 3.4341e+06 2.58463e+06 9.48033e+06
internal_count=26500 23420 22268 20770 2832 17938 11097 6841 5963 9097 3080 4557 3063 7755
cat_boundaries=0 1 2 3
cat_threshold=8 401 98
is_linear=0
shrinkage=0.03


Tree=292
num_leaves=15
num_cat=4
split_feature=10 10 12 14 0 12 0 10 0 12 14 10 0 12
split_gain=10776.8 16029 13692.2 15779 21633.9 14830.2 20363.5 12904.2 34806.3 46611.1 11584.1 13440.5 13212.9 17514.5
threshold=1.0283647253166985 1.0340049789758805 1.0121640620794861 1.0032777294000772 0 0.98075970649359323 1 0.98441456963735618 2 1.0039311402383728 0.89959930987127634 1.1039426284101042 3 1.0233061924905116
decision_type=2 2 2 2 1 2 1 2 1 2 2 2 1 2
left_child=2 -2 5 -4 -5 6 -1 -7 -9 -10 11 -3 -12 -14
right_child=1 10 3 4 -6 7 -8 8 9 -11 12 -13 13 -15
leaf_value=0.00034549505271050347 0.00026007274690239857 0.00024974499464710804 -4.5259840373199707e-05 0.0004034056224847775 -5.3527421202399799e-05 -0.00039987312037373504 -0.00022836565216433467 0.00033812402033556258 5.3020566831649547e-06 -0.0004853402812560129 6.1613276848032666e-05 1.3729883347442506e-05 6.5795752650139563e-05 -0.0002182475729301211
leaf_weight=1089947.0268034935 1232817.0691710711 1426376.7872030735 1915390.0463032722 1071802.6964440346 1079358.8775976896 2216750.55070436 1019596.3069957495 1442157.0063083172 2149045.2919397354 1461132.2697814703 5298601.3763712645 1874095.6895880699 2989363.3172246218 3004661.9863525629
leaf_count=718 1042 1290 1726 801 1315 1817 1378 1270 1629 996 5872 1871 2348 2512
internal_value=0.000125839 0.000656414 -0.000498684 0.000955206 0.00271856 -0.00112909 0.00108538 -0.00177174 -0.000934485 -0.00250827 0.000378912 0.00194238 -7.8039e-05 -0.00104285
internal_weight=2.92711e+07 1.58259e+07 1.34452e+07 4.06655e+06 2.15116e+06 9.37863e+06 2.10954e+06 7.26909e+06 5.05233e+06 3.61018e+06 1.45931e+07 3.30047e+06 1.12926e+07 5.99403e+06
internal_count=26585 14935 11650 3842 2116 7808 2096 5712 3895 2625 13893 3161 10732 4860
cat_boundaries=0 1 2 3 4
cat_threshold=284 29 110 496
is_linear=0
shrinkage=0.03


Tree=293
num_leaves=15
num_cat=3
split_feature=2 12 11 10 0 0 10 12 0 1 1 10 11 11
split_gain=7616.09 21706.8 26816.6 14398.5 18329 12898.2 21521.9 12103.7 14612.5 12878.8 12324.4 30397.8 21248.3 11193.5
threshold=1.5000000000000002 0.95947003494370919 0.94582335825913144 0.99896106769128634 0 1 1.0246755618021297 0.99227196909529336 2 17.500000000000004 9.5000000000000018 1.049913976748585 1.0631792722561391 1.0563311894196821
decision_type=2 2 2 2 1 1 2 2 1 2 2 2 2 2
left_child=5 -2 -3 4 -4 6 -1 -5 -9 10 12 -12 -10 -7
right_child=1 2 3 7 -6 13 -8 8 9 -11 11 -13 -14 -15
leaf_value=-2.785547969397062e-06 0.00030233855209920493 -0.00037851839881650711 0.00054962911144362857 -0.00059356496087688889 -1.0512130012491321e-05 0.00010301555846569239 0.00023123164089513908 0.00016397027556370246 -0.00025099129575533818 -0.00027212115315847012 0.0001926089749003421 -0.00016284886085369074 0.00010099496036341338 -0.00017181895468927958
leaf_weight=1921687.8042596579 1727523.9900898933 1751624.1149967909 1507841.0576858521 1030147.407571435 1577480.51524508 3683774.8486551046 2288998.9397348166 3438741.8474435806 1154468.7693665028 1933447.6852555275 2302704.7351436615 2089476.0021350384 760791.58094108105 2047700.318318367
leaf_count=1165 1998 1445 1476 992 1409 3025 1504 3357 1487 2332 1445 1657 1185 2087
internal_value=0.000385291 3.74144e-05 -0.000278482 0.000112075 0.00195046 0.0010597 0.00232037 -0.000334197 -5.92519e-05 -0.000744712 -8.80957e-05 0.000787598 -0.00209628 0.000133532
internal_weight=2.92164e+07 1.92742e+07 1.75467e+07 1.57951e+07 3.08532e+06 9.94216e+06 4.21069e+06 1.27098e+07 1.16796e+07 8.24089e+06 6.30744e+06 4.39218e+06 1.91526e+06 5.73148e+06
internal_count=26564 18783 16785 15340 2885 7781 2669 12455 11463 8106 5774 3102 2672 5112
cat_boundaries=0 1 2 3
cat_threshold=358 273 138
is_linear=0
shrinkage=0.03


Tree=294
num_leaves=15
num_cat=0
split_feature=1 13 16 2 9 3 11 10 10 1 11 16 10 11
split_gain=11200.6 27084.9 23269.7 12001.9 14796.5 11391.6 13931.9 10362.8 9541.2 23525.1 28027.1 13790.7 9345.67 25631.5
threshold=10.500000000000002 0.85796955376437878 0.082905232067444642 1.0000000180025095e-35 89.500000000000014 1.0000000180025095e-35 1.04552959995921 1.022958258627247 1.0366124446983094 16.500000000000004 1.0702650376535423 0.055842721573730943 1.0596278767251972 1.0909725825507273
decision_type=2 2 2 2 2 2 2 2 2 2 2 2 2 2
left_child=1 -1 8 -3 -5 7 -7 -6 11 12 -11 -2 -10 -14
right_child=2 3 -4 4 5 6 -8 -9 9 10 -12 -13 13 -15
leaf_value=0.00058989116657392495 0.00015981030102961216 0.00018937398993815614 -0.00020167849497686641 -0.00019087147188139486 0.00013882679944233898 1.8838725313538205e-05 0.00034844383357883669 -9.8528230857699306e-05 0.00016813716214923401 0.00043785894738593582 2.4151275200900584e-05 -8.5273659883899173e-05 -0.00036688413871517432 0.00013427865156095058
leaf_weight=883951.28625667095 3067543.2901332378 1492184.4706152678 3591621.6626685858 1118239.5567116737 1240944.5262721777 1068653.2174016237 760340.6343473196 2214231.0702546835 1460706.3273487091 1639660.8613255024 1519911.3805270195 5722090.787001133 1558480.6372146606 1782851.5606123209
leaf_count=2002 3531 1244 2035 1121 1044 1667 1194 1829 831 1676 2166 3581 1137 1410
internal_value=0.000222786 0.00111842 -0.000163705 0.000560818 -3.88686e-06 0.000659563 0.00257406 -0.000353873 0.000306115 0.0010584 0.00306881 -0.000375304 -0.000264377 -0.00113943
internal_weight=2.91214e+07 8.77854e+06 2.03429e+07 7.89459e+06 6.40241e+06 5.28417e+06 1.82899e+06 3.45518e+06 1.67512e+07 7.96161e+06 3.15957e+06 8.78963e+06 4.80204e+06 3.34133e+06
internal_count=26468 10101 16367 8099 6855 5734 2861 2873 14332 7220 3842 7112 3378 2547
is_linear=0
shrinkage=0.03


Tree=295
num_leaves=15
num_cat=0
split_feature=13 2 14 3 14 9 12 1 11 1 14 13 2 11
split_gain=8415.8 15667 20928.7 11440.7 22037 10654.9 12168.5 33138.9 10442.7 10045.9 8312.59 6366.74 8158.81 20824.9
threshold=1.0098845784959261 4.5000000000000009 1.034957998826606 1.5000000000000002 0.92211866534237341 89.500000000000014 1.0137025498423149 16.500000000000004 0.99677933585499845 14.500000000000002 1.0286636309364841 0.78575838081934313 1.5000000000000002 1.0563311894196821
decision_type=2 2 2 2 2 2 2 2 2 2 2 2 2 2
left_child=3 5 -3 11 -5 -2 7 -7 -6 -10 -8 -1 13 -13
right_child=1 2 -4 4 8 6 10 -9 9 -11 -12 12 -14 -15
leaf_value=0.00031174112296586951 8.9190580966433833e-05 -5.027293861221238e-06 0.00087588984710667357 -0.00088908537644065443 -0.00045288730332568143 -0.00031845004962687305 -8.4339819098493344e-05 9.340344827337167e-05 0.00043523432607362351 -6.2208061806341347e-05 0.00023814600301431076 0.00021061923820991555 5.6639896573584537e-06 -5.4014786830028718e-05
leaf_weight=1307766.5308475494 1919001.9299509525 1552369.7512558699 696496.71712040901 725829.29025876522 825907.62661623955 2670025.3449393511 3002695.1396108866 1318581.6259074211 772090.86004924774 769262.94125580788 1346533.8502501249 3902354.1003226042 6771656.499073267 1650707.4373761415
leaf_count=1759 1436 1894 1449 1106 1153 2067 2180 1113 1103 932 1631 2568 4787 1347
internal_value=0.000266181 -0.000322502 0.0019452 0.000706339 -0.000940867 -0.000819707 -0.00128358 -0.00248034 0.000461288 0.00191983 -0.00018605 0.00108008 0.000868888 0.00172126
internal_weight=2.92313e+07 1.25057e+07 2.24887e+06 1.67256e+07 3.09309e+06 1.02568e+07 8.33784e+06 3.98861e+06 2.36726e+06 1.54135e+06 4.34923e+06 1.36325e+07 1.23247e+07 5.55306e+06
internal_count=26525 11770 3343 14755 4294 8427 6991 3180 3188 2035 3811 10461 8702 3915
is_linear=0
shrinkage=0.03


Tree=296
num_leaves=15
num_cat=0
split_feature=10 12 1 11 12 10 10 12 12 10 16 10 1 12
split_gain=11130.4 17303 26726.3 20906.8 17110.5 16392 15312.5 21495.7 54021 30384 12824.7 12632.7 10236 7868.39
threshold=1.0283647253166985 1.0051969303918387 8.5000000000000018 1.0346667605123312 0.9655380253813558 1.0157067546290344 0.99451885417014119 0.99227196909529336 1.0049158022346554 0.80264756421392891 0.069040338539711726 1.0596278767251972 14.500000000000002 1.0470769130312347
decision_type=2 2 2 2 2 2 2 2 2 2 2 2 2 2
left_child=5 4 10 -4 -2 6 7 9 -9 -1 -3 -5 -10 -13
right_child=1 2 3 11 -6 -7 -8 8 12 -11 -12 13 -14 -15
leaf_value=-0.00021426294869798218 8.7884190072771203e-05 4.8776183192740364e-05 -0.00026432909065240973 -0.00010236080018072163 0.0002442307986465745 -0.00021233908062064845 0.00010786186411407628 -0.00058744344583292819 -2.7787842001828629e-05 0.00058965276458275981 0.00021984002980990577 -0.00012566728578511919 0.00025498754305473261 2.9976334959557706e-05
leaf_weight=1083664.1440696716 2077768.8199659586 883218.27027702332 1918462.2007598877 1433778.6644191742 1791715.8410391808 2792639.2397392988 3801078.9780964851 1711494.8885858059 1368773.5031709671 1640376.6596364975 1346322.5324530602 2462959.6651501656 1161286.8359770775 3998644.5405774117
leaf_count=1289 1756 2703 1402 1063 1475 2229 3134 1270 1400 1389 580 2135 1028 3753
internal_value=0.000437138 0.000975303 0.000414566 -0.000259038 0.00272054 -0.00019444 0.000336793 -0.000498959 -0.00183452 0.00158061 0.00337959 0.000423513 0.000950083 -0.000141753
internal_weight=2.94722e+07 1.59129e+07 1.20434e+07 9.81385e+06 3.86948e+06 1.35593e+07 1.07667e+07 6.9656e+06 4.24156e+06 2.72404e+06 2.22954e+06 7.89538e+06 2.53006e+06 6.4616e+06
internal_count=26606 14867 11636 8353 3231 11739 9510 6376 3698 2678 3283 6951 2428 5888
is_linear=0
shrinkage=0.03


Tree=297
num_leaves=15
num_cat=0
split_feature=16 11 10 14 11 1 2 11 2 16 11 11 2 14
split_gain=9644.86 8332.8 17965.7 20985.8 16043.4 12018.8 13314.5 30608 19544.6 14409.4 13408 10875.6 9572.84 8477.79
threshold=0.087477238269254506 1.0481177777849275 1.0366124446983094 0.98782129732423263 1.028352128358649 7.5000000000000009 3.5000000000000004 0.97193150850967303 1.0000000180025095e-35 0.066099849000144359 0.96092504511688037 1.0631792722561391 1.5000000000000002 0.87740810827334437
decision_type=2 2 2 2 2 2 2 2 2 2 2 2 2 2
left_child=1 2 4 -4 5 12 8 -8 -7 -9 -10 -3 -1 -13
right_child=-2 11 3 -5 -6 6 7 9 10 -11 -12 13 -14 -15
leaf_value=5.6353136515874831e-05 -5.6320795140398453e-05 -0.00026723580260052879 0.00029494491447547739 -9.2341788647580954e-07 -0.00023859959311159644 -7.5711050998791298e-05 -0.00070457131779069553 -6.5578529740499975e-05 0.00055045544066402311 0.00030306774226543804 0.00014386283867477213 -0.0001184122055324426 -0.0016153206095387309 5.7229080152015501e-05
leaf_weight=453136.23723006248 4174788.7756530046 1485911.1426286697 2351336.4991044998 1853233.2044041157 1396384.9552562237 1529247.1532869339 1298628.1744608879 1240106.7649381161 1441348.670894146 1364044.6689691544 2954215.8459382057 1369975.7841539383 773849.5216729641 5487891.4638373852
leaf_count=771 1950 1477 1850 1771 1423 1041 1251 1349 1025 843 2014 1603 1953 6234
internal_value=0.000430196 0.000653103 0.00104077 0.00273629 0.000468204 0.00085094 0.00120046 -0.000160071 0.00209667 0.00171605 0.00311299 -0.000120736 -0.00194858 0.000383424
internal_weight=2.91741e+07 2.49993e+07 1.66555e+07 4.20457e+06 1.2451e+07 1.10546e+07 9.82759e+06 3.90278e+06 5.92481e+06 2.60415e+06 4.39556e+06 8.34378e+06 1.22699e+06 6.85787e+06
internal_count=26555 24605 15291 3621 11670 10247 7523 3443 4080 2192 3039 9314 2724 7837
is_linear=0
shrinkage=0.03


Tree=298
num_leaves=15
num_cat=1
split_feature=16 14 2 10 2 12 16 0 14 16 10 12 16 12
split_gain=9461.66 20056.4 15600.9 14092 17321.9 15624.3 15194.7 13619.5 13434.5 11845.3 10871.2 9837.41 13810.8 12136
threshold=0.055672035124616014 0.87740810827334437 1.5000000000000002 1.0654250738835296 4.5000000000000009 1.0303254378924587 0.08093095206115429 0 1.010522322190589 0.07190894582191279 1.0785274074960782 0.98124154101434635 0.049930599699384785 1.0557143713395758
decision_type=2 2 2 2 2 2 2 1 2 2 2 2 2 2
left_child=1 10 7 4 6 -5 8 9 -4 -2 -1 -3 13 -13
right_child=2 11 3 5 -6 -7 -8 -9 -10 -11 -12 12 -14 -15
leaf_value=8.4841424212845339e-06 1.6972922443046514e-05 0.00067017256242394088 1.3377046432664248e-05 0.00026055374970786324 4.4713029809741891e-05 -6.7297224573079347e-05 -0.00028433469161704355 -4.0795681858755796e-05 -0.00017379372297731424 0.00027564960209457406 -0.00073583634902497203 -0.00010054973115810254 0.00021609443401724373 0.00035803325253827865
leaf_weight=455766.12278962135 2323875.5790405273 1043843.0382282734 2858419.3036499023 1532908.2663269043 2547407.1533522606 2799777.6611129045 2357402.8414611816 2462975.2341308594 1843929.8429107666 2282170.8394775391 425971.17840659618 2817667.7303359509 3000465.3889327049 589935.0310690403
leaf_count=1160 1247 1762 1478 1144 2132 2039 961 1649 1118 808 912 6518 1870 1723
internal_value=0.000293817 0.00114916 -4.54746e-05 -0.000627638 -0.0012682 0.00079272 -0.0020334 0.00110253 -0.00104795 0.00206544 -0.00312936 0.00165541 0.00121548 -9.14039e-05
internal_weight=2.93425e+07 8.33365e+06 2.10089e+07 1.39398e+07 9.60716e+06 4.33269e+06 7.05975e+06 7.06902e+06 4.70235e+06 4.60605e+06 881737 7.45191e+06 6.40807e+06 3.4076e+06
internal_count=26521 13945 12576 8872 5689 3183 3557 3704 2596 2055 2072 11873 10111 8241
cat_boundaries=0 1
cat_threshold=345
is_linear=0
shrinkage=0.03


Tree=299
num_leaves=15
num_cat=4
split_feature=10 10 10 10 0 10 12 0 13 10 0 12 13 0
split_gain=9803.05 24828 13783.2 11808.7 9635.52 21235.9 17815.1 15645.7 9034.25 10515.9 14815.7 8589.37 25921.8 16613.8
threshold=1.0283647253166985 1.0340049789758805 1.0395588043783788 1.0449516634702618 0 1.0821230818239316 1.024112885485482 1 0.92347215966364249 1.184584628071115 2 1.0056064912116331 0.98859299337777551 3
decision_type=2 2 2 2 1 2 2 1 2 2 1 2 2 1
left_child=11 -2 -3 -4 -5 7 -7 -6 -8 10 -10 12 -1 -13
right_child=1 2 3 4 5 6 8 -9 9 -11 -12 13 -14 -15
leaf_value=4.8904139421408532e-05 0.00028872243149951325 -0.00020013074286194494 0.00020161977471400613 9.7156619732680771e-05 6.6874172926489585e-05 0.00050148083723724373 -0.00033691665508118362 -0.00039551816266377495 0.00022323898863054221 0.00024938900705201255 -0.00020372671260081006 0.00011806302151308512 -0.00017851710944466953 -0.00012600531295705675
leaf_weight=4291705.9078652859 1214381.6892815828 1430852.0110313892 1126728.8418608904 2952362.8876819611 1557556.2263746262 1241134.7324829102 856439.19332551956 2006875.6552675962 1021150.8001781702 1252901.8514701128 1140094.8599436283 3559640.1894257069 3525364.3013348579 2120042.338419795
leaf_count=3570 1002 1177 828 1946 1643 1522 1322 1721 1129 1305 1319 2767 2995 2399
internal_value=0.000449808 0.000956995 0.000613859 0.000918 0.000642909 0.000158638 0.0013256 -0.00164585 0.00040613 0.00109721 -0.000170467 -0.00014395 -0.00078905 0.000743916
internal_weight=2.92972e+07 1.58005e+07 1.45861e+07 1.31552e+07 1.20285e+07 9.07615e+06 5.51172e+06 3.56443e+06 4.27059e+06 3.41415e+06 2.16125e+06 1.34968e+07 7.81707e+06 5.67968e+06
internal_count=26645 14914 13912 12735 11907 9961 6597 3364 5075 3753 2448 11731 6565 5166
cat_boundaries=0 1 2 3 4
cat_threshold=272 104 67 124
is_linear=0
shrinkage=0.03


Tree=300
num_leaves=15
num_cat=0
split_feature=10 11 11 2 14 10 12 13 10 10 12 2 10 11
split_gain=11747.2 8851.77 10113.9 7194.32 23653.9 20283.8 14952.4 14586.3 13950.9 19820.5 13859.3 15115.3 12349.8 23635.5
threshold=0.82120607435980486 0.96422914078869548 0.97755348269850095 4.5000000000000009 1.033928317361464 1.0169331504814727 1.1119442343149464 1.0581732234556909 1.0103377067276311 0.98873969880633472 1.0603178070352504 1.0000000180025095e-35 1.0243909741692858 1.0631792722561391
decision_type=2 2 2 2 2 2 2 2 2 2 2 2 2 2
left_child=-1 -2 -3 6 5 -5 7 8 9 -4 11 -10 -13 -14
right_child=1 2 3 4 -6 -7 -8 -9 10 -11 -12 12 13 -15
leaf_value=-0.00029793058882758501 0.00015365359199859415 -0.00027118801600585583 0.0001278460709883716 0.00032596545930342185 0.00086619053407167683 -9.4361546061716772e-05 0.00027096874093433148 -0.00014332031075948057 0.00027265908280512427 -0.00026467926839890947 -0.00010872185365799987 0.00013000738240849044 -8.6151321749209546e-05 0.00021674009744764621
leaf_weight=1411473.5588396788 3553136.324503541 1176185.7484728098 1420456.2941813469 873059.86428773403 817319.2742857933 2377479.3509901762 1360834.6791362762 4357283.266510129 2032339.9315565825 1550059.4603463411 1657851.2294509411 1589611.9391732216 3598890.3465352058 1432243.3522833586
leaf_count=1655 2890 1037 1077 1010 1787 3057 1153 4190 1448 1077 1488 953 2453 1269
internal_value=0.000337985 0.000473559 0.00026861 0.000406973 0.00155197 0.000404856 0.000161825 -7.1937e-05 0.000422198 -0.00138928 0.000944073 0.0014255 0.000730814 2.51404e-06
internal_weight=2.92082e+07 2.77968e+07 2.42436e+07 2.30674e+07 4.06786e+06 3.25054e+06 1.89996e+07 1.76387e+07 1.32815e+07 2.97052e+06 1.03109e+07 8.65309e+06 6.62075e+06 5.03113e+06
internal_count=26544 24889 21999 20962 5854 4067 15108 13955 9765 2154 7611 6123 4675 3722
is_linear=0
shrinkage=0.03


Tree=301
num_leaves=15
num_cat=1
split_feature=3 11 10 10 11 10 11 10 10 11 2 0 10 14
split_gain=6557.47 17721.2 18200.9 11618.8 18026.6 22642.4 11248.7 19082.6 28818.7 22629 21068.6 8899.59 29382.1 37321
threshold=1.0000000180025095e-35 1.1267345063990362 0.8854012774121286 1.1714616938353537 1.0816503814833049 1.1267163222885357 1.0674559289204744 1.0169331504814727 1.0283647253166985 1.0023540593275329 4.5000000000000009 0 1.0239702552515217 0.99678521260793873
decision_type=2 2 2 2 2 2 2 2 2 2 2 1 2 2
left_child=3 2 -2 4 11 -6 7 9 -9 -4 -10 12 -1 -14
right_child=1 -3 6 -5 5 -7 -8 8 10 -11 -12 -13 13 -15
leaf_value=-2.0266225429948111e-05 -0.0010638215942961765 -0.00038327808844544343 -3.1456645581399908e-05 0.00032825852221852211 -0.00043361305819383344 1.7831940883271872e-07 0.00022723795335339794 -0.00059858906369315325 -0.00015010088675690265 0.00049592085291081626 0.00046768981298564758 -8.4446504706716674e-06 0.00024405337044551908 -6.8720697280237868e-05
leaf_weight=4438945.0718064308 1009921.7503790855 900713.17077958584 1640322.587957263 1574144.0906909704 1136601.3639812469 1402086.1961923838 1507487.7866476774 1110532.5445005894 1363681.1440064907 1098437.6810563803 1303952.2440705299 6730441.057140708 2572177.4980809689 1459466.0338764191
leaf_count=3173 1348 1323 1720 1577 1087 1190 2054 1001 998 1158 1802 5247 1737 1106
internal_value=0.000127827 -0.000498475 -9.84127e-05 0.000449997 0.000230809 -0.0021093 0.000379289 -0.000160932 -0.00154308 0.00174577 0.000147439 0.000621626 0.00126867 0.00312265
internal_weight=2.92489e+07 9.93505e+06 9.03434e+06 1.93139e+07 1.77397e+07 2.53869e+06 8.02441e+06 6.51693e+06 3.77817e+06 2.73876e+06 2.66763e+06 1.5201e+07 8.47059e+06 4.03164e+06
internal_count=26521 11404 10081 15117 13540 2277 8733 6679 3801 2878 2800 11263 6016 2843
cat_boundaries=0 1
cat_threshold=466
is_linear=0
shrinkage=0.03


Tree=302
num_leaves=15
num_cat=2
split_feature=13 16 3 13 3 12 12 0 16 10 14 13 0 16
split_gain=12873.7 17793.3 15773.2 22486.4 14537.7 14961.9 13064.4 19810.5 12258.3 11162.4 10938.8 12862.8 10115.3 9486.62
threshold=0.98036236086411988 0.066900352591049719 1.5000000000000002 0.82337158696090029 1.5000000000000002 1.0488857053949088 1.0017672621402147 0 0.065800905902728843 1.022958258627247 0.91058912034072559 0.92714722143700057 1 0.08093095206115429
decision_type=2 2 2 2 2 2 2 1 2 2 2 2 1 2
left_child=2 4 8 -4 5 6 9 -8 10 -2 -1 -12 -3 -10
right_child=1 12 3 -5 -6 -7 7 -9 13 -11 11 -13 -14 -15
leaf_value=-0.00013746092011929418 -0.00014054265692576095 4.6542939329359957e-05 -0.001415244309040179 7.0356301201947581e-05 0.0003758050355850122 0.00018028769151844803 0.00012099745529656866 -0.00030364454185904607 0.00023122725595856654 0.00021149426653515162 0.0003455914372300502 -1.078795030646551e-05 -7.1141539262320306e-05 4.7805047991456424e-05
leaf_weight=1675431.6249334812 1168044.0336300135 2055657.1364746094 676322.30410611629 1658936.3348847628 1321287.2169450521 1483395.6209731102 1805857.7299337387 2298172.4385408163 2147292.760559082 1054135.4882534742 1701751.9363064766 1989357.1807478666 5845606.6065454483 2328036.5663452148
leaf_count=2177 1197 1904 1290 2231 2883 1685 2201 1764 1117 933 2166 1701 2308 1010
internal_value=0.00031219 -0.000220346 0.00105705 -0.00115951 0.000681653 0.000189278 -0.000446575 -0.00144976 0.00158299 0.00140615 0.000616131 0.00152865 -0.00126272 0.00274239
internal_weight=2.92093e+07 1.70322e+07 1.21771e+07 2.33526e+06 9.13089e+06 7.80961e+06 6.32621e+06 4.10403e+06 9.84187e+06 2.22218e+06 5.36654e+06 3.69111e+06 7.90126e+06 4.47533e+06
internal_count=26567 14875 11692 3521 10663 7780 6095 3965 8171 2130 6044 3867 4212 2127
cat_boundaries=0 1 2
cat_threshold=230 225
is_linear=0
shrinkage=0.03


Tree=303
num_leaves=15
num_cat=3
split_feature=9 10 11 1 12 0 12 1 14 0 2 11 0 10
split_gain=7670.24 7536.63 9385.29 28509.7 9683.08 14269.8 11307.2 12149.2 31824.8 20059.2 20635.5 37462.7 19254.1 14162.7
threshold=68.500000000000014 0.82120607435980486 0.96422914078869548 15.500000000000002 0.99977566849591148 0 1.0039311402383728 8.5000000000000018 0.95755032181688737 1 2.5000000000000004 1.0481177777849275 2 1.0449516634702618
decision_type=2 2 2 2 2 1 2 2 2 1 2 2 1 2
left_child=-1 -2 3 -3 5 -4 -6 8 -8 13 -11 -12 -10 -9
right_child=1 2 4 -5 6 -7 7 9 12 10 11 -13 -14 -15
leaf_value=-0.0001621162930242776 -0.00020645780233030756 -2.5666990076739101e-05 0.00013724553118388125 0.0004061751818011999 0.00016663419774695987 -0.00015361526358845107 0.00032239595819389587 0.00030808312729703723 9.0212660005820134e-05 -0.00020310484923235277 0.00022575115201586306 -0.00024846798834134842 -0.00029216923591144668 -1.5528315747331589e-05
leaf_weight=1203294.2137271166 1425948.2798526287 2154423.2098646164 1598569.2220361233 1392364.2077040672 2019803.6244161129 2414228.0573487282 1009384.9401066303 2987149.4081549644 1073848.4760284424 3199362.8304386139 1701006.640335083 1429246.7074794769 1030817.6743810177 4495983.1930018663
leaf_count=1076 1656 1797 1756 1101 1540 1779 1617 2631 1404 1926 1121 1202 1505 4376
internal_value=0.000328845 0.000429874 0.000544172 0.00198044 0.000322296 -0.00101642 0.000605831 0.000352668 0.00204539 -2.89525e-05 -0.00127201 0.000459726 -5.48964e-05 0.00102249
internal_weight=2.91354e+07 2.79321e+07 2.65062e+07 3.54679e+06 2.29594e+07 4.0128e+06 1.89466e+07 1.69268e+07 3.11405e+06 1.38127e+07 6.32962e+06 3.13025e+06 2.10467e+06 7.48313e+06
internal_count=26487 25411 23755 2898 20857 3535 17322 15782 4526 11256 4249 2323 2909 7007
cat_boundaries=0 1 2 3
cat_threshold=233 358 120
is_linear=0
shrinkage=0.03


Tree=304
num_leaves=15
num_cat=4
split_feature=16 13 16 0 16 14 0 0 16 0 13 14 14 16
split_gain=8928.4 20735.4 15893.8 13727.9 12921.4 10137.2 8485.26 8028.44 7687.05 6559.31 5309.03 17376.2 7677.77 7066.26
threshold=0.08093095206115429 0.95068239938941779 0.077091071773349881 0 0.068187999090089851 1.0941156038416191 1 2 0.063720597560634681 3 1.0306217099535357 0.96783154261323878 0.8934816381237598 0.054451771786092014
decision_type=2 2 2 1 2 2 1 1 2 1 2 2 2 2
left_child=2 -2 4 -3 5 6 10 -6 -8 -7 11 12 -1 -12
right_child=1 3 -4 -5 7 9 8 -9 -10 -11 13 -13 -14 -15
leaf_value=-0.00024121433512336345 0.00010512563690966663 -0.00011874114871837328 0.0002558602201953871 -1.3900255568162823e-05 6.7693991596632894e-06 0.00087055511903938855 -5.7799998768911698e-05 -0.00023640205909287385 0.00015867321534006033 0.00016804652559203895 0.00010107395559422581 0.00022805933381186242 5.4541774220757409e-05 -0.000149069920040118
leaf_weight=914853.47594034672 2136994.6213827133 2742392.6011657715 1591527.7307338715 2229428.1103217602 1786635.0350036621 463910.66610491276 6443607.2452274561 2353326.6961977482 1613738.3748168945 648559.15232098103 996282.12613892555 2653670.0590316057 1505986.1561043262 1296570.1454849243
leaf_count=1233 1174 807 1026 1548 963 1227 8033 1562 1015 2033 1508 2165 1441 813
internal_value=0.000232607 -0.000693048 0.000528104 -0.00175529 0.000305747 0.000680977 0.000481504 -0.00119312 -0.000191327 0.00344673 0.00121735 0.00175868 -7.93063e-05 1.92782e-05
internal_weight=2.93775e+07 7.10882e+06 2.22687e+07 4.97182e+06 2.06771e+07 1.65372e+07 1.54247e+07 4.13996e+06 8.05735e+06 1.11247e+06 7.36736e+06 5.07451e+06 2.42084e+06 2.29285e+06
internal_count=26548 3529 23019 2355 21993 19468 16208 2525 9048 3260 7160 4839 2674 2321
cat_boundaries=0 1 2 3 4
cat_threshold=28 306 81 156
is_linear=0
shrinkage=0.03


Tree=305
num_leaves=15
num_cat=0
split_feature=10 10 12 1 10 13 10 1 11 11 10 13 10 12
split_gain=13622.4 18329.5 13697.1 16191.3 15538.4 43611 22254.1 15099.6 10816.7 15678.9 27646 10777.9 6983.4 20656.2
threshold=1.0283647253166985 1.0340049789758805 1.0056064912116331 9.5000000000000018 0.90675470765210653 0.87662391150672014 0.98873969880633472 17.500000000000004 1.0099514182531915 1.0346667605123312 1.0495977992914343 0.97028950630864397 1.0654250738835296 1.0252236949159943
decision_type=2 2 2 2 2 2 2 2 2 2 2 2 2 2
left_child=2 -2 4 -4 5 -1 -6 -5 -3 -10 -11 -8 -12 -14
right_child=1 8 3 7 6 -7 11 -9 9 10 12 -13 13 -15
leaf_value=4.0924314670198747e-06 0.00022595956016998101 0.000245994014828807 -0.0001071471387416753 0.00020639084578917647 0.00024221768068134227 -0.0012614915998269268 -0.00039588865259105016 -0.00013070372666787957 -0.00016877394187901981 0.00027913367351211201 -0.00016056717666807199 -4.7206372674399541e-05 0.00028054024949686335 -2.172788827009283e-05
leaf_weight=1203469.4271421432 1243297.8723071814 1456944.9966323376 1374279.8040757179 2947945.2267379761 1632057.028945446 1078995.8921878338 1306157.6338890791 1297614.511913538 2511601.1327089071 1157012.7834533453 1393917.8632677794 2589382.9947426319 1761410.552182436 6343520.4043209553
leaf_count=1031 1015 1269 1719 1933 1381 1190 1130 1458 2015 937 1125 1853 1855 6663
internal_value=9.07533e-05 0.000685882 -0.000612404 0.000517038 -0.00142511 -0.0035075 -0.000565243 0.0014332 0.000388587 0.000117193 0.000619778 -0.00179733 8.6472e-05 0.000423808
internal_weight=2.92976e+07 1.58677e+07 1.34299e+07 5.61984e+06 7.81006e+06 2.28247e+06 5.5276e+06 4.24556e+06 1.46244e+07 1.31675e+07 1.06559e+07 3.89554e+06 9.49885e+06 8.10493e+06
internal_count=26574 14879 11695 5110 6585 2221 4364 3391 13864 12595 10580 2983 9643 8518
is_linear=0
shrinkage=0.03


Tree=306
num_leaves=15
num_cat=0
split_feature=16 9 12 9 16 16 13 2 12 2 16 14 14 14
split_gain=10563.5 31545.8 16032.3 10993.3 16609.3 16416.3 18406.3 22889.5 16720.1 11850.1 9424.1 7850.04 7031.39 6232.61
threshold=0.052979303042598229 82.500000000000014 0.98075970649359323 89.500000000000014 0.057515192538335154 0.066900352591049719 0.985358865565367 3.5000000000000004 1.004725325582458 2.5000000000000004 0.021567347515626913 0.9975172121560284 1.0267209169125229 0.98995064686758971
decision_type=2 2 2 2 2 2 2 2 2 2 2 2 2 2
left_child=1 -1 -3 9 -5 11 7 -7 -8 -2 12 -6 -4 -10
right_child=3 2 10 4 5 6 8 -9 13 -11 -12 -13 -14 -15
leaf_value=-0.00066212305308325353 0.0002188826396538302 0.0010721699848954855 -0.00063304048094060253 -0.00016387785469287365 0.0001855152972179125 0.0001404816407070188 -0.00024418497216737161 -0.00014114535059126608 -7.1656757597043591e-05 -1.2727961226446875e-05 0.00024072736633051973 5.7657781006122927e-06 0.0006472792246573452 1.0036370760088319e-05
leaf_weight=614795.29835438728 1944539.6714477539 787677.55149352551 446159.41306531429 3332224.6067848206 3114848.174911499 3400521.0294494629 2067376.9902648926 2118548.7832763195 1858351.8918762207 1909438.6469955444 3417893.0202064514 1943940.0133756399 250844.52290308475 2119284.7194085121
leaf_count=1387 1045 1857 2830 2084 2076 1596 1056 1553 982 1288 4064 1381 2163 1201
internal_value=0.000360734 0.0015435 0.00234681 8.66461e-05 -0.00019665 0.00019086 -0.000432692 0.000819912 -0.00157631 0.0015535 0.00159622 0.00161626 -0.00158302 -0.000438848
internal_weight=2.93264e+07 5.51737e+06 4.90257e+06 2.38091e+07 1.99551e+07 1.66229e+07 1.15641e+07 5.51907e+06 6.04501e+06 3.85398e+06 4.1149e+06 5.05879e+06 697004 3.97764e+06
internal_count=26563 12301 10914 14262 11929 9845 6388 3149 3239 2333 9057 3457 4993 2183
is_linear=0
shrinkage=0.03


Tree=307
num_leaves=15
num_cat=0
split_feature=16 13 2 16 14 13 11 16 14 16 16 13 16 10
split_gain=14337 8650.13 20536.4 16738.1 11271.1 13923.8 11264.8 9982.3 10151.4 13238.9 9843.83 6944.44 6654.07 9725.09
threshold=0.091212508674444179 0.97151326773712088 3.5000000000000004 0.065800905902728843 0.93768177000603836 0.92876174461070604 1.056935367891964 0.066900352591049719 0.91742188292686122 0.063720597560634681 0.055672035124616014 1.1600159955609464 0.053953413106048766 0.99896106769128634
decision_type=2 2 2 2 2 2 2 2 2 2 2 2 2 2
left_child=1 2 3 4 -1 -6 -4 8 -3 10 11 12 13 -10
right_child=-2 7 6 -5 5 -7 -8 -9 9 -11 -12 -13 -14 -15
leaf_value=-8.9732721280680488e-05 -0.00012597739344661008 -0.00084708615393065331 4.7543730392562096e-06 0.00024335710266126589 0.00051375519461236579 -2.2153309057635264e-05 -0.00031145787076357535 -3.7505340664974882e-05 0.00021927565268272943 0.00017197553724107402 -0.00016046687284614571 0.00048824995352801751 0.00012331273693104661 -0.00014257358711708952
leaf_weight=1797163.8799796104 2872912.5144593716 957658.60960781574 2579179.7320469618 2540867.4436645508 1186754.4168720245 1115240.8280354738 937850.23276007175 6667595.7526509762 804213.70601773262 1277557.5132751465 2697262.6719341278 707227.30057728291 855950.55197143555 2393173.559317708
leaf_count=2266 1334 1247 2950 1267 1536 958 1426 3691 1088 769 1925 2395 473 3255
internal_value=0.00026169 0.000479782 0.00116745 0.00214921 0.000963348 0.00235329 -0.000686064 5.28599e-05 0.000667458 0.000346003 -0.000137379 0.000683028 0.000204415 -0.00042449
internal_weight=2.93906e+07 2.65177e+07 1.01571e+07 6.64003e+06 4.09916e+06 2.302e+06 3.51703e+06 1.63606e+07 9.69304e+06 8.73539e+06 7.45783e+06 4.76057e+06 4.05334e+06 3.19739e+06
internal_count=26580 25246 10403 6027 4760 2494 4376 14843 11152 9905 9136 7211 4816 4343
is_linear=0
shrinkage=0.03


Tree=308
num_leaves=15
num_cat=2
split_feature=16 12 16 9 0 10 11 10 13 12 0 11 12 13
split_gain=8048.52 25599.4 17397.5 29872.1 10772.1 10494.4 21749.7 14867.4 12322.9 13984.3 14277.5 9372.63 8702.94 5133.47
threshold=0.053545453698065515 0.98075970649359323 0.049930599699384785 85.500000000000014 0 1.0821230818239316 1.1097774341648921 1.0557838013323353 1.0581732234556909 1.0077918519281821 1 1.0204143974676605 1.0020970861562455 0.89229659480800205
decision_type=2 2 2 2 1 2 2 2 2 2 1 2 2 2
left_child=1 -1 3 -3 12 7 -7 8 9 10 -6 -11 -2 -5
right_child=4 2 -4 13 5 6 -8 -9 -10 11 -12 -13 -14 -15
leaf_value=0.00085120979042508402 -8.5058211963217511e-05 -0.00065944920613941966 0.00035853150530420661 -0.00044585695696272045 0.00042283110494840129 0.00057744378782824402 -4.2262225132774608e-05 -0.00030809362830058848 -0.00016005867120720522 -0.00018213618891856079 2.2460717885075812e-05 0.00012547009882186115 -6.161926103577362e-06 0.00011223680617356696
leaf_weight=853025.2590072155 3295292.5455322266 587099.88936758041 1434682.2451777458 447104.27649772167 2065739.6903381348 1917409.9651676416 2275029.9139299393 1503887.7841796875 1932712.8944239616 1516739.6324734688 1548095.7851867676 1620016.337782383 5582584.2075500488 2667625.9201055765
leaf_count=1880 1200 1489 986 2007 1180 1701 1868 1017 1526 1033 1383 1139 1904 6205
internal_value=0.000250652 0.00123132 0.000432065 -0.000654861 -1.90182e-06 0.000505405 0.00176874 -1.45087e-05 0.000462445 0.00106716 0.00233927 -0.000398442 -0.000823594 0.000515155
internal_weight=2.9247e+07 5.98954e+06 5.13651e+06 3.70183e+06 2.32575e+07 1.43796e+07 4.19244e+06 1.01872e+07 8.6833e+06 6.75059e+06 3.61384e+06 3.13676e+06 8.87788e+06 3.11473e+06
internal_count=26518 12567 10687 9701 13951 10847 3569 7278 6261 4735 2563 2172 3104 8212
cat_boundaries=0 1 2
cat_threshold=24 7
is_linear=0
shrinkage=0.03


Tree=309
num_leaves=15
num_cat=0
split_feature=13 10 11 3 13 16 14 10 9 3 11 10 1 11
split_gain=13424.5 16076.9 12765 11204.3 17801.5 17018.5 15289.4 13365.5 9412.41 10882.4 21222 17107.9 11409.9 11232.5
threshold=0.97028950630864397 0.94660554909741312 0.99469405307571501 1.5000000000000002 0.82337158696090029 0.066099849000144359 0.9086172557266351 1.0428102923176461 74.500000000000014 1.0000000180025095e-35 1.0142450752632377 1.0164263585506468 10.500000000000002 1.0486312805951197
decision_type=2 2 2 2 2 2 2 2 2 2 2 2 2 2
left_child=3 -2 -3 5 -5 6 -1 -8 -4 10 -10 -11 -13 -12
right_child=1 2 8 4 -6 -7 7 -9 9 11 13 12 -14 -15
leaf_value=-0.00023551183010846557 -0.00053280627186537346 0.00016252635849140328 -0.00016785338451415097 -0.0010205356486266614 0.00011102085683601855 0.00018718028582160511 0.00027878990601000979 -9.1326491379951349e-05 -0.00035308110114738234 0.0003130489247525661 0.00010063536007217381 0.00020073921259388772 -8.5520476028101114e-05 -9.7681029846323996e-05
leaf_weight=1618926.5007736683 1327534.4784599543 2446853.6840866804 1397306.5887761116 677959.36049926281 1416882.8449457884 4083536.3843688965 2260934.8104205132 1027406.8834921122 1453292.0521527529 956750.64836633205 2969705.7485352755 946595.58371794224 2562976.9666907787 4006909.0031526089
leaf_count=2073 1366 2135 1091 1299 1979 1939 2211 1332 915 978 1896 1448 2419 3372
internal_value=0.000279658 -0.000224597 2.74084e-05 0.00110152 -0.000874341 0.00156189 0.000371248 0.0015462 -0.000315346 -6.19403e-05 -0.000696271 0.00113532 0.000165888 -9.26976e-06
internal_weight=2.91536e+07 1.80679e+07 1.67404e+07 1.10856e+07 2.09484e+06 8.9908e+06 4.90727e+06 3.28834e+06 1.42935e+07 1.28962e+07 8.42991e+06 4.46632e+06 3.50957e+06 6.97661e+06
internal_count=26453 15620 14254 10833 3278 7555 5616 3543 12119 11028 6183 4845 3867 5268
is_linear=0
shrinkage=0.03


Tree=310
num_leaves=15
num_cat=2
split_feature=16 11 16 0 11 11 11 11 10 11 11 11 0 11
split_gain=7274.78 8761.9 14140 8446.97 20731.7 34354.5 30501.9 14416.3 16988.4 16616.3 12459.2 22137.4 14546.8 11773.5
threshold=0.087477238269254506 1.1475241188057654 0.065075257163764486 0 0.96422914078869548 0.9255113813882313 1.0025409389413917 1.0113161475382382 1.0283647253166985 1.0201167971050777 1.0546192281003315 1.0909725825507273 1 0.94582335825913144
decision_type=2 2 2 1 2 2 2 2 2 2 2 2 1 2
left_child=1 3 -3 13 5 -5 -6 -8 9 -9 12 -12 -10 -1
right_child=-2 2 -4 4 6 -7 7 8 10 -11 11 -13 -14 -15
leaf_value=-0.00026012314322707182 -6.8485574088400616e-05 8.388205154323998e-05 -0.00035537079720964566 -1.397347256824478e-06 -0.00012334712006058696 0.00059213324267907703 0.00032036377031984724 9.2669714157401595e-05 0.00022939189189734527 -0.00024329076901029214 -0.00012966395737107458 0.00025998383474191695 0.00013806143686427553 2.9950787980972084e-05
leaf_weight=1417542.3757084608 4240869.8131706715 1294966.2178268433 874845.1614074707 1241615.5527800322 2095102.8807343245 1257173.3597773314 1032386.2549036741 1178292.7081338167 1121273.6651153564 1382894.6687870026 1780724.8569557667 1388556.7482049465 1197863.183165431 7849490.4100553989
leaf_count=1289 1968 1909 617 1504 2265 1185 874 986 617 1386 2030 1794 1537 6619
internal_value=0.000301388 0.000495468 -0.00132669 0.000667798 0.00114165 0.00361201 0.000589365 0.00134208 0.000914036 -0.00110346 0.00185551 0.000632795 0.00352644 -3.14883e-05
internal_weight=2.93536e+07 2.51127e+07 2.16981e+06 2.29429e+07 1.36759e+07 2.49879e+06 1.11771e+07 9.08199e+06 8.04961e+06 2.56119e+06 5.48842e+06 3.16928e+06 2.31914e+06 9.26703e+06
internal_count=26580 24612 2526 22086 14178 2689 11489 9224 8350 2372 5978 3824 2154 7908
cat_boundaries=0 1 2
cat_threshold=76 144
is_linear=0
shrinkage=0.03


Tree=311
num_leaves=15
num_cat=3
split_feature=1 11 11 0 9 11 0 11 13 11 11 13 1 0
split_gain=6205.39 45154.2 26478.5 36017.9 20513.8 14331.5 11744.2 17629.3 17437.6 21318.6 15448.8 12356.6 8230.65 9931.9
threshold=16.500000000000004 0.96422914078869548 0.96938913150432404 0 88.500000000000014 0.99374273592978624 1 1.0125103192591238 0.98749970395885911 1.0608882571639555 1.0275274932361529 1.018903895769381 9.5000000000000018 2
decision_type=2 2 2 1 2 2 1 2 2 2 2 2 2 1
left_child=2 -2 3 -1 -3 -4 8 -8 9 -7 -9 -10 -12 -14
right_child=1 4 5 -5 -6 6 7 10 11 -11 12 -13 13 -15
leaf_value=0.00016735327159290745 0.00060506146955065124 -0.00026218452801957494 0.00035369812738853646 -0.00029117049815969453 5.1370430738444673e-05 0.00033239449645208183 -0.00041862150660959432 0.0002178318497028432 -7.7597745440072756e-05 9.2975579184458559e-06 0.00011100215757679485 4.2425937259788818e-05 -2.2827559865983198e-05 -0.00032537063833457694
leaf_weight=1631698.3615156412 1569343.3867850304 1401128.1685533524 1398604.7374309301 2209676.8073943853 6321364.4764387608 1501940.7571051121 1146061.4171123505 1574544.3069912195 1285687.9482951164 1315783.4016307592 1841141.4497373104 2990724.4742090702 1698416.8692932129 1391052.8946020603
leaf_count=1659 1509 1321 1237 1728 5971 1320 1057 1305 776 1407 2291 2680 1404 837
internal_value=0.000384146 0.00102469 8.63383e-05 -0.00215225 8.19291e-05 0.000618999 0.000343714 -0.000471534 0.00122298 0.00305532 0.0001329 1.5655e-05 -0.000693266 -0.00163948
internal_weight=2.92772e+07 9.29184e+06 1.99853e+07 3.84138e+06 7.72249e+06 1.6144e+07 1.47454e+07 7.65122e+06 7.09414e+06 2.81772e+06 6.50516e+06 4.27641e+06 4.93061e+06 3.08947e+06
internal_count=26502 8801 17701 3387 7292 14314 13077 6894 6183 2727 5837 3456 4532 2241
cat_boundaries=0 1 2 3
cat_threshold=389 114 133
is_linear=0
shrinkage=0.03


Tree=312
num_leaves=15
num_cat=3
split_feature=10 10 12 10 2 2 14 0 0 2 0 12 10 12
split_gain=11628.5 8739.06 8796.71 14840.4 28241.4 30061.4 22151.9 18326.2 13451.7 13168.1 34466.4 12871.1 44156.7 15062.7
threshold=0.82120607435980486 0.90372711552493334 1.0222447880274059 1.0297948582309389 1.0000000180025095e-35 4.5000000000000009 0.94675520680163905 0 1 4.5000000000000009 2 0.9931501175091878 0.99547996673316497 1.0095804244260049
decision_type=2 2 2 2 2 2 2 1 1 2 1 2 2 2
left_child=-1 -2 3 6 -5 7 -3 -6 -4 -10 -11 -8 -13 -14
right_child=1 2 8 4 5 -7 11 -9 9 10 -12 12 13 -15
leaf_value=-0.00034468777430267671 0.00020106207051784328 -0.00040014351928988274 -0.00025658495199298951 0.00048599891403875589 9.9660239702035948e-05 0.00072811854481986125 0.00030985256786234325 -0.00013579539133812423 3.6783229184368108e-05 5.7562357446690054e-05 -0.0010611890143102402 -0.00038868720176797231 0.00014524271095746251 -2.9288352577387142e-05
leaf_weight=1426060.2597110271 1807033.9866060019 1399750.8069028854 2116744.1079666615 1287060.2678421736 1841344.0918838978 1141722.2194994688 1308682.2635382414 2678629.2761970758 6625405.1546496153 745770.81508648396 678782.37138652802 1917691.3308548927 2601262.9695528746 1632545.5424003601
leaf_count=1680 1362 1519 2133 997 1373 1660 1137 2138 5683 1134 1133 1516 1802 1274
internal_value=0.000180422 0.000316038 0.000175702 0.000618436 0.00165634 0.000744461 -0.000195582 -0.000354204 -0.000512726 4.68489e-05 -0.00256984 0.000454192 -0.000120562 0.00159006
internal_weight=2.92085e+07 2.77824e+07 2.59754e+07 1.58087e+07 6.94876e+06 5.6617e+06 8.85993e+06 4.51997e+06 1.01667e+07 8.04996e+06 1.42455e+06 7.46018e+06 6.1515e+06 4.23381e+06
internal_count=26541 24861 23499 13416 6168 5171 7248 3511 10083 7950 2267 5729 4592 3076
cat_boundaries=0 1 2 3
cat_threshold=402 136 112
is_linear=0
shrinkage=0.03


Tree=313
num_leaves=15
num_cat=0
split_feature=16 12 12 1 12 12 12 12 12 11 10 11 11 13
split_gain=11465.8 20230 8459.12 33650.1 24734.9 12379.6 20043.9 14366.5 14768.3 13368.2 12748.6 15889.7 13308 11447.3
threshold=0.07190894582191279 1.0020970861562455 0.99379942660604637 17.500000000000004 1.0004275174568331 1.0039311402383728 1.0056064912116331 1.0222447880274059 1.1119442343149464 1.01278369294476 0.98665186532067772 1.0358148757179293 1.1097774341648921 0.92714722143700057
decision_type=2 2 2 2 2 2 2 2 2 2 2 2 2 2
left_child=2 -2 3 13 -4 -6 -7 9 10 -8 -9 -12 -13 -1
right_child=1 -3 4 -5 5 6 7 8 -10 -11 11 12 -14 -15
leaf_value=0.00036657188844436018 -0.00016024033105336942 5.3767739263918692e-06 -0.00037242089307841075 0.00066594482643981124 0.00016956010794925308 -0.0002475359496012923 -0.00089081621349461197 0.00025170720449193006 0.00022879209519084814 0.00023639680543623471 -0.00046911765265029298 1.5314501878955576e-05 -0.00047111560098028846 -9.7915767720838182e-05
leaf_weight=1094455.2944920063 3324495.1071166992 7278593.3986673355 1039319.403975606 1113336.9956407547 1099466.7657887936 968772.32657897472 953503.68131411076 826528.11418521404 1053254.8384439945 3393112.8921951056 953643.77476477623 2719461.7674810886 1286494.0464488268 2090610.7972435951
leaf_count=1216 1765 4007 1076 1545 1013 825 1107 1083 1223 3661 932 3175 1883 2061
internal_value=-1.84046e-05 -0.000805661 0.000430571 0.00159748 7.96542e-05 0.000429119 0.000153369 0.000511888 -0.000345202 0.00186052 -0.000939973 -0.00151484 -0.000686328 2.81503e-05
internal_weight=2.9195e+07 1.06031e+07 1.8592e+07 4.2984e+06 1.42936e+07 1.32542e+07 1.21548e+07 1.1186e+07 6.83938e+06 4.34662e+06 5.78613e+06 4.9596e+06 4.00596e+06 3.18507e+06
internal_count=26572 5772 20800 4822 15978 14902 13889 13064 8296 4768 7073 5990 5058 3277
is_linear=0
shrinkage=0.03


Tree=314
num_leaves=15
num_cat=0
split_feature=10 10 12 12 12 14 10 1 2 10 1 12 14 12
split_gain=9017.44 22358.9 14873.7 30944.6 22062.2 14741.5 23512.2 20196 26666.3 22916.4 12513.5 20906 19789 13907.3
threshold=1.0366124446983094 1.0449516634702618 1.024112885485482 1.0365083271516857 1.0172057967491581 0.91058912034072559 0.91803706662057427 8.5000000000000018 2.5000000000000004 1.0059420147743474 8.5000000000000018 0.9880996573646984 0.91916070165964914 1.0475322582993578
decision_type=2 2 2 2 2 2 2 2 2 2 2 2 2 2
left_child=2 -2 4 -4 5 -1 -7 -8 -9 -10 12 -12 -3 -13
right_child=1 10 3 -5 -6 6 7 8 9 -11 11 13 -14 -15
leaf_value=-0.00037651557972880691 0.0002180946294366346 -3.4442285670782839e-05 0.00039766735914046345 -0.00026115177944923822 -0.00043194237062912081 -0.00054568241505795038 -0.00017807156544028284 -3.2318672164650739e-05 0.00053467044007179801 0.00011323852252286507 0.00021751889681302964 -0.000190065426240178 5.0590364570024231e-06 2.855092540557124e-05
leaf_weight=1406201.8503569365 1918519.1489490271 689871.55494987965 1383289.5462423563 1011795.8160537481 1221177.5927151442 2005733.4496719837 1525051.6393363476 2960422.7944502831 1535289.1077461243 2073876.3218998909 1608535.0834112167 4037891.3373270035 1515677.0252057314 4186261.251842618
leaf_count=1383 1420 996 1467 1021 1205 1892 1756 1756 1236 1475 1250 3368 2362 3816
internal_value=0.000137525 0.000687437 -0.000369985 0.00179886 -0.000778114 -0.000371215 2.9443e-05 0.000749948 0.00147193 0.00320297 0.000208083 -0.000250009 0.00225033 -0.000861781
internal_weight=2.90796e+07 1.39568e+07 1.51228e+07 2.39509e+06 1.27278e+07 1.15066e+07 1.01004e+07 8.09464e+06 6.56959e+06 3.60917e+06 1.20382e+07 9.83269e+06 2.20555e+06 8.22415e+06
internal_count=26403 13212 13191 2488 10703 9498 8115 6223 4467 2711 11792 8434 3358 7184
is_linear=0
shrinkage=0.03


Tree=315
num_leaves=15
num_cat=0
split_feature=10 16 2 10 12 12 12 10 10 2 3 12 12 12
split_gain=14068.5 26144.1 18076.6 18234.5 7038.23 12381 18721.1 7052.28 14815.4 15706.6 6722.55 29410.7 29586 20069.2
threshold=1.0366124446983094 0.091212508674444179 1.0000000180025095e-35 1.0879240748585675 0.9880996573646984 1.0137025498423149 1.0227473549302106 1.0879240748585675 1.1273225476870523 3.5000000000000004 1.5000000000000002 0.99504303367625979 1.0137968994692892 0.99227196909529336
decision_type=2 2 2 2 2 2 2 2 2 2 2 2 2 2
left_child=1 10 3 -2 -4 -6 -7 -8 -9 -10 13 -12 -13 -1
right_child=2 -3 4 -5 5 6 7 8 9 -11 11 12 -14 -15
leaf_value=0.0002336671418911694 0.00042050704633359167 -0.00025509686176315239 0.00017977158212789969 6.8023472388268404e-05 -0.00018892257809238018 0.0004160892113502972 6.9903636998805942e-05 -0.00023907858338653579 0.00018653685949371321 -0.00025501362880758869 -0.0012029092526155722 0.00040816607103400264 -0.00040873813723296454 -2.0173428834182308e-05
leaf_weight=3003671.3241126537 1249083.4163037539 1415382.9734158516 1561892.9568624496 1302884.8781371117 1857133.130212307 1304780.0130388737 2251876.4459213018 1129999.2237808704 1979199.7887818813 1361675.288574934 1045085.2726824284 1145681.0043511391 967915.28316736221 7790208.4170563221
leaf_count=2368 887 625 1488 1221 1572 1324 1899 1195 1851 1832 1508 1311 1471 5969
internal_value=0.000191308 -0.000435382 0.000879305 0.00316247 0.00037028 7.4574e-05 0.000585253 -5.29966e-05 -0.000742583 0.00026178 -4.12779e-05 -0.00125858 0.000776994 0.000314948
internal_weight=2.93665e+07 1.53679e+07 1.39985e+07 2.55197e+06 1.14466e+07 9.88466e+06 8.02753e+06 6.72275e+06 4.47087e+06 3.34088e+06 1.39526e+07 3.15868e+06 2.1136e+06 1.07939e+07
internal_count=26521 13252 13269 2108 11161 9673 8101 6777 4878 3683 12627 4290 2782 8337
is_linear=0
shrinkage=0.03


Tree=316
num_leaves=15
num_cat=0
split_feature=10 12 12 16 11 10 11 11 3 10 11 10 16 13
split_gain=7470.17 20527.4 28192.8 23902.4 23514.9 19688.1 13321.7 11542.5 9495.24 9811.52 15775.8 14437.5 9488.44 9435.65
threshold=1.0126286975463843 1.017769022820241 0.99379942660604637 0.065337552170939048 0.99884827123419984 1.0164263585506468 0.9442096572761115 0.86277403626205151 2.5000000000000004 1.1714616938353537 1.1736012742148112 1.1404111661944714 0.079025595619747063 0.96607831913932296
decision_type=2 2 2 2 2 2 2 2 2 2 2 2 2 2
left_child=1 2 6 -3 -4 -2 7 -1 9 11 -11 13 -10 -7
right_child=5 3 4 -5 -6 8 -8 -9 12 10 -12 -13 -14 -15
leaf_value=0.00020578756378831787 0.00037533965701769099 0.00068350359322255194 -0.00035965450001659193 -3.9803128596886142e-05 -3.2460872926692333e-05 0.00012443764434144972 0.00038290546355064379 -0.00028646007121696233 -2.4936737770293666e-05 0.000558618916410759 -2.6583429491405452e-05 -0.00027144591687027885 -0.00058056523871465482 7.790907269273626e-07
leaf_weight=1087577.9651536942 1117824.6659827232 958161.48628497124 1875011.6843063831 965512.32489013672 2429716.4048837423 4073323.2566069365 1103234.4773819447 1204976.7583016157 1011248.0623916388 1053181.1776756048 995675.64422762394 1290716.9010252953 666211.86355602741 9392430.2581276894
leaf_count=1255 892 1394 1318 622 2034 3808 1049 1027 2054 1233 977 1239 569 7088
internal_value=0.000215182 -0.000469302 -0.00116179 0.00230274 -0.00277402 0.000551274 0.000881984 -0.0004215 0.000317449 0.000532278 0.00247764 0.000262174 -0.00183478 0.000552694
internal_weight=2.92248e+07 9.62419e+06 7.70052e+06 1.92367e+06 4.30473e+06 1.96006e+07 3.39579e+06 2.29255e+06 1.84828e+07 1.68053e+07 2.04886e+06 1.47565e+07 1.67746e+06 1.34658e+07
internal_count=26559 8699 6683 2016 3352 17860 3331 2282 16968 14345 2210 12135 2623 10896
is_linear=0
shrinkage=0.03


Tree=317
num_leaves=15
num_cat=0
split_feature=10 10 2 11 12 12 10 10 10 11 14 10 13 14
split_gain=10236.8 21967.2 23765.4 75631.8 19724 31209.2 17870.4 14015.2 13506.6 16883.2 11469.6 11801.3 11207.5 10640.8
threshold=1.0126286975463843 1.0164263585506468 1.0000000180025095e-35 1.0563311894196821 0.99227196909529336 1.0050357263641356 0.8854012774121286 0.95679863267342224 1.0395588043783788 1.0216820434357365 1.054038708701446 1.0495977992914343 0.9946885987069799 1.0188985229210294
decision_type=2 2 2 2 2 2 2 2 2 2 2 2 2 2
left_child=4 -2 3 -3 6 12 -1 -7 9 -4 11 -10 -6 -9
right_child=1 2 8 -5 5 7 -8 13 10 -11 -12 -13 -14 -15
leaf_value=-9.6779677563210972e-05 0.00036351056721322804 0.00052693704099660823 -0.00021581415706035763 -0.0002157934436832495 -0.00011652550155891488 0.00025463115635763713 -0.00029941921907017594 2.7808485069719067e-05 0.00010977712824547613 8.5662751877207729e-06 0.00038566011781206774 -3.2024728428245223e-05 -0.00055122993251361058 -0.00039701840112016021
leaf_weight=1781941.911749959 1116662.9925129414 1787006.656255126 2152261.2909272909 1520436.859182477 1424954.0066461563 1122328.1737370491 1475544.9905633926 1401009.3276588917 1329310.7508550882 2270817.5908881426 1129638.0803933144 8413022.9818780422 1363868.0408431292 1112778.8372839689
leaf_count=1892 869 1286 1662 1386 1116 1057 1231 1164 912 1983 2108 7742 1089 1104
internal_value=0.000138223 0.000530476 0.000285152 0.00259103 -0.000660636 -0.00162476 0.00124097 0.00020637 -0.000213479 -0.00161117 0.000355147 2.33456e-05 -0.00401222 -0.00103814
internal_weight=2.94016e+07 1.97192e+07 1.86025e+07 3.30744e+06 9.68243e+06 6.42494e+06 3.25749e+06 3.63612e+06 1.52951e+07 4.42308e+06 1.0872e+07 9.74233e+06 2.78882e+06 2.51379e+06
internal_count=26601 17948 17079 2672 8653 5530 3123 3325 14407 3645 10762 8654 2205 2268
is_linear=0
shrinkage=0.03


Tree=318
num_leaves=15
num_cat=0
split_feature=3 10 10 14 2 13 1 1 14 2 16 16 9 16
split_gain=6021.21 20848.2 13898.3 23033.9 18623.9 10583.1 13311.9 7677.85 10931.2 11019.5 9884.24 11590.8 18297.6 13671.6
threshold=1.0000000180025095e-35 0.8854012774121286 0.99949619706298598 0.87740810827334437 4.5000000000000009 1.0992877340221507 14.500000000000002 7.5000000000000009 0.9456738581647689 1.5000000000000002 0.091212508674444179 0.077091071773349881 79.500000000000014 0.052190683376536789
decision_type=2 2 2 2 2 2 2 2 2 2 2 2 2 2
left_child=7 -2 -3 -4 -5 6 -6 8 -1 -10 11 12 -9 -14
right_child=1 2 3 4 5 -7 -8 10 9 -11 -12 -13 13 -15
leaf_value=0.0001740723558781114 -0.0010743083837838083 0.00014833787516254352 -0.00051763608756173502 -0.00022950213179728036 0.00024134341219965606 0.00094367577503218474 -0.00014087735440376141 0.00028449990819377871 -2.1721245997877695e-05 -0.00036097379603960142 -7.9799082492367252e-05 0.00020579892958015069 0.00029536397330273624 -2.7765780337033545e-05
leaf_weight=568085.94599604607 1024213.2638335228 1825153.5165734291 895370.96059978008 2988354.9422911406 1358995.5193532705 693920.74484884739 1225997.4675170183 1325808.7623362541 764723.7285387516 747747.95837926865 2394905.9288330078 3048149.1752319336 2069616.76480937 8558870.0487670898
leaf_count=1258 1369 1857 1089 2415 1861 1352 1521 1012 1240 1209 964 1342 3107 5007
internal_value=0.000251531 -0.00034638 0.000115749 -0.00047976 0.00016327 0.00172451 0.00084145 0.000558869 -0.00116348 -0.00249617 0.000764846 0.00105055 0.00062948 0.000214946
internal_weight=2.94899e+07 1.0012e+07 8.98779e+06 7.16264e+06 6.26727e+06 3.27891e+06 2.58499e+06 1.94779e+07 2.08056e+06 1.51247e+06 1.73974e+07 1.50024e+07 1.19543e+07 1.06285e+07
internal_count=26603 11464 10095 8238 7149 4734 3382 15139 3707 2449 11432 10468 9126 8114
is_linear=0
shrinkage=0.03


Tree=319
num_leaves=15
num_cat=2
split_feature=12 11 2 10 11 12 0 12 12 12 12 12 0 12
split_gain=10968.9 17643.8 13296.3 25123.5 79748.8 13938.2 38349.4 26844.4 19721.2 16514.9 11721.1 18475.3 37611.8 10856.6
threshold=0.94365407296847026 0.93171241057181342 1.0000000180025095e-35 1.022958258627247 1.0563311894196821 0.99504303367625979 0 1.0015572315294419 1.0045628678959269 1.0081464412505341 1.013544279386674 1.0222447880274059 1 1.0475322582993578
decision_type=2 2 2 2 2 2 1 2 2 2 2 2 1 2
left_child=-1 -2 3 -3 -5 6 -4 -7 -9 -10 -11 12 -12 -13
right_child=1 2 5 4 -6 7 -8 8 9 10 11 13 -14 -15
leaf_value=-0.00026162825008456522 0.00023341542714671527 -6.3369798684233478e-05 -0.00053229910262946522 0.00056068640566219038 -0.00011386225942746476 0.0003778730870733838 9.7222220649179807e-05 -0.00020873417461664766 0.00016246625076989693 -0.00019415402151677747 0.00045792795880744762 -0.00011652722841205163 -0.00029480238908682915 2.5046514889586757e-05
leaf_weight=1238248.141368866 2335274.4893910885 1476061.3930717707 1662776.705439806 1420449.2406191826 1462769.7162908316 1397402.8333730698 1707725.5717558861 1337852.0991700888 1801986.5489747524 1670234.0492829084 1832127.3932522535 4202524.5890506506 1125494.0928684473 4433246.8649263382
leaf_count=1529 1892 1095 1200 988 1322 1239 1647 1024 1374 1388 1374 3969 1554 4846
internal_value=0.000224709 0.000347478 0.000119171 0.00162794 0.00325749 -0.000191491 -0.00196047 0.000143456 -0.000196576 0.000113402 -0.000252707 8.57918e-05 0.0021322 -0.000615071
internal_weight=2.91042e+07 2.78659e+07 2.55307e+07 4.35928e+06 2.88322e+06 2.11714e+07 3.3705e+06 1.78009e+07 1.64035e+07 1.50656e+07 1.32636e+07 1.15934e+07 2.95762e+06 8.63577e+06
internal_count=26441 24912 23020 3405 2310 19615 2847 16768 15529 14505 13131 11743 2928 8815
cat_boundaries=0 1 2
cat_threshold=12 158
is_linear=0
shrinkage=0.03


Tree=320
num_leaves=15
num_cat=3
split_feature=14 0 12 10 12 12 11 11 11 11 0 11 10 0
split_gain=7087.04 17410.3 8619.15 8113.03 18443.3 48302 17511.1 15429.8 30767.5 19421 13276 10140.2 13167.9 19176.5
threshold=1.0657102020289662 0 1.0031166613366176 0.99451885417014119 0.99227196909529336 1.0049158022346554 1.0113161475382382 1.021968476268863 1.028352128358649 1.0344887901146891 1 1.0486312805951197 1.1167637388112681 2
decision_type=2 1 2 2 2 2 2 2 2 2 1 2 2 1
left_child=3 2 -2 4 -1 -6 10 -8 -9 -10 -5 -11 13 -13
right_child=1 -3 -4 6 5 -7 7 8 9 11 -12 12 -14 -15
leaf_value=9.5811699122803426e-05 -0.0046925707487880663 -5.3181142301865764e-05 0.00044528117746411676 0.00015435580522364146 -0.00069781697783709848 5.6738469294294233e-05 -0.00012388265118968794 0.00028492817560245282 -0.00045997589338357854 0.00011044091565813699 -2.091904085214994e-06 0.00012265641721410529 5.6832638271192065e-05 -0.00024688631186287177
leaf_weight=2340927.9394117594 412645.4199630022 1565300.536126852 679421.92008638382 2417810.4226653576 1576581.4957500696 1964540.325029254 3168371.0790526867 1454231.6209862232 1177685.4274432659 1946788.4576741457 1891723.5089256763 1490885.090677619 4487443.1512024403 2755741.2492921352
leaf_count=1951 1046 2239 1643 1340 1067 1644 2203 1001 929 1405 1827 1724 4434 2071
internal_value=8.72143e-05 0.00156464 0.0044718 -5.99794e-05 -0.00104365 -0.00240949 0.000218318 -0.000226892 0.000220916 -0.000284134 0.00192095 0.000119004 -0.000317405 -0.00151483
internal_weight=2.93301e+07 2.65737e+06 1.09207e+06 2.66727e+07 5.88205e+06 3.54112e+06 2.07907e+07 1.64811e+07 1.33128e+07 1.18585e+07 4.30953e+06 1.06809e+07 8.73407e+06 4.24663e+06
internal_count=26524 4928 2689 21596 4662 2711 16934 13767 11564 10563 3167 9634 8229 3795
cat_boundaries=0 1 2 3
cat_threshold=433 86 356
is_linear=0
shrinkage=0.03


Tree=321
num_leaves=15
num_cat=0
split_feature=9 12 1 1 12 10 1 12 1 12 13 14 10 10
split_gain=11021 7372.96 37712.1 21282.1 19120.4 14132 15121.1 21658.4 13048.4 11366.6 12254.5 15508.4 10548.2 10128.1
threshold=68.500000000000014 0.99055910426597582 17.500000000000004 11.500000000000002 0.99977566849591148 0.95679863267342224 18.500000000000004 1.0077918519281821 8.5000000000000018 1.0139625738046953 0.94384309952676693 0.95200873542585163 1.0573523519181121 1.0147528084570501
decision_type=2 2 2 2 2 2 2 2 2 2 2 2 2 2
left_child=-1 2 3 8 -3 -6 7 13 -2 -9 11 -11 -8 -7
right_child=1 4 -4 -5 5 6 12 9 -10 10 -12 -13 -14 -15
leaf_value=-0.0002659750191605411 -2.0084190679412353e-05 -0.00027784059645916999 0.00048368046234603126 -0.00013945743649070497 0.00037040922416819587 3.4118613280730833e-05 -0.00038012990927514725 -0.0002118732271894781 0.0003565644605059054 2.8109377702266878e-05 6.4449308857595877e-05 -0.00037531724592970738 -1.529469432618e-07 0.00032833250605353184
leaf_weight=1163845.1337100267 1109079.373750329 1696231.1829051971 1453457.98655653 2488282.8066101074 1102695.9252622128 1914164.5560797453 1612094.6174452305 1924196.2603486776 1128936.1572265625 1635132.4225728512 7994878.0321644545 999590.08134675026 1241674.1525247097 1665109.0099003315
leaf_count=1051 1659 1465 1564 1586 1060 1277 2063 1507 792 1663 6507 1107 2007 1084
internal_value=0.00027889 0.000397932 0.00131253 1.29124e-05 0.000138496 0.000396747 0.000204994 0.000561066 0.0021356 -2.58637e-05 0.000358211 -0.00141618 -0.00180797 0.00261964
internal_weight=2.91294e+07 2.79655e+07 6.17976e+06 4.7263e+06 2.17858e+07 2.00895e+07 1.89868e+07 1.61331e+07 2.23802e+06 1.25538e+07 1.06296e+07 2.63472e+06 2.85377e+06 3.57927e+06
internal_count=26392 25341 5601 4037 19740 18275 17215 13145 2451 10784 9277 2770 4070 2361
is_linear=0
shrinkage=0.03


Tree=322
num_leaves=15
num_cat=2
split_feature=12 12 13 12 0 14 12 12 0 10 12 10 14 14
split_gain=6522.53 8866.61 13677 28688.6 29280.8 26740.6 22231 9652.37 9842.51 11051.6 11795.1 10993.1 14738.2 10742
threshold=0.94365407296847026 1.0081464412505341 0.92537549981554756 0.99977566849591148 0 0.95289656704802284 0.9880996573646984 1.0107535664831071 1 1.0798652044123178 1.0252236949159943 1.050358658284354 0.9566951877467208 0.98710187378469316
decision_type=2 2 2 2 1 2 2 2 1 2 2 2 2 2
left_child=-1 2 5 4 -4 -2 -6 -3 -9 11 -11 12 -10 -14
right_child=1 7 3 -5 6 -7 -8 8 9 10 -12 -13 13 -15
leaf_value=-0.00017702897832667515 8.2054107081613502e-06 -0.00021136937451256648 -0.00030433656886050058 0.00013322769964465889 0.0001320596613666066 0.00070785857573924579 -0.00019467998306146482 5.3174131684541007e-05 0.00019112729262498972 0.00050805724926197902 8.2464104831110642e-06 -0.00033775043565990864 -0.00032323408997223663 -3.7859314412627306e-05
leaf_weight=1235216.5601174831 1503625.9793280363 1132115.8474544287 1989847.2495914698 3933582.9876774549 1531669.2356131077 1148769.0432605743 1288148.0629583597 2595252.5426255465 1121471.5661671162 1005030.9283515215 4831992.0254005194 1521503.8320153952 1137162.2774199247 3194964.7938833237
leaf_count=1526 1346 840 1362 2759 1362 1168 1112 1189 1386 1089 5683 1534 871 3297
internal_value=0.000247151 0.000341482 0.000985379 0.00041294 -0.00114115 0.00287235 0.000825174 -0.00010216 9.42928e-05 -0.000246971 0.000716201 -0.00105299 -0.000423914 -0.00121741
internal_weight=2.91704e+07 2.79351e+07 1.13956e+07 8.74325e+06 4.80966e+06 2.6524e+06 2.81982e+06 1.65395e+07 1.54074e+07 1.28121e+07 5.83702e+06 6.9751e+06 5.4536e+06 4.33213e+06
internal_count=26524 24998 9109 6595 3836 2514 2474 15889 15049 13860 6772 7088 5554 4168
cat_boundaries=0 1 2
cat_threshold=76 16
is_linear=0
shrinkage=0.03


Tree=323
num_leaves=15
num_cat=2
split_feature=11 10 13 14 11 11 11 0 11 0 10 10 11 11
split_gain=7713.03 13791.3 5164.02 31282.8 9338.52 8353.66 9639.39 28030.8 15767.7 10794.9 20521 21594.2 15839.6 14567.6
threshold=0.86277403626205151 0.88066046847211721 0.81454381478994542 0.89099932683529504 0.9442096572761115 0.96938913150432404 1.0099514182531915 0 1.0144223363856211 1 1.0366124446983094 1.0530224510500135 1.1097774341648921 1.0275274932361529
decision_type=2 2 2 2 2 2 2 1 2 1 2 2 2 2
left_child=-1 -2 3 -3 -4 -6 7 -7 -8 12 13 -12 -10 -11
right_child=1 2 4 -5 5 6 8 -9 9 10 11 -13 -14 -15
leaf_value=0.00030569466364973702 -0.00025569202317742273 -0.00081220023464998272 0.00017035858627476169 0.00045861289091042736 -0.00026902187934370867 0.0002216142632795985 -0.00066224397069976045 -6.4161108181726677e-05 0.00031339025717381082 -5.2969705786871538e-06 0.00015638301629315968 -1.6182797328164439e-05 -0.00013275390009410124 -0.00048193203238425795
leaf_weight=1149458.7557600737 1409138.155223012 725057.97983443737 1377086.0903826952 584257.65426278114 1286501.073600769 2596802.233164072 1171739.7617301941 2209019.3872640133 3496745.8037719727 1691942.8365972042 2024651.1613258123 6462774.9649949074 1324763.5084997416 1531917.7798113823
leaf_count=1305 1283 1216 1004 1183 1121 1503 857 2417 3751 888 1330 5827 1442 1350
internal_value=0.000234089 0.00013484 0.000288716 -0.00154817 0.000384254 0.000245257 0.000379631 0.00157118 5.61887e-05 0.000294534 -0.000197332 0.000576626 0.00148926 -0.00223493
internal_weight=2.90419e+07 2.78924e+07 2.64833e+07 1.30932e+06 2.51739e+07 2.37969e+07 2.25104e+07 4.80582e+06 1.77045e+07 1.65328e+07 1.17113e+07 8.48743e+06 4.82151e+06 3.22386e+06
internal_count=26477 25172 23889 2399 21490 20486 19365 3920 15445 14588 9395 7157 5193 2238
cat_boundaries=0 1 2
cat_threshold=86 321
is_linear=0
shrinkage=0.03


Tree=324
num_leaves=15
num_cat=1
split_feature=10 11 2 10 11 11 9 11 2 0 12 2 10 11
split_gain=9485.95 16737.2 15731.7 47557.7 123532 14846.7 7326.29 8488.68 21636.2 33661.2 13893.7 20659.8 12884.4 30391.1
threshold=0.80264756421392891 0.91408087203224231 1.0000000180025095e-35 1.022958258627247 1.0563311894196821 0.94582335825913144 74.500000000000014 1.1097774341648921 2.5000000000000004 0 1.067954796714975 2.5000000000000004 1.0029542376457479 0.99677933585499845
decision_type=2 2 2 2 2 2 2 2 2 1 2 2 2 2
left_child=-1 -2 3 -3 -5 -4 -7 8 9 -8 -9 -12 13 -10
right_child=1 2 5 4 -6 6 7 10 12 -11 11 -13 -14 -15
leaf_value=-0.00023760400650836371 0.00030767753434998176 -0.00011275729641128856 -0.00021845772408998204 0.00061233287404837008 -0.00014675857371518054 -0.00016725993629662607 0.0001984549724255789 -0.00043123760775268537 -2.2964883660658893e-05 -0.0002019485809888562 0.0001911763328960453 -0.00019950971247819103 4.1199256531487252e-05 0.000833610273409117
leaf_weight=1151492.2714557648 1403701.7488014698 1549183.0301297903 1280491.9613567591 1575070.6404684782 1590349.8113933802 1861782.7036457062 2307475.8370748758 914686.14453244209 1208091.684443593 3898151.9343699217 984658.40836441517 1399626.4661141634 7336164.6663255692 979860.297134161
leaf_count=1381 1127 1117 1049 1126 1429 1681 2332 1174 1255 2330 895 1593 7103 1076
internal_value=0.00012535 0.000233994 6.7258e-05 0.00164095 0.00374882 -0.000267383 -7.51807e-05 0.00010055 0.000390729 -0.000987656 -0.00128304 -7.71803e-05 0.00128884 0.00330934
internal_weight=2.94408e+07 2.82893e+07 2.68856e+07 4.7146e+06 3.16542e+06 2.2171e+07 2.08905e+07 1.90287e+07 1.57297e+07 6.20563e+06 3.29897e+06 2.38428e+06 9.52412e+06 2.18795e+06
internal_count=26668 25287 24160 3672 2555 20488 19439 17758 14096 4662 3662 2488 9434 2331
cat_boundaries=0 1
cat_threshold=355
is_linear=0
shrinkage=0.03


Tree=325
num_leaves=15
num_cat=2
split_feature=11 12 11 10 0 14 14 13 10 12 0 11 12 11
split_gain=9794.31 11372.2 14675.6 12963.1 19663.8 23422.8 8294.05 15460.1 7465.36 8987.41 14746.3 48102.9 28297.7 16262.6
threshold=1.1671507471139435 1.0920528378804466 1.1097774341648921 1.0821230818239316 0 0.96285834646787205 1.0941156038416191 1.1839486572597633 0.86883337326258692 1.0039311402383728 1 1.01278369294476 1.0128794256609954 1.0358148757179293
decision_type=2 2 2 2 1 2 2 2 2 2 1 2 2 2
left_child=1 2 3 6 5 -5 8 -8 -1 -10 12 -12 -11 -14
right_child=-2 -3 -4 4 -6 -7 7 -9 9 10 11 -13 13 -15
leaf_value=-0.00016257507260989163 -0.00015911233596372008 0.00016456314328828592 -0.00031347633809510387 7.4365153102471724e-05 5.9900984895838424e-06 0.0011987962605769396 0.00070852436373051975 -0.00073352866981555112 7.2074496783376725e-05 0.00047532722407721549 -0.00053927903978310599 1.9454943028483987e-05 -0.00030984617958594677 0.00026119416758695513
leaf_weight=2091229.3934518099 1728001.7873179913 1136857.1717133522 1246344.5140529871 791231.35848283768 1878172.5195385218 788097.27258729935 825414.63382649422 463537.40609371662 7319808.8382850885 1091142.5958132744 1614855.9966375828 5174043.5345029831 1671699.4294813871 1416345.9840154648
leaf_count=1799 1798 1085 1581 983 1552 1156 1533 1268 5196 967 1209 3433 1486 1467
internal_value=0.000310813 0.000448433 0.000321787 0.000479406 0.00218528 0.00465247 0.000207206 0.00254103 5.95946e-05 0.00025376 -0.000289541 -0.00115261 0.00111247 -0.000354934
internal_weight=2.92368e+07 2.75088e+07 2.63719e+07 2.51256e+07 3.4575e+06 1.57933e+06 2.16681e+07 1.28895e+06 2.03791e+07 1.82879e+07 1.09681e+07 6.7889e+06 4.17919e+06 3.08805e+06
internal_count=26513 24715 23630 22049 3691 2139 18358 2801 15557 13758 8562 4642 3920 2953
cat_boundaries=0 1 2
cat_threshold=451 106
is_linear=0
shrinkage=0.03


Tree=326
num_leaves=15
num_cat=5
split_feature=14 13 0 10 0 10 12 0 12 12 0 10 0 10
split_gain=6855.72 28909.7 18160.1 10311.7 24363.5 7392.54 17340.9 10636.8 21525.9 17751.4 25524.9 14248.7 13944.4 11669.9
threshold=1.0910846953073767 1.2906392997433325 0 0.91803706662057427 1 0.99120826366094161 1.0017672621402147 2 1.0227473549302106 1.00287161818184 3 1.0126286975463843 4 1.1614535332983811
decision_type=2 2 1 2 1 2 2 1 2 2 1 2 1 2
left_child=3 2 -2 4 -1 6 -5 8 9 -7 -11 -9 13 -10
right_child=1 -3 -4 5 -6 7 -8 11 12 10 -12 -13 -14 -15
leaf_value=4.3795072000506668e-05 0.0010943694961392829 -0.0014513422772011965 0.00010669524391081961 0.0004038276897262428 -0.00052309634819166422 1.5955590268197437e-05 -5.5548738990969848e-05 -0.00013629087349865038 0.00018658258204966023 0.00063483246210346736 4.5451261062266703e-05 -7.3989241928508853e-06 -0.00025424747724358133 -0.00024515617275002653
leaf_weight=1656356.9198687077 562135.97551071644 461185.52544391155 686072.74527323246 1254668.9623044729 1531700.5384824276 2747009.6004732847 1528434.8639035225 1816843.874989152 1899646.0235294104 1532980.5720373392 1402095.4161329269 9374002.1749199629 1711438.3708605766 1226313.0720463991
leaf_count=1305 987 1391 1463 969 1170 2422 1384 1153 1856 1223 1415 7112 1614 1191
internal_value=6.4378e-05 0.00190818 0.00427964 -4.94812e-05 -0.0016544 0.000159415 0.00161508 -2.71907e-05 0.000657711 0.00190986 0.00353206 -0.000671004 -0.000813086 0.000378719
internal_weight=2.93909e+07 1.70939e+06 1.24821e+06 2.76815e+07 3.18806e+06 2.44934e+07 2.7831e+06 2.17103e+07 1.05195e+07 5.68209e+06 2.93508e+06 1.11908e+07 4.8374e+06 3.12596e+06
internal_count=26655 3841 2450 22814 2475 20339 2353 17986 9721 5060 2638 8265 4661 3047
cat_boundaries=0 1 2 3 4 5
cat_threshold=277 211 458 138 322
is_linear=0
shrinkage=0.03


Tree=327
num_leaves=15
num_cat=2
split_feature=13 2 13 2 10 16 16 0 2 10 13 11 11 0
split_gain=5173.94 12662.8 25677.3 11231 14509.1 15552.1 9797.74 17330.2 10309.8 12303.4 8393.59 10416.9 8264.92 14032
threshold=1.0098845784959261 4.5000000000000009 1.114672164888326 3.5000000000000004 1.0962830087383653 0.063458984314537739 0.052673485965430346 0 1.5000000000000002 1.0350154479417271 0.79826825482574482 0.99099749058018094 1.0099514182531915 1
decision_type=2 2 2 2 2 2 2 1 2 2 2 2 2 1
left_child=3 6 -3 4 12 -6 7 -2 -8 -10 -5 -12 -1 -14
right_child=1 2 -4 10 5 -7 8 -9 9 -11 11 -13 13 -15
leaf_value=0.00016180914285882176 0.00050415212901671171 -1.1399366789712122e-05 0.00097203552012218848 -0.00060133595463624542 8.9332954585964573e-05 0.00036185368011585619 2.0148284010809853e-05 -0.00013431806523723429 -5.3191332257559329e-05 -0.0002292904263299308 0.0002939338449553216 -3.8167335539065861e-05 6.1443538858449169e-05 -0.00022517575540087625
leaf_weight=4385482.2319569588 833079.19827914238 1467429.9601514339 783162.64105427265 934209.23064744473 1087833.8912445307 1133841.5084838867 3178058.0403137207 1103488.4620581865 2304487.1937103271 2905912.6005249023 1007999.3652004004 3653709.5286794901 2882930.7622346878 1779391.3207939863
leaf_count=3154 1775 1707 1616 1462 1425 618 1716 2127 1242 1689 1034 3599 2008 1453
internal_value=0.00032474 -0.000135823 0.00190319 0.000668157 0.00121368 0.00338599 -0.000580276 0.0013431 -0.00102431 -0.0018457 -0.000430464 8.96627e-05 0.000680276 -0.000199104
internal_weight=2.9441e+07 1.25756e+07 2.25059e+06 1.68654e+07 1.12695e+07 2.22168e+06 1.0325e+07 1.93657e+06 8.38846e+06 5.2104e+06 5.59592e+06 4.66171e+06 9.0478e+06 4.66232e+06
internal_count=26625 11872 3323 14753 8658 2043 8549 3902 4647 2931 6095 4633 6615 3461
cat_boundaries=0 1 2
cat_threshold=114 376
is_linear=0
shrinkage=0.03


Tree=328
num_leaves=15
num_cat=3
split_feature=1 13 0 1 14 0 14 0 13 14 13 12 11 2
split_gain=7102.22 16318.7 15989.3 11853.1 10656.1 23725.1 13187.8 11304.8 10163.6 8953.43 6759.44 5623.45 5961.6 5093.29
threshold=10.500000000000002 0.85157275299330004 0 15.500000000000002 1.0163697785511221 1 0.95755032181688737 2 1.0098845784959261 0.973393084649678 1.0383645468030915 0.99929039374996764 1.0323118499713326 1.0000000180025095e-35
decision_type=2 2 1 2 2 1 2 1 2 2 2 2 2 2
left_child=1 -1 3 -2 6 -6 7 -3 -8 -5 13 -12 -13 -4
right_child=2 4 10 9 5 -7 8 -9 -10 -11 11 12 -14 -15
leaf_value=0.00034562669262859584 0.00045531443763288155 0.00013606714052204072 8.42403170248412e-05 -0.0002769530805882555 0.00060008277851202627 -6.7912069239365675e-05 -3.4307937102566401e-06 -5.1949784577956057e-05 -0.00021401503084613388 0.0003131596975229903 -0.0002778989279313515 3.9617704871534652e-05 -0.00015016997550680467 -1.5122305352720102e-05
leaf_weight=886257.73902988434 1339424.3250732422 1228923.6950763464 2337879.1874198914 798165.65633678436 1253057.2166984081 1071218.4089226723 1846247.451198101 1083574.9771058559 1549409.1839948893 946360.85409426689 1414488.0608434677 1853143.2663562298 1910331.1760475636 9841317.5810672045
leaf_count=1959 1400 820 1479 964 1593 1786 1316 1480 1207 1304 1238 1363 1662 7012
internal_value=0.000202473 0.000908861 -0.000105732 0.0018848 0.000482606 0.00219499 -0.000214652 0.0015327 -0.00140463 0.000255118 -0.000459403 -0.00136736 -0.000761258 -7.33849e-05
internal_weight=2.93598e+07 8.91869e+06 2.04411e+07 3.08395e+06 8.03243e+06 2.32428e+06 5.70816e+06 2.3125e+06 3.39566e+06 1.74453e+06 1.73572e+07 5.17796e+06 3.76347e+06 1.21792e+07
internal_count=26583 10161 16422 3668 8202 3379 4823 2300 2523 2268 12754 4263 3025 8491
cat_boundaries=0 1 2 3
cat_threshold=34 269 28
is_linear=0
shrinkage=0.03


Tree=329
num_leaves=15
num_cat=3
split_feature=16 11 10 0 12 0 12 10 12 10 0 12 16 16
split_gain=10407.3 8079.46 11842.6 29192.9 23556 23379.6 17655.2 14384.3 29228.6 26828.1 14134.8 14496.7 9163.32 15881.3
threshold=0.087477238269254506 1.0481177777849275 1.0297948582309389 0 1.0056064912116331 1 1.0065793869439743 1.011668313780669 0.99379942660604637 0.8854012774121286 2 1.0200010770591377 0.05321402035528975 0.031094538954865185
decision_type=2 2 2 1 2 1 2 2 2 2 1 2 2 2
left_child=1 2 4 -4 5 -1 -5 8 9 -7 -6 -12 13 -3
right_child=-2 12 3 6 10 7 -8 -9 -10 -11 11 -13 -14 -15
leaf_value=0.00047988628601089168 -7.7927108152547805e-05 -0.00043088662595342246 -9.1737760802020917e-05 0.00032286966263424401 0.000101162771134253 -0.00031394169539838388 0.00011241413724836319 -0.00024676376539028478 -0.00019932662349791884 0.00051386316045382485 -0.00015577683705432488 0.00045519599792538527 -5.9813287973957199e-05 0.00023829504722228781
leaf_weight=1378201.8588641882 4236000.2643655539 704828.7064640522 1683307.4695825577 1727218.8554289341 1970744.2508530617 1077073.1450808048 1907904.4725608826 1336119.0596820116 1828030.3333568573 1201205.4435116053 1759246.5647029877 989568.50298941135 6426170.1688514948 1187703.081902504
leaf_count=1861 1973 3279 1612 1437 1509 1173 1569 859 1264 1009 1733 1306 4673 1431
internal_value=0.000233714 0.000465183 0.000842689 0.00201394 0.000302906 -0.000824561 0.00352641 -0.00170843 -0.000828667 0.00143852 0.0019323 0.000542157 -0.000299869 0.00153487
internal_weight=2.94133e+07 2.51773e+07 1.68586e+07 5.31843e+06 1.15402e+07 6.82063e+06 3.63512e+06 5.44243e+06 4.10631e+06 2.27828e+06 4.71956e+06 2.74882e+06 8.3187e+06 1.89253e+06
internal_count=26688 24715 15332 4618 10714 6166 3006 4305 3446 2182 4548 3039 9383 4710
cat_boundaries=0 1 2 3
cat_threshold=69 131 88
is_linear=0
shrinkage=0.03


Tree=330
num_leaves=15
num_cat=0
split_feature=10 11 11 14 2 13 16 16 10 10 10 11 14 14
split_gain=9051.9 7984.36 8914.64 6798.72 13141 6495.02 11630.1 8291.92 8210.55 12081.1 13885.2 10966.1 5768.84 5388.83
threshold=0.80264756421392891 0.90531449438650002 0.93688309830656225 1.0657102020289662 3.5000000000000004 1.0581732234556909 0.059925944433296623 0.034808494735768351 1.1267163222885357 1.0449516634702618 1.022958258627247 1.1551876131005787 0.97482809963407668 0.97624014042274398
decision_type=2 2 2 2 2 2 2 2 2 2 2 2 2 2
left_child=-1 -2 -3 5 -5 7 -7 12 9 10 -9 -10 -4 -11
right_child=1 2 3 4 -6 6 -8 8 11 13 -12 -13 -14 -15
leaf_value=-0.00024711757647374476 0.00025329155611547534 -0.00041381267652829877 -0.00049588129028473732 5.4109356757552333e-06 0.00074534664240808975 8.4435818407493766e-05 -0.00016028944420160303 1.9652847645312979e-06 0.00033632295885976607 -1.7720039533774437e-05 0.00012196142538852316 -8.4102980761136694e-05 -0.0026632978165678574 -0.00013678434139258432
leaf_weight=1120060.324508667 1269028.1546331644 1213446.0579037666 711665.46728956699 1344045.7008615732 829705.17754435539 2004058.427672267 2982741.0206432343 6293860.9759232998 1399719.4934463501 3103821.2752227783 3144074.4645512104 1490632.653717041 603050.81980061531 1690268.9364624023
leaf_count=1351 979 1022 2667 2138 1911 2739 1873 3541 1097 1824 1752 1091 1517 1044
internal_value=0.000151284 0.000256776 0.000146718 0.000265822 0.00187076 0.000116883 -0.000843661 0.000376687 0.000552981 0.000256929 0.000879882 0.00201073 -0.00191929 -0.000969453
internal_weight=2.92002e+07 2.80801e+07 2.68111e+07 2.55976e+07 2.17375e+06 2.34239e+07 4.9868e+06 1.84371e+07 1.71224e+07 1.4232e+07 9.43794e+06 2.89035e+06 1.31472e+06 4.79409e+06
internal_count=26546 25195 24216 23194 4049 19145 4612 14533 10349 8161 5293 2188 4184 2868
is_linear=0
shrinkage=0.03


Tree=331
num_leaves=15
num_cat=3
split_feature=1 0 13 14 13 13 9 0 11 0 10 2 13 14
split_gain=6334.78 15755.8 17136 13883.4 12769.9 11672.8 14283.3 13244.4 7617.33 16406 11524.8 12379.9 6388.81 5688.7
threshold=10.500000000000002 0 0.9147419096993662 1.0163697785511221 0.8287670784289668 1.0383645468030915 89.500000000000014 1 1.0196581119313397 2 1.0366124446983094 3.5000000000000004 1.0293295144664867 0.92523419366637816
decision_type=2 1 2 2 2 2 2 1 2 1 2 2 2 2
left_child=1 -1 13 12 -2 8 -7 -8 9 -6 -10 -12 -4 -3
right_child=4 2 3 -5 5 6 7 -9 10 -11 11 -13 -14 -15
leaf_value=-0.00027573345446138585 -0.00032642689287575011 0.00064230950552991511 -5.9840343522579953e-05 0.00018387767789442895 0.00020933813051387021 0.00017110201030823903 -2.4959392799256865e-05 -0.00032465846547833016 -0.00015757367550964352 -5.7436957395154497e-06 0.0001079728413391099 -0.00011556307665469662 3.27033625254486e-05 0.0001897567897326287
leaf_weight=1255177.7416012287 1891276.9284918308 626290.08686828613 3034541.6645240784 1933581.0244185925 2512649.5130872726 1148986.2193601131 2622505.3032164574 2418500.0251402855 1742286.4728927612 3072255.2168617249 3305748.5746462345 1652717.6903614998 1370438.6998102665 677221.01860499382
leaf_count=2014 1921 1029 2045 2588 1425 948 2700 1936 1170 2352 2310 1545 1321 1132
internal_value=3.28642e-05 0.000700675 0.00121231 0.000568095 -0.000258868 -1.85259e-05 -0.00108087 -0.00176887 0.000516722 0.00133496 -0.000165254 0.000572246 -0.00036212 0.00434493
internal_weight=2.92642e+07 8.89725e+06 7.64207e+06 6.33856e+06 2.03669e+07 1.84756e+07 6.18999e+06 5.04101e+06 1.22857e+07 5.5849e+06 6.70075e+06 4.95847e+06 4.40498e+06 1.30351e+06
internal_count=26436 10129 8115 5954 16307 14386 5584 4636 8802 3777 5025 3855 3366 2161
cat_boundaries=0 1 2 3
cat_threshold=34 103 146
is_linear=0
shrinkage=0.03


Tree=332
num_leaves=15
num_cat=3
split_feature=16 0 16 10 16 13 13 14 0 0 14 10 10 16
split_gain=13595.2 21682.5 12861.3 12665.9 10083.6 5456.81 10063 12255.4 11811.1 9999.05 13611.6 17235.3 12529.9 6775
threshold=0.08093095206115429 0 0.077091071773349881 1.0479853145160096 0.07190894582191279 1.1949308559376723 1.0306217099535357 0.96115358117505822 1 2 0.98411750405571041 1.0297948582309389 1.0672995701776651 0.057515192538335154
decision_type=2 1 2 2 2 2 2 2 1 1 2 2 2 2
left_child=2 -2 4 -3 5 6 9 -8 -9 10 11 -1 -13 -12
right_child=1 3 -4 -5 -6 -7 7 8 -10 -11 13 12 -14 -15
leaf_value=-6.91974890889814e-05 -0.00012516228032556073 -5.2093602643158159e-05 0.00022122492570858681 0.00032917921512389014 -0.00015066349254805732 0.00037265597482886748 0.00018691748336778597 -0.00025275398052468145 1.3095628590174338e-05 -3.5183793924649355e-05 0.00015941937423081666 0.00017091707679909993 1.9555258660631046e-05 0.00028184658181201348
leaf_weight=2231693.5558866262 3531902.486907959 1969443.7924404144 1573470.7279376984 1502304.0553561449 1921428.6385388374 930157.65878975391 1054682.8039184809 2150488.2482481003 2366173.5071696043 3611587.9866410494 1786940.3228702545 1280270.0430521965 1751403.5844767094 1549204.8873291016
leaf_count=1872 1116 1250 1022 1085 1227 2612 1189 1502 2785 5516 2122 922 1578 795
internal_value=0.000228591 -0.000923872 0.000592048 0.000759749 0.000392682 0.000605193 0.000488025 -0.000568515 -0.00124843 0.000970075 0.00152641 0.000576176 0.00204908 0.00302557
internal_weight=2.92112e+07 7.00365e+06 2.22075e+07 3.47175e+06 2.0634e+07 1.87126e+07 1.77824e+07 5.57134e+06 4.51666e+06 1.22111e+07 8.59951e+06 5.26337e+06 3.03167e+06 3.33615e+06
internal_count=26593 3451 23142 2335 22120 20893 18281 5476 4287 12805 7289 4372 2500 2917
cat_boundaries=0 1 2 3
cat_threshold=26 276 158
is_linear=0
shrinkage=0.03


Tree=333
num_leaves=15
num_cat=0
split_feature=11 1 13 14 10 9 12 14 11 16 11 13 12 12
split_gain=8884.79 24160.6 31513.4 8703.54 8402.36 9426.57 9934.44 37979 18354.7 13436.3 13834.1 8225.65 7171.55 21934.2
threshold=0.96938913150432404 17.500000000000004 0.99072696340569 0.96285834646787205 0.98137359294060911 74.500000000000014 1.0017672621402147 0.97998639816947797 1.01278369294476 0.057515192538335154 1.1097774341648921 1.0346219951928586 1.0222447880274059 1.0475322582993578
decision_type=2 2 2 2 2 2 2 2 2 2 2 2 2 2
left_child=1 2 3 -1 -2 -6 7 -7 -8 12 11 -11 -10 -14
right_child=4 -3 -4 -5 5 6 8 -9 9 10 -12 -13 13 -15
leaf_value=-7.097627445045911e-05 0.00030226392952039239 0.00028143014894604012 -0.00046421769174759736 0.00014447136535211319 -0.00011109861030899809 -8.2333043190412265e-05 -0.00012144580818770536 0.00041811384806730476 6.7817482258233732e-05 8.2394386499501224e-05 -4.7676434172668164e-05 0.00029563404757032948 -0.0003654808503692299 7.200903967093221e-05
leaf_weight=1523445.8380069733 1487487.3336961269 1326213.1203627586 1518089.1828613281 1280535.27110219 2011987.0767583847 1894022.7102377415 2349961.3075792789 1963034.6599018574 1577963.6780817509 4479408.6245628595 2601836.8106558323 2442826.9893462658 1387755.6222491264 1581337.7369776964
leaf_count=1140 1539 1415 1408 1094 1819 1520 1859 1873 2421 2461 1804 1477 1891 2954
internal_value=0.000290893 -0.000778669 -0.00186554 1.93441e-05 0.000544963 0.00039928 0.00059361 0.00196371 0.000271796 0.000681679 0.00132223 0.0020232 -0.000659984 -0.00152854
internal_weight=2.94259e+07 5.64828e+06 4.32207e+06 2.80398e+06 2.37776e+07 2.22901e+07 2.02781e+07 3.85706e+06 1.64211e+07 1.40711e+07 9.52407e+06 6.92224e+06 4.54706e+06 2.96909e+06
internal_count=26675 5057 3642 2234 21618 20079 18260 3393 14867 13008 5742 3938 7266 4845
is_linear=0
shrinkage=0.03


Tree=334
num_leaves=15
num_cat=3
split_feature=10 14 12 0 0 11 11 11 12 2 10 0 2 2
split_gain=9410.23 14643 19769.9 38236.2 17772.3 19789.3 20958.5 15113.6 13791.4 13257.4 10388.9 5081.13 13704.6 11914.1
threshold=1.0366124446983094 1.0046522558627082 1.0084215893317665 0 1 1.0204143974676605 0.94582335825913144 1.0144223363856211 1.0039311402383728 3.5000000000000004 1.0433061272440407 2 1.0000000180025095e-35 1.0000000180025095e-35
decision_type=2 2 2 1 1 2 2 2 2 2 2 1 2 2
left_child=1 4 9 -4 7 6 -6 -1 -8 -3 -2 12 -12 -13
right_child=10 2 3 -5 5 -7 8 -9 -10 -11 11 13 -14 -15
leaf_value=-5.3512625225255695e-05 0.00016647443189264416 4.0280225949224663e-05 0.00053988699701147539 -3.4591584209718126e-05 -0.0002133329814267326 -0.00041813266179926278 0.00019497020811416499 0.00039400456350789707 -3.0787535529533582e-05 -0.0002603102562006239 0.00023532889697555805 -0.00030748904962946637 1.2633945437357503e-05 -6.8408348417957428e-06
leaf_weight=1365191.4257297516 1751615.1811851263 2373426.7681770325 1119060.8674947023 1525979.7826664448 1889884.6253432035 1701694.8558908701 1575076.6753941774 865153.27489805222 1629533.5398682356 1289987.6524989605 1282768.8092936277 991779.34711456299 5556526.7169240713 4383637.15668571
leaf_count=1625 1232 1952 1073 1587 1189 1117 1099 979 1103 1569 1019 900 5369 4806
internal_value=0.000251514 -0.000261557 0.000847346 0.00282381 -0.00103655 -0.00179913 -0.00086352 0.00128715 0.000614162 -0.000579692 0.000814864 0.00050502 0.00104747 -0.000185156
internal_weight=2.93013e+07 1.5335e+07 6.30846e+06 2.64504e+06 9.02653e+06 6.79619e+06 5.09449e+06 2.23034e+06 3.20461e+06 3.66341e+06 1.39663e+07 1.22147e+07 6.8393e+06 5.37542e+06
internal_count=26619 13293 6181 2660 7112 4508 3391 2604 2202 3521 13326 12094 6388 5706
cat_boundaries=0 1 2 3
cat_threshold=312 195 468
is_linear=0
shrinkage=0.03


Tree=335
num_leaves=15
num_cat=1
split_feature=0 11 12 12 12 10 10 11 9 12 9 1 11 12
split_gain=7824.24 15233.9 14594 14269.1 11400.5 30151.7 16463 16874.5 15613.5 11599.7 12276.4 13064.1 12411.6 9453.83
threshold=0 1.1475241188057654 1.0011710589795377 1.0131860351239512 0.94365407296847026 0.90372711552493334 1.0126286975463843 1.0099514182531915 74.500000000000014 1.0671690946621852 89.500000000000014 10.500000000000002 1.0546192281003315 0.97403275874320727
decision_type=1 2 2 2 2 2 2 2 2 2 2 2 2 2
left_child=2 4 13 -4 -2 -6 -7 -8 -9 10 -10 -12 -13 -1
right_child=1 -3 3 -5 5 6 7 8 9 -11 11 12 -14 -15
leaf_value=-4.8825718478117171e-05 -0.0002032911236797801 -0.00018174157761558315 0.00025299524251898173 -2.5387005606474014e-05 0.00052677870298796839 -6.2644798997267103e-05 0.00024963042240040467 -0.00016549241862956154 0.00023009013618219067 0.00026416527531513003 0.00013675195552511588 3.0168385451440314e-05 -0.00023012524834899916 -0.00036566737417822819
leaf_weight=1591623.2380957603 1225260.7630800009 1944342.810102582 1605712.5513825417 4355712.2320864201 1310399.7675784826 4413862.6605318785 1440033.0376889706 1327470.6151301861 1421084.2166976929 1416659.8300286531 1738264.4801951647 2168704.4583611488 1871293.7854874134 1532865.4554260969
leaf_count=1101 1504 2313 1056 2946 1303 4229 1203 1268 1466 1594 2092 1777 1712 1040
internal_value=0.000184605 0.000512412 -0.000546974 0.000323465 0.0007802 0.000980409 0.000617674 0.00122073 0.000781167 0.00124779 0.000759495 0.000145136 -0.000790549 -0.00220775
internal_weight=2.93633e+07 2.02774e+07 9.08591e+06 5.96142e+06 1.8333e+07 1.71078e+07 1.57974e+07 1.13835e+07 9.94348e+06 8.61601e+06 7.19935e+06 5.77826e+06 4.04e+06 3.12449e+06
internal_count=26604 20461 6143 4002 18148 16644 15341 11112 9909 8641 7047 5581 3489 2141
cat_boundaries=0 1
cat_threshold=12
is_linear=0
shrinkage=0.03


Tree=336
num_leaves=15
num_cat=3
split_feature=16 9 16 9 16 13 0 13 10 16 0 0 10 16
split_gain=13669.1 6538.02 6941.03 38194.5 14990.9 14521.8 12523.2 13318.6 13286.6 10039.1 7796.14 7289.86 7210.16 6744.04
threshold=0.088579994534916148 71.500000000000014 0.052673485965430346 89.500000000000014 0.057045570311230684 0.96101897856810492 0 0.98036236086411988 0.98665186532067772 0.064832736708839073 1 2 1.0350154479417271 0.034808494735768351
decision_type=2 2 2 2 2 2 1 2 2 2 1 1 2 2
left_child=1 -1 3 -3 12 11 7 -6 -8 -10 -7 -5 -4 -12
right_child=-2 2 4 5 6 10 8 -9 9 -11 13 -13 -14 -15
leaf_value=0.00018472545488566137 -9.3557861203215456e-05 -0.00058795078355603912 -4.0810627222222074e-05 -0.00038643276963219438 0.00017077522488010295 8.737551334654909e-05 -0.00016777571127019338 8.1736162062524104e-06 0.0001921861881543562 -2.5438879001426607e-05 0.00029131680531932876 0.00014402945008753324 -0.0002560725941990555 0.00055564778446111178
leaf_weight=1552907.3916656971 3765215.9500989914 510943.06037306786 1808187.9984526634 630423.67688393593 2019831.1023406982 919434.59178316593 2336589.321685791 3341602.6860198975 2386179.9687218666 5172083.1618626118 1076307.2336962223 843769.22212445736 1788085.442650795 1108755.3993301392
leaf_count=1409 1727 1186 1041 1409 1278 2060 1585 1891 1690 3170 3361 2549 1176 958
internal_value=6.19729e-05 0.000311155 0.000188805 0.00117189 -7.66007e-05 0.00204004 0.000334125 0.00150179 -0.000298563 0.000312665 0.00320428 -0.000411724 -0.001819 0.00417948
internal_weight=2.92603e+07 2.54951e+07 2.39422e+07 5.08963e+06 1.88526e+07 4.57869e+06 1.52563e+07 5.36143e+06 9.89485e+06 7.55826e+06 3.1045e+06 1.47419e+06 3.59627e+06 2.18506e+06
internal_count=26490 24763 23354 11523 11831 10337 9614 3169 6445 4860 6379 3958 2217 4319
cat_boundaries=0 1 2 3
cat_threshold=49 164 7
is_linear=0
shrinkage=0.03


Tree=337
num_leaves=15
num_cat=0
split_feature=16 16 10 2 10 2 12 16 10 1 2 1 2 10
split_gain=12406.1 12026.6 10567.6 34034.7 40877.7 23366.2 18427.2 18872.2 9949.47 17771.5 15986.4 7272.64 6305.85 12737.1
threshold=0.083213935661380453 0.077091071773349881 1.022958258627247 1.0000000180025095e-35 1.0672995701776651 1.0000000180025095e-35 1.0017672621402147 0.058761417819606719 0.89318320856760713 18.500000000000004 2.5000000000000004 10.500000000000002 4.5000000000000009 1.1335724133140028
decision_type=2 2 2 2 2 2 2 2 2 2 2 2 2 2
left_child=1 2 5 4 -4 -1 7 -5 -7 10 -10 -12 13 -8
right_child=-2 -3 3 6 -6 8 12 -9 9 -11 11 -13 -14 -15
leaf_value=-0.00028877538572685818 -4.6545655837709717e-05 0.00010870201516175235 0.00053022863593677068 0.00050936933643993263 3.9440925982977567e-05 0.00029698635336180846 -0.000117757781799291 -4.5696644067348251e-06 -0.00024169714649257908 -0.00043049584543013988 1.5773999602406133e-06 0.00038407137676204419 0.0001951135557960743 0.00010736478945448197
leaf_weight=1401297.8004165888 5602021.9992231131 3133253.2327127457 1062460.6192317009 963166.50547897816 1145198.9506868124 1771956.3424828053 4723518.8997194767 956228.39251708984 1755402.3632355928 1157141.8691840172 1014154.4822772741 1518291.7993488312 1389408.5121170282 1800724.3527810574
leaf_count=1237 2766 1777 878 1403 1229 1997 4287 620 1369 1582 1588 1026 2672 2100
internal_value=0.000435783 0.000734846 0.000472172 0.00104621 0.00441236 -0.000329823 0.000290457 0.00292748 0.000358503 -0.000276934 0.000613411 0.0021385 -0.000349132 -0.000739932
internal_weight=2.93942e+07 2.37922e+07 2.0659e+07 1.20407e+07 2.20766e+06 8.61824e+06 9.83305e+06 1.91939e+06 7.21695e+06 5.44499e+06 4.28785e+06 2.53245e+06 7.91365e+06 6.52424e+06
internal_count=26531 23765 21988 13189 2107 8799 11082 2023 7562 5565 3983 2614 9059 6387
is_linear=0
shrinkage=0.03


Tree=338
num_leaves=15
num_cat=1
split_feature=10 0 14 12 11 12 14 10 1 11 10 11 12 2
split_gain=8002.31 35561.9 7210.28 10746.2 15388.3 12110.3 11650 23328.9 16060.7 12393.9 19580.4 35344.4 21275.9 12500
threshold=0.90675470765210653 0 0.79649620921133757 1.0015572315294419 1.0275274932361529 0.98366571989275564 0.95755032181688737 1.0439860259432707 10.500000000000002 1.021968476268863 1.0340049789758805 1.0358148757179293 1.0286147346963392 2.5000000000000004
decision_type=2 1 2 2 2 2 2 2 2 2 2 2 2 2
left_child=1 -1 -2 4 5 -4 7 -5 -9 13 -11 -12 -13 -8
right_child=2 -3 3 6 -6 -7 9 8 -10 10 11 12 -14 -15
leaf_value=0.00019054028589628061 -0.00019428075513630517 -0.00053026230371533444 5.2671767964908128e-05 0.00032348038745067317 -9.9794650130758392e-05 0.00038917484425955381 -0.00019371840349967714 0.00018140873090891256 -8.3372968081657522e-05 0.00016070789679708676 -0.00050531441895261856 0.00051815764359940629 -6.6225440211419543e-06 -7.6756765663170495e-06
leaf_weight=1738760.6286628246 1200141.6083211899 1587559.3270236254 1832875.0666872263 1633938.3465446234 1487060.6436058283 2686348.3819758892 2571740.8019808531 1158641.1280517578 2414493.590154171 1751545.7921205759 1197555.6942485571 976619.83538627625 4037807.4031207561 2854352.4882465601
leaf_count=1650 1536 1443 1530 1703 1303 2288 1685 1154 2034 1630 841 1130 4228 2324
internal_value=0.000362161 -0.00102273 0.00054069 0.00065145 0.00175469 0.00262574 0.000295131 0.0014992 0.000141313 -0.00017312 0.000580293 -0.000209613 0.000896256 -0.00127885
internal_weight=2.91294e+07 3.32632e+06 2.58031e+07 2.4603e+07 6.00628e+06 4.51922e+06 1.85967e+07 5.20707e+06 3.57313e+06 1.33896e+07 7.96353e+06 6.21198e+06 5.01443e+06 5.42609e+06
internal_count=26479 3093 23386 21850 5121 3818 16729 4891 3188 11838 7829 6199 5358 4009
cat_boundaries=0 1
cat_threshold=403
is_linear=0
shrinkage=0.03


Tree=339
num_leaves=15
num_cat=1
split_feature=13 10 2 13 10 14 12 2 3 13 12 12 14 0
split_gain=7130.94 12590.5 14120.4 18515.2 29231.8 17354.6 15935.1 11515.9 10529.4 16435.6 12065.9 14558.9 12076.9 13918.6
threshold=0.97151326773712088 0.94660554909741312 4.5000000000000009 1.1390953249125868 1.1335724133140028 1.0318019372378378 1.0017672621402147 2.5000000000000004 1.5000000000000002 0.82337158696090029 1.0626322051998445 1.0252236949159943 0.97998639816947797 0
decision_type=2 2 2 2 2 2 2 2 2 2 2 2 2 1
left_child=8 -2 3 4 6 -4 -3 -5 10 -10 11 12 13 -1
right_child=1 2 5 7 -6 -7 -8 -9 9 -11 -12 -13 -14 -15
leaf_value=-0.00010903543399352839 -0.00030708738445261048 6.8074507010094037e-05 2.336942892190466e-05 -0.00011353446817920328 0.00032313399725003643 0.00069852539022318913 -8.0303788633533349e-05 -0.00096082413536146064 -0.001802548033333186 6.0553305511743604e-05 0.00028901302550846927 -9.4157297931649363e-05 0.00031651833240629689 0.0001838049435386304
leaf_weight=1392697.4246659279 1276307.5615494251 3034019.8257981539 2092776.7848175764 911395.25115060806 1600469.4962397814 763789.59002017975 7508044.9363229275 781436.66283845901 688288.57253301144 1461283.8126496077 1207485.4846416712 1593285.7903815508 1925256.4971876144 2856290.4003697634
leaf_count=1038 1362 1821 2363 1356 1320 1481 4713 1153 1303 1998 1235 1530 1567 2230
internal_value=0.000235866 -0.000133699 8.58913e-05 -0.000310586 9.91863e-05 0.00200617 -0.000474343 -0.00324985 0.000832781 -0.00105314 0.00128447 0.000850777 0.00151056 0.000617441
internal_weight=2.90928e+07 1.79682e+07 1.66919e+07 1.38354e+07 1.21425e+07 2.85657e+06 1.05421e+07 1.69283e+06 1.11246e+07 2.14957e+06 8.97502e+06 7.76753e+06 6.17424e+06 4.24899e+06
internal_count=26470 15569 14207 10363 7854 3844 6534 2509 10901 3301 7600 6365 4835 3268
cat_boundaries=0 1
cat_threshold=304
is_linear=0
shrinkage=0.03


Tree=340
num_leaves=15
num_cat=3
split_feature=16 2 10 10 10 14 14 11 16 0 0 10 0 14
split_gain=8567.76 15943.1 27901.9 12616.9 16899.8 17723.1 15024.6 14370.4 13915.8 16578.6 13780.5 13485.5 9476.41 8923.22
threshold=0.081308984922925889 1.5000000000000002 1.0395588043783788 1.0596278767251972 1.0293999222527417 0.95101795393994237 0.98710187378469316 0.9442096572761115 0.064609461181217423 0 1 0.90372711552493334 2 0.81519309494764192
decision_type=2 2 2 2 2 2 2 2 2 1 1 2 1 2
left_child=3 -2 -3 4 6 -6 7 -1 9 -7 -9 -8 -13 -5
right_child=1 2 -4 13 5 8 11 10 -10 -11 -12 12 -14 -15
leaf_value=-0.00030132095054631239 3.8942434568482261e-05 -0.00026500464359388787 6.0581394551512184e-05 -0.00029056339698917171 0.00034933771620962011 -0.00022571390761441019 0.00049166595258865148 -0.00020264912012825969 0.00017957388855679366 0.00035847626347056941 0.00022388218253832 7.6075745938849364e-05 -0.0002378046250500772 -6.1887833542006582e-06
leaf_weight=1409675.2783857584 2393076.4078369141 2542440.9179582596 1939551.8047362566 973669.97776305676 1155513.4302098751 1069298.8386663198 1137052.42232728 1607129.2411730289 1222742.3902368546 1005409.5858681202 1490621.4437141418 3533642.5745329857 1336112.3780144453 6597825.0251947641
leaf_count=1209 992 1312 1117 1147 1158 998 1471 1234 626 1218 1841 2597 2036 7593
internal_value=0.000169124 -0.000757931 -0.00181356 0.000451907 0.000956747 0.00250576 0.00030071 -0.00100845 0.00138539 -0.000110762 0.00013424 0.00128308 0.00059622 -0.00054605
internal_weight=2.94138e+07 6.87507e+06 4.48199e+06 2.25387e+07 1.49672e+07 4.45296e+06 1.05142e+07 4.50743e+06 3.29745e+06 2.07471e+06 3.09775e+06 6.00681e+06 4.86975e+06 7.5715e+06
internal_count=26549 3421 2429 23128 14388 4000 10388 4284 2842 2216 3075 6104 4633 8740
cat_boundaries=0 1 2 3
cat_threshold=84 21 94
is_linear=0
shrinkage=0.03


Tree=341
num_leaves=15
num_cat=1
split_feature=16 0 13 2 2 13 10 10 12 13 16 10 12 12
split_gain=9863.38 11384.5 15856.5 11557 6588.13 17301 12087.5 19044.9 42448.8 12013.8 6657.21 9166.78 5943.8 14812
threshold=0.091212508674444179 0 1.0860180070118419 3.5000000000000004 3.5000000000000004 0.91023369072930793 1.0573523519181121 1.0291511211659856 1.0020970861562455 0.99766403289603123 0.052673485965430346 1.0433061272440407 1.0375626961833271 1.024112885485482
decision_type=2 1 2 2 2 2 2 2 2 2 2 2 2 2
left_child=1 4 12 -4 5 -1 7 8 -6 -8 -7 -12 13 -3
right_child=-2 2 3 -5 6 10 9 -9 -10 -11 11 -13 -14 -15
leaf_value=0.0003944182126579215 -0.00012285279903452508 -7.8511223927138904e-06 -0.00044606483109640695 4.7861065235909151e-05 -0.00050435745560326809 -0.00024447975656455593 -0.00048856719541526912 0.00031547120827795977 -4.7711481677262391e-05 4.8263281986295393e-06 4.5949204076761407e-05 -6.6692274608655129e-05 -0.00015044385619982008 0.00026229514958336399
leaf_weight=1855685.8668558598 2864046.2732024193 5123229.8549889326 1081968.9915521145 642287.11072266102 1253011.6761276722 1732179.3781070709 870144.95166087151 1081540.9879033566 1771107.0830204487 943792.63074827194 4082674.8977203369 2893180.2645568848 2143650.0886154175 1021080.1686692238
leaf_count=1920 1327 5000 1491 1265 1124 2736 1028 1044 1646 1069 1788 1584 2502 1035
internal_value=0.000209814 0.000390599 -0.000407303 -0.00302478 0.000875256 0.00132423 7.40541e-05 0.000975132 -0.000246785 -0.00196544 0.000763772 0.000350434 0.000137246 0.000611783
internal_weight=2.93596e+07 2.64955e+07 1.00122e+07 1.72426e+06 1.64833e+07 1.05637e+07 5.9196e+06 4.10566e+06 3.02412e+06 1.81394e+06 8.70803e+06 6.97586e+06 8.28796e+06 6.14431e+06
internal_count=26559 25232 11293 2756 13939 8028 5911 3814 2770 2097 6108 3372 8537 6035
cat_boundaries=0 1
cat_threshold=55
is_linear=0
shrinkage=0.03


Tree=342
num_leaves=15
num_cat=3
split_feature=2 16 12 12 12 0 12 12 0 0 12 16 14 16
split_gain=8871.68 21829.3 19425.9 34271.8 16686.3 18617 16251.6 14972.7 39312.5 13729.3 23297.2 12343.3 11892.4 8829.1
threshold=1.5000000000000002 0.059014050135174294 0.97797291796091923 1.0039311402383728 1.0107535664831071 0 0.98075970649359323 1.0031166613366176 1 2 1.0300344433885027 0.057269459440026545 0.95855505886030057 0.054990652489754217
decision_type=2 2 2 2 2 1 2 2 1 1 2 2 2 2
left_child=2 6 -1 -4 -5 -6 -2 8 -3 -9 -11 12 -8 -14
right_child=1 7 3 4 5 -7 11 9 -10 10 -12 -13 13 -15
leaf_value=-0.00062345852924878219 0.00067291954798891749 -0.00026460085369675373 0.00029723213515838489 -0.00014598732806255573 0.00013673877988183334 -0.00012746148833003097 -0.00026642146599893375 -0.00025751617869678649 9.988873192096202e-05 0.00011034940071939439 -0.00012007299974518631 0.00031016861977847251 0.00013020270539547429 -0.00024267175553111751
leaf_weight=1437331.2823364735 1009261.2266138792 2515039.2165222168 1851141.7769504786 1416732.1365020275 3294353.1288567781 1912284.1017706394 1268869.7704828978 1589354.5592653751 1774750.8163757324 3615226.4293212891 2952766.9944458008 641279.08009147644 3261879.1031509638 653734.18083286285
leaf_count=1126 1637 986 1297 952 2423 2000 2548 1210 1631 1933 2088 460 5814 460
internal_value=6.83873e-05 -0.000306566 0.000797808 0.00134477 0.000336183 0.00112165 0.00105559 -0.00105456 -0.00248936 -0.000300024 0.000305409 0.000446723 -3.89364e-05 0.000778987
internal_weight=2.9194e+07 1.92822e+07 9.91184e+06 8.47451e+06 6.62337e+06 5.20664e+06 6.83502e+06 1.24471e+07 4.28979e+06 8.15735e+06 6.56799e+06 5.82576e+06 5.18448e+06 3.91561e+06
internal_count=26565 18767 7798 6672 5375 4423 10919 7848 2617 5231 4021 9282 8822 6274
cat_boundaries=0 1 2 3
cat_threshold=341 28 257
is_linear=0
shrinkage=0.03


Tree=343
num_leaves=15
num_cat=0
split_feature=16 16 2 16 14 13 10 9 9 16 16 13 14 11
split_gain=12241.5 8200.72 17101.8 10121 11838.3 10479.2 7280.73 8263.94 12362.8 10808.9 22575.8 10426.1 11261.3 7852.92
threshold=0.088579994534916148 0.077091071773349881 3.5000000000000004 0.067129503413044148 0.9975172121560284 1.1949308559376723 0.85413796973278877 71.500000000000014 82.500000000000014 0.052673485965430346 0.057515192538335154 0.96101897856810492 0.93892460339467232 0.99985733322981363
decision_type=2 2 2 2 2 2 2 2 2 2 2 2 2 2
left_child=1 3 -3 5 -5 6 -1 -8 -9 11 -11 12 -10 -13
right_child=-2 2 -4 4 -6 -7 7 8 9 10 -12 13 -14 -15
leaf_value=0.00034967605651252761 -9.113502765057172e-05 0.00019456438848144489 -1.2385499969130188e-05 -1.3949508410498247e-06 -0.00030745330726380908 0.00051387384079279452 0.00027168072968970715 -0.00028962016193713507 -0.00057902405027347031 -0.00015269861972205297 5.1440066871231597e-05 0.00064091627578051426 0.00015152084015976347 0.0001674414965110044
leaf_weight=1073656.261349678 3864559.3059391975 2377791.2739257812 2468927.9426881075 3003430.5151662827 1801196.8072841167 841700.9000660181 1010367.19888556 931877.08789610863 555074.51091349125 3156816.9926395416 4853995.5370719433 611617.47284018993 790765.18314158916 2069071.8136413097
leaf_count=1376 1764 1152 1639 1735 1171 2516 1026 1056 1662 1916 3172 973 1979 3417
internal_value=0.000204371 0.000442423 0.00155323 0.000182331 -0.00102424 0.000547045 0.000364898 0.000182055 -2.15324e-05 0.000236181 -0.000401164 0.00150418 -0.000650298 0.00258584
internal_weight=2.94108e+07 2.55463e+07 4.84672e+06 2.06996e+07 4.80463e+06 1.58949e+07 1.50532e+07 1.39796e+07 1.29692e+07 1.20373e+07 8.01081e+06 4.02653e+06 1.34584e+06 2.68069e+06
internal_count=26554 24790 2791 21999 2906 19093 16577 15201 14175 13119 5088 8031 3641 4390
is_linear=0
shrinkage=0.03


Tree=344
num_leaves=15
num_cat=0
split_feature=16 12 1 1 12 2 16 10 2 12 14 10 12 12
split_gain=10997.3 6052.99 35168.5 20045 16182.4 72291.5 11879.3 8662.57 15427.1 19616.7 13780.7 19360 10286.1 12789.4
threshold=0.091212508674444179 0.98075970649359323 16.500000000000004 11.500000000000002 0.9986158363148413 2.5000000000000004 0.080017103617756949 1.0327028894079586 1.0000000180025095e-35 1.0155628707660178 0.98644033392861885 1.0037516213121001 1.0233061924905116 1.0475322582993578
decision_type=2 2 2 2 2 2 2 2 2 2 2 2 2 2
left_child=1 2 3 -1 5 -3 7 10 -9 -10 11 -6 -11 -14
right_child=-2 4 -4 -5 6 -7 -8 8 9 12 -12 -13 13 -15
leaf_value=0.00012412923259944115 -9.4466158579274454e-05 0.0001960538641791642 0.00069566736474801583 -0.00028608752800678882 -0.00033938915359217685 -0.00090324790768946236 0.00014427968777201383 0.00014569983476980664 -0.000319933439042921 0.0003017260133349475 0.00014967820928626999 0.00012578894454478364 -0.00021866963350132481 1.6251252667282351e-05
leaf_weight=1321776.6674791574 2829725.9903781414 1309987.7253988981 1244992.7844042778 1371192.9579467773 1234174.4632345438 1611801.7092018127 3433987.0022649765 1560512.6133732796 1503093.0651627779 859671.78231322765 4405391.4311974049 1497387.5474203825 1909333.4945183992 3136028.0813616514
leaf_count=1622 1303 1006 1264 917 1275 1707 1797 1525 1544 1033 4197 1445 1914 3930
internal_value=0.000313627 0.000504143 0.00158905 -0.000338611 0.000313936 -0.00176844 0.000625317 0.000283755 -0.000336899 -0.000907956 0.0010637 -0.000610422 -0.000129091 -0.00064593
internal_weight=2.92291e+07 2.63993e+07 3.93796e+06 2.69297e+06 2.24614e+07 2.92179e+06 1.95396e+07 1.61056e+07 8.96864e+06 7.40813e+06 7.13695e+06 2.73156e+06 5.90503e+06 5.04536e+06
internal_count=26479 25176 3803 2539 21373 2713 18660 16863 9946 8421 6917 2720 6877 5844
is_linear=0
shrinkage=0.03


Tree=345
num_leaves=15
num_cat=2
split_feature=11 10 12 10 10 11 0 0 11 11 9 13 13 12
split_gain=7587.65 13015 8454.12 27498.3 21075.3 25457.6 21246.3 15334.1 14878.5 16198.8 13505.1 12923.6 18970.1 11246.5
threshold=0.86277403626205151 0.88066046847211721 0.99055910426597582 1.011668313780669 0.99547996673316497 1.0113161475382382 0 1 1.016828407656591 1.0201167971050777 80.500000000000014 1.0581732234556909 1.0268570593369379 1.0475322582993578
decision_type=2 2 2 2 2 2 1 1 2 2 2 2 2 2
left_child=-1 -2 3 -3 6 -6 -4 -5 -7 -10 -11 12 -12 -13
right_child=1 2 4 7 5 8 -8 -9 9 10 11 13 -14 -15
leaf_value=0.00032070810090655889 -0.00024308964579878973 0.00046584915863167372 1.764446841699933e-05 -6.9417710357669052e-05 0.00018773285948606085 -0.0002907853874224619 -0.00046126260882471497 0.00018734320192317355 0.00025751704523182292 -0.00016386206238367171 1.8012256643590456e-05 -0.00023453953866886529 0.00020141330113794439 0.00013241421140058773
leaf_weight=1172510.8607345819 1441025.0737457275 1191134.8265635967 1385734.9625526667 1984060.2250219584 2244340.3087542057 1442545.6561170816 2268648.0299772024 1214869.1269572973 1090189.5347727537 1243336.0249713659 7807542.3152725697 2202955.6892541647 1471352.0500303507 1099557.933778286
leaf_count=1338 1264 1000 1265 1336 1843 1163 2012 1351 752 1340 7073 2292 1063 1410
internal_value=0.000238848 0.000140142 0.00029032 0.00149349 5.29932e-05 0.000462171 -0.00202983 4.46617e-05 5.10798e-05 0.000332462 5.48266e-05 0.000349588 0.000923206 -0.00126207
internal_weight=2.92598e+07 2.80873e+07 2.66463e+07 4.39006e+06 2.22562e+07 1.86018e+07 3.65438e+06 3.19893e+06 1.63575e+07 1.49149e+07 1.38247e+07 1.25814e+07 9.27889e+06 3.30251e+06
internal_count=26502 25164 23900 3687 20213 16936 3277 2687 15093 13930 13178 11838 8136 3702
cat_boundaries=0 1 2
cat_threshold=42 280
is_linear=0
shrinkage=0.03


Tree=346
num_leaves=15
num_cat=3
split_feature=2 12 12 0 12 11 12 14 0 10 12 12 12 0
split_gain=10484.7 20520.4 23255.7 28665.8 20298.8 21487.9 19481.2 18272 24175 19689.4 16024.7 7657.89 7512.74 14125.9
threshold=1.5000000000000002 0.96181022088655299 1.0031166613366176 0 0.97797291796091923 0.99469405307571501 1.0091514731206532 0.96372369363272747 1 1.0850035725096141 1.0137025498423149 0.99055910426597582 1.0281187774485046 2
decision_type=2 2 2 1 2 2 2 2 1 2 2 2 2 1
left_child=4 -2 3 -3 -1 -6 -4 9 -9 -7 -8 -5 13 -12
right_child=1 2 6 11 5 7 10 8 -10 -11 12 -13 -14 -15
leaf_value=-0.00019564837542500156 0.0002591836544063915 0.00027812582677979127 0.00012681986521177605 -0.0001642081407163143 0.0002851256603941395 0.0002893447684848989 -0.00029837824907142193 0.00021903147340684688 -0.00016604924945891875 -6.5972485248295438e-06 0.0002931942229897227 -0.0003816788114121265 -5.0047551256702277e-05 -0.00019892053388310949
leaf_weight=1382349.6965252161 1776670.7815099955 1232048.6342068911 2154282.8588854074 1681479.2128994465 1665775.1474664211 1618825.1233301163 1014234.0758199692 1545390.3315241337 2265293.4974781275 1397346.3458919525 2252503.498385787 2087551.3848177195 6039537.3167134523 1171986.5690817833
leaf_count=1111 2050 1806 1674 1044 1246 1282 887 1327 1481 1260 1754 1362 6463 1727
internal_value=0.000213781 -0.000191098 -0.00050072 -0.00223225 0.00100961 0.00155837 0.000184772 0.000812955 -0.000567845 0.00255748 -0.000349412 -0.00353082 3.46517e-05 0.00115715
internal_weight=2.92853e+07 1.94103e+07 1.76336e+07 5.00108e+06 9.87498e+06 8.49263e+06 1.26325e+07 6.82686e+06 3.81068e+06 3.01617e+06 1.04783e+07 3.76903e+06 9.46403e+06 3.42449e+06
internal_count=26474 18767 16717 4212 7707 6596 12505 5350 2808 2542 10831 2406 9944 3481
cat_boundaries=0 1 2 3
cat_threshold=417 323 158
is_linear=0
shrinkage=0.03


Tree=347
num_leaves=15
num_cat=2
split_feature=0 10 10 10 11 10 11 0 10 14 1 16 11 10
split_gain=7138.57 19965.1 25688.3 40669.8 16801.6 36577.3 16570.8 25136.2 13899.5 13403.8 13072.5 12244.7 14187 20404.4
threshold=0 0.90372711552493334 1.0304287493282149 1.042224977287155 0.94582335825913144 0.97998433574410881 1.01278369294476 1 0.86883337326258692 0.97261381920622114 16.500000000000004 0.089869881223259396 1.028352128358649 1.0366124446983094
decision_type=1 2 2 2 2 2 2 1 2 2 2 2 2 2
left_child=1 -1 9 -4 8 -6 7 -7 -2 -3 -5 12 -8 -14
right_child=4 2 3 10 5 6 11 -9 -10 -11 -12 -13 13 -15
leaf_value=0.00051439661702634156 -0.00076356238197932867 -0.00034836570292920866 0.00020698544190636065 -1.5732724407365722e-05 0.00057519504795894695 -0.00065382268074753048 0.00013961653440220748 2.5158073278733547e-05 -1.8203176850819594e-05 -1.3201944200946436e-05 0.00018956339123368685 0.00034057713430360996 -0.00053127606347202051 1.0231596600317262e-05
leaf_weight=1293045.1574287415 1116787.3807433844 1445576.6289360523 1169415.8479932547 3857480.5062645674 1063568.7556322813 1477181.5498170853 1844062.7742962837 1373236.6954574585 1067372.0289942026 4216934.2462642193 1834934.1706562042 1195172.3733055592 1049720.9254845381 5208602.5865159035
leaf_count=1258 1179 1341 779 3470 957 1224 1623 1370 906 3082 1767 643 999 5956
internal_value=0.000393195 0.000888217 0.000521801 0.00175603 -5.108e-05 0.00035188 -0.000115189 -0.0021163 -0.0024885 -0.000973839 0.000709208 0.000498305 8.01674e-05 -0.000601259
internal_weight=2.92131e+07 1.38174e+07 1.25243e+07 6.86183e+06 1.53957e+07 1.32115e+07 1.2148e+07 2.85042e+06 2.18416e+06 5.66251e+06 5.69241e+06 9.29756e+06 8.10239e+06 6.25832e+06
internal_count=26554 11697 10439 6016 14857 12772 11815 2594 2085 4423 5237 9221 8578 6955
cat_boundaries=0 1 2
cat_threshold=147 260
is_linear=0
shrinkage=0.03


Tree=348
num_leaves=15
num_cat=0
split_feature=11 11 10 1 12 14 16 16 10 12 12 14 11 11
split_gain=5929.04 9901.54 7202.06 6577.36 11166.6 12018.6 20185.3 17112.8 7313.65 5496.17 8929.93 5100.5 6495.46 18977.5
threshold=0.86277403626205151 0.94582335825913144 0.8854012774121286 10.500000000000002 0.99528009571186626 0.96285834646787205 0.067394765211129512 0.066633989729168841 1.0788153472000828 1.0091514731206532 1.0317115303107665 0.86843321543707963 1.0025409389413917 0.99099749058018094
decision_type=2 2 2 2 2 2 2 2 2 2 2 2 2 2
left_child=-1 2 -2 4 -3 7 9 8 -6 -7 -11 -5 13 -13
right_child=1 3 -4 11 5 6 -8 -9 -10 10 -12 12 -14 -15
leaf_value=0.00034768954676943407 -0.00052444988009323242 0.00021121253566002806 -4.0618079437079849e-05 -0.00018812055524914517 6.9652403013415192e-05 0.00018783602953635018 -0.00015551449888546223 0.0002812243006176342 -0.00032793665295220329 -0.00020819339026254468 0.00024339510009742198 7.6463458209514334e-05 3.4818341359354016e-05 -0.0002246779859393353
leaf_weight=1139981.5038495064 1256919.9558752775 1252644.9264491796 1666167.7387698889 1682037.0146234035 512401.57875669003 618987.52791321278 2255725.7063524723 1191809.9388122559 529126.89506578445 698474.23096501827 713239.63886237144 1999013.7386083603 12479698.763322115 1311751.8721108437
leaf_count=1287 1136 1379 1267 1485 1156 941 983 565 1005 1225 1489 1704 10010 937
internal_value=0.00024422 0.000158379 -0.00149457 0.000349774 0.00107581 0.000577384 -0.000352356 0.00236183 -0.00044731 0.0018174 0.000783936 2.68049e-05 0.000194095 -0.000987222
internal_weight=2.9308e+07 2.8168e+07 2.92309e+06 2.52449e+07 7.77241e+06 6.51977e+06 4.28643e+06 2.23334e+06 1.04153e+06 2.0307e+06 1.41171e+06 1.74725e+07 1.57905e+07 3.31077e+06
internal_count=26569 25282 2403 22879 8743 7364 4638 2726 2161 3655 2714 14136 12651 2641
is_linear=0
shrinkage=0.03


Tree=349
num_leaves=15
num_cat=1
split_feature=3 12 12 12 11 0 11 12 12 13 16 16 14 14
split_gain=5901.2 15923.1 56415.5 15271.6 14289.8 14882.2 31852.3 12373.6 24559.1 13858.7 12801.9 11909.7 11559.2 9389.87
threshold=1.5000000000000002 0.98075970649359323 0.99977566849591148 1.0116324710920543 1.021968476268863 0 1.0931653523248852 0.9655380253813558 0.99227196909529336 1.1207131509856993 0.062800227927991045 0.045720382415502359 0.94675520680163905 0.96025429465142842
decision_type=2 2 2 2 2 1 2 2 2 2 2 2 2 2
left_child=7 -2 -3 -4 -5 -6 -7 12 -9 11 -11 -10 -1 -13
right_child=1 2 3 4 5 6 -8 8 9 10 -12 13 -14 -15
leaf_value=-5.4112381419561631e-07 0.00058568123361677426 -0.0018902333987888121 0.00014599087879220296 -0.00060323160468313416 0.00020898340172749766 0.00048265357828796319 -0.0010330350184492324 0.00019990515826152951 -0.00020888454238248547 -7.131530101780857e-05 -0.00046312332603709252 0.00011453017799244041 -0.00033087483838446427 4.2674247623017994e-06
leaf_weight=1277903.8187316656 873291.25538051128 787150.66912996769 1101190.5250664949 824232.20969581604 834033.41177654266 550933.75947833061 550927.41432344913 2746463.3033792973 1921684.398786664 935526.1513171196 749092.37033081055 5092646.1766662598 1252248.4163265228 9846019.810333252
leaf_count=973 1315 1136 1270 1132 956 1087 1061 1848 4374 1853 460 3006 1092 5005
internal_value=4.9313e-05 -0.000834343 -0.00153261 -4.0409e-05 -0.0012321 0.000176397 -0.00211205 0.000254141 0.000489838 9.77365e-05 -0.00249676 0.000356968 -0.00172927 0.000642939
internal_weight=2.93433e+07 5.52176e+06 4.64847e+06 3.86132e+06 2.76013e+06 1.93589e+06 1.10186e+06 2.38216e+07 2.12914e+07 1.8545e+07 1.68462e+06 1.68604e+07 2.53015e+06 1.49387e+07
internal_count=26568 7957 6642 5506 4236 3104 2148 18611 16546 14698 2313 12385 2065 8011
cat_boundaries=0 1
cat_threshold=88
is_linear=0
shrinkage=0.03


Tree=350
num_leaves=15
num_cat=2
split_feature=10 11 13 13 14 12 0 10 10 11 12 12 1 0
split_gain=5725.3 9667.85 6573 14056.3 11779.1 19828.3 10708.6 13481.4 10161.1 30613.8 9714.91 16284.4 10417.2 8708.13
threshold=1.1714616938353537 1.1671507471139435 0.97028950630864397 1.0437288525276693 0.973393084649678 1.0053593290700693 0 1.0301356407334288 0.99451885417014119 1.0106275379575782 0.98124154101434635 0.99977566849591148 17.500000000000004 1
decision_type=2 2 2 2 2 2 1 2 2 2 2 2 2 1
left_child=2 -2 4 8 6 -6 -1 -8 -4 -10 -5 -12 13 -13
right_child=1 -3 3 10 5 -7 7 -9 9 -11 11 12 -14 -15
leaf_value=0.00024518279622557753 0.00046351119728632205 -3.7281872551162224e-06 -0.00032270194491374523 0.00023257994760396194 0.00042448805694676668 -1.7000917488527257e-05 -0.00020215361323343137 1.1253270187685246e-05 0.00015186527966432091 -8.8615699055082312e-05 -0.0003695578640662289 0.00017308390038985939 -0.00043358226247796337 -5.4327995790989621e-05
leaf_weight=1204451.1810239553 895664.02157390118 1342800.2028855085 1822252.5684201717 939687.47794914246 1786609.8496121168 2086928.1453951597 2659501.6309146881 2396278.4312280416 1649668.0054988861 5721738.59139359 1099727.5596690178 2599492.7367881536 1277923.8597140312 1506060.1919645071
leaf_count=1720 1226 1339 1296 1203 1741 2248 2018 1947 999 3822 1149 2208 1606 1813
internal_value=9.39694e-05 0.00155142 -2.79903e-05 -0.000395233 0.000574186 0.00187445 -0.000230359 -0.000835969 -0.00117926 -0.000683375 0.000575822 0.00016263 0.000842183 0.00157844
internal_weight=2.89888e+07 2.23846e+06 2.67503e+07 1.66166e+07 1.01338e+07 3.87354e+06 6.26023e+06 5.05578e+06 9.19366e+06 7.37141e+06 7.42289e+06 6.4832e+06 5.38348e+06 4.10555e+06
internal_count=26335 2565 23770 14096 9674 3989 5685 3965 6117 4821 7979 6776 5627 4021
cat_boundaries=0 1 2
cat_threshold=193 316
is_linear=0
shrinkage=0.03


Tree=351
num_leaves=15
num_cat=1
split_feature=12 12 0 16 9 12 13 16 12 16 10 12 10 12
split_gain=6303.3 9386.86 4991.84 12491.6 16181.8 14106 12078.7 11080.9 10561.4 12446 10039.2 12195.2 13896.3 13726.5
threshold=1.1119442343149464 1.0819307251019412 0 0.042182096536078975 89.500000000000014 0.99528009571186626 0.81897680867243572 0.065800905902728843 0.9880996573646984 0.022081867557046744 0.96771506909300131 1.0077918519281821 1.1267163222885357 0.97128255268728891
decision_type=2 2 1 2 2 2 2 2 2 2 2 2 2 2
left_child=1 2 6 8 -5 -6 -1 -7 -4 -10 -8 13 -13 -12
right_child=-2 -3 3 4 5 7 10 -9 9 -11 11 12 -14 -15
leaf_value=0.00049981640073579474 0.00013691396676808549 -0.00022213952699964197 0.0010276103874775899 3.2107739696886543e-05 -0.00016324538964281447 -0.00011144281833056096 -0.00025136639383164849 1.0813783694726238e-05 -0.00060287450102015059 0.00017698959407684036 -8.7231827276412717e-05 -8.2129546799074117e-05 0.00036892251146239239 0.0004295252972589323
leaf_weight=1097701.007131815 1653235.4338676929 1115393.5892744064 391718.85786771774 2150311.0846774578 3379011.2868652344 3077221.7813215256 1444062.8929880857 3794519.0449478626 378459.11372184753 799675.39499139786 1059773.3442919254 5185023.1511399746 1321220.9633332491 2385219.9440391064
leaf_count=1742 1582 1102 1052 1146 1788 1921 1691 1718 2155 997 935 4764 1438 2445
internal_value=7.84133e-05 -2.94435e-05 8.41823e-05 -0.000305441 -0.000624609 -0.00112095 0.000519898 -0.000340566 0.00221582 0.00079695 0.000230379 0.000569584 -0.000194614 0.00201286
internal_weight=2.92325e+07 2.75793e+07 2.64639e+07 1.39709e+07 1.24011e+07 1.02508e+07 1.2493e+07 6.87174e+06 1.56985e+06 1.17813e+06 1.13953e+07 9.95124e+06 6.50624e+06 3.44499e+06
internal_count=26476 24894 23792 10777 6573 5427 13015 3639 4204 3152 11273 9582 6202 3380
cat_boundaries=0 1
cat_threshold=199
is_linear=0
shrinkage=0.03


Tree=352
num_leaves=15
num_cat=3
split_feature=16 9 9 13 0 10 16 16 0 0 10 11 10 11
split_gain=6717.31 13289.8 14774.4 12218.9 19260.9 12183.6 12017.2 11004.6 8814.53 8783.67 8211.4 7494.18 7152.08 6451.8
threshold=0.05427723194554801 89.500000000000014 74.500000000000014 0.98036236086411988 0 1.0411906669980231 0.066900352591049719 0.059425731421287577 1 2 0.98665186532067772 1.0099514182531915 1.0137183246203907 1.0563311894196821
decision_type=2 2 2 2 1 2 2 2 1 1 2 2 2 2
left_child=8 2 -2 4 -3 -6 7 -5 11 -8 -10 -1 -12 -14
right_child=1 3 -4 6 5 -7 9 -9 10 -11 12 -13 13 -15
leaf_value=0.00029837625341503575 -2.147659947242623e-05 -9.67980923486711e-05 0.00023351312977653365 -0.00011676926906968574 1.7217261438080255e-05 0.00016478492015668762 -5.5943576109993969e-05 0.00010093662491105541 0.00026288094386608826 -0.00013905292666371012 -0.00014380511346995245 -0.00027715499897943183 0.00020732530771123858 8.2115564213323102e-06
leaf_weight=652432.14716148376 1698210.5945224762 2734721.0777893066 1792550.4432284832 1819058.4001617432 3359418.7207641602 2329488.7752342224 2239061.1002807617 2154961.1564769745 957240.25088000298 4026885.0216927528 835695.79674828053 1227512.1885378361 1987364.5469459295 1382299.4903982878
leaf_count=1384 993 1702 1132 1203 1987 1496 1859 1443 1929 1521 1269 2871 2964 2781
internal_value=0.000218934 -3.76241e-05 0.00166136 -0.000355394 0.000490934 0.00148554 -0.0010516 0.00023888 0.00102601 -0.00187006 0.00166647 -0.000732793 0.00109565 0.00171177
internal_weight=2.91969e+07 2.21544e+07 3.49076e+06 1.86636e+07 8.42363e+06 5.68891e+06 1.024e+07 3.97402e+06 7.04254e+06 6.26595e+06 5.1626e+06 1.87994e+06 4.20536e+06 3.36966e+06
internal_count=26534 13336 2125 11211 5185 3483 6026 2646 13198 3380 8943 4255 7014 5745
cat_boundaries=0 1 2 3
cat_threshold=42 37 227
is_linear=0
shrinkage=0.03


Tree=353
num_leaves=15
num_cat=3
split_feature=14 0 16 16 0 16 16 12 16 16 12 0 16 11
split_gain=10728.3 14219.1 8187.95 7284.25 25646.9 13583 6214.7 15305.4 25140.5 7611.39 6274.7 5772.72 9513.47 9212.3
threshold=1.0835609173153526 0 0.055672035124616014 0.08093095206115429 1 0.077091071773349881 0.052979303042598229 0.98075970649359323 0.049930599699384785 0.021567347515626913 1.0075532020675959 2 0.067129503413044148 1.0074632817481786
decision_type=2 1 2 2 1 2 2 2 2 2 2 1 2 2
left_child=3 -2 -3 5 -5 6 7 -1 9 -9 -11 12 -8 -13
right_child=1 2 -4 4 -6 -7 11 8 -10 10 -12 13 -14 -15
leaf_value=0.00079837870006078168 0.00068321697411840307 0.00063632991786894625 -0.00023322672567548157 0.0001503326624422546 -0.00011057014228311119 0.0001758895687113388 0.00025946783616833573 -0.00057952033994026933 0.00038809584768431437 -0.00032855121743880639 5.3973620960101501e-05 -0.00010504585144912123 -0.00010656701974594381 -2.4035017907233639e-06
leaf_weight=693688.25832867622 764439.24211263657 491758.4422185421 688655.87286198139 2849836.7887706757 3849711.9431152344 1508041.0371322632 2726731.375 693794.45301270485 946674.65191650391 819164.00769805908 1715311.1108930111 3335415.5458068848 1475011.4685974121 6733600.0203375816
leaf_count=1275 1668 1869 628 1693 1527 919 1969 4099 639 936 2374 1849 976 4111
internal_value=0.000173386 0.00232629 0.00026199 2.02767e-05 -0.00083927 0.000299177 8.31891e-05 0.00100871 0.000323071 -0.000937591 -0.000175441 -0.000232564 0.000701478 -0.000622334
internal_weight=2.92918e+07 1.94485e+06 1.18041e+06 2.7347e+07 6.69955e+06 2.06474e+07 1.91394e+07 4.86863e+06 4.17494e+06 3.22827e+06 2.53448e+06 1.42708e+07 4.20174e+06 1.0069e+07
internal_count=26532 4165 2497 22367 3220 19147 18228 9323 8048 7409 3310 8905 2945 5960
cat_boundaries=0 1 2 3
cat_threshold=53 451 134
is_linear=0
shrinkage=0.03


Tree=354
num_leaves=15
num_cat=1
split_feature=12 11 13 3 16 14 16 14 12 11 0 16 14 12
split_gain=5770.92 9824.77 6256.8 12467.8 14654.2 12761.6 12188 11155.8 10912 12902.7 10000.8 9845.2 9775.49 9527.44
threshold=0.94365407296847026 0.9093237613342906 0.97151326773712088 1.0000000180025095e-35 0.06858641399137054 0.93768177000603836 0.055481574928382162 0.94902032388666524 1.0475322582993578 1.0201167971050777 0 0.079025595619747063 1.0076335494603559 1.0227473549302106
decision_type=2 2 2 2 2 2 2 2 2 2 1 2 2 2
left_child=-1 -2 3 4 5 -3 8 -5 9 -4 11 -8 -12 -11
right_child=1 2 6 7 -6 -7 10 -9 -10 13 12 -13 -14 -15
leaf_value=-0.00023343968426313473 0.00022028989479744087 -0.00014368720317682037 6.3446804957062583e-05 -0.00029249551619151524 0.00021302049195630666 0.00015528705302302867 -5.7562362623020027e-05 5.9146662817117922e-05 0.00037192734150742253 2.1743695744981855e-05 -9.7658926304522919e-05 0.00021329713814502554 -7.7816768597064217e-06 -0.00033653291310501327
leaf_weight=1225253.8962506056 1606319.7363154888 1651944.57766366 1915029.3972226381 1292543.9699771404 2322164.9963989258 2250957.3629193306 2999107.9317626953 1757665.0199815035 933905.41520571709 1132027.2712286711 4881073.9565038681 1654872.0489807129 2822495.429497242 737897.7679977417
leaf_count=1491 1266 2002 2752 1625 1086 2267 2795 2209 1709 1788 1863 1282 1225 1089
internal_value=0.00016491 0.000253226 0.000114377 0.000741609 0.00151153 0.000388778 -0.000226312 -0.000829696 0.00107068 0.000354083 -0.000721583 0.000376425 -0.00138492 -0.0014185
internal_weight=2.91833e+07 2.7958e+07 2.63517e+07 9.27528e+06 6.22507e+06 3.9029e+06 1.70764e+07 3.05021e+06 4.71886e+06 3.78495e+06 1.23575e+07 4.65398e+06 7.70357e+06 1.86993e+06
internal_count=26449 24958 23692 9189 5355 4269 14503 3834 7338 5629 7165 4077 3088 2877
cat_boundaries=0 1
cat_threshold=227
is_linear=0
shrinkage=0.03


Tree=355
num_leaves=15
num_cat=2
split_feature=16 16 16 0 2 10 2 10 9 2 10 11 11 0
split_gain=11925.1 9290 8371.11 9652.71 8352.87 21822.6 7285.36 7615.69 7156.76 9551.28 23645.3 42797.5 22972.9 19911.5
threshold=0.081308984922925889 0.077091071773349881 0.066900352591049719 0 1.5000000000000002 1.0414760349388581 5.5000000000000009 1.042224977287155 71.500000000000014 2.5000000000000004 1.022958258627247 0.99677933585499845 1.0275274932361529 1
decision_type=2 2 2 1 2 2 2 2 2 2 2 2 2 1
left_child=1 2 6 -4 -2 -6 8 -8 -1 10 11 -10 13 -11
right_child=4 -3 3 -5 5 -7 7 -9 9 12 -12 -13 -14 -15
leaf_value=0.00040568019857636656 4.3031736704408125e-05 0.00014154650659245537 -2.5653976984198331e-06 -0.00013535553995151187 -0.00020192170379227766 6.2967816987989205e-05 -0.00067601324555771538 0.00014710798409065453 6.827678402816415e-05 -6.5550868883333739e-05 0.00012511863051543792 -0.00040342317350548632 -1.2114586588459532e-05 0.00041377127078122145
leaf_weight=944676.33046245575 2372061.5483398438 1788567.8604917526 2263621.7933044434 2759497.9450137615 2547973.6217179298 1907642.5854337215 512766.357614398 385788.61930477619 1731577.5634946823 1161302.4367640018 4808379.4487124681 1368905.2746845484 2661067.9697728157 1970520.3314504623
leaf_count=1011 982 1132 1116 1913 1285 1106 1281 1071 1853 1339 5138 1242 3683 2325
internal_value=0.00039897 0.000734097 0.000553761 -0.000510931 -0.000698377 -0.00146399 0.0008978 -0.00172427 0.00105866 0.000884536 0.000206653 -0.00183612 0.00181003 0.00355148
internal_weight=2.91843e+07 2.23567e+07 2.05681e+07 5.02312e+06 6.82768e+06 4.45562e+06 1.5545e+07 898555 1.46464e+07 1.37018e+07 7.90886e+06 3.10048e+06 5.79289e+06 3.13182e+06
internal_count=26477 23104 21972 3029 3373 2391 18943 2352 16591 15580 8233 3095 7347 3664
cat_boundaries=0 1 2
cat_threshold=152 262
is_linear=0
shrinkage=0.03


Tree=356
num_leaves=15
num_cat=1
split_feature=10 12 12 0 1 13 13 14 10 10 10 3 12 12
split_gain=7492.63 7913.31 10961 7688.71 12509.7 13400.2 17273.1 9429.28 9090.25 17441.3 12108.6 8619.63 12928.1 29553.3
threshold=0.82120607435980486 1.0375626961833271 1.0441643509458864 0 10.500000000000002 0.97151326773712088 1.022048550829594 0.91598565980149083 1.0241209016370267 1.0395588043783788 1.0545958361464314 1.5000000000000002 1.0039311402383728 1.013544279386674
decision_type=2 2 2 1 2 2 2 2 2 2 2 2 2 2
left_child=-1 3 -3 7 5 -5 -7 -2 -9 -10 -11 12 -6 -14
right_child=1 2 -4 4 11 6 -8 8 9 10 -12 -13 13 -15
leaf_value=-0.0003203429671191146 0.0002514524146070491 -0.00037609106089386677 -1.4724032881886646e-05 0.00028110212331295987 1.4295879988455956e-05 -6.5379553407868426e-05 0.00011356939567247231 0.00019239754033707486 -0.00019197152603283118 0.00033539633611773218 -5.6166870080426704e-05 0.00010264777908779503 -0.00038921039048478223 3.2762121538972031e-06
leaf_weight=1444798.6611572504 1368976.6723257303 968713.48776578903 5804381.1702250242 1313822.120691061 3286541.9411315918 1241840.1765584946 1497745.8381983042 2531956.6198729277 1267142.9169772863 894260.15012192726 1609703.7384805679 1940279.7919635773 1898942.4383621216 2213276.0951004028
leaf_count=1678 1607 974 6114 1443 1743 714 1529 2914 1024 869 2023 1662 1029 1208
internal_value=1.38513e-05 0.000123177 -0.000768826 0.000409993 -2.38162e-05 0.00136792 0.000173401 0.00116726 0.000677109 -0.000256418 0.00119494 -0.000627868 -0.0010946 -0.00221569
internal_weight=2.92824e+07 2.78376e+07 6.77309e+06 2.10645e+07 1.33924e+07 4.05341e+06 2.73959e+06 7.67204e+06 6.30306e+06 3.77111e+06 2.50396e+06 9.33904e+06 7.39876e+06 4.11222e+06
internal_count=26531 24853 7088 17765 9328 3686 2243 8437 6830 3916 2892 5642 3980 2237
cat_boundaries=0 1
cat_threshold=234
is_linear=0
shrinkage=0.03


Tree=357
num_leaves=15
num_cat=2
split_feature=16 0 11 16 2 9 16 14 11 13 12 11 13 0
split_gain=7233.76 5016.64 17536.3 11714.9 10172 12603.3 15075.8 10485.1 15490 10368.2 5413.48 21409 11459.4 11929.2
threshold=0.091212508674444179 0 0.94582335825913144 0.077091071773349881 2.5000000000000004 89.500000000000014 0.071352669705052593 1.0053660075542854 1.028352128358649 1.049277731002584 0.98705230107501618 0.9333166076352869 0.98749970395885911 1
decision_type=2 1 2 2 2 2 2 2 2 2 2 2 2 1
left_child=1 3 -3 10 7 -6 9 8 -4 -7 11 -1 -12 -14
right_child=-2 2 4 -5 5 6 -8 -9 -10 -11 12 -13 13 -15
leaf_value=-0.00012435958712888714 -7.3384883436064985e-05 -0.00031956340822251387 0.00028311934139628773 0.00012258854734323459 -0.00023133076294292102 0.00050739129274115569 -1.8256452393367263e-05 -0.00023958071627846366 -9.3683246282083422e-05 8.7580441267040511e-05 6.7954552473771857e-05 0.00017322598095729811 -5.2401093186548432e-05 -0.00011979982578341334
leaf_weight=1064625.6218537092 2823800.6684587002 1760489.9649699926 1382862.5002486706 3242966.2596035004 971476.8220500946 1565736.3960009813 1602759.1211242676 1450042.1727100611 2183811.2862520218 942969.24854028225 3946897.8065277338 999503.53090846539 1365851.8802918196 3955267.1084178686
leaf_count=1171 1319 1744 1034 1733 1029 2032 1097 1414 1784 1397 4491 1001 2088 3289
internal_value=0.000266073 0.000420243 -3.78959e-05 0.000793042 0.000443728 0.00138958 0.00211572 -0.000514608 0.000359887 0.00356774 0.000338055 0.00172746 2.86135e-05 -0.000879909
internal_weight=2.92591e+07 2.64353e+07 1.18601e+07 1.45751e+07 1.00997e+07 5.08294e+06 4.11146e+06 5.01672e+06 3.56667e+06 2.50871e+06 1.13321e+07 2.06413e+06 9.26802e+06 5.32112e+06
internal_count=26623 25304 11531 13773 9787 5555 4526 4232 2818 3429 12040 2172 9868 5377
cat_boundaries=0 1 2
cat_threshold=307 34
is_linear=0
shrinkage=0.03


Tree=358
num_leaves=15
num_cat=3
split_feature=14 0 1 0 0 1 14 13 12 2 13 14 12 11
split_gain=6204.29 16598.6 6726.74 15732.9 13452.1 15395.8 12087.5 17179.7 17316.5 9092.6 10530.7 16832.5 16205.7 20173.3
threshold=1.0910846953073767 0 10.500000000000002 1 2 15.500000000000002 1.0145702483347725 0.9147419096993662 1.0213035412072564 1.0000000180025095e-35 0.93198138252653562 0.91058912034072559 0.99977566849591148 1.028352128358649
decision_type=2 1 2 1 1 2 2 2 2 2 2 2 2 2
left_child=2 -2 3 -1 5 -4 7 -5 -9 -6 11 -11 -12 -14
right_child=1 -3 4 6 9 -7 -8 8 -10 10 12 -13 13 -15
leaf_value=-0.00024023242988471973 0.00074134879271667482 -9.4410867446010474e-05 0.00037936421398956823 0.0003332129392674944 6.2387410024168953e-05 -2.2067044042276662e-05 0.00026448445586792321 -7.2483714966221864e-05 0.00010802614209884604 -0.00029709443114740399 -0.00025500982355040089 0.00012421870191906678 2.4754404995671992e-05 -0.00017304346337385369
leaf_weight=1173734.1627241373 782882.05573785305 944678.55757498741 1559772.075012207 1178075.121715188 2647055.7367858887 2037850.1293029785 1796159.2975529432 2585333.5784182549 1686417.112002492 1129024.6935076714 2534609.675699234 1828310.0625517368 3628973.1991157532 3603907.5736484528
leaf_count=1592 1954 1939 1221 1649 1816 1909 1669 1996 1358 967 1745 1679 2167 2870
internal_value=0.000106469 0.00185016 -3.51305e-06 0.000702175 -0.000316737 0.00133463 0.00122411 0.000520677 -0.00036387 -0.000703222 -0.001036 0.000532429 -0.00151088 -0.000787506
internal_weight=2.91168e+07 1.72756e+06 2.73892e+07 8.41972e+06 1.89695e+07 3.59762e+06 7.24599e+06 5.44983e+06 4.27175e+06 1.53719e+07 1.27248e+07 2.95733e+06 9.76749e+06 7.23288e+06
internal_count=26531 3893 22638 8264 14374 3130 6672 5003 3354 11244 9428 2646 6782 5037
cat_boundaries=0 1 2 3
cat_threshold=181 34 66
is_linear=0
shrinkage=0.03


Tree=359
num_leaves=15
num_cat=0
split_feature=11 10 10 12 10 11 10 10 12 2 10 1 12 12
split_gain=8975.33 11920.9 9960.49 20861 11778.1 15271.7 10825.2 8846.72 10707 35024 29376 18408 26875.2 21952.4
threshold=0.86277403626205151 0.88066046847211721 0.98873969880633472 1.0081464412505341 1.0126286975463843 1.0001372609616839 1.0164263585506468 1.022958258627247 1.0227473549302106 1.0000000180025095e-35 1.0698983284546284 8.5000000000000018 1.0486212656590546 1.0475322582993578
decision_type=2 2 2 2 2 2 2 2 2 2 2 2 2 2
left_child=-1 -2 3 -3 5 -4 -6 -8 9 -9 -11 12 -10 -13
right_child=1 2 4 -5 6 -7 7 8 11 10 -12 13 -14 -15
leaf_value=0.00031635028705097952 -0.00022742611352929577 0.00028092552313348511 1.7503365637729673e-05 -0.00012238861284519483 0.00028116871765696596 -0.00030083690711920616 -0.00017327541484621415 0.00039452981420908949 0.00060149351978506735 -4.8070634882824921e-05 0.00046006803259626022 -0.00024547127615538402 -0.00010564232624506734 2.8926202292899151e-05
leaf_weight=1156871.0370533466 1480091.0619698763 2368251.7731659412 1457543.2579813004 1498442.2618182898 1130787.5816133022 1903412.2507597208 1431701.3241825104 1528464.559874177 678328.27751040459 5249423.7059861422 1565902.363142252 2858265.3318080902 925540.98128211498 4257557.8978706598
leaf_count=1321 1296 1788 1231 1573 883 1596 1064 1145 949 4281 1890 2190 1503 3960
internal_value=0.000334479 0.000228725 0.000373191 0.00178193 0.000136223 -0.00150475 0.000417241 0.000243026 0.00043308 0.00120131 0.000280843 -0.00030203 0.00260134 -0.000956435
internal_weight=2.94906e+07 2.83337e+07 2.68536e+07 3.86669e+06 2.29869e+07 3.36096e+06 1.9626e+07 1.84952e+07 1.70635e+07 8.34379e+06 6.81533e+06 8.71969e+06 1.60387e+06 7.11582e+06
internal_count=26670 25349 24053 3361 20692 2827 17865 16982 15918 7316 6171 8602 2452 6150
is_linear=0
shrinkage=0.03


Tree=360
num_leaves=15
num_cat=0
split_feature=12 11 14 14 1 12 10 14 13 11 12 11 12 2
split_gain=5636.91 10407.8 37163.9 7607.49 14902.4 11623.9 6766.68 10261.3 20250.8 17637.1 11975.9 11509.6 13369.5 8649.21
threshold=1.1119442343149464 1.1097774341648921 0.92523419366637816 1.0835609173153526 16.500000000000004 1.0142516549446432 1.0366124446983094 0.9086172557266351 0.88498575327715845 0.96938913150432404 1.0017672621402147 1.021968476268863 1.0062873681656186 1.0000000180025095e-35
decision_type=2 2 2 2 2 2 2 2 2 2 2 2 2 2
left_child=1 3 -3 6 5 -5 7 -1 -9 -10 -11 12 -12 -8
right_child=-2 2 -4 4 -6 -7 13 8 9 10 11 -13 -14 -15
leaf_value=-0.00026350547300506424 0.00014442607304715458 0.0002253245449670039 -0.0003752050540080246 -0.00073216621104160457 0.00069751280840014084 0.00018007062265342651 0.00015096176456275121 0.00027828023614775619 -0.00020740680932591088 8.2549894649343159e-05 -0.00017416781170227039 0.00010198948419554911 -1.219133391230575e-05 9.1954035564872022e-06
leaf_weight=1518110.7114757299 1633197.6788915396 981071.87890970707 1469429.0785993338 588740.20996904373 615904.69623947144 538830.42629516125 1853045.7525298595 1632549.366407752 2025303.3298462629 2318325.431432724 1796863.9204279184 1935706.2279158831 2586976.8777043819 7798279.1027673483
leaf_count=1736 1572 1146 1710 1299 1183 1143 1351 1546 1469 1598 1084 1467 1786 6516
internal_value=5.18254e-05 -4.93012e-05 -0.0019158 0.000132139 0.00204407 -5.80761e-06 -9.91792e-06 -0.000435745 -0.000148442 -0.000624824 -3.40335e-05 -0.000710609 -0.00156136 0.000599564
internal_weight=2.92923e+07 2.76591e+07 2.4505e+06 2.52086e+07 1.74348e+06 1.12757e+06 2.34652e+07 1.38138e+07 1.22957e+07 1.06632e+07 8.63787e+06 6.31955e+06 4.38384e+06 9.65132e+06
internal_count=26606 25034 2856 22178 3625 2442 18553 10686 8950 7404 5935 4337 2870 7867
is_linear=0
shrinkage=0.03


Tree=361
num_leaves=15
num_cat=3
split_feature=0 16 10 0 16 12 11 10 12 0 13 10 10 11
split_gain=11231.6 16330.9 12987 27578.6 11799.2 10219.5 19099.4 14073.1 16774.6 11190.5 11155.9 10785.7 25234.9 12387.1
threshold=0 0.071352669705052593 0.90372711552493334 1 0.063220076633974567 1.0039311402383728 1.0034761733181858 1.0540730195893848 0.99977566849591148 2 0.97151326773712088 1.0545958361464314 1.0257916065140924 1.0835588179141922
decision_type=1 2 2 1 2 2 2 2 2 1 2 2 2 2
left_child=1 4 3 -2 -1 7 -7 8 -4 10 -8 12 -11 -13
right_child=2 -3 5 -5 -6 6 9 -9 -10 11 -12 13 -14 -15
leaf_value=-4.4418204340657595e-05 0.00055589328671644509 -0.00012764465131980684 -6.0217709126189148e-05 -0.00012785557428196155 0.00022271994499755091 -0.00040408241272769333 0.00040130689437152664 0.00029707114775880816 0.00013946600951383325 -8.6303132071318512e-05 3.822537078131614e-05 -0.00027017723230500918 0.00015236283528210248 -6.6252511753644532e-06
leaf_weight=4123023.6369372606 1017841.6063090563 3246832.8010253906 2352187.5197062492 908960.50038087368 1668068.4615478516 1278346.6020516157 1187269.8490823507 1340250.4511137009 1440138.9381703138 2141598.1036531925 2336072.49794662 1733770.4974361658 1812353.5437291861 2668190.4996402264
leaf_count=4086 973 1279 2110 1160 757 1318 1537 1440 1135 1739 2449 1685 1523 3260
internal_value=0.00020073 -0.000678425 0.000593753 0.00293641 0.000276439 0.000346963 -9.59379e-05 0.00148236 0.000548487 0.000279011 0.00169699 -0.000318894 0.000818355 -0.0013404
internal_weight=2.92549e+07 9.03792e+06 2.0217e+07 1.9268e+06 5.79109e+06 1.82902e+07 1.31576e+07 5.13258e+06 3.79233e+06 1.18793e+07 3.52334e+06 8.35591e+06 3.95395e+06 4.40196e+06
internal_count=26451 6122 20329 2133 4843 18196 13511 4685 3245 12193 3986 8207 3262 4945
cat_boundaries=0 1 2 3
cat_threshold=12 145 320
is_linear=0
shrinkage=0.03


Tree=362
num_leaves=15
num_cat=2
split_feature=14 0 11 10 16 10 2 14 10 14 0 11 10 2
split_gain=8891.88 19719 15770.2 14406.2 10100.5 8826.64 10864.3 10616.1 15596.2 23581.5 15954.4 11238.4 8697.71 8687.38
threshold=0.87740810827334437 0 1.0323118499713326 0.82120607435980486 0.082905232067444642 0.90372711552493334 4.5000000000000009 1.0483155198285588 1.0449516634702618 1.0040161470337263 1 1.0001372609616839 1.0190343363474577 2.5000000000000004
decision_type=2 1 2 2 2 2 2 2 2 2 1 2 2 2
left_child=1 -1 -3 -2 5 -5 7 8 10 -10 -7 -12 -9 -13
right_child=3 2 -4 4 -6 6 -8 12 9 -11 11 13 -14 -15
leaf_value=-0.0003646692633790669 -0.00035566036745448301 0.00026537140364308904 -0.0073911013270793044 0.00028298913793458469 -4.2452423861958017e-05 0.00041933861979145265 0.0002166777894507742 -0.00029601436834031885 3.7431088654113728e-05 -0.00034134745999882184 0.0001034245887828579 -7.6512384433039291e-05 2.1648897962786119e-05 9.1344001466339838e-05
leaf_weight=1011594.9449578524 1179540.2413654327 886816.91279006004 1721024.808285594 1120111.2614971399 4857603.826351881 1838466.3337750435 3359715.16580832 1111761.2511036396 4199021.4606040716 1286984.003915906 1600512.5863499641 2342947.6953603029 1129614.8744204044 1580408.7438263893
leaf_count=772 1422 1080 1894 954 2353 1362 5152 1420 3484 1161 1136 1554 1866 1021
internal_value=0.000242395 -0.00114944 0.000229697 0.000439128 0.000595493 0.000899425 0.000742436 0.000398925 0.000731277 -0.000479564 0.00163353 0.000827847 -0.00150623 -3.64268e-05
internal_weight=2.92261e+07 3.61944e+06 2.60784e+06 2.56067e+07 2.44271e+07 1.95695e+07 1.84494e+07 1.50897e+07 1.28483e+07 5.48601e+06 7.36234e+06 5.52387e+06 2.24138e+06 3.92336e+06
internal_count=26631 3746 2974 22885 21463 19110 18156 13004 9718 4645 5073 3711 3286 2575
cat_boundaries=0 1 2
cat_threshold=272 70
is_linear=0
shrinkage=0.03


Tree=363
num_leaves=15
num_cat=0
split_feature=13 16 11 13 3 13 10 11 12 10 12 14 13 13
split_gain=8257.75 18671 10493.9 8605.37 8376.37 13324.2 12575.8 18081.2 18105.3 18150.9 24072.4 32353.8 15634.6 9521.01
threshold=1.0537640100323544 0.052673485965430346 1.0631792722561391 1.0927235821103629 1.5000000000000002 0.85475158385952577 1.1267163222885357 1.0486312805951197 1.024112885485482 1.0366124446983094 1.0077918519281821 0.9566951877467208 0.98256730329069908 0.97914387632358701
decision_type=2 2 2 2 2 2 2 2 2 2 2 2 2 2
left_child=4 -2 3 -3 6 -6 7 8 9 10 11 -1 -9 -13
right_child=1 2 -4 -5 5 -7 -8 12 -10 -11 -12 13 -14 -15
leaf_value=-0.00015210734526214991 0.00029106856256135743 -0.00032931803513128562 3.4129063076509176e-05 -0.00012903148526922285 -0.00087185099770102842 -4.2193108870250584e-05 0.00021735799103333477 2.440334414735958e-07 0.00030913785623275328 0.00019564977599497273 -0.00015748471231063485 0.00025736343950657706 -0.00044858184177461072 2.3557273940134338e-05
leaf_weight=2028062.6350692511 1729511.0305120945 1720512.8809814453 1798666.5602390766 2036388.0785365105 812540.93826854229 3082361.9829019308 2475450.9743875265 1818627.3112316132 1719951.3000575304 2620194.0534105301 1948087.4515378475 1907165.1167789698 1366904.57087183 2240842.6789791584
leaf_count=1490 4401 906 1370 1476 1506 3691 2234 1704 1314 1725 1272 1308 909 1193
internal_value=0.000330796 -0.000544738 -0.00139213 -0.0022943 0.000620454 -0.000641759 0.000891688 0.000577407 0.00109292 0.000635452 -6.48064e-05 0.000852343 -0.00143967 0.00237061
internal_weight=2.93053e+07 7.28508e+06 5.55557e+06 3.7569e+06 2.20202e+07 3.8949e+06 1.81253e+07 1.56498e+07 1.24643e+07 1.07444e+07 8.12416e+06 6.17607e+06 3.18553e+06 4.14801e+06
internal_count=26499 8153 3752 2382 18346 5197 13149 10915 8302 6988 5263 3991 2613 2501
is_linear=0
shrinkage=0.03


Tree=364
num_leaves=15
num_cat=2
split_feature=1 0 16 10 10 13 0 10 14 1 2 13 13 10
split_gain=9444.4 17600.2 14086.8 11494.2 12228.4 13062.7 9831.58 12382.5 7237.09 6949.98 18623 10255 13123.8 10248.7
threshold=10.500000000000002 0 0.0862256971107183 1.0862148502590399 0.98873969880633472 1.0331604709699025 1 1.0557838013323353 1.0046522558627082 15.500000000000002 1.0000000180025095e-35 0.98036236086411988 0.92014045549806467 1.0821230818239316
decision_type=2 1 2 2 2 2 1 2 2 2 2 2 2 2
left_child=1 3 6 4 -1 -6 7 -2 -3 11 -11 12 -8 -12
right_child=2 8 -4 -5 5 -7 9 -9 -10 10 13 -13 -14 -15
leaf_value=-0.017775046605450984 0.00062378809865063802 1.3478623912206108e-05 -0.00019814643847469626 0.00029832368776050921 -4.5485593842814694e-05 0.00018413771637406024 -0.00011382074228772044 -7.8557798525228769e-05 -0.00040874872715155344 0.00032409966949521567 -5.7958911910151689e-05 -0.0001275688808887379 0.0001706255871310805 0.00016741899134403674
leaf_weight=1282747.4363336563 1342216.0247285366 1526962.8318401575 2342389.6556692123 1205649.4935903549 2628203.7354370356 1350947.8687841892 1557493.0635689497 1049450.0792062283 935945.46352636814 1346696.3612670898 5364821.803832531 4153638.8811817169 1568385.8194389343 1580904.0149056911
leaf_count=1182 1633 2331 1347 1236 2151 1384 1089 1440 1880 1065 4511 2558 948 1757
internal_value=0.000388641 0.0012017 3.10634e-05 0.00202356 0.00141818 0.000597049 0.000316394 0.00210723 -0.000956484 4.13413e-05 0.000635158 -0.000635101 0.000662873 9.14722e-06
internal_weight=2.92365e+07 8.93046e+06 2.0306e+07 6.46755e+06 5.2619e+06 3.97915e+06 1.79636e+07 2.39167e+06 2.46291e+06 1.55719e+07 8.29242e+06 7.27952e+06 3.12588e+06 6.94573e+06
internal_count=26512 10164 16348 5953 4717 3535 15001 3073 4211 11928 7333 4595 2037 6268
cat_boundaries=0 1 2
cat_threshold=285 34
is_linear=0
shrinkage=0.03


Tree=365
num_leaves=15
num_cat=1
split_feature=1 10 0 13 14 12 13 13 16 11 10 10 11 16
split_gain=11619.6 43166.4 61273.8 16173.5 15993.6 23173.8 12770.3 11378.1 16762 10493.6 10382.6 10285 18958.8 16937.8
threshold=10.500000000000002 0.98873969880633472 0 0.91268825598462422 1.0196496910063175 1.0213035412072564 0.82337158696090029 1.0211421444906525 0.052405859868383246 0.96092504511688037 0.99547996673316497 1.0449516634702618 1.0772328324987346 0.065800905902728843
decision_type=2 2 1 2 2 2 2 2 2 2 2 2 2 2
left_child=1 2 -1 -3 5 -5 -2 9 -9 -8 -11 13 -13 -12
right_child=6 3 -4 4 -6 -7 7 8 -10 10 11 12 -14 -15
leaf_value=0.0010629042544874846 -0.00030750995304634017 0.00028845971830594914 -7.4184138329001963e-06 -0.00013789278895033087 0.00014035489618817885 0.00011176634067839875 0.00022535501589024414 0.00025951203220777528 -8.7347650444322768e-05 -0.00012287548808810077 8.002735437935266e-06 -0.00015910464570315484 0.00018685965663531732 0.00026829436315614586
leaf_weight=912814.12729346752 1841709.2234016657 946645.74158406258 1000364.397030592 2608507.7392743826 1486733.4193245173 1933453.4727956057 1454583.6103215218 1464678.455801487 6179909.532251358 1420040.6513442993 2019782.3572993279 1975538.4679937363 2244243.6639325619 1722464.0511035919
leaf_count=879 1888 1887 1407 1980 2269 1698 1080 2537 4036 1068 1538 1293 2019 869
internal_value=0.000527889 0.00143262 0.00542456 0.000337719 -0.000234711 -0.00111876 0.000132193 0.000369589 -0.000516672 0.000994791 0.000627208 0.00104867 3.32849e-05 0.00219363
internal_weight=2.92115e+07 8.88852e+06 1.91318e+06 6.97534e+06 6.02869e+06 4.54196e+06 2.0323e+07 1.84812e+07 7.64459e+06 1.08367e+07 9.38207e+06 7.96203e+06 4.21978e+06 3.74225e+06
internal_count=26448 10120 2286 7834 5947 3678 16328 14440 6573 7867 6787 5719 3312 2407
cat_boundaries=0 1
cat_threshold=281
is_linear=0
shrinkage=0.03


Tree=366
num_leaves=15
num_cat=1
split_feature=11 16 11 11 0 11 2 12 14 11 11 11 16 11
split_gain=7619.77 11441.6 10657.7 10994.1 13051.8 20076 13702.9 19754.1 13440.2 13019.4 10595.1 25920.7 14588 10811.6
threshold=0.9093237613342906 0.065800905902728843 0.93688309830656225 0.96291343927101836 0 1.0149762260337312 1.5000000000000002 1.0175172891964588 0.97697811934750922 1.0023540593275329 1.0201167971050777 1.0346667605123312 0.06415793320176931 1.0481177777849275
decision_type=2 2 2 2 1 2 2 2 2 2 2 2 2 2
left_child=1 -1 -2 -4 5 9 -7 -8 -9 -5 -6 12 -12 -13
right_child=2 -3 3 4 10 6 7 8 -10 -11 11 13 -14 -15
leaf_value=-3.4621919186140351e-06 -0.00038736642285609941 0.00039865562510678349 0.00021128991046269745 -0.00020570337217245798 8.9576046137018384e-05 0.00023614562737436147 0.00021552213365576433 -9.2766742984007935e-05 -0.00071067852027260946 -0.0006858912603750452 -0.00040555621213234745 0.00011448535463936853 -6.5758727512013338e-06 3.1244690224271836e-05
leaf_weight=1202559.7874435186 1315742.6020522118 1122245.5047607422 1186630.5835170746 891167.56183052063 6824370.3440102339 1392092.6532748938 1010707.8634281158 715288.31622695923 759453.10542595387 820144.03463661671 1394473.2289658785 1734624.2542227507 1525072.0445251465 7220755.8903748989
leaf_count=1556 1171 646 1083 1243 4713 1463 1310 947 1168 929 1458 1374 653 6782
internal_value=0.000442611 0.00209012 0.000299645 0.00043563 0.000297876 -0.000974191 0.000220303 -0.00111439 -0.00332851 -0.00368072 0.000678072 0.000136724 -0.00231806 0.00093701
internal_weight=2.91153e+07 2.32481e+06 2.67905e+07 2.54748e+07 2.42881e+07 5.58885e+06 3.87754e+06 2.48545e+06 1.47474e+06 1.71131e+06 1.86993e+07 1.18749e+07 2.91955e+06 8.95538e+06
internal_count=26496 2202 24294 23123 22040 7060 4888 3425 2115 2172 14980 10267 2111 8156
cat_boundaries=0 1
cat_threshold=385
is_linear=0
shrinkage=0.03


Tree=367
num_leaves=15
num_cat=3
split_feature=1 10 0 13 14 0 14 13 16 14 2 1 0 14
split_gain=7316.88 39070.2 57258.7 18275.6 13641.3 11155.1 10392.6 10194.6 8927.39 8086.46 12494.9 7166.79 8138.24 6640.87
threshold=10.500000000000002 0.98873969880633472 0 0.8287670784289668 0.89563309043574801 1 1.0196496910063175 0.97709518418763774 0.083647491849291669 0.99544242365800772 1.5000000000000002 13.500000000000002 2 1.0525521510896121
decision_type=2 2 1 2 2 1 2 2 2 2 2 2 1 2
left_child=1 2 -1 -2 -3 -5 9 11 -9 10 -6 -7 -13 -8
right_child=3 4 -4 5 6 7 13 8 -10 -11 -12 12 -14 -15
leaf_value=0.00088544631952354382 -0.0003195676827825482 0.0001943080926753126 -4.6088689168599443e-05 0.00039772056397645002 6.8807435946168969e-05 -4.5327898747624149e-05 0.00010193497817775049 2.6486340802135272e-06 -0.00030256346794282684 -0.00020427563525763148 -7.9278221327463337e-05 0.00013641019951986377 6.5136308327544412e-05 -9.269072251122413e-05
leaf_weight=997537.40603971481 1905195.6765519381 1116311.9569426775 910011.21678686142 2001658.2149200439 1227239.037550807 1523870.4891967773 908846.40165746212 9005993.2949950695 1473120.4860794544 1182520.482645154 1944234.5310313702 1594975.018237114 2722415.0253105164 633662.89876329899
leaf_count=925 1959 1572 1318 1539 893 1097 825 7466 850 925 1894 842 2590 1836
internal_value=0.000525985 0.00124173 0.00504854 0.000210335 0.000206246 0.00050112 -0.000369457 0.000241879 -0.00031792 -0.0011191 -0.000329643 0.00124615 0.00187045 0.00174655
internal_weight=2.91476e+07 8.92036e+06 1.90755e+06 2.02272e+07 7.01282e+06 1.8322e+07 5.8965e+06 1.63204e+07 1.04791e+07 4.35399e+06 3.17147e+06 5.84126e+06 4.31739e+06 1.54251e+06
internal_count=26531 10188 2243 16343 7945 14384 6373 12845 8316 3712 2787 4529 3432 2661
cat_boundaries=0 1 2 3
cat_threshold=277 2 272
is_linear=0
shrinkage=0.03


Tree=368
num_leaves=15
num_cat=2
split_feature=10 10 2 0 11 12 11 16 11 11 12 10 11 0
split_gain=12790.5 17709.6 17404 17318.3 25275.4 9614.88 25152.6 12040.1 9124.6 7499.69 10710.2 18435.2 29296.2 7067.88
threshold=0.99896106769128634 1.0126286975463843 1.0000000180025095e-35 0 0.96938913150432404 0.98366571989275564 1.0125103192591238 0.065587605489676196 0.96422914078869548 1.021968476268863 1.0227473549302106 1.0658413189851337 1.0305996897562559 1
decision_type=2 2 2 1 2 2 2 2 2 2 2 2 2 1
left_child=2 -2 -1 8 -5 7 -7 -3 -4 -8 11 12 -11 -12
right_child=1 5 3 4 -6 6 9 -9 -10 10 13 -13 -14 -15
leaf_value=-9.1081875131392419e-05 -0.00020524220930427425 1.333826956641857e-05 0.00040819790932648283 -0.00027673419156589531 0.00028830613860114147 0.00048047443643573482 -8.1453521606114076e-05 -0.00017805326116951138 9.4029506047710724e-05 0.00023898238366326668 -0.00019843243666288883 0.00043328702520917169 -0.00026850390142908449 2.4927096262905962e-05
leaf_weight=1322602.1005585194 1824646.6993682384 1363134.3638716936 1292781.6936080456 1785682.5008647442 2272789.9173157215 1113886.3735905886 2787170.5538532734 1346452.975769043 1193968.9955587387 1389037.6710036993 2527017.72803092 1238389.0796766281 1673101.4964058399 6188136.178062439
leaf_count=1005 1692 1546 1216 1792 2143 964 2056 671 873 1034 2002 1382 1580 6632
internal_value=0.000300796 -7.86908e-05 0.00133543 0.0019697 0.000761748 0.000184138 0.000449884 -0.00147499 0.0039411 0.000142764 0.000445193 0.00167027 0.00042116 -0.000159326
internal_weight=2.93188e+07 2.1451e+07 7.86783e+06 6.54522e+06 4.05847e+06 1.96263e+07 1.69167e+07 2.70959e+06 2.48675e+06 1.58029e+07 1.30157e+07 4.30053e+06 3.06214e+06 8.71515e+06
internal_count=26588 19559 7029 6024 3935 17867 15650 2217 2089 14686 12630 3996 2614 8634
cat_boundaries=0 1 2
cat_threshold=305 10
is_linear=0
shrinkage=0.03


Tree=369
num_leaves=15
num_cat=1
split_feature=11 0 12 11 11 1 12 3 12 12 13 11 11 12
split_gain=10069.9 14090.3 16754.6 17311.9 32643.1 16003.4 13855.2 25190.9 13197.3 10239.7 9617.1 12434.9 9350.79 13064.9
threshold=0.86277403626205151 0 1.0039311402383728 0.96883901988821342 1.0204143974676605 17.500000000000004 1.0045628678959269 1.0000000180025095e-35 1.0486212656590546 1.0488857053949088 0.94517225317123277 1.0280500500846799 1.0486312805951197 1.0147104157921063
decision_type=2 1 2 2 2 2 2 2 2 2 2 2 2 2
left_child=-1 6 3 -3 -5 12 7 -2 -7 10 -8 -12 13 -4
right_child=1 2 5 4 -6 8 9 -9 -10 -11 11 -13 -14 -15
leaf_value=0.00042987981759183249 -3.4406231663819613e-05 -2.5373963201816303e-05 1.3066190651334758e-05 0.00035163729890784972 -4.5308300418398173e-05 -0.00032470353865832739 -0.00010787004736390895 -0.00059665066786053543 1.2398600708948374e-05 -0.00018449579049247236 0.00038065478754586388 -4.1075056741571942e-06 -9.0602488496405989e-06 0.00024258917075320067
leaf_weight=1150056.3129607439 2857423.7720592022 1695266.5610978603 2557690.0260663033 1981252.8931573629 1172819.6583518982 1946841.8632309437 1460864.602499485 1542224.2377259731 857345.40210032463 1660963.37088871 1835869.4555175304 1973405.1548867226 4455754.6738343239 2102104.4386453629
leaf_count=1286 1878 1408 1877 1792 1058 2320 1227 1532 1235 1352 1352 1371 4849 2074
internal_value=0.00036022 0.000247609 0.00079982 0.00228653 0.00360065 0.000194978 -0.000569641 -0.00188635 -0.00178692 0.000266165 0.000913507 0.00170713 0.000804664 0.00174424
internal_weight=2.92499e+07 2.80998e+07 1.67691e+07 4.84934e+06 3.15407e+06 1.19197e+07 1.13308e+07 4.39965e+06 2.80419e+06 6.9311e+06 5.27014e+06 3.80927e+06 9.11555e+06 4.65979e+06
internal_count=26611 25325 16613 4258 2850 12355 8712 3410 3555 5302 3950 2723 8800 3951
cat_boundaries=0 1
cat_threshold=268
is_linear=0
shrinkage=0.03


Tree=370
num_leaves=15
num_cat=2
split_feature=0 12 11 11 11 12 14 12 11 2 13 0 14 12
split_gain=5651.18 23364.1 18630.3 28891.6 21221.7 22754.1 19843.8 15271 12506.1 23432.4 11462.6 16291.8 14299.6 18635.6
threshold=0 1.0036740155255537 0.96422914078869548 0.9255113813882313 0.98927509523083523 1.0015572315294419 0.98274709543048233 0.98613925267429281 1.0099514182531915 1.5000000000000002 0.97709518418763774 1 0.9776759709218189 1.0097830404500538
decision_type=1 2 2 2 2 2 2 2 2 2 2 1 2 2
left_child=1 7 3 -2 -4 6 -6 -1 -3 -10 -7 -12 -13 -14
right_child=2 8 4 -5 5 10 -8 -9 9 -11 11 12 13 -15
leaf_value=-2.8228641720753415e-05 1.3919459672664356e-05 0.00040105029524995975 -0.00040448584785809948 0.00018852464336752394 -0.00043543493264921345 5.903693395894553e-05 0.00053451190415637487 -0.0003305383679301853 -0.00035157658560268324 0.00020087262887060801 0.00018333474467051755 -0.0001893264771038398 -0.00019360763164930742 7.4706177213789459e-05
leaf_weight=2169250.2675896883 1695403.1203150749 1141413.2087072134 1147023.5158929825 1596814.5960565805 1077597.6134521961 4609185.1837825775 1076984.3759237528 1535658.2645013332 1708270.974927187 3436936.9117157459 2601449.4731293917 1730456.3456395864 1619823.3325585127 2273548.1573121548
leaf_count=1762 1841 1090 1195 1344 934 4609 1086 1153 1427 3383 2610 1314 908 2009
internal_value=0.000532097 -4.76955e-05 0.000830271 0.00288696 0.000410648 0.00071161 0.00356441 -0.00193742 0.00106598 0.000435761 0.000232697 -0.000438441 -0.00134652 -0.000338
internal_weight=2.94198e+07 9.99153e+06 1.94283e+07 3.29222e+06 1.61361e+07 1.4989e+07 2.15458e+06 3.70491e+06 6.28662e+06 5.14521e+06 1.28345e+07 8.22528e+06 5.62383e+06 3.89337e+06
internal_count=26665 8815 17850 3185 14665 13470 2020 2915 5900 4810 11450 6841 4231 2917
cat_boundaries=0 1 2
cat_threshold=44 66
is_linear=0
shrinkage=0.03


Tree=371
num_leaves=15
num_cat=3
split_feature=10 0 13 12 10 12 16 13 13 0 2 0 12 10
split_gain=12912.8 37976.9 11855.1 6474.7 16226.4 14680.9 17903.8 13212 7653.58 18265.4 22886 16086.1 12117.2 11219.8
threshold=0.90372711552493334 0 0.88176976260555062 1.0015572315294419 0.99547996673316497 0.98366571989275564 0.067917422196572541 1.0331604709699025 0.97914387632358701 1 2.5000000000000004 2 1.0131860351239512 1.0404380744152888
decision_type=2 1 2 2 2 2 2 2 2 1 2 1 2 2
left_child=1 -1 -3 5 -5 6 -2 -7 9 10 -6 -10 -13 -14
right_child=3 2 -4 4 8 7 -8 -9 11 -11 -12 12 13 -15
leaf_value=0.00056026736860032261 0.00011798731506533006 0.00042107978498519624 -0.00041609951073869034 -0.0002303553747463338 0.00029717306586805859 0.00029554297921986533 -0.00019425478379985384 -1.381775391837169e-05 -8.4594531414546777e-05 -2.1188023433932632e-05 -2.6527130559266291e-05 0.00038847204795456513 -0.00029699927946983827 9.3404473271107934e-05
leaf_weight=1111048.5688208342 1724443.7795436382 1002337.7097984552 1102931.5770611763 2151331.5267312527 1428377.1187194586 2303070.3138902187 1347560.7967529297 1281000.5282822847 5012673.8582321405 3790726.5596034527 1191743.6809151173 1011528.2386848927 1024557.1216863394 3931287.6032521725
leaf_count=915 1923 938 1162 2013 1056 1863 675 1249 3390 4193 1225 906 929 4143
internal_value=0.00052963 0.00232357 -4.46269e-05 0.000309392 3.41487e-05 0.00111751 -0.000404322 0.0024219 0.000338194 0.00116183 0.00308793 -0.000142699 0.000909716 0.000298971
internal_weight=2.94146e+07 3.21632e+06 2.10527e+06 2.61983e+07 1.95422e+07 6.65608e+06 3.072e+06 3.58407e+06 1.73909e+07 6.41085e+06 2.62012e+06 1.098e+07 5.96737e+06 4.95584e+06
internal_count=26580 3015 2100 23565 17855 5710 2598 3112 15842 6474 2281 9368 5978 5072
cat_boundaries=0 1 2 3
cat_threshold=273 336 273
is_linear=0
shrinkage=0.03


Tree=372
num_leaves=15
num_cat=2
split_feature=1 10 0 16 16 0 10 10 10 14 14 2 14 13
split_gain=20441.5 50103.4 72383.7 20023.1 12081.4 10387.6 13214.8 9652.17 9381.61 7895.46 11904.3 9814.92 6298.01 17307.1
threshold=10.500000000000002 0.98873969880633472 0 0.08093095206115429 0.077091071773349881 1 1.0557838013323353 1.1163582065134401 0.99120826366094161 1.0204456354754894 0.99203730825741332 1.5000000000000002 0.95200873542585163 0.91846934119704582
decision_type=2 2 1 2 2 1 2 2 2 2 2 2 2 2
left_child=1 2 -1 4 5 6 8 9 -2 10 11 -3 13 -7
right_child=3 7 -4 -5 -6 12 -8 -9 -10 -11 -12 -13 -14 -15
leaf_value=0.0010539150994069476 0.00026373666140675866 9.2206627082590083e-05 -1.302078969585454e-05 -0.00010345185352448485 0.00016336620921941528 -0.00012015721586173948 -5.9821720288178266e-05 0.0001907349647364963 0.00079361737714608903 0.00010468901571015922 -0.00020963725341240121 -5.8815258025339246e-05 -4.2970054971840085e-05 0.00017267945834041848
leaf_weight=1000325.4709692001 776948.41212272644 1199623.9897177219 910708.97002983093 4674076.561255455 1479289.9663591385 1448531.4857828617 1245834.9170842171 1562923.9189066887 714430.75061416626 1263236.735711813 1206133.2396593094 1822997.5384539366 8093206.8816384077 2023464.3178091049
leaf_count=894 1113 1021 1323 2554 963 1149 2018 2061 1071 2022 870 1968 6085 1419
internal_value=0.00052575 0.00172016 0.00602908 2.23037e-06 0.000513029 0.000246082 0.00190794 0.000552961 0.00381311 -3.8999e-05 -0.000660699 0.000344778 -0.000147244 0.000921607
internal_weight=2.94217e+07 8.96595e+06 1.91103e+06 2.04558e+07 1.57817e+07 1.43024e+07 2.73721e+06 7.05492e+06 1.49138e+06 5.49199e+06 4.22875e+06 3.02262e+06 1.15652e+07 3.472e+06
internal_count=26531 10159 2217 16372 13818 12855 4202 7942 2184 5881 3859 2989 8653 2568
cat_boundaries=0 1 2
cat_threshold=277 162
is_linear=0
shrinkage=0.03


Tree=373
num_leaves=15
num_cat=2
split_feature=1 10 0 10 2 2 1 13 0 12 11 10 11 12
split_gain=9449.04 32970.1 79320.7 13588.7 12538.5 13800.6 10508.4 12230 7899.72 22747.2 20391.2 23133.3 14597.7 12734.8
threshold=10.500000000000002 0.98873969880633472 0 1.0749025674603707 1.5000000000000002 3.5000000000000004 8.5000000000000018 1.0028137887283501 1 0.99528009571186626 1.0198976407657574 1.013600680214118 1.0308370703839311 1.0375626961833271
decision_type=2 2 1 2 2 2 2 2 1 2 2 2 2 2
left_child=1 2 -1 4 -3 -6 7 -5 10 -10 11 -2 -12 -11
right_child=8 3 -4 6 5 -7 -8 -9 9 13 12 -13 -14 -15
leaf_value=0.00095663372942303253 7.2090957976607501e-05 -0.0078695597524983917 -0.00019136213540678961 0.00045774107668902179 -0.00021082211285482875 2.1378861676215482e-05 -3.7223830332541493e-05 8.1789852815711996e-05 -0.00030432679574410039 0.00011305098164138258 -0.00036865734508095306 0.00035574235115451246 8.6992714460021987e-06 -0.00012691228553444786
leaf_weight=1004363.6576406956 3139296.300611496 1677961.2670269012 921753.85575819016 668370.8993178606 1548931.0019723177 1333044.4935216904 955376.94203317165 770904.62190115452 2950000.9032974243 4489314.7380237579 1093298.0667095184 1721696.4863610268 4518014.0591740608 2394450.7670623064
leaf_count=929 2703 1413 1339 1176 1347 1999 787 1178 2148 3170 657 1258 4525 1925
internal_value=0.000577141 0.00139337 0.00486674 0.000431395 -0.00052959 -0.00172995 0.00226132 0.00388046 0.00022017 -0.000390456 0.000793564 0.00221587 -0.000438553 0.000554091
internal_weight=2.91868e+07 8.88071e+06 1.92612e+06 6.95459e+06 4.55994e+06 2.88198e+06 2.39465e+06 1.43928e+06 2.03061e+07 9.83377e+06 1.04723e+07 4.86099e+06 5.61131e+06 6.88377e+06
internal_count=26554 10168 2268 7900 4759 3346 3141 2354 16386 7243 9143 3961 5182 5095
cat_boundaries=0 1 2
cat_threshold=277 179
is_linear=0
shrinkage=0.03


Tree=374
num_leaves=15
num_cat=0
split_feature=1 2 11 12 12 1 12 16 16 16 16 2 11 12
split_gain=35506.3 45735.9 20780.1 16681.3 16737.8 15429.7 19399.2 14547.2 10258 9839.51 7003.86 7595.55 5699.63 9812.87
threshold=10.500000000000002 1.5000000000000002 1.0486312805951197 0.99055910426597582 1.0213035412072564 8.5000000000000018 1.0441643509458864 0.081308984922925889 0.069040338539711726 0.079025595619747063 0.066413331616518564 4.5000000000000009 1.1240227698648033 1.0222447880274059
decision_type=2 2 2 2 2 2 2 2 2 2 2 2 2 2
left_child=1 2 -1 -3 8 6 -6 9 -5 10 12 -12 13 -2
right_child=7 3 -4 4 5 -7 -8 -9 -10 -11 11 -13 -14 -15
leaf_value=0.00040459183613581585 5.2061266738927057e-05 0.00028765774709559191 9.2022721663625025e-05 -4.461409481739498e-05 -0.0025325989579604467 -0.0001362410988149106 -0.034678229990790413 -0.00010183056398369482 -0.00025989647169862712 0.00014750346174541754 -9.7644035090227858e-05 2.6300128306469032e-05 0.00027497950920215837 -8.8970116103725128e-05
leaf_weight=2161905.4480230808 7112699.589925766 1138052.5653345585 1105326.0739939213 1435842.1150943041 600475.05019915104 814890.71926701069 624366.52981209755 4546220.4033132792 940090.25451660156 1152515.2523727417 1998021.8180541992 1513851.392370224 1218260.6115086079 2909361.3342654705
leaf_count=1859 6444 1552 1147 2375 950 679 1181 2513 403 669 1096 1327 1451 2943
internal_value=0.000582185 0.0021731 0.0049895 0.000516223 -0.000318471 0.00167497 0.00380322 -0.000104014 -0.00202983 0.000323763 0.000115198 -0.00105425 0.000480575 0.000245045
internal_weight=2.92719e+07 8.82095e+06 3.26723e+06 5.55372e+06 4.41566e+06 2.03973e+06 1.22484e+06 2.04509e+07 2.37593e+06 1.59047e+07 1.47522e+07 3.51187e+06 1.12403e+07 1.00221e+07
internal_count=26589 10146 3006 7140 5588 2810 2131 16443 2778 13930 13261 2423 10838 9387
is_linear=0
shrinkage=0.03


Tree=375
num_leaves=15
num_cat=0
split_feature=1 2 10 10 1 10 13 14 11 16 11 2 11 1
split_gain=49244.4 16104.5 31679 50137.8 34989.5 20915.7 12624.5 11683.5 11166.8 31093.6 14359.5 8247.06 7166.11 15548.8
threshold=10.500000000000002 1.5000000000000002 1.0625774086502771 0.99845861747995823 8.5000000000000018 1.0530224510500135 0.77868608343558521 0.85425147021056302 0.96938913150432404 0.064391008892545815 0.99374273592978624 3.5000000000000004 1.0481177777849275 17.500000000000004
decision_type=2 2 2 2 2 2 2 2 2 2 2 2 2 2
left_child=1 5 3 -3 -4 -1 -2 -8 9 -9 -10 -5 13 -12
right_child=6 2 4 11 -6 -7 7 8 10 -11 12 -13 -14 -15
leaf_value=0.00036021903381124726 -0.00037811484751602994 0.0004770497041014834 0.0009062093741847362 -0.00025260240767839803 -1.652004887867787e-05 5.735443323295888e-05 0.00020178754801490777 0.00010920670064247504 0.00031652604187613686 -0.00050585246566805327 9.0162524576386515e-05 -0.00024415758235017172 -7.1014343455900718e-05 -0.00012129748928150178
leaf_weight=1964902.4762669802 1299708.5574762821 1510868.1726542711 1084623.1477185488 1276943.966645956 733673.36048614979 1254392.0966687202 1370999.3730812073 1404505.9036564827 1304698.3944878578 1271371.8071289062 5134862.5560965538 1041429.9476122856 5753017.0249590874 2666610.3754019737
leaf_count=1700 1354 1905 1917 1143 653 1267 1044 1433 1055 761 2922 1584 5229 2429
internal_value=0.000678417 0.00254227 0.00157697 2.86777e-05 0.0048376 0.00423567 -0.000139491 5.7123e-05 -0.000151409 -0.00193541 0.000169859 -0.00274253 -0.000119481 0.000472873
internal_weight=2.90726e+07 8.86683e+06 5.64754e+06 3.82924e+06 1.8183e+06 3.21929e+06 2.02058e+07 1.89061e+07 1.75351e+07 2.67588e+06 1.48592e+07 2.31837e+06 1.35545e+07 7.80147e+06
internal_count=26396 10169 7202 4632 2570 2967 16227 14873 13829 2194 11635 2727 10580 5351
is_linear=0
shrinkage=0.03


Tree=376
num_leaves=15
num_cat=0
split_feature=1 13 10 2 10 10 11 12 1 12 11 11 10 12
split_gain=33908.4 13542.4 12119.1 22453.1 26201.8 38306.8 9835.84 8289.09 29017.3 16476.9 12673.7 10709.7 20001.1 13911.3
threshold=10.500000000000002 0.77868608343558521 1.1163582065134401 1.5000000000000002 0.98873969880633472 1.0625774086502771 1.0232091473930496 0.99504303367625979 17.500000000000004 1.0077918519281821 1.0074632817481786 1.0298519489200137 1.0157067546290344 1.0243090240668089
decision_type=2 2 2 2 2 2 2 2 2 2 2 2 2 2
left_child=2 -2 3 6 -5 -6 -1 8 -3 10 -9 12 -11 -13
right_child=1 7 -4 4 5 -7 -8 9 -10 11 -12 13 -14 -15
leaf_value=0.00035598893905663671 -0.00041120498759880517 -0.00022167832598295477 0.00047621104181832922 0.00052856237819122638 -0.00012882594010884426 0.00036105412251236872 9.5303759530062087e-05 2.1513713751446851e-05 0.000230548577002763 8.2834607822633534e-05 0.00034541320538860237 0.00025363817762392586 -0.00032281667197463649 4.5878097053329139e-06
leaf_weight=1539433.4459394217 1307105.7748605013 2702730.6507568359 1510884.137893796 1268011.0819023848 2609234.9714980125 887902.9046305418 1138640.3300048113 1824769.593682766 1408332.510892868 1880669.7943701744 1806631.110748291 1757619.0571966171 1782069.6224017143 5826807.3692224026
leaf_count=1341 1359 1704 2024 1651 3012 1168 1059 1279 1553 1425 1210 1600 1264 5005
internal_value=0.000965068 0.00028664 0.00250289 0.00200564 0.000770396 -0.000569138 0.00420353 0.000489947 -0.000702447 0.000819415 0.00257638 0.00025214 -0.00107999 0.000895466
internal_weight=2.92508e+07 2.02967e+07 8.95411e+06 7.44322e+06 4.76515e+06 3.49714e+06 2.67807e+06 1.89896e+07 4.11106e+06 1.48786e+07 3.6314e+06 1.12472e+07 3.66274e+06 7.58443e+06
internal_count=26654 16399 10255 8231 5831 4180 2400 15040 3257 11783 2489 9294 2689 6605
is_linear=0
shrinkage=0.03


Tree=377
num_leaves=15
num_cat=0
split_feature=1 16 14 14 14 16 14 11 10 16 10 16 16 10
split_gain=52819.9 12225 14632.2 12397.1 12715.5 10894.8 8580.95 10633.3 9827.24 7708.66 7986.61 9311.49 7633.43 6127.11
threshold=10.500000000000002 0.077091071773349881 1.0569157731294501 1.0214214624353011 0.99464461265094639 0.05605091788596523 1.0810824828756298 1.0210193763411664 1.1714616938353537 0.083213935661380453 1.1097059186469014 0.079025595619747063 0.037606738989799902 1.0658413189851337
decision_type=2 2 2 2 2 2 2 2 2 2 2 2 2 2
left_child=1 2 3 4 13 12 8 -8 9 10 11 -2 -4 -1
right_child=6 -3 5 -5 -6 -7 7 -9 -10 -11 -12 -13 -14 -15
leaf_value=0.00023353982341640432 2.3835680362032007e-06 0.00029722778784581279 0.00083769707073656221 0.00050664479476769295 -6.1423870687773587e-05 -0.00037129081753749005 0.00051590274609663656 -2.5762188310488498e-05 0.00030779529460390283 -0.00011152536368014214 -0.00026735899670935794 9.0882611996553913e-05 -0.001001128022530119 0.00013339964326211561
leaf_weight=2247330.5708780289 10975846.873523235 2528517.3203864098 205955.51326584816 909410.58141326904 1121081.9193906784 317633.35207664967 790293.81224393845 716508.44978284836 1380487.2699718475 2871180.5443944931 1671879.3626413345 1845953.7237854004 215807.77185249329 1385620.8610401154
leaf_count=2801 8702 1023 1903 999 1069 249 1080 1077 1412 1536 1567 912 276 1856
internal_value=0.00106647 0.00298835 0.00229087 0.00280906 0.00219517 -0.00167822 0.000218898 0.00239697 4.38185e-05 -0.000149855 0.000131475 0.000385772 0.00148203 0.00305705
internal_weight=2.91835e+07 8.93136e+06 6.40284e+06 5.66344e+06 4.75403e+06 739397 2.02522e+07 1.5068e+06 1.87453e+07 1.73649e+07 1.44937e+07 1.28218e+07 421763 3.63295e+06
internal_count=26462 10176 9153 6725 5726 2428 16286 2157 14129 12717 11181 9614 2179 4657
is_linear=0
shrinkage=0.03


Tree=378
num_leaves=15
num_cat=0
split_feature=10 10 16 13 14 14 16 9 2 9 2 13 16 11
split_gain=10246.8 18681.6 10870.1 9247.95 20646.6 8850.6 12060.9 14336.4 11437.5 11079.7 11342.7 15507.6 8056.43 18488
threshold=0.85413796973278877 0.78401858555053505 0.096497318894343695 0.79826825482574482 0.88300502562602323 0.95755032181688737 0.052979303042598229 89.500000000000014 1.0000000180025095e-35 89.500000000000014 4.5000000000000009 1.0597676233614874 0.073674337345609367 1.01278369294476
decision_type=2 2 2 2 2 2 2 2 2 2 2 2 2 2
left_child=1 -1 3 4 -2 8 7 -7 -5 -8 11 12 13 -11
right_child=2 -3 -4 5 -6 6 9 -9 -10 10 -12 -13 -14 -15
leaf_value=-1.0017685974534512e-05 -0.00083285010348187183 0.00055418569590589531 0.00024457519181269737 0.00026939355033027786 0.0001968104427396556 -0.00040595974128021842 0.00012751367512742014 0.00032707975450115906 4.9416442698890014e-05 -0.0001667469242783717 0.00011789094433484669 -0.00025806685537755583 4.5572485702709778e-05 4.3066949603474349e-05
leaf_weight=961129.90607118607 732191.68099927902 1074328.9716615677 1327293.8255801201 1845157.2811379433 592684.41930246353 544339.18915474415 2944506.2177751064 2941699.7386305332 5662301.9642832279 1858015.6617126465 1856687.9639930725 2353152.3491516113 2139486.3085327148 2342906.3027648926
leaf_count=1191 1149 955 680 1398 1188 1068 1748 5806 5057 974 1660 1468 827 1311
internal_value=0.000904983 0.00295795 0.000751016 0.000614873 -0.00182639 0.000746952 0.000367728 0.0019408 0.0016047 -3.86373e-05 -0.000492766 -0.000947355 -0.000175456 -0.000938617
internal_weight=2.91759e+07 2.03546e+06 2.71404e+07 2.58131e+07 1.32488e+06 2.44883e+07 1.69808e+07 3.48604e+06 7.50746e+06 1.34948e+07 1.05502e+07 8.69356e+06 6.34041e+06 4.20092e+06
internal_count=26480 2146 24334 23654 2337 21317 14862 6874 6455 7988 6240 4580 3112 2285
is_linear=0
shrinkage=0.03


Tree=379
num_leaves=15
num_cat=0
split_feature=10 10 10 10 14 10 16 16 12 11 12 2 16 12
split_gain=9096.97 9338.92 8393.2 15391.5 17115.9 14613.4 12917.7 22183.2 12160.6 11695.3 21799.5 62750.1 15123.6 9120.1
threshold=1.184584628071115 1.1493816470633826 1.0283647253166985 1.0340049789758805 0.90195220566868206 1.0395588043783788 0.057045570311230684 0.05132675896361856 1.0128794256609954 0.92833667948537613 0.9986158363148413 2.5000000000000004 0.059014050135174294 0.96646321140865099
decision_type=2 2 2 2 2 2 2 2 2 2 2 2 2 2
left_child=1 2 9 -4 -5 -6 7 8 -7 13 11 -11 -12 -1
right_child=-2 -3 3 4 5 6 -8 -9 -10 10 12 -13 -14 -15
leaf_value=-4.7524290475268731e-05 0.00036834832424513747 -0.0002116515882627147 0.00023796353042776833 0.00022019013915477309 -0.00028744477034203043 0.00061207522218357363 8.8841850713253259e-05 -0.00034992373163795939 -4.4667468904982155e-05 0.00028378582054347864 0.00020261757068334215 -0.0011385195835360809 -2.1584703132389754e-05 0.00030903965479515835
leaf_weight=1067584.9815909863 1929143.7403314114 1278611.4349842072 1278934.35029459 2148694.0700939894 1350539.609367013 428892.3415671587 5307707.2606949806 1221223.3168373108 964346.96794462204 1139339.5106604099 2940774.2456181049 1230033.6254682541 5383483.3547325134 1593973.7229243517
leaf_count=1391 2166 1379 1061 1945 1042 1035 3312 785 2222 838 4100 1245 2963 1143
internal_value=0.000708562 0.000568042 0.000690881 0.00124303 0.000893549 0.000334505 0.000826233 -0.000899822 0.00168736 0.000165811 -0.000277092 -0.00281594 0.000445554 0.00194531
internal_weight=2.92633e+07 2.73341e+07 2.60555e+07 1.27003e+07 1.14214e+07 9.27271e+06 7.92217e+06 2.61446e+06 1.39324e+06 1.33552e+07 1.06936e+07 2.36937e+06 8.32426e+06 2.66156e+06
internal_count=26627 24461 23082 11402 10341 8396 7354 4042 3257 11680 9146 2083 7063 2534
is_linear=0
shrinkage=0.03


Tree=380
num_leaves=15
num_cat=3
split_feature=1 0 16 14 12 12 0 16 9 1 12 0 11 11
split_gain=26827.4 26073.4 16703.1 20895.4 12512.4 23509.1 16530.7 10654.3 10559.6 9430 40373.3 26142.1 16735.5 18743.4
threshold=10.500000000000002 0 0.08093095206115429 0.97482809963407668 1.024112885485482 1.0017672621402147 1 0.069040338539711726 73.500000000000014 16.500000000000004 0.98075970649359323 2 1.01278369294476 1.0502959332616639
decision_type=2 1 2 2 2 2 1 2 2 2 2 1 2 2
left_child=1 -1 8 -4 5 6 -3 -6 -2 11 -11 -10 -13 -14
right_child=2 4 3 -5 7 -7 -8 -9 9 10 -12 12 13 -15
leaf_value=-8.8471007445891533e-05 0.0002795932145655484 7.2494796292255889e-05 -0.00022392226376887628 1.0800223294780081e-05 0.00020187696883202719 -5.5162036667835895e-06 0.00062878647771822814 0.00061866653436799227 0.00029310917108599932 0.00094320946915781912 1.1898936006456328e-05 -0.00016048120291864632 0.00012427264422764991 -0.00021662045182610325
leaf_weight=1959236.3039226532 1151948.1162731647 1234630.3438601494 2103114.558306694 2607397.808660984 1104537.0727539062 2363566.5284420252 1163050.6086913347 958706.45774912834 2465988.2227630615 896615.9130396843 4567549.6311109066 2707977.550994873 1950539.4228634834 1895851.9493159056
leaf_count=3177 962 942 1194 1421 1763 2254 1549 415 2566 1125 5767 1384 976 1062
internal_value=0.000626652 0.00201228 2.8482e-05 -0.00153757 0.00288804 0.00204243 0.00413542 0.00483942 0.000500256 0.000280399 0.0012639 -0.000315366 -0.00130599 -3.40408e-05
internal_weight=2.91307e+07 8.78373e+06 2.0347e+07 4.71051e+06 6.82449e+06 4.76125e+06 2.39768e+06 2.06324e+06 1.56365e+07 1.44845e+07 5.46417e+06 9.02036e+06 6.55437e+06 3.84639e+06
internal_count=26557 10100 16457 2615 6923 4745 2491 2178 13842 12880 6892 5988 3422 2038
cat_boundaries=0 1 2 3
cat_threshold=98 24 226
is_linear=0
shrinkage=0.03


Tree=381
num_leaves=15
num_cat=4
split_feature=1 0 10 12 16 1 9 0 11 10 11 11 0 0
split_gain=43063.8 28688.6 22299.1 28153.2 12831.4 8761.51 33900.9 23949 23704.5 28036.7 22095.1 22059 18316.8 9169.34
threshold=10.500000000000002 0 0.98873969880633472 1.024112885485482 0.084989138023889382 16.500000000000004 89.500000000000014 1 0.94087527417298034 1.0372496799485245 1.0191604908139353 1.0683763170682246 2 3
decision_type=2 1 2 2 2 2 2 1 2 2 2 2 1 1
left_child=1 2 -1 -4 5 6 -2 -8 -7 12 -9 -11 -10 -13
right_child=4 -3 3 -5 -6 8 7 10 9 11 -12 13 -14 -15
leaf_value=0.00066171719768652018 0.00034233896330599121 -3.3151418025536456e-05 5.4513549564365781e-05 0.00037961988837470489 -0.00014463098963834114 0.00032600151543762148 0.00021831688952663912 -0.00026943903121249559 0.00010423301777495431 0.00032187606576680077 -1.2926904046656591e-05 0.00032006783220664609 -0.00036768774962013713 -0.00014365756555345736
leaf_weight=1251171.8110758066 1673921.2522206306 2477724.9559618235 3522773.3749052286 1722272.5320180655 2557066.1452592611 967045.87548208237 2362196.2250976562 2830562.0783081055 1439032.3259391785 1641044.3958184719 3406010.0758012533 779760.78616642952 1660888.1428489685 916819.73305511475
leaf_count=1159 1157 4280 3204 1588 1493 1054 2478 1449 1758 1533 1796 1365 1377 913
internal_value=0.000767722 0.00249745 0.00354501 0.00268656 5.88309e-07 0.000287915 -0.000279122 -0.00103951 0.00107459 0.000416704 -0.00201389 0.00232472 -0.00163762 -7.39422e-05
internal_weight=2.92083e+07 8.97394e+06 6.49622e+06 5.24505e+06 2.02343e+07 1.76773e+07 1.02727e+07 8.59877e+06 7.40459e+06 6.43755e+06 6.23657e+06 3.33762e+06 3.09992e+06 1.69658e+06
internal_count=26604 10231 5951 4792 16373 14880 6880 5723 8000 6946 3245 3811 3135 2278
cat_boundaries=0 1 2 3 4
cat_threshold=285 226 299 425
is_linear=0
shrinkage=0.03


Tree=382
num_leaves=15
num_cat=0
split_feature=1 9 11 14 16 2 16 9 16 14 2 16 14 11
split_gain=27631.3 15848 12389.7 12589.7 10757.5 9984.71 9642.06 7680.57 6867.09 6614.75 6472.21 11007.1 9981.52 8516.97
threshold=8.5000000000000018 86.500000000000014 1.0311932712351803 1.0163697785511221 0.08093095206115429 1.5000000000000002 0.077091071773349881 76.500000000000014 0.071623177460404933 0.96689372804678408 1.5000000000000002 0.060216929090988573 0.99139221160090141 1.0619082355085026
decision_type=2 2 2 2 2 2 2 2 2 2 2 2 2 2
left_child=1 -1 3 -3 6 -4 7 -2 -7 -6 11 12 -9 -12
right_child=4 2 5 -5 9 8 -8 10 -10 -11 13 -13 -14 -15
leaf_value=-0.0044187244206382557 0.00022999067627439403 -3.3106597003184038e-06 0.00012685439356564885 0.00034417949467311986 -0.00015178815989990094 0.00056817063039399493 0.00016639786370044625 -0.00027710575537718234 0.00083554660965062669 -1.9409747582382324e-05 -7.9562838940155581e-06 4.3354920702066479e-05 8.5138285945062588e-06 0.00016283958854079153
leaf_weight=825185.80174529552 1544626.1276724339 1651915.9536916018 889111.07966995239 707937.16614341736 1860177.2101707458 647033.90815997124 1615232.1210718155 2131586.9699778557 588810.50446844101 2894442.0813500881 7305115.0360610485 2355609.4846801758 1154072.6565172672 3048409.5293285847
leaf_count=1086 1313 1907 1001 1534 1055 1918 1032 1895 252 1555 6341 1359 1075 3254
internal_value=0.000452355 0.00240995 0.00311297 0.00161669 1.75928e-05 0.00477464 0.000334633 0.000130375 0.0065189 -0.00125965 -6.47136e-05 -0.000882263 -0.00200431 0.00038074
internal_weight=2.92193e+07 5.30999e+06 4.48481e+06 2.35985e+06 2.39093e+07 2.12496e+06 1.91547e+07 1.75394e+07 1.23584e+06 4.75462e+06 1.59948e+07 5.64127e+06 3.28566e+06 1.03535e+07
internal_count=26577 7698 6612 3441 18879 3171 16269 15237 2170 2610 13924 4329 2970 9595
is_linear=0
shrinkage=0.03


Tree=383
num_leaves=15
num_cat=1
split_feature=12 12 14 11 12 12 11 11 12 10 11 12 10 0
split_gain=10165.8 10728.7 13690.5 12277 12296.2 19531.7 14138.2 15900.1 18669.2 13665.6 18283.6 17641.9 14319.6 13065.9
threshold=0.94365407296847026 0.98244423354187715 0.9566951877467208 0.94582335825913144 1.0017672621402147 1.0201843884705277 1.0198976407657574 1.0346667605123312 1.0281187774485046 1.0449516634702618 1.021968476268863 1.0049158022346554 1.0126286975463843 0
decision_type=2 2 2 2 2 2 2 2 2 2 2 2 2 1
left_child=-1 2 -2 -3 -5 9 -7 -8 -9 10 11 -6 -13 -10
right_child=1 3 -4 4 5 6 7 8 13 -11 -12 12 -14 -15
leaf_value=-0.00035576564342722298 2.9936412707771982e-05 -0.0002248801353201835 0.00030467979437840678 0.00021786316687636591 -0.00021721647007841372 0.00053329843775052656 -0.00031413503544040262 0.00050853628789637251 -0.00019327890081485336 -0.00032253696738414523 0.00018168955060255545 -7.580223775610875e-05 0.00013368667739574412 9.9074401474441955e-05
leaf_weight=1248328.082613349 1884112.3716907501 1215570.2967913151 1698365.1570829153 3726531.2465667725 1683696.4017781019 1163509.619810462 1035731.1160875559 1183329.1330047846 1687393.8509854078 1485961.4277857542 1779898.2914555073 1397096.0153743029 1814710.5763703585 6180933.2719633579
leaf_count=1506 1271 1036 1476 3292 1232 1234 818 1106 2029 1459 1662 1141 1353 5899
internal_value=0.000784453 0.000902808 0.00243567 0.000677328 0.00083171 0.000528705 0.00133918 0.000978004 0.0013809 -0.000588582 -9.39409e-06 -0.000956093 0.00034783 0.000852535
internal_weight=2.91852e+07 2.79368e+07 3.58248e+06 2.43544e+07 2.31388e+07 1.94123e+07 1.12509e+07 1.00874e+07 9.05166e+06 8.16136e+06 6.6754e+06 4.8955e+06 3.21181e+06 7.86833e+06
internal_count=26514 25008 2747 22261 21225 17933 11086 9852 9034 6847 5388 3726 2494 7928
cat_boundaries=0 1
cat_threshold=130
is_linear=0
shrinkage=0.03


Tree=384
num_leaves=15
num_cat=3
split_feature=1 16 0 10 1 16 0 10 1 2 3 0 13 10
split_gain=44346.4 14197.2 12011.6 6861.32 15469 19687.2 13337.9 17890.2 11522.4 13141.9 10842.4 8857.98 8237.91 6522.14
threshold=8.5000000000000018 0.066413331616518564 0 1.0596278767251972 16.500000000000004 0.065075257163764486 1 1.0395588043783788 12.500000000000002 2.5000000000000004 1.5000000000000002 2 0.96918224053381696 1.0389604186223813
decision_type=2 2 1 2 2 2 1 2 2 2 2 1 2 2
left_child=1 2 13 6 5 11 7 8 -2 -10 -11 -5 -6 -1
right_child=3 -3 -4 4 12 -7 -8 -9 9 10 -12 -13 -14 -15
leaf_value=0.00012994100007913831 0.00017006346018393081 0.00031720613035733593 -0.00021031498310494385 0.00020356926157019168 0.00031874983776281041 -0.00033382919191969954 -4.8944793182492632e-05 0.00017451407337972554 -4.822910224358893e-05 0.00028163120519027456 -3.6671420149121889e-05 -0.00012307463563079527 7.1151325363589236e-06 0.00050348249502182147
leaf_weight=559256.4964402914 2425674.6065979004 3538305.0862250328 816363.33064734936 1591092.3305575848 947698.34298706055 1977726.5638484955 5745659.6564817429 1994941.3432741165 2710423.8107943535 1726626.4073457718 1356961.5648880005 1355503.4339904785 2140423.1900908947 390842.62493550777
leaf_count=1567 1472 1488 3396 1445 1167 1494 5025 1240 1619 1021 1315 930 2174 1185
internal_value=0.000909022 0.00339106 0.00119454 0.000359787 -0.000356528 -0.00140039 0.000719394 0.00136983 0.000751308 2.45463e-05 0.00136407 0.000153651 0.00130802 0.00348764
internal_weight=2.92775e+07 5.30477e+06 1.76646e+06 2.39727e+07 8.01244e+06 4.92432e+06 1.59603e+07 1.02146e+07 8.21969e+06 5.79401e+06 3.08359e+06 2.9466e+06 3.08812e+06 950099
internal_count=26538 7636 6148 18902 7210 3869 11692 6667 5427 3955 2336 2375 3341 2752
cat_boundaries=0 1 2 3
cat_threshold=156 59 358
is_linear=0
shrinkage=0.03


Tree=385
num_leaves=15
num_cat=2
split_feature=1 0 2 12 11 0 12 12 11 14 12 11 12 1
split_gain=37010.1 28384.8 28245.3 16706.5 18724.5 14050.5 14241.7 13744.4 12917.7 9595.28 8676.47 20029.4 13140.2 11889.9
threshold=10.500000000000002 0 1.5000000000000002 1.024112885485482 0.99374273592978624 1 1.0006923783943058 1.0233061924905116 1.0216820434357365 0.99829009821466419 1.004197057542799 0.97755348269850095 1.0097830404500538 18.500000000000004
decision_type=2 1 2 2 2 1 2 2 2 2 2 2 2 2
left_child=1 9 8 4 -4 6 -2 -8 -3 -1 11 -7 -12 -14
right_child=5 2 3 -5 -6 10 7 -9 -10 -11 12 -13 13 -15
leaf_value=7.4678479137486257e-05 -0.00029225581893580871 0.00043307316476673565 0.00046565465905021802 0.00038121013667660394 -5.7606540040685534e-05 -3.5032031247168792e-05 0.0001722262881679176 -0.00019095594853243806 0.00018393575553262738 -0.00034056039318881376 -0.00018487248582390795 0.00019041609546580608 8.2822982915344861e-05 -0.00018850194417852696
leaf_weight=1142015.9069931507 2870954.6879425049 1255889.3707237244 1122317.9150357246 1274134.8492891788 1981553.2373496294 1761809.0010166168 2738212.6538414955 2563894.2394703627 1259536.2738804817 839638.72385287285 1530844.2267608643 2137149.6017737389 5311054.9523620605 1490058.8814060688
leaf_count=1699 1952 1003 1270 1506 2075 1560 1769 1721 1049 1529 959 1716 4107 2634
internal_value=0.000664435 0.00228167 0.00319132 0.00173572 0.000548358 -3.90125e-05 -0.00100206 -8.05511e-05 0.00572475 -0.000882662 0.000604523 0.00177258 5.79301e-05 0.000623158
internal_weight=2.92791e+07 8.87509e+06 6.89343e+06 4.37801e+06 3.10387e+06 2.0404e+07 8.17306e+06 5.30211e+06 2.51543e+06 1.98165e+06 1.22309e+07 3.89896e+06 8.33196e+06 6.80111e+06
internal_count=26549 10131 6903 4851 3345 16418 5442 3490 2052 3228 10976 3276 7700 6741
cat_boundaries=0 1 2
cat_threshold=98 268
is_linear=0
shrinkage=0.03


Tree=386
num_leaves=15
num_cat=3
split_feature=1 0 16 0 11 1 16 1 0 14 16 11 10 11
split_gain=40709.4 22611.4 16591.1 14420.3 10135.5 23093.1 9234.12 8790.81 8137.91 8110.95 7071.1 8209.24 13019.7 5716.45
threshold=10.500000000000002 0 0.077091071773349881 1 1.0025409389413917 16.500000000000004 0.061142284669859583 19.500000000000004 2 0.99203730825741332 0.08093095206115429 1.0204143974676605 1.0411906669980231 1.0295981725320928
decision_type=2 1 2 1 2 2 2 2 1 2 2 2 2 2
left_child=1 -1 8 6 5 -5 7 -2 9 -3 11 -6 -13 -9
right_child=3 2 -4 4 10 -7 -8 13 -10 -11 -12 12 -14 -15
leaf_value=-0.00012184720992614491 0.0004596430465468119 0.00020571540381529569 0.00032044124969079254 -0.00033503651544570883 0.00018604894965110343 1.8690559146077277e-05 1.300069775895411e-06 0.0005978382426518415 2.2827241706777318e-05 8.6262458844100893e-05 -9.0468820870927616e-05 -0.00028177909556210241 3.2130686591388912e-05 -0.00036455879628820287
leaf_weight=1299200.6018080711 1689288.8026123047 1950384.2612224817 2189334.1762824059 2365373.5305175781 1658052.6043746471 2018269.3422431946 4875498.8562774658 408381.86550855637 1879313.6299530268 1582498.3821632862 1936751.2638338804 1614485.0173454285 3234238.887326479 508774.98586034775
leaf_count=2066 1892 1713 812 1155 955 1355 4364 1203 3930 1674 703 1036 2007 1613
internal_value=0.000530774 0.00222252 0.00284764 -0.000210658 -0.000821183 -0.00199155 0.000836037 0.00227748 0.00195623 0.00280468 -0.000213562 0.000260088 -0.000363038 -8.7033e-05
internal_weight=2.92098e+07 8.90073e+06 7.60153e+06 2.03091e+07 1.28272e+07 4.38364e+06 7.48194e+06 2.60645e+06 5.4122e+06 3.53288e+06 8.44353e+06 6.50678e+06 4.84872e+06 917157
internal_count=26478 10195 8129 16283 7211 2510 9072 4708 7317 3387 4701 3998 3043 2816
cat_boundaries=0 1 2 3
cat_threshold=34 227 28
is_linear=0
shrinkage=0.03


Tree=387
num_leaves=15
num_cat=0
split_feature=1 16 16 12 1 1 9 1 14 10 16 14 10 2
split_gain=23508.1 12059.3 11740.9 9353.64 31431.8 12496.1 15363.3 14292.6 12842.5 10229.9 11898.7 7992.27 8708.08 10733.6
threshold=10.500000000000002 0.08093095206115429 0.063220076633974567 0.99379942660604637 16.500000000000004 18.500000000000004 89.500000000000014 13.500000000000002 0.98710187378469316 1.0573523519181121 0.042182096536078975 0.93768177000603836 1.0479853145160096 3.5000000000000004
decision_type=2 2 2 2 2 2 2 2 2 2 2 2 2 2
left_child=2 3 11 4 -2 6 -5 8 -8 10 -7 -1 13 -13
right_child=1 -3 -4 5 -6 9 7 -9 -10 -11 -12 12 -14 -15
leaf_value=-0.00014648605417265248 -7.4349049582263767e-05 -6.885604468501691e-05 0.00018896736894246423 0.00028069496842955232 0.00065086933927758486 -0.00011819862020796408 -0.00037400434489162491 9.3070483236894173e-05 -1.3081223431969709e-05 6.2079743665838463e-05 -0.00049014040912197189 0.00018065799543716813 0.00029666885645457131 -0.0032501781537644264
leaf_weight=899590.25031292439 2264269.0884094238 4770361.3065890074 5251811.8145067692 1538935.7797961235 1423914.5966415405 974677.39303326607 1614768.1438903809 3947769.1140053272 1401190.3471997976 1249904.7345116138 1151122.2995688915 1010826.8094271421 943302.84322357178 794445.72987401485
leaf_count=2248 1457 2606 2450 1036 1749 1987 1134 2480 1024 2068 757 1661 2129 1659
internal_value=0.000546207 -1.6544e-05 0.00183212 0.000387863 0.0017076 -2.19103e-05 0.000591194 -8.28707e-06 -0.00156325 -0.00156619 -0.00283253 0.000524762 0.00132808 0.000107454
internal_weight=2.92369e+07 2.03369e+07 8.89998e+06 1.55666e+07 3.68818e+06 1.18784e+07 8.50266e+06 6.96373e+06 3.01596e+06 3.3757e+06 2.1258e+06 3.64817e+06 2.74858e+06 1.80527e+06
internal_count=26445 16298 10147 13692 3206 10486 5674 4638 2158 4812 2744 7697 5449 3320
is_linear=0
shrinkage=0.03


Tree=388
num_leaves=15
num_cat=3
split_feature=1 0 13 0 16 0 12 12 10 13 12 1 9 1
split_gain=20908.1 18648.9 13830.6 11499.9 12370.4 6544.2 7298.9 8787.09 5757.47 5136.74 4969.3 11572.9 23809.9 14526.1
threshold=10.500000000000002 0 1.0346219951928586 1 0.08093095206115429 2 1.024112885485482 1.0081464412505341 0.89318320856760713 0.98036236086411988 0.9802455072643228 17.500000000000004 89.500000000000014 13.500000000000002
decision_type=2 1 2 1 2 1 2 2 2 2 2 2 2 2
left_child=1 2 9 -2 8 -3 7 -7 -5 -1 -10 12 -12 -14
right_child=3 5 -4 4 -6 6 -8 -9 10 -11 11 -13 13 -15
leaf_value=0.00023957655422572496 0.0002871944485096571 -0.00015332469797597523 0.00035856195768074365 0.00016665115708892306 -8.8168761043671984e-05 0.00014903592575634414 0.00026742979653317142 -0.00016034092205240069 0.00013095560786519856 -0.047637574644730785 0.00038639479322600791 -0.00014777169940389476 -0.00014024476278290247 8.618918547404675e-05
leaf_weight=1344984.9648425579 2402014.7542572021 1283852.9536261559 1076337.910584569 1468842.2010140419 4037996.00548172 1519551.7325134277 1418710.5132598877 975753.1705057621 1308227.9855360985 1336537.9917187691 1516305.454580307 3666282.2962164879 2629248.0712903738 3219213.8738377094
leaf_count=1497 1851 1992 1295 1308 2251 1750 1824 1047 1062 739 990 4919 1906 1995
internal_value=0.000688556 0.00189554 0.00350559 0.000154709 -0.000107588 0.000731523 0.00134118 0.000364339 0.00031954 0.00235252 0.000108185 -9.9143e-05 0.000586451 -0.000282097
internal_weight=2.92039e+07 8.95573e+06 3.75786e+06 2.02481e+07 1.78461e+07 5.19787e+06 3.91402e+06 2.4953e+06 1.38081e+07 2.68152e+06 1.23393e+07 1.1031e+07 7.36477e+06 5.84846e+06
internal_count=26426 10144 3531 16282 14431 6613 4621 2797 12180 2236 10872 9810 4891 3901
cat_boundaries=0 1 2 3
cat_threshold=273 2 34
is_linear=0
shrinkage=0.03


Tree=389
num_leaves=15
num_cat=4
split_feature=1 0 0 14 10 12 16 0 12 11 11 1 12 0
split_gain=145158 170229 30324.8 16513.6 15149.3 11312 33453.1 24969.2 10416.3 9188.12 19282.3 11940.6 9960.73 10282
threshold=10.500000000000002 0 1 0.96285834646787205 1.0612853180609443 0.99621837533410573 0.054777272205861115 2 1.0039311402383728 0.99374273592978624 1.0165661152875569 19.500000000000004 1.0222447880274059 3
decision_type=2 1 1 2 2 2 2 1 2 2 2 2 2 1
left_child=1 -1 -3 4 -4 6 -2 -8 -7 -10 -11 12 -12 -14
right_child=5 2 3 -5 -6 8 7 -9 9 10 11 -13 13 -15
leaf_value=0.00082057227428365134 0.00027952671011275966 0.00064644060244418132 0.00055429616414855675 3.615026002264864e-05 0.00010772688331848074 0.00019982094681496822 -0.00053048552786674763 2.4268762249800363e-06 0.00024120570513008066 -0.00023168428087611066 0.00020611650781252158 -0.00027667358185624305 5.8161571752079175e-05 -4.5085653771521003e-05
leaf_weight=2013001.9493470192 1317341.6242280006 1674726.6819801331 941406.90878260136 3253075.8901972771 992337.04100728035 1936626.5810103416 1983792.8918457031 1845561.6671142578 1295314.4933028221 1822622.2223262787 3061575.5469908714 1271531.8528952599 1842811.976272583 3866645.0661165714
leaf_count=1255 1631 2228 1309 4124 1220 1313 1062 1349 1074 1323 1888 2621 1318 2666
internal_value=0.00176713 0.00496626 0.00271576 0.00158249 0.00377802 0.000364687 -0.000849895 -0.0022685 0.000778745 0.000476458 0.00021455 0.000729767 0.00112363 0.000383319
internal_weight=2.91184e+07 8.87455e+06 6.86155e+06 5.18682e+06 1.93374e+06 2.02438e+07 5.1467e+06 3.82935e+06 1.50971e+07 1.31605e+07 1.18652e+07 1.00426e+07 8.77103e+06 5.70946e+06
internal_count=26381 10136 8881 6653 2529 16245 4042 2411 12203 10890 9816 8493 5872 3984
cat_boundaries=0 1 2 3 4
cat_threshold=16 257 268 49
is_linear=0
shrinkage=0.03


Tree=390
num_leaves=15
num_cat=4
split_feature=1 0 0 12 12 16 0 1 2 2 16 12 12 0
split_gain=200914 183720 39567.7 14884.4 26389 11934.2 11650.4 16519.1 12511.4 10076.9 9408.26 8895.46 18389.8 9745.51
threshold=10.500000000000002 0 1 0.98613925267429281 1.024112885485482 0.084989138023889382 2 15.500000000000002 1.0000000180025095e-35 2.5000000000000004 0.077091071773349881 0.98613925267429281 1.0050357263641356 3
decision_type=2 1 1 2 2 2 1 2 2 2 2 2 2 1
left_child=1 -1 3 -3 -5 6 -2 9 -9 -8 -4 -10 -13 -14
right_child=5 2 10 4 -6 -7 7 8 11 -11 -12 12 13 -15
leaf_value=0.00081284947642121892 0.00027967441719755476 0.00062238642679602457 -0.00013171680503214694 0.00015973763564590889 0.00056352932202458604 -0.00012573547978148432 -0.00014666741982705424 0.0002285278125607698 0.00011480140760700402 -1.5784128115549114e-05 0.00029320661301858046 -0.00026172933863132143 0.00010809663784334039 -5.3971572203871601e-05
leaf_weight=2025504.4690884352 3274603.5594189167 1015616.6066977978 1738022.0397527218 2180929.710072875 1357053.6446948051 2703563.2090947628 3445038.4061279297 1264727.7533226013 1218477.5935497284 3320448.5045896769 689856.93963623047 1264426.6179904938 2050689.0571761131 1843949.3150177002
leaf_count=1266 4757 1069 3764 2263 1460 1545 1857 879 1021 2001 419 977 1359 1943
internal_value=0.00146438 0.00519585 0.00288801 0.00453714 0.00361819 -0.000184277 9.95486e-05 -0.000267567 0.000688206 -0.00134721 -0.000205009 0.000147656 -0.000396849 0.000623708
internal_weight=2.93929e+07 9.00698e+06 6.98148e+06 4.5536e+06 3.53798e+06 2.03859e+07 1.76824e+07 1.44078e+07 7.64227e+06 6.76549e+06 2.42788e+06 6.37754e+06 5.15906e+06 3.89464e+06
internal_count=26580 10241 8975 4792 3723 16339 14794 10037 6179 3858 4183 5300 4279 3302
cat_boundaries=0 1 2 3 4
cat_threshold=16 269 162 280
is_linear=0
shrinkage=0.03


Tree=391
num_leaves=15
num_cat=0
split_feature=1 16 14 16 2 11 11 12 11 12 12 11 12 14
split_gain=155917 31153.2 12798.7 11253.8 8985.46 10483 15982.7 15835.3 10310.9 8401.64 8593.58 21583.5 8204.54 8136.43
threshold=10.500000000000002 0.063220076633974567 0.93525287349420083 0.061142284669859583 1.0000000180025095e-35 0.9569913468292458 1.0025409389413917 1.0077918519281821 1.0540421388010814 0.99504303367625979 1.0077918519281821 1.0287142808548067 1.0331847365990243 0.99464461265094639
decision_type=2 2 2 2 2 2 2 2 2 2 2 2 2 2
left_child=1 2 -1 4 -2 -6 -7 -8 -9 -5 -11 -12 -13 -4
right_child=3 -3 13 9 5 6 7 8 -10 10 11 12 -14 -15
leaf_value=-7.2971565542559618e-05 -8.2512717486515945e-05 0.00049204135369750317 0.00058681557000126935 -0.00015666304569786195 0.00035159291711921897 -0.00022558969169587278 0.00044384046572443903 -0.00016994492382065525 0.00019721375650264854 6.6540187737698132e-05 -0.00021871744920428315 0.0001333466423067065 -4.1246954586195386e-05 0.00027403610912574649
leaf_weight=860074.71180343628 1629305.9045140743 5271119.4985001087 1128185.3217509985 2949123.0931091309 1069434.5954914093 1127838.5554294586 1113370.4424562454 1536498.5624837875 1936126.4165326357 2254608.9334106445 2201794.6921415329 1856552.9370689392 2686481.9547153711 1635957.6763477325
leaf_count=2152 1517 2466 1604 1831 1150 1178 1063 1487 2489 1184 1304 1160 1970 3914
internal_value=0.00133949 0.00465291 0.00251182 -0.000108069 0.00073248 0.001213 0.000702777 0.00148962 0.000491441 -0.00069987 -0.000244479 -0.000780462 0.000400979 0.00350627
internal_weight=2.92565e+07 8.89534e+06 3.62422e+06 2.03611e+07 8.41257e+06 6.78327e+06 5.71383e+06 4.586e+06 3.47262e+06 1.19486e+07 8.99944e+06 6.74483e+06 4.54303e+06 2.76414e+06
internal_count=26469 10136 7670 16333 8884 7367 6217 5039 3976 7449 5618 4434 3130 5518
is_linear=0
shrinkage=0.03


Tree=392
num_leaves=15
num_cat=3
split_feature=1 0 0 11 0 12 13 13 13 11 12 12 11 11
split_gain=124120 186811 29132.7 27087.4 9614.69 12889.1 8813.87 32285.8 9292.83 6769.72 8822.03 10024.5 8688.58 5831.38
threshold=10.500000000000002 0 1 1.0099514182531915 2 1.0045628678959269 1.0331604709699025 0.98036236086411988 0.89707948020426109 1.0099514182531915 0.99977566849591148 0.98075970649359323 1.021968476268863 1.0486312805951197
decision_type=2 1 1 2 1 2 2 2 2 2 2 2 2 2
left_child=1 -1 3 -3 5 -2 7 8 -4 10 11 -6 -11 -14
right_child=4 2 6 -5 9 -7 -8 -9 -10 12 -12 -13 13 -15
leaf_value=0.00044375840246160315 -0.00027390054723534486 0.00080596188320330314 0.00011084065143475524 4.7504961710174182e-05 0.00017258139726428564 1.6720840953692766e-05 -0.0001153433290866368 0.00052445252112525223 -0.00025189519080518174 -7.7300520990839115e-05 0.00016517051008476898 -0.00013890592088245432 0.00011115857979634655 7.0711830335940097e-06
leaf_weight=2006508.7454862595 2306018.7864837646 1099618.1364580393 716501.13698935509 1952380.5333697796 1541247.4377436638 2771969.987287879 1273912.4402394295 910681.63413119316 1006234.3245511055 2254627.6229124069 2383285.964322567 1304266.4570932388 2343360.0328359604 5348190.7764208317
leaf_count=1269 1627 1245 1372 2204 1358 1963 2067 888 1073 1482 1880 970 1754 5255
internal_value=0.00152897 0.0044677 0.00214246 0.00433868 0.000228017 -0.000901941 0.000426997 0.001418 -0.000997134 0.000606134 0.00148005 0.000352302 0.000146709 0.000626772
internal_weight=2.92188e+07 8.96584e+06 6.95933e+06 3.052e+06 2.0253e+07 5.07799e+06 3.90733e+06 2.63342e+06 1.72274e+06 1.5175e+07 5.2288e+06 2.84551e+06 9.94618e+06 7.69155e+06
internal_count=26407 10118 8849 3449 16289 3590 5400 3333 2445 12699 4208 2328 8491 7009
cat_boundaries=0 1 2 3
cat_threshold=16 261 264
is_linear=0
shrinkage=0.03


Tree=393
num_leaves=15
num_cat=3
split_feature=1 0 13 13 0 16 1 14 13 16 13 0 11 11
split_gain=119267 170780 80436.9 135927 18404.3 12511.9 12135.4 14824 10564.4 12202 12141.1 7890.44 10484.1 7854.12
threshold=10.500000000000002 0 0.98036236086411988 1.0280006567234523 1 0.084989138023889382 8.5000000000000018 0.96025429465142842 1.0317660564421081 0.062316929962483197 0.82337158696090029 2 1.0198976407657574 1.0201167971050777
decision_type=2 1 2 2 1 2 2 2 2 2 2 1 2 2
left_child=1 2 -1 -4 -3 8 7 -6 10 13 -2 12 -12 -10
right_child=5 4 3 -5 6 -7 -8 -9 9 -11 11 -13 -14 -15
leaf_value=0.00011381658896076943 -0.00012328270259344474 -0.0001935218461754515 0.0013342128613724744 -0.0010889517953938431 0.00057465364089160894 -0.00013839759252839376 -3.1612931356571009e-05 0.00012302830071371902 0.00027505280389558749 -0.00011463357920762113 0.00022026666386433736 4.9768447151831718e-05 2.6414280670929028e-05 -5.6565002715434416e-05
leaf_weight=1323277.7868220806 1581170.3055793047 1264559.2512819767 1209864.435934186 1194512.2300957441 801843.82275104523 2676336.725397706 1557605.8506774902 1584009.8087228537 1387601.1365067959 2800972.4525203705 2608017.5185217857 4618504.5040669441 2951787.3182461262 1796376.687735796
leaf_count=1485 1675 2041 673 1373 1218 1544 1139 2291 1518 1873 1455 4331 1910 2107
internal_value=0.0014695 0.00436019 0.00926241 0.0125317 0.000851391 0.000204601 0.00186128 0.00320596 0.000492995 -0.000533075 0.00101521 0.00139514 0.00215644 0.000737428
internal_weight=2.93564e+07 8.93567e+06 3.72765e+06 2.40438e+06 5.20802e+06 2.04208e+07 3.94346e+06 2.38585e+06 1.77444e+07 5.98495e+06 1.17595e+07 1.01783e+07 5.5598e+06 3.18398e+06
internal_count=26633 10220 3531 2046 6689 16413 4648 3509 14869 5498 9371 7696 3365 3625
cat_boundaries=0 1 2 3
cat_threshold=273 34 58
is_linear=0
shrinkage=0.03


Tree=394
num_leaves=15
num_cat=3
split_feature=1 0 0 16 16 10 16 12 12 14 1 0 10 16
split_gain=172627 162410 36125.5 29172.1 15637.2 13097.3 7442.5 18124.5 10503.6 16892.9 11427.2 16537.7 19405.7 7235.42
threshold=10.500000000000002 0 1 0.079739806672640287 0.088579994534916148 1.0196970483553802 0.041643004371577946 0.9931501175091878 0.99977566849591148 0.99678521260793873 17.500000000000004 2 1.0557838013323353 0.05605091788596523
decision_type=2 1 1 2 2 2 2 2 2 2 2 1 2 2
left_child=1 -1 3 13 6 -4 7 -2 9 -8 11 12 -10 -3
right_child=4 2 5 -5 -6 -7 8 -9 10 -11 -12 -13 -14 -15
leaf_value=0.0006668806607015666 0.0013012484230124318 0.00011688156229114102 -0.00037748286167290539 0.00054411382447655174 -0.00019567450489455846 0.00015848083790420754 -6.1558835034867854e-06 1.0788862071322148e-05 0.00021565545408889535 -0.00032630263249079189 -0.00014701511057567637 -3.6607203690551463e-05 -1.6989359582928584e-05 0.00035127558419726599
leaf_weight=1976009.1369833946 435517.65544748306 1255753.6844850779 811039.91472041607 1202116.7616095543 1755840.848140955 1613251.2382429838 3083868.4793395996 1494757.9651226997 2784152.7373046875 1673287.2713317871 2506273.1124856472 4647335.8454165459 1846188.9263458252 1981119.196080327
leaf_count=1256 990 3176 1463 442 987 2752 1830 3443 1535 1247 1802 3081 1388 1099
internal_value=0.00135893 0.00485628 0.00267429 0.00428276 -0.000169404 -0.000270889 8.77694e-05 0.00185057 -0.000117942 -0.00130776 0.000362384 0.000847942 0.00211686 0.00280068
internal_weight=2.90665e+07 8.83929e+06 6.86328e+06 4.43899e+06 2.02272e+07 2.42429e+06 1.84714e+07 1.93028e+06 1.65411e+07 4.75716e+06 1.1784e+07 9.27768e+06 4.63034e+06 3.23687e+06
internal_count=26491 10188 8932 4717 16303 4215 15316 4433 10883 3077 7806 6004 2923 4275
cat_boundaries=0 1 2 3
cat_threshold=16 269 114
is_linear=0
shrinkage=0.03


Tree=395
num_leaves=15
num_cat=4
split_feature=1 0 0 14 14 0 13 13 14 16 0 11 11 11
split_gain=101223 131098 22966.5 17651.4 15681.2 11102.8 10540.5 12855 16788.2 12843.9 18961.9 12338.1 10831.3 11066.1
threshold=9.5000000000000018 0 1 0.9547205523788248 0.99069238779689206 2 1.0370932771690724 0.8287670784289668 0.89099932683529504 0.052979303042598229 3 0.96422914078869548 1.0015731347400096 1.0196581119313397
decision_type=2 1 1 2 2 1 2 2 2 2 1 2 2 2
left_child=1 -1 -3 -4 -5 -6 7 8 -2 10 -8 -9 -13 -14
right_child=6 2 3 4 5 -7 9 11 -10 -11 -12 12 13 -15
leaf_value=0.00070174046361073852 -0.0007183813776349509 -0.00058909255732432205 0.00048811181424892973 -0.00011358108294942922 0.00019136147149420365 4.0098283728393734e-05 0.00069063794366549971 0.0002297430388730518 3.4271125531083505e-05 -0.00012330839943697176 -0.00031586526765432457 -5.9604156646523356e-05 0.00026511246589940545 1.4415398050228327e-05
leaf_weight=2269026.493807435 996399.04643797874 1030101.5063050985 1316124.5365842581 848519.27534687519 812808.83051431179 1010311.9123271704 650893.26071953773 1849276.8279781342 1102257.6378381252 5342325.4636597633 806168.28429985046 1999719.9277749062 2093609.2006435394 7031877.6194248199
leaf_count=2018 931 1764 1761 742 1052 1603 1135 1352 1200 3653 1302 1341 1334 5336
internal_value=0.00105828 0.0041206 0.0014147 0.00244624 0.00104535 0.00261335 3.8055e-05 0.000480373 -0.00169799 -0.000942493 0.00155418 0.000832729 0.00045555 0.000893742
internal_weight=2.91594e+07 7.28689e+06 5.01787e+06 3.98776e+06 2.67164e+06 1.82312e+06 2.18725e+07 1.50731e+07 2.09866e+06 6.79939e+06 1.45706e+06 1.29745e+07 1.11252e+07 9.12549e+06
internal_count=26524 8940 6922 5158 3397 2655 17584 11494 2131 6090 2437 9363 8011 6670
cat_boundaries=0 1 2 3 4
cat_threshold=17 34 260 114
is_linear=0
shrinkage=0.03


Tree=396
num_leaves=15
num_cat=3
split_feature=1 0 0 16 13 13 13 13 0 2 16 12 13 16
split_gain=162760 185524 34799.7 23351.4 10907.3 24637.8 7515.67 10692.9 13853.6 9533.58 11652.1 15622.2 12737.1 10193.2
threshold=10.500000000000002 0 1 0.07190894582191279 0.98036236086411988 1.0317660564421081 0.8287670784289668 0.98036236086411988 2 4.5000000000000009 0.052405859868383246 1.0056064912116331 1.0581732234556909 0.077613742833548924
decision_type=2 1 1 2 2 2 2 2 1 2 2 2 2 2
left_child=1 -1 3 -3 -4 -6 -2 8 -8 10 -9 -12 -13 -11
right_child=6 2 4 -5 5 -7 7 9 -10 13 11 12 -14 -15
leaf_value=0.00082070328413538481 -0.00025186275997122852 0.00029393678104635391 -0.00010559330785962008 0.00057907734969922411 0.0005263149282262739 -4.81874981707526e-05 8.841736526203449e-05 0.00013969816407587363 2.8685059272119399e-05 0.00029544342238270704 -0.00016375091966017687 5.7029088534720095e-05 -0.0002203019449785828 -0.00010389384664951898
leaf_weight=1988636.3777654171 1926451.8379620314 2003943.6675659418 1704059.5491775274 1061586.5594611168 858950.22383797169 1348764.0876448154 1507374.335357666 1677578.0400090218 5398484.5223078728 1282067.1210749149 2837741.4077758789 2896257.7823791504 1903153.2785949707 1009679.3298137188
leaf_count=1245 1985 3021 2472 463 875 2126 580 2467 4737 1684 1404 1538 1279 784
internal_value=0.00137236 0.00474225 0.00243836 0.00483167 0.000562795 0.00195456 -0.000105924 7.96537e-05 0.00101437 -0.000476503 -0.000902982 -0.00140028 -0.000356951 0.00125691
internal_weight=2.94047e+07 8.96594e+06 6.9773e+06 3.06553e+06 3.91177e+06 2.20771e+06 2.04388e+07 1.85123e+07 6.90586e+06 1.16065e+07 9.31473e+06 7.63715e+06 4.79941e+06 2.29175e+06
internal_count=26660 10202 8957 3484 5473 3001 16458 14473 5317 9156 6688 4221 2817 2468
cat_boundaries=0 1 2 3
cat_threshold=16 261 16
is_linear=0
shrinkage=0.03


Tree=397
num_leaves=15
num_cat=0
split_feature=1 13 13 13 14 13 16 10 16 1 13 10 13 10
split_gain=107568 53093.7 148547 16267.7 14932 9622.89 11111.7 8705.35 19583.3 7425.89 7079.33 12361.2 8900.45 7432.44
threshold=9.5000000000000018 0.98036236086411988 1.0331604709699025 0.92537549981554756 0.93400352397339514 1.0708464113732441 0.071074999899335065 0.99451885417014119 0.054777272205861115 15.500000000000002 1.0383645468030915 1.0495977992914343 1.1519137453306867 1.046044138653544
decision_type=2 2 2 2 2 2 2 2 2 2 2 2 2 2
left_child=1 3 -3 4 -1 -4 -7 8 -2 -10 11 -9 13 -12
right_child=7 2 5 -5 -6 6 -8 10 9 -11 12 -13 -14 -15
leaf_value=0.00062051631107218016 0.00028034413776558407 0.00093658873241635405 -8.5687807821447276e-05 -5.5959321698600468e-05 5.1452303594641459e-05 3.4357740698137146e-05 0.00030859699774199152 0.00011719542700950832 -0.00038369648049827788 -4.7709521868583111e-05 -0.00019940582069273233 -1.4907441846250781e-06 0.00033264447882163474 -4.5338400114729011e-06
leaf_weight=744195.51973342896 1349922.7945480347 2070884.5472587347 961522.43701255322 1392770.1580190659 744034.73244976997 788195.33802318573 522324.89563989639 5450293.1163768768 1758900.8594970703 2066064.2591400146 2066718.0862426758 5625316.8367289305 1456912.6109826565 2153299.4186787605
leaf_count=1357 1691 1531 775 1272 1339 2374 260 3661 1333 1191 1365 4766 1823 1773
internal_value=0.00123671 0.00441169 0.00650646 0.00125396 0.00343476 0.00120945 0.00288178 0.000190723 -0.000884777 -0.00198114 0.000522947 0.000964466 -0.000338451 -0.00103641
internal_weight=2.91514e+07 7.22393e+06 4.34293e+06 2.881e+06 1.48823e+06 2.27204e+06 1.31052e+06 2.19274e+07 5.17489e+06 3.82497e+06 1.67525e+07 1.10756e+07 5.67693e+06 4.22002e+06
internal_count=26511 8908 4940 3968 2696 3409 2634 17603 4215 2524 13388 8427 4961 3138
is_linear=0
shrinkage=0.03


Tree=398
num_leaves=15
num_cat=4
split_feature=1 0 0 16 0 12 12 0 16 1 12 12 11 2
split_gain=101273 135731 23829.4 11839.8 8964.48 9797.66 13579.2 8345.48 10845.6 9544.27 20361.4 17211.3 15936.8 19180.9
threshold=10.500000000000002 0 1 0.069323036293978832 2 1.024112885485482 1.0081464412505341 3 0.067129503413044148 16.500000000000004 0.99929039374996764 0.98603147315637651 1.0650063805139773 1.5000000000000002
decision_type=2 1 1 2 1 2 2 1 2 2 2 2 2 2
left_child=1 -1 3 -3 -4 6 -6 8 -2 10 -9 -11 13 -13
right_child=7 2 4 -5 5 -7 -8 9 -10 11 -12 12 -14 -15
leaf_value=0.00068778307734776792 0.00039821441791603444 0.00023828048241902208 -0.00012216639403856542 0.00064274973197325715 0.00020418871450131765 0.0003229050920148775 -0.00024381139125911557 -0.00028277025141866936 -0.00010451288940037689 0.00023513593873445113 -1.2776861541512488e-05 3.4370484939606291e-05 0.00015949012628906314 -0.00023202686265438817
leaf_weight=2088466.2914315462 2205510.1208043098 904164.23577356339 1267020.3141182661 769935.64445567131 1567315.1830747128 1453094.9792392254 936065.58470153809 2552585.3506469727 1813805.3502197266 1374369.2012882233 6495325.3884158134 1474547.8572616577 1753039.7383754253 2820650.0488493443
leaf_count=1252 3646 1854 2033 406 1740 1855 1031 1435 1805 1094 3655 934 1515 2307
internal_value=0.00104797 0.00370331 0.0016745 0.00478921 0.000676241 0.00137954 0.000242147 -0.000116558 0.00110906 -0.000415646 -0.00106974 0.000381677 -0.000306955 -0.00129077
internal_weight=2.94759e+07 8.98606e+06 6.8976e+06 1.6741e+06 5.2235e+06 3.95648e+06 2.50338e+06 2.04898e+07 4.01932e+06 1.64705e+07 9.04791e+06 7.42261e+06 6.04824e+06 4.2952e+06
internal_count=26562 10171 8919 2260 6659 4626 2771 16391 5451 10940 5090 5850 4756 3241
cat_boundaries=0 1 2 3 4
cat_threshold=16 257 34 162
is_linear=0
shrinkage=0.03


Tree=399
num_leaves=15
num_cat=2
split_feature=0 13 13 11 10 3 12 12 10 0 10 11 13 10
split_gain=69713.7 53568.2 68921.5 10590.9 30678.6 10119.2 14604.1 22299.9 16576.7 19172.5 11926 10714.8 10095 8212.23
threshold=0 0.97493813005198982 1.0370932771690724 0.86277403626205151 0.88066046847211721 2.5000000000000004 1.0077918519281821 1.00287161818184 1.1714616938353537 1 1.0612853180609443 0.99272723637215787 0.92537549981554756 1.0596278767251972
decision_type=1 2 2 2 2 2 2 2 2 1 2 2 2 2
left_child=1 12 -3 -2 -5 6 7 11 9 -8 -7 -6 -1 -11
right_child=3 2 -4 4 5 10 8 -9 -10 13 -12 -13 -14 -15
leaf_value=0.00017440545146662817 0.00043967107714766004 0.00042894119341385423 3.103968131403889e-05 -0.00076349851368768932 0.00023184005760771076 1.9533327331986068e-05 0.00035504826279360432 0.00063443497946262051 0.00031560739035063184 -0.00017291807700968673 -0.00078461967776915381 -3.7512010023292833e-05 -6.1418653782370689e-05 -1.1692597821007356e-05
leaf_weight=1431190.7005792856 1028330.2041869164 3561613.2140262127 2468273.7940173149 1054096.9646208286 2168480.8491524458 1016691.3637928963 1679728.5847260952 1171960.7372230291 1881726.4814991951 4347115.0321948528 604475.29284143448 2147660.1002362967 1686477.4215090275 3036104.227891922
leaf_count=1346 1156 1692 1958 983 1867 1780 2472 961 2042 3527 1181 1934 917 2789
internal_value=0.0012238 0.00339552 0.00504628 0.000237231 7.76231e-05 0.000368083 0.000591165 0.00185414 -4.21392e-05 -0.00057414 -0.00189317 0.00085765 0.000202795 -0.00123229
internal_weight=2.92839e+07 9.14756e+06 6.02989e+06 2.01364e+07 1.9108e+07 1.80539e+07 1.64328e+07 5.4881e+06 1.09447e+07 9.06295e+06 1.62117e+06 4.31614e+06 3.11767e+06 7.38322e+06
internal_count=26605 5913 3650 20692 19536 18553 15592 4762 10830 8788 2961 3801 2263 6316
cat_boundaries=0 1 2
cat_threshold=17 288
is_linear=0
shrinkage=0.03


Tree=400
num_leaves=15
num_cat=4
split_feature=1 0 0 16 0 1 14 0 11 11 10 16 11 10
split_gain=113127 160659 23596.1 14339.3 13033.7 13732.2 12426 11290.6 12479 12430 13065.8 9618.79 7563.63 7433.36
threshold=10.500000000000002 0 1 0.083213935661380453 2 8.5000000000000018 0.9547205523788248 3 0.96092504511688037 1.0074632817481786 1.1037060526275941 0.069323036293978832 1.021968476268863 1.0821230818239316
decision_type=2 1 1 2 1 2 2 1 2 2 2 2 2 2
left_child=1 -1 11 7 -4 6 -6 13 -9 -10 12 -3 -11 -2
right_child=3 2 4 -5 5 -7 -8 8 9 10 -12 -13 -14 -15
leaf_value=0.00068707559195787854 2.3804519509521517e-05 0.00032186021108875242 -0.00022403417855181842 -0.00012775461099276837 0.00044001626019705953 -6.0894428377917418e-05 0.00013056224601564888 0.00013508454283282353 -0.00021350049516027448 -5.1758182221066539e-05 -0.00025903882541473863 0.00067965785797418883 4.4086790449872865e-05 0.00024721121172080062
leaf_weight=2046994.7340085506 5391850.807197094 910736.7462054491 1246523.4320864677 3337484.614654541 757739.45422828197 1539429.9351806641 1616897.0505384207 1567906.7546348572 1681757.1037826538 1759734.2256815434 1542398.509327054 781391.02288365364 2894986.3595461845 2158300.5144364834
leaf_count=1256 5373 1824 2019 1886 1150 1106 2335 1112 1003 997 1246 408 2042 2670
internal_value=0.000972338 0.00379323 0.00159022 -0.000262275 0.000582182 0.00143301 0.00286375 9.0741e-05 -0.000600503 -0.00108691 -0.000466166 0.00466449 0.000326785 0.000955628
internal_weight=2.92341e+07 8.89971e+06 6.85272e+06 2.03344e+07 5.16059e+06 3.91407e+06 2.37464e+06 1.69969e+07 9.44678e+06 7.87888e+06 6.19712e+06 1.69213e+06 4.65472e+06 7.55015e+06
internal_count=26427 10098 8842 16329 6610 4591 3485 14443 6400 5288 4285 2232 3039 8043
cat_boundaries=0 1 2 3 4
cat_threshold=16 257 34 171
is_linear=0
shrinkage=0.03


Tree=401
num_leaves=15
num_cat=3
split_feature=1 0 0 0 12 16 12 10 10 11 11 12 14 12
split_gain=107053 123274 20237.9 11320.6 18388.9 29270 15626.3 17076.7 12979.3 27488.4 28050.1 10719 12750.8 10209.3
threshold=10.500000000000002 0 1 2 0.99528009571186626 0.066099849000144359 1.0062873681656186 1.022958258627247 1.0169331504814727 1.0344887901146891 1.0816503814833049 1.0488857053949088 0.95101795393994237 1.0053593290700693
decision_type=2 1 1 1 2 2 2 2 2 2 2 2 2 2
left_child=1 -1 13 6 5 -5 7 -2 -6 -10 -11 -8 -13 -3
right_child=3 2 -4 4 8 -7 11 -9 9 10 -12 12 -14 -15
leaf_value=0.00067118288311180502 0.00010110272821914511 0.00082778275889950964 0.00010101520691199095 -1.2906400027265275e-05 7.4422025412413263e-05 -0.00057324727503616976 -0.00011050809882453077 0.0010270827991156713 -0.00026245950883470477 0.00019561324803454803 -0.00014441610400292619 -0.00015312042680545122 0.0004613364408788656 0.0003177093004468607
leaf_weight=2010855.6604396105 1318510.8027563095 763160.46589303017 5142499.6353276968 2064765.5390434265 3071666.7727262974 1669119.7250976562 3260080.8553974628 915303.2996006012 2316994.4545092583 1838507.9176006317 1873215.1605129242 848755.52591848373 1151137.3671147823 960246.64513838291
leaf_count=1248 1720 1021 6633 1487 1633 784 3878 1049 1211 962 1171 948 1469 1258
internal_value=0.00109112 0.00383973 0.00192647 -0.000109137 -0.000650108 -0.00242292 0.000817358 0.00291953 7.72753e-05 -0.000731431 0.000869079 -7.53929e-05 0.0016537 0.00473997
internal_weight=2.92048e+07 8.87676e+06 6.86591e+06 2.03281e+07 1.28343e+07 3.73389e+06 7.49379e+06 2.23381e+06 9.10038e+06 6.02872e+06 3.71172e+06 5.25997e+06 1.99989e+06 1.72341e+06
internal_count=26472 10160 8912 16312 7248 2271 9064 2769 4977 3344 2133 6295 2417 2279
cat_boundaries=0 1 2 3
cat_threshold=16 257 227
is_linear=0
shrinkage=0.03


Tree=402
num_leaves=15
num_cat=2
split_feature=0 16 16 16 16 11 10 10 14 10 10 14 0 14
split_gain=48514.8 47374.4 15077 14242.9 14005 6265.34 28333 7665.23 6916.26 20444.1 8025.77 16956.2 12052.2 10771.3
threshold=0 0.066633989729168841 0.054451771786092014 0.096497318894343695 0.091898561183951608 0.86277403626205151 0.88066046847211721 0.98137359294060911 1.047023507217866 1.0625774086502771 1.0340049789758805 1.0097580670986954 1 1.0017554417969998
decision_type=1 2 2 2 2 2 2 2 2 2 2 2 1 2
left_child=1 2 -1 4 5 -2 -7 -8 10 -10 11 12 -9 -12
right_child=3 -3 -4 -5 -6 6 7 8 9 -11 13 -13 -14 -15
leaf_value=0.00011979398178542785 0.00034697345033243393 0.00028191593777781562 -3.7639990748194582e-05 0.00038899863024214964 -0.00017654426501161546 -0.00069998701022452544 0.00029693675044075389 0.00022053638774049584 -0.00031048246216519343 0.00032114510779410351 6.4331259727343044e-05 0.00047456588353060814 -7.6456943817696985e-05 -0.0001523851727400082
leaf_weight=1878042.1748987436 1073619.832852006 3198250.158203125 1592200.3391418457 1078149.4407501221 1020383.0164208412 1087967.7963393927 1854577.3122093678 1844649.9569746256 1412930.4130707979 820987.0622035265 7517548.8772243261 1148046.5653634071 1750759.7481147051 2084902.3403737545
leaf_count=1682 1277 863 528 672 476 1091 2066 1683 2198 1737 7533 1007 1746 2048
internal_value=0.00114482 0.00339442 0.000966943 0.000483807 0.000315962 0.000485928 0.000363223 0.000640871 0.000436273 -0.00111646 0.000678062 0.00168765 0.000674104 0.000179341
internal_weight=2.9363e+07 6.66849e+06 3.47024e+06 2.26945e+07 2.16164e+07 2.0596e+07 1.95224e+07 1.84344e+07 1.65798e+07 2.23392e+06 1.43459e+07 4.74346e+06 3.59541e+06 9.60245e+06
internal_count=26607 3073 2210 23534 22862 22386 21109 20018 17952 3935 14017 4436 3429 9581
cat_boundaries=0 1 2
cat_threshold=16 75
is_linear=0
shrinkage=0.03


Tree=403
num_leaves=15
num_cat=2
split_feature=1 0 0 12 11 13 13 2 11 10 16 16 12 1
split_gain=81084.3 133399 18758.8 15829.5 12692.4 11821.4 17521.6 9486.79 9095.36 12180.5 7501.42 8869.01 9364.65 28359.7
threshold=10.500000000000002 0 1 1.0049158022346554 1.0031234500651489 1.049277731002584 0.9779982810040706 2.5000000000000004 1.1324593909708214 1.1097059186469014 0.081308984922925889 0.070340276199253635 0.99379942660604637 15.500000000000002
decision_type=2 1 1 2 2 2 2 2 2 2 2 2 2 2
left_child=1 -1 4 -4 -3 6 -5 -6 9 10 11 12 13 -2
right_child=8 2 3 5 7 -7 -8 -9 -10 -11 -12 -13 -14 -15
leaf_value=0.0006826163582665805 -7.9192439110184937e-05 0.0006445158496230488 -0.00014903147886592425 -2.0302775810581518e-05 3.8796111151868233e-05 -0.00033775693604429501 0.00050072623253417708 0.00036685267136331025 0.00020208777655214574 -0.00027403041102698098 -7.2190793252163769e-05 0.00010646283893922962 -3.9494626267392341e-05 0.0004892772031104926
leaf_weight=2047048.6207479239 1531630.7909240723 962115.97069764137 1251599.8672003746 1084535.3614598513 1172897.4558964968 778814.86774528027 793969.60195469856 875595.58754944801 2194867.6014528275 1609930.0258038044 3659244.669149518 2753398.8402838707 7375369.3931260109 1296267.2272901535
leaf_count=1252 941 1112 1690 1682 1085 1333 781 1254 2060 1634 1937 1767 6415 1603
internal_value=0.00109933 0.00347744 0.00148717 0.000116335 0.00326703 0.00142654 0.00271492 0.0019321 5.51212e-05 -0.000164592 7.68161e-05 0.000415567 7.83224e-06 0.0014756
internal_weight=2.93873e+07 8.96658e+06 6.91953e+06 3.90892e+06 3.01061e+06 2.65732e+06 1.8785e+06 2.04849e+06 2.04207e+07 1.82258e+07 1.66159e+07 1.29567e+07 1.02033e+07 2.8279e+06
internal_count=26546 10189 8937 5486 3451 3796 2463 2339 16357 14297 12663 10726 8959 2544
cat_boundaries=0 1 2
cat_threshold=16 261
is_linear=0
shrinkage=0.03


Tree=404
num_leaves=15
num_cat=1
split_feature=0 13 13 12 11 11 10 3 12 10 12 12 11 12
split_gain=25462 20269.4 19080.5 11390 16378 34194 14271.7 10109.8 9970.53 9852.49 18526 24105.4 19014.2 16711.8
threshold=0 0.97493813005198982 1.0211421444906525 0.94365407296847026 0.88978298854405191 0.94582335825913144 0.97017710945342939 2.5000000000000004 1.0073531584289153 1.0862148502590399 1.0077918519281821 1.0045628678959269 1.0144223363856211 1.0137968994692892
decision_type=1 2 2 2 2 2 2 2 2 2 2 2 2 2
left_child=1 -1 -3 -2 -5 -6 -7 9 -9 10 11 12 -8 -12
right_child=3 2 -4 4 5 6 7 8 -10 -11 13 -13 -14 -15
leaf_value=7.0470936073238428e-06 -0.00021888434811440918 0.00032297800205804354 8.2811721414607757e-05 0.00040647699130347465 -0.00099889912065928349 0.00049605680999934693 -5.1661375215888388e-05 -0.00073065665578343167 4.8852142285289193e-06 0.00023342076802758326 -0.0003029694707603086 0.00051620646109982722 0.00040834005794352057 4.5806939096894347e-06
leaf_weight=2191856.5248647928 1206887.6613435745 2251967.6731638908 2298458.4519520998 1153606.7939099073 1019438.1013473272 1104662.7615733147 2449848.4830522537 578288.20142507553 1025019.6032485962 5372008.8468785286 1553476.4574049711 1168204.8339006901 1172134.8664683104 4845844.3134156466
leaf_count=1078 1474 838 1179 940 1113 1303 2190 948 1945 5874 1275 1002 937 4451
internal_value=0.00102606 0.00264444 0.00378606 0.000544304 0.000703911 0.000506208 0.000789486 0.000588149 -0.00168652 0.000808357 0.000301358 0.00171226 0.000503643 -0.000754767
internal_weight=2.93917e+07 6.74228e+06 4.55043e+06 2.26494e+07 2.14425e+07 2.02889e+07 1.92695e+07 1.81648e+07 1.60331e+06 1.65615e+07 1.11895e+07 4.79019e+06 3.62198e+06 6.39932e+06
internal_count=26547 3095 2017 23452 21978 21038 19925 18622 2893 15729 9855 4129 3127 5726
cat_boundaries=0 1
cat_threshold=16
is_linear=0
shrinkage=0.03


Tree=405
num_leaves=15
num_cat=3
split_feature=1 0 13 0 16 0 10 14 14 10 10 1 14 13
split_gain=78553.6 102186 78610.9 14379 13113.3 10300.1 12154.4 10546.4 8185.44 9987.29 11867.4 15667.4 7401.65 7232.39
threshold=10.500000000000002 0 0.98859299337777551 1 0.084989138023889382 2 0.89318320856760713 1.027782322632814 0.88587850396343326 0.99451885417014119 1.0449516634702618 16.500000000000004 0.98347962491359531 0.98036236086411988
decision_type=2 1 2 1 2 1 2 2 2 2 2 2 2 2
left_child=1 2 -1 -3 5 7 -7 12 -8 -10 11 -11 -2 -5
right_child=4 3 -4 13 -6 6 8 -9 9 10 -12 -13 -14 -15
leaf_value=0.00015685970692935064 9.0662522397185196e-05 0.00026287501016206708 0.00076927581036174769 -0.00012122147366722103 -0.00012574310668403429 0.00018242000466017422 -0.00038142514236202355 -0.00011757687027665998 -0.00023349637842921657 0.0001846090497338869 -5.1689558765543552e-05 -0.00010054277843469732 0.00038330453074385485 0.00011582051200661836
leaf_weight=1251370.9164923429 2791090.4788837433 2109447.7309225798 1792599.3628821373 1705556.372420311 2628536.2317613363 1255880.8684520721 1261650.359675169 1332973.7961695194 1489748.5842370987 2622599.4846940041 3815483.1870334148 1860972.2545888424 1264877.0088233948 2270137.5722780228
leaf_count=1138 2291 2295 1333 2494 1509 1088 1114 1544 1255 1453 3410 1661 1045 3046
internal_value=0.000908993 0.00322068 0.00770831 0.000975813 -0.000129376 0.000164323 -0.000314638 0.00125809 -0.000632478 -0.00033935 6.66469e-05 0.00111317 0.00201892 -8.6442e-05
internal_weight=2.94529e+07 9.12911e+06 3.04397e+06 6.08514e+06 2.03238e+07 1.76953e+07 1.23063e+07 5.38894e+06 1.10505e+07 9.7888e+06 8.29905e+06 4.48357e+06 4.05597e+06 3.97569e+06
internal_count=26676 10306 2471 7835 16370 14861 9981 4880 8893 7779 6524 3114 3336 5540
cat_boundaries=0 1 2 3
cat_threshold=272 5 42
is_linear=0
shrinkage=0.03


Tree=406
num_leaves=15
num_cat=0
split_feature=1 13 13 13 14 16 10 14 3 16 3 12 1 1
split_gain=76367.2 67682.7 147209 17761.8 12881.9 7464.79 9050.49 7645.39 9244.16 10425.6 7250.24 12379.3 11965.1 11604.8
threshold=10.500000000000002 0.98036236086411988 1.0331604709699025 0.84827708000984614 0.97846453599665051 0.081308984922925889 0.89318320856760713 0.9806797466796453 1.0000000180025095e-35 0.054990652489754217 1.0000000180025095e-35 1.031134868810583 17.500000000000004 15.500000000000002
decision_type=2 2 2 2 2 2 2 2 2 2 2 2 2 2
left_child=1 3 -3 -1 -5 6 -2 8 9 -8 11 13 -12 -9
right_child=5 2 -4 4 -6 -7 7 10 -10 -11 12 -13 -14 -15
leaf_value=0.00018064713744145127 0.00018647056131682171 0.00081929459289932776 5.1053366541110547e-05 -0.00015924956286726563 0.00020416045124704361 -7.7233726280917037e-05 -2.6118270319866568e-05 -0.00036046003325318498 -8.2553650674070566e-05 0.00021480594768813818 0.00020044024212062035 5.225798481983065e-05 -0.00020352336527563138 -3.2771871677760478e-05
leaf_weight=831046.3727568388 1614537.5281000137 2534723.3244967461 2812114.8025068045 1569649.8823779821 1105681.3359012604 4536062.4528743029 1711894.8664898872 1652409.0718383789 2089298.0515432358 2867613.4951171875 1697062.0865747929 1345511.3582236767 1113743.9456238747 1575236.4226346016
leaf_count=1915 1436 1834 3815 1461 1130 2502 1882 1014 2038 1727 1268 1283 1717 1399
internal_value=0.000846374 0.00316972 0.00529389 -6.94131e-05 -0.00125945 -0.000171728 0.000138557 -0.000105844 0.000630466 0.0013849 -0.00077084 -0.00150783 0.000428232 -0.0025156
internal_weight=2.90566e+07 8.85322e+06 5.34684e+06 3.50638e+06 2.67533e+06 2.02034e+07 1.56673e+07 1.40528e+07 6.66881e+06 4.57951e+06 7.38396e+06 4.57316e+06 2.81081e+06 3.22765e+06
internal_count=26421 10155 5649 4506 2591 16266 13764 12328 5647 3609 6681 3696 2985 2413
is_linear=0
shrinkage=0.03


Tree=407
num_leaves=15
num_cat=2
split_feature=16 13 13 0 16 16 9 12 11 12 2 12 11 0
split_gain=32204 17776.7 27460.1 31919.7 13561.6 13450.2 9889.55 14556.4 12791.5 7801.56 7130.96 16802.8 23460.4 17833.9
threshold=0.096497318894343695 1.0383645468030915 0.98637373320123511 0 0.040741459654567554 0.066900352591049719 89.500000000000014 1.0137025498423149 1.0727301992088165 1.0128794256609954 3.5000000000000004 0.98075970649359323 0.99908282658262915 1
decision_type=2 2 2 1 2 2 2 2 2 2 2 2 2 1
left_child=1 2 10 9 -3 -5 -6 -8 -9 -4 -1 -12 -13 -14
right_child=-2 4 3 5 6 -7 7 8 -10 -11 11 12 13 -15
leaf_value=5.8105190581942426e-05 0.00039148649369390691 0.00041246345367911404 0.00039678272726152356 0.00022630673076135658 0.00011470631706608123 -0.00010972535476967797 -0.00027352196551114021 0.0002353327276881827 -0.00012407127738235885 0.00018258581769441462 0.00024413028486592713 -0.00080415658027385446 7.8292351159806408e-05 -0.00052861037062523818
leaf_weight=8350919.5474988222 1374845.2516560555 1150230.6297221184 2216259.7052487135 1434909.0097857714 1498634.5722327232 1326736.2252502441 2790246.2929992676 1392346.2571563721 1631388.8283414841 1709410.957674861 919714.5878111124 822411.52315878868 1691072.7085553408 830778.58022046089
leaf_count=6959 711 3959 1278 1432 1020 690 1830 1013 1248 1252 942 891 1673 1515
internal_value=0.000871974 0.000650047 0.00115268 0.0027068 -0.000496369 0.000235651 -0.000972663 -0.00153279 -9.08008e-05 0.0044452 0.000328822 -0.000669368 -0.00165697 -0.00022206
internal_weight=2.91399e+07 2.77651e+07 1.93022e+07 6.68732e+06 8.46285e+06 2.76165e+06 7.31262e+06 5.81398e+06 3.02374e+06 3.92567e+06 1.26149e+07 4.26398e+06 3.34426e+06 2.52185e+06
internal_count=26413 25702 16632 4652 9070 2122 5111 4091 2261 2530 11980 5021 4079 3188
cat_boundaries=0 1 2
cat_threshold=307 93
is_linear=0
shrinkage=0.03


Tree=408
num_leaves=15
num_cat=0
split_feature=1 13 13 13 2 12 13 9 12 12 2 10 14 13
split_gain=77339.3 65111.9 113401 24724.4 14283.2 10997.1 10869.4 8180.81 8256.16 11687.7 12099.6 26557.1 30839 28179.2
threshold=9.5000000000000018 0.98036236086411988 1.0331604709699025 0.92537549981554756 1.5000000000000002 1.0149511273734639 0.8333066379066566 71.500000000000014 1.0475322582993578 1.0317115303107665 2.5000000000000004 0.96771506909300131 0.97408898661417298 1.049277731002584
decision_type=2 2 2 2 2 2 2 2 2 2 2 2 2 2
left_child=1 3 -3 6 -4 -6 -1 -2 9 10 -9 -12 -13 -14
right_child=7 2 4 -5 5 -7 -8 8 -10 -11 11 12 13 -15
leaf_value=0.00058733496182157118 0.00017583794036727803 0.00078564643193591735 0.00024878311801560486 -0.00016055962648720945 -0.00022140071608071893 5.0078730953486551e-05 2.6318807622675653e-05 -6.2706794745492282e-05 8.2925569313805771e-05 -0.0003379147383686294 -0.00057371464554268215 -6.2814597905680328e-05 0.00037942664251022675 5.5783667294740736e-05
leaf_weight=599123.67115163803 1310043.6114459038 2118146.0794314146 827615.15807831287 1365664.6543165445 755571.21111404896 718707.16331255436 899536.99307477474 7153534.5016360283 4051580.0933394432 1756073.6970300674 1516842.6465401649 2372212.0274710655 2043355.5532944202 1729473.6004710197
leaf_count=1618 1018 1527 913 1245 1261 1248 1045 4795 3725 1553 1379 1873 1593 1642
internal_value=0.000847875 0.00352614 0.0058094 2.78128e-06 0.00119991 -0.000570674 0.00266347 -4.16244e-05 -0.000187652 -0.000484453 -0.000210157 0.000618248 0.00149576 0.00318096
internal_weight=2.92175e+07 7.28436e+06 4.42004e+06 2.86433e+06 2.30189e+06 1.47428e+06 1.49866e+06 2.19331e+07 2.06231e+07 1.65715e+07 1.48154e+07 7.66188e+06 6.14504e+06 3.77283e+06
internal_count=26435 8857 4949 3908 3422 2509 2663 17578 16560 12835 11282 6487 5108 3235
is_linear=0
shrinkage=0.03


Tree=409
num_leaves=15
num_cat=1
split_feature=16 0 11 13 13 3 12 12 12 16 2 12 11 12
split_gain=36652.5 23311.8 22844 17107.5 30813.2 11874.6 11203.7 19114.5 18331.5 10734.9 9628.13 9605.33 9654.35 12183.9
threshold=0.096497318894343695 0 0.96422914078869548 1.0383645468030915 0.98442530476748047 1.0000000180025095e-35 1.0065793869439743 0.98613925267429281 1.0286147346963392 0.065800905902728843 4.5000000000000009 1.0671690946621852 1.028352128358649 0.9689176920627357
decision_type=2 1 2 2 2 2 2 2 2 2 2 2 2 2
left_child=1 2 -1 4 -4 11 7 -7 10 -5 -8 12 13 -3
right_child=-2 5 3 9 -6 6 8 -9 -10 -11 -12 -13 -14 -15
leaf_value=0.00028731287739927348 0.00042327809151682366 -8.4123057449155439e-05 -6.7552996438543869e-06 -0.0001760967427716455 0.00022630333851864778 -5.6603486148088189e-05 -2.1200797869370636e-05 -0.00080785225124376729 -0.00020733238392083448 6.4738897678397127e-05 0.00045674634276870129 0.00035371450260544894 -8.8847221547864091e-05 0.00016885593866222437
leaf_weight=1686278.4367315769 1419115.3042609692 1363372.4632492065 3154390.6298469305 1326637.0809497833 2801014.8919047117 1344493.6677994728 998210.42888629436 953434.56694281101 1970350.0563085079 1198056.4923095703 892366.7295883894 1701262.6623175144 4093120.7669295073 4559763.7306776047
leaf_count=1509 731 1123 2895 1795 1643 1622 879 1071 2696 764 1304 1618 3553 3435
internal_value=0.000838598 0.000600562 0.00174754 0.0011134 0.00199073 -5.1731e-05 -0.00111823 -0.00277678 -0.000131094 -0.000956101 0.00197923 0.00050883 0.000154839 0.000929089
internal_weight=2.94619e+07 2.80428e+07 1.01664e+07 8.4801e+06 5.95541e+06 1.78764e+07 6.15886e+06 2.29793e+06 3.86093e+06 2.52469e+06 1.89058e+06 1.17175e+07 1.00163e+07 5.92314e+06
internal_count=26638 25907 8606 7097 4538 17301 7572 2693 4879 2559 2183 9729 8111 4558
cat_boundaries=0 1
cat_threshold=145
is_linear=0
shrinkage=0.03


Tree=410
num_leaves=15
num_cat=3
split_feature=1 0 0 11 16 9 0 11 14 9 16 16 11 14
split_gain=74904.3 90049.7 15664.4 14561.3 9356.01 10224.8 13673.2 17041.8 8588.6 8521.18 8240.31 10198.5 6503.48 5992.4
threshold=9.5000000000000018 0 1 1.0099514182531915 0.084989138023889382 71.500000000000014 2 1.0546192281003315 0.95755032181688737 88.500000000000014 0.054451771786092014 0.065587605489676196 1.0308370703839311 0.97624014042274398
decision_type=2 1 1 2 2 2 1 2 2 2 2 2 2 2
left_child=1 -1 3 -3 5 -2 7 10 -4 -8 -7 -12 -10 -11
right_child=4 2 8 -5 -6 6 9 -9 12 13 11 -13 -14 -15
leaf_value=0.00057871006590665532 0.00025442702884811953 0.00058348391783400583 0.00017500695867737607 0.00014502901709098192 -0.00010963214239470875 0.00010278763748991019 -0.00017686766069122481 -0.00021424277575113457 -0.00027826890595435252 0.00021959083630226995 -0.00010280545911917581 6.4980060365314909e-06 0.00011806643567919994 2.3207954153905608e-05
leaf_weight=1679094.7309994698 1220551.9989104271 891829.53314507008 1080139.3731782436 1602192.4998726845 2709241.5485453606 2157814.5437591076 938102.91038894653 2158024.1658791304 1161643.1187902689 3934760.8034996986 2251138.1327929497 2244102.0395393372 894755.80695509911 4506768.285558939
leaf_count=1151 948 1095 1675 1974 1557 1713 1041 1379 1580 3967 1058 973 1509 5046
internal_value=0.000796221 0.00342908 0.00161072 0.00338523 -7.3799e-05 0.000156698 -2.16523e-05 -0.000870267 0.000199716 0.000775523 -0.000118848 -0.000850345 -0.000938024 0.00107696
internal_weight=2.94302e+07 7.30966e+06 5.63056e+06 2.49402e+06 2.21205e+07 1.94113e+07 1.81907e+07 8.81108e+06 3.13654e+06 9.37963e+06 6.65305e+06 4.49524e+06 2.0564e+06 8.44153e+06
internal_count=26666 8984 7833 3069 17682 16125 15177 5123 4764 10054 3744 2031 3089 9013
cat_boundaries=0 1 2 3
cat_threshold=16 261 280
is_linear=0
shrinkage=0.03


Tree=411
num_leaves=15
num_cat=0
split_feature=1 13 13 13 2 13 3 10 16 2 14 13 14 10
split_gain=61079.9 56772.4 134978 27657.7 11500.4 9740.39 7910.84 14439.4 9395.27 8505.24 8477.83 11168.1 7992 7504.02
threshold=10.500000000000002 0.98036236086411988 1.0331604709699025 0.89229659480800205 1.5000000000000002 1.0784732619490296 1.0000000180025095e-35 1.1267163222885357 0.07190894582191279 2.5000000000000004 0.92839959098897473 0.97709518418763774 0.99069238779689206 1.0169331504814727
decision_type=2 2 2 2 2 2 2 2 2 2 2 2 2 2
left_child=1 3 -3 -1 -4 -6 7 9 13 10 -2 -12 -13 -8
right_child=6 2 4 -5 5 -7 8 -9 -10 -11 11 12 -14 -15
leaf_value=0.00028365797306786732 -0.00027445851062794509 0.00073690132706750642 0.00017667621295068515 -0.00011264234788983141 -0.00021218510689060505 8.215261608546076e-05 0.00013104002598579733 0.00028372911791364178 -0.00013870359187477895 0.00016860162104520083 8.0411256115435703e-05 -0.00011583772141408365 -9.1825476815820703e-06 -9.2317578214598913e-05
leaf_weight=1281358.1466927528 1575740.5319085121 2444041.5155645609 958426.48089540005 2254540.2010550499 860213.15034222603 987590.28706085682 1426516.491216898 2028990.8546488285 3738799.3901481628 2554159.7502520084 2565407.9561953545 1526043.6684293747 2750124.7218244076 2216031.9211651087
leaf_count=2436 1259 1795 1027 2047 761 2061 1652 1770 2768 1746 1715 918 1878 2668
internal_value=0.000711209 0.00280214 0.00478115 -0.0001364 0.000292094 -0.00109105 -0.000190145 0.000255203 -0.000974518 -0.000174753 -0.000634871 -0.00017795 -0.00111677 0.000109837
internal_weight=2.9168e+07 8.78617e+06 5.25027e+06 3.5359e+06 2.80623e+06 1.8478e+06 2.03818e+07 1.30005e+07 7.38135e+06 1.09715e+07 8.41732e+06 6.84158e+06 4.27617e+06 3.64255e+06
internal_count=26501 10127 5644 4483 3849 2822 16374 9286 7088 7516 5770 4511 2796 4320
is_linear=0
shrinkage=0.03


Tree=412
num_leaves=15
num_cat=0
split_feature=1 16 16 11 1 11 10 12 11 12 1 2 10 12
split_gain=59126.7 21896.1 7921.03 10934.7 14479.2 8887.67 21693.2 13344.4 13391.8 9238.62 9107.39 7631.5 28311.7 15704
threshold=9.5000000000000018 0.080017103617756949 0.05321402035528975 0.9847744481008941 13.500000000000002 1.0025409389413917 1.0157067546290344 1.0222447880274059 1.0358148757179293 1.0320796884488568 16.500000000000004 1.5000000000000002 1.0414760349388581 1.0381505145785714
decision_type=2 2 2 2 2 2 2 2 2 2 2 2 2 2
left_child=1 11 3 -2 -5 10 -7 8 -8 -9 -4 12 -1 -13
right_child=2 -3 5 4 -6 6 7 9 -10 -11 -12 13 -14 -15
leaf_value=0.00047062061613449292 0.00064870031916024022 0.00035716082624668265 -0.00015725015381875572 0.00026672870702408477 -0.00017031131469112863 0.00027099958382129801 -2.5822352085061299e-05 -0.00022006369762573569 0.00020454820605172555 -5.584055915876729e-05 5.8905548516887581e-07 -6.2421145783192358e-06 -6.3505670847632283e-05 0.00030711818818533163
leaf_weight=941260.0469019413 826742.48147630692 2394285.1024298668 3641180.8484802246 1027265.6920146942 2204065.2003302574 2053199.2510929108 2735782.7553405762 1513327.2128305435 1898585.5114593506 4101092.7021819353 2044160.1548919678 2530045.7897822857 770765.15958809853 689269.29009199142
leaf_count=1204 1335 940 2412 850 4064 1195 1474 805 1320 3008 1142 4285 1075 1426
internal_value=0.000588634 0.00292365 -0.000187286 0.00100994 0.000222243 -0.000457389 -4.05046e-06 -0.000567914 0.000623581 -0.00155142 -0.00143833 0.0017808 0.00339915 0.000920173
internal_weight=2.9371e+07 7.32563e+06 2.20454e+07 4.05807e+06 3.23133e+06 1.79873e+07 1.2302e+07 1.02488e+07 4.63437e+06 5.61442e+06 5.68534e+06 4.93134e+06 1.71203e+06 3.21932e+06
internal_count=26535 8930 17605 6249 4914 11356 7802 6607 2794 3813 3554 7990 2279 5711
is_linear=0
shrinkage=0.03


Tree=413
num_leaves=15
num_cat=0
split_feature=1 16 16 12 10 12 12 12 2 10 10 10 10 12
split_gain=52673.2 25313.2 14439.9 21303.5 12283.4 12159.2 11688.6 22338.8 11251.2 38428.6 11494.5 10722.4 6781.42 5910.12
threshold=10.500000000000002 0.096497318894343695 0.055672035124616014 0.99977566849591148 0.98873969880633472 0.98075970649359323 1.0222447880274059 1.0475322582993578 1.5000000000000002 1.0513365094385227 1.0850035725096141 0.99845861747995823 1.0283647253166985 1.0077918519281821
decision_type=2 2 2 2 2 2 2 2 2 2 2 2 2 2
left_child=1 8 4 5 -2 -4 12 -8 9 -1 11 -10 -6 -5
right_child=2 -3 3 13 6 -7 7 -9 10 -11 -12 -13 -14 -15
leaf_value=0.00048080717200939233 0.00043382777299424356 0.00038128892365508539 -0.00010115145072377048 9.7479558220155003e-05 -3.853596485811144e-05 -0.0003402450608671564 -0.00041206635725195463 0.00018676192239399338 0.00027778043155143325 -8.3815790512754157e-05 0.00022111923940626853 -3.537185145378201e-05 0.00025399449622070185 -2.4804211216477463e-05
leaf_weight=1636971.7238929272 1226420.7200727463 1157964.4890265465 2177956.0885925293 2229075.9879150391 1268733.3453791142 1887737.0872192383 921768.89532923698 976749.22735738754 1363884.6960918903 1056695.7683508396 1094067.8774236441 2543806.5302728415 1431334.6415464878 8347372.0697700977
leaf_count=1581 1545 498 1394 1158 1357 1149 1033 1493 1845 1207 1835 3193 1706 5560
internal_value=0.000562739 0.00249606 -0.00027355 -0.000776148 0.000989816 -0.00262179 0.000278372 -0.00152535 0.0018738 0.00343692 0.00103199 0.000271017 0.00154664 -6.66653e-05
internal_weight=2.93205e+07 8.85339e+06 2.04671e+07 1.46421e+07 5.82501e+06 4.06569e+06 4.59859e+06 1.89852e+06 7.69543e+06 2.69367e+06 5.00176e+06 3.90769e+06 2.70007e+06 1.05764e+07
internal_count=26554 10159 16395 9261 7134 2543 5589 2526 9661 2788 6873 5038 3063 6718
is_linear=0
shrinkage=0.03


Tree=414
num_leaves=15
num_cat=0
split_feature=1 13 13 13 12 12 13 13 16 2 13 1 12 10
split_gain=58420.1 55913.2 129742 26622.8 19456.8 17791.3 8186.5 10648.2 9166.66 9061.17 8114.27 7355.83 17760.7 11884.5
threshold=10.500000000000002 0.98036236086411988 1.0331604709699025 0.91644270318693211 1.0209991217275116 1.0163365844656924 0.98036236086411988 0.77868608343558521 0.065337552170939048 4.5000000000000009 1.076634619165022 14.500000000000002 1.0218310413711047 1.0291511211659856
decision_type=2 2 2 2 2 2 2 2 2 2 2 2 2 2
left_child=1 3 -3 5 10 -1 7 -2 11 -10 -4 -8 13 -13
right_child=6 2 4 -5 -6 -7 8 -9 9 -11 -12 12 -14 -15
leaf_value=0.0004601056564307105 -0.00022377088906660593 0.00070734804045305736 -0.00022078413474146315 -0.00012149892438505965 0.00026987800832538789 -8.5078264751395978e-05 -5.6637393813186149e-05 6.1826420711807244e-05 -9.7772302253147151e-05 3.697688080699471e-05 5.2098036750943741e-05 6.0517517046997011e-05 -0.00013584709787507526 0.00038279264484613728
leaf_weight=1054757.6776577234 1320453.378786087 2505548.9679658413 799882.19636547565 1887317.7841756344 1107325.6828836203 625004.03798615932 2981277.4911422729 7446146.6816244125 3698811.5680236816 1799989.5104181767 855421.35913467407 1113325.5337843895 1183203.6979634762 848778.1496295929
leaf_count=1531 1374 1819 626 1665 1574 1268 2004 5839 1782 1443 1631 1315 1580 1004
internal_value=0.000881964 0.00291961 0.0048834 1.931e-05 0.000399857 0.00276651 -8.88604e-07 0.000691307 -0.000522867 -0.00141206 -0.00165933 0.000275216 0.00128726 0.00303786
internal_weight=2.92272e+07 8.83526e+06 5.26818e+06 3.56708e+06 2.76263e+06 1.67976e+06 2.0392e+07 8.7666e+06 1.16254e+07 5.4988e+06 1.6553e+06 6.12658e+06 3.14531e+06 1.9621e+06
internal_count=26455 10114 5650 4464 3831 2799 16341 7213 9128 3225 2257 5903 3899 2319
is_linear=0
shrinkage=0.03


Tree=415
num_leaves=15
num_cat=3
split_feature=1 0 13 13 0 10 10 0 10 10 10 14 11 11
split_gain=49781.1 86673.3 57295.5 98590.3 12140.3 14472.8 11757.9 6465.65 7515.3 10093.7 8975.42 15458.9 17471.7 5494.95
threshold=10.500000000000002 0 0.98036236086411988 1.0268570593369379 1 1.022958258627247 1.022958258627247 2 1.0990918803224481 1.0414760349388581 1.0249059289088667 0.96865785668567095 1.0015731347400096 1.0043317453751401
decision_type=2 1 2 2 1 2 2 1 2 2 2 2 2 2
left_child=1 2 -1 -4 5 -3 -6 13 9 10 11 -9 -13 -2
right_child=7 4 3 -5 6 -7 -8 8 -10 -11 -12 12 -14 -15
leaf_value=2.805442012444367e-05 0.0002369442563885028 0.00032078228393155647 0.00091827640759498444 0.00021094465608153929 -0.00051027335643261389 -3.659315551898941e-05 -5.1167526005073624e-05 -0.00021940648009357403 -0.00019391106024736369 8.4925924064754041e-05 -0.00011904295432578703 -3.9736176420090898e-05 0.00024221983164946084 2.9514610693549654e-06
leaf_weight=1327265.1999187469 2133153.3594498634 1364396.8342109919 1185253.7142976522 1192684.0351290703 631786.2147090435 1899195.5561715364 1358008.5808676481 1909095.9846532345 1969319.1496953964 2862710.7321261168 1919592.1570646763 2329479.313419342 1941745.7079489231 5414825.2857415676
leaf_count=1484 2674 1494 662 1359 1031 1972 2178 1121 1242 1520 1035 1340 1026 6489
internal_value=0.00069366 0.00255892 0.00607256 0.00885968 8.07501e-05 0.00120684 -0.00176621 -0.000122267 -0.000529503 -0.00022298 -0.000764156 -0.000207602 0.000795493 0.00057545
internal_weight=2.94385e+07 8.95859e+06 3.7052e+06 2.37794e+06 5.25339e+06 3.26359e+06 1.98979e+06 2.04799e+07 1.29319e+07 1.09626e+07 8.09991e+06 6.18032e+06 4.27123e+06 7.54798e+06
internal_count=26627 10180 3505 2021 6675 3466 3209 16447 7284 6042 4522 3487 2366 9163
cat_boundaries=0 1 2 3
cat_threshold=273 140 227
is_linear=0
shrinkage=0.03


Tree=416
num_leaves=15
num_cat=2
split_feature=1 0 0 12 12 12 1 2 12 10 12 10 12 10
split_gain=59193.9 73580.5 15550.7 11424.8 15019.1 11589.3 16750.5 19340.8 11222.9 16643 11471 10399.5 22624.8 19146
threshold=10.500000000000002 0 1 0.96646321140865099 1.0095804244260049 1.0213035412072564 8.5000000000000018 2.5000000000000004 1.0062873681656186 1.022958258627247 1.0209991217275116 1.0169331504814727 0.99929039374996764 1.0366124446983094
decision_type=2 1 1 2 2 2 2 2 2 2 2 2 2 2
left_child=1 -1 8 -3 -5 -6 7 -7 9 -2 -10 12 -4 -13
right_child=2 3 11 4 5 6 -8 -9 10 -11 -12 13 -14 -15
leaf_value=0.00052986290996488489 8.6158956477784037e-06 -0.00015117787727111044 -0.00020489495128464907 0.00039805949294104077 -0.00019673199664620619 3.4599459878335362e-05 -0.000144224264202614 0.00089366164700457407 -0.00030461148636289228 0.00093533012757049774 0.00012368831393864664 -0.00030477008295225449 0.00012689305357217504 -3.674236831135242e-05
leaf_weight=2807124.5514996052 1341847.0371527672 830403.81107616425 2299850.9745101929 1679184.8976937532 1108664.7316050529 896737.93868517876 1006803.9763842821 623474.0585873127 1611903.4130451679 909619.73539829254 3648229.7057173252 2264229.2521030903 2822386.7593603134 5593711.5529052019
leaf_count=2328 1752 1127 1366 1947 1347 1188 855 1396 1879 1038 4441 1248 1537 3135
internal_value=0.000642639 0.00267771 -0.000246438 0.000839502 0.0013508 0.00026699 0.00138889 0.00337659 0.000839939 0.00261239 8.12893e-05 -0.000875123 0.000176623 -0.00156071
internal_weight=2.94442e+07 8.95239e+06 2.04918e+07 6.14527e+06 5.31487e+06 3.63568e+06 2.52702e+06 1.52021e+06 7.5116e+06 2.25147e+06 5.26013e+06 1.29802e+07 5.12224e+06 7.85794e+06
internal_count=26584 10188 16396 7860 6733 4786 3439 2584 9110 2790 6320 7286 2903 4383
cat_boundaries=0 1 2
cat_threshold=17 227
is_linear=0
shrinkage=0.03


Tree=417
num_leaves=15
num_cat=3
split_feature=1 0 13 13 0 10 13 13 10 14 0 14 14 11
split_gain=47318.6 63909.2 60716.1 108628 10923.3 8758.07 8563.01 8224.8 10709 16548.2 12445 10335.9 7456.25 13762
threshold=10.500000000000002 0 0.98159233739680662 1.0280006567234523 1 1.1242323148221975 1.0317660564421081 0.98036236086411988 0.99451885417014119 0.88300502562602323 2 0.92839959098897473 1.006041385889108 1.01747247632864
decision_type=2 1 2 2 1 2 2 2 2 2 1 2 2 2
left_child=1 2 -1 -4 -2 6 -3 8 -6 -10 -11 -9 13 -13
right_child=4 5 3 -5 7 -7 -8 11 9 10 -12 12 -14 -15
leaf_value=1.6420348378319535e-05 0.00024793392139184443 5.0801970714116676e-05 0.00095932105177867321 0.00011750581023082648 -8.6654374514854297e-05 0.00023639731967307347 -0.00017570843181671987 0.00013241567453441992 -0.00015866001317281354 -4.6255700807754781e-05 0.00020824916507386588 -0.0003042071184363674 -2.2082273093940399e-05 -6.4587441760459861e-05
leaf_weight=1346990.1793963909 2340175.3041305542 2833532.670674324 1177659.6858625412 1183641.3090301752 2386347.7925310135 1006094.916561842 1484612.240991354 1284085.2962584496 1178374.3430924416 1318566.1867573261 2690399.4111377001 1601842.3330564499 4473827.2480554581 3007135.3599169254
leaf_count=1502 1829 3282 655 1369 1971 1407 2063 1014 1074 1344 2004 979 4088 2052
internal_value=0.000705195 0.0025113 0.005535 0.00843431 -9.91966e-05 0.000405301 -0.000182008 -0.000350653 0.000400859 0.00116599 0.00208464 -0.000899682 -0.00125585 -0.00210271
internal_weight=2.93133e+07 9.03253e+06 3.70829e+06 2.3613e+06 2.02808e+07 5.32424e+06 4.31814e+06 1.79406e+07 7.57369e+06 5.18734e+06 4.00897e+06 1.03669e+07 9.0828e+06 4.60898e+06
internal_count=26633 10278 3526 2024 16355 6752 5345 14526 6393 4422 3348 8133 7119 3031
cat_boundaries=0 1 2 3
cat_threshold=273 2 41
is_linear=0
shrinkage=0.03


Tree=418
num_leaves=15
num_cat=2
split_feature=1 0 13 13 10 10 14 13 14 10 10 0 2 11
split_gain=41019.5 53719.5 69354 112198 11966.4 11559.7 11354 7379.43 15522.4 7944.48 10553.5 14560.1 16336 13590.1
threshold=10.500000000000002 0 0.98036236086411988 1.0268570593369379 1.1167637388112681 1.0530224510500135 0.96285834646787205 0.77868608343558521 0.89959930987127634 0.96771506909300131 1.0340049789758805 1 2.5000000000000004 1.0358148757179293
decision_type=2 1 2 2 2 2 2 2 2 2 2 1 2 2
left_child=1 2 -1 -4 5 6 -3 -2 -9 -10 11 -11 -13 -12
right_child=7 4 3 -5 -6 -7 -8 8 9 10 13 12 -14 -15
leaf_value=-3.6067283218915611e-05 -0.00034045262307471475 0.00032919589758915947 0.00098383821067741487 -0.00099688512080256444 0.00025217399937997104 -0.00023411544598075842 -4.920423836580556e-05 0.00017663938387571106 -0.00027452490580823062 0.00026112202736160872 -0.0002493868773117174 -9.3125317500206126e-05 0.00012844751749504143 -1.6686963143962558e-06
leaf_weight=1399038.8466974497 1295727.9801222086 847619.72077572346 1181141.3667370081 1182119.1949163675 1044112.8652511835 1101644.8893464804 2213915.6592335701 2527103.8805685043 1958957.028113842 2011078.9457974434 2364517.5325684547 2283478.1245689392 2502430.9804317951 5464298.2758169174
leaf_count=1535 1337 1179 654 1373 1474 1429 2537 2004 1720 1686 1688 1299 1798 4856
internal_value=0.000711651 0.00240256 0.00513392 0.00826787 0.000429126 -0.000291081 0.000657193 -3.15423e-05 0.000116997 -0.000216741 2.3558e-05 0.000888423 -1.16527e-05 -0.000727319
internal_weight=2.93772e+07 8.96959e+06 3.7623e+06 2.36326e+06 5.20729e+06 4.16318e+06 3.06154e+06 2.04076e+07 1.91119e+07 1.65848e+07 1.46258e+07 6.79699e+06 4.78591e+06 7.82882e+06
internal_count=26569 10181 3562 2027 6619 5145 3716 16388 15051 13047 11327 4783 3097 6544
cat_boundaries=0 1 2
cat_threshold=273 106
is_linear=0
shrinkage=0.03


Tree=419
num_leaves=15
num_cat=4
split_feature=1 0 13 10 10 1 2 11 11 10 16 0 0 0
split_gain=43973.9 44604.7 55650.6 9935.7 14505.1 12217.6 11675.5 38116.2 35605.9 17785.2 8845.52 11257.8 8186.15 7708.97
threshold=10.500000000000002 0 0.98036236086411988 1.0366124446983094 1.0449516634702618 12.500000000000002 2.5000000000000004 0.97444208477667915 0.98543013854132477 0.99845861747995823 0.065337552170939048 1 2 3
decision_type=2 1 2 2 2 2 2 2 2 2 2 1 1 1
left_child=1 2 -1 6 -5 -6 8 -8 -2 -9 11 -7 -12 -3
right_child=3 13 -4 4 5 10 7 9 -10 -11 12 -13 -14 -15
leaf_value=-4.1853768033828756e-05 7.8536208441645747e-05 -0.00013534055976558622 0.00059750726333970274 0.00029900113639897579 -0.00019081799691202472 0.00021646219862168732 -0.00052192602373181754 0.0004084060097249641 -0.00021298225629261741 2.8708999911199487e-05 7.7019513732375056e-05 -2.8162797967046168e-05 -0.00016148225767766567 9.6934327839144819e-05
leaf_weight=1331093.7658909559 1893407.9128131866 1228324.6167163849 2342988.9098725319 1311370.0794186592 1384472.4584102631 1994011.389785409 1736269.4309101105 1317350.418806076 3085278.5320429802 2666844.4824326038 1803400.7755737305 1388166.6072473526 1807722.3461307287 3927091.488912344
leaf_count=1517 1327 1993 1997 872 1119 2045 1499 1100 2019 2214 1408 1896 884 4619
internal_value=0.000744927 0.00251348 0.00503928 -2.09736e-05 0.000674951 0.000215713 -0.000651202 0.000273339 -0.00171349 0.00188993 0.000725456 0.00182792 -0.000307113 0.000713413
internal_weight=2.92178e+07 8.8295e+06 3.67408e+06 2.03883e+07 9.68914e+06 8.37777e+06 1.06992e+07 5.72046e+06 4.97869e+06 3.98419e+06 6.9933e+06 3.38218e+06 3.61112e+06 5.15542e+06
internal_count=26509 10126 3514 16383 8224 7352 8159 4813 3346 3314 6233 3941 2292 6612
cat_boundaries=0 1 2 3 4
cat_threshold=273 314 241 34
is_linear=0
shrinkage=0.03


Tree=420
num_leaves=15
num_cat=4
split_feature=1 0 13 14 12 0 12 12 0 2 0 13 16 12
split_gain=41499 51418.3 38780.6 19412 8545.67 14651.8 13518.9 17557.4 13266.9 15829.3 12926 10544.3 9664.62 15292.8
threshold=8.5000000000000018 0 0.98442530476748047 0.92211866534237341 1.0222447880274059 1 1.0072751172285868 0.9880996573646984 2 4.5000000000000009 3 0.97028950630864397 0.05427723194554801 1.0045628678959269
decision_type=2 1 2 2 2 1 2 2 1 2 1 2 2 2
left_child=1 2 -1 -3 5 6 7 -2 -6 10 -10 -12 -7 -14
right_child=4 3 -4 -5 8 12 -8 -9 9 -11 11 -13 13 -15
leaf_value=6.406105917965351e-05 0.00019555923860274692 0.00012861481802823297 0.00065782873771225311 -9.2484216265168199e-05 -0.00010012650872135804 0.00015986300133832235 0.00032000008278633342 -3.8895382736430446e-05 -0.00015386099646227285 -0.00033934531025185297 0.00042489701922075133 5.9095326463914823e-05 -0.00017311443591451622 7.032261914580374e-05
leaf_weight=834502.69771039486 1600980.6347284317 652108.79698014259 1392499.0991550684 2510626.6288368702 2974815.3382263184 2024529.3023178577 1708613.7745723724 2561055.157204628 1349049.6747589111 1095115.7100099325 1207487.1287748814 2195500.0514423847 3966407.2507019043 3205407.4335975647
leaf_count=1217 1151 1269 1479 3680 1381 2831 1052 1501 1532 1777 1152 1769 2534 2130
internal_value=0.000654498 0.00303232 0.00652425 0.000573494 0.000118023 0.000552199 0.00172309 0.000800696 -0.000623502 0.000206315 0.000955641 0.00194078 -0.000195263 -0.000711981
internal_weight=2.92787e+07 5.38974e+06 2.227e+06 3.16274e+06 2.3889e+07 1.5067e+07 5.87065e+06 4.16204e+06 8.82197e+06 5.84715e+06 4.75204e+06 3.40299e+06 9.19634e+06 7.17181e+06
internal_count=26455 7645 2696 4949 18810 11199 3704 2652 7611 6230 4453 2921 7495 4664
cat_boundaries=0 1 2 3 4
cat_threshold=273 146 24 192
is_linear=0
shrinkage=0.03


Tree=421
num_leaves=15
num_cat=3
split_feature=1 0 0 12 10 10 9 0 12 10 14 1 12 10
split_gain=37338.8 52555.5 12901.7 16333 17631.8 5420.33 5377.58 6504.96 11082.7 21141.1 11027.4 9536.73 13247.6 14071.2
threshold=9.5000000000000018 0 1 1.024112885485482 1.0023826597286563 1.0428102923176461 71.500000000000014 2 1.0218310413711047 0.99845861747995823 0.94675520680163905 16.500000000000004 0.98159646488267815 1.0956447798224456
decision_type=2 1 1 2 2 2 2 1 2 2 2 2 2 2
left_child=1 -1 -3 4 -4 -6 -2 8 9 -8 -10 -9 -13 -14
right_child=6 2 3 -5 5 -7 7 11 10 -11 -12 12 13 -15
leaf_value=0.00046198140893995181 0.00018166604736873465 -0.00021308666334977558 0.00027986600317083624 0.00033499547498459483 -0.00015745357262224801 2.436919052524202e-05 -0.00022226466569954289 -4.7983104877932739e-05 -0.00042222618697144559 0.0009654786548758651 0.00013166375794391126 0.00028654760271680507 -6.0509754590651973e-05 0.00021245589917403597
leaf_weight=1653334.1555571556 1292691.740162611 1355601.5338730812 898897.36367535591 1465966.7231305838 1067066.1250380278 844909.34170842171 882122.12153434753 9670159.4174380302 814272.06266498566 1035276.4959585667 1356569.4586498737 1266462.9034557343 4393979.2047250271 1313135.610394001
leaf_count=1119 999 2535 1075 1896 1282 1020 1235 5564 1042 1520 1767 965 3385 1167
internal_value=0.000595069 0.00245676 0.00107629 0.00188464 0.000545785 -0.00108337 -2.07788e-05 -0.000137833 0.000934377 0.00259639 -0.000533591 -0.000401203 0.000444435 -0.000171522
internal_weight=2.93104e+07 7.28578e+06 5.63244e+06 4.27684e+06 2.81087e+06 1.91198e+06 2.20247e+07 2.0732e+07 4.08824e+06 1.9174e+06 2.17084e+06 1.66437e+07 6.97358e+06 5.70711e+06
internal_count=26571 8927 7808 5273 3377 2302 17644 16645 5564 2755 2809 11081 5517 4552
cat_boundaries=0 1 2 3
cat_threshold=16 162 162
is_linear=0
shrinkage=0.03


Tree=422
num_leaves=15
num_cat=2
split_feature=13 13 0 16 12 16 12 14 12 7 10 16 14 0
split_gain=18177.9 23399.7 36420.5 22361.7 18072.6 12200.1 13938.3 9715.65 12933 12262.9 14200.3 12294.8 13088.6 9699.93
threshold=1.0383645468030915 0.98256730329069908 0 0.067394765211129512 1.0470769130312347 0.062316929962483197 0.98603147315637651 0.99069238779689206 1.004197057542799 1.0000000180025095e-35 1.0281371528762648 0.05605091788596523 0.94220166620880963 1
decision_type=2 2 1 2 2 2 2 2 2 2 2 2 2 1
left_child=1 7 3 -3 5 6 -2 9 -9 11 -11 -1 -13 -7
right_child=4 2 -4 -5 -6 13 -8 8 -10 10 -12 12 -14 -15
leaf_value=-0.00017306538444816785 0.00043498119299753823 0.00015195171711079861 2.7772331663384245e-06 0.00037921855129385498 0.00018825357762548495 -8.7118637387334632e-05 -0.00010778338544177837 0.00027084473971431753 -4.3372040044483111e-06 -0.00038327091915611337 -0.00076110942668659648 0.00015339623776222975 -5.5198370082175723e-05 -0.00027771765566048491
leaf_weight=2274085.3546190262 669819.80770397186 2033917.7524908781 3788824.2481100559 1978437.9463806152 1638084.4096767902 2126123.8689684868 2721075.6555099487 1344777.7006057501 2097007.8450988531 740409.41195452213 778740.89088106155 2989657.864440918 2361079.1056213379 1715590.0525817871
leaf_count=3186 1103 1568 2912 825 1905 1287 3991 1447 2397 983 1095 1686 1159 1036
internal_value=0.000401686 0.000894947 0.0021859 0.00417779 -0.000731944 -0.00137637 -6.48922e-05 9.47603e-05 0.00145336 -0.000416618 -0.00287792 7.37654e-05 0.000859115 -0.00253395
internal_weight=2.92576e+07 2.03869e+07 7.80118e+06 4.01236e+06 8.87069e+06 7.23261e+06 3.3909e+06 1.25858e+07 3.44179e+06 9.14397e+06 1.51915e+06 7.62482e+06 5.35074e+06 3.84171e+06
internal_count=26580 17258 5305 2393 9322 7417 5094 11953 3844 8109 2078 6031 2845 2323
cat_boundaries=0 1 2
cat_threshold=51 460
is_linear=0
shrinkage=0.03


Tree=423
num_leaves=15
num_cat=4
split_feature=1 0 0 12 11 12 9 0 1 11 13 12 0 2
split_gain=39294 47941.5 12322.4 19311.2 13348.4 7680.34 6384.89 5922.47 10557.8 18370 12893 11705.8 15306.8 7412.84
threshold=9.5000000000000018 0 1 1.024112885485482 0.99272723637215787 1.0077918519281821 71.500000000000014 2 16.500000000000004 0.98543013854132477 1.018903895769381 0.99929039374996764 3 1.0000000180025095e-35
decision_type=2 1 1 2 2 2 2 1 2 2 2 2 1 2
left_child=1 -1 -3 4 -4 -6 -2 13 11 -10 -11 -9 -13 -8
right_child=6 2 3 -5 5 -7 7 8 9 10 -12 12 -14 -15
leaf_value=0.00045240519193886689 0.00014737036622506025 -0.00013393936702058601 0.00033439210995957728 0.00043653529082656102 6.9228528746538817e-05 -0.00020098581744902759 -0.00019044382533236337 -0.00025371647311516312 0.00027144410111157817 -3.7153394383252355e-05 -0.00019082634938613277 4.8391410809058488e-05 -0.00019634355824794459 0.00013462134855718105
leaf_weight=1593655.0384721756 1255791.3543441296 1414872.5378754139 967073.5285128355 1397303.5086815357 868271.96202516556 953851.89776539803 965933.6556596756 2663174.4050292969 1440115.192697525 2826646.6234912872 1994698.9785676003 3870114.4805378914 2115545.3125 4762166.9741969109
leaf_count=1106 976 2599 1167 1840 1052 1127 1111 1451 1102 1965 1571 1846 1335 6178
internal_value=0.000533408 0.00245679 0.00115058 0.00196858 0.000526452 -0.000985496 -9.86685e-05 -0.000225042 -0.000540032 0.000398191 -0.000489891 -0.00121927 -0.000483088 0.00059488
internal_weight=2.90892e+07 7.19503e+06 5.60137e+06 4.1865e+06 2.7892e+06 1.82212e+06 2.18942e+07 2.06384e+07 1.49103e+07 6.26146e+06 4.82135e+06 8.64883e+06 5.98566e+06 5.7281e+06
internal_count=26426 8891 7785 5186 3346 2179 17535 16559 9270 4638 3536 4632 3181 7289
cat_boundaries=0 1 2 3 4
cat_threshold=16 162 226 276
is_linear=0
shrinkage=0.03


Tree=424
num_leaves=15
num_cat=4
split_feature=1 0 16 0 13 12 0 0 10 14 2 12 12 10
split_gain=30040.5 45907 11789.9 13459.2 11580 15398.9 18727.9 11371.9 7962.52 10017.3 11682.2 12696.8 7175.64 9943.9
threshold=10.500000000000002 0 0.08093095206115429 1 0.85475158385952577 1.0213035412072564 2 3 0.89318320856760713 1.0017554417969998 2.5000000000000004 1.0274884283874488 1.0039311402383728 1.022958258627247
decision_type=2 1 2 1 2 2 1 1 2 2 2 2 2 2
left_child=1 -1 8 -4 -3 7 -7 -6 -2 12 -11 -12 -10 -14
right_child=2 4 3 -5 5 6 -8 -9 9 10 11 -13 13 -15
leaf_value=0.00044489418013915916 0.00016272237783105544 0.00045696083410918761 2.5015626246789774e-05 -9.9087638851662267e-05 7.8022240012560058e-05 0.00040887357298452769 -8.2002832106465592e-05 -0.000143056935753804 0.00014501340611442292 -0.00018138684182391699 0.00020297718759226298 -0.00033871567270447048 -0.00029524953039020916 5.7208997479273135e-05
leaf_weight=1948139.746255517 1660637.7531318665 786469.85012471676 2050755.0015444756 2673688.8663330078 1604614.961935401 1424218.7425278425 1157920.2529445887 1962744.6281647682 2669013.698925972 2231502.7546451092 2097662.1517579556 962123.73217737675 1321260.8177218437 4660890.8934109211
leaf_count=1239 1468 1808 1520 1096 2063 1283 1829 1972 1964 1943 2055 1181 1087 4133
internal_value=0.000624805 0.00208004 -1.12008e-05 -0.0013242 0.000937124 0.000498752 0.00226328 -0.000778457 0.000386361 0.000152472 -0.00087574 0.000328064 0.000781355 0.000204242
internal_weight=2.92116e+07 8.88411e+06 2.03275e+07 4.72444e+06 6.93597e+06 6.1495e+06 2.58214e+06 3.56736e+06 1.56031e+07 1.39425e+07 5.29129e+06 3.05979e+06 8.65117e+06 5.98215e+06
internal_count=26641 10194 16447 2616 8955 7147 3112 4035 13831 12363 5179 3236 7184 5220
cat_boundaries=0 1 2 3 4
cat_threshold=16 355 269 387
is_linear=0
shrinkage=0.03


Tree=425
num_leaves=15
num_cat=0
split_feature=1 13 13 13 14 16 12 12 13 12 1 14 16 11
split_gain=24413 28248.5 64562.4 12588.9 10683.5 7872.22 15585.7 8875.52 17220.6 7941.97 7733.27 16823.8 13383.5 7042.1
threshold=10.500000000000002 0.98036236086411988 1.0346219951928586 0.86129703216169606 0.97846453599665051 0.052190683376536789 0.9931501175091878 0.99977566849591148 0.96214772925758207 1.0552800080532883 13.500000000000002 0.99139221160090141 0.061648916207784669 1.0550358880747772
decision_type=2 2 2 2 2 2 2 2 2 2 2 2 2 2
left_child=1 3 -3 -1 -5 6 -2 8 -7 -8 11 -9 -12 -4
right_child=5 2 13 4 -6 7 9 10 -10 -11 12 -13 -14 -15
leaf_value=0.00028916473311476162 0.00071131155844636126 0.00044336690105402084 -9.0837222227382625e-05 -0.00015371836823716297 7.5366630054208848e-05 3.1205740474228717e-05 -0.00013804714608600522 -0.00030535263803120697 -0.0001810004271652804 0.0002624819392053841 0.00028647824860931348 6.8726728170567103e-05 -2.3602965598972298e-06 0.00020392652536843251
leaf_weight=923502.80479121208 709985.33780145645 2538241.6226346493 1837072.8358515501 1503035.5920010805 1088929.0679558516 2105885.9421386719 1962680.8875303268 1844954.1217179298 2599837.1439819336 580205.72944641113 1692921.1614129543 1456672.7698577642 7316636.0139206648 945220.53935551643
leaf_count=2026 1235 1856 2431 1359 1075 1355 3310 1290 1555 1141 1178 1035 4272 1375
internal_value=0.000498371 0.00181432 0.00319313 -0.000272465 -0.00134405 -7.52772e-05 0.00127696 -0.000333764 -0.00144195 0.000179692 8.98213e-05 -0.00115223 0.000544982 3.66817e-05
internal_weight=2.91058e+07 8.836e+06 5.32053e+06 3.51547e+06 2.59196e+06 2.02698e+07 3.25287e+06 1.70169e+07 4.70572e+06 2.54289e+06 1.23112e+07 3.30163e+06 9.00956e+06 2.78229e+06
internal_count=26493 10122 5662 4460 2434 16371 5686 10685 2910 4451 7775 2325 5450 3806
is_linear=0
shrinkage=0.03


Tree=426
num_leaves=15
num_cat=0
split_feature=1 13 13 10 12 13 13 13 14 13 11 12 12 1
split_gain=20169.3 32046.9 78943.3 21198.1 18119.7 13196.1 5873.75 9185.18 9060.23 7687.19 7554.13 9743.32 8129.64 6219.61
threshold=10.500000000000002 0.98159233739680662 1.0331604709699025 0.98765159118368373 1.0149511273734639 0.9147419096993662 0.98036236086411988 0.83719503076030943 0.89766331389007947 1.0047919176943925 0.97444208477667915 1.0222447880274059 1.0475322582993578 18.500000000000004
decision_type=2 2 2 2 2 2 2 2 2 2 2 2 2 2
left_child=1 3 -3 -1 -4 -5 7 8 -2 -8 -11 -12 -13 -9
right_child=6 2 4 5 -6 -7 9 13 -10 10 11 12 -14 -15
leaf_value=0.00021246217148089238 -0.00033663591376457161 -0.00035379829938488071 -0.00027652039281578347 6.9714182362305924e-05 0.0002371457585391652 -0.00015373712110241364 -8.5774950270581769e-05 0.0001008764480598895 6.8129247515958248e-05 -0.00017616290789548121 0.00012176551170482006 -0.00018089396715412597 -9.6946172048841089e-07 -7.5042281469290371e-05
leaf_weight=1088605.0522565842 992850.35198736191 2428569.5307298899 1476362.1474474669 936624.61995279789 1392062.0044506788 1525496.7804936171 2493914.4485878944 5378648.0183734894 1050060.9568499327 1362817.5017418861 4637894.1819915771 1513026.1268587112 1617802.2727167606 1412613.5903263092
leaf_count=1146 922 1769 1930 1932 1949 1390 1592 3342 1153 1166 3583 1255 1547 1849
internal_value=0.000691997 0.00188877 0.003367 -0.000316464 -2.90575e-06 -0.00185778 0.000174456 0.000757568 -0.00100616 -0.000268651 0.000134501 0.000495899 -0.000797196 0.00128812
internal_weight=2.93073e+07 8.84772e+06 5.29699e+06 3.55073e+06 2.86842e+06 2.46212e+06 2.04596e+07 8.83417e+06 2.04291e+06 1.16255e+07 9.13154e+06 7.76872e+06 3.13083e+06 6.79126e+06
internal_count=26525 10116 5648 4468 3879 3322 16409 7266 2075 9143 7551 6385 2802 5191
is_linear=0
shrinkage=0.03


Tree=427
num_leaves=15
num_cat=3
split_feature=1 0 13 13 11 0 16 13 14 14 16 13 13 0
split_gain=31134.2 56904.8 46119.7 12976.4 12124 8600.35 10798.2 10583.3 12379.4 10132.5 10785.8 7550.67 14040.2 10463.3
threshold=10.500000000000002 0 0.98749970395885911 0.87404251191269666 0.9847744481008941 1 0.063964068094454582 0.93051769955962971 0.96372369363272747 0.98995064686758971 0.056267559538562863 0.985358865565367 1.0317660564421081 2
decision_type=2 1 2 2 2 1 2 2 2 2 2 2 2 1
left_child=1 2 -1 -3 -5 6 -2 -7 -9 -10 -11 -6 -13 -14
right_child=5 3 -4 4 11 7 -8 8 9 10 -12 12 13 -15
leaf_value=-5.9011493975248274e-05 0.00026904413423428034 0.00035784488061924008 0.00057323690033194514 -0.00029947058265234307 -7.4719107997332879e-05 3.650157117147336e-05 -2.3621878039114821e-05 2.6441800993313448e-05 -0.00018176848727493268 6.4479458721827603e-05 -9.2676161912901277e-05 0.00030742526643157825 0.00013296346479505308 -0.00024668160169107821
leaf_weight=1197864.3172992468 3783705.6182281971 818655.89298331738 1695384.9999690056 968392.94837975502 1397111.7679094076 2766344.5254974365 3928829.1893675327 2700220.133764267 1978220.4481048584 1720760.096622467 3398684.2847900391 1038723.5480384827 943794.34124422073 784478.3361530304
leaf_count=1112 5604 1644 1321 1200 1525 1815 3445 1470 970 1439 1554 931 1390 989
internal_value=0.00052758 0.00201283 0.00546401 0.000334975 -0.000224504 -0.000120264 0.000668322 -0.000604337 -0.00106699 -0.00172471 -0.0010201 0.000478641 0.00138639 -0.000270325
internal_weight=2.91212e+07 8.84441e+06 2.89325e+06 5.95116e+06 5.1325e+06 2.02768e+07 7.71253e+06 1.25642e+07 9.79788e+06 7.09766e+06 5.11944e+06 4.16411e+06 2.767e+06 1.72827e+06
internal_count=26409 10112 2433 7679 6035 16297 9049 7248 5433 3963 2993 4835 3310 2379
cat_boundaries=0 1 2 3
cat_threshold=272 482 101
is_linear=0
shrinkage=0.03


Tree=428
num_leaves=15
num_cat=0
split_feature=1 13 13 13 16 14 13 12 10 10 14 10 16 10
split_gain=24056.3 40812.8 84980.4 20922.2 11370.7 10927.7 10403 10006.4 7557.8 9511.11 7727.71 18349.9 16247.1 11150.8
threshold=10.500000000000002 0.98036236086411988 1.0357863736507327 0.85157275299330004 0.082150628621246377 0.97998639816947797 0.98036236086411988 1.0149511273734639 1.1541225501345296 1.1097059186469014 0.97563045434065232 1.022958258627247 0.055842721573730943 0.99120826366094161
decision_type=2 2 2 2 2 2 2 2 2 2 2 2 2 2
left_child=1 3 -3 -1 8 -5 -6 -4 9 10 11 -2 13 -12
right_child=4 2 7 5 6 -7 -8 -9 -10 -11 12 -13 -14 -15
leaf_value=0.00034156473100347112 -6.37682937954594e-05 0.00056028476543149074 -0.00015727399923640636 -0.00021910015392809598 1.7377064991355416e-05 4.7434040343799556e-05 -0.00018596948381068915 0.00017863482319815255 0.00029046525853686401 -0.00027138704966981952 0.00060816142669258303 0.00018156588499848529 -7.3479612837354315e-05 2.1521226242597288e-05
leaf_weight=844205.06873428822 2401147.1790747643 2593861.8608626127 1405429.0791532993 1556917.4595631361 1816370.6092991829 1051456.5400513411 2129056.1290185452 1355878.3674719334 1483651.6031081676 1365267.5540622473 884867.43516969681 3139667.844909668 5140299.2117185593 2024424.6427996159
leaf_count=1926 1943 1903 1884 1419 1047 1082 1166 1906 1662 1361 1111 2383 3315 2378
internal_value=0.000620008 0.00193016 0.00356988 -0.000613167 5.39246e-05 -0.00194176 -0.00139237 -9.28901e-05 0.000401035 0.000198434 0.000438222 0.00130047 -0.000155291 0.00163624
internal_weight=2.91925e+07 8.80775e+06 5.35517e+06 3.45258e+06 2.03848e+07 2.60837e+06 3.94543e+06 2.76131e+06 1.64393e+07 1.49557e+07 1.35904e+07 5.54082e+06 8.04959e+06 2.90929e+06
internal_count=26486 10120 5693 4427 16366 2501 2213 3790 14153 12491 11130 4326 6804 3489
is_linear=0
shrinkage=0.03


Tree=429
num_leaves=15
num_cat=3
split_feature=1 0 13 10 10 9 1 11 10 0 12 12 13 0
split_gain=27472.8 37213.3 53640.3 19048.4 14092.3 11020.3 6398.92 23050.3 14160.9 20071.6 17291.3 13137.9 19348.7 15839.3
threshold=9.5000000000000018 0 0.97914387632358701 1.1167637388112681 1.0530224510500135 71.500000000000014 16.500000000000004 0.96685428712680199 1.0366124446983094 1 1.0250886305132016 0.99929039374996764 0.98749970395885911 2
decision_type=2 1 2 2 2 2 2 2 2 1 2 2 2 1
left_child=1 2 -1 4 -3 -2 11 -8 9 -9 -10 12 -7 -13
right_child=5 3 -4 -5 -6 6 7 8 10 -11 -12 13 -14 -15
leaf_value=-7.9122062957471626e-05 0.00020496146655050269 4.2611287356530527e-05 0.00054650556414509953 0.00020182724378387012 -0.00019758125914717456 -2.5521924189992987e-06 0.0002706227027205973 -0.00027763084077739346 0.00034043689145685804 2.4619358848346592e-05 -2.5028706145774756e-05 -0.0001717342388490885 -0.00037743624189984156 7.0280611578870701e-05
leaf_weight=1069075.6792402267 1279540.8804571629 2506655.9799488783 1962278.9608198404 807059.69499313831 910539.46695029736 1839730.3666992188 1563682.0870351791 1549404.7330207825 1632885.8737342358 1573174.2535793781 2458267.9283428192 2454106.9860839844 1502410.4455108643 6153037.9053711891
leaf_count=1311 998 3265 1782 1243 1250 1250 1539 1078 1515 1708 2511 1906 1005 4124
internal_value=0.000700169 0.00230105 0.00483728 0.000481015 -0.000498008 0.000172349 5.54507e-06 0.000620576 -9.51888e-05 -0.00161662 0.00106605 -0.00044623 -0.00204259 0.000173633
internal_weight=2.92619e+07 7.25561e+06 3.03135e+06 4.22426e+06 3.4172e+06 2.20062e+07 2.07267e+07 8.77741e+06 7.21373e+06 3.12258e+06 4.09115e+06 1.19493e+07 3.34214e+06 8.60714e+06
internal_count=26485 8851 3093 5758 4515 17634 16636 8351 6812 2786 4026 8285 2255 6030
cat_boundaries=0 1 2 3
cat_threshold=273 148 137
is_linear=0
shrinkage=0.03


Tree=430
num_leaves=15
num_cat=1
split_feature=13 13 0 16 16 11 16 12 12 11 3 14 13 12
split_gain=19827.3 35806.3 29125.1 20066.5 16149 12695.7 13547 7904.52 12111.7 10828.4 10190.8 7841.37 24094 26814
threshold=1.0383645468030915 0.98346958112633176 0 0.067629129172663296 0.085638666222475901 0.90531449438650002 0.088579994534916148 1.0137025498423149 0.98603147315637651 1.118404129020272 1.0000000180025095e-35 0.9566951877467208 0.90807284333759319 1.0116324710920543
decision_type=2 2 1 2 2 2 2 2 2 2 2 2 2 2
left_child=1 5 3 -3 7 -1 11 8 -2 -9 -10 -7 13 -13
right_child=4 2 -4 -5 -6 6 -8 9 10 -11 -12 12 -14 -15
leaf_value=0.00023496422251158565 0.00016774674728998462 0.0002043235726578596 6.3244493418541898e-05 0.00038589393969101451 -0.00033030451068582979 -4.2738806856706519e-05 -0.00013350366517431435 0.00023095129097501428 -6.556245646274566e-05 -0.00019205163726959822 -0.00050538677397932207 0.00074549061412079265 -1.5880242229474469e-05 -1.3530855624173403e-05
leaf_weight=1621734.8798154593 1092827.7371038198 1961319.1235033274 3812432.4227764606 1924029.4028930664 1201544.0263552666 4655056.4011210203 1472448.2076017857 2885796.7766383886 1670730.5943559408 925986.70614671707 1104581.3071539402 693055.58838713169 3632124.8469944 700642.90453207493
leaf_count=1407 1397 1316 3176 698 661 4956 706 3395 1404 1185 1285 829 2978 1183
internal_value=0.000634186 0.00114772 0.00276398 0.0045919 -0.000549575 0.000173823 -0.000186803 -4.35833e-05 -0.000999001 0.00092596 -0.0020524 0.000220956 0.00104267 0.00439593
internal_weight=2.93543e+07 2.04728e+07 7.69778e+06 3.88535e+06 8.88147e+06 1.27751e+07 1.11533e+07 7.67992e+06 3.86814e+06 3.81178e+06 2.77531e+06 9.68088e+06 5.02582e+06 1.3937e+06
internal_count=26576 17249 5190 2014 9327 12059 10652 8666 4086 4580 2689 9946 4990 2012
cat_boundaries=0 1
cat_threshold=19
is_linear=0
shrinkage=0.03


Tree=431
num_leaves=15
num_cat=3
split_feature=1 0 14 10 10 12 14 0 14 3 11 11 14 0
split_gain=41228.4 43190.4 26129.9 11525.7 15152.8 14003.6 7543.69 20215 10149.3 10276.1 11380.7 20475.9 15077.6 12140.1
threshold=10.500000000000002 0 0.97846453599665051 0.99896106769128634 1.1242323148221975 1.0128794256609954 1.0657102020289662 1 1.039444465330396 1.0000000180025095e-35 1.0001372609616839 1.0344887901146891 0.90648206132141362 2
decision_type=2 1 2 2 2 2 2 1 2 2 2 2 2 1
left_child=1 2 -1 -3 5 -5 8 -8 9 10 -2 -12 -13 -14
right_child=6 3 -4 4 -6 -7 7 -9 -10 -11 11 12 13 -15
leaf_value=0.00016716758047859111 7.5859046115105448e-05 0.00022515942924884944 0.00049279369009995336 5.1162479497229929e-05 0.00019973590148169676 -0.00023927107753055001 0.00077408749387952518 -0.0001149271475804327 -0.00020962691939852211 -0.0001026825225638851 -0.00013629930566704172 0.00021269019027270484 0.00020127027377298055 -8.1732679734657418e-05
leaf_weight=1672171.3143161535 2902717.353805542 1533642.1441271305 2075215.9668011665 1197884.5237445831 987060.32439160347 1504645.073133111 809942.71755647659 1142477.646522522 1436853.9708604813 6065468.9776484966 3345915.0108880997 1378990.6281437874 1500478.3936691284 1814522.457362175
leaf_count=1541 1840 1945 2036 1378 1413 1943 1507 1127 1229 5230 1963 1128 1062 1309
internal_value=0.000359517 0.00205447 0.00451206 0.00029128 -0.000617289 -0.00177918 -0.000385912 0.00138737 -0.000573616 -0.000369076 0.000179931 -0.000401397 0.000876818 -0.000219798
internal_weight=2.9368e+07 8.97062e+06 3.74739e+06 5.22323e+06 3.68959e+06 2.70253e+06 2.03974e+07 1.95242e+06 1.84449e+07 1.70081e+07 1.09426e+07 8.03991e+06 4.69399e+06 3.315e+06
internal_count=26651 10256 3577 6679 4734 3321 16395 2634 13761 12532 7302 5462 3499 2371
cat_boundaries=0 1 2 3
cat_threshold=273 433 326
is_linear=0
shrinkage=0.03


Tree=432
num_leaves=15
num_cat=2
split_feature=13 13 0 13 3 10 12 2 13 13 2 13 2 0
split_gain=14923.6 18091.8 22270.7 11487.6 8175.12 14327.9 10890 7722.32 21345.2 8009.22 13411.7 7065.18 10340.6 7414.22
threshold=1.0537640100323544 0.98346958112633176 0 1.0659168810329069 1.5000000000000002 1.0281371528762648 1.0662997132076579 4.5000000000000009 1.126588423351726 1.1887651014546585 2.5000000000000004 0.78575838081934313 1.0000000180025095e-35 1
decision_type=2 2 1 2 2 2 2 2 2 2 2 2 2 1
left_child=1 4 -3 -2 6 -6 11 9 -9 -5 -11 -1 -13 -14
right_child=3 2 -4 7 5 -7 -8 8 -10 10 -12 12 13 -15
leaf_value=0.00020342853969799831 -0.00028410499645687548 0.00020751616505108167 4.6765590398412217e-05 -3.5294392923761807e-06 4.8555216994451601e-05 -0.00044921945116106147 0.00033875573306820135 -0.00033892242783314247 0.0010341077798053085 -0.0003385199131243755 -0.00092463374548793094 6.1313223453613401e-05 2.0337847494470703e-06 -0.00015251005860543196
leaf_weight=1276400.0538214445 1107661.9589873552 3949161.1942183971 5276757.0611835718 3816540.0719770193 1293539.0088357925 1109181.4767967463 1333152.4711091518 570173.30686020851 699217.28737854958 519137.05670726299 509093.97201275826 2215648.7558617592 3161514.5017490387 2393894.2235440016
leaf_count=1564 802 2191 4137 3092 1821 1747 1298 736 1493 1051 976 1541 2239 1830
internal_value=0.000499052 0.000887342 0.0018998 -0.000684301 0.000156636 -0.00142027 0.000521631 -0.000175031 0.00190785 -0.000720774 -0.00307078 0.000148638 -0.000191123 -0.000882231
internal_weight=2.92311e+07 2.20092e+07 9.22592e+06 7.22182e+06 1.27833e+07 2.40272e+06 1.03806e+07 6.11416e+06 1.26939e+06 4.84477e+06 1.02823e+06 9.04746e+06 7.77106e+06 5.55541e+06
internal_count=26518 18368 6328 8150 12040 3568 8472 7348 2229 5119 2027 7174 5610 4069
cat_boundaries=0 1 2
cat_threshold=146 403
is_linear=0
shrinkage=0.03


Tree=433
num_leaves=15
num_cat=1
split_feature=16 12 11 12 0 12 16 10 11 10 12 12 16 10
split_gain=15288.1 9700.36 24073.5 10005.3 34371.8 25812.9 23966.3 7307.09 25899.7 25711.4 18046 9857.29 9257.89 15499.1
threshold=0.094477627571642284 0.94365407296847026 0.88726764062237595 0.9986158363148413 0 1.0015572315294419 0.066633989729168841 1.0449516634702618 1.04552959995921 1.0366124446983094 1.0252236949159943 1.0387885024560239 0.082150628621246377 0.97219489813754789
decision_type=2 2 2 2 1 2 2 2 2 2 2 2 2 2
left_child=1 -1 -3 4 -4 -5 -6 9 -9 12 -10 -12 13 -7
right_child=-2 2 3 5 6 7 -8 8 10 -11 11 -13 -14 -15
leaf_value=-0.00025789828078893166 0.00022160939246375293 0.00037915847356159011 0.00055779062105243719 0.00038222220838711061 -1.8828791528703807e-05 0.00024371930600172425 -0.0003442607753640085 -0.0004480275864358338 0.00030492539144053786 0.00030082725913447292 -0.00017671331448592875 1.703439297470794e-05 0.00010661379122583449 -5.0782415159734216e-05
leaf_weight=1174789.2085460424 1955995.4347193241 1152973.2725502253 1203683.028693676 1213926.6872931719 2056678.5909358263 1260725.858243227 1649346.8299560547 1091323.2607491016 1190993.1266323328 1587829.6962417364 1379668.5789774656 5205076.2976720333 1364754.0420312881 5897131.300383687
leaf_count=1472 928 928 1835 986 1815 1445 666 1072 1270 1193 1209 5655 669 5479
internal_value=0.000588526 0.000405793 0.000525135 0.00033044 -0.000884193 0.000625788 -0.00231472 0.000354498 -0.000274094 0.000905786 0.00033332 -0.000281328 0.000252784 -0.000178961
internal_weight=2.93849e+07 2.74289e+07 2.62541e+07 2.51011e+07 4.90971e+06 2.01914e+07 3.70603e+06 1.89775e+07 8.86706e+06 1.01104e+07 7.77574e+06 6.58474e+06 8.52261e+06 7.15786e+06
internal_count=26622 25694 24222 23294 4316 18978 2481 17992 9206 8786 8134 6864 7593 6924
cat_boundaries=0 1
cat_threshold=417
is_linear=0
shrinkage=0.03


Tree=434
num_leaves=15
num_cat=3
split_feature=13 13 0 16 16 0 14 10 14 12 12 16 0 12
split_gain=13112.5 18985.6 13653.4 9393.02 9053.5 8760.16 16230.4 17092.1 8975.54 7268.79 16097.7 11476.7 14654.9 6520
threshold=1.0383645468030915 0.99683150433297107 0 0.067129503413044148 0.087477238269254506 1 0.96285834646787205 1.0327028894079586 1.0257892635505985 0.99977566849591148 0.98124154101434635 0.069040338539711726 2 1.0036740155255537
decision_type=2 2 1 2 2 1 2 2 2 2 2 2 1 2
left_child=1 5 -3 -4 9 6 7 -1 -7 10 -2 12 -11 -8
right_child=4 2 3 -5 -6 8 13 -9 -10 11 -12 -13 -14 -15
leaf_value=-0.0001836584654809257 7.2352175245226575e-05 3.6030242174017858e-05 0.00014373128050056486 0.00038028990355035803 -0.00020277099976060756 1.044587598251527e-05 8.5225890039628585e-05 7.646581360712535e-05 -0.00020715506625427024 -0.00022685527478637907 -0.00035676658909305928 0.00022672448483963435 5.5292924216192596e-05 7.6460330625160343e-05
leaf_weight=1187413.8078209162 958939.62956953049 2064919.7948920727 1791319.9161777496 1776378.8771362305 1060398.8060207367 8089387.5718232393 1270557.7448614836 1243529.9305747747 1205747.8313258886 1253507.7474658489 1091064.2102330923 1726611.7583446503 2793627.6035131216 1652687.8519406319
leaf_count=1040 1222 1393 1610 821 572 7283 1025 1091 1609 1566 1142 1080 3757 1276
internal_value=0.000639871 0.00106087 0.00254111 0.00366479 -0.000321237 0.00049172 0.00145832 -0.00035295 -6.5066e-05 3.1336e-05 -0.00150327 0.000576206 -0.000297417 0.00296457
internal_weight=2.91661e+07 2.02819e+07 5.63262e+06 3.5677e+06 8.88415e+06 1.46493e+07 5.35419e+06 2.43094e+06 9.29514e+06 7.82375e+06 2.05e+06 5.77375e+06 4.04714e+06 2.92325e+06
internal_count=26487 17148 3824 2431 9339 13324 4432 2131 8892 8767 2364 6403 5323 2301
cat_boundaries=0 1 2 3
cat_threshold=76 400 145
is_linear=0
shrinkage=0.03


Tree=435
num_leaves=15
num_cat=1
split_feature=16 0 16 9 11 12 12 11 11 10 11 10 11 11
split_gain=11687.2 9764.13 11493.3 11665.4 10216.6 20987.3 14834.8 6747.21 18947.9 17570.1 10572.7 17347.6 18079 19270.5
threshold=0.096497318894343695 0 0.086746471494699856 71.500000000000014 1.0198976407657574 1.0320796884488568 1.004197057542799 0.9093237613342906 0.95492063932594939 0.97219489813754789 1.0350458468647956 1.0350154479417271 1.01278369294476 0.99272723637215787
decision_type=2 1 2 2 2 2 2 2 2 2 2 2 2 2
left_child=1 4 3 -3 6 -6 -1 -5 -9 -10 11 12 13 -11
right_child=-2 2 -4 7 5 -7 -8 8 9 10 -12 -13 -14 -15
leaf_value=0.0002210058934366732 0.00022336319089519524 0.00041064177432794497 -0.00012745527700339654 0.0002484999434695179 -6.4359057249795899e-05 0.00021344019854407809 -2.9147223959431096e-05 -0.00072838069995748741 0.00044570851343027205 0.00014925219726561985 5.3108902444213142e-05 -0.00031825072245331647 0.00026086029227524835 -0.0004202970519514331
leaf_weight=2571707.3868057728 1388954.4519398212 981480.84891557693 2066953.0764513016 1714701.3853751421 2734047.3554743528 1567503.5775347948 1920722.5802742243 947306.85556519032 918673.69145298004 1089108.7786030769 6924247.6737811565 2015163.5431798697 1304006.5141109228 1172960.6435676813
leaf_count=1600 713 1045 1031 1813 1779 1187 1270 1089 1164 1227 8233 1831 1216 1336
internal_value=0.000518959 0.000385382 5.10746e-06 0.000260974 0.00121281 0.000167828 0.00221339 6.72429e-05 -0.000144984 0.000144386 -0.000149782 -0.00112138 0.000135913 -0.0014859
internal_weight=2.93175e+07 2.79286e+07 1.91346e+07 1.70676e+07 8.79398e+06 4.30155e+06 4.49243e+06 1.60862e+07 1.43715e+07 1.34242e+07 1.25055e+07 5.58124e+06 3.56608e+06 2.26207e+06
internal_count=26534 25821 19985 18954 5836 2966 2870 17909 16096 15007 13843 5610 3779 2563
cat_boundaries=0 1
cat_threshold=17
is_linear=0
shrinkage=0.03


Tree=436
num_leaves=15
num_cat=2
split_feature=1 0 13 13 10 10 2 12 12 1 12 11 11 0
split_gain=26547.7 74357.8 28116.2 7728.07 12845.3 12896.1 8691.67 6910.74 16593.3 21568.3 9373.51 13271 18062.2 13690.5
threshold=10.500000000000002 0 0.98859299337777551 0.89229659480800205 1.1242323148221975 1.0612853180609443 2.5000000000000004 0.99977566849591148 0.99055910426597582 17.500000000000004 1.0039311402383728 1.0001372609616839 1.0149762260337312 1
decision_type=2 1 2 2 2 2 2 2 2 2 2 2 2 1
left_child=1 2 -1 -3 5 6 -5 8 9 -2 -9 -12 -13 -14
right_child=7 3 -4 4 -6 -7 -8 10 -10 -11 11 12 13 -15
leaf_value=0.00015751286491015555 -0.00010433096125003934 0.00016473697933116777 0.00055841280293910224 0.00010160026572418756 0.00022302948478321549 -0.00034727023842173169 -0.00016112740850571388 0.00020617901765012807 -0.00035732604618140049 0.00025973020008788279 0.00021443869797172605 -0.000466377713560663 -5.3216792731268697e-05 0.00013136336388885509
leaf_weight=1213378.1753104925 2919198.6999816895 988685.76269590855 1734982.0265797377 1762165.9178681374 931723.97214722633 910046.09891724586 1413592.0301012993 1427816.0507435799 1283217.5358371735 1467298.5278930664 1547542.6124000549 1373750.3758752346 3931494.2779321671 6408903.5707117319
leaf_count=1127 1870 1905 1310 1560 1193 1166 1954 972 961 1591 1309 968 2335 6357
internal_value=0.000734144 0.00209545 0.00599731 0.000180081 -0.000297603 -0.00102246 -0.000120225 0.000135401 -0.000754262 0.000123543 0.000478785 0.000230125 -0.000114811 0.000314563
internal_weight=2.93138e+07 8.95457e+06 2.94836e+06 6.00621e+06 5.01753e+06 4.0858e+06 3.17576e+06 2.03592e+07 5.66971e+06 4.3865e+06 1.46895e+07 1.32617e+07 1.17141e+07 1.03404e+07
internal_count=26578 10215 2437 7778 5873 4680 3514 16363 4422 3461 11941 10969 9660 8692
cat_boundaries=0 1 2
cat_threshold=272 152
is_linear=0
shrinkage=0.03


Tree=437
num_leaves=15
num_cat=3
split_feature=1 0 2 10 14 0 14 16 12 16 0 10 10 10
split_gain=27284.9 38424 19150.8 13124.2 10549.7 8889.86 17435.1 11877.2 6562.16 14411.4 8864.12 6269.35 22518.5 15777
threshold=10.500000000000002 0 1.5000000000000002 1.1163582065134401 0.97846453599665051 1 1.010522322190589 0.084989138023889382 1.0077918519281821 0.067917422196572541 2 1.0821230818239316 1.0573523519181121 1.0366124446983094
decision_type=2 1 2 2 2 1 2 2 2 2 1 2 2 2
left_child=1 2 -1 8 -4 6 -2 11 10 -10 -3 12 13 -7
right_child=5 3 4 -5 -6 7 -8 -9 9 -11 -12 -13 -14 -15
leaf_value=0.00051399405706746136 -8.2841107642934837e-05 0.00036913441238639984 -3.2805532581660185e-05 9.1303539587655037e-05 0.00040966013029922405 -6.4480987665198776e-06 5.9823680033447467e-05 -0.00021873996630804001 5.8032814316117467e-06 -0.00027783401080870172 -8.5537172963098086e-05 0.00015362628225876941 -0.00039518429871946825 0.00032642008727138246
leaf_weight=1369320.4254692793 4748344.1775832176 975421.58201658726 1056235.5585458279 1049261.2615847588 1261538.1265285015 5878424.7891716957 1928714.7320061922 1592278.5653686523 1307710.9850571156 1030447.149597168 915312.71698617935 3339960.3406932354 1167752.4350500107 1773450.8900527954
leaf_count=1066 2303 1192 1005 1478 1445 5445 1334 1146 2404 510 1053 3701 1069 1410
internal_value=0.000306101 0.00168583 0.00403567 4.43197e-05 0.00237384 -0.000299394 -0.00119751 0.000136678 -0.000700833 -0.00176353 0.000613341 0.000455719 3.6522e-05 0.000628707
internal_weight=2.93942e+07 8.96525e+06 3.68709e+06 5.27815e+06 2.31777e+06 2.04289e+07 6.67706e+06 1.37519e+07 4.22889e+06 2.33816e+06 1.89073e+06 1.21596e+07 8.81963e+06 7.65188e+06
internal_count=26561 10153 3516 6637 2450 16408 3637 12771 5159 2914 2245 11625 7924 6855
cat_boundaries=0 1 2 3
cat_threshold=273 272 134
is_linear=0
shrinkage=0.03


Tree=438
num_leaves=15
num_cat=2
split_feature=1 13 13 13 0 11 12 12 16 1 0 13 13 2
split_gain=32541 49130 74379 20399.7 16440.2 11726.2 9526.09 7236.76 29351.6 15790.1 8085.99 7792.98 10608.7 8580.01
threshold=10.500000000000002 0.98036236086411988 1.0331604709699025 0.84827708000984614 0 1.0550358880747772 1.0075532020675959 0.99504303367625979 0.079739806672640287 15.500000000000002 1 0.88176976260555062 0.97709518418763774 1.5000000000000002
decision_type=2 2 2 2 1 2 2 2 2 2 1 2 2 2
left_child=1 3 -3 -1 -5 6 -4 8 9 -2 -9 -12 -13 -14
right_child=7 2 5 4 -6 -7 -8 10 -10 -11 11 12 13 -15
leaf_value=0.00029619895914735427 -0.00012140676312442246 0.00055141661225972403 -0.0001676023892588218 -4.573400467808505e-06 -0.00024775941093214114 0.00019035110507138663 0.00014381086175837394 -0.00018195377753460555 -0.00044265155364997148 0.00015884545255915599 -0.00024167310165940412 0.00012677184744265294 -6.606651374434153e-05 3.6667431816406064e-05
leaf_weight=870912.29035806656 1924077.7669067383 2486603.97151649 1030369.9647977352 1088135.0099118948 1621503.6138461828 966770.70681512356 860018.81231939793 2087431.0845022202 1301774.1830749512 1791348.7495293617 1414102.9456100464 3689107.9040384293 2374822.2160320282 5850077.5868737698
leaf_count=1914 1249 1808 1355 902 1664 1388 1102 2713 703 1965 1397 2500 1499 4332
internal_value=0.000509888 0.00202121 0.00384325 -0.000698086 -0.00198186 0.000541388 -0.00083303 -0.000150204 -0.00113985 0.000218372 0.000171889 0.000443802 0.000693722 9.41817e-05
internal_weight=2.93571e+07 8.92431e+06 5.34376e+06 3.58055e+06 2.70964e+06 2.85716e+06 1.89039e+06 2.04327e+07 5.0172e+06 3.71543e+06 1.54155e+07 1.33281e+07 1.1914e+07 8.2249e+06
internal_count=26491 10133 5653 4480 2566 3845 2457 16358 3917 3214 12441 9728 8331 5831
cat_boundaries=0 1 2
cat_threshold=262 129
is_linear=0
shrinkage=0.03


Tree=439
num_leaves=15
num_cat=2
split_feature=1 0 0 12 12 3 12 13 16 16 12 16 16 13
split_gain=18479.2 30846.2 9543.5 13099.7 11813.4 14038.4 9243.6 7905.68 7782.43 6577.91 6239.5 5872.66 7861.68 5936.11
threshold=10.500000000000002 0 1 1.0062873681656186 1.0065793869439743 1.0000000180025095e-35 1.0222447880274059 0.9946885987069799 0.078068614619706891 0.06883424290670058 0.95684914714364233 0.057045570311230684 0.052673485965430346 0.9957053809265638
decision_type=2 1 1 2 2 2 2 2 2 2 2 2 2 2
left_child=1 -1 3 10 5 -4 -6 -8 9 11 -2 12 13 -3
right_child=2 8 4 -5 6 -7 7 -9 -10 -11 -12 -13 -14 -15
leaf_value=0.00034064798240025275 4.05316391623734e-05 -0.00016701489977173316 -2.724390952643653e-05 -1.0125478020063542e-05 0.00013566080208335014 -0.00025863811068857907 1.5668557386066606e-05 -0.00013182224893207287 0.000178552547342866 -0.00012699863087309806 0.00048364110575397609 0.00012029407219943538 -0.00027613239362134261 0.00012819364286194155
leaf_weight=2039278.2382038832 873796.60331487656 659091.12482047081 3781762.8257598877 5276482.0443093777 2891019.7592871189 2214065.7779579163 1900970.2954134941 2035472.1516821384 2006903.989634037 1112659.6355721951 1394125.8474836349 1918518.3412704468 563181.57128047943 726543.38848483562
leaf_count=1276 1080 2747 1875 6333 1632 1482 1081 1168 909 676 1742 1366 495 2691
internal_value=0.000301234 0.00143117 -0.00019951 0.000647115 -0.00069761 -0.00166927 0.000155692 -0.000790296 0.000483692 -0.000151909 0.00255388 0.000432916 -0.000727011 0.000487758
internal_weight=2.93939e+07 9.02618e+06 2.03677e+07 7.5444e+06 1.28233e+07 5.99583e+06 6.82746e+06 3.93644e+06 6.9869e+06 4.97999e+06 2.26792e+06 3.86733e+06 1.94882e+06 1.38563e+06
internal_count=26553 10160 16393 9155 7238 3357 3881 2249 8884 7975 2822 7299 5933 5438
cat_boundaries=0 1 2
cat_threshold=16 227
is_linear=0
shrinkage=0.03


Tree=440
num_leaves=15
num_cat=3
split_feature=1 0 13 11 12 3 0 0 12 12 12 3 12 14
split_gain=27296.5 42093.9 47101.3 10213.9 16166.9 16269.1 13160.1 9670.54 12167.1 17936.8 8064.29 9080.04 10047.6 7250.96
threshold=10.500000000000002 0 0.98159233739680662 0.96938913150432404 1.0081464412505341 1.0000000180025095e-35 1 2 0.9986158363148413 0.98075970649359323 0.99504303367625979 1.5000000000000002 1.0488857053949088 0.99963853412493653
decision_type=2 1 2 2 2 2 1 1 2 2 2 2 2 2
left_child=1 2 -1 -3 -5 6 -6 10 9 -9 -2 12 13 -12
right_child=7 3 -4 4 5 -7 -8 8 -10 -11 11 -13 -14 -15
leaf_value=-2.9769447368874452e-06 0.00037745572170542265 -0.00023341812976395053 0.0005012668961799537 0.00037962507122024408 9.1107572750781976e-05 0.00031317459775917624 -0.00032028177350181312 1.5269454060064875e-06 5.8402349960172048e-06 -0.00048583812497327971 0.00018466446753856775 -0.00025531153553548584 0.00035116486701205791 -0.00013935194609575693
leaf_weight=1416084.8927167654 1271084.8898653984 910491.99551200867 2318451.2258276939 1157374.4557856321 1041629.8503010273 894942.01340603828 1166645.2944892645 2013011.903717041 9192190.7662814856 1732524.9756202698 1783358.5584716797 1224333.2579102516 1565563.4285330772 1571167.15559268
leaf_count=1533 1658 1204 1986 1388 1225 1715 1126 1216 5001 1060 1935 2103 1707 1644
internal_value=0.000730077 0.00211534 0.00454234 0.000362554 0.000978908 -0.000149669 -0.0015325 0.000123953 -0.000371122 -0.00181237 0.000987704 0.000537738 0.00111303 0.000186872
internal_weight=2.92589e+07 8.90562e+06 3.73454e+06 5.17108e+06 4.26059e+06 3.10322e+06 2.20828e+06 2.03532e+07 1.29377e+07 3.74554e+06 7.41551e+06 6.14442e+06 4.92009e+06 3.35453e+06
internal_count=26501 10177 3519 6658 5454 4066 2351 16324 7277 2276 9047 7389 5286 3579
cat_boundaries=0 1 2 3
cat_threshold=273 104 227
is_linear=0
shrinkage=0.03


Tree=441
num_leaves=15
num_cat=0
split_feature=1 13 13 13 12 12 16 1 14 14 12 13 14 1
split_gain=15876.1 25370.4 72306.8 15404.6 13092.3 9966.77 7728.06 17818.3 13501.8 10252.8 9103.96 8882.17 6701.2 6673.29
threshold=10.500000000000002 0.98036236086411988 1.0331604709699025 0.89229659480800205 1.0323102404331206 1.0017672621402147 0.05427723194554801 13.500000000000002 0.97101069555766195 0.98644033392861885 1.0017672621402147 0.92014045549806467 0.9693596859299255 16.500000000000004
decision_type=2 2 2 2 2 2 2 2 2 2 2 2 2 2
left_child=1 3 -3 -1 5 -4 9 -8 11 -2 -11 -9 -5 -10
right_child=6 2 4 12 -6 -7 7 8 13 10 -12 -13 -14 -15
leaf_value=-0.00042338814393559377 -4.3059476199479625e-05 0.00045322990256826425 -2.8765722092759542e-05 -0.00021596044893793168 0.00022231662383292463 -0.00028067776188609757 -0.00015885467112468013 -5.7602452880311034e-05 -0.00013685928953942959 0.00058119368722624838 6.7603080177466916e-05 0.00013279826851325525 -6.0107872135587238e-05 1.5854563725425176e-06
leaf_weight=1305738.5884424448 2236800.3929629326 2476379.3585358858 768062.23551750183 1103125.9171125889 791387.00569736958 1250827.0297036171 3483849.4659298658 1808513.8075442314 3211404.8227900267 768399.99947214127 1647694.6038150787 3192933.3572998047 1144842.1325405836 3848957.9004654884
leaf_count=2440 2970 1822 1111 1000 1119 1563 2652 1140 2042 1096 2403 1850 1067 2169
internal_value=0.000379421 0.00143972 0.00275737 -0.000520477 -0.000536108 -0.00181812 -8.46427e-05 -0.000405678 0.000140171 0.000987961 0.00234296 0.00133272 -0.00202583 -0.000704611
internal_weight=2.90389e+07 8.84036e+06 5.28666e+06 3.55371e+06 2.81028e+06 2.01889e+06 2.01986e+07 1.55457e+07 1.20618e+07 4.65289e+06 2.41609e+06 5.00145e+06 2.24797e+06 7.06036e+06
internal_count=26444 10122 5615 4507 3793 2674 16322 9853 7201 6469 3499 2990 2067 4211
is_linear=0
shrinkage=0.03


Tree=442
num_leaves=15
num_cat=0
split_feature=1 2 10 10 10 1 1 11 9 1 1 12 12 14
split_gain=10643.6 12291.3 30062.5 13590.5 23072 20850.3 12832.6 10401.3 6061.33 40044 9251.32 22914.2 20332.5 14057
threshold=10.500000000000002 1.5000000000000002 1.0513365094385227 1.0636285677893513 0.99120826366094161 8.5000000000000018 8.5000000000000018 1.0216820434357365 89.500000000000014 16.500000000000004 17.500000000000004 0.99977566849591148 0.98075970649359323 0.96525728969183777
decision_type=2 2 2 2 2 2 2 2 2 2 2 2 2 2
left_child=1 2 -1 4 -3 -5 7 -6 9 -2 11 13 -12 -10
right_child=8 3 -4 5 6 -7 -8 -9 10 -11 12 -13 -14 -15
leaf_value=0.00027786654021990271 0.00041434728077322912 0.00029297892366142951 -2.7336318428760899e-05 0.00062375877889650543 -0.0003372029790387389 -0.00013647197298863144 1.5277077775931067e-05 -7.5569469438002842e-05 -5.6099017007302101e-05 -0.00025996481483679185 0.00046806507184970461 1.1153169843647022e-05 -5.022482983624821e-06 -0.00051629739614721809
leaf_weight=1992965.3209036589 1668158.6914494038 1316490.4725365639 1280604.6826858521 1063799.1140031815 821236.48109161854 727433.73076987267 1074390.0289058685 719862.83663403988 1743531.4417114258 1459480.7511308193 995490.8556189537 8002227.1383402348 4733314.3347434998 1570787.0099182129
leaf_count=1699 1172 1675 1294 1861 1193 632 731 1081 1027 1420 1092 5255 5254 1082
internal_value=0.000553756 0.00141186 0.00287804 0.000573236 -0.000413474 0.00273919 -0.00204386 -0.00379842 0.000171057 0.00138505 -5.16968e-05 -0.00054897 0.000930605 -0.00264658
internal_weight=2.91698e+07 8.99678e+06 3.27357e+06 5.72321e+06 3.93198e+06 1.79123e+06 2.61549e+06 1.5411e+06 2.0173e+07 3.12764e+06 1.70454e+07 1.13165e+07 5.72881e+06 3.31432e+06
internal_count=26468 10166 2993 7173 4680 2493 3005 2274 16302 2592 13710 7364 6346 2109
is_linear=0
shrinkage=0.03


Tree=443
num_leaves=15
num_cat=4
split_feature=1 0 13 10 12 12 12 0 10 0 12 11 0 13
split_gain=16276.1 22466 39733.2 12435.6 9139.68 13832.7 8604.24 23244.8 11750.3 13032.9 23031.2 18807.2 12128.4 14778.7
threshold=9.5000000000000018 0 0.98159233739680662 1.1167637388112681 1.0116324710920543 1.0252699828087966 0.99504303367625979 1 1.0157067546290344 2 1.0227473549302106 1.0982257806560121 3 0.99072696340569
decision_type=2 1 2 2 2 2 2 1 2 1 2 2 1 2
left_child=1 2 -1 4 -3 -6 7 -2 12 10 -10 -12 -8 -14
right_child=6 3 -4 -5 5 -7 8 -9 9 -11 11 -13 13 -15
leaf_value=-6.9729001116306669e-05 0.00026917332803568352 4.6386887095960348e-05 0.00042468695231588242 0.00026988030534514442 -0.00036044823137016996 7.2969312827175489e-06 0.00021040725230825723 -0.00016375354773548814 0.0003112138673395446 -8.174326415016674e-05 -0.00031546984411707222 0.00010166076886449312 -0.00011953201457479667 0.00014045093622612402
leaf_weight=1121935.0569810867 1304655.1298770905 1770468.6165860891 1862262.0597916842 847738.93004083633 819596.33356809616 840802.25215911865 2089119.5071070194 4058191.4569735527 2586753.8910961151 4885124.5286678076 1763419.1200685501 2126093.3121242523 1678629.5718126297 1425253.7892360687
leaf_count=1348 1536 2230 1734 1298 1045 1269 1301 2682 1953 4174 1362 1920 1393 1271
internal_value=0.00021607 0.00144689 0.00344476 5.34232e-05 -0.000750533 -0.00234944 -0.000191791 -0.00123613 0.000146527 -0.000393831 0.000488642 -0.00097033 0.00132874 0.000139293
internal_weight=2.918e+07 7.2628e+06 2.9842e+06 4.27861e+06 3.43087e+06 1.6604e+06 2.19172e+07 5.36285e+06 1.65544e+07 1.13614e+07 6.47627e+06 3.88951e+06 5.193e+06 3.10388e+06
internal_count=26516 8924 3082 5842 4544 2314 17592 4218 13374 9409 5235 3282 3965 2664
cat_boundaries=0 1 2 3 4
cat_threshold=273 195 206 304
is_linear=0
shrinkage=0.03


Tree=444
num_leaves=15
num_cat=5
split_feature=1 0 2 14 12 12 2 0 14 0 14 0 0 1
split_gain=14037.6 45118.2 14219.9 13340.5 5293.52 16278 12012.2 11767.5 5109.36 14929.4 12486.7 14822.1 7815.53 5508.45
threshold=10.500000000000002 0 1.5000000000000002 0.97846453599665051 1.0116324710920543 1.0213035412072564 1.5000000000000002 1 1.0810824828756298 2 1.0204456354754894 3 4 15.500000000000002
decision_type=2 1 2 2 2 2 2 1 2 1 2 1 1 2
left_child=1 2 -1 -4 7 -6 -7 -3 10 -10 12 -12 -2 -14
right_child=8 4 3 -5 5 6 -8 -9 9 -11 11 -13 13 -15
leaf_value=0.00044071794523654353 0.00024965254190329616 0.00010364805160869175 -1.980698115692112e-05 0.00022941090522244601 -0.00043120904597930201 -0.00015427283567743971 0.00024205715211003291 -0.00011397479610040937 0.00068725258895794335 -0.00016245393936572633 -0.00012333529020805322 -0.00026869254446840592 -4.3252586772560552e-05 1.5634174562699795e-05
leaf_weight=1417381.6823350191 1546051.640625 1136975.2471760511 1051673.4178433418 1317172.2431498766 789768.70189225674 877405.47967803478 1444746.8852319717 1052855.5500116348 752472.99901235104 771285.73541259766 1481517.2907075882 2132595.4518604279 6102742.4910669327 7665697.0034432411
leaf_count=1063 1152 1398 982 1477 1016 940 2174 1203 1270 911 1683 1295 4071 5963
internal_value=0.00029816 0.00127922 0.00378054 0.00235841 -0.00050709 -0.00130229 -3.69325e-05 0.000622946 -0.000137775 0.00153345 -0.000272309 -0.00185843 0.000102004 -0.000125097
internal_weight=2.95403e+07 9.08798e+06 3.78623e+06 2.36885e+06 5.30175e+06 3.11192e+06 2.32215e+06 2.18983e+06 2.04524e+07 1.52376e+06 1.89286e+07 3.61411e+06 1.53145e+07 1.37684e+07
internal_count=26598 10253 3522 2459 6731 4130 3114 2601 16345 2181 14164 2978 11186 10034
cat_boundaries=0 1 2 3 4 5
cat_threshold=273 134 436 482 2
is_linear=0
shrinkage=0.03


Tree=445
num_leaves=15
num_cat=0
split_feature=1 13 13 11 10 13 10 14 9 1 1 10 2 11
split_gain=13560.4 23836.9 69191.9 19864.5 12071.7 11816.3 9291.28 6884.76 6791.71 24126.9 19625.8 9175.38 12011.8 36135.2
threshold=10.500000000000002 1.0357863736507327 0.98036236086411988 1.0550358880747772 1.0196970483553802 0.89229659480800205 1.0291511211659856 0.9693596859299255 89.500000000000014 16.500000000000004 17.500000000000004 0.91803706662057427 2.5000000000000004 1.0481177777849275
decision_type=2 2 2 2 2 2 2 2 2 2 2 2 2 2
left_child=1 2 5 4 -3 6 -1 -7 9 -2 11 -10 -13 -14
right_child=8 3 -4 -5 -6 7 -8 -9 10 -11 -12 12 13 -15
leaf_value=-4.3852283240107556e-05 0.00033749326439970137 -0.00010737395390733747 0.00042742420401057344 0.00013630301308180796 -0.00037000064688600786 -0.00019235612357907758 0.00036022697471148221 -3.1227565309413123e-05 -0.00046591140281732968 -0.00022719088565347276 4.2631627951800902e-05 -0.00012288818105921271 0.00020722181551166514 -0.00022920683664887483
leaf_weight=718019.91083490849 1763133.4943926334 779424.13059830666 2631673.3254249096 956842.39985382557 1030688.6275750399 1106004.9510709047 533496.03131866455 1155120.6597560644 1675872.3571472168 1498693.1537797451 5740332.7237708569 4640906.0068359375 2811811.2131347656 2215774.3141137362
leaf_count=1209 1228 1254 1904 1379 1175 1005 1242 1086 1065 1388 6319 2790 1850 1724
internal_value=5.15927e-05 0.00102751 0.00206872 -0.00128462 -0.00313272 -0.000686845 0.00165193 -0.00198134 -0.000375834 0.000878574 -0.000615327 -0.00133861 -0.000983403 3.25363e-05
internal_weight=2.92578e+07 8.91127e+06 6.14431e+06 2.76696e+06 1.81011e+06 3.51264e+06 1.25152e+06 2.26113e+06 2.03465e+07 3.26183e+06 1.70847e+07 1.13444e+07 9.66849e+06 5.02759e+06
internal_count=26618 10254 6446 3808 2429 4542 2451 2091 16364 2616 13748 7429 6364 3574
is_linear=0
shrinkage=0.03


Tree=446
num_leaves=15
num_cat=1
split_feature=12 11 0 11 11 11 12 12 11 10 12 11 14 11
split_gain=6348.82 15664 9624.83 58752 29645.4 22859.3 12474.3 11615.2 14868.2 9374.47 15492.9 17790.4 17089.7 15209.4
threshold=0.94365407296847026 0.88726764062237595 0 0.96938913150432404 0.96422914078869548 1.0043317453751401 1.0320796884488568 1.0039311402383728 0.99908282658262915 1.0962830087383653 1.0077918519281821 1.0287142808548067 1.0024343446213029 1.1163491412458584
decision_type=2 2 1 2 2 2 2 2 2 2 2 2 2 2
left_child=-1 -2 4 -4 -3 -5 7 8 -6 10 -7 -12 -13 -11
right_child=1 2 3 5 6 9 -8 -9 -10 13 11 12 -14 -15
leaf_value=-0.00014834284973645198 0.00024102762430313474 0.0002777384870669061 -0.00078582030777760051 0.00025524004591754088 -8.203471431100704e-05 0.00010165647380953146 0.00018219837901994071 -6.0454305977688845e-05 -0.00016258549533187185 0.00036829564481742101 -0.00037567447974844707 0.00013286292648358397 -0.00025374223809881681 -6.2471472448380065e-05
leaf_weight=1240719.8147634268 1247029.0040557384 1475748.8375518322 1369373.2993404865 2114392.8145878315 1198762.212833643 1637293.1214311123 3111306.3965035677 5333556.4900138378 2168013.5012831688 1144248.6596027613 1790577.4759043455 1926105.5262486935 1282945.6287559271 2042502.8353284597
leaf_count=1506 970 1413 1081 1558 1065 1247 3944 4753 1963 944 1440 1509 1207 1861
internal_value=0.000255786 0.000349356 0.00019527 -0.000375015 0.000766415 0.000300103 0.000265539 -0.000317473 0.00106217 -0.000308932 -0.0009511 -0.00178057 -0.000443804 0.00102848
internal_weight=2.90826e+07 2.78419e+07 2.65948e+07 1.33074e+07 1.32874e+07 1.19381e+07 1.18116e+07 8.70033e+06 3.36678e+06 9.82367e+06 6.63692e+06 4.99963e+06 3.20905e+06 3.18675e+06
internal_count=26461 24955 23985 10847 13138 9766 11725 7781 3028 8208 5403 4156 2716 2805
cat_boundaries=0 1
cat_threshold=433
is_linear=0
shrinkage=0.03


Tree=447
num_leaves=15
num_cat=3
split_feature=11 10 0 1 0 11 0 11 11 11 2 11 12 1
split_gain=10147.1 25729.6 41412.3 19544.7 22644.8 12519.2 19748.3 13715.6 15279.4 12038.1 11475.8 20843.2 16880.7 16107.5
threshold=1.028352128358649 1.0366124446983094 0 8.5000000000000018 1 1.0481177777849275 2 1.1097774341648921 1.0772328324987346 1.021968476268863 3.5000000000000004 0.94582335825913144 1.0174516111662435 15.500000000000002
decision_type=2 2 1 2 1 2 1 2 2 2 2 2 2 2
left_child=9 2 -2 4 -3 -5 -7 8 -8 10 12 -12 -1 -13
right_child=1 3 -4 5 -6 6 7 -9 -10 -11 11 13 -14 -15
leaf_value=2.3907341866210715e-05 2.429738774190062e-05 0.00040887744222482597 -0.00073444588060547278 0.00012095182165438445 -1.5325264225376181e-05 -0.00020481322472477726 -8.3633965105273683e-05 -0.00018594469240680182 0.00049249859382600959 0.00021087744211557063 -0.00070175900630949236 0.000186840943192769 0.00026351676667426448 -0.00010873192730511107
leaf_weight=8032144.860779047 1228105.2388259172 956456.27474808693 1052792.7232393026 1515161.9639201164 1074194.6029220819 2260707.2001342773 1323558.5814044476 2450597.4953997135 1492608.2404257059 1554477.4527928829 1378840.3258920908 2164336.7741549015 1349344.9901067019 1446339.0182197094
leaf_count=5874 1492 1404 779 1000 1676 1045 1434 2638 1676 1151 1593 2221 1153 1398
internal_value=0.000169305 -0.000440578 -0.00334202 0.000157068 0.00281674 -0.000440199 -0.000941001 6.57282e-05 0.00149385 0.000680717 0.000409446 -0.000753006 0.00102769 0.000445216
internal_weight=2.92797e+07 1.33542e+07 2.2809e+06 1.10733e+07 2.03065e+06 9.04263e+06 7.52747e+06 5.26676e+06 2.81617e+06 1.59255e+07 1.4371e+07 4.98952e+06 9.38149e+06 3.61068e+06
internal_count=26534 13144 2271 10873 3080 7793 6793 5748 3110 13390 12239 5212 7027 3619
cat_boundaries=0 1 2 3
cat_threshold=355 337 24
is_linear=0
shrinkage=0.03


Tree=448
num_leaves=15
num_cat=4
split_feature=13 0 14 13 13 12 12 0 11 0 0 11 10 12
split_gain=12616.6 13661.5 22922.5 16628.1 10751 10214.8 16961.5 11378.8 9830 19438.5 18293.2 5147.86 15873.7 11722.8
threshold=1.0383645468030915 0 0.99396240326271434 0.98159233739680662 0.93198138252653562 1.0137025498423149 0.98124154101434635 1 1.0816503814833049 2 3 0.94582335825913144 0.98765159118368373 1.0006923783943058
decision_type=2 1 2 2 2 2 2 1 2 1 1 2 2 2
left_child=1 2 3 4 -1 6 -2 -8 10 -10 -7 -3 -13 -14
right_child=5 11 -4 -5 -6 8 7 -9 9 -11 -12 12 13 -15
leaf_value=4.5695986826234303e-05 0.00021628968586691859 -0.00011792463004212034 0.00025445186922970047 0.00019322213266950044 -7.9986698030312089e-05 0.00032172659019094737 -0.0001028491038061452 -0.0003250789733217875 0.00020402494118818785 -0.00045390676715075027 -0.00011872368777386012 0.00031774064839704575 -0.00019257266935118606 3.9573156703517792e-05
leaf_weight=1654949.2322458029 1087506.0338007212 2161026.2257874012 2620113.3782150745 1914785.7608513832 1417488.6981751919 1413250.9768064022 1578221.7715374231 1822425.5434285402 942390.88332414627 1046406.8329700232 1089931.6005365849 1722882.9755584002 1649941.1268262863 7334753.9789062738
leaf_count=1719 1298 1833 2040 1084 882 1320 1727 1373 1186 1032 1437 1335 1292 7070
internal_value=0.000430595 0.000841768 0.00184962 0.000656005 -0.00071151 -0.000506936 -0.00151917 -0.0025621 0.000504435 -0.00107002 0.00175535 0.000245968 0.000515527 9.71301e-06
internal_weight=2.94561e+07 2.04759e+07 7.60734e+06 4.98722e+06 3.07244e+06 8.98013e+06 4.48815e+06 3.40065e+06 4.49198e+06 1.9888e+06 2.50318e+06 1.28686e+07 1.07076e+07 8.9847e+06
internal_count=26628 17255 5725 3685 2601 9373 4398 3100 4975 2218 2757 11530 9697 8362
cat_boundaries=0 1 2 3 4
cat_threshold=145 203 99 468
is_linear=0
shrinkage=0.03


Tree=449
num_leaves=15
num_cat=3
split_feature=1 0 16 2 0 13 12 12 13 14 10 10 0 10
split_gain=16084.4 25575.8 16347.8 9909.09 9337.3 11887.3 25441.5 6899.65 5225.4 12065.9 11192.6 10122.1 9460.32 15623.5
threshold=10.500000000000002 0 0.088579994534916148 2.5000000000000004 1 0.92537549981554756 1.024112885485482 1.0250886305132016 0.98036236086411988 0.87162779330537254 0.98665186532067772 1.0157067546290344 2 1.009035500706591
decision_type=2 1 2 2 1 2 2 2 2 2 2 2 1 2
left_child=1 3 8 -1 5 -3 -7 -6 9 -2 -10 -12 -11 -14
right_child=2 4 -4 -5 7 6 -8 -9 10 12 11 -13 13 -15
leaf_value=0.00039076226753161054 -0.00015016701441401153 0.00032896987237709436 -0.00016072802606023403 0.00018642411258525492 -4.6089038978495843e-06 -0.0001089182197851538 0.00028288553268759881 -0.00032212788494628803 -0.00016070800411030996 0.00011142711682012699 0.00019049238099164018 -2.2711420815733141e-05 -0.00012720948105764737 0.00018776979023832187
leaf_weight=1563207.7819942236 1516484.8929829597 942068.10547530651 1770359.4919707775 1248743.2892570496 861978.46722364426 2200758.4790179729 1296196.7946325541 831304.64547729492 1561859.5890331268 2608462.0882706642 1724780.939084053 7397164.505371809 1644033.7209758759 2124787.6521525383
leaf_count=1035 1340 1471 975 1256 1540 2119 1282 1430 1395 1746 1283 5968 1554 2139
internal_value=0.00053755 0.00159787 7.14717e-05 0.0039669 0.000511547 0.00123455 0.000428774 -0.00138384 0.000333971 0.000919309 -9.8509e-05 0.000303282 0.00149126 0.000529984
internal_weight=2.92922e+07 8.94426e+06 2.03479e+07 2.81195e+06 6.13231e+06 4.43902e+06 3.49696e+06 1.69328e+06 1.85776e+07 7.89377e+06 1.06838e+07 9.12195e+06 6.37728e+06 3.76882e+06
internal_count=26533 10133 16400 2291 7842 4872 3401 2970 15425 6779 8646 7251 5439 3693
cat_boundaries=0 1 2 3
cat_threshold=17 332 274
is_linear=0
shrinkage=0.03


Tree=450
num_leaves=15
num_cat=4
split_feature=12 1 0 13 12 2 12 12 12 12 0 0 2 0
split_gain=18420.9 13006.4 26540.3 40112.1 12486.7 13881.9 28535.6 19155.9 15128.5 13980.9 21728.1 10841.6 10810.8 9987.08
threshold=0.94365407296847026 10.500000000000002 0 0.98159233739680662 0.98075970649359323 3.5000000000000004 1.0020970861562455 1.032817921528111 1.0475322582993578 1.0039311402383728 1 2 4.5000000000000009 3
decision_type=2 2 1 2 2 2 2 2 2 2 1 1 2 1
left_child=-1 2 3 -2 -3 8 -7 12 9 -6 -11 -9 -8 -10
right_child=1 4 -4 -5 5 6 7 11 13 10 -12 -13 -14 -15
leaf_value=-0.00034270242309260469 -4.4858839809802432e-05 0.00018970819346742418 1.5726015179695251e-05 0.00039649742136700042 0.00010177521974753851 -0.0004434247453766579 -3.4436088953034812e-05 -2.2247183587156876e-05 0.00049603777539596419 0.00023565794585733333 -0.00011826743757394881 -0.00061485181971594619 0.00027318570332221309 4.2612166569624845e-05
leaf_weight=1247701.2645454407 1276201.5347378254 2083852.1078119278 5042477.3386446238 2238583.2204631567 2602665.1480665207 1358403.6485056877 1327068.2248146534 941956.8650135994 1326203.3228566647 2294561.7148246765 3768264.9788589478 909537.28772437572 1571894.0612397194 1223159.5741739273
leaf_count=1524 1389 1482 6322 1928 1653 1200 951 1361 1270 1672 2590 696 1652 878
internal_value=0.000505181 0.000664307 0.00163865 0.00363979 0.000234696 -2.92245e-05 -0.00117987 -8.34377e-05 0.000597545 -9.81041e-08 -0.000789618 -0.00246721 0.00143902 0.00262898
internal_weight=2.92125e+07 2.79648e+07 8.55726e+06 3.51478e+06 1.94076e+07 1.73237e+07 6.10886e+06 4.75046e+06 1.12149e+07 8.66549e+06 6.06283e+06 1.85149e+06 2.89896e+06 2.54936e+06
internal_count=26568 25044 9639 3317 15405 13923 5860 4660 8063 5915 4262 2057 2603 2148
cat_boundaries=0 1 2 3 4
cat_threshold=273 390 233 354
is_linear=0
shrinkage=0.03


Tree=451
num_leaves=15
num_cat=0
split_feature=1 13 13 10 10 12 13 16 13 13 9 1 12 12
split_gain=14020.3 19058.3 53929.8 15959 17861 15234.8 9912.48 9643.7 10032.1 9407.19 7610.95 14948.6 33033.3 9620.87
threshold=10.500000000000002 0.98036236086411988 1.0331604709699025 0.97219489813754789 1.0567685565632059 1.0137025498423149 0.98036236086411988 0.082150628621246377 0.99683150433297107 0.77868608343558521 89.500000000000014 16.500000000000004 1.013544279386674 1.0300344433885027
decision_type=2 2 2 2 2 2 2 2 2 2 2 2 2 2
left_child=1 3 -3 -1 -5 -4 9 8 -8 -2 -10 12 -12 -13
right_child=6 2 5 4 -6 -7 7 -9 10 -11 11 13 -14 -15
leaf_value=0.00034732421868738166 -0.00041737251014469347 0.00041508055327995551 -0.0001475565731823108 -0.00023173608512158254 9.6639421967327949e-05 0.00013870438049723102 -0.000120203455562524 -0.00019925319488719737 0.00018859463634567406 6.9271837635475855e-05 -0.00031521970000983595 0.00027493154654760607 8.557537219067843e-05 -7.3826930217801666e-05
leaf_weight=871395.26917850971 1287792.156910181 2499839.4542342424 1379330.001942873 1485428.0535039902 1209742.9144545794 1518328.0277664661 1367725.0225150585 2118145.4920208454 1412558.1469829082 7543994.6560759544 1807888.2283935547 1999821.5588083267 1978807.1140804291 894124.23350787163
leaf_count=934 1345 1820 1827 1883 1698 2069 933 1169 1149 5936 1083 2205 1411 1152
internal_value=0.000307377 0.00129636 0.00242081 -0.000405331 -0.0015464 -0.000364488 -0.000126967 -0.000704357 -0.000294703 0.00063003 0.000106894 -0.00031614 -0.00155673 0.00130716
internal_weight=2.93749e+07 8.96406e+06 5.3975e+06 3.56657e+06 2.69517e+06 2.89766e+06 2.04109e+07 1.15791e+07 9.46092e+06 8.83179e+06 8.0932e+06 6.68064e+06 3.7867e+06 2.89395e+06
internal_count=26614 10231 5716 4515 3581 3896 16383 9102 7933 7281 7000 5851 2494 3357
is_linear=0
shrinkage=0.03


Tree=452
num_leaves=15
num_cat=1
split_feature=13 13 1 11 12 2 10 3 12 11 16 12 0 11
split_gain=10186.1 26617.8 42916.2 16332.7 12729.1 16492.8 16892.7 10502.2 10461.2 16474.6 7045.41 5921.03 16166.4 4641.53
threshold=1.0346219951928586 0.98962541196304199 10.500000000000002 1.0196581119313397 1.0475322582993578 4.5000000000000009 1.0283647253166985 1.0000000180025095e-35 1.0218310413711047 1.0164468161792957 0.088037307445075999 1.0039311402383728 0 1.016828407656591
decision_type=2 2 2 2 2 2 2 2 2 2 2 2 1 2
left_child=1 10 -3 -4 5 7 -7 8 9 -2 11 12 -1 -13
right_child=4 2 3 -5 -6 6 -8 -9 -10 -11 -12 13 -14 -15
leaf_value=8.6548005814600034e-05 -0.00012546098207942327 0.00040388029291819763 0.00018985965757424743 -4.1816785692629861e-05 0.00016463974960548471 -0.00026871808122975885 0.00066898710026257321 -0.00041584610653411035 -0.00028314633498119574 0.000134368240789364 -8.1054587855629491e-05 -0.00011252443224610891 -0.00033929920405015621 2.0510975343653675e-06
leaf_weight=3244758.0009046793 1848220.1201971769 2104080.163315773 1830818.1762809753 2330448.8830564022 1652649.1563359499 771314.94290709496 760506.39758586884 1369916.7700223923 1189536.4263203144 1615748.5057126284 1921825.5268242359 1880584.0605974197 1238684.1766608953 5356853.3296790123
leaf_count=2571 1620 1493 1107 1625 1951 1143 1164 1367 1049 1336 917 1822 1495 5868
internal_value=0.000237339 0.000618954 0.00223767 0.000472129 -0.000587737 -0.00110942 0.00167005 -0.00181627 -0.0011366 -0.000303064 -0.000124434 0.000151624 0.00100832 -0.00037908
internal_weight=2.91159e+07 1.99081e+07 6.26535e+06 4.16127e+06 9.20789e+06 7.55524e+06 1.53182e+06 6.02342e+06 4.65351e+06 3.46397e+06 1.36427e+07 1.17209e+07 4.48344e+06 7.23744e+06
internal_count=26528 16898 4225 2732 9630 7679 2307 5372 4005 2956 12673 11756 4066 7690
cat_boundaries=0 1
cat_threshold=157
is_linear=0
shrinkage=0.03


Tree=453
num_leaves=15
num_cat=3
split_feature=1 13 13 13 12 11 0 12 16 14 12 12 0 0
split_gain=17112.4 19988.8 53386.3 22742.6 14467.3 10891.4 9104 7540.54 8325.16 14490 9437.31 6995.65 10436.7 8699.8
threshold=10.500000000000002 1.0357863736507327 0.98036236086411988 0.92537549981554756 1.0163365844656924 1.0550358880747772 0 1.0735842439152392 0.055672035124616014 0.99139221160090141 1.0375626961833271 0.99504303367625979 1 2
decision_type=2 2 2 2 2 2 1 2 2 2 2 2 1 1
left_child=1 2 3 4 -1 6 -3 8 9 -2 11 13 -13 -10
right_child=7 5 -4 -5 -6 -7 -8 -9 10 -11 -12 12 -14 -15
leaf_value=0.00040139999563201762 -5.6246648412694492e-05 3.6905500406862946e-05 0.0004078027672032345 -0.00013904786361932804 -0.00017726024978849755 5.5624058626258797e-05 -0.00033803087919444111 0.00013908064880681202 -0.00018397705785941408 0.00023765758744427476 -0.00015180896645474815 2.9192663337569424e-05 -0.00015982130613793861 1.2892127426172424e-05
leaf_weight=1143584.8194243908 2700485.609705925 749097.32717633247 2545651.3076922894 1731911.1442936659 695096.26139724255 954045.64950871468 1036942.850053072 2096840.6984590292 1919235.9564208984 2590473.4242732525 1945726.0924499035 5053685.6653747559 2525320.1740298271 1673218.4556274414
leaf_count=1657 3022 1235 1865 1504 1338 1374 1171 1925 934 3296 1448 2512 1992 1316
internal_value=0.000351979 0.00145401 0.00240796 4.13689e-05 0.00236507 -0.000675349 -0.00205771 -0.000123999 -0.000318163 0.000686373 -0.000723354 -0.000387531 0.000129326 -0.00147794
internal_weight=2.93613e+07 8.85633e+06 6.11624e+06 3.57059e+06 1.83868e+06 2.74009e+06 1.78604e+06 2.0505e+07 1.84081e+07 5.29096e+06 1.31172e+07 1.11715e+07 7.57901e+06 3.59245e+06
internal_count=26589 10144 6364 4499 2995 3780 2406 16445 14520 6318 8202 6754 4504 2250
cat_boundaries=0 1 2 3
cat_threshold=488 124 276
is_linear=0
shrinkage=0.03


Tree=454
num_leaves=15
num_cat=0
split_feature=12 11 11 11 16 2 11 10 11 3 11 14 14 11
split_gain=6227.7 16555.4 12305.5 18829.8 7798.3 6016.06 34013.7 11426.4 28936.4 23178.3 21472.7 12583.3 12319.7 19984.3
threshold=0.94365407296847026 0.88978298854405191 0.93688309830656225 0.96422914078869548 0.096497318894343695 1.0000000180025095e-35 1.0563311894196821 1.0243909741692858 1.0631792722561391 1.5000000000000002 1.0816503814833049 1.0511552984169092 0.9693596859299255 1.0089144817108773
decision_type=2 2 2 2 2 2 2 2 2 2 2 2 2 2
left_child=-1 -2 -3 -4 5 6 -5 11 9 -9 -10 12 -7 -14
right_child=1 2 3 4 -6 7 -8 8 10 -11 -12 -13 13 -15
leaf_value=-0.00021922651459445737 0.00025344111561113544 -0.00048512061038050364 0.00031484035762570139 0.00029020025288927805 0.00020714117984258005 -5.3195907219367746e-05 -0.00017974901004156333 -0.00018163496937093825 0.0002672586474737101 0.00017877767555949761 -1.7366921238244153e-05 -0.00016617257389819957 4.4659709988622382e-06 0.00034181507460603357
leaf_weight=1219367.7691448927 1330347.5153330564 1285597.7176362276 1389403.148075223 2332793.1742038727 1222070.4739062786 1465486.1278445721 1471180.8069939613 4934102.1561154127 1449942.7590894699 1210704.2862766981 4498835.9122612476 1247102.4188878536 2302754.3240597248 2003476.3125394583
leaf_count=1494 1020 1125 1229 1679 622 1637 1382 3538 1423 1670 5107 1644 1649 1275
internal_value=0.00037345 0.000464391 0.00030232 0.000446544 0.000251067 0.000126546 0.00121609 -9.03067e-05 -0.000649128 -0.00209299 0.000842314 0.000872555 0.00146301 0.00227156
internal_weight=2.93632e+07 2.81438e+07 2.68134e+07 2.55279e+07 2.41384e+07 2.29164e+07 3.80397e+06 1.91124e+07 1.20936e+07 6.14481e+06 5.94878e+06 7.01882e+06 5.77172e+06 4.30623e+06
internal_count=26494 25000 23980 22855 21626 21004 3061 17943 11738 5208 6530 6205 4561 2924
is_linear=0
shrinkage=0.03


Tree=455
num_leaves=15
num_cat=0
split_feature=13 13 1 11 12 2 13 9 1 14 13 13 12 14
split_gain=8966.06 24257.5 47687.5 15233.5 10152 8950.13 28578.1 9779.41 7604.06 9103.73 7466.47 7525.98 6282.42 12127.9
threshold=1.0331604709699025 0.98962541196304199 10.500000000000002 1.019544107602844 1.0470769130312347 4.5000000000000009 1.114672164888326 85.500000000000014 17.500000000000004 1.0286636309364841 0.96918224053381696 0.95470031130501709 0.99621837533410573 0.95289656704802284
decision_type=2 2 2 2 2 2 2 2 2 2 2 2 2 2
left_child=1 10 -3 -4 5 7 -7 -2 9 -9 11 12 13 -1
right_child=4 2 3 -5 -6 6 -8 8 -10 -11 -12 -13 -14 -15
leaf_value=-5.6970419574674285e-05 1.498986865912238e-05 0.00041375180442993669 0.00019768702810687384 -7.3763560306568021e-05 0.00011193517784280867 -0.00019435674929594308 0.00099081439944121797 -7.478884821408304e-05 -2.2809712375281361e-05 -0.00035594612548221435 -9.3403018703525152e-05 7.6650602496121779e-05 -3.6880040434425345e-05 0.00033755677674077362
leaf_weight=1737384.0752552748 1238340.1032660007 2054483.9140795469 1718207.8029708862 2355341.9790761471 1719122.170039773 905807.05335378647 701299.90820252895 2162530.28734231 1277801.741900444 1507040.5657839775 2786411.7053743601 1686521.5967280865 6186783.1650158167 1329732.3671001196
leaf_count=1451 1012 1455 1046 1588 2026 970 1355 1423 1404 1595 1960 1259 6613 1370
internal_value=0.000333882 0.000696705 0.00226611 0.000386673 -0.000423461 -0.000883791 0.00111083 -0.00140201 -0.0019988 -0.00269283 -3.92098e-06 0.00034918 1.32731e-05 0.00112344
internal_weight=2.93668e+07 1.98549e+07 6.12803e+06 4.07355e+06 9.51194e+06 7.79282e+06 1.60711e+06 6.18571e+06 4.94737e+06 3.66957e+06 1.37268e+07 1.09404e+07 9.2539e+06 3.06712e+06
internal_count=26527 16742 4089 2634 9785 7759 2325 5434 4422 3018 12653 10693 9434 2821
is_linear=0
shrinkage=0.03


Tree=456
num_leaves=15
num_cat=2
split_feature=1 0 14 0 2 16 1 12 10 10 12 16 12 3
split_gain=7974.46 26503.3 19784.2 8824.31 15913.4 8621.36 8200.99 12200.3 11722.9 11376.8 10713.5 8249.47 7791.85 16960.1
threshold=10.500000000000002 0 0.97998639816947797 1 1.0000000180025095e-35 0.066413331616518564 15.500000000000002 0.99977566849591148 1.0257916065140924 1.090378971707578 1.0015572315294419 0.0706916940943038 1.0130620951705351 1.0000000180025095e-35
decision_type=2 1 2 1 2 2 2 2 2 2 2 2 2 2
left_child=1 2 -1 4 -2 -6 7 -5 -9 10 -8 -12 -3 -14
right_child=3 12 -4 6 5 -7 9 8 -10 -11 11 -13 13 -15
leaf_value=8.332326738244253e-06 -0.0002377143061009221 0.00010590946732760857 0.00033609503006327908 -0.00029247289340626466 -0.00062731137458272072 5.0126178116404497e-06 4.9672842537268321e-05 7.5191724038257781e-05 -0.00014821433230905628 0.00019463513773093408 -0.00028283600130256473 -1.1698500740779106e-05 -0.00024946092521426459 0.00017813142348164203
leaf_weight=1656415.6135088205 1173086.6189744473 2258091.5016094446 2035803.4208323956 1681045.223815918 3061479.8168840408 2930109.1445617676 2041458.1742153168 1729147.5720973015 2445141.0138584375 1423366.6765258312 1959731.7027728558 1812639.848513484 2112848.9509856701 877133.69198143482
leaf_count=1506 1050 2701 1967 980 3947 2268 1491 964 1551 1268 2011 761 2264 1694
internal_value=8.32111e-05 0.00082951 0.00277689 -0.00024616 0.000600259 0.00122586 -0.000709349 -0.00154409 -0.000675073 -3.39923e-05 -0.000622528 -0.0015699 -0.000540551 -0.00154512
internal_weight=2.91975e+07 8.94029e+06 3.69222e+06 2.02572e+07 7.16468e+06 5.99159e+06 1.30925e+07 5.85533e+06 4.17429e+06 7.2372e+06 5.81383e+06 3.77237e+06 5.24807e+06 2.98998e+06
internal_count=26423 10132 3473 16291 7265 6215 9026 3495 2515 5531 4263 2772 6659 3958
cat_boundaries=0 1 2
cat_threshold=273 170
is_linear=0
shrinkage=0.03


Tree=457
num_leaves=15
num_cat=1
split_feature=11 12 12 11 11 12 2 2 1 0 12 12 2 11
split_gain=12150.3 26977.5 21200.7 28801.9 14961.4 11368.2 12525.7 11354.1 9987.62 26810.8 17448.4 12851.4 12130.3 13211.7
threshold=1.0099514182531915 1.0045628678959269 0.99227196909529336 0.99884827123419984 1.0144223363856211 0.96646321140865099 2.5000000000000004 2.5000000000000004 8.5000000000000018 0 1.024112885485482 1.0227473549302106 3.5000000000000004 1.0295981725320928
decision_type=2 2 2 2 2 2 2 2 2 1 2 2 2 2
left_child=1 2 5 -4 -2 6 -1 -3 9 10 -6 12 13 -10
right_child=4 7 3 -5 8 -7 -8 -9 11 -11 -12 -13 -14 -15
leaf_value=-0.00022398364259207477 -0.00034351714517673505 0.00037833029224381104 -0.00046814214366576072 4.2556247050504447e-05 -5.5081918428565557e-05 0.00017315227078542919 0.00019408714028401348 0.00016628433989036129 0.00019122335266349882 -0.00016186557095404736 0.00036138595500596123 -8.5889146600805406e-05 -4.7717714907065524e-05 -1.1178072715066311e-05
leaf_weight=1169399.1040395498 1198034.8650767803 1496222.0709055662 1445406.5891954899 1325718.9582628012 941547.63089442253 2630363.3744789362 1161028.6510853767 1362857.3330290318 2042336.0034332275 1244997.9105707407 1000162.7023308277 7608260.5650092363 2314143.2376282215 2194144.8351664543
leaf_count=1007 941 1134 1107 1048 1202 2107 1396 1515 1152 2010 1419 6652 2087 1656
internal_value=0.000218466 0.00102913 0.000108416 -0.00199343 -0.000244535 0.00128252 -0.00024323 0.00351904 -2.05847e-05 0.00149682 0.00370023 -0.000362103 0.000611952 0.00156608
internal_weight=2.91346e+07 1.0591e+07 7.73192e+06 2.77113e+06 1.85436e+07 4.96079e+06 2.33043e+06 2.85908e+06 1.73456e+07 3.18671e+06 1.94171e+06 1.41589e+07 6.55062e+06 4.23648e+06
internal_count=26433 9314 6665 2155 17119 4510 2403 2649 16178 4631 2621 11547 4895 2808
cat_boundaries=0 1
cat_threshold=217
is_linear=0
shrinkage=0.03


Tree=458
num_leaves=15
num_cat=1
split_feature=0 1 11 11 11 11 11 14 12 10 12 11 11 14
split_gain=11605.1 29101.2 24802.7 21566.7 53389.9 19560.1 13266.4 13254.2 10381.2 9814.98 17554.7 20423 9688.19 7590.08
threshold=0 10.500000000000002 0.96422914078869548 0.96938913150432404 0.90531449438650002 1.0025409389413917 1.0043317453751401 0.9776759709218189 1.0073531584289153 1.0962830087383653 1.0077918519281821 1.0287142808548067 1.1156632239835906 1.0024343446213029
decision_type=1 2 2 2 2 2 2 2 2 2 2 2 2 2
left_child=1 -1 -3 4 -2 -4 -5 -7 -9 10 -8 -12 -11 -13
right_child=3 2 5 6 -6 7 9 8 -10 12 11 13 -14 -15
leaf_value=0.00020926940881276198 6.5270857516450267e-05 0.00019654118087807744 -0.00028226557143968357 0.00016743898774081476 -0.00089634477778881901 -0.00010574437498578316 0.00011471380956281925 0.00032166515569540899 -4.5359149273122384e-05 0.00036531678632080743 -0.00037533682206766019 5.7713324091313412e-05 -4.5684423930608769e-05 -0.0003257461437812538
leaf_weight=4396449.0678437948 1501757.5409370661 1730034.2333741188 1522968.2624783516 2063697.7461485863 1220505.318811655 3131780.9235405922 1743630.1977305412 1287214.6956281662 2492572.2981910706 1165132.2883621454 1774905.8674014807 1939575.5169212818 2065394.6514605284 1337283.7130271196
leaf_count=5278 1221 1550 1385 1538 1013 2824 1369 905 2420 927 1427 1522 1898 1226
internal_value=-1.10439e-05 0.000590381 -0.000291656 -0.000602283 -0.00301468 -0.000962811 -5.90741e-05 -0.000284649 0.000911188 -0.000509946 -0.00115714 -0.00205295 0.000851419 -0.000649104
internal_weight=2.93729e+07 1.4561e+07 1.01646e+07 1.48119e+07 2.72226e+06 8.43454e+06 1.20896e+07 6.91157e+06 3.77979e+06 1.00259e+07 6.7954e+06 5.05177e+06 3.23053e+06 3.27686e+06
internal_count=26503 14362 9084 12141 2234 7534 9907 6149 3325 8369 5544 4175 2825 2748
cat_boundaries=0 1
cat_threshold=433
is_linear=0
shrinkage=0.03


Tree=459
num_leaves=15
num_cat=3
split_feature=12 13 16 0 10 10 12 10 0 10 10 13 0 2
split_gain=5697.72 7902.65 14760.6 13652.5 6782.8 10337 9506.86 32714.8 20056.5 11348.8 15521.6 14424.4 12303.3 11342.9
threshold=0.94365407296847026 1.1297741840139028 0.050716926737446114 0 0.85413796973278877 0.91803706662057427 1.0077918519281821 0.98873969880633472 1 1.1167637388112681 1.1404111661944714 0.96338639396502146 2 3.5000000000000004
decision_type=2 2 2 1 2 2 2 2 1 2 2 2 1 2
left_child=-1 4 3 -3 -2 -6 7 -7 -9 12 -11 -12 -8 -14
right_child=1 2 -4 -5 5 6 9 8 -10 10 11 -13 13 -15
leaf_value=-0.00019788876861300355 0.00018858161289195041 0.0010658002693254588 -0.00020923727329955809 -0.00037797002710999712 -0.00034777051184009658 0.00050868941008413884 2.9217738307060184e-05 0.00026568582326436948 -2.2179262210657523e-05 0.00027709230695472596 -0.00025413852115061756 -0.0003912632091556168 -0.00020028060715438604 5.7093778932601698e-05
leaf_weight=1233034.5591679811 1419817.5207457542 356107.98064112663 1955559.320959568 320127.54890370369 1297217.7715272903 1489826.7290709019 3309186.6089916229 2353320.1486849785 4822738.9396158457 1019803.4423696995 1218580.7334276438 1960419.6157172918 4457601.9207854271 2045702.500197053
leaf_count=1498 1218 1145 1663 1471 826 1185 2620 1914 3161 935 1485 1755 3351 2253
internal_value=9.11217e-05 0.000178933 -0.0013859 0.00243472 0.000341108 0.000221792 0.000370781 0.00115183 0.00031196 -0.000112292 0.00119293 0.000159833 -0.0006708 -0.00142857
internal_weight=2.9259e+07 2.8026e+07 2.63179e+06 676236 2.53942e+07 2.39744e+07 2.26772e+07 8.66589e+06 7.17606e+06 1.40113e+07 4.1988e+06 3.179e+06 9.81249e+06 6.5033e+06
internal_count=26480 24982 4279 2616 20703 19485 18659 6260 5075 12399 4175 3240 8224 5604
cat_boundaries=0 1 2 3
cat_threshold=90 202 304
is_linear=0
shrinkage=0.03


Tree=460
num_leaves=15
num_cat=0
split_feature=13 16 13 1 13 2 10 10 11 13 10 1 2 10
split_gain=12225.4 13007.4 10420.3 18690.7 9899.46 6372.09 12037.9 8812.87 9155.58 14069.2 6048.48 21290.7 15251.6 27854.5
threshold=1.0331604709699025 0.088579994534916148 1.0047919176943925 11.500000000000002 1.0437288525276693 4.5000000000000009 1.046044138653544 0.99949619706298598 1.0164468161792957 1.1390953249125868 1.0395588043783788 8.5000000000000018 1.5000000000000002 0.98873969880633472
decision_type=2 2 2 2 2 2 2 2 2 2 2 2 2 2
left_child=2 4 10 -4 -2 7 -7 -6 -9 -10 12 -12 -1 -14
right_child=1 -3 3 -5 5 6 -8 8 9 -11 11 -13 13 -15
leaf_value=7.6535749580693439e-05 -0.00015742573328902866 -0.00034106936644774243 0.00029416766295320814 5.5866823227034611e-06 0.00023303690152105239 -8.6423857283445942e-05 0.00067679574214286962 -0.00025870112256180214 9.1298047333250186e-05 -0.00040746305182721916 0.00047405434504271788 1.1428124137374843e-05 9.1906494930248515e-05 -0.00013616043533798978
leaf_weight=3171016.6884921789 1024351.8800925016 1066772.9788749218 1635104.9168702364 2286094.0759768486 1096463.8670321703 898702.43015015125 645923.08956384659 1115340.2692408562 2705751.2731209993 1088585.6530889273 1058185.0867213011 5598556.6942025423 2898096.8208981752 3126317.050635457
leaf_count=2344 756 533 1109 1507 1294 1387 1148 1106 2005 1614 1801 4636 2595 2730
internal_value=0.000291472 -0.00058437 0.00071855 0.00210325 -0.000195726 0.00017971 0.00189822 -0.000262248 -0.000805314 -0.000102932 0.000376029 0.00106477 -0.000122562 -0.00100897
internal_weight=2.94153e+07 9.64189e+06 1.97734e+07 3.9212e+06 8.57512e+06 7.55077e+06 1.54463e+06 6.00614e+06 4.90968e+06 3.79434e+06 1.58522e+07 6.65674e+06 9.19543e+06 6.02441e+06
internal_count=26565 9843 16722 2616 9310 8554 2535 6019 4725 3619 14106 6437 7669 5325
is_linear=0
shrinkage=0.03


Tree=461
num_leaves=15
num_cat=3
split_feature=11 0 11 14 0 16 16 12 12 11 0 11 13 11
split_gain=12226.1 9541.55 33402.2 15165.1 14053.4 11171.2 10753.4 22467.4 16827.2 8324.07 14229.2 9299.29 7200.69 8628.49
threshold=0.86277403626205151 0 0.9442096572761115 1.0657102020289662 1 0.084989138023889382 0.065800905902728843 0.9880996573646984 1.0222447880274059 1.1097774341648921 2 1.0198976407657574 0.87098005318225014 0.99272723637215787
decision_type=2 1 2 2 1 2 2 2 2 2 1 2 2 2
left_child=-1 3 -3 6 -5 12 7 -2 -8 10 -9 -12 -4 -14
right_child=1 2 5 4 -6 -7 8 9 -10 -11 11 -13 13 -15
leaf_value=0.00038179947871370116 0.00016600260527139521 -0.00077078075238288656 -0.00028462476853267395 0.0010398510285794949 0.00014815934575562688 -0.00011003031886381227 1.3685694658256278e-06 0.00021271682618804929 0.00018467722180996049 -0.00034496435987456825 -2.8989596266391147e-05 -0.00020042655583395695 0.00021829504909855199 8.9902053923435904e-06
leaf_weight=1153021.7081346512 1100406.5434920788 1192860.6056518555 1230963.3146398067 462554.01748108864 719027.95403456688 1825168.6527099609 4526556.280380249 1616807.4200667143 2385151.7128019333 953364.4800798893 1548907.0334811211 1613434.5644409657 1680823.083750844 7245514.11523211
leaf_count=1281 1034 973 1636 813 1812 777 2211 2693 1487 1376 1209 1260 1588 6357
internal_value=0.000166067 4.18376e-05 -0.000546545 0.000561201 0.00382259 -6.99495e-05 0.00028083 -0.000563119 0.00111516 -0.00131682 -0.00080623 -0.0019767 0.000318345 0.000614968
internal_weight=2.92546e+07 2.81015e+07 1.31753e+07 1.49262e+07 1.18158e+06 1.19825e+07 1.37446e+07 6.83292e+06 6.91171e+06 5.73251e+06 4.77915e+06 3.16234e+06 1.01573e+07 8.92634e+06
internal_count=26507 25226 11331 13895 2625 10358 11270 7572 3698 6538 5162 2469 9581 7945
cat_boundaries=0 1 2 3
cat_threshold=369 17 352
is_linear=0
shrinkage=0.03


Tree=462
num_leaves=15
num_cat=5
split_feature=12 1 0 0 2 16 0 1 1 16 0 12 12 0
split_gain=6198.56 39123 36924.5 14970.3 20021.2 17678.3 14156.7 9756.61 12015.3 11975.7 11719.4 14064.1 11945.3 13837.3
threshold=1.0201843884705277 8.5000000000000018 0 1 4.5000000000000009 0.065075257163764486 2 7.5000000000000009 10.500000000000002 0.069323036293978832 3 0.9880996573646984 1.0004275174568331 4
decision_type=2 2 1 1 2 2 1 2 2 2 1 2 2 1
left_child=7 2 -2 -3 5 6 -5 -1 9 -9 -10 -12 -13 -14
right_child=1 3 -4 4 -6 -7 -8 8 10 -11 11 12 13 -15
leaf_value=-0.00013218014580330579 -0.0075543553645726373 -7.391625654211977e-05 6.4911094377812181e-05 0.00068912281418713299 -0.00032559291708940266 -4.6790436654345254e-05 0.00017425959658941715 0.00030236022108274477 -0.00017418398255691965 -2.4441097794617736e-05 0.00011294126754696372 -0.00027030117752312454 0.00030102073507518582 -5.2096128873850763e-05
leaf_weight=1694897.2054153681 854914.99275970459 3527421.6748886108 1204734.3019788265 1264366.4094696045 1046530.4306588173 2050623.9155273438 1442065.5424461365 1843065.1885664463 3306922.9669167995 1806289.0062255859 2657169.5069942474 1459451.030025959 1595284.7591376305 3156688.1075782776
leaf_count=3738 936 2343 2279 957 1596 1188 1969 1385 2377 740 2163 1162 1548 1968
internal_value=0.000189855 0.000734645 0.00447688 -9.13842e-05 0.000845428 0.00167189 0.0032638 -0.000164346 6.73449e-05 0.00157726 -0.000385221 0.000183128 -0.000598254 0.000130837
internal_weight=2.89104e+07 1.13907e+07 2.05965e+06 9.33101e+06 5.80359e+06 4.75706e+06 2.70643e+06 1.75198e+07 1.58249e+07 3.64935e+06 1.21755e+07 8.86859e+06 6.21142e+06 4.75197e+06
internal_count=26349 11268 3215 8053 5710 4114 2926 15081 11343 2125 9218 6841 4678 3516
cat_boundaries=0 1 2 3 4 5
cat_threshold=280 152 6 260 170
is_linear=0
shrinkage=0.03


Tree=463
num_leaves=15
num_cat=2
split_feature=1 0 13 3 13 10 0 13 11 11 14 10 11 16
split_gain=19674.7 24769.7 37636.5 8882.59 9374.78 16482.3 12477.6 9510.95 9345.49 8152.41 9517.7 6689.89 13735.8 8816.57
threshold=9.5000000000000018 0 0.98036236086411988 1.0000000180025095e-35 0.95588032871840678 1.0266187977884651 1 1.0383645468030915 1.1324593909708214 1.0674559289204744 1.0433444565346861 0.99547996673316497 1.0113161475382382 0.060874173231903576
decision_type=2 1 2 2 2 2 1 2 2 2 2 2 2 2
left_child=1 2 -1 8 5 -5 7 -6 9 10 11 -2 -13 -14
right_child=3 -3 -4 4 6 -7 -8 -9 -10 -11 -12 12 13 -15
leaf_value=-5.9142966685616656e-05 -4.2558670989898167e-05 -2.9205700001853114e-06 0.00040036560277209208 -1.8990299839461304e-05 0.00038072980170532214 -0.00041480294180722799 -6.4352861541326165e-05 -7.0634741724404296e-05 0.00024796040867944877 -0.00013389013719713691 -0.00013132924583891004 0.0002133876962657868 0.00013425732751825241 -4.4959248888130484e-05
leaf_weight=1079106.6775060892 2334513.9141049385 4259102.547411561 1944556.0780661106 1404966.6174285412 1082355.2836356163 1215963.0500028133 3172042.6611573696 1172570.7343392372 1656822.1085858345 1944309.3471992016 1600864.4608125687 1837335.3062591553 2309469.9204249382 2371042.3540649414
leaf_count=1332 1561 5794 1769 1406 1148 1357 2230 1572 1389 1738 1426 1058 1709 1071
internal_value=0.000395241 0.00174757 0.00382403 -5.03554e-05 -0.000845117 -0.00231849 -0.00013356 0.00157256 0.000404746 0.000121941 0.000453724 0.000838679 0.00133225 0.000469381
internal_weight=2.9385e+07 7.28277e+06 3.02366e+06 2.21023e+07 8.0479e+06 2.62093e+06 5.42697e+06 2.25493e+06 1.40544e+07 1.23975e+07 1.04532e+07 8.85236e+06 6.51785e+06 4.68051e+06
internal_count=26560 8895 3101 17665 7713 2763 4950 2720 9952 8563 6825 5399 3838 2780
cat_boundaries=0 1 2
cat_threshold=273 171
is_linear=0
shrinkage=0.03


Tree=464
num_leaves=15
num_cat=1
split_feature=9 0 16 2 10 13 16 13 13 10 10 10 10 10
split_gain=7346.17 13878.5 12508.7 18738.5 29267.1 10554.3 17939.3 7363.74 5590.65 10510.3 12354.3 8978.7 8178.29 7550.55
threshold=68.500000000000014 0 0.067129503413044148 2.5000000000000004 1.0243909741692858 1.1235590598571987 0.065800905902728843 1.21789311394002 0.94384309952676693 1.1404111661944714 1.053404392603321 1.1541225501345296 0.95679863267342224 1.0340049789758805
decision_type=2 1 2 2 2 2 2 2 2 2 2 2 2 2
left_child=-1 2 3 -2 -5 8 7 -7 9 10 12 13 -3 -10
right_child=1 5 -4 4 -6 6 -8 -9 11 -11 -12 -13 -14 -15
leaf_value=-0.00019121050020910486 -4.9987565086537995e-05 0.00010456694638722194 0.00016919058353362837 0.00051886309247590762 -0.00013486539691730519 -0.00012403888075304437 -0.00060834744927520262 0.00036365385428857632 0.00011703066089898938 -0.00036023169519819987 0.00036933457867914656 0.00036312273626876141 -0.00011814608901497591 -1.7086879137066051e-05
leaf_weight=1189692.3113080263 2491567.8658924103 1564356.8951362371 4124880.4715270996 1002539.5221841335 1093263.7493264675 860118.02907693386 916493.93656849861 560562.22698056698 4555391.8009911776 928331.40219604969 1254877.516689539 1324248.2823613882 2346620.0798851252 5001097.6564757824
leaf_count=1072 1824 1498 1679 1008 1150 1222 743 1814 3816 1171 1497 1288 2564 4154
internal_value=0.000534656 0.000632674 0.00162665 0.000548727 0.00263931 0.000184264 -0.00170581 0.000405216 0.000444498 -0.00028298 0.000245161 0.00085195 -0.000585871 0.00053115
internal_weight=2.9214e+07 2.80243e+07 8.71225e+06 4.58737e+06 2.0958e+06 1.93121e+07 2.33717e+06 1.42068e+06 1.69749e+07 6.09419e+06 5.16585e+06 1.08807e+07 3.91098e+06 9.55649e+06
internal_count=26500 25428 5661 3982 2158 19767 3779 3036 15988 6730 5559 9258 4062 7970
cat_boundaries=0 1
cat_threshold=17
is_linear=0
shrinkage=0.03


Tree=465
num_leaves=15
num_cat=4
split_feature=1 11 0 2 14 3 14 11 1 0 14 0 16 0
split_gain=15575.5 22699.8 39333.4 12738.1 11908.5 9729.06 13039.8 19384.2 15891.3 19323.9 14376 11298.5 8699.73 7550.5
threshold=8.5000000000000018 1.0295981725320928 0 1.5000000000000002 0.97846453599665051 1.0000000180025095e-35 1.0433444565346861 1.028352128358649 11.500000000000002 1 0.95200873542585163 2 0.07190894582191279 3
decision_type=2 2 1 2 2 2 2 2 2 1 2 1 2 1
left_child=1 3 -3 -1 -5 6 7 11 -9 -10 -11 -2 -7 -14
right_child=5 2 -4 4 -6 12 -8 8 9 10 -12 -13 13 -15
leaf_value=0.00019945786139816232 0.00016773864824910363 0.00054005449531561252 -2.5006021567358719e-05 -0.0001699505007173751 -2.7431746424313263e-05 3.8948997072260914e-06 -0.00012950178139096782 -0.00020361811847903743 0.00042746241567641444 2.9694174048472257e-05 -0.00022058583783476316 1.3143827107824092e-05 -0.00016457837192697625 -5.9501296144750776e-05
leaf_weight=1108708.1493119001 4359579.7893724442 1237259.7466411591 1061398.0337525606 697382.75428152084 1130924.8755264282 4643692.2900227308 2194608.9654679298 1419748.5999755859 1667992.5577926636 1475252.6672291756 1718067.4585142136 2547775.9444875717 1832421.5233925581 2095899.7035827637
leaf_count=1165 2295 1685 1922 1086 1736 5332 2116 946 1071 1248 1245 1760 932 1965
internal_value=0.000298902 0.00178119 0.00401405 3.36332e-05 -0.00150489 -2.50699e-05 0.000426244 0.000782546 -0.000423568 0.000391913 -0.000975087 0.0018793 -0.000834982 -0.00187409
internal_weight=2.91907e+07 5.23567e+06 2.29866e+06 2.93702e+06 1.82831e+06 2.3955e+07 1.5383e+07 1.31884e+07 6.28106e+06 4.86131e+06 3.19332e+06 6.90736e+06 8.57201e+06 3.92832e+06
internal_count=26504 7594 3607 3987 2822 18910 10681 8565 4510 3564 2493 4055 8229 2897
cat_boundaries=0 1 2 3 4
cat_threshold=89 262 218 280
is_linear=0
shrinkage=0.03


Tree=466
num_leaves=15
num_cat=0
split_feature=1 13 13 10 12 1 10 13 12 12 10 10 10 12
split_gain=14036.8 16156.7 50959.2 17324.6 13280.1 14472.4 9963.17 11669.6 9948.07 15220.8 11300.7 13318.8 10541.1 31930.7
threshold=10.500000000000002 0.97914387632358701 1.0108837424179125 0.98765159118368373 1.0174516111662435 8.5000000000000018 1.0304287493282149 0.92537549981554756 1.0159481287294361 1.0222447880274059 1.0169331504814727 1.0658413189851337 0.99451885417014119 0.99379942660604637
decision_type=2 2 2 2 2 2 2 2 2 2 2 2 2 2
left_child=1 3 -3 -1 5 -4 -5 -8 12 -10 -11 -12 13 -2
right_child=8 2 4 6 -6 -7 7 -9 9 10 11 -13 -14 -15
leaf_value=0.00021311008148788846 5.0602981313731135e-06 -0.0050741853316222706 -0.00026567731032329139 -0.00036061171901637611 0.00015248878112833559 0.0001316338756736117 0.00023957808735712894 -0.00016170783715935117 0.00034156259774777067 0.00022086499075635736 -0.00019022978850989321 -1.3909410014076981e-05 -9.1915992172967523e-06 -0.00057950462639939069
leaf_weight=1071113.7566205263 2005828.0584053993 1495824.1710423231 1214007.514700532 791141.69866573811 1752339.581407547 938156.79621887207 822585.47178888321 888471.11333572865 1558312.7496294975 1230228.7798504829 1741442.3232805729 4526453.4428021908 7763267.0175914764 1459362.5888805389
leaf_count=1156 1746 1146 1810 1036 2162 607 1488 788 1495 1124 1222 4231 5495 965
internal_value=0.000127227 0.00111517 0.00215064 -0.000449734 0.000346874 -0.00123187 -0.00181644 -0.000529212 -0.000309819 0.000429932 -0.000130745 -0.000646721 -0.000906474 -0.0022823
internal_weight=2.92585e+07 8.97364e+06 5.40033e+06 3.57331e+06 3.9045e+06 2.15216e+06 2.5022e+06 1.71106e+06 2.02849e+07 9.05644e+06 7.49812e+06 6.2679e+06 1.12285e+07 3.46519e+06
internal_count=26471 10193 5725 4468 4579 2417 3312 2276 16278 8072 6577 5453 8206 2711
is_linear=0
shrinkage=0.03


Tree=467
num_leaves=15
num_cat=3
split_feature=1 0 0 2 10 14 14 10 16 10 10 0 16 14
split_gain=20351.9 25869.8 14370.9 11911.5 9929.59 7721.34 7450.23 10443.9 18406.7 7347.19 14157.5 8088.34 7013.55 5441.04
threshold=10.500000000000002 0 1 1.5000000000000002 1.0297948582309389 0.97261381920622114 1.0257892635505985 1.0625774086502771 0.058353498549022963 1.0449516634702618 1.0821230818239316 2 0.077091071773349881 1.006041385889108
decision_type=2 1 1 2 2 2 2 2 2 2 2 1 2 2
left_child=1 3 4 -1 -2 -5 9 8 -8 11 -11 -4 -3 -7
right_child=2 12 6 5 -6 13 7 -9 -10 10 -12 -13 -14 -15
leaf_value=0.00039505115779502395 -0.00011134869315610754 -8.3899803456319668e-05 0.00026400857815907789 -1.5826764044226298e-05 -1.2063695205752374e-05 0.00031630369875104106 0.00015260036863756879 0.00028138286659347552 -0.00036499615615566243 -0.00017813230307814953 0.00013466996453293962 8.2793550587890765e-06 0.00014453731827788113 0.00017195327333705758
leaf_weight=1876571.9227854013 3665142.9674806595 2784503.4429998398 3233005.7229862213 1300677.4118316174 2964878.5507894754 963043.35306656361 996156.75840878487 899947.07096242905 1547329.7728271484 1949419.6045861244 3152146.0076398849 2029208.1869778633 1013582.9881591797 973885.36030554771
leaf_count=1394 1985 4881 2478 1236 1648 629 1455 1250 1134 1486 3150 1906 517 1449
internal_value=0.000394023 0.00159032 -0.000127659 0.00298321 -0.00127567 0.00188095 0.0004236 -0.000785371 -0.00176814 0.000825289 1.40381e-05 0.00161177 -0.000285232 0.00308151
internal_weight=2.93495e+07 8.91226e+06 2.04372e+07 5.11418e+06 6.63002e+06 3.23761e+06 1.38072e+07 3.44343e+06 2.54349e+06 1.03638e+07 5.10157e+06 5.26221e+06 3.79809e+06 1.93693e+06
internal_count=26598 10106 16492 4708 3633 3314 12859 3839 2589 9020 4636 4384 5398 2078
cat_boundaries=0 1 2 3
cat_threshold=281 272 71
is_linear=0
shrinkage=0.03


Tree=468
num_leaves=15
num_cat=3
split_feature=1 13 13 0 0 16 3 10 0 11 13 10 11 11
split_gain=17216.1 32205.5 79641.4 16230.6 11005.3 8621.16 8684.75 7764.09 9066.92 18630.7 6876.2 6324.27 20644.5 9894.92
threshold=10.500000000000002 0.97709518418763774 1.0357863736507327 0 1 0.08093095206115429 1.0000000180025095e-35 0.89318320856760713 2 1.0074632817481786 0.91268825598462422 1.0304287493282149 1.0358148757179293 1.012201310103076
decision_type=2 2 2 1 1 2 2 2 1 2 2 2 2 2
left_child=1 3 -3 -1 -4 7 -7 -2 9 -9 -5 13 -13 -10
right_child=5 2 4 10 -6 6 -8 8 11 -11 -12 12 -14 -15
leaf_value=0.00015309604557041634 0.00015875564939683796 0.00046072177137962937 -0.00021222610861432214 -5.1885800615701951e-05 -8.6258028508008074e-06 -7.4751432459424274e-06 -0.00020213168896451302 -0.00027619679447354065 7.362190369906203e-06 -1.5465506351830143e-06 -0.00024192810714553019 -0.00029579747601532935 8.8711210248961238e-05 0.00041551178001225013
leaf_weight=1393023.5814803839 1651318.7834897041 2775202.4947078228 800177.03933858871 936717.80065190792 1888066.8256692886 2888023.1995849609 1884880.4835159779 1568719.797624588 1756416.9137878418 4226229.588878274 1053300.4894917011 1475164.5422997475 3590646.360622406 1186422.1670002937
leaf_count=1977 1449 2012 1164 1465 2571 1256 1372 1087 1719 3022 914 1249 3955 1074
internal_value=0.000222996 0.00132688 0.00275124 -0.000973401 -0.000928949 -0.000259778 -0.00137426 8.44031e-05 -0.000148166 -0.00105204 -0.00271193 0.000505867 -0.00013668 0.00161195
internal_weight=2.90743e+07 8.84649e+06 5.46345e+06 3.38304e+06 2.68824e+06 2.02278e+07 4.7729e+06 1.54549e+07 1.38036e+07 5.79495e+06 1.99002e+06 8.00865e+06 5.06581e+06 2.94284e+06
internal_count=26286 10103 5747 4356 3735 16183 2628 13555 12106 4109 2379 7997 5204 2793
cat_boundaries=0 1 2 3
cat_threshold=389 50 273
is_linear=0
shrinkage=0.03


Tree=469
num_leaves=15
num_cat=2
split_feature=13 1 13 0 16 11 2 2 10 10 0 11 10 2
split_gain=16688.5 23974.8 51992.2 22582.4 17348.8 16482.6 9800.07 26356.3 20101.3 18475.8 12156.8 7789.24 14769.3 6428.57
threshold=1.0370932771690724 10.500000000000002 0.98036236086411988 0 0.088579994534916148 1.009134200366411 2.5000000000000004 3.5000000000000004 0.99547996673316497 1.0169331504814727 1 1.019544107602844 1.053404392603321 4.5000000000000009
decision_type=2 2 2 1 2 2 2 2 2 2 1 2 2 2
left_child=1 2 3 5 13 -1 8 -8 -3 -9 -11 -10 -13 -2
right_child=4 6 -4 -5 -6 -7 7 9 11 10 -12 12 -14 -15
leaf_value=0.0004441739479720925 -4.6621460520752093e-05 -0.00029742395668708692 0.00039344033279731949 -0.00021328937154406084 -0.00034290187191943699 -4.0025484028319111e-05 0.00032595770651473011 0.0001282802774721973 0.00016641120642522545 6.6075205609895178e-05 -0.00028248585690304854 -0.00018261864002030409 8.8043305070696959e-05 0.00015671441560550625
leaf_weight=922662.27169263363 6268069.6909960508 1775732.1965408325 2661245.1225657463 1528628.8928964138 1008622.2770957947 1042639.6533368826 1939541.9479119778 2029189.9202592373 1608902.8431997299 1205057.9588472843 1750496.6257770061 1438712.2584819794 2233408.2581181526 1561427.4759715796
leaf_count=1101 6215 1208 1932 2009 524 1406 1313 1783 995 1507 1234 844 1755 2610
internal_value=0.000397782 0.000874777 0.0024349 2.85721e-05 -0.000688973 0.00215565 0.000187929 0.000989757 -0.000598847 -0.000164769 -0.00167813 0.000329609 -0.000433025 -0.000211912
internal_weight=2.89743e+07 2.01362e+07 6.15518e+06 3.49393e+06 8.83812e+06 1.9653e+06 1.3981e+07 6.92429e+06 7.05676e+06 4.98474e+06 2.95555e+06 5.28102e+06 3.67212e+06 7.8295e+06
internal_count=26436 17087 6448 4516 9349 2507 10639 5837 4802 4524 2741 3594 2599 8825
cat_boundaries=0 1 2
cat_threshold=397 233
is_linear=0
shrinkage=0.03


Tree=470
num_leaves=15
num_cat=1
split_feature=13 1 13 0 16 12 13 14 12 12 12 1 11 13
split_gain=16704.2 19806.6 68270.2 14780.3 12998.1 13819.6 10584.7 14446 10167.5 10734.4 8328.82 8877.19 10854.3 10765.1
threshold=1.0383645468030915 9.5000000000000018 0.97914387632358701 0 0.066900352591049719 1.0163365844656924 0.77868608343558521 0.86157913276122289 1.0470769130312347 1.0218310413711047 0.9802455072643228 18.500000000000004 1.0350458468647956 0.98036236086411988
decision_type=2 2 2 1 2 2 2 2 2 2 2 2 2 2
left_child=1 2 3 -1 8 -6 -3 -8 9 -2 -9 13 -13 -12
right_child=4 6 -4 -5 5 -7 7 10 -10 -11 11 12 -14 -15
leaf_value=0.00027385864790710176 2.3840298192055058e-05 -0.0003129810679233849 0.0004403899327002442 -0.00015949792640016083 -0.00029534248991843848 -3.4052485390682819e-05 0.00023760432504792728 -0.00018976246706325231 0.00025786148469661164 -0.00028241755608907017 0.00012586237819158137 -0.00031061481905979228 0.00014284992645136716 -1.1183093319378107e-05
leaf_weight=856861.90077245235 3095589.6647617817 1436842.8032052517 2300964.6657443047 2002791.0779364109 2007695.1968688965 1704690.8062810898 1395367.598941803 1393340.5808320045 948247.04796171188 919802.76800405979 4711535.5943450928 1370906.2673940659 831480.49643754959 4189201.9261245728
leaf_count=1265 4104 1462 1711 2656 1148 1154 1067 1078 1460 1346 3020 1477 1216 2308
internal_value=0.000311782 0.000778977 0.00238652 -0.000708645 -0.000791544 -0.00213423 0.000237773 0.000491305 0.000212672 -0.000447149 0.000168034 0.000442397 -0.00126291 0.000864355
internal_weight=2.91653e+07 2.04893e+07 5.16062e+06 2.85965e+06 8.67603e+06 3.71239e+06 1.53287e+07 1.38918e+07 4.96364e+06 4.01539e+06 1.24965e+07 1.11031e+07 2.20239e+06 8.90074e+06
internal_count=26472 17260 5632 3921 9212 2302 11628 10166 6910 5450 9099 8021 2693 5328
cat_boundaries=0 1
cat_threshold=133
is_linear=0
shrinkage=0.03


Tree=471
num_leaves=15
num_cat=3
split_feature=12 13 13 0 12 16 0 11 11 0 14 12 11 2
split_gain=9194.07 10377.5 14317.1 21482.7 11471.3 12622.4 11762.6 8924.73 10849.2 35992.7 7152.11 8858.78 9550.91 7754.37
threshold=0.94365407296847026 1.0383645468030915 0.98346958112633176 0 1.0137025498423149 0.054614443413379128 1 0.93171241057181342 1.0015731347400096 2 0.94902032388666524 1.0089400379775288 1.0358148757179293 1.0000000180025095e-35
decision_type=2 2 2 1 2 2 1 2 2 1 2 2 2 2
left_child=-1 2 7 -4 5 -3 -6 -2 9 -9 13 -12 -13 -10
right_child=1 4 3 -5 6 -7 -8 8 10 -11 11 12 -14 -15
leaf_value=-0.00024088090634932422 0.00013026339791340365 9.0237350753115853e-05 0.0002134331814568417 6.1554546319184675e-06 -0.00026371770378016382 -0.00018068215549193651 0.00011493931461481718 -0.00032962706173467302 7.1711282200140621e-05 0.00020714228413717007 0.00021367203796331048 -0.00010236856885222591 0.00012386304467957711 -0.00018428896247309201
leaf_weight=1256376.6248424053 1701719.9623502493 1242409.0115612745 3738978.9173666239 3728790.7234969139 1004495.1015714407 2916627.2036743164 3422405.1276913881 1153791.6536701918 1063886.2137508392 1377513.2542757988 1145088.1471633911 1238905.8345499039 1747108.7246537209 2603187.5503129959
leaf_count=1539 1226 2214 1930 3031 1232 1740 3741 720 925 1521 973 959 2001 2842
internal_value=0.000232226 0.000344547 0.000727212 0.00175903 -0.000524501 -0.00165582 0.000538368 8.67651e-05 -0.000244877 -0.00195137 0.000309056 0.00116505 0.000304748 -0.00065525
internal_weight=2.93413e+07 2.80849e+07 1.9499e+07 7.46777e+06 8.58594e+06 4.15904e+06 4.4269e+06 1.20312e+07 1.03295e+07 2.5313e+06 7.79818e+06 4.1311e+06 2.98601e+06 3.66707e+06
internal_count=26594 25055 16128 4961 8927 3954 4973 11167 9941 2241 7700 3933 2960 3767
cat_boundaries=0 1 2 3
cat_threshold=19 130 88
is_linear=0
shrinkage=0.03


Tree=472
num_leaves=15
num_cat=0
split_feature=13 13 10 10 3 11 14 11 11 16 10 14 10 2
split_gain=8069.7 11992.2 10333 14713.9 13406.2 13844.5 8066.26 7991.29 11904.1 7283.31 8046 7415.49 6478.12 8657.85
threshold=1.0383645468030915 0.95470031130501709 0.95679863267342224 1.0076829688863238 1.0000000180025095e-35 1.0481177777849275 0.94220166620880963 1.0550358880747772 1.0816503814833049 0.062033132775257162 0.99949619706298598 1.0239014789281209 0.98665186532067772 2.5000000000000004
decision_type=2 2 2 2 2 2 2 2 2 2 2 2 2 2
left_child=1 2 -1 -4 -5 -6 -3 9 -9 10 -2 -12 -8 -14
right_child=7 6 3 4 5 -7 12 8 -10 -11 11 -13 13 -15
leaf_value=0.00012916669392200311 0.00033004035731929083 0.00022576049753418218 -0.00024613803631968675 0.00011520455983594423 8.8769514526120024e-05 -0.00045817372040812219 -3.875940418509336e-05 0.00058009612957084916 -1.7843844712501778e-05 -0.00012930515063277535 0.00011690300127989587 -0.00031426738739358885 2.4885920074794296e-05 0.00018796925084045349
leaf_weight=2242559.9805048704 810791.1687309742 2351218.9792774916 1612299.2625186443 3643156.7765011787 916570.71928024292 823159.83531177044 1573593.7073452473 924892.75667619705 2105020.7965819836 3087667.8008179665 1141802.8504245281 837548.02651524544 3638425.1609694958 3520871.2033216953
leaf_count=1974 1376 1811 1628 3395 1116 1316 1098 1055 2429 1801 1203 1450 2118 2682
internal_value=0.000579461 0.000909481 0.0001112 -0.000456898 0.000296111 -0.00187042 0.00157479 -0.000173439 0.00107808 -0.000818578 0.000292334 -0.000738743 0.00115486 0.00153793
internal_weight=2.92296e+07 2.03219e+07 9.23775e+06 6.99519e+06 5.38289e+06 1.73973e+06 1.10841e+07 8.90772e+06 3.02991e+06 5.87781e+06 2.79014e+06 1.97935e+06 8.73289e+06 7.1593e+06
internal_count=26452 17138 9429 7455 5827 2432 7709 9314 3484 5830 4029 2653 5898 4800
is_linear=0
shrinkage=0.03


Tree=473
num_leaves=15
num_cat=2
split_feature=13 16 13 16 0 16 11 11 16 0 10 11 13 11
split_gain=19950.7 22034 12211.3 9290.93 14582.9 19353.7 12556.6 15752.8 11664.4 11298.1 10382.2 13072.7 13554.8 8454.38
threshold=1.0317660564421081 0.089163598064925007 1.0437288525276693 0.08093095206115429 0 0.063720597560634681 0.99099749058018094 1.01278369294476 0.052979303042598229 1 1.0241209016370267 1.0772328324987346 0.95719289256107087 1.1610819918233255
decision_type=2 2 2 2 1 2 2 2 2 1 2 2 2 2
left_child=1 3 -2 4 5 8 9 -8 -1 -6 -9 12 -12 -13
right_child=2 -3 -4 -5 6 -7 7 10 -10 -11 11 13 -14 -15
leaf_value=0.00020593733815365523 -0.00016678265800070484 0.00022554687497159032 -4.3303065314410004e-05 -4.0780630263910417e-05 0.00040417132974937558 0.00015584227563355201 -0.00060719278799017918 0.00034250060383230976 -3.2292743631021576e-05 -6.1475890184124713e-05 -1.0733504692243855e-05 0.00029010408862498399 -0.00033482711541980018 -0.00021091280978094426
leaf_weight=1503110.9220026731 1339816.1726280451 2598851.7046525478 8307477.3948087692 2404075.5964388847 1149684.8350712061 2697541.7953186035 889237.26687157154 943501.42039132118 2404846.7497253418 1090883.4124923944 1014758.9864075184 1175919.6985567808 1084269.5290249586 796639.30899477005
leaf_count=2410 934 1136 8933 1249 1219 1249 997 974 1260 1128 1510 1692 1068 886
internal_value=0.000221852 0.000767993 -0.000896399 0.000378007 0.000659867 0.00170731 -0.00018961 -0.00091523 0.000358165 0.00172254 -0.000262724 -0.000919799 -0.00256769 0.000833742
internal_weight=2.94006e+07 1.97533e+07 9.64729e+06 1.71545e+07 1.47504e+07 6.6055e+06 8.14489e+06 5.90433e+06 3.90796e+06 2.24057e+06 5.01509e+06 4.07159e+06 2.09903e+06 1.97256e+06
internal_count=26645 16778 9867 15642 14393 4919 9474 7127 3670 2347 6130 5156 2578 2578
cat_boundaries=0 1 2
cat_threshold=152 259
is_linear=0
shrinkage=0.03


Tree=474
num_leaves=15
num_cat=1
split_feature=0 10 10 10 2 10 14 10 2 16 16 12 14 14
split_gain=11072.1 13537.9 16288.3 16180.4 15423.7 20002.9 14650.5 14494.5 16864.8 11205.4 7300.34 10973.2 10453.8 26407.5
threshold=0 1.0557838013323353 1.0395588043783788 1.0304287493282149 1.0000000180025095e-35 0.86061580970519858 1.0483155198285588 1.184584628071115 2.5000000000000004 0.063458984314537739 0.092657207495518298 1.0039311402383728 0.9566951877467208 1.0024343446213029
decision_type=1 2 2 2 2 2 2 2 2 2 2 2 2 2
left_child=10 2 3 4 -2 -6 9 8 -3 -7 11 12 -1 -14
right_child=1 7 -4 -5 5 6 -8 -9 -10 -11 -12 -13 13 -15
leaf_value=-4.5487544728203056e-05 -0.00017530658028863249 -0.00039521376851832347 0.00034071770799279279 -0.00030180008684038603 -0.00046201369605351137 6.0708319401376518e-05 -0.00015617010844511689 0.00021449474477225114 -2.2426216179801048e-05 0.00033710829360005526 0.00028003032087432116 -7.2050316580169293e-07 0.00034084194478223111 3.5277528643453585e-05
leaf_weight=1477173.9895569086 1085541.0603958368 2142400.7945556641 1481543.5563113689 1093443.306884408 1058087.3460463285 1500007.550681591 1038419.1937230825 1351128.629568696 1987659.3358857632 1993408.9319458008 1306039.4493472576 8592255.3916318417 1439153.6598950624 1794590.1820333004
leaf_count=1213 908 1975 1270 867 1094 1925 1316 1503 2460 1208 475 7678 845 1785
internal_value=0.000303564 -0.000276784 0.000423264 -0.000126473 0.000427633 0.0010631 0.00193024 -0.00145824 -0.00234062 0.00286022 0.000888775 0.00067865 0.00184227 0.00279741
internal_weight=2.93409e+07 1.47316e+07 9.25045e+06 7.76891e+06 6.67546e+06 5.58992e+06 4.53184e+06 5.48119e+06 4.13006e+06 3.49342e+06 1.46092e+07 1.33032e+07 4.71092e+06 3.23374e+06
internal_count=26522 14526 8588 7318 6451 5543 4449 5938 4435 3133 11996 11521 3843 2630
cat_boundaries=0 1
cat_threshold=337
is_linear=0
shrinkage=0.03


Tree=475
num_leaves=15
num_cat=0
split_feature=1 13 13 12 14 14 9 13 2 14 1 12 12 12
split_gain=23485 24637.5 58694.2 20348.7 11851.4 12765.6 8362.14 7617.12 10233 9637.93 8229.64 15889.9 10543.8 7364.63
threshold=10.500000000000002 0.98036236086411988 1.0331604709699025 1.0137025498423149 0.92523419366637816 0.97482809963407668 72.500000000000014 0.98036236086411988 4.5000000000000009 0.8934816381237598 17.500000000000004 1.0049158022346554 1.0218310413711047 1.0062873681656186
decision_type=2 2 2 2 2 2 2 2 2 2 2 2 2 2
left_child=1 4 -3 -4 -1 -6 -2 9 10 -8 11 -9 -12 -11
right_child=6 2 3 -5 5 -7 7 8 -10 13 12 -13 -14 -15
leaf_value=0.00017417801913707315 0.00013883336565611491 0.00048113558845241391 -0.00017285301422571579 0.00023107419195403758 -0.00024330393181820837 9.9715884917491704e-06 -0.00010481240661283246 -0.00023984905928491724 0.00011901503469649432 0.00012324475765122404 0.0001350263049697622 -4.2764007339486446e-05 -0.00018405078515989142 -3.0137169699781753e-06
leaf_weight=1209489.164098382 1361519.5921525955 2467735.2441395521 1356370.5284401178 1464005.7554702759 996559.65419948101 1368114.7317956686 2046780.4049801826 1993471.9724731445 2228424.4439833164 2709653.2826604843 1841317.1606831551 3509015.1199951172 1253141.1931533813 3443177.8885697126
leaf_count=1752 1041 1807 1805 2036 921 1805 1705 1080 2388 2127 1703 2185 1224 2930
internal_value=0.00037902 0.00166834 0.00296876 1.23567e-05 -0.000255681 -0.00149115 -0.000181465 -0.000344004 -0.000866436 0.000345726 -0.00133604 -0.00203211 -9.83036e-05 0.000938944
internal_weight=2.92488e+07 8.86228e+06 5.28811e+06 2.82038e+06 3.57416e+06 2.36467e+06 2.03865e+07 1.9025e+07 1.08254e+07 8.19961e+06 8.59695e+06 5.50249e+06 3.09446e+06 6.15283e+06
internal_count=26509 10126 5648 3841 4478 2726 16383 15342 8580 6762 6192 3265 2927 5057
is_linear=0
shrinkage=0.03


Tree=476
num_leaves=15
num_cat=2
split_feature=1 0 2 12 10 14 12 0 11 12 14 12 11 11
split_gain=17388 30482 30812.7 23648.3 13792.9 9254.54 5736.73 5656.15 10105.2 20872.9 16995.5 15310.4 11276.4 16978.5
threshold=10.500000000000002 0 1.5000000000000002 1.0281187774485046 0.99896106769128634 1.0024343446213029 1.0250886305132016 1 0.97496938264852517 1.0077918519281821 0.96865785668567095 0.98613925267429281 1.0802608140392267 1.1097774341648921
decision_type=2 1 2 2 2 2 2 1 2 2 2 2 2 2
left_child=1 2 -1 4 -4 6 -3 -2 11 10 -10 -9 -11 -14
right_child=7 5 3 -5 -6 -7 -8 8 9 12 -12 -13 13 -15
leaf_value=0.00037985608085242423 -2.82615431175442e-05 0.00021968829950820109 0.00028529735021791131 0.00039252995468910622 -0.00013010848328339267 -0.00039587578304850208 -0.00012325965346181964 5.1511829373918083e-05 -2.1350962401814413e-06 -8.7586763123249147e-05 0.00046014252742298162 -0.00044691445937710105 0.00046823366253228275 -4.0575314274452345e-05
leaf_weight=2322935.2983802557 6607262.1573187113 686821.82097327709 999314.05158698559 1062182.7518874407 2032544.5604854822 933173.77044343948 765306.21222794056 1614162.8598861694 1280870.4365415573 4460375.6205470562 1893806.9535222054 1108971.1892976761 1162244.6313493252 2175976.1060159206
leaf_count=1785 3633 1064 984 1070 2151 1890 1211 1473 1048 4051 1689 1042 1156 2274
internal_value=0.000380223 0.00149386 0.00257021 0.00100431 -0.000345245 -0.00140174 9.62357e-05 -0.000102575 0.000245202 0.000651138 0.00270184 -0.00139057 -0.00018367 0.00113497
internal_weight=2.91059e+07 8.80228e+06 6.41698e+06 4.09404e+06 3.03186e+06 2.3853e+06 1.45213e+06 2.03037e+07 1.36964e+07 1.09733e+07 3.17468e+06 2.72313e+06 7.7986e+06 3.33822e+06
internal_count=26521 10155 5990 4205 3135 4165 2275 16366 12733 10218 2737 2515 7481 3430
cat_boundaries=0 1 2
cat_threshold=285 272
is_linear=0
shrinkage=0.03


Tree=477
num_leaves=15
num_cat=1
split_feature=13 13 16 10 0 14 16 13 10 10 10 2 14 14
split_gain=13330.7 22422.9 10127.7 9292.28 7881.25 22734.1 7818.74 7381.88 6624.5 17966.2 10293.2 4856.94 11109.2 6438.32
threshold=1.0331604709699025 0.99958222235859762 0.088579994534916148 1.0513365094385227 0 1.0097580670986954 0.063720597560634681 0.92014045549806467 0.99369075874247714 1.0283647253166985 1.0879240748585675 4.5000000000000009 1.0328077751776397 1.0697440200084942
decision_type=2 2 2 2 1 2 2 2 2 2 2 2 2 2
left_child=1 4 11 -3 5 8 -6 -8 -1 -10 -11 13 -13 -2
right_child=2 3 -4 -5 6 -7 7 -9 9 10 -12 12 -14 -15
leaf_value=0.00012778594347314756 -1.8954070575812984e-05 0.00026545998184048306 -0.00022298348454251674 6.2493530871070153e-05 -0.00012949834611412035 0.00037160009632132367 -0.00010085347829105373 8.0178694473323551e-05 -0.00012772811253805363 0.00013425713979221905 -0.00061848412690533529 -0.00010667124668930705 0.00060789651763766539 -0.00033746112449028109
leaf_weight=1302902.646992445 5537566.6620242596 2944061.5753321648 1072806.6029024124 1640989.2972043753 3727202.5530581474 1185942.8280193806 1995609.690246582 2559306.3249206543 1767368.6288707256 1463954.300796628 1267735.0402476788 1039462.0865423679 621982.49906218052 1180199.8173933029
leaf_count=1087 4438 1826 548 1289 5003 1496 1193 1410 1236 997 1291 1361 1315 2049
internal_value=0.000252399 0.000693856 -0.000674932 0.00253369 0.000141417 0.000883403 -0.000484622 0.000349193 0.000109778 -0.000435735 0.00108915 -0.000323555 0.00112879 -0.000682751
internal_weight=2.93071e+07 1.98551e+07 9.45202e+06 4.58505e+06 1.527e+07 6.9879e+06 8.28212e+06 4.55492e+06 5.80196e+06 4.49906e+06 2.73169e+06 8.37921e+06 1.66144e+06 6.71777e+06
internal_count=26539 16828 9711 3115 13713 6107 7606 2603 4611 3524 2288 9163 2676 6487
cat_boundaries=0 1
cat_threshold=401
is_linear=0
shrinkage=0.03


Tree=478
num_leaves=15
num_cat=3
split_feature=1 13 13 0 13 13 16 11 0 11 12 13 0 16
split_gain=14804.8 27918.6 68207.4 15211.5 10318.1 9729.93 11027.7 16190.7 13745.7 10395.6 7451.75 7134.38 7383.59 10491.1
threshold=10.500000000000002 0.98036236086411988 1.0331604709699025 0 1.0927235821103629 0.98036236086411988 0.052190683376536789 1.0058134845245756 1 1.01278369294476 1.0222447880274059 0.77868608343558521 2 0.066099849000144359
decision_type=2 2 2 1 2 2 2 2 1 2 2 2 1 2
left_child=1 3 -3 -1 -4 11 7 -7 -8 -10 -11 -2 -13 -14
right_child=5 2 4 -5 -6 6 8 -9 9 10 -12 12 13 -15
leaf_value=9.9232738085177532e-05 -0.00013274186319339059 0.00045101467899089808 -0.00013108521951101993 -0.00048334310728359472 0.00016248791705170365 0.00067400068073693222 -8.7311801314272496e-05 -0.00015784947958462107 -0.00010789714144516243 0.00022085134460738724 -3.4467608071919213e-05 -1.6195401238790199e-05 2.6694354189663092e-05 0.00019899134446075317
leaf_weight=1435217.2318484783 1332668.480427742 2453184.0114166737 1622076.3750207424 2182752.820669651 1204080.9096981287 599267.08461904526 3398970.8655667305 1293334.3862757683 1955094.3453674316 2045604.0622711182 2371244.155960083 2049390.0820531845 2981819.9186229706 2450380.2045478821
leaf_count=1986 1396 1783 1327 2551 2522 1009 1392 2166 1384 1430 1803 1968 2569 1376
internal_value=0.000486297 0.00150805 0.00289922 -0.000521953 -0.00027776 4.23608e-05 -0.000526116 0.00156986 -0.000932102 -0.000110283 0.000695906 0.000794601 0.00115482 0.00173369
internal_weight=2.93751e+07 8.89731e+06 5.27934e+06 3.61797e+06 2.82616e+06 2.04778e+07 1.16635e+07 1.8926e+06 9.77091e+06 6.37194e+06 4.41685e+06 8.81426e+06 7.48159e+06 5.4322e+06
internal_count=26662 10169 5632 4537 3849 16493 9184 3175 6009 4617 3233 7309 5913 3945
cat_boundaries=0 1 2 3
cat_threshold=389 272 37
is_linear=0
shrinkage=0.03


Tree=479
num_leaves=15
num_cat=1
split_feature=16 16 9 0 12 14 11 11 12 9 13 14 12 13
split_gain=6471.62 6125.62 12897.7 13389.9 22099.7 9867.77 9174.14 6925.25 10777.4 8968.81 11219.4 9378.33 7762.53 6609.49
threshold=0.096497318894343695 0.052979303042598229 82.500000000000014 0 0.99442375237442071 0.94220166620880963 1.0043317453751401 1.1097774341648921 1.0209991217275116 82.500000000000014 1.0280006567234523 0.98480013305751657 1.0357207381524296 0.88498575327715845
decision_type=2 2 2 1 2 2 2 2 2 2 2 2 2 2
left_child=1 2 -1 4 -4 13 -5 8 9 -7 11 -11 -10 -3
right_child=-2 5 3 6 -6 7 -8 -9 12 10 -12 -13 -14 -15
leaf_value=-0.00037311170968752199 0.00022647858094302332 -4.5436924035234671e-05 0.0010213845652596782 0.00048823755412367932 0.00014030344592825118 3.2409640424608365e-05 -0.0001299517847571568 -0.00020379936220349306 0.00017655674711834968 -0.00010822772952126419 -0.00016139048130984519 1.8159312557190281e-05 -3.4415486964130053e-05 0.00010202745408000788
leaf_weight=610014.06037306786 1423269.1081542969 2032030.4655313492 498607.21368181705 789378.52252113819 1842420.692799449 2264204.4791493416 1765068.1013890505 1679932.9979664087 2114895.0013737679 2173431.2776184082 3089913.0916900635 2995009.3878936768 1971268.1880604029 4078600.8345193863
leaf_count=1373 732 1316 1078 1989 3645 1218 4135 1170 1237 1178 1901 1661 1389 2457
internal_value=0.000106648 6.00321e-06 0.000902556 0.00141513 0.00305404 -0.000214359 -8.6873e-05 -0.000600028 -0.000390261 -0.000898033 -0.00135664 -0.000501666 0.000917337 0.000813688
internal_weight=2.9328e+07 2.79048e+07 5.50549e+06 4.89547e+06 2.34103e+06 2.23993e+07 2.55445e+06 1.62887e+07 1.46087e+07 1.05226e+07 8.25835e+06 5.16844e+06 4.08616e+06 6.11063e+06
internal_count=26479 25747 12220 10847 4723 13527 6124 9754 8584 5958 4740 2839 2626 3773
cat_boundaries=0 1
cat_threshold=216
is_linear=0
shrinkage=0.03


Tree=480
num_leaves=15
num_cat=4
split_feature=1 13 13 0 0 16 12 12 12 0 12 12 0 13
split_gain=16470.3 28322.8 48612.8 17782.9 13914.2 13081.4 14499.7 13847.4 12676.6 12224.3 11865.5 25674.1 10540.2 9592.77
threshold=10.500000000000002 0.97709518418763774 1.0108837424179125 0 1 0.067129503413044148 0.99504303367625979 1.0081464412505341 1.0147104157921063 2 0.99227196909529336 1.0056064912116331 3 0.97914387632358701
decision_type=2 2 2 1 1 2 2 2 2 1 2 2 1 2
left_child=1 3 -3 -1 8 9 -7 -8 -4 -2 -11 -12 -9 -13
right_child=5 2 4 -5 -6 6 7 12 -10 10 11 13 -14 -15
leaf_value=-0.00043423455125094005 0.00019516074321048694 0.00045189883182533816 8.3435315708287461e-06 4.9966819128276366e-05 -0.00020066418861619233 -0.00036892536973714816 0.00016771708237600313 -0.00011251619287614006 0.00036651790270210584 7.5642635376020533e-05 -0.00027429939098876961 0.00012968189672357363 -1.4667653687119203e-05 -6.5077772052712763e-05
leaf_weight=927486.05630135536 3891843.1894056797 1616621.935751915 1496284.5072069168 2514663.3594397306 1252287.7152389288 2204326.0318908691 1715005.1816711426 2183268.2133789062 1133879.9976440668 1760642.5825214386 1415652.6037788391 1773045.8576921225 2737952.7624342442 2630317.9003431797
leaf_count=995 4841 1253 1514 3392 1838 1352 877 929 1204 1415 906 1572 2232 2190
internal_value=0.000157259 0.00123017 0.00256603 -0.00090396 0.000745897 -0.000315028 -0.00118227 -0.000482048 0.00198514 0.000353317 -0.000348424 -0.00100133 -0.00129103 0.000128545
internal_weight=2.92533e+07 8.94122e+06 5.49907e+06 3.44215e+06 3.88245e+06 2.03121e+07 8.84055e+06 6.63623e+06 2.63016e+06 1.14715e+07 7.57966e+06 5.81902e+06 4.92122e+06 4.40336e+06
internal_count=26510 10196 5809 4387 4556 16314 5390 4038 2718 10924 6083 4668 3161 3762
cat_boundaries=0 1 2 3 4
cat_threshold=80 345 170 26
is_linear=0
shrinkage=0.03


Tree=481
num_leaves=15
num_cat=1
split_feature=11 0 11 9 11 12 12 12 11 12 11 10 12 11
split_gain=7217.91 8994.8 23409.2 14655.7 11911.9 16515.9 26144.6 21338.3 10564.6 29397 12630.8 16102.2 11382.9 17692.3
threshold=0.86277403626205151 0 0.9442096572761115 74.500000000000014 0.99272723637215787 1.0004275174568331 1.0233061924905116 1.0735842439152392 0.9333166076352869 0.9880996573646984 1.0015731347400096 1.0164263585506468 1.0278711375767708 1.1384948986278343
decision_type=2 1 2 2 2 2 2 2 2 2 2 2 2 2
left_child=-1 3 -3 -2 -4 -6 -7 -8 -5 -10 -11 -12 -13 -14
right_child=1 2 4 8 5 6 7 -9 9 10 11 12 13 -15
leaf_value=0.00023489158388036941 -0.00020166029481306506 -0.00069483864918833474 0.00020422784155245933 -0.00010311308111886248 -0.00033936535984638186 0.00019570241957767522 -0.0002935026074936254 0.00013736637617829821 0.00026804133529987137 -6.9132132002607116e-05 0.00027352248980807285 -5.1758898345846945e-05 0.00016924830402021695 -9.4175377009075311e-05
leaf_weight=1149444.3901417255 1226856.7081500292 1193321.3517942429 2285891.2402999401 1256155.3955936432 1516106.7761727571 3479824.1364469528 2997266.3504987955 1608180.4982134104 1472110.5642410517 1872467.467835784 1529870.4044114351 3316538.2821466923 3243389.335236311 1186648.7434470654
leaf_count=1291 1082 982 2141 1042 1430 2614 2566 1591 1222 1537 1234 3212 3132 1484
internal_value=0.00029375 0.000198716 -0.000377179 0.00069746 2.49245e-05 -0.00043845 0.000100345 -0.00138254 0.00097532 0.00123646 0.000710345 0.00116401 0.000608561 0.00160358
internal_weight=2.93341e+07 2.81846e+07 1.30806e+07 1.5104e+07 1.18873e+07 9.60138e+06 8.08527e+06 4.60545e+06 1.38772e+07 1.2621e+07 1.11489e+07 9.27645e+06 7.74658e+06 4.43004e+06
internal_count=26560 25269 11324 13945 10342 8201 6771 4157 12863 11821 10599 9062 7828 4616
cat_boundaries=0 1
cat_threshold=369
is_linear=0
shrinkage=0.03


Tree=482
num_leaves=15
num_cat=2
split_feature=1 13 13 12 13 0 11 12 11 0 10 12 10 1
split_gain=10925.6 24945.3 59339.3 16539.9 13174 12380.8 7557.13 6453.54 11630 21085.6 12774.4 12185.9 17803.9 11133.7
threshold=10.500000000000002 1.0331604709699025 0.97914387632358701 1.0137025498423149 0.84827708000984614 0 1.1324593909708214 1.0375626961833271 1.0358148757179293 1 1.0449516634702618 0.99977566849591148 0.91803706662057427 16.500000000000004
decision_type=2 2 2 2 2 1 2 2 2 1 2 2 2 2
left_child=1 2 4 -3 -1 -6 7 8 10 -10 11 12 -2 -13
right_child=6 3 -4 -5 5 -7 -8 -9 9 -11 -12 13 -14 -15
leaf_value=-0.00049663618674716131 -0.00043912621008785214 -0.00028149457883212939 0.00036628836623706757 0.00011166781277222366 5.1575605467514904e-05 -0.00019121298701982388 0.00013995706705184727 -0.00014642093381839953 0.00059412536596652014 -2.2571144616430913e-05 -0.00021128535504735493 0.00012815570604960967 8.1764613438058524e-06 -2.1782014505206311e-05
leaf_weight=855165.47054111958 1733162.4228048325 1395099.4454202652 2559929.1664572954 1411517.4346629381 1163890.2313718796 1541659.9614953995 2167353.874340415 2702621.2314785719 1315719.7560493946 2239763.8814604282 1584383.5662479401 3623690.3134212494 2128871.2198643684 2912098.1333220005
leaf_count=1900 1406 1857 1869 1997 1141 1413 2047 2485 1430 1638 1220 2117 1604 2410
internal_value=0.000310916 0.00118628 0.00226014 -0.00115559 -0.000244461 -0.00127037 -7.20094e-05 -0.000271009 -3.56647e-05 0.00147107 -0.000482759 -0.000100391 -0.00143643 0.000689083
internal_weight=2.93349e+07 8.92726e+06 6.12064e+06 2.80662e+06 3.56072e+06 2.70555e+06 2.04077e+07 1.82403e+07 1.55377e+07 3.55548e+06 1.19822e+07 1.03978e+07 3.86203e+06 6.53579e+06
internal_count=26534 10177 6323 3854 4454 2554 16357 14310 11825 3068 8757 7537 3010 4527
cat_boundaries=0 1 2
cat_threshold=294 102
is_linear=0
shrinkage=0.03


Tree=483
num_leaves=15
num_cat=0
split_feature=1 13 13 13 13 16 10 10 1 9 16 14 13 16
split_gain=25181.5 19441 55696.6 17261 8515.68 7856.85 7250.82 6980.83 6856.42 11342.1 10322.1 6280.06 12063.9 8419.29
threshold=10.500000000000002 0.98036236086411988 1.0346219951928586 0.92537549981554756 1.1013760515969071 0.081308984922925889 1.0451515685799888 1.053404392603321 13.500000000000002 83.500000000000014 0.054451771786092014 0.97101069555766195 0.92014045549806467 0.062033132775257162
decision_type=2 2 2 2 2 2 2 2 2 2 2 2 2 2
left_child=1 3 -3 7 -4 8 -7 -1 10 -10 -2 12 -11 -13
right_child=5 2 4 -5 -6 6 -8 -9 9 11 -12 13 -14 -15
leaf_value=9.1058652787138802e-06 4.4742165795427842e-05 0.00040687580609010565 -0.0001062911171247981 -0.00014781588630164016 0.00012600656572115242 -0.00010565304062989096 -5.2809024535953947e-06 0.00036661639726259234 -0.00016416060434572491 -7.8848183530667133e-05 -0.00014613270140863713 2.4861816695053312e-05 0.00019167928913426204 -8.2768356660604971e-05
leaf_weight=1174709.2663190365 1847655.2504796982 2470105.8875589371 1739357.3224132061 1732545.6939544678 1070807.5236959457 2789308.4758639336 1827590.8065021038 641417.85163974762 1423255.9807832241 1518158.1777677536 2909829.461399436 2806825.1054239273 2458047.5291662216 2858271.305141449
leaf_count=1799 1187 1796 1426 1515 2385 1438 1104 1168 1342 1472 2176 3841 2039 1804
internal_value=0.000141503 0.00148038 0.00263445 -0.00023682 -0.000254233 -0.000436848 -0.00152571 0.00180675 -0.000119116 0.00029039 -0.00107151 0.00065943 0.00157334 1.79756e-05
internal_weight=2.92679e+07 8.82894e+06 5.28027e+06 3.54867e+06 2.81016e+06 2.04389e+07 4.6169e+06 1.81613e+06 1.5822e+07 1.10646e+07 4.75748e+06 9.6413e+06 3.97621e+06 5.6651e+06
internal_count=26492 10089 5607 4482 3811 16403 2542 2967 13861 10498 3363 9156 3511 5645
is_linear=0
shrinkage=0.03


Tree=484
num_leaves=15
num_cat=2
split_feature=13 1 13 12 11 1 0 0 13 2 12 11 12 11
split_gain=11489 19420.6 67961.5 14019.4 16255.1 15887.7 12540.1 8654.53 8078.92 7823.83 24534.1 18704.7 14519.2 12382.7
threshold=1.0346219951928586 10.500000000000002 0.98036236086411988 1.0137025498423149 1.1097774341648921 16.500000000000004 0 1 1.076634619165022 2.5000000000000004 0.98075970649359323 0.99908282658262915 1.0296685703366102 1.0481177777849275
decision_type=2 2 2 2 2 2 1 1 2 2 2 2 2 2
left_child=1 2 6 5 7 8 -1 -5 -2 12 -11 -12 -3 -13
right_child=3 9 -4 4 -6 -7 -8 -9 -10 10 11 13 -14 -15
leaf_value=0.00021959422353517503 -0.00027564582374085112 -8.5866415031085312e-05 0.00038916041463903117 0.00019366464767427453 -0.00029013573641233271 9.0594630133360117e-05 -0.00010075591963455769 -8.0123335311217369e-05 -0.00012810556529011568 0.00035409622503477817 -0.00021941284063591273 0.00018306717068481857 0.00013989338942244794 -0.00010729862423313151
leaf_weight=1027795.3378955126 1453997.1620573997 4973765.3021731377 2465898.9170496464 2349222.2302654982 1288266.68579638 1494462.4343781471 2498101.3435232639 1089270.4382994175 1721753.0388702154 1199544.1654009819 1234781.42228508 2360857.3684945107 2040029.7358729839 2043851.5038359165
leaf_count=1407 930 3136 1802 1962 1494 1548 3096 1708 2026 966 976 1779 1646 2054
internal_value=0.000297998 0.000707198 0.00213419 -0.000566154 0.000585651 -0.0017319 -0.000537749 0.0016625 -0.00293224 8.99768e-05 0.000811983 -1.67177e-05 -0.000614039 0.000898056
internal_weight=2.92416e+07 1.98446e+07 5.9918e+06 9.39697e+06 4.72676e+06 4.67021e+06 3.5259e+06 3.43849e+06 3.17575e+06 1.38528e+07 6.83903e+06 5.63949e+06 7.0138e+06 4.40471e+06
internal_count=26530 16862 6305 9668 5164 4504 4503 3670 2956 10557 5775 4809 4782 3833
cat_boundaries=0 1 2
cat_threshold=133 348
is_linear=0
shrinkage=0.03


Tree=485
num_leaves=15
num_cat=4
split_feature=13 10 11 0 10 0 10 13 0 0 13 11 10 10
split_gain=6330.6 14515.6 12647.4 60778.5 21496.1 7967.22 8307.82 5984.24 15980 9008.08 8163.44 6003.86 8108.57 5332.07
threshold=0.94384309952676693 0.95679863267342224 0.96938913150432404 0 0.98873969880633472 1 0.99845861747995823 1.0383645468030915 2 3 1.0659168810329069 1.0650063805139773 1.0327028894079586 1.0449516634702618
decision_type=2 2 2 1 2 1 2 2 1 1 2 2 2 2
left_child=1 -1 3 -2 -4 -3 -7 9 11 -6 -10 12 -9 -8
right_child=2 5 4 -5 7 6 13 8 10 -11 -12 -13 -14 -15
leaf_value=0.0001248665311514207 0.00016581386276856729 -0.00018847008899668089 0.00024781858845318436 -0.0004842281902515147 8.1902548622310548e-05 -0.00026563484319937734 0.00018479396803336364 0.00014336379508430444 -0.000218678501278903 2.8237151965630747e-05 -7.892756775552857e-05 0.00017791943894855298 -0.00015390689030502798 -6.3881077742726855e-05
leaf_weight=2092784.2579512596 1244216.0491349697 1528416.9625293016 1776599.9089002609 1672804.0498734713 3114021.2763214111 955312.85873103142 1190039.1468727589 1132733.7843062878 894293.67767286301 6292416.794324398 1700473.5100916624 1656295.1452622414 1569611.0720193386 2355896.8335127831
leaf_count=1893 1011 1375 1549 1635 1182 977 1465 1098 569 5402 2438 1575 1394 2951
internal_value=0.000303718 -0.000407741 0.0005782 -0.00125524 0.000873085 -0.0011549 -0.000519439 0.000532731 -0.000134613 0.00102604 -0.00199857 0.000975034 0.000103351 0.000149528
internal_weight=2.91759e+07 8.12245e+06 2.10535e+07 2.91702e+06 1.81364e+07 6.02967e+06 4.50125e+06 1.63598e+07 6.95341e+06 9.40644e+06 2.59477e+06 4.35864e+06 2.70234e+06 3.54594e+06
internal_count=26514 8661 17853 2646 15207 6768 5393 13658 7074 6584 3007 4067 2492 4416
cat_boundaries=0 1 2 3 4
cat_threshold=400 272 79 16
is_linear=0
shrinkage=0.03


Tree=486
num_leaves=15
num_cat=0
split_feature=1 13 13 12 2 12 11 10 12 9 1 12 12 14
split_gain=20279.7 18921.4 46801.9 9955.63 8267.75 18792.7 35150.5 27907.1 11998 9975.07 13588.7 19450.1 17601.8 16508.2
threshold=10.500000000000002 1.0357863736507327 0.98036236086411988 1.0335218718495895 3.5000000000000004 0.98075970649359323 0.99677933585499845 1.0169331504814727 1.0160145315503237 89.500000000000014 17.500000000000004 1.043035630600724 1.0227473549302106 0.9806797466796453
decision_type=2 2 2 2 2 2 2 2 2 2 2 2 2 2
left_child=1 2 -1 -3 9 -6 -7 -8 -9 -2 11 13 -12 -11
right_child=4 3 -4 -5 5 6 7 8 -10 10 12 -13 -14 -15
leaf_value=-2.0405742472469155e-06 0.00011376961115895237 -0.00013462712334314929 0.0003863848366066393 0.00016858865955264731 0.00015656481751936762 -0.00076731157956260961 0.00028150915481664598 -0.00051004640392806266 -4.9594141242187942e-05 -2.7428973466706183e-05 0.00026243235906203569 0.00010649646887268993 -6.1021454864453785e-05 -0.00026975017182496259
leaf_weight=3540272.1359881163 2098170.6263337135 2034227.6883484125 2590574.5610681772 743563.42020058632 1082706.1621775627 1218169.4319667816 1189551.7319743633 1288570.4480237961 2495743.9178409576 2852764.4409790039 2272127.905933857 1692634.8212585449 1638065.9383416176 2537101.865447998
leaf_count=4472 1540 2716 1900 1079 1046 1079 1094 1058 2653 1596 2072 1157 1631 1498
internal_value=7.45691e-05 0.00126843 0.00219906 -0.000785582 -0.000447666 -0.00125852 -0.00189611 -0.000777506 -0.00203739 2.93377e-06 -0.000358862 -0.00114259 0.00106069 -0.0020236
internal_weight=2.92742e+07 8.90864e+06 6.13085e+06 2.77779e+06 2.03656e+07 7.27474e+06 6.19204e+06 4.97387e+06 3.78431e+06 1.30909e+07 1.09927e+07 7.0825e+06 3.91019e+06 5.38987e+06
internal_count=26591 10167 6372 3795 16424 6930 5884 4805 3711 9494 7954 4251 3703 3094
is_linear=0
shrinkage=0.03


Tree=487
num_leaves=15
num_cat=3
split_feature=13 1 13 0 12 12 2 10 9 11 0 1 0 11
split_gain=9160.02 16335.3 34255.2 21479.3 16980.8 7899.76 11938.9 13346.8 12470.9 11642.3 19826.7 9390.84 7529.44 13932.6
threshold=1.0346219951928586 10.500000000000002 0.98036236086411988 0 1.0097830404500538 1.0475322582993578 4.5000000000000009 1.0291511211659856 85.500000000000014 1.0481177777849275 1 13.500000000000002 2 0.96291343927101836
decision_type=2 2 2 1 2 2 2 2 2 2 1 2 1 2
left_child=1 2 3 4 -1 6 8 -8 -2 10 -10 -12 13 -3
right_child=5 12 -4 -5 -6 -7 7 -9 9 -11 11 -13 -14 -15
leaf_value=0.00048608799408902606 3.455949956853194e-05 0.00045113640986829874 0.00030937233711283589 -0.00014962637402256751 -7.8456078496473192e-05 8.9109388790132457e-05 -0.00024733881941588768 0.00075057466219694089 -0.00038837274107112217 -0.00044269353980263908 -0.00011123233521569318 0.00012291932516011892 -2.5591356373545978e-05 7.7030097785140705e-06
leaf_weight=883930.44512176514 1245136.095951438 1070321.023499012 2561730.5909122229 1632537.7862632275 1056529.8860161304 1721450.0633904934 780543.16532158852 774468.33804190159 1338860.5873692036 1216415.0082473755 1125269.7114070654 1147589.1641759872 8109692.6027839184 4589514.6454005241
leaf_count=1157 1014 1028 1865 1929 1393 1990 1161 1152 1093 1136 1160 1004 4825 4639
internal_value=0.000131637 0.000495471 0.00178305 -0.000115129 0.00201837 -0.000642914 -0.00105716 0.00128833 -0.00165771 -0.00234807 -0.00149313 0.000212845 -7.81836e-05 0.000761553
internal_weight=2.9254e+07 1.99043e+07 6.13473e+06 3.573e+06 1.94046e+06 9.34973e+06 7.62828e+06 1.55501e+06 6.07327e+06 4.82813e+06 3.61172e+06 2.27286e+06 1.37695e+07 5.65984e+06
internal_count=26546 16836 6344 4479 2550 9710 7720 2313 5407 4393 3257 2164 10492 5667
cat_boundaries=0 1 2 3
cat_threshold=391 7 167
is_linear=0
shrinkage=0.03


Tree=488
num_leaves=15
num_cat=0
split_feature=1 13 13 12 16 14 3 11 11 16 2 12 1 12
split_gain=23770.2 11252.9 31123 11929.6 9155.39 6684.14 10516 7333.22 13977.2 13836 8868.73 8595.35 7198.63 6018.1
threshold=10.500000000000002 1.0357863736507327 0.98036236086411988 1.0305204927338953 0.054614443413379128 1.0584267691984788 1.0000000180025095e-35 1.0979770383013885 1.028352128358649 0.070340276199253635 1.5000000000000002 1.0227473549302106 15.500000000000002 0.99379942660604637
decision_type=2 2 2 2 2 2 2 2 2 2 2 2 2 2
left_child=1 2 4 -3 -1 6 7 8 9 10 -2 -10 -7 -8
right_child=5 3 -4 -5 -6 12 13 -9 11 -11 -12 -13 -14 -15
leaf_value=-0.00024169787032067008 -9.8050359914331856e-05 -0.00013734196015854864 0.00030233524141228408 0.00022539137779828836 0.00012793720562321854 -2.4143339102256047e-05 1.5181706597630795e-05 0.00020997543300136303 1.7281140464187732e-06 0.00019686666618802542 0.00013065774043872464 -0.00022878856244815828 0.00043111267000737476 -0.00010114359311074084
leaf_weight=919431.27476811409 2217004.4693336487 1927781.8090064526 2591351.6017949581 857790.4759529829 2668507.474989295 999634.89864981174 1526900.0918464661 1971714.8277726173 1706633.6423811913 1829612.201171875 1992344.9787650108 1819626.5117964745 1286300.8961955309 4880821.8223605156
leaf_count=3023 1633 2578 1895 1236 1466 906 1307 1619 1172 769 1333 1263 2049 4285
internal_value=0.000627095 0.00191301 0.00262664 0.000329965 0.000817241 5.72613e-05 -0.000137366 0.000403869 6.04713e-05 0.000936785 -9.92678e-06 -0.00144028 0.00158509 -0.00111185
internal_weight=2.91955e+07 8.96486e+06 6.17929e+06 2.78557e+06 3.58794e+06 2.02306e+07 1.79447e+07 1.15369e+07 9.56522e+06 6.03896e+06 4.20935e+06 3.52626e+06 2.28594e+06 6.40772e+06
internal_count=26534 10198 6384 3814 4489 16336 13381 7789 6170 3735 2966 2435 2955 5592
is_linear=0
shrinkage=0.03


Tree=489
num_leaves=15
num_cat=4
split_feature=14 10 10 0 12 2 0 12 2 16 10 1 0 0
split_gain=8877.03 11032.8 16432.5 17260 17855.1 6225.72 35164 13667 31194.8 18894 18799 18410.7 30711.1 17122
threshold=0.76297902086093206 0.82120607435980486 0.98873969880633472 0 1.0081464412505341 1.0000000180025095e-35 1 1.0201843884705277 4.5000000000000009 0.062033132775257162 1.0358161514028457 8.5000000000000018 2 3
decision_type=2 2 2 1 2 2 1 2 2 2 2 2 1 1
left_child=-1 -2 3 -3 -5 6 -4 8 9 10 -7 12 -9 -10
right_child=1 2 5 4 -6 7 -8 11 13 -11 -12 -13 -14 -15
leaf_value=0.00021474791858664013 -0.00034094879452957027 0.00024794869421474087 -0.00029466284243327945 0.00036292884542693044 -0.00017831722635513323 0.00010839058111720237 0.00020483355140854789 0.00065750905667128054 0.00055728716747518656 -0.00016590270725841077 -0.00029204829856727582 5.8013210050611606e-06 -0.0001241356337468903 -1.6643201701185085e-05
leaf_weight=1175778.8842170238 1245915.1447272301 2201539.6637911797 1543938.3706924915 1121640.3288325071 1381831.1591418982 2014470.5998513699 2393950.1365798712 713438.89671814442 942261.74495387077 4381244.2262878418 1451542.2334114313 6620153.6102561951 684589.74829244614 1337536.6352982521
leaf_count=1405 1518 1674 1263 1001 1354 2049 1713 833 1166 2024 1719 5707 1281 1782
internal_value=0.000354648 0.000247542 0.000375892 0.00198562 0.000281671 3.29253e-05 0.0011142 -0.000201733 -0.000934344 -0.00183179 -0.000176755 0.000723563 0.00385176 0.00215475
internal_weight=2.92098e+07 2.80341e+07 2.67881e+07 4.70501e+06 2.50347e+06 2.20831e+07 3.93789e+06 1.81452e+07 1.01271e+07 7.84726e+06 3.46601e+06 8.01818e+06 1.39803e+06 2.2798e+06
internal_count=26489 25084 23566 4029 2355 19537 2976 16561 8740 5792 3768 7821 2114 2948
cat_boundaries=0 1 2 3 4
cat_threshold=313 139 281 46
is_linear=0
shrinkage=0.03


Tree=490
num_leaves=15
num_cat=1
split_feature=1 0 13 13 12 16 12 12 10 12 1 10 12 12
split_gain=8699.82 15781.8 22189.1 29142.3 14821.7 8585.87 8307.59 9313.78 11615.7 7882.43 15539.1 13130.6 25176.2 11323
threshold=10.500000000000002 0 0.97493813005198982 1.0280006567234523 1.004197057542799 0.082905232067444642 1.0147104157921063 1.0278711375767708 1.0740808218356659 0.99055910426597582 16.500000000000004 1.0126286975463843 1.0071326926472344 1.0071326926472344
decision_type=2 1 2 2 2 2 2 2 2 2 2 2 2 2
left_child=1 2 -1 -4 -3 9 -6 -8 -9 10 -2 12 -11 -13
right_child=5 4 3 -5 6 -7 7 8 -10 11 -12 13 -14 -15
leaf_value=-1.3756206888935779e-05 -1.9754158050989882e-05 -0.00018346523138815883 0.00039370477803264096 2.0079475576683966e-05 0.0002866071917125745 -7.0917430489263783e-05 -0.00024927374178880789 0.0002964937098160119 -5.9764749244805906e-05 -0.00025935539702818915 0.00029902320119329037 0.00025428139009423017 8.2346585262950897e-05 -8.8082057509947662e-06
leaf_weight=1269807.5937901735 2194872.5161743164 1669228.4596083164 1272735.3368521929 1152383.5190401077 845612.03971016407 3546491.9665503502 816180.98923146725 717344.07021605968 1177748.1958345175 1827046.5542411804 1523277.4915595055 1461197.097495079 1923167.3738641739 7953044.2630931139
leaf_count=1426 1427 2044 747 1358 904 2012 1060 927 1719 1337 1681 1084 1730 7160
internal_value=0.000190855 0.000972461 0.0024731 0.00415536 -8.85168e-05 -0.00015046 0.00100595 0.000196255 0.00135018 0.000131423 0.00135117 -0.00021308 -0.00171424 0.000384915
internal_weight=2.93501e+07 8.92104e+06 3.69493e+06 2.42512e+06 5.22611e+06 2.04291e+07 3.55689e+06 2.71127e+06 1.89509e+06 1.68826e+07 3.71815e+06 1.31645e+07 3.75021e+06 9.41424e+06
internal_count=26616 10185 3531 2105 6654 16431 4610 3706 2646 14419 3108 11311 3067 8244
cat_boundaries=0 1
cat_threshold=273
is_linear=0
shrinkage=0.03


Tree=491
num_leaves=15
num_cat=3
split_feature=1 0 13 13 16 0 16 0 1 3 13 14 16 14
split_gain=8972.6 23270.3 22703.6 42973.3 7749.73 7344.15 6965.59 6148.42 9580.91 5210.93 7114.59 4706.36 4589.82 3545.4
threshold=10.500000000000002 0 0.98036236086411988 1.0166408635807442 0.081308984922925889 1 0.076457786406571276 2 17.500000000000004 1.0000000180025095e-35 0.97028950630864397 0.95940982542196973 0.042182096536078975 0.97563045434065232
decision_type=2 1 2 2 2 1 2 1 2 2 2 2 2 2
left_child=1 2 11 -4 6 -6 7 8 -2 10 -3 -1 -9 -14
right_child=4 9 3 -5 5 -7 -8 12 -10 -11 -12 -13 13 -15
leaf_value=-8.1554943686458687e-05 0.00034550541706234085 2.7216602019790617e-07 0.00046859252584988907 4.9278279125750689e-05 2.0305937356892548e-08 -9.0376494247854791e-05 0.00011607555829264066 0.00010574842583534124 -0.00016641000151210506 5.7410797340044129e-05 -0.00021505416910992835 5.8996566202129496e-05 -3.932025039749955e-06 -7.1942384933580233e-05
leaf_weight=966767.82325208187 1693759.6415252686 1107256.2416633368 1180325.4075226784 2105290.0285438299 1886572.7654516697 2666865.3637390137 1730957.3797807693 1616173.4824886322 960051.38635110855 1115761.6247119904 1573715.6606343985 968697.5809057951 4461654.1632742882 5457991.3730916977
leaf_count=1037 1897 1367 704 2083 1290 1228 1108 3052 2258 2319 1704 980 2487 3130
internal_value=0.000179881 0.000968342 0.0022679 0.00378626 -0.000167398 -0.00125877 0.000144745 -7.44242e-05 0.00122756 -0.000818748 -0.00153574 -0.000309628 -0.000373946 -0.000615487
internal_weight=2.94918e+07 9.01781e+06 5.22108e+06 3.28562e+06 2.0474e+07 4.55344e+06 1.59206e+07 1.41896e+07 2.65381e+06 3.79673e+06 2.68097e+06 1.93547e+06 1.15358e+07 9.91965e+06
internal_count=26644 10194 4804 2787 16450 2518 13932 12824 4155 5390 3071 2017 8669 5617
cat_boundaries=0 1 2 3
cat_threshold=281 451 162
is_linear=0
shrinkage=0.03


Tree=492
num_leaves=15
num_cat=4
split_feature=1 0 16 2 0 12 0 16 12 10 0 12 10 1
split_gain=19625.2 19468.3 10276.2 9295.58 9189.5 7687.52 13979.1 8314.13 11599.2 10952.5 11393.4 8876.24 11369.7 7489.82
threshold=10.500000000000002 0 0.082905232067444642 1.5000000000000002 1 0.99379942660604637 2 0.079025595619747063 1.0020970861562455 0.98310466343209058 3 1.0227473549302106 1.0658413189851337 8.5000000000000018
decision_type=2 1 2 2 1 2 1 2 2 2 1 2 2 2
left_child=1 3 5 -1 -3 6 -2 8 -7 -10 -11 -12 -13 -6
right_child=2 4 -4 -5 13 7 -8 -9 9 10 11 12 -14 -15
leaf_value=1.5122338518340355e-05 0.00012350085832916533 -0.00027520858325640941 -0.00010712944847957732 0.00010691421134688325 0.00017958826778662729 -0.00032591541168066945 -0.00011214298220379925 0.00010313738035919676 0.00025625589445584185 -0.00010622366163207079 0.00011289227907271271 -0.00038910491516637821 3.4565670414434212e-06 -4.9386574571155592e-05
leaf_weight=1366289.330524087 1721123.3950748444 1284763.5798546076 3590411.5042886734 2338559.5586531162 2364333.6174572706 1183143.7594389915 2259212.2555708885 1557783.4885253906 1102967.7224645615 2974951.1617031097 2549946.9304842949 935554.12289118767 2544022.404730916 1542393.6867980957
leaf_count=1056 1552 2049 2026 2454 3517 954 1807 838 1048 1900 2422 930 2899 1111
internal_value=0.000108097 0.00128406 -0.000404254 0.00294533 9.85085e-05 -9.33933e-05 0.00105861 -0.000450275 -0.000733741 -0.000404757 -0.000750385 -8.0432e-07 -0.000986168 0.000822322
internal_weight=2.93155e+07 8.89634e+06 2.04191e+07 3.70485e+06 5.19149e+06 1.68287e+07 3.98034e+06 1.28484e+07 1.12906e+07 1.01074e+07 9.00447e+06 6.02952e+06 3.47958e+06 3.90673e+06
internal_count=26563 10187 16376 3510 6677 14350 3359 10991 10153 9199 8151 6251 3829 4628
cat_boundaries=0 1 2 3 4
cat_threshold=273 34 211 17
is_linear=0
shrinkage=0.03


Tree=493
num_leaves=15
num_cat=0
split_feature=12 3 12 12 12 14 12 12 12 13 13 14 1 12
split_gain=7976.88 9253.35 14449.2 19317 22507.6 17436.2 14124.6 11339.8 9052.76 7413.31 9402.82 7564.34 9333.33 6437.44
threshold=0.94365407296847026 2.5000000000000004 0.99442375237442071 1.0049158022346554 1.0081464412505341 0.96865785668567095 0.99977566849591148 1.0111022233292399 1.0336930988510182 1.1358245281939967 0.95470031130501709 0.89766331389007947 13.500000000000002 1.0015572315294419
decision_type=2 2 2 2 2 2 2 2 2 2 2 2 2 2
left_child=-1 2 5 13 -5 -2 -3 -6 -8 10 11 -9 -13 -4
right_child=1 6 3 4 7 -7 8 9 -10 -11 -12 12 -14 -15
leaf_value=-0.00026456495883823424 -1.6527956630137138e-07 -0.0011237212871924123 -4.2853158840849237e-05 0.00025336561503880989 -0.00022646226539212977 0.00028206526156728575 8.0032099821670836e-05 6.8858674674433858e-05 -0.0003174715674256097 -0.00016884684755355924 7.6413752528590713e-05 -0.00032297847938130643 -6.4585615716312512e-06 -0.0001295667456107198
leaf_weight=1231774.137845397 2680942.8829436302 711427.58539223671 1796304.5539712906 1557137.0149544477 1120798.5456758738 2524268.3915979862 1323289.5246413946 1405340.9195044041 691065.29930055141 1229939.9954506159 8502892.4739640951 1182124.4960358143 1520187.0192389488 1926785.314467907
leaf_count=1528 1810 1070 1312 1084 825 2080 1825 1593 1218 1929 6210 1381 1396 1328
internal_value=0.000101381 0.000204702 0.000382648 2.01335e-05 0.000460117 0.00179236 -0.00145652 0.00010286 -0.000173126 0.000337893 0.000554727 -0.000623882 -0.00155228 -0.00193196
internal_weight=2.94043e+07 2.81725e+07 2.54467e+07 2.02415e+07 1.65184e+07 5.20521e+06 2.72578e+06 1.49613e+07 2.01435e+06 1.38405e+07 1.26105e+07 4.10765e+06 2.70231e+06 3.72309e+06
internal_count=26589 25061 20948 17058 14418 3890 4113 13334 3043 12509 10580 4370 2777 2640
is_linear=0
shrinkage=0.03


Tree=494
num_leaves=15
num_cat=0
split_feature=1 10 12 1 2 16 16 11 11 16 2 1 2 12
split_gain=12756.7 6696.46 9078.45 46326.8 16765.7 16201 9863.46 7703.92 7100.19 6529.72 11108.7 6489.75 7379.02 4655.92
threshold=10.500000000000002 0.98873969880633472 1.0213035412072564 8.5000000000000018 1.5000000000000002 0.059014050135174294 0.071352669705052593 0.94582335825913144 1.01747247632864 0.054451771786092014 1.5000000000000002 19.500000000000004 3.5000000000000004 1.0091514731206532
decision_type=2 2 2 2 2 2 2 2 2 2 2 2 2 2
left_child=1 7 4 6 -3 8 -4 -1 -6 10 -2 -12 -13 -14
right_child=9 2 3 -5 5 -7 -8 -9 -10 -11 11 12 13 -15
leaf_value=0.00011177240958202966 -5.543176097626922e-05 0.0001165070872619382 -0.00054298757603284933 -0.00013636441982434229 -8.7271040774520504e-05 -0.00023139268324656571 0.00046336630550058923 0.00037273842170523292 0.00026189890397224465 -1.6457318309907612e-05 0.00038887423589061535 0.00032834433039067657 0.00011815643068256827 -0.00058900626337933754
leaf_weight=895949.72031891346 1808696.84694314 1472260.527048111 780469.41950941086 1195631.8576916456 496334.23850381374 1547946.6955456734 991105.01893377304 1024945.5033257008 466339.57993686199 15453254.162792325 1271901.7383770943 787963.52684044838 460548.62202548981 504843.73791790009
leaf_count=1080 2121 1292 2244 920 1066 770 410 1191 1203 9766 899 1436 907 1203
internal_value=0.000390163 0.0013391 0.00090577 0.00216196 -3.00819e-05 -0.00152059 0.00524148 0.00290693 0.00153531 -2.47764e-05 0.000937536 0.00204953 0.000866094 -0.000892181
internal_weight=2.91582e+07 8.87098e+06 6.95009e+06 2.96721e+06 3.98288e+06 2.51062e+06 1.77157e+06 1.9209e+06 962674 2.02872e+07 4.83395e+06 3.02526e+06 1.75336e+06 965392
internal_count=26508 10176 7905 3574 4331 3039 2654 2271 2269 16332 6566 4445 3546 2110
is_linear=0
shrinkage=0.03


Tree=495
num_leaves=15
num_cat=0
split_feature=1 16 14 10 10 16 16 14 13 10 1 11 16 11
split_gain=12622.5 8681.44 14117.7 11937.3 15749.2 7665.38 7192.2 7854.84 12427 11811.9 9286.43 8373.37 7063.37 6797.26
threshold=10.500000000000002 0.055672035124616014 0.99139221160090141 0.99120826366094161 1.0479853145160096 0.078068614619706891 0.070340276199253635 0.95101795393994237 1.0537640100323544 1.0612853180609443 7.5000000000000009 1.0346667605123312 0.03880314206904726 0.97496938264852517
decision_type=2 2 2 2 2 2 2 2 2 2 2 2 2 2
left_child=5 2 -2 -4 -5 6 7 9 10 -1 12 -10 -9 -3
right_child=1 13 3 4 -6 -7 -8 8 11 -11 -12 -13 -14 -15
leaf_value=0.00019957232686973386 -2.5851998259527341e-05 -0.0001837495716704909 0.00060189360089020168 -9.0212452785820511e-05 0.00046311397009162495 0.0002002995527371314 -4.6228709557197719e-05 0.00029622064747774219 -0.00028102594070365198 -0.00028601998813197917 0.00034342878852377005 0.00024556052558965689 -0.00015959367190791025 -8.3305674948819565e-06
leaf_weight=809337.16729390621 3049534.9303808212 2974438.7651977539 774658.35956048965 1073942.9507956505 873776.86844849586 2447152.8417387009 1188026.8395233154 478108.79040884972 689243.21306180954 828414.22090029716 1467099.9389849901 496077.76438891888 484672.91693115234 11479725.528958082
leaf_count=1594 3505 1894 1016 1192 1390 968 580 1866 1350 1274 1063 1115 322 7280
internal_value=0.000372409 -4.16785e-05 0.000941875 0.00251219 0.00125936 0.00131472 0.000771669 0.00124842 0.00202923 -0.00047516 0.00325769 -0.0004891 0.000968303 -0.000434436
internal_weight=2.91142e+07 2.02261e+07 5.77191e+06 2.72238e+06 1.94772e+06 8.88813e+06 6.44098e+06 5.25295e+06 3.6152e+06 1.63775e+06 2.42988e+06 1.18532e+06 962782 1.44542e+07
internal_count=26409 16277 7103 3598 2582 10132 9164 8584 5716 2868 3251 2465 2188 9174
is_linear=0
shrinkage=0.03


Tree=496
num_leaves=15
num_cat=2
split_feature=10 10 1 0 2 11 10 0 2 16 11 12 10 12
split_gain=7013.43 14790.8 14596.6 21921.9 12994.6 13013.7 20013.9 20652.2 16605.4 10588.9 7596.36 8116.19 13594 32925.4
threshold=1.0366124446983094 1.0249059289088667 8.5000000000000018 0 1.0000000180025095e-35 1.0631792722561391 1.1006815628803313 1 3.5000000000000004 0.088579994534916148 1.0301164719085267 1.024112885485482 0.91803706662057427 1.0081464412505341
decision_type=2 2 2 1 2 2 2 1 2 2 2 2 2 2
left_child=1 9 3 -2 -4 8 -7 -8 -6 10 11 12 -1 -14
right_child=2 -3 4 -5 5 6 7 -9 -10 -11 -12 -13 13 -15
leaf_value=-0.00014223575150179793 0.00034895662994332535 -0.00018849016034634013 0.00021967421656884849 6.0330340955618455e-05 -0.00021071322084970025 0.00027706904204745884 0.0001543950277858069 -0.00025301135396402859 8.2129166761925977e-05 -0.00014237457289200525 -0.0001909782258620571 0.00022248824490189373 0.00018868088160443999 -0.00018257344343213045
leaf_weight=2551437.3610960245 682608.35772120953 2296199.9758398533 2031065.7105600834 1844105.7888793945 2691802.4324641228 1515958.5816688538 1805565.6414737701 1832887.0817826986 1509647.5635945797 1677478.2696504593 1180446.2130619287 1267711.1927940845 4730083.7121678591 1534968.4804130793
leaf_count=2477 740 1953 1507 3037 1732 1335 1554 1999 1354 718 1238 1442 4152 1275
internal_value=0.000163868 -0.000280768 0.000650836 0.00271361 0.000193115 -0.000279078 0.000731081 -0.000475573 -0.00151836 0.000112919 0.000444061 0.000710604 0.000387874 0.00113963
internal_weight=2.9152e+07 1.52383e+07 1.39136e+07 2.52671e+06 1.13869e+07 9.35586e+06 5.15441e+06 3.63845e+06 4.20145e+06 1.29421e+07 1.12646e+07 1.00842e+07 8.81649e+06 6.26505e+06
internal_count=26513 13255 13258 3777 9481 7974 4888 3553 3086 11302 10584 9346 7904 5427
cat_boundaries=0 1 2
cat_threshold=272 75
is_linear=0
shrinkage=0.03


Tree=497
num_leaves=15
num_cat=3
split_feature=9 1 13 1 12 0 13 2 1 12 0 13 0 14
split_gain=8845.86 26669.2 14064 12795.7 35497.8 42998.2 13145.1 12716.4 11074 12171.8 12013.5 9060.33 11080.9 7325.11
threshold=89.500000000000014 16.500000000000004 1.0317660564421081 8.5000000000000018 1.0173151576393422 0 1.0144545110914107 2.5000000000000004 18.500000000000004 0.98244423354187715 1 1.0306217099535357 2 0.88037675086529255
decision_type=2 2 2 2 2 1 2 2 2 2 1 2 1 2
left_child=1 2 -1 4 6 -6 -2 -7 10 -10 -5 12 -11 -12
right_child=3 -3 -4 8 5 7 -8 -9 9 11 13 -13 -14 -15
leaf_value=0.00038903288409940695 5.5876867056538653e-05 -0.00018796537033266493 3.2492756242124186e-05 -0.00021485174206095574 0.00042585584735665543 -0.0001368571709125574 -0.0010153411108489527 0.00038796017090342148 0.00050153481110309006 0.0006549463558278134 -0.00018815472178621635 -0.00016235567860490831 -2.9550377410473397e-05 -2.8165192565885172e-06
leaf_weight=1804726.5752382278 1493893.114774704 1437467.6798112392 1377885.7447057962 2550695.8075561523 697684.20339381695 810063.31649172306 818914.47577190399 580761.01276111603 706784.12655162811 827130.7874174118 2114835.2042999268 1206976.9000706673 974883.60216999054 11818005.767585039
leaf_count=1590 1854 1368 1216 1178 671 1151 1386 1394 970 1081 1487 1837 1409 7922
internal_value=0.000193438 0.0013979 0.00292973 -3.27642e-05 0.00143297 0.00426816 -0.00112726 0.00121936 -0.000352141 0.00112732 -0.000685647 0.000295163 0.00164243 -0.000339116
internal_weight=2.92207e+07 4.62008e+06 3.18261e+06 2.46006e+07 4.40132e+06 2.08851e+06 2.31281e+06 1.39082e+06 2.01993e+07 3.71578e+06 1.64835e+07 3.00899e+06 1.80201e+06 1.39328e+07
internal_count=26514 4174 2806 22340 6456 3216 3240 2545 15884 5297 10587 4327 2490 9409
cat_boundaries=0 1 2 3
cat_threshold=24 8 269
is_linear=0
shrinkage=0.03


Tree=498
num_leaves=15
num_cat=0
split_feature=9 1 11 16 3 13 2 13 13 16 12 11 1 13
split_gain=8089.18 30619.9 12029.5 11400.5 10975.9 15908.7 9020.46 15807.4 17058.2 13875.8 9521.91 8128.99 8036.08 10338.7
threshold=87.500000000000014 16.500000000000004 1.0196581119313397 0.07190894582191279 1.0000000180025095e-35 0.98036236086411988 2.5000000000000004 1.0144545110914107 0.98036236086411988 0.063220076633974567 1.0121640620794861 1.0034761733181858 11.500000000000002 0.90167209337173537
decision_type=2 2 2 2 2 2 2 2 2 2 2 2 2 2
left_child=1 2 -1 6 -5 -6 9 8 12 10 11 -2 13 -8
right_child=3 -3 -4 4 5 -7 7 -9 -10 -11 -12 -13 -14 -15
leaf_value=0.00035379653821573801 -0.00033982049843312643 -0.00018290208952194563 6.4010828789598276e-05 1.5697844377263529e-05 2.0422351652677719e-05 -0.00026486155698986441 0.00033802324442016332 -1.5234214277459971e-05 0.00038437987941530199 8.0214192660861197e-05 3.1548180376734276e-06 -2.5821293190532203e-06 0.0003335701749365919 -0.00032624824041165468
leaf_weight=1660545.3152164221 1597952.1389549971 1358317.9729435444 1364542.239351511 5401090.5848388672 1710284.4166471958 2093474.5818703175 581984.52692496777 3318320.3008785248 1134573.7187619209 2462955.9695739746 3135188.7746280432 1125015.8522485495 1615826.9540926218 590304.86522424221
leaf_count=1195 1803 1256 1385 2368 1281 1416 1324 4549 1094 1267 3750 1148 1833 805
internal_value=0.000409424 0.00159733 0.00327748 0.000199181 -0.000637718 -0.00187215 0.000694199 0.00146847 0.00275767 2.04313e-05 -0.000773911 -0.00207173 0.00149567 -0.000395223
internal_weight=2.91504e+07 4.38341e+06 3.02509e+06 2.4767e+07 9.20485e+06 3.80376e+06 1.55621e+07 7.24101e+06 3.92269e+06 8.32111e+06 5.85816e+06 2.72297e+06 2.78812e+06 1.17229e+06
internal_count=26474 3836 2580 22638 5065 2697 17573 9605 5056 7968 6701 2951 3962 2129
is_linear=0
shrinkage=0.03


Tree=499
num_leaves=15
num_cat=0
split_feature=12 10 10 12 12 10 13 10 2 13 12 13 2 10
split_gain=5918.29 16526.7 22190.9 20507.7 20005.2 11996.1 38424.4 13907.7 18945.5 17044.3 18295 7680.75 7506.38 8992.19
threshold=1.017769022820241 1.0164263585506468 1.0366124446983094 1.0336930988510182 1.0243090240668089 0.90675470765210653 0.91268825598462422 0.98310466343209058 1.0000000180025095e-35 1.0047919176943925 1.0017672621402147 1.0550214677430187 2.5000000000000004 1.0257916065140924
decision_type=2 2 2 2 2 2 2 2 2 2 2 2 2 2
left_child=5 3 -3 -2 -4 6 -1 -7 -9 12 -11 -12 -10 -14
right_child=1 2 4 -5 -6 7 -8 8 9 10 11 -13 13 -15
leaf_value=3.3257262018630531e-05 0.00055169117309903672 -0.00044985680679916491 0.00039769670187782903 -1.5908027784118197e-05 -1.1607621645759374e-05 0.00023738600626947603 -0.00082386729107136096 0.00016189634979698044 -0.00020619479993297052 0.00014713329633992138 2.4272070868090724e-05 -0.0002310057046726122 1.7756238751206563e-05 -0.0002512340405784445
leaf_weight=1468021.2538332939 977588.27257156372 1049412.1361564398 1097908.3925163746 1114200.4145883322 7976916.9364703894 1259201.0705388784 1109006.6111621857 2211776.7101346254 2107661.4325561523 2534260.066419363 1546650.4143428802 1656525.2571611404 1598024.0492476225 1393640.3418771029
leaf_count=1273 1081 1030 1046 1121 7841 1110 1141 1605 1503 2284 989 1557 1470 1375
internal_value=-3.74551e-05 0.000465523 -3.60417e-05 0.00289309 0.000441578 -0.000401357 -0.00228552 -6.19915e-05 -0.000352548 -0.000868982 0.000252671 -0.00125416 -0.00213099 -0.00116489
internal_weight=2.91008e+07 1.2216e+07 1.01242e+07 2.09179e+06 9.07483e+06 1.68848e+07 2.57703e+06 1.43077e+07 1.30485e+07 1.08368e+07 5.73744e+06 3.20318e+06 5.09933e+06 2.99166e+06
internal_count=26426 12119 9917 2202 8887 14307 2414 11893 10783 9178 4830 2546 4348 2845
is_linear=0
shrinkage=0.03


end of trees

feature_importances:
lvl_wd20=1243
lvl_wd5=1126
lvl_wd10=986
route=867
hour_share=565
lag_w1=534
lag_m4=501
hour=443
dow=422
days_to_ny=179
ptype=129
is_day_off=5

parameters:
[boosting: gbdt]
[objective: regression_l1]
[metric: l1]
[tree_learner: serial]
[device_type: cpu]
[data_sample_strategy: bagging]
[data: ]
[valid: ]
[num_iterations: 500]
[learning_rate: 0.03]
[num_leaves: 15]
[num_threads: 2]
[seed: 43]
[deterministic: 1]
[force_col_wise: 1]
[force_row_wise: 0]
[histogram_pool_size: -1]
[max_depth: -1]
[min_data_in_leaf: 1000]
[min_sum_hessian_in_leaf: 0.001]
[bagging_fraction: 0.8]
[pos_bagging_fraction: 1]
[neg_bagging_fraction: 1]
[bagging_freq: 1]
[bagging_seed: 11149]
[bagging_by_query: 0]
[feature_fraction: 0.8]
[feature_fraction_bynode: 1]
[feature_fraction_seed: 21351]
[extra_trees: 0]
[extra_seed: 16806]
[early_stopping_round: 0]
[early_stopping_min_delta: 0]
[first_metric_only: 0]
[max_delta_step: 0]
[lambda_l1: 0]
[lambda_l2: 1]
[linear_lambda: 0]
[min_gain_to_split: 0]
[drop_rate: 0.1]
[max_drop: 50]
[skip_drop: 0.5]
[xgboost_dart_mode: 0]
[uniform_drop: 0]
[drop_seed: 2965]
[top_rate: 0.2]
[other_rate: 0.1]
[min_data_per_group: 100]
[max_cat_threshold: 32]
[cat_l2: 10]
[cat_smooth: 10]
[max_cat_to_onehot: 4]
[top_k: 20]
[monotone_constraints: ]
[monotone_constraints_method: basic]
[monotone_penalty: 0]
[feature_contri: ]
[forcedsplits_filename: ]
[refit_decay_rate: 0.9]
[cegb_tradeoff: 1]
[cegb_penalty_split: 0]
[cegb_penalty_feature_lazy: ]
[cegb_penalty_feature_coupled: ]
[path_smooth: 0]
[interaction_constraints: ]
[verbosity: -1]
[saved_feature_importance_type: 0]
[use_quantized_grad: 0]
[num_grad_quant_bins: 4]
[quant_train_renew_leaf: 0]
[stochastic_rounding: 1]
[linear_tree: 0]
[max_bin: 255]
[max_bin_by_feature: ]
[min_data_in_bin: 3]
[bin_construct_sample_cnt: 200000]
[data_random_seed: 179]
[is_enable_sparse: 1]
[enable_bundle: 1]
[use_missing: 1]
[zero_as_missing: 0]
[feature_pre_filter: 1]
[pre_partition: 0]
[two_round: 0]
[header: 0]
[label_column: ]
[weight_column: ]
[group_column: ]
[ignore_column: ]
[categorical_feature: 0]
[forcedbins_filename: ]
[precise_float_parser: 0]
[parser_config_file: ]
[objective_seed: 26397]
[num_class: 1]
[is_unbalance: 0]
[scale_pos_weight: 1]
[sigmoid: 1]
[boost_from_average: 1]
[reg_sqrt: 0]
[alpha: 0.9]
[fair_c: 1]
[poisson_max_delta_step: 0.7]
[tweedie_variance_power: 1.5]
[lambdarank_truncation_level: 30]
[lambdarank_norm: 1]
[label_gain: ]
[lambdarank_position_bias_regularization: 0]
[eval_at: ]
[multi_error_top_k: 1]
[auc_mu_weights: ]
[num_machines: 1]
[local_listen_port: 12400]
[time_out: 120]
[machine_list_filename: ]
[machines: ]
[gpu_platform_id: -1]
[gpu_device_id: -1]
[gpu_use_dp: 0]
[num_gpu: 1]

end of parameters

pandas_categorical:[[1, 7, 11, 12, 17, 25, 26, 28, 50]]
