post_id;post_date;post_hour;categories;tram_related;target_routes;event_dates;url;text
19894;2025-01-01;12;weather_alert;0;;;https://t.me/DtOperativno/19894;"1️⃣2️⃣3️⃣4️⃣5️⃣6️⃣7️⃣ ЦОДД: сегодня в течение дня в Москве прогнозируют мокрый снег — рекомендуем для поездок использовать городской транспорт   По прогнозам синоптиков, сегодня в течение дня в городе ожидаются мокрый снег и сильный ветер. Возможно образование гололедицы.  Автомобилистам рекомендуем:  🔹 Соблюдать скоростной режим и дистанцию; 🔹 Не отвлекаться на телефон во время движения; 🔹 Не парковать машину под деревьями и шаткими конструкциями; 🔹 Быть особенно аккуратными на подъемах и спусках с мостов и эстакад, а также вблизи пешеходных переходов.  За обстановкой на дорогах круглосуточно"
19895;2025-01-01;19;weather_alert;0;;;https://t.me/DtOperativno/19895;1️⃣2️⃣3️⃣4️⃣5️⃣6️⃣7️⃣ ЦОДД: синоптики прогнозируют снег до завтрашнего утра – будьте внимательны за рулем  По прогнозам синоптиков, до завтрашнего утра в городе ожидаются снег и сильный ветер. Возможно образование гололедицы.  Будьте внимательны за рулем: соблюдайте скоростной режим и дистанцию, не отвлекайтесь на телефон во время движения.  Быть особенно аккуратны вблизи пешеходных переходов.  Берегите себя.
19896;2025-01-02;20;tram_route_change;1;11|17|25;;https://t.me/DtOperativno/19896;На улице Академика Королёва (в районе остановки «Аргуновская улица») из-за автомобиля, застрявшего на путях, задерживаются трамваи № 11, 17 и 25.  Маршруты временно изменены. Будьте внимательны, следите за объявлениями водителей.
19897;2025-01-02;20;tram_route_change;1;11|17|25;;https://t.me/DtOperativno/19897;На улице Академика Королёва (в районе остановки «Аргуновская улица») из-за автомобиля, застрявшего на путях, задерживаются трамваи № 11, 17 и 25.  Маршруты временно изменены. Будьте внимательны, следите за объявлениями водителей.
19898;2025-01-03;10;closure;0;;2025-01-26|2025-02-23|2025-03-16;https://t.me/DtOperativno/19898;7 и 26 января, 23 февраля, 16 марта 2025 г. в период с 00:01 до 05:00 будут закрыты проспект Багратиона и съезды в районе пересечений проспекта Багратиона с МКАД, улицей Кубинкой, Рублëвским шоссе, Кутузовским проспектом, Проектируемым проездом № 1033, Шелепихинской набережной и Третьим транспортным кольцом. Это связано с проведением работ.   Рекомендуем заранее планировать маршрут с учётом перекрытий.   Также на участке Проектируемого проезда № 1033 будет недоступна для движения 1 полоса.   Подробнее — на инфографике👆
19900;2025-01-03;15;tram_route_change;1;11|17|25;;https://t.me/DtOperativno/19900;На улице Академика Королёва (в районе остановки «Останкино») из-за автомобиля, застрявшего на путях, задерживаются трамваи № 11, 17 и 25.  Маршруты временно изменены. Будьте внимательны, следите за объявлениями водителей.
19901;2025-01-03;15;tram_route_change;1;11|17|25;;https://t.me/DtOperativno/19901;На улице Академика Королёва (в районе остановки «Останкино») из-за автомобиля, застрявшего на путях, задерживаются трамваи № 11, 17 и 25.  Маршруты временно изменены. Будьте внимательны, следите за объявлениями водителей.
19906;2025-01-05;18;closure;0;;2025-01-06|2025-01-07;https://t.me/DtOperativno/19906;"ЦОДД: Напоминаем, что в связи с проведением Рождественских мероприятий 6 и 7 января будет временно закрыто движение в районе Храма Христа Спасителя  Движение будет закрыто:  🔹 с 16:00 6 января до 3:00 7 января в Соймоновском проезде от улицы Волхонка до Пречистенской набережной; 🔹 с 18:00 6 января до 3:00 7 января на улице Волхонка от Соймоновского проезда до улицы Ленивка.  Будьте внимательны, стройте маршрут заранее. Подробнее."
19912;2025-01-06;10;closure;0;;2025-01-10|2025-05-09;https://t.me/DtOperativno/19912;В период с 10 января до 9 мая 2025 г. в зависимости от даты и времени будет закрыт для движения участок проезда Девичьего Поля. Это связано с проведением мероприятия.   Рекомендуем заранее планировать маршрут с учётом перекрытий.   Подробнее — на инфографике👆
19914;2025-01-06;15;closure;0;;2025-01-26;https://t.me/DtOperativno/19914;"ЦОДД: Напоминаем, что 7 и 26 января в период с 00:01 до 05:00 будет временно закрыто движение для транспорта в районе проспекта Багратиона   Движение будет закрыто:  🔹 на проспекте Багратиона (в каждом направлении) от трассы М-1 до ТТК; 🔹 на съездах в районе пересечений проспекта Багратиона с МКАД, улицей Кубинка, Рублёвским шоссе, Кутузовским проспектом, Проектируемым проездом № 1033, Шелепихинской набережной и ТТК.  Также на участке Проектируемого проезда № 1033 в этот период будет недоступна для движения 1 полоса.   Рекомендуем заранее планировать маршрут с учётом перекрытий. Подробнее — на"
19915;2025-01-06;15;weather_alert;0;;;https://t.me/DtOperativno/19915;1️⃣2️⃣3️⃣4️⃣5️⃣6️⃣7️⃣ ЦОДД: синоптики прогнозируют ледяной дождь – будьте внимательны за рулем  По прогнозам синоптиков, завтра в течение дня в Москве ожидается ледяной дождь. Возможно образование гололедицы.  Рекомендуем водителям:  🔹Соблюдать скоростной режим и дистанцию. 🔹Не совершать резких маневров. 🔹Не отвлекаться на телефон во время движения. 🔹 Быть особенно аккуратными вблизи пешеходных переходов.  За ситуацией на дороге круглосуточно следят Ситуационный центр и экипажи Дорожного патруля ЦОДД.
19917;2025-01-08;12;weather_alert;0;;;https://t.me/DtOperativno/19917;ЦОДД: в городе идет дождь — будьте аккуратны и внимательны за рулём   По прогнозам синоптиков, в течение дня в городе ожидается дождь. Температура вечером опустится ниже 0°С. Возможно образование гололедицы.   Рекомендуем:  🔹 Соблюдать скоростной режим и дистанцию. 🔹 Избегать резких торможений и ускорений. 🔹 Не отвлекаться на телефон во время движения.  🔹 Быть особенно аккуратными вблизи пешеходных переходов.   За ситуацией на дорогах круглосуточно следят Ситуационный центр и экипажи Дорожного патруля ЦОДД.  Берегите себя💚
19918;2025-01-09;1;closure;0;;;https://t.me/DtOperativno/19918;❗️На внутренней стороне 66-го км МКАД произошло ДТП с участием двух автомобилей.   На месте работают оперативные службы города. Обстоятельства произошедшего и информация о пострадавших уточняются.  Движение в районе столкновения перекрыто. Будьте внимательны и выбирайте пути объезда.
19920;2025-01-09;4;closure;0;;;https://t.me/DtOperativno/19920;❗️На внутренней стороне 66-го км МКАД произошло ДТП с участием двух автомобилей.   На месте работают оперативные службы города. Обстоятельства произошедшего и информация о пострадавших уточняются.  Движение в районе столкновения перекрыто. Будьте внимательны…
19921;2025-01-09;7;weather_alert;0;;;https://t.me/DtOperativno/19921;Доброе утро!  Первый рабочий день в этом году обещает быть облачным и без осадков.  Возможно образование гололедицы.   К вечеру возможны затруднения движения в центре города, на ТТК и МКАД, поэтому планируйте маршрут заранее.  Будьте внимательны за рулем. Соблюдайте скоростной режим и дистанцию.  Хорошего дня 💚
19925;2025-01-09;16;weather_alert;0;;;https://t.me/DtOperativno/19925;1️⃣2️⃣3️⃣4️⃣5️⃣6️⃣7️⃣ ЦОДД: ночью синоптики прогнозируют мокрый снег – будьте внимательны за рулем  По прогнозам синоптиков, до завтрашнего утра в некоторых районах города ожидаются мокрый снег, дождь. Возможно образование гололедицы. Рекомендуем завтра утром для поездок использовать городской транспорт.  Соблюдайте скоростной режим и дистанцию, не отвлекайтесь на телефон во время движения. Особенно будьте аккуратны вблизи пешеходных переходов, на мостах и эстакадах.  За обстановкой на дорогах круглосуточно следят Ситуационный центр и экипажи Дорожного патруля ЦОДД.
19927;2025-01-09;17;tram_route_change;1;11|17|25;;https://t.me/DtOperativno/19927;На улице Бориса Галушкина (в районе остановки «Ярославская улица») по техническим причинам задерживаются трамваи № 11, 17 и 25.  Маршруты временно изменены. Будьте внимательны, следите за объявлениями водителей.
19928;2025-01-09;17;tram_route_change;1;11|17|25;;https://t.me/DtOperativno/19928;На улице Бориса Галушкина (в районе остановки «Ярославская улица») по техническим причинам задерживаются трамваи № 11, 17 и 25.  Маршруты временно изменены. Будьте внимательны, следите за объявлениями водителей.
19929;2025-01-10;7;weather_alert;0;;;https://t.me/DtOperativno/19929;Доброе утро!  По прогнозу синоптиков, сегодня в городе ожидается снег с дождем.  Возможно образование гололедицы.   В связи с коротким рабочим днём вечерний разъезд начнётся сегодня раньше — около 16:00. Рекомендуем выезжать до него или отложить поездку на более позднее время.   Будьте внимательны за рулем. Соблюдайте скоростной режим и дистанцию.  Хорошего дня 💚
19934;2025-01-10;11;weather_alert;0;;;https://t.me/DtOperativno/19934;1️⃣2️⃣3️⃣4️⃣ ЦОДД: в Москве идёт дождь — будьте внимательны за рулём и соблюдайте дистанцию.  По прогнозам синоптиков, дождь будет идти в течение дня. Утром и вечером температура воздуха составит около 0°С. Возможно образование гололедицы.   Воспользуйтесь городским транспортом для поездок по городу. Если поездок на машине не избежать, рекомендуем водителям:  🔹 соблюдать скоростной режим и дистанцию. 🔹 избегать резких торможений и ускорений. 🔹 не отвлекаться на телефон во время движения.  🔹 быть особенно аккуратными вблизи пешеходных переходов, а также на подъемах и спусках с мостов и эстакад.
19956;2025-01-12;15;closure;0;;;https://t.me/DtOperativno/19956;❗️Из-за возгорания нежилого здания на улице Ягодная в районе д. 15 перекрыто движение.   На месте работают оперативные службы. Пожалуйста, выбирайте пути объезда.
19957;2025-01-12;17;closure;0;;;https://t.me/DtOperativno/19957;❗️Из-за возгорания нежилого здания на улице Ягодная в районе д. 15 перекрыто движение.   На месте работают оперативные службы. Пожалуйста, выбирайте пути объезда.
19961;2025-01-13;10;closure;0;;2025-01-15|2025-10-15;https://t.me/DtOperativno/19961;С 15 января до 15 октября 2025 г. будут закрыты для движения съезд с Открытого шоссе на Московский скоростной диаметр (СВХ) и участок местного проезда в районе владения 9, строение 1 по Открытому шоссе. Это связано с проведением строительных работ.   Рекомендуем заранее планировать маршрут с учётом перекрытий.   Также на участке 6-го проезда Подбельского будут закрыты парковка и 2 полосы движения. Обращайте внимание на знаки.   Подробнее — на инфографике👆
19966;2025-01-14;7;weather_alert;0;;;https://t.me/DtOperativno/19966;Доброе утро!  По прогнозу синоптиков, сегодня в городе ожидается снег.  Возможно образование гололедицы.   К вечеру возможны затруднения движения в центре города, на ТТК и МКАД.  Просим водителей избегать резких маневров, соблюдать дистанцию и скоростной режим, особенно на подъемах и спусках с мостов и эстакад.  Пусть ваша поездка будет безопасной и комфортной 💚
19976;2025-01-15;9;closure;0;;;https://t.me/DtOperativno/19976;"🚀 В 5 баллов оценивается ситуация на дороге по данным ЦОДД — рекомендуем использовать городской транспорт для поездок в течение дня.   Интенсивное движение сейчас на:  🔹 Дмитровском шоссе по направлению в центр; 🔹 Ленинском проспекте по направлению в центр; 🔹 внутренней стороне Садового кольца от Большого Краснохолмского моста до улицы Крымский Вал.  Свободно сейчас на:  🔹 Рублевском шоссе; 🔹 Проспекте Маршала Жукова; 🔹 МКАД в обе стороны от Ярославского шоссе до шоссе Энтузиастов.  Вечером ожидаем локальные затруднения в центральной части города, на МКАД в районе Варшавского и Ленинградского "
19978;2025-01-15;10;closure;0;;2025-01-10|2025-01-20|2025-04-20;https://t.me/DtOperativno/19978;С 20 января до 20 апреля 2025 г. участок дублёра шоссе Энтузиастов будет закрыт для проезда. Это связано с проведением работ по строительству эстакады.   Рекомендуем заранее планировать маршрут с учётом перекрытия.   Также в период с 10 января до 20 апреля 2025 г. на участках шоссе Энтузиастов будет недоступна для движения 1 полоса.   Подробнее — на инфографике👆
19979;2025-01-15;10;closure;0;;2025-01-20|2025-09-01;https://t.me/DtOperativno/19979;С 20 января 2025 г. до 1 сентября 2027 г. будет закрыт для проезда участок Кленового бульвара. Это связано с проведением строительных работ.   Рекомендуем заранее планировать маршрут с учётом перекрытия.   Подробнее — на инфографике👆
19982;2025-01-15;15;closure;0;;;https://t.me/DtOperativno/19982;❗️На проспекте Генерала Дорохова, 9с5 (в районе Минской улицы) произошло столкновение двух автомобилей. На месте работают оперативные службы города.  Обстоятельства произошедшего и информация о пострадавших уточняются. Движение в сторону МКАД полностью перекрыто. Выбирайте пути объезда.
19983;2025-01-15;15;closure;0;;;https://t.me/DtOperativno/19983;❗️На проспекте Генерала Дорохова, 9с5 (в районе Минской улицы) произошло столкновение двух автомобилей. На месте работают оперативные службы города.  Обстоятельства произошедшего и информация о пострадавших уточняются. Движение в сторону МКАД полностью перекрыто.…
19988;2025-01-16;7;weather_alert;0;;;https://t.me/DtOperativno/19988;Доброе утро!  По прогнозу синоптиков, сегодня в городе ожидается мокрый снег. Возможно образование гололедицы.  Для поездок по городу рекомендуем использовать городской транспорт.   Хорошего дня 💚
19989;2025-01-16;14;closure;0;;;https://t.me/DtOperativno/19989;"1️⃣1️⃣2️⃣3️⃣4️⃣5️⃣6️⃣7️⃣6️⃣ ЦОДД: вечером в Москве ожидается мокрый снег — для поездок рекомендуем использовать метро  Интенсивное движение сейчас на:  🔹 внутренней стороне МКАД в районе Варшавского шоссе;  🔹 внешней стороне ТТК в районе Бережковского моста; 🔹 внутренней стороне ТТК в районе Чурской эстакады.  Свободно сейчас в оба направления на:  🔹 Проспекте Маршала Жукова; 🔹 Волоколамском шоссе; 🔹 Рублевском шоссе; 🔹 Можайском шоссе.  Вечером ожидаем локальные затруднения в центральной части города, на МКАД и вылетных магистралях по направлению в область.   Для поездок по возможности исполь"
19990;2025-01-16;18;closure|weather_alert;0;;;https://t.me/DtOperativno/19990;"1️⃣1️⃣2️⃣3️⃣4️⃣5️⃣6️⃣7️⃣ ЦОДД: в городе идет ледяной дождь — просим использовать метро для поездок  По прогнозам синоптиков, пограничная температура сегодня вечером и завтра утром — 0°С. Возможно образование гололедицы.  Интенсивное движение сейчас на:  🔹 Шоссе Энтузиастов по направлению в область; 🔹 Ярославском шоссе по направлению в центр; 🔹 Садовом кольце от улицы Земляной Вал до Новинского бульвара.  Свободное движение на:  🔹 Проспекте Маршала Жукова в оба направления; 🔹 Липецкой улице в оба направления; 🔹 Ленинградском шоссе по направлению в центр; 🔹 Волоколамском шоссе по направлению в ц"
19995;2025-01-17;7;weather_alert;0;;;https://t.me/DtOperativno/19995;Доброе утро!  По прогнозу синоптиков, сегодня в городе будет облачно. Возможно образование гололедицы.   В связи с коротким рабочим днём вечерний разъезд начнётся сегодня раньше — около 16:00. Рекомендуем выезжать до него или отложить поездку на более позднее время.   Будьте внимательны за рулем. Соблюдайте скоростной режим и дистанцию.  Хорошего дня 💚
19997;2025-01-17;11;closure;0;;;https://t.me/DtOperativno/19997;"1️⃣1️⃣2️⃣3️⃣4️⃣5️⃣6️⃣  ЦОДД: в Москве местами идет дождь — используйте сегодня городской транспорт для поездок  Интенсивное движение сейчас на:  🔹 внешней стороне ТТК от Рижской до Савеловской эстакады; 🔹 внутренней стороне ТТК в районе Тульской эстакады; 🔹 Ленинградском проспекте по направлению в центр.  Во второй половине дня ожидаем локальные затруднения на:  🔹 ТТК в районе Беговой улицы в оба направления; 🔹 ТТК в районе улицы Сущевский Вал; 🔹 Садовом кольце в районе Таганской площади.  Вечерний разъезд начнется сегодня раньше — около 16:00. Рекомендуем выезжать до него или отложить поездки"
20005;2025-01-17;18;closure;0;;;https://t.me/DtOperativno/20005;"🚀 В 6 баллов оценивается ситуация на дороге по данным ЦОДД — рекомендуем выезжать на машине после 19:00 или использовать городской транспорт   Интенсивное движение сейчас на:  🔹 внешней стороне Садового кольца от Маяковского тоннеля до Смоленской площади; 🔹 внешней стороне ТТК от Нижегородской эстакады до Бережковского моста; 🔹 внешней стороне МКАД в районе Каширского шоссе.  Свободно сейчас на:  🔹 Ярославском шоссе в оба направления; 🔹 внешней стороне МКАД от Осташковского шоссе до Бусиновского проезда; 🔹 Рублевском шоссе по направлению в область.  На движение влияют:   🔹 погодные условия; 🔹 "
20021;2025-01-21;10;closure;0;;2025-01-22;https://t.me/DtOperativno/20021;22 января в период с 12:00 до 17:00 участок Живописной улицы будет закрыт для проезда. Это связано с проведением экспозиции пожарно-спасательной техники.   Рекомендуем заранее планировать маршрут с учётом перекрытия.   Подробнее — на инфографике👆
20024;2025-01-21;17;tram_route_change;1;1;;https://t.me/DtOperativno/20024;На Чертановской улице (в районе остановки «Чертаново Центральное») из-за ДТП на путях задерживаются трамваи № 1 и 16.  Маршруты временно изменены. Будьте внимательны, следите за объявлениями водителей.
20025;2025-01-21;17;tram_route_change;1;1;;https://t.me/DtOperativno/20025;На Чертановской улице (в районе остановки «Чертаново Центральное») из-за ДТП на путях задерживаются трамваи № 1 и 16.  Маршруты временно изменены. Будьте внимательны, следите за объявлениями водителей.
20030;2025-01-22;8;closure;0;;2025-01-22;https://t.me/DtOperativno/20030;22 января в период с 12:00 до 17:00 участок Живописной улицы будет закрыт для проезда. Это связано с проведением экспозиции пожарно-спасательной техники.   Рекомендуем заранее планировать маршрут с учётом перекрытия.   Подробнее — на инфографике👆
20032;2025-01-22;22;closure;0;;;https://t.me/DtOperativno/20032;❗️На Уральской улице в районе дома 19 временно перекрыто движение транспорта.   Пожалуйста, выбирайте пути объезда.
20033;2025-01-22;22;closure;0;;;https://t.me/DtOperativno/20033;❗️На Уральской улице в районе дома 19 временно перекрыто движение транспорта.   Пожалуйста, выбирайте пути объезда.
20034;2025-01-23;7;weather_alert;0;;;https://t.me/DtOperativno/20034;Доброе утро!  По прогнозу синоптиков, сегодня в городе ожидается снег.  Возможно образование гололедицы.   К вечеру возможны затруднения движения в центре города, на ТТК и МКАД.  Просим водителей избегать резких маневров, соблюдать дистанцию и скоростной режим, особенно на подъемах и спусках с мостов и эстакад.  Пусть ваша поездка будет безопасной и комфортной 💚
20035;2025-01-23;9;weather_alert;0;;;https://t.me/DtOperativno/20035;1️⃣2️⃣3️⃣4️⃣5️⃣6️⃣7️⃣ ЦОДД: сегодня синоптики прогнозируют снег – будьте внимательны за рулем  По прогнозам синоптиков, сегодня в течение дня в некоторых районах города ожидается снег. Возможно образование гололедицы. Рекомендуем для поездок использовать городской транспорт.  Соблюдайте скоростной режим и дистанцию, не отвлекайтесь на телефон во время движения. Особенно будьте аккуратны вблизи пешеходных переходов, на мостах и эстакадах.  За обстановкой на дорогах круглосуточно следят Ситуационный центр и экипажи Дорожного патруля ЦОДД.
20036;2025-01-23;17;closure;0;;2025-01-24|2025-06-30;https://t.me/DtOperativno/20036;С 24 января до 30 июня будет закрыт проезд между Луганской улицей и Новоцарицынским шоссе. Это связано с проведением строительных работ.   Рекомендуем заранее планировать маршрут с учётом перекрытия.   Подробнее — на инфографике👆
20046;2025-01-24;7;weather_alert;0;;;https://t.me/DtOperativno/20046;Доброе утро!  По прогнозу синоптиков, сегодня в городе ожидается небольшой снег. Возможно образование гололедицы.  В связи с коротким рабочим днём вечерний разъезд начнётся сегодня раньше — около 16:00. Рекомендуем выезжать до него или отложить поездку на более позднее время.   Будьте внимательны за рулем. Соблюдайте скоростной режим и дистанцию.  Хорошего дня 💚
20055;2025-01-25;13;closure;0;;2025-01-27|2025-07-30;https://t.me/DtOperativno/20055;С 27 января до 30 июля улица Красный Луг будет закрыта для проезда. Это связано с проведением строительных работ.   Рекомендуем заранее планировать маршрут с учётом перекрытия.   Подробнее — на инфографике👆
20062;2025-01-27;10;closure;0;;2025-01-31|2025-12-30;https://t.me/DtOperativno/20062;С 31 января до 30 декабря участок Лучникова переулка будет закрыт для проезда. Это связано с проведением работ по ремонту здания.   Рекомендуем заранее планировать маршрут с учётом перекрытия.   Также на участках Лучникова переулка будет запрещена парковка и организовано двустороннее движение. Обращайте внимание на знаки.   Подробнее — на инфографике👆
20066;2025-01-27;17;closure;0;;2025-01-28;https://t.me/DtOperativno/20066;28 января с 12:00 до 17:00 участок Живописной улицы будет закрыт для проезда. Это связано с проведением экспозиции пожарно-спасательной техники.   Рекомендуем заранее планировать маршрут с учётом перекрытия.   Подробнее — на инфографике👆
20083;2025-01-28;16;tram_route_change;1;50;;https://t.me/DtOperativno/20083;На Сущёвской улице (в районе остановки «Метро Новослободская») из-за ДТП на путях задерживаются трамваи № 50.  Маршрут временно изменен. Будьте внимательны, следите за объявлениями водителей.
20084;2025-01-28;18;tram_route_change;1;50;;https://t.me/DtOperativno/20084;На Сущёвской улице (в районе остановки «Метро Новослободская») из-за ДТП на путях задерживаются трамваи № 50.  Маршрут временно изменен. Будьте внимательны, следите за объявлениями водителей.
20114;2025-02-05;7;weather_alert;0;;;https://t.me/DtOperativno/20114;Доброе утро!  По прогнозу синоптиков, сегодня в городе ожидается небольшой снег.  Возможно образование гололедицы.   К вечеру возможны затруднения движения в центре города, на ТТК и МКАД.   Рекомендуем водителям соблюдать дистанцию, скоростной режим и избегать резких маневров, особенно на подъемах и спусках с мостов и эстакад.  Берегите себя и удачной дороги 💚
20134;2025-02-10;10;closure;0;;2025-02-23;https://t.me/DtOperativno/20134;15, 16, 22 и 23 февраля в период с 00:01 до 05:00 будут закрыты для проезда проспект Багратиона и съезды в районе пересечений проспекта Багратиона с МКАД, улицей Кубинкой, Рублëвским шоссе, Кутузовским проспектом, Проектируемым проездом № 1033, Шелепихинской набережной и Третьим транспортным кольцом. Это связано с проведением работ.   Рекомендуем заранее планировать маршрут с учётом перекрытий.   Также на участке Проектируемого проезда № 1033 будет недоступна для движения 1 полоса.   Подробнее — на инфографике👆
20135;2025-02-10;14;closure;0;;2025-02-13;https://t.me/DtOperativno/20135;13 февраля с 06:00 до 18:00 Малый Кисельный переулок будет закрыт для проезда. Это связано с проведением мероприятия.   Рекомендуем заранее планировать маршрут с учётом перекрытия.   Подробнее — на инфографике👆
20167;2025-02-14;13;closure;0;;2025-02-19|2025-05-17|2025-09-17;https://t.me/DtOperativno/20167;С 19 февраля до 17 сентября участки Иркутской улицы будут закрыты для проезда. Это связано с проведением работ по реконструкции инженерных сетей.   На одном из участков перекрытия будет запрещена парковка. Обращайте внимание на знаки.   Рекомендуем заранее планировать маршрут с учётом перекрытий.   Также напоминаем, что до 17 мая на участках Байкальской и Иркутской улиц недоступны для движения 1-2 полосы.   Подробнее — на инфографике👆
20181;2025-02-16;0;closure;0;;;https://t.me/DtOperativno/20181;❗️На внешней стороне Садового кольца (в районе Октябрьского тоннеля) произошло возгорание автомобиля.  Обстоятельства произошедшего и информация о пострадавших уточняются. Движение в Октябрьском тоннеле перекрыто в обе стороны. Пожалуйста, выбирайте пути объезда.
20182;2025-02-16;1;closure;0;;;https://t.me/DtOperativno/20182;❗️На внешней стороне Садового кольца (в районе Октябрьского тоннеля) произошло возгорание автомобиля.  Обстоятельства произошедшего и информация о пострадавших уточняются. Движение в Октябрьском тоннеле перекрыто в обе стороны. Пожалуйста, выбирайте пути объезда.
20183;2025-02-16;2;closure;0;;;https://t.me/DtOperativno/20183;❗️На внешней стороне Садового кольца (в районе Октябрьского тоннеля) произошло возгорание автомобиля.  Обстоятельства произошедшего и информация о пострадавших уточняются. Движение в Октябрьском тоннеле перекрыто в обе стороны. Пожалуйста, выбирайте пути объезда.
20190;2025-02-17;10;closure;0;;2025-02-20|2025-10-20;https://t.me/DtOperativno/20190;С 20 февраля до 20 октября в период с 02:00 до 05:30 участок Иловайской улицы будет закрыт для проезда. Это связано с проведением ремонтных работ.   Рекомендуем заранее планировать маршрут с учётом перекрытия.   Подробнее — на инфографике👆
20193;2025-02-17;10;closure;0;;2025-02-22|2025-03-20|2025-09-01;https://t.me/DtOperativno/20193;С 22 февраля 2025 г. до 1 сентября 2027 г. участок Кленового бульвара будет закрыт для проезда. Это связано с проведением строительных работ.   Рекомендуем заранее планировать маршрут с учётом перекрытия.   Также с 22 февраля до 20 марта 2025 г. на участке Кленового бульвара будет недоступна для движения 1 полоса.   Подробнее — на инфографике👆
20229;2025-02-20;14;closure;0;;;https://t.me/DtOperativno/20229;"1️⃣1️⃣2️⃣3️⃣4️⃣5️⃣6️⃣7️⃣ ЦОДД: дорожная ситуация оценивается в 4 балла по данным ЦОДД — для поездок в течение дня используйте метро  Интенсивное движение сейчас на:   🔹 ТТК в районе Савеловской и Тульской эстакад; 🔹 внешней стороне МКАД в районе Волоколамского шоссе.  Во второй половине дня ожидаем локальные затруднения на:  🔹 ТТК в районе Савеловской, Хорошевской и Тульской эстакад; 🔹 Садовом кольце в районе Житной улицы, Таганской площади, а также Москворецкой и Кремлевской набережных.  В вечерний разъезд рекомендуем использовать городской транспорт. Если поездок на автомобиле не избежать, т"
20238;2025-02-21;14;closure;0;;;https://t.me/DtOperativno/20238;"😊 ЦОДД: сегодня короткий рабочий день — выезжайте на авто до 16:00 или после 19:00  По данным ЦОДД, на дорогах сейчас 5 баллов. Интенсивное движение наблюдаем на:  🔹 внутренней стороне ТТК в районе улицы Сущевский Вал; 🔹 внутренней стороне МКАД в районе Каширского шоссе; 🔹 Волоколамском шоссе по направлению в центр.   На движение влияют короткий рабочий день, дорожные работы, локальные ограничения движения, а также мелкие ДТП. Рекомендуем сегодня использовать городской транспорт, а поездки на авто отложить на более позднее время — после 19:00. Так вы сэкономите время в пути:  🔹 из центра город"
20243;2025-02-21;17;closure;0;;;https://t.me/DtOperativno/20243;"ЦОДД: на дорогах 6 баллов по данным ЦОДД. До 19:00 для поездок в центр используйте метро.  Средняя скорость движения в городе — 25 км/ч.  Интенсивное движение сейчас на:  🔹 ТТК в районе Рижской эстакады в оба направления; 🔹 внешней стороне Садового кольца от улицы Земляной Вал до Новинского бульвара; 🔹 внутренней стороне Садового кольца от Таганской площади до Зубовского бульвара.  Свободно сейчас по направлению в область на:  🔹 Люблинской улице; 🔹 Мичуринском проспекте; 🔹 Кутузовском проспекте.  На движение влияют:  🔹 короткий рабочий день; 🔹 локальные ограничения движения; 🔹 ремонтные работы"
20255;2025-02-24;10;closure;0;;2025-02-28|2025-04-25;https://t.me/DtOperativno/20255;С 28 февраля до 25 апреля участок улицы Наташи Ковшовой будет закрыт для проезда. Это связано с проведением строительных работ.   Рекомендуем заранее планировать маршрут с учётом перекрытия.   Подробнее — на инфографике👆
20288;2025-02-26;13;tram_route_change;1;7|11;;https://t.me/DtOperativno/20288;❗️На Краснобогатырской улице по техническим причинам задерживаются трамваи № 7, 11 и 46.   Маршруты временно изменены. Будьте внимательны, следите за объявлениями водителей.
20289;2025-02-26;13;tram_route_change;1;7|11;;https://t.me/DtOperativno/20289;❗️На Краснобогатырской улице по техническим причинам задерживаются трамваи № 7, 11 и 46.   Маршруты временно изменены. Будьте внимательны, следите за объявлениями водителей.
20291;2025-02-26;21;closure;0;;;https://t.me/DtOperativno/20291;❗️На Тверском бульваре в районе д.26  произошло ДТП с участием нескольких автомобилей.   На месте работают оперативные службы города. Обстоятельства произошедшего и информация о пострадавших уточняются.  Движение в районе ДТП полностью перекрыто, выбирайте пути объезда.
20292;2025-02-26;21;closure;0;;;https://t.me/DtOperativno/20292;❗️На Тверском бульваре в районе д.26  произошло ДТП с участием нескольких автомобилей.   На месте работают оперативные службы города. Обстоятельства произошедшего и информация о пострадавших уточняются.  Движение в районе ДТП полностью перекрыто, выбирайте…
20302;2025-02-27;12;closure;0;;2025-03-01|2025-03-02|2025-03-03|2025-03-04|2025-03-05|2025-03-06|2025-03-07|2025-03-08|2025-03-09|2025-03-10|2025-03-11|2025-03-12|2025-03-13|2025-03-14|2025-03-15|2025-03-16|2025-03-17|2025-03-18|2025-03-19|2025-03-20|2025-03-21|2025-03-22|2025-03-23;https://t.me/DtOperativno/20302;В выходные дни с 1 по 23 марта, кроме 8-9 марта, изменится схема движения в центральной и юго-западной частях Москвы  В это время пройдёт строительство перехода, поэтому участок «Октябрьская» – «Новые Черёмушки» Калужско-Рижской линии метро будет временно закрыт.   Для комфорта пассажиров будут ездить бесплатные автобусы вдоль закрытых станций. А чтобы их проезд был без задержек, мы изменим схему движения транспорта на этот период:  Что поменяется:  🔹 На улице Профсоюзная и проспекте 60-летия Октября перед пересечениями с другими улицами (Вавилова, Дмитрия Ульянова, Нахимовский проспект, Гариб
20305;2025-02-27;16;closure;0;;;https://t.me/DtOperativno/20305;"1️⃣1️⃣2️⃣3️⃣4️⃣5️⃣6️⃣7️⃣ ЦОДД: движение в центральной части города интенсивное — для поездок в течение дня используйте метро  Средняя скорость движения в городе — 33 км/ч.  На движение могут повлиять:  🔹 локальные ограничения движения; 🔹 ремонтные работы на дороге; 🔹 мелкие ДТП.  Интенсивное движение сейчас в оба направления на:  🔹 Садовом кольце в районе Валовой улицы; 🔹 ТТК в районе Лужнецкой эстакады; 🔹 Большом Каменном мосту.  Свободно сейчас в оба направления на:  🔹 Проспекте Маршала Жукова; 🔹 Рублевском шоссе; 🔹 Волоколамском шоссе.  За ситуацией на дорогах круглосуточно следят Ситуацион"
20315;2025-02-28;15;closure;0;;;https://t.me/DtOperativno/20315;"😊 ЦОДД: сегодня короткий рабочий день — выезжайте на авто до 16:00 или после 19:00  По данным ЦОДД, на дорогах сейчас 4 балла. Интенсивное движение наблюдаем на:  🔹 внутренней стороне МКАД в районе Ленинградского шоссе; 🔹 Садовом кольце в районе Сухаревской площади в оба направления;  🔹 внутренней стороне ТТК в районе улицы Сущёвский Вал.   На движение могут повлиять короткий рабочий день, дорожные работы и мелкие ДТП, а также локальные ограничения движения. Рекомендуем сегодня использовать городской транспорт, а поездки на авто отложить на более позднее время — после 19:00. Так вы сэкономите "
20330;2025-03-01;17;closure;0;;2025-03-16|2025-03-23;https://t.me/DtOperativno/20330;1️⃣2️⃣3️⃣4️⃣5️⃣ Напоминаем, сегодня и завтра, а также 15, 16 марта и 22, 23 марта действуют временные ограничения движения для водителей вдоль закрытых станций участка Калужско-Рижской линии метро.  Движение в районе ограничений рабочее. На месте дежурят 4 экипажа Дорожного патруля ЦОДД. Сотрудники помогают регулировать потоки машин для свободного движения КМ автобусов. Ситуационный центр ЦОДД также следит за дорожной обстановкой.  Просим водителей заранее планировать маршрут и учитывать изменения.
20336;2025-03-03;9;tram_route_change;1;17;;https://t.me/DtOperativno/20336;На проспекте Мира (в районе остановки «Улица Докукина») задерживаются трамваи № 17.  Маршрут временно изменен. Будьте внимательны, следите за объявлениями водителей.
20337;2025-03-03;9;tram_route_change;1;17;;https://t.me/DtOperativno/20337;На проспекте Мира (в районе остановки «Улица Докукина») задерживаются трамваи № 17.  Маршрут временно изменен. Будьте внимательны, следите за объявлениями водителей.
20343;2025-03-03;17;closure;0;;;https://t.me/DtOperativno/20343;"1️⃣1️⃣2️⃣3️⃣4️⃣5️⃣6️⃣7️⃣ ЦОДД: движение в центральной части города интенсивное — для поездок используйте метро  Средняя скорость движения в городе — 35 км/ч.  На движение могут повлиять:  🔹 погодные условия; 🔹 локальные ограничения движения; 🔹 ремонтные работы на дороге; 🔹 мелкие ДТП.  Интенсивное движение сейчас в оба направления на:  🔹 Садовом кольце в районе Валовой улицы; 🔹 внутренней стороне ТТК в районе Чурской эстакады; 🔹 улице Знаменка.  Локальные затруднения движения вечером ожидаем на:  🔹 ТТК в районе улицы Сущевский Вал в оба направления; 🔹 Ярославском шоссе по направлению в область"
20344;2025-03-03;23;closure;0;;;https://t.me/DtOperativno/20344;❗️На внешней стороне 107 км МКАД (в районе съезда №0) произошло ДТП. На месте работают оперативные службы города. Обстоятельства произошедшего и информация о пострадавших уточняются.  Движение перекрыто. Пожалуйста, выбирайте пути объезда.
20345;2025-03-04;0;closure;0;;;https://t.me/DtOperativno/20345;❗️На внешней стороне 107 км МКАД (в районе съезда №0) произошло ДТП. На месте работают оперативные службы города. Обстоятельства произошедшего и информация о пострадавших уточняются.  Движение перекрыто. Пожалуйста, выбирайте пути объезда.
20347;2025-03-04;9;closure;0;;;https://t.me/DtOperativno/20347;"ЦОДД: Движение в центральной части города интенсивное — для поездок используйте метро  В 5 баллов оценивается ситуация на дороге по данным ЦОДД. Средняя скорость движения в городе — 28 км/ч.  Интенсивное движение сейчас на:  🔹 внутренней стороне ТТК от Велозаводской улицы до Тульской эстакады; 🔹 Ленинградском проспекте по направлению в центр; 🔹 внешней стороне ТТК от Рижской до Савеловской эстакады.  Свободно сейчас на:  🔹 Лужнецкой эстакаде в оба направления; 🔹 Рублевском шоссе в оба направления; 🔹 Садовом кольце в районе Садовой-Кудринской улицы.  В вечерний разъезд рекомендуем использовать "
20357;2025-03-05;12;tram_route_change;1;;;https://t.me/DtOperativno/20357;На Сходненской улице (в районе остановки «Метро Сходненская») из-за ДТП на путях задерживаются трамваи № 6.  Маршрут временно изменен. Будьте внимательны, следите за объявлениями водителей.
20358;2025-03-05;12;closure;0;;;https://t.me/DtOperativno/20358;"1️⃣1️⃣2️⃣3️⃣4️⃣5️⃣6️⃣7️⃣ Дорожная ситуация в городе оценивается в 4 балла по данным ЦОДД — для поездок в течение дня используйте метро  Интенсивное движение сейчас на:  🔹 внешней стороне ТТК от Русаковской до Савеловской эстакады;  🔹 внутренней стороне Садового кольца от улицы Земляной Вал до Житной улицы; 🔹 внутренней стороне ТТК от Хорошевской до Савеловской эстакады.  Во второй половине дня ожидаем локальные затруднения движения на:  🔹 внешней стороне ТТК от Рижской до Савеловской эстакады; 🔹 внешней стороне МКАД в районе Варшавского шоссе в оба направления; 🔹 Садовом кольце в районе Таганс"
20359;2025-03-05;12;tram_route_change;1;;;https://t.me/DtOperativno/20359;На Сходненской улице (в районе остановки «Метро Сходненская») из-за ДТП на путях задерживаются трамваи № 6.  Маршрут временно изменен. Будьте внимательны, следите за объявлениями водителей.
20367;2025-03-06;12;closure;0;;;https://t.me/DtOperativno/20367;"1️⃣1️⃣2️⃣3️⃣4️⃣5️⃣6️⃣7️⃣ Дорожная ситуация в городе оценивается в 4 балла по данным ЦОДД — для поездок в течение дня используйте метро  Интенсивное движение сейчас на:  🔹 внутренней стороне Садового кольца в районе Валовой улицы;  🔹 Москворецкой набережной;  🔹 внутренней стороне ТТК в районе Беговой улицы.   Во второй половине дня ожидаем локальные затруднения движения на:  🔹 внешней стороне Садового кольца в районе Садовой-Самотечной улицы;  🔹 ТТК в районе улицы Сущевский Вал в оба направления;  🔹 Бульварном кольце в районе Петровского бульвара.   В вечерний разъезд рекомендуем использовать г"
20369;2025-03-06;15;closure;0;;;https://t.me/DtOperativno/20369;"1️⃣1️⃣2️⃣3️⃣4️⃣5️⃣6️⃣7️⃣ ЦОДД: в 5 баллов оценивается дорожная ситуация. Для поездок используйте метро — движение в центральной части города интенсивное  Средняя скорость движения в городе — 31 км/ч.  Интенсивное движение сейчас на:  🔹 внешней стороне Садового кольца в районе Садовой-Триумфальной улицы; 🔹 внешней стороне Бульварного кольца в районе Сретенского бульвара; 🔹 ТТК в районе Лужнецкой эстакады в оба направления.  Свободно сейчас в оба направления на:  🔹 улице Новый Арбат; 🔹 Комсомольском проспекте; 🔹 Садовом кольце в районе улицы Крымский Вал.  На движение влияют:  🔹 увеличение числа"
20395;2025-03-07;15;closure;0;;2025-03-10|2025-04-19;https://t.me/DtOperativno/20395;С 10 марта 2025 г. до 19 апреля 2030 г. участок Новинского бульвара будет закрыт для проезда. Это связано с проведением строительных работ.  Рекомендуем заранее планировать маршрут с учётом перекрытия.  Также на участках Конюшковской улицы, Большого Девятинского и Новинского переулков будет недоступна для движения 1 полоса.  На участке Новинского переулка будет организовано одностороннее движение в сторону Большого Девятинского переулка. Обращайте внимание на знаки.  Подробнее – на инфографике👆
20404;2025-03-08;10;tram_route_change;1;7|50;;https://t.me/DtOperativno/20404;На Краснопрудной улице (в районе остановки «Метро Красносельская») из-за повреждения контактной сети сторонним транспортом задерживаются трамваи № 4, 7, 13, 37, 43 и 50.   Маршруты временно изменены. Будьте внимательны, следите за объявлениями водителей.
20405;2025-03-08;11;tram_route_change;1;7|50;;https://t.me/DtOperativno/20405;На Краснопрудной улице (в районе остановки «Метро Красносельская») из-за повреждения контактной сети сторонним транспортом задерживаются трамваи № 4, 7, 13, 37, 43 и 50.   Маршруты временно изменены. Будьте внимательны, следите за объявлениями водителей.
20406;2025-03-08;15;closure;0;;;https://t.me/DtOperativno/20406;❗️На внутренней стороне 99 км МКАД (в районе съезда №102) произошло ДТП с двумя автомобилями. На месте работают оперативные службы города. Обстоятельства произошедшего и информация о пострадавших уточняются.  Движение на месте ДТП временно перекрыто. Пожалуйста, выбирайте пути объезда.
20409;2025-03-08;16;closure;0;;;https://t.me/DtOperativno/20409;❗️На внутренней стороне 99 км МКАД (в районе съезда №102) произошло ДТП с двумя автомобилями. На месте работают оперативные службы города. Обстоятельства произошедшего и информация о пострадавших уточняются.  Движение на месте ДТП временно перекрыто. Пожалуйста…
20438;2025-03-13;8;closure;0;;;https://t.me/DtOperativno/20438;❗️Из-за возгорания автомобиля перекрыто движение в тоннеле под Калужским ш. На месте работают оперативные службы города.  Обстоятельства произошедшего и информация о пострадавших уточняются. Выбирайте пути объезда.
20439;2025-03-13;8;closure;0;;;https://t.me/DtOperativno/20439;❗️Из-за возгорания автомобиля перекрыто движение в тоннеле под Калужским ш. На месте работают оперативные службы города.  Обстоятельства произошедшего и информация о пострадавших уточняются. Выбирайте пути объезда.
20444;2025-03-13;12;closure;0;;;https://t.me/DtOperativno/20444;В связи с возгоранием на 3-й Хорошевской улице от Проектируемого проезда №1316 до Новохорошевского проезда временно закрыто движение для транспорта. Возможен объезд через улицу Народного Ополчения.
20446;2025-03-13;13;closure;0;;;https://t.me/DtOperativno/20446;В связи с возгоранием на 3-й Хорошевской улице от Проектируемого проезда №1316 до Новохорошевского проезда временно закрыто движение для транспорта. Возможен объезд через улицу Народного Ополчения.
20447;2025-03-13;15;closure;0;;;https://t.me/DtOperativno/20447;"1️⃣1️⃣2️⃣3️⃣4️⃣5️⃣6️⃣7️⃣ Дорожная ситуация в городе оценивается в 4 балла по данным ЦОДД — для поездок в центр в течение дня используйте метро  Интенсивное движение сейчас на:  🔹 ТТК в районе Бережковского моста в оба направления;  🔹 внешней стороне ТТК в районе Лужнецкой эстакады;  🔹 ТТК в районе улицы Сущевский Вал в оба направления.   Во второй половине дня ожидаем локальные затруднения движения на:  🔹 Садовом кольце; 🔹 Бульварном кольце;  🔹 набережных в центре города.   В вечерний разъезд рекомендуем использовать городской транспорт. Если поездок на автомобиле не избежать, то отложите их н"
20453;2025-03-14;10;tram_works|tram_route_change;1;50;2025-03-15;https://t.me/DtOperativno/20453;⚠️ С 15 марта по выходным трамваи не будут ходить через МИИТ.   Трамваи 50 поедут через Перуновский переулок без заезда к МИИТу.   Маршрут автобуса с510 в эти дни продлевается по маршруту трамвая 50 до метро «Новослободская».   Начинаем ремонтировать трамвайные пути на пересечении Трифоновской улицы и улицы Образцова. Работы ведутся в рамках восстановления линии на Трифоновской улице и будут проходить только по выходным. По будням трамваи и автобусы на этом участке поедут по своим обычным маршрутам
20454;2025-03-14;10;tram_works|new_line;1;;2025-03-17;https://t.me/DtOperativno/20454;⚠️ С 17 марта автобусы 519, с510 по Трифоновской улице к Рижскому вокзалу временно будут ходить через улицу Верземнека и ТТК.   Остановка «Улица Гиляровского» в сторону Рижского вокзала переносится на ТТК, к выходу 7 станции метро «Рижская».   В обратном направлении автобусы будут ходить как обычно.   На Трифоновской улице продолжается восстановление трамвайной линии. Теперь работы будут проходить на участке между улицами Щепкина и Гиляровского.
20457;2025-03-14;14;closure;0;;;https://t.me/DtOperativno/20457;"😊 ЦОДД: сегодня пятница — короткий рабочий день.  Рекомендуем выезжать на авто до 15:00 или после 19:00.  По данным ЦОДД, на дорогах сейчас 3 балла. Интенсивное движение наблюдаем на:  🔹 внутренней стороне ТТК в районе Чурской эстакады;  🔹 Садовом кольце в районе Смоленского бульвара;  🔹 Проспекте Мира по направлению в центр.   На движение влияют:  🔹 короткий рабочий день; 🔹 погодные условия; 🔹 локальные ограничения движения; 🔹 дорожные работы и мелкие ДТП.  Рекомендуем сегодня использовать городской транспорт или отложить поездки на авто на более позднее время — после 19:00. Так вы сэкономите"
20464;2025-03-14;19;closure;0;;2025-03-17|2025-05-30;https://t.me/DtOperativno/20464;С 17 марта до 30 мая участки бульвара Академика Ландау и местного проезда в районе дома 1А, корпус 15 по Челобитьевскому шоссе будут закрыты для движения. Это связано с проведением строительных работ.  Рекомендуем заранее планировать маршрут с учётом перекрытий.   Подробнее – на инфографике👆
20465;2025-03-14;19;tram_route_change;1;26;;https://t.me/DtOperativno/20465;На Большой Черёмушкинской улице (в районе остановки «Черёмушки») задерживаются трамваи № 26 и 38.  Маршруты временно изменены. Будьте внимательны, следите за объявлениями водителей.
20466;2025-03-14;21;tram_route_change;1;26;;https://t.me/DtOperativno/20466;На Большой Черёмушкинской улице (в районе остановки «Черёмушки») задерживаются трамваи № 26 и 38.  Маршруты временно изменены. Будьте внимательны, следите за объявлениями водителей.
20467;2025-03-14;22;tram_route_change;1;;;https://t.me/DtOperativno/20467;На улице Дубки (в районе остановки «Префектура САО») из-за дерева, наклонившегося на контактную сеть, задерживаются трамваи № 27 и 29.  Маршруты временно изменены. Будьте внимательны, следите за объявлениями водителей.
20468;2025-03-14;22;tram_route_change;1;;;https://t.me/DtOperativno/20468;На улице Дубки (в районе остановки «Префектура САО») из-за дерева, наклонившегося на контактную сеть, задерживаются трамваи № 27 и 29.  Маршруты временно изменены. Будьте внимательны, следите за объявлениями водителей.
20469;2025-03-15;5;tram_works;1;;;https://t.me/DtOperativno/20469;Вместо трамваев работают автобусы: от остановки «Метро Профсоюзная» до остановки «Даниловский рынок».
20470;2025-03-15;20;tram_route_change;1;;;https://t.me/DtOperativno/20470;На Кожевнической улице (в районе остановки «Кожевническая улица») из-за ДТП на путях задерживаются трамваи № А и 38.  Маршруты временно изменены. Будьте внимательны, следите за объявлениями водителей.
20471;2025-03-15;21;tram_route_change;1;;;https://t.me/DtOperativno/20471;На Кожевнической улице (в районе остановки «Кожевническая улица») из-за ДТП на путях задерживаются трамваи № А и 38.  Маршруты временно изменены. Будьте внимательны, следите за объявлениями водителей.
20472;2025-03-15;21;tram_route_change;1;;;https://t.me/DtOperativno/20472;На Кожевнической улице (в районе остановки «Кожевническая улица») из-за ДТП на путях задерживаются трамваи № А и 38.  Маршруты временно изменены. Будьте внимательны, следите за объявлениями водителей.
20473;2025-03-15;23;tram_route_change;1;;;https://t.me/DtOperativno/20473;На Кожевнической улице (в районе остановки «Кожевническая улица») из-за ДТП на путях задерживаются трамваи № А и 38.  Маршруты временно изменены. Будьте внимательны, следите за объявлениями водителей.
20481;2025-03-17;7;weather_alert;0;;;https://t.me/DtOperativno/20481;1️⃣2️⃣3️⃣4️⃣5️⃣6️⃣7️⃣ ЦОДД: в городе местами идет снег, на дорогах возможно образование гололедицы – будьте внимательны за рулем  Рекомендуем для поездок использовать городской транспорт.  Соблюдайте скоростной режим и дистанцию, не отвлекайтесь на телефон во время движения. Особенно будьте аккуратны вблизи пешеходных переходов, на мостах и эстакадах.  За обстановкой на дорогах 24/7 следят Ситуационный центр и экипажи Дорожного патруля ЦОДД.
20482;2025-03-17;7;weather_alert;0;;;https://t.me/DtOperativno/20482;Доброе утро!  Сегодня в городе пасмурно, ожидается небольшой снег. Возможно образование гололедицы ❄️  К вечеру возможны затруднения движения в центре города, на ТТК и МКАД.  Просим водителей избегать резких маневров, соблюдать дистанцию и скоростной режим, особенно на подъемах и спусках с мостов и эстакад.  Будьте аккуратны и внимательны за рулем 💚
20485;2025-03-17;9;weather_alert;0;;;https://t.me/DtOperativno/20485;🛴 Операторы аренды электросамокатов и велосипедов поставили поездки на паузу до улучшения погодных условий. Поездки в дождь, снег и гололед могут быть небезопасными.   С возвращением плюсовой температуры сервисы аренды продолжат работу.   Рекомендуем владельцам личных самокатов и велосипедов отказаться от поездок в это время и пользоваться городским транспортом.   Будьте осторожными на дороге 🧡  👍 Дептранс Москвы
20488;2025-03-17;14;closure;0;;;https://t.me/DtOperativno/20488;❗️В связи с восстановительными работами на участке дублера Полярной улицы в районе дома 29, строение 6 и до пересечения с Чермянской улицей временно закрыто движение для транспорта. Рекомендуем использовать для объезда улицу Широкая.  Экипаж Дорожного патруля ЦОДД помогает регулировать движение на месте. Просим выбирать маршрут заранее.
20489;2025-03-18;7;weather_alert;0;;;https://t.me/DtOperativno/20489;Доброе утро!  По прогнозу синоптиков, сегодня в городе ожидается ясная погода, без осадков. Возможно образование гололедицы.  Вечером возможны локальные затруднения в центре, на ТТК и МКАД.   Будьте внимательны за рулём! Соблюдайте дистанцию, избегайте резких маневров и не отвлекайтесь на телефон.  Хорошего дня 💚
20497;2025-03-18;13;closure;0;;;https://t.me/DtOperativno/20497;"1️⃣1️⃣2️⃣3️⃣4️⃣5️⃣6️⃣7️⃣ Дорожная ситуация в городе оценивается в 4 балла по данным ЦОДД — для поездок в центр в течение дня используйте метро  Интенсивное движение сейчас на:  🔹 внутренней стороне ТТК в районе Звенигородского шоссе;  🔹 внешней стороне Садового кольца в районе Садовой-Спасской улицы;  🔹 Пречистенской набережной в направлении Кремлевской набережной.   Во второй половине дня ожидаем локальные затруднения движения на:  🔹 ТТК в районе Беговой улицы; 🔹 Садовом кольце в районе Садовой-Самотечной улицы;  🔹 внешней стороне Бульварного кольца в районе Рождественского бульвара.   В вече"
20499;2025-03-18;17;closure;0;;2025-03-20|2025-06-05;https://t.me/DtOperativno/20499;С 20 марта до 5 июня будет закрыт для движения съезд с улицы Богатырский Мост на Ростокинский проезд. Это связано с проведением строительных работ.   Рекомендуем заранее планировать маршрут с учётом перекрытия.  Также в период с 20 марта до 5 июня на участках Ростокинского проезда и местного проезда в районе дома 21 по Краснобогатырской улице будут недоступны для движения 1-2 полосы.   Подробнее – на инфографике👆
20502;2025-03-19;20;closure;0;;;https://t.me/DtOperativno/20502;❗️Из-за возгорания на территории стройплощадки по адресу Ленинградский проспект, д. вл8 перекрыто движение по ул. 3-я Ямского Поля.   На месте работают оперативные службы города. Обстоятельства произошедшего и информация о пострадавших уточняются.   Будьте внимательны и выбирайте пути объезда.
20503;2025-03-19;21;closure;0;;;https://t.me/DtOperativno/20503;❗️Из-за возгорания на территории стройплощадки по адресу Ленинградский проспект, д. вл8 перекрыто движение по ул. 3-я Ямского Поля.   На месте работают оперативные службы города. Обстоятельства произошедшего и информация о пострадавших уточняются.   Будьте…
20505;2025-03-20;7;tram_route_change;1;;;https://t.me/DtOperativno/20505;На Варшавском шоссе (в районе остановки «Даниловская мануфактура») задерживаются трамваи № 3, 16, 47 и 49.  Маршруты временно изменены. Будьте внимательны, следите за объявлениями водителей.
20506;2025-03-20;8;tram_route_change;1;;;https://t.me/DtOperativno/20506;На Варшавском шоссе (в районе остановки «Даниловская мануфактура») задерживаются трамваи № 3, 16, 47 и 49.  Маршруты временно изменены. Будьте внимательны, следите за объявлениями водителей.
20507;2025-03-20;16;tram_works|tram_route_change;1;28;;https://t.me/DtOperativno/20507;На Живописной улице задерживаются трамваи № 28 и 31.  Маршруты временно изменены. Вместо трамваев работают автобусы – от остановки «Проспект Маршала Жукова» до метро «Щукинская».    Будьте внимательны, следите за объявлениями водителей.
20508;2025-03-20;16;tram_works|tram_route_change;1;28;;https://t.me/DtOperativno/20508;На Живописной улице задерживаются трамваи № 28 и 31.  Маршруты временно изменены. Вместо трамваев работают автобусы – от остановки «Проспект Маршала Жукова» до метро «Щукинская».    Будьте внимательны, следите за объявлениями водителей.
20531;2025-03-21;20;closure;0;;2025-03-22|2025-09-30;https://t.me/DtOperativno/20531;С 22 марта до 30 сентября участок местного проезда в районе дома 54, строение 2 по улице Поляны будет закрыт для движения. Это связано с проведением строительных работ.  Рекомендуем заранее планировать маршрут с учётом перекрытия.  Подробнее – на инфографике👆
20532;2025-03-21;20;closure;0;;2025-03-24|2025-08-29;https://t.me/DtOperativno/20532;С 24 марта до 29 августа участок Кленового бульвара будет закрыт для проезда. Это связано с проведением строительных работ.  Рекомендуем заранее планировать маршрут с учётом перекрытия.  Также на участке Коломенской улицы будет недоступна для движения 1 полоса.  Подробнее – на инфографике👆
20539;2025-03-22;11;closure;0;;;https://t.me/DtOperativno/20539;❗️Из-за произошедшего ДТП на Михалковской улице перекрыто движение по дублеру Б. Академической ул. в районе д. 1/51 по Михалковской ул. Также перекрыт разворот с дублера на дублер.
20541;2025-03-22;14;closure;0;;;https://t.me/DtOperativno/20541;❗️Из-за произошедшего ДТП на Михалковской улице перекрыто движение по дублеру Б. Академической ул. в районе д. 1/51 по Михалковской ул. Также перекрыт разворот с дублера на дублер.
20550;2025-03-24;13;closure;0;;;https://t.me/DtOperativno/20550;❗️На улице Зубовская в районе д.2  в связи с пожаром перекрыто движение по ул. Тимура Фрунзе от Зубовской ул., до ул. Тимура Фрунзе, 11с7. На месте работают оперативные службы города.  Обстоятельства произошедшего и информация о пострадавших уточняются. Пожалуйста, выбирайте пути объезда.
20551;2025-03-24;13;closure;0;;;https://t.me/DtOperativno/20551;❗️На улице Зубовская в районе д.2  в связи с пожаром перекрыто движение по ул. Тимура Фрунзе от Зубовской ул., до ул. Тимура Фрунзе, 11с7. На месте работают оперативные службы города.  Обстоятельства произошедшего и информация о пострадавших уточняются. Пожалуйста…
20552;2025-03-24;13;closure;0;;;https://t.me/DtOperativno/20552;❗️На улице Зубовская в районе д.2  в связи с пожаром перекрыто движение по ул. Тимура Фрунзе от Зубовской ул., до ул. Тимура Фрунзе, 11с7. На месте работают оперативные службы города.  Обстоятельства произошедшего и информация о пострадавших уточняются. Пожалуйста…
20553;2025-03-24;15;closure;0;;;https://t.me/DtOperativno/20553;❗️На улице Зубовская в районе д.2  в связи с пожаром перекрыто движение по ул. Тимура Фрунзе от Зубовской ул., до ул. Тимура Фрунзе, 11с7. На месте работают оперативные службы города.  Обстоятельства произошедшего и информация о пострадавших уточняются. Пожалуйста…
20554;2025-03-24;16;closure;0;;;https://t.me/DtOperativno/20554;❗️По информации Госавтоинспекции Москвы, на 83 км внутренней стороны МКАД произошло ДТП с участием трех автомобилей.   Ограничено движение транспорта по 4 из 5 полос. Выбирайте маршруты объезда
20555;2025-03-24;18;closure;0;;;https://t.me/DtOperativno/20555;❗️По информации Госавтоинспекции Москвы, на 83 км внутренней стороны МКАД произошло ДТП с участием трех автомобилей.   Ограничено движение транспорта по 4 из 5 полос. Выбирайте маршруты объезда
20556;2025-03-24;19;weather_alert;0;;;https://t.me/DtOperativno/20556;1️⃣2️⃣3️⃣4️⃣5️⃣ ЦОДД: завтра синоптики прогнозируют дождь — рекомендуем для поездок использовать метро  По прогнозу синоптиков, завтра в Москве ожидаются сильный дождь и ветер.  Будьте внимательны за рулем. Избегайте резких маневров, соблюдайте дистанцию и скоростной режим.  Не оставляйте автомобиль и не стойте сами вблизи деревьев и шатких конструкций.  За ситуацией на дорогах 24/7 следят Ситуационный центр и Дорожный патруль ЦОДД.
20572;2025-03-25;18;closure;0;;;https://t.me/DtOperativno/20572;"1️⃣1️⃣2️⃣3️⃣4️⃣5️⃣6️⃣7️⃣  На дорогах — 6 баллов по данным ЦОДД.   Средняя скорость движения в городе — 23 км/ч.  Интенсивное движение сейчас на:  🔹 внутренней стороне ТТК от Новолужнецкой до Новорижской эстакады; 🔹 внешней стороне Садового кольца от улицы Земляной Вал до Оружейного переулка; 🔹 внешней стороне МКАД от Каширского до Щелковского шоссе.  Свободно сейчас по направлению в область на Бесединском, Ярославском и Волоколамском шоссе.  На движение влияют:  🔹 низкие скорости из-за погодных условий; 🔹 локальные ограничения движения; 🔹 дорожные работы и мелкие ДТП.  За ситуацией на дороге с"
20574;2025-03-26;10;tram_works|tram_route_change;1;;2025-03-29|2025-03-30;https://t.me/DtOperativno/20574;⚠️ С 22:00 29 марта до полудня 30 марта трамваи не будут ходить между Каланчёвской улицей и Белорусским вокзалом.   В это время трамваи поедут по изменённым маршрутам:   🔹7 – от метро «Бульвар Рокоссовского» до Каланчёвской улицы   🔹50 – от ДК «Компрессор» (метро «Авиамоторная») до Каланчёвской улицы   Вместо трамваев пользуйтесь автобусами, их маршруты будут изменены:   🔹м5 – продлевается от метро «Достоевская» через площадь Борьбы и Лесную улицу до Белорусского вокзала   🔹с510 – продлён от Тихвинской улицы до метро «Новослободская» (изменение действует все выходные – 29 и 30 марта)   Также п
20575;2025-03-26;14;closure;0;;;https://t.me/DtOperativno/20575;"1️⃣1️⃣2️⃣3️⃣4️⃣5️⃣6️⃣7️⃣ Дорожная ситуация в городе оценивается в 4 балла по данным ЦОДД — для поездок в центр в течение дня используйте метро  Интенсивное движение сейчас на:  🔹 внутренней стороне ТТК в районе Андреевского моста;  🔹 внешней стороне Садового кольца в районе Садовой-Спасской улицы;  🔹 Ленинградском проспекте по направлению в центр перед Тверским путепроводом.   Во второй половине дня ожидаем локальные затруднения движения на:  🔹 внутренней стороне ТТК в районе Беговой улицы; 🔹 внешней стороне Садового кольца в районе Садовой-Самотечной улицы;  🔹 внутренней стороне Садового коль"
20631;2025-03-31;11;closure;0;;2025-04-09;https://t.me/DtOperativno/20631;9 апреля с 02:00 до 02:20 участок МКАД в районе дома 1 по 1-му Покровскому проезду будет закрыт для движения. Это связано с проведением строительных работ.  Рекомендуем заранее планировать маршрут с учётом перекрытия.  Подробнее – на инфографике👆
20638;2025-04-01;9;closure;0;;;https://t.me/DtOperativno/20638;"1️⃣2️⃣3️⃣4️⃣ ЦОДД: в городе местами идет дождь — для поездок рекомендуем использовать городской транспорт  По прогнозам синоптиков, сегодня и завтра в городе будет дождь.  Движение оценивается в 3 балла по данным ЦОДД.   Интенсивное движение сейчас на:  🔹 внутренней стороне ТТК от Звенигородского шоссе до улицы Новая Башиловка; 🔹 внешней стороне ТТК от Рижской до Савеловской эстакады; 🔹 Ленинградском проспекте по направлению в центр.  Во второй половине дня локальные ограничения движения ожидаем на:  🔹 внешней стороне ТТК в районе Бережковского моста; 🔹 внутренней стороне МКАД в районе Варшавс"
20648;2025-04-02;16;closure;0;;;https://t.me/DtOperativno/20648;❗️На внешней стороне 18-го км МКАД произошло ДТП с участием нескольких автомобилей. На месте работают оперативные службы города. Обстоятельства произошедшего и информация о пострадавших уточняются.  Движение перекрыто по трём полосам из пяти и затруднено на 7 км. Пожалуйста, выбирайте пути объезда.
20649;2025-04-02;20;closure;0;;;https://t.me/DtOperativno/20649;❗️На внешней стороне 18-го км МКАД произошло ДТП с участием нескольких автомобилей. На месте работают оперативные службы города. Обстоятельства произошедшего и информация о пострадавших уточняются.  Движение перекрыто по трём полосам из пяти и затруднено на…
20656;2025-04-03;21;closure;0;;;https://t.me/DtOperativno/20656;❗️В связи с возгоранием в жилом доме по адресу Павелецкая пл., д.1 перекрыто движение по ул. Кожевническая.   На месте работают оперативные службы города. Обстоятельства произошедшего и информация о пострадавших уточняются.   Будьте внимательны и выбирайте пути объезда.
20657;2025-04-03;21;closure;0;;;https://t.me/DtOperativno/20657;❗️В связи с возгоранием в жилом доме по адресу Павелецкая пл., д.1 перекрыто движение по ул. Кожевническая.   На месте работают оперативные службы города. Обстоятельства произошедшего и информация о пострадавших уточняются.   Будьте внимательны и выбирайте…
20659;2025-04-04;11;tram_works|tram_route_change;1;17;2025-04-05;https://t.me/DtOperativno/20659;⚠️ С 5 апреля по выходным трамваи не будут ходить в Медведково.   В эти дни маршрут 17 будет укорочен – трамваи поедут от остановки «Останкино» до Сельскохозяйственной улицы.   Трамвайная остановка «Сельскохозяйственная улица» в сторону остановки «Медведково» будет работать для посадки пассажиров в сторону метро «ВДНХ».   Вместо трамваев – автобус 017 от ВДНХ (главный вход) до остановки «Медведково».   Изменения – на время ремонта трамвайных путей на улице Менжинского. Основные работы будут проводиться только по выходным – по будням трамваи поедут по своему обычному маршруту.
20663;2025-04-04;16;tram_route_change;1;50;2025-04-05;https://t.me/DtOperativno/20663;✅ С 5 апреля по выходным восстанавливается движение трамваев через МИИТ.   Трамваи 50 вновь ходят по своему маршруту.   Автобусы с510 вместо метро «Новослободская» снова ходят до Тихвинской улицы.
20671;2025-04-04;19;weather_alert;0;;2025-04-06;https://t.me/DtOperativno/20671;1️⃣2️⃣3️⃣4️⃣5️⃣6️⃣7️⃣ ЦОДД: в выходные синоптики прогнозируют снег — будьте внимательны и аккуратны за рулем  По прогнозам синоптиков, 5 и 6 апреля в Москве местами ожидается снег. Температура в субботу и воскресенье может опуститься ниже 0°С. Возможно образование гололедицы.   Если вы уже поменяли резину, советуем в выходные воспользоваться городским транспортом для поездок.  Просим автомобилистов:   🔹 Соблюдать скоростной режим и дистанцию. 🔹 Не совершать резких маневров. 🔹 Не отвлекаться на телефон во время движения.   За ситуацией на дороге 24/7 следят Ситуационный центр и экипажи Дорожног
20673;2025-04-04;20;mass_event;1;;2025-04-05;https://t.me/DtOperativno/20673;Информация о том, что Парад трамваев состоится 5 апреля, не соответствует действительности.   Следите за информацией только на наших официальных ресурсах. Прежде всего — в Telegram-канале «Дептранс Москвы».
20678;2025-04-05;23;closure;0;;;https://t.me/DtOperativno/20678;❗️В связи с возгоранием в жилом доме по адресу ул. Лесная, д. 35 движение по 2-Лесному пер. в сторону ул. Бутырский Вал временно перекрыто.  На месте работают оперативные службы города. Обстоятельства произошедшего и информация о пострадавших уточняются.   Будьте внимательны и выбирайте пути объезда.
20679;2025-04-06;0;closure;0;;;https://t.me/DtOperativno/20679;❗️В связи с возгоранием в жилом доме по адресу ул. Лесная, д. 35 движение по 2-Лесному пер. в сторону ул. Бутырский Вал временно перекрыто.  На месте работают оперативные службы города. Обстоятельства произошедшего и информация о пострадавших уточняются. …
20683;2025-04-06;8;weather_alert;0;;;https://t.me/DtOperativno/20683;1️⃣2️⃣3️⃣4️⃣5️⃣ Сегодня и завтра будет идти снег. ЦОДД рекомендует выезжать только на зимней резине.   По прогнозу синоптиков, сегодня и до вторника в Москве обещают снег и сильный ветер. Также возможна гололедица.  Если вы уже заменили зимнюю резину на летнюю, то рекомендуем использовать для поездок городской транспорт.  Просим водителей избегать резких маневров, соблюдать дистанцию и скоростной режим. Особенно будьте аккуратны на подъемах и спусках с мостов и эстакад.  За обстановкой на дорогах круглосуточно следят Ситуационный центр и экипажи Дорожного патруля ЦОДД.
20685;2025-04-06;9;weather_alert;0;;;https://t.me/DtOperativno/20685;Сегодня и завтра по прогнозу снег.  Максим Ликсутов напомнил, что поездки в снег и гололед могут быть опасными. Поэтому операторы аренды электросамокатов и велосипедов поставили сервисы на паузу до улучшения погодных условий.   С возвращением хорошей погоды они продолжат работу.   Рекомендуем владельцам личных самокатов и велосипедов отказаться от поездок в это время и пользоваться городским транспортом.   Будьте осторожными на дороге 🧡  👍 Дептранс Москвы
20687;2025-04-06;19;weather_alert;0;;;https://t.me/DtOperativno/20687;1️⃣2️⃣3️⃣4️⃣5️⃣ В Москве продолжается снегопад — завтра рекомендуем выезжать только на зимней резине или использовать городской транспорт.  По прогнозу синоптиков, до вторника в Москве обещают снег и сильный ветер. Также возможна гололедица.  Если вы уже заменили зимнюю резину на летнюю, то рекомендуем использовать для поездок городской транспорт.  Просим водителей избегать резких маневров, соблюдать дистанцию и не отвлекаться на телефон во время движения. Напоминаем, что вблизи пешеходных переходов нужно заранее снижать скорость.   За ситуацией на дороге 24/7 следит Ситуационный центр ЦОДД.
20691;2025-04-07;6;closure;0;;;https://t.me/DtOperativno/20691;Станция «Крылатское» временно закрыта для проверки инфраструктуры.  Поезда проезжают станцию без остановки.
20692;2025-04-07;7;weather_alert;0;;;https://t.me/DtOperativno/20692;Доброе утро!  По прогнозу синоптиков, сегодня в городе ожидается снег и сильный ветер. Возможно образование гололедицы ❄️  Рекомендуем выезжать только на зимней резине или использовать городской транспорт.   Берегите себя 💚
20693;2025-04-07;8;closure;0;;;https://t.me/DtOperativno/20693;Станция «Крылатское» временно закрыта для проверки инфраструктуры.  Поезда проезжают станцию без остановки.
20694;2025-04-07;8;closure;0;;;https://t.me/DtOperativno/20694;Станция «Крылатское» временно закрыта для проверки инфраструктуры.  Поезда проезжают станцию без остановки.
20709;2025-04-08;7;weather_alert;0;;;https://t.me/DtOperativno/20709;Доброе утро!  По прогнозу синоптиков, сегодня в городе ожидается снег. Возможно образование гололедицы ❄️  Рекомендуем выезжать только на зимней резине или использовать городской транспорт.   Пусть ваша поездка будет безопасной и комфортной 💚
20710;2025-04-08;10;weather_alert;0;;;https://t.me/DtOperativno/20710;1️⃣1️⃣2️⃣3️⃣4️⃣5️⃣6️⃣7️⃣ ЦОДД: Снегопад в Москве продолжится — сегодня и завтра рекомендуем выезжать только на зимней резине или использовать городской транспорт  По прогнозам синоптиков, до завтрашнего утра в городе будет снегопад. Также возможна гололедица.  Просим водителей:  🔹 Соблюдать скоростной режим и дистанцию. 🔹 Быть особенно внимательными на подъемах и спусках с мостов и эстакад. 🔹 Не совершать резких ускорений и торможений. 🔹 Не отвлекаться на телефон во время движения.  Если вы уже заменили зимнюю резину на летнюю, то рекомендуем использовать для поездок городской транспорт.  За о
20713;2025-04-08;10;closure;0;;2025-04-10|2025-04-12;https://t.me/DtOperativno/20713;С 12 апреля 2025 г. до 10 апреля 2026 г. участок 2-го Обыденского переулка будет закрыт для проезда. Это связано с проведением строительных работ.  Рекомендуем заранее планировать маршрут с учётом перекрытия.  Также на двух участках 2-го Обыденского переулка будет временно запрещена парковка и организовано двустороннее движение. Обращайте внимание на знаки.  Подробнее – на инфографике👆
20716;2025-04-08;17;weather_alert;0;;;https://t.me/DtOperativno/20716;"1️⃣1️⃣2️⃣3️⃣4️⃣5️⃣6️⃣7️⃣ ЦОДД: в Москве снегопад — будьте внимательны и аккуратны за рулем  Дорожная ситуация оценивается в 3 балла по данным ЦОДД. В течение дня для поездок используйте городской транспорт.   Интенсивное движение сейчас на:  🔹 внутренней стороне МКАД в районе Ленинградского шоссе; 🔹 внутренней стороне ТТК в районе Беговой улицы; 🔹 Ярославском шоссе по направлению в область.  Вечером ожидаем локальные затруднения на:  🔹 ТТК в районе улицы Сущевский Вал; 🔹 Ленинградском шоссе по направлению в область; 🔹 ТТК в районе Тульской эстакады.  Для поездок по возможности используйте горо"
20717;2025-04-09;7;weather_alert;0;;;https://t.me/DtOperativno/20717;Доброе утро!  По прогнозу синоптиков, сегодня в городе ожидается снег. Возможно образование гололедицы ❄️  Рекомендуем выезжать только на зимней резине или использовать городской транспорт.   Будьте аккуратны и внимательны 💚
20718;2025-04-10;7;weather_alert;0;;;https://t.me/DtOperativno/20718;Доброе утро!  По прогнозу синоптиков, сегодня в городе ожидается снег. Возможно образование гололедицы ❄️  Рекомендуем выезжать только на зимней резине или использовать городской транспорт.   Берегите себя 💚
20721;2025-04-10;9;mass_event;0;;2025-04-24;https://t.me/DtOperativno/20721;17 и 24 апреля с 14:10 до конца мероприятия вместо Тверской улицы автобусы м40 и н10 пойдут по Цветному бульвару — будет проводиться 47-й Московский международный кинофестиваль.  Пользуйтесь автобусами е30 и метро.
20736;2025-04-11;15;closure;0;;2025-04-29;https://t.me/DtOperativno/20736;ЦОДД: 13, 20, 27 и 29 апреля будет временно закрыто движение для транспорта вблизи кладбищ.  13, 20, 27 и 29 апреля с 6:00 до 16:00 будет:  🔹 закрыто движение на ряде улиц вблизи кладбищ в некоторых районах ВАО, ЮЗАО, ЮАО, САО, ЗАО, СЗАО, ТиНАО. 🔹 организована выделенная полоса в СЗАО на Пятницком шоссе по направлению в область от улицы Барышиха до съезда на Митинское кладбище. 🔹 отменен левый поворот на разворотную площадку в Проектируемом проезде № 5557 в районе владения 1.  Также обращаем внимание, что будет временно запрещена остановка и стоянка: 🔹 в Волоколамском проезде от Волоколамского
20742;2025-04-11;18;closure;0;;2025-04-28|2025-05-05;https://t.me/DtOperativno/20742;13, 14, 20, 21, 28 апреля и 4, 5 мая в период с 00:01 до 05:00 участки проспекта Багратиона будут закрыты для проезда. Это связано с проведением строительных работ.   Рекомендуем заранее планировать маршрут с учётом перекрытия.   Подробнее – на инфографике👆
20747;2025-04-12;18;closure;0;;;https://t.me/DtOperativno/20747;❗️В связи с возгоранием по адресу 5-я Парковая улица, д. 54к2 временно перекрыто движение по Сиреневому бульвару от ул. 7-я Парковая до ул. 5-я Парковая.  Движение восстановлено в 22:40.
20749;2025-04-12;19;closure;0;;;https://t.me/DtOperativno/20749;ЦОДД: напоминаем, что завтра будет временно закрыто движение для транспорта вблизи кладбищ.  С 6:00 до 16:00 будет:  🔹 закрыто движение на ряде улиц вблизи кладбищ в некоторых районах ВАО, ЮЗАО, ЮАО, САО, ЗАО, СЗАО, ТиНАО. 🔹 организована выделенная полоса в СЗАО на Пятницком шоссе по направлению в область от улицы Барышиха до съезда на Митинское кладбище. 🔹 отменен левый поворот на разворотную площадку в Проектируемом проезде № 5557 в районе владения 1.  Также обращаем внимание, что будет временно запрещена остановка и стоянка: 🔹 в Волоколамском проезде от Волоколамского шоссе до проезда Страт
20750;2025-04-12;20;weather_alert;0;;;https://t.me/DtOperativno/20750;"1️⃣2️⃣3️⃣4️⃣5️⃣6️⃣7️⃣ ЦОДД: до завтрашнего утра в Москве прогнозируют мокрый снег — рекомендуем для поездок использовать городской транспорт   По прогнозам синоптиков, сегодня ночью и завтра утром в городе ожидается мокрый снег. Возможно образование гололедицы.  Автомобилистам рекомендуем:  🔹 Соблюдать скоростной режим и дистанцию; 🔹 Не отвлекаться на телефон во время движения; 🔹 Не парковать машину под деревьями и шаткими конструкциями; 🔹 Быть особенно аккуратными на подъемах и спусках с мостов и эстакад, а также вблизи пешеходных переходов.  За обстановкой на дорогах круглосуточно следят Сит"
20764;2025-04-14;10;closure;0;;2025-04-18;https://t.me/DtOperativno/20764;18 апреля с 10:00 до 16:00 участок Сходненской улицы и Западный Тушинский мост будут закрыты для проезда. Это связано с проведением киносъёмок.   Рекомендуем заранее планировать маршрут с учётом перекрытия.  Подробнее – на инфографике👆
20767;2025-04-14;12;closure;0;;;https://t.me/DtOperativno/20767;По информации Госавтоинспекции Москвы, на участке Рябиновой улицы от дома 14 до перекрестка с Верейской улицей ограничено движение. Пожалуйста, выбирайте пути объезда.
20768;2025-04-14;12;closure;0;;;https://t.me/DtOperativno/20768;По информации Госавтоинспекции Москвы, на участке Рябиновой улицы от дома 14 до перекрестка с Верейской улицей ограничено движение. Пожалуйста, выбирайте пути объезда.
20790;2025-04-16;8;closure|mass_event;1;;2025-04-19;https://t.me/DtOperativno/20790;ЦОДД: В связи с проведением Парада трамваев 19 апреля будет временно закрыто движение на участке улицы Шаболовка.  19 апреля:  🔹 С 11:00 до 13:00 движение будет закрыто на улице Шаболовка от проезда Апакова до дома 6, строение 10 по улице Шаболовка.   🔹 Также с 11:00 до 13:00 не более 10 минут будет временно закрыто движение на участке улиц Шаболовка, Серпуховский Вал, Даниловский Вал, а также в Холодильном переулке и в местном проезде от дома 3, строение 3 до дома 3 по Варшавскому шоссе.  Будьте внимательны, стройте маршрут заранее с учетом временных ограничений. Подробнее читайте здесь.  👍 Д
20791;2025-04-16;11;closure|mass_event;0;;2025-04-16|2025-04-17|2025-04-18|2025-04-23|2025-04-24|2025-04-25;https://t.me/DtOperativno/20791;ЦОДД: В связи с проведением Московского Международного кинофестиваля будет временно закрыто движение для транспорта в районе Пушкинской площади.  Движение будет закрыто с 14:30 17 апреля до 01:00 18 апреля и с 14:30 24 апреля до 01:00 25 апреля:  🔹 в Большом Путинковском переулке от Нарышкинского проезда до Тверской улицы 🔹 на Пушкинской площади от Большого Путинковского переулка до Страстного бульвара 🔹 на улице Малая Дмитровка от Настасьинского переулка до Большого Путинковского переулка  Также с 22:00 16 апреля до 03:00 18 апреля и с 22:00 23 апреля до 03:00 25 апреля 1 крайняя полоса будет
20793;2025-04-16;15;closure;0;;;https://t.me/DtOperativno/20793;"ЦОДД: Движение в центральной части города интенсивное — для поездок используйте городской транспорт  В 5 баллов оценивается ситуация на дороге по данным ЦОДД. Средняя скорость движения в городе — 31 км/ч.  Интенсивное движение сейчас на:  🔹 ТТК в районе Тульской эстакады и в районе улицы Сущевский Вал; 🔹 Садовом кольце в районе Садовой-Триумфальной улицы.  Во второй половине дня ожидаем локальные затруднения в центральной части города, на ТТК и на МКАД в районе Варшавского шоссе.  В вечерний разъезд рекомендуем использовать городской транспорт. Если поездок на автомобиле не избежать, то отложи"
20798;2025-04-16;17;closure;0;;;https://t.me/DtOperativno/20798;"1️⃣1️⃣2️⃣3️⃣4️⃣5️⃣6️⃣7️⃣ ЦОДД: Движение оценивается в 7 баллов по данным ЦОДД — для поездок рекомендуем использовать городской транспорт  Скорость движения потока в городе — 27 км/ч.   Интенсивное движение сейчас на:  🔹 внутренней стороне Садового кольца в районе Смоленского бульвара; 🔹 ТТК в районе улицы Новая Башиловка; 🔹 ТТК в районе Лужнецкой эстакады.  Свободно сейчас в оба направления на Рублевском, Каширском шоссе и Мичуринском проспекте.  На движение влияют:  🔹 локальные ограничения движения; 🔹 ремонтные работы на дороге; 🔹 мелкие ДТП.  Будьте аккуратны: соблюдайте скоростной режим и д"
20809;2025-04-17;10;closure|mass_event;0;;2025-04-18;https://t.me/DtOperativno/20809;"1️⃣1️⃣2️⃣3️⃣4️⃣5️⃣6️⃣7️⃣ Сегодня для поездок во второй половине дня рекомендуем использовать городской транспорт  Напоминаем, что сегодня с 14:30 до 01:00 18 апреля в связи с проведением кинофестиваля будет временно закрыто движение для транспорта в районе Пушкинской площади.  Сейчас интенсивное движение наблюдаем на:  🔹 внешней стороне Садового кольца от Садовой-Черногрязской улицы до Садовой-Самотечной; 🔹 внешней стороне ТТК от Рижской до Савеловской эстакады; 🔹 внутренней стороне ТТК в районе Киевского путепровода.  Во второй половине дня ожидаем локальные затруднения в центральной части го"
20824;2025-04-17;14;tram_route_change;1;17;2025-04-19;https://t.me/DtOperativno/20824;✅ С 19 апреля по выходным восстанавливается движение трамваев в Медведково.   Трамваи 17 вновь ходят по своему маршруту.   Временный маршрут автобуса 017 больше не работает.
20827;2025-04-17;17;closure;0;;2025-04-18|2025-05-11;https://t.me/DtOperativno/20827;С 00:01 18 апреля до 23:59 11 мая участки Шоссейного проезда и Проектируемого проезда № 3502 будут закрыты для движения. Это связано с проведением мероприятий.   Рекомендуем заранее планировать маршрут с учётом перекрытия.  Также на участке Шоссейного проезда будет временно запрещена парковка. Обращайте внимание на знаки.  Подробнее – на инфографике👆
20829;2025-04-18;8;closure;0;;2025-04-20;https://t.me/DtOperativno/20829;ЦОДД: В связи с проведением Крестного хода 20 апреля будет временно закрыто движение на ряде улиц в центре:  Движение будет закрыто с 00:01 до 00:20: 🔹 на улице Петровка от Петровского бульвара до Крапивенского переулка. 🔹 в Крапивенском переулке от Петровского бульвара до улицы Петровка. 🔹 на Петровском бульваре от Крапивенского переулка до улицы Петровка.  Будьте внимательны при построении маршрута. Подробнее — на сайте.
20832;2025-04-18;10;closure;0;;2025-04-18|2025-04-19;https://t.me/DtOperativno/20832;1️⃣2️⃣3️⃣4️⃣5️⃣6️⃣7️⃣8️⃣ ЦОДД: Напоминаем, что в сегодня ночью будет временно закрыто движение на участках МКАД и Волгоградского проспекта.  Кратковременно в период с 22:00 18 апреля до 02:00 19 апреля будет временно закрыто движение:  🔹 по внешней стороне МКАД от Минского до Новорязанского шоссе.  🔹 на Новорязанском шоссе от дома 3, корпус 1 до МКАД. 🔹 на Волгоградском проспекте от МКАД до ТТК.  🔹 в Проектируемом проезде № 3502. 🔹 в Шоссейном проезде.  Просим водителей заранее строить маршрут с учетом временных ограничений движения.  Подробнее на сайте.
20845;2025-04-18;16;closure;0;;2025-04-19|2025-04-20;https://t.me/DtOperativno/20845;В период с 16:00 19 апреля до 04:00 20 апреля Соймоновский проезд и участок улицы Волхонки будут закрыты для движения. Это связано с проведением мероприятия.  Рекомендуем заранее планировать маршрут с учётом перекрытия.  Подробнее – на инфографике👆
20846;2025-04-18;16;closure;0;;2025-04-19;https://t.me/DtOperativno/20846;19 апреля с 23:30 до 23:59 участки Коптевского бульвара будут закрыты для проезда. Это связано с проведением мероприятия «Пасхальный Крестный ход».   Рекомендуем заранее планировать маршрут с учётом перекрытия.  Подробнее – на сайте
20852;2025-04-19;12;closure;0;;2025-04-20;https://t.me/DtOperativno/20852;"ЦОДД: 20 апреля временно будет закрыто движение в районе Хамовники в связи с проведением соревнований по триатлону в Москве.  Движение будет закрыто в период:   🔹 с 07:00 до 15:00 на Фрунзенской набережной от Лужнецкой набережной до дома 32 по Фрунзенской набережной; 🔹  с 07:00 до 16:00 на Лужнецкой набережной от дома 24, строение 20 по улице Лужники до Фрунзенской набережной.  Также с 00:01 20 апреля до окончания мероприятия будет временно запрещена парковка автомобилей в зоне временных ограничений движения.  Будьте внимательны, обращайте внимание на знаки. Планируйте маршрут заранее с учетом"
20856;2025-04-20;14;closure;0;;2025-04-20;https://t.me/DtOperativno/20856;ЦОДД: 20 апреля временно будет закрыто движение в районе Хамовники в связи с проведением соревнований по триатлону в Москве.  Движение будет закрыто в период:   🔹 с 07:00 до 15:00 на Фрунзенской набережной от Лужнецкой набережной до дома 32 по Фрунзенской…
20869;2025-04-21;18;closure;0;;;https://t.me/DtOperativno/20869;"ЦОДД: Средняя скорость потока — 28 км/ч.  По данным ЦОДД, движение оценивается в 6 баллов.  Интенсивное движение сейчас на:  🔹 внешней стороне ТТК от Спартаковского переулка до улицы Новая Башиловка; 🔹 внутренней стороне ТТК в районе Тульской эстакады; 🔹 внешней стороне Садового кольца от улицы Земляной Вал до Новинского бульвара.  Свободно сейчас в оба направления на ТТК в районе Нижегородской эстакады, проспекте Маршала Жукова и Кутузовском проспекте.  На движение влияют:  🔹 локальные ограничения движения; 🔹 ремонтные работы на дороге; 🔹 мелкие ДТП."
20874;2025-04-22;11;closure;0;;;https://t.me/DtOperativno/20874;"1️⃣1️⃣2️⃣3️⃣4️⃣5️⃣6️⃣7️⃣ Ситуация на дорогах в Москве —  5 баллов по данным ЦОДД. Для поездок в течение дня рекомендуем использовать городской транспорт  Интенсивное движение сейчас на:  🔹 внутренней стороне ТТК от Кутузовского тоннеля до улицы Сущевский Вал;  🔹 набережных центра: от Котельнической до Кремлевской;  🔹 Садовом кольце от улицы Земляной Вал до Сухаревской площади.   Во второй половине дня ожидаем локальные затруднения движения на:  🔹 Садовом кольце от улицы Земляной Вал до Оружейного переулка; 🔹 Бульварном кольце от площади Сретенские Ворота до Пушкинской площади.   В вечерний раз"
20884;2025-04-22;15;tram_works|tram_route_change;1;17;2025-04-26;https://t.me/DtOperativno/20884;⚠️ С 26 апреля по выходным трамваи не будут ходить в Медведково.   В эти дни маршрут 17 работать не будет.   Вместо трамваев – автобус 017 от ВДНХ (главный вход) до остановки «Медведково».   Изменения – на время ремонта трамвайных путей на проспекте Мира. Основные работы будут проводиться только по выходным – по будням трамваи поедут по своему обычному маршруту.
20885;2025-04-22;18;closure;0;;2025-04-23;https://t.me/DtOperativno/20885;1️⃣2️⃣3️⃣4️⃣5️⃣6️⃣7️⃣8️⃣ ЦОДД: напоминаем, что 23 апреля в Москве временно будет закрыто движение для транспорта в Тверском районе.  В период с 21:00 до окончания мероприятия движение будет закрыто на:  🔹 Тверской улице — от улицы Моховая до Тверского бульвара и от улицы Большая Бронная до улицы Большая Садовая.  🔹 1-й Тверской-Ямской улице — от улицы Большая Садовая до улицы Гашека.  🔹 Съезде на Тверскую улицу — со стороны станции метро «Маяковская» от дома 2, строение 2 по улице 1-я Тверская-Ямская до дома 2, строение 1 по улице 1-я Тверская-Ямская.  🔹 Моховой улице — от улицы Воздвиженка до
20894;2025-04-23;8;closure|mass_event;0;;2025-04-27;https://t.me/DtOperativno/20894;1️⃣2️⃣3️⃣4️⃣5️⃣6️⃣7️⃣8️⃣ ЦОДД: 27 апреля будет временно закрыто движение для транспорта на нескольких улицах и набережных в центре города в связи с проведением «Московского полумарафона» (21,1 км).  Движение закроют с 00:01 до 13:50:  🔹 на улицах Косыгина, Хамовнический Вал, Остоженка, Лужники 🔹 на набережных Фрунзенская, Пречистенская, Лужнецкая 🔹 на Лужнецком мосту 🔹 в проездах Новокрымский и Соймоновский 🔹 на Университетской площади 🔹 на проспектах Вернадского и Комсомольский  Также на участках ограничений будет временно запрещена парковка 27 апреля с 00:01 до окончания мероприятия.  Будьте
20895;2025-04-23;10;closure|mass_event;0;;2025-04-23|2025-04-24|2025-04-25;https://t.me/DtOperativno/20895;ЦОДД: напоминаем, что в связи с проведением Московского Международного кинофестиваля будет временно закрыто движение для транспорта в районе Пушкинской площади.  Движение будет закрыто с 14:30 24 апреля до 01:00 25 апреля:  🔹 в Большом Путинковском переулке от Нарышкинского проезда до Тверской улицы 🔹 на Пушкинской площади от Большого Путинковского переулка до Страстного бульвара 🔹 на улице Малая Дмитровка от Настасьинского переулка до Большого Путинковского переулка  Также с 22:00 23 апреля до 03:00 25 апреля 1 крайняя полоса будет закрыта для движения транспорта на участке Большого Путинковс
20896;2025-04-23;10;closure;0;;;https://t.me/DtOperativno/20896;1️⃣2️⃣3️⃣4️⃣5️⃣6️⃣7️⃣8️⃣ ЦОДД: напоминаем, что сегодня будет временно закрыто движение для транспорта на Тверской улице.  С 21:00 до окончания мероприятия движение будет закрыто на:  🔹 Тверской улице — от улицы Моховая до Тверского бульвара и от улицы Большая Бронная до улицы Большая Садовая.  🔹 1-й Тверской-Ямской улице — от улицы Большая Садовая до улицы Гашека.  🔹 Съезде на Тверскую улицу — со стороны станции метро «Маяковская» от дома 2, строение 2 по улице 1-я Тверская-Ямская до дома 2, строение 1 по улице 1-я Тверская-Ямская.  🔹 Моховой улице — от улицы Воздвиженка до улицы Тверская.  🔹 
20898;2025-04-23;13;weather_alert;0;;;https://t.me/DtOperativno/20898;1️⃣2️⃣3️⃣4️⃣ ЦОДД: сегодня синоптики прогнозируют дождь с грозой — рекомендуем для поездок использовать городской транспорт.   По прогнозу синоптиков, сегодня вечером и завтра днем в Москве ожидаются ливень с грозой и сильный ветер до 15 м/с.  Будьте внимательны за рулем:  🔹 Соблюдайте скоростной режим и дистанцию. 🔹 Избегайте резких маневров. 🔹 Не отвлекайтесь на телефон во время движения. 🔹 Не оставляйте автомобиль и не стойте сами вблизи деревьев и шатких конструкций.  За ситуацией на дорогах круглосуточно следят Ситуационный центр и Дорожный патруль ЦОДД.  Если увидите сломанный знак или с
20899;2025-04-23;13;closure|tram_works|tram_route_change;1;;2025-04-29|2025-05-03|2025-05-09;https://t.me/DtOperativno/20899;⚠️ 29 апреля и 3 мая с 16:00 до 19:00 и с 23:00 до конца перекрытий, а также 7 и 9 мая с 5:00 до 8:00 и с 9:30 до конца перекрытий трамваи не будут ходить между метро «Пролетарская» и Абельмановской Заставой.   Трамваи в это время поедут по измененным маршрутам:   🔹А, 38 – со стороны Павелецкого вокзала укорачиваются до метро «Пролетарская»   🔹12 – от Восточного Измайлова через метро «Площадь Ильича» и Абельмановскую Заставу до МЦД Калитники   🔹43 – будут работать на двух участках:  – от метро «Сокольники» через метро «Бауманская» и Абельмановскую Заставу до МЦД Калитники  – от МЦК Угрешская д
20900;2025-04-23;13;closure|tram_works|tram_route_change;1;;2025-04-26;https://t.me/DtOperativno/20900;⚠️ В субботу, 26 апреля, примерно с 11:30 до 13:00 трамваи не будут ходить между Павелецким вокзалом и метро «Чистые пруды».   Трамваи в это время поедут по измененным маршрутам:   🔹А – от МЦД Калитники через метро «Пролетарская» до МЦД Дубровка   🔹3 – от метро «Чертановская» через Павелецкий вокзал до метро «Пролетарская»    🔹39 – от метро «Университет» через Павелецкий вокзал до метро «Пролетарская»  Пользуйтесь метро и автобусами м7, е70, м90.   Подробнее об ограничениях движения.
20902;2025-04-23;14;closure;0;;;https://t.me/DtOperativno/20902;"1️⃣1️⃣2️⃣3️⃣4️⃣5️⃣6️⃣7️⃣ ЦОДД: Средняя скорость потока — 32 км/ч.  По данным ЦОДД, движение оценивается в 4 балла.  Интенсивное движение сейчас на:  🔹 ТТК в районе улицы Сущевский Вал в оба направления; 🔹 внешней стороне Садового кольца в районе Садовой-Спасской улицы; 🔹 внутренней стороне ТТК в районе Лужнецкой эстакады.  Во второй половине дня ожидаем локальные затруднения движения на:  🔹 внутренней стороне ТТК в районе Беговой улицы; 🔹 внешней стороне Садового кольца в районе Садовой-Сухаревской улицы; 🔹 внешней стороне Бульварного кольца в районе Петровского бульвара.  На движение могут по"
20908;2025-04-23;17;closure|mass_event;0;;2025-04-23|2025-04-25|2025-04-26|2025-04-27;https://t.me/DtOperativno/20908;ЦОДД: в связи с проведением Московского мотофестиваля 26 апреля будет временно закрыта для движения транспорта внешняя сторона Садового кольца. Для поездок в центр используйте городской транспорт.  С 11:40 временно закроют движение на:  🔹 улицах Косыгина, Большая Дорогомиловская и Смоленская 🔹 Воробьевском шоссе  🔹 Бережковской набережной  🔹 внешней стороне Садового кольца  🔹 Бородинском мосту  Движение восстановят по мере прохождения мотоколонны.  Также движение закроют:  🔹 С 08:00 до 12:00 по 1 крайней правой полосе на Университетском проспекте в районе Университетской площади. 🔹 С 08:00 до 
20910;2025-04-23;23;closure;0;;;https://t.me/DtOperativno/20910;1️⃣2️⃣3️⃣4️⃣5️⃣6️⃣7️⃣8️⃣ ЦОДД: напоминаем, что сегодня будет временно закрыто движение для транспорта на Тверской улице.  С 21:00 до окончания мероприятия движение будет закрыто на:  🔹 Тверской улице — от улицы Моховая до Тверского бульвара и от улицы Большая…
20912;2025-04-24;9;mass_event;0;;2025-04-24;https://t.me/DtOperativno/20912;❗️2️⃣ 24 апреля с 09:00 до 11:00 на втором маршруте регулярного речного электротранспорта «ЗИЛ — Печатники» суда не будут останавливаться на причале «Южный речной вокзал».  Интервалы движения судов по маршруту могут быть увеличены.  Это связано с проведением парада судов на Москве-реке.
20921;2025-04-25;10;closure;0;;2025-04-27;https://t.me/DtOperativno/20921;27 апреля с 00:01 до 23:59 участок Елисеевского переулка будет закрыт для проезда. Это связано с празднованием Пасхи.   Также с 00:01 до 23:59 на участке перекрытия будет запрещена парковка. Обращайте внимание на знаки.  Рекомендуем заранее планировать маршрут с учётом перекрытия.  Подробнее – на сайте
20925;2025-04-25;12;closure;0;;;https://t.me/DtOperativno/20925;❗️В связи с возгоранием перекрыто движение по Заваруевскому переулку в районе д. 32с2.  Пожалуйста, выбирайте пути объезда.
20927;2025-04-25;14;closure|mass_event;0;;;https://t.me/DtOperativno/20927;ЦОДД: напоминаем, что завтра в связи с проведением Московского мотофестиваля будет временно закрыта для движения транспорта внешняя сторона Садового кольца. Для поездок в центр используйте городской транспорт.  С 11:40 временно закроют движение на:  🔹 улицах Косыгина, Большая Дорогомиловская и Смоленская 🔹 Воробьевском шоссе  🔹 Бережковской набережной  🔹 внешней стороне Садового кольца  🔹 Бородинском мосту  Движение восстановят по мере прохождения мотоколонны.  В местах временных ограничений временно запрещена парковка. Стройте маршрут с учетом ограничений. Подробнее — на сайте.
20928;2025-04-25;14;closure;0;;;https://t.me/DtOperativno/20928;❗️В связи с возгоранием перекрыто движение по Заваруевскому переулку в районе д. 32с2.  Пожалуйста, выбирайте пути объезда.
20943;2025-04-25;19;mass_event;0;;;https://t.me/DtOperativno/20943;Завтра стартует Московский мотофестиваль! Мы проверили мотоциклы и экипировку. А вы?  Не теряйте время. Ксения Долгова, сотрудник Ситуационного центра ЦОДД и мотоциклист, напомнит обо всем.  Мотоциклисты, будьте предсказуемы на дороге, соблюдайте скоростной режим. Всегда надевайте экипировку и шлем.  Увидимся завтра. Не опаздывайте!
20950;2025-04-26;9;closure|mass_event;0;;2025-04-26;https://t.me/DtOperativno/20950;ЦОДД: в связи с проведением Московского мотофестиваля 26 апреля будет временно закрыта для движения транспорта внешняя сторона Садового кольца. Для поездок в центр используйте городской транспорт.  С 11:40 временно закроют движение на:  🔹 улицах Косыгина,…
20955;2025-04-26;12;closure|mass_event;0;;2025-04-26;https://t.me/DtOperativno/20955;ЦОДД: в связи с проведением Московского мотофестиваля 26 апреля будет временно закрыта для движения транспорта внешняя сторона Садового кольца. Для поездок в центр используйте городской транспорт.  С 11:40 временно закроют движение на:  🔹 улицах Косыгина,…
20956;2025-04-26;13;closure|mass_event;0;;2025-04-26;https://t.me/DtOperativno/20956;ЦОДД: в связи с проведением Московского мотофестиваля 26 апреля будет временно закрыта для движения транспорта внешняя сторона Садового кольца. Для поездок в центр используйте городской транспорт.  С 11:40 временно закроют движение на:  🔹 улицах Косыгина,…
20958;2025-04-26;13;closure|mass_event;0;;2025-04-26;https://t.me/DtOperativno/20958;ЦОДД: в связи с проведением Московского мотофестиваля 26 апреля будет временно закрыта для движения транспорта внешняя сторона Садового кольца. Для поездок в центр используйте городской транспорт.  С 11:40 временно закроют движение на:  🔹 улицах Косыгина,…
20961;2025-04-26;19;closure|mass_event;0;;2025-04-27;https://t.me/DtOperativno/20961;1️⃣2️⃣3️⃣4️⃣5️⃣6️⃣7️⃣8️⃣ ЦОДД: 27 апреля будет временно закрыто движение для транспорта на нескольких улицах и набережных в центре города в связи с проведением «Московского полумарафона» (21,1 км).  Движение закроют с 00:01 до 13:50:  🔹 на улицах Косыгина…
20962;2025-04-26;19;closure|mass_event;0;;2025-04-26;https://t.me/DtOperativno/20962;ЦОДД: в связи с проведением Московского мотофестиваля 26 апреля будет временно закрыта для движения транспорта внешняя сторона Садового кольца. Для поездок в центр используйте городской транспорт.  С 11:40 временно закроют движение на:  🔹 улицах Косыгина,…
20963;2025-04-26;19;closure;0;;2025-04-29;https://t.me/DtOperativno/20963;ЦОДД: 13, 20, 27 и 29 апреля будет временно закрыто движение для транспорта вблизи кладбищ.  13, 20, 27 и 29 апреля с 6:00 до 16:00 будет:  🔹 закрыто движение на ряде улиц вблизи кладбищ в некоторых районах ВАО, ЮЗАО, ЮАО, САО, ЗАО, СЗАО, ТиНАО. 🔹 организована…
20965;2025-04-27;8;closure|mass_event;0;;;https://t.me/DtOperativno/20965;1️⃣2️⃣3️⃣4️⃣5️⃣6️⃣7️⃣8️⃣ ЦОДД: сегодня временно будет закрыто движение для транспорта на нескольких улицах и набережных в центре города в связи с проведением «Московского полумарафона» (21,1 км).  Движение до обеда будет закрыто:  🔹 на улицах Косыгина, Хамовнический Вал, Остоженка, Лужники 🔹 на набережных Фрунзенская, Пречистенская, Лужнецкая 🔹 на Лужнецком мосту 🔹 в проездах Новокрымский и Соймоновский 🔹 на Университетской площади 🔹 на проспектах Вернадского и Комсомольский  Также на участках ограничений временно запрещена парковка.  Стройте маршрут заранее с учетом временных ограничений. Под
20967;2025-04-27;11;closure|mass_event;0;;;https://t.me/DtOperativno/20967;1️⃣2️⃣3️⃣4️⃣5️⃣6️⃣7️⃣8️⃣ ЦОДД: сегодня временно будет закрыто движение для транспорта на нескольких улицах и набережных в центре города в связи с проведением «Московского полумарафона» (21,1 км).  Движение до обеда будет закрыто:  🔹 на улицах Косыгина, Хамовнический…
20968;2025-04-27;12;closure|mass_event;0;;;https://t.me/DtOperativno/20968;1️⃣2️⃣3️⃣4️⃣5️⃣6️⃣7️⃣8️⃣ ЦОДД: сегодня временно будет закрыто движение для транспорта на нескольких улицах и набережных в центре города в связи с проведением «Московского полумарафона» (21,1 км).  Движение до обеда будет закрыто:  🔹 на улицах Косыгина, Хамовнический…
20969;2025-04-27;13;closure|mass_event;0;;;https://t.me/DtOperativno/20969;1️⃣2️⃣3️⃣4️⃣5️⃣6️⃣7️⃣8️⃣ ЦОДД: сегодня временно будет закрыто движение для транспорта на нескольких улицах и набережных в центре города в связи с проведением «Московского полумарафона» (21,1 км).  Движение до обеда будет закрыто:  🔹 на улицах Косыгина, Хамовнический…
20971;2025-04-27;13;closure|mass_event;0;;;https://t.me/DtOperativno/20971;1️⃣2️⃣3️⃣4️⃣5️⃣6️⃣7️⃣8️⃣ ЦОДД: сегодня временно будет закрыто движение для транспорта на нескольких улицах и набережных в центре города в связи с проведением «Московского полумарафона» (21,1 км).  Движение до обеда будет закрыто:  🔹 на улицах Косыгина, Хамовнический…
20976;2025-04-28;10;closure;0;;2025-05-01;https://t.me/DtOperativno/20976;1 мая с 07:00 до 18:00 участки Серебрянического переулка будут закрыты для проезда. Это связано с проведением киносъёмок.   Рекомендуем заранее планировать маршрут с учётом перекрытий.  Подробнее – на инфографике👆
20983;2025-04-28;16;tram_route_change;1;;;https://t.me/DtOperativno/20983;На Чистопрудном бульваре (в районе остановки «Покровские Ворота») задерживаются трамваи № А, 3 и 39.  Маршруты временно изменены. Будьте внимательны, следите за объявлениями водителей.
20984;2025-04-28;16;tram_works|tram_route_change;1;;2025-04-28;https://t.me/DtOperativno/20984;⚠️ С 28 апреля после 23:50 трамваи временно не будут ходить у метро «Площадь Ильича».   Последние трамваи поедут по измененным маршрутам:   🔹12 – от остановки «Восточное Измайлово» до метро «Авиамоторная»   🔹38 – от Черемушек до метро «Пролетарская»   🔹46 – от Метрогородка до метро «Авиамоторная», далее до Лефортовского моста    Пользуйтесь автобусами м6, н4 и метро. К Рогожскому Валу пользуйтесь трамваем 43 по Большой Андроньевской улице.   Изменения – на время ремонтных работ на улице Сергия Радонежского.
20985;2025-04-28;17;closure;0;;;https://t.me/DtOperativno/20985;❗️На Чистопрудном бульваре в связи с пожаром перекрыто движение по Чистопрудному бульвару от д. 14с3 до ул. Покровка. На месте работают оперативные службы города.  Обстоятельства произошедшего и информация о пострадавших уточняются. Пожалуйста, выбирайте пути объезда.
20988;2025-04-28;17;tram_route_change;1;;;https://t.me/DtOperativno/20988;На Чистопрудном бульваре (в районе остановки «Покровские Ворота») задерживаются трамваи № А, 3 и 39.  Маршруты временно изменены. Будьте внимательны, следите за объявлениями водителей.
20989;2025-04-28;17;closure;0;;;https://t.me/DtOperativno/20989;❗️На Чистопрудном бульваре в связи с пожаром перекрыто движение по Чистопрудному бульвару от д. 14с3 до ул. Покровка. На месте работают оперативные службы города.  Обстоятельства произошедшего и информация о пострадавших уточняются. Пожалуйста, выбирайте пути…
20992;2025-04-29;9;closure;0;;2025-04-29|2025-04-30;https://t.me/DtOperativno/20992;ЦОДД: напоминаем, сегодня с 16:30 будет временно закрыто движение для транспорта в центре — стройте маршрут заранее  Движение будет закрыто:  🔹 С 16:30 до 19:00 на участках Волгоградского проспекта, Садового кольца и Таганской площади. 🔹 С 17:30 до окончания мероприятия на ряде центральных набережных и улиц.  Также повторно будет закрыто движение для транспорта:  🔹 С 22:30 до окончания мероприятия на участках Садового кольца, улицы Новый Арбат и Большого Каменного моста. 🔹 С 23:30 до окончания мероприятия на участках Садового кольца, Волгоградского проспекта.   Также в районе Таганской площади
21000;2025-04-29;13;closure;0;;;https://t.me/DtOperativno/21000;"1️⃣1️⃣2️⃣3️⃣4️⃣5️⃣6️⃣7️⃣ В 6 баллов оценивается ситуация на дороге по данным ЦОДД — движение в центральной части города интенсивное. До 20:00 быстрее на метро для поездок в центр города.   Интенсивное движение сейчас наблюдаем на:  🔹 внешней стороне ТТК от Рижской до Савеловской эстакады; 🔹 внутренней стороне ТТК от Хорошевской эстакады до улицы Сущевский Вал; 🔹 внутренней стороне Садового кольца от Таганской площади до Крымского моста.  Во второй половине дня ожидаем локальные затруднения движения на:  🔹 ТТК в районе Тульской эстакады в оба направления; 🔹 внешней стороне МКАД перед Ленинградс"
21001;2025-04-29;16;closure;0;;;https://t.me/DtOperativno/21001;❗️Из-за упавшего дерева на проезжую часть перекрыто движение по улице 2-я Институтская (в районе дома 7к2).  На месте работают оперативные службы города. Пожалуйста, выбирайте пути объезда.
21002;2025-04-29;17;closure;0;;;https://t.me/DtOperativno/21002;❗️Из-за упавшего дерева на проезжую часть перекрыто движение по улице 2-я Институтская (в районе дома 7к2).  На месте работают оперативные службы города. Пожалуйста, выбирайте пути объезда.
21003;2025-04-29;18;closure;0;;;https://t.me/DtOperativno/21003;"ЦОДД: Средняя скорость потока — 26 км/ч.  По данным ЦОДД, движение оценивается в 7 баллов.  Интенсивное движение сейчас на:  🔹 внешней стороне ТТК от Русаковской до Савеловской эстакады; 🔹 внутренней стороне ТТК от Шмитовского проезда до улицы Сущевский Вал; 🔹 внутренней стороне Садового кольца в районе Триумфальной площади.  Свободно сейчас в оба направления на Рублевском шоссе, проспектах Маршала Жукова и Генерала Дорохова.  На движение влияют:  🔹 погодные условия; 🔹 временные ограничения движения; 🔹 увеличение числа авто и поездок в преддверии длинных выходных; 🔹 ремонтные работы на дороге;"
21008;2025-04-30;12;weather_alert;0;;;https://t.me/DtOperativno/21008;1️⃣2️⃣3️⃣4️⃣ ЦОДД: завтра синоптики прогнозируют сильный дождь с грозой — рекомендуем для поездок использовать городской транспорт.   По прогнозу синоптиков, завтра в течение дня в Москве ожидаются ливень с грозой и сильный ветер до 16 м/с.  Рекомендуем автомобилистам:  🔹 Соблюдать скоростной режим и дистанцию. 🔹 Избегать резких ускорений и торможений. 🔹 Не отвлекаться на телефон во время движения. 🔹 Не парковать автомобиль вблизи деревьев и шатких конструкций.  За ситуацией на дорогах круглосуточно следят Ситуационный центр и Дорожный патруль ЦОДД.  Если увидите сломанный знак или светофор, з
21010;2025-04-30;15;tram_works|tram_route_change;1;12;2025-04-30|2025-05-04;https://t.me/DtOperativno/21010;✅ С 30 апреля восстанавливается движение трамваев после 23:50 у метро «Площадь Ильича».   Трамваи 12, 38, 46 снова будут ходить по своим обычным маршрутам.   ⚠️ В субботу и воскресенье, 3 и 4 мая, трамваи не будут ходить по улице Сергия Радонежского.   Маршрут трамвая 2 в эти дни работать не будет.   Вместо трамваев между метро «Авиамоторная» и Храмом преподобного Сергия Радонежского пользуйтесь автобусом м6.   На шоссе Энтузиастов пользуйтесь трамваями 12, 37, 38, 46.   Изменения – на время ремонтных работ на улице Сергия Радонежского.
21012;2025-04-30;16;tram_route_change;1;17;2025-05-01;https://t.me/DtOperativno/21012;✅ С 1 мая по выходным восстанавливается движение трамваев в Медведково.   Трамваи 17 вновь ходят по своему маршруту.   Временный маршрут автобуса 017 больше не работает.
21013;2025-04-30;16;tram_route_change;1;;;https://t.me/DtOperativno/21013;На Зелёном проспекте (в районе остановки «Новогиреевская улица, 37») по техническим причинам задерживаются трамваи № 36 и 37.  Маршруты временно изменены. Будьте внимательны, следите за объявлениями водителей.
21017;2025-04-30;18;tram_route_change;1;;;https://t.me/DtOperativno/21017;На Зелёном проспекте (в районе остановки «Новогиреевская улица, 37») по техническим причинам задерживаются трамваи № 36 и 37.  Маршруты временно изменены. Будьте внимательны, следите за объявлениями водителей.
21035;2025-05-03;9;closure;0;;2025-05-03|2025-05-04;https://t.me/DtOperativno/21035;ЦОДД: напоминаем, что сегодня с 16:30 будет временно закрыто движение для транспорта в центре — выбирайте маршрут заранее  Движение будет закрыто:  🔹 С 16:30 до 19:00 на участках Волгоградского проспекта, Садового кольца и Таганской площади. 🔹 С 17:30 до окончания мероприятия на ряде центральных набережных и улиц.  Также повторно будет закрыто движение для транспорта:  🔹 С 22:30 до окончания мероприятия на участках Садового кольца, улицы Новый Арбат и Большого Каменного моста. 🔹 С 23:30 до окончания мероприятия на участках Садового кольца, Волгоградского проспекта.   Также в районе Таганской п
21045;2025-05-04;21;closure;0;;;https://t.me/DtOperativno/21045;К месту пожаротушения на улице Генерала Тюленева выделено 2 автобуса особо большого класса Мосгортранса для обогрева эвакуированных жителей дома.  Автобусы будут продолжать  работать на месте ликвидации возгорания столько, сколько этого потребует сложившаяся ситуация. Их работу на месте координируют сотрудники службы безопасности движения. Также на место едет экипаж Дорожного патруля ЦОДД. Временно ограничено движение по ул. Генерала Тюленева от Профсоюзной улицы. На месте работают оперативные службы.
21049;2025-05-05;12;tram_route_change;1;;;https://t.me/DtOperativno/21049;На Таллинской улице (в районе остановки «Таллинская улица, 6») задерживаются трамваи № 10 и 30.  Маршруты временно изменены. Будьте внимательны, следите за объявлениями водителей.
21050;2025-05-05;12;tram_route_change;1;;;https://t.me/DtOperativno/21050;На Таллинской улице (в районе остановки «Таллинская улица, 6») задерживаются трамваи № 10 и 30.  Маршруты временно изменены. Будьте внимательны, следите за объявлениями водителей.
21054;2025-05-05;16;tram_works|tram_route_change;1;;2025-05-07|2025-05-08|2025-05-09|2025-05-10|2025-05-11;https://t.me/DtOperativno/21054;⚠️ С 7 по 11 мая после 23:50 трамваи не будут заезжать на разворотное кольцо у метро «Войковская».   В это время трамваи поедут по измененным маршрутам:   🔹27 – от метро «Дмитровская» через 1-й Новоподмосковный переулок (метро «Войковская») до метро «Сокол»   🔹30 – при движении в Михалково не будет заезжать на кольцо у метро «Войковская»   🔹31 – от проспекта Маршала Жукова до метро «Щукинская»   Вместо остановки «Метро «Войковская» на разворотном кольце пользуйтесь остановкой «1-й Новоподмосковный переулок».   Изменения – на время ремонта трамвайных путей на разворотном кольце у метро «Войковс
21057;2025-05-06;14;closure;0;;2025-05-07;https://t.me/DtOperativno/21057;7 мая будут временно недоступны для движения транспорта несколько улиц и набережных в центре Москвы.  🔹 С 05:00 до 08:00 будет временно закрыто движение на участках Волгоградского проспекта, Садового кольца, Таганской площади.  🔹 С 05:30 до окончания мероприятия будет временно закрыто движение на ряде центральных набережных и улиц.   🔹 С 10:00 повторно закроют движение для транспорта на участках Садового кольца, Волгоградского проспекта и улицы Новый Арбат.  🔹 С 05:00 до 13:00 в районе Таганской площади будет организовано двустороннее движение.   Обращаем внимание, что на участках временных ог
21060;2025-05-06;18;closure;0;;;https://t.me/DtOperativno/21060;"1️⃣1️⃣2️⃣3️⃣4️⃣5️⃣6️⃣7️⃣ ЦОДД: завтра с 5:00 будет временно ограничено движение в центре — для поездок по городу используйте метро  Завтра настоятельно рекомендуем для поездок по городу использовать метро. Так вы сэкономите время в пути. В течение дня на движение могут влиять:  🔹 временные ограничения движения; 🔹 увеличение числа авто и поездок в преддверии длинных выходных; 🔹 прибытие иностранных делегаций;  🔹 ремонтные работы на дороге и мелкие ДТП.  Обращаем внимание,  с 5:30 до окончания перекрытий станции «Площадь Революции», «Охотный Ряд», «Театральная», «Александровский сад», «Боровицка"
21068;2025-05-07;7;closure;0;;2025-05-07;https://t.me/DtOperativno/21068;7 мая будут временно недоступны для движения транспорта несколько улиц и набережных в центре Москвы.  🔹 С 05:00 до 08:00 будет временно закрыто движение на участках Волгоградского проспекта, Садового кольца, Таганской площади.  🔹 С 05:30 до окончания мероприятия…
21069;2025-05-07;9;closure;0;;;https://t.me/DtOperativno/21069;ЦОДД: в городе временные ограничения движения — сегодня для поездок по городу используйте метро  Напоминаем, что сегодня:   🔹 До окончания мероприятия временно закрыто движение на ряде центральных набережных и улиц.  🔹 С 10:00 повторно закроют движение для транспорта на участках Садового кольца, Волгоградского проспекта и улицы Новый Арбат.  🔹 До 13:00 в районе Таганской площади организовано двустороннее движение.   Также на участках временных ограничений запрещена парковка и закрыты подземные пешеходные переходы.   Рекомендуем для поездок по городу использовать метро. Так вы сэкономите время 
21070;2025-05-07;12;closure;0;;;https://t.me/DtOperativno/21070;ЦОДД: в городе временные ограничения движения — сегодня для поездок по городу используйте метро  Напоминаем, что сегодня:   🔹 До окончания мероприятия временно закрыто движение на ряде центральных набережных и улиц.  🔹 С 10:00 повторно закроют движение для…
21071;2025-05-07;13;closure;0;;;https://t.me/DtOperativno/21071;ЦОДД: в городе временные ограничения движения — сегодня для поездок по городу используйте метро  Напоминаем, что сегодня:   🔹 До окончания мероприятия временно закрыто движение на ряде центральных набережных и улиц.  🔹 С 10:00 повторно закроют движение для…
21072;2025-05-07;13;closure;0;;;https://t.me/DtOperativno/21072;ЦОДД: в городе временные ограничения движения — сегодня для поездок по городу используйте метро  Напоминаем, что сегодня:   🔹 До окончания мероприятия временно закрыто движение на ряде центральных набережных и улиц.  🔹 С 10:00 повторно закроют движение для…
21076;2025-05-07;20;closure;0;;2025-05-08;https://t.me/DtOperativno/21076;❗️2️⃣ 8 мая с 11:00 до 17:00 на втором маршруте регулярного речного электротранспорта «ЗИЛ — Печатники» будет закрыто движение судов на участке от причала «Южный речной вокзал» до причала «Кленовый бульвар».  Движение электросудов будет осуществляться на двух участках:  2️⃣ «ЗИЛ — Автозаводский мост — Нагатинский — Затон новинки» 2️⃣ «Печатники — Коломенская набережная — Нагатинский затон»  🚫 От причалов «Южный речной вокзал» и «Кленовый бульвар» электросуда отправляться не будут.
21079;2025-05-08;9;closure;0;;2025-05-09;https://t.me/DtOperativno/21079;9 мая будут закрыты для движения транспорта несколько улиц и набережных в центре Москвы.   Рассказываем об изменениях подробнее:  🔹 С 05:00 до 08:00 закроют движение на участках Волгоградского проспекта и Садового кольца.  🔹 С 05:30 до окончания мероприятия будет закрыто движение на ряде центральных улиц и набережных.  🔹 С 10:00 до окончания мероприятия будет повторно закрыто движение на участках Волгоградского проспекта и части Садового кольца.  🔹 С 00:01 до 23:59 будет организовано одностороннее движение на участке улицы Петровки и двустороннее движение в Дегтярном, Старопименовском, Никитск
21084;2025-05-08;11;closure;0;;2025-05-12;https://t.me/DtOperativno/21084;12 мая в период с 07:00 до 20:00 будут закрыты для движения участки улицы Сергея Капицы, Андреевской набережной, а также Ездаков переулок и местный проезд от дома 32А, строение 1 по Ленинскому проспекту до дома 2, строение 4 по Андреевской набережной. Это связано с проведением киносъёмок.   Рекомендуем заранее планировать маршрут с учётом перекрытий.  Подробнее – на инфографике👆
21093;2025-05-08;12;closure;0;;2025-05-09;https://t.me/DtOperativno/21093;9 мая с 21:30 до 22:30 улица Кадырова будет закрыта для проезда. Это связано с проведением мероприятий.  Рекомендуем заранее планировать маршрут с учётом перекрытия.  Подробнее – на инфографике👆
21094;2025-05-08;12;closure;0;;2025-05-09;https://t.me/DtOperativno/21094;9 мая в зависимости от времени улица Варварка будет закрыта для проезда. Это связано с проведением мероприятий.  Рекомендуем заранее планировать маршрут с учётом перекрытия.  Подробнее – на инфографике👆
21096;2025-05-08;12;closure;0;;2025-05-09;https://t.me/DtOperativno/21096;9 мая с 07:30 до 08:00 проезд Девичьего Поля, улицы Зубовская, Пречистенка, Волхонка, Ленивка, Кремлёвская набережная и площадь Васильевский Спуск будут закрыты для движения. Это связано с проведением мероприятий.  Рекомендуем заранее планировать маршрут с учётом перекрытий.  Подробнее – на инфографике👆
21097;2025-05-08;12;mass_event;0;;2025-05-12|2025-06-12;https://t.me/DtOperativno/21097;С 12 мая до 12 июня в период с 01:30 до 05:30 на участках Тверской улицы будет недоступна для движения 1 полоса. Это связано с подготовкой к открытию цветочных композиций в рамках фестиваля «Лето в Москве».  Подробнее – на инфографике👆
21106;2025-05-08;18;closure;0;;2025-05-09;https://t.me/DtOperativno/21106;Завтра, 9 мая, с 5:30 до окончания перекрытий станции «Площадь Революции», «Охотный ряд», «Театральная», «Александровский сад», «Боровицкая» и «Арбатская» Арбатско-Покровской линии будут работать только на вход и пересадку, а «Библиотека им. Ленина» — только на пересадку.  На станции «Парк Победы» в течение дня возможны ситуативные ограничения на вход и выход.  Также возможны ситуативные ограничения на других станциях мосметро по требованию полиции. Будьте внимательны, соблюдайте правила пользования метро и требования сотрудников.  Полная информация об изменениях в работе транспорта — по ссылк
21107;2025-05-08;20;closure;0;;;https://t.me/DtOperativno/21107;❗️На дублере Калужского шоссе (в районе п. Сосенское) произошло возгорание автомобиля. На месте работают оперативные службы города. Обстоятельства произошедшего и информация о пострадавших уточняются.  Движение по дублеру в сторону области перекрыто. Пожалуйста, выбирайте пути объезда.
21108;2025-05-08;23;closure;0;;;https://t.me/DtOperativno/21108;❗️На дублере Калужского шоссе (в районе п. Сосенское) произошло возгорание автомобиля. На месте работают оперативные службы города. Обстоятельства произошедшего и информация о пострадавших уточняются.  Движение по дублеру в сторону области перекрыто. Пожалуйста…
21109;2025-05-09;7;closure;0;;2025-05-09;https://t.me/DtOperativno/21109;9 мая будут закрыты для движения транспорта несколько улиц и набережных в центре Москвы.   Рассказываем об изменениях подробнее:  🔹 С 05:00 до 08:00 закроют движение на участках Волгоградского проспекта и Садового кольца.  🔹 С 05:30 до окончания мероприятия…
21110;2025-05-09;12;closure;0;;2025-05-09;https://t.me/DtOperativno/21110;9 мая будут закрыты для движения транспорта несколько улиц и набережных в центре Москвы.   Рассказываем об изменениях подробнее:  🔹 С 05:00 до 08:00 закроют движение на участках Волгоградского проспекта и Садового кольца.  🔹 С 05:30 до окончания мероприятия…
21111;2025-05-09;12;closure;0;;2025-05-09;https://t.me/DtOperativno/21111;9 мая будут закрыты для движения транспорта несколько улиц и набережных в центре Москвы.   Рассказываем об изменениях подробнее:  🔹 С 05:00 до 08:00 закроют движение на участках Волгоградского проспекта и Садового кольца.  🔹 С 05:30 до окончания мероприятия…
21112;2025-05-09;13;closure;0;;2025-05-09;https://t.me/DtOperativno/21112;9 мая будут закрыты для движения транспорта несколько улиц и набережных в центре Москвы.   Рассказываем об изменениях подробнее:  🔹 С 05:00 до 08:00 закроют движение на участках Волгоградского проспекта и Садового кольца.  🔹 С 05:30 до окончания мероприятия…
21113;2025-05-09;13;closure;0;;2025-05-09;https://t.me/DtOperativno/21113;9 мая будут закрыты для движения транспорта несколько улиц и набережных в центре Москвы.   Рассказываем об изменениях подробнее:  🔹 С 05:00 до 08:00 закроют движение на участках Волгоградского проспекта и Садового кольца.  🔹 С 05:30 до окончания мероприятия…
21114;2025-05-09;14;closure;0;;2025-05-09;https://t.me/DtOperativno/21114;9 мая будут закрыты для движения транспорта несколько улиц и набережных в центре Москвы.   Рассказываем об изменениях подробнее:  🔹 С 05:00 до 08:00 закроют движение на участках Волгоградского проспекта и Садового кольца.  🔹 С 05:30 до окончания мероприятия…
21115;2025-05-09;14;closure;0;;;https://t.me/DtOperativno/21115;1️⃣2️⃣3️⃣4️⃣5️⃣6️⃣7️⃣8️⃣ ЦОДД: Напоминаем, что с 17:00 будет временно закрыто движение на участках МКАД и Волгоградского проспекта.  Движение будет временно закрыто с 17:00 до окончания мероприятия:  🔹 в Шоссейном проезде 🔹 в Проектируемом проезде № 3502 🔹 на Волгоградском проспекте от ТТК до МКАД 🔹 на внутренней стороне МКАД от Волгоградского проспекта до Минского шоссе  Просим водителей заранее строить маршрут с учетом временных ограничений движения.  Подробнее — по ссылке.
21116;2025-05-09;20;closure;0;;;https://t.me/DtOperativno/21116;1️⃣2️⃣3️⃣4️⃣5️⃣6️⃣7️⃣8️⃣ ЦОДД: Напоминаем, что с 17:00 будет временно закрыто движение на участках МКАД и Волгоградского проспекта.  Движение будет временно закрыто с 17:00 до окончания мероприятия:  🔹 в Шоссейном проезде 🔹 в Проектируемом проезде № 3502 🔹…
21117;2025-05-09;20;mass_event;0;;;https://t.me/DtOperativno/21117;Скоро завершатся праздничные мероприятия. Из-за большого потока пассажиров возможны ситуативные ограничения на станциях мосметро рядом с местами запуска салюта и концертными площадками.  Пожалуйста, будьте внимательны, соблюдайте правила пользования метро, требования персонала станций и сотрудников полиции. Это поможет быстрее и комфортнее войти на станции.
21118;2025-05-10;10;closure;0;;2025-05-14|2025-09-23;https://t.me/DtOperativno/21118;С 14 мая до 23 сентября участки проезда Главмосстроя и Проектируемого проезда № 1166 будут закрыты для движения. Это связано с проведением строительных работ.  Рекомендуем заранее планировать маршрут с учётом перекрытий.  Также на участке улицы Нижние Мнёвники будет недоступна для движения 1 полоса.  Подробнее – на инфографике👆
21119;2025-05-10;10;closure;0;;2025-05-14|2025-12-25;https://t.me/DtOperativno/21119;В период с 14 мая до 25 декабря участки 5-й Парковой улицы будут закрыты для проезда. Это связано с проведением строительных работ.  Рекомендуем заранее планировать маршрут с учётом перекрытий.  Подробнее – на инфографике👆
21125;2025-05-10;22;tram_route_change;1;26;;https://t.me/DtOperativno/21125;❗️В районе Варшавского и Загородного шоссе по техническим причинам задерживаются трамваи № 3, 16, 26, 38, 47 и 49.  Маршруты временно изменены. Будьте внимательны, следите за объявлениями водителей.
21126;2025-05-10;23;tram_route_change;1;26;;https://t.me/DtOperativno/21126;❗️В районе Варшавского и Загородного шоссе по техническим причинам задерживаются трамваи № 3, 16, 26, 38, 47 и 49.  Маршруты временно изменены. Будьте внимательны, следите за объявлениями водителей.
21127;2025-05-11;0;tram_route_change;1;26;;https://t.me/DtOperativno/21127;❗️В районе Варшавского и Загородного шоссе по техническим причинам задерживаются трамваи № 3, 16, 26, 38, 47 и 49.  Маршруты временно изменены. Будьте внимательны, следите за объявлениями водителей.
21129;2025-05-11;15;tram_works|tram_route_change;1;;;https://t.me/DtOperativno/21129;⚠️ На время оперативных ремонтных работ в Черёмушках вместо трамваев работают автобусы.   Трамваи ходят по изменённым маршрутам:   🔹26 – через метро «Ленинский проспект» и улицу Вавилова   🔹38 – от метро «Авиамоторная» и ДК «Компрессор» до Серпуховского Вала, далее до метро «Октябрьская».    Вместо трамваев работает временный маршрут автобуса 038 от метро «Тульская» через МЦК Крымская и Черёмушки до метро «Профсоюзная».
21131;2025-05-11;21;closure;0;;;https://t.me/DtOperativno/21131;❗️На Филимонковском шоссе (в районе пересечения с Проектируемым проездом № 5260) произошло ДТП. На месте работают оперативные службы города.  Обстоятельства произошедшего и информация о пострадавших уточняются. Перекрыты оба ряда в сторону области, объезд осуществляется через прилегающие улицы. Движение в районе ДТП не затруднено.
21132;2025-05-12;1;closure;0;;;https://t.me/DtOperativno/21132;❗️На Филимонковском шоссе (в районе пересечения с Проектируемым проездом № 5260) произошло ДТП. На месте работают оперативные службы города.  Обстоятельства произошедшего и информация о пострадавших уточняются. Перекрыты оба ряда в сторону области, объезд…
21133;2025-05-12;7;tram_route_change;1;26;;https://t.me/DtOperativno/21133;❗️В районе Варшавского и Загородного шоссе по техническим причинам задерживаются трамваи № 3, 16, 26, 38, 47 и 49.  Маршруты временно изменены. Будьте внимательны, следите за объявлениями водителей.
21135;2025-05-12;15;closure;0;;;https://t.me/DtOperativno/21135;❗️На улице Подольских Курсантов (в районе д.9Бс1) произошло ДТП с участием нескольких автомобилей. На месте работают оперативные службы города. Обстоятельства произошедшего и информация о пострадавших уточняются.  Движение в направлении Липецкой улицы перекрыто, движение в направлении ул. Дорожная осуществляется по 1-ой полосе из двух. Пожалуйста, выбирайте пути объезда.
21136;2025-05-12;15;closure;0;;;https://t.me/DtOperativno/21136;❗️На улице Подольских Курсантов (в районе д.9Бс1) произошло ДТП с участием нескольких автомобилей. На месте работают оперативные службы города. Обстоятельства произошедшего и информация о пострадавших уточняются.  Движение в направлении Липецкой улицы перекрыто…
21137;2025-05-12;18;closure;0;;;https://t.me/DtOperativno/21137;❗️На улице Подольских Курсантов (в районе д.9Бс1) произошло ДТП с участием нескольких автомобилей. На месте работают оперативные службы города. Обстоятельства произошедшего и информация о пострадавших уточняются.  Движение в направлении Липецкой улицы перекрыто…
21143;2025-05-13;11;tram_works|tram_route_change;1;;2025-05-13;https://t.me/DtOperativno/21143;⚠️ С 13 мая по ночам после 23:50 трамваи не будут заезжать на разворотное кольцо у метро «Войковская».   В это время трамваи поедут по измененным маршрутам:   🔹27 – от метро «Дмитровская» через 1-й Новоподмосковный переулок (метро «Войковская») до метро «Сокол»   🔹30 – при движении в Михалково не будет заезжать на кольцо у метро «Войковская»   🔹31 – от проспекта Маршала Жукова до метро «Щукинская»   Вместо остановки «Метро «Войковская» на разворотном кольце пользуйтесь остановкой «1-й Новоподмосковный переулок».   Изменения – на время ремонта трамвайных путей на разворотном кольце у метро «Вой
21156;2025-05-14;16;mass_event;0;;2025-05-18;https://t.me/DtOperativno/21156;18 мая с 8:40 до конца мероприятия меняются маршруты в Зеленограде — будет проводиться 28-й Зеленоградский полумарафон.
21159;2025-05-14;19;tram_works|tram_route_change|new_line;1;;2025-05-17;https://t.me/DtOperativno/21159;⚠️ С 17 мая трамваи временно не будут ходить между Павелецким вокзалом и метро «Чистые пруды».   Трамваи поедут по измененным маршрутам:   🔹3 – от метро «Чертановская» через Павелецкий вокзал до метро «Пролетарская»   🔹39 и А – объединяются в единый маршрут 39+А от метро «Университет» через Павелецкий вокзал и метро «Пролетарская» до МЦД Калитники   Вместо трамваев пользуйтесь автобусом 913. Маршрут будет продлен от Павелецкого вокзала до метро «Чистые пруды».  Также пользуйтесь автобусами м3, м3к, м7, е70 и метро.  Изменения связаны со строительством новой трамвайной линии по проспекту Академ
21160;2025-05-14;19;tram_works|mass_event;1;;2025-05-17;https://t.me/DtOperativno/21160;⚠️ В субботу, 17 мая, примерно с 6:00 до 19:00 меняется маршрут автобуса 913 в центре города.   Автобусы вместо Павелецкого вокзала и метро «Новокузнецкая» поедут через остров Балчуг, далее по Бульварному кольцу до метро «Чистые пруды».   Пользуйтесь метро до «Павелецкой» и «Новокузнецкой».   Напоминаем, что с 17 мая трамваи временно не будут ходить между Павелецким вокзалом и метро «Чистые пруды». Вместо трамваев – автобус 913.  Изменения – на время проведения беговой эстафеты, велогонки и велофестиваля.
21162;2025-05-15;9;closure|mass_event;0;;2025-05-16|2025-05-17;https://t.me/DtOperativno/21162;1⃣2⃣3⃣4⃣5⃣ ЦОДД: 17 мая будет временно закрыто движение для транспорта на Садовом кольце в связи с проведением Московского велофестиваля, велогонки и беговой эстафеты.  Движение временно закроют:  🔹 17 мая с 00:01 до 20:00 на Зубовской улице (от Дашкова переулка до Большой Пироговской улицы), Большой Пироговской улице (от Зубовской улицы до улицы Еланского) и в проезде Девичьего Поля (от улицы Плющиха до Зубовской улицы). 🔹 17 мая с 06:00 до окончания мероприятия на Садовом кольце в каждом направлении и на Зубовской улице (от Дашкова переулка до Садового кольца). Движение будут открывать по ме
21163;2025-05-15;9;mass_event;0;;2025-05-16|2025-05-17;https://t.me/DtOperativno/21163;16 мая с 23:45 до конца мероприятия 17 мая меняются маршруты в центре Москвы — будут проводиться велофестиваль, велогонка и беговая эстафета.
21168;2025-05-15;15;tram_route_change;1;;;https://t.me/DtOperativno/21168;На Симферопольском бульваре (в районе остановки «Москворецкий рынок») задерживаются трамваи № 3 и 16.  Маршруты временно изменены. Будьте внимательны, следите за объявлениями водителей.
21169;2025-05-15;15;closure;0;;;https://t.me/DtOperativno/21169;❗️На Ставропольской ул. (в районе д. 23/1) произошло ДТП с участием трех автомобилей. На месте работают оперативные службы города. Обстоятельства произошедшего и информация о пострадавших уточняются.   Движение в сторону Новороссийской улицы перекрыто. Объезд через Совхозную и Краснодарскую улицы.
21170;2025-05-15;15;tram_route_change;1;;;https://t.me/DtOperativno/21170;На Симферопольском бульваре (в районе остановки «Москворецкий рынок») задерживаются трамваи № 3 и 16.  Маршруты временно изменены. Будьте внимательны, следите за объявлениями водителей.
21171;2025-05-15;15;closure;0;;;https://t.me/DtOperativno/21171;❗️На Ставропольской ул. (в районе д. 23/1) произошло ДТП с участием трех автомобилей. На месте работают оперативные службы города. Обстоятельства произошедшего и информация о пострадавших уточняются.   Движение в сторону Новороссийской улицы перекрыто. Объезд…
21179;2025-05-16;12;closure;0;;2025-05-18;https://t.me/DtOperativno/21179;ЦОДД: 18 мая пройдет велогонка «Cyclingrace: Крылатские холмы» – будет временно закрыта для движения транспорта Крылатская улица  18 мая будет: 🔹 Закрыто движение с 8:00 до 15:00 на улице Крылатская от дома 2А по улице Крылатская до остановки «Дворец ледового спорта». 🔹 Запрещена парковка с 00:01 до окончания мероприятия на участках ограничений.  Стройте маршрут заранее с учетом временных ограничений. Будьте внимательны. Подробнее – по ссылке.
21180;2025-05-16;12;closure|mass_event;0;;2025-05-18;https://t.me/DtOperativno/21180;ЦОДД: В связи с проведением 28-го Зеленоградского полумарафона 18 мая будет временно закрыто движение для транспорта в ЗелАО.  Движение будет закрыто: 🔹 С 9:00 до 10:30 в Савёлкинском проезде от Сосновой аллеи до Центрального проспекта, на Центральном проспекте от Яблоневой до Солнечной аллеи. 🔹 С 9:30 до 13:00 на Озёрной аллее от Каштановой аллеи до Центрального проспекта, на Берёзовой аллее от Центрального проспекта до корпуса 443 и в боковом проезде Центрального проспекта от дома 4 по Георгиевскому переулку до дома 5 по Георгиевскому проспекту.  Движение будет закрыто с пропуском городского
21181;2025-05-16;12;closure;0;;2025-05-18|2025-05-19;https://t.me/DtOperativno/21181;ЦОДД: В связи с проведением  велогонки «Пять колец Москвы» будет временно закрыто движение на ряде улиц в ЗАО и ТиНАО.  18 мая: 🔹 закроют движение с 10:30 до 16:30 на улице Косыгина от Ленинского проспекта до Воробьевского шоссе 🔹 на участках временных ограничений с 00:01 до окончания мероприятия будет запрещена парковка  19 мая: 🔹 будет закрыто движение с 9:30 до 15:30 в деревнях Жохово, Починки, Мешково, Маврино, Чернецкое.  Будьте внимательны. Стройте маршрут заранее с учетом временных ограничений. Подробнее — на сайте.
21182;2025-05-16;12;closure;0;;2025-05-17;https://t.me/DtOperativno/21182;ЦОДД: Напоминаем, что завтра будет временно закрыто Садовое кольцо — выбирайте метро для поездок в центр города.  Движение будет временно закрыто:  🔹 С 00:01 до 20:00 на Зубовской и Большой Пироговской улицах, а также в проезде Девичьего Поля.   🔹 С 06:00 до 19:00 на Садовом кольце в каждом направлении. Движение будут открывать по мере прохождения велоколонны.   🔹 С 13:30 до окончания мероприятия на улицах Плющиха и Еланского.  Обращаем внимание, что 17 мая будет временно закрыт подъезд к ряду объектов в районе Садового кольца. Нельзя будет подъехать к:  🔹 ЦПКиО им. М. Горького со стороны улиц
21185;2025-05-16;13;closure;0;;;https://t.me/DtOperativno/21185;❗️На внешней стороне Садового кольца (в районе Большой Сухаревской пл., д. 3) произошло возгорание легкового автомобиля. На месте работают оперативные службы города. Обстоятельства произошедшего и информация о пострадавших уточняются.  Движение по внешней стороне Садового кольца перекрыто. Пожалуйста, выбирайте пути объезда.
21192;2025-05-16;15;closure;0;;;https://t.me/DtOperativno/21192;ЦОДД: Напоминаем, что завтра будет временно закрыто Садовое кольцо — выбирайте метро для поездок в центр города.  Движение будет временно закрыто:  🔹 С 00:01 до 20:00 на Зубовской и Большой Пироговской улицах, а также в проезде Девичьего Поля.   🔹 С 06:00…
21193;2025-05-16;16;closure;0;;2025-05-17|2025-05-18|2025-05-19|2025-05-20|2025-05-21|2025-05-22|2025-05-23|2025-05-24|2025-05-25|2025-05-26|2025-05-27|2025-05-28|2025-05-29|2025-05-30;https://t.me/DtOperativno/21193;С 17 до 30 мая разворот на Чистопрудном бульваре будет закрыт для проезда. Это связано с проведением строительных работ.  Рекомендуем заранее планировать маршрут с учётом перекрытия.  Также на участках Чистопрудного бульвара будет недоступна для движения 1 полоса.   Подробнее – на инфографике👆
21194;2025-05-16;17;closure;0;;2025-05-17;https://t.me/DtOperativno/21194;17 мая с 11:00 до 12:30 участок Сокольнического переулка будет закрыт для движения. Это связано с проведением мероприятия.  Рекомендуем заранее планировать маршрут с учётом перекрытия.  Подробнее – на инфографике👆
21199;2025-05-16;18;closure;0;;;https://t.me/DtOperativno/21199;1️⃣2️⃣3️⃣4️⃣5️⃣6️⃣7️⃣8️⃣ ЦОДД: завтра с 6:00 до 19:00 будет временно закрыто движение для транспорта на Садовом кольце — для поездок в центр используйте метро  Движение будет временно закрыто:  🔹 С 00:01 до 20:00 на Зубовской и Большой Пироговской улицах, а также в проезде Девичьего Поля.   🔹 С 06:00 до 19:00 на Садовом кольце в каждом направлении. Движение будут открывать по мере прохождения велоколонны.   🔹 С 13:30 до окончания мероприятия на улицах Плющиха и Еланского.  Кроме того, на участках ограничений запрещена парковка.  Также завтра будет временно закрыт подъезд к ряду объектов в райо
21208;2025-05-17;11;closure;0;;;https://t.me/DtOperativno/21208;1️⃣2️⃣3️⃣4️⃣5️⃣6️⃣7️⃣8️⃣ ЦОДД: сегодня временно закрыто движение для транспорта на Садовом кольце — для поездок используйте метро  Движение закрыто:  🔹 До окончания мероприятия на Садовом кольце в каждом направлении и на Зубовской улице (от Дашкова переулка до Садового кольца). Движение будут открывать по мере прохождения велоколонны. 🔹 С 13:30 до окончания мероприятия на улице Плющиха (от проезда Девичьего Поля до улицы Еланского) и на улице Еланского (от улицы Плющиха до Большой Пироговской улицы). 🔹 До 20:00 на Зубовской улице (от Дашкова переулка до Большой Пироговской улицы), Большой Пиро
21209;2025-05-17;14;closure;0;;;https://t.me/DtOperativno/21209;ЦОДД: напоминаем, что сегодня до 19:00 временно закрыто движение для транспорта на Садовом кольце — для поездок в центр города используйте метро  Движение закрыто:  🔹 на Садовом кольце в каждом направлении 🔹 на Зубовской улице 🔹 на улице Плющиха 🔹 на улице Еланского 🔹 на Большой Пироговской улице 🔹 в проезде Девичьего Поля  Также сегодня закрыт подъезд к ряду объектов в районе Садового кольца.  Стройте маршруты заранее с учетом временных ограничений. Для поездок по городу рекомендуем использовать метро.   Подробнее про изменения — на сайте.
21212;2025-05-17;19;closure|mass_event;0;;2025-05-17;https://t.me/DtOperativno/21212;1⃣2⃣3⃣4⃣5⃣ ЦОДД: 17 мая будет временно закрыто движение для транспорта на Садовом кольце в связи с проведением Московского велофестиваля, велогонки и беговой эстафеты.  Движение временно закроют:  🔹 17 мая с 00:01 до 20:00 на Зубовской улице (от Дашкова переулка…
21214;2025-05-17;19;closure|mass_event;0;;2025-05-17;https://t.me/DtOperativno/21214;1⃣2⃣3⃣4⃣5⃣ ЦОДД: 17 мая будет временно закрыто движение для транспорта на Садовом кольце в связи с проведением Московского велофестиваля, велогонки и беговой эстафеты.  Движение временно закроют:  🔹 17 мая с 00:01 до 20:00 на Зубовской улице (от Дашкова переулка…
21215;2025-05-17;21;closure|mass_event;0;;2025-05-17;https://t.me/DtOperativno/21215;1⃣2⃣3⃣4⃣5⃣ ЦОДД: 17 мая будет временно закрыто движение для транспорта на Садовом кольце в связи с проведением Московского велофестиваля, велогонки и беговой эстафеты.  Движение временно закроют:  🔹 17 мая с 00:01 до 20:00 на Зубовской улице (от Дашкова переулка…
21219;2025-05-18;15;closure;0;;2025-05-18;https://t.me/DtOperativno/21219;ЦОДД: 18 мая пройдет велогонка «Cyclingrace: Крылатские холмы» – будет временно закрыта для движения транспорта Крылатская улица  18 мая будет: 🔹 Закрыто движение с 8:00 до 15:00 на улице Крылатская от дома 2А по улице Крылатская до остановки «Дворец ледового…
21226;2025-05-20;8;closure|mass_event;0;;2025-05-22|2025-05-23|2025-05-24|2025-05-25;https://t.me/DtOperativno/21226;ЦОДД: 24 мая будут временно закрыты для движения транспорта несколько центральных набережных и улиц в Москве, а также участок Садового кольца в связи с проведением полумарафона «Забег.РФ».  Движение будет закрыто:  🔹 С 00:01 22 мая до 06:00 25 мая на площади Васильевский Спуск от Кремлевской набережной до Большого Москворецкого моста. 🔹 С 20:00 23 мая до 06:00 25 мая на Москворецкой улице от Москворецкой набережной до улицы Варварка. 🔹 24 мая с 05:00 до 21:00 на Большом Москворецком мосту, улице Варварка, а также в проезде от улицы Ильинка до улицы Варварка. 🔹 24 мая с 08:00 до 14:30 на Малом 
21227;2025-05-20;8;mass_event;0;;2025-05-24;https://t.me/DtOperativno/21227;24 мая с 4:50 до конца мероприятия будут изменены маршруты в центре Москвы — будет проводиться полумарафон «ЗaБeг.PФ».
21245;2025-05-21;18;closure;0;;;https://t.me/DtOperativno/21245;❗️На Новокуркинском шоссе (в районе д. 1) произошло ДТП. На месте работают оперативные службы города. Обстоятельства произошедшего и информация о пострадавших уточняются.  Движение в сторону области перекрыто и затруднено на 1,8 км. Пожалуйста, выбирайте пути объезда.
21246;2025-05-21;19;tram_works|tram_route_change;1;;;https://t.me/DtOperativno/21246;✅ По ночам после 23:50 восстановлено движение трамваев на разворотном кольце у метро «Войковская».   Трамваи 27, 30, 31 в это время снова будут ходить по своим обычным маршрутам и заезжать на кольцо у метро.   ⚠️ Далее начинается ремонт трамвайных путей на кольце «Проспект Маршала Жукова». После 0:40 трамваи не будут ходить по Живописной улице.   Маршрут трамвая 31 в это время работать не будет.   Последний рейс до проспекта Маршала Жукова:  🔹от метро «Войковская» – в 0:21  🔹от метро «Щукинская» – в 0:35.  Пользуйтесь трамваями 15 и 30 между метро «Сокол», «Войковская» и «Щукинская», а также а
21249;2025-05-21;20;closure;0;;;https://t.me/DtOperativno/21249;❗️На Новокуркинском шоссе (в районе д. 1) произошло ДТП. На месте работают оперативные службы города. Обстоятельства произошедшего и информация о пострадавших уточняются.  Движение в сторону области перекрыто и затруднено на 1,8 км. Пожалуйста, выбирайте пути…
21280;2025-05-24;10;closure;0;;2025-05-26|2025-09-24|2025-09-28;https://t.me/DtOperativno/21280;В период с 26 мая до 28 сентября будут закрыты для движения съезд с улицы Подольских Курсантов на Московский скоростной диаметр (ЮВХ) и съезд с МСД на улицу Подольских Курсантов, а также местный проезд в районе дома 13 по улице Подольских Курсантов. Это связано с проведением строительных работ.  Рекомендуем заранее планировать маршрут с учётом перекрытий.  Также с 26 мая до 24 сентября в зависимости от времени на участках улицы Подольских Курсантов будет недоступна для движения 1 полоса.  Подробнее – на инфографике👆
21282;2025-05-24;13;closure|mass_event;0;;2025-05-22|2025-05-24|2025-05-25;https://t.me/DtOperativno/21282;ЦОДД: 24 мая будут временно закрыты для движения транспорта несколько центральных набережных и улиц в Москве, а также участок Садового кольца в связи с проведением полумарафона «Забег.РФ».  Движение будет закрыто:  🔹 С 00:01 22 мая до 06:00 25 мая на площади…
21284;2025-05-24;21;closure|mass_event;0;;2025-05-22|2025-05-24|2025-05-25;https://t.me/DtOperativno/21284;ЦОДД: 24 мая будут временно закрыты для движения транспорта несколько центральных набережных и улиц в Москве, а также участок Садового кольца в связи с проведением полумарафона «Забег.РФ».  Движение будет закрыто:  🔹 С 00:01 22 мая до 06:00 25 мая на площади…
21300;2025-05-27;10;tram_route_change;1;26;;https://t.me/DtOperativno/21300;На Большой Черёмушкинской улице (в районе остановки «Улица Шверника») из-за ДТП на путях задерживаются трамваи № 26 и 38.  Маршруты временно изменены. Будьте внимательны, следите за объявлениями водителей.
21301;2025-05-27;11;tram_route_change;1;26;;https://t.me/DtOperativno/21301;На Большой Черёмушкинской улице (в районе остановки «Улица Шверника») из-за ДТП на путях задерживаются трамваи № 26 и 38.  Маршруты временно изменены. Будьте внимательны, следите за объявлениями водителей.
21302;2025-05-27;11;tram_route_change;1;26;;https://t.me/DtOperativno/21302;На Большой Черёмушкинской улице (в районе остановки «Улица Шверника») из-за ДТП на путях задерживаются трамваи № 26 и 38.  Маршруты временно изменены. Будьте внимательны, следите за объявлениями водителей.
21305;2025-05-27;15;closure|mass_event;0;;2025-05-31;https://t.me/DtOperativno/21305;ЦОДД: 31 мая в связи с проведением забега «Троицк без границ» будет временно закрыто движение для транспорта в ТиНАО.  Движение будет закрыто с 08:00 до 10:20 на участках:  🔹 Юбилейной улицы 🔹 Центральной улицы 🔹 Физической улицы 🔹 улицы Академика Черенкова 🔹 Солнечной улицы 🔹 Октябрьского проспекта  Рекомендуем заранее планировать маршрут с учетом перекрытий.   Подробнее — по ссылке.
21306;2025-05-27;15;closure;0;;2025-05-31;https://t.me/DtOperativno/21306;1️⃣2️⃣3️⃣4️⃣5️⃣6️⃣7️⃣8️⃣ ЦОДД: 31 мая временно закроют движение на улице Крылатская в связи с проведением «Первенства России по триатлону»:  🔹 С 06:30 до 13:00 будет закрыто движение на улице Крылатская от дома 2А до дома 15 🔹 С 00:01 до окончания мероприятия запрещена парковка на участках ограничений.  Стройте маршрут заранее с учетом временных ограничений. Подробнее — на сайте.
21311;2025-05-27;16;closure;0;;;https://t.me/DtOperativno/21311;"1️⃣1️⃣2️⃣3️⃣4️⃣5️⃣6️⃣7️⃣ На дорогах — 5 баллов по данным ЦОДД. До 20:00 для поездок рекомендуем использовать городской транспорт.   Интенсивное движение сейчас на:  🔹 внешней стороне Садового кольца от проспекта Академика Сахарова до Баррикадной улицы; 🔹 внутренней стороне Садового кольца от Таганского до Добрынинского тоннеля; 🔹 Москворецкой и Кремлевской набережных.  В часы вечернего разъезда ожидаем локальные затруднения движения на:  🔹 Кутузовском проспекте по направлению в центр;  🔹 внешней стороне Садового кольца от Старой Басманной улицы до Баррикадной улицы; 🔹 внутренней стороне Садово"
21314;2025-05-28;5;closure;0;;;https://t.me/DtOperativno/21314;Перекрыто движение по Озёрной аллее (г. Зеленоград) от пересечения с Каштановой аллеей до д. 5с2 по Озёрной аллее.   Пожалуйста, выбирайте пути объезда.
21316;2025-05-28;9;mass_event;0;;2025-05-31;https://t.me/DtOperativno/21316;31 мая с 2:40 до конца мероприятия будут изменены маршруты у метро «Китай-город» и на набережных Москвы-реки — будет проводиться легкоатлетический забег «Зелёный марафон».
21328;2025-05-28;10;closure;0;;2025-06-01;https://t.me/DtOperativno/21328;1️⃣2️⃣3️⃣4️⃣5️⃣6️⃣7️⃣8️⃣ ЦОДД: 1 июня в связи с проведением «Большого Московского триатлона» ряд улиц в СЗАО и ЗАО будет закрыт для движения транспорта  1 июня с 7:00 до 15:45 будет закрыто движение:  🔹 на Крылатской улице от дома 16 до улицы Нижние Мневники 🔹 на участке Северо-Западной хорды и улицы Нижние Мневники от проспекта Маршала Жукова до Крылатской улицы (движение в сторону проспекта Маршала Жукова сохранится) 🔹 в боковом проезде Крылатской улицы от дома 2А до въезда на территорию Гребного канала 🔹 на съезде на Северо-Западную хорду (в сторону Рублевского шоссе) с Островной улицы  Так
21331;2025-05-28;11;closure;0;;;https://t.me/DtOperativno/21331;Перекрыто движение по Озёрной аллее (г. Зеленоград) от пересечения с Каштановой аллеей до д. 5с2 по Озёрной аллее.   Пожалуйста, выбирайте пути объезда.
21332;2025-05-28;12;closure;0;;;https://t.me/DtOperativno/21332;"ЦОДД: в 6 баллов оценивается дорожная ситуация по данным ЦОДД. Для поездок используйте метро — движение в центральной части города интенсивное.  Интенсивное движение сейчас наблюдаем на:  🔹 внешней стороне ТТК от Русаковской эстакады до улицы Сущевский Вал; 🔹 внутренней стороне ТТК от Лужнецкой до Хорошевской эстакады; 🔹 внешней стороне ТТК в районе Киевского путепровода.  Во второй половине дня локальные ограничения движения ожидаем на:  🔹 внешней стороне ТТК в районе Савеловской эстакады; 🔹 внутренней стороне ТТК в районе Беговой улицы; 🔹 внутренней стороне Садового кольца в районе Житной ул"
21334;2025-05-28;13;closure|mass_event;0;;2025-05-29|2025-05-31|2025-06-01;https://t.me/DtOperativno/21334;1️⃣2️⃣3️⃣4️⃣5️⃣6️⃣7️⃣8️⃣ ЦОДД: 31 мая временно закроют движение на нескольких набережных и улицах в центре Москвы в связи с проведением забега «Зеленый марафон».  Движение будет закрыто:  🔹 С 03:00 до 13:00 на Новой и Старой площадях.  🔹 С 03:00 до 18:00 на Большом Москворецком мосту, на улицах Ильинка, Варварка, Москворецкая, а также на площади Васильевский Спуск.  🔹 С 07:00 до 13:00 на центральных набережных: Софийской, Раушской, Космодамианской, Устьинской, Котельнической, Гончарной, Краснохолмской, Москворецкой, Кремлевской, Пречистенской, Фрунзенской и Лужнецкой.  🔹 С 07:00 до 13:00 на Бо
21339;2025-05-28;15;closure;0;;;https://t.me/DtOperativno/21339;"1️⃣1️⃣2️⃣3️⃣4️⃣5️⃣6️⃣7️⃣ На дорогах — 6 баллов по данным ЦОДД. До 20:00 для поездок используйте метро.   Интенсивное движение сейчас на:  🔹 внутренней стороне Крымского моста; 🔹 внешней стороне Садовой-Каретной улицы; 🔹 МКАД в районе улицы Маршала Катукова в оба направления.  В часы вечернего разъезда ожидаем локальные затруднения движения на:  🔹 внешней стороне Садового кольца в районе Самотечной эстакады;  🔹 Рождественском бульваре по направлению к Трубной площади; 🔹 1-й Тверской-Ямской улице в оба направления.  В вечерний разъезд рекомендуем использовать метро. Если поездок на автомобиле не"
21342;2025-05-28;19;closure;0;;;https://t.me/DtOperativno/21342;"ЦОДД: Средняя скорость потока — 28 км/ч.  По данным ЦОДД, движение оценивается в 7 баллов.  Интенсивное движение сейчас на:  🔹 внешней стороне Садового кольца в районе Садовой-Кудринской улицы; 🔹 Краснопресненской набережной в направлении Смоленской набережной; 🔹 Смоленской улице в направлении Садового кольца; 🔹 Тверской улице по направлению в центр.  На движение влияют:  🔹 локальные ограничения движения; 🔹 ремонтные работы на дороге; 🔹 мелкие ДТП."
21350;2025-05-29;9;closure;0;;2025-05-31|2025-06-01|2025-06-07|2025-06-08;https://t.me/DtOperativno/21350;В выходные дни с 31 мая по 1 июня и с 7 июня по 8 июня изменится схема движения в центре и на юго-западе Москвы  В связи со строительными работами будет временно закрыт участок «Октябрьская» – «Новые Черёмушки» Калужско-Рижской линии метро.   Вдоль закрытых станций будут курсировать бесплатные автобусы для комфорта пассажиров. Для их свободного проезда без задержек мы временно изменим схему движения для автомобилей на этот период.  Что поменяется:  🔹 На улице Профсоюзная и проспекте 60-летия Октября перед пересечениями с другими улицами (Вавилова, Дмитрия Ульянова, Нахимовский проспект, Гариба
21358;2025-05-29;16;closure;0;;;https://t.me/DtOperativno/21358;Временно закрыт прямой проезд с Краснопрудного переулка к Ярославскому и Ленинградскому вокзалам.  Для объезда просим водителей использовать разворот под Русаковской эстакадой.
21367;2025-05-29;20;closure;0;;2025-05-30|2025-06-01;https://t.me/DtOperativno/21367;С 06:00 30 мая до 10:00 1 июня участок Кудринской площади в районе дома 1 будет закрыт для проезда. Это связано с проведением мероприятия «Ночь Московского спорта».  Рекомендуем заранее планировать маршрут с учётом перекрытия.   Подробнее – на сайте👆
21371;2025-05-30;1;closure;0;;;https://t.me/DtOperativno/21371;❗️На внутренней стороне 97-го км МКАД (в районе Метрогородка)  произошло ДТП с участием двух автомобилей. На месте работают оперативные службы города.   Обстоятельства произошедшего и информация о пострадавших уточняются. Движение в районе ДТП перекрыто. Пожалуйста, выбирайте пути объезда.
21372;2025-05-30;4;closure;0;;;https://t.me/DtOperativno/21372;❗️На внутренней стороне 97-го км МКАД (в районе Метрогородка)  произошло ДТП с участием двух автомобилей. На месте работают оперативные службы города.   Обстоятельства произошедшего и информация о пострадавших уточняются. Движение в районе ДТП перекрыто. Пожалуйста…
21375;2025-05-30;12;closure;0;;2025-05-31;https://t.me/DtOperativno/21375;ЦОДД: Напоминаем, завтра будет временно закрыт ряд набережных — для поездок в центр рекомендуем использовать метро  Движение будет закрыто:  🔹 С 03:00 до 13:00 на Новой и Старой площадях.  🔹 С 03:00 до 18:00 на Большом Москворецком мосту, на улицах Ильинка, Варварка, Москворецкая, а также на площади Васильевский Спуск.  🔹 С 07:00 до 13:00 на центральных набережных: Софийской, Раушской, Космодамианской, Устьинской, Котельнической, Гончарной, Краснохолмской, Москворецкой, Кремлевской, Пречистенской, Фрунзенской и Лужнецкой.  🔹 С 07:00 до 13:00 на Большом и Малом Устьинских мостах, на улицах Садо
21377;2025-05-30;14;tram_works|tram_route_change;1;;2025-05-31;https://t.me/DtOperativno/21377;⚠️ С 31 мая по выходным трамваи не будут ходить в Нагатино.   Трамваи 47 в эти дни поедут от метро «Октябрьская» через метро «Нагатинская» до Нижних Котлов.   Маршрут трамвая 49 работать не будет.   Вместо трамваев – автобус 049 от метро «Нагатинская» в Нагатино.   Изменения – на время ремонта трамвайных путей на Нагатинской улице. Основные работы проводятся только по выходным, когда пассажиров меньше. По будням трамваи будут ходить по своим обычным маршрутам.
21379;2025-05-30;16;mass_event;0;;2025-05-31;https://t.me/DtOperativno/21379;⚠️ В субботу, 31 мая, примерно до 13:30 автобусы не будут ходить между Павелецким вокзалом и метро «Чистые пруды».   В это время автобусы 913 будут ходить от 3-го Павелецкого проезда до Павелецкого вокзала.   Пользуйтесь метро, а также автобусом м90 у метро «Новокузнецкая».   Изменения – на время проведения Зелёного марафона.
21380;2025-05-30;17;closure;0;;2025-05-31|2025-06-01|2025-06-07|2025-06-08;https://t.me/DtOperativno/21380;В выходные дни с 31 мая по 1 июня и с 7 июня по 8 июня изменится схема движения в центре и на юго-западе Москвы  В связи со строительными работами будет временно закрыт участок «Октябрьская» – «Новые Черёмушки» Калужско-Рижской линии метро.   Вдоль закрытых…
21391;2025-05-31;10;closure|mass_event;0;;2025-06-01|2025-06-06;https://t.me/DtOperativno/21391;1️⃣2️⃣3️⃣4️⃣5️⃣6️⃣7️⃣8️⃣ ЦОДД: В связи с проведением футбольных матчей 1 и 6 июня будет временно закрыто движение в районе спорткомплекса «Лужники».  Движение будет закрыто:  🔹 1 и 6 июня с 8:00 до окончания мероприятия на съезде с улицы Хамовнический Вал на улицу Доватора.  🔹 1 июня с 19:00 до окончания матча и 6 июня с 21:00 до окончания мероприятия на участках улиц: Савельева, Доватора, 10-летия Октября, 3-я Фрунзенская, Ефремова, Трубецкая, в Проектируемом проезде № 2309 от улицы Усачева до улицы Доватора, в переулке Хользунова и на дублере Комсомольского проспекта от переулка Хользунова д
21394;2025-05-31;12;closure;0;;2025-05-31;https://t.me/DtOperativno/21394;1️⃣2️⃣3️⃣4️⃣5️⃣6️⃣7️⃣8️⃣ ЦОДД: 31 мая временно закроют движение на улице Крылатская в связи с проведением «Первенства России по триатлону»:  🔹 С 06:30 до 13:00 будет закрыто движение на улице Крылатская от дома 2А до дома 15 🔹 С 00:01 до окончания мероприятия…
21395;2025-05-31;12;closure|mass_event;0;;2025-05-31;https://t.me/DtOperativno/21395;1️⃣2️⃣3️⃣4️⃣5️⃣6️⃣7️⃣8️⃣ ЦОДД: 31 мая временно закроют движение на нескольких набережных и улицах в центре Москвы в связи с проведением забега «Зеленый марафон».  Движение будет закрыто:  🔹 С 03:00 до 13:00 на Новой и Старой площадях.  🔹 С 03:00 до 18:00 на…
21403;2025-06-02;8;tram_works;1;;2025-06-02;https://t.me/DtOperativno/21403;✅ Со 2 июня восстановлено движение трамваев по Бульварному кольцу.   Трамваи А, 3, 39 снова ходят по Бульварному кольцу – до Большого Харитоньевского переулка.   Автобусы 913 вернулись на прежнюю трассу от 3-го Павелецкого проезда до Павелецкого вокзала.   ⚠️ Обращаем внимание, что работы по благоустройству на Тургеневской площади продолжаются.   Остановка «Метро «Чистые пруды» для трамваев А, 3, 39 временно не работает.   Пользуйтесь остановкой «Большой Харитоньевский переулок».
21415;2025-06-02;16;tram_works|tram_route_change;1;;2025-06-05|2025-06-06;https://t.me/DtOperativno/21415;⚠️ С 22:00 5 июня до примерно 11:30 6 июня трамваи не будут ходить между Каланчёвской улицей и Белорусским вокзалом.   В это время трамваи поедут по изменённым маршрутам:   🔹7 – от метро «Бульвар Рокоссовского» до Каланчёвской улицы   🔹9 – работать не будет   🔹50 – от ДК «Компрессор» до Каланчёвской улицы   Вместо трамваев пользуйтесь автобусами:   🔹м5 – продлевается от метро «Достоевская» через Лесную улицу до Белорусского вокзала   🔹с510 – продлевается от Тихвинской улицы до метро «Новослободская»   Также пользуйтесь метро и автобусами м53, 604.
21417;2025-06-02;16;tram_works|tram_route_change;1;;2025-06-07;https://t.me/DtOperativno/21417;⚠️ С 7 июня по выходным трамваи не будут ходить между метро «Авиамоторная» и «Шоссе Энтузиастов».   В эти дни трамваи поедут по изменённым маршрутам:   🔹2 – от Курского вокзала до ДК «Компрессор» (метро «Авиамоторная»)   🔹12 – от остановки «Восточное Измайлово» через проспект Будённого до МЦД Новогиреево   🔹37 – от Каланчёвской улицы через метро «Авиамоторная», «Площадь Ильича», «Пролетарская» и «Дубровка» до МЦК Угрешская   Пользуйтесь автобусами т30, 125, т53 и Калининской линией метро.   Изменения – на время ремонта трамвайных путей на шоссе Энтузиастов. Основные работы проводятся только в 
21418;2025-06-02;16;tram_works|tram_route_change|mass_event;1;;2025-06-08;https://t.me/DtOperativno/21418;⚠️ В воскресенье, 8 июня, примерно до 13:30 трамваи не будут ходить между Каланчёвской улицей и Белорусским вокзалом.   В это время трамваи поедут по изменённым маршрутам:   🔹7 – от метро «Бульвар Рокоссовского» до Каланчёвской улицы   🔹50 – от ДК «Компрессор» до Каланчёвской улицы   Вместо трамваев пользуйтесь автобусами:   🔹м53 – от ВДНХ (главный вход) через метро «Достоевская» до Белорусского вокзала   🔹с510 – продлевается от Тихвинской улицы до метро «Новослободская»   Также пользуйтесь метро и автобусом 604.   Изменения – на время проведения «Красочного забега».
21424;2025-06-03;5;closure;0;;;https://t.me/DtOperativno/21424;❗️На проспекте Генерала Дорохова (в районе Рябиновой улицы) произошло ДТП.  На месте работают оперативные службы города. Обстоятельства произошедшего и информация о пострадавших уточняются.  Движение по дублеру и разворот под эстакадой по ул. Рябиновая перекрыты. Пожалуйста, выбирайте пути объезда.
21428;2025-06-03;10;closure;0;;2025-05-26|2025-06-08|2025-08-28|2025-12-25;https://t.me/DtOperativno/21428;С 8 июня 2025 г. до 25 декабря 2027 г. участки Строгинского бульвара будут закрыты для проезда. Это связано с проведением работ по строительству объектов метрополитена.  Рекомендуем заранее планировать маршрут с учётом перекрытий.  Также в период с 26 мая до 28 августа 2025 г. на участках Строгинского бульвара и местного проезда в районе дома 7, корпус 1 будет недоступна для движения 1 полоса.   Подробнее – на инфографике👆
21429;2025-06-03;10;mass_event;0;;2025-06-06;https://t.me/DtOperativno/21429;6 июня с 7:50 до конца мероприятия автобусы м5, м6, с216, 220, с249, с263 и с755 не будут заезжать к метро «Спортивная» — будет проводиться международный товарищеский матч в Лужниках.
21430;2025-06-03;11;tram_works|tram_route_change|mass_event;1;;2025-06-08;https://t.me/DtOperativno/21430;⚠️ В воскресенье, 8 июня, трамваи не будут ходить между Павелецким вокзалом и метро «Чистые пруды».   В этот день трамваи поедут по изменённым маршрутам:   🔹А – от МЦД Калитники через метро «Пролетарская» до МЦК Дубровка   🔹3 – от метро «Чертановская» через Павелецкий вокзал до метро «Пролетарская»   🔹39 – от метро «Университет» через Павелецкий вокзал до метро «Пролетарская»   Вместо трамваев пользуйтесь автобусом 913 – маршрут будет продлён от метро «Павелецкая» по трамвайным путям до Воронцова Поля.   Пользуйтесь метро до «Новокузнецкой» и «Чистых прудов».   Изменения – на время фестиваля х
21431;2025-06-03;14;closure;0;;;https://t.me/DtOperativno/21431;❗️На проспекте Генерала Дорохова (в районе Рябиновой улицы) произошло ДТП.  На месте работают оперативные службы города. Обстоятельства произошедшего и информация о пострадавших уточняются.  Движение по дублеру и разворот под эстакадой по ул. Рябиновая перекрыты.…
21446;2025-06-05;11;closure|mass_event;0;;2025-06-07|2025-06-08|2025-06-09;https://t.me/DtOperativno/21446;1️⃣2️⃣3️⃣4️⃣5️⃣6️⃣7️⃣8️⃣ ЦОДД: 8 июня закроют движение для транспорта на ряде бульваров в центре в связи с проведением фестиваля ходьбы и бега «10 000 шагов».   С 00:01 8 июня до 05:00 9 июня будет закрыто движение на:  🔹 Гоголевском бульваре (внутренняя сторона) от улицы Волхонка до улицы Знаменка.  🔹 Никитском бульваре (внутренняя сторона) от дома 12 по Новинскому бульвару до Большой Никитской улицы.  🔹 Тверском бульваре (внутренняя сторона) от Большой Никитской улицы до Тверской улицы.  🔹 Страстном бульваре (внутренняя сторона) от Нарышкинского проезда до улицы Петровка.  🔹 Петровском бульв
21447;2025-06-05;11;mass_event;0;;2025-06-07;https://t.me/DtOperativno/21447;7 июня с 23:40 до конца мероприятия изменятся маршруты Б, м5, с344, с511, 538 и н6 в центре Москвы — будет проводиться «Красочный забег» и фестиваль «10000 шагов».
21448;2025-06-05;13;tram_route_change;1;7|50;;https://t.me/DtOperativno/21448;На проспекте Мира (в районе остановки «Спорткомплекс Олимпийский») из-за повреждения контактной сети сторонним транспортом задерживаются трамваи № 7 и 50.  Маршруты временно изменены. Будьте внимательны, следите за объявлениями водителей.
21450;2025-06-05;15;tram_route_change;1;7|50;;https://t.me/DtOperativno/21450;На проспекте Мира (в районе остановки «Спорткомплекс Олимпийский») из-за повреждения контактной сети сторонним транспортом задерживаются трамваи № 7 и 50.  Маршруты временно изменены. Будьте внимательны, следите за объявлениями водителей.
21452;2025-06-05;17;closure;0;;2025-06-06;https://t.me/DtOperativno/21452;ЦОДД: Напоминаем, что сегодня и завтра временно закроют проезд для движения транспорта на нескольких улицах в ЦАО, ЗАО и СВАО.  Сегодня с 23:00 до 11:00 6 июня движение будет закрыто на улице Дурова.   Завтра — 6 июня — движение будет закрыто: 🔹 С 00:01 до 11:00 на улицах Щепкина, Мещанская, Гиляровского, Большая Татарская.  🔹 С 00:01 до 11:00 в переулках Капельский, Выползов, Старый Толмачевский, Климентовский, Озерковский и Малый Татарский.  🔹 С 00:01 до 12:00 на улице Минская при движении в сторону Кутузовского проспекта, на съездах с проспекта Генерала Дорохова при движении в область и цен
21457;2025-06-05;21;closure;0;;2025-06-08|2025-06-11|2025-06-12;https://t.me/DtOperativno/21457;7 и 8 июня в период с 09:00 до 21:00, с 21:30 11 июня до 08:30 12 июня будет закрыт для проезда участок Западной улицы. Это связано с проведением киносъёмок.  Рекомендуем заранее планировать маршрут с учётом перекрытия.  Подробнее – на инфографике👆
21458;2025-06-06;7;closure;0;;;https://t.me/DtOperativno/21458;Доброе утро!  Сегодня в городе ожидается облачная погода с прояснениями, местами возможен кратковременный дождь 🌧   Напоминаем, что сегодня временно закрыт проезд для движения транспорта на нескольких улицах в ЦАО, ЗАО и СВАО. Будьте внимательные и стройте маршрут заранее.  В связи с коротким рабочим днем вечерний разъезд начнется сегодня раньше — около 16:00. Рекомендуем выезжать до него или отложить поездку на более позднее время.   Будьте внимательны за рулем. Соблюдайте скоростной режим и дистанцию.  Удачной дороги 💚
21460;2025-06-06;8;closure;0;;2025-06-08|2025-07-13|2025-08-17;https://t.me/DtOperativno/21460;1️⃣2️⃣3️⃣4️⃣5️⃣6️⃣7️⃣8️⃣ ЦОДД: 8 июня в связи с проведением триатлона «Кубок Грома» временно закроют движение для транспорта на улице Крылатская.   Движение будет закрыто с 07:00 до 10:00 на участке Крылатской улицы от дома 16 до улицы Нижние Мневники:  🔹 8 июня 🔹 13 июля 🔹 17 августа  Также на этом участке будет запрещена парковка:  🔹 8 июня с 00:01 до окончания мероприятия 🔹 13 июля с 00:01 до окончания мероприятия 🔹 17 августа с 00:01 до окончания мероприятия  Будьте внимательны и планируйте маршрут с учетом временных ограничений.   Подробную информацию о перекрытиях можно узнать на сайте. 
21461;2025-06-06;8;closure;0;;2025-06-06;https://t.me/DtOperativno/21461;ЦОДД: Напоминаем, что сегодня и завтра временно закроют проезд для движения транспорта на нескольких улицах в ЦАО, ЗАО и СВАО.  Сегодня с 23:00 до 11:00 6 июня движение будет закрыто на улице Дурова.   Завтра — 6 июня — движение будет закрыто: 🔹 С 00:01 до…
21462;2025-06-06;8;closure;0;;2025-06-06;https://t.me/DtOperativno/21462;ЦОДД: Напоминаем, что сегодня и завтра временно закроют проезд для движения транспорта на нескольких улицах в ЦАО, ЗАО и СВАО.  Сегодня с 23:00 до 11:00 6 июня движение будет закрыто на улице Дурова.   Завтра — 6 июня — движение будет закрыто: 🔹 С 00:01 до…
21466;2025-06-06;10;closure;0;;2025-05-31|2025-06-01|2025-06-07|2025-06-08;https://t.me/DtOperativno/21466;В выходные дни с 31 мая по 1 июня и с 7 июня по 8 июня изменится схема движения в центре и на юго-западе Москвы  В связи со строительными работами будет временно закрыт участок «Октябрьская» – «Новые Черёмушки» Калужско-Рижской линии метро.   Вдоль закрытых…
21469;2025-06-06;10;closure|mass_event;0;;2025-06-07|2025-06-08;https://t.me/DtOperativno/21469;ЦОДД: В связи с проведением спортивного мероприятия «Красочный забег» 8 июня будет временно закрыто движение для транспорта на ряде улиц в ЦАО.  Движение будет закрыто 8 июня: 🔹 С 03:00 до 14:00 на Олимпийском проспекте от Садовой-Самотечной улицы до улицы Дурова. 🔹 С 04:00 до 14:00 на Цветном бульваре от Садовой-Самотечной до Трубной площади (при движении в сторону центра). 🔹 С 06:00 до 14:00 на Цветном бульваре от Трубной площади до Садовой-Самотечной улицы (при движении в сторону области). 🔹 С 07:00 до 13:00 на Олимпийском проспекте (от улицы Дурова до Трифоновской улицы), на улице Дурова (
21488;2025-06-08;9;closure|mass_event;0;;;https://t.me/DtOperativno/21488;"ЦОДД: напоминаем, что сегодня в связи с проведением спортивных мероприятий будет временно закрыт ряд улиц в столице  Движение будет временно закрыто в связи с проведением:  🔹 триатлона «Кубок Грома» в Крылатском; 🔹 забега «Красочный забег» в  центре; 🔹 фестиваля ходьбы и бега «10 000 шагов» на Бульварном кольце.  Также на участках ограничений запрещена парковка.   Стройте маршрут заранее с учетом временных ограничений. Вся подробная информация — по ссылке."
21489;2025-06-08;13;closure|mass_event;0;;2025-06-08;https://t.me/DtOperativno/21489;ЦОДД: В связи с проведением спортивного мероприятия «Красочный забег» 8 июня будет временно закрыто движение для транспорта на ряде улиц в ЦАО.  Движение будет закрыто 8 июня: 🔹 С 03:00 до 14:00 на Олимпийском проспекте от Садовой-Самотечной улицы до улицы…
21490;2025-06-08;13;weather_alert;0;;;https://t.me/DtOperativno/21490;1️⃣2️⃣3️⃣4️⃣ ЦОДД: в городе местами идет дождь — соблюдайте дистанцию и скоростной режим.  По прогнозу синоптиков, до конца дня в Москве ожидаются ливень с грозой и сильный ветер до 20-25 м/с.  Будьте внимательны за рулем:  🔹 Соблюдайте скоростной режим и дистанцию. 🔹 Избегайте резких маневров. 🔹 Не отвлекайтесь на телефон во время движения. 🔹 Не оставляйте автомобиль и не стойте сами вблизи деревьев и шатких конструкций.  За ситуацией на дорогах круглосуточно следят Ситуационный центр и Дорожный патруль ЦОДД.  Если увидите сломанный знак или светофор, звоните с мобильного по номеру 3210.
21491;2025-06-08;14;closure|mass_event;0;;2025-06-08;https://t.me/DtOperativno/21491;ЦОДД: В связи с проведением спортивного мероприятия «Красочный забег» 8 июня будет временно закрыто движение для транспорта на ряде улиц в ЦАО.  Движение будет закрыто 8 июня: 🔹 С 03:00 до 14:00 на Олимпийском проспекте от Садовой-Самотечной улицы до улицы…
21492;2025-06-08;18;closure;0;;;https://t.me/DtOperativno/21492;❗️В связи с пожаром на Большой Семеновской улице, д. 49А перекрыто движение по Проектируемому проезду № 64. На месте работают оперативные службы города.  Обстоятельства произошедшего и информация о пострадавших уточняются. Пожалуйста, выбирайте пути объезда.
21495;2025-06-08;20;closure;0;;;https://t.me/DtOperativno/21495;❗️В связи с пожаром на Большой Семеновской улице, д. 49А перекрыто движение по Проектируемому проезду № 64. На месте работают оперативные службы города.  Обстоятельства произошедшего и информация о пострадавших уточняются. Пожалуйста, выбирайте пути объезда.
21498;2025-06-09;7;weather_alert;0;;;https://t.me/DtOperativno/21498;"1️⃣2️⃣3️⃣4️⃣5️⃣6️⃣7️⃣ ЦОДД: сегодня в Москве обещают ливень с грозой и сильный ветер — для поездок в течение дня рекомендуем использовать метро   По прогнозам синоптиков, до сегодняшнего вечера в городе местами будут сильный дождь с грозой и ветер до 17 м/с.  Если поездок на машине не избежать, рекомендуем водителям:  🔹 Соблюдать скоростной режим и дистанцию; 🔹 Не парковать автомобили вблизи деревьев и шатких конструкций; 🔹 Избегать резких маневров; 🔹 Заранее снижать скорость вблизи пешеходных переходов.  За ситуацией на дороге круглосуточно следят Ситуационный центр и экипажи Дорожного патрул"
21501;2025-06-09;10;tram_route_change;1;7;;https://t.me/DtOperativno/21501;В Перуновском переулке (в районе остановки «Улица Палиха») по техническим причинам задерживаются трамваи № 7 и 9.   Маршруты временно изменены. Будьте внимательны, следите за объявлениями водителей.
21502;2025-06-09;11;tram_route_change;1;7;;https://t.me/DtOperativno/21502;В Перуновском переулке (в районе остановки «Улица Палиха») по техническим причинам задерживаются трамваи № 7 и 9.   Маршруты временно изменены. Будьте внимательны, следите за объявлениями водителей.
21508;2025-06-10;8;closure|mass_event;0;;2025-06-10|2025-06-11;https://t.me/DtOperativno/21508;ЦОДД: в связи с проведением концерта ко Дню России 11 июня временно закроют движение для транспорта в центре Москвы.  11 июня с 07:00 до 23:00 будет закрыто движение:  🔹 на улице Ильинка от Новой площади до Красной площади 🔹 на улице Варварка от Старой площади до Большого Москворецкого моста 🔹 в проезде между улицами Ильинка и Варварка в районе дома 5 по Красной площади  Также будет временно запрещена парковка:  🔹 10 июня с 00:01 до окончания мероприятия на Фрунзенской набережной 🔹 11 июня с 00:01 до окончания мероприятия на улицах Ильинка и Варварка  Стройте маршрут заранее с учетом временных
21509;2025-06-10;9;mass_event;0;;2025-06-11;https://t.me/DtOperativno/21509;11 июня с 6:30 до конца мероприятия автобусы м90 и 538 не будут ходить по Варварке — будет проводиться Большой праздничный концерт.
21521;2025-06-10;18;closure;0;;;https://t.me/DtOperativno/21521;ЦОДД: напоминаем, что завтра в центре города будут закрыты несколько улиц  С 07:00 до 23:00 будет закрыто движение:  🔹 на улице Ильинка от Новой площади до Красной площади 🔹 на улице Варварка от Старой площади до Большого Москворецкого моста 🔹 в проезде между улицами Ильинка и Варварка в районе дома 5 по Красной площади  Также обращаем внимание, что будет запрещена парковка на участках ограничений. Стройте маршрут заранее с учетом временных изменений.   Вся подробная информация — по ссылке.
21527;2025-06-11;14;closure;0;;2025-06-15;https://t.me/DtOperativno/21527;ЦОДД: 15 июня будет временно закрыто движение для транспорта в ТиНАО в связи с проведением крестного хода.  Движение будет временно закрыто с 10:30 до 11:30:  🔹 на улице Быстролетова 🔹 на улице Бачуринская 🔹 на улице Липовый Парк 🔹 на улице Александры Монаховой 🔹 на улице Лазурная 🔹 в местном проезде от улицы Быстролетова до Бачуринской улицы  Стройте маршрут заранее с учетом временных изменений. Вся подробная информация — по ссылке.
21531;2025-06-11;16;closure;0;;2025-04-10;https://t.me/DtOperativno/21531;Напоминаем, что до 10 апреля 2026 г. участок 2-го Обыденского переулка закрыт для проезда. Это связано с проведением строительных работ.  Рекомендуем заранее планировать маршрут с учётом перекрытия.  Также на некоторых участках 2-го Обыденского переулка организовано двустороннее движение и запрещена парковка. На участке 3-го Обыденского переулка организовано одностороннее движение.  Будьте внимательны. Обращайте внимание на знаки.  Подробнее – на инфографике👆
21537;2025-06-11;22;closure|mass_event;0;;2025-06-11;https://t.me/DtOperativno/21537;ЦОДД: в связи с проведением концерта ко Дню России 11 июня временно закроют движение для транспорта в центре Москвы.  11 июня с 07:00 до 23:00 будет закрыто движение:  🔹 на улице Ильинка от Новой площади до Красной площади 🔹 на улице Варварка от Старой площади…
21542;2025-06-12;20;weather_alert;0;;2025-06-14;https://t.me/DtOperativno/21542;"1️⃣2️⃣3️⃣4️⃣5️⃣6️⃣7️⃣ ЦОДД: завтра и послезавтра в Москве обещают ливень с грозой и сильный ветер — соблюдайте скоростной режим и дистанцию    По прогнозам синоптиков, завтра и 14 июня в городе местами ожидаются сильный дождь с грозой и ветер до 17 м/с.  Рекомендуем водителям:  🔹 Не парковать автомобили вблизи деревьев и шатких конструкций; 🔹 Избегать резких маневров; 🔹 Заранее снижать скорость вблизи пешеходных переходов. 🔹 Не отвлекаться на телефон во время движения.  За ситуацией на дороге круглосуточно следят Ситуационный центр и экипажи Дорожного патруля ЦОДД.  Если увидите сломанный знак"
21548;2025-06-13;12;weather_alert;0;;;https://t.me/DtOperativno/21548;"1️⃣2️⃣3️⃣4️⃣5️⃣6️⃣7️⃣ ЦОДД: сегодня и завтра Москве ожидаются сильный дождь с грозой и ветер — соблюдайте скоростной режим и дистанцию    По прогнозам синоптиков, сегодня и завтра в Москве обещают ливень и сильный ветер до 17 м/с.  Рекомендуем водителям:  🔹 Не парковать автомобили вблизи деревьев и шатких конструкций; 🔹 Избегать резких маневров; 🔹 Заранее снижать скорость вблизи пешеходных переходов. 🔹 Не отвлекаться на телефон во время движения.  Если увидите сломанный знак/светофор, звоните с мобильного по номеру 3210."
21564;2025-06-16;12;tram_works|tram_route_change;1;;2025-06-16;https://t.me/DtOperativno/21564;⚠️ С 16 июня по ночам после 23:50 трамваи не будут заезжать на разворотное кольцо у метро «Войковская».   В это время трамваи поедут по измененным маршрутам:   🔹27 — от метро «Дмитровская» через 1-й Новоподмосковный переулок (метро «Войковская») до метро «Сокол»   🔹30 — при движении в Михалково не будет заезжать на кольцо у метро «Войковская»   🔹31 — от проспекта Маршала Жукова до метро «Щукинская»   Вместо остановки «Метро «Войковская» на разворотном кольце пользуйтесь остановкой «1-й Новоподмосковный переулок».   Изменения связаны с ремонтом трамвайных путей на разворотном кольце у метро «Во
21570;2025-06-17;10;closure;0;;2025-06-20|2025-07-30;https://t.me/DtOperativno/21570;С 20 июня до 30 июля участок местного проезда в районе дома 9, корпус 2 по Каширскому шоссе будет закрыт для движения. Это связано с проведением строительных работ.  Также на участке перекрытия будет временно запрещена парковка. Обращайте внимание на знаки.  Подробнее – на инфографике👆
21590;2025-06-18;9;weather_alert;0;;;https://t.me/DtOperativno/21590;"1️⃣2️⃣3️⃣4️⃣ ЦОДД: в городе местами идет сильный дождь — соблюдайте скоростной режим и дистанцию  По прогнозам синоптиков, сильный дождь с грозой и ветер до 15 м/с ожидаются в Москве до конца сегодняшнего дня.  Рекомендуем водителям:  🔹 Не отвлекаться на телефон во время движения; 🔹 Избегать резких маневров; 🔹 Быть особенно аккуратными на подъемах и спусках с мостов и эстакад; 🔹 Заранее снижать скорость перед пешеходными переходами.  Это сделает поездку безопасной и комфортной для вас и других участников движения.  За ситуацией на дороге 24/7 следят Ситуационный центр и экипажи Дорожного патру"
21592;2025-06-18;12;closure|mass_event;0;;2025-06-21;https://t.me/DtOperativno/21592;ЦОДД: В связи с проведением фестиваля «Две реки» 21 июня будет временно закрыто движение для транспорта на участках набережных в ЦАО.  Движение будет закрыто 21 июня с 04:00 до 23:59:  🔹 на Болотной набережной от Берсеневской набережной до Берсеневского переулка. 🔹 на Берсеневской набережной от Берсеневского переулка до Болотной набережной.  Также на участках перекрытия будет запрещена парковка 21 июня с 00:01 до окончания мероприятия.  Будьте внимательны. Стройте маршрут заранее с учетом временных ограничений. Вся подробная информация – на сайте.
21593;2025-06-18;15;closure;0;;;https://t.me/DtOperativno/21593;В связи с проведением дорожных работ на ул. Дмитрия Ульянова в районе д.24 временно перекрыто движение.  Пожалуйста, выбирайте пути объезда.
21594;2025-06-18;16;closure;0;;;https://t.me/DtOperativno/21594;В связи с проведением дорожных работ на ул. Дмитрия Ульянова в районе д.24 временно перекрыто движение.  Пожалуйста, выбирайте пути объезда.
21596;2025-06-18;20;weather_alert;0;;;https://t.me/DtOperativno/21596;"1️⃣2️⃣3️⃣4️⃣ ЦОДД: завтра в Москве ожидаются сильный дождь с грозой — для поездок рекомендуем использовать метро  По прогнозам синоптиков, ливень с грозой продлятся до середины завтрашнего дня.  Если поездок на машине не избежать, советуем автомобилистам:  🔹 Соблюдать скоростной режим и дистанцию; 🔹 Быть особенно аккуратными на подъемах и спусках с мостов и эстакад; 🔹 Заранее снижать скорость перед пешеходными переходами; 🔹 Не отвлекаться на телефон во время движения.  За ситуацией на дороге 24/7 следят Ситуационный центр и экипажи Дорожного патруля ЦОДД.  Если увидите сломанный знак/светофор,"
21597;2025-06-19;7;weather_alert;0;;;https://t.me/DtOperativno/21597;Доброе утро!  По прогнозу синоптиков, сегодня в городе ожидается сильный дождь с грозой 🌩️  Для поездок по городу рекомендуем использовать метро.  Берегите себя 💚
21598;2025-06-19;13;weather_alert;0;;;https://t.me/DtOperativno/21598;"1️⃣1️⃣2️⃣3️⃣4️⃣5️⃣6️⃣7️⃣ ЦОДД: сегодня до конца дня в Москве прогнозируют сильный дождь с грозой и ветер — рекомендуем использовать метро для поездок  По прогнозам синоптиков, до сегодняшнего вечера в городе местами ожидаются дождь с грозой и сильный ветер до 15 м/с.  Рекомендуем водителям:  🔹 Соблюдать скоростной режим и дистанцию; 🔹 Не парковать машину и не стоять самим вблизи деревьев и шатких конструкций; 🔹 Быть особенно аккуратным на подъемах и спусках с мостов и эстакад; 🔹 Не отвлекаться на телефон во время движения.  Так поездка будет безопасной для всех участников дорожного движения.  "
21604;2025-06-19;16;mass_event;0;;2025-06-21|2025-06-22;https://t.me/DtOperativno/21604;21 июня с 19:45 до конца мероприятия 22 июня меняются маршруты в Лужниках и на Краснопресненской набережной — будет проводиться спортивное мероприятие «Ночной забег».
21605;2025-06-19;17;closure|mass_event;0;;2025-06-21|2025-06-22;https://t.me/DtOperativno/21605;ЦОДД: в связи с проведением Ночного забега несколько набережных в центре будут закрыты для движения транспорта в ночь с 21 на 22 июня.  Движение перекроют:  🔹 21 июня с 20:00 до 23:59 на улице Тестовская (от 1-го Красногвардейского проезда до Пресненской набережной). 🔹 С 20:00 21 июня до 00:01 22 июня на Пресненской (от улицы Тестовская до Краснопресненской набережной) и Краснопресненской набережных (от Пресненской набережной до Новоарбатского моста). 🔹 С 21:00 21 июня до 00:15 22 июня на Смоленской набережной (от Новоарбатского моста до Бородинского моста). 🔹 С 21:00 21 июня до 00:30 22 июня 
21609;2025-06-19;20;mass_event;0;;2025-06-21|2025-07-12;https://t.me/DtOperativno/21609;С 21 июня до 12 июля в период с 01:30 до 05:30 на участках Тверской улицы будет недоступна для движения 1 полоса. Это связано с подготовкой к открытию цветочных композиций в рамках фестиваля «Лето в Москве».   Подробнее – на инфографике👆
21611;2025-06-20;10;weather_alert;0;;;https://t.me/DtOperativno/21611;"1️⃣2️⃣3️⃣4️⃣ ЦОДД: В Москве местами идет сильный дождь — для поездок по городу рекомендуем использовать метро  По прогнозам синоптиков, сильный дождь с грозой продолжатся до конца дня.  Если поездок на машине не избежать, советуем автомобилистам:  🔹 Соблюдать скоростной режим и дистанцию; 🔹 Избегать резких маневров; 🔹 Не отвлекаться на телефон во время движения; 🔹 Быть особенно аккуратными на подъемах и спусках с мостов и эстакад.  Так поездка будет безопасной для всех участников дорожного движения.  За ситуацией на дороге 24/7 следят Ситуационный центр и экипажи Дорожного патруля ЦОДД.  Если "
21612;2025-06-20;11;tram_route_change;1;12;2025-06-21;https://t.me/DtOperativno/21612;✅ С 21 июня по выходным восстанавливается движение трамваев по шоссе Энтузиастов между метро «Авиамоторная» и «Шоссе Энтузиастов».   Трамваи 2, 12 и 37 снова поедут по своим обычным маршрутам.
21614;2025-06-20;13;closure|mass_event;0;;2025-06-21|2025-06-22;https://t.me/DtOperativno/21614;ЦОДД: 21 и 22 июня будут введены дополнительные ограничения движения для транспорта в связи с проведением Ночного забега.  С 20:00 21 июня до 01:00 22 июня будет:  🔹 закрыто движение на съезде с проспекта Багратиона на Пресненскую набережную 🔹 запрещен разворот на Шелепихинскую набережную в сторону Пресненской набережной в районе Шелепихинского шоссе  Будьте внимательны, стройте маршрут заранее с учетом временных ограничений движения. Подробнее — на сайте.
21624;2025-06-20;20;closure|mass_event;0;;2025-06-21;https://t.me/DtOperativno/21624;ЦОДД: Напоминаем, что завтра будет временно закрыт ряд набережных для движения транспорта в ЦАО в связи с проведением фестиваля «Две реки».   Движение будет закрыто 21 июня с 04:00 до 23:59:  🔹 на Болотной набережной от Берсеневской набережной до Берсеневского переулка. 🔹 на Берсеневской набережной от Берсеневского переулка до Болотной набережной.  Также на участках перекрытия будет запрещена парковка 21 июня с 00:01 до окончания мероприятия.  Будьте внимательны. Стройте маршрут заранее с учетом временных ограничений. Вся подробная информация – на сайте.
21626;2025-06-21;10;closure;0;;2025-06-25|2025-07-10|2025-08-31|2025-09-15;https://t.me/DtOperativno/21626;С 25 июня до 15 сентября на участках улицы Косыгина и проспекта Вернадского будут недоступны для движения 1-4 полосы. Это связано с проведением ремонтных работ.  Также на одном из участков ограничения будет временно запрещена парковка. Обращайте внимание на знаки.  С 10 июля до 31 августа в период с 01:30 до 05:00 будет закрыт для проезда участок дублёра проспекта Вернадского.   Рекомендуем заранее планировать маршрут с учётом перекрытия.  Подробнее – на инфографике👆
21627;2025-06-21;10;closure|mass_event;0;;2025-06-21|2025-06-22;https://t.me/DtOperativno/21627;ЦОДД: Напоминаем, что сегодня ряд набережных и улиц в центре будет закрыт для движения транспорта в связи с проведением Ночного забега.  Движение будет закрыто:  🔹 21 июня с 20:00 до 23:59 на улице Тестовская. 🔹 С 20:00 21 июня до 00:01 22 июня на Пресненской и Краснопресненской набережных. 🔹 С 20:00 21 июня до 01:00 22 июня на съезде с проспекта Багратиона на Пресненскую набережную. 🔹 С 21:00 21 июня до 00:15 22 июня на Смоленской набережной. 🔹 С 21:00 21 июня до 00:30 22 июня на Ростовской и Саввинской набережных. 🔹 С 21:00 21 июня до 01:00 22 июня на Новодевичьей, Лужнецкой набережных, на у
21635;2025-06-23;11;closure;0;;;https://t.me/DtOperativno/21635;❗️В Лефортовском тоннеле произошло возгорание легкового автомобиля. На месте работают оперативные службы города. Обстоятельства произошедшего и информация о пострадавших уточняются.  Движение по внешней стороне ТТК перекрыто. Будьте внимательны и выбирайте пути объезда.
21636;2025-06-23;11;closure;0;;;https://t.me/DtOperativno/21636;❗️В Лефортовском тоннеле произошло возгорание легкового автомобиля. На месте работают оперативные службы города. Обстоятельства произошедшего и информация о пострадавших уточняются.  Движение по внешней стороне ТТК перекрыто. Будьте внимательны и выбирайте…
21637;2025-06-23;13;mass_event;0;;2025-06-28;https://t.me/DtOperativno/21637;27 и 28 июня с 7:50 до конца мероприятия автобусы м5, м6, с216, 220, с249, с263 и с755 не будут заезжать к метро «Спортивная» — будет проводиться концерт в Лужниках.
21638;2025-06-23;13;mass_event;0;;2025-06-28;https://t.me/DtOperativno/21638;28 июня с 15:00 до конца мероприятия не будет работать остановка «Метро «Библиотека имени Ленина» для автобусов м1, м2, м6, м7, м9 и е10 на Моховой улице в сторону метро «Лубянка» — будет проводиться бал «Выпускник».
21639;2025-06-23;13;tram_route_change;1;;;https://t.me/DtOperativno/21639;На Открытом шоссе (в районе остановки «Тагильская улица») задерживаются трамваи № 13, 36 и 46.  Маршруты временно изменены. Будьте внимательны, следите за объявлениями водителей.
21640;2025-06-23;14;tram_route_change;1;;;https://t.me/DtOperativno/21640;На Открытом шоссе (в районе остановки «Тагильская улица») задерживаются трамваи № 13, 36 и 46.  Маршруты временно изменены. Будьте внимательны, следите за объявлениями водителей.
21641;2025-06-23;16;tram_route_change;1;;;https://t.me/DtOperativno/21641;✅ По ночам после 23:50 восстановлено движение трамваев на разворотном кольце у метро «Войковская».   Трамваи 27, 30, 31 в это время снова ходят по своим обычным маршрутам и заезжают на кольцо у метро.
21645;2025-06-24;8;closure|mass_event;0;;2025-06-28;https://t.me/DtOperativno/21645;ЦОДД: в связи с проведением концерта 27 и 28 июня будет временно закрыто движение в районе Лужников.  Движение закроют 27 и 28 июня:  🔹 С 08:00 до окончания мероприятия на съезде с улицы Хамовнический Вал на улицу Доватора.  🔹 С 20:00 до окончания концерта на участках улиц: Савельева, Доватора, 10-летия Октября, 3-я Фрунзенская, Ефремова, Трубецкая и в Проектируемом проезде № 2309.  Также на некоторых участках ограничений будет запрещена парковка 27 и 28 июня с 00:01 до окончания концерта.   Будьте внимательны и стройте маршрут заранее с учетом временных ограничений.   Более подробная информац
21650;2025-06-25;10;closure|mass_event;0;;2025-06-28|2025-06-29;https://t.me/DtOperativno/21650;ЦОДД: в связи с проведением Всероссийского выпускного бала 28 и 29 июня будет временно закрыто движение на улицах в ЦАО.  Движение закроют с 08:00 28 июня до 07:00 29 июня:  🔹 На улице Ильинке от Старой площади до Красной площади. 🔹 В проезде от улицы Ильинки до улицы Варварки в районе дома 5 по Красной площади.   Также будет запрещена парковка 28 июня с 00:01 до окончания мероприятия на участке улицы Ильинки от Новой площади до Красной площади.  28 июня с 15:00 до 19:30 для транспорта будет закрыто движение по 1 крайней правой полосе на участке Моховой улицы от дома 1 до дома 11, стр. 1.   Бу
21657;2025-06-26;8;closure|mass_event;0;;2025-06-27|2025-06-28;https://t.me/DtOperativno/21657;ЦОДД: в связи с проведением выпускного бала 27 и 28 июня будет временно закрыто движение в районе парка «ВДНХ».  Движение будет закрыто: 🔹 с 12:00 27 июня до 07:00 28 июня в Продольном, 1-м и 2-м Поперечных проездах, а также в проезде с улицы Бориса Галушкина на Продольный проезд.  🔹 с 15:00 27 июня до 07:00 28 июня на участке Останкинского проезда и 1-й Останкинской улицы (при движении в сторону 5-го Останкинского переулка и при движении в сторону проспекта Мира), при левом повороте с улицы Академика Королёва на Останкинский проезд и при левом повороте с дублёра проспекта Мира на Останкинский
21661;2025-06-26;12;mass_event;0;;2025-06-27|2025-06-28;https://t.me/DtOperativno/21661;27 июня с 11:30 до конца мероприятия 28 июня автобусы не будут подъезжать к главному входу ВДНХ и выходу 1 метро «ВДНХ» — будет проводиться Московский выпускной.
21664;2025-06-26;15;tram_works|tram_route_change|mass_event;1;17;2025-06-27|2025-06-28;https://t.me/DtOperativno/21664;⚠️ С 11:30 27 июня примерно до 7:00 28 июня трамваи не будут ходить в Останкино.   В это время трамваи поедут по изменённым маршрутам:   🔹11 – от остановки «Восточное Измайлово» через ВДНХ (сев.) и МЦК Ростокино до Социального фонда России   🔹17 – от остановки «Медведково» до Сельскохозяйственной улицы   🔹25 – от метро «Сокольники» до Сельскохозяйственной улицы, обратно – от ВДНХ (сев.)   На улице Академика Королёва и к метро «ВДНХ» пользуйтесь автобусами. Пассажирам трамвая 17 рекомендуем пользоваться метро «Бабушкинская».   Обратите внимание на дополнительные изменения маршрутов и перенос ос
21667;2025-06-26;17;closure|mass_event;0;;2025-06-28;https://t.me/DtOperativno/21667;ЦОДД: Напоминаем, что в связи с проведением концерта 27 и 28 июня будет временно закрыто движение в районе спортивного комплекса «Лужники».  Движение будет закрыто 27 и 28 июня:  🔹 С 08:00 до окончания мероприятия на съезде с улицы Хамовнический Вал на улицу Доватора.  🔹 С 20:00 до окончания концерта на участках улиц: Савельева, Доватора, 10-летия Октября, 3-я Фрунзенская, Ефремова, Трубецкая и в Проектируемом проезде № 2309.  Также на некоторых участках ограничений будет запрещена парковка.   Будьте внимательны и стройте маршрут заранее с учетом временных ограничений.   Более подробная информ
21669;2025-06-26;17;closure;0;;2025-06-27|2025-08-30;https://t.me/DtOperativno/21669;С 27 июня до 30 августа участок улицы Академика Королёва будет закрыт для проезда. Это связано с проведением строительных работ.  Рекомендуем заранее планировать маршрут с учётом перекрытия.  Подробнее – на инфографике👆
21675;2025-06-26;21;mass_event;0;;2025-06-27;https://t.me/DtOperativno/21675;⚠️ С 12:00 27 июня поезда монорельса не будут останавливаться на станции 3️⃣«Выставочный центр».  Пользуйтесь соседними станциями монорельса и станцией метро «ВДНХ».  Изменения – на время проведения Московского выпускного.
21677;2025-06-27;9;closure|mass_event;0;;2025-06-27|2025-06-28;https://t.me/DtOperativno/21677;ЦОДД: напоминаем, что сегодня в связи с проведением выпускного бала будет временно закрыто движение в районе парка «ВДНХ».  Движение будет закрыто: 🔹 с 12:00 27 июня до 07:00 28 июня в Продольном, 1-м и 2-м Поперечных проездах, а также в проезде с улицы Бориса Галушкина на Продольный проезд.  🔹 с 15:00 27 июня до 07:00 28 июня на участках Останкинского проезда и 1-й Останкинской улицы (при движении в сторону 5-го Останкинского переулка и при движении в сторону проспекта Мира), при левом повороте с улицы Академика Королёва на Останкинский проезд и при левом повороте с дублёра проспекта Мира на 
21687;2025-06-27;15;tram_works|tram_route_change;1;;2025-06-29|2025-07-02;https://t.me/DtOperativno/21687;⚠️ В ночи с 28/29 июня по 1/2 июля последние рейсы трамваев не будут ходить до Белорусского вокзала, метро «Новослободская» и «Комсомольская».   После 1:00 ночи трамваи поедут по изменённым маршрутам:   🔹7 – от метро «Бульвар Рокоссовского» до Каланчёвской улицы   🔹13 – от Метрогородка до метро «Сокольники»   🔹37 – от МЦД Новогиреево через метро «Красносельская» до метро «Сокольники»  🔹50 – от ДК «Компрессор» (метро «Авиамоторная») до Каланчёвской улицы   Изменения – на время ремонтных работ на Комсомольской площади.
21688;2025-06-27;16;closure;0;;2025-06-28|2025-08-03;https://t.me/DtOperativno/21688;С 28 июня до 3 августа участок бокового проезда Новорижской эстакады будет закрыт для движения. Это связано с проведением строительных работ.   Рекомендуем заранее планировать маршрут с учётом перекрытия.  Также на участке улицы Гиляровского будут недоступны для движения 1-2 полосы.   Подробнее – на инфографике👆
21690;2025-06-27;17;mass_event;0;;2025-06-28;https://t.me/DtOperativno/21690;27 и 28 июня на станциях метро, расположенных вблизи стадиона «Лужники», возможны ситуативные ограничения входа/выхода в связи с проведением концерта.  На ближайшей к стадиону станции «Спортивная» перед мероприятием южный вестибюль будет работать только для выхода пассажиров, после — только для входа.  Пополните «Тройку» для обратной поездки в метро заранее. Это можно сделать онлайн в приложении «Метро Москвы». А также оплатить проезд можно банковской картой прямо на турникете. Это поможет сэкономить время в пути после мероприятия.
21693;2025-06-27;18;closure|mass_event;0;;2025-06-28|2025-06-29;https://t.me/DtOperativno/21693;С 10:00 28 июня до 04:00 29 июня разворот на Рождественском бульваре будет закрыт для проезда. Это связано с проведением концерта.  Рекомендуем заранее планировать маршрут с учётом перекрытия.  Подробнее – на инфографике👆
21694;2025-06-27;19;closure|mass_event;0;;2025-06-28|2025-06-29;https://t.me/DtOperativno/21694;ЦОДД: напоминаем, что завтра в связи с проведением Всероссийского выпускного бала будет временно закрыто движение на улицах в ЦАО.  Движение будет закрыто с 08:00 28 июня до 07:00 29 июня:  🔹 На улице Ильинке от Старой площади до Красной площади. 🔹 В проезде от улицы Ильинки до улицы Варварки в районе дома 5 по Красной площади.   Также будет запрещена парковка 28 июня с 00:01 до окончания мероприятия на участке улицы Ильинки от Новой площади до Красной площади.  28 июня с 15:00 до 19:30 для транспорта будет закрыто движение по 1 крайней правой полосе на участке Моховой улицы от дома 1 до дома 
21695;2025-06-28;7;closure|mass_event;0;;;https://t.me/DtOperativno/21695;ЦОДД: Напоминаем, что в связи с проведением концерта сегодня закрыто движение в районе спортивного комплекса «Лужники».  Движение закрыто:  🔹 С 08:00 до окончания мероприятия на съезде с улицы Хамовнический Вал на улицу Доватора.  🔹 С 20:00 до окончания концерта на участках улиц: Савельева, Доватора, 10-летия Октября, 3-я Фрунзенская, Ефремова, Трубецкая и в Проектируемом проезде № 2309.  Также на некоторых участках ограничений запрещена парковка.   Будьте внимательны и стройте маршрут заранее с учетом временных ограничений. Более подробная информация — на сайте.
21696;2025-06-28;10;tram_works;1;7;2025-06-28;https://t.me/DtOperativno/21696;⚠️ С 28 июня по выходным трамваи 7 ходят до метро «Новослободская» вместо Белорусского вокзала.   Вместо трамваев – автобус 09к от Белорусского вокзала до остановки «Лесная улица».   Изменения – на время ремонта трамвайных путей на улице Палиха.
21702;2025-06-28;20;closure;0;;;https://t.me/DtOperativno/21702;❗️На 2-й Мелитопольской ул. (в районе д. 13) произошло опрокидывание грузового автомобиля. На месте работают оперативные службы города.   Обстоятельства произошедшего и информация о пострадавших уточняются. Движение перекрыто по 2-й Мелитопольской ул., в обоих направлениях. Пожалуйста, выбирайте пути объезда.
21704;2025-06-28;22;closure;0;;;https://t.me/DtOperativno/21704;❗️На 2-й Мелитопольской ул. (в районе д. 13) произошло опрокидывание грузового автомобиля. На месте работают оперативные службы города.   Обстоятельства произошедшего и информация о пострадавших уточняются. Движение перекрыто по 2-й Мелитопольской ул., в обоих…
21718;2025-06-30;16;mass_event;0;;2025-07-05;https://t.me/DtOperativno/21718;В связи с проведением фестиваля «Парк света» 4 и 5 июля будет продлено время работы речного маршрута-переправы П «Северный речной вокзал» — «Захарково».  От Северного речного вокзала теплоход пойдёт в 22:00 и 23:00, от Захаркова — в 22:30 и 23:30.  С расписанием движения теплоходов можно ознакомиться тут.
21728;2025-07-01;10;closure;0;;2025-07-04|2025-10-05;https://t.me/DtOperativno/21728;С 4 июля до 5 октября по пятницам, субботам и воскресеньям в период с 19:00 до 23:59 разворот на Рождественском бульваре (с внешней на внутреннюю сторону) будет закрыт для проезда. Это связано с проведением мероприятий.   Рекомендуем заранее планировать маршрут с учётом перекрытия.  Подробнее – на инфографике👆
21734;2025-07-02;9;closure|mass_event;0;;2025-07-04|2025-07-05|2025-07-06;https://t.me/DtOperativno/21734;ЦОДД: в связи с проведением Московского Ночного велофестиваля 5 июля будет временно закрыто движение для транспорта на нескольких набережных и улицах в центре города.  Движение для транспорта закроют:  🔹 5 июля с 18:30 до окончания мероприятия на участках улицы Лужники и Лужнецкой набережной. 🔹 5 июля с 22:00 до окончания мероприятия на набережных: Лужнецкая, Пречистенская, Кремлевская, Москворецкая, Подгорская, Берниковская, Николоямская, Андроньевская, Золоторожская, Красноказарменная, Головинская, Госпитальная, Семеновская, Преображенская, Ганнушкина, а также на проспекте Ветеранов.  🔹 С 21
21735;2025-07-02;9;tram_works|tram_route_change|new_line;1;;2025-07-10;https://t.me/DtOperativno/21735;⚠️ С 10 июля на срок до 28 дней трамваи временно не будут ходить между метро «Красносельская» и Белорусским вокзалом, а также в районе РУТ (МИИТ) и метро «Новослободская».   Трамваи поедут по изменённым маршрутам:   🔹7 – от метро «Бульвар Рокоссовского» до метро «Сокольники»   🔹9 – работать не будет   🔹13 и 50 – объединяются в единый маршрут 13+50 от Метрогородка через метро «Красносельская» и «Авиамоторная» до ДК «Компрессор»   🔹37 – от МЦД Новогиреево до Лефортовского моста  Вместо трамваев пользуйтесь автобусами:   🔹07 – от метро «Сокольники» до Белорусского вокзала   🔹с510 – продлевается о
21742;2025-07-02;17;closure;0;;2025-07-03|2025-07-06;https://t.me/DtOperativno/21742;С 23:00 3 июля до 10:00 6 июля боковой проезд Садового кольца в районе дома 1 по Кудринской площади будет закрыт для движения. Это связано с проведением мероприятия «Ночь московского спорта».   Рекомендуем заранее планировать маршрут с учётом перекрытия.  Подробнее – по ссылке.
21744;2025-07-03;13;closure;0;;;https://t.me/DtOperativno/21744;"ЦОДД: По данным ЦОДД, дорожная ситуация оценивается в 4 балла — для поездок по городу используйте метро.  Интенсивное движение сейчас наблюдаем на:  🔹 Большом Каменном мосту; 🔹 Москворецкой, Кремлевской набережных; 🔹 внешней стороне ТТК от проспекта Генерала Дорохова до Андреевского моста.  Свободно сейчас на Волгоградском проспекте, Варшавском и Бесединском шоссе.  Во второй половине дня ожидаем локальные затруднения движения на Садовом кольце в районе проспекта Академика Сахарова, на Ленинградском шоссе и шоссе Энтузиастов по направлению в область.  В вечерний разъезд рекомендуем использоват"
21747;2025-07-03;14;closure;0;;2025-07-04|2025-07-05|2025-07-06;https://t.me/DtOperativno/21747;ЦОДД: в связи с проведением велогонки «Две реки» 5 июля будет временно закрыто движение для транспорта на нескольких набережных и улицах в центре.  Движение для транспорта закроют:  🔹 5 июля с 00:01 до 22:30 на улице Хамовнический Вал при движении в сторону Фрунзенской набережной. 🔹 5 июля с 14:30 до 22:30 на улице Хамовнический Вал в сторону Комсомольского проспекта. 🔹 5 июля с 16:30 до 20:30 на набережных: Фрунзенская, Пречистенская, Кремлевская, Москворецкая, Подгорская, Берниковская, Николоямская, Андроньевская, Золоторожская, Красноказарменная, Головинская, Госпитальная, Семеновская, Прео
21755;2025-07-03;18;mass_event;0;;2025-07-05;https://t.me/DtOperativno/21755;4 и 5 июля изменятся маршруты в Лужниках и на набережных — будет проводиться велогонка «Две реки» и Московский ночной велофестиваль.
21757;2025-07-03;18;closure;0;;;https://t.me/DtOperativno/21757;❗️На Ленинградском шоссе (в районе д.33) произошло ДТП с участием автомобиля и мотоцикла. На месте работают оперативные службы города. Обстоятельства произошедшего и информация о пострадавших уточняются.  Движение в районе ДТП в сторону ТТК частично перекрыто и затруднено. Пожалуйста, выбирайте пути объезда.
21760;2025-07-03;20;closure;0;;;https://t.me/DtOperativno/21760;❗️На внешней стороне 42 км МКАД (в районе съезда №40) произошло ДТП. На месте работают оперативные службы города. Обстоятельства произошедшего и информация о пострадавших уточняются.   Перекрыты 2, 3, 4 полосы, движение в районе ДТП затруднено. Пожалуйста, выбирайте пути объезда.
21761;2025-07-03;21;closure;0;;;https://t.me/DtOperativno/21761;❗️На Ленинградском шоссе (в районе д.33) произошло ДТП с участием автомобиля и мотоцикла. На месте работают оперативные службы города. Обстоятельства произошедшего и информация о пострадавших уточняются.  Движение в районе ДТП в сторону ТТК частично перекрыто…
21762;2025-07-03;23;closure;0;;;https://t.me/DtOperativno/21762;❗️На внешней стороне 42 км МКАД (в районе съезда №40) произошло ДТП. На месте работают оперативные службы города. Обстоятельства произошедшего и информация о пострадавших уточняются.   Перекрыты 2, 3, 4 полосы, движение в районе ДТП затруднено. Пожалуйста…
21766;2025-07-04;7;closure|mass_event;0;;2025-07-05;https://t.me/DtOperativno/21766;Доброе утро!  В связи с коротким рабочим днем вечерний разъезд начнется сегодня раньше — около 16:00. Рекомендуем выезжать до него или отложить поездку на более позднее время.  Напоминаем, что 5 июля в связи с проведением велогонки «Две реки» и Московского Ночного велофестиваля будет временно закрыто движение на ряде набережных в центре. Планируйте маршрут заранее.  Хорошего дня 💚
21768;2025-07-04;11;closure;0;;2025-07-05|2025-07-06;https://t.me/DtOperativno/21768;ЦОДД: 5 и 6 июля временно закроют ряд улиц в ЗАО и СЗАО для движения транспорта в связи с проведением мероприятия «ЛИГА ТРИАТЛОНА & IRONSTAR МОСКВА КРЫЛАТСКОЕ 2025».   Движение будет закрыто:  🔹 5 июля с 07:00 до 13:00 в сторону Рублевского шоссе на участке Северо-Западной хорды, на улицах Нижние Мневники, Народного Ополчения и на съезде с улицы Островная на Северо-Западную хорду.  🔹 5 июля с 07:00 до 17:00 и 6 июля с 07:30 до 17:00 на участке улицы Крылатская и в местном проезде от д. 2А на Крылатской улице до въезда на территорию Гребного канала.  С 00:01 5 июля до окончания мероприятия буде
21772;2025-07-04;15;tram_route_change;1;;2025-07-05;https://t.me/DtOperativno/21772;✅ С 5 июля по выходным восстанавливается движение трамваев в Нагатино.   Трамваи 47 и 49 поедут по своим обычным маршрутам.   Временный маршрут автобуса 049 больше не работает.
21773;2025-07-04;17;tram_works|tram_route_change|mass_event;1;11;2025-07-05;https://t.me/DtOperativno/21773;⚠️ В субботу, 5 июля, с 21:00 до 0:30 трамваи не будут ходить через парк «Сокольники».   В это время трамваи поедут по изменённым маршрутам:   🔹4 – между Богородским и метро «Сокольники» через Краснобогатырскую улицу и метро «Преображенская площадь»   🔹25 – от остановки «Останкино» до Богородского  Пользуйтесь метро и трамваем 11.   Изменения – на время Московского ночного велофестиваля.
21782;2025-07-04;18;closure|mass_event;0;;;https://t.me/DtOperativno/21782;"ЦОДД: напоминаем, что завтра в связи с проведением спортивных мероприятий будет временно закрыт ряд улиц в столице  Движение будет временно закрыто в связи с проведением:  🔹 Московского ночного велофестиваля; 🔹 велогонки «Две реки»; 🔹 триатлона.  Также на участках ограничений будет запрещена парковка.   Стройте маршрут заранее с учетом временных ограничений. Вся подробная информация — по ссылке."
21788;2025-07-05;10;closure|mass_event;0;;2025-07-05|2025-07-06;https://t.me/DtOperativno/21788;ЦОДД: напоминаем, что сегодня в связи с проведением велогонки «Две реки» и Московского Ночного велофестиваля будет временно закрыто движение для транспорта на нескольких набережных и улицах в центре.  Движение для транспорта закроют:  🔹 До 22:30 на улице Хамовнический Вал при движении в сторону Фрунзенской набережной и с 14:30 до 22:30 — в сторону Комсомольского проспекта. 🔹 С 16:30 до 20:30 на набережных: Фрунзенская, Пречистенская, Кремлевская, Москворецкая, Подгорская, Берниковская, Николоямская, Андроньевская, Золоторожская, Красноказарменная, Головинская, Госпитальная, Семеновская, Преобр
21792;2025-07-05;12;closure;0;;2025-07-05|2025-07-06;https://t.me/DtOperativno/21792;ЦОДД: 5 и 6 июля временно закроют ряд улиц в ЗАО и СЗАО для движения транспорта в связи с проведением мероприятия «ЛИГА ТРИАТЛОНА & IRONSTAR МОСКВА КРЫЛАТСКОЕ 2025».   Движение будет закрыто:  🔹 5 июля с 07:00 до 13:00 в сторону Рублевского шоссе на участке…
21809;2025-07-07;15;closure|mass_event;0;;2025-07-08|2025-07-09;https://t.me/DtOperativno/21809;ЦОДД: в связи с проведением Всероссийского свадебного фестиваля 8 и 9 июля будет временно закрыто движение для транспорта на участке Выставочного переулка.  Движение будет закрыто 8 и 9 июля в период с 11:30 до 14:30:  🔹 в Выставочном переулке от Краснопресненской набережной до владения 14 по Краснопресненской набережной.   Также на участке перекрытия будет запрещена парковка с 00:01 8 июля до окончания мероприятия.   Будьте внимательны и стройте маршрут заранее с учетом временных изменений. Подробнее — по ссылке.
21826;2025-07-09;10;weather_alert;0;;;https://t.me/DtOperativno/21826;"1️⃣2️⃣3️⃣4️⃣ ЦОДД: В Москве местами идет сильный дождь — соблюдайте скоростной режим и дистанцию  По прогнозам синоптиков, сильный дождь с грозой продолжатся до сегодняшнего вечера.  Советуем водителям:  🔹 Избегать резких маневров; 🔹 Не отвлекаться на телефон во время движения; 🔹 Заранее снижать скорость вблизи пешеходных переходов.  Так поездка будет безопасной для всех участников дорожного движения.  За ситуацией на дороге 24/7 следят Ситуационный центр и экипажи Дорожного патруля ЦОДД.  Если увидите сломанный знак/светофор, звоните с мобильного по номеру 3210."
21827;2025-07-09;11;tram_works|tram_route_change|new_line;1;;2025-07-10;https://t.me/DtOperativno/21827;⚠️ Напоминаем, что с 10 июля на срок до 28 дней трамваи временно не будут ходить между метро «Красносельская» и Белорусским вокзалом, а также в районе РУТ (МИИТ) и метро «Новослободская».   Трамваи поедут по изменённым маршрутам:   🔹7 – от метро «Бульвар Рокоссовского» до метро «Сокольники»   🔹9 – работать не будет   🔹13 и 50 – объединяются в единый маршрут 13+50 от Метрогородка через метро «Красносельская» и «Авиамоторная» до ДК «Компрессор»   🔹37 – от МЦД Новогиреево до Лефортовского моста  Вместо трамваев пользуйтесь автобусами:   🔹07 – от метро «Сокольники» до Белорусского вокзала   🔹с510 
21832;2025-07-10;8;closure|mass_event;0;;2025-07-11|2025-07-12|2025-07-13|2025-07-14;https://t.me/DtOperativno/21832;🚀 ЦОДД: в связи с проведением фестиваля «Ретрорейс» с 12 по 14 июля будет временно закрыто движение для транспорта в районе Раменки.  Движение перекроют с 00:01 12 июля до 10:00 14 июля:  🔹 На Университетской площади от пересечения с улицей Косыгина до пересечения с Университетским проспектом.  Также будет временно запрещена парковка с 00:01 11 июля до окончания мероприятия:  🔹 Вдоль парковочного кармана на Университетской площади в районе пересечения с улицей Косыгина. 🔹 На Университетской площади от улицы Косыгина до Университетского проспекта.   Будьте внимательны и стройте маршрут заранее 
21833;2025-07-10;9;closure;0;;2025-07-13;https://t.me/DtOperativno/21833;ЦОДД: Напоминаем, что 13 июля в связи с проведением триатлона «Кубок Грома» временно закроют движение для транспорта на улице Крылатская.   Движение будет закрыто с 07:00 до 10:00:  🔹  на участке Крылатской улицы от дома 16 до улицы Нижние Мневники.  Также на этом участке будет временно запрещена парковка 13 июля с 00:01 до окончания мероприятия.  Будьте внимательны и планируйте маршрут с учетом временных ограничений.   Подробную информацию о перекрытиях можно узнать на сайте.
21835;2025-07-10;17;mass_event;0;;2025-07-12;https://t.me/DtOperativno/21835;12 июля с 6:45 до конца мероприятия автобусы м6, т53, 40, 125, 567 и с636 вместо улицы Сергия Радонежского временно пойдут по Большой Андроньевской улице и Рогожскому Валу — будем проводить парад исторического транспорта.  Остановка у метро «Площадь Ильича» в сторону центра будет перенесена на Рогожский Вал.
21836;2025-07-10;18;tram_works|tram_route_change|mass_event;1;12;2025-07-12;https://t.me/DtOperativno/21836;⚠️ В субботу, 12 июля, примерно с 7:00 до 19:00 трамваи не будут ходить по улице Сергия Радонежского.   Маршрут трамвая 2 в это время работать не будет.   Вместо трамваев между метро «Авиамоторная» и Храмом Сергия Радонежского пользуйтесь автобусом м6.   На шоссе Энтузиастов пользуйтесь трамваями 12, 37, 38, 46.   Изменения – на время Парада исторического транспорта.
21837;2025-07-10;18;closure|mass_event;0;;2025-07-11|2025-07-12|2025-07-14;https://t.me/DtOperativno/21837;С 00:01 12 июля до 10:00 14 июля участок Университетской площади будет закрыт для проезда. Это связано с проведением фестиваля «Ретрорейс».   Рекомендуем заранее планировать маршрут с учётом перекрытия.   Также с 00:01 11 июля до окончания мероприятия на участках Университетской площади будет запрещена парковка.  Подробнее – на инфографике👆
21841;2025-07-11;8;closure|mass_event;0;;2025-07-12;https://t.me/DtOperativno/21841;ЦОДД: в связи с проведением Парада исторического транспорта будет временно закрыто движение на ряде улиц в районах Таганский и Лефортово.  Движение перекроют:  🔹 12 июля с 07:00 до 19:00 на участке улицы Сергия Радонежского.   🔹 12 июля с 11:30 до 12:00 на участках Волочаевской и Красноказарменной улиц, Красноказарменной площади, Авиамоторного проезда, шоссе Энтузиастов и бульвара Энтузиастов.  Будьте внимательны и планируйте маршрут заранее с учётом временных ограничений.  Подробную информацию о перекрытиях смотрите на сайте.
21856;2025-07-11;18;closure;0;;2025-07-14|2025-08-10;https://t.me/DtOperativno/21856;С 14 июля до 10 августа участки улиц Гиляровского, Трифоновской, а также бокового проезда Новорижской эстакады будут закрыты для движения. Это связано с проведением строительных работ.   Рекомендуем заранее планировать маршрут с учётом перекрытий.  Подробнее – на инфографике👆
21876;2025-07-12;18;closure;0;;;https://t.me/DtOperativno/21876;❗️На внешней стороне 16 км МКАД (в районе съезда №15) произошло подтопление проезжей части. На месте работают оперативные службы города.  Движение по внешней стороне  МКАД перекрыто. Пожалуйста, выбирайте пути объезда.
21877;2025-07-12;19;weather_alert;0;;;https://t.me/DtOperativno/21877;🚀 ЦОДД: В некоторых районах Москвы идет сильный дождь — дорожная обстановка стабильная и оценивается в 3 балла  🟡 интенсивное движение сейчас на: - внешней стороне 15 км МКАД - внутренней стороне ТТК в районе Лефортово.   На движение влияют:  🔹 погодные условия  🔹 низкие скорости  🔹 ремонтные работы 🔹 мелкие ДТП.  За ситуацией на дорогах следит Ситуационный центр ЦОДД и дежурят экипажи Дорожного патруля.  Будьте аккуратными: соблюдайте скоростной режим, не совершайте резких маневров и не отвлекайтесь на телефон во время движения. Берегите себя. 💚
21878;2025-07-12;21;closure;0;;;https://t.me/DtOperativno/21878;❗️На внешней стороне 16 км МКАД (в районе съезда №15) произошло подтопление проезжей части. На месте работают оперативные службы города.  Движение по внешней стороне  МКАД перекрыто. Пожалуйста, выбирайте пути объезда.
21884;2025-07-14;7;weather_alert;0;;;https://t.me/DtOperativno/21884;"1️⃣2️⃣3️⃣4️⃣ ЦОДД: Синоптики прогнозируют ливень с грозой — для поездок по городу в течение дня рекомендуем использовать метро   По прогнозам синоптиков, сегодня до конца дня в Москве ожидается сильный дождь с грозой и ветер до 20 м/с.  Рекомендуем использовать метро. Если поездок на автомобиле не избежать, советуем водителям:  🔹 Соблюдать скоростной режим и дистанцию; 🔹 Не парковать машины вблизи деревьев и шатких конструкций; 🔹 Не отвлекаться на телефон во время движения. 🔹 Заранее снижать скорость вблизи пешеходных переходов.  За ситуацией на дорогах круглосуточно следят Ситуационный центр "
21885;2025-07-14;18;weather_alert;0;;;https://t.me/DtOperativno/21885;"1️⃣2️⃣3️⃣4️⃣ ЦОДД: В Москве местами идет сильный дождь — соблюдайте скоростной режим и дистанцию  По прогнозам синоптиков, сильный дождь с грозой и ветер продолжатся до конца дня.  Рекомендуем водителям:  🔹 Избегать резких маневров; 🔹 Не парковать автомобиль и не стоять самим вблизи деревьев и шатких конструкций; 🔹 Не отвлекаться на телефон во время движения; 🔹 Заранее снижать скорость вблизи пешеходных переходов.  Так поездка будет безопасной для всех участников дорожного движения.  За ситуацией на дороге 24/7 следят Ситуационный центр и экипажи Дорожного патруля ЦОДД.  Если увидите сломанный"
21886;2025-07-14;18;tram_route_change;1;28;;https://t.me/DtOperativno/21886;На Живописной улице (в районе остановки «Улица Рогова») из-за дерева, наклонившегося на контактную сеть, задерживаются трамваи № 28 и 31.  Маршруты временно изменены. Будьте внимательны, следите за объявлениями водителей.
21887;2025-07-14;19;weather_alert;0;;;https://t.me/DtOperativno/21887;🚀 ЦОДД: В некоторых районах Москвы идет сильный дождь — дорожная обстановка стабильная и оценивается в 4 балла  🟡 интенсивное движение сейчас на: – МКАД, 25 км в обе стороны  – Можайское шоссе в районе МКАД в область  – ТТК, Сущевский Вал внутренняя сторона.  На движение влияют:  🔹 погодные условия  🔹 низкие скорости  🔹 ремонтные работы 🔹 мелкие ДТП.  За ситуацией на дорогах следит Ситуационный центр ЦОДД и дежурят экипажи Дорожного патруля.  Будьте аккуратными: соблюдайте скоростной режим, не совершайте резких маневров и не отвлекайтесь на телефон во время движения.
21892;2025-07-14;22;tram_route_change;1;28;;https://t.me/DtOperativno/21892;На Живописной улице (в районе остановки «Улица Рогова») из-за дерева, наклонившегося на контактную сеть, задерживаются трамваи № 28 и 31.  Маршруты временно изменены. Будьте внимательны, следите за объявлениями водителей.
21895;2025-07-15;10;weather_alert;0;;;https://t.me/DtOperativno/21895;"1️⃣2️⃣3️⃣4️⃣5️⃣6️⃣7️⃣ ЦОДД: Сегодня в Москве прогнозируют сильный дождь с грозой — будьте внимательны и аккуратны за рулем  По прогнозам синоптиков, сегодня до конца дня в Москве ожидаются ливень с грозой и сильный ветер до 23 м/с.   Рекомендуем водителям:  🔹 Соблюдать скоростной режим и дистанцию; 🔹 Избегать резких маневров; 🔹 Не оставлять машину и не стоять самим вблизи деревьев и шатких конструкций; 🔹 Не отвлекаться на телефон во время движения; 🔹 Заранее снижать скорость вблизи пешеходных переходов.  Так поездка будет безопасной для всех участников дорожного движения.  За ситуацией на доро"
21897;2025-07-15;10;closure;0;;2025-07-19|2025-09-30;https://t.me/DtOperativno/21897;С 19 июля 2025 г. до 30 сентября 2028 г. участки Уссурийской улицы будут закрыты для проезда. Это связано с проведением работ по строительству объектов метрополитена.  Рекомендуем заранее планировать маршрут с учётом перекрытий.  Также на участке Хабаровской улицы будет недоступна для движения 1 полоса.   Подробнее – на инфографике👆
21898;2025-07-15;11;tram_route_change;1;;;https://t.me/DtOperativno/21898;На Открытом шоссе (в районе остановки «Детские ясли-сад») по техническим причинам задерживаются трамваи № 13+50, 36 и 46.  Маршруты временно изменены. Будьте внимательны, следите за объявлениями водителей.
21901;2025-07-15;12;weather_alert;0;;;https://t.me/DtOperativno/21901;"🚀 ЦОДД: В некоторых районах Москвы идет сильный дождь — дорожная обстановка стабильная и оценивается в 5 баллов  🟡 интенсивное движение сейчас в оба направления на: – Дмитровском шоссе в районе дома 64к1; – Проспекте Мира в районе дома 73; – Варшавском шоссе в районе дома, 37.  Во второй половине дня ожидаем локальные затруднения движения на внешней стороне ТТК от Рижской до Савеловской эстакады, в районе Лужнецкой эстакады, а также в районе Тульской эстакады в оба направления.   На движение влияют:   🔹 погодные условия  🔹 низкие скорости  🔹 ремонтные работы 🔹 мелкие ДТП.  За ситуацией на доро"
21902;2025-07-15;13;closure;0;;;https://t.me/DtOperativno/21902;Вестибюль станции «Рижская» Большой кольцевой линии временно закрыт. Для входа и выхода пользуйтесь «Рижской» Калужско-Рижской линии.
21903;2025-07-15;13;closure;0;;;https://t.me/DtOperativno/21903;"1️⃣1️⃣2️⃣3️⃣4️⃣5️⃣6️⃣7️⃣ ЦОДД: Дождь в Москве продлится до конца дня — для поездок по городу используйте метро  По данным ЦОДД, дорожная ситуация оценивается в 5 баллов.  Из-за погодных условий временно перекрыто движение на:  🔹 Дмитровском шоссе в районе дома 62 🔹 внешней стороне МКАД в районе 16-го км 🔹 в районе 1-го Красовского проезда дома 2  Интенсивное движение сейчас в оба направления на:  🔹 Дмитровском шоссе в районе дома 64к1; 🔹 Проспекте Мира в районе дома 73; 🔹 Варшавском шоссе в районе дома, 37.  Во второй половине дня ожидаем локальные затруднения движения на внешней стороне ТТК о"
21907;2025-07-15;14;closure;0;;;https://t.me/DtOperativno/21907;Вестибюль станции «Рижская» Большой кольцевой линии временно закрыт. Для входа и выхода пользуйтесь «Рижской» Калужско-Рижской линии.
21911;2025-07-15;16;closure;0;;;https://t.me/DtOperativno/21911;1️⃣1️⃣2️⃣3️⃣4️⃣5️⃣6️⃣7️⃣ ЦОДД: Дождь в Москве продлится до конца дня — для поездок по городу используйте метро  По данным ЦОДД, дорожная ситуация оценивается в 5 баллов.  Из-за погодных условий временно перекрыто движение на:  🔹 Дмитровском шоссе в районе…
21913;2025-07-16;9;weather_alert;0;;;https://t.me/DtOperativno/21913;"1️⃣2️⃣3️⃣4️⃣ ЦОДД: Сегодня в Москве прогнозируют ливень с грозой — во второй половине дня для поездок по городу используйте метро  По прогнозам синоптиков, до конца дня в городе ожидаются сильный дождь с грозой и ветер до 17 м/с.  Если поездок на авто не избежать, рекомендуем водителям:  🔹 Соблюдать скоростной режим и дистанцию; 🔹 Избегать резких маневров; 🔹 Не парковать машины и не стоять самим вблизи деревьев и шатких конструкций; 🔹 Не отвлекаться на телефон во время движения; 🔹 Быть особенно аккуратными на подъемах и спусках с мостов и эстакад.  За ситуацией на дороге 24/7 следят Ситуационн"
21915;2025-07-16;16;mass_event;0;;2025-07-19;https://t.me/DtOperativno/21915;19 июля с 0:35 до конца мероприятия меняются маршруты в центре Москвы — будет проводиться фестиваль «Олимпийская Москва» и Большой фестиваль бега.
21918;2025-07-16;17;tram_route_change;1;17;;https://t.me/DtOperativno/21918;На проспекте Мира (в районе остановки «Северянинский путепровод») задерживаются трамваи № 17.  Маршрут временно изменен. Будьте внимательны, следите за объявлениями водителей.
21921;2025-07-16;21;tram_route_change;1;17;;https://t.me/DtOperativno/21921;На проспекте Мира (в районе остановки «Северянинский путепровод») задерживаются трамваи № 17.  Маршрут временно изменен. Будьте внимательны, следите за объявлениями водителей.
21925;2025-07-17;11;closure|mass_event;0;;2025-07-18|2025-07-19|2025-07-20;https://t.me/DtOperativno/21925;ЦОДД: 19 и 20 июля будет временно закрыто движение на ряде улиц в связи с проведением мероприятия «Большой фестиваль бега».  С 00:01 19 июля до 12:00 20 июля закроют движение:  🔹 На улицах: Крымский Вал, Валовая, Зацепский Вал, Земляной Вал, Нижняя Краснохолмская, Садовая-Черногрязская, Садовая-Спасская, Садовая-Каретная, Садовая-Триумфальная, Садовая-Самотечная, Садовая-Сухаревская (включая Самотечную эстакаду), Большая Садовая и Садовая-Кудринская.  🔹 На бульварах: Зубовский, Смоленский и Новинский. 🔹 На мостах: Крымский, Малый Краснохолмский, Большой Краснохолмский и Высокояузский.  🔹 В тон
21926;2025-07-17;16;tram_works|tram_route_change|mass_event;1;;2025-07-19;https://t.me/DtOperativno/21926;⚠️ В субботу, 19 июля, примерно с 9:30 до 21:30 трамваи не будут ходить между Павелецким вокзалом и метро «Чистые пруды».   В это время трамваи поедут по изменённым маршрутам:   🔹А – от МЦД Калитники через метро «Пролетарская» до МЦК Дубровка   🔹3 – от метро «Чертановская» через Павелецкий вокзал до метро «Пролетарская»   🔹39 – от метро «Университет» через Павелецкий вокзал до метро «Пролетарская»   Вместо трамваев будут работать автобусы 913 – вместо Павелецкого вокзала и метро «Новокузнецкая» они поедут через остров Балчуг и Бульварное кольцо до Воронцова Поля.   Пользуйтесь метро до «Новоку
21929;2025-07-18;9;closure;0;;2025-07-19;https://t.me/DtOperativno/21929;ЦОДД: Напоминаем, что завтра будет временно закрыто Садовое кольцо — выбирайте метро для поездок в центр города.  Движение будет временно закрыто:  🔹 С 00:01 до 17:00 на участках Зубовской, Большой Пироговской и Баррикадной улицах.   🔹 С 10:00 до окончания мероприятия на Садовом кольце в каждом направлении.   🔹 С 10:00 до 17:00 на участке Зубовской улицы.  Обращаем внимание, что 19 июля будет временно закрыт подъезд к ряду объектов в районе Садового кольца. Нельзя будет подъехать к:  🔹 ЦПКиО им. М. Горького со стороны улицы Крымский Вал   🔹 ТЦ «Атриум»   🔹 Курскому вокзалу   🔹 Театру Сатиры со
21939;2025-07-18;16;closure|mass_event;0;;2025-07-19|2025-07-20;https://t.me/DtOperativno/21939;ЦОДД: Напоминаем, что завтра будет временно закрыто Садовое кольцо с 10:00 и до 20 июля 03:00 в связи с мероприятиями «Олимпийская Москва» и «Большой фестиваль бега». Для поездок в центр города рекомендуем использовать метро.   Также будет ограничено движение и парковка до 12:00 20 июля на нескольких прилегающих к Садовому кольцу улицах. Подробнее об изменениях — на сайте.  Обращаем внимание, что 19 июля будет временно закрыт подъезд к ряду объектов в районе Садового кольца. Нельзя будет подъехать к:  🔹 ЦПКиО им. М. Горького со стороны улицы Крымский Вал   🔹 ТЦ «Атриум»   🔹 Курскому вокзалу   
21942;2025-07-18;17;tram_works|tram_route_change;1;17;2025-07-18;https://t.me/DtOperativno/21942;⚠️ С 18 июля после 23:30 трамваи не будут ходить в Останкино.   В это время трамваи поедут по изменённым маршрутам:   🔹11 – от остановки «Восточное Измайлово» до Сельскохозяйственной улицы, обратно – от ВДНХ (сев.)   🔹17 – от остановки «Медведково» до Сельскохозяйственной улицы   🔹25 – от метро «Сокольники» до Сельскохозяйственной улицы, обратно – от ВДНХ (сев.)   На улице Академика Королёва и к метро «ВДНХ» пользуйтесь автобусами. Пассажирам трамвая 17 рекомендуем пользоваться метро «Бабушкинская».   Изменения – на время строительных работ.
21943;2025-07-18;20;closure;0;;2025-07-19|2025-08-30;https://t.me/DtOperativno/21943;С 19 июля до 30 августа участок Мосфильмовской улицы будет закрыт для проезда. Это связано с проведением строительных работ.  Рекомендуем заранее планировать маршрут с учётом перекрытия.  Подробнее – на инфографике👆
21947;2025-07-19;8;closure|mass_event;0;;2025-07-19|2025-07-20;https://t.me/DtOperativno/21947;ЦОДД: напоминаем, сегодня будет закрыто движение на Садовом кольце и ряде улиц в центре в связи с проведением мероприятий «Олимпийская Москва» и «Большой фестиваль бега».  Движение закроют: 🔹 в период с 10:00 19 июля до 03:00 20 июля на Садовом кольце.  🔹 в период с 01:00 19 июля до 12:00 20 июля на участках проезда Девичьего Поля, Плющихи, Большой Пироговской, Зубовской, Баррикадной улиц.  Также сегодня и завтра будет закрыта парковка на участках улиц Зубовской, Большой Пироговской, Плющихи, а также в проезде Девичьего Поля.   Подробнее — на сайте.
21957;2025-07-20;13;weather_alert;0;;;https://t.me/DtOperativno/21957;"1️⃣2️⃣3️⃣4️⃣ ЦОДД: Сегодня в Москве прогнозируют ливень с грозой и сильный ветер — соблюдайте скоростной режим и дистанцию   По прогнозам синоптиков, сегодня до конца дня ожидаются сильный дождь с грозой и ветер до 17 м/с.  Рекомендуем водителям:  🔹 Избегать резких маневров; 🔹 Не отвлекаться на телефон во время движения; 🔹 Не парковать авто и не стоять самим вблизи шатких конструкций; 🔹 Быть особенно аккуратным на подъемах и спусках с мостов и эстакад.  За ситуацией на дороге круглосуточно следят Ситуационный центр и экипажи Дорожного патруля ЦОДД."
21964;2025-07-21;7;weather_alert;0;;;https://t.me/DtOperativno/21964;"1️⃣2️⃣3️⃣4️⃣ ЦОДД: в городе идет сильный дождь — для поездок используйте метро  По прогнозам синоптиков, дождь с грозой и ветер до 15 м/с ожидаются в Москве до конца дня.  Рекомендуем водителям:  🔹 Не отвлекаться на телефон во время движения; 🔹 Избегать резких маневров; 🔹 Не парковать автомобили вблизи деревьев и шатких конструкций; 🔹 Заранее снижать скорость перед пешеходными переходами; 🔹 Для поездок по городу использовать метро.   За ситуацией на дороге 24/7 следят Ситуационный центр и экипажи Дорожного патруля ЦОДД.  Если увидите сломанный знак/светофор, звоните с мобильного по номеру 3210"
21970;2025-07-21;10;closure;0;;;https://t.me/DtOperativno/21970;"1️⃣1️⃣2️⃣3️⃣4️⃣5️⃣6️⃣7️⃣ ЦОДД: Дождь в Москве продлится до конца дня — для поездок по городу используйте городской транспорт.  По данным ЦОДД, дорожная ситуация оценивается в 5 баллов.  Из-за погодных условий временно перекрыто движение:  🔹 на Шелепихинской набережной в районе дома 2А, строение 3  Движение восстановлено:  🔹 в Шмитовском проезде в районе дома 32, строение 6  Интенсивное движение сейчас на:  🔹 Ярославском шоссе по направлению в центр; 🔹 ТТК в районе Беговой улицы; 🔹 МКАД в районе Каширского шоссе.  Во второй половине дня ожидаем локальные затруднения движения в центральной части"
21972;2025-07-21;11;mass_event;0;;2025-07-26;https://t.me/DtOperativno/21972;26 июля с 7:45 до конца мероприятия автобусы не будут заезжать к метро «Спортивная» — будет проводиться концерт в Лужниках.
21973;2025-07-21;11;closure;0;;;https://t.me/DtOperativno/21973;"В 5 баллов оценивается ситуация на дороге по данным ЦОДД — соблюдайте скоростной режим, не отвлекайтесь на телефон во время движения.   Из-за погодных условий временно перекрыто движение:  🔹 на Волоколамском шоссе в районе дома 142; 🔹 на улице Адмирала Корнилова в районе дома 65Б/1; 🔹 в Проектируемом проезде №4062 (Нагатинская набережная).  Движение восстановлено:  🔹 на Шелепихинской набережной в районе дома 2А, строение 3.  Интенсивное движение сейчас на:  🔹 ТТК в районе Чурской эстакады и в районе Киевского путепровода; 🔹 МКАД в районе Каширского шоссе.  Свободно сейчас на:  🔹 проспекте Марш"
21974;2025-07-21;12;closure;0;;;https://t.me/DtOperativno/21974;"В связи с погодными условиями перекрыто движение:  🔹 на Волоколамском шоссе в районе дома 142; 🔹 на проспекте Мира в районе дома 133 (под мостом в районе реки Яуза); 🔹 на улице Тихая.   Просим строить маршрут заранее. За ситуацией на дороге следит Ситуационный центр ЦОДД."
21978;2025-07-21;14;closure;0;;;https://t.me/DtOperativno/21978;"ЦОДД: Средняя скорость движения потока — 42 км/ч  По данным ЦОДД, движение оценивается в 4 балла.   Интенсивное движение сейчас наблюдаем на:  🔹 внешней стороне МКАД в районе Химкинского моста;  🔹 ТТК в районе Чурской эстакады в оба направления; 🔹 внешней стороне МКАД в районе деревни Ближние Прудищи.  Из-за погодных условий временно перекрыто движение:  🔹 на Сколковском шоссе в районе дома 45.  На движение могут повлиять:  🔹 погодные условия; 🔹 ремонтные работы на дороге; 🔹 мелкие ДТП.  Будьте внимательны за рулем: соблюдайте скоростной режим и дистанцию, не отвлекайтесь на телефон во время д"
21979;2025-07-21;14;closure;0;;;https://t.me/DtOperativno/21979;"В связи с погодными условиями перекрыто движение:  🔹 на Сколковском шоссе в районе дома 45; 🔹 на проспекте Мира в районе дома 133 (под мостом в районе реки Яуза); 🔹 на улице Тихая.   Движение восстановлено:  🔹 на улице Адмирала Корнилова в районе дома 65Б/1; 🔹 в Проектируемом проезде №4062 (Нагатинская набережная); 🔹 на Волоколамском шоссе в районе дома 142.  Будьте внимательны за рулем: соблюдайте скоростной режим и дистанцию, не отвлекайтесь на телефон во время движения."
21980;2025-07-21;15;closure;0;;;https://t.me/DtOperativno/21980;"В связи с погодными условиями перекрыто движение:  🔹 на Сколковском шоссе в районе дома 45; 🔹 на проспекте Мира в районе дома 133 (под мостом в районе реки Яуза); 🔹 на улице Тихая.   Движение восстановлено:  🔹 на улице Адмирала Корнилова в районе дома 65Б/1;…"
21994;2025-07-22;7;closure;0;;;https://t.me/DtOperativno/21994;"В связи с погодными условиями перекрыто движение:  🔹 на Сколковском шоссе в районе дома 45; 🔹 на проспекте Мира в районе дома 133 (под мостом в районе реки Яуза); 🔹 на улице Тихая.   Движение восстановлено:  🔹 на улице Адмирала Корнилова в районе дома 65Б/1;…"
22002;2025-07-22;14;weather_alert;0;;;https://t.me/DtOperativno/22002;"1️⃣2️⃣3️⃣4️⃣5️⃣6️⃣7️⃣ ЦОДД: синоптики прогнозируют ливень с грозой — для поездок по городу рекомендуем использовать метро   По прогнозам синоптиков, сегодня до конца дня в Москве ожидается сильный дождь с грозой и ветер до 15 м/с.  По данным ЦОДД, в городе 3 балла. Сейчас интенсивное движение наблюдаем на:  🔹 ТТК в районе улицы Сущевский Вал; 🔹 внутренней стороне МКАД в районе Каширского шоссе; 🔹 МКАД в районе Ленинградского шоссе.  В часы вечернего разъезда ожидаем локальные затруднения движения в центральной части города, на ТТК, МКАД и вылетных магистралях по направлению в область.  Рекомен"
22004;2025-07-22;17;closure;0;;;https://t.me/DtOperativno/22004;В связи с погодными условиями перекрыто движение:  🔹 на Минской улице в районе дома 2 по улице Герасима Курина.  Будьте внимательны за рулем: соблюдайте скоростной режим и дистанцию, не отвлекайтесь на телефон во время движения.
22006;2025-07-22;18;closure;0;;;https://t.me/DtOperativno/22006;"В связи с погодными условиями перекрыто движение на:  🔹 улице Ярцевская в районе дома 32 (площадь Академика Петрова); 🔹 улице Малая Филевская в районе дома 14а."
22008;2025-07-22;18;closure;0;;;https://t.me/DtOperativno/22008;"В связи с погодными условиями перекрыто движение на:  🔹 улице Ярцевская в районе дома 32 (площадь Академика Петрова); 🔹 улице Малая Филевская в районе дома 14а."
22012;2025-07-22;18;closure;0;;;https://t.me/DtOperativno/22012;В связи с погодными условиями перекрыто движение:  🔹 на Минской улице в районе дома 2 по улице Герасима Курина.  Будьте внимательны за рулем: соблюдайте скоростной режим и дистанцию, не отвлекайтесь на телефон во время движения.
22013;2025-07-22;18;closure;0;;;https://t.me/DtOperativno/22013;"В связи с погодными условиями перекрыто движение:  🔹 на Рублевском шоссе в районе дома 22, корпус 1 по направлению в область; 🔹 на Сколковском шоссе в районе дома 43."
22016;2025-07-22;19;closure;0;;;https://t.me/DtOperativno/22016;"В связи с погодными условиями перекрыто движение на:  🔹 улице Ярцевская в районе дома 32 (площадь Академика Петрова); 🔹 улице Малая Филевская в районе дома 14а."
22017;2025-07-22;19;closure;0;;;https://t.me/DtOperativno/22017;"В связи с погодными условиями перекрыто движение:  🔹 на Рублевском шоссе в районе дома 22, корпус 1 по направлению в область; 🔹 на Сколковском шоссе в районе дома 43."
22018;2025-07-22;19;closure;0;;;https://t.me/DtOperativno/22018;В связи с погодными условиями перекрыто движение:  🔹 на Полоцкой улице в районе дома 16.  Движение восстановлено:  🔹 на Малой Филевской улице в районе дома 14а.
22025;2025-07-23;5;closure;0;;;https://t.me/DtOperativno/22025;❗️В связи с пожаром на Мытной улице, д. 25 перекрыто движение по улице Мытная. На месте работают оперативные службы города.  Обстоятельства произошедшего и информация о пострадавших уточняются. Возгорание локализовано. На месте присутствует 1 автобус Мосгортранс, для размещения граждан .
22026;2025-07-23;6;closure;0;;;https://t.me/DtOperativno/22026;❗️В связи с пожаром на Мытной улице, д. 25 перекрыто движение по улице Мытная. На месте работают оперативные службы города.  Обстоятельства произошедшего и информация о пострадавших уточняются. Возгорание локализовано. На месте присутствует 1 автобус Мосгортранс…
22029;2025-07-23;11;tram_route_change;1;11|17|25;;https://t.me/DtOperativno/22029;✅ После 23:30 восстановлено движение трамваев в Останкино.   В это время трамваи 11, 17 и 25 снова ходят по своим обычным маршрутам.
22039;2025-07-24;8;closure|mass_event;0;;2025-07-26;https://t.me/DtOperativno/22039;ЦОДД: В связи с проведением концерта 26 июля будет временно закрыто движение в районе Большой спортивной арены «Лужники».  Движение будет закрыто:  🔹 С 08:00 до окончания мероприятия на съезде с улицы Хамовнический Вал на улицу Доватора.   🔹 С 20:00 до окончания концерта на участках улиц: Савельева, Доватора, 10-летия Октября, 3-я Фрунзенская, Ефремова, Трубецкая и в Проектируемом проезде № 2309 от улицы Усачева до улицы Доватора.  Также на некоторых участках с 00:01 26 июля до окончания концерта будет запрещена парковка.  Будьте внимательны. Стройте маршрут заранее с учетом временных ограниче
22043;2025-07-24;10;tram_works|tram_route_change;1;;;https://t.me/DtOperativno/22043;На Судостроительной улице (в районе остановки «9-й квартал») задерживаются трамваи № 47 и 49.  Маршруты временно изменены. Вместо трамваев работают автобусы. Будьте внимательны, следите за объявлениями водителей.
22045;2025-07-24;10;tram_works|tram_route_change;1;;;https://t.me/DtOperativno/22045;На Судостроительной улице (в районе остановки «9-й квартал») задерживаются трамваи № 47 и 49.  Маршруты временно изменены. Вместо трамваев работают автобусы. Будьте внимательны, следите за объявлениями водителей.
22049;2025-07-24;12;closure;0;;;https://t.me/DtOperativno/22049;"1️⃣2️⃣3️⃣4️⃣5️⃣6️⃣7️⃣ ЦОДД: в городе местами идет дождь — соблюдайте скоростной режим и дистанцию  По прогнозам синоптиков, сегодня до вечера в Москве обещают дождь с грозой и сильный ветер до 15 м/с.  По данным ЦОДД, дорожная ситуация оценивается в 5 баллов. Интенсивное движение сейчас:  🔹 на внешней стороне Садового кольца от Сухаревской площади до улицы Новый Арбат; 🔹 на внешней стороне ТТК от Беговой улицы до Кутузовского проспекта; 🔹 на Можайском шоссе от МКАД до Аминьевского шоссе.  Свободное сейчас на:   🔹 Каширском шоссе;  🔹 Варшавском шоссе;  🔹 Щелковском шоссе.  На движение могут пов"
22050;2025-07-24;12;closure;0;;;https://t.me/DtOperativno/22050;"Движение временно перекрыто на:  🔹 Можайском шоссе в районе дома 4, корпус 1 по направлению в центр. Объезд через проспект Генерала Дорохова; 🔹 внешней стороне ТТК на съезде на Кутузовский проспект по направлению в область. Объезд через Мосфильмовскую улицу; 🔹 внешней стороне Садового кольца в районе Новинского бульвара, дом 11, съезд на улицу Новый Арбат. Объезд через Комсомольский проспект.  Будьте внимательны. Стройте маршрут заранее."
22051;2025-07-24;13;closure;0;;;https://t.me/DtOperativno/22051;"Движение временно перекрыто на:  🔹 Можайском шоссе в районе дома 4, корпус 1 по направлению в центр. Объезд через проспект Генерала Дорохова; 🔹 внешней стороне ТТК на съезде на Кутузовский проспект по направлению в область. Объезд через Мосфильмовскую улицу;…"
22054;2025-07-24;14;weather_alert;0;;;https://t.me/DtOperativno/22054;"1️⃣2️⃣3️⃣4️⃣ ЦОДД: в городе местами идет ливень с грозой и сильный ветер — соблюдайте скоростной режим и не отвлекайтесь на телефон за рулём   По прогнозам синоптиков, сильный дождь с грозой и ветер до 15 м/с продлятся до конца дня.  Рекомендуем водителям:  🔹 Для поездок по городу использовать метро или отложить поездки на более позднее время — после 19:00;  🔹 Избегать резких маневров; 🔹 Не отвлекаться на телефон во время движения; 🔹 Не парковать авто под деревьями и не стоять самим вблизи шатких конструкций; 🔹 Быть особенно аккуратным на подъемах и спусках с мостов и эстакад.  За ситуацией на"
22055;2025-07-24;15;closure;0;;;https://t.me/DtOperativno/22055;"ЦОДД: в ЦАО, ЗАО и ЮЗАО возможны локальные ограничения движения — вечером лучше отложить поездки на авто или использовать городской транспорт    Сейчас средняя скорость потока — 38 км/ч, движение оценивается в 6 баллов по данным ЦОДД.  В вечерний разъезд также возможны локальные ограничения движения в центральной части города, на Садовом кольце, ТТК, МКАД и вылетных магистралях по направлению в область.   На движении могут повлиять:  🔹 локальные ограничения движения; 🔹 снижение скорости из-за неблагоприятных погодных условий; 🔹 мелкие ДТП и ремонтные работы на дороге.   Для поездок по городу в"
22056;2025-07-24;17;mass_event;0;;2025-07-27;https://t.me/DtOperativno/22056;26 и 27 июля остановка «Кинопарк «Москино» для автобусов МК1 временно переносится на Калужское шоссе — будет проводиться музыкальный фестиваль «Наши в городе».  Маршрут МК2 временно работать не будет. Пользуйтесь автобусами МК1 от метро «Тёплый Стан».  Автобусы МК1 будут ходить чаще.
22059;2025-07-24;21;closure;0;;2025-07-25|2025-08-17;https://t.me/DtOperativno/22059;С 25 июля до 17 августа участки улиц Сикорского и Луговой будут закрыты для проезда. Это связано с проведением работ по обустройству городской парковки.   Рекомендуем заранее планировать маршрут с учётом перекрытия.  Подробнее – на инфографике👆
22065;2025-07-25;7;closure|mass_event;0;;2025-07-26;https://t.me/DtOperativno/22065;Доброе утро!  В связи с коротким рабочим днем вечерний разъезд начнется сегодня раньше — около 16:00. Рекомендуем выезжать до него или отложить поездку на более позднее время.  Напоминаем, что 26 июля в связи с проведением концерта будет временно закрыто движение на ряде улиц в районе спорткомплекса «Лужники». Планируйте маршрут заранее.  Хорошего дня 💚
22071;2025-07-25;12;closure;0;;2025-07-26|2025-07-27|2025-07-28;https://t.me/DtOperativno/22071;С 26 по 28 июля изменится схема движения в ТиНАО.  В связи с интеграцией нового электродепо «Столбово» будет временно закрыт участок «Саларьево» — «Потапово» Сокольнической линии метро. Для удобства пассажиров будут ходить бесплатные автобусы. Чтобы они двигались без задержек, мы временно изменим схему дорожного движения.  Что изменится:  🔹 Появятся выделенные полосы на улице Саларьевский Спуск, в боковых проездах Филатовского шоссе возле метро «Филатов Луг» и Калужского шоссе у остановки «Метро Ольховая», на участках трассы Солнцево-Бутово-Варшавское шоссе у метро «Новомосковская» и перед про
22072;2025-07-25;14;tram_works;1;;2025-07-26;https://t.me/DtOperativno/22072;⚠️ С 26 июля компенсационные автобусы 07 временно не будут ходить по улице Гиляровского.   Автобусы 07 в сторону метро «Сокольники» после остановки «Улица Щепкина» поедут в объезд улицы Гиляровского через улицу Щепкина, Больничный переулок и проспект Мира.   На улице Щепкина вводится временная дополнительная остановка «Метро «Проспект Мира».   Изменения связаны с ремонтом трамвайных путей на улице Гиляровского.
22084;2025-07-25;15;closure|mass_event;0;;2025-07-26;https://t.me/DtOperativno/22084;ЦОДД: Напоминаем, что завтра — 26 июля — в связи с проведением концерта будет временно закрыто движение в районе спорткомплекса «Лужники».  Движение будет закрыто:  🔹 С 08:00 до окончания мероприятия на съезде с улицы Хамовнический Вал на улицу Доватора.   🔹 С 20:00 до окончания концерта на участках улиц: Савельева, Доватора, 10-летия Октября, 3-я Фрунзенская, Ефремова, Трубецкая и в Проектируемом проезде № 2309 от улицы Усачева до улицы Доватора.  Также на некоторых участках с 00:01 26 июля до окончания концерта будет запрещена парковка.  Будьте внимательны. Стройте маршрут заранее с учетом в
22085;2025-07-25;16;closure;0;;2025-07-26;https://t.me/DtOperativno/22085;С 26 июля 2025 г. до 26 июля 2026 г. участок Кленового бульвара будет закрыт для проезда. Это связано с проведением работ по строительству объектов метрополитена.  Также на участке перекрытия будет запрещена парковка. Обращайте внимание на знаки.  Подробнее – на инфографике👆  Рекомендуем заранее планировать маршрут с учётом перекрытия.
22091;2025-07-26;7;closure|mass_event;0;;;https://t.me/DtOperativno/22091;ЦОДД: Сегодня в связи с проведением концерта будет временно закрыто движение в районе спорткомплекса «Лужники».  Движение будет закрыто:  🔹 С 08:00 до окончания мероприятия на съезде с улицы Хамовнический Вал на улицу Доватора.   🔹 С 20:00 до окончания концерта на участках улиц: Савельева, Доватора, 10-летия Октября, 3-я Фрунзенская, Ефремова, Трубецкая и в Проектируемом проезде № 2309 от улицы Усачева до улицы Доватора.  Также на некоторых участках до окончания концерта временно закрыта парковка.  Будьте внимательны. Стройте маршрут заранее с учетом временных ограничений. Вся подробная информ
22111;2025-07-29;9;closure;0;;2025-08-02;https://t.me/DtOperativno/22111;ЦОДД: 2 августа в связи с проведением праздника «Ильин день» закроют движение для транспорта в районе Красной площади.  Движение будет временно закрыто с 06:00 до 13:00 на улице Ильинка от Новой площади до дома 5 по Красной площади.  Также на участке ограничений будет запрещена парковка с 00:01 2 августа до окончания мероприятия.   Будьте внимательны и стройте маршрут заранее. Подробнее — на сайте.  👍 Дептранс Москвы
22118;2025-07-29;12;mass_event;0;;2025-08-02;https://t.me/DtOperativno/22118;2 августа меняются маршруты в центре Москвы — будет проводиться Московский ночной велофестиваль.
22121;2025-07-29;16;closure;0;;;https://t.me/DtOperativno/22121;"Движение временно закрыто:  🔹 на Ленинградском шоссе от МКАД; 🔹 на Тверской улице; 🔹 на Волоколамском шоссе по направлению в центр перед пересечением с Ленинградским шоссе.  Будьте внимательны. Планируйте маршрут заранее."
22122;2025-07-29;16;closure;0;;;https://t.me/DtOperativno/22122;"Движение временно закрыто:  🔹 на Ленинградском шоссе от МКАД; 🔹 на Тверской улице; 🔹 на Волоколамском шоссе по направлению в центр перед пересечением с Ленинградским шоссе.  Будьте внимательны. Планируйте маршрут заранее."
22124;2025-07-30;8;closure|mass_event;0;;2025-07-31|2025-08-01|2025-08-02|2025-08-03;https://t.me/DtOperativno/22124;ЦОДД: В связи с проведением Московского ночного велофестиваля 2 и 3 августа будет временно закрыто движение транспорта по Садовому кольцу в обоих направлениях.  Движение будет закрыто:   🔹 с 17:00 2 августа до окончания мероприятия на участках Зубовской улицы (от Дашкова переулка до Большой Пироговской улицы), Большой Пироговской улицы (от улицы Еланского до Зубовской улицы). 🔹 с 20:30 2 августа до 01:00 3 августа на всем протяжении Садового кольца в оба направления, на Зубовской улице (от Дашкова переулка до Садового кольца).  Также с 00:01 1 августа до 17:00 2 августа будет временно закрыта 
22129;2025-07-30;17;closure;0;;;https://t.me/DtOperativno/22129;Движение временно закрыто:  🔹 на Боровицкой площади.  Будьте внимательны. Планируйте маршрут заранее.
22132;2025-07-30;17;closure;0;;;https://t.me/DtOperativno/22132;Движение временно закрыто:  🔹 на Боровицкой площади.  Будьте внимательны. Планируйте маршрут заранее.
22138;2025-07-31;9;new_line;1;;2025-07-31;https://t.me/DtOperativno/22138;✅ С 31 июля после ремонтных работ на улице Гиляровского восстановлено движение автобусов 07 в сторону метро «Сокольники» через улицу Гиляровского вместо объезда по улице Щепкина.   У метро «Проспект Мира» автобусы вновь останавливаются на остановке трамвая «Спорткомплекс «Олимпийский» перед перекрёстком с проспектом Мира.   Напоминаем, что трамваи временно не ходят между метро «Красносельская» и Белорусским вокзалом, а также в районе метро «Новослободская» и РУТ (МИИТ). Это связано со строительством новой трамвайной линии по проспекту Академика Сахарова.
22141;2025-07-31;12;tram_works|tram_route_change|mass_event;1;;2025-08-02;https://t.me/DtOperativno/22141;⚠️ В субботу, 2 августа, после 20:00 трамваи не будут ходить между Павелецким вокзалом и метро «Чистые пруды».   В это время трамваи поедут по изменённым маршрутам:   🔹А – от МЦД Калитники через метро «Пролетарская» до МЦК Дубровка   🔹3 – от метро «Чертановская» через Павелецкий вокзал до метро «Пролетарская»   🔹39 – от метро «Университет» через Павелецкий вокзал до метро «Пролетарская»   Вместо трамваев будут работать автобусы 913 – вместо Павелецкого вокзала и метро «Новокузнецкая» они поедут через остров Балчуг и Бульварное кольцо до Воронцова Поля.   Пользуйтесь метро до «Новокузнецкой» и 
22143;2025-07-31;14;closure;0;;;https://t.me/DtOperativno/22143;"Движение временно закрыто:  🔹 на Тверской улице по направлению в центр; 🔹 на Боровицкой площади;  🔹 на Пречистенской набережной; 🔹 на Большом Каменном мосту; 🔹 на улице Знаменка.  Будьте внимательны. Планируйте маршрут заранее."
22144;2025-07-31;14;closure;0;;;https://t.me/DtOperativno/22144;"Движение временно закрыто:  🔹 на Тверской улице по направлению в центр; 🔹 на Боровицкой площади;  🔹 на Пречистенской набережной; 🔹 на Большом Каменном мосту; 🔹 на улице Знаменка.  Будьте внимательны. Планируйте маршрут заранее."
22145;2025-07-31;14;closure|weather_alert;0;;;https://t.me/DtOperativno/22145;"1️⃣2️⃣3️⃣4️⃣5️⃣6️⃣7️⃣ ЦОДД: синоптики прогнозируют ливень с грозой — не отвлекайтесь на телефон во время движения  По прогнозам синоптиков, сегодня до конца дня в Москве ожидаются сильный дождь с грозой и ветер до 15 м/с.  По данным ЦОДД, в городе 4 балла. Сейчас интенсивное движение наблюдаем на:  🔹 ТТК в районе Чурской эстакады; 🔹 внешней стороне МКАД в районе Липецкой улицы; 🔹 внутренней стороне МКАД в районе Ленинского проспекта.  В часы вечернего разъезда ожидаем локальные затруднения движения в центральной части города, на ТТК, МКАД и вылетных магистралях по направлению в область.  Реком"
22157;2025-08-01;7;closure|mass_event;0;;2025-08-02|2025-08-03;https://t.me/DtOperativno/22157;Доброе утро!  Сегодня в Москве пасмурно, местами возможен небольшой дождь.  В связи с коротким рабочим днем вечерний разъезд начнется сегодня раньше — около 16:00. Рекомендуем выезжать до него или отложить поездку на более позднее время.  Напоминаем, что с 20:30 2 августа до 01:00 3 августа в связи с проведением Московского ночного велофестиваля будет временно закрыто движение на всем протяжении Садового кольца. Планируйте маршрут заранее.  Хорошего дня 💚
22163;2025-08-01;12;closure;0;;2025-03-31|2025-08-06;https://t.me/DtOperativno/22163;С 6 августа 2025 г. до 31 марта 2026 г. участок Проектируемого проезда № 6226 будет закрыт для движения. Это связано с проведением строительных работ.  Рекомендуем заранее планировать маршрут с учётом перекрытия.   Подробнее – на инфографике👆
22168;2025-08-01;15;closure;0;;2025-08-02|2025-08-03;https://t.me/DtOperativno/22168;ЦОДД: Напоминаем, что завтра вечером будет временно закрыто Садовое кольцо — выбирайте метро для поездок в центр города  Движение будет временно закрыто:  🔹 С 17:00 до окончания мероприятия на участках Зубовской улицы (от Дашкова переулка до Большой Пироговской улицы), Большой Пироговской улицы (от улицы Еланского до Зубовской улицы). 🔹 С 20:30 2 августа до 01:00 3 августа на всем протяжении Садового кольца в оба направления, на Зубовской улице (от Дашкова переулка до Садового кольца).  Обращаем внимание, что также будет временно закрыт подъезд к ряду объектов в районе Садового кольца. Нельзя 
22169;2025-08-01;15;closure;0;;2025-08-02;https://t.me/DtOperativno/22169;ЦОДД: Напоминаем, что завтра в связи с проведением праздника «Ильин день» временно будет закрыто движение в районе Красной площади.  Движение будет временно закрыто:  🔹 с 06:00 до 13:00 на улице Ильинка от Новой площади до дома 5 по Красной площади.  Также на участке ограничений будет запрещена парковка с 00:01 2 августа до окончания мероприятия.   Будьте внимательны и стройте маршрут заранее. Подробнее — на сайте.
22183;2025-08-01;23;tram_route_change;1;17;;https://t.me/DtOperativno/22183;На проспекте Мира (в районе остановки «Улица Сергея Эйзенштейна») из-за обрыва контактной сети сторонним транспортом задерживаются трамваи № 17.  Маршрут временно изменен. Будьте внимательны, следите за объявлениями водителей.
22186;2025-08-02;0;tram_route_change;1;17;;https://t.me/DtOperativno/22186;На проспекте Мира (в районе остановки «Улица Сергея Эйзенштейна») из-за обрыва контактной сети сторонним транспортом задерживаются трамваи № 17.  Маршрут временно изменен. Будьте внимательны, следите за объявлениями водителей.
22188;2025-08-02;10;closure|mass_event;0;;2025-08-03;https://t.me/DtOperativno/22188;ЦОДД: Напоминаем, что сегодня вечером в связи с проведением Московского ночного велофестиваля с 20:30 будет временно закрыто Садовое кольцо — выбирайте метро для поездок в центр города  Движение будет временно закрыто:  🔹 С 17:00 до окончания мероприятия на участках Зубовской улицы (от Дашкова переулка до Большой Пироговской улицы), Большой Пироговской улицы (от улицы Еланского до Зубовской улицы). 🔹 С 20:30 до 01:00 3 августа на всем протяжении Садового кольца в оба направления, на Зубовской улице (от Дашкова переулка до Садового кольца).  Обращаем внимание, что также будет временно закрыт по
22196;2025-08-04;7;weather_alert;0;;;https://t.me/DtOperativno/22196;"1️⃣2️⃣3️⃣4️⃣ ЦОДД: в городе сегодня ожидается сильный дождь — для поездок используйте городской транспорт  По прогнозам синоптиков, дождь с грозой и ветер до 17 м/с ожидаются в Москве до конца дня.  Рекомендуем водителям:  🔹 Не отвлекаться на телефон во время движения; 🔹 Избегать резких маневров; 🔹 Не парковать автомобили вблизи деревьев и шатких конструкций; 🔹 Заранее снижать скорость перед пешеходными переходами; 🔹 Для поездок по городу использовать метро.   За ситуацией на дороге 24/7 следят Ситуационный центр и экипажи Дорожного патруля ЦОДД.  Если увидите сломанный знак/светофор, звоните "
22198;2025-08-04;13;closure;0;;2025-08-07|2025-08-11;https://t.me/DtOperativno/22198;С 22:00 7 августа до 10:00 11 августа участок бокового проезда Садового кольца в районе дома 1 по Кудринской площади будет закрыт для движения. Это связано с проведением мероприятия «День физкультурника».   Рекомендуем заранее планировать маршрут с учётом перекрытия.  Подробнее – на инфографике👆
22200;2025-08-04;14;closure;0;;;https://t.me/DtOperativno/22200;❗️На ЮВХ (напротив д. 5 на Люблинской ул.) произошло ДТП с участием нескольких автомобилей. На месте работают оперативные службы города. Обстоятельства произошедшего и информация о пострадавших уточняются.  Движение в районе ДТП перекрыто. Пожалуйста, выбирайте пути объезда.
22201;2025-08-04;14;closure|weather_alert;0;;;https://t.me/DtOperativno/22201;"ЦОДД: дождь в городе продлится до конца дня — не отвлекайтесь на телефон во время движения  По прогнозам синоптиков, сегодня до конца дня в Москве ожидаются сильный дождь с грозой и ветер до 17 м/с.  По данным ЦОДД, в городе 3 балла. Сейчас интенсивное движение наблюдаем на:  🔹 ТТК в районе Чурской эстакады; 🔹 внутренней стороне ТТК в районе улицы Новая Башиловка; 🔹 внутренней стороне МКАД в районе Каширского шоссе.  В часы вечернего разъезда ожидаем локальные затруднения движения в центральной части города, на ТТК, МКАД и вылетных магистралях по направлению в область.  Рекомендуем водителям и"
22202;2025-08-04;15;closure;0;;;https://t.me/DtOperativno/22202;❗️На ЮВХ (напротив д. 5 на Люблинской ул.) произошло ДТП с участием нескольких автомобилей. На месте работают оперативные службы города. Обстоятельства произошедшего и информация о пострадавших уточняются.  Движение в районе ДТП перекрыто. Пожалуйста, выбирайте…
22203;2025-08-04;16;closure;0;;;https://t.me/DtOperativno/22203;❗️На ЮВХ (напротив д. 5 на Люблинской ул.) произошло ДТП с участием нескольких автомобилей. На месте работают оперативные службы города. Обстоятельства произошедшего и информация о пострадавших уточняются.  Движение в районе ДТП перекрыто. Пожалуйста, выбирайте…
22211;2025-08-05;8;closure;0;;;https://t.me/DtOperativno/22211;❗️По информации Госавтоинспекции Москвы, перекрыто движение на улице Паршина (в районе д. 11) в связи с падением дерева на проезжую часть.   Пожалуйста, выбирайте пути объезда.
22212;2025-08-05;9;closure;0;;;https://t.me/DtOperativno/22212;❗️По информации Госавтоинспекции Москвы, перекрыто движение на улице Паршина (в районе д. 11) в связи с падением дерева на проезжую часть.   Пожалуйста, выбирайте пути объезда.
22214;2025-08-05;11;mass_event;0;;2025-08-08|2025-08-09;https://t.me/DtOperativno/22214;8 августа автобусы 024 будут ходить до 23:50, 9 августа — к Курскому вокзалу пойдут по Волочаевской улице вместо набережных Яузы — будет проводиться сап-фестиваль «Яузафест».  От Елизаветинского переулка к Курскому вокзалу пользуйтесь автобусами 78.
22218;2025-08-05;15;closure;0;;;https://t.me/DtOperativno/22218;"ЦОДД: в центре возможны локальные ограничения движения — вечером лучше отложить поездки на авто или использовать городской транспорт    Сейчас средняя скорость потока — 52 км/ч, движение оценивается в 3 балла по данным ЦОДД.  Сейчас интенсивное движение наблюдаем на:  🔹 ТТК в районе Чурской эстакады; 🔹 внутренней стороне ТТК в районе улицы Новая Башиловка; 🔹 внутренней стороне МКАД в районе Каширского шоссе.  В вечерний разъезд также возможны локальные затруднения движения в центральной части города, на ТТК в районе Тульской эстакады, на Ярославском шоссе по направлению в область.  На движение"
22219;2025-08-05;15;closure;0;;;https://t.me/DtOperativno/22219;Движение временно закрыто:  🔹 на съезде с Большого Каменного моста на Боровицкую площадь  Будьте внимательны. Планируйте маршрут заранее.
22220;2025-08-05;17;closure;0;;;https://t.me/DtOperativno/22220;Движение временно закрыто:  🔹 на съезде с Большого Каменного моста на Боровицкую площадь  Будьте внимательны. Планируйте маршрут заранее.
22223;2025-08-05;19;closure;0;;;https://t.me/DtOperativno/22223;"ЦОДД: завтра в центре возможны локальные ограничения движения — рекомендуем использовать городской транспорт для поездок по городу  В связи с локальными ограничениями движения в городе завтра для поездок рекомендуем использовать метро. Так вы сэкономите время в пути.  На дорожное движение завтра могут повлиять:  🔹 мелкие ДТП; 🔹 ремонтные работы на дороге.    Будьте внимательны за рулем: соблюдайте скоростной режим и дистанцию, не отвлекайтесь на телефон во время движения. Планируйте свой маршрут заранее.  За ситуацией на дороге 24/7 следят Ситуационный центр и экипажи Дорожного патруля ЦОДД."
22225;2025-08-06;7;closure;0;;;https://t.me/DtOperativno/22225;"ЦОДД: сегодня в городе возможны локальные ограничения движения — рекомендуем использовать метро для поездок в центр  В связи с возможными локальными ограничениями движения сегодня в течение дня для поездок рекомендуем использовать метро. Это сэкономит время в пути.  На дорожное движение могут также повлиять:  🔹 мелкие ДТП; 🔹 ремонтные работы на дороге.    Будьте внимательны за рулем: соблюдайте скоростной режим и дистанцию, не отвлекайтесь на телефон во время движения. Планируйте свой маршрут заранее.  За ситуацией на дороге 24/7 следят Ситуационный центр и экипажи Дорожного патруля ЦОДД."
22226;2025-08-06;8;tram_route_change;1;;;https://t.me/DtOperativno/22226;На Тимирязевской улице (в районе остановки «Пасечная улица») из-за ДТП на путях задерживаются трамваи № 27 и 29.  Маршруты временно изменены. Будьте внимательны, следите за объявлениями водителей.
22227;2025-08-06;9;tram_route_change;1;;;https://t.me/DtOperativno/22227;На Тимирязевской улице (в районе остановки «Пасечная улица») из-за ДТП на путях задерживаются трамваи № 27 и 29.  Маршруты временно изменены. Будьте внимательны, следите за объявлениями водителей.
22229;2025-08-06;14;closure;0;;;https://t.me/DtOperativno/22229;"Движение временно закрыто:  🔹 на Тверской улице в районе дома 9 по направлению в центр; 🔹 на улице Новый Арбат перед съездом на улицу Знаменка по направлению в центр.  Рекомендуем использовать для объезда Бульварное и Садовое кольца.   Будьте внимательны. Планируйте маршрут заранее."
22230;2025-08-06;14;closure;0;;;https://t.me/DtOperativno/22230;"ЦОДД: В городе сейчас наблюдается интенсивное движение в центральной части — для поездок в центр используйте метро  По данным ЦОДД, дорожная ситуация в Москве оценивается в 3 балла. Интенсивное движение сейчас на:  🔹 ТТК в районе улицы Сущевский Вал; 🔹 МКАД в районе Ленинградского шоссе; 🔹 внешней стороне Садового кольца в районе улицы Садовая-Спасская.  Во второй половине дня ожидаем локальные затруднения движения в центре, на Ярославском шоссе по направлению в область, на внутренней стороне ТТК перед въездом в Гагаринский тоннель, а также на МКАД в районе Каширского шоссе.  В вечерний разъез"
22231;2025-08-06;14;closure;0;;;https://t.me/DtOperativno/22231;"Движение временно закрыто:  🔹 на Тверской улице в районе дома 9 по направлению в центр; 🔹 на улице Новый Арбат перед съездом на улицу Знаменка по направлению в центр.  Рекомендуем использовать для объезда Бульварное и Садовое кольца.   Будьте внимательны.…"
22232;2025-08-06;14;closure;0;;;https://t.me/DtOperativno/22232;"Движение временно закрыто:  🔹 на Тверской улице в районе дома 9 по направлению в центр; 🔹 на улице Новый Арбат перед съездом на улицу Знаменка по направлению в центр.  Рекомендуем использовать для объезда Бульварное и Садовое кольца.   Будьте внимательны.…"
22233;2025-08-06;15;closure;0;;2025-08-09;https://t.me/DtOperativno/22233;ЦОДД: 9 августа будет временно закрыто движение для транспорта на улице Крылатская в связи с проведением Чемпионата России по триатлону.   Движение для автомобилей перекроют с 07:00 до 13:00:  🔹 на улице Крылатская от дома 2А до дома 14 🔹 в местном проезде между домом 2А и домом 2, с. 2 по улице Крылатская  Также с 00:01 9 августа до окончания мероприятия на участках перекрытия будет запрещена парковка.  Будьте внимательны и планируйте маршрут с учетом временных ограничений.   Подробная информация о перекрытиях — на сайте.  👍 Дептранс Москвы
22235;2025-08-06;16;closure;0;;2025-08-21|2025-08-22;https://t.me/DtOperativno/22235;ЦОДД: В связи с проведением автопробега ко Дню Государственного флага РФ в ночь с 21 на 22 августа в районе Хамовники будет закрыто движение на ряде улиц  Движение будет закрыто с 20:00 21 августа до 01:00 22 августа:  🔹 на Большой Пироговской улице от улицы Еланского до Зубовской улицы 🔹 на Зубовской улице от Большой Пироговской улицы до Зубовского бульвара  Также на участках перекрытий будет временно запрещена парковка с 00:01 21 августа до окончания мероприятия.   Планируйте маршрут заранее. Подробнее — на сайте.
22240;2025-08-06;20;closure;0;;;https://t.me/DtOperativno/22240;"ЦОДД: завтра в центре возможны локальные ограничения движения — рекомендуем использовать городской транспорт для поездок по городу  В связи с локальными ограничениями движения завтра для поездок по городу рекомендуем использовать метро. Так вы сэкономите время в пути.  На дорожное движение завтра также могут повлиять:  🔹 погодные условия; 🔹 мелкие ДТП; 🔹 ремонтные работы на дороге.    Будьте внимательны за рулем: соблюдайте скоростной режим и дистанцию, не отвлекайтесь на телефон во время движения. Планируйте свой маршрут заранее.  За ситуацией на дороге 24/7 следят Ситуационный центр и экипаж"
22245;2025-08-07;8;closure;0;;;https://t.me/DtOperativno/22245;"ЦОДД: сегодня синоптики прогнозируют дождь — не отвлекайтесь на телефон во время движения  По прогнозу синоптиков, в Москве сегодня ожидается дождь. В течение дня для поездок рекомендуем использовать городской транспорт. Это сэкономит время в пути.  На дорожное движение могут также повлиять:  🔹 неблагоприятные погодные условия; 🔹 локальные ограничения движения; 🔹 мелкие ДТП; 🔹 ремонтные работы на дороге.    Будьте внимательны за рулем: соблюдайте скоростной режим и дистанцию, не отвлекайтесь на телефон во время движения. Планируйте свой маршрут заранее.  За ситуацией на дороге 24/7 следят Ситу"
22246;2025-08-07;11;closure;0;;2025-08-10;https://t.me/DtOperativno/22246;ЦОДД: 10 августа будет временно закрыто движение для транспорта на ряде набережных и улиц в центре города в связи с проведением соревнования «ЛИГА ТРИАТЛОНА & IRONSTAR МОСКВА 226».  Движение будет закрыто в период с 06:00 до 23:30:  🔹 на улицах: Крылатская, Мневники, Нижние Мневники, Народного Ополчения, Лужники, 1905 года 🔹 на набережных: Краснопресненская, Смоленская, Ростовская, Саввинская, Новодевичья, Лужнецкая, Фрунзенская, Пречистенская, Кремлевская, Москворецкая, Котельническая, Гончарная, Краснохолмская, Подгорская, Берниковская, Николоямская, Андроньевская, Золоторожская, Красноказар
22248;2025-08-07;11;closure;0;;2025-08-09|2025-12-31;https://t.me/DtOperativno/22248;С 9 августа до 31 декабря участок дублёра улицы Свободы будет закрыт для проезда. Это связано с проведением строительных работ.   Рекомендуем заранее планировать маршрут с учётом перекрытия.  Подробнее – на инфографике👆
22250;2025-08-07;12;closure;0;;;https://t.me/DtOperativno/22250;"ЦОДД: в городе до конца дня будет дождь — для поездок в центр используйте метро  По данным ЦОДД, дорожная ситуация в Москве оценивается в 4 балла. Интенсивное движение сейчас на:  🔹 внешней стороне ТТК в районе Рижской эстакады; 🔹 Волгоградском проспекте в районе Ташкентской улицы; 🔹 внутренней стороне МКАД в районе Каширского шоссе.  Во второй половине дня ожидаем локальные затруднения движения в центре, на внешней стороне ТТК в районе улицы Сущевский Вал, на Ленинградском шоссе по направлению в область и на внутренней стороне МКАД в районе Ленинского проспекта.  В вечерний разъезд рекомендуе"
22251;2025-08-07;12;closure;0;;;https://t.me/DtOperativno/22251;Движение временно закрыто на:  🔹 Боровицкой площади.  🔹 Тверской улице в районе дома 7.  🔹 Киевском шоссе в районе шоссе Ракитки по направлению в центр. Объезд возможен через ЦКАД.  Будьте внимательны. Планируйте маршрут заранее.
22252;2025-08-07;13;closure;0;;;https://t.me/DtOperativno/22252;Движение временно закрыто на:  🔹 Боровицкой площади.  🔹 Тверской улице в районе дома 7.  🔹 Киевском шоссе в районе шоссе Ракитки по направлению в центр. Объезд возможен через ЦКАД.  Будьте внимательны. Планируйте маршрут заранее.
22254;2025-08-07;13;closure;0;;;https://t.me/DtOperativno/22254;"Движение временно закрыто:  🔹 в проезде Апакова; 🔹 на Калужской площади.  Будьте внимательны. Планируйте маршрут заранее."
22255;2025-08-07;13;closure;0;;;https://t.me/DtOperativno/22255;Движение временно закрыто на:  🔹 Боровицкой площади.  🔹 Тверской улице в районе дома 7.  🔹 Киевском шоссе в районе шоссе Ракитки по направлению в центр. Объезд возможен через ЦКАД.  Будьте внимательны. Планируйте маршрут заранее.
22258;2025-08-07;15;closure;0;;;https://t.me/DtOperativno/22258;Движение временно закрыто:  🔹 на Кремлёвской набережной.  Будьте внимательны. Планируйте маршрут заранее.
22259;2025-08-07;16;closure;0;;;https://t.me/DtOperativno/22259;Движение временно закрыто:  🔹 на Тверской улице от дома 9 до Моховой улицы.  Будьте внимательны. Планируйте маршрут заранее.
22260;2025-08-07;16;closure;0;;;https://t.me/DtOperativno/22260;"Движение временно закрыто:  🔹 на улице Знаменка; 🔹 на улице Волхонка от дома 15 до Боровицкой площади."
22264;2025-08-07;18;closure;0;;;https://t.me/DtOperativno/22264;Движение временно закрыто:  🔹 на Кремлёвской набережной.  Будьте внимательны. Планируйте маршрут заранее.
22265;2025-08-07;18;closure|mass_event;0;;2025-08-09|2025-08-10;https://t.me/DtOperativno/22265;9 августа с 00:01 до 23:59 участок набережной Академика Туполева будет закрыт для проезда. Это связано с проведением сап-фестиваля «Яузафест».   Рекомендуем заранее планировать маршрут с учётом перекрытия.  Также 8 и 10 августа в зависимости от времени на участке набережной Академика Туполева будет недоступна для движения 1 полоса.  Подробнее – на сайте.
22269;2025-08-07;20;tram_works|tram_route_change;1;7;2025-08-08;https://t.me/DtOperativno/22269;⚠️ В ночь с 7 на 8 августа меняются трамвайные маршруты у метро «Сокольники».   Трамваи 7 в сторону метро «Бульвар Рокоссовского» будут ходить только до 0:40.   Трамваи 43 после 0:40 не будут заезжать во 2-й Полевой переулок и на разворотное кольцо у метро «Сокольники». Пользуйтесь остановкой «Метро «Сокольники» на Стромынке.   Изменения – на время ремонта трамвайных путей на разворотном кольце у метро «Сокольники».
22284;2025-08-08;15;closure;0;;2025-08-09;https://t.me/DtOperativno/22284;"ЦОДД: напоминаем, что завтра будет временно закрыто движение для транспорта на улице Крылатская в связи с проведением Чемпионата России по триатлону.   Движение будет закрыто с 07:00 до 13:00:  🔹 на улице Крылатская от дома 2А до дома 14; 🔹 в местном проезде между домом 2А и домом 2, с. 2 по улице Крылатская.  Также с 00:01 9 августа до окончания мероприятия на участках перекрытия будет запрещена парковка.  Будьте внимательны и планируйте маршрут с учетом временных ограничений. Подробнее — на сайте."
22285;2025-08-08;16;closure;0;;2025-08-09|2025-08-10|2025-08-11|2025-08-12|2025-08-13|2025-08-14|2025-08-15|2025-08-16|2025-08-17|2025-08-18|2025-08-19|2025-08-20|2025-08-21|2025-08-22|2025-08-23|2025-08-24|2025-08-25|2025-08-26|2025-08-27|2025-08-28|2025-08-29|2025-08-30|2025-08-31|2025-09-10;https://t.me/DtOperativno/22285;С 9 до 31 августа участок Талдомской улицы будет закрыт для проезда. Это связано с проведением строительных работ.  Рекомендуем заранее планировать маршрут с учётом перекрытия.  В период с 9 августа до 10 сентября на участке Талдомской улицы будет недоступна для движения 1 полоса.  С 9 до 31 августа на участках Талдомской улицы будет организовано двустороннее движение и запрещена парковка. Обращайте внимание на знаки.  Подробнее – на инфографике👆
22286;2025-08-08;16;closure;0;;2025-08-11|2025-08-12|2025-08-13|2025-08-14|2025-08-15|2025-08-16|2025-08-17|2025-08-18|2025-08-19|2025-08-20|2025-08-21|2025-08-22;https://t.me/DtOperativno/22286;С 11 до 22 августа участки улиц Гиляровского и Трифоновской, а также бокового проезда Новорижской эстакады будут закрыты для движения. Это связано с проведением строительных работ.  Подробнее – на инфографике👆  Рекомендуем заранее планировать маршрут с учётом перекрытий.
22297;2025-08-09;13;closure;0;;;https://t.me/DtOperativno/22297;ЦОДД: завтра временно будет закрыто движение для транспорта на ряде набережных и улиц в центре города в связи с проведением соревнования «ЛИГА ТРИАТЛОНА & IRONSTAR МОСКВА 226».  Движение будет закрыто в период с 06:00 до 23:30:  🔹 на улицах: Крылатская, Мневники, Нижние Мневники, Народного Ополчения, Лужники, 1905 года 🔹 на центральных набережных: Краснопресненская, Смоленская, Ростовская, Саввинская, Новодевичья, Лужнецкая, Фрунзенская, Пречистенская, Кремлевская, Москворецкая, Котельническая, Гончарная, Краснохолмская, Подгорская, Берниковская, Николоямская, Андроньевская, Золоторожская, Кра
22298;2025-08-09;22;tram_route_change;1;11|12;;https://t.me/DtOperativno/22298;В районе станции метро «Семёновская» из-за ДТП на путях задерживаются трамваи № 11, 12, 32, 36 и 46.  Маршруты временно изменены. Будьте внимательны, следите за объявлениями водителей.
22299;2025-08-09;23;tram_route_change;1;11|12;;https://t.me/DtOperativno/22299;В районе станции метро «Семёновская» из-за ДТП на путях задерживаются трамваи № 11, 12, 32, 36 и 46.  Маршруты временно изменены. Будьте внимательны, следите за объявлениями водителей.
22300;2025-08-10;8;closure;0;;;https://t.me/DtOperativno/22300;ЦОДД: напоминаем, что сегодня в течение дня временно закрыто движение для транспорта на ряде набережных и улиц в центре города в связи с проведением «ЛИГА ТРИАТЛОНА & IRONSTAR МОСКВА 226».  Движение закрыто:  🔹 на улицах: Крылатская, Мневники, Нижние Мневники, Народного Ополчения, Лужники, 1905 года 🔹 на центральных набережных 🔹 на мостах: Карамышевский, Малый Устьинский, Астаховский 🔹 на проспекте Маршала Жукова 🔹 на Звенигородском шоссе  Также на участках временных перекрытий запрещена парковка до окончания соревнований.  Планируйте маршрут с учетом временных ограничений движения. Подробнее 
22302;2025-08-10;12;closure;0;;2025-08-10;https://t.me/DtOperativno/22302;ЦОДД: 10 августа будет временно закрыто движение для транспорта на ряде набережных и улиц в центре города в связи с проведением соревнования «ЛИГА ТРИАТЛОНА & IRONSTAR МОСКВА 226».  Движение будет закрыто в период с 06:00 до 23:30:  🔹 на улицах: Крылатская…
22304;2025-08-10;18;closure;0;;2025-08-10;https://t.me/DtOperativno/22304;ЦОДД: 10 августа будет временно закрыто движение для транспорта на ряде набережных и улиц в центре города в связи с проведением соревнования «ЛИГА ТРИАТЛОНА & IRONSTAR МОСКВА 226».  Движение будет закрыто в период с 06:00 до 23:30:  🔹 на улицах: Крылатская…
22308;2025-08-10;21;closure;0;;2025-08-10;https://t.me/DtOperativno/22308;ЦОДД: 10 августа будет временно закрыто движение для транспорта на ряде набережных и улиц в центре города в связи с проведением соревнования «ЛИГА ТРИАТЛОНА & IRONSTAR МОСКВА 226».  Движение будет закрыто в период с 06:00 до 23:30:  🔹 на улицах: Крылатская…
22310;2025-08-10;23;closure;0;;2025-08-10;https://t.me/DtOperativno/22310;ЦОДД: 10 августа будет временно закрыто движение для транспорта на ряде набережных и улиц в центре города в связи с проведением соревнования «ЛИГА ТРИАТЛОНА & IRONSTAR МОСКВА 226».  Движение будет закрыто в период с 06:00 до 23:30:  🔹 на улицах: Крылатская…
22313;2025-08-11;11;tram_route_change;1;7|50;2025-08-11;https://t.me/DtOperativno/22313;✅ С 11 августа восстановлено движение трамваев между метро «Красносельская» и Белорусским вокзалом, а также в районе РУТ (МИИТ) и метро «Новослободская».   Трамваи 7, 9, 13, 37, 50 снова ходят по своим обычным маршрутам.   Временный маршрут автобуса 07 больше не работает.   Электробусы с510 вместо метро «Новослободская» вновь ходят до Тихвинской улицы.
22315;2025-08-11;18;tram_route_change;1;25;2025-08-16;https://t.me/DtOperativno/22315;С 16 августа вместо маршрута с675 пользуйтесь другими маршрутами.   Пассажиропотоки в районе изменились. Работа маршрута больше не требуется.   Для поездок между метро «Бульвар Рокоссовского» и МЦК Белокаменная пользуйтесь маршрутом 682.   Для поездок по территории парка «Сокольники» пользуйтесь автобусами маршрута 140 и трамваями маршрутов 4 и 25.
22333;2025-08-13;9;closure|mass_event;0;;2025-08-14|2025-08-15|2025-08-16|2025-08-17|2025-08-18;https://t.me/DtOperativno/22333;ЦОДД: в связи с проведением забега «Садовое кольцо» 17 августа будет временно закрыто движение по Садовому кольцу в обоих направлениях.   Ограничения будут действовать:  🔹 С 20:00 16 августа до 07:00 18 августа на участках Зубовской улицы (от Дашкова переулка до Большой Пироговской улицы), в проезде Девичьего Поля (от Зубовской улицы до улицы Плющиха) и Большой Пироговской улицы (от улицы Еланского до Зубовской улицы).  🔹 С 07:00 до 19:30 17 августа на всем протяжении Садового кольца в оба направления, а также на Зубовской улице (от Дашкова переулка до Садового кольца).  Кроме того, с 00:01 15
22338;2025-08-13;18;closure;0;;2025-08-14|2025-08-15|2025-08-16|2025-08-17|2025-08-18;https://t.me/DtOperativno/22338;ЦОДД: в связи с заменой асфальта 15, 16, 17 и 18 августа будет временно закрыт для движения транспорта участок улицы Тверская.  Движение закроют с 21:00 15 августа до 05:00 18 августа:  🔹 на Тверской улице от Настасьинского переулка до 1-й Тверской-Ямской улицы 🔹 на 1-й Тверской-Ямской улице от улицы Тверская до улицы Лесная  🔹 в Оружейном переулке от д. 3, с. 1 по Оружейному переулку до улицы 1-я Тверская-Ямская 🔹 на Садовой-Триумфальной улице (выезд на улицу 1-я Тверская-Ямская) 🔹 в 1-м и 2-м Тверском-Ямском переулках от улицы 2-я Тверская-Ямская до улицы 1-я Тверская-Ямская 🔹 на улице Чаяно
22341;2025-08-14;8;closure|mass_event;0;;2025-08-16;https://t.me/DtOperativno/22341;"ЦОДД: В связи с проведением концерта 16 августа будет временно закрыто движение в районе спортивной арены «Лужники».  Движение будет ограничено:  🔹 с 08:00 до окончания мероприятия на съезде с улицы Хамовнический Вал на улицу Доватора;   🔹 с 20:00 до окончания мероприятия на участках улиц Савельева, Доватора, 10-летия Октября, 3-я Фрунзенская, Ефремова, Трубецкая и в Проектируемом проезде № 2309.  Также с 00:01 16 августа и до окончания мероприятия на некоторых участках будет запрещена парковка.  Будьте внимательны. Стройте маршрут заранее с учётом временных ограничений. Вся подробная информац"
22344;2025-08-14;11;mass_event;0;;2025-08-18;https://t.me/DtOperativno/22344;16, 17 и 18 августа временно изменятся маршруты в центре Москвы.  Изменения — на время проведения забега «Садовое кольцо».
22347;2025-08-14;16;mass_event;0;;2025-08-16;https://t.me/DtOperativno/22347;16 августа с 7:45 до конца мероприятия автобусы не будут заезжать к метро «Спортивная» — будет проводиться концерт в Лужниках.
22351;2025-08-14;17;closure;0;;2025-08-18|2025-10-11;https://t.me/DtOperativno/22351;С 18 августа до 11 октября участок Кантемировской улицы будет закрыт для проезда. Это связано с проведением работ по строительству улично-дорожной сети.   Подробнее – на инфографике👆  Рекомендуем заранее планировать маршрут с учётом перекрытия.
22353;2025-08-14;17;closure;0;;;https://t.me/DtOperativno/22353;"Движение временно закрыто:  🔹 на внутренней стороне МКАД в районе 45 км; 🔹 на съезде с ТТК на Ленинский проспект по направлению в область.  Будьте внимательны. Планируйте маршрут заранее."
22354;2025-08-14;18;closure;0;;;https://t.me/DtOperativno/22354;"Движение временно закрыто на:  🔹 съезде с проспекта Вернадского на Ленинский проспект по направлению в область; 🔹 съезде на Киевское шоссе в районе 46 км МКАД по направлению в область; 🔹 Калужской площади.   Будьте внимательны. Планируйте маршрут заранее."
22355;2025-08-14;19;closure;0;;;https://t.me/DtOperativno/22355;"Движение временно закрыто:  🔹 на внутренней стороне МКАД в районе 45 км; 🔹 на съезде с ТТК на Ленинский проспект по направлению в область.  Будьте внимательны. Планируйте маршрут заранее."
22358;2025-08-15;7;closure;0;;2025-08-18;https://t.me/DtOperativno/22358;Доброе утро!  Сегодня ожидается облачная погода с прояснениями 🌤  В связи с коротким рабочим днём вечерний разъезд начнётся сегодня раньше — около 16:00. Рекомендуем выезжать до него или отложить поездку на более позднее время.   Напоминаем, что сегодня с 21:00 будут закрыты участки улиц Тверская, 1-я Тверская-Ямская, а также прилегающих переулков и улиц. Перекрытия продлятся до 05:00 18 августа. Пожалуйста, заранее выбирайте пути объезда.  Будьте внимательны за рулём. Соблюдайте скоростной режим и дистанцию.  Хорошего дня 💚
22360;2025-08-15;9;closure;0;;2025-08-15|2025-08-18;https://t.me/DtOperativno/22360;ЦОДД: Напоминаем, что сегодня с 21:00 до 05:00 понедельника в связи с заменой асфальта будут временно закрыты для движения транспорта участки улиц Тверская и 1-я Тверская-Ямская — выбирайте метро для поездок в центр города  Движение будет закрыто:  🔹 на Тверской улице от Настасьинского переулка до 1-й Тверской-Ямской улицы 🔹 на 1-й Тверской-Ямской улице от улицы Тверская до улицы Лесная  🔹 в Оружейном переулке от д. 3, с. 1 по Оружейному переулку до улицы 1-я Тверская-Ямская 🔹 на участке Садовой-Триумфальной улицы (выезд на улицу 1-я Тверская-Ямская) 🔹 в 1-м и 2-м Тверском-Ямском переулках от 
22363;2025-08-15;13;tram_route_change;1;7|50;;https://t.me/DtOperativno/22363;В районе метро «Проспект Мира», «Новослободская» и «Белорусская» по техническим причинам задерживаются трамваи № 7, 9 и 50.  Маршруты временно изменены. Будьте внимательны, следите за объявлениями водителей.
22364;2025-08-15;13;tram_works|tram_route_change;1;7;2025-08-16;https://t.me/DtOperativno/22364;⚠️ С 16 августа по выходным трамваи 7 будут ходить до метро «Новослободская» вместо Белорусского вокзала.   Вместо трамваев – автобус 09к от Белорусского вокзала до остановки «Лесная улица».   Изменения – на время ремонта трамвайных путей на улице Палиха. Основные работы проводятся в выходные дни, когда пассажиров меньше. По будням трамваи будут ходить по своему обычному маршруту.
22366;2025-08-15;14;tram_route_change;1;7|50;;https://t.me/DtOperativno/22366;В районе метро «Проспект Мира», «Новослободская» и «Белорусская» по техническим причинам задерживаются трамваи № 7, 9 и 50.  Маршруты временно изменены. Будьте внимательны, следите за объявлениями водителей.
22367;2025-08-15;14;closure;0;;2025-08-18;https://t.me/DtOperativno/22367;"ЦОДД: сегодня короткий рабочий день — пятница. Рекомендуем выезжать на авто до 16:00 или после 19:00.  По данным ЦОДД, на дорогах сейчас 4 балла.   Интенсивное движение наблюдаем на:  🔹 внутренней стороне ТТК в районе Тульской эстакады; 🔹 ТТК в районе Савеловской эстакады; 🔹 МКАД в районе Варшавского шоссе.  На движение могут повлиять:  🔹 ремонтные работы на дороге; 🔹 мелкие ДТП.  Для поездок рекомендуем использовать городской транспорт. Так вы сэкономите время в пути:  🔹 от площади Тверская Застава до района Царицыно: на метро 44 мин., а на машине ~ 1 ч; 🔹 от центра до северо-запада города: н"
22369;2025-08-15;15;tram_works|tram_route_change|mass_event;1;;2025-08-17;https://t.me/DtOperativno/22369;⚠️ В воскресенье, 17 августа, примерно до 20:00 трамваи не будут ходить между Павелецким вокзалом и метро «Чистые пруды».   В это время трамваи поедут по изменённым маршрутам:   🔹А – от МЦД Калитники через метро «Пролетарская» до МЦК Дубровка   🔹3 – от метро «Чертановская» через Павелецкий вокзал до метро «Пролетарская»   🔹39 – от метро «Университет» через Павелецкий вокзал до метро «Пролетарская»   Вместо трамваев будут работать автобусы 913 – вместо Павелецкого вокзала и метро «Новокузнецкая» они поедут через остров Балчуг и Бульварное кольцо до метро «Чистые пруды».   Пользуйтесь метро до «
22370;2025-08-15;15;closure;0;;;https://t.me/DtOperativno/22370;"ЦОДД: внимание, автомобилисты! Незначительно изменились участки перекрытия на Тверской улице  Сегодня с 21:00 до 05:00 понедельника в связи с заменой асфальта будет закрыт участок на:  🔹 (!) Тверской улице от Бульварного кольца до 1-й Тверской-Ямской улицы; 🔹 1-й Тверской-Ямской улице от улицы Тверская до улицы Лесная; 🔹 ряде прилегающих улиц и переулков.  Для объезда рекомендуем использовать:  🔹 улицу Новый Арбат; 🔹 улицу Петровка; 🔹 улицу Долгоруковская; 🔹 Цветной бульвар.  Планируйте маршрут на автомобиле заранее с учетом временных ограничений. Для поездок по городу рекомендуем использовать"
22371;2025-08-15;20;tram_route_change;1;;2025-08-15;https://t.me/DtOperativno/22371;⚠️ С 15 августа по ночам последние рейсы трамваев не будут идти до Белорусского вокзала, метро «Новослободская» и «Комсомольская».   После 23:00 трамваи будут ходить по изменённым маршрутам:   🔹7 – от метро «Бульвар Рокоссовского» до метро «Сокольники»   🔹13 – от Метрогородка до метро «Сокольники»   🔹37 – от МЦД Новогиреево через метро «Красносельская» до метро «Сокольники»   🔹50 – от ДК «Компрессор» (метро «Авиамоторная») через метро «Красносельская» до метро «Сокольники»   Вместо трамваев пользуйтесь метро. Маршрут автобуса с510 в это время продлевается от Тихвинской улицы до метро «Новослоб
22373;2025-08-16;8;closure;0;;2025-08-18;https://t.me/DtOperativno/22373;"ЦОДД: напоминаем, что до 05:00 18 августа закрыто движение по участку Тверской и по 1-й Тверской-Ямской улиц — для поездок в центр используйте метро  В связи с заменой асфальта закрыто движение на:  🔹 Тверской улице от Бульварного кольца до 1-й Тверской-Ямской улицы; 🔹 1-й Тверской-Ямской улице от улицы Тверская до улицы Лесная; 🔹 ряде прилегающих улиц и переулков.  Для объезда рекомендуем использовать:  🔹 улицу Новый Арбат; 🔹 улицу Петровка; 🔹 улицу Долгоруковская; 🔹 Цветной бульвар.  Планируйте маршрут на автомобиле заранее с учетом временных ограничений. Для поездок по городу рекомендуем ис"
22374;2025-08-16;9;closure|mass_event;0;;;https://t.me/DtOperativno/22374;"ЦОДД: Сегодня в районе спортивной арены «Лужники» будет временно закрыто движение в связи с проведением концерта  Движение закрыто:  🔹 до окончания мероприятия на съезде с улицы Хамовнический Вал на улицу Доватора;   🔹 с 20:00 до окончания мероприятия на участках улиц Савельева, Доватора, 10-летия Октября, 3-я Фрунзенская, Ефремова, Трубецкая и в Проектируемом проезде № 2309.  Также  до окончания мероприятия на некоторых участках перекрытий временно запрещена парковка.  Планируйте маршрут заранее с учётом временных ограничений. Подробнее – на сайте."
22379;2025-08-16;15;closure;0;;2025-08-17;https://t.me/DtOperativno/22379;ЦОДД: Напоминаем, что 17 августа в связи с проведением триатлона «Кубок Грома» временно закроют движение для транспорта на улице Крылатская.   Движение будет закрыто с 07:00 до 10:00:  🔹  на участке Крылатской улицы от дома 16 до улицы Нижние Мневники.  Также на этом участке будет временно запрещена парковка 17 августа с 00:01 до окончания мероприятия.  Будьте внимательны и планируйте маршрут с учетом временных ограничений.   Подробную информацию о перекрытиях можно узнать на сайте.
22381;2025-08-16;16;mass_event;0;;2025-08-16;https://t.me/DtOperativno/22381;16 августа на станциях метро, расположенных вблизи стадиона «Лужники», возможны ситуативные ограничения входа/выхода в связи с проведением концерта.  На ближайшей к стадиону станции «Спортивная» перед мероприятием южный вестибюль будет работать только для выхода пассажиров, после — только для входа.  Пополните «Тройку» для обратной поездки в метро заранее. Это можно сделать онлайн в приложении «Метро Москвы». А также оплатить проезд можно банковской картой прямо на турникете. Это поможет сэкономить время в пути после мероприятия.
22382;2025-08-16;17;closure;0;;;https://t.me/DtOperativno/22382;"Движение временно закрыто на:  🔹 Киевском шоссе по направлению в центр; 🔹 съезде с МКАД на Киевское шоссе; 🔹 съезде с МКАД на Ленинский проспект; 🔹 съезде с проспекта 60-летия Октября на Ленинский проспект; 🔹 Калужской площади.  Будьте внимательны. Планируйте маршрут заранее."
22384;2025-08-16;17;closure;0;;;https://t.me/DtOperativno/22384;"Движение временно закрыто на:  🔹 Киевском шоссе по направлению в центр; 🔹 съезде с МКАД на Киевское шоссе; 🔹 съезде с МКАД на Ленинский проспект; 🔹 съезде с проспекта 60-летия Октября на Ленинский проспект; 🔹 Калужской площади.  Будьте внимательны. Планируйте…"
22385;2025-08-16;18;closure|mass_event;0;;2025-08-16|2025-08-17|2025-08-18;https://t.me/DtOperativno/22385;ЦОДД: Напоминаем, что завтра будет временно закрыто Садовое кольцо в связи с проведением забега — выбирайте метро для поездок в центр города  Ограничения будут действовать:  🔹 С 20:00 16 августа до 07:00 18 августа на участках Зубовской улицы (от Дашкова переулка до Большой Пироговской улицы), в проезде Девичьего Поля (от Зубовской улицы до улицы Плющиха) и Большой Пироговской улицы (от улицы Еланского до Зубовской улицы).  🔹 С 07:00 до 19:30 17 августа на всем протяжении Садового кольца в оба направления, а также на Зубовской улице (от Дашкова переулка до Садового кольца).  Кроме того, до око
22386;2025-08-16;23;closure|mass_event;0;;2025-08-16;https://t.me/DtOperativno/22386;"ЦОДД: В связи с проведением концерта 16 августа будет временно закрыто движение в районе спортивной арены «Лужники».  Движение будет ограничено:  🔹 с 08:00 до окончания мероприятия на съезде с улицы Хамовнический Вал на улицу Доватора;   🔹 с 20:00 до окончания…"
22387;2025-08-17;13;closure|mass_event;0;;2025-08-16|2025-08-18;https://t.me/DtOperativno/22387;ЦОДД: Напоминаем, что завтра будет временно закрыто Садовое кольцо в связи с проведением забега — выбирайте метро для поездок в центр города  Ограничения будут действовать:  🔹 С 20:00 16 августа до 07:00 18 августа на участках Зубовской улицы (от Дашкова переулка…
22388;2025-08-17;13;closure|mass_event;0;;2025-08-16|2025-08-18;https://t.me/DtOperativno/22388;ЦОДД: Напоминаем, что завтра будет временно закрыто Садовое кольцо в связи с проведением забега — выбирайте метро для поездок в центр города  Ограничения будут действовать:  🔹 С 20:00 16 августа до 07:00 18 августа на участках Зубовской улицы (от Дашкова переулка…
22389;2025-08-17;15;closure;0;;;https://t.me/DtOperativno/22389;"ЦОДД: внимание, автомобилисты! Незначительно изменились участки перекрытия на Тверской улице  Сегодня с 21:00 до 05:00 понедельника в связи с заменой асфальта будет закрыт участок на:  🔹 (!) Тверской улице от Бульварного кольца до 1-й Тверской-Ямской улицы;…"
22390;2025-08-17;18;closure|mass_event;0;;2025-08-16|2025-08-18;https://t.me/DtOperativno/22390;ЦОДД: Напоминаем, что завтра будет временно закрыто Садовое кольцо в связи с проведением забега — выбирайте метро для поездок в центр города  Ограничения будут действовать:  🔹 С 20:00 16 августа до 07:00 18 августа на участках Зубовской улицы (от Дашкова переулка…
22391;2025-08-17;18;closure|mass_event;0;;2025-08-16|2025-08-18;https://t.me/DtOperativno/22391;ЦОДД: Напоминаем, что завтра будет временно закрыто Садовое кольцо в связи с проведением забега — выбирайте метро для поездок в центр города  Ограничения будут действовать:  🔹 С 20:00 16 августа до 07:00 18 августа на участках Зубовской улицы (от Дашкова переулка…
22392;2025-08-18;7;closure|mass_event;0;;2025-08-16|2025-08-17|2025-08-18;https://t.me/DtOperativno/22392;ЦОДД: в связи с проведением забега «Садовое кольцо» 17 августа будет временно закрыто движение по Садовому кольцу в обоих направлениях.   Ограничения будут действовать:  🔹 С 20:00 16 августа до 07:00 18 августа на участках Зубовской улицы (от Дашкова переулка…
22394;2025-08-18;7;closure|mass_event;0;;2025-08-16|2025-08-17|2025-08-18;https://t.me/DtOperativno/22394;ЦОДД: в связи с проведением забега «Садовое кольцо» 17 августа будет временно закрыто движение по Садовому кольцу в обоих направлениях.   Ограничения будут действовать:  🔹 С 20:00 16 августа до 07:00 18 августа на участках Зубовской улицы (от Дашкова переулка…
22396;2025-08-18;8;closure|mass_event;0;;2025-08-20|2025-09-01;https://t.me/DtOperativno/22396;ЦОДД: в связи с проведением фестиваля «Спасская башня» будет временно закрыто движение для транспорта в центре с 20 августа до 1 сентября.   Движение закроют с 22:00 20 августа до 08:00 1 сентября:  🔹 на улице Ильинка от Новой до Красной площади 🔹 в проезде от улицы Ильинка до улицы Варварка в районе дома 5 по Красной площади  Также с 00:01 20 августа до окончания мероприятия будет запрещена парковка на участке улицы Ильинка от Новой до Красной площади.   Будьте внимательны и планируйте маршрут заранее. Подробнее читайте по ссылке.  👍 Дептранс Москвы
22414;2025-08-19;16;tram_works|tram_route_change|mass_event;1;;2025-08-23;https://t.me/DtOperativno/22414;⚠️ В субботу, 23 августа, примерно с 11:30 до 12:30 трамваи не будут ходить между Павелецким вокзалом и метро «Чистые пруды».   В это время трамваи поедут по изменённым маршрутам:   🔹А – от МЦД Калитники через метро «Пролетарская» до МЦК Дубровка   🔹3 – от метро «Чертановская» через Павелецкий вокзал до метро «Пролетарская»   🔹39 – от метро «Университет» через Павелецкий вокзал до метро «Пролетарская»   Вместо трамваев будут работать автобусы 913 – они поедут без заезда к метро «Павелецкая» и «Новокузнецкая» через остров Балчуг и Бульварное кольцо до метро «Чистые пруды».   Пользуйтесь метро д
22425;2025-08-20;8;closure|mass_event;0;;2025-08-22|2025-08-23;https://t.me/DtOperativno/22425;ЦОДД: 23 августа временно закроют движение на Садовом кольце и нескольких улицах в центре Москвы в связи с проведением Московского транспортного электрофестиваля.  Движение будет закрыто:   🔹 С 00:01 до 18:00 в Новоконюшенном переулке от улицы Бурденко до проезда Девичьего Поля.  🔹 С 00:01 до 20:00 на Зубовской улице от Дашкова переулка до Большой Пироговской улицы, в проезде Девичьего Поля от улицы Плющиха до Зубовской улицы и на Большой Пироговской улице от Новодевичьего проезда до Зубовской улицы.  🔹 С 11:50 до окончания мероприятия на внешней стороне Садового кольца и Зубовской улице от Да
22437;2025-08-21;8;closure|mass_event;0;;2025-08-24;https://t.me/DtOperativno/22437;ЦОДД: 24 августа временно закроют для движения транспорта несколько набережных в центре столицы в связи с проведением полумарафона «Лужники».  Движение будет закрыто:  🔹 С 04:30 до 14:30 на улице Лужники от д. 9, стр. 6 по Новолужнецкому проезду до Лужнецкой набережной, на Лужнецкой набережной от вл. 24, стр. 5 по Лужнецкой набережной до Фрунзенской набережной.  🔹 С 07:30 до 13:00 на Фрунзенской набережной от Лужнецкой до Пречистенской набережной. 🔹 С 07:30 до 12:30 на Пречистенской набережной от Фрунзенской набережной до улицы Ленивки. 🔹 С 07:45 до 12:30 на Кремлевской набережной от улицы Лен
22445;2025-08-21;14;mass_event;0;;2025-08-23;https://t.me/DtOperativno/22445;22 и 23 августа меняются маршруты в центре Москвы.  Изменения — на время проведения Московского транспортного электрофестиваля.
22456;2025-08-21;21;closure;0;;2025-08-22;https://t.me/DtOperativno/22456;22 августа с 08:00 до 20:00 будут закрыты для проезда разворот на Суворовской площади в районе дома 17А по Самотёчной улице и съезд с Самотёчной улицы на улицу Дурова. Это связано с проведением киносъёмок.  Рекомендуем заранее планировать маршрут с учётом перекрытий.  Подробнее – на инфографике👆
22459;2025-08-22;11;mass_event;0;;2025-08-24;https://t.me/DtOperativno/22459;24 августа с 5:00 до конца мероприятия будут изменены маршруты у метро «Китай-город» и на набережных Москвы-реки.  Изменения — на время проведения легкоатлетического забега «Полумарафон Лужники».
22463;2025-08-22;14;closure;0;;;https://t.me/DtOperativno/22463;"😊ЦОДД: пятница — короткий рабочий день перед выходными. Рекомендуем выезжать на авто до 16:00 или после 19:00.  По данным ЦОДД, на дорогах сейчас 4 балла.   Интенсивное движение в данный момент наблюдаем на:   🔹 внутренней стороне МКАД в районе Осташковской улицы; 🔹 внешней стороне МКАД в районе Каширского шоссе; 🔹 ТТК в районе улицы Сущевский Вал.  На движение могут повлиять:  🔹 локальные ограничения движения; 🔹 ремонтные работы на дороге; 🔹 мелкие ДТП.  Для поездок рекомендуем использовать городской транспорт. Так вы сэкономите время в пути:  🔹 от центра города до Гагаринского тоннеля: на го"
22464;2025-08-22;14;closure;0;;;https://t.me/DtOperativno/22464;"Временно закрыто движение:  🔹 на съездах с ТТК на Ленинский проспект по направлению в область; 🔹 на съезде с проспекта Вернадского на Ленинский проспект по направлению в область  Будьте внимательны."
22466;2025-08-22;16;closure;0;;;https://t.me/DtOperativno/22466;"Временно закрыто движение:  🔹 на съездах с ТТК на Ленинский проспект по направлению в область; 🔹 на съезде с проспекта Вернадского на Ленинский проспект по направлению в область  Будьте внимательны."
22468;2025-08-22;18;closure|mass_event;0;;2025-08-23|2025-08-24;https://t.me/DtOperativno/22468;"ЦОДД: Напоминаем, что в эти выходные, 23 и 24 августа, будет временно закрыто движение для транспорта на ряде улиц в центре города  Движение будет закрыто:  🔹 23 августа в период с 11:50 до проезда колонны на внешней стороне Садового кольца в связи с проведением Московского транспортного электрофестиваля; 🔹 24 августа в период с 7:00 до 13:00 на ряде набережных в центре в связи с проведением полумарафона «Лужники».  Обращаем внимание, что парковка в местах временных ограничений также будет запрещена.  Будьте внимательны, планируйте маршрут заранее с учетом временных изменений.   Подробнее — по"
22475;2025-08-23;7;closure|mass_event;0;;;https://t.me/DtOperativno/22475;ЦОДД: Напоминаем, что сегодня закрыто движение на внешней стороне Садового кольца в связи с проведением Московского транспортного электрофестиваля — стройте маршрут заранее  Движение закрыто:   🔹 До 18:00 в Новоконюшенном переулке от улицы Бурденко до проезда Девичьего Поля.  🔹 До 20:00 на Зубовской улице от Дашкова переулка до Большой Пироговской улицы, в проезде Девичьего Поля от улицы Плющиха до Зубовской улицы и на Большой Пироговской улице от Новодевичьего проезда до Зубовской улицы.  🔹 С 11:50 до окончания мероприятия на внешней стороне Садового кольца и Зубовской улице от Дашкова переул
22476;2025-08-23;12;closure|mass_event;0;;2025-08-23;https://t.me/DtOperativno/22476;ЦОДД: 23 августа временно закроют движение на Садовом кольце и нескольких улицах в центре Москвы в связи с проведением Московского транспортного электрофестиваля.  Движение будет закрыто:   🔹 С 00:01 до 18:00 в Новоконюшенном переулке от улицы Бурденко до…
22477;2025-08-23;19;closure|mass_event;0;;2025-08-24;https://t.me/DtOperativno/22477;ЦОДД: Напоминаем, что завтра, 24 августа, временно закроют движение для транспорта на нескольких набережных в центре столицы в связи с проведением полумарафона «Лужники»  Движение будет закрыто:  🔹 С 04:00 до 14:30 на улице Лужники от д. 9, стр. 6 по Новолужнецкому проезду до Лужнецкой набережной, на Лужнецкой набережной. 🔹 С 07:30 до 13:00 на ряде центральных набережных. 🔹 С 08:00 до 11:15 в Костомаровском переулке, на Костомаровском мосту (в область). 🔹 С 08:00 до 12:00 на Малом Устьинском мосту.  Также 24 августа с 00:01 до окончания мероприятия на участках временных ограничений будет запре
22478;2025-08-23;20;closure|mass_event;0;;2025-08-23;https://t.me/DtOperativno/22478;ЦОДД: 23 августа временно закроют движение на Садовом кольце и нескольких улицах в центре Москвы в связи с проведением Московского транспортного электрофестиваля.  Движение будет закрыто:   🔹 С 00:01 до 18:00 в Новоконюшенном переулке от улицы Бурденко до…
22479;2025-08-24;7;closure|mass_event;0;;;https://t.me/DtOperativno/22479;ЦОДД: сегодня временно закрыто движение для транспорта на нескольких набережных в центре столицы в связи с проведением полумарафона «Лужники» — стройте маршрут заранее  Движение закрыто:  🔹 До 14:30 на улице Лужники от д. 9, стр. 6 по Новолужнецкому проезду до Лужнецкой набережной, на Лужнецкой набережной. 🔹 До 13:00 на ряде центральных набережных. 🔹 До 11:15 в Костомаровском переулке, на Костомаровском мосту (в область). 🔹 До 12:00 на Малом Устьинском мосту.  Также на участках временных ограничений запрещена парковка.  Будьте внимательны и стройте маршрут заранее. Подробнее — по ссылке.
22480;2025-08-24;11;closure|mass_event;0;;2025-08-24;https://t.me/DtOperativno/22480;ЦОДД: 24 августа временно закроют для движения транспорта несколько набережных в центре столицы в связи с проведением полумарафона «Лужники».  Движение будет закрыто:  🔹 С 04:30 до 14:30 на улице Лужники от д. 9, стр. 6 по Новолужнецкому проезду до Лужнецкой…
22481;2025-08-24;11;closure|mass_event;0;;;https://t.me/DtOperativno/22481;ЦОДД: сегодня временно закрыто движение для транспорта на нескольких набережных в центре столицы в связи с проведением полумарафона «Лужники» — стройте маршрут заранее  Движение закрыто:  🔹 До 14:30 на улице Лужники от д. 9, стр. 6 по Новолужнецкому проезду…
22482;2025-08-24;13;closure;0;;;https://t.me/DtOperativno/22482;❗️На Лубянской площади в связи с происшествием в Центральном детском мире перекрыт съезд с Театрального проезда. На месте работают оперативные службы города.  Обстоятельства произошедшего и информация о пострадавших уточняются. Пожалуйста, выбирайте пути объезда.
22483;2025-08-24;13;closure|mass_event;0;;2025-08-24;https://t.me/DtOperativno/22483;ЦОДД: 24 августа временно закроют для движения транспорта несколько набережных в центре столицы в связи с проведением полумарафона «Лужники».  Движение будет закрыто:  🔹 С 04:30 до 14:30 на улице Лужники от д. 9, стр. 6 по Новолужнецкому проезду до Лужнецкой…
22485;2025-08-24;21;closure;0;;;https://t.me/DtOperativno/22485;❗️На Лубянской площади в связи с происшествием в Центральном детском мире перекрыт съезд с Театрального проезда. На месте работают оперативные службы города.  Обстоятельства произошедшего и информация о пострадавших уточняются. Пожалуйста, выбирайте пути объезда.
22487;2025-08-25;10;closure;0;;2025-08-30;https://t.me/DtOperativno/22487;30 августа с 11:00 до 13:30 Прокшинский проспект и участок проспекта Магеллана будут закрыты для движения. Это связано с проведением мероприятия, посвящённого началу учебного года.  Пожалуйста, будьте внимательны на дорогах и планируйте маршрут заранее.  Также информацию о перекрытиях можно посмотреть здесь.
22488;2025-08-25;10;closure;0;;2025-08-28;https://t.me/DtOperativno/22488;28 августа с 19:30 до 20:00 участки Спартаковской и Нижней Красносельской улиц, а также Елоховского проспекта будут закрыты для движения. Это связано с проведением религиозного праздника.  Рекомендуем заранее планировать маршрут с учётом временных ограничений.  Также информацию о перекрытиях можно посмотреть на сайте.
22496;2025-08-26;13;mass_event;0;;2025-08-31;https://t.me/DtOperativno/22496;30 и 31 августа остановка «Кинопарк «Москино» для автобусов МК1 будет перенесена на Калужское шоссе.  С 19:00 автобусы 101 пойдут от кинопарка.  Автобусы МК2 работать не будут. Пользуйтесь автобусами МК1 от метро «Тёплый Стан» и экспрессами е142, е143, е144, е148 от метро «Ольховая».  Автобусы МК1 и 101 будут ходить чаще.  Изменения — на время проведения городского фестиваля света «Проекция».
22498;2025-08-26;14;tram_works|tram_route_change;1;7|50;;https://t.me/DtOperativno/22498;На улице Дурова (в районе остановки «Театр зверей имени Дурова») из-за повреждения контактной сети сторонним транспортом задерживаются трамваи № 7 и 50.   Маршруты временно изменены. Вместо трамваев работают автобусы. Будьте внимательны, следите за объявлениями водителей.
22499;2025-08-26;16;tram_works|tram_route_change;1;7|50;;https://t.me/DtOperativno/22499;На улице Дурова (в районе остановки «Театр зверей имени Дурова») из-за повреждения контактной сети сторонним транспортом задерживаются трамваи № 7 и 50.   Маршруты временно изменены. Вместо трамваев работают автобусы. Будьте внимательны, следите за объявлениями…
22506;2025-08-27;12;mass_event;0;;2025-08-30;https://t.me/DtOperativno/22506;30 августа с 7:45 до конца мероприятия автобусы м5, м6, 220, с249, с263 и с755 не будут заезжать к метро «Спортивная» — будет проводиться концерт в Лужниках.
22512;2025-08-27;17;closure;0;;2025-08-29|2025-09-30;https://t.me/DtOperativno/22512;С 29 августа 2025 г. до 30 сентября 2026 г. проезд между Луганской улицей и Новоцарицынским шоссе будет закрыт для движения. Это связано с проведением строительных работ.  Рекомендуем заранее планировать маршрут с учётом перекрытия.  Подробнее – на инфографике👆
22543;2025-08-29;10;mass_event;0;;2025-08-30;https://t.me/DtOperativno/22543;30 августа с 21:30 до конца работы маршрутов меняются маршруты через территорию ВДНХ.  Изменения — на время проведения забега «В ритме района».
22544;2025-08-29;12;closure|mass_event;0;;2025-08-30;https://t.me/DtOperativno/22544;"ЦОДД: В связи с проведением концерта 30 августа будет временно закрыто движение в районе спортивной арены «Лужники»  Движение будет ограничено:  🔹 с 08:00 до окончания мероприятия на съезде с улицы Хамовнический Вал на улицу Доватора;   🔹 с 20:00 до окончания мероприятия на участках улиц Савельева, Доватора, 10-летия Октября, 3-я Фрунзенская, Ефремова, Трубецкая и в Проектируемом проезде № 2309.  Также с 00:01 30 августа и до окончания мероприятия на некоторых участках будет запрещена парковка.  Будьте внимательны. Стройте маршрут заранее с учётом временных ограничений. Вся подробная информаци"
22557;2025-08-30;5;closure;0;;;https://t.me/DtOperativno/22557;❗️На внутренней стороне 76 км МКАД произошло ДТП с последующим опрокидыванием грузового автомобиля. На месте работают оперативные службы города. Обстоятельства произошедшего и информация о пострадавших уточняются.  Движение в районе ДТП затруднено. Перекрыт съезд на МСД. Пожалуйста, выбирайте пути объезда.
22558;2025-08-30;7;closure|mass_event;0;;;https://t.me/DtOperativno/22558;"ЦОДД: Сегодня в районе спортивной арены «Лужники» будет временно закрыто движение в связи с проведением концерта  Движение закрыто:  🔹 с 8:00 до окончания мероприятия на съезде с улицы Хамовнический Вал на улицу Доватора;   🔹 с 20:00 до окончания мероприятия на участках улиц Савельева, Доватора, 10-летия Октября, 3-я Фрунзенская, Ефремова, Трубецкая и в Проектируемом проезде № 2309.  Также  до окончания мероприятия на некоторых участках перекрытий временно запрещена парковка.  Планируйте маршрут заранее с учётом временных ограничений. Подробнее – на сайте."
22559;2025-08-30;10;closure;0;;;https://t.me/DtOperativno/22559;❗️На внутренней стороне 76 км МКАД произошло ДТП с последующим опрокидыванием грузового автомобиля. На месте работают оперативные службы города. Обстоятельства произошедшего и информация о пострадавших уточняются.  Движение в районе ДТП затруднено. Перекрыт…
22565;2025-08-30;17;mass_event;0;;;https://t.me/DtOperativno/22565;Сегодня на станциях метро, расположенных вблизи стадиона «Лужники», возможны ситуативные ограничения входа/выхода в связи с проведением концерта.  На ближайшей к стадиону станции «Спортивная» перед концертом южный вестибюль будет работать только для выхода пассажиров, после — только для входа.  Пополните «Тройку» для обратной поездки в метро заранее. Это можно сделать онлайн в приложении «Метро Москвы». А также оплатить проезд можно банковской картой прямо на турникете. Это поможет сэкономить время в пути после мероприятия.
22573;2025-09-01;12;mass_event;0;;2025-09-06;https://t.me/DtOperativno/22573;6 сентября с 9:50 до конца мероприятия автобусы не будут ходить по части Лукинской улицы.  Изменения — на время проведения ретрофестиваля.
22574;2025-09-01;12;mass_event;0;;2025-09-06;https://t.me/DtOperativno/22574;6 сентября с 7:40 до конца мероприятия автобусы не будут ходить по улице Братьев Старостиных.  Изменения — на время проведения мероприятия «Фестиваль Ростех — Трудовые династии».
22588;2025-09-03;8;closure|mass_event;0;;2025-09-06;https://t.me/DtOperativno/22588;ЦОДД: 6 сентября в связи с проведением фестиваля «День ходьбы» будет временно закрыто движение на ряде набережных в центре:  🔹 С 05:00 до 16:00 на Смоленской и Ростовской набережных.  🔹 С 09:00 до 16:00 на Саввинской, Новодевичьей и Лужнецкой набережных, а также на улице Лужники от дома 24, стр. 48 до дома 24, стр. 50.  Обращаем внимание, что 6 сентября с 00:01 до окончания мероприятия на участках ограничений будет временно запрещена парковка.  Рекомендуем планировать маршрут заранее. Подробнее — на сайте.  👍 Дептранс Москвы
22595;2025-09-03;14;mass_event;0;;2025-09-05|2025-09-06|2025-09-07;https://t.me/DtOperativno/22595;С 5 по 7 сентября автобусы 292 пойдут до Курьяновского терминала с 8:00 до 22:00 под номером 292а.  Изменения — на время проведения фестиваля технических видов спорта.
22604;2025-09-04;12;closure|mass_event;0;;2025-09-06;https://t.me/DtOperativno/22604;ЦОДД: 6 сентября в связи с проведением парада ретротранспорта будет временно закрыто движение для автомобилей на нескольких улицах в центре:  🔹 С 08:30 до 11:30 на участках Садовнического проезда.  🔹 С 11:00 до 12:00 краткосрочно (не более 10 мин.) в Садовническом и Устьинском проездах, на Большом Устьинском мосту, на Яузском и Покровском бульварах.  🔹 С 11:00 до 18:00 на Чистопрудном бульваре и в Белгородском проезде.  Также 6 сентября с 00:01 и до окончания мероприятия будет запрещена парковка на участках:  🔹 Чистопрудного бульвара от улицы Покровка до Мясницкой.  🔹 Белгородского проезда от 
22608;2025-09-05;10;tram_works|tram_route_change|mass_event;1;;2025-09-06;https://t.me/DtOperativno/22608;⚠️ В субботу, 6 сентября, примерно с 8:00 до 18:30 трамваи не будут ходить между Павелецким вокзалом и метро «Чистые пруды».   В это время трамваи поедут по изменённым маршрутам:   🔹А – от МЦД Калитники через метро «Пролетарская» до МЦК Дубровка  🔹3 – от метро «Чертановская» через Павелецкий вокзал до метро «Пролетарская»  🔹39 – от метро «Университет» через Павелецкий вокзал до метро «Пролетарская»   С 11:30 маршрут автобуса 913 продлевается по трамвайным путям – автобусы будут ходить от 3-го Павелецкого проезда через метро «Павелецкая» до остановки «Воронцово Поле».   Также пользуйтесь метро 
22609;2025-09-05;10;closure;0;;2025-09-06;https://t.me/DtOperativno/22609;"ЦОДД: 6 сентября в связи с проведением крестного хода будет временно закрыто движение на ряде улиц в центре:  Движение будет закрыто с 11:00 до 11:20:  🔹 на улице Петровка от Петровского бульвара до Крапивенского переулка; 🔹 в Крапивенском переулке от Петровского бульвара до улицы Петровка; 🔹 на Петровском бульваре от Крапивенского переулка до улицы Петровка.  Будьте внимательны при построении маршрута. Подробнее — на сайте."
22610;2025-09-05;10;closure;0;;2025-09-06|2025-09-07;https://t.me/DtOperativno/22610;"ЦОДД: 6 и 7 сентября в связи с проведением крестного хода будет закрыто движение на ряде улиц в центре  Движение будет закрыто:   🔹 6 сентября с 17:00 до 06:00 7 сентября в Лужнецком проезде (при движении в сторону улицы Хамовнический Вал) от улицы 10-летия Октября до улицы Хамовнический Вал; 🔹 7 сентября с 06:00 до 15:00 на улице Волхонке от улицы Ленивки до Соймоновского проезда, в Соймоновском проезде, на Пречистенской и Фрунзенской набережных, на улице Хамовнический Вал, в Лужнецком проезде от улицы Хамовнический Вал до пересечения с улицей 10-летия Октября; 🔹 7 сентября с 12:00 до 15:00 н"
22611;2025-09-05;10;closure|mass_event;0;;2025-09-06;https://t.me/DtOperativno/22611;6 сентября с 08:00 до 16:00 участки улиц Братьев Старостиных, Игоря Нетто, Аэроклубной, Константина Бескова, Николая Озерова, а также Небесного и Чкаловского бульваров будут закрыты для проезда. Это связано с проведением мероприятия «Фестиваль Ростех – Трудовые династии».  Рекомендуем заранее планировать маршрут с учётом перекрытий.  В тот же период будут недоступны для движения 2 полосы на участках улиц Спортивной Авиации, Лётной и Небесного бульвара. На участках Чкаловского и Небесного бульвара временно организуют двустороннее движение.   Также 6 сентября с 00:01 до окончания мероприятия буд
22612;2025-09-05;10;closure|mass_event;0;;2025-09-06;https://t.me/DtOperativno/22612;6 сентября с 11:00 до 16:00 участок Лукинской улицы будет закрыт для проезда. Это связано с проведением ретрофестиваля.  Рекомендуем заранее планировать маршрут с учётом перекрытия.  Также информацию о перекрытии можно посмотреть на сайте.
22620;2025-09-05;16;tram_route_change;1;;;https://t.me/DtOperativno/22620;❗️На Дубининской улице по техническим причинам задерживаются трамваи № 3, 38 и 39.  Маршруты временно изменены. Будьте внимательны, следите за объявлениями водителей.
22624;2025-09-05;17;tram_works|tram_route_change;1;;2025-09-06;https://t.me/DtOperativno/22624;⚠️ С 6 сентября по выходным трамваи не будут ходить до Белорусского вокзала и метро «Новослободская».   В эти дни трамваи поедут по изменённым маршрутам:   🔹7 – от метро «Бульвар Рокоссовского» до Каланчёвской улицы    🔹50 – работать не будет, пользуйтесь трамваем 37   Вместо трамваев пользуйтесь автобусами:   🔹07 – от Белорусского вокзала до метро «Сокольники»  🔹с510 – продлевается от Тихвинской улицы до метро «Новослободская»   Автобусы 07 вместо Протопоповского переулка в сторону метро «Проспект Мира» поедут через Банный переулок, в сторону метро «Комсомольская» – через Грохольский переулок
22627;2025-09-05;18;tram_route_change;1;;;https://t.me/DtOperativno/22627;❗️На Дубининской улице по техническим причинам задерживаются трамваи № 3, 38 и 39.  Маршруты временно изменены. Будьте внимательны, следите за объявлениями водителей.
22635;2025-09-05;19;closure|mass_event;0;;2025-09-06|2025-09-07;https://t.me/DtOperativno/22635;"ЦОДД: Напоминаем, что в выходные будет временно закрыто движение на ряде улиц в Москве:  🔹 6 сентября в связи с проведением парада ретротранспорта; 🔹 6 сентября в связи с проведением фестиваля «День ходьбы»; 🔹 6–7 сентября в связи с проведением крестного хода.  Обращаем внимание, что на участках ограничений также будет временно запрещена парковка.  Будьте внимательны, стройте маршрут заранее с учетом временных ограничений. Подробнее — на сайте."
22644;2025-09-06;16;closure|mass_event;0;;2025-09-06;https://t.me/DtOperativno/22644;ЦОДД: 6 сентября в связи с проведением фестиваля «День ходьбы» будет временно закрыто движение на ряде набережных в центре:  🔹 С 05:00 до 16:00 на Смоленской и Ростовской набережных.  🔹 С 09:00 до 16:00 на Саввинской, Новодевичьей и Лужнецкой набережных, а…
22646;2025-09-07;14;closure;0;;2025-09-06|2025-09-07;https://t.me/DtOperativno/22646;ЦОДД: 6 и 7 сентября в связи с проведением крестного хода будет закрыто движение на ряде улиц в центре  Движение будет закрыто:   🔹 6 сентября с 17:00 до 06:00 7 сентября в Лужнецком проезде (при движении в сторону улицы Хамовнический Вал) от улицы 10-летия…
22669;2025-09-09;13;mass_event;0;;2025-09-14;https://t.me/DtOperativno/22669;13 и 14 сентября остановка «Кинопарк «Москино» для автобусов МК1 и 101 будет перенесена на Калужское шоссе.  С 19:00 автобусы 101 пойдут от кинопарка.  Автобусы МК2 работать не будут. Пользуйтесь автобусами МК1 от метро «Тёплый Стан» и е142, е143, е144 и е148 — от метро «Ольховая».  Автобусы МК1 и 101 будут ходить чаще.  Изменения — на время проведения концерта-мюзикла «А я иду, шагаю по Москве».
22672;2025-09-10;14;tram_works|tram_route_change;1;;2025-09-10;https://t.me/DtOperativno/22672;✅ С 10 сентября начал работу новый трамвайный маршрут № 90 от метро «Сокольники» через проспект Академика Сахарова до Павелецкого вокзала.   На линию вышли первые в России трамваи с автономным ходом. Они проезжают проспект Академика Сахарова без подключения к контактной сети.   Трамваи ходят от метро «Сокольники» через метро «Красносельская», «Комсомольская», МЦД Площадь трёх вокзалов, улицу Маши Порываевой, проспект Академика Сахарова, метро «Чистые пруды», «Новокузнецкая», «Третьяковская» и «Павелецкая» до Павелецкого вокзала.   На проспекте Академика Сахарова и улице Маши Порываевой открыт 
22673;2025-09-10;15;tram_route_change;1;7|50;2025-09-10;https://t.me/DtOperativno/22673;✅ С 10 сентября на маршрутах трамвая 7, 13, 37, 50 введены новые остановки на Каланчёвской улице и у МЦД Площадь трёх вокзалов.   🔹МЦД Площадь трех вокзалов – три новые платформы для трамваев 7, 13, 37, 50 и 90, разделенные по направлениям   🔹Каланчёвская улица – новые платформы для трамваев 7, 13, 37, 50   🔹Пантелеевская улица – новые платформы для трамваев 7, 50  У Площади трёх вокзалов появилась новая быстрая пересадка между трамваями и МЦД, она составит около 1 минуты. На всех остановках теперь оборудованы приподнятые платформы для удобного входа в трамвай.
22676;2025-09-10;19;closure;0;;;https://t.me/DtOperativno/22676;"ЦОДД: Средняя скорость потока — 30 км/ч.  По данным ЦОДД, движение оценивается в 7 баллов.  Интенсивное движение сейчас на:  🔹 ТТК в районе улицы Сущевский Вал; 🔹 внешней стороне Садового кольца в районе Садовой-Самотечной улицы; 🔹 Бульварном кольце в районе Никитского бульвара.  Движение временно закрыто:  🔹 на внутренней стороне МКАД от 59 км до Ленинградского шоссе.  На движение влияют:  🔹 локальные ограничения движения; 🔹 ремонтные работы на дороге; 🔹 мелкие ДТП.  Будьте внимательны, стройте маршрут заранее.  За ситуацией на дороге круглосуточно следят Ситуационнный центр и экипажи Дорожно"
22680;2025-09-11;8;closure|mass_event;0;;2025-09-12|2025-09-13;https://t.me/DtOperativno/22680;ЦОДД: 13 сентября будет временно закрыто движение для транспорта на нескольких улицах в связи с проведением Осеннего велофестиваля и велогонки «CyclingRace: Москва».  С 14:00 12 сентября до 07:00 13 сентября ограничат движение по 1 полосе на Крылатской улице, а с 16:00 до 23:59 12 сентября — в Продольном проезде.  Движение будет закрыто:  🔹 12 сентября с 22:00 до окончания мероприятия на площади перед главным входом ВДНХ. 🔹 13 сентября с 00:01 до окончания мероприятия в Продольном, 1-м и 2-м Поперечных проездах и на улице Крылатская. 🔹 13 сентября с 07:00 до 12:00 на улицах Нижние Мневники, Кр
22684;2025-09-11;15;closure;0;;2025-09-12|2025-09-15;https://t.me/DtOperativno/22684;С 00:01 12 сентября до 15:00 15 сентября участок Большого Черкасского переулка будет закрыт для проезда. Это связано с проведением мероприятия.   Будьте внимательны. Стройте маршрут заранее.  Также информацию о перекрытии можно посмотреть на сайте.
22690;2025-09-12;9;closure;0;;2025-09-13;https://t.me/DtOperativno/22690;🚧 Внимание, водители! Объезжаем участок в районе улицы Нижние Мневники!  До 23:00 13 сентября на участке от ул. Крылатская до Карамышевской набережной будут перекрыты одна-две полосы в каждом направлении для замены асфальта.  Советуем заранее проложить альтернативный маршрут! Будьте внимательны за рулем.
22702;2025-09-12;12;tram_route_change;1;;2025-09-14;https://t.me/DtOperativno/22702;В День города продлевается работа транспорта.   В ночь с 13 на 14 сентября метро и МЦК будут работать на вход до 2 часов ночи.   Также до 2:00 продлевается работа 17 трамвайных маршрутов в разных районах города.   В обычном режиме продолжат работать 18 регулярных ночных маршрутов. Расписание можно посмотреть здесь.
22704;2025-09-12;12;tram_works|tram_route_change|mass_event;1;;2025-09-13;https://t.me/DtOperativno/22704;⚠️ В субботу, 13 сентября, с 11:30 до окончания Московского осеннего Велофестиваля трамваи не будут ходить к метро «ВДНХ» и в Останкино.   В это время трамваи поедут по изменённым маршрутам:   🔹11 – от остановки «Восточное Измайлово» через ВДНХ (сев.) до Социального фонда России   🔹17 – от остановки «Медведково» до Сельскохозяйственной улицы, пользуйтесь станцией метро «Бабушкинская»   🔹25 – от метро «Сокольники» до Сельскохозяйственной улицы, обратно – от ВДНХ (сев.)   На улице Академика Королёва и к метро «ВДНХ» пользуйтесь автобусами.
22705;2025-09-12;12;tram_works|tram_route_change;1;;2025-09-13;https://t.me/DtOperativno/22705;⚠️ С 13 сентября по выходным трамваи не будут ходить в Нагатино.   В эти дни трамваи поедут по изменённым маршрутам:  🔹47 – от метро «Октябрьская» через метро «Нагатинская» до Нижних Котлов   🔹49 – работать не будет   Вместо трамваев – автобус 049 от метро «Нагатинская» в Нагатино.   Остановки автобуса у метро «Коломенская» будут расположены:   🔹В сторону остановки «Нагатино» – на трамвайной платформе на Судостроительной улице (выход из метро 1)   🔹В сторону метро «Нагатинская» – на проспекте Андропова (выходы из метро 5 и 6)   На Судостроительной улице автобусы будут останавливаться на новых 
22707;2025-09-12;12;tram_works|tram_route_change;1;11|12;;https://t.me/DtOperativno/22707;На Щербаковской улице (в районе остановки «Фортунатовская улица») из-за повреждения контактной сети сторонним транспортом задерживаются трамваи № 11, 12 и 32.  Маршруты временно изменены. Вместо трамваев работают автобусы. Будьте внимательны, следите за объявлениями водителей.
22708;2025-09-12;13;mass_event;0;;2025-09-13;https://t.me/DtOperativno/22708;12 и 13 сентября меняются маршруты в Хорошёво-Мнёвниках, Крылатском и на ВДНХ.  Изменения — на время проведения велогонки и осеннего велофестиваля.
22709;2025-09-12;13;tram_works|tram_route_change;1;11|12;;https://t.me/DtOperativno/22709;На Щербаковской улице (в районе остановки «Фортунатовская улица») из-за повреждения контактной сети сторонним транспортом задерживаются трамваи № 11, 12 и 32.  Маршруты временно изменены. Вместо трамваев работают автобусы. Будьте внимательны, следите за объявлениями…
22711;2025-09-12;15;closure|mass_event;0;;2025-09-13;https://t.me/DtOperativno/22711;ЦОДД: 13 сентября в связи с проведением забега «Кросс нации» временно закроют движение для транспорта на улице Крылатская.   Движение будет закрыто с 14:00 до 20:00:  🔹 на улице Крылатская от дома 2А до дома 15  Также с 00:01 до окончания мероприятия на участке перекрытия будет запрещена парковка.  Будьте внимательны и планируйте маршрут с учетом временных ограничений.   Подробную информацию о перекрытиях можно узнать на сайте.
22713;2025-09-12;15;closure;0;;2025-09-13|2025-09-14;https://t.me/DtOperativno/22713;13 и 14 сентября в зависимости от времени участки улицы Генерала Ермолова и бокового проезда Кутузовского проспекта будут закрыты для движения. Это связано с проведением мероприятий.  Рекомендуем заранее планировать маршрут с учётом перекрытий.  Также с 00:01 13 сентября до 23:00 14 сентября на участках улицы Генерала Ермолова и боковых проездов Кутузовского проспекта будет запрещена парковка.  Подробную информацию о перекрытиях можно узнать на сайте.
22723;2025-09-12;18;tram_works;1;7|50;2025-09-12;https://t.me/DtOperativno/22723;⚠️ С 12 сентября после 23:00 трамваи не будут ходить до Белорусского вокзала и метро «Новослободская».   В это время трамваи 7 и 50 поедут только до Каланчёвской улицы.   Пользуйтесь метро и электробусом 604.   Изменения – на время работ в Протопоповском переулке.
22725;2025-09-12;20;closure;0;;;https://t.me/DtOperativno/22725;"‼️ Водители, внимание!  В связи с заменой асфальта временно закрыто движение:  🔹 на ул. Крылатская;  🔹 на ул. Нижние Мневники от Ярцевской ул. до Нового Карамышевского моста.   Будьте внимательны. Выбирайте для объезда проспект Маршала Жукова и другие альтернативные маршруты."
22726;2025-09-13;6;closure;0;;;https://t.me/DtOperativno/22726;"‼️ Водители, внимание!  В связи с заменой асфальта временно закрыто движение:  🔹 на ул. Крылатская;  🔹 на ул. Нижние Мневники от Ярцевской ул. до Нового Карамышевского моста.   Будьте внимательны. Выбирайте для объезда проспект Маршала Жукова и другие альтернативные…"
22728;2025-09-13;8;closure|mass_event;0;;;https://t.me/DtOperativno/22728;ЦОДД: Напоминаем, что сегодня будет временно закрыт ряд улиц в городе в связи с проведением Осеннего велофестиваля и велогонки «CyclingRace: Москва»  Движение будет закрыто:  🔹 До окончания мероприятия на площади перед главным входом ВДНХ. В Продольном, 1-м и 2-м Поперечных проездах и на улице Крылатская. 🔹 До 12:00 на улицах Нижние Мневники, Крылатская, Алабяна, Народного Ополчения, Большая Академическая, а также в Алабяно-Балтийском тоннеле и по Новому Карамышевскому мосту. 🔹 С 12:00 и до прохождения велоколонны на улицах Сергея Эйзенштейна, Вильгельма Пика, Сельскохозяйственная, Большая Ака
22730;2025-09-13;13;closure;0;;;https://t.me/DtOperativno/22730;"Движение временно закрыто:  🔹 на Большом Каменном мосту; 🔹 на Можайском шоссе по направлению в центр.  Будьте внимательны. Стройте маршрут заранее."
22731;2025-09-13;13;closure;0;;;https://t.me/DtOperativno/22731;"Движение временно закрыто:  🔹 на Москворецкой набережной от Устьинского моста в сторону Кремля; 🔹 на пересечении Рублевского шоссе и Осенней улицы."
22735;2025-09-13;16;closure;0;;;https://t.me/DtOperativno/22735;"Движение временно закрыто:  🔹 на Кутузовском проспекте перед Парком Победы по направлению в центр; 🔹 на съездах с Садового кольца на улицу Новый Арбат в обе стороны; 🔹 на съездах с ТТК на Кутузовский проспект в обе стороны; 🔹 на Можайском шоссе по направлению в центр; 🔹 на площади Свободной России.  Будьте внимательны. Стройте маршрут заранее."
22736;2025-09-13;16;closure;0;;;https://t.me/DtOperativno/22736;"Движение временно закрыто:  🔹 на Кутузовском проспекте перед Парком Победы по направлению в центр; 🔹 на съездах с Садового кольца на улицу Новый Арбат в обе стороны; 🔹 на съездах с ТТК на Кутузовский проспект в обе стороны; 🔹 на Можайском шоссе по направлению…"
22737;2025-09-13;17;closure|mass_event;0;;2025-09-12|2025-09-13;https://t.me/DtOperativno/22737;ЦОДД: 13 сентября будет временно закрыто движение для транспорта на нескольких улицах в связи с проведением Осеннего велофестиваля и велогонки «CyclingRace: Москва».  С 14:00 12 сентября до 07:00 13 сентября ограничат движение по 1 полосе на Крылатской улице…
22738;2025-09-13;17;closure|mass_event;0;;2025-09-12|2025-09-13;https://t.me/DtOperativno/22738;ЦОДД: 13 сентября будет временно закрыто движение для транспорта на нескольких улицах в связи с проведением Осеннего велофестиваля и велогонки «CyclingRace: Москва».  С 14:00 12 сентября до 07:00 13 сентября ограничат движение по 1 полосе на Крылатской улице…
22739;2025-09-13;18;closure|mass_event;0;;2025-09-12|2025-09-13;https://t.me/DtOperativno/22739;ЦОДД: 13 сентября будет временно закрыто движение для транспорта на нескольких улицах в связи с проведением Осеннего велофестиваля и велогонки «CyclingRace: Москва».  С 14:00 12 сентября до 07:00 13 сентября ограничат движение по 1 полосе на Крылатской улице…
22740;2025-09-13;20;closure|mass_event;0;;2025-09-12|2025-09-13;https://t.me/DtOperativno/22740;ЦОДД: 13 сентября будет временно закрыто движение для транспорта на нескольких улицах в связи с проведением Осеннего велофестиваля и велогонки «CyclingRace: Москва».  С 14:00 12 сентября до 07:00 13 сентября ограничат движение по 1 полосе на Крылатской улице…
22744;2025-09-14;15;closure;0;;;https://t.me/DtOperativno/22744;❗️В Северо-Западном тоннеле загорелся грузовой автомобиль. На месте работают оперативные службы города.  Обстоятельства произошедшего и информация о пострадавших уточняются. Движение в тоннель перекрыто. Пожалуйста, выбирайте пути объезда.
22745;2025-09-14;15;closure;0;;;https://t.me/DtOperativno/22745;❗️В Северо-Западном тоннеле загорелся грузовой автомобиль. На месте работают оперативные службы города.  Обстоятельства произошедшего и информация о пострадавших уточняются. Движение в тоннель перекрыто. Пожалуйста, выбирайте пути объезда.
22752;2025-09-15;10;closure;0;;2025-09-19|2025-09-22;https://t.me/DtOperativno/22752;С 23:00 19 сентября до 06:00 22 сентября будет закрыт для проезда участок Курсового переулка. Это связано с проведением строительных работ.  Рекомендуем заранее планировать маршрут с учётом перекрытия.  Также на одном из участков Курсового переулка будет организовано двустороннее движение. Обращайте внимание на знаки.  Подробнее – на инфографике👆
22753;2025-09-15;10;closure;0;;2025-09-20|2025-09-21;https://t.me/DtOperativno/22753;С 10:00 20 сентября до 04:00 21 сентября развороты на Рождественском бульваре в районе дома 1 будут закрыты для проезда. Это связано с проведением мероприятия.  Рекомендуем заранее планировать маршрут с учётом перекрытий.  Подробнее – на инфографике👆
22757;2025-09-15;19;tram_works|tram_route_change;1;;2025-09-16;https://t.me/DtOperativno/22757;⚠️ С ночи 15/16 сентября после 0:20 трамваи не будут ходить к метро «ВДНХ» и в Останкино.   В это время трамваи поедут по изменённым маршрутам:   🔹11 – от остановки «Восточное Измайлово» через ВДНХ (сев.) до Сельскохозяйственной улицы   🔹17 – от остановки «Медведково» до Сельскохозяйственной улицы, пользуйтесь станцией метро «Бабушкинская»   🔹25 – от метро «Сокольники» до Сельскохозяйственной улицы   На улице Академика Королёва и к метро «ВДНХ» пользуйтесь автобусами.   Изменения – на время ремонта трамвайных путей.
22759;2025-09-16;12;closure;0;;;https://t.me/DtOperativno/22759;❗️На Киевском шоссе в районе посёлка Киевский произошло ДТП с участием трёх грузовых автомобилей. На месте работают оперативные службы города. Обстоятельства произошедшего и информация о пострадавших уточняются.  Движение в районе происшествия затруднено на 1,7 километра, перекрыты обе полосы в сторону МКАД. Пожалуйста, выбирайте пути объезда через Кубинское, Наро-Фоминское и Минское шоссе.
22762;2025-09-16;14;mass_event;0;;2025-09-20;https://t.me/DtOperativno/22762;20 сентября маршрут 533 через территорию ВДНХ не будет работать с 8:00 до 13:30.  Изменение — на время проведения международного инклюзивного фестиваля «Включайся».
22764;2025-09-16;15;tram_route_change;1;11|17|25;;https://t.me/DtOperativno/22764;В Продольном проезде (в районе остановки «Метро ВДНХ») задерживаются трамваи № 11, 17 и 25.  Маршруты временно изменены. Будьте внимательны, следите за объявлениями водителей.
22765;2025-09-16;16;tram_route_change;1;11|17|25;;https://t.me/DtOperativno/22765;В Продольном проезде (в районе остановки «Метро ВДНХ») задерживаются трамваи № 11, 17 и 25.  Маршруты временно изменены. Будьте внимательны, следите за объявлениями водителей.
22770;2025-09-17;11;closure;0;;2025-09-20|2025-09-21;https://t.me/DtOperativno/22770;С 21:00 20 сентября до 06:00 21 сентября участок Фалеевского переулка будет закрыт для проезда. Это связано с проведением киносъёмок.  Кроме этого, с 21:00 20 сентября до 06:00 21 сентября закроют участок Софийской набережной (не более 5 минут). В тот же период на участке будет недоступна для движения 1 полоса.   Подробнее – на инфографике👆
22771;2025-09-17;14;closure;0;;;https://t.me/DtOperativno/22771;Движение временно закрыто:  🔹 на внешней стороне МКАД в районе Ленинградского шоссе.  Будьте внимательны. Выбирайте альтернативные маршруты.
22772;2025-09-17;15;closure;0;;;https://t.me/DtOperativno/22772;Движение временно закрыто:  🔹 на внешней стороне МКАД в районе Ленинградского шоссе.  Будьте внимательны. Выбирайте альтернативные маршруты.
22773;2025-09-17;17;closure|mass_event;0;;2025-09-20;https://t.me/DtOperativno/22773;ЦОДД: 20 сентября будет временно закрыто движение для транспорта на нескольких набережных и улицах Москвы в связи с проведением Московского Марафона (10 км).   Движение временно закроют:  🔹 С 05:00 до 12:30 на участках улицы Лужники (от дома 24, стр. 24 до Лужнецкой набережной) и Лужнецкой набережной (от улицы Лужники до Фрунзенской набережной).  🔹 С 08:50 до 13:00 на Смоленском бульваре и внешней стороне Зубовского бульвара.  🔹 С 09:00 до 13:00 в Крымском проезде и на Смоленской-Сенной площади.  🔹 С 09:00 до 13:50 на набережных Фрунзенской, Ростовской, Саввинской, Новодевичьей, а также на уча
22779;2025-09-18;8;closure|mass_event;0;;2025-09-21;https://t.me/DtOperativno/22779;ЦОДД: 21 сентября лучше в центр города на метро: будет временно закрыто движение для машин на многих участках в связи с проведением Московского Марафона (42 км).  Движение временно закроют с 03:00 до 17:30:  🔹 На улицах: Лужники, Смоленская, Крымский Вал, Коровий Вал, Большая Ордынка, Балчуг, Яузская, Тверская, Моховая, Охотный Ряд, Садовая-Кудринская, Большая Садовая, Садовая-Триумфальная и Садовая-Каретная.  🔹 На набережных: Лужнецкая, Новодевичья, Саввинская, Ростовская, Николоямская, Костомаровская, Полуярославская, Серебряническая, Москворецкая, Котельническая, Гончарная, Краснохолмская, 
22780;2025-09-18;9;mass_event;0;;2025-09-20;https://t.me/DtOperativno/22780;20 сентября с 5:00 до конца мероприятия меняются маршруты в Лужниках и центре Москвы.  Изменения — на время проведения забега «Московский марафон 10 км».
22784;2025-09-18;16;closure;0;;2025-09-01;https://t.me/DtOperativno/22784;Напоминаем, что до 1 сентября 2026 года участок Крутицкой набережной закрыт для проезда. Это связано с проведением строительных работ.  Рекомендуем заранее планировать маршрут с учётом перекрытия.  Подробнее – на инфографике👆
22793;2025-09-19;7;closure|mass_event;0;;;https://t.me/DtOperativno/22793;Доброе утро!  Сегодня в Москве пасмурно, в течение дня местами возможен дождь 🌧  В связи с коротким рабочим днём вечерний разъезд начнётся сегодня раньше — около 16:00. Рекомендуем выезжать до него или отложить поездку на более позднее время.   Обращаем внимание, что в выходные центральные набережные и улицы будут временно закрыты для проезда транспорта в связи с проведением Московского Марафона.   Будьте внимательны за рулём. Соблюдайте дистанцию и не отвлекайтесь на телефон во время движения.  Удачной дороги 💚
22796;2025-09-19;9;mass_event;0;;2025-09-21;https://t.me/DtOperativno/22796;21 сентября с 6:40 до конца мероприятия меняются маршруты в Лужниках и центре Москвы.  Изменения — на время проведения забега «Московский марафон 42 км».
22799;2025-09-19;11;closure;0;;;https://t.me/DtOperativno/22799;"Временно закрыто движение:  🔹 на съездах с Рублевского шоссе на МКАД в районе 60 км; 🔹 на Рублевском шоссе в районе дома 60, корпус 32.  Будьте внимательны. Выбирайте альтернативные маршруты."
22800;2025-09-19;13;closure;0;;;https://t.me/DtOperativno/22800;"Временно закрыто движение:  🔹 на съездах с Рублевского шоссе на МКАД в районе 60 км; 🔹 на Рублевском шоссе в районе дома 60, корпус 32.  Будьте внимательны. Выбирайте альтернативные маршруты."
22809;2025-09-19;17;tram_route_change;1;11|17|25;;https://t.me/DtOperativno/22809;✅ Восстановлено движение трамваев в Останкино после 0:20.   Трамваи 11, 17, 25 в это время снова ходят по своим обычным маршрутам.
22810;2025-09-19;17;tram_works|tram_route_change;1;;2025-09-20;https://t.me/DtOperativno/22810;⚠️ С 20 сентября по выходным трамваи не будут ходить между метро «Бульвар Рокоссовского» и Богородским.   В эти дни трамваи поедут по изменённым маршрутам:   🔹4 – от Курского вокзала до Богородского   🔹7 – от Белорусского вокзала через Богородский храм до Сельскохозяйственной улицы   🔹46 – вместо Краснобогатырской улицы и Богородского пойдёт через Черкизово и Халтуринскую улицу (как 36)   Вместо трамваев – автобус 04 от метро «Бульвар Рокоссовского» до Богородского храма.   Изменения – на время ремонта трамвайных путей у метро «Бульвар Рокоссовского». Основные работы проводятся в выходные дни,
22811;2025-09-19;17;tram_route_change|mass_event;1;7|50;2025-09-21;https://t.me/DtOperativno/22811;⚠️ В воскресенье, 21 сентября, примерно до 14:00 не будут ходить трамваи в центре города.   В это время трамваи поедут по изменённым маршрутам:   🔹А – от МЦД Калитники через метро «Пролетарская» до МЦК Дубровка   🔹2 – от 3-й Владимирской улицы через метро «Площадь Ильича» и Большую Калитниковскую улицу до Октябрьского трамвайного депо   🔹3 – от метро «Чертановская» через Павелецкий вокзал до метро «Пролетарская»   🔹4 – от Богородского через Лефортовский мост и метро «Авиамоторная» до ДК «Компрессор»   🔹32 – от метро «Партизанская» через Андроньевскую площадь и Большую Калитниковскую улицу до О
22812;2025-09-19;18;mass_event;0;;2025-09-20|2025-09-21;https://t.me/DtOperativno/22812;"ЦОДД: Напоминаем, что в выходные, 20 и 21 сентября, будет закрыт ряд улиц и набережных в центре — для поездок по городу рекомендуем использовать метро  Движение будет закрыто:  🔹 20 сентября в связи с проведением Московского марафона 10 км; 🔹 21 сентября в связи с проведением Московского марафона 42,2 км.  Обращаем внимание, что на участках ограничений также будет временно запрещена парковка.  Будьте внимательны, стройте маршрут заранее с учетом временных ограничений. Подробнее — на сайте."
22815;2025-09-20;7;closure|mass_event;0;;;https://t.me/DtOperativno/22815;ЦОДД: сегодня будет временно закрыто движение для транспорта на набережных и улицах Москвы в связи с проведением Московского Марафона (10 км). Выбирайте альтернативные маршруты.  Движение временно закроют:  🔹 До 12:30 на участках улицы Лужники (от дома 24, стр. 24 до Лужнецкой набережной) и Лужнецкой набережной (от улицы Лужники до Фрунзенской набережной).  🔹 С 08:50 до 13:00 на Смоленском бульваре и внешней стороне Зубовского бульвара.  🔹 С 09:00 до 13:00 в Крымском проезде и на Смоленской-Сенной площади.  🔹 С 09:00 до 13:50 на набережных Фрунзенской, Ростовской, Саввинской, Новодевичьей, а т
22821;2025-09-20;12;closure|mass_event;0;;2025-09-20;https://t.me/DtOperativno/22821;ЦОДД: 20 сентября будет временно закрыто движение для транспорта на нескольких набережных и улицах Москвы в связи с проведением Московского Марафона (10 км).   Движение временно закроют:  🔹 С 05:00 до 12:30 на участках улицы Лужники (от дома 24, стр. 24 до…
22822;2025-09-20;12;closure|mass_event;0;;2025-09-20;https://t.me/DtOperativno/22822;ЦОДД: 20 сентября будет временно закрыто движение для транспорта на нескольких набережных и улицах Москвы в связи с проведением Московского Марафона (10 км).   Движение временно закроют:  🔹 С 05:00 до 12:30 на участках улицы Лужники (от дома 24, стр. 24 до…
22823;2025-09-20;13;closure|mass_event;0;;2025-09-20;https://t.me/DtOperativno/22823;ЦОДД: 20 сентября будет временно закрыто движение для транспорта на нескольких набережных и улицах Москвы в связи с проведением Московского Марафона (10 км).   Движение временно закроют:  🔹 С 05:00 до 12:30 на участках улицы Лужники (от дома 24, стр. 24 до…
22824;2025-09-20;19;closure|mass_event;0;;2025-09-21;https://t.me/DtOperativno/22824;ЦОДД: напоминаем, что завтра, 21 сентября, будет временно закрыто движение для транспорта на ряде улиц и набережных в центре в связи с проведением Московского Марафона (42 км) — завтра для поездок используйте метро  Движение временно закроют в период с 03:00 до 17:30:  🔹 На улицах: Лужники, Смоленская, Крымский Вал, Коровий Вал, Большая Ордынка, Балчуг, Яузская, Тверская, Моховая, Охотный Ряд, Садовая-Кудринская, Большая Садовая, Садовая-Триумфальная и Садовая-Каретная.  🔹 На набережных: Лужнецкая, Новодевичья, Саввинская, Ростовская, Николоямская, Костомаровская, Полуярославская, Серебряничес
22825;2025-09-21;7;closure;0;;;https://t.me/DtOperativno/22825;ЦОДД: сегодня закрыт ряд улиц и набережных — рекомендуем для поездок в центр использовать метро  Движение закрыто до 17:30:  🔹 На улицах: Лужники, Смоленская, Крымский Вал, Коровий Вал, Большая Ордынка, Балчуг, Яузская, Тверская, Моховая, Охотный Ряд, Садовая-Кудринская, Большая Садовая, Садовая-Триумфальная и Садовая-Каретная.  🔹 На набережных: Лужнецкая, Новодевичья, Саввинская, Ростовская, Николоямская, Костомаровская, Полуярославская, Серебряническая, Москворецкая, Котельническая, Гончарная, Краснохолмская, Кремлёвская, Пречистенская, Фрунзенская, Берниковская, Подгорская, Устьинская и Рау
22826;2025-09-21;11;closure|mass_event;0;;2025-09-21;https://t.me/DtOperativno/22826;ЦОДД: 21 сентября лучше в центр города на метро: будет временно закрыто движение для машин на многих участках в связи с проведением Московского Марафона (42 км).  Движение временно закроют с 03:00 до 17:30:  🔹 На улицах: Лужники, Смоленская, Крымский Вал,…
22827;2025-09-21;12;closure|mass_event;0;;2025-09-21;https://t.me/DtOperativno/22827;ЦОДД: 21 сентября лучше в центр города на метро: будет временно закрыто движение для машин на многих участках в связи с проведением Московского Марафона (42 км).  Движение временно закроют с 03:00 до 17:30:  🔹 На улицах: Лужники, Смоленская, Крымский Вал,…
22828;2025-09-21;13;closure|mass_event;0;;2025-09-21;https://t.me/DtOperativno/22828;ЦОДД: 21 сентября лучше в центр города на метро: будет временно закрыто движение для машин на многих участках в связи с проведением Московского Марафона (42 км).  Движение временно закроют с 03:00 до 17:30:  🔹 На улицах: Лужники, Смоленская, Крымский Вал,…
22829;2025-09-21;14;closure|mass_event;0;;2025-09-21;https://t.me/DtOperativno/22829;ЦОДД: 21 сентября лучше в центр города на метро: будет временно закрыто движение для машин на многих участках в связи с проведением Московского Марафона (42 км).  Движение временно закроют с 03:00 до 17:30:  🔹 На улицах: Лужники, Смоленская, Крымский Вал,…
22830;2025-09-21;15;closure|mass_event;0;;2025-09-21;https://t.me/DtOperativno/22830;ЦОДД: 21 сентября лучше в центр города на метро: будет временно закрыто движение для машин на многих участках в связи с проведением Московского Марафона (42 км).  Движение временно закроют с 03:00 до 17:30:  🔹 На улицах: Лужники, Смоленская, Крымский Вал,…
22831;2025-09-21;15;closure|mass_event;0;;2025-09-21;https://t.me/DtOperativno/22831;ЦОДД: 21 сентября лучше в центр города на метро: будет временно закрыто движение для машин на многих участках в связи с проведением Московского Марафона (42 км).  Движение временно закроют с 03:00 до 17:30:  🔹 На улицах: Лужники, Смоленская, Крымский Вал,…
22832;2025-09-21;16;closure|mass_event;0;;2025-09-21;https://t.me/DtOperativno/22832;ЦОДД: 21 сентября лучше в центр города на метро: будет временно закрыто движение для машин на многих участках в связи с проведением Московского Марафона (42 км).  Движение временно закроют с 03:00 до 17:30:  🔹 На улицах: Лужники, Смоленская, Крымский Вал,…
22837;2025-09-22;10;tram_route_change;1;26;;https://t.me/DtOperativno/22837;В 4-м Рощинском проезде (в районе остановки «Духовской переулок») из-за автомобиля, застрявшего на путях, задерживаются трамваи № 26 и 38.  Маршруты временно изменены. Будьте внимательны, следите за объявлениями водителей.
22838;2025-09-22;11;tram_route_change;1;26;;https://t.me/DtOperativno/22838;В 4-м Рощинском проезде (в районе остановки «Духовской переулок») из-за автомобиля, застрявшего на путях, задерживаются трамваи № 26 и 38.  Маршруты временно изменены. Будьте внимательны, следите за объявлениями водителей.
22840;2025-09-22;13;tram_route_change;1;11|12;;https://t.me/DtOperativno/22840;На Измайловском проспекте (в районе остановки «Метро Партизанская») из-за дерева, наклонившегося на контактную сеть, задерживаются трамваи № 11 и 12.  Маршруты временно изменены. Будьте внимательны, следите за объявлениями водителей.
22841;2025-09-22;14;tram_route_change;1;11|12;;https://t.me/DtOperativno/22841;На Измайловском проспекте (в районе остановки «Метро Партизанская») из-за дерева, наклонившегося на контактную сеть, задерживаются трамваи № 11 и 12.  Маршруты временно изменены. Будьте внимательны, следите за объявлениями водителей.
22842;2025-09-22;15;tram_route_change;1;11|12;;https://t.me/DtOperativno/22842;На Измайловском проспекте (в районе остановки «Метро Партизанская») из-за дерева, наклонившегося на контактную сеть, задерживаются трамваи № 11 и 12.  Маршруты временно изменены. Будьте внимательны, следите за объявлениями водителей.
22846;2025-09-23;8;closure|mass_event;0;;2025-09-26|2025-09-27|2025-09-28;https://t.me/DtOperativno/22846;ЦОДД: 27 сентября в связи с проведением Московского мотофестиваля временно будет закрыта для движения транспорта внешняя сторона Садового кольца. Для поездок в центр используйте метро.  27 сентября с 11:40 временно закроют движение на:  🔹 Улицах Косыгина (в сторону Воробьевского шоссе), Большая Дорогомиловская и Смоленская.  🔹 Воробьевском шоссе.  🔹 Бережковской набережной.  🔹 Внешней стороне Садового кольца.  🔹 Бородинском мосту.  🔹 Съездах с Бородинского моста на набережную Тараса Шевченко.  Движение восстановят по мере прохождения мотоколонны.  Также движение закроют:  🔹 26 сентября с 09:00
22851;2025-09-23;18;tram_works|tram_route_change;1;;2025-09-24;https://t.me/DtOperativno/22851;⚠️ С ночи 23/24 сентября после 0:20 трамваи не будут ходить к метро «ВДНХ» и в Останкино.   В это время трамваи поедут по изменённым маршрутам:   🔹11 – от остановки «Восточное Измайлово» через ВДНХ (сев.) до Сельскохозяйственной улицы   🔹17 – от остановки «Медведково» до Сельскохозяйственной улицы, пользуйтесь станцией метро «Бабушкинская»   🔹25 – от метро «Сокольники» до Сельскохозяйственной улицы   На улице Академика Королёва и к метро «ВДНХ» пользуйтесь автобусами.   Изменения – на время ремонта трамвайных путей.
22857;2025-09-24;8;tram_route_change;1;17;;https://t.me/DtOperativno/22857;На проспекте Мира (в районе остановки «Сельскохозяйственная улица») задерживаются трамваи № 17.  Маршрут временно изменён. Будьте внимательны, следите за объявлениями водителей.
22858;2025-09-24;9;tram_route_change;1;17;;https://t.me/DtOperativno/22858;На проспекте Мира (в районе остановки «Сельскохозяйственная улица») задерживаются трамваи № 17.  Маршрут временно изменён. Будьте внимательны, следите за объявлениями водителей.
22862;2025-09-24;11;closure|mass_event;0;;2025-09-26|2025-09-27|2025-09-28|2025-09-29;https://t.me/DtOperativno/22862;ЦОДД: 27 и 28 сентября будет закрыто движение для транспорта в районе Цветного бульвара в связи с проведением Московского детского велофестиваля.  Движение закроют:  🔹 27 сентября с 00:01 до 20:00 и 28 сентября с 08:00 до 22:00 на Цветном бульваре от Садового кольца до Петровского бульвара в каждом направлении.  Кроме того, будут ограничения движения:  🔹 По 1 крайней левой полосе 26 сентября с 10:00 до 22:00 и 28 сентября с 20:00 до 10:00 29 сентября на Цветном бульваре от д. 27/24 до д. 1. 🔹 По 1 крайней правой полосе 27 сентября с 08:00 до 20:00 и 28 сентября с 08:00 до 22:00 на Петровском б
22865;2025-09-24;13;closure|mass_event;0;;2025-09-27;https://t.me/DtOperativno/22865;ЦОДД: 27 сентября в связи с проведением Московского мотофестиваля временно будет закрыта для движения транспорта внешняя сторона Садового кольца. Для поездок в центр используйте метро.  27 сентября с 11:40 временно закроют движение на:  🔹 Улицах Косыгина (в…
22871;2025-09-24;16;closure;0;;;https://t.me/DtOperativno/22871;❗️На Варшавском шоссе в районе д. 170И (в районе Бутово) произошло ДТП с участием двух автомобилей. На месте работают оперативные службы города. Обстоятельства произошедшего и информация о пострадавших уточняются.  Движение на съезде с МСД в сторону Варшавского шоссе перекрыто. Пожалуйста, выбирайте пути объезда.
22873;2025-09-24;16;tram_works|tram_route_change;1;28;;https://t.me/DtOperativno/22873;⚠️ На время оперативных ремонтных работ трамваи 28, 31 по Живописной улице ходят с увеличенными интервалами.   В дополнение к трамваям работает временный маршрут автобуса 028 от проспекта Маршала Жукова до метро «Щукинская».
22875;2025-09-24;17;closure|mass_event;0;;2025-09-26|2025-09-27|2025-09-28;https://t.me/DtOperativno/22875;ЦОДД: внимание, автомобилисты! Незначительно изменились участки перекрытий в связи с проведением мотофестиваля  Движение временно будет закрыто:  🔹 До 23:59 28 сентября в парковочном кармане на Университетской площади в районе пересечения с улицей Косыгина. 🔹  26 сентября с 01:00 до 06:00 и 27 сентября с 08:00 до 23:59 на Университетской площади от Университетского проспекта до улицы Косыгина (в сторону улицы Косыгина).  Также обращаем внимание, что парковка будет запрещена:  🔹 До 23:59 28 сентября в парковочном кармане на Университетской площади в районе пересечения с улицей Косыгина. 🔹 С 00:
22879;2025-09-24;18;mass_event;0;;2025-09-28;https://t.me/DtOperativno/22879;26-28 сентября будут изменены маршруты в центре и на набережных Москвы-реки.   Изменения — на время проведения Московского мотофестиваля и Московского детского велофестиваля.
22880;2025-09-24;18;closure;0;;;https://t.me/DtOperativno/22880;❗️В пос. Воскресенское (Коммунарка) в районе д. 30  произошло ДТП. На месте работают оперативные службы города. Обстоятельства произошедшего и информация о пострадавших уточняются.  Движение в районе ДТП перекрыто. Пожалуйста, выбирайте пути объезда (по встречному направлению).
22883;2025-09-24;21;tram_route_change;1;7|50;;https://t.me/DtOperativno/22883;На Краснопрудной улице (в районе остановки «Метро Комсомольская») задерживаются трамваи № 7, 13, 37, 50 и 90.  Маршруты временно изменены. Будьте внимательны, следите за объявлениями водителей.
22884;2025-09-24;21;tram_route_change;1;7|50;;https://t.me/DtOperativno/22884;На Краснопрудной улице (в районе остановки «Метро Комсомольская») задерживаются трамваи № 7, 13, 37, 50 и 90.  Маршруты временно изменены. Будьте внимательны, следите за объявлениями водителей.
22886;2025-09-24;22;closure;0;;;https://t.me/DtOperativno/22886;❗️В пос. Воскресенское (Коммунарка) в районе д. 30  произошло ДТП. На месте работают оперативные службы города. Обстоятельства произошедшего и информация о пострадавших уточняются.  Движение в районе ДТП перекрыто. Пожалуйста, выбирайте пути объезда (по встречному…
22888;2025-09-25;11;closure;0;;;https://t.me/DtOperativno/22888;Движение временно закрыто:  🔹 на внешней стороне Садового кольца от Тверской улицы до улицы Новый Арбат.  Будьте внимательны.
22889;2025-09-25;11;closure;0;;;https://t.me/DtOperativno/22889;Движение временно закрыто:  🔹 на внешней стороне Садового кольца от Тверской улицы до улицы Новый Арбат.  Будьте внимательны.
22891;2025-09-25;12;closure;0;;;https://t.me/DtOperativno/22891;Движение открыто:  🔹на внешней стороне Садового кольца.  Движение временно закрыто:  🔹 на улице Новый Арбат.  Будьте внимательны при построении маршрута.
22892;2025-09-25;12;tram_route_change;1;11|17|25;;https://t.me/DtOperativno/22892;✅ Восстановлено движение трамваев в Останкино после 0:20.   Трамваи 11, 17, 25 в это время снова ходят по своим обычным маршрутам.
22893;2025-09-25;12;closure;0;;;https://t.me/DtOperativno/22893;"Движение временно закрыто:  🔹 на улице Тверская; 🔹 на Большом Каменном мосту; 🔹 на Кремлевской набережной.  Будьте внимательны при построении маршрута."
22894;2025-09-25;12;tram_works|tram_route_change|mass_event;1;;2025-09-27;https://t.me/DtOperativno/22894;⚠️ В субботу, 27 сентября, примерно с 11:00 до 13:00 трамваи не будут ходить между Павелецким вокзалом и МЦД Площадь трёх вокзалов.   В это время трамваи поедут по изменённым маршрутам:   🔹А – от МЦД Калитники через метро «Пролетарская» до МЦК Дубровка   🔹3 – от метро «Чертановская» через Павелецкий вокзал до метро «Пролетарская»   🔹39 – от метро «Университет» через Павелецкий вокзал до метро «Пролетарская»   🔹90 – работать не будет   Вместо трамваев будут работать автобусы 913 – они поедут от 3-го Павелецкого проезда без заезда к метро «Павелецкая» и «Новокузнецкая» через остров Балчуг и Буль
22895;2025-09-25;13;closure;0;;;https://t.me/DtOperativno/22895;"Движение временно закрыто:  🔹 на улице Тверская; 🔹 на Большом Каменном мосту; 🔹 на Кремлевской набережной.  Будьте внимательны при построении маршрута."
22896;2025-09-25;13;tram_works;1;28;2025-09-25;https://t.me/DtOperativno/22896;✅ С 25 сентября после завершения оперативных ремонтных работ в районе Живописной улицы восстановлено движение трамваев 28 и 31 с обычными интервалами.  Временный маршрут автобуса 028 больше не работает.
22898;2025-09-25;13;closure;0;;;https://t.me/DtOperativno/22898;"Движение временно закрыто:  🔹 на внешней стороне Садового кольца перед проспектом Мира; 🔹 на внутренней стороне Садового кольца перед улицей Новый Арбат; 🔹 на Большом Каменном мосту; 🔹 на Кремлевской набережной."
22899;2025-09-25;14;closure;0;;;https://t.me/DtOperativno/22899;"ЦОДД: По данным ЦОДД, дорожная ситуация оценивается в 5 баллов — для поездок по городу по возможности используйте метро  Интенсивное движение сейчас наблюдаем на:  🔹 ТТК в районе улицы Новая Башиловка в оба направления; 🔹 внешней стороне Садового кольца в районе Смоленского бульвара; 🔹 внешней стороне МКАД в районе Ленинградского шоссе.  Во второй половине дня ожидаем локальные затруднения движения в центральной части города, на ТТК, МКАД.   В вечерний разъезд рекомендуем использовать метро. Если поездок на автомобиле не избежать, то отложите их на более позднее время — после 19:00.  На движен"
22911;2025-09-25;16;closure;0;;2025-09-27|2025-09-28;https://t.me/DtOperativno/22911;С 27 по 28 сентября в центре и на юго-западе Москвы изменится схема движения в связи со строительством пересадки со станции «Академическая» Троицкой линии на Калужско-Рижскую линию метро.   Для удобства пассажиров вдоль закрытых станций будут ходить бесплатные автобусы. Чтобы они могли передвигаться без задержек, мы временно изменим дорожное движение на это время:  🔹 Движение на съезде с ТТК на Ленинский проспект в сторону области сохранится по двум из четырех полос. 🔹 Правый поворот с Профсоюзной улицы на улицу Гарибальди и левый поворот с проезда Апакова на улицу Шаболовка будут закрыты, как
22914;2025-09-25;17;closure;0;;;https://t.me/DtOperativno/22914;"Движение временно закрыто:  🔹 на внешней стороне Садового кольца перед проспектом Мира; 🔹 на внутренней стороне перед улицей Новый Арбат; 🔹 на проспекте Мира в районе улицы Эйзенштейна по направлению в центр; 🔹 на Большом Каменном мосту; 🔹 на Кремлёвской набережной; 🔹 на улице Сретенка.  Будьте внимательны, выбирайте альтернативные маршруты."
22916;2025-09-25;18;closure;0;;;https://t.me/DtOperativno/22916;"ЦОДД: Средняя скорость потока — 26 км/ч.  По данным ЦОДД, движение оценивается в 7 баллов.  Интенсивное движение сейчас на:  🔹 внешней стороне Садового кольца от улицы Крымский Вал до Сухаревской площади; 🔹 внешней стороне ТТК от Кутузовского проспекта до Волгоградского проспекта; 🔹 Ярославском шоссе по направлению в центр.  На движение влияют:  🔹 локальные ограничения движения; 🔹 ремонтные работы на дороге; 🔹 мелкие ДТП.  Будьте внимательны, стройте маршрут заранее.  За ситуацией на дороге круглосуточно следят Ситуационнный центр и экипажи Дорожного патруля ЦОДД."
22917;2025-09-25;19;closure;0;;;https://t.me/DtOperativno/22917;"ЦОДД: завтра в центре возможны локальные ограничения движения — рекомендуем использовать городской транспорт для поездок по городу  На дорожное движение завтра также могут повлиять:  🔹 короткий рабочий день; 🔹 мелкие ДТП; 🔹 ремонтные работы на дороге.    Будьте внимательны за рулем: соблюдайте скоростной режим и дистанцию, не отвлекайтесь на телефон во время движения. Планируйте свой маршрут заранее.  За ситуацией на дороге 24/7 следят Ситуационный центр и экипажи Дорожного патруля ЦОДД."
22921;2025-09-25;22;closure;0;;;https://t.me/DtOperativno/22921;"Движение временно закрыто:  🔹 на внешней стороне Садового кольца перед проспектом Мира; 🔹 на внутренней стороне перед улицей Новый Арбат; 🔹 на проспекте Мира в районе улицы Эйзенштейна по направлению в центр; 🔹 на Большом Каменном мосту; 🔹 на Кремлёвской набережной;…"
22923;2025-09-26;7;closure;0;;;https://t.me/DtOperativno/22923;"ЦОДД: сегодня короткий рабочий день — выезжайте до 16:00 или после 19:00  Сегодня в центре возможны локальные ограничения движения. Чтобы сэкономить время в пути для поездок по городу, используйте метро. Также на дорожное движение могут повлиять:  🔹 мелкие ДТП; 🔹 ремонтные работы на дороге.    Будьте внимательны за рулем. Планируйте свой маршрут заранее.  Ситуационный центр и экипажи Дорожного патруля ЦОДД 24/7 следят за движением в городе."
22924;2025-09-26;7;closure|mass_event;0;;;https://t.me/DtOperativno/22924;Доброе утро!  В последний рабочий день на этой неделе синоптики прогнозируют облачную погоду с прояснениями 🌤  В связи с коротким рабочим днём вечерний разъезд начнётся сегодня раньше — около 16:00. Рекомендуем выезжать до него или отложить поездку на более позднее время.  Напоминаем, что в субботу в связи с проведением Московского мотофестиваля будут временно закрыты внешняя сторона Садового кольца и ряд улиц в центре города. Заранее планируйте маршрут с учётом перекрытий.  Соблюдайте дистанцию, избегайте резких манёвров и не отвлекайтесь на телефон во время движения.  Желаем удачного пути и 
22926;2025-09-26;14;closure;0;;2025-09-27;https://t.me/DtOperativno/22926;ЦОДД: Напоминаем, что завтра будет временно закрыта внешняя сторона Садового кольца — выбирайте метро для поездок в центр города  27 сентября с 11:40 временно закроют движение на внешней стороне Садового кольца, улицах Косыгина, Большая Дорогомиловская, Смоленская, Бережковской набережной, на Бородинском мосту и съездах с него, а также на ряде центральных улиц. Движение восстановят по мере прохождения мотоколонны.  Обращаем внимание, что также будет временно закрыт подъезд к ряду объектов в районе Садового кольца. Нельзя будет подъехать к:  🔹 ЦПКиО им. М. Горького со стороны улицы Крымский Вал
22929;2025-09-26;17;closure|mass_event;0;;2025-09-27|2025-09-28;https://t.me/DtOperativno/22929;"ЦОДД: напоминаем, что в выходные будет закрыто движение для транспорта в районе Цветного бульвара в связи с проведением Московского детского велофестиваля  Движение закроют на Цветном бульваре от Садового кольца до Петровского бульвара в каждом направлении:  🔹 27 сентября с 00:01 до 20:00; 🔹 28 сентября с 08:00 до 22:00.  Обращаем внимание водителей, что на участках перекрытий временно будет запрещена парковка.   Будьте внимательны. Стройте маршрут с учетом временных ограничений. Подробнее — по ссылке."
22935;2025-09-27;8;closure|mass_event;0;;2025-09-27|2025-09-28;https://t.me/DtOperativno/22935;ЦОДД: сегодня, 27 сентября, закрыто движение на внешней стороне Садового кольца в связи с проведением Московского мотофестиваля — для поездок в центр используйте метро.  С 11:40 временно будет закрыто движение на:  🔹 Улицах Косыгина (в сторону Воробьевского шоссе), Большая Дорогомиловская и Смоленская.  🔹 Воробьевском шоссе.  🔹 Бережковской набережной.  🔹 Внешней стороне Садового кольца.  🔹 Бородинском мосту.  🔹 Съездах с Бородинского моста на набережную Тараса Шевченко.  Движение восстановят по мере прохождения мотоколонны.  Также движение закроют:  🔹 До 23:59 28 сентября на Университетской п
22938;2025-09-27;12;closure|mass_event;0;;2025-09-27;https://t.me/DtOperativno/22938;ЦОДД: 27 сентября в связи с проведением Московского мотофестиваля временно будет закрыта для движения транспорта внешняя сторона Садового кольца. Для поездок в центр используйте метро.  27 сентября с 11:40 временно закроют движение на:  🔹 Улицах Косыгина (в…
22939;2025-09-27;14;closure|mass_event;0;;2025-09-27;https://t.me/DtOperativno/22939;ЦОДД: 27 сентября в связи с проведением Московского мотофестиваля временно будет закрыта для движения транспорта внешняя сторона Садового кольца. Для поездок в центр используйте метро.  27 сентября с 11:40 временно закроют движение на:  🔹 Улицах Косыгина (в…
22940;2025-09-27;18;closure|mass_event;0;;2025-09-27|2025-09-28;https://t.me/DtOperativno/22940;ЦОДД: 27 и 28 сентября будет закрыто движение для транспорта в районе Цветного бульвара в связи с проведением Московского детского велофестиваля.  Движение закроют:  🔹 27 сентября с 00:01 до 20:00 и 28 сентября с 08:00 до 22:00 на Цветном бульваре от Садового…
22941;2025-09-27;21;closure|mass_event;0;;2025-09-27;https://t.me/DtOperativno/22941;ЦОДД: 27 сентября в связи с проведением Московского мотофестиваля временно будет закрыта для движения транспорта внешняя сторона Садового кольца. Для поездок в центр используйте метро.  27 сентября с 11:40 временно закроют движение на:  🔹 Улицах Косыгина (в…
22942;2025-09-28;18;closure|mass_event;0;;2025-09-27|2025-09-28;https://t.me/DtOperativno/22942;ЦОДД: 27 и 28 сентября будет закрыто движение для транспорта в районе Цветного бульвара в связи с проведением Московского детского велофестиваля.  Движение закроют:  🔹 27 сентября с 00:01 до 20:00 и 28 сентября с 08:00 до 22:00 на Цветном бульваре от Садового…
22964;2025-10-01;18;mass_event;0;;2025-10-05;https://t.me/DtOperativno/22964;4-5 октября меняются маршруты в Лужниках и на улице Косыгина.   Изменения — на время проведения полумарафона «Моя столица».
22966;2025-10-01;18;tram_route_change;1;7|50;2025-10-01;https://t.me/DtOperativno/22966;✅ С 1 октября после 23:00 восстанавливается движение трамваев до Белорусского вокзала и метро «Новослободская».   Трамваи 7 и 50 в это время снова будут ходить по своим обычным маршрутам.
22967;2025-10-01;18;tram_route_change;1;26;2025-10-01;https://t.me/DtOperativno/22967;✅ С 1 октября по будням после полуночи восстанавливается движение трамваев 3, 16, 26, 39, 47 по своему обычному графику.   Последние рейсы трамваев 3 и 47 пойдут по своим обычным маршрутам.
22972;2025-10-02;8;tram_route_change;1;;;https://t.me/DtOperativno/22972;На Волоколамском шоссе (в районе остановки «Покровское-Глебово»)  задерживаются трамваи № 6.  Маршрут временно измененён. Будьте внимательны, следите за объявлениями водителей.
22974;2025-10-02;9;tram_route_change;1;;;https://t.me/DtOperativno/22974;На Волоколамском шоссе (в районе остановки «Покровское-Глебово»)  задерживаются трамваи № 6.  Маршрут временно измененён. Будьте внимательны, следите за объявлениями водителей.
22979;2025-10-02;17;closure;0;;;https://t.me/DtOperativno/22979;❗️На ул. Годовикова  (в районе д. 3)  произошло ДТП. На месте работают оперативные службы города. Обстоятельства произошедшего и информация о пострадавших уточняются.  Движение в районе ДТП перекрыто. Пожалуйста, выбирайте пути объезда (через Широкий проезд или проспект Мира).
22980;2025-10-02;17;closure;0;;;https://t.me/DtOperativno/22980;❗️На ул. Годовикова  (в районе д. 3)  произошло ДТП. На месте работают оперативные службы города. Обстоятельства произошедшего и информация о пострадавших уточняются.  Движение в районе ДТП перекрыто. Пожалуйста, выбирайте пути объезда (через Широкий проезд…
22981;2025-10-02;18;closure;0;;;https://t.me/DtOperativno/22981;❗️На ул. Годовикова  (в районе д. 3)  произошло ДТП. На месте работают оперативные службы города. Обстоятельства произошедшего и информация о пострадавших уточняются.  Движение в районе ДТП перекрыто. Пожалуйста, выбирайте пути объезда (через Широкий проезд…
22983;2025-10-02;19;closure;0;;;https://t.me/DtOperativno/22983;❗️На ул. Годовикова  (в районе д. 3)  произошло ДТП. На месте работают оперативные службы города. Обстоятельства произошедшего и информация о пострадавших уточняются.  Движение в районе ДТП перекрыто. Пожалуйста, выбирайте пути объезда (через Широкий проезд…
22988;2025-10-03;7;closure|mass_event;0;;;https://t.me/DtOperativno/22988;Доброе утро!  Сегодня в городе ожидается облачная погода, местами возможен небольшой дождь 🌦  В связи с коротким рабочим днем вечерний разъезд начнется сегодня раньше — около 16:00. Рекомендуем выезжать до него или отложить поездку на более позднее время.   Напоминаем, что в выходные будет временно закрыто движение для транспорта в центре в связи с проведением полумарафона «Моя столица». Рекомендуем планировать маршрут заранее.   Будьте внимательны за рулем. Соблюдайте скоростной режим и дистанцию.  Удачной дороги 💚
22991;2025-10-03;13;closure;0;;2025-09-30|2025-10-06;https://t.me/DtOperativno/22991;"ЦОДД: с 6 октября 2025 г. до 30 сентября 2028 г. будет закрыто движение на участках проспекта Лихачева и Зубовского бульвара в связи со строительными работами  Движение будет закрыто:  🔹 на проспекте Лихачева от Проектируемого проезда № 1223А до улицы Архитектора Щусева; 🔹 на Зиловском бульваре от проспекта Лихачева до д. 23, стр. 120 по Автозаводской улице.  Также в этот период будет:  🔹 частично закрыта одна полоса на улице Архитектора Леонидова в районе д. 1 по бульвару Братьев Весниных; 🔹 закрыта одна полоса и запрещена парковка на Зиловском бульваре в районе д. 23, стр. 120 по Автозаводск"
23004;2025-10-03;18;closure|mass_event;0;;2025-10-04|2025-10-05;https://t.me/DtOperativno/23004;ЦОДД: напоминаем, что в выходные, 4 и 5 октября, будет временно закрыто движение для транспорта в центре в связи с проведением полумарафона «Моя столица»  Движение будет временно закрыто:  🔹 До 22:00 5 октября на Университетской площади. 🔹 4 октября с 08:00 до 16:00 на улице Косыгина и Мичуринском проспекте.  🔹 5 октября с 09:00 до 16:00 на проспекте Вернадского и мосту Лужники. 🔹 5 октября с 09:30 до 13:00 на съезде с моста Лужники, на улице Хамовнический Вал, Фрунзенской и Лужнецкой набережных.  Также на участках ограничений будет запрещена парковка.  Будьте внимательны и планируйте маршрут 
23005;2025-10-04;7;closure|mass_event;0;;2025-10-05;https://t.me/DtOperativno/23005;ЦОДД: сегодня и завтра временно закрыто движение для транспорта в центре в связи с проведением полумарафона «Моя столица»  Движение будет временно закрыто:  🔹 сегодня с 08:00 до 16:00 на улице Косыгина и Мичуринском проспекте.  🔹 5 октября с 09:00 до 16:00 на проспекте Вернадского и мосту Лужники. 🔹 5 октября с 09:30 до 13:00 на съезде с моста Лужники, на улице Хамовнический Вал, Фрунзенской и Лужнецкой набережных. 🔹 До 22:00 5 октября на Университетской площади.  Также на участках ограничений запрещена парковка.  Планируйте маршрут заранее с учетом временных ограничений. Подробности — на сайт
23007;2025-10-04;10;tram_route_change;1;7;2025-10-04;https://t.me/DtOperativno/23007;✅ С 4 октября по выходным восстановлено движение трамваев между Богородским и метро «Бульвар Рокоссовского».   Трамваи 4, 7, 46 в эти дни снова ходят по своим обычным маршрутам.   Временный маршрут автобуса 04 больше не работает.
23008;2025-10-04;10;closure;0;;2025-10-09|2025-10-10|2025-10-11;https://t.me/DtOperativno/23008;В период с 9 до 11 октября в зависимости от времени будут временно закрыты для движения (не более 10 минут) участки местных проездов между СНТ «Геолог», деревней Зыбино и кварталом № 166 в районе Вороново. Это связано с проведением киносъёмок.  Также краткосрочное перекрытие будет на участке местного проезда между кварталами № 293 и № 282 в районе Вороново.   Подробнее – на инфографике👆
23009;2025-10-04;13;closure|mass_event;0;;2025-10-05;https://t.me/DtOperativno/23009;ЦОДД: сегодня и завтра временно закрыто движение для транспорта в центре в связи с проведением полумарафона «Моя столица»  Движение будет временно закрыто:  🔹 сегодня с 08:00 до 16:00 на улице Косыгина и Мичуринском проспекте.  🔹 5 октября с 09:00 до 16:00…
23014;2025-10-05;7;closure|mass_event;0;;;https://t.me/DtOperativno/23014;ЦОДД: напоминаем, что сегодня закрыто движение для транспорта в центре в связи с проведением полумарафона «Моя столица»  Движение будет временно закрыто:  🔹 С 09:00 до 16:00 на проспекте Вернадского и мосту Лужники. 🔹 С 09:30 до 13:00 на съезде с моста Лужники, на улице Хамовнический Вал, Фрунзенской и Лужнецкой набережных. 🔹 До 22:00 на Университетской площади.  Обращаем внимание, что на участках ограничений запрещена парковка.  Планируйте маршрут заранее с учетом временных ограничений. Подробности — на сайте.
23016;2025-10-05;13;closure|mass_event;0;;;https://t.me/DtOperativno/23016;ЦОДД: напоминаем, что сегодня закрыто движение для транспорта в центре в связи с проведением полумарафона «Моя столица»  Движение будет временно закрыто:  🔹 С 09:00 до 16:00 на проспекте Вернадского и мосту Лужники. 🔹 С 09:30 до 13:00 на съезде с моста Лужники…
23017;2025-10-05;14;closure|mass_event;0;;;https://t.me/DtOperativno/23017;ЦОДД: напоминаем, что сегодня закрыто движение для транспорта в центре в связи с проведением полумарафона «Моя столица»  Движение будет временно закрыто:  🔹 С 09:00 до 16:00 на проспекте Вернадского и мосту Лужники. 🔹 С 09:30 до 13:00 на съезде с моста Лужники…
23022;2025-10-05;23;closure|mass_event;0;;;https://t.me/DtOperativno/23022;ЦОДД: напоминаем, что сегодня закрыто движение для транспорта в центре в связи с проведением полумарафона «Моя столица»  Движение будет временно закрыто:  🔹 С 09:00 до 16:00 на проспекте Вернадского и мосту Лужники. 🔹 С 09:30 до 13:00 на съезде с моста Лужники…
23028;2025-10-06;19;tram_route_change;1;17;;https://t.me/DtOperativno/23028;На Полярной улице (в районе остановки «Культурно-досуговый центр») из-за ДТП на путях задерживаются трамваи № 17.  Маршрут временно изменён. Будьте внимательны, следите за объявлениями водителей.
23029;2025-10-06;19;tram_route_change;1;;;https://t.me/DtOperativno/23029;На Покровском бульваре (в районе остановки «Воронцово Поле») задерживаются трамваи № А, 3, 39 и 90.  Маршруты временно изменены. Будьте внимательны, следите за объявлениями водителей.
23030;2025-10-06;20;tram_route_change;1;;;https://t.me/DtOperativno/23030;На Покровском бульваре (в районе остановки «Воронцово Поле») задерживаются трамваи № А, 3, 39 и 90.  Маршруты временно изменены. Будьте внимательны, следите за объявлениями водителей.
23031;2025-10-06;20;tram_route_change;1;17;;https://t.me/DtOperativno/23031;На Полярной улице (в районе остановки «Культурно-досуговый центр») из-за ДТП на путях задерживаются трамваи № 17.  Маршрут временно изменён. Будьте внимательны, следите за объявлениями водителей.
23042;2025-10-07;19;closure;0;;;https://t.me/DtOperativno/23042;"ЦОДД: Средняя скорость движения потока — 29 км/ч.  Движение оценивается в 7 баллов по данным ЦОДД.  Интенсивное движение сейчас наблюдаем:  🔹 в оба направления на ТТК в районе Лужнецкой эстакады; 🔹 на Ленинградском шоссе по направлению в область; 🔹 на внутренней стороне ТТК в районе улицы Новая Башиловка.  Движение временно закрыто на съездах на внешнюю сторону МКАД с:  🔹 улицы Озерная; 🔹 улицы Рябиновая; 🔹 Боровского шоссе.  На движение влияют:  🔹 локальные ограничения движения; 🔹 ремонтные работы на дороге; 🔹 мелкие ДТП.  За ситуацией на дороге 24/7 следят Ситуационный центр и экипажи Дорожн"
23047;2025-10-08;15;tram_route_change;1;;;https://t.me/DtOperativno/23047;❗️На Волоколамском шоссе задерживаются трамваи № 6.  Маршрут временно изменён. Будьте внимательны, следите за объявлениями водителей.
23048;2025-10-08;16;tram_route_change;1;;;https://t.me/DtOperativno/23048;❗️На Волоколамском шоссе задерживаются трамваи № 6.  Маршрут временно изменён. Будьте внимательны, следите за объявлениями водителей.
23049;2025-10-08;16;tram_route_change;1;;;https://t.me/DtOperativno/23049;❗️На Волоколамском шоссе задерживаются трамваи № 6.  Маршрут временно изменён. Будьте внимательны, следите за объявлениями водителей.
23050;2025-10-08;20;tram_works|tram_route_change;1;11|12;;https://t.me/DtOperativno/23050;❗️На Первомайской улице (в районе остановки «3-я Парковая улица») по техническим причинам задерживаются трамваи № 11 и 12.  Маршруты временно изменены. Вместо трамваев работают автобусы. Будьте внимательны, следите за объявлениями водителей.
23051;2025-10-08;20;tram_works|tram_route_change;1;;2025-10-09;https://t.me/DtOperativno/23051;⚠️ В ночь с 8 на 9 октября с 21:00 до 6:00 трамваи не будут ходить по Волоколамскому шоссе через канал им. Москвы.   Маршрут трамвая 6 в это время работать не будет.   Трамваи будут ходить по укороченному маршруту 6к от остановки «Братцево» через метро «Сходненская» до Восточного моста.   Вместо трамваев – автобус 06 от метро «Сокол» (Гидропроект) до остановки «Братцево».   От метро «Сокол» по Волоколамскому шоссе пользуйтесь автобусами 06, е30, е30к, т70, 88, 356, н12.   Изменения – на время ремонтных работ.
23052;2025-10-08;21;tram_works|tram_route_change;1;11|12;;https://t.me/DtOperativno/23052;❗️На Первомайской улице (в районе остановки «3-я Парковая улица») по техническим причинам задерживаются трамваи № 11 и 12.  Маршруты временно изменены. Вместо трамваев работают автобусы. Будьте внимательны, следите за объявлениями водителей.
23067;2025-10-09;18;tram_works|tram_route_change;1;;2025-10-10;https://t.me/DtOperativno/23067;⚠️ В ночь с 9 на 10 октября с 23:00 до 5:00 трамваи не будут ходить по Волоколамскому шоссе через канал им. Москвы.   Маршрут трамвая 6 в это время работать не будет.   Трамваи будут ходить по укороченному маршруту 6к от остановки «Братцево» через метро «Сходненская» до Восточного моста.   Вместо трамваев – автобус 06 от метро «Сокол» (Гидропроект) до остановки «Братцево».   От метро «Сокол» по Волоколамскому шоссе пользуйтесь автобусами 06, е30, е30к, т70, 88, 356, н12.   Изменения – на время ремонтных работ.
23081;2025-10-10;10;closure;0;;2025-09-05|2025-10-15;https://t.me/DtOperativno/23081;С 15 октября 2025 г. до 5 сентября 2026 г. участок Колымажного переулка будет закрыт для проезда. Это связано с проведением работ по реконструкции зданий.  Рекомендуем заранее планировать маршрут с учётом перекрытия.  Подробнее – на инфографике👆
23088;2025-10-10;16;tram_works|tram_route_change;1;;2025-10-11;https://t.me/DtOperativno/23088;⚠️ В ночь с 10 на 11 октября с 23:00 до 5:00 трамваи не будут ходить по Волоколамскому шоссе через канал им. Москвы.   Маршрут трамвая 6 в это время работать не будет.   Трамваи будут ходить по укороченному маршруту 6к от остановки «Братцево» через метро «Сходненская» до Восточного моста.   Вместо трамваев – автобус 06 от метро «Сокол» (Гидропроект) до остановки «Братцево».   От метро «Сокол» по Волоколамскому шоссе пользуйтесь автобусами 06, е30, е30к, т70, 88, 356, н12.   Изменения – на время ремонтных работ.
23142;2025-10-15;12;closure;0;;;https://t.me/DtOperativno/23142;"Движение временно закрыто:  🔹 на Ленинском проспекте; 🔹 на Боровицкой площади; 🔹 на Кремлевской набережной; 🔹 на внутренней стороне МКАД в районе Киевского шоссе.   Будьте внимательны при построении маршрута."
23143;2025-10-15;12;closure;0;;;https://t.me/DtOperativno/23143;"Движение временно закрыто:  🔹 на Ленинском проспекте; 🔹 на Боровицкой площади; 🔹 на Кремлевской набережной; 🔹 на внутренней стороне МКАД в районе Киевского шоссе.   Будьте внимательны при построении маршрута."
23144;2025-10-15;12;closure;0;;;https://t.me/DtOperativno/23144;"Движение временно закрыто:  🔹 на Ленинском проспекте; 🔹 на Боровицкой площади; 🔹 на Кремлевской набережной; 🔹 на внутренней стороне МКАД в районе Киевского шоссе.   Будьте внимательны при построении маршрута."
23145;2025-10-15;13;closure;0;;;https://t.me/DtOperativno/23145;"Движение временно закрыто:  🔹 на Ленинском проспекте; 🔹 на Боровицкой площади; 🔹 на Кремлевской набережной; 🔹 на внутренней стороне МКАД в районе Киевского шоссе.   Будьте внимательны при построении маршрута."
23146;2025-10-15;14;closure;0;;;https://t.me/DtOperativno/23146;"1️⃣1️⃣2️⃣3️⃣4️⃣5️⃣6️⃣7️⃣ На дорогах — 5 баллов по данным ЦОДД. Для поездок в центр сегодня используйте метро  Интенсивное движение сейчас на:  🔹 внешней стороне ТТК в районе Киевского путепровода; 🔹 внешней стороне МКАД в районе Ленинградского шоссе; 🔹 внешней стороне Садового кольца в районе улицы Садовая-Спасская.  В часы вечернего разъезда ожидаем локальные затруднения движения на:  🔹 внутренней стороне ТТК в районе улицы Беговая; 🔹 внешней стороне Садового кольца в районе Самотечной эстакады; 🔹 ТТК в районе Тульской эстакады в оба направления.  В вечерний разъезд рекомендуем использовать м"
23148;2025-10-15;18;closure;0;;;https://t.me/DtOperativno/23148;"ЦОДД: Средняя скорость потока — 27 км/ч.  По данным ЦОДД, движение оценивается в 7 баллов.  Интенсивное движение сейчас:  🔹 на Ленинградском шоссе по направлению в область; 🔹 на Москворецкой набережной в обе стороны; 🔹 на ТТК в районе Бегового тоннеля.  Движение временно закрыто:  🔹 на улице Земляной Вал; 🔹 в Китайгородском проезде.  На движение влияют:  🔹 локальные ограничения движения; 🔹 снижение скорости из-за погоды; 🔹 ремонтные работы на дороге; 🔹 мелкие ДТП.  За ситуацией на дороге круглосуточно следят Ситуационный центр и экипажи Дорожного патруля ЦОДД."
23152;2025-10-15;20;tram_route_change;1;;;https://t.me/DtOperativno/23152;В 3-м Крутицком переулке (в районе остановки «Динамовская улица») из-за ДТП на путях задерживаются трамваи № А и 38.  Маршруты временно изменены. Будьте внимательны, следите за объявлениями водителей.
23155;2025-10-15;20;tram_route_change;1;;;https://t.me/DtOperativno/23155;В 3-м Крутицком переулке (в районе остановки «Динамовская улица») из-за ДТП на путях задерживаются трамваи № А и 38.  Маршруты временно изменены. Будьте внимательны, следите за объявлениями водителей.
23160;2025-10-16;14;closure;0;;;https://t.me/DtOperativno/23160;Движение временно закрыто:  🔹 на Боровицкой площади.  Объезд возможен через Садовое кольцо.   Будьте внимательны. Стройте маршрут заранее.
23161;2025-10-16;15;closure;0;;;https://t.me/DtOperativno/23161;Движение временно закрыто:  🔹 на Боровицкой площади.  Объезд возможен через Садовое кольцо.   Будьте внимательны. Стройте маршрут заранее.
23163;2025-10-16;15;closure;0;;2025-10-20;https://t.me/DtOperativno/23163;20 октября с 06:00 до 23:59 будет закрыт для движения проезд между чётной и нечётной сторонами Главной улицы. Это связано с проведением киносъёмок.  Также 20 октября в период с 06:00 до 23:59 будут временно закрыты участки Главной улицы (не более 5 минут).   Подробнее – на инфографике👆
23176;2025-10-17;11;closure;0;;2025-10-20|2025-12-31;https://t.me/DtOperativno/23176;С 20 октября до 31 декабря будут закрыты для движения участки съездов на пересечении улицы Подольских Курсантов и МСД (в направлении области), а также местный проезд в районе владения 13 по улице Подольских Курсантов. Это связано с проведением строительных работ.  Рекомендуем заранее планировать маршрут с учётом перекрытий.    Также с 20 октября до 31 декабря в зависимости от времени на участках улиц Подольских Курсантов и 2-й Покровской, а также МСД будет недоступна для движения 1 полоса.   Подробнее – на инфографике 👆
23181;2025-10-17;12;closure;0;;2025-03-19|2025-10-23|2025-11-10;https://t.me/DtOperativno/23181;С 23 октября 2025 г. до 19 марта 2026 г. в период с 01:30 до 05:00 участок дублёра проспекта Вернадского будет закрыт для проезда. Это связано с проведением ремонтных работ.   Рекомендуем заранее планировать маршрут с учётом перекрытий.   Также в период с 23 октября 2025 г. до 10 ноября 2026 г. на участках улицы Косыгина и проспекта Вернадского будут недоступны для движения 1-4 полосы.  Подробнее – на инфографике 👆
23184;2025-10-17;14;tram_route_change;1;;;https://t.me/DtOperativno/23184;В 3-м Крутицком переулке (в районе остановки «Метро Пролетарская») по техническим причинам задерживаются трамваи № А, 12, 38 и 43.  Маршруты временно изменены. Будьте внимательны, следите за объявлениями водителей.
23185;2025-10-17;14;tram_route_change;1;;;https://t.me/DtOperativno/23185;В 3-м Крутицком переулке (в районе остановки «Метро Пролетарская») по техническим причинам задерживаются трамваи № А, 12, 38 и 43.  Маршруты временно изменены. Будьте внимательны, следите за объявлениями водителей.
23198;2025-10-17;19;closure;0;;;https://t.me/DtOperativno/23198;"Движение временно закрыто:  🔹 на Пушкинской площади; 🔹 на Тверской улице по направлению в центр.  Будьте внимательны."
23199;2025-10-17;19;closure;0;;;https://t.me/DtOperativno/23199;Движение временно закрыто:  🔹 на Кремлевской набережной.   Будьте внимательны.
23202;2025-10-17;21;tram_route_change;1;;;https://t.me/DtOperativno/23202;В Дмитровском проезде (в районе остановки «Метро Дмитровская») из-за ДТП двух автомобилей на путях задерживаются трамваи № 27 и 29.  Маршруты временно изменены. Будьте внимательны, следите за объявлениями водителей.
23203;2025-10-17;21;tram_route_change;1;;;https://t.me/DtOperativno/23203;В Дмитровском проезде (в районе остановки «Метро Дмитровская») из-за ДТП двух автомобилей на путях задерживаются трамваи № 27 и 29.  Маршруты временно изменены. Будьте внимательны, следите за объявлениями водителей.
23211;2025-10-20;14;mass_event;0;;;https://t.me/DtOperativno/23211;В начале октября на севере Москвы изменилась схема движения — проезд по Фестивальной улице стал удобнее для водителей авто   Ранее с Ленинградского шоссе автомобилисты могли проехать по Фестивальной улице только до торгового дома «Интер-Север». Дальше движение было разрешено только для автобусов — водителям приходилось разворачиваться и снова выезжать на Ленинградское шоссе. Чтобы попасть к домам на Смольной и Фестивальной улицах, нужно было делать крюк почти в 2 км.  По проекту ЦОДД, за счёт переразметки на участке Фестивальной улицы от торгового дома «Интер-Север» до улицы Смольная добавили 
23212;2025-10-20;15;tram_route_change;1;;;https://t.me/DtOperativno/23212;На улице Госпитальный Вал (в районе остановки «Ухтомская улица») из-за пассажира, мешающего отправлению, задерживаются трамваи № 32 и 46.  Маршруты временно изменены. Будьте внимательны, следите за объявлениями водителей.
23213;2025-10-20;16;tram_route_change;1;;;https://t.me/DtOperativno/23213;На улице Госпитальный Вал (в районе остановки «Ухтомская улица») из-за пассажира, мешающего отправлению, задерживаются трамваи № 32 и 46.  Маршруты временно изменены. Будьте внимательны, следите за объявлениями водителей.
23219;2025-10-21;12;closure;0;;;https://t.me/DtOperativno/23219;"Движение временно закрыто:  🔹 на улице 1905 года от Мантулинской улицы до Краснопресненской набережной; 🔹 на Можайском шоссе в районе пересечения с Аминьевским шоссе.   Будьте внимательны при построении маршрута."
23220;2025-10-21;12;closure;0;;;https://t.me/DtOperativno/23220;"Движение временно закрыто:  🔹 на улице 1905 года от Мантулинской улицы до Краснопресненской набережной; 🔹 на Можайском шоссе в районе пересечения с Аминьевским шоссе.   Будьте внимательны при построении маршрута."
23246;2025-10-23;17;closure;0;;;https://t.me/DtOperativno/23246;Движение временно закрыто:  🔹на Большом Каменном мосту.   Будьте внимательны при построении маршрута.
23248;2025-10-23;18;closure;0;;;https://t.me/DtOperativno/23248;Движение временно закрыто:  🔹на Большом Каменном мосту.   Будьте внимательны при построении маршрута.
23251;2025-10-23;18;closure;0;;;https://t.me/DtOperativno/23251;Движение временно закрыто:  🔹на съезде с Кремлевской набережной на Боровицкую площадь.
23253;2025-10-23;18;closure;0;;;https://t.me/DtOperativno/23253;"ЦОДД: Средняя скорость потока — 24 км/ч.  По данным ЦОДД, движение оценивается в 6 баллов.  Интенсивное движение сейчас:  🔹 на Можайском шоссе в направлении центра; 🔹 на внутренней стороне ТТК; 🔹 на Киевском путепроводе; 🔹 на Боровицкой площади; 🔹 на дублере Рублевского шоссе в направлении области.  Движение временно закрыто:  🔹на Большом Каменном мосту; 🔹на съезде с Кремлевской набережной на Боровицкую площадь; 🔹на Рублевском шоссе; 🔹на Осенней улице.  На движение влияют:  🔹 локальные ограничения движения; 🔹 ремонтные работы на дороге; 🔹 мелкие ДТП.  За ситуацией на дороге круглосуточно следя"
23254;2025-10-23;19;closure;0;;;https://t.me/DtOperativno/23254;"Также движение временно закрыто:  🔹на Рублевском шоссе; 🔹на Осенней улице."
23261;2025-10-24;13;closure;0;;2025-10-29;https://t.me/DtOperativno/23261;С 29 октября изменится схема проезда на внутренней стороне 78-го км МКАД с прилегающей территории для улучшения условий движения по магистрали  МКАД является одной из самых интенсивных магистралей города. Небольшие съезды на прилегающие территории могут замедлять движение основного хода: часть машин притормаживает на съезд для поворота, тем самым замедляя скорость потока.  Для улучшения условий движения:   🔹 Съезд в районе дома 2, корпус 4 на внутренней стороне МКАД в районе 78-го км закроют.  🔹 Въезд с прилегающей территории сохранится.   Водители смогут попасть к объектам через съезд чуть да
23270;2025-10-24;18;closure;0;;2025-09-08|2025-10-27;https://t.me/DtOperativno/23270;С 27 октября 2025 г. до 8 сентября 2026 г. будут закрыты для движения съезд с Открытого шоссе на МСД (СВХ) и участок местного проезда в районе владения 9, строение 1 по Открытому шоссе. Это связано с проведением строительных работ.  Рекомендуем заранее планировать маршрут с учётом перекрытий.  В этот же период на участках МСД (СВХ), 6-го проезда Подбельского и местного проезда в районе дома 14Г, строение 1 по Открытому шоссе будут недоступны для движения 1-2 полосы.   Подробнее – на инфографике👆
23272;2025-10-25;23;weather_alert;0;;;https://t.me/DtOperativno/23272;"ЦОДД: До утра в Москве прогнозируют ливень и сильный ветер — соблюдайте скоростной режим и дистанцию   По прогнозам синоптиков, до завтрашнего утра в Москве ожидаются сильный дождь и ветер до 15 м/с.  Рекомендуем водителям:  🔹 Избегать резких маневров; 🔹 Не отвлекаться на телефон во время движения; 🔹 Не парковать авто и не стоять самим вблизи шатких конструкций; 🔹 Быть особенно аккуратным на подъемах и спусках с мостов и эстакад.  За ситуацией на дороге круглосуточно следят Ситуационный центр и экипажи Дорожного патруля ЦОДД."
23287;2025-10-28;14;tram_route_change;1;7;;https://t.me/DtOperativno/23287;В Погонном проезде (в районе остановки «Погонный проезд») из-за ДТП на путях задерживаются трамваи № 4, 7 и 46. Маршруты временно изменены. Будьте внимательны, следите за объявлениями водителей.
23290;2025-10-28;15;tram_route_change;1;7;;https://t.me/DtOperativno/23290;В Погонном проезде (в районе остановки «Погонный проезд») из-за ДТП на путях задерживаются трамваи № 4, 7 и 46. Маршруты временно изменены. Будьте внимательны, следите за объявлениями водителей.
23293;2025-10-28;17;tram_works;1;7|50;2025-10-28;https://t.me/DtOperativno/23293;⚠️ С 28 октября после 22:00 трамваи не будут ходить до Белорусского вокзала и метро «Новослободская».   В это время трамваи 7 и 50 поедут только до Каланчёвской улицы.   Пользуйтесь метро и электробусом 604.   Изменения – на время работ в Протопоповском переулке.
23297;2025-10-29;11;closure;0;;;https://t.me/DtOperativno/23297;"Движение временно закрыто:  🔹 на внутренней стороне Садового кольца перед Новоарбатским тоннелем; 🔹 на внутренней стороне Садового кольца перед проспектом Мира.  Будьте внимательны при построении маршрута."
23298;2025-10-29;11;closure;0;;;https://t.me/DtOperativno/23298;"Движение временно закрыто:  🔹 на внутренней стороне Садового кольца перед Новоарбатским тоннелем; 🔹 на внутренней стороне Садового кольца перед проспектом Мира.  Будьте внимательны при построении маршрута."
23299;2025-10-29;11;closure;0;;;https://t.me/DtOperativno/23299;"Движение временно закрыто:  🔹 на внутренней стороне Садового кольца перед Новоарбатским тоннелем; 🔹 на внутренней стороне Садового кольца перед проспектом Мира.  Будьте внимательны при построении маршрута."
23300;2025-10-29;12;closure;0;;;https://t.me/DtOperativno/23300;"Движение временно закрыто:  🔹 на внутренней стороне Садового кольца перед Новоарбатским тоннелем; 🔹 на внутренней стороне Садового кольца перед проспектом Мира.  Будьте внимательны при построении маршрута."
23301;2025-10-29;12;closure;0;;;https://t.me/DtOperativno/23301;"Движение временно закрыто:  🔹 на внутренней стороне Садового кольца перед Новоарбатским тоннелем; 🔹 на внутренней стороне Садового кольца перед проспектом Мира.  Будьте внимательны при построении маршрута."
23302;2025-10-29;12;closure;0;;;https://t.me/DtOperativno/23302;"Движение временно закрыто:  🔹 на внутренней стороне Садового кольца перед Новоарбатским тоннелем; 🔹 на внутренней стороне Садового кольца перед проспектом Мира.  Будьте внимательны при построении маршрута."
23303;2025-10-29;12;closure;0;;;https://t.me/DtOperativno/23303;"Движение временно закрыто:  🔹 на внутренней стороне Садового кольца перед Новоарбатским тоннелем; 🔹 на внутренней стороне Садового кольца перед проспектом Мира.  Будьте внимательны при построении маршрута."
23304;2025-10-29;13;closure;0;;;https://t.me/DtOperativno/23304;"Движение временно закрыто:  🔹 на внутренней стороне Садового кольца перед Новоарбатским тоннелем; 🔹 на внутренней стороне Садового кольца перед проспектом Мира.  Будьте внимательны при построении маршрута."
23305;2025-10-29;14;closure;0;;;https://t.me/DtOperativno/23305;"Движение временно закрыто:  🔹 на внутренней стороне Садового кольца перед Новоарбатским тоннелем; 🔹 на внутренней стороне Садового кольца перед проспектом Мира.  Будьте внимательны при построении маршрута."
23306;2025-10-29;15;closure;0;;2025-10-30;https://t.me/DtOperativno/23306;С 30 октября изменится схема проезда на внутренней стороне 92-го км МКАД с прилегающей территории для улучшения условий движения по магистрали  На МКАД, высокоскоростной магистрали столицы с интенсивным трафиком, съезды к придорожным объектам создают дополнительные точки напряжения: автомобилисты вынуждены притормаживать, что может вызвать волну заторов в основном потоке. Для повышения пропускной способности магистрали и обеспечения плавности движения:  🔹 Съезд в районе владения 1 на внутренней стороне МКАД в районе 92-го км закроют.  🔹 Выезд с прилегающей территории сохранится.   Водители смо
23307;2025-10-29;15;closure;0;;;https://t.me/DtOperativno/23307;"Движение временно закрыто:  🔹 на внутренней стороне Садового кольца перед Новоарбатским тоннелем; 🔹 на внутренней стороне Садового кольца перед проспектом Мира.  Будьте внимательны при построении маршрута."
23308;2025-10-29;15;closure;0;;;https://t.me/DtOperativno/23308;"Движение временно закрыто:  🔹 на внутренней стороне Садового кольца перед Новоарбатским тоннелем; 🔹 на внутренней стороне Садового кольца перед проспектом Мира.  Будьте внимательны при построении маршрута."
23309;2025-10-29;15;closure;0;;;https://t.me/DtOperativno/23309;"ЦОДД: Средняя скорость потока — 29 км/ч.  По данным ЦОДД, движение оценивается в 6 баллов.  Интенсивное движение сейчас:  🔹 на Бульварном кольце в районе Сретенского бульвара; 🔹 на Садовом кольце в районе Сухаревской площади; 🔹 на ТТК в районе Звенигородского шоссе.  На движение влияют:  🔹 локальные ограничения движения; 🔹 ремонтные работы на дороге; 🔹 мелкие ДТП.  За ситуацией на дороге круглосуточно следят Ситуационный центр и экипажи Дорожного патруля ЦОДД."
23311;2025-10-29;16;tram_route_change;1;50;;https://t.me/DtOperativno/23311;На Красноказарменной улице (в районе остановки «Лефортовский мост») по техническим причинам задерживаются трамваи № 32, 37 и 50.  Маршруты временно изменены. Будьте внимательны, следите за объявлениями водителей.
23312;2025-10-29;16;tram_route_change;1;50;;https://t.me/DtOperativno/23312;На Красноказарменной улице (в районе остановки «Лефортовский мост») по техническим причинам задерживаются трамваи № 32, 37 и 50.  Маршруты временно изменены. Будьте внимательны, следите за объявлениями водителей.
23313;2025-10-29;17;tram_works|tram_route_change;1;;2025-11-01;https://t.me/DtOperativno/23313;⚠️ Трамваи в Нагатино не будут ходить по выходным, а также в субботу, 1 ноября.   В эти дни трамваи поедут по изменённым маршрутам:  🔹47 – от метро «Октябрьская» через метро «Нагатинская» до Нижних Котлов   🔹49 – работать не будет   Вместо трамваев – автобус 049 от метро «Нагатинская» в Нагатино.   Остановки автобуса у метро «Коломенская» будут расположены:   🔹В сторону остановки «Нагатино» – на трамвайной платформе на Судостроительной улице (выход из метро 1)   🔹В сторону метро «Нагатинская» – на проспекте Андропова (выходы из метро 5 и 6)   Изменения – на время ремонта трамвайных путей на На
23333;2025-10-30;18;closure;0;;;https://t.me/DtOperativno/23333;Движение временно закрыто:  🔹 на внутренней стороне МКАД на 73 км в районе пересечения с Новокуркинским шоссе.
23334;2025-10-30;18;closure;0;;;https://t.me/DtOperativno/23334;Движение временно закрыто:  🔹 на внутренней стороне МКАД в районе пересечения с проспектом Маршала Жукова.
23336;2025-10-30;18;closure;0;;;https://t.me/DtOperativno/23336;Движение временно закрыто:  🔹 на Можайском шоссе в районе дома 2 в направлении проспекта Багратиона.
23346;2025-10-31;8;weather_alert;0;;;https://t.me/DtOperativno/23346;"ЦОДД: Сегодня в Москве прогнозируют сильный дождь — будьте аккуратны и бдительны за рулем  По прогнозам синоптиков, сегодня до вечера в городе будет идти дождь, местами сильный.  Советуем водителям:  🔹 Соблюдать скоростной режим и дистанцию; 🔹 Не парковать машины вблизи деревьев и шатких конструкций; 🔹 Не отвлекаться на телефон во время движения; 🔹 Быть особенно внимательными на подъемах и спусках с мостов и эстакад.  За ситуацией на дороге 24/7 следят Ситуационный центр и экипажи Дорожного патруля ЦОДД.  Если увидите сломанный знак/светофор, звоните с мобильного по номеру 3210."
23368;2025-11-01;10;closure;0;;2025-11-03;https://t.me/DtOperativno/23368;3 ноября с 10:00 до 18:00 участок Подколокольного переулка будет закрыт для проезда. Это связано с проведением ремонтных работ.  Рекомендуем заранее планировать маршрут с учётом перекрытия.  Подробнее – на инфографике👆
23384;2025-11-01;22;tram_route_change;1;7|50;;https://t.me/DtOperativno/23384;На улице Дурова задерживаются трамваи № 7 и 50.  Маршруты временно изменены. Будьте внимательны, следите за объявлениями водителей.
23385;2025-11-01;22;tram_route_change;1;7|50;;https://t.me/DtOperativno/23385;На улице Дурова задерживаются трамваи № 7 и 50.  Маршруты временно изменены. Будьте внимательны, следите за объявлениями водителей.
23386;2025-11-01;22;tram_route_change;1;7|50;;https://t.me/DtOperativno/23386;На улице Дурова задерживаются трамваи № 7 и 50.  Маршруты временно изменены. Будьте внимательны, следите за объявлениями водителей.
23390;2025-11-02;15;tram_route_change;1;;;https://t.me/DtOperativno/23390;На проспекте Академика Сахарова (в районе остановки «ЛУКОЙЛ Москва») из-за ДТП на путях задерживаются трамваи № 90.  Маршрут временно изменен. Будьте внимательны, следите за объявлениями водителей.
23391;2025-11-02;16;tram_route_change;1;;;https://t.me/DtOperativno/23391;На проспекте Академика Сахарова (в районе остановки «ЛУКОЙЛ Москва») из-за ДТП на путях задерживаются трамваи № 90.  Маршрут временно изменен. Будьте внимательны, следите за объявлениями водителей.
23402;2025-11-04;15;closure;0;;;https://t.me/DtOperativno/23402;Движение временно закрыто:  🔹 на внутренней стороне МКАД в районе Ленинского проспекта.  Будьте внимательны.
23403;2025-11-04;15;closure;0;;;https://t.me/DtOperativno/23403;Движение временно закрыто:  🔹 на внутренней стороне МКАД в районе Ленинского проспекта.  Будьте внимательны.
23411;2025-11-05;15;closure;0;;2025-11-13;https://t.me/DtOperativno/23411;Впереди важные изменения на Ленинградском вокзале — начинаем ремонт распределительной площадки и платформ.   ❗️С 13 ноября изменится схема прохода к поездам и выхода в город для прибывающих пассажиров. Вход в метро на месте распределительной площадки будет временно закрыт.   На период работ для выхода на платформы дальнего следования установим два павильона — со стороны проезда Комсомольской Площади и со стороны Ярославского вокзала и вестибюля станции метро «Комсомольская».  Все поезда продолжат прибывать и отправляться по расписанию, но маршрут к поездам дальнего следования и «Сапсанам» изме
23413;2025-11-05;15;tram_route_change;1;;;https://t.me/DtOperativno/23413;⚠️ Последние рейсы трамваев временно не пойдут до Белорусского вокзала, метро «Новослободская» и «Комсомольская».   После 23:20 трамваи поедут по измененным маршрутам:  🔹7 — от метро «Бульвар Рокоссовского» до метро «Сокольники»   🔹13 — от Метрогородка до метро «Сокольники»   🔹37 — от МЦД Новогиреево через метро «Красносельская» до метро «Сокольники»   🔹50 — от ДК «Компрессор» (метро «Авиамоторная») через метро «Красносельская» до Каланчёвской улицы.   Вместо трамваев пользуйтесь метро.  Изменения — на время работ на Комсомольской площади.
23417;2025-11-06;4;closure;0;;;https://t.me/DtOperativno/23417;❗️На СВХ (в районе ул. Лосиноостровская, 29с1) произошло ДТП. На месте работают оперативные службы города. Обстоятельства произошедшего и информация о пострадавших уточняются.  Перекрыт съезд с СВХ на ул. Лосиноостровская. Пожалуйста, выбирайте пути объезда.
23421;2025-11-06;13;closure;0;;;https://t.me/DtOperativno/23421;"Движение временно закрыто:   🔹 на внутренней стороне МКАД в районе Ленинского проспекта; 🔹 на съезде с внешней стороны МКАД на Киевское шоссе по направлению в область; 🔹 на съезде с проспекта Вернадского на Ленинский проспект по направлению в область.   Будьте внимательны при построении маршрута."
23422;2025-11-06;13;closure;0;;;https://t.me/DtOperativno/23422;"Движение временно закрыто:   🔹 на внутренней стороне МКАД в районе Ленинского проспекта; 🔹 на съезде с внешней стороны МКАД на Киевское шоссе по направлению в область; 🔹 на съезде с проспекта Вернадского на Ленинский проспект по направлению в область.   Будьте…"
23432;2025-11-07;9;closure;0;;;https://t.me/DtOperativno/23432;❗️На СВХ (в районе ул. Лосиноостровская, 29с1) произошло ДТП. На месте работают оперативные службы города. Обстоятельства произошедшего и информация о пострадавших уточняются.  Перекрыт съезд с СВХ на ул. Лосиноостровская. Пожалуйста, выбирайте пути объезда.
23450;2025-11-07;16;closure;0;;2025-11-10|2025-11-27;https://t.me/DtOperativno/23450;10 ноября с 13:00 до 13:30 и 27 ноября с 15:00 до 15:30 Остафьевская улица, а также участки улиц Авиаторов, Молодёжной и Дорожной (ТиНАО) будут закрыты для проезда. Это связано с проведением мероприятия.   Подробнее – на инфографике и на сайте👆  Рекомендуем заранее планировать маршрут с учётом перекрытий.
23455;2025-11-07;20;tram_route_change;1;;;https://t.me/DtOperativno/23455;На улице Маши Порываевой (в районе остановки «МЦД Площадь трёх вокзалов») по техническим причинам задерживаются трамваи № 90.  Маршрут временно изменен. Будьте внимательны, следите за объявлениями водителей.
23457;2025-11-07;20;tram_route_change;1;;;https://t.me/DtOperativno/23457;На улице Маши Порываевой (в районе остановки «МЦД Площадь трёх вокзалов») по техническим причинам задерживаются трамваи № 90.  Маршрут временно изменен. Будьте внимательны, следите за объявлениями водителей.
23459;2025-11-08;10;tram_route_change;1;12;;https://t.me/DtOperativno/23459;В районе Авиамоторной и 3-й Владимирской улиц по техническим причинам задерживаются трамваи № 2, 12, 36 и 37.  Маршруты временно изменены. Будьте внимательны, следите за объявлениями водителей.
23460;2025-11-08;11;tram_route_change;1;12;;https://t.me/DtOperativno/23460;В районе Авиамоторной и 3-й Владимирской улиц по техническим причинам задерживаются трамваи № 2, 12, 36 и 37.  Маршруты временно изменены. Будьте внимательны, следите за объявлениями водителей.
23463;2025-11-09;8;closure;0;;;https://t.me/DtOperativno/23463;❗️На Международном шоссе (съезд на Ленинградское шоссе) произошло ДТП с дальнейшим опрокидыванием автомобиля. На месте работают оперативные службы города. Обстоятельства произошедшего и информация о пострадавших уточняются.   Движение по Международному шоссе по направлению в центр перекрыто. Выбирайте пути объезда.
23479;2025-11-10;17;tram_route_change;1;50;;https://t.me/DtOperativno/23479;На Красноказарменной улице (в районе остановки «Лефортовский мост») из-за ДТП на путях задерживаются трамваи № 32, 37 и 50.  Маршруты временно изменены. Будьте внимательны, следите за объявлениями водителей.
23481;2025-11-10;17;tram_route_change;1;50;;https://t.me/DtOperativno/23481;На Красноказарменной улице (в районе остановки «Лефортовский мост») из-за ДТП на путях задерживаются трамваи № 32, 37 и 50.  Маршруты временно изменены. Будьте внимательны, следите за объявлениями водителей.
23487;2025-11-11;10;closure;0;;2025-11-17;https://t.me/DtOperativno/23487;15 и 17 ноября в период с 02:00 до 02:30 участки МКАД в районе 1-го км будут закрыты для проезда. Это связано с проведением строительных работ.  Подробнее – на инфографике👆  Рекомендуем заранее планировать маршрут с учётом перекрытий.
23488;2025-11-11;11;closure;0;;;https://t.me/DtOperativno/23488;❗️В связи с пожаром на Осташковской улице движение по ул. Тайнинская в районе д.5 перекрыто. На месте работают оперативные службы города.  Пожалуйста, выбирайте пути объезда (через Осташковский проезд и Магаданскую улицу).
23489;2025-11-11;12;closure;0;;;https://t.me/DtOperativno/23489;❗️В связи с пожаром на Осташковской улице движение по ул. Тайнинская в районе д.5 перекрыто. На месте работают оперативные службы города.  Пожалуйста, выбирайте пути объезда (через Осташковский проезд и Магаданскую улицу).
23501;2025-11-12;10;closure;0;;;https://t.me/DtOperativno/23501;"Движение временно закрыто:  🔹 на Большом Каменном мосту; 🔹 на Кремлевской набережной.  Будьте внимательны. Стройте маршрут заранее."
23503;2025-11-12;10;closure;0;;;https://t.me/DtOperativno/23503;Движение временно закрыто:  🔹 на улице Тверская.  Стройте маршрут заранее.
23504;2025-11-12;11;closure;0;;;https://t.me/DtOperativno/23504;Движение временно закрыто:  🔹 на улице Новый Арбат.  Объезд возможен по Садовому кольцу, по улице Большая Никитская.  Будьте внимательны.
23505;2025-11-12;11;closure;0;;;https://t.me/DtOperativno/23505;"Движение временно закрыто:  🔹 на Большом Каменном мосту; 🔹 на Кремлевской набережной.  Будьте внимательны. Стройте маршрут заранее."
23508;2025-11-12;13;closure;0;;;https://t.me/DtOperativno/23508;"ЦОДД: на дорогах — 5 баллов по данным ЦОДД. Для поездок в центр сегодня используйте метро  Движение затруднено сейчас на:  🔹 внешней стороне Садового кольца в районе Садовой-Каретной улицы; 🔹 внутренней стороне ТТК в районе дома 32 по Беговой улице; 🔹 улице Большая Якиманка в направлении центра.  Интенсивное движение сейчас в обоих направлениях на:  🔹 проспекте Маршала Жукова; 🔹 Ярославском шоссе; 🔹 Ленинградском шоссе.  В вечерний разъезд рекомендуем использовать метро. Если поездок на автомобиле не избежать, то отложите их на более позднее время — после 19:00.  На движение могут повлиять:  🔹"
23509;2025-11-12;14;closure;0;;;https://t.me/DtOperativno/23509;"Движение временно закрыто:  🔹 на Смоленской набережной в сторону Краснопресненской набережной; 🔹 на Пресненской набережной в сторону Краснопресненской набережной; 🔹 на улице 1905 года; 🔹 на улице Рочдельская, 11/5; 🔹 на улице Николаева, 4; 🔹 на улице Знаменка; 🔹 на Большом Каменном мосту; 🔹 на Кремлевской набережной.  Стройте маршрут заранее."
23510;2025-11-12;15;weather_alert;0;;2025-11-15;https://t.me/DtOperativno/23510;1️⃣5️⃣4️⃣3️⃣2️⃣7️⃣ В эти выходные синоптики прогнозируют снег с дождем и гололедицу. ЦОДД рекомендует выезжать только на зимней резине.   По прогнозу синоптиков, 15 ноября в Москве обещают мокрый снег с дождем, сильный ветер до 15 м/с и понижение температуры до -5°С. Также возможна гололедица.  Если вы еще не успели заменить летнюю резину на зимнюю, то рекомендуем использовать для поездок городской транспорт.  Просим быть особенно аккуратными на тех участках дорог, где есть эстакады и тоннели. Будьте  внимательными, держите дистанцию, соблюдайте скоростной режим и не отвлекайтесь на телефон.  
23513;2025-11-12;16;tram_route_change;1;;2025-11-12;https://t.me/DtOperativno/23513;🚊 С 12 ноября начал работу первый Московский трамвайный диаметр Т1 от Метрогородка до метро «Университет».   Т1 открывает город и соединяет всё: 13 районов Москвы с востока на юго-запад, 4 центральных ж/д вокзала и 24 станции метро, МЦК и МЦД.   Протяженность маршрута Т1 составляет 27 км — это самый длинный городской диаметральный трамвайный маршрут в мире.   Трамваи курсируют от Метрогородка через метро «Бульвар Рокоссовского», «Преображенская площадь», «Сокольники», МЦД Митьково, метро «Красносельская», «Комсомольская», МЦД Площадь трёх вокзалов, метро «Чистые пруды», «Новокузнецкая», «Треть
23515;2025-11-12;16;closure;0;;;https://t.me/DtOperativno/23515;"Движение временно закрыто:  🔹 на Смоленской набережной в сторону Краснопресненской набережной; 🔹 на Пресненской набережной в сторону Краснопресненской набережной; 🔹 на улице 1905 года; 🔹 на улице Рочдельская, 11/5; 🔹 на улице Николаева, 4; 🔹 на улице Знаменка;…"
23516;2025-11-12;17;closure;0;;;https://t.me/DtOperativno/23516;Движение временно закрыто:  🔹 на улице Новый Арбат. Объезд по улице Остоженка. 🔹 на улице Знаменка.   Будьте внимательны при построении маршрута.
23517;2025-11-12;17;closure;0;;;https://t.me/DtOperativno/23517;"ЦОДД: Средняя скорость потока — 27 км/ч.  По данным ЦОДД, движение оценивается в 7 баллов.  Интенсивное движение сейчас:  🔹 на ТТК в обоих направлениях; 🔹 на Садовом кольце в обоих направлениях; 🔹 на проспекте Маршала Жукова в направлении области.  Движение временно закрыто:  🔹 на улице Новый Арбат (объезд возможен по улице Остоженке); 🔹 на улице Знаменке.  На движение влияют:  🔹 ремонтные работы на дороге; 🔹 мелкие ДТП.  За ситуацией на дороге круглосуточно следят Ситуационный центр и экипажи Дорожного патруля ЦОДД."
23519;2025-11-12;18;closure;0;;;https://t.me/DtOperativno/23519;Движение временно закрыто:  🔹 на улице Новый Арбат. Объезд по улице Остоженка. 🔹 на улице Знаменка.   Будьте внимательны при построении маршрута.
23521;2025-11-12;19;closure;0;;;https://t.me/DtOperativno/23521;"ЦОДД: Средняя скорость потока — 25 км/ч.  По данным ЦОДД, движение оценивается в 7 баллов.  Интенсивное движение сейчас:  🔹 на внутренней стороне ТТК от улицы Автозаводская до улицы Сущевский Вал; 🔹 Садовом кольце.  Движение временно закрыто:  🔹 на улице Новый Арбат; 🔹 на улице Знаменке; 🔹 на Тверской улице.  На движение влияют:  🔹 локальные ограничения движения; 🔹 ремонтные работы на дороге; 🔹 мелкие ДТП.  За ситуацией на дороге круглосуточно следят Ситуационный центр и экипажи Дорожного патруля ЦОДД."
23522;2025-11-12;19;closure;0;;;https://t.me/DtOperativno/23522;Движение временно закрыто:  🔹 на улице Новый Арбат. Объезд по улице Остоженка. 🔹 на улице Знаменка.   Будьте внимательны при построении маршрута.
23523;2025-11-12;20;closure;0;;;https://t.me/DtOperativno/23523;Движение временно закрыто:  🔹 на улице Новый Арбат. Объезд по улице Остоженка. 🔹 на улице Знаменка.   Будьте внимательны при построении маршрута.
23524;2025-11-12;21;closure;0;;;https://t.me/DtOperativno/23524;Движение временно закрыто:  🔹 на улице Новый Арбат. Объезд по улице Остоженка. 🔹 на улице Знаменка.   Будьте внимательны при построении маршрута.
23526;2025-11-13;7;weather_alert;0;;;https://t.me/DtOperativno/23526;Доброе утро!  Сегодня утром в городе пасмурная погода, ожидается туман. Просим водителей быть внимательными за рулем, соблюдать дистанцию и скоростной режим.  К вечеру возможны затруднения движения в центре города, на ТТК и МКАД, поэтому планируйте маршрут заранее.  Обращаем внимание, что по прогнозу синоптиков в выходные в Москве ожидаются дождь, снег и гололедица. Рекомендуем сменить сезонные шины.  Хорошего дня 💚
23529;2025-11-13;16;closure;0;;2025-11-14|2025-12-25;https://t.me/DtOperativno/23529;С 14 ноября до 25 декабря участки 5-й Парковой улицы будут закрыты для проезда. Это связано с проведением работ по строительству инженерных сетей.  Подробнее – на инфографике👆  Рекомендуем заранее планировать маршрут с учётом перекрытий.
23538;2025-11-13;18;closure;0;;;https://t.me/DtOperativno/23538;Движение временно закрыто:  🔹 на внутренней стороне МКАД в районе Каширского шоссе.  Стройте маршрут заранее.
23539;2025-11-13;19;closure;0;;;https://t.me/DtOperativno/23539;Движение временно закрыто:   🔹 на внешней стороне Садового кольца в районе дома 1/2 по Новинскому бульвару.
23540;2025-11-13;19;closure;0;;;https://t.me/DtOperativno/23540;Движение временно закрыто:  🔹 на внутренней стороне МКАД в районе Каширского шоссе.  Стройте маршрут заранее.
23543;2025-11-13;20;closure;0;;;https://t.me/DtOperativno/23543;Движение временно закрыто:   🔹 на внешней стороне Садового кольца в районе дома 1/2 по Новинскому бульвару.
23550;2025-11-14;14;weather_alert;0;;2025-11-15;https://t.me/DtOperativno/23550;ЦОДД: в выходные в Москве синоптики прогнозируют снег — просим автомобилистов выезжать только на зимней резине или использовать городской транспорт   По прогнозу синоптиков, 15 ноября в Москве обещают мокрый снег с дождем, сильный ветер до 15 м/с и понижение температуры до -5°С. Также возможна гололедица.  Использование летних шин в таких условиях опасно и может привести к ДТП. Если ещё не поменяли резину, советуем завтра воспользоваться городским транспортом для поездок.  Просим автомобилистов быть внимательными за рулем: соблюдать скоростной режим, держать дистанцию, не совершать резких мане
23560;2025-11-14;21;weather_alert;0;;;https://t.me/DtOperativno/23560;ЦОДД рекомендует выезжать только на зимней резине  По прогнозу синоптиков, в ближайшие часы в Москве обещают мокрый снег. Также возможна гололедица.  Если вы еще не успели заменить летнюю резину на зимнюю, то рекомендуем использовать для поездок городской транспорт.  Просим быть особенно аккуратными на тех участках дорог, где есть эстакады и тоннели. Будьте  внимательными, держите дистанцию, соблюдайте скоростной режим и не отвлекайтесь на телефон.  За обстановкой на дорогах 24/7 следят Ситуационный центр и экипажи Дорожного патруля ЦОДД.
23561;2025-11-15;7;tram_route_change;1;;;https://t.me/DtOperativno/23561;На Варшавском шоссе (в районе остановки «МЦК Верхние Котлы») из-за ДТП на путях задерживаются трамваи № 3, 16, 47 и 49.  Маршруты временно изменены. Будьте внимательны, следите за объявлениями водителей.
23562;2025-11-15;8;tram_route_change;1;;;https://t.me/DtOperativno/23562;На Варшавском шоссе (в районе остановки «МЦК Верхние Котлы») из-за ДТП на путях задерживаются трамваи № 3, 16, 47 и 49.  Маршруты временно изменены. Будьте внимательны, следите за объявлениями водителей.
23563;2025-11-15;9;weather_alert;0;;;https://t.me/DtOperativno/23563;1️⃣2️⃣3️⃣4️⃣5️⃣6️⃣ ЦОДД: в Москве идет снег — будьте аккуратны и бдительны за рулем! Просим автомобилистов выезжать только на зимней резине  По прогнозу синоптиков, в выходные в городе обещают мокрый снег. Также возможна гололедица.  Если ещё не поменяли резину, советуем воспользоваться городским транспортом для поездок.  Будьте аккуратны за рулем: избегайте резких маневров, соблюдайте дистанцию и скоростной режим. Особенно на тех участках дорог, где есть эстакады и тоннели. Снижайте скорость вблизи пешеходных переходов.   За ситуацией на дорогах следят Ситуационный центр и Дорожный патруль ЦО
23564;2025-11-15;12;tram_route_change;1;;2025-11-15;https://t.me/DtOperativno/23564;✅ С 15 ноября по выходным дням восстановлено движение трамваев в Нагатино.   Трамваи 47 и 49 в эти дни снова ходят по своим обычным маршрутам.   Временный маршрут автобуса 049 больше не работает.
23569;2025-11-16;6;tram_route_change;1;12|50;;https://t.me/DtOperativno/23569;На шоссе Энтузиастов (в районе остановки «Дом культуры Компрессор») из-за повреждения контактной сети сторонним транспортом задерживаются трамваи № 2, 12, 37, 38 и 50.  Маршруты временно изменены. Будьте внимательны, следите за объявлениями водителей.
23570;2025-11-16;7;tram_route_change;1;12|50;;https://t.me/DtOperativno/23570;На шоссе Энтузиастов (в районе остановки «Дом культуры Компрессор») из-за повреждения контактной сети сторонним транспортом задерживаются трамваи № 2, 12, 37, 38 и 50.  Маршруты временно изменены. Будьте внимательны, следите за объявлениями водителей.
23574;2025-11-16;13;closure;0;;;https://t.me/DtOperativno/23574;"ЦОДД: завтра в центре возможны локальные ограничения движения — рекомендуем использовать городской транспорт для поездок по городу  По прогнозу синоптиков, завтра в Москве ожидаются снег, дождь и сильный ветер. Выезжайте на дороги только  на зимней резине.  На дорожное движение завтра также могут повлиять:  🔹 погодные условия; 🔹 мелкие ДТП; 🔹 ремонтные работы на дороге.    Будьте внимательны за рулем: соблюдайте скоростной режим и дистанцию, не отвлекайтесь на телефон во время движения. Планируйте свой маршрут заранее.  За ситуацией на дороге 24/7 следят Ситуационный центр и экипажи Дорожного "
23575;2025-11-16;18;closure;0;;;https://t.me/DtOperativno/23575;❗️В Кривоколенном переулке перекрыто движение. На месте работают оперативные службы города.   Пожалуйста, выбирайте пути объезда (через Бульварное кольцо, Чистопрудный бульвар и ул. Маросейка).
23576;2025-11-16;20;closure;0;;;https://t.me/DtOperativno/23576;❗️В Кривоколенном переулке перекрыто движение. На месте работают оперативные службы города.   Пожалуйста, выбирайте пути объезда (через Бульварное кольцо, Чистопрудный бульвар и ул. Маросейка).
23577;2025-11-17;7;closure;0;;;https://t.me/DtOperativno/23577;Доброе утро!  По прогнозам синоптиков, сегодня в течение дня ожидается дождь со снегом. Выезжайте только на зимней резине.  Также сегодня в центре возможны локальные ограничения движения. Рекомендуем использовать городской транспорт для поездок. Планируйте маршрут заранее.  Просим водителей избегать резких маневров, соблюдать дистанцию и скоростной режим, особенно на подъемах и спусках с мостов и эстакад.  Хорошего дня 💚
23578;2025-11-17;7;closure|weather_alert;0;;;https://t.me/DtOperativno/23578;"ЦОДД: в городе прогнозируют снег — выезжайте только на зимней резине или используйте метро для поездок по городу  По прогнозу синоптиков, сегодня ожидается мокрый снег. Возможно образование гололедицы.   Также в центре возможны локальные ограничения движения. Чтобы сэкономить время в пути для поездок по городу, используйте метро. Также на дорожное движение могут повлиять:  🔹 погодные условия; 🔹 мелкие ДТП; 🔹 ремонтные работы на дороге.    Будьте внимательны за рулем. Планируйте свой маршрут заранее.  Ситуационный центр и экипажи Дорожного патруля ЦОДД 24/7 следят за движением в городе."
23579;2025-11-17;10;closure;0;;2025-11-01|2025-11-19;https://t.me/DtOperativno/23579;С 19 ноября 2025 г. до 1 ноября 2027 г. участок Новозаводской улицы будет закрыт для проезда. Это связано с проведением строительных работ.  Подробнее – на инфографике👆  Рекомендуем заранее планировать маршрут с учётом перекрытия.
23581;2025-11-17;10;closure;0;;2025-11-20|2025-12-25;https://t.me/DtOperativno/23581;С 20 ноября до 25 декабря 2025 г. будет закрыт для движения съезд на внешней стороне МКАД в районе 30-го км на Востряковский проезд. Это связано с проведением строительных работ.  Рекомендуем заранее планировать маршрут с учётом перекрытия.  Также на участках МКАД на внешней стороне в районе 30-го км будет недоступна для движения 1 полоса.   Подробнее – на инфографике👆
23583;2025-11-17;10;closure;0;;;https://t.me/DtOperativno/23583;Движение временно закрыто:  🔹 на съезде с Варшавского шоссе на внутреннюю сторону МКАД.
23585;2025-11-17;11;closure;0;;;https://t.me/DtOperativno/23585;Движение временно закрыто:  🔹 на съезде с Варшавского шоссе на внутреннюю сторону МКАД.
23588;2025-11-17;11;closure;0;;;https://t.me/DtOperativno/23588;"Движение временно закрыто:  🔹 на Левой Дворцовой аллее; 🔹 на Правой Дворцовой аллее.  Будьте внимательны. Стройте маршрут заранее."
23592;2025-11-17;13;closure;0;;;https://t.me/DtOperativno/23592;"ЦОДД: в городе местами идет дождь — для поездок по возможности используйте метро  По данным ЦОДД, дорожная ситуация оценивается в 4 балла. Интенсивное движение сейчас наблюдаем на:  🔹 внешней стороне ТТК в районе Звенигородского шоссе; 🔹 Садовом кольце в районе Маяковского тоннеля; 🔹 внешней стороне МКАД в районе Ленинградского шоссе.  Вечером ожидаем локальные затруднения движения в центральной части города: на Садовом кольце, на Бульварном кольце, на Тверской улице.  На движение могут повлиять:   🔹 локальные ограничения движения;  🔹 погодные условия;  🔹 ремонтные работы на дороге и мелкие ДТ"
23595;2025-11-17;14;closure;0;;;https://t.me/DtOperativno/23595;"Движение временно закрыто:  🔹 на Большом Каменном мосту; 🔹 на Боровицкой площади.  Объезд возможен по Садовому кольцу. Планируйте маршрут с учетом ограничений."
23597;2025-11-17;16;closure;0;;;https://t.me/DtOperativno/23597;Движение временно закрыто:  🔹 на Кутузовском проспекте, 5/3 по направлению в центр.
23598;2025-11-17;16;closure;0;;;https://t.me/DtOperativno/23598;Движение временно закрыто:  🔹 на Кутузовском проспекте, 5/3 по направлению в центр.
23599;2025-11-17;16;closure;0;;;https://t.me/DtOperativno/23599;"1️⃣1️⃣2️⃣3️⃣4️⃣5️⃣6️⃣7️⃣ На дорогах — 5 баллов по данным ЦОДД. Для поездок в центр сегодня используйте метро  Интенсивное движение сейчас на:  🔹 внешней стороне ТТК от Русаковской эстакады до улицы Новая Башиловка; 🔹 внешней стороне Садового кольца от улицы Земляной Вал до Садовой-Сухаревской улицы; 🔹 внутренней стороне ТТК от Велозаводской улицы до Гагаринского тоннеля.  В часы вечернего разъезда ожидаем локальные затруднения движения в центральной части города, на ТТК, МКАД и вылетных магистралях.  В вечерний разъезд рекомендуем использовать метро. Если поездок на автомобиле не избежать, то "
23600;2025-11-17;17;closure;0;;;https://t.me/DtOperativno/23600;"1️⃣1️⃣2️⃣3️⃣4️⃣5️⃣6️⃣7️⃣ ЦОДД: завтра в центре возможны локальные ограничения движения — рекомендуем использовать городской транспорт для поездок по городу  По прогнозу синоптиков, завтра в течение дня в городе ожидается дождь.   В связи с локальными ограничениями движения завтра для поездок по городу рекомендуем использовать метро. Так вы сэкономите время в пути.  На дорожное движение завтра также могут повлиять:  🔹 снижение скорости из-за погодных условий; 🔹 мелкие ДТП; 🔹 ремонтные работы на дороге.    Будьте внимательны за рулем: соблюдайте скоростной режим и дистанцию, не отвлекайтесь на т"
23602;2025-11-17;18;closure;0;;;https://t.me/DtOperativno/23602;"ЦОДД: Средняя скорость потока — 27 км/ч.  По данным ЦОДД, движение оценивается в 7 баллов.  Интенсивное движение сейчас на:  🔹 улице Новый Арбат в районе дома 17 в направлении центра; 🔹 внутренней стороне Бульварного кольца в районе дома 22 по Тверскому бульвару; 🔹 внешней стороне Садового кольца в районе дома 3, строение 3 по улице Садовая-Спасская.  На движение влияют:  🔹 локальные ограничения движения; 🔹 погодные условия; 🔹 ремонтные работы на дороге; 🔹 мелкие ДТП.  За ситуацией на дороге круглосуточно следят Ситуационный центр и экипажи Дорожного патруля ЦОДД."
23604;2025-11-17;18;closure;0;;;https://t.me/DtOperativno/23604;Движение временно закрыто:  🔹 на дублере Ленинградского проспекта, 37с15 по направлению в центр.   Объезд возможен по основному ходу движения.   Будьте внимательны.
23607;2025-11-17;20;tram_route_change;1;;;https://t.me/DtOperativno/23607;На Дубининской улице (в районе остановки «Дубининская улица, 57») из-за автомобиля, сломавшегося на путях, задерживаются трамваи № 3, 38, 39 и Т1.  Маршруты временно изменены. Будьте внимательны, следите за объявлениями водителей.
23608;2025-11-17;20;tram_route_change;1;;;https://t.me/DtOperativno/23608;На Дубининской улице (в районе остановки «Дубининская улица, 57») из-за автомобиля, сломавшегося на путях, задерживаются трамваи № 3, 38, 39 и Т1.  Маршруты временно изменены. Будьте внимательны, следите за объявлениями водителей.
23612;2025-11-18;7;closure;0;;;https://t.me/DtOperativno/23612;Доброе утро!  Сегодня в Москве дождь 🌧  Для поездок по городу рекомендуем использовать метро.  В течение дня в центре ожидаются локальные ограничения движения. Маршрут лучше планировать заранее.  Будьте внимательны за рулем. Не забывайте пристегиваться, соблюдайте дистанцию и скоростной режим.  Пусть ваша поездка будет безопасной и комфортной 💚
23613;2025-11-18;8;closure;0;;;https://t.me/DtOperativno/23613;"1️⃣1️⃣2️⃣3️⃣4️⃣5️⃣6️⃣7️⃣ ЦОДД: синоптики прогнозируют сегодня дождь —  используйте метро для поездок по городу  По прогнозу синоптиков, сегодня в Москве ожидаются дождь и сильный ветер.   Также в центре возможны локальные ограничения движения. Чтобы сэкономить время в пути для поездок по городу, используйте метро. Также на дорожное движение могут повлиять:  🔹 погодные условия; 🔹 мелкие ДТП; 🔹 ремонтные работы на дороге.    Будьте внимательны за рулем. Планируйте свой маршрут заранее.  Ситуационный центр и экипажи Дорожного патруля ЦОДД 24/7 следят за движением в городе."
23614;2025-11-18;8;tram_route_change;1;1;;https://t.me/DtOperativno/23614;На Чертановской улице (в районе остановки «Чертановская улица, 28») из-за автомобиля, застрявшего на путях, задерживаются трамваи № 1 и 16.  Маршруты временно изменены. Будьте внимательны, следите за объявлениями водителей.
23615;2025-11-18;8;tram_route_change;1;1;;https://t.me/DtOperativno/23615;На Чертановской улице (в районе остановки «Чертановская улица, 28») из-за автомобиля, застрявшего на путях, задерживаются трамваи № 1 и 16.  Маршруты временно изменены. Будьте внимательны, следите за объявлениями водителей.
23616;2025-11-18;9;closure;0;;;https://t.me/DtOperativno/23616;Движение временно закрыто:  🔹 на Краснопресненской набережной. Объезд через набережную Тараса Шевченко.  Будьте внимательны при построении маршрута.
23617;2025-11-18;9;closure;0;;;https://t.me/DtOperativno/23617;Движение временно закрыто:  🔹 на Краснопресненской набережной. Объезд через набережную Тараса Шевченко.  Будьте внимательны при построении маршрута.
23618;2025-11-18;9;closure;0;;;https://t.me/DtOperativno/23618;Движение временно закрыто:  🔹 на Краснопресненской набережной. Объезд через набережную Тараса Шевченко.  Будьте внимательны при построении маршрута.
23619;2025-11-18;10;closure;0;;;https://t.me/DtOperativno/23619;Движение временно закрыто:  🔹 на Краснопресненской набережной. Объезд через набережную Тараса Шевченко.  Будьте внимательны при построении маршрута.
23620;2025-11-18;10;closure;0;;;https://t.me/DtOperativno/23620;"На дорогах — 6 баллов по данным ЦОДД. Для поездок по городу рекомендуем использовать метро  По прогнозу синоптиков, дождь и сильный ветер в Москве будут в течение дня.   Средняя скорость движения в городе — 32 км/ч. Интенсивное движение сейчас наблюдаем на:  🔹 внешней стороне Садового кольца в районе улицы Садовая-Кудринская; 🔹 внутренней стороне Садового кольца в районе улицы Крымский Вал; 🔹 внешней стороне МКАД в районе Ленинградского шоссе.  Вечером ожидаем локальные затруднения движения в центральной части города, на Садовом кольце, ТТК. По возможности используйте для поездок в центр метро"
23621;2025-11-18;10;closure;0;;;https://t.me/DtOperativno/23621;Движение временно закрыто:  🔹 на Краснопресненской набережной. Объезд через набережную Тараса Шевченко.  Будьте внимательны при построении маршрута.
23622;2025-11-18;10;closure;0;;;https://t.me/DtOperativno/23622;"Движение временно закрыто:  🔹 на съезде с Новинского бульвара на улицу Новый Арбат; 🔹 на Зубовском бульваре. Объезд возможен по ТТК.  Стройте маршрут заранее."
23623;2025-11-18;10;closure;0;;;https://t.me/DtOperativno/23623;Движение временно закрыто:  🔹 на Краснопресненской набережной. Объезд через набережную Тараса Шевченко.  Будьте внимательны при построении маршрута.
23627;2025-11-18;11;closure;0;;;https://t.me/DtOperativno/23627;Движение временно закрыто:  🔹 на улице 1905 года.  Будьте внимательны.
23628;2025-11-18;12;closure;0;;;https://t.me/DtOperativno/23628;"По данным ЦОДД, ситуация на дороге оценивается в 6 баллов. Интенсивное движение преимущественно в центре города — отложите поездки на автомобиле  Интенсивное движение сейчас в оба направления на:  🔹 Садовом кольце в районе улицы Садовая-Триумфальная; 🔹 Садовом кольце в районе Смоленского бульвара; 🔹 на МКАД в районе Волоколамского шоссе.  На движение влияют:   🔹 локальные ограничения движения;  🔹 низкие скорости из-за погоды;  🔹 ремонтные работы на дороге и мелкие ДТП.  Рекомендуем сегодня воспользоваться метро. Если поездок на автомобиле не избежать, то отложите их на более позднее время — по"
23629;2025-11-18;12;closure;0;;;https://t.me/DtOperativno/23629;Движение временно закрыто:  🔹 на Краснопресненской набережной. Объезд через набережную Тараса Шевченко.  Будьте внимательны при построении маршрута.
23632;2025-11-18;14;closure;0;;;https://t.me/DtOperativno/23632;Движение временно закрыто:   🔹 на проспекте Вернадского.  Объезд возможен по Мичуринскому проспекту.  Стройте маршрут заранее.
23638;2025-11-18;15;closure;0;;;https://t.me/DtOperativno/23638;"Движение временно закрыто:  🔹 на проспекте Вернадского. Объезд через Мичуринский проспект; 🔹 на съезде с ТТК на Ленинский проспект. Объезд через улицу Вавилова; 🔹 на съезде с внутренней стороны МКАД на Киевское шоссе.  Стройте маршрут заранее."
23639;2025-11-18;16;closure;0;;;https://t.me/DtOperativno/23639;Движение временно закрыто:  🔹 на внутренней стороне МКАД в районе Ленинского проспекта.  Стройте маршрут заранее.
23642;2025-11-18;16;closure;0;;;https://t.me/DtOperativno/23642;"На дорогах — 6 баллов по данным ЦОДД. Для поездок по городу рекомендуем использовать метро  Средняя скорость движения в городе — 29 км/ч.  Интенсивное движение сейчас наблюдаем на:  🔹 Садовом кольце в районе улицы Садовая-Каретная; 🔹 ТТК в районе Киевского путепровода; 🔹 внутренней стороне МКАД в районе Ленинского проспекта.  В вечерний разъезд рекомендуем использовать метро. Если поездок на автомобиле не избежать, то отложите их на более позднее время — после 20:00.  На движение влияют:  🔹 локальные ограничения движения; 🔹 низкие скорости из-за погодных условий; 🔹 ремонтные работы на дороге; "
23644;2025-11-18;17;closure;0;;;https://t.me/DtOperativno/23644;"ЦОДД: Средняя скорость потока — 28 км/ч.  По данным ЦОДД, движение оценивается в 7 баллов.  Интенсивное движение сейчас на:  🔹 Садовом кольце в районе Валовой улицы в обоих направлениях; 🔹 МКАД в районе Варшавского шоссе в обоих направлениях; 🔹 ТТК в районе улицы Сущевский Вал в обоих направлениях.  Движение закрыто сейчас на:  🔹 Новоарбатском мосту.  Объезд возможен через ТТК.  На движение влияют:  🔹 локальные ограничения движения; 🔹 погодные условия; 🔹 ремонтные работы на дороге; 🔹 мелкие ДТП.  За ситуацией на дороге круглосуточно следят Ситуационный центр и экипажи Дорожного патруля ЦОДД."
23646;2025-11-18;17;closure;0;;;https://t.me/DtOperativno/23646;"Временные ограничения движения сохраняются на:  🔹 Боровицкой площади; 🔹 Кремлёвской набережной; 🔹 Тверской улице; 🔹 Новоарбатском мосту.  Будьте внимательны при построении маршрута."
23648;2025-11-18;18;closure;0;;;https://t.me/DtOperativno/23648;"Временные ограничения движения сохраняются на:  🔹 Боровицкой площади; 🔹 Кремлёвской набережной; 🔹 Тверской улице; 🔹 Новоарбатском мосту.  Будьте внимательны при построении маршрута."
23651;2025-11-18;20;closure|weather_alert;0;;;https://t.me/DtOperativno/23651;"1️⃣5️⃣4️⃣3️⃣2️⃣7️⃣ ЦОДД: ночью и завтра утром ожидается понижение температуры — соблюдайте дистанцию и скоростной режим. Для поездок по городу рекомендуем использовать городской транспорт  По прогнозу синоптиков, завтра в городе ожидается понижение температуры. Возможно образование гололедицы. Выезжайте только на зимней резине.  Также завтра в центре возможны локальные ограничения движения. Для поездок по городу рекомендуем использовать метро. Так вы сэкономите время в пути.  На дорожное движение завтра могут повлиять:  🔹 локальные ограничения движения; 🔹 снижение скорости из-за погоды; 🔹 мелк"
23652;2025-11-18;20;closure;0;;;https://t.me/DtOperativno/23652;"Временные ограничения движения сохраняются на:  🔹 Боровицкой площади; 🔹 Кремлёвской набережной; 🔹 Тверской улице; 🔹 Новоарбатском мосту.  Будьте внимательны при построении маршрута."
23657;2025-11-19;6;closure;0;;;https://t.me/DtOperativno/23657;"ЦОДД: сегодня в центре возможны локальные ограничения движения — рекомендуем использовать городской транспорт для поездок по городу  В связи с локальными ограничениями движения для поездок по городу рекомендуем использовать метро. Так вы сэкономите время в пути.  На дорожное движение также могут повлиять:  🔹 погодные условия; 🔹 мелкие ДТП; 🔹 ремонтные работы на дороге.    Будьте внимательны за рулем: соблюдайте скоростной режим и дистанцию, не отвлекайтесь на телефон во время движения. Планируйте свой маршрут заранее.  За ситуацией на дороге 24/7 следят Ситуационный центр и экипажи Дорожного п"
23658;2025-11-19;7;closure|weather_alert;0;;;https://t.me/DtOperativno/23658;Доброе утро!  По прогнозу синоптиков, сегодня в городе возможно образование гололедицы. Выезжайте только на зимней резине.  Также в центре возможны локальные ограничения движения. Для поездок по городу рекомендуем использовать метро. Так вы сэкономите время в пути.  Будьте особенно аккуратны на подъемах и спусках с мостов и эстакад. Заранее снижайте скорость вблизи пешеходных переходов.  Одевайтесь теплее🧣
23660;2025-11-19;8;closure;0;;;https://t.me/DtOperativno/23660;"Движение временно закрыто:  🔹 на Кутузовском проспекте, 5/3 в сторону улицы Арбат; 🔹 на МКАД в районе Ленинского проспекта в оба направления; 🔹 на площади Свободной России в сторону области."
23661;2025-11-19;8;closure;0;;;https://t.me/DtOperativno/23661;"Движение временно закрыто:  🔹 на Кутузовском проспекте, 5/3 в сторону улицы Арбат; 🔹 на МКАД в районе Ленинского проспекта в оба направления; 🔹 на площади Свободной России в сторону области."
23662;2025-11-19;8;closure;0;;;https://t.me/DtOperativno/23662;"1️⃣1️⃣2️⃣3️⃣4️⃣5️⃣6️⃣7️⃣ На дорогах — 4 балла по данным ЦОДД. Для поездок в центр сегодня используйте метро  Интенсивное движение сейчас на:  🔹 внешней стороне Садового кольца в районе Новинского бульвара; 🔹 Ленинском проспекте по направлению в центр; 🔹 внешней стороне МКАД в районе Ленинградского шоссе.  В часы вечернего разъезда ожидаем локальные затруднения движения в центральной части города, на ТТК в районе улиц Сущевский Вал, Беговая, а также на проспекте Мира по направлению в область.   В вечерний разъезд рекомендуем использовать метро. Если поездок на автомобиле не избежать, то отложит"
23664;2025-11-19;9;tram_works|tram_route_change;1;;2025-11-20;https://t.me/DtOperativno/23664;⚠️ В четверг, 20 ноября, после 22:30 поменяются маршруты трамваев у метро «Сокольники».   В это время трамваи поедут:   🔹4 — в сторону Курского вокзала между Богородским и метро «Сокольники» через Краснобогатырскую улицу, метро «Преображенскую площадь» и Стромынку   🔹43 — не будет заезжать на кольцо у метро «Сокольники». Пользуйтесь остановкой «Метро «Сокольники» на Русаковской улице   Изменения — на время ремонта трамвайных путей на разворотном кольце у метро «Сокольники».
23666;2025-11-19;12;closure;0;;;https://t.me/DtOperativno/23666;"ЦОДД: По данным ЦОДД, дорожная ситуация оценивается в 4 балла — для поездок по городу используйте городской транспорт  Интенсивное движение сейчас наблюдаем на:  🔹 Ярославском шоссе от МКАД до Северянинского путепровода в направлении центра; 🔹 внутренней стороне ТТК от улицы Беговая до Рижской эстакады; 🔹 внутренней стороне ТТК от улицы Шарикоподшипниковская до Трофимовской эстакады.  Вечером ожидаем локальные затруднения движения на ТТК от Хорошевской эстакады до Рижской эстакады в обоих направлениях, на внешней стороне МКАД от Дмитровского до Ленинградского шоссе, на внешней стороне Садового"
23669;2025-11-19;15;closure;0;;;https://t.me/DtOperativno/23669;"Движение временно закрыто:   🔹  на Можайском шоссе, 3/1 в сторону центра; 🔹  на Кутузовском проспекте в районе Парка Победы в сторону центра; 🔹  на Новинском бульваре (разворот с внутренней стороны Садового кольца на внешнюю сторону).  Будьте внимательны при построении маршрута."
23671;2025-11-19;15;closure;0;;;https://t.me/DtOperativno/23671;"ЦОДД: на дорогах — 5 баллов по данным ЦОДД. Для поездок в центр сегодня используйте метро  Интенсивное движение сейчас на:  🔹 Можайском шоссе в сторону центра; 🔹 Кутузовском проспекте в сторону центра; 🔹 Кремлевской и Москворецкой набережных в сторону Пречистенской набережной.  В вечерний разъезд рекомендуем использовать метро и отложить поездки в центр на личном автомобиле.  На движение могут повлиять:  🔹 локальные ограничения движения; 🔹 ремонтные работы на дороге и мелкие ДТП.  Будьте внимательны на дороге: соблюдайте скоростной режим и дистанцию, не отвлекайтесь на телефон во время движени"
23673;2025-11-19;17;closure;0;;;https://t.me/DtOperativno/23673;"На дорогах — 7 баллов по данным ЦОДД. Для поездок в центр рекомендуем использовать метро  Средняя скорость движения в городе — 29 км/ч.  Интенсивное движение сейчас наблюдаем на:  🔹 Можайском шоссе в направлении центра;  🔹 внутренней стороне Садового кольца от улицы Зацепский Вал до Крымского моста; 🔹 Москворецкой и Кремлевской набережных в направлении Пречистенской набережной.  На движение влияют:  🔹 локальные ограничения движения; 🔹 ремонтные работы на дороге; 🔹 мелкие ДТП.  За ситуацией на дороге круглосуточно следят Ситуационный центр и экипажи Дорожного патруля ЦОДД."
23678;2025-11-20;6;tram_route_change;1;17;;https://t.me/DtOperativno/23678;На Полярной улице (в районе остановки «Улица Молодцова») по техническим причинам задерживаются трамваи № 17.  Маршруты временно изменены. Будьте внимательны, следите за объявлениями водителей.
23679;2025-11-20;7;tram_route_change;1;17;;https://t.me/DtOperativno/23679;На Полярной улице (в районе остановки «Улица Молодцова») по техническим причинам задерживаются трамваи № 17.  Маршруты временно изменены. Будьте внимательны, следите за объявлениями водителей.
23686;2025-11-20;17;closure;0;;2025-11-23;https://t.me/DtOperativno/23686;23 ноября 2025 г. с 02:00 до 02:20 участок Дмитровского шоссе будет закрыт для проезда. Это связано с проведением строительных работ.  Рекомендуем заранее планировать маршрут с учётом перекрытия.  Подробнее – на инфографике👆
23695;2025-11-20;18;tram_works|tram_route_change;1;;;https://t.me/DtOperativno/23695;На Волочаевской улице (в районе остановки «Трамвайно-ремонтный завод») из-за ДТП двух автомобилей на путях задерживаются трамваи № 4, 32 и 43.  Маршруты временно изменены. Будьте внимательны, следите за объявлениями водителей.
23696;2025-11-20;19;tram_works|tram_route_change;1;;;https://t.me/DtOperativno/23696;На Волочаевской улице (в районе остановки «Трамвайно-ремонтный завод») из-за ДТП двух автомобилей на путях задерживаются трамваи № 4, 32 и 43.  Маршруты временно изменены. Будьте внимательны, следите за объявлениями водителей.
23700;2025-11-21;9;weather_alert;0;;;https://t.me/DtOperativno/23700;"1️⃣2️⃣3️⃣4️⃣5️⃣ В Москве местами идет снег — на дорогах 5 баллов по данным ЦОДД. В течение дня для поездок по городу используйте городской транспорт  По прогнозам синоптиков, сегодня в течение дня в некоторых районах города ожидается снег. Возможно образование гололедицы.  Средняя скорость движения в городе — 32 км/ч. Интенсивное движение сейчас на:  🔹 внешней стороне Садового кольца в районе улицы Садовая-Спасская; 🔹 внешней стороне ТТК в районе улицы Сущевский Вал; 🔹 Ярославском шоссе по направлению в центр.  Во второй половине дня ожидаем локальные затруднения движения на внутренней стороне"
23704;2025-11-21;13;closure;0;;;https://t.me/DtOperativno/23704;Движение временно закрыто:  🔹 на Ленинградском шоссе по направлению в область.  Движение ограничено по 3 полосам:  🔹 на внутренней стороне МКАД в районе Рублевского шоссе.  Будьте внимательны. Стройте маршрут заранее.
23705;2025-11-21;14;closure;0;;;https://t.me/DtOperativno/23705;"ЦОДД: сегодня короткий рабочий день — рекомендуем выезжать на авто до 16:00 или после 20:00  По данным ЦОДД, на дорогах сейчас 6 баллов. Интенсивное движение наблюдаем сейчас на:  🔹 внешней стороне МКАД в районе Ленинградского шоссе; 🔹 внешней стороне ТТК в районе Чурской эстакады; 🔹 внешней стороне ТТК в районе Савеловской эстакады.  На движение могут повлиять:  🔹 локальные ограничения движения; 🔹 погодные условия; 🔹 короткий рабочий день; 🔹 ремонтные работы на дороге и мелкие ДТП.  Сегодня для поездок рекомендуем использовать городской транспорт. Так вы сэкономите время в пути:  🔹 Тверская у"
23706;2025-11-21;14;closure;0;;;https://t.me/DtOperativno/23706;Движение временно закрыто:  🔹 на Ленинградском шоссе по направлению в область.  Движение ограничено по 3 полосам:  🔹 на внутренней стороне МКАД в районе Рублевского шоссе.  Будьте внимательны. Стройте маршрут заранее.
23708;2025-11-21;16;closure;0;;2025-11-21|2025-12-26;https://t.me/DtOperativno/23708;Напоминаем, что с 21 ноября 2025 г. до 26 декабря 2027 г. участки улицы Адмирала Макарова и бокового проезда Ленинградского шоссе будут закрыты для движения. Это связано с проведением строительных работ.  Рекомендуем заранее планировать маршрут с учётом перекрытий.  В этот же период на участках улицы Адмирала Макарова, Никольского тупика, бокового проезда Ленинградского шоссе и местного проезда в районе владения 3А по 5-му Войковскому проезду будут недоступны для движения 1-2 полосы.   Подробнее – на инфографике👆
23722;2025-11-21;22;tram_route_change;1;17;;https://t.me/DtOperativno/23722;В проезде Дежнева (в районе остановки «Проезд Шокальского») из-за ДТП на путях задерживаются трамваи № 17.  Маршрут временно изменен. Будьте внимательны, следите за объявлениями водителей.
23723;2025-11-21;23;tram_route_change;1;17;;https://t.me/DtOperativno/23723;В проезде Дежнева (в районе остановки «Проезд Шокальского») из-за ДТП на путях задерживаются трамваи № 17.  Маршрут временно изменен. Будьте внимательны, следите за объявлениями водителей.
23728;2025-11-22;20;weather_alert;0;;;https://t.me/DtOperativno/23728;ЦОДД: в городе прогнозируют снег — не отвлекайтесь на телефон за рулем  По прогнозу синоптиков, до завтрашнего утра ожидается мокрый снег. Возможно образование гололедицы.   Будьте аккуратны за рулем: избегайте резких маневров, соблюдайте дистанцию и скоростной режим. Особенно на тех участках дорог, где есть эстакады и тоннели. Снижайте скорость вблизи пешеходных переходов.   Ситуационный центр и экипажи Дорожного патруля ЦОДД 24/7 следят за движением в городе.
23731;2025-11-23;17;weather_alert;0;;;https://t.me/DtOperativno/23731;ЦОДД: Синоптики прогнозируют сегодня ночью ледяной дождь — рекомендуем завтра для поездок использовать городской транспорт  По прогнозу синоптиков, сегодня с 23:00 до завтрашнего утра в Москве местами ожидаются мокрый снег, ледяной дождь. Возможно образование гололедицы.  Будьте аккуратны за рулем: избегайте резких маневров, соблюдайте дистанцию и скоростной режим. Внимательно следите за дорогой, не отвлекайтесь на телефон. Так поездка будет безопасной для вас и других участников движения.  Для поездок по городу завтра рекомендуем по возможности использовать городской транспорт.   За обстановк
23734;2025-11-24;7;weather_alert;0;;;https://t.me/DtOperativno/23734;"1️⃣5️⃣4️⃣3️⃣2️⃣7️⃣ ЦОДД: в городе местами идет дождь — соблюдайте дистанцию и скоростной режим. Для поездок по городу рекомендуем использовать городской транспорт  По прогнозу синоптиков, сегодня в течение дня ожидается дождь и понижение температуры. Возможно образование гололедицы.  На дорожное движение сегодня могут повлиять:  🔹 снижение скорости из-за погоды; 🔹 мелкие ДТП и ремонтные работы на дороге.   Для поездок используйте городской транспорт.   Будьте внимательны за рулем: соблюдайте скоростной режим и дистанцию, не отвлекайтесь на телефон во время движения. Планируйте свой маршрут зар"
23748;2025-11-24;14;weather_alert;0;;;https://t.me/DtOperativno/23748;"ЦОДД: в городе местами идет дождь — не отвлекайтесь на телефон во время движения  По прогнозу синоптиков, дождь в городе будет весь день. Вечером возможно образование гололедицы. Выезжайте только на зимней резине.  По данным ЦОДД, дорожная ситуация оценивается в 4 балла. Интенсивное движение сейчас наблюдаем на:  🔹 Волоколамском шоссе по направлению в область; 🔹 Ярославском шоссе по направлению в центр; 🔹 внутренней стороне МКАД в районе шоссе Энтузиастов.   Вечером ожидаем локальные затруднения движения в центре, на ТТК, МКАД и на вылетных магистралях по направлению в область.  На движение мо"
23749;2025-11-24;19;tram_route_change;1;50;;https://t.me/DtOperativno/23749;На Красноказарменной улице (в районе остановки «1-й Краснокурсантский проезд») из-за ДТП на путях задерживаются трамваи № 32, 37 и 50.  Маршруты временно изменены. Будьте внимательны, следите за объявлениями водителей.
23750;2025-11-24;19;weather_alert;0;;;https://t.me/DtOperativno/23750;1️⃣5️⃣4️⃣3️⃣2️⃣7️⃣ ЦОДД: ночью ожидается понижение температуры — соблюдайте дистанцию и скоростной режим  По прогнозу синоптиков, ночью в городе ожидается понижение температуры. Возможно образование гололедицы.  Для поездок по городу рекомендуем использовать городской транспорт.  Просим водителей избегать резких маневров, соблюдать дистанцию и скоростной режим. Особенно будьте аккуратны на подъемах и спусках с мостов и эстакад. Заранее снижайте скорость вблизи пешеходных переходов.  За обстановкой на дорогах круглосуточно следят Ситуационный центр и экипажи Дорожного патруля ЦОДД.
23751;2025-11-24;19;tram_route_change;1;50;;https://t.me/DtOperativno/23751;На Красноказарменной улице (в районе остановки «1-й Краснокурсантский проезд») из-за ДТП на путях задерживаются трамваи № 32, 37 и 50.  Маршруты временно изменены. Будьте внимательны, следите за объявлениями водителей.
23754;2025-11-25;7;weather_alert;0;;;https://t.me/DtOperativno/23754;Доброе утро!  Сегодня в Москве ожидается пасмурная погода без осадков, местами возможна гололедица ❄️  Вечером возможны локальные затруднения в центре, на ТТК и МКАД, поэтому маршрут лучше строить заранее.   Соблюдайте скоростной режим и держитесь на безопасном расстоянии от впереди идущих автомобилей, чтобы ваша поездка была безопасной для всех участников движения.  Берегите себя 💚
23756;2025-11-25;8;weather_alert;0;;;https://t.me/DtOperativno/23756;1️⃣5️⃣4️⃣3️⃣2️⃣7️⃣ ЦОДД: в городе минусовая температура. Возможно образование гололедицы — соблюдайте дистанцию и скоростной режим  Рекомендуем выезжать на автомобиле только на зимней резине или использовать для поездок городской транспорт.  Просим быть особенно аккуратными на тех участках дорог, где есть эстакады и тоннели. Заранее снижайте скорость вблизи пешеходных переходов. Будьте  внимательными, держите дистанцию, соблюдайте скоростной режим и не отвлекайтесь на телефон.  За обстановкой на дорогах круглосуточно следят Ситуационный центр и экипажи Дорожного патруля ЦОДД.
23758;2025-11-25;11;closure;0;;;https://t.me/DtOperativno/23758;"Движение временно закрыто:  🔹 на Ленинском проспекте; 🔹 на съездах с ТТК и Садового кольца на Ленинский проспект. Объезд по проспекту Вернадского. 🔹 на Боровицкой площади; 🔹 на внутренней стороне МКАД в районе Ленинского проспекта.  Будьте внимательны. Стройте маршрут заранее."
23759;2025-11-25;11;closure;0;;;https://t.me/DtOperativno/23759;"Движение временно закрыто:  🔹 на Ленинском проспекте; 🔹 на съездах с ТТК и Садового кольца на Ленинский проспект. Объезд по проспекту Вернадского. 🔹 на Боровицкой площади; 🔹 на внутренней стороне МКАД в районе Ленинского проспекта.  Будьте внимательны. Стройте…"
23760;2025-11-25;11;tram_route_change;1;7|50;;https://t.me/DtOperativno/23760;✅ Восстановлено движение трамваев до Белорусского вокзала и метро «Новослободская» после 22:00.   Трамваи 7 и 50 в это время снова ходят по своим обычным маршрутам.
23769;2025-11-25;17;weather_alert;0;;;https://t.me/DtOperativno/23769;1️⃣2️⃣3️⃣4️⃣5️⃣ ЦОДД: Ночью в Москве ожидается мокрый снег. Водителям лучше отложить поездки на авто  По прогнозу синоптиков, сегодня с 21:00 до конца завтрашнего дня в Москве ожидается мокрый снег, возможно образование гололедицы.  Автомобилистам рекомендуется:  🔹 Быть особенно внимательными на подъемах и спусках с мостов и эстакад. 🔹 Соблюдать скоростной режим и дистанцию. 🔹 Не совершать резких маневров. 🔹 Не отвлекаться на телефон во время движения.  Рекомендуем завтра отложить поездки на автомобиле и использовать городской транспорт. Так поездка будет безопасной для всех участников дорожно
23773;2025-11-25;20;closure;0;;;https://t.me/DtOperativno/23773;❗️В Битцевском проезде произошло возгорание автомобиля. На месте работают оперативные службы города. Обстоятельства произошедшего и информация о пострадавших уточняются.  Движение в районе происшествия перекрыто. Пожалуйста, выбирайте пути объезда.
23777;2025-11-26;0;closure;0;;;https://t.me/DtOperativno/23777;❗️В Битцевском проезде произошло возгорание автомобиля. На месте работают оперативные службы города. Обстоятельства произошедшего и информация о пострадавших уточняются.  Движение в районе происшествия перекрыто. Пожалуйста, выбирайте пути объезда.
23778;2025-11-26;7;weather_alert;0;;;https://t.me/DtOperativno/23778;"1️⃣1️⃣2️⃣3️⃣4️⃣5️⃣6️⃣7️⃣ ЦОДД: В городе местами идет мокрый снег — рекомендуем для поездок использовать метро  По прогнозам синоптиков, мокрый снег будет сегодня до конца дня. Возможно образование гололедицы.   Автомобилистам рекомендуем:  🔹 Соблюдать скоростной режим и дистанцию; 🔹 Не отвлекаться на телефон во время движения; 🔹 Не парковать машину под деревьями и шаткими конструкциями; 🔹 Быть особенно аккуратными на подъемах и спусках с мостов и эстакад, а также вблизи пешеходных переходов.  В вечерний разъезд рекомендуем использовать метро. Если поездок на автомобиле не избежать, то отложите"
23779;2025-11-26;7;weather_alert;0;;;https://t.me/DtOperativno/23779;Доброе утро!  По прогнозу синоптиков, в течение дня будет идти мокрый снег, на дорогах возможно образование гололедицы ❄️  В связи с погодными условиями вечером ожидаются локальные затруднения движения в центре города, на ТТК и МКАД. Планируйте маршрут заранее, чтобы сэкономить время.   Будьте внимательны за рулем. Особенно на мостах, эстакадах и в тоннелях. Сегодня рекомендуем использовать для поездок городской транспорт.  Пусть ваша поездка будет безопасной 💚
23780;2025-11-26;8;weather_alert;0;;;https://t.me/DtOperativno/23780;"1️⃣2️⃣3️⃣4️⃣5️⃣ В Москве идет снег — на дорогах 5 баллов по данным ЦОДД. В течение дня для поездок по городу используйте городской транспорт  По прогнозам синоптиков, снег будет сегодня до конца дня. Возможно образование гололедицы.  Средняя скорость движения в городе — 32 км/ч. Интенсивное движение сейчас по направлению в центр на:  🔹 проспекте Андропова; 🔹 Кутузовском проспекте; 🔹 проспекте Мира; 🔹 Каширском шоссе.  Во второй половине дня ожидаем локальные затруднения движения на внешней стороне МКАД в районе Ленинградского шоссе, на внешней стороне Садового кольца в районе Садовой-Спасской "
23781;2025-11-26;11;closure;0;;2025-11-29|2025-12-25;https://t.me/DtOperativno/23781;С 29 ноября 2025 г. до 25 декабря 2027 г. участки Анадырского проезда и Шушенской улицы будут закрыты для движения. Это связано с проведением строительных работ.  Подробнее – на инфографике👆  Рекомендуем заранее планировать маршрут с учётом перекрытий.
23783;2025-11-26;15;weather_alert;0;;;https://t.me/DtOperativno/23783;"1️⃣1️⃣2️⃣3️⃣4️⃣5️⃣6️⃣7️⃣ ЦОДД: в городе местами идет мокрый снег — рекомендуем использовать городской транспорт для поездок по городу  По прогнозу синоптиков, до конца дня в Москве будет мокрый снег. Возможно образование гололедицы. Для поездок по городу рекомендуем использовать сегодня городской транспорт.  Интенсивное движение сейчас наблюдаем в оба направления на:  🔹 Ленинградском проспекте в районе дома 70; 🔹 Волгоградском проспекте в районе дома 32, корпус 45; 🔹 Кутузовском проспекте в районе парка Победы.  Вечером локальные затруднения ожидаем на МКАД, ТТК и на магистралях по направлению"
23790;2025-11-26;19;closure;0;;;https://t.me/DtOperativno/23790;Движение временно закрыто:  🔹 на Боровицкой площади.
23791;2025-11-26;19;closure;0;;;https://t.me/DtOperativno/23791;Движение временно закрыто:  🔹 на Боровицкой площади.
23796;2025-11-27;9;closure|weather_alert;0;;;https://t.me/DtOperativno/23796;"1️⃣1️⃣2️⃣3️⃣4️⃣5️⃣6️⃣7️⃣ ЦОДД: сегодня в центре возможны локальные ограничения движения — рекомендуем использовать метро для поездок по городу  Сегодня по прогнозу синоптиков в течение дня ожидается дождь. Возможно образование гололедицы.  Сейчас по данным ЦОДД в городе 5 баллов. Интенсивное движение сейчас на:  🔹 Дмитровском шоссе, д. 47 по направлению в центр; 🔹 внешней стороне МКАД в районе Ленинградского шоссе; 🔹 Волоколамском шоссе по направлению в центр.  Вечером ожидаем затруднения движения в центральной части города, на Садовом кольце, ТТК, МКАД. Для поездок по городу рекомендуем испол"
23816;2025-11-28;10;closure;0;;;https://t.me/DtOperativno/23816;Движение временно закрыто:  🔹 на Садовой-Кудринской улице. Объезд возможен по ТТК.  Будьте внимательны. Стройте маршрут заранее.
23817;2025-11-28;11;closure;0;;;https://t.me/DtOperativno/23817;Движение временно закрыто:  🔹 на Садовой-Кудринской улице. Объезд возможен по ТТК.  Будьте внимательны. Стройте маршрут заранее.
23818;2025-11-28;11;tram_route_change;1;17;;https://t.me/DtOperativno/23818;В районе метро «Бабушкинская» задерживаются трамваи № 17.  Маршрут временно изменен. Будьте внимательны, следите за объявлениями водителей.
23820;2025-11-28;11;closure;0;;;https://t.me/DtOperativno/23820;Движение временно закрыто:  🔹 на Тверской улице. Объезд по улице Петровка.  Будьте внимательны при построении маршрута.
23821;2025-11-28;12;closure;0;;;https://t.me/DtOperativno/23821;Движение временно закрыто:  🔹 на Тверской улице. Объезд по улице Петровка.  Будьте внимательны при построении маршрута.
23822;2025-11-28;12;tram_route_change;1;17;;https://t.me/DtOperativno/23822;В районе метро «Бабушкинская» задерживаются трамваи № 17.  Маршрут временно изменен. Будьте внимательны, следите за объявлениями водителей.
23823;2025-11-28;12;closure;0;;;https://t.me/DtOperativno/23823;"ЦОДД: сегодня пятница — короткий рабочий день перед выходными. Рекомендуем отложить поездки на авто на более позднее время — после 20:00  По данным ЦОДД, на дорогах сейчас 4 балла. Интенсивное движение наблюдаем на внешней стороне Садового кольца в районе Садовой-Кудринской улицы, на внешней стороне МКАД в районе Волоколамского шоссе.  На движение могут повлиять:  🔹 короткий рабочий день; 🔹 локальные ограничения движения; 🔹 ремонтные работы на дороге и мелкие ДТП.  Для поездок рекомендуем использовать городской транспорт. Так вы сэкономите время в пути:  🔹 Ленинский проспект — Ленинградский пр"
23825;2025-11-28;14;closure;0;;;https://t.me/DtOperativno/23825;"1️⃣1️⃣2️⃣3️⃣4️⃣5️⃣6️⃣7️⃣ ЦОДД: на дорогах — 5 баллов по данным ЦОДД. Для поездок сегодня используйте городской транспорт  Интенсивное движение сейчас в обоих направлениях на:  🔹 Садовом кольце в районе улицы Земляной Вал; 🔹 Рязанском проспекте в районе дома 65; 🔹 проспекте Маршала Жукова в районе дома 44.  В вечерний разъезд рекомендуем использовать метро и отложить поездки в центр на личном автомобиле.  На движение могут повлиять:  🔹 локальные ограничения движения; 🔹 ремонтные работы на дороге и мелкие ДТП.  Будьте внимательны на дороге: соблюдайте скоростной режим и дистанцию, не отвлекайтес"
23827;2025-11-28;15;closure;0;;;https://t.me/DtOperativno/23827;Движение временно закрыто:  🔹 на Тверской улице. Объезд по улице Петровка.  Будьте внимательны при построении маршрута.
23833;2025-11-28;16;closure;0;;;https://t.me/DtOperativno/23833;Движение временно закрыто:  🔹 на Тверской улице. Объезд по улице Петровка.  Будьте внимательны при построении маршрута.
23834;2025-11-28;17;closure;0;;;https://t.me/DtOperativno/23834;"ЦОДД: Средняя скорость потока — 24 км/ч.  По данным ЦОДД, движение оценивается в 7 баллов. Рекомендуем использовать метро, а поездки на автомобиле отложить на более позднее время — после 20:00. Так вы сэкономите время в пути.  Интенсивное движение сейчас на:  🔹 Ярославском шоссе по направлению в центр; 🔹 внешней стороне Садового кольца в районе улицы Садовая-Спасская; 🔹 внутренней стороне ТТК в районе Киевского путепровода.  На движение влияют:  🔹 локальные ограничения движения; 🔹 ремонтные работы на дороге; 🔹 мелкие ДТП.  За ситуацией на дороге круглосуточно следят Ситуационный центр и экипаж"
23862;2025-12-01;8;closure;0;;;https://t.me/DtOperativno/23862;"ЦОДД: сегодня в центре возможны локальные ограничения движения — рекомендуем для поездок по городу использовать метро   Сейчас по данным ЦОДД в городе 3 балла. Интенсивное движение на:  🔹 Ленинградском шоссе, 13к1 по направлению в центр; 🔹 МКАД в районе Ленинградского шоссе в оба направления; 🔹 Можайском шоссе, 3/1 по направлению в центр.  Вечером ожидаем затруднения движения в центральной части, на Садовом кольце в районе улицы Валовая, на ТТК в районе улиц Сущевский Вал и Беговая. Для поездок по городу рекомендуем использовать сегодня метро. Так вы сэкономите время в пути.  На дорожное движе"
23863;2025-12-01;11;closure;0;;2025-12-03;https://t.me/DtOperativno/23863;"1️⃣1️⃣2️⃣3️⃣4️⃣5️⃣6️⃣7️⃣ ЦОДД: 2 и 3 декабря в центре возможны локальные ограничения движения — рекомендуем использовать городской транспорт для поездок  На дорожное движение во вторник и среду также могут повлиять:  🔹 погодные условия; 🔹 мелкие ДТП; 🔹 ремонтные работы на дороге.    Будьте внимательны за рулем: соблюдайте скоростной режим и дистанцию, не отвлекайтесь на телефон во время движения. Планируйте свой маршрут заранее.  За ситуацией на дороге 24/7 следят Ситуационный центр и экипажи Дорожного патруля ЦОДД."
23864;2025-12-01;13;closure;0;;;https://t.me/DtOperativno/23864;"ЦОДД: на дорогах — 3 балла по данным ЦОДД. Для поездок в центр сегодня используйте городской транспорт  Интенсивное движение сейчас на:  🔹 внешней стороне ТТК в районе улицы Сущевский Вал; 🔹 Ленинградском шоссе в районе дома 19 по направлению в центр;  🔹 внутренней стороне МКАД в районе Ленинского проспекта.  В вечерний разъезд рекомендуем использовать метро и отложить поездки в центр на личном автомобиле на более позднее время — после 20:00.  На движение могут повлиять:  🔹 локальные ограничения движения; 🔹 ремонтные работы на дороге и мелкие ДТП.  Будьте внимательны на дороге: соблюдайте скор"
23866;2025-12-01;16;tram_works;1;;;https://t.me/DtOperativno/23866;⚠️ Последние рейсы трамваев временно не будут идти в Нагатино.   Трамваи 47 после 23:20 поедут только до Нижних Котлов.   Последний рейс от остановки «Нагатино»:   🔹в 23:59 по будням  🔹в 23:49 по выходным  Пользуйтесь метро и автобусами 824, 888, с811.   Изменения – на время ремонта трамвайных путей на Нагатинской улице.
23867;2025-12-01;18;closure;0;;;https://t.me/DtOperativno/23867;"ЦОДД: завтра в центре возможны локальные ограничения движения — для поездок рекомендуем использовать городской транспорт  В связи с локальными ограничениями движения в течение дня для поездок по городу рекомендуем использовать метро. Если поездок на автомобиле не избежать, то планируйте их на более позднее время — после 20:00. Так вы сэкономите время в пути.  На дорожное движение завтра также могут повлиять:  🔹 мелкие ДТП; 🔹 ремонтные работы на дороге.    Будьте внимательны за рулем: соблюдайте скоростной режим и дистанцию, не отвлекайтесь на телефон во время движения. Планируйте свой маршрут "
23868;2025-12-02;7;closure;0;;;https://t.me/DtOperativno/23868;1️⃣1️⃣2️⃣3️⃣4️⃣5️⃣6️⃣7️⃣ ЦОДД: сегодня в городе возможны локальные ограничения движения — рекомендуем использовать метро для поездок в центр  В связи с возможными локальными ограничениями движения сегодня в течение дня для поездок рекомендуем использовать метро. Это сэкономит время в пути.  Соблюдайте скоростной режим и дистанцию, не отвлекайтесь на телефон во время движения.   За ситуацией на дороге 24/7 следят Ситуационный центр и экипажи Дорожного патруля ЦОДД.
23869;2025-12-02;7;closure;0;;;https://t.me/DtOperativno/23869;Доброе утро!  Сегодня в Москве пасмурно, ожидается небольшой снег ❄️  В течение дня в центре возможны локальные ограничения движения. Для поездок по городу рекомендуем использовать метро. Так вы сэкономите время в пути.  Будьте внимательны и аккуратны за рулем, избегайте резких маневров и соблюдайте дистанцию. Заранее снижайте скорость вблизи пешеходных переходов.  Хорошего дня 💚
23870;2025-12-02;10;closure;0;;;https://t.me/DtOperativno/23870;❗️На проспекте Багратиона (в районе Кутузовского проезда  д. 16А/1) произошло ДТП. На месте работают оперативные службы города. Обстоятельства произошедшего и информация о пострадавших уточняются.  Движение в сторону центра перекрыто, выбирайте пути объезда.
23871;2025-12-02;10;closure;0;;;https://t.me/DtOperativno/23871;"1️⃣1️⃣2️⃣3️⃣4️⃣5️⃣6️⃣7️⃣ ЦОДД: сегодня в центре возможны локальные ограничения движения — рекомендуем использовать метро для поездок по городу  Сейчас по данным ЦОДД в городе 4 балла. Интенсивное движение сейчас на:  🔹 Ленинградском шоссе по направлению в центр; 🔹 Рязанском проспекте по направлению в центр; 🔹 внешней стороне ТТК от Русаковской эстакады до улицы Новая Башиловка.  Движение временно закрыто на:   🔹 Большом Каменном мосту;  🔹 Кремлевской набережной. Объезд возможен по Садовому кольцу и Бульварному кольцу.  Вечером ожидаем затруднения движения на внешней стороне Садового кольца от "
23873;2025-12-02;10;closure;0;;;https://t.me/DtOperativno/23873;1️⃣1️⃣2️⃣3️⃣4️⃣5️⃣6️⃣7️⃣ ЦОДД: сегодня в центре возможны локальные ограничения движения — рекомендуем использовать метро для поездок по городу  Сейчас по данным ЦОДД в городе 4 балла. Интенсивное движение сейчас на:  🔹 Ленинградском шоссе по направлению в…
23874;2025-12-02;11;closure;0;;;https://t.me/DtOperativno/23874;1️⃣1️⃣2️⃣3️⃣4️⃣5️⃣6️⃣7️⃣ ЦОДД: сегодня в центре возможны локальные ограничения движения — рекомендуем использовать метро для поездок по городу  Сейчас по данным ЦОДД в городе 4 балла. Интенсивное движение сейчас на:  🔹 Ленинградском шоссе по направлению в…
23875;2025-12-02;13;closure;0;;;https://t.me/DtOperativno/23875;❗️На проспекте Багратиона (в районе Кутузовского проезда  д. 16А/1) произошло ДТП. На месте работают оперативные службы города. Обстоятельства произошедшего и информация о пострадавших уточняются.  Движение в сторону центра перекрыто, выбирайте пути объезда.
23876;2025-12-02;14;closure;0;;;https://t.me/DtOperativno/23876;"1️⃣1️⃣2️⃣3️⃣4️⃣5️⃣6️⃣7️⃣ На дорогах — 5 баллов по данным ЦОДД. Для поездок сегодня используйте метро  Интенсивное движение сейчас на:  🔹 Ярославском шоссе по направлению в центр; 🔹 внутренней стороне МКАД в районе Ярославского шоссе; 🔹 МКАД в районе Киевского шоссе в оба направления.  В вечерний разъезд рекомендуем использовать метро и отложить поездки в центр на личном автомобиле.  На движение могут повлиять:  🔹 локальные ограничения движения; 🔹 ремонтные работы на дороге и мелкие ДТП.  Будьте внимательны на дороге: соблюдайте скоростной режим и дистанцию, не отвлекайтесь на телефон во время "
23881;2025-12-02;15;closure;0;;;https://t.me/DtOperativno/23881;Движение временно закрыто:  🔹 на Смоленской набережной. Объезд по набережной Тараса Шевченко. 🔹 на Новинском бульваре. Объезд по ТТК. 🔹 в Китайгородском проезде.  Планируйте маршрут заранее.
23883;2025-12-02;16;closure;0;;;https://t.me/DtOperativno/23883;Движение временно закрыто:  🔹 на Новоарбатском мосту. Объезд через Звенигородское шоссе. 🔹 на Новинском бульваре, на съезде на улицу Новый Арбат.
23884;2025-12-02;16;closure;0;;;https://t.me/DtOperativno/23884;"На дорогах — 5 баллов по данным ЦОДД. Для поездок по городу рекомендуем использовать метро  Средняя скорость движения в городе — 32 км/ч.  Интенсивное движение сейчас наблюдаем на:  🔹  на внешней стороне МКАД в районе Ленинградского шоссе; 🔹  на Варшавском шоссе в районе дома 128 по направлению в область; 🔹  на шоссе Энтузиастов перед ТТК по направлению в центр.  Вечером ожидаем затруднения движения на Ярославском, Ленинградском шоссе и на шоссе Энтузиастов перед Свободным проспектом по направлению в область.  В вечерний разъезд рекомендуем использовать метро. Если поездок на автомобиле не изб"
23885;2025-12-02;17;closure;0;;;https://t.me/DtOperativno/23885;"ЦОДД: Средняя скорость потока — 32 км/ч.  По данным ЦОДД, движение оценивается в 7 баллов. Рекомендуем использовать метро, а поездки на автомобиле отложить на более позднее время — после 20:00. Так вы сэкономите время в пути.  Интенсивное движение сейчас на:  🔹 внутренней стороне Садового кольца от Курского вокзала до улицы Новый Арбат; 🔹 внешней стороне Садового кольца от Курского вокзала до улицы Новый Арбат; 🔹 внутренней стороне ТТК от Южнопортовой улицы до улицы Сущевский Вал.  На движение влияют:  🔹 локальные ограничения движения; 🔹 ремонтные работы на дороге; 🔹 мелкие ДТП.  За ситуацией "
23887;2025-12-02;17;closure;0;;;https://t.me/DtOperativno/23887;Движение временно закрыто:  🔹 на Новоарбатском мосту. Объезд через Звенигородское шоссе. 🔹 на Новинском бульваре, на съезде на улицу Новый Арбат.
23895;2025-12-02;20;closure;0;;;https://t.me/DtOperativno/23895;"1️⃣1️⃣2️⃣3️⃣4️⃣5️⃣6️⃣ ЦОДД: завтра в центре возможны локальные ограничения движения — быстрее на метро  В связи с локальными ограничениями движения завтра для поездок по городу рекомендуем использовать метро. Так вы сэкономите время в пути.  На дорожное движение также могут повлиять:  🔹 мелкие ДТП; 🔹 ремонтные работы на дороге.    Соблюдайте скоростной режим и дистанцию, не отвлекайтесь на телефон во время движения.   За ситуацией на дороге 24/7 следит Ситуационный центр ЦОДД.  Вся актуальная информация в телеграм-канале «Дептранс. Оперативно»."
23896;2025-12-03;6;closure;0;;;https://t.me/DtOperativno/23896;"ЦОДД: в центре возможны локальные ограничения движения — вечером лучше отложить поездки на авто или использовать городской транспорт  В течение дня возможны локальные ограничения движения в центральной части города. Также в вечерний разъезд возможны затруднения движения на ТТК, МКАД и на вылетных магистралях по направлению в область.   Рекомендуем сегодня для поездок по городу использовать городской транспорт. Или отложить поездки на авто на позднее время — после 20:00.  На движение могут повлиять:  🔹 локальные ограничения движения; 🔹 мелкие ДТП; 🔹 ремонтные работы на дороге.   Будьте внимател"
23897;2025-12-03;7;closure;0;;;https://t.me/DtOperativno/23897;Доброе утро!  Сегодня в городе облачная погода, местами ожидается туман.  В течение дня в центре возможны локальные ограничения движения. Рекомендуем для поездок по городу выбирать метро.  Просим водителей избегать резких маневров, не отвлекаться на телефон, соблюдать дистанцию и скоростной режим.   Берегите себя 💚
23899;2025-12-03;10;closure;0;;2025-12-07|2025-12-10;https://t.me/DtOperativno/23899;С 00:01 7 декабря до 08:00 10 декабря участок Выставочного переулка будет закрыт для проезда. Это связано с проведением Всероссийского патриотического форума.   Рекомендуем заранее планировать маршрут с учётом перекрытия.   Подробнее – на сайте.
23900;2025-12-03;10;closure;0;;;https://t.me/DtOperativno/23900;"1️⃣1️⃣2️⃣3️⃣4️⃣5️⃣6️⃣7️⃣ На дорогах — 5 баллов по данным ЦОДД. Для поездок в центр сегодня используйте городской транспорт  Интенсивное движение сейчас на:  🔹 Ярославском шоссе по направлению в центр; 🔹 внутренней стороне ТТК в районе улицы Беговая; 🔹 внешней стороне  МКАД в районе Ленинградского шоссе.  В вечерний разъезд ожидаем затруднения движения по направлению в область на шоссе Энтузиастов в районе Свободного проспекта, а также на Ярославском и Ленинградском шоссе.  Рекомендуем в течение дня использовать метро и отложить поездки в центр на личном автомобиле на более позднее время — посл"
23904;2025-12-03;12;closure;0;;;https://t.me/DtOperativno/23904;"Движение временно закрыто:  🔹 на Большом Каменном мосту по направлению в центр; 🔹 на Новоарбатском мосту по направлению в центр; 🔹 на внешней стороне Садового кольца в районе Кудринской площади; 🔹 на внутренней стороне Садового кольца в районе Зубовского бульвара; 🔹 на улице Тверская по направлению в центр; 🔹 на съезд с Никитского бульвара на улицу Новый Арбат по направлению в область.  Будьте внимательны, планируйте маршрут заранее."
23906;2025-12-03;13;closure;0;;;https://t.me/DtOperativno/23906;"1️⃣1️⃣2️⃣3️⃣4️⃣5️⃣6️⃣7️⃣ На дорогах — 4 балла по данным ЦОДД. Интенсивное движение преимущественно в центре города — отложите поездки на автомобиле  Интенсивное движение сейчас на:  🔹 Ленинградском шоссе по направлению в центр; 🔹 внутренней стороне ТТК от Новолужнецкого проезда до Хорошевской эстакады; 🔹 внешней стороне МКАД от Новорязанского шоссе до шоссе Энтузиастов.  На движение могут повлиять:  🔹 локальные ограничения движения; 🔹 ремонтные работы на дороге и мелкие ДТП.  Рекомендуем сегодня воспользоваться метро. Если поездок на автомобиле не избежать, то отложите их на более позднее врем"
23919;2025-12-04;8;closure;0;;;https://t.me/DtOperativno/23919;Движение временно закрыто:  🔹 на съезде с ТТК на Ленинский проспект. Объезд по Комсомольскому проспекту, по Большой Тульской улице.  🔹 на улице Знаменка перед Боровицкой площадью. Объезд через Садовое кольцо. 🔹 на съездах с МКАД на Киевское шоссе по направлению в область.  Будьте внимательны при планировании маршрута.
23920;2025-12-04;9;closure;0;;;https://t.me/DtOperativno/23920;"1️⃣1️⃣2️⃣3️⃣4️⃣5️⃣6️⃣7️⃣ На дорогах — 5 баллов по данным ЦОДД. Для поездок рекомендуем использовать городской транспорт  Интенсивное движение сейчас в оба направления на:  🔹 Ленинградском шоссе в районе дома 55; 🔹 Алтуфьевском шоссе в районе дома 41; 🔹 МКАД в районе Осташковской улицы.  В часы вечернего разъезда ожидаем локальные затруднения движения в центральной части города, на ТТК, МКАД и на вылетных магистралях по направлению в область.   Вечером рекомендуем использовать городской транспорт. Если поездок на автомобиле не избежать, то отложите их на более позднее время — после 19:00.  На д"
23921;2025-12-04;9;closure;0;;;https://t.me/DtOperativno/23921;Движение временно закрыто:  🔹 на съезде с ТТК на Ленинский проспект. Объезд по Комсомольскому проспекту, по Большой Тульской улице.  🔹 на улице Знаменка перед Боровицкой площадью. Объезд через Садовое кольцо. 🔹 на съездах с МКАД на Киевское шоссе по направлению…
23924;2025-12-04;11;tram_works|tram_route_change;1;;2025-12-06;https://t.me/DtOperativno/23924;⚠️ С 6 декабря по выходным трамваи не будут ходить в Нагатино.   В эти дни трамваи поедут по изменённым маршрутам:  🔹47 – от метро «Октябрьская» через метро «Нагатинская» до Нижних Котлов   🔹49 – работать не будет   Вместо трамваев – автобус 049 от метро «Нагатинская» в Нагатино.   Остановки автобуса у метро «Коломенская» будут расположены:   🔹В сторону остановки «Нагатино» – на трамвайной платформе на Судостроительной улице (выход из метро 1)   🔹В сторону метро «Нагатинская» – на проспекте Андропова (выходы из метро 5 и 6)   Изменения – на время ремонта трамвайных путей на Нагатинской улице.
23928;2025-12-04;19;tram_route_change;1;28;;https://t.me/DtOperativno/23928;На Живописной улице (в районе остановки «Проспект Маршала Жукова») из-за автомобиля, застрявшего на путях, задерживаются трамваи № 28 и 31.  Маршруты временно изменены. Будьте внимательны, следите за объявлениями водителей.
23929;2025-12-04;19;tram_route_change;1;28;;https://t.me/DtOperativno/23929;На Живописной улице (в районе остановки «Проспект Маршала Жукова») из-за автомобиля, застрявшего на путях, задерживаются трамваи № 28 и 31.  Маршруты временно изменены. Будьте внимательны, следите за объявлениями водителей.
23940;2025-12-05;19;closure;0;;2025-12-07;https://t.me/DtOperativno/23940;7 декабря с 11:00 до 15:00 участок улицы Еланского будет закрыт для проезда. Это связано с проведением мероприятия.  Рекомендуем заранее планировать маршрут.  Также на участке перекрытия будет временно запрещена парковка.  Подробнее – на инфографике👆
23956;2025-12-08;10;closure;0;;2025-07-20|2025-12-12;https://t.me/DtOperativno/23956;С 12 декабря 2025 г. до 20 июля 2027 г. участок 5-го Войковского проезда будет закрыт для движения. Это связано с проведением строительных работ.  Рекомендуем заранее планировать маршрут с учётом перекрытия.  Также на участках 5-го Войковского проезда будут недоступны для движения 1-2 полосы и организовано реверсивное движение. Обращайте внимание на знаки.  Подробнее – на инфографике👆
23959;2025-12-08;11;tram_route_change;1;;;https://t.me/DtOperativno/23959;В Соболевском проезде (в районе остановки «Коптевский рынок») из-за ДТП на путях задерживаются трамваи № 23, 27 и 30.  Маршрут временно изменен. Будьте внимательны, следите за объявлениями водителей.
23960;2025-12-08;12;tram_route_change;1;;;https://t.me/DtOperativno/23960;В Соболевском проезде (в районе остановки «Коптевский рынок») из-за ДТП на путях задерживаются трамваи № 23, 27 и 30.  Маршрут временно изменен. Будьте внимательны, следите за объявлениями водителей.
23966;2025-12-08;14;tram_route_change;1;;;https://t.me/DtOperativno/23966;На Яузском бульваре (в районе остановки «Воронцово Поле») из-за ДТП двух автомобилей на путях задерживаются трамваи № А, Т1, 3 и 39.  Маршруты временно изменены. Будьте внимательны, следите за объявлениями водителей.
23967;2025-12-08;14;tram_route_change;1;;;https://t.me/DtOperativno/23967;На Яузском бульваре (в районе остановки «Воронцово Поле») из-за ДТП двух автомобилей на путях задерживаются трамваи № А, Т1, 3 и 39.  Маршруты временно изменены. Будьте внимательны, следите за объявлениями водителей.
23968;2025-12-08;15;weather_alert;0;;;https://t.me/DtOperativno/23968;"1️⃣5️⃣4️⃣3️⃣2️⃣7️⃣ ЦОДД: вечером в городе ожидается понижение температуры — соблюдайте дистанцию и скоростной режим  По прогнозу синоптиков, с сегодняшнего вечера в городе ожидается понижение температуры. Возможно образование гололедицы. Для поездок по городу используйте городской транспорт.  Просим водителей:  🔹избегать резких маневров; 🔹соблюдать дистанцию и скоростной режим; 🔹быть особенно аккуратными на подъемах и спусках с мостов и эстакад; 🔹заранее снижать скорость вблизи пешеходных переходов.  За обстановкой на дорогах круглосуточно следят Ситуационный центр и экипажи Дорожного патруля "
23976;2025-12-09;7;weather_alert;0;;;https://t.me/DtOperativno/23976;Доброе утро!  Сегодня в столице пасмурная погода, местами возможна гололедица ☁️  В вечерний разъезд ожидаются локальные затруднения движения в центре города, на ТТК и МКАД, поэтому планируйте маршрут заранее.   Будьте аккуратны и внимательны за рулем. Не отвлекайтесь на телефон, соблюдайте скоростной режим и дистанцию.  Берегите себя 💚
23977;2025-12-09;8;weather_alert;0;;;https://t.me/DtOperativno/23977;"1️⃣5️⃣4️⃣3️⃣2️⃣7️⃣ ЦОДД: в городе местами ожидается снег и понижение температуры — соблюдайте дистанцию и скоростной режим  По прогнозу синоптиков, в течение дня в городе ожидается небольшой снег и понижение температуры. Возможно образование гололедицы.  Интенсивное движение наблюдаем сейчас:  🔹 на внешней стороне ТТК в районе улицы Сущевский Вал; 🔹 на внешней стороне Садового кольца в районе Смоленского бульвара; 🔹 на МКАД в районе Ленинградского шоссе в оба направления.  Вечером ожидаем локальные затруднения на ТТК в районе Лужнецкой эстакады и улицы Беговая, а также на Садовом кольце в райо"
23979;2025-12-09;14;weather_alert;0;;;https://t.me/DtOperativno/23979;"ЦОДД: вечером ожидаются снег и понижение температуры — соблюдайте дистанцию и скоростной режим  По прогнозу синоптиков, сегодня ночью и завтра утром в течение дня в городе ожидаются снег и понижение температуры. Возможно образование гололедицы.  Интенсивное движение наблюдаем сейчас в обоих направлениях:  🔹 на МКАД в районе Щелковского шоссе; 🔹 на Варшавском шоссе в районе дома 2; 🔹 на ТТК в районе Лужнецкой эстакады.  Просим водителей соблюдать дистанцию и скоростной режим, быть особенно аккуратными на подъемах и спусках с мостов и эстакад и заранее снижать скорость вблизи пешеходных переходо"
23986;2025-12-09;19;weather_alert;0;;;https://t.me/DtOperativno/23986;"1️⃣2️⃣3️⃣4️⃣5️⃣6️⃣7️⃣ ЦОДД: в Москве ожидаются снег и понижение температуры — соблюдайте дистанцию и скоростной режим  По прогнозу синоптиков, сегодня ночью и завтра в течение дня в Москве ожидаются снег и понижение температуры. Возможно образование гололедицы.  Автомобилистам рекомендуется:  🔹 Быть особенно внимательными на подъемах и спусках с мостов и эстакад. 🔹 Соблюдать скоростной режим и дистанцию. 🔹 Не совершать резких маневров. 🔹 Не отвлекаться на телефон во время движения.  На дорожное движение завтра могут повлиять:  🔹 снижение скорости из-за погоды; 🔹 мелкие ДТП и ремонтные работы н"
23987;2025-12-10;6;tram_route_change;1;;;https://t.me/DtOperativno/23987;На Варшавском шоссе (в районе остановки «Стадион Труд») задерживаются трамваи № 3, 16, 47 и 49.  Маршруты временно изменены. Будьте внимательны, следите за объявлениями водителей.
23988;2025-12-10;6;weather_alert;0;;;https://t.me/DtOperativno/23988;"1️⃣1️⃣2️⃣3️⃣4️⃣5️⃣6️⃣7️⃣ ЦОДД: В городе местами идет снег — рекомендуем для поездок использовать городской транспорт  По прогнозам синоптиков, мокрый снег будет сегодня в течение дня. Возможно образование гололедицы.   Автомобилистам рекомендуем:  🔹 Соблюдать скоростной режим и дистанцию; 🔹 Не отвлекаться на телефон во время движения; 🔹 Быть особенно аккуратными на подъемах и спусках с мостов и эстакад, а также вблизи пешеходных переходов.  В вечерний разъезд рекомендуем использовать метро. Если поездок на автомобиле не избежать, то отложите их на более позднее время — после 19:00. Так вы сэко"
23989;2025-12-10;7;tram_route_change;1;;;https://t.me/DtOperativno/23989;На Варшавском шоссе (в районе остановки «Стадион Труд») задерживаются трамваи № 3, 16, 47 и 49.  Маршруты временно изменены. Будьте внимательны, следите за объявлениями водителей.
23990;2025-12-10;7;weather_alert;0;;;https://t.me/DtOperativno/23990;Доброе утро!  По прогнозу синоптиков, сегодня в течение дня в Москве местами ожидается снег, возможна гололедица ❄️  В вечерний разъезд ожидаем локальные затруднения движения в центре, на ТТК, МКАД и на вылетных магистралях по направлению в область. Для поездок по городу рекомендуем выбирать метро. Так вы сэкономите время.  Будьте особенно аккуратны на подъемах и спусках с мостов и эстакад. Заранее снижайте скорость вблизи пешеходных переходов.   Безопасной дороги 💚
23991;2025-12-10;8;weather_alert;0;;;https://t.me/DtOperativno/23991;"1️⃣2️⃣3️⃣4️⃣5️⃣ В Москве местами идет снег — на дорогах 4 балла по данным ЦОДД. В течение дня для поездок по городу используйте городской транспорт  По прогнозам синоптиков, сегодня в течение дня в некоторых районах города ожидается снег. Возможно образование гололедицы.  Интенсивное движение сейчас на:  🔹 Ленинградском шоссе по направлению в центр; 🔹 ТТК в районе Новорижской эстакады в оба направления; 🔹 на МКАД в районе Ленинградского шоссе в оба направления.  Во второй половине дня ожидаем локальные затруднения движения на внутренней стороне ТТК в районе улицы Беговая, на внешней стороне Са"
23992;2025-12-10;10;closure;0;;;https://t.me/DtOperativno/23992;"ЦОДД: сегодня в центре возможны локальные ограничения движения — вечером лучше отложить поездки на авто или использовать городской транспорт  В течение дня в западной и центральной частях города возможны локальные ограничения движения. Также в вечерний разъезд возможны затруднения движения на ТТК, МКАД и на вылетных магистралях по направлению в область.   Рекомендуем сегодня для поездок по городу использовать городской транспорт. Или отложить поездки на авто на позднее время — после 19:00.  На движение могут повлиять:  🔹 локальные ограничения движения; 🔹 погодные условия; 🔹 мелкие ДТП; 🔹 ремон"
23993;2025-12-10;10;closure;0;;;https://t.me/DtOperativno/23993;Движение временно закрыто:  🔹 на Киевском шоссе в районе шоссе Ракитки по направлению в центр.  Будьте внимательны при планировании маршрута.
23994;2025-12-10;11;closure;0;;;https://t.me/DtOperativno/23994;Движение временно закрыто:  🔹 на Киевском шоссе в районе шоссе Ракитки по направлению в центр.  Будьте внимательны при планировании маршрута.
23995;2025-12-10;11;closure;0;;;https://t.me/DtOperativno/23995;Движение временно закрыто:  🔹 на улице Тверская по направлению в центр.  Будьте внимательны, стройте маршрут заранее.
23996;2025-12-10;11;closure;0;;;https://t.me/DtOperativno/23996;Движение временно закрыто:  🔹 на Пушкинской площади. Объезд возможен по Садовому кольцу.
23997;2025-12-10;11;closure;0;;;https://t.me/DtOperativno/23997;Движение временно закрыто:  🔹 в Китайгородском проезде.
23998;2025-12-10;12;closure;0;;;https://t.me/DtOperativno/23998;"1️⃣1️⃣2️⃣3️⃣4️⃣5️⃣6️⃣7️⃣ На дорогах — 4 балла по данным ЦОДД. Для поездок в центр рекомендуем использовать городской транспорт  Интенсивное движение сейчас на:  🔹 внутренней стороне МКАД в районе Варшавского шоссе; 🔹 внешней стороне МКАД в районе Волоколамского шоссе; 🔹 внешней стороне Садового кольца в районе Садовой-Сухаревской улицы.  В часы вечернего разъезда ожидаем локальные затруднения движения в центральной части города, на ТТК, МКАД и на вылетных магистралях по направлению в область.   Вечером рекомендуем использовать городской транспорт. Если поездок на автомобиле не избежать, то отл"
23999;2025-12-10;13;closure;0;;;https://t.me/DtOperativno/23999;Движение временно закрыто:  🔹 в Китайгородском проезде.
24000;2025-12-10;13;closure;0;;;https://t.me/DtOperativno/24000;"Движение временно закрыто:  🔹 на Пушкинской площади; 🔹 на улице Тверская.  Будьте внимательны перед планированием маршрута."
24001;2025-12-10;13;closure;0;;;https://t.me/DtOperativno/24001;"Движение временно закрыто:  🔹 на Пушкинской площади; 🔹 на улице Тверская.  Будьте внимательны перед планированием маршрута."
24002;2025-12-10;14;closure;0;;2025-12-12;https://t.me/DtOperativno/24002;"1️⃣1️⃣2️⃣3️⃣4️⃣5️⃣6️⃣7️⃣ ЦОДД: 11 и 12 декабря в центре возможны локальные ограничения движения — рекомендуем использовать городской транспорт для поездок  На дорожное движение в четверг и пятницу также могут повлиять:  🔹 погодные условия; 🔹 мелкие ДТП; 🔹 ремонтные работы на дороге.    Будьте внимательны за рулем: соблюдайте скоростной режим и дистанцию, не отвлекайтесь на телефон во время движения. Планируйте свой маршрут заранее.  За ситуацией на дороге 24/7 следят Ситуационный центр и экипажи Дорожного патруля ЦОДД."
24006;2025-12-10;17;closure;0;;;https://t.me/DtOperativno/24006;"Движение временно закрыто:  🔹 на Пушкинской площади; 🔹 на улице Тверская в направлению в центр.  Будьте внимательны перед планированием маршрута."
24012;2025-12-10;20;closure;0;;;https://t.me/DtOperativno/24012;"1️⃣1️⃣2️⃣3️⃣4️⃣5️⃣6️⃣7️⃣ ЦОДД: завтра в центре возможны локальные ограничения движения — быстрее на метро  По прогнозу синоптиков, завтра в Москве ожидается дождь в течение дня.  В связи с локальными ограничениями движения завтра для поездок по городу рекомендуем использовать метро. Так вы сэкономите время в пути.  На дорожное движение также могут повлиять:  🔹 погодные условия; 🔹 мелкие ДТП; 🔹 ремонтные работы на дороге.    Соблюдайте скоростной режим и дистанцию, не отвлекайтесь на телефон во время движения.   За ситуацией на дороге 24/7 следит Ситуационный центр ЦОДД.  Вся актуальная информа"
24014;2025-12-11;6;closure;0;;;https://t.me/DtOperativno/24014;1️⃣1️⃣2️⃣3️⃣4️⃣5️⃣6️⃣7️⃣ ЦОДД: сегодня в городе ожидаются локальные ограничения движения — рекомендуем использовать метро для поездок в центр  В связи с возможными локальными ограничениями движения сегодня и завтра в течение дня для поездок рекомендуем использовать метро. Это сэкономит время в пути.  Соблюдайте скоростной режим и дистанцию, не отвлекайтесь на телефон во время движения. Планируйте маршрут заранее.  За ситуацией на дороге 24/7 следят Ситуационный центр и экипажи Дорожного патруля ЦОДД.
24016;2025-12-11;7;closure;0;;;https://t.me/DtOperativno/24016;Доброе утро!   Сегодня синоптики обещают дождь 🌧  В течение дня в центре ожидаются локальные ограничения движения. Рекомендуем для поездок по городу выбирать метро. Так вы сэкономите время.  Просим водителей быть внимательными за рулем, не отвлекаться на телефон, а также соблюдать скоростной режим и дистанцию.   Берегите себя 💚
24017;2025-12-11;8;closure;0;;;https://t.me/DtOperativno/24017;"ЦОДД: в городе местами идет дождь — для поездок в центр сегодня используйте метро  По прогнозам синоптиков, сегодня в течение дня в Москве будет небольшой дождь.  По данным ЦОДД, дорожная ситуация оценивается в 4 балла. Интенсивное движение сейчас наблюдаем по направлению в центр на:  🔹 Ярославском шоссе; 🔹 шоссе Энтузиастов; 🔹 Ленинградском шоссе.  Вечером ожидаем локальные затруднения движения преимущественно в центральной части города: на Боровицкой площади, на Садовом кольце в районе Новинского бульвара.  На движение могут повлиять:   🔹 локальные ограничения движения;  🔹 погодные условия; "
24018;2025-12-11;9;closure;0;;;https://t.me/DtOperativno/24018;Движение временно закрыто:  🔹 на Тверской улице в районе дома 2 по направлению в центр. Объезд возможен по ТТК. 🔹 на Боровицкой площади. Объезд возможен через Садовое кольцо.  Будьте внимательны при построении маршрута.
24020;2025-12-11;11;closure;0;;;https://t.me/DtOperativno/24020;Движение временно закрыто:  🔹 на улице Знаменка в районе дома 3. Объезд возможен по Садовому  кольцу.
24021;2025-12-11;11;closure;0;;;https://t.me/DtOperativno/24021;"1️⃣1️⃣2️⃣3️⃣4️⃣5️⃣6️⃣7️⃣ В Москве местами идет дождь — на дорогах 5 баллов по данным ЦОДД. В течение дня для поездок в центр используйте метро  Интенсивное движение сейчас на:  🔹 Тверской улице; 🔹 внешней стороне Садового кольца в районе Садовой-Сухаревской улицы; 🔹 улице Большая Полянка.  Во второй половине дня ожидаем локальные затруднения движения в центральной части города, на Садовом кольце, ТТК и МКАД.  Для поездок по городу используйте городской транспорт. Или планируйте поездки на автомобиле на более позднее время. На движение могут повлиять:  🔹 локальные ограничения движения; 🔹 низкие"
24022;2025-12-11;11;closure;0;;;https://t.me/DtOperativno/24022;Движение временно закрыто:  🔹 на внутренней стороне МКАД в районе Ленинского проспекта.  Будьте внимательны при построении маршрута.
24023;2025-12-11;11;closure;0;;;https://t.me/DtOperativno/24023;Движение временно закрыто:  🔹 на внутренней стороне Садового кольца в районе улицы Крымский Вал.
24024;2025-12-11;11;closure;0;;;https://t.me/DtOperativno/24024;Движение временно закрыто:  🔹 на внутренней стороне МКАД в районе Ленинского проспекта.  Будьте внимательны при построении маршрута.
24026;2025-12-11;12;weather_alert;0;;;https://t.me/DtOperativno/24026;1️⃣2️⃣3️⃣4️⃣5️⃣6️⃣7️⃣ ЦОДД: в городе прогнозируют снег — не отвлекайтесь на телефон за рулем  По прогнозу синоптиков, до конца завтрашнего дня в Москве ожидаются мокрый снег, сильный ветер до 15 м/с, дождь. Возможно образование гололедицы.   Будьте аккуратны за рулем: избегайте резких маневров, соблюдайте дистанцию и скоростной режим. Особенно на тех участках дорог, где есть эстакады и тоннели. Снижайте скорость вблизи пешеходных переходов. Не оставляйте автомобили и не стойте сами вблизи деревьев и шатких конструкций.  Ситуационный центр и экипажи Дорожного патруля ЦОДД 24/7 следят за движени
24027;2025-12-11;12;closure;0;;;https://t.me/DtOperativno/24027;Движение временно закрыто:  🔹 на Киевском шоссе в районе 34 км по направлению в центр.
24028;2025-12-11;13;closure;0;;;https://t.me/DtOperativno/24028;Движение временно закрыто:  🔹 на внутренней стороне Садового кольца в районе улицы Крымский Вал.
24029;2025-12-11;13;closure;0;;;https://t.me/DtOperativno/24029;Движение временно закрыто:  🔹 на Тверской улице в районе дома 2 по направлению в центр. Объезд возможен по ТТК. 🔹 на Боровицкой площади. Объезд возможен через Садовое кольцо.  Будьте внимательны при построении маршрута.
24030;2025-12-11;13;closure;0;;;https://t.me/DtOperativno/24030;"1️⃣1️⃣2️⃣3️⃣4️⃣5️⃣6️⃣7️⃣ На дорогах — 7 баллов по данным ЦОДД. Вечером на авто выезжайте после 20:00  Средняя скорость движения в городе — 33 км/ч. Интенсивное движение сейчас на:  🔹 внешней стороне ТТК в районе улицы Садовая-Самотечная; 🔹 внешней стороне МКАД в районе Ленинградского шоссе; 🔹 внешней стороне Садового кольца в районе улицы Земляной Вал.  На дорожное движение влияют:  🔹 локальные ограничения движения; 🔹 снижение скорости из-за погоды; 🔹 мелкие ДТП и ремонтные работы на дороге.   Сегодня рекомендуем воспользоваться метро, а поездки на автомобиле отложить на более позднее время — "
24032;2025-12-11;13;closure;0;;;https://t.me/DtOperativno/24032;Движение временно закрыто:  🔹 на Киевском шоссе в районе 34 км по направлению в центр.
24033;2025-12-11;14;closure;0;;;https://t.me/DtOperativno/24033;Движение временно закрыто:  🔹 на Новоарбатском мосту.
24034;2025-12-11;14;closure;0;;;https://t.me/DtOperativno/24034;Движение временно закрыто:  🔹 на Новоарбатском мосту.
24040;2025-12-11;16;closure;0;;;https://t.me/DtOperativno/24040;"Движение временно закрыто:  🔹 на Боровицкой площади; 🔹 на улице Знаменка."
24041;2025-12-11;16;closure;0;;;https://t.me/DtOperativno/24041;"По данным ЦОДД, ситуация на дороге оценивается в 6 баллов. Интенсивное движение преимущественно в центре города — отложите поездки на автомобиле  Интенсивное движение сейчас на:  🔹  внешней стороне Садового кольца в районе улицы Садовая-Спасская; 🔹  улице Большая Якиманка; 🔹  улице Пятницкая.  На движение влияют:   🔹 локальные ограничения движения;  🔹 низкие скорости из-за погоды;  🔹 ремонтные работы на дороге и мелкие ДТП.  Рекомендуем сегодня воспользоваться метро. Если поездок на автомобиле не избежать, то отложите их на более позднее время — после 20:00.  Будьте внимательны на дороге: собл"
24042;2025-12-11;16;closure;0;;;https://t.me/DtOperativno/24042;"Движение временно закрыто:  🔹 на Кутузовском проспекте перед Новоарбатским мостом; 🔹 на улице Большая Дмитровка в районе дома 2."
24046;2025-12-11;17;closure;0;;;https://t.me/DtOperativno/24046;"Движение временно закрыто:  🔹 на Боровицкой площади; 🔹 на улице Знаменка."
24053;2025-12-11;18;closure;0;;;https://t.me/DtOperativno/24053;Движение временно закрыто:  🔹 на Садовом кольце в районе улицы Крымский Вал.
24055;2025-12-11;18;closure;0;;;https://t.me/DtOperativno/24055;"По данным ЦОДД, в городе 8 баллов — поездки на авто после 20:00  Движение интенсивное преимущественно в центральной части города. По прогнозам ЦОДД, движение нормализуется после 20:00.  Средняя скорость потока — 23 км/ч.   Интенсивное движение на:  🔹 Можайском шоссе в районе дома 3/1; 🔹 набережной Тараса Шевченко до Новоарбатского моста; 🔹 улице Грузинский Вал до площади Тверской Заставы.  Свободное движение на:  🔹 проспекте Генерала Дорохова в районе дома 49 в направлении центра; 🔹 Мичуринском проспекте в районе дома 6, корпус 2 по улице Раменки в направлении центра; 🔹 Каширском шоссе в район"
24056;2025-12-11;18;closure|weather_alert;0;;;https://t.me/DtOperativno/24056;"1️⃣1️⃣2️⃣3️⃣4️⃣5️⃣6️⃣7️⃣ ЦОДД: завтра в городе ожидаются снег и локальные ограничения движения — рекомендуем для поездок по городу использовать метро   По прогнозу синоптиков, завтра в Москве ожидаются мокрый снег и сильный ветер. Возможно образование гололедицы.  Также в связи с локальными ограничениями движения завтра для поездок в центр рекомендуем использовать метро. Так будет быстрее.  На дорожное движение могут повлиять:  🔹 локальные ограничения движения; 🔹 неблагоприятные погодные условия; 🔹 мелкие ДТП; 🔹 ремонтные работы на дороге.    Будьте внимательны за рулем: соблюдайте скоростной "
24058;2025-12-11;19;closure;0;;;https://t.me/DtOperativno/24058;"По данным ЦОДД, ситуация на дороге оценивается в 9 баллов. Интенсивное движение преимущественно в центре города.  Средняя скорость движения в городе —  23 км/ч.  Интенсивное движение сейчас:  🔹 в Канатчиковском проезде в сторону улицы Вавилова; 🔹 на проспекте 60-летия Октября в сторону площади Гагарина; 🔹 Марксистской улице до Таганской площади.  Свободно сейчас в оба направления на:  🔹 Варшавском шоссе по направлению в центр; 🔹 Волоколамском шоссе в районе дома 98 по направлению в область; 🔹 улице Большая Черкизовская в районе дома 22, корпус 1 по направлению в область.  На движение влияют:  "
24062;2025-12-12;6;closure|weather_alert;0;;;https://t.me/DtOperativno/24062;"1️⃣1️⃣2️⃣3️⃣4️⃣5️⃣6️⃣7️⃣ ЦОДД: сегодня в городе ожидаются локальные ограничения движения — для поездок выбирайте метро  По прогнозу синоптиков, в течение дня в Москве ожидаются мокрый снег и сильный ветер. Возможно образование гололедицы.  В связи с локальными ограничениями движения для поездок в центр рекомендуем использовать метро. Так вы сэкономите время в дороге.  На дорожное движение могут повлиять:  🔹 локальные ограничения движения; 🔹 снижение скорости из-за погоды; 🔹 короткий рабочий день; 🔹 мелкие ДТП; 🔹 ремонтные работы на дороге.    Будьте внимательны за рулем: соблюдайте скоростной "
24063;2025-12-12;7;closure;0;;;https://t.me/DtOperativno/24063;Доброе утро!  Сегодня в Москве прогнозируют снег с дождем и сильный ветер 🌨  В течение дня в центре ожидаются локальные ограничения движения. Для поездок по городу лучше использовать метро.   В связи с коротким рабочим днем вечерний разъезд начнется раньше — около 16:00. Рекомендуем выезжать до него или отложить поездку на более позднее время.  Будьте аккуратны и внимательны за рулем. Не отвлекайтесь на телефон, снижайте скорость вблизи пешеходных переходов, соблюдайте дистанцию и скоростной режим.   Удачной дороги 💚
24066;2025-12-12;8;closure|weather_alert;0;;;https://t.me/DtOperativno/24066;"1️⃣2️⃣3️⃣4️⃣5️⃣ ЦОДД: в городе прогнозируют мокрый снег — для поездок в центр сегодня используйте метро  По прогнозам синоптиков, сегодня в течение дня в Москве ожидаются мокрый снег и сильный ветер. Возможно образование гололедицы.  По данным ЦОДД, дорожная ситуация оценивается в 3 балла. Интенсивное движение сейчас наблюдаем на:  🔹 Ярославском шоссе по направлению в центр; 🔹 внутренней стороне МКАД в районе Варшавского шоссе; 🔹 Ленинградском шоссе по направлению в центр.  Вечером ожидаем локальные затруднения движения преимущественно в центральной части города, Садовом кольце, ТТК, МКАД.  На"
24067;2025-12-12;9;closure;0;;;https://t.me/DtOperativno/24067;Движение временно закрыто:   🔹 на внутренней стороне Садового кольца в районе Смоленской площади. Объезд возможен через ТТК.  Будьте внимательны, стройте маршрут заранее.
24068;2025-12-12;9;closure;0;;;https://t.me/DtOperativno/24068;Движение временно закрыто:   🔹 на внешней стороне Садового кольца перед съездом на проспект Мира по направлению в область. Объезд возможен через ТТК.
24069;2025-12-12;10;closure;0;;;https://t.me/DtOperativno/24069;"Движение временно закрыто:   🔹 перед съездом с ТТК на проспект Мира по направлению в область; 🔹 на проспекте Мира в районе дома 127 по направлению в центр.  Объезд возможен через МСД.  Стройте маршрут заранее."
24070;2025-12-12;10;closure;0;;;https://t.me/DtOperativno/24070;Движение временно закрыто:   🔹 на проспекте Мира в районе дома 11 по направлению в центр. Объезд возможен по улице Дурова.
24071;2025-12-12;10;closure;0;;;https://t.me/DtOperativno/24071;Движение временно закрыто:  🔹 на съезде с Оружейного переулка на внутреннюю сторону Садового кольца. Объезд через ТТК.
24073;2025-12-12;11;tram_works|tram_route_change;1;;2025-12-13;https://t.me/DtOperativno/24073;✅ С 13 декабря восстанавливается движение трамваев в Нагатино в вечернее время и по выходным.   Трамваи 47 и 49 снова поедут по своим маршрутам без изменений.   Временный маршрут автобуса 049 больше работать не будет.
24074;2025-12-12;11;closure|weather_alert;0;;;https://t.me/DtOperativno/24074;"1️⃣1️⃣2️⃣3️⃣4️⃣5️⃣6️⃣7️⃣ В Москве местами идет дождь — на дорогах 4 балла по данным ЦОДД. В течение дня для поездок используйте метро  По прогнозу синоптиков, до конца дня в Москве ожидаются мокрый снег, сильный ветер до 15 м/с, дождь. Возможно образование гололедицы.  Интенсивное движение сейчас на:  🔹 Кутузовском проспекте по направлению в область; 🔹 улице Новый Арбат по направлению в центр; 🔹 внешней стороне Садового кольца перед съездом на проспект Мира по направлению в область.   В часы вечернего разъезда ожидаем локальные затруднения движения в центральной части города, на ТТК, МКАД и на"
24075;2025-12-12;12;closure;0;;;https://t.me/DtOperativno/24075;Движение временно закрыто:  🔹 на внешней стороне Садового кольца перед съездом на проспект Мира в область.
24076;2025-12-12;12;closure;0;;;https://t.me/DtOperativno/24076;Движение временно закрыто:  🔹 на внутренней стороне Садового кольца перед Добрынинским тоннелем. Объезд возможен через ТТК.  Будьте внимательны при построении маршрута.
24077;2025-12-12;13;closure;0;;;https://t.me/DtOperativno/24077;"На дорогах — 4 балла по данным ЦОДД. На авто сегодня выезжайте после 20:00  Средняя скорость движения в городе — 32 км/ч. Интенсивное движение сейчас на:  🔹 Ярославском шоссе по направлению в центр; 🔹 внутренней стороне ТТК в районе улицы Беговая; 🔹 внешней стороне МКАД в районе Ярославского шоссе.  На дорожное движение влияют:  🔹 локальные ограничения движения; 🔹 снижение скорости из-за погоды; 🔹 короткий рабочий день; 🔹 мелкие ДТП и ремонтные работы на дороге.   Сегодня для поездок используйте метро, а поездки на автомобиле отложите на более позднее время — после 20:00. Так вы сэкономите вре"
24078;2025-12-12;13;closure;0;;;https://t.me/DtOperativno/24078;Движение временно закрыто:  🔹 на внутренней стороне Садового кольца перед улицей Новый Арбат. Объезд возможен по ТТК.  Будьте внимательны при построении маршрута.
24079;2025-12-12;14;closure|weather_alert;0;;;https://t.me/DtOperativno/24079;"ЦОДД: сегодня в городе дождь и локальные ограничения движения — на авто после 20:00  Для поездок сегодня используйте метро. А на автомобиле планируйте после 20:00. Так быстрее.   Синоптики в течение дня прогнозируют дождь, сильный ветер и понижение температуры к вечеру. Возможно образование гололедицы.   По данным ЦОДД, на дорогах сейчас 5 баллов. Интенсивное движение наблюдаем на:  🔹 внутренней стороне ТТК в районе Чурской эстакады; 🔹 на ТТК в районе улицы Сущевский Вал в оба направления; 🔹 на внутренней стороне МКАД в районе улицы Свободы.  В вечерний разъезд ожидаем затруднения движения в ц"
24080;2025-12-12;14;closure;0;;;https://t.me/DtOperativno/24080;"Движение открыто:  🔹 на внутренней стороне Садового кольца перед улицей Новый Арбат; 🔹 на внутренней стороне Садового кольца перед Добрынинским тоннелем; 🔹 на внешней стороне Садового кольца перед съездом на проспект Мира в область; 🔹 на проспекте Мира в районе дома 127 по направлению в центр.  Движение временно закрыто:  🔹 на съезде с внутренней стороны 45 км МКАД на Киевское шоссе; 🔹 на съезде с внешней стороны 45 км МКАД на Киевское шоссе; 🔹 на съездах с ТТК на Ленинский проспект по направлению в область; 🔹 на съезде с проспекта Вернадского на Ленинский проспект по направлению в область."
24082;2025-12-12;14;closure;0;;;https://t.me/DtOperativno/24082;Движение временно закрыто:  🔹 на съезде с улицы Тверская на улицу Охотный Ряд. Объезд возможен по Бульварному кольцу и Садовому кольцу.  Будьте внимательны при планировании маршрута.
24083;2025-12-12;14;closure;0;;;https://t.me/DtOperativno/24083;"1️⃣2️⃣3️⃣4️⃣5️⃣6️⃣7️⃣ В Москве местами идет снег — сегодня быстрее на метро  На дорогах 6 баллов по данным ЦОДД. Для поездок используйте метро, на автомобиле планируйте после 20:00.  Средняя скорость движения в городе — 28 км/ч. Интенсивное движение сейчас на:  🔹 внутренней стороне ТТК в районе улицы Беговая; 🔹 внешней стороне Садового кольца в районе улицы Садовая-Спасская: 🔹 МКАД в районе Волоколамского шоссе в оба направления.  На движение влияют:  🔹 локальные ограничения движения; 🔹 низкие скорости из-за погодных условий; 🔹 короткий рабочий день; 🔹 ремонтные работы на дороге и мелкие ДТП. "
24084;2025-12-12;15;closure;0;;;https://t.me/DtOperativno/24084;Движение временно закрыто:  🔹 на съездах с ТТК на Ленинский проспект по направлению в область.
24085;2025-12-12;15;closure;0;;;https://t.me/DtOperativno/24085;Движение временно закрыто:  🔹 на съезде с проспекта Вернадского на Ленинский проспект по направлению в область.
24089;2025-12-12;16;weather_alert;0;;;https://t.me/DtOperativno/24089;"1️⃣2️⃣3️⃣4️⃣5️⃣6️⃣7️⃣ ЦОДД: в Москве обещают сильный ветер и гололедицу — будьте внимательны за рулем  По прогнозам синоптиков, до завтрашнего вечера в Москве ожидается сильный ветер до 15-17 м/с. Возможно образование гололедицы.  Просим водителей:  🔹 Не оставлять автомобили и не стоять самим вблизи деревьев и шатких конструкций; 🔹 Соблюдать скоростной режим и дистанцию; 🔹 Не отвлекаться на телефон во время движения;  🔹 Быть особенно аккуратными на тех участках дорог, где есть эстакады и тоннели;  🔹 Снижать скорость вблизи пешеходных переходов."
24094;2025-12-12;17;closure;0;;;https://t.me/DtOperativno/24094;"По данным ЦОДД, движение оценивается в 7 баллов. Для поездок по городу выбирайте метро  Средняя скорость потока — 25 км/ч.  Интенсивное движение сейчас в обе стороны на:  🔹ТТК в районе улицы Сущевский Вал; 🔹 Садовом кольце в районе Смоленского бульвара; 🔹 МКАД в районе Ленинградского шоссе.  На движение влияют:  🔹 локальные ограничения движения; 🔹 погодные условия; 🔹 короткий рабочий день;  🔹 ремонтные работы на дороге; 🔹 мелкие ДТП.  За ситуацией на дороге круглосуточно следят Ситуационный центр и экипажи Дорожного патруля ЦОДД."
24097;2025-12-12;18;tram_works|tram_route_change;1;;2025-12-13;https://t.me/DtOperativno/24097;⚠️ С 13 декабря трамваи в центральной части города будут заканчивать работу раньше.   🚊 Трамваи Т1 будут ходить:   🔹от метро «Университет»: с 22:30 — только до метро «Чистые пруды», с 0:00 — только до Серпуховского Вала   🔹до метро «Университет»: в 0:10 — последний рейс от Метрогородка, в 0:50 — последний рейс от метро «Чистые пруды»    🚊 Трамваи на других регулярных маршрутах будут ходить:   🔹3 — с 0:10 вместо метро «Чистые пруды» до метро «Пролетарская»   🔹4 и 7 — с 23:00 от метро «Бульвар Рокоссовского» только до метро «Сокольники»   🔹13 — с 0:00 от Метрогородка только до метро «Сокольники»
24103;2025-12-12;20;closure;0;;;https://t.me/DtOperativno/24103;‼️ В связи с перекрытием Юбилейного проезда в Сходне в целях безопасности, автобусы 1873а временно следуют без заезда к МЦД Сходня и следуют с увеличенным интервалом.   Просим пассажиров обращать внимание на объявления водителей.
24105;2025-12-12;21;closure;0;;;https://t.me/DtOperativno/24105;‼️ В связи с перекрытием Юбилейного проезда в Сходне в целях безопасности, автобусы 1873а временно следуют без заезда к МЦД Сходня и следуют с увеличенным интервалом.   Просим пассажиров обращать внимание на объявления водителей.
24106;2025-12-12;21;tram_works;1;;2025-12-13;https://t.me/DtOperativno/24106;⚠️ С 13 декабря трамваи в центральной части города будут заканчивать работу раньше.   🚊 Трамваи Т1 будут ходить:   🔹от метро «Университет»: с 22:30 — только до метро «Чистые пруды», с 0:00 — только до Серпуховского Вала   🔹до метро «Университет»: в 0:10 —…
24109;2025-12-13;13;tram_route_change;1;11|25;;https://t.me/DtOperativno/24109;В Ростокинском проезде (в районе остановки «Лингвистический университет») задерживаются трамваи № 11 и 25.   Маршруты временно изменены. Будьте внимательны, следите за объявлениями водителей.
24110;2025-12-13;14;tram_route_change;1;11|25;;https://t.me/DtOperativno/24110;В Ростокинском проезде (в районе остановки «Лингвистический университет») задерживаются трамваи № 11 и 25.   Маршруты временно изменены. Будьте внимательны, следите за объявлениями водителей.
24115;2025-12-14;16;tram_route_change;1;26;;https://t.me/DtOperativno/24115;На Большой Черёмушкинской улице (в районе остановки «Загородное шоссе») из-за ДТП на путях задерживаются трамваи № 26 и 38.  Маршруты временно изменены. Будьте внимательны, следите за объявлениями водителей.
24116;2025-12-14;16;tram_route_change;1;26;;https://t.me/DtOperativno/24116;На Большой Черёмушкинской улице (в районе остановки «Загородное шоссе») из-за ДТП на путях задерживаются трамваи № 26 и 38.  Маршруты временно изменены. Будьте внимательны, следите за объявлениями водителей.
24122;2025-12-16;11;weather_alert;0;;;https://t.me/DtOperativno/24122;"ЦОДД: в городе местами идет снег — не отвлекайтесь на телефон за рулем  По прогнозам синоптиков, сегодня в течение дня в некоторых районах города ожидается снег. Возможно образование гололедицы.  По данным ЦОДД, дорожная ситуация оценивается в 4 балла. Интенсивное движение сейчас наблюдаем на:  🔹 Дмитровском шоссе в районе дома 5, корпус 1 по направлению в центр, 🔹 МКАД в районе улицы Свободы в оба направления; 🔹 на Ленинградском шоссе в районе дома 13, корпус 1 по направлению в центр.  Вечером ожидаем локальные затруднения движения на ТТК в районе Лужнецкой эстакады и улицы Беговая, на Садово"
24123;2025-12-16;11;weather_alert;0;;;https://t.me/DtOperativno/24123;1️⃣2️⃣3️⃣4️⃣5️⃣6️⃣7️⃣ ЦОДД: синоптики прогнозируют ледяной дождь – будьте внимательны за рулем  По прогнозам синоптиков, сегодня в Москве ожидается ледяной дождь. Возможно образование гололедицы.  Рекомендуем водителям:  🔹 Соблюдать скоростной режим и дистанцию. 🔹 Не совершать резких маневров. 🔹 Не отвлекаться на телефон во время движения. 🔹 Заранее снижать скорость вблизи пешеходных переходов. 🔹 Быть особенно аккуратными на подъемах и спусках с мостов и эстакад.  За ситуацией на дороге круглосуточно следят Ситуационный центр и экипажи Дорожного патруля ЦОДД.
24126;2025-12-16;14;closure;0;;2025-12-19;https://t.me/DtOperativno/24126;"1️⃣1️⃣2️⃣3️⃣4️⃣5️⃣6️⃣7️⃣ ЦОДД: 17 и 19 декабря в центре возможны локальные ограничения движения — для поездок по городу используйте метро  Рекомендуем 17 и 19 декабря для поездок по городу воспользоваться метро. На автомобиле планируйте на более позднее время — после 20:00.  На дорожное движение завтра и в пятницу также могут повлиять:  🔹 погодные условия; 🔹 мелкие ДТП; 🔹 ремонтные работы на дороге.    Будьте внимательны за рулем: соблюдайте скоростной режим и дистанцию, не отвлекайтесь на телефон во время движения. Планируйте свой маршрут заранее.  За ситуацией на дороге 24/7 следят Ситуацион"
24128;2025-12-16;14;weather_alert;0;;;https://t.me/DtOperativno/24128;"1️⃣2️⃣3️⃣4️⃣5️⃣ ЦОДД: в городе прогнозируют ледяной дождь — для поездок используйте городской транспорт  По прогнозам синоптиков, сегодня в течение дня в Москве ожидается ледяной дождь. Возможно образование гололедицы.  По данным ЦОДД, дорожная ситуация оценивается в 5 баллов. Интенсивное движение сейчас наблюдаем на:  🔹 внутренней стороне МКАД в районе Щелковского шоссе; 🔹 ТТК в районе улицы Беговая в оба направления; 🔹 ТТК в районе улицы Сущевский Вал в районе дома 3/5 в оба направления.  Вечером ожидаем локальные затруднения движения в центре, на Садовом кольце, ТТК и МКАД.  На движение мог"
24131;2025-12-16;19;closure;0;;;https://t.me/DtOperativno/24131;1️⃣1️⃣2️⃣3️⃣4️⃣5️⃣6️⃣7️⃣ ЦОДД: завтра в центре возможны локальные ограничения движения. Рекомендуем поездки на авто отложить на позднее время — после 20:00  В связи с локальными ограничениями движения завтра для поездок по городу рекомендуем использовать метро. Так вы сэкономите время в пути. А поездки на автомобиле планируйте после 20:00.   Соблюдайте скоростной режим и дистанцию, не отвлекайтесь на телефон во время движения.   За ситуацией на дороге 24/7 следит Ситуационный центр ЦОДД.  Вся актуальная информация в телеграм-канале «Дептранс. Оперативно».
24135;2025-12-16;21;tram_works|tram_route_change;1;5;2025-12-16|2025-12-17;https://t.me/DtOperativno/24135;✅ С 16 декабря начал работу новый трамвайный маршрут 5 от метро «Рижская» до Белорусского вокзала.   Спустя 30 лет трамваи вернулись на Трифоновскую улицу и к метро «Рижская».   Новый маршрут проходит от метро «Рижская» через Трифоновскую улицу, МИИТ, Новосущёвский и Минаевский переулки, Тихвинскую улицу, улицу Палиху и Лесную улицу до метро «Белорусская» и Белорусского вокзала.   Теперь в РУТ (МИИТ) и МОНИКИ можно удобно и быстро доехать на трамвае.  На маршруте работают трамваи «Львенок-Москва» с автономным ходом, от остановки «МИИТ» на улице Образцова до метро «Рижская» и обратно (более 4 к
24136;2025-12-16;21;tram_works|tram_route_change;1;5|50;2025-12-16|2025-12-17;https://t.me/DtOperativno/24136;⚠️ C 16 декабря введены изменения в работе остановок в районе РУТ (МИИТ).   Для трамваев 5 и 50:   🔹Действующая остановка «МИИТ» для трамвая 50 — получила новое название «Главный корпус МИИТ».   🔹Введена новая остановка «МИИТ» на улице Образцова.   🔹Остановка «Дворец культуры МИИТ» в сторону улицы Образцова перенесена вперед, на бывшую остановку электробуса с510.   🔹Остановка «Минаевский переулок» в сторону улицы Образцова перенесена за перекресток, на место прежней остановки «ДК МИИТ». Также пользуйтесь действующей остановкой «Тихвинский переулок».   Напоминаем, что маршруты трамвая 9 и элект
24137;2025-12-16;21;tram_route_change;1;17;;https://t.me/DtOperativno/24137;На проспекте Мира (в районе остановки «Улица Докукина») задерживаются трамваи № 17.  Маршрут временно изменен. Будьте внимательны, следите за объявлениями водителей.
24138;2025-12-17;5;tram_route_change;1;17;;https://t.me/DtOperativno/24138;На проспекте Мира (в районе остановки «Улица Докукина») задерживаются трамваи № 17.  Маршрут временно изменен. Будьте внимательны, следите за объявлениями водителей.
24140;2025-12-17;7;closure;0;;;https://t.me/DtOperativno/24140;1️⃣1️⃣2️⃣3️⃣4️⃣5️⃣6️⃣7️⃣ ЦОДД: сегодня в городе возможны локальные ограничения движения — рекомендуем использовать метро для поездок в центр  В связи с возможными локальными ограничениями движения сегодня и в пятницу в течение дня для поездок рекомендуем использовать метро. Это сэкономит время в пути. А поездки на автомобиле отложите на более позднее время — после 20:00.  Соблюдайте скоростной режим и дистанцию, не отвлекайтесь на телефон во время движения. Планируйте маршрут заранее.  За ситуацией на дороге 24/7 следят Ситуационный центр и экипажи Дорожного патруля ЦОДД.
24141;2025-12-17;7;closure;0;;;https://t.me/DtOperativno/24141;Доброе утро!  Синоптики прогнозируют сегодня пасмурную погоду ☁️  В течение дня в центре ожидаются локальные ограничения движения, поэтому для поездок по городу лучше выбирать метро. На автомобиле планируйте поездку на более позднее время — после 20:00.  Будьте аккуратны и внимательны на дороге. Не отвлекайтесь на телефон, соблюдайте скоростной режим и дистанцию.   Планируйте маршрут заранее 🛣
24142;2025-12-17;8;mass_event;0;;2025-02-28;https://t.me/DtOperativno/24142;Напоминаем, что до 28 февраля 2026 г. в зависимости от времени участок местного проезда в районе дома 2 по улице Охотный Ряд закрыт для движения. Это связано с проведением проекта «Зима в Москве» и фестиваля «Путешествие в Рождество».   Также посмотреть информацию можно на сайте.
24143;2025-12-17;8;closure;0;;;https://t.me/DtOperativno/24143;"ЦОДД: По данным ЦОДД, на дорогах сейчас 5 баллов. Сегодня в городе возможны локальные ограничения движения — на авто после 20:00  Для поездок сегодня используйте метро. А на автомобиле поездки планируйте после 20:00. Так будет быстрее.   Интенсивное движение наблюдаем на:  🔹 внешней стороне ТТК в районе Чурской эстакады; 🔹 Ленинградском шоссе в районе дома 13, корпус 1 по направлению в центр; 🔹 внешней стороне МКАД в районе Рязанского проспекта.  В вечерний разъезд ожидаем затруднения движения в центральной части города, на ТТК в районе Тульской эстакады, на ТТК в районе улицы Сущевский Вал, а"
24162;2025-12-17;11;closure;0;;;https://t.me/DtOperativno/24162;"На дорогах — 4 балла по данным ЦОДД. На авто сегодня выезжайте после 20:00  Средняя скорость движения в городе — 33 км/ч. Интенсивное движение сейчас на:  🔹 внешней стороне МКАД в районе Волгоградского проспекта; 🔹 внешней стороне Садового кольца в районе Новорижской эстакады; 🔹 внутренней стороне ТТК в районе Бережковского моста.  На дорожное движение могут повлиять:  🔹 локальные ограничения движения; 🔹 снижение скорости из-за погоды; 🔹 мелкие ДТП и ремонтные работы на дороге.   Сегодня для поездок используйте метро, а поездки на автомобиле отложите на более позднее время — после 20:00. Так в"
24163;2025-12-17;12;closure;0;;;https://t.me/DtOperativno/24163;Движение временно закрыто:  🔹 на внутренней стороне Садового кольца в районе Добрынинского тоннеля. Объезд возможен через Житную улицу.   Будьте внимательны при построении маршрута.
24164;2025-12-17;12;closure;0;;;https://t.me/DtOperativno/24164;Движение временно закрыто:  🔹 на Кремлевской набережной от Москворецкой набережной в сторону Пречистенской набережной. Объезд возможен по ТТК. 🔹 на Фрунзенской набережной от 2-й Фрунзенской улицы в сторону Садового кольца. Объезд через Комсомольский проспект.  Планируйте маршрут заранее.
24165;2025-12-17;13;closure;0;;;https://t.me/DtOperativno/24165;"1️⃣1️⃣2️⃣3️⃣4️⃣5️⃣6️⃣7️⃣ На дорогах — 4 балла по данным ЦОДД. Сегодня в центр быстрее на метро  Сегодня в течение дня рекомендуем использовать метро. Если поездок на автомобиле не избежать, то отложите их на более позднее время — после 20:00.  Интенсивное движение сейчас на:  🔹 Котельнической, Москворецкой набережных в сторону Пречистенской набережной; 🔹 улицах Большая Ордынка, Большая Якиманка, Большая Полянка и Пятницкая в сторону центра; 🔹 Комсомольском проспекте в сторону центра.  В часы вечернего разъезда ожидаем затруднения движения в центральной части города, на ТТК, МКАД и на вылетных "
24168;2025-12-17;15;closure;0;;;https://t.me/DtOperativno/24168;"На дорогах — 5 баллов по данным ЦОДД. Для поездок в центр сегодня используйте метро  В вечерний разъезд сегодня рекомендуем использовать метро, а поездки в центр на личном автомобиле планировать после 20:00.  Интенсивное движение сейчас в оба направления на:  🔹 Ленинградском шоссе в районе дома 100; 🔹 МКАД в районе Варшавского шоссе; 🔹 МКАД  в районе улицы Свободы.  Движение временно закрыто:  🔹 на Фрунзенской набережной от 2-й Фрунзенской улицы в сторону Садового кольца. Объезд через Комсомольский проспект; 🔹 внутренней стороне Садового кольца в районе Добрынинского тоннеля.  На движение могу"
24169;2025-12-17;15;closure;0;;;https://t.me/DtOperativno/24169;"Движение временно закрыто:  🔹 на Кремлевской набережной; 🔹 на Большом Каменном мосту.  Будьте внимательны при планировании маршрута."
24171;2025-12-17;15;closure;0;;;https://t.me/DtOperativno/24171;Движение временно закрыто:  🔹 на Пречистенской набережной. Объезд через улицу Остоженка.
24182;2025-12-18;8;tram_route_change;1;;;https://t.me/DtOperativno/24182;На улице Шаболовка (в районе остановки «Серпуховский Вал») задерживаются трамваи № Т1, 38, 39 и 47.  Маршруты временно изменены. Будьте внимательны, следите за объявлениями водителей.
24183;2025-12-18;9;tram_route_change;1;;;https://t.me/DtOperativno/24183;На улице Шаболовка (в районе остановки «Серпуховский Вал») задерживаются трамваи № Т1, 38, 39 и 47.  Маршруты временно изменены. Будьте внимательны, следите за объявлениями водителей.
24184;2025-12-18;10;closure;0;;;https://t.me/DtOperativno/24184;Движение временно закрыто:  🔹  на внешней стороне ТТК перед Лефортовским тоннелем. Объезд возможен по Садовому кольцу.  Будьте внимательны при построении маршрута.
24186;2025-12-18;10;closure;0;;;https://t.me/DtOperativno/24186;Движение временно закрыто:  🔹  на внешней стороне ТТК перед Лефортовским тоннелем. Объезд возможен по Садовому кольцу.  Будьте внимательны при построении маршрута.
24187;2025-12-18;13;closure;0;;2025-12-19;https://t.me/DtOperativno/24187;19 декабря будут временно закрыты для движения улицы Ильинка и Варварка, а также проезд в районе дома 5 по Красной площади. Это связано с проведением мероприятия.  В тот же период на улицах Ильинке и Варварке будет запрещена парковка.   Рекомендуем заранее планировать маршрут с учётом перекрытий.  Подробнее – на сайте.
24188;2025-12-18;13;closure;0;;;https://t.me/DtOperativno/24188;Движение временно закрыто:  🔹 на Можайском шоссе в районе дома 3/1 по направлению в центр. Объезд возможен через проспект Генерала Дорохова.  Планируйте маршрут заранее.
24189;2025-12-18;13;closure;0;;;https://t.me/DtOperativno/24189;Движение временно закрыто:  🔹 на Можайском шоссе в районе дома 3/1 по направлению в центр. Объезд возможен через проспект Генерала Дорохова.  Планируйте маршрут заранее.
24201;2025-12-18;18;closure;0;;;https://t.me/DtOperativno/24201;"1️⃣1️⃣2️⃣3️⃣4️⃣5️⃣6️⃣ ЦОДД: завтра в центре возможны локальные ограничения движения — быстрее на метро  В связи с локальными ограничениями движения завтра для поездок по городу рекомендуем использовать метро. Поездки на автомобиле отложите на более позднее время — после 20:00.  На дорожное движение также могут повлиять:  🔹 мелкие ДТП; 🔹 ремонтные работы на дороге.    Соблюдайте скоростной режим и дистанцию, не отвлекайтесь на телефон во время движения.   За ситуацией на дороге 24/7 следит Ситуационный центр ЦОДД.  Вся актуальная информация в телеграм-канале «Дептранс. Оперативно»."
24206;2025-12-18;18;tram_route_change;1;;2025-12-19;https://t.me/DtOperativno/24206;⚠️ В пятницу, 19 декабря, с 11:30 до 13:00 меняются маршруты трамваев в центре города.   В это время в центре будут ходить только трамваи Т1 Московского трамвайного диаметра.   Другие трамваи поедут по изменённым маршрутам:   🔹А — от МЦД Калитники через метро «Пролетарская» до МЦК Дубровка   🔹3 — от метро «Чертановская» через Павелецкий вокзал до метро «Пролетарская»    🔹39 — от метро «Университет» через Павелецкий вокзал до метро «Пролетарская»   Пользуйтесь трамваем Т1 и метро.   Изменения — на время проведения мероприятия в центре города.
24207;2025-12-18;19;tram_route_change;1;7;;https://t.me/DtOperativno/24207;В Погонном проезде (в районе остановки «Ланинский переулок») задерживаются трамваи № 4, 7 и 46.  Маршруты временно изменены. Будьте внимательны, следите за объявлениями водителей.
24208;2025-12-18;19;tram_route_change;1;7;;https://t.me/DtOperativno/24208;В Погонном проезде (в районе остановки «Ланинский переулок») задерживаются трамваи № 4, 7 и 46.  Маршруты временно изменены. Будьте внимательны, следите за объявлениями водителей.
24209;2025-12-19;6;closure;0;;;https://t.me/DtOperativno/24209;1️⃣1️⃣2️⃣3️⃣4️⃣5️⃣6️⃣7️⃣ ЦОДД: сегодня в городе возможны локальные ограничения движения — рекомендуем использовать метро для поездок в центр  В связи с возможными локальными ограничениями движения сегодня в течение дня для поездок рекомендуем использовать метро. А поездки на автомобиле отложите на более позднее время — после 20:00. Это сэкономит время в пути  Соблюдайте скоростной режим и дистанцию, не отвлекайтесь на телефон во время движения. Планируйте маршрут заранее.  За ситуацией на дороге 24/7 следят Ситуационный центр и экипажи Дорожного патруля ЦОДД.
24210;2025-12-19;7;closure;0;;;https://t.me/DtOperativno/24210;Доброе утро!  По прогнозу синоптиков, сегодня в столице облачно и без осадков ☁️  В течение дня в центре ожидаются локальные ограничения движения, поэтому для поездок по городу лучше выбирать метро. На автомобиле планируйте поездку на более позднее время — после 20:00.  Планируйте маршрут заранее, за рулем не отвлекайтесь на телефон, соблюдайте скоростной режим и дистанцию.   Берегите себя 💚
24211;2025-12-19;8;closure;0;;;https://t.me/DtOperativno/24211;"По данным ЦОДД, на дорогах сейчас 3 балла. Сегодня в центре возможны локальные ограничения движения — на авто после 20:00  Для поездок в центр города сегодня используйте метро. А на автомобиле поездки планируйте после 20:00. Сэкономите время в пути.   Интенсивное движение наблюдаем по направлению в центр на:  🔹 Ярославском шоссе; 🔹 Ленинградском шоссе; 🔹 Волоколамском шоссе.  В вечерний разъезд ожидаем затруднения движения на Садовом кольце от улицы Земляной Вал до Оружейного переулка и от улицы Валовая до Смоленского бульвара, на ТТК в районе улицы Сущевский Вал и от Кутузовского тоннеля до Н"
24212;2025-12-19;9;tram_works|tram_route_change;1;;;https://t.me/DtOperativno/24212;На улице Госпитальный Вал (в районе остановки «Ухтомская улица») из-за автомобиля, застрявшего на путях, задерживаются трамваи № 32 и 46.  Маршруты временно изменены. Вместо трамваев работают автобусы. Будьте внимательны, следите за объявлениями водителей.
24213;2025-12-19;9;tram_works|tram_route_change;1;;;https://t.me/DtOperativno/24213;На улице Госпитальный Вал (в районе остановки «Ухтомская улица») из-за автомобиля, застрявшего на путях, задерживаются трамваи № 32 и 46.  Маршруты временно изменены. Вместо трамваев работают автобусы. Будьте внимательны, следите за объявлениями водителей.
24215;2025-12-19;10;closure;0;;;https://t.me/DtOperativno/24215;"На дорогах — 3 балла по данным ЦОДД. На авто сегодня выезжайте после 20:00  Сегодня поездки на автомобиле планируйте на более позднее время — после 20:00. В течение дня, чтобы сэкономить время в пути, используйте метро.  Средняя скорость движения в городе — 36 км/ч. Интенсивное движение сейчас на:  🔹 Ярославском шоссе по направлению в центр; 🔹 внешней стороне МКАД в районе Ленинградского шоссе; 🔹 внутренней стороне МКАД в районе шоссе Энтузиастов.  На дорожное движение могут повлиять:  🔹 локальные ограничения движения; 🔹 короткий рабочий день; 🔹 мелкие ДТП и ремонтные работы на дороге.   Проси"
24216;2025-12-19;11;closure;0;;;https://t.me/DtOperativno/24216;"По данным ЦОДД, ситуация на дороге оценивается в 3 балла. Сегодня по городу быстрее на метро  Настоятельно рекомендуем отложить поездки на автомобиле на более позднее время — после 20:00. Сегодня удобнее и быстрее передвигаться на метро.  Средняя скорость потока — 35 км/ч. Интенсивное движение сейчас на:  🔹 внешней стороне МКАД от Новокуркинского шоссе до Новорижского шоссе; 🔹 внутренней стороне ТТК от Лужнецкой эстакады до улицы Сущевский Вал; 🔹 ТТК в районе улицы Новая Башиловка в обоих направлениях.  На движение могут повлиять:  🔹 локальные ограничения движения; 🔹 короткий рабочий день; 🔹 р"
24219;2025-12-19;14;closure;0;;;https://t.me/DtOperativno/24219;"ЦОДД: сегодня пятница — короткий рабочий день перед выходными. Рекомендуем отложить поездки на авто на более позднее время — после 20:00  Чтобы сэкономить время в пути, рекомендуем для поездок по городу сегодня использовать метро. Поездки на личном автомобиле отложите на более позднее время.   По данным ЦОДД, на дорогах сейчас 3 балла. Интенсивное движение наблюдаем сейчас на:  🔹 ТТК в районе улицы Беговая в обоих направлениях; 🔹 внешней стороне ТТК в районе Чурской эстакады; 🔹 внешней стороне МКАД в районе улицы Свободы.  На движение могут повлиять:  🔹 локальные ограничения движения; 🔹 коротк"
24220;2025-12-19;15;closure;0;;;https://t.me/DtOperativno/24220;"На дорогах — 4 балла по данным ЦОДД. Сегодня в центр быстрее на метро  Сегодня в течение дня рекомендуем использовать метро. Если поездок на автомобиле не избежать, то планируйте их в более позднее время — после 20:00.  Интенсивное движение сейчас на:  🔹 Волоколамском шоссе по направлению в центр; 🔹 внешней стороне ТТК в районе улицы Сущевский Вал; 🔹 внутренней стороне Садового кольца в районе Смоленского бульвара;  Свободно сейчас по направлению в область на:  🔹 проспекте Маршала Жукова; 🔹 Ярославском шоссе; 🔹 Рязанском проспекте.  В часы вечернего разъезда ожидаем затруднения движения в цент"
24221;2025-12-19;15;closure;0;;;https://t.me/DtOperativno/24221;"Движение временно закрыто:  🔹 на Можайском шоссе в районе дома 4, корпус 1 по направлению в центр; 🔹 на съездах на Рублевское шоссе; 🔹 на Садовом кольце в районе Новинского бульвара.  Планируйте маршрут заранее."
24223;2025-12-19;16;closure;0;;2025-12-22;https://t.me/DtOperativno/24223;22 декабря в зависимости от времени будет закрыт участок улицы Спортивной Авиации. Это связано с проведением турнира по хоккею.   Рекомендуем заранее планировать маршрут с учётом перекрытия.  Также на участке перекрытия будет временно запрещена парковка. Обращайте внимание на знаки.  Подробнее – на сайте.
24225;2025-12-19;16;closure;0;;;https://t.me/DtOperativno/24225;"Движение временно закрыто на:  🔹 Малом Устьинском мосту; 🔹 Устьинской набережной в сторону Москворецкой набережной; 🔹 Боровицкой площади.  Будьте внимательны."
24229;2025-12-19;17;closure;0;;;https://t.me/DtOperativno/24229;"Движение временно закрыто:  🔹 на Можайском шоссе в районе дома 4, корпус 1 по направлению в центр; 🔹 на съездах на Рублевское шоссе; 🔹 на Садовом кольце в районе Новинского бульвара.  Планируйте маршрут заранее."
24230;2025-12-19;17;closure;0;;2025-12-19;https://t.me/DtOperativno/24230;19 декабря будут временно закрыты для движения улицы Ильинка и Варварка, а также проезд в районе дома 5 по Красной площади. Это связано с проведением мероприятия.  В тот же период на улицах Ильинке и Варварке будет запрещена парковка.   Рекомендуем заранее…
24232;2025-12-19;17;closure;0;;;https://t.me/DtOperativno/24232;"Движение временно закрыто:  🔹 на съезде с МКАД на Рублево-Успенское шоссе в направлении области; 🔹 на съезде с улицы Осенняя на дублер Рублевского шоссе в районе дома 2 по улице Осенняя в направлении области. 🔹 на Новоарбатском мосту в направлении центра."
24237;2025-12-19;17;closure;0;;;https://t.me/DtOperativno/24237;"1️⃣1️⃣2️⃣3️⃣4️⃣5️⃣6️⃣7️⃣ По данным ЦОДД, ситуация на дороге оценивается в 7 баллов  Для поездок в центр воспользуйтесь метро. На автомобиле — после 20:00  Средняя скорость движения в городе — 27 км/ч.  Интенсивное движение сейчас на:  🔹 внешней стороне ТТК в районе Чурской эстакады; 🔹 МКАД в районе Волоколамского шоссе в обоих направлениях; 🔹 внешней стороне Садового кольца в районе улицы Земляной Вал.   На движение влияют:  🔹 локальные ограничения движения; 🔹 ремонтные работы на дороге;  🔹 мелкие ДТП.  Будьте внимательны и аккуратны за рулем. Соблюдайте дистанцию и скоростной режим. Не отвлек"
24241;2025-12-19;18;tram_route_change;1;;;https://t.me/DtOperativno/24241;На Яузском бульваре (в районе остановки «Воронцово поле») из-за ДТП двух автомобилей на путях задерживаются трамваи № А, Т1, 3 и 39.  Маршруты временно изменены. Будьте внимательны, следите за объявлениями водителей.
24242;2025-12-19;18;tram_route_change;1;;;https://t.me/DtOperativno/24242;На Яузском бульваре (в районе остановки «Воронцово поле») из-за ДТП двух автомобилей на путях задерживаются трамваи № А, Т1, 3 и 39.  Маршруты временно изменены. Будьте внимательны, следите за объявлениями водителей.
24243;2025-12-20;12;closure;0;;;https://t.me/DtOperativno/24243;Движение временно закрыто:  🔹 на Большом Каменном мосту. Объезд через Садовое кольцо. 🔹 на Можайском шоссе в районе дома 3/1. Объезд через проспект Генерала Дорохова. 🔹 на дублере Рублевского шоссе на пересечении с улицей Осенняя. Объезд через проспект Маршала Жукова. 🔹 на съезде с внутренней стороны МКАД на Рублевское шоссе. Объезд через улицу Молодогвардейская.  Будьте внимательны при планировании маршрута.
24244;2025-12-20;13;closure;0;;;https://t.me/DtOperativno/24244;"По данным ЦОДД, дорожная ситуация оценивается в 4 балла — для поездок рекомендуем использовать городской транспорт  Интенсивное движение сейчас наблюдаем на:  🔹 внутренней стороне ТТК в районе улицы Нижняя Масловка; 🔹 Волоколамском шоссе по направлению в центр; 🔹 Можайском шоссе по направлению в центр.  Сегодня по городу рекомендуем использовать городской транспорт. На движение в течение дня могут повлиять:  🔹 локальные ограничения движения; 🔹 ремонтные работы на дороге; 🔹 мелкие ДТП.  Просим водителей избегать резких маневров, соблюдать дистанцию и скоростной режим. Не отвлекаться на телефон "
24245;2025-12-20;14;closure;0;;;https://t.me/DtOperativno/24245;Движение временно закрыто:  🔹 на Большом Каменном мосту. Объезд через Садовое кольцо. 🔹 на Можайском шоссе в районе дома 3/1. Объезд через проспект Генерала Дорохова. 🔹 на дублере Рублевского шоссе на пересечении с улицей Осенняя. Объезд через проспект Маршала…
24246;2025-12-20;15;closure;0;;;https://t.me/DtOperativno/24246;❗️В связи с пожаром на Первомайской улице, д. 42 перекрыто движение по 4-й и 5-й Парковым улицам. На месте работают оперативные службы города.  Обстоятельства произошедшего и информация о пострадавших уточняются. Пожалуйста, выбирайте пути объезда.
24247;2025-12-20;21;closure;0;;;https://t.me/DtOperativno/24247;❗️В связи с пожаром на Первомайской улице, д. 42 перекрыто движение по 4-й и 5-й Парковым улицам. На месте работают оперативные службы города.  Обстоятельства произошедшего и информация о пострадавших уточняются. Пожалуйста, выбирайте пути объезда.
24249;2025-12-21;12;weather_alert;0;;;https://t.me/DtOperativno/24249;1️⃣2️⃣3️⃣4️⃣5️⃣ ЦОДД: до завтрашнего вечера в Москве ожидается мокрый снег. Водителям лучше отложить поездки на авто  По прогнозу синоптиков, сегодня с 23:00 до 18:00 завтрашнего дня в Москве ожидаются мокрый снег, ветер до 15 м/с. Возможно образование гололедицы.  Автомобилистам рекомендуется:  🔹 Быть особенно внимательными на подъемах и спусках с мостов и эстакад. 🔹 Соблюдать скоростной режим и дистанцию. 🔹 Не совершать резких маневров. 🔹 Не отвлекаться на телефон во время движения. 🔹  Не оставлять автомобили и не стоять самим вблизи деревьев и шатких конструкций.  Рекомендуем завтра отложит
24262;2025-12-22;7;weather_alert;0;;;https://t.me/DtOperativno/24262;Доброе утро!  По прогнозу синоптиков, в течение дня будет идти мокрый снег, на дорогах возможно образование гололедицы ❄️  Вечером ожидаются локальные затруднения движения в центре города, на ТТК и МКАД. Планируйте маршрут заранее, чтобы сэкономить время.   Будьте внимательны за рулем. Особенно на мостах, эстакадах и в тоннелях. Сегодня рекомендуем использовать для поездок городской транспорт.  Пусть ваша поездка будет безопасной 💚
24263;2025-12-22;11;weather_alert;0;;;https://t.me/DtOperativno/24263;"1️⃣2️⃣3️⃣4️⃣5️⃣6️⃣7️⃣ ЦОДД: в Москве ожидаются снег и понижение температуры — соблюдайте дистанцию и скоростной режим  По прогнозу синоптиков, сегодня в Москве ожидаются мокрый снег, сильный ветер и к вечеру понижение температуры. Возможно образование гололедицы.  Интенсивное движение сейчас на:  🔹 внешней стороне ТТК от Рижской эстакады до Звенигородского шоссе; 🔹 внешней стороне МКАД от Каширского до Бесединского шоссе; 🔹 Ярославском шоссе по направлению в центр.  В вечерний разъезд ожидаем локальные затруднения по направлению в область на Ярославском, Ленинградском и шоссе Энтузиастов.  Авт"
24265;2025-12-22;15;weather_alert;0;;;https://t.me/DtOperativno/24265;"ЦОДД: В городе местами идет снег — для поездок рекомендуем использовать городской транспорт  По прогнозам синоптиков, до конца дня в столице будет идти мокрый снег. Вечером возможно понижение температуры и образование гололедицы.   Интенсивное движение сейчас наблюдаем в обоих направлениях на:  🔹 Ленинском проспекте в районе дома 9; 🔹 Варшавском шоссе в районе дома 93; 🔹 проспекте Маршала Жукова в районе Живописного моста.  На движение могут повлиять:   🔹 снижение скорости из-за погодных условий;  🔹 ремонтные работы на дороге; 🔹 мелкие ДТП.  В вечерний разъезд лучше воспользоваться городским т"
24269;2025-12-22;17;closure;0;;;https://t.me/DtOperativno/24269;"Движение временно закрыто:  🔹 на улице Тверская по направлению в центр; 🔹 на Большом Каменном мосту.  Будьте внимательны при планировании маршрута."
24270;2025-12-22;17;closure;0;;;https://t.me/DtOperativno/24270;"1️⃣1️⃣2️⃣3️⃣4️⃣5️⃣6️⃣7️⃣ По данным ЦОДД, ситуация на дороге оценивается в 6 баллов  Для поездок в центр воспользуйтесь метро. На автомобиле — после 20:00  Средняя скорость движения в городе — 27 км/ч.  Интенсивное движение сейчас на:  🔹 Ленинградском шоссе в направлении области; 🔹 проспекте Маршала Жукова в направлении области; 🔹 ТТК в районе улицы Сущевский Вал в обоих направлениях.  На движение влияют:  🔹 локальные ограничения движения; 🔹 рост числа поездок; 🔹 погодные условия; 🔹 ремонтные работы на дороге;  🔹 мелкие ДТП.  Будьте внимательны и аккуратны за рулем. Соблюдайте дистанцию и скоро"
24275;2025-12-22;19;closure;0;;;https://t.me/DtOperativno/24275;"Движение временно закрыто:  🔹 на улице Тверская по направлению в центр; 🔹 на Большом Каменном мосту.  Будьте внимательны при планировании маршрута."
24276;2025-12-22;19;closure;0;;;https://t.me/DtOperativno/24276;Движение временно закрыто:  🔹 на съезде с Новинского бульвара на улицу Новый Арбат по направлению в область.  Будьте внимательны.
24277;2025-12-22;19;closure;0;;;https://t.me/DtOperativno/24277;Движение временно закрыто:  🔹 на съезде с Новинского бульвара на улицу Новый Арбат по направлению в область.  Будьте внимательны.
24278;2025-12-22;20;tram_route_change;1;;;https://t.me/DtOperativno/24278;На улице Вавилова (в районе остановки «Метро Ленинский проспект») задерживаются трамваи № Т1, 14 и 39.  Маршруты временно изменены. Будьте внимательны, следите за объявлениями водителей.
24279;2025-12-22;21;tram_route_change;1;;;https://t.me/DtOperativno/24279;На улице Вавилова (в районе остановки «Метро Ленинский проспект») задерживаются трамваи № Т1, 14 и 39.  Маршруты временно изменены. Будьте внимательны, следите за объявлениями водителей.
24286;2025-12-23;17;closure;0;;;https://t.me/DtOperativno/24286;"ЦОДД: Средняя скорость потока — 28 км/ч.  По данным ЦОДД, движение оценивается в 7 баллов.  Интенсивное движение сейчас на:  🔹 внешней стороне Садового кольца в районе дома 1/2, строение 7 по улице Садовая-Спасская; 🔹 Краснопрудной улице в районе дома 11 в направлении центра; 🔹 внешней стороне МКАД в районе Дмитровского шоссе.  На движение влияют:  🔹 локальные ограничения движения; 🔹 рост числа поездок; 🔹 погодные условия; 🔹 ремонтные работы на дороге;  🔹 мелкие ДТП.  За ситуацией на дороге круглосуточно следят Ситуационный центр и экипажи Дорожного патруля ЦОДД."
24290;2025-12-23;19;closure;0;;;https://t.me/DtOperativno/24290;"1️⃣2️⃣3️⃣4️⃣5️⃣6️⃣7️⃣ ЦОДД: завтра в центре возможны локальные ограничения движения. Самый быстрый способ добраться до места — метро  В связи с локальными ограничениями движения, а также роста числа поездок завтра для передвижений по городу настоятельно рекомендуем использовать метро. Если поездки на автомобиле не отменить, планируйте их после 20:00.  На дорожное движение также могут повлиять:  🔹 погодные условия; 🔹 мелкие ДТП; 🔹 ремонтные работы на дороге.   Завтра в вечерний разъезд ожидаем локальные затруднения движения в основном в центральной части города.   Соблюдайте скоростной режим и "
24291;2025-12-23;19;closure;0;;;https://t.me/DtOperativno/24291;"Движение временно закрыто:  🔹 на Боровицкой площади; 🔹 на улице Тверская перед улицей Моховая. Объезд возможен по Садовому кольцу.  Будьте  внимательны."
24293;2025-12-23;20;closure;0;;;https://t.me/DtOperativno/24293;"Движение временно закрыто:  🔹 на Боровицкой площади; 🔹 на улице Тверская перед улицей Моховая. Объезд возможен по Садовому кольцу.  Будьте  внимательны."
24294;2025-12-23;22;tram_route_change;1;17;;https://t.me/DtOperativno/24294;В проезде Дежнёва (в районе остановки «Проезд Шокальского») из-за ДТП на путях задерживаются трамваи № 17.  Маршрут временно изменен. Будьте внимательны, следите за объявлениями водителей.
24295;2025-12-23;23;tram_route_change;1;17;;https://t.me/DtOperativno/24295;В проезде Дежнёва (в районе остановки «Проезд Шокальского») из-за ДТП на путях задерживаются трамваи № 17.  Маршрут временно изменен. Будьте внимательны, следите за объявлениями водителей.
24296;2025-12-24;6;closure;0;;;https://t.me/DtOperativno/24296;1️⃣1️⃣2️⃣3️⃣4️⃣5️⃣6️⃣7️⃣ ЦОДД: сегодня в центре возможны локальные ограничения движения — по городу быстрее на метро  В связи с возможными локальными ограничениями движения сегодня в течение дня для поездок рекомендуем использовать метро. А поездки на автомобиле отложите на более позднее время — после 20:00. Это сэкономит время в пути  Соблюдайте скоростной режим и дистанцию, не отвлекайтесь на телефон во время движения. Планируйте маршрут заранее.  За ситуацией на дороге 24/7 следят Ситуационный центр и экипажи Дорожного патруля ЦОДД.
24297;2025-12-24;7;closure;0;;;https://t.me/DtOperativno/24297;Доброе утро!  Сегодня в Москве морозно и облачно. Одевайтесь теплее.  В течение дня в центре ожидаются локальные ограничения движения, а также перед новогодними праздниками увеличивается число поездок. Наиболее интенсивное движение ожидаем в центре города, на ТТК и в районе крупных торговых центров.  Чтобы сэкономить время, для передвижений по городу рекомендуем использовать метро. От поездок на авто лучше отказаться или отложить на более позднее время – после 20:00.  За рулем не отвлекайтесь на телефон, соблюдайте скоростной режим и дистанцию. Берегите себя.  Хорошего дня 💚
24300;2025-12-24;10;closure;0;;2025-11-30|2025-12-01|2025-12-25|2025-12-29;https://t.me/DtOperativno/24300;С 29 декабря 2025 г. до 30 ноября 2026 г. участки улицы Ленинская Слобода и Проектируемого проезда № 6415 будут закрыты для движения. Это связано с проведением строительных работ.  Рекомендуем заранее планировать маршрут с учётом перекрытий.  Также с 1 декабря 2026 г. до 25 декабря 2027 г. один из участков Проектируемого проезда № 6415 будет недоступен для движения.  Подробнее – на инфографике👆
24301;2025-12-24;10;closure;0;;;https://t.me/DtOperativno/24301;"На дорогах — 4 балла по данным ЦОДД. Сегодня в центр быстрее на метро  Сегодня в течение дня настоятельно рекомендуем использовать метро. Если поездок на автомобиле не избежать, то планируйте их после 20:00.  Интенсивное движение сейчас на:  🔹 ТТК в районе Хорошевской эстакады; 🔹 внешней стороне МКАД в районе улицы Свободы; 🔹 Ленинградском шоссе по направлению в центр.  Движение временно закрыто:  🔹  на Можайском шоссе в районе дома 3/1 по направлению в центр. Объезд через Мичуринский проспект. 🔹 на Боровицкой площади. Объезд через Садовое кольцо.  В часы вечернего разъезда ожидаем затруднения"
24303;2025-12-24;13;closure;0;;;https://t.me/DtOperativno/24303;"Движение временно закрыто:  🔹 на улице Тверская в районе Пушкинской площади по направлению в центр; 🔹 в Большом Путинковском переулке; 🔹 на Большом Каменном мосту; 🔹 на Кремлевской набережной; 🔹 на улице Большая Дмитровка. Объезд возможен через улицу Неглинная.  Будьте внимательны при планировании маршрута."
24304;2025-12-24;13;closure;0;;;https://t.me/DtOperativno/24304;"Движение временно закрыто:  🔹 в Дмитровском переуке; 🔹 в Глинищевском переулке."
24305;2025-12-24;14;closure;0;;;https://t.me/DtOperativno/24305;"1️⃣2️⃣3️⃣4️⃣5️⃣6️⃣7️⃣ На дорогах — 6 баллов по данным ЦОДД. Для поездок в центр сегодня используйте метро  В связи с локальными ограничениями движения, а также увеличением числа поездок для передвижений по городу настоятельно рекомендуем использовать метро. А поездки на автомобиле планировать только после 20:00.  Интенсивное движение сейчас:  🔹 на ТТК в районе улицы Сущевский Вал в обоих направлениях; 🔹 на внешней стороне ТТК в районе Русаковской эстакады; 🔹 на внутренней стороне МКАД в районе Варшавского шоссе.  Свободное движение сейчас:  🔹 на улице Люсиновская; 🔹 на Волгоградском проспекте "
24306;2025-12-24;14;closure;0;;;https://t.me/DtOperativno/24306;"Движение временно закрыто:  🔹 на Новоарбатском мосту по направлению в центр; 🔹 на улице Новый Арбат в районе дома 31/12.  Объезд возможен по ТТК.  Будьте внимательны при построении маршрута"
24312;2025-12-24;15;closure;0;;;https://t.me/DtOperativno/24312;"На дорогах — 8 баллов по данным ЦОДД. По городу быстрее на метро  Средняя скорость движения в городе — 29 км/ч. Интенсивное движение наблюдаем сейчас в основном в центре:  🔹 на внутренней стороне Садового кольца в районе улицы Валовая; 🔹 на Кутузовском проспекте в районе дома 41 по направлению в центр; 🔹 на внешней стороне Садового кольца в районе улицы Садовая-Спасская.  Движение временно закрыто:  🔹 на улице Воздвиженка; 🔹 на улице Поварская; 🔹 на съезде на улицу Новый Арбат с Никитского бульвара.  На движение влияют:  🔹 локальные ограничения движения; 🔹 увеличение числа поездок в преднового"
24314;2025-12-24;15;closure;0;;;https://t.me/DtOperativno/24314;"Движение открыто:  🔹 на улице Воздвиженка; 🔹 на улице Поварская; 🔹 на съезде на улицу Новый Арбат с Никитского бульвара; 🔹 на Новоарбатском мосту; 🔹 на улице Новый Арбат; 🔹 в Дмитровском переулке; 🔹 в Глинищевском переулке; 🔹 на Кремлевской набережной.  Движение временно закрыто:  🔹 на Большом Каменном мосту; 🔹 на Москворецкой набережной."
24317;2025-12-24;16;closure;0;;;https://t.me/DtOperativno/24317;Движение временно закрыто:  🔹 на улице Новый Арбат по направлению в центр
24320;2025-12-24;17;closure;0;;;https://t.me/DtOperativno/24320;❗️В связи с возгоранием в Водопроводном переулке, д. 2с1 перекрыто движение по Водопроводному переулку. На месте работают оперативные службы города.  Обстоятельства произошедшего и информация о пострадавших уточняются. Пожалуйста, выбирайте пути объезда.
24324;2025-12-24;19;closure;0;;;https://t.me/DtOperativno/24324;"По данным ЦОДД, ситуация на дороге оценивается в 8 баллов. До конца недели по городу быстрее на метро  Настоятельно рекомендуем до конца недели отложить поездки на автомобиле на более позднее время — после 20:00. В течение дня удобнее и быстрее будет передвигаться на метро.  Средняя скорость потока — 24 км/ч. Интенсивное движение сейчас в обоих направлениях на:  🔹 Садовом кольце в районе улицы Садовая-Триумфальная; 🔹 ТТК в районе Чурской эстакады; 🔹 МКАД в районе Можайского шоссе.  На движение влияют:  🔹 локальные ограничения движения; 🔹 увеличение числа поездок; 🔹 ремонтные работы на дороге; "
24328;2025-12-24;22;closure;0;;;https://t.me/DtOperativno/24328;❗️В связи с возгоранием в Водопроводном переулке, д. 2с1 перекрыто движение по Водопроводному переулку. На месте работают оперативные службы города.  Обстоятельства произошедшего и информация о пострадавших уточняются. Пожалуйста, выбирайте пути объезда.
24336;2025-12-25;11;closure;0;;;https://t.me/DtOperativno/24336;Движение временно закрыто:  🔹 на Москворецкой набережной. Объезд через Садовое кольцо. 🔹 на Кремлевской набережной. Объезд через Садовое кольцо. 🔹 на набережной Академика Туполева. Объезд через улицу Радио и Садовое кольцо. 🔹 на Сыромятнической набережной. Объезд через улицу Радио и Садовое кольцо. 🔹 на Костомаровской набережной. Объезд через улицу Радио и Садовое кольцо. 🔹 на Полуярославской набережной. Объезд через улицу Радио и Садовое кольцо. 🔹 на Серебрянической набережной. Объезд через улицу Радио и Садовое кольцо. 🔹 на Устьинской набережной. Объезд через улицу Радио и Садовое кольцо.  Б
24337;2025-12-25;11;closure;0;;;https://t.me/DtOperativno/24337;Движение временно закрыто:  🔹 на улице Тверская от Бульварного кольца по направлению в центр.  Будьте внимательны.
24339;2025-12-25;11;weather_alert;0;;;https://t.me/DtOperativno/24339;1️⃣2️⃣3️⃣4️⃣5️⃣ ЦОДД: Ночью в Москве ожидается снег. Водителям лучше отложить поездки на авто  По прогнозу синоптиков, сегодня ночью и до завтрашнего утра в Москве ожидается снег, в некоторых районах мокрый снег, а также ветер до 15 м/с. Возможно образование гололедицы.  Рекомендуем завтра для передвижений использовать городской транспорт. Если поездку на автомобиле не отложить, то рекомендуем водителям:  🔹 Планировать поездки после 20:00. 🔹 Быть особенно внимательными на подъемах и спусках с мостов и эстакад. 🔹 Соблюдать скоростной режим и дистанцию. 🔹 Не совершать резких маневров. 🔹 Не отвле
24340;2025-12-25;12;closure;0;;;https://t.me/DtOperativno/24340;"1️⃣2️⃣3️⃣4️⃣5️⃣6️⃣7️⃣ На дорогах — 6 баллов по данным ЦОДД. На авто после 20:00  В связи с локальными ограничениями движения, а также увеличением числа поездок для передвижений по городу настоятельно рекомендуем использовать метро. Поездки на авто отложите на более позднее время — после 20:00.  Интенсивное движение сейчас:  🔹 шоссе Энтузиастов по направлению в центр; 🔹 внешней стороне ТТК в районе Нижегородской эстакады; 🔹 внешней стороне Садового кольца от улицы Земляной Вал до тоннеля Маяковский.  Будьте внимательны на дороге: соблюдайте скоростной режим и дистанцию, не отвлекайтесь на телеф"
24341;2025-12-25;12;closure;0;;;https://t.me/DtOperativno/24341;"1️⃣1️⃣2️⃣3️⃣4️⃣5️⃣6️⃣7️⃣ По данным ЦОДД, на дорогах сейчас 6 баллов. Сегодня в городе локальные ограничения движения — на авто после 20:00  Для поездок сегодня используйте метро. А на автомобиле поездки планируйте после 20:00. Так будет быстрее.   Интенсивное движение наблюдаем на:  🔹  внешней стороне Садового кольца в районе улицы Садовая-Спасская; 🔹 внутренней стороне Садового кольца в районе улицы Валовая; 🔹 шоссе Энтузиастов в районе дома 13 по направлению в центр.  Свободное движение сейчас в обоих направлениях на:  🔹 МКАД в районе улицы Хабаровская; 🔹 МКАД в районе улицы Саломеи Нерис; 🔹"
24348;2025-12-25;15;closure;0;;;https://t.me/DtOperativno/24348;Движение временно закрыто:  🔹 на Большом Каменном мосту по направлению в центр.  Будьте внимательны при планировании маршрута.
24351;2025-12-25;16;closure;0;;;https://t.me/DtOperativno/24351;Движение временно закрыто:  🔹 на Большом Каменном мосту по направлению в центр.  Будьте внимательны при планировании маршрута.
24353;2025-12-25;16;closure;0;;;https://t.me/DtOperativno/24353;"1️⃣2️⃣3️⃣4️⃣5️⃣6️⃣7️⃣ 7 баллов по данным ЦОДД. Если вы на автомобиле, то планируйте поездки после 20:00  По прогнозу ЦОДД, сегодня вечером на дорогах ожидается 8-9 баллов. Настоятельно рекомендуем использовать метро для поездок по городу.  Сейчас интенсивное движение:  🔹 на внешней стороне ТТК от Лефортовского тоннеля до улицы Новая Башиловка; 🔹 на внутренней стороне ТТК от Велозаводской эстакады до Гагаринского тоннеля; 🔹 на внутренней стороне МКАД от Ленинского проспекта до проспекта Маршала Жукова.  Движение временно закрыто:  🔹 на Пречистенской набережной в районе улицы Ленивка в сторону К"
24357;2025-12-25;17;closure;0;;;https://t.me/DtOperativno/24357;Движение временно закрыто:  🔹на внешней стороне МСД в районе Окружного проезда, 34-а, стр. 6.  Будьте внимательнее при построении маршрута.
24362;2025-12-25;17;closure|weather_alert;0;;;https://t.me/DtOperativno/24362;"1️⃣2️⃣3️⃣4️⃣5️⃣6️⃣ В Москве местами идет снег — на дорогах 7 баллов по данным ЦОДД. Для поездок используйте метро  По прогнозу синоптиков, до завтрашнего утра в Москве будет снег и сильный ветер. Возможно образование гололедицы.  Рекомендуем до конца недели для передвижений использовать городской транспорт. Если поездки на автомобиле не отложить, то планируйте их в более позднее время — после 20:00.  Интенсивное движение сейчас в оба направления на:  🔹  ТТК в районе Лужнецкой эстакады; 🔹  МКАД в районе Ярославского шоссе; 🔹  Минской улице.  На движение влияют:  🔹 локальные ограничения движения"
24363;2025-12-25;17;closure;0;;;https://t.me/DtOperativno/24363;Движение временно закрыто:  🔹на внешней стороне МСД в районе Окружного проезда, 34-а, стр. 6.  Будьте внимательнее при построении маршрута.
24369;2025-12-25;20;weather_alert;0;;;https://t.me/DtOperativno/24369;1️⃣2️⃣3️⃣4️⃣5️⃣ ЦОДД: до завтрашнего утра в Москве ожидается снег — завтра для поездок выбирайте метро  По прогнозу синоптиков, до утра в Москве ожидаются снег и ветер до 15 м/с. Возможно образование гололедицы.  Рекомендуем завтра отложить поездки на автомобиле и использовать городской транспорт. Так поездка будет безопасной для всех участников дорожного движения.  Автомобилистам рекомендуется:  🔹 Отложить поездки на более позднее время — после 20:00. 🔹 Быть особенно внимательными на подъемах и спусках с мостов и эстакад. 🔹 Соблюдать скоростной режим и дистанцию. 🔹 Не совершать резких маневро
24371;2025-12-26;6;weather_alert;0;;;https://t.me/DtOperativno/24371;"ЦОДД: в городе местами идет снег — для поездок по городу используйте метро  По прогнозам синоптиков, сегодня утром в городе снег и сильный ветер. Возможно образование гололедицы.  В течение дня настоятельно рекомендуем использовать городской транспорт. Если поездок на автомобиле не избежать, то отложите их на более позднее время — после 20:00.  На движение сегодня могут повлиять:   🔹 снижение скорости из-за погодных условий;  🔹 увеличение числа поездок; 🔹 короткий рабочий день; 🔹 ремонтные работы на дороге и мелкие ДТП.  Будьте внимательны: соблюдайте скоростной режим и дистанцию, не отвлекайт"
24372;2025-12-26;7;weather_alert;0;;;https://t.me/DtOperativno/24372;Доброе утро!  По прогнозам синоптиков, сегодня в городе ожидаются снег и сильный ветер. Возможно образование гололедицы.  Также в связи с предновогодним ростом числа поездок вечерний разъезд начнется раньше обычного. Движение будет затруднено в центре города, на ТТК и вблизи крупных торговых центров. Поездки на автомобиле лучше отменить или отложить на более позднее время – после 20:00.   Будьте аккуратны и внимательны за рулем. Избегайте резких маневров, снижайте скорость вблизи пешеходных переходов, не отвлекайтесь на телефон.   Для экономии времени рекомендуем воспользоваться метро.  Хороши
24375;2025-12-26;13;closure;0;;;https://t.me/DtOperativno/24375;"Движение временно закрыто:  🔹 на Кремлевской набережной; 🔹 на Большом Каменном мосту.  Будьте внимательны при планировании маршрута."
24376;2025-12-26;14;closure;0;;;https://t.me/DtOperativno/24376;"По данным ЦОДД, на дорогах сейчас 6 баллов — на авто после 20:00  Сегодня для поездок рекомендуем использовать метро. Так вы сэкономите время в пути:  🔹 Хорошевское шоссе — Комсомольская площадь: на метро — 25 мин., а на машине ~ 1 ч.; 🔹 Мичуринский проспект — Северный ландшафтный парк: на метро — 35 мин., на машине ~ 55 мин.  Интенсивное движение наблюдаем сейчас в обоих направлениях на:  🔹 МКАД в районе Косинского шоссе; 🔹 проспекте Маршала Жукова в районе Живописного моста; 🔹 МСД в районе Перовской эстакады.  На движение влияют:  🔹 локальные ограничения движения; 🔹 рост числа поездок; 🔹 пог"
24378;2025-12-26;14;weather_alert;0;;;https://t.me/DtOperativno/24378;🅿️ Служба эвакуации «Московского паркинга» помогает водителям 24/7!  С четверга в столице идет сильный снег. Меньше, чем за сутки наши эвакуаторы бесплатно переместили 17 автомобилей, которые попали в ДТП или вышли из строя, в безопасные места.  Напомним, что работники «Московского паркинга» постоянно находятся на дежурстве и оперативно реагируют на заявки экстренных служб.    «Просим автомобилистов быть внимательными на дорогах в снегопад. С вечера четверга эвакуаторы «Московского паркинга» помогли водителям 13 легковых и 4 грузовых авто. Такая работа позволяет предотвратить повторные происше
24383;2025-12-26;14;closure;0;;;https://t.me/DtOperativno/24383;Движение временно закрыто:  🔹 на улице Новый Арбат.  Будьте внимательны при планировании маршрута.
24384;2025-12-26;15;closure;0;;;https://t.me/DtOperativno/24384;Движение временно закрыто:  🔹 на улице Новый Арбат.  Будьте внимательны при планировании маршрута.
24385;2025-12-26;17;closure;0;;;https://t.me/DtOperativno/24385;"Движение временно закрыто:  🔹 на Кремлевской набережной; 🔹 на Большом Каменном мосту.  Будьте внимательны при планировании маршрута."
24390;2025-12-26;17;closure;0;;;https://t.me/DtOperativno/24390;Движение временно закрыто на:  🔹 Рублевском шоссе. Объезд по улице Молодогвардейская.  Будьте внимательны при планировании маршрута.
24391;2025-12-26;17;tram_works|tram_route_change;1;;;https://t.me/DtOperativno/24391;🚌🚌🚌 Рассказываем о том, какие маршруты наземного транспорта будут продлеваться в Новый год и Рождество.  В новогоднюю ночь наземный транспорт будет работать круглосуточно на 116 маршрутах автобусов и электробусов, а также 18 маршрутах трамваев, включая Московский трамвайный диаметр Т1. Также будут работать в обычном режиме существующие 18 ночных маршрутов.  На Рождество 125 маршрутов автобусов и электробусов, а также 18 маршрутов трамваев, включая Московский трамвайный диаметр Т1, будут работать до 3:30, 18 ночных маршрутов — по обычному расписанию.
24402;2025-12-26;18;closure;0;;;https://t.me/DtOperativno/24402;Движение временно закрыто на:  🔹 Рублевском шоссе. Объезд по улице Молодогвардейская.  Будьте внимательны при планировании маршрута.
24405;2025-12-26;18;tram_route_change;1;;;https://t.me/DtOperativno/24405;На Новокузнецкой улице (в районе остановки «Метро Третьяковская») из-за ДТП на путях задерживаются трамваи № Т1, А, 3 и 39.  Маршруты временно изменены. Будьте внимательны, следите за объявлениями водителей.
24407;2025-12-26;19;tram_route_change;1;;;https://t.me/DtOperativno/24407;На Новокузнецкой улице (в районе остановки «Метро Третьяковская») из-за ДТП на путях задерживаются трамваи № Т1, А, 3 и 39.  Маршруты временно изменены. Будьте внимательны, следите за объявлениями водителей.
24409;2025-12-27;9;weather_alert;0;;;https://t.me/DtOperativno/24409;1️⃣2️⃣3️⃣4️⃣5️⃣ ЦОДД: до завтрашнего утра в Москве ожидается снег. Отложите поездки на авто  По прогнозу синоптиков, сегодня с 20:00 до 10:00 завтрашнего дня в Москве ожидается снегопад. Возможно образование гололедицы.  Автомобилистам рекомендуется:  🔹 Быть особенно внимательными на подъемах и спусках с мостов и эстакад. 🔹 Соблюдать скоростной режим и дистанцию. 🔹 Не совершать резких маневров. 🔹 Не отвлекаться на телефон во время движения.  Рекомендуем отложить поездки на автомобиле и использовать городской транспорт. Так поездка будет безопасной для всех участников дорожного движения.  За си
24410;2025-12-28;9;tram_route_change;1;50;;https://t.me/DtOperativno/24410;На Красноказарменной улице (в районе остановки «Лефортовский мост») задерживаются трамваи № 4, 32, 37, 43 и 50.  Маршруты временно изменены. Будьте внимательны, следите за объявлениями водителей.
24416;2025-12-28;10;tram_route_change;1;50;;https://t.me/DtOperativno/24416;На Красноказарменной улице (в районе остановки «Лефортовский мост») задерживаются трамваи № 4, 32, 37, 43 и 50.  Маршруты временно изменены. Будьте внимательны, следите за объявлениями водителей.
24434;2025-12-29;16;closure;0;;;https://t.me/DtOperativno/24434;"Движение временно закрыто:  🔹 на съезде с Кремлевской набережной на Боровицкую площадь; 🔹 на Большом Каменном мосту по направлению в центр.   Планируйте маршрут заранее."
24435;2025-12-29;16;closure;0;;;https://t.me/DtOperativno/24435;По данным ЦОДД, на дорогах 7 баллов. В городе локальные ограничения движения — выбирайте метро для поездок по городу  Вечером на дорогах ожидается до 8 баллов по данным ЦОДД. В среднем путь из центра на окраину города может занять до 1,5 часов. Рекомендуем в течение дня, а особенно в часы разъезда, использовать городской транспорт.  Сейчас временно закрыто движение на нескольких улицах в центре города. В связи с этим движение затруднено:  🔹 в районе Москворецкой и Кремлевской набережных в направлении Большого Каменного моста. Объезд возможен через Бульварное кольцо. 🔹 в районе Большого Каменно
24441;2025-12-29;22;closure;0;;;https://t.me/DtOperativno/24441;❗️На внешней стороне 105 км МКАД (в районе съезда №105А) произошло столкновение двух грузовых автомобилей. На месте работают оперативные службы города. Обстоятельства произошедшего и информация о пострадавших уточняются.  Перекрыто движение с МКАД на Щёлковское шоссе в направлении области. Движение в районе ДТП затруднено. Пожалуйста, выбирайте пути объезда.
24442;2025-12-29;23;closure;0;;;https://t.me/DtOperativno/24442;❗️На внешней стороне 105 км МКАД (в районе съезда №105А) произошло столкновение двух грузовых автомобилей. На месте работают оперативные службы города. Обстоятельства произошедшего и информация о пострадавших уточняются.  Перекрыто движение с МКАД на Щёлковское…
24444;2025-12-30;8;weather_alert;0;;;https://t.me/DtOperativno/24444;"ЦОДД: в городе местами идет снег — для поездок по городу используйте метро  По прогнозам синоптиков, в течение дня в городе местами будет идти снег. Возможно образование гололедицы.  Рекомендуем для передвижений по городу использовать городской транспорт. Особенно в часы разъезда. Если поездок на автомобиле не избежать, то отложите их на более позднее время — после 20:00.  В течение дня ожидаем локальные затруднения движения в центральной части города, на Садовом кольце, ТТК и вблизи крупных торговых центров.  На движение сегодня могут повлиять:   🔹 снижение скорости из-за погодных условий;  🔹"
24446;2025-12-30;10;closure;0;;2025-01-03;https://t.me/DtOperativno/24446;3 января 2026 г. с 11:30 до 11:45 участки улицы Петровки, Крапивенского переулка и Петровского бульвара будут закрыты для проезда. Это связано с проведением религиозного праздника.   Рекомендуем заранее планировать маршрут с учётом перекрытий.  Также информацию можно посмотреть на сайте.
24451;2025-12-30;10;closure;0;;2025-01-06|2025-01-07;https://t.me/DtOperativno/24451;В период с 16:00 6 января до 03:00 7 января 2026 г. Соймоновский проезд и участок улицы Волхонки будут закрыты для движения. Это связано с проведением рождественских мероприятий.  Рекомендуем заранее планировать маршрут с учётом перекрытий.  Подробнее – на сайте.
24453;2025-12-30;12;closure;0;;;https://t.me/DtOperativno/24453;5 баллов по данным ЦОДД. Сегодня за подарками — на метро  По прогнозу ЦОДД, в 15:00 на дорогах ожидается 6 баллов. Особенно сложно проехать будет вблизи крупных торговых центров. Рекомендуем сегодня в течение дня, а особенно в часы разъезда, использовать городской транспорт.  Сейчас интенсивное движение:  🔹 на Варшавском шоссе в районе дома 78/2. Объезд возможен по Каширскому шоссе. 🔹 на Профсоюзной улице в районе дома 126, корпус 2. Объезд возможен по Ленинскому проспекту. 🔹 внутренней стороне ТТК в районе Автозаводской улицы, дом 18.   Движение временно закрыто на:  🔹 на Большом Каменном мос
24454;2025-12-30;13;closure;0;;;https://t.me/DtOperativno/24454;Движение временно закрыто:  🔹 на Тверской улице по направлению в центр. Объезд возможен через Садовое кольцо.  Будьте внимательны при построении маршрута.
24471;2025-12-31;22;closure;0;;;https://t.me/DtOperativno/24471;"Движение будет временно закрыто с 23:30 до 00:10 на:  🔹 улице Ильинка; 🔹 улице Варварка; 🔹 Кремлевской набережной; 🔹 Москворецкой набережной; 🔹 Большом Москворецком мосту.  Будьте внимательны. Планируйте маршрут заранее."
