post_id;post_date;post_hour;categories;tram_related;target_routes;event_dates;url;text
44263;2025-01-01;12;tram_works;1;;2025-01-01|2025-12-31;https://t.me/DtRoad/44263;По традиции всю ночь с 31 декабря на 1 января Московский транспорт перевозил пассажиров бесплатно и без перерыва. Спасибо, что доверили нам свои поездки!   Благодарим коллег, которые дежурили и обеспечивали слаженную работу транспорта в Новый год, — это более 15 тыс. водителей, машинистов, дежурных и многих других специалистов Транспортного комплекса Москвы.    Как рассказал Максим Ликсутов, в новогоднюю ночь с 20:00 до 06:00 москвичи и гости столицы совершили более 1,3 млн поездок на городском транспорте.     Самыми популярными стали метро и МЦК — пассажиры воспользовались ими более 950 тыс. 
44290;2025-01-02;11;tram_works|tram_route_change;1;;;https://t.me/DtRoad/44290;Соблюдаем чистоту в наземном транспорте, чтобы ваши поездки были безопасными.   Максим Ликсутов отметил, что более 8 тыс. автобусов и электробусов, а также более 500 трамваев ежедневно проходят санитарную обработку.  Что мы делаем:  🔹 чистим и моем весь транспорт снаружи  🔹 проводим тщательную уборку салона 🔹 обрабатываем все контактные поверхности специальными средствами  «Повышаем комфорт и безопасность поездок по городу по поручению Мэра Москвы Сергея Собянина. В период сезонных заболеваний тщательно следим за санитарным состоянием автобусов, электробусов и трамваев на более чем 880 городск
44297;2025-01-02;13;tram_works;1;;;https://t.me/DtRoad/44297;🚊 Отправляемся в 2025 год на беспилотном трамвае!   Максим Ликсутов рассказал, что за время испытаний инновационный транспорт проехал по улицам столицы более 2800 км.   В 2024 году успешно завершился 1-й этап запуска и начался 2-й. А в конце этого года трамвай планируем запустить в полностью беспилотном режиме для регулярных поездок с пассажирами на маршруте.  «В мае 2024 года Мэр Москвы Сергей Собянин объявил о начале испытаний в городе первого в России беспилотного трамвая. Инновационный транспорт работает на основе технологий искусственного интеллекта, которые позволяют в реальном времени а
44307;2025-01-03;10;mass_event;0;;;https://t.me/DtRoad/44307;Мы украсим 51 станцию метро архитектурно-художественной подсветкой.      7️⃣ Сейчас ее установили на станции «Кузнецкий мост»: около 70 светильников с теплым светом разместили на фасаде. Они полностью повторяют его цветовую гамму.   Освещение подчеркивает уникальный архитектурный облик станции и делает внешний вид вестибюля еще более парадным. Позже подсветка появится и на других вестибюлях.  Как рассказал Максим Ликсутов, новую подсветку установят также на 38 объектах культурного наследия. Благодаря ей даже в темное время суток жители и гости Москвы увидят красоту архитектуры станций.  «Мы ус
44320;2025-01-03;17;tram_works;1;;;https://t.me/DtRoad/44320;Какие ассоциации у вас вызывает слово «снежок»: напиток или комок снега? У нас — трамвай, без которого не обходится ни одна зима ❄️  Максим Ликсутов рассказал, что более 50 опытных водителей работают на снегоуборочных трамваях, чтобы обеспечивать бесперебойную работу транспорта в непогоду. До 15 спецвагонов — «снежков» — каждый день выходят в город.  «Мэр Москвы Сергей Собянин поставил задачу обеспечивать комфортные поездки пассажиров при любой погоде. Поэтому мы готовим транспорт и инфраструктуру к работе в любых условиях, чтобы вы всегда могли добираться вовремя и безопасно», — добавил Макси
44323;2025-01-04;10;mass_event;0;;;https://t.me/DtRoad/44323;⚡️ Где подзарядить электромобиль на январских праздниках, пока отдыхаете всей семьей?   Выбирайте место из нашей подборки зимних фестивалей и активностей рядом со станциями «Энергия Москвы».  На карте отметили интересные локации и ЭЗС проекта «Энергия Москвы», которыми вы можете воспользоваться, пока отдыхаете. А еще рассказали подробнее, чем там можно заняться 👆   «Число электромобилей в столице растет, поэтому мы продолжаем развивать инфраструктуру для них по задаче Мэра Москвы Сергея Собянина. Сейчас жителям доступны около 290 городских зарядных станций. Устаналиваем ЭЗС в местах, где горож
44352;2025-01-05;13;mass_event;1;;;https://t.me/DtRoad/44352;🤫 Загадка.   Площадь Белорусского вокзала, Чистопрудный бульвар и район ВДНХ — что объединяет эти локации? Здесь прошли парады трамваев в 2024 году. Как это было, читайте тут.  Максим Ликсутов рассказал, что впервые в разных районах столицы за год состоялись сразу 3 парада трамваев. Это абсолютный рекорд.  «В год 125-летия московского трамвая на улицах города прошли 3 парада этого вида транспорта. Они завершались выставкой редкой техники. Всего праздничные мероприятия посетили более 500 тыс. москвичей и туристов. По поручению Мэра Москвы Сергея Собянина мы активно развиваем столичный трамвай и
44374;2025-01-06;10;tram_works|tram_route_change;1;;;https://t.me/DtRoad/44374;Бесшумный, комфортный и быстрый: как меняется московский трамвай   🚊 Этот вид транспорта удобен для многих москвичей. За прошлый год на трамваях совершено больше 190 млн поездок. Это почти на 20% выше показателей 2023-го.   👍 Продолжаем интегрировать их в рельсовый каркас города, успешно дополняя существующие линии метро, МЦК и МЦД.   С начала 2024 года для плавности хода и снижения шума обновлено свыше 15 км трамвайных путей.   📍В сентябре запущена линия по улице Сергия Радонежского, появился новый маршрут №2 от 3-й Владимирской улицы до Курского вокзала. Больше 700 тысяч жителей получили нов
44382;2025-01-06;13;weather_alert;0;;2025-01-02|2025-01-10|2025-01-20;https://t.me/DtRoad/44382;Водителям на заметку: какая будет загруженность дорог в январе 2025 года?  Аналитики ЦОДД подсчитали:  🔹 В начале месяца дороги еще будут свободны. 🔹 9-10 января на дорогах ожидаем около 2,59 млн автомобилей. Это на 40-60 тыс. больше, чем на новогодних каникулах.  🔹 Поток машин будет привычным после 20 января.  🔹 В среднем за январь число автомобилей в городе составит 2,65–2,7 млн.  В начале месяца движение может быть затруднено вблизи крупных торговых центров, рядом с зонами отдыха и в центре города. Также на движение могут повлиять снегопады. Высокой загруженности не ожидается.   «В новогодн
44386;2025-01-06;17;mass_event;0;;;https://t.me/DtRoad/44386;Подводим спортивные итоги! В прошлом году вы активно посещали бесплатные тренировки на Северном и Южном речных вокзалах.  Более 8 тыс. человек побывали на занятиях от проекта «Спортивные выходные» в 2024 году. Мы совместно с Департаментом спорта города Москвы и центром госуслуг «Мои Документы» организовали для вас тренировки. Среди занятий были:  🔹 йога, которая помогала снизить уровень стресса 🔹 танцевальные тренировки, которые заряжали энергией на неделю вперед 🔹 фитрок, где можно было ощутить себя барабанщиком и послушать рок-хиты всех времен 🔹 занятия по растяжке, которые помогали привести
44396;2025-01-07;10;mass_event;0;;;https://t.me/DtRoad/44396;"От всей души поздравляю вас с Рождеством Христовым!   Один из самых почитаемых христианских праздников наполняет храмы радостью торжественных богослужений, улицы и площади — великим колокольным звоном, а сердца православных верующих — красотой и любовью.    В эти дни мы особо ценим тепло человеческих отношений, дарим друг другу радость общения и, конечно же, верим в лучшее.   ❄️ Душевную атмосферу в нашем любимом городе помогают создавать ""Путешествие в Рождество"" и другие фестивали проекта ""Зима в Москве"". Красочные и уютные площадки — адреса ярких впечатлений и добрых дел.   Друзья, путешест"
44400;2025-01-07;14;tram_works|tram_route_change;1;;;https://t.me/DtRoad/44400;🤩 Вы установили трамвайный рекорд перед Новым годом: 750 тыс. поездок на трамваях за 1 день.   Максим Ликсутов рассказал, что это самый высокий показатель за последние годы. Его достигли в декабре 2024 года.  Еще немного статистики по итогам года:   🔹 В 2024 году пассажиры совершили на трамваях более 190 млн поездок. Это примерно на 20% больше, чему в 2023 году. 🔹 Специалисты обновили более 15 км трамвайных путей и сварили более 470 рельсовых стыков. Это делает поездки тише, быстрее и комфортнее.  «Сегодня в Москве 35 трамвайных маршрутов, по будням на этом виде транспорта совершают в среднем 
44414;2025-01-09;7;weather_alert;0;;;https://t.me/DtRoad/44414;Доброе утро!  Первый рабочий день в этом году обещает быть облачным и без осадков.  Возможно образование гололедицы.   К вечеру возможны затруднения движения в центре города, на ТТК и МКАД, поэтому планируйте маршрут заранее.  Будьте внимательны за рулем. Соблюдайте скоростной режим и дистанцию.  Хорошего дня 💚
44444;2025-01-10;7;weather_alert;0;;;https://t.me/DtRoad/44444;Доброе утро!  По прогнозу синоптиков, сегодня в городе ожидается снег с дождем.  Возможно образование гололедицы.   В связи с коротким рабочим днём вечерний разъезд начнётся сегодня раньше — около 16:00. Рекомендуем выезжать до него или отложить поездку на более позднее время.   Будьте внимательны за рулем. Соблюдайте скоростной режим и дистанцию.  Хорошего дня 💚
44485;2025-01-11;13;mass_event;0;;;https://t.me/DtRoad/44485;❄️ Январские каникулы прошли, а наш бесплатный каток на Северном речном вокзале продолжает работу!  Открыли его вместе с Департаментом спорта города Москвы. За новогодние праздники его посетили более 6 тыс. человек.   Наши гости:  🔹 сделали памятные фото у светящихся инсталляций и еловых арок 🔹 бесплатно покатались на коньках 🔹 послушали выступления артистов проекта «Музыка в метро»  «По поручению Мэры Москвы Сергея Собянина мы развиваем Северный речной вокзал не только как важный транспортный объект, но и как популярное место отдыха горожан. Организуем здесь фестивали, отмечаем городские и го
44532;2025-01-14;7;weather_alert;0;;;https://t.me/DtRoad/44532;Доброе утро!  По прогнозу синоптиков, сегодня в городе ожидается снег.  Возможно образование гололедицы.   К вечеру возможны затруднения движения в центре города, на ТТК и МКАД.  Просим водителей избегать резких маневров, соблюдать дистанцию и скоростной режим, особенно на подъемах и спусках с мостов и эстакад.  Пусть ваша поездка будет безопасной и комфортной 💚
44582;2025-01-16;7;weather_alert;0;;;https://t.me/DtRoad/44582;Доброе утро!  По прогнозу синоптиков, сегодня в городе ожидается мокрый снег. Возможно образование гололедицы.  Для поездок по городу рекомендуем использовать городской транспорт.   Хорошего дня 💚
44590;2025-01-16;12;tram_route_change;1;;;https://t.me/DtRoad/44590;🚊 Быстрее, безопаснее и проще. Такими стали поездки на трамвае после обустройства 27 приподнятых платформ в Москве в 2024 году.  Максим Ликсутов рассказал, что благодаря приподнятым платформам время посадки в трамвай сокращается в 2 раза: с 1 мин. до 20-30 сек.  Где находятся новые остановки с приподнятыми платформами:  🔹 на улицах Авиамоторная, Волочаевская и Достоевского 🔹 у станции МЦД Митьково 🔹 в районе новой линии по улице Сергия Радонежского 🔹 на площади Яузские Ворота и площади Борьбы 🔹 у Российского университета транспорта (МИИТ)  Через новые остановки с платформами проходят 19 трамва
44618;2025-01-17;7;weather_alert;0;;;https://t.me/DtRoad/44618;Доброе утро!  По прогнозу синоптиков, сегодня в городе будет облачно. Возможно образование гололедицы.   В связи с коротким рабочим днём вечерний разъезд начнётся сегодня раньше — около 16:00. Рекомендуем выезжать до него или отложить поездку на более позднее время.   Будьте внимательны за рулем. Соблюдайте скоростной режим и дистанцию.  Хорошего дня 💚
44619;2025-01-17;9;mass_event;0;;2025-01-19;https://t.me/DtRoad/44619;🚍 Комфортно и безопасно добраться домой после крещенских купаний можно на автобусах и электробусах. Мы продлим работу некоторых маршрутов в ночь на 19 января.  Максим Ликсутов сообщил, что изменения коснутся 35 маршрутов автобусов и электробусов в разных округах Москвы. Они будут курсировать до 03:00. Кроме того, в столице работают 18 ночных маршрутов.  Подробнее показали в карточке 👆  «На праздник Крещения мы каждый год продлеваем работу наземного транспорта. Маршруты автобусов и электробусов, которые проходят рядом с местами традиционных купаний, будут работать до 03:00. По поручению Мэра Мо
44659;2025-01-19;10;mass_event;0;;;https://t.me/DtRoad/44659;👍 Почему билетная система Москвы — лучшая в мире? Секрет в столичных специалистах, самом современном оборудовании и передовых решениях на базе мнения москвичей.  Максим Ликсутов рассказал, что все важные элементы для внедрения инноваций собрали в первой в России лаборатории билетных систем. Она работает в Центре перспективных разработок в районе Кунцево.  Ключевые проекты, которые испытывали в лаборатории:   🔹 Автоматическая активация онлайн-пополнения «Тройки» и карты москвича‎ на турникетах и валидаторах.  🔹 Современные турникеты, которые работают на станции «Марьина Роща» БКЛ.  🔹 Виртуальна
44731;2025-01-22;17;mass_event;0;;2025-01-24|2025-01-25;https://t.me/DtRoad/44731;Что любят студенты? Подарки и бесплатные билеты! Отпразднуем Татьянин день в Московском транспорте.     Рассказываем о мероприятиях:     🔹 24 января студенты столичных вузов впервые отправятся на электробусе на литературную экскурсию по столице от Центральной городской библиотеки им. А. П. Гайдара.    🔹 25 января с 11 утра в вестибюле станции метро «Университет» пассажиры смогут сфотографироваться с аниматором в костюме основателя МГУ — М. В. Ломоносова, а также принять участие в викторине.   🔹 25 января с 9 утра на стойке «Живое общение» на эскалаторной галерее на Воробьевых горах все пассажи
44738;2025-01-23;7;weather_alert;0;;;https://t.me/DtRoad/44738;Доброе утро!  По прогнозу синоптиков, сегодня в городе ожидается снег.  Возможно образование гололедицы.   К вечеру возможны затруднения движения в центре города, на ТТК и МКАД.  Просим водителей избегать резких маневров, соблюдать дистанцию и скоростной режим, особенно на подъемах и спусках с мостов и эстакад.  Пусть ваша поездка будет безопасной и комфортной 💚
44773;2025-01-24;7;weather_alert;0;;;https://t.me/DtRoad/44773;Доброе утро!  По прогнозу синоптиков, сегодня в городе ожидается небольшой снег. Возможно образование гололедицы.  В связи с коротким рабочим днём вечерний разъезд начнётся сегодня раньше — около 16:00. Рекомендуем выезжать до него или отложить поездку на более позднее время.   Будьте внимательны за рулем. Соблюдайте скоростной режим и дистанцию.  Хорошего дня 💚
44805;2025-01-25;10;mass_event;0;;;https://t.me/DtRoad/44805;Сердечно поздравляю с Днём российского студенчества!   🏛 Ровно 270 лет назад, в День святой Татьяны, был основан Московский университет, с которого началась новая веха в истории отечественного образования и науки.   🧑‍🎓 Сегодня Татьянин день отмечают сотни тысяч московских студентов — умных, энергичных, целеустремлённых. Вместе с профессией вы получаете в столице отличные возможности для реализации талантов, культурного развития, занятий спортом, активного участия в жизни города и успешного начала карьеры.   Пусть звание московского студента вдохновляет вас на покорение новых вершин. Желаю вам
44826;2025-01-25;16;mass_event;0;;;https://t.me/DtRoad/44826;🎓 Разработали новый познавательный маршрут по Москве вместе со специалистами Мосгортранса, Музея Транспорта Москвы и библиотекой им. А. П. Гайдара.    Он проходит от моста Богдана Хмельницкого до Варварки. Экскурсию провели для учеников выпускных классов школ и студентов первых курсов университетов. Во время поездки:  🔹 любовались красивыми видами столицы 🔹 посетили памятники архитектуры 🔹 узнали интересные литературные факты   В конце экскурсии участников ждали памятные сувениры.  «В рамках проекта «Московский транспорт. Детям» организовали познавательную экскурсию на электробусе. Провели ее 
44833;2025-01-26;13;weather_alert;1;;;https://t.me/DtRoad/44833;Вспомним правила поведения в холодное время года вместе с детскими героями Московского транспорта!    На улицах Москвы морозно и скользко, а значит, самое время вспомнить о важных правилах безопасности. На всех медиаэкранах в Московском транспорте начали транслировать познавательные видеоролики о правилах безопасности для детей с любимыми персонажами. Первая «зимняя» серия уже в эфире.    Что вы можете увидеть на медиаэкранах:    🔹 Рекомендации от Метроши о безопасном движении по переходам в гололед.  🔹 Советы от Электробусика о том, как важно держаться за поручни и быть внимательными при выхо
44834;2025-01-26;14;mass_event;0;;;https://t.me/DtRoad/44834;Мы отметили День студента вместе с вами!   Максим Ликсутов рассказал, в праздничный день более 650 человек посетили каток на Северном речном вокзале. Учащиеся 11 университетов приняли участие в студенческих концертах на площадках «Музыки в метро». А еще всем пассажирам раздали 700 подарков за правильные ответы на викторинах об истории МГУ, образовательной системе России и Московском транспорте.  Какие активности мы подготовили для пассажиров совместно с МГУ и проектом «Молодежь Москвы» Комитета общественных связей и молодежной политики города Москвы — рассказывали здесь.  «Москва — столица рос
44842;2025-01-26;18;tram_works;1;;;https://t.me/DtRoad/44842;🚊 Забота — главное слово на букву «З» в нашем новом трамвайном алфавите. Именно с ней мы в первую очередь подходим к работе с нашими пассажирами.  А остальные слова смотрите в карточках.  👍 Дептранс Москвы
44866;2025-01-28;11;mass_event;0;;2025-01-28|2025-02-09;https://t.me/DtRoad/44866;Го, Сянци, Любо, ушу. Если вы еще не знакомы с этими словами, то самое время узнать их на площадках «Китайский Новый год» проекта «Зима в Москве».  Праздник пройдет с 28 января по 9 февраля. Приложение «Московский транспорт» поможет найти все локации фестиваля и легко добраться до них:  1️⃣ Потяните нижнее меню вверх и зайдите в раздел «Интересное». 2️⃣ Выберите изображение фестиваля. 3️⃣ Перед вами откроются все площадки мероприятия.  4️⃣ Выберите нужную локацию и проложите маршрут до интересных мастер-классов, незабываемых выступлений и мира китайской гастрономии.  Скачать приложение «Москов
44867;2025-01-28;12;mass_event;0;;;https://t.me/DtRoad/44867;Музей Транспорта Москвы отмечает свой первый юбилей — 5 лет! 🥳  Музей занимается сохранением наследия городского транспорта столицы, рассказывает о его современном развитии, реставрирует и хранит экспонаты, делает выставки, издает книги, увлечен научно-исследовательской и просветительской деятельностью.  За 5 лет коллектив музея:  🔹 отреставрировал и восстановил 36 экспонатов и 76 артефактов 🔹 открыл 32 выставки, среди которых «Мечта Москвича», «Вы находитесь здесь. Всегда. Сегодня. Послезавтра», «Ты выглядишь на все 100!» 🔹 реализовал 59 спецпроектов, запустив ежегодные фестиваль «Ретрорейс» 
44906;2025-01-29;18;mass_event;0;;;https://t.me/DtRoad/44906;🇨🇳 Китайский Новый год в московском метро! Мы запустили новый тематический поезд в рамках годов культуры России и Китая 2024–2025 гг.  Впервые выполнили брендированный состав с коллегами из КНР. Он оформлен в красном цвете, традиционном для китайской культуры. Он символизирует счастье, радость, удачу и процветание. Как мы украсили поезд:  🔹 На внешней части вагонов разместили символ наступившего года — змею — и китайского дракона, который олицетворяет доброе начало. 🔹 Внутри поезда пассажиры могут увидеть фотографии празднования Нового года в Китае.  Мы высоко ценим нашу дружбу, бережем наше н
44955;2025-01-31;17;mass_event;1;;;https://t.me/DtRoad/44955;Гостем нового выпуска программы «Москва едет» на канале «Москва 24» стал автор и исполнитель Александр ST. Вместе с Юлией Темниковой они обсудили, как столичный транспорт становится значимым культурным пространством города.    «Для меня московский транспорт, помимо средства передвижения, — еще и герой произведений. Когда ты слышишь песню барда про трамвай, который едет в сторону Арбата, ты сразу рисуешь себе эту картину. А сколько песен посвящалось Московскому метрополитену — и про куплеты, которые рождаются под шум колес, и про станции, которые тянутся бесконечным потоком мыслей», — отметил А
44974;2025-02-01;14;tram_route_change;1;;;https://t.me/DtRoad/44974;🚊 Самым быстрым маршрутом трамвая по итогам прошедшего года стал 17-й. Он соединяет районы Медведково и Останкино и является самым популярным столичным трамвайным маршрутом.  Максим Ликсутов отметил, что средняя скорость Московского трамвая за 2024 год увеличилась почти на 5% по сравнению с 2023 годом.  Подробнее о маршрутах-лидерах по средней скорости в 2024 году смотрите в карточке 👆  «Мы постоянно развиваем трамваи Москвы: обновили подвижной состав уже на 97%. Ежедневно на этом виде транспорта совершают более 730 тыс. поездок. При личном участии Мэра Москвы Сергея Собянина трамваи в столице
44980;2025-02-01;17;tram_works;1;;;https://t.me/DtRoad/44980;👍 Где создают будущее Московского транспорта?  Максим Ликсутов рассказал, что современной площадкой для лучших технологичных решений стал Центр исследования и разработки беспилотного транспорта. Он работает в Центре перспективных разработок в районе Кунцево. В мае прошлого года ИТ-кластер открыл Мэр Москвы Сергей Собянин.   У наших специалистов есть:  🔹 Лаборатория с  электроизмерительным оборудованием для тестирования оборудования систем автопилота. 🔹 Серверные мощности для моделирования поведения трамвайного вагона и для обучения нейронных сетей. 🔹 3D-принтер для изготовления прототипов креп
45083;2025-02-05;7;weather_alert;0;;;https://t.me/DtRoad/45083;Доброе утро!  По прогнозу синоптиков, сегодня в городе ожидается небольшой снег.  Возможно образование гололедицы.   К вечеру возможны затруднения движения в центре города, на ТТК и МКАД.   Рекомендуем водителям соблюдать дистанцию, скоростной режим и избегать резких маневров, особенно на подъемах и спусках с мостов и эстакад.  Берегите себя и удачной дороги 💚
45127;2025-02-06;13;tram_works;1;1|17|25|28;;https://t.me/DtRoad/45127;Модернизация трамвайной системы — одно из ключевых направлений развития столичного транспорта   Только за 2024 год пассажиры воспользовались трамваями свыше 190 млн раз.   👍 Ведём постоянную работу по отделению трамвайных путей от автомобильных дорог. Больше 250 км путей выделены физически, ещё свыше 35 км — разметкой.    Доля общего обособления трамвайных путей выросла уже до 82%.   Благодаря этому движение трамвая становится более предсказуемым — снизилось число аварий и сбоев на путях по вине других участников. За счёт физического обособления за последние три года время задержек сократилось
45133;2025-02-06;17;mass_event;0;;2025-02-10;https://t.me/DtRoad/45133;🎁 По улицам и бульварам столицы который день уверенно шагает фестиваль «Китайский Новый год в Москве». А раз есть повод, должны быть и подарки — праздничные наборы с фигурками самолетиков, мягкими игрушечными пандами и картами «Тройка».  📌 Для участия нужно: ✅ подписаться на каналы — Мостуризм — Город Москва — Дептранс Москвы ✅ нажать кнопку «Участвовать» под этим постом  🗓 Итоги подведем 10 февраля в 17:00. Пятерых победителей определим случайным образом с помощью бота. Первые три получат полный набор: самолетик, панду и «Тройку», а вторые два — только игрушки.
45146;2025-02-07;13;tram_works|tram_route_change;1;;;https://t.me/DtRoad/45146;🚊 Уровень обособления трамвайных путей Москвы за последние 3 года вырос более чем на 20%. Благодаря этому транспорт передвигается быстрее и безопаснее.   Максим Ликсутов рассказал, что сегодня пути отделены от автомобилей на 82%. Всего трамвайная сеть города охватывает около 430 км с учетом депо.  «За счет физического обособления трамвайных путей от автомобильных дорог мы улучшаем движение в городе, делаем поездки более безопасными и комфортными для пассажиров. Например, еще в 2021 году на улицах Красноказарменной и Орджоникидзе зафиксировали по 70 сбоев движения. После обособления трамвайных 
45174;2025-02-08;16;mass_event;0;;;https://t.me/DtRoad/45174;☕️ Чай из самовара и ледовое шоу на бесплатном катке в парке Северного речного вокзала — рецепт прекрасного и уютного вечера.   В рамках фестиваля «Московское чаепитие» посетители вечерних сеансов бесплатного катания:  🔹 посмотрели музыкально-танцевальные ледовые шоу 🔹 попробовали чай «Москва» из настоящего самовара 🔹 узнали историю русской чайной традиции   «Бесплатный каток на Северном речном вокзале — место притяжения для жителей и гостей города. Каждую неделю здесь выступают артисты проекта «Музыка в метро» и проходят бесплатные тренировки по катанию на коньках. В рамках фестиваля «Московс
45314;2025-02-15;14;tram_works;1;;;https://t.me/DtRoad/45314;🚊 Первый в России беспилотный трамвай «общается» с окружающей средой с помощью уникальной для городского транспорта столицы технологии V2X.   На картинке показали, как трамвай взаимодействует со светофорами 👆   Красная траектория говорит о том, что движение запрещено. Когда сигнал светофора переключится, путь станет зеленым, и трамвай начнет движение.  Максим Ликсутов рассказал, что специалисты Центра перспективных разработок обновили инфраструктуру трассы маршрута №10 в районе Строгино по системе V2X. Для этого установили специальное оборудование на пути следования трамвая и в самом транспорт
45335;2025-02-16;13;closure;0;;;https://t.me/DtRoad/45335;В подуличном переходе на станции «Киевская» Кольцевой линии проведем работы по устранению водопроявлений.  «Киевская» — одна из самых востребованных станций метро. Чтобы она оставалась удобной для пассажиров и выглядела красиво и эстетично, мы поддерживаем состояние инфраструктуры на высочайшем уровне. Для этого проведем ремонт, включая инъектирование и замену облицовки стен перехода.   🔹 Восточный подуличный переход перекроют частично, чтобы не мешать комфортному движению.  🔹 Рядом установят указатели и предупреждающие знаки. 🔹 При необходимости сотрудники метро будут корректировать пассажиро
45361;2025-02-17;11;tram_works;1;;2025-02-19;https://t.me/DtRoad/45361;Продолжаем изучать информационные технологии со специалистами Центра перспективных разработок Московского транспорта.        Спикером новой лекции станет Анастасия Кузнецова. Она собирает пожелания от заказчиков и готовит для разработчиков точные технические требования. Например, она работала над внедрением дополнительных функций приложения «Метро Москвы».        На встрече со слушателями спикер расскажет о:         🔹 требованиях к функционалу продукта    🔹 цифровых инструментах для анализа и документирования решений    🔹 способах сбора и обработки обратной связи для улучшения продуктов      Т
45474;2025-02-21;10;mass_event;0;;2025-02-21|2025-03-02;https://t.me/DtRoad/45474;🥞 Куда отправиться на Масленицу? Площадки фестиваля от проекта «Зима в Москве» и маршруты до них можно найти в приложении «Московский транспорт».   Масленичная неделя в столице пройдет с 21 февраля по 2 марта. В этом году фестиваль посвятили русской сказке. На празднике вас ждут выступления фольклорных групп, конкурс на звание самого сильного жителя района, а также мастер-классы.  Чтобы найти площадки фестиваля в приложении:  1️⃣ Потяните нижнее меню вверх и зайдите в раздел «Интересное». 2️⃣ Выберите изображение фестиваля. 3️⃣ Перед вами откроются все площадки мероприятия. Они отмечены на кар
45518;2025-02-22;10;mass_event;0;;;https://t.me/DtRoad/45518;🚇 На стойках «Живое общение» можно встретить людей разных специальностей: от юристов и экономистов до логистов и менеджеров по продажам.   Есть представители и необычных профессий: организаторы малого предпринимательства, ювелиры, а также концертно-камерный певец.   Но всех их объединяет то, что они выбрали работу на стойках «Живое общение». В карточках рассказываем, почему 👆  «Сотрудники стоек «Живое общение» проходят специальное обучение и повышение квалификации, чтобы помогать пассажирам и отвечать на различные вопросы о транспорте. Только с начала этого года москвичи и гости столицы обрати
45532;2025-02-23;10;mass_event;1;;;https://t.me/DtRoad/45532;Поздравляем с Днем защитника Отечества!  Максим Ликсутов сообщил, что традиционно в честь праздника украсили около 5,6 тыс. автобусов, электробусов и трамваев флагами России и гербом Москвы. Водители наземного транспорта вышли на маршруты в парадной форме.  «Поздравляю москвичей и гостей столицы с Днем защитника Отечества! Это праздник мужества, отваги и чести — сегодня мы отдаем дань уважения тем, кто ежедневно стоит на страже нашей страны, обеспечивает безопасность миллионов россиян. По традиции в этот день наземный городской транспорт будет украшен флагами России и гербом Москвы. Участвуем 
45534;2025-02-23;11;tram_route_change;1;;;https://t.me/DtRoad/45534;🚃 Осенью первый в России беспилотный трамвай начнет регулярные поездки с пассажирами на маршруте!  Максим Ликсутов рассказал, что в рамках 3-го, финального этапа запуска инновационного транспорта вагон будет курсировать в полностью беспилотном режиме по маршруту №10 в Строгине. Ранее столичный беспилотный трамвай на базе модели «Львенок-Москва» успешно завершил 1-й этап, а сейчас не менее успешно проходит 2-й.  В кабине или салоне будет находиться наш сотрудник, это необходимо для визуального наблюдения за движением и выполнения других задач.  «По поручению Мэра Москвы Сергея Собянина мы готов
45550;2025-02-24;10;mass_event;0;;;https://t.me/DtRoad/45550;Как мы отпраздновали День защитника Отечества?  Максим Ликсутов рассказал, что для гостей подготовили насыщенную программу. Выставки, мастер-классы, игры и конкурсы: всего праздничные мероприятия посетили более 7,6 тыс. человек.   Например, в метро прошло выступление духового оркестра. На станции «Курская» с программой, включающей марши, патриотические композиции и песни военных лет, выступил детско-юношеский духовой оркестр московской школы № 1770. Концерт прошел при поддержке Российского духового общества.  Какие еще мероприятия провели в честь Дня защитника Отечества, рассказывали здесь.   
45570;2025-02-24;16;closure;0;;;https://t.me/DtRoad/45570;🚀 Что происходит на дорогах? Подскажут информационные табло ЦОДД.  Через эти табло Ситуационный центр ЦОДД:  🔹 предупреждает о погодных условиях, дорожных работах или авариях на пути 🔹 сообщает о перекрытиях и затруднениях в городе  🔹 напоминает о правилах безопасного вождения  Всего в Москве более 350 таких табло. Как они появлялись на дорогах столицы, показали в видео.  👍 Дептранс Москвы
45582;2025-02-25;11;mass_event;0;;;https://t.me/DtRoad/45582;☀️ Приходи, весна, скорее, зиму прочь от нас гони!   В честь празднования Масленицы подготовили для вас увлекательные мероприятия в метро, на речных и автовокзалах. Вас будут ждать:  🔹 Квизы на станциях «Сокольники» и «Марьина Роща» БКЛ. 🔹 Викторины на автовокзалах «Красногвардейский» и «Центральный». 🔹 Традиционные тематические забавы, конкурсы, эстафеты и бесплатные угощения на Северном и Южном речных вокзалах. 🔹 Концертная программа, выступления фольклорных коллективов и артистов проекта «Музыка в метро».  Подробное расписание смотрите в карточках.  «Транспортный комплекс столицы продолжает
45605;2025-02-26;10;mass_event;0;;;https://t.me/DtRoad/45605;Музыка в кармане! Совместно с Московским международным Домом музыки (ММДМ) мы выпустили 2 новые карты «Тройка».  Максим Ликсутов рассказал, что выпуск новых карт приурочили к 20-летию со дня торжественного открытия большого концертного органа в ММДМ.   Этот уникальный инструмент стал символом музыкальной культуры столицы. Кстати, этот орган — один из самых больших в Европе. Его высота превышает 14 м.  Купить новые карты можно:  🔹 на стойках «Живое общение» 🔹 во флагманских магазинах на станциях «Маяковская» и «Трубная» 🔹 в интернет-магазине метро  🔹 на маркетплейсах: Яндекс.Маркет, OZON и Wild
45618;2025-02-26;17;mass_event;0;;;https://t.me/DtRoad/45618;🚀 Сколько блинчиков вам нужно для счастья и продуктивной работы?  Сравнили их калорийность с энергией, которая нужна для работы элементов дорожно-транспортной инфраструктуры, а также для счастья сотрудников ЦОДД и ИЦ «Безопасный транспорт».   Результаты смотрите в карточках 👆  Если вам уже захотелось вкусных блинов, приходите на фестиваль «Масленица». Все площадки доступны в приложении «Московский транспорт».  👍 Дептранс Москвы
45649;2025-02-27;12;closure;0;;2025-03-01|2025-03-02|2025-03-03|2025-03-04|2025-03-05|2025-03-06|2025-03-07|2025-03-08|2025-03-09|2025-03-10|2025-03-11|2025-03-12|2025-03-13|2025-03-14|2025-03-15|2025-03-16|2025-03-17|2025-03-18|2025-03-19|2025-03-20|2025-03-21|2025-03-22|2025-03-23;https://t.me/DtRoad/45649;В выходные дни с 1 по 23 марта, кроме 8-9 марта, изменится схема движения в центральной и юго-западной частях Москвы  В это время пройдёт строительство перехода, поэтому участок «Октябрьская» – «Новые Черёмушки» Калужско-Рижской линии метро будет временно закрыт.   Для комфорта пассажиров будут ездить бесплатные автобусы вдоль закрытых станций. А чтобы их проезд был без задержек, мы изменим схему движения транспорта на этот период:  Что поменяется:  🔹 На улице Профсоюзная и проспекте 60-летия Октября перед пересечениями с другими улицами (Вавилова, Дмитрия Ульянова, Нахимовский проспект, Гариб
45662;2025-02-27;18;mass_event;0;;2025-03-08;https://t.me/DtRoad/45662;Зачем мне солнце Монако, в этом смысла 0, если метро рядом нет…  Сегодня на станции метро «Курская» певица Люся Чеботина устроила музыкальный сюрприз для пассажиров. Выступление прошло в рамках подготовки к Международному женскому дню и выходу фильма на телеканале ТНТ «Наша Russia. 8 марта».  Певица подарила всем отличное настроение, исполнив свои популярные треки: Лучшая подруга, Плакал Голливуд, Солнце Монако и другие хиты.  Делимся с вами кадрами с концерта 👆  👍 Дептранс Москвы
45692;2025-02-28;19;mass_event;0;;;https://t.me/DtRoad/45692;Впервые на площадке проекта «Музыка в метро» зазвучал настоящий орган.  Уникальную возможность послушать знаменитые классические и современные произведения представил Московский международный Дом музыки (ММДМ). Портативный инструмент обладает всеми традиционными элементами устройства органа: кнопками, рычагами, регистрами, 3 клавиатурами для рук и 30 педалями для ног.  Концерт на станции метро «Мичуринский проспект» приурочили к 20-летию со дня торжественного открытия большого концертного органа Светлановского зала ММДМ.  Штатный органист Дома музыки Тимур Халиуллин исполнил известные произвед
45763;2025-03-03;10;tram_works|tram_route_change;1;;2025-03-05;https://t.me/DtRoad/45763;Как мы обучаем беспилотный трамвай? Расскажем на познавательной встрече в Центре перспективных разработок Московского транспорта — именно здесь создают технологии для трамвая будущего.  Спикером станет Олег Бочкарев. Вместе с командой он занимается технологиями сбора, преобразования, хранения и анализа данных беспилотного транспорта. Благодаря ним трамвай учится курсировать по маршруту без водителя.  Спикер расскажет про:    🔹 Роль автоматизированной системы обработки данных в обучении трамвая и тестировании автономных систем. 🔹 Применение цифровых инструментов для визуализации собранных данны
45768;2025-03-03;12;mass_event;0;;;https://t.me/DtRoad/45768;Что посмотреть и куда обязательно сходить в этом году? Собрали в одном месте яркие события и интересные мероприятия Музея Транспорта Москвы на 2025 год.   В этом году в планах Музея Транспорта Москвы:  🔹 Фестиваль «Ретрорейс» ко Дню Московского транспорта. Посвятим его эпохе 2000-х годов. 🔹 2 новые инсталляции на Северном речном вокзале. 🔹 Выставки на эскалаторной галерее на Воробьевых горах при участии современных художников. 🔹 Новые экскурсионные маршруты, 8 книжных изданий и 3-я научно-практическая конференция «Музеи движения — музеи в движении».  «Жителям и гостям столицы нравятся мероприя
45858;2025-03-06;10;mass_event;0;;2025-03-08;https://t.me/DtRoad/45858;🌸 Бесплатная раздача цветов в метро и на речных вокзалах, мастер-классы и выступления любимых артистов — рассказываем, какие сюрпризы подготовили для вас к 8 марта.  Международный женский день — это праздник нежности, красоты и силы женского характера. Отпразднуйте его вместе с нами на площадках транспортного комплекса.  Вас ждут:  🔹 Масштабная программа на Северном и Южном речных вокзалах. 🔹 Духовые оркестры в метро в рамках проекта «Музыка в метро». 🔹 Бесплатная раздача цветов в метро, на автовокзалах и речных вокзалах. 🔹 Тематические эфиры и аудиопоздравления. 🔹 Выступление лауреатов ежегод
45920;2025-03-07;18;mass_event;0;;2025-03-08;https://t.me/DtRoad/45920;Мы уже начали поздравлять женщин с наступающим праздником!   Сегодня лауреаты ежегодного Всероссийского фестиваля-конкурса «Хрустальные звездочки» выступили на площадке проекта «Музыка в метро» в аванзале станции «Курская». Они исполнили несколько композиций, среди которых «Город влюбленных людей», «Небо славян», «Представь себе» и другие.  Конкурс «Хрустальные звездочки» проводит Федеральная служба судебных приставов, поэтому во время выступления именно сотрудники ГУФССП России по г. Москве дарили женщинам цветы.  Кроме того, 8 марта сотрудники столичной службы судебных приставов будут раздав
45945;2025-03-08;17;mass_event;0;;;https://t.me/DtRoad/45945;🌷 Так ярко, душевно и по-весеннему мы отпраздновали Международный женский день. Вы могли получить цветы от Метроши, а также артистов Никиты Кунова и Derouse, принять участие в мастер-классах и посетить концерт оркестра Росгвардии.
45959;2025-03-09;14;mass_event;0;;2025-03-08;https://t.me/DtRoad/45959;💐 Цветы, сладости и весеннее настроение!   Максим Ликсутов рассказал, что 8 марта праздничные мероприятия на Северном и Южном речных вокзалах посетили более 6 тыс. человек. Кроме того, в этот день женщинам традиционно раздавали цветы на разных площадках Транспортного комплекса столицы.  Показываем эмоции пассажиров, которых мы радовали сюрпризами в честь Международного женского дня в метро, на речных и автовокзалах.   О том, какие мероприятия мы подготовили к 8 Марта, рассказывали здесь.  👍 Дептранс Москвы
45968;2025-03-09;15;tram_route_change;1;;;https://t.me/DtRoad/45968;Какой он, идеальный пассажир? Об этом спросили у наших женщин-водителей наземного транспорта. Их ответы смотрите в карточках 👆  Максим Ликсутов отметил, что в Москве работают около 850 маршрутов автобусов и электробусов, а также 35 маршрутов трамваев.  Собрали простые правила, которые сделают ваш путь приятным:  🔹 Уступайте места тем, кому это необходимо: родителям с детьми, пожилым и маломобильным людям. 🔹 Следите за чистотой, снимайте рюкзак в салоне и уважайте личное пространство окружающих. 🔹 Заранее готовьтесь к выходу, чтобы избежать суеты. 🔹 Держитесь за поручни во время движения и собл
46000;2025-03-10;11;tram_works;1;;2025-03-12|2025-03-13;https://t.me/DtRoad/46000;Первый в России беспилотный трамвай видит всё!  На новой бесплатной лекции в Центре перспективных разработок Московского транспорта поговорим о беспилотном трамвае и принципах его работы. Спикером станет Елизавета Дахова, один из разработчиков компьютерного зрения для беспилотного трамвая. Она расскажет гостям про:  🔹 Технологии беспилотного транспорта. 🔹 Способность трамвая «видеть» окружающий мир с помощью камер, лидаров и радаров. 🔹 Алгоритмы, которые обрабатывают данные, принимают решения и обеспечивают безопасность движения. 🔹 Вызовы, которые стоят перед разработчиками беспилотной техноло
46002;2025-03-10;12;tram_works;1;;;https://t.me/DtRoad/46002;1 минута задержки трамваев = 6 тыс. рублей. Помните об этом и не останавливайте движение городского транспорта.   Каждый трехсекционный трамвай перевозит одновременно до 260 пассажиров. Именно поэтому мы заботимся о том, чтобы ваши поездки были надежными и стабильными.  Максим Ликсутов рассказал, что в 2024 году 73 судебных решения о задержках трамваев вынесли в пользу Московского метрополитена.   Важное:  🔹 Если на трамвайных путях случается ДТП без пострадавших, наши водители предлагают освободить проезжую часть согласно пункту 2.6.1 Правил дорожного движения. 🔹 В случае, если автомобилист о
46052;2025-03-12;9;tram_works;1;;;https://t.me/DtRoad/46052;💐 Максим Ликсутов наградил сотрудниц Транспортного комплекса столицы.  Сегодня в Московском транспорте практически нет специальностей, где не работали бы женщины. Более 30 тыс. сотрудниц — настоящие профессионалы своего дела. Это контролеры, электромонтеры, дежурные по станциям, водители электробусов и трамваев, работники спецстоянок и службы эвакуации. А с недавнего времени женщинам вновь стала доступна профессия машиниста: сегодня они управляют современными поездами на Филевской и Некрасовской линиях.  Мы вас очень ценим. Спасибо, что укрепляете и красите нашу команду.  «Мэр Москвы Сергей Со
46068;2025-03-12;12;tram_route_change;1;;;https://t.me/DtRoad/46068;Более 1 млн поездок совершили на новом трамвайном маршруте №2, который проходит по улице Сергия Радонежского.  Интересные факты о маршруте:  🔹 На 90% проходит по обособленному полотну. 🔹 Связал 3-ю Владимирскую улицу с Курским вокзалом. Время в пути составляет около 30 мин. — это на 25% быстрее, чем на метро с пересадками.  🔹 Современные 3-секционные вагоны «Витязь-Москва» гарантируют быстрые, комфортные и безопасные поездки по городу.  Максим Ликсутов отметил, что по будням пассажиры совершают на новом трамвайном маршруте №2 около 10 тыс. поездок — на 40% больше, чем при запуске.   «Новый тра
46081;2025-03-13;9;closure;0;;;https://t.me/DtRoad/46081;6️⃣ Строители досрочно завершили этап строительства пересадки на станции «Академическая».   В марте больше не планируем вводить ограничения на участке между станциями «Новые Черемушки» и «Октябрьская» Калужско-Рижской линии. В выходные дни пассажиры снова могут пользоваться станциями в привычном режиме.   Ограничения нужны были для строительства пересадки на будущую станцию «Академическая» Троицкой линии.  На время ограничений запустили бесплатные компенсационные автобусы. Пассажиров угощали горячим чаем, что особенно актуально в прохладную погоду. А сотрудники Транспортного комплекса следили 
46098;2025-03-14;10;tram_works|tram_route_change|new_line;1;;2025-03-15|2025-03-17;https://t.me/DtRoad/46098;🚊 На Трифоновской улице начинаем новый этап восстановления трамвайной линии.  Трамваи между Рижской площадью и улицей Образцова перестали ходить в 1995 году, но рельсы тогда так и не демонтировали. Вместо трамваев на маршруты вышли автобусы, а позже — электробусы.  Максим Ликсутов рассказал, что в прошлом году на Трифоновской улице начался ремонт трамвайных путей, а сегодня обновление завершено уже на 75%. Меняются рельсы и шпалы, укладываются виброизолирующие маты. Движение трамваев на новом участке станет на 30% тише — это особенно важно для москвичей, которые живут рядом с трамвайной линией
46117;2025-03-14;17;mass_event;0;;;https://t.me/DtRoad/46117;🌟 Отвечайте на вопросы «Большой викторины» о Музее Транспорта Москвы.  В честь 5-летия музея запустили викторину вместе с проектом «Активный гражданин». Всего в ней 8 вопросов, делимся некоторыми из них:   🔹 Как называется фестиваль ретротехники на Воробьевых горах? 🔹 Где в 2023 году проходила выставка «Куплю гараж»? 🔹 Какая машина — символ проекта «Привет, Москва!»?  «Специально к 5-летию Музея Транспорта Москвы проект «Активный гражданин» выпустил «Большую викторину». В ней можно узнать о самых ярких проектах музея и познакомиться с их историей. По поручению Мэра Москвы Сергея Собянина мы за
46146;2025-03-17;7;weather_alert;0;;;https://t.me/DtRoad/46146;Доброе утро!  Сегодня в городе пасмурно, ожидается небольшой снег. Возможно образование гололедицы ❄️  К вечеру возможны затруднения движения в центре города, на ТТК и МКАД.  Просим водителей избегать резких маневров, соблюдать дистанцию и скоростной режим, особенно на подъемах и спусках с мостов и эстакад.  Будьте аккуратны и внимательны за рулем 💚
46150;2025-03-17;9;weather_alert;0;;;https://t.me/DtRoad/46150;🛴 Операторы аренды электросамокатов и велосипедов поставили поездки на паузу до улучшения погодных условий. Поездки в дождь, снег и гололед могут быть небезопасными.   С возвращением плюсовой температуры сервисы аренды продолжат работу.   Рекомендуем владельцам личных самокатов и велосипедов отказаться от поездок в это время и пользоваться городским транспортом.   Будьте осторожными на дороге 🧡  👍 Дептранс Москвы
46169;2025-03-18;7;weather_alert;0;;;https://t.me/DtRoad/46169;Доброе утро!  По прогнозу синоптиков, сегодня в городе ожидается ясная погода, без осадков. Возможно образование гололедицы.  Вечером возможны локальные затруднения в центре, на ТТК и МКАД.   Будьте внимательны за рулём! Соблюдайте дистанцию, избегайте резких маневров и не отвлекайтесь на телефон.  Хорошего дня 💚
46237;2025-03-21;10;mass_event;0;;;https://t.me/DtRoad/46237;Видео, которое точно побудит вас заняться спортом и записаться на наши тренировки 👆  Уже в эти выходные встречаемся на бесплатных занятиях от проекта «Спортивные выходные» на Северном и Южном речных вокзалах. Организуем их совместно с Департаментом спорта Москвы и центрами госуслуг «Мои Документы».  Почему выбирают «Спортивные выходные»?  🔹 Занятия помогают перезагрузиться и получить заряд энергии перед новой неделей. 🔹 Вариативность дисциплин позволяет каждому найти любимый вид спорта. 🔹 На занятиях по йоге и растяжке теперь можно использовать новый инвентарь — блоки и ремни, которые помогут 
46375;2025-03-26;16;mass_event;0;;2025-04-07;https://t.me/DtRoad/46375;Познакомьтесь с современным искусством в метро.  Совместно с ярмаркой современного искусства «Арт Россия» мы открыли новую выставку. Разместили ее в переходе между Большой кольцевой и Сокольнической линиями метро на станции «Проспект Вернадского» и в вестибюле эскалаторной галереи станции «Воробьевы горы».  Среди работ:  🔹 «Игра в ночи» Влада Локтева 🔹 «Потехе час» Елены Романовской 🔹 «Дневной променад» Вячеслава Кривцова 🔹 «Полнолуние» Ирины Зайцевой  Посетить выставку можно по 7 апреля включительно.  «Развиваем Московский метрополитен как культурную площадку по поручению Мэра Москвы Сергея С
46412;2025-03-28;11;mass_event;0;;;https://t.me/DtRoad/46412;Сегодня в 11:40 встречаемся в эфире программы «Москва едет» на канале «Москва 24»! Гость выпуска — известный футболист и тренер Роман Павлюченко.  🔹 Насколько болельщикам и спортсменам стало удобнее добираться до крупных стадионов столицы? 🔹 Какой путь готовы проделать футбольные фанаты, чтобы посмотреть матч любимой команды? 🔹 Как разглядеть в ребенке будущего чемпиона? 🔹 Какие качества отличают настоящего спортсмена?  Ответим на эти и многие другие вопросы совсем скоро. Подключайтесь, будет интересно!
46454;2025-03-29;13;tram_route_change;1;;;https://t.me/DtRoad/46454;🎧 Слушайте новые бесплатные аудиоэкскурсии от Музея Транспорта Москвы и узнавайте больше интересного о речных вокзалах.  В аудиоэкскурсиях расскажем:  🔹 Что символизируют женские фигуры у фасада Южного речного вокзала? 🔹 Кто и когда занимался строительством и реконструкцией вокзалов? 🔹 Что изображено на медальонах на фасаде Северного речного вокзала?  Все экскурсии можно прослушать на сайте музея. Также там есть аудиоэкскурсии по ВДНХ, трамвайному маршруту №39 и автобусному маршруту Б.   «Северный и Южный речные вокзалы — важные транспортные и культурные объекты столицы, которые развиваем по з
46483;2025-03-30;15;tram_works;1;;;https://t.me/DtRoad/46483;Жители регионов активнее пользуются городским транспортом к концу рабочей недели.  По пятницам в регионах фиксируют рекордное число поездок — более 2,88 млн. В воскресенье активность падает до 1,6 млн.    Интересно, что уже более 13 тыс. автобусов, трамваев и троллейбусов по всей России, не считая столицы, работают через московскую билетную систему СберТройка. В будние дни на маршруты выходят около 8,3 тыс. единиц транспорта, а в выходные — почти на 2 тыс. меньше.  Преимущество московской билетной системы СберТройка уже оценили 45 млн жителей в более чем 27 регионах по всей стране.  «По поруче
46499;2025-03-31;11;tram_works;1;;;https://t.me/DtRoad/46499;Не ждите, пока погаснет экран: вы можете прикладывать карту к валидатору сразу после предыдущего пассажира 👆  Так вы и другие пассажиры сэкономите время и пройдете в салон быстрее.  «Ускоряем оплату проезда, чтобы пассажиры могли быстрее проходить в транспорт по задаче Мэра Москвы Сергея Собянина. Для этого перенесли в электробусы, трамваи и автобусы технологию, которая успешно работает на турникетах в метро. Современное программное обеспечение позволяет валидатору считывать карту, даже если зеленый экран о предыдущем платеже еще не погас. Более быстрая посадка пассажиров позволяет избежать от
46500;2025-03-31;11;mass_event;0;;2025-04-26;https://t.me/DtRoad/46500;😎 Моторы рычат от нетерпения! Долгожданное открытие мотосезона 2025 уже близко.   26 апреля приглашаем на одно из самых масштабных событий этой весны — мотофестиваль. Готовим грандиозную программу. Посвятим открытие этого сезона 80-летию Победы в Великой Отечественной войне.   Подробную программу, маршрут парада и результаты жеребьевки опубликуем ближе к дате фестиваля. Следите за новостями в нашем канале.  «Мотосезон 2025 откроется 26 апреля. В этот день мы проведем 12-й мотофестиваль. Такие события — хорошая возможность напомнить всем участникам дорожного движения о необходимости соблюдения 
46550;2025-04-02;15;mass_event;1;;2025-05-15;https://t.me/DtRoad/46550;"Метро — визитная карточка и главный транспорт столицы   🚇 В мае Московскому метрополитену исполнится 90 лет. За почти вековую историю он неизменно остаётся комфортным, надёжным и безопасным.   Первая очередь — от ""Сокольников"" до ""Парка культуры"" с ответвлением от ""Охотного Ряда"" до ""Смоленской"" — насчитывала всего 13 станций. Сегодня в метро их 302, 120 из которых были открыты с 2010 года.    В честь юбилея в апреле и мае в городе пройдут праздничные мероприятия, будет украшена инфраструктура, поедут тематические поезда, трамваи, автобусы.    Первая станция — ""Сокольники"" — станет одной из гл"
46588;2025-04-04;12;mass_event;0;;;https://t.me/DtRoad/46588;Йога, фитрок, зумба тонинг — а что выберете вы? Ждем вас на бесплатных тренировках на Северном и Южном речных вокзалах  Встречаемся каждую неделю на тренировках от проекта «Спортивные выходные». Их организуют Департамент спорта Москвы и центры госуслуг «Мои Документы».  Для участия доступны следующие дисциплины:  🔹 Йога и растяжка помогут развить гибкость и улучшить ментальное состояние. 🔹 Зумба тонинг и фитрок дадут заряд энергии на всю неделю и приведут мышцы в тонус. 🔹 Танцевальные занятия заменят интенсивную кардионагрузку.  Для участия нужна только предварительная регистрация тут.  «Мэр М
46641;2025-04-06;9;weather_alert;0;;;https://t.me/DtRoad/46641;Сегодня и завтра по прогнозу снег.  Максим Ликсутов напомнил, что поездки в снег и гололед могут быть опасными. Поэтому операторы аренды электросамокатов и велосипедов поставили сервисы на паузу до улучшения погодных условий.   С возвращением хорошей погоды они продолжат работу.   Рекомендуем владельцам личных самокатов и велосипедов отказаться от поездок в это время и пользоваться городским транспортом.   Будьте осторожными на дороге 🧡  👍 Дептранс Москвы
46644;2025-04-06;11;tram_works;1;;2025-04-06;https://t.me/DtRoad/46644;🚊 Московскому трамваю 126 лет!   6 апреля 1899 года на улицы столицы впервые вышли электрические трамваи. Сегодня московская трамвайная система — это:   🔹 35 маршрутов в разных районах города.  🔹 Более 500 современных, полностью низкопольных вагонов. 🔹 Около 430 км путей (с учетом всех депо). 🔹 82% путей, обособленных от автомобильных дорог. 🔹 Более 430 удобных приподнятых платформ на остановках трамвая.  «Московский трамвай — один из символов нашего города, его любят жители и туристы. Для нас важно, чтобы трамвайная сеть столицы росла и развивалась. Для этого проводим модернизацию путей и обо
46672;2025-04-06;19;mass_event;0;;2025-04-06;https://t.me/DtRoad/46672;🏍️ Московский мотофестиваль — призер премии KICKSTARTER 2025!  6 апреля в рамках выставки «Мотовесна» прошло награждение номинантов премии KICKSTARTER, где отметили яркие достижения мотосообщества.   В этом году награды вручали в 13 номинациях, и Московский мотофестиваль занял 1-е место в категории «Лучший мотофестиваль»!  Следите за обновлениями, чтобы не пропустить программу открытия мотосезона!  «В этом году мероприятие «Мотовесна» впервые проходит в КВЦ «Патриот», на территории парка «Патриот». Эта площадка позволяет принять еще больше посетителей. В прошлом году на выставке побывали 77 ты
46676;2025-04-07;8;weather_alert;0;;;https://t.me/DtRoad/46676;Доброе утро!  По прогнозу синоптиков, сегодня в городе ожидается снег и сильный ветер. Возможно образование гололедицы ❄️  Рекомендуем выезжать только на зимней резине или использовать городской транспорт.   Берегите себя 💚
46684;2025-04-07;13;tram_route_change;1;;;https://t.me/DtRoad/46684;В дни пасхальных праздников организуем работу бесплатных маршрутов наземного транспорта   🚌🚌🚌 Они свяжут станции метро и МЦД с крупнейшими столичными кладбищами в Вербное воскресенье, на Пасху, Красную горку и Радоницу. Перевозка по специальным маршрутам на территориях самых больших кладбищ тоже будет бесплатной.    В саму пасхальную ночь работа почти 150 самых востребованных маршрутов автобусов, электробусов и трамваев продлится до 3:30. Также будут ходить 18 постоянных ночных маршрутов наземного транспорта.    Актуальный список маршрутов можно найти здесь.   На станциях метро сориентироватьс
46689;2025-04-07;16;tram_route_change;1;;2025-04-07;https://t.me/DtRoad/46689;🚊 7 апреля 1899 года в Москве начал работу первый трамвайный маршрут.  Как рассказал Максим Ликсутов, 126 лет назад электрические трамваи начали ходить между Бутырской заставой (сегодня — площадь Савеловского вокзала) и Петровским парком.  Интересные факты о современном московском трамвае:  🔹 Охватывает 86 районов города. 🔹 Более 5,5 млн человек проживают возле остановок трамвая. 🔹 В столице действуют 35 трамвайных маршрутов: их общая протяженность составляет более 400 км.  🔹 Самый длинный маршрут трамвая — №46 (около 20 км). Он ходит от Метрогородка до МЦД Калитники.  «С уважением относимся к
46690;2025-04-07;17;mass_event;0;;2025-06-06|2025-06-13;https://t.me/DtRoad/46690;Создаем стиль вместе с вами 😎  Музей Транспорта Москвы и Школа дизайна НИУ ВШЭ объявляют конкурс на разработку новой формы для сотрудников постоянной экспозиции музея.   Для участия нужно представить концепции 2 комплектов формы: повседневной и парадной. Работы принимаются до 6 июня, а результаты объявим 13 июня. Полный список правил смотрите на сайте.  «Объявляем конкурс на разработку формы музейного сотрудника. Концепцию победителя реализуют — ее можно будет увидеть на сотрудниках будущего основного здания музея в гараже Константина Мельникова на Новорязанской, 27. По поручению Мэра Москвы С
46695;2025-04-08;7;weather_alert;0;;;https://t.me/DtRoad/46695;Доброе утро!  По прогнозу синоптиков, сегодня в городе ожидается снег. Возможно образование гололедицы ❄️  Рекомендуем выезжать только на зимней резине или использовать городской транспорт.   Пусть ваша поездка будет безопасной и комфортной 💚
46705;2025-04-08;12;new_line;1;;;https://t.me/DtRoad/46705;Подвели итоги работы столичного транспорта за 2024 год на заседании Президиума Правительства Москвы.  Собрали главное:  🔹 На 750 тыс. поездок в сутки увеличился общий пассажиропоток по рабочим дням. 🔹 Около 70% составила доля поездок на городском транспорте. 🔹 В среднем 7 дней в год экономит в дороге пассажир городского транспорта при поездках от МКАД до центра.  Еще из важного:   🔹 Открыто 8 станций метро: 7 станций новой Троицкой линии и новая конечная станция «Потапово» Сокольнической линии. 🔹 Запустили первый в России беспилотный трамвай.  Подробнее о результатах работы Московского транспо
46707;2025-04-08;13;mass_event;0;;2025-04-04|2025-04-05|2025-04-06;https://t.me/DtRoad/46707;Это было удивительно! В КВЦ «Патриот» прошла «Мотовесна 2025».  Как рассказал Максим Ликсутов, на выставке Московский транспорт представил два стенда, а всего в этом году «Мотовесну» посетили более 90 тыс. гостей.  Главными событиями для нас стали победа Московского мотофестиваля в премии KICKSTARTER в номинации «Лучший мотофестиваль» и розыгрыш мотоцикла. Счастливым обладателем нового мотоцикла Sharmax стал Мокин Илья.  За 3 дня посетители выставки на наших стендах:  🔹 Узнали о главных трендах мотокультуры. 🔹 Рассмотрели современную мототехнику и экипировку. 🔹 Пообщались с экспертами Пожарно-
46723;2025-04-09;7;weather_alert;0;;;https://t.me/DtRoad/46723;Доброе утро!  По прогнозу синоптиков, сегодня в городе ожидается снег. Возможно образование гололедицы ❄️  Рекомендуем выезжать только на зимней резине или использовать городской транспорт.   Будьте аккуратны и внимательны 💚
46752;2025-04-10;7;weather_alert;0;;;https://t.me/DtRoad/46752;Доброе утро!  По прогнозу синоптиков, сегодня в городе ожидается снег. Возможно образование гололедицы ❄️  Рекомендуем выезжать только на зимней резине или использовать городской транспорт.   Берегите себя 💚
46784;2025-04-10;16;tram_works|tram_route_change;1;;;https://t.me/DtRoad/46784;Снова заработало депо им. П.Л. Апакова на Шаболовке   Старейшее из действующих трамвайных депо Москвы, оно начало работать в 1909 году.    👍 После завершения масштабной реконструкции московские трамваи вернулись в свой родной дом.  📌 Депо — легендарное. Больше 115 лет оно обслуживает популярнейшие маршруты Москвы.  Автор проекта главного здания — Владимир Шухов, который применил при строительстве самые современные на тот момент инженерные решения. Имя вагоновожатого Петра Апакова парк получил в 1923 году.  В середине 2000-х его хотели снести, но мы эти планы отменили, решив полностью обновить 
46791;2025-04-10;17;mass_event|new_line;1;;2025-04-19;https://t.me/DtRoad/46791;Полностью обновляем трамвайную систему Москвы   🚌🚌 Обслуживание столичной трамвайной сети обеспечивают 6 депо: Лефортовское, им. Апакова, им. Русакова, Октябрьское, Краснопресненское и им. Баумана. Решили провести модернизацию во всех.  👍 Первый шаг — завершённая реконструкция депо им. Апакова. До 2030 года планируем обновить ещё 4 депо, а также перепрофилировать бывший 7-й троллейбусный парк в новое трамвайное депо Нагатинское.  В результате все депо в городе будут соответствовать современным стандартам обслуживания вагонов последнего поколения.  Ещё в ближайших планах:  🔴 расширение трамвайн
46800;2025-04-11;10;mass_event;0;;2025-04-26;https://t.me/DtRoad/46800;🏍 Мотофестиваль 2025 — это будет зажигательно!  26 апреля на смотровой площадке Воробьевых гор состоится 12-й Московский мотофестиваль и открытие мотосезона!   Мы посвящаем праздник 80-летию Победы в Великой Отечественной войне и подготовили для вас необычную программу:  🔹 Впервые в истории фестиваля в мотопробеге примет участие военная мототехника музея «Моторы войны». 🔹 Рекордсмен мира по силовым номерам — легендарный Сергей Агаджанян по прозвищу «Русский Халк» — установит новый мировой рекорд в сценическом экстриме. Ассистировать ему будет рекордсмен мира по сценическому экстриму Сергей Чуп
46815;2025-04-11;14;mass_event;0;;2025-04-13;https://t.me/DtRoad/46815;🚲 Пока велопрокат на паузе, освежим знания о безопасных поездках.  Максим Ликсутов отметил, сервис аренды регулярно напоминает о правилах безопасности и организовывает мероприятия по повышению уровня знаний ПДД при поездках на велосипеде.  В эти выходные организуем школу безопасности от Велобайк на благотворительном фестивале «Город неравнодушных».  За эти 2 дня мы:  🔹 Расскажем, как правильно и безопасно ездить на велосипеде. 🔹 Поможем проверить знания ПДД. 🔹 Вручим памятные подарки.  Полную программу благотворительного фестиваля читайте на сайте.  Ждем вас 12 и 13 апреля на Хлебозаводе №9!  
46820;2025-04-11;17;closure|tram_works|tram_route_change|new_line;1;;;https://t.me/DtRoad/46820;🚊 Трамвайное депо им. П. Л. Апакова на Шаболовке стало самым современным и инновационным в Москве.  Старейшее действующее трамвайное депо столицы открыли после масштабной реконструкции. Теперь оно может обслуживать самые современные, полностью низкопольные трамваи российского производства.   Последний раз депо капитально ремонтировали в 60-х годах прошлого века. В 2000-х годах на территории депо планировали построить ЖК. Но в 2011 году Мэр Москвы Сергей Собянин отменил эти планы и поддержал развитие любимого транспорта горожан — трамвая.   Модернизация трамвайного депо им. П. Л. Апакова проход
46830;2025-04-12;13;tram_route_change|new_line;1;7|17|26;;https://t.me/DtRoad/46830;🚊 5 тематических трамваев «Витязь-Москва» вышли на улицы столицы к 90-летию метро!  Как рассказал Максим Ликсутов, праздничные трамваи можно встретить на маршрутах №2, №7, №17, №26 и №39. Они будут ходить по улицам города до середины июня.  У каждого из выбранных маршрутов есть своя уникальная особенность:   🔹 №2 — новый маршрут по улице Сергия Радонежского, который открыли в сентябре прошлого года. 🔹 №7 — этот маршрут связывает первые станции Сокольнической линии метро: «Сокольники», «Красносельскую» и «Комсомольскую». 🔹 №17 — самый востребованный трамвайный маршрут Москвы. 🔹 №26 — маршрут пр
46847;2025-04-12;17;mass_event;0;;;https://t.me/DtRoad/46847;🚀 В День космонавтики в аванзале станции метро «Курская» прошел концерт студентов столичных вузов.  Сегодня вы могли встретить учащихся этих высших учебных заведений:   🔹 Академии Государственной противопожарной службы МЧС России. 🔹 Государственного университета просвещения. 🔹 Государственного академического университета гуманитарных наук.  Студенты исполнили любимые композиции о космосе. Например, песню «Трава у дома» и колыбельную медведицы из мультфильма «Умка».   Мы организовали концерт вместе с проектом «Молодежь Москвы» городского Комитета общественных связей и молодежной политики.  «По 
46872;2025-04-13;10;tram_route_change;1;;;https://t.me/DtRoad/46872;Безбилетников в трамваях стало меньше!   С начала года пассажиры на 14% чаще оплачивали проезд в трамваях, чем за тот же период в прошлом году. За 3 месяца контролеры проверили более 380 тыс. проездных билетов.  С 2023 года Организатор перевозок увеличил количество контролеров на трамвайных маршрутах. Благодаря этому безбилетников стало меньше.   «Трамвай — удобный и экологичный вид городского транспорта. За прошлый год пассажиры совершили на нем 190 млн поездок. Спасибо всем пассажирам, кто оплачивает проезд. Благодаря этому мы можем запускать на маршруты самые современные трамваи, расширять 
46929;2025-04-14;13;mass_event;1;;2025-04-19;https://t.me/DtRoad/46929;⚡️ Парад трамваев состоится в Москве 19 апреля!   В этом году Московскому трамваю исполнилось 126 лет. Исторические вагоны разных поколений в честь праздника вновь проедут по столичным улицам.   Как рассказал Максим Ликсутов, парад трамваев пройдет по новой трассе: от улицы Шаболовка через Серпуховский Вал и Холодильный переулок до Даниловской мануфактуры (Варшавское ш.) и обратно. Он продолжится масштабной выставкой ретровагонов.   Исторические трамваи разных поколений поедут из обновленного депо им. П. Л. Апакова, которое Мэр Москвы Сергей Собянин открыл на прошлой неделе после масштабной ре
46935;2025-04-14;18;tram_route_change;1;;;https://t.me/DtRoad/46935;История депо им. Апакова началась более 100 лет назад, в 1909 году.   Правда, имя Апакова депо тогда еще не получило, да и называлось это даже не «депо», хотя и выполняло те же функции. Все эти интересные моменты рассказали в видео 👆  А для самых любопытных в своей колонке на VC написал подробнее об истории этого знакового транспортного объекта, а также о том, как проходило его обновление. Из статьи вы узнаете:  ❓Как называлось депо в первые годы своего существования и почему получило имя П.Л. Апакова  ❓Какую роль в трамвайной системе города и страны депо выполняло в советское время  ❓Как кома
46980;2025-04-16;8;closure|mass_event;1;;2025-04-19;https://t.me/DtRoad/46980;ЦОДД: В связи с проведением Парада трамваев 19 апреля будет временно закрыто движение на участке улицы Шаболовка.  19 апреля:  🔹 С 11:00 до 13:00 движение будет закрыто на улице Шаболовка от проезда Апакова до дома 6, строение 10 по улице Шаболовка.   🔹 Также с 11:00 до 13:00 не более 10 минут будет временно закрыто движение на участке улиц Шаболовка, Серпуховский Вал, Даниловский Вал, а также в Холодильном переулке и в местном проезде от дома 3, строение 3 до дома 3 по Варшавскому шоссе.  Будьте внимательны, стройте маршрут заранее с учетом временных ограничений. Подробнее читайте здесь.  👍 Д
46995;2025-04-16;16;tram_route_change|new_line;1;7;2025-05-09;https://t.me/DtRoad/46995;К 80-летию Победы трамвай «Витязь-Москва» вышел на улицы Москвы.  В преддверии празднования юбилея Победы в Великой Отечественной войне запустили тематический трамвай. Он будет курсировать по маршруту №7 от станции метро «Бульвар Рокоссовского» до Белорусского вокзала.   Как отметил Максим Ликсутов, тематическое оформление городского транспорта — это дань памяти героям Великой Отечественной войны и сотрудникам метро, которые работали в тяжелые годы. Они проявили героизм и самоотверженность, внесли значительный вклад в общую Победу.   «По традиции украшаем городской транспорт в честь главных го
47041;2025-04-18;10;mass_event;0;;2025-04-26;https://t.me/DtRoad/47041;До главного мотособытия весны осталось 8️⃣ дней!  26 апреля в 10:00 смотровая площадка Воробьевых гор станет отправной точкой масштабного мотофестиваля. Здесь соберутся не только участники, но и все, кто хочет зарядиться энергией мотокультуры!  В 12:00 тысячи мотоциклов, включая раритеты от музея «Моторы войны», проедут по Садовому кольцу и откроют мотосезон 2025!  На этом фестиваль не закончится! Участников и гостей ждет насыщенная программа — подробности смотрите здесь.  👉  Берите с собой георгиевские ленты и флаги, предварительно крепко их закрепив.  «Приглашаю всех посетить Московский мото
47043;2025-04-18;11;mass_event;0;;;https://t.me/DtRoad/47043;🏋️‍♂️ Весна — идеальное время для занятий спортом! Приходите на наши речные вокзалы в эти выходные и посетите бесплатные тренировки.   Зарядитесь энергией на занятиях от проекта «Спортивные выходные». Их организуют Департамент спорта Москвы и центры госуслуг «Мои Документы». Зарегистрироваться можно здесь.  Смотрите, как весело и увлекательно проходят тренировки 👆  «Развиваем Северный и Южный речные вокзалы по поручению Мэра Москвы Сергея Собянина. После масштабной реставрации и реконструкции эти транспортные площадки стали в том числе местом для досуга горожан и гостей столицы. Например, зимо
47058;2025-04-18;13;tram_works|mass_event;1;;2025-04-19;https://t.me/DtRoad/47058;🚊 11 ретровагонов примут участие в Параде трамваев на Шаболовке.  Уже в эту субботу, 19 апреля, исторические трамваи проедут от улицы Шаболовка до разворотного кольца «Даниловская мануфактура» и обратно. Старт парада — в 11:30.  С 12:30 до 17:00 в трамвайном депо им. П. Л. Апакова пройдет выставка ретровагонов. На ней представят более 20 трамваев разных эпох.   Трамвайное депо им. П. Л. Апакова впервые после масштабной реконструкции откроет двери для посетителей. Подробнее о реконструкции рассказывали здесь.  Максим Ликсутов отметил, что мероприятие позволит жителям и гостям города не только у
47090;2025-04-19;11;tram_route_change|mass_event;1;;;https://t.me/DtRoad/47090;Ура! На Шаболовке стартовал Парад трамваев! В ближайшее время 11 ретровагонов проедут по новому маршруту.   Если вы не успели приехать — не расстраивайтесь. До 17:00 для вас открыто трамвайное депо им. П. Л. Апакова, где вы сможете внимательно рассмотреть ретровагоны разных эпох. Ждем вас 😉
47092;2025-04-19;12;mass_event;0;;2025-04-19|2025-04-20|2025-04-21|2025-04-22|2025-04-23|2025-04-24|2025-04-25|2025-04-26|2025-04-27|2025-04-28|2025-04-29|2025-04-30;https://t.me/DtRoad/47092;Найдите интересные площадки и события фестиваля «Пасхальный дар» в приложении «Московский транспорт».  С 19 по 30 апреля пройдут тематические мероприятия, где вы сможете научиться печь традиционные куличи, изготавливать пасхальный декор и создавать уникальные сувениры своими руками.   Также гостей ждут весенние концерты, спектакли и выступления творческих коллективов. Организаторы проведут и ярмарки, где каждый найдет тематические подарки для родных и близких.  Ближайшую к вам площадку фестиваля легко найти в приложении «Московский транспорт»:  🔹 Потяните нижнее меню вверх и зайдите в раздел «
47108;2025-04-20;9;mass_event;0;;;https://t.me/DtRoad/47108;"Дорогие москвичи!    Сердечно поздравляю с великим праздником Воскресения Христова! Это самый радостный день для миллионов христиан, знаменующий победу жизни и торжество веры.   Пасха дарит нам свет и надежду, настраивает на чистоту помыслов и благие дела. В этот день атмосфера любимого праздника наполняет столичные храмы, улицы, площади и дома москвичей. Создавать её помогают благотворительный фестиваль ""Пасхальный дар"" и музыкальный Московский Пасхальный фестиваль.   В них сочетаются традиции и современность, духовные ценности и помощь людям.  Желаю вам, вашим родным и близким крепкого здоро"
47116;2025-04-20;13;mass_event;1;;;https://t.me/DtRoad/47116;🎉 Более 220 тысяч человек посетили торжественный Парад и выставку к 126-летию Московского трамвая. Это рекордный показатель за последние годы.   Колонна из 11 исторических вагонов проехала по новому маршруту: от Шаболовки до Даниловской мануфактуры, а затем вернулась обратно.   Обновленное трамвайное депо им. П. Л. Апакова впервые открыло свои двери для всех желающих после масштабной реконструкции. Здесь прошла выставка исторических вагонов: гости увидели более 20 экспонатов.   Также посетители смогли выиграть ценные призы в наших конкурсах и попробовать бесплатные угощения.  «Московский транс
47147;2025-04-21;11;mass_event;0;;2025-05-17|2025-07-05|2025-08-02|2025-09-13|2025-09-28;https://t.me/DtRoad/47147;🤩 Сколько?! Целых 5 велофестивалей проведем впервые в этом году в Москве!  В прошлом году мы с вами собрали рекордное число участников — более 150 тыс. человек. Давайте вместе установим новый рекорд!  Отмечайте даты в календаре:  🔹 Весенний велофестиваль — 17 мая. 🔹 Ночные велофестивали — 5 июля и 2 августа. 🔹 Осенний велофестиваль — 13 сентября. 🔹 Детский велофестиваль — 27-28 сентября.  «По поручению Мэра Москвы Сергея Собянина мы популяризируем велодвижение в Москве, чтобы все больше жителей выбирали велосипед для повседневных поездок. В этом помогают и велофестивали, которые с каждым годом
47167;2025-04-21;19;mass_event;1;;;https://t.me/DtRoad/47167;🎉 Более 220 тыс. зрителей увидели Парад трамваев и тематическую выставку.  Трамвайное депо им. П. Л. Апакова впервые после масштабного обновления открыло свои двери для всех гостей.   Давайте посмотрим, как прошел праздник, приуроченный к 126-летию Московского трамвая 👆  Будем ждать вас на новых парадах!  🎉 Дептранс Москвы
47174;2025-04-22;13;tram_works|tram_route_change;1;;2025-04-20;https://t.me/DtRoad/47174;✨ Более 115 тыс. поездок совершили пассажиры на городском транспорте в пасхальную ночь.  В ночь на 20 апреля мы продлили работу городского транспорта, чтобы жители и гости столицы могли с комфортом добраться до храмов и вернуться домой. Станции метро и МЦК были открыты для входа до 02:00. Около 150 маршрутов, включая 18 трамвайных, работали до 03:30. Также курсировали 18 регулярных ночных маршрутов.  Самыми популярными станциями метро возле церквей в пасхальную ночь стали:  6️⃣ «Китай-город» 1️⃣ «Охотный ряд» 7️⃣ «Пушкинская» 1️⃣ «Кропоткинская» 1️⃣ «Лубянка»  «По решению Мэра Москвы Сергея Со
47180;2025-04-22;18;closure;0;;2025-04-23;https://t.me/DtRoad/47180;1️⃣2️⃣3️⃣4️⃣5️⃣6️⃣7️⃣8️⃣ ЦОДД: напоминаем, что 23 апреля в Москве временно будет закрыто движение для транспорта в Тверском районе.  В период с 21:00 до окончания мероприятия движение будет закрыто на:  🔹 Тверской улице — от улицы Моховая до Тверского бульвара и от улицы Большая Бронная до улицы Большая Садовая.  🔹 1-й Тверской-Ямской улице — от улицы Большая Садовая до улицы Гашека.  🔹 Съезде на Тверскую улицу — со стороны станции метро «Маяковская» от дома 2, строение 2 по улице 1-я Тверская-Ямская до дома 2, строение 1 по улице 1-я Тверская-Ямская.  🔹 Моховой улице — от улицы Воздвиженка до
47183;2025-04-23;8;closure|mass_event;0;;2025-04-27;https://t.me/DtRoad/47183;1️⃣2️⃣3️⃣4️⃣5️⃣6️⃣7️⃣8️⃣ ЦОДД: 27 апреля будет временно закрыто движение для транспорта на нескольких улицах и набережных в центре города в связи с проведением «Московского полумарафона» (21,1 км).  Движение закроют с 00:01 до 13:50:  🔹 на улицах Косыгина, Хамовнический Вал, Остоженка, Лужники 🔹 на набережных Фрунзенская, Пречистенская, Лужнецкая 🔹 на Лужнецком мосту 🔹 в проездах Новокрымский и Соймоновский 🔹 на Университетской площади 🔹 на проспектах Вернадского и Комсомольский  Также на участках ограничений будет временно запрещена парковка 27 апреля с 00:01 до окончания мероприятия.  Будьте
47202;2025-04-23;17;closure|mass_event;0;;2025-04-23|2025-04-25|2025-04-26|2025-04-27;https://t.me/DtRoad/47202;ЦОДД: в связи с проведением Московского мотофестиваля 26 апреля будет временно закрыта для движения транспорта внешняя сторона Садового кольца. Для поездок в центр используйте городской транспорт.  С 11:40 временно закроют движение на:  🔹 улицах Косыгина, Большая Дорогомиловская и Смоленская 🔹 Воробьевском шоссе  🔹 Бережковской набережной  🔹 внешней стороне Садового кольца  🔹 Бородинском мосту  Движение восстановят по мере прохождения мотоколонны.  Также движение закроют:  🔹 С 08:00 до 12:00 по 1 крайней правой полосе на Университетском проспекте в районе Университетской площади. 🔹 С 08:00 до 
47225;2025-04-24;16;mass_event;0;;2025-04-26;https://t.me/DtRoad/47225;🏍 Главное мотособытие весны уже близко!   В эту субботу, 26 апреля, на смотровой площадке Воробьевых гор пройдет Московский мотофестиваль 2025, приуроченный к открытию мотосезона!   Участникам мотозаезда напоминаем:  🔹 Колонна проедет по Садовому кольцу. 🔹 На старте и финише вас ждет увлекательная программа мотофестиваля. 🔹 Соблюдайте правила проезда в мотоколонне. 🔹 В заезде участвует ретротехника выставки «Моторы войны».   Представляем главных артистов, которые выступят на празднике:  🔹 11:40 — Лев Лещенко 🔹 15:00 — Денис Майданов 🔹 17:00 — Олег Газманов  «Приглашаем всех желающих посетить о
47234;2025-04-24;17;mass_event;0;;2025-04-24;https://t.me/DtRoad/47234;Все на борт! Парад судов прошел по Москве-реке в день открытия летней речной навигации 👆  Максим Ликсутов сообщил, что 20 судов разных типов — от классических до самых современных — проследовали по акватории Москвы-реки в центральной части столицы.   «24 апреля в столице стартовал сезон летней навигации. В честь этого события мы провели Парад судов, который уже становится доброй традицией. Инновационный речной электротранспорт, современные суда и обновленные теплоходы 2-й половины ХХ века прошли от Южного речного вокзала до Нескучного сада. Они уже готовы встретить первых пассажиров в этом сез
47245;2025-04-25;8;mass_event;0;;2025-05-09;https://t.me/DtRoad/47245;80 лет назад завершилась Великая Отечественная война. 9 Мая — величайшая дата для всех поколений россиян.  Площади, мосты и улицы украсят георгиевскими лентами и флагами. ✍️ На ВДНХ — концерты, шествия оркестров, мастер-классы, «Вальс Победы» и патриотические акции. ✍️ На Поклонной горе стартует проект Музея Победы «Парк Победы. Главный Патриотический» с квестами, концертами и трансляцией Парада Победы. ✍️ На Новом Арбате — видеопроекции ко Дню Победы. ✍️ В парках Москвы — квесты, кинопоказы, танцевальные марафоны, фестиваль патриотической песни. ✍️ На Северном и Южном речных вокзалах — концер
47262;2025-04-25;11;mass_event;0;;;https://t.me/DtRoad/47262;🎉 Торжественно и нарядно: разместили украшения к 80-летию Победы перед выходами 11 станций метро.   У 10 станций установили инсталляции со звездами и светящимися лучами. Их можно найти у станций:  2️⃣ «Маяковская» (выход №4) 3️⃣ «Площадь Революции» (выход №10) 4️⃣ «Смоленская» (выход №1) 5️⃣ «Проспект Мира» (выход №1) 6️⃣ «Сухаревская» (выход №2) 6️⃣ «Октябрьская» (выход №3) 7️⃣ «Таганская» (выход №2) 7️⃣ «Баррикадная» (выход №2) 7️⃣ «Улица 1905 года» (выход №2) 🔟 «Трубная» (выход №2)  А у станции метро «Чистые пруды» мы установили инсталляцию в виде буквы «М» высотой в 2 м с георгиевской лент
47272;2025-04-25;13;mass_event;0;;;https://t.me/DtRoad/47272;Бесплатно освоить новую профессию и получить за это зарплату — реальная возможность, которую предоставляет Корпоративный университет Московского транспорта.  Максим Ликсутов сообщил, что стартовала новая масштабная образовательная программа «Работник по комплексному обслуживанию и ремонту инфраструктуры метрополитена».   Соискателей бесплатно обучат одной из 19 профессий с нуля. Ознакомиться с предлагаемыми профессиями можно в карточках 👆  По окончании обучения выпускники получат свидетельство установленного образца.   «Корпоративный университет Московского транспорта дает возможность освоить 
47275;2025-04-25;14;mass_event;0;;2025-04-26;https://t.me/DtRoad/47275;😎 Всего 1 день остался до долгожданного мотособытия!   Алексей Наумов — чемпион России, мастер спорта международного класса, двукратный победитель ралли «Шелковый Путь» приглашает всех на Московский мотофестиваль 👆  Заезд пройдет 26 апреля на Воробьевых горах. В этом году посвятили его 80-летию Победы в Великой Отечественной войне.  «По задаче Мэра Москвы Сергея Собянина стремимся повышать культуру безопасного вождения среди всех участников дорожного движения. С этой целью регулярно проводим мотофестивали, которые уже успели стать доброй традицией. В этом году событие привлекло внимание не тол
47304;2025-04-26;12;mass_event;0;;;https://t.me/DtRoad/47304;Врум-врум! Стартовал Мотофестиваль 2025! Колонна уже направляется от Воробьевых гор к Садовому кольцу.   А мы ждем всех на главной площадке фестиваля. Посмотреть, что там происходит, и проверить погоду вы также можете в прямой трансляции 360° на Rutube.
47326;2025-04-26;21;mass_event;0;;;https://t.me/DtRoad/47326;🏍 Мотосезон 2025 официально открыт!  В этом году Московский мотофестиваль посвятили 80-летию Победы в Великой Отечественной войне.  Максим Ликсутов сообщил, что в заезде приняли участие более 10 тыс. мотоциклистов.   Рассказываем, как это было:   🔹 Колонна мотоциклистов торжественно проехала по Садовому кольцу.  🔹 Впервые в истории в заезде участвовала ретротехника из музея «Моторы войны». 🔹 Гостей праздника ждала насыщенная программа: концерты популярных исполнителей, мастер-классы и захватывающие шоу.  🔹 На силовом экстриме установили новые рекорды. 🔹 Разыграли главный приз — мотоцикл.  Дели
47333;2025-04-27;8;closure|mass_event;0;;;https://t.me/DtRoad/47333;1️⃣2️⃣3️⃣4️⃣5️⃣6️⃣7️⃣8️⃣ ЦОДД: сегодня временно будет закрыто движение для транспорта на нескольких улицах и набережных в центре города в связи с проведением «Московского полумарафона» (21,1 км).  Движение до обеда будет закрыто:  🔹 на улицах Косыгина, Хамовнический Вал, Остоженка, Лужники 🔹 на набережных Фрунзенская, Пречистенская, Лужнецкая 🔹 на Лужнецком мосту 🔹 в проездах Новокрымский и Соймоновский 🔹 на Университетской площади 🔹 на проспектах Вернадского и Комсомольский  Также на участках ограничений временно запрещена парковка.  Стройте маршрут заранее с учетом временных ограничений. Под
47351;2025-04-27;17;mass_event;0;;;https://t.me/DtRoad/47351;Открыли этот мотосезон под Знаменем Победы!   Специально к Мотофестивалю подготовили копию Знамени Победы. Ее сделали сотрудники Центрального Музея Вооруженных Сил России, в котором хранится оригинал водруженного на здании рейхстага Знамени Победы.   Флаг закрепили на мотоцикле одного из участников мотоколонны.   «По задаче Мэра Москвы Сергея Собянина повышаем безопасность всех участников дорожного движения и развиваем культуру безопасного вождения в городе. Для этого в том числе проводим мотофестивали, которые привлекают множество зрителей и участников. В этом году открытие мотосезона посвяти
47365;2025-04-28;8;closure;0;;2025-04-29|2025-04-30|2025-05-03|2025-05-04;https://t.me/DtRoad/47365;29 апреля и 3 мая будет временно недоступно движение для транспорта на нескольких улицах в ЦАО и ЮВАО:  🔹 С 16:30 до 19:00 закроют движение на участках Волгоградского проспекта, Садового кольца и Таганской площади. 🔹 С 17:30 до окончания мероприятия будет закрыто движение на ряде центральных набережных и улиц.  Также в эти дни будет повторно закрыто движение для транспорта:  🔹 С 23:30 до окончания мероприятия на участках Садового кольца, Волгоградского проспекта. 🔹 С 22:30 до окончания мероприятия на участках Садового кольца, улицы Новый Арбат и Большого Каменного моста.   В районе Таганской п
47370;2025-04-28;11;mass_event;0;;;https://t.me/DtRoad/47370;Вспоминаем, как прошел Мотофестиваль, и заряжаемся энергией на всю неделю 🔥  Как напомнил Максим Ликсутов, Московский мотофестиваль был посвящен 80-летию Победы в Великой Отечественной войне. В колонне проехали более 10 тыс. мотоциклистов.   Самые яркие кадры и события собрали в ролике.    И хотим еще раз обратиться к мотоциклистам. Соблюдайте правила дорожного движения и будьте аккуратны на дороге. Желаем вам удачного сезона!  👍 Дептранс Москвы
47379;2025-04-28;13;mass_event;0;;;https://t.me/DtRoad/47379;2 года исполнилось обновленному Южному речному вокзалу 🥳  Максим Ликсутов сообщил, что с момента открытия вокзала после реконструкции его посетили более 560 тыс. человек. Только в этом году здесь побывало на 50% больше гостей, чем за тот же период в 2024 году.   Спустя более 20 лет он снова начал принимать пассажиров и отправлять круизные суда по России, а столица вернула себе статус порта пяти морей. Кроме того, вокзал стал современным пространством, где проходят фестивали, мастер-классы и спортивные тренировки. За 2 года на Южном речном вокзале прошло почти 1 тыс. мероприятий для детей и взр
47388;2025-04-28;14;mass_event;0;;2025-05-17;https://t.me/DtRoad/47388;🚴‍♀️ Велосипедисты, внимание! Мы открываем регистрацию на 1-й в этом году велофестиваль, который пройдет 17 мая.  Городок велофестиваля откроем на Зубовской площади в 13:30. Для комфорта всех участников мы разделили время начала заезда на 3 интервала: 15:00, 16:00 и 17:00. Вход со стороны ул. Большая Пироговская. Сам заезд по традиции пройдет по Садовому кольцу.  Несколько важных деталей о Весеннем велофестивале:  🔹 Для вашего удобства мы решили повторить опыт Осеннего велофестиваля: при регистрации вам нужно выбрать время старта заезда. 🔹 Приезжайте на старт к началу вашего временного отрезка
47392;2025-04-28;18;mass_event;0;;2025-11-05|2025-11-06|2025-11-07;https://t.me/DtRoad/47392;«Наше дело правое – победа будет за нами!» — Как Сталин в метро выступал.  Вечером 5 ноября 1941 года станцию метро «Маяковская» закрыли для входа и выхода пассажиров. Поезда проходили ее без остановки. Станцию украсили ковровыми дорожками, стульями, плакатами..  Для чего же «Маяковскую» закрыли?   Вечером 6 ноября 1941 года на станции метро «Маяковская» состоялось торжественное собрание. Оно было посвящено 24-й годовщине Великой Октябрьской социалистической революции.   Тоннель, ведущий от станции «Горьковская» к станции «Белорусская», был обесточен. На путях стоял специальный состав, в котор
47399;2025-04-29;9;tram_works|tram_route_change;1;;;https://t.me/DtRoad/47399;🏆 Первый в России беспилотный трамвай победил в премии CDO/CDTO Awards 2025!  Инновационный транспорт получил гран-при в номинации «Цифровой регион». На ежегодной премии жюри отмечают лучшие разработки, компании и руководителей в сфере цифровой трансформации.  «Беспилотная технология для трамвая — полностью наша разработка, которая принадлежит Правительству Москвы. Система уникальна для мирового транспорта. Уже осенью этого года первый в России беспилотный трамвай начнет регулярные поездки с пассажирами на маршруте в районе Строгино. В соответствии с программой развития Транспортного комплекса
47426;2025-04-29;16;tram_works|tram_route_change|new_line;1;;;https://t.me/DtRoad/47426;"Новую трамвайную линию на проспекте Академика Сахарова планируем открыть до конца года  🚊 Отрезок длиной больше 2 км пройдёт по проспекту Академика Сахарова и улице Маши Порываевой от станции метро ""Чистые пруды"" до площади трёх вокзалов.   Он соединит действующие трамвайные пути и в перспективе позволит создать два диаметральных трамвайных маршрута, которые свяжут 19 районов Москвы:  🌟 — от метро ""Университет"" до МЦД Новогиреево (за счёт объединения действующих маршрутов 🌟 и 🌟);  🌟 — от метро ""Чертановская"" до Метрогородка (за счёт объединения маршрутов 🌟 и 🌟).  Пути создаём на обособленном п"
47445;2025-04-30;13;mass_event;0;;;https://t.me/DtRoad/47445;После реконструкции набережной открываем причал «Парк Фили» на маршруте 1️⃣   Максим Ликсутов отметил, что причал заработает с 1-го мая.   «Причал «Парк Фили» — один из самых востребованных. С его появлением москвичи и гости столицы могут быстро и удобно добраться до одноименного парка. Мы продолжим развивать самый инновационный вид городского транспорта по поручению Мэра Москвы Сергея Собянина», — рассказал Максим Ликсутов.  В день открытия причала москвичи и гости столицы смогут присоединиться к праздничным мероприятиям в парке «Фили».  Напоминаем, что поездки на электросудах включены в абон
47446;2025-04-30;14;mass_event;0;;2025-04-27;https://t.me/DtRoad/47446;⚓️ Смотрите, как ярко мы встретили новый сезон летней речной навигации!  27 апреля на столичных речных вокзалах отпраздновали открытие летней навигации. Мероприятия посетили более 9 тыс. человек.   Москвичи и гости столицы:  🔹 посмотрели захватывающее шоу танцующих фонтанов и сюрприз-выступление хедлайнера   🔹 поучаствовали в творческих мастер-классах 🔹 сделали памятные снимки в тематических фотозонах 🔹 увидели выступления музыкальных и танцевальных коллективов, а также артистов проекта «Музыка в метро» 🔹 попробовали бесплатные угощения  «Благодаря масштабной работе, которую провели при поддер
47455;2025-04-30;16;mass_event;0;;2025-05-12|2025-05-17;https://t.me/DtRoad/47455;🚴‍♂️🚴‍♂️🚴‍♂️ Уже думаете, что надеть на Весенний велофестиваль? Запускаем традиционный конкурс костюмов!  Тема конкурса этого года приурочена к двум важным датам: 80-летию Победы в Великой Отечественной войне и 90-летию Московского метрополитена.   Как принять участие:  🔹 Придумайте костюм по теме для себя и украсьте свой велосипед. 🔹 Сделайте фото и опубликуйте его на своей странице ВКонтакте с хэштегом #Велоперсонаж до 12 мая включительно. 🔹 Проверьте, что у вас открытый профиль, чтобы мы смогли увидеть ваше фото.  Авторам 8 самых оригинальных костюмов вручим уникальные призы. Подробности — 
47483;2025-05-01;15;mass_event;0;;2025-05-01|2025-05-02|2025-05-03|2025-05-04|2025-05-05|2025-05-06|2025-05-07|2025-05-08|2025-05-09|2025-05-10|2025-05-11;https://t.me/DtRoad/47483;📲 Строить маршруты к площадкам фестивалей удобнее с приложением «Московский транспорт».   В приложении с 1 по 11 мая вы найдете все точки фестиваля «Московская весна Победы». На празднике вы:  🔹 споете песни военных лет 🔹 научитесь готовить фронтовую кухню 🔹 создадите с детьми макеты дирижабля или «Катюши»  Заходите в приложение, изучайте описание всех площадок и выбирайте для себя самое интересное.  Как найти локации в приложении, мы рассказали в карточке 👆  «С помощью приложения «Московский транспорт» легко планировать комфортные и быстрые поездки на любом городском транспорте. С 2017 года п
47506;2025-05-02;12;closure;0;;2025-05-03|2025-05-04;https://t.me/DtRoad/47506;ЦОДД напоминает: завтра, 3 мая, будет временно закрыто движение для транспорта в центре. Стройте маршрут заранее.  Движение будет закрыто:  🔹 С 16:30 до 19:00 на участках Волгоградского проспекта, Садового кольца и Таганской площади. 🔹 С 17:30 до окончания мероприятия на нескольких центральных набережных и улицах.  Повторно будет закрыто движение для транспорта:  🔹 С 22:30 до окончания мероприятия на участках Садового кольца, улицы Новый Арбат и Большого Каменного моста. 🔹 С 23:30 до окончания мероприятия на участках Садового кольца и Волгоградского проспекта.   Также в районе Таганской площад
47569;2025-05-04;13;mass_event;0;;2025-05-05|2025-05-06|2025-05-07;https://t.me/DtRoad/47569;Акция «Голоса Победы» в честь 80-летия Победы пройдет на станциях «Курская», «Таганская» и «Мичуринский проспект» с 5 по 7 мая в рамках проекта «Музыка в метро».   Творческие номера исполнят студенты столичных вузов. В программе:  🔹 Песни военных лет, среди которых «Журавли», «День Победы» и «Священная война». 🔹 Танцевальные выступления. 🔹 Чтение стихов.  Акция «Голоса Победы» организована проектом «Молодежь Москвы» городского Комитета общественных связей и молодежной политики.  «Мы подготовили множество мероприятий, приуроченных к 80-летию Великой Победы. Одной из главных площадок станет Моск
47580;2025-05-05;14;mass_event;0;;;https://t.me/DtRoad/47580;Сегодня состоялась встреча с Владимиром Путиным. Доложил Президенту России об итогах социально-экономического развития Москвы.   Москва — одна из крупнейших городских экономик мира. Уже в 2023-м мы вышли на второе место среди мировых городов по паритету покупательной способности.   В прошлом году экономика сохранила высокие темпы развития — по предварительной неофициальной оценке, рост составил 5,5%. А за последние шесть лет — больше 25%.    Доля Москвы в экономике страны сегодня — 21%.    Столица стала производственным центром страны. Активно растут высокотехнологичные производства. В прошлом
47595;2025-05-06;8;closure;0;;2025-05-07;https://t.me/DtRoad/47595;7 мая будут временно недоступны для движения транспорта несколько улиц и набережных в центре Москвы.  🔹 С 05:00 до 08:00 будет временно закрыто движение на участках Волгоградского проспекта, Садового кольца, Таганской площади.  🔹 С 05:30 до окончания мероприятия будет временно закрыто движение на ряде центральных набережных и улиц.   🔹 С 10:00 повторно закроют движение для транспорта на участках Садового кольца, Волгоградского проспекта и улицы Новый Арбат.  🔹 С 05:00 до 13:00 в районе Таганской площади будет организовано двустороннее движение.   Обращаем внимание, что на участках временных ог
47630;2025-05-06;18;mass_event;0;;2025-05-13|2025-06-04;https://t.me/DtRoad/47630;"Москву можно открывать для себя снова и снова с самых разных ракурсов!   В честь Дня флага и герба Москвы подарим пяти активным подписчикам эксклюзивный набор подарков:    🚇 2 коллекционные карты «Тройка» с картинными видами столицы для комфортных поездок;  🧩 деревянный пазл «Москва» для досуга с детьми;  📚 книгу «Старомосковское произношение: история и современность» для  любознательных взрослых;  🩰 2 билета на «Лебединое озеро» 4 июня в 19:00 в исполнении Театра балета классической хореографии под руководством Элика Меликова.  Как поучаствовать?  ✅ Быть подписчиком каналов Грамота.ру, Дептра"
47633;2025-05-07;10;closure|mass_event;0;;2025-05-09;https://t.me/DtRoad/47633;Как будут работать сервисы такси, каршеринга и аренды электросамокатов и велосипедов 7 и 9 мая?  Максим Ликсутов сообщил, что в связи с подготовкой и проведением праздничных мероприятий ко Дню Победы на нескольких улицах столицы введут временные ограничения на движение и парковку такси, каршеринга, электросамокатов и велосипедов.  Планируйте маршрут поездки заранее с учетом перекрытий. Подробнее о зонах ограничения движения смотрите в приложении оператора аренды или на сайте.   Соблюдение временных ограничений — это ваша безопасность и порядок на улицах города в праздничные дни🧡  👍 Дептранс Мо
47650;2025-05-07;16;mass_event;0;;2025-05-09;https://t.me/DtRoad/47650;🧧 Отпразднуем День Победы на речных вокзалах.  В честь 80-летия Победы в Великой Отечественной войне организуем культурно-просветительскую программу.  9 мая на Северном и Южном речных вокзалах:  🔹 раздадим георгиевские ленточки 🔹 организуем полевую кухню  🔹 проведем мастер-классы и отправим вместе с вами поздравительные открытки 🔹 покажем художественные фильмы на военную тематику  🔹 насладимся концертом-премией «Синий платочек Победы» благотворительного фонда «Русская земля»  Подробную программу смотрите в карточках 👆  «По поручению Мэра Москвы Сергея Собянина Транспортный комплекс столицы еже
47664;2025-05-08;9;closure;0;;2025-05-09;https://t.me/DtRoad/47664;9 мая будут закрыты для движения транспорта несколько улиц и набережных в центре Москвы.   Рассказываем об изменениях подробнее:  🔹 С 05:00 до 08:00 закроют движение на участках Волгоградского проспекта и Садового кольца.  🔹 С 05:30 до окончания мероприятия будет закрыто движение на ряде центральных улиц и набережных.  🔹 С 10:00 до окончания мероприятия будет повторно закрыто движение на участках Волгоградского проспекта и части Садового кольца.  🔹 С 00:01 до 23:59 будет организовано одностороннее движение на участке улицы Петровки и двустороннее движение в Дегтярном, Старопименовском, Никитск
47675;2025-05-08;11;mass_event;1;;2025-05-09;https://t.me/DtRoad/47675;Расскажем о Великой Победе в метро и наземном транспорте.  9 мая на более чем 34 тыс. медиаэкранах метро, трамваев, автобусов и электробусов вы сможете посмотреть Парад Победы. Проведем прямую трансляцию с Красной Площади в высоком качестве.  До и после Парада Победы пассажиров ждет праздничный эфир. В нем мы:  🔹 Расскажем о вкладе автомобильной промышленности в Победу и роли метро в период ВОВ. Например, на каких станциях расположили филиалы библиотек, и где для жителей проводили концерты. 🔹 Продемонстрируем партнерские ролики. Так, в сюжете от общества «Знание» вы увидите кадры реконструкции
47709;2025-05-09;9;mass_event;0;;;https://t.me/DtRoad/47709;Ко Дню Победы выпустили тематический проездной «Единый».  В честь 80-летия Победы в Великой Отечественной войне в продаже появился праздничный «Единый». На карте изобразили памятные слова и силуэт монумента «Родина-мать зовет!».  Максим Ликсутов отметил, что Московский транспорт традиционно участвует в праздничных мероприятиях и проектах, посвященных Дню Победы. Специальный выпуск «Единых» — это способ напомнить о важной дате и выразить уважение подвигу героев.  Купить новый тематический «Единый» можно в автоматах по продаже билетов и в кассах на всех станциях метро.  👍 Дептранс Москвы
47710;2025-05-09;10;mass_event;0;;;https://t.me/DtRoad/47710;Как выглядело Садовое кольцо в годы Великой Отечественной войны?  Сопоставили архивные фотографии с современными панорамами:  🔹 В 1941 году на Смоленской площади, недалеко от современного здания МИД, сооружали амбразуры.  🔹 У станции метро «Сухаревская» проходили строевую подготовку новобранцы. 🔹 В июле 1944 года по Садовому кольцу прошли колонны военнопленных. Посмотреть на них собрались все жители столицы. «Парад побежденных» дал силы москвичам для последнего рывка к Победе. 🔹 В 1945 году на Триумфальной площади, где сейчас вход на станцию метро «Маяковская», москвичи радостно обнимали друг 
47722;2025-05-09;15;mass_event;0;;2025-05-09;https://t.me/DtRoad/47722;🎗 В День Победы уже 6-й год подряд обеспечили удобный транспорт для ветеранов Великой Отечественной войны на Красной площади.  Максим Ликсутов сообщил, что 75 электрокаров доставили около 600 ветеранов, их сопровождающих, а также почетных гостей к трибунам для просмотра Парада Победы и к Вечному огню у Могилы Неизвестного Солдата для возложения цветов.   Мы также задействовали еще более 200 единиц техники для комфорта участников празднования 80-летия Великой Победы:   🔹 Более 100 автобусов туристического и малого классов встречали ветеранов и почетных гостей в аэропортах и на вокзалах, отвозил
47733;2025-05-09;17;mass_event;0;;;https://t.me/DtRoad/47733;🎉 Песни Победы прозвучали в метро.  На станции «Курская» прошел концерт Всероссийского Детского Нового Хора. В честь 80-летия Победы юные артисты исполнили «Смуглянка», «Алеша», «На безымянной высоте» и другие песни военных лет.   Особое внимание зрителей привлекли авторские композиции. Впервые в рамках проекта «Музыка в метро» прозвучала новая песня «День Победы». Ее написали специально к юбилею.  Максим Ликсутов отметил, что концерт стал частью праздничной программы, приуроченной к 80-й годовщине Великой Победы.  Скорее смотрите выступление ребят 👆  🎉 Дептранс Москвы
47760;2025-05-10;17;mass_event;0;;2025-05-05|2025-05-09;https://t.me/DtRoad/47760;Патриотическая акция «Синий платочек» благотворительного фонда «Русская земля» прошла в Московском транспорте.  Рассказываем о проведенных праздничных мероприятиях:  🔹 5 мая на станции метро «Курская» творческие коллективы исполнили песни военных лет, а волонтеры дарили зрителям синие платочки — символ памяти, мира и надежды. 🔹 В День Победы, 9 мая, на Северном речном вокзале состоялся концерт-премия в сфере милосердия и гуманитарной деятельности «Синий платочек». Звучали фронтовые композиции. Награды вручили ветеранам, защитникам России, филантропам, волонтерам и представителям органов власти
47766;2025-05-10;17;mass_event;0;;2025-05-09;https://t.me/DtRoad/47766;🎗 Отметили 80-летие Победы в Великой Отечественной войне на речных вокзалах.   Максим Ликсутов сообщил, что 9 мая в честь годовщины Великой Победы на площадках Северного и Южного речных вокзалов прошли праздничные мероприятия. Их посетили порядка 12,5 тыс. человек.  В День Победы вместе с вами:  🔹 Участвовали в увлекательных мастер-классах и отправляли поздравительные открытки.   🔹 Познакомились с уникальной военной техникой на выставке «Моторы войны».  🔹 Посмотрели художественные фильмы на военную тематику.  🔹 Попробовали полевую кухню и подарили георгиевские ленточки — символ Великой Победы.
47833;2025-05-13;13;tram_route_change;1;;;https://t.me/DtRoad/47833;"В столицу поставят 100 новых односекционных трамваев ""Львёнок-Москва""  🚊 Первая половина вагонов придёт в депо им. П.Л. Апакова в этом году, вторая — в следующем, и мы полностью завершим обновление трамвайного парка Москвы.   ""Львёнок"" сможет перевозить до 150 пассажиров, в салоне — 41 сидячее место. В вагонах будет всё нужное для комфортной поездки: система климат-контроля, мультимедийные экраны, разъёмы для зарядки мобильных устройств, места для колясок и велосипедов.   Новые трамваи оборудуют инновационной системой увеличенного автономного хода. Благодаря бортовой системе накопления электро"
47837;2025-05-13;15;mass_event;0;;2025-05-15;https://t.me/DtRoad/47837;Привыкли слышать спортсменов и телеведущих во время трансляций? Теперь их голоса звучат и в поездах!   Как отметил Максим Ликсутов, комментаторы и спортсмены 15 мая будут объявлять станции и сообщать пассажирам о прибытии к крупным спортивным объектам в некоторых вагонах на 4 линиях метро.   Также звезды записали уникальные аудиосообщения с поздравлением метро с 90-летием. Делимся некоторыми примерами:  🔹 Футболист Андрей Аршавин желает новых побед всем пассажирам. 🔹 Заслуженный футбольный тренер Валерий Газзаев благодарит метро за 90 лет стабильной работы. 🔹 Чемпион Советского Союза по футбол
47851;2025-05-14;9;mass_event;0;;;https://t.me/DtRoad/47851;🚴‍♂️ 4 дня осталось до Весеннего велофестиваля!   Максим Ликсутов отметил, что в этот день участников ждут различные мероприятия в городке велофестиваля. Площадка будет работать до 19:00.  Что для вас подготовили:  🔹 интерактивные площадки от партнеров 🔹 зону веломастерских и веломойки 🔹 мастер-класс по созданию уникальных футболок и шопперов 🔹 спортивную площадку 🔹 фотозоны, арт-объекты, зону отдыха и интерактивы с ростовыми куклами 🔹 розыгрыши призов 🔹 раздачу угощений и напитков 🔹 выступление артиста на финише в 18:15  Встречаемся в 13:30 на Зубовской площади. Вход со стороны ул. Большая Пи
47857;2025-05-14;11;mass_event;0;;2025-05-17;https://t.me/DtRoad/47857;🚲 Планируете присоединиться к Весеннему велофестивалю на велосипедах городского проката? У нас для вас отличные новости!  Максим Ликсутов сообщил, что Велобайк подготовил специальные условия для участников заезда 17 мая — пакет минут «Велофест».  По специальному тарифу в этот день:  🔹 Арендовать велосипед можно на 4 ч. за 899 руб. Далее будет действовать поминутная тарификация — 6 руб./мин.  🔹 Пакет действует 7 дней с момента оплаты или до исчерпания 4 ч.  Взять велосипеды городского проката можно будет на входе в стартовый городок на Зубовской площади. Расположение показали в карточке 👆   Кол
47862;2025-05-14;13;closure;0;;2025-04-28|2025-04-30|2025-05-09|2025-05-11;https://t.me/DtRoad/47862;🚀 По данным ЦОДД, в майские праздники загруженность дорог не превышала 4 баллов.  ЦОДД проанализировал трафик с 28 апреля по 11 мая:  🔹 Меньше всего автомобилей в городе было 9 мая — 2 млн. Это на 780 тыс. машин меньше, чем 30 апреля, в последний рабочий день накануне первых длинных выходных. 🔹 Между праздниками движение было свободнее, чем обычно. В городе насчитывалось примерно на 160 тыс. авто меньше, чем 30 апреля.  🔹 В будни между праздниками балл ЦОДД не поднимался выше 6.  «В майские праздники на дорогах Москвы было около 2,2 млн автомобилей, а загруженность в среднем держалась на уровн
47877;2025-05-14;17;mass_event;0;;2025-05-15;https://t.me/DtRoad/47877;"😍 90 лет в пути: комфортнее, безопаснее и интереснее. Метро Москвы 15 мая отпразднует юбилей.  Почти 300 станций в шаговой доступности, уютные и красивые настолько, что в метро проводят концерты, выставки и даже свадебные церемонии.   Завтра на Москва 24 — День метро. Мы расскажем и покажем:  — где в подземке можно найти фонтан-водопад и уютное кафе; — как обучают будущих машинистов; — почему наше метро — самое-самое в мире.  Метро, продолжай приятно удивлять. Мы тебя любим!   🆗 Подписаться на Москва 24"
47885;2025-05-14;19;tram_route_change|new_line;1;;2025-05-17;https://t.me/DtRoad/47885;В центре города продолжается строительство новой трамвайной линии.  Участок длиной более 2 км пройдет по проспекту Академика Сахарова и улице Маши Порываевой от станции метро «Чистые пруды» до площади трех вокзалов.   Что важно знать:  🔹 Новые трамвайные пути отделяем от автомобильной дороги и выделяем разметкой.  🔹 Чтобы трамваи передвигались плавно и без шума, строители укладывают рельсы по технологии без швов.  🔹 Линия позволит создать диаметральные трамвайные маршруты через центр города и сделает поездки пассажиров удобнее и быстрее.  🔹 Новые маршруты создадут беспересадочную наземную связ
47886;2025-05-14;20;mass_event;0;;;https://t.me/DtRoad/47886;🚴‍♂️ Подводим итоги конкурса костюмов к Весеннему велофестивалю.   Как отметил Максим Ликсутов, конкурсы костюмов уже успели стать традицией столичных велофестивалей.  Всего мы получили 38 творческих работ. Среди образов были самолеты, танки и даже ретропоезд «Сокольники». Спасибо вам за креативные работы и украшенные велосипеды!  Призы за лучшие костюмы получают:  1️⃣ Мисс Энерджайзер 2️⃣ Александр Фисенко 3️⃣ Владислав Рубцов 4️⃣ Михаил Чернаков 5️⃣ Лариса Калинина 6️⃣ Алиса Александровна 7️⃣ Мария Савченко 8️⃣ Алена Исакова  Подробности смотрите в Telegram-канале «Московского велофестиваля»
47896;2025-05-15;9;closure|mass_event;0;;2025-05-16|2025-05-17;https://t.me/DtRoad/47896;1⃣2⃣3⃣4⃣5⃣ ЦОДД: 17 мая будет временно закрыто движение для транспорта на Садовом кольце в связи с проведением Московского велофестиваля, велогонки и беговой эстафеты.  Движение временно закроют:  🔹 17 мая с 00:01 до 20:00 на Зубовской улице (от Дашкова переулка до Большой Пироговской улицы), Большой Пироговской улице (от Зубовской улицы до улицы Еланского) и в проезде Девичьего Поля (от улицы Плющиха до Зубовской улицы). 🔹 17 мая с 06:00 до окончания мероприятия на Садовом кольце в каждом направлении и на Зубовской улице (от Дашкова переулка до Садового кольца). Движение будут открывать по ме
47923;2025-05-15;14;mass_event;0;;;https://t.me/DtRoad/47923;🎉 Сегодня весь день в метро вас поздравляют звезды!  На эскалаторных наклонах и в вестибюлях станций звучат поздравления с 90-летием метро от участников фильма-концерта «Жванецкий».   Кто поздравляет пассажиров?   🔹 Народный артист России Сергей Жилин. 🔹 Заслуженный артист России Станислав Дужников. 🔹 Заслуженная артистка России Нонна Гришаева.  Делимся с вами видеопоздравлениями от Нонны Гришаевой и Сергея Жилина 👆  🎉 Дептранс Москвы
47943;2025-05-15;20;mass_event;0;;2025-05-15;https://t.me/DtRoad/47943;Главный праздничный день этого года — 90-летие метро — подходит к концу. Но мы не грустим, так как 15 мая стало только началом длинной череды праздников, мероприятий, приятных сюрпризов.  Мы благодарим всех пассажиров, кто присылал свои теплые пожелания в чат-бот Александра и наши социальные сети, а также участвовал в мероприятиях.   Особенная благодарность нашим партнерам, которые поддержали нас и рассказали своим подписчикам про развитие метро. Например,  🔹 Владимир Спиваков поделился доброй историей, которая произошла с ним в метро.  🔹 Яндекс Карты добавили 3D-модели наземных вестибюлей мет
47961;2025-05-16;12;closure;0;;2025-05-17;https://t.me/DtRoad/47961;ЦОДД: Напоминаем, что завтра будет временно закрыто Садовое кольцо — выбирайте метро для поездок в центр города.  Движение будет временно закрыто:  🔹 С 00:01 до 20:00 на Зубовской и Большой Пироговской улицах, а также в проезде Девичьего Поля.   🔹 С 06:00 до 19:00 на Садовом кольце в каждом направлении. Движение будут открывать по мере прохождения велоколонны.   🔹 С 13:30 до окончания мероприятия на улицах Плющиха и Еланского.  Обращаем внимание, что 17 мая будет временно закрыт подъезд к ряду объектов в районе Садового кольца. Нельзя будет подъехать к:  🔹 ЦПКиО им. М. Горького со стороны улиц
47962;2025-05-16;13;mass_event;0;;2025-05-17;https://t.me/DtRoad/47962;Как проходит день чемпионки по велоспорту?   Вместе с Яной Бурлаковой — чемпионкой мира и Европы по велотреку — мы прокатились по ее любимому маршруту. Когда нужно быстро добраться в разные части Москвы и области, Яна всегда комбинирует поездку на велосипеде с МЦК и МЦД.   И вот почему:   🔹 Провоз велосипеда бесплатный в любое время. 🔹 В поездах на МЦД велосипед можно провозить в головных вагонах на специальных креплениях и в тамбурах, а в МЦК вагоны для провоза обозначены специальной пиктограммой.  Подробнее смотрите в видео 👆  Кстати, со своим велосипедом можно с комфортом добраться до места
47972;2025-05-16;18;mass_event;0;;;https://t.me/DtRoad/47972;1-й в этом году велофестиваль стартует менее чем через сутки!   А вы уже собрали набор участника? Что в него входит, смотрите в видео 👆  👍 Дептранс Москвы
47977;2025-05-17;11;mass_event;0;;;https://t.me/DtRoad/47977;В честь 90-летия метро проходит парад поездов! Какие составы в нем участвуют и сегодня проедут по Кольцевой линии 👇  🔹 ретропоезд «Сокольники»  🔹 самая массовая в мире серия вагонов — «Номерной» 🔹 первый состав современного поколения «Русич»  🔹 разработка 2010-х годов — «Ока» 🔹 самые современные поезда российского производства — «Москва», «Москва-2020» и «Москва-2024»
47986;2025-05-17;15;mass_event;0;;;https://t.me/DtRoad/47986;Первый в этом году велофестиваль стартовал! Встретимся на финише 😉 Следите за движением колонны онлайн в нашей трансляции на RUTUBE.
48000;2025-05-17;20;mass_event;0;;;https://t.me/DtRoad/48000;🚴‍♂️ Рекордное количество улыбок, мелодия велосипедных звонков и праздничный ритм города — так прошел праздник спорта в Москве!  Садовое кольцо объединило более 90 тыс. участников 3 масштабных мероприятий:  🔹 Весенний велофестиваль. 🔹 Историческая легкоатлетическая Эстафета и Забег. 🔹 Легендарная Велогонка «Садовое кольцо».  На Весеннем велофестивале более 67 тыс. велосипедистов прокатились по свободному от автомобилей Садовому кольцу. Это новый рекорд по количеству участников.  Велолюбители из разных городов России:  🔹 проехали маршрут длиной 15,6 км 🔹 пересекли 10 районов, 17 улиц и бульваро
48010;2025-05-18;10;mass_event;0;;2025-05-15;https://t.me/DtRoad/48010;🎉 Отмечаем 90-летие Московского метрополитена: праздник продолжается!  Сегодня вы еще можете:  🔹 Посетить выставку ретровагонов на станции «Партизанская». 🔹 Увидеть спецтехнику метро на станции «Полежаевская». 🔹 Прокатиться на одном из парадных поездов на Кольцевой линии метро (по часовой стрелке).   В день юбилея, 15 мая, на станции «Сокольники» и в сквере Московского метро мы провели масштабную историческую реконструкцию открытия первой линии метрополитена. Тысячи москвичей приняли участие в торжественном событии.   Как жители города и гости столицы провели праздничный день на станции метро 
48021;2025-05-18;15;mass_event;0;;;https://t.me/DtRoad/48021;🚴‍♂️ Открытие сезона велофестивалей этого года было незабываемым!   Весенний велозаезд собрал рекордное количество участников. Но это не помешало нам запечатлеть всех вас на фото. Сделали их вместе с проектом Gigarama. Скорее ищите себя и близких на сайте.  Спасибо всем, кто разделил этот день с нами!  👍 Дептранс Москвы
48033;2025-05-18;17;mass_event;0;;;https://t.me/DtRoad/48033;🎉 На Кольцевой линии продолжается парад поездов — 8 составов различных серий можно поймать сегодня до 20 часов.   Они курсируют на пути по часовой стрелке 👆
48040;2025-05-19;9;mass_event;0;;;https://t.me/DtRoad/48040;⭐️ Звезды выступят в метро.   Максим Ликсутов отметил, что к юбилею метро подготовили насыщенную культурную программу.   Концерты популярных исполнителей пройдут в мае и июне на специальных площадках в разных районах Москвы, чтобы как можно больше пассажиров могли стать частью праздника.  Выступления организуем в рамках проекта «Музыка в метро».  🎉 Дептранс Москвы
48052;2025-05-19;15;mass_event;0;;;https://t.me/DtRoad/48052;⭐️ Звезды выступят в метро.   Максим Ликсутов отметил, что к юбилею метро подготовили насыщенную культурную программу.   Концерты популярных исполнителей пройдут в мае и июне на специальных площадках в разных районах Москвы, чтобы как можно больше пассажиров…
48066;2025-05-20;8;closure|mass_event;0;;2025-05-22|2025-05-23|2025-05-24|2025-05-25;https://t.me/DtRoad/48066;ЦОДД: 24 мая будут временно закрыты для движения транспорта несколько центральных набережных и улиц в Москве, а также участок Садового кольца в связи с проведением полумарафона «Забег.РФ».  Движение будет закрыто:  🔹 С 00:01 22 мая до 06:00 25 мая на площади Васильевский Спуск от Кремлевской набережной до Большого Москворецкого моста. 🔹 С 20:00 23 мая до 06:00 25 мая на Москворецкой улице от Москворецкой набережной до улицы Варварка. 🔹 24 мая с 05:00 до 21:00 на Большом Москворецком мосту, улице Варварка, а также в проезде от улицы Ильинка до улицы Варварка. 🔹 24 мая с 08:00 до 14:30 на Малом 
48085;2025-05-20;14;mass_event;0;;;https://t.me/DtRoad/48085;🚲 Велобайк подвел итоги Весеннего велофестиваля!  Максим Ликсутов рассказал, что среднее время пользования электровелосипедом 2.0 в день велофестиваля выросло в 2 раза и составило более 40 мин.   На площадке фестиваля работала мастерская от Велобайк. Более 300 участников заезда прошли ТО своего велосипеда. Наши консультанты по прокату напомнили участникам основные правила безопасной езды в городе и вручили подарки и фирменные сувениры.  «По поручению Мэра Москвы Сергея Собянина продолжаем активно развивать городской велопрокат: сегодня он насчитывает 9 тыс. электровелосипедов 2.0. Это на 50% б
48090;2025-05-20;16;mass_event;0;;2025-05-17|2025-07-05;https://t.me/DtRoad/48090;🚴‍♂️🚴‍♂️🚴‍♂️ Продолжаем любоваться вашими костюмами и делиться впечатлениями от Весеннего велофестиваля!  17 мая ярко открыли сезон велозаездов и установили рекорд — более 67 тыс. велосипедистов проехали по Садовому кольцу.   Кстати, в этот день мы также наградили победителей конкурсов призами от партнеров и вручили модели шлемов, которые Мостранспроект напечатал на 3D-принтере и вручную расписал красками.   Атмосферу праздника передали в видео 👆   Вы можете поделиться впечатлениями о велозаезде и пройти наш опрос. Увидимся на Ночном велофестивале 5 июля!  👍 Дептранс Москвы
48102;2025-05-21;9;closure;0;;;https://t.me/DtRoad/48102;🚗 Какой маршрут выбрать, чтобы быстрее доехать до нужного места? Смотрите подсказки на дорожных табло ЦОДД.   Теперь там можно увидеть не только информацию о погоде и временных перекрытиях, но и время поездки до ближайших магистралей.   Как это работает:  🔹 Данные о загруженности дорог поступают в систему с различных типов дорожных датчиков и детекторов в реальном времени.  🔹 Система обрабатывает всю информацию и выводит на каждое табло актуальную загруженность ближайших магистралей.  🔹 На мнемосхемах видно, какие дороги свободны, а на каких движение интенсивное. Цветовая кодировка помогает бы
48128;2025-05-21;16;mass_event;0;;2025-05-23|2025-05-24|2025-05-25;https://t.me/DtRoad/48128;🚀 Наука, веселье и невероятные открытия! С 23 по 25 мая Музей транспорта Москвы на ВДНХ станет участником научно-популярного фестиваля для детей и подростков «Наука и мороженое FEST».   В рамках фестиваля в музее пройдут бесплатные мероприятия:   🔹 дискуссия о развитии городского транспорта с подростками 🔹 велосипедная прогулка по ВДНХ с лекцией об эволюции велосипедного движения  🔹 встреча с организаторами зимнего марафона по автогонкам 🔹 лекция про устройство двигателя внутреннего сгорания 🔹 викторины и творческие мастер-классы  Подробности о мероприятиях и ссылки на регистрацию ищите на сай
48166;2025-05-23;8;closure|mass_event;0;;2025-05-24;https://t.me/DtRoad/48166;ЦОДД: 24 мая временно закроют движение на улице Ильинка в связи с проведением концерта ко Дню славянской письменности и культуры:  🔹 С 09:00 до 22:00 будет закрыто движение на улице Ильинка от Биржевой площади до дома 5 по Красной площади. 🔹 С 00:01 до окончания мероприятия запрещена парковка на участках ограничений.  Стройте маршрут заранее с учетом временных ограничений. Подробнее — на сайте.  👍 Дептранс Москвы
48189;2025-05-23;16;mass_event;0;;;https://t.me/DtRoad/48189;Праздничный концерт Театра сатиры прошел на станции метро «Мичуринский проспект».  Мероприятие приурочили сразу к 2 значимым датам:  🔹 90 лет Московскому метрополитену 🔹 100 лет Театру сатиры  «В честь 90-летия Московского метрополитена мы проводим концерты проекта «Музыка в метро» на самых разных станциях, чтобы пассажиры могли почувствовать атмосферу праздника прямо в пути. Мы рады, что к проекту присоединяются ведущие театры и оркестры страны. Продолжаем развивать столичное метро как востребованное культурное пространство по поручению Мэра Москвы Сергея Собянина», — отметил Максим Ликсутов.
48225;2025-05-24;14;mass_event;0;;2025-05-15|2025-06-15;https://t.me/DtRoad/48225;Вся столица поздравляет метро с юбилеем!   Как рассказал Максим Ликсутов, 15 мая более 1 100 объектов столицы поздравили метрополитен с 90-летием. Праздничные ролики транслировали более 2 тыс. городских медиаэкранов.  Интересные факты о локациях, где вы еще можете встретить поздравление до 15 июня:  🔹 Ближайшее к Московскому Кремлю поздравление разместили на фасаде концертного зала «Зарядье».  🔹 Масштабное поздравление находится на крыше большой спортивной арены «Лужники». 🔹 Праздничные ролики транслируют и там, где больше всего путешественников, — в аэропортах Внуково и Домодедово.  🎉 Дептран
48268;2025-05-26;16;tram_route_change;1;;2025-05-25;https://t.me/DtRoad/48268;Краснопресненскому трамвайному депо в Строгине 23 года!  Трамваи выходили из ворот депо на Пресне с ноября 1919 года — так продолжалось каждое утро более 80 лет.   25 мая 2002 года вагоны в последний раз выехали из старого депо и уже вечером заехали на новую территорию в районе Строгино. При этом новое депо сохранило историческое название в память о трамвайщиках-краснопресненцах.  Краснопресненское трамвайное депо:  🔹 Самое крупное в столице. Его территория занимает более 9 га.  🔹 Изолировано от общей городской сети. Это является его отличительной особенностью.  🔹 Обеспечивает бесперебойную ра
48287;2025-05-27;12;mass_event;0;;2025-06-06;https://t.me/DtRoad/48287;🚇 Московское метро — настоящее собрание предметов искусства! Витражи, мозаики и скульптуры — только его малая часть.   Хотите узнать больше? 6 июня Музей транспорта Москвы и Музей Москвы представят выставку «Высоко под землей» к 90-летию Московского метрополитена.   Что ждет посетителей:  🔹 Более 350 предметов искусства из свыше 25 государственных и частных коллекций, а также семейных архивов потомков художников, которые работали над оформлением метро.  🔹 Произведения таких авторов, как Александр Дейнека, Вера Мухина, Павел Корин, Андрей Кузнецов и Леонид Берлин.  🔹 Макеты и мультимедийные мат
48301;2025-05-28;8;closure|mass_event;0;;2025-05-29|2025-05-31|2025-06-01;https://t.me/DtRoad/48301;1️⃣2️⃣3️⃣4️⃣5️⃣6️⃣7️⃣8️⃣ ЦОДД: 31 мая временно закроют движение на нескольких набережных и улицах в центре Москвы в связи с проведением забега «Зеленый марафон».  Движение будет закрыто:  🔹 С 03:00 до 13:00 на Новой и Старой площадях.  🔹 С 03:00 до 18:00 на Большом Москворецком мосту, на улицах Ильинка, Варварка, Москворецкая, а также на площади Васильевский Спуск.  🔹 С 07:00 до 13:00 на центральных набережных: Софийской, Раушской, Космодамианской, Устьинской, Котельнической, Гончарной, Краснохолмской, Москворецкой, Кремлевской, Пречистенской, Фрунзенской и Лужнецкой.  🔹 С 07:00 до 13:00 на Бо
48345;2025-05-29;10;closure;0;;2025-05-31|2025-06-01|2025-06-07|2025-06-08;https://t.me/DtRoad/48345;В выходные дни с 31 мая по 1 июня и с 7 июня по 8 июня изменится схема движения в центре и на юго-западе Москвы  В связи со строительными работами будет временно закрыт участок «Октябрьская» – «Новые Черёмушки» Калужско-Рижской линии метро.   Вдоль закрытых станций будут курсировать бесплатные автобусы для комфорта пассажиров. Для их свободного проезда без задержек мы временно изменим схему движения для автомобилей на этот период.  Что поменяется:  🔹 На улице Профсоюзная и проспекте 60-летия Октября перед пересечениями с другими улицами (Вавилова, Дмитрия Ульянова, Нахимовский проспект, Гариба
48370;2025-05-29;16;mass_event;0;;2025-05-31|2025-06-01;https://t.me/DtRoad/48370;🛴 Хотите провести выходные на свежем воздухе и с пользой? Приходите в школу безопасного вождения электросамоката.  31 мая и 1 июня инструкторы МТС Юрент расскажут, как правильно и безопасно передвигаться на электросамокате:  🔹 Какие правила нужно соблюдать, чтобы поездка была безопасной. 🔹 Как правильно реагировать на препятствия и неожиданные ситуации на дороге. 🔹 Как водить электросамокат, чтобы не было штрафа.  После теории вы сможете сразу приступить к практике под руководством опытных инструкторов. Участие бесплатное, а за успешное прохождение обучения вручим эксклюзивный мерч и подарки. 
48393;2025-05-30;12;mass_event;0;;2025-06-07|2025-06-08;https://t.me/DtRoad/48393;🛥 Отправимся в увлекательное путешествие по волнам финансовой грамотности!  7 июня на Северном и 8 июня на Южном речных вокзалах Департамент финансов Москвы проведет:  🔹 Лекции о планировании бюджета, инвестициях и сбережениях. 🔹 Викторины и игры для посетителей всех возрастов. 🔹 Детскую программу с шоу мыльных пузырей, ростовыми куклами и раздачей воздушных шаров.  🔹 Экспресс-тест по финансовой грамотности поможет оценить собственные знания, а тренажеры виртуальной реальности — отработать навыки управления финансами.  Программа и регистрация на мероприятие — по ссылкам:  Северный речной вокза
48410;2025-05-30;19;mass_event;0;;;https://t.me/DtRoad/48410;Galibri & Mavik выступили на станции «Медведково»!  В честь 90-летия Московского метрополитена на станции метро «Медведково» прошел концерт дуэта Galibri & Mavik — авторов хитов «Федерико Феллини», «Чак Норрис», «Взгляни на небо», «Прощай, Алешка», «Ромашки», «Лампочки» и многих других.  Выступление продолжит серию праздничных концертов на станциях метро в отдаленных от центра районах Москвы.  🎉 Дептранс Москвы
48415;2025-05-31;11;mass_event;0;;2025-06-02;https://t.me/DtRoad/48415;«Музыка в метро» возвращается на Северный речной вокзал! Здесь артисты начнут выступать со 2 июня.   Площадку открывают только в теплое время года: музыкантам комфортно выступать, а посетители становятся слушателями концерта под открытым небом.  «По поручению Мэра Москвы Сергея Собянина мы развиваем Транспортный комплекс столицы как комфортное культурное пространство. Летом, когда устанавливается теплая погода, площадками проекта «Музыка в метро» становятся в том числе речные вокзалы. Это делает поездки и прогулки по столице еще приятнее и интереснее», — отметил Максим Ликсутов.  👍 Дептранс Мо
48468;2025-06-01;18;mass_event;0;;;https://t.me/DtRoad/48468;149 часов прямых эфиров, 48 живых концертов — все это вы могли слышать из мультиформатной радиостудии на станции метро «Деловой центр».  Пересадочный узел «Делового центра» стал площадкой, где рождалась магия радиовещания Авторадио, ENERGY, Детского радио, Comedy Radio, Like FM, Relax FM, Юмор FM и Радио Romantika. В течение 2,5 недель пассажиры наблюдали за созданием радиоэфиров в режиме реального времени.  Жители и гости столицы также узнали много нового об истории метро и насладились живыми концертами популярных артистов. На площадке регулярно проводили розыгрыши ценных призов — от брендиро
48479;2025-06-02;10;mass_event;1;;;https://t.me/DtRoad/48479;Современный круглогодичный городской парк может появиться на месте изношенной инфраструктуры монорельса.  Решение о реализации проекта примете вы — голосование стартовало на портале «Активный гражданин».   Монорельс построили больше 20 лет назад, он давно перестал полноценно выполнять транспортную функцию. Плановое обследование выявило его ненадежность, он нуждается в капитальном ремонте.  Подвижной состав монорельса вырабатывает свой ресурс: новых поездов не производится, аналоги отсутствуют. Их обновление стоит 20 млрд руб. — как 130 новых вагонов метро. Из-за утраты линии производства потре
48496;2025-06-02;18;mass_event;0;;2025-06-01;https://t.me/DtRoad/48496;Расписывали пряники и много играли — как мы отметили День защиты детей.  Максим Ликсутов рассказал, что в честь праздника 1 июня для юных москвичей подготовили увлекательную программу: мастер-классы, концерты, мультфильмы, лекции и игры. Всего мероприятия Транспортного комплекса посетили более 10 тыс. человек.  На Северном и Южном речных вокзалах:  🔹 гостей встречали аниматоры 🔹 работали зоны аквагрима 🔹 проводили мастер-классы по созданию фигурок из воздушных шаров, росписи пряников и изготовлению леденцов 🔹 самым активным участникам вручили памятные сувениры от Московского транспорта 🔹 в хол
48556;2025-06-04;8;closure;0;;2025-06-05|2025-06-06;https://t.me/DtRoad/48556;1️⃣2️⃣3️⃣4️⃣5️⃣6️⃣7️⃣8️⃣ ЦОДД: В связи с проведением городских мероприятий 5 и 6 июня временно закроют проезд для движения транспорта на нескольких улицах в ЦАО, ЗАО и СВАО.  6 июня движение будет закрыто:  🔹 С 00:01 до 11:00 на улицах Щепкина, Мещанская, Гиляровского, Большая Татарская.  🔹 С 00:01 до 11:00 в переулках Капельский, Выползов, Старый Толмачевский, Климентовский, Озерковский и Малый Татарский.  🔹 С 00:01 до 12:00 на улице Минская при движении в сторону Кутузовского проспекта, на съездах с проспекта Генерала Дорохова при движении в область и центр, а также на съездах к перехватываю
48557;2025-06-04;9;mass_event;0;;2025-06-07;https://t.me/DtRoad/48557;🌿 Присоединяйтесь к Экофестивалю 7 июня на Южном речном вокзале. Посвятим этот день экологии и поможем природе вместе. Вас ждут:  🔹 обмен растениями и саженцами в горшках, приносите цветы с собой 🔹 творческие мастер-классы 🔹 игротека, познавательные квизы и VR-тренажер 🔹 анимационная программа с развлечениями и подарками 🔹 практические занятия «Безопасность в Движении»  Вход свободный. Расписание смотрите в карточках 👆  На мастер-классы Музея транспорта Москвы по экодудлингу и созданию экобукваря нужна предварительная регистрация.   «7 июня на Южном речном вокзале пройдет насыщенная программа,
48565;2025-06-04;13;mass_event;0;;2025-06-04|2025-06-06|2025-06-07;https://t.me/DtRoad/48565;Подарок для любителей литературы и транспорта!   4-7 июня Музей транспорта Москвы примет участие в книжном фестивале «Красная Площадь»:  🔹 4 июня в 18:00 — 1-я презентация сборника «16 поездок: маршруты московские в рассказах современных писателей» и встреча с писателями, чьи рассказы в него вошли: Надей Алексеевой, Дмитрием Даниловым, Анной Лужбиной, Романом Сенчиным, Асей Володиной, Алексеем Сальниковым, Дарьей Бобылевой и Асей Шевченко.  🔹 6 июня в 17:00 — встреча к 100-летию запуска автобусного движения в Москве, посвященная серии «Жизнь замечательных машин». Спикеры музея расскажут о техн
48576;2025-06-04;19;mass_event;0;;;https://t.me/DtRoad/48576;В честь 90-летия Московского метрополитена на станции метро «Нижегородская» выступил дуэт Nansi&Sidorov.  Коллектив известен по трекам «Вторая весна», «Встречная полоса» и «Сердце — бокал».  Выступление стало частью праздничных концертов на станциях метро в районах Москвы, отдаленных от центра. Такие мероприятия проходят на разных линиях метро, чтобы поздравления с юбилеем и зажигательные концерты могли услышать пассажиры по всему городу.  🎉 Дептранс Москвы
48578;2025-06-05;8;closure|mass_event;0;;2025-06-07|2025-06-08|2025-06-09;https://t.me/DtRoad/48578;1️⃣2️⃣3️⃣4️⃣5️⃣6️⃣7️⃣8️⃣ ЦОДД: 8 июня закроют движение для транспорта на ряде бульваров в центре в связи с проведением фестиваля ходьбы и бега «10 000 шагов».   С 00:01 8 июня до 05:00 9 июня будет закрыто движение на:  🔹 Гоголевском бульваре (внутренняя сторона) от улицы Волхонка до улицы Знаменка.  🔹 Никитском бульваре (внутренняя сторона) от дома 12 по Новинскому бульвару до Большой Никитской улицы.  🔹 Тверском бульваре (внутренняя сторона) от Большой Никитской улицы до Тверской улицы.  🔹 Страстном бульваре (внутренняя сторона) от Нарышкинского проезда до улицы Петровка.  🔹 Петровском бульв
48591;2025-06-05;16;mass_event;0;;2025-07-05;https://t.me/DtRoad/48591;Благодаря вам Весенний велофестиваль получился таким ярким и по-настоящему весенним!   Запечатлели ваши улыбки на камеру. Ищите себя на кадрах по ссылке 📸  Спасибо всем! Впереди еще 4 велофестиваля, ждем вас в самых ярких костюмах снова ❤️  Как напомнил Максим Ликсутов, следующий велофестиваль пройдет 5 июля.  👍 Дептранс Москвы
48601;2025-06-05;18;mass_event;0;;;https://t.me/DtRoad/48601;Музыка из знаменитых фильмов прозвучала на станции «Мичуринский проспект».  На площадке проекта «Музыка в метро» прошел концерт Театра «ОДЕОН» в честь 90-летия Московского метрополитена.   Артисты представили постановку «Миры Ханса Циммера» — это живое исполнение саундтреков к культовым фильмам, включая «Король Лев», «Пираты Карибского моря» и «Миссия невыполнима».  На станции «Мичуринский проспект» также установили сцену с мультимедийным экраном и световым сопровождением. Зрители увидели и услышали яркое шоу в исполнении Imperialis Orchestra прямо в переходе между станциями «Мичуринский просп
48612;2025-06-06;7;closure;0;;;https://t.me/DtRoad/48612;Доброе утро!  Сегодня в городе ожидается облачная погода с прояснениями, местами возможен кратковременный дождь 🌧   Напоминаем, что сегодня временно закрыт проезд для движения транспорта на нескольких улицах в ЦАО, ЗАО и СВАО. Будьте внимательные и стройте маршрут заранее.  В связи с коротким рабочим днем вечерний разъезд начнется сегодня раньше — около 16:00. Рекомендуем выезжать до него или отложить поездку на более позднее время.   Будьте внимательны за рулем. Соблюдайте скоростной режим и дистанцию.  Удачной дороги 💚
48613;2025-06-06;8;closure;0;;2025-06-08|2025-07-13|2025-08-17;https://t.me/DtRoad/48613;1️⃣2️⃣3️⃣4️⃣5️⃣6️⃣7️⃣8️⃣ ЦОДД: 8 июня в связи с проведением триатлона «Кубок Грома» временно закроют движение для транспорта на улице Крылатская.   Движение будет закрыто с 07:00 до 10:00 на участке Крылатской улицы от дома 16 до улицы Нижние Мневники:  🔹 8 июня 🔹 13 июля 🔹 17 августа  Также на этом участке будет запрещена парковка:  🔹 8 июня с 00:01 до окончания мероприятия 🔹 13 июля с 00:01 до окончания мероприятия 🔹 17 августа с 00:01 до окончания мероприятия  Будьте внимательны и планируйте маршрут с учетом временных ограничений.   Подробную информацию о перекрытиях можно узнать на сайте. 
48648;2025-06-06;18;mass_event;0;;;https://t.me/DtRoad/48648;Встретили это лето вместе с вами на речных вокзалах 🤩  Максим Ликсутов напомнил, что в День защиты детей на площадках Северного и Южного речных вокзалов прошли праздничные мероприятия. Их посетили около 10 тыс. человек.  Что подготовили для гостей и как прошел праздник, смотрите в нашем видео 👆  Этим летом продолжим радовать вас мероприятиями на Северном и Южном речных вокзалах. Следите за новостями!  👍 Дептранс Москвы
48688;2025-06-08;12;mass_event;0;;2025-06-09|2025-06-10|2025-06-11|2025-06-12|2025-06-13|2025-06-14|2025-06-15;https://t.me/DtRoad/48688;🎷 Один из самых масштабных джазовых фестивалей мира открылся концертом в московском метро!  В рамках Московского джазового фестиваля на площадке проекта «Музыка в метро» на станции «Таганская» выступила певица и автор песен Светлана Жаворонкова вместе с ансамблем Jazz Friends. На станции «Таганская» в живом исполнении прозвучала классика блюза, джаза и мировой эстрадной музыки.  Основная программа Московского джазового фестиваля пройдет в столице с 9 по 15 июня 2025 года. На протяжении 7 дней в Москве выступят более 1 000 артистов из России и стран зарубежья.  🎉 Дептранс Москвы
48693;2025-06-08;15;tram_works;1;;;https://t.me/DtRoad/48693;Специалисты трамвайного комплекса Московского метрополитена посетили Волгоградский скоростной трамвай.  Волгоград — единственный в России город, где трамваи ходят как по земле, так и под ней. Недавно скоростному трамваю Волгограда исполнилось 30 лет. Наземную часть линии капитально отремонтировали, а на 2 маршрута вышли новые полностью низкопольные трамваи.   В рамках программы стажировок от Корпоративного университета Московского транспорта столичные специалисты разных профилей приехали в Волгоград для обмена опытом с коллегами.  Нам показали:   🔹 Особенности объединения наземной и подземной 
48705;2025-06-08;18;mass_event;0;;;https://t.me/DtRoad/48705;Экологично, весело и под хорошую музыку — так прошел Экофестиваль!  Максим Ликсутов сообщил, что мероприятие на Южном речном вокзале посетили порядка 2 тыс. человек.  Во время фестиваля гости:  🔹 Изготовили поделки и сувениры из переработанного пластика и подручных материалов.  🔹 Поучаствовали в интерактивных играх, посвященных экологии и безопасности.  🔹 Обменялись растениями и сдали на переработку использованные батарейки.  🔹 Отдохнули на набережной под музыку.   Делимся фотографиями этого насыщенного дня 👆  👍 Дептранс Москвы
48735;2025-06-09;13;mass_event;0;;;https://t.me/DtRoad/48735;Праздничный концерт ASAMMUELL пройдет в метро.  В честь 90-летия Московского метрополитена на станции «Окская» выступит ASAMMUELL — автор и исполнитель хитов «Спасибо», «Сердце не игрушка» и «Хорошая».  Концерт продолжит серию праздничных выступлений в районах Москвы, отдаленных от центра.  🎉 Дептранс Москвы
48747;2025-06-09;17;closure|mass_event;0;;2025-06-10|2025-06-11;https://t.me/DtRoad/48747;ЦОДД: в связи с проведением концерта ко Дню России 11 июня временно закроют движение для транспорта в центре Москвы.  11 июня с 07:00 до 23:00 будет закрыто движение:  🔹 на улице Ильинка от Новой площади до Красной площади 🔹 на улице Варварка от Старой площади до Большого Москворецкого моста 🔹 в проезде между улицами Ильинка и Варварка в районе дома 5 по Красной площади  Также будет временно запрещена парковка:  🔹 10 июня с 00:01 до окончания мероприятия на Фрунзенской набережной 🔹 11 июня с 00:01 до окончания мероприятия на улицах Ильинка и Варварка  Стройте маршрут заранее с учетом временных
48763;2025-06-09;20;mass_event;0;;;https://t.me/DtRoad/48763;На станции метро «Окская» выступила певица ASAMMUELL.  В честь 90-летия Московского метрополитена она исполнила авторские хиты — «Спасибо», «Сердце не игрушка» и «Хорошая».  Концерт стал частью серии праздничных выступлений, которые проходят на станциях в районах Москвы, отдаленных от центра.  Делимся с вами атмосферой выступления 👆  🎉 Дептранс Москвы
48781;2025-06-10;14;mass_event;0;;2025-06-12;https://t.me/DtRoad/48781;Большой праздник для всей семьи пройдет на Северном и Южном речных вокзалах 🥳  12 июня, в День России, подготовили для вас:  🔹 Насыщенную концертную программу с участием артистов «Музыка в метро». 🔹 Творческие и познавательные мастер-классы и лекцию от Московского дома книги. 🔹 Бесплатные угощения от «Московского картофеля» и подарочные наборы от «Печем Дома». 🔹 Анимационную программу с любимыми детскими персонажами Турбозаврами и героями Московского транспорта.  Подробное расписание смотрите в карточках 👆  «По поручению Мэра Москвы Сергея Собянина Транспортный комплекс столицы участвует в бол
48792;2025-06-10;18;mass_event;0;;2025-06-07;https://t.me/DtRoad/48792;Как прошел Экофестиваль на Южном речном вокзале, смотрите в нашем видео 👆  Максим Ликсутов сообщил, что 7 июня мероприятие на Южном речном вокзале посетили около 2 тыс. человек.   В этот день мы еще раз напомнили горожанам о важности ведения экологичного образа жизни и воспитания в подрастающем поколении доброго отношения к природе.   Спасибо, что заботитесь о природе вместе с нами ❤️  👍 Дептранс Москвы
48834;2025-06-12;14;mass_event;0;;2025-06-21;https://t.me/DtRoad/48834;Театр под открытым небом — на Северном речном вокзале!  21 июня приглашаем на Театральный фестиваль — масштабное культурное событие для всей семьи. В этот день территория Северного речного вокзала станет большим сценическим пространством, где каждый найдет себе занятие по душе.   Мы подготовили насыщенную программу, которая погрузит вас в атмосферу живого искусства и творчества. С 13:00 до 21:00 гостей ждут:  🔹 Театральные постановки и кукольные спектакли. 🔹 Цирковые выступления, мимы, ходулисты и аниматоры. 🔹 Творческие мастер-классы по созданию кукол-марионеток, жонглированию и танцам. 🔹 Фот
48838;2025-06-12;15;mass_event;0;;;https://t.me/DtRoad/48838;🇷🇺 Ко Дню России на пересадочном узле «Нижегородская» прошел праздничный концерт.   Пассажиров поздравили:  🔹 Академический хор Московского метрополитена. 🔹 Детская музыкальная школа имени А. К. Глазунова.  Артисты исполнили патриотические композиции: «Дорогая моя столица», «Матушка Земля», арию из оперы «Турандот» и другие. Некоторые произведения исполняли солисты, другие — в сопровождении хора.  «В День России мы поздравили пассажиров праздничным концертом в метро. Такие мероприятия объединяют людей, подчеркивают важность наших традиций и ценностей. По поручению Мэра Москвы Сергея Собянина р
48887;2025-06-13;16;mass_event;0;;;https://t.me/DtRoad/48887;Новый выпуск программы Юлии Темниковой «Москва едет» на канале «Москва 24» посвятили велоспорту и активным видам досуга.   Об интересных спортивных мероприятиях в столице рассказала Алина Загитова — олимпийская чемпионка и чемпионка мира и Европы по фигурному катанию.  Собрали самое интересное из разговора:  🔹 Алина Загитова участвовала в запуске катка на Северном речном вокзале. Зимой это одно из любимых мест москвичей.  🔹 Скучаете по зимним видам спорта летом? Тогда посетите ледовые шоу — они проходят круглый год. Кстати, Алина Загитова участвует в них как артист и продюсер. 🔹 А еще обсудили
48896;2025-06-14;10;new_line;1;;;https://t.me/DtRoad/48896;👍 Центру перспективных разработок Московского транспорта исполнился 1 год.  За это время технологичное и комфортное пространство стало местом, где создают транспорт будущего.  Специалисты Центра успешно:  🔹 Запустили первый в России беспилотный трамвай. Осенью этого года он начнет курсировать в регулярном режиме по маршруту с пассажирами. 🔹 Начали подготовку к запуску беспилотного поезда метро. На первом этапе, который запланирован уже на 2025 год, будем изучать процесс движения, остановок, а также открытия и закрытия дверей. 🔹 Разработали технологию для беспилотного катера полиции, который см
48920;2025-06-15;12;closure;0;;;https://t.me/DtRoad/48920;🚀 В гараже Дорожного патруля ЦОДД обновили 48 пикапов.   Новые машины появились в автопарке ЦОДД в этом году. Преимущества этих авто:  🔹 Багажный отсек оборудован множеством ниш и выдвижной платформой. Это упрощает поиск инструментов, экономит время и силы экипажа. 🔹 Машину оснастили светодиодными стробоскопами на решетке радиатора и по периметру. Световая балка стала ярче. Это улучшает видимость экипажа на дороге. 🔹 Каждый автомобиль имеет на крыше информационное табло. Оно позволяет дистанционно выводить информацию во время перекрытий или аварий.  Как выглядят новые авто, смотрите в видео 👆 
48923;2025-06-15;17;mass_event;0;;;https://t.me/DtRoad/48923;Тысячи гостей, ретробайки и 1 счастливчик с новым мотоциклом 😎  Максим Ликсутов сообщил, что Всемирный День мотоциклиста на Северном речном вокзале отметили более 8 тыс. человек.   Гости праздника смогли:  🔹 Увидеть редкие мотоциклы и ретротехнику музея «Моторы войны» и Гаража особого назначения ФСО России.  🔹 Посмотреть показательные выступления мотоциклистов. 🔹 Прокатиться на аттракционах и посмотреть концерт. 🔹 Перекусить на полевой кухне и точках раздачи еды.  🔹 Определить победителя в розыгрыше мотоцикла.  «Ежегодно проводим тематические мероприятия для поклонников мотокультуры. Это хорош
48936;2025-06-16;9;mass_event;0;;2025-08-01|2025-09-14;https://t.me/DtRoad/48936;"Форум-фестиваль ""Территория будущего. Москва 2030"" пройдёт с 1 августа по 14 сентября   🟦 Он состоится в рамках проекта ""Лето в Москве"" и вновь объединит жителей и гостей столицы всех возрастов.    Мероприятия охватят сразу несколько знаковых площадок, в том числе ЦВЗ ""Манеж"", Гостиный Двор, парки ""Зарядье"", ""Музеон"" и спорткомплекс ""Лужники"". Форум-фестиваль также впервые пройдёт на ВДНХ, кинозаводе ""Москино"" и в Парке 50-летия Октября.   🤝 ""Территория будущего. Москва 2030"" поможет вовлечь молодые поколения в диалог с городом, подготовить их к предстоящим вызовам и обучить навыкам, которые с"
48950;2025-06-16;18;mass_event;0;;;https://t.me/DtRoad/48950;«А дождь на окнах рисует!». На станции метро «Тютчевская» выступил Антон Токарев!  Артист дал небольшой концерт в честь 90-летия Московского метрополитена.   Его выступление стало частью праздничных концертов, которые проходят на станциях метро в районах Москвы, удаленных от центра.  Получилось очень атмосферно! Смотрите сами 👆  🎉 Дептранс Москвы
49001;2025-06-18;19;mass_event;0;;;https://t.me/DtRoad/49001;Москва демонстрирует последние достижения на ПМЭФ-2025   📍 Столица традиционно принимает участие в Петербургском международном экономическом форуме и представляет ключевые проекты в экономике, транспорте, промышленности, строительстве, культуре, социальной и других сферах.  На стенде Правительства Москвы посетители смогут ознакомиться с ключевыми экономическими показателями столицы. На интерактивных панелях можно будет узнать о Портале поставщиков, на котором работают предприниматели и организации из 42 регионов страны, а также о том, как московские компании повышают производительность труда. 
49002;2025-06-18;20;mass_event;0;;;https://t.me/DtRoad/49002;«Я хочу быть еще ближе и выше, и выше…».   Встречайте, Нюша! Популярная певица выступила на станции «Бутырская» в честь 90-летия Московского метрополитена.  Событие стало частью серии праздничных концертов на станциях метро в районах Москвы, удаленных от центра.  🎉 Дептранс Москвы
49003;2025-06-18;21;tram_route_change;1;;;https://t.me/DtRoad/49003;1️⃣2️⃣3️⃣4️⃣ Мы на ПМЭФ-2025!  Мэр Москвы Сергей Собянин рассказал о главных проектах, которые представляет столица на ПМЭФ-2025.   На стенде Правительства Москвы есть пространство, которое посвятили транспорту. Здесь можно познакомиться:  🔹 С макетом новейшего поезда «Москва-2026», который выйдет на линии метро в следующем году. Еще более комфортный и технологичный состав является улучшенной версией поезда «Москва-2024», который так полюбился пассажирам. Представили новинку в знаковый год, когда Московскому метрополитену исполнилось 90 лет. 🔹 С беспилотными технологиями. Уже этой осенью первы
49008;2025-06-19;7;weather_alert;0;;;https://t.me/DtRoad/49008;Доброе утро!  По прогнозу синоптиков, сегодня в городе ожидается сильный дождь с грозой 🌩️  Для поездок по городу рекомендуем использовать метро.  Берегите себя 💚
49021;2025-06-19;14;mass_event;0;;2025-06-21;https://t.me/DtRoad/49021;🎭 До Театрального фестиваля на Северном речном вокзале осталось 2 дня!  Уже в эту субботу, 21 июня, подготовили для вас:   🔹 Театральные постановки и яркие шоу. 🔹 Бесплатные угощения в буфете.  🔹 Тематическую фотозону. 🔹 Иммерсивные шоу. 🔹 Детскую программу с анимацией. 🔹 Литературные чтения и многое другое.  Подробности смотрите здесь.  До встречи на Северном речном вокзале! 💙  👍 Дептранс Москвы
49028;2025-06-19;16;closure|mass_event;0;;2025-06-21|2025-06-22;https://t.me/DtRoad/49028;ЦОДД: в связи с проведением Ночного забега несколько набережных в центре будут закрыты для движения транспорта в ночь с 21 на 22 июня.  Движение перекроют:  🔹 21 июня с 20:00 до 23:59 на улице Тестовская (от 1-го Красногвардейского проезда до Пресненской набережной). 🔹 С 20:00 21 июня до 00:01 22 июня на Пресненской (от улицы Тестовская до Краснопресненской набережной) и Краснопресненской набережных (от Пресненской набережной до Новоарбатского моста). 🔹 С 21:00 21 июня до 00:15 22 июня на Смоленской набережной (от Новоарбатского моста до Бородинского моста). 🔹 С 21:00 21 июня до 00:30 22 июня 
49032;2025-06-19;19;closure;0;;;https://t.me/DtRoad/49032;Мы приступили к важному этапу ремонта Ленинградского вокзала — обновлению крыши.  Совместно с АО «Мосинжпроект» нам предстоит заменить более 1 тыс. кв. м железобетонных плит и перекрытий на высоте более 20 м. Каждая плита весит около 3,5 т. Это как если бы кран поднял грузовой автомобиль на уровень 7-этажного дома.  Для выполнения непростых работ используем 3 крана:   🔹 2 автомобильных. Один будет работать с кровлей над исторической частью вокзала, а второй установит башенный кран. 🔹 Башенный, более мощный. С помощью него обновим кровлю над основными залами.   Работы проведем в несколько этапо
49051;2025-06-20;15;tram_works;1;;;https://t.me/DtRoad/49051;Максим Ликсутов в интервью РБК на ПМЭФ-2025 рассказал о текущей ситуации и планах развития Московского транспорта и промышленности.  Собрали для вас главное:  🔹 На первом этапе проекта развития ЦТУ запустили МЦК и четыре Московских центральных диаметра и интегрировали ж/д с другими видами городского транспорта. Второй этап — повышение связности регионов Центрального транспортного узла.  🔹 На ПМЭФ-2025 Мэр Москвы Сергей Собянин подписал крупнейшее в мире соглашение по поставке для московского метро более 700 новых вагонов. Они пойдут как на существующие, так и на строящиеся линии метрополитена.
49099;2025-06-21;13;mass_event;0;;;https://t.me/DtRoad/49099;Третий звонок прозвучал! Это значит, что на Северном речном вокзале начался Театральный фестиваль. Спектакли, авторские программы, мастер-классы порадуют наших гостей.   Подробнее с мероприятиями можете ознакомиться здесь.
49142;2025-06-22;16;mass_event;0;;;https://t.me/DtRoad/49142;🎭 Уникальные постановки, иммерсивные шоу и литературные чтения. На 1 день Северный речной вокзал стал театром под открытым небом!  Максим Ликсутов сообщил, что Театральный фестиваль посетили 17,5 тыс. человек. На главной сцене зрители увидели захватывающие спектакли от известных московских театров: «Современник», «Театр Олега Табакова», «Ленком Марка Захарова», «Школа Драматического Искусства», «Электротеатр Станиславский», «Московский Театр Кукол», «Московский Детский Театр Теней».  Программа фестиваля была насыщенной и разнообразной:   🔹 Яркие шоу и театральные постановки. 🔹 Стилизованная вх
49167;2025-06-23;18;tram_works;1;;;https://t.me/DtRoad/49167;🚋 Эрик Давидыч снял новый большой фильм о городском транспорте! На этот раз — о Московском трамвае.  Трамвай — любимый транспорт многих москвичей. Каждый день на нем совершается более 750 тыс. поездок.  Вы узнаете, как:  ▫️ создаются современные вагоны — заглянем к «ПК Транспортные системы».  ▫️ беспилотный трамвай «видит» город во время поездки. ▫️ проектируют трамвайную инфраструктуру.  ▫️ ремонтируют, обновляют и строят трамвайные пути.  ▫️ Корпоративный университет Московского транспорта обучает новых специалистов.   Спасибо Эрику и моим коллегам, которые помогли снять этот фильм!
49169;2025-06-24;8;closure|mass_event;0;;2025-06-28;https://t.me/DtRoad/49169;ЦОДД: в связи с проведением концерта 27 и 28 июня будет временно закрыто движение в районе Лужников.  Движение закроют 27 и 28 июня:  🔹 С 08:00 до окончания мероприятия на съезде с улицы Хамовнический Вал на улицу Доватора.  🔹 С 20:00 до окончания концерта на участках улиц: Савельева, Доватора, 10-летия Октября, 3-я Фрунзенская, Ефремова, Трубецкая и в Проектируемом проезде № 2309.  Также на некоторых участках ограничений будет запрещена парковка 27 и 28 июня с 00:01 до окончания концерта.   Будьте внимательны и стройте маршрут заранее с учетом временных ограничений.   Более подробная информац
49176;2025-06-24;12;mass_event;0;;2025-06-21;https://t.me/DtRoad/49176;Как необычно и масштабно прошел Театральный фестиваль, смотрите в ролике ✨  Максим Ликсутов сообщил, что мероприятие посетили 17,5 тыс. человек.   21 июня на Северном речном вокзале вместе с вами вдохновились выступлениями артистов и погрузились в атмосферу театра. Впереди еще много интересного, следите за новостями!  👍 Дептранс Москвы
49177;2025-06-24;13;mass_event;0;;2025-07-13;https://t.me/DtRoad/49177;Атмосфера нулевых в этом году на фестивале «Ретрорейс»! Не хватает только вас 🤩  4-й ежегодный городской фестиваль проведет Музей транспорта Москвы 13 июля на Воробьевых горах.   В этом году центральная тема фестиваля — эпоха 2000-х. Это время автомобильных субкультур, уличного тюнинга, альтернативной музыки и новых городских стилей.   Посетителей ждут:  🔹 тематические зоны по автозвуку, тюнингу и уличной культуре  🔹 выставки ретроавтомобилей и интересные лекции  🔹 музыкальная программа 🔹 необычный фудкорт из прошлого 🔹 специальные мероприятия для детей  «За 3 года существования фестиваль «Рет
49185;2025-06-24;15;tram_works|tram_route_change;1;;;https://t.me/DtRoad/49185;9 мин. — столько вы в среднем ждете трамвай на всех маршрутах столицы. Для сравнения: в 2022 году этот показатель составлял 14 мин.   Такого снижения удалось достичь благодаря комплексу мер, среди которых:   🔹 обособление трамвайных путей 🔹 модернизация инфраструктуры 🔹 закупка нового подвижного состава   Напомним, в Москве продолжается работа по обновлению трамвайных путей. Реконструкция старых участков и строительство новых линий позволяют увеличить скорость движения и избежать заторов. Время ожидания трамвая постоянно снижается.  Кроме того, в ближайшие 2 года планируем поставку еще 100 сам
49189;2025-06-24;17;mass_event;0;;2025-07-03;https://t.me/DtRoad/49189;⭐️ Огни Москвы, неон и вы на старте — конкурс в преддверии ночного велофестиваля!  Вместе с Московским Велофестивалем и Дептрансом Москвы приглашаем вас на самый яркий и красочный ночной велопробег года!  Представьте: ночные улицы, неоновая подсветка, яркие огни и тысячи велосипедистов, объединённых одним движением. Это будет незабываемо!  🔥 И чтобы сделать ваш старт ещё круче, мы разыгрываем 3 премиум-пакета участника на велосипедах Велобайк!  Что в пакете:  🔹 Первые места на старте 🔹 Пакет минут на велопоездки 🔹 Стильный шоппер с мерчем (бутылка для воды, светоотражающий браслет, брелок, кар
49196;2025-06-24;18;mass_event;0;;2025-07-05;https://t.me/DtRoad/49196;Успели соскучиться по велофестивалям? Мы — да!  Уже 5 июля пройдет одно из самых атмосферных и масштабных событий этого лета — Ночной велофестиваль. Скорее регистрируйтесь на сайте!   Несколько важных подробностей о предстоящем празднике:  🔹 Стартовый городок откроют в 20:00. 🔹 Начало заезда разделили на 2 временных интервала: в 21:00 и в 22:00. 🔹 Маршрут длиной 21 км начнем с Лужнецкой набережной и завершим около Парка Сокольники. 🔹 Развлекательная программа будет идти 4 ч. и закончится в 00:00.  Приезжайте на старт ко времени, которое вы выбрали при регистрации, чтобы всем участникам велозае
49197;2025-06-24;19;mass_event;0;;;https://t.me/DtRoad/49197;🎶 В метро вновь звучала музыка!   На станции «Селигерская» выступил AKMAL’ — концерт прошел в честь 90-летия Московского метрополитена.  Событие продолжило серию концертов на станциях метро в районах Москвы, удаленных от центра.  Делимся с вами атмосферой выступления 👆  🎉 Дептранс Москвы
49205;2025-06-25;8;closure|mass_event;0;;2025-06-28|2025-06-29;https://t.me/DtRoad/49205;ЦОДД: в связи с проведением Всероссийского выпускного бала 28 и 29 июня будет временно закрыто движение на улицах в ЦАО.  Движение закроют с 08:00 28 июня до 07:00 29 июня:  🔹 На улице Ильинке от Старой площади до Красной площади. 🔹 В проезде от улицы Ильинки до улицы Варварки в районе дома 5 по Красной площади.   Также будет запрещена парковка 28 июня с 00:01 до окончания мероприятия на участке улицы Ильинки от Новой площади до Красной площади.  28 июня с 15:00 до 19:30 для транспорта будет закрыто движение по 1 крайней правой полосе на участке Моховой улицы от дома 1 до дома 11, стр. 1.   Бу
49242;2025-06-26;9;mass_event;0;;2025-07-05;https://t.me/DtRoad/49242;🌊 Почему Москва — порт пяти морей? Узнайте 4 и 5 июля на грандиозном фестивале «Парк Света» на Северном речном вокзале!  Все парковое пространство, а также набережная и здание речного вокзала станут единой световой инсталляцией. Это будет настоящий тандем света, воды и музыки — такое вы увидите впервые!   В масштабной программе фестиваля гостей ждут:     🔹 Грандиозные световые и мультимедийные вечерние шоу на фасаде вокзала. 🔹 Театрализованные водные представления в акватории канала им. Москвы. 🔹 Световые инсталляции в парковой зоне вокзала. 🔹 Павильон с интерактивными стендами и симуляторами.
49246;2025-06-26;12;mass_event;0;;2025-07-02;https://t.me/DtRoad/49246;✨ Обожаем Ночные велофестивали за их неповторимую атмосферу, которую создают ваши необычные костюмы!  Запускаем традиционный конкурс костюмов к велофестивалю. Тема этого года — «Огни Москвы».  Как участвовать:  🔹 Придумайте костюм для себя и оформление для своего велосипеда по теме фестиваля.    🔹 Сделайте фото и опубликуйте его на своей странице ВКонтакте с хэштегом #Велоперсонаж до 2 июля включительно.      🔹 На время проведения конкурса ваша страница должна быть открыта, чтобы мы смогли увидеть ваши фото.   Авторы 3 самых ярких и оригинальных костюмов получат подарки. Подробнее — в канале «
49247;2025-06-26;13;mass_event;0;;2025-06-28;https://t.me/DtRoad/49247;Кто станет лучшим водителем электробуса в этом году? Узнаем уже в эту субботу!  Максим Ликсутов сообщил, что 28 июня в электробусном парке «Красная Пахра» пройдет конкурс «Московские мастера». Более 20 водителей продемонстрируют свои знания, навыки комфортного вождения и скоростного маневрирования.  Зрители соревнований смогут:  🔹 Познакомиться с электробусами новых моделей — КАМАЗ-52222 и КАМАЗ-6292. 🔹 Посетить развлекательную программу для взрослых и детей. 🔹 Попробовать полевую кухню. 🔹 Узнать, как присоединиться к команде Мосгортранса и стать водителем самого современного электротранспорта
49250;2025-06-26;13;closure|mass_event;0;;2025-06-27|2025-06-28;https://t.me/DtRoad/49250;ЦОДД: в связи с проведением выпускного бала 27 и 28 июня будет временно закрыто движение в районе парка «ВДНХ».  Движение будет закрыто: 🔹 с 12:00 27 июня до 07:00 28 июня в Продольном, 1-м и 2-м Поперечных проездах, а также в проезде с улицы Бориса Галушкина на Продольный проезд.  🔹 с 15:00 27 июня до 07:00 28 июня на участке Останкинского проезда и 1-й Останкинской улицы (при движении в сторону 5-го Останкинского переулка и при движении в сторону проспекта Мира), при левом повороте с улицы Академика Королёва на Останкинский проезд и при левом повороте с дублёра проспекта Мира на Останкинский
49267;2025-06-26;19;mass_event;0;;;https://t.me/DtRoad/49267;🎶 Музыка продолжает играть в метро! На станции «Авиамоторная» прошел концерт группы 5УТРА.  Выступление стало частью праздничной программы, приуроченной к 90-летию Московского метрополитена. Концерт продолжил серию выступлений известных артистов на станциях метро, которые находятся в районах Москвы, отдаленных от центра.  Ребята зажгли! Смотрите сами 👆  🎉 Дептранс Москвы
49315;2025-06-28;10;tram_route_change;1;;;https://t.me/DtRoad/49315;❗️ Сегодня завершилась работа монорельса и началась его реконструкция в первый в России круглогодичный парк на высоте.  Вы можете продолжать комфортные поездки по этому направлению, используя развитую транспортную сеть — новые станции метро и МЦК, а также трамвайные и автобусные маршруты с электробусами.  В карточках делимся остановками регулярных маршрутов наземного транспорта, которые проходят рядом с бывшей трассой 👆  Напомним, за идею создания зеленого парка на месте монорельса на портале «Активный гражданин» проголосовало более 71% жителей столицы. Открыть его планируется в 2027 году.  Мо
49359;2025-06-29;12;mass_event;0;;2025-07-13;https://t.me/DtRoad/49359;Вот сап, Москва!   13 июля 2025 в парке искусств «Музеон» пройдет масштабный костюмированный сап-фестиваль, приуроченный ко Дню Московского транспорта.  Чтобы принять участие в заплыве, необходимы:  🔹 регистрация (будет открыта в ближайшее время) 🔹 наличие спасательного жилета и сапа 🔹 отличное настроение  Если у вас нет своего сап-борда и жилета, пожалуйста, укажите это при онлайн регистрации — мы предоставим вам их бесплатно. Торопитесь, количество ограничено!   Участники без спасательных жилетов к заплыву не допускаются. Для безопасности на мероприятии будут дежурить спасатели и сотрудники 
49380;2025-06-30;13;mass_event;0;;2025-07-13;https://t.me/DtRoad/49380;20 экспонатов Музея транспорта Москвы представят на фестивале «Ретрорейс».  13 июля на Воробьевых горах можно будет увидеть лучшие экспонаты музея: автобусы, легковые и грузовые автомобили, а также спецтехнику. Среди них:  🔹 Автобус ЛАЗ-697М «Турист» 1973 года — единственный отреставрированный в России автобус этой модели. 🔹 Автобус АКЗ-5 — единственный сохранившийся автобус АКЗ послевоенной эпохи. 🔹 Автомобили такси — ГАЗ М-20А «Победа» 1954 года, ГАЗ-21Т «Волга», так называемая «Красная шапочка», и ГАЗ-24-04 «Волга» — универсал 1972 года. 🔹 Грузовые автомобили УралЗИС-355М, ГАЗ-93Б и тягач-э
49399;2025-06-30;16;mass_event;0;;2025-07-05;https://t.me/DtRoad/49399;🤩 Синергию света, воды и музыки можно будет впервые увидеть на грандиозном фестивале «Парк Света» на Северном речном вокзале!  Уже на этой неделе, 4 и 5 июля, вся территория, фасад и набережная речного вокзала превратятся в настоящее произведение искусства!  На фестивале вы сможете бесплатно:  🔹 Насладиться впечатляющими мультимедийными и световыми шоу на фасаде здания вокзала. 🔹 Посмотреть масштабное театрализованное представление в акватории канала им. Москвы. 🔹 Сделать красивые фото и видео у световых инсталляций. 🔹 Посетить увлекательные мастер-классы, симуляторы, игры и лекции. 🔹 Для юных
49426;2025-06-30;19;mass_event;0;;;https://t.me/DtRoad/49426;Певица Mary Gu покорила публику во время концерта на станции метро «Ховрино»!  Выступление артистки стало частью серии праздничных концертов в честь 90-летия Московского метрополитена, которые проходят на станциях в районах Москвы, отдаленных от центра.  Почувствуйте этот драйв и энергию 👆  🎉 Дептранс Москвы
49463;2025-07-02;8;closure|mass_event;0;;2025-07-04|2025-07-05|2025-07-06;https://t.me/DtRoad/49463;ЦОДД: в связи с проведением Московского Ночного велофестиваля 5 июля будет временно закрыто движение для транспорта на нескольких набережных и улицах в центре города.  Движение для транспорта закроют:  🔹 5 июля с 18:30 до окончания мероприятия на участках улицы Лужники и Лужнецкой набережной. 🔹 5 июля с 22:00 до окончания мероприятия на набережных: Лужнецкая, Пречистенская, Кремлевская, Москворецкая, Подгорская, Берниковская, Николоямская, Андроньевская, Золоторожская, Красноказарменная, Головинская, Госпитальная, Семеновская, Преображенская, Ганнушкина, а также на проспекте Ветеранов.  🔹 С 21
49470;2025-07-02;10;tram_works|tram_route_change|new_line;1;7|50;2025-07-10;https://t.me/DtRoad/49470;На Комсомольской площади начинаем присоединять к действующей сети новую трамвайную линию по проспекту Академика Сахарова.   Максим Ликсутов рассказал, что у Площади трех вокзалов впервые в Москве появится трехпутный трамвайный перекресток, благодаря которому маршруты в сторону метро «Проспект Мира» и «Чистые пруды» будут разделены по направлениям. Работы проводятся в рамках строительства нового участка по проспекту Академика Сахарова.   Новая трамвайная линия соединит Площадь трех вокзалов с Чистопрудным бульваром. С запуском новой линии в столице появятся первые диаметральные трамвайные маршр
49476;2025-07-02;16;mass_event;0;;2025-07-05;https://t.me/DtRoad/49476;5 морей — 5 историй! Отправляйтесь вместе с нами в уникальное путешествие на фестиваль «Парк Света» на Северном речном вокзале 🤩  4 и 5 июля парковая зона, фасад и набережная вокзала станут единой световой инсталляцеий. Приоткрываем завесу тайны и показываем, что вас ждет.  Территорию поделят на 5 тематических зон. Каждая из них посвящена морю, с которым столица соединена системой каналов.  На фестивале вы сможете бесплатно посетить зоны:  🔹 Каспийского моря — детское пространство с увлекательными мастер-классами, играми, аквагримом и подарками. 🔹 Белого моря — павильон с интерактивными стенда
49494;2025-07-03;10;mass_event;0;;2025-07-03|2025-07-05;https://t.me/DtRoad/49494;🚲 Велосипеды, ночь и выгодные условия от Велобайк! Встречаемся на Ночном велофестивале.   Максим Ликсутов сообщил, что городской прокат подготовил специальные условия для участников заезда 5 июля — пакет минут «Велофест».  Что входит в предложение:  🔹 Аренда велосипеда на 3 часа за 549 руб., это всего 3 руб./мин.  🔹 Тариф доступен к покупке с 3 июля и до окончания Велофестиваля.  🔹 Пакет действует 7 дней с момента оплаты или до исчерпания 3 ч. В течение этого срока вы можете приобрести тариф повторно.  Количество велосипедов ограничено. Доступные электровелосипеды 2.0 можно посмотреть в прилож
49499;2025-07-03;12;mass_event;0;;2025-07-13;https://t.me/DtRoad/49499;Время пришло! Мы открываем регистрацию на костюмированный фестиваль «Вот сап, Москва!». Он пройдет 13 июля в парке «Музеон».  Чтобы принять участие в заплыве, зарегистрируйтесь на сайте. Там же можно посмотреть подробную программу мероприятия и правила участия. Укажите, если у вас нет сапа, и вам предоставят его бесплатно (количество ограничено).   Организаторы мероприятия — Дептранс Москвы и Шкулев Холдинг. Оно пройдет в рамках Дня Московского транспорта и проекта «Лето в Москве».   📣 В этом году на фестивале впервые выберем «Мистера Сап» и «Мисс Сап». После заплыва на главной сцене подведем 
49505;2025-07-03;13;closure;0;;2025-07-04|2025-07-05|2025-07-06;https://t.me/DtRoad/49505;ЦОДД: в связи с проведением велогонки «Две реки» 5 июля будет временно закрыто движение для транспорта на нескольких набережных и улицах в центре.  Движение для транспорта закроют:  🔹 5 июля с 00:01 до 22:30 на улице Хамовнический Вал при движении в сторону Фрунзенской набережной. 🔹 5 июля с 14:30 до 22:30 на улице Хамовнический Вал в сторону Комсомольского проспекта. 🔹 5 июля с 16:30 до 20:30 на набережных: Фрунзенская, Пречистенская, Кремлевская, Москворецкая, Подгорская, Берниковская, Николоямская, Андроньевская, Золоторожская, Красноказарменная, Головинская, Госпитальная, Семеновская, Прео
49530;2025-07-04;7;closure|mass_event;0;;2025-07-05;https://t.me/DtRoad/49530;Доброе утро!  В связи с коротким рабочим днем вечерний разъезд начнется сегодня раньше — около 16:00. Рекомендуем выезжать до него или отложить поездку на более позднее время.  Напоминаем, что 5 июля в связи с проведением велогонки «Две реки» и Московского Ночного велофестиваля будет временно закрыто движение на ряде набережных в центре. Планируйте маршрут заранее.  Хорошего дня 💚
49536;2025-07-04;11;closure;0;;2025-07-05|2025-07-06;https://t.me/DtRoad/49536;ЦОДД: 5 и 6 июля временно закроют ряд улиц в ЗАО и СЗАО для движения транспорта в связи с проведением мероприятия «ЛИГА ТРИАТЛОНА & IRONSTAR МОСКВА КРЫЛАТСКОЕ 2025».   Движение будет закрыто:  🔹 5 июля с 07:00 до 13:00 в сторону Рублевского шоссе на участке Северо-Западной хорды, на улицах Нижние Мневники, Народного Ополчения и на съезде с улицы Островная на Северо-Западную хорду.  🔹 5 июля с 07:00 до 17:00 и 6 июля с 07:30 до 17:00 на участке улицы Крылатская и в местном проезде от д. 2А на Крылатской улице до въезда на территорию Гребного канала.  С 00:01 5 июля до окончания мероприятия буде
49537;2025-07-04;12;mass_event;0;;2025-07-05;https://t.me/DtRoad/49537;✨ Вы ждали? Мы тоже! Уникальный фестиваль «Парк Света» на Северном речном вокзале начинается уже сегодня!  Два дня, 4 и 5 июля, проведем для вас масштабную программу:  🔹 Вечерние проекции на фасаде здания вокзала. 🔹 Театрализованные шоу на набережной и в акватории канала им. Москвы. 🔹 Бесплатные мастер-классы, лекции и игры для детей и взрослых в тематических зонах. 🔹 Подарки для самых активных юных гостей.   «На Северном речном вокзале впервые проведем фестиваль «Парк Света» — уникальное мероприятие, аналогов которому ранее не было. Два дня гостей буду ждать мультимедийные шоу, а также насыще
49547;2025-07-04;15;mass_event;0;;2025-07-08;https://t.me/DtRoad/49547;🚲 Уже завтра состоится Московский ночной велофестиваль! В честь этого вместе с Департаментом транспорта дарим 20 тематических карт «Тройка».   Что нужно сделать?  ✍️ Подписаться на телеграм-каналы «Город Москва» и «Дептранс Москвы». ✍️ Поставить любую реакцию этому посту. ✍️ Нажать на кнопку «Участвую».  По одной «Тройке» получат 20 счастливчиков. 8 июля бот определит победителей случайным образом. Удачи!  ❗️ Важно: ваш аккаунт должен быть открытым.
49556;2025-07-04;18;mass_event;0;;2025-07-05;https://t.me/DtRoad/49556;Неон, фонари, блеск и ослепительные улыбки 🔥  Спасибо вам за креативные костюмы к Ночному велофестивалю! Подводим итоги конкурса и напоминаем тему фестиваля — «Огни Москвы».  Всего в конкурсе приняли участие 28 человек. Объявляем победителей:  🥇 Виктория Егорова 🥈 Лаша Меликидзе 🥉 Александра Давыдова  Подробности — в канале «Московского велофестиваля».  «Уже в эту субботу пройдет первый в этом году Ночной велофестиваль. По традиции мы провели тематический конкурс костюмов, наградим победителей на сцене старта фестиваля. Приглашаем всех велосипедистов присоединиться к мероприятию», — напомнил М
49559;2025-07-04;19;mass_event;0;;2025-07-05;https://t.me/DtRoad/49559;Зачем довольствоваться малым, если роскошь доступна каждому?   Приходите на фестиваль «Парк Света» на Северном речном вокзале 4 и 5 июля ✨  👍 Дептранс Москвы
49568;2025-07-04;22;mass_event;0;;;https://t.me/DtRoad/49568;На Северном речном вокзале сегодня невероятно красиво ✨  Вечернее шоу на фестивале «Парк Света» только начинается! Приходите сегодня, а также не пропустите завтрашние мероприятия фестиваля — программа тут.   Весь день здесь творится настоящая магия 👇
49576;2025-07-05;12;mass_event;0;;2025-07-05;https://t.me/DtRoad/49576;⚓️ Не знаете, как провести субботний выходной? Приходите на фестиваль «Парк Света» на Северном речном вокзале!  Сегодня, 5 июля, с 13:00 до 00:00 — последний день, когда вы сможете увидеть уникальное проекционное и театрализованное шоу на фасаде здания, набережной и в акватории канала им. Москвы.   Подробнее о программе рассказывали здесь.  Не упустите возможность стать гостем уникального фестиваля! Ждем вас на Северном речном вокзале 💙  👍 Дептранс Москвы
49587;2025-07-05;14;mass_event;1;;2025-07-12;https://t.me/DtRoad/49587;Парад ретротрамваев и автомобилей впервые пройдет на улице Сергия Радонежского!   12 июля столица отметит День Московского транспорта грандиозным праздником! По улице Сергия Радонежского проедет колонна из 16 исторических трамваев разных поколений. Возглавит парад конка, запряженная четверкой лошадей.  Что вас ждет:    🔹 Парад и выставка ретротехники — трамваи и автомобили разных эпох.  🔹 Ретроралли «Столица RODIS Классик Тур» — церемонии старта и финиша.  🔹 Выступления артистов проекта «Музыка в метро» и Академического хора Московского метрополитена. Специальный гость — DJ Smash!  🔹 Бесплатны
49591;2025-07-05;16;mass_event;0;;2025-02-23|2025-03-08|2025-05-09;https://t.me/DtRoad/49591;Вы тоже не заметили, как пролетели полгода? Все потому, что они были по-настоящему насыщенными!  Максим Ликсутов сообщил, что с января по июнь 2025 года Северный и Южный речные вокзалы посетили более 1,1 млн человек.  Вспоминаем самые яркие события этих 6 месяцев:   🔹 В зимний период отмечали новогодние праздники, катались на коньках и поздравляли защитников с 23 февраля. 🔹 Весной открыли сезоны свадеб и речной пассажирской навигации, а также отпраздновали значимые праздники: Масленица, 8 марта, День космонавтики и 9 мая.   Начало лета радовало насыщенной праздничной программой:   🔹 Международ
49616;2025-07-05;21;mass_event;0;;;https://t.me/DtRoad/49616;Теплый вечер, ветер в волосах и много-много огоньков!  Так стартовал наш Ночной велофестиваль, ловите атмосферу через видео 👇
49636;2025-07-06;14;mass_event;0;;;https://t.me/DtRoad/49636;✨ А у реки, а у реки... Видны велосипедов ярких огоньки!   Прошел наш самый любимый велофестиваль — Ночной. Впервые Ночной велозаезд собрал рекордное количество участников — более 45 тыс. велосипедистов присоединились к нам и наполнили праздник эмоциями, светом и энергией.  Вы сделали этот фестиваль неповторимым! Как это было:  🔹 Светящаяся всеми цветами колонна велосипедистов проехала по летнему вечернему мегаполису.  🔹 Самый длинный маршрут за всю историю Ночных велозаездов — 21 км. 🔹 Уникальный путь от Лужников до парка «Сокольники» по центральным улицам и набережным Москвы-реки и Яузы, вкл
49651;2025-07-06;16;mass_event;0;;2025-07-05;https://t.me/DtRoad/49651;Фестиваль, который мы точно запомним! Смотрите, как это было 👆  Подводим итоги грандиозного фестиваля «Парк Света» — 4 и 5 июля все пространство Северного речного вокзала с парком и набережной стало единой световой инсталляцией. Это было восхитительно!  Максим Ликсутов сообщил, что фестиваль посетили около 160 тыс. человек.   Программа была насыщенной и разнообразной. Вместе с вами мы:   🔹 Увидели зрелищное финальное шоу и выступление Родиона Газманова.  🔹 Восхитились масштабными световыми проекциями на фасаде здания вокзала и театрализованными шоу на набережной и в акватории канала им. Москвы
49676;2025-07-07;11;mass_event;0;;2025-07-13;https://t.me/DtRoad/49676;Идете на фестиваль «Ретрорейс» 13 июля? Музей транспорта Москвы подготовил развлечения для всей семьи!  Делимся подробностями:  🔹 2-й этап Кубка Москвы по историческому ралли стартует в 10:30.  🔹 Лекции о разновидностях тюнинга автомобилей, а также взаимосвязи индустрии моды и автоспорта пройдут на площадке фестиваля.  🔹 Для детей подготовили игротеку «Билет на метро», интерактивные лекции и мастер-классы. 🔹 На главной сцене фестиваля состоится вечерний концерт электронной музыки начала 2000-х. С 19:30 на фестивале выступят Boris Redwall и BIICLA.  «13 июля на Воробьевых горах пройдет 4-й фест
49684;2025-07-07;13;tram_route_change;1;;2025-07-14;https://t.me/DtRoad/49684;Ретротрамвай отправляется в путешествие по историческим маршрутам Москвы.  14 июля москвичи и гости столицы смогут совершить уникальную познавательную поездку на трамвае «Татра Т2» в рамках проекта «Экскурсии в метро».  Вагон «Татра Т2» выпустили в 1960 году. Он работал на маршрутах до 1980 года, а затем его восстановили к 100-летию московского трамвая в 1999 году.  Записаться на экскурсию можно на сайте проекта «Экскурсии в метро». Количество мест ограничено.  «Столичный трамвай — один из самых современных и эффективных видов наземного транспорта, который мы развиваем по поручению Мэра Москвы
49698;2025-07-07;17;mass_event;0;;2025-01-01;https://t.me/DtRoad/49698;Продолжаем открывать архитектурные и художественные сокровища станций метро в нашей регулярной рубрике.  «Таганская» Кольцевой линии начала работу 1 января 1950 года. Станция по праву входит в реестр объектов культурного наследия регионального значения.  Какие элементы обладают исторической ценностью:  🔹 32 майоликовых панно 🔹 пол из красного и серого гранита 🔹 лепная розетка в вестибюле станции 🔹 люстры работы А. И. Дамского  Обратите внимание, что спускаться на станцию нужно через промежуточный зал. Это круглое помещение под сферическим куполом, в вершине которого находится панно «Салют Побе
49713;2025-07-08;13;mass_event;0;;2025-08-10;https://t.me/DtRoad/49713;Музей транспорта Москвы стал стратегическим партнером фестиваля «Открытый город», который проводит Москомархитектура.   Тема этого года — архитектура мобильности, поэтому много внимания уделили транспортной инфраструктуре.  На фестивале Музей транспорта Москвы проведет воркшоп «Три вокзала»:  🔹 Обсудим концепцию развития территории вокруг 3 исторических вокзалов Москвы: Казанского, Ленинградского и Ярославского. 🔹 Проведем лекции и экскурсии о культурно-социальном ландшафте Басманного района. 🔹 Представим лучшие студенческие проекты на выставке в Музее архитектуры им. А. В. Щусева. Также они в
49724;2025-07-08;18;mass_event;0;;;https://t.me/DtRoad/49724;Продюсер, композитор, музыкант, фронтмен.  В рамках проекта «Музыка в метро» на станции «Курская» прошел концерт Антона Беляева — лидера группы Therr Maitz и проекта LAB. Пассажиры услышали популярные композиции в живом исполнении, среди них «Калейдоскоп», «Future is bright» и «Help Us».  Перенесем вас на концерт одним видео! 👆  🎉 Дептранс Москвы
49732;2025-07-09;8;mass_event;0;;2025-07-09|2025-07-10|2025-07-11|2025-07-12|2025-07-13;https://t.me/DtRoad/49732;👀 Проверим, насколько вы внимательны? Посчитайте количество машин в нашем конкурсе. Самые зоркие участники получат призы!  С 9 по 13 июля в преддверии фестиваля «Ретрорейс» приложение «Московский транспорт» и Музей транспорта Москвы проводят конкурс. Чтобы принять участие:  1️⃣ Скачайте приложение «Московский транспорт». 2️⃣ Откройте раздел «Интересное». Найдите картинку конкурса и нажмите на нее. 3️⃣ Нажмите на кнопку «Участвовать» и перейдите по ссылке. 4️⃣ Подсчитайте все машины на картинке. Учитывайте и автобусы, и легковые автомобили. 5️⃣ Введите число найденных машин и отправьте результа
49753;2025-07-09;16;mass_event;0;;2025-07-05;https://t.me/DtRoad/49753;Ночной мегаполис, разгар лета и свет велосипедных фонарей — так прошел наш 1-й Ночной велофестиваль в этом году ✨  Вместе с вами проехали по 16 набережным 2 главных рек Москвы и преодолели путь в 21 км. Рекордные 45 тыс. человек присоединились к нашему празднику 5 июля.  Мероприятие прошло в рамках празднования Дня Московского транспорта и 90-летия Московского метрополитена.  Это было невероятно! Передали все краски вечера в видео 👆  👍 Дептранс Москвы
49767;2025-07-10;8;closure|mass_event;0;;2025-07-11|2025-07-12|2025-07-13|2025-07-14;https://t.me/DtRoad/49767;🚀 ЦОДД: в связи с проведением фестиваля «Ретрорейс» с 12 по 14 июля будет временно закрыто движение для транспорта в районе Раменки.  Движение перекроют с 00:01 12 июля до 10:00 14 июля:  🔹 На Университетской площади от пересечения с улицей Косыгина до пересечения с Университетским проспектом.  Также будет временно запрещена парковка с 00:01 11 июля до окончания мероприятия:  🔹 Вдоль парковочного кармана на Университетской площади в районе пересечения с улицей Косыгина. 🔹 На Университетской площади от улицы Косыгина до Университетского проспекта.   Будьте внимательны и стройте маршрут заранее 
49796;2025-07-10;17;mass_event;1;;2025-07-12;https://t.me/DtRoad/49796;В преддверии Дня Московского транспорта прошла генеральная репетиция Парада исторического транспорта.   Максим Ликсутов отметил, что в репетиции приняли участие 16 ретротрамваев. Они проехали от Волочаевской улицы до улицы Сергия Радонежского.   Участники отработали равномерное движение вагонов в составе колонны и расстановку на улице Сергия Радонежского во время мероприятия.   «Парад исторической техники, приуроченный ко Дню Московского транспорта, состоится 12 июля. С 12:00 до 18:00 на улице Сергея Радонежского гостей ждут развлекательные мероприятия, живая музыка и бесплатные угощения», — д
49802;2025-07-10;18;mass_event;0;;2025-08-02;https://t.me/DtRoad/49802;Стоп! Снято 📷   Запечатлели самые яркие моменты прошедшего Ночного велофестиваля. Скорее переходите по ссылке и ищите себя!  Праздник к 90-летию Московского метрополитена и Дню Московского транспорта получился атмосферным и ярким. Вы озарили светом всю вечернюю столицу и наполнили теплом этот прекрасный летний день ❤️  Максим Ликсутов напомнил, что следующий Ночной велозаезд состоится 2 августа.  👍 Дептранс Москвы
49812;2025-07-10;19;mass_event;0;;;https://t.me/DtRoad/49812;🎶 Незабываемые концерты в метро завершились!   Как рассказал Максим Ликсутов, в честь 90-летия Московского метрополитена прошла серия из 11 живых концертов на станциях метро. Они собрали тысячи зрителей.   Популярные артисты выступали в разных районах города — каждый концерт становился неожиданным подарком для пассажиров.  Спасибо всем, кто пел, улыбался, снимал видео и просто был рядом. Прочувствуйте атмосферу этих дней — собрали лучшие моменты в итоговом ролике 👆  🎉 Дептранс Москвы
49815;2025-07-11;10;mass_event;0;;2025-08-01|2025-08-02|2025-08-03|2025-08-04|2025-08-05|2025-08-06|2025-08-07|2025-08-08|2025-08-09|2025-08-10|2025-08-11|2025-08-12|2025-08-13|2025-08-14|2025-08-15|2025-08-16|2025-08-17|2025-08-18|2025-08-19|2025-08-20|2025-08-21|2025-08-22|2025-08-23|2025-08-24|2025-08-25|2025-08-26|2025-08-27|2025-08-28|2025-08-29|2025-08-30|2025-08-31;https://t.me/DtRoad/49815;👍 Событие, которое нельзя пропустить! С 1 по 31 августа пройдет большая интерактивная выставка для всей семьи «Та самая Москва».  Экспозиция наглядно продемонстрирует достижения города в области транспорта, градостроительства и промышленности.  Выставка традиционно пройдет в «Манеже». Это одна из флагманских площадок масштабного форума-фестиваля «Территория будущего. Москва-2030».  В этом году масштабная экспозиция выйдет за пределы Манежа: впервые на улице для посетителей будут доступны 8 симуляторов городского транспорта и строительной техники.   Также гостей ждут:  🔹 Более 10 тематических п
49824;2025-07-11;14;mass_event;1;;;https://t.me/DtRoad/49824;🎉 Готовы к празднику? Мы — да!  Как рассказал Максим Ликсутов, в честь Дня Московского транспорта мы подготовили более 100 праздничных мероприятий. Среди них:   🔹 Парад исторических трамваев и ретроавтомобилей, а также фестиваль «Ретрорейс».   🔹 Костюмированный сап-фестиваль в парке «Музеон».  🔹 Спортивные и развлекательные мероприятия на Северном и Южном речных вокзалах.  🔹 Фотовыставка о Московском транспорте на станции метро «Деловой центр» 🔹 Аудиопоздравленния от популярных артистов. 🔹 Танцевальные мастер-классы на Северном и Южном речных вокзалах. Предварительная регистрация по ссылке.   
49846;2025-07-11;19;mass_event;0;;;https://t.me/DtRoad/49846;Максим Ликсутов вручил 6 талантливым выпускникам РЭУ им. Плеханова приглашения на работу в Московский транспорт. Это отличная возможность для старта карьеры в лучшей команде!  Сертификаты получили Екатерина Голюк, Мария Егорова, Алексей Больдясов, Мария Митрофанова, Иван Удалов и Виктория Филиппова.   Приглашать на работу в Транспортный комплекс столицы выпускников Плехановки уже стало нашей доброй традицией. С каждым годом число желающих присоединиться к нам только растет. Молодые специалисты показывают увлеченность профессией и готовность осваивать новые знания и навыки.   Мы также ждем всех
49851;2025-07-12;10;mass_event;1;;;https://t.me/DtRoad/49851;Украшаем наш транспорт к празднику 🥳  Максим Ликсутов сообщил, что в День Московского транспорта на маршрут №4 вышел трамвай «Витязь-Москва» в тематической оклейке. Он идет от метро «Бульвар Рокоссовского» до Курского вокзала. Вместе с ним празднично украсили 45 автобусов.  «В соответствии с задачей Мэра Москвы Сергея Собянина мы продолжаем развивать наземный транспорт столицы. Сегодня он по праву считается одним из самых комфортных, надежных и безопасных в мире. В честь Дня Московского транспорта украшаем не только технику — праздничные плакаты разместили также на 30 остановочных павильонах. 
49857;2025-07-12;10;mass_event;0;;;https://t.me/DtRoad/49857;Сегодня в 15:15 на канале «Москва 24» выйдет новая серия проекта «Хроники Московского метро. 90 лет». Посвятили ее сервису в метро.    В выпуске:  🔹 Буфеты 1930-х годов: какими они были?   🔹 Первые автоматы с конфетами — прообраз современного вендинга.   🔹 Видеофон 1960-х годов — первый «видеозвонок» в метро.    🔹 Культурная жизнь метро: от концертов до модных показов.    Повторы пройдут в воскресенье в 12:15 и 22:15 на 🆗.   Все выпуски доступны во ВКонтакте.  🎉 Дептранс Москвы
49871;2025-07-12;13;mass_event;0;;2025-07-13;https://t.me/DtRoad/49871;Сегодня рассматриваем самые редкие экспонаты городского транспорта из коллекции Музея транспорта Москвы 👆  Показываем в карточках ко Дню Московского транспорта:  🔹 Единственный в мире метровагон типа «В». 🔹 Макет неходового Daimler Omnibus 1905 года — одного из первых московских автобусов. 🔹 Единственный сохранившийся автобус АКЗ-5 послевоенной эпохи.  В новом материале рассказываем подробнее о самых редких экспонатах из коллекции городского транспорта музея.  «В Музее транспорта Москвы собрано крупнейшее собрание исторической городской техники. В его коллекции — более 250 экспонатов, с помощь
49883;2025-07-12;15;mass_event;0;;;https://t.me/DtRoad/49883;✨ «Лебединое озеро», «Спящая красавица» и «Дон Кихот» — рассказываем, как прошла волшебная «Ночь в метро».  Максим Ликсутов отметил, что на станции «Деловой центр» прошел большой гала-концерт в честь Дня Московского транспорта.  Гостями стали также победители розыгрыша билетов в нашем сообществе «ВКонтакте». Они увидели яркие номера балетной классики:  🔹 «Лебединое озеро» 🔹 «Дон Кихот» 🔹 «Спящая красавица» 🔹 «Ромео и Джульетта»  Выступали звезды российского балета: Надежда Батоева, Константин Зверев, Анастасия Сташкевич, Вячеслав Лопатин, Кристина Кретова, Игорь Цвирко, Артур Мкртчян, Дарья Ка
49897;2025-07-12;19;mass_event;1;;;https://t.me/DtRoad/49897;🚊 Мы впервые провели Парад и выставку исторического транспорта на улице Сергия Радонежского!   Напомним, что трамвайную линию на этой улице открыл Мэр Москвы Сергей Собянин в сентябре прошлого года.  Максим Ликсутов отметил, что в параде и выставке ретротранспорта участвовали более 150 единиц исторической техники: 16 трамваев разных поколений, около 80 экипажей ралли и порядка 75 автомобилей, включая автобус Икарус-280.   Как это было:  🔹 Более 140 тыс. зрителей посетили парад и выставку.  🔹 Представили не только трамваи разных эпох, но и экспонаты из Музея транспорта Москвы и Музея Гаража осо
49909;2025-07-13;9;mass_event;0;;2025-07-05;https://t.me/DtRoad/49909;✨ Свет, музыка, вода! Все это было на нашем уникальном фестивале «Парк Света» на Северном речном вокзале.  4 и 5 июля парковая зона, фасад вокзала и набережная возле него стали единой световой инсталляцией. Это было настоящее произведение искусства! Смотрите сами 👆  Максим Ликсутов сообщил, что мероприятие посетили рекордное количество человек — 160 тыс. Это был один из самых масштабных фестивалей, которые мы проводили.  Спасибо, что были с нами в этот день! Ждем вас на новых мероприятиях на Северном речном вокзале 💙  👍 Дептранс Москвы
49910;2025-07-13;10;tram_route_change|new_line;1;7|50;;https://t.me/DtRoad/49910;Новый трамвайный перекресток появится у Площади трех вокзалов: на пересечении улиц Каланчевской и Маши Порываевой.   Перекресток станет частью строящейся трамвайной линии по проспекту Академика Сахарова. Чтобы как можно скорее обустроить новый участок путей, мы временно:  🔹 Ограничили движение трамваев между метро «Красносельская» и Белорусским вокзалом, а также в районе РУТ (МИИТ) и метро «Новослободская».  🔹 Изменили маршруты трамваев 7, 9, 13, 37, 50.  🔹 Запустили компенсационные автобусы вместо трамваев.   Подробнее об изменениях здесь.   На трамвайных остановках и пересадочных станциях ме
49916;2025-07-13;10;mass_event;0;;;https://t.me/DtRoad/49916;В парке искусств «Музеон» стартовал сап-фестиваль «Вот сап, Москва».   Яркие костюмы, улыбки, свежий воздух и ветер в волосах! Делимся в видео атмосферой праздника.
49927;2025-07-13;14;mass_event;0;;;https://t.me/DtRoad/49927;🌊 Море фантазии на Москве-реке: рассказываем, как прошел костюмированный заплыв на фестивале «Вот сап, Москва!»  Сап-заплыв в честь Дня Московского транспорта собрал в парке «Музеон» около 3 тыс. участников. На воде были Нептун и Дельфин, Мухомор и Лягушка, принцессы, ангелы, пчелы, тигры и многие другие. Спасибо всем участникам за креатив!    Для гостей подготовили:  🔹 конкурсы на лучший костюм и оформление доски 🔹 диджей-сет и подвижные игры 🔹 анимацию и развлечения для детей 🔹 яркие фотозоны и мастер-классы  А еще впервые на фестивале выбрали «Мистера Сап» и «Мисс Сап»: победители получили 
49934;2025-07-13;15;mass_event;0;;;https://t.me/DtRoad/49934;Продолжаем праздновать День Московского транспорта!   До 22:00 все еще можно присоединиться к фестивалю «Ретрорейс» Музея транспорта Москвы.  Вас ждут:  🔹 20 экспонатов из коллекции Музея транспорта Москвы 🔹 более 200 машин приглашенных автоклубов 🔹 масштабная просветительская программа 🔹 мастер-классы и развлечения для детей 🔹 второй этап Кубка Москвы по историческому ралли  Фестиваль «Ретрорейс» бесплатный, нужно только зарегистрироваться по ссылке или на месте!  👍 Дептранс Москвы
49960;2025-07-14;12;mass_event;0;;2025-07-19;https://t.me/DtRoad/49960;🏆 Олимпийский дух возвращается в Москву! 19 июля Садовое кольцо превратится в арену спорта, энергии и вдохновения.   Ждем всех на первом ежегодном фестивале спорта «Олимпийская Москва». Он пройдет при поддержке Олимпийского комитета России.  Делимся подробностями:  🔹 Вас ждут 12 уникальных тематических спортивных площадок на протяжении всего Садового кольца.  🔹 В 12:00 на Зубовской площади начнем яркое шествие по маршруту. 🔹 В 16:00 завершим шествие торжественным запуском Олимпийского мишки и выступлением артиста.  🔹 Площадки фестиваля будут работать с 11:00 до 16:30.   Скоро опубликуем подроб
49966;2025-07-14;15;mass_event;0;;;https://t.me/DtRoad/49966;😎 Время тюнингованных авто, гламура и субкультур — в атмосферу 2000-х окунулись участники 4-го фестиваля «Ретрорейс».   Мероприятие провел Музей транспорта Москвы на Воробьевых горах. Как это было:  🔹 Представили на выставке различные автомобили: от автобусов 1940-х годов до современных тюнингованных авто. 🔹 Провели 2-й этап Кубка Москвы по историческому ралли, в котором приняли участие 100 ретроавтомобилей. 🔹 Организовали 11 экскурсий на ретроавтобусах, к которым присоединились более 400 человек. 🔹 Подготовили образовательные и детские программы, в которых приняли участие более 2 тыс. человек
49982;2025-07-15;8;mass_event;0;;;https://t.me/DtRoad/49982;🚃 Более 140 тыс. человек наблюдали за Парадом исторического транспорта вместе с нами!  Предлагаем еще раз окунуться в атмосферу праздника, посвященного Дню Московского транспорта, в нашем видео.  👍 Дептранс Москвы
49989;2025-07-15;11;mass_event;0;;;https://t.me/DtRoad/49989;🤩 «Вот сап, Москва!» — это было ярко!  Как рассказал Максим Ликсутов, фестиваль в парке искусств «Музеон» посетили около 35 тыс. человек. А участниками костюмированного сап-заплыва на Москве-реке стали 3 тыс. человек.  Нептуны, Лягушки, Тигры, Принцессы, Хоттабыч, Русалка, Банан и многие другие — вы проявили проявили безграничную фантазию!  Гостей также ждала фестивальная программа: конкурсы, игры, мастер-классы, фотозоны и большой концерт с участием группы PIZZA, певицы MONA и народного артиста России Игоря Николаева.  Смотрите, как это было! 👆  Организаторы мероприятия — Дептранс Москвы и Шк
49996;2025-07-15;13;weather_alert;0;;;https://t.me/DtRoad/49996;"🚀 ЦОДД: В некоторых районах Москвы идет сильный дождь — дорожная обстановка стабильная и оценивается в 5 баллов  🟡 интенсивное движение сейчас в оба направления на: – Дмитровском шоссе в районе дома 64к1; – Проспекте Мира в районе дома 73; – Варшавском шоссе в районе дома, 37.  Во второй половине дня ожидаем локальные затруднения движения на внешней стороне ТТК от Рижской до Савеловской эстакады, в районе Лужнецкой эстакады, а также в районе Тульской эстакады в оба направления.   На движение влияют:   🔹 погодные условия  🔹 низкие скорости  🔹 ремонтные работы 🔹 мелкие ДТП.  За ситуацией на доро"
50000;2025-07-15;15;mass_event;0;;;https://t.me/DtRoad/50000;Парад, фестиваль, сап-заплыв: рассказываем, как прошел День Московского транспорта 🎉  Максим Ликсутов отметил, что более 250 тыс. человек посетили праздничные мероприятия.   В этом году прошли:   🔹 Парад исторического транспорта. 🔹 Фестиваль «Ретрорейс». 🔹 Костюмированный сап-фестиваль в парке искусств «Музеон». 🔹 Спортивные и развлекательные мероприятия на Северном и Южном речных вокзалах.      Испытайте эти эмоции снова — скорее смотрите ролик 👆  «День Московского транспорта, который учредил Мэр Москвы Сергей Собянин, стал уже не просто профессиональным праздником, а настоящим событием для с
50009;2025-07-15;17;mass_event;0;;2025-07-13|2025-08-10;https://t.me/DtRoad/50009;🔥 Это было мощно! 100 экипажей на ретроавтомобилях приняли участие во 2-м этапе Кубка Москвы по историческому ралли.   Он прошел в рамках ежегодного фестиваля Музея транспорта Москвы «Ретрорейс». Экипажи на ретроавтомобилях стартовали и финишировали на Воробьевых горах.   Победители в общем зачете:  🥇 Роман Саухин и Борис Костырко 🥈 Павел Абсалямов и Светлана Мозговая 🥉 Юлия Веряскина и Дмитрий Хрипливый  Заключительный этап Кубка проведет 10 августа Музей Гаража особого назначения ФСО России.   «13 июля Музей транспорта Москвы провел 2-й этап Кубка Москвы по историческому ралли в рамках город
50011;2025-07-15;18;mass_event;0;;2025-08-01|2025-08-02|2025-08-03|2025-08-04|2025-08-05|2025-08-06|2025-08-07|2025-08-08|2025-08-09|2025-08-10|2025-08-11|2025-08-12|2025-08-13|2025-08-14|2025-08-15|2025-08-16|2025-08-17|2025-08-18|2025-08-19|2025-08-20|2025-08-21|2025-08-22|2025-08-23|2025-08-24|2025-08-25|2025-08-26|2025-08-27|2025-08-28|2025-08-29|2025-08-30|2025-08-31;https://t.me/DtRoad/50011;👍 Готовы узнать больше о выставке «Та самая Москва»? Поехали!   В этом году впервые на площади 11 тыс. кв. м мы объединим достижения города сразу в 3 сферах — транспорте, градостроительстве и промышленности.  Мы покажем:  🔹 самое красивое и быстрорастущее в мире метро 🔹 самые высокие темпы строительства инфраструктуры 🔹 самую масштабную программу реновации 🔹 самые современные и передовые технологии промышленности и многое другое  Сегодня Москва — лидер по многим показателям городской инфраструктуры и один из самых современных и комфортных для жизни городов в мире.   Выставка продемонстрирует, 
50019;2025-07-16;8;closure|mass_event;0;;2025-07-17|2025-07-18|2025-07-19|2025-07-20;https://t.me/DtRoad/50019;ЦОДД: в связи с проведением фестиваля «Олимпийская Москва» 19 июля будет временно закрыто движение для транспорта на нескольких улицах в центре.  Движение перекроют:  🔹 19 июля с 00:01 до 17:00 на Зубовской улице (от Дашкова переулка до Большой Пироговской улицы), на Большой Пироговской улице (от улицы Еланского до Зубовской улицы) и Баррикадной улице (от дома 2/1, стр. 1 по Баррикадной улице до Садового кольца). 🔹 19 июля с 10:00 до 17:00 на Садовом кольце, Зубовской улице (от Дашкова переулка до Садового кольца).   Также будет запрещена парковка 17 июля с 00:01 до окончания мероприятия:  🔹 н
50026;2025-07-16;12;mass_event;1;;2025-08-01|2025-08-02|2025-08-03|2025-08-04|2025-08-05|2025-08-06|2025-08-07|2025-08-08|2025-08-09|2025-08-10|2025-08-11|2025-08-12|2025-08-13|2025-08-14|2025-08-15|2025-08-16|2025-08-17|2025-08-18|2025-08-19|2025-08-20|2025-08-21|2025-08-22|2025-08-23|2025-08-24|2025-08-25|2025-08-26|2025-08-27|2025-08-28|2025-08-29|2025-08-30|2025-08-31;https://t.me/DtRoad/50026;👍 А знаете, кто одновременно может управлять поездом, электробусом, экскаватором и башенным краном? Вы!   И все это — на самой фантастической выставке этого лета «Та самая Москва», где мы собрали ключевые достижения города в области транспорта, градостроительства и промышленности. Она пройдет с 1 по 31 августа в рамках форума-фестиваля «Территория будущего. Москва 2030».  Впервые на уличной экспозиции мы разместим 8 реалистичных симуляторов:  🔹 Нескольких видов транспорта — метро, трамвая, электробуса и пригородного поезда. 🔹 Строительной техники — экскаватора, бульдозера, башенного крана и по
50027;2025-07-16;13;mass_event;0;;;https://t.me/DtRoad/50027;🏆 Эстафета олимпийского огня, арка из 5 колец и запуск мишки — это и не только подготовили для вас в эту субботу на Садовом кольце!  Максим Ликсутов сообщил, что в столице пройдет 1-й масштабный спортивный фестиваль «Олимпийская Москва».   Мероприятие организовано Департаментом транспорта Москвы при поддержке Олимпийского комитета России.  Программа будет насыщенной:  🔹 В 11:00 — начало работы всех площадок и общая зарядка перед главной сценой с участием именитых спортсменов. 🔹 В 12:00 — старт движения колонны олимпийских чемпионов по Садовому кольцу, присоединиться может любой желающий. 🔹 Вес
50054;2025-07-17;11;mass_event;0;;;https://t.me/DtRoad/50054;🤩 Более 11 тыс. билетов за сутки!  Новый рекорд по числу купленных билетов на прогулки по Москве-реке установили жители и гости столицы. Показатель последней субботы июня превысил прежний почти в 2,5 раза.  Для речной прогулки чаще всего выбирают маршруты «Северный», «Центральный» и «Исторический».   На сайте «Суда сюда!» можно выбрать теплоход с:  🔹 рестораном на борту 🔹 живым экскурсоводом 🔹 дискотекой или салютом во время прогулки   «Популярность прогулок по Москве-реке продолжает расти. Все больше жителей и гостей столицы покупают билеты онлайн. В этом сезоне установили уже 2 рекорда: поби
50084;2025-07-18;9;mass_event;0;;2025-08-01|2025-08-02|2025-08-03|2025-08-04|2025-08-05|2025-08-06|2025-08-07|2025-08-08|2025-08-09|2025-08-10|2025-08-11|2025-08-12|2025-08-13|2025-08-14|2025-08-15|2025-08-16|2025-08-17|2025-08-18|2025-08-19|2025-08-20|2025-08-21|2025-08-22|2025-08-23|2025-08-24|2025-08-25|2025-08-26|2025-08-27|2025-08-28|2025-08-29|2025-08-30|2025-08-31;https://t.me/DtRoad/50084;👍 Все лучшее — детям!   Впервые весь цокольный этаж выставки «Та самая Москва» посвятим юным гостям.  В семейном досуговом центре площадью 1,5 тыс. кв. м подготовили много интересного. Весь август маленьких посетителей ждут развлечения с подарками. В программе:  🔹 Игры на изучение правил дорожного движения. 🔹 Мастер-классы, где можно будет разработать схему электродвигателя или попробовать себя в роли автомеханика. Также дети смогут расписать каски, бутылки, термостаканы и даже создать свой дизайн подставки под смартфон. 🔹 Научные эксперименты и множество сюрпризов.  Для детей постарше на улиц
50093;2025-07-18;11;closure;0;;2025-07-19;https://t.me/DtRoad/50093;ЦОДД: Напоминаем, что завтра будет временно закрыто Садовое кольцо — выбирайте метро для поездок в центр города.  Движение будет временно закрыто:  🔹 С 00:01 до 17:00 на участках Зубовской, Большой Пироговской и Баррикадной улицах.   🔹 С 10:00 до окончания мероприятия на Садовом кольце в каждом направлении.   🔹 С 10:00 до 17:00 на участке Зубовской улицы.  Обращаем внимание, что 19 июля будет временно закрыт подъезд к ряду объектов в районе Садового кольца. Нельзя будет подъехать к:  🔹 ЦПКиО им. М. Горького со стороны улицы Крымский Вал   🔹 ТЦ «Атриум»   🔹 Курскому вокзалу   🔹 Театру Сатиры со
50106;2025-07-18;17;mass_event;0;;;https://t.me/DtRoad/50106;💪 Мы в предвкушении, а вы? Уже завтра на Садовом кольце состоится фестиваль «Олимпийская Москва»!  Как рассказал Максим Ликсутов, мероприятие пройдет в столице впервые.  Встречаемся в 11:00 на Зубовской площади. Вместе с Олимпийским комитетом России подготовили для вас:  🔹 12 площадок с разными видами спорта.  🔹 Масштабную эстафету передачи огня с участием чемпионов: Нины Трофимовой, Никиты Нагорного и Александра Бородюка.  🔹 Запуск мишки — талисмана Олимпийской команды России.  🔹И много другое! Подробная программа здесь.  Присоединяйтесь к нам, чтобы получить яркие эмоции и незабываемые впеча
50112;2025-07-18;19;mass_event;0;;;https://t.me/DtRoad/50112;Лето вернулось! Время посетить пляжи, парки, спортплощадки и кинотеатры под открытым небом — все это есть буквально в нескольких шагах от станций МЦД и МЦК.  Собрали фестивальные площадки «Лета в Москве», до которых легко и комфортно добраться на нашем ж/д транспорте.   А чтобы сделать ваше лето еще ярче, мы подготовили летнее бинго. Скорее смотрите карточки 👆  👍 Дептранс Москвы
50123;2025-07-19;12;mass_event;0;;;https://t.me/DtRoad/50123;Сегодня на Садовом кольце проходит фестиваль «Олимпийская Москва»!   Присоединяйтесь! 🔥
50124;2025-07-19;12;mass_event;0;;;https://t.me/DtRoad/50124;Масштабная эстафета передачи огня с участием чемпионов стартовала в столице. На Садовом кольце в рамках фестиваля «Олимпийская Москва» вы встретите выдающихся спортсменов: Никиту Нагорного, Нину Трофимову и Александра Бородюка.   На этом мероприятия фестиваля не ограничиваются. Читайте программу здесь.
50127;2025-07-19;14;mass_event;0;;;https://t.me/DtRoad/50127;Запечатлели самые яркие моменты прошедшего фестиваля «Ретрорейс» 🤩  Главной темой фестиваля Музея транспорта Москвы стала эпоха 2000-х — времени автотюнинга, гламура и субкультур.  Как рассказал Максим Ликсутов, более 40 тыс. человек стали участниками фестиваля «Ретрорейс», приуроченного ко Дню Московского транспорта. Посетители увидели 250 тюнингованных машин и ретроавтомобилей, приняли участие в лекциях и мастер-классах, прокатились на ретроавтобусах и потанцевали под электронную музыку.  Как это было — в видео 👆  👍 Дептранс Москвы
50133;2025-07-19;15;mass_event;0;;;https://t.me/DtRoad/50133;Совсем скоро завершится эстафета передачи огня на фестивале «Олимпийская Москва». А пока на Зубовской площади выступает Navai.  Присоединяйтесь к нам. Впереди самое интересное!
50140;2025-07-19;16;mass_event;0;;;https://t.me/DtRoad/50140;Завершили фестиваль «Олимпийская Москва» ярким выступлением L'One.   Спасибо всем, кто провел этот спортивный праздник вместе с нами ❤️
50142;2025-07-19;17;mass_event;0;;;https://t.me/DtRoad/50142;🏆 Спортивный ритм столицы, энергия чемпионов и олимпийский огонь! Это мы про масштабный фестиваль «Олимпийская Москва».  Максим Ликсутов сообщил, что праздник посетили 150 тыс. человек.  Вместе с вами мы:  🔹 Пронесли олимпийский факел по всему Садовому кольцу рука об руку с чемпионами: Никитой Нагорным, Ниной Трофимовой и Александром Бородюком. 🔹 Играли в хоккей на траве, стреляли из лука, перетягивали канат и пробовали себя во многих других видах спорта. 🔹 Подпевали песням L'one и Navai.  В конце над головами зрителей поднялся надувной Мишка — талисман Олимпийской команды России.  Мероприятие
50152;2025-07-20;12;mass_event;0;;2025-08-01|2025-08-02|2025-08-03|2025-08-04|2025-08-05|2025-08-06|2025-08-07|2025-08-08|2025-08-09|2025-08-10|2025-08-11|2025-08-12|2025-08-13|2025-08-14|2025-08-15|2025-08-16|2025-08-17|2025-08-18|2025-08-19|2025-08-20|2025-08-21|2025-08-22|2025-08-23|2025-08-24|2025-08-25|2025-08-26|2025-08-27|2025-08-28|2025-08-29|2025-08-30|2025-08-31;https://t.me/DtRoad/50152;👍 Хотите в нашу команду? Легко! Просто пройдите собеседование с Александрой.  Приходите на масштабную выставку «Та самая Москва», узнайте о преимуществах работы в Транспортном комплексе столицы и пройдите собеседование.  Для этого:  🔹 Узнайте, с какими профессиями создают масштабные проекты Московского транспорта, отсканировав QR-код на экспозициях выставки. 🔹 Пройдите предварительное собеседование с чат-ботом Александрой на стойке в фойе или на вашем смартфоне. 🔹 Отправьте резюме в Центр подбора персонала Московского транспорта. 🔹 Получите приглашение стать частью нашей большой команды.  Выст
50183;2025-07-21;11;closure;0;;;https://t.me/DtRoad/50183;"В 5 баллов оценивается ситуация на дороге по данным ЦОДД — соблюдайте скоростной режим, не отвлекайтесь на телефон во время движения.   Из-за погодных условий временно перекрыто движение:  🔹 на Волоколамском шоссе в районе дома 142; 🔹 на улице Адмирала Корнилова в районе дома 65Б/1; 🔹 в Проектируемом проезде №4062 (Нагатинская набережная).  Движение восстановлено:  🔹 на Шелепихинской набережной в районе дома 2А, строение 3.  Интенсивное движение сейчас на:  🔹 ТТК в районе Чурской эстакады и в районе Киевского путепровода; 🔹 МКАД в районе Каширского шоссе.  Свободно сейчас на:  🔹 проспекте Марш"
50190;2025-07-21;12;weather_alert;0;;;https://t.me/DtRoad/50190;🌧️ Рекомендуем отказаться от поездок на электросамокатах в период непогоды.  Максим Ликсутов напомнил, что передвигаться на электросамокатах в сильный дождь может быть небезопасно для пользователей. Если вы оказались под ливнем, рекомендуем прекратить поездку на СИМ и переждать непогоду в безопасном месте.  Больше полезных советов о том, как сделать передвижение на электросамокате комфортным и безопасным, читайте на сайте нашей образовательной программы «Включите режим безопасности».   Будьте внимательны и осторожны на дороге 🧡  👍 Дептранс Москвы
50192;2025-07-21;14;tram_works;1;;;https://t.me/DtRoad/50192;🚃 Камера, мотор… трамвай!  Специалисты НИИ «МосТрансПроект» спроектировали трамвайную и контактную сеть для фильма «Лиля» о жизни поэта Владимира Маяковского. Съемки киноленты проходят в крупнейшем кинопарке мира «Москино».    Вот несколько интересных фактов о проекте:  🔹 Общая длина путей — почти 700 м. Их проложили на шпально-щебеночном основании.  🔹 При проектировании путей наши специалисты учли одну важную историческую особенность: трамвайные пути 100 лет назад укладывали частыми стыками между рельсами через каждые 13 м. При движении вагонов они создавали характерный шум, по которому узнав
50216;2025-07-22;12;mass_event;0;;2025-08-02;https://t.me/DtRoad/50216;🚴 Велосипедисты, вы готовы? Скорее регистрируйтесь на 2-й Ночной велофестиваль здесь!  Мы знаем, как вы любите ночные велопраздники, поэтому этим летом впервые проводим 2 заезда! Кстати, к 1-му Ночному велофестивалю присоединились рекордные 45 тыс. участников. Установим новый рекорд 2 августа?  Проедем, как и на Весеннем заезде, кругом по Садовому кольцу. Только на этот раз в свете ночных огней Москвы. Раскрываем детали предстоящего праздника:   🔹 Фестивальный городок на Зубовской площади откроется в 20:00. Вход со стороны ул. Большая Пироговская. 🔹 Стартуем в 21:00, 22:00 и 23:00. Для вашего 
50217;2025-07-22;13;mass_event;0;;2025-08-01|2025-08-02|2025-08-03|2025-08-04|2025-08-05|2025-08-06|2025-08-07|2025-08-08|2025-08-09|2025-08-10|2025-08-11|2025-08-12|2025-08-13|2025-08-14|2025-08-15|2025-08-16|2025-08-17|2025-08-18|2025-08-19|2025-08-20|2025-08-21|2025-08-22|2025-08-23|2025-08-24|2025-08-25|2025-08-26|2025-08-27|2025-08-28|2025-08-29|2025-08-30|2025-08-31;https://t.me/DtRoad/50217;👍 Все еще считаете, что лекции — это скучно? Докажем обратное на выставке «Та самая Москва»!  Посетителей ждут более 100 лекций и мастер-классов, встречи с известными людьми и лидерами транспортной, градостроительной и промышленной отраслей. И все это совершенно бесплатно.   С 1 по 31 августа ждем вас в «Манеже». На некоторые лекции нужно регистрироваться заранее. Выбрать интересующее мероприятие уже можно на сайте. Программа будет дополняться.  Выставка «Та самая Москва» пройдет в рамках форума-фестиваля «Территория будущего. Москва 2030». Она будет посвящена развитию и достижениям города в о
50242;2025-07-23;9;mass_event;0;;2025-07-26;https://t.me/DtRoad/50242;🚲 «ВелобайкФест» — событие для всех, кто любит городской прокат!  Максим Ликсутов сообщил, что 26 июля на Северном речном вокзале впервые пройдет фестиваль от городского велопроката Велобайк.  В программе:  🔹 Школа безопасности — обучение правилам дорожного движения и практическим навыкам безопасных поездок по городу. 🔹 Эксклюзивные новинки сезона: электроскутеры, механические и детские велосипеды. Расскажем и покажем, как уверенно управлять каждым из них. 🔹 Подарки и сувениры для всех участников.  🔹 Детская зона — полоса препятствий, школа безопасности и увлекательные развлечения для самых юн
50243;2025-07-23;10;mass_event;0;;2025-07-27;https://t.me/DtRoad/50243;🛳 Шествие кораблей, музыка и мастер-класс! Все это ждет вас на праздновании Дня Военно-Морского Флота на Северном речном вокзале.   27 июля совместно с Общероссийским общественным движением поддержки флота для жителей и гостей столицы подготовили масштабную программу на суше и воде:  🔹 Грандиозные шествия плавучих средств. 🔹 Соревнования на лодках. 🔹 Масштабная концертная программа. 🔹 Флотская экспозиция. 🔹 Увлекательные игры и творческий мастер-класс.  «Благодаря масштабной работе, которую мы провели под руководством Мэра Москвы Сергея Собянина, столицу вновь можно называть портом пяти морей.
50247;2025-07-23;12;mass_event;0;;;https://t.me/DtRoad/50247;🎬 Северный речной вокзал станет еще привлекательнее. Уже завтра откроем здесь кинотеатр под открытым небом!  Приходите смотреть российские и зарубежные картины с семьей и друзьями:  🔹 Вход бесплатный по предварительной регистрации на сайте. 🔹 Попкорн, вода и соки — тоже бесплатно, чтобы ваш отдых точно удался. 🔹 Зал с удобными мягкими сиденьями вмещает до 100 человек.  Кстати, в августе эксклюзивно покажем здесь документальный фильм к 90-летию московского метро. Не пропустите!  Сеансы будут проходить с четверга по воскресенье в 18:00 и 20:30. Посмотреть расписание фильмов на ближайшие даты и р
50253;2025-07-23;13;tram_route_change|mass_event;1;;;https://t.me/DtRoad/50253;3 исторических трамвая отправили в один из крупнейших кинопарков мира «Москино». Там идут съемки фильма «Лиля» о жизни поэта Владимира Маяковского.   В кинокартине участвуют трамваи с деревянным кузовом первой половины XX века:  🔹 вагон «Ф» («Фонарный») 🔹 вагон «КМ» («Коломенский моторный»)  🔹 вагон-вышка контактной сети  Эти уникальные экземпляры ретротранспорта стали частью масштабных кинодекораций, воссоздающих атмосферу прошлых лет. Трамваи превратились в своеобразных участников исторической постановки. Зрители увидят на экране не просто реквизит, а настоящую историю столичного транспорта.
50282;2025-07-24;11;mass_event;0;;2025-08-01|2025-08-02|2025-08-03|2025-08-04|2025-08-05|2025-08-06|2025-08-07|2025-08-08|2025-08-09|2025-08-10|2025-08-11|2025-08-12|2025-08-13|2025-08-14|2025-08-15|2025-08-16|2025-08-17|2025-08-18|2025-08-19|2025-08-20|2025-08-21|2025-08-22|2025-08-23|2025-08-24|2025-08-25|2025-08-26|2025-08-27|2025-08-28|2025-08-29|2025-08-30|2025-08-31;https://t.me/DtRoad/50282;👍 Тише едет — дальше будет. О чем это мы? Конечно, о том самом бесшумном электробусе.  Узнаем больше про электротранспорт на выставке «Та самая Москва». Там ему посвятили целое пространство, в котором есть:   🔹 Инсталляции с аккумуляторной батареей — вы увидите, как она приводит в движение электробус весом 17 т. 🔹 Образцы настоящих зарядных станций — их можно протестировать на выставке. 🔹 Интерактивная панель, где можно потренироваться заряжать электромобиль. 🔹 Инсталляция, где наглядно покажут процесс производства аккумуляторных батарей для электробусов и электромобилей.  А еще здесь:  🔹 Расс
50302;2025-07-24;19;mass_event;0;;;https://t.me/DtRoad/50302;Море энергии, зажигательные тренировки и эстафета олимпийского факела по Садовому кольцу с чемпионами — все это про фестиваль «Олимпийская Москва»!  Более 150 тыс. человек присоединились к нашему спортивному празднику и наполнили его движением и эмоциями. Как это было, смотрите в видео 👆  Спасибо, что провели этот яркий день с нами!  👍 Дептранс Москвы
50303;2025-07-25;7;closure|mass_event;0;;2025-07-26;https://t.me/DtRoad/50303;Доброе утро!  В связи с коротким рабочим днем вечерний разъезд начнется сегодня раньше — около 16:00. Рекомендуем выезжать до него или отложить поездку на более позднее время.  Напоминаем, что 26 июля в связи с проведением концерта будет временно закрыто движение на ряде улиц в районе спорткомплекса «Лужники». Планируйте маршрут заранее.  Хорошего дня 💚
50314;2025-07-25;11;tram_works|tram_route_change|new_line;1;;;https://t.me/DtRoad/50314;"Пять лет работает обновлённая трамвайная линия у Павелецкого вокзала   🚊 С 2020 года ею воспользовались больше 107 миллионов человек.   Во время реконструкции пути перенесли ближе к вокзалу, обустроили новый поворот в сторону метро ""Пролетарская"". В рамках комплексного благоустройства Новокузнецкой улицы на трамвайных остановках были оборудованы приподнятые посадочные платформы, удобные для маломобильных пассажиров.   Сейчас здесь проходят четыре маршрута — №А, 3, 38 и 39, они охватывают 15 районов города. Изменился маршрут легендарной ""Аннушки"" — трамваи ходят от метро ""Чистые пруды"" через ""П"
50317;2025-07-25;13;mass_event;0;;;https://t.me/DtRoad/50317;🧘‍♀️ Планы на эти выходные — речные вокзалы, спорт и отличное настроение!  Ждем вас в субботу и воскресенье на занятиях проекта «Спортивные выходные» от Департамента спорта Москвы и центров госуслуг «Мои Документы» на Северном и Южном речных вокзалах — площадках транспортного комплекса.   3 причины прийти на тренировки:  🔹 Многообразие дисциплин: йога, растяжка, танцевальные и функциональные тренировки. Каждый посетитель сможет найти себе занятие по душе. 🔹 Уникальные места для занятия спортом — крыши вокзалов с живописными видами на Химкинское водохранилище и Нагатинский затон, а также парков
50318;2025-07-25;13;mass_event;0;;2025-07-30;https://t.me/DtRoad/50318;Добавим красок! Объявляем конкурс костюмов ко 2-му Ночному велофестивалю.   Как принять участие:  🔹 Придумайте костюм для себя и украшение для своего велосипеда на тему «Звездное небо». 🔹 Сделайте фото и опубликуйте его на своей странице ВКонтакте с хэштегом #Велоперсонаж до 30 июля. 🔹 Важно: ваша страница должна быть открыта на время проведения конкурса.  Авторы самых ярких и оригинальных костюмов получат подарки. Подробнее — в канале «Московского велофестиваля».  «Уже в следующую субботу пройдет 2-й Ночной велофестиваль. Все желающие смогут проехать по свободному от автомобилей Садовому коль
50319;2025-07-25;14;mass_event;0;;;https://t.me/DtRoad/50319;Велопатруль ЦОДД — быстрый помощник на дорогах столицы!  17 сотрудников проехали свыше 3 тыс. км и более 240 раз помогли жителям с начала сезона в мае. Ежедневно они на велосипедах дежурят в пределах ТТК во время теплого сезона.  Что делают велопатрульные:  🔹 Предоставляют инструменты для ремонта велосипеда. 🔹 Помогают с оформлением Европротокола при мелких ДТП. 🔹 Фиксируют нарушения парковки на тротуарах, газонах и велополосах. 🔹 Следят за состоянием дорожной инфраструктуры: знаков, светофоров и велопарковок. С начала сезона они оставили более 5 тыс. заявок. 🔹 Оказывают доврачебную помощь.   
50323;2025-07-25;17;closure;0;;2025-07-26|2025-07-27|2025-07-28;https://t.me/DtRoad/50323;С 26 по 28 июля изменится схема движения в ТиНАО.  В связи с интеграцией нового электродепо «Столбово» будет временно закрыт участок «Саларьево» — «Потапово» Сокольнической линии метро. Для удобства пассажиров будут ходить бесплатные автобусы. Чтобы они двигались без задержек, мы временно изменим схему дорожного движения.  Что изменится:  🔹 Появятся выделенные полосы на улице Саларьевский Спуск, в боковых проездах Филатовского шоссе возле метро «Филатов Луг» и Калужского шоссе у остановки «Метро Ольховая», на участках трассы Солнцево-Бутово-Варшавское шоссе у метро «Новомосковская» и перед про
50338;2025-07-26;11;mass_event;0;;2025-08-01|2025-08-02|2025-08-03|2025-08-04|2025-08-05|2025-08-06|2025-08-07|2025-08-08|2025-08-09|2025-08-10|2025-08-11|2025-08-12|2025-08-13|2025-08-14|2025-08-15|2025-08-16|2025-08-17|2025-08-18|2025-08-19|2025-08-20|2025-08-21|2025-08-22|2025-08-23|2025-08-24|2025-08-25|2025-08-26|2025-08-27|2025-08-28|2025-08-29|2025-08-30|2025-08-31;https://t.me/DtRoad/50338;👍 Тот самый вагон «Москва-2024» уже на Манежной площади!   Он станет частью уличной экспозиции выставки «Та самая Москва», которая пройдет с 1 по 31 августа в рамках форума-фестиваля «Территория будущего. Москва 2030».   «Москва-2024» — современный, технологичный состав, в котором для комфорта пассажиров все продумали до мелочей. Здесь есть мощные климатические системы, удобная навигация, разъемы для зарядки гаджетов, широкие двери и улучшенная шумоизоляция.  В сравнении с «Номерным» максимальная вместимость поезда увеличилась на 10%, а двери стали шире на 32%. Поезд разработан российскими спе
50362;2025-07-27;9;mass_event;0;;;https://t.me/DtRoad/50362;🔥 В прошлую субботу Садовое кольцо превратилось в настоящую арену спорта!  На фестивале «Олимпийская Москва» отметили 45 лет с открытия Олимпиады-80. Вместе с вами участвовали в различных активностях, увидели легендарных спортсменов и прошли шествием с олимпийским огнем!  Запечатлели самые незабываемые моменты на камеру! Скорее ищите себя и сохраняйте фото здесь.  👍 Дептранс Москвы
50395;2025-07-28;11;mass_event;0;;2025-08-03;https://t.me/DtRoad/50395;Покажем 6 экспонатов из коллекции городского транспорта на ВДНХ!  2 и 3 августа в рамках автомобильного фестиваля «ПроДвижение» Музей транспорта Москвы представит:  🔹 автобус ЗИЛ-158В (ЛиАЗ) 🔹 автобус ЛАЗ-695Е «Львов» 🔹 автобус ЗИС-155, АКЗ-5 🔹 микроавтобус РАФ-22031-01  🔹 тягач-эвакуатор МАЗ-ЗИЛ-200  Также во время фестиваля можно будет посетить выставку «Ты выглядишь на все 100!» со скидкой 20% в павильоне Музея транспорта Москвы. А еще проведем там бесплатные лекции, специальные экскурсии и детские мастер-классы.  «Музей транспорта Москвы покажет 6 экспонатов из коллекции городского транспо
50406;2025-07-28;13;mass_event;0;;;https://t.me/DtRoad/50406;🛥 Как прошел День Военно-Морского Флота на Северном речном вокзале? Смотрите на фото!  В это воскресенье вместе с Общероссийским общественным движением поддержки флота подготовили на Северном речном вокзале уникальную программу.  Максим Ликсутов сообщил, что мероприятие посетили 6 тыс. человек.  Вместе с вами мы:  🔹 Посмотрели на грандиозные шествия водных средств передвижения и соревнования на лодках. 🔹 Увидели флотскую экспозицию, а также поучаствовали в увлекательных играх и творческих мастер-классах. 🔹 Послушали увлекательную концертную программу.  «С каждым годом Северный речной вокзал ст
50416;2025-07-28;18;mass_event;0;;2025-07-26;https://t.me/DtRoad/50416;❤️ Первый «ВелобайкФест» собрал тысячи участников! Рассказываем, как это было.  Максим Ликсутов сообщил, что почти 3 тыс. человек приняли участие в первом «ВелобайкФесте», который прошел 26 июля на Северном речном вокзале.  Чем запомнился фестиваль:  🔹 Тестировали электроскутеры, а также взрослые и детские велосипеды.  🔹 Узнали больше о правилах дорожного движения от консультантов по безопасности. 🔹 Дети прошли полосу препятствий и играли в тематических зонах.  🔹 Наслаждались музыкальной программой с ведущим и интерактивами.  🔹 Получили памятные подарки, сувениры и новые полезные знания.   «Лю
50420;2025-07-29;8;closure;0;;2025-08-02;https://t.me/DtRoad/50420;ЦОДД: 2 августа в связи с проведением праздника «Ильин день» закроют движение для транспорта в районе Красной площади.  Движение будет временно закрыто с 06:00 до 13:00 на улице Ильинка от Новой площади до дома 5 по Красной площади.  Также на участке ограничений будет запрещена парковка с 00:01 2 августа до окончания мероприятия.   Будьте внимательны и стройте маршрут заранее. Подробнее — на сайте.  👍 Дептранс Москвы
50425;2025-07-29;11;weather_alert;0;;;https://t.me/DtRoad/50425;☀️ В город вернулась жара: мы вновь предлагаем вам бесплатную питьевую воду.  Максим Ликсутов рассказал, что с 12:00 инспекторы ЦОМП раздают бутылки с водой на станциях метро:  3️⃣ «Измайловская» 4️⃣ «Филевский парк», «Багратионовская», «Фили», «Кутузовская», «Студенческая», «Кунцевская» и «Пионерская» 7️⃣ «Выхино»  4️⃣ С 12:00 воду можно взять на станциях МЦК: Локомотив, Измайлово, Окружная, Владыкино.  Пассажирам предлагают бутилированную воду и на автовокзалах: «Центральный», «Саларьево», «Красногвардейский», «Северные ворота» и «Южные ворота».  Бутылки с водой также подготовили для пассажи
50461;2025-07-30;8;closure|mass_event;0;;2025-07-31|2025-08-01|2025-08-02|2025-08-03;https://t.me/DtRoad/50461;ЦОДД: В связи с проведением Московского ночного велофестиваля 2 и 3 августа будет временно закрыто движение транспорта по Садовому кольцу в обоих направлениях.  Движение будет закрыто:   🔹 с 17:00 2 августа до окончания мероприятия на участках Зубовской улицы (от Дашкова переулка до Большой Пироговской улицы), Большой Пироговской улицы (от улицы Еланского до Зубовской улицы). 🔹 с 20:30 2 августа до 01:00 3 августа на всем протяжении Садового кольца в оба направления, на Зубовской улице (от Дашкова переулка до Садового кольца).  Также с 00:01 1 августа до 17:00 2 августа будет временно закрыта 
50462;2025-07-30;9;mass_event;0;;2025-08-02;https://t.me/DtRoad/50462;🚴‍♂️ С вас — велосипед. С нас — неоновое шоу и самый яркий Ночной велозаезд!  Максим Ликсутов напомнил, что 2 августа в Москве пройдет 2-й Ночной велофестиваль! Праздник начнется в 20:00 в фестивальном городке на Зубовской улице. Вход с улицы Большая Пироговская.  Мы подготовили по-настоящему уникальный праздник. Смотрите, что вас ждет! 👆  Скорее регистрируйте себя и друзей. Это будет невероятно!  👍 Дептранс Москвы
50468;2025-07-30;10;new_line;1;;;https://t.me/DtRoad/50468;В Москве работают уже более 100 «умных» стрелочных переводов для трамваев.  Только с начала 2025 года по всей столице установили более 30 противошерстных стрелок. Например, они появились на Сокольнической площади, Дмитровском проезде и шоссе Энтузиастов.  В рамках строительства новой трамвайной линии по проспекту Академика Сахарова, которая соединит станцию метро «Комсомольская» с Чистопрудным бульваром, планируем установить еще 4 «умных» противошерстных стрелки. Как они работают, рассказали в карточках 👆  «В столице действуют 210 автоматизированных стрелочных переводов. Половину из них оборуд
50476;2025-07-30;11;weather_alert;0;;;https://t.me/DtRoad/50476;В жару продолжаем раздавать воду пассажирам.  Максим Ликсутов рассказал, что с 12:00 инспекторы ЦОМП раздают бутылки с водой на станциях метро и МЦК.  Воду можно взять на станциях:  3️⃣ «Измайловская» 4️⃣ «Филевский парк», «Багратионовская», «Фили», «Кутузовская», «Студенческая», «Кунцевская» и «Пионерская» 7️⃣ «Выхино»  4️⃣ С 12:00 воду можно взять на станциях МЦК: Локомотив, Измайлово, Окружная, Владыкино.  Пассажирам предлагают бутилированную воду и на автовокзалах: «Центральный», «Саларьево», «Красногвардейский», «Северные ворота» и «Южные ворота».  Бутылки с водой также подготовили для па
50477;2025-07-30;12;mass_event;0;;;https://t.me/DtRoad/50477;🍿 Как необычно провести летний вечер? Посмотреть кино под открытым небом на Северном речном вокзале вместе с онлайн-кинотеатром WINK!  Максим Ликсутов рассказал, что за прошлую неделю работы бесплатный кинотеатр на СРВ посетили 800 человек.   Открываем регистрацию на новую неделю кино. Напоминаем, сеансы проходят с четверга по воскресенье в 18:00 и 20:30. Количество мест ограничено, успейте записаться.  Подготовили для вас:  🔹 бесплатный попкорн, воду и соки 🔹 мягкие брендированные сидения 🔹 разнообразные кино и мультфильмы  «Северный речной вокзал — не только транспортная площадка, но и попул
50492;2025-07-30;16;mass_event;0;;2025-07-30|2025-08-02;https://t.me/DtRoad/50492;🚲 По ночной Москве прокатимся с выгодой от Велобайк!   Максим Ликсутов сообщил, что городской прокат подготовил специальные условия для участников заезда 2 августа.   Подробнее про пакет минут «Велофест»:  🔹 Аренда велосипеда на 3 ч. за 549 руб. Это всего 3 рубля за 1 минуту.  🔹 Тариф можно купить с 30 июля и до окончания велофестиваля.  🔹 Пакет действует 7 дней с момента оплаты или до исчерпания 3 ч.   Доступные велосипеды можно найти в приложении.  Едете на фестиваль на собственном велосипеде? Загляните в мастерскую Велобайк в стартовом городке: там можно бесплатно проверить техническое сост
50505;2025-07-31;9;mass_event;0;;2025-08-01|2025-08-02|2025-08-03|2025-08-04|2025-08-05|2025-08-06|2025-08-07|2025-08-08|2025-08-09|2025-08-10|2025-08-11|2025-08-12|2025-08-13|2025-08-14|2025-08-15|2025-08-16|2025-08-17|2025-08-18|2025-08-19|2025-08-20|2025-08-21|2025-08-22|2025-08-23|2025-08-24|2025-08-25|2025-08-26|2025-08-27|2025-08-28|2025-08-29|2025-08-30|2025-08-31;https://t.me/DtRoad/50505;👍 Познакомьтесь с 90-летней историей столичного метро на выставке «Та самая Москва».   С момента запуска первой линии в 1935 году Московский метрополитен вырос в подземный город. Он стал признанным мировым лидером не только по красоте, чистоте и безопасности, но и по количеству и удобству способов оплаты проезда и пассажирских сервисов.   На выставке предоставим возможность путешествовать по прошлому, настоящему и будущему московского метро — от 1935 года до 2030 года. Мы покажем:  🔹 Динамическую инсталляцию тоннелепроходческого щита, а также арт-объект в виде 7 лопат, использовавшихся при зал
50509;2025-07-31;12;tram_route_change;1;;;https://t.me/DtRoad/50509;🚊 Путешествуйте по Москве на трамвае — теперь с аудиогидом.  На трамвайном маршруте №39 доступна бесплатная аудиоэкскурсия, которая поможет узнать больше об истории и архитектуре Москвы во время пути.  На экскурсии расскажем:  🔹 Какие интересные здания можно встретить вдоль маршрута. 🔹 Как развивались районы, по которым сегодня ходят современные трамваи. 🔹 Какие истории «помнят» дома и улицы города.  «По поручению Мэра Москвы Сергея Собянина мы развиваем трамвайную сеть города и дополняем поездки современными сервисами, в том числе новыми аудиоэкскурсиями. Это позволяет пассажирам провести вре
50519;2025-07-31;14;mass_event;0;;2025-08-03;https://t.me/DtRoad/50519;Создать стикерпак или собрать модель своего автомобиля — Музей транспорта Москвы приглашает познавательно провести выходные 👆  Бесплатные мероприятия пройдут в павильоне №26 в рамках автомобильного фестиваля «ПроДвижение» на ВДНХ. Ссылки на регистрацию — на сайте музея.  «Музей транспорта Москвы подготовил насыщенную программу в рамках фестиваля «ПроДвижение» на ВДНХ 2 и 3 августа. Ждем детей и взрослых на бесплатных тематических лекциях, экскурсиях и творческих мастерских. Продолжаем участвовать в культурной жизни столицы по поручению Мэра Москвы Сергея Собянина», — отметил Максим Ликсутов.  
50555;2025-07-31;19;mass_event;0;;2025-08-01;https://t.me/DtRoad/50555;👍 Новые планы в календаре!   Дата открытия выставки «Та самая Москва» в рамках форума-фестиваля «Территория будущего. Москва 2030» изменилась.  О новой дате открытия вы узнаете первыми в этом канале уже совсем скоро.   Знаем, вы очень ждете новую выставку. А мы с нетерпением ждем встречи с вами и очень тщательно к ней готовимся.  Программа будет очень увлекательной. Выставка покажет все совершенство Москвы: как город стремится не только сохранить высокий уровень развития, но и стать еще лучше для каждого жителя и гостя.  Напомним, что в этом году впервые на площади 11 тыс. кв. м мы объединим д
50556;2025-08-01;7;closure|mass_event;0;;2025-08-02|2025-08-03;https://t.me/DtRoad/50556;Доброе утро!  Сегодня в Москве пасмурно, местами возможен небольшой дождь.  В связи с коротким рабочим днем вечерний разъезд начнется сегодня раньше — около 16:00. Рекомендуем выезжать до него или отложить поездку на более позднее время.  Напоминаем, что с 20:30 2 августа до 01:00 3 августа в связи с проведением Московского ночного велофестиваля будет временно закрыто движение на всем протяжении Садового кольца. Планируйте маршрут заранее.  Хорошего дня 💚
50568;2025-08-01;13;mass_event;0;;;https://t.me/DtRoad/50568;✨ Встречайте — мистер и миссис «Звездное небо»!  Подводим итоги конкурса костюмов ко 2-му Ночному велофестивалю! Наши победители:   🥇 Ярослав Котюх и Галина Никитина 🥈 Александр Александров 🥉 Владислав Казанцев  Всем спасибо за участие! Вы прислали более 20 работ. Если не удалось выиграть в этот раз, не расстраивайтесь — попытаете удачу осенью.  «2-й в этом году Ночной велофестиваль состоится завтра. Атмосферу наших велопраздников создают именно участники, их необычные наряды и украшенные велосипеды. Поэтому по традиции мы провели конкурс костюмов и выбрали победителей. Ждем всех любителей акт
50591;2025-08-01;18;mass_event;0;;;https://t.me/DtRoad/50591;Завтра ночью будет особенно ярко – встречаемся на Ночном велофестивале! 🚴  @moscowvelofest
50606;2025-08-02;21;mass_event;0;;;https://t.me/DtRoad/50606;Ночная Москва, жди нас! На Садовом кольце стартовал 2-й Ночной велофестиваль. Оцените наших ярких участников 😉
50614;2025-08-03;13;mass_event;0;;2025-08-02;https://t.me/DtRoad/50614;🔥 Мы ярко ворвались в август на Ночном велофестивале!  Максим Ликсутов рассказал, что велозаезд 2 августа собрал более 55 тыс. участников.   Мы с вами установили новый рекорд! Впервые за всю историю Ночных заездов к нам присоединилось такое количество велосипедистов.   Как это было:  🔹 Впервые Ночной велофестиваль прошел по Садовому кольцу — традиционному маршруту Весеннего заезда. Увидели его в новом свете!  🔹 Смотрели световые и неоновые шоу, подпевали коллективам проекта «Музыка в метро». 🔹 Участвовали в самых разных мероприятиях на протяжении всей велопрогулки. 🔹 Молодые диджеи зажгли танц
50650;2025-08-04;14;tram_works|tram_route_change|new_line;1;26;2025-04-10|2025-08-04;https://t.me/DtRoad/50650;🚊 Сегодня, 4 августа, трамвайное депо имени П. Л. Апакова празднует свой 116-й день рождения. Это старейшее действующее предприятие пассажирского электротранспорта в Москве.   Трамваи выходят из депо на 3 маршрута:  🔹 №3: метро «Чертановская» —  метро «Чистые пруды». 🔹 №26: метро «Университет» —  метро «Октябрьская». 🔹 №39: метро «Университет» —  метро «Чистые пруды».  Маршруты проходят в 3 округах Москвы и соединяют 12 районов города. В среднем за сутки пассажиры совершают по ним 75 тыс. поездок.   Подробнее об обновлении депо читайте здесь.  «Мэр Москвы Сергей Собянин 10 апреля 2025 года отк
50657;2025-08-04;17;tram_works;1;;;https://t.me/DtRoad/50657;🌡 Даже в самую жаркую погоду обеспечиваем комфортную температуру в наземном транспорте!  Ежедневно сотрудники Службы линейного контроля ГКУ «Организатор перевозок» измеряют температуру в салонах более 4,8 тыс. транспортных средств. Она не должна превышать значения, установленные приказом Минтранса.  Если же температура выше положенного, автобус, электробус или трамвай после завершения рейса направляют для дополнительной проверки систем охлаждения.  «Мы заботимся о комфорте и самочувствии пассажиров в жаркую погоду. Ежедневно мы тщательно готовим автобусы, электробусы и трамваи к работе во врем
50663;2025-08-05;9;mass_event;0;;;https://t.me/DtRoad/50663;ЦОДД установил и модернизировал светофоры по 85 адресам с начала года. Подробнее рассказываем в видео 👆  В приоритете при выборе адресов всегда:  🔹 места концентрации ДТП 🔹 перекрестки и магистрали с интенсивным движением 🔹 точки вблизи социальных объектов и мест досуга 🔹 участки у станций метро, МЦК и МЦД  Рассказываем на примерах, где и для чего установили новые светофоры:  🔹 САО, Фестивальная улица, д. 24А — для снижения аварийности. В 2024 году на точке произошли 2 ДТП. 🔹 ЗАО, Осенний бульвар, д. 11 и д. 12, к. 1 — для безопасного пути пешеходов к станции метро «Крылатское». В 2024 здесь п
50665;2025-08-05;11;mass_event;0;;2025-08-17;https://t.me/DtRoad/50665;🏃‍♂️ Садовое кольцо вновь станет спортивным центром столицы!  17 августа проведем здесь грандиозный забег. Присоединяйтесь к нашему празднику движения и станьте частью этого масштабного события! Участие абсолютно бесплатное для всех желающих.  Выберите удобный формат участия:  1️⃣ Соревновательный — с фиксацией времени. Участники с лучшим результатом получат призы. Для участия в этом формате нужно предоставить медицинскую справку.  2️⃣ Любительский — без фиксации времени.  Важно: количество мест ограничено.  Доступные дистанции:   🔹 500 м — для детей 🔹 3, 5, 10 и 16 км — для взрослых  Заходите
50709;2025-08-06;10;closure;0;;2025-08-09;https://t.me/DtRoad/50709;ЦОДД: 9 августа будет временно закрыто движение для транспорта на улице Крылатская в связи с проведением Чемпионата России по триатлону.   Движение для автомобилей перекроют с 07:00 до 13:00:  🔹 на улице Крылатская от дома 2А до дома 14 🔹 в местном проезде между домом 2А и домом 2, с. 2 по улице Крылатская  Также с 00:01 9 августа до окончания мероприятия на участках перекрытия будет запрещена парковка.  Будьте внимательны и планируйте маршрут с учетом временных ограничений.   Подробная информация о перекрытиях — на сайте.  👍 Дептранс Москвы
50715;2025-08-06;14;mass_event;0;;;https://t.me/DtRoad/50715;🚴‍♂ Садовое кольцо в неоне, тысячи участников, яркие костюмы и мощная музыка — так прошел 2-й Ночной велофестиваль в этом году!  Спасибо, что разделили волшебство этой летней велоночи вместе с нами!   Собрали лучшие моменты праздника в видеоролике. Приятного просмотра 👆  👍 Дептранс Москвы
50717;2025-08-06;16;mass_event;0;;2025-08-09;https://t.me/DtRoad/50717;Это нужно отметить! Уже 101 год автобусы перевозят пассажиров по маршрутам столицы!   9 августа в честь годовщины со дня старта автобусного движения в Москве мы подготовили большой праздник на Северном речном вокзале:  🔹 анимационную программу для детей от героев любимых мультфильмов и Московского транспорта 🔹 разнообразные творческие мастер-классы, а также интерактивную зону от проекта «Движение Первых» 🔹 уникальную выставку ретротехники «МосРетроТранс» и современных машин ГУП «Мосгортранс» 🔹 отправку поздравительных открыток из электробуса от Почты России 🔹 насыщенную концертную программу с 
50726;2025-08-07;11;closure;0;;2025-08-10;https://t.me/DtRoad/50726;ЦОДД: 10 августа будет временно закрыто движение для транспорта на ряде набережных и улиц в центре города в связи с проведением соревнования «ЛИГА ТРИАТЛОНА & IRONSTAR МОСКВА 226».  Движение будет закрыто в период с 06:00 до 23:30:  🔹 на улицах: Крылатская, Мневники, Нижние Мневники, Народного Ополчения, Лужники, 1905 года 🔹 на набережных: Краснопресненская, Смоленская, Ростовская, Саввинская, Новодевичья, Лужнецкая, Фрунзенская, Пречистенская, Кремлевская, Москворецкая, Котельническая, Гончарная, Краснохолмская, Подгорская, Берниковская, Николоямская, Андроньевская, Золоторожская, Красноказар
50742;2025-08-07;17;mass_event;0;;2025-08-17;https://t.me/DtRoad/50742;Каких бегунов можно встретить на забеге по Садовому кольцу 17 августа? Показали в видео 👆   Может, вы один из них? 😁  Подробнее о спортивном событии рассказали здесь. Участие абсолютно бесплатное для всех желающих.  👍 Дептранс Москвы
50743;2025-08-07;21;mass_event;0;;2025-08-31;https://t.me/DtRoad/50743;👍 3 слова, от которых сердце города бьется быстрее, — «Та самая Москва»!  В «Манеже» в рамках форума-фестиваля «Территория будущего. Москва 2030» открыли выставку, которая наглядно демонстрирует достижения столицы в транспорте, градостроительстве и промышленности. Это одно из самых красивых и быстро развивающихся метро в мире, рекордные темпы строительства инфраструктуры, самая масштабная программа реновации, особая экономическая зона «Технополис Москва» и самые передовые промышленные технологии.  Часть экспозиции вышла на Манежную площадь. Здесь есть:  🔹 8 симуляторов транспорта и строительно
50793;2025-08-08;17;mass_event;0;;;https://t.me/DtRoad/50793;👍 Оказаться на Ленинградском вокзале раньше открытия? Легко!   С 1851 года он связывает Москву и Санкт-Петербург. Тот самый вокзал — самый первый, главный и лучший в стране. Сейчас здание закрыто на ремонт. Но на выставке «Та самая Москва» в Манеже можно увидеть проект, над которым работают лучшие специалисты страны. А также:  🔹 Узнать у цифрового кассира все о грядущих изменениях и новых функциях вокзала. 🔹 Побывать в «зале ожидания» эпох — увидеть хроники и сценки с актерами в форме XIX века, советского времени, 1990-х. А главное — первыми оказаться в здании Ленинградского вокзала после ремо
50812;2025-08-09;14;mass_event;0;;2025-08-31;https://t.me/DtRoad/50812;🎶 Встречаем проект «Музыка в метро» на форуме-фестивале «Территория будущего. Москва-2030» в Манеже!  Живые выступления участников проекта проходят в рамках выставки «Та самая Москва». Артисты исполняют известные композиции перед входом в Манеж с 17:00 до 19:00 — по пятницам и выходным. Это отличная возможность услышать любимых исполнителей в новом формате и познакомиться с их репертуаром.  Проект «Музыка в метро» стал, пожалуй, самым любимым у пассажиров. А теперь выставка «Та самая Москва» — площадка для его самых ярких и узнаваемых артистов.  Сохраняйте расписание и приходите наслаждаться м
50813;2025-08-09;15;closure;0;;;https://t.me/DtRoad/50813;ЦОДД: завтра временно будет закрыто движение для транспорта на ряде набережных и улиц в центре города в связи с проведением соревнования «ЛИГА ТРИАТЛОНА & IRONSTAR МОСКВА 226».  Движение будет закрыто в период с 06:00 до 23:30:  🔹 на улицах: Крылатская, Мневники, Нижние Мневники, Народного Ополчения, Лужники, 1905 года 🔹 на центральных набережных: Краснопресненская, Смоленская, Ростовская, Саввинская, Новодевичья, Лужнецкая, Фрунзенская, Пречистенская, Кремлевская, Москворецкая, Котельническая, Гончарная, Краснохолмская, Подгорская, Берниковская, Николоямская, Андроньевская, Золоторожская, Кра
50829;2025-08-10;12;mass_event;0;;;https://t.me/DtRoad/50829;🎨 Акварель, тушь, карандаши и не только: художники проекта «Искусство в метро» впервые создавали картины на автовокзале «Северные ворота».  15 мастеров использовали разные техники: акварельную, масляную и акриловую живопись, тушь и карандаши, темперу и пастель.  Работы многих художников можно встретить на крупных выставочных площадках. Например, в музее-панораме «Бородинская битва», на площадках фестиваля «Лето в Москве», в галерее «Солнцево» и Музее Москвы.  «Мы запустили проект «Искусство в метро» в июне прошлого года. Он предоставляет живописцам возможность проявить себя в уникальной для тв
50844;2025-08-10;15;mass_event;0;;2025-09-14;https://t.me/DtRoad/50844;Представили сувениры и книги Музея транспорта Москвы в павильонах «Сделано в Москве».   Магниты, наклейки, блокноты, книги и детские сувениры можно купить:  🔹 в павильоне «Зеленый маркет» на Болотной площади  🔹 в павильоне «Самовар» на Старом Арбате  🔹 в арт-павильоне «Ракета» на улице Рождественка  «Музей транспорта Москвы участвует в фестивале «Сделано в Москве», который проходит в столице в рамках проекта «Лето в Москве» до 14 сентября. В павильонах фестиваля представлены сувениры музея, а также книги его издательской службы. По поручению Мэра Москвы Сергея Собянина мы активно участвуем в к
50845;2025-08-10;16;mass_event;0;;2025-08-31;https://t.me/DtRoad/50845;🚲 Как насчет виртуальной гонки по набережным? Приходите к стенду Велобайк на выставке «Та самая Москва»!  Как рассказал Максим Ликсутов, транспорт городского проката Велобайк представили на интерактивной выставке «Та самая Москва», которая проходит в Центральном выставочном зале «Манеж». Она продлится до 31 августа в рамках форума-фестиваля «Территория будущего. Москва 2030». Впервые на выставке представили достижения в области транспорта, градостроительства и промышленности.  На стенде велопроката вас ждут:  🔹 новинки сезона Велобайк: электроскутер и детский механический велосипед 🔹 зона с ве
50851;2025-08-11;9;mass_event;0;;2025-08-31;https://t.me/DtRoad/50851;На выставке «Та самая Москва» в «Манеже» представили те самые турникеты нового поколения.  Максим Ликсутов рассказал, что обновленные турникеты появятся в метро уже в этом году. Благодаря узким тумбам они позволят увеличить пропускную способность станций на 40%.  Новые турникеты оснащены:  🔹 Световой индикацией статуса оплаты. Цветовая подсветка сразу покажет, успешно ли прошла транзакция. 🔹 Виброоткликом для слабовидящих. Тактильный сигнал поможет понять, открыт ли проход, без необходимости визуального контроля. 🔹 Возможностью прохода с 2 сторон. Турникеты могут работать как на вход, так и на
50892;2025-08-12;9;mass_event;0;;2025-08-17;https://t.me/DtRoad/50892;🔥 «Спорт, сила, свобода!» — под таким девизом пройдет наш забег «Садовое кольцо» 17 августа.   Спортивный городок с интерактивными площадками от партнеров откроем в 07:00 на Зубовской площади.  Подготовили насыщенную развлекательную программу:  🔹 Весь день вас будут радовать спортивные ведущие — Эмма Гаджиева, Вероника Гилёва и Александр Скрывля. 🔹 Разминку перед стартом проведет мастер спорта России по бодибилдингу — Денис Гусев. 🔹 Вдоль маршрута забега выступят музыканты из проекта «Музыка в метро», артисты и аниматоры. 🔹 На финише каждый участник получит бутилированную воду.  «Мы поддержива
50940;2025-08-13;9;closure|mass_event;0;;2025-08-14|2025-08-15|2025-08-16|2025-08-17|2025-08-18;https://t.me/DtRoad/50940;ЦОДД: в связи с проведением забега «Садовое кольцо» 17 августа будет временно закрыто движение по Садовому кольцу в обоих направлениях.   Ограничения будут действовать:  🔹 С 20:00 16 августа до 07:00 18 августа на участках Зубовской улицы (от Дашкова переулка до Большой Пироговской улицы), в проезде Девичьего Поля (от Зубовской улицы до улицы Плющиха) и Большой Пироговской улицы (от улицы Еланского до Зубовской улицы).  🔹 С 07:00 до 19:30 17 августа на всем протяжении Садового кольца в оба направления, а также на Зубовской улице (от Дашкова переулка до Садового кольца).  Кроме того, с 00:01 15
50941;2025-08-13;10;tram_works|tram_route_change|new_line;1;7|50;;https://t.me/DtRoad/50941;Мы восстановили движение трамваев между метро «Красносельская» и Белорусским вокзалом, а также в районе РУТ (МИИТ) и метро «Новослободская».   Вы снова можете пользоваться привычными трамвайными маршрутами 7, 9, 13, 37 и 50. Они вернулись на свои трассы.   У Площади трех вокзалов завершилась укладка рельсов на новом трамвайном перекрестке. Он станет частью будущей трамвайной линии по проспекту Академика Сахарова.   Новая трамвайная линия позволит связать восток, юг и юго-запад через центр города. Это важнейший проект развития трамвайной системы Москвы за последние десятилетия.   Во время закры
50968;2025-08-13;18;closure;0;;2025-08-14|2025-08-15|2025-08-16|2025-08-17|2025-08-18;https://t.me/DtRoad/50968;ЦОДД: в связи с заменой асфальта 15, 16, 17 и 18 августа будет временно закрыт для движения транспорта участок улицы Тверская.  Движение закроют с 21:00 15 августа до 05:00 18 августа:  🔹 на Тверской улице от Настасьинского переулка до 1-й Тверской-Ямской улицы 🔹 на 1-й Тверской-Ямской улице от улицы Тверская до улицы Лесная  🔹 в Оружейном переулке от д. 3, с. 1 по Оружейному переулку до улицы 1-я Тверская-Ямская 🔹 на Садовой-Триумфальной улице (выезд на улицу 1-я Тверская-Ямская) 🔹 в 1-м и 2-м Тверском-Ямском переулках от улицы 2-я Тверская-Ямская до улицы 1-я Тверская-Ямская 🔹 на улице Чаяно
50969;2025-08-13;19;mass_event;0;;;https://t.me/DtRoad/50969;Что объединяет спортсменку, простого парня и девушку, которая всегда опаздывает?  Уже в это воскресенье Садовое кольцо станет спортивным центром Москвы. Тысячи людей соберутся здесь, чтобы…  Не будем забегать вперед! Смотрите клип — там ответы на все вопросы.  👍 Дептранс Москвы
50985;2025-08-14;11;mass_event;0;;2025-08-23;https://t.me/DtRoad/50985;🔥 Проведем 1-й в истории Электрофестиваль на Садовом кольце!    Встречаемся 23 августа в 12:00 на Зубовской площади. Весь день будет работать фестивальный городок с развлекательной программой и фудкортом.  Принять участие могут все, кто любит современные технологии и экологичный транспорт:   🔹 Если вы владелец электромобиля или электромотоцикла, для участия в параде зарегистрируйтесь на сайте.  🔹 Если у вас пока нет электротранспорта, приходите как зритель. Проведем для вас розыгрыш подарков!   Главный приз — электромобиль «Москвич 3е». Чтобы побороться за него, нужно:  1️⃣ Заполнить форму на 
50989;2025-08-14;12;tram_works;1;;;https://t.me/DtRoad/50989;Столица, встречай! Прибыл первый трамвай «Львенок-Москва» из новой поставки.  Это знаковое событие для столичного транспорта: поставка современных вагонов от российского разработчика и производителя городского электротранспорта — компании «ПК Транспортные системы» — позволит завершить обновление трамвайного парка Москвы.   В ближайшее время специалисты проведут обкатку и проверят все системы вагона. Также доработают необходимую инфраструктуру для работы на маршрутах города.  В новом трамвае:   🔹 Система увеличенного автономного хода, благодаря которой вагон сможет проезжать не менее 4 км без к
51011;2025-08-14;19;mass_event;0;;;https://t.me/DtRoad/51011;😍 Волшебник, космонавт и единорог — это всё яркие костюмы участников Ночного велофестиваля.  Еще больше фото с нашего праздника загрузили по ссылке — ищите себя, друзей и близких!  Не скучайте — велофестивали вернутся уже в сентябре 🫶  👍 Дептранс Москвы
51021;2025-08-15;7;closure;0;;2025-08-18;https://t.me/DtRoad/51021;Доброе утро!  Сегодня ожидается облачная погода с прояснениями 🌤  В связи с коротким рабочим днём вечерний разъезд начнётся сегодня раньше — около 16:00. Рекомендуем выезжать до него или отложить поездку на более позднее время.   Напоминаем, что сегодня с 21:00 будут закрыты участки улиц Тверская, 1-я Тверская-Ямская, а также прилегающих переулков и улиц. Перекрытия продлятся до 05:00 18 августа. Пожалуйста, заранее выбирайте пути объезда.  Будьте внимательны за рулём. Соблюдайте скоростной режим и дистанцию.  Хорошего дня 💚
51095;2025-08-16;20;mass_event;0;;;https://t.me/DtRoad/51095;🔥 Уже в это воскресенье пройдет забег «Садовое кольцо».   Приглашаем всех, кто не бегает, поболеть за спортсменов и весело провести время!   👍 Дептранс Москвы
51096;2025-08-17;9;mass_event;0;;;https://t.me/DtRoad/51096;Утро. Воскресенье. Садовое кольцо.  Забег стартовал! Желаем сил всем участникам 💪
51130;2025-08-17;18;mass_event;0;;;https://t.me/DtRoad/51130;🏃‍♂️ Более 30 тыс. участников, новый рекорд и настоящий праздник спорта — это все про наш бесплатный забег «Садовое кольцо»!  Провели воскресенье весело и насыщенно вместе с вами:  🔹 Пробежали свою идеальную дистанцию: от 500 м для детей до 16 км для опытных участников в соревновательном или любительском формате. 🔹 Событие вошло в Книгу рекордов России как самый массовый бесплатный старт 11 тыс. участников, которые соревновались на время. 🔹 Посетили интерактивные площадки от партнеров в фестивальном городке и выступления артистов на маршруте.  🔹 Наградили победителей и призеров каждой дистанци
51141;2025-08-18;8;closure|mass_event;0;;2025-08-20|2025-09-01;https://t.me/DtRoad/51141;ЦОДД: в связи с проведением фестиваля «Спасская башня» будет временно закрыто движение для транспорта в центре с 20 августа до 1 сентября.   Движение закроют с 22:00 20 августа до 08:00 1 сентября:  🔹 на улице Ильинка от Новой до Красной площади 🔹 в проезде от улицы Ильинка до улицы Варварка в районе дома 5 по Красной площади  Также с 00:01 20 августа до окончания мероприятия будет запрещена парковка на участке улицы Ильинка от Новой до Красной площади.   Будьте внимательны и планируйте маршрут заранее. Подробнее читайте по ссылке.  👍 Дептранс Москвы
51157;2025-08-18;17;mass_event;0;;;https://t.me/DtRoad/51157;А у вас уже есть сувениры из лимитированных коллекций Музея транспорта Москвы?   Выпускаем их к выставкам, фестивалям и специальным проектам. К 5-летию музея рассказываем про самые запоминающиеся из них:   🔹 «90 лет московскому метро» 🔹 «Мечта Москвича» 🔹 «Лето в городе» 🔹 «Ты выглядишь на все 100!» 🔹 «Экобукварь»  Узнать подробнее о сувенирах можно на сайте музея.  «В этом году Музею транспорта Москвы исполнилось 5 лет. За это время для поддержки различных проектов музея мы выпустили более 25 коллекций сувениров, которые посвятили темам транспорта и города. Отдельное внимание уделяем сериям д
51182;2025-08-19;9;weather_alert;0;;;https://t.me/DtRoad/51182;Не страшны ни снег, ни ливень! 3 новых больших навеса защитят пассажиров Ленинградского вокзала от любых капризов природы.  Ленинградский — место для теплых встреч и трогательных прощаний. Мы хотим, чтобы эти минуты были комфортными в любую погоду.  Для этого вместе с АО «Мосинжпроект» установим:  🔹 1 большой навес со стороны восточной парковки площадью 1 200 кв. м. Он защитит от дождя и снега. Можно будет спокойно дождаться такси или встретить близких. Здесь же — городская парковка и зарядные станции для электромобилей. Навес будет с подогревом, чтобы зимой там не скапливались снег и наледь, 
51205;2025-08-20;8;closure|mass_event;0;;2025-08-22|2025-08-23;https://t.me/DtRoad/51205;ЦОДД: 23 августа временно закроют движение на Садовом кольце и нескольких улицах в центре Москвы в связи с проведением Московского транспортного электрофестиваля.  Движение будет закрыто:   🔹 С 00:01 до 18:00 в Новоконюшенном переулке от улицы Бурденко до проезда Девичьего Поля.  🔹 С 00:01 до 20:00 на Зубовской улице от Дашкова переулка до Большой Пироговской улицы, в проезде Девичьего Поля от улицы Плющиха до Зубовской улицы и на Большой Пироговской улице от Новодевичьего проезда до Зубовской улицы.  🔹 С 11:50 до окончания мероприятия на внешней стороне Садового кольца и Зубовской улице от Да
51207;2025-08-20;10;mass_event;0;;;https://t.me/DtRoad/51207;👩‍🔬 Хотите попробовать себя в роли инженера, ученого или конструктора? Тогда приходите на фестиваль «Дело техники»!  В эту субботу Южный речной вокзал станет большой исследовательской лабораторией Политехнического музея. Юные гости и их родители смогут погрузиться в мир науки и стать настоящими учеными.  Подготовили для вас:  🔹 Мастер-классы по разным направлениям: от программирования до ракетостроения.  🔹 Увлекательные научные шоу.  🔹 Тематическую фотозону.  🔹 Лекции от ведущих специалистов в технических отраслях.   А еще все гости смогут принять участие в создании «заумной машины» Голдберга.
51228;2025-08-20;17;closure|mass_event;0;;2025-08-23;https://t.me/DtRoad/51228;⚡️ Готовы зарядиться энергией на Электрофестивале в эту субботу? Рассказываем, что вас ждет!  Колонна электротранспорта выстроится на Зубовской улице и проедет маршрут по Садовому кольцу. Его внешнюю сторону закроют для движения всех остальных автомобилей.  Для зрителей подготовили насыщенную развлекательную программу с 09:00 до 18:00:  🔹 Интерактивные зоны от «Энергии Москвы», Велобайка и Мосгортранса. 🔹 Выставочные образцы электротранспорта. 🔹 Выступления автоблогеров Эрика Давидыча и «Варпач». 🔹 Стенды и площадки от партнеров. 🔹 Выступления диджеев и артистов. 🔹 Розыгрыш подарков и главного
51235;2025-08-20;19;mass_event;0;;;https://t.me/DtRoad/51235;Этой ночью профессиональные спортсмены-скейтеры выступили в метро!   «Воробьевы горы» на несколько часов стали одной из площадок международного фестиваля Grand Skate Tour 2025. Знаменитые спортсмены прибыли из разных концов света, чтобы показать свое мастерство.   Что же происходило этой ночью:  🔹 Во время проведения состязания не было движения поездов и пассажиров на станции.  🔹 Специально для соревнования установили различные препятствия и элементы для скольжения. Например, ступени и перила. 🔹 25 всемирно известных спортсменов в области скейтбординга из Мексики, Аргентины, Мадагаскара и друг
51242;2025-08-21;8;closure|mass_event;0;;2025-08-24;https://t.me/DtRoad/51242;ЦОДД: 24 августа временно закроют для движения транспорта несколько набережных в центре столицы в связи с проведением полумарафона «Лужники».  Движение будет закрыто:  🔹 С 04:30 до 14:30 на улице Лужники от д. 9, стр. 6 по Новолужнецкому проезду до Лужнецкой набережной, на Лужнецкой набережной от вл. 24, стр. 5 по Лужнецкой набережной до Фрунзенской набережной.  🔹 С 07:30 до 13:00 на Фрунзенской набережной от Лужнецкой до Пречистенской набережной. 🔹 С 07:30 до 12:30 на Пречистенской набережной от Фрунзенской набережной до улицы Ленивки. 🔹 С 07:45 до 12:30 на Кремлевской набережной от улицы Лен
51252;2025-08-21;13;mass_event;0;;2025-08-21|2025-08-22|2025-08-23|2025-08-24|2025-08-25|2025-08-26|2025-08-27|2025-08-28|2025-08-29|2025-08-30|2025-08-31;https://t.me/DtRoad/51252;🏅 С вас — любовь к бегу, с нас — медаль!  Если вы не смогли присоединиться к нашему масштабному забегу по Садовому, то у вас еще есть шанс!  Разыграем медали для участников онлайн-забега. Проверьте свои силы:  🔹 Начните пробежку в своем беговом приложении и преодолейте дистанцию 3, 5, 10 или 16 км. 🔹 Назовите тренировку в приложении #ЗабегСадовое17августа. 🔹 Прикрепите скриншот в комментарии под постом в Telegram-канале «Дептранс. Афиша». 🔹 Покажите скриншот из комментариев на Северном речном вокзале с 21 по 31 августа и получите свой приз.  Важно: количество медалей ограничено!  «Мы провели я
51261;2025-08-21;16;mass_event;0;;;https://t.me/DtRoad/51261;К 160-летию газового хозяйства Москвы вместе с АО «МОСГАЗ» мы выпустили новую тематическую карту «Тройка».   Как отметил Максим Ликсутов, тематические «Тройки» не только нравятся пассажирам, но и позволяют напомнить о значимых событиях и предприятиях столицы.  В основу дизайна карты легла картина «За работой» Анастасии Семеновой — победителя XII фестиваля юных талантов «МОСГАЗ зажигает звезды».   Купить тематическую «Тройку» можно:  🔹 на стойках «Живое общение» 🔹 во флагманских магазинах на станциях «Маяковская» и «Трубная» 🔹 в интернет-магазине метро 🔹 на маркетплейсах: Яндекс Маркет, OZON, W
51285;2025-08-22;12;mass_event;0;;;https://t.me/DtRoad/51285;🇷🇺 Наземный транспорт поздравляет с Днем Государственного флага России!   Как сообщил Максим Ликсутов, в честь праздника на более чем 6 тыс. автобусах и электробусах разместили флаги России и гербы Москвы. Все водители вышли на маршруты в парадной форме.   «Традиционно в дни государственных праздников мы украшаем наземный городской транспорт по поручению Мэра Москвы Сергея Собянина. Сегодня автобусы и электробусы работают на маршрутах с флагами России и гербом столицы. Поздравляю всех с этим важным и очень значимым для нашей страны днем!» — добавил Максим Ликсутов.  👍 Дептранс Москвы
51301;2025-08-22;17;mass_event;0;;2025-08-17;https://t.me/DtRoad/51301;🏃‍♂️ На старт, внимание, марш! Вспоминаем, как прошел наш забег по Садовому кольцу.  Более 30 тыс. человек присоединились к нам 17 августа и пробежали свою идеальную дистанцию в любительском и соревновательном форматах! Запечатлели ваши рекорды и достижения в видео 👆  Как напомнил Максим Ликсутов, был установлен новый рекорд — мероприятие вошло в Книгу рекордов России как самый массовый бесплатный старт, в котором соревновались более 11 тыс. участников.  👍 Дептранс Москвы
51312;2025-08-23;12;mass_event;0;;;https://t.me/DtRoad/51312;Электрофестиваль стартовал по Садовому кольцу. Если не успели приехать, то следите за движением электромобилей в нашей трансляции.   Кроме того, мы подготовили насыщенную программу. Приходите посмотреть на современные электрокары, послушать выступления автоблогеров и диджеев. Подробная программа здесь.
51333;2025-08-23;18;mass_event;0;;;https://t.me/DtRoad/51333;⚡️ Зарядились на максимум на 1-м Электрофестивале!   В торжественном параде по Садовому кольцу проехали более 4,7 тыс. транспортных средств на электротяге.  Чем запомнится этот день:  🔹 Рассказали вам про электротранспорт в интерактивных и выставочных зонах от «Энергии Москвы», Мосгортранса, Велобайка, а также наших партнеров. 🔹 Общались с известными автоблогерами: Эриком Давидычем и «Варпач», а также танцевали под любимых диджеев и артистов.  🔹 Весь день разыгрывали призы, а в конце наградили победителя розыгрыша электромобиля «Москвич 3е» — Нину Николаевну К.  «Сегодня Москва — в числе миров
51361;2025-08-24;18;mass_event;0;;;https://t.me/DtRoad/51361;📸 Пересматриваем фото с забега «Садовое кольцо» и улыбаемся. Какие же вы счастливые!  Ищите самые радостные моменты этого дня по ссылке.  Кстати, эксклюзивные фото с забега опубликовали в нашем Telegram-канале «Дептранс. Афиша».  👍 Дептранс Москвы
51437;2025-08-26;17;mass_event;0;;;https://t.me/DtRoad/51437;Новый эпизод подкаста выпустил Музей транспорта Москвы! Послушать его можно на сайте.  Вместе с радиоведущим Сергеем «Хоббитом» Кормилицыным и художником Валентином Поткиным обсудили самые яркие моменты эпохи нулевых, а также выяснили, кто и зачем возвращает старые тренды.  Запись эпизода прошла на фестивале «Ретрорейс», темой которого в этом году была эпоха 2000-х — время тюнинга и субкультур.  👍 Дептранс Москвы
51451;2025-08-27;13;tram_route_change|new_line;1;7;;https://t.me/DtRoad/51451;Как сделать привычную поездку на трамвае увлекательной и познавательной?   Бесплатные аудиоэкскурсии уже доступны на маршруте № 7, а также на маршруте № 39. Совсем скоро мы запустим аудиопрогулки еще на 4 маршрутах трамваев столицы.  Прямо во время поездки пассажиры узнают интересные факты об архитектуре, истории и знаковых местах нашего города.  «По поручению Мэра Москвы Сергея Собянина мы развиваем трамвайную сеть столицы и внедряем современные сервисы, в том числе аудиоэкскурсии. Уже сейчас они доступны пассажирам трамваев №7 и №39, а в ближайшее время появятся на маршрутах А, 4, 11 и 6», —
51472;2025-08-28;9;mass_event;0;;2025-08-31;https://t.me/DtRoad/51472;Живая музыка в «Манеже» 🎶  В пятницу, субботу и воскресенье с 17:00 до 19:00 артисты проекта «Музыка в метро» будут выступать на познавательной выставке «Та самая Москва».  Концерты пройдут на уличной площадке перед «Манежем».  «За 9 лет проект «Музыка в метро» стал неотъемлемой частью культурной жизни столицы при поддержке Мэра Москвы Сергея Собянина. Его участники провели более 450 тыс. выступлений в транспорте и на городских площадках. Артисты представляют проект и на выставке «Та самая Москва» в рамках форума «Территория будущего. Москва 2030», — рассказал Максим Ликсутов.  Познавательная 
51486;2025-08-28;14;mass_event;0;;;https://t.me/DtRoad/51486;⚡ Как Садовое кольцо стало центром электротранспорта? Вспоминаем лучшие моменты!  Впервые мы провели Электрофестиваль, который объединил любителей современных технологий и экологичного транспорта.  Это было круто! Торжественный парад электротранспорта, выступление автоблогеров и артистов, розыгрыш электромобиля «Москвич 3е» и многое другое.  Показали все самые яркие моменты этого дня на видео 👆  Благодарим Госавтоинспекцию Москвы за помощь в организации и Московской области за участие в фестивале.  👍 Дептранс Москвы
51527;2025-08-29;18;tram_works;1;;;https://t.me/DtRoad/51527;👍 На познавательной выставке «Та самая Москва» актер Влад Прохоров признался: для него столица — это любовь, и он скучает по городу каждый раз, когда уезжает на съемки или гастроли.  Экспозиция стала поводом вспомнить любимые места и открыть новые стороны города.   Актера особенно впечатлили:  🔹 Ленинградский вокзал, который он назвал своим домом. 🔹 Технология префаб и новые стандарты развития Москвы. 🔹 Масштабы современной столичной промышленности.  🔹 Оплата проезда Александром Пушкиным по биометрии и цифровизация в строительстве.    На выставке Влад также узнал, что в Москве работает первый 
51528;2025-08-29;19;mass_event;0;;;https://t.me/DtRoad/51528;Электробусы, электромобили, электромотоциклы и ваши яркие эмоции запечатлели на фото 🤩  Максим Ликсутов напомнил, что на Электрофестивале более 4,7 тыс. транспортных средств на электротяге проехали торжественным парадом по Садовому кольцу.  📸 Ищите фото с этого дня на сайте.  👍 Дептранс Москвы
51546;2025-08-30;12;mass_event;0;;2025-06-04|2025-09-16;https://t.me/DtRoad/51546;Познакомиться с жизнью, семьей и творчеством Александра Куприна: новую выставку в метро открыли к 155-летию писателя.   На каждом макете пассажиры найдут списки книг Куприна — более 30 произведений, рекомендованных к прочтению.  Выставку можно увидеть до 16 сентября в переходе между станциями «Савеловская» Серпуховско-Тимирязевской линии и БКЛ.  «С начала года в метро и на МЦК прошли уже 39 тематических выставок. Пассажиры могут посетить их и узнать что-то новое не выходя на улицу. По задаче Мэра Москвы Сергея Собянина мы делаем поездки в городском транспорте не только комфортными и безопасным
51646;2025-09-02;11;tram_route_change;1;;2025-09-12;https://t.me/DtRoad/51646;Ретротрамвай снова в пути!  12 сентября москвичи и гости столицы смогут отправиться в путешествие по историческому маршруту города на уникальном вагоне «Татра Т2».  Записаться на экскурсию можно на сайте проекта «Экскурсии в метро». Количество мест ограничено.  «Мы видим, что москвичи и туристы интересуются развитием городского транспорта, поэтому стараемся больше знакомить их с его историей — такую задачу поставил Мэр Москвы Сергей Собянин. Проект «Экскурсии в метро» позволяет прокатиться на ретротрамвае по историческим маршрутам столицы», — отметил Максим Ликсутов.  👍 Дептранс Москвы
51666;2025-09-02;15;mass_event;0;;2025-09-06;https://t.me/DtRoad/51666;6 сентября специальный проект Музея транспорта Москвы «Привет, Москва!» примет участие в садово-книжном фестивале «Яблоки в Коломне».  Специально для фестиваля подготовили бесплатные мероприятия:   🔹 творческие мастер-классы по мотивам детских изданий музея 🔹 встречу книжного клуба  🔹 презентацию сборника рассказов о столичном транспорте «16 поездок»   Полная программа, расписание мероприятий и регистрация доступны на сайте.  «Специальный проект Музея транспорта Москвы «Привет, Москва!» стал участником Международного садово-книжного фестиваля «Яблоки в Коломне». Мы подготовили программу беспла
51671;2025-09-03;8;closure|mass_event;0;;2025-09-06;https://t.me/DtRoad/51671;ЦОДД: 6 сентября в связи с проведением фестиваля «День ходьбы» будет временно закрыто движение на ряде набережных в центре:  🔹 С 05:00 до 16:00 на Смоленской и Ростовской набережных.  🔹 С 09:00 до 16:00 на Саввинской, Новодевичьей и Лужнецкой набережных, а также на улице Лужники от дома 24, стр. 48 до дома 24, стр. 50.  Обращаем внимание, что 6 сентября с 00:01 до окончания мероприятия на участках ограничений будет временно запрещена парковка.  Рекомендуем планировать маршрут заранее. Подробнее — на сайте.  👍 Дептранс Москвы
51689;2025-09-03;18;mass_event;0;;2025-09-10;https://t.me/DtRoad/51689;🚴‍♂️ Совсем скоро откроем регистрацию на Осенний велофестиваль! А пока предлагаем вам принять участие в традиционном конкурсе костюмов.   Что нужно сделать:  🔹 Придумайте наряд для себя и украшение для велосипеда на тему «Яркая осень». 🔹 Опубликуйте фото вашего образа в комментариях поста с хэштегом #Велоперсонаж до 10 сентября включительно. 🔹 Убедитесь, что ваша страница открыта на время проведения конкурса.   Участники с самыми интересными костюмами получат призы. Подробности — в Telegram-канале Дептранс. Афиша.  «Осенний велофестиваль — отличная возможность продлить лето и незабываемо завер
51690;2025-09-03;18;new_line;1;;;https://t.me/DtRoad/51690;"Сегодня особенный день в истории московского транспорта — запустили первый в России полностью беспилотный трамвай   Он будет перевозить пассажиров на северо-западе города по маршруту №10 ""Метро ""Щукинская"" — Улица Кулакова"" и выполнять установленное расписание.  👍 Это очень знаковый технологический рубеж. Теперь беспилотные технологии начинают внедряться на столичном транспорте.   ПО для беспилотного трамвая создали сотрудники Московского метрополитена без привлечения сторонних компаний. Умная технология, разработанная городом, — уникальна. Она работает точнее и стабильнее зарубежных аналогов."
51703;2025-09-04;9;mass_event;1;;2025-09-06;https://t.me/DtRoad/51703;Парад трамваев и ретроавтомобилей пройдет на Чистых прудах 6 сентября!  В преддверии Дня города Москвы приглашаем на масштабный праздник — 20-й парад ретротранспорта. Что ждет гостей:  🔹 Торжественный проезд ретротранспорта от метро «Новокузнецкая» до Чистопрудного бульвара. 🔹 Большая выставка исторических трамваев и автомобилей. 🔹 Бесплатные угощения, развлечения для детей и специальные фотозоны. 🔹 Выступления артистов проекта «Музыка в метро», Академического хора Московского метрополитена и специального музыкального гостя Дениса Майданова.  Маршрут и расписание смотрите в карточке 👆  «Парады
51710;2025-09-04;11;tram_route_change;1;;;https://t.me/DtRoad/51710;👍 Столица перевернула календарь истории транспорта: вчера первый в России полностью беспилотный трамвай начал регулярное движение с пассажирами.  Инновационный транспорт на основе модели трамвая «Львенок-Москва» курсирует по маршруту №10 от улицы Кулакова до станции метро «Щукинская» и обратно‎ в полностью беспилотном режиме. Он ежедневно выходит на маршрут и выполняет установленное расписание с пассажирами.   Максим Ликсутов сообщил, что за первый день беспилотный трамвай выполнил 8 рейсов и перевез 350 пассажиров. Сегодня с утра он также вышел на маршрут.  Самое важное:  🔹 Технология безопас
51715;2025-09-04;12;closure|mass_event;0;;2025-09-06;https://t.me/DtRoad/51715;ЦОДД: 6 сентября в связи с проведением парада ретротранспорта будет временно закрыто движение для автомобилей на нескольких улицах в центре:  🔹 С 08:30 до 11:30 на участках Садовнического проезда.  🔹 С 11:00 до 12:00 краткосрочно (не более 10 мин.) в Садовническом и Устьинском проездах, на Большом Устьинском мосту, на Яузском и Покровском бульварах.  🔹 С 11:00 до 18:00 на Чистопрудном бульваре и в Белгородском проезде.  Также 6 сентября с 00:01 и до окончания мероприятия будет запрещена парковка на участках:  🔹 Чистопрудного бульвара от улицы Покровка до Мясницкой.  🔹 Белгородского проезда от 
51721;2025-09-04;14;mass_event;0;;2025-09-13;https://t.me/DtRoad/51721;🚴‍♂️ Грустите, что началась осень? Мы знаем, чем вас порадовать!   Открываем регистрацию на Осенний велофестиваль! Скорее переходите на сайт.   Сохраняйте или запоминайте:  🔹 Встречаемся 13 сентября в 12:00 на ВДНХ. 🔹 При регистрации выбирайте время и приезжайте к нему на старт, чтобы всем было комфортно. Стартуем в 13:00, 14:00 и 15:00.  🔹 Проедем по 2 крупным автомагистралям: Московскому скоростному диаметру и Северо-западной хорде 🚗🚗🚗 🔹 Мы подготовили 2 фестивальных городка: на главной площади ВДНХ и на Крылатской улице.   «По поручению Мэра Москвы Сергея Собянина мы ежегодно проводим в сто
51724;2025-09-04;17;mass_event;0;;2025-09-06|2025-09-07;https://t.me/DtRoad/51724;Влюбляемся в осень снова и проводим выходные вместе с Музеем транспорта Москвы:  Как рассказал Максим Ликсутов, на уникальных экскурсиях музея горожане смогут познакомиться с историей столичного транспорта:  🔹 6 сентября в 16:00 — экскурсия по Северному речному вокзалу. Расскажем про историю речного транспорта и особенности архитектуры дворца на Химкинском водохранилище.  🔹 7 сентября в 13:00, 16:00 и 19:00 — экскурсии по выставке «Ты выглядишь на все 100!» об истории зарождения и развития транспортного дизайна в России. 🔹 7 сентября в 14:00 — экскурсия в Фондохранилище. Увидим легендарные авт
51736;2025-09-05;10;mass_event;0;;;https://t.me/DtRoad/51736;Новая жизнь: пять лет назад открыли обновлённый Северный речной вокзал   Во время грандиозной реставрации восстановили знаменитые фонтаны, скульптуры, росписи, фарфоровые медальоны, шпиль с подвижным механизмом и главный декоративный элемент — звезду шпиля, украшенную 700 самоцветами.   ⛵️ Этот уникальный памятник архитектуры вернул себе звание одного из важнейших транспортных объектов нашего города. Его причалы уже приняли и отправили в путешествие больше миллиона пассажиров.    Благодаря развитой инфраструктуре Северный речной вокзал стал и любимым местом отдыха горожан. Здесь есть:   ✅ руче
51751;2025-09-05;18;tram_works;1;;;https://t.me/DtRoad/51751;2 дня — «беспилот» отличный! Первый в России полностью автоматический трамвай успешно отработал 2 полноценные смены.  Как рассказал Максим Ликсутов, трамвай совершил уже более 20 рейсов и перевез 1-ю тысячу пассажиров в штатном режиме в соответствии с графиком.  Чтобы ваши поездки на инновационном «Львенке» оставались легкими и безопасными, напомним несколько простых правил:  🔹 Ожидайте трамвай на остановке за желтой линией. Так вагон сможет спокойно и безопасно подъехать к месту посадки. 🔹 Старайтесь следить за вашими вещами — если сумку зажмет дверьми, они автоматически откроются, но вынужде
51755;2025-09-05;19;mass_event;1;;;https://t.me/DtRoad/51755;🎉 Невероятная ретротехника, бесплатные угощения, специальные фотозоны и выступление Дениса Майданова. Приглашаем на 20-й, юбилейный Парад трамваев и автомобилей.  Уже завтра вы сможете прикоснуться к истории: в параде примут участие около 50 экспонатов. Колонна начнет движение в 11:30 от метро «Новокузнецкая» и проедет по Большому Устьинскому мосту и Бульварному кольцу до Чистопрудного бульвара.  Парад продолжится масштабной выставкой трамваев и автомобилей. С 12:00 до 18:00 вы сможете осмотреть исторические авто и зайти в любой из 15 ретротрамваев.  Мы приготовили большую развлекательную прог
51768;2025-09-06;11;mass_event;1;;;https://t.me/DtRoad/51768;От метро «Новокузнецкая» стартовал парад ретротранспорта!  До 18:00 вы сможете осмотреть исторические авто и зайти в любой из 15 ретротрамваев на Чистопрудном бульваре.   Подробности здесь.
51775;2025-09-06;14;mass_event;1;;;https://t.me/DtRoad/51775;Выставка исторических трамваев и автомобилей на Чистопрудном бульваре в самом разгаре!   Успейте увидеть уникальные образцы ретротранспорта и зайти в салоны трамваев разных поколений. Выставка продлится до 18:00.   Также на сцене у метро «Чистые пруды» продолжается наша концертная программа. Впереди вас ждут выступления артистов проекта «Музыка в метро», танцевальные шоу и различные интерактивы.   В 16:00 для вас выступит наш специальный музыкальный гость — Денис Майданов!  Ждем именно вас ❤️  👍 Дептранс Москвы
51776;2025-09-06;19;tram_works|mass_event;1;;;https://t.me/DtRoad/51776;Парад и выставка исторического транспорта собрали более 160 тыс. зрителей!   На Чистопрудном бульваре состоялся масштабный праздник, главными героями которого стали любимые ретротрамваи, автомобили разных поколений и люди, которые искренне заботятся об исторической технике.   Колонна ретротранспорта торжественно проехала по центру города — от метро «Новокузнецкая» до Чистопрудного бульвара.   Всех зрителей традиционно угостили напитками, кашей и мороженым. Музыка, танцы, интерактивы — всё это можно было увидеть на Чистопрудном бульваре.   «Парад исторических трамваев и автомобилей прошел уже в
51804;2025-09-08;9;tram_works|mass_event;1;1;;https://t.me/DtRoad/51804;О развитии парковок, беспилотного транспорта и будущем столичной промышленности: Максим Ликсутов дал большое интервью «Комсомольской правде».   Собрали для вас самое главное:  🔹 Введение платных парковок в районах столицы дает преимущество местным жителям — они начинают оставлять там свои машины в среднем на 40-60% чаще.  🔹 Нет задачи сделать все парковки в городе платными, их организуют только там, где много нарушений и где местным жителям не хватает парковочных мест.  🔹 С начала года количество ДТП с участием самокатов и курьеров снизилось на 60% — это лучший результат в России.  🔹 В Москве 
51842;2025-09-09;11;mass_event;0;;;https://t.me/DtRoad/51842;🍁 Осенние вечера, вкусный попкорн и кино! Успейте посетить бесплатный кинотеатр под открытым небом на Северном речном вокзале.   До конца сентября мы еженедельно организуем здесь показы вместе с онлайн-кинотеатром WINK:  🔹 Сеансы проходят с четверга по воскресенье в 18:00 и в 20:30.  🔹 Количество мест ограничено, успейте зарегистрироваться на сайте проекта.  🔹 Комфортный просмотр обеспечат теплые пледы для всех желающих.  «Благодаря развитой инфраструктуре Северный речной вокзал стал любимым местом отдыха горожан. На постоянной основе здесь проходят различные мероприятия, спортивные тренировки
51873;2025-09-09;19;mass_event;0;;;https://t.me/DtRoad/51873;Насыщенно провели это лето на речных вокзалах вместе с вами 🤗  Как отметил Максим Ликсутов, этим летом Северный и Южный речные вокзалы посетили более 1,2 млн человек. За этот период здесь провели 181 мероприятие.  За это лето с вами успели:  🔹 Посмотреть кино под открытым небом.  🔹 Позаниматься спортом с проектом «Спортивные выходные».  🔹 Провести красивейшие свадебные церемонии с проектом Мэра Москвы «Новые адреса счастья».  🔹 Организовать и отметить значимые городские праздники: День защиты детей, День России, День мотоциклиста, Театральный фестиваль, Парк Света, День Московского транспорта,
51894;2025-09-10;14;tram_route_change|new_line;1;;;https://t.me/DtRoad/51894;На проспекте Академика Сахарова открыли первую в России трамвайную линию без контактной сети   Её строительство — крупнейший проект возрождения трамвайной инфраструктуры последних лет в Москве.  📍 Этого ждали многие жители столицы. Проспект Академика Сахарова и улица Маши Порываевой — одни из немногих магистральных улиц, по которым не ходил городской транспорт.   Благодаря появлению новой трамвайной линии от Чистых прудов до площади трёх вокзалов мы смогли организовать трамвайный маршрут №90 от Сокольников до Павелецкого вокзала. Он соединил 20 станций рельсового каркаса: 4 центральных ж/д вок
51917;2025-09-10;18;mass_event;0;;2025-09-13;https://t.me/DtRoad/51917;🍂 Уже в эту субботу ждем вас на самом уютном велофестивале — Осеннем!  Проедем 26 км от ВДНХ до Крылатского по Московскому скоростному диаметру и Северо-Западной хорде. Стартуем с 13:00 до 15:00. Выехать на маршрут можно до 16:30. Если хотите завершить заезд раньше, на пути будут 2 съезда: к МЦК Лихоборы и Панфиловская.   В 2 фестивальных городках подготовили для вас насыщенную развлекательную программу! Также весь день будут выступать артисты «Музыка в метро».  На старте на ВДНХ с 12:00 до 17:00:  🔹 Фотозона «Вагон метро» и инсталляция из живых растений.  🔹 Интерактивная площадка «Фото мозаик
51921;2025-09-11;8;closure|mass_event;0;;2025-09-12|2025-09-13;https://t.me/DtRoad/51921;ЦОДД: 13 сентября будет временно закрыто движение для транспорта на нескольких улицах в связи с проведением Осеннего велофестиваля и велогонки «CyclingRace: Москва».  С 14:00 12 сентября до 07:00 13 сентября ограничат движение по 1 полосе на Крылатской улице, а с 16:00 до 23:59 12 сентября — в Продольном проезде.  Движение будет закрыто:  🔹 12 сентября с 22:00 до окончания мероприятия на площади перед главным входом ВДНХ. 🔹 13 сентября с 00:01 до окончания мероприятия в Продольном, 1-м и 2-м Поперечных проездах и на улице Крылатская. 🔹 13 сентября с 07:00 до 12:00 на улицах Нижние Мневники, Кр
51925;2025-09-11;10;tram_works|tram_route_change|new_line;1;;;https://t.me/DtRoad/51925;🚌🚌🚌 Транспортный хаб «Площадь трех вокзалов» стал еще удобнее: МЦД, трамваи, автобусы и электробусы теперь в одном месте!  У станции D2 и D4 Площадь трех вокзалов появилась новая трамвайно-автобусная остановка с 5 платформами. На новом участке начал работу маршрут трамвая 🌟: от метро «Сокольники» до Павелецкого вокзала. Новый маршрут соединяет 4 ж/д вокзала и 16 станций метро и МЦД.  Все маршруты разделили по направлениям:  🔹 Северная платформа 1A — для трамваев 🌟, 🌟, 🌟, 🌟 и электробуса 🌟 в сторону станций метро «Проспект Мира», «Новослободская» и Белорусского вокзала.   🔹 Центральная платформ
51928;2025-09-11;11;mass_event;0;;2025-09-14;https://t.me/DtRoad/51928;🥳 Праздник ждет вас!  Максим Ликсутов рассказал, что в честь Дня города мы подготовили более 35 тематических мероприятий.   Например:  🔹 Парад поездов на Кольцевой линии метро. 🔹 Осенний велофестиваль. 🔹 Праздничная программа на Северном и Южном речных вокзалах.  🔹 Раздача бесплатного мороженого.   На детский праздник от «Московского паркинга», мастер-классы по созданию обвесов для сумок от блогера ОК Ranisa и танцам, а также на мероприятие от Мостурфлота необходима предварительная регистрация.   Подробное расписание смотрите в карточках 👆  «Столица отмечает 878-летие. По поручению Мэра Москвы
51938;2025-09-11;12;mass_event;0;;2025-09-11|2025-09-13;https://t.me/DtRoad/51938;🚲 А вы уже собираетесь на Осенний велофестиваль с Велобайк?  Максим Ликсутов рассказал, что городской прокат подготовил специальные условия для участников заезда 13 сентября — пакет минут «Велофест».  Что входит в предложение:  🔹 Аренда велосипеда на 3 часа за 549 руб. Это 3 руб./мин. 🔹 Тариф доступен к покупке с 11 сентября и до окончания велофестиваля. 🔹 Пакет действует 7 дней с момента оплаты или до истечения 3 часов. В течение этого срока можно приобрести тариф повторно.  Количество велосипедов ограничено, рекомендуем приезжать заранее или брать их на ближайших парковках. Доступные велосип
51939;2025-09-11;13;tram_route_change;1;;2025-09-03;https://t.me/DtRoad/51939;🚊 Уже более 160 рейсов совершил первый в России беспилотный трамвай по маршруту №10 в районе Строгино. Он курсирует ежедневно в установленном графике.   Как рассказал Максим Ликсутов, с момента запуска инновационный транспорт успешно проехал более 730 км, перевез свыше 4 тыс. пассажиров и совершил более 2 700 запланированных остановок.  Первый беспилотный трамвай это:  🔹 Уникальность. Это первый и единственный в России трамвай, который может перевозить пассажиров в полностью беспилотном режиме. Он не имеет аналогов в мире.  🔹 Безопасность. Запуску движения с пассажирами предшествовали многочис
51952;2025-09-11;17;tram_works|tram_route_change;1;;2025-09-14;https://t.me/DtRoad/51952;В День города продлим работу московского транспорта   👍 В ночь с 13 на 14 сентября станции метро и МЦК будут открыты на вход до 02:00.   17 трамвайных маршрутов в разных районах города продолжат свою работу до 02:00.   В обычном режиме будут работать 18 регулярных ночных маршрутов. Расписание можно посмотреть здесь.  Подписаться на МАХ
51975;2025-09-12;13;tram_route_change|mass_event;1;;2025-09-14;https://t.me/DtRoad/51975;🎉 Поздравляем с Днем города!  Максим Ликсутов сообщил, что в честь праздника в столице 30 электробусов украсили цифрой 878. Кроме того, на 50 остановочных павильонах разместили праздничные плакаты.  «По традиции в дни государственных праздников украшаем наземный городской транспорт, как поручил Мэр Москвы Сергей Собянин. 13 и 14 сентября более 5,5 тыс. автобусов, электробусов и трамваев выйдут на маршруты с российскими флагами и гербом Москвы, а в вечернее время на электросудах регулярных речных маршрутов будет включена праздничная контурная подсветка в цветах флага России. Кроме того, водител
51988;2025-09-12;18;mass_event;0;;2025-09-13;https://t.me/DtRoad/51988;✨ Как креативно и необычно вы подошли к созданию костюмов для конкурса Осеннего велофестиваля! Восхищаемся!  Мы получили более 50 фото ваших невероятных образов. Наши партнеры выбрали из них самые-самые.  Встречайте победителей:  🔹 1-е место — Ольга  🔹 2-е место — Nadezhda 🔹 3-е место — Андрей Котельников 🔹 4-е место — Михаил Чернаков 🔹 5-е место — Lyubov Rubtsova  Приз зрительских симпатий и подарки от партнера получают 3 очаровательные участницы — Полина Рассолова, Margo Foxx и Оксана Бурмистрова.  Но это еще не все! Каждый участник конкурса получит лимитированный приз, а 9 самых юных фантаз
52008;2025-09-13;11;mass_event;0;;;https://t.me/DtRoad/52008;8 парадных поездов курсируют по Кольцевой линии метро в честь Дня города. Смотрите, изучайте, катайтесь и делитесь реакциями ❤️
52020;2025-09-13;13;mass_event;0;;;https://t.me/DtRoad/52020;🍂 Стартовал самый уютный и яркий праздник этой осени — велофестиваль!    Впереди 26 км пути и попутного ветра. А дальше — насыщенная развлекательная программа. Подробности здесь.   Ждем каждого 🤍
52031;2025-09-13;18;mass_event;0;;;https://t.me/DtRoad/52031;"🔥 Шелест листьев, ветер в волосах, яркие костюмы — это наш Осенний велофестиваль!  Максим Ликсутов рассказал, что более 60 тыс. человек приняли участие в Осеннем велофестивале. Это новый рекорд среди осенних заездов!  Сентябрь порадовал нас солнечной погодой, которая сделала заезд еще ярче! Как это было:  🔹 Мы решили повторить прошлогодний маршрут, который вам так понравился: проехали 26 км от ВДНХ до Крылатского по Московскому скоростному диаметру и Северо-Западной хорде. 🔹 Весь день для вас работали 2 фестивальных городка на старте и финише. В них проводились мастер-классы; участники отвечал"
52058;2025-09-14;11;mass_event;0;;;https://t.me/DtRoad/52058;🐎 «Территория будущего. Москва 2030». Подводим итоги  Масштабный диалог с москвичами о будущем нашего любимого города в этом году продлился 45 дней.  Более 14 млн человек на площадках форума воспользовались возможностью увидеть достижения, а главное - планы столицы по дальнейшему развитию.   Гости форума успели: ✍️ побывать в VR-зоне и протестировать новые профессии, ✍️ увидеть дрон-шахматы и гонки под открытым небом, ✍️ попасть на концерты и арт-шоу, ✍️ научиться оказывать первую помощь, ✍️ и даже «переехать» из хрущёвки в новостройку за 15 секунд.  Будущее столицы уже рядом — и оно не может 
52086;2025-09-14;14;tram_route_change|mass_event;1;1;2025-07-28|2025-09-24;https://t.me/DtRoad/52086;💌 Вам подарок ко Дню города от Музея транспорта Москвы.    Подготовили подборку архивных фото, на которых запечатлена транспортная история столицы:  🔹 Вагон конки на Тверской заставе. Москвичи пользовались конно-железными дорогами до начала 1910-х, потом маршруты электрифицировали и пустили трамвай. 🔹 Трамвай на Красной площади. С 1909 по 1930 год через главную площадь столицы проходил трамвайный маршрут. 🔹 Реконструкция автозавода ЗИС. В 1929–1931-х годах реконструировали московский завод АМО. Тогда же он получил новое имя: первый Государственный автомобильный завод имени И. В. Сталина.  🔹 За
52096;2025-09-14;16;mass_event;0;;;https://t.me/DtRoad/52096;Установили новый рекорд на Осеннем велофестивале — и все благодаря вам!  Сможете найти себя среди 60 тыс. велосипедистов, промчавшихся по улицам города в прошлую субботу?  С помощью проекта Gigarama мы сделали сотни кадров с самого выгодного ракурса. Скорее листайте и ищите себя ☺️  👍 Дептранс Москвы
52097;2025-09-14;17;mass_event;0;;;https://t.me/DtRoad/52097;🎉 Торжественный парад прошел в День города на Кольцевой линии метро!   Как отметил Максим Ликсутов, в нем приняли участие 8 парадных составов, которые курсировали по Кольцевой линии. Любой желающий мог прокатиться на каждом из них:  🔹 Любимый всеми ретропоезд «Сокольники». 🔹 Самая массовая в мире серия вагонов — «Номерной» и его модификация «81-717.6».  🔹 1-й состав современного поколения «Русич». 🔹 Разработка 2010-х годов — «Ока». 🔹 Самые современные поезда российского производства — «Москва», «Москва-2020» и «Москва-2024».  Только посмотрите, как это красиво 👆  👍 Дептранс Москвы
52125;2025-09-15;11;mass_event;0;;;https://t.me/DtRoad/52125;В рамках фестиваля «Лето в Москве» 43 художника проекта «Искусство в метро» представили свои работы.   Вы могли видеть мастеров и их работы на Арт-маркете на Страстном бульваре, организатором которого уже третий год подряд является Объединение «Выставочные залы Москвы».  Предлагаем познакомиться с художниками и их работами поближе 👆  «Проект «Искусство в метро» — охватывает уже 10 станций метрополитена и объединяет свыше 250 художников. За время его существования они написали более 2 тыс. картин. По поручению Мэра Москвы Сергея Собянина мы продолжаем развивать культурную среду в городском тран
52154;2025-09-16;10;mass_event;0;;2025-09-27;https://t.me/DtRoad/52154;🏍 Закрываем мотосезон 2025 вместе!  Максим Ликсутов сообщил, что 27 сентября на Воробьевых горах пройдет 13-й Московский мотофестиваль. Тысячи мотоциклистов соберутся вместе, чтобы ярко завершить сезон.     Подробное расписание мероприятия, маршрут и порядок заезда мотоклубов опубликуем ближе к дате фестиваля. Следите за новостями в нашем канале.  «Приглашаем москвичей на одно из главных событий этого года. Столичные мотофестивали — возможность напомнить всем участникам о соблюдении правил дорожного движения и ответственном поведении на дорогах. По задаче Мэра Москвы Сергея Собянина продолжаем
52174;2025-09-16;19;mass_event;0;;;https://t.me/DtRoad/52174;😎 Вспоминаем, как прошло обучение в самой креативной школе этого года!  Максим Ликсутов сообщил, что на Северном речном вокзале состоялось торжественное награждение выпускников «Школы блогеров».  Как прошла наша школа:  🔹 Проект для начинающих инфлюенсеров впервые открыли в июле.  🔹 На лекциях слушатели узнали много нового и полезного о современной медиасфере и производстве контента от популярных креаторов.  🔹 На выпускном школы участники взяли автографы у Евгении Медведевой и Ани Покров.  🔹 За все время школу посетили более 500 человек.  Что было на выпускном «Школы блогеров», смотрите в виде
52176;2025-09-17;9;tram_route_change;1;;2025-09-10;https://t.me/DtRoad/52176;«Сейчас мы опустим пантограф на крыше и продолжим поездку по проспекту Академика Сахарова». Вы слышали это, если уже ездили на наших автономных трамваях.   Современные вагоны «Львенок-Москва» от компании «ПК Транспортные системы» успешно ходят от метро «Сокольники» до Павелецкого вокзала. Участок по проспекту Академика Сахарова они проезжают без подключения к проводам. Подробнее читайте здесь.  Максим Ликсутов отметил, что с момента запуска 10 сентября автономные трамваи выполнили более 1,3 тыс. рейсов на новом маршруте 90. Системы накопления энергии и автономного хода отлично показывают себя 
52194;2025-09-17;16;mass_event;0;;2025-09-19|2025-09-27;https://t.me/DtRoad/52194;Участники мотоклубов и мотосообществ, эта новость для вас 😎  Приглашаем на жеребьевку перед 13-м Московским мотофестивалем, который пройдет 27 сентября. Вместе определим, в каком порядке мотоклубы и мотосообщества выйдут на трассу масштабного заезда по столице.    Для участия представителям мотообъединений надо заполнить анкету. Успейте подать заявку до конца дня 19 сентября.  Важно — ваш мотоклуб или мотосообщество должны соответствовать 2 критериям:  🔹 иметь собственный сайт 🔹 обладать официальной символикой (нашивки на жилетах, эмблемы с логотипом и названием клуба/сообщества)  «Приглашаем 
52196;2025-09-17;17;closure|mass_event;0;;2025-09-20;https://t.me/DtRoad/52196;ЦОДД: 20 сентября будет временно закрыто движение для транспорта на нескольких набережных и улицах Москвы в связи с проведением Московского Марафона (10 км).   Движение временно закроют:  🔹 С 05:00 до 12:30 на участках улицы Лужники (от дома 24, стр. 24 до Лужнецкой набережной) и Лужнецкой набережной (от улицы Лужники до Фрунзенской набережной).  🔹 С 08:50 до 13:00 на Смоленском бульваре и внешней стороне Зубовского бульвара.  🔹 С 09:00 до 13:00 в Крымском проезде и на Смоленской-Сенной площади.  🔹 С 09:00 до 13:50 на набережных Фрунзенской, Ростовской, Саввинской, Новодевичьей, а также на уча
52197;2025-09-17;18;tram_works;1;;;https://t.me/DtRoad/52197;Максим Ликсутов в интервью RT рассказал о развитии столичного беспилотного транспорта.   Главное из разговора:   🔹 Первый в России беспилотный трамвай проехал по улицам столицы уже более 10 тыс. км и ни разу не нарушил ПДД. Он двигается максимально безопасно за счет уникального для мирового транспорта набора оборудования. 🔹 Беспилотную систему полностью разработали сотрудники Московского метрополитена. Права на технологию принадлежат Правительству Москвы. 🔹 После завершения испытаний беспилотного трамвая Москва готова поделиться уникальной разработкой с другими регионами России. 🔹 Запуск беспи
52198;2025-09-17;19;mass_event;0;;;https://t.me/DtRoad/52198;Воспоминания об Осеннем велофестивале будут греть наши сердца всю предстоящую зиму!  Собрали самые теплые моменты в видео 👆  Кстати, в прошлые выходные мы с вами установили новый рекорд — впервые к Осеннему заезду присоединились 60 тыс. велосипедистов. Как здорово, что наша велосемья растет!  👍 Дептранс Москвы
52199;2025-09-17;19;mass_event;0;;;https://t.me/DtRoad/52199;Продолжаем праздновать 9-летие МЦК — с музыкантами театральной компании «НМХТ».  Коллектив из Перми познакомил пассажиров с музыкальной традицией коми-пермяков. Выступление состоялось в преддверии 100-часового фестиваля коми-пермяцкой культуры «ЛЮБИТÖМ», который пройдет в октябре.  3 саунд-художника сыграли несколько электронных композиций в «Ласточке», которая проехала от Владыкино до Балтийской. А после завершения перформанса все желающие могли пообщаться с музыкантами и сделать фото.   А как это было — смотрите ниже 👇  «В этом году мы отмечаем 9-летие МЦК. За время его работы пассажиры сове
52207;2025-09-18;8;closure|mass_event;0;;2025-09-21;https://t.me/DtRoad/52207;ЦОДД: 21 сентября лучше в центр города на метро: будет временно закрыто движение для машин на многих участках в связи с проведением Московского Марафона (42 км).  Движение временно закроют с 03:00 до 17:30:  🔹 На улицах: Лужники, Смоленская, Крымский Вал, Коровий Вал, Большая Ордынка, Балчуг, Яузская, Тверская, Моховая, Охотный Ряд, Садовая-Кудринская, Большая Садовая, Садовая-Триумфальная и Садовая-Каретная.  🔹 На набережных: Лужнецкая, Новодевичья, Саввинская, Ростовская, Николоямская, Костомаровская, Полуярославская, Серебряническая, Москворецкая, Котельническая, Гончарная, Краснохолмская, 
52213;2025-09-18;10;mass_event;0;;;https://t.me/DtRoad/52213;🥳 Москва отметила День города! В честь 878-летия столицы мы организовали более 35 праздничных мероприятий.   Максим Ликсутов рассказал, что площадки Московского транспорта посетили более 700 тыс. человек.  Давайте вспомним, как это было 👆  «По поручению Мэра Москвы Сергея Собянина приняли активное участие в подготовке Дня города. Постарались сделать наши площадки интересными для каждого. Спасибо всем, кто посетил мероприятия и провел праздничные выходные вместе с нами!» — добавил Максим Ликсутов.  👍 Дептранс Москвы
52253;2025-09-19;7;closure|mass_event;0;;;https://t.me/DtRoad/52253;Доброе утро!  Сегодня в Москве пасмурно, в течение дня местами возможен дождь 🌧  В связи с коротким рабочим днём вечерний разъезд начнётся сегодня раньше — около 16:00. Рекомендуем выезжать до него или отложить поездку на более позднее время.   Обращаем внимание, что в выходные центральные набережные и улицы будут временно закрыты для проезда транспорта в связи с проведением Московского Марафона.   Будьте внимательны за рулём. Соблюдайте дистанцию и не отвлекайтесь на телефон во время движения.  Удачной дороги 💚
52260;2025-09-19;12;mass_event;0;;2025-09-27;https://t.me/DtRoad/52260;Делимся маршрутом долгожданного Московского мотофестиваля 👆  Максим Ликсутов сообщил, что 27 сентября в 10:00 на смотровой площадке Воробьевых гор начнется масштабное мероприятие в честь закрытия сезона:  🔹 Колонна мотоциклистов стартует в 12:00 и проедет по Садовому кольцу, а затем присоединится к гостям фестиваля.  🔹 Развлекательная программа для всех желающих продлится до 18:00.  «Приглашаем всех на торжественное закрытие мотосезона 2025. Призываем всех относиться с уважением друг к другу на дороге, не забывать использовать защитную экипировку и соблюдать правила дорожного движения. По зада
52269;2025-09-19;17;mass_event;0;;;https://t.me/DtRoad/52269;Гостем нового выпуска программы Юлии Темниковой «Москва едет» на канале «Москва 24» стала спортсменка и блогер Евгения Медведева. Она рассказала о жизни в большом городе и о спортивных мероприятиях, которые регулярно проходят в Москве.  Собрали главное из разговора:  🔹 Были случаи, когда Евгению узнавали пассажиры городского транспорта. Спортсменка признается, что часто обычные поездки превращались в автограф-сессию. 🔹 Чаще всего Евгения предпочитает передвигаться на такси, а за руль садится в том случае, если нужно отправиться за город. Дело в том, что очень много рабочих вопросов приходится 
52312;2025-09-21;11;new_line;1;;;https://t.me/DtRoad/52312;На прошлой неделе мы запустили первую трамвайную линию без контактной сети на проспекте Академика Сахарова и новые станции Троицкой линии метро.  А это значит, что с момента открытия пассажирам стали доступны новые и удобные маршруты. Строить их удобнее всего в мобильных и веб-версиях приложений:  🔹 «Метро Москвы»  🔹 «Московский транспорт» 🔹 Яндекс Карты 🔹 Яндекс Метро 🔹 2ГИС  👍 Дептранс Москвы
52325;2025-09-21;17;mass_event;0;;;https://t.me/DtRoad/52325;Мы очень любим пересматривать фото с велофестивалей! Давайте вместе?   Делимся яркими кадрами с Осеннего фестиваля по ссылке.   Максим Ликсутов напомнил, что к Осеннему велозаезду присоединились более 60 тыс. человек. Это новый рекорд для осени!  В этот день мы проехали 26 км, участвовали в мастер-классах и мини-соревнованиях, выигрывали призы и многое другое!  Ищите себя на фото и сохраняйте ❤️  👍 Дептранс Москвы
52351;2025-09-22;12;tram_route_change|new_line;1;;;https://t.me/DtRoad/52351;🚊 Мощный старт нового трамвайного маршрута 90 в центре Москвы — им воспользовались уже более 150 тыс. пассажиров!  Трамваи ходят от станции метро «Сокольники» до Павелецкого вокзала. На линии — современные вагоны «Львенок-Москва» с автономным ходом. Они проезжают проспект Академика Сахарова без подключения к проводам.   Более 40 тыс. сотрудников различных организаций на проспекте Академика Сахарова получили возможность быстро и комфортно добираться до ближайших вокзалов, станций метро и МЦД. Новые остановки пользуются большой популярностью.   Пользуйтесь трамваем 90: его маршрут можно посмотре
52358;2025-09-22;14;mass_event;0;;2025-09-28;https://t.me/DtRoad/52358;Покажем взрослым, как нужно крутить педали? Ждем вас на первом Детском велофестивале 😉  Родители, информация для вас: 27 и 28 сентября проведем праздник на Цветном бульваре для ребят от 4 до 16 лет. Подготовили программу для всей семьи. Участие бесплатное!  Выбирайте подходящую возрастную категорию для велозаезда и регистрируйте себя и ребенка на сайте:  🔹 4–6 лет — 700 м 🔹 7–9 лет — 1,4 км 🔹 10–13 лет — 2,8 км 🔹 14–16 лет — 5,6 км  Если ваш ребенок не будет участвовать в заезде, вы все равно можете посетить наш праздник. Вместе с главным партнером — Московским Цирком Никулина — подготовили ун
52364;2025-09-22;17;mass_event;0;;2025-09-27;https://t.me/DtRoad/52364;Где даже зимой можно управлять мотоциклом? В мотошколе Мосгортранса!  Обучение и практические занятия здесь проходят весь год: в холодное время на отапливаемой площадке, также в летний сезон работает специально подготовленная трасса на улице.  В нашей мотошколе для учеников предусмотрены:  🔹 Индивидуальные занятия с опытными преподавателями, которые поделятся всеми секретами безопасного управления и помогут освоить безопасные навыки.  🔹 Вся защитная экипировка — шлем, куртка или черепаха, перчатки, наколенники и мотоботинки. Также площадка оснащена мягкими защитными матами по всему периметру. 
52368;2025-09-23;8;closure|mass_event;0;;2025-09-26|2025-09-27|2025-09-28;https://t.me/DtRoad/52368;ЦОДД: 27 сентября в связи с проведением Московского мотофестиваля временно будет закрыта для движения транспорта внешняя сторона Садового кольца. Для поездок в центр используйте метро.  27 сентября с 11:40 временно закроют движение на:  🔹 Улицах Косыгина (в сторону Воробьевского шоссе), Большая Дорогомиловская и Смоленская.  🔹 Воробьевском шоссе.  🔹 Бережковской набережной.  🔹 Внешней стороне Садового кольца.  🔹 Бородинском мосту.  🔹 Съездах с Бородинского моста на набережную Тараса Шевченко.  Движение восстановят по мере прохождения мотоколонны.  Также движение закроют:  🔹 26 сентября с 09:00
52369;2025-09-23;9;tram_route_change|new_line;1;;;https://t.me/DtRoad/52369;Более 2,8 млн поездок совершили пассажиры за 1 год по маршруту трамвая №2, который проходит по улице Сергия Радонежского.  Несколько интересных фактов:  🔹 Почти 700 тыс. жителей ЮВАО, ВАО и ЦАО получили новый экологичный способ передвижения по городу. 🔹 Маршрут №2 идет от 3-й Владимирской улицы через шоссе Энтузиастов, улицу Сергия Радонежского и Андроньевскую площадь до Курского вокзала.  🔹 По маршруту №2 курсируют 9 современных полностью низкопольных трехсекционных трамваев «Витязь-Москва». 🔹 Интервал движения — 10 мин.   «Год назад Мэр Москвы Сергей Собянин открыл трамвайную линию на улице 
52408;2025-09-24;9;mass_event;0;;2025-09-27;https://t.me/DtRoad/52408;Проведем незабываемо эти выходные на 13-м Московском мотофестивале 😎  Максим Ликсутов сообщил, что 27 сентября на смотровой площадке Воробьевых гор пройдет масштабное мотособытие по случаю закрытия сезона.   С самого утра гостей мероприятия ждут:  🔹 Развлекательная программа для взрослых и детей.  🔹 Полевая кухня и точки раздачи еды.  🔹 Зажигательные выступления известных артистов.   Подробную программу смотрите в карточках 👆  А еще вечером подведем итоги розыгрыша главного приза фестиваля — мотоцикла. Вход на мероприятие свободный!   «Уже в эту субботу приглашаем всех желающих присоединиться 
52414;2025-09-24;10;mass_event;0;;2025-09-28;https://t.me/DtRoad/52414;Момент настал! Делимся программой Детского велофестиваля 😉   Организуем 6 интерактивных зон, где ребенок любого возраста сможет найти что-то интересное для себя. Подробности ищите в карточках 👆  27 и 28 сентября пройдут динамично:  🔹 11:00–18:00 — работа фестивальных площадок и программа на сцене 🔹 12:00–15:00 — велозаезды для детей 🔹 15:45–16:30 — выступление артиста 🔹 17:00–17:55 — детская дискотека  Подробнее о программе и приглашенных гостях расскажем в Telegram-канале «Дептранс. Афиша».  «По поручению Мэра Москвы Сергея Собянина в эти выходные мы впервые проведем Детский велофестиваль. Чт
52420;2025-09-24;11;closure|mass_event;0;;2025-09-26|2025-09-27|2025-09-28|2025-09-29;https://t.me/DtRoad/52420;ЦОДД: 27 и 28 сентября будет закрыто движение для транспорта в районе Цветного бульвара в связи с проведением Московского детского велофестиваля.  Движение закроют:  🔹 27 сентября с 00:01 до 20:00 и 28 сентября с 08:00 до 22:00 на Цветном бульваре от Садового кольца до Петровского бульвара в каждом направлении.  Кроме того, будут ограничения движения:  🔹 По 1 крайней левой полосе 26 сентября с 10:00 до 22:00 и 28 сентября с 20:00 до 10:00 29 сентября на Цветном бульваре от д. 27/24 до д. 1. 🔹 По 1 крайней правой полосе 27 сентября с 08:00 до 20:00 и 28 сентября с 08:00 до 22:00 на Петровском б
52421;2025-09-24;12;mass_event;0;;2025-09-25;https://t.me/DtRoad/52421;🧐 Приглашаем вас провести с нами День финансовой грамотности на Южном речном вокзале!  25 сентября Департамент финансов Москвы проведет предпринимательский день фестиваля финансовой грамотности и предпринимательской культуры, который будет посвящен теме: «Свой бизнес. Миссия выполнима».  Гостей фестиваля ждут:  🔹 Мастер-класс о построении успешной сети предприятий по модели франчайзинга. 🔹 Практикум по стратегиям адаптации к динамично меняющемуся рынку маркетплейсов. 🔹 Тренажеры виртуальной реальности для отработки навыков управления финансами. 🔹 Экспресс-тест для оценки ваших знаний по финанс
52424;2025-09-24;13;mass_event;0;;2025-09-27;https://t.me/DtRoad/52424;🥳 Давайте вместе отпразднуем день рождения Российского университета транспорта на Северном речном вокзале!  27 сентября отмечаем 129-летие со дня основания ведущего транспортного вуза страны. В программе:   🔹 Мастер-классы, аквагрим и анимационная программа от любимых транспортных героев. 🔹 Бесплатные прогулки по набережной на туристических автобусах. 🔹 Парад флагов и показы форменной одежды сотрудников Транспортного комплекса и студентов Российского университета транспорта. 🔹 Концертная программа от артистов проекта «Музыка в метро» и студентов РУТ.  «В эту субботу на Северном речном вокзале 
52438;2025-09-24;16;mass_event;0;;2025-10-14;https://t.me/DtRoad/52438;⚽️ Мы открыли новую экспозицию вместе с Российским футбольным союзом!   Как рассказал Максим Ликсутов, выставку посвятили истории Кубка России по футболу среди женских команд.  Экспозицию разместили на эскалаторной галерее на Воробьевых горах. Посетить ее можно до 14 октября включительно.  На фотографиях пассажиры увидят:    🔹 футболисток из разных команд 🔹 атмосферу во время матчей 🔹 традиции футбольных клубов 🔹 эффектные и решающие моменты игр 🔹 самых преданных болельщиков  👍 Дептранс Москвы
52443;2025-09-24;17;mass_event;0;;;https://t.me/DtRoad/52443;🚀 Студенты, вы уже выбрали темы для курсовых и выпускных работ?  Мы попросили экспертов ЦОДД и ИЦ «Безопасный транспорт» рассказать, какие темы исследований кажутся им перспективными и интересными. Опираясь на многолетний опыт работы и наблюдение за актуальными тенденциями, специалисты предложили 14 потенциальных тем.  Наиболее востребованные направления для изучения:  🔹 Развитие инфраструктуры для комфортного и безопасного движения СИМ и велосипедов.  🔹 Адаптация городского пространства для передвижения курьеров и роботов-доставщиков.  🔹 Применение искусственного интеллекта в транспортной отр
52462;2025-09-25;14;mass_event;0;;;https://t.me/DtRoad/52462;Мотоциклистам приготовиться! 😎  Максим Ликсутов напомнил, что уже в эту субботу состоится 13-й Московский мотофестиваль в честь закрытия мотосезона. Гостей ждут выступления артистов и насыщенная праздничная программа.  Как пройдет мотозаезд:   🔹 Мотоклубы, которые принимали участие в жеребьевке, выстраиваются в соответствии со своим номером.  🔹 Остальные участники занимают места по мере прибытия на площадку.  🔹 Мотоколонна стартует с Университетской площади в 12:00 и проследует по внешней стороне Садового кольца.  Схему проезда к началу колонны показали в карточке 👆  Просим вас соблюдать прави
52463;2025-09-25;14;closure;0;;2025-09-27|2025-09-28;https://t.me/DtRoad/52463;С 27 по 28 сентября в центре и на юго-западе Москвы изменится схема движения в связи со строительством пересадки со станции «Академическая» Троицкой линии на Калужско-Рижскую линию метро.   Для удобства пассажиров вдоль закрытых станций будут ходить бесплатные автобусы. Чтобы они могли передвигаться без задержек, мы временно изменим дорожное движение на это время:  🔹 Движение на съезде с ТТК на Ленинский проспект в сторону области сохранится по двум из четырех полос. 🔹 Правый поворот с Профсоюзной улицы на улицу Гарибальди и левый поворот с проезда Апакова на улицу Шаболовка будут закрыты, как
52476;2025-09-25;19;closure;0;;;https://t.me/DtRoad/52476;"ЦОДД: завтра в центре возможны локальные ограничения движения — рекомендуем использовать городской транспорт для поездок по городу  На дорожное движение завтра также могут повлиять:  🔹 короткий рабочий день; 🔹 мелкие ДТП; 🔹 ремонтные работы на дороге.    Будьте внимательны за рулем: соблюдайте скоростной режим и дистанцию, не отвлекайтесь на телефон во время движения. Планируйте свой маршрут заранее.  За ситуацией на дороге 24/7 следят Ситуационный центр и экипажи Дорожного патруля ЦОДД."
52477;2025-09-26;7;closure|mass_event;0;;;https://t.me/DtRoad/52477;Доброе утро!  В последний рабочий день на этой неделе синоптики прогнозируют облачную погоду с прояснениями 🌤  В связи с коротким рабочим днём вечерний разъезд начнётся сегодня раньше — около 16:00. Рекомендуем выезжать до него или отложить поездку на более позднее время.  Напоминаем, что в субботу в связи с проведением Московского мотофестиваля будут временно закрыты внешняя сторона Садового кольца и ряд улиц в центре города. Заранее планируйте маршрут с учётом перекрытий.  Соблюдайте дистанцию, избегайте резких манёвров и не отвлекайтесь на телефон во время движения.  Желаем удачного пути и 
52478;2025-09-26;9;mass_event;0;;2025-09-28;https://t.me/DtRoad/52478;🚲 Едем на Детский велофестиваль с Велобайк!  Максим Ликсутов напомнил, что 27–28 сентября впервые пройдет Детский велофестиваль. Там вас ждет интерактивная зона городского проката.  Что подготовил Велобайк:  🔹 Подарки и сувениры для детей. 🔹 Полоса препятствий и школа безопасности. 🔹 Большая раскраска, дженга, пазлы и другие развлечения для маленьких гостей.  Подробнее о детских велосипедах рассказывали тут. Напоминаем, что их может арендовать родитель ребенка. Количество велосипедов ограничено.   «По поручению Мэра Москвы Сергея Собянина мы продолжаем развивать городской прокат и делаем его д
52483;2025-09-26;10;tram_works|mass_event;1;;;https://t.me/DtRoad/52483;Создавать картины на трамвайно-ремонтном заводе? Да! Все возможно для участников нового сезона проекта «Искусство в метро».  Источником вдохновения для 15 мастеров стали:  🔹 вагоны, которые ожидают ремонта или списания 🔹 трамваи с Парада ретротранспорта  3-й сезон проекта «Искусство в метро» уже стартовал. Прошли отборы, и сейчас более 300 аккредитованных участников, среди которых более 20 юных художников, будут создавать картины о Московском транспорте. Генеральный партнер и оператор проекта — Объединение «Выставочные залы Москвы».  «Мы продолжаем развивать метрополитен как популярное культур
52493;2025-09-26;11;tram_works|tram_route_change;1;;;https://t.me/DtRoad/52493;🚊 Более 33 тыс. км проехали первые в России автономные трамваи «Львенок-Москва» по маршруту 90.   Как рассказал Максим Ликсутов, на линии работают 20 современных вагонов, которые могут ехать без контактной сети. Как это работает:   🔹 Трамваи накапливают энергию, когда соприкасаются с проводами.  🔹 На остановках перед участком без контактной сети водитель опускает пантограф на крыше.  🔹 По проспекту Академика Сахарова трамвай едет на автономном ходу без подключения к проводам.  🔹 После автономного участка водитель поднимает пантограф. Трамвай продолжает ехать по маршруту и снова накапливает эне
52502;2025-09-26;13;mass_event;0;;;https://t.me/DtRoad/52502;Уже совсем скоро услышим рев моторов и увидим тысячи мотоциклистов на Садовом 😎  Максим Ликсутов напомнил, что уже завтра пройдет масштабный 13-й Московский Мотофестиваль. Колонна проедет по Садовому кольцу и финиширует на Университетской площади. Там праздник продолжится выступлениями артистов, мастер-классами и розыгрышами призов.  В это день для вас выступят:  🔹 10:55 — группа «Парк Горького»  🔹 15:45 — Владимир Кузьмин и группа «Динамик» 🔹 17:00 — группа «Северный Флот»  Подробное расписание мероприятия смотрите здесь.   И еще одно объявление! Вместе с проектом Gigarama будем фотографирова
52515;2025-09-26;17;mass_event;0;;2025-09-27;https://t.me/DtRoad/52515;Еще несколько деталей о предстоящем Мотофестивале 😎  Максим Ликсутов сообщил, что в Центре перспективных разработок Московского транспорта прошла жеребьевка мотоклубов. Участники вытянули порядковые номера, которые соответствуют их очереди во главе колонны.   Что еще было на жеребьевке:  🔹 Представили трассу заезда для участников.  🔹 Напомнили мотоклубам о правилах безопасного движения в колонне. 🔹 Выступление артистов проекта «Музыка в метро».  🔹 Познакомили гостей с Алексеем Наумовым — чемпионом России, мастером спорта международного класса, двукратным победителем ралли «Шелковый Путь».    С
52517;2025-09-26;19;tram_route_change;1;;;https://t.me/DtRoad/52517;Уже прокатились по новому маршруту трамвая 90? Он очень живописный! 👆  Из окон современных трамваев открываются волшебные виды на исторические здания столицы и городские осенние пейзажи.  А еще 2,1 км этого маршрута трамваи проезжают на автономном ходу — без подключения к проводам!  👍 Дептранс Москвы
52525;2025-09-27;12;mass_event;0;;;https://t.me/DtRoad/52525;Закрываем мотосезон красиво! Стартовал 13-й Московский мотофестиваль. Встречайте участников на Садовом кольце 🔥
52527;2025-09-27;13;mass_event;0;;;https://t.me/DtRoad/52527;А на Цветном бульваре мы проводим первый Детский велофестиваль. Здесь не только велозаезды, но и масштабная культурная программа. Приходите всей семьей! Программа праздника здесь.
52539;2025-09-27;15;mass_event;0;;;https://t.me/DtRoad/52539;Провожаем мотосезон 2025! 🏍  На Университетской площади уже идет праздничная программа 13-го Московского мотофестиваля. Колонна из тысяч мотоциклистов завершила заезд по Садовому кольцу.   До конца дня на фестивале:  🔹 выступления известных артистов 🔹 мастер-классы и активности для детей 🔹 Флэт-трек и «Шар смелости» 🔹 выставка мототехники и экипировки 🔹 работают точки раздачи еды 🔹 розыгрыш мотоцикла  «Провожаем мотосезон масштабным фестивалем, который традиционно собрал тысячи участников. Такие мероприятия привлекают внимание к мотокультуре и напоминают о важности соблюдения ПДД. Продолжаем п
52556;2025-09-28;10;mass_event;0;;;https://t.me/DtRoad/52556;🔥 Это было зрелищно! Смотрите, как масштабно мы отметили завершение мотосезона 2025.   Максим Ликсутов сообщил, что более 12 тыс. мотоциклистов проехали по Садовому кольцу на 13-м Московском мотофестивале. Мероприятие посвятили 90-летию метро и безопасности на дорогах столицы.   Немного подробностей:   🔹 Колонну мотоциклистов в заезде по Садовому кольцу возглавили 26 мотоклубов.  🔹 На смотровой площадке Воробьевых гор весь день шла развлекательная программа с конкурсами, яркими шоу, интервью приглашенных гостей и выступлениями известных артистов.  🔹 Разыграли главный приз — мотоцикл.  Это было
52565;2025-09-28;11;new_line;1;;;https://t.me/DtRoad/52565;Поздравляем всех специалистов, которые создают лучший в мире городской транспорт! С Днем машиностроителя 🎉  Максим Ликсутов сообщил, что в этом году заключили контракты на поставку почти 2 тыс. единиц самого современного подвижного состава. Это экологичные электробусы, высокотехнологичные вагоны метро и инновационные трамваи. Комплектующие для них производят на заводах по всей стране.  Также в этом году благодаря нашим специалистам:  🔹 Запустили на маршруты новое поколение электробусов. На заводе СВАРЗ собрали уже более 200 инновационных машин.  🔹 Приняли около 200 вагонов «Москва-2024». Они у
52569;2025-09-28;11;mass_event;0;;;https://t.me/DtRoad/52569;А это не вы на фото? Подготовили снимки участников Мотофестиваля вместе с проектом Gigarama.   Листайте фото, отмечайтесь и ощутите атмосферу события еще раз. Спасибо, что были с нами в этот день ❤️  👍 Дептранс Москвы
52570;2025-09-28;12;tram_route_change;1;;;https://t.me/DtRoad/52570;Интервалы, пересадки и способы оплаты проезда: все о новом трамвайном маршруте 90, на котором курсируют первые в России автономные трамваи.  На остановках вы увидите:  🔹 почасовые интервалы движения маршрута в будни и выходные 🔹 маршрут трамвая на географической карте  В самом трамвае вас ждут:  🔹 стикеры со способами оплаты проезда 🔹 список ключевых улиц и пересадок  🔹 аудиосообщения в стиле Московского транспорта  Также мы обновили схему всей трамвайной сети Москвы, на ней отображен маршрут №90. Ее можно посмотреть на Едином транспортном портале.  «Вместе с запуском нового трамвайного маршру
52574;2025-09-28;14;tram_route_change;1;;;https://t.me/DtRoad/52574;💚 Цвет настроения зеленый!   Мы обновили подсветку на крыше и в салоне автономных трамваев «Львенок-Москва», которые ходят в центре города. Теперь все вагоны нового маршрута 90 светятся зеленым цветом. Это особенно заметно по вечерам.   Первые в России автономные трамваи могут ехать без подключения к проводам. Новую линию на проспекте Академика Сахарова они проезжают на автономном ходу.   «Новый маршрут трамвая 90 на схемах обозначен зеленым. Такого же цвета сделали и подсветку на всех автономных трамваях, чтобы пассажирам стало проще и удобнее ориентироваться. Продолжаем развивать рельсовый т
52580;2025-09-28;16;tram_works|tram_route_change;1;;;https://t.me/DtRoad/52580;🏆 Первый в России полностью беспилотный трамвай стал победителем премии в сфере интеллектуальных разработок.  Максим Ликсутов рассказал, что инновационный транспорт удостоен премии журнала «Интеллектуальные транспортные системы России».    Московский беспилотный трамвай на регулярной основе курсирует по маршруту №10 в районе Строгино. Это уникальный проект, который не имеет аналогов в мире. Награда посодействует дальнейшему развитию цифровых технологий на транспорте.  «Москва подтвердила звание мирового лидера в сфере городского беспилотного транспорта. Запуск первого в России беспилотного тра
52582;2025-09-28;18;mass_event;0;;;https://t.me/DtRoad/52582;🚴‍♂️ Завершили сезон велофестивалей по-семейному на Детском велопразднике!  Максим Ликсутов рассказал, что 1-й Детский велофестиваль посетили более 22 тыс. человек, из них 10,7 тыс. ребят приняли участие в заезде.  Как прошел праздник на Цветном бульваре:  🔹 Дети от 4 до 16 лет приняли участие в заездах на разные дистанции: от 700 м до 5,6 км. 🔹 Гости получили более 32 тыс. угощений и 24 тыс. подарков и сувениров.  🔹 Оба дня в фестивальном городке проходила насыщенная развлекательная программа. Ребята любого возраста нашли для себя что-то интересное и познавательное. 🔹 Юные велосипедисты выучи
52614;2025-09-29;17;mass_event;0;;;https://t.me/DtRoad/52614;Смотрите, как интересно было в эту субботу на Северном речном вокзале 👆  Отпраздновали здесь 129-летие со дня основания Российского университета транспорта. Тематическое мероприятие посетили более 2 тыс. человек.  Вместе с вами мы:  🔹 Увидели парад флагов, поучаствовали в мастер-классе и сделали аквагрим. 🔹 Посмотрели показ форменной одежды Транспортного комплекса и студентов Российского университета транспорта. 🔹 Прогулялись по набережной на туристических автобусах. 🔹 Встретились с любимыми детскими персонажами Московского транспорта и символом университета, бобром Крутей. 🔹 Посмотрели концер
52626;2025-09-30;11;closure|mass_event;0;;2025-10-01|2025-10-04|2025-10-05;https://t.me/DtRoad/52626;1️⃣2️⃣3️⃣4️⃣5️⃣6️⃣7️⃣8️⃣ ЦОДД: 4 и 5 октября будет временно закрыто движение для транспорта в центре в связи с проведением полумарафона «Моя столица».  Движение перекроют:  🔹 С 09:00 1 октября до 22:00 5 октября на Университетской площади. 🔹 4 октября с 08:00 до 16:00 на улице Косыгина и Мичуринском проспекте.  🔹 5 октября с 09:00 до 16:00 на проспекте Вернадского и мосту Лужники. 🔹 5 октября с 09:30 до 13:00 на съезде с моста Лужники, на улице Хамовнический Вал, Фрунзенской и Лужнецкой набережных.  Также будет временно запрещена парковка с 00:01 4 октября до окончания мероприятия на участках 
52636;2025-09-30;15;tram_route_change;1;;;https://t.me/DtRoad/52636;С запуском трамвайного маршрута 90 жители Восточного округа получили удобный способ добраться до центра столицы.   Что нужно знать:  🔹 Маршрут 90 соединяет Сокольники с Павелецким вокзалом через Бульварное кольцо. 🔹 Появилось множество коротких пересадок на другие виды транспорта. Они позволяют быстрее добираться до вокзалов, станций метро и деловых центров из районов ВАО. 🔹 Время в пути сократилось, а поездки стали удобнее — не нужно спускаться в метро.  🔹 Пассажиры могут наслаждаться видами города из окна трамвая.  «Запуск трамвайного маршрута 90 — важный шаг в развитии транспортной инфрастр
52658;2025-09-30;18;mass_event;0;;;https://t.me/DtRoad/52658;«Это больше, чем сердце…»  Сегодня на станции метро «Мякинино» сюрпризом для всех пассажиров стало выступление Басты.  Артист исполнил свои культовые песни: «Сансара», «На заре», «Выпускной», а также заглавный сингл мюзикла «Любовь без памяти».  Исполнитель подарил всем хорошее настроение, и мы хотим поделиться им с вами 👆  👍 Дептранс Москвы
52669;2025-10-01;12;mass_event;0;;2025-11-01;https://t.me/DtRoad/52669;🎉 Поздравляем с 10-летием «Матч ТВ» новой тематической «Тройкой»!  1 ноября федеральный спортивный телеканал «Матч ТВ» отметит юбилей.  Как рассказал Максим Ликсутов, карты представлены в 2 вариантах: с талисманом телеканала, а также со спортивными и телевизионными элементами.  Купить карты вы можете:  🔹 на стойках «Живое общение» 🔹 во флагманских магазинах метро на станциях «Маяковская» и «Трубная» 🔹 в интернет-магазине 🔹 на маркетплейсах: Яндекс Маркет, OZON, Wildberries  👍 Дептранс Москвы
52674;2025-10-01;13;mass_event;0;;;https://t.me/DtRoad/52674;На старт, внимание, марш!  Вместе с телеканалом «Матч ТВ» мы запустили поезд в честь 10-летия федерального спортивного канала.  В 5 вагонах поезда пассажиры смогут:  🔹 Узнать о правилах и истории популярных видов спорта. 🔹 Познакомиться с достижениями легендарных российских и советских спортсменов. 🔹 Услышать голоса известных ведущих и комментаторов «Матч ТВ». Например, станции будут объявлять Константин Генич и Ольга Богословская.  Прокатитесь на составе по Сокольнической линии до конца марта 2026 года.  «В честь 10-летия федерального спортивного телеканала «Матч ТВ» мы запустили новый темати
52678;2025-10-01;14;mass_event;0;;;https://t.me/DtRoad/52678;Кот Шредингера смотрит на пассажиров с новых тематических билетов «Единый»! Такое оформление мы сделали к фестивалю «Наука 0+», которому в этом году исполняется 20 лет.  На обратной стороне билетов указали:  🔹 Даты проведения фестиваля. 🔹 Адрес сайта с подробным описанием программы бесплатного мероприятия.  Купить новый «Единый» можно в кассах и автоматах по продаже билетов на всех станциях метро.  «Мы поддерживаем просветительские проекты по задаче Мэра Москвы Сергея Собянина. Специально к Международному фестивалю «Наука 0+» подготовили тематические билеты «Единый». В этом году также проводил
52687;2025-10-01;18;mass_event;0;;;https://t.me/DtRoad/52687;Это было мило! Смотрите, как прошел наш первый Детский велофестиваль 👆  Максим Ликсутов рассказал, что на Цветной бульвар пришли более 22 тыс. родителей и детей. В заездах участвовали 10,7 тыс. ребят.   Несмотря на осеннюю погоду, дети, родители и волонтеры создали настоящее солнечное настроение 😍  👍 Дептранс Москвы
52703;2025-10-02;12;mass_event;0;;;https://t.me/DtRoad/52703;Мотофестиваль прошел, а эмоции остались! Вспомним, как это было 🔥  Максим Ликсутов сообщил, что мероприятие посвятили 90-летию московского метро и безопасности на дорогах. По Садовому кольцу проехали свыше 12 тыс. мотоциклистов в честь закрытия мотосезона 2025.  В этот день:  🔹 Радовали гостей праздничной программой.  🔹 26 мотоклубов возглавили колонну.  🔹 Разыграли главный приз дня — мотоцикл.  Самые яркие моменты фестиваля смотрите в нашем ролике 👆   До встречи в новом мотосезоне!  👍 Дептранс Москвы
52740;2025-10-03;7;closure|mass_event;0;;;https://t.me/DtRoad/52740;Доброе утро!  Сегодня в городе ожидается облачная погода, местами возможен небольшой дождь 🌦  В связи с коротким рабочим днем вечерний разъезд начнется сегодня раньше — около 16:00. Рекомендуем выезжать до него или отложить поездку на более позднее время.   Напоминаем, что в выходные будет временно закрыто движение для транспорта в центре в связи с проведением полумарафона «Моя столица». Рекомендуем планировать маршрут заранее.   Будьте внимательны за рулем. Соблюдайте скоростной режим и дистанцию.  Удачной дороги 💚
52745;2025-10-03;11;tram_route_change;1;;2025-09-03;https://t.me/DtRoad/52745;Первый в России полностью беспилотный трамвай курсирует по маршруту 10 с пассажирами уже 1 месяц.  Максим Ликсутов сообщил, что с момента запуска инновационный транспорт перевез почти 14 тыс. пассажиров. Он регулярно выходит на маршрут и выполняет стандартные для трамваев 8-часовые смены.  Что думают о поездках сами пассажиры? Их впечатления и реакции — в ролике 👆  Основные итоги месяца:  🔹 более 500 рейсов 🔹 2,8 тыс. км без единого нарушения ПДД 🔹 4 284 запланированные остановки  «В год своего 90-летия Московский метрополитен подтверждает статус одного из самых технологичных транспортных пред
52786;2025-10-04;10;closure|mass_event;0;;2025-10-04|2025-10-05;https://t.me/DtRoad/52786;ЦОДД: напоминаем, что в выходные, 4 и 5 октября, будет временно закрыто движение для транспорта в центре в связи с проведением полумарафона «Моя столица»  Движение будет временно закрыто:  🔹 До 22:00 5 октября на Университетской площади. 🔹 4 октября с 08:00 до 16:00 на улице Косыгина и Мичуринском проспекте.  🔹 5 октября с 09:00 до 16:00 на проспекте Вернадского и мосту Лужники. 🔹 5 октября с 09:30 до 13:00 на съезде с моста Лужники, на улице Хамовнический Вал, Фрунзенской и Лужнецкой набережных.  Также на участках ограничений будет запрещена парковка.  Будьте внимательны и планируйте маршрут 
52815;2025-10-04;18;mass_event;0;;;https://t.me/DtRoad/52815;🎉 Поздравляем победительницу розыгрыша 13-го Московского мотофестиваля!  Счастливой обладательницей нового мотоцикла стала Мария Буртова.   Желаем безопасных поездок и ждем встречи в следующем мотосезоне.  Впечатления Марии — в видео 👇
52850;2025-10-06;14;new_line;1;;;https://t.me/DtRoad/52850;К открытию новой трамвайной линии на проспекте Академика Сахарова благоустроили территорию и воплотили в жизнь новые транспортные схемы.    Строительство новой линии меняет городскую среду. Это не только пути и сами трамваи, но и удобные пешеходные переходы, согласованные планы движения всех участников вдоль маршрута.  Поэтому по транспортным схемам специалистов НИИ «МосТрансПроект» коллеги из Комплекса городского хозяйства и Департамента капитального ремонта провели благоустройство:  🔹 Заложили приподнятые трамвайные остановки для комфорта и удобства всех групп пассажиров. 🔹 Организовали новы
52870;2025-10-07;11;tram_route_change;1;;2025-10-12|2025-10-18;https://t.me/DtRoad/52870;Сразу 2 особенных маршрута от проекта «Экскурсии в метро» ждут вас в октябре.  1️⃣ Поездка в легендарном вагоне «Татра Т2» познакомит с прошлым и настоящим городского транспорта и архитектурой исторических районов Москвы.   Дневная экскурсия на ретротрамвае пройдет по маршруту «А» 12 октября на участках:  🔹 МЦД Калитники — «Чистые пруды» 🔹 «Чистые пруды» — МЦД Калитники  2️⃣ В ночь с 17 на 18 октября отправляйтесь на экскурсию по метро. Участники смогут посетить электродепо «Измайлово», проехать в историческом поезде по Арбатско-Покровской и Филевской линиям, а еще увидеть столицу с метромоста
52938;2025-10-09;10;closure;0;;;https://t.me/DtRoad/52938;1️⃣2️⃣3️⃣4️⃣5️⃣6️⃣7️⃣ Как в Яндекс Картах и Навигаторе появляются актуальные изменения в схемах движения на дорогах Москвы?  Специалисты Ситуационного центра и дорожные кураторы ЦОДД сообщают в навигационные сервисы Яндекс Карты и Яндекс Навигатор о любых изменениях в схеме движения или ограничениях. Так водители могут сразу построить альтернативный путь и сэкономить время в дороге.  Какие данные передают сотрудники ЦОДД:  🔹 Точные места и время перекрытий. 🔹 Удобные пути объезда. 🔹 Актуальные ограничения на дороге, например, изменение скоростного режима. 🔹 Ввод одностороннего или двустороннег
52948;2025-10-09;12;mass_event;0;;;https://t.me/DtRoad/52948;🚴‍♂️ Московские велофестивали в этом году были яркими, уникальными и насыщенными! Мы даже установили несколько рекордов.  Максим Ликсутов рассказал, что к 5 прошедшим велозаездам присоединились около 250 тыс. человек.  Каждый велофестиваль стал особенным:   🔹 Весенний праздник собрал рекордное количество велосипедистов — более 67 тыс. человек. 🔹 На 1-м Ночном заезде участники проехали по новому маршруту вдоль 2 рек: Москвы и Яузы. 🔹 2-й Ночной велофестиваль прошел на Садовом кольце. Традиционный маршрут Весеннего заезда впервые можно было увидеть в огнях вечерней Москвы. 🔹 На Осеннем заезде ве
52996;2025-10-10;9;tram_works|tram_route_change|new_line;1;;;https://t.me/DtRoad/52996;Автономные трамваи «Львенок-Москва» уже 1 месяц перевозят пассажиров по маршруту 90.  С момента запуска они:  🔹 совершили более 5 тыс. рейсов 🔹 перевезли более 400 тыс. пассажиров  🔹 проехали более 60 тыс. км   За все время трамваи, которые разработала компания «ПК Транспортные системы», доказали свою надежность и безопасность. Поездки на них быстрее. Не нужно лишний раз спускаться в метро и использовать подземные переходы.   Подробнее про маршрут 90 и новую трамвайную линию по проспекту Академика Сахарова читайте здесь.  «Запуск автономного трамвая на маршруте 90 — это еще один шаг к реализац
52999;2025-10-10;10;tram_works;1;;;https://t.me/DtRoad/52999;🚍 Наземный транспорт — отличный выбор для поездок в рабочие будни!  Максим Ликсутов сообщил, что среднее число поездок в будни на автобусах, электробусах и трамваях достигло 4,5 млн. Это на 15% больше, чем в конце лета. С окончанием сезона отпусков и увеличением деловой активности пассажиры стали чаще пользоваться городским транспортом.  Мы постоянно повышаем комфорт наших пассажиров. Во всем наземном городском транспорте есть:  🔹 Откидная аппарель и кнопки вызова водителя для маломобильных пассажиров.  🔹 Накопительная площадка для колясок, велосипедов и крупного багажа.   🔹 Места для пожилых 
53028;2025-10-10;17;mass_event;0;;2025-10-13|2025-10-14;https://t.me/DtRoad/53028;Поддержим нашу сборную в футбольном матче с Боливией!  Мы с Российским футбольным союзом подарим самым творческим болельщикам 10 билетов на матч, который состоится 14 октября.  Чтобы получить билеты, нужно:  🔹 Проверить подписку на каналы Дептранс Москвы и РФС. 🔹 Придумать креативную и патриотичную кричалку в поддержку российской сборной. 🔹 Отправить свой вариант на почту konkurs@transport.mos.ru. В теме письма напишите: «Конкурс РФС».  13 октября мы определим 5 самых креативных авторов, каждый получит по 2 билета на товарищеский матч Россия — Боливия, который пройдет на стадионе «Динамо» 14 о
53057;2025-10-11;16;tram_route_change;1;;;https://t.me/DtRoad/53057;Знаете ли вы, что в Москве есть трамвайный маршрут, который может заменить собой целую экскурсию по городу? Это маршрут 39 — настоящая «машина времени» на рельсах!  Из окна трамвая вы увидите многие культурные слои города:  🔹 следы средневековья и шедевры модернизма 🔹 уютную купеческую старину и «Дом-фабрику новых людей» на ул. Орджоникидзе 🔹 самую изящную из сталинских высоток и древний монастырь 🔹 роскошную панораму Москвы-реки и один из красивейших вокзалов  Никита Здоровенин и Катя Полякова — основатели проекта «города & люди» — расскажут невероятные истории и малоизвестные факты о достопр
53082;2025-10-12;16;tram_route_change;1;;;https://t.me/DtRoad/53082;🍂 Собрали для вас 6 самых «осенних» трамвайных маршрутов.  Потрясающие виды, неспешный ритм движения и удобное расположение остановок. Выбирайте маршрут, с которого вы начнете знакомство с осенней Москвой.  👍 Дептранс Москвы
53088;2025-10-12;17;mass_event;0;;;https://t.me/DtRoad/53088;Летом 1957 года в Москве прошел VI Всемирный фестиваль молодежи и студентов. Как он повлиял на развитие отечественного транспортного дизайна? Рассказываем в карточках 👆   Больше интересного вы найдете на выставке Музея транспорта Москвы «Ты выглядишь на все 100!».  Экспозиция работает в павильоне Музея транспорта Москвы на ВДНХ с 11:00 до 21:00 каждый день, кроме понедельника.  👍 Дептранс Москвы
53093;2025-10-12;18;mass_event;0;;;https://t.me/DtRoad/53093;Приз за самые милые фотографии однозначно забирает Детский велофестиваль! Вы только посмотрите, какая прелесть 👆  Больше снимков с семейного праздника на Цветном бульваре ищите по ссылке.  Как напомнил Максим Ликсутов, в заезде приняли участие свыше 10,7 тыс. ребят, а всего к празднику присоединились более 22 тыс. человек.  👍 Дептранс Москвы
53140;2025-10-14;11;mass_event;0;;2025-10-18;https://t.me/DtRoad/53140;🤗 Давайте заботиться о природе вместе.  18 октября на Южном речном вокзале пройдет 3-й Экофестиваль! Гостей ждет увлекательная программа:  🔹 Познавательные лекции, квизы и розыгрыши подарков.  🔹 Интерактивы от «Движения Первых» и экоцентра «Сборка».  🔹 Виртуальный тренажер от ГУ МЧС России по г. Москве и компании Sownh. 🔹 Творческие и рукодельные мастер-классы.  🔹 Обмен растениями и пункты сдачи пластиковых бутылок.  🔹 Дегустация натуральных и полезных напитков.  🔹 Анимационная программа от героя Московского транспорта — Электробусика.   Расписание смотрите в карточках 👆  На мастер-классы по с
53171;2025-10-14;19;mass_event;0;;2025-10-28;https://t.me/DtRoad/53171;⚽️ У нас новая выставка для любителей футбола!   Максим Ликсутов сообщил, что Московский метрополитен вместе с Профессиональным футбольным клубом ЦСКА открыли выставку к 20-летию победы в Кубке УЕФА. Экспозицию можно посмотреть на станции «Воробьевы горы».  На выставке пассажиры смогут увидеть:   🔹 Награды футбольного клуба: Кубок и Суперкубок России, Кубок УЕФА и другие. 🔹 Футболки игроков разных сезонов. 🔹 Макет домашнего стадиона «ВЭБ АРЕНА» из кубиков. 🔹 Фотографии с матчей.   Посетить выставку можно до 28 октября включительно.   Кстати, ранее мы уже выпускали тематические карты «Тройка» к
53259;2025-10-17;11;tram_route_change;1;;;https://t.me/DtRoad/53259;"Продолжаем внедрение беспилотных технологий в трамвайную сеть   Перед тем, как автоматический транспорт выйдет на линию с пассажирами, проводятся многочисленные и серьёзные испытания.   🚊 Сейчас два беспилотных испытательных трамвая-лаборатории начали поездки с водителем, который отвечает за управление, по маршрутам №30, 27, 23, 15, 31 Краснопресненской трамвайной сети. В пути они собирают данные для ""отрисовки"" высокоточной карты. Её создание — один из самых важных этапов испытания беспилотных технологий. На ней точно описаны все детали движения трамвая по конкретному направлению.    На трамв"
53271;2025-10-17;14;tram_route_change;1;;;https://t.me/DtRoad/53271;🚀 Более 1,2 млн авто проезжают ежедневно по МКАД. Это в 33 раза больше, чем могла пропустить первая версия кольцевой дороги в 1962 году.    Мы нашли архивные фотографии МКАД и сравнили их с современными панорамами 👆  Как выглядела дорога в 1962 году:  🔹 длина 109 км 🔹 по 2 полосы движения в каждую сторону 🔹 разделительный газон между потоками 🔹 46 наземных переходов (тогда по МКАД можно было ходить) 🔹 33 двухуровневые клеверные развязки 🔹 пропускная способность — 36 тыс. автомобилей в сутки  МКАД несколько раз перестраивали и расширяли, потому что со временем на нем начали появляться заторы. П
53281;2025-10-17;15;mass_event;0;;;https://t.me/DtRoad/53281;В эфире программы «Москва едет» на канале «Москва 24» Юлия Темникова и ее собеседники обсуждают, как развивается наш город. Гостем эфира стал музыкант и продюсер Баста — он рассказал о своем творчестве, планах на будущее и любви к столичному метрополитену.  Собрали самое интересное из разговора:  🔹 Музыкант любит давать концерты на станциях московского метро. Баста отмечает, что такие выступления всегда наполнены особой атмосферой.  🔹 У каждой станции Московского метрополитена есть своя особая акустика, которая способна дополнить и украсить голос или игру музыкального инструмента.  🔹 Судьбе «м
53294;2025-10-18;10;tram_route_change|new_line;1;;;https://t.me/DtRoad/53294;Еще больше беспилотного транспорта: начали собирать данные в городе для запуска новых автоматических трамваев.  Для отрисовки высокоточной карты трамваи-лаборатории с водителем за пультом выезжают в город на маршруты №30, 27, 23, 15, 31 Краснопресненской трамвайной сети.  Высокоточная карта состоит из 2 частей:  🔹 Лидарная. Помогает определить положение трамвая в пространстве. 🔹 Векторная. Хранит в себе основную информацию о маршруте движения. Например, разрешенную скорость, места остановок, светофоров и стрелочных переводов.  Напомним, что первый в России полностью беспилотный трамвай с пасса
53356;2025-10-19;15;tram_works;1;;;https://t.me/DtRoad/53356;Особо интересен! Таким будет этот пост для работодателей, специалистов в сферах маркетинга и HR 🤩  По итогам лекции в Центре перспективных разработок Московского транспорта подготовили для вас уникальный маршрут. Его составила Елена Бужинская, заместитель руководителя по развитию бренда работодателя НИИ «МосТрансПроект».  В карточках раскрываем секреты построения сильного HR-бренда и отвечаем на вопрос: «Почему сотрудники выбирают Институт как место для роста и реализации своих профессиональных амбиций?»  Кстати, НИИ «МосТрансПроект» участвует в рейтинге лучших работодателей по версии HeadHunt
53383;2025-10-20;9;tram_route_change;1;;;https://t.me/DtRoad/53383;"Формирование лучшей в мире и самой удобной для москвичей транспортной системы — одна из ключевых наших задач   👍 В столице развиваются все виды городского транспорта, и они максимально интегрированы друг с другом. Общий объём расходов на развитие транспортной системы Москвы в 2026 году составит около 1,3 трлн рублей.   🔴Планируем за три года ввести в эксплуатацию 26,9 км линий, 13 станций и 1 электродепо метрополитена. На карте появится новая Рублёво-Архангельская линия, введём первый участок Бирюлёвской ветки и станцию ""Гольяново""  Арбатско-Покровской. Также продолжим строительство южного уча"
53408;2025-10-20;17;mass_event;0;;;https://t.me/DtRoad/53408;👩🏼‍🎓 Отличные новости для студентов, выпускников и специалистов транспортной отрасли!  Максим Ликсутов сообщил, что Российский университет транспорта и МАДИ подписали соглашение о долгосрочном сотрудничестве.  Студентам РУТ это дает:  🔹 Практику и стажировки: погружение в реальные проекты МАДИ и получение ценного опыта во время учебы. 🔹 Трудоустройство: возможность начать карьеру в одной из ключевых организаций города, которая отвечает за безопасность на дорогах. 🔹 Привлекательные программы: развитие образовательных планов с учетом самых актуальных запросов в транспортной сфере.  Специалисты о
53409;2025-10-20;18;mass_event;0;;2025-10-18;https://t.me/DtRoad/53409;Провели время с пользой на Южном речном вокзале 😉  В субботу, 18 октября, здесь прошел Экофестиваль, гостями которого стали 2 тыс. человек.  Вместе с нами вы:  🔹 Посещали познавательные лекции.  🔹 Участвовали в творческих мастер-классах.  🔹 Обменивались комнатными растениями и сдавали в пункт приема пластик и алюминий.  🔹 Делали фотографии с героем проекта «Московский транспорт. Детям» — Электробусиком.  🔹 Посетили музей рециклинга и сделали сувениры из переработанного пластика своими руками.  🔹 Добывали на Луне полезные ресурсы и оказывали помощь в лесу на VR-тренажере.   Как провели этот ден
53422;2025-10-21;9;weather_alert;0;;;https://t.me/DtRoad/53422;Электробусы к зиме готовы!  Максим Ликсутов сообщил, что перед наступлением холодов все электробусы и автобусы Мосгортранса прошли подготовку к работе в зимнее время. Они обслуживают более 700 маршрутов по всей Москве.   Как мы готовим наземный транспорт к холодам:  🔹 Тестируем системы отопления и климат-контроля. Очищаем и меняем фильтры, а также устраняем мелкие дефекты.  🔹 Проверяем все резиновые уплотнители на дверях, окнах и люках. Это повышает эффективность работы климатической системы и комфорт пассажиров в салоне.  🔹 Проводим инструктаж для водителей по работе в меняющихся погодных усл
53426;2025-10-21;9;tram_works;1;;;https://t.me/DtRoad/53426;Новые станции метро и подвижной состав,  беспилотные и автономные трамваи — так выглядит ближайшее будущее столичного транспорта.  Мэр Москвы Сергей Собянин внес в Мосгордуму проект бюджета на 2026 год. Основной акцент сделают на повышении удобства жизни в столице. В том числе  благодаря всестороннему развитию транспортной системы в городе.  Ключевая задача — обновление подвижного состава. Главное:  🔹 В 2026 году в метро придут более 350 самых современных вагонов «Москва-2026», а в предстоящие 3 года столичный метрополитен получит более 1 тыс. новых вагонов. Это одна из самых больших в мире за
53432;2025-10-21;10;closure|weather_alert;0;;;https://t.me/DtRoad/53432;1️⃣ Как Дорожный патруль ЦОДД помогает водителям?  Ежедневно 36 экипажей курсируют по дорогам столицы. С начала года чаще всего они помогали:  1️⃣ При неисправности автомобиля. Более 14 тыс. раз патрульные меняли колеса и подкачивали шины, помогали с запуском двигателя, устраняли мелкие поломки и буксировали машины в безопасное место, чтобы освободить полосы движения.  2️⃣ Во время ДТП в городе и на МКАД. Более 11 тыс. раз сотрудники ограждали зону происшествия, выставляли специальные сигналы и помогали оформить Европротокол. На места инцидентов патруль направляет Ситцентр ЦОДД.   3️⃣ С органи
53481;2025-10-22;14;new_line;1;;;https://t.me/DtRoad/53481;💡 Кто помог преобразить площадь Трех вокзалов? Специалисты НИИ «МосТрансПроект», которые разработали транспортную схему для этой территории.   Что изменилось:   🔹 Сделали новые наземные пешеходные переходы через Комсомольскую площадь. 🔹 Посадка и высадка пассажиров такси теперь происходит только в специальных местах, как в аэропорту. 🔹 Для автобусов, трамваев и такси сделали выделенную полосу.  Подробнее — в карточках 👆  «Продолжаем развивать комфортный городской транспорт по поручению Мэра Москвы Сергея Собянина. В сентябре открыли новую трамвайную линию на проспекте Академика Сахарова и запу
53491;2025-10-22;15;mass_event;0;;;https://t.me/DtRoad/53491;Более 15 тыс. раз велопатруль ЦОДД помог городу!  За 4 месяца сотрудники проехали на велосипедах около 11 тыс. км — почти как из Москвы до Владивостока. А по пути они:  🔹 Подали более 12 500 заявок о неисправных знаках и светофорах.  🔹 Направили более 1 700 заявок о ненадлежащем состоянии парковок для велосипедов и самокатов, а также стел пешеходной навигации.  🔹 Около 700 раз пришли на помощь горожанам: подсказывали нужный адрес, подкачивали колеса и ремонтировали велосипеды, оформляли Европротоколы, а еще дежурили на городских фестивалях и мероприятиях.  «По задаче Мэра Москвы Сергея Собянин
53492;2025-10-22;16;tram_route_change;1;;2025-10-08;https://t.me/DtRoad/53492;❗️ Возбудили еще одно уголовное дело за нападение на контролера.  8 октября контролер Организатора перевозок проверял факт оплаты проезда в трамвае маршрута 🌟. В ответ на просьбу предоставить документы пассажир Новиков Александр Сергеевич повел себя агрессивно и ударил инспектора по лицу.   В отношении него возбудили уголовное дело по ч. 1 ст. 318 «Применение насилия в отношении представителя власти». Максимальное наказание — лишение свободы до 5 лет.  Нападение на контролера — это преступление! За него нарушитель всегда отвечает по закону. Мы сообщаем о каждом подобном случае в правоохранител
53532;2025-10-23;17;mass_event;0;;;https://t.me/DtRoad/53532;Посвятили этот выходной бережному отношению к природе 👆  Провели время весело и с пользой на Южном речном вокзале. Здесь прошел Экофестиваль.   Максим Ликсутов рассказал, что праздник посетили порядка 2 тыс. человек.  👍 Дептранс Москвы
53533;2025-10-23;18;tram_works|tram_route_change;1;;;https://t.me/DtRoad/53533;Легендарное трамвайное депо с 116-летней историей ждет вашей поддержки!  Проект депо им. П. Л. Апакова участвует в международном конкурсе «Золотой Трезини» в категории «Лучший реализованный проект реконструкции». Отдать свой голос вы можете здесь.  В этом году старейшее действующее предприятие пассажирского электротранспорта Москвы вновь открыло свои двери после масштабной реконструкции. Оно обслуживает новейшие трамваи, которые курсируют на самых популярных маршрутах столицы.    «По поручению Мэра Москвы Сергея Собянина мы расширяем трамвайную сеть и обновляем столичные депо. Например, при ра
53546;2025-10-24;10;tram_route_change;1;;;https://t.me/DtRoad/53546;🚃🚃🚃 Беспилотных трамваев в Москве станет больше. Уже создаем новые карты для будущих направлений.  Максим Ликсутов рассказал, что на 5 маршрутах столицы курсируют 2 беспилотных трамвая-лаборатории. Они в тестовом режиме помогают создать высокоточную карту для инновационного транспорта.  За время испытаний такие трамваи:  🔹 Прошли более 500 км. 🔹 Собрали около 2 Тб данных для дальнейшей обработки нейросетью. 🔹 Детально зафиксировали свыше 1 тыс. объектов на высокоточной карте. Это, например, светофоры, пешеходные переходы и трамвайные остановки.  Пассажиров трамваи-лаборатории не перевозят. На 
53607;2025-10-25;17;mass_event;1;;;https://t.me/DtRoad/53607;👍 Цифра дня — 1,2 миллиона! Столько человек посетили наши фестивали с начала года.  В 2025 году мы организовали 16 крупных мероприятий:  🔹 Весенний, Летний и Осенний парады исторических трамваев. 🔹 Мотофестивали в честь открытия и закрытия сезона. 🔹 5 велопраздников: Весенний, 2 Ночных, Осенний и Детский. 🔹 Костюмированный сап-фестиваль в парке искусств «Музеон». 🔹 Театральный фестиваль и фестиваль «Парк света» на Северном речном вокзале. 🔹 На Садовом кольце впервые провели фестиваль «Олимпийская Москва», забег «Садовое кольцо», который попал в Книгу рекордов России, и Московский транспортный 
53671;2025-10-28;10;tram_works|tram_route_change;1;;;https://t.me/DtRoad/53671;Серп и Молот: как городской вокзал становится новой точкой притяжения.  Сегодня на границе районов Лефортово и Таганский мы большой командой Правительства Москвы и «РЖД» строим городской вокзал Серп и Молот. Он соединит 2 линии МЦД, метро, трамваи и наземный транспорт. Создаем не только надежный транспортный узел, но и комфортное пространство вокруг: от вашего дома до входа в поезд.   Предстоит большая работа, но уже сделано многое. Например, в прошлом году коллеги из Комплекса городского хозяйства и Департамента капитального ремонта построили новый участок трамвайной линии на улице Сергия Рад
53773;2025-10-30;14;tram_works;1;;;https://t.me/DtRoad/53773;1️⃣2️⃣3️⃣4️⃣5️⃣ В Москве впервые появилась система видеоаналитики ЦОДД на светофорах. Благодаря ей трамваи проезжают перекрестки на 20% быстрее.  Система распознает трамвай на дороге и предоставляет ему приоритет для проезда. Как это работает:  1️⃣ Трамвай успевает на зеленый. Если фаза зеленого заканчивается, автоматика продлевает длительность сигнала. 2️⃣ Если трамвай подъехал к светофору на красный, сокращаются фазы зеленого для других направлений.  3️⃣ Если трамваев несколько, система обеспечит сбалансированный проезд для всех направлений.  Сейчас светофоры с видеоаналитикой работают на ма
53810;2025-10-31;15;mass_event;0;;2025-11-04;https://t.me/DtRoad/53810;🇷🇺 Отмечаем День народного единства вместе!  4 ноября на Северном и Южном речных вокзалах вас ждет большая праздничная программа:  🔹 Лекция «Код культуры» и мастер-класс по актерскому мастерству. 🔹 Аквагрим, настольные игры и анимационное шоу от любимых транспортных героев. 🔹 Научно-познавательные и документальные фильмы о нашей стране. 🔹 Концерт и флешмоб.  На лекцию «Код культуры» на Южном речном вокзале нужна предварительная регистрация.  «Московский транспорт по традиции участвует в важных для города и страны праздниках. Ко Дню народного единства мы подготовили праздничную программу на Сев
53845;2025-11-01;16;mass_event;0;;;https://t.me/DtRoad/53845;🌋 От вулканов Камчатки до космодрома «Восточный». На Арбатско-Покровскую линию метро уже в 8-й раз вышел тематический поезд — «Дальневосточный экспресс».  Вагоны поезда — это путешествие, которое знакомит с уникальной природой, экономическим потенциалом и культурным многообразием дальневосточных регионов.  Внутри состава пассажиры смогут:  🔹 Увидеть вулканы Камчатки и космодром «Восточный». 🔹 Открыть для себя уникальные природу и культуру 11 регионов Дальневосточного федерального округа. 🔹 Узнать о возможностях для работы, учебы и бизнеса. 🔹 Познакомиться с классическими рецептами дальневосточ
53857;2025-11-01;19;mass_event;0;;;https://t.me/DtRoad/53857;🥳 63 года исполняется Главархиву Москвы!  Это уникальное место, в котором хранят исторические документы и фотографии нашего города.  Благодаря Главархиву мы можем перенестись в прошлое и увидеть, каким был транспорт десятилетия назад 👆  Кстати, у москвичей и гостей города есть возможность увидеть технику прошлых лет вживую. Для этого мы каждый год проводим парады ретротранспорта. Обязательно следите за новостями и приходите!  👍 Дептранс Москвы
53924;2025-11-04;10;tram_works|tram_route_change|mass_event;1;;2025-11-03|2025-11-04|2025-11-05;https://t.me/DtRoad/53924;Мы украсили Московский транспорт ко Дню народного единства! ❤️  Максим Ликсутов сообщил, что 5,5 тыс. автобусов, электробусов и трамваев вышли на маршруты с флагами России и гербом Москвы. Водители работают на маршрутах в парадной форме.  А еще с 3 по 5 ноября по вечерам на электросудах регулярных речных маршрутов включена контурная подсветка в цветах российского флага.  «Поздравляем с Днем народного единства! Мы украшаем городской транспорт, чтобы поддержать торжественную атмосферу столице в честь государственных праздников. По поручению Мэра Москвы Сергея Собянина продолжаем принимать активн
53927;2025-11-04;12;mass_event;0;;;https://t.me/DtRoad/53927;Все часовые пояса России сошлись в парке «Зарядье» 🤩  В дневной программе «Матрешки Москвы» появился новый сюжет — «Время России». Каждый день с 09:00 до 19:00 зрители могут увидеть циферблаты с 3D-анимацией. Они отображают текущее время в разных городах нашей страны, среди которых:  🔹 Владивосток 🔹 Иркутск 🔹 Красноярск 🔹 Екатеринбург 🔹 Калининград  Еще в дневном сюжете представили русские народные предметы интерьера:  🔹 часы «Кукушка»   🔹 шкатулка с балериной   🔹 игрушка «Кузнецы»  Cегодня вас ждет масштабное мультимедийно-концертное представление, где мы представим программу о культурном раз
53946;2025-11-04;22;mass_event;0;;;https://t.me/DtRoad/53946;Уникальное мультимедийно-концертное представление ко Дню народного единства прошло на «Матрешке Москвы»! Это было невероятное шоу в сердце столицы 🥰
53985;2025-11-05;15;closure;0;;2025-11-13;https://t.me/DtRoad/53985;Впереди важные изменения на Ленинградском вокзале — начинаем ремонт распределительной площадки и платформ.   ❗️С 13 ноября изменится схема прохода к поездам и выхода в город для прибывающих пассажиров. Вход в метро на месте распределительной площадки будет временно закрыт.   На период работ для выхода на платформы дальнего следования установим два павильона — со стороны проезда Комсомольской Площади и со стороны Ярославского вокзала и вестибюля станции метро «Комсомольская».  Все поезда продолжат прибывать и отправляться по расписанию, но маршрут к поездам дальнего следования и «Сапсанам» изме
54004;2025-11-06;14;mass_event;0;;2025-11-04;https://t.me/DtRoad/54004;✨ Вместе отметили День народного единства на Северном и Южном речных вокзалах.  Максим Ликсутов рассказал, что 4 ноября праздничные мероприятия на речных вокзалах столицы посетили более 7 тыс. человек.   Вместе с нами вы:  🔹 Поучаствовали в мастер-классах и лекциях, поиграли в настольные игры. 🔹 Посмотрели научно-познавательные и документальные фильмы о нашей стране. 🔹 Сделали аквагрим и памятные фото с любимыми детскими героями Московского транспорта. 🔹 Присоединились к флешмобу, а также послушали концертную программу.  «Северный и Южный речные вокзалы — одни из любимых мест для проведения до
54030;2025-11-06;17;weather_alert;0;;;https://t.me/DtRoad/54030;Мороз не страшен! Вместе с ЦППК подготовили к зиме поезда МЦД, а с коллегами из РЖД — московские городские вокзалы.   Все составы готовы к зимнему сезону, чтобы ваша поездка была комфортной, теплой и безопасной. Давайте заглянем в депо и посмотрим, какую работу проделали специалисты ЦППК 👆   Чтобы даже в холода поездка по МЦД была комфортной, на московских городских вокзалах вместе с коллегами из РЖД:  🔹 Проверили и подготовили системы отопления, вентиляции, водоснабжения и другое инженерное оборудование. 🔹 Помыли фасады и навели порядок — станции встречают пассажиров чистыми и ухоженными. 🔹 У
54091;2025-11-09;13;mass_event;0;;;https://t.me/DtRoad/54091;Северное сияние, урожай свежей клубники и цветущие подсолнухи в центре Москвы в ноябре? Все это впервые в истории увидели гости уникального шоу на инновационной «Матрешке Москвы» в парке «Зарядье»!  Максим Ликсутов сообщил, что в День народного единства посетители парка «Зарядье» посмотрели масштабное мультимедийно-концертное представление, которое столичные 3D-дизайнеры создали специально для «Матрешки Москвы». Основными мотивами программы стали объединение народов и многообразие культур России.  Вместе с нами вы:  🔹 Совершили виртуальное путешествие по всей России за 30 минут.  🔹 Увидели нов
54129;2025-11-10;16;mass_event;0;;2025-11-13|2025-11-14|2025-11-15|2025-11-16;https://t.me/DtRoad/54129;😍 Какой видят территорию вокруг Казанского, Ленинградского и Ярославского вокзалов архитекторы?  В этом году Музей транспорта Москвы стал стратегическим партнером фестиваля «Открытый город» и провел воркшоп, на котором участники предложили проекты по изменению территории вокруг площади Трех вокзалов.  Увидеть работы можно с 13 по 16 ноября на выставке в Музее архитектуры им. А. В. Щусева. Вход бесплатный по регистрации.  Также в рамках выставки пройдут:  🔹 Защита студенческих проектов и кураторские экскурсии по выставке. 🔹 Выступления от кураторов фестиваля и основателей архитектурных бюро. 🔹 
54179;2025-11-12;14;mass_event;0;;;https://t.me/DtRoad/54179;Максим Ликсутов выступил с лекцией перед студентами РЭУ им. Плеханова.  Будущие экономисты, финансисты и управленцы узнали о роли транспорта и промышленности в развитии мегаполиса, важности диалога с пассажирами и возможностях присоединиться к нашей большой команде.  Собрали главное из выступления:  🔹 Транспортная система столицы — одна из крупнейших в мире. Здесь работают более 200 тыс. сотрудников. Из них 65 тыс. трудоустроены в Московском метрополитене. 🔹 Московский метрополитен — уникальный транспортный объект с самыми короткими интервалами движения поездов в мире. Они составляют 90 сек. в
54187;2025-11-12;16;tram_works|tram_route_change|new_line;1;;;https://t.me/DtRoad/54187;"Сегодня исторический день для развития рельсового транспорта столицы. Мы открыли новый вид городского транспорта Москвы — трамвайный диаметр Т1  Длина маршрута Т1 — 27 км, он соединит метро ""Университет"" на юго-западе с Метрогородком на востоке.  🚊  Московские трамвайные диаметры фактически станут линиями наземного метро. Они пройдут через центр и тем самым свяжут между собой отдалённые районы столицы. До многих мест в городе на трамвае будет добираться быстрее, чем на метро.   Первым этапом создания МТД стало открытие новой трамвайной линии на проспекте Академика Сахарова и улице Маши Порывае"
54196;2025-11-12;16;mass_event;0;;2025-11-14|2025-11-15|2025-11-16;https://t.me/DtRoad/54196;🤩 Вы когда-нибудь представляли транспорт будущего? Участники детского направления фестиваля «Открытый город» — да!  С 14 по 16 ноября в Центральном доме архитектора пройдет выставка «Все летит, бежит и едет». В экспозиции представят макеты-размышления о транспорте будущего: каким он может стать и как изменит города.  Стратегический партнер фестиваля, Музей транспорта Москвы, подготовил бесплатные мероприятия для детей:  🔹 Мастер-класс «Поп-ап открытка по мотивам «Экобукваря». Сделаем объемную открытку на тему экологии в технике бумагопластики. 🔹 Мастер-класс «Зебры в движении» по книге «Почему
54218;2025-11-13;7;weather_alert;0;;;https://t.me/DtRoad/54218;Доброе утро!  Сегодня утром в городе пасмурная погода, ожидается туман. Просим водителей быть внимательными за рулем, соблюдать дистанцию и скоростной режим.  К вечеру возможны затруднения движения в центре города, на ТТК и МКАД, поэтому планируйте маршрут заранее.  Обращаем внимание, что по прогнозу синоптиков в выходные в Москве ожидаются дождь, снег и гололедица. Рекомендуем сменить сезонные шины.  Хорошего дня 💚
54234;2025-11-13;13;tram_route_change|new_line;1;;;https://t.me/DtRoad/54234;🚊 Московские трамвайные диаметры (МТД) — новый символ современной Москвы. Это настоящий прорыв в развитии городского транспорта, работающего по принципу «наземного метро».  Что такое МТД Т1:  🔹 Самый длинный городской диаметральный трамвайный маршрут в мире — 27 км. 🔹 Соединяет Метрогородок и метро «Университет». Охватывает 13 районов востока, юга и юго-запада столицы. Проходит через самый центр Москвы. 🔹 Короткие интервалы. Трамваи ходят каждые 6 мин.  🔹 Новые маршруты для более чем 1 млн жителей.  «Мэр Москвы Сергей Собянин запустил первый Московский трамвайный диаметр — Т1. МТД станет назем
54269;2025-11-14;12;mass_event;0;;2025-11-14|2025-11-15|2025-11-16;https://t.me/DtRoad/54269;🏍 Хотите узнать больше о мотокультуре?  Ждем вас сегодня в КВЦ «Патриот» на выставке «Поехали 2025». В рамках мероприятия состоится крупнейшее мотособытие этого года — Мотозима 2025.   Московский транспорт представит стенд. Вместе с нами вы сможете:  🔹 Поучаствовать в розыгрыше главного приза — мотоцикла! 🔹 Записаться на курсы мотоподготовки для получения категории «А».  🔹 Узнать о безопасности на дорогах от профессиональных инструкторов мотошколы Мосгортранса. 🔹 Прокачать навыки на мастер-классах с участниками группы быстрого реагирования ГКУ «Пожарно-спасательный центр» и сотрудниками дорожн
54287;2025-11-14;18;tram_route_change|new_line;1;;;https://t.me/DtRoad/54287;🚊 Первый Московский трамвайный диаметр Т1 стремительно набирает популярность.  Максим Ликсутов сообщил, что трамваи совершили на маршруте Т1 более 500 рейсов и проехали свыше 13 тыс. км.  Т1 — это новый трамвайный маршрут от Метрогородка до метро «Университет», который обеспечивает быструю и комфортную связь между востоком и юго-западом Москвы через центр города. Он работает по стандартам наземного метро. Подробнее о маршруте рассказали здесь.  «Совсем недавно Мэр Москвы Сергей Собянин открыл самый длинный городской диаметральный трамвайный маршрут в мире. Первая линия МТД уже доказала свое уд
54291;2025-11-15;10;tram_works|tram_route_change|new_line;1;;;https://t.me/DtRoad/54291;🚃🚃🚃 Первый в России полностью беспилотный трамвай регулярно курсирует с пассажирами по маршруту № 10 в районе Строгино. Он отрабатывает стандартные для трамваев 8-часовые смены.  Максим Ликсутов рассказал, что инновационный транспорт уже проехал более 18 тыс. км с учетом испытаний и перевез около 40 тыс. пассажиров. За время поездок он ни разу не нарушил ПДД.  Трамвай самостоятельно:   🔹 останавливается, открывает и закрывает двери 🔹 четко следует сигналам светофоров и пропускает пешеходов 🔹 переключает стрелки и точно придерживается графика  В салоне или кабине находится сотрудник трамвайного
54309;2025-11-15;16;mass_event;0;;;https://t.me/DtRoad/54309;🚇 Поздравляем Петербургский метрополитен с 70-летием!   Сейчас метро Северной столицы — это:  🔹 73 станции 🔹 130 км линий  Петербургский метрополитен активно развивается: там строят новые станции, обновляют подвижной состав и создают единый диспетчерский центр.   🚇 Мы поздравили коллег по-особенному: Академический хор Московского метрополитена вместе с хором Петербургского метрополитена дали праздничный концерт на станции «Автово».   «Главный транспорт Санкт-Петербурга отмечает юбилей. Это один из красивейших и крупнейших метрополитенов Европы. Мы сотрудничаем с коллегами уже много лет. Обмени
54310;2025-11-15;18;tram_route_change|new_line;1;;;https://t.me/DtRoad/54310;Урок по москвоведению в одной поездке!  Сегодня Дептранс Москвы запустил Московские трамвайные диаметры 🤩  А Милена Даниелян, учитель географии школы № 1329, рассказала, что интересного можно найти на самом длинном наземном городском диаметральном трамвайном маршруте в мире — Т1.   ✅ Больше интересных мест в столице ищите здесь.   ❤️ Московское образование теперь и в МАХ | #ШколыМосквы
54311;2025-11-16;10;weather_alert;0;;;https://t.me/DtRoad/54311;🚗 Столичный каршеринг готов к холодам и осадкам!   Максим Ликсутов напомнил, что в сервисе доступны для аренды около 40 тыс. автомобилей. Операторы уже заменили на всех машинах летнюю резину на зимнюю.  Нам важно, чтобы ваши поездки всегда оставались безопасными:  🔹 Зимняя резина обеспечит хорошее сцепление с дорогой в холодную погоду. 🔹 Функция «удаленный прогрев» позволит прогреть двигатель и салон перед стартом.  «Просим столичных водителей быть особенно внимательными на дорогах в гололед. Держите безопасную дистанцию, избегайте резких маневров и торможений. Если вы еще не успели заменить р
54337;2025-11-17;7;closure;0;;;https://t.me/DtRoad/54337;Доброе утро!  По прогнозам синоптиков, сегодня в течение дня ожидается дождь со снегом. Выезжайте только на зимней резине.  Также сегодня в центре возможны локальные ограничения движения. Рекомендуем использовать городской транспорт для поездок. Планируйте маршрут заранее.  Просим водителей избегать резких маневров, соблюдать дистанцию и скоростной режим, особенно на подъемах и спусках с мостов и эстакад.  Хорошего дня 💚
54353;2025-11-17;19;tram_works;1;;;https://t.me/DtRoad/54353;«А сможете спроектировать трамвайную линию? Но не для города, а для фильма» — с таким запросом к нам обратились представители кинопарка «Москино» во время подготовки к съемкам сериала «Лиля» о Владимире Маяковском и Лиле Брик.   Так появился первый в России проект кинодекораций с реальной трамвайной инфраструктурой.   Специалисты «МосТрансПроекта» спроектировали для съемок полноценную трамвайную систему: почти 700 метров путей с контактной сетью, по которым курсировали ретротрамваи с деревянными кузовами.  Чтобы передать атмосферу эпохи, мы уложили рельсы частыми стыками через каждые 13 метров
54354;2025-11-18;7;closure;0;;;https://t.me/DtRoad/54354;Доброе утро!  Сегодня в Москве дождь 🌧  Для поездок по городу рекомендуем использовать метро.  В течение дня в центре ожидаются локальные ограничения движения. Маршрут лучше планировать заранее.  Будьте внимательны за рулем. Не забывайте пристегиваться, соблюдайте дистанцию и скоростной режим.  Пусть ваша поездка будет безопасной и комфортной 💚
54373;2025-11-18;18;tram_route_change;1;;2025-11-20;https://t.me/DtRoad/54373;👍 В Гостином дворе стартовали XIX Международный форум и выставка «Транспорт России»!   C 18 по 20 ноября представим здесь лучшие решения от Правительства Москвы. Площадка объединяет представителей органов власти и руководителей ведущих российских предприятий. Посетители выставки узнают:  🔹 О внедрении инновационного транспорта. Гости посмотрят, как первый в России полностью беспилотный трамвай «видит» препятствия на маршруте: людей, остановки, светофоры. С мая 2024 года он проехал более 18 тыс. км по городу, ни разу не нарушив ПДД.  🔹 Про оплату по биометрии и турникеты нового поколения, котор
54381;2025-11-19;7;closure|weather_alert;0;;;https://t.me/DtRoad/54381;Доброе утро!  По прогнозу синоптиков, сегодня в городе возможно образование гололедицы. Выезжайте только на зимней резине.  Также в центре возможны локальные ограничения движения. Для поездок по городу рекомендуем использовать метро. Так вы сэкономите время в пути.  Будьте особенно аккуратны на подъемах и спусках с мостов и эстакад. Заранее снижайте скорость вблизи пешеходных переходов.  Одевайтесь теплее🧣
54402;2025-11-19;19;tram_works|tram_route_change;1;;;https://t.me/DtRoad/54402;🚊 Первый Московский трамвайный диаметр Т1 вошел в топ-3 самых популярных трамвайных маршрутов столицы!  Максим Ликсутов рассказал, что за неделю работы Т1 пассажиры совершили уже более 360 тыс. поездок. Первые в России автономные трамваи «Львенок-Москва» выполнили более 2 тыс. рейсов и преодолели свыше 62 тыс. км.   Что нужно знать про новый маршрут Т1:  🔹 Соединяет Метрогородок и станцию метро «Университет». 🔹 Является самым длинным в мире городским диаметральным трамвайным маршрутом.  🔹 Обеспечивает быструю и комфортную связь между востоком и юго‑западом через центр города.  🔹 Работает по ст
54407;2025-11-20;8;new_line;1;;;https://t.me/DtRoad/54407;Поздравляю с Днём работника транспорта!   Московский транспорт — один из самых динамично развивающихся в мире.    👍 За последние годы мы почти вдвое расширили рельсовый каркас, кардинально обновили подвижной состав метро и наземного транспорта, создали эффективную систему организации дорожного движения. А ещё запустили уникальные речные маршруты электротранспорта и открыли первый Московский трамвайный диаметр.    Сегодня 70% всех поездок в столице совершается на городском транспорте — один из лучших показателей в мире среди мегаполисов.   Это достижение сплочённой команды, в которой больше 200
54525;2025-11-23;17;tram_route_change;1;;;https://t.me/DtRoad/54525;🚊 Откройте Москву с нового ракурса — из окна трамвая.   По самому длинному городскому диаметральному трамвайному маршруту в мире Т1 можно не только доехать от Метрогородка до «Университета», но и устроить себе экскурсию.   2ГИС собрал интересные объекты, которые вы встретите по пути. Многие из них связаны с трамвайной историей:  🔹 Сокольническая электрическая подстанция. 🔹 Пожарная каланча в Сокольниках. 🔹 Вентшахта 1-й очереди метро. 🔹 Трамвайное депо имени Русакова.  Садитесь в трамвай, открывайте гид 2ГИС и позвольте городу рассказать свою историю!  👍 Дептранс Москвы
54574;2025-11-25;7;weather_alert;0;;;https://t.me/DtRoad/54574;Доброе утро!  Сегодня в Москве ожидается пасмурная погода без осадков, местами возможна гололедица ❄️  Вечером возможны локальные затруднения в центре, на ТТК и МКАД, поэтому маршрут лучше строить заранее.   Соблюдайте скоростной режим и держитесь на безопасном расстоянии от впереди идущих автомобилей, чтобы ваша поездка была безопасной для всех участников движения.  Берегите себя 💚
54577;2025-11-25;10;tram_route_change;1;;;https://t.me/DtRoad/54577;Маршрут следования трамвая как на ладони!  Максим Ликсутов рассказал, что на всех 37 трамвайных маршрутах обновили более 380 указателей и привели их к единому виду.   Новые элементы стали:  🔹 с едиными правилами оформления 🔹 с перечислением основных улиц  🔹 с выделением ключевой информации 🔹 с привычными пиктограммами   В карточках рассказываем о дополнительных преимуществах и наглядно показываем, что изменилось 👆  «Мы уже многое сделали, чтобы навигация на инфраструктуре трамваев стала понятной и удобной. По поручению Мэра Москвы Сергея Собянина в 2024 году создали единую схему со всеми маршр
54588;2025-11-25;14;mass_event;0;;;https://t.me/DtRoad/54588;🏆 Новые победы! Сразу несколько наших проектов стали лауреатами премии Best for Life Design.  Best for Life Design — это престижная отраслевая награда, которая отмечает лучшие проектные решения в сферах строительства, ремонта и дизайна.   Какие инициативы Московского транспорта оценило жюри:  1️⃣ Выставка «Та самая Москва», которая в этом году впервые объединила три темы — транспорт градостроительство и промышленность. Напомним, она прошла в рамках форума «Территория будущего. Москва 2030». Эта экспозиция победила в номинации «Spaces & Places» в категории «Выставочные пространства».  2️⃣ Между
54594;2025-11-25;18;tram_route_change|new_line;1;;;https://t.me/DtRoad/54594;Привет! На связи кот Федя! 🐾  Департамент транспорта Москвы запустил новый проект – Московские трамвайные диаметры (МТД). Это новый трамвайный маршрут Т1 от Метрогородка до метро «Университет», который обеспечивает быструю и комфортную связь между востоком и юго-западом Москвы через центр города 🚊  Теперь каждый мой день начинается с поездки в уютном трамвае «Львенок-Москва». Я уже успел на нем покататься ранее и поделиться первыми впечатлениями — помните? 😺  Теперь их целых 50 и они могут ездить без подключения к сети часть маршрута! Это ли не настоящее волшебство? 💫  Что же я вижу из окошка 
54604;2025-11-26;7;weather_alert;0;;;https://t.me/DtRoad/54604;Доброе утро!  По прогнозу синоптиков, в течение дня будет идти мокрый снег, на дорогах возможно образование гололедицы ❄️  В связи с погодными условиями вечером ожидаются локальные затруднения движения в центре города, на ТТК и МКАД. Планируйте маршрут заранее, чтобы сэкономить время.   Будьте внимательны за рулем. Особенно на мостах, эстакадах и в тоннелях. Сегодня рекомендуем использовать для поездок городской транспорт.  Пусть ваша поездка будет безопасной 💚
54620;2025-11-26;14;tram_works|tram_route_change;1;;;https://t.me/DtRoad/54620;В чем разница между беспилотным и автономным трамваями? Давайте разбираться 👆  Максим Ликсутов напомнил, что в столице реализуют сразу 2 инновационных проекта для повышения эффективности транспортной системы.  С момента запуска беспилотный и автономные трамваи:   🔹 перевезли более 1,6 млн пассажиров 🔹 совершили около 25 тыс. рейсов 🔹 проехали свыше 384 тыс. км  «Оба проекта реализуем по поручению Мэра Москвы Сергея Собянина. Первый в России полностью беспилотный трамвай осенью 2025 года начал курсировать с пассажирами по маршруту 10 в районе Строгино. Вагон питается от контактной сети. Главная
54631;2025-11-26;17;mass_event;0;;;https://t.me/DtRoad/54631;Сегодня в столичных колледжах по транспортным направлениям обучаются почти 15 тыс. студентов.   Мэр Москвы Сергей Собянин отметил, что студенты погружаются в профессию с первого курса. Многие из них начинают работать еще во время учебы, и почти все выпускники трудоустраиваются в ведущие компании города.  Подробнее читайте в посте Мэра Москвы Сергея Собянина.
54633;2025-11-26;18;mass_event;0;;;https://t.me/DtRoad/54633;Московский метрополитен — победитель международной премии Eventiada Awards 2025! Информационная кампания к 90-летию Московского метрополитена стала лучшим проектом по построению бренда.  В этом году столичному метро исполнилось 90 лет. Мы хотели разделить с пассажирами позитивные моменты и организовать большой праздник. А еще поблагодарить тех, кто в разное время работал в Московском метрополитене и делал так, чтобы поездки пассажиров всегда оставались комфортными и безопасными.  Чтобы каждый почувствовал атмосферу праздника, мы организовали насыщенную программу:  🔹 Воссоздали историческое отк
54637;2025-11-26;20;new_line;1;;2025-01-01|2025-01-02;https://t.me/DtRoad/54637;С 2 января 2026 года изменятся тарифы на проезд в городском транспорте.   В 2025 году Московский транспорт продолжил активно развиваться:  🔹 Завершили 1-й участок строительства Троицкой линии. 🔹 Москва прочно удерживает лидерство среди мегаполисов мира по темпам обновления поездов метро. Доля новых составов в Московском метрополитене достигла 80%. Планы по обновлению подвижного состава выполнены в полном объеме. 🔹 Полностью обновили подвижной состав на МЦД.  🔹 Запустили движение по 1-му Московскому трамвайному диаметру с первыми в России автономными трамваями. 🔹 На маршрут 10 вышел первый в ст
54683;2025-11-27;16;mass_event;0;;;https://t.me/DtRoad/54683;🛍 Как работают курьеры столицы: марафонские дистанции, теплая форма и цифровой ID.  Максим Ликсутов рассказал, что 80% москвичей пользуются услугами доставки продуктов и товаров на дом. В сервисе ежедневно работают около 25 тыс. курьеров, которые доставляют более 650 тыс. заказов в сутки.  Делимся интересными фактами о работе курьеров:   🔹 За 1 рабочую смену курьер проезжает на велосипеде 30–50 км — дистанция марафона. 🔹 Зимняя форма сотрудников выдерживает температуру до -35 °С. Такую же экипировку используют для велопутешествий и походов. 🔹 Каждый курьер на электровелосипеде снижает количест
54783;2025-11-30;15;mass_event;0;;2025-12-14;https://t.me/DtRoad/54783;Вместе с АО «МОСГАЗ» подготовили для наших пассажиров выставку детских рисунков о буднях сотрудников газовой службы.   В этом году газовое хозяйство Москвы отметило 160-летие. Увидеть, как ребята представляют себе профессию газовщика, можно будет на верхнем ярусе транспортного хаба «Деловой центр». Здесь разместили 39 работ. Посетить выставку можно будет до 14 декабря включительно.   На выставке представлены работы участников фестиваля «МОСГАЗ зажигает звезды» и конкурса «Рисуем с детьми Вечный огонь» – благотворительных проектов, которые много лет поддерживают юные таланты из всех 89 регионов
54835;2025-12-02;7;closure;0;;;https://t.me/DtRoad/54835;Доброе утро!  Сегодня в Москве пасмурно, ожидается небольшой снег ❄️  В течение дня в центре возможны локальные ограничения движения. Для поездок по городу рекомендуем использовать метро. Так вы сэкономите время в пути.  Будьте внимательны и аккуратны за рулем, избегайте резких маневров и соблюдайте дистанцию. Заранее снижайте скорость вблизи пешеходных переходов.  Хорошего дня 💚
54865;2025-12-03;7;closure;0;;;https://t.me/DtRoad/54865;Доброе утро!  Сегодня в городе облачная погода, местами ожидается туман.  В течение дня в центре возможны локальные ограничения движения. Рекомендуем для поездок по городу выбирать метро.  Просим водителей избегать резких маневров, не отвлекаться на телефон, соблюдать дистанцию и скоростной режим.   Берегите себя 💚
54967;2025-12-05;11;mass_event;0;;;https://t.me/DtRoad/54967;🎄 Новый год уже в пути: мы украсили цифровые указатели в метро!  Ощущение приближающихся праздников пассажирам подарят милые персонажи фестиваля «Зима в Москве» — кот и собака в зимних образах. Разместили их на цифровых указателях так, чтобы они не мешали читать основную информацию.  🔹 Встретить тематическое зимнее оформление можно уже сейчас на указателях станции метро «Марьина Роща» БКЛ и терминала №1 московского городского вокзала Нижегородская.  🔹 Впервые электронные украшения появятся на элементах навигации цифровых станций «Вавиловская», «Академическая», «Крымская» и «ЗИЛ» Троицкой линии
54974;2025-12-05;13;weather_alert;0;;;https://t.me/DtRoad/54974;🏎 Отметили места на МКАД, где фуры встают на уклонах при гололедице. Сотрудники Дорожного патруля ЦОДД 24/7 следят за участками, чтобы быстро помочь и освободить дорогу.  Почему во время непогоды большегрузы с трудом преодолевают эти участки:  🔹 теряют сцепление с дорогой 🔹 буксуют 🔹 блокируют движение, что создает локальные заторы и повышает риск ДТП  Экипажи Дорожного патруля, в том числе 8 грузовиков на базе КАМАЗ, всегда готовы прийти на помощь.   Однако мы рекомендуем водителям большегрузов строить маршруты с учетом прогноза погоды и времени суток и по возможности объезжать сложные участк
55009;2025-12-06;12;mass_event;0;;;https://t.me/DtRoad/55009;Лучшие работы XIX Международного фестиваля дикой природы «Золотая черепаха» представили в метро.  Их разместили в переходе между станциями «Динамо» Замоскворецкой линии и «Петровский парк» БКЛ. Выставка организована при поддержке Правительства Москвы и Департамента природопользования и охраны окружающей среды. Пассажиры смогут увидеть 23 уникальных кадра, на которых фотографы запечатлели:  🔹 многообразие и красоту дикой природы 🔹 редких животных 🔹 красочные пейзажи и завораживающие виды из разных уголков Земли  «Мы разместили 10-ю экспозицию в переходе между станциями «Динамо» Замоскворецкой л
55050;2025-12-07;13;new_line;1;;;https://t.me/DtRoad/55050;2️⃣ ЦОДД перенастроил режим светофоров по 30 адресам для комфортных поездок без задержек по Московскому трамвайному диаметру Т1.  Для этого специалисты ЦОДД применили «умные» технологии:  🔹 Адаптивный режим. Теперь трамваи проезжают перекресток Открытого шоссе и бульвара Рокоссовского на 35% быстрее, чем в прошлом году. 🔹 Дублирование трамвайной фазы*. Благодаря этому сократилось время проезда перекрестка улицы Вавилова и Ломоносовского проспекта для трамваев более чем в 2 раза.  🔹 Сокращение времени цикла светофора*. Например, на перекрестке проспекта Академика Сахарова и Садовой-Спасской ули
55086;2025-12-08;11;mass_event;0;;;https://t.me/DtRoad/55086;🍂 Вспоминаем, как прошла осень на речных вокзалах.  Максим Ликсутов рассказал, что за 3 месяца Северный и Южный речные вокзалы посетили более 450 тыс. человек. За это время здесь провели 217 мероприятий.  Вместе с вами мы:  🔹 Посмотрели фильмы под открытым небом. 🔹 Отметили День города, 129-летие Российского университета транспорта и День народного единства. 🔹 Позаботились о природе на Экофестивале. 🔹 Закрыли сезон речной пассажирской навигации.  «Северный и Южный речные вокзалы — одни из любимых мест для проведения досуга у жителей и гостей столицы. Активно развиваем их инфраструктуру по пору
55095;2025-12-08;12;tram_works;1;;;https://t.me/DtRoad/55095;Сколько стоит 1 минута задержки трамвая?  Юристы Московского метрополитена взыскивают сумму ущерба с виновников остановки трамвайного движения. В среднем — 8 тыс. руб. за 1 минуту задержки.   В 2025 году сумма взысканий составила более 10 млн руб., а 100% судебных решений вынесены в пользу Московского метрополитена.  Современные трамваи эффективны, когда ходят быстро и без задержек. Чаще всего они выбиваются из графика, если:  🔹 случилось ДТП на трамвайных путях 🔹 оборвалась контактная сеть по вине стороннего транспорта 🔹 на путях застрял автомобиль 🔹 неправильно припаркованная машина стоит в 
55099;2025-12-08;16;mass_event;0;;;https://t.me/DtRoad/55099;НИИ «МосТрансПроект» запустил курс проектирования «Школа ОДД 2.0».  В этом году программа для будущих проектировщиков, аналитиков и градостроителей стартовала сразу в 2 вузах — Национальном исследовательском Московском государственном строительном университете (НИУ МГСУ) и Российском университете транспорта (РУТ МИИТ).  «Школа ОДД 2.0» — проект, который помогает будущим специалистам получить практические навыки в сфере организации дорожного движения и начать карьеру в крупных компаниях. Участниками нового потока стали 43 человека.   Их ждут:   🔹 Работа с реальными проектами по проектированию д
55102;2025-12-08;17;new_line;1;;2025-12-15;https://t.me/DtRoad/55102;🌟 Продолжаем добрую традицию: уже в 7-й раз украсили центр города елками в стилистике Московского транспорта.  Мы разместили их в особенных местах, где кипит городская жизнь:  🔹 На Цветном бульваре рядом с цирком. 🔹 Около здания главного управления МВД по Москве на Петровке, 38. 🔹 На площади Киевского вокзала. 🔹 На Малой Сухаревской площади около памятника Олегу Табакову.  А возле театра «Современник» на Чистопрудном бульваре мы устанавливаем елку уже во 2-й раз! Ее торжественно открыли Максим Ликсутов и художественный руководитель театра «Современник» и Театра Олега Табакова, председатель Сою
55116;2025-12-09;7;weather_alert;0;;;https://t.me/DtRoad/55116;Доброе утро!  Сегодня в столице пасмурная погода, местами возможна гололедица ☁️  В вечерний разъезд ожидаются локальные затруднения движения в центре города, на ТТК и МКАД, поэтому планируйте маршрут заранее.   Будьте аккуратны и внимательны за рулем. Не отвлекайтесь на телефон, соблюдайте скоростной режим и дистанцию.  Берегите себя 💚
55122;2025-12-09;11;mass_event;0;;;https://t.me/DtRoad/55122;Новую тематическую «Тройку» посвятили 35-летию МЧС России.  На карте изобразили композицию «На страже вашей безопасности» — спасателей, помогающих людям в экстремальных ситуациях.  «Московский транспорт уже много лет реализует совместные проекты с МЧС России. Мы рассказываем пассажирам о работе спасателей, проводим выставки, концерты и другие мероприятия. Тематическая карта «Тройка» — еще один способ выразить благодарность сотрудникам МЧС за их службу и мужество», — подчеркнул Максим Ликсутов.  Купить новую карту можно:  🔹 на стойках «Живое общение» 🔹 во флагманских магазинах метро на станциях
55123;2025-12-09;12;closure;0;;;https://t.me/DtRoad/55123;1️⃣2️⃣3️⃣4️⃣5️⃣6️⃣7️⃣ Узнайте больше о надежных помощниках водителей в пути — дорожных табло ЦОДД!   Сейчас в Москве работают 347 интеллектуальных дорожных табло по всему городу. А также 160 табло экстренной информации на МКАД.  Для чего они нужны:   🔹 предупреждают об аварии или помехе на дороге 🔹 сообщают о перекрытиях и погодных условиях 🔹 показывают время в пути до точки назначения  🔹 напоминают о правилах безопасного движения  Как информация попадает на табло, расположенные на МКАД:  1️⃣ Данные поступают с более чем 880 умных камер на МКАД. Они непрерывно анализируют ситуацию на дороге и 
55133;2025-12-09;18;new_line;1;;;https://t.me/DtRoad/55133;📌 Маршрут Т1: подборка достопримечательностей от RUSSPASS   В столице открылся первый трамвайный диаметр, сообщил канал Дептранс Москвы. Он протянулся на 27 км от станции метро «Университет» до района Метрогородок. Сейчас им пользуются более 70 000 пассажиров в будний день. RUSSPASS собрал знаковые места на его пути.  🟣Свято-Данилов монастырь — один из старейших в Москве 🟣Донской монастырь — славится архитектурными шедеврами  🟣Дарвиновский музей — интерактивные экспозиции по теории эволюции 🟣Большой Московский цирк — огромная арена и пять сменных манежей 🟣Зарядье — популярный парк с красивым в
55143;2025-12-10;7;weather_alert;0;;;https://t.me/DtRoad/55143;Доброе утро!  По прогнозу синоптиков, сегодня в течение дня в Москве местами ожидается снег, возможна гололедица ❄️  В вечерний разъезд ожидаем локальные затруднения движения в центре, на ТТК, МКАД и на вылетных магистралях по направлению в область. Для поездок по городу рекомендуем выбирать метро. Так вы сэкономите время.  Будьте особенно аккуратны на подъемах и спусках с мостов и эстакад. Заранее снижайте скорость вблизи пешеходных переходов.   Безопасной дороги 💚
55173;2025-12-11;7;closure;0;;;https://t.me/DtRoad/55173;Доброе утро!   Сегодня синоптики обещают дождь 🌧  В течение дня в центре ожидаются локальные ограничения движения. Рекомендуем для поездок по городу выбирать метро. Так вы сэкономите время.  Просим водителей быть внимательными за рулем, не отвлекаться на телефон, а также соблюдать скоростной режим и дистанцию.   Берегите себя 💚
55212;2025-12-12;7;closure;0;;;https://t.me/DtRoad/55212;Доброе утро!  Сегодня в Москве прогнозируют снег с дождем и сильный ветер 🌨  В течение дня в центре ожидаются локальные ограничения движения. Для поездок по городу лучше использовать метро.   В связи с коротким рабочим днем вечерний разъезд начнется раньше — около 16:00. Рекомендуем выезжать до него или отложить поездку на более позднее время.  Будьте аккуратны и внимательны за рулем. Не отвлекайтесь на телефон, снижайте скорость вблизи пешеходных переходов, соблюдайте дистанцию и скоростной режим.   Удачной дороги 💚
55234;2025-12-12;18;tram_works|new_line;1;;;https://t.me/DtRoad/55234;"Больше 1,8 млн поездок совершили пассажиры на новом Московском трамвайном диаметре Т1 за первый месяц работы   🚊 Т1 проходит от Метрогородка до метро ""Университет"". Его протяжённость — 27 км, это самый длинный городской трамвайный диаметр в мире.   Он охватывает 13 районов города, 24 станции метро, МЦК и МЦД, а также четыре железнодорожных вокзала. На линии работают около 50 современных трамваев ""Львёнок-Москва"" с системой автономного хода. Интервал движения — всего 6 минут.   🚌🚌🚌 Т1 сократил время поездок в центре на 20% и стал новым комфортным способом передвижения для более чем миллиона жит"
55242;2025-12-13;11;mass_event;0;;2025-01-11;https://t.me/DtRoad/55242;🎄 Планируйте зимние выходные с приложением «Московский транспорт»! Там мы отметили 35 праздничных площадок фестиваля «Путешествие в Рождество».  Он пройдет до 11 января и подарит вам новогоднее настроение. Что ждет гостей фестиваля:   🔹 Мастер-классы: от создания елочных игрушек до кулинарных уроков по приготовлению оливье и кексов.  🔹 Спортивная программа: тренировки по керлингу, хоккейные матчи и катание на коньках.  🔹 Добрые дела: пункты сбора подарков от проекта «Москва помогает» и акция «Добрая елка».  🔹 Ярмарки с винтажными сувенирами и угощениями. 🔹 Театральные представления.  Как найти
55258;2025-12-14;12;tram_route_change;1;;;https://t.me/DtRoad/55258;🚊  Т1 стал первым в столице трамвайным маршрутом, который соединяет сразу 4 знаменитые сталинские высотки.  Первый Московский трамвайный диаметр проходит мимо знаковых объектов культурного наследия:  🔹 Гостиницы «Ленинградская» на Площади трех вокзалов. 🔹 Административно-жилого здания возле «Красных Ворот» — 3 мин. пешком от остановки «Проспект Академика Сахарова». 🔹 Жилого дома на Котельнической набережной — легендарного здания у остановки «Яузские Ворота». 🔹 Главного здания МГУ на Воробьевых горах, расположенного недалеко от станции метро «Университет».  Поездка на Т1 — это настоящее путешес
55294;2025-12-15;17;mass_event;0;;;https://t.me/DtRoad/55294;🥇 «Олимпийский экспресс» вышел на Арбатско-Покровскую линию!   Новый тематический поезд мы подготовили вместе с Олимпийским комитетом России. Его оформление посвятили олимпийским видам спорта. Внутри вы найдете фотографии известных советских и российских спортсменов и статистику по выигранным медалям.  Также вас ждут интересные факты о спортивных дисциплинах, в том числе недавно вошедших в программу Олимпийских игр. Что вы сможете узнать:  🔹 Какая средняя скорость лыжника на горнолыжном спуске? 🔹 Какой вес теряют спортсмены за 1 состязание по керлингу? 🔹 Зачем перед хоккейным матчем заморажива
55325;2025-12-16;16;mass_event;0;;;https://t.me/DtRoad/55325;1⃣2⃣3⃣4⃣5⃣6⃣7⃣ Движение в САО стало лучше!   По проектам дорожных кураторов ЦОДД реализовали 34 изменения. Например, в округе:  🔹 Обустроили 13 новых пешеходных переходов. По просьбе жителей один из них появился на Большой Академической улице у д. 15, к 1. Теперь путь к школе, парку и остановкам стал безопаснее. 🔹 Изменили скоростной режим на 4 участках. Например, на Селигерской улице — с 60 км/ч до 40 км/ч. Здесь оживленное движение пешеходов: рядом находятся парк, детский сад и медицинский центр. 🔹 Установили новые светофоры по 4 адресам. Один из них — на Фестивальной улице, 24А. Он помогает
55332;2025-12-16;21;tram_route_change;1;5;;https://t.me/DtRoad/55332;"Уходящий 2025 год по праву можно назвать годом московского трамвая — мы реализовали три проекта, которые определят будущее этого вида городского транспорта на десятилетия вперёд   В столице на маршрут вышел первый в России полностью беспилотный трамвай. Также были открыты участки трамвайных линий без контактной сети, которые обслуживают трамваи с автономным ходом. И, наконец, запущен первый Московский трамвайный диаметр.  🚊 Сегодня открываем вторую линию без контактной сети с вагонами на автономном ходу. Спустя 30 лет между Белорусским вокзалом и станцией метро ""Рижская"" по Трифоновской улице "
55341;2025-12-17;7;closure;0;;;https://t.me/DtRoad/55341;Доброе утро!  Синоптики прогнозируют сегодня пасмурную погоду ☁️  В течение дня в центре ожидаются локальные ограничения движения, поэтому для поездок по городу лучше выбирать метро. На автомобиле планируйте поездку на более позднее время — после 20:00.  Будьте аккуратны и внимательны на дороге. Не отвлекайтесь на телефон, соблюдайте скоростной режим и дистанцию.   Планируйте маршрут заранее 🛣
55350;2025-12-17;11;tram_works;1;;;https://t.me/DtRoad/55350;🚃🚃🚃 В Москве готовят к запуску на линию в тестовом режиме 4-й беспилотный трамвай.  Как рассказал Максим Ликсутов, в рамках Стратегии развития транспорта, которую утвердил Мэр Москвы Сергей Собянин, 2/3 трамвайного парка столицы будут оснащены беспилотными технологиями до конца 2030 года. А к 2035 году инновационные решения внедрим на около 90% трамваев Москвы. Это позволит обеспечить ещё большую надёжность и точность выполнения графика движения.  Уже в этом году технология заработает на трехсекционном трамвае «Витязь-Москва». Он начнет испытательные поездки для подготовки к последующему запус
55361;2025-12-17;15;tram_route_change;1;5;;https://t.me/DtRoad/55361;Праздник уже едет к вам!  Встречайте трамвай «Львенок-Москва» с яркими гирляндами. Он вышел на новый трамвайный маршрут 5 по Трифоновской улице, который запустил Мэр Москвы Сергей Собянин.  А еще на маршруты уже вышли:  🔹 24 тематических поезда метро 🔹 50 электробусов со светящимися гирляндами 🔹 115 автобусов в новогодней оклейке 🔹 62 трамвая с гирляндами на корпусе. Из них два «Львенка» ходят по новому маршруту на Трифоновской улице, и маршруту Т1  🔹 исторический трамвай «Татра» с новогодней инсталляцией на маршруте «А» 🔹 брендированный трамвай «Витязь-Москва» с хвойными гирляндами в салоне 🔹
55381;2025-12-17;17;tram_route_change;1;5;;https://t.me/DtRoad/55381;Грандиозное возвращение! От «Рижской» до «Белорусской» снова можно доехать на трамвае.   Спустя 30 лет в столицу вернулся трамвайный маршрут 5. Он имеет 16 остановок и 8 пересадок на метро и МЦД. Трамваи вновь ходят по Трифоновской улице.   Сегодня:  🔹 Здесь работают современные трамваи «Львенок-Москва» с автономным ходом производства «ПК Транспортные системы».  🔹 Они проезжают более 4 км без подключения к проводам — от улицы Образцова до метро «Рижская» и обратно.  🔹 Участок по Трифоновской улице стал 2-м в Москве и во всей России, где реализовали технологию автономного хода. 🔹 Для 25 тыс. ст
55390;2025-12-17;19;mass_event;0;;;https://t.me/DtRoad/55390;🎶 Артисты VK Records выступили в метро.  На площадке проекта «Музыка в метро» на станции «Мичуринский проспект» прошел концерт Антона Токарева, Вахтанга и Ragda.  Выступление стало музыкальным подарком пассажирам в преддверии Нового года.  Делимся атмосферой концерта 👆  🔵 Дептранс Москвы в Telegram 📲 Дептранс Москвы в MAX 🌐 Дептранс Москвы ВКонтакте
55401;2025-12-18;10;tram_route_change;1;5;2025-12-20;https://t.me/DtRoad/55401;🚌🚌🚌 Развиваем сеть маршрутов наземного транспорта в столице!   Максим Ликсутов рассказал, что с 20 декабря на севере Москвы объединят 2 маршрута и введут 5 новых остановок по всей столице.  Главные изменения:  🔹 Маршруты 🌟 и 🌟 объединим в новый маршрут 🌟. Электробусы проследуют от метро «Рижская» до метро «Сокол» через стадион «Динамо» и жилую застройку.  🔹 Новая остановка появится на маршруте  🌟. Автобусы начнут заезжать в крупный ЖК «Алхимово». Для жителей это сократит время в пути до ближайшей станции МЦД Силикатная. 🔹 Маршрут 🌟 теперь работает от остановки «Улица Бочкова», там же будут ост
55410;2025-12-18;11;mass_event;0;;;https://t.me/DtRoad/55410;🤔 Сегодня узнать об автофестивале легко — достаточно сделать пару кликов. А как это было в 70-е годы?  Узнать о слете ретромашин или про новую лекцию о «Москвиче» можно было только с помощью бумажной афиши. Музей транспорта Москвы завершает реставрацию коллекции таких плакатов.   Делимся интересными фактами:  🔹 Афиши анонсировали автомобильные парады, лекции об истории авто и встречи клуба автомотостарины. 🔹 Тираж каждого плаката составлял всего 500–600 экземпляров. 🔹 Их вешали на доски объявлений по всему городу, чтобы собрать единомышленников.  Эти и другие раритеты можно будет найти в элект
55442;2025-12-18;17;tram_route_change;1;;;https://t.me/DtRoad/55442;👏 У первого в России беспилотного трамвая появилась еще одна награда!  Максим Ликсутов рассказал, что уникальная столичная разработка победила в номинации «Инновация года» в категории «Транспорт и машиностроение» на XII международной премии «Время инноваций».   🏆 Каждый год лауреатами этой премии становятся лучшие проекты и компании, которые разрабатывают и внедряют передовые решения в области технологического развития.  «В начале сентября столичный беспилотный трамвай начал курсировать по маршруту с пассажирами. За это время он выполнил уже более 1,8 тыс. рейсов и доказал свою надежность и бе
55451;2025-12-19;7;closure;0;;;https://t.me/DtRoad/55451;Доброе утро!  По прогнозу синоптиков, сегодня в столице облачно и без осадков ☁️  В течение дня в центре ожидаются локальные ограничения движения, поэтому для поездок по городу лучше выбирать метро. На автомобиле планируйте поездку на более позднее время — после 20:00.  Планируйте маршрут заранее, за рулем не отвлекайтесь на телефон, соблюдайте скоростной режим и дистанцию.   Берегите себя 💚
55469;2025-12-19;14;tram_route_change;1;;2025-12-19;https://t.me/DtRoad/55469;🎭 Встречайте новый тематический трамвай «Современник».  На протяжении всего юбилейного, 70-го сезона театра он будет курсировать по легендарному маршруту «А». Трамвай серии «Витязь-Москва» запустили в день рождения одной из основательниц и художественного руководителя «Современника» — Галины Борисовны Волчек.   Что вас ждет:  🔹 В вагоне увидите портреты выдающихся актеров, фотографии знаковых спектаклей и исторические моменты из жизни «Современника».    🔹 На пути следования услышите голос художественного руководителя театра Владимира Машкова, а также Алены Бабенко, Ивана Стебунова, Татьяны Кор
55489;2025-12-20;9;mass_event;0;;;https://t.me/DtRoad/55489;Колледж Московского транспорта и Московский метрополитен: стратегическое партнерство для успешного будущего транспортной отрасли ⭕️🏫   С 2021 года Московский метрополитен является стратегическим партнером и основным работодателем для наших студентов. Это сотрудничество началось с реализации совместного проекта «Нам с тобой по пути», направленного на раннее погружение в профессию и интеграцию в корпоративную культуру. Успех проекта позволил колледжу первому в Москве вступить в федеральный проект «Профессионалитет» в 2022 году.  На сегодняшний день выстроена четкая система подготовки специалисто
55491;2025-12-20;11;tram_works|tram_route_change;1;5;;https://t.me/DtRoad/55491;Более 4 км без подключения к проводам — именно столько проезжают автономные трамваи по восстановленной линии на Трифоновской улице.   Это самый протяженный участок автономного движения трамваев с пассажирами в России.   Что важно знать:  🔹 В столицу спустя 30 лет вернулся исторический трамвайный маршрут 5.  🔹 Теперь трамваи связывают Белорусский вокзал со станцией метро «Рижская».  🔹 Новый маршрут обеспечивает пересадки на 8 станций метро и МЦД.  🔹 Более 500 тыс. жителей и работников могут совершать быстрые и комфортные поездки на трамваях.   «Новые трамваи «Львенок-Москва», которые курсируют 
55523;2025-12-20;18;tram_route_change;1;;;https://t.me/DtRoad/55523;✨ Столица погружается в новогоднюю сказку: на улицы города вновь вышел уникальный праздничный трамвай «Татра Т3».  Увидеть его можно на маршруте «А»: от станции МЦД Калитники до метро «Чистые пруды». Он ходит здесь каждый день:   🔹 с 7:00 до 9:00 🔹 с 17:00 до 1:00  Трамвай курсирует по маршруту без пассажиров. Его миссия — быть живой новогодней открыткой и радовать горожан!  «Заслуженный символ Москвы — трамвай «Татра Т3» — вышел на маршрут «А» в праздничном оформлении. Этот коллекционный вагон помогает создавать новогоднюю атмосферу в городе. По поручению Мэра Москвы Сергея Собянина мы с особ
55584;2025-12-22;7;weather_alert;0;;;https://t.me/DtRoad/55584;Доброе утро!  По прогнозу синоптиков, в течение дня будет идти мокрый снег, на дорогах возможно образование гололедицы ❄️  Вечером ожидаются локальные затруднения движения в центре города, на ТТК и МКАД. Планируйте маршрут заранее, чтобы сэкономить время.   Будьте внимательны за рулем. Особенно на мостах, эстакадах и в тоннелях. Сегодня рекомендуем использовать для поездок городской транспорт.  Пусть ваша поездка будет безопасной 💚
55607;2025-12-22;15;weather_alert;0;;2025-12-22|2025-12-23|2025-12-24|2025-12-25|2025-12-26|2025-12-27|2025-12-28;https://t.me/DtRoad/55607;🚀 В какие числа декабря не стоит выбирать личный автомобиль для поездок?   По прогнозу аналитиков ЦОДД, самым оживленным периодом станет неделя с 22 по 28 декабря.   Загруженность достигнет пика 24–26 декабря, со среды по пятницу. В это время число машин на улицах вырастет на 60 тыс. по сравнению с ноябрем и превысит 2,9 млн.  Рассказываем, где движение будет особенно затрудненным во второй половине декабря:  🔹 у крупных торговых центров 🔹 у вокзалов и аэропортов 🔹 в центре города  Также на загруженность дорог могут повлиять снегопады. Совет: используйте в эти дни городской транспорт.  «По про
55659;2025-12-23;17;mass_event;0;;;https://t.me/DtRoad/55659;Новый тематический состав в метро посвятили Новгородской области.  В вагонах разместили более 50 исторических фактов о регионе. Например, вы сможете узнать о приготовлении серых щей из крошева, флоре и фауне региона и главных достопримечательностях области.   Целый вагон посвятили подвигам жителей в годы Великой Отечественной войны и присвоении Великому Новгороду звания Города воинской славы.  Кроме этого, поезд знакомит с культурными событиями региона, которые ежегодно собирают гостей со всей страны:  🔹 с музыкальными, театральными и гастрономическими фестивалями 🔹 историческими реконструкция
55667;2025-12-23;18;tram_works|tram_route_change|new_line;1;5;;https://t.me/DtRoad/55667;Грандиозное возвращение! Уже 40 тыс. поездок пассажиры совершили на трамваях 5-го маршрута за первую неделю работы.  Здесь курсируют самые современные автономные трамваи «Львенок-Москва», которые:  🔹 Обеспечивают высокий уровень комфорта и безопасности. 🔹 Ходят без подключения к проводам более 4 км от улицы Образцова до метро «Рижская» и обратно.  🔹 Используют энергию накопительных аккумуляторов.  Маршрут №5 вернулся на Трифоновскую улицу спустя 30 лет и теперь связывает станцию метро «Рижская» с Белорусским вокзалом. Он имеет 16 остановок и протяженность 4,4 км. С трамвая №5 можно совершить 8
55695;2025-12-24;7;closure;0;;;https://t.me/DtRoad/55695;Доброе утро!  Сегодня в Москве морозно и облачно. Одевайтесь теплее.  В течение дня в центре ожидаются локальные ограничения движения, а также перед новогодними праздниками увеличивается число поездок. Наиболее интенсивное движение ожидаем в центре города, на ТТК и в районе крупных торговых центров.  Чтобы сэкономить время, для передвижений по городу рекомендуем использовать метро. От поездок на авто лучше отказаться или отложить на более позднее время – после 20:00.  За рулем не отвлекайтесь на телефон, соблюдайте скоростной режим и дистанцию. Берегите себя.  Хорошего дня 💚
55699;2025-12-24;10;mass_event;0;;;https://t.me/DtRoad/55699;🎄 Подскажем путь к Новогодним елкам!   Вы легко найдете нужный выход из метро к театрам, циркам или концертным залам. Для этого мы разместили стикеры с наряженной елкой на 36 станциях 11 линий метро. Они находятся на стенах и колоннах станций.   «В преддверии Нового года разместили на станциях метро более 200 визуальных материалов, которые помогают найти дорогу к местам проведения праздничных мероприятий. Указатели останутся здесь до конца января. Продолжаем развивать направление событийной навигации. Например, в уходящем году размещали временные указатели, направляющие к площадкам проведения 
55745;2025-12-25;11;mass_event;0;;2025-01-12;https://t.me/DtRoad/55745;В Новый год — с новой «Тройкой» 😍  Совместно с Дептрансом Москвы мы выпустили эксклюзивную зимнюю коллекцию карт «Тройка» с изображением катка и теплицы фестиваля «Сады и огороды».   20 карт с уникальным дизайном, которые будут напоминать о незабываемых моментах в Парках Москвы, ждут своих обладателей.  Что нужно сделать:   1️⃣ Проверить подписку на каналы «Парки Москвы» и «Дептранс Москвы»  2️⃣ Отправить этот пост другу  3️⃣ Нажать кнопку «Хочу Тройку»  20 победителей будут выбраны случайным образом 12 января. Выдача подарков возможна только в Москве.  Пусть ваш Новый год начнётся с особенног
55750;2025-12-25;14;tram_works;1;;;https://t.me/DtRoad/55750;🎉 Сокольническому вагоноремонтно-строительному заводу — 120 лет!   Мэр Москвы Сергей Собянин сообщил, что с 1905 года предприятие СВАРЗ прошло путь от ремонтно-трамвайных мастерских в Сокольниках до лидера страны по производству экологичного городского транспорта. Завод является одним из ключевых филиалов в структуре Мосгортранса.   Сегодня более 550 сотрудников работают здесь на благо столицы. На заводе собирают:  🔹 электробусы российского производства 🔹 остановки нового типа 🔹 зарядные станции для экологичного транспорта  С 2021 года на территории завода работает площадка от ПАО «КАМАЗ» по с
55769;2025-12-25;19;tram_works|new_line;1;;;https://t.me/DtRoad/55769;Максим Ликсутов дал большое интервью каналу «Москва 24». Он рассказал об итогах работы столичного транспорта и промышленности в 2025 году, а также о будущих проектах.  Собрали для вас главное из разговора:  🔹 Все цели и задачи в части транспорта и промышленности, которые поставил на 2025 год Мэр Москвы Сергей Собянин, удалось выполнить в полном объеме. Среди основных достижений — запуск новых станций метро, обновление подвижного состава, открытие депо.  🔹 Москва — лидер в Европе по количеству электробусов. Они перевозят свыше 1 млн пассажиров в день. Столичные электробусы — одни из лучших видо
55776;2025-12-26;7;weather_alert;0;;;https://t.me/DtRoad/55776;Доброе утро!  По прогнозам синоптиков, сегодня в городе ожидаются снег и сильный ветер. Возможно образование гололедицы.  Также в связи с предновогодним ростом числа поездок вечерний разъезд начнется раньше обычного. Движение будет затруднено в центре города, на ТТК и вблизи крупных торговых центров. Поездки на автомобиле лучше отменить или отложить на более позднее время – после 20:00.   Будьте аккуратны и внимательны за рулем. Избегайте резких маневров, снижайте скорость вблизи пешеходных переходов, не отвлекайтесь на телефон.   Для экономии времени рекомендуем воспользоваться метро.  Хороши
55780;2025-12-26;10;tram_route_change|mass_event;1;;2025-01-01|2025-01-07|2025-01-10|2025-01-11|2025-12-31;https://t.me/DtRoad/55780;"Как будут работать транспорт и парковки в Москве в новогодние праздники   В ночь с 31 декабря на 1 января городской транспорт будет работать по особому графику, чтобы москвичи и гости столицы могли спокойно добраться домой, в гости и на праздничные мероприятия.   🎄 В новогоднюю ночь:   🔴 метро и МЦК — круглосуточно; 🔴 МЦД — до 03:00; 🔴 без перерыва будут курсировать 116 востребованных маршрутов автобусов и электробусов; 🔴 круглосуточно продолжат работу 18 трамвайных маршрутов, включая первый Московский трамвайный диаметр Т1; 🔴 в обычном режиме продолжат работу все 18 регулярных ночных маршруто"
55815;2025-12-27;9;mass_event;0;;2025-01-13;https://t.me/DtRoad/55815;В метро открыли новую фотовыставку, которую посвятили будням сотрудников Управления внутренних дел на Московском метрополитене.   На 20 фотографиях вы увидите ежедневный труд тех, кто обеспечивает безопасность пассажиров.  Сотрудники полиции в метро:  🔹 патрулируют станции и поезда 🔹 обучают четвероногих помощников 🔹 раскрывают преступления по горячим следам 🔹 следят за безопасностью при проведении массовых мероприятий, например, концертов, праздничных акций и спортивных соревнований   Выставка находится в переходе между станциями «Проспект Вернадского» БКЛ и Сокольнической линии. Посетить ее 
55826;2025-12-27;12;tram_route_change|new_line;1;;;https://t.me/DtRoad/55826;Вышло большое интервью Максима Ликсутова газете Metro и агентству РИА Новости. Беседу посвятили итогам работы столичного транспорта и промышленности, планам на будущее и возрождению московского трамвая.  Собрали все самое интересное из разговора:  🔹 В 2025 году на всех видах столичного транспорта стало на 3 млн больше пассажиров. Это говорит о том, что жители доверяют Московскому транспорту.  🔹 На МЦД полностью обновили поезда — в общей сложности за последние годы закупили уже почти 400 новых современных поездов. Такой динамики обновления парка не было ни в одном городе мира. На Ярославском на
55873;2025-12-28;14;tram_route_change;1;7;;https://t.me/DtRoad/55873;Классическую музыку из балета «Щелкунчик» можно услышать в трамвае!  Новогодний «Витязь-Москва», который ходит по маршруту 7, стал еще более волшебным:  🔹 Весь салон украсили пышными хвойными гирляндами. 🔹 Снаружи сделали яркое тематическое оформление к Новому году. 🔹 Создали музыкальное сопровождение во время поездки. Между объявлениями остановок звучат произведения Петра Чайковского и Николая Римского-Корсакова.  Выражаем особую благодарность коллективу Государственного академического Большого симфонического оркестра им. П. И. Чайковского под управлением народного артиста СССР Владимира Федо
55939;2025-12-29;17;mass_event;0;;;https://t.me/DtRoad/55939;❄️❄️ Зарядка на льду, мастер-классы и гимнастика у причала. Все это на Северном речном вокзале!  Делимся расписанием спортивных мероприятий для вас на катке:  🔹 Зарядка и эстафеты на льду — с 11:00 до 14:00. 🔹 Мастер-классы по фигурному катанию и танцевальные марафоны — с 17:30 до 20:30. В выходные дни — с 18:00 до 21:00.  Для участия нужна только предварительная регистрация на сеансы.  Также встретимся с вами на бесплатных зимних спортивных тренировках. Они будут проходить у причала №9. Вход свободный:  🔹 По будням — в 10:30 и в 17:30. 🔹 В выходные и праздники занятия будут проходить каждые 2
55974;2025-12-30;12;tram_works|tram_route_change;1;;2025-01-01|2025-12-31;https://t.me/DtRoad/55974;Покажем новогоднее обращение Президента России Владимира Путина в Московском транспорте. Трансляция начнется в то же время, что и в эфире телеканалов.   Под бой курантов вы сможете:  🔹 Посмотреть обращение на более чем 34 тыс. медиаэкранов метро, трамваев, автобусов и электробусов. 🔹 Послушать аудиоверсию во всех вестибюлях метро, на эскалаторах и в переходах.  Также за несколько часов до наступления 2026 года вы сможете увидеть праздничное поздравление Мэра Москвы Сергея Собянина. Полный текст обоих видео разместим на медиаэкранах титрами.  В течение всех новогодних праздников вас ждет темати
55995;2025-12-30;19;tram_works|tram_route_change;1;;2025-01-01|2025-01-07|2025-12-31;https://t.me/DtRoad/55995;Первый Московский трамвайный диаметр Т1 будет работать всю новогоднюю ночь!   Максим Ликсутов рассказал, что в ночь с 31 декабря на 1 января трамваи на 18 самых востребованных маршрутах будут курсировать без перерыва. В Рождественскую ночь с 6 на 7 января их работу продлят до 03:30.  Планируйте свои поездки на трамваях — это удобно, надежно и доступно. Список маршрутов, которые будут работать по особому графику, можно посмотреть здесь.  «По задаче Мэра Москвы Сергея Собянина мы традиционно продлеваем время работы городского транспорта, чтобы жители и гости столицы могли добраться до мест празд
56008;2025-12-31;11;tram_works|new_line;1;;;https://t.me/DtRoad/56008;Всем привет, это Максим Ликсутов!  Прошедший 2025 год стал для нас годом масштабных проектов. Под руководством Мэра Москвы Сергея Собянина мы выполнили всё, что обещали горожанам в сфере развития транспорта и промышленности. В центре нашего постоянного внимания, как всегда, был и остается житель нашего любимого города и всё, что его волнует.  Главные итоги года для нас — не рекордные цифры сами по себе, а новый уровень доверия москвичей. Сегодня 70% поездок в Москве совершают на городском транспорте — это один из лучших показателей в мире.   Всё больше горожан видят комфорт, заботу и надежност
56016;2025-12-31;12;tram_route_change;1;5|7;;https://t.me/DtRoad/56016;🚊 64 украшенных трамвая вышли на 30 маршрутов по всему городу.  Пассажиров ждет настоящая новогодняя сказка:  🔹 60 вагонов «Витязь-Москва» украсили яркими гирляндами. 🔹 Такие же фонарики разместили на корпусах 2 автономных трамваев «Львёнок-Москва», которые ходят по маршрутам 5 и Т1.  🔹 Необычный трамвай «Витязь-Москва» курсирует по маршруту 7. Снаружи — хвойные гирлянды, в салоне — классическая музыка из «Щелкунчика». 🔹 Праздничный исторический трамвай «Татра Т3» с новогодней инсталляцией ходит на маршруте «А» без пассажиров.  «По поручению Мэра Москвы Сергея Собянина мы традиционно готовим т
56038;2025-12-31;17;mass_event;0;;;https://t.me/DtRoad/56038;🎉 Славное прошлое, динамичное настоящее и технологичное будущее: в 2025 году мы масштабно отметили 90 лет московского метро.  Этот год наполнен особым смыслом и гордостью. Вместе с вами мы совершили большое и волнующее путешествие сквозь время, которое напомнило нам главное. Метро — больше чем транспорт. Это живой символ столицы, ее неутомимое сердце.  С теплотой мы вспоминаем самые яркие моменты этого года:   🔹 исторические реконструкции 🔹 уникальные экспозиции 🔹 трогательные концерты под сводами станций 🔹 тематические поезда 🔹 торжественные открытия новых станций  🔹 запуск поездов новейшего 
56039;2025-12-31;18;tram_route_change;1;5;;https://t.me/DtRoad/56039;🎄 Московский транспорт готов встречать Новый год!  Максим Ликсутов рассказал, что более 1 тыс. объектов транспорта и инфраструктуры украсили к главному зимнему празднику.  Например:   🔹 Украсили электробусы и трамваи гирляндами. Впервые их можно увидеть на 2 автономных трамваях «Львёнок-Москва», которые ходят по маршрутам 5 и Т1. 🔹 Оформили 23 поезда метро, а также полюбившийся «Номерной».  🔹 Нарядили более 100 станций метрополитена. Разместили тематические инсталляции рядом с ними.   🔹 Открыли каток на Северном речном вокзале и транспортные елки. 🔹 Украсили салоны 6 инновационных электросудов
